query,case,seed,run_idx,runtime_seconds,Join1-probe,Join1-build,Join1-build_rows,Join1-instantiated,Join1-state,Join1-total_probes,Join1-probes_at_freeze,Join1-freeze_reason,Join1-probes_at_abandon,Join1-abandon_reason,Join1-inserts,Join1-u1,Join2-probe,Join2-build,Join2-build_rows,Join2-instantiated,Join2-state,Join2-total_probes,Join2-probes_at_freeze,Join2-freeze_reason,Join2-probes_at_abandon,Join2-abandon_reason,Join2-inserts,Join2-u1,Join3-probe,Join3-build,Join3-build_rows,Join3-instantiated,Join3-state,Join3-total_probes,Join3-probes_at_freeze,Join3-freeze_reason,Join3-probes_at_abandon,Join3-abandon_reason,Join3-inserts,Join3-u1,Join4-probe,Join4-build,Join4-build_rows,Join4-instantiated,Join4-state,Join4-total_probes,Join4-probes_at_freeze,Join4-freeze_reason,Join4-probes_at_abandon,Join4-abandon_reason,Join4-inserts,Join4-u1,Join5-probe,Join5-build,Join5-build_rows,Join5-instantiated,Join5-state,Join5-total_probes,Join5-probes_at_freeze,Join5-freeze_reason,Join5-probes_at_abandon,Join5-abandon_reason,Join5-inserts,Join5-u1,Join6-probe,Join6-build,Join6-build_rows,Join6-instantiated,Join6-state,Join6-total_probes,Join6-probes_at_freeze,Join6-freeze_reason,Join6-probes_at_abandon,Join6-abandon_reason,Join6-inserts,Join6-u1,Join7-probe,Join7-build,Join7-build_rows,Join7-instantiated,Join7-state,Join7-total_probes,Join7-probes_at_freeze,Join7-freeze_reason,Join7-probes_at_abandon,Join7-abandon_reason,Join7-inserts,Join7-u1,Join8-probe,Join8-build,Join8-build_rows,Join8-instantiated,Join8-state,Join8-total_probes,Join8-probes_at_freeze,Join8-freeze_reason,Join8-probes_at_abandon,Join8-abandon_reason,Join8-inserts,Join8-u1,Join9-probe,Join9-build,Join9-build_rows,Join9-instantiated,Join9-state,Join9-total_probes,Join9-probes_at_freeze,Join9-freeze_reason,Join9-probes_at_abandon,Join9-abandon_reason,Join9-inserts,Join9-u1,Join10-probe,Join10-build,Join10-build_rows,Join10-instantiated,Join10-state,Join10-total_probes,Join10-probes_at_freeze,Join10-freeze_reason,Join10-probes_at_abandon,Join10-abandon_reason,Join10-inserts,Join10-u1,Join11-probe,Join11-build,Join11-build_rows,Join11-instantiated,Join11-state,Join11-total_probes,Join11-probes_at_freeze,Join11-freeze_reason,Join11-probes_at_abandon,Join11-abandon_reason,Join11-inserts,Join11-u1,Join12-probe,Join12-build,Join12-build_rows,Join12-instantiated,Join12-state,Join12-total_probes,Join12-probes_at_freeze,Join12-freeze_reason,Join12-probes_at_abandon,Join12-abandon_reason,Join12-inserts,Join12-u1,Join13-probe,Join13-build,Join13-build_rows,Join13-instantiated,Join13-state,Join13-total_probes,Join13-probes_at_freeze,Join13-freeze_reason,Join13-probes_at_abandon,Join13-abandon_reason,Join13-inserts,Join13-u1,Join14-probe,Join14-build,Join14-build_rows,Join14-instantiated,Join14-state,Join14-total_probes,Join14-probes_at_freeze,Join14-freeze_reason,Join14-probes_at_abandon,Join14-abandon_reason,Join14-inserts,Join14-u1,Join15-probe,Join15-build,Join15-build_rows,Join15-instantiated,Join15-state,Join15-total_probes,Join15-probes_at_freeze,Join15-freeze_reason,Join15-probes_at_abandon,Join15-abandon_reason,Join15-inserts,Join15-u1,Join16-probe,Join16-build,Join16-build_rows,Join16-instantiated,Join16-state,Join16-total_probes,Join16-probes_at_freeze,Join16-freeze_reason,Join16-probes_at_abandon,Join16-abandon_reason,Join16-inserts,Join16-u1
1a,1,0,1,0.19,title,,142,0,never_instantiated,0,,,,,0,0,,info_type,1,0,never_instantiated,0,,,,,0,0,movie_info_idx,,28657,0,never_instantiated,0,,,,,0,0,movie_companies,company_type,1,0,never_instantiated,0,,,,,0,0,,,,,,,,,,,,,,,,,,,,,,,,,,,,,,,,,,,,,,,,,,,,,,,,,,,,,,,,,,,,,,,,,,,,,,,,,,,,,,,,,,,,,,,,,,,,,,,,,,,,,,,,,,,,,,,,,,,,,,,,,,,,,,,,,,,,,,,,,,,,,,,,
1b,1,0,1,0.15,title,,5,0,never_instantiated,0,,,,,0,0,,info_type,1,0,never_instantiated,0,,,,,0,0,movie_info_idx,,140904,0,never_instantiated,0,,,,,0,0,movie_companies,company_type,1,0,never_instantiated,0,,,,,0,0,,,,,,,,,,,,,,,,,,,,,,,,,,,,,,,,,,,,,,,,,,,,,,,,,,,,,,,,,,,,,,,,,,,,,,,,,,,,,,,,,,,,,,,,,,,,,,,,,,,,,,,,,,,,,,,,,,,,,,,,,,,,,,,,,,,,,,,,,,,,,,,,
1c,1,0,1,0.14,title,,23,0,never_instantiated,0,,,,,0,0,,info_type,1,0,never_instantiated,0,,,,,0,0,movie_info_idx,,17811,0,never_instantiated,0,,,,,0,0,movie_companies,company_type,1,0,never_instantiated,0,,,,,0,0,,,,,,,,,,,,,,,,,,,,,,,,,,,,,,,,,,,,,,,,,,,,,,,,,,,,,,,,,,,,,,,,,,,,,,,,,,,,,,,,,,,,,,,,,,,,,,,,,,,,,,,,,,,,,,,,,,,,,,,,,,,,,,,,,,,,,,,,,,,,,,,,
1d,1,0,1,0.15,title,,5,0,never_instantiated,0,,,,,0,0,,info_type,1,0,never_instantiated,0,,,,,0,0,movie_info_idx,,140904,0,never_instantiated,0,,,,,0,0,movie_companies,company_type,1,0,never_instantiated,0,,,,,0,0,,,,,,,,,,,,,,,,,,,,,,,,,,,,,,,,,,,,,,,,,,,,,,,,,,,,,,,,,,,,,,,,,,,,,,,,,,,,,,,,,,,,,,,,,,,,,,,,,,,,,,,,,,,,,,,,,,,,,,,,,,,,,,,,,,,,,,,,,,,,,,,,
2a,1,0,1,0.54,title,,7834,0,never_instantiated,0,,,,,0,0,company_name,,148552,0,never_instantiated,0,,,,,0,0,movie_companies,,41838,0,never_instantiated,0,,,,,0,0,movie_keyword,keyword,1,0,never_instantiated,0,,,,,0,0,,,,,,,,,,,,,,,,,,,,,,,,,,,,,,,,,,,,,,,,,,,,,,,,,,,,,,,,,,,,,,,,,,,,,,,,,,,,,,,,,,,,,,,,,,,,,,,,,,,,,,,,,,,,,,,,,,,,,,,,,,,,,,,,,,,,,,,,,,,,,,,,
2b,1,0,1,0.52,title,,5228,0,never_instantiated,0,,,,,0,0,company_name,,148552,0,never_instantiated,0,,,,,0,0,movie_companies,,41838,0,never_instantiated,0,,,,,0,0,movie_keyword,keyword,1,0,never_instantiated,0,,,,,0,0,,,,,,,,,,,,,,,,,,,,,,,,,,,,,,,,,,,,,,,,,,,,,,,,,,,,,,,,,,,,,,,,,,,,,,,,,,,,,,,,,,,,,,,,,,,,,,,,,,,,,,,,,,,,,,,,,,,,,,,,,,,,,,,,,,,,,,,,,,,,,,,,
2c,1,0,1,0.31,title,,0,0,never_instantiated,0,,,,,0,0,company_name,,148552,0,never_instantiated,0,,,,,0,0,movie_companies,,41838,0,never_instantiated,0,,,,,0,0,movie_keyword,keyword,1,0,never_instantiated,0,,,,,0,0,,,,,,,,,,,,,,,,,,,,,,,,,,,,,,,,,,,,,,,,,,,,,,,,,,,,,,,,,,,,,,,,,,,,,,,,,,,,,,,,,,,,,,,,,,,,,,,,,,,,,,,,,,,,,,,,,,,,,,,,,,,,,,,,,,,,,,,,,,,,,,,,
2d,1,0,1,0.57,title,,68316,0,never_instantiated,0,,,,,0,0,company_name,,148552,0,never_instantiated,0,,,,,0,0,movie_companies,,41838,0,never_instantiated,0,,,,,0,0,movie_keyword,keyword,1,0,never_instantiated,0,,,,,0,0,,,,,,,,,,,,,,,,,,,,,,,,,,,,,,,,,,,,,,,,,,,,,,,,,,,,,,,,,,,,,,,,,,,,,,,,,,,,,,,,,,,,,,,,,,,,,,,,,,,,,,,,,,,,,,,,,,,,,,,,,,,,,,,,,,,,,,,,,,,,,,,,
3a,1,0,1,1.90,,title,1012683,0,never_instantiated,0,,,,,0,0,,keyword,30,0,never_instantiated,0,,,,,0,0,movie_keyword,,153897,0,never_instantiated,0,,,,,0,0,movie_info,,8,0,never_instantiated,0,,,,,0,0,,,,,,,,,,,,,,,,,,,,,,,,,,,,,,,,,,,,,,,,,,,,,,,,,,,,,,,,,,,,,,,,,,,,,,,,,,,,,,,,,,,,,,,,,,,,,,,,,,,,,,,,,,,,,,,,,,,,,,,,,,,,,,,,,,,,,,,,,,,,,,,,
3b,1,0,1,0.87,title,,21,0,never_instantiated,0,,,,,0,0,keyword,,7574,0,never_instantiated,0,,,,,0,0,movie_keyword,movie_info,2287,0,never_instantiated,0,,,,,0,0,,,,,,,,,,,,,,,,,,,,,,,,,,,,,,,,,,,,,,,,,,,,,,,,,,,,,,,,,,,,,,,,,,,,,,,,,,,,,,,,,,,,,,,,,,,,,,,,,,,,,,,,,,,,,,,,,,,,,,,,,,,,,,,,,,,,,,,,,,,,,,,,,,,,,,,,,,,,
3c,1,0,1,2.15,,title,1748483,0,never_instantiated,0,,,,,0,0,,keyword,30,0,never_instantiated,0,,,,,0,0,movie_keyword,,706674,0,never_instantiated,0,,,,,0,0,movie_info,,10,0,never_instantiated,0,,,,,0,0,,,,,,,,,,,,,,,,,,,,,,,,,,,,,,,,,,,,,,,,,,,,,,,,,,,,,,,,,,,,,,,,,,,,,,,,,,,,,,,,,,,,,,,,,,,,,,,,,,,,,,,,,,,,,,,,,,,,,,,,,,,,,,,,,,,,,,,,,,,,,,,,
4a,1,0,1,0.41,title,,5820,0,never_instantiated,0,,,,,0,0,,info_type,1,0,never_instantiated,0,,,,,0,0,,movie_info_idx,517682,0,never_instantiated,0,,,,,0,0,movie_keyword,keyword,30,0,never_instantiated,0,,,,,0,0,,,,,,,,,,,,,,,,,,,,,,,,,,,,,,,,,,,,,,,,,,,,,,,,,,,,,,,,,,,,,,,,,,,,,,,,,,,,,,,,,,,,,,,,,,,,,,,,,,,,,,,,,,,,,,,,,,,,,,,,,,,,,,,,,,,,,,,,,,,,,,,,
4b,1,0,1,0.24,title,,21,0,never_instantiated,0,,,,,0,0,,info_type,1,0,never_instantiated,0,,,,,0,0,,movie_info_idx,8322,0,never_instantiated,0,,,,,0,0,movie_keyword,keyword,30,0,never_instantiated,0,,,,,0,0,,,,,,,,,,,,,,,,,,,,,,,,,,,,,,,,,,,,,,,,,,,,,,,,,,,,,,,,,,,,,,,,,,,,,,,,,,,,,,,,,,,,,,,,,,,,,,,,,,,,,,,,,,,,,,,,,,,,,,,,,,,,,,,,,,,,,,,,,,,,,,,,
4c,1,0,1,0.48,,,,,,,,,,,,,,,,,,,,,,,,,,,,,,,,,,,,,,,,,,,,,,,,,,,,,,,,,,,,,,,,,,,,,,,,,,,,,,,,,,,,,,,,,,,,,,,,,,,,,,,,,,,,,,,,,,,,,,,,,,,,,,,,,,,,,,,,,,,,,,,,,,,,,,,,,,,,,,,,,,,,,,,,,,,,,,,,,,,,,,,,,,,,,,,,
5a,1,0,1,1.76,title,,0,0,never_instantiated,0,,,,,0,0,,company_type,1,0,never_instantiated,0,,,,,0,0,,movie_companies,24025,0,never_instantiated,0,,,,,0,0,,info_type,110,0,never_instantiated,0,,,,,0,0,movie_info,,8,0,never_instantiated,0,,,,,0,0,,,,,,,,,,,,,,,,,,,,,,,,,,,,,,,,,,,,,,,,,,,,,,,,,,,,,,,,,,,,,,,,,,,,,,,,,,,,,,,,,,,,,,,,,,,,,,,,,,,,,,,,,,,,,,,,,,,,,,,,,,,,,,,,,,,,
5b,1,0,1,1.12,title,,0,0,never_instantiated,0,,,,,0,0,,company_type,1,0,never_instantiated,0,,,,,0,0,,movie_companies,1418,0,never_instantiated,0,,,,,0,0,movie_info,info_type,110,0,never_instantiated,0,,,,,0,0,,,,,,,,,,,,,,,,,,,,,,,,,,,,,,,,,,,,,,,,,,,,,,,,,,,,,,,,,,,,,,,,,,,,,,,,,,,,,,,,,,,,,,,,,,,,,,,,,,,,,,,,,,,,,,,,,,,,,,,,,,,,,,,,,,,,,,,,,,,,,,,,
5c,1,0,1,2.11,title,,691,0,never_instantiated,0,,,,,0,0,,company_type,1,0,never_instantiated,0,,,,,0,0,,movie_companies,295628,0,never_instantiated,0,,,,,0,0,,info_type,110,0,never_instantiated,0,,,,,0,0,movie_info,,10,0,never_instantiated,0,,,,,0,0,,,,,,,,,,,,,,,,,,,,,,,,,,,,,,,,,,,,,,,,,,,,,,,,,,,,,,,,,,,,,,,,,,,,,,,,,,,,,,,,,,,,,,,,,,,,,,,,,,,,,,,,,,,,,,,,,,,,,,,,,,,,,,,,,,,,
6a,1,0,1,11.71,title,,6,0,never_instantiated,0,,,,,0,0,name,,1242,0,never_instantiated,0,,,,,0,0,,keyword,1,0,never_instantiated,0,,,,,0,0,cast_info,movie_keyword,4523930,0,never_instantiated,0,,,,,0,0,,,,,,,,,,,,,,,,,,,,,,,,,,,,,,,,,,,,,,,,,,,,,,,,,,,,,,,,,,,,,,,,,,,,,,,,,,,,,,,,,,,,,,,,,,,,,,,,,,,,,,,,,,,,,,,,,,,,,,,,,,,,,,,,,,,,,,,,,,,,,,,,
6b,1,0,1,0.73,,title,438,0,never_instantiated,0,,,,,0,0,,name,2,0,never_instantiated,0,,,,,0,0,,,8,0,never_instantiated,0,,,,,0,0,cast_info,movie_keyword,4523930,0,never_instantiated,0,,,,,0,0,keyword,,8,0,never_instantiated,0,,,,,0,0,,,,,,,,,,,,,,,,,,,,,,,,,,,,,,,,,,,,,,,,,,,,,,,,,,,,,,,,,,,,,,,,,,,,,,,,,,,,,,,,,,,,,,,,,,,,,,,,,,,,,,,,,,,,,,,,,,,,,,,,,,,,,,,,,,,,
6c,1,0,1,11.63,title,,6,0,never_instantiated,0,,,,,0,0,name,,1242,0,never_instantiated,0,,,,,0,0,,keyword,1,0,never_instantiated,0,,,,,0,0,cast_info,movie_keyword,4523930,0,never_instantiated,0,,,,,0,0,,,,,,,,,,,,,,,,,,,,,,,,,,,,,,,,,,,,,,,,,,,,,,,,,,,,,,,,,,,,,,,,,,,,,,,,,,,,,,,,,,,,,,,,,,,,,,,,,,,,,,,,,,,,,,,,,,,,,,,,,,,,,,,,,,,,,,,,,,,,,,,,
6d,1,0,1,0.95,,title,1381132,0,never_instantiated,0,,,,,0,0,,name,2,0,never_instantiated,0,,,,,0,0,,,8,0,never_instantiated,0,,,,,0,0,cast_info,movie_keyword,4523930,0,never_instantiated,0,,,,,0,0,keyword,,8,0,never_instantiated,0,,,,,0,0,,,,,,,,,,,,,,,,,,,,,,,,,,,,,,,,,,,,,,,,,,,,,,,,,,,,,,,,,,,,,,,,,,,,,,,,,,,,,,,,,,,,,,,,,,,,,,,,,,,,,,,,,,,,,,,,,,,,,,,,,,,,,,,,,,,,
6e,1,0,1,11.90,title,,6,0,never_instantiated,0,,,,,0,0,name,,1242,0,never_instantiated,0,,,,,0,0,,keyword,1,0,never_instantiated,0,,,,,0,0,cast_info,movie_keyword,4523930,0,never_instantiated,0,,,,,0,0,,,,,,,,,,,,,,,,,,,,,,,,,,,,,,,,,,,,,,,,,,,,,,,,,,,,,,,,,,,,,,,,,,,,,,,,,,,,,,,,,,,,,,,,,,,,,,,,,,,,,,,,,,,,,,,,,,,,,,,,,,,,,,,,,,,,,,,,,,,,,,,,
6f,1,0,1,12.53,,title,1381132,0,never_instantiated,0,,,,,0,0,,name,4061926,0,never_instantiated,0,,,,,0,0,,,8,0,never_instantiated,0,,,,,0,0,cast_info,movie_keyword,4523930,0,never_instantiated,0,,,,,0,0,keyword,,8,0,never_instantiated,0,,,,,0,0,,,,,,,,,,,,,,,,,,,,,,,,,,,,,,,,,,,,,,,,,,,,,,,,,,,,,,,,,,,,,,,,,,,,,,,,,,,,,,,,,,,,,,,,,,,,,,,,,,,,,,,,,,,,,,,,,,,,,,,,,,,,,,,,,,,,
7a,1,0,1,3.13,title,,151,0,never_instantiated,0,,,,,0,0,info_type,,151,0,never_instantiated,0,,,,,0,0,person_info,,67308,0,never_instantiated,0,,,,,0,0,,link_type,1,0,never_instantiated,0,,,,,0,0,,movie_link,29997,0,never_instantiated,0,,,,,0,0,,name,543290,0,never_instantiated,0,,,,,0,0,cast_info,aka_name,578324,0,never_instantiated,0,,,,,0,0,,,,,,,,,,,,,,,,,,,,,,,,,,,,,,,,,,,,,,,,,,,,,,,,,,,,,,,,,,,,,,,,,,,,,,,,,,,,,,,,,,,,,,,,,,,,,,,,,,,,,,,,,,,,
7b,1,0,1,4.07,title,,46,0,never_instantiated,0,,,,,0,0,info_type,,46,0,never_instantiated,0,,,,,0,0,,person_info,62,0,never_instantiated,0,,,,,0,0,name,,348475,0,never_instantiated,0,,,,,0,0,,link_type,1,0,never_instantiated,0,,,,,0,0,,movie_link,29997,0,never_instantiated,0,,,,,0,0,cast_info,aka_name,578324,0,never_instantiated,0,,,,,0,0,,,,,,,,,,,,,,,,,,,,,,,,,,,,,,,,,,,,,,,,,,,,,,,,,,,,,,,,,,,,,,,,,,,,,,,,,,,,,,,,,,,,,,,,,,,,,,,,,,,,,,,,,,,,
7c,1,0,1,4.04,title,,109842,0,never_instantiated,0,,,,,0,0,,info_type,1,0,never_instantiated,0,,,,,0,0,person_info,,271703,0,never_instantiated,0,,,,,0,0,,link_type,4,0,never_instantiated,0,,,,,0,0,,movie_link,29997,0,never_instantiated,0,,,,,0,0,,name,507620,0,never_instantiated,0,,,,,0,0,cast_info,aka_name,588268,0,never_instantiated,0,,,,,0,0,,,,,,,,,,,,,,,,,,,,,,,,,,,,,,,,,,,,,,,,,,,,,,,,,,,,,,,,,,,,,,,,,,,,,,,,,,,,,,,,,,,,,,,,,,,,,,,,,,,,,,,,,,,,
8a,1,0,1,1.47,title,,62,0,never_instantiated,0,,,,,0,0,role_type,,658,0,never_instantiated,0,,,,,0,0,name,,45554,0,never_instantiated,0,,,,,0,0,company_name,,46029,0,never_instantiated,0,,,,,0,0,movie_companies,,208704,0,never_instantiated,0,,,,,0,0,aka_name,cast_info,93095,0,never_instantiated,0,,,,,0,0,,,,,,,,,,,,,,,,,,,,,,,,,,,,,,,,,,,,,,,,,,,,,,,,,,,,,,,,,,,,,,,,,,,,,,,,,,,,,,,,,,,,,,,,,,,,,,,,,,,,,,,,,,,,,,,,,,,,,,,,
8b,1,0,1,1.37,title,,25,0,never_instantiated,0,,,,,0,0,role_type,,125,0,never_instantiated,0,,,,,0,0,name,,7590,0,never_instantiated,0,,,,,0,0,company_name,,7619,0,never_instantiated,0,,,,,0,0,movie_companies,,208704,0,never_instantiated,0,,,,,0,0,aka_name,cast_info,93095,0,never_instantiated,0,,,,,0,0,,,,,,,,,,,,,,,,,,,,,,,,,,,,,,,,,,,,,,,,,,,,,,,,,,,,,,,,,,,,,,,,,,,,,,,,,,,,,,,,,,,,,,,,,,,,,,,,,,,,,,,,,,,,,,,,,,,,,,,,
8c,1,0,1,18.45,title,,2487611,0,never_instantiated,0,,,,,0,0,,role_type,1,0,never_instantiated,0,,,,,0,0,name,,41307596,0,never_instantiated,0,,,,,0,0,,company_name,84843,0,never_instantiated,0,,,,,0,0,,movie_companies,2609129,0,never_instantiated,0,,,,,0,0,cast_info,aka_name,772581,0,never_instantiated,0,,,,,0,0,,,,,,,,,,,,,,,,,,,,,,,,,,,,,,,,,,,,,,,,,,,,,,,,,,,,,,,,,,,,,,,,,,,,,,,,,,,,,,,,,,,,,,,,,,,,,,,,,,,,,,,,,,,,,,,,,,,,,,,,
8d,1,0,1,17.88,title,,323005,0,never_instantiated,0,,,,,0,0,,role_type,1,0,never_instantiated,0,,,,,0,0,name,,41307596,0,never_instantiated,0,,,,,0,0,,company_name,84843,0,never_instantiated,0,,,,,0,0,,movie_companies,2609129,0,never_instantiated,0,,,,,0,0,cast_info,aka_name,772581,0,never_instantiated,0,,,,,0,0,,,,,,,,,,,,,,,,,,,,,,,,,,,,,,,,,,,,,,,,,,,,,,,,,,,,,,,,,,,,,,,,,,,,,,,,,,,,,,,,,,,,,,,,,,,,,,,,,,,,,,,,,,,,,,,,,,,,,,,,
9a,1,0,1,3.23,title,,341,0,never_instantiated,0,,,,,0,0,,role_type,1,0,never_instantiated,0,,,,,0,0,name,,691534,0,never_instantiated,0,,,,,0,0,,company_name,84843,0,never_instantiated,0,,,,,0,0,,movie_companies,590994,0,never_instantiated,0,,,,,0,0,char_name,,1732265,0,never_instantiated,0,,,,,0,0,cast_info,aka_name,772581,0,never_instantiated,0,,,,,0,0,,,,,,,,,,,,,,,,,,,,,,,,,,,,,,,,,,,,,,,,,,,,,,,,,,,,,,,,,,,,,,,,,,,,,,,,,,,,,,,,,,,,,,,,,,,,,,,,,,,,,,,,,,,,
9b,1,0,1,2.45,title,,94,0,never_instantiated,0,,,,,0,0,role_type,,94,0,never_instantiated,0,,,,,0,0,name,,233057,0,never_instantiated,0,,,,,0,0,company_name,,242391,0,never_instantiated,0,,,,,0,0,movie_companies,,1433780,0,never_instantiated,0,,,,,0,0,char_name,,1433780,0,never_instantiated,0,,,,,0,0,aka_name,cast_info,713821,0,never_instantiated,0,,,,,0,0,,,,,,,,,,,,,,,,,,,,,,,,,,,,,,,,,,,,,,,,,,,,,,,,,,,,,,,,,,,,,,,,,,,,,,,,,,,,,,,,,,,,,,,,,,,,,,,,,,,,,,,,,,,,
9c,1,0,1,3.53,title,,8144,0,never_instantiated,0,,,,,0,0,,role_type,1,0,never_instantiated,0,,,,,0,0,name,,1856933,0,never_instantiated,0,,,,,0,0,,company_name,84843,0,never_instantiated,0,,,,,0,0,,movie_companies,2609129,0,never_instantiated,0,,,,,0,0,char_name,,1732265,0,never_instantiated,0,,,,,0,0,cast_info,aka_name,772581,0,never_instantiated,0,,,,,0,0,,,,,,,,,,,,,,,,,,,,,,,,,,,,,,,,,,,,,,,,,,,,,,,,,,,,,,,,,,,,,,,,,,,,,,,,,,,,,,,,,,,,,,,,,,,,,,,,,,,,,,,,,,,,
9d,1,0,1,3.73,title,,483082,0,never_instantiated,0,,,,,0,0,,role_type,1,0,never_instantiated,0,,,,,0,0,name,,1856933,0,never_instantiated,0,,,,,0,0,,company_name,84843,0,never_instantiated,0,,,,,0,0,,movie_companies,2609129,0,never_instantiated,0,,,,,0,0,char_name,,1732265,0,never_instantiated,0,,,,,0,0,cast_info,aka_name,772581,0,never_instantiated,0,,,,,0,0,,,,,,,,,,,,,,,,,,,,,,,,,,,,,,,,,,,,,,,,,,,,,,,,,,,,,,,,,,,,,,,,,,,,,,,,,,,,,,,,,,,,,,,,,,,,,,,,,,,,,,,,,,,,
10a,1,0,1,1.42,title,,265,0,never_instantiated,0,,,,,0,0,,role_type,1,0,never_instantiated,0,,,,,0,0,,company_type,2,0,never_instantiated,0,,,,,0,0,,company_name,1361,0,never_instantiated,0,,,,,0,0,,movie_companies,2609129,0,never_instantiated,0,,,,,0,0,cast_info,char_name,3140339,0,never_instantiated,0,,,,,0,0,,,,,,,,,,,,,,,,,,,,,,,,,,,,,,,,,,,,,,,,,,,,,,,,,,,,,,,,,,,,,,,,,,,,,,,,,,,,,,,,,,,,,,,,,,,,,,,,,,,,,,,,,,,,,,,,,,,,,,,,
10b,1,0,1,1.31,title,,0,0,never_instantiated,0,,,,,0,0,,role_type,1,0,never_instantiated,0,,,,,0,0,,company_type,2,0,never_instantiated,0,,,,,0,0,,company_name,1361,0,never_instantiated,0,,,,,0,0,,movie_companies,2609129,0,never_instantiated,0,,,,,0,0,cast_info,char_name,3140339,0,never_instantiated,0,,,,,0,0,,,,,,,,,,,,,,,,,,,,,,,,,,,,,,,,,,,,,,,,,,,,,,,,,,,,,,,,,,,,,,,,,,,,,,,,,,,,,,,,,,,,,,,,,,,,,,,,,,,,,,,,,,,,,,,,,,,,,,,,
10c,1,0,1,2.01,title,,14,0,never_instantiated,0,,,,,0,0,,role_type,11,0,never_instantiated,0,,,,,0,0,,company_type,2,0,never_instantiated,0,,,,,0,0,,company_name,84843,0,never_instantiated,0,,,,,0,0,,movie_companies,2609129,0,never_instantiated,0,,,,,0,0,cast_info,char_name,3140339,0,never_instantiated,0,,,,,0,0,,,,,,,,,,,,,,,,,,,,,,,,,,,,,,,,,,,,,,,,,,,,,,,,,,,,,,,,,,,,,,,,,,,,,,,,,,,,,,,,,,,,,,,,,,,,,,,,,,,,,,,,,,,,,,,,,,,,,,,,
11a,1,0,1,0.12,title,,402,0,never_instantiated,0,,,,,0,0,link_type,,422,0,never_instantiated,0,,,,,0,0,movie_link,,29,0,never_instantiated,0,,,,,0,0,,company_type,1,0,never_instantiated,0,,,,,0,0,company_name,,123,0,never_instantiated,0,,,,,0,0,movie_companies,,46,0,never_instantiated,0,,,,,0,0,movie_keyword,keyword,1,0,never_instantiated,0,,,,,0,0,,,,,,,,,,,,,,,,,,,,,,,,,,,,,,,,,,,,,,,,,,,,,,,,,,,,,,,,,,,,,,,,,,,,,,,,,,,,,,,,,,,,,,,,,,,,,,,,,,,,,,,,,,,,
11b,1,0,1,0.13,title,,102,0,never_instantiated,0,,,,,0,0,link_type,,422,0,never_instantiated,0,,,,,0,0,movie_link,,29,0,never_instantiated,0,,,,,0,0,,company_type,1,0,never_instantiated,0,,,,,0,0,company_name,,123,0,never_instantiated,0,,,,,0,0,movie_companies,,46,0,never_instantiated,0,,,,,0,0,movie_keyword,keyword,1,0,never_instantiated,0,,,,,0,0,,,,,,,,,,,,,,,,,,,,,,,,,,,,,,,,,,,,,,,,,,,,,,,,,,,,,,,,,,,,,,,,,,,,,,,,,,,,,,,,,,,,,,,,,,,,,,,,,,,,,,,,,,,,
11c,1,0,1,0.14,title,,6946,0,never_instantiated,0,,,,,0,0,,link_type,17,0,never_instantiated,0,,,,,0,0,movie_link,,43,0,never_instantiated,0,,,,,0,0,,company_type,1,0,never_instantiated,0,,,,,0,0,,company_name,89,0,never_instantiated,0,,,,,0,0,movie_companies,,480,0,never_instantiated,0,,,,,0,0,movie_keyword,keyword,3,0,never_instantiated,0,,,,,0,0,,,,,,,,,,,,,,,,,,,,,,,,,,,,,,,,,,,,,,,,,,,,,,,,,,,,,,,,,,,,,,,,,,,,,,,,,,,,,,,,,,,,,,,,,,,,,,,,,,,,,,,,,,,,
11d,1,0,1,0.16,title,,14899,0,never_instantiated,0,,,,,0,0,,link_type,17,0,never_instantiated,0,,,,,0,0,movie_link,,931,0,never_instantiated,0,,,,,0,0,,company_type,1,0,never_instantiated,0,,,,,0,0,,company_name,210031,0,never_instantiated,0,,,,,0,0,movie_companies,,480,0,never_instantiated,0,,,,,0,0,movie_keyword,keyword,3,0,never_instantiated,0,,,,,0,0,,,,,,,,,,,,,,,,,,,,,,,,,,,,,,,,,,,,,,,,,,,,,,,,,,,,,,,,,,,,,,,,,,,,,,,,,,,,,,,,,,,,,,,,,,,,,,,,,,,,,,,,,,,,
12a,1,0,1,0.43,title,,1311,0,never_instantiated,0,,,,,0,0,,info_type,1,0,never_instantiated,0,,,,,0,0,movie_info_idx,,102526,0,never_instantiated,0,,,,,0,0,,company_type,1,0,never_instantiated,0,,,,,0,0,,company_name,84843,0,never_instantiated,0,,,,,0,0,movie_companies,,272700,0,never_instantiated,0,,,,,0,0,movie_info,info_type,1,0,never_instantiated,0,,,,,0,0,,,,,,,,,,,,,,,,,,,,,,,,,,,,,,,,,,,,,,,,,,,,,,,,,,,,,,,,,,,,,,,,,,,,,,,,,,,,,,,,,,,,,,,,,,,,,,,,,,,,,,,,,,,,
12b,1,0,1,0.37,title,,42,0,never_instantiated,0,,,,,0,0,,info_type,1,0,never_instantiated,0,,,,,0,0,movie_info_idx,,143917,0,never_instantiated,0,,,,,0,0,,company_name,84843,0,never_instantiated,0,,,,,0,0,,company_type,2,0,never_instantiated,0,,,,,0,0,movie_companies,,121862,0,never_instantiated,0,,,,,0,0,movie_info,info_type,1,0,never_instantiated,0,,,,,0,0,,,,,,,,,,,,,,,,,,,,,,,,,,,,,,,,,,,,,,,,,,,,,,,,,,,,,,,,,,,,,,,,,,,,,,,,,,,,,,,,,,,,,,,,,,,,,,,,,,,,,,,,,,,,
12c,1,0,1,0.54,title,,12752,0,never_instantiated,0,,,,,0,0,,info_type,1,0,never_instantiated,0,,,,,0,0,movie_info_idx,,131396,0,never_instantiated,0,,,,,0,0,,company_type,1,0,never_instantiated,0,,,,,0,0,,company_name,84843,0,never_instantiated,0,,,,,0,0,movie_companies,,325230,0,never_instantiated,0,,,,,0,0,movie_info,info_type,1,0,never_instantiated,0,,,,,0,0,,,,,,,,,,,,,,,,,,,,,,,,,,,,,,,,,,,,,,,,,,,,,,,,,,,,,,,,,,,,,,,,,,,,,,,,,,,,,,,,,,,,,,,,,,,,,,,,,,,,,,,,,,,,
13a,1,0,1,1.15,,kind_type,1,0,never_instantiated,0,,,,,0,0,title,,134189,0,never_instantiated,0,,,,,0,0,,info_type,1,0,never_instantiated,0,,,,,0,0,movie_info_idx,,175621,0,never_instantiated,0,,,,,0,0,,company_type,1,0,never_instantiated,0,,,,,0,0,,company_name,9775,0,never_instantiated,0,,,,,0,0,movie_companies,,3036480,0,never_instantiated,0,,,,,0,0,movie_info,info_type,1,0,never_instantiated,0,,,,,0,0,,,,,,,,,,,,,,,,,,,,,,,,,,,,,,,,,,,,,,,,,,,,,,,,,,,,,,,,,,,,,,,,,,,,,,,,,,,,,,,,,,,,,,,,,,,,,,,,
13b,1,0,1,1.19,,kind_type,1,0,never_instantiated,0,,,,,0,0,title,,1051802,0,never_instantiated,0,,,,,0,0,,info_type,1,0,never_instantiated,0,,,,,0,0,movie_info_idx,,1355560,0,never_instantiated,0,,,,,0,0,,company_type,1,0,never_instantiated,0,,,,,0,0,,company_name,84843,0,never_instantiated,0,,,,,0,0,movie_companies,,3036480,0,never_instantiated,0,,,,,0,0,movie_info,info_type,1,0,never_instantiated,0,,,,,0,0,,,,,,,,,,,,,,,,,,,,,,,,,,,,,,,,,,,,,,,,,,,,,,,,,,,,,,,,,,,,,,,,,,,,,,,,,,,,,,,,,,,,,,,,,,,,,,,,
13c,1,0,1,1.15,,kind_type,1,0,never_instantiated,0,,,,,0,0,title,,1051802,0,never_instantiated,0,,,,,0,0,,info_type,1,0,never_instantiated,0,,,,,0,0,movie_info_idx,,1355560,0,never_instantiated,0,,,,,0,0,,company_type,1,0,never_instantiated,0,,,,,0,0,,company_name,84843,0,never_instantiated,0,,,,,0,0,movie_companies,,3036480,0,never_instantiated,0,,,,,0,0,movie_info,info_type,1,0,never_instantiated,0,,,,,0,0,,,,,,,,,,,,,,,,,,,,,,,,,,,,,,,,,,,,,,,,,,,,,,,,,,,,,,,,,,,,,,,,,,,,,,,,,,,,,,,,,,,,,,,,,,,,,,,,
13d,1,0,1,1.19,,kind_type,1,0,never_instantiated,0,,,,,0,0,title,,1051802,0,never_instantiated,0,,,,,0,0,,info_type,1,0,never_instantiated,0,,,,,0,0,movie_info_idx,,1355560,0,never_instantiated,0,,,,,0,0,,company_type,1,0,never_instantiated,0,,,,,0,0,,company_name,84843,0,never_instantiated,0,,,,,0,0,movie_companies,,3036480,0,never_instantiated,0,,,,,0,0,movie_info,info_type,1,0,never_instantiated,0,,,,,0,0,,,,,,,,,,,,,,,,,,,,,,,,,,,,,,,,,,,,,,,,,,,,,,,,,,,,,,,,,,,,,,,,,,,,,,,,,,,,,,,,,,,,,,,,,,,,,,,,
14a,1,0,1,0.82,,kind_type,1,0,never_instantiated,0,,,,,0,0,title,,20967,0,never_instantiated,0,,,,,0,0,keyword,,2302523,0,never_instantiated,0,,,,,0,0,movie_keyword,,213239,0,never_instantiated,0,,,,,0,0,,info_type,1,0,never_instantiated,0,,,,,0,0,movie_info_idx,,614238,0,never_instantiated,0,,,,,0,0,,info_type,1,0,never_instantiated,0,,,,,0,0,movie_info,,10,0,never_instantiated,0,,,,,0,0,,,,,,,,,,,,,,,,,,,,,,,,,,,,,,,,,,,,,,,,,,,,,,,,,,,,,,,,,,,,,,,,,,,,,,,,,,,,,,,,,,,,,,,,,,,,,,,,
14b,1,0,1,0.73,,kind_type,1,0,never_instantiated,0,,,,,0,0,title,,5497,0,never_instantiated,0,,,,,0,0,keyword,,1406687,0,never_instantiated,0,,,,,0,0,movie_keyword,,116588,0,never_instantiated,0,,,,,0,0,,info_type,1,0,never_instantiated,0,,,,,0,0,movie_info_idx,,614238,0,never_instantiated,0,,,,,0,0,,info_type,1,0,never_instantiated,0,,,,,0,0,movie_info,,10,0,never_instantiated,0,,,,,0,0,,,,,,,,,,,,,,,,,,,,,,,,,,,,,,,,,,,,,,,,,,,,,,,,,,,,,,,,,,,,,,,,,,,,,,,,,,,,,,,,,,,,,,,,,,,,,,,,
14c,1,0,1,0.95,,kind_type,2,0,never_instantiated,0,,,,,0,0,title,,20967,0,never_instantiated,0,,,,,0,0,keyword,,2302523,0,never_instantiated,0,,,,,0,0,movie_keyword,,213239,0,never_instantiated,0,,,,,0,0,,info_type,1,0,never_instantiated,0,,,,,0,0,movie_info_idx,,614238,0,never_instantiated,0,,,,,0,0,,info_type,1,0,never_instantiated,0,,,,,0,0,movie_info,,10,0,never_instantiated,0,,,,,0,0,,,,,,,,,,,,,,,,,,,,,,,,,,,,,,,,,,,,,,,,,,,,,,,,,,,,,,,,,,,,,,,,,,,,,,,,,,,,,,,,,,,,,,,,,,,,,,,,
15a,1,0,1,0.89,title,,482,0,never_instantiated,0,,,,,0,0,keyword,,482,0,never_instantiated,0,,,,,0,0,movie_keyword,,71,0,never_instantiated,0,,,,,0,0,company_type,,71,0,never_instantiated,0,,,,,0,0,company_name,,76,0,never_instantiated,0,,,,,0,0,movie_companies,,116,0,never_instantiated,0,,,,,0,0,,info_type,1,0,never_instantiated,0,,,,,0,0,movie_info,aka_title,361379,0,never_instantiated,0,,,,,0,0,,,,,,,,,,,,,,,,,,,,,,,,,,,,,,,,,,,,,,,,,,,,,,,,,,,,,,,,,,,,,,,,,,,,,,,,,,,,,,,,,,,,,,,,,,,,,,,,
15b,1,0,1,0.63,title,,37,0,never_instantiated,0,,,,,0,0,keyword,,37,0,never_instantiated,0,,,,,0,0,movie_keyword,,3,0,never_instantiated,0,,,,,0,0,company_type,,3,0,never_instantiated,0,,,,,0,0,,company_name,1,0,never_instantiated,0,,,,,0,0,movie_companies,,116,0,never_instantiated,0,,,,,0,0,,info_type,1,0,never_instantiated,0,,,,,0,0,movie_info,aka_title,361379,0,never_instantiated,0,,,,,0,0,,,,,,,,,,,,,,,,,,,,,,,,,,,,,,,,,,,,,,,,,,,,,,,,,,,,,,,,,,,,,,,,,,,,,,,,,,,,,,,,,,,,,,,,,,,,,,,,
15c,1,0,1,0.81,title,,2271,0,never_instantiated,0,,,,,0,0,keyword,,2271,0,never_instantiated,0,,,,,0,0,movie_keyword,,284,0,never_instantiated,0,,,,,0,0,,company_type,2,0,never_instantiated,0,,,,,0,0,,company_name,84843,0,never_instantiated,0,,,,,0,0,movie_companies,,120,0,never_instantiated,0,,,,,0,0,,info_type,1,0,never_instantiated,0,,,,,0,0,movie_info,aka_title,361379,0,never_instantiated,0,,,,,0,0,,,,,,,,,,,,,,,,,,,,,,,,,,,,,,,,,,,,,,,,,,,,,,,,,,,,,,,,,,,,,,,,,,,,,,,,,,,,,,,,,,,,,,,,,,,,,,,,
15d,1,0,1,0.62,title,,11557,0,never_instantiated,0,,,,,0,0,keyword,,11557,0,never_instantiated,0,,,,,0,0,movie_keyword,,896,0,never_instantiated,0,,,,,0,0,,company_type,2,0,never_instantiated,0,,,,,0,0,,company_name,84843,0,never_instantiated,0,,,,,0,0,movie_companies,,591,0,never_instantiated,0,,,,,0,0,,info_type,1,0,never_instantiated,0,,,,,0,0,movie_info,aka_title,361379,0,never_instantiated,0,,,,,0,0,,,,,,,,,,,,,,,,,,,,,,,,,,,,,,,,,,,,,,,,,,,,,,,,,,,,,,,,,,,,,,,,,,,,,,,,,,,,,,,,,,,,,,,,,,,,,,,,
16a,1,0,1,17.01,title,,3710592,0,never_instantiated,0,,,,,0,0,name,,3710592,0,never_instantiated,0,,,,,0,0,,keyword,1,0,never_instantiated,0,,,,,0,0,movie_keyword,,41307596,0,never_instantiated,0,,,,,0,0,,company_name,84843,0,never_instantiated,0,,,,,0,0,,movie_companies,2609129,0,never_instantiated,0,,,,,0,0,cast_info,aka_name,772581,0,never_instantiated,0,,,,,0,0,,,,,,,,,,,,,,,,,,,,,,,,,,,,,,,,,,,,,,,,,,,,,,,,,,,,,,,,,,,,,,,,,,,,,,,,,,,,,,,,,,,,,,,,,,,,,,,,,,,,,,,,,,,,
16b,1,0,1,17.89,title,,3710592,0,never_instantiated,0,,,,,0,0,name,,3710592,0,never_instantiated,0,,,,,0,0,,keyword,1,0,never_instantiated,0,,,,,0,0,movie_keyword,,41307596,0,never_instantiated,0,,,,,0,0,,company_name,84843,0,never_instantiated,0,,,,,0,0,,movie_companies,2609129,0,never_instantiated,0,,,,,0,0,cast_info,aka_name,772581,0,never_instantiated,0,,,,,0,0,,,,,,,,,,,,,,,,,,,,,,,,,,,,,,,,,,,,,,,,,,,,,,,,,,,,,,,,,,,,,,,,,,,,,,,,,,,,,,,,,,,,,,,,,,,,,,,,,,,,,,,,,,,,
16c,1,0,1,17.39,title,,3710592,0,never_instantiated,0,,,,,0,0,name,,3710592,0,never_instantiated,0,,,,,0,0,,keyword,1,0,never_instantiated,0,,,,,0,0,movie_keyword,,41307596,0,never_instantiated,0,,,,,0,0,,company_name,84843,0,never_instantiated,0,,,,,0,0,,movie_companies,2609129,0,never_instantiated,0,,,,,0,0,cast_info,aka_name,772581,0,never_instantiated,0,,,,,0,0,,,,,,,,,,,,,,,,,,,,,,,,,,,,,,,,,,,,,,,,,,,,,,,,,,,,,,,,,,,,,,,,,,,,,,,,,,,,,,,,,,,,,,,,,,,,,,,,,,,,,,,,,,,,
16d,1,0,1,17.67,title,,3710592,0,never_instantiated,0,,,,,0,0,name,,3710592,0,never_instantiated,0,,,,,0,0,,keyword,1,0,never_instantiated,0,,,,,0,0,movie_keyword,,41307596,0,never_instantiated,0,,,,,0,0,,company_name,84843,0,never_instantiated,0,,,,,0,0,,movie_companies,2609129,0,never_instantiated,0,,,,,0,0,cast_info,aka_name,772581,0,never_instantiated,0,,,,,0,0,,,,,,,,,,,,,,,,,,,,,,,,,,,,,,,,,,,,,,,,,,,,,,,,,,,,,,,,,,,,,,,,,,,,,,,,,,,,,,,,,,,,,,,,,,,,,,,,,,,,,,,,,,,,
17a,1,0,1,11.11,title,,258289,0,never_instantiated,0,,,,,0,0,name,,2832555,0,never_instantiated,0,,,,,0,0,,keyword,1,0,never_instantiated,0,,,,,0,0,movie_keyword,,32289229,0,never_instantiated,0,,,,,0,0,,company_name,84843,0,never_instantiated,0,,,,,0,0,cast_info,movie_companies,2609129,0,never_instantiated,0,,,,,0,0,,,,,,,,,,,,,,,,,,,,,,,,,,,,,,,,,,,,,,,,,,,,,,,,,,,,,,,,,,,,,,,,,,,,,,,,,,,,,,,,,,,,,,,,,,,,,,,,,,,,,,,,,,,,,,,,,,,,,,,,
17b,1,0,1,121.49,title,,52306,0,never_instantiated,0,,,,,0,0,name,,7796926,0,never_instantiated,0,,,,,0,0,,keyword,1,0,never_instantiated,0,,,,,0,0,,movie_keyword,4523913,0,never_instantiated,0,,,,,0,0,,company_name,234997,0,never_instantiated,0,,,,,0,0,cast_info,movie_companies,2609129,0,never_instantiated,0,,,,,0,0,,,,,,,,,,,,,,,,,,,,,,,,,,,,,,,,,,,,,,,,,,,,,,,,,,,,,,,,,,,,,,,,,,,,,,,,,,,,,,,,,,,,,,,,,,,,,,,,,,,,,,,,,,,,,,,,,,,,,,,,
17c,1,0,1,122.06,title,,1918,0,never_instantiated,0,,,,,0,0,name,,7796926,0,never_instantiated,0,,,,,0,0,,keyword,1,0,never_instantiated,0,,,,,0,0,,movie_keyword,4523913,0,never_instantiated,0,,,,,0,0,,company_name,234997,0,never_instantiated,0,,,,,0,0,cast_info,movie_companies,2609129,0,never_instantiated,0,,,,,0,0,,,,,,,,,,,,,,,,,,,,,,,,,,,,,,,,,,,,,,,,,,,,,,,,,,,,,,,,,,,,,,,,,,,,,,,,,,,,,,,,,,,,,,,,,,,,,,,,,,,,,,,,,,,,,,,,,,,,,,,,
17d,1,0,1,123.67,title,,11538,0,never_instantiated,0,,,,,0,0,name,,7796926,0,never_instantiated,0,,,,,0,0,,keyword,1,0,never_instantiated,0,,,,,0,0,,movie_keyword,4523913,0,never_instantiated,0,,,,,0,0,,company_name,234997,0,never_instantiated,0,,,,,0,0,cast_info,movie_companies,2609129,0,never_instantiated,0,,,,,0,0,,,,,,,,,,,,,,,,,,,,,,,,,,,,,,,,,,,,,,,,,,,,,,,,,,,,,,,,,,,,,,,,,,,,,,,,,,,,,,,,,,,,,,,,,,,,,,,,,,,,,,,,,,,,,,,,,,,,,,,,
17e,1,0,1,12.16,title,,2832555,0,never_instantiated,0,,,,,0,0,name,,2832555,0,never_instantiated,0,,,,,0,0,,keyword,1,0,never_instantiated,0,,,,,0,0,movie_keyword,,32289229,0,never_instantiated,0,,,,,0,0,,company_name,84843,0,never_instantiated,0,,,,,0,0,cast_info,movie_companies,2609129,0,never_instantiated,0,,,,,0,0,,,,,,,,,,,,,,,,,,,,,,,,,,,,,,,,,,,,,,,,,,,,,,,,,,,,,,,,,,,,,,,,,,,,,,,,,,,,,,,,,,,,,,,,,,,,,,,,,,,,,,,,,,,,,,,,,,,,,,,,
17f,1,0,1,123.58,title,,1113120,0,never_instantiated,0,,,,,0,0,name,,7796926,0,never_instantiated,0,,,,,0,0,,keyword,1,0,never_instantiated,0,,,,,0,0,,movie_keyword,4523913,0,never_instantiated,0,,,,,0,0,,company_name,234997,0,never_instantiated,0,,,,,0,0,cast_info,movie_companies,2609129,0,never_instantiated,0,,,,,0,0,,,,,,,,,,,,,,,,,,,,,,,,,,,,,,,,,,,,,,,,,,,,,,,,,,,,,,,,,,,,,,,,,,,,,,,,,,,,,,,,,,,,,,,,,,,,,,,,,,,,,,,,,,,,,,,,,,,,,,,,
18a,1,0,1,1.99,title,,410,0,never_instantiated,0,,,,,0,0,name,,107339,0,never_instantiated,0,,,,,0,0,,info_type,1,0,never_instantiated,0,,,,,0,0,movie_info_idx,,212985,0,never_instantiated,0,,,,,0,0,,info_type,1,0,never_instantiated,0,,,,,0,0,movie_info,cast_info,2379093,0,never_instantiated,0,,,,,0,0,,,,,,,,,,,,,,,,,,,,,,,,,,,,,,,,,,,,,,,,,,,,,,,,,,,,,,,,,,,,,,,,,,,,,,,,,,,,,,,,,,,,,,,,,,,,,,,,,,,,,,,,,,,,,,,,,,,,,,,,
18b,1,0,1,3.46,title,,16,0,never_instantiated,0,,,,,0,0,name,,412,0,never_instantiated,0,,,,,0,0,,info_type,1,0,never_instantiated,0,,,,,0,0,movie_info_idx,,39664,0,never_instantiated,0,,,,,0,0,,info_type,1,0,never_instantiated,0,,,,,0,0,,movie_info,73047,0,never_instantiated,0,,,,,0,0,cast_info,,5,0,never_instantiated,0,,,,,0,0,,,,,,,,,,,,,,,,,,,,,,,,,,,,,,,,,,,,,,,,,,,,,,,,,,,,,,,,,,,,,,,,,,,,,,,,,,,,,,,,,,,,,,,,,,,,,,,,,,,,,,,,,,,,
18c,1,0,1,4.35,title,,28073,0,never_instantiated,0,,,,,0,0,name,,54155,0,never_instantiated,0,,,,,0,0,,info_type,1,0,never_instantiated,0,,,,,0,0,movie_info_idx,,93236,0,never_instantiated,0,,,,,0,0,,info_type,1,0,never_instantiated,0,,,,,0,0,,,188967,0,never_instantiated,0,,,,,0,0,cast_info,,5,0,never_instantiated,0,,,,,0,0,movie_info,,6,0,never_instantiated,0,,,,,0,0,,,,,,,,,,,,,,,,,,,,,,,,,,,,,,,,,,,,,,,,,,,,,,,,,,,,,,,,,,,,,,,,,,,,,,,,,,,,,,,,,,,,,,,,,,,,,,,,
19a,1,0,1,3.31,title,,311,0,never_instantiated,0,,,,,0,0,,role_type,1,0,never_instantiated,0,,,,,0,0,name,,447372,0,never_instantiated,0,,,,,0,0,,info_type,1,0,never_instantiated,0,,,,,0,0,movie_info,,691534,0,never_instantiated,0,,,,,0,0,,company_name,84843,0,never_instantiated,0,,,,,0,0,,movie_companies,590994,0,never_instantiated,0,,,,,0,0,char_name,,1732265,0,never_instantiated,0,,,,,0,0,cast_info,aka_name,772581,0,never_instantiated,0,,,,,0,0,,,,,,,,,,,,,,,,,,,,,,,,,,,,,,,,,,,,,,,,,,,,,,,,,,,,,,,,,,,,,,,,,,,,,,,,,,,,,,,,,,,,
19b,1,0,1,3.29,title,,64,0,never_instantiated,0,,,,,0,0,role_type,,64,0,never_instantiated,0,,,,,0,0,name,,43223,0,never_instantiated,0,,,,,0,0,info_type,,43223,0,never_instantiated,0,,,,,0,0,movie_info,,233057,0,never_instantiated,0,,,,,0,0,company_name,,242391,0,never_instantiated,0,,,,,0,0,movie_companies,,1433780,0,never_instantiated,0,,,,,0,0,char_name,,1433780,0,never_instantiated,0,,,,,0,0,aka_name,cast_info,713821,0,never_instantiated,0,,,,,0,0,,,,,,,,,,,,,,,,,,,,,,,,,,,,,,,,,,,,,,,,,,,,,,,,,,,,,,,,,,,,,,,,,,,,,,,,,,,,,,,,,,,,
19c,1,0,1,3.44,title,,4113,0,never_instantiated,0,,,,,0,0,,role_type,1,0,never_instantiated,0,,,,,0,0,name,,1100896,0,never_instantiated,0,,,,,0,0,,info_type,1,0,never_instantiated,0,,,,,0,0,movie_info,,1856933,0,never_instantiated,0,,,,,0,0,,company_name,84843,0,never_instantiated,0,,,,,0,0,movie_companies,,1732265,0,never_instantiated,0,,,,,0,0,char_name,,1732265,0,never_instantiated,0,,,,,0,0,cast_info,aka_name,772581,0,never_instantiated,0,,,,,0,0,,,,,,,,,,,,,,,,,,,,,,,,,,,,,,,,,,,,,,,,,,,,,,,,,,,,,,,,,,,,,,,,,,,,,,,,,,,,,,,,,,,,
19d,1,0,1,4.69,title,,2711062,0,never_instantiated,0,,,,,0,0,,role_type,1,0,never_instantiated,0,,,,,0,0,name,,10752224,0,never_instantiated,0,,,,,0,0,,info_type,1,0,never_instantiated,0,,,,,0,0,movie_info,,1856933,0,never_instantiated,0,,,,,0,0,,company_name,84843,0,never_instantiated,0,,,,,0,0,movie_companies,,1732265,0,never_instantiated,0,,,,,0,0,char_name,,1732265,0,never_instantiated,0,,,,,0,0,cast_info,aka_name,772581,0,never_instantiated,0,,,,,0,0,,,,,,,,,,,,,,,,,,,,,,,,,,,,,,,,,,,,,,,,,,,,,,,,,,,,,,,,,,,,,,,,,,,,,,,,,,,,,,,,,,,,
20a,1,0,1,1.38,,kind_type,1,0,never_instantiated,0,,,,,0,0,title,,33,0,never_instantiated,0,,,,,0,0,name,,33,0,never_instantiated,0,,,,,0,0,,,8,0,never_instantiated,0,,,,,0,0,movie_keyword,,24,0,never_instantiated,0,,,,,0,0,,comp_cast_type,2,0,never_instantiated,0,,,,,0,0,,comp_cast_type,1,0,never_instantiated,0,,,,,0,0,,complete_cast,132439,0,never_instantiated,0,,,,,0,0,cast_info,char_name,30,0,never_instantiated,0,,,,,0,0,keyword,,8,0,never_instantiated,0,,,,,0,0,,,,,,,,,,,,,,,,,,,,,,,,,,,,,,,,,,,,,,,,,,,,,,,,,,,,,,,,,,,,,,,,,,,,,,,,
20b,1,0,1,1.38,,kind_type,1,0,never_instantiated,0,,,,,0,0,title,,17,0,never_instantiated,0,,,,,0,0,name,,33,0,never_instantiated,0,,,,,0,0,,,8,0,never_instantiated,0,,,,,0,0,movie_keyword,,24,0,never_instantiated,0,,,,,0,0,,comp_cast_type,2,0,never_instantiated,0,,,,,0,0,,comp_cast_type,1,0,never_instantiated,0,,,,,0,0,,complete_cast,132439,0,never_instantiated,0,,,,,0,0,cast_info,char_name,30,0,never_instantiated,0,,,,,0,0,keyword,,8,0,never_instantiated,0,,,,,0,0,,,,,,,,,,,,,,,,,,,,,,,,,,,,,,,,,,,,,,,,,,,,,,,,,,,,,,,,,,,,,,,,,,,,,,,,
20c,1,0,1,2.62,,kind_type,1,0,never_instantiated,0,,,,,0,0,title,,20718,0,never_instantiated,0,,,,,0,0,name,,20718,0,never_instantiated,0,,,,,0,0,,,10,0,never_instantiated,0,,,,,0,0,movie_keyword,,118833,0,never_instantiated,0,,,,,0,0,,comp_cast_type,2,0,never_instantiated,0,,,,,0,0,,comp_cast_type,1,0,never_instantiated,0,,,,,0,0,,complete_cast,132439,0,never_instantiated,0,,,,,0,0,cast_info,char_name,180152,0,never_instantiated,0,,,,,0,0,keyword,,10,0,never_instantiated,0,,,,,0,0,,,,,,,,,,,,,,,,,,,,,,,,,,,,,,,,,,,,,,,,,,,,,,,,,,,,,,,,,,,,,,,,,,,,,,,,
21a,1,0,1,0.35,title,,1816,0,never_instantiated,0,,,,,0,0,link_type,,1816,0,never_instantiated,0,,,,,0,0,movie_link,,100,0,never_instantiated,0,,,,,0,0,,keyword,1,0,never_instantiated,0,,,,,0,0,movie_keyword,,786,0,never_instantiated,0,,,,,0,0,,company_type,1,0,never_instantiated,0,,,,,0,0,,company_name,48302,0,never_instantiated,0,,,,,0,0,,movie_companies,49141,0,never_instantiated,0,,,,,0,0,movie_info,,8,0,never_instantiated,0,,,,,0,0,,,,,,,,,,,,,,,,,,,,,,,,,,,,,,,,,,,,,,,,,,,,,,,,,,,,,,,,,,,,,,,,,,,,,,,,,,,,,,,,,,,,
21b,1,0,1,0.31,title,,308,0,never_instantiated,0,,,,,0,0,link_type,,308,0,never_instantiated,0,,,,,0,0,movie_link,,20,0,never_instantiated,0,,,,,0,0,,keyword,1,0,never_instantiated,0,,,,,0,0,movie_keyword,,538,0,never_instantiated,0,,,,,0,0,,company_type,1,0,never_instantiated,0,,,,,0,0,,company_name,48302,0,never_instantiated,0,,,,,0,0,movie_info,movie_companies,49141,0,never_instantiated,0,,,,,0,0,,,,,,,,,,,,,,,,,,,,,,,,,,,,,,,,,,,,,,,,,,,,,,,,,,,,,,,,,,,,,,,,,,,,,,,,,,,,,,,,,,,,,,,,,,,,,,,,
21c,1,0,1,0.36,title,,1874,0,never_instantiated,0,,,,,0,0,link_type,,1894,0,never_instantiated,0,,,,,0,0,movie_link,,109,0,never_instantiated,0,,,,,0,0,,keyword,1,0,never_instantiated,0,,,,,0,0,movie_keyword,,2492,0,never_instantiated,0,,,,,0,0,,company_type,1,0,never_instantiated,0,,,,,0,0,,company_name,48302,0,never_instantiated,0,,,,,0,0,,movie_companies,49141,0,never_instantiated,0,,,,,0,0,movie_info,,9,0,never_instantiated,0,,,,,0,0,,,,,,,,,,,,,,,,,,,,,,,,,,,,,,,,,,,,,,,,,,,,,,,,,,,,,,,,,,,,,,,,,,,,,,,,,,,,,,,,,,,,
22a,1,0,1,1.52,kind_type,,3027,0,never_instantiated,0,,,,,0,0,title,,40185,0,never_instantiated,0,,,,,0,0,keyword,,4137827,0,never_instantiated,0,,,,,0,0,movie_keyword,,62374,0,never_instantiated,0,,,,,0,0,,info_type,1,0,never_instantiated,0,,,,,0,0,movie_info_idx,,114885,0,never_instantiated,0,,,,,0,0,,company_type,2,0,never_instantiated,0,,,,,0,0,company_name,,159717,0,never_instantiated,0,,,,,0,0,movie_companies,,588738,0,never_instantiated,0,,,,,0,0,movie_info,info_type,1,0,never_instantiated,0,,,,,0,0,,,,,,,,,,,,,,,,,,,,,,,,,,,,,,,,,,,,,,,,,,,,,,,,,,,,,,,,,,,,,,,,,,,,,,,,
22b,1,0,1,1.53,kind_type,,32,0,never_instantiated,0,,,,,0,0,title,,40185,0,never_instantiated,0,,,,,0,0,keyword,,4137827,0,never_instantiated,0,,,,,0,0,movie_keyword,,62374,0,never_instantiated,0,,,,,0,0,,info_type,1,0,never_instantiated,0,,,,,0,0,movie_info_idx,,114885,0,never_instantiated,0,,,,,0,0,,company_type,2,0,never_instantiated,0,,,,,0,0,company_name,,159717,0,never_instantiated,0,,,,,0,0,movie_companies,,588738,0,never_instantiated,0,,,,,0,0,movie_info,info_type,1,0,never_instantiated,0,,,,,0,0,,,,,,,,,,,,,,,,,,,,,,,,,,,,,,,,,,,,,,,,,,,,,,,,,,,,,,,,,,,,,,,,,,,,,,,,
22c,1,0,1,2.09,kind_type,,23197,0,never_instantiated,0,,,,,0,0,title,,65749,0,never_instantiated,0,,,,,0,0,keyword,,7193851,0,never_instantiated,0,,,,,0,0,movie_keyword,,107407,0,never_instantiated,0,,,,,0,0,,info_type,1,0,never_instantiated,0,,,,,0,0,movie_info_idx,,124263,0,never_instantiated,0,,,,,0,0,,company_type,2,0,never_instantiated,0,,,,,0,0,company_name,,169288,0,never_instantiated,0,,,,,0,0,movie_companies,,614225,0,never_instantiated,0,,,,,0,0,,info_type,1,0,never_instantiated,0,,,,,0,0,movie_info,,10,0,never_instantiated,0,,,,,0,0,,,,,,,,,,,,,,,,,,,,,,,,,,,,,,,,,,,,,,,,,,,,,,,,,,,,,,,,,,,,
22d,1,0,1,3.34,,kind_type,2,0,never_instantiated,0,,,,,0,0,title,,144733,0,never_instantiated,0,,,,,0,0,keyword,,15284830,0,never_instantiated,0,,,,,0,0,movie_keyword,,302495,0,never_instantiated,0,,,,,0,0,,info_type,1,0,never_instantiated,0,,,,,0,0,movie_info_idx,,396423,0,never_instantiated,0,,,,,0,0,,company_type,2,0,never_instantiated,0,,,,,0,0,company_name,,1290105,0,never_instantiated,0,,,,,0,0,movie_companies,,614225,0,never_instantiated,0,,,,,0,0,,info_type,1,0,never_instantiated,0,,,,,0,0,movie_info,,10,0,never_instantiated,0,,,,,0,0,,,,,,,,,,,,,,,,,,,,,,,,,,,,,,,,,,,,,,,,,,,,,,,,,,,,,,,,,,,,
23a,1,0,1,0.55,,kind_type,1,0,never_instantiated,0,,,,,0,0,title,,628,0,never_instantiated,0,,,,,0,0,keyword,,628,0,never_instantiated,0,,,,,0,0,movie_keyword,,7,0,never_instantiated,0,,,,,0,0,,company_type,2,0,never_instantiated,0,,,,,0,0,company_name,,7,0,never_instantiated,0,,,,,0,0,movie_companies,,6,0,never_instantiated,0,,,,,0,0,,info_type,1,0,never_instantiated,0,,,,,0,0,,comp_cast_type,1,0,never_instantiated,0,,,,,0,0,movie_info,complete_cast,132439,0,never_instantiated,0,,,,,0,0,,,,,,,,,,,,,,,,,,,,,,,,,,,,,,,,,,,,,,,,,,,,,,,,,,,,,,,,,,,,,,,,,,,,,,,,
23b,1,0,1,0.46,kind_type,,16,0,never_instantiated,0,,,,,0,0,title,,16,0,never_instantiated,0,,,,,0,0,keyword,,618,0,never_instantiated,0,,,,,0,0,movie_keyword,,6,0,never_instantiated,0,,,,,0,0,company_type,,6,0,never_instantiated,0,,,,,0,0,company_name,,6,0,never_instantiated,0,,,,,0,0,movie_companies,,5,0,never_instantiated,0,,,,,0,0,,info_type,1,0,never_instantiated,0,,,,,0,0,,comp_cast_type,1,0,never_instantiated,0,,,,,0,0,movie_info,complete_cast,132439,0,never_instantiated,0,,,,,0,0,,,,,,,,,,,,,,,,,,,,,,,,,,,,,,,,,,,,,,,,,,,,,,,,,,,,,,,,,,,,,,,,,,,,,,,,
23c,1,0,1,0.54,,kind_type,4,0,never_instantiated,0,,,,,0,0,title,,628,0,never_instantiated,0,,,,,0,0,keyword,,628,0,never_instantiated,0,,,,,0,0,movie_keyword,,7,0,never_instantiated,0,,,,,0,0,,company_type,2,0,never_instantiated,0,,,,,0,0,company_name,,7,0,never_instantiated,0,,,,,0,0,movie_companies,,6,0,never_instantiated,0,,,,,0,0,,info_type,1,0,never_instantiated,0,,,,,0,0,,comp_cast_type,1,0,never_instantiated,0,,,,,0,0,movie_info,complete_cast,132439,0,never_instantiated,0,,,,,0,0,,,,,,,,,,,,,,,,,,,,,,,,,,,,,,,,,,,,,,,,,,,,,,,,,,,,,,,,,,,,,,,,,,,,,,,,
24a,1,0,1,5.03,title,,707,0,never_instantiated,0,,,,,0,0,,role_type,1,0,never_instantiated,0,,,,,0,0,name,,81885,0,never_instantiated,0,,,,,0,0,keyword,,10508095,0,never_instantiated,0,,,,,0,0,movie_keyword,,359408,0,never_instantiated,0,,,,,0,0,,info_type,1,0,never_instantiated,0,,,,,0,0,movie_info,,1856933,0,never_instantiated,0,,,,,0,0,,company_name,84843,0,never_instantiated,0,,,,,0,0,movie_companies,,1732265,0,never_instantiated,0,,,,,0,0,char_name,,1732265,0,never_instantiated,0,,,,,0,0,cast_info,aka_name,772581,0,never_instantiated,0,,,,,0,0,,,,,,,,,,,,,,,,,,,,,,,,,,,,,,,,,,,,,,,,,,,,,,,,,,,,,,,,,,,,
24b,1,0,1,2.95,title,,75,0,never_instantiated,0,,,,,0,0,role_type,,75,0,never_instantiated,0,,,,,0,0,name,,1403,0,never_instantiated,0,,,,,0,0,keyword,,113439,0,never_instantiated,0,,,,,0,0,movie_keyword,,1742,0,never_instantiated,0,,,,,0,0,,info_type,1,0,never_instantiated,0,,,,,0,0,movie_info,,2450,0,never_instantiated,0,,,,,0,0,,company_name,1,0,never_instantiated,0,,,,,0,0,movie_companies,,1732265,0,never_instantiated,0,,,,,0,0,char_name,,1732265,0,never_instantiated,0,,,,,0,0,cast_info,aka_name,772581,0,never_instantiated,0,,,,,0,0,,,,,,,,,,,,,,,,,,,,,,,,,,,,,,,,,,,,,,,,,,,,,,,,,,,,,,,,,,,,
25a,1,0,1,3.68,title,,4407,0,never_instantiated,0,,,,,0,0,name,,7112,0,never_instantiated,0,,,,,0,0,,,207091,0,never_instantiated,0,,,,,0,0,keyword,,5,0,never_instantiated,0,,,,,0,0,movie_keyword,,8650,0,never_instantiated,0,,,,,0,0,info_type,,25956,0,never_instantiated,0,,,,,0,0,movie_info_idx,,15897,0,never_instantiated,0,,,,,0,0,,info_type,1,0,never_instantiated,0,,,,,0,0,,movie_info,30801,0,never_instantiated,0,,,,,0,0,cast_info,,5,0,never_instantiated,0,,,,,0,0,,,,,,,,,,,,,,,,,,,,,,,,,,,,,,,,,,,,,,,,,,,,,,,,,,,,,,,,,,,,,,,,,,,,,,,,
25b,1,0,1,3.68,title,,4407,0,never_instantiated,0,,,,,0,0,name,,7112,0,never_instantiated,0,,,,,0,0,,,207091,0,never_instantiated,0,,,,,0,0,keyword,,5,0,never_instantiated,0,,,,,0,0,movie_keyword,,8650,0,never_instantiated,0,,,,,0,0,info_type,,25956,0,never_instantiated,0,,,,,0,0,movie_info_idx,,15897,0,never_instantiated,0,,,,,0,0,,info_type,1,0,never_instantiated,0,,,,,0,0,,movie_info,30801,0,never_instantiated,0,,,,,0,0,cast_info,,5,0,never_instantiated,0,,,,,0,0,,,,,,,,,,,,,,,,,,,,,,,,,,,,,,,,,,,,,,,,,,,,,,,,,,,,,,,,,,,,,,,,,,,,,,,,
25c,1,0,1,4.78,title,,26153,0,never_instantiated,0,,,,,0,0,name,,42900,0,never_instantiated,0,,,,,0,0,,,1515077,0,never_instantiated,0,,,,,0,0,keyword,,7,0,never_instantiated,0,,,,,0,0,movie_keyword,,54155,0,never_instantiated,0,,,,,0,0,,info_type,1,0,never_instantiated,0,,,,,0,0,movie_info_idx,,93236,0,never_instantiated,0,,,,,0,0,,info_type,1,0,never_instantiated,0,,,,,0,0,,,188967,0,never_instantiated,0,,,,,0,0,cast_info,,5,0,never_instantiated,0,,,,,0,0,movie_info,,6,0,never_instantiated,0,,,,,0,0,,,,,,,,,,,,,,,,,,,,,,,,,,,,,,,,,,,,,,,,,,,,,,,,,,,,,,,,,,,,
26a,1,0,1,2.87,,kind_type,1,0,never_instantiated,0,,,,,0,0,title,,5264,0,never_instantiated,0,,,,,0,0,name,,5264,0,never_instantiated,0,,,,,0,0,,,1446489,0,never_instantiated,0,,,,,0,0,keyword,,10,0,never_instantiated,0,,,,,0,0,movie_keyword,,25644,0,never_instantiated,0,,,,,0,0,,info_type,1,0,never_instantiated,0,,,,,0,0,movie_info_idx,,118833,0,never_instantiated,0,,,,,0,0,,comp_cast_type,2,0,never_instantiated,0,,,,,0,0,,comp_cast_type,1,0,never_instantiated,0,,,,,0,0,,complete_cast,132439,0,never_instantiated,0,,,,,0,0,cast_info,char_name,180152,0,never_instantiated,0,,,,,0,0,,,,,,,,,,,,,,,,,,,,,,,,,,,,,,,,,,,,,,,,,,,,,,,,
26b,1,0,1,2.45,,kind_type,1,0,never_instantiated,0,,,,,0,0,title,,365,0,never_instantiated,0,,,,,0,0,name,,365,0,never_instantiated,0,,,,,0,0,keyword,,271806,0,never_instantiated,0,,,,,0,0,movie_keyword,,3835,0,never_instantiated,0,,,,,0,0,,info_type,1,0,never_instantiated,0,,,,,0,0,movie_info_idx,,118833,0,never_instantiated,0,,,,,0,0,,comp_cast_type,2,0,never_instantiated,0,,,,,0,0,,comp_cast_type,1,0,never_instantiated,0,,,,,0,0,,complete_cast,132439,0,never_instantiated,0,,,,,0,0,cast_info,char_name,180152,0,never_instantiated,0,,,,,0,0,,,,,,,,,,,,,,,,,,,,,,,,,,,,,,,,,,,,,,,,,,,,,,,,,,,,,,,,,,,,
26c,1,0,1,3.29,,kind_type,1,0,never_instantiated,0,,,,,0,0,title,,20612,0,never_instantiated,0,,,,,0,0,name,,20612,0,never_instantiated,0,,,,,0,0,,,4571510,0,never_instantiated,0,,,,,0,0,keyword,,10,0,never_instantiated,0,,,,,0,0,movie_keyword,,106810,0,never_instantiated,0,,,,,0,0,,info_type,1,0,never_instantiated,0,,,,,0,0,movie_info_idx,,118833,0,never_instantiated,0,,,,,0,0,,comp_cast_type,2,0,never_instantiated,0,,,,,0,0,,comp_cast_type,1,0,never_instantiated,0,,,,,0,0,,complete_cast,132439,0,never_instantiated,0,,,,,0,0,cast_info,char_name,180152,0,never_instantiated,0,,,,,0,0,,,,,,,,,,,,,,,,,,,,,,,,,,,,,,,,,,,,,,,,,,,,,,,,
27a,1,0,1,0.22,title,,477,0,never_instantiated,0,,,,,0,0,link_type,,477,0,never_instantiated,0,,,,,0,0,movie_link,,27,0,never_instantiated,0,,,,,0,0,,keyword,1,0,never_instantiated,0,,,,,0,0,movie_keyword,,150,0,never_instantiated,0,,,,,0,0,,company_type,1,0,never_instantiated,0,,,,,0,0,company_name,,1120,0,never_instantiated,0,,,,,0,0,movie_companies,,1005,0,never_instantiated,0,,,,,0,0,,comp_cast_type,1,0,never_instantiated,0,,,,,0,0,,comp_cast_type,2,0,never_instantiated,0,,,,,0,0,movie_info,complete_cast,5992,0,never_instantiated,0,,,,,0,0,,,,,,,,,,,,,,,,,,,,,,,,,,,,,,,,,,,,,,,,,,,,,,,,,,,,,,,,,,,,
27b,1,0,1,0.21,title,,477,0,never_instantiated,0,,,,,0,0,link_type,,477,0,never_instantiated,0,,,,,0,0,movie_link,,27,0,never_instantiated,0,,,,,0,0,,keyword,1,0,never_instantiated,0,,,,,0,0,movie_keyword,,150,0,never_instantiated,0,,,,,0,0,,company_type,1,0,never_instantiated,0,,,,,0,0,company_name,,1120,0,never_instantiated,0,,,,,0,0,movie_companies,,1005,0,never_instantiated,0,,,,,0,0,,comp_cast_type,1,0,never_instantiated,0,,,,,0,0,,comp_cast_type,2,0,never_instantiated,0,,,,,0,0,movie_info,complete_cast,5992,0,never_instantiated,0,,,,,0,0,,,,,,,,,,,,,,,,,,,,,,,,,,,,,,,,,,,,,,,,,,,,,,,,,,,,,,,,,,,,
27c,1,0,1,0.26,title,,743,0,never_instantiated,0,,,,,0,0,link_type,,743,0,never_instantiated,0,,,,,0,0,movie_link,,44,0,never_instantiated,0,,,,,0,0,,keyword,1,0,never_instantiated,0,,,,,0,0,movie_keyword,,201,0,never_instantiated,0,,,,,0,0,,company_type,1,0,never_instantiated,0,,,,,0,0,company_name,,3291,0,never_instantiated,0,,,,,0,0,movie_companies,,2905,0,never_instantiated,0,,,,,0,0,,comp_cast_type,2,0,never_instantiated,0,,,,,0,0,,comp_cast_type,1,0,never_instantiated,0,,,,,0,0,,complete_cast,5992,0,never_instantiated,0,,,,,0,0,movie_info,,9,0,never_instantiated,0,,,,,0,0,,,,,,,,,,,,,,,,,,,,,,,,,,,,,,,,,,,,,,,,,,,,,,,,
28a,1,0,1,1.03,kind_type,,4979,0,never_instantiated,0,,,,,0,0,title,,8121,0,never_instantiated,0,,,,,0,0,keyword,,1074761,0,never_instantiated,0,,,,,0,0,movie_keyword,,13591,0,never_instantiated,0,,,,,0,0,,info_type,1,0,never_instantiated,0,,,,,0,0,movie_info_idx,,14660,0,never_instantiated,0,,,,,0,0,,company_type,2,0,never_instantiated,0,,,,,0,0,company_name,,16425,0,never_instantiated,0,,,,,0,0,movie_companies,,22693,0,never_instantiated,0,,,,,0,0,,info_type,1,0,never_instantiated,0,,,,,0,0,,comp_cast_type,1,0,never_instantiated,0,,,,,0,0,,comp_cast_type,1,0,never_instantiated,0,,,,,0,0,,complete_cast,132439,0,never_instantiated,0,,,,,0,0,movie_info,,10,0,never_instantiated,0,,,,,0,0,,,,,,,,,,,,,,,,,,,,,,,,
28b,1,0,1,0.70,kind_type,,161,0,never_instantiated,0,,,,,0,0,title,,1233,0,never_instantiated,0,,,,,0,0,keyword,,155130,0,never_instantiated,0,,,,,0,0,movie_keyword,,1132,0,never_instantiated,0,,,,,0,0,,info_type,1,0,never_instantiated,0,,,,,0,0,movie_info_idx,,2030,0,never_instantiated,0,,,,,0,0,,company_type,2,0,never_instantiated,0,,,,,0,0,company_name,,2071,0,never_instantiated,0,,,,,0,0,movie_companies,,2075,0,never_instantiated,0,,,,,0,0,,info_type,1,0,never_instantiated,0,,,,,0,0,,comp_cast_type,1,0,never_instantiated,0,,,,,0,0,,comp_cast_type,1,0,never_instantiated,0,,,,,0,0,movie_info,complete_cast,132439,0,never_instantiated,0,,,,,0,0,,,,,,,,,,,,,,,,,,,,,,,,,,,,,,,,,,,,
28c,1,0,1,1.30,kind_type,,8668,0,never_instantiated,0,,,,,0,0,title,,22138,0,never_instantiated,0,,,,,0,0,keyword,,2469927,0,never_instantiated,0,,,,,0,0,movie_keyword,,28523,0,never_instantiated,0,,,,,0,0,,info_type,1,0,never_instantiated,0,,,,,0,0,movie_info_idx,,30159,0,never_instantiated,0,,,,,0,0,,company_type,2,0,never_instantiated,0,,,,,0,0,company_name,,33162,0,never_instantiated,0,,,,,0,0,movie_companies,,31050,0,never_instantiated,0,,,,,0,0,,info_type,1,0,never_instantiated,0,,,,,0,0,,comp_cast_type,1,0,never_instantiated,0,,,,,0,0,,comp_cast_type,1,0,never_instantiated,0,,,,,0,0,,complete_cast,132439,0,never_instantiated,0,,,,,0,0,movie_info,,10,0,never_instantiated,0,,,,,0,0,,,,,,,,,,,,,,,,,,,,,,,,
29a,1,0,1,1.74,title,,1620,0,never_instantiated,0,,,,,0,0,role_type,,1620,0,never_instantiated,0,,,,,0,0,info_type,,4890,0,never_instantiated,0,,,,,0,0,person_info,,30,0,never_instantiated,0,,,,,0,0,name,,30,0,never_instantiated,0,,,,,0,0,keyword,,11016,0,never_instantiated,0,,,,,0,0,movie_keyword,,102,0,never_instantiated,0,,,,,0,0,info_type,,102,0,never_instantiated,0,,,,,0,0,movie_info,,142,0,never_instantiated,0,,,,,0,0,company_name,,469,0,never_instantiated,0,,,,,0,0,movie_companies,,17,0,never_instantiated,0,,,,,0,0,comp_cast_type,,30,0,never_instantiated,0,,,,,0,0,comp_cast_type,,38,0,never_instantiated,0,,,,,0,0,complete_cast,,147,0,never_instantiated,0,,,,,0,0,,char_name,1,0,never_instantiated,0,,,,,0,0,cast_info,aka_name,772581,0,never_instantiated,0,,,,,0,0
29b,1,0,1,1.41,title,,15,0,never_instantiated,0,,,,,0,0,role_type,,15,0,never_instantiated,0,,,,,0,0,info_type,,2445,0,never_instantiated,0,,,,,0,0,person_info,,15,0,never_instantiated,0,,,,,0,0,name,,15,0,never_instantiated,0,,,,,0,0,keyword,,9396,0,never_instantiated,0,,,,,0,0,movie_keyword,,87,0,never_instantiated,0,,,,,0,0,company_name,,294,0,never_instantiated,0,,,,,0,0,movie_companies,,9,0,never_instantiated,0,,,,,0,0,info_type,,9,0,never_instantiated,0,,,,,0,0,comp_cast_type,,22,0,never_instantiated,0,,,,,0,0,comp_cast_type,,27,0,never_instantiated,0,,,,,0,0,complete_cast,,100,0,never_instantiated,0,,,,,0,0,,char_name,1,0,never_instantiated,0,,,,,0,0,,aka_name,772581,0,never_instantiated,0,,,,,0,0,cast_info,movie_info,387515,0,never_instantiated,0,,,,,0,0
29c,1,0,1,3.21,title,,16368,0,never_instantiated,0,,,,,0,0,role_type,,16368,0,never_instantiated,0,,,,,0,0,info_type,,68232,0,never_instantiated,0,,,,,0,0,person_info,,204,0,never_instantiated,0,,,,,0,0,name,,15838,0,never_instantiated,0,,,,,0,0,,keyword,1,0,never_instantiated,0,,,,,0,0,movie_keyword,,103474,0,never_instantiated,0,,,,,0,0,,info_type,1,0,never_instantiated,0,,,,,0,0,movie_info,,79761,0,never_instantiated,0,,,,,0,0,,company_name,84843,0,never_instantiated,0,,,,,0,0,movie_companies,,14509,0,never_instantiated,0,,,,,0,0,,comp_cast_type,1,0,never_instantiated,0,,,,,0,0,,comp_cast_type,1,0,never_instantiated,0,,,,,0,0,,complete_cast,132439,0,never_instantiated,0,,,,,0,0,char_name,,1732259,0,never_instantiated,0,,,,,0,0,cast_info,aka_name,772581,0,never_instantiated,0,,,,,0,0
30a,1,0,1,3.84,title,,4394,0,never_instantiated,0,,,,,0,0,name,,6488,0,never_instantiated,0,,,,,0,0,,,240076,0,never_instantiated,0,,,,,0,0,keyword,,7,0,never_instantiated,0,,,,,0,0,movie_keyword,,3409,0,never_instantiated,0,,,,,0,0,,info_type,1,0,never_instantiated,0,,,,,0,0,movie_info_idx,,3412,0,never_instantiated,0,,,,,0,0,,info_type,1,0,never_instantiated,0,,,,,0,0,,comp_cast_type,1,0,never_instantiated,0,,,,,0,0,,comp_cast_type,2,0,never_instantiated,0,,,,,0,0,,complete_cast,132439,0,never_instantiated,0,,,,,0,0,,movie_info,73047,0,never_instantiated,0,,,,,0,0,cast_info,,5,0,never_instantiated,0,,,,,0,0,,,,,,,,,,,,,,,,,,,,,,,,,,,,,,,,,,,,
30b,1,0,1,3.85,title,,4394,0,never_instantiated,0,,,,,0,0,name,,6488,0,never_instantiated,0,,,,,0,0,,,240076,0,never_instantiated,0,,,,,0,0,keyword,,7,0,never_instantiated,0,,,,,0,0,movie_keyword,,3409,0,never_instantiated,0,,,,,0,0,,info_type,1,0,never_instantiated,0,,,,,0,0,movie_info_idx,,3412,0,never_instantiated,0,,,,,0,0,,info_type,1,0,never_instantiated,0,,,,,0,0,,comp_cast_type,1,0,never_instantiated,0,,,,,0,0,,comp_cast_type,2,0,never_instantiated,0,,,,,0,0,,complete_cast,132439,0,never_instantiated,0,,,,,0,0,,movie_info,73047,0,never_instantiated,0,,,,,0,0,cast_info,,5,0,never_instantiated,0,,,,,0,0,,,,,,,,,,,,,,,,,,,,,,,,,,,,,,,,,,,,
30c,1,0,1,3.31,title,,8024,0,never_instantiated,0,,,,,0,0,name,,11863,0,never_instantiated,0,,,,,0,0,,,493406,0,never_instantiated,0,,,,,0,0,keyword,,7,0,never_instantiated,0,,,,,0,0,movie_keyword,,7247,0,never_instantiated,0,,,,,0,0,,info_type,1,0,never_instantiated,0,,,,,0,0,movie_info_idx,,7263,0,never_instantiated,0,,,,,0,0,,info_type,1,0,never_instantiated,0,,,,,0,0,,,11627,0,never_instantiated,0,,,,,0,0,movie_info,,6,0,never_instantiated,0,,,,,0,0,,comp_cast_type,1,0,never_instantiated,0,,,,,0,0,,comp_cast_type,1,0,never_instantiated,0,,,,,0,0,,complete_cast,132439,0,never_instantiated,0,,,,,0,0,cast_info,,5,0,never_instantiated,0,,,,,0,0,,,,,,,,,,,,,,,,,,,,,,,,
31a,1,0,1,3.78,title,,1273,0,never_instantiated,0,,,,,0,0,name,,1556,0,never_instantiated,0,,,,,0,0,,,58294,0,never_instantiated,0,,,,,0,0,keyword,,7,0,never_instantiated,0,,,,,0,0,movie_keyword,,588,0,never_instantiated,0,,,,,0,0,,info_type,1,0,never_instantiated,0,,,,,0,0,movie_info_idx,,594,0,never_instantiated,0,,,,,0,0,,company_name,10,0,never_instantiated,0,,,,,0,0,movie_companies,,39660,0,never_instantiated,0,,,,,0,0,,info_type,1,0,never_instantiated,0,,,,,0,0,,movie_info,73044,0,never_instantiated,0,,,,,0,0,cast_info,,5,0,never_instantiated,0,,,,,0,0,,,,,,,,,,,,,,,,,,,,,,,,,,,,,,,,,,,,,,,,,,,,,,,,
31b,1,0,1,3.82,title,,227,0,never_instantiated,0,,,,,0,0,name,,254,0,never_instantiated,0,,,,,0,0,,,11486,0,never_instantiated,0,,,,,0,0,keyword,,7,0,never_instantiated,0,,,,,0,0,movie_keyword,,83,0,never_instantiated,0,,,,,0,0,,info_type,1,0,never_instantiated,0,,,,,0,0,movie_info_idx,,83,0,never_instantiated,0,,,,,0,0,,company_name,10,0,never_instantiated,0,,,,,0,0,movie_companies,,39660,0,never_instantiated,0,,,,,0,0,,info_type,1,0,never_instantiated,0,,,,,0,0,,movie_info,73044,0,never_instantiated,0,,,,,0,0,cast_info,,5,0,never_instantiated,0,,,,,0,0,,,,,,,,,,,,,,,,,,,,,,,,,,,,,,,,,,,,,,,,,,,,,,,,
31c,1,0,1,3.40,title,,2825,0,never_instantiated,0,,,,,0,0,name,,2825,0,never_instantiated,0,,,,,0,0,,,107406,0,never_instantiated,0,,,,,0,0,keyword,,7,0,never_instantiated,0,,,,,0,0,movie_keyword,,1017,0,never_instantiated,0,,,,,0,0,,info_type,1,0,never_instantiated,0,,,,,0,0,movie_info_idx,,1032,0,never_instantiated,0,,,,,0,0,,info_type,1,0,never_instantiated,0,,,,,0,0,,,1454,0,never_instantiated,0,,,,,0,0,movie_info,,6,0,never_instantiated,0,,,,,0,0,,company_name,10,0,never_instantiated,0,,,,,0,0,,movie_companies,2609129,0,never_instantiated,0,,,,,0,0,cast_info,,5,0,never_instantiated,0,,,,,0,0,,,,,,,,,,,,,,,,,,,,,,,,,,,,,,,,,,,,
32a,1,0,1,0.04,title,,0,0,never_instantiated,0,,,,,0,0,title,,0,0,never_instantiated,0,,,,,0,0,link_type,,0,0,never_instantiated,0,,,,,0,0,movie_link,,0,0,never_instantiated,0,,,,,0,0,movie_keyword,keyword,1,0,never_instantiated,0,,,,,0,0,,,,,,,,,,,,,,,,,,,,,,,,,,,,,,,,,,,,,,,,,,,,,,,,,,,,,,,,,,,,,,,,,,,,,,,,,,,,,,,,,,,,,,,,,,,,,,,,,,,,,,,,,,,,,,,,,,,,,,,,,,,,,,,,,,,,
32b,1,0,1,0.28,title,,4388,0,never_instantiated,0,,,,,0,0,title,,4388,0,never_instantiated,0,,,,,0,0,link_type,,4388,0,never_instantiated,0,,,,,0,0,movie_link,,2233,0,never_instantiated,0,,,,,0,0,movie_keyword,keyword,1,0,never_instantiated,0,,,,,0,0,,,,,,,,,,,,,,,,,,,,,,,,,,,,,,,,,,,,,,,,,,,,,,,,,,,,,,,,,,,,,,,,,,,,,,,,,,,,,,,,,,,,,,,,,,,,,,,,,,,,,,,,,,,,,,,,,,,,,,,,,,,,,,,,,,,,
33a,1,0,1,0.68,kind_type,,8,0,never_instantiated,0,,,,,0,0,title,,35,0,never_instantiated,0,,,,,0,0,kind_type,,38,0,never_instantiated,0,,,,,0,0,title,,38,0,never_instantiated,0,,,,,0,0,info_type,,114,0,never_instantiated,0,,,,,0,0,movie_info_idx,,38,0,never_instantiated,0,,,,,0,0,company_name,,198,0,never_instantiated,0,,,,,0,0,movie_companies,,68,0,never_instantiated,0,,,,,0,0,,link_type,2,0,never_instantiated,0,,,,,0,0,movie_link,,49018,0,never_instantiated,0,,,,,0,0,,info_type,1,0,never_instantiated,0,,,,,0,0,,movie_info_idx,674447,0,never_instantiated,0,,,,,0,0,movie_companies,company_name,234997,0,never_instantiated,0,,,,,0,0,,,,,,,,,,,,,,,,,,,,,,,,,,,,,,,,,,,,
33b,1,0,1,0.68,kind_type,,4,0,never_instantiated,0,,,,,0,0,title,,10,0,never_instantiated,0,,,,,0,0,kind_type,,10,0,never_instantiated,0,,,,,0,0,title,,10,0,never_instantiated,0,,,,,0,0,info_type,,30,0,never_instantiated,0,,,,,0,0,movie_info_idx,,10,0,never_instantiated,0,,,,,0,0,company_name,,198,0,never_instantiated,0,,,,,0,0,movie_companies,,68,0,never_instantiated,0,,,,,0,0,,link_type,2,0,never_instantiated,0,,,,,0,0,movie_link,,49018,0,never_instantiated,0,,,,,0,0,,info_type,1,0,never_instantiated,0,,,,,0,0,,movie_info_idx,674447,0,never_instantiated,0,,,,,0,0,movie_companies,company_name,234997,0,never_instantiated,0,,,,,0,0,,,,,,,,,,,,,,,,,,,,,,,,,,,,,,,,,,,,
33c,1,0,1,0.79,kind_type,,133,0,never_instantiated,0,,,,,0,0,title,,218,0,never_instantiated,0,,,,,0,0,kind_type,,218,0,never_instantiated,0,,,,,0,0,title,,218,0,never_instantiated,0,,,,,0,0,,info_type,1,0,never_instantiated,0,,,,,0,0,movie_info_idx,,237,0,never_instantiated,0,,,,,0,0,company_name,,316,0,never_instantiated,0,,,,,0,0,movie_companies,,97,0,never_instantiated,0,,,,,0,0,,link_type,2,0,never_instantiated,0,,,,,0,0,movie_link,,76269,0,never_instantiated,0,,,,,0,0,,info_type,1,0,never_instantiated,0,,,,,0,0,,movie_info_idx,686875,0,never_instantiated,0,,,,,0,0,movie_companies,company_name,234997,0,never_instantiated,0,,,,,0,0,,,,,,,,,,,,,,,,,,,,,,,,,,,,,,,,,,,,
1a,2,0,1,0.16,title,,142,0,never_instantiated,0,,,,,0,0,,info_type,1,0,never_instantiated,0,,,,,0,0,movie_info_idx,,188,0,never_instantiated,0,,,,,0,0,movie_companies,company_type,1,0,never_instantiated,0,,,,,0,0,,,,,,,,,,,,,,,,,,,,,,,,,,,,,,,,,,,,,,,,,,,,,,,,,,,,,,,,,,,,,,,,,,,,,,,,,,,,,,,,,,,,,,,,,,,,,,,,,,,,,,,,,,,,,,,,,,,,,,,,,,,,,,,,,,,,,,,,,,,,,,,,
1b,2,0,1,0.11,title,,5,0,never_instantiated,0,,,,,0,0,,info_type,1,0,never_instantiated,0,,,,,0,0,movie_info_idx,,5,0,never_instantiated,0,,,,,0,0,movie_companies,company_type,1,0,never_instantiated,0,,,,,0,0,,,,,,,,,,,,,,,,,,,,,,,,,,,,,,,,,,,,,,,,,,,,,,,,,,,,,,,,,,,,,,,,,,,,,,,,,,,,,,,,,,,,,,,,,,,,,,,,,,,,,,,,,,,,,,,,,,,,,,,,,,,,,,,,,,,,,,,,,,,,,,,,
1c,2,0,1,0.21,title,,3,0,never_instantiated,0,,,,,0,0,,info_type,1,0,never_instantiated,0,,,,,0,0,movie_info_idx,,7,0,never_instantiated,0,,,,,0,0,movie_companies,company_type,1,0,never_instantiated,0,,,,,0,0,,,,,,,,,,,,,,,,,,,,,,,,,,,,,,,,,,,,,,,,,,,,,,,,,,,,,,,,,,,,,,,,,,,,,,,,,,,,,,,,,,,,,,,,,,,,,,,,,,,,,,,,,,,,,,,,,,,,,,,,,,,,,,,,,,,,,,,,,,,,,,,,
1d,2,0,1,0.11,title,,5,0,never_instantiated,0,,,,,0,0,,info_type,1,0,never_instantiated,0,,,,,0,0,movie_info_idx,,5,0,never_instantiated,0,,,,,0,0,movie_companies,company_type,1,0,never_instantiated,0,,,,,0,0,,,,,,,,,,,,,,,,,,,,,,,,,,,,,,,,,,,,,,,,,,,,,,,,,,,,,,,,,,,,,,,,,,,,,,,,,,,,,,,,,,,,,,,,,,,,,,,,,,,,,,,,,,,,,,,,,,,,,,,,,,,,,,,,,,,,,,,,,,,,,,,,
2a,2,0,1,0.35,title,,7834,0,never_instantiated,0,,,,,0,0,company_name,,7839,0,never_instantiated,0,,,,,0,0,movie_companies,,4381,0,never_instantiated,0,,,,,0,0,movie_keyword,keyword,1,0,never_instantiated,0,,,,,0,0,,,,,,,,,,,,,,,,,,,,,,,,,,,,,,,,,,,,,,,,,,,,,,,,,,,,,,,,,,,,,,,,,,,,,,,,,,,,,,,,,,,,,,,,,,,,,,,,,,,,,,,,,,,,,,,,,,,,,,,,,,,,,,,,,,,,,,,,,,,,,,,,
2b,2,0,1,0.34,title,,5228,0,never_instantiated,0,,,,,0,0,company_name,,5259,0,never_instantiated,0,,,,,0,0,movie_companies,,2620,0,never_instantiated,0,,,,,0,0,movie_keyword,keyword,1,0,never_instantiated,0,,,,,0,0,,,,,,,,,,,,,,,,,,,,,,,,,,,,,,,,,,,,,,,,,,,,,,,,,,,,,,,,,,,,,,,,,,,,,,,,,,,,,,,,,,,,,,,,,,,,,,,,,,,,,,,,,,,,,,,,,,,,,,,,,,,,,,,,,,,,,,,,,,,,,,,,
2c,2,0,1,0.07,title,,0,0,never_instantiated,0,,,,,0,0,company_name,,0,0,never_instantiated,0,,,,,0,0,movie_companies,,0,0,never_instantiated,0,,,,,0,0,movie_keyword,keyword,1,0,never_instantiated,0,,,,,0,0,,,,,,,,,,,,,,,,,,,,,,,,,,,,,,,,,,,,,,,,,,,,,,,,,,,,,,,,,,,,,,,,,,,,,,,,,,,,,,,,,,,,,,,,,,,,,,,,,,,,,,,,,,,,,,,,,,,,,,,,,,,,,,,,,,,,,,,,,,,,,,,,
2d,2,0,1,0.45,title,,68316,0,never_instantiated,0,,,,,0,0,company_name,,148552,0,never_instantiated,0,,,,,0,0,movie_companies,,41838,0,never_instantiated,0,,,,,0,0,movie_keyword,keyword,1,0,never_instantiated,0,,,,,0,0,,,,,,,,,,,,,,,,,,,,,,,,,,,,,,,,,,,,,,,,,,,,,,,,,,,,,,,,,,,,,,,,,,,,,,,,,,,,,,,,,,,,,,,,,,,,,,,,,,,,,,,,,,,,,,,,,,,,,,,,,,,,,,,,,,,,,,,,,,,,,,,,
3a,2,0,1,1.27,,title,1012683,0,never_instantiated,0,,,,,0,0,,keyword,30,0,never_instantiated,0,,,,,0,0,movie_keyword,,2007,0,never_instantiated,0,,,,,0,0,movie_info,,8,0,never_instantiated,0,,,,,0,0,,,,,,,,,,,,,,,,,,,,,,,,,,,,,,,,,,,,,,,,,,,,,,,,,,,,,,,,,,,,,,,,,,,,,,,,,,,,,,,,,,,,,,,,,,,,,,,,,,,,,,,,,,,,,,,,,,,,,,,,,,,,,,,,,,,,,,,,,,,,,,,,
3b,2,0,1,0.98,title,,5,0,never_instantiated,0,,,,,0,0,keyword,,5,0,never_instantiated,0,,,,,0,0,movie_keyword,movie_info,3,0,never_instantiated,0,,,,,0,0,,,,,,,,,,,,,,,,,,,,,,,,,,,,,,,,,,,,,,,,,,,,,,,,,,,,,,,,,,,,,,,,,,,,,,,,,,,,,,,,,,,,,,,,,,,,,,,,,,,,,,,,,,,,,,,,,,,,,,,,,,,,,,,,,,,,,,,,,,,,,,,,,,,,,,,,,,,,
3c,2,0,1,1.39,,title,1748483,0,never_instantiated,0,,,,,0,0,,keyword,30,0,never_instantiated,0,,,,,0,0,movie_keyword,,13176,0,never_instantiated,0,,,,,0,0,movie_info,,10,0,never_instantiated,0,,,,,0,0,,,,,,,,,,,,,,,,,,,,,,,,,,,,,,,,,,,,,,,,,,,,,,,,,,,,,,,,,,,,,,,,,,,,,,,,,,,,,,,,,,,,,,,,,,,,,,,,,,,,,,,,,,,,,,,,,,,,,,,,,,,,,,,,,,,,,,,,,,,,,,,,
4a,2,0,1,0.35,title,,5820,0,never_instantiated,0,,,,,0,0,,info_type,1,0,never_instantiated,0,,,,,0,0,,movie_info_idx,352990,0,never_instantiated,0,,,,,0,0,movie_keyword,keyword,30,0,never_instantiated,0,,,,,0,0,,,,,,,,,,,,,,,,,,,,,,,,,,,,,,,,,,,,,,,,,,,,,,,,,,,,,,,,,,,,,,,,,,,,,,,,,,,,,,,,,,,,,,,,,,,,,,,,,,,,,,,,,,,,,,,,,,,,,,,,,,,,,,,,,,,,,,,,,,,,,,,,
4b,2,0,1,0.28,title,,6,0,never_instantiated,0,,,,,0,0,,info_type,1,0,never_instantiated,0,,,,,0,0,,movie_info_idx,72,0,never_instantiated,0,,,,,0,0,movie_keyword,keyword,30,0,never_instantiated,0,,,,,0,0,,,,,,,,,,,,,,,,,,,,,,,,,,,,,,,,,,,,,,,,,,,,,,,,,,,,,,,,,,,,,,,,,,,,,,,,,,,,,,,,,,,,,,,,,,,,,,,,,,,,,,,,,,,,,,,,,,,,,,,,,,,,,,,,,,,,,,,,,,,,,,,,
4c,2,0,1,0.42,,,,,,,,,,,,,,,,,,,,,,,,,,,,,,,,,,,,,,,,,,,,,,,,,,,,,,,,,,,,,,,,,,,,,,,,,,,,,,,,,,,,,,,,,,,,,,,,,,,,,,,,,,,,,,,,,,,,,,,,,,,,,,,,,,,,,,,,,,,,,,,,,,,,,,,,,,,,,,,,,,,,,,,,,,,,,,,,,,,,,,,,,,,,,,,,
5a,2,0,1,0.08,title,,0,0,never_instantiated,0,,,,,0,0,,company_type,1,0,never_instantiated,0,,,,,0,0,,movie_companies,0,0,never_instantiated,0,,,,,0,0,,info_type,110,0,never_instantiated,0,,,,,0,0,movie_info,,8,0,never_instantiated,0,,,,,0,0,,,,,,,,,,,,,,,,,,,,,,,,,,,,,,,,,,,,,,,,,,,,,,,,,,,,,,,,,,,,,,,,,,,,,,,,,,,,,,,,,,,,,,,,,,,,,,,,,,,,,,,,,,,,,,,,,,,,,,,,,,,,,,,,,,,,
5b,2,0,1,0.20,title,,0,0,never_instantiated,0,,,,,0,0,,company_type,1,0,never_instantiated,0,,,,,0,0,,movie_companies,0,0,never_instantiated,0,,,,,0,0,movie_info,info_type,110,0,never_instantiated,0,,,,,0,0,,,,,,,,,,,,,,,,,,,,,,,,,,,,,,,,,,,,,,,,,,,,,,,,,,,,,,,,,,,,,,,,,,,,,,,,,,,,,,,,,,,,,,,,,,,,,,,,,,,,,,,,,,,,,,,,,,,,,,,,,,,,,,,,,,,,,,,,,,,,,,,,
5c,2,0,1,1.14,title,,691,0,never_instantiated,0,,,,,0,0,,company_type,1,0,never_instantiated,0,,,,,0,0,,movie_companies,798,0,never_instantiated,0,,,,,0,0,,info_type,110,0,never_instantiated,0,,,,,0,0,movie_info,,10,0,never_instantiated,0,,,,,0,0,,,,,,,,,,,,,,,,,,,,,,,,,,,,,,,,,,,,,,,,,,,,,,,,,,,,,,,,,,,,,,,,,,,,,,,,,,,,,,,,,,,,,,,,,,,,,,,,,,,,,,,,,,,,,,,,,,,,,,,,,,,,,,,,,,,,
6a,2,0,1,0.53,title,,6,0,never_instantiated,0,,,,,0,0,name,,6,0,never_instantiated,0,,,,,0,0,,keyword,1,0,never_instantiated,0,,,,,0,0,cast_info,movie_keyword,14,0,never_instantiated,0,,,,,0,0,,,,,,,,,,,,,,,,,,,,,,,,,,,,,,,,,,,,,,,,,,,,,,,,,,,,,,,,,,,,,,,,,,,,,,,,,,,,,,,,,,,,,,,,,,,,,,,,,,,,,,,,,,,,,,,,,,,,,,,,,,,,,,,,,,,,,,,,,,,,,,,,
6b,2,0,1,0.73,,title,438,0,never_instantiated,0,,,,,0,0,,name,2,0,never_instantiated,0,,,,,0,0,,,8,0,never_instantiated,0,,,,,0,0,cast_info,movie_keyword,4523930,0,never_instantiated,0,,,,,0,0,keyword,,8,0,never_instantiated,0,,,,,0,0,,,,,,,,,,,,,,,,,,,,,,,,,,,,,,,,,,,,,,,,,,,,,,,,,,,,,,,,,,,,,,,,,,,,,,,,,,,,,,,,,,,,,,,,,,,,,,,,,,,,,,,,,,,,,,,,,,,,,,,,,,,,,,,,,,,,
6c,2,0,1,0.42,title,,2,0,never_instantiated,0,,,,,0,0,name,,2,0,never_instantiated,0,,,,,0,0,,keyword,1,0,never_instantiated,0,,,,,0,0,cast_info,movie_keyword,14,0,never_instantiated,0,,,,,0,0,,,,,,,,,,,,,,,,,,,,,,,,,,,,,,,,,,,,,,,,,,,,,,,,,,,,,,,,,,,,,,,,,,,,,,,,,,,,,,,,,,,,,,,,,,,,,,,,,,,,,,,,,,,,,,,,,,,,,,,,,,,,,,,,,,,,,,,,,,,,,,,,
6d,2,0,1,0.96,,title,1381132,0,never_instantiated,0,,,,,0,0,,name,2,0,never_instantiated,0,,,,,0,0,,,8,0,never_instantiated,0,,,,,0,0,cast_info,movie_keyword,4523930,0,never_instantiated,0,,,,,0,0,keyword,,8,0,never_instantiated,0,,,,,0,0,,,,,,,,,,,,,,,,,,,,,,,,,,,,,,,,,,,,,,,,,,,,,,,,,,,,,,,,,,,,,,,,,,,,,,,,,,,,,,,,,,,,,,,,,,,,,,,,,,,,,,,,,,,,,,,,,,,,,,,,,,,,,,,,,,,,
6e,2,0,1,0.43,title,,6,0,never_instantiated,0,,,,,0,0,name,,6,0,never_instantiated,0,,,,,0,0,,keyword,1,0,never_instantiated,0,,,,,0,0,cast_info,movie_keyword,14,0,never_instantiated,0,,,,,0,0,,,,,,,,,,,,,,,,,,,,,,,,,,,,,,,,,,,,,,,,,,,,,,,,,,,,,,,,,,,,,,,,,,,,,,,,,,,,,,,,,,,,,,,,,,,,,,,,,,,,,,,,,,,,,,,,,,,,,,,,,,,,,,,,,,,,,,,,,,,,,,,,
6f,2,0,1,12.77,,title,1381132,0,never_instantiated,0,,,,,0,0,,name,4061926,0,never_instantiated,0,,,,,0,0,,,8,0,never_instantiated,0,,,,,0,0,cast_info,movie_keyword,4523930,0,never_instantiated,0,,,,,0,0,keyword,,8,0,never_instantiated,0,,,,,0,0,,,,,,,,,,,,,,,,,,,,,,,,,,,,,,,,,,,,,,,,,,,,,,,,,,,,,,,,,,,,,,,,,,,,,,,,,,,,,,,,,,,,,,,,,,,,,,,,,,,,,,,,,,,,,,,,,,,,,,,,,,,,,,,,,,,,
7a,2,0,1,1.04,title,,32,0,never_instantiated,0,,,,,0,0,info_type,,32,0,never_instantiated,0,,,,,0,0,person_info,,182,0,never_instantiated,0,,,,,0,0,,link_type,1,0,never_instantiated,0,,,,,0,0,,movie_link,5186,0,never_instantiated,0,,,,,0,0,,name,1926,0,never_instantiated,0,,,,,0,0,cast_info,aka_name,759,0,never_instantiated,0,,,,,0,0,,,,,,,,,,,,,,,,,,,,,,,,,,,,,,,,,,,,,,,,,,,,,,,,,,,,,,,,,,,,,,,,,,,,,,,,,,,,,,,,,,,,,,,,,,,,,,,,,,,,,,,,,,,,
7b,2,0,1,1.05,title,,16,0,never_instantiated,0,,,,,0,0,info_type,,16,0,never_instantiated,0,,,,,0,0,,person_info,62,0,never_instantiated,0,,,,,0,0,name,,85,0,never_instantiated,0,,,,,0,0,,link_type,1,0,never_instantiated,0,,,,,0,0,,movie_link,5186,0,never_instantiated,0,,,,,0,0,cast_info,aka_name,2055,0,never_instantiated,0,,,,,0,0,,,,,,,,,,,,,,,,,,,,,,,,,,,,,,,,,,,,,,,,,,,,,,,,,,,,,,,,,,,,,,,,,,,,,,,,,,,,,,,,,,,,,,,,,,,,,,,,,,,,,,,,,,,,
7c,2,0,1,1.81,title,,109842,0,never_instantiated,0,,,,,0,0,,info_type,1,0,never_instantiated,0,,,,,0,0,person_info,,98922,0,never_instantiated,0,,,,,0,0,,link_type,4,0,never_instantiated,0,,,,,0,0,,movie_link,21505,0,never_instantiated,0,,,,,0,0,,name,12858,0,never_instantiated,0,,,,,0,0,cast_info,aka_name,12233,0,never_instantiated,0,,,,,0,0,,,,,,,,,,,,,,,,,,,,,,,,,,,,,,,,,,,,,,,,,,,,,,,,,,,,,,,,,,,,,,,,,,,,,,,,,,,,,,,,,,,,,,,,,,,,,,,,,,,,,,,,,,,,
8a,2,0,1,0.90,title,,62,0,never_instantiated,0,,,,,0,0,role_type,,62,0,never_instantiated,0,,,,,0,0,name,,80,0,never_instantiated,0,,,,,0,0,company_name,,82,0,never_instantiated,0,,,,,0,0,movie_companies,,52,0,never_instantiated,0,,,,,0,0,aka_name,cast_info,4563,0,never_instantiated,0,,,,,0,0,,,,,,,,,,,,,,,,,,,,,,,,,,,,,,,,,,,,,,,,,,,,,,,,,,,,,,,,,,,,,,,,,,,,,,,,,,,,,,,,,,,,,,,,,,,,,,,,,,,,,,,,,,,,,,,,,,,,,,,,
8b,2,0,1,0.89,title,,6,0,never_instantiated,0,,,,,0,0,role_type,,6,0,never_instantiated,0,,,,,0,0,name,,6,0,never_instantiated,0,,,,,0,0,company_name,,6,0,never_instantiated,0,,,,,0,0,movie_companies,,6,0,never_instantiated,0,,,,,0,0,aka_name,cast_info,25,0,never_instantiated,0,,,,,0,0,,,,,,,,,,,,,,,,,,,,,,,,,,,,,,,,,,,,,,,,,,,,,,,,,,,,,,,,,,,,,,,,,,,,,,,,,,,,,,,,,,,,,,,,,,,,,,,,,,,,,,,,,,,,,,,,,,,,,,,,
8c,2,0,1,2.30,title,,2487611,0,never_instantiated,0,,,,,0,0,,role_type,1,0,never_instantiated,0,,,,,0,0,name,,2487611,0,never_instantiated,0,,,,,0,0,,company_name,84843,0,never_instantiated,0,,,,,0,0,,movie_companies,2609129,0,never_instantiated,0,,,,,0,0,cast_info,aka_name,772581,0,never_instantiated,0,,,,,0,0,,,,,,,,,,,,,,,,,,,,,,,,,,,,,,,,,,,,,,,,,,,,,,,,,,,,,,,,,,,,,,,,,,,,,,,,,,,,,,,,,,,,,,,,,,,,,,,,,,,,,,,,,,,,,,,,,,,,,,,,
8d,2,0,1,0.93,title,,323005,0,never_instantiated,0,,,,,0,0,,role_type,1,0,never_instantiated,0,,,,,0,0,name,,323005,0,never_instantiated,0,,,,,0,0,,company_name,84843,0,never_instantiated,0,,,,,0,0,,movie_companies,2609129,0,never_instantiated,0,,,,,0,0,cast_info,aka_name,772581,0,never_instantiated,0,,,,,0,0,,,,,,,,,,,,,,,,,,,,,,,,,,,,,,,,,,,,,,,,,,,,,,,,,,,,,,,,,,,,,,,,,,,,,,,,,,,,,,,,,,,,,,,,,,,,,,,,,,,,,,,,,,,,,,,,,,,,,,,,
9a,2,0,1,1.22,title,,341,0,never_instantiated,0,,,,,0,0,,role_type,1,0,never_instantiated,0,,,,,0,0,name,,404,0,never_instantiated,0,,,,,0,0,,company_name,84843,0,never_instantiated,0,,,,,0,0,,movie_companies,590994,0,never_instantiated,0,,,,,0,0,char_name,,462,0,never_instantiated,0,,,,,0,0,cast_info,aka_name,772581,0,never_instantiated,0,,,,,0,0,,,,,,,,,,,,,,,,,,,,,,,,,,,,,,,,,,,,,,,,,,,,,,,,,,,,,,,,,,,,,,,,,,,,,,,,,,,,,,,,,,,,,,,,,,,,,,,,,,,,,,,,,,,,
9b,2,0,1,0.95,title,,94,0,never_instantiated,0,,,,,0,0,role_type,,94,0,never_instantiated,0,,,,,0,0,name,,117,0,never_instantiated,0,,,,,0,0,company_name,,117,0,never_instantiated,0,,,,,0,0,movie_companies,,69,0,never_instantiated,0,,,,,0,0,char_name,,69,0,never_instantiated,0,,,,,0,0,aka_name,cast_info,22022,0,never_instantiated,0,,,,,0,0,,,,,,,,,,,,,,,,,,,,,,,,,,,,,,,,,,,,,,,,,,,,,,,,,,,,,,,,,,,,,,,,,,,,,,,,,,,,,,,,,,,,,,,,,,,,,,,,,,,,,,,,,,,,
9c,2,0,1,1.24,title,,8144,0,never_instantiated,0,,,,,0,0,,role_type,1,0,never_instantiated,0,,,,,0,0,name,,8194,0,never_instantiated,0,,,,,0,0,,company_name,84843,0,never_instantiated,0,,,,,0,0,,movie_companies,2609129,0,never_instantiated,0,,,,,0,0,char_name,,7775,0,never_instantiated,0,,,,,0,0,cast_info,aka_name,772581,0,never_instantiated,0,,,,,0,0,,,,,,,,,,,,,,,,,,,,,,,,,,,,,,,,,,,,,,,,,,,,,,,,,,,,,,,,,,,,,,,,,,,,,,,,,,,,,,,,,,,,,,,,,,,,,,,,,,,,,,,,,,,,
9d,2,0,1,1.84,title,,483082,0,never_instantiated,0,,,,,0,0,,role_type,1,0,never_instantiated,0,,,,,0,0,name,,483198,0,never_instantiated,0,,,,,0,0,,company_name,84843,0,never_instantiated,0,,,,,0,0,,movie_companies,2609129,0,never_instantiated,0,,,,,0,0,char_name,,483319,0,never_instantiated,0,,,,,0,0,cast_info,aka_name,772581,0,never_instantiated,0,,,,,0,0,,,,,,,,,,,,,,,,,,,,,,,,,,,,,,,,,,,,,,,,,,,,,,,,,,,,,,,,,,,,,,,,,,,,,,,,,,,,,,,,,,,,,,,,,,,,,,,,,,,,,,,,,,,,
10a,2,0,1,1.22,title,,265,0,never_instantiated,0,,,,,0,0,,role_type,1,0,never_instantiated,0,,,,,0,0,,company_type,2,0,never_instantiated,0,,,,,0,0,,company_name,1361,0,never_instantiated,0,,,,,0,0,,movie_companies,9252,0,never_instantiated,0,,,,,0,0,cast_info,char_name,3140339,0,never_instantiated,0,,,,,0,0,,,,,,,,,,,,,,,,,,,,,,,,,,,,,,,,,,,,,,,,,,,,,,,,,,,,,,,,,,,,,,,,,,,,,,,,,,,,,,,,,,,,,,,,,,,,,,,,,,,,,,,,,,,,,,,,,,,,,,,,
10b,2,0,1,1.23,title,,0,0,never_instantiated,0,,,,,0,0,,role_type,1,0,never_instantiated,0,,,,,0,0,,company_type,2,0,never_instantiated,0,,,,,0,0,,company_name,1361,0,never_instantiated,0,,,,,0,0,,movie_companies,9252,0,never_instantiated,0,,,,,0,0,cast_info,char_name,3140339,0,never_instantiated,0,,,,,0,0,,,,,,,,,,,,,,,,,,,,,,,,,,,,,,,,,,,,,,,,,,,,,,,,,,,,,,,,,,,,,,,,,,,,,,,,,,,,,,,,,,,,,,,,,,,,,,,,,,,,,,,,,,,,,,,,,,,,,,,,
10c,2,0,1,2.03,title,,14,0,never_instantiated,0,,,,,0,0,,role_type,11,0,never_instantiated,0,,,,,0,0,,company_type,2,0,never_instantiated,0,,,,,0,0,,company_name,84843,0,never_instantiated,0,,,,,0,0,,movie_companies,2609129,0,never_instantiated,0,,,,,0,0,cast_info,char_name,3140339,0,never_instantiated,0,,,,,0,0,,,,,,,,,,,,,,,,,,,,,,,,,,,,,,,,,,,,,,,,,,,,,,,,,,,,,,,,,,,,,,,,,,,,,,,,,,,,,,,,,,,,,,,,,,,,,,,,,,,,,,,,,,,,,,,,,,,,,,,,
11a,2,0,1,0.10,title,,402,0,never_instantiated,0,,,,,0,0,link_type,,402,0,never_instantiated,0,,,,,0,0,movie_link,,26,0,never_instantiated,0,,,,,0,0,,company_type,1,0,never_instantiated,0,,,,,0,0,company_name,,26,0,never_instantiated,0,,,,,0,0,movie_companies,,12,0,never_instantiated,0,,,,,0,0,movie_keyword,keyword,1,0,never_instantiated,0,,,,,0,0,,,,,,,,,,,,,,,,,,,,,,,,,,,,,,,,,,,,,,,,,,,,,,,,,,,,,,,,,,,,,,,,,,,,,,,,,,,,,,,,,,,,,,,,,,,,,,,,,,,,,,,,,,,,
11b,2,0,1,0.26,title,,14,0,never_instantiated,0,,,,,0,0,link_type,,14,0,never_instantiated,0,,,,,0,0,movie_link,,2,0,never_instantiated,0,,,,,0,0,,company_type,1,0,never_instantiated,0,,,,,0,0,company_name,,2,0,never_instantiated,0,,,,,0,0,movie_companies,,1,0,never_instantiated,0,,,,,0,0,movie_keyword,keyword,1,0,never_instantiated,0,,,,,0,0,,,,,,,,,,,,,,,,,,,,,,,,,,,,,,,,,,,,,,,,,,,,,,,,,,,,,,,,,,,,,,,,,,,,,,,,,,,,,,,,,,,,,,,,,,,,,,,,,,,,,,,,,,,,
11c,2,0,1,0.16,title,,6946,0,never_instantiated,0,,,,,0,0,,link_type,17,0,never_instantiated,0,,,,,0,0,movie_link,,43,0,never_instantiated,0,,,,,0,0,,company_type,1,0,never_instantiated,0,,,,,0,0,,company_name,89,0,never_instantiated,0,,,,,0,0,movie_companies,,5,0,never_instantiated,0,,,,,0,0,movie_keyword,keyword,3,0,never_instantiated,0,,,,,0,0,,,,,,,,,,,,,,,,,,,,,,,,,,,,,,,,,,,,,,,,,,,,,,,,,,,,,,,,,,,,,,,,,,,,,,,,,,,,,,,,,,,,,,,,,,,,,,,,,,,,,,,,,,,,
11d,2,0,1,0.24,title,,14899,0,never_instantiated,0,,,,,0,0,,link_type,17,0,never_instantiated,0,,,,,0,0,movie_link,,931,0,never_instantiated,0,,,,,0,0,,company_type,1,0,never_instantiated,0,,,,,0,0,,company_name,210031,0,never_instantiated,0,,,,,0,0,movie_companies,,480,0,never_instantiated,0,,,,,0,0,movie_keyword,keyword,3,0,never_instantiated,0,,,,,0,0,,,,,,,,,,,,,,,,,,,,,,,,,,,,,,,,,,,,,,,,,,,,,,,,,,,,,,,,,,,,,,,,,,,,,,,,,,,,,,,,,,,,,,,,,,,,,,,,,,,,,,,,,,,,
12a,2,0,1,0.32,title,,1311,0,never_instantiated,0,,,,,0,0,,info_type,1,0,never_instantiated,0,,,,,0,0,movie_info_idx,,1493,0,never_instantiated,0,,,,,0,0,,company_type,1,0,never_instantiated,0,,,,,0,0,,company_name,84843,0,never_instantiated,0,,,,,0,0,movie_companies,,2434,0,never_instantiated,0,,,,,0,0,movie_info,info_type,1,0,never_instantiated,0,,,,,0,0,,,,,,,,,,,,,,,,,,,,,,,,,,,,,,,,,,,,,,,,,,,,,,,,,,,,,,,,,,,,,,,,,,,,,,,,,,,,,,,,,,,,,,,,,,,,,,,,,,,,,,,,,,,,
12b,2,0,1,0.31,title,,10,0,never_instantiated,0,,,,,0,0,,info_type,1,0,never_instantiated,0,,,,,0,0,movie_info_idx,,10,0,never_instantiated,0,,,,,0,0,,company_name,84843,0,never_instantiated,0,,,,,0,0,,company_type,2,0,never_instantiated,0,,,,,0,0,movie_companies,,2,0,never_instantiated,0,,,,,0,0,movie_info,info_type,1,0,never_instantiated,0,,,,,0,0,,,,,,,,,,,,,,,,,,,,,,,,,,,,,,,,,,,,,,,,,,,,,,,,,,,,,,,,,,,,,,,,,,,,,,,,,,,,,,,,,,,,,,,,,,,,,,,,,,,,,,,,,,,,
12c,2,0,1,0.42,title,,12752,0,never_instantiated,0,,,,,0,0,,info_type,1,0,never_instantiated,0,,,,,0,0,movie_info_idx,,12919,0,never_instantiated,0,,,,,0,0,,company_type,1,0,never_instantiated,0,,,,,0,0,,company_name,84843,0,never_instantiated,0,,,,,0,0,movie_companies,,22647,0,never_instantiated,0,,,,,0,0,movie_info,info_type,1,0,never_instantiated,0,,,,,0,0,,,,,,,,,,,,,,,,,,,,,,,,,,,,,,,,,,,,,,,,,,,,,,,,,,,,,,,,,,,,,,,,,,,,,,,,,,,,,,,,,,,,,,,,,,,,,,,,,,,,,,,,,,,,
13a,2,0,1,0.55,,kind_type,1,0,never_instantiated,0,,,,,0,0,title,,111109,0,never_instantiated,0,,,,,0,0,,info_type,1,0,never_instantiated,0,,,,,0,0,movie_info_idx,,129009,0,never_instantiated,0,,,,,0,0,,company_type,1,0,never_instantiated,0,,,,,0,0,,company_name,9775,0,never_instantiated,0,,,,,0,0,movie_companies,,78868,0,never_instantiated,0,,,,,0,0,movie_info,info_type,1,0,never_instantiated,0,,,,,0,0,,,,,,,,,,,,,,,,,,,,,,,,,,,,,,,,,,,,,,,,,,,,,,,,,,,,,,,,,,,,,,,,,,,,,,,,,,,,,,,,,,,,,,,,,,,,,,,,
13b,2,0,1,0.26,,kind_type,1,0,never_instantiated,0,,,,,0,0,title,,720,0,never_instantiated,0,,,,,0,0,,info_type,1,0,never_instantiated,0,,,,,0,0,movie_info_idx,,966,0,never_instantiated,0,,,,,0,0,,company_type,1,0,never_instantiated,0,,,,,0,0,,company_name,84843,0,never_instantiated,0,,,,,0,0,movie_companies,,1170,0,never_instantiated,0,,,,,0,0,movie_info,info_type,1,0,never_instantiated,0,,,,,0,0,,,,,,,,,,,,,,,,,,,,,,,,,,,,,,,,,,,,,,,,,,,,,,,,,,,,,,,,,,,,,,,,,,,,,,,,,,,,,,,,,,,,,,,,,,,,,,,,
13c,2,0,1,0.21,,kind_type,1,0,never_instantiated,0,,,,,0,0,title,,89,0,never_instantiated,0,,,,,0,0,,info_type,1,0,never_instantiated,0,,,,,0,0,movie_info_idx,,109,0,never_instantiated,0,,,,,0,0,,company_type,1,0,never_instantiated,0,,,,,0,0,,company_name,84843,0,never_instantiated,0,,,,,0,0,movie_companies,,244,0,never_instantiated,0,,,,,0,0,movie_info,info_type,1,0,never_instantiated,0,,,,,0,0,,,,,,,,,,,,,,,,,,,,,,,,,,,,,,,,,,,,,,,,,,,,,,,,,,,,,,,,,,,,,,,,,,,,,,,,,,,,,,,,,,,,,,,,,,,,,,,,
13d,2,0,1,0.94,,kind_type,1,0,never_instantiated,0,,,,,0,0,title,,670463,0,never_instantiated,0,,,,,0,0,,info_type,1,0,never_instantiated,0,,,,,0,0,movie_info_idx,,795973,0,never_instantiated,0,,,,,0,0,,company_type,1,0,never_instantiated,0,,,,,0,0,,company_name,84843,0,never_instantiated,0,,,,,0,0,movie_companies,,957345,0,never_instantiated,0,,,,,0,0,movie_info,info_type,1,0,never_instantiated,0,,,,,0,0,,,,,,,,,,,,,,,,,,,,,,,,,,,,,,,,,,,,,,,,,,,,,,,,,,,,,,,,,,,,,,,,,,,,,,,,,,,,,,,,,,,,,,,,,,,,,,,,
14a,2,0,1,0.24,,kind_type,1,0,never_instantiated,0,,,,,0,0,title,,772,0,never_instantiated,0,,,,,0,0,keyword,,772,0,never_instantiated,0,,,,,0,0,movie_keyword,,529,0,never_instantiated,0,,,,,0,0,,info_type,1,0,never_instantiated,0,,,,,0,0,movie_info_idx,,938,0,never_instantiated,0,,,,,0,0,,info_type,1,0,never_instantiated,0,,,,,0,0,movie_info,,10,0,never_instantiated,0,,,,,0,0,,,,,,,,,,,,,,,,,,,,,,,,,,,,,,,,,,,,,,,,,,,,,,,,,,,,,,,,,,,,,,,,,,,,,,,,,,,,,,,,,,,,,,,,,,,,,,,,
14b,2,0,1,0.25,,kind_type,1,0,never_instantiated,0,,,,,0,0,title,,7,0,never_instantiated,0,,,,,0,0,keyword,,7,0,never_instantiated,0,,,,,0,0,movie_keyword,,7,0,never_instantiated,0,,,,,0,0,,info_type,1,0,never_instantiated,0,,,,,0,0,movie_info_idx,,16,0,never_instantiated,0,,,,,0,0,,info_type,1,0,never_instantiated,0,,,,,0,0,movie_info,,10,0,never_instantiated,0,,,,,0,0,,,,,,,,,,,,,,,,,,,,,,,,,,,,,,,,,,,,,,,,,,,,,,,,,,,,,,,,,,,,,,,,,,,,,,,,,,,,,,,,,,,,,,,,,,,,,,,,
14c,2,0,1,0.41,,kind_type,2,0,never_instantiated,0,,,,,0,0,title,,20967,0,never_instantiated,0,,,,,0,0,keyword,,20967,0,never_instantiated,0,,,,,0,0,movie_keyword,,15227,0,never_instantiated,0,,,,,0,0,,info_type,1,0,never_instantiated,0,,,,,0,0,movie_info_idx,,17733,0,never_instantiated,0,,,,,0,0,,info_type,1,0,never_instantiated,0,,,,,0,0,movie_info,,10,0,never_instantiated,0,,,,,0,0,,,,,,,,,,,,,,,,,,,,,,,,,,,,,,,,,,,,,,,,,,,,,,,,,,,,,,,,,,,,,,,,,,,,,,,,,,,,,,,,,,,,,,,,,,,,,,,,
15a,2,0,1,0.89,title,,482,0,never_instantiated,0,,,,,0,0,keyword,,482,0,never_instantiated,0,,,,,0,0,movie_keyword,,71,0,never_instantiated,0,,,,,0,0,company_type,,71,0,never_instantiated,0,,,,,0,0,company_name,,76,0,never_instantiated,0,,,,,0,0,movie_companies,,52,0,never_instantiated,0,,,,,0,0,,info_type,1,0,never_instantiated,0,,,,,0,0,movie_info,aka_title,361379,0,never_instantiated,0,,,,,0,0,,,,,,,,,,,,,,,,,,,,,,,,,,,,,,,,,,,,,,,,,,,,,,,,,,,,,,,,,,,,,,,,,,,,,,,,,,,,,,,,,,,,,,,,,,,,,,,,
15b,2,0,1,0.62,title,,37,0,never_instantiated,0,,,,,0,0,keyword,,37,0,never_instantiated,0,,,,,0,0,movie_keyword,,3,0,never_instantiated,0,,,,,0,0,company_type,,3,0,never_instantiated,0,,,,,0,0,,company_name,1,0,never_instantiated,0,,,,,0,0,movie_companies,,3,0,never_instantiated,0,,,,,0,0,,info_type,1,0,never_instantiated,0,,,,,0,0,movie_info,aka_title,361379,0,never_instantiated,0,,,,,0,0,,,,,,,,,,,,,,,,,,,,,,,,,,,,,,,,,,,,,,,,,,,,,,,,,,,,,,,,,,,,,,,,,,,,,,,,,,,,,,,,,,,,,,,,,,,,,,,,
15c,2,0,1,0.79,title,,2271,0,never_instantiated,0,,,,,0,0,keyword,,2271,0,never_instantiated,0,,,,,0,0,movie_keyword,,284,0,never_instantiated,0,,,,,0,0,,company_type,2,0,never_instantiated,0,,,,,0,0,,company_name,84843,0,never_instantiated,0,,,,,0,0,movie_companies,,120,0,never_instantiated,0,,,,,0,0,,info_type,1,0,never_instantiated,0,,,,,0,0,movie_info,aka_title,361379,0,never_instantiated,0,,,,,0,0,,,,,,,,,,,,,,,,,,,,,,,,,,,,,,,,,,,,,,,,,,,,,,,,,,,,,,,,,,,,,,,,,,,,,,,,,,,,,,,,,,,,,,,,,,,,,,,,
15d,2,0,1,0.64,title,,11557,0,never_instantiated,0,,,,,0,0,keyword,,11557,0,never_instantiated,0,,,,,0,0,movie_keyword,,896,0,never_instantiated,0,,,,,0,0,,company_type,2,0,never_instantiated,0,,,,,0,0,,company_name,84843,0,never_instantiated,0,,,,,0,0,movie_companies,,591,0,never_instantiated,0,,,,,0,0,,info_type,1,0,never_instantiated,0,,,,,0,0,movie_info,aka_title,361379,0,never_instantiated,0,,,,,0,0,,,,,,,,,,,,,,,,,,,,,,,,,,,,,,,,,,,,,,,,,,,,,,,,,,,,,,,,,,,,,,,,,,,,,,,,,,,,,,,,,,,,,,,,,,,,,,,,
16a,2,0,1,1.26,title,,385,0,never_instantiated,0,,,,,0,0,name,,385,0,never_instantiated,0,,,,,0,0,,keyword,1,0,never_instantiated,0,,,,,0,0,movie_keyword,,391,0,never_instantiated,0,,,,,0,0,,company_name,84843,0,never_instantiated,0,,,,,0,0,,movie_companies,2609129,0,never_instantiated,0,,,,,0,0,cast_info,aka_name,772581,0,never_instantiated,0,,,,,0,0,,,,,,,,,,,,,,,,,,,,,,,,,,,,,,,,,,,,,,,,,,,,,,,,,,,,,,,,,,,,,,,,,,,,,,,,,,,,,,,,,,,,,,,,,,,,,,,,,,,,,,,,,,,,
16b,2,0,1,4.35,title,,3710592,0,never_instantiated,0,,,,,0,0,name,,3710592,0,never_instantiated,0,,,,,0,0,,keyword,1,0,never_instantiated,0,,,,,0,0,movie_keyword,,3719996,0,never_instantiated,0,,,,,0,0,,company_name,84843,0,never_instantiated,0,,,,,0,0,,movie_companies,2609129,0,never_instantiated,0,,,,,0,0,cast_info,aka_name,772581,0,never_instantiated,0,,,,,0,0,,,,,,,,,,,,,,,,,,,,,,,,,,,,,,,,,,,,,,,,,,,,,,,,,,,,,,,,,,,,,,,,,,,,,,,,,,,,,,,,,,,,,,,,,,,,,,,,,,,,,,,,,,,,
16c,2,0,1,4.01,title,,3710592,0,never_instantiated,0,,,,,0,0,name,,3710592,0,never_instantiated,0,,,,,0,0,,keyword,1,0,never_instantiated,0,,,,,0,0,movie_keyword,,3719996,0,never_instantiated,0,,,,,0,0,,company_name,84843,0,never_instantiated,0,,,,,0,0,,movie_companies,2609129,0,never_instantiated,0,,,,,0,0,cast_info,aka_name,772581,0,never_instantiated,0,,,,,0,0,,,,,,,,,,,,,,,,,,,,,,,,,,,,,,,,,,,,,,,,,,,,,,,,,,,,,,,,,,,,,,,,,,,,,,,,,,,,,,,,,,,,,,,,,,,,,,,,,,,,,,,,,,,,
16d,2,0,1,4.10,title,,3710592,0,never_instantiated,0,,,,,0,0,name,,3710592,0,never_instantiated,0,,,,,0,0,,keyword,1,0,never_instantiated,0,,,,,0,0,movie_keyword,,3719996,0,never_instantiated,0,,,,,0,0,,company_name,84843,0,never_instantiated,0,,,,,0,0,,movie_companies,2609129,0,never_instantiated,0,,,,,0,0,cast_info,aka_name,772581,0,never_instantiated,0,,,,,0,0,,,,,,,,,,,,,,,,,,,,,,,,,,,,,,,,,,,,,,,,,,,,,,,,,,,,,,,,,,,,,,,,,,,,,,,,,,,,,,,,,,,,,,,,,,,,,,,,,,,,,,,,,,,,
17a,2,0,1,2.28,title,,258289,0,never_instantiated,0,,,,,0,0,name,,2832555,0,never_instantiated,0,,,,,0,0,,keyword,1,0,never_instantiated,0,,,,,0,0,movie_keyword,,2839514,0,never_instantiated,0,,,,,0,0,,company_name,84843,0,never_instantiated,0,,,,,0,0,cast_info,movie_companies,2609129,0,never_instantiated,0,,,,,0,0,,,,,,,,,,,,,,,,,,,,,,,,,,,,,,,,,,,,,,,,,,,,,,,,,,,,,,,,,,,,,,,,,,,,,,,,,,,,,,,,,,,,,,,,,,,,,,,,,,,,,,,,,,,,,,,,,,,,,,,,
17b,2,0,1,2.98,title,,52306,0,never_instantiated,0,,,,,0,0,name,,7796926,0,never_instantiated,0,,,,,0,0,,keyword,1,0,never_instantiated,0,,,,,0,0,,movie_keyword,41838,0,never_instantiated,0,,,,,0,0,,company_name,234997,0,never_instantiated,0,,,,,0,0,cast_info,movie_companies,2609129,0,never_instantiated,0,,,,,0,0,,,,,,,,,,,,,,,,,,,,,,,,,,,,,,,,,,,,,,,,,,,,,,,,,,,,,,,,,,,,,,,,,,,,,,,,,,,,,,,,,,,,,,,,,,,,,,,,,,,,,,,,,,,,,,,,,,,,,,,,
17c,2,0,1,0.92,title,,1918,0,never_instantiated,0,,,,,0,0,name,,3151,0,never_instantiated,0,,,,,0,0,,keyword,1,0,never_instantiated,0,,,,,0,0,,movie_keyword,41838,0,never_instantiated,0,,,,,0,0,,company_name,234997,0,never_instantiated,0,,,,,0,0,cast_info,movie_companies,2609129,0,never_instantiated,0,,,,,0,0,,,,,,,,,,,,,,,,,,,,,,,,,,,,,,,,,,,,,,,,,,,,,,,,,,,,,,,,,,,,,,,,,,,,,,,,,,,,,,,,,,,,,,,,,,,,,,,,,,,,,,,,,,,,,,,,,,,,,,,,
17d,2,0,1,1.32,title,,11538,0,never_instantiated,0,,,,,0,0,name,,13400,0,never_instantiated,0,,,,,0,0,,keyword,1,0,never_instantiated,0,,,,,0,0,,movie_keyword,41838,0,never_instantiated,0,,,,,0,0,,company_name,234997,0,never_instantiated,0,,,,,0,0,cast_info,movie_companies,2609129,0,never_instantiated,0,,,,,0,0,,,,,,,,,,,,,,,,,,,,,,,,,,,,,,,,,,,,,,,,,,,,,,,,,,,,,,,,,,,,,,,,,,,,,,,,,,,,,,,,,,,,,,,,,,,,,,,,,,,,,,,,,,,,,,,,,,,,,,,,
17e,2,0,1,3.07,title,,2832555,0,never_instantiated,0,,,,,0,0,name,,2832555,0,never_instantiated,0,,,,,0,0,,keyword,1,0,never_instantiated,0,,,,,0,0,movie_keyword,,2839514,0,never_instantiated,0,,,,,0,0,,company_name,84843,0,never_instantiated,0,,,,,0,0,cast_info,movie_companies,2609129,0,never_instantiated,0,,,,,0,0,,,,,,,,,,,,,,,,,,,,,,,,,,,,,,,,,,,,,,,,,,,,,,,,,,,,,,,,,,,,,,,,,,,,,,,,,,,,,,,,,,,,,,,,,,,,,,,,,,,,,,,,,,,,,,,,,,,,,,,,
17f,2,0,1,2.01,title,,1113120,0,never_instantiated,0,,,,,0,0,name,,1128232,0,never_instantiated,0,,,,,0,0,,keyword,1,0,never_instantiated,0,,,,,0,0,,movie_keyword,41838,0,never_instantiated,0,,,,,0,0,,company_name,234997,0,never_instantiated,0,,,,,0,0,cast_info,movie_companies,2609129,0,never_instantiated,0,,,,,0,0,,,,,,,,,,,,,,,,,,,,,,,,,,,,,,,,,,,,,,,,,,,,,,,,,,,,,,,,,,,,,,,,,,,,,,,,,,,,,,,,,,,,,,,,,,,,,,,,,,,,,,,,,,,,,,,,,,,,,,,,
18a,2,0,1,1.41,title,,410,0,never_instantiated,0,,,,,0,0,name,,422,0,never_instantiated,0,,,,,0,0,,info_type,1,0,never_instantiated,0,,,,,0,0,movie_info_idx,,715,0,never_instantiated,0,,,,,0,0,,info_type,1,0,never_instantiated,0,,,,,0,0,movie_info,cast_info,717,0,never_instantiated,0,,,,,0,0,,,,,,,,,,,,,,,,,,,,,,,,,,,,,,,,,,,,,,,,,,,,,,,,,,,,,,,,,,,,,,,,,,,,,,,,,,,,,,,,,,,,,,,,,,,,,,,,,,,,,,,,,,,,,,,,,,,,,,,,
18b,2,0,1,1.48,title,,16,0,never_instantiated,0,,,,,0,0,name,,412,0,never_instantiated,0,,,,,0,0,,info_type,1,0,never_instantiated,0,,,,,0,0,movie_info_idx,,488,0,never_instantiated,0,,,,,0,0,,info_type,1,0,never_instantiated,0,,,,,0,0,,movie_info,869,0,never_instantiated,0,,,,,0,0,cast_info,,5,0,never_instantiated,0,,,,,0,0,,,,,,,,,,,,,,,,,,,,,,,,,,,,,,,,,,,,,,,,,,,,,,,,,,,,,,,,,,,,,,,,,,,,,,,,,,,,,,,,,,,,,,,,,,,,,,,,,,,,,,,,,,,,
18c,2,0,1,2.38,title,,28073,0,never_instantiated,0,,,,,0,0,name,,54155,0,never_instantiated,0,,,,,0,0,,info_type,1,0,never_instantiated,0,,,,,0,0,movie_info_idx,,93236,0,never_instantiated,0,,,,,0,0,,info_type,1,0,never_instantiated,0,,,,,0,0,,,186590,0,never_instantiated,0,,,,,0,0,cast_info,,5,0,never_instantiated,0,,,,,0,0,movie_info,,6,0,never_instantiated,0,,,,,0,0,,,,,,,,,,,,,,,,,,,,,,,,,,,,,,,,,,,,,,,,,,,,,,,,,,,,,,,,,,,,,,,,,,,,,,,,,,,,,,,,,,,,,,,,,,,,,,,,
19a,2,0,1,1.40,title,,311,0,never_instantiated,0,,,,,0,0,,role_type,1,0,never_instantiated,0,,,,,0,0,name,,374,0,never_instantiated,0,,,,,0,0,,info_type,1,0,never_instantiated,0,,,,,0,0,movie_info,,165,0,never_instantiated,0,,,,,0,0,,company_name,84843,0,never_instantiated,0,,,,,0,0,,movie_companies,590994,0,never_instantiated,0,,,,,0,0,char_name,,149,0,never_instantiated,0,,,,,0,0,cast_info,aka_name,772581,0,never_instantiated,0,,,,,0,0,,,,,,,,,,,,,,,,,,,,,,,,,,,,,,,,,,,,,,,,,,,,,,,,,,,,,,,,,,,,,,,,,,,,,,,,,,,,,,,,,,,,
19b,2,0,1,1.16,title,,15,0,never_instantiated,0,,,,,0,0,role_type,,15,0,never_instantiated,0,,,,,0,0,name,,15,0,never_instantiated,0,,,,,0,0,info_type,,15,0,never_instantiated,0,,,,,0,0,movie_info,,15,0,never_instantiated,0,,,,,0,0,company_name,,15,0,never_instantiated,0,,,,,0,0,movie_companies,,5,0,never_instantiated,0,,,,,0,0,char_name,,5,0,never_instantiated,0,,,,,0,0,aka_name,cast_info,1,0,never_instantiated,0,,,,,0,0,,,,,,,,,,,,,,,,,,,,,,,,,,,,,,,,,,,,,,,,,,,,,,,,,,,,,,,,,,,,,,,,,,,,,,,,,,,,,,,,,,,,
19c,2,0,1,1.33,title,,4113,0,never_instantiated,0,,,,,0,0,,role_type,1,0,never_instantiated,0,,,,,0,0,name,,4163,0,never_instantiated,0,,,,,0,0,,info_type,1,0,never_instantiated,0,,,,,0,0,movie_info,,2587,0,never_instantiated,0,,,,,0,0,,company_name,84843,0,never_instantiated,0,,,,,0,0,movie_companies,,3311,0,never_instantiated,0,,,,,0,0,char_name,,3311,0,never_instantiated,0,,,,,0,0,cast_info,aka_name,772581,0,never_instantiated,0,,,,,0,0,,,,,,,,,,,,,,,,,,,,,,,,,,,,,,,,,,,,,,,,,,,,,,,,,,,,,,,,,,,,,,,,,,,,,,,,,,,,,,,,,,,,
19d,2,0,1,2.16,title,,2711062,0,never_instantiated,0,,,,,0,0,,role_type,1,0,never_instantiated,0,,,,,0,0,name,,2712382,0,never_instantiated,0,,,,,0,0,,info_type,1,0,never_instantiated,0,,,,,0,0,movie_info,,483198,0,never_instantiated,0,,,,,0,0,,company_name,84843,0,never_instantiated,0,,,,,0,0,movie_companies,,483319,0,never_instantiated,0,,,,,0,0,char_name,,483319,0,never_instantiated,0,,,,,0,0,cast_info,aka_name,772581,0,never_instantiated,0,,,,,0,0,,,,,,,,,,,,,,,,,,,,,,,,,,,,,,,,,,,,,,,,,,,,,,,,,,,,,,,,,,,,,,,,,,,,,,,,,,,,,,,,,,,,
20a,2,0,1,1.21,,kind_type,1,0,never_instantiated,0,,,,,0,0,title,,33,0,never_instantiated,0,,,,,0,0,name,,33,0,never_instantiated,0,,,,,0,0,,,8,0,never_instantiated,0,,,,,0,0,movie_keyword,,9,0,never_instantiated,0,,,,,0,0,,comp_cast_type,2,0,never_instantiated,0,,,,,0,0,,comp_cast_type,1,0,never_instantiated,0,,,,,0,0,,complete_cast,84165,0,never_instantiated,0,,,,,0,0,cast_info,char_name,30,0,never_instantiated,0,,,,,0,0,keyword,,8,0,never_instantiated,0,,,,,0,0,,,,,,,,,,,,,,,,,,,,,,,,,,,,,,,,,,,,,,,,,,,,,,,,,,,,,,,,,,,,,,,,,,,,,,,,
20b,2,0,1,0.88,,kind_type,1,0,never_instantiated,0,,,,,0,0,title,,17,0,never_instantiated,0,,,,,0,0,name,,17,0,never_instantiated,0,,,,,0,0,,,8,0,never_instantiated,0,,,,,0,0,movie_keyword,,4,0,never_instantiated,0,,,,,0,0,,comp_cast_type,2,0,never_instantiated,0,,,,,0,0,,comp_cast_type,1,0,never_instantiated,0,,,,,0,0,,complete_cast,84165,0,never_instantiated,0,,,,,0,0,cast_info,char_name,30,0,never_instantiated,0,,,,,0,0,keyword,,8,0,never_instantiated,0,,,,,0,0,,,,,,,,,,,,,,,,,,,,,,,,,,,,,,,,,,,,,,,,,,,,,,,,,,,,,,,,,,,,,,,,,,,,,,,,
20c,2,0,1,1.63,,kind_type,1,0,never_instantiated,0,,,,,0,0,title,,5406,0,never_instantiated,0,,,,,0,0,name,,5406,0,never_instantiated,0,,,,,0,0,,,10,0,never_instantiated,0,,,,,0,0,movie_keyword,,10778,0,never_instantiated,0,,,,,0,0,,comp_cast_type,2,0,never_instantiated,0,,,,,0,0,,comp_cast_type,1,0,never_instantiated,0,,,,,0,0,,complete_cast,84165,0,never_instantiated,0,,,,,0,0,cast_info,char_name,180152,0,never_instantiated,0,,,,,0,0,keyword,,10,0,never_instantiated,0,,,,,0,0,,,,,,,,,,,,,,,,,,,,,,,,,,,,,,,,,,,,,,,,,,,,,,,,,,,,,,,,,,,,,,,,,,,,,,,,
21a,2,0,1,0.23,title,,1816,0,never_instantiated,0,,,,,0,0,link_type,,1816,0,never_instantiated,0,,,,,0,0,movie_link,,100,0,never_instantiated,0,,,,,0,0,,keyword,1,0,never_instantiated,0,,,,,0,0,movie_keyword,,100,0,never_instantiated,0,,,,,0,0,,company_type,1,0,never_instantiated,0,,,,,0,0,,company_name,48302,0,never_instantiated,0,,,,,0,0,,movie_companies,26,0,never_instantiated,0,,,,,0,0,movie_info,,8,0,never_instantiated,0,,,,,0,0,,,,,,,,,,,,,,,,,,,,,,,,,,,,,,,,,,,,,,,,,,,,,,,,,,,,,,,,,,,,,,,,,,,,,,,,,,,,,,,,,,,,
21b,2,0,1,0.28,title,,308,0,never_instantiated,0,,,,,0,0,link_type,,308,0,never_instantiated,0,,,,,0,0,movie_link,,20,0,never_instantiated,0,,,,,0,0,,keyword,1,0,never_instantiated,0,,,,,0,0,movie_keyword,,20,0,never_instantiated,0,,,,,0,0,,company_type,1,0,never_instantiated,0,,,,,0,0,,company_name,48302,0,never_instantiated,0,,,,,0,0,movie_info,movie_companies,3115,0,never_instantiated,0,,,,,0,0,,,,,,,,,,,,,,,,,,,,,,,,,,,,,,,,,,,,,,,,,,,,,,,,,,,,,,,,,,,,,,,,,,,,,,,,,,,,,,,,,,,,,,,,,,,,,,,,
21c,2,0,1,0.23,title,,1874,0,never_instantiated,0,,,,,0,0,link_type,,1874,0,never_instantiated,0,,,,,0,0,movie_link,,106,0,never_instantiated,0,,,,,0,0,,keyword,1,0,never_instantiated,0,,,,,0,0,movie_keyword,,106,0,never_instantiated,0,,,,,0,0,,company_type,1,0,never_instantiated,0,,,,,0,0,,company_name,48302,0,never_instantiated,0,,,,,0,0,,movie_companies,26,0,never_instantiated,0,,,,,0,0,movie_info,,9,0,never_instantiated,0,,,,,0,0,,,,,,,,,,,,,,,,,,,,,,,,,,,,,,,,,,,,,,,,,,,,,,,,,,,,,,,,,,,,,,,,,,,,,,,,,,,,,,,,,,,,
22a,2,0,1,0.69,kind_type,,3027,0,never_instantiated,0,,,,,0,0,title,,40185,0,never_instantiated,0,,,,,0,0,keyword,,40185,0,never_instantiated,0,,,,,0,0,movie_keyword,,22559,0,never_instantiated,0,,,,,0,0,,info_type,1,0,never_instantiated,0,,,,,0,0,movie_info_idx,,22559,0,never_instantiated,0,,,,,0,0,,company_type,2,0,never_instantiated,0,,,,,0,0,company_name,,25253,0,never_instantiated,0,,,,,0,0,movie_companies,,11748,0,never_instantiated,0,,,,,0,0,movie_info,info_type,1,0,never_instantiated,0,,,,,0,0,,,,,,,,,,,,,,,,,,,,,,,,,,,,,,,,,,,,,,,,,,,,,,,,,,,,,,,,,,,,,,,,,,,,,,,,
22b,2,0,1,0.67,kind_type,,32,0,never_instantiated,0,,,,,0,0,title,,40185,0,never_instantiated,0,,,,,0,0,keyword,,40185,0,never_instantiated,0,,,,,0,0,movie_keyword,,22559,0,never_instantiated,0,,,,,0,0,,info_type,1,0,never_instantiated,0,,,,,0,0,movie_info_idx,,22559,0,never_instantiated,0,,,,,0,0,,company_type,2,0,never_instantiated,0,,,,,0,0,company_name,,25253,0,never_instantiated,0,,,,,0,0,movie_companies,,11748,0,never_instantiated,0,,,,,0,0,movie_info,info_type,1,0,never_instantiated,0,,,,,0,0,,,,,,,,,,,,,,,,,,,,,,,,,,,,,,,,,,,,,,,,,,,,,,,,,,,,,,,,,,,,,,,,,,,,,,,,
22c,2,0,1,0.69,kind_type,,23182,0,never_instantiated,0,,,,,0,0,title,,65749,0,never_instantiated,0,,,,,0,0,keyword,,65749,0,never_instantiated,0,,,,,0,0,movie_keyword,,36302,0,never_instantiated,0,,,,,0,0,,info_type,1,0,never_instantiated,0,,,,,0,0,movie_info_idx,,37392,0,never_instantiated,0,,,,,0,0,,company_type,2,0,never_instantiated,0,,,,,0,0,company_name,,40869,0,never_instantiated,0,,,,,0,0,movie_companies,,6947,0,never_instantiated,0,,,,,0,0,,info_type,1,0,never_instantiated,0,,,,,0,0,movie_info,,10,0,never_instantiated,0,,,,,0,0,,,,,,,,,,,,,,,,,,,,,,,,,,,,,,,,,,,,,,,,,,,,,,,,,,,,,,,,,,,,
22d,2,0,1,0.60,,kind_type,2,0,never_instantiated,0,,,,,0,0,title,,144733,0,never_instantiated,0,,,,,0,0,keyword,,144733,0,never_instantiated,0,,,,,0,0,movie_keyword,,85053,0,never_instantiated,0,,,,,0,0,,info_type,1,0,never_instantiated,0,,,,,0,0,movie_info_idx,,88501,0,never_instantiated,0,,,,,0,0,,company_type,2,0,never_instantiated,0,,,,,0,0,company_name,,162288,0,never_instantiated,0,,,,,0,0,movie_companies,,17181,0,never_instantiated,0,,,,,0,0,,info_type,1,0,never_instantiated,0,,,,,0,0,movie_info,,10,0,never_instantiated,0,,,,,0,0,,,,,,,,,,,,,,,,,,,,,,,,,,,,,,,,,,,,,,,,,,,,,,,,,,,,,,,,,,,,
23a,2,0,1,0.52,,kind_type,1,0,never_instantiated,0,,,,,0,0,title,,618,0,never_instantiated,0,,,,,0,0,keyword,,618,0,never_instantiated,0,,,,,0,0,movie_keyword,,6,0,never_instantiated,0,,,,,0,0,,company_type,2,0,never_instantiated,0,,,,,0,0,company_name,,6,0,never_instantiated,0,,,,,0,0,movie_companies,,5,0,never_instantiated,0,,,,,0,0,,info_type,1,0,never_instantiated,0,,,,,0,0,,comp_cast_type,1,0,never_instantiated,0,,,,,0,0,movie_info,complete_cast,1018,0,never_instantiated,0,,,,,0,0,,,,,,,,,,,,,,,,,,,,,,,,,,,,,,,,,,,,,,,,,,,,,,,,,,,,,,,,,,,,,,,,,,,,,,,,
23b,2,0,1,0.59,kind_type,,16,0,never_instantiated,0,,,,,0,0,title,,16,0,never_instantiated,0,,,,,0,0,keyword,,16,0,never_instantiated,0,,,,,0,0,movie_keyword,,4,0,never_instantiated,0,,,,,0,0,company_type,,4,0,never_instantiated,0,,,,,0,0,company_name,,4,0,never_instantiated,0,,,,,0,0,movie_companies,,4,0,never_instantiated,0,,,,,0,0,,info_type,1,0,never_instantiated,0,,,,,0,0,,comp_cast_type,1,0,never_instantiated,0,,,,,0,0,movie_info,complete_cast,24245,0,never_instantiated,0,,,,,0,0,,,,,,,,,,,,,,,,,,,,,,,,,,,,,,,,,,,,,,,,,,,,,,,,,,,,,,,,,,,,,,,,,,,,,,,,
23c,2,0,1,0.67,,kind_type,4,0,never_instantiated,0,,,,,0,0,title,,628,0,never_instantiated,0,,,,,0,0,keyword,,628,0,never_instantiated,0,,,,,0,0,movie_keyword,,7,0,never_instantiated,0,,,,,0,0,,company_type,2,0,never_instantiated,0,,,,,0,0,company_name,,7,0,never_instantiated,0,,,,,0,0,movie_companies,,6,0,never_instantiated,0,,,,,0,0,,info_type,1,0,never_instantiated,0,,,,,0,0,,comp_cast_type,1,0,never_instantiated,0,,,,,0,0,movie_info,complete_cast,4976,0,never_instantiated,0,,,,,0,0,,,,,,,,,,,,,,,,,,,,,,,,,,,,,,,,,,,,,,,,,,,,,,,,,,,,,,,,,,,,,,,,,,,,,,,,
24a,2,0,1,1.22,title,,275,0,never_instantiated,0,,,,,0,0,,role_type,1,0,never_instantiated,0,,,,,0,0,name,,275,0,never_instantiated,0,,,,,0,0,keyword,,275,0,never_instantiated,0,,,,,0,0,movie_keyword,,144,0,never_instantiated,0,,,,,0,0,,info_type,1,0,never_instantiated,0,,,,,0,0,movie_info,,69,0,never_instantiated,0,,,,,0,0,,company_name,84843,0,never_instantiated,0,,,,,0,0,movie_companies,,23,0,never_instantiated,0,,,,,0,0,char_name,,23,0,never_instantiated,0,,,,,0,0,cast_info,aka_name,772581,0,never_instantiated,0,,,,,0,0,,,,,,,,,,,,,,,,,,,,,,,,,,,,,,,,,,,,,,,,,,,,,,,,,,,,,,,,,,,,
24b,2,0,1,1.10,title,,45,0,never_instantiated,0,,,,,0,0,role_type,,45,0,never_instantiated,0,,,,,0,0,name,,45,0,never_instantiated,0,,,,,0,0,keyword,,45,0,never_instantiated,0,,,,,0,0,movie_keyword,,25,0,never_instantiated,0,,,,,0,0,,info_type,1,0,never_instantiated,0,,,,,0,0,movie_info,,15,0,never_instantiated,0,,,,,0,0,,company_name,1,0,never_instantiated,0,,,,,0,0,movie_companies,,15,0,never_instantiated,0,,,,,0,0,char_name,,15,0,never_instantiated,0,,,,,0,0,cast_info,aka_name,772581,0,never_instantiated,0,,,,,0,0,,,,,,,,,,,,,,,,,,,,,,,,,,,,,,,,,,,,,,,,,,,,,,,,,,,,,,,,,,,,
25a,2,0,1,1.88,title,,4407,0,never_instantiated,0,,,,,0,0,name,,7112,0,never_instantiated,0,,,,,0,0,,,7112,0,never_instantiated,0,,,,,0,0,keyword,,5,0,never_instantiated,0,,,,,0,0,movie_keyword,,3542,0,never_instantiated,0,,,,,0,0,info_type,,3542,0,never_instantiated,0,,,,,0,0,movie_info_idx,,3870,0,never_instantiated,0,,,,,0,0,,info_type,1,0,never_instantiated,0,,,,,0,0,,movie_info,30413,0,never_instantiated,0,,,,,0,0,cast_info,,5,0,never_instantiated,0,,,,,0,0,,,,,,,,,,,,,,,,,,,,,,,,,,,,,,,,,,,,,,,,,,,,,,,,,,,,,,,,,,,,,,,,,,,,,,,,
25b,2,0,1,1.50,title,,8,0,never_instantiated,0,,,,,0,0,name,,8,0,never_instantiated,0,,,,,0,0,,,8,0,never_instantiated,0,,,,,0,0,keyword,,5,0,never_instantiated,0,,,,,0,0,movie_keyword,,4,0,never_instantiated,0,,,,,0,0,info_type,,4,0,never_instantiated,0,,,,,0,0,movie_info_idx,,4,0,never_instantiated,0,,,,,0,0,,info_type,1,0,never_instantiated,0,,,,,0,0,,movie_info,30413,0,never_instantiated,0,,,,,0,0,cast_info,,5,0,never_instantiated,0,,,,,0,0,,,,,,,,,,,,,,,,,,,,,,,,,,,,,,,,,,,,,,,,,,,,,,,,,,,,,,,,,,,,,,,,,,,,,,,,
25c,2,0,1,2.15,title,,26153,0,never_instantiated,0,,,,,0,0,name,,42900,0,never_instantiated,0,,,,,0,0,,,42900,0,never_instantiated,0,,,,,0,0,keyword,,7,0,never_instantiated,0,,,,,0,0,movie_keyword,,20063,0,never_instantiated,0,,,,,0,0,,info_type,1,0,never_instantiated,0,,,,,0,0,movie_info_idx,,21511,0,never_instantiated,0,,,,,0,0,,info_type,1,0,never_instantiated,0,,,,,0,0,,,186590,0,never_instantiated,0,,,,,0,0,cast_info,,5,0,never_instantiated,0,,,,,0,0,movie_info,,6,0,never_instantiated,0,,,,,0,0,,,,,,,,,,,,,,,,,,,,,,,,,,,,,,,,,,,,,,,,,,,,,,,,,,,,,,,,,,,,
26a,2,0,1,1.59,,kind_type,1,0,never_instantiated,0,,,,,0,0,title,,1728,0,never_instantiated,0,,,,,0,0,name,,1728,0,never_instantiated,0,,,,,0,0,,,1728,0,never_instantiated,0,,,,,0,0,keyword,,10,0,never_instantiated,0,,,,,0,0,movie_keyword,,1019,0,never_instantiated,0,,,,,0,0,,info_type,1,0,never_instantiated,0,,,,,0,0,movie_info_idx,,1021,0,never_instantiated,0,,,,,0,0,,comp_cast_type,2,0,never_instantiated,0,,,,,0,0,,comp_cast_type,1,0,never_instantiated,0,,,,,0,0,,complete_cast,84165,0,never_instantiated,0,,,,,0,0,cast_info,char_name,180152,0,never_instantiated,0,,,,,0,0,,,,,,,,,,,,,,,,,,,,,,,,,,,,,,,,,,,,,,,,,,,,,,,,
26b,2,0,1,1.43,,kind_type,1,0,never_instantiated,0,,,,,0,0,title,,93,0,never_instantiated,0,,,,,0,0,name,,93,0,never_instantiated,0,,,,,0,0,keyword,,93,0,never_instantiated,0,,,,,0,0,movie_keyword,,47,0,never_instantiated,0,,,,,0,0,,info_type,1,0,never_instantiated,0,,,,,0,0,movie_info_idx,,47,0,never_instantiated,0,,,,,0,0,,comp_cast_type,2,0,never_instantiated,0,,,,,0,0,,comp_cast_type,1,0,never_instantiated,0,,,,,0,0,,complete_cast,84165,0,never_instantiated,0,,,,,0,0,cast_info,char_name,180152,0,never_instantiated,0,,,,,0,0,,,,,,,,,,,,,,,,,,,,,,,,,,,,,,,,,,,,,,,,,,,,,,,,,,,,,,,,,,,,
26c,2,0,1,1.50,,kind_type,1,0,never_instantiated,0,,,,,0,0,title,,5400,0,never_instantiated,0,,,,,0,0,name,,5400,0,never_instantiated,0,,,,,0,0,,,5400,0,never_instantiated,0,,,,,0,0,keyword,,10,0,never_instantiated,0,,,,,0,0,movie_keyword,,3596,0,never_instantiated,0,,,,,0,0,,info_type,1,0,never_instantiated,0,,,,,0,0,movie_info_idx,,3602,0,never_instantiated,0,,,,,0,0,,comp_cast_type,2,0,never_instantiated,0,,,,,0,0,,comp_cast_type,1,0,never_instantiated,0,,,,,0,0,,complete_cast,84165,0,never_instantiated,0,,,,,0,0,cast_info,char_name,180152,0,never_instantiated,0,,,,,0,0,,,,,,,,,,,,,,,,,,,,,,,,,,,,,,,,,,,,,,,,,,,,,,,,
27a,2,0,1,0.29,title,,477,0,never_instantiated,0,,,,,0,0,link_type,,477,0,never_instantiated,0,,,,,0,0,movie_link,,27,0,never_instantiated,0,,,,,0,0,,keyword,1,0,never_instantiated,0,,,,,0,0,movie_keyword,,27,0,never_instantiated,0,,,,,0,0,,company_type,1,0,never_instantiated,0,,,,,0,0,company_name,,27,0,never_instantiated,0,,,,,0,0,movie_companies,,10,0,never_instantiated,0,,,,,0,0,,comp_cast_type,1,0,never_instantiated,0,,,,,0,0,,comp_cast_type,2,0,never_instantiated,0,,,,,0,0,movie_info,complete_cast,5560,0,never_instantiated,0,,,,,0,0,,,,,,,,,,,,,,,,,,,,,,,,,,,,,,,,,,,,,,,,,,,,,,,,,,,,,,,,,,,,
27b,2,0,1,0.33,title,,247,0,never_instantiated,0,,,,,0,0,link_type,,247,0,never_instantiated,0,,,,,0,0,movie_link,,13,0,never_instantiated,0,,,,,0,0,,keyword,1,0,never_instantiated,0,,,,,0,0,movie_keyword,,13,0,never_instantiated,0,,,,,0,0,,company_type,1,0,never_instantiated,0,,,,,0,0,company_name,,13,0,never_instantiated,0,,,,,0,0,movie_companies,,5,0,never_instantiated,0,,,,,0,0,,comp_cast_type,1,0,never_instantiated,0,,,,,0,0,,comp_cast_type,2,0,never_instantiated,0,,,,,0,0,movie_info,complete_cast,5560,0,never_instantiated,0,,,,,0,0,,,,,,,,,,,,,,,,,,,,,,,,,,,,,,,,,,,,,,,,,,,,,,,,,,,,,,,,,,,,
27c,2,0,1,0.26,title,,743,0,never_instantiated,0,,,,,0,0,link_type,,743,0,never_instantiated,0,,,,,0,0,movie_link,,41,0,never_instantiated,0,,,,,0,0,,keyword,1,0,never_instantiated,0,,,,,0,0,movie_keyword,,41,0,never_instantiated,0,,,,,0,0,,company_type,1,0,never_instantiated,0,,,,,0,0,company_name,,41,0,never_instantiated,0,,,,,0,0,movie_companies,,14,0,never_instantiated,0,,,,,0,0,,comp_cast_type,2,0,never_instantiated,0,,,,,0,0,,comp_cast_type,1,0,never_instantiated,0,,,,,0,0,,complete_cast,4,0,never_instantiated,0,,,,,0,0,movie_info,,9,0,never_instantiated,0,,,,,0,0,,,,,,,,,,,,,,,,,,,,,,,,,,,,,,,,,,,,,,,,,,,,,,,,
28a,2,0,1,0.67,kind_type,,4979,0,never_instantiated,0,,,,,0,0,title,,8121,0,never_instantiated,0,,,,,0,0,keyword,,8121,0,never_instantiated,0,,,,,0,0,movie_keyword,,4525,0,never_instantiated,0,,,,,0,0,,info_type,1,0,never_instantiated,0,,,,,0,0,movie_info_idx,,4653,0,never_instantiated,0,,,,,0,0,,company_type,2,0,never_instantiated,0,,,,,0,0,company_name,,5130,0,never_instantiated,0,,,,,0,0,movie_companies,,2243,0,never_instantiated,0,,,,,0,0,,info_type,1,0,never_instantiated,0,,,,,0,0,,comp_cast_type,1,0,never_instantiated,0,,,,,0,0,,comp_cast_type,1,0,never_instantiated,0,,,,,0,0,,complete_cast,2939,0,never_instantiated,0,,,,,0,0,movie_info,,10,0,never_instantiated,0,,,,,0,0,,,,,,,,,,,,,,,,,,,,,,,,
28b,2,0,1,0.61,kind_type,,161,0,never_instantiated,0,,,,,0,0,title,,1233,0,never_instantiated,0,,,,,0,0,keyword,,1233,0,never_instantiated,0,,,,,0,0,movie_keyword,,645,0,never_instantiated,0,,,,,0,0,,info_type,1,0,never_instantiated,0,,,,,0,0,movie_info_idx,,645,0,never_instantiated,0,,,,,0,0,,company_type,2,0,never_instantiated,0,,,,,0,0,company_name,,662,0,never_instantiated,0,,,,,0,0,movie_companies,,66,0,never_instantiated,0,,,,,0,0,,info_type,1,0,never_instantiated,0,,,,,0,0,,comp_cast_type,1,0,never_instantiated,0,,,,,0,0,,comp_cast_type,1,0,never_instantiated,0,,,,,0,0,movie_info,complete_cast,41631,0,never_instantiated,0,,,,,0,0,,,,,,,,,,,,,,,,,,,,,,,,,,,,,,,,,,,,
28c,2,0,1,0.69,kind_type,,8668,0,never_instantiated,0,,,,,0,0,title,,22138,0,never_instantiated,0,,,,,0,0,keyword,,22138,0,never_instantiated,0,,,,,0,0,movie_keyword,,11787,0,never_instantiated,0,,,,,0,0,,info_type,1,0,never_instantiated,0,,,,,0,0,movie_info_idx,,11891,0,never_instantiated,0,,,,,0,0,,company_type,2,0,never_instantiated,0,,,,,0,0,company_name,,12700,0,never_instantiated,0,,,,,0,0,movie_companies,,3576,0,never_instantiated,0,,,,,0,0,,info_type,1,0,never_instantiated,0,,,,,0,0,,comp_cast_type,1,0,never_instantiated,0,,,,,0,0,,comp_cast_type,1,0,never_instantiated,0,,,,,0,0,,complete_cast,4867,0,never_instantiated,0,,,,,0,0,movie_info,,10,0,never_instantiated,0,,,,,0,0,,,,,,,,,,,,,,,,,,,,,,,,
29a,2,0,1,1.17,title,,1620,0,never_instantiated,0,,,,,0,0,role_type,,1620,0,never_instantiated,0,,,,,0,0,info_type,,1620,0,never_instantiated,0,,,,,0,0,person_info,,30,0,never_instantiated,0,,,,,0,0,name,,30,0,never_instantiated,0,,,,,0,0,keyword,,30,0,never_instantiated,0,,,,,0,0,movie_keyword,,30,0,never_instantiated,0,,,,,0,0,info_type,,30,0,never_instantiated,0,,,,,0,0,movie_info,,15,0,never_instantiated,0,,,,,0,0,company_name,,66,0,never_instantiated,0,,,,,0,0,movie_companies,,3,0,never_instantiated,0,,,,,0,0,comp_cast_type,,3,0,never_instantiated,0,,,,,0,0,comp_cast_type,,3,0,never_instantiated,0,,,,,0,0,complete_cast,,3,0,never_instantiated,0,,,,,0,0,,char_name,1,0,never_instantiated,0,,,,,0,0,cast_info,aka_name,772581,0,never_instantiated,0,,,,,0,0
29b,2,0,1,1.07,title,,15,0,never_instantiated,0,,,,,0,0,role_type,,15,0,never_instantiated,0,,,,,0,0,info_type,,15,0,never_instantiated,0,,,,,0,0,person_info,,15,0,never_instantiated,0,,,,,0,0,name,,15,0,never_instantiated,0,,,,,0,0,keyword,,15,0,never_instantiated,0,,,,,0,0,movie_keyword,,15,0,never_instantiated,0,,,,,0,0,company_name,,66,0,never_instantiated,0,,,,,0,0,movie_companies,,3,0,never_instantiated,0,,,,,0,0,info_type,,3,0,never_instantiated,0,,,,,0,0,comp_cast_type,,3,0,never_instantiated,0,,,,,0,0,comp_cast_type,,3,0,never_instantiated,0,,,,,0,0,complete_cast,,3,0,never_instantiated,0,,,,,0,0,,char_name,1,0,never_instantiated,0,,,,,0,0,,aka_name,772581,0,never_instantiated,0,,,,,0,0,cast_info,movie_info,387452,0,never_instantiated,0,,,,,0,0
29c,2,0,1,1.21,title,,16368,0,never_instantiated,0,,,,,0,0,role_type,,16368,0,never_instantiated,0,,,,,0,0,info_type,,16368,0,never_instantiated,0,,,,,0,0,person_info,,204,0,never_instantiated,0,,,,,0,0,name,,204,0,never_instantiated,0,,,,,0,0,,keyword,1,0,never_instantiated,0,,,,,0,0,movie_keyword,,204,0,never_instantiated,0,,,,,0,0,,info_type,1,0,never_instantiated,0,,,,,0,0,movie_info,,83,0,never_instantiated,0,,,,,0,0,,company_name,84843,0,never_instantiated,0,,,,,0,0,movie_companies,,13,0,never_instantiated,0,,,,,0,0,,comp_cast_type,1,0,never_instantiated,0,,,,,0,0,,comp_cast_type,1,0,never_instantiated,0,,,,,0,0,,complete_cast,17602,0,never_instantiated,0,,,,,0,0,char_name,,13,0,never_instantiated,0,,,,,0,0,cast_info,aka_name,772581,0,never_instantiated,0,,,,,0,0
30a,2,0,1,1.74,title,,4394,0,never_instantiated,0,,,,,0,0,name,,6488,0,never_instantiated,0,,,,,0,0,,,6488,0,never_instantiated,0,,,,,0,0,keyword,,7,0,never_instantiated,0,,,,,0,0,movie_keyword,,2537,0,never_instantiated,0,,,,,0,0,,info_type,1,0,never_instantiated,0,,,,,0,0,movie_info_idx,,2537,0,never_instantiated,0,,,,,0,0,,info_type,1,0,never_instantiated,0,,,,,0,0,,comp_cast_type,1,0,never_instantiated,0,,,,,0,0,,comp_cast_type,2,0,never_instantiated,0,,,,,0,0,,complete_cast,24245,0,never_instantiated,0,,,,,0,0,,movie_info,2872,0,never_instantiated,0,,,,,0,0,cast_info,,5,0,never_instantiated,0,,,,,0,0,,,,,,,,,,,,,,,,,,,,,,,,,,,,,,,,,,,,
30b,2,0,1,1.37,title,,28,0,never_instantiated,0,,,,,0,0,name,,28,0,never_instantiated,0,,,,,0,0,,,28,0,never_instantiated,0,,,,,0,0,keyword,,7,0,never_instantiated,0,,,,,0,0,movie_keyword,,7,0,never_instantiated,0,,,,,0,0,,info_type,1,0,never_instantiated,0,,,,,0,0,movie_info_idx,,7,0,never_instantiated,0,,,,,0,0,,info_type,1,0,never_instantiated,0,,,,,0,0,,comp_cast_type,1,0,never_instantiated,0,,,,,0,0,,comp_cast_type,2,0,never_instantiated,0,,,,,0,0,,complete_cast,24245,0,never_instantiated,0,,,,,0,0,,movie_info,4,0,never_instantiated,0,,,,,0,0,cast_info,,5,0,never_instantiated,0,,,,,0,0,,,,,,,,,,,,,,,,,,,,,,,,,,,,,,,,,,,,
30c,2,0,1,2.14,title,,8024,0,never_instantiated,0,,,,,0,0,name,,11863,0,never_instantiated,0,,,,,0,0,,,11863,0,never_instantiated,0,,,,,0,0,keyword,,7,0,never_instantiated,0,,,,,0,0,movie_keyword,,4799,0,never_instantiated,0,,,,,0,0,,info_type,1,0,never_instantiated,0,,,,,0,0,movie_info_idx,,4800,0,never_instantiated,0,,,,,0,0,,info_type,1,0,never_instantiated,0,,,,,0,0,,,2767,0,never_instantiated,0,,,,,0,0,movie_info,,6,0,never_instantiated,0,,,,,0,0,,comp_cast_type,1,0,never_instantiated,0,,,,,0,0,,comp_cast_type,1,0,never_instantiated,0,,,,,0,0,,complete_cast,17602,0,never_instantiated,0,,,,,0,0,cast_info,,5,0,never_instantiated,0,,,,,0,0,,,,,,,,,,,,,,,,,,,,,,,,
31a,2,0,1,1.46,title,,1273,0,never_instantiated,0,,,,,0,0,name,,1556,0,never_instantiated,0,,,,,0,0,,,1556,0,never_instantiated,0,,,,,0,0,keyword,,7,0,never_instantiated,0,,,,,0,0,movie_keyword,,477,0,never_instantiated,0,,,,,0,0,,info_type,1,0,never_instantiated,0,,,,,0,0,movie_info_idx,,478,0,never_instantiated,0,,,,,0,0,,company_name,10,0,never_instantiated,0,,,,,0,0,movie_companies,,280,0,never_instantiated,0,,,,,0,0,,info_type,1,0,never_instantiated,0,,,,,0,0,,movie_info,311,0,never_instantiated,0,,,,,0,0,cast_info,,5,0,never_instantiated,0,,,,,0,0,,,,,,,,,,,,,,,,,,,,,,,,,,,,,,,,,,,,,,,,,,,,,,,,
31b,2,0,1,1.02,title,,84,0,never_instantiated,0,,,,,0,0,name,,84,0,never_instantiated,0,,,,,0,0,,,84,0,never_instantiated,0,,,,,0,0,keyword,,7,0,never_instantiated,0,,,,,0,0,movie_keyword,,19,0,never_instantiated,0,,,,,0,0,,info_type,1,0,never_instantiated,0,,,,,0,0,movie_info_idx,,19,0,never_instantiated,0,,,,,0,0,,company_name,10,0,never_instantiated,0,,,,,0,0,movie_companies,,15,0,never_instantiated,0,,,,,0,0,,info_type,1,0,never_instantiated,0,,,,,0,0,,movie_info,9,0,never_instantiated,0,,,,,0,0,cast_info,,5,0,never_instantiated,0,,,,,0,0,,,,,,,,,,,,,,,,,,,,,,,,,,,,,,,,,,,,,,,,,,,,,,,,
31c,2,0,1,2.05,title,,2825,0,never_instantiated,0,,,,,0,0,name,,2825,0,never_instantiated,0,,,,,0,0,,,2825,0,never_instantiated,0,,,,,0,0,keyword,,7,0,never_instantiated,0,,,,,0,0,movie_keyword,,823,0,never_instantiated,0,,,,,0,0,,info_type,1,0,never_instantiated,0,,,,,0,0,movie_info_idx,,825,0,never_instantiated,0,,,,,0,0,,info_type,1,0,never_instantiated,0,,,,,0,0,,,402,0,never_instantiated,0,,,,,0,0,movie_info,,6,0,never_instantiated,0,,,,,0,0,,company_name,10,0,never_instantiated,0,,,,,0,0,,movie_companies,1814,0,never_instantiated,0,,,,,0,0,cast_info,,5,0,never_instantiated,0,,,,,0,0,,,,,,,,,,,,,,,,,,,,,,,,,,,,,,,,,,,,
32a,2,0,1,0.04,title,,0,0,never_instantiated,0,,,,,0,0,title,,0,0,never_instantiated,0,,,,,0,0,link_type,,0,0,never_instantiated,0,,,,,0,0,movie_link,,0,0,never_instantiated,0,,,,,0,0,movie_keyword,keyword,1,0,never_instantiated,0,,,,,0,0,,,,,,,,,,,,,,,,,,,,,,,,,,,,,,,,,,,,,,,,,,,,,,,,,,,,,,,,,,,,,,,,,,,,,,,,,,,,,,,,,,,,,,,,,,,,,,,,,,,,,,,,,,,,,,,,,,,,,,,,,,,,,,,,,,,,
32b,2,0,1,0.28,title,,4388,0,never_instantiated,0,,,,,0,0,title,,4388,0,never_instantiated,0,,,,,0,0,link_type,,4388,0,never_instantiated,0,,,,,0,0,movie_link,,2233,0,never_instantiated,0,,,,,0,0,movie_keyword,keyword,1,0,never_instantiated,0,,,,,0,0,,,,,,,,,,,,,,,,,,,,,,,,,,,,,,,,,,,,,,,,,,,,,,,,,,,,,,,,,,,,,,,,,,,,,,,,,,,,,,,,,,,,,,,,,,,,,,,,,,,,,,,,,,,,,,,,,,,,,,,,,,,,,,,,,,,,
33a,2,0,1,0.22,kind_type,,8,0,never_instantiated,0,,,,,0,0,title,,8,0,never_instantiated,0,,,,,0,0,kind_type,,8,0,never_instantiated,0,,,,,0,0,title,,8,0,never_instantiated,0,,,,,0,0,info_type,,8,0,never_instantiated,0,,,,,0,0,movie_info_idx,,8,0,never_instantiated,0,,,,,0,0,company_name,,29,0,never_instantiated,0,,,,,0,0,movie_companies,,11,0,never_instantiated,0,,,,,0,0,,link_type,2,0,never_instantiated,0,,,,,0,0,movie_link,,9,0,never_instantiated,0,,,,,0,0,,info_type,1,0,never_instantiated,0,,,,,0,0,,movie_info_idx,25576,0,never_instantiated,0,,,,,0,0,movie_companies,company_name,234997,0,never_instantiated,0,,,,,0,0,,,,,,,,,,,,,,,,,,,,,,,,,,,,,,,,,,,,
33b,2,0,1,0.21,kind_type,,4,0,never_instantiated,0,,,,,0,0,title,,4,0,never_instantiated,0,,,,,0,0,kind_type,,4,0,never_instantiated,0,,,,,0,0,title,,4,0,never_instantiated,0,,,,,0,0,info_type,,4,0,never_instantiated,0,,,,,0,0,movie_info_idx,,4,0,never_instantiated,0,,,,,0,0,company_name,,4,0,never_instantiated,0,,,,,0,0,movie_companies,,4,0,never_instantiated,0,,,,,0,0,,link_type,2,0,never_instantiated,0,,,,,0,0,movie_link,,4,0,never_instantiated,0,,,,,0,0,,info_type,1,0,never_instantiated,0,,,,,0,0,,movie_info_idx,25576,0,never_instantiated,0,,,,,0,0,movie_companies,company_name,234997,0,never_instantiated,0,,,,,0,0,,,,,,,,,,,,,,,,,,,,,,,,,,,,,,,,,,,,
33c,2,0,1,0.35,kind_type,,114,0,never_instantiated,0,,,,,0,0,title,,218,0,never_instantiated,0,,,,,0,0,kind_type,,218,0,never_instantiated,0,,,,,0,0,title,,218,0,never_instantiated,0,,,,,0,0,,info_type,1,0,never_instantiated,0,,,,,0,0,movie_info_idx,,237,0,never_instantiated,0,,,,,0,0,company_name,,316,0,never_instantiated,0,,,,,0,0,movie_companies,,97,0,never_instantiated,0,,,,,0,0,,link_type,2,0,never_instantiated,0,,,,,0,0,movie_link,,77,0,never_instantiated,0,,,,,0,0,,info_type,1,0,never_instantiated,0,,,,,0,0,,movie_info_idx,36724,0,never_instantiated,0,,,,,0,0,movie_companies,company_name,234997,0,never_instantiated,0,,,,,0,0,,,,,,,,,,,,,,,,,,,,,,,,,,,,,,,,,,,,
1a,3,0,1,0.16,title,,142,0,never_instantiated,0,,,,,0,0,,info_type,1,0,never_instantiated,0,,,,,0,0,movie_info_idx,,188,0,never_instantiated,0,,,,,0,0,movie_companies,company_type,1,0,never_instantiated,0,,,,,0,0,,,,,,,,,,,,,,,,,,,,,,,,,,,,,,,,,,,,,,,,,,,,,,,,,,,,,,,,,,,,,,,,,,,,,,,,,,,,,,,,,,,,,,,,,,,,,,,,,,,,,,,,,,,,,,,,,,,,,,,,,,,,,,,,,,,,,,,,,,,,,,,,
1b,3,0,1,0.11,title,,5,0,never_instantiated,0,,,,,0,0,,info_type,1,0,never_instantiated,0,,,,,0,0,movie_info_idx,,5,0,never_instantiated,0,,,,,0,0,movie_companies,company_type,1,0,never_instantiated,0,,,,,0,0,,,,,,,,,,,,,,,,,,,,,,,,,,,,,,,,,,,,,,,,,,,,,,,,,,,,,,,,,,,,,,,,,,,,,,,,,,,,,,,,,,,,,,,,,,,,,,,,,,,,,,,,,,,,,,,,,,,,,,,,,,,,,,,,,,,,,,,,,,,,,,,,
1c,3,0,1,0.21,title,,3,0,never_instantiated,0,,,,,0,0,,info_type,1,0,never_instantiated,0,,,,,0,0,movie_info_idx,,7,0,never_instantiated,0,,,,,0,0,movie_companies,company_type,1,0,never_instantiated,0,,,,,0,0,,,,,,,,,,,,,,,,,,,,,,,,,,,,,,,,,,,,,,,,,,,,,,,,,,,,,,,,,,,,,,,,,,,,,,,,,,,,,,,,,,,,,,,,,,,,,,,,,,,,,,,,,,,,,,,,,,,,,,,,,,,,,,,,,,,,,,,,,,,,,,,,
1d,3,0,1,0.11,title,,5,0,never_instantiated,0,,,,,0,0,,info_type,1,0,never_instantiated,0,,,,,0,0,movie_info_idx,,5,0,never_instantiated,0,,,,,0,0,movie_companies,company_type,1,0,never_instantiated,0,,,,,0,0,,,,,,,,,,,,,,,,,,,,,,,,,,,,,,,,,,,,,,,,,,,,,,,,,,,,,,,,,,,,,,,,,,,,,,,,,,,,,,,,,,,,,,,,,,,,,,,,,,,,,,,,,,,,,,,,,,,,,,,,,,,,,,,,,,,,,,,,,,,,,,,,
2a,3,0,1,0.35,title,,7834,0,never_instantiated,0,,,,,0,0,company_name,,7839,0,never_instantiated,0,,,,,0,0,movie_companies,,4381,0,never_instantiated,0,,,,,0,0,movie_keyword,keyword,1,0,never_instantiated,0,,,,,0,0,,,,,,,,,,,,,,,,,,,,,,,,,,,,,,,,,,,,,,,,,,,,,,,,,,,,,,,,,,,,,,,,,,,,,,,,,,,,,,,,,,,,,,,,,,,,,,,,,,,,,,,,,,,,,,,,,,,,,,,,,,,,,,,,,,,,,,,,,,,,,,,,
2b,3,0,1,0.35,title,,5228,0,never_instantiated,0,,,,,0,0,company_name,,5259,0,never_instantiated,0,,,,,0,0,movie_companies,,2620,0,never_instantiated,0,,,,,0,0,movie_keyword,keyword,1,0,never_instantiated,0,,,,,0,0,,,,,,,,,,,,,,,,,,,,,,,,,,,,,,,,,,,,,,,,,,,,,,,,,,,,,,,,,,,,,,,,,,,,,,,,,,,,,,,,,,,,,,,,,,,,,,,,,,,,,,,,,,,,,,,,,,,,,,,,,,,,,,,,,,,,,,,,,,,,,,,,
2c,3,0,1,0.07,title,,0,0,never_instantiated,0,,,,,0,0,company_name,,0,0,never_instantiated,0,,,,,0,0,movie_companies,,0,0,never_instantiated,0,,,,,0,0,movie_keyword,keyword,1,0,never_instantiated,0,,,,,0,0,,,,,,,,,,,,,,,,,,,,,,,,,,,,,,,,,,,,,,,,,,,,,,,,,,,,,,,,,,,,,,,,,,,,,,,,,,,,,,,,,,,,,,,,,,,,,,,,,,,,,,,,,,,,,,,,,,,,,,,,,,,,,,,,,,,,,,,,,,,,,,,,
2d,3,0,1,0.46,title,,68316,0,never_instantiated,0,,,,,0,0,company_name,,148552,0,never_instantiated,0,,,,,0,0,movie_companies,,41838,0,never_instantiated,0,,,,,0,0,movie_keyword,keyword,1,0,never_instantiated,0,,,,,0,0,,,,,,,,,,,,,,,,,,,,,,,,,,,,,,,,,,,,,,,,,,,,,,,,,,,,,,,,,,,,,,,,,,,,,,,,,,,,,,,,,,,,,,,,,,,,,,,,,,,,,,,,,,,,,,,,,,,,,,,,,,,,,,,,,,,,,,,,,,,,,,,,
3a,3,0,1,1.25,,title,1012683,1,active,1766,,,,,0,0,,keyword,30,0,never_instantiated,0,,,,,0,0,movie_keyword,,2007,0,never_instantiated,0,,,,,0,0,movie_info,,8,0,never_instantiated,0,,,,,0,0,,,,,,,,,,,,,,,,,,,,,,,,,,,,,,,,,,,,,,,,,,,,,,,,,,,,,,,,,,,,,,,,,,,,,,,,,,,,,,,,,,,,,,,,,,,,,,,,,,,,,,,,,,,,,,,,,,,,,,,,,,,,,,,,,,,,,,,,,,,,,,,,
3b,3,0,1,0.96,title,,5,0,never_instantiated,0,,,,,0,0,keyword,,5,0,never_instantiated,0,,,,,0,0,movie_keyword,movie_info,3,0,never_instantiated,0,,,,,0,0,,,,,,,,,,,,,,,,,,,,,,,,,,,,,,,,,,,,,,,,,,,,,,,,,,,,,,,,,,,,,,,,,,,,,,,,,,,,,,,,,,,,,,,,,,,,,,,,,,,,,,,,,,,,,,,,,,,,,,,,,,,,,,,,,,,,,,,,,,,,,,,,,,,,,,,,,,,,
3c,3,0,1,1.38,,title,1748483,1,active,12163,,,,,0,0,,keyword,30,0,never_instantiated,0,,,,,0,0,movie_keyword,,13176,0,never_instantiated,0,,,,,0,0,movie_info,,10,0,never_instantiated,0,,,,,0,0,,,,,,,,,,,,,,,,,,,,,,,,,,,,,,,,,,,,,,,,,,,,,,,,,,,,,,,,,,,,,,,,,,,,,,,,,,,,,,,,,,,,,,,,,,,,,,,,,,,,,,,,,,,,,,,,,,,,,,,,,,,,,,,,,,,,,,,,,,,,,,,,
4a,3,0,1,0.35,title,,5820,0,never_instantiated,0,,,,,0,0,,info_type,1,0,never_instantiated,0,,,,,0,0,,movie_info_idx,352990,1,active,12951,,,,,0,0,movie_keyword,keyword,30,0,never_instantiated,0,,,,,0,0,,,,,,,,,,,,,,,,,,,,,,,,,,,,,,,,,,,,,,,,,,,,,,,,,,,,,,,,,,,,,,,,,,,,,,,,,,,,,,,,,,,,,,,,,,,,,,,,,,,,,,,,,,,,,,,,,,,,,,,,,,,,,,,,,,,,,,,,,,,,,,,,
4b,3,0,1,0.28,title,,6,0,never_instantiated,0,,,,,0,0,,info_type,1,0,never_instantiated,0,,,,,0,0,,movie_info_idx,72,0,never_instantiated,0,,,,,0,0,movie_keyword,keyword,30,0,never_instantiated,0,,,,,0,0,,,,,,,,,,,,,,,,,,,,,,,,,,,,,,,,,,,,,,,,,,,,,,,,,,,,,,,,,,,,,,,,,,,,,,,,,,,,,,,,,,,,,,,,,,,,,,,,,,,,,,,,,,,,,,,,,,,,,,,,,,,,,,,,,,,,,,,,,,,,,,,,
4c,3,0,1,0.41,,,,,,,,,,,,,,,,,,,,,,,,,,,,,,,,,,,,,,,,,,,,,,,,,,,,,,,,,,,,,,,,,,,,,,,,,,,,,,,,,,,,,,,,,,,,,,,,,,,,,,,,,,,,,,,,,,,,,,,,,,,,,,,,,,,,,,,,,,,,,,,,,,,,,,,,,,,,,,,,,,,,,,,,,,,,,,,,,,,,,,,,,,,,,,,,
5a,3,0,1,0.08,title,,0,0,never_instantiated,0,,,,,0,0,,company_type,1,0,never_instantiated,0,,,,,0,0,,movie_companies,0,0,never_instantiated,0,,,,,0,0,,info_type,110,0,never_instantiated,0,,,,,0,0,movie_info,,8,0,never_instantiated,0,,,,,0,0,,,,,,,,,,,,,,,,,,,,,,,,,,,,,,,,,,,,,,,,,,,,,,,,,,,,,,,,,,,,,,,,,,,,,,,,,,,,,,,,,,,,,,,,,,,,,,,,,,,,,,,,,,,,,,,,,,,,,,,,,,,,,,,,,,,,
5b,3,0,1,0.20,title,,0,0,never_instantiated,0,,,,,0,0,,company_type,1,0,never_instantiated,0,,,,,0,0,,movie_companies,0,0,never_instantiated,0,,,,,0,0,movie_info,info_type,110,0,never_instantiated,0,,,,,0,0,,,,,,,,,,,,,,,,,,,,,,,,,,,,,,,,,,,,,,,,,,,,,,,,,,,,,,,,,,,,,,,,,,,,,,,,,,,,,,,,,,,,,,,,,,,,,,,,,,,,,,,,,,,,,,,,,,,,,,,,,,,,,,,,,,,,,,,,,,,,,,,,
5c,3,0,1,1.13,title,,691,0,never_instantiated,0,,,,,0,0,,company_type,1,0,never_instantiated,0,,,,,0,0,,movie_companies,798,0,never_instantiated,0,,,,,0,0,,info_type,110,0,never_instantiated,0,,,,,0,0,movie_info,,10,0,never_instantiated,0,,,,,0,0,,,,,,,,,,,,,,,,,,,,,,,,,,,,,,,,,,,,,,,,,,,,,,,,,,,,,,,,,,,,,,,,,,,,,,,,,,,,,,,,,,,,,,,,,,,,,,,,,,,,,,,,,,,,,,,,,,,,,,,,,,,,,,,,,,,,
6a,3,0,1,0.52,title,,6,0,never_instantiated,0,,,,,0,0,name,,6,0,never_instantiated,0,,,,,0,0,,keyword,1,0,never_instantiated,0,,,,,0,0,cast_info,movie_keyword,14,0,never_instantiated,0,,,,,0,0,,,,,,,,,,,,,,,,,,,,,,,,,,,,,,,,,,,,,,,,,,,,,,,,,,,,,,,,,,,,,,,,,,,,,,,,,,,,,,,,,,,,,,,,,,,,,,,,,,,,,,,,,,,,,,,,,,,,,,,,,,,,,,,,,,,,,,,,,,,,,,,,
6b,3,0,1,0.74,,title,438,0,never_instantiated,0,,,,,0,0,,name,2,0,never_instantiated,0,,,,,0,0,,,8,0,never_instantiated,0,,,,,0,0,cast_info,movie_keyword,4523930,1,active,4,,,,,0,0,keyword,,8,0,never_instantiated,0,,,,,0,0,,,,,,,,,,,,,,,,,,,,,,,,,,,,,,,,,,,,,,,,,,,,,,,,,,,,,,,,,,,,,,,,,,,,,,,,,,,,,,,,,,,,,,,,,,,,,,,,,,,,,,,,,,,,,,,,,,,,,,,,,,,,,,,,,,,,
6c,3,0,1,0.42,title,,2,0,never_instantiated,0,,,,,0,0,name,,2,0,never_instantiated,0,,,,,0,0,,keyword,1,0,never_instantiated,0,,,,,0,0,cast_info,movie_keyword,14,0,never_instantiated,0,,,,,0,0,,,,,,,,,,,,,,,,,,,,,,,,,,,,,,,,,,,,,,,,,,,,,,,,,,,,,,,,,,,,,,,,,,,,,,,,,,,,,,,,,,,,,,,,,,,,,,,,,,,,,,,,,,,,,,,,,,,,,,,,,,,,,,,,,,,,,,,,,,,,,,,,
6d,3,0,1,0.96,,title,1381132,1,active,112,,,,,0,0,,name,2,0,never_instantiated,0,,,,,0,0,,,8,0,never_instantiated,0,,,,,0,0,cast_info,movie_keyword,4523930,1,active,486,,,,,0,0,keyword,,8,0,never_instantiated,0,,,,,0,0,,,,,,,,,,,,,,,,,,,,,,,,,,,,,,,,,,,,,,,,,,,,,,,,,,,,,,,,,,,,,,,,,,,,,,,,,,,,,,,,,,,,,,,,,,,,,,,,,,,,,,,,,,,,,,,,,,,,,,,,,,,,,,,,,,,,
6e,3,0,1,0.43,title,,6,0,never_instantiated,0,,,,,0,0,name,,6,0,never_instantiated,0,,,,,0,0,,keyword,1,0,never_instantiated,0,,,,,0,0,cast_info,movie_keyword,14,0,never_instantiated,0,,,,,0,0,,,,,,,,,,,,,,,,,,,,,,,,,,,,,,,,,,,,,,,,,,,,,,,,,,,,,,,,,,,,,,,,,,,,,,,,,,,,,,,,,,,,,,,,,,,,,,,,,,,,,,,,,,,,,,,,,,,,,,,,,,,,,,,,,,,,,,,,,,,,,,,,
6f,3,0,1,13.38,,title,1381132,1,active,1564305,,,,,11598,7946,,name,4061926,1,active,1564305,,,,,236177,33143,,,8,0,never_instantiated,0,,,,,0,0,cast_info,movie_keyword,4523930,1,active,36244325,,,,,447436,25862,keyword,,8,0,never_instantiated,0,,,,,0,0,,,,,,,,,,,,,,,,,,,,,,,,,,,,,,,,,,,,,,,,,,,,,,,,,,,,,,,,,,,,,,,,,,,,,,,,,,,,,,,,,,,,,,,,,,,,,,,,,,,,,,,,,,,,,,,,,,,,,,,,,,,,,,,,,,,,
7a,3,0,1,1.04,title,,32,0,never_instantiated,0,,,,,0,0,info_type,,32,0,never_instantiated,0,,,,,0,0,person_info,,182,0,never_instantiated,0,,,,,0,0,,link_type,1,0,never_instantiated,0,,,,,0,0,,movie_link,5186,0,never_instantiated,0,,,,,0,0,,name,1926,0,never_instantiated,0,,,,,0,0,cast_info,aka_name,759,0,never_instantiated,0,,,,,0,0,,,,,,,,,,,,,,,,,,,,,,,,,,,,,,,,,,,,,,,,,,,,,,,,,,,,,,,,,,,,,,,,,,,,,,,,,,,,,,,,,,,,,,,,,,,,,,,,,,,,,,,,,,,,
7b,3,0,1,1.07,title,,16,0,never_instantiated,0,,,,,0,0,info_type,,16,0,never_instantiated,0,,,,,0,0,,person_info,62,0,never_instantiated,0,,,,,0,0,name,,85,0,never_instantiated,0,,,,,0,0,,link_type,1,0,never_instantiated,0,,,,,0,0,,movie_link,5186,0,never_instantiated,0,,,,,0,0,cast_info,aka_name,2055,0,never_instantiated,0,,,,,0,0,,,,,,,,,,,,,,,,,,,,,,,,,,,,,,,,,,,,,,,,,,,,,,,,,,,,,,,,,,,,,,,,,,,,,,,,,,,,,,,,,,,,,,,,,,,,,,,,,,,,,,,,,,,,
7c,3,0,1,1.82,title,,109842,0,never_instantiated,0,,,,,0,0,,info_type,1,0,never_instantiated,0,,,,,0,0,person_info,,98922,0,never_instantiated,0,,,,,0,0,,link_type,4,0,never_instantiated,0,,,,,0,0,,movie_link,21505,0,never_instantiated,0,,,,,0,0,,name,12858,0,never_instantiated,0,,,,,0,0,cast_info,aka_name,12233,0,never_instantiated,0,,,,,0,0,,,,,,,,,,,,,,,,,,,,,,,,,,,,,,,,,,,,,,,,,,,,,,,,,,,,,,,,,,,,,,,,,,,,,,,,,,,,,,,,,,,,,,,,,,,,,,,,,,,,,,,,,,,,
8a,3,0,1,0.92,title,,62,0,never_instantiated,0,,,,,0,0,role_type,,62,0,never_instantiated,0,,,,,0,0,name,,80,0,never_instantiated,0,,,,,0,0,company_name,,82,0,never_instantiated,0,,,,,0,0,movie_companies,,52,0,never_instantiated,0,,,,,0,0,aka_name,cast_info,4563,0,never_instantiated,0,,,,,0,0,,,,,,,,,,,,,,,,,,,,,,,,,,,,,,,,,,,,,,,,,,,,,,,,,,,,,,,,,,,,,,,,,,,,,,,,,,,,,,,,,,,,,,,,,,,,,,,,,,,,,,,,,,,,,,,,,,,,,,,,
8b,3,0,1,0.89,title,,6,0,never_instantiated,0,,,,,0,0,role_type,,6,0,never_instantiated,0,,,,,0,0,name,,6,0,never_instantiated,0,,,,,0,0,company_name,,6,0,never_instantiated,0,,,,,0,0,movie_companies,,6,0,never_instantiated,0,,,,,0,0,aka_name,cast_info,25,0,never_instantiated,0,,,,,0,0,,,,,,,,,,,,,,,,,,,,,,,,,,,,,,,,,,,,,,,,,,,,,,,,,,,,,,,,,,,,,,,,,,,,,,,,,,,,,,,,,,,,,,,,,,,,,,,,,,,,,,,,,,,,,,,,,,,,,,,,
8c,3,0,1,2.38,title,,2487611,0,never_instantiated,0,,,,,0,0,,role_type,1,0,never_instantiated,0,,,,,0,0,name,,2487611,0,never_instantiated,0,,,,,0,0,,company_name,84843,0,never_instantiated,0,,,,,0,0,,movie_companies,2609129,1,active,2343647,,,,,225214,20145,cast_info,aka_name,772581,1,active,2728735,,,,,36955,2546,,,,,,,,,,,,,,,,,,,,,,,,,,,,,,,,,,,,,,,,,,,,,,,,,,,,,,,,,,,,,,,,,,,,,,,,,,,,,,,,,,,,,,,,,,,,,,,,,,,,,,,,,,,,,,,,,,,,,,,,
8d,3,0,1,0.96,title,,323005,0,never_instantiated,0,,,,,0,0,,role_type,1,0,never_instantiated,0,,,,,0,0,name,,323005,0,never_instantiated,0,,,,,0,0,,company_name,84843,0,never_instantiated,0,,,,,0,0,,movie_companies,2609129,1,active,218956,,,,,38985,38985,cast_info,aka_name,772581,1,active,276394,,,,,2599,2599,,,,,,,,,,,,,,,,,,,,,,,,,,,,,,,,,,,,,,,,,,,,,,,,,,,,,,,,,,,,,,,,,,,,,,,,,,,,,,,,,,,,,,,,,,,,,,,,,,,,,,,,,,,,,,,,,,,,,,,,
9a,3,0,1,1.22,title,,341,0,never_instantiated,0,,,,,0,0,,role_type,1,0,never_instantiated,0,,,,,0,0,name,,404,0,never_instantiated,0,,,,,0,0,,company_name,84843,0,never_instantiated,0,,,,,0,0,,movie_companies,590994,1,active,462,,,,,0,0,char_name,,462,0,never_instantiated,0,,,,,0,0,cast_info,aka_name,772581,1,active,844,,,,,0,0,,,,,,,,,,,,,,,,,,,,,,,,,,,,,,,,,,,,,,,,,,,,,,,,,,,,,,,,,,,,,,,,,,,,,,,,,,,,,,,,,,,,,,,,,,,,,,,,,,,,,,,,,,,,
9b,3,0,1,0.95,title,,94,0,never_instantiated,0,,,,,0,0,role_type,,94,0,never_instantiated,0,,,,,0,0,name,,117,0,never_instantiated,0,,,,,0,0,company_name,,117,0,never_instantiated,0,,,,,0,0,movie_companies,,69,0,never_instantiated,0,,,,,0,0,char_name,,69,0,never_instantiated,0,,,,,0,0,aka_name,cast_info,22022,0,never_instantiated,0,,,,,0,0,,,,,,,,,,,,,,,,,,,,,,,,,,,,,,,,,,,,,,,,,,,,,,,,,,,,,,,,,,,,,,,,,,,,,,,,,,,,,,,,,,,,,,,,,,,,,,,,,,,,,,,,,,,,
9c,3,0,1,1.24,title,,8144,0,never_instantiated,0,,,,,0,0,,role_type,1,0,never_instantiated,0,,,,,0,0,name,,8194,0,never_instantiated,0,,,,,0,0,,company_name,84843,0,never_instantiated,0,,,,,0,0,,movie_companies,2609129,1,active,7775,,,,,0,0,char_name,,7775,0,never_instantiated,0,,,,,0,0,cast_info,aka_name,772581,1,active,6805,,,,,0,0,,,,,,,,,,,,,,,,,,,,,,,,,,,,,,,,,,,,,,,,,,,,,,,,,,,,,,,,,,,,,,,,,,,,,,,,,,,,,,,,,,,,,,,,,,,,,,,,,,,,,,,,,,,,
9d,3,0,1,1.88,title,,483082,0,never_instantiated,0,,,,,0,0,,role_type,1,0,never_instantiated,0,,,,,0,0,name,,483198,0,never_instantiated,0,,,,,0,0,,company_name,84843,0,never_instantiated,0,,,,,0,0,,movie_companies,2609129,1,active,483319,,,,,13862,8463,char_name,,483319,0,never_instantiated,0,,,,,0,0,cast_info,aka_name,772581,1,active,276165,,,,,3219,3219,,,,,,,,,,,,,,,,,,,,,,,,,,,,,,,,,,,,,,,,,,,,,,,,,,,,,,,,,,,,,,,,,,,,,,,,,,,,,,,,,,,,,,,,,,,,,,,,,,,,,,,,,,,,
10a,3,0,1,1.22,title,,265,0,never_instantiated,0,,,,,0,0,,role_type,1,0,never_instantiated,0,,,,,0,0,,company_type,2,0,never_instantiated,0,,,,,0,0,,company_name,1361,0,never_instantiated,0,,,,,0,0,,movie_companies,9252,0,never_instantiated,0,,,,,0,0,cast_info,char_name,3140339,1,active,195,,,,,0,0,,,,,,,,,,,,,,,,,,,,,,,,,,,,,,,,,,,,,,,,,,,,,,,,,,,,,,,,,,,,,,,,,,,,,,,,,,,,,,,,,,,,,,,,,,,,,,,,,,,,,,,,,,,,,,,,,,,,,,,,
10b,3,0,1,1.23,title,,0,0,never_instantiated,0,,,,,0,0,,role_type,1,0,never_instantiated,0,,,,,0,0,,company_type,2,0,never_instantiated,0,,,,,0,0,,company_name,1361,0,never_instantiated,0,,,,,0,0,,movie_companies,9252,0,never_instantiated,0,,,,,0,0,cast_info,char_name,3140339,1,active,0,,,,,0,0,,,,,,,,,,,,,,,,,,,,,,,,,,,,,,,,,,,,,,,,,,,,,,,,,,,,,,,,,,,,,,,,,,,,,,,,,,,,,,,,,,,,,,,,,,,,,,,,,,,,,,,,,,,,,,,,,,,,,,,,
10c,3,0,1,2.00,title,,14,0,never_instantiated,0,,,,,0,0,,role_type,11,0,never_instantiated,0,,,,,0,0,,company_type,2,0,never_instantiated,0,,,,,0,0,,company_name,84843,0,never_instantiated,0,,,,,0,0,,movie_companies,2609129,1,active,15,,,,,0,0,cast_info,char_name,3140339,1,active,15,,,,,0,0,,,,,,,,,,,,,,,,,,,,,,,,,,,,,,,,,,,,,,,,,,,,,,,,,,,,,,,,,,,,,,,,,,,,,,,,,,,,,,,,,,,,,,,,,,,,,,,,,,,,,,,,,,,,,,,,,,,,,,,,
11a,3,0,1,0.11,title,,402,0,never_instantiated,0,,,,,0,0,link_type,,402,0,never_instantiated,0,,,,,0,0,movie_link,,26,0,never_instantiated,0,,,,,0,0,,company_type,1,0,never_instantiated,0,,,,,0,0,company_name,,26,0,never_instantiated,0,,,,,0,0,movie_companies,,12,0,never_instantiated,0,,,,,0,0,movie_keyword,keyword,1,0,never_instantiated,0,,,,,0,0,,,,,,,,,,,,,,,,,,,,,,,,,,,,,,,,,,,,,,,,,,,,,,,,,,,,,,,,,,,,,,,,,,,,,,,,,,,,,,,,,,,,,,,,,,,,,,,,,,,,,,,,,,,,
11b,3,0,1,0.26,title,,14,0,never_instantiated,0,,,,,0,0,link_type,,14,0,never_instantiated,0,,,,,0,0,movie_link,,2,0,never_instantiated,0,,,,,0,0,,company_type,1,0,never_instantiated,0,,,,,0,0,company_name,,2,0,never_instantiated,0,,,,,0,0,movie_companies,,1,0,never_instantiated,0,,,,,0,0,movie_keyword,keyword,1,0,never_instantiated,0,,,,,0,0,,,,,,,,,,,,,,,,,,,,,,,,,,,,,,,,,,,,,,,,,,,,,,,,,,,,,,,,,,,,,,,,,,,,,,,,,,,,,,,,,,,,,,,,,,,,,,,,,,,,,,,,,,,,
11c,3,0,1,0.16,title,,6946,0,never_instantiated,0,,,,,0,0,,link_type,17,0,never_instantiated,0,,,,,0,0,movie_link,,43,0,never_instantiated,0,,,,,0,0,,company_type,1,0,never_instantiated,0,,,,,0,0,,company_name,89,0,never_instantiated,0,,,,,0,0,movie_companies,,5,0,never_instantiated,0,,,,,0,0,movie_keyword,keyword,3,0,never_instantiated,0,,,,,0,0,,,,,,,,,,,,,,,,,,,,,,,,,,,,,,,,,,,,,,,,,,,,,,,,,,,,,,,,,,,,,,,,,,,,,,,,,,,,,,,,,,,,,,,,,,,,,,,,,,,,,,,,,,,,
11d,3,0,1,0.25,title,,14899,0,never_instantiated,0,,,,,0,0,,link_type,17,0,never_instantiated,0,,,,,0,0,movie_link,,931,0,never_instantiated,0,,,,,0,0,,company_type,1,0,never_instantiated,0,,,,,0,0,,company_name,210031,0,never_instantiated,0,,,,,0,0,movie_companies,,480,0,never_instantiated,0,,,,,0,0,movie_keyword,keyword,3,0,never_instantiated,0,,,,,0,0,,,,,,,,,,,,,,,,,,,,,,,,,,,,,,,,,,,,,,,,,,,,,,,,,,,,,,,,,,,,,,,,,,,,,,,,,,,,,,,,,,,,,,,,,,,,,,,,,,,,,,,,,,,,
12a,3,0,1,0.32,title,,1311,0,never_instantiated,0,,,,,0,0,,info_type,1,0,never_instantiated,0,,,,,0,0,movie_info_idx,,1493,0,never_instantiated,0,,,,,0,0,,company_type,1,0,never_instantiated,0,,,,,0,0,,company_name,84843,0,never_instantiated,0,,,,,0,0,movie_companies,,2434,0,never_instantiated,0,,,,,0,0,movie_info,info_type,1,0,never_instantiated,0,,,,,0,0,,,,,,,,,,,,,,,,,,,,,,,,,,,,,,,,,,,,,,,,,,,,,,,,,,,,,,,,,,,,,,,,,,,,,,,,,,,,,,,,,,,,,,,,,,,,,,,,,,,,,,,,,,,,
12b,3,0,1,0.32,title,,10,0,never_instantiated,0,,,,,0,0,,info_type,1,0,never_instantiated,0,,,,,0,0,movie_info_idx,,10,0,never_instantiated,0,,,,,0,0,,company_name,84843,0,never_instantiated,0,,,,,0,0,,company_type,2,0,never_instantiated,0,,,,,0,0,movie_companies,,2,0,never_instantiated,0,,,,,0,0,movie_info,info_type,1,0,never_instantiated,0,,,,,0,0,,,,,,,,,,,,,,,,,,,,,,,,,,,,,,,,,,,,,,,,,,,,,,,,,,,,,,,,,,,,,,,,,,,,,,,,,,,,,,,,,,,,,,,,,,,,,,,,,,,,,,,,,,,,
12c,3,0,1,0.42,title,,12752,0,never_instantiated,0,,,,,0,0,,info_type,1,0,never_instantiated,0,,,,,0,0,movie_info_idx,,12919,0,never_instantiated,0,,,,,0,0,,company_type,1,0,never_instantiated,0,,,,,0,0,,company_name,84843,0,never_instantiated,0,,,,,0,0,movie_companies,,22647,0,never_instantiated,0,,,,,0,0,movie_info,info_type,1,0,never_instantiated,0,,,,,0,0,,,,,,,,,,,,,,,,,,,,,,,,,,,,,,,,,,,,,,,,,,,,,,,,,,,,,,,,,,,,,,,,,,,,,,,,,,,,,,,,,,,,,,,,,,,,,,,,,,,,,,,,,,,,
13a,3,0,1,0.55,,kind_type,1,0,never_instantiated,0,,,,,0,0,title,,111109,0,never_instantiated,0,,,,,0,0,,info_type,1,0,never_instantiated,0,,,,,0,0,movie_info_idx,,129009,0,never_instantiated,0,,,,,0,0,,company_type,1,0,never_instantiated,0,,,,,0,0,,company_name,9775,0,never_instantiated,0,,,,,0,0,movie_companies,,78868,0,never_instantiated,0,,,,,0,0,movie_info,info_type,1,0,never_instantiated,0,,,,,0,0,,,,,,,,,,,,,,,,,,,,,,,,,,,,,,,,,,,,,,,,,,,,,,,,,,,,,,,,,,,,,,,,,,,,,,,,,,,,,,,,,,,,,,,,,,,,,,,,
13b,3,0,1,0.27,,kind_type,1,0,never_instantiated,0,,,,,0,0,title,,720,0,never_instantiated,0,,,,,0,0,,info_type,1,0,never_instantiated,0,,,,,0,0,movie_info_idx,,966,0,never_instantiated,0,,,,,0,0,,company_type,1,0,never_instantiated,0,,,,,0,0,,company_name,84843,0,never_instantiated,0,,,,,0,0,movie_companies,,1170,0,never_instantiated,0,,,,,0,0,movie_info,info_type,1,0,never_instantiated,0,,,,,0,0,,,,,,,,,,,,,,,,,,,,,,,,,,,,,,,,,,,,,,,,,,,,,,,,,,,,,,,,,,,,,,,,,,,,,,,,,,,,,,,,,,,,,,,,,,,,,,,,
13c,3,0,1,0.21,,kind_type,1,0,never_instantiated,0,,,,,0,0,title,,89,0,never_instantiated,0,,,,,0,0,,info_type,1,0,never_instantiated,0,,,,,0,0,movie_info_idx,,109,0,never_instantiated,0,,,,,0,0,,company_type,1,0,never_instantiated,0,,,,,0,0,,company_name,84843,0,never_instantiated,0,,,,,0,0,movie_companies,,244,0,never_instantiated,0,,,,,0,0,movie_info,info_type,1,0,never_instantiated,0,,,,,0,0,,,,,,,,,,,,,,,,,,,,,,,,,,,,,,,,,,,,,,,,,,,,,,,,,,,,,,,,,,,,,,,,,,,,,,,,,,,,,,,,,,,,,,,,,,,,,,,,
13d,3,0,1,0.93,,kind_type,1,0,never_instantiated,0,,,,,0,0,title,,670463,0,never_instantiated,0,,,,,0,0,,info_type,1,0,never_instantiated,0,,,,,0,0,movie_info_idx,,795973,0,never_instantiated,0,,,,,0,0,,company_type,1,0,never_instantiated,0,,,,,0,0,,company_name,84843,0,never_instantiated,0,,,,,0,0,movie_companies,,957345,0,never_instantiated,0,,,,,0,0,movie_info,info_type,1,0,never_instantiated,0,,,,,0,0,,,,,,,,,,,,,,,,,,,,,,,,,,,,,,,,,,,,,,,,,,,,,,,,,,,,,,,,,,,,,,,,,,,,,,,,,,,,,,,,,,,,,,,,,,,,,,,,
14a,3,0,1,0.23,,kind_type,1,0,never_instantiated,0,,,,,0,0,title,,772,0,never_instantiated,0,,,,,0,0,keyword,,772,0,never_instantiated,0,,,,,0,0,movie_keyword,,529,0,never_instantiated,0,,,,,0,0,,info_type,1,0,never_instantiated,0,,,,,0,0,movie_info_idx,,938,0,never_instantiated,0,,,,,0,0,,info_type,1,0,never_instantiated,0,,,,,0,0,movie_info,,10,0,never_instantiated,0,,,,,0,0,,,,,,,,,,,,,,,,,,,,,,,,,,,,,,,,,,,,,,,,,,,,,,,,,,,,,,,,,,,,,,,,,,,,,,,,,,,,,,,,,,,,,,,,,,,,,,,,
14b,3,0,1,0.24,,kind_type,1,0,never_instantiated,0,,,,,0,0,title,,7,0,never_instantiated,0,,,,,0,0,keyword,,7,0,never_instantiated,0,,,,,0,0,movie_keyword,,7,0,never_instantiated,0,,,,,0,0,,info_type,1,0,never_instantiated,0,,,,,0,0,movie_info_idx,,16,0,never_instantiated,0,,,,,0,0,,info_type,1,0,never_instantiated,0,,,,,0,0,movie_info,,10,0,never_instantiated,0,,,,,0,0,,,,,,,,,,,,,,,,,,,,,,,,,,,,,,,,,,,,,,,,,,,,,,,,,,,,,,,,,,,,,,,,,,,,,,,,,,,,,,,,,,,,,,,,,,,,,,,,
14c,3,0,1,0.40,,kind_type,2,0,never_instantiated,0,,,,,0,0,title,,20967,0,never_instantiated,0,,,,,0,0,keyword,,20967,0,never_instantiated,0,,,,,0,0,movie_keyword,,15227,0,never_instantiated,0,,,,,0,0,,info_type,1,0,never_instantiated,0,,,,,0,0,movie_info_idx,,17733,0,never_instantiated,0,,,,,0,0,,info_type,1,0,never_instantiated,0,,,,,0,0,movie_info,,10,0,never_instantiated,0,,,,,0,0,,,,,,,,,,,,,,,,,,,,,,,,,,,,,,,,,,,,,,,,,,,,,,,,,,,,,,,,,,,,,,,,,,,,,,,,,,,,,,,,,,,,,,,,,,,,,,,,
15a,3,0,1,0.89,title,,482,0,never_instantiated,0,,,,,0,0,keyword,,482,0,never_instantiated,0,,,,,0,0,movie_keyword,,71,0,never_instantiated,0,,,,,0,0,company_type,,71,0,never_instantiated,0,,,,,0,0,company_name,,76,0,never_instantiated,0,,,,,0,0,movie_companies,,52,0,never_instantiated,0,,,,,0,0,,info_type,1,0,never_instantiated,0,,,,,0,0,movie_info,aka_title,361379,1,active,596,,,,,0,0,,,,,,,,,,,,,,,,,,,,,,,,,,,,,,,,,,,,,,,,,,,,,,,,,,,,,,,,,,,,,,,,,,,,,,,,,,,,,,,,,,,,,,,,,,,,,,,,
15b,3,0,1,0.63,title,,37,0,never_instantiated,0,,,,,0,0,keyword,,37,0,never_instantiated,0,,,,,0,0,movie_keyword,,3,0,never_instantiated,0,,,,,0,0,company_type,,3,0,never_instantiated,0,,,,,0,0,,company_name,1,0,never_instantiated,0,,,,,0,0,movie_companies,,3,0,never_instantiated,0,,,,,0,0,,info_type,1,0,never_instantiated,0,,,,,0,0,movie_info,aka_title,361379,1,active,76,,,,,0,0,,,,,,,,,,,,,,,,,,,,,,,,,,,,,,,,,,,,,,,,,,,,,,,,,,,,,,,,,,,,,,,,,,,,,,,,,,,,,,,,,,,,,,,,,,,,,,,,
15c,3,0,1,0.80,title,,2271,0,never_instantiated,0,,,,,0,0,keyword,,2271,0,never_instantiated,0,,,,,0,0,movie_keyword,,284,0,never_instantiated,0,,,,,0,0,,company_type,2,0,never_instantiated,0,,,,,0,0,,company_name,84843,0,never_instantiated,0,,,,,0,0,movie_companies,,120,0,never_instantiated,0,,,,,0,0,,info_type,1,0,never_instantiated,0,,,,,0,0,movie_info,aka_title,361379,1,active,1783,,,,,0,0,,,,,,,,,,,,,,,,,,,,,,,,,,,,,,,,,,,,,,,,,,,,,,,,,,,,,,,,,,,,,,,,,,,,,,,,,,,,,,,,,,,,,,,,,,,,,,,,
15d,3,0,1,0.65,title,,11557,0,never_instantiated,0,,,,,0,0,keyword,,11557,0,never_instantiated,0,,,,,0,0,movie_keyword,,896,0,never_instantiated,0,,,,,0,0,,company_type,2,0,never_instantiated,0,,,,,0,0,,company_name,84843,0,never_instantiated,0,,,,,0,0,movie_companies,,591,0,never_instantiated,0,,,,,0,0,,info_type,1,0,never_instantiated,0,,,,,0,0,movie_info,aka_title,361379,1,active,10675,,,,,0,0,,,,,,,,,,,,,,,,,,,,,,,,,,,,,,,,,,,,,,,,,,,,,,,,,,,,,,,,,,,,,,,,,,,,,,,,,,,,,,,,,,,,,,,,,,,,,,,,
16a,3,0,1,1.27,title,,385,0,never_instantiated,0,,,,,0,0,name,,385,0,never_instantiated,0,,,,,0,0,,keyword,1,0,never_instantiated,0,,,,,0,0,movie_keyword,,391,0,never_instantiated,0,,,,,0,0,,company_name,84843,0,never_instantiated,0,,,,,0,0,,movie_companies,2609129,1,active,1293,,,,,0,0,cast_info,aka_name,772581,1,active,1576,,,,,0,0,,,,,,,,,,,,,,,,,,,,,,,,,,,,,,,,,,,,,,,,,,,,,,,,,,,,,,,,,,,,,,,,,,,,,,,,,,,,,,,,,,,,,,,,,,,,,,,,,,,,,,,,,,,,
16b,3,0,1,4.31,title,,3710592,0,never_instantiated,0,,,,,0,0,name,,3710592,0,never_instantiated,0,,,,,0,0,,keyword,1,0,never_instantiated,0,,,,,0,0,movie_keyword,,3719996,0,never_instantiated,0,,,,,0,0,,company_name,84843,0,never_instantiated,0,,,,,0,0,,movie_companies,2609129,1,active,1305292,,,,,30956,16113,cast_info,aka_name,772581,1,active,1048720,,,,,82447,16357,,,,,,,,,,,,,,,,,,,,,,,,,,,,,,,,,,,,,,,,,,,,,,,,,,,,,,,,,,,,,,,,,,,,,,,,,,,,,,,,,,,,,,,,,,,,,,,,,,,,,,,,,,,,
16c,3,0,1,4.11,title,,3710592,0,never_instantiated,0,,,,,0,0,name,,3710592,0,never_instantiated,0,,,,,0,0,,keyword,1,0,never_instantiated,0,,,,,0,0,movie_keyword,,3719996,0,never_instantiated,0,,,,,0,0,,company_name,84843,0,never_instantiated,0,,,,,0,0,,movie_companies,2609129,1,active,1305292,,,,,30956,16113,cast_info,aka_name,772581,1,active,1048720,,,,,82447,16357,,,,,,,,,,,,,,,,,,,,,,,,,,,,,,,,,,,,,,,,,,,,,,,,,,,,,,,,,,,,,,,,,,,,,,,,,,,,,,,,,,,,,,,,,,,,,,,,,,,,,,,,,,,,
16d,3,0,1,4.04,title,,3710592,0,never_instantiated,0,,,,,0,0,name,,3710592,0,never_instantiated,0,,,,,0,0,,keyword,1,0,never_instantiated,0,,,,,0,0,movie_keyword,,3719996,0,never_instantiated,0,,,,,0,0,,company_name,84843,0,never_instantiated,0,,,,,0,0,,movie_companies,2609129,1,active,1305292,,,,,30956,16113,cast_info,aka_name,772581,1,active,1048720,,,,,82447,16357,,,,,,,,,,,,,,,,,,,,,,,,,,,,,,,,,,,,,,,,,,,,,,,,,,,,,,,,,,,,,,,,,,,,,,,,,,,,,,,,,,,,,,,,,,,,,,,,,,,,,,,,,,,,
17a,3,0,1,2.25,title,,258289,0,never_instantiated,0,,,,,0,0,name,,2832555,0,never_instantiated,0,,,,,0,0,,keyword,1,0,never_instantiated,0,,,,,0,0,movie_keyword,,2839514,0,never_instantiated,0,,,,,0,0,,company_name,84843,0,never_instantiated,0,,,,,0,0,cast_info,movie_companies,2609129,1,active,1048720,,,,,33285,23211,,,,,,,,,,,,,,,,,,,,,,,,,,,,,,,,,,,,,,,,,,,,,,,,,,,,,,,,,,,,,,,,,,,,,,,,,,,,,,,,,,,,,,,,,,,,,,,,,,,,,,,,,,,,,,,,,,,,,,,,
17b,3,0,1,2.98,title,,52306,0,never_instantiated,0,,,,,0,0,name,,7796926,0,never_instantiated,0,,,,,0,0,,keyword,1,0,never_instantiated,0,,,,,0,0,,movie_keyword,41838,0,never_instantiated,0,,,,,0,0,,company_name,234997,0,never_instantiated,0,,,,,0,0,cast_info,movie_companies,2609129,1,active,1048720,,,,,33299,23147,,,,,,,,,,,,,,,,,,,,,,,,,,,,,,,,,,,,,,,,,,,,,,,,,,,,,,,,,,,,,,,,,,,,,,,,,,,,,,,,,,,,,,,,,,,,,,,,,,,,,,,,,,,,,,,,,,,,,,,,
17c,3,0,1,0.90,title,,1918,0,never_instantiated,0,,,,,0,0,name,,3151,0,never_instantiated,0,,,,,0,0,,keyword,1,0,never_instantiated,0,,,,,0,0,,movie_keyword,41838,0,never_instantiated,0,,,,,0,0,,company_name,234997,0,never_instantiated,0,,,,,0,0,cast_info,movie_companies,2609129,1,active,408,,,,,0,0,,,,,,,,,,,,,,,,,,,,,,,,,,,,,,,,,,,,,,,,,,,,,,,,,,,,,,,,,,,,,,,,,,,,,,,,,,,,,,,,,,,,,,,,,,,,,,,,,,,,,,,,,,,,,,,,,,,,,,,,
17d,3,0,1,1.32,title,,11538,0,never_instantiated,0,,,,,0,0,name,,13400,0,never_instantiated,0,,,,,0,0,,keyword,1,0,never_instantiated,0,,,,,0,0,,movie_keyword,41838,0,never_instantiated,0,,,,,0,0,,company_name,234997,0,never_instantiated,0,,,,,0,0,cast_info,movie_companies,2609129,1,active,2228,,,,,0,0,,,,,,,,,,,,,,,,,,,,,,,,,,,,,,,,,,,,,,,,,,,,,,,,,,,,,,,,,,,,,,,,,,,,,,,,,,,,,,,,,,,,,,,,,,,,,,,,,,,,,,,,,,,,,,,,,,,,,,,,
17e,3,0,1,3.14,title,,2832555,0,never_instantiated,0,,,,,0,0,name,,2832555,0,never_instantiated,0,,,,,0,0,,keyword,1,0,never_instantiated,0,,,,,0,0,movie_keyword,,2839514,0,never_instantiated,0,,,,,0,0,,company_name,84843,0,never_instantiated,0,,,,,0,0,cast_info,movie_companies,2609129,1,active,1048720,,,,,33285,23211,,,,,,,,,,,,,,,,,,,,,,,,,,,,,,,,,,,,,,,,,,,,,,,,,,,,,,,,,,,,,,,,,,,,,,,,,,,,,,,,,,,,,,,,,,,,,,,,,,,,,,,,,,,,,,,,,,,,,,,,
17f,3,0,1,1.98,title,,1113120,0,never_instantiated,0,,,,,0,0,name,,1128232,0,never_instantiated,0,,,,,0,0,,keyword,1,0,never_instantiated,0,,,,,0,0,,movie_keyword,41838,0,never_instantiated,0,,,,,0,0,,company_name,234997,0,never_instantiated,0,,,,,0,0,cast_info,movie_companies,2609129,1,active,153025,,,,,0,0,,,,,,,,,,,,,,,,,,,,,,,,,,,,,,,,,,,,,,,,,,,,,,,,,,,,,,,,,,,,,,,,,,,,,,,,,,,,,,,,,,,,,,,,,,,,,,,,,,,,,,,,,,,,,,,,,,,,,,,,
18a,3,0,1,1.41,title,,410,0,never_instantiated,0,,,,,0,0,name,,422,0,never_instantiated,0,,,,,0,0,,info_type,1,0,never_instantiated,0,,,,,0,0,movie_info_idx,,715,0,never_instantiated,0,,,,,0,0,,info_type,1,0,never_instantiated,0,,,,,0,0,movie_info,cast_info,717,0,never_instantiated,0,,,,,0,0,,,,,,,,,,,,,,,,,,,,,,,,,,,,,,,,,,,,,,,,,,,,,,,,,,,,,,,,,,,,,,,,,,,,,,,,,,,,,,,,,,,,,,,,,,,,,,,,,,,,,,,,,,,,,,,,,,,,,,,,
18b,3,0,1,1.47,title,,16,0,never_instantiated,0,,,,,0,0,name,,412,0,never_instantiated,0,,,,,0,0,,info_type,1,0,never_instantiated,0,,,,,0,0,movie_info_idx,,488,0,never_instantiated,0,,,,,0,0,,info_type,1,0,never_instantiated,0,,,,,0,0,,movie_info,869,0,never_instantiated,0,,,,,0,0,cast_info,,5,0,never_instantiated,0,,,,,0,0,,,,,,,,,,,,,,,,,,,,,,,,,,,,,,,,,,,,,,,,,,,,,,,,,,,,,,,,,,,,,,,,,,,,,,,,,,,,,,,,,,,,,,,,,,,,,,,,,,,,,,,,,,,,
18c,3,0,1,2.38,title,,28073,0,never_instantiated,0,,,,,0,0,name,,54155,0,never_instantiated,0,,,,,0,0,,info_type,1,0,never_instantiated,0,,,,,0,0,movie_info_idx,,93236,0,never_instantiated,0,,,,,0,0,,info_type,1,0,never_instantiated,0,,,,,0,0,,,186590,0,never_instantiated,0,,,,,0,0,cast_info,,5,0,never_instantiated,0,,,,,0,0,movie_info,,6,0,never_instantiated,0,,,,,0,0,,,,,,,,,,,,,,,,,,,,,,,,,,,,,,,,,,,,,,,,,,,,,,,,,,,,,,,,,,,,,,,,,,,,,,,,,,,,,,,,,,,,,,,,,,,,,,,,
19a,3,0,1,1.42,title,,311,0,never_instantiated,0,,,,,0,0,,role_type,1,0,never_instantiated,0,,,,,0,0,name,,374,0,never_instantiated,0,,,,,0,0,,info_type,1,0,never_instantiated,0,,,,,0,0,movie_info,,165,0,never_instantiated,0,,,,,0,0,,company_name,84843,0,never_instantiated,0,,,,,0,0,,movie_companies,590994,1,active,149,,,,,0,0,char_name,,149,0,never_instantiated,0,,,,,0,0,cast_info,aka_name,772581,1,active,173,,,,,0,0,,,,,,,,,,,,,,,,,,,,,,,,,,,,,,,,,,,,,,,,,,,,,,,,,,,,,,,,,,,,,,,,,,,,,,,,,,,,,,,,,,,,
19b,3,0,1,1.15,title,,15,0,never_instantiated,0,,,,,0,0,role_type,,15,0,never_instantiated,0,,,,,0,0,name,,15,0,never_instantiated,0,,,,,0,0,info_type,,15,0,never_instantiated,0,,,,,0,0,movie_info,,15,0,never_instantiated,0,,,,,0,0,company_name,,15,0,never_instantiated,0,,,,,0,0,movie_companies,,5,0,never_instantiated,0,,,,,0,0,char_name,,5,0,never_instantiated,0,,,,,0,0,aka_name,cast_info,1,0,never_instantiated,0,,,,,0,0,,,,,,,,,,,,,,,,,,,,,,,,,,,,,,,,,,,,,,,,,,,,,,,,,,,,,,,,,,,,,,,,,,,,,,,,,,,,,,,,,,,,
19c,3,0,1,1.31,title,,4113,0,never_instantiated,0,,,,,0,0,,role_type,1,0,never_instantiated,0,,,,,0,0,name,,4163,0,never_instantiated,0,,,,,0,0,,info_type,1,0,never_instantiated,0,,,,,0,0,movie_info,,2587,0,never_instantiated,0,,,,,0,0,,company_name,84843,0,never_instantiated,0,,,,,0,0,movie_companies,,3311,0,never_instantiated,0,,,,,0,0,char_name,,3311,0,never_instantiated,0,,,,,0,0,cast_info,aka_name,772581,1,active,2009,,,,,0,0,,,,,,,,,,,,,,,,,,,,,,,,,,,,,,,,,,,,,,,,,,,,,,,,,,,,,,,,,,,,,,,,,,,,,,,,,,,,,,,,,,,,
19d,3,0,1,2.19,title,,2711062,0,never_instantiated,0,,,,,0,0,,role_type,1,0,never_instantiated,0,,,,,0,0,name,,2712382,0,never_instantiated,0,,,,,0,0,,info_type,1,0,never_instantiated,0,,,,,0,0,movie_info,,483198,0,never_instantiated,0,,,,,0,0,,company_name,84843,0,never_instantiated,0,,,,,0,0,movie_companies,,483319,0,never_instantiated,0,,,,,0,0,char_name,,483319,0,never_instantiated,0,,,,,0,0,cast_info,aka_name,772581,1,active,276165,,,,,3219,3219,,,,,,,,,,,,,,,,,,,,,,,,,,,,,,,,,,,,,,,,,,,,,,,,,,,,,,,,,,,,,,,,,,,,,,,,,,,,,,,,,,,,
20a,3,0,1,1.21,,kind_type,1,0,never_instantiated,0,,,,,0,0,title,,33,0,never_instantiated,0,,,,,0,0,name,,33,0,never_instantiated,0,,,,,0,0,,,8,0,never_instantiated,0,,,,,0,0,movie_keyword,,9,0,never_instantiated,0,,,,,0,0,,comp_cast_type,2,0,never_instantiated,0,,,,,0,0,,comp_cast_type,1,0,never_instantiated,0,,,,,0,0,,complete_cast,84165,0,never_instantiated,0,,,,,0,0,cast_info,char_name,30,0,never_instantiated,0,,,,,0,0,keyword,,8,0,never_instantiated,0,,,,,0,0,,,,,,,,,,,,,,,,,,,,,,,,,,,,,,,,,,,,,,,,,,,,,,,,,,,,,,,,,,,,,,,,,,,,,,,,
20b,3,0,1,0.89,,kind_type,1,0,never_instantiated,0,,,,,0,0,title,,17,0,never_instantiated,0,,,,,0,0,name,,17,0,never_instantiated,0,,,,,0,0,,,8,0,never_instantiated,0,,,,,0,0,movie_keyword,,4,0,never_instantiated,0,,,,,0,0,,comp_cast_type,2,0,never_instantiated,0,,,,,0,0,,comp_cast_type,1,0,never_instantiated,0,,,,,0,0,,complete_cast,84165,0,never_instantiated,0,,,,,0,0,cast_info,char_name,30,0,never_instantiated,0,,,,,0,0,keyword,,8,0,never_instantiated,0,,,,,0,0,,,,,,,,,,,,,,,,,,,,,,,,,,,,,,,,,,,,,,,,,,,,,,,,,,,,,,,,,,,,,,,,,,,,,,,,
20c,3,0,1,1.65,,kind_type,1,0,never_instantiated,0,,,,,0,0,title,,5406,0,never_instantiated,0,,,,,0,0,name,,5406,0,never_instantiated,0,,,,,0,0,,,10,0,never_instantiated,0,,,,,0,0,movie_keyword,,10778,0,never_instantiated,0,,,,,0,0,,comp_cast_type,2,0,never_instantiated,0,,,,,0,0,,comp_cast_type,1,0,never_instantiated,0,,,,,0,0,,complete_cast,84165,0,never_instantiated,0,,,,,0,0,cast_info,char_name,180152,0,never_instantiated,0,,,,,0,0,keyword,,10,0,never_instantiated,0,,,,,0,0,,,,,,,,,,,,,,,,,,,,,,,,,,,,,,,,,,,,,,,,,,,,,,,,,,,,,,,,,,,,,,,,,,,,,,,,
21a,3,0,1,0.23,title,,1816,0,never_instantiated,0,,,,,0,0,link_type,,1816,0,never_instantiated,0,,,,,0,0,movie_link,,100,0,never_instantiated,0,,,,,0,0,,keyword,1,0,never_instantiated,0,,,,,0,0,movie_keyword,,100,0,never_instantiated,0,,,,,0,0,,company_type,1,0,never_instantiated,0,,,,,0,0,,company_name,48302,0,never_instantiated,0,,,,,0,0,,movie_companies,26,0,never_instantiated,0,,,,,0,0,movie_info,,8,0,never_instantiated,0,,,,,0,0,,,,,,,,,,,,,,,,,,,,,,,,,,,,,,,,,,,,,,,,,,,,,,,,,,,,,,,,,,,,,,,,,,,,,,,,,,,,,,,,,,,,
21b,3,0,1,0.28,title,,308,0,never_instantiated,0,,,,,0,0,link_type,,308,0,never_instantiated,0,,,,,0,0,movie_link,,20,0,never_instantiated,0,,,,,0,0,,keyword,1,0,never_instantiated,0,,,,,0,0,movie_keyword,,20,0,never_instantiated,0,,,,,0,0,,company_type,1,0,never_instantiated,0,,,,,0,0,,company_name,48302,0,never_instantiated,0,,,,,0,0,movie_info,movie_companies,3115,0,never_instantiated,0,,,,,0,0,,,,,,,,,,,,,,,,,,,,,,,,,,,,,,,,,,,,,,,,,,,,,,,,,,,,,,,,,,,,,,,,,,,,,,,,,,,,,,,,,,,,,,,,,,,,,,,,
21c,3,0,1,0.23,title,,1874,0,never_instantiated,0,,,,,0,0,link_type,,1874,0,never_instantiated,0,,,,,0,0,movie_link,,106,0,never_instantiated,0,,,,,0,0,,keyword,1,0,never_instantiated,0,,,,,0,0,movie_keyword,,106,0,never_instantiated,0,,,,,0,0,,company_type,1,0,never_instantiated,0,,,,,0,0,,company_name,48302,0,never_instantiated,0,,,,,0,0,,movie_companies,26,0,never_instantiated,0,,,,,0,0,movie_info,,9,0,never_instantiated,0,,,,,0,0,,,,,,,,,,,,,,,,,,,,,,,,,,,,,,,,,,,,,,,,,,,,,,,,,,,,,,,,,,,,,,,,,,,,,,,,,,,,,,,,,,,,
22a,3,0,1,0.68,kind_type,,3027,0,never_instantiated,0,,,,,0,0,title,,40185,0,never_instantiated,0,,,,,0,0,keyword,,40185,0,never_instantiated,0,,,,,0,0,movie_keyword,,22559,0,never_instantiated,0,,,,,0,0,,info_type,1,0,never_instantiated,0,,,,,0,0,movie_info_idx,,22559,0,never_instantiated,0,,,,,0,0,,company_type,2,0,never_instantiated,0,,,,,0,0,company_name,,25253,0,never_instantiated,0,,,,,0,0,movie_companies,,11748,0,never_instantiated,0,,,,,0,0,movie_info,info_type,1,0,never_instantiated,0,,,,,0,0,,,,,,,,,,,,,,,,,,,,,,,,,,,,,,,,,,,,,,,,,,,,,,,,,,,,,,,,,,,,,,,,,,,,,,,,
22b,3,0,1,0.67,kind_type,,32,0,never_instantiated,0,,,,,0,0,title,,40185,0,never_instantiated,0,,,,,0,0,keyword,,40185,0,never_instantiated,0,,,,,0,0,movie_keyword,,22559,0,never_instantiated,0,,,,,0,0,,info_type,1,0,never_instantiated,0,,,,,0,0,movie_info_idx,,22559,0,never_instantiated,0,,,,,0,0,,company_type,2,0,never_instantiated,0,,,,,0,0,company_name,,25253,0,never_instantiated,0,,,,,0,0,movie_companies,,11748,0,never_instantiated,0,,,,,0,0,movie_info,info_type,1,0,never_instantiated,0,,,,,0,0,,,,,,,,,,,,,,,,,,,,,,,,,,,,,,,,,,,,,,,,,,,,,,,,,,,,,,,,,,,,,,,,,,,,,,,,
22c,3,0,1,0.70,kind_type,,23182,0,never_instantiated,0,,,,,0,0,title,,65749,0,never_instantiated,0,,,,,0,0,keyword,,65749,0,never_instantiated,0,,,,,0,0,movie_keyword,,36302,0,never_instantiated,0,,,,,0,0,,info_type,1,0,never_instantiated,0,,,,,0,0,movie_info_idx,,37392,0,never_instantiated,0,,,,,0,0,,company_type,2,0,never_instantiated,0,,,,,0,0,company_name,,40869,0,never_instantiated,0,,,,,0,0,movie_companies,,6947,0,never_instantiated,0,,,,,0,0,,info_type,1,0,never_instantiated,0,,,,,0,0,movie_info,,10,0,never_instantiated,0,,,,,0,0,,,,,,,,,,,,,,,,,,,,,,,,,,,,,,,,,,,,,,,,,,,,,,,,,,,,,,,,,,,,
22d,3,0,1,0.60,,kind_type,2,0,never_instantiated,0,,,,,0,0,title,,144733,0,never_instantiated,0,,,,,0,0,keyword,,144733,0,never_instantiated,0,,,,,0,0,movie_keyword,,85053,0,never_instantiated,0,,,,,0,0,,info_type,1,0,never_instantiated,0,,,,,0,0,movie_info_idx,,88501,0,never_instantiated,0,,,,,0,0,,company_type,2,0,never_instantiated,0,,,,,0,0,company_name,,162288,0,never_instantiated,0,,,,,0,0,movie_companies,,17181,0,never_instantiated,0,,,,,0,0,,info_type,1,0,never_instantiated,0,,,,,0,0,movie_info,,10,0,never_instantiated,0,,,,,0,0,,,,,,,,,,,,,,,,,,,,,,,,,,,,,,,,,,,,,,,,,,,,,,,,,,,,,,,,,,,,
23a,3,0,1,0.52,,kind_type,1,0,never_instantiated,0,,,,,0,0,title,,618,0,never_instantiated,0,,,,,0,0,keyword,,618,0,never_instantiated,0,,,,,0,0,movie_keyword,,6,0,never_instantiated,0,,,,,0,0,,company_type,2,0,never_instantiated,0,,,,,0,0,company_name,,6,0,never_instantiated,0,,,,,0,0,movie_companies,,5,0,never_instantiated,0,,,,,0,0,,info_type,1,0,never_instantiated,0,,,,,0,0,,comp_cast_type,1,0,never_instantiated,0,,,,,0,0,movie_info,complete_cast,1018,0,never_instantiated,0,,,,,0,0,,,,,,,,,,,,,,,,,,,,,,,,,,,,,,,,,,,,,,,,,,,,,,,,,,,,,,,,,,,,,,,,,,,,,,,,
23b,3,0,1,0.62,kind_type,,16,0,never_instantiated,0,,,,,0,0,title,,16,0,never_instantiated,0,,,,,0,0,keyword,,16,0,never_instantiated,0,,,,,0,0,movie_keyword,,4,0,never_instantiated,0,,,,,0,0,company_type,,4,0,never_instantiated,0,,,,,0,0,company_name,,4,0,never_instantiated,0,,,,,0,0,movie_companies,,4,0,never_instantiated,0,,,,,0,0,,info_type,1,0,never_instantiated,0,,,,,0,0,,comp_cast_type,1,0,never_instantiated,0,,,,,0,0,movie_info,complete_cast,24245,0,never_instantiated,0,,,,,0,0,,,,,,,,,,,,,,,,,,,,,,,,,,,,,,,,,,,,,,,,,,,,,,,,,,,,,,,,,,,,,,,,,,,,,,,,
23c,3,0,1,0.66,,kind_type,4,0,never_instantiated,0,,,,,0,0,title,,628,0,never_instantiated,0,,,,,0,0,keyword,,628,0,never_instantiated,0,,,,,0,0,movie_keyword,,7,0,never_instantiated,0,,,,,0,0,,company_type,2,0,never_instantiated,0,,,,,0,0,company_name,,7,0,never_instantiated,0,,,,,0,0,movie_companies,,6,0,never_instantiated,0,,,,,0,0,,info_type,1,0,never_instantiated,0,,,,,0,0,,comp_cast_type,1,0,never_instantiated,0,,,,,0,0,movie_info,complete_cast,4976,0,never_instantiated,0,,,,,0,0,,,,,,,,,,,,,,,,,,,,,,,,,,,,,,,,,,,,,,,,,,,,,,,,,,,,,,,,,,,,,,,,,,,,,,,,
24a,3,0,1,1.20,title,,275,0,never_instantiated,0,,,,,0,0,,role_type,1,0,never_instantiated,0,,,,,0,0,name,,275,0,never_instantiated,0,,,,,0,0,keyword,,275,0,never_instantiated,0,,,,,0,0,movie_keyword,,144,0,never_instantiated,0,,,,,0,0,,info_type,1,0,never_instantiated,0,,,,,0,0,movie_info,,69,0,never_instantiated,0,,,,,0,0,,company_name,84843,0,never_instantiated,0,,,,,0,0,movie_companies,,23,0,never_instantiated,0,,,,,0,0,char_name,,23,0,never_instantiated,0,,,,,0,0,cast_info,aka_name,772581,1,active,16,,,,,0,0,,,,,,,,,,,,,,,,,,,,,,,,,,,,,,,,,,,,,,,,,,,,,,,,,,,,,,,,,,,,
24b,3,0,1,1.11,title,,45,0,never_instantiated,0,,,,,0,0,role_type,,45,0,never_instantiated,0,,,,,0,0,name,,45,0,never_instantiated,0,,,,,0,0,keyword,,45,0,never_instantiated,0,,,,,0,0,movie_keyword,,25,0,never_instantiated,0,,,,,0,0,,info_type,1,0,never_instantiated,0,,,,,0,0,movie_info,,15,0,never_instantiated,0,,,,,0,0,,company_name,1,0,never_instantiated,0,,,,,0,0,movie_companies,,15,0,never_instantiated,0,,,,,0,0,char_name,,15,0,never_instantiated,0,,,,,0,0,cast_info,aka_name,772581,1,active,3,,,,,0,0,,,,,,,,,,,,,,,,,,,,,,,,,,,,,,,,,,,,,,,,,,,,,,,,,,,,,,,,,,,,
25a,3,0,1,1.88,title,,4407,0,never_instantiated,0,,,,,0,0,name,,7112,0,never_instantiated,0,,,,,0,0,,,7112,0,never_instantiated,0,,,,,0,0,keyword,,5,0,never_instantiated,0,,,,,0,0,movie_keyword,,3542,0,never_instantiated,0,,,,,0,0,info_type,,3542,0,never_instantiated,0,,,,,0,0,movie_info_idx,,3870,0,never_instantiated,0,,,,,0,0,,info_type,1,0,never_instantiated,0,,,,,0,0,,movie_info,30413,0,never_instantiated,0,,,,,0,0,cast_info,,5,0,never_instantiated,0,,,,,0,0,,,,,,,,,,,,,,,,,,,,,,,,,,,,,,,,,,,,,,,,,,,,,,,,,,,,,,,,,,,,,,,,,,,,,,,,
25b,3,0,1,1.50,title,,8,0,never_instantiated,0,,,,,0,0,name,,8,0,never_instantiated,0,,,,,0,0,,,8,0,never_instantiated,0,,,,,0,0,keyword,,5,0,never_instantiated,0,,,,,0,0,movie_keyword,,4,0,never_instantiated,0,,,,,0,0,info_type,,4,0,never_instantiated,0,,,,,0,0,movie_info_idx,,4,0,never_instantiated,0,,,,,0,0,,info_type,1,0,never_instantiated,0,,,,,0,0,,movie_info,30413,0,never_instantiated,0,,,,,0,0,cast_info,,5,0,never_instantiated,0,,,,,0,0,,,,,,,,,,,,,,,,,,,,,,,,,,,,,,,,,,,,,,,,,,,,,,,,,,,,,,,,,,,,,,,,,,,,,,,,
25c,3,0,1,2.19,title,,26153,0,never_instantiated,0,,,,,0,0,name,,42900,0,never_instantiated,0,,,,,0,0,,,42900,0,never_instantiated,0,,,,,0,0,keyword,,7,0,never_instantiated,0,,,,,0,0,movie_keyword,,20063,0,never_instantiated,0,,,,,0,0,,info_type,1,0,never_instantiated,0,,,,,0,0,movie_info_idx,,21511,0,never_instantiated,0,,,,,0,0,,info_type,1,0,never_instantiated,0,,,,,0,0,,,186590,0,never_instantiated,0,,,,,0,0,cast_info,,5,0,never_instantiated,0,,,,,0,0,movie_info,,6,0,never_instantiated,0,,,,,0,0,,,,,,,,,,,,,,,,,,,,,,,,,,,,,,,,,,,,,,,,,,,,,,,,,,,,,,,,,,,,
26a,3,0,1,1.59,,kind_type,1,0,never_instantiated,0,,,,,0,0,title,,1728,0,never_instantiated,0,,,,,0,0,name,,1728,0,never_instantiated,0,,,,,0,0,,,1728,0,never_instantiated,0,,,,,0,0,keyword,,10,0,never_instantiated,0,,,,,0,0,movie_keyword,,1019,0,never_instantiated,0,,,,,0,0,,info_type,1,0,never_instantiated,0,,,,,0,0,movie_info_idx,,1021,0,never_instantiated,0,,,,,0,0,,comp_cast_type,2,0,never_instantiated,0,,,,,0,0,,comp_cast_type,1,0,never_instantiated,0,,,,,0,0,,complete_cast,84165,0,never_instantiated,0,,,,,0,0,cast_info,char_name,180152,0,never_instantiated,0,,,,,0,0,,,,,,,,,,,,,,,,,,,,,,,,,,,,,,,,,,,,,,,,,,,,,,,,
26b,3,0,1,1.40,,kind_type,1,0,never_instantiated,0,,,,,0,0,title,,93,0,never_instantiated,0,,,,,0,0,name,,93,0,never_instantiated,0,,,,,0,0,keyword,,93,0,never_instantiated,0,,,,,0,0,movie_keyword,,47,0,never_instantiated,0,,,,,0,0,,info_type,1,0,never_instantiated,0,,,,,0,0,movie_info_idx,,47,0,never_instantiated,0,,,,,0,0,,comp_cast_type,2,0,never_instantiated,0,,,,,0,0,,comp_cast_type,1,0,never_instantiated,0,,,,,0,0,,complete_cast,84165,0,never_instantiated,0,,,,,0,0,cast_info,char_name,180152,0,never_instantiated,0,,,,,0,0,,,,,,,,,,,,,,,,,,,,,,,,,,,,,,,,,,,,,,,,,,,,,,,,,,,,,,,,,,,,
26c,3,0,1,1.51,,kind_type,1,0,never_instantiated,0,,,,,0,0,title,,5400,0,never_instantiated,0,,,,,0,0,name,,5400,0,never_instantiated,0,,,,,0,0,,,5400,0,never_instantiated,0,,,,,0,0,keyword,,10,0,never_instantiated,0,,,,,0,0,movie_keyword,,3596,0,never_instantiated,0,,,,,0,0,,info_type,1,0,never_instantiated,0,,,,,0,0,movie_info_idx,,3602,0,never_instantiated,0,,,,,0,0,,comp_cast_type,2,0,never_instantiated,0,,,,,0,0,,comp_cast_type,1,0,never_instantiated,0,,,,,0,0,,complete_cast,84165,0,never_instantiated,0,,,,,0,0,cast_info,char_name,180152,0,never_instantiated,0,,,,,0,0,,,,,,,,,,,,,,,,,,,,,,,,,,,,,,,,,,,,,,,,,,,,,,,,
27a,3,0,1,0.29,title,,477,0,never_instantiated,0,,,,,0,0,link_type,,477,0,never_instantiated,0,,,,,0,0,movie_link,,27,0,never_instantiated,0,,,,,0,0,,keyword,1,0,never_instantiated,0,,,,,0,0,movie_keyword,,27,0,never_instantiated,0,,,,,0,0,,company_type,1,0,never_instantiated,0,,,,,0,0,company_name,,27,0,never_instantiated,0,,,,,0,0,movie_companies,,10,0,never_instantiated,0,,,,,0,0,,comp_cast_type,1,0,never_instantiated,0,,,,,0,0,,comp_cast_type,2,0,never_instantiated,0,,,,,0,0,movie_info,complete_cast,5560,0,never_instantiated,0,,,,,0,0,,,,,,,,,,,,,,,,,,,,,,,,,,,,,,,,,,,,,,,,,,,,,,,,,,,,,,,,,,,,
27b,3,0,1,0.33,title,,247,0,never_instantiated,0,,,,,0,0,link_type,,247,0,never_instantiated,0,,,,,0,0,movie_link,,13,0,never_instantiated,0,,,,,0,0,,keyword,1,0,never_instantiated,0,,,,,0,0,movie_keyword,,13,0,never_instantiated,0,,,,,0,0,,company_type,1,0,never_instantiated,0,,,,,0,0,company_name,,13,0,never_instantiated,0,,,,,0,0,movie_companies,,5,0,never_instantiated,0,,,,,0,0,,comp_cast_type,1,0,never_instantiated,0,,,,,0,0,,comp_cast_type,2,0,never_instantiated,0,,,,,0,0,movie_info,complete_cast,5560,0,never_instantiated,0,,,,,0,0,,,,,,,,,,,,,,,,,,,,,,,,,,,,,,,,,,,,,,,,,,,,,,,,,,,,,,,,,,,,
27c,3,0,1,0.27,title,,743,0,never_instantiated,0,,,,,0,0,link_type,,743,0,never_instantiated,0,,,,,0,0,movie_link,,41,0,never_instantiated,0,,,,,0,0,,keyword,1,0,never_instantiated,0,,,,,0,0,movie_keyword,,41,0,never_instantiated,0,,,,,0,0,,company_type,1,0,never_instantiated,0,,,,,0,0,company_name,,41,0,never_instantiated,0,,,,,0,0,movie_companies,,14,0,never_instantiated,0,,,,,0,0,,comp_cast_type,2,0,never_instantiated,0,,,,,0,0,,comp_cast_type,1,0,never_instantiated,0,,,,,0,0,,complete_cast,4,0,never_instantiated,0,,,,,0,0,movie_info,,9,0,never_instantiated,0,,,,,0,0,,,,,,,,,,,,,,,,,,,,,,,,,,,,,,,,,,,,,,,,,,,,,,,,
28a,3,0,1,0.67,kind_type,,4979,0,never_instantiated,0,,,,,0,0,title,,8121,0,never_instantiated,0,,,,,0,0,keyword,,8121,0,never_instantiated,0,,,,,0,0,movie_keyword,,4525,0,never_instantiated,0,,,,,0,0,,info_type,1,0,never_instantiated,0,,,,,0,0,movie_info_idx,,4653,0,never_instantiated,0,,,,,0,0,,company_type,2,0,never_instantiated,0,,,,,0,0,company_name,,5130,0,never_instantiated,0,,,,,0,0,movie_companies,,2243,0,never_instantiated,0,,,,,0,0,,info_type,1,0,never_instantiated,0,,,,,0,0,,comp_cast_type,1,0,never_instantiated,0,,,,,0,0,,comp_cast_type,1,0,never_instantiated,0,,,,,0,0,,complete_cast,2939,0,never_instantiated,0,,,,,0,0,movie_info,,10,0,never_instantiated,0,,,,,0,0,,,,,,,,,,,,,,,,,,,,,,,,
28b,3,0,1,0.60,kind_type,,161,0,never_instantiated,0,,,,,0,0,title,,1233,0,never_instantiated,0,,,,,0,0,keyword,,1233,0,never_instantiated,0,,,,,0,0,movie_keyword,,645,0,never_instantiated,0,,,,,0,0,,info_type,1,0,never_instantiated,0,,,,,0,0,movie_info_idx,,645,0,never_instantiated,0,,,,,0,0,,company_type,2,0,never_instantiated,0,,,,,0,0,company_name,,662,0,never_instantiated,0,,,,,0,0,movie_companies,,66,0,never_instantiated,0,,,,,0,0,,info_type,1,0,never_instantiated,0,,,,,0,0,,comp_cast_type,1,0,never_instantiated,0,,,,,0,0,,comp_cast_type,1,0,never_instantiated,0,,,,,0,0,movie_info,complete_cast,41631,0,never_instantiated,0,,,,,0,0,,,,,,,,,,,,,,,,,,,,,,,,,,,,,,,,,,,,
28c,3,0,1,0.69,kind_type,,8668,0,never_instantiated,0,,,,,0,0,title,,22138,0,never_instantiated,0,,,,,0,0,keyword,,22138,0,never_instantiated,0,,,,,0,0,movie_keyword,,11787,0,never_instantiated,0,,,,,0,0,,info_type,1,0,never_instantiated,0,,,,,0,0,movie_info_idx,,11891,0,never_instantiated,0,,,,,0,0,,company_type,2,0,never_instantiated,0,,,,,0,0,company_name,,12700,0,never_instantiated,0,,,,,0,0,movie_companies,,3576,0,never_instantiated,0,,,,,0,0,,info_type,1,0,never_instantiated,0,,,,,0,0,,comp_cast_type,1,0,never_instantiated,0,,,,,0,0,,comp_cast_type,1,0,never_instantiated,0,,,,,0,0,,complete_cast,4867,0,never_instantiated,0,,,,,0,0,movie_info,,10,0,never_instantiated,0,,,,,0,0,,,,,,,,,,,,,,,,,,,,,,,,
29a,3,0,1,1.16,title,,1620,0,never_instantiated,0,,,,,0,0,role_type,,1620,0,never_instantiated,0,,,,,0,0,info_type,,1620,0,never_instantiated,0,,,,,0,0,person_info,,30,0,never_instantiated,0,,,,,0,0,name,,30,0,never_instantiated,0,,,,,0,0,keyword,,30,0,never_instantiated,0,,,,,0,0,movie_keyword,,30,0,never_instantiated,0,,,,,0,0,info_type,,30,0,never_instantiated,0,,,,,0,0,movie_info,,15,0,never_instantiated,0,,,,,0,0,company_name,,66,0,never_instantiated,0,,,,,0,0,movie_companies,,3,0,never_instantiated,0,,,,,0,0,comp_cast_type,,3,0,never_instantiated,0,,,,,0,0,comp_cast_type,,3,0,never_instantiated,0,,,,,0,0,complete_cast,,3,0,never_instantiated,0,,,,,0,0,,char_name,1,0,never_instantiated,0,,,,,0,0,cast_info,aka_name,772581,1,active,1,,,,,0,0
29b,3,0,1,1.05,title,,15,0,never_instantiated,0,,,,,0,0,role_type,,15,0,never_instantiated,0,,,,,0,0,info_type,,15,0,never_instantiated,0,,,,,0,0,person_info,,15,0,never_instantiated,0,,,,,0,0,name,,15,0,never_instantiated,0,,,,,0,0,keyword,,15,0,never_instantiated,0,,,,,0,0,movie_keyword,,15,0,never_instantiated,0,,,,,0,0,company_name,,66,0,never_instantiated,0,,,,,0,0,movie_companies,,3,0,never_instantiated,0,,,,,0,0,info_type,,3,0,never_instantiated,0,,,,,0,0,comp_cast_type,,3,0,never_instantiated,0,,,,,0,0,comp_cast_type,,3,0,never_instantiated,0,,,,,0,0,complete_cast,,3,0,never_instantiated,0,,,,,0,0,,char_name,1,0,never_instantiated,0,,,,,0,0,,aka_name,772581,1,active,1,,,,,0,0,cast_info,movie_info,387452,1,active,1,,,,,0,0
29c,3,0,1,1.22,title,,16368,0,never_instantiated,0,,,,,0,0,role_type,,16368,0,never_instantiated,0,,,,,0,0,info_type,,16368,0,never_instantiated,0,,,,,0,0,person_info,,204,0,never_instantiated,0,,,,,0,0,name,,204,0,never_instantiated,0,,,,,0,0,,keyword,1,0,never_instantiated,0,,,,,0,0,movie_keyword,,204,0,never_instantiated,0,,,,,0,0,,info_type,1,0,never_instantiated,0,,,,,0,0,movie_info,,83,0,never_instantiated,0,,,,,0,0,,company_name,84843,0,never_instantiated,0,,,,,0,0,movie_companies,,13,0,never_instantiated,0,,,,,0,0,,comp_cast_type,1,0,never_instantiated,0,,,,,0,0,,comp_cast_type,1,0,never_instantiated,0,,,,,0,0,,complete_cast,17602,0,never_instantiated,0,,,,,0,0,char_name,,13,0,never_instantiated,0,,,,,0,0,cast_info,aka_name,772581,1,active,5,,,,,0,0
30a,3,0,1,1.77,title,,4394,0,never_instantiated,0,,,,,0,0,name,,6488,0,never_instantiated,0,,,,,0,0,,,6488,0,never_instantiated,0,,,,,0,0,keyword,,7,0,never_instantiated,0,,,,,0,0,movie_keyword,,2537,0,never_instantiated,0,,,,,0,0,,info_type,1,0,never_instantiated,0,,,,,0,0,movie_info_idx,,2537,0,never_instantiated,0,,,,,0,0,,info_type,1,0,never_instantiated,0,,,,,0,0,,comp_cast_type,1,0,never_instantiated,0,,,,,0,0,,comp_cast_type,2,0,never_instantiated,0,,,,,0,0,,complete_cast,24245,0,never_instantiated,0,,,,,0,0,,movie_info,2872,0,never_instantiated,0,,,,,0,0,cast_info,,5,0,never_instantiated,0,,,,,0,0,,,,,,,,,,,,,,,,,,,,,,,,,,,,,,,,,,,,
30b,3,0,1,1.37,title,,28,0,never_instantiated,0,,,,,0,0,name,,28,0,never_instantiated,0,,,,,0,0,,,28,0,never_instantiated,0,,,,,0,0,keyword,,7,0,never_instantiated,0,,,,,0,0,movie_keyword,,7,0,never_instantiated,0,,,,,0,0,,info_type,1,0,never_instantiated,0,,,,,0,0,movie_info_idx,,7,0,never_instantiated,0,,,,,0,0,,info_type,1,0,never_instantiated,0,,,,,0,0,,comp_cast_type,1,0,never_instantiated,0,,,,,0,0,,comp_cast_type,2,0,never_instantiated,0,,,,,0,0,,complete_cast,24245,0,never_instantiated,0,,,,,0,0,,movie_info,4,0,never_instantiated,0,,,,,0,0,cast_info,,5,0,never_instantiated,0,,,,,0,0,,,,,,,,,,,,,,,,,,,,,,,,,,,,,,,,,,,,
30c,3,0,1,2.09,title,,8024,0,never_instantiated,0,,,,,0,0,name,,11863,0,never_instantiated,0,,,,,0,0,,,11863,0,never_instantiated,0,,,,,0,0,keyword,,7,0,never_instantiated,0,,,,,0,0,movie_keyword,,4799,0,never_instantiated,0,,,,,0,0,,info_type,1,0,never_instantiated,0,,,,,0,0,movie_info_idx,,4800,0,never_instantiated,0,,,,,0,0,,info_type,1,0,never_instantiated,0,,,,,0,0,,,2767,0,never_instantiated,0,,,,,0,0,movie_info,,6,0,never_instantiated,0,,,,,0,0,,comp_cast_type,1,0,never_instantiated,0,,,,,0,0,,comp_cast_type,1,0,never_instantiated,0,,,,,0,0,,complete_cast,17602,0,never_instantiated,0,,,,,0,0,cast_info,,5,0,never_instantiated,0,,,,,0,0,,,,,,,,,,,,,,,,,,,,,,,,
31a,3,0,1,1.44,title,,1273,0,never_instantiated,0,,,,,0,0,name,,1556,0,never_instantiated,0,,,,,0,0,,,1556,0,never_instantiated,0,,,,,0,0,keyword,,7,0,never_instantiated,0,,,,,0,0,movie_keyword,,477,0,never_instantiated,0,,,,,0,0,,info_type,1,0,never_instantiated,0,,,,,0,0,movie_info_idx,,478,0,never_instantiated,0,,,,,0,0,,company_name,10,0,never_instantiated,0,,,,,0,0,movie_companies,,280,0,never_instantiated,0,,,,,0,0,,info_type,1,0,never_instantiated,0,,,,,0,0,,movie_info,311,0,never_instantiated,0,,,,,0,0,cast_info,,5,0,never_instantiated,0,,,,,0,0,,,,,,,,,,,,,,,,,,,,,,,,,,,,,,,,,,,,,,,,,,,,,,,,
31b,3,0,1,1.01,title,,84,0,never_instantiated,0,,,,,0,0,name,,84,0,never_instantiated,0,,,,,0,0,,,84,0,never_instantiated,0,,,,,0,0,keyword,,7,0,never_instantiated,0,,,,,0,0,movie_keyword,,19,0,never_instantiated,0,,,,,0,0,,info_type,1,0,never_instantiated,0,,,,,0,0,movie_info_idx,,19,0,never_instantiated,0,,,,,0,0,,company_name,10,0,never_instantiated,0,,,,,0,0,movie_companies,,15,0,never_instantiated,0,,,,,0,0,,info_type,1,0,never_instantiated,0,,,,,0,0,,movie_info,9,0,never_instantiated,0,,,,,0,0,cast_info,,5,0,never_instantiated,0,,,,,0,0,,,,,,,,,,,,,,,,,,,,,,,,,,,,,,,,,,,,,,,,,,,,,,,,
31c,3,0,1,2.06,title,,2825,0,never_instantiated,0,,,,,0,0,name,,2825,0,never_instantiated,0,,,,,0,0,,,2825,0,never_instantiated,0,,,,,0,0,keyword,,7,0,never_instantiated,0,,,,,0,0,movie_keyword,,823,0,never_instantiated,0,,,,,0,0,,info_type,1,0,never_instantiated,0,,,,,0,0,movie_info_idx,,825,0,never_instantiated,0,,,,,0,0,,info_type,1,0,never_instantiated,0,,,,,0,0,,,402,0,never_instantiated,0,,,,,0,0,movie_info,,6,0,never_instantiated,0,,,,,0,0,,company_name,10,0,never_instantiated,0,,,,,0,0,,movie_companies,1814,0,never_instantiated,0,,,,,0,0,cast_info,,5,0,never_instantiated,0,,,,,0,0,,,,,,,,,,,,,,,,,,,,,,,,,,,,,,,,,,,,
32a,3,0,1,0.04,title,,0,0,never_instantiated,0,,,,,0,0,title,,0,0,never_instantiated,0,,,,,0,0,link_type,,0,0,never_instantiated,0,,,,,0,0,movie_link,,0,0,never_instantiated,0,,,,,0,0,movie_keyword,keyword,1,0,never_instantiated,0,,,,,0,0,,,,,,,,,,,,,,,,,,,,,,,,,,,,,,,,,,,,,,,,,,,,,,,,,,,,,,,,,,,,,,,,,,,,,,,,,,,,,,,,,,,,,,,,,,,,,,,,,,,,,,,,,,,,,,,,,,,,,,,,,,,,,,,,,,,,
32b,3,0,1,0.28,title,,4388,0,never_instantiated,0,,,,,0,0,title,,4388,0,never_instantiated,0,,,,,0,0,link_type,,4388,0,never_instantiated,0,,,,,0,0,movie_link,,2233,0,never_instantiated,0,,,,,0,0,movie_keyword,keyword,1,0,never_instantiated,0,,,,,0,0,,,,,,,,,,,,,,,,,,,,,,,,,,,,,,,,,,,,,,,,,,,,,,,,,,,,,,,,,,,,,,,,,,,,,,,,,,,,,,,,,,,,,,,,,,,,,,,,,,,,,,,,,,,,,,,,,,,,,,,,,,,,,,,,,,,,
33a,3,0,1,0.22,kind_type,,8,0,never_instantiated,0,,,,,0,0,title,,8,0,never_instantiated,0,,,,,0,0,kind_type,,8,0,never_instantiated,0,,,,,0,0,title,,8,0,never_instantiated,0,,,,,0,0,info_type,,8,0,never_instantiated,0,,,,,0,0,movie_info_idx,,8,0,never_instantiated,0,,,,,0,0,company_name,,29,0,never_instantiated,0,,,,,0,0,movie_companies,,11,0,never_instantiated,0,,,,,0,0,,link_type,2,0,never_instantiated,0,,,,,0,0,movie_link,,9,0,never_instantiated,0,,,,,0,0,,info_type,1,0,never_instantiated,0,,,,,0,0,,movie_info_idx,25576,0,never_instantiated,0,,,,,0,0,movie_companies,company_name,234997,0,never_instantiated,0,,,,,0,0,,,,,,,,,,,,,,,,,,,,,,,,,,,,,,,,,,,,
33b,3,0,1,0.21,kind_type,,4,0,never_instantiated,0,,,,,0,0,title,,4,0,never_instantiated,0,,,,,0,0,kind_type,,4,0,never_instantiated,0,,,,,0,0,title,,4,0,never_instantiated,0,,,,,0,0,info_type,,4,0,never_instantiated,0,,,,,0,0,movie_info_idx,,4,0,never_instantiated,0,,,,,0,0,company_name,,4,0,never_instantiated,0,,,,,0,0,movie_companies,,4,0,never_instantiated,0,,,,,0,0,,link_type,2,0,never_instantiated,0,,,,,0,0,movie_link,,4,0,never_instantiated,0,,,,,0,0,,info_type,1,0,never_instantiated,0,,,,,0,0,,movie_info_idx,25576,0,never_instantiated,0,,,,,0,0,movie_companies,company_name,234997,0,never_instantiated,0,,,,,0,0,,,,,,,,,,,,,,,,,,,,,,,,,,,,,,,,,,,,
33c,3,0,1,0.35,kind_type,,114,0,never_instantiated,0,,,,,0,0,title,,218,0,never_instantiated,0,,,,,0,0,kind_type,,218,0,never_instantiated,0,,,,,0,0,title,,218,0,never_instantiated,0,,,,,0,0,,info_type,1,0,never_instantiated,0,,,,,0,0,movie_info_idx,,237,0,never_instantiated,0,,,,,0,0,company_name,,316,0,never_instantiated,0,,,,,0,0,movie_companies,,97,0,never_instantiated,0,,,,,0,0,,link_type,2,0,never_instantiated,0,,,,,0,0,movie_link,,77,0,never_instantiated,0,,,,,0,0,,info_type,1,0,never_instantiated,0,,,,,0,0,,movie_info_idx,36724,0,never_instantiated,0,,,,,0,0,movie_companies,company_name,234997,0,never_instantiated,0,,,,,0,0,,,,,,,,,,,,,,,,,,,,,,,,,,,,,,,,,,,,
1a,4,0,1,0.15,title,,142,0,never_instantiated,0,,,,,0,0,,info_type,1,0,never_instantiated,0,,,,,0,0,movie_info_idx,,188,0,never_instantiated,0,,,,,0,0,movie_companies,company_type,1,0,never_instantiated,0,,,,,0,0,,,,,,,,,,,,,,,,,,,,,,,,,,,,,,,,,,,,,,,,,,,,,,,,,,,,,,,,,,,,,,,,,,,,,,,,,,,,,,,,,,,,,,,,,,,,,,,,,,,,,,,,,,,,,,,,,,,,,,,,,,,,,,,,,,,,,,,,,,,,,,,,
1b,4,0,1,0.10,title,,5,0,never_instantiated,0,,,,,0,0,,info_type,1,0,never_instantiated,0,,,,,0,0,movie_info_idx,,5,0,never_instantiated,0,,,,,0,0,movie_companies,company_type,1,0,never_instantiated,0,,,,,0,0,,,,,,,,,,,,,,,,,,,,,,,,,,,,,,,,,,,,,,,,,,,,,,,,,,,,,,,,,,,,,,,,,,,,,,,,,,,,,,,,,,,,,,,,,,,,,,,,,,,,,,,,,,,,,,,,,,,,,,,,,,,,,,,,,,,,,,,,,,,,,,,,
1c,4,0,1,0.21,title,,3,0,never_instantiated,0,,,,,0,0,,info_type,1,0,never_instantiated,0,,,,,0,0,movie_info_idx,,7,0,never_instantiated,0,,,,,0,0,movie_companies,company_type,1,0,never_instantiated,0,,,,,0,0,,,,,,,,,,,,,,,,,,,,,,,,,,,,,,,,,,,,,,,,,,,,,,,,,,,,,,,,,,,,,,,,,,,,,,,,,,,,,,,,,,,,,,,,,,,,,,,,,,,,,,,,,,,,,,,,,,,,,,,,,,,,,,,,,,,,,,,,,,,,,,,,
1d,4,0,1,0.10,title,,5,0,never_instantiated,0,,,,,0,0,,info_type,1,0,never_instantiated,0,,,,,0,0,movie_info_idx,,5,0,never_instantiated,0,,,,,0,0,movie_companies,company_type,1,0,never_instantiated,0,,,,,0,0,,,,,,,,,,,,,,,,,,,,,,,,,,,,,,,,,,,,,,,,,,,,,,,,,,,,,,,,,,,,,,,,,,,,,,,,,,,,,,,,,,,,,,,,,,,,,,,,,,,,,,,,,,,,,,,,,,,,,,,,,,,,,,,,,,,,,,,,,,,,,,,,
2a,4,0,1,0.30,title,,7834,0,never_instantiated,0,,,,,0,0,company_name,,7839,0,never_instantiated,0,,,,,0,0,movie_companies,,4381,0,never_instantiated,0,,,,,0,0,movie_keyword,keyword,1,0,never_instantiated,0,,,,,0,0,,,,,,,,,,,,,,,,,,,,,,,,,,,,,,,,,,,,,,,,,,,,,,,,,,,,,,,,,,,,,,,,,,,,,,,,,,,,,,,,,,,,,,,,,,,,,,,,,,,,,,,,,,,,,,,,,,,,,,,,,,,,,,,,,,,,,,,,,,,,,,,,
2b,4,0,1,0.29,title,,5228,0,never_instantiated,0,,,,,0,0,company_name,,5259,0,never_instantiated,0,,,,,0,0,movie_companies,,2620,0,never_instantiated,0,,,,,0,0,movie_keyword,keyword,1,0,never_instantiated,0,,,,,0,0,,,,,,,,,,,,,,,,,,,,,,,,,,,,,,,,,,,,,,,,,,,,,,,,,,,,,,,,,,,,,,,,,,,,,,,,,,,,,,,,,,,,,,,,,,,,,,,,,,,,,,,,,,,,,,,,,,,,,,,,,,,,,,,,,,,,,,,,,,,,,,,,
2c,4,0,1,0.07,title,,0,0,never_instantiated,0,,,,,0,0,company_name,,0,0,never_instantiated,0,,,,,0,0,movie_companies,,0,0,never_instantiated,0,,,,,0,0,movie_keyword,keyword,0,0,never_instantiated,0,,,,,0,0,,,,,,,,,,,,,,,,,,,,,,,,,,,,,,,,,,,,,,,,,,,,,,,,,,,,,,,,,,,,,,,,,,,,,,,,,,,,,,,,,,,,,,,,,,,,,,,,,,,,,,,,,,,,,,,,,,,,,,,,,,,,,,,,,,,,,,,,,,,,,,,,
2d,4,0,1,0.33,title,,68316,0,never_instantiated,0,,,,,0,0,company_name,,148552,0,never_instantiated,0,,,,,0,0,movie_companies,,41838,0,never_instantiated,0,,,,,0,0,movie_keyword,keyword,1,0,never_instantiated,0,,,,,0,0,,,,,,,,,,,,,,,,,,,,,,,,,,,,,,,,,,,,,,,,,,,,,,,,,,,,,,,,,,,,,,,,,,,,,,,,,,,,,,,,,,,,,,,,,,,,,,,,,,,,,,,,,,,,,,,,,,,,,,,,,,,,,,,,,,,,,,,,,,,,,,,,
3a,4,0,1,1.16,,title,499,0,never_instantiated,0,,,,,0,0,,keyword,21,0,never_instantiated,0,,,,,0,0,movie_keyword,,2007,0,never_instantiated,0,,,,,0,0,movie_info,,8,0,never_instantiated,0,,,,,0,0,,,,,,,,,,,,,,,,,,,,,,,,,,,,,,,,,,,,,,,,,,,,,,,,,,,,,,,,,,,,,,,,,,,,,,,,,,,,,,,,,,,,,,,,,,,,,,,,,,,,,,,,,,,,,,,,,,,,,,,,,,,,,,,,,,,,,,,,,,,,,,,,
3b,4,0,1,0.96,title,,5,0,never_instantiated,0,,,,,0,0,keyword,,5,0,never_instantiated,0,,,,,0,0,movie_keyword,movie_info,3,0,never_instantiated,0,,,,,0,0,,,,,,,,,,,,,,,,,,,,,,,,,,,,,,,,,,,,,,,,,,,,,,,,,,,,,,,,,,,,,,,,,,,,,,,,,,,,,,,,,,,,,,,,,,,,,,,,,,,,,,,,,,,,,,,,,,,,,,,,,,,,,,,,,,,,,,,,,,,,,,,,,,,,,,,,,,,,
3c,4,0,1,1.21,,title,6303,0,never_instantiated,0,,,,,0,0,,keyword,30,0,never_instantiated,0,,,,,0,0,movie_keyword,,13176,0,never_instantiated,0,,,,,0,0,movie_info,,10,0,never_instantiated,0,,,,,0,0,,,,,,,,,,,,,,,,,,,,,,,,,,,,,,,,,,,,,,,,,,,,,,,,,,,,,,,,,,,,,,,,,,,,,,,,,,,,,,,,,,,,,,,,,,,,,,,,,,,,,,,,,,,,,,,,,,,,,,,,,,,,,,,,,,,,,,,,,,,,,,,,
4a,4,0,1,0.29,title,,5820,0,never_instantiated,0,,,,,0,0,,info_type,1,0,never_instantiated,0,,,,,0,0,,movie_info_idx,7566,0,never_instantiated,0,,,,,0,0,movie_keyword,keyword,30,0,never_instantiated,0,,,,,0,0,,,,,,,,,,,,,,,,,,,,,,,,,,,,,,,,,,,,,,,,,,,,,,,,,,,,,,,,,,,,,,,,,,,,,,,,,,,,,,,,,,,,,,,,,,,,,,,,,,,,,,,,,,,,,,,,,,,,,,,,,,,,,,,,,,,,,,,,,,,,,,,,
4b,4,0,1,0.28,title,,6,0,never_instantiated,0,,,,,0,0,,info_type,1,0,never_instantiated,0,,,,,0,0,,movie_info_idx,5,0,never_instantiated,0,,,,,0,0,movie_keyword,keyword,3,0,never_instantiated,0,,,,,0,0,,,,,,,,,,,,,,,,,,,,,,,,,,,,,,,,,,,,,,,,,,,,,,,,,,,,,,,,,,,,,,,,,,,,,,,,,,,,,,,,,,,,,,,,,,,,,,,,,,,,,,,,,,,,,,,,,,,,,,,,,,,,,,,,,,,,,,,,,,,,,,,,
4c,4,0,1,0.35,,,,,,,,,,,,,,,,,,,,,,,,,,,,,,,,,,,,,,,,,,,,,,,,,,,,,,,,,,,,,,,,,,,,,,,,,,,,,,,,,,,,,,,,,,,,,,,,,,,,,,,,,,,,,,,,,,,,,,,,,,,,,,,,,,,,,,,,,,,,,,,,,,,,,,,,,,,,,,,,,,,,,,,,,,,,,,,,,,,,,,,,,,,,,,,,
5a,4,0,1,0.09,title,,0,0,never_instantiated,0,,,,,0,0,,company_type,0,0,never_instantiated,0,,,,,0,0,,movie_companies,0,0,never_instantiated,0,,,,,0,0,,info_type,0,0,never_instantiated,0,,,,,0,0,movie_info,,8,0,never_instantiated,0,,,,,0,0,,,,,,,,,,,,,,,,,,,,,,,,,,,,,,,,,,,,,,,,,,,,,,,,,,,,,,,,,,,,,,,,,,,,,,,,,,,,,,,,,,,,,,,,,,,,,,,,,,,,,,,,,,,,,,,,,,,,,,,,,,,,,,,,,,,,
5b,4,0,1,0.21,title,,0,0,never_instantiated,0,,,,,0,0,,company_type,0,0,never_instantiated,0,,,,,0,0,,movie_companies,0,0,never_instantiated,0,,,,,0,0,movie_info,info_type,0,0,never_instantiated,0,,,,,0,0,,,,,,,,,,,,,,,,,,,,,,,,,,,,,,,,,,,,,,,,,,,,,,,,,,,,,,,,,,,,,,,,,,,,,,,,,,,,,,,,,,,,,,,,,,,,,,,,,,,,,,,,,,,,,,,,,,,,,,,,,,,,,,,,,,,,,,,,,,,,,,,,
5c,4,0,1,1.08,title,,691,0,never_instantiated,0,,,,,0,0,,company_type,1,0,never_instantiated,0,,,,,0,0,,movie_companies,672,0,never_instantiated,0,,,,,0,0,,info_type,5,0,never_instantiated,0,,,,,0,0,movie_info,,10,0,never_instantiated,0,,,,,0,0,,,,,,,,,,,,,,,,,,,,,,,,,,,,,,,,,,,,,,,,,,,,,,,,,,,,,,,,,,,,,,,,,,,,,,,,,,,,,,,,,,,,,,,,,,,,,,,,,,,,,,,,,,,,,,,,,,,,,,,,,,,,,,,,,,,,
6a,4,0,1,0.52,title,,6,0,never_instantiated,0,,,,,0,0,name,,6,0,never_instantiated,0,,,,,0,0,,keyword,1,0,never_instantiated,0,,,,,0,0,cast_info,movie_keyword,4,0,never_instantiated,0,,,,,0,0,,,,,,,,,,,,,,,,,,,,,,,,,,,,,,,,,,,,,,,,,,,,,,,,,,,,,,,,,,,,,,,,,,,,,,,,,,,,,,,,,,,,,,,,,,,,,,,,,,,,,,,,,,,,,,,,,,,,,,,,,,,,,,,,,,,,,,,,,,,,,,,,
6b,4,0,1,0.45,,title,2,0,never_instantiated,0,,,,,0,0,,name,1,0,never_instantiated,0,,,,,0,0,,,6,0,never_instantiated,0,,,,,0,0,cast_info,movie_keyword,202,0,never_instantiated,0,,,,,0,0,keyword,,8,0,never_instantiated,0,,,,,0,0,,,,,,,,,,,,,,,,,,,,,,,,,,,,,,,,,,,,,,,,,,,,,,,,,,,,,,,,,,,,,,,,,,,,,,,,,,,,,,,,,,,,,,,,,,,,,,,,,,,,,,,,,,,,,,,,,,,,,,,,,,,,,,,,,,,,
6c,4,0,1,0.43,title,,2,0,never_instantiated,0,,,,,0,0,name,,2,0,never_instantiated,0,,,,,0,0,,keyword,1,0,never_instantiated,0,,,,,0,0,cast_info,movie_keyword,1,0,never_instantiated,0,,,,,0,0,,,,,,,,,,,,,,,,,,,,,,,,,,,,,,,,,,,,,,,,,,,,,,,,,,,,,,,,,,,,,,,,,,,,,,,,,,,,,,,,,,,,,,,,,,,,,,,,,,,,,,,,,,,,,,,,,,,,,,,,,,,,,,,,,,,,,,,,,,,,,,,,
6d,4,0,1,0.54,,title,2029,0,never_instantiated,0,,,,,0,0,,name,2,0,never_instantiated,0,,,,,0,0,,,8,0,never_instantiated,0,,,,,0,0,cast_info,movie_keyword,14107,0,never_instantiated,0,,,,,0,0,keyword,,8,0,never_instantiated,0,,,,,0,0,,,,,,,,,,,,,,,,,,,,,,,,,,,,,,,,,,,,,,,,,,,,,,,,,,,,,,,,,,,,,,,,,,,,,,,,,,,,,,,,,,,,,,,,,,,,,,,,,,,,,,,,,,,,,,,,,,,,,,,,,,,,,,,,,,,,
6e,4,0,1,0.44,title,,6,0,never_instantiated,0,,,,,0,0,name,,6,0,never_instantiated,0,,,,,0,0,,keyword,1,0,never_instantiated,0,,,,,0,0,cast_info,movie_keyword,4,0,never_instantiated,0,,,,,0,0,,,,,,,,,,,,,,,,,,,,,,,,,,,,,,,,,,,,,,,,,,,,,,,,,,,,,,,,,,,,,,,,,,,,,,,,,,,,,,,,,,,,,,,,,,,,,,,,,,,,,,,,,,,,,,,,,,,,,,,,,,,,,,,,,,,,,,,,,,,,,,,,
6f,4,0,1,12.71,,title,1381132,0,never_instantiated,0,,,,,0,0,,name,4061926,0,never_instantiated,0,,,,,0,0,,,8,0,never_instantiated,0,,,,,0,0,cast_info,movie_keyword,4523930,0,never_instantiated,0,,,,,0,0,keyword,,8,0,never_instantiated,0,,,,,0,0,,,,,,,,,,,,,,,,,,,,,,,,,,,,,,,,,,,,,,,,,,,,,,,,,,,,,,,,,,,,,,,,,,,,,,,,,,,,,,,,,,,,,,,,,,,,,,,,,,,,,,,,,,,,,,,,,,,,,,,,,,,,,,,,,,,,
7a,4,0,1,1.04,title,,32,0,never_instantiated,0,,,,,0,0,info_type,,32,0,never_instantiated,0,,,,,0,0,person_info,,182,0,never_instantiated,0,,,,,0,0,,link_type,1,0,never_instantiated,0,,,,,0,0,,movie_link,105,0,never_instantiated,0,,,,,0,0,,name,534,0,never_instantiated,0,,,,,0,0,cast_info,aka_name,308,0,never_instantiated,0,,,,,0,0,,,,,,,,,,,,,,,,,,,,,,,,,,,,,,,,,,,,,,,,,,,,,,,,,,,,,,,,,,,,,,,,,,,,,,,,,,,,,,,,,,,,,,,,,,,,,,,,,,,,,,,,,,,,
7b,4,0,1,1.06,title,,16,0,never_instantiated,0,,,,,0,0,info_type,,16,0,never_instantiated,0,,,,,0,0,,person_info,7,0,never_instantiated,0,,,,,0,0,name,,85,0,never_instantiated,0,,,,,0,0,,link_type,1,0,never_instantiated,0,,,,,0,0,,movie_link,46,0,never_instantiated,0,,,,,0,0,cast_info,aka_name,329,0,never_instantiated,0,,,,,0,0,,,,,,,,,,,,,,,,,,,,,,,,,,,,,,,,,,,,,,,,,,,,,,,,,,,,,,,,,,,,,,,,,,,,,,,,,,,,,,,,,,,,,,,,,,,,,,,,,,,,,,,,,,,,
7c,4,0,1,1.83,title,,109842,0,never_instantiated,0,,,,,0,0,,info_type,1,0,never_instantiated,0,,,,,0,0,person_info,,98922,0,never_instantiated,0,,,,,0,0,,link_type,4,0,never_instantiated,0,,,,,0,0,,movie_link,12279,0,never_instantiated,0,,,,,0,0,,name,3277,0,never_instantiated,0,,,,,0,0,cast_info,aka_name,6670,0,never_instantiated,0,,,,,0,0,,,,,,,,,,,,,,,,,,,,,,,,,,,,,,,,,,,,,,,,,,,,,,,,,,,,,,,,,,,,,,,,,,,,,,,,,,,,,,,,,,,,,,,,,,,,,,,,,,,,,,,,,,,,
8a,4,0,1,0.88,title,,62,0,never_instantiated,0,,,,,0,0,role_type,,62,0,never_instantiated,0,,,,,0,0,name,,80,0,never_instantiated,0,,,,,0,0,company_name,,82,0,never_instantiated,0,,,,,0,0,movie_companies,,52,0,never_instantiated,0,,,,,0,0,aka_name,cast_info,4563,0,never_instantiated,0,,,,,0,0,,,,,,,,,,,,,,,,,,,,,,,,,,,,,,,,,,,,,,,,,,,,,,,,,,,,,,,,,,,,,,,,,,,,,,,,,,,,,,,,,,,,,,,,,,,,,,,,,,,,,,,,,,,,,,,,,,,,,,,,
8b,4,0,1,0.88,title,,6,0,never_instantiated,0,,,,,0,0,role_type,,6,0,never_instantiated,0,,,,,0,0,name,,6,0,never_instantiated,0,,,,,0,0,company_name,,6,0,never_instantiated,0,,,,,0,0,movie_companies,,6,0,never_instantiated,0,,,,,0,0,aka_name,cast_info,25,0,never_instantiated,0,,,,,0,0,,,,,,,,,,,,,,,,,,,,,,,,,,,,,,,,,,,,,,,,,,,,,,,,,,,,,,,,,,,,,,,,,,,,,,,,,,,,,,,,,,,,,,,,,,,,,,,,,,,,,,,,,,,,,,,,,,,,,,,,
8c,4,0,1,2.27,title,,2487611,0,never_instantiated,0,,,,,0,0,,role_type,1,0,never_instantiated,0,,,,,0,0,name,,2487611,0,never_instantiated,0,,,,,0,0,,company_name,84843,0,never_instantiated,0,,,,,0,0,,movie_companies,2609129,0,never_instantiated,0,,,,,0,0,cast_info,aka_name,772581,0,never_instantiated,0,,,,,0,0,,,,,,,,,,,,,,,,,,,,,,,,,,,,,,,,,,,,,,,,,,,,,,,,,,,,,,,,,,,,,,,,,,,,,,,,,,,,,,,,,,,,,,,,,,,,,,,,,,,,,,,,,,,,,,,,,,,,,,,,
8d,4,0,1,0.92,title,,323005,0,never_instantiated,0,,,,,0,0,,role_type,1,0,never_instantiated,0,,,,,0,0,name,,323005,0,never_instantiated,0,,,,,0,0,,company_name,84843,0,never_instantiated,0,,,,,0,0,,movie_companies,2609129,0,never_instantiated,0,,,,,0,0,cast_info,aka_name,772581,0,never_instantiated,0,,,,,0,0,,,,,,,,,,,,,,,,,,,,,,,,,,,,,,,,,,,,,,,,,,,,,,,,,,,,,,,,,,,,,,,,,,,,,,,,,,,,,,,,,,,,,,,,,,,,,,,,,,,,,,,,,,,,,,,,,,,,,,,,
9a,4,0,1,1.04,title,,341,0,never_instantiated,0,,,,,0,0,,role_type,1,0,never_instantiated,0,,,,,0,0,name,,404,0,never_instantiated,0,,,,,0,0,,company_name,318,0,never_instantiated,0,,,,,0,0,,movie_companies,773,0,never_instantiated,0,,,,,0,0,char_name,,462,0,never_instantiated,0,,,,,0,0,cast_info,aka_name,114,0,never_instantiated,0,,,,,0,0,,,,,,,,,,,,,,,,,,,,,,,,,,,,,,,,,,,,,,,,,,,,,,,,,,,,,,,,,,,,,,,,,,,,,,,,,,,,,,,,,,,,,,,,,,,,,,,,,,,,,,,,,,,,
9b,4,0,1,0.91,title,,94,0,never_instantiated,0,,,,,0,0,role_type,,94,0,never_instantiated,0,,,,,0,0,name,,117,0,never_instantiated,0,,,,,0,0,company_name,,117,0,never_instantiated,0,,,,,0,0,movie_companies,,69,0,never_instantiated,0,,,,,0,0,char_name,,69,0,never_instantiated,0,,,,,0,0,aka_name,cast_info,22022,0,never_instantiated,0,,,,,0,0,,,,,,,,,,,,,,,,,,,,,,,,,,,,,,,,,,,,,,,,,,,,,,,,,,,,,,,,,,,,,,,,,,,,,,,,,,,,,,,,,,,,,,,,,,,,,,,,,,,,,,,,,,,,
9c,4,0,1,0.91,title,,8144,0,never_instantiated,0,,,,,0,0,,role_type,1,0,never_instantiated,0,,,,,0,0,name,,8194,0,never_instantiated,0,,,,,0,0,,company_name,1350,0,never_instantiated,0,,,,,0,0,,movie_companies,13381,0,never_instantiated,0,,,,,0,0,char_name,,7775,0,never_instantiated,0,,,,,0,0,cast_info,aka_name,812,0,never_instantiated,0,,,,,0,0,,,,,,,,,,,,,,,,,,,,,,,,,,,,,,,,,,,,,,,,,,,,,,,,,,,,,,,,,,,,,,,,,,,,,,,,,,,,,,,,,,,,,,,,,,,,,,,,,,,,,,,,,,,,
9d,4,0,1,1.39,title,,483082,0,never_instantiated,0,,,,,0,0,,role_type,1,0,never_instantiated,0,,,,,0,0,name,,483198,0,never_instantiated,0,,,,,0,0,,company_name,6991,0,never_instantiated,0,,,,,0,0,,movie_companies,124320,0,never_instantiated,0,,,,,0,0,char_name,,483319,0,never_instantiated,0,,,,,0,0,cast_info,aka_name,16514,0,never_instantiated,0,,,,,0,0,,,,,,,,,,,,,,,,,,,,,,,,,,,,,,,,,,,,,,,,,,,,,,,,,,,,,,,,,,,,,,,,,,,,,,,,,,,,,,,,,,,,,,,,,,,,,,,,,,,,,,,,,,,,
10a,4,0,1,0.80,title,,265,0,never_instantiated,0,,,,,0,0,,role_type,1,0,never_instantiated,0,,,,,0,0,,company_type,2,0,never_instantiated,0,,,,,0,0,,company_name,70,0,never_instantiated,0,,,,,0,0,,movie_companies,189,0,never_instantiated,0,,,,,0,0,cast_info,char_name,870,0,never_instantiated,0,,,,,0,0,,,,,,,,,,,,,,,,,,,,,,,,,,,,,,,,,,,,,,,,,,,,,,,,,,,,,,,,,,,,,,,,,,,,,,,,,,,,,,,,,,,,,,,,,,,,,,,,,,,,,,,,,,,,,,,,,,,,,,,,
10b,4,0,1,0.67,title,,0,0,never_instantiated,0,,,,,0,0,,role_type,0,0,never_instantiated,0,,,,,0,0,,company_type,0,0,never_instantiated,0,,,,,0,0,,company_name,0,0,never_instantiated,0,,,,,0,0,,movie_companies,0,0,never_instantiated,0,,,,,0,0,cast_info,char_name,0,0,never_instantiated,0,,,,,0,0,,,,,,,,,,,,,,,,,,,,,,,,,,,,,,,,,,,,,,,,,,,,,,,,,,,,,,,,,,,,,,,,,,,,,,,,,,,,,,,,,,,,,,,,,,,,,,,,,,,,,,,,,,,,,,,,,,,,,,,,
10c,4,0,1,2.50,title,,14,0,never_instantiated,0,,,,,0,0,,role_type,11,0,never_instantiated,0,,,,,0,0,,company_type,2,0,never_instantiated,0,,,,,0,0,,company_name,84843,0,never_instantiated,0,,,,,0,0,,movie_companies,2609129,0,never_instantiated,0,,,,,0,0,cast_info,char_name,3140339,0,never_instantiated,0,,,,,0,0,,,,,,,,,,,,,,,,,,,,,,,,,,,,,,,,,,,,,,,,,,,,,,,,,,,,,,,,,,,,,,,,,,,,,,,,,,,,,,,,,,,,,,,,,,,,,,,,,,,,,,,,,,,,,,,,,,,,,,,,
11a,4,0,1,0.10,title,,402,0,never_instantiated,0,,,,,0,0,link_type,,402,0,never_instantiated,0,,,,,0,0,movie_link,,26,0,never_instantiated,0,,,,,0,0,,company_type,1,0,never_instantiated,0,,,,,0,0,company_name,,26,0,never_instantiated,0,,,,,0,0,movie_companies,,12,0,never_instantiated,0,,,,,0,0,movie_keyword,keyword,1,0,never_instantiated,0,,,,,0,0,,,,,,,,,,,,,,,,,,,,,,,,,,,,,,,,,,,,,,,,,,,,,,,,,,,,,,,,,,,,,,,,,,,,,,,,,,,,,,,,,,,,,,,,,,,,,,,,,,,,,,,,,,,,
11b,4,0,1,0.26,title,,14,0,never_instantiated,0,,,,,0,0,link_type,,14,0,never_instantiated,0,,,,,0,0,movie_link,,2,0,never_instantiated,0,,,,,0,0,,company_type,1,0,never_instantiated,0,,,,,0,0,company_name,,2,0,never_instantiated,0,,,,,0,0,movie_companies,,1,0,never_instantiated,0,,,,,0,0,movie_keyword,keyword,1,0,never_instantiated,0,,,,,0,0,,,,,,,,,,,,,,,,,,,,,,,,,,,,,,,,,,,,,,,,,,,,,,,,,,,,,,,,,,,,,,,,,,,,,,,,,,,,,,,,,,,,,,,,,,,,,,,,,,,,,,,,,,,,
11c,4,0,1,0.16,title,,6946,0,never_instantiated,0,,,,,0,0,,link_type,9,0,never_instantiated,0,,,,,0,0,movie_link,,43,0,never_instantiated,0,,,,,0,0,,company_type,1,0,never_instantiated,0,,,,,0,0,,company_name,7,0,never_instantiated,0,,,,,0,0,movie_companies,,5,0,never_instantiated,0,,,,,0,0,movie_keyword,keyword,2,0,never_instantiated,0,,,,,0,0,,,,,,,,,,,,,,,,,,,,,,,,,,,,,,,,,,,,,,,,,,,,,,,,,,,,,,,,,,,,,,,,,,,,,,,,,,,,,,,,,,,,,,,,,,,,,,,,,,,,,,,,,,,,
11d,4,0,1,0.20,title,,14899,0,never_instantiated,0,,,,,0,0,,link_type,15,0,never_instantiated,0,,,,,0,0,movie_link,,931,0,never_instantiated,0,,,,,0,0,,company_type,1,0,never_instantiated,0,,,,,0,0,,company_name,334,0,never_instantiated,0,,,,,0,0,movie_companies,,480,0,never_instantiated,0,,,,,0,0,movie_keyword,keyword,3,0,never_instantiated,0,,,,,0,0,,,,,,,,,,,,,,,,,,,,,,,,,,,,,,,,,,,,,,,,,,,,,,,,,,,,,,,,,,,,,,,,,,,,,,,,,,,,,,,,,,,,,,,,,,,,,,,,,,,,,,,,,,,,
12a,4,0,1,0.25,title,,1311,0,never_instantiated,0,,,,,0,0,,info_type,1,0,never_instantiated,0,,,,,0,0,movie_info_idx,,1493,0,never_instantiated,0,,,,,0,0,,company_type,1,0,never_instantiated,0,,,,,0,0,,company_name,1232,0,never_instantiated,0,,,,,0,0,movie_companies,,2434,0,never_instantiated,0,,,,,0,0,movie_info,info_type,1,0,never_instantiated,0,,,,,0,0,,,,,,,,,,,,,,,,,,,,,,,,,,,,,,,,,,,,,,,,,,,,,,,,,,,,,,,,,,,,,,,,,,,,,,,,,,,,,,,,,,,,,,,,,,,,,,,,,,,,,,,,,,,,
12b,4,0,1,0.32,title,,10,0,never_instantiated,0,,,,,0,0,,info_type,1,0,never_instantiated,0,,,,,0,0,movie_info_idx,,10,0,never_instantiated,0,,,,,0,0,,company_name,6,0,never_instantiated,0,,,,,0,0,,company_type,2,0,never_instantiated,0,,,,,0,0,movie_companies,,2,0,never_instantiated,0,,,,,0,0,movie_info,info_type,1,0,never_instantiated,0,,,,,0,0,,,,,,,,,,,,,,,,,,,,,,,,,,,,,,,,,,,,,,,,,,,,,,,,,,,,,,,,,,,,,,,,,,,,,,,,,,,,,,,,,,,,,,,,,,,,,,,,,,,,,,,,,,,,
12c,4,0,1,0.33,title,,12752,0,never_instantiated,0,,,,,0,0,,info_type,1,0,never_instantiated,0,,,,,0,0,movie_info_idx,,12919,0,never_instantiated,0,,,,,0,0,,company_type,1,0,never_instantiated,0,,,,,0,0,,company_name,4910,0,never_instantiated,0,,,,,0,0,movie_companies,,22647,0,never_instantiated,0,,,,,0,0,movie_info,info_type,1,0,never_instantiated,0,,,,,0,0,,,,,,,,,,,,,,,,,,,,,,,,,,,,,,,,,,,,,,,,,,,,,,,,,,,,,,,,,,,,,,,,,,,,,,,,,,,,,,,,,,,,,,,,,,,,,,,,,,,,,,,,,,,,
13a,4,0,1,0.50,,kind_type,1,0,never_instantiated,0,,,,,0,0,title,,111109,0,never_instantiated,0,,,,,0,0,,info_type,1,0,never_instantiated,0,,,,,0,0,movie_info_idx,,129009,0,never_instantiated,0,,,,,0,0,,company_type,1,0,never_instantiated,0,,,,,0,0,,company_name,5583,0,never_instantiated,0,,,,,0,0,movie_companies,,78868,0,never_instantiated,0,,,,,0,0,movie_info,info_type,1,0,never_instantiated,0,,,,,0,0,,,,,,,,,,,,,,,,,,,,,,,,,,,,,,,,,,,,,,,,,,,,,,,,,,,,,,,,,,,,,,,,,,,,,,,,,,,,,,,,,,,,,,,,,,,,,,,,
13b,4,0,1,0.25,,kind_type,1,0,never_instantiated,0,,,,,0,0,title,,720,0,never_instantiated,0,,,,,0,0,,info_type,1,0,never_instantiated,0,,,,,0,0,movie_info_idx,,966,0,never_instantiated,0,,,,,0,0,,company_type,1,0,never_instantiated,0,,,,,0,0,,company_name,302,0,never_instantiated,0,,,,,0,0,movie_companies,,1170,0,never_instantiated,0,,,,,0,0,movie_info,info_type,1,0,never_instantiated,0,,,,,0,0,,,,,,,,,,,,,,,,,,,,,,,,,,,,,,,,,,,,,,,,,,,,,,,,,,,,,,,,,,,,,,,,,,,,,,,,,,,,,,,,,,,,,,,,,,,,,,,,
13c,4,0,1,0.20,,kind_type,1,0,never_instantiated,0,,,,,0,0,title,,89,0,never_instantiated,0,,,,,0,0,,info_type,1,0,never_instantiated,0,,,,,0,0,movie_info_idx,,109,0,never_instantiated,0,,,,,0,0,,company_type,1,0,never_instantiated,0,,,,,0,0,,company_name,56,0,never_instantiated,0,,,,,0,0,movie_companies,,244,0,never_instantiated,0,,,,,0,0,movie_info,info_type,1,0,never_instantiated,0,,,,,0,0,,,,,,,,,,,,,,,,,,,,,,,,,,,,,,,,,,,,,,,,,,,,,,,,,,,,,,,,,,,,,,,,,,,,,,,,,,,,,,,,,,,,,,,,,,,,,,,,
13d,4,0,1,1.03,,kind_type,1,0,never_instantiated,0,,,,,0,0,title,,670463,0,never_instantiated,0,,,,,0,0,,info_type,1,0,never_instantiated,0,,,,,0,0,movie_info_idx,,795973,0,never_instantiated,0,,,,,0,0,,company_type,1,0,never_instantiated,0,,,,,0,0,,company_name,49089,0,never_instantiated,0,,,,,0,0,movie_companies,,957345,0,never_instantiated,0,,,,,0,0,movie_info,info_type,1,0,never_instantiated,0,,,,,0,0,,,,,,,,,,,,,,,,,,,,,,,,,,,,,,,,,,,,,,,,,,,,,,,,,,,,,,,,,,,,,,,,,,,,,,,,,,,,,,,,,,,,,,,,,,,,,,,,
14a,4,0,1,0.22,,kind_type,1,0,never_instantiated,0,,,,,0,0,title,,772,0,never_instantiated,0,,,,,0,0,keyword,,772,0,never_instantiated,0,,,,,0,0,movie_keyword,,529,0,never_instantiated,0,,,,,0,0,,info_type,1,0,never_instantiated,0,,,,,0,0,movie_info_idx,,938,0,never_instantiated,0,,,,,0,0,,info_type,1,0,never_instantiated,0,,,,,0,0,movie_info,,10,0,never_instantiated,0,,,,,0,0,,,,,,,,,,,,,,,,,,,,,,,,,,,,,,,,,,,,,,,,,,,,,,,,,,,,,,,,,,,,,,,,,,,,,,,,,,,,,,,,,,,,,,,,,,,,,,,,
14b,4,0,1,0.23,,kind_type,1,0,never_instantiated,0,,,,,0,0,title,,7,0,never_instantiated,0,,,,,0,0,keyword,,7,0,never_instantiated,0,,,,,0,0,movie_keyword,,7,0,never_instantiated,0,,,,,0,0,,info_type,1,0,never_instantiated,0,,,,,0,0,movie_info_idx,,16,0,never_instantiated,0,,,,,0,0,,info_type,1,0,never_instantiated,0,,,,,0,0,movie_info,,10,0,never_instantiated,0,,,,,0,0,,,,,,,,,,,,,,,,,,,,,,,,,,,,,,,,,,,,,,,,,,,,,,,,,,,,,,,,,,,,,,,,,,,,,,,,,,,,,,,,,,,,,,,,,,,,,,,,
14c,4,0,1,0.32,,kind_type,2,0,never_instantiated,0,,,,,0,0,title,,20967,0,never_instantiated,0,,,,,0,0,keyword,,20967,0,never_instantiated,0,,,,,0,0,movie_keyword,,15227,0,never_instantiated,0,,,,,0,0,,info_type,1,0,never_instantiated,0,,,,,0,0,movie_info_idx,,17733,0,never_instantiated,0,,,,,0,0,,info_type,1,0,never_instantiated,0,,,,,0,0,movie_info,,10,0,never_instantiated,0,,,,,0,0,,,,,,,,,,,,,,,,,,,,,,,,,,,,,,,,,,,,,,,,,,,,,,,,,,,,,,,,,,,,,,,,,,,,,,,,,,,,,,,,,,,,,,,,,,,,,,,,
15a,4,0,1,0.83,title,,482,0,never_instantiated,0,,,,,0,0,keyword,,482,0,never_instantiated,0,,,,,0,0,movie_keyword,,71,0,never_instantiated,0,,,,,0,0,company_type,,71,0,never_instantiated,0,,,,,0,0,company_name,,76,0,never_instantiated,0,,,,,0,0,movie_companies,,52,0,never_instantiated,0,,,,,0,0,,info_type,1,0,never_instantiated,0,,,,,0,0,movie_info,aka_title,121,0,never_instantiated,0,,,,,0,0,,,,,,,,,,,,,,,,,,,,,,,,,,,,,,,,,,,,,,,,,,,,,,,,,,,,,,,,,,,,,,,,,,,,,,,,,,,,,,,,,,,,,,,,,,,,,,,,
15b,4,0,1,0.63,title,,37,0,never_instantiated,0,,,,,0,0,keyword,,37,0,never_instantiated,0,,,,,0,0,movie_keyword,,3,0,never_instantiated,0,,,,,0,0,company_type,,3,0,never_instantiated,0,,,,,0,0,,company_name,1,0,never_instantiated,0,,,,,0,0,movie_companies,,3,0,never_instantiated,0,,,,,0,0,,info_type,1,0,never_instantiated,0,,,,,0,0,movie_info,aka_title,107,0,never_instantiated,0,,,,,0,0,,,,,,,,,,,,,,,,,,,,,,,,,,,,,,,,,,,,,,,,,,,,,,,,,,,,,,,,,,,,,,,,,,,,,,,,,,,,,,,,,,,,,,,,,,,,,,,,
15c,4,0,1,0.79,title,,2271,0,never_instantiated,0,,,,,0,0,keyword,,2271,0,never_instantiated,0,,,,,0,0,movie_keyword,,284,0,never_instantiated,0,,,,,0,0,,company_type,2,0,never_instantiated,0,,,,,0,0,,company_name,84843,0,never_instantiated,0,,,,,0,0,movie_companies,,120,0,never_instantiated,0,,,,,0,0,,info_type,1,0,never_instantiated,0,,,,,0,0,movie_info,aka_title,533,0,never_instantiated,0,,,,,0,0,,,,,,,,,,,,,,,,,,,,,,,,,,,,,,,,,,,,,,,,,,,,,,,,,,,,,,,,,,,,,,,,,,,,,,,,,,,,,,,,,,,,,,,,,,,,,,,,
15d,4,0,1,0.59,title,,11557,0,never_instantiated,0,,,,,0,0,keyword,,11557,0,never_instantiated,0,,,,,0,0,movie_keyword,,896,0,never_instantiated,0,,,,,0,0,,company_type,2,0,never_instantiated,0,,,,,0,0,,company_name,84843,0,never_instantiated,0,,,,,0,0,movie_companies,,591,0,never_instantiated,0,,,,,0,0,,info_type,1,0,never_instantiated,0,,,,,0,0,movie_info,aka_title,669,0,never_instantiated,0,,,,,0,0,,,,,,,,,,,,,,,,,,,,,,,,,,,,,,,,,,,,,,,,,,,,,,,,,,,,,,,,,,,,,,,,,,,,,,,,,,,,,,,,,,,,,,,,,,,,,,,,
16a,4,0,1,0.96,title,,385,0,never_instantiated,0,,,,,0,0,name,,385,0,never_instantiated,0,,,,,0,0,,keyword,1,0,never_instantiated,0,,,,,0,0,movie_keyword,,391,0,never_instantiated,0,,,,,0,0,,company_name,20,0,never_instantiated,0,,,,,0,0,,movie_companies,60,0,never_instantiated,0,,,,,0,0,cast_info,aka_name,940,0,never_instantiated,0,,,,,0,0,,,,,,,,,,,,,,,,,,,,,,,,,,,,,,,,,,,,,,,,,,,,,,,,,,,,,,,,,,,,,,,,,,,,,,,,,,,,,,,,,,,,,,,,,,,,,,,,,,,,,,,,,,,,
16b,4,0,1,4.12,title,,3710592,0,never_instantiated,0,,,,,0,0,name,,3710592,0,never_instantiated,0,,,,,0,0,,keyword,1,0,never_instantiated,0,,,,,0,0,movie_keyword,,3719996,0,never_instantiated,0,,,,,0,0,,company_name,9432,0,never_instantiated,0,,,,,0,0,,movie_companies,146927,0,never_instantiated,0,,,,,0,0,cast_info,aka_name,289858,0,never_instantiated,0,,,,,0,0,,,,,,,,,,,,,,,,,,,,,,,,,,,,,,,,,,,,,,,,,,,,,,,,,,,,,,,,,,,,,,,,,,,,,,,,,,,,,,,,,,,,,,,,,,,,,,,,,,,,,,,,,,,,
16c,4,0,1,3.76,title,,3710592,0,never_instantiated,0,,,,,0,0,name,,3710592,0,never_instantiated,0,,,,,0,0,,keyword,1,0,never_instantiated,0,,,,,0,0,movie_keyword,,3719996,0,never_instantiated,0,,,,,0,0,,company_name,9432,0,never_instantiated,0,,,,,0,0,,movie_companies,146927,0,never_instantiated,0,,,,,0,0,cast_info,aka_name,289858,0,never_instantiated,0,,,,,0,0,,,,,,,,,,,,,,,,,,,,,,,,,,,,,,,,,,,,,,,,,,,,,,,,,,,,,,,,,,,,,,,,,,,,,,,,,,,,,,,,,,,,,,,,,,,,,,,,,,,,,,,,,,,,
16d,4,0,1,3.87,title,,3710592,0,never_instantiated,0,,,,,0,0,name,,3710592,0,never_instantiated,0,,,,,0,0,,keyword,1,0,never_instantiated,0,,,,,0,0,movie_keyword,,3719996,0,never_instantiated,0,,,,,0,0,,company_name,9432,0,never_instantiated,0,,,,,0,0,,movie_companies,146927,0,never_instantiated,0,,,,,0,0,cast_info,aka_name,289858,0,never_instantiated,0,,,,,0,0,,,,,,,,,,,,,,,,,,,,,,,,,,,,,,,,,,,,,,,,,,,,,,,,,,,,,,,,,,,,,,,,,,,,,,,,,,,,,,,,,,,,,,,,,,,,,,,,,,,,,,,,,,,,
17a,4,0,1,2.16,title,,258289,0,never_instantiated,0,,,,,0,0,name,,2832555,0,never_instantiated,0,,,,,0,0,,keyword,1,0,never_instantiated,0,,,,,0,0,movie_keyword,,2839514,0,never_instantiated,0,,,,,0,0,,company_name,9432,0,never_instantiated,0,,,,,0,0,cast_info,movie_companies,146927,0,never_instantiated,0,,,,,0,0,,,,,,,,,,,,,,,,,,,,,,,,,,,,,,,,,,,,,,,,,,,,,,,,,,,,,,,,,,,,,,,,,,,,,,,,,,,,,,,,,,,,,,,,,,,,,,,,,,,,,,,,,,,,,,,,,,,,,,,,
17b,4,0,1,2.82,title,,52306,0,never_instantiated,0,,,,,0,0,name,,7796926,0,never_instantiated,0,,,,,0,0,,keyword,1,0,never_instantiated,0,,,,,0,0,,movie_keyword,40830,0,never_instantiated,0,,,,,0,0,,company_name,27986,0,never_instantiated,0,,,,,0,0,cast_info,movie_companies,146927,0,never_instantiated,0,,,,,0,0,,,,,,,,,,,,,,,,,,,,,,,,,,,,,,,,,,,,,,,,,,,,,,,,,,,,,,,,,,,,,,,,,,,,,,,,,,,,,,,,,,,,,,,,,,,,,,,,,,,,,,,,,,,,,,,,,,,,,,,,
17c,4,0,1,0.72,title,,1918,0,never_instantiated,0,,,,,0,0,name,,3151,0,never_instantiated,0,,,,,0,0,,keyword,1,0,never_instantiated,0,,,,,0,0,,movie_keyword,350,0,never_instantiated,0,,,,,0,0,,company_name,1965,0,never_instantiated,0,,,,,0,0,cast_info,movie_companies,3488,0,never_instantiated,0,,,,,0,0,,,,,,,,,,,,,,,,,,,,,,,,,,,,,,,,,,,,,,,,,,,,,,,,,,,,,,,,,,,,,,,,,,,,,,,,,,,,,,,,,,,,,,,,,,,,,,,,,,,,,,,,,,,,,,,,,,,,,,,,
17d,4,0,1,1.11,title,,11538,0,never_instantiated,0,,,,,0,0,name,,13400,0,never_instantiated,0,,,,,0,0,,keyword,1,0,never_instantiated,0,,,,,0,0,,movie_keyword,1954,0,never_instantiated,0,,,,,0,0,,company_name,4416,0,never_instantiated,0,,,,,0,0,cast_info,movie_companies,11796,0,never_instantiated,0,,,,,0,0,,,,,,,,,,,,,,,,,,,,,,,,,,,,,,,,,,,,,,,,,,,,,,,,,,,,,,,,,,,,,,,,,,,,,,,,,,,,,,,,,,,,,,,,,,,,,,,,,,,,,,,,,,,,,,,,,,,,,,,,
17e,4,0,1,2.89,title,,2832555,0,never_instantiated,0,,,,,0,0,name,,2832555,0,never_instantiated,0,,,,,0,0,,keyword,1,0,never_instantiated,0,,,,,0,0,movie_keyword,,2839514,0,never_instantiated,0,,,,,0,0,,company_name,9432,0,never_instantiated,0,,,,,0,0,cast_info,movie_companies,146927,0,never_instantiated,0,,,,,0,0,,,,,,,,,,,,,,,,,,,,,,,,,,,,,,,,,,,,,,,,,,,,,,,,,,,,,,,,,,,,,,,,,,,,,,,,,,,,,,,,,,,,,,,,,,,,,,,,,,,,,,,,,,,,,,,,,,,,,,,,
17f,4,0,1,1.78,title,,1113120,0,never_instantiated,0,,,,,0,0,name,,1128232,0,never_instantiated,0,,,,,0,0,,keyword,1,0,never_instantiated,0,,,,,0,0,,movie_keyword,30512,0,never_instantiated,0,,,,,0,0,,company_name,25227,0,never_instantiated,0,,,,,0,0,cast_info,movie_companies,127689,0,never_instantiated,0,,,,,0,0,,,,,,,,,,,,,,,,,,,,,,,,,,,,,,,,,,,,,,,,,,,,,,,,,,,,,,,,,,,,,,,,,,,,,,,,,,,,,,,,,,,,,,,,,,,,,,,,,,,,,,,,,,,,,,,,,,,,,,,,
18a,4,0,1,1.42,title,,410,0,never_instantiated,0,,,,,0,0,name,,422,0,never_instantiated,0,,,,,0,0,,info_type,1,0,never_instantiated,0,,,,,0,0,movie_info_idx,,715,0,never_instantiated,0,,,,,0,0,,info_type,1,0,never_instantiated,0,,,,,0,0,movie_info,cast_info,717,0,never_instantiated,0,,,,,0,0,,,,,,,,,,,,,,,,,,,,,,,,,,,,,,,,,,,,,,,,,,,,,,,,,,,,,,,,,,,,,,,,,,,,,,,,,,,,,,,,,,,,,,,,,,,,,,,,,,,,,,,,,,,,,,,,,,,,,,,,
18b,4,0,1,1.44,title,,16,0,never_instantiated,0,,,,,0,0,name,,412,0,never_instantiated,0,,,,,0,0,,info_type,1,0,never_instantiated,0,,,,,0,0,movie_info_idx,,488,0,never_instantiated,0,,,,,0,0,,info_type,1,0,never_instantiated,0,,,,,0,0,,movie_info,349,0,never_instantiated,0,,,,,0,0,cast_info,,5,0,never_instantiated,0,,,,,0,0,,,,,,,,,,,,,,,,,,,,,,,,,,,,,,,,,,,,,,,,,,,,,,,,,,,,,,,,,,,,,,,,,,,,,,,,,,,,,,,,,,,,,,,,,,,,,,,,,,,,,,,,,,,,
18c,4,0,1,2.23,title,,28073,0,never_instantiated,0,,,,,0,0,name,,54155,0,never_instantiated,0,,,,,0,0,,info_type,1,0,never_instantiated,0,,,,,0,0,movie_info_idx,,93236,0,never_instantiated,0,,,,,0,0,,info_type,1,0,never_instantiated,0,,,,,0,0,,,66822,0,never_instantiated,0,,,,,0,0,cast_info,,5,0,never_instantiated,0,,,,,0,0,movie_info,,6,0,never_instantiated,0,,,,,0,0,,,,,,,,,,,,,,,,,,,,,,,,,,,,,,,,,,,,,,,,,,,,,,,,,,,,,,,,,,,,,,,,,,,,,,,,,,,,,,,,,,,,,,,,,,,,,,,,
19a,4,0,1,1.28,title,,311,0,never_instantiated,0,,,,,0,0,,role_type,1,0,never_instantiated,0,,,,,0,0,name,,374,0,never_instantiated,0,,,,,0,0,,info_type,1,0,never_instantiated,0,,,,,0,0,movie_info,,165,0,never_instantiated,0,,,,,0,0,,company_name,132,0,never_instantiated,0,,,,,0,0,,movie_companies,264,0,never_instantiated,0,,,,,0,0,char_name,,149,0,never_instantiated,0,,,,,0,0,cast_info,aka_name,59,0,never_instantiated,0,,,,,0,0,,,,,,,,,,,,,,,,,,,,,,,,,,,,,,,,,,,,,,,,,,,,,,,,,,,,,,,,,,,,,,,,,,,,,,,,,,,,,,,,,,,,
19b,4,0,1,1.16,title,,15,0,never_instantiated,0,,,,,0,0,role_type,,15,0,never_instantiated,0,,,,,0,0,name,,15,0,never_instantiated,0,,,,,0,0,info_type,,15,0,never_instantiated,0,,,,,0,0,movie_info,,15,0,never_instantiated,0,,,,,0,0,company_name,,15,0,never_instantiated,0,,,,,0,0,movie_companies,,5,0,never_instantiated,0,,,,,0,0,char_name,,5,0,never_instantiated,0,,,,,0,0,aka_name,cast_info,1,0,never_instantiated,0,,,,,0,0,,,,,,,,,,,,,,,,,,,,,,,,,,,,,,,,,,,,,,,,,,,,,,,,,,,,,,,,,,,,,,,,,,,,,,,,,,,,,,,,,,,,
19c,4,0,1,1.17,title,,4113,0,never_instantiated,0,,,,,0,0,,role_type,1,0,never_instantiated,0,,,,,0,0,name,,4163,0,never_instantiated,0,,,,,0,0,,info_type,1,0,never_instantiated,0,,,,,0,0,movie_info,,2587,0,never_instantiated,0,,,,,0,0,,company_name,947,0,never_instantiated,0,,,,,0,0,movie_companies,,3311,0,never_instantiated,0,,,,,0,0,char_name,,3311,0,never_instantiated,0,,,,,0,0,cast_info,aka_name,285,0,never_instantiated,0,,,,,0,0,,,,,,,,,,,,,,,,,,,,,,,,,,,,,,,,,,,,,,,,,,,,,,,,,,,,,,,,,,,,,,,,,,,,,,,,,,,,,,,,,,,,
19d,4,0,1,1.79,title,,2711062,0,never_instantiated,0,,,,,0,0,,role_type,1,0,never_instantiated,0,,,,,0,0,name,,2712382,0,never_instantiated,0,,,,,0,0,,info_type,1,0,never_instantiated,0,,,,,0,0,movie_info,,483198,0,never_instantiated,0,,,,,0,0,,company_name,6991,0,never_instantiated,0,,,,,0,0,movie_companies,,483319,0,never_instantiated,0,,,,,0,0,char_name,,483319,0,never_instantiated,0,,,,,0,0,cast_info,aka_name,16514,0,never_instantiated,0,,,,,0,0,,,,,,,,,,,,,,,,,,,,,,,,,,,,,,,,,,,,,,,,,,,,,,,,,,,,,,,,,,,,,,,,,,,,,,,,,,,,,,,,,,,,
20a,4,0,1,1.34,,kind_type,1,0,never_instantiated,0,,,,,0,0,title,,33,0,never_instantiated,0,,,,,0,0,name,,33,0,never_instantiated,0,,,,,0,0,,,8,0,never_instantiated,0,,,,,0,0,movie_keyword,,9,0,never_instantiated,0,,,,,0,0,,comp_cast_type,2,0,never_instantiated,0,,,,,0,0,,comp_cast_type,1,0,never_instantiated,0,,,,,0,0,,complete_cast,785,0,never_instantiated,0,,,,,0,0,cast_info,char_name,8,0,never_instantiated,0,,,,,0,0,keyword,,8,0,never_instantiated,0,,,,,0,0,,,,,,,,,,,,,,,,,,,,,,,,,,,,,,,,,,,,,,,,,,,,,,,,,,,,,,,,,,,,,,,,,,,,,,,,
20b,4,0,1,0.91,,kind_type,1,0,never_instantiated,0,,,,,0,0,title,,17,0,never_instantiated,0,,,,,0,0,name,,17,0,never_instantiated,0,,,,,0,0,,,7,0,never_instantiated,0,,,,,0,0,movie_keyword,,4,0,never_instantiated,0,,,,,0,0,,comp_cast_type,2,0,never_instantiated,0,,,,,0,0,,comp_cast_type,1,0,never_instantiated,0,,,,,0,0,,complete_cast,3,0,never_instantiated,0,,,,,0,0,cast_info,char_name,2,0,never_instantiated,0,,,,,0,0,keyword,,8,0,never_instantiated,0,,,,,0,0,,,,,,,,,,,,,,,,,,,,,,,,,,,,,,,,,,,,,,,,,,,,,,,,,,,,,,,,,,,,,,,,,,,,,,,,
20c,4,0,1,1.60,,kind_type,1,0,never_instantiated,0,,,,,0,0,title,,5406,0,never_instantiated,0,,,,,0,0,name,,5406,0,never_instantiated,0,,,,,0,0,,,9,0,never_instantiated,0,,,,,0,0,movie_keyword,,10778,0,never_instantiated,0,,,,,0,0,,comp_cast_type,2,0,never_instantiated,0,,,,,0,0,,comp_cast_type,1,0,never_instantiated,0,,,,,0,0,,complete_cast,2858,0,never_instantiated,0,,,,,0,0,cast_info,char_name,45060,0,never_instantiated,0,,,,,0,0,keyword,,10,0,never_instantiated,0,,,,,0,0,,,,,,,,,,,,,,,,,,,,,,,,,,,,,,,,,,,,,,,,,,,,,,,,,,,,,,,,,,,,,,,,,,,,,,,,
21a,4,0,1,0.22,title,,1816,0,never_instantiated,0,,,,,0,0,link_type,,1816,0,never_instantiated,0,,,,,0,0,movie_link,,100,0,never_instantiated,0,,,,,0,0,,keyword,1,0,never_instantiated,0,,,,,0,0,movie_keyword,,100,0,never_instantiated,0,,,,,0,0,,company_type,1,0,never_instantiated,0,,,,,0,0,,company_name,9,0,never_instantiated,0,,,,,0,0,,movie_companies,23,0,never_instantiated,0,,,,,0,0,movie_info,,8,0,never_instantiated,0,,,,,0,0,,,,,,,,,,,,,,,,,,,,,,,,,,,,,,,,,,,,,,,,,,,,,,,,,,,,,,,,,,,,,,,,,,,,,,,,,,,,,,,,,,,,
21b,4,0,1,0.27,title,,308,0,never_instantiated,0,,,,,0,0,link_type,,308,0,never_instantiated,0,,,,,0,0,movie_link,,20,0,never_instantiated,0,,,,,0,0,,keyword,1,0,never_instantiated,0,,,,,0,0,movie_keyword,,20,0,never_instantiated,0,,,,,0,0,,company_type,1,0,never_instantiated,0,,,,,0,0,,company_name,7,0,never_instantiated,0,,,,,0,0,movie_info,movie_companies,18,0,never_instantiated,0,,,,,0,0,,,,,,,,,,,,,,,,,,,,,,,,,,,,,,,,,,,,,,,,,,,,,,,,,,,,,,,,,,,,,,,,,,,,,,,,,,,,,,,,,,,,,,,,,,,,,,,,
21c,4,0,1,0.22,title,,1874,0,never_instantiated,0,,,,,0,0,link_type,,1874,0,never_instantiated,0,,,,,0,0,movie_link,,106,0,never_instantiated,0,,,,,0,0,,keyword,1,0,never_instantiated,0,,,,,0,0,movie_keyword,,106,0,never_instantiated,0,,,,,0,0,,company_type,1,0,never_instantiated,0,,,,,0,0,,company_name,12,0,never_instantiated,0,,,,,0,0,,movie_companies,26,0,never_instantiated,0,,,,,0,0,movie_info,,9,0,never_instantiated,0,,,,,0,0,,,,,,,,,,,,,,,,,,,,,,,,,,,,,,,,,,,,,,,,,,,,,,,,,,,,,,,,,,,,,,,,,,,,,,,,,,,,,,,,,,,,
22a,4,0,1,0.60,kind_type,,3027,0,never_instantiated,0,,,,,0,0,title,,40185,0,never_instantiated,0,,,,,0,0,keyword,,40185,0,never_instantiated,0,,,,,0,0,movie_keyword,,22559,0,never_instantiated,0,,,,,0,0,,info_type,1,0,never_instantiated,0,,,,,0,0,movie_info_idx,,22559,0,never_instantiated,0,,,,,0,0,,company_type,2,0,never_instantiated,0,,,,,0,0,company_name,,25253,0,never_instantiated,0,,,,,0,0,movie_companies,,11748,0,never_instantiated,0,,,,,0,0,movie_info,info_type,1,0,never_instantiated,0,,,,,0,0,,,,,,,,,,,,,,,,,,,,,,,,,,,,,,,,,,,,,,,,,,,,,,,,,,,,,,,,,,,,,,,,,,,,,,,,
22b,4,0,1,0.59,kind_type,,32,0,never_instantiated,0,,,,,0,0,title,,40185,0,never_instantiated,0,,,,,0,0,keyword,,40185,0,never_instantiated,0,,,,,0,0,movie_keyword,,22559,0,never_instantiated,0,,,,,0,0,,info_type,1,0,never_instantiated,0,,,,,0,0,movie_info_idx,,22559,0,never_instantiated,0,,,,,0,0,,company_type,2,0,never_instantiated,0,,,,,0,0,company_name,,25253,0,never_instantiated,0,,,,,0,0,movie_companies,,11748,0,never_instantiated,0,,,,,0,0,movie_info,info_type,1,0,never_instantiated,0,,,,,0,0,,,,,,,,,,,,,,,,,,,,,,,,,,,,,,,,,,,,,,,,,,,,,,,,,,,,,,,,,,,,,,,,,,,,,,,,
22c,4,0,1,0.63,kind_type,,23182,0,never_instantiated,0,,,,,0,0,title,,65749,0,never_instantiated,0,,,,,0,0,keyword,,65749,0,never_instantiated,0,,,,,0,0,movie_keyword,,36302,0,never_instantiated,0,,,,,0,0,,info_type,1,0,never_instantiated,0,,,,,0,0,movie_info_idx,,37392,0,never_instantiated,0,,,,,0,0,,company_type,2,0,never_instantiated,0,,,,,0,0,company_name,,40869,0,never_instantiated,0,,,,,0,0,movie_companies,,6947,0,never_instantiated,0,,,,,0,0,,info_type,1,0,never_instantiated,0,,,,,0,0,movie_info,,10,0,never_instantiated,0,,,,,0,0,,,,,,,,,,,,,,,,,,,,,,,,,,,,,,,,,,,,,,,,,,,,,,,,,,,,,,,,,,,,
22d,4,0,1,0.50,,kind_type,2,0,never_instantiated,0,,,,,0,0,title,,144733,0,never_instantiated,0,,,,,0,0,keyword,,144733,0,never_instantiated,0,,,,,0,0,movie_keyword,,85053,0,never_instantiated,0,,,,,0,0,,info_type,1,0,never_instantiated,0,,,,,0,0,movie_info_idx,,88501,0,never_instantiated,0,,,,,0,0,,company_type,2,0,never_instantiated,0,,,,,0,0,company_name,,162288,0,never_instantiated,0,,,,,0,0,movie_companies,,17181,0,never_instantiated,0,,,,,0,0,,info_type,1,0,never_instantiated,0,,,,,0,0,movie_info,,10,0,never_instantiated,0,,,,,0,0,,,,,,,,,,,,,,,,,,,,,,,,,,,,,,,,,,,,,,,,,,,,,,,,,,,,,,,,,,,,
23a,4,0,1,0.55,,kind_type,1,0,never_instantiated,0,,,,,0,0,title,,618,0,never_instantiated,0,,,,,0,0,keyword,,618,0,never_instantiated,0,,,,,0,0,movie_keyword,,6,0,never_instantiated,0,,,,,0,0,,company_type,2,0,never_instantiated,0,,,,,0,0,company_name,,6,0,never_instantiated,0,,,,,0,0,movie_companies,,5,0,never_instantiated,0,,,,,0,0,,info_type,1,0,never_instantiated,0,,,,,0,0,,comp_cast_type,1,0,never_instantiated,0,,,,,0,0,movie_info,complete_cast,3,0,never_instantiated,0,,,,,0,0,,,,,,,,,,,,,,,,,,,,,,,,,,,,,,,,,,,,,,,,,,,,,,,,,,,,,,,,,,,,,,,,,,,,,,,,
23b,4,0,1,0.59,kind_type,,16,0,never_instantiated,0,,,,,0,0,title,,16,0,never_instantiated,0,,,,,0,0,keyword,,16,0,never_instantiated,0,,,,,0,0,movie_keyword,,4,0,never_instantiated,0,,,,,0,0,company_type,,4,0,never_instantiated,0,,,,,0,0,company_name,,4,0,never_instantiated,0,,,,,0,0,movie_companies,,4,0,never_instantiated,0,,,,,0,0,,info_type,1,0,never_instantiated,0,,,,,0,0,,comp_cast_type,1,0,never_instantiated,0,,,,,0,0,movie_info,complete_cast,2,0,never_instantiated,0,,,,,0,0,,,,,,,,,,,,,,,,,,,,,,,,,,,,,,,,,,,,,,,,,,,,,,,,,,,,,,,,,,,,,,,,,,,,,,,,
23c,4,0,1,0.63,,kind_type,1,0,never_instantiated,0,,,,,0,0,title,,628,0,never_instantiated,0,,,,,0,0,keyword,,628,0,never_instantiated,0,,,,,0,0,movie_keyword,,7,0,never_instantiated,0,,,,,0,0,,company_type,2,0,never_instantiated,0,,,,,0,0,company_name,,7,0,never_instantiated,0,,,,,0,0,movie_companies,,6,0,never_instantiated,0,,,,,0,0,,info_type,1,0,never_instantiated,0,,,,,0,0,,comp_cast_type,1,0,never_instantiated,0,,,,,0,0,movie_info,complete_cast,4,0,never_instantiated,0,,,,,0,0,,,,,,,,,,,,,,,,,,,,,,,,,,,,,,,,,,,,,,,,,,,,,,,,,,,,,,,,,,,,,,,,,,,,,,,,
24a,4,0,1,1.13,title,,275,0,never_instantiated,0,,,,,0,0,,role_type,1,0,never_instantiated,0,,,,,0,0,name,,275,0,never_instantiated,0,,,,,0,0,keyword,,275,0,never_instantiated,0,,,,,0,0,movie_keyword,,144,0,never_instantiated,0,,,,,0,0,,info_type,1,0,never_instantiated,0,,,,,0,0,movie_info,,69,0,never_instantiated,0,,,,,0,0,,company_name,24,0,never_instantiated,0,,,,,0,0,movie_companies,,23,0,never_instantiated,0,,,,,0,0,char_name,,23,0,never_instantiated,0,,,,,0,0,cast_info,aka_name,14,0,never_instantiated,0,,,,,0,0,,,,,,,,,,,,,,,,,,,,,,,,,,,,,,,,,,,,,,,,,,,,,,,,,,,,,,,,,,,,
24b,4,0,1,1.04,title,,45,0,never_instantiated,0,,,,,0,0,role_type,,45,0,never_instantiated,0,,,,,0,0,name,,45,0,never_instantiated,0,,,,,0,0,keyword,,45,0,never_instantiated,0,,,,,0,0,movie_keyword,,25,0,never_instantiated,0,,,,,0,0,,info_type,1,0,never_instantiated,0,,,,,0,0,movie_info,,15,0,never_instantiated,0,,,,,0,0,,company_name,1,0,never_instantiated,0,,,,,0,0,movie_companies,,15,0,never_instantiated,0,,,,,0,0,char_name,,15,0,never_instantiated,0,,,,,0,0,cast_info,aka_name,5,0,never_instantiated,0,,,,,0,0,,,,,,,,,,,,,,,,,,,,,,,,,,,,,,,,,,,,,,,,,,,,,,,,,,,,,,,,,,,,
25a,4,0,1,1.78,title,,4407,0,never_instantiated,0,,,,,0,0,name,,7112,0,never_instantiated,0,,,,,0,0,,,7112,0,never_instantiated,0,,,,,0,0,keyword,,5,0,never_instantiated,0,,,,,0,0,movie_keyword,,3542,0,never_instantiated,0,,,,,0,0,info_type,,3542,0,never_instantiated,0,,,,,0,0,movie_info_idx,,3870,0,never_instantiated,0,,,,,0,0,,info_type,1,0,never_instantiated,0,,,,,0,0,,movie_info,2690,0,never_instantiated,0,,,,,0,0,cast_info,,5,0,never_instantiated,0,,,,,0,0,,,,,,,,,,,,,,,,,,,,,,,,,,,,,,,,,,,,,,,,,,,,,,,,,,,,,,,,,,,,,,,,,,,,,,,,
25b,4,0,1,1.50,title,,8,0,never_instantiated,0,,,,,0,0,name,,8,0,never_instantiated,0,,,,,0,0,,,8,0,never_instantiated,0,,,,,0,0,keyword,,5,0,never_instantiated,0,,,,,0,0,movie_keyword,,4,0,never_instantiated,0,,,,,0,0,info_type,,4,0,never_instantiated,0,,,,,0,0,movie_info_idx,,4,0,never_instantiated,0,,,,,0,0,,info_type,1,0,never_instantiated,0,,,,,0,0,,movie_info,4,0,never_instantiated,0,,,,,0,0,cast_info,,5,0,never_instantiated,0,,,,,0,0,,,,,,,,,,,,,,,,,,,,,,,,,,,,,,,,,,,,,,,,,,,,,,,,,,,,,,,,,,,,,,,,,,,,,,,,
25c,4,0,1,2.04,title,,26153,0,never_instantiated,0,,,,,0,0,name,,42900,0,never_instantiated,0,,,,,0,0,,,42900,0,never_instantiated,0,,,,,0,0,keyword,,7,0,never_instantiated,0,,,,,0,0,movie_keyword,,20063,0,never_instantiated,0,,,,,0,0,,info_type,1,0,never_instantiated,0,,,,,0,0,movie_info_idx,,21511,0,never_instantiated,0,,,,,0,0,,info_type,1,0,never_instantiated,0,,,,,0,0,,,14897,0,never_instantiated,0,,,,,0,0,cast_info,,5,0,never_instantiated,0,,,,,0,0,movie_info,,6,0,never_instantiated,0,,,,,0,0,,,,,,,,,,,,,,,,,,,,,,,,,,,,,,,,,,,,,,,,,,,,,,,,,,,,,,,,,,,,
26a,4,0,1,1.53,,kind_type,1,0,never_instantiated,0,,,,,0,0,title,,1728,0,never_instantiated,0,,,,,0,0,name,,1728,0,never_instantiated,0,,,,,0,0,,,1728,0,never_instantiated,0,,,,,0,0,keyword,,10,0,never_instantiated,0,,,,,0,0,movie_keyword,,1019,0,never_instantiated,0,,,,,0,0,,info_type,1,0,never_instantiated,0,,,,,0,0,movie_info_idx,,1021,0,never_instantiated,0,,,,,0,0,,comp_cast_type,2,0,never_instantiated,0,,,,,0,0,,comp_cast_type,1,0,never_instantiated,0,,,,,0,0,,complete_cast,190,0,never_instantiated,0,,,,,0,0,cast_info,char_name,1406,0,never_instantiated,0,,,,,0,0,,,,,,,,,,,,,,,,,,,,,,,,,,,,,,,,,,,,,,,,,,,,,,,,
26b,4,0,1,1.36,,kind_type,1,0,never_instantiated,0,,,,,0,0,title,,93,0,never_instantiated,0,,,,,0,0,name,,93,0,never_instantiated,0,,,,,0,0,keyword,,93,0,never_instantiated,0,,,,,0,0,movie_keyword,,47,0,never_instantiated,0,,,,,0,0,,info_type,1,0,never_instantiated,0,,,,,0,0,movie_info_idx,,47,0,never_instantiated,0,,,,,0,0,,comp_cast_type,2,0,never_instantiated,0,,,,,0,0,,comp_cast_type,1,0,never_instantiated,0,,,,,0,0,,complete_cast,4,0,never_instantiated,0,,,,,0,0,cast_info,char_name,144,0,never_instantiated,0,,,,,0,0,,,,,,,,,,,,,,,,,,,,,,,,,,,,,,,,,,,,,,,,,,,,,,,,,,,,,,,,,,,,
26c,4,0,1,1.40,,kind_type,1,0,never_instantiated,0,,,,,0,0,title,,5400,0,never_instantiated,0,,,,,0,0,name,,5400,0,never_instantiated,0,,,,,0,0,,,5400,0,never_instantiated,0,,,,,0,0,keyword,,10,0,never_instantiated,0,,,,,0,0,movie_keyword,,3596,0,never_instantiated,0,,,,,0,0,,info_type,1,0,never_instantiated,0,,,,,0,0,movie_info_idx,,3602,0,never_instantiated,0,,,,,0,0,,comp_cast_type,2,0,never_instantiated,0,,,,,0,0,,comp_cast_type,1,0,never_instantiated,0,,,,,0,0,,complete_cast,772,0,never_instantiated,0,,,,,0,0,cast_info,char_name,5355,0,never_instantiated,0,,,,,0,0,,,,,,,,,,,,,,,,,,,,,,,,,,,,,,,,,,,,,,,,,,,,,,,,
27a,4,0,1,0.28,title,,477,0,never_instantiated,0,,,,,0,0,link_type,,477,0,never_instantiated,0,,,,,0,0,movie_link,,27,0,never_instantiated,0,,,,,0,0,,keyword,1,0,never_instantiated,0,,,,,0,0,movie_keyword,,27,0,never_instantiated,0,,,,,0,0,,company_type,1,0,never_instantiated,0,,,,,0,0,company_name,,27,0,never_instantiated,0,,,,,0,0,movie_companies,,10,0,never_instantiated,0,,,,,0,0,,comp_cast_type,1,0,never_instantiated,0,,,,,0,0,,comp_cast_type,2,0,never_instantiated,0,,,,,0,0,movie_info,complete_cast,4,0,never_instantiated,0,,,,,0,0,,,,,,,,,,,,,,,,,,,,,,,,,,,,,,,,,,,,,,,,,,,,,,,,,,,,,,,,,,,,
27b,4,0,1,0.33,title,,247,0,never_instantiated,0,,,,,0,0,link_type,,247,0,never_instantiated,0,,,,,0,0,movie_link,,13,0,never_instantiated,0,,,,,0,0,,keyword,1,0,never_instantiated,0,,,,,0,0,movie_keyword,,13,0,never_instantiated,0,,,,,0,0,,company_type,1,0,never_instantiated,0,,,,,0,0,company_name,,13,0,never_instantiated,0,,,,,0,0,movie_companies,,5,0,never_instantiated,0,,,,,0,0,,comp_cast_type,1,0,never_instantiated,0,,,,,0,0,,comp_cast_type,2,0,never_instantiated,0,,,,,0,0,movie_info,complete_cast,2,0,never_instantiated,0,,,,,0,0,,,,,,,,,,,,,,,,,,,,,,,,,,,,,,,,,,,,,,,,,,,,,,,,,,,,,,,,,,,,
27c,4,0,1,0.26,title,,743,0,never_instantiated,0,,,,,0,0,link_type,,743,0,never_instantiated,0,,,,,0,0,movie_link,,41,0,never_instantiated,0,,,,,0,0,,keyword,1,0,never_instantiated,0,,,,,0,0,movie_keyword,,41,0,never_instantiated,0,,,,,0,0,,company_type,1,0,never_instantiated,0,,,,,0,0,company_name,,41,0,never_instantiated,0,,,,,0,0,movie_companies,,14,0,never_instantiated,0,,,,,0,0,,comp_cast_type,2,0,never_instantiated,0,,,,,0,0,,comp_cast_type,1,0,never_instantiated,0,,,,,0,0,,complete_cast,4,0,never_instantiated,0,,,,,0,0,movie_info,,9,0,never_instantiated,0,,,,,0,0,,,,,,,,,,,,,,,,,,,,,,,,,,,,,,,,,,,,,,,,,,,,,,,,
28a,4,0,1,0.59,kind_type,,4979,0,never_instantiated,0,,,,,0,0,title,,8121,0,never_instantiated,0,,,,,0,0,keyword,,8121,0,never_instantiated,0,,,,,0,0,movie_keyword,,4525,0,never_instantiated,0,,,,,0,0,,info_type,1,0,never_instantiated,0,,,,,0,0,movie_info_idx,,4653,0,never_instantiated,0,,,,,0,0,,company_type,2,0,never_instantiated,0,,,,,0,0,company_name,,5130,0,never_instantiated,0,,,,,0,0,movie_companies,,2243,0,never_instantiated,0,,,,,0,0,,info_type,1,0,never_instantiated,0,,,,,0,0,,comp_cast_type,1,0,never_instantiated,0,,,,,0,0,,comp_cast_type,1,0,never_instantiated,0,,,,,0,0,,complete_cast,2178,0,never_instantiated,0,,,,,0,0,movie_info,,10,0,never_instantiated,0,,,,,0,0,,,,,,,,,,,,,,,,,,,,,,,,
28b,4,0,1,0.57,kind_type,,161,0,never_instantiated,0,,,,,0,0,title,,1233,0,never_instantiated,0,,,,,0,0,keyword,,1233,0,never_instantiated,0,,,,,0,0,movie_keyword,,645,0,never_instantiated,0,,,,,0,0,,info_type,1,0,never_instantiated,0,,,,,0,0,movie_info_idx,,645,0,never_instantiated,0,,,,,0,0,,company_type,1,0,never_instantiated,0,,,,,0,0,company_name,,662,0,never_instantiated,0,,,,,0,0,movie_companies,,66,0,never_instantiated,0,,,,,0,0,,info_type,1,0,never_instantiated,0,,,,,0,0,,comp_cast_type,1,0,never_instantiated,0,,,,,0,0,,comp_cast_type,1,0,never_instantiated,0,,,,,0,0,movie_info,complete_cast,68,0,never_instantiated,0,,,,,0,0,,,,,,,,,,,,,,,,,,,,,,,,,,,,,,,,,,,,
28c,4,0,1,0.59,kind_type,,8668,0,never_instantiated,0,,,,,0,0,title,,22138,0,never_instantiated,0,,,,,0,0,keyword,,22138,0,never_instantiated,0,,,,,0,0,movie_keyword,,11787,0,never_instantiated,0,,,,,0,0,,info_type,1,0,never_instantiated,0,,,,,0,0,movie_info_idx,,11891,0,never_instantiated,0,,,,,0,0,,company_type,2,0,never_instantiated,0,,,,,0,0,company_name,,12700,0,never_instantiated,0,,,,,0,0,movie_companies,,3576,0,never_instantiated,0,,,,,0,0,,info_type,1,0,never_instantiated,0,,,,,0,0,,comp_cast_type,1,0,never_instantiated,0,,,,,0,0,,comp_cast_type,1,0,never_instantiated,0,,,,,0,0,,complete_cast,3425,0,never_instantiated,0,,,,,0,0,movie_info,,10,0,never_instantiated,0,,,,,0,0,,,,,,,,,,,,,,,,,,,,,,,,
29a,4,0,1,1.13,title,,1620,0,never_instantiated,0,,,,,0,0,role_type,,1620,0,never_instantiated,0,,,,,0,0,info_type,,1620,0,never_instantiated,0,,,,,0,0,person_info,,30,0,never_instantiated,0,,,,,0,0,name,,30,0,never_instantiated,0,,,,,0,0,keyword,,30,0,never_instantiated,0,,,,,0,0,movie_keyword,,30,0,never_instantiated,0,,,,,0,0,info_type,,30,0,never_instantiated,0,,,,,0,0,movie_info,,15,0,never_instantiated,0,,,,,0,0,company_name,,66,0,never_instantiated,0,,,,,0,0,movie_companies,,3,0,never_instantiated,0,,,,,0,0,comp_cast_type,,3,0,never_instantiated,0,,,,,0,0,comp_cast_type,,3,0,never_instantiated,0,,,,,0,0,complete_cast,,3,0,never_instantiated,0,,,,,0,0,,char_name,1,0,never_instantiated,0,,,,,0,0,cast_info,aka_name,3,0,never_instantiated,0,,,,,0,0
29b,4,0,1,0.98,title,,15,0,never_instantiated,0,,,,,0,0,role_type,,15,0,never_instantiated,0,,,,,0,0,info_type,,15,0,never_instantiated,0,,,,,0,0,person_info,,15,0,never_instantiated,0,,,,,0,0,name,,15,0,never_instantiated,0,,,,,0,0,keyword,,15,0,never_instantiated,0,,,,,0,0,movie_keyword,,15,0,never_instantiated,0,,,,,0,0,company_name,,66,0,never_instantiated,0,,,,,0,0,movie_companies,,3,0,never_instantiated,0,,,,,0,0,info_type,,3,0,never_instantiated,0,,,,,0,0,comp_cast_type,,3,0,never_instantiated,0,,,,,0,0,comp_cast_type,,3,0,never_instantiated,0,,,,,0,0,complete_cast,,3,0,never_instantiated,0,,,,,0,0,,char_name,1,0,never_instantiated,0,,,,,0,0,,aka_name,3,0,never_instantiated,0,,,,,0,0,cast_info,movie_info,1,0,never_instantiated,0,,,,,0,0
29c,4,0,1,1.13,title,,16368,0,never_instantiated,0,,,,,0,0,role_type,,16368,0,never_instantiated,0,,,,,0,0,info_type,,16368,0,never_instantiated,0,,,,,0,0,person_info,,204,0,never_instantiated,0,,,,,0,0,name,,204,0,never_instantiated,0,,,,,0,0,,keyword,1,0,never_instantiated,0,,,,,0,0,movie_keyword,,204,0,never_instantiated,0,,,,,0,0,,info_type,1,0,never_instantiated,0,,,,,0,0,movie_info,,83,0,never_instantiated,0,,,,,0,0,,company_name,26,0,never_instantiated,0,,,,,0,0,movie_companies,,13,0,never_instantiated,0,,,,,0,0,,comp_cast_type,1,0,never_instantiated,0,,,,,0,0,,comp_cast_type,1,0,never_instantiated,0,,,,,0,0,,complete_cast,5,0,never_instantiated,0,,,,,0,0,char_name,,13,0,never_instantiated,0,,,,,0,0,cast_info,aka_name,16,0,never_instantiated,0,,,,,0,0
30a,4,0,1,1.67,title,,4394,0,never_instantiated,0,,,,,0,0,name,,6488,0,never_instantiated,0,,,,,0,0,,,6488,0,never_instantiated,0,,,,,0,0,keyword,,7,0,never_instantiated,0,,,,,0,0,movie_keyword,,2537,0,never_instantiated,0,,,,,0,0,,info_type,1,0,never_instantiated,0,,,,,0,0,movie_info_idx,,2537,0,never_instantiated,0,,,,,0,0,,info_type,1,0,never_instantiated,0,,,,,0,0,,comp_cast_type,1,0,never_instantiated,0,,,,,0,0,,comp_cast_type,2,0,never_instantiated,0,,,,,0,0,,complete_cast,1582,0,never_instantiated,0,,,,,0,0,,movie_info,1526,0,never_instantiated,0,,,,,0,0,cast_info,,5,0,never_instantiated,0,,,,,0,0,,,,,,,,,,,,,,,,,,,,,,,,,,,,,,,,,,,,
30b,4,0,1,1.35,title,,28,0,never_instantiated,0,,,,,0,0,name,,28,0,never_instantiated,0,,,,,0,0,,,28,0,never_instantiated,0,,,,,0,0,keyword,,7,0,never_instantiated,0,,,,,0,0,movie_keyword,,7,0,never_instantiated,0,,,,,0,0,,info_type,1,0,never_instantiated,0,,,,,0,0,movie_info_idx,,7,0,never_instantiated,0,,,,,0,0,,info_type,1,0,never_instantiated,0,,,,,0,0,,comp_cast_type,1,0,never_instantiated,0,,,,,0,0,,comp_cast_type,1,0,never_instantiated,0,,,,,0,0,,complete_cast,2,0,never_instantiated,0,,,,,0,0,,movie_info,3,0,never_instantiated,0,,,,,0,0,cast_info,,5,0,never_instantiated,0,,,,,0,0,,,,,,,,,,,,,,,,,,,,,,,,,,,,,,,,,,,,
30c,4,0,1,1.99,title,,8024,0,never_instantiated,0,,,,,0,0,name,,11863,0,never_instantiated,0,,,,,0,0,,,11863,0,never_instantiated,0,,,,,0,0,keyword,,7,0,never_instantiated,0,,,,,0,0,movie_keyword,,4799,0,never_instantiated,0,,,,,0,0,,info_type,1,0,never_instantiated,0,,,,,0,0,movie_info_idx,,4800,0,never_instantiated,0,,,,,0,0,,info_type,1,0,never_instantiated,0,,,,,0,0,,,2767,0,never_instantiated,0,,,,,0,0,movie_info,,6,0,never_instantiated,0,,,,,0,0,,comp_cast_type,1,0,never_instantiated,0,,,,,0,0,,comp_cast_type,1,0,never_instantiated,0,,,,,0,0,,complete_cast,1967,0,never_instantiated,0,,,,,0,0,cast_info,,5,0,never_instantiated,0,,,,,0,0,,,,,,,,,,,,,,,,,,,,,,,,
31a,4,0,1,1.41,title,,1273,0,never_instantiated,0,,,,,0,0,name,,1556,0,never_instantiated,0,,,,,0,0,,,1556,0,never_instantiated,0,,,,,0,0,keyword,,7,0,never_instantiated,0,,,,,0,0,movie_keyword,,477,0,never_instantiated,0,,,,,0,0,,info_type,1,0,never_instantiated,0,,,,,0,0,movie_info_idx,,478,0,never_instantiated,0,,,,,0,0,,company_name,8,0,never_instantiated,0,,,,,0,0,movie_companies,,280,0,never_instantiated,0,,,,,0,0,,info_type,1,0,never_instantiated,0,,,,,0,0,,movie_info,181,0,never_instantiated,0,,,,,0,0,cast_info,,5,0,never_instantiated,0,,,,,0,0,,,,,,,,,,,,,,,,,,,,,,,,,,,,,,,,,,,,,,,,,,,,,,,,
31b,4,0,1,1.01,title,,84,0,never_instantiated,0,,,,,0,0,name,,84,0,never_instantiated,0,,,,,0,0,,,84,0,never_instantiated,0,,,,,0,0,keyword,,7,0,never_instantiated,0,,,,,0,0,movie_keyword,,19,0,never_instantiated,0,,,,,0,0,,info_type,1,0,never_instantiated,0,,,,,0,0,movie_info_idx,,19,0,never_instantiated,0,,,,,0,0,,company_name,3,0,never_instantiated,0,,,,,0,0,movie_companies,,15,0,never_instantiated,0,,,,,0,0,,info_type,1,0,never_instantiated,0,,,,,0,0,,movie_info,6,0,never_instantiated,0,,,,,0,0,cast_info,,5,0,never_instantiated,0,,,,,0,0,,,,,,,,,,,,,,,,,,,,,,,,,,,,,,,,,,,,,,,,,,,,,,,,
31c,4,0,1,2.03,title,,2825,0,never_instantiated,0,,,,,0,0,name,,2825,0,never_instantiated,0,,,,,0,0,,,2825,0,never_instantiated,0,,,,,0,0,keyword,,7,0,never_instantiated,0,,,,,0,0,movie_keyword,,823,0,never_instantiated,0,,,,,0,0,,info_type,1,0,never_instantiated,0,,,,,0,0,movie_info_idx,,825,0,never_instantiated,0,,,,,0,0,,info_type,1,0,never_instantiated,0,,,,,0,0,,,402,0,never_instantiated,0,,,,,0,0,movie_info,,6,0,never_instantiated,0,,,,,0,0,,company_name,8,0,never_instantiated,0,,,,,0,0,,movie_companies,245,0,never_instantiated,0,,,,,0,0,cast_info,,5,0,never_instantiated,0,,,,,0,0,,,,,,,,,,,,,,,,,,,,,,,,,,,,,,,,,,,,
32a,4,0,1,0.04,title,,0,0,never_instantiated,0,,,,,0,0,title,,0,0,never_instantiated,0,,,,,0,0,link_type,,0,0,never_instantiated,0,,,,,0,0,movie_link,,0,0,never_instantiated,0,,,,,0,0,movie_keyword,keyword,0,0,never_instantiated,0,,,,,0,0,,,,,,,,,,,,,,,,,,,,,,,,,,,,,,,,,,,,,,,,,,,,,,,,,,,,,,,,,,,,,,,,,,,,,,,,,,,,,,,,,,,,,,,,,,,,,,,,,,,,,,,,,,,,,,,,,,,,,,,,,,,,,,,,,,,,
32b,4,0,1,0.22,title,,4388,0,never_instantiated,0,,,,,0,0,title,,4388,0,never_instantiated,0,,,,,0,0,link_type,,4388,0,never_instantiated,0,,,,,0,0,movie_link,,2233,0,never_instantiated,0,,,,,0,0,movie_keyword,keyword,1,0,never_instantiated,0,,,,,0,0,,,,,,,,,,,,,,,,,,,,,,,,,,,,,,,,,,,,,,,,,,,,,,,,,,,,,,,,,,,,,,,,,,,,,,,,,,,,,,,,,,,,,,,,,,,,,,,,,,,,,,,,,,,,,,,,,,,,,,,,,,,,,,,,,,,,
33a,4,0,1,0.19,kind_type,,8,0,never_instantiated,0,,,,,0,0,title,,8,0,never_instantiated,0,,,,,0,0,kind_type,,8,0,never_instantiated,0,,,,,0,0,title,,8,0,never_instantiated,0,,,,,0,0,info_type,,8,0,never_instantiated,0,,,,,0,0,movie_info_idx,,8,0,never_instantiated,0,,,,,0,0,company_name,,29,0,never_instantiated,0,,,,,0,0,movie_companies,,11,0,never_instantiated,0,,,,,0,0,,link_type,2,0,never_instantiated,0,,,,,0,0,movie_link,,9,0,never_instantiated,0,,,,,0,0,,info_type,1,0,never_instantiated,0,,,,,0,0,,movie_info_idx,4,0,never_instantiated,0,,,,,0,0,movie_companies,company_name,9,0,never_instantiated,0,,,,,0,0,,,,,,,,,,,,,,,,,,,,,,,,,,,,,,,,,,,,
33b,4,0,1,0.19,kind_type,,4,0,never_instantiated,0,,,,,0,0,title,,4,0,never_instantiated,0,,,,,0,0,kind_type,,4,0,never_instantiated,0,,,,,0,0,title,,4,0,never_instantiated,0,,,,,0,0,info_type,,4,0,never_instantiated,0,,,,,0,0,movie_info_idx,,4,0,never_instantiated,0,,,,,0,0,company_name,,4,0,never_instantiated,0,,,,,0,0,movie_companies,,4,0,never_instantiated,0,,,,,0,0,,link_type,1,0,never_instantiated,0,,,,,0,0,movie_link,,4,0,never_instantiated,0,,,,,0,0,,info_type,1,0,never_instantiated,0,,,,,0,0,,movie_info_idx,1,0,never_instantiated,0,,,,,0,0,movie_companies,company_name,4,0,never_instantiated,0,,,,,0,0,,,,,,,,,,,,,,,,,,,,,,,,,,,,,,,,,,,,
33c,4,0,1,0.31,kind_type,,114,0,never_instantiated,0,,,,,0,0,title,,218,0,never_instantiated,0,,,,,0,0,kind_type,,218,0,never_instantiated,0,,,,,0,0,title,,218,0,never_instantiated,0,,,,,0,0,,info_type,1,0,never_instantiated,0,,,,,0,0,movie_info_idx,,237,0,never_instantiated,0,,,,,0,0,company_name,,316,0,never_instantiated,0,,,,,0,0,movie_companies,,97,0,never_instantiated,0,,,,,0,0,,link_type,2,0,never_instantiated,0,,,,,0,0,movie_link,,77,0,never_instantiated,0,,,,,0,0,,info_type,1,0,never_instantiated,0,,,,,0,0,,movie_info_idx,30,0,never_instantiated,0,,,,,0,0,movie_companies,company_name,75,0,never_instantiated,0,,,,,0,0,,,,,,,,,,,,,,,,,,,,,,,,,,,,,,,,,,,,
