query,case,seed,run_idx,runtime_seconds,Join1-probe,Join1-build,Join1-build_rows,Join1-instantiated,Join1-state,Join1-total_probes,Join1-probes_at_freeze,Join1-freeze_reason,Join1-probes_at_abandon,Join1-abandon_reason,Join1-inserts,Join1-u1,Join2-probe,Join2-build,Join2-build_rows,Join2-instantiated,Join2-state,Join2-total_probes,Join2-probes_at_freeze,Join2-freeze_reason,Join2-probes_at_abandon,Join2-abandon_reason,Join2-inserts,Join2-u1,Join3-probe,Join3-build,Join3-build_rows,Join3-instantiated,Join3-state,Join3-total_probes,Join3-probes_at_freeze,Join3-freeze_reason,Join3-probes_at_abandon,Join3-abandon_reason,Join3-inserts,Join3-u1,Join4-probe,Join4-build,Join4-build_rows,Join4-instantiated,Join4-state,Join4-total_probes,Join4-probes_at_freeze,Join4-freeze_reason,Join4-probes_at_abandon,Join4-abandon_reason,Join4-inserts,Join4-u1,Join5-probe,Join5-build,Join5-build_rows,Join5-instantiated,Join5-state,Join5-total_probes,Join5-probes_at_freeze,Join5-freeze_reason,Join5-probes_at_abandon,Join5-abandon_reason,Join5-inserts,Join5-u1,Join6-probe,Join6-build,Join6-build_rows,Join6-instantiated,Join6-state,Join6-total_probes,Join6-probes_at_freeze,Join6-freeze_reason,Join6-probes_at_abandon,Join6-abandon_reason,Join6-inserts,Join6-u1,Join7-probe,Join7-build,Join7-build_rows,Join7-instantiated,Join7-state,Join7-total_probes,Join7-probes_at_freeze,Join7-freeze_reason,Join7-probes_at_abandon,Join7-abandon_reason,Join7-inserts,Join7-u1,Join8-probe,Join8-build,Join8-build_rows,Join8-instantiated,Join8-state,Join8-total_probes,Join8-probes_at_freeze,Join8-freeze_reason,Join8-probes_at_abandon,Join8-abandon_reason,Join8-inserts,Join8-u1,Join9-probe,Join9-build,Join9-build_rows,Join9-instantiated,Join9-state,Join9-total_probes,Join9-probes_at_freeze,Join9-freeze_reason,Join9-probes_at_abandon,Join9-abandon_reason,Join9-inserts,Join9-u1,Join10-probe,Join10-build,Join10-build_rows,Join10-instantiated,Join10-state,Join10-total_probes,Join10-probes_at_freeze,Join10-freeze_reason,Join10-probes_at_abandon,Join10-abandon_reason,Join10-inserts,Join10-u1,Join11-probe,Join11-build,Join11-build_rows,Join11-instantiated,Join11-state,Join11-total_probes,Join11-probes_at_freeze,Join11-freeze_reason,Join11-probes_at_abandon,Join11-abandon_reason,Join11-inserts,Join11-u1,Join12-probe,Join12-build,Join12-build_rows,Join12-instantiated,Join12-state,Join12-total_probes,Join12-probes_at_freeze,Join12-freeze_reason,Join12-probes_at_abandon,Join12-abandon_reason,Join12-inserts,Join12-u1,Join13-probe,Join13-build,Join13-build_rows,Join13-instantiated,Join13-state,Join13-total_probes,Join13-probes_at_freeze,Join13-freeze_reason,Join13-probes_at_abandon,Join13-abandon_reason,Join13-inserts,Join13-u1,Join14-probe,Join14-build,Join14-build_rows,Join14-instantiated,Join14-state,Join14-total_probes,Join14-probes_at_freeze,Join14-freeze_reason,Join14-probes_at_abandon,Join14-abandon_reason,Join14-inserts,Join14-u1,Join15-probe,Join15-build,Join15-build_rows,Join15-instantiated,Join15-state,Join15-total_probes,Join15-probes_at_freeze,Join15-freeze_reason,Join15-probes_at_abandon,Join15-abandon_reason,Join15-inserts,Join15-u1,Join16-probe,Join16-build,Join16-build_rows,Join16-instantiated,Join16-state,Join16-total_probes,Join16-probes_at_freeze,Join16-freeze_reason,Join16-probes_at_abandon,Join16-abandon_reason,Join16-inserts,Join16-u1
1a,1,0,1,0.07,title,,142,0,never_instantiated,0,,,,,0,0,,company_type,1,0,never_instantiated,0,,,,,0,0,movie_companies,,250,0,never_instantiated,0,,,,,0,0,movie_info_idx,info_type,1,0,never_instantiated,0,,,,,0,0,,,,,,,,,,,,,,,,,,,,,,,,,,,,,,,,,,,,,,,,,,,,,,,,,,,,,,,,,,,,,,,,,,,,,,,,,,,,,,,,,,,,,,,,,,,,,,,,,,,,,,,,,,,,,,,,,,,,,,,,,,,,,,,,,,,,,,,,,,,,,,,,
1b,1,0,1,0.06,,company_type,1,0,never_instantiated,0,,,,,0,0,movie_companies,,4,0,never_instantiated,0,,,,,0,0,title,,10,0,never_instantiated,0,,,,,0,0,movie_info_idx,info_type,1,0,never_instantiated,0,,,,,0,0,,,,,,,,,,,,,,,,,,,,,,,,,,,,,,,,,,,,,,,,,,,,,,,,,,,,,,,,,,,,,,,,,,,,,,,,,,,,,,,,,,,,,,,,,,,,,,,,,,,,,,,,,,,,,,,,,,,,,,,,,,,,,,,,,,,,,,,,,,,,,,,,
1c,1,0,1,0.06,,company_type,1,0,never_instantiated,0,,,,,0,0,movie_companies,,12,0,never_instantiated,0,,,,,0,0,title,,250,0,never_instantiated,0,,,,,0,0,movie_info_idx,info_type,1,0,never_instantiated,0,,,,,0,0,,,,,,,,,,,,,,,,,,,,,,,,,,,,,,,,,,,,,,,,,,,,,,,,,,,,,,,,,,,,,,,,,,,,,,,,,,,,,,,,,,,,,,,,,,,,,,,,,,,,,,,,,,,,,,,,,,,,,,,,,,,,,,,,,,,,,,,,,,,,,,,,
1d,1,0,1,0.06,,company_type,1,0,never_instantiated,0,,,,,0,0,movie_companies,,6,0,never_instantiated,0,,,,,0,0,title,,10,0,never_instantiated,0,,,,,0,0,movie_info_idx,info_type,1,0,never_instantiated,0,,,,,0,0,,,,,,,,,,,,,,,,,,,,,,,,,,,,,,,,,,,,,,,,,,,,,,,,,,,,,,,,,,,,,,,,,,,,,,,,,,,,,,,,,,,,,,,,,,,,,,,,,,,,,,,,,,,,,,,,,,,,,,,,,,,,,,,,,,,,,,,,,,,,,,,,
2a,1,0,1,0.14,title,,7834,0,never_instantiated,0,,,,,0,0,company_name,,148552,0,never_instantiated,0,,,,,0,0,movie_companies,,41838,0,never_instantiated,0,,,,,0,0,movie_keyword,keyword,1,0,never_instantiated,0,,,,,0,0,,,,,,,,,,,,,,,,,,,,,,,,,,,,,,,,,,,,,,,,,,,,,,,,,,,,,,,,,,,,,,,,,,,,,,,,,,,,,,,,,,,,,,,,,,,,,,,,,,,,,,,,,,,,,,,,,,,,,,,,,,,,,,,,,,,,,,,,,,,,,,,,
2b,1,0,1,0.13,title,,5228,0,never_instantiated,0,,,,,0,0,company_name,,148552,0,never_instantiated,0,,,,,0,0,movie_companies,,41838,0,never_instantiated,0,,,,,0,0,movie_keyword,keyword,1,0,never_instantiated,0,,,,,0,0,,,,,,,,,,,,,,,,,,,,,,,,,,,,,,,,,,,,,,,,,,,,,,,,,,,,,,,,,,,,,,,,,,,,,,,,,,,,,,,,,,,,,,,,,,,,,,,,,,,,,,,,,,,,,,,,,,,,,,,,,,,,,,,,,,,,,,,,,,,,,,,,
2c,1,0,1,0.10,title,,0,0,never_instantiated,0,,,,,0,0,company_name,,148552,0,never_instantiated,0,,,,,0,0,movie_companies,,41838,0,never_instantiated,0,,,,,0,0,movie_keyword,keyword,1,0,never_instantiated,0,,,,,0,0,,,,,,,,,,,,,,,,,,,,,,,,,,,,,,,,,,,,,,,,,,,,,,,,,,,,,,,,,,,,,,,,,,,,,,,,,,,,,,,,,,,,,,,,,,,,,,,,,,,,,,,,,,,,,,,,,,,,,,,,,,,,,,,,,,,,,,,,,,,,,,,,
2d,1,0,1,0.15,title,,68316,0,never_instantiated,0,,,,,0,0,company_name,,148552,0,never_instantiated,0,,,,,0,0,movie_companies,,41838,0,never_instantiated,0,,,,,0,0,movie_keyword,keyword,1,0,never_instantiated,0,,,,,0,0,,,,,,,,,,,,,,,,,,,,,,,,,,,,,,,,,,,,,,,,,,,,,,,,,,,,,,,,,,,,,,,,,,,,,,,,,,,,,,,,,,,,,,,,,,,,,,,,,,,,,,,,,,,,,,,,,,,,,,,,,,,,,,,,,,,,,,,,,,,,,,,,
3a,1,0,1,0.39,,,2235,0,never_instantiated,0,,,,,0,0,movie_info,,8,0,never_instantiated,0,,,,,0,0,,title,1012683,0,never_instantiated,0,,,,,0,0,movie_keyword,keyword,30,0,never_instantiated,0,,,,,0,0,,,,,,,,,,,,,,,,,,,,,,,,,,,,,,,,,,,,,,,,,,,,,,,,,,,,,,,,,,,,,,,,,,,,,,,,,,,,,,,,,,,,,,,,,,,,,,,,,,,,,,,,,,,,,,,,,,,,,,,,,,,,,,,,,,,,,,,,,,,,,,,,
3b,1,0,1,0.26,keyword,,920,0,never_instantiated,0,,,,,0,0,movie_keyword,,227,0,never_instantiated,0,,,,,0,0,title,movie_info,2287,0,never_instantiated,0,,,,,0,0,,,,,,,,,,,,,,,,,,,,,,,,,,,,,,,,,,,,,,,,,,,,,,,,,,,,,,,,,,,,,,,,,,,,,,,,,,,,,,,,,,,,,,,,,,,,,,,,,,,,,,,,,,,,,,,,,,,,,,,,,,,,,,,,,,,,,,,,,,,,,,,,,,,,,,,,,,,,
3c,1,0,1,0.43,,,7874,0,never_instantiated,0,,,,,0,0,movie_info,,10,0,never_instantiated,0,,,,,0,0,,title,1748483,0,never_instantiated,0,,,,,0,0,movie_keyword,keyword,30,0,never_instantiated,0,,,,,0,0,,,,,,,,,,,,,,,,,,,,,,,,,,,,,,,,,,,,,,,,,,,,,,,,,,,,,,,,,,,,,,,,,,,,,,,,,,,,,,,,,,,,,,,,,,,,,,,,,,,,,,,,,,,,,,,,,,,,,,,,,,,,,,,,,,,,,,,,,,,,,,,,
4a,1,0,1,0.20,keyword,,697651,0,never_instantiated,0,,,,,0,0,movie_keyword,,106021,0,never_instantiated,0,,,,,0,0,title,,352990,0,never_instantiated,0,,,,,0,0,movie_info_idx,info_type,1,0,never_instantiated,0,,,,,0,0,,,,,,,,,,,,,,,,,,,,,,,,,,,,,,,,,,,,,,,,,,,,,,,,,,,,,,,,,,,,,,,,,,,,,,,,,,,,,,,,,,,,,,,,,,,,,,,,,,,,,,,,,,,,,,,,,,,,,,,,,,,,,,,,,,,,,,,,,,,,,,,,
4b,1,0,1,0.09,keyword,,1070,0,never_instantiated,0,,,,,0,0,movie_keyword,,72,0,never_instantiated,0,,,,,0,0,title,,305,0,never_instantiated,0,,,,,0,0,movie_info_idx,info_type,1,0,never_instantiated,0,,,,,0,0,,,,,,,,,,,,,,,,,,,,,,,,,,,,,,,,,,,,,,,,,,,,,,,,,,,,,,,,,,,,,,,,,,,,,,,,,,,,,,,,,,,,,,,,,,,,,,,,,,,,,,,,,,,,,,,,,,,,,,,,,,,,,,,,,,,,,,,,,,,,,,,,
4c,1,0,1,0.26,,,,,,,,,,,,,,,,,,,,,,,,,,,,,,,,,,,,,,,,,,,,,,,,,,,,,,,,,,,,,,,,,,,,,,,,,,,,,,,,,,,,,,,,,,,,,,,,,,,,,,,,,,,,,,,,,,,,,,,,,,,,,,,,,,,,,,,,,,,,,,,,,,,,,,,,,,,,,,,,,,,,,,,,,,,,,,,,,,,,,,,,,,,,,,,,
5a,1,0,1,0.10,,info_type,110,0,never_instantiated,0,,,,,0,0,,,0,0,never_instantiated,0,,,,,0,0,movie_info,,8,0,never_instantiated,0,,,,,0,0,,company_type,1,0,never_instantiated,0,,,,,0,0,title,movie_companies,24025,0,never_instantiated,0,,,,,0,0,,,,,,,,,,,,,,,,,,,,,,,,,,,,,,,,,,,,,,,,,,,,,,,,,,,,,,,,,,,,,,,,,,,,,,,,,,,,,,,,,,,,,,,,,,,,,,,,,,,,,,,,,,,,,,,,,,,,,,,,,,,,,,,,,,,,
5b,1,0,1,0.29,,info_type,110,0,never_instantiated,0,,,,,0,0,movie_info,,0,0,never_instantiated,0,,,,,0,0,,company_type,1,0,never_instantiated,0,,,,,0,0,title,movie_companies,1418,0,never_instantiated,0,,,,,0,0,,,,,,,,,,,,,,,,,,,,,,,,,,,,,,,,,,,,,,,,,,,,,,,,,,,,,,,,,,,,,,,,,,,,,,,,,,,,,,,,,,,,,,,,,,,,,,,,,,,,,,,,,,,,,,,,,,,,,,,,,,,,,,,,,,,,,,,,,,,,,,,,
5c,1,0,1,0.41,,info_type,110,0,never_instantiated,0,,,,,0,0,,,767,0,never_instantiated,0,,,,,0,0,movie_info,,10,0,never_instantiated,0,,,,,0,0,,company_type,1,0,never_instantiated,0,,,,,0,0,title,movie_companies,295628,0,never_instantiated,0,,,,,0,0,,,,,,,,,,,,,,,,,,,,,,,,,,,,,,,,,,,,,,,,,,,,,,,,,,,,,,,,,,,,,,,,,,,,,,,,,,,,,,,,,,,,,,,,,,,,,,,,,,,,,,,,,,,,,,,,,,,,,,,,,,,,,,,,,,,,
6a,1,0,1,0.26,name,,1224,0,never_instantiated,0,,,,,0,0,cast_info,,11,0,never_instantiated,0,,,,,0,0,title,,14,0,never_instantiated,0,,,,,0,0,movie_keyword,keyword,1,0,never_instantiated,0,,,,,0,0,,,,,,,,,,,,,,,,,,,,,,,,,,,,,,,,,,,,,,,,,,,,,,,,,,,,,,,,,,,,,,,,,,,,,,,,,,,,,,,,,,,,,,,,,,,,,,,,,,,,,,,,,,,,,,,,,,,,,,,,,,,,,,,,,,,,,,,,,,,,,,,,
6b,1,0,1,0.13,,name,2,0,never_instantiated,0,,,,,0,0,cast_info,,36,0,never_instantiated,0,,,,,0,0,,title,438,0,never_instantiated,0,,,,,0,0,movie_keyword,,8,0,never_instantiated,0,,,,,0,0,keyword,,8,0,never_instantiated,0,,,,,0,0,,,,,,,,,,,,,,,,,,,,,,,,,,,,,,,,,,,,,,,,,,,,,,,,,,,,,,,,,,,,,,,,,,,,,,,,,,,,,,,,,,,,,,,,,,,,,,,,,,,,,,,,,,,,,,,,,,,,,,,,,,,,,,,,,,,,
6c,1,0,1,0.20,name,,33,0,never_instantiated,0,,,,,0,0,cast_info,,2,0,never_instantiated,0,,,,,0,0,title,,14,0,never_instantiated,0,,,,,0,0,movie_keyword,keyword,1,0,never_instantiated,0,,,,,0,0,,,,,,,,,,,,,,,,,,,,,,,,,,,,,,,,,,,,,,,,,,,,,,,,,,,,,,,,,,,,,,,,,,,,,,,,,,,,,,,,,,,,,,,,,,,,,,,,,,,,,,,,,,,,,,,,,,,,,,,,,,,,,,,,,,,,,,,,,,,,,,,,
6d,1,0,1,0.20,,name,2,0,never_instantiated,0,,,,,0,0,cast_info,,14165,0,never_instantiated,0,,,,,0,0,,title,1381132,0,never_instantiated,0,,,,,0,0,movie_keyword,,8,0,never_instantiated,0,,,,,0,0,keyword,,8,0,never_instantiated,0,,,,,0,0,,,,,,,,,,,,,,,,,,,,,,,,,,,,,,,,,,,,,,,,,,,,,,,,,,,,,,,,,,,,,,,,,,,,,,,,,,,,,,,,,,,,,,,,,,,,,,,,,,,,,,,,,,,,,,,,,,,,,,,,,,,,,,,,,,,,
6e,1,0,1,0.26,name,,1224,0,never_instantiated,0,,,,,0,0,cast_info,,11,0,never_instantiated,0,,,,,0,0,title,,14,0,never_instantiated,0,,,,,0,0,movie_keyword,keyword,1,0,never_instantiated,0,,,,,0,0,,,,,,,,,,,,,,,,,,,,,,,,,,,,,,,,,,,,,,,,,,,,,,,,,,,,,,,,,,,,,,,,,,,,,,,,,,,,,,,,,,,,,,,,,,,,,,,,,,,,,,,,,,,,,,,,,,,,,,,,,,,,,,,,,,,,,,,,,,,,,,,,
6f,1,0,1,0.64,,name,4061926,0,never_instantiated,0,,,,,0,0,cast_info,,14165,0,never_instantiated,0,,,,,0,0,,title,1381132,0,never_instantiated,0,,,,,0,0,movie_keyword,,8,0,never_instantiated,0,,,,,0,0,keyword,,8,0,never_instantiated,0,,,,,0,0,,,,,,,,,,,,,,,,,,,,,,,,,,,,,,,,,,,,,,,,,,,,,,,,,,,,,,,,,,,,,,,,,,,,,,,,,,,,,,,,,,,,,,,,,,,,,,,,,,,,,,,,,,,,,,,,,,,,,,,,,,,,,,,,,,,,
7a,1,0,1,0.18,title,,151,0,never_instantiated,0,,,,,0,0,link_type,,510,0,never_instantiated,0,,,,,0,0,movie_link,,3354,0,never_instantiated,0,,,,,0,0,cast_info,,20,0,never_instantiated,0,,,,,0,0,aka_name,,17,0,never_instantiated,0,,,,,0,0,name,,62,0,never_instantiated,0,,,,,0,0,person_info,info_type,1,0,never_instantiated,0,,,,,0,0,,,,,,,,,,,,,,,,,,,,,,,,,,,,,,,,,,,,,,,,,,,,,,,,,,,,,,,,,,,,,,,,,,,,,,,,,,,,,,,,,,,,,,,,,,,,,,,,,,,,,,,,,,,,
7b,1,0,1,0.10,title,,46,0,never_instantiated,0,,,,,0,0,link_type,,176,0,never_instantiated,0,,,,,0,0,movie_link,,353,0,never_instantiated,0,,,,,0,0,cast_info,,3,0,never_instantiated,0,,,,,0,0,name,,96,0,never_instantiated,0,,,,,0,0,aka_name,,62,0,never_instantiated,0,,,,,0,0,person_info,info_type,1,0,never_instantiated,0,,,,,0,0,,,,,,,,,,,,,,,,,,,,,,,,,,,,,,,,,,,,,,,,,,,,,,,,,,,,,,,,,,,,,,,,,,,,,,,,,,,,,,,,,,,,,,,,,,,,,,,,,,,,,,,,,,,,
7c,1,0,1,1.25,title,,109842,0,never_instantiated,0,,,,,0,0,,link_type,4,0,never_instantiated,0,,,,,0,0,movie_link,,1618081,0,never_instantiated,0,,,,,0,0,cast_info,,12595,0,never_instantiated,0,,,,,0,0,,info_type,1,0,never_instantiated,0,,,,,0,0,person_info,,87695,0,never_instantiated,0,,,,,0,0,name,aka_name,588268,0,never_instantiated,0,,,,,0,0,,,,,,,,,,,,,,,,,,,,,,,,,,,,,,,,,,,,,,,,,,,,,,,,,,,,,,,,,,,,,,,,,,,,,,,,,,,,,,,,,,,,,,,,,,,,,,,,,,,,,,,,,,,,
8a,1,0,1,0.18,title,,62,0,never_instantiated,0,,,,,0,0,aka_name,,38,0,never_instantiated,0,,,,,0,0,company_name,,39,0,never_instantiated,0,,,,,0,0,movie_companies,,394,0,never_instantiated,0,,,,,0,0,name,,34848,0,never_instantiated,0,,,,,0,0,cast_info,role_type,1,0,never_instantiated,0,,,,,0,0,,,,,,,,,,,,,,,,,,,,,,,,,,,,,,,,,,,,,,,,,,,,,,,,,,,,,,,,,,,,,,,,,,,,,,,,,,,,,,,,,,,,,,,,,,,,,,,,,,,,,,,,,,,,,,,,,,,,,,,,
8b,1,0,1,0.16,title,,25,0,never_instantiated,0,,,,,0,0,aka_name,,16,0,never_instantiated,0,,,,,0,0,company_name,,16,0,never_instantiated,0,,,,,0,0,movie_companies,,394,0,never_instantiated,0,,,,,0,0,name,,34848,0,never_instantiated,0,,,,,0,0,cast_info,role_type,1,0,never_instantiated,0,,,,,0,0,,,,,,,,,,,,,,,,,,,,,,,,,,,,,,,,,,,,,,,,,,,,,,,,,,,,,,,,,,,,,,,,,,,,,,,,,,,,,,,,,,,,,,,,,,,,,,,,,,,,,,,,,,,,,,,,,,,,,,,,
8c,1,0,1,0.45,title,,2487611,0,never_instantiated,0,,,,,0,0,name,,2487611,0,never_instantiated,0,,,,,0,0,aka_name,,1970658,0,never_instantiated,0,,,,,0,0,,role_type,1,0,never_instantiated,0,,,,,0,0,cast_info,,1153798,0,never_instantiated,0,,,,,0,0,movie_companies,company_name,84843,0,never_instantiated,0,,,,,0,0,,,,,,,,,,,,,,,,,,,,,,,,,,,,,,,,,,,,,,,,,,,,,,,,,,,,,,,,,,,,,,,,,,,,,,,,,,,,,,,,,,,,,,,,,,,,,,,,,,,,,,,,,,,,,,,,,,,,,,,,
8d,1,0,1,0.25,title,,323005,0,never_instantiated,0,,,,,0,0,name,,323005,0,never_instantiated,0,,,,,0,0,aka_name,,285538,0,never_instantiated,0,,,,,0,0,,role_type,1,0,never_instantiated,0,,,,,0,0,cast_info,,1153798,0,never_instantiated,0,,,,,0,0,movie_companies,company_name,84843,0,never_instantiated,0,,,,,0,0,,,,,,,,,,,,,,,,,,,,,,,,,,,,,,,,,,,,,,,,,,,,,,,,,,,,,,,,,,,,,,,,,,,,,,,,,,,,,,,,,,,,,,,,,,,,,,,,,,,,,,,,,,,,,,,,,,,,,,,,
9a,1,0,1,0.31,char_name,,121,0,never_instantiated,0,,,,,0,0,name,,69895,0,never_instantiated,0,,,,,0,0,aka_name,,30619,0,never_instantiated,0,,,,,0,0,,role_type,1,0,never_instantiated,0,,,,,0,0,cast_info,,144120,0,never_instantiated,0,,,,,0,0,title,,542096,0,never_instantiated,0,,,,,0,0,movie_companies,company_name,84843,0,never_instantiated,0,,,,,0,0,,,,,,,,,,,,,,,,,,,,,,,,,,,,,,,,,,,,,,,,,,,,,,,,,,,,,,,,,,,,,,,,,,,,,,,,,,,,,,,,,,,,,,,,,,,,,,,,,,,,,,,,,,,,
9b,1,0,1,0.23,char_name,,40,0,never_instantiated,0,,,,,0,0,name,,20424,0,never_instantiated,0,,,,,0,0,title,,60283,0,never_instantiated,0,,,,,0,0,aka_name,,26447,0,never_instantiated,0,,,,,0,0,company_name,,29100,0,never_instantiated,0,,,,,0,0,movie_companies,,222685,0,never_instantiated,0,,,,,0,0,cast_info,role_type,1,0,never_instantiated,0,,,,,0,0,,,,,,,,,,,,,,,,,,,,,,,,,,,,,,,,,,,,,,,,,,,,,,,,,,,,,,,,,,,,,,,,,,,,,,,,,,,,,,,,,,,,,,,,,,,,,,,,,,,,,,,,,,,,
9c,1,0,1,0.31,title,,8144,0,never_instantiated,0,,,,,0,0,char_name,,8144,0,never_instantiated,0,,,,,0,0,name,,505250,0,never_instantiated,0,,,,,0,0,aka_name,,189554,0,never_instantiated,0,,,,,0,0,,role_type,1,0,never_instantiated,0,,,,,0,0,cast_info,,1153798,0,never_instantiated,0,,,,,0,0,movie_companies,company_name,84843,0,never_instantiated,0,,,,,0,0,,,,,,,,,,,,,,,,,,,,,,,,,,,,,,,,,,,,,,,,,,,,,,,,,,,,,,,,,,,,,,,,,,,,,,,,,,,,,,,,,,,,,,,,,,,,,,,,,,,,,,,,,,,,
9d,1,0,1,0.38,title,,483082,0,never_instantiated,0,,,,,0,0,char_name,,483082,0,never_instantiated,0,,,,,0,0,name,,505250,0,never_instantiated,0,,,,,0,0,aka_name,,189554,0,never_instantiated,0,,,,,0,0,,role_type,1,0,never_instantiated,0,,,,,0,0,cast_info,,1153798,0,never_instantiated,0,,,,,0,0,movie_companies,company_name,84843,0,never_instantiated,0,,,,,0,0,,,,,,,,,,,,,,,,,,,,,,,,,,,,,,,,,,,,,,,,,,,,,,,,,,,,,,,,,,,,,,,,,,,,,,,,,,,,,,,,,,,,,,,,,,,,,,,,,,,,,,,,,,,,
10a,1,0,1,0.20,char_name,,104,0,never_instantiated,0,,,,,0,0,,company_type,2,0,never_instantiated,0,,,,,0,0,,role_type,1,0,never_instantiated,0,,,,,0,0,cast_info,,4539,0,never_instantiated,0,,,,,0,0,title,,8790,0,never_instantiated,0,,,,,0,0,movie_companies,company_name,1361,0,never_instantiated,0,,,,,0,0,,,,,,,,,,,,,,,,,,,,,,,,,,,,,,,,,,,,,,,,,,,,,,,,,,,,,,,,,,,,,,,,,,,,,,,,,,,,,,,,,,,,,,,,,,,,,,,,,,,,,,,,,,,,,,,,,,,,,,,,
10b,1,0,1,0.15,char_name,,0,0,never_instantiated,0,,,,,0,0,,company_type,2,0,never_instantiated,0,,,,,0,0,,role_type,1,0,never_instantiated,0,,,,,0,0,cast_info,,1259,0,never_instantiated,0,,,,,0,0,title,,8790,0,never_instantiated,0,,,,,0,0,movie_companies,company_name,1361,0,never_instantiated,0,,,,,0,0,,,,,,,,,,,,,,,,,,,,,,,,,,,,,,,,,,,,,,,,,,,,,,,,,,,,,,,,,,,,,,,,,,,,,,,,,,,,,,,,,,,,,,,,,,,,,,,,,,,,,,,,,,,,,,,,,,,,,,,,
10c,1,0,1,0.43,char_name,,10,0,never_instantiated,0,,,,,0,0,,role_type,11,0,never_instantiated,0,,,,,0,0,cast_info,,596250,0,never_instantiated,0,,,,,0,0,,company_type,2,0,never_instantiated,0,,,,,0,0,title,,1153798,0,never_instantiated,0,,,,,0,0,movie_companies,company_name,84843,0,never_instantiated,0,,,,,0,0,,,,,,,,,,,,,,,,,,,,,,,,,,,,,,,,,,,,,,,,,,,,,,,,,,,,,,,,,,,,,,,,,,,,,,,,,,,,,,,,,,,,,,,,,,,,,,,,,,,,,,,,,,,,,,,,,,,,,,,,
11a,1,0,1,0.08,title,,402,0,never_instantiated,0,,,,,0,0,company_type,,422,0,never_instantiated,0,,,,,0,0,company_name,,1021,0,never_instantiated,0,,,,,0,0,movie_companies,,199,0,never_instantiated,0,,,,,0,0,link_type,,251,0,never_instantiated,0,,,,,0,0,movie_link,,46,0,never_instantiated,0,,,,,0,0,movie_keyword,keyword,1,0,never_instantiated,0,,,,,0,0,,,,,,,,,,,,,,,,,,,,,,,,,,,,,,,,,,,,,,,,,,,,,,,,,,,,,,,,,,,,,,,,,,,,,,,,,,,,,,,,,,,,,,,,,,,,,,,,,,,,,,,,,,,,
11b,1,0,1,0.08,company_type,,14,0,never_instantiated,0,,,,,0,0,company_name,,21,0,never_instantiated,0,,,,,0,0,movie_companies,,7,0,never_instantiated,0,,,,,0,0,link_type,,19,0,never_instantiated,0,,,,,0,0,movie_link,,1,0,never_instantiated,0,,,,,0,0,title,,46,0,never_instantiated,0,,,,,0,0,movie_keyword,keyword,1,0,never_instantiated,0,,,,,0,0,,,,,,,,,,,,,,,,,,,,,,,,,,,,,,,,,,,,,,,,,,,,,,,,,,,,,,,,,,,,,,,,,,,,,,,,,,,,,,,,,,,,,,,,,,,,,,,,,,,,,,,,,,,,
11c,1,0,1,0.28,,link_type,17,0,never_instantiated,0,,,,,0,0,keyword,,780776,0,never_instantiated,0,,,,,0,0,movie_keyword,,8393,0,never_instantiated,0,,,,,0,0,,company_type,1,0,never_instantiated,0,,,,,0,0,company_name,,104935,0,never_instantiated,0,,,,,0,0,movie_companies,,29726,0,never_instantiated,0,,,,,0,0,title,movie_link,29997,0,never_instantiated,0,,,,,0,0,,,,,,,,,,,,,,,,,,,,,,,,,,,,,,,,,,,,,,,,,,,,,,,,,,,,,,,,,,,,,,,,,,,,,,,,,,,,,,,,,,,,,,,,,,,,,,,,,,,,,,,,,,,,
11d,1,0,1,0.73,,link_type,17,0,never_instantiated,0,,,,,0,0,keyword,,3200479,0,never_instantiated,0,,,,,0,0,movie_keyword,,95870,0,never_instantiated,0,,,,,0,0,,company_type,1,0,never_instantiated,0,,,,,0,0,company_name,,104935,0,never_instantiated,0,,,,,0,0,movie_companies,,29726,0,never_instantiated,0,,,,,0,0,title,movie_link,29997,0,never_instantiated,0,,,,,0,0,,,,,,,,,,,,,,,,,,,,,,,,,,,,,,,,,,,,,,,,,,,,,,,,,,,,,,,,,,,,,,,,,,,,,,,,,,,,,,,,,,,,,,,,,,,,,,,,,,,,,,,,,,,,
12a,1,0,1,0.11,,info_type,1,0,never_instantiated,0,,,,,0,0,movie_info,,5674,0,never_instantiated,0,,,,,0,0,,company_type,1,0,never_instantiated,0,,,,,0,0,,company_name,84843,0,never_instantiated,0,,,,,0,0,movie_companies,,4047,0,never_instantiated,0,,,,,0,0,title,,15849,0,never_instantiated,0,,,,,0,0,movie_info_idx,info_type,1,0,never_instantiated,0,,,,,0,0,,,,,,,,,,,,,,,,,,,,,,,,,,,,,,,,,,,,,,,,,,,,,,,,,,,,,,,,,,,,,,,,,,,,,,,,,,,,,,,,,,,,,,,,,,,,,,,,,,,,,,,,,,,,
12b,1,0,1,0.14,,info_type,1,0,never_instantiated,0,,,,,0,0,movie_info,,10,0,never_instantiated,0,,,,,0,0,,info_type,1,0,never_instantiated,0,,,,,0,0,movie_info_idx,,2127,0,never_instantiated,0,,,,,0,0,,company_type,2,0,never_instantiated,0,,,,,0,0,title,,1153798,0,never_instantiated,0,,,,,0,0,movie_companies,company_name,84843,0,never_instantiated,0,,,,,0,0,,,,,,,,,,,,,,,,,,,,,,,,,,,,,,,,,,,,,,,,,,,,,,,,,,,,,,,,,,,,,,,,,,,,,,,,,,,,,,,,,,,,,,,,,,,,,,,,,,,,,,,,,,,,
12c,1,0,1,0.14,,info_type,1,0,never_instantiated,0,,,,,0,0,movie_info,,42332,0,never_instantiated,0,,,,,0,0,,company_type,1,0,never_instantiated,0,,,,,0,0,,company_name,84843,0,never_instantiated,0,,,,,0,0,movie_companies,,52303,0,never_instantiated,0,,,,,0,0,title,,121571,0,never_instantiated,0,,,,,0,0,movie_info_idx,info_type,1,0,never_instantiated,0,,,,,0,0,,,,,,,,,,,,,,,,,,,,,,,,,,,,,,,,,,,,,,,,,,,,,,,,,,,,,,,,,,,,,,,,,,,,,,,,,,,,,,,,,,,,,,,,,,,,,,,,,,,,,,,,,,,,
13a,1,0,1,0.12,,info_type,1,0,never_instantiated,0,,,,,0,0,movie_info,,16470,0,never_instantiated,0,,,,,0,0,,kind_type,1,0,never_instantiated,0,,,,,0,0,title,,31510,0,never_instantiated,0,,,,,0,0,,info_type,1,0,never_instantiated,0,,,,,0,0,movie_info_idx,,71294,0,never_instantiated,0,,,,,0,0,,company_type,1,0,never_instantiated,0,,,,,0,0,movie_companies,company_name,9775,0,never_instantiated,0,,,,,0,0,,,,,,,,,,,,,,,,,,,,,,,,,,,,,,,,,,,,,,,,,,,,,,,,,,,,,,,,,,,,,,,,,,,,,,,,,,,,,,,,,,,,,,,,,,,,,,,,
13b,1,0,1,0.16,,info_type,1,0,never_instantiated,0,,,,,0,0,movie_info,,61,0,never_instantiated,0,,,,,0,0,,info_type,1,0,never_instantiated,0,,,,,0,0,movie_info_idx,,203,0,never_instantiated,0,,,,,0,0,,company_type,1,0,never_instantiated,0,,,,,0,0,,kind_type,1,0,never_instantiated,0,,,,,0,0,title,,1153798,0,never_instantiated,0,,,,,0,0,movie_companies,company_name,84843,0,never_instantiated,0,,,,,0,0,,,,,,,,,,,,,,,,,,,,,,,,,,,,,,,,,,,,,,,,,,,,,,,,,,,,,,,,,,,,,,,,,,,,,,,,,,,,,,,,,,,,,,,,,,,,,,,,
13c,1,0,1,0.15,,info_type,1,0,never_instantiated,0,,,,,0,0,movie_info,,14,0,never_instantiated,0,,,,,0,0,,info_type,1,0,never_instantiated,0,,,,,0,0,movie_info_idx,,36,0,never_instantiated,0,,,,,0,0,,company_type,1,0,never_instantiated,0,,,,,0,0,,kind_type,1,0,never_instantiated,0,,,,,0,0,title,,1153798,0,never_instantiated,0,,,,,0,0,movie_companies,company_name,84843,0,never_instantiated,0,,,,,0,0,,,,,,,,,,,,,,,,,,,,,,,,,,,,,,,,,,,,,,,,,,,,,,,,,,,,,,,,,,,,,,,,,,,,,,,,,,,,,,,,,,,,,,,,,,,,,,,,
13d,1,0,1,0.19,,info_type,1,0,never_instantiated,0,,,,,0,0,movie_info,,87293,0,never_instantiated,0,,,,,0,0,,kind_type,1,0,never_instantiated,0,,,,,0,0,title,,248554,0,never_instantiated,0,,,,,0,0,,info_type,1,0,never_instantiated,0,,,,,0,0,movie_info_idx,,552328,0,never_instantiated,0,,,,,0,0,,company_type,1,0,never_instantiated,0,,,,,0,0,movie_companies,company_name,84843,0,never_instantiated,0,,,,,0,0,,,,,,,,,,,,,,,,,,,,,,,,,,,,,,,,,,,,,,,,,,,,,,,,,,,,,,,,,,,,,,,,,,,,,,,,,,,,,,,,,,,,,,,,,,,,,,,,
14a,1,0,1,0.16,keyword,,75669,0,never_instantiated,0,,,,,0,0,movie_keyword,,8746,0,never_instantiated,0,,,,,0,0,,info_type,1,0,never_instantiated,0,,,,,0,0,,,17272,0,never_instantiated,0,,,,,0,0,movie_info,,10,0,never_instantiated,0,,,,,0,0,,kind_type,1,0,never_instantiated,0,,,,,0,0,title,,454230,0,never_instantiated,0,,,,,0,0,movie_info_idx,info_type,1,0,never_instantiated,0,,,,,0,0,,,,,,,,,,,,,,,,,,,,,,,,,,,,,,,,,,,,,,,,,,,,,,,,,,,,,,,,,,,,,,,,,,,,,,,,,,,,,,,,,,,,,,,,,,,,,,,,
14b,1,0,1,0.10,keyword,,4,0,never_instantiated,0,,,,,0,0,movie_keyword,,2,0,never_instantiated,0,,,,,0,0,,info_type,1,0,never_instantiated,0,,,,,0,0,,,4,0,never_instantiated,0,,,,,0,0,movie_info,,10,0,never_instantiated,0,,,,,0,0,,kind_type,1,0,never_instantiated,0,,,,,0,0,title,,259848,0,never_instantiated,0,,,,,0,0,movie_info_idx,info_type,1,0,never_instantiated,0,,,,,0,0,,,,,,,,,,,,,,,,,,,,,,,,,,,,,,,,,,,,,,,,,,,,,,,,,,,,,,,,,,,,,,,,,,,,,,,,,,,,,,,,,,,,,,,,,,,,,,,,
14c,1,0,1,0.23,keyword,,460150,0,never_instantiated,0,,,,,0,0,movie_keyword,,44414,0,never_instantiated,0,,,,,0,0,,info_type,1,0,never_instantiated,0,,,,,0,0,,,106971,0,never_instantiated,0,,,,,0,0,movie_info,,10,0,never_instantiated,0,,,,,0,0,,kind_type,2,0,never_instantiated,0,,,,,0,0,title,,454230,0,never_instantiated,0,,,,,0,0,movie_info_idx,info_type,1,0,never_instantiated,0,,,,,0,0,,,,,,,,,,,,,,,,,,,,,,,,,,,,,,,,,,,,,,,,,,,,,,,,,,,,,,,,,,,,,,,,,,,,,,,,,,,,,,,,,,,,,,,,,,,,,,,,
15a,1,0,1,0.24,keyword,,328,0,never_instantiated,0,,,,,0,0,movie_keyword,,57,0,never_instantiated,0,,,,,0,0,company_type,,57,0,never_instantiated,0,,,,,0,0,title,,71,0,never_instantiated,0,,,,,0,0,,info_type,1,0,never_instantiated,0,,,,,0,0,movie_info,,13699,0,never_instantiated,0,,,,,0,0,aka_title,,43837,0,never_instantiated,0,,,,,0,0,movie_companies,company_name,84843,0,never_instantiated,0,,,,,0,0,,,,,,,,,,,,,,,,,,,,,,,,,,,,,,,,,,,,,,,,,,,,,,,,,,,,,,,,,,,,,,,,,,,,,,,,,,,,,,,,,,,,,,,,,,,,,,,,
15b,1,0,1,0.31,keyword,,37,0,never_instantiated,0,,,,,0,0,movie_keyword,,3,0,never_instantiated,0,,,,,0,0,company_type,,3,0,never_instantiated,0,,,,,0,0,title,,3,0,never_instantiated,0,,,,,0,0,info_type,,3,0,never_instantiated,0,,,,,0,0,movie_info,,27,0,never_instantiated,0,,,,,0,0,aka_title,,278,0,never_instantiated,0,,,,,0,0,movie_companies,company_name,1,0,never_instantiated,0,,,,,0,0,,,,,,,,,,,,,,,,,,,,,,,,,,,,,,,,,,,,,,,,,,,,,,,,,,,,,,,,,,,,,,,,,,,,,,,,,,,,,,,,,,,,,,,,,,,,,,,,
15c,1,0,1,0.31,keyword,,2271,0,never_instantiated,0,,,,,0,0,movie_keyword,,284,0,never_instantiated,0,,,,,0,0,,company_type,2,0,never_instantiated,0,,,,,0,0,,info_type,1,0,never_instantiated,0,,,,,0,0,movie_info,,218489,0,never_instantiated,0,,,,,0,0,title,,627946,0,never_instantiated,0,,,,,0,0,aka_title,,1153657,0,never_instantiated,0,,,,,0,0,movie_companies,company_name,84843,0,never_instantiated,0,,,,,0,0,,,,,,,,,,,,,,,,,,,,,,,,,,,,,,,,,,,,,,,,,,,,,,,,,,,,,,,,,,,,,,,,,,,,,,,,,,,,,,,,,,,,,,,,,,,,,,,,
15d,1,0,1,0.28,keyword,,11347,0,never_instantiated,0,,,,,0,0,movie_keyword,,875,0,never_instantiated,0,,,,,0,0,,company_type,2,0,never_instantiated,0,,,,,0,0,,info_type,1,0,never_instantiated,0,,,,,0,0,movie_info,,218489,0,never_instantiated,0,,,,,0,0,title,,627946,0,never_instantiated,0,,,,,0,0,aka_title,,1153657,0,never_instantiated,0,,,,,0,0,movie_companies,company_name,84843,0,never_instantiated,0,,,,,0,0,,,,,,,,,,,,,,,,,,,,,,,,,,,,,,,,,,,,,,,,,,,,,,,,,,,,,,,,,,,,,,,,,,,,,,,,,,,,,,,,,,,,,,,,,,,,,,,,
16a,1,0,1,0.26,name,,385,0,never_instantiated,0,,,,,0,0,aka_name,,323,0,never_instantiated,0,,,,,0,0,cast_info,,25,0,never_instantiated,0,,,,,0,0,company_name,,54,0,never_instantiated,0,,,,,0,0,movie_companies,,146,0,never_instantiated,0,,,,,0,0,title,,41838,0,never_instantiated,0,,,,,0,0,movie_keyword,keyword,1,0,never_instantiated,0,,,,,0,0,,,,,,,,,,,,,,,,,,,,,,,,,,,,,,,,,,,,,,,,,,,,,,,,,,,,,,,,,,,,,,,,,,,,,,,,,,,,,,,,,,,,,,,,,,,,,,,,,,,,,,,,,,,,
16b,1,0,1,0.78,title,,3710592,0,never_instantiated,0,,,,,0,0,name,,3710592,0,never_instantiated,0,,,,,0,0,aka_name,,2832555,0,never_instantiated,0,,,,,0,0,cast_info,,68316,0,never_instantiated,0,,,,,0,0,company_name,,148552,0,never_instantiated,0,,,,,0,0,movie_companies,,41838,0,never_instantiated,0,,,,,0,0,movie_keyword,keyword,1,0,never_instantiated,0,,,,,0,0,,,,,,,,,,,,,,,,,,,,,,,,,,,,,,,,,,,,,,,,,,,,,,,,,,,,,,,,,,,,,,,,,,,,,,,,,,,,,,,,,,,,,,,,,,,,,,,,,,,,,,,,,,,,
16c,1,0,1,0.38,name,,319932,0,never_instantiated,0,,,,,0,0,aka_name,,221609,0,never_instantiated,0,,,,,0,0,cast_info,,8538,0,never_instantiated,0,,,,,0,0,company_name,,11406,0,never_instantiated,0,,,,,0,0,movie_companies,,6926,0,never_instantiated,0,,,,,0,0,title,,41838,0,never_instantiated,0,,,,,0,0,movie_keyword,keyword,1,0,never_instantiated,0,,,,,0,0,,,,,,,,,,,,,,,,,,,,,,,,,,,,,,,,,,,,,,,,,,,,,,,,,,,,,,,,,,,,,,,,,,,,,,,,,,,,,,,,,,,,,,,,,,,,,,,,,,,,,,,,,,,,
16d,1,0,1,0.38,name,,249455,0,never_instantiated,0,,,,,0,0,aka_name,,169273,0,never_instantiated,0,,,,,0,0,cast_info,,6766,0,never_instantiated,0,,,,,0,0,company_name,,8661,0,never_instantiated,0,,,,,0,0,movie_companies,,5385,0,never_instantiated,0,,,,,0,0,title,,41838,0,never_instantiated,0,,,,,0,0,movie_keyword,keyword,1,0,never_instantiated,0,,,,,0,0,,,,,,,,,,,,,,,,,,,,,,,,,,,,,,,,,,,,,,,,,,,,,,,,,,,,,,,,,,,,,,,,,,,,,,,,,,,,,,,,,,,,,,,,,,,,,,,,,,,,,,,,,,,,
17a,1,0,1,0.49,title,,258289,0,never_instantiated,0,,,,,0,0,name,,2832555,0,never_instantiated,0,,,,,0,0,cast_info,,68316,0,never_instantiated,0,,,,,0,0,company_name,,148552,0,never_instantiated,0,,,,,0,0,movie_companies,,41838,0,never_instantiated,0,,,,,0,0,movie_keyword,keyword,1,0,never_instantiated,0,,,,,0,0,,,,,,,,,,,,,,,,,,,,,,,,,,,,,,,,,,,,,,,,,,,,,,,,,,,,,,,,,,,,,,,,,,,,,,,,,,,,,,,,,,,,,,,,,,,,,,,,,,,,,,,,,,,,,,,,,,,,,,,,
17b,1,0,1,0.58,title,,52306,0,never_instantiated,0,,,,,0,0,name,,7796926,0,never_instantiated,0,,,,,0,0,cast_info,,148552,0,never_instantiated,0,,,,,0,0,company_name,,148552,0,never_instantiated,0,,,,,0,0,movie_companies,,41838,0,never_instantiated,0,,,,,0,0,movie_keyword,keyword,1,0,never_instantiated,0,,,,,0,0,,,,,,,,,,,,,,,,,,,,,,,,,,,,,,,,,,,,,,,,,,,,,,,,,,,,,,,,,,,,,,,,,,,,,,,,,,,,,,,,,,,,,,,,,,,,,,,,,,,,,,,,,,,,,,,,,,,,,,,,
17c,1,0,1,0.58,title,,1918,0,never_instantiated,0,,,,,0,0,name,,7796926,0,never_instantiated,0,,,,,0,0,cast_info,,148552,0,never_instantiated,0,,,,,0,0,company_name,,148552,0,never_instantiated,0,,,,,0,0,movie_companies,,41838,0,never_instantiated,0,,,,,0,0,movie_keyword,keyword,1,0,never_instantiated,0,,,,,0,0,,,,,,,,,,,,,,,,,,,,,,,,,,,,,,,,,,,,,,,,,,,,,,,,,,,,,,,,,,,,,,,,,,,,,,,,,,,,,,,,,,,,,,,,,,,,,,,,,,,,,,,,,,,,,,,,,,,,,,,,
17d,1,0,1,0.58,title,,11538,0,never_instantiated,0,,,,,0,0,name,,7796926,0,never_instantiated,0,,,,,0,0,cast_info,,148552,0,never_instantiated,0,,,,,0,0,company_name,,148552,0,never_instantiated,0,,,,,0,0,movie_companies,,41838,0,never_instantiated,0,,,,,0,0,movie_keyword,keyword,1,0,never_instantiated,0,,,,,0,0,,,,,,,,,,,,,,,,,,,,,,,,,,,,,,,,,,,,,,,,,,,,,,,,,,,,,,,,,,,,,,,,,,,,,,,,,,,,,,,,,,,,,,,,,,,,,,,,,,,,,,,,,,,,,,,,,,,,,,,,
17e,1,0,1,0.51,name,,2832555,0,never_instantiated,0,,,,,0,0,cast_info,,68316,0,never_instantiated,0,,,,,0,0,title,,68316,0,never_instantiated,0,,,,,0,0,company_name,,148552,0,never_instantiated,0,,,,,0,0,movie_companies,,41838,0,never_instantiated,0,,,,,0,0,movie_keyword,keyword,1,0,never_instantiated,0,,,,,0,0,,,,,,,,,,,,,,,,,,,,,,,,,,,,,,,,,,,,,,,,,,,,,,,,,,,,,,,,,,,,,,,,,,,,,,,,,,,,,,,,,,,,,,,,,,,,,,,,,,,,,,,,,,,,,,,,,,,,,,,,
17f,1,0,1,0.66,title,,1113120,0,never_instantiated,0,,,,,0,0,name,,7796926,0,never_instantiated,0,,,,,0,0,cast_info,,148552,0,never_instantiated,0,,,,,0,0,company_name,,148552,0,never_instantiated,0,,,,,0,0,movie_companies,,41838,0,never_instantiated,0,,,,,0,0,movie_keyword,keyword,1,0,never_instantiated,0,,,,,0,0,,,,,,,,,,,,,,,,,,,,,,,,,,,,,,,,,,,,,,,,,,,,,,,,,,,,,,,,,,,,,,,,,,,,,,,,,,,,,,,,,,,,,,,,,,,,,,,,,,,,,,,,,,,,,,,,,,,,,,,,
18a,1,0,1,0.37,title,,410,0,never_instantiated,0,,,,,0,0,name,,107339,0,never_instantiated,0,,,,,0,0,cast_info,,45431,0,never_instantiated,0,,,,,0,0,,info_type,1,0,never_instantiated,0,,,,,0,0,movie_info,,459925,0,never_instantiated,0,,,,,0,0,movie_info_idx,info_type,1,0,never_instantiated,0,,,,,0,0,,,,,,,,,,,,,,,,,,,,,,,,,,,,,,,,,,,,,,,,,,,,,,,,,,,,,,,,,,,,,,,,,,,,,,,,,,,,,,,,,,,,,,,,,,,,,,,,,,,,,,,,,,,,,,,,,,,,,,,,
18b,1,0,1,0.45,name,,268,0,never_instantiated,0,,,,,0,0,,,358,0,never_instantiated,0,,,,,0,0,cast_info,,5,0,never_instantiated,0,,,,,0,0,title,,732,0,never_instantiated,0,,,,,0,0,,info_type,1,0,never_instantiated,0,,,,,0,0,movie_info,,15849,0,never_instantiated,0,,,,,0,0,movie_info_idx,info_type,1,0,never_instantiated,0,,,,,0,0,,,,,,,,,,,,,,,,,,,,,,,,,,,,,,,,,,,,,,,,,,,,,,,,,,,,,,,,,,,,,,,,,,,,,,,,,,,,,,,,,,,,,,,,,,,,,,,,,,,,,,,,,,,,
18c,1,0,1,0.50,title,,28073,0,never_instantiated,0,,,,,0,0,name,,54155,0,never_instantiated,0,,,,,0,0,,,102516,0,never_instantiated,0,,,,,0,0,cast_info,,5,0,never_instantiated,0,,,,,0,0,,info_type,1,0,never_instantiated,0,,,,,0,0,,,459925,0,never_instantiated,0,,,,,0,0,movie_info,,6,0,never_instantiated,0,,,,,0,0,movie_info_idx,info_type,1,0,never_instantiated,0,,,,,0,0,,,,,,,,,,,,,,,,,,,,,,,,,,,,,,,,,,,,,,,,,,,,,,,,,,,,,,,,,,,,,,,,,,,,,,,,,,,,,,,,,,,,,,,,,,,,,,,,
19a,1,0,1,0.40,char_name,,184,0,never_instantiated,0,,,,,0,0,name,,71864,0,never_instantiated,0,,,,,0,0,aka_name,,40272,0,never_instantiated,0,,,,,0,0,,role_type,1,0,never_instantiated,0,,,,,0,0,cast_info,,116277,0,never_instantiated,0,,,,,0,0,,info_type,1,0,never_instantiated,0,,,,,0,0,movie_info,,86979,0,never_instantiated,0,,,,,0,0,title,,542096,0,never_instantiated,0,,,,,0,0,movie_companies,company_name,84843,0,never_instantiated,0,,,,,0,0,,,,,,,,,,,,,,,,,,,,,,,,,,,,,,,,,,,,,,,,,,,,,,,,,,,,,,,,,,,,,,,,,,,,,,,,,,,,,,,,,,,,
19b,1,0,1,0.39,char_name,,15,0,never_instantiated,0,,,,,0,0,info_type,,15,0,never_instantiated,0,,,,,0,0,movie_info,,15,0,never_instantiated,0,,,,,0,0,name,,36,0,never_instantiated,0,,,,,0,0,title,,60283,0,never_instantiated,0,,,,,0,0,aka_name,,26447,0,never_instantiated,0,,,,,0,0,company_name,,29100,0,never_instantiated,0,,,,,0,0,movie_companies,,222685,0,never_instantiated,0,,,,,0,0,cast_info,role_type,1,0,never_instantiated,0,,,,,0,0,,,,,,,,,,,,,,,,,,,,,,,,,,,,,,,,,,,,,,,,,,,,,,,,,,,,,,,,,,,,,,,,,,,,,,,,,,,,,,,,,,,,
19c,1,0,1,0.43,char_name,,3575,0,never_instantiated,0,,,,,0,0,name,,279966,0,never_instantiated,0,,,,,0,0,aka_name,,132216,0,never_instantiated,0,,,,,0,0,,role_type,1,0,never_instantiated,0,,,,,0,0,cast_info,,391371,0,never_instantiated,0,,,,,0,0,,info_type,1,0,never_instantiated,0,,,,,0,0,movie_info,,468787,0,never_instantiated,0,,,,,0,0,title,,1153798,0,never_instantiated,0,,,,,0,0,movie_companies,company_name,84843,0,never_instantiated,0,,,,,0,0,,,,,,,,,,,,,,,,,,,,,,,,,,,,,,,,,,,,,,,,,,,,,,,,,,,,,,,,,,,,,,,,,,,,,,,,,,,,,,,,,,,,
19d,1,0,1,0.45,char_name,,1760645,0,never_instantiated,0,,,,,0,0,,info_type,1,0,never_instantiated,0,,,,,0,0,movie_info,,276408,0,never_instantiated,0,,,,,0,0,name,,276501,0,never_instantiated,0,,,,,0,0,aka_name,,104391,0,never_instantiated,0,,,,,0,0,,role_type,1,0,never_instantiated,0,,,,,0,0,cast_info,,468787,0,never_instantiated,0,,,,,0,0,title,,1153798,0,never_instantiated,0,,,,,0,0,movie_companies,company_name,84843,0,never_instantiated,0,,,,,0,0,,,,,,,,,,,,,,,,,,,,,,,,,,,,,,,,,,,,,,,,,,,,,,,,,,,,,,,,,,,,,,,,,,,,,,,,,,,,,,,,,,,,
20a,1,0,1,0.48,name,,33,0,never_instantiated,0,,,,,0,0,char_name,,255146,0,never_instantiated,0,,,,,0,0,cast_info,,6016,0,never_instantiated,0,,,,,0,0,,,978322,0,never_instantiated,0,,,,,0,0,keyword,,8,0,never_instantiated,0,,,,,0,0,movie_keyword,,27939,0,never_instantiated,0,,,,,0,0,,comp_cast_type,2,0,never_instantiated,0,,,,,0,0,,comp_cast_type,1,0,never_instantiated,0,,,,,0,0,,kind_type,1,0,never_instantiated,0,,,,,0,0,title,complete_cast,132439,0,never_instantiated,0,,,,,0,0,,,,,,,,,,,,,,,,,,,,,,,,,,,,,,,,,,,,,,,,,,,,,,,,,,,,,,,,,,,,,,,,,,,,,,,,
20b,1,0,1,0.41,char_name,,26,0,never_instantiated,0,,,,,0,0,name,,222518,0,never_instantiated,0,,,,,0,0,cast_info,,1472,0,never_instantiated,0,,,,,0,0,,,294672,0,never_instantiated,0,,,,,0,0,keyword,,8,0,never_instantiated,0,,,,,0,0,movie_keyword,,4589,0,never_instantiated,0,,,,,0,0,,comp_cast_type,2,0,never_instantiated,0,,,,,0,0,,comp_cast_type,1,0,never_instantiated,0,,,,,0,0,,kind_type,1,0,never_instantiated,0,,,,,0,0,title,complete_cast,132439,0,never_instantiated,0,,,,,0,0,,,,,,,,,,,,,,,,,,,,,,,,,,,,,,,,,,,,,,,,,,,,,,,,,,,,,,,,,,,,,,,,,,,,,,,,
20c,1,0,1,0.44,name,,5406,0,never_instantiated,0,,,,,0,0,char_name,,74157,0,never_instantiated,0,,,,,0,0,cast_info,,1267,0,never_instantiated,0,,,,,0,0,,,294672,0,never_instantiated,0,,,,,0,0,keyword,,10,0,never_instantiated,0,,,,,0,0,movie_keyword,,4589,0,never_instantiated,0,,,,,0,0,,comp_cast_type,2,0,never_instantiated,0,,,,,0,0,,comp_cast_type,1,0,never_instantiated,0,,,,,0,0,,kind_type,1,0,never_instantiated,0,,,,,0,0,title,complete_cast,132439,0,never_instantiated,0,,,,,0,0,,,,,,,,,,,,,,,,,,,,,,,,,,,,,,,,,,,,,,,,,,,,,,,,,,,,,,,,,,,,,,,,,,,,,,,,
21a,1,0,1,0.12,,,310,0,never_instantiated,0,,,,,0,0,movie_info,,8,0,never_instantiated,0,,,,,0,0,company_type,,330,0,never_instantiated,0,,,,,0,0,title,,422,0,never_instantiated,0,,,,,0,0,company_name,,1021,0,never_instantiated,0,,,,,0,0,movie_companies,,199,0,never_instantiated,0,,,,,0,0,link_type,,251,0,never_instantiated,0,,,,,0,0,movie_link,,46,0,never_instantiated,0,,,,,0,0,movie_keyword,keyword,1,0,never_instantiated,0,,,,,0,0,,,,,,,,,,,,,,,,,,,,,,,,,,,,,,,,,,,,,,,,,,,,,,,,,,,,,,,,,,,,,,,,,,,,,,,,,,,,,,,,,,,,
21b,1,0,1,0.10,movie_info,,92,0,never_instantiated,0,,,,,0,0,company_type,,92,0,never_instantiated,0,,,,,0,0,title,,422,0,never_instantiated,0,,,,,0,0,company_name,,1021,0,never_instantiated,0,,,,,0,0,movie_companies,,199,0,never_instantiated,0,,,,,0,0,link_type,,251,0,never_instantiated,0,,,,,0,0,movie_link,,46,0,never_instantiated,0,,,,,0,0,movie_keyword,keyword,1,0,never_instantiated,0,,,,,0,0,,,,,,,,,,,,,,,,,,,,,,,,,,,,,,,,,,,,,,,,,,,,,,,,,,,,,,,,,,,,,,,,,,,,,,,,,,,,,,,,,,,,,,,,,,,,,,,,
21c,1,0,1,0.13,,,402,0,never_instantiated,0,,,,,0,0,movie_info,,9,0,never_instantiated,0,,,,,0,0,company_type,,422,0,never_instantiated,0,,,,,0,0,title,,422,0,never_instantiated,0,,,,,0,0,company_name,,1021,0,never_instantiated,0,,,,,0,0,movie_companies,,199,0,never_instantiated,0,,,,,0,0,link_type,,251,0,never_instantiated,0,,,,,0,0,movie_link,,46,0,never_instantiated,0,,,,,0,0,movie_keyword,keyword,1,0,never_instantiated,0,,,,,0,0,,,,,,,,,,,,,,,,,,,,,,,,,,,,,,,,,,,,,,,,,,,,,,,,,,,,,,,,,,,,,,,,,,,,,,,,,,,,,,,,,,,,
22a,1,0,1,0.26,company_type,,2851,0,never_instantiated,0,,,,,0,0,keyword,,319409,0,never_instantiated,0,,,,,0,0,movie_keyword,,3672,0,never_instantiated,0,,,,,0,0,,info_type,1,0,never_instantiated,0,,,,,0,0,movie_info,,6816,0,never_instantiated,0,,,,,0,0,company_name,,7820,0,never_instantiated,0,,,,,0,0,movie_companies,,40853,0,never_instantiated,0,,,,,0,0,,kind_type,2,0,never_instantiated,0,,,,,0,0,title,,324111,0,never_instantiated,0,,,,,0,0,movie_info_idx,info_type,1,0,never_instantiated,0,,,,,0,0,,,,,,,,,,,,,,,,,,,,,,,,,,,,,,,,,,,,,,,,,,,,,,,,,,,,,,,,,,,,,,,,,,,,,,,,
22b,1,0,1,0.22,company_type,,31,0,never_instantiated,0,,,,,0,0,keyword,,2606,0,never_instantiated,0,,,,,0,0,movie_keyword,,91,0,never_instantiated,0,,,,,0,0,,info_type,1,0,never_instantiated,0,,,,,0,0,movie_info,,347,0,never_instantiated,0,,,,,0,0,company_name,,488,0,never_instantiated,0,,,,,0,0,movie_companies,,31111,0,never_instantiated,0,,,,,0,0,,kind_type,2,0,never_instantiated,0,,,,,0,0,title,,324111,0,never_instantiated,0,,,,,0,0,movie_info_idx,info_type,1,0,never_instantiated,0,,,,,0,0,,,,,,,,,,,,,,,,,,,,,,,,,,,,,,,,,,,,,,,,,,,,,,,,,,,,,,,,,,,,,,,,,,,,,,,,
22c,1,0,1,0.42,company_type,,21489,0,never_instantiated,0,,,,,0,0,keyword,,2610972,0,never_instantiated,0,,,,,0,0,movie_keyword,,35930,0,never_instantiated,0,,,,,0,0,,info_type,1,0,never_instantiated,0,,,,,0,0,,,56007,0,never_instantiated,0,,,,,0,0,movie_info,,10,0,never_instantiated,0,,,,,0,0,company_name,,61806,0,never_instantiated,0,,,,,0,0,movie_companies,,106968,0,never_instantiated,0,,,,,0,0,,kind_type,2,0,never_instantiated,0,,,,,0,0,title,,454222,0,never_instantiated,0,,,,,0,0,movie_info_idx,info_type,1,0,never_instantiated,0,,,,,0,0,,,,,,,,,,,,,,,,,,,,,,,,,,,,,,,,,,,,,,,,,,,,,,,,,,,,,,,,,,,,
22d,1,0,1,0.58,company_type,,46281,0,never_instantiated,0,,,,,0,0,keyword,,5536051,0,never_instantiated,0,,,,,0,0,movie_keyword,,99935,0,never_instantiated,0,,,,,0,0,company_name,,189157,0,never_instantiated,0,,,,,0,0,movie_companies,,44414,0,never_instantiated,0,,,,,0,0,,info_type,1,0,never_instantiated,0,,,,,0,0,,,106968,0,never_instantiated,0,,,,,0,0,movie_info,,10,0,never_instantiated,0,,,,,0,0,,kind_type,2,0,never_instantiated,0,,,,,0,0,title,,454222,0,never_instantiated,0,,,,,0,0,movie_info_idx,info_type,1,0,never_instantiated,0,,,,,0,0,,,,,,,,,,,,,,,,,,,,,,,,,,,,,,,,,,,,,,,,,,,,,,,,,,,,,,,,,,,,
23a,1,0,1,0.25,keyword,,618,0,never_instantiated,0,,,,,0,0,movie_keyword,,6,0,never_instantiated,0,,,,,0,0,company_type,,6,0,never_instantiated,0,,,,,0,0,,info_type,1,0,never_instantiated,0,,,,,0,0,movie_info,,5763,0,never_instantiated,0,,,,,0,0,,comp_cast_type,1,0,never_instantiated,0,,,,,0,0,,kind_type,1,0,never_instantiated,0,,,,,0,0,title,,282816,0,never_instantiated,0,,,,,0,0,complete_cast,,1153687,0,never_instantiated,0,,,,,0,0,movie_companies,company_name,84843,0,never_instantiated,0,,,,,0,0,,,,,,,,,,,,,,,,,,,,,,,,,,,,,,,,,,,,,,,,,,,,,,,,,,,,,,,,,,,,,,,,,,,,,,,,
23b,1,0,1,0.18,company_type,,16,0,never_instantiated,0,,,,,0,0,keyword,,618,0,never_instantiated,0,,,,,0,0,movie_keyword,,6,0,never_instantiated,0,,,,,0,0,company_name,,6,0,never_instantiated,0,,,,,0,0,movie_companies,,5,0,never_instantiated,0,,,,,0,0,,comp_cast_type,1,0,never_instantiated,0,,,,,0,0,,kind_type,1,0,never_instantiated,0,,,,,0,0,title,,39,0,never_instantiated,0,,,,,0,0,complete_cast,,1771,0,never_instantiated,0,,,,,0,0,movie_info,info_type,1,0,never_instantiated,0,,,,,0,0,,,,,,,,,,,,,,,,,,,,,,,,,,,,,,,,,,,,,,,,,,,,,,,,,,,,,,,,,,,,,,,,,,,,,,,,
23c,1,0,1,0.27,keyword,,628,0,never_instantiated,0,,,,,0,0,movie_keyword,,7,0,never_instantiated,0,,,,,0,0,company_type,,7,0,never_instantiated,0,,,,,0,0,,info_type,1,0,never_instantiated,0,,,,,0,0,movie_info,,21851,0,never_instantiated,0,,,,,0,0,,comp_cast_type,1,0,never_instantiated,0,,,,,0,0,,kind_type,4,0,never_instantiated,0,,,,,0,0,title,,282816,0,never_instantiated,0,,,,,0,0,complete_cast,,1153687,0,never_instantiated,0,,,,,0,0,movie_companies,company_name,84843,0,never_instantiated,0,,,,,0,0,,,,,,,,,,,,,,,,,,,,,,,,,,,,,,,,,,,,,,,,,,,,,,,,,,,,,,,,,,,,,,,,,,,,,,,,
24a,1,0,1,0.43,char_name,,275,0,never_instantiated,0,,,,,0,0,name,,6532,0,never_instantiated,0,,,,,0,0,aka_name,,2778,0,never_instantiated,0,,,,,0,0,,role_type,1,0,never_instantiated,0,,,,,0,0,cast_info,,3406,0,never_instantiated,0,,,,,0,0,keyword,,1261206,0,never_instantiated,0,,,,,0,0,movie_keyword,,142261,0,never_instantiated,0,,,,,0,0,,info_type,1,0,never_instantiated,0,,,,,0,0,movie_info,,128115,0,never_instantiated,0,,,,,0,0,title,,1153798,0,never_instantiated,0,,,,,0,0,movie_companies,company_name,84843,0,never_instantiated,0,,,,,0,0,,,,,,,,,,,,,,,,,,,,,,,,,,,,,,,,,,,,,,,,,,,,,,,,,,,,,,,,,,,,
24b,1,0,1,0.25,char_name,,45,0,never_instantiated,0,,,,,0,0,name,,110,0,never_instantiated,0,,,,,0,0,aka_name,,62,0,never_instantiated,0,,,,,0,0,role_type,,244,0,never_instantiated,0,,,,,0,0,cast_info,,9,0,never_instantiated,0,,,,,0,0,keyword,,162,0,never_instantiated,0,,,,,0,0,movie_keyword,,5,0,never_instantiated,0,,,,,0,0,,info_type,1,0,never_instantiated,0,,,,,0,0,movie_info,,4,0,never_instantiated,0,,,,,0,0,title,,99,0,never_instantiated,0,,,,,0,0,movie_companies,company_name,1,0,never_instantiated,0,,,,,0,0,,,,,,,,,,,,,,,,,,,,,,,,,,,,,,,,,,,,,,,,,,,,,,,,,,,,,,,,,,,,
25a,1,0,1,0.52,title,,4407,0,never_instantiated,0,,,,,0,0,name,,7112,0,never_instantiated,0,,,,,0,0,,,11389,0,never_instantiated,0,,,,,0,0,cast_info,,5,0,never_instantiated,0,,,,,0,0,,,319480,0,never_instantiated,0,,,,,0,0,keyword,,5,0,never_instantiated,0,,,,,0,0,movie_keyword,,16480,0,never_instantiated,0,,,,,0,0,info_type,,49452,0,never_instantiated,0,,,,,0,0,movie_info_idx,,30413,0,never_instantiated,0,,,,,0,0,movie_info,info_type,1,0,never_instantiated,0,,,,,0,0,,,,,,,,,,,,,,,,,,,,,,,,,,,,,,,,,,,,,,,,,,,,,,,,,,,,,,,,,,,,,,,,,,,,,,,,
25b,1,0,1,0.22,name,,6,0,never_instantiated,0,,,,,0,0,,,9,0,never_instantiated,0,,,,,0,0,cast_info,,5,0,never_instantiated,0,,,,,0,0,,,74,0,never_instantiated,0,,,,,0,0,keyword,,5,0,never_instantiated,0,,,,,0,0,movie_keyword,,10,0,never_instantiated,0,,,,,0,0,info_type,,30,0,never_instantiated,0,,,,,0,0,movie_info_idx,,23,0,never_instantiated,0,,,,,0,0,title,,30413,0,never_instantiated,0,,,,,0,0,movie_info,info_type,1,0,never_instantiated,0,,,,,0,0,,,,,,,,,,,,,,,,,,,,,,,,,,,,,,,,,,,,,,,,,,,,,,,,,,,,,,,,,,,,,,,,,,,,,,,,
25c,1,0,1,0.63,title,,26153,0,never_instantiated,0,,,,,0,0,name,,42900,0,never_instantiated,0,,,,,0,0,,,63386,0,never_instantiated,0,,,,,0,0,cast_info,,5,0,never_instantiated,0,,,,,0,0,,,2224786,0,never_instantiated,0,,,,,0,0,keyword,,7,0,never_instantiated,0,,,,,0,0,movie_keyword,,102516,0,never_instantiated,0,,,,,0,0,,info_type,1,0,never_instantiated,0,,,,,0,0,,,459925,0,never_instantiated,0,,,,,0,0,movie_info,,6,0,never_instantiated,0,,,,,0,0,movie_info_idx,info_type,1,0,never_instantiated,0,,,,,0,0,,,,,,,,,,,,,,,,,,,,,,,,,,,,,,,,,,,,,,,,,,,,,,,,,,,,,,,,,,,,
26a,1,0,1,0.41,name,,1728,0,never_instantiated,0,,,,,0,0,char_name,,22972,0,never_instantiated,0,,,,,0,0,cast_info,,326,0,never_instantiated,0,,,,,0,0,,,79039,0,never_instantiated,0,,,,,0,0,keyword,,10,0,never_instantiated,0,,,,,0,0,movie_keyword,,647,0,never_instantiated,0,,,,,0,0,,kind_type,1,0,never_instantiated,0,,,,,0,0,title,,17898,0,never_instantiated,0,,,,,0,0,,comp_cast_type,2,0,never_instantiated,0,,,,,0,0,,comp_cast_type,1,0,never_instantiated,0,,,,,0,0,complete_cast,,121570,0,never_instantiated,0,,,,,0,0,movie_info_idx,info_type,1,0,never_instantiated,0,,,,,0,0,,,,,,,,,,,,,,,,,,,,,,,,,,,,,,,,,,,,,,,,,,,,,,,,
26b,1,0,1,0.32,name,,93,0,never_instantiated,0,,,,,0,0,char_name,,893,0,never_instantiated,0,,,,,0,0,cast_info,,6,0,never_instantiated,0,,,,,0,0,keyword,,3891,0,never_instantiated,0,,,,,0,0,movie_keyword,,32,0,never_instantiated,0,,,,,0,0,,kind_type,1,0,never_instantiated,0,,,,,0,0,title,,2413,0,never_instantiated,0,,,,,0,0,,comp_cast_type,2,0,never_instantiated,0,,,,,0,0,,comp_cast_type,1,0,never_instantiated,0,,,,,0,0,complete_cast,,15848,0,never_instantiated,0,,,,,0,0,movie_info_idx,info_type,1,0,never_instantiated,0,,,,,0,0,,,,,,,,,,,,,,,,,,,,,,,,,,,,,,,,,,,,,,,,,,,,,,,,,,,,,,,,,,,,
26c,1,0,1,0.46,name,,5400,0,never_instantiated,0,,,,,0,0,char_name,,74106,0,never_instantiated,0,,,,,0,0,cast_info,,1261,0,never_instantiated,0,,,,,0,0,,,293146,0,never_instantiated,0,,,,,0,0,keyword,,10,0,never_instantiated,0,,,,,0,0,movie_keyword,,4028,0,never_instantiated,0,,,,,0,0,,kind_type,1,0,never_instantiated,0,,,,,0,0,title,,61559,0,never_instantiated,0,,,,,0,0,,comp_cast_type,2,0,never_instantiated,0,,,,,0,0,,comp_cast_type,1,0,never_instantiated,0,,,,,0,0,complete_cast,,459891,0,never_instantiated,0,,,,,0,0,movie_info_idx,info_type,1,0,never_instantiated,0,,,,,0,0,,,,,,,,,,,,,,,,,,,,,,,,,,,,,,,,,,,,,,,,,,,,,,,,
27a,1,0,1,0.11,movie_info,,172,0,never_instantiated,0,,,,,0,0,company_type,,191,0,never_instantiated,0,,,,,0,0,comp_cast_type,,248,0,never_instantiated,0,,,,,0,0,comp_cast_type,,248,0,never_instantiated,0,,,,,0,0,company_name,,581,0,never_instantiated,0,,,,,0,0,movie_companies,,98,0,never_instantiated,0,,,,,0,0,title,,98,0,never_instantiated,0,,,,,0,0,link_type,,119,0,never_instantiated,0,,,,,0,0,complete_cast,,251,0,never_instantiated,0,,,,,0,0,movie_link,,46,0,never_instantiated,0,,,,,0,0,movie_keyword,keyword,1,0,never_instantiated,0,,,,,0,0,,,,,,,,,,,,,,,,,,,,,,,,,,,,,,,,,,,,,,,,,,,,,,,,,,,,,,,,,,,,
27b,1,0,1,0.09,movie_info,,95,0,never_instantiated,0,,,,,0,0,company_type,,95,0,never_instantiated,0,,,,,0,0,comp_cast_type,,152,0,never_instantiated,0,,,,,0,0,comp_cast_type,,152,0,never_instantiated,0,,,,,0,0,company_name,,342,0,never_instantiated,0,,,,,0,0,movie_companies,,57,0,never_instantiated,0,,,,,0,0,link_type,,57,0,never_instantiated,0,,,,,0,0,complete_cast,,77,0,never_instantiated,0,,,,,0,0,movie_link,,7,0,never_instantiated,0,,,,,0,0,title,,46,0,never_instantiated,0,,,,,0,0,movie_keyword,keyword,1,0,never_instantiated,0,,,,,0,0,,,,,,,,,,,,,,,,,,,,,,,,,,,,,,,,,,,,,,,,,,,,,,,,,,,,,,,,,,,,
27c,1,0,1,0.13,,,172,0,never_instantiated,0,,,,,0,0,movie_info,,9,0,never_instantiated,0,,,,,0,0,company_type,,191,0,never_instantiated,0,,,,,0,0,comp_cast_type,,191,0,never_instantiated,0,,,,,0,0,comp_cast_type,,248,0,never_instantiated,0,,,,,0,0,company_name,,581,0,never_instantiated,0,,,,,0,0,movie_companies,,98,0,never_instantiated,0,,,,,0,0,title,,98,0,never_instantiated,0,,,,,0,0,link_type,,119,0,never_instantiated,0,,,,,0,0,complete_cast,,251,0,never_instantiated,0,,,,,0,0,movie_link,,46,0,never_instantiated,0,,,,,0,0,movie_keyword,keyword,1,0,never_instantiated,0,,,,,0,0,,,,,,,,,,,,,,,,,,,,,,,,,,,,,,,,,,,,,,,,,,,,,,,,
28a,1,0,1,0.58,keyword,,738406,0,never_instantiated,0,,,,,0,0,movie_keyword,,8650,0,never_instantiated,0,,,,,0,0,info_type,,9355,0,never_instantiated,0,,,,,0,0,,,9491,0,never_instantiated,0,,,,,0,0,movie_info,,10,0,never_instantiated,0,,,,,0,0,company_type,,9491,0,never_instantiated,0,,,,,0,0,comp_cast_type,,10551,0,never_instantiated,0,,,,,0,0,comp_cast_type,,48252,0,never_instantiated,0,,,,,0,0,company_name,,50243,0,never_instantiated,0,,,,,0,0,movie_companies,,16813,0,never_instantiated,0,,,,,0,0,,kind_type,2,0,never_instantiated,0,,,,,0,0,title,,94130,0,never_instantiated,0,,,,,0,0,complete_cast,,454188,0,never_instantiated,0,,,,,0,0,movie_info_idx,info_type,1,0,never_instantiated,0,,,,,0,0,,,,,,,,,,,,,,,,,,,,,,,,
28b,1,0,1,0.41,keyword,,15989,0,never_instantiated,0,,,,,0,0,movie_keyword,,165,0,never_instantiated,0,,,,,0,0,info_type,,253,0,never_instantiated,0,,,,,0,0,movie_info,,4055,0,never_instantiated,0,,,,,0,0,company_type,,4055,0,never_instantiated,0,,,,,0,0,comp_cast_type,,4207,0,never_instantiated,0,,,,,0,0,comp_cast_type,,15201,0,never_instantiated,0,,,,,0,0,company_name,,15685,0,never_instantiated,0,,,,,0,0,movie_companies,,8370,0,never_instantiated,0,,,,,0,0,,kind_type,2,0,never_instantiated,0,,,,,0,0,title,,47053,0,never_instantiated,0,,,,,0,0,complete_cast,,194900,0,never_instantiated,0,,,,,0,0,movie_info_idx,info_type,1,0,never_instantiated,0,,,,,0,0,,,,,,,,,,,,,,,,,,,,,,,,,,,,,,,,,,,,
28c,1,0,1,0.58,keyword,,1151351,0,never_instantiated,0,,,,,0,0,movie_keyword,,11455,0,never_instantiated,0,,,,,0,0,info_type,,12681,0,never_instantiated,0,,,,,0,0,,,12856,0,never_instantiated,0,,,,,0,0,movie_info,,10,0,never_instantiated,0,,,,,0,0,company_type,,12856,0,never_instantiated,0,,,,,0,0,comp_cast_type,,18121,0,never_instantiated,0,,,,,0,0,comp_cast_type,,22710,0,never_instantiated,0,,,,,0,0,company_name,,23710,0,never_instantiated,0,,,,,0,0,movie_companies,,10771,0,never_instantiated,0,,,,,0,0,,kind_type,2,0,never_instantiated,0,,,,,0,0,title,,94130,0,never_instantiated,0,,,,,0,0,complete_cast,,454188,0,never_instantiated,0,,,,,0,0,movie_info_idx,info_type,1,0,never_instantiated,0,,,,,0,0,,,,,,,,,,,,,,,,,,,,,,,,
29a,1,0,1,0.37,info_type,,4890,0,never_instantiated,0,,,,,0,0,person_info,,30,0,never_instantiated,0,,,,,0,0,name,,30,0,never_instantiated,0,,,,,0,0,aka_name,,10,0,never_instantiated,0,,,,,0,0,role_type,,10,0,never_instantiated,0,,,,,0,0,char_name,,380,0,never_instantiated,0,,,,,0,0,cast_info,,10,0,never_instantiated,0,,,,,0,0,keyword,,1080,0,never_instantiated,0,,,,,0,0,movie_keyword,,10,0,never_instantiated,0,,,,,0,0,info_type,,10,0,never_instantiated,0,,,,,0,0,movie_info,,5,0,never_instantiated,0,,,,,0,0,company_name,,22,0,never_instantiated,0,,,,,0,0,movie_companies,,1,0,never_instantiated,0,,,,,0,0,comp_cast_type,,1,0,never_instantiated,0,,,,,0,0,comp_cast_type,,1,0,never_instantiated,0,,,,,0,0,complete_cast,title,3,0,never_instantiated,0,,,,,0,0
29b,1,0,1,0.36,role_type,,15,0,never_instantiated,0,,,,,0,0,info_type,,2445,0,never_instantiated,0,,,,,0,0,person_info,,15,0,never_instantiated,0,,,,,0,0,name,,15,0,never_instantiated,0,,,,,0,0,aka_name,,5,0,never_instantiated,0,,,,,0,0,char_name,,190,0,never_instantiated,0,,,,,0,0,cast_info,,5,0,never_instantiated,0,,,,,0,0,keyword,,540,0,never_instantiated,0,,,,,0,0,movie_keyword,,5,0,never_instantiated,0,,,,,0,0,company_name,,22,0,never_instantiated,0,,,,,0,0,movie_companies,,1,0,never_instantiated,0,,,,,0,0,comp_cast_type,,1,0,never_instantiated,0,,,,,0,0,comp_cast_type,,1,0,never_instantiated,0,,,,,0,0,info_type,,1,0,never_instantiated,0,,,,,0,0,movie_info,,1,0,never_instantiated,0,,,,,0,0,complete_cast,title,2,0,never_instantiated,0,,,,,0,0
29c,1,0,1,0.59,char_name,,16308,0,never_instantiated,0,,,,,0,0,info_type,,69744,0,never_instantiated,0,,,,,0,0,person_info,,216,0,never_instantiated,0,,,,,0,0,name,,4490,0,never_instantiated,0,,,,,0,0,aka_name,,2088,0,never_instantiated,0,,,,,0,0,role_type,,8963,0,never_instantiated,0,,,,,0,0,cast_info,,337,0,never_instantiated,0,,,,,0,0,info_type,,337,0,never_instantiated,0,,,,,0,0,movie_info,,92,0,never_instantiated,0,,,,,0,0,company_name,,415,0,never_instantiated,0,,,,,0,0,movie_companies,,18,0,never_instantiated,0,,,,,0,0,comp_cast_type,,55,0,never_instantiated,0,,,,,0,0,,comp_cast_type,1,0,never_instantiated,0,,,,,0,0,title,,90,0,never_instantiated,0,,,,,0,0,complete_cast,,414,0,never_instantiated,0,,,,,0,0,movie_keyword,keyword,1,0,never_instantiated,0,,,,,0,0
30a,1,0,1,0.52,name,,1021,0,never_instantiated,0,,,,,0,0,,,1161,0,never_instantiated,0,,,,,0,0,cast_info,,5,0,never_instantiated,0,,,,,0,0,,,51561,0,never_instantiated,0,,,,,0,0,keyword,,7,0,never_instantiated,0,,,,,0,0,movie_keyword,,432,0,never_instantiated,0,,,,,0,0,,info_type,1,0,never_instantiated,0,,,,,0,0,movie_info,,1875,0,never_instantiated,0,,,,,0,0,,comp_cast_type,1,0,never_instantiated,0,,,,,0,0,,comp_cast_type,2,0,never_instantiated,0,,,,,0,0,title,,95399,0,never_instantiated,0,,,,,0,0,complete_cast,,459891,0,never_instantiated,0,,,,,0,0,movie_info_idx,info_type,1,0,never_instantiated,0,,,,,0,0,,,,,,,,,,,,,,,,,,,,,,,,,,,,,,,,,,,,
30b,1,0,1,0.45,name,,28,0,never_instantiated,0,,,,,0,0,,,12,0,never_instantiated,0,,,,,0,0,cast_info,,5,0,never_instantiated,0,,,,,0,0,,,478,0,never_instantiated,0,,,,,0,0,keyword,,7,0,never_instantiated,0,,,,,0,0,movie_keyword,,3,0,never_instantiated,0,,,,,0,0,,info_type,1,0,never_instantiated,0,,,,,0,0,movie_info,,2,0,never_instantiated,0,,,,,0,0,,comp_cast_type,1,0,never_instantiated,0,,,,,0,0,,comp_cast_type,2,0,never_instantiated,0,,,,,0,0,title,,95399,0,never_instantiated,0,,,,,0,0,complete_cast,,459891,0,never_instantiated,0,,,,,0,0,movie_info_idx,info_type,1,0,never_instantiated,0,,,,,0,0,,,,,,,,,,,,,,,,,,,,,,,,,,,,,,,,,,,,
30c,1,0,1,0.60,name,,11863,0,never_instantiated,0,,,,,0,0,,,14655,0,never_instantiated,0,,,,,0,0,cast_info,,5,0,never_instantiated,0,,,,,0,0,,,643428,0,never_instantiated,0,,,,,0,0,keyword,,7,0,never_instantiated,0,,,,,0,0,movie_keyword,,10291,0,never_instantiated,0,,,,,0,0,,info_type,1,0,never_instantiated,0,,,,,0,0,,,17018,0,never_instantiated,0,,,,,0,0,movie_info,,6,0,never_instantiated,0,,,,,0,0,title,,17018,0,never_instantiated,0,,,,,0,0,,comp_cast_type,1,0,never_instantiated,0,,,,,0,0,,comp_cast_type,1,0,never_instantiated,0,,,,,0,0,complete_cast,,459891,0,never_instantiated,0,,,,,0,0,movie_info_idx,info_type,1,0,never_instantiated,0,,,,,0,0,,,,,,,,,,,,,,,,,,,,,,,,
31a,1,0,1,0.53,title,,1273,0,never_instantiated,0,,,,,0,0,name,,1556,0,never_instantiated,0,,,,,0,0,,,1524,0,never_instantiated,0,,,,,0,0,cast_info,,5,0,never_instantiated,0,,,,,0,0,,,54461,0,never_instantiated,0,,,,,0,0,keyword,,7,0,never_instantiated,0,,,,,0,0,movie_keyword,,661,0,never_instantiated,0,,,,,0,0,company_name,,229623,0,never_instantiated,0,,,,,0,0,movie_companies,,39064,0,never_instantiated,0,,,,,0,0,,info_type,1,0,never_instantiated,0,,,,,0,0,movie_info,,459917,0,never_instantiated,0,,,,,0,0,movie_info_idx,info_type,1,0,never_instantiated,0,,,,,0,0,,,,,,,,,,,,,,,,,,,,,,,,,,,,,,,,,,,,,,,,,,,,,,,,
31b,1,0,1,0.28,name,,84,0,never_instantiated,0,,,,,0,0,,,46,0,never_instantiated,0,,,,,0,0,cast_info,,5,0,never_instantiated,0,,,,,0,0,,,1504,0,never_instantiated,0,,,,,0,0,keyword,,7,0,never_instantiated,0,,,,,0,0,movie_keyword,,11,0,never_instantiated,0,,,,,0,0,,info_type,1,0,never_instantiated,0,,,,,0,0,movie_info,,7,0,never_instantiated,0,,,,,0,0,title,,134,0,never_instantiated,0,,,,,0,0,company_name,,7759,0,never_instantiated,0,,,,,0,0,movie_companies,,459917,0,never_instantiated,0,,,,,0,0,movie_info_idx,info_type,1,0,never_instantiated,0,,,,,0,0,,,,,,,,,,,,,,,,,,,,,,,,,,,,,,,,,,,,,,,,,,,,,,,,
31c,1,0,1,0.61,name,,2825,0,never_instantiated,0,,,,,0,0,,,2840,0,never_instantiated,0,,,,,0,0,cast_info,,5,0,never_instantiated,0,,,,,0,0,title,,2840,0,never_instantiated,0,,,,,0,0,,,110436,0,never_instantiated,0,,,,,0,0,keyword,,7,0,never_instantiated,0,,,,,0,0,movie_keyword,,1235,0,never_instantiated,0,,,,,0,0,company_name,,574510,0,never_instantiated,0,,,,,0,0,movie_companies,,102513,0,never_instantiated,0,,,,,0,0,,info_type,1,0,never_instantiated,0,,,,,0,0,,,459917,0,never_instantiated,0,,,,,0,0,movie_info,,6,0,never_instantiated,0,,,,,0,0,movie_info_idx,info_type,1,0,never_instantiated,0,,,,,0,0,,,,,,,,,,,,,,,,,,,,,,,,,,,,,,,,,,,,
32a,1,0,1,0.04,title,,0,0,never_instantiated,0,,,,,0,0,title,,0,0,never_instantiated,0,,,,,0,0,link_type,,0,0,never_instantiated,0,,,,,0,0,movie_link,,0,0,never_instantiated,0,,,,,0,0,movie_keyword,keyword,1,0,never_instantiated,0,,,,,0,0,,,,,,,,,,,,,,,,,,,,,,,,,,,,,,,,,,,,,,,,,,,,,,,,,,,,,,,,,,,,,,,,,,,,,,,,,,,,,,,,,,,,,,,,,,,,,,,,,,,,,,,,,,,,,,,,,,,,,,,,,,,,,,,,,,,,
32b,1,0,1,0.10,title,,4388,0,never_instantiated,0,,,,,0,0,title,,4388,0,never_instantiated,0,,,,,0,0,link_type,,4388,0,never_instantiated,0,,,,,0,0,movie_link,,2233,0,never_instantiated,0,,,,,0,0,movie_keyword,keyword,1,0,never_instantiated,0,,,,,0,0,,,,,,,,,,,,,,,,,,,,,,,,,,,,,,,,,,,,,,,,,,,,,,,,,,,,,,,,,,,,,,,,,,,,,,,,,,,,,,,,,,,,,,,,,,,,,,,,,,,,,,,,,,,,,,,,,,,,,,,,,,,,,,,,,,,,
33a,1,0,1,0.08,company_name,,8,0,never_instantiated,0,,,,,0,0,movie_companies,,2,0,never_instantiated,0,,,,,0,0,company_name,,14,0,never_instantiated,0,,,,,0,0,movie_companies,,5,0,never_instantiated,0,,,,,0,0,kind_type,,5,0,never_instantiated,0,,,,,0,0,title,,5,0,never_instantiated,0,,,,,0,0,info_type,,15,0,never_instantiated,0,,,,,0,0,movie_info_idx,,6,0,never_instantiated,0,,,,,0,0,,kind_type,1,0,never_instantiated,0,,,,,0,0,title,,34,0,never_instantiated,0,,,,,0,0,,link_type,2,0,never_instantiated,0,,,,,0,0,,info_type,1,0,never_instantiated,0,,,,,0,0,movie_info_idx,movie_link,29997,0,never_instantiated,0,,,,,0,0,,,,,,,,,,,,,,,,,,,,,,,,,,,,,,,,,,,,
33b,1,0,1,0.10,company_name,,4,0,never_instantiated,0,,,,,0,0,movie_companies,,1,0,never_instantiated,0,,,,,0,0,company_name,,4,0,never_instantiated,0,,,,,0,0,movie_companies,,2,0,never_instantiated,0,,,,,0,0,kind_type,,2,0,never_instantiated,0,,,,,0,0,title,,2,0,never_instantiated,0,,,,,0,0,info_type,,6,0,never_instantiated,0,,,,,0,0,movie_info_idx,,2,0,never_instantiated,0,,,,,0,0,link_type,,82,0,never_instantiated,0,,,,,0,0,kind_type,,105,0,never_instantiated,0,,,,,0,0,,info_type,1,0,never_instantiated,0,,,,,0,0,movie_info_idx,,1053,0,never_instantiated,0,,,,,0,0,movie_link,title,119523,0,never_instantiated,0,,,,,0,0,,,,,,,,,,,,,,,,,,,,,,,,,,,,,,,,,,,,
33c,1,0,1,0.11,company_name,,114,0,never_instantiated,0,,,,,0,0,movie_companies,,46,0,never_instantiated,0,,,,,0,0,company_name,,51,0,never_instantiated,0,,,,,0,0,movie_companies,,19,0,never_instantiated,0,,,,,0,0,kind_type,,19,0,never_instantiated,0,,,,,0,0,title,,19,0,never_instantiated,0,,,,,0,0,info_type,,57,0,never_instantiated,0,,,,,0,0,movie_info_idx,,21,0,never_instantiated,0,,,,,0,0,,kind_type,2,0,never_instantiated,0,,,,,0,0,title,,47,0,never_instantiated,0,,,,,0,0,,link_type,2,0,never_instantiated,0,,,,,0,0,,info_type,1,0,never_instantiated,0,,,,,0,0,movie_info_idx,movie_link,29997,0,never_instantiated,0,,,,,0,0,,,,,,,,,,,,,,,,,,,,,,,,,,,,,,,,,,,,
1a,2,0,1,0.06,title,,142,0,never_instantiated,0,,,,,0,0,,company_type,1,0,never_instantiated,0,,,,,0,0,movie_companies,,250,0,never_instantiated,0,,,,,0,0,movie_info_idx,info_type,1,0,never_instantiated,0,,,,,0,0,,,,,,,,,,,,,,,,,,,,,,,,,,,,,,,,,,,,,,,,,,,,,,,,,,,,,,,,,,,,,,,,,,,,,,,,,,,,,,,,,,,,,,,,,,,,,,,,,,,,,,,,,,,,,,,,,,,,,,,,,,,,,,,,,,,,,,,,,,,,,,,,
1b,2,0,1,0.05,,company_type,1,0,never_instantiated,0,,,,,0,0,movie_companies,,4,0,never_instantiated,0,,,,,0,0,title,,10,0,never_instantiated,0,,,,,0,0,movie_info_idx,info_type,1,0,never_instantiated,0,,,,,0,0,,,,,,,,,,,,,,,,,,,,,,,,,,,,,,,,,,,,,,,,,,,,,,,,,,,,,,,,,,,,,,,,,,,,,,,,,,,,,,,,,,,,,,,,,,,,,,,,,,,,,,,,,,,,,,,,,,,,,,,,,,,,,,,,,,,,,,,,,,,,,,,,
1c,2,0,1,0.05,,company_type,1,0,never_instantiated,0,,,,,0,0,movie_companies,,12,0,never_instantiated,0,,,,,0,0,title,,250,0,never_instantiated,0,,,,,0,0,movie_info_idx,info_type,1,0,never_instantiated,0,,,,,0,0,,,,,,,,,,,,,,,,,,,,,,,,,,,,,,,,,,,,,,,,,,,,,,,,,,,,,,,,,,,,,,,,,,,,,,,,,,,,,,,,,,,,,,,,,,,,,,,,,,,,,,,,,,,,,,,,,,,,,,,,,,,,,,,,,,,,,,,,,,,,,,,,
1d,2,0,1,0.05,,company_type,1,0,never_instantiated,0,,,,,0,0,movie_companies,,6,0,never_instantiated,0,,,,,0,0,title,,10,0,never_instantiated,0,,,,,0,0,movie_info_idx,info_type,1,0,never_instantiated,0,,,,,0,0,,,,,,,,,,,,,,,,,,,,,,,,,,,,,,,,,,,,,,,,,,,,,,,,,,,,,,,,,,,,,,,,,,,,,,,,,,,,,,,,,,,,,,,,,,,,,,,,,,,,,,,,,,,,,,,,,,,,,,,,,,,,,,,,,,,,,,,,,,,,,,,,
2a,2,0,1,0.10,title,,7834,0,never_instantiated,0,,,,,0,0,company_name,,7839,0,never_instantiated,0,,,,,0,0,movie_companies,,4381,0,never_instantiated,0,,,,,0,0,movie_keyword,keyword,1,0,never_instantiated,0,,,,,0,0,,,,,,,,,,,,,,,,,,,,,,,,,,,,,,,,,,,,,,,,,,,,,,,,,,,,,,,,,,,,,,,,,,,,,,,,,,,,,,,,,,,,,,,,,,,,,,,,,,,,,,,,,,,,,,,,,,,,,,,,,,,,,,,,,,,,,,,,,,,,,,,,
2b,2,0,1,0.09,title,,5228,0,never_instantiated,0,,,,,0,0,company_name,,5259,0,never_instantiated,0,,,,,0,0,movie_companies,,2620,0,never_instantiated,0,,,,,0,0,movie_keyword,keyword,1,0,never_instantiated,0,,,,,0,0,,,,,,,,,,,,,,,,,,,,,,,,,,,,,,,,,,,,,,,,,,,,,,,,,,,,,,,,,,,,,,,,,,,,,,,,,,,,,,,,,,,,,,,,,,,,,,,,,,,,,,,,,,,,,,,,,,,,,,,,,,,,,,,,,,,,,,,,,,,,,,,,
2c,2,0,1,0.05,title,,0,0,never_instantiated,0,,,,,0,0,company_name,,0,0,never_instantiated,0,,,,,0,0,movie_companies,,0,0,never_instantiated,0,,,,,0,0,movie_keyword,keyword,1,0,never_instantiated,0,,,,,0,0,,,,,,,,,,,,,,,,,,,,,,,,,,,,,,,,,,,,,,,,,,,,,,,,,,,,,,,,,,,,,,,,,,,,,,,,,,,,,,,,,,,,,,,,,,,,,,,,,,,,,,,,,,,,,,,,,,,,,,,,,,,,,,,,,,,,,,,,,,,,,,,,
2d,2,0,1,0.13,title,,68316,0,never_instantiated,0,,,,,0,0,company_name,,148552,0,never_instantiated,0,,,,,0,0,movie_companies,,41838,0,never_instantiated,0,,,,,0,0,movie_keyword,keyword,1,0,never_instantiated,0,,,,,0,0,,,,,,,,,,,,,,,,,,,,,,,,,,,,,,,,,,,,,,,,,,,,,,,,,,,,,,,,,,,,,,,,,,,,,,,,,,,,,,,,,,,,,,,,,,,,,,,,,,,,,,,,,,,,,,,,,,,,,,,,,,,,,,,,,,,,,,,,,,,,,,,,
3a,2,0,1,0.33,,,2235,0,never_instantiated,0,,,,,0,0,movie_info,,8,0,never_instantiated,0,,,,,0,0,,title,1012683,0,never_instantiated,0,,,,,0,0,movie_keyword,keyword,30,0,never_instantiated,0,,,,,0,0,,,,,,,,,,,,,,,,,,,,,,,,,,,,,,,,,,,,,,,,,,,,,,,,,,,,,,,,,,,,,,,,,,,,,,,,,,,,,,,,,,,,,,,,,,,,,,,,,,,,,,,,,,,,,,,,,,,,,,,,,,,,,,,,,,,,,,,,,,,,,,,,
3b,2,0,1,0.27,keyword,,5,0,never_instantiated,0,,,,,0,0,movie_keyword,,3,0,never_instantiated,0,,,,,0,0,title,movie_info,3,0,never_instantiated,0,,,,,0,0,,,,,,,,,,,,,,,,,,,,,,,,,,,,,,,,,,,,,,,,,,,,,,,,,,,,,,,,,,,,,,,,,,,,,,,,,,,,,,,,,,,,,,,,,,,,,,,,,,,,,,,,,,,,,,,,,,,,,,,,,,,,,,,,,,,,,,,,,,,,,,,,,,,,,,,,,,,,
3c,2,0,1,0.36,,,7874,0,never_instantiated,0,,,,,0,0,movie_info,,10,0,never_instantiated,0,,,,,0,0,,title,1748483,0,never_instantiated,0,,,,,0,0,movie_keyword,keyword,30,0,never_instantiated,0,,,,,0,0,,,,,,,,,,,,,,,,,,,,,,,,,,,,,,,,,,,,,,,,,,,,,,,,,,,,,,,,,,,,,,,,,,,,,,,,,,,,,,,,,,,,,,,,,,,,,,,,,,,,,,,,,,,,,,,,,,,,,,,,,,,,,,,,,,,,,,,,,,,,,,,,
4a,2,0,1,0.13,keyword,,1302,0,never_instantiated,0,,,,,0,0,movie_keyword,,106021,0,never_instantiated,0,,,,,0,0,title,,352990,0,never_instantiated,0,,,,,0,0,movie_info_idx,info_type,1,0,never_instantiated,0,,,,,0,0,,,,,,,,,,,,,,,,,,,,,,,,,,,,,,,,,,,,,,,,,,,,,,,,,,,,,,,,,,,,,,,,,,,,,,,,,,,,,,,,,,,,,,,,,,,,,,,,,,,,,,,,,,,,,,,,,,,,,,,,,,,,,,,,,,,,,,,,,,,,,,,,
4b,2,0,1,0.08,keyword,,6,0,never_instantiated,0,,,,,0,0,movie_keyword,,72,0,never_instantiated,0,,,,,0,0,title,,305,0,never_instantiated,0,,,,,0,0,movie_info_idx,info_type,1,0,never_instantiated,0,,,,,0,0,,,,,,,,,,,,,,,,,,,,,,,,,,,,,,,,,,,,,,,,,,,,,,,,,,,,,,,,,,,,,,,,,,,,,,,,,,,,,,,,,,,,,,,,,,,,,,,,,,,,,,,,,,,,,,,,,,,,,,,,,,,,,,,,,,,,,,,,,,,,,,,,
4c,2,0,1,0.15,,,,,,,,,,,,,,,,,,,,,,,,,,,,,,,,,,,,,,,,,,,,,,,,,,,,,,,,,,,,,,,,,,,,,,,,,,,,,,,,,,,,,,,,,,,,,,,,,,,,,,,,,,,,,,,,,,,,,,,,,,,,,,,,,,,,,,,,,,,,,,,,,,,,,,,,,,,,,,,,,,,,,,,,,,,,,,,,,,,,,,,,,,,,,,,,
5a,2,0,1,0.05,,info_type,110,0,never_instantiated,0,,,,,0,0,,,0,0,never_instantiated,0,,,,,0,0,movie_info,,8,0,never_instantiated,0,,,,,0,0,,company_type,1,0,never_instantiated,0,,,,,0,0,title,movie_companies,0,0,never_instantiated,0,,,,,0,0,,,,,,,,,,,,,,,,,,,,,,,,,,,,,,,,,,,,,,,,,,,,,,,,,,,,,,,,,,,,,,,,,,,,,,,,,,,,,,,,,,,,,,,,,,,,,,,,,,,,,,,,,,,,,,,,,,,,,,,,,,,,,,,,,,,,
5b,2,0,1,0.09,,info_type,110,0,never_instantiated,0,,,,,0,0,movie_info,,0,0,never_instantiated,0,,,,,0,0,,company_type,1,0,never_instantiated,0,,,,,0,0,title,movie_companies,0,0,never_instantiated,0,,,,,0,0,,,,,,,,,,,,,,,,,,,,,,,,,,,,,,,,,,,,,,,,,,,,,,,,,,,,,,,,,,,,,,,,,,,,,,,,,,,,,,,,,,,,,,,,,,,,,,,,,,,,,,,,,,,,,,,,,,,,,,,,,,,,,,,,,,,,,,,,,,,,,,,,
5c,2,0,1,0.28,,info_type,110,0,never_instantiated,0,,,,,0,0,,,767,0,never_instantiated,0,,,,,0,0,movie_info,,10,0,never_instantiated,0,,,,,0,0,,company_type,1,0,never_instantiated,0,,,,,0,0,title,movie_companies,798,0,never_instantiated,0,,,,,0,0,,,,,,,,,,,,,,,,,,,,,,,,,,,,,,,,,,,,,,,,,,,,,,,,,,,,,,,,,,,,,,,,,,,,,,,,,,,,,,,,,,,,,,,,,,,,,,,,,,,,,,,,,,,,,,,,,,,,,,,,,,,,,,,,,,,,
6a,2,0,1,0.14,name,,6,0,never_instantiated,0,,,,,0,0,cast_info,,11,0,never_instantiated,0,,,,,0,0,title,,11,0,never_instantiated,0,,,,,0,0,movie_keyword,keyword,1,0,never_instantiated,0,,,,,0,0,,,,,,,,,,,,,,,,,,,,,,,,,,,,,,,,,,,,,,,,,,,,,,,,,,,,,,,,,,,,,,,,,,,,,,,,,,,,,,,,,,,,,,,,,,,,,,,,,,,,,,,,,,,,,,,,,,,,,,,,,,,,,,,,,,,,,,,,,,,,,,,,
6b,2,0,1,0.11,,name,2,0,never_instantiated,0,,,,,0,0,cast_info,,36,0,never_instantiated,0,,,,,0,0,,title,438,0,never_instantiated,0,,,,,0,0,movie_keyword,,8,0,never_instantiated,0,,,,,0,0,keyword,,8,0,never_instantiated,0,,,,,0,0,,,,,,,,,,,,,,,,,,,,,,,,,,,,,,,,,,,,,,,,,,,,,,,,,,,,,,,,,,,,,,,,,,,,,,,,,,,,,,,,,,,,,,,,,,,,,,,,,,,,,,,,,,,,,,,,,,,,,,,,,,,,,,,,,,,,
6c,2,0,1,0.10,name,,2,0,never_instantiated,0,,,,,0,0,cast_info,,2,0,never_instantiated,0,,,,,0,0,title,,2,0,never_instantiated,0,,,,,0,0,movie_keyword,keyword,1,0,never_instantiated,0,,,,,0,0,,,,,,,,,,,,,,,,,,,,,,,,,,,,,,,,,,,,,,,,,,,,,,,,,,,,,,,,,,,,,,,,,,,,,,,,,,,,,,,,,,,,,,,,,,,,,,,,,,,,,,,,,,,,,,,,,,,,,,,,,,,,,,,,,,,,,,,,,,,,,,,,
6d,2,0,1,0.20,,name,2,0,never_instantiated,0,,,,,0,0,cast_info,,14165,0,never_instantiated,0,,,,,0,0,,title,1381132,0,never_instantiated,0,,,,,0,0,movie_keyword,,8,0,never_instantiated,0,,,,,0,0,keyword,,8,0,never_instantiated,0,,,,,0,0,,,,,,,,,,,,,,,,,,,,,,,,,,,,,,,,,,,,,,,,,,,,,,,,,,,,,,,,,,,,,,,,,,,,,,,,,,,,,,,,,,,,,,,,,,,,,,,,,,,,,,,,,,,,,,,,,,,,,,,,,,,,,,,,,,,,
6e,2,0,1,0.12,name,,6,0,never_instantiated,0,,,,,0,0,cast_info,,11,0,never_instantiated,0,,,,,0,0,title,,14,0,never_instantiated,0,,,,,0,0,movie_keyword,keyword,1,0,never_instantiated,0,,,,,0,0,,,,,,,,,,,,,,,,,,,,,,,,,,,,,,,,,,,,,,,,,,,,,,,,,,,,,,,,,,,,,,,,,,,,,,,,,,,,,,,,,,,,,,,,,,,,,,,,,,,,,,,,,,,,,,,,,,,,,,,,,,,,,,,,,,,,,,,,,,,,,,,,
6f,2,0,1,0.64,,name,4061926,0,never_instantiated,0,,,,,0,0,cast_info,,14165,0,never_instantiated,0,,,,,0,0,,title,1381132,0,never_instantiated,0,,,,,0,0,movie_keyword,,8,0,never_instantiated,0,,,,,0,0,keyword,,8,0,never_instantiated,0,,,,,0,0,,,,,,,,,,,,,,,,,,,,,,,,,,,,,,,,,,,,,,,,,,,,,,,,,,,,,,,,,,,,,,,,,,,,,,,,,,,,,,,,,,,,,,,,,,,,,,,,,,,,,,,,,,,,,,,,,,,,,,,,,,,,,,,,,,,,
7a,2,0,1,0.16,title,,32,0,never_instantiated,0,,,,,0,0,link_type,,32,0,never_instantiated,0,,,,,0,0,movie_link,,30,0,never_instantiated,0,,,,,0,0,cast_info,,20,0,never_instantiated,0,,,,,0,0,aka_name,,17,0,never_instantiated,0,,,,,0,0,name,,62,0,never_instantiated,0,,,,,0,0,person_info,info_type,1,0,never_instantiated,0,,,,,0,0,,,,,,,,,,,,,,,,,,,,,,,,,,,,,,,,,,,,,,,,,,,,,,,,,,,,,,,,,,,,,,,,,,,,,,,,,,,,,,,,,,,,,,,,,,,,,,,,,,,,,,,,,,,,
7b,2,0,1,0.10,title,,16,0,never_instantiated,0,,,,,0,0,link_type,,16,0,never_instantiated,0,,,,,0,0,movie_link,,6,0,never_instantiated,0,,,,,0,0,cast_info,,3,0,never_instantiated,0,,,,,0,0,name,,10,0,never_instantiated,0,,,,,0,0,aka_name,,62,0,never_instantiated,0,,,,,0,0,person_info,info_type,1,0,never_instantiated,0,,,,,0,0,,,,,,,,,,,,,,,,,,,,,,,,,,,,,,,,,,,,,,,,,,,,,,,,,,,,,,,,,,,,,,,,,,,,,,,,,,,,,,,,,,,,,,,,,,,,,,,,,,,,,,,,,,,,
7c,2,0,1,0.46,title,,68295,0,never_instantiated,0,,,,,0,0,,link_type,4,0,never_instantiated,0,,,,,0,0,movie_link,,34229,0,never_instantiated,0,,,,,0,0,cast_info,,12595,0,never_instantiated,0,,,,,0,0,,info_type,1,0,never_instantiated,0,,,,,0,0,person_info,,12038,0,never_instantiated,0,,,,,0,0,name,aka_name,12233,0,never_instantiated,0,,,,,0,0,,,,,,,,,,,,,,,,,,,,,,,,,,,,,,,,,,,,,,,,,,,,,,,,,,,,,,,,,,,,,,,,,,,,,,,,,,,,,,,,,,,,,,,,,,,,,,,,,,,,,,,,,,,,
8a,2,0,1,0.18,title,,62,0,never_instantiated,0,,,,,0,0,aka_name,,38,0,never_instantiated,0,,,,,0,0,company_name,,39,0,never_instantiated,0,,,,,0,0,movie_companies,,25,0,never_instantiated,0,,,,,0,0,name,,4561,0,never_instantiated,0,,,,,0,0,cast_info,role_type,1,0,never_instantiated,0,,,,,0,0,,,,,,,,,,,,,,,,,,,,,,,,,,,,,,,,,,,,,,,,,,,,,,,,,,,,,,,,,,,,,,,,,,,,,,,,,,,,,,,,,,,,,,,,,,,,,,,,,,,,,,,,,,,,,,,,,,,,,,,,
8b,2,0,1,0.15,title,,6,0,never_instantiated,0,,,,,0,0,aka_name,,4,0,never_instantiated,0,,,,,0,0,company_name,,4,0,never_instantiated,0,,,,,0,0,movie_companies,,4,0,never_instantiated,0,,,,,0,0,name,,25,0,never_instantiated,0,,,,,0,0,cast_info,role_type,1,0,never_instantiated,0,,,,,0,0,,,,,,,,,,,,,,,,,,,,,,,,,,,,,,,,,,,,,,,,,,,,,,,,,,,,,,,,,,,,,,,,,,,,,,,,,,,,,,,,,,,,,,,,,,,,,,,,,,,,,,,,,,,,,,,,,,,,,,,,
8c,2,0,1,0.46,title,,2487611,0,never_instantiated,0,,,,,0,0,name,,2487611,0,never_instantiated,0,,,,,0,0,aka_name,,1970658,0,never_instantiated,0,,,,,0,0,,role_type,1,0,never_instantiated,0,,,,,0,0,cast_info,,1153798,0,never_instantiated,0,,,,,0,0,movie_companies,company_name,84843,0,never_instantiated,0,,,,,0,0,,,,,,,,,,,,,,,,,,,,,,,,,,,,,,,,,,,,,,,,,,,,,,,,,,,,,,,,,,,,,,,,,,,,,,,,,,,,,,,,,,,,,,,,,,,,,,,,,,,,,,,,,,,,,,,,,,,,,,,,
8d,2,0,1,0.25,title,,323005,0,never_instantiated,0,,,,,0,0,name,,323005,0,never_instantiated,0,,,,,0,0,aka_name,,285538,0,never_instantiated,0,,,,,0,0,,role_type,1,0,never_instantiated,0,,,,,0,0,cast_info,,1153798,0,never_instantiated,0,,,,,0,0,movie_companies,company_name,84843,0,never_instantiated,0,,,,,0,0,,,,,,,,,,,,,,,,,,,,,,,,,,,,,,,,,,,,,,,,,,,,,,,,,,,,,,,,,,,,,,,,,,,,,,,,,,,,,,,,,,,,,,,,,,,,,,,,,,,,,,,,,,,,,,,,,,,,,,,,
9a,2,0,1,0.28,char_name,,121,0,never_instantiated,0,,,,,0,0,name,,174,0,never_instantiated,0,,,,,0,0,aka_name,,153,0,never_instantiated,0,,,,,0,0,,role_type,1,0,never_instantiated,0,,,,,0,0,cast_info,,144120,0,never_instantiated,0,,,,,0,0,title,,542096,0,never_instantiated,0,,,,,0,0,movie_companies,company_name,84843,0,never_instantiated,0,,,,,0,0,,,,,,,,,,,,,,,,,,,,,,,,,,,,,,,,,,,,,,,,,,,,,,,,,,,,,,,,,,,,,,,,,,,,,,,,,,,,,,,,,,,,,,,,,,,,,,,,,,,,,,,,,,,,
9b,2,0,1,0.19,char_name,,40,0,never_instantiated,0,,,,,0,0,name,,61,0,never_instantiated,0,,,,,0,0,title,,120,0,never_instantiated,0,,,,,0,0,aka_name,,95,0,never_instantiated,0,,,,,0,0,company_name,,101,0,never_instantiated,0,,,,,0,0,movie_companies,,68,0,never_instantiated,0,,,,,0,0,cast_info,role_type,1,0,never_instantiated,0,,,,,0,0,,,,,,,,,,,,,,,,,,,,,,,,,,,,,,,,,,,,,,,,,,,,,,,,,,,,,,,,,,,,,,,,,,,,,,,,,,,,,,,,,,,,,,,,,,,,,,,,,,,,,,,,,,,,
9c,2,0,1,0.26,title,,8144,0,never_instantiated,0,,,,,0,0,char_name,,8144,0,never_instantiated,0,,,,,0,0,name,,8564,0,never_instantiated,0,,,,,0,0,aka_name,,5297,0,never_instantiated,0,,,,,0,0,,role_type,1,0,never_instantiated,0,,,,,0,0,cast_info,,1153798,0,never_instantiated,0,,,,,0,0,movie_companies,company_name,84843,0,never_instantiated,0,,,,,0,0,,,,,,,,,,,,,,,,,,,,,,,,,,,,,,,,,,,,,,,,,,,,,,,,,,,,,,,,,,,,,,,,,,,,,,,,,,,,,,,,,,,,,,,,,,,,,,,,,,,,,,,,,,,,
9d,2,0,1,0.38,title,,483082,0,never_instantiated,0,,,,,0,0,char_name,,483082,0,never_instantiated,0,,,,,0,0,name,,505250,0,never_instantiated,0,,,,,0,0,aka_name,,189554,0,never_instantiated,0,,,,,0,0,,role_type,1,0,never_instantiated,0,,,,,0,0,cast_info,,1153798,0,never_instantiated,0,,,,,0,0,movie_companies,company_name,84843,0,never_instantiated,0,,,,,0,0,,,,,,,,,,,,,,,,,,,,,,,,,,,,,,,,,,,,,,,,,,,,,,,,,,,,,,,,,,,,,,,,,,,,,,,,,,,,,,,,,,,,,,,,,,,,,,,,,,,,,,,,,,,,
10a,2,0,1,0.20,char_name,,104,0,never_instantiated,0,,,,,0,0,,company_type,2,0,never_instantiated,0,,,,,0,0,,role_type,1,0,never_instantiated,0,,,,,0,0,cast_info,,4539,0,never_instantiated,0,,,,,0,0,title,,8790,0,never_instantiated,0,,,,,0,0,movie_companies,company_name,1361,0,never_instantiated,0,,,,,0,0,,,,,,,,,,,,,,,,,,,,,,,,,,,,,,,,,,,,,,,,,,,,,,,,,,,,,,,,,,,,,,,,,,,,,,,,,,,,,,,,,,,,,,,,,,,,,,,,,,,,,,,,,,,,,,,,,,,,,,,,
10b,2,0,1,0.16,char_name,,0,0,never_instantiated,0,,,,,0,0,,company_type,2,0,never_instantiated,0,,,,,0,0,,role_type,1,0,never_instantiated,0,,,,,0,0,cast_info,,1259,0,never_instantiated,0,,,,,0,0,title,,1260,0,never_instantiated,0,,,,,0,0,movie_companies,company_name,1361,0,never_instantiated,0,,,,,0,0,,,,,,,,,,,,,,,,,,,,,,,,,,,,,,,,,,,,,,,,,,,,,,,,,,,,,,,,,,,,,,,,,,,,,,,,,,,,,,,,,,,,,,,,,,,,,,,,,,,,,,,,,,,,,,,,,,,,,,,,
10c,2,0,1,0.43,char_name,,10,0,never_instantiated,0,,,,,0,0,,role_type,11,0,never_instantiated,0,,,,,0,0,cast_info,,596250,0,never_instantiated,0,,,,,0,0,,company_type,2,0,never_instantiated,0,,,,,0,0,title,,1153798,0,never_instantiated,0,,,,,0,0,movie_companies,company_name,84843,0,never_instantiated,0,,,,,0,0,,,,,,,,,,,,,,,,,,,,,,,,,,,,,,,,,,,,,,,,,,,,,,,,,,,,,,,,,,,,,,,,,,,,,,,,,,,,,,,,,,,,,,,,,,,,,,,,,,,,,,,,,,,,,,,,,,,,,,,,
11a,2,0,1,0.07,title,,310,0,never_instantiated,0,,,,,0,0,company_type,,310,0,never_instantiated,0,,,,,0,0,company_name,,664,0,never_instantiated,0,,,,,0,0,movie_companies,,143,0,never_instantiated,0,,,,,0,0,link_type,,143,0,never_instantiated,0,,,,,0,0,movie_link,,23,0,never_instantiated,0,,,,,0,0,movie_keyword,keyword,1,0,never_instantiated,0,,,,,0,0,,,,,,,,,,,,,,,,,,,,,,,,,,,,,,,,,,,,,,,,,,,,,,,,,,,,,,,,,,,,,,,,,,,,,,,,,,,,,,,,,,,,,,,,,,,,,,,,,,,,,,,,,,,,
11b,2,0,1,0.07,company_type,,14,0,never_instantiated,0,,,,,0,0,company_name,,21,0,never_instantiated,0,,,,,0,0,movie_companies,,7,0,never_instantiated,0,,,,,0,0,link_type,,7,0,never_instantiated,0,,,,,0,0,movie_link,,1,0,never_instantiated,0,,,,,0,0,title,,1,0,never_instantiated,0,,,,,0,0,movie_keyword,keyword,1,0,never_instantiated,0,,,,,0,0,,,,,,,,,,,,,,,,,,,,,,,,,,,,,,,,,,,,,,,,,,,,,,,,,,,,,,,,,,,,,,,,,,,,,,,,,,,,,,,,,,,,,,,,,,,,,,,,,,,,,,,,,,,,
11c,2,0,1,0.08,,link_type,17,0,never_instantiated,0,,,,,0,0,keyword,,6946,0,never_instantiated,0,,,,,0,0,movie_keyword,,8393,0,never_instantiated,0,,,,,0,0,,company_type,1,0,never_instantiated,0,,,,,0,0,company_name,,8393,0,never_instantiated,0,,,,,0,0,movie_companies,,29726,0,never_instantiated,0,,,,,0,0,title,movie_link,29997,0,never_instantiated,0,,,,,0,0,,,,,,,,,,,,,,,,,,,,,,,,,,,,,,,,,,,,,,,,,,,,,,,,,,,,,,,,,,,,,,,,,,,,,,,,,,,,,,,,,,,,,,,,,,,,,,,,,,,,,,,,,,,,
11d,2,0,1,0.16,,link_type,17,0,never_instantiated,0,,,,,0,0,keyword,,14899,0,never_instantiated,0,,,,,0,0,movie_keyword,,95870,0,never_instantiated,0,,,,,0,0,,company_type,1,0,never_instantiated,0,,,,,0,0,company_name,,96891,0,never_instantiated,0,,,,,0,0,movie_companies,,29726,0,never_instantiated,0,,,,,0,0,title,movie_link,29997,0,never_instantiated,0,,,,,0,0,,,,,,,,,,,,,,,,,,,,,,,,,,,,,,,,,,,,,,,,,,,,,,,,,,,,,,,,,,,,,,,,,,,,,,,,,,,,,,,,,,,,,,,,,,,,,,,,,,,,,,,,,,,,
12a,2,0,1,0.09,,info_type,1,0,never_instantiated,0,,,,,0,0,movie_info,,5674,0,never_instantiated,0,,,,,0,0,,company_type,1,0,never_instantiated,0,,,,,0,0,,company_name,84843,0,never_instantiated,0,,,,,0,0,movie_companies,,4047,0,never_instantiated,0,,,,,0,0,title,,15849,0,never_instantiated,0,,,,,0,0,movie_info_idx,info_type,1,0,never_instantiated,0,,,,,0,0,,,,,,,,,,,,,,,,,,,,,,,,,,,,,,,,,,,,,,,,,,,,,,,,,,,,,,,,,,,,,,,,,,,,,,,,,,,,,,,,,,,,,,,,,,,,,,,,,,,,,,,,,,,,
12b,2,0,1,0.07,,info_type,1,0,never_instantiated,0,,,,,0,0,movie_info,,10,0,never_instantiated,0,,,,,0,0,,info_type,1,0,never_instantiated,0,,,,,0,0,movie_info_idx,,10,0,never_instantiated,0,,,,,0,0,,company_type,2,0,never_instantiated,0,,,,,0,0,title,,10,0,never_instantiated,0,,,,,0,0,movie_companies,company_name,84843,0,never_instantiated,0,,,,,0,0,,,,,,,,,,,,,,,,,,,,,,,,,,,,,,,,,,,,,,,,,,,,,,,,,,,,,,,,,,,,,,,,,,,,,,,,,,,,,,,,,,,,,,,,,,,,,,,,,,,,,,,,,,,,
12c,2,0,1,0.11,,info_type,1,0,never_instantiated,0,,,,,0,0,movie_info,,42332,0,never_instantiated,0,,,,,0,0,,company_type,1,0,never_instantiated,0,,,,,0,0,,company_name,84843,0,never_instantiated,0,,,,,0,0,movie_companies,,52303,0,never_instantiated,0,,,,,0,0,title,,121571,0,never_instantiated,0,,,,,0,0,movie_info_idx,info_type,1,0,never_instantiated,0,,,,,0,0,,,,,,,,,,,,,,,,,,,,,,,,,,,,,,,,,,,,,,,,,,,,,,,,,,,,,,,,,,,,,,,,,,,,,,,,,,,,,,,,,,,,,,,,,,,,,,,,,,,,,,,,,,,,
13a,2,0,1,0.12,,info_type,1,0,never_instantiated,0,,,,,0,0,movie_info,,16470,0,never_instantiated,0,,,,,0,0,,kind_type,1,0,never_instantiated,0,,,,,0,0,title,,31510,0,never_instantiated,0,,,,,0,0,,info_type,1,0,never_instantiated,0,,,,,0,0,movie_info_idx,,71294,0,never_instantiated,0,,,,,0,0,,company_type,1,0,never_instantiated,0,,,,,0,0,movie_companies,company_name,9775,0,never_instantiated,0,,,,,0,0,,,,,,,,,,,,,,,,,,,,,,,,,,,,,,,,,,,,,,,,,,,,,,,,,,,,,,,,,,,,,,,,,,,,,,,,,,,,,,,,,,,,,,,,,,,,,,,,
13b,2,0,1,0.09,,info_type,1,0,never_instantiated,0,,,,,0,0,movie_info,,61,0,never_instantiated,0,,,,,0,0,,info_type,1,0,never_instantiated,0,,,,,0,0,movie_info_idx,,203,0,never_instantiated,0,,,,,0,0,,company_type,1,0,never_instantiated,0,,,,,0,0,,kind_type,1,0,never_instantiated,0,,,,,0,0,title,,431,0,never_instantiated,0,,,,,0,0,movie_companies,company_name,84843,0,never_instantiated,0,,,,,0,0,,,,,,,,,,,,,,,,,,,,,,,,,,,,,,,,,,,,,,,,,,,,,,,,,,,,,,,,,,,,,,,,,,,,,,,,,,,,,,,,,,,,,,,,,,,,,,,,
13c,2,0,1,0.08,,info_type,1,0,never_instantiated,0,,,,,0,0,movie_info,,14,0,never_instantiated,0,,,,,0,0,,info_type,1,0,never_instantiated,0,,,,,0,0,movie_info_idx,,36,0,never_instantiated,0,,,,,0,0,,company_type,1,0,never_instantiated,0,,,,,0,0,,kind_type,1,0,never_instantiated,0,,,,,0,0,title,,56,0,never_instantiated,0,,,,,0,0,movie_companies,company_name,84843,0,never_instantiated,0,,,,,0,0,,,,,,,,,,,,,,,,,,,,,,,,,,,,,,,,,,,,,,,,,,,,,,,,,,,,,,,,,,,,,,,,,,,,,,,,,,,,,,,,,,,,,,,,,,,,,,,,
13d,2,0,1,0.20,,info_type,1,0,never_instantiated,0,,,,,0,0,movie_info,,87293,0,never_instantiated,0,,,,,0,0,,kind_type,1,0,never_instantiated,0,,,,,0,0,title,,248554,0,never_instantiated,0,,,,,0,0,,info_type,1,0,never_instantiated,0,,,,,0,0,movie_info_idx,,552328,0,never_instantiated,0,,,,,0,0,,company_type,1,0,never_instantiated,0,,,,,0,0,movie_companies,company_name,84843,0,never_instantiated,0,,,,,0,0,,,,,,,,,,,,,,,,,,,,,,,,,,,,,,,,,,,,,,,,,,,,,,,,,,,,,,,,,,,,,,,,,,,,,,,,,,,,,,,,,,,,,,,,,,,,,,,,
14a,2,0,1,0.12,keyword,,761,0,never_instantiated,0,,,,,0,0,movie_keyword,,528,0,never_instantiated,0,,,,,0,0,,info_type,1,0,never_instantiated,0,,,,,0,0,,,17272,0,never_instantiated,0,,,,,0,0,movie_info,,10,0,never_instantiated,0,,,,,0,0,,kind_type,1,0,never_instantiated,0,,,,,0,0,title,,454230,0,never_instantiated,0,,,,,0,0,movie_info_idx,info_type,1,0,never_instantiated,0,,,,,0,0,,,,,,,,,,,,,,,,,,,,,,,,,,,,,,,,,,,,,,,,,,,,,,,,,,,,,,,,,,,,,,,,,,,,,,,,,,,,,,,,,,,,,,,,,,,,,,,,
14b,2,0,1,0.09,keyword,,1,0,never_instantiated,0,,,,,0,0,movie_keyword,,1,0,never_instantiated,0,,,,,0,0,,info_type,1,0,never_instantiated,0,,,,,0,0,,,4,0,never_instantiated,0,,,,,0,0,movie_info,,10,0,never_instantiated,0,,,,,0,0,,kind_type,1,0,never_instantiated,0,,,,,0,0,title,,259848,0,never_instantiated,0,,,,,0,0,movie_info_idx,info_type,1,0,never_instantiated,0,,,,,0,0,,,,,,,,,,,,,,,,,,,,,,,,,,,,,,,,,,,,,,,,,,,,,,,,,,,,,,,,,,,,,,,,,,,,,,,,,,,,,,,,,,,,,,,,,,,,,,,,
14c,2,0,1,0.15,keyword,,4115,0,never_instantiated,0,,,,,0,0,movie_keyword,,2745,0,never_instantiated,0,,,,,0,0,,info_type,1,0,never_instantiated,0,,,,,0,0,,,106971,0,never_instantiated,0,,,,,0,0,movie_info,,10,0,never_instantiated,0,,,,,0,0,,kind_type,2,0,never_instantiated,0,,,,,0,0,title,,454230,0,never_instantiated,0,,,,,0,0,movie_info_idx,info_type,1,0,never_instantiated,0,,,,,0,0,,,,,,,,,,,,,,,,,,,,,,,,,,,,,,,,,,,,,,,,,,,,,,,,,,,,,,,,,,,,,,,,,,,,,,,,,,,,,,,,,,,,,,,,,,,,,,,,
15a,2,0,1,0.22,keyword,,328,0,never_instantiated,0,,,,,0,0,movie_keyword,,27,0,never_instantiated,0,,,,,0,0,company_type,,27,0,never_instantiated,0,,,,,0,0,title,,41,0,never_instantiated,0,,,,,0,0,,info_type,1,0,never_instantiated,0,,,,,0,0,movie_info,,13699,0,never_instantiated,0,,,,,0,0,aka_title,,43837,0,never_instantiated,0,,,,,0,0,movie_companies,company_name,84843,0,never_instantiated,0,,,,,0,0,,,,,,,,,,,,,,,,,,,,,,,,,,,,,,,,,,,,,,,,,,,,,,,,,,,,,,,,,,,,,,,,,,,,,,,,,,,,,,,,,,,,,,,,,,,,,,,,
15b,2,0,1,0.19,keyword,,37,0,never_instantiated,0,,,,,0,0,movie_keyword,,2,0,never_instantiated,0,,,,,0,0,company_type,,2,0,never_instantiated,0,,,,,0,0,title,,2,0,never_instantiated,0,,,,,0,0,info_type,,2,0,never_instantiated,0,,,,,0,0,movie_info,,27,0,never_instantiated,0,,,,,0,0,aka_title,,278,0,never_instantiated,0,,,,,0,0,movie_companies,company_name,1,0,never_instantiated,0,,,,,0,0,,,,,,,,,,,,,,,,,,,,,,,,,,,,,,,,,,,,,,,,,,,,,,,,,,,,,,,,,,,,,,,,,,,,,,,,,,,,,,,,,,,,,,,,,,,,,,,,
15c,2,0,1,0.31,keyword,,2271,0,never_instantiated,0,,,,,0,0,movie_keyword,,284,0,never_instantiated,0,,,,,0,0,,company_type,2,0,never_instantiated,0,,,,,0,0,,info_type,1,0,never_instantiated,0,,,,,0,0,movie_info,,218489,0,never_instantiated,0,,,,,0,0,title,,627946,0,never_instantiated,0,,,,,0,0,aka_title,,1153657,0,never_instantiated,0,,,,,0,0,movie_companies,company_name,84843,0,never_instantiated,0,,,,,0,0,,,,,,,,,,,,,,,,,,,,,,,,,,,,,,,,,,,,,,,,,,,,,,,,,,,,,,,,,,,,,,,,,,,,,,,,,,,,,,,,,,,,,,,,,,,,,,,,
15d,2,0,1,0.28,keyword,,11347,0,never_instantiated,0,,,,,0,0,movie_keyword,,875,0,never_instantiated,0,,,,,0,0,,company_type,2,0,never_instantiated,0,,,,,0,0,,info_type,1,0,never_instantiated,0,,,,,0,0,movie_info,,218489,0,never_instantiated,0,,,,,0,0,title,,627946,0,never_instantiated,0,,,,,0,0,aka_title,,1153657,0,never_instantiated,0,,,,,0,0,movie_companies,company_name,84843,0,never_instantiated,0,,,,,0,0,,,,,,,,,,,,,,,,,,,,,,,,,,,,,,,,,,,,,,,,,,,,,,,,,,,,,,,,,,,,,,,,,,,,,,,,,,,,,,,,,,,,,,,,,,,,,,,,
16a,2,0,1,0.19,name,,385,0,never_instantiated,0,,,,,0,0,aka_name,,323,0,never_instantiated,0,,,,,0,0,cast_info,,25,0,never_instantiated,0,,,,,0,0,company_name,,54,0,never_instantiated,0,,,,,0,0,movie_companies,,146,0,never_instantiated,0,,,,,0,0,title,,146,0,never_instantiated,0,,,,,0,0,movie_keyword,keyword,1,0,never_instantiated,0,,,,,0,0,,,,,,,,,,,,,,,,,,,,,,,,,,,,,,,,,,,,,,,,,,,,,,,,,,,,,,,,,,,,,,,,,,,,,,,,,,,,,,,,,,,,,,,,,,,,,,,,,,,,,,,,,,,,
16b,2,0,1,0.61,title,,3710592,0,never_instantiated,0,,,,,0,0,name,,3710592,0,never_instantiated,0,,,,,0,0,aka_name,,2832555,0,never_instantiated,0,,,,,0,0,cast_info,,68316,0,never_instantiated,0,,,,,0,0,company_name,,148552,0,never_instantiated,0,,,,,0,0,movie_companies,,41838,0,never_instantiated,0,,,,,0,0,movie_keyword,keyword,1,0,never_instantiated,0,,,,,0,0,,,,,,,,,,,,,,,,,,,,,,,,,,,,,,,,,,,,,,,,,,,,,,,,,,,,,,,,,,,,,,,,,,,,,,,,,,,,,,,,,,,,,,,,,,,,,,,,,,,,,,,,,,,,
16c,2,0,1,0.29,name,,319932,0,never_instantiated,0,,,,,0,0,aka_name,,221609,0,never_instantiated,0,,,,,0,0,cast_info,,8538,0,never_instantiated,0,,,,,0,0,company_name,,11406,0,never_instantiated,0,,,,,0,0,movie_companies,,6926,0,never_instantiated,0,,,,,0,0,title,,41838,0,never_instantiated,0,,,,,0,0,movie_keyword,keyword,1,0,never_instantiated,0,,,,,0,0,,,,,,,,,,,,,,,,,,,,,,,,,,,,,,,,,,,,,,,,,,,,,,,,,,,,,,,,,,,,,,,,,,,,,,,,,,,,,,,,,,,,,,,,,,,,,,,,,,,,,,,,,,,,
16d,2,0,1,0.27,name,,249455,0,never_instantiated,0,,,,,0,0,aka_name,,169273,0,never_instantiated,0,,,,,0,0,cast_info,,6766,0,never_instantiated,0,,,,,0,0,company_name,,8661,0,never_instantiated,0,,,,,0,0,movie_companies,,5385,0,never_instantiated,0,,,,,0,0,title,,41838,0,never_instantiated,0,,,,,0,0,movie_keyword,keyword,1,0,never_instantiated,0,,,,,0,0,,,,,,,,,,,,,,,,,,,,,,,,,,,,,,,,,,,,,,,,,,,,,,,,,,,,,,,,,,,,,,,,,,,,,,,,,,,,,,,,,,,,,,,,,,,,,,,,,,,,,,,,,,,,
17a,2,0,1,0.33,title,,258289,0,never_instantiated,0,,,,,0,0,name,,2832555,0,never_instantiated,0,,,,,0,0,cast_info,,68316,0,never_instantiated,0,,,,,0,0,company_name,,148552,0,never_instantiated,0,,,,,0,0,movie_companies,,41838,0,never_instantiated,0,,,,,0,0,movie_keyword,keyword,1,0,never_instantiated,0,,,,,0,0,,,,,,,,,,,,,,,,,,,,,,,,,,,,,,,,,,,,,,,,,,,,,,,,,,,,,,,,,,,,,,,,,,,,,,,,,,,,,,,,,,,,,,,,,,,,,,,,,,,,,,,,,,,,,,,,,,,,,,,,
17b,2,0,1,0.42,title,,52306,0,never_instantiated,0,,,,,0,0,name,,7796926,0,never_instantiated,0,,,,,0,0,cast_info,,148552,0,never_instantiated,0,,,,,0,0,company_name,,148552,0,never_instantiated,0,,,,,0,0,movie_companies,,41838,0,never_instantiated,0,,,,,0,0,movie_keyword,keyword,1,0,never_instantiated,0,,,,,0,0,,,,,,,,,,,,,,,,,,,,,,,,,,,,,,,,,,,,,,,,,,,,,,,,,,,,,,,,,,,,,,,,,,,,,,,,,,,,,,,,,,,,,,,,,,,,,,,,,,,,,,,,,,,,,,,,,,,,,,,,
17c,2,0,1,0.20,title,,1918,0,never_instantiated,0,,,,,0,0,name,,3151,0,never_instantiated,0,,,,,0,0,cast_info,,148552,0,never_instantiated,0,,,,,0,0,company_name,,148552,0,never_instantiated,0,,,,,0,0,movie_companies,,41838,0,never_instantiated,0,,,,,0,0,movie_keyword,keyword,1,0,never_instantiated,0,,,,,0,0,,,,,,,,,,,,,,,,,,,,,,,,,,,,,,,,,,,,,,,,,,,,,,,,,,,,,,,,,,,,,,,,,,,,,,,,,,,,,,,,,,,,,,,,,,,,,,,,,,,,,,,,,,,,,,,,,,,,,,,,
17d,2,0,1,0.26,title,,11538,0,never_instantiated,0,,,,,0,0,name,,13400,0,never_instantiated,0,,,,,0,0,cast_info,,148552,0,never_instantiated,0,,,,,0,0,company_name,,148552,0,never_instantiated,0,,,,,0,0,movie_companies,,41838,0,never_instantiated,0,,,,,0,0,movie_keyword,keyword,1,0,never_instantiated,0,,,,,0,0,,,,,,,,,,,,,,,,,,,,,,,,,,,,,,,,,,,,,,,,,,,,,,,,,,,,,,,,,,,,,,,,,,,,,,,,,,,,,,,,,,,,,,,,,,,,,,,,,,,,,,,,,,,,,,,,,,,,,,,,
17e,2,0,1,0.37,name,,2832555,0,never_instantiated,0,,,,,0,0,cast_info,,68316,0,never_instantiated,0,,,,,0,0,title,,68316,0,never_instantiated,0,,,,,0,0,company_name,,148552,0,never_instantiated,0,,,,,0,0,movie_companies,,41838,0,never_instantiated,0,,,,,0,0,movie_keyword,keyword,1,0,never_instantiated,0,,,,,0,0,,,,,,,,,,,,,,,,,,,,,,,,,,,,,,,,,,,,,,,,,,,,,,,,,,,,,,,,,,,,,,,,,,,,,,,,,,,,,,,,,,,,,,,,,,,,,,,,,,,,,,,,,,,,,,,,,,,,,,,,
17f,2,0,1,0.38,title,,1113120,0,never_instantiated,0,,,,,0,0,name,,1637166,0,never_instantiated,0,,,,,0,0,cast_info,,148552,0,never_instantiated,0,,,,,0,0,company_name,,148552,0,never_instantiated,0,,,,,0,0,movie_companies,,41838,0,never_instantiated,0,,,,,0,0,movie_keyword,keyword,1,0,never_instantiated,0,,,,,0,0,,,,,,,,,,,,,,,,,,,,,,,,,,,,,,,,,,,,,,,,,,,,,,,,,,,,,,,,,,,,,,,,,,,,,,,,,,,,,,,,,,,,,,,,,,,,,,,,,,,,,,,,,,,,,,,,,,,,,,,,
18a,2,0,1,0.30,title,,410,0,never_instantiated,0,,,,,0,0,name,,422,0,never_instantiated,0,,,,,0,0,cast_info,,45431,0,never_instantiated,0,,,,,0,0,,info_type,1,0,never_instantiated,0,,,,,0,0,movie_info,,459925,0,never_instantiated,0,,,,,0,0,movie_info_idx,info_type,1,0,never_instantiated,0,,,,,0,0,,,,,,,,,,,,,,,,,,,,,,,,,,,,,,,,,,,,,,,,,,,,,,,,,,,,,,,,,,,,,,,,,,,,,,,,,,,,,,,,,,,,,,,,,,,,,,,,,,,,,,,,,,,,,,,,,,,,,,,,
18b,2,0,1,0.28,name,,268,0,never_instantiated,0,,,,,0,0,,,358,0,never_instantiated,0,,,,,0,0,cast_info,,5,0,never_instantiated,0,,,,,0,0,title,,359,0,never_instantiated,0,,,,,0,0,,info_type,1,0,never_instantiated,0,,,,,0,0,movie_info,,15849,0,never_instantiated,0,,,,,0,0,movie_info_idx,info_type,1,0,never_instantiated,0,,,,,0,0,,,,,,,,,,,,,,,,,,,,,,,,,,,,,,,,,,,,,,,,,,,,,,,,,,,,,,,,,,,,,,,,,,,,,,,,,,,,,,,,,,,,,,,,,,,,,,,,,,,,,,,,,,,,
18c,2,0,1,0.42,title,,28073,0,never_instantiated,0,,,,,0,0,name,,54155,0,never_instantiated,0,,,,,0,0,,,102516,0,never_instantiated,0,,,,,0,0,cast_info,,5,0,never_instantiated,0,,,,,0,0,,info_type,1,0,never_instantiated,0,,,,,0,0,,,459925,0,never_instantiated,0,,,,,0,0,movie_info,,6,0,never_instantiated,0,,,,,0,0,movie_info_idx,info_type,1,0,never_instantiated,0,,,,,0,0,,,,,,,,,,,,,,,,,,,,,,,,,,,,,,,,,,,,,,,,,,,,,,,,,,,,,,,,,,,,,,,,,,,,,,,,,,,,,,,,,,,,,,,,,,,,,,,,
19a,2,0,1,0.33,char_name,,184,0,never_instantiated,0,,,,,0,0,name,,248,0,never_instantiated,0,,,,,0,0,aka_name,,197,0,never_instantiated,0,,,,,0,0,,role_type,1,0,never_instantiated,0,,,,,0,0,cast_info,,116277,0,never_instantiated,0,,,,,0,0,,info_type,1,0,never_instantiated,0,,,,,0,0,movie_info,,86979,0,never_instantiated,0,,,,,0,0,title,,542096,0,never_instantiated,0,,,,,0,0,movie_companies,company_name,84843,0,never_instantiated,0,,,,,0,0,,,,,,,,,,,,,,,,,,,,,,,,,,,,,,,,,,,,,,,,,,,,,,,,,,,,,,,,,,,,,,,,,,,,,,,,,,,,,,,,,,,,
19b,2,0,1,0.22,char_name,,15,0,never_instantiated,0,,,,,0,0,info_type,,15,0,never_instantiated,0,,,,,0,0,movie_info,,15,0,never_instantiated,0,,,,,0,0,name,,15,0,never_instantiated,0,,,,,0,0,title,,15,0,never_instantiated,0,,,,,0,0,aka_name,,3,0,never_instantiated,0,,,,,0,0,company_name,,3,0,never_instantiated,0,,,,,0,0,movie_companies,,1,0,never_instantiated,0,,,,,0,0,cast_info,role_type,1,0,never_instantiated,0,,,,,0,0,,,,,,,,,,,,,,,,,,,,,,,,,,,,,,,,,,,,,,,,,,,,,,,,,,,,,,,,,,,,,,,,,,,,,,,,,,,,,,,,,,,,
19c,2,0,1,0.38,char_name,,3575,0,never_instantiated,0,,,,,0,0,name,,3786,0,never_instantiated,0,,,,,0,0,aka_name,,2864,0,never_instantiated,0,,,,,0,0,,role_type,1,0,never_instantiated,0,,,,,0,0,cast_info,,391371,0,never_instantiated,0,,,,,0,0,,info_type,1,0,never_instantiated,0,,,,,0,0,movie_info,,468787,0,never_instantiated,0,,,,,0,0,title,,1153798,0,never_instantiated,0,,,,,0,0,movie_companies,company_name,84843,0,never_instantiated,0,,,,,0,0,,,,,,,,,,,,,,,,,,,,,,,,,,,,,,,,,,,,,,,,,,,,,,,,,,,,,,,,,,,,,,,,,,,,,,,,,,,,,,,,,,,,
19d,2,0,1,0.46,char_name,,1760645,0,never_instantiated,0,,,,,0,0,,info_type,1,0,never_instantiated,0,,,,,0,0,movie_info,,276408,0,never_instantiated,0,,,,,0,0,name,,276501,0,never_instantiated,0,,,,,0,0,aka_name,,104391,0,never_instantiated,0,,,,,0,0,,role_type,1,0,never_instantiated,0,,,,,0,0,cast_info,,468787,0,never_instantiated,0,,,,,0,0,title,,1153798,0,never_instantiated,0,,,,,0,0,movie_companies,company_name,84843,0,never_instantiated,0,,,,,0,0,,,,,,,,,,,,,,,,,,,,,,,,,,,,,,,,,,,,,,,,,,,,,,,,,,,,,,,,,,,,,,,,,,,,,,,,,,,,,,,,,,,,
20a,2,0,1,0.28,name,,33,0,never_instantiated,0,,,,,0,0,char_name,,310,0,never_instantiated,0,,,,,0,0,cast_info,,6016,0,never_instantiated,0,,,,,0,0,,,6016,0,never_instantiated,0,,,,,0,0,keyword,,8,0,never_instantiated,0,,,,,0,0,movie_keyword,,27939,0,never_instantiated,0,,,,,0,0,,comp_cast_type,2,0,never_instantiated,0,,,,,0,0,,comp_cast_type,1,0,never_instantiated,0,,,,,0,0,,kind_type,1,0,never_instantiated,0,,,,,0,0,title,complete_cast,84165,0,never_instantiated,0,,,,,0,0,,,,,,,,,,,,,,,,,,,,,,,,,,,,,,,,,,,,,,,,,,,,,,,,,,,,,,,,,,,,,,,,,,,,,,,,
20b,2,0,1,0.22,char_name,,17,0,never_instantiated,0,,,,,0,0,name,,17,0,never_instantiated,0,,,,,0,0,cast_info,,1472,0,never_instantiated,0,,,,,0,0,,,1472,0,never_instantiated,0,,,,,0,0,keyword,,8,0,never_instantiated,0,,,,,0,0,movie_keyword,,4589,0,never_instantiated,0,,,,,0,0,,comp_cast_type,2,0,never_instantiated,0,,,,,0,0,,comp_cast_type,1,0,never_instantiated,0,,,,,0,0,,kind_type,1,0,never_instantiated,0,,,,,0,0,title,complete_cast,84165,0,never_instantiated,0,,,,,0,0,,,,,,,,,,,,,,,,,,,,,,,,,,,,,,,,,,,,,,,,,,,,,,,,,,,,,,,,,,,,,,,,,,,,,,,,
20c,2,0,1,0.29,name,,5406,0,never_instantiated,0,,,,,0,0,char_name,,5437,0,never_instantiated,0,,,,,0,0,cast_info,,1267,0,never_instantiated,0,,,,,0,0,,,1267,0,never_instantiated,0,,,,,0,0,keyword,,10,0,never_instantiated,0,,,,,0,0,movie_keyword,,4589,0,never_instantiated,0,,,,,0,0,,comp_cast_type,2,0,never_instantiated,0,,,,,0,0,,comp_cast_type,1,0,never_instantiated,0,,,,,0,0,,kind_type,1,0,never_instantiated,0,,,,,0,0,title,complete_cast,84165,0,never_instantiated,0,,,,,0,0,,,,,,,,,,,,,,,,,,,,,,,,,,,,,,,,,,,,,,,,,,,,,,,,,,,,,,,,,,,,,,,,,,,,,,,,
21a,2,0,1,0.11,,,310,0,never_instantiated,0,,,,,0,0,movie_info,,8,0,never_instantiated,0,,,,,0,0,company_type,,310,0,never_instantiated,0,,,,,0,0,title,,310,0,never_instantiated,0,,,,,0,0,company_name,,664,0,never_instantiated,0,,,,,0,0,movie_companies,,143,0,never_instantiated,0,,,,,0,0,link_type,,143,0,never_instantiated,0,,,,,0,0,movie_link,,23,0,never_instantiated,0,,,,,0,0,movie_keyword,keyword,1,0,never_instantiated,0,,,,,0,0,,,,,,,,,,,,,,,,,,,,,,,,,,,,,,,,,,,,,,,,,,,,,,,,,,,,,,,,,,,,,,,,,,,,,,,,,,,,,,,,,,,,
21b,2,0,1,0.08,movie_info,,92,0,never_instantiated,0,,,,,0,0,company_type,,92,0,never_instantiated,0,,,,,0,0,title,,92,0,never_instantiated,0,,,,,0,0,company_name,,299,0,never_instantiated,0,,,,,0,0,movie_companies,,48,0,never_instantiated,0,,,,,0,0,link_type,,48,0,never_instantiated,0,,,,,0,0,movie_link,,5,0,never_instantiated,0,,,,,0,0,movie_keyword,keyword,1,0,never_instantiated,0,,,,,0,0,,,,,,,,,,,,,,,,,,,,,,,,,,,,,,,,,,,,,,,,,,,,,,,,,,,,,,,,,,,,,,,,,,,,,,,,,,,,,,,,,,,,,,,,,,,,,,,,
21c,2,0,1,0.11,,,402,0,never_instantiated,0,,,,,0,0,movie_info,,9,0,never_instantiated,0,,,,,0,0,company_type,,402,0,never_instantiated,0,,,,,0,0,title,,402,0,never_instantiated,0,,,,,0,0,company_name,,962,0,never_instantiated,0,,,,,0,0,movie_companies,,190,0,never_instantiated,0,,,,,0,0,link_type,,190,0,never_instantiated,0,,,,,0,0,movie_link,,27,0,never_instantiated,0,,,,,0,0,movie_keyword,keyword,1,0,never_instantiated,0,,,,,0,0,,,,,,,,,,,,,,,,,,,,,,,,,,,,,,,,,,,,,,,,,,,,,,,,,,,,,,,,,,,,,,,,,,,,,,,,,,,,,,,,,,,,
22a,2,0,1,0.19,company_type,,2851,0,never_instantiated,0,,,,,0,0,keyword,,2851,0,never_instantiated,0,,,,,0,0,movie_keyword,,1509,0,never_instantiated,0,,,,,0,0,,info_type,1,0,never_instantiated,0,,,,,0,0,movie_info,,6816,0,never_instantiated,0,,,,,0,0,company_name,,7820,0,never_instantiated,0,,,,,0,0,movie_companies,,40853,0,never_instantiated,0,,,,,0,0,,kind_type,2,0,never_instantiated,0,,,,,0,0,title,,324111,0,never_instantiated,0,,,,,0,0,movie_info_idx,info_type,1,0,never_instantiated,0,,,,,0,0,,,,,,,,,,,,,,,,,,,,,,,,,,,,,,,,,,,,,,,,,,,,,,,,,,,,,,,,,,,,,,,,,,,,,,,,
22b,2,0,1,0.18,company_type,,31,0,never_instantiated,0,,,,,0,0,keyword,,31,0,never_instantiated,0,,,,,0,0,movie_keyword,,17,0,never_instantiated,0,,,,,0,0,,info_type,1,0,never_instantiated,0,,,,,0,0,movie_info,,347,0,never_instantiated,0,,,,,0,0,company_name,,488,0,never_instantiated,0,,,,,0,0,movie_companies,,31111,0,never_instantiated,0,,,,,0,0,,kind_type,2,0,never_instantiated,0,,,,,0,0,title,,324111,0,never_instantiated,0,,,,,0,0,movie_info_idx,info_type,1,0,never_instantiated,0,,,,,0,0,,,,,,,,,,,,,,,,,,,,,,,,,,,,,,,,,,,,,,,,,,,,,,,,,,,,,,,,,,,,,,,,,,,,,,,,
22c,2,0,1,0.25,company_type,,21489,0,never_instantiated,0,,,,,0,0,keyword,,21489,0,never_instantiated,0,,,,,0,0,movie_keyword,,11376,0,never_instantiated,0,,,,,0,0,,info_type,1,0,never_instantiated,0,,,,,0,0,,,56007,0,never_instantiated,0,,,,,0,0,movie_info,,10,0,never_instantiated,0,,,,,0,0,company_name,,61806,0,never_instantiated,0,,,,,0,0,movie_companies,,106968,0,never_instantiated,0,,,,,0,0,,kind_type,2,0,never_instantiated,0,,,,,0,0,title,,454222,0,never_instantiated,0,,,,,0,0,movie_info_idx,info_type,1,0,never_instantiated,0,,,,,0,0,,,,,,,,,,,,,,,,,,,,,,,,,,,,,,,,,,,,,,,,,,,,,,,,,,,,,,,,,,,,
22d,2,0,1,0.22,company_type,,46281,0,never_instantiated,0,,,,,0,0,keyword,,46281,0,never_instantiated,0,,,,,0,0,movie_keyword,,25671,0,never_instantiated,0,,,,,0,0,company_name,,36808,0,never_instantiated,0,,,,,0,0,movie_companies,,2745,0,never_instantiated,0,,,,,0,0,,info_type,1,0,never_instantiated,0,,,,,0,0,,,106968,0,never_instantiated,0,,,,,0,0,movie_info,,10,0,never_instantiated,0,,,,,0,0,,kind_type,2,0,never_instantiated,0,,,,,0,0,title,,454222,0,never_instantiated,0,,,,,0,0,movie_info_idx,info_type,1,0,never_instantiated,0,,,,,0,0,,,,,,,,,,,,,,,,,,,,,,,,,,,,,,,,,,,,,,,,,,,,,,,,,,,,,,,,,,,,
23a,2,0,1,0.19,keyword,,618,0,never_instantiated,0,,,,,0,0,movie_keyword,,6,0,never_instantiated,0,,,,,0,0,company_type,,6,0,never_instantiated,0,,,,,0,0,,info_type,1,0,never_instantiated,0,,,,,0,0,movie_info,,5763,0,never_instantiated,0,,,,,0,0,,comp_cast_type,1,0,never_instantiated,0,,,,,0,0,,kind_type,1,0,never_instantiated,0,,,,,0,0,title,,5997,0,never_instantiated,0,,,,,0,0,complete_cast,,6914,0,never_instantiated,0,,,,,0,0,movie_companies,company_name,84843,0,never_instantiated,0,,,,,0,0,,,,,,,,,,,,,,,,,,,,,,,,,,,,,,,,,,,,,,,,,,,,,,,,,,,,,,,,,,,,,,,,,,,,,,,,
23b,2,0,1,0.19,company_type,,16,0,never_instantiated,0,,,,,0,0,keyword,,16,0,never_instantiated,0,,,,,0,0,movie_keyword,,4,0,never_instantiated,0,,,,,0,0,company_name,,4,0,never_instantiated,0,,,,,0,0,movie_companies,,4,0,never_instantiated,0,,,,,0,0,,comp_cast_type,1,0,never_instantiated,0,,,,,0,0,,kind_type,1,0,never_instantiated,0,,,,,0,0,title,,4,0,never_instantiated,0,,,,,0,0,complete_cast,,2,0,never_instantiated,0,,,,,0,0,movie_info,info_type,1,0,never_instantiated,0,,,,,0,0,,,,,,,,,,,,,,,,,,,,,,,,,,,,,,,,,,,,,,,,,,,,,,,,,,,,,,,,,,,,,,,,,,,,,,,,
23c,2,0,1,0.22,keyword,,628,0,never_instantiated,0,,,,,0,0,movie_keyword,,7,0,never_instantiated,0,,,,,0,0,company_type,,7,0,never_instantiated,0,,,,,0,0,,info_type,1,0,never_instantiated,0,,,,,0,0,movie_info,,21851,0,never_instantiated,0,,,,,0,0,,comp_cast_type,1,0,never_instantiated,0,,,,,0,0,,kind_type,4,0,never_instantiated,0,,,,,0,0,title,,21879,0,never_instantiated,0,,,,,0,0,complete_cast,,18979,0,never_instantiated,0,,,,,0,0,movie_companies,company_name,84843,0,never_instantiated,0,,,,,0,0,,,,,,,,,,,,,,,,,,,,,,,,,,,,,,,,,,,,,,,,,,,,,,,,,,,,,,,,,,,,,,,,,,,,,,,,
24a,2,0,1,0.33,char_name,,275,0,never_instantiated,0,,,,,0,0,name,,277,0,never_instantiated,0,,,,,0,0,aka_name,,143,0,never_instantiated,0,,,,,0,0,,role_type,1,0,never_instantiated,0,,,,,0,0,cast_info,,3406,0,never_instantiated,0,,,,,0,0,keyword,,3406,0,never_instantiated,0,,,,,0,0,movie_keyword,,2062,0,never_instantiated,0,,,,,0,0,,info_type,1,0,never_instantiated,0,,,,,0,0,movie_info,,128115,0,never_instantiated,0,,,,,0,0,title,,128819,0,never_instantiated,0,,,,,0,0,movie_companies,company_name,84843,0,never_instantiated,0,,,,,0,0,,,,,,,,,,,,,,,,,,,,,,,,,,,,,,,,,,,,,,,,,,,,,,,,,,,,,,,,,,,,
24b,2,0,1,0.20,char_name,,45,0,never_instantiated,0,,,,,0,0,name,,45,0,never_instantiated,0,,,,,0,0,aka_name,,9,0,never_instantiated,0,,,,,0,0,role_type,,9,0,never_instantiated,0,,,,,0,0,cast_info,,9,0,never_instantiated,0,,,,,0,0,keyword,,9,0,never_instantiated,0,,,,,0,0,movie_keyword,,5,0,never_instantiated,0,,,,,0,0,,info_type,1,0,never_instantiated,0,,,,,0,0,movie_info,,4,0,never_instantiated,0,,,,,0,0,title,,4,0,never_instantiated,0,,,,,0,0,movie_companies,company_name,1,0,never_instantiated,0,,,,,0,0,,,,,,,,,,,,,,,,,,,,,,,,,,,,,,,,,,,,,,,,,,,,,,,,,,,,,,,,,,,,
25a,2,0,1,0.34,title,,4407,0,never_instantiated,0,,,,,0,0,name,,7112,0,never_instantiated,0,,,,,0,0,,,11389,0,never_instantiated,0,,,,,0,0,cast_info,,5,0,never_instantiated,0,,,,,0,0,,,11389,0,never_instantiated,0,,,,,0,0,keyword,,5,0,never_instantiated,0,,,,,0,0,movie_keyword,,5840,0,never_instantiated,0,,,,,0,0,info_type,,5840,0,never_instantiated,0,,,,,0,0,movie_info_idx,,6562,0,never_instantiated,0,,,,,0,0,movie_info,info_type,1,0,never_instantiated,0,,,,,0,0,,,,,,,,,,,,,,,,,,,,,,,,,,,,,,,,,,,,,,,,,,,,,,,,,,,,,,,,,,,,,,,,,,,,,,,,
25b,2,0,1,0.19,name,,6,0,never_instantiated,0,,,,,0,0,,,9,0,never_instantiated,0,,,,,0,0,cast_info,,5,0,never_instantiated,0,,,,,0,0,,,9,0,never_instantiated,0,,,,,0,0,keyword,,5,0,never_instantiated,0,,,,,0,0,movie_keyword,,5,0,never_instantiated,0,,,,,0,0,info_type,,5,0,never_instantiated,0,,,,,0,0,movie_info_idx,,5,0,never_instantiated,0,,,,,0,0,title,,6,0,never_instantiated,0,,,,,0,0,movie_info,info_type,1,0,never_instantiated,0,,,,,0,0,,,,,,,,,,,,,,,,,,,,,,,,,,,,,,,,,,,,,,,,,,,,,,,,,,,,,,,,,,,,,,,,,,,,,,,,
25c,2,0,1,0.39,title,,26153,0,never_instantiated,0,,,,,0,0,name,,42900,0,never_instantiated,0,,,,,0,0,,,63386,0,never_instantiated,0,,,,,0,0,cast_info,,5,0,never_instantiated,0,,,,,0,0,,,63386,0,never_instantiated,0,,,,,0,0,keyword,,7,0,never_instantiated,0,,,,,0,0,movie_keyword,,31609,0,never_instantiated,0,,,,,0,0,,info_type,1,0,never_instantiated,0,,,,,0,0,,,459925,0,never_instantiated,0,,,,,0,0,movie_info,,6,0,never_instantiated,0,,,,,0,0,movie_info_idx,info_type,1,0,never_instantiated,0,,,,,0,0,,,,,,,,,,,,,,,,,,,,,,,,,,,,,,,,,,,,,,,,,,,,,,,,,,,,,,,,,,,,
26a,2,0,1,0.29,name,,1728,0,never_instantiated,0,,,,,0,0,char_name,,1738,0,never_instantiated,0,,,,,0,0,cast_info,,326,0,never_instantiated,0,,,,,0,0,,,326,0,never_instantiated,0,,,,,0,0,keyword,,10,0,never_instantiated,0,,,,,0,0,movie_keyword,,647,0,never_instantiated,0,,,,,0,0,,kind_type,1,0,never_instantiated,0,,,,,0,0,title,,17898,0,never_instantiated,0,,,,,0,0,,comp_cast_type,2,0,never_instantiated,0,,,,,0,0,,comp_cast_type,1,0,never_instantiated,0,,,,,0,0,complete_cast,,121570,0,never_instantiated,0,,,,,0,0,movie_info_idx,info_type,1,0,never_instantiated,0,,,,,0,0,,,,,,,,,,,,,,,,,,,,,,,,,,,,,,,,,,,,,,,,,,,,,,,,
26b,2,0,1,0.24,name,,93,0,never_instantiated,0,,,,,0,0,char_name,,93,0,never_instantiated,0,,,,,0,0,cast_info,,6,0,never_instantiated,0,,,,,0,0,keyword,,6,0,never_instantiated,0,,,,,0,0,movie_keyword,,32,0,never_instantiated,0,,,,,0,0,,kind_type,1,0,never_instantiated,0,,,,,0,0,title,,2413,0,never_instantiated,0,,,,,0,0,,comp_cast_type,2,0,never_instantiated,0,,,,,0,0,,comp_cast_type,1,0,never_instantiated,0,,,,,0,0,complete_cast,,15848,0,never_instantiated,0,,,,,0,0,movie_info_idx,info_type,1,0,never_instantiated,0,,,,,0,0,,,,,,,,,,,,,,,,,,,,,,,,,,,,,,,,,,,,,,,,,,,,,,,,,,,,,,,,,,,,
26c,2,0,1,0.30,name,,5400,0,never_instantiated,0,,,,,0,0,char_name,,5431,0,never_instantiated,0,,,,,0,0,cast_info,,1261,0,never_instantiated,0,,,,,0,0,,,1261,0,never_instantiated,0,,,,,0,0,keyword,,10,0,never_instantiated,0,,,,,0,0,movie_keyword,,4028,0,never_instantiated,0,,,,,0,0,,kind_type,1,0,never_instantiated,0,,,,,0,0,title,,61559,0,never_instantiated,0,,,,,0,0,,comp_cast_type,2,0,never_instantiated,0,,,,,0,0,,comp_cast_type,1,0,never_instantiated,0,,,,,0,0,complete_cast,,459891,0,never_instantiated,0,,,,,0,0,movie_info_idx,info_type,1,0,never_instantiated,0,,,,,0,0,,,,,,,,,,,,,,,,,,,,,,,,,,,,,,,,,,,,,,,,,,,,,,,,
27a,2,0,1,0.11,movie_info,,172,0,never_instantiated,0,,,,,0,0,company_type,,172,0,never_instantiated,0,,,,,0,0,comp_cast_type,,172,0,never_instantiated,0,,,,,0,0,comp_cast_type,,172,0,never_instantiated,0,,,,,0,0,company_name,,398,0,never_instantiated,0,,,,,0,0,movie_companies,,70,0,never_instantiated,0,,,,,0,0,title,,70,0,never_instantiated,0,,,,,0,0,link_type,,70,0,never_instantiated,0,,,,,0,0,complete_cast,,69,0,never_instantiated,0,,,,,0,0,movie_link,,9,0,never_instantiated,0,,,,,0,0,movie_keyword,keyword,1,0,never_instantiated,0,,,,,0,0,,,,,,,,,,,,,,,,,,,,,,,,,,,,,,,,,,,,,,,,,,,,,,,,,,,,,,,,,,,,
27b,2,0,1,0.08,movie_info,,95,0,never_instantiated,0,,,,,0,0,company_type,,95,0,never_instantiated,0,,,,,0,0,comp_cast_type,,95,0,never_instantiated,0,,,,,0,0,comp_cast_type,,95,0,never_instantiated,0,,,,,0,0,company_name,,190,0,never_instantiated,0,,,,,0,0,movie_companies,,38,0,never_instantiated,0,,,,,0,0,link_type,,38,0,never_instantiated,0,,,,,0,0,complete_cast,,38,0,never_instantiated,0,,,,,0,0,movie_link,,2,0,never_instantiated,0,,,,,0,0,title,,2,0,never_instantiated,0,,,,,0,0,movie_keyword,keyword,1,0,never_instantiated,0,,,,,0,0,,,,,,,,,,,,,,,,,,,,,,,,,,,,,,,,,,,,,,,,,,,,,,,,,,,,,,,,,,,,
27c,2,0,1,0.11,,,172,0,never_instantiated,0,,,,,0,0,movie_info,,9,0,never_instantiated,0,,,,,0,0,company_type,,172,0,never_instantiated,0,,,,,0,0,comp_cast_type,,172,0,never_instantiated,0,,,,,0,0,comp_cast_type,,172,0,never_instantiated,0,,,,,0,0,company_name,,399,0,never_instantiated,0,,,,,0,0,movie_companies,,71,0,never_instantiated,0,,,,,0,0,title,,71,0,never_instantiated,0,,,,,0,0,link_type,,71,0,never_instantiated,0,,,,,0,0,complete_cast,,71,0,never_instantiated,0,,,,,0,0,movie_link,,11,0,never_instantiated,0,,,,,0,0,movie_keyword,keyword,1,0,never_instantiated,0,,,,,0,0,,,,,,,,,,,,,,,,,,,,,,,,,,,,,,,,,,,,,,,,,,,,,,,,
28a,2,0,1,0.16,keyword,,4803,0,never_instantiated,0,,,,,0,0,movie_keyword,,2546,0,never_instantiated,0,,,,,0,0,info_type,,2546,0,never_instantiated,0,,,,,0,0,,,9491,0,never_instantiated,0,,,,,0,0,movie_info,,10,0,never_instantiated,0,,,,,0,0,company_type,,9491,0,never_instantiated,0,,,,,0,0,comp_cast_type,,9491,0,never_instantiated,0,,,,,0,0,comp_cast_type,,9491,0,never_instantiated,0,,,,,0,0,company_name,,9827,0,never_instantiated,0,,,,,0,0,movie_companies,,5740,0,never_instantiated,0,,,,,0,0,,kind_type,2,0,never_instantiated,0,,,,,0,0,title,,26861,0,never_instantiated,0,,,,,0,0,complete_cast,,27006,0,never_instantiated,0,,,,,0,0,movie_info_idx,info_type,1,0,never_instantiated,0,,,,,0,0,,,,,,,,,,,,,,,,,,,,,,,,
28b,2,0,1,0.15,keyword,,148,0,never_instantiated,0,,,,,0,0,movie_keyword,,77,0,never_instantiated,0,,,,,0,0,info_type,,77,0,never_instantiated,0,,,,,0,0,movie_info,,4055,0,never_instantiated,0,,,,,0,0,company_type,,4055,0,never_instantiated,0,,,,,0,0,comp_cast_type,,4055,0,never_instantiated,0,,,,,0,0,comp_cast_type,,4055,0,never_instantiated,0,,,,,0,0,company_name,,4143,0,never_instantiated,0,,,,,0,0,movie_companies,,3231,0,never_instantiated,0,,,,,0,0,,kind_type,2,0,never_instantiated,0,,,,,0,0,title,,14835,0,never_instantiated,0,,,,,0,0,complete_cast,,14898,0,never_instantiated,0,,,,,0,0,movie_info_idx,info_type,1,0,never_instantiated,0,,,,,0,0,,,,,,,,,,,,,,,,,,,,,,,,,,,,,,,,,,,,
28c,2,0,1,0.23,keyword,,8373,0,never_instantiated,0,,,,,0,0,movie_keyword,,4420,0,never_instantiated,0,,,,,0,0,info_type,,4420,0,never_instantiated,0,,,,,0,0,,,12856,0,never_instantiated,0,,,,,0,0,movie_info,,10,0,never_instantiated,0,,,,,0,0,company_type,,12856,0,never_instantiated,0,,,,,0,0,comp_cast_type,,12856,0,never_instantiated,0,,,,,0,0,comp_cast_type,,12856,0,never_instantiated,0,,,,,0,0,company_name,,13568,0,never_instantiated,0,,,,,0,0,movie_companies,,5913,0,never_instantiated,0,,,,,0,0,,kind_type,2,0,never_instantiated,0,,,,,0,0,title,,43896,0,never_instantiated,0,,,,,0,0,complete_cast,,454188,0,never_instantiated,0,,,,,0,0,movie_info_idx,info_type,1,0,never_instantiated,0,,,,,0,0,,,,,,,,,,,,,,,,,,,,,,,,
29a,2,0,1,0.25,info_type,,1620,0,never_instantiated,0,,,,,0,0,person_info,,30,0,never_instantiated,0,,,,,0,0,name,,30,0,never_instantiated,0,,,,,0,0,aka_name,,10,0,never_instantiated,0,,,,,0,0,role_type,,10,0,never_instantiated,0,,,,,0,0,char_name,,10,0,never_instantiated,0,,,,,0,0,cast_info,,10,0,never_instantiated,0,,,,,0,0,keyword,,10,0,never_instantiated,0,,,,,0,0,movie_keyword,,10,0,never_instantiated,0,,,,,0,0,info_type,,10,0,never_instantiated,0,,,,,0,0,movie_info,,5,0,never_instantiated,0,,,,,0,0,company_name,,22,0,never_instantiated,0,,,,,0,0,movie_companies,,1,0,never_instantiated,0,,,,,0,0,comp_cast_type,,1,0,never_instantiated,0,,,,,0,0,comp_cast_type,,1,0,never_instantiated,0,,,,,0,0,complete_cast,title,1,0,never_instantiated,0,,,,,0,0
29b,2,0,1,0.23,role_type,,15,0,never_instantiated,0,,,,,0,0,info_type,,15,0,never_instantiated,0,,,,,0,0,person_info,,15,0,never_instantiated,0,,,,,0,0,name,,15,0,never_instantiated,0,,,,,0,0,aka_name,,5,0,never_instantiated,0,,,,,0,0,char_name,,5,0,never_instantiated,0,,,,,0,0,cast_info,,5,0,never_instantiated,0,,,,,0,0,keyword,,5,0,never_instantiated,0,,,,,0,0,movie_keyword,,5,0,never_instantiated,0,,,,,0,0,company_name,,22,0,never_instantiated,0,,,,,0,0,movie_companies,,1,0,never_instantiated,0,,,,,0,0,comp_cast_type,,1,0,never_instantiated,0,,,,,0,0,comp_cast_type,,1,0,never_instantiated,0,,,,,0,0,info_type,,1,0,never_instantiated,0,,,,,0,0,movie_info,,1,0,never_instantiated,0,,,,,0,0,complete_cast,title,1,0,never_instantiated,0,,,,,0,0
29c,2,0,1,0.32,char_name,,16308,0,never_instantiated,0,,,,,0,0,info_type,,16740,0,never_instantiated,0,,,,,0,0,person_info,,216,0,never_instantiated,0,,,,,0,0,name,,216,0,never_instantiated,0,,,,,0,0,aka_name,,55,0,never_instantiated,0,,,,,0,0,role_type,,55,0,never_instantiated,0,,,,,0,0,cast_info,,337,0,never_instantiated,0,,,,,0,0,info_type,,337,0,never_instantiated,0,,,,,0,0,movie_info,,92,0,never_instantiated,0,,,,,0,0,company_name,,415,0,never_instantiated,0,,,,,0,0,movie_companies,,18,0,never_instantiated,0,,,,,0,0,comp_cast_type,,18,0,never_instantiated,0,,,,,0,0,,comp_cast_type,1,0,never_instantiated,0,,,,,0,0,title,,18,0,never_instantiated,0,,,,,0,0,complete_cast,,18,0,never_instantiated,0,,,,,0,0,movie_keyword,keyword,1,0,never_instantiated,0,,,,,0,0
30a,2,0,1,0.30,name,,1021,0,never_instantiated,0,,,,,0,0,,,1161,0,never_instantiated,0,,,,,0,0,cast_info,,5,0,never_instantiated,0,,,,,0,0,,,1161,0,never_instantiated,0,,,,,0,0,keyword,,7,0,never_instantiated,0,,,,,0,0,movie_keyword,,369,0,never_instantiated,0,,,,,0,0,,info_type,1,0,never_instantiated,0,,,,,0,0,movie_info,,1875,0,never_instantiated,0,,,,,0,0,,comp_cast_type,1,0,never_instantiated,0,,,,,0,0,,comp_cast_type,2,0,never_instantiated,0,,,,,0,0,title,,23558,0,never_instantiated,0,,,,,0,0,complete_cast,,18497,0,never_instantiated,0,,,,,0,0,movie_info_idx,info_type,1,0,never_instantiated,0,,,,,0,0,,,,,,,,,,,,,,,,,,,,,,,,,,,,,,,,,,,,
30b,2,0,1,0.28,name,,28,0,never_instantiated,0,,,,,0,0,,,12,0,never_instantiated,0,,,,,0,0,cast_info,,5,0,never_instantiated,0,,,,,0,0,,,12,0,never_instantiated,0,,,,,0,0,keyword,,7,0,never_instantiated,0,,,,,0,0,movie_keyword,,3,0,never_instantiated,0,,,,,0,0,,info_type,1,0,never_instantiated,0,,,,,0,0,movie_info,,2,0,never_instantiated,0,,,,,0,0,,comp_cast_type,1,0,never_instantiated,0,,,,,0,0,,comp_cast_type,2,0,never_instantiated,0,,,,,0,0,title,,23558,0,never_instantiated,0,,,,,0,0,complete_cast,,18497,0,never_instantiated,0,,,,,0,0,movie_info_idx,info_type,1,0,never_instantiated,0,,,,,0,0,,,,,,,,,,,,,,,,,,,,,,,,,,,,,,,,,,,,
30c,2,0,1,0.37,name,,11863,0,never_instantiated,0,,,,,0,0,,,14655,0,never_instantiated,0,,,,,0,0,cast_info,,5,0,never_instantiated,0,,,,,0,0,,,14655,0,never_instantiated,0,,,,,0,0,keyword,,7,0,never_instantiated,0,,,,,0,0,movie_keyword,,6543,0,never_instantiated,0,,,,,0,0,,info_type,1,0,never_instantiated,0,,,,,0,0,,,17018,0,never_instantiated,0,,,,,0,0,movie_info,,6,0,never_instantiated,0,,,,,0,0,title,,17018,0,never_instantiated,0,,,,,0,0,,comp_cast_type,1,0,never_instantiated,0,,,,,0,0,,comp_cast_type,1,0,never_instantiated,0,,,,,0,0,complete_cast,,459891,0,never_instantiated,0,,,,,0,0,movie_info_idx,info_type,1,0,never_instantiated,0,,,,,0,0,,,,,,,,,,,,,,,,,,,,,,,,
31a,2,0,1,0.32,title,,1273,0,never_instantiated,0,,,,,0,0,name,,1556,0,never_instantiated,0,,,,,0,0,,,1524,0,never_instantiated,0,,,,,0,0,cast_info,,5,0,never_instantiated,0,,,,,0,0,,,1524,0,never_instantiated,0,,,,,0,0,keyword,,7,0,never_instantiated,0,,,,,0,0,movie_keyword,,505,0,never_instantiated,0,,,,,0,0,company_name,,505,0,never_instantiated,0,,,,,0,0,movie_companies,,310,0,never_instantiated,0,,,,,0,0,,info_type,1,0,never_instantiated,0,,,,,0,0,movie_info,,459917,0,never_instantiated,0,,,,,0,0,movie_info_idx,info_type,1,0,never_instantiated,0,,,,,0,0,,,,,,,,,,,,,,,,,,,,,,,,,,,,,,,,,,,,,,,,,,,,,,,,
31b,2,0,1,0.26,name,,84,0,never_instantiated,0,,,,,0,0,,,46,0,never_instantiated,0,,,,,0,0,cast_info,,5,0,never_instantiated,0,,,,,0,0,,,46,0,never_instantiated,0,,,,,0,0,keyword,,7,0,never_instantiated,0,,,,,0,0,movie_keyword,,11,0,never_instantiated,0,,,,,0,0,,info_type,1,0,never_instantiated,0,,,,,0,0,movie_info,,7,0,never_instantiated,0,,,,,0,0,title,,7,0,never_instantiated,0,,,,,0,0,company_name,,7,0,never_instantiated,0,,,,,0,0,movie_companies,,459917,0,never_instantiated,0,,,,,0,0,movie_info_idx,info_type,1,0,never_instantiated,0,,,,,0,0,,,,,,,,,,,,,,,,,,,,,,,,,,,,,,,,,,,,,,,,,,,,,,,,
31c,2,0,1,0.35,name,,2825,0,never_instantiated,0,,,,,0,0,,,2840,0,never_instantiated,0,,,,,0,0,cast_info,,5,0,never_instantiated,0,,,,,0,0,title,,2840,0,never_instantiated,0,,,,,0,0,,,2840,0,never_instantiated,0,,,,,0,0,keyword,,7,0,never_instantiated,0,,,,,0,0,movie_keyword,,912,0,never_instantiated,0,,,,,0,0,company_name,,912,0,never_instantiated,0,,,,,0,0,movie_companies,,532,0,never_instantiated,0,,,,,0,0,,info_type,1,0,never_instantiated,0,,,,,0,0,,,459917,0,never_instantiated,0,,,,,0,0,movie_info,,6,0,never_instantiated,0,,,,,0,0,movie_info_idx,info_type,1,0,never_instantiated,0,,,,,0,0,,,,,,,,,,,,,,,,,,,,,,,,,,,,,,,,,,,,
32a,2,0,1,0.04,title,,0,0,never_instantiated,0,,,,,0,0,title,,0,0,never_instantiated,0,,,,,0,0,link_type,,0,0,never_instantiated,0,,,,,0,0,movie_link,,0,0,never_instantiated,0,,,,,0,0,movie_keyword,keyword,1,0,never_instantiated,0,,,,,0,0,,,,,,,,,,,,,,,,,,,,,,,,,,,,,,,,,,,,,,,,,,,,,,,,,,,,,,,,,,,,,,,,,,,,,,,,,,,,,,,,,,,,,,,,,,,,,,,,,,,,,,,,,,,,,,,,,,,,,,,,,,,,,,,,,,,,
32b,2,0,1,0.10,title,,4388,0,never_instantiated,0,,,,,0,0,title,,4388,0,never_instantiated,0,,,,,0,0,link_type,,4388,0,never_instantiated,0,,,,,0,0,movie_link,,2233,0,never_instantiated,0,,,,,0,0,movie_keyword,keyword,1,0,never_instantiated,0,,,,,0,0,,,,,,,,,,,,,,,,,,,,,,,,,,,,,,,,,,,,,,,,,,,,,,,,,,,,,,,,,,,,,,,,,,,,,,,,,,,,,,,,,,,,,,,,,,,,,,,,,,,,,,,,,,,,,,,,,,,,,,,,,,,,,,,,,,,,
33a,2,0,1,0.09,company_name,,8,0,never_instantiated,0,,,,,0,0,movie_companies,,2,0,never_instantiated,0,,,,,0,0,company_name,,14,0,never_instantiated,0,,,,,0,0,movie_companies,,5,0,never_instantiated,0,,,,,0,0,kind_type,,5,0,never_instantiated,0,,,,,0,0,title,,5,0,never_instantiated,0,,,,,0,0,info_type,,5,0,never_instantiated,0,,,,,0,0,movie_info_idx,,6,0,never_instantiated,0,,,,,0,0,,kind_type,1,0,never_instantiated,0,,,,,0,0,title,,28,0,never_instantiated,0,,,,,0,0,,link_type,2,0,never_instantiated,0,,,,,0,0,,info_type,1,0,never_instantiated,0,,,,,0,0,movie_info_idx,movie_link,1393,0,never_instantiated,0,,,,,0,0,,,,,,,,,,,,,,,,,,,,,,,,,,,,,,,,,,,,
33b,2,0,1,0.08,company_name,,4,0,never_instantiated,0,,,,,0,0,movie_companies,,1,0,never_instantiated,0,,,,,0,0,company_name,,1,0,never_instantiated,0,,,,,0,0,movie_companies,,1,0,never_instantiated,0,,,,,0,0,kind_type,,1,0,never_instantiated,0,,,,,0,0,title,,1,0,never_instantiated,0,,,,,0,0,info_type,,1,0,never_instantiated,0,,,,,0,0,movie_info_idx,,1,0,never_instantiated,0,,,,,0,0,link_type,,1,0,never_instantiated,0,,,,,0,0,kind_type,,1,0,never_instantiated,0,,,,,0,0,,info_type,1,0,never_instantiated,0,,,,,0,0,movie_info_idx,,1,0,never_instantiated,0,,,,,0,0,movie_link,title,1,0,never_instantiated,0,,,,,0,0,,,,,,,,,,,,,,,,,,,,,,,,,,,,,,,,,,,,
33c,2,0,1,0.11,company_name,,114,0,never_instantiated,0,,,,,0,0,movie_companies,,46,0,never_instantiated,0,,,,,0,0,company_name,,51,0,never_instantiated,0,,,,,0,0,movie_companies,,19,0,never_instantiated,0,,,,,0,0,kind_type,,19,0,never_instantiated,0,,,,,0,0,title,,19,0,never_instantiated,0,,,,,0,0,info_type,,19,0,never_instantiated,0,,,,,0,0,movie_info_idx,,21,0,never_instantiated,0,,,,,0,0,,kind_type,2,0,never_instantiated,0,,,,,0,0,title,,47,0,never_instantiated,0,,,,,0,0,,link_type,2,0,never_instantiated,0,,,,,0,0,,info_type,1,0,never_instantiated,0,,,,,0,0,movie_info_idx,movie_link,2315,0,never_instantiated,0,,,,,0,0,,,,,,,,,,,,,,,,,,,,,,,,,,,,,,,,,,,,
1a,3,0,1,0.06,title,,142,0,never_instantiated,0,,,,,0,0,,company_type,1,0,never_instantiated,0,,,,,0,0,movie_companies,,250,0,never_instantiated,0,,,,,0,0,movie_info_idx,info_type,1,0,never_instantiated,0,,,,,0,0,,,,,,,,,,,,,,,,,,,,,,,,,,,,,,,,,,,,,,,,,,,,,,,,,,,,,,,,,,,,,,,,,,,,,,,,,,,,,,,,,,,,,,,,,,,,,,,,,,,,,,,,,,,,,,,,,,,,,,,,,,,,,,,,,,,,,,,,,,,,,,,,
1b,3,0,1,0.05,,company_type,1,0,never_instantiated,0,,,,,0,0,movie_companies,,4,0,never_instantiated,0,,,,,0,0,title,,10,0,never_instantiated,0,,,,,0,0,movie_info_idx,info_type,1,0,never_instantiated,0,,,,,0,0,,,,,,,,,,,,,,,,,,,,,,,,,,,,,,,,,,,,,,,,,,,,,,,,,,,,,,,,,,,,,,,,,,,,,,,,,,,,,,,,,,,,,,,,,,,,,,,,,,,,,,,,,,,,,,,,,,,,,,,,,,,,,,,,,,,,,,,,,,,,,,,,
1c,3,0,1,0.05,,company_type,1,0,never_instantiated,0,,,,,0,0,movie_companies,,12,0,never_instantiated,0,,,,,0,0,title,,250,0,never_instantiated,0,,,,,0,0,movie_info_idx,info_type,1,0,never_instantiated,0,,,,,0,0,,,,,,,,,,,,,,,,,,,,,,,,,,,,,,,,,,,,,,,,,,,,,,,,,,,,,,,,,,,,,,,,,,,,,,,,,,,,,,,,,,,,,,,,,,,,,,,,,,,,,,,,,,,,,,,,,,,,,,,,,,,,,,,,,,,,,,,,,,,,,,,,
1d,3,0,1,0.05,,company_type,1,0,never_instantiated,0,,,,,0,0,movie_companies,,6,0,never_instantiated,0,,,,,0,0,title,,10,0,never_instantiated,0,,,,,0,0,movie_info_idx,info_type,1,0,never_instantiated,0,,,,,0,0,,,,,,,,,,,,,,,,,,,,,,,,,,,,,,,,,,,,,,,,,,,,,,,,,,,,,,,,,,,,,,,,,,,,,,,,,,,,,,,,,,,,,,,,,,,,,,,,,,,,,,,,,,,,,,,,,,,,,,,,,,,,,,,,,,,,,,,,,,,,,,,,
2a,3,0,1,0.10,title,,7834,0,never_instantiated,0,,,,,0,0,company_name,,7839,0,never_instantiated,0,,,,,0,0,movie_companies,,4381,0,never_instantiated,0,,,,,0,0,movie_keyword,keyword,1,0,never_instantiated,0,,,,,0,0,,,,,,,,,,,,,,,,,,,,,,,,,,,,,,,,,,,,,,,,,,,,,,,,,,,,,,,,,,,,,,,,,,,,,,,,,,,,,,,,,,,,,,,,,,,,,,,,,,,,,,,,,,,,,,,,,,,,,,,,,,,,,,,,,,,,,,,,,,,,,,,,
2b,3,0,1,0.09,title,,5228,0,never_instantiated,0,,,,,0,0,company_name,,5259,0,never_instantiated,0,,,,,0,0,movie_companies,,2620,0,never_instantiated,0,,,,,0,0,movie_keyword,keyword,1,0,never_instantiated,0,,,,,0,0,,,,,,,,,,,,,,,,,,,,,,,,,,,,,,,,,,,,,,,,,,,,,,,,,,,,,,,,,,,,,,,,,,,,,,,,,,,,,,,,,,,,,,,,,,,,,,,,,,,,,,,,,,,,,,,,,,,,,,,,,,,,,,,,,,,,,,,,,,,,,,,,
2c,3,0,1,0.05,title,,0,0,never_instantiated,0,,,,,0,0,company_name,,0,0,never_instantiated,0,,,,,0,0,movie_companies,,0,0,never_instantiated,0,,,,,0,0,movie_keyword,keyword,1,0,never_instantiated,0,,,,,0,0,,,,,,,,,,,,,,,,,,,,,,,,,,,,,,,,,,,,,,,,,,,,,,,,,,,,,,,,,,,,,,,,,,,,,,,,,,,,,,,,,,,,,,,,,,,,,,,,,,,,,,,,,,,,,,,,,,,,,,,,,,,,,,,,,,,,,,,,,,,,,,,,
2d,3,0,1,0.13,title,,68316,0,never_instantiated,0,,,,,0,0,company_name,,148552,0,never_instantiated,0,,,,,0,0,movie_companies,,41838,0,never_instantiated,0,,,,,0,0,movie_keyword,keyword,1,0,never_instantiated,0,,,,,0,0,,,,,,,,,,,,,,,,,,,,,,,,,,,,,,,,,,,,,,,,,,,,,,,,,,,,,,,,,,,,,,,,,,,,,,,,,,,,,,,,,,,,,,,,,,,,,,,,,,,,,,,,,,,,,,,,,,,,,,,,,,,,,,,,,,,,,,,,,,,,,,,,
3a,3,0,1,0.33,,,2235,0,never_instantiated,0,,,,,0,0,movie_info,,8,0,never_instantiated,0,,,,,0,0,,title,1012683,1,active,12951,,,,,0,0,movie_keyword,keyword,30,0,never_instantiated,0,,,,,0,0,,,,,,,,,,,,,,,,,,,,,,,,,,,,,,,,,,,,,,,,,,,,,,,,,,,,,,,,,,,,,,,,,,,,,,,,,,,,,,,,,,,,,,,,,,,,,,,,,,,,,,,,,,,,,,,,,,,,,,,,,,,,,,,,,,,,,,,,,,,,,,,,
3b,3,0,1,0.28,keyword,,5,0,never_instantiated,0,,,,,0,0,movie_keyword,,3,0,never_instantiated,0,,,,,0,0,title,movie_info,3,0,never_instantiated,0,,,,,0,0,,,,,,,,,,,,,,,,,,,,,,,,,,,,,,,,,,,,,,,,,,,,,,,,,,,,,,,,,,,,,,,,,,,,,,,,,,,,,,,,,,,,,,,,,,,,,,,,,,,,,,,,,,,,,,,,,,,,,,,,,,,,,,,,,,,,,,,,,,,,,,,,,,,,,,,,,,,,
3c,3,0,1,0.36,,,7874,0,never_instantiated,0,,,,,0,0,movie_info,,10,0,never_instantiated,0,,,,,0,0,,title,1748483,1,active,12951,,,,,0,0,movie_keyword,keyword,30,0,never_instantiated,0,,,,,0,0,,,,,,,,,,,,,,,,,,,,,,,,,,,,,,,,,,,,,,,,,,,,,,,,,,,,,,,,,,,,,,,,,,,,,,,,,,,,,,,,,,,,,,,,,,,,,,,,,,,,,,,,,,,,,,,,,,,,,,,,,,,,,,,,,,,,,,,,,,,,,,,,
4a,3,0,1,0.13,keyword,,1302,0,never_instantiated,0,,,,,0,0,movie_keyword,,106021,0,never_instantiated,0,,,,,0,0,title,,352990,0,never_instantiated,0,,,,,0,0,movie_info_idx,info_type,1,0,never_instantiated,0,,,,,0,0,,,,,,,,,,,,,,,,,,,,,,,,,,,,,,,,,,,,,,,,,,,,,,,,,,,,,,,,,,,,,,,,,,,,,,,,,,,,,,,,,,,,,,,,,,,,,,,,,,,,,,,,,,,,,,,,,,,,,,,,,,,,,,,,,,,,,,,,,,,,,,,,
4b,3,0,1,0.07,keyword,,6,0,never_instantiated,0,,,,,0,0,movie_keyword,,72,0,never_instantiated,0,,,,,0,0,title,,305,0,never_instantiated,0,,,,,0,0,movie_info_idx,info_type,1,0,never_instantiated,0,,,,,0,0,,,,,,,,,,,,,,,,,,,,,,,,,,,,,,,,,,,,,,,,,,,,,,,,,,,,,,,,,,,,,,,,,,,,,,,,,,,,,,,,,,,,,,,,,,,,,,,,,,,,,,,,,,,,,,,,,,,,,,,,,,,,,,,,,,,,,,,,,,,,,,,,
4c,3,0,1,0.16,,,,,,,,,,,,,,,,,,,,,,,,,,,,,,,,,,,,,,,,,,,,,,,,,,,,,,,,,,,,,,,,,,,,,,,,,,,,,,,,,,,,,,,,,,,,,,,,,,,,,,,,,,,,,,,,,,,,,,,,,,,,,,,,,,,,,,,,,,,,,,,,,,,,,,,,,,,,,,,,,,,,,,,,,,,,,,,,,,,,,,,,,,,,,,,,
5a,3,0,1,0.05,,info_type,110,0,never_instantiated,0,,,,,0,0,,,0,0,never_instantiated,0,,,,,0,0,movie_info,,8,0,never_instantiated,0,,,,,0,0,,company_type,1,0,never_instantiated,0,,,,,0,0,title,movie_companies,0,0,never_instantiated,0,,,,,0,0,,,,,,,,,,,,,,,,,,,,,,,,,,,,,,,,,,,,,,,,,,,,,,,,,,,,,,,,,,,,,,,,,,,,,,,,,,,,,,,,,,,,,,,,,,,,,,,,,,,,,,,,,,,,,,,,,,,,,,,,,,,,,,,,,,,,
5b,3,0,1,0.09,,info_type,110,0,never_instantiated,0,,,,,0,0,movie_info,,0,0,never_instantiated,0,,,,,0,0,,company_type,1,0,never_instantiated,0,,,,,0,0,title,movie_companies,0,0,never_instantiated,0,,,,,0,0,,,,,,,,,,,,,,,,,,,,,,,,,,,,,,,,,,,,,,,,,,,,,,,,,,,,,,,,,,,,,,,,,,,,,,,,,,,,,,,,,,,,,,,,,,,,,,,,,,,,,,,,,,,,,,,,,,,,,,,,,,,,,,,,,,,,,,,,,,,,,,,,
5c,3,0,1,0.28,,info_type,110,0,never_instantiated,0,,,,,0,0,,,767,0,never_instantiated,0,,,,,0,0,movie_info,,10,0,never_instantiated,0,,,,,0,0,,company_type,1,0,never_instantiated,0,,,,,0,0,title,movie_companies,798,0,never_instantiated,0,,,,,0,0,,,,,,,,,,,,,,,,,,,,,,,,,,,,,,,,,,,,,,,,,,,,,,,,,,,,,,,,,,,,,,,,,,,,,,,,,,,,,,,,,,,,,,,,,,,,,,,,,,,,,,,,,,,,,,,,,,,,,,,,,,,,,,,,,,,,
6a,3,0,1,0.14,name,,6,0,never_instantiated,0,,,,,0,0,cast_info,,11,0,never_instantiated,0,,,,,0,0,title,,11,0,never_instantiated,0,,,,,0,0,movie_keyword,keyword,1,0,never_instantiated,0,,,,,0,0,,,,,,,,,,,,,,,,,,,,,,,,,,,,,,,,,,,,,,,,,,,,,,,,,,,,,,,,,,,,,,,,,,,,,,,,,,,,,,,,,,,,,,,,,,,,,,,,,,,,,,,,,,,,,,,,,,,,,,,,,,,,,,,,,,,,,,,,,,,,,,,,
6b,3,0,1,0.12,,name,2,0,never_instantiated,0,,,,,0,0,cast_info,,36,0,never_instantiated,0,,,,,0,0,,title,438,0,never_instantiated,0,,,,,0,0,movie_keyword,,8,0,never_instantiated,0,,,,,0,0,keyword,,8,0,never_instantiated,0,,,,,0,0,,,,,,,,,,,,,,,,,,,,,,,,,,,,,,,,,,,,,,,,,,,,,,,,,,,,,,,,,,,,,,,,,,,,,,,,,,,,,,,,,,,,,,,,,,,,,,,,,,,,,,,,,,,,,,,,,,,,,,,,,,,,,,,,,,,,
6c,3,0,1,0.10,name,,2,0,never_instantiated,0,,,,,0,0,cast_info,,2,0,never_instantiated,0,,,,,0,0,title,,2,0,never_instantiated,0,,,,,0,0,movie_keyword,keyword,1,0,never_instantiated,0,,,,,0,0,,,,,,,,,,,,,,,,,,,,,,,,,,,,,,,,,,,,,,,,,,,,,,,,,,,,,,,,,,,,,,,,,,,,,,,,,,,,,,,,,,,,,,,,,,,,,,,,,,,,,,,,,,,,,,,,,,,,,,,,,,,,,,,,,,,,,,,,,,,,,,,,
6d,3,0,1,0.21,,name,2,0,never_instantiated,0,,,,,0,0,cast_info,,14165,0,never_instantiated,0,,,,,0,0,,title,1381132,1,active,35548,,,,,0,0,movie_keyword,,8,0,never_instantiated,0,,,,,0,0,keyword,,8,0,never_instantiated,0,,,,,0,0,,,,,,,,,,,,,,,,,,,,,,,,,,,,,,,,,,,,,,,,,,,,,,,,,,,,,,,,,,,,,,,,,,,,,,,,,,,,,,,,,,,,,,,,,,,,,,,,,,,,,,,,,,,,,,,,,,,,,,,,,,,,,,,,,,,,
6e,3,0,1,0.12,name,,6,0,never_instantiated,0,,,,,0,0,cast_info,,11,0,never_instantiated,0,,,,,0,0,title,,14,0,never_instantiated,0,,,,,0,0,movie_keyword,keyword,1,0,never_instantiated,0,,,,,0,0,,,,,,,,,,,,,,,,,,,,,,,,,,,,,,,,,,,,,,,,,,,,,,,,,,,,,,,,,,,,,,,,,,,,,,,,,,,,,,,,,,,,,,,,,,,,,,,,,,,,,,,,,,,,,,,,,,,,,,,,,,,,,,,,,,,,,,,,,,,,,,,,
6f,3,0,1,0.65,,name,4061926,1,abandoned,302200,,,302200,Low-Cross-Multiplicity,39598,39598,cast_info,,14165,0,never_instantiated,0,,,,,0,0,,title,1381132,1,active,35548,,,,,0,0,movie_keyword,,8,0,never_instantiated,0,,,,,0,0,keyword,,8,0,never_instantiated,0,,,,,0,0,,,,,,,,,,,,,,,,,,,,,,,,,,,,,,,,,,,,,,,,,,,,,,,,,,,,,,,,,,,,,,,,,,,,,,,,,,,,,,,,,,,,,,,,,,,,,,,,,,,,,,,,,,,,,,,,,,,,,,,,,,,,,,,,,,,,
7a,3,0,1,0.15,title,,32,0,never_instantiated,0,,,,,0,0,link_type,,32,0,never_instantiated,0,,,,,0,0,movie_link,,30,0,never_instantiated,0,,,,,0,0,cast_info,,20,0,never_instantiated,0,,,,,0,0,aka_name,,17,0,never_instantiated,0,,,,,0,0,name,,62,0,never_instantiated,0,,,,,0,0,person_info,info_type,1,0,never_instantiated,0,,,,,0,0,,,,,,,,,,,,,,,,,,,,,,,,,,,,,,,,,,,,,,,,,,,,,,,,,,,,,,,,,,,,,,,,,,,,,,,,,,,,,,,,,,,,,,,,,,,,,,,,,,,,,,,,,,,,
7b,3,0,1,0.10,title,,16,0,never_instantiated,0,,,,,0,0,link_type,,16,0,never_instantiated,0,,,,,0,0,movie_link,,6,0,never_instantiated,0,,,,,0,0,cast_info,,3,0,never_instantiated,0,,,,,0,0,name,,10,0,never_instantiated,0,,,,,0,0,aka_name,,62,0,never_instantiated,0,,,,,0,0,person_info,info_type,1,0,never_instantiated,0,,,,,0,0,,,,,,,,,,,,,,,,,,,,,,,,,,,,,,,,,,,,,,,,,,,,,,,,,,,,,,,,,,,,,,,,,,,,,,,,,,,,,,,,,,,,,,,,,,,,,,,,,,,,,,,,,,,,
7c,3,0,1,0.45,title,,68295,0,never_instantiated,0,,,,,0,0,,link_type,4,0,never_instantiated,0,,,,,0,0,movie_link,,34229,0,never_instantiated,0,,,,,0,0,cast_info,,12595,0,never_instantiated,0,,,,,0,0,,info_type,1,0,never_instantiated,0,,,,,0,0,person_info,,12038,0,never_instantiated,0,,,,,0,0,name,aka_name,12233,0,never_instantiated,0,,,,,0,0,,,,,,,,,,,,,,,,,,,,,,,,,,,,,,,,,,,,,,,,,,,,,,,,,,,,,,,,,,,,,,,,,,,,,,,,,,,,,,,,,,,,,,,,,,,,,,,,,,,,,,,,,,,,
8a,3,0,1,0.17,title,,62,0,never_instantiated,0,,,,,0,0,aka_name,,38,0,never_instantiated,0,,,,,0,0,company_name,,39,0,never_instantiated,0,,,,,0,0,movie_companies,,25,0,never_instantiated,0,,,,,0,0,name,,4561,0,never_instantiated,0,,,,,0,0,cast_info,role_type,1,0,never_instantiated,0,,,,,0,0,,,,,,,,,,,,,,,,,,,,,,,,,,,,,,,,,,,,,,,,,,,,,,,,,,,,,,,,,,,,,,,,,,,,,,,,,,,,,,,,,,,,,,,,,,,,,,,,,,,,,,,,,,,,,,,,,,,,,,,,
8b,3,0,1,0.15,title,,6,0,never_instantiated,0,,,,,0,0,aka_name,,4,0,never_instantiated,0,,,,,0,0,company_name,,4,0,never_instantiated,0,,,,,0,0,movie_companies,,4,0,never_instantiated,0,,,,,0,0,name,,25,0,never_instantiated,0,,,,,0,0,cast_info,role_type,1,0,never_instantiated,0,,,,,0,0,,,,,,,,,,,,,,,,,,,,,,,,,,,,,,,,,,,,,,,,,,,,,,,,,,,,,,,,,,,,,,,,,,,,,,,,,,,,,,,,,,,,,,,,,,,,,,,,,,,,,,,,,,,,,,,,,,,,,,,,
8c,3,0,1,0.44,title,,2487611,0,never_instantiated,0,,,,,0,0,name,,2487611,0,never_instantiated,0,,,,,0,0,aka_name,,1970658,0,never_instantiated,0,,,,,0,0,,role_type,1,0,never_instantiated,0,,,,,0,0,cast_info,,1153798,0,never_instantiated,0,,,,,0,0,movie_companies,company_name,84843,0,never_instantiated,0,,,,,0,0,,,,,,,,,,,,,,,,,,,,,,,,,,,,,,,,,,,,,,,,,,,,,,,,,,,,,,,,,,,,,,,,,,,,,,,,,,,,,,,,,,,,,,,,,,,,,,,,,,,,,,,,,,,,,,,,,,,,,,,,
8d,3,0,1,0.25,title,,323005,0,never_instantiated,0,,,,,0,0,name,,323005,0,never_instantiated,0,,,,,0,0,aka_name,,285538,0,never_instantiated,0,,,,,0,0,,role_type,1,0,never_instantiated,0,,,,,0,0,cast_info,,1153798,0,never_instantiated,0,,,,,0,0,movie_companies,company_name,84843,0,never_instantiated,0,,,,,0,0,,,,,,,,,,,,,,,,,,,,,,,,,,,,,,,,,,,,,,,,,,,,,,,,,,,,,,,,,,,,,,,,,,,,,,,,,,,,,,,,,,,,,,,,,,,,,,,,,,,,,,,,,,,,,,,,,,,,,,,,
9a,3,0,1,0.28,char_name,,121,0,never_instantiated,0,,,,,0,0,name,,174,0,never_instantiated,0,,,,,0,0,aka_name,,153,0,never_instantiated,0,,,,,0,0,,role_type,1,0,never_instantiated,0,,,,,0,0,cast_info,,144120,0,never_instantiated,0,,,,,0,0,title,,542096,0,never_instantiated,0,,,,,0,0,movie_companies,company_name,84843,0,never_instantiated,0,,,,,0,0,,,,,,,,,,,,,,,,,,,,,,,,,,,,,,,,,,,,,,,,,,,,,,,,,,,,,,,,,,,,,,,,,,,,,,,,,,,,,,,,,,,,,,,,,,,,,,,,,,,,,,,,,,,,
9b,3,0,1,0.19,char_name,,40,0,never_instantiated,0,,,,,0,0,name,,61,0,never_instantiated,0,,,,,0,0,title,,120,0,never_instantiated,0,,,,,0,0,aka_name,,95,0,never_instantiated,0,,,,,0,0,company_name,,101,0,never_instantiated,0,,,,,0,0,movie_companies,,68,0,never_instantiated,0,,,,,0,0,cast_info,role_type,1,0,never_instantiated,0,,,,,0,0,,,,,,,,,,,,,,,,,,,,,,,,,,,,,,,,,,,,,,,,,,,,,,,,,,,,,,,,,,,,,,,,,,,,,,,,,,,,,,,,,,,,,,,,,,,,,,,,,,,,,,,,,,,,
9c,3,0,1,0.26,title,,8144,0,never_instantiated,0,,,,,0,0,char_name,,8144,0,never_instantiated,0,,,,,0,0,name,,8564,0,never_instantiated,0,,,,,0,0,aka_name,,5297,0,never_instantiated,0,,,,,0,0,,role_type,1,0,never_instantiated,0,,,,,0,0,cast_info,,1153798,0,never_instantiated,0,,,,,0,0,movie_companies,company_name,84843,0,never_instantiated,0,,,,,0,0,,,,,,,,,,,,,,,,,,,,,,,,,,,,,,,,,,,,,,,,,,,,,,,,,,,,,,,,,,,,,,,,,,,,,,,,,,,,,,,,,,,,,,,,,,,,,,,,,,,,,,,,,,,,
9d,3,0,1,0.39,title,,483082,0,never_instantiated,0,,,,,0,0,char_name,,483082,0,never_instantiated,0,,,,,0,0,name,,505250,0,never_instantiated,0,,,,,0,0,aka_name,,189554,0,never_instantiated,0,,,,,0,0,,role_type,1,0,never_instantiated,0,,,,,0,0,cast_info,,1153798,0,never_instantiated,0,,,,,0,0,movie_companies,company_name,84843,0,never_instantiated,0,,,,,0,0,,,,,,,,,,,,,,,,,,,,,,,,,,,,,,,,,,,,,,,,,,,,,,,,,,,,,,,,,,,,,,,,,,,,,,,,,,,,,,,,,,,,,,,,,,,,,,,,,,,,,,,,,,,,
10a,3,0,1,0.20,char_name,,104,0,never_instantiated,0,,,,,0,0,,company_type,2,0,never_instantiated,0,,,,,0,0,,role_type,1,0,never_instantiated,0,,,,,0,0,cast_info,,4539,0,never_instantiated,0,,,,,0,0,title,,8790,0,never_instantiated,0,,,,,0,0,movie_companies,company_name,1361,0,never_instantiated,0,,,,,0,0,,,,,,,,,,,,,,,,,,,,,,,,,,,,,,,,,,,,,,,,,,,,,,,,,,,,,,,,,,,,,,,,,,,,,,,,,,,,,,,,,,,,,,,,,,,,,,,,,,,,,,,,,,,,,,,,,,,,,,,,
10b,3,0,1,0.17,char_name,,0,0,never_instantiated,0,,,,,0,0,,company_type,2,0,never_instantiated,0,,,,,0,0,,role_type,1,0,never_instantiated,0,,,,,0,0,cast_info,,1259,0,never_instantiated,0,,,,,0,0,title,,1260,0,never_instantiated,0,,,,,0,0,movie_companies,company_name,1361,0,never_instantiated,0,,,,,0,0,,,,,,,,,,,,,,,,,,,,,,,,,,,,,,,,,,,,,,,,,,,,,,,,,,,,,,,,,,,,,,,,,,,,,,,,,,,,,,,,,,,,,,,,,,,,,,,,,,,,,,,,,,,,,,,,,,,,,,,,
10c,3,0,1,0.44,char_name,,10,0,never_instantiated,0,,,,,0,0,,role_type,11,0,never_instantiated,0,,,,,0,0,cast_info,,596250,0,never_instantiated,0,,,,,0,0,,company_type,2,0,never_instantiated,0,,,,,0,0,title,,1153798,0,never_instantiated,0,,,,,0,0,movie_companies,company_name,84843,0,never_instantiated,0,,,,,0,0,,,,,,,,,,,,,,,,,,,,,,,,,,,,,,,,,,,,,,,,,,,,,,,,,,,,,,,,,,,,,,,,,,,,,,,,,,,,,,,,,,,,,,,,,,,,,,,,,,,,,,,,,,,,,,,,,,,,,,,,
11a,3,0,1,0.07,title,,310,0,never_instantiated,0,,,,,0,0,company_type,,310,0,never_instantiated,0,,,,,0,0,company_name,,664,0,never_instantiated,0,,,,,0,0,movie_companies,,143,0,never_instantiated,0,,,,,0,0,link_type,,143,0,never_instantiated,0,,,,,0,0,movie_link,,23,0,never_instantiated,0,,,,,0,0,movie_keyword,keyword,1,0,never_instantiated,0,,,,,0,0,,,,,,,,,,,,,,,,,,,,,,,,,,,,,,,,,,,,,,,,,,,,,,,,,,,,,,,,,,,,,,,,,,,,,,,,,,,,,,,,,,,,,,,,,,,,,,,,,,,,,,,,,,,,
11b,3,0,1,0.07,company_type,,14,0,never_instantiated,0,,,,,0,0,company_name,,21,0,never_instantiated,0,,,,,0,0,movie_companies,,7,0,never_instantiated,0,,,,,0,0,link_type,,7,0,never_instantiated,0,,,,,0,0,movie_link,,1,0,never_instantiated,0,,,,,0,0,title,,1,0,never_instantiated,0,,,,,0,0,movie_keyword,keyword,1,0,never_instantiated,0,,,,,0,0,,,,,,,,,,,,,,,,,,,,,,,,,,,,,,,,,,,,,,,,,,,,,,,,,,,,,,,,,,,,,,,,,,,,,,,,,,,,,,,,,,,,,,,,,,,,,,,,,,,,,,,,,,,,
11c,3,0,1,0.08,,link_type,17,0,never_instantiated,0,,,,,0,0,keyword,,6946,0,never_instantiated,0,,,,,0,0,movie_keyword,,8393,0,never_instantiated,0,,,,,0,0,,company_type,1,0,never_instantiated,0,,,,,0,0,company_name,,8393,0,never_instantiated,0,,,,,0,0,movie_companies,,29726,0,never_instantiated,0,,,,,0,0,title,movie_link,29997,0,never_instantiated,0,,,,,0,0,,,,,,,,,,,,,,,,,,,,,,,,,,,,,,,,,,,,,,,,,,,,,,,,,,,,,,,,,,,,,,,,,,,,,,,,,,,,,,,,,,,,,,,,,,,,,,,,,,,,,,,,,,,,
11d,3,0,1,0.16,,link_type,17,0,never_instantiated,0,,,,,0,0,keyword,,14899,0,never_instantiated,0,,,,,0,0,movie_keyword,,95870,0,never_instantiated,0,,,,,0,0,,company_type,1,0,never_instantiated,0,,,,,0,0,company_name,,96891,0,never_instantiated,0,,,,,0,0,movie_companies,,29726,0,never_instantiated,0,,,,,0,0,title,movie_link,29997,0,never_instantiated,0,,,,,0,0,,,,,,,,,,,,,,,,,,,,,,,,,,,,,,,,,,,,,,,,,,,,,,,,,,,,,,,,,,,,,,,,,,,,,,,,,,,,,,,,,,,,,,,,,,,,,,,,,,,,,,,,,,,,
12a,3,0,1,0.09,,info_type,1,0,never_instantiated,0,,,,,0,0,movie_info,,5674,0,never_instantiated,0,,,,,0,0,,company_type,1,0,never_instantiated,0,,,,,0,0,,company_name,84843,0,never_instantiated,0,,,,,0,0,movie_companies,,4047,0,never_instantiated,0,,,,,0,0,title,,15849,0,never_instantiated,0,,,,,0,0,movie_info_idx,info_type,1,0,never_instantiated,0,,,,,0,0,,,,,,,,,,,,,,,,,,,,,,,,,,,,,,,,,,,,,,,,,,,,,,,,,,,,,,,,,,,,,,,,,,,,,,,,,,,,,,,,,,,,,,,,,,,,,,,,,,,,,,,,,,,,
12b,3,0,1,0.08,,info_type,1,0,never_instantiated,0,,,,,0,0,movie_info,,10,0,never_instantiated,0,,,,,0,0,,info_type,1,0,never_instantiated,0,,,,,0,0,movie_info_idx,,10,0,never_instantiated,0,,,,,0,0,,company_type,2,0,never_instantiated,0,,,,,0,0,title,,10,0,never_instantiated,0,,,,,0,0,movie_companies,company_name,84843,0,never_instantiated,0,,,,,0,0,,,,,,,,,,,,,,,,,,,,,,,,,,,,,,,,,,,,,,,,,,,,,,,,,,,,,,,,,,,,,,,,,,,,,,,,,,,,,,,,,,,,,,,,,,,,,,,,,,,,,,,,,,,,
12c,3,0,1,0.12,,info_type,1,0,never_instantiated,0,,,,,0,0,movie_info,,42332,0,never_instantiated,0,,,,,0,0,,company_type,1,0,never_instantiated,0,,,,,0,0,,company_name,84843,0,never_instantiated,0,,,,,0,0,movie_companies,,52303,0,never_instantiated,0,,,,,0,0,title,,121571,0,never_instantiated,0,,,,,0,0,movie_info_idx,info_type,1,0,never_instantiated,0,,,,,0,0,,,,,,,,,,,,,,,,,,,,,,,,,,,,,,,,,,,,,,,,,,,,,,,,,,,,,,,,,,,,,,,,,,,,,,,,,,,,,,,,,,,,,,,,,,,,,,,,,,,,,,,,,,,,
13a,3,0,1,0.12,,info_type,1,0,never_instantiated,0,,,,,0,0,movie_info,,16470,0,never_instantiated,0,,,,,0,0,,kind_type,1,0,never_instantiated,0,,,,,0,0,title,,31510,0,never_instantiated,0,,,,,0,0,,info_type,1,0,never_instantiated,0,,,,,0,0,movie_info_idx,,71294,0,never_instantiated,0,,,,,0,0,,company_type,1,0,never_instantiated,0,,,,,0,0,movie_companies,company_name,9775,0,never_instantiated,0,,,,,0,0,,,,,,,,,,,,,,,,,,,,,,,,,,,,,,,,,,,,,,,,,,,,,,,,,,,,,,,,,,,,,,,,,,,,,,,,,,,,,,,,,,,,,,,,,,,,,,,,
13b,3,0,1,0.09,,info_type,1,0,never_instantiated,0,,,,,0,0,movie_info,,61,0,never_instantiated,0,,,,,0,0,,info_type,1,0,never_instantiated,0,,,,,0,0,movie_info_idx,,203,0,never_instantiated,0,,,,,0,0,,company_type,1,0,never_instantiated,0,,,,,0,0,,kind_type,1,0,never_instantiated,0,,,,,0,0,title,,431,0,never_instantiated,0,,,,,0,0,movie_companies,company_name,84843,0,never_instantiated,0,,,,,0,0,,,,,,,,,,,,,,,,,,,,,,,,,,,,,,,,,,,,,,,,,,,,,,,,,,,,,,,,,,,,,,,,,,,,,,,,,,,,,,,,,,,,,,,,,,,,,,,,
13c,3,0,1,0.08,,info_type,1,0,never_instantiated,0,,,,,0,0,movie_info,,14,0,never_instantiated,0,,,,,0,0,,info_type,1,0,never_instantiated,0,,,,,0,0,movie_info_idx,,36,0,never_instantiated,0,,,,,0,0,,company_type,1,0,never_instantiated,0,,,,,0,0,,kind_type,1,0,never_instantiated,0,,,,,0,0,title,,56,0,never_instantiated,0,,,,,0,0,movie_companies,company_name,84843,0,never_instantiated,0,,,,,0,0,,,,,,,,,,,,,,,,,,,,,,,,,,,,,,,,,,,,,,,,,,,,,,,,,,,,,,,,,,,,,,,,,,,,,,,,,,,,,,,,,,,,,,,,,,,,,,,,
13d,3,0,1,0.20,,info_type,1,0,never_instantiated,0,,,,,0,0,movie_info,,87293,0,never_instantiated,0,,,,,0,0,,kind_type,1,0,never_instantiated,0,,,,,0,0,title,,248554,0,never_instantiated,0,,,,,0,0,,info_type,1,0,never_instantiated,0,,,,,0,0,movie_info_idx,,552328,0,never_instantiated,0,,,,,0,0,,company_type,1,0,never_instantiated,0,,,,,0,0,movie_companies,company_name,84843,0,never_instantiated,0,,,,,0,0,,,,,,,,,,,,,,,,,,,,,,,,,,,,,,,,,,,,,,,,,,,,,,,,,,,,,,,,,,,,,,,,,,,,,,,,,,,,,,,,,,,,,,,,,,,,,,,,
14a,3,0,1,0.12,keyword,,761,0,never_instantiated,0,,,,,0,0,movie_keyword,,528,0,never_instantiated,0,,,,,0,0,,info_type,1,0,never_instantiated,0,,,,,0,0,,,17272,0,never_instantiated,0,,,,,0,0,movie_info,,10,0,never_instantiated,0,,,,,0,0,,kind_type,1,0,never_instantiated,0,,,,,0,0,title,,454230,0,never_instantiated,0,,,,,0,0,movie_info_idx,info_type,1,0,never_instantiated,0,,,,,0,0,,,,,,,,,,,,,,,,,,,,,,,,,,,,,,,,,,,,,,,,,,,,,,,,,,,,,,,,,,,,,,,,,,,,,,,,,,,,,,,,,,,,,,,,,,,,,,,,
14b,3,0,1,0.09,keyword,,1,0,never_instantiated,0,,,,,0,0,movie_keyword,,1,0,never_instantiated,0,,,,,0,0,,info_type,1,0,never_instantiated,0,,,,,0,0,,,4,0,never_instantiated,0,,,,,0,0,movie_info,,10,0,never_instantiated,0,,,,,0,0,,kind_type,1,0,never_instantiated,0,,,,,0,0,title,,259848,0,never_instantiated,0,,,,,0,0,movie_info_idx,info_type,1,0,never_instantiated,0,,,,,0,0,,,,,,,,,,,,,,,,,,,,,,,,,,,,,,,,,,,,,,,,,,,,,,,,,,,,,,,,,,,,,,,,,,,,,,,,,,,,,,,,,,,,,,,,,,,,,,,,
14c,3,0,1,0.16,keyword,,4115,0,never_instantiated,0,,,,,0,0,movie_keyword,,2745,0,never_instantiated,0,,,,,0,0,,info_type,1,0,never_instantiated,0,,,,,0,0,,,106971,0,never_instantiated,0,,,,,0,0,movie_info,,10,0,never_instantiated,0,,,,,0,0,,kind_type,2,0,never_instantiated,0,,,,,0,0,title,,454230,0,never_instantiated,0,,,,,0,0,movie_info_idx,info_type,1,0,never_instantiated,0,,,,,0,0,,,,,,,,,,,,,,,,,,,,,,,,,,,,,,,,,,,,,,,,,,,,,,,,,,,,,,,,,,,,,,,,,,,,,,,,,,,,,,,,,,,,,,,,,,,,,,,,
15a,3,0,1,0.22,keyword,,328,0,never_instantiated,0,,,,,0,0,movie_keyword,,27,0,never_instantiated,0,,,,,0,0,company_type,,27,0,never_instantiated,0,,,,,0,0,title,,41,0,never_instantiated,0,,,,,0,0,,info_type,1,0,never_instantiated,0,,,,,0,0,movie_info,,13699,0,never_instantiated,0,,,,,0,0,aka_title,,43837,0,never_instantiated,0,,,,,0,0,movie_companies,company_name,84843,0,never_instantiated,0,,,,,0,0,,,,,,,,,,,,,,,,,,,,,,,,,,,,,,,,,,,,,,,,,,,,,,,,,,,,,,,,,,,,,,,,,,,,,,,,,,,,,,,,,,,,,,,,,,,,,,,,
15b,3,0,1,0.19,keyword,,37,0,never_instantiated,0,,,,,0,0,movie_keyword,,2,0,never_instantiated,0,,,,,0,0,company_type,,2,0,never_instantiated,0,,,,,0,0,title,,2,0,never_instantiated,0,,,,,0,0,info_type,,2,0,never_instantiated,0,,,,,0,0,movie_info,,27,0,never_instantiated,0,,,,,0,0,aka_title,,278,0,never_instantiated,0,,,,,0,0,movie_companies,company_name,1,0,never_instantiated,0,,,,,0,0,,,,,,,,,,,,,,,,,,,,,,,,,,,,,,,,,,,,,,,,,,,,,,,,,,,,,,,,,,,,,,,,,,,,,,,,,,,,,,,,,,,,,,,,,,,,,,,,
15c,3,0,1,0.31,keyword,,2271,0,never_instantiated,0,,,,,0,0,movie_keyword,,284,0,never_instantiated,0,,,,,0,0,,company_type,2,0,never_instantiated,0,,,,,0,0,,info_type,1,0,never_instantiated,0,,,,,0,0,movie_info,,218489,0,never_instantiated,0,,,,,0,0,title,,627946,0,never_instantiated,0,,,,,0,0,aka_title,,1153657,0,never_instantiated,0,,,,,0,0,movie_companies,company_name,84843,0,never_instantiated,0,,,,,0,0,,,,,,,,,,,,,,,,,,,,,,,,,,,,,,,,,,,,,,,,,,,,,,,,,,,,,,,,,,,,,,,,,,,,,,,,,,,,,,,,,,,,,,,,,,,,,,,,
15d,3,0,1,0.28,keyword,,11347,0,never_instantiated,0,,,,,0,0,movie_keyword,,875,0,never_instantiated,0,,,,,0,0,,company_type,2,0,never_instantiated,0,,,,,0,0,,info_type,1,0,never_instantiated,0,,,,,0,0,movie_info,,218489,0,never_instantiated,0,,,,,0,0,title,,627946,0,never_instantiated,0,,,,,0,0,aka_title,,1153657,0,never_instantiated,0,,,,,0,0,movie_companies,company_name,84843,0,never_instantiated,0,,,,,0,0,,,,,,,,,,,,,,,,,,,,,,,,,,,,,,,,,,,,,,,,,,,,,,,,,,,,,,,,,,,,,,,,,,,,,,,,,,,,,,,,,,,,,,,,,,,,,,,,
16a,3,0,1,0.19,name,,385,0,never_instantiated,0,,,,,0,0,aka_name,,323,0,never_instantiated,0,,,,,0,0,cast_info,,25,0,never_instantiated,0,,,,,0,0,company_name,,54,0,never_instantiated,0,,,,,0,0,movie_companies,,146,0,never_instantiated,0,,,,,0,0,title,,146,0,never_instantiated,0,,,,,0,0,movie_keyword,keyword,1,0,never_instantiated,0,,,,,0,0,,,,,,,,,,,,,,,,,,,,,,,,,,,,,,,,,,,,,,,,,,,,,,,,,,,,,,,,,,,,,,,,,,,,,,,,,,,,,,,,,,,,,,,,,,,,,,,,,,,,,,,,,,,,
16b,3,0,1,0.64,title,,3710592,0,never_instantiated,0,,,,,0,0,name,,3710592,0,never_instantiated,0,,,,,0,0,aka_name,,2832555,0,never_instantiated,0,,,,,0,0,cast_info,,68316,0,never_instantiated,0,,,,,0,0,company_name,,148552,0,never_instantiated,0,,,,,0,0,movie_companies,,41838,0,never_instantiated,0,,,,,0,0,movie_keyword,keyword,1,0,never_instantiated,0,,,,,0,0,,,,,,,,,,,,,,,,,,,,,,,,,,,,,,,,,,,,,,,,,,,,,,,,,,,,,,,,,,,,,,,,,,,,,,,,,,,,,,,,,,,,,,,,,,,,,,,,,,,,,,,,,,,,
16c,3,0,1,0.29,name,,319932,0,never_instantiated,0,,,,,0,0,aka_name,,221609,0,never_instantiated,0,,,,,0,0,cast_info,,8538,0,never_instantiated,0,,,,,0,0,company_name,,11406,0,never_instantiated,0,,,,,0,0,movie_companies,,6926,0,never_instantiated,0,,,,,0,0,title,,41838,0,never_instantiated,0,,,,,0,0,movie_keyword,keyword,1,0,never_instantiated,0,,,,,0,0,,,,,,,,,,,,,,,,,,,,,,,,,,,,,,,,,,,,,,,,,,,,,,,,,,,,,,,,,,,,,,,,,,,,,,,,,,,,,,,,,,,,,,,,,,,,,,,,,,,,,,,,,,,,
16d,3,0,1,0.28,name,,249455,0,never_instantiated,0,,,,,0,0,aka_name,,169273,0,never_instantiated,0,,,,,0,0,cast_info,,6766,0,never_instantiated,0,,,,,0,0,company_name,,8661,0,never_instantiated,0,,,,,0,0,movie_companies,,5385,0,never_instantiated,0,,,,,0,0,title,,41838,0,never_instantiated,0,,,,,0,0,movie_keyword,keyword,1,0,never_instantiated,0,,,,,0,0,,,,,,,,,,,,,,,,,,,,,,,,,,,,,,,,,,,,,,,,,,,,,,,,,,,,,,,,,,,,,,,,,,,,,,,,,,,,,,,,,,,,,,,,,,,,,,,,,,,,,,,,,,,,
17a,3,0,1,0.33,title,,258289,0,never_instantiated,0,,,,,0,0,name,,2832555,0,never_instantiated,0,,,,,0,0,cast_info,,68316,0,never_instantiated,0,,,,,0,0,company_name,,148552,0,never_instantiated,0,,,,,0,0,movie_companies,,41838,0,never_instantiated,0,,,,,0,0,movie_keyword,keyword,1,0,never_instantiated,0,,,,,0,0,,,,,,,,,,,,,,,,,,,,,,,,,,,,,,,,,,,,,,,,,,,,,,,,,,,,,,,,,,,,,,,,,,,,,,,,,,,,,,,,,,,,,,,,,,,,,,,,,,,,,,,,,,,,,,,,,,,,,,,,
17b,3,0,1,0.43,title,,52306,0,never_instantiated,0,,,,,0,0,name,,7796926,0,never_instantiated,0,,,,,0,0,cast_info,,148552,0,never_instantiated,0,,,,,0,0,company_name,,148552,0,never_instantiated,0,,,,,0,0,movie_companies,,41838,0,never_instantiated,0,,,,,0,0,movie_keyword,keyword,1,0,never_instantiated,0,,,,,0,0,,,,,,,,,,,,,,,,,,,,,,,,,,,,,,,,,,,,,,,,,,,,,,,,,,,,,,,,,,,,,,,,,,,,,,,,,,,,,,,,,,,,,,,,,,,,,,,,,,,,,,,,,,,,,,,,,,,,,,,,
17c,3,0,1,0.20,title,,1918,0,never_instantiated,0,,,,,0,0,name,,3151,0,never_instantiated,0,,,,,0,0,cast_info,,148552,0,never_instantiated,0,,,,,0,0,company_name,,148552,0,never_instantiated,0,,,,,0,0,movie_companies,,41838,0,never_instantiated,0,,,,,0,0,movie_keyword,keyword,1,0,never_instantiated,0,,,,,0,0,,,,,,,,,,,,,,,,,,,,,,,,,,,,,,,,,,,,,,,,,,,,,,,,,,,,,,,,,,,,,,,,,,,,,,,,,,,,,,,,,,,,,,,,,,,,,,,,,,,,,,,,,,,,,,,,,,,,,,,,
17d,3,0,1,0.26,title,,11538,0,never_instantiated,0,,,,,0,0,name,,13400,0,never_instantiated,0,,,,,0,0,cast_info,,148552,0,never_instantiated,0,,,,,0,0,company_name,,148552,0,never_instantiated,0,,,,,0,0,movie_companies,,41838,0,never_instantiated,0,,,,,0,0,movie_keyword,keyword,1,0,never_instantiated,0,,,,,0,0,,,,,,,,,,,,,,,,,,,,,,,,,,,,,,,,,,,,,,,,,,,,,,,,,,,,,,,,,,,,,,,,,,,,,,,,,,,,,,,,,,,,,,,,,,,,,,,,,,,,,,,,,,,,,,,,,,,,,,,,
17e,3,0,1,0.37,name,,2832555,0,never_instantiated,0,,,,,0,0,cast_info,,68316,0,never_instantiated,0,,,,,0,0,title,,68316,0,never_instantiated,0,,,,,0,0,company_name,,148552,0,never_instantiated,0,,,,,0,0,movie_companies,,41838,0,never_instantiated,0,,,,,0,0,movie_keyword,keyword,1,0,never_instantiated,0,,,,,0,0,,,,,,,,,,,,,,,,,,,,,,,,,,,,,,,,,,,,,,,,,,,,,,,,,,,,,,,,,,,,,,,,,,,,,,,,,,,,,,,,,,,,,,,,,,,,,,,,,,,,,,,,,,,,,,,,,,,,,,,,
17f,3,0,1,0.38,title,,1113120,0,never_instantiated,0,,,,,0,0,name,,1618644,0,never_instantiated,0,,,,,0,0,cast_info,,148552,0,never_instantiated,0,,,,,0,0,company_name,,148552,0,never_instantiated,0,,,,,0,0,movie_companies,,41838,0,never_instantiated,0,,,,,0,0,movie_keyword,keyword,1,0,never_instantiated,0,,,,,0,0,,,,,,,,,,,,,,,,,,,,,,,,,,,,,,,,,,,,,,,,,,,,,,,,,,,,,,,,,,,,,,,,,,,,,,,,,,,,,,,,,,,,,,,,,,,,,,,,,,,,,,,,,,,,,,,,,,,,,,,,
18a,3,0,1,0.30,title,,410,0,never_instantiated,0,,,,,0,0,name,,422,0,never_instantiated,0,,,,,0,0,cast_info,,45431,0,never_instantiated,0,,,,,0,0,,info_type,1,0,never_instantiated,0,,,,,0,0,movie_info,,459925,0,never_instantiated,0,,,,,0,0,movie_info_idx,info_type,1,0,never_instantiated,0,,,,,0,0,,,,,,,,,,,,,,,,,,,,,,,,,,,,,,,,,,,,,,,,,,,,,,,,,,,,,,,,,,,,,,,,,,,,,,,,,,,,,,,,,,,,,,,,,,,,,,,,,,,,,,,,,,,,,,,,,,,,,,,,
18b,3,0,1,0.28,name,,268,0,never_instantiated,0,,,,,0,0,,,358,0,never_instantiated,0,,,,,0,0,cast_info,,5,0,never_instantiated,0,,,,,0,0,title,,359,0,never_instantiated,0,,,,,0,0,,info_type,1,0,never_instantiated,0,,,,,0,0,movie_info,,15849,0,never_instantiated,0,,,,,0,0,movie_info_idx,info_type,1,0,never_instantiated,0,,,,,0,0,,,,,,,,,,,,,,,,,,,,,,,,,,,,,,,,,,,,,,,,,,,,,,,,,,,,,,,,,,,,,,,,,,,,,,,,,,,,,,,,,,,,,,,,,,,,,,,,,,,,,,,,,,,,
18c,3,0,1,0.42,title,,28073,0,never_instantiated,0,,,,,0,0,name,,54155,0,never_instantiated,0,,,,,0,0,,,102516,0,never_instantiated,0,,,,,0,0,cast_info,,5,0,never_instantiated,0,,,,,0,0,,info_type,1,0,never_instantiated,0,,,,,0,0,,,459925,0,never_instantiated,0,,,,,0,0,movie_info,,6,0,never_instantiated,0,,,,,0,0,movie_info_idx,info_type,1,0,never_instantiated,0,,,,,0,0,,,,,,,,,,,,,,,,,,,,,,,,,,,,,,,,,,,,,,,,,,,,,,,,,,,,,,,,,,,,,,,,,,,,,,,,,,,,,,,,,,,,,,,,,,,,,,,,
19a,3,0,1,0.33,char_name,,184,0,never_instantiated,0,,,,,0,0,name,,248,0,never_instantiated,0,,,,,0,0,aka_name,,197,0,never_instantiated,0,,,,,0,0,,role_type,1,0,never_instantiated,0,,,,,0,0,cast_info,,116277,0,never_instantiated,0,,,,,0,0,,info_type,1,0,never_instantiated,0,,,,,0,0,movie_info,,86979,0,never_instantiated,0,,,,,0,0,title,,542096,0,never_instantiated,0,,,,,0,0,movie_companies,company_name,84843,0,never_instantiated,0,,,,,0,0,,,,,,,,,,,,,,,,,,,,,,,,,,,,,,,,,,,,,,,,,,,,,,,,,,,,,,,,,,,,,,,,,,,,,,,,,,,,,,,,,,,,
19b,3,0,1,0.22,char_name,,15,0,never_instantiated,0,,,,,0,0,info_type,,15,0,never_instantiated,0,,,,,0,0,movie_info,,15,0,never_instantiated,0,,,,,0,0,name,,15,0,never_instantiated,0,,,,,0,0,title,,15,0,never_instantiated,0,,,,,0,0,aka_name,,3,0,never_instantiated,0,,,,,0,0,company_name,,3,0,never_instantiated,0,,,,,0,0,movie_companies,,1,0,never_instantiated,0,,,,,0,0,cast_info,role_type,1,0,never_instantiated,0,,,,,0,0,,,,,,,,,,,,,,,,,,,,,,,,,,,,,,,,,,,,,,,,,,,,,,,,,,,,,,,,,,,,,,,,,,,,,,,,,,,,,,,,,,,,
19c,3,0,1,0.38,char_name,,3575,0,never_instantiated,0,,,,,0,0,name,,3786,0,never_instantiated,0,,,,,0,0,aka_name,,2864,0,never_instantiated,0,,,,,0,0,,role_type,1,0,never_instantiated,0,,,,,0,0,cast_info,,391371,0,never_instantiated,0,,,,,0,0,,info_type,1,0,never_instantiated,0,,,,,0,0,movie_info,,468787,0,never_instantiated,0,,,,,0,0,title,,1153798,0,never_instantiated,0,,,,,0,0,movie_companies,company_name,84843,0,never_instantiated,0,,,,,0,0,,,,,,,,,,,,,,,,,,,,,,,,,,,,,,,,,,,,,,,,,,,,,,,,,,,,,,,,,,,,,,,,,,,,,,,,,,,,,,,,,,,,
19d,3,0,1,0.46,char_name,,1760645,0,never_instantiated,0,,,,,0,0,,info_type,1,0,never_instantiated,0,,,,,0,0,movie_info,,276408,0,never_instantiated,0,,,,,0,0,name,,276501,0,never_instantiated,0,,,,,0,0,aka_name,,104391,0,never_instantiated,0,,,,,0,0,,role_type,1,0,never_instantiated,0,,,,,0,0,cast_info,,468787,0,never_instantiated,0,,,,,0,0,title,,1153798,0,never_instantiated,0,,,,,0,0,movie_companies,company_name,84843,0,never_instantiated,0,,,,,0,0,,,,,,,,,,,,,,,,,,,,,,,,,,,,,,,,,,,,,,,,,,,,,,,,,,,,,,,,,,,,,,,,,,,,,,,,,,,,,,,,,,,,
20a,3,0,1,0.25,name,,33,0,never_instantiated,0,,,,,0,0,char_name,,310,0,never_instantiated,0,,,,,0,0,cast_info,,6016,0,never_instantiated,0,,,,,0,0,,,6016,0,never_instantiated,0,,,,,0,0,keyword,,8,0,never_instantiated,0,,,,,0,0,movie_keyword,,27939,0,never_instantiated,0,,,,,0,0,,comp_cast_type,2,0,never_instantiated,0,,,,,0,0,,comp_cast_type,1,0,never_instantiated,0,,,,,0,0,,kind_type,1,0,never_instantiated,0,,,,,0,0,title,complete_cast,84165,0,never_instantiated,0,,,,,0,0,,,,,,,,,,,,,,,,,,,,,,,,,,,,,,,,,,,,,,,,,,,,,,,,,,,,,,,,,,,,,,,,,,,,,,,,
20b,3,0,1,0.21,char_name,,17,0,never_instantiated,0,,,,,0,0,name,,17,0,never_instantiated,0,,,,,0,0,cast_info,,1472,0,never_instantiated,0,,,,,0,0,,,1472,0,never_instantiated,0,,,,,0,0,keyword,,8,0,never_instantiated,0,,,,,0,0,movie_keyword,,4589,0,never_instantiated,0,,,,,0,0,,comp_cast_type,2,0,never_instantiated,0,,,,,0,0,,comp_cast_type,1,0,never_instantiated,0,,,,,0,0,,kind_type,1,0,never_instantiated,0,,,,,0,0,title,complete_cast,84165,0,never_instantiated,0,,,,,0,0,,,,,,,,,,,,,,,,,,,,,,,,,,,,,,,,,,,,,,,,,,,,,,,,,,,,,,,,,,,,,,,,,,,,,,,,
20c,3,0,1,0.29,name,,5406,0,never_instantiated,0,,,,,0,0,char_name,,5437,0,never_instantiated,0,,,,,0,0,cast_info,,1267,0,never_instantiated,0,,,,,0,0,,,1267,0,never_instantiated,0,,,,,0,0,keyword,,10,0,never_instantiated,0,,,,,0,0,movie_keyword,,4589,0,never_instantiated,0,,,,,0,0,,comp_cast_type,2,0,never_instantiated,0,,,,,0,0,,comp_cast_type,1,0,never_instantiated,0,,,,,0,0,,kind_type,1,0,never_instantiated,0,,,,,0,0,title,complete_cast,84165,0,never_instantiated,0,,,,,0,0,,,,,,,,,,,,,,,,,,,,,,,,,,,,,,,,,,,,,,,,,,,,,,,,,,,,,,,,,,,,,,,,,,,,,,,,
21a,3,0,1,0.11,,,310,0,never_instantiated,0,,,,,0,0,movie_info,,8,0,never_instantiated,0,,,,,0,0,company_type,,310,0,never_instantiated,0,,,,,0,0,title,,310,0,never_instantiated,0,,,,,0,0,company_name,,664,0,never_instantiated,0,,,,,0,0,movie_companies,,143,0,never_instantiated,0,,,,,0,0,link_type,,143,0,never_instantiated,0,,,,,0,0,movie_link,,23,0,never_instantiated,0,,,,,0,0,movie_keyword,keyword,1,0,never_instantiated,0,,,,,0,0,,,,,,,,,,,,,,,,,,,,,,,,,,,,,,,,,,,,,,,,,,,,,,,,,,,,,,,,,,,,,,,,,,,,,,,,,,,,,,,,,,,,
21b,3,0,1,0.08,movie_info,,92,0,never_instantiated,0,,,,,0,0,company_type,,92,0,never_instantiated,0,,,,,0,0,title,,92,0,never_instantiated,0,,,,,0,0,company_name,,299,0,never_instantiated,0,,,,,0,0,movie_companies,,48,0,never_instantiated,0,,,,,0,0,link_type,,48,0,never_instantiated,0,,,,,0,0,movie_link,,5,0,never_instantiated,0,,,,,0,0,movie_keyword,keyword,1,0,never_instantiated,0,,,,,0,0,,,,,,,,,,,,,,,,,,,,,,,,,,,,,,,,,,,,,,,,,,,,,,,,,,,,,,,,,,,,,,,,,,,,,,,,,,,,,,,,,,,,,,,,,,,,,,,,
21c,3,0,1,0.11,,,402,0,never_instantiated,0,,,,,0,0,movie_info,,9,0,never_instantiated,0,,,,,0,0,company_type,,402,0,never_instantiated,0,,,,,0,0,title,,402,0,never_instantiated,0,,,,,0,0,company_name,,962,0,never_instantiated,0,,,,,0,0,movie_companies,,190,0,never_instantiated,0,,,,,0,0,link_type,,190,0,never_instantiated,0,,,,,0,0,movie_link,,27,0,never_instantiated,0,,,,,0,0,movie_keyword,keyword,1,0,never_instantiated,0,,,,,0,0,,,,,,,,,,,,,,,,,,,,,,,,,,,,,,,,,,,,,,,,,,,,,,,,,,,,,,,,,,,,,,,,,,,,,,,,,,,,,,,,,,,,
22a,3,0,1,0.19,company_type,,2851,0,never_instantiated,0,,,,,0,0,keyword,,2851,0,never_instantiated,0,,,,,0,0,movie_keyword,,1509,0,never_instantiated,0,,,,,0,0,,info_type,1,0,never_instantiated,0,,,,,0,0,movie_info,,6816,0,never_instantiated,0,,,,,0,0,company_name,,7820,0,never_instantiated,0,,,,,0,0,movie_companies,,40853,0,never_instantiated,0,,,,,0,0,,kind_type,2,0,never_instantiated,0,,,,,0,0,title,,324111,0,never_instantiated,0,,,,,0,0,movie_info_idx,info_type,1,0,never_instantiated,0,,,,,0,0,,,,,,,,,,,,,,,,,,,,,,,,,,,,,,,,,,,,,,,,,,,,,,,,,,,,,,,,,,,,,,,,,,,,,,,,
22b,3,0,1,0.18,company_type,,31,0,never_instantiated,0,,,,,0,0,keyword,,31,0,never_instantiated,0,,,,,0,0,movie_keyword,,17,0,never_instantiated,0,,,,,0,0,,info_type,1,0,never_instantiated,0,,,,,0,0,movie_info,,347,0,never_instantiated,0,,,,,0,0,company_name,,488,0,never_instantiated,0,,,,,0,0,movie_companies,,31111,0,never_instantiated,0,,,,,0,0,,kind_type,2,0,never_instantiated,0,,,,,0,0,title,,324111,0,never_instantiated,0,,,,,0,0,movie_info_idx,info_type,1,0,never_instantiated,0,,,,,0,0,,,,,,,,,,,,,,,,,,,,,,,,,,,,,,,,,,,,,,,,,,,,,,,,,,,,,,,,,,,,,,,,,,,,,,,,
22c,3,0,1,0.25,company_type,,21489,0,never_instantiated,0,,,,,0,0,keyword,,21489,0,never_instantiated,0,,,,,0,0,movie_keyword,,11376,0,never_instantiated,0,,,,,0,0,,info_type,1,0,never_instantiated,0,,,,,0,0,,,56007,0,never_instantiated,0,,,,,0,0,movie_info,,10,0,never_instantiated,0,,,,,0,0,company_name,,61806,0,never_instantiated,0,,,,,0,0,movie_companies,,106968,0,never_instantiated,0,,,,,0,0,,kind_type,2,0,never_instantiated,0,,,,,0,0,title,,454222,0,never_instantiated,0,,,,,0,0,movie_info_idx,info_type,1,0,never_instantiated,0,,,,,0,0,,,,,,,,,,,,,,,,,,,,,,,,,,,,,,,,,,,,,,,,,,,,,,,,,,,,,,,,,,,,
22d,3,0,1,0.22,company_type,,46281,0,never_instantiated,0,,,,,0,0,keyword,,46281,0,never_instantiated,0,,,,,0,0,movie_keyword,,25671,0,never_instantiated,0,,,,,0,0,company_name,,36808,0,never_instantiated,0,,,,,0,0,movie_companies,,2745,0,never_instantiated,0,,,,,0,0,,info_type,1,0,never_instantiated,0,,,,,0,0,,,106968,0,never_instantiated,0,,,,,0,0,movie_info,,10,0,never_instantiated,0,,,,,0,0,,kind_type,2,0,never_instantiated,0,,,,,0,0,title,,454222,0,never_instantiated,0,,,,,0,0,movie_info_idx,info_type,1,0,never_instantiated,0,,,,,0,0,,,,,,,,,,,,,,,,,,,,,,,,,,,,,,,,,,,,,,,,,,,,,,,,,,,,,,,,,,,,
23a,3,0,1,0.20,keyword,,618,0,never_instantiated,0,,,,,0,0,movie_keyword,,6,0,never_instantiated,0,,,,,0,0,company_type,,6,0,never_instantiated,0,,,,,0,0,,info_type,1,0,never_instantiated,0,,,,,0,0,movie_info,,5763,0,never_instantiated,0,,,,,0,0,,comp_cast_type,1,0,never_instantiated,0,,,,,0,0,,kind_type,1,0,never_instantiated,0,,,,,0,0,title,,5997,0,never_instantiated,0,,,,,0,0,complete_cast,,6914,0,never_instantiated,0,,,,,0,0,movie_companies,company_name,84843,0,never_instantiated,0,,,,,0,0,,,,,,,,,,,,,,,,,,,,,,,,,,,,,,,,,,,,,,,,,,,,,,,,,,,,,,,,,,,,,,,,,,,,,,,,
23b,3,0,1,0.18,company_type,,16,0,never_instantiated,0,,,,,0,0,keyword,,16,0,never_instantiated,0,,,,,0,0,movie_keyword,,4,0,never_instantiated,0,,,,,0,0,company_name,,4,0,never_instantiated,0,,,,,0,0,movie_companies,,4,0,never_instantiated,0,,,,,0,0,,comp_cast_type,1,0,never_instantiated,0,,,,,0,0,,kind_type,1,0,never_instantiated,0,,,,,0,0,title,,4,0,never_instantiated,0,,,,,0,0,complete_cast,,2,0,never_instantiated,0,,,,,0,0,movie_info,info_type,1,0,never_instantiated,0,,,,,0,0,,,,,,,,,,,,,,,,,,,,,,,,,,,,,,,,,,,,,,,,,,,,,,,,,,,,,,,,,,,,,,,,,,,,,,,,
23c,3,0,1,0.22,keyword,,628,0,never_instantiated,0,,,,,0,0,movie_keyword,,7,0,never_instantiated,0,,,,,0,0,company_type,,7,0,never_instantiated,0,,,,,0,0,,info_type,1,0,never_instantiated,0,,,,,0,0,movie_info,,21851,0,never_instantiated,0,,,,,0,0,,comp_cast_type,1,0,never_instantiated,0,,,,,0,0,,kind_type,4,0,never_instantiated,0,,,,,0,0,title,,21879,0,never_instantiated,0,,,,,0,0,complete_cast,,18979,0,never_instantiated,0,,,,,0,0,movie_companies,company_name,84843,0,never_instantiated,0,,,,,0,0,,,,,,,,,,,,,,,,,,,,,,,,,,,,,,,,,,,,,,,,,,,,,,,,,,,,,,,,,,,,,,,,,,,,,,,,
24a,3,0,1,0.33,char_name,,275,0,never_instantiated,0,,,,,0,0,name,,277,0,never_instantiated,0,,,,,0,0,aka_name,,143,0,never_instantiated,0,,,,,0,0,,role_type,1,0,never_instantiated,0,,,,,0,0,cast_info,,3406,0,never_instantiated,0,,,,,0,0,keyword,,3406,0,never_instantiated,0,,,,,0,0,movie_keyword,,2062,0,never_instantiated,0,,,,,0,0,,info_type,1,0,never_instantiated,0,,,,,0,0,movie_info,,128115,0,never_instantiated,0,,,,,0,0,title,,128819,0,never_instantiated,0,,,,,0,0,movie_companies,company_name,84843,0,never_instantiated,0,,,,,0,0,,,,,,,,,,,,,,,,,,,,,,,,,,,,,,,,,,,,,,,,,,,,,,,,,,,,,,,,,,,,
24b,3,0,1,0.19,char_name,,45,0,never_instantiated,0,,,,,0,0,name,,45,0,never_instantiated,0,,,,,0,0,aka_name,,9,0,never_instantiated,0,,,,,0,0,role_type,,9,0,never_instantiated,0,,,,,0,0,cast_info,,9,0,never_instantiated,0,,,,,0,0,keyword,,9,0,never_instantiated,0,,,,,0,0,movie_keyword,,5,0,never_instantiated,0,,,,,0,0,,info_type,1,0,never_instantiated,0,,,,,0,0,movie_info,,4,0,never_instantiated,0,,,,,0,0,title,,4,0,never_instantiated,0,,,,,0,0,movie_companies,company_name,1,0,never_instantiated,0,,,,,0,0,,,,,,,,,,,,,,,,,,,,,,,,,,,,,,,,,,,,,,,,,,,,,,,,,,,,,,,,,,,,
25a,3,0,1,0.34,title,,4407,0,never_instantiated,0,,,,,0,0,name,,7112,0,never_instantiated,0,,,,,0,0,,,11389,0,never_instantiated,0,,,,,0,0,cast_info,,5,0,never_instantiated,0,,,,,0,0,,,11389,0,never_instantiated,0,,,,,0,0,keyword,,5,0,never_instantiated,0,,,,,0,0,movie_keyword,,5840,0,never_instantiated,0,,,,,0,0,info_type,,5840,0,never_instantiated,0,,,,,0,0,movie_info_idx,,6562,0,never_instantiated,0,,,,,0,0,movie_info,info_type,1,0,never_instantiated,0,,,,,0,0,,,,,,,,,,,,,,,,,,,,,,,,,,,,,,,,,,,,,,,,,,,,,,,,,,,,,,,,,,,,,,,,,,,,,,,,
25b,3,0,1,0.19,name,,6,0,never_instantiated,0,,,,,0,0,,,9,0,never_instantiated,0,,,,,0,0,cast_info,,5,0,never_instantiated,0,,,,,0,0,,,9,0,never_instantiated,0,,,,,0,0,keyword,,5,0,never_instantiated,0,,,,,0,0,movie_keyword,,5,0,never_instantiated,0,,,,,0,0,info_type,,5,0,never_instantiated,0,,,,,0,0,movie_info_idx,,5,0,never_instantiated,0,,,,,0,0,title,,6,0,never_instantiated,0,,,,,0,0,movie_info,info_type,1,0,never_instantiated,0,,,,,0,0,,,,,,,,,,,,,,,,,,,,,,,,,,,,,,,,,,,,,,,,,,,,,,,,,,,,,,,,,,,,,,,,,,,,,,,,
25c,3,0,1,0.39,title,,26153,0,never_instantiated,0,,,,,0,0,name,,42900,0,never_instantiated,0,,,,,0,0,,,63386,0,never_instantiated,0,,,,,0,0,cast_info,,5,0,never_instantiated,0,,,,,0,0,,,63386,0,never_instantiated,0,,,,,0,0,keyword,,7,0,never_instantiated,0,,,,,0,0,movie_keyword,,31609,0,never_instantiated,0,,,,,0,0,,info_type,1,0,never_instantiated,0,,,,,0,0,,,459925,0,never_instantiated,0,,,,,0,0,movie_info,,6,0,never_instantiated,0,,,,,0,0,movie_info_idx,info_type,1,0,never_instantiated,0,,,,,0,0,,,,,,,,,,,,,,,,,,,,,,,,,,,,,,,,,,,,,,,,,,,,,,,,,,,,,,,,,,,,
26a,3,0,1,0.29,name,,1728,0,never_instantiated,0,,,,,0,0,char_name,,1738,0,never_instantiated,0,,,,,0,0,cast_info,,326,0,never_instantiated,0,,,,,0,0,,,326,0,never_instantiated,0,,,,,0,0,keyword,,10,0,never_instantiated,0,,,,,0,0,movie_keyword,,647,0,never_instantiated,0,,,,,0,0,,kind_type,1,0,never_instantiated,0,,,,,0,0,title,,17898,0,never_instantiated,0,,,,,0,0,,comp_cast_type,2,0,never_instantiated,0,,,,,0,0,,comp_cast_type,1,0,never_instantiated,0,,,,,0,0,complete_cast,,121570,0,never_instantiated,0,,,,,0,0,movie_info_idx,info_type,1,0,never_instantiated,0,,,,,0,0,,,,,,,,,,,,,,,,,,,,,,,,,,,,,,,,,,,,,,,,,,,,,,,,
26b,3,0,1,0.23,name,,93,0,never_instantiated,0,,,,,0,0,char_name,,93,0,never_instantiated,0,,,,,0,0,cast_info,,6,0,never_instantiated,0,,,,,0,0,keyword,,6,0,never_instantiated,0,,,,,0,0,movie_keyword,,32,0,never_instantiated,0,,,,,0,0,,kind_type,1,0,never_instantiated,0,,,,,0,0,title,,2413,0,never_instantiated,0,,,,,0,0,,comp_cast_type,2,0,never_instantiated,0,,,,,0,0,,comp_cast_type,1,0,never_instantiated,0,,,,,0,0,complete_cast,,15848,0,never_instantiated,0,,,,,0,0,movie_info_idx,info_type,1,0,never_instantiated,0,,,,,0,0,,,,,,,,,,,,,,,,,,,,,,,,,,,,,,,,,,,,,,,,,,,,,,,,,,,,,,,,,,,,
26c,3,0,1,0.30,name,,5400,0,never_instantiated,0,,,,,0,0,char_name,,5431,0,never_instantiated,0,,,,,0,0,cast_info,,1261,0,never_instantiated,0,,,,,0,0,,,1261,0,never_instantiated,0,,,,,0,0,keyword,,10,0,never_instantiated,0,,,,,0,0,movie_keyword,,4028,0,never_instantiated,0,,,,,0,0,,kind_type,1,0,never_instantiated,0,,,,,0,0,title,,61559,0,never_instantiated,0,,,,,0,0,,comp_cast_type,2,0,never_instantiated,0,,,,,0,0,,comp_cast_type,1,0,never_instantiated,0,,,,,0,0,complete_cast,,459891,0,never_instantiated,0,,,,,0,0,movie_info_idx,info_type,1,0,never_instantiated,0,,,,,0,0,,,,,,,,,,,,,,,,,,,,,,,,,,,,,,,,,,,,,,,,,,,,,,,,
27a,3,0,1,0.11,movie_info,,172,0,never_instantiated,0,,,,,0,0,company_type,,172,0,never_instantiated,0,,,,,0,0,comp_cast_type,,172,0,never_instantiated,0,,,,,0,0,comp_cast_type,,172,0,never_instantiated,0,,,,,0,0,company_name,,398,0,never_instantiated,0,,,,,0,0,movie_companies,,70,0,never_instantiated,0,,,,,0,0,title,,70,0,never_instantiated,0,,,,,0,0,link_type,,70,0,never_instantiated,0,,,,,0,0,complete_cast,,69,0,never_instantiated,0,,,,,0,0,movie_link,,9,0,never_instantiated,0,,,,,0,0,movie_keyword,keyword,1,0,never_instantiated,0,,,,,0,0,,,,,,,,,,,,,,,,,,,,,,,,,,,,,,,,,,,,,,,,,,,,,,,,,,,,,,,,,,,,
27b,3,0,1,0.08,movie_info,,95,0,never_instantiated,0,,,,,0,0,company_type,,95,0,never_instantiated,0,,,,,0,0,comp_cast_type,,95,0,never_instantiated,0,,,,,0,0,comp_cast_type,,95,0,never_instantiated,0,,,,,0,0,company_name,,190,0,never_instantiated,0,,,,,0,0,movie_companies,,38,0,never_instantiated,0,,,,,0,0,link_type,,38,0,never_instantiated,0,,,,,0,0,complete_cast,,38,0,never_instantiated,0,,,,,0,0,movie_link,,2,0,never_instantiated,0,,,,,0,0,title,,2,0,never_instantiated,0,,,,,0,0,movie_keyword,keyword,1,0,never_instantiated,0,,,,,0,0,,,,,,,,,,,,,,,,,,,,,,,,,,,,,,,,,,,,,,,,,,,,,,,,,,,,,,,,,,,,
27c,3,0,1,0.11,,,172,0,never_instantiated,0,,,,,0,0,movie_info,,9,0,never_instantiated,0,,,,,0,0,company_type,,172,0,never_instantiated,0,,,,,0,0,comp_cast_type,,172,0,never_instantiated,0,,,,,0,0,comp_cast_type,,172,0,never_instantiated,0,,,,,0,0,company_name,,399,0,never_instantiated,0,,,,,0,0,movie_companies,,71,0,never_instantiated,0,,,,,0,0,title,,71,0,never_instantiated,0,,,,,0,0,link_type,,71,0,never_instantiated,0,,,,,0,0,complete_cast,,71,0,never_instantiated,0,,,,,0,0,movie_link,,11,0,never_instantiated,0,,,,,0,0,movie_keyword,keyword,1,0,never_instantiated,0,,,,,0,0,,,,,,,,,,,,,,,,,,,,,,,,,,,,,,,,,,,,,,,,,,,,,,,,
28a,3,0,1,0.16,keyword,,4803,0,never_instantiated,0,,,,,0,0,movie_keyword,,2546,0,never_instantiated,0,,,,,0,0,info_type,,2546,0,never_instantiated,0,,,,,0,0,,,9491,0,never_instantiated,0,,,,,0,0,movie_info,,10,0,never_instantiated,0,,,,,0,0,company_type,,9491,0,never_instantiated,0,,,,,0,0,comp_cast_type,,9491,0,never_instantiated,0,,,,,0,0,comp_cast_type,,9491,0,never_instantiated,0,,,,,0,0,company_name,,9827,0,never_instantiated,0,,,,,0,0,movie_companies,,5740,0,never_instantiated,0,,,,,0,0,,kind_type,2,0,never_instantiated,0,,,,,0,0,title,,26861,0,never_instantiated,0,,,,,0,0,complete_cast,,27006,0,never_instantiated,0,,,,,0,0,movie_info_idx,info_type,1,0,never_instantiated,0,,,,,0,0,,,,,,,,,,,,,,,,,,,,,,,,
28b,3,0,1,0.15,keyword,,148,0,never_instantiated,0,,,,,0,0,movie_keyword,,77,0,never_instantiated,0,,,,,0,0,info_type,,77,0,never_instantiated,0,,,,,0,0,movie_info,,4055,0,never_instantiated,0,,,,,0,0,company_type,,4055,0,never_instantiated,0,,,,,0,0,comp_cast_type,,4055,0,never_instantiated,0,,,,,0,0,comp_cast_type,,4055,0,never_instantiated,0,,,,,0,0,company_name,,4143,0,never_instantiated,0,,,,,0,0,movie_companies,,3231,0,never_instantiated,0,,,,,0,0,,kind_type,2,0,never_instantiated,0,,,,,0,0,title,,14835,0,never_instantiated,0,,,,,0,0,complete_cast,,14898,0,never_instantiated,0,,,,,0,0,movie_info_idx,info_type,1,0,never_instantiated,0,,,,,0,0,,,,,,,,,,,,,,,,,,,,,,,,,,,,,,,,,,,,
28c,3,0,1,0.23,keyword,,8373,0,never_instantiated,0,,,,,0,0,movie_keyword,,4420,0,never_instantiated,0,,,,,0,0,info_type,,4420,0,never_instantiated,0,,,,,0,0,,,12856,0,never_instantiated,0,,,,,0,0,movie_info,,10,0,never_instantiated,0,,,,,0,0,company_type,,12856,0,never_instantiated,0,,,,,0,0,comp_cast_type,,12856,0,never_instantiated,0,,,,,0,0,comp_cast_type,,12856,0,never_instantiated,0,,,,,0,0,company_name,,13568,0,never_instantiated,0,,,,,0,0,movie_companies,,5913,0,never_instantiated,0,,,,,0,0,,kind_type,2,0,never_instantiated,0,,,,,0,0,title,,43896,0,never_instantiated,0,,,,,0,0,complete_cast,,454188,0,never_instantiated,0,,,,,0,0,movie_info_idx,info_type,1,0,never_instantiated,0,,,,,0,0,,,,,,,,,,,,,,,,,,,,,,,,
29a,3,0,1,0.23,info_type,,1620,0,never_instantiated,0,,,,,0,0,person_info,,30,0,never_instantiated,0,,,,,0,0,name,,30,0,never_instantiated,0,,,,,0,0,aka_name,,10,0,never_instantiated,0,,,,,0,0,role_type,,10,0,never_instantiated,0,,,,,0,0,char_name,,10,0,never_instantiated,0,,,,,0,0,cast_info,,10,0,never_instantiated,0,,,,,0,0,keyword,,10,0,never_instantiated,0,,,,,0,0,movie_keyword,,10,0,never_instantiated,0,,,,,0,0,info_type,,10,0,never_instantiated,0,,,,,0,0,movie_info,,5,0,never_instantiated,0,,,,,0,0,company_name,,22,0,never_instantiated,0,,,,,0,0,movie_companies,,1,0,never_instantiated,0,,,,,0,0,comp_cast_type,,1,0,never_instantiated,0,,,,,0,0,comp_cast_type,,1,0,never_instantiated,0,,,,,0,0,complete_cast,title,1,0,never_instantiated,0,,,,,0,0
29b,3,0,1,0.24,role_type,,15,0,never_instantiated,0,,,,,0,0,info_type,,15,0,never_instantiated,0,,,,,0,0,person_info,,15,0,never_instantiated,0,,,,,0,0,name,,15,0,never_instantiated,0,,,,,0,0,aka_name,,5,0,never_instantiated,0,,,,,0,0,char_name,,5,0,never_instantiated,0,,,,,0,0,cast_info,,5,0,never_instantiated,0,,,,,0,0,keyword,,5,0,never_instantiated,0,,,,,0,0,movie_keyword,,5,0,never_instantiated,0,,,,,0,0,company_name,,22,0,never_instantiated,0,,,,,0,0,movie_companies,,1,0,never_instantiated,0,,,,,0,0,comp_cast_type,,1,0,never_instantiated,0,,,,,0,0,comp_cast_type,,1,0,never_instantiated,0,,,,,0,0,info_type,,1,0,never_instantiated,0,,,,,0,0,movie_info,,1,0,never_instantiated,0,,,,,0,0,complete_cast,title,1,0,never_instantiated,0,,,,,0,0
29c,3,0,1,0.31,char_name,,16308,0,never_instantiated,0,,,,,0,0,info_type,,16740,0,never_instantiated,0,,,,,0,0,person_info,,216,0,never_instantiated,0,,,,,0,0,name,,216,0,never_instantiated,0,,,,,0,0,aka_name,,55,0,never_instantiated,0,,,,,0,0,role_type,,55,0,never_instantiated,0,,,,,0,0,cast_info,,337,0,never_instantiated,0,,,,,0,0,info_type,,337,0,never_instantiated,0,,,,,0,0,movie_info,,92,0,never_instantiated,0,,,,,0,0,company_name,,415,0,never_instantiated,0,,,,,0,0,movie_companies,,18,0,never_instantiated,0,,,,,0,0,comp_cast_type,,18,0,never_instantiated,0,,,,,0,0,,comp_cast_type,1,0,never_instantiated,0,,,,,0,0,title,,18,0,never_instantiated,0,,,,,0,0,complete_cast,,18,0,never_instantiated,0,,,,,0,0,movie_keyword,keyword,1,0,never_instantiated,0,,,,,0,0
30a,3,0,1,0.31,name,,1021,0,never_instantiated,0,,,,,0,0,,,1161,0,never_instantiated,0,,,,,0,0,cast_info,,5,0,never_instantiated,0,,,,,0,0,,,1161,0,never_instantiated,0,,,,,0,0,keyword,,7,0,never_instantiated,0,,,,,0,0,movie_keyword,,369,0,never_instantiated,0,,,,,0,0,,info_type,1,0,never_instantiated,0,,,,,0,0,movie_info,,1875,0,never_instantiated,0,,,,,0,0,,comp_cast_type,1,0,never_instantiated,0,,,,,0,0,,comp_cast_type,2,0,never_instantiated,0,,,,,0,0,title,,23558,0,never_instantiated,0,,,,,0,0,complete_cast,,18497,0,never_instantiated,0,,,,,0,0,movie_info_idx,info_type,1,0,never_instantiated,0,,,,,0,0,,,,,,,,,,,,,,,,,,,,,,,,,,,,,,,,,,,,
30b,3,0,1,0.27,name,,28,0,never_instantiated,0,,,,,0,0,,,12,0,never_instantiated,0,,,,,0,0,cast_info,,5,0,never_instantiated,0,,,,,0,0,,,12,0,never_instantiated,0,,,,,0,0,keyword,,7,0,never_instantiated,0,,,,,0,0,movie_keyword,,3,0,never_instantiated,0,,,,,0,0,,info_type,1,0,never_instantiated,0,,,,,0,0,movie_info,,2,0,never_instantiated,0,,,,,0,0,,comp_cast_type,1,0,never_instantiated,0,,,,,0,0,,comp_cast_type,2,0,never_instantiated,0,,,,,0,0,title,,23558,0,never_instantiated,0,,,,,0,0,complete_cast,,18497,0,never_instantiated,0,,,,,0,0,movie_info_idx,info_type,1,0,never_instantiated,0,,,,,0,0,,,,,,,,,,,,,,,,,,,,,,,,,,,,,,,,,,,,
30c,3,0,1,0.37,name,,11863,0,never_instantiated,0,,,,,0,0,,,14655,0,never_instantiated,0,,,,,0,0,cast_info,,5,0,never_instantiated,0,,,,,0,0,,,14655,0,never_instantiated,0,,,,,0,0,keyword,,7,0,never_instantiated,0,,,,,0,0,movie_keyword,,6543,0,never_instantiated,0,,,,,0,0,,info_type,1,0,never_instantiated,0,,,,,0,0,,,17018,0,never_instantiated,0,,,,,0,0,movie_info,,6,0,never_instantiated,0,,,,,0,0,title,,17018,0,never_instantiated,0,,,,,0,0,,comp_cast_type,1,0,never_instantiated,0,,,,,0,0,,comp_cast_type,1,0,never_instantiated,0,,,,,0,0,complete_cast,,459891,0,never_instantiated,0,,,,,0,0,movie_info_idx,info_type,1,0,never_instantiated,0,,,,,0,0,,,,,,,,,,,,,,,,,,,,,,,,
31a,3,0,1,0.33,title,,1273,0,never_instantiated,0,,,,,0,0,name,,1556,0,never_instantiated,0,,,,,0,0,,,1524,0,never_instantiated,0,,,,,0,0,cast_info,,5,0,never_instantiated,0,,,,,0,0,,,1524,0,never_instantiated,0,,,,,0,0,keyword,,7,0,never_instantiated,0,,,,,0,0,movie_keyword,,505,0,never_instantiated,0,,,,,0,0,company_name,,505,0,never_instantiated,0,,,,,0,0,movie_companies,,310,0,never_instantiated,0,,,,,0,0,,info_type,1,0,never_instantiated,0,,,,,0,0,movie_info,,459917,0,never_instantiated,0,,,,,0,0,movie_info_idx,info_type,1,0,never_instantiated,0,,,,,0,0,,,,,,,,,,,,,,,,,,,,,,,,,,,,,,,,,,,,,,,,,,,,,,,,
31b,3,0,1,0.25,name,,84,0,never_instantiated,0,,,,,0,0,,,46,0,never_instantiated,0,,,,,0,0,cast_info,,5,0,never_instantiated,0,,,,,0,0,,,46,0,never_instantiated,0,,,,,0,0,keyword,,7,0,never_instantiated,0,,,,,0,0,movie_keyword,,11,0,never_instantiated,0,,,,,0,0,,info_type,1,0,never_instantiated,0,,,,,0,0,movie_info,,7,0,never_instantiated,0,,,,,0,0,title,,7,0,never_instantiated,0,,,,,0,0,company_name,,7,0,never_instantiated,0,,,,,0,0,movie_companies,,459917,0,never_instantiated,0,,,,,0,0,movie_info_idx,info_type,1,0,never_instantiated,0,,,,,0,0,,,,,,,,,,,,,,,,,,,,,,,,,,,,,,,,,,,,,,,,,,,,,,,,
31c,3,0,1,0.35,name,,2825,0,never_instantiated,0,,,,,0,0,,,2840,0,never_instantiated,0,,,,,0,0,cast_info,,5,0,never_instantiated,0,,,,,0,0,title,,2840,0,never_instantiated,0,,,,,0,0,,,2840,0,never_instantiated,0,,,,,0,0,keyword,,7,0,never_instantiated,0,,,,,0,0,movie_keyword,,912,0,never_instantiated,0,,,,,0,0,company_name,,912,0,never_instantiated,0,,,,,0,0,movie_companies,,532,0,never_instantiated,0,,,,,0,0,,info_type,1,0,never_instantiated,0,,,,,0,0,,,459917,0,never_instantiated,0,,,,,0,0,movie_info,,6,0,never_instantiated,0,,,,,0,0,movie_info_idx,info_type,1,0,never_instantiated,0,,,,,0,0,,,,,,,,,,,,,,,,,,,,,,,,,,,,,,,,,,,,
32a,3,0,1,0.04,title,,0,0,never_instantiated,0,,,,,0,0,title,,0,0,never_instantiated,0,,,,,0,0,link_type,,0,0,never_instantiated,0,,,,,0,0,movie_link,,0,0,never_instantiated,0,,,,,0,0,movie_keyword,keyword,1,0,never_instantiated,0,,,,,0,0,,,,,,,,,,,,,,,,,,,,,,,,,,,,,,,,,,,,,,,,,,,,,,,,,,,,,,,,,,,,,,,,,,,,,,,,,,,,,,,,,,,,,,,,,,,,,,,,,,,,,,,,,,,,,,,,,,,,,,,,,,,,,,,,,,,,
32b,3,0,1,0.10,title,,4388,0,never_instantiated,0,,,,,0,0,title,,4388,0,never_instantiated,0,,,,,0,0,link_type,,4388,0,never_instantiated,0,,,,,0,0,movie_link,,2233,0,never_instantiated,0,,,,,0,0,movie_keyword,keyword,1,0,never_instantiated,0,,,,,0,0,,,,,,,,,,,,,,,,,,,,,,,,,,,,,,,,,,,,,,,,,,,,,,,,,,,,,,,,,,,,,,,,,,,,,,,,,,,,,,,,,,,,,,,,,,,,,,,,,,,,,,,,,,,,,,,,,,,,,,,,,,,,,,,,,,,,
33a,3,0,1,0.09,company_name,,8,0,never_instantiated,0,,,,,0,0,movie_companies,,2,0,never_instantiated,0,,,,,0,0,company_name,,14,0,never_instantiated,0,,,,,0,0,movie_companies,,5,0,never_instantiated,0,,,,,0,0,kind_type,,5,0,never_instantiated,0,,,,,0,0,title,,5,0,never_instantiated,0,,,,,0,0,info_type,,5,0,never_instantiated,0,,,,,0,0,movie_info_idx,,6,0,never_instantiated,0,,,,,0,0,,kind_type,1,0,never_instantiated,0,,,,,0,0,title,,28,0,never_instantiated,0,,,,,0,0,,link_type,2,0,never_instantiated,0,,,,,0,0,,info_type,1,0,never_instantiated,0,,,,,0,0,movie_info_idx,movie_link,1393,0,never_instantiated,0,,,,,0,0,,,,,,,,,,,,,,,,,,,,,,,,,,,,,,,,,,,,
33b,3,0,1,0.08,company_name,,4,0,never_instantiated,0,,,,,0,0,movie_companies,,1,0,never_instantiated,0,,,,,0,0,company_name,,1,0,never_instantiated,0,,,,,0,0,movie_companies,,1,0,never_instantiated,0,,,,,0,0,kind_type,,1,0,never_instantiated,0,,,,,0,0,title,,1,0,never_instantiated,0,,,,,0,0,info_type,,1,0,never_instantiated,0,,,,,0,0,movie_info_idx,,1,0,never_instantiated,0,,,,,0,0,link_type,,1,0,never_instantiated,0,,,,,0,0,kind_type,,1,0,never_instantiated,0,,,,,0,0,,info_type,1,0,never_instantiated,0,,,,,0,0,movie_info_idx,,1,0,never_instantiated,0,,,,,0,0,movie_link,title,1,0,never_instantiated,0,,,,,0,0,,,,,,,,,,,,,,,,,,,,,,,,,,,,,,,,,,,,
33c,3,0,1,0.11,company_name,,114,0,never_instantiated,0,,,,,0,0,movie_companies,,46,0,never_instantiated,0,,,,,0,0,company_name,,51,0,never_instantiated,0,,,,,0,0,movie_companies,,19,0,never_instantiated,0,,,,,0,0,kind_type,,19,0,never_instantiated,0,,,,,0,0,title,,19,0,never_instantiated,0,,,,,0,0,info_type,,19,0,never_instantiated,0,,,,,0,0,movie_info_idx,,21,0,never_instantiated,0,,,,,0,0,,kind_type,2,0,never_instantiated,0,,,,,0,0,title,,47,0,never_instantiated,0,,,,,0,0,,link_type,2,0,never_instantiated,0,,,,,0,0,,info_type,1,0,never_instantiated,0,,,,,0,0,movie_info_idx,movie_link,2315,0,never_instantiated,0,,,,,0,0,,,,,,,,,,,,,,,,,,,,,,,,,,,,,,,,,,,,
1a,4,0,1,0.06,title,,142,0,never_instantiated,0,,,,,0,0,,company_type,1,0,never_instantiated,0,,,,,0,0,movie_companies,,106,0,never_instantiated,0,,,,,0,0,movie_info_idx,info_type,1,0,never_instantiated,0,,,,,0,0,,,,,,,,,,,,,,,,,,,,,,,,,,,,,,,,,,,,,,,,,,,,,,,,,,,,,,,,,,,,,,,,,,,,,,,,,,,,,,,,,,,,,,,,,,,,,,,,,,,,,,,,,,,,,,,,,,,,,,,,,,,,,,,,,,,,,,,,,,,,,,,,
1b,4,0,1,0.05,,company_type,1,0,never_instantiated,0,,,,,0,0,movie_companies,,1,0,never_instantiated,0,,,,,0,0,title,,1,0,never_instantiated,0,,,,,0,0,movie_info_idx,info_type,1,0,never_instantiated,0,,,,,0,0,,,,,,,,,,,,,,,,,,,,,,,,,,,,,,,,,,,,,,,,,,,,,,,,,,,,,,,,,,,,,,,,,,,,,,,,,,,,,,,,,,,,,,,,,,,,,,,,,,,,,,,,,,,,,,,,,,,,,,,,,,,,,,,,,,,,,,,,,,,,,,,,
1c,4,0,1,0.06,,company_type,1,0,never_instantiated,0,,,,,0,0,movie_companies,,1,0,never_instantiated,0,,,,,0,0,title,,2,0,never_instantiated,0,,,,,0,0,movie_info_idx,info_type,1,0,never_instantiated,0,,,,,0,0,,,,,,,,,,,,,,,,,,,,,,,,,,,,,,,,,,,,,,,,,,,,,,,,,,,,,,,,,,,,,,,,,,,,,,,,,,,,,,,,,,,,,,,,,,,,,,,,,,,,,,,,,,,,,,,,,,,,,,,,,,,,,,,,,,,,,,,,,,,,,,,,
1d,4,0,1,0.05,,company_type,1,0,never_instantiated,0,,,,,0,0,movie_companies,,2,0,never_instantiated,0,,,,,0,0,title,,2,0,never_instantiated,0,,,,,0,0,movie_info_idx,info_type,1,0,never_instantiated,0,,,,,0,0,,,,,,,,,,,,,,,,,,,,,,,,,,,,,,,,,,,,,,,,,,,,,,,,,,,,,,,,,,,,,,,,,,,,,,,,,,,,,,,,,,,,,,,,,,,,,,,,,,,,,,,,,,,,,,,,,,,,,,,,,,,,,,,,,,,,,,,,,,,,,,,,
2a,4,0,1,0.09,title,,7834,0,never_instantiated,0,,,,,0,0,company_name,,7839,0,never_instantiated,0,,,,,0,0,movie_companies,,4381,0,never_instantiated,0,,,,,0,0,movie_keyword,keyword,1,0,never_instantiated,0,,,,,0,0,,,,,,,,,,,,,,,,,,,,,,,,,,,,,,,,,,,,,,,,,,,,,,,,,,,,,,,,,,,,,,,,,,,,,,,,,,,,,,,,,,,,,,,,,,,,,,,,,,,,,,,,,,,,,,,,,,,,,,,,,,,,,,,,,,,,,,,,,,,,,,,,
2b,4,0,1,0.09,title,,5228,0,never_instantiated,0,,,,,0,0,company_name,,5259,0,never_instantiated,0,,,,,0,0,movie_companies,,2620,0,never_instantiated,0,,,,,0,0,movie_keyword,keyword,1,0,never_instantiated,0,,,,,0,0,,,,,,,,,,,,,,,,,,,,,,,,,,,,,,,,,,,,,,,,,,,,,,,,,,,,,,,,,,,,,,,,,,,,,,,,,,,,,,,,,,,,,,,,,,,,,,,,,,,,,,,,,,,,,,,,,,,,,,,,,,,,,,,,,,,,,,,,,,,,,,,,
2c,4,0,1,0.05,title,,0,0,never_instantiated,0,,,,,0,0,company_name,,0,0,never_instantiated,0,,,,,0,0,movie_companies,,0,0,never_instantiated,0,,,,,0,0,movie_keyword,keyword,0,0,never_instantiated,0,,,,,0,0,,,,,,,,,,,,,,,,,,,,,,,,,,,,,,,,,,,,,,,,,,,,,,,,,,,,,,,,,,,,,,,,,,,,,,,,,,,,,,,,,,,,,,,,,,,,,,,,,,,,,,,,,,,,,,,,,,,,,,,,,,,,,,,,,,,,,,,,,,,,,,,,
2d,4,0,1,0.11,title,,68316,0,never_instantiated,0,,,,,0,0,company_name,,148552,0,never_instantiated,0,,,,,0,0,movie_companies,,41838,0,never_instantiated,0,,,,,0,0,movie_keyword,keyword,1,0,never_instantiated,0,,,,,0,0,,,,,,,,,,,,,,,,,,,,,,,,,,,,,,,,,,,,,,,,,,,,,,,,,,,,,,,,,,,,,,,,,,,,,,,,,,,,,,,,,,,,,,,,,,,,,,,,,,,,,,,,,,,,,,,,,,,,,,,,,,,,,,,,,,,,,,,,,,,,,,,,
3a,4,0,1,0.29,,,143,0,never_instantiated,0,,,,,0,0,movie_info,,8,0,never_instantiated,0,,,,,0,0,,title,499,0,never_instantiated,0,,,,,0,0,movie_keyword,keyword,21,0,never_instantiated,0,,,,,0,0,,,,,,,,,,,,,,,,,,,,,,,,,,,,,,,,,,,,,,,,,,,,,,,,,,,,,,,,,,,,,,,,,,,,,,,,,,,,,,,,,,,,,,,,,,,,,,,,,,,,,,,,,,,,,,,,,,,,,,,,,,,,,,,,,,,,,,,,,,,,,,,,
3b,4,0,1,0.28,keyword,,5,0,never_instantiated,0,,,,,0,0,movie_keyword,,3,0,never_instantiated,0,,,,,0,0,title,movie_info,3,0,never_instantiated,0,,,,,0,0,,,,,,,,,,,,,,,,,,,,,,,,,,,,,,,,,,,,,,,,,,,,,,,,,,,,,,,,,,,,,,,,,,,,,,,,,,,,,,,,,,,,,,,,,,,,,,,,,,,,,,,,,,,,,,,,,,,,,,,,,,,,,,,,,,,,,,,,,,,,,,,,,,,,,,,,,,,,
3c,4,0,1,0.31,,,6036,0,never_instantiated,0,,,,,0,0,movie_info,,10,0,never_instantiated,0,,,,,0,0,,title,6303,0,never_instantiated,0,,,,,0,0,movie_keyword,keyword,30,0,never_instantiated,0,,,,,0,0,,,,,,,,,,,,,,,,,,,,,,,,,,,,,,,,,,,,,,,,,,,,,,,,,,,,,,,,,,,,,,,,,,,,,,,,,,,,,,,,,,,,,,,,,,,,,,,,,,,,,,,,,,,,,,,,,,,,,,,,,,,,,,,,,,,,,,,,,,,,,,,,
4a,4,0,1,0.09,keyword,,1302,0,never_instantiated,0,,,,,0,0,movie_keyword,,1209,0,never_instantiated,0,,,,,0,0,title,,7566,0,never_instantiated,0,,,,,0,0,movie_info_idx,info_type,1,0,never_instantiated,0,,,,,0,0,,,,,,,,,,,,,,,,,,,,,,,,,,,,,,,,,,,,,,,,,,,,,,,,,,,,,,,,,,,,,,,,,,,,,,,,,,,,,,,,,,,,,,,,,,,,,,,,,,,,,,,,,,,,,,,,,,,,,,,,,,,,,,,,,,,,,,,,,,,,,,,,
4b,4,0,1,0.08,keyword,,6,0,never_instantiated,0,,,,,0,0,movie_keyword,,5,0,never_instantiated,0,,,,,0,0,title,,6,0,never_instantiated,0,,,,,0,0,movie_info_idx,info_type,1,0,never_instantiated,0,,,,,0,0,,,,,,,,,,,,,,,,,,,,,,,,,,,,,,,,,,,,,,,,,,,,,,,,,,,,,,,,,,,,,,,,,,,,,,,,,,,,,,,,,,,,,,,,,,,,,,,,,,,,,,,,,,,,,,,,,,,,,,,,,,,,,,,,,,,,,,,,,,,,,,,,
4c,4,0,1,0.10,,,,,,,,,,,,,,,,,,,,,,,,,,,,,,,,,,,,,,,,,,,,,,,,,,,,,,,,,,,,,,,,,,,,,,,,,,,,,,,,,,,,,,,,,,,,,,,,,,,,,,,,,,,,,,,,,,,,,,,,,,,,,,,,,,,,,,,,,,,,,,,,,,,,,,,,,,,,,,,,,,,,,,,,,,,,,,,,,,,,,,,,,,,,,,,,
5a,4,0,1,0.05,,info_type,0,0,never_instantiated,0,,,,,0,0,,,0,0,never_instantiated,0,,,,,0,0,movie_info,,8,0,never_instantiated,0,,,,,0,0,,company_type,0,0,never_instantiated,0,,,,,0,0,title,movie_companies,0,0,never_instantiated,0,,,,,0,0,,,,,,,,,,,,,,,,,,,,,,,,,,,,,,,,,,,,,,,,,,,,,,,,,,,,,,,,,,,,,,,,,,,,,,,,,,,,,,,,,,,,,,,,,,,,,,,,,,,,,,,,,,,,,,,,,,,,,,,,,,,,,,,,,,,,
5b,4,0,1,0.09,,info_type,0,0,never_instantiated,0,,,,,0,0,movie_info,,0,0,never_instantiated,0,,,,,0,0,,company_type,0,0,never_instantiated,0,,,,,0,0,title,movie_companies,0,0,never_instantiated,0,,,,,0,0,,,,,,,,,,,,,,,,,,,,,,,,,,,,,,,,,,,,,,,,,,,,,,,,,,,,,,,,,,,,,,,,,,,,,,,,,,,,,,,,,,,,,,,,,,,,,,,,,,,,,,,,,,,,,,,,,,,,,,,,,,,,,,,,,,,,,,,,,,,,,,,,
5c,4,0,1,0.28,,info_type,5,0,never_instantiated,0,,,,,0,0,,,650,0,never_instantiated,0,,,,,0,0,movie_info,,10,0,never_instantiated,0,,,,,0,0,,company_type,1,0,never_instantiated,0,,,,,0,0,title,movie_companies,672,0,never_instantiated,0,,,,,0,0,,,,,,,,,,,,,,,,,,,,,,,,,,,,,,,,,,,,,,,,,,,,,,,,,,,,,,,,,,,,,,,,,,,,,,,,,,,,,,,,,,,,,,,,,,,,,,,,,,,,,,,,,,,,,,,,,,,,,,,,,,,,,,,,,,,,
6a,4,0,1,0.14,name,,6,0,never_instantiated,0,,,,,0,0,cast_info,,4,0,never_instantiated,0,,,,,0,0,title,,4,0,never_instantiated,0,,,,,0,0,movie_keyword,keyword,1,0,never_instantiated,0,,,,,0,0,,,,,,,,,,,,,,,,,,,,,,,,,,,,,,,,,,,,,,,,,,,,,,,,,,,,,,,,,,,,,,,,,,,,,,,,,,,,,,,,,,,,,,,,,,,,,,,,,,,,,,,,,,,,,,,,,,,,,,,,,,,,,,,,,,,,,,,,,,,,,,,,
6b,4,0,1,0.11,,name,1,0,never_instantiated,0,,,,,0,0,cast_info,,6,0,never_instantiated,0,,,,,0,0,,title,1,0,never_instantiated,0,,,,,0,0,movie_keyword,,6,0,never_instantiated,0,,,,,0,0,keyword,,8,0,never_instantiated,0,,,,,0,0,,,,,,,,,,,,,,,,,,,,,,,,,,,,,,,,,,,,,,,,,,,,,,,,,,,,,,,,,,,,,,,,,,,,,,,,,,,,,,,,,,,,,,,,,,,,,,,,,,,,,,,,,,,,,,,,,,,,,,,,,,,,,,,,,,,,
6c,4,0,1,0.10,name,,2,0,never_instantiated,0,,,,,0,0,cast_info,,1,0,never_instantiated,0,,,,,0,0,title,,1,0,never_instantiated,0,,,,,0,0,movie_keyword,keyword,1,0,never_instantiated,0,,,,,0,0,,,,,,,,,,,,,,,,,,,,,,,,,,,,,,,,,,,,,,,,,,,,,,,,,,,,,,,,,,,,,,,,,,,,,,,,,,,,,,,,,,,,,,,,,,,,,,,,,,,,,,,,,,,,,,,,,,,,,,,,,,,,,,,,,,,,,,,,,,,,,,,,
6d,4,0,1,0.13,,name,2,0,never_instantiated,0,,,,,0,0,cast_info,,82,0,never_instantiated,0,,,,,0,0,,title,2029,0,never_instantiated,0,,,,,0,0,movie_keyword,,8,0,never_instantiated,0,,,,,0,0,keyword,,8,0,never_instantiated,0,,,,,0,0,,,,,,,,,,,,,,,,,,,,,,,,,,,,,,,,,,,,,,,,,,,,,,,,,,,,,,,,,,,,,,,,,,,,,,,,,,,,,,,,,,,,,,,,,,,,,,,,,,,,,,,,,,,,,,,,,,,,,,,,,,,,,,,,,,,,
6e,4,0,1,0.11,name,,6,0,never_instantiated,0,,,,,0,0,cast_info,,4,0,never_instantiated,0,,,,,0,0,title,,4,0,never_instantiated,0,,,,,0,0,movie_keyword,keyword,1,0,never_instantiated,0,,,,,0,0,,,,,,,,,,,,,,,,,,,,,,,,,,,,,,,,,,,,,,,,,,,,,,,,,,,,,,,,,,,,,,,,,,,,,,,,,,,,,,,,,,,,,,,,,,,,,,,,,,,,,,,,,,,,,,,,,,,,,,,,,,,,,,,,,,,,,,,,,,,,,,,,
6f,4,0,1,0.65,,name,4061926,0,never_instantiated,0,,,,,0,0,cast_info,,14165,0,never_instantiated,0,,,,,0,0,,title,1381132,0,never_instantiated,0,,,,,0,0,movie_keyword,,8,0,never_instantiated,0,,,,,0,0,keyword,,8,0,never_instantiated,0,,,,,0,0,,,,,,,,,,,,,,,,,,,,,,,,,,,,,,,,,,,,,,,,,,,,,,,,,,,,,,,,,,,,,,,,,,,,,,,,,,,,,,,,,,,,,,,,,,,,,,,,,,,,,,,,,,,,,,,,,,,,,,,,,,,,,,,,,,,,
7a,4,0,1,0.20,title,,32,0,never_instantiated,0,,,,,0,0,link_type,,32,0,never_instantiated,0,,,,,0,0,movie_link,,30,0,never_instantiated,0,,,,,0,0,cast_info,,13,0,never_instantiated,0,,,,,0,0,aka_name,,8,0,never_instantiated,0,,,,,0,0,name,,13,0,never_instantiated,0,,,,,0,0,person_info,info_type,1,0,never_instantiated,0,,,,,0,0,,,,,,,,,,,,,,,,,,,,,,,,,,,,,,,,,,,,,,,,,,,,,,,,,,,,,,,,,,,,,,,,,,,,,,,,,,,,,,,,,,,,,,,,,,,,,,,,,,,,,,,,,,,,
7b,4,0,1,0.18,title,,16,0,never_instantiated,0,,,,,0,0,link_type,,16,0,never_instantiated,0,,,,,0,0,movie_link,,6,0,never_instantiated,0,,,,,0,0,cast_info,,2,0,never_instantiated,0,,,,,0,0,name,,8,0,never_instantiated,0,,,,,0,0,aka_name,,9,0,never_instantiated,0,,,,,0,0,person_info,info_type,1,0,never_instantiated,0,,,,,0,0,,,,,,,,,,,,,,,,,,,,,,,,,,,,,,,,,,,,,,,,,,,,,,,,,,,,,,,,,,,,,,,,,,,,,,,,,,,,,,,,,,,,,,,,,,,,,,,,,,,,,,,,,,,,
7c,4,0,1,0.46,title,,68295,0,never_instantiated,0,,,,,0,0,,link_type,4,0,never_instantiated,0,,,,,0,0,movie_link,,34229,0,never_instantiated,0,,,,,0,0,cast_info,,5951,0,never_instantiated,0,,,,,0,0,,info_type,1,0,never_instantiated,0,,,,,0,0,person_info,,5573,0,never_instantiated,0,,,,,0,0,name,aka_name,5609,0,never_instantiated,0,,,,,0,0,,,,,,,,,,,,,,,,,,,,,,,,,,,,,,,,,,,,,,,,,,,,,,,,,,,,,,,,,,,,,,,,,,,,,,,,,,,,,,,,,,,,,,,,,,,,,,,,,,,,,,,,,,,,
8a,4,0,1,0.17,title,,62,0,never_instantiated,0,,,,,0,0,aka_name,,38,0,never_instantiated,0,,,,,0,0,company_name,,39,0,never_instantiated,0,,,,,0,0,movie_companies,,25,0,never_instantiated,0,,,,,0,0,name,,4561,0,never_instantiated,0,,,,,0,0,cast_info,role_type,1,0,never_instantiated,0,,,,,0,0,,,,,,,,,,,,,,,,,,,,,,,,,,,,,,,,,,,,,,,,,,,,,,,,,,,,,,,,,,,,,,,,,,,,,,,,,,,,,,,,,,,,,,,,,,,,,,,,,,,,,,,,,,,,,,,,,,,,,,,,
8b,4,0,1,0.15,title,,6,0,never_instantiated,0,,,,,0,0,aka_name,,4,0,never_instantiated,0,,,,,0,0,company_name,,4,0,never_instantiated,0,,,,,0,0,movie_companies,,4,0,never_instantiated,0,,,,,0,0,name,,25,0,never_instantiated,0,,,,,0,0,cast_info,role_type,1,0,never_instantiated,0,,,,,0,0,,,,,,,,,,,,,,,,,,,,,,,,,,,,,,,,,,,,,,,,,,,,,,,,,,,,,,,,,,,,,,,,,,,,,,,,,,,,,,,,,,,,,,,,,,,,,,,,,,,,,,,,,,,,,,,,,,,,,,,,
8c,4,0,1,0.45,title,,2487611,0,never_instantiated,0,,,,,0,0,name,,2487611,0,never_instantiated,0,,,,,0,0,aka_name,,1970658,0,never_instantiated,0,,,,,0,0,,role_type,1,0,never_instantiated,0,,,,,0,0,cast_info,,1153798,0,never_instantiated,0,,,,,0,0,movie_companies,company_name,84843,0,never_instantiated,0,,,,,0,0,,,,,,,,,,,,,,,,,,,,,,,,,,,,,,,,,,,,,,,,,,,,,,,,,,,,,,,,,,,,,,,,,,,,,,,,,,,,,,,,,,,,,,,,,,,,,,,,,,,,,,,,,,,,,,,,,,,,,,,,
8d,4,0,1,0.26,title,,323005,0,never_instantiated,0,,,,,0,0,name,,323005,0,never_instantiated,0,,,,,0,0,aka_name,,285538,0,never_instantiated,0,,,,,0,0,,role_type,1,0,never_instantiated,0,,,,,0,0,cast_info,,1153798,0,never_instantiated,0,,,,,0,0,movie_companies,company_name,84843,0,never_instantiated,0,,,,,0,0,,,,,,,,,,,,,,,,,,,,,,,,,,,,,,,,,,,,,,,,,,,,,,,,,,,,,,,,,,,,,,,,,,,,,,,,,,,,,,,,,,,,,,,,,,,,,,,,,,,,,,,,,,,,,,,,,,,,,,,,
9a,4,0,1,0.22,char_name,,121,0,never_instantiated,0,,,,,0,0,name,,174,0,never_instantiated,0,,,,,0,0,aka_name,,153,0,never_instantiated,0,,,,,0,0,,role_type,1,0,never_instantiated,0,,,,,0,0,cast_info,,248,0,never_instantiated,0,,,,,0,0,title,,710,0,never_instantiated,0,,,,,0,0,movie_companies,company_name,318,0,never_instantiated,0,,,,,0,0,,,,,,,,,,,,,,,,,,,,,,,,,,,,,,,,,,,,,,,,,,,,,,,,,,,,,,,,,,,,,,,,,,,,,,,,,,,,,,,,,,,,,,,,,,,,,,,,,,,,,,,,,,,,
9b,4,0,1,0.18,char_name,,40,0,never_instantiated,0,,,,,0,0,name,,61,0,never_instantiated,0,,,,,0,0,title,,120,0,never_instantiated,0,,,,,0,0,aka_name,,95,0,never_instantiated,0,,,,,0,0,company_name,,101,0,never_instantiated,0,,,,,0,0,movie_companies,,68,0,never_instantiated,0,,,,,0,0,cast_info,role_type,1,0,never_instantiated,0,,,,,0,0,,,,,,,,,,,,,,,,,,,,,,,,,,,,,,,,,,,,,,,,,,,,,,,,,,,,,,,,,,,,,,,,,,,,,,,,,,,,,,,,,,,,,,,,,,,,,,,,,,,,,,,,,,,,
9c,4,0,1,0.21,title,,8144,0,never_instantiated,0,,,,,0,0,char_name,,8144,0,never_instantiated,0,,,,,0,0,name,,8564,0,never_instantiated,0,,,,,0,0,aka_name,,5297,0,never_instantiated,0,,,,,0,0,,role_type,1,0,never_instantiated,0,,,,,0,0,cast_info,,4795,0,never_instantiated,0,,,,,0,0,movie_companies,company_name,1350,0,never_instantiated,0,,,,,0,0,,,,,,,,,,,,,,,,,,,,,,,,,,,,,,,,,,,,,,,,,,,,,,,,,,,,,,,,,,,,,,,,,,,,,,,,,,,,,,,,,,,,,,,,,,,,,,,,,,,,,,,,,,,,
9d,4,0,1,0.34,title,,483082,0,never_instantiated,0,,,,,0,0,char_name,,483082,0,never_instantiated,0,,,,,0,0,name,,505250,0,never_instantiated,0,,,,,0,0,aka_name,,189554,0,never_instantiated,0,,,,,0,0,,role_type,1,0,never_instantiated,0,,,,,0,0,cast_info,,50660,0,never_instantiated,0,,,,,0,0,movie_companies,company_name,6991,0,never_instantiated,0,,,,,0,0,,,,,,,,,,,,,,,,,,,,,,,,,,,,,,,,,,,,,,,,,,,,,,,,,,,,,,,,,,,,,,,,,,,,,,,,,,,,,,,,,,,,,,,,,,,,,,,,,,,,,,,,,,,,
10a,4,0,1,0.18,char_name,,104,0,never_instantiated,0,,,,,0,0,,company_type,2,0,never_instantiated,0,,,,,0,0,,role_type,1,0,never_instantiated,0,,,,,0,0,cast_info,,77,0,never_instantiated,0,,,,,0,0,title,,184,0,never_instantiated,0,,,,,0,0,movie_companies,company_name,70,0,never_instantiated,0,,,,,0,0,,,,,,,,,,,,,,,,,,,,,,,,,,,,,,,,,,,,,,,,,,,,,,,,,,,,,,,,,,,,,,,,,,,,,,,,,,,,,,,,,,,,,,,,,,,,,,,,,,,,,,,,,,,,,,,,,,,,,,,,
10b,4,0,1,0.16,char_name,,0,0,never_instantiated,0,,,,,0,0,,company_type,0,0,never_instantiated,0,,,,,0,0,,role_type,0,0,never_instantiated,0,,,,,0,0,cast_info,,0,0,never_instantiated,0,,,,,0,0,title,,0,0,never_instantiated,0,,,,,0,0,movie_companies,company_name,0,0,never_instantiated,0,,,,,0,0,,,,,,,,,,,,,,,,,,,,,,,,,,,,,,,,,,,,,,,,,,,,,,,,,,,,,,,,,,,,,,,,,,,,,,,,,,,,,,,,,,,,,,,,,,,,,,,,,,,,,,,,,,,,,,,,,,,,,,,,
10c,4,0,1,0.43,char_name,,10,0,never_instantiated,0,,,,,0,0,,role_type,3,0,never_instantiated,0,,,,,0,0,cast_info,,408552,0,never_instantiated,0,,,,,0,0,,company_type,2,0,never_instantiated,0,,,,,0,0,title,,742542,0,never_instantiated,0,,,,,0,0,movie_companies,company_name,84843,0,never_instantiated,0,,,,,0,0,,,,,,,,,,,,,,,,,,,,,,,,,,,,,,,,,,,,,,,,,,,,,,,,,,,,,,,,,,,,,,,,,,,,,,,,,,,,,,,,,,,,,,,,,,,,,,,,,,,,,,,,,,,,,,,,,,,,,,,,
11a,4,0,1,0.07,title,,310,0,never_instantiated,0,,,,,0,0,company_type,,310,0,never_instantiated,0,,,,,0,0,company_name,,664,0,never_instantiated,0,,,,,0,0,movie_companies,,143,0,never_instantiated,0,,,,,0,0,link_type,,143,0,never_instantiated,0,,,,,0,0,movie_link,,23,0,never_instantiated,0,,,,,0,0,movie_keyword,keyword,1,0,never_instantiated,0,,,,,0,0,,,,,,,,,,,,,,,,,,,,,,,,,,,,,,,,,,,,,,,,,,,,,,,,,,,,,,,,,,,,,,,,,,,,,,,,,,,,,,,,,,,,,,,,,,,,,,,,,,,,,,,,,,,,
11b,4,0,1,0.07,company_type,,14,0,never_instantiated,0,,,,,0,0,company_name,,21,0,never_instantiated,0,,,,,0,0,movie_companies,,7,0,never_instantiated,0,,,,,0,0,link_type,,7,0,never_instantiated,0,,,,,0,0,movie_link,,1,0,never_instantiated,0,,,,,0,0,title,,1,0,never_instantiated,0,,,,,0,0,movie_keyword,keyword,1,0,never_instantiated,0,,,,,0,0,,,,,,,,,,,,,,,,,,,,,,,,,,,,,,,,,,,,,,,,,,,,,,,,,,,,,,,,,,,,,,,,,,,,,,,,,,,,,,,,,,,,,,,,,,,,,,,,,,,,,,,,,,,,
11c,4,0,1,0.09,,link_type,9,0,never_instantiated,0,,,,,0,0,keyword,,6946,0,never_instantiated,0,,,,,0,0,movie_keyword,,6946,0,never_instantiated,0,,,,,0,0,,company_type,1,0,never_instantiated,0,,,,,0,0,company_name,,6946,0,never_instantiated,0,,,,,0,0,movie_companies,,270,0,never_instantiated,0,,,,,0,0,title,movie_link,270,0,never_instantiated,0,,,,,0,0,,,,,,,,,,,,,,,,,,,,,,,,,,,,,,,,,,,,,,,,,,,,,,,,,,,,,,,,,,,,,,,,,,,,,,,,,,,,,,,,,,,,,,,,,,,,,,,,,,,,,,,,,,,,
11d,4,0,1,0.09,,link_type,14,0,never_instantiated,0,,,,,0,0,keyword,,14899,0,never_instantiated,0,,,,,0,0,movie_keyword,,14780,0,never_instantiated,0,,,,,0,0,,company_type,1,0,never_instantiated,0,,,,,0,0,company_name,,14797,0,never_instantiated,0,,,,,0,0,movie_companies,,1014,0,never_instantiated,0,,,,,0,0,title,movie_link,1014,0,never_instantiated,0,,,,,0,0,,,,,,,,,,,,,,,,,,,,,,,,,,,,,,,,,,,,,,,,,,,,,,,,,,,,,,,,,,,,,,,,,,,,,,,,,,,,,,,,,,,,,,,,,,,,,,,,,,,,,,,,,,,,
12a,4,0,1,0.10,,info_type,1,0,never_instantiated,0,,,,,0,0,movie_info,,385,0,never_instantiated,0,,,,,0,0,,company_type,1,0,never_instantiated,0,,,,,0,0,,company_name,428,0,never_instantiated,0,,,,,0,0,movie_companies,,437,0,never_instantiated,0,,,,,0,0,title,,440,0,never_instantiated,0,,,,,0,0,movie_info_idx,info_type,1,0,never_instantiated,0,,,,,0,0,,,,,,,,,,,,,,,,,,,,,,,,,,,,,,,,,,,,,,,,,,,,,,,,,,,,,,,,,,,,,,,,,,,,,,,,,,,,,,,,,,,,,,,,,,,,,,,,,,,,,,,,,,,,
12b,4,0,1,0.08,,info_type,1,0,never_instantiated,0,,,,,0,0,movie_info,,10,0,never_instantiated,0,,,,,0,0,,info_type,1,0,never_instantiated,0,,,,,0,0,movie_info_idx,,10,0,never_instantiated,0,,,,,0,0,,company_type,2,0,never_instantiated,0,,,,,0,0,title,,10,0,never_instantiated,0,,,,,0,0,movie_companies,company_name,6,0,never_instantiated,0,,,,,0,0,,,,,,,,,,,,,,,,,,,,,,,,,,,,,,,,,,,,,,,,,,,,,,,,,,,,,,,,,,,,,,,,,,,,,,,,,,,,,,,,,,,,,,,,,,,,,,,,,,,,,,,,,,,,
12c,4,0,1,0.12,,info_type,1,0,never_instantiated,0,,,,,0,0,movie_info,,4479,0,never_instantiated,0,,,,,0,0,,company_type,1,0,never_instantiated,0,,,,,0,0,,company_name,2958,0,never_instantiated,0,,,,,0,0,movie_companies,,6444,0,never_instantiated,0,,,,,0,0,title,,6520,0,never_instantiated,0,,,,,0,0,movie_info_idx,info_type,1,0,never_instantiated,0,,,,,0,0,,,,,,,,,,,,,,,,,,,,,,,,,,,,,,,,,,,,,,,,,,,,,,,,,,,,,,,,,,,,,,,,,,,,,,,,,,,,,,,,,,,,,,,,,,,,,,,,,,,,,,,,,,,,
13a,4,0,1,0.13,,info_type,1,0,never_instantiated,0,,,,,0,0,movie_info,,15644,0,never_instantiated,0,,,,,0,0,,kind_type,1,0,never_instantiated,0,,,,,0,0,title,,29622,0,never_instantiated,0,,,,,0,0,,info_type,1,0,never_instantiated,0,,,,,0,0,movie_info_idx,,63060,0,never_instantiated,0,,,,,0,0,,company_type,1,0,never_instantiated,0,,,,,0,0,movie_companies,company_name,7323,0,never_instantiated,0,,,,,0,0,,,,,,,,,,,,,,,,,,,,,,,,,,,,,,,,,,,,,,,,,,,,,,,,,,,,,,,,,,,,,,,,,,,,,,,,,,,,,,,,,,,,,,,,,,,,,,,,
13b,4,0,1,0.09,,info_type,1,0,never_instantiated,0,,,,,0,0,movie_info,,57,0,never_instantiated,0,,,,,0,0,,info_type,1,0,never_instantiated,0,,,,,0,0,movie_info_idx,,185,0,never_instantiated,0,,,,,0,0,,company_type,1,0,never_instantiated,0,,,,,0,0,,kind_type,1,0,never_instantiated,0,,,,,0,0,title,,380,0,never_instantiated,0,,,,,0,0,movie_companies,company_name,302,0,never_instantiated,0,,,,,0,0,,,,,,,,,,,,,,,,,,,,,,,,,,,,,,,,,,,,,,,,,,,,,,,,,,,,,,,,,,,,,,,,,,,,,,,,,,,,,,,,,,,,,,,,,,,,,,,,
13c,4,0,1,0.08,,info_type,1,0,never_instantiated,0,,,,,0,0,movie_info,,14,0,never_instantiated,0,,,,,0,0,,info_type,1,0,never_instantiated,0,,,,,0,0,movie_info_idx,,29,0,never_instantiated,0,,,,,0,0,,company_type,1,0,never_instantiated,0,,,,,0,0,,kind_type,1,0,never_instantiated,0,,,,,0,0,title,,47,0,never_instantiated,0,,,,,0,0,movie_companies,company_name,56,0,never_instantiated,0,,,,,0,0,,,,,,,,,,,,,,,,,,,,,,,,,,,,,,,,,,,,,,,,,,,,,,,,,,,,,,,,,,,,,,,,,,,,,,,,,,,,,,,,,,,,,,,,,,,,,,,,
13d,4,0,1,0.21,,info_type,1,0,never_instantiated,0,,,,,0,0,movie_info,,87293,0,never_instantiated,0,,,,,0,0,,kind_type,1,0,never_instantiated,0,,,,,0,0,title,,248554,0,never_instantiated,0,,,,,0,0,,info_type,1,0,never_instantiated,0,,,,,0,0,movie_info_idx,,552328,0,never_instantiated,0,,,,,0,0,,company_type,1,0,never_instantiated,0,,,,,0,0,movie_companies,company_name,84843,0,never_instantiated,0,,,,,0,0,,,,,,,,,,,,,,,,,,,,,,,,,,,,,,,,,,,,,,,,,,,,,,,,,,,,,,,,,,,,,,,,,,,,,,,,,,,,,,,,,,,,,,,,,,,,,,,,
14a,4,0,1,0.09,keyword,,761,0,never_instantiated,0,,,,,0,0,movie_keyword,,528,0,never_instantiated,0,,,,,0,0,,info_type,1,0,never_instantiated,0,,,,,0,0,,,496,0,never_instantiated,0,,,,,0,0,movie_info,,10,0,never_instantiated,0,,,,,0,0,,kind_type,1,0,never_instantiated,0,,,,,0,0,title,,605,0,never_instantiated,0,,,,,0,0,movie_info_idx,info_type,1,0,never_instantiated,0,,,,,0,0,,,,,,,,,,,,,,,,,,,,,,,,,,,,,,,,,,,,,,,,,,,,,,,,,,,,,,,,,,,,,,,,,,,,,,,,,,,,,,,,,,,,,,,,,,,,,,,,
14b,4,0,1,0.09,keyword,,1,0,never_instantiated,0,,,,,0,0,movie_keyword,,1,0,never_instantiated,0,,,,,0,0,,info_type,1,0,never_instantiated,0,,,,,0,0,,,1,0,never_instantiated,0,,,,,0,0,movie_info,,10,0,never_instantiated,0,,,,,0,0,,kind_type,1,0,never_instantiated,0,,,,,0,0,title,,29,0,never_instantiated,0,,,,,0,0,movie_info_idx,info_type,1,0,never_instantiated,0,,,,,0,0,,,,,,,,,,,,,,,,,,,,,,,,,,,,,,,,,,,,,,,,,,,,,,,,,,,,,,,,,,,,,,,,,,,,,,,,,,,,,,,,,,,,,,,,,,,,,,,,
14c,4,0,1,0.10,keyword,,4115,0,never_instantiated,0,,,,,0,0,movie_keyword,,2745,0,never_instantiated,0,,,,,0,0,,info_type,1,0,never_instantiated,0,,,,,0,0,,,2544,0,never_instantiated,0,,,,,0,0,movie_info,,10,0,never_instantiated,0,,,,,0,0,,kind_type,2,0,never_instantiated,0,,,,,0,0,title,,14639,0,never_instantiated,0,,,,,0,0,movie_info_idx,info_type,1,0,never_instantiated,0,,,,,0,0,,,,,,,,,,,,,,,,,,,,,,,,,,,,,,,,,,,,,,,,,,,,,,,,,,,,,,,,,,,,,,,,,,,,,,,,,,,,,,,,,,,,,,,,,,,,,,,,
15a,4,0,1,0.23,keyword,,328,0,never_instantiated,0,,,,,0,0,movie_keyword,,27,0,never_instantiated,0,,,,,0,0,company_type,,27,0,never_instantiated,0,,,,,0,0,title,,41,0,never_instantiated,0,,,,,0,0,,info_type,1,0,never_instantiated,0,,,,,0,0,movie_info,,56,0,never_instantiated,0,,,,,0,0,aka_title,,239,0,never_instantiated,0,,,,,0,0,movie_companies,company_name,156,0,never_instantiated,0,,,,,0,0,,,,,,,,,,,,,,,,,,,,,,,,,,,,,,,,,,,,,,,,,,,,,,,,,,,,,,,,,,,,,,,,,,,,,,,,,,,,,,,,,,,,,,,,,,,,,,,,
15b,4,0,1,0.19,keyword,,37,0,never_instantiated,0,,,,,0,0,movie_keyword,,2,0,never_instantiated,0,,,,,0,0,company_type,,2,0,never_instantiated,0,,,,,0,0,title,,2,0,never_instantiated,0,,,,,0,0,info_type,,2,0,never_instantiated,0,,,,,0,0,movie_info,,2,0,never_instantiated,0,,,,,0,0,aka_title,,28,0,never_instantiated,0,,,,,0,0,movie_companies,company_name,1,0,never_instantiated,0,,,,,0,0,,,,,,,,,,,,,,,,,,,,,,,,,,,,,,,,,,,,,,,,,,,,,,,,,,,,,,,,,,,,,,,,,,,,,,,,,,,,,,,,,,,,,,,,,,,,,,,,
15c,4,0,1,0.20,keyword,,2271,0,never_instantiated,0,,,,,0,0,movie_keyword,,284,0,never_instantiated,0,,,,,0,0,,company_type,2,0,never_instantiated,0,,,,,0,0,,info_type,1,0,never_instantiated,0,,,,,0,0,movie_info,,427,0,never_instantiated,0,,,,,0,0,title,,865,0,never_instantiated,0,,,,,0,0,aka_title,,3963,0,never_instantiated,0,,,,,0,0,movie_companies,company_name,1937,0,never_instantiated,0,,,,,0,0,,,,,,,,,,,,,,,,,,,,,,,,,,,,,,,,,,,,,,,,,,,,,,,,,,,,,,,,,,,,,,,,,,,,,,,,,,,,,,,,,,,,,,,,,,,,,,,,
15d,4,0,1,0.14,keyword,,11347,0,never_instantiated,0,,,,,0,0,movie_keyword,,875,0,never_instantiated,0,,,,,0,0,,company_type,2,0,never_instantiated,0,,,,,0,0,,info_type,1,0,never_instantiated,0,,,,,0,0,movie_info,,818,0,never_instantiated,0,,,,,0,0,title,,951,0,never_instantiated,0,,,,,0,0,aka_title,,10087,0,never_instantiated,0,,,,,0,0,movie_companies,company_name,4647,0,never_instantiated,0,,,,,0,0,,,,,,,,,,,,,,,,,,,,,,,,,,,,,,,,,,,,,,,,,,,,,,,,,,,,,,,,,,,,,,,,,,,,,,,,,,,,,,,,,,,,,,,,,,,,,,,,
16a,4,0,1,0.19,name,,385,0,never_instantiated,0,,,,,0,0,aka_name,,323,0,never_instantiated,0,,,,,0,0,cast_info,,25,0,never_instantiated,0,,,,,0,0,company_name,,54,0,never_instantiated,0,,,,,0,0,movie_companies,,146,0,never_instantiated,0,,,,,0,0,title,,146,0,never_instantiated,0,,,,,0,0,movie_keyword,keyword,1,0,never_instantiated,0,,,,,0,0,,,,,,,,,,,,,,,,,,,,,,,,,,,,,,,,,,,,,,,,,,,,,,,,,,,,,,,,,,,,,,,,,,,,,,,,,,,,,,,,,,,,,,,,,,,,,,,,,,,,,,,,,,,,
16b,4,0,1,0.62,title,,3710592,0,never_instantiated,0,,,,,0,0,name,,3710592,0,never_instantiated,0,,,,,0,0,aka_name,,2832555,0,never_instantiated,0,,,,,0,0,cast_info,,67486,0,never_instantiated,0,,,,,0,0,company_name,,146269,0,never_instantiated,0,,,,,0,0,movie_companies,,40830,0,never_instantiated,0,,,,,0,0,movie_keyword,keyword,1,0,never_instantiated,0,,,,,0,0,,,,,,,,,,,,,,,,,,,,,,,,,,,,,,,,,,,,,,,,,,,,,,,,,,,,,,,,,,,,,,,,,,,,,,,,,,,,,,,,,,,,,,,,,,,,,,,,,,,,,,,,,,,,
16c,4,0,1,0.33,name,,319932,0,never_instantiated,0,,,,,0,0,aka_name,,221609,0,never_instantiated,0,,,,,0,0,cast_info,,8534,0,never_instantiated,0,,,,,0,0,company_name,,11402,0,never_instantiated,0,,,,,0,0,movie_companies,,6844,0,never_instantiated,0,,,,,0,0,title,,40830,0,never_instantiated,0,,,,,0,0,movie_keyword,keyword,1,0,never_instantiated,0,,,,,0,0,,,,,,,,,,,,,,,,,,,,,,,,,,,,,,,,,,,,,,,,,,,,,,,,,,,,,,,,,,,,,,,,,,,,,,,,,,,,,,,,,,,,,,,,,,,,,,,,,,,,,,,,,,,,
16d,4,0,1,0.31,name,,249455,0,never_instantiated,0,,,,,0,0,aka_name,,169273,0,never_instantiated,0,,,,,0,0,cast_info,,6762,0,never_instantiated,0,,,,,0,0,company_name,,8657,0,never_instantiated,0,,,,,0,0,movie_companies,,5327,0,never_instantiated,0,,,,,0,0,title,,40830,0,never_instantiated,0,,,,,0,0,movie_keyword,keyword,1,0,never_instantiated,0,,,,,0,0,,,,,,,,,,,,,,,,,,,,,,,,,,,,,,,,,,,,,,,,,,,,,,,,,,,,,,,,,,,,,,,,,,,,,,,,,,,,,,,,,,,,,,,,,,,,,,,,,,,,,,,,,,,,
17a,4,0,1,0.33,title,,258289,0,never_instantiated,0,,,,,0,0,name,,2832555,0,never_instantiated,0,,,,,0,0,cast_info,,67486,0,never_instantiated,0,,,,,0,0,company_name,,146269,0,never_instantiated,0,,,,,0,0,movie_companies,,40830,0,never_instantiated,0,,,,,0,0,movie_keyword,keyword,1,0,never_instantiated,0,,,,,0,0,,,,,,,,,,,,,,,,,,,,,,,,,,,,,,,,,,,,,,,,,,,,,,,,,,,,,,,,,,,,,,,,,,,,,,,,,,,,,,,,,,,,,,,,,,,,,,,,,,,,,,,,,,,,,,,,,,,,,,,,
17b,4,0,1,0.43,title,,52306,0,never_instantiated,0,,,,,0,0,name,,7796926,0,never_instantiated,0,,,,,0,0,cast_info,,146269,0,never_instantiated,0,,,,,0,0,company_name,,146269,0,never_instantiated,0,,,,,0,0,movie_companies,,40830,0,never_instantiated,0,,,,,0,0,movie_keyword,keyword,1,0,never_instantiated,0,,,,,0,0,,,,,,,,,,,,,,,,,,,,,,,,,,,,,,,,,,,,,,,,,,,,,,,,,,,,,,,,,,,,,,,,,,,,,,,,,,,,,,,,,,,,,,,,,,,,,,,,,,,,,,,,,,,,,,,,,,,,,,,,
17c,4,0,1,0.16,title,,1918,0,never_instantiated,0,,,,,0,0,name,,3151,0,never_instantiated,0,,,,,0,0,cast_info,,2778,0,never_instantiated,0,,,,,0,0,company_name,,2778,0,never_instantiated,0,,,,,0,0,movie_companies,,350,0,never_instantiated,0,,,,,0,0,movie_keyword,keyword,1,0,never_instantiated,0,,,,,0,0,,,,,,,,,,,,,,,,,,,,,,,,,,,,,,,,,,,,,,,,,,,,,,,,,,,,,,,,,,,,,,,,,,,,,,,,,,,,,,,,,,,,,,,,,,,,,,,,,,,,,,,,,,,,,,,,,,,,,,,,
17d,4,0,1,0.22,title,,11538,0,never_instantiated,0,,,,,0,0,name,,13400,0,never_instantiated,0,,,,,0,0,cast_info,,11466,0,never_instantiated,0,,,,,0,0,company_name,,11466,0,never_instantiated,0,,,,,0,0,movie_companies,,1954,0,never_instantiated,0,,,,,0,0,movie_keyword,keyword,1,0,never_instantiated,0,,,,,0,0,,,,,,,,,,,,,,,,,,,,,,,,,,,,,,,,,,,,,,,,,,,,,,,,,,,,,,,,,,,,,,,,,,,,,,,,,,,,,,,,,,,,,,,,,,,,,,,,,,,,,,,,,,,,,,,,,,,,,,,,
17e,4,0,1,0.37,name,,2832555,0,never_instantiated,0,,,,,0,0,cast_info,,67486,0,never_instantiated,0,,,,,0,0,title,,67486,0,never_instantiated,0,,,,,0,0,company_name,,146269,0,never_instantiated,0,,,,,0,0,movie_companies,,40830,0,never_instantiated,0,,,,,0,0,movie_keyword,keyword,1,0,never_instantiated,0,,,,,0,0,,,,,,,,,,,,,,,,,,,,,,,,,,,,,,,,,,,,,,,,,,,,,,,,,,,,,,,,,,,,,,,,,,,,,,,,,,,,,,,,,,,,,,,,,,,,,,,,,,,,,,,,,,,,,,,,,,,,,,,,
17f,4,0,1,0.40,title,,1113120,0,never_instantiated,0,,,,,0,0,name,,1942407,0,never_instantiated,0,,,,,0,0,cast_info,,137523,0,never_instantiated,0,,,,,0,0,company_name,,137523,0,never_instantiated,0,,,,,0,0,movie_companies,,35417,0,never_instantiated,0,,,,,0,0,movie_keyword,keyword,1,0,never_instantiated,0,,,,,0,0,,,,,,,,,,,,,,,,,,,,,,,,,,,,,,,,,,,,,,,,,,,,,,,,,,,,,,,,,,,,,,,,,,,,,,,,,,,,,,,,,,,,,,,,,,,,,,,,,,,,,,,,,,,,,,,,,,,,,,,,
18a,4,0,1,0.27,title,,410,0,never_instantiated,0,,,,,0,0,name,,422,0,never_instantiated,0,,,,,0,0,cast_info,,428,0,never_instantiated,0,,,,,0,0,,info_type,1,0,never_instantiated,0,,,,,0,0,movie_info,,590,0,never_instantiated,0,,,,,0,0,movie_info_idx,info_type,1,0,never_instantiated,0,,,,,0,0,,,,,,,,,,,,,,,,,,,,,,,,,,,,,,,,,,,,,,,,,,,,,,,,,,,,,,,,,,,,,,,,,,,,,,,,,,,,,,,,,,,,,,,,,,,,,,,,,,,,,,,,,,,,,,,,,,,,,,,,
18b,4,0,1,0.28,name,,268,0,never_instantiated,0,,,,,0,0,,,190,0,never_instantiated,0,,,,,0,0,cast_info,,5,0,never_instantiated,0,,,,,0,0,title,,191,0,never_instantiated,0,,,,,0,0,,info_type,1,0,never_instantiated,0,,,,,0,0,movie_info,,174,0,never_instantiated,0,,,,,0,0,movie_info_idx,info_type,1,0,never_instantiated,0,,,,,0,0,,,,,,,,,,,,,,,,,,,,,,,,,,,,,,,,,,,,,,,,,,,,,,,,,,,,,,,,,,,,,,,,,,,,,,,,,,,,,,,,,,,,,,,,,,,,,,,,,,,,,,,,,,,,
18c,4,0,1,0.40,title,,28073,0,never_instantiated,0,,,,,0,0,name,,54155,0,never_instantiated,0,,,,,0,0,,,37577,0,never_instantiated,0,,,,,0,0,cast_info,,5,0,never_instantiated,0,,,,,0,0,,info_type,1,0,never_instantiated,0,,,,,0,0,,,26701,0,never_instantiated,0,,,,,0,0,movie_info,,6,0,never_instantiated,0,,,,,0,0,movie_info_idx,info_type,1,0,never_instantiated,0,,,,,0,0,,,,,,,,,,,,,,,,,,,,,,,,,,,,,,,,,,,,,,,,,,,,,,,,,,,,,,,,,,,,,,,,,,,,,,,,,,,,,,,,,,,,,,,,,,,,,,,,
19a,4,0,1,0.31,char_name,,184,0,never_instantiated,0,,,,,0,0,name,,248,0,never_instantiated,0,,,,,0,0,aka_name,,197,0,never_instantiated,0,,,,,0,0,,role_type,1,0,never_instantiated,0,,,,,0,0,cast_info,,208,0,never_instantiated,0,,,,,0,0,,info_type,1,0,never_instantiated,0,,,,,0,0,movie_info,,105,0,never_instantiated,0,,,,,0,0,title,,246,0,never_instantiated,0,,,,,0,0,movie_companies,company_name,132,0,never_instantiated,0,,,,,0,0,,,,,,,,,,,,,,,,,,,,,,,,,,,,,,,,,,,,,,,,,,,,,,,,,,,,,,,,,,,,,,,,,,,,,,,,,,,,,,,,,,,,
19b,4,0,1,0.23,char_name,,15,0,never_instantiated,0,,,,,0,0,info_type,,15,0,never_instantiated,0,,,,,0,0,movie_info,,15,0,never_instantiated,0,,,,,0,0,name,,15,0,never_instantiated,0,,,,,0,0,title,,15,0,never_instantiated,0,,,,,0,0,aka_name,,3,0,never_instantiated,0,,,,,0,0,company_name,,3,0,never_instantiated,0,,,,,0,0,movie_companies,,1,0,never_instantiated,0,,,,,0,0,cast_info,role_type,1,0,never_instantiated,0,,,,,0,0,,,,,,,,,,,,,,,,,,,,,,,,,,,,,,,,,,,,,,,,,,,,,,,,,,,,,,,,,,,,,,,,,,,,,,,,,,,,,,,,,,,,
19c,4,0,1,0.29,char_name,,3575,0,never_instantiated,0,,,,,0,0,name,,3786,0,never_instantiated,0,,,,,0,0,aka_name,,2864,0,never_instantiated,0,,,,,0,0,,role_type,1,0,never_instantiated,0,,,,,0,0,cast_info,,2508,0,never_instantiated,0,,,,,0,0,,info_type,1,0,never_instantiated,0,,,,,0,0,movie_info,,1546,0,never_instantiated,0,,,,,0,0,title,,2266,0,never_instantiated,0,,,,,0,0,movie_companies,company_name,947,0,never_instantiated,0,,,,,0,0,,,,,,,,,,,,,,,,,,,,,,,,,,,,,,,,,,,,,,,,,,,,,,,,,,,,,,,,,,,,,,,,,,,,,,,,,,,,,,,,,,,,
19d,4,0,1,0.38,char_name,,1760645,0,never_instantiated,0,,,,,0,0,,info_type,1,0,never_instantiated,0,,,,,0,0,movie_info,,276408,0,never_instantiated,0,,,,,0,0,name,,276501,0,never_instantiated,0,,,,,0,0,aka_name,,104391,0,never_instantiated,0,,,,,0,0,,role_type,1,0,never_instantiated,0,,,,,0,0,cast_info,,24383,0,never_instantiated,0,,,,,0,0,title,,50660,0,never_instantiated,0,,,,,0,0,movie_companies,company_name,6991,0,never_instantiated,0,,,,,0,0,,,,,,,,,,,,,,,,,,,,,,,,,,,,,,,,,,,,,,,,,,,,,,,,,,,,,,,,,,,,,,,,,,,,,,,,,,,,,,,,,,,,
20a,4,0,1,0.28,name,,33,0,never_instantiated,0,,,,,0,0,char_name,,310,0,never_instantiated,0,,,,,0,0,cast_info,,263,0,never_instantiated,0,,,,,0,0,,,263,0,never_instantiated,0,,,,,0,0,keyword,,8,0,never_instantiated,0,,,,,0,0,movie_keyword,,197,0,never_instantiated,0,,,,,0,0,,comp_cast_type,2,0,never_instantiated,0,,,,,0,0,,comp_cast_type,1,0,never_instantiated,0,,,,,0,0,,kind_type,1,0,never_instantiated,0,,,,,0,0,title,complete_cast,232,0,never_instantiated,0,,,,,0,0,,,,,,,,,,,,,,,,,,,,,,,,,,,,,,,,,,,,,,,,,,,,,,,,,,,,,,,,,,,,,,,,,,,,,,,,
20b,4,0,1,0.21,char_name,,17,0,never_instantiated,0,,,,,0,0,name,,17,0,never_instantiated,0,,,,,0,0,cast_info,,13,0,never_instantiated,0,,,,,0,0,,,13,0,never_instantiated,0,,,,,0,0,keyword,,8,0,never_instantiated,0,,,,,0,0,movie_keyword,,3,0,never_instantiated,0,,,,,0,0,,comp_cast_type,2,0,never_instantiated,0,,,,,0,0,,comp_cast_type,1,0,never_instantiated,0,,,,,0,0,,kind_type,1,0,never_instantiated,0,,,,,0,0,title,complete_cast,3,0,never_instantiated,0,,,,,0,0,,,,,,,,,,,,,,,,,,,,,,,,,,,,,,,,,,,,,,,,,,,,,,,,,,,,,,,,,,,,,,,,,,,,,,,,
20c,4,0,1,0.29,name,,5406,0,never_instantiated,0,,,,,0,0,char_name,,5437,0,never_instantiated,0,,,,,0,0,cast_info,,1066,0,never_instantiated,0,,,,,0,0,,,1066,0,never_instantiated,0,,,,,0,0,keyword,,10,0,never_instantiated,0,,,,,0,0,movie_keyword,,771,0,never_instantiated,0,,,,,0,0,,comp_cast_type,2,0,never_instantiated,0,,,,,0,0,,comp_cast_type,1,0,never_instantiated,0,,,,,0,0,,kind_type,1,0,never_instantiated,0,,,,,0,0,title,complete_cast,774,0,never_instantiated,0,,,,,0,0,,,,,,,,,,,,,,,,,,,,,,,,,,,,,,,,,,,,,,,,,,,,,,,,,,,,,,,,,,,,,,,,,,,,,,,,
21a,4,0,1,0.11,,,306,0,never_instantiated,0,,,,,0,0,movie_info,,8,0,never_instantiated,0,,,,,0,0,company_type,,306,0,never_instantiated,0,,,,,0,0,title,,306,0,never_instantiated,0,,,,,0,0,company_name,,631,0,never_instantiated,0,,,,,0,0,movie_companies,,116,0,never_instantiated,0,,,,,0,0,link_type,,116,0,never_instantiated,0,,,,,0,0,movie_link,,8,0,never_instantiated,0,,,,,0,0,movie_keyword,keyword,1,0,never_instantiated,0,,,,,0,0,,,,,,,,,,,,,,,,,,,,,,,,,,,,,,,,,,,,,,,,,,,,,,,,,,,,,,,,,,,,,,,,,,,,,,,,,,,,,,,,,,,,
21b,4,0,1,0.10,movie_info,,38,0,never_instantiated,0,,,,,0,0,company_type,,38,0,never_instantiated,0,,,,,0,0,title,,38,0,never_instantiated,0,,,,,0,0,company_name,,133,0,never_instantiated,0,,,,,0,0,movie_companies,,19,0,never_instantiated,0,,,,,0,0,link_type,,19,0,never_instantiated,0,,,,,0,0,movie_link,,1,0,never_instantiated,0,,,,,0,0,movie_keyword,keyword,1,0,never_instantiated,0,,,,,0,0,,,,,,,,,,,,,,,,,,,,,,,,,,,,,,,,,,,,,,,,,,,,,,,,,,,,,,,,,,,,,,,,,,,,,,,,,,,,,,,,,,,,,,,,,,,,,,,,
21c,4,0,1,0.11,,,402,0,never_instantiated,0,,,,,0,0,movie_info,,9,0,never_instantiated,0,,,,,0,0,company_type,,402,0,never_instantiated,0,,,,,0,0,title,,402,0,never_instantiated,0,,,,,0,0,company_name,,959,0,never_instantiated,0,,,,,0,0,movie_companies,,187,0,never_instantiated,0,,,,,0,0,link_type,,187,0,never_instantiated,0,,,,,0,0,movie_link,,24,0,never_instantiated,0,,,,,0,0,movie_keyword,keyword,1,0,never_instantiated,0,,,,,0,0,,,,,,,,,,,,,,,,,,,,,,,,,,,,,,,,,,,,,,,,,,,,,,,,,,,,,,,,,,,,,,,,,,,,,,,,,,,,,,,,,,,,
22a,4,0,1,0.18,company_type,,2851,0,never_instantiated,0,,,,,0,0,keyword,,2851,0,never_instantiated,0,,,,,0,0,movie_keyword,,1509,0,never_instantiated,0,,,,,0,0,,info_type,1,0,never_instantiated,0,,,,,0,0,movie_info,,1273,0,never_instantiated,0,,,,,0,0,company_name,,1470,0,never_instantiated,0,,,,,0,0,movie_companies,,194,0,never_instantiated,0,,,,,0,0,,kind_type,2,0,never_instantiated,0,,,,,0,0,title,,257,0,never_instantiated,0,,,,,0,0,movie_info_idx,info_type,1,0,never_instantiated,0,,,,,0,0,,,,,,,,,,,,,,,,,,,,,,,,,,,,,,,,,,,,,,,,,,,,,,,,,,,,,,,,,,,,,,,,,,,,,,,,
22b,4,0,1,0.17,company_type,,31,0,never_instantiated,0,,,,,0,0,keyword,,31,0,never_instantiated,0,,,,,0,0,movie_keyword,,17,0,never_instantiated,0,,,,,0,0,,info_type,1,0,never_instantiated,0,,,,,0,0,movie_info,,14,0,never_instantiated,0,,,,,0,0,company_name,,22,0,never_instantiated,0,,,,,0,0,movie_companies,,29,0,never_instantiated,0,,,,,0,0,,kind_type,2,0,never_instantiated,0,,,,,0,0,title,,171,0,never_instantiated,0,,,,,0,0,movie_info_idx,info_type,1,0,never_instantiated,0,,,,,0,0,,,,,,,,,,,,,,,,,,,,,,,,,,,,,,,,,,,,,,,,,,,,,,,,,,,,,,,,,,,,,,,,,,,,,,,,
22c,4,0,1,0.18,company_type,,21489,0,never_instantiated,0,,,,,0,0,keyword,,21489,0,never_instantiated,0,,,,,0,0,movie_keyword,,11376,0,never_instantiated,0,,,,,0,0,,info_type,1,0,never_instantiated,0,,,,,0,0,,,9541,0,never_instantiated,0,,,,,0,0,movie_info,,10,0,never_instantiated,0,,,,,0,0,company_name,,10377,0,never_instantiated,0,,,,,0,0,movie_companies,,2544,0,never_instantiated,0,,,,,0,0,,kind_type,2,0,never_instantiated,0,,,,,0,0,title,,14639,0,never_instantiated,0,,,,,0,0,movie_info_idx,info_type,1,0,never_instantiated,0,,,,,0,0,,,,,,,,,,,,,,,,,,,,,,,,,,,,,,,,,,,,,,,,,,,,,,,,,,,,,,,,,,,,
22d,4,0,1,0.18,company_type,,46281,0,never_instantiated,0,,,,,0,0,keyword,,46281,0,never_instantiated,0,,,,,0,0,movie_keyword,,25671,0,never_instantiated,0,,,,,0,0,company_name,,36808,0,never_instantiated,0,,,,,0,0,movie_companies,,2745,0,never_instantiated,0,,,,,0,0,,info_type,1,0,never_instantiated,0,,,,,0,0,,,2544,0,never_instantiated,0,,,,,0,0,movie_info,,10,0,never_instantiated,0,,,,,0,0,,kind_type,2,0,never_instantiated,0,,,,,0,0,title,,14639,0,never_instantiated,0,,,,,0,0,movie_info_idx,info_type,1,0,never_instantiated,0,,,,,0,0,,,,,,,,,,,,,,,,,,,,,,,,,,,,,,,,,,,,,,,,,,,,,,,,,,,,,,,,,,,,
23a,4,0,1,0.19,keyword,,618,0,never_instantiated,0,,,,,0,0,movie_keyword,,6,0,never_instantiated,0,,,,,0,0,company_type,,6,0,never_instantiated,0,,,,,0,0,,info_type,1,0,never_instantiated,0,,,,,0,0,movie_info,,4,0,never_instantiated,0,,,,,0,0,,comp_cast_type,1,0,never_instantiated,0,,,,,0,0,,kind_type,1,0,never_instantiated,0,,,,,0,0,title,,4,0,never_instantiated,0,,,,,0,0,complete_cast,,3,0,never_instantiated,0,,,,,0,0,movie_companies,company_name,3,0,never_instantiated,0,,,,,0,0,,,,,,,,,,,,,,,,,,,,,,,,,,,,,,,,,,,,,,,,,,,,,,,,,,,,,,,,,,,,,,,,,,,,,,,,
23b,4,0,1,0.18,company_type,,16,0,never_instantiated,0,,,,,0,0,keyword,,16,0,never_instantiated,0,,,,,0,0,movie_keyword,,4,0,never_instantiated,0,,,,,0,0,company_name,,4,0,never_instantiated,0,,,,,0,0,movie_companies,,4,0,never_instantiated,0,,,,,0,0,,comp_cast_type,1,0,never_instantiated,0,,,,,0,0,,kind_type,1,0,never_instantiated,0,,,,,0,0,title,,4,0,never_instantiated,0,,,,,0,0,complete_cast,,2,0,never_instantiated,0,,,,,0,0,movie_info,info_type,1,0,never_instantiated,0,,,,,0,0,,,,,,,,,,,,,,,,,,,,,,,,,,,,,,,,,,,,,,,,,,,,,,,,,,,,,,,,,,,,,,,,,,,,,,,,
23c,4,0,1,0.21,keyword,,628,0,never_instantiated,0,,,,,0,0,movie_keyword,,7,0,never_instantiated,0,,,,,0,0,company_type,,7,0,never_instantiated,0,,,,,0,0,,info_type,1,0,never_instantiated,0,,,,,0,0,movie_info,,5,0,never_instantiated,0,,,,,0,0,,comp_cast_type,1,0,never_instantiated,0,,,,,0,0,,kind_type,1,0,never_instantiated,0,,,,,0,0,title,,5,0,never_instantiated,0,,,,,0,0,complete_cast,,4,0,never_instantiated,0,,,,,0,0,movie_companies,company_name,4,0,never_instantiated,0,,,,,0,0,,,,,,,,,,,,,,,,,,,,,,,,,,,,,,,,,,,,,,,,,,,,,,,,,,,,,,,,,,,,,,,,,,,,,,,,
24a,4,0,1,0.32,char_name,,275,0,never_instantiated,0,,,,,0,0,name,,277,0,never_instantiated,0,,,,,0,0,aka_name,,143,0,never_instantiated,0,,,,,0,0,,role_type,1,0,never_instantiated,0,,,,,0,0,cast_info,,113,0,never_instantiated,0,,,,,0,0,keyword,,113,0,never_instantiated,0,,,,,0,0,movie_keyword,,55,0,never_instantiated,0,,,,,0,0,,info_type,1,0,never_instantiated,0,,,,,0,0,movie_info,,39,0,never_instantiated,0,,,,,0,0,title,,42,0,never_instantiated,0,,,,,0,0,movie_companies,company_name,21,0,never_instantiated,0,,,,,0,0,,,,,,,,,,,,,,,,,,,,,,,,,,,,,,,,,,,,,,,,,,,,,,,,,,,,,,,,,,,,
24b,4,0,1,0.19,char_name,,45,0,never_instantiated,0,,,,,0,0,name,,45,0,never_instantiated,0,,,,,0,0,aka_name,,9,0,never_instantiated,0,,,,,0,0,role_type,,9,0,never_instantiated,0,,,,,0,0,cast_info,,9,0,never_instantiated,0,,,,,0,0,keyword,,9,0,never_instantiated,0,,,,,0,0,movie_keyword,,5,0,never_instantiated,0,,,,,0,0,,info_type,1,0,never_instantiated,0,,,,,0,0,movie_info,,3,0,never_instantiated,0,,,,,0,0,title,,3,0,never_instantiated,0,,,,,0,0,movie_companies,company_name,1,0,never_instantiated,0,,,,,0,0,,,,,,,,,,,,,,,,,,,,,,,,,,,,,,,,,,,,,,,,,,,,,,,,,,,,,,,,,,,,
25a,4,0,1,0.32,title,,4407,0,never_instantiated,0,,,,,0,0,name,,7112,0,never_instantiated,0,,,,,0,0,,,4873,0,never_instantiated,0,,,,,0,0,cast_info,,5,0,never_instantiated,0,,,,,0,0,,,4873,0,never_instantiated,0,,,,,0,0,keyword,,5,0,never_instantiated,0,,,,,0,0,movie_keyword,,2442,0,never_instantiated,0,,,,,0,0,info_type,,2442,0,never_instantiated,0,,,,,0,0,movie_info_idx,,2682,0,never_instantiated,0,,,,,0,0,movie_info,info_type,1,0,never_instantiated,0,,,,,0,0,,,,,,,,,,,,,,,,,,,,,,,,,,,,,,,,,,,,,,,,,,,,,,,,,,,,,,,,,,,,,,,,,,,,,,,,
25b,4,0,1,0.26,name,,6,0,never_instantiated,0,,,,,0,0,,,6,0,never_instantiated,0,,,,,0,0,cast_info,,5,0,never_instantiated,0,,,,,0,0,,,6,0,never_instantiated,0,,,,,0,0,keyword,,5,0,never_instantiated,0,,,,,0,0,movie_keyword,,3,0,never_instantiated,0,,,,,0,0,info_type,,3,0,never_instantiated,0,,,,,0,0,movie_info_idx,,3,0,never_instantiated,0,,,,,0,0,title,,4,0,never_instantiated,0,,,,,0,0,movie_info,info_type,1,0,never_instantiated,0,,,,,0,0,,,,,,,,,,,,,,,,,,,,,,,,,,,,,,,,,,,,,,,,,,,,,,,,,,,,,,,,,,,,,,,,,,,,,,,,
25c,4,0,1,0.37,title,,26153,0,never_instantiated,0,,,,,0,0,name,,42900,0,never_instantiated,0,,,,,0,0,,,29196,0,never_instantiated,0,,,,,0,0,cast_info,,5,0,never_instantiated,0,,,,,0,0,,,29196,0,never_instantiated,0,,,,,0,0,keyword,,7,0,never_instantiated,0,,,,,0,0,movie_keyword,,13737,0,never_instantiated,0,,,,,0,0,,info_type,1,0,never_instantiated,0,,,,,0,0,,,8732,0,never_instantiated,0,,,,,0,0,movie_info,,6,0,never_instantiated,0,,,,,0,0,movie_info_idx,info_type,1,0,never_instantiated,0,,,,,0,0,,,,,,,,,,,,,,,,,,,,,,,,,,,,,,,,,,,,,,,,,,,,,,,,,,,,,,,,,,,,
26a,4,0,1,0.28,name,,1728,0,never_instantiated,0,,,,,0,0,char_name,,1738,0,never_instantiated,0,,,,,0,0,cast_info,,281,0,never_instantiated,0,,,,,0,0,,,281,0,never_instantiated,0,,,,,0,0,keyword,,10,0,never_instantiated,0,,,,,0,0,movie_keyword,,189,0,never_instantiated,0,,,,,0,0,,kind_type,1,0,never_instantiated,0,,,,,0,0,title,,189,0,never_instantiated,0,,,,,0,0,,comp_cast_type,2,0,never_instantiated,0,,,,,0,0,,comp_cast_type,1,0,never_instantiated,0,,,,,0,0,complete_cast,,427,0,never_instantiated,0,,,,,0,0,movie_info_idx,info_type,1,0,never_instantiated,0,,,,,0,0,,,,,,,,,,,,,,,,,,,,,,,,,,,,,,,,,,,,,,,,,,,,,,,,
26b,4,0,1,0.24,name,,93,0,never_instantiated,0,,,,,0,0,char_name,,93,0,never_instantiated,0,,,,,0,0,cast_info,,6,0,never_instantiated,0,,,,,0,0,keyword,,6,0,never_instantiated,0,,,,,0,0,movie_keyword,,4,0,never_instantiated,0,,,,,0,0,,kind_type,1,0,never_instantiated,0,,,,,0,0,title,,4,0,never_instantiated,0,,,,,0,0,,comp_cast_type,2,0,never_instantiated,0,,,,,0,0,,comp_cast_type,1,0,never_instantiated,0,,,,,0,0,complete_cast,,15,0,never_instantiated,0,,,,,0,0,movie_info_idx,info_type,1,0,never_instantiated,0,,,,,0,0,,,,,,,,,,,,,,,,,,,,,,,,,,,,,,,,,,,,,,,,,,,,,,,,,,,,,,,,,,,,
26c,4,0,1,0.28,name,,5400,0,never_instantiated,0,,,,,0,0,char_name,,5431,0,never_instantiated,0,,,,,0,0,cast_info,,1063,0,never_instantiated,0,,,,,0,0,,,1063,0,never_instantiated,0,,,,,0,0,keyword,,10,0,never_instantiated,0,,,,,0,0,movie_keyword,,768,0,never_instantiated,0,,,,,0,0,,kind_type,1,0,never_instantiated,0,,,,,0,0,title,,771,0,never_instantiated,0,,,,,0,0,,comp_cast_type,2,0,never_instantiated,0,,,,,0,0,,comp_cast_type,1,0,never_instantiated,0,,,,,0,0,complete_cast,,2040,0,never_instantiated,0,,,,,0,0,movie_info_idx,info_type,1,0,never_instantiated,0,,,,,0,0,,,,,,,,,,,,,,,,,,,,,,,,,,,,,,,,,,,,,,,,,,,,,,,,
27a,4,0,1,0.11,movie_info,,172,0,never_instantiated,0,,,,,0,0,company_type,,172,0,never_instantiated,0,,,,,0,0,comp_cast_type,,172,0,never_instantiated,0,,,,,0,0,comp_cast_type,,172,0,never_instantiated,0,,,,,0,0,company_name,,382,0,never_instantiated,0,,,,,0,0,movie_companies,,58,0,never_instantiated,0,,,,,0,0,title,,58,0,never_instantiated,0,,,,,0,0,link_type,,58,0,never_instantiated,0,,,,,0,0,complete_cast,,58,0,never_instantiated,0,,,,,0,0,movie_link,,4,0,never_instantiated,0,,,,,0,0,movie_keyword,keyword,1,0,never_instantiated,0,,,,,0,0,,,,,,,,,,,,,,,,,,,,,,,,,,,,,,,,,,,,,,,,,,,,,,,,,,,,,,,,,,,,
27b,4,0,1,0.08,movie_info,,95,0,never_instantiated,0,,,,,0,0,company_type,,95,0,never_instantiated,0,,,,,0,0,comp_cast_type,,95,0,never_instantiated,0,,,,,0,0,comp_cast_type,,95,0,never_instantiated,0,,,,,0,0,company_name,,190,0,never_instantiated,0,,,,,0,0,movie_companies,,38,0,never_instantiated,0,,,,,0,0,link_type,,38,0,never_instantiated,0,,,,,0,0,complete_cast,,38,0,never_instantiated,0,,,,,0,0,movie_link,,2,0,never_instantiated,0,,,,,0,0,title,,2,0,never_instantiated,0,,,,,0,0,movie_keyword,keyword,1,0,never_instantiated,0,,,,,0,0,,,,,,,,,,,,,,,,,,,,,,,,,,,,,,,,,,,,,,,,,,,,,,,,,,,,,,,,,,,,
27c,4,0,1,0.11,,,172,0,never_instantiated,0,,,,,0,0,movie_info,,9,0,never_instantiated,0,,,,,0,0,company_type,,172,0,never_instantiated,0,,,,,0,0,comp_cast_type,,172,0,never_instantiated,0,,,,,0,0,comp_cast_type,,172,0,never_instantiated,0,,,,,0,0,company_name,,398,0,never_instantiated,0,,,,,0,0,movie_companies,,70,0,never_instantiated,0,,,,,0,0,title,,70,0,never_instantiated,0,,,,,0,0,link_type,,70,0,never_instantiated,0,,,,,0,0,complete_cast,,70,0,never_instantiated,0,,,,,0,0,movie_link,,10,0,never_instantiated,0,,,,,0,0,movie_keyword,keyword,1,0,never_instantiated,0,,,,,0,0,,,,,,,,,,,,,,,,,,,,,,,,,,,,,,,,,,,,,,,,,,,,,,,,
28a,4,0,1,0.16,keyword,,4803,0,never_instantiated,0,,,,,0,0,movie_keyword,,2546,0,never_instantiated,0,,,,,0,0,info_type,,2546,0,never_instantiated,0,,,,,0,0,,,1987,0,never_instantiated,0,,,,,0,0,movie_info,,10,0,never_instantiated,0,,,,,0,0,company_type,,1987,0,never_instantiated,0,,,,,0,0,comp_cast_type,,1987,0,never_instantiated,0,,,,,0,0,comp_cast_type,,1987,0,never_instantiated,0,,,,,0,0,company_name,,2048,0,never_instantiated,0,,,,,0,0,movie_companies,,172,0,never_instantiated,0,,,,,0,0,,kind_type,2,0,never_instantiated,0,,,,,0,0,title,,193,0,never_instantiated,0,,,,,0,0,complete_cast,,193,0,never_instantiated,0,,,,,0,0,movie_info_idx,info_type,1,0,never_instantiated,0,,,,,0,0,,,,,,,,,,,,,,,,,,,,,,,,
28b,4,0,1,0.15,keyword,,148,0,never_instantiated,0,,,,,0,0,movie_keyword,,77,0,never_instantiated,0,,,,,0,0,info_type,,77,0,never_instantiated,0,,,,,0,0,movie_info,,77,0,never_instantiated,0,,,,,0,0,company_type,,77,0,never_instantiated,0,,,,,0,0,comp_cast_type,,77,0,never_instantiated,0,,,,,0,0,comp_cast_type,,77,0,never_instantiated,0,,,,,0,0,company_name,,78,0,never_instantiated,0,,,,,0,0,movie_companies,,7,0,never_instantiated,0,,,,,0,0,,kind_type,2,0,never_instantiated,0,,,,,0,0,title,,16,0,never_instantiated,0,,,,,0,0,complete_cast,,16,0,never_instantiated,0,,,,,0,0,movie_info_idx,info_type,1,0,never_instantiated,0,,,,,0,0,,,,,,,,,,,,,,,,,,,,,,,,,,,,,,,,,,,,
28c,4,0,1,0.16,keyword,,8373,0,never_instantiated,0,,,,,0,0,movie_keyword,,4420,0,never_instantiated,0,,,,,0,0,info_type,,4420,0,never_instantiated,0,,,,,0,0,,,3820,0,never_instantiated,0,,,,,0,0,movie_info,,10,0,never_instantiated,0,,,,,0,0,company_type,,3820,0,never_instantiated,0,,,,,0,0,comp_cast_type,,3820,0,never_instantiated,0,,,,,0,0,comp_cast_type,,3820,0,never_instantiated,0,,,,,0,0,company_name,,4033,0,never_instantiated,0,,,,,0,0,movie_companies,,423,0,never_instantiated,0,,,,,0,0,,kind_type,2,0,never_instantiated,0,,,,,0,0,title,,3283,0,never_instantiated,0,,,,,0,0,complete_cast,,14639,0,never_instantiated,0,,,,,0,0,movie_info_idx,info_type,1,0,never_instantiated,0,,,,,0,0,,,,,,,,,,,,,,,,,,,,,,,,
29a,4,0,1,0.24,info_type,,1620,0,never_instantiated,0,,,,,0,0,person_info,,30,0,never_instantiated,0,,,,,0,0,name,,30,0,never_instantiated,0,,,,,0,0,aka_name,,10,0,never_instantiated,0,,,,,0,0,role_type,,10,0,never_instantiated,0,,,,,0,0,char_name,,10,0,never_instantiated,0,,,,,0,0,cast_info,,10,0,never_instantiated,0,,,,,0,0,keyword,,10,0,never_instantiated,0,,,,,0,0,movie_keyword,,10,0,never_instantiated,0,,,,,0,0,info_type,,10,0,never_instantiated,0,,,,,0,0,movie_info,,5,0,never_instantiated,0,,,,,0,0,company_name,,22,0,never_instantiated,0,,,,,0,0,movie_companies,,1,0,never_instantiated,0,,,,,0,0,comp_cast_type,,1,0,never_instantiated,0,,,,,0,0,comp_cast_type,,1,0,never_instantiated,0,,,,,0,0,complete_cast,title,1,0,never_instantiated,0,,,,,0,0
29b,4,0,1,0.22,role_type,,15,0,never_instantiated,0,,,,,0,0,info_type,,15,0,never_instantiated,0,,,,,0,0,person_info,,15,0,never_instantiated,0,,,,,0,0,name,,15,0,never_instantiated,0,,,,,0,0,aka_name,,5,0,never_instantiated,0,,,,,0,0,char_name,,5,0,never_instantiated,0,,,,,0,0,cast_info,,5,0,never_instantiated,0,,,,,0,0,keyword,,5,0,never_instantiated,0,,,,,0,0,movie_keyword,,5,0,never_instantiated,0,,,,,0,0,company_name,,22,0,never_instantiated,0,,,,,0,0,movie_companies,,1,0,never_instantiated,0,,,,,0,0,comp_cast_type,,1,0,never_instantiated,0,,,,,0,0,comp_cast_type,,1,0,never_instantiated,0,,,,,0,0,info_type,,1,0,never_instantiated,0,,,,,0,0,movie_info,,1,0,never_instantiated,0,,,,,0,0,complete_cast,title,1,0,never_instantiated,0,,,,,0,0
29c,4,0,1,0.28,char_name,,16308,0,never_instantiated,0,,,,,0,0,info_type,,16740,0,never_instantiated,0,,,,,0,0,person_info,,216,0,never_instantiated,0,,,,,0,0,name,,216,0,never_instantiated,0,,,,,0,0,aka_name,,55,0,never_instantiated,0,,,,,0,0,role_type,,55,0,never_instantiated,0,,,,,0,0,cast_info,,55,0,never_instantiated,0,,,,,0,0,info_type,,55,0,never_instantiated,0,,,,,0,0,movie_info,,20,0,never_instantiated,0,,,,,0,0,company_name,,97,0,never_instantiated,0,,,,,0,0,movie_companies,,4,0,never_instantiated,0,,,,,0,0,comp_cast_type,,4,0,never_instantiated,0,,,,,0,0,,comp_cast_type,1,0,never_instantiated,0,,,,,0,0,title,,4,0,never_instantiated,0,,,,,0,0,complete_cast,,4,0,never_instantiated,0,,,,,0,0,movie_keyword,keyword,1,0,never_instantiated,0,,,,,0,0
30a,4,0,1,0.31,name,,1021,0,never_instantiated,0,,,,,0,0,,,797,0,never_instantiated,0,,,,,0,0,cast_info,,5,0,never_instantiated,0,,,,,0,0,,,797,0,never_instantiated,0,,,,,0,0,keyword,,7,0,never_instantiated,0,,,,,0,0,movie_keyword,,245,0,never_instantiated,0,,,,,0,0,,info_type,1,0,never_instantiated,0,,,,,0,0,movie_info,,211,0,never_instantiated,0,,,,,0,0,,comp_cast_type,1,0,never_instantiated,0,,,,,0,0,,comp_cast_type,2,0,never_instantiated,0,,,,,0,0,title,,222,0,never_instantiated,0,,,,,0,0,complete_cast,,210,0,never_instantiated,0,,,,,0,0,movie_info_idx,info_type,1,0,never_instantiated,0,,,,,0,0,,,,,,,,,,,,,,,,,,,,,,,,,,,,,,,,,,,,
30b,4,0,1,0.28,name,,28,0,never_instantiated,0,,,,,0,0,,,12,0,never_instantiated,0,,,,,0,0,cast_info,,5,0,never_instantiated,0,,,,,0,0,,,12,0,never_instantiated,0,,,,,0,0,keyword,,7,0,never_instantiated,0,,,,,0,0,movie_keyword,,3,0,never_instantiated,0,,,,,0,0,,info_type,1,0,never_instantiated,0,,,,,0,0,movie_info,,2,0,never_instantiated,0,,,,,0,0,,comp_cast_type,1,0,never_instantiated,0,,,,,0,0,,comp_cast_type,1,0,never_instantiated,0,,,,,0,0,title,,2,0,never_instantiated,0,,,,,0,0,complete_cast,,2,0,never_instantiated,0,,,,,0,0,movie_info_idx,info_type,1,0,never_instantiated,0,,,,,0,0,,,,,,,,,,,,,,,,,,,,,,,,,,,,,,,,,,,,
30c,4,0,1,0.34,name,,11863,0,never_instantiated,0,,,,,0,0,,,8307,0,never_instantiated,0,,,,,0,0,cast_info,,5,0,never_instantiated,0,,,,,0,0,,,8307,0,never_instantiated,0,,,,,0,0,keyword,,7,0,never_instantiated,0,,,,,0,0,movie_keyword,,3389,0,never_instantiated,0,,,,,0,0,,info_type,1,0,never_instantiated,0,,,,,0,0,,,1966,0,never_instantiated,0,,,,,0,0,movie_info,,6,0,never_instantiated,0,,,,,0,0,title,,1966,0,never_instantiated,0,,,,,0,0,,comp_cast_type,1,0,never_instantiated,0,,,,,0,0,,comp_cast_type,1,0,never_instantiated,0,,,,,0,0,complete_cast,,2045,0,never_instantiated,0,,,,,0,0,movie_info_idx,info_type,1,0,never_instantiated,0,,,,,0,0,,,,,,,,,,,,,,,,,,,,,,,,
31a,4,0,1,0.31,title,,1273,0,never_instantiated,0,,,,,0,0,name,,1556,0,never_instantiated,0,,,,,0,0,,,883,0,never_instantiated,0,,,,,0,0,cast_info,,5,0,never_instantiated,0,,,,,0,0,,,883,0,never_instantiated,0,,,,,0,0,keyword,,7,0,never_instantiated,0,,,,,0,0,movie_keyword,,289,0,never_instantiated,0,,,,,0,0,company_name,,289,0,never_instantiated,0,,,,,0,0,movie_companies,,181,0,never_instantiated,0,,,,,0,0,,info_type,1,0,never_instantiated,0,,,,,0,0,movie_info,,199,0,never_instantiated,0,,,,,0,0,movie_info_idx,info_type,1,0,never_instantiated,0,,,,,0,0,,,,,,,,,,,,,,,,,,,,,,,,,,,,,,,,,,,,,,,,,,,,,,,,
31b,4,0,1,0.24,name,,84,0,never_instantiated,0,,,,,0,0,,,35,0,never_instantiated,0,,,,,0,0,cast_info,,5,0,never_instantiated,0,,,,,0,0,,,35,0,never_instantiated,0,,,,,0,0,keyword,,7,0,never_instantiated,0,,,,,0,0,movie_keyword,,8,0,never_instantiated,0,,,,,0,0,,info_type,1,0,never_instantiated,0,,,,,0,0,movie_info,,5,0,never_instantiated,0,,,,,0,0,title,,5,0,never_instantiated,0,,,,,0,0,company_name,,5,0,never_instantiated,0,,,,,0,0,movie_companies,,4,0,never_instantiated,0,,,,,0,0,movie_info_idx,info_type,1,0,never_instantiated,0,,,,,0,0,,,,,,,,,,,,,,,,,,,,,,,,,,,,,,,,,,,,,,,,,,,,,,,,
31c,4,0,1,0.33,name,,2825,0,never_instantiated,0,,,,,0,0,,,1560,0,never_instantiated,0,,,,,0,0,cast_info,,5,0,never_instantiated,0,,,,,0,0,title,,1560,0,never_instantiated,0,,,,,0,0,,,1560,0,never_instantiated,0,,,,,0,0,keyword,,7,0,never_instantiated,0,,,,,0,0,movie_keyword,,488,0,never_instantiated,0,,,,,0,0,company_name,,488,0,never_instantiated,0,,,,,0,0,movie_companies,,303,0,never_instantiated,0,,,,,0,0,,info_type,1,0,never_instantiated,0,,,,,0,0,,,166,0,never_instantiated,0,,,,,0,0,movie_info,,6,0,never_instantiated,0,,,,,0,0,movie_info_idx,info_type,1,0,never_instantiated,0,,,,,0,0,,,,,,,,,,,,,,,,,,,,,,,,,,,,,,,,,,,,
32a,4,0,1,0.04,title,,0,0,never_instantiated,0,,,,,0,0,title,,0,0,never_instantiated,0,,,,,0,0,link_type,,0,0,never_instantiated,0,,,,,0,0,movie_link,,0,0,never_instantiated,0,,,,,0,0,movie_keyword,keyword,0,0,never_instantiated,0,,,,,0,0,,,,,,,,,,,,,,,,,,,,,,,,,,,,,,,,,,,,,,,,,,,,,,,,,,,,,,,,,,,,,,,,,,,,,,,,,,,,,,,,,,,,,,,,,,,,,,,,,,,,,,,,,,,,,,,,,,,,,,,,,,,,,,,,,,,,
32b,4,0,1,0.08,title,,4388,0,never_instantiated,0,,,,,0,0,title,,4388,0,never_instantiated,0,,,,,0,0,link_type,,4388,0,never_instantiated,0,,,,,0,0,movie_link,,2233,0,never_instantiated,0,,,,,0,0,movie_keyword,keyword,1,0,never_instantiated,0,,,,,0,0,,,,,,,,,,,,,,,,,,,,,,,,,,,,,,,,,,,,,,,,,,,,,,,,,,,,,,,,,,,,,,,,,,,,,,,,,,,,,,,,,,,,,,,,,,,,,,,,,,,,,,,,,,,,,,,,,,,,,,,,,,,,,,,,,,,,
33a,4,0,1,0.09,company_name,,8,0,never_instantiated,0,,,,,0,0,movie_companies,,2,0,never_instantiated,0,,,,,0,0,company_name,,14,0,never_instantiated,0,,,,,0,0,movie_companies,,5,0,never_instantiated,0,,,,,0,0,kind_type,,5,0,never_instantiated,0,,,,,0,0,title,,5,0,never_instantiated,0,,,,,0,0,info_type,,5,0,never_instantiated,0,,,,,0,0,movie_info_idx,,6,0,never_instantiated,0,,,,,0,0,,kind_type,1,0,never_instantiated,0,,,,,0,0,title,,6,0,never_instantiated,0,,,,,0,0,,link_type,2,0,never_instantiated,0,,,,,0,0,,info_type,1,0,never_instantiated,0,,,,,0,0,movie_info_idx,movie_link,6,0,never_instantiated,0,,,,,0,0,,,,,,,,,,,,,,,,,,,,,,,,,,,,,,,,,,,,
33b,4,0,1,0.08,company_name,,4,0,never_instantiated,0,,,,,0,0,movie_companies,,1,0,never_instantiated,0,,,,,0,0,company_name,,1,0,never_instantiated,0,,,,,0,0,movie_companies,,1,0,never_instantiated,0,,,,,0,0,kind_type,,1,0,never_instantiated,0,,,,,0,0,title,,1,0,never_instantiated,0,,,,,0,0,info_type,,1,0,never_instantiated,0,,,,,0,0,movie_info_idx,,1,0,never_instantiated,0,,,,,0,0,link_type,,1,0,never_instantiated,0,,,,,0,0,kind_type,,1,0,never_instantiated,0,,,,,0,0,,info_type,1,0,never_instantiated,0,,,,,0,0,movie_info_idx,,1,0,never_instantiated,0,,,,,0,0,movie_link,title,1,0,never_instantiated,0,,,,,0,0,,,,,,,,,,,,,,,,,,,,,,,,,,,,,,,,,,,,
33c,4,0,1,0.10,company_name,,114,0,never_instantiated,0,,,,,0,0,movie_companies,,46,0,never_instantiated,0,,,,,0,0,company_name,,51,0,never_instantiated,0,,,,,0,0,movie_companies,,17,0,never_instantiated,0,,,,,0,0,kind_type,,17,0,never_instantiated,0,,,,,0,0,title,,17,0,never_instantiated,0,,,,,0,0,info_type,,17,0,never_instantiated,0,,,,,0,0,movie_info_idx,,19,0,never_instantiated,0,,,,,0,0,,kind_type,2,0,never_instantiated,0,,,,,0,0,title,,19,0,never_instantiated,0,,,,,0,0,,link_type,2,0,never_instantiated,0,,,,,0,0,,info_type,1,0,never_instantiated,0,,,,,0,0,movie_info_idx,movie_link,19,0,never_instantiated,0,,,,,0,0,,,,,,,,,,,,,,,,,,,,,,,,,,,,,,,,,,,,
