query,case,seed,run_idx,runtime_seconds,Join1-probe,Join1-build,Join1-build_rows,Join1-instantiated,Join1-state,Join1-total_probes,Join1-probes_at_freeze,Join1-freeze_reason,Join1-probes_at_abandon,Join1-abandon_reason,Join1-inserts,Join1-u1,Join2-probe,Join2-build,Join2-build_rows,Join2-instantiated,Join2-state,Join2-total_probes,Join2-probes_at_freeze,Join2-freeze_reason,Join2-probes_at_abandon,Join2-abandon_reason,Join2-inserts,Join2-u1,Join3-probe,Join3-build,Join3-build_rows,Join3-instantiated,Join3-state,Join3-total_probes,Join3-probes_at_freeze,Join3-freeze_reason,Join3-probes_at_abandon,Join3-abandon_reason,Join3-inserts,Join3-u1,Join4-probe,Join4-build,Join4-build_rows,Join4-instantiated,Join4-state,Join4-total_probes,Join4-probes_at_freeze,Join4-freeze_reason,Join4-probes_at_abandon,Join4-abandon_reason,Join4-inserts,Join4-u1,Join5-probe,Join5-build,Join5-build_rows,Join5-instantiated,Join5-state,Join5-total_probes,Join5-probes_at_freeze,Join5-freeze_reason,Join5-probes_at_abandon,Join5-abandon_reason,Join5-inserts,Join5-u1,Join6-probe,Join6-build,Join6-build_rows,Join6-instantiated,Join6-state,Join6-total_probes,Join6-probes_at_freeze,Join6-freeze_reason,Join6-probes_at_abandon,Join6-abandon_reason,Join6-inserts,Join6-u1,Join7-probe,Join7-build,Join7-build_rows,Join7-instantiated,Join7-state,Join7-total_probes,Join7-probes_at_freeze,Join7-freeze_reason,Join7-probes_at_abandon,Join7-abandon_reason,Join7-inserts,Join7-u1,Join8-probe,Join8-build,Join8-build_rows,Join8-instantiated,Join8-state,Join8-total_probes,Join8-probes_at_freeze,Join8-freeze_reason,Join8-probes_at_abandon,Join8-abandon_reason,Join8-inserts,Join8-u1,Join9-probe,Join9-build,Join9-build_rows,Join9-instantiated,Join9-state,Join9-total_probes,Join9-probes_at_freeze,Join9-freeze_reason,Join9-probes_at_abandon,Join9-abandon_reason,Join9-inserts,Join9-u1,Join10-probe,Join10-build,Join10-build_rows,Join10-instantiated,Join10-state,Join10-total_probes,Join10-probes_at_freeze,Join10-freeze_reason,Join10-probes_at_abandon,Join10-abandon_reason,Join10-inserts,Join10-u1,Join11-probe,Join11-build,Join11-build_rows,Join11-instantiated,Join11-state,Join11-total_probes,Join11-probes_at_freeze,Join11-freeze_reason,Join11-probes_at_abandon,Join11-abandon_reason,Join11-inserts,Join11-u1,Join12-probe,Join12-build,Join12-build_rows,Join12-instantiated,Join12-state,Join12-total_probes,Join12-probes_at_freeze,Join12-freeze_reason,Join12-probes_at_abandon,Join12-abandon_reason,Join12-inserts,Join12-u1,Join13-probe,Join13-build,Join13-build_rows,Join13-instantiated,Join13-state,Join13-total_probes,Join13-probes_at_freeze,Join13-freeze_reason,Join13-probes_at_abandon,Join13-abandon_reason,Join13-inserts,Join13-u1,Join14-probe,Join14-build,Join14-build_rows,Join14-instantiated,Join14-state,Join14-total_probes,Join14-probes_at_freeze,Join14-freeze_reason,Join14-probes_at_abandon,Join14-abandon_reason,Join14-inserts,Join14-u1,Join15-probe,Join15-build,Join15-build_rows,Join15-instantiated,Join15-state,Join15-total_probes,Join15-probes_at_freeze,Join15-freeze_reason,Join15-probes_at_abandon,Join15-abandon_reason,Join15-inserts,Join15-u1,Join16-probe,Join16-build,Join16-build_rows,Join16-instantiated,Join16-state,Join16-total_probes,Join16-probes_at_freeze,Join16-freeze_reason,Join16-probes_at_abandon,Join16-abandon_reason,Join16-inserts,Join16-u1
1a,1,16,1,0.19,title,,142,0,never_instantiated,0,,,,,0,0,,info_type,1,0,never_instantiated,0,,,,,0,0,,company_type,1,0,never_instantiated,0,,,,,0,0,movie_info_idx,movie_companies,28889,0,never_instantiated,0,,,,,0,0,,,,,,,,,,,,,,,,,,,,,,,,,,,,,,,,,,,,,,,,,,,,,,,,,,,,,,,,,,,,,,,,,,,,,,,,,,,,,,,,,,,,,,,,,,,,,,,,,,,,,,,,,,,,,,,,,,,,,,,,,,,,,,,,,,,,,,,,,,,,,,,,
1b,1,13,1,0.20,title,,5,0,never_instantiated,0,,,,,0,0,,company_type,1,0,never_instantiated,0,,,,,0,0,,info_type,1,0,never_instantiated,0,,,,,0,0,movie_info_idx,movie_companies,1337088,0,never_instantiated,0,,,,,0,0,,,,,,,,,,,,,,,,,,,,,,,,,,,,,,,,,,,,,,,,,,,,,,,,,,,,,,,,,,,,,,,,,,,,,,,,,,,,,,,,,,,,,,,,,,,,,,,,,,,,,,,,,,,,,,,,,,,,,,,,,,,,,,,,,,,,,,,,,,,,,,,,
1c,1,4,1,0.18,,company_type,1,0,never_instantiated,0,,,,,0,0,,info_type,1,0,never_instantiated,0,,,,,0,0,title,,36992,0,never_instantiated,0,,,,,0,0,movie_info_idx,movie_companies,17816,0,never_instantiated,0,,,,,0,0,,,,,,,,,,,,,,,,,,,,,,,,,,,,,,,,,,,,,,,,,,,,,,,,,,,,,,,,,,,,,,,,,,,,,,,,,,,,,,,,,,,,,,,,,,,,,,,,,,,,,,,,,,,,,,,,,,,,,,,,,,,,,,,,,,,,,,,,,,,,,,,,
1d,1,13,1,0.20,title,,5,0,never_instantiated,0,,,,,0,0,,company_type,1,0,never_instantiated,0,,,,,0,0,,info_type,1,0,never_instantiated,0,,,,,0,0,movie_info_idx,movie_companies,1337088,0,never_instantiated,0,,,,,0,0,,,,,,,,,,,,,,,,,,,,,,,,,,,,,,,,,,,,,,,,,,,,,,,,,,,,,,,,,,,,,,,,,,,,,,,,,,,,,,,,,,,,,,,,,,,,,,,,,,,,,,,,,,,,,,,,,,,,,,,,,,,,,,,,,,,,,,,,,,,,,,,,
2a,1,13,1,0.23,title,,7834,0,never_instantiated,0,,,,,0,0,company_name,,148552,0,never_instantiated,0,,,,,0,0,,keyword,1,0,never_instantiated,0,,,,,0,0,movie_keyword,movie_companies,2609129,0,never_instantiated,0,,,,,0,0,,,,,,,,,,,,,,,,,,,,,,,,,,,,,,,,,,,,,,,,,,,,,,,,,,,,,,,,,,,,,,,,,,,,,,,,,,,,,,,,,,,,,,,,,,,,,,,,,,,,,,,,,,,,,,,,,,,,,,,,,,,,,,,,,,,,,,,,,,,,,,,,
2b,1,13,1,0.23,title,,5228,0,never_instantiated,0,,,,,0,0,company_name,,148552,0,never_instantiated,0,,,,,0,0,,keyword,1,0,never_instantiated,0,,,,,0,0,movie_keyword,movie_companies,2609129,0,never_instantiated,0,,,,,0,0,,,,,,,,,,,,,,,,,,,,,,,,,,,,,,,,,,,,,,,,,,,,,,,,,,,,,,,,,,,,,,,,,,,,,,,,,,,,,,,,,,,,,,,,,,,,,,,,,,,,,,,,,,,,,,,,,,,,,,,,,,,,,,,,,,,,,,,,,,,,,,,,
2c,1,7,1,0.22,,keyword,1,0,never_instantiated,0,,,,,0,0,title,,2,0,never_instantiated,0,,,,,0,0,,company_name,1,0,never_instantiated,0,,,,,0,0,movie_keyword,movie_companies,2609129,0,never_instantiated,0,,,,,0,0,,,,,,,,,,,,,,,,,,,,,,,,,,,,,,,,,,,,,,,,,,,,,,,,,,,,,,,,,,,,,,,,,,,,,,,,,,,,,,,,,,,,,,,,,,,,,,,,,,,,,,,,,,,,,,,,,,,,,,,,,,,,,,,,,,,,,,,,,,,,,,,,
2d,1,2,1,0.24,company_name,,148552,0,never_instantiated,0,,,,,0,0,movie_companies,,41838,0,never_instantiated,0,,,,,0,0,,keyword,1,0,never_instantiated,0,,,,,0,0,movie_keyword,title,2525744,0,never_instantiated,0,,,,,0,0,,,,,,,,,,,,,,,,,,,,,,,,,,,,,,,,,,,,,,,,,,,,,,,,,,,,,,,,,,,,,,,,,,,,,,,,,,,,,,,,,,,,,,,,,,,,,,,,,,,,,,,,,,,,,,,,,,,,,,,,,,,,,,,,,,,,,,,,,,,,,,,,
3a,1,7,1,0.54,,keyword,30,0,never_instantiated,0,,,,,0,0,movie_keyword,,48168,0,never_instantiated,0,,,,,0,0,,title,1012683,0,never_instantiated,0,,,,,0,0,movie_info,,8,0,never_instantiated,0,,,,,0,0,,,,,,,,,,,,,,,,,,,,,,,,,,,,,,,,,,,,,,,,,,,,,,,,,,,,,,,,,,,,,,,,,,,,,,,,,,,,,,,,,,,,,,,,,,,,,,,,,,,,,,,,,,,,,,,,,,,,,,,,,,,,,,,,,,,,,,,,,,,,,,,,
3b,1,13,1,0.47,keyword,,920,0,never_instantiated,0,,,,,0,0,movie_keyword,,227,0,never_instantiated,0,,,,,0,0,title,movie_info,2287,0,never_instantiated,0,,,,,0,0,,,,,,,,,,,,,,,,,,,,,,,,,,,,,,,,,,,,,,,,,,,,,,,,,,,,,,,,,,,,,,,,,,,,,,,,,,,,,,,,,,,,,,,,,,,,,,,,,,,,,,,,,,,,,,,,,,,,,,,,,,,,,,,,,,,,,,,,,,,,,,,,,,,,,,,,,,,,
3c,1,12,1,0.54,,title,1748483,0,never_instantiated,0,,,,,0,0,,keyword,30,0,never_instantiated,0,,,,,0,0,movie_keyword,,706674,0,never_instantiated,0,,,,,0,0,movie_info,,10,0,never_instantiated,0,,,,,0,0,,,,,,,,,,,,,,,,,,,,,,,,,,,,,,,,,,,,,,,,,,,,,,,,,,,,,,,,,,,,,,,,,,,,,,,,,,,,,,,,,,,,,,,,,,,,,,,,,,,,,,,,,,,,,,,,,,,,,,,,,,,,,,,,,,,,,,,,,,,,,,,,
4a,1,15,1,0.24,,info_type,1,0,never_instantiated,0,,,,,0,0,movie_info_idx,,2235,0,never_instantiated,0,,,,,0,0,,title,1012657,0,never_instantiated,0,,,,,0,0,movie_keyword,keyword,30,0,never_instantiated,0,,,,,0,0,,,,,,,,,,,,,,,,,,,,,,,,,,,,,,,,,,,,,,,,,,,,,,,,,,,,,,,,,,,,,,,,,,,,,,,,,,,,,,,,,,,,,,,,,,,,,,,,,,,,,,,,,,,,,,,,,,,,,,,,,,,,,,,,,,,,,,,,,,,,,,,,
4b,1,13,1,0.19,title,,21,0,never_instantiated,0,,,,,0,0,,info_type,1,0,never_instantiated,0,,,,,0,0,,keyword,30,0,never_instantiated,0,,,,,0,0,movie_keyword,movie_info_idx,8322,0,never_instantiated,0,,,,,0,0,,,,,,,,,,,,,,,,,,,,,,,,,,,,,,,,,,,,,,,,,,,,,,,,,,,,,,,,,,,,,,,,,,,,,,,,,,,,,,,,,,,,,,,,,,,,,,,,,,,,,,,,,,,,,,,,,,,,,,,,,,,,,,,,,,,,,,,,,,,,,,,,
4c,1,13,1,0.24,,,,,,,,,,,,,,,,,,,,,,,,,,,,,,,,,,,,,,,,,,,,,,,,,,,,,,,,,,,,,,,,,,,,,,,,,,,,,,,,,,,,,,,,,,,,,,,,,,,,,,,,,,,,,,,,,,,,,,,,,,,,,,,,,,,,,,,,,,,,,,,,,,,,,,,,,,,,,,,,,,,,,,,,,,,,,,,,,,,,,,,,,,,,,,,,
5a,1,10,1,0.52,,info_type,110,0,never_instantiated,0,,,,,0,0,,company_type,1,0,never_instantiated,0,,,,,0,0,title,,2694,0,never_instantiated,0,,,,,0,0,,movie_companies,24025,0,never_instantiated,0,,,,,0,0,movie_info,,8,0,never_instantiated,0,,,,,0,0,,,,,,,,,,,,,,,,,,,,,,,,,,,,,,,,,,,,,,,,,,,,,,,,,,,,,,,,,,,,,,,,,,,,,,,,,,,,,,,,,,,,,,,,,,,,,,,,,,,,,,,,,,,,,,,,,,,,,,,,,,,,,,,,,,,,
5b,1,12,1,0.48,title,,0,0,never_instantiated,0,,,,,0,0,,company_type,1,0,never_instantiated,0,,,,,0,0,,movie_companies,1418,0,never_instantiated,0,,,,,0,0,movie_info,info_type,110,0,never_instantiated,0,,,,,0,0,,,,,,,,,,,,,,,,,,,,,,,,,,,,,,,,,,,,,,,,,,,,,,,,,,,,,,,,,,,,,,,,,,,,,,,,,,,,,,,,,,,,,,,,,,,,,,,,,,,,,,,,,,,,,,,,,,,,,,,,,,,,,,,,,,,,,,,,,,,,,,,,
5c,1,19,1,0.53,title,,691,0,never_instantiated,0,,,,,0,0,,info_type,110,0,never_instantiated,0,,,,,0,0,,company_type,1,0,never_instantiated,0,,,,,0,0,,movie_companies,295628,0,never_instantiated,0,,,,,0,0,movie_info,,10,0,never_instantiated,0,,,,,0,0,,,,,,,,,,,,,,,,,,,,,,,,,,,,,,,,,,,,,,,,,,,,,,,,,,,,,,,,,,,,,,,,,,,,,,,,,,,,,,,,,,,,,,,,,,,,,,,,,,,,,,,,,,,,,,,,,,,,,,,,,,,,,,,,,,,,
6a,1,17,1,0.23,,keyword,1,0,never_instantiated,0,,,,,0,0,movie_keyword,,61,0,never_instantiated,0,,,,,0,0,,name,2,0,never_instantiated,0,,,,,0,0,cast_info,title,391549,0,never_instantiated,0,,,,,0,0,,,,,,,,,,,,,,,,,,,,,,,,,,,,,,,,,,,,,,,,,,,,,,,,,,,,,,,,,,,,,,,,,,,,,,,,,,,,,,,,,,,,,,,,,,,,,,,,,,,,,,,,,,,,,,,,,,,,,,,,,,,,,,,,,,,,,,,,,,,,,,,,
6b,1,1,1,0.23,,title,438,0,never_instantiated,0,,,,,0,0,,,8,0,never_instantiated,0,,,,,0,0,,movie_keyword,4523930,0,never_instantiated,0,,,,,0,0,cast_info,name,2,0,never_instantiated,0,,,,,0,0,keyword,,8,0,never_instantiated,0,,,,,0,0,,,,,,,,,,,,,,,,,,,,,,,,,,,,,,,,,,,,,,,,,,,,,,,,,,,,,,,,,,,,,,,,,,,,,,,,,,,,,,,,,,,,,,,,,,,,,,,,,,,,,,,,,,,,,,,,,,,,,,,,,,,,,,,,,,,,
6c,1,6,1,0.22,title,,6,0,never_instantiated,0,,,,,0,0,,keyword,1,0,never_instantiated,0,,,,,0,0,,name,2,0,never_instantiated,0,,,,,0,0,cast_info,movie_keyword,4523930,0,never_instantiated,0,,,,,0,0,,,,,,,,,,,,,,,,,,,,,,,,,,,,,,,,,,,,,,,,,,,,,,,,,,,,,,,,,,,,,,,,,,,,,,,,,,,,,,,,,,,,,,,,,,,,,,,,,,,,,,,,,,,,,,,,,,,,,,,,,,,,,,,,,,,,,,,,,,,,,,,,
6d,1,14,1,0.24,,,8,0,never_instantiated,0,,,,,0,0,movie_keyword,,306,0,never_instantiated,0,,,,,0,0,,name,2,0,never_instantiated,0,,,,,0,0,cast_info,title,1381132,0,never_instantiated,0,,,,,0,0,keyword,,8,0,never_instantiated,0,,,,,0,0,,,,,,,,,,,,,,,,,,,,,,,,,,,,,,,,,,,,,,,,,,,,,,,,,,,,,,,,,,,,,,,,,,,,,,,,,,,,,,,,,,,,,,,,,,,,,,,,,,,,,,,,,,,,,,,,,,,,,,,,,,,,,,,,,,,,
6e,1,17,1,0.23,,keyword,1,0,never_instantiated,0,,,,,0,0,movie_keyword,,306,0,never_instantiated,0,,,,,0,0,,name,2,0,never_instantiated,0,,,,,0,0,cast_info,title,1381132,0,never_instantiated,0,,,,,0,0,,,,,,,,,,,,,,,,,,,,,,,,,,,,,,,,,,,,,,,,,,,,,,,,,,,,,,,,,,,,,,,,,,,,,,,,,,,,,,,,,,,,,,,,,,,,,,,,,,,,,,,,,,,,,,,,,,,,,,,,,,,,,,,,,,,,,,,,,,,,,,,,
6f,1,17,1,0.58,,,8,0,never_instantiated,0,,,,,0,0,,movie_keyword,4523930,0,never_instantiated,0,,,,,0,0,,name,4061926,0,never_instantiated,0,,,,,0,0,cast_info,title,1381132,0,never_instantiated,0,,,,,0,0,keyword,,8,0,never_instantiated,0,,,,,0,0,,,,,,,,,,,,,,,,,,,,,,,,,,,,,,,,,,,,,,,,,,,,,,,,,,,,,,,,,,,,,,,,,,,,,,,,,,,,,,,,,,,,,,,,,,,,,,,,,,,,,,,,,,,,,,,,,,,,,,,,,,,,,,,,,,,,
7a,1,4,1,0.37,info_type,,32,0,never_instantiated,0,,,,,0,0,person_info,,19250,0,never_instantiated,0,,,,,0,0,name,,96434,0,never_instantiated,0,,,,,0,0,aka_name,,105262,0,never_instantiated,0,,,,,0,0,,link_type,1,0,never_instantiated,0,,,,,0,0,title,,1845530,0,never_instantiated,0,,,,,0,0,cast_info,movie_link,29997,0,never_instantiated,0,,,,,0,0,,,,,,,,,,,,,,,,,,,,,,,,,,,,,,,,,,,,,,,,,,,,,,,,,,,,,,,,,,,,,,,,,,,,,,,,,,,,,,,,,,,,,,,,,,,,,,,,,,,,,,,,,,,,
7b,1,7,1,0.35,link_type,,46,0,never_instantiated,0,,,,,0,0,info_type,,46,0,never_instantiated,0,,,,,0,0,title,,176,0,never_instantiated,0,,,,,0,0,,person_info,62,0,never_instantiated,0,,,,,0,0,name,,1642879,0,never_instantiated,0,,,,,0,0,,aka_name,578324,0,never_instantiated,0,,,,,0,0,cast_info,movie_link,29997,0,never_instantiated,0,,,,,0,0,,,,,,,,,,,,,,,,,,,,,,,,,,,,,,,,,,,,,,,,,,,,,,,,,,,,,,,,,,,,,,,,,,,,,,,,,,,,,,,,,,,,,,,,,,,,,,,,,,,,,,,,,,,,
7c,1,19,1,0.81,name,,345472,0,never_instantiated,0,,,,,0,0,,info_type,1,0,never_instantiated,0,,,,,0,0,person_info,,979503,0,never_instantiated,0,,,,,0,0,title,,1391095,0,never_instantiated,0,,,,,0,0,aka_name,,1533243,0,never_instantiated,0,,,,,0,0,,link_type,4,0,never_instantiated,0,,,,,0,0,cast_info,movie_link,29997,0,never_instantiated,0,,,,,0,0,,,,,,,,,,,,,,,,,,,,,,,,,,,,,,,,,,,,,,,,,,,,,,,,,,,,,,,,,,,,,,,,,,,,,,,,,,,,,,,,,,,,,,,,,,,,,,,,,,,,,,,,,,,,
8a,1,0,1,0.36,title,,62,0,never_instantiated,0,,,,,0,0,role_type,,658,0,never_instantiated,0,,,,,0,0,name,,45554,0,never_instantiated,0,,,,,0,0,company_name,,46029,0,never_instantiated,0,,,,,0,0,movie_companies,,208704,0,never_instantiated,0,,,,,0,0,aka_name,cast_info,93095,0,never_instantiated,0,,,,,0,0,,,,,,,,,,,,,,,,,,,,,,,,,,,,,,,,,,,,,,,,,,,,,,,,,,,,,,,,,,,,,,,,,,,,,,,,,,,,,,,,,,,,,,,,,,,,,,,,,,,,,,,,,,,,,,,,,,,,,,,,
8b,1,0,1,0.35,title,,25,0,never_instantiated,0,,,,,0,0,role_type,,125,0,never_instantiated,0,,,,,0,0,name,,7590,0,never_instantiated,0,,,,,0,0,company_name,,7619,0,never_instantiated,0,,,,,0,0,movie_companies,,208704,0,never_instantiated,0,,,,,0,0,aka_name,cast_info,93095,0,never_instantiated,0,,,,,0,0,,,,,,,,,,,,,,,,,,,,,,,,,,,,,,,,,,,,,,,,,,,,,,,,,,,,,,,,,,,,,,,,,,,,,,,,,,,,,,,,,,,,,,,,,,,,,,,,,,,,,,,,,,,,,,,,,,,,,,,,
8c,1,10,1,0.44,,company_name,84843,0,never_instantiated,0,,,,,0,0,movie_companies,,2343647,0,never_instantiated,0,,,,,0,0,title,,2343647,0,never_instantiated,0,,,,,0,0,,role_type,1,0,never_instantiated,0,,,,,0,0,,name,4061923,0,never_instantiated,0,,,,,0,0,cast_info,aka_name,772581,0,never_instantiated,0,,,,,0,0,,,,,,,,,,,,,,,,,,,,,,,,,,,,,,,,,,,,,,,,,,,,,,,,,,,,,,,,,,,,,,,,,,,,,,,,,,,,,,,,,,,,,,,,,,,,,,,,,,,,,,,,,,,,,,,,,,,,,,,,
8d,1,4,1,0.38,,company_name,84843,0,never_instantiated,0,,,,,0,0,,aka_name,772581,0,never_instantiated,0,,,,,0,0,,role_type,1,0,never_instantiated,0,,,,,0,0,,movie_companies,2609129,0,never_instantiated,0,,,,,0,0,,name,4061923,0,never_instantiated,0,,,,,0,0,cast_info,title,2525744,0,never_instantiated,0,,,,,0,0,,,,,,,,,,,,,,,,,,,,,,,,,,,,,,,,,,,,,,,,,,,,,,,,,,,,,,,,,,,,,,,,,,,,,,,,,,,,,,,,,,,,,,,,,,,,,,,,,,,,,,,,,,,,,,,,,,,,,,,,
9a,1,10,1,0.39,name,,66713,0,never_instantiated,0,,,,,0,0,,company_name,84843,0,never_instantiated,0,,,,,0,0,movie_companies,,193183,0,never_instantiated,0,,,,,0,0,char_name,,193183,0,never_instantiated,0,,,,,0,0,aka_name,,118722,0,never_instantiated,0,,,,,0,0,title,,276165,0,never_instantiated,0,,,,,0,0,cast_info,role_type,1,0,never_instantiated,0,,,,,0,0,,,,,,,,,,,,,,,,,,,,,,,,,,,,,,,,,,,,,,,,,,,,,,,,,,,,,,,,,,,,,,,,,,,,,,,,,,,,,,,,,,,,,,,,,,,,,,,,,,,,,,,,,,,,
9b,1,17,1,0.46,company_name,,40,0,never_instantiated,0,,,,,0,0,name,,19894,0,never_instantiated,0,,,,,0,0,movie_companies,,73464,0,never_instantiated,0,,,,,0,0,aka_name,,46674,0,never_instantiated,0,,,,,0,0,char_name,,46674,0,never_instantiated,0,,,,,0,0,,role_type,1,0,never_instantiated,0,,,,,0,0,title,cast_info,713821,0,never_instantiated,0,,,,,0,0,,,,,,,,,,,,,,,,,,,,,,,,,,,,,,,,,,,,,,,,,,,,,,,,,,,,,,,,,,,,,,,,,,,,,,,,,,,,,,,,,,,,,,,,,,,,,,,,,,,,,,,,,,,,
9c,1,9,1,0.41,,company_name,84843,0,never_instantiated,0,,,,,0,0,,role_type,1,0,never_instantiated,0,,,,,0,0,char_name,,18345,0,never_instantiated,0,,,,,0,0,title,,19561,0,never_instantiated,0,,,,,0,0,,aka_name,772581,0,never_instantiated,0,,,,,0,0,,movie_companies,2609129,0,never_instantiated,0,,,,,0,0,cast_info,name,50011,0,never_instantiated,0,,,,,0,0,,,,,,,,,,,,,,,,,,,,,,,,,,,,,,,,,,,,,,,,,,,,,,,,,,,,,,,,,,,,,,,,,,,,,,,,,,,,,,,,,,,,,,,,,,,,,,,,,,,,,,,,,,,,
9d,1,13,1,0.49,,company_name,84843,0,never_instantiated,0,,,,,0,0,movie_companies,,482841,0,never_instantiated,0,,,,,0,0,name,,483319,0,never_instantiated,0,,,,,0,0,title,,483319,0,never_instantiated,0,,,,,0,0,,role_type,1,0,never_instantiated,0,,,,,0,0,,aka_name,772581,0,never_instantiated,0,,,,,0,0,cast_info,char_name,3140339,0,never_instantiated,0,,,,,0,0,,,,,,,,,,,,,,,,,,,,,,,,,,,,,,,,,,,,,,,,,,,,,,,,,,,,,,,,,,,,,,,,,,,,,,,,,,,,,,,,,,,,,,,,,,,,,,,,,,,,,,,,,,,,
10a,1,16,1,0.33,title,,265,0,never_instantiated,0,,,,,0,0,,company_type,2,0,never_instantiated,0,,,,,0,0,,company_name,1361,0,never_instantiated,0,,,,,0,0,,role_type,1,0,never_instantiated,0,,,,,0,0,,movie_companies,2609129,0,never_instantiated,0,,,,,0,0,cast_info,char_name,3140339,0,never_instantiated,0,,,,,0,0,,,,,,,,,,,,,,,,,,,,,,,,,,,,,,,,,,,,,,,,,,,,,,,,,,,,,,,,,,,,,,,,,,,,,,,,,,,,,,,,,,,,,,,,,,,,,,,,,,,,,,,,,,,,,,,,,,,,,,,,
10b,1,0,1,0.30,title,,0,0,never_instantiated,0,,,,,0,0,,role_type,1,0,never_instantiated,0,,,,,0,0,,company_type,2,0,never_instantiated,0,,,,,0,0,,company_name,1361,0,never_instantiated,0,,,,,0,0,,movie_companies,2609129,0,never_instantiated,0,,,,,0,0,cast_info,char_name,3140339,0,never_instantiated,0,,,,,0,0,,,,,,,,,,,,,,,,,,,,,,,,,,,,,,,,,,,,,,,,,,,,,,,,,,,,,,,,,,,,,,,,,,,,,,,,,,,,,,,,,,,,,,,,,,,,,,,,,,,,,,,,,,,,,,,,,,,,,,,,
10c,1,11,1,0.38,char_name,,10,0,never_instantiated,0,,,,,0,0,,company_type,2,0,never_instantiated,0,,,,,0,0,,company_name,84843,0,never_instantiated,0,,,,,0,0,movie_companies,,1071290,0,never_instantiated,0,,,,,0,0,,role_type,11,0,never_instantiated,0,,,,,0,0,cast_info,title,1748440,0,never_instantiated,0,,,,,0,0,,,,,,,,,,,,,,,,,,,,,,,,,,,,,,,,,,,,,,,,,,,,,,,,,,,,,,,,,,,,,,,,,,,,,,,,,,,,,,,,,,,,,,,,,,,,,,,,,,,,,,,,,,,,,,,,,,,,,,,,
11a,1,12,1,0.20,link_type,,330,0,never_instantiated,0,,,,,0,0,movie_link,,24,0,never_instantiated,0,,,,,0,0,company_type,,26,0,never_instantiated,0,,,,,0,0,company_name,,97,0,never_instantiated,0,,,,,0,0,movie_companies,,39,0,never_instantiated,0,,,,,0,0,title,,46,0,never_instantiated,0,,,,,0,0,movie_keyword,keyword,1,0,never_instantiated,0,,,,,0,0,,,,,,,,,,,,,,,,,,,,,,,,,,,,,,,,,,,,,,,,,,,,,,,,,,,,,,,,,,,,,,,,,,,,,,,,,,,,,,,,,,,,,,,,,,,,,,,,,,,,,,,,,,,,
11b,1,10,1,0.20,,keyword,1,0,never_instantiated,0,,,,,0,0,,company_type,1,0,never_instantiated,0,,,,,0,0,company_name,,84,0,never_instantiated,0,,,,,0,0,title,,19945,0,never_instantiated,0,,,,,0,0,movie_companies,,7164,0,never_instantiated,0,,,,,0,0,,link_type,1,0,never_instantiated,0,,,,,0,0,movie_keyword,movie_link,29997,0,never_instantiated,0,,,,,0,0,,,,,,,,,,,,,,,,,,,,,,,,,,,,,,,,,,,,,,,,,,,,,,,,,,,,,,,,,,,,,,,,,,,,,,,,,,,,,,,,,,,,,,,,,,,,,,,,,,,,,,,,,,,,
11c,1,14,1,0.24,,company_type,1,0,never_instantiated,0,,,,,0,0,company_name,,15510,0,never_instantiated,0,,,,,0,0,movie_companies,,1460,0,never_instantiated,0,,,,,0,0,,keyword,3,0,never_instantiated,0,,,,,0,0,title,,288192,0,never_instantiated,0,,,,,0,0,,link_type,17,0,never_instantiated,0,,,,,0,0,movie_keyword,movie_link,29997,0,never_instantiated,0,,,,,0,0,,,,,,,,,,,,,,,,,,,,,,,,,,,,,,,,,,,,,,,,,,,,,,,,,,,,,,,,,,,,,,,,,,,,,,,,,,,,,,,,,,,,,,,,,,,,,,,,,,,,,,,,,,,,
11d,1,14,1,0.24,,company_type,1,0,never_instantiated,0,,,,,0,0,company_name,,15510,0,never_instantiated,0,,,,,0,0,movie_companies,,1460,0,never_instantiated,0,,,,,0,0,,keyword,3,0,never_instantiated,0,,,,,0,0,title,,288192,0,never_instantiated,0,,,,,0,0,,link_type,17,0,never_instantiated,0,,,,,0,0,movie_keyword,movie_link,29997,0,never_instantiated,0,,,,,0,0,,,,,,,,,,,,,,,,,,,,,,,,,,,,,,,,,,,,,,,,,,,,,,,,,,,,,,,,,,,,,,,,,,,,,,,,,,,,,,,,,,,,,,,,,,,,,,,,,,,,,,,,,,,,
12a,1,17,1,0.27,,info_type,1,0,never_instantiated,0,,,,,0,0,movie_info_idx,,16143,0,never_instantiated,0,,,,,0,0,,info_type,1,0,never_instantiated,0,,,,,0,0,,company_name,84843,0,never_instantiated,0,,,,,0,0,,company_type,1,0,never_instantiated,0,,,,,0,0,,title,445782,0,never_instantiated,0,,,,,0,0,movie_info,movie_companies,2609129,0,never_instantiated,0,,,,,0,0,,,,,,,,,,,,,,,,,,,,,,,,,,,,,,,,,,,,,,,,,,,,,,,,,,,,,,,,,,,,,,,,,,,,,,,,,,,,,,,,,,,,,,,,,,,,,,,,,,,,,,,,,,,,
12b,1,15,1,0.26,,company_type,2,0,never_instantiated,0,,,,,0,0,,info_type,1,0,never_instantiated,0,,,,,0,0,movie_info_idx,,670,0,never_instantiated,0,,,,,0,0,,info_type,1,0,never_instantiated,0,,,,,0,0,,company_name,84843,0,never_instantiated,0,,,,,0,0,,movie_companies,2609129,0,never_instantiated,0,,,,,0,0,movie_info,title,2534,0,never_instantiated,0,,,,,0,0,,,,,,,,,,,,,,,,,,,,,,,,,,,,,,,,,,,,,,,,,,,,,,,,,,,,,,,,,,,,,,,,,,,,,,,,,,,,,,,,,,,,,,,,,,,,,,,,,,,,,,,,,,,,
12c,1,17,1,0.30,,info_type,1,0,never_instantiated,0,,,,,0,0,movie_info_idx,,43557,0,never_instantiated,0,,,,,0,0,,info_type,1,0,never_instantiated,0,,,,,0,0,,company_name,84843,0,never_instantiated,0,,,,,0,0,,company_type,1,0,never_instantiated,0,,,,,0,0,,title,1042574,0,never_instantiated,0,,,,,0,0,movie_info,movie_companies,2609129,0,never_instantiated,0,,,,,0,0,,,,,,,,,,,,,,,,,,,,,,,,,,,,,,,,,,,,,,,,,,,,,,,,,,,,,,,,,,,,,,,,,,,,,,,,,,,,,,,,,,,,,,,,,,,,,,,,,,,,,,,,,,,,
13a,1,12,1,0.61,company_name,,1919495,0,never_instantiated,0,,,,,0,0,,info_type,1,0,never_instantiated,0,,,,,0,0,movie_info_idx,,2250196,0,never_instantiated,0,,,,,0,0,,company_type,1,0,never_instantiated,0,,,,,0,0,,kind_type,1,0,never_instantiated,0,,,,,0,0,movie_companies,,3036480,0,never_instantiated,0,,,,,0,0,title,,3036480,0,never_instantiated,0,,,,,0,0,movie_info,info_type,1,0,never_instantiated,0,,,,,0,0,,,,,,,,,,,,,,,,,,,,,,,,,,,,,,,,,,,,,,,,,,,,,,,,,,,,,,,,,,,,,,,,,,,,,,,,,,,,,,,,,,,,,,,,,,,,,,,,
13b,1,14,1,0.31,company_type,,978,0,never_instantiated,0,,,,,0,0,,info_type,1,0,never_instantiated,0,,,,,0,0,,company_name,84843,0,never_instantiated,0,,,,,0,0,,kind_type,1,0,never_instantiated,0,,,,,0,0,movie_companies,,1749,0,never_instantiated,0,,,,,0,0,title,,3367444,0,never_instantiated,0,,,,,0,0,,info_type,1,0,never_instantiated,0,,,,,0,0,movie_info,movie_info_idx,1380011,0,never_instantiated,0,,,,,0,0,,,,,,,,,,,,,,,,,,,,,,,,,,,,,,,,,,,,,,,,,,,,,,,,,,,,,,,,,,,,,,,,,,,,,,,,,,,,,,,,,,,,,,,,,,,,,,,,
13c,1,14,1,0.30,company_type,,213,0,never_instantiated,0,,,,,0,0,,info_type,1,0,never_instantiated,0,,,,,0,0,,company_name,84843,0,never_instantiated,0,,,,,0,0,,kind_type,1,0,never_instantiated,0,,,,,0,0,movie_companies,,387,0,never_instantiated,0,,,,,0,0,title,,3367444,0,never_instantiated,0,,,,,0,0,,info_type,1,0,never_instantiated,0,,,,,0,0,movie_info,movie_info_idx,1380011,0,never_instantiated,0,,,,,0,0,,,,,,,,,,,,,,,,,,,,,,,,,,,,,,,,,,,,,,,,,,,,,,,,,,,,,,,,,,,,,,,,,,,,,,,,,,,,,,,,,,,,,,,,,,,,,,,,
13d,1,11,1,0.58,,info_type,1,0,never_instantiated,0,,,,,0,0,,kind_type,1,0,never_instantiated,0,,,,,0,0,,company_name,84843,0,never_instantiated,0,,,,,0,0,,company_type,1,0,never_instantiated,0,,,,,0,0,,info_type,1,0,never_instantiated,0,,,,,0,0,,movie_companies,2609129,0,never_instantiated,0,,,,,0,0,,movie_info_idx,1380011,0,never_instantiated,0,,,,,0,0,movie_info,title,2525744,0,never_instantiated,0,,,,,0,0,,,,,,,,,,,,,,,,,,,,,,,,,,,,,,,,,,,,,,,,,,,,,,,,,,,,,,,,,,,,,,,,,,,,,,,,,,,,,,,,,,,,,,,,,,,,,,,,
14a,1,13,1,0.56,,info_type,1,0,never_instantiated,0,,,,,0,0,,info_type,1,0,never_instantiated,0,,,,,0,0,,keyword,3,0,never_instantiated,0,,,,,0,0,movie_keyword,,29767,0,never_instantiated,0,,,,,0,0,,kind_type,1,0,never_instantiated,0,,,,,0,0,title,,748009,0,never_instantiated,0,,,,,0,0,,movie_info_idx,1337634,0,never_instantiated,0,,,,,0,0,movie_info,,10,0,never_instantiated,0,,,,,0,0,,,,,,,,,,,,,,,,,,,,,,,,,,,,,,,,,,,,,,,,,,,,,,,,,,,,,,,,,,,,,,,,,,,,,,,,,,,,,,,,,,,,,,,,,,,,,,,,
14b,1,15,1,0.52,keyword,,4,0,never_instantiated,0,,,,,0,0,,info_type,1,0,never_instantiated,0,,,,,0,0,movie_keyword,,2,0,never_instantiated,0,,,,,0,0,,info_type,1,0,never_instantiated,0,,,,,0,0,movie_info_idx,,68,0,never_instantiated,0,,,,,0,0,,kind_type,1,0,never_instantiated,0,,,,,0,0,,title,455,0,never_instantiated,0,,,,,0,0,movie_info,,10,0,never_instantiated,0,,,,,0,0,,,,,,,,,,,,,,,,,,,,,,,,,,,,,,,,,,,,,,,,,,,,,,,,,,,,,,,,,,,,,,,,,,,,,,,,,,,,,,,,,,,,,,,,,,,,,,,,
14c,1,13,1,0.58,,info_type,1,0,never_instantiated,0,,,,,0,0,,kind_type,2,0,never_instantiated,0,,,,,0,0,,keyword,3,0,never_instantiated,0,,,,,0,0,movie_keyword,,74007,0,never_instantiated,0,,,,,0,0,,info_type,1,0,never_instantiated,0,,,,,0,0,title,,757255,0,never_instantiated,0,,,,,0,0,,movie_info_idx,1337634,0,never_instantiated,0,,,,,0,0,movie_info,,10,0,never_instantiated,0,,,,,0,0,,,,,,,,,,,,,,,,,,,,,,,,,,,,,,,,,,,,,,,,,,,,,,,,,,,,,,,,,,,,,,,,,,,,,,,,,,,,,,,,,,,,,,,,,,,,,,,,
15a,1,5,1,0.53,company_name,,354,0,never_instantiated,0,,,,,0,0,keyword,,354,0,never_instantiated,0,,,,,0,0,movie_keyword,,59,0,never_instantiated,0,,,,,0,0,,company_type,2,0,never_instantiated,0,,,,,0,0,,info_type,1,0,never_instantiated,0,,,,,0,0,title,,76,0,never_instantiated,0,,,,,0,0,movie_companies,,116,0,never_instantiated,0,,,,,0,0,movie_info,aka_title,361379,0,never_instantiated,0,,,,,0,0,,,,,,,,,,,,,,,,,,,,,,,,,,,,,,,,,,,,,,,,,,,,,,,,,,,,,,,,,,,,,,,,,,,,,,,,,,,,,,,,,,,,,,,,,,,,,,,,
15b,1,12,1,0.52,info_type,,37,0,never_instantiated,0,,,,,0,0,title,,37,0,never_instantiated,0,,,,,0,0,keyword,,37,0,never_instantiated,0,,,,,0,0,aka_title,,151,0,never_instantiated,0,,,,,0,0,movie_keyword,,75,0,never_instantiated,0,,,,,0,0,,company_name,1,0,never_instantiated,0,,,,,0,0,,company_type,2,0,never_instantiated,0,,,,,0,0,movie_info,movie_companies,61664,0,never_instantiated,0,,,,,0,0,,,,,,,,,,,,,,,,,,,,,,,,,,,,,,,,,,,,,,,,,,,,,,,,,,,,,,,,,,,,,,,,,,,,,,,,,,,,,,,,,,,,,,,,,,,,,,,,
15c,1,8,1,0.53,,company_name,84843,0,never_instantiated,0,,,,,0,0,,company_type,2,0,never_instantiated,0,,,,,0,0,movie_companies,,1150,0,never_instantiated,0,,,,,0,0,keyword,,1150,0,never_instantiated,0,,,,,0,0,title,,1150,0,never_instantiated,0,,,,,0,0,,info_type,1,0,never_instantiated,0,,,,,0,0,,aka_title,361379,0,never_instantiated,0,,,,,0,0,movie_keyword,movie_info,1783,0,never_instantiated,0,,,,,0,0,,,,,,,,,,,,,,,,,,,,,,,,,,,,,,,,,,,,,,,,,,,,,,,,,,,,,,,,,,,,,,,,,,,,,,,,,,,,,,,,,,,,,,,,,,,,,,,,
15d,1,13,1,0.28,,company_name,84843,0,never_instantiated,0,,,,,0,0,keyword,,39767,0,never_instantiated,0,,,,,0,0,,company_type,2,0,never_instantiated,0,,,,,0,0,title,,40059,0,never_instantiated,0,,,,,0,0,,info_type,1,0,never_instantiated,0,,,,,0,0,movie_companies,,12582,0,never_instantiated,0,,,,,0,0,,aka_title,361379,0,never_instantiated,0,,,,,0,0,movie_keyword,movie_info,10810,0,never_instantiated,0,,,,,0,0,,,,,,,,,,,,,,,,,,,,,,,,,,,,,,,,,,,,,,,,,,,,,,,,,,,,,,,,,,,,,,,,,,,,,,,,,,,,,,,,,,,,,,,,,,,,,,,,
16a,1,8,1,0.48,,keyword,1,0,never_instantiated,0,,,,,0,0,movie_keyword,,130933,0,never_instantiated,0,,,,,0,0,,company_name,84843,0,never_instantiated,0,,,,,0,0,,title,68185,0,never_instantiated,0,,,,,0,0,,aka_name,772581,0,never_instantiated,0,,,,,0,0,,movie_companies,2609129,0,never_instantiated,0,,,,,0,0,cast_info,name,4061923,0,never_instantiated,0,,,,,0,0,,,,,,,,,,,,,,,,,,,,,,,,,,,,,,,,,,,,,,,,,,,,,,,,,,,,,,,,,,,,,,,,,,,,,,,,,,,,,,,,,,,,,,,,,,,,,,,,,,,,,,,,,,,,
16b,1,18,1,4.51,,keyword,1,0,never_instantiated,0,,,,,0,0,,company_name,84843,0,never_instantiated,0,,,,,0,0,,movie_keyword,4523913,0,never_instantiated,0,,,,,0,0,,movie_companies,2609129,0,never_instantiated,0,,,,,0,0,,aka_name,772581,0,never_instantiated,0,,,,,0,0,,title,2525744,0,never_instantiated,0,,,,,0,0,cast_info,name,4061923,0,never_instantiated,0,,,,,0,0,,,,,,,,,,,,,,,,,,,,,,,,,,,,,,,,,,,,,,,,,,,,,,,,,,,,,,,,,,,,,,,,,,,,,,,,,,,,,,,,,,,,,,,,,,,,,,,,,,,,,,,,,,,,
16c,1,4,1,1.31,,keyword,1,0,never_instantiated,0,,,,,0,0,aka_name,,41086308,0,never_instantiated,0,,,,,0,0,,company_name,84843,0,never_instantiated,0,,,,,0,0,,movie_companies,2609129,0,never_instantiated,0,,,,,0,0,,name,4061923,0,never_instantiated,0,,,,,0,0,,movie_keyword,4523913,0,never_instantiated,0,,,,,0,0,cast_info,title,946011,0,never_instantiated,0,,,,,0,0,,,,,,,,,,,,,,,,,,,,,,,,,,,,,,,,,,,,,,,,,,,,,,,,,,,,,,,,,,,,,,,,,,,,,,,,,,,,,,,,,,,,,,,,,,,,,,,,,,,,,,,,,,,,
16d,1,0,1,1.15,title,,3710592,0,never_instantiated,0,,,,,0,0,name,,3710592,0,never_instantiated,0,,,,,0,0,,keyword,1,0,never_instantiated,0,,,,,0,0,movie_keyword,,41307596,0,never_instantiated,0,,,,,0,0,,company_name,84843,0,never_instantiated,0,,,,,0,0,,movie_companies,2609129,0,never_instantiated,0,,,,,0,0,cast_info,aka_name,772581,0,never_instantiated,0,,,,,0,0,,,,,,,,,,,,,,,,,,,,,,,,,,,,,,,,,,,,,,,,,,,,,,,,,,,,,,,,,,,,,,,,,,,,,,,,,,,,,,,,,,,,,,,,,,,,,,,,,,,,,,,,,,,,
17a,1,10,1,2.07,,keyword,1,0,never_instantiated,0,,,,,0,0,,company_name,84843,0,never_instantiated,0,,,,,0,0,,movie_keyword,4523913,0,never_instantiated,0,,,,,0,0,,movie_companies,2609129,0,never_instantiated,0,,,,,0,0,,title,2525744,0,never_instantiated,0,,,,,0,0,cast_info,name,334764,0,never_instantiated,0,,,,,0,0,,,,,,,,,,,,,,,,,,,,,,,,,,,,,,,,,,,,,,,,,,,,,,,,,,,,,,,,,,,,,,,,,,,,,,,,,,,,,,,,,,,,,,,,,,,,,,,,,,,,,,,,,,,,,,,,,,,,,,,,
17b,1,13,1,0.86,company_name,,52306,0,never_instantiated,0,,,,,0,0,movie_companies,,6642,0,never_instantiated,0,,,,,0,0,name,,1038380,0,never_instantiated,0,,,,,0,0,,keyword,1,0,never_instantiated,0,,,,,0,0,,title,2525744,0,never_instantiated,0,,,,,0,0,cast_info,movie_keyword,4523913,0,never_instantiated,0,,,,,0,0,,,,,,,,,,,,,,,,,,,,,,,,,,,,,,,,,,,,,,,,,,,,,,,,,,,,,,,,,,,,,,,,,,,,,,,,,,,,,,,,,,,,,,,,,,,,,,,,,,,,,,,,,,,,,,,,,,,,,,,,
17c,1,1,1,0.70,company_name,,1918,0,never_instantiated,0,,,,,0,0,title,,1918,0,never_instantiated,0,,,,,0,0,name,,7796926,0,never_instantiated,0,,,,,0,0,movie_companies,,1038380,0,never_instantiated,0,,,,,0,0,,keyword,1,0,never_instantiated,0,,,,,0,0,cast_info,movie_keyword,4523913,0,never_instantiated,0,,,,,0,0,,,,,,,,,,,,,,,,,,,,,,,,,,,,,,,,,,,,,,,,,,,,,,,,,,,,,,,,,,,,,,,,,,,,,,,,,,,,,,,,,,,,,,,,,,,,,,,,,,,,,,,,,,,,,,,,,,,,,,,,
17d,1,1,1,0.72,company_name,,11538,0,never_instantiated,0,,,,,0,0,title,,11538,0,never_instantiated,0,,,,,0,0,name,,7796926,0,never_instantiated,0,,,,,0,0,movie_companies,,1038380,0,never_instantiated,0,,,,,0,0,,keyword,1,0,never_instantiated,0,,,,,0,0,cast_info,movie_keyword,4523913,0,never_instantiated,0,,,,,0,0,,,,,,,,,,,,,,,,,,,,,,,,,,,,,,,,,,,,,,,,,,,,,,,,,,,,,,,,,,,,,,,,,,,,,,,,,,,,,,,,,,,,,,,,,,,,,,,,,,,,,,,,,,,,,,,,,,,,,,,,
17e,1,11,1,3.00,,company_name,84843,0,never_instantiated,0,,,,,0,0,,keyword,1,0,never_instantiated,0,,,,,0,0,,movie_companies,2609129,0,never_instantiated,0,,,,,0,0,,movie_keyword,4523913,0,never_instantiated,0,,,,,0,0,,name,4061926,0,never_instantiated,0,,,,,0,0,cast_info,title,2525744,0,never_instantiated,0,,,,,0,0,,,,,,,,,,,,,,,,,,,,,,,,,,,,,,,,,,,,,,,,,,,,,,,,,,,,,,,,,,,,,,,,,,,,,,,,,,,,,,,,,,,,,,,,,,,,,,,,,,,,,,,,,,,,,,,,,,,,,,,,
17f,1,6,1,2.31,,keyword,1,0,never_instantiated,0,,,,,0,0,,company_name,234997,0,never_instantiated,0,,,,,0,0,,movie_companies,2609129,0,never_instantiated,0,,,,,0,0,,title,2525744,0,never_instantiated,0,,,,,0,0,,movie_keyword,4523913,0,never_instantiated,0,,,,,0,0,cast_info,name,522511,0,never_instantiated,0,,,,,0,0,,,,,,,,,,,,,,,,,,,,,,,,,,,,,,,,,,,,,,,,,,,,,,,,,,,,,,,,,,,,,,,,,,,,,,,,,,,,,,,,,,,,,,,,,,,,,,,,,,,,,,,,,,,,,,,,,,,,,,,,
18a,1,11,1,0.41,,info_type,1,0,never_instantiated,0,,,,,0,0,,info_type,1,0,never_instantiated,0,,,,,0,0,movie_info,,10310,0,never_instantiated,0,,,,,0,0,,movie_info_idx,1380035,0,never_instantiated,0,,,,,0,0,,name,9062,0,never_instantiated,0,,,,,0,0,cast_info,title,2525792,0,never_instantiated,0,,,,,0,0,,,,,,,,,,,,,,,,,,,,,,,,,,,,,,,,,,,,,,,,,,,,,,,,,,,,,,,,,,,,,,,,,,,,,,,,,,,,,,,,,,,,,,,,,,,,,,,,,,,,,,,,,,,,,,,,,,,,,,,,
18b,1,12,1,0.51,title,,16,0,never_instantiated,0,,,,,0,0,,info_type,1,0,never_instantiated,0,,,,,0,0,,info_type,1,0,never_instantiated,0,,,,,0,0,,movie_info_idx,52629,0,never_instantiated,0,,,,,0,0,,name,961555,0,never_instantiated,0,,,,,0,0,,movie_info,73047,0,never_instantiated,0,,,,,0,0,cast_info,,5,0,never_instantiated,0,,,,,0,0,,,,,,,,,,,,,,,,,,,,,,,,,,,,,,,,,,,,,,,,,,,,,,,,,,,,,,,,,,,,,,,,,,,,,,,,,,,,,,,,,,,,,,,,,,,,,,,,,,,,,,,,,,,,
18c,1,5,1,0.68,,info_type,1,0,never_instantiated,0,,,,,0,0,title,,29399,0,never_instantiated,0,,,,,0,0,,info_type,1,0,never_instantiated,0,,,,,0,0,,name,1739579,0,never_instantiated,0,,,,,0,0,,,188967,0,never_instantiated,0,,,,,0,0,,movie_info_idx,1380035,0,never_instantiated,0,,,,,0,0,cast_info,,5,0,never_instantiated,0,,,,,0,0,movie_info,,6,0,never_instantiated,0,,,,,0,0,,,,,,,,,,,,,,,,,,,,,,,,,,,,,,,,,,,,,,,,,,,,,,,,,,,,,,,,,,,,,,,,,,,,,,,,,,,,,,,,,,,,,,,,,,,,,,,,
19a,1,11,1,0.62,,info_type,1,0,never_instantiated,0,,,,,0,0,,company_name,84843,0,never_instantiated,0,,,,,0,0,movie_companies,,89,0,never_instantiated,0,,,,,0,0,movie_info,,102,0,never_instantiated,0,,,,,0,0,aka_name,,119,0,never_instantiated,0,,,,,0,0,char_name,,119,0,never_instantiated,0,,,,,0,0,,role_type,1,0,never_instantiated,0,,,,,0,0,,title,574450,0,never_instantiated,0,,,,,0,0,cast_info,name,6768,0,never_instantiated,0,,,,,0,0,,,,,,,,,,,,,,,,,,,,,,,,,,,,,,,,,,,,,,,,,,,,,,,,,,,,,,,,,,,,,,,,,,,,,,,,,,,,,,,,,,,,
19b,1,10,1,0.69,info_type,,15,0,never_instantiated,0,,,,,0,0,char_name,,15,0,never_instantiated,0,,,,,0,0,company_name,,15,0,never_instantiated,0,,,,,0,0,movie_companies,,5,0,never_instantiated,0,,,,,0,0,aka_name,,1,0,never_instantiated,0,,,,,0,0,title,,27,0,never_instantiated,0,,,,,0,0,name,,14051,0,never_instantiated,0,,,,,0,0,,role_type,1,0,never_instantiated,0,,,,,0,0,movie_info,cast_info,713821,0,never_instantiated,0,,,,,0,0,,,,,,,,,,,,,,,,,,,,,,,,,,,,,,,,,,,,,,,,,,,,,,,,,,,,,,,,,,,,,,,,,,,,,,,,,,,,,,,,,,,,
19c,1,6,1,0.61,,info_type,1,0,never_instantiated,0,,,,,0,0,,company_name,84843,0,never_instantiated,0,,,,,0,0,,role_type,1,0,never_instantiated,0,,,,,0,0,,aka_name,772581,0,never_instantiated,0,,,,,0,0,movie_info,,7611,0,never_instantiated,0,,,,,0,0,movie_companies,,3348,0,never_instantiated,0,,,,,0,0,name,,469670,0,never_instantiated,0,,,,,0,0,char_name,,469670,0,never_instantiated,0,,,,,0,0,cast_info,title,1381089,0,never_instantiated,0,,,,,0,0,,,,,,,,,,,,,,,,,,,,,,,,,,,,,,,,,,,,,,,,,,,,,,,,,,,,,,,,,,,,,,,,,,,,,,,,,,,,,,,,,,,,
19d,1,5,1,0.76,,company_name,84843,0,never_instantiated,0,,,,,0,0,char_name,,6023690,0,never_instantiated,0,,,,,0,0,movie_companies,,741427,0,never_instantiated,0,,,,,0,0,aka_name,,371540,0,never_instantiated,0,,,,,0,0,name,,371849,0,never_instantiated,0,,,,,0,0,title,,547114,0,never_instantiated,0,,,,,0,0,,info_type,1,0,never_instantiated,0,,,,,0,0,movie_info,,276165,0,never_instantiated,0,,,,,0,0,cast_info,role_type,1,0,never_instantiated,0,,,,,0,0,,,,,,,,,,,,,,,,,,,,,,,,,,,,,,,,,,,,,,,,,,,,,,,,,,,,,,,,,,,,,,,,,,,,,,,,,,,,,,,,,,,,
20a,1,6,1,0.58,,kind_type,1,0,never_instantiated,0,,,,,0,0,char_name,,285583,0,never_instantiated,0,,,,,0,0,title,,655591,0,never_instantiated,0,,,,,0,0,,,8,0,never_instantiated,0,,,,,0,0,movie_keyword,,3409569,0,never_instantiated,0,,,,,0,0,,comp_cast_type,2,0,never_instantiated,0,,,,,0,0,name,,3409569,0,never_instantiated,0,,,,,0,0,,comp_cast_type,1,0,never_instantiated,0,,,,,0,0,cast_info,complete_cast,132439,0,never_instantiated,0,,,,,0,0,keyword,,8,0,never_instantiated,0,,,,,0,0,,,,,,,,,,,,,,,,,,,,,,,,,,,,,,,,,,,,,,,,,,,,,,,,,,,,,,,,,,,,,,,,,,,,,,,,
20b,1,10,1,0.34,name,,33,0,never_instantiated,0,,,,,0,0,,,1280,0,never_instantiated,0,,,,,0,0,keyword,,8,0,never_instantiated,0,,,,,0,0,,kind_type,1,0,never_instantiated,0,,,,,0,0,,comp_cast_type,2,0,never_instantiated,0,,,,,0,0,,comp_cast_type,1,0,never_instantiated,0,,,,,0,0,title,,1366,0,never_instantiated,0,,,,,0,0,,complete_cast,132439,0,never_instantiated,0,,,,,0,0,,movie_keyword,4523792,0,never_instantiated,0,,,,,0,0,cast_info,char_name,30,0,never_instantiated,0,,,,,0,0,,,,,,,,,,,,,,,,,,,,,,,,,,,,,,,,,,,,,,,,,,,,,,,,,,,,,,,,,,,,,,,,,,,,,,,,
20c,1,6,1,0.67,,kind_type,1,0,never_instantiated,0,,,,,0,0,char_name,,82502,0,never_instantiated,0,,,,,0,0,title,,505830,0,never_instantiated,0,,,,,0,0,,,10,0,never_instantiated,0,,,,,0,0,movie_keyword,,3409569,0,never_instantiated,0,,,,,0,0,,comp_cast_type,2,0,never_instantiated,0,,,,,0,0,name,,3409569,0,never_instantiated,0,,,,,0,0,,comp_cast_type,1,0,never_instantiated,0,,,,,0,0,cast_info,complete_cast,132439,0,never_instantiated,0,,,,,0,0,keyword,,10,0,never_instantiated,0,,,,,0,0,,,,,,,,,,,,,,,,,,,,,,,,,,,,,,,,,,,,,,,,,,,,,,,,,,,,,,,,,,,,,,,,,,,,,,,,
21a,1,8,1,0.27,link_type,,1410,0,never_instantiated,0,,,,,0,0,movie_link,,78,0,never_instantiated,0,,,,,0,0,,keyword,1,0,never_instantiated,0,,,,,0,0,movie_keyword,,392,0,never_instantiated,0,,,,,0,0,title,,786,0,never_instantiated,0,,,,,0,0,,company_type,1,0,never_instantiated,0,,,,,0,0,,company_name,48302,0,never_instantiated,0,,,,,0,0,,movie_companies,49141,0,never_instantiated,0,,,,,0,0,movie_info,,8,0,never_instantiated,0,,,,,0,0,,,,,,,,,,,,,,,,,,,,,,,,,,,,,,,,,,,,,,,,,,,,,,,,,,,,,,,,,,,,,,,,,,,,,,,,,,,,,,,,,,,,
21b,1,18,1,0.26,,keyword,1,0,never_instantiated,0,,,,,0,0,movie_keyword,,442,0,never_instantiated,0,,,,,0,0,,company_type,1,0,never_instantiated,0,,,,,0,0,company_name,,1540,0,never_instantiated,0,,,,,0,0,movie_companies,,675,0,never_instantiated,0,,,,,0,0,,link_type,2,0,never_instantiated,0,,,,,0,0,title,,1987,0,never_instantiated,0,,,,,0,0,movie_info,movie_link,29997,0,never_instantiated,0,,,,,0,0,,,,,,,,,,,,,,,,,,,,,,,,,,,,,,,,,,,,,,,,,,,,,,,,,,,,,,,,,,,,,,,,,,,,,,,,,,,,,,,,,,,,,,,,,,,,,,,,
21c,1,18,1,0.27,,keyword,1,0,never_instantiated,0,,,,,0,0,movie_keyword,,3966,0,never_instantiated,0,,,,,0,0,,company_type,1,0,never_instantiated,0,,,,,0,0,company_name,,11831,0,never_instantiated,0,,,,,0,0,movie_companies,,3742,0,never_instantiated,0,,,,,0,0,,link_type,2,0,never_instantiated,0,,,,,0,0,title,,22843,0,never_instantiated,0,,,,,0,0,,movie_link,29997,0,never_instantiated,0,,,,,0,0,movie_info,,9,0,never_instantiated,0,,,,,0,0,,,,,,,,,,,,,,,,,,,,,,,,,,,,,,,,,,,,,,,,,,,,,,,,,,,,,,,,,,,,,,,,,,,,,,,,,,,,,,,,,,,,
22a,1,13,1,0.60,,info_type,1,0,never_instantiated,0,,,,,0,0,,company_type,2,0,never_instantiated,0,,,,,0,0,,kind_type,2,0,never_instantiated,0,,,,,0,0,company_name,,3655,0,never_instantiated,0,,,,,0,0,,info_type,1,0,never_instantiated,0,,,,,0,0,movie_companies,,7355,0,never_instantiated,0,,,,,0,0,title,,78867,0,never_instantiated,0,,,,,0,0,,movie_info_idx,1172941,0,never_instantiated,0,,,,,0,0,,keyword,3,0,never_instantiated,0,,,,,0,0,movie_keyword,movie_info,669309,0,never_instantiated,0,,,,,0,0,,,,,,,,,,,,,,,,,,,,,,,,,,,,,,,,,,,,,,,,,,,,,,,,,,,,,,,,,,,,,,,,,,,,,,,,
22b,1,1,1,0.59,,info_type,1,0,never_instantiated,0,,,,,0,0,company_name,,42,0,never_instantiated,0,,,,,0,0,,kind_type,2,0,never_instantiated,0,,,,,0,0,,info_type,1,0,never_instantiated,0,,,,,0,0,,company_type,2,0,never_instantiated,0,,,,,0,0,title,,294591,0,never_instantiated,0,,,,,0,0,movie_info_idx,,119379,0,never_instantiated,0,,,,,0,0,,keyword,3,0,never_instantiated,0,,,,,0,0,movie_keyword,,220217,0,never_instantiated,0,,,,,0,0,movie_info,movie_companies,303271,0,never_instantiated,0,,,,,0,0,,,,,,,,,,,,,,,,,,,,,,,,,,,,,,,,,,,,,,,,,,,,,,,,,,,,,,,,,,,,,,,,,,,,,,,,
22c,1,14,1,0.65,,info_type,1,0,never_instantiated,0,,,,,0,0,,company_type,2,0,never_instantiated,0,,,,,0,0,movie_info_idx,,21827,0,never_instantiated,0,,,,,0,0,,info_type,1,0,never_instantiated,0,,,,,0,0,company_name,,26915,0,never_instantiated,0,,,,,0,0,movie_companies,,6017,0,never_instantiated,0,,,,,0,0,,keyword,3,0,never_instantiated,0,,,,,0,0,,kind_type,2,0,never_instantiated,0,,,,,0,0,movie_keyword,,266110,0,never_instantiated,0,,,,,0,0,,title,1012641,0,never_instantiated,0,,,,,0,0,movie_info,,10,0,never_instantiated,0,,,,,0,0,,,,,,,,,,,,,,,,,,,,,,,,,,,,,,,,,,,,,,,,,,,,,,,,,,,,,,,,,,,,
22d,1,12,1,0.79,,kind_type,2,0,never_instantiated,0,,,,,0,0,,info_type,1,0,never_instantiated,0,,,,,0,0,title,,277425,0,never_instantiated,0,,,,,0,0,company_name,,451059,0,never_instantiated,0,,,,,0,0,,company_type,2,0,never_instantiated,0,,,,,0,0,,info_type,1,0,never_instantiated,0,,,,,0,0,,keyword,3,0,never_instantiated,0,,,,,0,0,movie_keyword,,3288902,0,never_instantiated,0,,,,,0,0,movie_companies,,757240,0,never_instantiated,0,,,,,0,0,,movie_info_idx,1337610,0,never_instantiated,0,,,,,0,0,movie_info,,10,0,never_instantiated,0,,,,,0,0,,,,,,,,,,,,,,,,,,,,,,,,,,,,,,,,,,,,,,,,,,,,,,,,,,,,,,,,,,,,
23a,1,3,1,0.51,company_type,,618,0,never_instantiated,0,,,,,0,0,,kind_type,1,0,never_instantiated,0,,,,,0,0,title,,628,0,never_instantiated,0,,,,,0,0,,info_type,1,0,never_instantiated,0,,,,,0,0,keyword,,628,0,never_instantiated,0,,,,,0,0,,company_name,84843,0,never_instantiated,0,,,,,0,0,,comp_cast_type,1,0,never_instantiated,0,,,,,0,0,,complete_cast,132439,0,never_instantiated,0,,,,,0,0,,movie_companies,2608923,0,never_instantiated,0,,,,,0,0,movie_keyword,movie_info,1783,0,never_instantiated,0,,,,,0,0,,,,,,,,,,,,,,,,,,,,,,,,,,,,,,,,,,,,,,,,,,,,,,,,,,,,,,,,,,,,,,,,,,,,,,,,
23b,1,15,1,0.50,keyword,,618,0,never_instantiated,0,,,,,0,0,movie_keyword,,6,0,never_instantiated,0,,,,,0,0,company_name,,6,0,never_instantiated,0,,,,,0,0,,kind_type,1,0,never_instantiated,0,,,,,0,0,,info_type,1,0,never_instantiated,0,,,,,0,0,title,,6,0,never_instantiated,0,,,,,0,0,,company_type,2,0,never_instantiated,0,,,,,0,0,movie_companies,,5,0,never_instantiated,0,,,,,0,0,,comp_cast_type,1,0,never_instantiated,0,,,,,0,0,movie_info,complete_cast,132439,0,never_instantiated,0,,,,,0,0,,,,,,,,,,,,,,,,,,,,,,,,,,,,,,,,,,,,,,,,,,,,,,,,,,,,,,,,,,,,,,,,,,,,,,,,
23c,1,18,1,0.50,company_type,,628,0,never_instantiated,0,,,,,0,0,,kind_type,4,0,never_instantiated,0,,,,,0,0,company_name,,628,0,never_instantiated,0,,,,,0,0,title,,628,0,never_instantiated,0,,,,,0,0,movie_companies,,625,0,never_instantiated,0,,,,,0,0,keyword,,625,0,never_instantiated,0,,,,,0,0,,comp_cast_type,1,0,never_instantiated,0,,,,,0,0,,info_type,1,0,never_instantiated,0,,,,,0,0,,complete_cast,132439,0,never_instantiated,0,,,,,0,0,movie_keyword,movie_info,1783,0,never_instantiated,0,,,,,0,0,,,,,,,,,,,,,,,,,,,,,,,,,,,,,,,,,,,,,,,,,,,,,,,,,,,,,,,,,,,,,,,,,,,,,,,,
24a,1,15,1,0.70,name,,6518,0,never_instantiated,0,,,,,0,0,aka_name,,2748,0,never_instantiated,0,,,,,0,0,keyword,,480610,0,never_instantiated,0,,,,,0,0,,info_type,1,0,never_instantiated,0,,,,,0,0,movie_keyword,,25638,0,never_instantiated,0,,,,,0,0,movie_info,,19505,0,never_instantiated,0,,,,,0,0,,company_name,84843,0,never_instantiated,0,,,,,0,0,movie_companies,,24412,0,never_instantiated,0,,,,,0,0,char_name,,24412,0,never_instantiated,0,,,,,0,0,,role_type,1,0,never_instantiated,0,,,,,0,0,cast_info,title,391512,0,never_instantiated,0,,,,,0,0,,,,,,,,,,,,,,,,,,,,,,,,,,,,,,,,,,,,,,,,,,,,,,,,,,,,,,,,,,,,
24b,1,0,1,0.63,title,,75,0,never_instantiated,0,,,,,0,0,role_type,,75,0,never_instantiated,0,,,,,0,0,name,,1403,0,never_instantiated,0,,,,,0,0,keyword,,113439,0,never_instantiated,0,,,,,0,0,movie_keyword,,1742,0,never_instantiated,0,,,,,0,0,,info_type,1,0,never_instantiated,0,,,,,0,0,movie_info,,2450,0,never_instantiated,0,,,,,0,0,,company_name,1,0,never_instantiated,0,,,,,0,0,movie_companies,,1732265,0,never_instantiated,0,,,,,0,0,char_name,,1732265,0,never_instantiated,0,,,,,0,0,cast_info,aka_name,772581,0,never_instantiated,0,,,,,0,0,,,,,,,,,,,,,,,,,,,,,,,,,,,,,,,,,,,,,,,,,,,,,,,,,,,,,,,,,,,,
25a,1,3,1,0.72,info_type,,13233,0,never_instantiated,0,,,,,0,0,movie_info_idx,,4690,0,never_instantiated,0,,,,,0,0,,info_type,1,0,never_instantiated,0,,,,,0,0,,movie_info,30801,0,never_instantiated,0,,,,,0,0,,,5,0,never_instantiated,0,,,,,0,0,,movie_keyword,4523924,0,never_instantiated,0,,,,,0,0,,title,2525792,0,never_instantiated,0,,,,,0,0,,name,1739579,0,never_instantiated,0,,,,,0,0,cast_info,,5,0,never_instantiated,0,,,,,0,0,keyword,,5,0,never_instantiated,0,,,,,0,0,,,,,,,,,,,,,,,,,,,,,,,,,,,,,,,,,,,,,,,,,,,,,,,,,,,,,,,,,,,,,,,,,,,,,,,,
25b,1,13,1,0.65,info_type,,18,0,never_instantiated,0,,,,,0,0,movie_info_idx,,6,0,never_instantiated,0,,,,,0,0,,,35,0,never_instantiated,0,,,,,0,0,keyword,,5,0,never_instantiated,0,,,,,0,0,,info_type,1,0,never_instantiated,0,,,,,0,0,movie_keyword,,7,0,never_instantiated,0,,,,,0,0,,movie_info,30801,0,never_instantiated,0,,,,,0,0,,title,73,0,never_instantiated,0,,,,,0,0,,name,1739579,0,never_instantiated,0,,,,,0,0,cast_info,,5,0,never_instantiated,0,,,,,0,0,,,,,,,,,,,,,,,,,,,,,,,,,,,,,,,,,,,,,,,,,,,,,,,,,,,,,,,,,,,,,,,,,,,,,,,,
25c,1,1,1,0.73,,info_type,1,0,never_instantiated,0,,,,,0,0,title,,29015,0,never_instantiated,0,,,,,0,0,,,22670,0,never_instantiated,0,,,,,0,0,movie_info,,6,0,never_instantiated,0,,,,,0,0,,,7,0,never_instantiated,0,,,,,0,0,movie_keyword,,166987,0,never_instantiated,0,,,,,0,0,,info_type,1,0,never_instantiated,0,,,,,0,0,,name,1739579,0,never_instantiated,0,,,,,0,0,,movie_info_idx,1380035,0,never_instantiated,0,,,,,0,0,cast_info,,5,0,never_instantiated,0,,,,,0,0,keyword,,7,0,never_instantiated,0,,,,,0,0,,,,,,,,,,,,,,,,,,,,,,,,,,,,,,,,,,,,,,,,,,,,,,,,,,,,,,,,,,,,
26a,1,17,1,0.57,,comp_cast_type,2,0,never_instantiated,0,,,,,0,0,,info_type,1,0,never_instantiated,0,,,,,0,0,,,502904,0,never_instantiated,0,,,,,0,0,keyword,,10,0,never_instantiated,0,,,,,0,0,movie_info_idx,,1146265,0,never_instantiated,0,,,,,0,0,,comp_cast_type,1,0,never_instantiated,0,,,,,0,0,movie_keyword,,13456,0,never_instantiated,0,,,,,0,0,,complete_cast,132439,0,never_instantiated,0,,,,,0,0,,char_name,180152,0,never_instantiated,0,,,,,0,0,,kind_type,1,0,never_instantiated,0,,,,,0,0,,name,4061926,0,never_instantiated,0,,,,,0,0,cast_info,title,1380854,0,never_instantiated,0,,,,,0,0,,,,,,,,,,,,,,,,,,,,,,,,,,,,,,,,,,,,,,,,,,,,,,,,
26b,1,11,1,0.55,,comp_cast_type,1,0,never_instantiated,0,,,,,0,0,,comp_cast_type,2,0,never_instantiated,0,,,,,0,0,,info_type,1,0,never_instantiated,0,,,,,0,0,complete_cast,,434,0,never_instantiated,0,,,,,0,0,movie_info_idx,,3326,0,never_instantiated,0,,,,,0,0,,keyword,4,0,never_instantiated,0,,,,,0,0,,char_name,180152,0,never_instantiated,0,,,,,0,0,,kind_type,1,0,never_instantiated,0,,,,,0,0,,movie_keyword,4523786,0,never_instantiated,0,,,,,0,0,,name,4061926,0,never_instantiated,0,,,,,0,0,cast_info,title,1012517,0,never_instantiated,0,,,,,0,0,,,,,,,,,,,,,,,,,,,,,,,,,,,,,,,,,,,,,,,,,,,,,,,,,,,,,,,,,,,,
26c,1,17,1,0.66,,comp_cast_type,2,0,never_instantiated,0,,,,,0,0,,info_type,1,0,never_instantiated,0,,,,,0,0,,,3498925,0,never_instantiated,0,,,,,0,0,keyword,,10,0,never_instantiated,0,,,,,0,0,movie_info_idx,,1146265,0,never_instantiated,0,,,,,0,0,,comp_cast_type,1,0,never_instantiated,0,,,,,0,0,movie_keyword,,13456,0,never_instantiated,0,,,,,0,0,,complete_cast,132439,0,never_instantiated,0,,,,,0,0,,char_name,180152,0,never_instantiated,0,,,,,0,0,,kind_type,1,0,never_instantiated,0,,,,,0,0,,name,4061926,0,never_instantiated,0,,,,,0,0,cast_info,title,1380854,0,never_instantiated,0,,,,,0,0,,,,,,,,,,,,,,,,,,,,,,,,,,,,,,,,,,,,,,,,,,,,,,,,
27a,1,13,1,0.27,keyword,,6483,0,never_instantiated,0,,,,,0,0,movie_keyword,,705,0,never_instantiated,0,,,,,0,0,company_type,,762,0,never_instantiated,0,,,,,0,0,,comp_cast_type,1,0,never_instantiated,0,,,,,0,0,company_name,,2193,0,never_instantiated,0,,,,,0,0,title,,2193,0,never_instantiated,0,,,,,0,0,,link_type,2,0,never_instantiated,0,,,,,0,0,movie_companies,,350,0,never_instantiated,0,,,,,0,0,,comp_cast_type,2,0,never_instantiated,0,,,,,0,0,complete_cast,,3315,0,never_instantiated,0,,,,,0,0,movie_info,movie_link,29940,0,never_instantiated,0,,,,,0,0,,,,,,,,,,,,,,,,,,,,,,,,,,,,,,,,,,,,,,,,,,,,,,,,,,,,,,,,,,,,
27b,1,18,1,0.26,keyword,,1919,0,never_instantiated,0,,,,,0,0,comp_cast_type,,3458,0,never_instantiated,0,,,,,0,0,title,,8022,0,never_instantiated,0,,,,,0,0,movie_keyword,,876,0,never_instantiated,0,,,,,0,0,,comp_cast_type,2,0,never_instantiated,0,,,,,0,0,company_name,,2077,0,never_instantiated,0,,,,,0,0,,company_type,1,0,never_instantiated,0,,,,,0,0,,link_type,2,0,never_instantiated,0,,,,,0,0,movie_companies,,350,0,never_instantiated,0,,,,,0,0,complete_cast,,3315,0,never_instantiated,0,,,,,0,0,movie_info,movie_link,29940,0,never_instantiated,0,,,,,0,0,,,,,,,,,,,,,,,,,,,,,,,,,,,,,,,,,,,,,,,,,,,,,,,,,,,,,,,,,,,,
27c,1,11,1,0.30,comp_cast_type,,1028,0,never_instantiated,0,,,,,0,0,comp_cast_type,,1028,0,never_instantiated,0,,,,,0,0,,keyword,1,0,never_instantiated,0,,,,,0,0,complete_cast,,33031,0,never_instantiated,0,,,,,0,0,movie_keyword,,3966,0,never_instantiated,0,,,,,0,0,company_name,,10565,0,never_instantiated,0,,,,,0,0,,company_type,1,0,never_instantiated,0,,,,,0,0,,link_type,2,0,never_instantiated,0,,,,,0,0,,movie_link,29940,0,never_instantiated,0,,,,,0,0,title,,30622,0,never_instantiated,0,,,,,0,0,,movie_companies,49060,0,never_instantiated,0,,,,,0,0,movie_info,,9,0,never_instantiated,0,,,,,0,0,,,,,,,,,,,,,,,,,,,,,,,,,,,,,,,,,,,,,,,,,,,,,,,,
28a,1,3,1,1.31,comp_cast_type,,6156,0,never_instantiated,0,,,,,0,0,info_type,,6833,0,never_instantiated,0,,,,,0,0,keyword,,967075,0,never_instantiated,0,,,,,0,0,,comp_cast_type,1,0,never_instantiated,0,,,,,0,0,complete_cast,,6212485,0,never_instantiated,0,,,,,0,0,,kind_type,2,0,never_instantiated,0,,,,,0,0,title,,11648565,0,never_instantiated,0,,,,,0,0,movie_keyword,,158042,0,never_instantiated,0,,,,,0,0,,company_type,2,0,never_instantiated,0,,,,,0,0,company_name,,180772,0,never_instantiated,0,,,,,0,0,,info_type,1,0,never_instantiated,0,,,,,0,0,,movie_companies,303264,0,never_instantiated,0,,,,,0,0,,movie_info_idx,1337508,0,never_instantiated,0,,,,,0,0,movie_info,,10,0,never_instantiated,0,,,,,0,0,,,,,,,,,,,,,,,,,,,,,,,,
28b,1,5,1,0.59,keyword,,15989,0,never_instantiated,0,,,,,0,0,info_type,,27874,0,never_instantiated,0,,,,,0,0,movie_keyword,,269,0,never_instantiated,0,,,,,0,0,company_type,,269,0,never_instantiated,0,,,,,0,0,kind_type,,285,0,never_instantiated,0,,,,,0,0,movie_info_idx,,419,0,never_instantiated,0,,,,,0,0,company_name,,422,0,never_instantiated,0,,,,,0,0,,info_type,1,0,never_instantiated,0,,,,,0,0,,comp_cast_type,1,0,never_instantiated,0,,,,,0,0,,comp_cast_type,1,0,never_instantiated,0,,,,,0,0,complete_cast,,24103,0,never_instantiated,0,,,,,0,0,,movie_companies,303264,0,never_instantiated,0,,,,,0,0,movie_info,title,1012501,0,never_instantiated,0,,,,,0,0,,,,,,,,,,,,,,,,,,,,,,,,,,,,,,,,,,,,
28c,1,1,1,1.11,comp_cast_type,,9777,0,never_instantiated,0,,,,,0,0,comp_cast_type,,16719,0,never_instantiated,0,,,,,0,0,complete_cast,,21489,0,never_instantiated,0,,,,,0,0,keyword,,2610972,0,never_instantiated,0,,,,,0,0,,info_type,1,0,never_instantiated,0,,,,,0,0,,kind_type,2,0,never_instantiated,0,,,,,0,0,movie_info_idx,,2794930,0,never_instantiated,0,,,,,0,0,company_name,,3034517,0,never_instantiated,0,,,,,0,0,,company_type,2,0,never_instantiated,0,,,,,0,0,movie_companies,,790612,0,never_instantiated,0,,,,,0,0,title,,2892232,0,never_instantiated,0,,,,,0,0,movie_keyword,,614186,0,never_instantiated,0,,,,,0,0,,info_type,1,0,never_instantiated,0,,,,,0,0,movie_info,,10,0,never_instantiated,0,,,,,0,0,,,,,,,,,,,,,,,,,,,,,,,,
29a,1,10,1,0.81,comp_cast_type,,1620,0,never_instantiated,0,,,,,0,0,comp_cast_type,,1620,0,never_instantiated,0,,,,,0,0,complete_cast,,1620,0,never_instantiated,0,,,,,0,0,title,,4050,0,never_instantiated,0,,,,,0,0,role_type,,4050,0,never_instantiated,0,,,,,0,0,info_type,,12225,0,never_instantiated,0,,,,,0,0,person_info,,75,0,never_instantiated,0,,,,,0,0,company_name,,411,0,never_instantiated,0,,,,,0,0,info_type,,411,0,never_instantiated,0,,,,,0,0,name,,465,0,never_instantiated,0,,,,,0,0,movie_info,,352,0,never_instantiated,0,,,,,0,0,,char_name,1,0,never_instantiated,0,,,,,0,0,,keyword,1,0,never_instantiated,0,,,,,0,0,movie_keyword,,3533306,0,never_instantiated,0,,,,,0,0,movie_companies,,1770887,0,never_instantiated,0,,,,,0,0,cast_info,aka_name,772581,0,never_instantiated,0,,,,,0,0
29b,1,4,1,0.66,keyword,,1620,0,never_instantiated,0,,,,,0,0,movie_keyword,,15,0,never_instantiated,0,,,,,0,0,role_type,,15,0,never_instantiated,0,,,,,0,0,info_type,,2445,0,never_instantiated,0,,,,,0,0,char_name,,2445,0,never_instantiated,0,,,,,0,0,info_type,,2445,0,never_instantiated,0,,,,,0,0,company_name,,10758,0,never_instantiated,0,,,,,0,0,comp_cast_type,,10758,0,never_instantiated,0,,,,,0,0,aka_name,,3586,0,never_instantiated,0,,,,,0,0,person_info,,22,0,never_instantiated,0,,,,,0,0,,title,2,0,never_instantiated,0,,,,,0,0,,comp_cast_type,1,0,never_instantiated,0,,,,,0,0,movie_info,,4359,0,never_instantiated,0,,,,,0,0,,complete_cast,132439,0,never_instantiated,0,,,,,0,0,,name,50011,0,never_instantiated,0,,,,,0,0,cast_info,movie_companies,2608923,0,never_instantiated,0,,,,,0,0
29c,1,13,1,1.25,title,,16368,0,never_instantiated,0,,,,,0,0,info_type,,68232,0,never_instantiated,0,,,,,0,0,company_name,,323043,0,never_instantiated,0,,,,,0,0,person_info,,905,0,never_instantiated,0,,,,,0,0,comp_cast_type,,905,0,never_instantiated,0,,,,,0,0,comp_cast_type,,2762,0,never_instantiated,0,,,,,0,0,complete_cast,,3175,0,never_instantiated,0,,,,,0,0,,info_type,1,0,never_instantiated,0,,,,,0,0,,keyword,1,0,never_instantiated,0,,,,,0,0,char_name,,785789,0,never_instantiated,0,,,,,0,0,,aka_name,772581,0,never_instantiated,0,,,,,0,0,name,,22194057,0,never_instantiated,0,,,,,0,0,movie_info,,11596658,0,never_instantiated,0,,,,,0,0,,role_type,1,0,never_instantiated,0,,,,,0,0,,movie_keyword,4523775,0,never_instantiated,0,,,,,0,0,cast_info,movie_companies,2608923,0,never_instantiated,0,,,,,0,0
30a,1,2,1,0.72,,info_type,1,0,never_instantiated,0,,,,,0,0,title,,13341,0,never_instantiated,0,,,,,0,0,,,498877,0,never_instantiated,0,,,,,0,0,keyword,,7,0,never_instantiated,0,,,,,0,0,movie_keyword,,6313,0,never_instantiated,0,,,,,0,0,name,,10267,0,never_instantiated,0,,,,,0,0,,comp_cast_type,2,0,never_instantiated,0,,,,,0,0,,comp_cast_type,1,0,never_instantiated,0,,,,,0,0,,info_type,1,0,never_instantiated,0,,,,,0,0,,complete_cast,132439,0,never_instantiated,0,,,,,0,0,,movie_info,73047,0,never_instantiated,0,,,,,0,0,,movie_info_idx,1379933,0,never_instantiated,0,,,,,0,0,cast_info,,5,0,never_instantiated,0,,,,,0,0,,,,,,,,,,,,,,,,,,,,,,,,,,,,,,,,,,,,
30b,1,8,1,0.54,,info_type,1,0,never_instantiated,0,,,,,0,0,,info_type,1,0,never_instantiated,0,,,,,0,0,,,3180,0,never_instantiated,0,,,,,0,0,keyword,,7,0,never_instantiated,0,,,,,0,0,movie_info,,2058,0,never_instantiated,0,,,,,0,0,movie_keyword,,15,0,never_instantiated,0,,,,,0,0,,comp_cast_type,2,0,never_instantiated,0,,,,,0,0,,comp_cast_type,1,0,never_instantiated,0,,,,,0,0,name,,111,0,never_instantiated,0,,,,,0,0,title,,239208,0,never_instantiated,0,,,,,0,0,,complete_cast,132439,0,never_instantiated,0,,,,,0,0,,movie_info_idx,1379933,0,never_instantiated,0,,,,,0,0,cast_info,,5,0,never_instantiated,0,,,,,0,0,,,,,,,,,,,,,,,,,,,,,,,,,,,,,,,,,,,,
30c,1,15,1,0.75,,info_type,1,0,never_instantiated,0,,,,,0,0,movie_info_idx,,8024,0,never_instantiated,0,,,,,0,0,,info_type,1,0,never_instantiated,0,,,,,0,0,title,,10485,0,never_instantiated,0,,,,,0,0,name,,15086,0,never_instantiated,0,,,,,0,0,,comp_cast_type,1,0,never_instantiated,0,,,,,0,0,,,11071,0,never_instantiated,0,,,,,0,0,movie_info,,6,0,never_instantiated,0,,,,,0,0,,comp_cast_type,1,0,never_instantiated,0,,,,,0,0,,complete_cast,132439,0,never_instantiated,0,,,,,0,0,,,7,0,never_instantiated,0,,,,,0,0,,movie_keyword,4523786,0,never_instantiated,0,,,,,0,0,cast_info,,5,0,never_instantiated,0,,,,,0,0,keyword,,7,0,never_instantiated,0,,,,,0,0,,,,,,,,,,,,,,,,,,,,,,,,
31a,1,13,1,0.74,,,47262,0,never_instantiated,0,,,,,0,0,keyword,,7,0,never_instantiated,0,,,,,0,0,,info_type,1,0,never_instantiated,0,,,,,0,0,,info_type,1,0,never_instantiated,0,,,,,0,0,movie_keyword,,1375,0,never_instantiated,0,,,,,0,0,,movie_info_idx,1380011,0,never_instantiated,0,,,,,0,0,movie_info,,775,0,never_instantiated,0,,,,,0,0,title,,775,0,never_instantiated,0,,,,,0,0,name,,1454,0,never_instantiated,0,,,,,0,0,,company_name,10,0,never_instantiated,0,,,,,0,0,,movie_companies,2609129,0,never_instantiated,0,,,,,0,0,cast_info,,5,0,never_instantiated,0,,,,,0,0,,,,,,,,,,,,,,,,,,,,,,,,,,,,,,,,,,,,,,,,,,,,,,,,
31b,1,14,1,0.57,,info_type,1,0,never_instantiated,0,,,,,0,0,company_name,,204,0,never_instantiated,0,,,,,0,0,movie_companies,,108,0,never_instantiated,0,,,,,0,0,,info_type,1,0,never_instantiated,0,,,,,0,0,movie_info,,219,0,never_instantiated,0,,,,,0,0,name,,231,0,never_instantiated,0,,,,,0,0,,title,533,0,never_instantiated,0,,,,,0,0,,,7,0,never_instantiated,0,,,,,0,0,,movie_keyword,4523913,0,never_instantiated,0,,,,,0,0,,movie_info_idx,1380011,0,never_instantiated,0,,,,,0,0,cast_info,,5,0,never_instantiated,0,,,,,0,0,keyword,,7,0,never_instantiated,0,,,,,0,0,,,,,,,,,,,,,,,,,,,,,,,,,,,,,,,,,,,,,,,,,,,,,,,,
31c,1,4,1,0.83,,,107406,0,never_instantiated,0,,,,,0,0,keyword,,7,0,never_instantiated,0,,,,,0,0,movie_keyword,,1017,0,never_instantiated,0,,,,,0,0,company_name,,374857,0,never_instantiated,0,,,,,0,0,movie_companies,,54152,0,never_instantiated,0,,,,,0,0,title,,54152,0,never_instantiated,0,,,,,0,0,,info_type,1,0,never_instantiated,0,,,,,0,0,,info_type,1,0,never_instantiated,0,,,,,0,0,,movie_info_idx,1380011,0,never_instantiated,0,,,,,0,0,,,188961,0,never_instantiated,0,,,,,0,0,,name,4061926,0,never_instantiated,0,,,,,0,0,cast_info,,5,0,never_instantiated,0,,,,,0,0,movie_info,,6,0,never_instantiated,0,,,,,0,0,,,,,,,,,,,,,,,,,,,,,,,,,,,,,,,,,,,,
32a,1,17,1,0.17,title,,0,0,never_instantiated,0,,,,,0,0,link_type,,0,0,never_instantiated,0,,,,,0,0,,keyword,1,0,never_instantiated,0,,,,,0,0,,movie_link,29997,0,never_instantiated,0,,,,,0,0,movie_keyword,title,186174,0,never_instantiated,0,,,,,0,0,,,,,,,,,,,,,,,,,,,,,,,,,,,,,,,,,,,,,,,,,,,,,,,,,,,,,,,,,,,,,,,,,,,,,,,,,,,,,,,,,,,,,,,,,,,,,,,,,,,,,,,,,,,,,,,,,,,,,,,,,,,,,,,,,,,,
32b,1,18,1,0.19,title,,4388,0,never_instantiated,0,,,,,0,0,link_type,,4388,0,never_instantiated,0,,,,,0,0,movie_link,,2233,0,never_instantiated,0,,,,,0,0,title,,2233,0,never_instantiated,0,,,,,0,0,movie_keyword,keyword,1,0,never_instantiated,0,,,,,0,0,,,,,,,,,,,,,,,,,,,,,,,,,,,,,,,,,,,,,,,,,,,,,,,,,,,,,,,,,,,,,,,,,,,,,,,,,,,,,,,,,,,,,,,,,,,,,,,,,,,,,,,,,,,,,,,,,,,,,,,,,,,,,,,,,,,,
33a,1,3,1,0.29,info_type,,807,0,never_instantiated,0,,,,,0,0,kind_type,,807,0,never_instantiated,0,,,,,0,0,link_type,,9620,0,never_instantiated,0,,,,,0,0,company_name,,9620,0,never_instantiated,0,,,,,0,0,,info_type,1,0,never_instantiated,0,,,,,0,0,title,,28860,0,never_instantiated,0,,,,,0,0,company_name,,70377,0,never_instantiated,0,,,,,0,0,movie_companies,,19206,0,never_instantiated,0,,,,,0,0,movie_info_idx,,13914,0,never_instantiated,0,,,,,0,0,,kind_type,1,0,never_instantiated,0,,,,,0,0,movie_info_idx,,39245,0,never_instantiated,0,,,,,0,0,,movie_link,29997,0,never_instantiated,0,,,,,0,0,movie_companies,title,445655,0,never_instantiated,0,,,,,0,0,,,,,,,,,,,,,,,,,,,,,,,,,,,,,,,,,,,,
33b,1,14,1,0.26,kind_type,,4,0,never_instantiated,0,,,,,0,0,info_type,,12,0,never_instantiated,0,,,,,0,0,link_type,,57,0,never_instantiated,0,,,,,0,0,company_name,,1647,0,never_instantiated,0,,,,,0,0,,info_type,1,0,never_instantiated,0,,,,,0,0,title,,11466,0,never_instantiated,0,,,,,0,0,movie_info_idx,,4803,0,never_instantiated,0,,,,,0,0,movie_info_idx,,3649,0,never_instantiated,0,,,,,0,0,,kind_type,1,0,never_instantiated,0,,,,,0,0,movie_companies,,9343,0,never_instantiated,0,,,,,0,0,company_name,,9343,0,never_instantiated,0,,,,,0,0,,title,119523,0,never_instantiated,0,,,,,0,0,movie_companies,movie_link,29997,0,never_instantiated,0,,,,,0,0,,,,,,,,,,,,,,,,,,,,,,,,,,,,,,,,,,,,
33c,1,3,1,0.35,company_name,,114,0,never_instantiated,0,,,,,0,0,info_type,,19761,0,never_instantiated,0,,,,,0,0,kind_type,,19761,0,never_instantiated,0,,,,,0,0,,kind_type,2,0,never_instantiated,0,,,,,0,0,company_name,,30526,0,never_instantiated,0,,,,,0,0,title,,30526,0,never_instantiated,0,,,,,0,0,,link_type,2,0,never_instantiated,0,,,,,0,0,movie_companies,,79690,0,never_instantiated,0,,,,,0,0,movie_info_idx,,53485,0,never_instantiated,0,,,,,0,0,,info_type,1,0,never_instantiated,0,,,,,0,0,movie_info_idx,,99895,0,never_instantiated,0,,,,,0,0,,movie_link,29997,0,never_instantiated,0,,,,,0,0,movie_companies,title,1042193,0,never_instantiated,0,,,,,0,0,,,,,,,,,,,,,,,,,,,,,,,,,,,,,,,,,,,,
1a,2,14,1,0.15,,info_type,1,0,never_instantiated,0,,,,,0,0,,company_type,1,0,never_instantiated,0,,,,,0,0,movie_info_idx,,188,0,never_instantiated,0,,,,,0,0,title,movie_companies,28657,0,never_instantiated,0,,,,,0,0,,,,,,,,,,,,,,,,,,,,,,,,,,,,,,,,,,,,,,,,,,,,,,,,,,,,,,,,,,,,,,,,,,,,,,,,,,,,,,,,,,,,,,,,,,,,,,,,,,,,,,,,,,,,,,,,,,,,,,,,,,,,,,,,,,,,,,,,,,,,,,,,
1b,2,17,1,0.14,,company_type,1,0,never_instantiated,0,,,,,0,0,,info_type,1,0,never_instantiated,0,,,,,0,0,movie_info_idx,,3,0,never_instantiated,0,,,,,0,0,movie_companies,title,6,0,never_instantiated,0,,,,,0,0,,,,,,,,,,,,,,,,,,,,,,,,,,,,,,,,,,,,,,,,,,,,,,,,,,,,,,,,,,,,,,,,,,,,,,,,,,,,,,,,,,,,,,,,,,,,,,,,,,,,,,,,,,,,,,,,,,,,,,,,,,,,,,,,,,,,,,,,,,,,,,,,
1c,2,12,1,0.17,title,,3,0,never_instantiated,0,,,,,0,0,,info_type,1,0,never_instantiated,0,,,,,0,0,movie_info_idx,,3,0,never_instantiated,0,,,,,0,0,movie_companies,company_type,1,0,never_instantiated,0,,,,,0,0,,,,,,,,,,,,,,,,,,,,,,,,,,,,,,,,,,,,,,,,,,,,,,,,,,,,,,,,,,,,,,,,,,,,,,,,,,,,,,,,,,,,,,,,,,,,,,,,,,,,,,,,,,,,,,,,,,,,,,,,,,,,,,,,,,,,,,,,,,,,,,,,
1d,2,10,1,0.15,,info_type,1,0,never_instantiated,0,,,,,0,0,,company_type,1,0,never_instantiated,0,,,,,0,0,title,,5,0,never_instantiated,0,,,,,0,0,movie_info_idx,movie_companies,5,0,never_instantiated,0,,,,,0,0,,,,,,,,,,,,,,,,,,,,,,,,,,,,,,,,,,,,,,,,,,,,,,,,,,,,,,,,,,,,,,,,,,,,,,,,,,,,,,,,,,,,,,,,,,,,,,,,,,,,,,,,,,,,,,,,,,,,,,,,,,,,,,,,,,,,,,,,,,,,,,,,
2a,2,13,1,0.20,title,,7834,0,never_instantiated,0,,,,,0,0,company_name,,7839,0,never_instantiated,0,,,,,0,0,,keyword,1,0,never_instantiated,0,,,,,0,0,movie_keyword,movie_companies,148281,0,never_instantiated,0,,,,,0,0,,,,,,,,,,,,,,,,,,,,,,,,,,,,,,,,,,,,,,,,,,,,,,,,,,,,,,,,,,,,,,,,,,,,,,,,,,,,,,,,,,,,,,,,,,,,,,,,,,,,,,,,,,,,,,,,,,,,,,,,,,,,,,,,,,,,,,,,,,,,,,,,
2b,2,17,1,0.19,company_name,,5259,0,never_instantiated,0,,,,,0,0,,keyword,1,0,never_instantiated,0,,,,,0,0,,movie_companies,56774,0,never_instantiated,0,,,,,0,0,movie_keyword,title,34074,0,never_instantiated,0,,,,,0,0,,,,,,,,,,,,,,,,,,,,,,,,,,,,,,,,,,,,,,,,,,,,,,,,,,,,,,,,,,,,,,,,,,,,,,,,,,,,,,,,,,,,,,,,,,,,,,,,,,,,,,,,,,,,,,,,,,,,,,,,,,,,,,,,,,,,,,,,,,,,,,,,
2c,2,17,1,0.15,company_name,,0,0,never_instantiated,0,,,,,0,0,,keyword,1,0,never_instantiated,0,,,,,0,0,,movie_companies,2,0,never_instantiated,0,,,,,0,0,movie_keyword,title,2,0,never_instantiated,0,,,,,0,0,,,,,,,,,,,,,,,,,,,,,,,,,,,,,,,,,,,,,,,,,,,,,,,,,,,,,,,,,,,,,,,,,,,,,,,,,,,,,,,,,,,,,,,,,,,,,,,,,,,,,,,,,,,,,,,,,,,,,,,,,,,,,,,,,,,,,,,,,,,,,,,,
2d,2,8,1,0.22,,keyword,1,0,never_instantiated,0,,,,,0,0,,company_name,84843,0,never_instantiated,0,,,,,0,0,,movie_companies,2609129,0,never_instantiated,0,,,,,0,0,movie_keyword,title,2525744,0,never_instantiated,0,,,,,0,0,,,,,,,,,,,,,,,,,,,,,,,,,,,,,,,,,,,,,,,,,,,,,,,,,,,,,,,,,,,,,,,,,,,,,,,,,,,,,,,,,,,,,,,,,,,,,,,,,,,,,,,,,,,,,,,,,,,,,,,,,,,,,,,,,,,,,,,,,,,,,,,,
3a,2,12,1,0.51,,title,1012683,0,never_instantiated,0,,,,,0,0,,keyword,30,0,never_instantiated,0,,,,,0,0,movie_keyword,,2007,0,never_instantiated,0,,,,,0,0,movie_info,,8,0,never_instantiated,0,,,,,0,0,,,,,,,,,,,,,,,,,,,,,,,,,,,,,,,,,,,,,,,,,,,,,,,,,,,,,,,,,,,,,,,,,,,,,,,,,,,,,,,,,,,,,,,,,,,,,,,,,,,,,,,,,,,,,,,,,,,,,,,,,,,,,,,,,,,,,,,,,,,,,,,,
3b,2,8,1,0.48,keyword,,5,0,never_instantiated,0,,,,,0,0,title,,5,0,never_instantiated,0,,,,,0,0,movie_keyword,movie_info,3,0,never_instantiated,0,,,,,0,0,,,,,,,,,,,,,,,,,,,,,,,,,,,,,,,,,,,,,,,,,,,,,,,,,,,,,,,,,,,,,,,,,,,,,,,,,,,,,,,,,,,,,,,,,,,,,,,,,,,,,,,,,,,,,,,,,,,,,,,,,,,,,,,,,,,,,,,,,,,,,,,,,,,,,,,,,,,,
3c,2,12,1,0.50,,title,1748483,0,never_instantiated,0,,,,,0,0,,keyword,30,0,never_instantiated,0,,,,,0,0,movie_keyword,,13176,0,never_instantiated,0,,,,,0,0,movie_info,,10,0,never_instantiated,0,,,,,0,0,,,,,,,,,,,,,,,,,,,,,,,,,,,,,,,,,,,,,,,,,,,,,,,,,,,,,,,,,,,,,,,,,,,,,,,,,,,,,,,,,,,,,,,,,,,,,,,,,,,,,,,,,,,,,,,,,,,,,,,,,,,,,,,,,,,,,,,,,,,,,,,,
4a,2,17,1,0.21,,info_type,1,0,never_instantiated,0,,,,,0,0,,keyword,30,0,never_instantiated,0,,,,,0,0,,movie_info_idx,352990,0,never_instantiated,0,,,,,0,0,movie_keyword,title,1012657,0,never_instantiated,0,,,,,0,0,,,,,,,,,,,,,,,,,,,,,,,,,,,,,,,,,,,,,,,,,,,,,,,,,,,,,,,,,,,,,,,,,,,,,,,,,,,,,,,,,,,,,,,,,,,,,,,,,,,,,,,,,,,,,,,,,,,,,,,,,,,,,,,,,,,,,,,,,,,,,,,,
4b,2,12,1,0.19,title,,6,0,never_instantiated,0,,,,,0,0,,info_type,1,0,never_instantiated,0,,,,,0,0,,movie_info_idx,305,0,never_instantiated,0,,,,,0,0,movie_keyword,keyword,30,0,never_instantiated,0,,,,,0,0,,,,,,,,,,,,,,,,,,,,,,,,,,,,,,,,,,,,,,,,,,,,,,,,,,,,,,,,,,,,,,,,,,,,,,,,,,,,,,,,,,,,,,,,,,,,,,,,,,,,,,,,,,,,,,,,,,,,,,,,,,,,,,,,,,,,,,,,,,,,,,,,
4c,2,8,1,0.21,,,,,,,,,,,,,,,,,,,,,,,,,,,,,,,,,,,,,,,,,,,,,,,,,,,,,,,,,,,,,,,,,,,,,,,,,,,,,,,,,,,,,,,,,,,,,,,,,,,,,,,,,,,,,,,,,,,,,,,,,,,,,,,,,,,,,,,,,,,,,,,,,,,,,,,,,,,,,,,,,,,,,,,,,,,,,,,,,,,,,,,,,,,,,,,,
5a,2,2,1,0.15,,company_type,1,0,never_instantiated,0,,,,,0,0,,movie_companies,0,0,never_instantiated,0,,,,,0,0,,info_type,110,0,never_instantiated,0,,,,,0,0,,title,0,0,never_instantiated,0,,,,,0,0,movie_info,,8,0,never_instantiated,0,,,,,0,0,,,,,,,,,,,,,,,,,,,,,,,,,,,,,,,,,,,,,,,,,,,,,,,,,,,,,,,,,,,,,,,,,,,,,,,,,,,,,,,,,,,,,,,,,,,,,,,,,,,,,,,,,,,,,,,,,,,,,,,,,,,,,,,,,,,,
5b,2,10,1,0.18,,info_type,110,0,never_instantiated,0,,,,,0,0,,company_type,1,0,never_instantiated,0,,,,,0,0,title,,0,0,never_instantiated,0,,,,,0,0,movie_info,movie_companies,0,0,never_instantiated,0,,,,,0,0,,,,,,,,,,,,,,,,,,,,,,,,,,,,,,,,,,,,,,,,,,,,,,,,,,,,,,,,,,,,,,,,,,,,,,,,,,,,,,,,,,,,,,,,,,,,,,,,,,,,,,,,,,,,,,,,,,,,,,,,,,,,,,,,,,,,,,,,,,,,,,,,
5c,2,15,1,0.47,,company_type,1,0,never_instantiated,0,,,,,0,0,,movie_companies,798,0,never_instantiated,0,,,,,0,0,,title,1828,0,never_instantiated,0,,,,,0,0,,info_type,110,0,never_instantiated,0,,,,,0,0,movie_info,,10,0,never_instantiated,0,,,,,0,0,,,,,,,,,,,,,,,,,,,,,,,,,,,,,,,,,,,,,,,,,,,,,,,,,,,,,,,,,,,,,,,,,,,,,,,,,,,,,,,,,,,,,,,,,,,,,,,,,,,,,,,,,,,,,,,,,,,,,,,,,,,,,,,,,,,,
6a,2,15,1,0.24,,keyword,1,0,never_instantiated,0,,,,,0,0,,title,391549,0,never_instantiated,0,,,,,0,0,,name,2,0,never_instantiated,0,,,,,0,0,cast_info,movie_keyword,11,0,never_instantiated,0,,,,,0,0,,,,,,,,,,,,,,,,,,,,,,,,,,,,,,,,,,,,,,,,,,,,,,,,,,,,,,,,,,,,,,,,,,,,,,,,,,,,,,,,,,,,,,,,,,,,,,,,,,,,,,,,,,,,,,,,,,,,,,,,,,,,,,,,,,,,,,,,,,,,,,,,
6b,2,15,1,0.19,,,8,0,never_instantiated,0,,,,,0,0,,title,438,0,never_instantiated,0,,,,,0,0,,name,2,0,never_instantiated,0,,,,,0,0,cast_info,movie_keyword,5540,0,never_instantiated,0,,,,,0,0,keyword,,8,0,never_instantiated,0,,,,,0,0,,,,,,,,,,,,,,,,,,,,,,,,,,,,,,,,,,,,,,,,,,,,,,,,,,,,,,,,,,,,,,,,,,,,,,,,,,,,,,,,,,,,,,,,,,,,,,,,,,,,,,,,,,,,,,,,,,,,,,,,,,,,,,,,,,,,
6c,2,13,1,0.19,,keyword,1,0,never_instantiated,0,,,,,0,0,movie_keyword,,2,0,never_instantiated,0,,,,,0,0,,title,438,0,never_instantiated,0,,,,,0,0,cast_info,name,2,0,never_instantiated,0,,,,,0,0,,,,,,,,,,,,,,,,,,,,,,,,,,,,,,,,,,,,,,,,,,,,,,,,,,,,,,,,,,,,,,,,,,,,,,,,,,,,,,,,,,,,,,,,,,,,,,,,,,,,,,,,,,,,,,,,,,,,,,,,,,,,,,,,,,,,,,,,,,,,,,,,
6d,2,4,1,0.25,,,8,0,never_instantiated,0,,,,,0,0,,title,1381132,0,never_instantiated,0,,,,,0,0,,movie_keyword,4523930,0,never_instantiated,0,,,,,0,0,cast_info,name,2,0,never_instantiated,0,,,,,0,0,keyword,,8,0,never_instantiated,0,,,,,0,0,,,,,,,,,,,,,,,,,,,,,,,,,,,,,,,,,,,,,,,,,,,,,,,,,,,,,,,,,,,,,,,,,,,,,,,,,,,,,,,,,,,,,,,,,,,,,,,,,,,,,,,,,,,,,,,,,,,,,,,,,,,,,,,,,,,,
6e,2,9,1,0.21,name,,6,0,never_instantiated,0,,,,,0,0,,keyword,1,0,never_instantiated,0,,,,,0,0,,title,1381132,0,never_instantiated,0,,,,,0,0,cast_info,movie_keyword,14,0,never_instantiated,0,,,,,0,0,,,,,,,,,,,,,,,,,,,,,,,,,,,,,,,,,,,,,,,,,,,,,,,,,,,,,,,,,,,,,,,,,,,,,,,,,,,,,,,,,,,,,,,,,,,,,,,,,,,,,,,,,,,,,,,,,,,,,,,,,,,,,,,,,,,,,,,,,,,,,,,,
6f,2,16,1,0.57,,,8,0,never_instantiated,0,,,,,0,0,,movie_keyword,4523930,0,never_instantiated,0,,,,,0,0,,title,1381132,0,never_instantiated,0,,,,,0,0,cast_info,name,4061926,0,never_instantiated,0,,,,,0,0,keyword,,8,0,never_instantiated,0,,,,,0,0,,,,,,,,,,,,,,,,,,,,,,,,,,,,,,,,,,,,,,,,,,,,,,,,,,,,,,,,,,,,,,,,,,,,,,,,,,,,,,,,,,,,,,,,,,,,,,,,,,,,,,,,,,,,,,,,,,,,,,,,,,,,,,,,,,,,
7a,2,7,1,0.32,info_type,,32,0,never_instantiated,0,,,,,0,0,name,,57,0,never_instantiated,0,,,,,0,0,title,,57,0,never_instantiated,0,,,,,0,0,,person_info,62,0,never_instantiated,0,,,,,0,0,,link_type,1,0,never_instantiated,0,,,,,0,0,,aka_name,2055,0,never_instantiated,0,,,,,0,0,cast_info,movie_link,1467,0,never_instantiated,0,,,,,0,0,,,,,,,,,,,,,,,,,,,,,,,,,,,,,,,,,,,,,,,,,,,,,,,,,,,,,,,,,,,,,,,,,,,,,,,,,,,,,,,,,,,,,,,,,,,,,,,,,,,,,,,,,,,,
7b,2,3,1,0.22,name,,16,0,never_instantiated,0,,,,,0,0,link_type,,16,0,never_instantiated,0,,,,,0,0,movie_link,,6,0,never_instantiated,0,,,,,0,0,,info_type,1,0,never_instantiated,0,,,,,0,0,,person_info,3,0,never_instantiated,0,,,,,0,0,,title,250,0,never_instantiated,0,,,,,0,0,cast_info,aka_name,3,0,never_instantiated,0,,,,,0,0,,,,,,,,,,,,,,,,,,,,,,,,,,,,,,,,,,,,,,,,,,,,,,,,,,,,,,,,,,,,,,,,,,,,,,,,,,,,,,,,,,,,,,,,,,,,,,,,,,,,,,,,,,,,
7c,2,5,1,0.76,name,,345472,0,never_instantiated,0,,,,,0,0,,info_type,1,0,never_instantiated,0,,,,,0,0,person_info,,313161,0,never_instantiated,0,,,,,0,0,aka_name,,137068,0,never_instantiated,0,,,,,0,0,,link_type,4,0,never_instantiated,0,,,,,0,0,,movie_link,21505,0,never_instantiated,0,,,,,0,0,cast_info,title,1554453,0,never_instantiated,0,,,,,0,0,,,,,,,,,,,,,,,,,,,,,,,,,,,,,,,,,,,,,,,,,,,,,,,,,,,,,,,,,,,,,,,,,,,,,,,,,,,,,,,,,,,,,,,,,,,,,,,,,,,,,,,,,,,,
8a,2,13,1,0.26,company_name,,64,0,never_instantiated,0,,,,,0,0,movie_companies,,40,0,never_instantiated,0,,,,,0,0,name,,52,0,never_instantiated,0,,,,,0,0,aka_name,,4524,0,never_instantiated,0,,,,,0,0,title,,34848,0,never_instantiated,0,,,,,0,0,cast_info,role_type,1,0,never_instantiated,0,,,,,0,0,,,,,,,,,,,,,,,,,,,,,,,,,,,,,,,,,,,,,,,,,,,,,,,,,,,,,,,,,,,,,,,,,,,,,,,,,,,,,,,,,,,,,,,,,,,,,,,,,,,,,,,,,,,,,,,,,,,,,,,,
8b,2,16,1,0.24,title,,6,0,never_instantiated,0,,,,,0,0,name,,24,0,never_instantiated,0,,,,,0,0,company_name,,24,0,never_instantiated,0,,,,,0,0,,role_type,1,0,never_instantiated,0,,,,,0,0,aka_name,,25,0,never_instantiated,0,,,,,0,0,movie_companies,cast_info,25,0,never_instantiated,0,,,,,0,0,,,,,,,,,,,,,,,,,,,,,,,,,,,,,,,,,,,,,,,,,,,,,,,,,,,,,,,,,,,,,,,,,,,,,,,,,,,,,,,,,,,,,,,,,,,,,,,,,,,,,,,,,,,,,,,,,,,,,,,,
8c,2,16,1,0.41,title,,2487611,0,never_instantiated,0,,,,,0,0,name,,2487611,0,never_instantiated,0,,,,,0,0,,company_name,84843,0,never_instantiated,0,,,,,0,0,,role_type,1,0,never_instantiated,0,,,,,0,0,,aka_name,772581,0,never_instantiated,0,,,,,0,0,cast_info,movie_companies,2609129,0,never_instantiated,0,,,,,0,0,,,,,,,,,,,,,,,,,,,,,,,,,,,,,,,,,,,,,,,,,,,,,,,,,,,,,,,,,,,,,,,,,,,,,,,,,,,,,,,,,,,,,,,,,,,,,,,,,,,,,,,,,,,,,,,,,,,,,,,,
8d,2,12,1,0.36,title,,323005,0,never_instantiated,0,,,,,0,0,,company_name,84843,0,never_instantiated,0,,,,,0,0,,aka_name,772581,0,never_instantiated,0,,,,,0,0,,movie_companies,2609129,0,never_instantiated,0,,,,,0,0,,role_type,1,0,never_instantiated,0,,,,,0,0,cast_info,name,4061923,0,never_instantiated,0,,,,,0,0,,,,,,,,,,,,,,,,,,,,,,,,,,,,,,,,,,,,,,,,,,,,,,,,,,,,,,,,,,,,,,,,,,,,,,,,,,,,,,,,,,,,,,,,,,,,,,,,,,,,,,,,,,,,,,,,,,,,,,,,
9a,2,2,1,0.33,,role_type,1,0,never_instantiated,0,,,,,0,0,char_name,,121,0,never_instantiated,0,,,,,0,0,name,,174,0,never_instantiated,0,,,,,0,0,title,,434,0,never_instantiated,0,,,,,0,0,,company_name,84843,0,never_instantiated,0,,,,,0,0,,aka_name,1744,0,never_instantiated,0,,,,,0,0,cast_info,movie_companies,590994,0,never_instantiated,0,,,,,0,0,,,,,,,,,,,,,,,,,,,,,,,,,,,,,,,,,,,,,,,,,,,,,,,,,,,,,,,,,,,,,,,,,,,,,,,,,,,,,,,,,,,,,,,,,,,,,,,,,,,,,,,,,,,,
9b,2,19,1,0.29,aka_name,,30,0,never_instantiated,0,,,,,0,0,role_type,,30,0,never_instantiated,0,,,,,0,0,company_name,,30,0,never_instantiated,0,,,,,0,0,title,,76,0,never_instantiated,0,,,,,0,0,name,,87,0,never_instantiated,0,,,,,0,0,movie_companies,,55,0,never_instantiated,0,,,,,0,0,char_name,cast_info,55,0,never_instantiated,0,,,,,0,0,,,,,,,,,,,,,,,,,,,,,,,,,,,,,,,,,,,,,,,,,,,,,,,,,,,,,,,,,,,,,,,,,,,,,,,,,,,,,,,,,,,,,,,,,,,,,,,,,,,,,,,,,,,,
9c,2,15,1,0.33,char_name,,8144,0,never_instantiated,0,,,,,0,0,,role_type,1,0,never_instantiated,0,,,,,0,0,title,,8514,0,never_instantiated,0,,,,,0,0,,company_name,84843,0,never_instantiated,0,,,,,0,0,movie_companies,,8204,0,never_instantiated,0,,,,,0,0,,aka_name,772581,0,never_instantiated,0,,,,,0,0,cast_info,name,50011,0,never_instantiated,0,,,,,0,0,,,,,,,,,,,,,,,,,,,,,,,,,,,,,,,,,,,,,,,,,,,,,,,,,,,,,,,,,,,,,,,,,,,,,,,,,,,,,,,,,,,,,,,,,,,,,,,,,,,,,,,,,,,,
9d,2,2,1,0.49,,role_type,1,0,never_instantiated,0,,,,,0,0,char_name,,483082,0,never_instantiated,0,,,,,0,0,name,,505250,0,never_instantiated,0,,,,,0,0,title,,505250,0,never_instantiated,0,,,,,0,0,,company_name,84843,0,never_instantiated,0,,,,,0,0,,aka_name,772581,0,never_instantiated,0,,,,,0,0,cast_info,movie_companies,2609129,0,never_instantiated,0,,,,,0,0,,,,,,,,,,,,,,,,,,,,,,,,,,,,,,,,,,,,,,,,,,,,,,,,,,,,,,,,,,,,,,,,,,,,,,,,,,,,,,,,,,,,,,,,,,,,,,,,,,,,,,,,,,,,
10a,2,15,1,0.30,char_name,,104,0,never_instantiated,0,,,,,0,0,,role_type,1,0,never_instantiated,0,,,,,0,0,,company_type,2,0,never_instantiated,0,,,,,0,0,,company_name,1361,0,never_instantiated,0,,,,,0,0,movie_companies,,79,0,never_instantiated,0,,,,,0,0,cast_info,title,1012641,0,never_instantiated,0,,,,,0,0,,,,,,,,,,,,,,,,,,,,,,,,,,,,,,,,,,,,,,,,,,,,,,,,,,,,,,,,,,,,,,,,,,,,,,,,,,,,,,,,,,,,,,,,,,,,,,,,,,,,,,,,,,,,,,,,,,,,,,,,
10b,2,19,1,0.27,,company_name,1361,0,never_instantiated,0,,,,,0,0,,company_type,2,0,never_instantiated,0,,,,,0,0,,role_type,1,0,never_instantiated,0,,,,,0,0,,movie_companies,9252,0,never_instantiated,0,,,,,0,0,char_name,,0,0,never_instantiated,0,,,,,0,0,cast_info,title,391512,0,never_instantiated,0,,,,,0,0,,,,,,,,,,,,,,,,,,,,,,,,,,,,,,,,,,,,,,,,,,,,,,,,,,,,,,,,,,,,,,,,,,,,,,,,,,,,,,,,,,,,,,,,,,,,,,,,,,,,,,,,,,,,,,,,,,,,,,,,
10c,2,16,1,0.38,title,,14,0,never_instantiated,0,,,,,0,0,,company_type,2,0,never_instantiated,0,,,,,0,0,,company_name,84843,0,never_instantiated,0,,,,,0,0,,role_type,11,0,never_instantiated,0,,,,,0,0,,movie_companies,2609129,0,never_instantiated,0,,,,,0,0,cast_info,char_name,3140339,0,never_instantiated,0,,,,,0,0,,,,,,,,,,,,,,,,,,,,,,,,,,,,,,,,,,,,,,,,,,,,,,,,,,,,,,,,,,,,,,,,,,,,,,,,,,,,,,,,,,,,,,,,,,,,,,,,,,,,,,,,,,,,,,,,,,,,,,,,
11a,2,16,1,0.18,link_type,,310,0,never_instantiated,0,,,,,0,0,title,,310,0,never_instantiated,0,,,,,0,0,company_name,,664,0,never_instantiated,0,,,,,0,0,company_type,,664,0,never_instantiated,0,,,,,0,0,movie_link,,58,0,never_instantiated,0,,,,,0,0,movie_companies,,23,0,never_instantiated,0,,,,,0,0,movie_keyword,keyword,1,0,never_instantiated,0,,,,,0,0,,,,,,,,,,,,,,,,,,,,,,,,,,,,,,,,,,,,,,,,,,,,,,,,,,,,,,,,,,,,,,,,,,,,,,,,,,,,,,,,,,,,,,,,,,,,,,,,,,,,,,,,,,,,
11b,2,15,1,0.17,company_name,,21,0,never_instantiated,0,,,,,0,0,link_type,,21,0,never_instantiated,0,,,,,0,0,movie_link,,3,0,never_instantiated,0,,,,,0,0,,keyword,1,0,never_instantiated,0,,,,,0,0,,company_type,1,0,never_instantiated,0,,,,,0,0,movie_companies,,1,0,never_instantiated,0,,,,,0,0,movie_keyword,title,2,0,never_instantiated,0,,,,,0,0,,,,,,,,,,,,,,,,,,,,,,,,,,,,,,,,,,,,,,,,,,,,,,,,,,,,,,,,,,,,,,,,,,,,,,,,,,,,,,,,,,,,,,,,,,,,,,,,,,,,,,,,,,,,
11c,2,0,1,0.19,title,,6946,0,never_instantiated,0,,,,,0,0,,link_type,17,0,never_instantiated,0,,,,,0,0,movie_link,,43,0,never_instantiated,0,,,,,0,0,,company_type,1,0,never_instantiated,0,,,,,0,0,,company_name,89,0,never_instantiated,0,,,,,0,0,movie_companies,,5,0,never_instantiated,0,,,,,0,0,movie_keyword,keyword,3,0,never_instantiated,0,,,,,0,0,,,,,,,,,,,,,,,,,,,,,,,,,,,,,,,,,,,,,,,,,,,,,,,,,,,,,,,,,,,,,,,,,,,,,,,,,,,,,,,,,,,,,,,,,,,,,,,,,,,,,,,,,,,,
11d,2,13,1,0.20,,link_type,17,0,never_instantiated,0,,,,,0,0,,company_type,1,0,never_instantiated,0,,,,,0,0,company_name,,14916,0,never_instantiated,0,,,,,0,0,title,,14916,0,never_instantiated,0,,,,,0,0,,movie_link,29997,0,never_instantiated,0,,,,,0,0,,keyword,3,0,never_instantiated,0,,,,,0,0,movie_keyword,movie_companies,45858,0,never_instantiated,0,,,,,0,0,,,,,,,,,,,,,,,,,,,,,,,,,,,,,,,,,,,,,,,,,,,,,,,,,,,,,,,,,,,,,,,,,,,,,,,,,,,,,,,,,,,,,,,,,,,,,,,,,,,,,,,,,,,,
12a,2,5,1,0.23,company_name,,708,0,never_instantiated,0,,,,,0,0,title,,708,0,never_instantiated,0,,,,,0,0,,company_type,1,0,never_instantiated,0,,,,,0,0,,info_type,1,0,never_instantiated,0,,,,,0,0,movie_info_idx,,1405,0,never_instantiated,0,,,,,0,0,,info_type,1,0,never_instantiated,0,,,,,0,0,movie_info,movie_companies,1334883,0,never_instantiated,0,,,,,0,0,,,,,,,,,,,,,,,,,,,,,,,,,,,,,,,,,,,,,,,,,,,,,,,,,,,,,,,,,,,,,,,,,,,,,,,,,,,,,,,,,,,,,,,,,,,,,,,,,,,,,,,,,,,,
12b,2,1,1,0.21,,info_type,1,0,never_instantiated,0,,,,,0,0,,info_type,1,0,never_instantiated,0,,,,,0,0,,company_type,2,0,never_instantiated,0,,,,,0,0,,company_name,84843,0,never_instantiated,0,,,,,0,0,,title,2534,0,never_instantiated,0,,,,,0,0,,movie_info_idx,2,0,never_instantiated,0,,,,,0,0,movie_info,movie_companies,33,0,never_instantiated,0,,,,,0,0,,,,,,,,,,,,,,,,,,,,,,,,,,,,,,,,,,,,,,,,,,,,,,,,,,,,,,,,,,,,,,,,,,,,,,,,,,,,,,,,,,,,,,,,,,,,,,,,,,,,,,,,,,,,
12c,2,14,1,0.23,company_type,,4711,0,never_instantiated,0,,,,,0,0,company_name,,15537,0,never_instantiated,0,,,,,0,0,movie_companies,,7963,0,never_instantiated,0,,,,,0,0,,info_type,1,0,never_instantiated,0,,,,,0,0,title,,22186,0,never_instantiated,0,,,,,0,0,,info_type,1,0,never_instantiated,0,,,,,0,0,movie_info,movie_info_idx,121571,0,never_instantiated,0,,,,,0,0,,,,,,,,,,,,,,,,,,,,,,,,,,,,,,,,,,,,,,,,,,,,,,,,,,,,,,,,,,,,,,,,,,,,,,,,,,,,,,,,,,,,,,,,,,,,,,,,,,,,,,,,,,,,
13a,2,13,1,0.28,,company_type,1,0,never_instantiated,0,,,,,0,0,,info_type,1,0,never_instantiated,0,,,,,0,0,,info_type,1,0,never_instantiated,0,,,,,0,0,,kind_type,1,0,never_instantiated,0,,,,,0,0,title,,111109,0,never_instantiated,0,,,,,0,0,movie_info_idx,,129009,0,never_instantiated,0,,,,,0,0,,company_name,9775,0,never_instantiated,0,,,,,0,0,movie_info,movie_companies,71396,0,never_instantiated,0,,,,,0,0,,,,,,,,,,,,,,,,,,,,,,,,,,,,,,,,,,,,,,,,,,,,,,,,,,,,,,,,,,,,,,,,,,,,,,,,,,,,,,,,,,,,,,,,,,,,,,,,
13b,2,0,1,0.20,,kind_type,1,0,never_instantiated,0,,,,,0,0,title,,720,0,never_instantiated,0,,,,,0,0,,info_type,1,0,never_instantiated,0,,,,,0,0,movie_info_idx,,966,0,never_instantiated,0,,,,,0,0,,company_type,1,0,never_instantiated,0,,,,,0,0,,company_name,84843,0,never_instantiated,0,,,,,0,0,movie_companies,,1170,0,never_instantiated,0,,,,,0,0,movie_info,info_type,1,0,never_instantiated,0,,,,,0,0,,,,,,,,,,,,,,,,,,,,,,,,,,,,,,,,,,,,,,,,,,,,,,,,,,,,,,,,,,,,,,,,,,,,,,,,,,,,,,,,,,,,,,,,,,,,,,,,
13c,2,11,1,0.19,,info_type,1,0,never_instantiated,0,,,,,0,0,,kind_type,1,0,never_instantiated,0,,,,,0,0,,company_name,84843,0,never_instantiated,0,,,,,0,0,,company_type,1,0,never_instantiated,0,,,,,0,0,,info_type,1,0,never_instantiated,0,,,,,0,0,movie_companies,,90,0,never_instantiated,0,,,,,0,0,,movie_info_idx,459917,0,never_instantiated,0,,,,,0,0,movie_info,title,89,0,never_instantiated,0,,,,,0,0,,,,,,,,,,,,,,,,,,,,,,,,,,,,,,,,,,,,,,,,,,,,,,,,,,,,,,,,,,,,,,,,,,,,,,,,,,,,,,,,,,,,,,,,,,,,,,,,
13d,2,16,1,0.40,,kind_type,1,0,never_instantiated,0,,,,,0,0,,info_type,1,0,never_instantiated,0,,,,,0,0,title,,670463,0,never_instantiated,0,,,,,0,0,,company_name,84843,0,never_instantiated,0,,,,,0,0,,company_type,1,0,never_instantiated,0,,,,,0,0,movie_info_idx,,2250464,0,never_instantiated,0,,,,,0,0,movie_companies,,957345,0,never_instantiated,0,,,,,0,0,movie_info,info_type,1,0,never_instantiated,0,,,,,0,0,,,,,,,,,,,,,,,,,,,,,,,,,,,,,,,,,,,,,,,,,,,,,,,,,,,,,,,,,,,,,,,,,,,,,,,,,,,,,,,,,,,,,,,,,,,,,,,,
14a,2,15,1,0.20,keyword,,761,0,never_instantiated,0,,,,,0,0,,info_type,1,0,never_instantiated,0,,,,,0,0,movie_keyword,,521,0,never_instantiated,0,,,,,0,0,,info_type,1,0,never_instantiated,0,,,,,0,0,movie_info_idx,,552,0,never_instantiated,0,,,,,0,0,,kind_type,1,0,never_instantiated,0,,,,,0,0,,title,857,0,never_instantiated,0,,,,,0,0,movie_info,,10,0,never_instantiated,0,,,,,0,0,,,,,,,,,,,,,,,,,,,,,,,,,,,,,,,,,,,,,,,,,,,,,,,,,,,,,,,,,,,,,,,,,,,,,,,,,,,,,,,,,,,,,,,,,,,,,,,,
14b,2,15,1,0.18,keyword,,1,0,never_instantiated,0,,,,,0,0,,info_type,1,0,never_instantiated,0,,,,,0,0,movie_keyword,,1,0,never_instantiated,0,,,,,0,0,,info_type,1,0,never_instantiated,0,,,,,0,0,movie_info_idx,,1,0,never_instantiated,0,,,,,0,0,,kind_type,1,0,never_instantiated,0,,,,,0,0,,title,1,0,never_instantiated,0,,,,,0,0,movie_info,,10,0,never_instantiated,0,,,,,0,0,,,,,,,,,,,,,,,,,,,,,,,,,,,,,,,,,,,,,,,,,,,,,,,,,,,,,,,,,,,,,,,,,,,,,,,,,,,,,,,,,,,,,,,,,,,,,,,,
14c,2,5,1,0.22,keyword,,4115,0,never_instantiated,0,,,,,0,0,,kind_type,2,0,never_instantiated,0,,,,,0,0,movie_keyword,,2793,0,never_instantiated,0,,,,,0,0,,info_type,1,0,never_instantiated,0,,,,,0,0,title,,15227,0,never_instantiated,0,,,,,0,0,,info_type,1,0,never_instantiated,0,,,,,0,0,,movie_info_idx,454230,0,never_instantiated,0,,,,,0,0,movie_info,,10,0,never_instantiated,0,,,,,0,0,,,,,,,,,,,,,,,,,,,,,,,,,,,,,,,,,,,,,,,,,,,,,,,,,,,,,,,,,,,,,,,,,,,,,,,,,,,,,,,,,,,,,,,,,,,,,,,,
15a,2,9,1,0.35,keyword,,328,0,never_instantiated,0,,,,,0,0,,info_type,1,0,never_instantiated,0,,,,,0,0,,company_type,2,0,never_instantiated,0,,,,,0,0,,company_name,84843,0,never_instantiated,0,,,,,0,0,movie_keyword,,59,0,never_instantiated,0,,,,,0,0,aka_title,,688,0,never_instantiated,0,,,,,0,0,movie_companies,,589,0,never_instantiated,0,,,,,0,0,movie_info,title,50616,0,never_instantiated,0,,,,,0,0,,,,,,,,,,,,,,,,,,,,,,,,,,,,,,,,,,,,,,,,,,,,,,,,,,,,,,,,,,,,,,,,,,,,,,,,,,,,,,,,,,,,,,,,,,,,,,,,
15b,2,8,1,0.33,,company_name,1,0,never_instantiated,0,,,,,0,0,,company_type,2,0,never_instantiated,0,,,,,0,0,movie_companies,,37,0,never_instantiated,0,,,,,0,0,keyword,,37,0,never_instantiated,0,,,,,0,0,title,,37,0,never_instantiated,0,,,,,0,0,,info_type,1,0,never_instantiated,0,,,,,0,0,,aka_title,361379,0,never_instantiated,0,,,,,0,0,movie_keyword,movie_info,76,0,never_instantiated,0,,,,,0,0,,,,,,,,,,,,,,,,,,,,,,,,,,,,,,,,,,,,,,,,,,,,,,,,,,,,,,,,,,,,,,,,,,,,,,,,,,,,,,,,,,,,,,,,,,,,,,,,
15c,2,4,1,0.35,keyword,,2271,0,never_instantiated,0,,,,,0,0,movie_keyword,,284,0,never_instantiated,0,,,,,0,0,aka_title,,2647,0,never_instantiated,0,,,,,0,0,,company_name,84843,0,never_instantiated,0,,,,,0,0,,info_type,1,0,never_instantiated,0,,,,,0,0,,company_type,2,0,never_instantiated,0,,,,,0,0,movie_companies,,1782,0,never_instantiated,0,,,,,0,0,movie_info,title,1748410,0,never_instantiated,0,,,,,0,0,,,,,,,,,,,,,,,,,,,,,,,,,,,,,,,,,,,,,,,,,,,,,,,,,,,,,,,,,,,,,,,,,,,,,,,,,,,,,,,,,,,,,,,,,,,,,,,,
15d,2,5,1,0.26,,company_name,84843,0,never_instantiated,0,,,,,0,0,keyword,,39767,0,never_instantiated,0,,,,,0,0,movie_keyword,,2099,0,never_instantiated,0,,,,,0,0,,company_type,2,0,never_instantiated,0,,,,,0,0,,info_type,1,0,never_instantiated,0,,,,,0,0,title,,2130,0,never_instantiated,0,,,,,0,0,movie_companies,,591,0,never_instantiated,0,,,,,0,0,movie_info,aka_title,361379,0,never_instantiated,0,,,,,0,0,,,,,,,,,,,,,,,,,,,,,,,,,,,,,,,,,,,,,,,,,,,,,,,,,,,,,,,,,,,,,,,,,,,,,,,,,,,,,,,,,,,,,,,,,,,,,,,,
16a,2,16,1,0.35,,keyword,1,0,never_instantiated,0,,,,,0,0,title,,385,0,never_instantiated,0,,,,,0,0,movie_keyword,,391,0,never_instantiated,0,,,,,0,0,,company_name,84843,0,never_instantiated,0,,,,,0,0,,name,4061923,0,never_instantiated,0,,,,,0,0,,aka_name,772581,0,never_instantiated,0,,,,,0,0,cast_info,movie_companies,149235,0,never_instantiated,0,,,,,0,0,,,,,,,,,,,,,,,,,,,,,,,,,,,,,,,,,,,,,,,,,,,,,,,,,,,,,,,,,,,,,,,,,,,,,,,,,,,,,,,,,,,,,,,,,,,,,,,,,,,,,,,,,,,,
16b,2,0,1,0.56,title,,3710592,0,never_instantiated,0,,,,,0,0,name,,3710592,0,never_instantiated,0,,,,,0,0,,keyword,1,0,never_instantiated,0,,,,,0,0,movie_keyword,,3719996,0,never_instantiated,0,,,,,0,0,,company_name,84843,0,never_instantiated,0,,,,,0,0,,movie_companies,2609129,0,never_instantiated,0,,,,,0,0,cast_info,aka_name,772581,0,never_instantiated,0,,,,,0,0,,,,,,,,,,,,,,,,,,,,,,,,,,,,,,,,,,,,,,,,,,,,,,,,,,,,,,,,,,,,,,,,,,,,,,,,,,,,,,,,,,,,,,,,,,,,,,,,,,,,,,,,,,,,
16c,2,3,1,0.44,company_name,,424483,0,never_instantiated,0,,,,,0,0,movie_companies,,181492,0,never_instantiated,0,,,,,0,0,,keyword,1,0,never_instantiated,0,,,,,0,0,,aka_name,772581,0,never_instantiated,0,,,,,0,0,,movie_keyword,41838,0,never_instantiated,0,,,,,0,0,,title,7216,0,never_instantiated,0,,,,,0,0,cast_info,name,4061923,0,never_instantiated,0,,,,,0,0,,,,,,,,,,,,,,,,,,,,,,,,,,,,,,,,,,,,,,,,,,,,,,,,,,,,,,,,,,,,,,,,,,,,,,,,,,,,,,,,,,,,,,,,,,,,,,,,,,,,,,,,,,,,
16d,2,7,1,0.43,company_name,,317940,0,never_instantiated,0,,,,,0,0,aka_name,,239584,0,never_instantiated,0,,,,,0,0,name,,239584,0,never_instantiated,0,,,,,0,0,movie_companies,,99159,0,never_instantiated,0,,,,,0,0,,keyword,1,0,never_instantiated,0,,,,,0,0,,title,691930,0,never_instantiated,0,,,,,0,0,cast_info,movie_keyword,41838,0,never_instantiated,0,,,,,0,0,,,,,,,,,,,,,,,,,,,,,,,,,,,,,,,,,,,,,,,,,,,,,,,,,,,,,,,,,,,,,,,,,,,,,,,,,,,,,,,,,,,,,,,,,,,,,,,,,,,,,,,,,,,,
17a,2,19,1,0.39,company_name,,702849,0,never_instantiated,0,,,,,0,0,,keyword,1,0,never_instantiated,0,,,,,0,0,,name,334764,0,never_instantiated,0,,,,,0,0,,movie_keyword,41838,0,never_instantiated,0,,,,,0,0,,movie_companies,2609129,0,never_instantiated,0,,,,,0,0,cast_info,title,42606,0,never_instantiated,0,,,,,0,0,,,,,,,,,,,,,,,,,,,,,,,,,,,,,,,,,,,,,,,,,,,,,,,,,,,,,,,,,,,,,,,,,,,,,,,,,,,,,,,,,,,,,,,,,,,,,,,,,,,,,,,,,,,,,,,,,,,,,,,,
17b,2,11,1,0.30,company_name,,52306,0,never_instantiated,0,,,,,0,0,,keyword,1,0,never_instantiated,0,,,,,0,0,,movie_companies,2609129,0,never_instantiated,0,,,,,0,0,,movie_keyword,41838,0,never_instantiated,0,,,,,0,0,,name,35319,0,never_instantiated,0,,,,,0,0,cast_info,title,2525744,0,never_instantiated,0,,,,,0,0,,,,,,,,,,,,,,,,,,,,,,,,,,,,,,,,,,,,,,,,,,,,,,,,,,,,,,,,,,,,,,,,,,,,,,,,,,,,,,,,,,,,,,,,,,,,,,,,,,,,,,,,,,,,,,,,,,,,,,,,
17c,2,17,1,0.28,name,,3151,0,never_instantiated,0,,,,,0,0,company_name,,3151,0,never_instantiated,0,,,,,0,0,movie_companies,,403,0,never_instantiated,0,,,,,0,0,,keyword,1,0,never_instantiated,0,,,,,0,0,,title,2525744,0,never_instantiated,0,,,,,0,0,cast_info,movie_keyword,41838,0,never_instantiated,0,,,,,0,0,,,,,,,,,,,,,,,,,,,,,,,,,,,,,,,,,,,,,,,,,,,,,,,,,,,,,,,,,,,,,,,,,,,,,,,,,,,,,,,,,,,,,,,,,,,,,,,,,,,,,,,,,,,,,,,,,,,,,,,,
17d,2,18,1,0.32,company_name,,11538,0,never_instantiated,0,,,,,0,0,movie_companies,,1972,0,never_instantiated,0,,,,,0,0,,keyword,1,0,never_instantiated,0,,,,,0,0,,movie_keyword,41838,0,never_instantiated,0,,,,,0,0,,title,42606,0,never_instantiated,0,,,,,0,0,cast_info,name,5081,0,never_instantiated,0,,,,,0,0,,,,,,,,,,,,,,,,,,,,,,,,,,,,,,,,,,,,,,,,,,,,,,,,,,,,,,,,,,,,,,,,,,,,,,,,,,,,,,,,,,,,,,,,,,,,,,,,,,,,,,,,,,,,,,,,,,,,,,,,
17e,2,16,1,0.43,title,,2832555,0,never_instantiated,0,,,,,0,0,,keyword,1,0,never_instantiated,0,,,,,0,0,,company_name,84843,0,never_instantiated,0,,,,,0,0,,name,4061926,0,never_instantiated,0,,,,,0,0,,movie_keyword,41838,0,never_instantiated,0,,,,,0,0,cast_info,movie_companies,149235,0,never_instantiated,0,,,,,0,0,,,,,,,,,,,,,,,,,,,,,,,,,,,,,,,,,,,,,,,,,,,,,,,,,,,,,,,,,,,,,,,,,,,,,,,,,,,,,,,,,,,,,,,,,,,,,,,,,,,,,,,,,,,,,,,,,,,,,,,,
17f,2,15,1,0.46,company_name,,1113120,0,never_instantiated,0,,,,,0,0,name,,1225233,0,never_instantiated,0,,,,,0,0,,keyword,1,0,never_instantiated,0,,,,,0,0,,movie_companies,2609129,0,never_instantiated,0,,,,,0,0,,movie_keyword,41838,0,never_instantiated,0,,,,,0,0,cast_info,title,2525744,0,never_instantiated,0,,,,,0,0,,,,,,,,,,,,,,,,,,,,,,,,,,,,,,,,,,,,,,,,,,,,,,,,,,,,,,,,,,,,,,,,,,,,,,,,,,,,,,,,,,,,,,,,,,,,,,,,,,,,,,,,,,,,,,,,,,,,,,,,
18a,2,0,1,0.38,title,,410,0,never_instantiated,0,,,,,0,0,name,,422,0,never_instantiated,0,,,,,0,0,,info_type,1,0,never_instantiated,0,,,,,0,0,movie_info_idx,,715,0,never_instantiated,0,,,,,0,0,,info_type,1,0,never_instantiated,0,,,,,0,0,movie_info,cast_info,717,0,never_instantiated,0,,,,,0,0,,,,,,,,,,,,,,,,,,,,,,,,,,,,,,,,,,,,,,,,,,,,,,,,,,,,,,,,,,,,,,,,,,,,,,,,,,,,,,,,,,,,,,,,,,,,,,,,,,,,,,,,,,,,,,,,,,,,,,,,
18b,2,2,1,0.33,,info_type,1,0,never_instantiated,0,,,,,0,0,movie_info_idx,,12,0,never_instantiated,0,,,,,0,0,title,,19,0,never_instantiated,0,,,,,0,0,,info_type,1,0,never_instantiated,0,,,,,0,0,,movie_info,72258,0,never_instantiated,0,,,,,0,0,,name,961555,0,never_instantiated,0,,,,,0,0,cast_info,,5,0,never_instantiated,0,,,,,0,0,,,,,,,,,,,,,,,,,,,,,,,,,,,,,,,,,,,,,,,,,,,,,,,,,,,,,,,,,,,,,,,,,,,,,,,,,,,,,,,,,,,,,,,,,,,,,,,,,,,,,,,,,,,,
18c,2,2,1,0.39,,info_type,1,0,never_instantiated,0,,,,,0,0,movie_info_idx,,45262,0,never_instantiated,0,,,,,0,0,title,,45262,0,never_instantiated,0,,,,,0,0,,info_type,1,0,never_instantiated,0,,,,,0,0,,,32517,0,never_instantiated,0,,,,,0,0,movie_info,,6,0,never_instantiated,0,,,,,0,0,,name,1739579,0,never_instantiated,0,,,,,0,0,cast_info,,5,0,never_instantiated,0,,,,,0,0,,,,,,,,,,,,,,,,,,,,,,,,,,,,,,,,,,,,,,,,,,,,,,,,,,,,,,,,,,,,,,,,,,,,,,,,,,,,,,,,,,,,,,,,,,,,,,,,
19a,2,12,1,0.42,,info_type,1,0,never_instantiated,0,,,,,0,0,title,,311,0,never_instantiated,0,,,,,0,0,,company_name,84843,0,never_instantiated,0,,,,,0,0,movie_info,,137,0,never_instantiated,0,,,,,0,0,char_name,,137,0,never_instantiated,0,,,,,0,0,aka_name,,123,0,never_instantiated,0,,,,,0,0,name,,145,0,never_instantiated,0,,,,,0,0,,movie_companies,137290,0,never_instantiated,0,,,,,0,0,cast_info,role_type,1,0,never_instantiated,0,,,,,0,0,,,,,,,,,,,,,,,,,,,,,,,,,,,,,,,,,,,,,,,,,,,,,,,,,,,,,,,,,,,,,,,,,,,,,,,,,,,,,,,,,,,,
19b,2,11,1,0.36,info_type,,15,0,never_instantiated,0,,,,,0,0,company_name,,15,0,never_instantiated,0,,,,,0,0,movie_companies,,5,0,never_instantiated,0,,,,,0,0,movie_info,,5,0,never_instantiated,0,,,,,0,0,aka_name,,1,0,never_instantiated,0,,,,,0,0,char_name,,1,0,never_instantiated,0,,,,,0,0,,role_type,1,0,never_instantiated,0,,,,,0,0,title,,1,0,never_instantiated,0,,,,,0,0,name,cast_info,1,0,never_instantiated,0,,,,,0,0,,,,,,,,,,,,,,,,,,,,,,,,,,,,,,,,,,,,,,,,,,,,,,,,,,,,,,,,,,,,,,,,,,,,,,,,,,,,,,,,,,,,
19c,2,6,1,0.43,,info_type,1,0,never_instantiated,0,,,,,0,0,,company_name,84843,0,never_instantiated,0,,,,,0,0,,role_type,1,0,never_instantiated,0,,,,,0,0,,aka_name,772581,0,never_instantiated,0,,,,,0,0,movie_info,,3835,0,never_instantiated,0,,,,,0,0,movie_companies,,1673,0,never_instantiated,0,,,,,0,0,name,,1704,0,never_instantiated,0,,,,,0,0,char_name,,1704,0,never_instantiated,0,,,,,0,0,cast_info,title,1381089,0,never_instantiated,0,,,,,0,0,,,,,,,,,,,,,,,,,,,,,,,,,,,,,,,,,,,,,,,,,,,,,,,,,,,,,,,,,,,,,,,,,,,,,,,,,,,,,,,,,,,,
19d,2,15,1,0.52,title,,2711062,0,never_instantiated,0,,,,,0,0,aka_name,,1180843,0,never_instantiated,0,,,,,0,0,,role_type,1,0,never_instantiated,0,,,,,0,0,name,,1180843,0,never_instantiated,0,,,,,0,0,,info_type,1,0,never_instantiated,0,,,,,0,0,movie_info,,173567,0,never_instantiated,0,,,,,0,0,,company_name,84843,0,never_instantiated,0,,,,,0,0,,movie_companies,2609129,0,never_instantiated,0,,,,,0,0,cast_info,char_name,3140339,0,never_instantiated,0,,,,,0,0,,,,,,,,,,,,,,,,,,,,,,,,,,,,,,,,,,,,,,,,,,,,,,,,,,,,,,,,,,,,,,,,,,,,,,,,,,,,,,,,,,,,
20a,2,1,1,0.34,,comp_cast_type,1,0,never_instantiated,0,,,,,0,0,,,33,0,never_instantiated,0,,,,,0,0,keyword,,8,0,never_instantiated,0,,,,,0,0,char_name,,310,0,never_instantiated,0,,,,,0,0,,comp_cast_type,2,0,never_instantiated,0,,,,,0,0,movie_keyword,,210,0,never_instantiated,0,,,,,0,0,,kind_type,1,0,never_instantiated,0,,,,,0,0,,title,12877,0,never_instantiated,0,,,,,0,0,name,,210,0,never_instantiated,0,,,,,0,0,cast_info,complete_cast,84165,0,never_instantiated,0,,,,,0,0,,,,,,,,,,,,,,,,,,,,,,,,,,,,,,,,,,,,,,,,,,,,,,,,,,,,,,,,,,,,,,,,,,,,,,,,
20b,2,14,1,0.26,,comp_cast_type,1,0,never_instantiated,0,,,,,0,0,,kind_type,1,0,never_instantiated,0,,,,,0,0,,comp_cast_type,2,0,never_instantiated,0,,,,,0,0,,complete_cast,84165,0,never_instantiated,0,,,,,0,0,,,8,0,never_instantiated,0,,,,,0,0,movie_keyword,,9,0,never_instantiated,0,,,,,0,0,,char_name,30,0,never_instantiated,0,,,,,0,0,,name,2,0,never_instantiated,0,,,,,0,0,cast_info,title,273769,0,never_instantiated,0,,,,,0,0,keyword,,8,0,never_instantiated,0,,,,,0,0,,,,,,,,,,,,,,,,,,,,,,,,,,,,,,,,,,,,,,,,,,,,,,,,,,,,,,,,,,,,,,,,,,,,,,,,
20c,2,0,1,0.41,,kind_type,1,0,never_instantiated,0,,,,,0,0,title,,20718,0,never_instantiated,0,,,,,0,0,name,,20718,0,never_instantiated,0,,,,,0,0,,,10,0,never_instantiated,0,,,,,0,0,movie_keyword,,118833,0,never_instantiated,0,,,,,0,0,,comp_cast_type,2,0,never_instantiated,0,,,,,0,0,,comp_cast_type,1,0,never_instantiated,0,,,,,0,0,,complete_cast,84165,0,never_instantiated,0,,,,,0,0,cast_info,char_name,180152,0,never_instantiated,0,,,,,0,0,keyword,,10,0,never_instantiated,0,,,,,0,0,,,,,,,,,,,,,,,,,,,,,,,,,,,,,,,,,,,,,,,,,,,,,,,,,,,,,,,,,,,,,,,,,,,,,,,,
21a,2,4,1,0.25,,keyword,1,0,never_instantiated,0,,,,,0,0,movie_keyword,,1410,0,never_instantiated,0,,,,,0,0,company_name,,3029,0,never_instantiated,0,,,,,0,0,,link_type,2,0,never_instantiated,0,,,,,0,0,,movie_link,2315,0,never_instantiated,0,,,,,0,0,title,,167,0,never_instantiated,0,,,,,0,0,,company_type,1,0,never_instantiated,0,,,,,0,0,,movie_companies,523,0,never_instantiated,0,,,,,0,0,movie_info,,8,0,never_instantiated,0,,,,,0,0,,,,,,,,,,,,,,,,,,,,,,,,,,,,,,,,,,,,,,,,,,,,,,,,,,,,,,,,,,,,,,,,,,,,,,,,,,,,,,,,,,,,
21b,2,12,1,0.24,,keyword,1,0,never_instantiated,0,,,,,0,0,title,,38,0,never_instantiated,0,,,,,0,0,,link_type,2,0,never_instantiated,0,,,,,0,0,company_name,,133,0,never_instantiated,0,,,,,0,0,,movie_link,1007,0,never_instantiated,0,,,,,0,0,,company_type,1,0,never_instantiated,0,,,,,0,0,movie_keyword,,7,0,never_instantiated,0,,,,,0,0,movie_info,movie_companies,112,0,never_instantiated,0,,,,,0,0,,,,,,,,,,,,,,,,,,,,,,,,,,,,,,,,,,,,,,,,,,,,,,,,,,,,,,,,,,,,,,,,,,,,,,,,,,,,,,,,,,,,,,,,,,,,,,,,
21c,2,6,1,0.26,company_name,,4395,0,never_instantiated,0,,,,,0,0,title,,4395,0,never_instantiated,0,,,,,0,0,company_type,,4395,0,never_instantiated,0,,,,,0,0,,keyword,1,0,never_instantiated,0,,,,,0,0,,link_type,2,0,never_instantiated,0,,,,,0,0,movie_keyword,,4393,0,never_instantiated,0,,,,,0,0,movie_companies,,736,0,never_instantiated,0,,,,,0,0,,movie_link,2315,0,never_instantiated,0,,,,,0,0,movie_info,,9,0,never_instantiated,0,,,,,0,0,,,,,,,,,,,,,,,,,,,,,,,,,,,,,,,,,,,,,,,,,,,,,,,,,,,,,,,,,,,,,,,,,,,,,,,,,,,,,,,,,,,,
22a,2,10,1,0.27,keyword,,2851,0,never_instantiated,0,,,,,0,0,movie_keyword,,1509,0,never_instantiated,0,,,,,0,0,,kind_type,2,0,never_instantiated,0,,,,,0,0,company_type,,1510,0,never_instantiated,0,,,,,0,0,title,,22559,0,never_instantiated,0,,,,,0,0,company_name,,25253,0,never_instantiated,0,,,,,0,0,movie_companies,,4795,0,never_instantiated,0,,,,,0,0,,info_type,1,0,never_instantiated,0,,,,,0,0,movie_info_idx,,6637,0,never_instantiated,0,,,,,0,0,movie_info,info_type,1,0,never_instantiated,0,,,,,0,0,,,,,,,,,,,,,,,,,,,,,,,,,,,,,,,,,,,,,,,,,,,,,,,,,,,,,,,,,,,,,,,,,,,,,,,,
22b,2,15,1,0.26,keyword,,31,0,never_instantiated,0,,,,,0,0,movie_keyword,,17,0,never_instantiated,0,,,,,0,0,,kind_type,2,0,never_instantiated,0,,,,,0,0,,info_type,1,0,never_instantiated,0,,,,,0,0,company_name,,24,0,never_instantiated,0,,,,,0,0,title,,33,0,never_instantiated,0,,,,,0,0,,company_type,2,0,never_instantiated,0,,,,,0,0,movie_companies,,29,0,never_instantiated,0,,,,,0,0,movie_info_idx,,824,0,never_instantiated,0,,,,,0,0,movie_info,info_type,1,0,never_instantiated,0,,,,,0,0,,,,,,,,,,,,,,,,,,,,,,,,,,,,,,,,,,,,,,,,,,,,,,,,,,,,,,,,,,,,,,,,,,,,,,,,
22c,2,19,1,0.28,company_name,,23216,0,never_instantiated,0,,,,,0,0,company_type,,23216,0,never_instantiated,0,,,,,0,0,movie_companies,,2057,0,never_instantiated,0,,,,,0,0,keyword,,2057,0,never_instantiated,0,,,,,0,0,,info_type,1,0,never_instantiated,0,,,,,0,0,,kind_type,2,0,never_instantiated,0,,,,,0,0,movie_keyword,,1290,0,never_instantiated,0,,,,,0,0,movie_info_idx,,1365,0,never_instantiated,0,,,,,0,0,,info_type,1,0,never_instantiated,0,,,,,0,0,,title,907876,0,never_instantiated,0,,,,,0,0,movie_info,,10,0,never_instantiated,0,,,,,0,0,,,,,,,,,,,,,,,,,,,,,,,,,,,,,,,,,,,,,,,,,,,,,,,,,,,,,,,,,,,,
22d,2,5,1,0.29,,info_type,1,0,never_instantiated,0,,,,,0,0,,company_type,2,0,never_instantiated,0,,,,,0,0,keyword,,46281,0,never_instantiated,0,,,,,0,0,,kind_type,2,0,never_instantiated,0,,,,,0,0,title,,144733,0,never_instantiated,0,,,,,0,0,company_name,,245545,0,never_instantiated,0,,,,,0,0,movie_companies,,20967,0,never_instantiated,0,,,,,0,0,movie_keyword,,15227,0,never_instantiated,0,,,,,0,0,movie_info_idx,,17733,0,never_instantiated,0,,,,,0,0,,info_type,1,0,never_instantiated,0,,,,,0,0,movie_info,,10,0,never_instantiated,0,,,,,0,0,,,,,,,,,,,,,,,,,,,,,,,,,,,,,,,,,,,,,,,,,,,,,,,,,,,,,,,,,,,,
23a,2,13,1,0.33,keyword,,618,0,never_instantiated,0,,,,,0,0,company_type,,618,0,never_instantiated,0,,,,,0,0,,comp_cast_type,1,0,never_instantiated,0,,,,,0,0,company_name,,618,0,never_instantiated,0,,,,,0,0,,kind_type,1,0,never_instantiated,0,,,,,0,0,,info_type,1,0,never_instantiated,0,,,,,0,0,title,,618,0,never_instantiated,0,,,,,0,0,movie_companies,,615,0,never_instantiated,0,,,,,0,0,,complete_cast,24245,0,never_instantiated,0,,,,,0,0,movie_keyword,movie_info,3,0,never_instantiated,0,,,,,0,0,,,,,,,,,,,,,,,,,,,,,,,,,,,,,,,,,,,,,,,,,,,,,,,,,,,,,,,,,,,,,,,,,,,,,,,,
23b,2,13,1,0.31,kind_type,,16,0,never_instantiated,0,,,,,0,0,company_type,,16,0,never_instantiated,0,,,,,0,0,company_name,,16,0,never_instantiated,0,,,,,0,0,title,,16,0,never_instantiated,0,,,,,0,0,,comp_cast_type,1,0,never_instantiated,0,,,,,0,0,,info_type,1,0,never_instantiated,0,,,,,0,0,,complete_cast,24245,0,never_instantiated,0,,,,,0,0,movie_companies,,8,0,never_instantiated,0,,,,,0,0,,keyword,4,0,never_instantiated,0,,,,,0,0,movie_keyword,movie_info,2,0,never_instantiated,0,,,,,0,0,,,,,,,,,,,,,,,,,,,,,,,,,,,,,,,,,,,,,,,,,,,,,,,,,,,,,,,,,,,,,,,,,,,,,,,,
23c,2,10,1,0.36,company_name,,628,0,never_instantiated,0,,,,,0,0,,company_type,2,0,never_instantiated,0,,,,,0,0,,info_type,1,0,never_instantiated,0,,,,,0,0,keyword,,628,0,never_instantiated,0,,,,,0,0,movie_companies,,625,0,never_instantiated,0,,,,,0,0,,comp_cast_type,1,0,never_instantiated,0,,,,,0,0,movie_keyword,,6,0,never_instantiated,0,,,,,0,0,,kind_type,4,0,never_instantiated,0,,,,,0,0,title,,6,0,never_instantiated,0,,,,,0,0,movie_info,complete_cast,24245,0,never_instantiated,0,,,,,0,0,,,,,,,,,,,,,,,,,,,,,,,,,,,,,,,,,,,,,,,,,,,,,,,,,,,,,,,,,,,,,,,,,,,,,,,,
24a,2,10,1,0.44,keyword,,275,0,never_instantiated,0,,,,,0,0,,role_type,1,0,never_instantiated,0,,,,,0,0,char_name,,275,0,never_instantiated,0,,,,,0,0,,company_name,84843,0,never_instantiated,0,,,,,0,0,title,,895,0,never_instantiated,0,,,,,0,0,movie_keyword,,465,0,never_instantiated,0,,,,,0,0,aka_name,,158,0,never_instantiated,0,,,,,0,0,,info_type,1,0,never_instantiated,0,,,,,0,0,,movie_info,213415,0,never_instantiated,0,,,,,0,0,,name,50011,0,never_instantiated,0,,,,,0,0,cast_info,movie_companies,54682,0,never_instantiated,0,,,,,0,0,,,,,,,,,,,,,,,,,,,,,,,,,,,,,,,,,,,,,,,,,,,,,,,,,,,,,,,,,,,,
24b,2,2,1,0.38,info_type,,45,0,never_instantiated,0,,,,,0,0,movie_info,,25,0,never_instantiated,0,,,,,0,0,keyword,,25,0,never_instantiated,0,,,,,0,0,,company_name,1,0,never_instantiated,0,,,,,0,0,movie_keyword,,15,0,never_instantiated,0,,,,,0,0,aka_name,,3,0,never_instantiated,0,,,,,0,0,name,,3,0,never_instantiated,0,,,,,0,0,char_name,,3,0,never_instantiated,0,,,,,0,0,,title,7,0,never_instantiated,0,,,,,0,0,,role_type,1,0,never_instantiated,0,,,,,0,0,cast_info,movie_companies,3,0,never_instantiated,0,,,,,0,0,,,,,,,,,,,,,,,,,,,,,,,,,,,,,,,,,,,,,,,,,,,,,,,,,,,,,,,,,,,,
25a,2,14,1,0.40,info_type,,4407,0,never_instantiated,0,,,,,0,0,,movie_info,30413,0,never_instantiated,0,,,,,0,0,,,5,0,never_instantiated,0,,,,,0,0,movie_keyword,,3901,0,never_instantiated,0,,,,,0,0,name,,6828,0,never_instantiated,0,,,,,0,0,,info_type,1,0,never_instantiated,0,,,,,0,0,,movie_info_idx,459925,0,never_instantiated,0,,,,,0,0,,title,16150,0,never_instantiated,0,,,,,0,0,cast_info,,5,0,never_instantiated,0,,,,,0,0,keyword,,5,0,never_instantiated,0,,,,,0,0,,,,,,,,,,,,,,,,,,,,,,,,,,,,,,,,,,,,,,,,,,,,,,,,,,,,,,,,,,,,,,,,,,,,,,,,
25b,2,19,1,0.35,info_type,,6,0,never_instantiated,0,,,,,0,0,,info_type,1,0,never_instantiated,0,,,,,0,0,,movie_info,30413,0,never_instantiated,0,,,,,0,0,,,5,0,never_instantiated,0,,,,,0,0,name,,35,0,never_instantiated,0,,,,,0,0,,movie_info_idx,459925,0,never_instantiated,0,,,,,0,0,movie_keyword,,13,0,never_instantiated,0,,,,,0,0,,title,73,0,never_instantiated,0,,,,,0,0,cast_info,,5,0,never_instantiated,0,,,,,0,0,keyword,,5,0,never_instantiated,0,,,,,0,0,,,,,,,,,,,,,,,,,,,,,,,,,,,,,,,,,,,,,,,,,,,,,,,,,,,,,,,,,,,,,,,,,,,,,,,,
25c,2,12,1,0.43,,info_type,1,0,never_instantiated,0,,,,,0,0,title,,26153,0,never_instantiated,0,,,,,0,0,,info_type,1,0,never_instantiated,0,,,,,0,0,,,15058,0,never_instantiated,0,,,,,0,0,movie_info,,6,0,never_instantiated,0,,,,,0,0,name,,25203,0,never_instantiated,0,,,,,0,0,,,7,0,never_instantiated,0,,,,,0,0,,movie_info_idx,459925,0,never_instantiated,0,,,,,0,0,,movie_keyword,4523924,0,never_instantiated,0,,,,,0,0,cast_info,,5,0,never_instantiated,0,,,,,0,0,keyword,,7,0,never_instantiated,0,,,,,0,0,,,,,,,,,,,,,,,,,,,,,,,,,,,,,,,,,,,,,,,,,,,,,,,,,,,,,,,,,,,,
26a,2,0,1,0.41,,kind_type,1,0,never_instantiated,0,,,,,0,0,title,,5264,0,never_instantiated,0,,,,,0,0,name,,5264,0,never_instantiated,0,,,,,0,0,,,5264,0,never_instantiated,0,,,,,0,0,keyword,,10,0,never_instantiated,0,,,,,0,0,movie_keyword,,4002,0,never_instantiated,0,,,,,0,0,,info_type,1,0,never_instantiated,0,,,,,0,0,movie_info_idx,,4032,0,never_instantiated,0,,,,,0,0,,comp_cast_type,2,0,never_instantiated,0,,,,,0,0,,comp_cast_type,1,0,never_instantiated,0,,,,,0,0,,complete_cast,84165,0,never_instantiated,0,,,,,0,0,cast_info,char_name,180152,0,never_instantiated,0,,,,,0,0,,,,,,,,,,,,,,,,,,,,,,,,,,,,,,,,,,,,,,,,,,,,,,,,
26b,2,0,1,0.36,,kind_type,1,0,never_instantiated,0,,,,,0,0,title,,93,0,never_instantiated,0,,,,,0,0,name,,93,0,never_instantiated,0,,,,,0,0,keyword,,93,0,never_instantiated,0,,,,,0,0,movie_keyword,,47,0,never_instantiated,0,,,,,0,0,,info_type,1,0,never_instantiated,0,,,,,0,0,movie_info_idx,,47,0,never_instantiated,0,,,,,0,0,,comp_cast_type,2,0,never_instantiated,0,,,,,0,0,,comp_cast_type,1,0,never_instantiated,0,,,,,0,0,,complete_cast,84165,0,never_instantiated,0,,,,,0,0,cast_info,char_name,180152,0,never_instantiated,0,,,,,0,0,,,,,,,,,,,,,,,,,,,,,,,,,,,,,,,,,,,,,,,,,,,,,,,,,,,,,,,,,,,,
26c,2,19,1,0.39,,info_type,1,0,never_instantiated,0,,,,,0,0,,kind_type,1,0,never_instantiated,0,,,,,0,0,name,,5400,0,never_instantiated,0,,,,,0,0,movie_info_idx,,5406,0,never_instantiated,0,,,,,0,0,char_name,,5437,0,never_instantiated,0,,,,,0,0,,,10,0,never_instantiated,0,,,,,0,0,,comp_cast_type,2,0,never_instantiated,0,,,,,0,0,,title,273751,0,never_instantiated,0,,,,,0,0,,comp_cast_type,1,0,never_instantiated,0,,,,,0,0,movie_keyword,,119571,0,never_instantiated,0,,,,,0,0,cast_info,complete_cast,84165,0,never_instantiated,0,,,,,0,0,keyword,,10,0,never_instantiated,0,,,,,0,0,,,,,,,,,,,,,,,,,,,,,,,,,,,,,,,,,,,,,,,,,,,,,,,,
27a,2,14,1,0.24,link_type,,477,0,never_instantiated,0,,,,,0,0,keyword,,477,0,never_instantiated,0,,,,,0,0,,comp_cast_type,2,0,never_instantiated,0,,,,,0,0,,comp_cast_type,1,0,never_instantiated,0,,,,,0,0,movie_link,,27,0,never_instantiated,0,,,,,0,0,complete_cast,,27,0,never_instantiated,0,,,,,0,0,movie_keyword,,27,0,never_instantiated,0,,,,,0,0,company_name,,62,0,never_instantiated,0,,,,,0,0,,company_type,1,0,never_instantiated,0,,,,,0,0,,movie_companies,47709,0,never_instantiated,0,,,,,0,0,movie_info,title,9,0,never_instantiated,0,,,,,0,0,,,,,,,,,,,,,,,,,,,,,,,,,,,,,,,,,,,,,,,,,,,,,,,,,,,,,,,,,,,,
27b,2,19,1,0.20,company_name,,532,0,never_instantiated,0,,,,,0,0,link_type,,532,0,never_instantiated,0,,,,,0,0,movie_link,,28,0,never_instantiated,0,,,,,0,0,,keyword,1,0,never_instantiated,0,,,,,0,0,,comp_cast_type,2,0,never_instantiated,0,,,,,0,0,,comp_cast_type,1,0,never_instantiated,0,,,,,0,0,complete_cast,,28,0,never_instantiated,0,,,,,0,0,,company_type,1,0,never_instantiated,0,,,,,0,0,movie_companies,,5,0,never_instantiated,0,,,,,0,0,movie_keyword,,5,0,never_instantiated,0,,,,,0,0,movie_info,title,2,0,never_instantiated,0,,,,,0,0,,,,,,,,,,,,,,,,,,,,,,,,,,,,,,,,,,,,,,,,,,,,,,,,,,,,,,,,,,,,
27c,2,17,1,0.25,company_name,,1808,0,never_instantiated,0,,,,,0,0,company_type,,1808,0,never_instantiated,0,,,,,0,0,link_type,,1808,0,never_instantiated,0,,,,,0,0,movie_link,,110,0,never_instantiated,0,,,,,0,0,comp_cast_type,,110,0,never_instantiated,0,,,,,0,0,comp_cast_type,,110,0,never_instantiated,0,,,,,0,0,movie_companies,,22,0,never_instantiated,0,,,,,0,0,complete_cast,,22,0,never_instantiated,0,,,,,0,0,,keyword,1,0,never_instantiated,0,,,,,0,0,,title,27458,0,never_instantiated,0,,,,,0,0,movie_keyword,,20,0,never_instantiated,0,,,,,0,0,movie_info,,9,0,never_instantiated,0,,,,,0,0,,,,,,,,,,,,,,,,,,,,,,,,,,,,,,,,,,,,,,,,,,,,,,,,
28a,2,7,1,0.27,kind_type,,4803,0,never_instantiated,0,,,,,0,0,comp_cast_type,,4803,0,never_instantiated,0,,,,,0,0,comp_cast_type,,4803,0,never_instantiated,0,,,,,0,0,complete_cast,,4803,0,never_instantiated,0,,,,,0,0,keyword,,4803,0,never_instantiated,0,,,,,0,0,,info_type,1,0,never_instantiated,0,,,,,0,0,movie_keyword,,2580,0,never_instantiated,0,,,,,0,0,,company_type,2,0,never_instantiated,0,,,,,0,0,movie_info_idx,,2701,0,never_instantiated,0,,,,,0,0,company_name,,2787,0,never_instantiated,0,,,,,0,0,movie_companies,,233,0,never_instantiated,0,,,,,0,0,title,,344,0,never_instantiated,0,,,,,0,0,,info_type,1,0,never_instantiated,0,,,,,0,0,movie_info,,10,0,never_instantiated,0,,,,,0,0,,,,,,,,,,,,,,,,,,,,,,,,
28b,2,9,1,0.25,keyword,,148,0,never_instantiated,0,,,,,0,0,company_name,,150,0,never_instantiated,0,,,,,0,0,company_type,,150,0,never_instantiated,0,,,,,0,0,info_type,,150,0,never_instantiated,0,,,,,0,0,movie_companies,,10,0,never_instantiated,0,,,,,0,0,movie_keyword,,6,0,never_instantiated,0,,,,,0,0,,kind_type,2,0,never_instantiated,0,,,,,0,0,title,,53,0,never_instantiated,0,,,,,0,0,,comp_cast_type,1,0,never_instantiated,0,,,,,0,0,,comp_cast_type,1,0,never_instantiated,0,,,,,0,0,complete_cast,,54,0,never_instantiated,0,,,,,0,0,,info_type,1,0,never_instantiated,0,,,,,0,0,movie_info,movie_info_idx,4338,0,never_instantiated,0,,,,,0,0,,,,,,,,,,,,,,,,,,,,,,,,,,,,,,,,,,,,
28c,2,11,1,0.29,keyword,,8373,0,never_instantiated,0,,,,,0,0,kind_type,,8373,0,never_instantiated,0,,,,,0,0,comp_cast_type,,8373,0,never_instantiated,0,,,,,0,0,,info_type,1,0,never_instantiated,0,,,,,0,0,,comp_cast_type,1,0,never_instantiated,0,,,,,0,0,company_name,,8771,0,never_instantiated,0,,,,,0,0,movie_info_idx,,8897,0,never_instantiated,0,,,,,0,0,complete_cast,,23879,0,never_instantiated,0,,,,,0,0,,company_type,2,0,never_instantiated,0,,,,,0,0,movie_companies,,2185,0,never_instantiated,0,,,,,0,0,,info_type,1,0,never_instantiated,0,,,,,0,0,movie_keyword,,1365,0,never_instantiated,0,,,,,0,0,,title,2079,0,never_instantiated,0,,,,,0,0,movie_info,,10,0,never_instantiated,0,,,,,0,0,,,,,,,,,,,,,,,,,,,,,,,,
29a,2,6,1,0.40,title,,1620,0,never_instantiated,0,,,,,0,0,comp_cast_type,,1620,0,never_instantiated,0,,,,,0,0,company_name,,7128,0,never_instantiated,0,,,,,0,0,info_type,,7128,0,never_instantiated,0,,,,,0,0,keyword,,7128,0,never_instantiated,0,,,,,0,0,comp_cast_type,,7128,0,never_instantiated,0,,,,,0,0,movie_keyword,,7128,0,never_instantiated,0,,,,,0,0,info_type,,7128,0,never_instantiated,0,,,,,0,0,,char_name,1,0,never_instantiated,0,,,,,0,0,movie_info,,3564,0,never_instantiated,0,,,,,0,0,movie_companies,,162,0,never_instantiated,0,,,,,0,0,person_info,,3,0,never_instantiated,0,,,,,0,0,complete_cast,,3,0,never_instantiated,0,,,,,0,0,aka_name,,1,0,never_instantiated,0,,,,,0,0,,role_type,1,0,never_instantiated,0,,,,,0,0,cast_info,name,50011,0,never_instantiated,0,,,,,0,0
29b,2,9,1,0.39,name,,15,0,never_instantiated,0,,,,,0,0,keyword,,15,0,never_instantiated,0,,,,,0,0,aka_name,,5,0,never_instantiated,0,,,,,0,0,info_type,,5,0,never_instantiated,0,,,,,0,0,company_name,,22,0,never_instantiated,0,,,,,0,0,person_info,,22,0,never_instantiated,0,,,,,0,0,comp_cast_type,,22,0,never_instantiated,0,,,,,0,0,comp_cast_type,,22,0,never_instantiated,0,,,,,0,0,complete_cast,,22,0,never_instantiated,0,,,,,0,0,info_type,,22,0,never_instantiated,0,,,,,0,0,movie_keyword,,22,0,never_instantiated,0,,,,,0,0,movie_info,,22,0,never_instantiated,0,,,,,0,0,movie_companies,,1,0,never_instantiated,0,,,,,0,0,char_name,,1,0,never_instantiated,0,,,,,0,0,,role_type,1,0,never_instantiated,0,,,,,0,0,cast_info,title,1,0,never_instantiated,0,,,,,0,0
29c,2,4,1,0.46,keyword,,16308,0,never_instantiated,0,,,,,0,0,info_type,,16308,0,never_instantiated,0,,,,,0,0,person_info,,189,0,never_instantiated,0,,,,,0,0,,info_type,1,0,never_instantiated,0,,,,,0,0,aka_name,,46,0,never_instantiated,0,,,,,0,0,,comp_cast_type,1,0,never_instantiated,0,,,,,0,0,,comp_cast_type,1,0,never_instantiated,0,,,,,0,0,char_name,,46,0,never_instantiated,0,,,,,0,0,complete_cast,,55,0,never_instantiated,0,,,,,0,0,title,,70,0,never_instantiated,0,,,,,0,0,,company_name,84843,0,never_instantiated,0,,,,,0,0,,role_type,1,0,never_instantiated,0,,,,,0,0,,movie_keyword,414,0,never_instantiated,0,,,,,0,0,,movie_companies,2608923,0,never_instantiated,0,,,,,0,0,,name,50011,0,never_instantiated,0,,,,,0,0,cast_info,movie_info,450871,0,never_instantiated,0,,,,,0,0
30a,2,3,1,0.40,,comp_cast_type,2,0,never_instantiated,0,,,,,0,0,,info_type,1,0,never_instantiated,0,,,,,0,0,movie_info,,642,0,never_instantiated,0,,,,,0,0,,comp_cast_type,1,0,never_instantiated,0,,,,,0,0,name,,871,0,never_instantiated,0,,,,,0,0,complete_cast,,841,0,never_instantiated,0,,,,,0,0,,,7,0,never_instantiated,0,,,,,0,0,title,,173928,0,never_instantiated,0,,,,,0,0,,info_type,1,0,never_instantiated,0,,,,,0,0,,movie_info_idx,459891,0,never_instantiated,0,,,,,0,0,,movie_keyword,227832,0,never_instantiated,0,,,,,0,0,cast_info,,5,0,never_instantiated,0,,,,,0,0,keyword,,7,0,never_instantiated,0,,,,,0,0,,,,,,,,,,,,,,,,,,,,,,,,,,,,,,,,,,,,
30b,2,2,1,0.37,,info_type,1,0,never_instantiated,0,,,,,0,0,title,,28,0,never_instantiated,0,,,,,0,0,,,28,0,never_instantiated,0,,,,,0,0,keyword,,7,0,never_instantiated,0,,,,,0,0,movie_keyword,,7,0,never_instantiated,0,,,,,0,0,name,,7,0,never_instantiated,0,,,,,0,0,,comp_cast_type,2,0,never_instantiated,0,,,,,0,0,,comp_cast_type,1,0,never_instantiated,0,,,,,0,0,,info_type,1,0,never_instantiated,0,,,,,0,0,,complete_cast,24245,0,never_instantiated,0,,,,,0,0,,movie_info,72258,0,never_instantiated,0,,,,,0,0,,movie_info_idx,3555,0,never_instantiated,0,,,,,0,0,cast_info,,5,0,never_instantiated,0,,,,,0,0,,,,,,,,,,,,,,,,,,,,,,,,,,,,,,,,,,,,
30c,2,9,1,0.42,,comp_cast_type,1,0,never_instantiated,0,,,,,0,0,,comp_cast_type,1,0,never_instantiated,0,,,,,0,0,title,,8024,0,never_instantiated,0,,,,,0,0,,info_type,1,0,never_instantiated,0,,,,,0,0,,info_type,1,0,never_instantiated,0,,,,,0,0,movie_info_idx,,8024,0,never_instantiated,0,,,,,0,0,,complete_cast,17602,0,never_instantiated,0,,,,,0,0,,,7,0,never_instantiated,0,,,,,0,0,,name,1739579,0,never_instantiated,0,,,,,0,0,,,186589,0,never_instantiated,0,,,,,0,0,,movie_keyword,392151,0,never_instantiated,0,,,,,0,0,cast_info,,5,0,never_instantiated,0,,,,,0,0,movie_info,,6,0,never_instantiated,0,,,,,0,0,keyword,,7,0,never_instantiated,0,,,,,0,0,,,,,,,,,,,,,,,,,,,,,,,,
31a,2,10,1,0.40,company_name,,1273,0,never_instantiated,0,,,,,0,0,movie_companies,,678,0,never_instantiated,0,,,,,0,0,,info_type,1,0,never_instantiated,0,,,,,0,0,,,7,0,never_instantiated,0,,,,,0,0,movie_info_idx,,22963,0,never_instantiated,0,,,,,0,0,,info_type,1,0,never_instantiated,0,,,,,0,0,,movie_keyword,42374,0,never_instantiated,0,,,,,0,0,,movie_info,72255,0,never_instantiated,0,,,,,0,0,,title,991,0,never_instantiated,0,,,,,0,0,,name,1739579,0,never_instantiated,0,,,,,0,0,cast_info,,5,0,never_instantiated,0,,,,,0,0,keyword,,7,0,never_instantiated,0,,,,,0,0,,,,,,,,,,,,,,,,,,,,,,,,,,,,,,,,,,,,,,,,,,,,,,,,
31b,2,5,1,0.37,,info_type,1,0,never_instantiated,0,,,,,0,0,,info_type,1,0,never_instantiated,0,,,,,0,0,movie_info,,53,0,never_instantiated,0,,,,,0,0,,company_name,10,0,never_instantiated,0,,,,,0,0,,,7,0,never_instantiated,0,,,,,0,0,movie_keyword,,12,0,never_instantiated,0,,,,,0,0,,movie_companies,135,0,never_instantiated,0,,,,,0,0,name,,10,0,never_instantiated,0,,,,,0,0,,movie_info_idx,459917,0,never_instantiated,0,,,,,0,0,,title,533,0,never_instantiated,0,,,,,0,0,cast_info,,5,0,never_instantiated,0,,,,,0,0,keyword,,7,0,never_instantiated,0,,,,,0,0,,,,,,,,,,,,,,,,,,,,,,,,,,,,,,,,,,,,,,,,,,,,,,,,
31c,2,4,1,0.42,,,2825,0,never_instantiated,0,,,,,0,0,keyword,,7,0,never_instantiated,0,,,,,0,0,movie_keyword,,823,0,never_instantiated,0,,,,,0,0,company_name,,823,0,never_instantiated,0,,,,,0,0,movie_companies,,466,0,never_instantiated,0,,,,,0,0,title,,466,0,never_instantiated,0,,,,,0,0,,info_type,1,0,never_instantiated,0,,,,,0,0,,info_type,1,0,never_instantiated,0,,,,,0,0,,movie_info_idx,459917,0,never_instantiated,0,,,,,0,0,,,518,0,never_instantiated,0,,,,,0,0,,name,4061926,0,never_instantiated,0,,,,,0,0,cast_info,,5,0,never_instantiated,0,,,,,0,0,movie_info,,6,0,never_instantiated,0,,,,,0,0,,,,,,,,,,,,,,,,,,,,,,,,,,,,,,,,,,,,
32a,2,3,1,0.15,title,,0,0,never_instantiated,0,,,,,0,0,link_type,,0,0,never_instantiated,0,,,,,0,0,movie_link,,0,0,never_instantiated,0,,,,,0,0,title,,0,0,never_instantiated,0,,,,,0,0,movie_keyword,keyword,1,0,never_instantiated,0,,,,,0,0,,,,,,,,,,,,,,,,,,,,,,,,,,,,,,,,,,,,,,,,,,,,,,,,,,,,,,,,,,,,,,,,,,,,,,,,,,,,,,,,,,,,,,,,,,,,,,,,,,,,,,,,,,,,,,,,,,,,,,,,,,,,,,,,,,,,
32b,2,14,1,0.17,link_type,,4388,0,never_instantiated,0,,,,,0,0,,keyword,1,0,never_instantiated,0,,,,,0,0,title,,4388,0,never_instantiated,0,,,,,0,0,,movie_link,29997,0,never_instantiated,0,,,,,0,0,movie_keyword,title,186174,0,never_instantiated,0,,,,,0,0,,,,,,,,,,,,,,,,,,,,,,,,,,,,,,,,,,,,,,,,,,,,,,,,,,,,,,,,,,,,,,,,,,,,,,,,,,,,,,,,,,,,,,,,,,,,,,,,,,,,,,,,,,,,,,,,,,,,,,,,,,,,,,,,,,,,
33a,2,7,1,0.19,company_name,,28,0,never_instantiated,0,,,,,0,0,kind_type,,28,0,never_instantiated,0,,,,,0,0,movie_companies,,10,0,never_instantiated,0,,,,,0,0,link_type,,10,0,never_instantiated,0,,,,,0,0,,info_type,1,0,never_instantiated,0,,,,,0,0,movie_info_idx,,11,0,never_instantiated,0,,,,,0,0,title,,11,0,never_instantiated,0,,,,,0,0,,info_type,1,0,never_instantiated,0,,,,,0,0,movie_info_idx,,11,0,never_instantiated,0,,,,,0,0,,kind_type,1,0,never_instantiated,0,,,,,0,0,company_name,,11,0,never_instantiated,0,,,,,0,0,,movie_link,1454,0,never_instantiated,0,,,,,0,0,movie_companies,title,15799,0,never_instantiated,0,,,,,0,0,,,,,,,,,,,,,,,,,,,,,,,,,,,,,,,,,,,,
33b,2,12,1,0.17,company_name,,4,0,never_instantiated,0,,,,,0,0,kind_type,,4,0,never_instantiated,0,,,,,0,0,title,,4,0,never_instantiated,0,,,,,0,0,info_type,,4,0,never_instantiated,0,,,,,0,0,movie_info_idx,,4,0,never_instantiated,0,,,,,0,0,link_type,,4,0,never_instantiated,0,,,,,0,0,movie_companies,,4,0,never_instantiated,0,,,,,0,0,movie_link,,4,0,never_instantiated,0,,,,,0,0,,kind_type,1,0,never_instantiated,0,,,,,0,0,,info_type,1,0,never_instantiated,0,,,,,0,0,movie_info_idx,,4,0,never_instantiated,0,,,,,0,0,,title,289,0,never_instantiated,0,,,,,0,0,movie_companies,company_name,234997,0,never_instantiated,0,,,,,0,0,,,,,,,,,,,,,,,,,,,,,,,,,,,,,,,,,,,,
33c,2,17,1,0.21,company_name,,131,0,never_instantiated,0,,,,,0,0,movie_companies,,44,0,never_instantiated,0,,,,,0,0,info_type,,44,0,never_instantiated,0,,,,,0,0,kind_type,,44,0,never_instantiated,0,,,,,0,0,movie_info_idx,,48,0,never_instantiated,0,,,,,0,0,title,,48,0,never_instantiated,0,,,,,0,0,,link_type,2,0,never_instantiated,0,,,,,0,0,movie_link,,38,0,never_instantiated,0,,,,,0,0,,info_type,1,0,never_instantiated,0,,,,,0,0,,kind_type,2,0,never_instantiated,0,,,,,0,0,company_name,,38,0,never_instantiated,0,,,,,0,0,title,,77,0,never_instantiated,0,,,,,0,0,movie_companies,movie_info_idx,36,0,never_instantiated,0,,,,,0,0,,,,,,,,,,,,,,,,,,,,,,,,,,,,,,,,,,,,
1a,3,12,1,0.15,title,,142,0,never_instantiated,0,,,,,0,0,,info_type,1,0,never_instantiated,0,,,,,0,0,movie_info_idx,,188,0,never_instantiated,0,,,,,0,0,movie_companies,company_type,1,0,never_instantiated,0,,,,,0,0,,,,,,,,,,,,,,,,,,,,,,,,,,,,,,,,,,,,,,,,,,,,,,,,,,,,,,,,,,,,,,,,,,,,,,,,,,,,,,,,,,,,,,,,,,,,,,,,,,,,,,,,,,,,,,,,,,,,,,,,,,,,,,,,,,,,,,,,,,,,,,,,
1b,3,2,1,0.15,,info_type,1,0,never_instantiated,0,,,,,0,0,movie_info_idx,,3,0,never_instantiated,0,,,,,0,0,,company_type,1,0,never_instantiated,0,,,,,0,0,movie_companies,title,6,0,never_instantiated,0,,,,,0,0,,,,,,,,,,,,,,,,,,,,,,,,,,,,,,,,,,,,,,,,,,,,,,,,,,,,,,,,,,,,,,,,,,,,,,,,,,,,,,,,,,,,,,,,,,,,,,,,,,,,,,,,,,,,,,,,,,,,,,,,,,,,,,,,,,,,,,,,,,,,,,,,
1c,3,0,1,0.18,title,,3,0,never_instantiated,0,,,,,0,0,,info_type,1,0,never_instantiated,0,,,,,0,0,movie_info_idx,,7,0,never_instantiated,0,,,,,0,0,movie_companies,company_type,1,0,never_instantiated,0,,,,,0,0,,,,,,,,,,,,,,,,,,,,,,,,,,,,,,,,,,,,,,,,,,,,,,,,,,,,,,,,,,,,,,,,,,,,,,,,,,,,,,,,,,,,,,,,,,,,,,,,,,,,,,,,,,,,,,,,,,,,,,,,,,,,,,,,,,,,,,,,,,,,,,,,
1d,3,1,1,0.15,title,,5,0,never_instantiated,0,,,,,0,0,,company_type,1,0,never_instantiated,0,,,,,0,0,,info_type,1,0,never_instantiated,0,,,,,0,0,movie_info_idx,movie_companies,5,0,never_instantiated,0,,,,,0,0,,,,,,,,,,,,,,,,,,,,,,,,,,,,,,,,,,,,,,,,,,,,,,,,,,,,,,,,,,,,,,,,,,,,,,,,,,,,,,,,,,,,,,,,,,,,,,,,,,,,,,,,,,,,,,,,,,,,,,,,,,,,,,,,,,,,,,,,,,,,,,,,
2a,3,7,1,0.20,,keyword,1,0,never_instantiated,0,,,,,0,0,title,,7834,0,never_instantiated,0,,,,,0,0,,company_name,9775,0,never_instantiated,0,,,,,0,0,movie_keyword,movie_companies,148281,0,never_instantiated,0,,,,,0,0,,,,,,,,,,,,,,,,,,,,,,,,,,,,,,,,,,,,,,,,,,,,,,,,,,,,,,,,,,,,,,,,,,,,,,,,,,,,,,,,,,,,,,,,,,,,,,,,,,,,,,,,,,,,,,,,,,,,,,,,,,,,,,,,,,,,,,,,,,,,,,,,
2b,3,11,1,0.19,company_name,,5259,0,never_instantiated,0,,,,,0,0,,keyword,1,0,never_instantiated,0,,,,,0,0,,movie_companies,56774,0,never_instantiated,0,,,,,0,0,movie_keyword,title,34074,0,never_instantiated,0,,,,,0,0,,,,,,,,,,,,,,,,,,,,,,,,,,,,,,,,,,,,,,,,,,,,,,,,,,,,,,,,,,,,,,,,,,,,,,,,,,,,,,,,,,,,,,,,,,,,,,,,,,,,,,,,,,,,,,,,,,,,,,,,,,,,,,,,,,,,,,,,,,,,,,,,
2c,3,17,1,0.14,company_name,,0,0,never_instantiated,0,,,,,0,0,,keyword,1,0,never_instantiated,0,,,,,0,0,,movie_companies,2,0,never_instantiated,0,,,,,0,0,movie_keyword,title,2,0,never_instantiated,0,,,,,0,0,,,,,,,,,,,,,,,,,,,,,,,,,,,,,,,,,,,,,,,,,,,,,,,,,,,,,,,,,,,,,,,,,,,,,,,,,,,,,,,,,,,,,,,,,,,,,,,,,,,,,,,,,,,,,,,,,,,,,,,,,,,,,,,,,,,,,,,,,,,,,,,,
2d,3,8,1,0.22,,keyword,1,0,never_instantiated,0,,,,,0,0,,company_name,84843,0,never_instantiated,0,,,,,0,0,,movie_companies,2609129,1,active,41838,,,,,0,0,movie_keyword,title,2525744,1,active,41838,,,,,0,0,,,,,,,,,,,,,,,,,,,,,,,,,,,,,,,,,,,,,,,,,,,,,,,,,,,,,,,,,,,,,,,,,,,,,,,,,,,,,,,,,,,,,,,,,,,,,,,,,,,,,,,,,,,,,,,,,,,,,,,,,,,,,,,,,,,,,,,,,,,,,,,,
3a,3,8,1,0.51,,keyword,30,0,never_instantiated,0,,,,,0,0,,title,1012683,1,active,2119,,,,,0,0,movie_keyword,,2007,0,never_instantiated,0,,,,,0,0,movie_info,,8,0,never_instantiated,0,,,,,0,0,,,,,,,,,,,,,,,,,,,,,,,,,,,,,,,,,,,,,,,,,,,,,,,,,,,,,,,,,,,,,,,,,,,,,,,,,,,,,,,,,,,,,,,,,,,,,,,,,,,,,,,,,,,,,,,,,,,,,,,,,,,,,,,,,,,,,,,,,,,,,,,,
3b,3,5,1,0.48,keyword,,5,0,never_instantiated,0,,,,,0,0,movie_keyword,,3,0,never_instantiated,0,,,,,0,0,title,movie_info,3,0,never_instantiated,0,,,,,0,0,,,,,,,,,,,,,,,,,,,,,,,,,,,,,,,,,,,,,,,,,,,,,,,,,,,,,,,,,,,,,,,,,,,,,,,,,,,,,,,,,,,,,,,,,,,,,,,,,,,,,,,,,,,,,,,,,,,,,,,,,,,,,,,,,,,,,,,,,,,,,,,,,,,,,,,,,,,,
3c,3,4,1,0.50,,title,1748483,1,active,12163,,,,,0,0,,keyword,30,0,never_instantiated,0,,,,,0,0,movie_keyword,,13176,0,never_instantiated,0,,,,,0,0,movie_info,,10,0,never_instantiated,0,,,,,0,0,,,,,,,,,,,,,,,,,,,,,,,,,,,,,,,,,,,,,,,,,,,,,,,,,,,,,,,,,,,,,,,,,,,,,,,,,,,,,,,,,,,,,,,,,,,,,,,,,,,,,,,,,,,,,,,,,,,,,,,,,,,,,,,,,,,,,,,,,,,,,,,,
4a,3,10,1,0.21,keyword,,1302,0,never_instantiated,0,,,,,0,0,,info_type,1,0,never_instantiated,0,,,,,0,0,,title,1012657,1,active,8089,,,,,0,0,movie_keyword,movie_info_idx,352990,1,active,16153,,,,,0,0,,,,,,,,,,,,,,,,,,,,,,,,,,,,,,,,,,,,,,,,,,,,,,,,,,,,,,,,,,,,,,,,,,,,,,,,,,,,,,,,,,,,,,,,,,,,,,,,,,,,,,,,,,,,,,,,,,,,,,,,,,,,,,,,,,,,,,,,,,,,,,,,
4b,3,1,1,0.19,title,,6,0,never_instantiated,0,,,,,0,0,,info_type,1,0,never_instantiated,0,,,,,0,0,,keyword,30,0,never_instantiated,0,,,,,0,0,movie_keyword,movie_info_idx,72,0,never_instantiated,0,,,,,0,0,,,,,,,,,,,,,,,,,,,,,,,,,,,,,,,,,,,,,,,,,,,,,,,,,,,,,,,,,,,,,,,,,,,,,,,,,,,,,,,,,,,,,,,,,,,,,,,,,,,,,,,,,,,,,,,,,,,,,,,,,,,,,,,,,,,,,,,,,,,,,,,,
4c,3,2,1,0.21,,,,,,,,,,,,,,,,,,,,,,,,,,,,,,,,,,,,,,,,,,,,,,,,,,,,,,,,,,,,,,,,,,,,,,,,,,,,,,,,,,,,,,,,,,,,,,,,,,,,,,,,,,,,,,,,,,,,,,,,,,,,,,,,,,,,,,,,,,,,,,,,,,,,,,,,,,,,,,,,,,,,,,,,,,,,,,,,,,,,,,,,,,,,,,,,
5a,3,15,1,0.14,,company_type,1,0,never_instantiated,0,,,,,0,0,,movie_companies,0,0,never_instantiated,0,,,,,0,0,,title,0,0,never_instantiated,0,,,,,0,0,,info_type,110,0,never_instantiated,0,,,,,0,0,movie_info,,8,0,never_instantiated,0,,,,,0,0,,,,,,,,,,,,,,,,,,,,,,,,,,,,,,,,,,,,,,,,,,,,,,,,,,,,,,,,,,,,,,,,,,,,,,,,,,,,,,,,,,,,,,,,,,,,,,,,,,,,,,,,,,,,,,,,,,,,,,,,,,,,,,,,,,,,
5b,3,4,1,0.18,,company_type,1,0,never_instantiated,0,,,,,0,0,,info_type,110,0,never_instantiated,0,,,,,0,0,title,,0,0,never_instantiated,0,,,,,0,0,movie_info,movie_companies,0,0,never_instantiated,0,,,,,0,0,,,,,,,,,,,,,,,,,,,,,,,,,,,,,,,,,,,,,,,,,,,,,,,,,,,,,,,,,,,,,,,,,,,,,,,,,,,,,,,,,,,,,,,,,,,,,,,,,,,,,,,,,,,,,,,,,,,,,,,,,,,,,,,,,,,,,,,,,,,,,,,,
5c,3,7,1,0.47,,info_type,110,0,never_instantiated,0,,,,,0,0,title,,691,0,never_instantiated,0,,,,,0,0,,company_type,1,0,never_instantiated,0,,,,,0,0,,movie_companies,798,0,never_instantiated,0,,,,,0,0,movie_info,,10,0,never_instantiated,0,,,,,0,0,,,,,,,,,,,,,,,,,,,,,,,,,,,,,,,,,,,,,,,,,,,,,,,,,,,,,,,,,,,,,,,,,,,,,,,,,,,,,,,,,,,,,,,,,,,,,,,,,,,,,,,,,,,,,,,,,,,,,,,,,,,,,,,,,,,,
6a,3,15,1,0.24,,keyword,1,0,never_instantiated,0,,,,,0,0,,title,391549,1,active,6,,,,,0,0,,name,2,0,never_instantiated,0,,,,,0,0,cast_info,movie_keyword,11,0,never_instantiated,0,,,,,0,0,,,,,,,,,,,,,,,,,,,,,,,,,,,,,,,,,,,,,,,,,,,,,,,,,,,,,,,,,,,,,,,,,,,,,,,,,,,,,,,,,,,,,,,,,,,,,,,,,,,,,,,,,,,,,,,,,,,,,,,,,,,,,,,,,,,,,,,,,,,,,,,,
6b,3,15,1,0.19,,,8,0,never_instantiated,0,,,,,0,0,,title,438,0,never_instantiated,0,,,,,0,0,,name,2,0,never_instantiated,0,,,,,0,0,cast_info,movie_keyword,5540,0,never_instantiated,0,,,,,0,0,keyword,,8,0,never_instantiated,0,,,,,0,0,,,,,,,,,,,,,,,,,,,,,,,,,,,,,,,,,,,,,,,,,,,,,,,,,,,,,,,,,,,,,,,,,,,,,,,,,,,,,,,,,,,,,,,,,,,,,,,,,,,,,,,,,,,,,,,,,,,,,,,,,,,,,,,,,,,,
6c,3,9,1,0.19,name,,2,0,never_instantiated,0,,,,,0,0,,keyword,1,0,never_instantiated,0,,,,,0,0,,title,438,0,never_instantiated,0,,,,,0,0,cast_info,movie_keyword,2,0,never_instantiated,0,,,,,0,0,,,,,,,,,,,,,,,,,,,,,,,,,,,,,,,,,,,,,,,,,,,,,,,,,,,,,,,,,,,,,,,,,,,,,,,,,,,,,,,,,,,,,,,,,,,,,,,,,,,,,,,,,,,,,,,,,,,,,,,,,,,,,,,,,,,,,,,,,,,,,,,,
6d,3,18,1,0.24,,,8,0,never_instantiated,0,,,,,0,0,,name,2,0,never_instantiated,0,,,,,0,0,,title,1381132,1,active,10066,,,,,0,0,cast_info,movie_keyword,4523930,1,active,486,,,,,0,0,keyword,,8,0,never_instantiated,0,,,,,0,0,,,,,,,,,,,,,,,,,,,,,,,,,,,,,,,,,,,,,,,,,,,,,,,,,,,,,,,,,,,,,,,,,,,,,,,,,,,,,,,,,,,,,,,,,,,,,,,,,,,,,,,,,,,,,,,,,,,,,,,,,,,,,,,,,,,,
6e,3,15,1,0.21,,keyword,1,0,never_instantiated,0,,,,,0,0,,title,1381132,1,active,6,,,,,0,0,,name,2,0,never_instantiated,0,,,,,0,0,cast_info,movie_keyword,14,0,never_instantiated,0,,,,,0,0,,,,,,,,,,,,,,,,,,,,,,,,,,,,,,,,,,,,,,,,,,,,,,,,,,,,,,,,,,,,,,,,,,,,,,,,,,,,,,,,,,,,,,,,,,,,,,,,,,,,,,,,,,,,,,,,,,,,,,,,,,,,,,,,,,,,,,,,,,,,,,,,
6f,3,1,1,0.78,,title,1381132,1,active,1564305,,,,,11558,8220,,,8,0,never_instantiated,0,,,,,0,0,,movie_keyword,4523930,1,active,36244325,,,,,54221,14807,cast_info,name,4061926,1,active,36244325,,,,,50097,15212,keyword,,8,0,never_instantiated,0,,,,,0,0,,,,,,,,,,,,,,,,,,,,,,,,,,,,,,,,,,,,,,,,,,,,,,,,,,,,,,,,,,,,,,,,,,,,,,,,,,,,,,,,,,,,,,,,,,,,,,,,,,,,,,,,,,,,,,,,,,,,,,,,,,,,,,,,,,,,
7a,3,19,1,0.31,name,,57,0,never_instantiated,0,,,,,0,0,link_type,,57,0,never_instantiated,0,,,,,0,0,info_type,,57,0,never_instantiated,0,,,,,0,0,title,,57,0,never_instantiated,0,,,,,0,0,,person_info,62,0,never_instantiated,0,,,,,0,0,,aka_name,2055,0,never_instantiated,0,,,,,0,0,cast_info,movie_link,1467,0,never_instantiated,0,,,,,0,0,,,,,,,,,,,,,,,,,,,,,,,,,,,,,,,,,,,,,,,,,,,,,,,,,,,,,,,,,,,,,,,,,,,,,,,,,,,,,,,,,,,,,,,,,,,,,,,,,,,,,,,,,,,,
7b,3,18,1,0.21,name,,16,0,never_instantiated,0,,,,,0,0,info_type,,16,0,never_instantiated,0,,,,,0,0,,person_info,62,0,never_instantiated,0,,,,,0,0,,link_type,1,0,never_instantiated,0,,,,,0,0,,movie_link,5186,0,never_instantiated,0,,,,,0,0,,title,250,0,never_instantiated,0,,,,,0,0,cast_info,aka_name,53,0,never_instantiated,0,,,,,0,0,,,,,,,,,,,,,,,,,,,,,,,,,,,,,,,,,,,,,,,,,,,,,,,,,,,,,,,,,,,,,,,,,,,,,,,,,,,,,,,,,,,,,,,,,,,,,,,,,,,,,,,,,,,,
7c,3,14,1,0.76,,info_type,1,0,never_instantiated,0,,,,,0,0,name,,345472,0,never_instantiated,0,,,,,0,0,person_info,,313161,0,never_instantiated,0,,,,,0,0,aka_name,,137068,0,never_instantiated,0,,,,,0,0,,link_type,4,0,never_instantiated,0,,,,,0,0,,movie_link,21505,0,never_instantiated,0,,,,,0,0,cast_info,title,8071,0,never_instantiated,0,,,,,0,0,,,,,,,,,,,,,,,,,,,,,,,,,,,,,,,,,,,,,,,,,,,,,,,,,,,,,,,,,,,,,,,,,,,,,,,,,,,,,,,,,,,,,,,,,,,,,,,,,,,,,,,,,,,,
8a,3,4,1,0.26,company_name,,64,0,never_instantiated,0,,,,,0,0,aka_name,,39,0,never_instantiated,0,,,,,0,0,,role_type,1,0,never_instantiated,0,,,,,0,0,movie_companies,,25,0,never_instantiated,0,,,,,0,0,name,,4524,0,never_instantiated,0,,,,,0,0,title,cast_info,4524,0,never_instantiated,0,,,,,0,0,,,,,,,,,,,,,,,,,,,,,,,,,,,,,,,,,,,,,,,,,,,,,,,,,,,,,,,,,,,,,,,,,,,,,,,,,,,,,,,,,,,,,,,,,,,,,,,,,,,,,,,,,,,,,,,,,,,,,,,,
8b,3,9,1,0.24,role_type,,6,0,never_instantiated,0,,,,,0,0,aka_name,,4,0,never_instantiated,0,,,,,0,0,company_name,,4,0,never_instantiated,0,,,,,0,0,movie_companies,,4,0,never_instantiated,0,,,,,0,0,name,,25,0,never_instantiated,0,,,,,0,0,title,cast_info,25,0,never_instantiated,0,,,,,0,0,,,,,,,,,,,,,,,,,,,,,,,,,,,,,,,,,,,,,,,,,,,,,,,,,,,,,,,,,,,,,,,,,,,,,,,,,,,,,,,,,,,,,,,,,,,,,,,,,,,,,,,,,,,,,,,,,,,,,,,,
8c,3,9,1,0.48,,role_type,1,0,never_instantiated,0,,,,,0,0,aka_name,,1970658,0,never_instantiated,0,,,,,0,0,,company_name,84843,0,never_instantiated,0,,,,,0,0,,movie_companies,2609129,1,active,2728735,,,,,430555,51913,,name,4061923,1,active,2728735,,,,,186601,16851,cast_info,title,2525744,1,frozen,2728735,1587163,THC-Full,,,458754,95377,,,,,,,,,,,,,,,,,,,,,,,,,,,,,,,,,,,,,,,,,,,,,,,,,,,,,,,,,,,,,,,,,,,,,,,,,,,,,,,,,,,,,,,,,,,,,,,,,,,,,,,,,,,,,,,,,,,,,,,,
8d,3,16,1,0.40,title,,323005,0,never_instantiated,0,,,,,0,0,name,,323005,0,never_instantiated,0,,,,,0,0,,company_name,84843,0,never_instantiated,0,,,,,0,0,,role_type,1,0,never_instantiated,0,,,,,0,0,,aka_name,772581,1,active,794591,,,,,2184,513,cast_info,movie_companies,2609129,1,active,276394,,,,,64206,64206,,,,,,,,,,,,,,,,,,,,,,,,,,,,,,,,,,,,,,,,,,,,,,,,,,,,,,,,,,,,,,,,,,,,,,,,,,,,,,,,,,,,,,,,,,,,,,,,,,,,,,,,,,,,,,,,,,,,,,,,
9a,3,5,1,0.32,aka_name,,115,0,never_instantiated,0,,,,,0,0,name,,143,0,never_instantiated,0,,,,,0,0,char_name,,143,0,never_instantiated,0,,,,,0,0,,company_name,84843,0,never_instantiated,0,,,,,0,0,,role_type,1,0,never_instantiated,0,,,,,0,0,,movie_companies,590994,1,active,378,,,,,0,0,cast_info,title,1107586,1,active,844,,,,,0,0,,,,,,,,,,,,,,,,,,,,,,,,,,,,,,,,,,,,,,,,,,,,,,,,,,,,,,,,,,,,,,,,,,,,,,,,,,,,,,,,,,,,,,,,,,,,,,,,,,,,,,,,,,,,
9b,3,0,1,0.30,title,,94,0,never_instantiated,0,,,,,0,0,role_type,,94,0,never_instantiated,0,,,,,0,0,name,,117,0,never_instantiated,0,,,,,0,0,company_name,,117,0,never_instantiated,0,,,,,0,0,movie_companies,,69,0,never_instantiated,0,,,,,0,0,char_name,,69,0,never_instantiated,0,,,,,0,0,aka_name,cast_info,22022,0,never_instantiated,0,,,,,0,0,,,,,,,,,,,,,,,,,,,,,,,,,,,,,,,,,,,,,,,,,,,,,,,,,,,,,,,,,,,,,,,,,,,,,,,,,,,,,,,,,,,,,,,,,,,,,,,,,,,,,,,,,,,,
9c,3,5,1,0.33,aka_name,,4503,0,never_instantiated,0,,,,,0,0,name,,4861,0,never_instantiated,0,,,,,0,0,char_name,,4861,0,never_instantiated,0,,,,,0,0,,company_name,84843,0,never_instantiated,0,,,,,0,0,,role_type,1,0,never_instantiated,0,,,,,0,0,,movie_companies,2609129,1,active,6805,,,,,0,0,cast_info,title,2525744,1,active,6805,,,,,0,0,,,,,,,,,,,,,,,,,,,,,,,,,,,,,,,,,,,,,,,,,,,,,,,,,,,,,,,,,,,,,,,,,,,,,,,,,,,,,,,,,,,,,,,,,,,,,,,,,,,,,,,,,,,,
9d,3,6,1,0.49,title,,483082,0,never_instantiated,0,,,,,0,0,char_name,,483082,0,never_instantiated,0,,,,,0,0,name,,505250,0,never_instantiated,0,,,,,0,0,,company_name,84843,0,never_instantiated,0,,,,,0,0,,role_type,1,0,never_instantiated,0,,,,,0,0,movie_companies,,503508,0,never_instantiated,0,,,,,0,0,cast_info,aka_name,772581,1,active,276165,,,,,610,610,,,,,,,,,,,,,,,,,,,,,,,,,,,,,,,,,,,,,,,,,,,,,,,,,,,,,,,,,,,,,,,,,,,,,,,,,,,,,,,,,,,,,,,,,,,,,,,,,,,,,,,,,,,,
10a,3,14,1,0.29,,company_name,1361,0,never_instantiated,0,,,,,0,0,,company_type,2,0,never_instantiated,0,,,,,0,0,,title,1012641,1,active,270,,,,,0,0,movie_companies,,195,0,never_instantiated,0,,,,,0,0,char_name,,195,0,never_instantiated,0,,,,,0,0,cast_info,role_type,1,0,never_instantiated,0,,,,,0,0,,,,,,,,,,,,,,,,,,,,,,,,,,,,,,,,,,,,,,,,,,,,,,,,,,,,,,,,,,,,,,,,,,,,,,,,,,,,,,,,,,,,,,,,,,,,,,,,,,,,,,,,,,,,,,,,,,,,,,,,
10b,3,11,1,0.27,char_name,,0,0,never_instantiated,0,,,,,0,0,,company_type,2,0,never_instantiated,0,,,,,0,0,,company_name,1361,0,never_instantiated,0,,,,,0,0,movie_companies,,0,0,never_instantiated,0,,,,,0,0,,role_type,1,0,never_instantiated,0,,,,,0,0,cast_info,title,391512,1,active,0,,,,,0,0,,,,,,,,,,,,,,,,,,,,,,,,,,,,,,,,,,,,,,,,,,,,,,,,,,,,,,,,,,,,,,,,,,,,,,,,,,,,,,,,,,,,,,,,,,,,,,,,,,,,,,,,,,,,,,,,,,,,,,,,
10c,3,4,1,0.39,,company_type,2,0,never_instantiated,0,,,,,0,0,,company_name,84843,0,never_instantiated,0,,,,,0,0,,movie_companies,2609129,1,active,12,,,,,0,0,,role_type,11,0,never_instantiated,0,,,,,0,0,,title,1748440,1,active,15,,,,,0,0,cast_info,char_name,3140339,1,active,15,,,,,0,0,,,,,,,,,,,,,,,,,,,,,,,,,,,,,,,,,,,,,,,,,,,,,,,,,,,,,,,,,,,,,,,,,,,,,,,,,,,,,,,,,,,,,,,,,,,,,,,,,,,,,,,,,,,,,,,,,,,,,,,,
11a,3,8,1,0.18,link_type,,310,0,never_instantiated,0,,,,,0,0,company_name,,664,0,never_instantiated,0,,,,,0,0,title,,664,0,never_instantiated,0,,,,,0,0,company_type,,664,0,never_instantiated,0,,,,,0,0,movie_companies,,143,0,never_instantiated,0,,,,,0,0,movie_link,,23,0,never_instantiated,0,,,,,0,0,movie_keyword,keyword,1,0,never_instantiated,0,,,,,0,0,,,,,,,,,,,,,,,,,,,,,,,,,,,,,,,,,,,,,,,,,,,,,,,,,,,,,,,,,,,,,,,,,,,,,,,,,,,,,,,,,,,,,,,,,,,,,,,,,,,,,,,,,,,,
11b,3,2,1,0.18,link_type,,14,0,never_instantiated,0,,,,,0,0,company_name,,21,0,never_instantiated,0,,,,,0,0,,keyword,1,0,never_instantiated,0,,,,,0,0,title,,21,0,never_instantiated,0,,,,,0,0,,company_type,1,0,never_instantiated,0,,,,,0,0,movie_companies,,7,0,never_instantiated,0,,,,,0,0,movie_keyword,movie_link,7,0,never_instantiated,0,,,,,0,0,,,,,,,,,,,,,,,,,,,,,,,,,,,,,,,,,,,,,,,,,,,,,,,,,,,,,,,,,,,,,,,,,,,,,,,,,,,,,,,,,,,,,,,,,,,,,,,,,,,,,,,,,,,,
11c,3,13,1,0.18,,link_type,17,0,never_instantiated,0,,,,,0,0,,company_type,1,0,never_instantiated,0,,,,,0,0,company_name,,6946,0,never_instantiated,0,,,,,0,0,title,,6946,0,never_instantiated,0,,,,,0,0,,movie_link,29997,0,never_instantiated,0,,,,,0,0,,keyword,3,0,never_instantiated,0,,,,,0,0,movie_keyword,movie_companies,557,0,never_instantiated,0,,,,,0,0,,,,,,,,,,,,,,,,,,,,,,,,,,,,,,,,,,,,,,,,,,,,,,,,,,,,,,,,,,,,,,,,,,,,,,,,,,,,,,,,,,,,,,,,,,,,,,,,,,,,,,,,,,,,
11d,3,8,1,0.20,,link_type,17,0,never_instantiated,0,,,,,0,0,company_name,,14916,0,never_instantiated,0,,,,,0,0,title,,14916,0,never_instantiated,0,,,,,0,0,,company_type,1,0,never_instantiated,0,,,,,0,0,movie_companies,,1054,0,never_instantiated,0,,,,,0,0,,movie_link,17117,0,never_instantiated,0,,,,,0,0,movie_keyword,keyword,3,0,never_instantiated,0,,,,,0,0,,,,,,,,,,,,,,,,,,,,,,,,,,,,,,,,,,,,,,,,,,,,,,,,,,,,,,,,,,,,,,,,,,,,,,,,,,,,,,,,,,,,,,,,,,,,,,,,,,,,,,,,,,,,
12a,3,0,1,0.22,title,,397,0,never_instantiated,0,,,,,0,0,,info_type,1,0,never_instantiated,0,,,,,0,0,movie_info_idx,,419,0,never_instantiated,0,,,,,0,0,,company_type,1,0,never_instantiated,0,,,,,0,0,,company_name,84843,0,never_instantiated,0,,,,,0,0,movie_companies,,617,0,never_instantiated,0,,,,,0,0,movie_info,info_type,1,0,never_instantiated,0,,,,,0,0,,,,,,,,,,,,,,,,,,,,,,,,,,,,,,,,,,,,,,,,,,,,,,,,,,,,,,,,,,,,,,,,,,,,,,,,,,,,,,,,,,,,,,,,,,,,,,,,,,,,,,,,,,,,
12b,3,16,1,0.20,,info_type,1,0,never_instantiated,0,,,,,0,0,title,,10,0,never_instantiated,0,,,,,0,0,,company_type,2,0,never_instantiated,0,,,,,0,0,,company_name,84843,0,never_instantiated,0,,,,,0,0,movie_info_idx,,33,0,never_instantiated,0,,,,,0,0,movie_companies,,2,0,never_instantiated,0,,,,,0,0,movie_info,info_type,1,0,never_instantiated,0,,,,,0,0,,,,,,,,,,,,,,,,,,,,,,,,,,,,,,,,,,,,,,,,,,,,,,,,,,,,,,,,,,,,,,,,,,,,,,,,,,,,,,,,,,,,,,,,,,,,,,,,,,,,,,,,,,,,
12c,3,5,1,0.23,company_name,,15537,0,never_instantiated,0,,,,,0,0,title,,38219,0,never_instantiated,0,,,,,0,0,,company_type,1,0,never_instantiated,0,,,,,0,0,,info_type,1,0,never_instantiated,0,,,,,0,0,movie_info_idx,,38752,0,never_instantiated,0,,,,,0,0,,info_type,1,0,never_instantiated,0,,,,,0,0,movie_info,movie_companies,1334883,1,active,22647,,,,,0,0,,,,,,,,,,,,,,,,,,,,,,,,,,,,,,,,,,,,,,,,,,,,,,,,,,,,,,,,,,,,,,,,,,,,,,,,,,,,,,,,,,,,,,,,,,,,,,,,,,,,,,,,,,,,
13a,3,16,1,0.28,,kind_type,1,0,never_instantiated,0,,,,,0,0,,info_type,1,0,never_instantiated,0,,,,,0,0,title,,111109,0,never_instantiated,0,,,,,0,0,,company_name,9775,0,never_instantiated,0,,,,,0,0,,company_type,1,0,never_instantiated,0,,,,,0,0,movie_info_idx,,129164,0,never_instantiated,0,,,,,0,0,movie_companies,,78868,0,never_instantiated,0,,,,,0,0,movie_info,info_type,1,0,never_instantiated,0,,,,,0,0,,,,,,,,,,,,,,,,,,,,,,,,,,,,,,,,,,,,,,,,,,,,,,,,,,,,,,,,,,,,,,,,,,,,,,,,,,,,,,,,,,,,,,,,,,,,,,,,
13b,3,2,1,0.20,,info_type,1,0,never_instantiated,0,,,,,0,0,,company_name,84843,0,never_instantiated,0,,,,,0,0,,kind_type,1,0,never_instantiated,0,,,,,0,0,,info_type,1,0,never_instantiated,0,,,,,0,0,,title,395,0,never_instantiated,0,,,,,0,0,,company_type,1,0,never_instantiated,0,,,,,0,0,,movie_companies,1334883,1,active,779,,,,,0,0,movie_info,movie_info_idx,277,0,never_instantiated,0,,,,,0,0,,,,,,,,,,,,,,,,,,,,,,,,,,,,,,,,,,,,,,,,,,,,,,,,,,,,,,,,,,,,,,,,,,,,,,,,,,,,,,,,,,,,,,,,,,,,,,,,
13c,3,15,1,0.18,,info_type,1,0,never_instantiated,0,,,,,0,0,,info_type,1,0,never_instantiated,0,,,,,0,0,,company_name,84843,0,never_instantiated,0,,,,,0,0,movie_info_idx,,199,0,never_instantiated,0,,,,,0,0,,company_type,1,0,never_instantiated,0,,,,,0,0,movie_companies,,127,0,never_instantiated,0,,,,,0,0,,kind_type,1,0,never_instantiated,0,,,,,0,0,movie_info,title,89,0,never_instantiated,0,,,,,0,0,,,,,,,,,,,,,,,,,,,,,,,,,,,,,,,,,,,,,,,,,,,,,,,,,,,,,,,,,,,,,,,,,,,,,,,,,,,,,,,,,,,,,,,,,,,,,,,,
13d,3,18,1,0.41,,kind_type,1,0,never_instantiated,0,,,,,0,0,,company_type,1,0,never_instantiated,0,,,,,0,0,,company_name,84843,0,never_instantiated,0,,,,,0,0,movie_companies,,724726,0,never_instantiated,0,,,,,0,0,,info_type,1,0,never_instantiated,0,,,,,0,0,,info_type,1,0,never_instantiated,0,,,,,0,0,,title,661642,1,active,724812,,,,,72151,24211,movie_info,movie_info_idx,209939,0,never_instantiated,0,,,,,0,0,,,,,,,,,,,,,,,,,,,,,,,,,,,,,,,,,,,,,,,,,,,,,,,,,,,,,,,,,,,,,,,,,,,,,,,,,,,,,,,,,,,,,,,,,,,,,,,,
14a,3,12,1,0.20,keyword,,761,0,never_instantiated,0,,,,,0,0,movie_keyword,,521,0,never_instantiated,0,,,,,0,0,,kind_type,1,0,never_instantiated,0,,,,,0,0,,info_type,1,0,never_instantiated,0,,,,,0,0,movie_info_idx,,930,0,never_instantiated,0,,,,,0,0,title,,938,0,never_instantiated,0,,,,,0,0,,info_type,1,0,never_instantiated,0,,,,,0,0,movie_info,,10,0,never_instantiated,0,,,,,0,0,,,,,,,,,,,,,,,,,,,,,,,,,,,,,,,,,,,,,,,,,,,,,,,,,,,,,,,,,,,,,,,,,,,,,,,,,,,,,,,,,,,,,,,,,,,,,,,,
14b,3,14,1,0.18,,kind_type,1,0,never_instantiated,0,,,,,0,0,keyword,,1,0,never_instantiated,0,,,,,0,0,,info_type,1,0,never_instantiated,0,,,,,0,0,movie_info_idx,,1,0,never_instantiated,0,,,,,0,0,title,,7,0,never_instantiated,0,,,,,0,0,,info_type,1,0,never_instantiated,0,,,,,0,0,movie_keyword,,7,0,never_instantiated,0,,,,,0,0,movie_info,,10,0,never_instantiated,0,,,,,0,0,,,,,,,,,,,,,,,,,,,,,,,,,,,,,,,,,,,,,,,,,,,,,,,,,,,,,,,,,,,,,,,,,,,,,,,,,,,,,,,,,,,,,,,,,,,,,,,,
14c,3,16,1,0.21,keyword,,4115,0,never_instantiated,0,,,,,0,0,movie_keyword,,2745,0,never_instantiated,0,,,,,0,0,,kind_type,2,0,never_instantiated,0,,,,,0,0,title,,15227,0,never_instantiated,0,,,,,0,0,,info_type,1,0,never_instantiated,0,,,,,0,0,movie_info_idx,,17733,0,never_instantiated,0,,,,,0,0,,info_type,1,0,never_instantiated,0,,,,,0,0,movie_info,,10,0,never_instantiated,0,,,,,0,0,,,,,,,,,,,,,,,,,,,,,,,,,,,,,,,,,,,,,,,,,,,,,,,,,,,,,,,,,,,,,,,,,,,,,,,,,,,,,,,,,,,,,,,,,,,,,,,,
15a,3,4,1,0.35,keyword,,328,0,never_instantiated,0,,,,,0,0,movie_keyword,,57,0,never_instantiated,0,,,,,0,0,aka_title,,659,0,never_instantiated,0,,,,,0,0,,company_name,84843,0,never_instantiated,0,,,,,0,0,,info_type,1,0,never_instantiated,0,,,,,0,0,,company_type,2,0,never_instantiated,0,,,,,0,0,movie_companies,,589,0,never_instantiated,0,,,,,0,0,movie_info,title,1381059,1,active,596,,,,,0,0,,,,,,,,,,,,,,,,,,,,,,,,,,,,,,,,,,,,,,,,,,,,,,,,,,,,,,,,,,,,,,,,,,,,,,,,,,,,,,,,,,,,,,,,,,,,,,,,
15b,3,9,1,0.33,keyword,,37,0,never_instantiated,0,,,,,0,0,info_type,,37,0,never_instantiated,0,,,,,0,0,company_type,,37,0,never_instantiated,0,,,,,0,0,,company_name,1,0,never_instantiated,0,,,,,0,0,movie_keyword,,3,0,never_instantiated,0,,,,,0,0,aka_title,,74,0,never_instantiated,0,,,,,0,0,movie_companies,,74,0,never_instantiated,0,,,,,0,0,movie_info,title,339,0,never_instantiated,0,,,,,0,0,,,,,,,,,,,,,,,,,,,,,,,,,,,,,,,,,,,,,,,,,,,,,,,,,,,,,,,,,,,,,,,,,,,,,,,,,,,,,,,,,,,,,,,,,,,,,,,,
15c,3,16,1,0.34,,company_name,84843,0,never_instantiated,0,,,,,0,0,aka_title,,9187,0,never_instantiated,0,,,,,0,0,title,,9187,0,never_instantiated,0,,,,,0,0,,company_type,2,0,never_instantiated,0,,,,,0,0,,keyword,134170,0,never_instantiated,0,,,,,0,0,movie_keyword,,2884,0,never_instantiated,0,,,,,0,0,movie_companies,,1783,0,never_instantiated,0,,,,,0,0,movie_info,info_type,1,0,never_instantiated,0,,,,,0,0,,,,,,,,,,,,,,,,,,,,,,,,,,,,,,,,,,,,,,,,,,,,,,,,,,,,,,,,,,,,,,,,,,,,,,,,,,,,,,,,,,,,,,,,,,,,,,,,
15d,3,5,1,0.26,,company_name,84843,0,never_instantiated,0,,,,,0,0,keyword,,39767,0,never_instantiated,0,,,,,0,0,movie_keyword,,2099,0,never_instantiated,0,,,,,0,0,,company_type,2,0,never_instantiated,0,,,,,0,0,,info_type,1,0,never_instantiated,0,,,,,0,0,title,,2130,0,never_instantiated,0,,,,,0,0,movie_companies,,591,0,never_instantiated,0,,,,,0,0,movie_info,aka_title,361379,1,active,10675,,,,,0,0,,,,,,,,,,,,,,,,,,,,,,,,,,,,,,,,,,,,,,,,,,,,,,,,,,,,,,,,,,,,,,,,,,,,,,,,,,,,,,,,,,,,,,,,,,,,,,,,
16a,3,14,1,0.34,,keyword,1,0,never_instantiated,0,,,,,0,0,,company_name,84843,0,never_instantiated,0,,,,,0,0,movie_keyword,,1313,0,never_instantiated,0,,,,,0,0,name,,1313,0,never_instantiated,0,,,,,0,0,,aka_name,772581,1,active,1336,,,,,0,0,,movie_companies,2609129,1,active,1576,,,,,0,0,cast_info,title,169,0,never_instantiated,0,,,,,0,0,,,,,,,,,,,,,,,,,,,,,,,,,,,,,,,,,,,,,,,,,,,,,,,,,,,,,,,,,,,,,,,,,,,,,,,,,,,,,,,,,,,,,,,,,,,,,,,,,,,,,,,,,,,,
16b,3,16,1,0.57,,keyword,1,0,never_instantiated,0,,,,,0,0,title,,3710592,0,never_instantiated,0,,,,,0,0,movie_keyword,,3719996,0,never_instantiated,0,,,,,0,0,,company_name,84843,0,never_instantiated,0,,,,,0,0,,name,4061923,1,active,8867316,,,,,29597,7486,,aka_name,772581,1,active,7814714,,,,,135321,10511,cast_info,movie_companies,149235,0,never_instantiated,0,,,,,0,0,,,,,,,,,,,,,,,,,,,,,,,,,,,,,,,,,,,,,,,,,,,,,,,,,,,,,,,,,,,,,,,,,,,,,,,,,,,,,,,,,,,,,,,,,,,,,,,,,,,,,,,,,,,,
16c,3,9,1,0.44,company_name,,424483,0,never_instantiated,0,,,,,0,0,,keyword,1,0,never_instantiated,0,,,,,0,0,,aka_name,772581,1,active,329808,,,,,6122,6122,,name,4061923,1,active,329808,,,,,11866,11866,,movie_companies,2609129,1,active,134210,,,,,0,0,,movie_keyword,41838,0,never_instantiated,0,,,,,0,0,cast_info,title,7216,0,never_instantiated,0,,,,,0,0,,,,,,,,,,,,,,,,,,,,,,,,,,,,,,,,,,,,,,,,,,,,,,,,,,,,,,,,,,,,,,,,,,,,,,,,,,,,,,,,,,,,,,,,,,,,,,,,,,,,,,,,,,,,
16d,3,7,1,0.43,company_name,,317940,0,never_instantiated,0,,,,,0,0,aka_name,,239584,0,never_instantiated,0,,,,,0,0,name,,239584,0,never_instantiated,0,,,,,0,0,movie_companies,,99159,0,never_instantiated,0,,,,,0,0,,keyword,1,0,never_instantiated,0,,,,,0,0,,title,691930,1,active,1038380,,,,,4835,2052,cast_info,movie_keyword,41838,0,never_instantiated,0,,,,,0,0,,,,,,,,,,,,,,,,,,,,,,,,,,,,,,,,,,,,,,,,,,,,,,,,,,,,,,,,,,,,,,,,,,,,,,,,,,,,,,,,,,,,,,,,,,,,,,,,,,,,,,,,,,,,
17a,3,11,1,0.40,company_name,,702849,0,never_instantiated,0,,,,,0,0,,keyword,1,0,never_instantiated,0,,,,,0,0,,movie_companies,2609129,1,active,93315,,,,,0,0,,movie_keyword,41838,0,never_instantiated,0,,,,,0,0,,name,334764,1,active,1023121,,,,,14183,857,cast_info,title,2525744,1,active,1023121,,,,,37131,21167,,,,,,,,,,,,,,,,,,,,,,,,,,,,,,,,,,,,,,,,,,,,,,,,,,,,,,,,,,,,,,,,,,,,,,,,,,,,,,,,,,,,,,,,,,,,,,,,,,,,,,,,,,,,,,,,,,,,,,,,
17b,3,5,1,0.31,company_name,,52306,0,never_instantiated,0,,,,,0,0,title,,52306,0,never_instantiated,0,,,,,0,0,,keyword,1,0,never_instantiated,0,,,,,0,0,,name,35319,0,never_instantiated,0,,,,,0,0,,movie_companies,2609129,1,active,485632,,,,,27937,21975,cast_info,movie_keyword,41838,0,never_instantiated,0,,,,,0,0,,,,,,,,,,,,,,,,,,,,,,,,,,,,,,,,,,,,,,,,,,,,,,,,,,,,,,,,,,,,,,,,,,,,,,,,,,,,,,,,,,,,,,,,,,,,,,,,,,,,,,,,,,,,,,,,,,,,,,,,
17c,3,6,1,0.28,,keyword,1,0,never_instantiated,0,,,,,0,0,,company_name,234997,0,never_instantiated,0,,,,,0,0,,movie_companies,2609129,1,active,250,,,,,0,0,,title,2525744,1,active,250,,,,,0,0,,movie_keyword,41838,0,never_instantiated,0,,,,,0,0,cast_info,name,2608,0,never_instantiated,0,,,,,0,0,,,,,,,,,,,,,,,,,,,,,,,,,,,,,,,,,,,,,,,,,,,,,,,,,,,,,,,,,,,,,,,,,,,,,,,,,,,,,,,,,,,,,,,,,,,,,,,,,,,,,,,,,,,,,,,,,,,,,,,,
17d,3,12,1,0.32,title,,11538,0,never_instantiated,0,,,,,0,0,,keyword,1,0,never_instantiated,0,,,,,0,0,,company_name,234997,0,never_instantiated,0,,,,,0,0,,movie_keyword,41838,0,never_instantiated,0,,,,,0,0,,name,5081,0,never_instantiated,0,,,,,0,0,cast_info,movie_companies,149235,0,never_instantiated,0,,,,,0,0,,,,,,,,,,,,,,,,,,,,,,,,,,,,,,,,,,,,,,,,,,,,,,,,,,,,,,,,,,,,,,,,,,,,,,,,,,,,,,,,,,,,,,,,,,,,,,,,,,,,,,,,,,,,,,,,,,,,,,,,
17e,3,12,1,0.46,title,,2832555,0,never_instantiated,0,,,,,0,0,,keyword,1,0,never_instantiated,0,,,,,0,0,,company_name,84843,0,never_instantiated,0,,,,,0,0,,movie_keyword,41838,0,never_instantiated,0,,,,,0,0,,name,4061926,1,active,7814714,,,,,29429,29429,cast_info,movie_companies,149235,0,never_instantiated,0,,,,,0,0,,,,,,,,,,,,,,,,,,,,,,,,,,,,,,,,,,,,,,,,,,,,,,,,,,,,,,,,,,,,,,,,,,,,,,,,,,,,,,,,,,,,,,,,,,,,,,,,,,,,,,,,,,,,,,,,,,,,,,,,
17f,3,7,1,0.47,company_name,,1113120,0,never_instantiated,0,,,,,0,0,name,,1162376,0,never_instantiated,0,,,,,0,0,,keyword,1,0,never_instantiated,0,,,,,0,0,,movie_keyword,41838,0,never_instantiated,0,,,,,0,0,,movie_companies,2609129,1,active,158918,,,,,0,0,cast_info,title,42606,0,never_instantiated,0,,,,,0,0,,,,,,,,,,,,,,,,,,,,,,,,,,,,,,,,,,,,,,,,,,,,,,,,,,,,,,,,,,,,,,,,,,,,,,,,,,,,,,,,,,,,,,,,,,,,,,,,,,,,,,,,,,,,,,,,,,,,,,,,
18a,3,18,1,0.37,,info_type,1,0,never_instantiated,0,,,,,0,0,movie_info,,412,0,never_instantiated,0,,,,,0,0,,info_type,1,0,never_instantiated,0,,,,,0,0,,movie_info_idx,459925,1,active,701,,,,,0,0,title,,701,0,never_instantiated,0,,,,,0,0,cast_info,name,9062,0,never_instantiated,0,,,,,0,0,,,,,,,,,,,,,,,,,,,,,,,,,,,,,,,,,,,,,,,,,,,,,,,,,,,,,,,,,,,,,,,,,,,,,,,,,,,,,,,,,,,,,,,,,,,,,,,,,,,,,,,,,,,,,,,,,,,,,,,,
18b,3,14,1,0.32,,info_type,1,0,never_instantiated,0,,,,,0,0,movie_info_idx,,12,0,never_instantiated,0,,,,,0,0,,info_type,1,0,never_instantiated,0,,,,,0,0,,title,7593,0,never_instantiated,0,,,,,0,0,,movie_info,530,0,never_instantiated,0,,,,,0,0,,name,961555,1,active,21,,,,,0,0,cast_info,,5,0,never_instantiated,0,,,,,0,0,,,,,,,,,,,,,,,,,,,,,,,,,,,,,,,,,,,,,,,,,,,,,,,,,,,,,,,,,,,,,,,,,,,,,,,,,,,,,,,,,,,,,,,,,,,,,,,,,,,,,,,,,,,,
18c,3,14,1,0.38,,info_type,1,0,never_instantiated,0,,,,,0,0,movie_info_idx,,45262,0,never_instantiated,0,,,,,0,0,,info_type,1,0,never_instantiated,0,,,,,0,0,,title,2525792,1,active,45262,,,,,0,0,,,32517,0,never_instantiated,0,,,,,0,0,movie_info,,6,0,never_instantiated,0,,,,,0,0,,name,1739579,1,active,32517,,,,,0,0,cast_info,,5,0,never_instantiated,0,,,,,0,0,,,,,,,,,,,,,,,,,,,,,,,,,,,,,,,,,,,,,,,,,,,,,,,,,,,,,,,,,,,,,,,,,,,,,,,,,,,,,,,,,,,,,,,,,,,,,,,,
19a,3,1,1,0.42,company_name,,194,0,never_instantiated,0,,,,,0,0,,info_type,1,0,never_instantiated,0,,,,,0,0,aka_name,,182,0,never_instantiated,0,,,,,0,0,movie_info,,68,0,never_instantiated,0,,,,,0,0,name,,84,0,never_instantiated,0,,,,,0,0,movie_companies,,84,0,never_instantiated,0,,,,,0,0,title,,155,0,never_instantiated,0,,,,,0,0,,role_type,1,0,never_instantiated,0,,,,,0,0,cast_info,char_name,3140339,1,active,155,,,,,0,0,,,,,,,,,,,,,,,,,,,,,,,,,,,,,,,,,,,,,,,,,,,,,,,,,,,,,,,,,,,,,,,,,,,,,,,,,,,,,,,,,,,,
19b,3,13,1,0.36,company_name,,15,0,never_instantiated,0,,,,,0,0,info_type,,15,0,never_instantiated,0,,,,,0,0,movie_info,,15,0,never_instantiated,0,,,,,0,0,movie_companies,,5,0,never_instantiated,0,,,,,0,0,aka_name,,1,0,never_instantiated,0,,,,,0,0,,role_type,1,0,never_instantiated,0,,,,,0,0,name,,1,0,never_instantiated,0,,,,,0,0,char_name,,1,0,never_instantiated,0,,,,,0,0,title,cast_info,1,0,never_instantiated,0,,,,,0,0,,,,,,,,,,,,,,,,,,,,,,,,,,,,,,,,,,,,,,,,,,,,,,,,,,,,,,,,,,,,,,,,,,,,,,,,,,,,,,,,,,,,
19c,3,15,1,0.43,title,,4113,0,never_instantiated,0,,,,,0,0,aka_name,,3054,0,never_instantiated,0,,,,,0,0,,role_type,1,0,never_instantiated,0,,,,,0,0,name,,3091,0,never_instantiated,0,,,,,0,0,,info_type,1,0,never_instantiated,0,,,,,0,0,movie_info,,1662,0,never_instantiated,0,,,,,0,0,,company_name,84843,0,never_instantiated,0,,,,,0,0,,movie_companies,2609129,1,active,1902,,,,,0,0,cast_info,char_name,3140339,1,active,1902,,,,,0,0,,,,,,,,,,,,,,,,,,,,,,,,,,,,,,,,,,,,,,,,,,,,,,,,,,,,,,,,,,,,,,,,,,,,,,,,,,,,,,,,,,,,
19d,3,14,1,0.58,,company_name,84843,0,never_instantiated,0,,,,,0,0,,info_type,1,0,never_instantiated,0,,,,,0,0,movie_info,,549214,0,never_instantiated,0,,,,,0,0,char_name,,549214,0,never_instantiated,0,,,,,0,0,,role_type,1,0,never_instantiated,0,,,,,0,0,,title,1381089,1,active,960723,,,,,6996,2810,movie_companies,,503022,0,never_instantiated,0,,,,,0,0,name,,503022,0,never_instantiated,0,,,,,0,0,cast_info,aka_name,772581,1,active,276004,,,,,697,697,,,,,,,,,,,,,,,,,,,,,,,,,,,,,,,,,,,,,,,,,,,,,,,,,,,,,,,,,,,,,,,,,,,,,,,,,,,,,,,,,,,,
20a,3,4,1,0.33,,,33,0,never_instantiated,0,,,,,0,0,keyword,,8,0,never_instantiated,0,,,,,0,0,movie_keyword,,8,0,never_instantiated,0,,,,,0,0,,kind_type,1,0,never_instantiated,0,,,,,0,0,name,,8,0,never_instantiated,0,,,,,0,0,,comp_cast_type,2,0,never_instantiated,0,,,,,0,0,char_name,,210,0,never_instantiated,0,,,,,0,0,,comp_cast_type,1,0,never_instantiated,0,,,,,0,0,,complete_cast,84165,0,never_instantiated,0,,,,,0,0,cast_info,title,491669,1,active,594,,,,,0,0,,,,,,,,,,,,,,,,,,,,,,,,,,,,,,,,,,,,,,,,,,,,,,,,,,,,,,,,,,,,,,,,,,,,,,,,
20b,3,2,1,0.27,,comp_cast_type,2,0,never_instantiated,0,,,,,0,0,,comp_cast_type,1,0,never_instantiated,0,,,,,0,0,,kind_type,1,0,never_instantiated,0,,,,,0,0,,complete_cast,84165,0,never_instantiated,0,,,,,0,0,title,,46,0,never_instantiated,0,,,,,0,0,,name,2,0,never_instantiated,0,,,,,0,0,,char_name,30,0,never_instantiated,0,,,,,0,0,,,8,0,never_instantiated,0,,,,,0,0,cast_info,movie_keyword,1053924,1,active,9,,,,,0,0,keyword,,8,0,never_instantiated,0,,,,,0,0,,,,,,,,,,,,,,,,,,,,,,,,,,,,,,,,,,,,,,,,,,,,,,,,,,,,,,,,,,,,,,,,,,,,,,,,
20c,3,14,1,0.40,,comp_cast_type,1,0,never_instantiated,0,,,,,0,0,,kind_type,1,0,never_instantiated,0,,,,,0,0,,comp_cast_type,2,0,never_instantiated,0,,,,,0,0,,complete_cast,84165,0,never_instantiated,0,,,,,0,0,,,10,0,never_instantiated,0,,,,,0,0,movie_keyword,,98725,0,never_instantiated,0,,,,,0,0,,char_name,180152,0,never_instantiated,0,,,,,0,0,,name,4061926,1,active,99797,,,,,0,0,cast_info,title,273769,1,active,593769,,,,,15547,6280,keyword,,10,0,never_instantiated,0,,,,,0,0,,,,,,,,,,,,,,,,,,,,,,,,,,,,,,,,,,,,,,,,,,,,,,,,,,,,,,,,,,,,,,,,,,,,,,,,
21a,3,4,1,0.25,,keyword,1,0,never_instantiated,0,,,,,0,0,movie_keyword,,1410,0,never_instantiated,0,,,,,0,0,company_name,,3029,0,never_instantiated,0,,,,,0,0,,link_type,2,0,never_instantiated,0,,,,,0,0,,movie_link,2315,0,never_instantiated,0,,,,,0,0,title,,167,0,never_instantiated,0,,,,,0,0,,company_type,1,0,never_instantiated,0,,,,,0,0,,movie_companies,523,0,never_instantiated,0,,,,,0,0,movie_info,,8,0,never_instantiated,0,,,,,0,0,,,,,,,,,,,,,,,,,,,,,,,,,,,,,,,,,,,,,,,,,,,,,,,,,,,,,,,,,,,,,,,,,,,,,,,,,,,,,,,,,,,,
21b,3,16,1,0.24,,keyword,1,0,never_instantiated,0,,,,,0,0,movie_keyword,,38,0,never_instantiated,0,,,,,0,0,title,,38,0,never_instantiated,0,,,,,0,0,,company_type,1,0,never_instantiated,0,,,,,0,0,,link_type,2,0,never_instantiated,0,,,,,0,0,,movie_link,198,0,never_instantiated,0,,,,,0,0,,company_name,48302,0,never_instantiated,0,,,,,0,0,movie_info,movie_companies,78,0,never_instantiated,0,,,,,0,0,,,,,,,,,,,,,,,,,,,,,,,,,,,,,,,,,,,,,,,,,,,,,,,,,,,,,,,,,,,,,,,,,,,,,,,,,,,,,,,,,,,,,,,,,,,,,,,,
21c,3,18,1,0.25,,keyword,1,0,never_instantiated,0,,,,,0,0,movie_keyword,,1874,0,never_instantiated,0,,,,,0,0,,company_type,1,0,never_instantiated,0,,,,,0,0,company_name,,4393,0,never_instantiated,0,,,,,0,0,movie_companies,,736,0,never_instantiated,0,,,,,0,0,,link_type,2,0,never_instantiated,0,,,,,0,0,title,,736,0,never_instantiated,0,,,,,0,0,,movie_link,198,0,never_instantiated,0,,,,,0,0,movie_info,,9,0,never_instantiated,0,,,,,0,0,,,,,,,,,,,,,,,,,,,,,,,,,,,,,,,,,,,,,,,,,,,,,,,,,,,,,,,,,,,,,,,,,,,,,,,,,,,,,,,,,,,,
22a,3,10,1,0.27,keyword,,2851,0,never_instantiated,0,,,,,0,0,movie_keyword,,1509,0,never_instantiated,0,,,,,0,0,,kind_type,2,0,never_instantiated,0,,,,,0,0,company_type,,1510,0,never_instantiated,0,,,,,0,0,title,,22559,0,never_instantiated,0,,,,,0,0,company_name,,25253,0,never_instantiated,0,,,,,0,0,movie_companies,,4795,0,never_instantiated,0,,,,,0,0,,info_type,1,0,never_instantiated,0,,,,,0,0,movie_info_idx,,6637,0,never_instantiated,0,,,,,0,0,movie_info,info_type,1,0,never_instantiated,0,,,,,0,0,,,,,,,,,,,,,,,,,,,,,,,,,,,,,,,,,,,,,,,,,,,,,,,,,,,,,,,,,,,,,,,,,,,,,,,,
22b,3,9,1,0.26,company_type,,31,0,never_instantiated,0,,,,,0,0,,info_type,1,0,never_instantiated,0,,,,,0,0,,info_type,1,0,never_instantiated,0,,,,,0,0,keyword,,31,0,never_instantiated,0,,,,,0,0,movie_keyword,,17,0,never_instantiated,0,,,,,0,0,,kind_type,2,0,never_instantiated,0,,,,,0,0,company_name,,24,0,never_instantiated,0,,,,,0,0,movie_info_idx,,29,0,never_instantiated,0,,,,,0,0,,movie_companies,303271,1,active,20,,,,,0,0,movie_info,title,1312,0,never_instantiated,0,,,,,0,0,,,,,,,,,,,,,,,,,,,,,,,,,,,,,,,,,,,,,,,,,,,,,,,,,,,,,,,,,,,,,,,,,,,,,,,,
22c,3,19,1,0.28,company_name,,23216,0,never_instantiated,0,,,,,0,0,company_type,,23216,0,never_instantiated,0,,,,,0,0,movie_companies,,2057,0,never_instantiated,0,,,,,0,0,keyword,,2057,0,never_instantiated,0,,,,,0,0,,info_type,1,0,never_instantiated,0,,,,,0,0,,kind_type,2,0,never_instantiated,0,,,,,0,0,movie_keyword,,1290,0,never_instantiated,0,,,,,0,0,movie_info_idx,,1365,0,never_instantiated,0,,,,,0,0,,info_type,1,0,never_instantiated,0,,,,,0,0,,title,907876,1,active,6947,,,,,0,0,movie_info,,10,0,never_instantiated,0,,,,,0,0,,,,,,,,,,,,,,,,,,,,,,,,,,,,,,,,,,,,,,,,,,,,,,,,,,,,,,,,,,,,
22d,3,10,1,0.28,keyword,,46281,0,never_instantiated,0,,,,,0,0,movie_keyword,,25671,0,never_instantiated,0,,,,,0,0,,kind_type,2,0,never_instantiated,0,,,,,0,0,,company_type,2,0,never_instantiated,0,,,,,0,0,title,,85053,0,never_instantiated,0,,,,,0,0,company_name,,153402,0,never_instantiated,0,,,,,0,0,movie_companies,,14949,0,never_instantiated,0,,,,,0,0,,info_type,1,0,never_instantiated,0,,,,,0,0,movie_info_idx,,17181,0,never_instantiated,0,,,,,0,0,,info_type,1,0,never_instantiated,0,,,,,0,0,movie_info,,10,0,never_instantiated,0,,,,,0,0,,,,,,,,,,,,,,,,,,,,,,,,,,,,,,,,,,,,,,,,,,,,,,,,,,,,,,,,,,,,
23a,3,8,1,0.33,company_name,,618,0,never_instantiated,0,,,,,0,0,,company_type,2,0,never_instantiated,0,,,,,0,0,,comp_cast_type,1,0,never_instantiated,0,,,,,0,0,,kind_type,1,0,never_instantiated,0,,,,,0,0,movie_companies,,615,0,never_instantiated,0,,,,,0,0,title,,625,0,never_instantiated,0,,,,,0,0,,info_type,1,0,never_instantiated,0,,,,,0,0,,keyword,134170,0,never_instantiated,0,,,,,0,0,,complete_cast,24245,0,never_instantiated,0,,,,,0,0,movie_keyword,movie_info,4,0,never_instantiated,0,,,,,0,0,,,,,,,,,,,,,,,,,,,,,,,,,,,,,,,,,,,,,,,,,,,,,,,,,,,,,,,,,,,,,,,,,,,,,,,,
23b,3,14,1,0.31,company_type,,16,0,never_instantiated,0,,,,,0,0,company_name,,16,0,never_instantiated,0,,,,,0,0,keyword,,16,0,never_instantiated,0,,,,,0,0,,kind_type,1,0,never_instantiated,0,,,,,0,0,,info_type,1,0,never_instantiated,0,,,,,0,0,,comp_cast_type,1,0,never_instantiated,0,,,,,0,0,movie_companies,,16,0,never_instantiated,0,,,,,0,0,,complete_cast,24245,0,never_instantiated,0,,,,,0,0,movie_keyword,,2,0,never_instantiated,0,,,,,0,0,title,movie_info,2,0,never_instantiated,0,,,,,0,0,,,,,,,,,,,,,,,,,,,,,,,,,,,,,,,,,,,,,,,,,,,,,,,,,,,,,,,,,,,,,,,,,,,,,,,,
23c,3,7,1,0.36,,comp_cast_type,1,0,never_instantiated,0,,,,,0,0,keyword,,628,0,never_instantiated,0,,,,,0,0,movie_keyword,,7,0,never_instantiated,0,,,,,0,0,,kind_type,4,0,never_instantiated,0,,,,,0,0,,company_name,84843,0,never_instantiated,0,,,,,0,0,,company_type,2,0,never_instantiated,0,,,,,0,0,title,,7,0,never_instantiated,0,,,,,0,0,complete_cast,,5,0,never_instantiated,0,,,,,0,0,,info_type,1,0,never_instantiated,0,,,,,0,0,movie_info,movie_companies,2608923,1,active,4,,,,,0,0,,,,,,,,,,,,,,,,,,,,,,,,,,,,,,,,,,,,,,,,,,,,,,,,,,,,,,,,,,,,,,,,,,,,,,,,
24a,3,2,1,0.44,,info_type,1,0,never_instantiated,0,,,,,0,0,movie_info,,125,0,never_instantiated,0,,,,,0,0,keyword,,125,0,never_instantiated,0,,,,,0,0,,company_name,84843,0,never_instantiated,0,,,,,0,0,movie_keyword,,185,0,never_instantiated,0,,,,,0,0,aka_name,,92,0,never_instantiated,0,,,,,0,0,name,,92,0,never_instantiated,0,,,,,0,0,char_name,,92,0,never_instantiated,0,,,,,0,0,,title,198567,0,never_instantiated,0,,,,,0,0,,role_type,1,0,never_instantiated,0,,,,,0,0,cast_info,movie_companies,176355,0,never_instantiated,0,,,,,0,0,,,,,,,,,,,,,,,,,,,,,,,,,,,,,,,,,,,,,,,,,,,,,,,,,,,,,,,,,,,,
24b,3,15,1,0.37,name,,45,0,never_instantiated,0,,,,,0,0,aka_name,,9,0,never_instantiated,0,,,,,0,0,keyword,,9,0,never_instantiated,0,,,,,0,0,,info_type,1,0,never_instantiated,0,,,,,0,0,movie_keyword,,5,0,never_instantiated,0,,,,,0,0,movie_info,,3,0,never_instantiated,0,,,,,0,0,,company_name,1,0,never_instantiated,0,,,,,0,0,movie_companies,,3,0,never_instantiated,0,,,,,0,0,char_name,,3,0,never_instantiated,0,,,,,0,0,,role_type,1,0,never_instantiated,0,,,,,0,0,cast_info,title,8,0,never_instantiated,0,,,,,0,0,,,,,,,,,,,,,,,,,,,,,,,,,,,,,,,,,,,,,,,,,,,,,,,,,,,,,,,,,,,,
25a,3,9,1,0.39,,,4407,0,never_instantiated,0,,,,,0,0,keyword,,5,0,never_instantiated,0,,,,,0,0,,info_type,1,0,never_instantiated,0,,,,,0,0,,movie_info,30413,0,never_instantiated,0,,,,,0,0,,info_type,1,0,never_instantiated,0,,,,,0,0,,name,1739579,1,active,4405,,,,,0,0,,movie_info_idx,459925,1,active,4693,,,,,0,0,,movie_keyword,62096,0,never_instantiated,0,,,,,0,0,,title,47164,0,never_instantiated,0,,,,,0,0,cast_info,,5,0,never_instantiated,0,,,,,0,0,,,,,,,,,,,,,,,,,,,,,,,,,,,,,,,,,,,,,,,,,,,,,,,,,,,,,,,,,,,,,,,,,,,,,,,,
25b,3,13,1,0.35,info_type,,6,0,never_instantiated,0,,,,,0,0,movie_info_idx,,6,0,never_instantiated,0,,,,,0,0,,,6,0,never_instantiated,0,,,,,0,0,keyword,,5,0,never_instantiated,0,,,,,0,0,,info_type,1,0,never_instantiated,0,,,,,0,0,movie_keyword,,3,0,never_instantiated,0,,,,,0,0,,movie_info,6562,0,never_instantiated,0,,,,,0,0,,title,73,0,never_instantiated,0,,,,,0,0,,name,1739579,1,active,4,,,,,0,0,cast_info,,5,0,never_instantiated,0,,,,,0,0,,,,,,,,,,,,,,,,,,,,,,,,,,,,,,,,,,,,,,,,,,,,,,,,,,,,,,,,,,,,,,,,,,,,,,,,
25c,3,11,1,0.43,,info_type,1,0,never_instantiated,0,,,,,0,0,,,7,0,never_instantiated,0,,,,,0,0,movie_keyword,,28073,0,never_instantiated,0,,,,,0,0,,info_type,1,0,never_instantiated,0,,,,,0,0,,,19443,0,never_instantiated,0,,,,,0,0,movie_info,,6,0,never_instantiated,0,,,,,0,0,,name,1739579,1,active,19443,,,,,0,0,,title,145059,0,never_instantiated,0,,,,,0,0,,movie_info_idx,459925,1,active,558470,,,,,43680,25468,cast_info,,5,0,never_instantiated,0,,,,,0,0,keyword,,7,0,never_instantiated,0,,,,,0,0,,,,,,,,,,,,,,,,,,,,,,,,,,,,,,,,,,,,,,,,,,,,,,,,,,,,,,,,,,,,
26a,3,4,1,0.39,,info_type,1,0,never_instantiated,0,,,,,0,0,,,1728,0,never_instantiated,0,,,,,0,0,keyword,,10,0,never_instantiated,0,,,,,0,0,movie_keyword,,1019,0,never_instantiated,0,,,,,0,0,movie_info_idx,,1021,0,never_instantiated,0,,,,,0,0,,kind_type,1,0,never_instantiated,0,,,,,0,0,title,,1021,0,never_instantiated,0,,,,,0,0,,comp_cast_type,2,0,never_instantiated,0,,,,,0,0,char_name,,1027,0,never_instantiated,0,,,,,0,0,,comp_cast_type,1,0,never_instantiated,0,,,,,0,0,,complete_cast,937,0,never_instantiated,0,,,,,0,0,cast_info,name,4061926,1,active,1047,,,,,0,0,,,,,,,,,,,,,,,,,,,,,,,,,,,,,,,,,,,,,,,,,,,,,,,,
26b,3,7,1,0.35,,info_type,1,0,never_instantiated,0,,,,,0,0,,kind_type,1,0,never_instantiated,0,,,,,0,0,movie_info_idx,,93,0,never_instantiated,0,,,,,0,0,,keyword,4,0,never_instantiated,0,,,,,0,0,name,,93,0,never_instantiated,0,,,,,0,0,char_name,,93,0,never_instantiated,0,,,,,0,0,movie_keyword,,47,0,never_instantiated,0,,,,,0,0,,comp_cast_type,2,0,never_instantiated,0,,,,,0,0,,comp_cast_type,1,0,never_instantiated,0,,,,,0,0,,title,216079,0,never_instantiated,0,,,,,0,0,cast_info,complete_cast,2563,0,never_instantiated,0,,,,,0,0,,,,,,,,,,,,,,,,,,,,,,,,,,,,,,,,,,,,,,,,,,,,,,,,,,,,,,,,,,,,
26c,3,0,1,0.39,,kind_type,1,0,never_instantiated,0,,,,,0,0,title,,20612,0,never_instantiated,0,,,,,0,0,name,,20612,0,never_instantiated,0,,,,,0,0,,,20612,0,never_instantiated,0,,,,,0,0,keyword,,10,0,never_instantiated,0,,,,,0,0,movie_keyword,,16383,0,never_instantiated,0,,,,,0,0,,info_type,1,0,never_instantiated,0,,,,,0,0,movie_info_idx,,16492,0,never_instantiated,0,,,,,0,0,,comp_cast_type,2,0,never_instantiated,0,,,,,0,0,,comp_cast_type,1,0,never_instantiated,0,,,,,0,0,,complete_cast,84165,0,never_instantiated,0,,,,,0,0,cast_info,char_name,180152,0,never_instantiated,0,,,,,0,0,,,,,,,,,,,,,,,,,,,,,,,,,,,,,,,,,,,,,,,,,,,,,,,,
27a,3,17,1,0.24,company_name,,1106,0,never_instantiated,0,,,,,0,0,company_type,,1106,0,never_instantiated,0,,,,,0,0,link_type,,1106,0,never_instantiated,0,,,,,0,0,movie_link,,62,0,never_instantiated,0,,,,,0,0,comp_cast_type,,62,0,never_instantiated,0,,,,,0,0,comp_cast_type,,62,0,never_instantiated,0,,,,,0,0,movie_companies,,10,0,never_instantiated,0,,,,,0,0,complete_cast,,10,0,never_instantiated,0,,,,,0,0,,keyword,1,0,never_instantiated,0,,,,,0,0,,title,15152,0,never_instantiated,0,,,,,0,0,movie_keyword,movie_info,10,0,never_instantiated,0,,,,,0,0,,,,,,,,,,,,,,,,,,,,,,,,,,,,,,,,,,,,,,,,,,,,,,,,,,,,,,,,,,,,
27b,3,19,1,0.20,company_name,,532,0,never_instantiated,0,,,,,0,0,link_type,,532,0,never_instantiated,0,,,,,0,0,movie_link,,28,0,never_instantiated,0,,,,,0,0,,keyword,1,0,never_instantiated,0,,,,,0,0,,comp_cast_type,2,0,never_instantiated,0,,,,,0,0,,comp_cast_type,1,0,never_instantiated,0,,,,,0,0,complete_cast,,28,0,never_instantiated,0,,,,,0,0,,company_type,1,0,never_instantiated,0,,,,,0,0,movie_companies,,5,0,never_instantiated,0,,,,,0,0,movie_keyword,,5,0,never_instantiated,0,,,,,0,0,movie_info,title,2,0,never_instantiated,0,,,,,0,0,,,,,,,,,,,,,,,,,,,,,,,,,,,,,,,,,,,,,,,,,,,,,,,,,,,,,,,,,,,,
27c,3,14,1,0.25,link_type,,743,0,never_instantiated,0,,,,,0,0,keyword,,743,0,never_instantiated,0,,,,,0,0,,comp_cast_type,1,0,never_instantiated,0,,,,,0,0,,comp_cast_type,2,0,never_instantiated,0,,,,,0,0,movie_link,,41,0,never_instantiated,0,,,,,0,0,complete_cast,,41,0,never_instantiated,0,,,,,0,0,movie_keyword,,41,0,never_instantiated,0,,,,,0,0,company_name,,108,0,never_instantiated,0,,,,,0,0,,company_type,1,0,never_instantiated,0,,,,,0,0,,movie_companies,47709,0,never_instantiated,0,,,,,0,0,,title,10,0,never_instantiated,0,,,,,0,0,movie_info,,9,0,never_instantiated,0,,,,,0,0,,,,,,,,,,,,,,,,,,,,,,,,,,,,,,,,,,,,,,,,,,,,,,,,
28a,3,0,1,0.27,kind_type,,4803,0,never_instantiated,0,,,,,0,0,title,,8121,0,never_instantiated,0,,,,,0,0,keyword,,8121,0,never_instantiated,0,,,,,0,0,movie_keyword,,4525,0,never_instantiated,0,,,,,0,0,,info_type,1,0,never_instantiated,0,,,,,0,0,movie_info_idx,,4653,0,never_instantiated,0,,,,,0,0,,company_type,2,0,never_instantiated,0,,,,,0,0,company_name,,5130,0,never_instantiated,0,,,,,0,0,movie_companies,,970,0,never_instantiated,0,,,,,0,0,,info_type,1,0,never_instantiated,0,,,,,0,0,,comp_cast_type,1,0,never_instantiated,0,,,,,0,0,,comp_cast_type,1,0,never_instantiated,0,,,,,0,0,,complete_cast,1277,0,never_instantiated,0,,,,,0,0,movie_info,,10,0,never_instantiated,0,,,,,0,0,,,,,,,,,,,,,,,,,,,,,,,,
28b,3,5,1,0.25,keyword,,148,0,never_instantiated,0,,,,,0,0,info_type,,148,0,never_instantiated,0,,,,,0,0,movie_keyword,,77,0,never_instantiated,0,,,,,0,0,company_type,,77,0,never_instantiated,0,,,,,0,0,kind_type,,77,0,never_instantiated,0,,,,,0,0,movie_info_idx,,77,0,never_instantiated,0,,,,,0,0,company_name,,78,0,never_instantiated,0,,,,,0,0,,info_type,1,0,never_instantiated,0,,,,,0,0,,comp_cast_type,1,0,never_instantiated,0,,,,,0,0,,comp_cast_type,1,0,never_instantiated,0,,,,,0,0,complete_cast,,78,0,never_instantiated,0,,,,,0,0,,movie_companies,303264,1,active,6,,,,,0,0,movie_info,title,1782,0,never_instantiated,0,,,,,0,0,,,,,,,,,,,,,,,,,,,,,,,,,,,,,,,,,,,,
28c,3,6,1,0.29,info_type,,8373,0,never_instantiated,0,,,,,0,0,keyword,,8373,0,never_instantiated,0,,,,,0,0,kind_type,,8373,0,never_instantiated,0,,,,,0,0,company_name,,8771,0,never_instantiated,0,,,,,0,0,,comp_cast_type,1,0,never_instantiated,0,,,,,0,0,,company_type,2,0,never_instantiated,0,,,,,0,0,title,,23398,0,never_instantiated,0,,,,,0,0,movie_info_idx,,23613,0,never_instantiated,0,,,,,0,0,movie_keyword,,12700,0,never_instantiated,0,,,,,0,0,,comp_cast_type,1,0,never_instantiated,0,,,,,0,0,movie_companies,,1623,0,never_instantiated,0,,,,,0,0,,info_type,1,0,never_instantiated,0,,,,,0,0,,complete_cast,2135,0,never_instantiated,0,,,,,0,0,movie_info,,10,0,never_instantiated,0,,,,,0,0,,,,,,,,,,,,,,,,,,,,,,,,
29a,3,5,1,0.40,info_type,,1620,0,never_instantiated,0,,,,,0,0,movie_info,,810,0,never_instantiated,0,,,,,0,0,company_name,,3564,0,never_instantiated,0,,,,,0,0,movie_companies,,162,0,never_instantiated,0,,,,,0,0,comp_cast_type,,162,0,never_instantiated,0,,,,,0,0,title,,162,0,never_instantiated,0,,,,,0,0,aka_name,,54,0,never_instantiated,0,,,,,0,0,comp_cast_type,,54,0,never_instantiated,0,,,,,0,0,complete_cast,,54,0,never_instantiated,0,,,,,0,0,char_name,,54,0,never_instantiated,0,,,,,0,0,name,,54,0,never_instantiated,0,,,,,0,0,,info_type,1,0,never_instantiated,0,,,,,0,0,,role_type,1,0,never_instantiated,0,,,,,0,0,,keyword,1,0,never_instantiated,0,,,,,0,0,,person_info,10174,0,never_instantiated,0,,,,,0,0,cast_info,movie_keyword,1,0,never_instantiated,0,,,,,0,0
29b,3,4,1,0.39,keyword,,15,0,never_instantiated,0,,,,,0,0,movie_keyword,,15,0,never_instantiated,0,,,,,0,0,role_type,,15,0,never_instantiated,0,,,,,0,0,info_type,,15,0,never_instantiated,0,,,,,0,0,char_name,,15,0,never_instantiated,0,,,,,0,0,info_type,,15,0,never_instantiated,0,,,,,0,0,company_name,,66,0,never_instantiated,0,,,,,0,0,comp_cast_type,,66,0,never_instantiated,0,,,,,0,0,aka_name,,22,0,never_instantiated,0,,,,,0,0,person_info,,22,0,never_instantiated,0,,,,,0,0,,title,1,0,never_instantiated,0,,,,,0,0,,comp_cast_type,1,0,never_instantiated,0,,,,,0,0,movie_info,,22,0,never_instantiated,0,,,,,0,0,,complete_cast,17602,0,never_instantiated,0,,,,,0,0,,name,2451,0,never_instantiated,0,,,,,0,0,cast_info,movie_companies,22,0,never_instantiated,0,,,,,0,0
29c,3,1,1,0.46,info_type,,16308,0,never_instantiated,0,,,,,0,0,info_type,,16308,0,never_instantiated,0,,,,,0,0,company_name,,75240,0,never_instantiated,0,,,,,0,0,movie_info,,26268,0,never_instantiated,0,,,,,0,0,movie_companies,,1010,0,never_instantiated,0,,,,,0,0,comp_cast_type,,1010,0,never_instantiated,0,,,,,0,0,title,,1014,0,never_instantiated,0,,,,,0,0,,keyword,1,0,never_instantiated,0,,,,,0,0,aka_name,,244,0,never_instantiated,0,,,,,0,0,person_info,,4,0,never_instantiated,0,,,,,0,0,,comp_cast_type,1,0,never_instantiated,0,,,,,0,0,,complete_cast,17602,0,never_instantiated,0,,,,,0,0,name,,4,0,never_instantiated,0,,,,,0,0,movie_keyword,,4,0,never_instantiated,0,,,,,0,0,,role_type,1,0,never_instantiated,0,,,,,0,0,cast_info,char_name,3140339,1,active,4,,,,,0,0
30a,3,16,1,0.39,title,,4394,0,never_instantiated,0,,,,,0,0,,comp_cast_type,2,0,never_instantiated,0,,,,,0,0,,comp_cast_type,1,0,never_instantiated,0,,,,,0,0,,,4394,0,never_instantiated,0,,,,,0,0,keyword,,7,0,never_instantiated,0,,,,,0,0,complete_cast,,3728,0,never_instantiated,0,,,,,0,0,,info_type,1,0,never_instantiated,0,,,,,0,0,,info_type,1,0,never_instantiated,0,,,,,0,0,,movie_info_idx,18497,0,never_instantiated,0,,,,,0,0,,movie_keyword,76714,0,never_instantiated,0,,,,,0,0,,movie_info,72258,0,never_instantiated,0,,,,,0,0,,name,1739579,1,active,1167,,,,,0,0,cast_info,,5,0,never_instantiated,0,,,,,0,0,,,,,,,,,,,,,,,,,,,,,,,,,,,,,,,,,,,,
30b,3,0,1,0.37,title,,28,0,never_instantiated,0,,,,,0,0,name,,28,0,never_instantiated,0,,,,,0,0,,,28,0,never_instantiated,0,,,,,0,0,keyword,,7,0,never_instantiated,0,,,,,0,0,movie_keyword,,7,0,never_instantiated,0,,,,,0,0,,info_type,1,0,never_instantiated,0,,,,,0,0,movie_info_idx,,7,0,never_instantiated,0,,,,,0,0,,info_type,1,0,never_instantiated,0,,,,,0,0,,comp_cast_type,1,0,never_instantiated,0,,,,,0,0,,comp_cast_type,2,0,never_instantiated,0,,,,,0,0,,complete_cast,24245,0,never_instantiated,0,,,,,0,0,,movie_info,4,0,never_instantiated,0,,,,,0,0,cast_info,,5,0,never_instantiated,0,,,,,0,0,,,,,,,,,,,,,,,,,,,,,,,,,,,,,,,,,,,,
30c,3,19,1,0.41,,info_type,1,0,never_instantiated,0,,,,,0,0,,,8024,0,never_instantiated,0,,,,,0,0,keyword,,7,0,never_instantiated,0,,,,,0,0,name,,11863,0,never_instantiated,0,,,,,0,0,movie_info_idx,,11866,0,never_instantiated,0,,,,,0,0,,comp_cast_type,1,0,never_instantiated,0,,,,,0,0,,info_type,1,0,never_instantiated,0,,,,,0,0,movie_keyword,,4800,0,never_instantiated,0,,,,,0,0,title,,7263,0,never_instantiated,0,,,,,0,0,,comp_cast_type,1,0,never_instantiated,0,,,,,0,0,,complete_cast,17602,0,never_instantiated,0,,,,,0,0,,,186589,0,never_instantiated,0,,,,,0,0,cast_info,,5,0,never_instantiated,0,,,,,0,0,movie_info,,6,0,never_instantiated,0,,,,,0,0,,,,,,,,,,,,,,,,,,,,,,,,
31a,3,12,1,0.40,company_name,,1273,0,never_instantiated,0,,,,,0,0,movie_companies,,678,0,never_instantiated,0,,,,,0,0,title,,678,0,never_instantiated,0,,,,,0,0,,,678,0,never_instantiated,0,,,,,0,0,keyword,,7,0,never_instantiated,0,,,,,0,0,movie_keyword,,200,0,never_instantiated,0,,,,,0,0,,info_type,1,0,never_instantiated,0,,,,,0,0,,info_type,1,0,never_instantiated,0,,,,,0,0,,name,1739579,1,active,200,,,,,0,0,,movie_info_idx,1338,0,never_instantiated,0,,,,,0,0,,movie_info,16368,0,never_instantiated,0,,,,,0,0,cast_info,,5,0,never_instantiated,0,,,,,0,0,,,,,,,,,,,,,,,,,,,,,,,,,,,,,,,,,,,,,,,,,,,,,,,,
31b,3,6,1,0.37,,,84,0,never_instantiated,0,,,,,0,0,keyword,,7,0,never_instantiated,0,,,,,0,0,name,,84,0,never_instantiated,0,,,,,0,0,movie_keyword,,19,0,never_instantiated,0,,,,,0,0,title,,19,0,never_instantiated,0,,,,,0,0,company_name,,19,0,never_instantiated,0,,,,,0,0,,info_type,1,0,never_instantiated,0,,,,,0,0,,info_type,1,0,never_instantiated,0,,,,,0,0,movie_info_idx,,19,0,never_instantiated,0,,,,,0,0,,movie_companies,7,0,never_instantiated,0,,,,,0,0,,movie_info,9,0,never_instantiated,0,,,,,0,0,cast_info,,5,0,never_instantiated,0,,,,,0,0,,,,,,,,,,,,,,,,,,,,,,,,,,,,,,,,,,,,,,,,,,,,,,,,
31c,3,4,1,0.42,,,2825,0,never_instantiated,0,,,,,0,0,keyword,,7,0,never_instantiated,0,,,,,0,0,movie_keyword,,823,0,never_instantiated,0,,,,,0,0,company_name,,823,0,never_instantiated,0,,,,,0,0,movie_companies,,466,0,never_instantiated,0,,,,,0,0,title,,466,0,never_instantiated,0,,,,,0,0,,info_type,1,0,never_instantiated,0,,,,,0,0,,info_type,1,0,never_instantiated,0,,,,,0,0,,movie_info_idx,459917,1,active,468,,,,,0,0,,,518,0,never_instantiated,0,,,,,0,0,,name,4061926,1,active,243,,,,,0,0,cast_info,,5,0,never_instantiated,0,,,,,0,0,movie_info,,6,0,never_instantiated,0,,,,,0,0,,,,,,,,,,,,,,,,,,,,,,,,,,,,,,,,,,,,
32a,3,3,1,0.15,title,,0,0,never_instantiated,0,,,,,0,0,link_type,,0,0,never_instantiated,0,,,,,0,0,movie_link,,0,0,never_instantiated,0,,,,,0,0,title,,0,0,never_instantiated,0,,,,,0,0,movie_keyword,keyword,1,0,never_instantiated,0,,,,,0,0,,,,,,,,,,,,,,,,,,,,,,,,,,,,,,,,,,,,,,,,,,,,,,,,,,,,,,,,,,,,,,,,,,,,,,,,,,,,,,,,,,,,,,,,,,,,,,,,,,,,,,,,,,,,,,,,,,,,,,,,,,,,,,,,,,,,
32b,3,13,1,0.17,link_type,,4388,0,never_instantiated,0,,,,,0,0,title,,4388,0,never_instantiated,0,,,,,0,0,,keyword,1,0,never_instantiated,0,,,,,0,0,title,,4388,0,never_instantiated,0,,,,,0,0,movie_keyword,movie_link,29997,0,never_instantiated,0,,,,,0,0,,,,,,,,,,,,,,,,,,,,,,,,,,,,,,,,,,,,,,,,,,,,,,,,,,,,,,,,,,,,,,,,,,,,,,,,,,,,,,,,,,,,,,,,,,,,,,,,,,,,,,,,,,,,,,,,,,,,,,,,,,,,,,,,,,,,
33a,3,1,1,0.19,link_type,,8,0,never_instantiated,0,,,,,0,0,company_name,,28,0,never_instantiated,0,,,,,0,0,info_type,,28,0,never_instantiated,0,,,,,0,0,movie_info_idx,,29,0,never_instantiated,0,,,,,0,0,,kind_type,1,0,never_instantiated,0,,,,,0,0,,kind_type,1,0,never_instantiated,0,,,,,0,0,title,,29,0,never_instantiated,0,,,,,0,0,movie_companies,,11,0,never_instantiated,0,,,,,0,0,movie_link,,9,0,never_instantiated,0,,,,,0,0,title,,9,0,never_instantiated,0,,,,,0,0,,info_type,1,0,never_instantiated,0,,,,,0,0,,company_name,234997,0,never_instantiated,0,,,,,0,0,movie_companies,movie_info_idx,25576,0,never_instantiated,0,,,,,0,0,,,,,,,,,,,,,,,,,,,,,,,,,,,,,,,,,,,,
33b,3,13,1,0.17,link_type,,4,0,never_instantiated,0,,,,,0,0,company_name,,4,0,never_instantiated,0,,,,,0,0,kind_type,,4,0,never_instantiated,0,,,,,0,0,company_name,,4,0,never_instantiated,0,,,,,0,0,info_type,,4,0,never_instantiated,0,,,,,0,0,,info_type,1,0,never_instantiated,0,,,,,0,0,title,,4,0,never_instantiated,0,,,,,0,0,movie_info_idx,,4,0,never_instantiated,0,,,,,0,0,movie_companies,,4,0,never_instantiated,0,,,,,0,0,movie_link,,4,0,never_instantiated,0,,,,,0,0,,kind_type,1,0,never_instantiated,0,,,,,0,0,,title,4056,0,never_instantiated,0,,,,,0,0,movie_companies,movie_info_idx,1,0,never_instantiated,0,,,,,0,0,,,,,,,,,,,,,,,,,,,,,,,,,,,,,,,,,,,,
33c,3,17,1,0.21,company_name,,131,0,never_instantiated,0,,,,,0,0,movie_companies,,44,0,never_instantiated,0,,,,,0,0,info_type,,44,0,never_instantiated,0,,,,,0,0,kind_type,,44,0,never_instantiated,0,,,,,0,0,movie_info_idx,,48,0,never_instantiated,0,,,,,0,0,title,,48,0,never_instantiated,0,,,,,0,0,,link_type,2,0,never_instantiated,0,,,,,0,0,movie_link,,38,0,never_instantiated,0,,,,,0,0,,info_type,1,0,never_instantiated,0,,,,,0,0,,kind_type,2,0,never_instantiated,0,,,,,0,0,company_name,,38,0,never_instantiated,0,,,,,0,0,title,,77,0,never_instantiated,0,,,,,0,0,movie_companies,movie_info_idx,36,0,never_instantiated,0,,,,,0,0,,,,,,,,,,,,,,,,,,,,,,,,,,,,,,,,,,,,
1a,4,8,1,0.17,,info_type,1,0,never_instantiated,0,,,,,0,0,,company_type,1,0,never_instantiated,0,,,,,0,0,movie_info_idx,,188,0,never_instantiated,0,,,,,0,0,title,movie_companies,28657,0,never_instantiated,0,,,,,0,0,,,,,,,,,,,,,,,,,,,,,,,,,,,,,,,,,,,,,,,,,,,,,,,,,,,,,,,,,,,,,,,,,,,,,,,,,,,,,,,,,,,,,,,,,,,,,,,,,,,,,,,,,,,,,,,,,,,,,,,,,,,,,,,,,,,,,,,,,,,,,,,,
1b,4,10,1,0.16,,info_type,1,0,never_instantiated,0,,,,,0,0,,company_type,1,0,never_instantiated,0,,,,,0,0,title,,5,0,never_instantiated,0,,,,,0,0,movie_info_idx,movie_companies,5,0,never_instantiated,0,,,,,0,0,,,,,,,,,,,,,,,,,,,,,,,,,,,,,,,,,,,,,,,,,,,,,,,,,,,,,,,,,,,,,,,,,,,,,,,,,,,,,,,,,,,,,,,,,,,,,,,,,,,,,,,,,,,,,,,,,,,,,,,,,,,,,,,,,,,,,,,,,,,,,,,,
1c,4,4,1,0.18,,company_type,1,0,never_instantiated,0,,,,,0,0,,info_type,1,0,never_instantiated,0,,,,,0,0,title,,3,0,never_instantiated,0,,,,,0,0,movie_info_idx,movie_companies,7,0,never_instantiated,0,,,,,0,0,,,,,,,,,,,,,,,,,,,,,,,,,,,,,,,,,,,,,,,,,,,,,,,,,,,,,,,,,,,,,,,,,,,,,,,,,,,,,,,,,,,,,,,,,,,,,,,,,,,,,,,,,,,,,,,,,,,,,,,,,,,,,,,,,,,,,,,,,,,,,,,,
1d,4,11,1,0.16,,company_type,1,0,never_instantiated,0,,,,,0,0,,info_type,1,0,never_instantiated,0,,,,,0,0,movie_info_idx,,4,0,never_instantiated,0,,,,,0,0,movie_companies,title,2,0,never_instantiated,0,,,,,0,0,,,,,,,,,,,,,,,,,,,,,,,,,,,,,,,,,,,,,,,,,,,,,,,,,,,,,,,,,,,,,,,,,,,,,,,,,,,,,,,,,,,,,,,,,,,,,,,,,,,,,,,,,,,,,,,,,,,,,,,,,,,,,,,,,,,,,,,,,,,,,,,,
2a,4,10,1,0.20,,keyword,1,0,never_instantiated,0,,,,,0,0,,company_name,1516,0,never_instantiated,0,,,,,0,0,,title,4758,0,never_instantiated,0,,,,,0,0,movie_keyword,movie_companies,7862,0,never_instantiated,0,,,,,0,0,,,,,,,,,,,,,,,,,,,,,,,,,,,,,,,,,,,,,,,,,,,,,,,,,,,,,,,,,,,,,,,,,,,,,,,,,,,,,,,,,,,,,,,,,,,,,,,,,,,,,,,,,,,,,,,,,,,,,,,,,,,,,,,,,,,,,,,,,,,,,,,,
2b,4,8,1,0.20,,keyword,1,0,never_instantiated,0,,,,,0,0,,company_name,2340,0,never_instantiated,0,,,,,0,0,,movie_companies,56774,0,never_instantiated,0,,,,,0,0,movie_keyword,title,2629,0,never_instantiated,0,,,,,0,0,,,,,,,,,,,,,,,,,,,,,,,,,,,,,,,,,,,,,,,,,,,,,,,,,,,,,,,,,,,,,,,,,,,,,,,,,,,,,,,,,,,,,,,,,,,,,,,,,,,,,,,,,,,,,,,,,,,,,,,,,,,,,,,,,,,,,,,,,,,,,,,,
2c,4,13,1,0.15,title,,0,0,never_instantiated,0,,,,,0,0,company_name,,0,0,never_instantiated,0,,,,,0,0,,keyword,0,0,never_instantiated,0,,,,,0,0,movie_keyword,movie_companies,0,0,never_instantiated,0,,,,,0,0,,,,,,,,,,,,,,,,,,,,,,,,,,,,,,,,,,,,,,,,,,,,,,,,,,,,,,,,,,,,,,,,,,,,,,,,,,,,,,,,,,,,,,,,,,,,,,,,,,,,,,,,,,,,,,,,,,,,,,,,,,,,,,,,,,,,,,,,,,,,,,,,
2d,4,7,1,0.22,,keyword,1,0,never_instantiated,0,,,,,0,0,title,,68316,0,never_instantiated,0,,,,,0,0,,company_name,9513,0,never_instantiated,0,,,,,0,0,movie_keyword,movie_companies,149235,0,never_instantiated,0,,,,,0,0,,,,,,,,,,,,,,,,,,,,,,,,,,,,,,,,,,,,,,,,,,,,,,,,,,,,,,,,,,,,,,,,,,,,,,,,,,,,,,,,,,,,,,,,,,,,,,,,,,,,,,,,,,,,,,,,,,,,,,,,,,,,,,,,,,,,,,,,,,,,,,,,
3a,4,17,1,0.49,,keyword,14,0,never_instantiated,0,,,,,0,0,movie_keyword,,282,0,never_instantiated,0,,,,,0,0,,title,191,0,never_instantiated,0,,,,,0,0,movie_info,,8,0,never_instantiated,0,,,,,0,0,,,,,,,,,,,,,,,,,,,,,,,,,,,,,,,,,,,,,,,,,,,,,,,,,,,,,,,,,,,,,,,,,,,,,,,,,,,,,,,,,,,,,,,,,,,,,,,,,,,,,,,,,,,,,,,,,,,,,,,,,,,,,,,,,,,,,,,,,,,,,,,,
3b,4,9,1,0.49,keyword,,5,0,never_instantiated,0,,,,,0,0,movie_keyword,,3,0,never_instantiated,0,,,,,0,0,title,movie_info,6,0,never_instantiated,0,,,,,0,0,,,,,,,,,,,,,,,,,,,,,,,,,,,,,,,,,,,,,,,,,,,,,,,,,,,,,,,,,,,,,,,,,,,,,,,,,,,,,,,,,,,,,,,,,,,,,,,,,,,,,,,,,,,,,,,,,,,,,,,,,,,,,,,,,,,,,,,,,,,,,,,,,,,,,,,,,,,,
3c,4,10,1,0.50,,keyword,30,0,never_instantiated,0,,,,,0,0,,title,6303,0,never_instantiated,0,,,,,0,0,movie_keyword,,13176,0,never_instantiated,0,,,,,0,0,movie_info,,10,0,never_instantiated,0,,,,,0,0,,,,,,,,,,,,,,,,,,,,,,,,,,,,,,,,,,,,,,,,,,,,,,,,,,,,,,,,,,,,,,,,,,,,,,,,,,,,,,,,,,,,,,,,,,,,,,,,,,,,,,,,,,,,,,,,,,,,,,,,,,,,,,,,,,,,,,,,,,,,,,,,
4a,4,17,1,0.19,,info_type,1,0,never_instantiated,0,,,,,0,0,,keyword,30,0,never_instantiated,0,,,,,0,0,,movie_info_idx,7566,0,never_instantiated,0,,,,,0,0,movie_keyword,title,3465,0,never_instantiated,0,,,,,0,0,,,,,,,,,,,,,,,,,,,,,,,,,,,,,,,,,,,,,,,,,,,,,,,,,,,,,,,,,,,,,,,,,,,,,,,,,,,,,,,,,,,,,,,,,,,,,,,,,,,,,,,,,,,,,,,,,,,,,,,,,,,,,,,,,,,,,,,,,,,,,,,,
4b,4,0,1,0.19,title,,6,0,never_instantiated,0,,,,,0,0,,info_type,1,0,never_instantiated,0,,,,,0,0,,movie_info_idx,5,0,never_instantiated,0,,,,,0,0,movie_keyword,keyword,3,0,never_instantiated,0,,,,,0,0,,,,,,,,,,,,,,,,,,,,,,,,,,,,,,,,,,,,,,,,,,,,,,,,,,,,,,,,,,,,,,,,,,,,,,,,,,,,,,,,,,,,,,,,,,,,,,,,,,,,,,,,,,,,,,,,,,,,,,,,,,,,,,,,,,,,,,,,,,,,,,,,
4c,4,8,1,0.20,,,,,,,,,,,,,,,,,,,,,,,,,,,,,,,,,,,,,,,,,,,,,,,,,,,,,,,,,,,,,,,,,,,,,,,,,,,,,,,,,,,,,,,,,,,,,,,,,,,,,,,,,,,,,,,,,,,,,,,,,,,,,,,,,,,,,,,,,,,,,,,,,,,,,,,,,,,,,,,,,,,,,,,,,,,,,,,,,,,,,,,,,,,,,,,,
5a,4,11,1,0.15,,company_type,0,0,never_instantiated,0,,,,,0,0,,info_type,0,0,never_instantiated,0,,,,,0,0,,movie_companies,0,0,never_instantiated,0,,,,,0,0,,title,0,0,never_instantiated,0,,,,,0,0,movie_info,,8,0,never_instantiated,0,,,,,0,0,,,,,,,,,,,,,,,,,,,,,,,,,,,,,,,,,,,,,,,,,,,,,,,,,,,,,,,,,,,,,,,,,,,,,,,,,,,,,,,,,,,,,,,,,,,,,,,,,,,,,,,,,,,,,,,,,,,,,,,,,,,,,,,,,,,,
5b,4,0,1,0.17,title,,0,0,never_instantiated,0,,,,,0,0,,company_type,0,0,never_instantiated,0,,,,,0,0,,movie_companies,0,0,never_instantiated,0,,,,,0,0,movie_info,info_type,0,0,never_instantiated,0,,,,,0,0,,,,,,,,,,,,,,,,,,,,,,,,,,,,,,,,,,,,,,,,,,,,,,,,,,,,,,,,,,,,,,,,,,,,,,,,,,,,,,,,,,,,,,,,,,,,,,,,,,,,,,,,,,,,,,,,,,,,,,,,,,,,,,,,,,,,,,,,,,,,,,,,
5c,4,11,1,0.48,,company_type,1,0,never_instantiated,0,,,,,0,0,,info_type,5,0,never_instantiated,0,,,,,0,0,,movie_companies,652,0,never_instantiated,0,,,,,0,0,,title,1028,0,never_instantiated,0,,,,,0,0,movie_info,,10,0,never_instantiated,0,,,,,0,0,,,,,,,,,,,,,,,,,,,,,,,,,,,,,,,,,,,,,,,,,,,,,,,,,,,,,,,,,,,,,,,,,,,,,,,,,,,,,,,,,,,,,,,,,,,,,,,,,,,,,,,,,,,,,,,,,,,,,,,,,,,,,,,,,,,,
6a,4,5,1,0.22,,keyword,1,0,never_instantiated,0,,,,,0,0,movie_keyword,,6,0,never_instantiated,0,,,,,0,0,,name,1,0,never_instantiated,0,,,,,0,0,cast_info,title,4,0,never_instantiated,0,,,,,0,0,,,,,,,,,,,,,,,,,,,,,,,,,,,,,,,,,,,,,,,,,,,,,,,,,,,,,,,,,,,,,,,,,,,,,,,,,,,,,,,,,,,,,,,,,,,,,,,,,,,,,,,,,,,,,,,,,,,,,,,,,,,,,,,,,,,,,,,,,,,,,,,,
6b,4,10,1,0.21,,,6,0,never_instantiated,0,,,,,0,0,movie_keyword,,3,0,never_instantiated,0,,,,,0,0,,title,2,0,never_instantiated,0,,,,,0,0,cast_info,name,1,0,never_instantiated,0,,,,,0,0,keyword,,8,0,never_instantiated,0,,,,,0,0,,,,,,,,,,,,,,,,,,,,,,,,,,,,,,,,,,,,,,,,,,,,,,,,,,,,,,,,,,,,,,,,,,,,,,,,,,,,,,,,,,,,,,,,,,,,,,,,,,,,,,,,,,,,,,,,,,,,,,,,,,,,,,,,,,,,
6c,4,10,1,0.20,,keyword,1,0,never_instantiated,0,,,,,0,0,movie_keyword,,2,0,never_instantiated,0,,,,,0,0,,title,1,0,never_instantiated,0,,,,,0,0,cast_info,name,1,0,never_instantiated,0,,,,,0,0,,,,,,,,,,,,,,,,,,,,,,,,,,,,,,,,,,,,,,,,,,,,,,,,,,,,,,,,,,,,,,,,,,,,,,,,,,,,,,,,,,,,,,,,,,,,,,,,,,,,,,,,,,,,,,,,,,,,,,,,,,,,,,,,,,,,,,,,,,,,,,,,
6d,4,10,1,0.22,,,8,0,never_instantiated,0,,,,,0,0,movie_keyword,,306,0,never_instantiated,0,,,,,0,0,,title,2029,0,never_instantiated,0,,,,,0,0,cast_info,name,2,0,never_instantiated,0,,,,,0,0,keyword,,8,0,never_instantiated,0,,,,,0,0,,,,,,,,,,,,,,,,,,,,,,,,,,,,,,,,,,,,,,,,,,,,,,,,,,,,,,,,,,,,,,,,,,,,,,,,,,,,,,,,,,,,,,,,,,,,,,,,,,,,,,,,,,,,,,,,,,,,,,,,,,,,,,,,,,,,
6e,4,9,1,0.21,name,,6,0,never_instantiated,0,,,,,0,0,,keyword,1,0,never_instantiated,0,,,,,0,0,,title,4,0,never_instantiated,0,,,,,0,0,cast_info,movie_keyword,4,0,never_instantiated,0,,,,,0,0,,,,,,,,,,,,,,,,,,,,,,,,,,,,,,,,,,,,,,,,,,,,,,,,,,,,,,,,,,,,,,,,,,,,,,,,,,,,,,,,,,,,,,,,,,,,,,,,,,,,,,,,,,,,,,,,,,,,,,,,,,,,,,,,,,,,,,,,,,,,,,,,
6f,4,10,1,0.60,,,8,0,never_instantiated,0,,,,,0,0,,movie_keyword,4523930,0,never_instantiated,0,,,,,0,0,,title,1381132,0,never_instantiated,0,,,,,0,0,cast_info,name,4061926,0,never_instantiated,0,,,,,0,0,keyword,,8,0,never_instantiated,0,,,,,0,0,,,,,,,,,,,,,,,,,,,,,,,,,,,,,,,,,,,,,,,,,,,,,,,,,,,,,,,,,,,,,,,,,,,,,,,,,,,,,,,,,,,,,,,,,,,,,,,,,,,,,,,,,,,,,,,,,,,,,,,,,,,,,,,,,,,,
7a,4,17,1,0.32,info_type,,32,0,never_instantiated,0,,,,,0,0,person_info,,182,0,never_instantiated,0,,,,,0,0,name,,345,0,never_instantiated,0,,,,,0,0,aka_name,,182,0,never_instantiated,0,,,,,0,0,,link_type,1,0,never_instantiated,0,,,,,0,0,,movie_link,144,0,never_instantiated,0,,,,,0,0,cast_info,title,80,0,never_instantiated,0,,,,,0,0,,,,,,,,,,,,,,,,,,,,,,,,,,,,,,,,,,,,,,,,,,,,,,,,,,,,,,,,,,,,,,,,,,,,,,,,,,,,,,,,,,,,,,,,,,,,,,,,,,,,,,,,,,,,
7b,4,13,1,0.23,name,,16,0,never_instantiated,0,,,,,0,0,info_type,,16,0,never_instantiated,0,,,,,0,0,,person_info,1,0,never_instantiated,0,,,,,0,0,title,,16,0,never_instantiated,0,,,,,0,0,aka_name,,8,0,never_instantiated,0,,,,,0,0,,link_type,1,0,never_instantiated,0,,,,,0,0,cast_info,movie_link,7,0,never_instantiated,0,,,,,0,0,,,,,,,,,,,,,,,,,,,,,,,,,,,,,,,,,,,,,,,,,,,,,,,,,,,,,,,,,,,,,,,,,,,,,,,,,,,,,,,,,,,,,,,,,,,,,,,,,,,,,,,,,,,,
7c,4,5,1,0.76,name,,345472,0,never_instantiated,0,,,,,0,0,,info_type,1,0,never_instantiated,0,,,,,0,0,person_info,,313161,0,never_instantiated,0,,,,,0,0,aka_name,,137068,0,never_instantiated,0,,,,,0,0,,link_type,4,0,never_instantiated,0,,,,,0,0,,movie_link,17799,0,never_instantiated,0,,,,,0,0,cast_info,title,6492,0,never_instantiated,0,,,,,0,0,,,,,,,,,,,,,,,,,,,,,,,,,,,,,,,,,,,,,,,,,,,,,,,,,,,,,,,,,,,,,,,,,,,,,,,,,,,,,,,,,,,,,,,,,,,,,,,,,,,,,,,,,,,,
8a,4,9,1,0.27,role_type,,62,0,never_instantiated,0,,,,,0,0,aka_name,,38,0,never_instantiated,0,,,,,0,0,company_name,,39,0,never_instantiated,0,,,,,0,0,movie_companies,,25,0,never_instantiated,0,,,,,0,0,name,,4524,0,never_instantiated,0,,,,,0,0,title,cast_info,34848,0,never_instantiated,0,,,,,0,0,,,,,,,,,,,,,,,,,,,,,,,,,,,,,,,,,,,,,,,,,,,,,,,,,,,,,,,,,,,,,,,,,,,,,,,,,,,,,,,,,,,,,,,,,,,,,,,,,,,,,,,,,,,,,,,,,,,,,,,,
8b,4,12,1,0.25,title,,6,0,never_instantiated,0,,,,,0,0,company_name,,6,0,never_instantiated,0,,,,,0,0,aka_name,,4,0,never_instantiated,0,,,,,0,0,movie_companies,,4,0,never_instantiated,0,,,,,0,0,,role_type,1,0,never_instantiated,0,,,,,0,0,name,cast_info,25,0,never_instantiated,0,,,,,0,0,,,,,,,,,,,,,,,,,,,,,,,,,,,,,,,,,,,,,,,,,,,,,,,,,,,,,,,,,,,,,,,,,,,,,,,,,,,,,,,,,,,,,,,,,,,,,,,,,,,,,,,,,,,,,,,,,,,,,,,,
8c,4,10,1,0.48,,company_name,84843,0,never_instantiated,0,,,,,0,0,movie_companies,,2343647,0,never_instantiated,0,,,,,0,0,title,,2343647,0,never_instantiated,0,,,,,0,0,,role_type,1,0,never_instantiated,0,,,,,0,0,,name,396565,0,never_instantiated,0,,,,,0,0,cast_info,aka_name,133334,0,never_instantiated,0,,,,,0,0,,,,,,,,,,,,,,,,,,,,,,,,,,,,,,,,,,,,,,,,,,,,,,,,,,,,,,,,,,,,,,,,,,,,,,,,,,,,,,,,,,,,,,,,,,,,,,,,,,,,,,,,,,,,,,,,,,,,,,,,
8d,4,19,1,0.31,aka_name,,285538,0,never_instantiated,0,,,,,0,0,,company_name,84843,0,never_instantiated,0,,,,,0,0,,role_type,1,0,never_instantiated,0,,,,,0,0,,movie_companies,726178,0,never_instantiated,0,,,,,0,0,,name,41122,0,never_instantiated,0,,,,,0,0,cast_info,title,251242,0,never_instantiated,0,,,,,0,0,,,,,,,,,,,,,,,,,,,,,,,,,,,,,,,,,,,,,,,,,,,,,,,,,,,,,,,,,,,,,,,,,,,,,,,,,,,,,,,,,,,,,,,,,,,,,,,,,,,,,,,,,,,,,,,,,,,,,,,,
9a,4,14,1,0.30,title,,341,0,never_instantiated,0,,,,,0,0,,company_name,318,0,never_instantiated,0,,,,,0,0,,role_type,1,0,never_instantiated,0,,,,,0,0,,aka_name,114,0,never_instantiated,0,,,,,0,0,char_name,,322,0,never_instantiated,0,,,,,0,0,,name,177,0,never_instantiated,0,,,,,0,0,cast_info,movie_companies,773,0,never_instantiated,0,,,,,0,0,,,,,,,,,,,,,,,,,,,,,,,,,,,,,,,,,,,,,,,,,,,,,,,,,,,,,,,,,,,,,,,,,,,,,,,,,,,,,,,,,,,,,,,,,,,,,,,,,,,,,,,,,,,,
9b,4,14,1,0.30,title,,94,0,never_instantiated,0,,,,,0,0,company_name,,94,0,never_instantiated,0,,,,,0,0,,role_type,1,0,never_instantiated,0,,,,,0,0,aka_name,,76,0,never_instantiated,0,,,,,0,0,char_name,,76,0,never_instantiated,0,,,,,0,0,name,,101,0,never_instantiated,0,,,,,0,0,movie_companies,cast_info,68,0,never_instantiated,0,,,,,0,0,,,,,,,,,,,,,,,,,,,,,,,,,,,,,,,,,,,,,,,,,,,,,,,,,,,,,,,,,,,,,,,,,,,,,,,,,,,,,,,,,,,,,,,,,,,,,,,,,,,,,,,,,,,,
9c,4,15,1,0.30,char_name,,8144,0,never_instantiated,0,,,,,0,0,,role_type,1,0,never_instantiated,0,,,,,0,0,title,,8514,0,never_instantiated,0,,,,,0,0,,company_name,1350,0,never_instantiated,0,,,,,0,0,movie_companies,,8204,0,never_instantiated,0,,,,,0,0,,aka_name,812,0,never_instantiated,0,,,,,0,0,cast_info,name,1477,0,never_instantiated,0,,,,,0,0,,,,,,,,,,,,,,,,,,,,,,,,,,,,,,,,,,,,,,,,,,,,,,,,,,,,,,,,,,,,,,,,,,,,,,,,,,,,,,,,,,,,,,,,,,,,,,,,,,,,,,,,,,,,
9d,4,15,1,0.47,char_name,,483082,0,never_instantiated,0,,,,,0,0,,role_type,1,0,never_instantiated,0,,,,,0,0,title,,505134,0,never_instantiated,0,,,,,0,0,,company_name,6991,0,never_instantiated,0,,,,,0,0,movie_companies,,503022,0,never_instantiated,0,,,,,0,0,,aka_name,16514,0,never_instantiated,0,,,,,0,0,cast_info,name,31356,0,never_instantiated,0,,,,,0,0,,,,,,,,,,,,,,,,,,,,,,,,,,,,,,,,,,,,,,,,,,,,,,,,,,,,,,,,,,,,,,,,,,,,,,,,,,,,,,,,,,,,,,,,,,,,,,,,,,,,,,,,,,,,
10a,4,10,1,0.27,,company_type,2,0,never_instantiated,0,,,,,0,0,,company_name,70,0,never_instantiated,0,,,,,0,0,movie_companies,,72,0,never_instantiated,0,,,,,0,0,char_name,,72,0,never_instantiated,0,,,,,0,0,title,,204,0,never_instantiated,0,,,,,0,0,cast_info,role_type,1,0,never_instantiated,0,,,,,0,0,,,,,,,,,,,,,,,,,,,,,,,,,,,,,,,,,,,,,,,,,,,,,,,,,,,,,,,,,,,,,,,,,,,,,,,,,,,,,,,,,,,,,,,,,,,,,,,,,,,,,,,,,,,,,,,,,,,,,,,,
10b,4,8,1,0.24,,company_type,0,0,never_instantiated,0,,,,,0,0,,company_name,0,0,never_instantiated,0,,,,,0,0,,title,0,0,never_instantiated,0,,,,,0,0,movie_companies,,0,0,never_instantiated,0,,,,,0,0,,role_type,0,0,never_instantiated,0,,,,,0,0,cast_info,char_name,0,0,never_instantiated,0,,,,,0,0,,,,,,,,,,,,,,,,,,,,,,,,,,,,,,,,,,,,,,,,,,,,,,,,,,,,,,,,,,,,,,,,,,,,,,,,,,,,,,,,,,,,,,,,,,,,,,,,,,,,,,,,,,,,,,,,,,,,,,,,
10c,4,1,1,0.43,,company_name,84843,0,never_instantiated,0,,,,,0,0,,title,1748440,0,never_instantiated,0,,,,,0,0,,company_type,2,0,never_instantiated,0,,,,,0,0,,char_name,3140339,0,never_instantiated,0,,,,,0,0,,role_type,11,0,never_instantiated,0,,,,,0,0,cast_info,movie_companies,2609129,0,never_instantiated,0,,,,,0,0,,,,,,,,,,,,,,,,,,,,,,,,,,,,,,,,,,,,,,,,,,,,,,,,,,,,,,,,,,,,,,,,,,,,,,,,,,,,,,,,,,,,,,,,,,,,,,,,,,,,,,,,,,,,,,,,,,,,,,,,
11a,4,9,1,0.19,company_type,,310,0,never_instantiated,0,,,,,0,0,link_type,,310,0,never_instantiated,0,,,,,0,0,company_name,,664,0,never_instantiated,0,,,,,0,0,title,,664,0,never_instantiated,0,,,,,0,0,movie_link,,58,0,never_instantiated,0,,,,,0,0,,keyword,1,0,never_instantiated,0,,,,,0,0,movie_keyword,movie_companies,70,0,never_instantiated,0,,,,,0,0,,,,,,,,,,,,,,,,,,,,,,,,,,,,,,,,,,,,,,,,,,,,,,,,,,,,,,,,,,,,,,,,,,,,,,,,,,,,,,,,,,,,,,,,,,,,,,,,,,,,,,,,,,,,
11b,4,13,1,0.18,link_type,,14,0,never_instantiated,0,,,,,0,0,,keyword,1,0,never_instantiated,0,,,,,0,0,,company_type,1,0,never_instantiated,0,,,,,0,0,title,,14,0,never_instantiated,0,,,,,0,0,,movie_link,7,0,never_instantiated,0,,,,,0,0,,company_name,2,0,never_instantiated,0,,,,,0,0,movie_keyword,movie_companies,3,0,never_instantiated,0,,,,,0,0,,,,,,,,,,,,,,,,,,,,,,,,,,,,,,,,,,,,,,,,,,,,,,,,,,,,,,,,,,,,,,,,,,,,,,,,,,,,,,,,,,,,,,,,,,,,,,,,,,,,,,,,,,,,
11c,4,9,1,0.19,company_name,,6946,0,never_instantiated,0,,,,,0,0,,link_type,9,0,never_instantiated,0,,,,,0,0,keyword,,6946,0,never_instantiated,0,,,,,0,0,title,,6946,0,never_instantiated,0,,,,,0,0,,movie_link,270,0,never_instantiated,0,,,,,0,0,,company_type,1,0,never_instantiated,0,,,,,0,0,movie_keyword,movie_companies,42,0,never_instantiated,0,,,,,0,0,,,,,,,,,,,,,,,,,,,,,,,,,,,,,,,,,,,,,,,,,,,,,,,,,,,,,,,,,,,,,,,,,,,,,,,,,,,,,,,,,,,,,,,,,,,,,,,,,,,,,,,,,,,,
11d,4,11,1,0.20,,company_type,1,0,never_instantiated,0,,,,,0,0,,link_type,14,0,never_instantiated,0,,,,,0,0,company_name,,14916,0,never_instantiated,0,,,,,0,0,movie_companies,,1054,0,never_instantiated,0,,,,,0,0,keyword,,1054,0,never_instantiated,0,,,,,0,0,,movie_link,1014,0,never_instantiated,0,,,,,0,0,movie_keyword,title,283,0,never_instantiated,0,,,,,0,0,,,,,,,,,,,,,,,,,,,,,,,,,,,,,,,,,,,,,,,,,,,,,,,,,,,,,,,,,,,,,,,,,,,,,,,,,,,,,,,,,,,,,,,,,,,,,,,,,,,,,,,,,,,,
12a,4,5,1,0.23,company_name,,708,0,never_instantiated,0,,,,,0,0,title,,708,0,never_instantiated,0,,,,,0,0,,company_type,1,0,never_instantiated,0,,,,,0,0,,info_type,1,0,never_instantiated,0,,,,,0,0,movie_info_idx,,1405,0,never_instantiated,0,,,,,0,0,,info_type,1,0,never_instantiated,0,,,,,0,0,movie_info,movie_companies,1712,0,never_instantiated,0,,,,,0,0,,,,,,,,,,,,,,,,,,,,,,,,,,,,,,,,,,,,,,,,,,,,,,,,,,,,,,,,,,,,,,,,,,,,,,,,,,,,,,,,,,,,,,,,,,,,,,,,,,,,,,,,,,,,
12b,4,9,1,0.20,company_name,,33,0,never_instantiated,0,,,,,0,0,,info_type,1,0,never_instantiated,0,,,,,0,0,,company_type,2,0,never_instantiated,0,,,,,0,0,title,,33,0,never_instantiated,0,,,,,0,0,movie_info_idx,,33,0,never_instantiated,0,,,,,0,0,,info_type,1,0,never_instantiated,0,,,,,0,0,movie_info,movie_companies,33,0,never_instantiated,0,,,,,0,0,,,,,,,,,,,,,,,,,,,,,,,,,,,,,,,,,,,,,,,,,,,,,,,,,,,,,,,,,,,,,,,,,,,,,,,,,,,,,,,,,,,,,,,,,,,,,,,,,,,,,,,,,,,,
12c,4,11,1,0.22,company_type,,4711,0,never_instantiated,0,,,,,0,0,,info_type,1,0,never_instantiated,0,,,,,0,0,,company_name,2986,0,never_instantiated,0,,,,,0,0,movie_companies,,7963,0,never_instantiated,0,,,,,0,0,,info_type,1,0,never_instantiated,0,,,,,0,0,,movie_info_idx,7588,0,never_instantiated,0,,,,,0,0,movie_info,title,7697,0,never_instantiated,0,,,,,0,0,,,,,,,,,,,,,,,,,,,,,,,,,,,,,,,,,,,,,,,,,,,,,,,,,,,,,,,,,,,,,,,,,,,,,,,,,,,,,,,,,,,,,,,,,,,,,,,,,,,,,,,,,,,,
13a,4,13,1,0.29,,company_type,1,0,never_instantiated,0,,,,,0,0,,info_type,1,0,never_instantiated,0,,,,,0,0,,info_type,1,0,never_instantiated,0,,,,,0,0,,kind_type,1,0,never_instantiated,0,,,,,0,0,title,,111109,0,never_instantiated,0,,,,,0,0,movie_info_idx,,129009,0,never_instantiated,0,,,,,0,0,,company_name,5583,0,never_instantiated,0,,,,,0,0,movie_info,movie_companies,27524,0,never_instantiated,0,,,,,0,0,,,,,,,,,,,,,,,,,,,,,,,,,,,,,,,,,,,,,,,,,,,,,,,,,,,,,,,,,,,,,,,,,,,,,,,,,,,,,,,,,,,,,,,,,,,,,,,,
13b,4,10,1,0.20,company_type,,372,0,never_instantiated,0,,,,,0,0,,info_type,1,0,never_instantiated,0,,,,,0,0,,kind_type,1,0,never_instantiated,0,,,,,0,0,,company_name,222,0,never_instantiated,0,,,,,0,0,title,,1514,0,never_instantiated,0,,,,,0,0,movie_companies,,779,0,never_instantiated,0,,,,,0,0,,info_type,1,0,never_instantiated,0,,,,,0,0,movie_info,movie_info_idx,227,0,never_instantiated,0,,,,,0,0,,,,,,,,,,,,,,,,,,,,,,,,,,,,,,,,,,,,,,,,,,,,,,,,,,,,,,,,,,,,,,,,,,,,,,,,,,,,,,,,,,,,,,,,,,,,,,,,
13c,4,9,1,0.19,,kind_type,1,0,never_instantiated,0,,,,,0,0,,info_type,1,0,never_instantiated,0,,,,,0,0,,company_type,1,0,never_instantiated,0,,,,,0,0,,company_name,44,0,never_instantiated,0,,,,,0,0,title,,314,0,never_instantiated,0,,,,,0,0,movie_info_idx,,321,0,never_instantiated,0,,,,,0,0,,info_type,1,0,never_instantiated,0,,,,,0,0,movie_info,movie_companies,84,0,never_instantiated,0,,,,,0,0,,,,,,,,,,,,,,,,,,,,,,,,,,,,,,,,,,,,,,,,,,,,,,,,,,,,,,,,,,,,,,,,,,,,,,,,,,,,,,,,,,,,,,,,,,,,,,,,
13d,4,18,1,0.45,,kind_type,1,0,never_instantiated,0,,,,,0,0,,company_type,1,0,never_instantiated,0,,,,,0,0,,company_name,84843,0,never_instantiated,0,,,,,0,0,movie_companies,,724726,0,never_instantiated,0,,,,,0,0,,info_type,1,0,never_instantiated,0,,,,,0,0,,info_type,1,0,never_instantiated,0,,,,,0,0,,title,464889,0,never_instantiated,0,,,,,0,0,movie_info,movie_info_idx,407912,0,never_instantiated,0,,,,,0,0,,,,,,,,,,,,,,,,,,,,,,,,,,,,,,,,,,,,,,,,,,,,,,,,,,,,,,,,,,,,,,,,,,,,,,,,,,,,,,,,,,,,,,,,,,,,,,,,
14a,4,12,1,0.20,keyword,,761,0,never_instantiated,0,,,,,0,0,movie_keyword,,521,0,never_instantiated,0,,,,,0,0,,kind_type,1,0,never_instantiated,0,,,,,0,0,,info_type,1,0,never_instantiated,0,,,,,0,0,movie_info_idx,,930,0,never_instantiated,0,,,,,0,0,title,,938,0,never_instantiated,0,,,,,0,0,,info_type,1,0,never_instantiated,0,,,,,0,0,movie_info,,10,0,never_instantiated,0,,,,,0,0,,,,,,,,,,,,,,,,,,,,,,,,,,,,,,,,,,,,,,,,,,,,,,,,,,,,,,,,,,,,,,,,,,,,,,,,,,,,,,,,,,,,,,,,,,,,,,,,
14b,4,9,1,0.19,,kind_type,1,0,never_instantiated,0,,,,,0,0,title,,7,0,never_instantiated,0,,,,,0,0,keyword,,7,0,never_instantiated,0,,,,,0,0,,info_type,1,0,never_instantiated,0,,,,,0,0,,info_type,1,0,never_instantiated,0,,,,,0,0,movie_keyword,,7,0,never_instantiated,0,,,,,0,0,,movie_info_idx,7,0,never_instantiated,0,,,,,0,0,movie_info,,10,0,never_instantiated,0,,,,,0,0,,,,,,,,,,,,,,,,,,,,,,,,,,,,,,,,,,,,,,,,,,,,,,,,,,,,,,,,,,,,,,,,,,,,,,,,,,,,,,,,,,,,,,,,,,,,,,,,
14c,4,10,1,0.21,,kind_type,2,0,never_instantiated,0,,,,,0,0,title,,20967,0,never_instantiated,0,,,,,0,0,,info_type,1,0,never_instantiated,0,,,,,0,0,,keyword,3,0,never_instantiated,0,,,,,0,0,movie_info_idx,,23916,0,never_instantiated,0,,,,,0,0,,info_type,1,0,never_instantiated,0,,,,,0,0,movie_keyword,,17733,0,never_instantiated,0,,,,,0,0,movie_info,,10,0,never_instantiated,0,,,,,0,0,,,,,,,,,,,,,,,,,,,,,,,,,,,,,,,,,,,,,,,,,,,,,,,,,,,,,,,,,,,,,,,,,,,,,,,,,,,,,,,,,,,,,,,,,,,,,,,,
15a,4,11,1,0.34,company_type,,328,0,never_instantiated,0,,,,,0,0,keyword,,328,0,never_instantiated,0,,,,,0,0,company_name,,354,0,never_instantiated,0,,,,,0,0,movie_companies,,267,0,never_instantiated,0,,,,,0,0,movie_keyword,,47,0,never_instantiated,0,,,,,0,0,aka_title,,1749,0,never_instantiated,0,,,,,0,0,title,,1771,0,never_instantiated,0,,,,,0,0,movie_info,info_type,1,0,never_instantiated,0,,,,,0,0,,,,,,,,,,,,,,,,,,,,,,,,,,,,,,,,,,,,,,,,,,,,,,,,,,,,,,,,,,,,,,,,,,,,,,,,,,,,,,,,,,,,,,,,,,,,,,,,
15b,4,7,1,0.34,keyword,,37,0,never_instantiated,0,,,,,0,0,movie_keyword,,3,0,never_instantiated,0,,,,,0,0,aka_title,,74,0,never_instantiated,0,,,,,0,0,title,,75,0,never_instantiated,0,,,,,0,0,,company_name,1,0,never_instantiated,0,,,,,0,0,,company_type,1,0,never_instantiated,0,,,,,0,0,,info_type,1,0,never_instantiated,0,,,,,0,0,movie_info,movie_companies,74,0,never_instantiated,0,,,,,0,0,,,,,,,,,,,,,,,,,,,,,,,,,,,,,,,,,,,,,,,,,,,,,,,,,,,,,,,,,,,,,,,,,,,,,,,,,,,,,,,,,,,,,,,,,,,,,,,,
15c,4,14,1,0.33,,company_name,1937,0,never_instantiated,0,,,,,0,0,,company_type,2,0,never_instantiated,0,,,,,0,0,aka_title,,9187,0,never_instantiated,0,,,,,0,0,keyword,,9187,0,never_instantiated,0,,,,,0,0,movie_companies,,4453,0,never_instantiated,0,,,,,0,0,movie_keyword,,1782,0,never_instantiated,0,,,,,0,0,,info_type,1,0,never_instantiated,0,,,,,0,0,movie_info,title,3941,0,never_instantiated,0,,,,,0,0,,,,,,,,,,,,,,,,,,,,,,,,,,,,,,,,,,,,,,,,,,,,,,,,,,,,,,,,,,,,,,,,,,,,,,,,,,,,,,,,,,,,,,,,,,,,,,,,
15d,4,11,1,0.24,,company_type,2,0,never_instantiated,0,,,,,0,0,keyword,,11347,0,never_instantiated,0,,,,,0,0,,company_name,4647,0,never_instantiated,0,,,,,0,0,movie_companies,,6320,0,never_instantiated,0,,,,,0,0,movie_keyword,,584,0,never_instantiated,0,,,,,0,0,aka_title,,10662,0,never_instantiated,0,,,,,0,0,title,,10679,0,never_instantiated,0,,,,,0,0,movie_info,info_type,1,0,never_instantiated,0,,,,,0,0,,,,,,,,,,,,,,,,,,,,,,,,,,,,,,,,,,,,,,,,,,,,,,,,,,,,,,,,,,,,,,,,,,,,,,,,,,,,,,,,,,,,,,,,,,,,,,,,
16a,4,10,1,0.31,title,,385,0,never_instantiated,0,,,,,0,0,name,,385,0,never_instantiated,0,,,,,0,0,company_name,,898,0,never_instantiated,0,,,,,0,0,movie_companies,,933,0,never_instantiated,0,,,,,0,0,,keyword,1,0,never_instantiated,0,,,,,0,0,,movie_keyword,146,0,never_instantiated,0,,,,,0,0,cast_info,aka_name,940,0,never_instantiated,0,,,,,0,0,,,,,,,,,,,,,,,,,,,,,,,,,,,,,,,,,,,,,,,,,,,,,,,,,,,,,,,,,,,,,,,,,,,,,,,,,,,,,,,,,,,,,,,,,,,,,,,,,,,,,,,,,,,,
16b,4,16,1,0.61,,keyword,1,0,never_instantiated,0,,,,,0,0,title,,3710592,0,never_instantiated,0,,,,,0,0,movie_keyword,,3719996,0,never_instantiated,0,,,,,0,0,,company_name,9432,0,never_instantiated,0,,,,,0,0,,name,431439,0,never_instantiated,0,,,,,0,0,,aka_name,280293,0,never_instantiated,0,,,,,0,0,cast_info,movie_companies,146927,0,never_instantiated,0,,,,,0,0,,,,,,,,,,,,,,,,,,,,,,,,,,,,,,,,,,,,,,,,,,,,,,,,,,,,,,,,,,,,,,,,,,,,,,,,,,,,,,,,,,,,,,,,,,,,,,,,,,,,,,,,,,,,
16c,4,7,1,0.45,company_name,,424483,0,never_instantiated,0,,,,,0,0,aka_name,,329808,0,never_instantiated,0,,,,,0,0,name,,329808,0,never_instantiated,0,,,,,0,0,movie_companies,,134210,0,never_instantiated,0,,,,,0,0,,keyword,1,0,never_instantiated,0,,,,,0,0,,title,7114,0,never_instantiated,0,,,,,0,0,cast_info,movie_keyword,40830,0,never_instantiated,0,,,,,0,0,,,,,,,,,,,,,,,,,,,,,,,,,,,,,,,,,,,,,,,,,,,,,,,,,,,,,,,,,,,,,,,,,,,,,,,,,,,,,,,,,,,,,,,,,,,,,,,,,,,,,,,,,,,,
16d,4,1,1,0.45,title,,3710592,0,never_instantiated,0,,,,,0,0,,keyword,1,0,never_instantiated,0,,,,,0,0,,company_name,9432,0,never_instantiated,0,,,,,0,0,,movie_keyword,40830,0,never_instantiated,0,,,,,0,0,,aka_name,289858,0,never_instantiated,0,,,,,0,0,,name,452089,0,never_instantiated,0,,,,,0,0,cast_info,movie_companies,146927,0,never_instantiated,0,,,,,0,0,,,,,,,,,,,,,,,,,,,,,,,,,,,,,,,,,,,,,,,,,,,,,,,,,,,,,,,,,,,,,,,,,,,,,,,,,,,,,,,,,,,,,,,,,,,,,,,,,,,,,,,,,,,,
17a,4,11,1,0.42,company_name,,702849,0,never_instantiated,0,,,,,0,0,,keyword,1,0,never_instantiated,0,,,,,0,0,,movie_companies,2609129,0,never_instantiated,0,,,,,0,0,,movie_keyword,40830,0,never_instantiated,0,,,,,0,0,,name,39524,0,never_instantiated,0,,,,,0,0,cast_info,title,41532,0,never_instantiated,0,,,,,0,0,,,,,,,,,,,,,,,,,,,,,,,,,,,,,,,,,,,,,,,,,,,,,,,,,,,,,,,,,,,,,,,,,,,,,,,,,,,,,,,,,,,,,,,,,,,,,,,,,,,,,,,,,,,,,,,,,,,,,,,,
17b,4,2,1,0.36,,keyword,1,0,never_instantiated,0,,,,,0,0,,movie_keyword,34757,0,never_instantiated,0,,,,,0,0,,title,35055,0,never_instantiated,0,,,,,0,0,,company_name,27986,0,never_instantiated,0,,,,,0,0,,movie_companies,146927,0,never_instantiated,0,,,,,0,0,cast_info,name,3151,0,never_instantiated,0,,,,,0,0,,,,,,,,,,,,,,,,,,,,,,,,,,,,,,,,,,,,,,,,,,,,,,,,,,,,,,,,,,,,,,,,,,,,,,,,,,,,,,,,,,,,,,,,,,,,,,,,,,,,,,,,,,,,,,,,,,,,,,,,
17c,4,13,1,0.27,company_name,,1918,0,never_instantiated,0,,,,,0,0,movie_companies,,250,0,never_instantiated,0,,,,,0,0,name,,403,0,never_instantiated,0,,,,,0,0,,keyword,1,0,never_instantiated,0,,,,,0,0,,title,1007,0,never_instantiated,0,,,,,0,0,cast_info,movie_keyword,350,0,never_instantiated,0,,,,,0,0,,,,,,,,,,,,,,,,,,,,,,,,,,,,,,,,,,,,,,,,,,,,,,,,,,,,,,,,,,,,,,,,,,,,,,,,,,,,,,,,,,,,,,,,,,,,,,,,,,,,,,,,,,,,,,,,,,,,,,,,
17d,4,7,1,0.32,company_name,,11538,0,never_instantiated,0,,,,,0,0,name,,13400,0,never_instantiated,0,,,,,0,0,,keyword,1,0,never_instantiated,0,,,,,0,0,,movie_keyword,41838,0,never_instantiated,0,,,,,0,0,,movie_companies,116537,0,never_instantiated,0,,,,,0,0,cast_info,title,1994,0,never_instantiated,0,,,,,0,0,,,,,,,,,,,,,,,,,,,,,,,,,,,,,,,,,,,,,,,,,,,,,,,,,,,,,,,,,,,,,,,,,,,,,,,,,,,,,,,,,,,,,,,,,,,,,,,,,,,,,,,,,,,,,,,,,,,,,,,,
17e,4,13,1,0.44,,company_name,9432,0,never_instantiated,0,,,,,0,0,movie_companies,,1038380,0,never_instantiated,0,,,,,0,0,name,,1038380,0,never_instantiated,0,,,,,0,0,,keyword,1,0,never_instantiated,0,,,,,0,0,,title,41532,0,never_instantiated,0,,,,,0,0,cast_info,movie_keyword,40830,0,never_instantiated,0,,,,,0,0,,,,,,,,,,,,,,,,,,,,,,,,,,,,,,,,,,,,,,,,,,,,,,,,,,,,,,,,,,,,,,,,,,,,,,,,,,,,,,,,,,,,,,,,,,,,,,,,,,,,,,,,,,,,,,,,,,,,,,,,
17f,4,14,1,0.48,,keyword,1,0,never_instantiated,0,,,,,0,0,,movie_keyword,41838,0,never_instantiated,0,,,,,0,0,,company_name,234997,0,never_instantiated,0,,,,,0,0,,title,31935,0,never_instantiated,0,,,,,0,0,,movie_companies,2010654,0,never_instantiated,0,,,,,0,0,cast_info,name,521203,0,never_instantiated,0,,,,,0,0,,,,,,,,,,,,,,,,,,,,,,,,,,,,,,,,,,,,,,,,,,,,,,,,,,,,,,,,,,,,,,,,,,,,,,,,,,,,,,,,,,,,,,,,,,,,,,,,,,,,,,,,,,,,,,,,,,,,,,,,
18a,4,13,1,0.37,,info_type,1,0,never_instantiated,0,,,,,0,0,movie_info,,412,0,never_instantiated,0,,,,,0,0,name,,424,0,never_instantiated,0,,,,,0,0,,info_type,1,0,never_instantiated,0,,,,,0,0,,title,1676,0,never_instantiated,0,,,,,0,0,cast_info,movie_info_idx,590,0,never_instantiated,0,,,,,0,0,,,,,,,,,,,,,,,,,,,,,,,,,,,,,,,,,,,,,,,,,,,,,,,,,,,,,,,,,,,,,,,,,,,,,,,,,,,,,,,,,,,,,,,,,,,,,,,,,,,,,,,,,,,,,,,,,,,,,,,,
18b,4,11,1,0.33,,info_type,1,0,never_instantiated,0,,,,,0,0,movie_info,,9,0,never_instantiated,0,,,,,0,0,,info_type,1,0,never_instantiated,0,,,,,0,0,,movie_info_idx,261,0,never_instantiated,0,,,,,0,0,,name,491,0,never_instantiated,0,,,,,0,0,,title,429,0,never_instantiated,0,,,,,0,0,cast_info,,5,0,never_instantiated,0,,,,,0,0,,,,,,,,,,,,,,,,,,,,,,,,,,,,,,,,,,,,,,,,,,,,,,,,,,,,,,,,,,,,,,,,,,,,,,,,,,,,,,,,,,,,,,,,,,,,,,,,,,,,,,,,,,,,
18c,4,11,1,0.38,,info_type,1,0,never_instantiated,0,,,,,0,0,,info_type,1,0,never_instantiated,0,,,,,0,0,,,19443,0,never_instantiated,0,,,,,0,0,movie_info,,6,0,never_instantiated,0,,,,,0,0,,movie_info_idx,184726,0,never_instantiated,0,,,,,0,0,,name,63371,0,never_instantiated,0,,,,,0,0,,title,49631,0,never_instantiated,0,,,,,0,0,cast_info,,5,0,never_instantiated,0,,,,,0,0,,,,,,,,,,,,,,,,,,,,,,,,,,,,,,,,,,,,,,,,,,,,,,,,,,,,,,,,,,,,,,,,,,,,,,,,,,,,,,,,,,,,,,,,,,,,,,,,
19a,4,17,1,0.40,,info_type,1,0,never_instantiated,0,,,,,0,0,,company_name,132,0,never_instantiated,0,,,,,0,0,char_name,,194,0,never_instantiated,0,,,,,0,0,,role_type,1,0,never_instantiated,0,,,,,0,0,title,,338,0,never_instantiated,0,,,,,0,0,,aka_name,59,0,never_instantiated,0,,,,,0,0,,movie_companies,264,0,never_instantiated,0,,,,,0,0,,name,59,0,never_instantiated,0,,,,,0,0,cast_info,movie_info,361,0,never_instantiated,0,,,,,0,0,,,,,,,,,,,,,,,,,,,,,,,,,,,,,,,,,,,,,,,,,,,,,,,,,,,,,,,,,,,,,,,,,,,,,,,,,,,,,,,,,,,,
19b,4,12,1,0.37,info_type,,15,0,never_instantiated,0,,,,,0,0,title,,15,0,never_instantiated,0,,,,,0,0,company_name,,15,0,never_instantiated,0,,,,,0,0,movie_info,,15,0,never_instantiated,0,,,,,0,0,char_name,,15,0,never_instantiated,0,,,,,0,0,aka_name,,3,0,never_instantiated,0,,,,,0,0,name,,3,0,never_instantiated,0,,,,,0,0,movie_companies,,1,0,never_instantiated,0,,,,,0,0,cast_info,role_type,1,0,never_instantiated,0,,,,,0,0,,,,,,,,,,,,,,,,,,,,,,,,,,,,,,,,,,,,,,,,,,,,,,,,,,,,,,,,,,,,,,,,,,,,,,,,,,,,,,,,,,,,
19c,4,18,1,0.40,,role_type,1,0,never_instantiated,0,,,,,0,0,,info_type,1,0,never_instantiated,0,,,,,0,0,movie_info,,2199,0,never_instantiated,0,,,,,0,0,,company_name,947,0,never_instantiated,0,,,,,0,0,movie_companies,,3062,0,never_instantiated,0,,,,,0,0,,aka_name,285,0,never_instantiated,0,,,,,0,0,char_name,,1673,0,never_instantiated,0,,,,,0,0,,title,2416,0,never_instantiated,0,,,,,0,0,cast_info,name,405,0,never_instantiated,0,,,,,0,0,,,,,,,,,,,,,,,,,,,,,,,,,,,,,,,,,,,,,,,,,,,,,,,,,,,,,,,,,,,,,,,,,,,,,,,,,,,,,,,,,,,,
19d,4,18,1,0.50,,role_type,1,0,never_instantiated,0,,,,,0,0,,info_type,1,0,never_instantiated,0,,,,,0,0,movie_info,,265983,0,never_instantiated,0,,,,,0,0,,company_name,6988,0,never_instantiated,0,,,,,0,0,movie_companies,,290297,0,never_instantiated,0,,,,,0,0,,aka_name,16486,0,never_instantiated,0,,,,,0,0,char_name,,159306,0,never_instantiated,0,,,,,0,0,,title,47215,0,never_instantiated,0,,,,,0,0,cast_info,name,31356,0,never_instantiated,0,,,,,0,0,,,,,,,,,,,,,,,,,,,,,,,,,,,,,,,,,,,,,,,,,,,,,,,,,,,,,,,,,,,,,,,,,,,,,,,,,,,,,,,,,,,,
20a,4,7,1,0.32,,comp_cast_type,1,0,never_instantiated,0,,,,,0,0,name,,33,0,never_instantiated,0,,,,,0,0,char_name,,310,0,never_instantiated,0,,,,,0,0,,comp_cast_type,2,0,never_instantiated,0,,,,,0,0,,kind_type,1,0,never_instantiated,0,,,,,0,0,,complete_cast,1788,0,never_instantiated,0,,,,,0,0,,,8,0,never_instantiated,0,,,,,0,0,,title,3484,0,never_instantiated,0,,,,,0,0,cast_info,movie_keyword,97591,0,never_instantiated,0,,,,,0,0,keyword,,8,0,never_instantiated,0,,,,,0,0,,,,,,,,,,,,,,,,,,,,,,,,,,,,,,,,,,,,,,,,,,,,,,,,,,,,,,,,,,,,,,,,,,,,,,,,
20b,4,8,1,0.26,char_name,,17,0,never_instantiated,0,,,,,0,0,,,17,0,never_instantiated,0,,,,,0,0,keyword,,8,0,never_instantiated,0,,,,,0,0,,kind_type,1,0,never_instantiated,0,,,,,0,0,movie_keyword,,4,0,never_instantiated,0,,,,,0,0,title,,4,0,never_instantiated,0,,,,,0,0,,comp_cast_type,1,0,never_instantiated,0,,,,,0,0,,comp_cast_type,2,0,never_instantiated,0,,,,,0,0,,complete_cast,3,0,never_instantiated,0,,,,,0,0,cast_info,name,1,0,never_instantiated,0,,,,,0,0,,,,,,,,,,,,,,,,,,,,,,,,,,,,,,,,,,,,,,,,,,,,,,,,,,,,,,,,,,,,,,,,,,,,,,,,
20c,4,17,1,0.44,,kind_type,1,0,never_instantiated,0,,,,,0,0,,comp_cast_type,2,0,never_instantiated,0,,,,,0,0,,comp_cast_type,1,0,never_instantiated,0,,,,,0,0,name,,5406,0,never_instantiated,0,,,,,0,0,,complete_cast,39925,0,never_instantiated,0,,,,,0,0,,char_name,180152,0,never_instantiated,0,,,,,0,0,,,10,0,never_instantiated,0,,,,,0,0,,title,48141,0,never_instantiated,0,,,,,0,0,cast_info,movie_keyword,2024294,0,never_instantiated,0,,,,,0,0,keyword,,10,0,never_instantiated,0,,,,,0,0,,,,,,,,,,,,,,,,,,,,,,,,,,,,,,,,,,,,,,,,,,,,,,,,,,,,,,,,,,,,,,,,,,,,,,,,
21a,4,14,1,0.25,link_type,,1410,0,never_instantiated,0,,,,,0,0,title,,1410,0,never_instantiated,0,,,,,0,0,,keyword,1,0,never_instantiated,0,,,,,0,0,movie_keyword,,1410,0,never_instantiated,0,,,,,0,0,company_name,,3029,0,never_instantiated,0,,,,,0,0,,company_type,1,0,never_instantiated,0,,,,,0,0,movie_companies,,517,0,never_instantiated,0,,,,,0,0,,movie_link,116,0,never_instantiated,0,,,,,0,0,movie_info,,8,0,never_instantiated,0,,,,,0,0,,,,,,,,,,,,,,,,,,,,,,,,,,,,,,,,,,,,,,,,,,,,,,,,,,,,,,,,,,,,,,,,,,,,,,,,,,,,,,,,,,,,
21b,4,19,1,0.24,link_type,,38,0,never_instantiated,0,,,,,0,0,company_name,,133,0,never_instantiated,0,,,,,0,0,,keyword,1,0,never_instantiated,0,,,,,0,0,,company_type,1,0,never_instantiated,0,,,,,0,0,,movie_link,38,0,never_instantiated,0,,,,,0,0,movie_keyword,,7,0,never_instantiated,0,,,,,0,0,,movie_companies,17,0,never_instantiated,0,,,,,0,0,movie_info,title,1,0,never_instantiated,0,,,,,0,0,,,,,,,,,,,,,,,,,,,,,,,,,,,,,,,,,,,,,,,,,,,,,,,,,,,,,,,,,,,,,,,,,,,,,,,,,,,,,,,,,,,,,,,,,,,,,,,,
21c,4,4,1,0.26,,keyword,1,0,never_instantiated,0,,,,,0,0,movie_keyword,,1874,0,never_instantiated,0,,,,,0,0,company_name,,4393,0,never_instantiated,0,,,,,0,0,,link_type,2,0,never_instantiated,0,,,,,0,0,,movie_link,186,0,never_instantiated,0,,,,,0,0,title,,262,0,never_instantiated,0,,,,,0,0,,company_type,1,0,never_instantiated,0,,,,,0,0,,movie_companies,75,0,never_instantiated,0,,,,,0,0,movie_info,,9,0,never_instantiated,0,,,,,0,0,,,,,,,,,,,,,,,,,,,,,,,,,,,,,,,,,,,,,,,,,,,,,,,,,,,,,,,,,,,,,,,,,,,,,,,,,,,,,,,,,,,,
22a,4,8,1,0.26,company_name,,3223,0,never_instantiated,0,,,,,0,0,company_type,,3223,0,never_instantiated,0,,,,,0,0,,kind_type,2,0,never_instantiated,0,,,,,0,0,,info_type,1,0,never_instantiated,0,,,,,0,0,movie_companies,,356,0,never_instantiated,0,,,,,0,0,movie_info_idx,,525,0,never_instantiated,0,,,,,0,0,title,,10262,0,never_instantiated,0,,,,,0,0,,info_type,1,0,never_instantiated,0,,,,,0,0,,keyword,3,0,never_instantiated,0,,,,,0,0,movie_keyword,movie_info,6637,0,never_instantiated,0,,,,,0,0,,,,,,,,,,,,,,,,,,,,,,,,,,,,,,,,,,,,,,,,,,,,,,,,,,,,,,,,,,,,,,,,,,,,,,,,
22b,4,3,1,0.26,kind_type,,31,0,never_instantiated,0,,,,,0,0,company_type,,31,0,never_instantiated,0,,,,,0,0,title,,43,0,never_instantiated,0,,,,,0,0,,info_type,1,0,never_instantiated,0,,,,,0,0,,info_type,1,0,never_instantiated,0,,,,,0,0,company_name,,51,0,never_instantiated,0,,,,,0,0,,keyword,3,0,never_instantiated,0,,,,,0,0,,movie_companies,57,0,never_instantiated,0,,,,,0,0,,movie_info_idx,31,0,never_instantiated,0,,,,,0,0,movie_keyword,movie_info,31,0,never_instantiated,0,,,,,0,0,,,,,,,,,,,,,,,,,,,,,,,,,,,,,,,,,,,,,,,,,,,,,,,,,,,,,,,,,,,,,,,,,,,,,,,,
22c,4,10,1,0.27,keyword,,21489,0,never_instantiated,0,,,,,0,0,movie_keyword,,11376,0,never_instantiated,0,,,,,0,0,,kind_type,2,0,never_instantiated,0,,,,,0,0,company_type,,11509,0,never_instantiated,0,,,,,0,0,title,,36302,0,never_instantiated,0,,,,,0,0,company_name,,39610,0,never_instantiated,0,,,,,0,0,movie_companies,,6700,0,never_instantiated,0,,,,,0,0,,info_type,1,0,never_instantiated,0,,,,,0,0,movie_info_idx,,6947,0,never_instantiated,0,,,,,0,0,,info_type,1,0,never_instantiated,0,,,,,0,0,movie_info,,10,0,never_instantiated,0,,,,,0,0,,,,,,,,,,,,,,,,,,,,,,,,,,,,,,,,,,,,,,,,,,,,,,,,,,,,,,,,,,,,
22d,4,19,1,0.26,company_name,,64848,0,never_instantiated,0,,,,,0,0,,company_type,2,0,never_instantiated,0,,,,,0,0,movie_companies,,4115,0,never_instantiated,0,,,,,0,0,keyword,,4115,0,never_instantiated,0,,,,,0,0,,info_type,1,0,never_instantiated,0,,,,,0,0,,kind_type,2,0,never_instantiated,0,,,,,0,0,movie_keyword,,2793,0,never_instantiated,0,,,,,0,0,movie_info_idx,,3778,0,never_instantiated,0,,,,,0,0,,info_type,1,0,never_instantiated,0,,,,,0,0,,title,3669,0,never_instantiated,0,,,,,0,0,movie_info,,10,0,never_instantiated,0,,,,,0,0,,,,,,,,,,,,,,,,,,,,,,,,,,,,,,,,,,,,,,,,,,,,,,,,,,,,,,,,,,,,
23a,4,10,1,0.32,company_name,,618,0,never_instantiated,0,,,,,0,0,,company_type,2,0,never_instantiated,0,,,,,0,0,keyword,,618,0,never_instantiated,0,,,,,0,0,,kind_type,1,0,never_instantiated,0,,,,,0,0,movie_companies,,615,0,never_instantiated,0,,,,,0,0,,info_type,1,0,never_instantiated,0,,,,,0,0,movie_keyword,,5,0,never_instantiated,0,,,,,0,0,,comp_cast_type,1,0,never_instantiated,0,,,,,0,0,title,,5,0,never_instantiated,0,,,,,0,0,movie_info,complete_cast,3,0,never_instantiated,0,,,,,0,0,,,,,,,,,,,,,,,,,,,,,,,,,,,,,,,,,,,,,,,,,,,,,,,,,,,,,,,,,,,,,,,,,,,,,,,,
23b,4,12,1,0.31,company_type,,16,0,never_instantiated,0,,,,,0,0,kind_type,,16,0,never_instantiated,0,,,,,0,0,title,,16,0,never_instantiated,0,,,,,0,0,,comp_cast_type,1,0,never_instantiated,0,,,,,0,0,company_name,,16,0,never_instantiated,0,,,,,0,0,,info_type,1,0,never_instantiated,0,,,,,0,0,,keyword,4,0,never_instantiated,0,,,,,0,0,movie_keyword,,4,0,never_instantiated,0,,,,,0,0,,complete_cast,2,0,never_instantiated,0,,,,,0,0,movie_companies,movie_info,2,0,never_instantiated,0,,,,,0,0,,,,,,,,,,,,,,,,,,,,,,,,,,,,,,,,,,,,,,,,,,,,,,,,,,,,,,,,,,,,,,,,,,,,,,,,
23c,4,9,1,0.35,keyword,,628,0,never_instantiated,0,,,,,0,0,movie_keyword,,7,0,never_instantiated,0,,,,,0,0,comp_cast_type,,7,0,never_instantiated,0,,,,,0,0,complete_cast,,5,0,never_instantiated,0,,,,,0,0,,company_name,4,0,never_instantiated,0,,,,,0,0,,kind_type,1,0,never_instantiated,0,,,,,0,0,,company_type,2,0,never_instantiated,0,,,,,0,0,movie_companies,,5,0,never_instantiated,0,,,,,0,0,,info_type,1,0,never_instantiated,0,,,,,0,0,movie_info,title,4,0,never_instantiated,0,,,,,0,0,,,,,,,,,,,,,,,,,,,,,,,,,,,,,,,,,,,,,,,,,,,,,,,,,,,,,,,,,,,,,,,,,,,,,,,,
24a,4,11,1,0.41,char_name,,275,0,never_instantiated,0,,,,,0,0,company_name,,895,0,never_instantiated,0,,,,,0,0,name,,895,0,never_instantiated,0,,,,,0,0,aka_name,,303,0,never_instantiated,0,,,,,0,0,,role_type,1,0,never_instantiated,0,,,,,0,0,,info_type,1,0,never_instantiated,0,,,,,0,0,movie_companies,,37,0,never_instantiated,0,,,,,0,0,,keyword,3,0,never_instantiated,0,,,,,0,0,movie_keyword,,20,0,never_instantiated,0,,,,,0,0,,title,12,0,never_instantiated,0,,,,,0,0,cast_info,movie_info,16,0,never_instantiated,0,,,,,0,0,,,,,,,,,,,,,,,,,,,,,,,,,,,,,,,,,,,,,,,,,,,,,,,,,,,,,,,,,,,,
24b,4,10,1,0.36,keyword,,45,0,never_instantiated,0,,,,,0,0,role_type,,45,0,never_instantiated,0,,,,,0,0,char_name,,45,0,never_instantiated,0,,,,,0,0,,company_name,1,0,never_instantiated,0,,,,,0,0,title,,45,0,never_instantiated,0,,,,,0,0,movie_keyword,,25,0,never_instantiated,0,,,,,0,0,aka_name,,5,0,never_instantiated,0,,,,,0,0,,info_type,1,0,never_instantiated,0,,,,,0,0,,movie_info,5,0,never_instantiated,0,,,,,0,0,,name,1,0,never_instantiated,0,,,,,0,0,cast_info,movie_companies,3,0,never_instantiated,0,,,,,0,0,,,,,,,,,,,,,,,,,,,,,,,,,,,,,,,,,,,,,,,,,,,,,,,,,,,,,,,,,,,,
25a,4,8,1,0.38,,,4407,0,never_instantiated,0,,,,,0,0,keyword,,5,0,never_instantiated,0,,,,,0,0,movie_keyword,,2112,0,never_instantiated,0,,,,,0,0,info_type,,2112,0,never_instantiated,0,,,,,0,0,,movie_info,2440,0,never_instantiated,0,,,,,0,0,title,,2273,0,never_instantiated,0,,,,,0,0,,info_type,1,0,never_instantiated,0,,,,,0,0,,movie_info_idx,2610,0,never_instantiated,0,,,,,0,0,,name,2071,0,never_instantiated,0,,,,,0,0,cast_info,,5,0,never_instantiated,0,,,,,0,0,,,,,,,,,,,,,,,,,,,,,,,,,,,,,,,,,,,,,,,,,,,,,,,,,,,,,,,,,,,,,,,,,,,,,,,,
25b,4,17,1,0.34,info_type,,6,0,never_instantiated,0,,,,,0,0,movie_info_idx,,6,0,never_instantiated,0,,,,,0,0,name,,6,0,never_instantiated,0,,,,,0,0,,,6,0,never_instantiated,0,,,,,0,0,keyword,,5,0,never_instantiated,0,,,,,0,0,,info_type,1,0,never_instantiated,0,,,,,0,0,,movie_info,4,0,never_instantiated,0,,,,,0,0,,title,3,0,never_instantiated,0,,,,,0,0,,movie_keyword,8,0,never_instantiated,0,,,,,0,0,cast_info,,5,0,never_instantiated,0,,,,,0,0,,,,,,,,,,,,,,,,,,,,,,,,,,,,,,,,,,,,,,,,,,,,,,,,,,,,,,,,,,,,,,,,,,,,,,,,
25c,4,11,1,0.42,,info_type,1,0,never_instantiated,0,,,,,0,0,,,7,0,never_instantiated,0,,,,,0,0,movie_keyword,,28073,0,never_instantiated,0,,,,,0,0,,info_type,1,0,never_instantiated,0,,,,,0,0,,,19443,0,never_instantiated,0,,,,,0,0,movie_info,,6,0,never_instantiated,0,,,,,0,0,,name,63371,0,never_instantiated,0,,,,,0,0,,title,49631,0,never_instantiated,0,,,,,0,0,,movie_info_idx,184726,0,never_instantiated,0,,,,,0,0,cast_info,,5,0,never_instantiated,0,,,,,0,0,keyword,,7,0,never_instantiated,0,,,,,0,0,,,,,,,,,,,,,,,,,,,,,,,,,,,,,,,,,,,,,,,,,,,,,,,,,,,,,,,,,,,,
26a,4,8,1,0.39,,,1728,0,never_instantiated,0,,,,,0,0,keyword,,10,0,never_instantiated,0,,,,,0,0,,comp_cast_type,1,0,never_instantiated,0,,,,,0,0,,kind_type,1,0,never_instantiated,0,,,,,0,0,,comp_cast_type,2,0,never_instantiated,0,,,,,0,0,movie_keyword,,1019,0,never_instantiated,0,,,,,0,0,name,,1019,0,never_instantiated,0,,,,,0,0,,info_type,1,0,never_instantiated,0,,,,,0,0,char_name,,1025,0,never_instantiated,0,,,,,0,0,title,,1025,0,never_instantiated,0,,,,,0,0,,complete_cast,189,0,never_instantiated,0,,,,,0,0,cast_info,movie_info_idx,199,0,never_instantiated,0,,,,,0,0,,,,,,,,,,,,,,,,,,,,,,,,,,,,,,,,,,,,,,,,,,,,,,,,
26b,4,12,1,0.34,,kind_type,1,0,never_instantiated,0,,,,,0,0,,info_type,1,0,never_instantiated,0,,,,,0,0,movie_info_idx,,93,0,never_instantiated,0,,,,,0,0,title,,94,0,never_instantiated,0,,,,,0,0,,comp_cast_type,1,0,never_instantiated,0,,,,,0,0,,comp_cast_type,2,0,never_instantiated,0,,,,,0,0,name,,94,0,never_instantiated,0,,,,,0,0,,keyword,4,0,never_instantiated,0,,,,,0,0,,complete_cast,6,0,never_instantiated,0,,,,,0,0,,movie_keyword,27,0,never_instantiated,0,,,,,0,0,cast_info,char_name,115,0,never_instantiated,0,,,,,0,0,,,,,,,,,,,,,,,,,,,,,,,,,,,,,,,,,,,,,,,,,,,,,,,,,,,,,,,,,,,,
26c,4,9,1,0.45,,comp_cast_type,1,0,never_instantiated,0,,,,,0,0,,comp_cast_type,2,0,never_instantiated,0,,,,,0,0,name,,5400,0,never_instantiated,0,,,,,0,0,,kind_type,1,0,never_instantiated,0,,,,,0,0,,info_type,1,0,never_instantiated,0,,,,,0,0,movie_info_idx,,5406,0,never_instantiated,0,,,,,0,0,,complete_cast,2858,0,never_instantiated,0,,,,,0,0,,title,48142,0,never_instantiated,0,,,,,0,0,,char_name,45060,0,never_instantiated,0,,,,,0,0,,,9,0,never_instantiated,0,,,,,0,0,cast_info,movie_keyword,574454,0,never_instantiated,0,,,,,0,0,keyword,,10,0,never_instantiated,0,,,,,0,0,,,,,,,,,,,,,,,,,,,,,,,,,,,,,,,,,,,,,,,,,,,,,,,,
27a,4,15,1,0.25,link_type,,477,0,never_instantiated,0,,,,,0,0,company_type,,477,0,never_instantiated,0,,,,,0,0,company_name,,1106,0,never_instantiated,0,,,,,0,0,movie_link,,62,0,never_instantiated,0,,,,,0,0,movie_companies,,10,0,never_instantiated,0,,,,,0,0,,keyword,1,0,never_instantiated,0,,,,,0,0,title,,10,0,never_instantiated,0,,,,,0,0,movie_keyword,,10,0,never_instantiated,0,,,,,0,0,,comp_cast_type,2,0,never_instantiated,0,,,,,0,0,,comp_cast_type,1,0,never_instantiated,0,,,,,0,0,movie_info,complete_cast,4,0,never_instantiated,0,,,,,0,0,,,,,,,,,,,,,,,,,,,,,,,,,,,,,,,,,,,,,,,,,,,,,,,,,,,,,,,,,,,,
27b,4,16,1,0.22,keyword,,247,0,never_instantiated,0,,,,,0,0,comp_cast_type,,247,0,never_instantiated,0,,,,,0,0,comp_cast_type,,247,0,never_instantiated,0,,,,,0,0,company_type,,247,0,never_instantiated,0,,,,,0,0,link_type,,247,0,never_instantiated,0,,,,,0,0,title,,247,0,never_instantiated,0,,,,,0,0,complete_cast,,247,0,never_instantiated,0,,,,,0,0,,movie_link,38,0,never_instantiated,0,,,,,0,0,,company_name,4,0,never_instantiated,0,,,,,0,0,movie_keyword,,28,0,never_instantiated,0,,,,,0,0,movie_info,movie_companies,10,0,never_instantiated,0,,,,,0,0,,,,,,,,,,,,,,,,,,,,,,,,,,,,,,,,,,,,,,,,,,,,,,,,,,,,,,,,,,,,
27c,4,1,1,0.26,comp_cast_type,,743,0,never_instantiated,0,,,,,0,0,comp_cast_type,,743,0,never_instantiated,0,,,,,0,0,complete_cast,,743,0,never_instantiated,0,,,,,0,0,link_type,,743,0,never_instantiated,0,,,,,0,0,company_type,,743,0,never_instantiated,0,,,,,0,0,,keyword,1,0,never_instantiated,0,,,,,0,0,title,,743,0,never_instantiated,0,,,,,0,0,movie_keyword,,743,0,never_instantiated,0,,,,,0,0,company_name,,1806,0,never_instantiated,0,,,,,0,0,,movie_link,69,0,never_instantiated,0,,,,,0,0,,movie_companies,31,0,never_instantiated,0,,,,,0,0,movie_info,,9,0,never_instantiated,0,,,,,0,0,,,,,,,,,,,,,,,,,,,,,,,,,,,,,,,,,,,,,,,,,,,,,,,,
28a,4,17,1,0.25,comp_cast_type,,4803,0,never_instantiated,0,,,,,0,0,info_type,,4803,0,never_instantiated,0,,,,,0,0,company_type,,4803,0,never_instantiated,0,,,,,0,0,company_name,,4955,0,never_instantiated,0,,,,,0,0,movie_companies,,345,0,never_instantiated,0,,,,,0,0,movie_info_idx,,373,0,never_instantiated,0,,,,,0,0,,kind_type,2,0,never_instantiated,0,,,,,0,0,,comp_cast_type,1,0,never_instantiated,0,,,,,0,0,keyword,,373,0,never_instantiated,0,,,,,0,0,complete_cast,,383,0,never_instantiated,0,,,,,0,0,,info_type,1,0,never_instantiated,0,,,,,0,0,movie_keyword,,228,0,never_instantiated,0,,,,,0,0,,title,201,0,never_instantiated,0,,,,,0,0,movie_info,,10,0,never_instantiated,0,,,,,0,0,,,,,,,,,,,,,,,,,,,,,,,,
28b,4,7,1,0.25,kind_type,,148,0,never_instantiated,0,,,,,0,0,comp_cast_type,,148,0,never_instantiated,0,,,,,0,0,comp_cast_type,,148,0,never_instantiated,0,,,,,0,0,complete_cast,,148,0,never_instantiated,0,,,,,0,0,keyword,,148,0,never_instantiated,0,,,,,0,0,,info_type,1,0,never_instantiated,0,,,,,0,0,movie_keyword,,80,0,never_instantiated,0,,,,,0,0,,company_type,1,0,never_instantiated,0,,,,,0,0,movie_info_idx,,80,0,never_instantiated,0,,,,,0,0,company_name,,81,0,never_instantiated,0,,,,,0,0,movie_companies,,7,0,never_instantiated,0,,,,,0,0,title,,12,0,never_instantiated,0,,,,,0,0,movie_info,info_type,1,0,never_instantiated,0,,,,,0,0,,,,,,,,,,,,,,,,,,,,,,,,,,,,,,,,,,,,
28c,4,14,1,0.27,info_type,,8373,0,never_instantiated,0,,,,,0,0,company_name,,8771,0,never_instantiated,0,,,,,0,0,,info_type,1,0,never_instantiated,0,,,,,0,0,keyword,,8771,0,never_instantiated,0,,,,,0,0,,company_type,2,0,never_instantiated,0,,,,,0,0,movie_keyword,,4651,0,never_instantiated,0,,,,,0,0,movie_info_idx,,4651,0,never_instantiated,0,,,,,0,0,,comp_cast_type,1,0,never_instantiated,0,,,,,0,0,,comp_cast_type,1,0,never_instantiated,0,,,,,0,0,complete_cast,,12329,0,never_instantiated,0,,,,,0,0,,kind_type,2,0,never_instantiated,0,,,,,0,0,,title,1770,0,never_instantiated,0,,,,,0,0,,movie_companies,34511,0,never_instantiated,0,,,,,0,0,movie_info,,10,0,never_instantiated,0,,,,,0,0,,,,,,,,,,,,,,,,,,,,,,,,
29a,4,19,1,0.39,comp_cast_type,,1620,0,never_instantiated,0,,,,,0,0,company_name,,7128,0,never_instantiated,0,,,,,0,0,keyword,,7128,0,never_instantiated,0,,,,,0,0,comp_cast_type,,7128,0,never_instantiated,0,,,,,0,0,complete_cast,,7128,0,never_instantiated,0,,,,,0,0,info_type,,7128,0,never_instantiated,0,,,,,0,0,char_name,,7128,0,never_instantiated,0,,,,,0,0,name,,7128,0,never_instantiated,0,,,,,0,0,movie_companies,,324,0,never_instantiated,0,,,,,0,0,info_type,,324,0,never_instantiated,0,,,,,0,0,movie_info,,162,0,never_instantiated,0,,,,,0,0,movie_keyword,,162,0,never_instantiated,0,,,,,0,0,,role_type,1,0,never_instantiated,0,,,,,0,0,person_info,,3,0,never_instantiated,0,,,,,0,0,aka_name,,1,0,never_instantiated,0,,,,,0,0,cast_info,title,1,0,never_instantiated,0,,,,,0,0
29b,4,7,1,0.39,info_type,,15,0,never_instantiated,0,,,,,0,0,comp_cast_type,,15,0,never_instantiated,0,,,,,0,0,comp_cast_type,,15,0,never_instantiated,0,,,,,0,0,movie_info,,15,0,never_instantiated,0,,,,,0,0,complete_cast,,15,0,never_instantiated,0,,,,,0,0,char_name,,15,0,never_instantiated,0,,,,,0,0,keyword,,15,0,never_instantiated,0,,,,,0,0,company_name,,66,0,never_instantiated,0,,,,,0,0,movie_companies,,3,0,never_instantiated,0,,,,,0,0,info_type,,3,0,never_instantiated,0,,,,,0,0,role_type,,3,0,never_instantiated,0,,,,,0,0,movie_keyword,,3,0,never_instantiated,0,,,,,0,0,aka_name,,1,0,never_instantiated,0,,,,,0,0,name,,1,0,never_instantiated,0,,,,,0,0,,title,1,0,never_instantiated,0,,,,,0,0,cast_info,person_info,1,0,never_instantiated,0,,,,,0,0
29c,4,12,1,0.43,info_type,,16308,0,never_instantiated,0,,,,,0,0,movie_info,,5706,0,never_instantiated,0,,,,,0,0,info_type,,5706,0,never_instantiated,0,,,,,0,0,keyword,,5706,0,never_instantiated,0,,,,,0,0,movie_keyword,,5706,0,never_instantiated,0,,,,,0,0,title,,5706,0,never_instantiated,0,,,,,0,0,aka_name,,1364,0,never_instantiated,0,,,,,0,0,,company_name,30,0,never_instantiated,0,,,,,0,0,,comp_cast_type,1,0,never_instantiated,0,,,,,0,0,,comp_cast_type,1,0,never_instantiated,0,,,,,0,0,,role_type,1,0,never_instantiated,0,,,,,0,0,movie_companies,,240,0,never_instantiated,0,,,,,0,0,person_info,,3,0,never_instantiated,0,,,,,0,0,name,,3,0,never_instantiated,0,,,,,0,0,char_name,,3,0,never_instantiated,0,,,,,0,0,cast_info,complete_cast,4,0,never_instantiated,0,,,,,0,0
30a,4,3,1,0.38,,comp_cast_type,2,0,never_instantiated,0,,,,,0,0,,info_type,1,0,never_instantiated,0,,,,,0,0,movie_info,,642,0,never_instantiated,0,,,,,0,0,,comp_cast_type,1,0,never_instantiated,0,,,,,0,0,name,,871,0,never_instantiated,0,,,,,0,0,complete_cast,,841,0,never_instantiated,0,,,,,0,0,,,7,0,never_instantiated,0,,,,,0,0,title,,173928,0,never_instantiated,0,,,,,0,0,,info_type,1,0,never_instantiated,0,,,,,0,0,,movie_info_idx,1801,0,never_instantiated,0,,,,,0,0,,movie_keyword,122132,0,never_instantiated,0,,,,,0,0,cast_info,,5,0,never_instantiated,0,,,,,0,0,keyword,,7,0,never_instantiated,0,,,,,0,0,,,,,,,,,,,,,,,,,,,,,,,,,,,,,,,,,,,,
30b,4,7,1,0.36,,info_type,1,0,never_instantiated,0,,,,,0,0,,,28,0,never_instantiated,0,,,,,0,0,keyword,,7,0,never_instantiated,0,,,,,0,0,movie_info_idx,,28,0,never_instantiated,0,,,,,0,0,,comp_cast_type,1,0,never_instantiated,0,,,,,0,0,name,,28,0,never_instantiated,0,,,,,0,0,,info_type,1,0,never_instantiated,0,,,,,0,0,movie_keyword,,7,0,never_instantiated,0,,,,,0,0,,comp_cast_type,1,0,never_instantiated,0,,,,,0,0,movie_info,,5,0,never_instantiated,0,,,,,0,0,title,,5,0,never_instantiated,0,,,,,0,0,,complete_cast,2,0,never_instantiated,0,,,,,0,0,cast_info,,5,0,never_instantiated,0,,,,,0,0,,,,,,,,,,,,,,,,,,,,,,,,,,,,,,,,,,,,
30c,4,13,1,0.39,,info_type,1,0,never_instantiated,0,,,,,0,0,movie_info_idx,,8024,0,never_instantiated,0,,,,,0,0,,,8024,0,never_instantiated,0,,,,,0,0,keyword,,7,0,never_instantiated,0,,,,,0,0,,comp_cast_type,1,0,never_instantiated,0,,,,,0,0,movie_keyword,,3052,0,never_instantiated,0,,,,,0,0,,comp_cast_type,1,0,never_instantiated,0,,,,,0,0,,complete_cast,1966,0,never_instantiated,0,,,,,0,0,title,,3073,0,never_instantiated,0,,,,,0,0,name,,4868,0,never_instantiated,0,,,,,0,0,,info_type,1,0,never_instantiated,0,,,,,0,0,,,3471,0,never_instantiated,0,,,,,0,0,cast_info,,5,0,never_instantiated,0,,,,,0,0,movie_info,,6,0,never_instantiated,0,,,,,0,0,,,,,,,,,,,,,,,,,,,,,,,,
31a,4,10,1,0.37,company_name,,1273,0,never_instantiated,0,,,,,0,0,movie_companies,,678,0,never_instantiated,0,,,,,0,0,,info_type,1,0,never_instantiated,0,,,,,0,0,,,7,0,never_instantiated,0,,,,,0,0,movie_info_idx,,22963,0,never_instantiated,0,,,,,0,0,,info_type,1,0,never_instantiated,0,,,,,0,0,,movie_keyword,42374,0,never_instantiated,0,,,,,0,0,,movie_info,28549,0,never_instantiated,0,,,,,0,0,,title,164,0,never_instantiated,0,,,,,0,0,,name,11655,0,never_instantiated,0,,,,,0,0,cast_info,,5,0,never_instantiated,0,,,,,0,0,keyword,,7,0,never_instantiated,0,,,,,0,0,,,,,,,,,,,,,,,,,,,,,,,,,,,,,,,,,,,,,,,,,,,,,,,,
31b,4,16,1,0.36,company_name,,84,0,never_instantiated,0,,,,,0,0,title,,84,0,never_instantiated,0,,,,,0,0,movie_companies,,68,0,never_instantiated,0,,,,,0,0,,info_type,1,0,never_instantiated,0,,,,,0,0,,,6,0,never_instantiated,0,,,,,0,0,,info_type,1,0,never_instantiated,0,,,,,0,0,,movie_info_idx,4,0,never_instantiated,0,,,,,0,0,,movie_keyword,501,0,never_instantiated,0,,,,,0,0,,movie_info,6,0,never_instantiated,0,,,,,0,0,,name,8,0,never_instantiated,0,,,,,0,0,cast_info,,5,0,never_instantiated,0,,,,,0,0,keyword,,7,0,never_instantiated,0,,,,,0,0,,,,,,,,,,,,,,,,,,,,,,,,,,,,,,,,,,,,,,,,,,,,,,,,
31c,4,16,1,0.38,,info_type,1,0,never_instantiated,0,,,,,0,0,title,,2825,0,never_instantiated,0,,,,,0,0,,,1297,0,never_instantiated,0,,,,,0,0,movie_info,,6,0,never_instantiated,0,,,,,0,0,,company_name,8,0,never_instantiated,0,,,,,0,0,,,7,0,never_instantiated,0,,,,,0,0,,info_type,1,0,never_instantiated,0,,,,,0,0,,movie_info_idx,289,0,never_instantiated,0,,,,,0,0,,movie_keyword,17369,0,never_instantiated,0,,,,,0,0,,movie_companies,335,0,never_instantiated,0,,,,,0,0,,name,3374,0,never_instantiated,0,,,,,0,0,cast_info,,5,0,never_instantiated,0,,,,,0,0,keyword,,7,0,never_instantiated,0,,,,,0,0,,,,,,,,,,,,,,,,,,,,,,,,,,,,,,,,,,,,
32a,4,16,1,0.14,title,,0,0,never_instantiated,0,,,,,0,0,title,,0,0,never_instantiated,0,,,,,0,0,,keyword,0,0,never_instantiated,0,,,,,0,0,,link_type,0,0,never_instantiated,0,,,,,0,0,movie_keyword,movie_link,0,0,never_instantiated,0,,,,,0,0,,,,,,,,,,,,,,,,,,,,,,,,,,,,,,,,,,,,,,,,,,,,,,,,,,,,,,,,,,,,,,,,,,,,,,,,,,,,,,,,,,,,,,,,,,,,,,,,,,,,,,,,,,,,,,,,,,,,,,,,,,,,,,,,,,,,
32b,4,12,1,0.18,title,,4388,0,never_instantiated,0,,,,,0,0,link_type,,4388,0,never_instantiated,0,,,,,0,0,title,,4388,0,never_instantiated,0,,,,,0,0,movie_link,,2233,0,never_instantiated,0,,,,,0,0,movie_keyword,keyword,1,0,never_instantiated,0,,,,,0,0,,,,,,,,,,,,,,,,,,,,,,,,,,,,,,,,,,,,,,,,,,,,,,,,,,,,,,,,,,,,,,,,,,,,,,,,,,,,,,,,,,,,,,,,,,,,,,,,,,,,,,,,,,,,,,,,,,,,,,,,,,,,,,,,,,,,
33a,4,16,1,0.19,company_name,,28,0,never_instantiated,0,,,,,0,0,kind_type,,28,0,never_instantiated,0,,,,,0,0,info_type,,28,0,never_instantiated,0,,,,,0,0,movie_info_idx,,29,0,never_instantiated,0,,,,,0,0,movie_companies,,11,0,never_instantiated,0,,,,,0,0,title,,11,0,never_instantiated,0,,,,,0,0,,link_type,2,0,never_instantiated,0,,,,,0,0,movie_link,,9,0,never_instantiated,0,,,,,0,0,,kind_type,1,0,never_instantiated,0,,,,,0,0,title,,9,0,never_instantiated,0,,,,,0,0,,info_type,1,0,never_instantiated,0,,,,,0,0,,movie_info_idx,4,0,never_instantiated,0,,,,,0,0,movie_companies,company_name,9,0,never_instantiated,0,,,,,0,0,,,,,,,,,,,,,,,,,,,,,,,,,,,,,,,,,,,,
33b,4,17,1,0.18,company_name,,4,0,never_instantiated,0,,,,,0,0,movie_companies,,4,0,never_instantiated,0,,,,,0,0,kind_type,,4,0,never_instantiated,0,,,,,0,0,info_type,,4,0,never_instantiated,0,,,,,0,0,movie_info_idx,,4,0,never_instantiated,0,,,,,0,0,title,,4,0,never_instantiated,0,,,,,0,0,link_type,,4,0,never_instantiated,0,,,,,0,0,movie_link,,4,0,never_instantiated,0,,,,,0,0,,kind_type,1,0,never_instantiated,0,,,,,0,0,company_name,,4,0,never_instantiated,0,,,,,0,0,,info_type,1,0,never_instantiated,0,,,,,0,0,,title,1,0,never_instantiated,0,,,,,0,0,movie_companies,movie_info_idx,1,0,never_instantiated,0,,,,,0,0,,,,,,,,,,,,,,,,,,,,,,,,,,,,,,,,,,,,
33c,4,18,1,0.20,kind_type,,114,0,never_instantiated,0,,,,,0,0,company_name,,114,0,never_instantiated,0,,,,,0,0,info_type,,114,0,never_instantiated,0,,,,,0,0,movie_info_idx,,114,0,never_instantiated,0,,,,,0,0,title,,218,0,never_instantiated,0,,,,,0,0,,link_type,2,0,never_instantiated,0,,,,,0,0,,info_type,1,0,never_instantiated,0,,,,,0,0,,kind_type,2,0,never_instantiated,0,,,,,0,0,,company_name,60,0,never_instantiated,0,,,,,0,0,movie_info_idx,,316,0,never_instantiated,0,,,,,0,0,title,,316,0,never_instantiated,0,,,,,0,0,movie_companies,,97,0,never_instantiated,0,,,,,0,0,movie_companies,movie_link,40,0,never_instantiated,0,,,,,0,0,,,,,,,,,,,,,,,,,,,,,,,,,,,,,,,,,,,,
