query,case,seed,run_idx,runtime_seconds,Join1-probe,Join1-build,Join1-build_rows,Join1-instantiated,Join1-state,Join1-total_probes,Join1-probes_at_freeze,Join1-freeze_reason,Join1-probes_at_abandon,Join1-abandon_reason,Join1-inserts,Join1-u1,Join2-probe,Join2-build,Join2-build_rows,Join2-instantiated,Join2-state,Join2-total_probes,Join2-probes_at_freeze,Join2-freeze_reason,Join2-probes_at_abandon,Join2-abandon_reason,Join2-inserts,Join2-u1,Join3-probe,Join3-build,Join3-build_rows,Join3-instantiated,Join3-state,Join3-total_probes,Join3-probes_at_freeze,Join3-freeze_reason,Join3-probes_at_abandon,Join3-abandon_reason,Join3-inserts,Join3-u1,Join4-probe,Join4-build,Join4-build_rows,Join4-instantiated,Join4-state,Join4-total_probes,Join4-probes_at_freeze,Join4-freeze_reason,Join4-probes_at_abandon,Join4-abandon_reason,Join4-inserts,Join4-u1,Join5-probe,Join5-build,Join5-build_rows,Join5-instantiated,Join5-state,Join5-total_probes,Join5-probes_at_freeze,Join5-freeze_reason,Join5-probes_at_abandon,Join5-abandon_reason,Join5-inserts,Join5-u1,Join6-probe,Join6-build,Join6-build_rows,Join6-instantiated,Join6-state,Join6-total_probes,Join6-probes_at_freeze,Join6-freeze_reason,Join6-probes_at_abandon,Join6-abandon_reason,Join6-inserts,Join6-u1,Join7-probe,Join7-build,Join7-build_rows,Join7-instantiated,Join7-state,Join7-total_probes,Join7-probes_at_freeze,Join7-freeze_reason,Join7-probes_at_abandon,Join7-abandon_reason,Join7-inserts,Join7-u1,Join8-probe,Join8-build,Join8-build_rows,Join8-instantiated,Join8-state,Join8-total_probes,Join8-probes_at_freeze,Join8-freeze_reason,Join8-probes_at_abandon,Join8-abandon_reason,Join8-inserts,Join8-u1,Join9-probe,Join9-build,Join9-build_rows,Join9-instantiated,Join9-state,Join9-total_probes,Join9-probes_at_freeze,Join9-freeze_reason,Join9-probes_at_abandon,Join9-abandon_reason,Join9-inserts,Join9-u1,Join10-probe,Join10-build,Join10-build_rows,Join10-instantiated,Join10-state,Join10-total_probes,Join10-probes_at_freeze,Join10-freeze_reason,Join10-probes_at_abandon,Join10-abandon_reason,Join10-inserts,Join10-u1,Join11-probe,Join11-build,Join11-build_rows,Join11-instantiated,Join11-state,Join11-total_probes,Join11-probes_at_freeze,Join11-freeze_reason,Join11-probes_at_abandon,Join11-abandon_reason,Join11-inserts,Join11-u1,Join12-probe,Join12-build,Join12-build_rows,Join12-instantiated,Join12-state,Join12-total_probes,Join12-probes_at_freeze,Join12-freeze_reason,Join12-probes_at_abandon,Join12-abandon_reason,Join12-inserts,Join12-u1,Join13-probe,Join13-build,Join13-build_rows,Join13-instantiated,Join13-state,Join13-total_probes,Join13-probes_at_freeze,Join13-freeze_reason,Join13-probes_at_abandon,Join13-abandon_reason,Join13-inserts,Join13-u1,Join14-probe,Join14-build,Join14-build_rows,Join14-instantiated,Join14-state,Join14-total_probes,Join14-probes_at_freeze,Join14-freeze_reason,Join14-probes_at_abandon,Join14-abandon_reason,Join14-inserts,Join14-u1,Join15-probe,Join15-build,Join15-build_rows,Join15-instantiated,Join15-state,Join15-total_probes,Join15-probes_at_freeze,Join15-freeze_reason,Join15-probes_at_abandon,Join15-abandon_reason,Join15-inserts,Join15-u1,Join16-probe,Join16-build,Join16-build_rows,Join16-instantiated,Join16-state,Join16-total_probes,Join16-probes_at_freeze,Join16-freeze_reason,Join16-probes_at_abandon,Join16-abandon_reason,Join16-inserts,Join16-u1
1a,1,19,1,0.10,title,,142,0,never_instantiated,0,,,,,0,0,,info_type,1,0,never_instantiated,0,,,,,0,0,,company_type,1,0,never_instantiated,0,,,,,0,0,movie_info_idx,movie_companies,28889,0,never_instantiated,0,,,,,0,0,,,,,,,,,,,,,,,,,,,,,,,,,,,,,,,,,,,,,,,,,,,,,,,,,,,,,,,,,,,,,,,,,,,,,,,,,,,,,,,,,,,,,,,,,,,,,,,,,,,,,,,,,,,,,,,,,,,,,,,,,,,,,,,,,,,,,,,,,,,,,,,,
1b,1,19,1,0.12,title,,5,0,never_instantiated,0,,,,,0,0,,info_type,1,0,never_instantiated,0,,,,,0,0,,company_type,1,0,never_instantiated,0,,,,,0,0,movie_info_idx,movie_companies,1337088,0,never_instantiated,0,,,,,0,0,,,,,,,,,,,,,,,,,,,,,,,,,,,,,,,,,,,,,,,,,,,,,,,,,,,,,,,,,,,,,,,,,,,,,,,,,,,,,,,,,,,,,,,,,,,,,,,,,,,,,,,,,,,,,,,,,,,,,,,,,,,,,,,,,,,,,,,,,,,,,,,,
1c,1,18,1,0.08,,info_type,1,0,never_instantiated,0,,,,,0,0,movie_info_idx,,3876,0,never_instantiated,0,,,,,0,0,title,,17811,0,never_instantiated,0,,,,,0,0,movie_companies,company_type,1,0,never_instantiated,0,,,,,0,0,,,,,,,,,,,,,,,,,,,,,,,,,,,,,,,,,,,,,,,,,,,,,,,,,,,,,,,,,,,,,,,,,,,,,,,,,,,,,,,,,,,,,,,,,,,,,,,,,,,,,,,,,,,,,,,,,,,,,,,,,,,,,,,,,,,,,,,,,,,,,,,,
1d,1,19,1,0.12,title,,5,0,never_instantiated,0,,,,,0,0,,info_type,1,0,never_instantiated,0,,,,,0,0,,company_type,1,0,never_instantiated,0,,,,,0,0,movie_info_idx,movie_companies,1337088,0,never_instantiated,0,,,,,0,0,,,,,,,,,,,,,,,,,,,,,,,,,,,,,,,,,,,,,,,,,,,,,,,,,,,,,,,,,,,,,,,,,,,,,,,,,,,,,,,,,,,,,,,,,,,,,,,,,,,,,,,,,,,,,,,,,,,,,,,,,,,,,,,,,,,,,,,,,,,,,,,,
2a,1,13,1,0.18,title,,7834,0,never_instantiated,0,,,,,0,0,company_name,,148552,0,never_instantiated,0,,,,,0,0,,keyword,1,0,never_instantiated,0,,,,,0,0,movie_keyword,movie_companies,2609129,0,never_instantiated,0,,,,,0,0,,,,,,,,,,,,,,,,,,,,,,,,,,,,,,,,,,,,,,,,,,,,,,,,,,,,,,,,,,,,,,,,,,,,,,,,,,,,,,,,,,,,,,,,,,,,,,,,,,,,,,,,,,,,,,,,,,,,,,,,,,,,,,,,,,,,,,,,,,,,,,,,
2b,1,13,1,0.18,title,,5228,0,never_instantiated,0,,,,,0,0,company_name,,148552,0,never_instantiated,0,,,,,0,0,,keyword,1,0,never_instantiated,0,,,,,0,0,movie_keyword,movie_companies,2609129,0,never_instantiated,0,,,,,0,0,,,,,,,,,,,,,,,,,,,,,,,,,,,,,,,,,,,,,,,,,,,,,,,,,,,,,,,,,,,,,,,,,,,,,,,,,,,,,,,,,,,,,,,,,,,,,,,,,,,,,,,,,,,,,,,,,,,,,,,,,,,,,,,,,,,,,,,,,,,,,,,,
2c,1,18,1,0.15,company_name,,148552,0,never_instantiated,0,,,,,0,0,movie_companies,,41838,0,never_instantiated,0,,,,,0,0,title,,41838,0,never_instantiated,0,,,,,0,0,movie_keyword,keyword,1,0,never_instantiated,0,,,,,0,0,,,,,,,,,,,,,,,,,,,,,,,,,,,,,,,,,,,,,,,,,,,,,,,,,,,,,,,,,,,,,,,,,,,,,,,,,,,,,,,,,,,,,,,,,,,,,,,,,,,,,,,,,,,,,,,,,,,,,,,,,,,,,,,,,,,,,,,,,,,,,,,,
2d,1,1,1,0.19,title,,68316,0,never_instantiated,0,,,,,0,0,company_name,,148552,0,never_instantiated,0,,,,,0,0,,keyword,1,0,never_instantiated,0,,,,,0,0,movie_keyword,movie_companies,2609129,0,never_instantiated,0,,,,,0,0,,,,,,,,,,,,,,,,,,,,,,,,,,,,,,,,,,,,,,,,,,,,,,,,,,,,,,,,,,,,,,,,,,,,,,,,,,,,,,,,,,,,,,,,,,,,,,,,,,,,,,,,,,,,,,,,,,,,,,,,,,,,,,,,,,,,,,,,,,,,,,,,
3a,1,11,1,0.42,,keyword,30,0,never_instantiated,0,,,,,0,0,movie_keyword,,48168,0,never_instantiated,0,,,,,0,0,,title,1012683,0,never_instantiated,0,,,,,0,0,movie_info,,8,0,never_instantiated,0,,,,,0,0,,,,,,,,,,,,,,,,,,,,,,,,,,,,,,,,,,,,,,,,,,,,,,,,,,,,,,,,,,,,,,,,,,,,,,,,,,,,,,,,,,,,,,,,,,,,,,,,,,,,,,,,,,,,,,,,,,,,,,,,,,,,,,,,,,,,,,,,,,,,,,,,
3b,1,3,1,0.27,keyword,,920,0,never_instantiated,0,,,,,0,0,movie_keyword,,227,0,never_instantiated,0,,,,,0,0,title,movie_info,2287,0,never_instantiated,0,,,,,0,0,,,,,,,,,,,,,,,,,,,,,,,,,,,,,,,,,,,,,,,,,,,,,,,,,,,,,,,,,,,,,,,,,,,,,,,,,,,,,,,,,,,,,,,,,,,,,,,,,,,,,,,,,,,,,,,,,,,,,,,,,,,,,,,,,,,,,,,,,,,,,,,,,,,,,,,,,,,,
3c,1,11,1,0.48,,keyword,30,0,never_instantiated,0,,,,,0,0,movie_keyword,,476405,0,never_instantiated,0,,,,,0,0,,title,1748483,0,never_instantiated,0,,,,,0,0,movie_info,,10,0,never_instantiated,0,,,,,0,0,,,,,,,,,,,,,,,,,,,,,,,,,,,,,,,,,,,,,,,,,,,,,,,,,,,,,,,,,,,,,,,,,,,,,,,,,,,,,,,,,,,,,,,,,,,,,,,,,,,,,,,,,,,,,,,,,,,,,,,,,,,,,,,,,,,,,,,,,,,,,,,,
4a,1,11,1,0.20,,info_type,1,0,never_instantiated,0,,,,,0,0,,keyword,30,0,never_instantiated,0,,,,,0,0,,movie_info_idx,517682,0,never_instantiated,0,,,,,0,0,movie_keyword,title,1012657,0,never_instantiated,0,,,,,0,0,,,,,,,,,,,,,,,,,,,,,,,,,,,,,,,,,,,,,,,,,,,,,,,,,,,,,,,,,,,,,,,,,,,,,,,,,,,,,,,,,,,,,,,,,,,,,,,,,,,,,,,,,,,,,,,,,,,,,,,,,,,,,,,,,,,,,,,,,,,,,,,,
4b,1,7,1,0.11,keyword,,1070,0,never_instantiated,0,,,,,0,0,title,,6032,0,never_instantiated,0,,,,,0,0,,info_type,1,0,never_instantiated,0,,,,,0,0,movie_keyword,movie_info_idx,8322,0,never_instantiated,0,,,,,0,0,,,,,,,,,,,,,,,,,,,,,,,,,,,,,,,,,,,,,,,,,,,,,,,,,,,,,,,,,,,,,,,,,,,,,,,,,,,,,,,,,,,,,,,,,,,,,,,,,,,,,,,,,,,,,,,,,,,,,,,,,,,,,,,,,,,,,,,,,,,,,,,,
4c,1,11,1,0.25,,,,,,,,,,,,,,,,,,,,,,,,,,,,,,,,,,,,,,,,,,,,,,,,,,,,,,,,,,,,,,,,,,,,,,,,,,,,,,,,,,,,,,,,,,,,,,,,,,,,,,,,,,,,,,,,,,,,,,,,,,,,,,,,,,,,,,,,,,,,,,,,,,,,,,,,,,,,,,,,,,,,,,,,,,,,,,,,,,,,,,,,,,,,,,,,
5a,1,17,1,0.41,,company_type,1,0,never_instantiated,0,,,,,0,0,,info_type,110,0,never_instantiated,0,,,,,0,0,,movie_companies,24025,0,never_instantiated,0,,,,,0,0,,title,1012641,0,never_instantiated,0,,,,,0,0,movie_info,,8,0,never_instantiated,0,,,,,0,0,,,,,,,,,,,,,,,,,,,,,,,,,,,,,,,,,,,,,,,,,,,,,,,,,,,,,,,,,,,,,,,,,,,,,,,,,,,,,,,,,,,,,,,,,,,,,,,,,,,,,,,,,,,,,,,,,,,,,,,,,,,,,,,,,,,,
5b,1,2,1,0.30,,company_type,1,0,never_instantiated,0,,,,,0,0,,movie_companies,1418,0,never_instantiated,0,,,,,0,0,,info_type,110,0,never_instantiated,0,,,,,0,0,movie_info,title,391512,0,never_instantiated,0,,,,,0,0,,,,,,,,,,,,,,,,,,,,,,,,,,,,,,,,,,,,,,,,,,,,,,,,,,,,,,,,,,,,,,,,,,,,,,,,,,,,,,,,,,,,,,,,,,,,,,,,,,,,,,,,,,,,,,,,,,,,,,,,,,,,,,,,,,,,,,,,,,,,,,,,
5c,1,5,1,0.46,,info_type,110,0,never_instantiated,0,,,,,0,0,,company_type,1,0,never_instantiated,0,,,,,0,0,,movie_companies,295628,0,never_instantiated,0,,,,,0,0,,title,1748440,0,never_instantiated,0,,,,,0,0,movie_info,,10,0,never_instantiated,0,,,,,0,0,,,,,,,,,,,,,,,,,,,,,,,,,,,,,,,,,,,,,,,,,,,,,,,,,,,,,,,,,,,,,,,,,,,,,,,,,,,,,,,,,,,,,,,,,,,,,,,,,,,,,,,,,,,,,,,,,,,,,,,,,,,,,,,,,,,,
6a,1,6,1,0.17,title,,6,0,never_instantiated,0,,,,,0,0,,keyword,1,0,never_instantiated,0,,,,,0,0,,name,2,0,never_instantiated,0,,,,,0,0,cast_info,movie_keyword,4523930,0,never_instantiated,0,,,,,0,0,,,,,,,,,,,,,,,,,,,,,,,,,,,,,,,,,,,,,,,,,,,,,,,,,,,,,,,,,,,,,,,,,,,,,,,,,,,,,,,,,,,,,,,,,,,,,,,,,,,,,,,,,,,,,,,,,,,,,,,,,,,,,,,,,,,,,,,,,,,,,,,,
6b,1,0,1,0.19,,title,438,0,never_instantiated,0,,,,,0,0,,name,2,0,never_instantiated,0,,,,,0,0,,,8,0,never_instantiated,0,,,,,0,0,cast_info,movie_keyword,4523930,0,never_instantiated,0,,,,,0,0,keyword,,8,0,never_instantiated,0,,,,,0,0,,,,,,,,,,,,,,,,,,,,,,,,,,,,,,,,,,,,,,,,,,,,,,,,,,,,,,,,,,,,,,,,,,,,,,,,,,,,,,,,,,,,,,,,,,,,,,,,,,,,,,,,,,,,,,,,,,,,,,,,,,,,,,,,,,,,
6c,1,6,1,0.17,title,,6,0,never_instantiated,0,,,,,0,0,,keyword,1,0,never_instantiated,0,,,,,0,0,,name,2,0,never_instantiated,0,,,,,0,0,cast_info,movie_keyword,4523930,0,never_instantiated,0,,,,,0,0,,,,,,,,,,,,,,,,,,,,,,,,,,,,,,,,,,,,,,,,,,,,,,,,,,,,,,,,,,,,,,,,,,,,,,,,,,,,,,,,,,,,,,,,,,,,,,,,,,,,,,,,,,,,,,,,,,,,,,,,,,,,,,,,,,,,,,,,,,,,,,,,
6d,1,3,1,0.24,,title,1381132,0,never_instantiated,0,,,,,0,0,,name,2,0,never_instantiated,0,,,,,0,0,,,8,0,never_instantiated,0,,,,,0,0,cast_info,movie_keyword,4523930,0,never_instantiated,0,,,,,0,0,keyword,,8,0,never_instantiated,0,,,,,0,0,,,,,,,,,,,,,,,,,,,,,,,,,,,,,,,,,,,,,,,,,,,,,,,,,,,,,,,,,,,,,,,,,,,,,,,,,,,,,,,,,,,,,,,,,,,,,,,,,,,,,,,,,,,,,,,,,,,,,,,,,,,,,,,,,,,,
6e,1,19,1,0.18,title,,6,0,never_instantiated,0,,,,,0,0,,keyword,1,0,never_instantiated,0,,,,,0,0,,movie_keyword,4523930,0,never_instantiated,0,,,,,0,0,cast_info,name,2,0,never_instantiated,0,,,,,0,0,,,,,,,,,,,,,,,,,,,,,,,,,,,,,,,,,,,,,,,,,,,,,,,,,,,,,,,,,,,,,,,,,,,,,,,,,,,,,,,,,,,,,,,,,,,,,,,,,,,,,,,,,,,,,,,,,,,,,,,,,,,,,,,,,,,,,,,,,,,,,,,,
6f,1,0,1,1.92,,title,1381132,0,never_instantiated,0,,,,,0,0,,name,4061926,0,never_instantiated,0,,,,,0,0,,,8,0,never_instantiated,0,,,,,0,0,cast_info,movie_keyword,4523930,0,never_instantiated,0,,,,,0,0,keyword,,8,0,never_instantiated,0,,,,,0,0,,,,,,,,,,,,,,,,,,,,,,,,,,,,,,,,,,,,,,,,,,,,,,,,,,,,,,,,,,,,,,,,,,,,,,,,,,,,,,,,,,,,,,,,,,,,,,,,,,,,,,,,,,,,,,,,,,,,,,,,,,,,,,,,,,,,
7a,1,2,1,0.53,link_type,,110,0,never_instantiated,0,,,,,0,0,info_type,,110,0,never_instantiated,0,,,,,0,0,movie_link,,552,0,never_instantiated,0,,,,,0,0,,person_info,62,0,never_instantiated,0,,,,,0,0,,name,543290,0,never_instantiated,0,,,,,0,0,,aka_name,578324,0,never_instantiated,0,,,,,0,0,cast_info,title,339773,0,never_instantiated,0,,,,,0,0,,,,,,,,,,,,,,,,,,,,,,,,,,,,,,,,,,,,,,,,,,,,,,,,,,,,,,,,,,,,,,,,,,,,,,,,,,,,,,,,,,,,,,,,,,,,,,,,,,,,,,,,,,,,
7b,1,9,1,0.47,link_type,,46,0,never_instantiated,0,,,,,0,0,title,,176,0,never_instantiated,0,,,,,0,0,info_type,,176,0,never_instantiated,0,,,,,0,0,movie_link,,353,0,never_instantiated,0,,,,,0,0,name,,15010,0,never_instantiated,0,,,,,0,0,,person_info,62,0,never_instantiated,0,,,,,0,0,cast_info,aka_name,578324,0,never_instantiated,0,,,,,0,0,,,,,,,,,,,,,,,,,,,,,,,,,,,,,,,,,,,,,,,,,,,,,,,,,,,,,,,,,,,,,,,,,,,,,,,,,,,,,,,,,,,,,,,,,,,,,,,,,,,,,,,,,,,,
7c,1,8,1,1.04,,info_type,1,0,never_instantiated,0,,,,,0,0,person_info,,184511,0,never_instantiated,0,,,,,0,0,name,,979503,0,never_instantiated,0,,,,,0,0,aka_name,,1097209,0,never_instantiated,0,,,,,0,0,,link_type,4,0,never_instantiated,0,,,,,0,0,,movie_link,29997,0,never_instantiated,0,,,,,0,0,cast_info,title,1554453,0,never_instantiated,0,,,,,0,0,,,,,,,,,,,,,,,,,,,,,,,,,,,,,,,,,,,,,,,,,,,,,,,,,,,,,,,,,,,,,,,,,,,,,,,,,,,,,,,,,,,,,,,,,,,,,,,,,,,,,,,,,,,,
8a,1,17,1,0.28,role_type,,658,0,never_instantiated,0,,,,,0,0,company_name,,660,0,never_instantiated,0,,,,,0,0,movie_companies,,2575,0,never_instantiated,0,,,,,0,0,aka_name,,938,0,never_instantiated,0,,,,,0,0,title,,938,0,never_instantiated,0,,,,,0,0,name,cast_info,93095,0,never_instantiated,0,,,,,0,0,,,,,,,,,,,,,,,,,,,,,,,,,,,,,,,,,,,,,,,,,,,,,,,,,,,,,,,,,,,,,,,,,,,,,,,,,,,,,,,,,,,,,,,,,,,,,,,,,,,,,,,,,,,,,,,,,,,,,,,,
8b,1,17,1,0.25,role_type,,6,0,never_instantiated,0,,,,,0,0,company_name,,6,0,never_instantiated,0,,,,,0,0,movie_companies,,9,0,never_instantiated,0,,,,,0,0,aka_name,,7,0,never_instantiated,0,,,,,0,0,title,,938,0,never_instantiated,0,,,,,0,0,name,cast_info,93095,0,never_instantiated,0,,,,,0,0,,,,,,,,,,,,,,,,,,,,,,,,,,,,,,,,,,,,,,,,,,,,,,,,,,,,,,,,,,,,,,,,,,,,,,,,,,,,,,,,,,,,,,,,,,,,,,,,,,,,,,,,,,,,,,,,,,,,,,,,
8c,1,4,1,0.65,,company_name,84843,0,never_instantiated,0,,,,,0,0,,aka_name,772581,0,never_instantiated,0,,,,,0,0,,role_type,1,0,never_instantiated,0,,,,,0,0,,movie_companies,2609129,0,never_instantiated,0,,,,,0,0,,name,4061923,0,never_instantiated,0,,,,,0,0,cast_info,title,2525744,0,never_instantiated,0,,,,,0,0,,,,,,,,,,,,,,,,,,,,,,,,,,,,,,,,,,,,,,,,,,,,,,,,,,,,,,,,,,,,,,,,,,,,,,,,,,,,,,,,,,,,,,,,,,,,,,,,,,,,,,,,,,,,,,,,,,,,,,,,
8d,1,11,1,0.42,aka_name,,285538,0,never_instantiated,0,,,,,0,0,name,,285538,0,never_instantiated,0,,,,,0,0,,company_name,84843,0,never_instantiated,0,,,,,0,0,,role_type,1,0,never_instantiated,0,,,,,0,0,,title,2525744,0,never_instantiated,0,,,,,0,0,cast_info,movie_companies,2609129,0,never_instantiated,0,,,,,0,0,,,,,,,,,,,,,,,,,,,,,,,,,,,,,,,,,,,,,,,,,,,,,,,,,,,,,,,,,,,,,,,,,,,,,,,,,,,,,,,,,,,,,,,,,,,,,,,,,,,,,,,,,,,,,,,,,,,,,,,,
9a,1,12,1,0.38,,company_name,84843,0,never_instantiated,0,,,,,0,0,title,,348,0,never_instantiated,0,,,,,0,0,,role_type,1,0,never_instantiated,0,,,,,0,0,,movie_companies,590994,0,never_instantiated,0,,,,,0,0,char_name,,387,0,never_instantiated,0,,,,,0,0,,name,6768,0,never_instantiated,0,,,,,0,0,cast_info,aka_name,772581,0,never_instantiated,0,,,,,0,0,,,,,,,,,,,,,,,,,,,,,,,,,,,,,,,,,,,,,,,,,,,,,,,,,,,,,,,,,,,,,,,,,,,,,,,,,,,,,,,,,,,,,,,,,,,,,,,,,,,,,,,,,,,,
9b,1,12,1,0.40,company_name,,40,0,never_instantiated,0,,,,,0,0,title,,94,0,never_instantiated,0,,,,,0,0,,role_type,1,0,never_instantiated,0,,,,,0,0,movie_companies,,237,0,never_instantiated,0,,,,,0,0,char_name,,237,0,never_instantiated,0,,,,,0,0,name,,1504297,0,never_instantiated,0,,,,,0,0,aka_name,cast_info,713821,0,never_instantiated,0,,,,,0,0,,,,,,,,,,,,,,,,,,,,,,,,,,,,,,,,,,,,,,,,,,,,,,,,,,,,,,,,,,,,,,,,,,,,,,,,,,,,,,,,,,,,,,,,,,,,,,,,,,,,,,,,,,,,
9c,1,8,1,0.45,,role_type,1,0,never_instantiated,0,,,,,0,0,aka_name,,4503,0,never_instantiated,0,,,,,0,0,title,,4503,0,never_instantiated,0,,,,,0,0,,company_name,84843,0,never_instantiated,0,,,,,0,0,,name,50011,0,never_instantiated,0,,,,,0,0,,char_name,3140339,0,never_instantiated,0,,,,,0,0,cast_info,movie_companies,2609129,0,never_instantiated,0,,,,,0,0,,,,,,,,,,,,,,,,,,,,,,,,,,,,,,,,,,,,,,,,,,,,,,,,,,,,,,,,,,,,,,,,,,,,,,,,,,,,,,,,,,,,,,,,,,,,,,,,,,,,,,,,,,,,
9d,1,13,1,0.53,,company_name,84843,0,never_instantiated,0,,,,,0,0,movie_companies,,482841,0,never_instantiated,0,,,,,0,0,name,,483319,0,never_instantiated,0,,,,,0,0,title,,483319,0,never_instantiated,0,,,,,0,0,,role_type,1,0,never_instantiated,0,,,,,0,0,,aka_name,772581,0,never_instantiated,0,,,,,0,0,cast_info,char_name,3140339,0,never_instantiated,0,,,,,0,0,,,,,,,,,,,,,,,,,,,,,,,,,,,,,,,,,,,,,,,,,,,,,,,,,,,,,,,,,,,,,,,,,,,,,,,,,,,,,,,,,,,,,,,,,,,,,,,,,,,,,,,,,,,,
10a,1,4,1,0.39,,company_type,2,0,never_instantiated,0,,,,,0,0,,company_name,1361,0,never_instantiated,0,,,,,0,0,movie_companies,,5189,0,never_instantiated,0,,,,,0,0,,role_type,1,0,never_instantiated,0,,,,,0,0,,title,1012641,0,never_instantiated,0,,,,,0,0,cast_info,char_name,3140339,0,never_instantiated,0,,,,,0,0,,,,,,,,,,,,,,,,,,,,,,,,,,,,,,,,,,,,,,,,,,,,,,,,,,,,,,,,,,,,,,,,,,,,,,,,,,,,,,,,,,,,,,,,,,,,,,,,,,,,,,,,,,,,,,,,,,,,,,,,
10b,1,7,1,0.33,,company_name,1361,0,never_instantiated,0,,,,,0,0,,company_type,2,0,never_instantiated,0,,,,,0,0,movie_companies,,0,0,never_instantiated,0,,,,,0,0,,role_type,1,0,never_instantiated,0,,,,,0,0,char_name,,0,0,never_instantiated,0,,,,,0,0,cast_info,title,391512,0,never_instantiated,0,,,,,0,0,,,,,,,,,,,,,,,,,,,,,,,,,,,,,,,,,,,,,,,,,,,,,,,,,,,,,,,,,,,,,,,,,,,,,,,,,,,,,,,,,,,,,,,,,,,,,,,,,,,,,,,,,,,,,,,,,,,,,,,,
10c,1,18,1,0.50,,company_name,84843,0,never_instantiated,0,,,,,0,0,,company_type,2,0,never_instantiated,0,,,,,0,0,char_name,,23,0,never_instantiated,0,,,,,0,0,movie_companies,,1071290,0,never_instantiated,0,,,,,0,0,,title,1748440,0,never_instantiated,0,,,,,0,0,cast_info,role_type,11,0,never_instantiated,0,,,,,0,0,,,,,,,,,,,,,,,,,,,,,,,,,,,,,,,,,,,,,,,,,,,,,,,,,,,,,,,,,,,,,,,,,,,,,,,,,,,,,,,,,,,,,,,,,,,,,,,,,,,,,,,,,,,,,,,,,,,,,,,,
11a,1,16,1,0.09,link_type,,330,0,never_instantiated,0,,,,,0,0,title,,422,0,never_instantiated,0,,,,,0,0,company_name,,1052,0,never_instantiated,0,,,,,0,0,company_type,,1173,0,never_instantiated,0,,,,,0,0,movie_link,,123,0,never_instantiated,0,,,,,0,0,movie_companies,,46,0,never_instantiated,0,,,,,0,0,movie_keyword,keyword,1,0,never_instantiated,0,,,,,0,0,,,,,,,,,,,,,,,,,,,,,,,,,,,,,,,,,,,,,,,,,,,,,,,,,,,,,,,,,,,,,,,,,,,,,,,,,,,,,,,,,,,,,,,,,,,,,,,,,,,,,,,,,,,,
11b,1,10,1,0.09,,keyword,1,0,never_instantiated,0,,,,,0,0,,company_type,1,0,never_instantiated,0,,,,,0,0,company_name,,84,0,never_instantiated,0,,,,,0,0,title,,19945,0,never_instantiated,0,,,,,0,0,movie_companies,,7164,0,never_instantiated,0,,,,,0,0,,link_type,1,0,never_instantiated,0,,,,,0,0,movie_keyword,movie_link,29997,0,never_instantiated,0,,,,,0,0,,,,,,,,,,,,,,,,,,,,,,,,,,,,,,,,,,,,,,,,,,,,,,,,,,,,,,,,,,,,,,,,,,,,,,,,,,,,,,,,,,,,,,,,,,,,,,,,,,,,,,,,,,,,
11c,1,14,1,0.12,,company_type,1,0,never_instantiated,0,,,,,0,0,company_name,,15510,0,never_instantiated,0,,,,,0,0,movie_companies,,1460,0,never_instantiated,0,,,,,0,0,,keyword,3,0,never_instantiated,0,,,,,0,0,title,,288192,0,never_instantiated,0,,,,,0,0,,link_type,17,0,never_instantiated,0,,,,,0,0,movie_keyword,movie_link,29997,0,never_instantiated,0,,,,,0,0,,,,,,,,,,,,,,,,,,,,,,,,,,,,,,,,,,,,,,,,,,,,,,,,,,,,,,,,,,,,,,,,,,,,,,,,,,,,,,,,,,,,,,,,,,,,,,,,,,,,,,,,,,,,
11d,1,14,1,0.12,,company_type,1,0,never_instantiated,0,,,,,0,0,company_name,,15510,0,never_instantiated,0,,,,,0,0,movie_companies,,1460,0,never_instantiated,0,,,,,0,0,,keyword,3,0,never_instantiated,0,,,,,0,0,title,,288192,0,never_instantiated,0,,,,,0,0,,link_type,17,0,never_instantiated,0,,,,,0,0,movie_keyword,movie_link,29997,0,never_instantiated,0,,,,,0,0,,,,,,,,,,,,,,,,,,,,,,,,,,,,,,,,,,,,,,,,,,,,,,,,,,,,,,,,,,,,,,,,,,,,,,,,,,,,,,,,,,,,,,,,,,,,,,,,,,,,,,,,,,,,
12a,1,5,1,0.20,company_name,,708,0,never_instantiated,0,,,,,0,0,title,,2518,0,never_instantiated,0,,,,,0,0,,company_type,1,0,never_instantiated,0,,,,,0,0,,info_type,1,0,never_instantiated,0,,,,,0,0,movie_info_idx,,699862,0,never_instantiated,0,,,,,0,0,,info_type,1,0,never_instantiated,0,,,,,0,0,movie_info,movie_companies,2609129,0,never_instantiated,0,,,,,0,0,,,,,,,,,,,,,,,,,,,,,,,,,,,,,,,,,,,,,,,,,,,,,,,,,,,,,,,,,,,,,,,,,,,,,,,,,,,,,,,,,,,,,,,,,,,,,,,,,,,,,,,,,,,,
12b,1,15,1,0.16,,company_type,2,0,never_instantiated,0,,,,,0,0,,info_type,1,0,never_instantiated,0,,,,,0,0,movie_info_idx,,670,0,never_instantiated,0,,,,,0,0,,info_type,1,0,never_instantiated,0,,,,,0,0,,company_name,84843,0,never_instantiated,0,,,,,0,0,,movie_companies,2609129,0,never_instantiated,0,,,,,0,0,movie_info,title,2534,0,never_instantiated,0,,,,,0,0,,,,,,,,,,,,,,,,,,,,,,,,,,,,,,,,,,,,,,,,,,,,,,,,,,,,,,,,,,,,,,,,,,,,,,,,,,,,,,,,,,,,,,,,,,,,,,,,,,,,,,,,,,,,
12c,1,9,1,0.24,company_type,,10112,0,never_instantiated,0,,,,,0,0,,info_type,1,0,never_instantiated,0,,,,,0,0,,company_name,84843,0,never_instantiated,0,,,,,0,0,title,,218762,0,never_instantiated,0,,,,,0,0,movie_info_idx,,843518,0,never_instantiated,0,,,,,0,0,,info_type,1,0,never_instantiated,0,,,,,0,0,movie_info,movie_companies,2609129,0,never_instantiated,0,,,,,0,0,,,,,,,,,,,,,,,,,,,,,,,,,,,,,,,,,,,,,,,,,,,,,,,,,,,,,,,,,,,,,,,,,,,,,,,,,,,,,,,,,,,,,,,,,,,,,,,,,,,,,,,,,,,,
13a,1,11,1,0.91,,info_type,1,0,never_instantiated,0,,,,,0,0,,kind_type,1,0,never_instantiated,0,,,,,0,0,,company_name,9775,0,never_instantiated,0,,,,,0,0,,company_type,1,0,never_instantiated,0,,,,,0,0,,info_type,1,0,never_instantiated,0,,,,,0,0,,movie_companies,2609129,0,never_instantiated,0,,,,,0,0,,movie_info_idx,1380011,0,never_instantiated,0,,,,,0,0,movie_info,title,2525744,0,never_instantiated,0,,,,,0,0,,,,,,,,,,,,,,,,,,,,,,,,,,,,,,,,,,,,,,,,,,,,,,,,,,,,,,,,,,,,,,,,,,,,,,,,,,,,,,,,,,,,,,,,,,,,,,,,
13b,1,17,1,0.30,,kind_type,1,0,never_instantiated,0,,,,,0,0,,info_type,1,0,never_instantiated,0,,,,,0,0,movie_info_idx,,1183,0,never_instantiated,0,,,,,0,0,,company_type,1,0,never_instantiated,0,,,,,0,0,,company_name,84843,0,never_instantiated,0,,,,,0,0,,info_type,1,0,never_instantiated,0,,,,,0,0,,title,2214,0,never_instantiated,0,,,,,0,0,movie_info,movie_companies,2609129,0,never_instantiated,0,,,,,0,0,,,,,,,,,,,,,,,,,,,,,,,,,,,,,,,,,,,,,,,,,,,,,,,,,,,,,,,,,,,,,,,,,,,,,,,,,,,,,,,,,,,,,,,,,,,,,,,,
13c,1,14,1,0.28,company_type,,213,0,never_instantiated,0,,,,,0,0,,info_type,1,0,never_instantiated,0,,,,,0,0,,company_name,84843,0,never_instantiated,0,,,,,0,0,,kind_type,1,0,never_instantiated,0,,,,,0,0,movie_companies,,387,0,never_instantiated,0,,,,,0,0,title,,3367444,0,never_instantiated,0,,,,,0,0,,info_type,1,0,never_instantiated,0,,,,,0,0,movie_info,movie_info_idx,1380011,0,never_instantiated,0,,,,,0,0,,,,,,,,,,,,,,,,,,,,,,,,,,,,,,,,,,,,,,,,,,,,,,,,,,,,,,,,,,,,,,,,,,,,,,,,,,,,,,,,,,,,,,,,,,,,,,,,
13d,1,5,1,0.77,company_name,,1919495,0,never_instantiated,0,,,,,0,0,,kind_type,1,0,never_instantiated,0,,,,,0,0,title,,2504990,0,never_instantiated,0,,,,,0,0,,company_type,1,0,never_instantiated,0,,,,,0,0,,info_type,1,0,never_instantiated,0,,,,,0,0,movie_info_idx,,10905021,0,never_instantiated,0,,,,,0,0,,info_type,1,0,never_instantiated,0,,,,,0,0,movie_info,movie_companies,2609129,0,never_instantiated,0,,,,,0,0,,,,,,,,,,,,,,,,,,,,,,,,,,,,,,,,,,,,,,,,,,,,,,,,,,,,,,,,,,,,,,,,,,,,,,,,,,,,,,,,,,,,,,,,,,,,,,,,
14a,1,18,1,0.43,,kind_type,1,0,never_instantiated,0,,,,,0,0,,info_type,1,0,never_instantiated,0,,,,,0,0,movie_info_idx,,1614,0,never_instantiated,0,,,,,0,0,,keyword,3,0,never_instantiated,0,,,,,0,0,,info_type,1,0,never_instantiated,0,,,,,0,0,,title,391525,0,never_instantiated,0,,,,,0,0,movie_keyword,,706660,0,never_instantiated,0,,,,,0,0,movie_info,,10,0,never_instantiated,0,,,,,0,0,,,,,,,,,,,,,,,,,,,,,,,,,,,,,,,,,,,,,,,,,,,,,,,,,,,,,,,,,,,,,,,,,,,,,,,,,,,,,,,,,,,,,,,,,,,,,,,,
14b,1,13,1,0.38,,info_type,1,0,never_instantiated,0,,,,,0,0,,info_type,1,0,never_instantiated,0,,,,,0,0,,keyword,1,0,never_instantiated,0,,,,,0,0,movie_keyword,,5,0,never_instantiated,0,,,,,0,0,,kind_type,1,0,never_instantiated,0,,,,,0,0,title,,199959,0,never_instantiated,0,,,,,0,0,,movie_info_idx,373409,0,never_instantiated,0,,,,,0,0,movie_info,,10,0,never_instantiated,0,,,,,0,0,,,,,,,,,,,,,,,,,,,,,,,,,,,,,,,,,,,,,,,,,,,,,,,,,,,,,,,,,,,,,,,,,,,,,,,,,,,,,,,,,,,,,,,,,,,,,,,,
14c,1,5,1,0.49,keyword,,460150,0,never_instantiated,0,,,,,0,0,,kind_type,2,0,never_instantiated,0,,,,,0,0,movie_keyword,,64250,0,never_instantiated,0,,,,,0,0,,info_type,1,0,never_instantiated,0,,,,,0,0,title,,256352,0,never_instantiated,0,,,,,0,0,,info_type,1,0,never_instantiated,0,,,,,0,0,,movie_info_idx,1337634,0,never_instantiated,0,,,,,0,0,movie_info,,10,0,never_instantiated,0,,,,,0,0,,,,,,,,,,,,,,,,,,,,,,,,,,,,,,,,,,,,,,,,,,,,,,,,,,,,,,,,,,,,,,,,,,,,,,,,,,,,,,,,,,,,,,,,,,,,,,,,
15a,1,12,1,0.35,,info_type,1,0,never_instantiated,0,,,,,0,0,title,,482,0,never_instantiated,0,,,,,0,0,keyword,,482,0,never_instantiated,0,,,,,0,0,aka_title,,1473,0,never_instantiated,0,,,,,0,0,movie_keyword,,668,0,never_instantiated,0,,,,,0,0,,company_name,84843,0,never_instantiated,0,,,,,0,0,,company_type,2,0,never_instantiated,0,,,,,0,0,movie_info,movie_companies,61664,0,never_instantiated,0,,,,,0,0,,,,,,,,,,,,,,,,,,,,,,,,,,,,,,,,,,,,,,,,,,,,,,,,,,,,,,,,,,,,,,,,,,,,,,,,,,,,,,,,,,,,,,,,,,,,,,,,
15b,1,12,1,0.33,info_type,,37,0,never_instantiated,0,,,,,0,0,title,,37,0,never_instantiated,0,,,,,0,0,keyword,,37,0,never_instantiated,0,,,,,0,0,aka_title,,151,0,never_instantiated,0,,,,,0,0,movie_keyword,,75,0,never_instantiated,0,,,,,0,0,,company_name,1,0,never_instantiated,0,,,,,0,0,,company_type,2,0,never_instantiated,0,,,,,0,0,movie_info,movie_companies,61664,0,never_instantiated,0,,,,,0,0,,,,,,,,,,,,,,,,,,,,,,,,,,,,,,,,,,,,,,,,,,,,,,,,,,,,,,,,,,,,,,,,,,,,,,,,,,,,,,,,,,,,,,,,,,,,,,,,
15c,1,10,1,0.36,keyword,,2271,0,never_instantiated,0,,,,,0,0,movie_keyword,,284,0,never_instantiated,0,,,,,0,0,,info_type,1,0,never_instantiated,0,,,,,0,0,,company_type,2,0,never_instantiated,0,,,,,0,0,title,,284,0,never_instantiated,0,,,,,0,0,,company_name,84843,0,never_instantiated,0,,,,,0,0,movie_companies,,120,0,never_instantiated,0,,,,,0,0,movie_info,aka_title,361379,0,never_instantiated,0,,,,,0,0,,,,,,,,,,,,,,,,,,,,,,,,,,,,,,,,,,,,,,,,,,,,,,,,,,,,,,,,,,,,,,,,,,,,,,,,,,,,,,,,,,,,,,,,,,,,,,,,
15d,1,18,1,0.21,,company_type,2,0,never_instantiated,0,,,,,0,0,,company_name,84843,0,never_instantiated,0,,,,,0,0,movie_companies,,6320,0,never_instantiated,0,,,,,0,0,title,,6384,0,never_instantiated,0,,,,,0,0,,info_type,1,0,never_instantiated,0,,,,,0,0,,keyword,134170,0,never_instantiated,0,,,,,0,0,,aka_title,361379,0,never_instantiated,0,,,,,0,0,movie_keyword,movie_info,10810,0,never_instantiated,0,,,,,0,0,,,,,,,,,,,,,,,,,,,,,,,,,,,,,,,,,,,,,,,,,,,,,,,,,,,,,,,,,,,,,,,,,,,,,,,,,,,,,,,,,,,,,,,,,,,,,,,,
16a,1,8,1,1.23,,keyword,1,0,never_instantiated,0,,,,,0,0,movie_keyword,,130933,0,never_instantiated,0,,,,,0,0,,company_name,84843,0,never_instantiated,0,,,,,0,0,,title,68185,0,never_instantiated,0,,,,,0,0,,aka_name,772581,0,never_instantiated,0,,,,,0,0,,movie_companies,2609129,0,never_instantiated,0,,,,,0,0,cast_info,name,4061923,0,never_instantiated,0,,,,,0,0,,,,,,,,,,,,,,,,,,,,,,,,,,,,,,,,,,,,,,,,,,,,,,,,,,,,,,,,,,,,,,,,,,,,,,,,,,,,,,,,,,,,,,,,,,,,,,,,,,,,,,,,,,,,
16b,1,18,1,24.53,,keyword,1,0,never_instantiated,0,,,,,0,0,,company_name,84843,0,never_instantiated,0,,,,,0,0,,movie_keyword,4523913,0,never_instantiated,0,,,,,0,0,,movie_companies,2609129,0,never_instantiated,0,,,,,0,0,,aka_name,772581,0,never_instantiated,0,,,,,0,0,,title,2525744,0,never_instantiated,0,,,,,0,0,cast_info,name,4061923,0,never_instantiated,0,,,,,0,0,,,,,,,,,,,,,,,,,,,,,,,,,,,,,,,,,,,,,,,,,,,,,,,,,,,,,,,,,,,,,,,,,,,,,,,,,,,,,,,,,,,,,,,,,,,,,,,,,,,,,,,,,,,,
16c,1,4,1,3.39,,keyword,1,0,never_instantiated,0,,,,,0,0,aka_name,,41086308,0,never_instantiated,0,,,,,0,0,,company_name,84843,0,never_instantiated,0,,,,,0,0,,movie_companies,2609129,0,never_instantiated,0,,,,,0,0,,name,4061923,0,never_instantiated,0,,,,,0,0,,movie_keyword,4523913,0,never_instantiated,0,,,,,0,0,cast_info,title,946011,0,never_instantiated,0,,,,,0,0,,,,,,,,,,,,,,,,,,,,,,,,,,,,,,,,,,,,,,,,,,,,,,,,,,,,,,,,,,,,,,,,,,,,,,,,,,,,,,,,,,,,,,,,,,,,,,,,,,,,,,,,,,,,
16d,1,0,1,2.85,title,,3710592,0,never_instantiated,0,,,,,0,0,name,,3710592,0,never_instantiated,0,,,,,0,0,,keyword,1,0,never_instantiated,0,,,,,0,0,movie_keyword,,41307596,0,never_instantiated,0,,,,,0,0,,company_name,84843,0,never_instantiated,0,,,,,0,0,,movie_companies,2609129,0,never_instantiated,0,,,,,0,0,cast_info,aka_name,772581,0,never_instantiated,0,,,,,0,0,,,,,,,,,,,,,,,,,,,,,,,,,,,,,,,,,,,,,,,,,,,,,,,,,,,,,,,,,,,,,,,,,,,,,,,,,,,,,,,,,,,,,,,,,,,,,,,,,,,,,,,,,,,,
17a,1,17,1,3.70,name,,2832555,0,never_instantiated,0,,,,,0,0,,company_name,84843,0,never_instantiated,0,,,,,0,0,movie_companies,,1038380,0,never_instantiated,0,,,,,0,0,,keyword,1,0,never_instantiated,0,,,,,0,0,,title,2525744,0,never_instantiated,0,,,,,0,0,cast_info,movie_keyword,4523913,0,never_instantiated,0,,,,,0,0,,,,,,,,,,,,,,,,,,,,,,,,,,,,,,,,,,,,,,,,,,,,,,,,,,,,,,,,,,,,,,,,,,,,,,,,,,,,,,,,,,,,,,,,,,,,,,,,,,,,,,,,,,,,,,,,,,,,,,,,
17b,1,1,1,2.37,company_name,,52306,0,never_instantiated,0,,,,,0,0,title,,52306,0,never_instantiated,0,,,,,0,0,name,,7796926,0,never_instantiated,0,,,,,0,0,movie_companies,,1038380,0,never_instantiated,0,,,,,0,0,,keyword,1,0,never_instantiated,0,,,,,0,0,cast_info,movie_keyword,4523913,0,never_instantiated,0,,,,,0,0,,,,,,,,,,,,,,,,,,,,,,,,,,,,,,,,,,,,,,,,,,,,,,,,,,,,,,,,,,,,,,,,,,,,,,,,,,,,,,,,,,,,,,,,,,,,,,,,,,,,,,,,,,,,,,,,,,,,,,,,
17c,1,1,1,2.32,company_name,,1918,0,never_instantiated,0,,,,,0,0,title,,1918,0,never_instantiated,0,,,,,0,0,name,,7796926,0,never_instantiated,0,,,,,0,0,movie_companies,,1038380,0,never_instantiated,0,,,,,0,0,,keyword,1,0,never_instantiated,0,,,,,0,0,cast_info,movie_keyword,4523913,0,never_instantiated,0,,,,,0,0,,,,,,,,,,,,,,,,,,,,,,,,,,,,,,,,,,,,,,,,,,,,,,,,,,,,,,,,,,,,,,,,,,,,,,,,,,,,,,,,,,,,,,,,,,,,,,,,,,,,,,,,,,,,,,,,,,,,,,,,
17d,1,1,1,2.34,company_name,,11538,0,never_instantiated,0,,,,,0,0,title,,11538,0,never_instantiated,0,,,,,0,0,name,,7796926,0,never_instantiated,0,,,,,0,0,movie_companies,,1038380,0,never_instantiated,0,,,,,0,0,,keyword,1,0,never_instantiated,0,,,,,0,0,cast_info,movie_keyword,4523913,0,never_instantiated,0,,,,,0,0,,,,,,,,,,,,,,,,,,,,,,,,,,,,,,,,,,,,,,,,,,,,,,,,,,,,,,,,,,,,,,,,,,,,,,,,,,,,,,,,,,,,,,,,,,,,,,,,,,,,,,,,,,,,,,,,,,,,,,,,
17e,1,11,1,17.16,,company_name,84843,0,never_instantiated,0,,,,,0,0,,keyword,1,0,never_instantiated,0,,,,,0,0,,movie_companies,2609129,0,never_instantiated,0,,,,,0,0,,movie_keyword,4523913,0,never_instantiated,0,,,,,0,0,,name,4061926,0,never_instantiated,0,,,,,0,0,cast_info,title,2525744,0,never_instantiated,0,,,,,0,0,,,,,,,,,,,,,,,,,,,,,,,,,,,,,,,,,,,,,,,,,,,,,,,,,,,,,,,,,,,,,,,,,,,,,,,,,,,,,,,,,,,,,,,,,,,,,,,,,,,,,,,,,,,,,,,,,,,,,,,,
17f,1,12,1,4.92,title,,1113120,0,never_instantiated,0,,,,,0,0,,keyword,1,0,never_instantiated,0,,,,,0,0,,company_name,234997,0,never_instantiated,0,,,,,0,0,,movie_keyword,4523913,0,never_instantiated,0,,,,,0,0,,name,522511,0,never_instantiated,0,,,,,0,0,cast_info,movie_companies,2609129,0,never_instantiated,0,,,,,0,0,,,,,,,,,,,,,,,,,,,,,,,,,,,,,,,,,,,,,,,,,,,,,,,,,,,,,,,,,,,,,,,,,,,,,,,,,,,,,,,,,,,,,,,,,,,,,,,,,,,,,,,,,,,,,,,,,,,,,,,,
18a,1,11,1,0.44,,info_type,1,0,never_instantiated,0,,,,,0,0,,info_type,1,0,never_instantiated,0,,,,,0,0,movie_info,,10310,0,never_instantiated,0,,,,,0,0,,movie_info_idx,1380035,0,never_instantiated,0,,,,,0,0,,name,9062,0,never_instantiated,0,,,,,0,0,cast_info,title,2525792,0,never_instantiated,0,,,,,0,0,,,,,,,,,,,,,,,,,,,,,,,,,,,,,,,,,,,,,,,,,,,,,,,,,,,,,,,,,,,,,,,,,,,,,,,,,,,,,,,,,,,,,,,,,,,,,,,,,,,,,,,,,,,,,,,,,,,,,,,,
18b,1,15,1,0.50,,info_type,1,0,never_instantiated,0,,,,,0,0,movie_info,,798,0,never_instantiated,0,,,,,0,0,name,,8658,0,never_instantiated,0,,,,,0,0,,info_type,1,0,never_instantiated,0,,,,,0,0,,movie_info_idx,52629,0,never_instantiated,0,,,,,0,0,,title,784266,0,never_instantiated,0,,,,,0,0,cast_info,,5,0,never_instantiated,0,,,,,0,0,,,,,,,,,,,,,,,,,,,,,,,,,,,,,,,,,,,,,,,,,,,,,,,,,,,,,,,,,,,,,,,,,,,,,,,,,,,,,,,,,,,,,,,,,,,,,,,,,,,,,,,,,,,,
18c,1,16,1,0.73,title,,28073,0,never_instantiated,0,,,,,0,0,,info_type,1,0,never_instantiated,0,,,,,0,0,,info_type,1,0,never_instantiated,0,,,,,0,0,,name,1739579,0,never_instantiated,0,,,,,0,0,,movie_info_idx,1380035,0,never_instantiated,0,,,,,0,0,,,188967,0,never_instantiated,0,,,,,0,0,cast_info,,5,0,never_instantiated,0,,,,,0,0,movie_info,,6,0,never_instantiated,0,,,,,0,0,,,,,,,,,,,,,,,,,,,,,,,,,,,,,,,,,,,,,,,,,,,,,,,,,,,,,,,,,,,,,,,,,,,,,,,,,,,,,,,,,,,,,,,,,,,,,,,,
19a,1,7,1,0.58,company_name,,194,0,never_instantiated,0,,,,,0,0,,role_type,1,0,never_instantiated,0,,,,,0,0,char_name,,194,0,never_instantiated,0,,,,,0,0,movie_companies,,99,0,never_instantiated,0,,,,,0,0,,info_type,1,0,never_instantiated,0,,,,,0,0,,title,574450,0,never_instantiated,0,,,,,0,0,movie_info,,425,0,never_instantiated,0,,,,,0,0,name,,1806603,0,never_instantiated,0,,,,,0,0,cast_info,aka_name,772581,0,never_instantiated,0,,,,,0,0,,,,,,,,,,,,,,,,,,,,,,,,,,,,,,,,,,,,,,,,,,,,,,,,,,,,,,,,,,,,,,,,,,,,,,,,,,,,,,,,,,,,
19b,1,14,1,0.52,company_name,,15,0,never_instantiated,0,,,,,0,0,info_type,,15,0,never_instantiated,0,,,,,0,0,movie_info,,15,0,never_instantiated,0,,,,,0,0,char_name,,15,0,never_instantiated,0,,,,,0,0,,role_type,1,0,never_instantiated,0,,,,,0,0,title,,103,0,never_instantiated,0,,,,,0,0,movie_companies,,265,0,never_instantiated,0,,,,,0,0,name,,1504297,0,never_instantiated,0,,,,,0,0,aka_name,cast_info,713821,0,never_instantiated,0,,,,,0,0,,,,,,,,,,,,,,,,,,,,,,,,,,,,,,,,,,,,,,,,,,,,,,,,,,,,,,,,,,,,,,,,,,,,,,,,,,,,,,,,,,,,
19c,1,1,1,0.61,company_name,,11692,0,never_instantiated,0,,,,,0,0,,info_type,1,0,never_instantiated,0,,,,,0,0,aka_name,,8585,0,never_instantiated,0,,,,,0,0,movie_info,,7611,0,never_instantiated,0,,,,,0,0,name,,265890,0,never_instantiated,0,,,,,0,0,movie_companies,,159448,0,never_instantiated,0,,,,,0,0,title,,255650,0,never_instantiated,0,,,,,0,0,,role_type,1,0,never_instantiated,0,,,,,0,0,cast_info,char_name,3140339,0,never_instantiated,0,,,,,0,0,,,,,,,,,,,,,,,,,,,,,,,,,,,,,,,,,,,,,,,,,,,,,,,,,,,,,,,,,,,,,,,,,,,,,,,,,,,,,,,,,,,,
19d,1,15,1,0.79,title,,2711062,0,never_instantiated,0,,,,,0,0,aka_name,,1180843,0,never_instantiated,0,,,,,0,0,,role_type,1,0,never_instantiated,0,,,,,0,0,name,,4174309,0,never_instantiated,0,,,,,0,0,,info_type,1,0,never_instantiated,0,,,,,0,0,movie_info,,620402,0,never_instantiated,0,,,,,0,0,,company_name,84843,0,never_instantiated,0,,,,,0,0,,movie_companies,2609129,0,never_instantiated,0,,,,,0,0,cast_info,char_name,3140339,0,never_instantiated,0,,,,,0,0,,,,,,,,,,,,,,,,,,,,,,,,,,,,,,,,,,,,,,,,,,,,,,,,,,,,,,,,,,,,,,,,,,,,,,,,,,,,,,,,,,,,
20a,1,17,1,1.55,,kind_type,1,0,never_instantiated,0,,,,,0,0,,comp_cast_type,2,0,never_instantiated,0,,,,,0,0,,comp_cast_type,1,0,never_instantiated,0,,,,,0,0,name,,33,0,never_instantiated,0,,,,,0,0,,complete_cast,132439,0,never_instantiated,0,,,,,0,0,,char_name,30,0,never_instantiated,0,,,,,0,0,,,8,0,never_instantiated,0,,,,,0,0,,title,2285969,0,never_instantiated,0,,,,,0,0,cast_info,movie_keyword,4523792,0,never_instantiated,0,,,,,0,0,keyword,,8,0,never_instantiated,0,,,,,0,0,,,,,,,,,,,,,,,,,,,,,,,,,,,,,,,,,,,,,,,,,,,,,,,,,,,,,,,,,,,,,,,,,,,,,,,,
20b,1,10,1,0.34,name,,33,0,never_instantiated,0,,,,,0,0,,,1280,0,never_instantiated,0,,,,,0,0,keyword,,8,0,never_instantiated,0,,,,,0,0,,kind_type,1,0,never_instantiated,0,,,,,0,0,,comp_cast_type,2,0,never_instantiated,0,,,,,0,0,,comp_cast_type,1,0,never_instantiated,0,,,,,0,0,title,,1366,0,never_instantiated,0,,,,,0,0,,complete_cast,132439,0,never_instantiated,0,,,,,0,0,,movie_keyword,4523792,0,never_instantiated,0,,,,,0,0,cast_info,char_name,30,0,never_instantiated,0,,,,,0,0,,,,,,,,,,,,,,,,,,,,,,,,,,,,,,,,,,,,,,,,,,,,,,,,,,,,,,,,,,,,,,,,,,,,,,,,
20c,1,8,1,1.64,char_name,,74157,0,never_instantiated,0,,,,,0,0,,,10,0,never_instantiated,0,,,,,0,0,,kind_type,1,0,never_instantiated,0,,,,,0,0,movie_keyword,,1113925,0,never_instantiated,0,,,,,0,0,title,,3409569,0,never_instantiated,0,,,,,0,0,,comp_cast_type,1,0,never_instantiated,0,,,,,0,0,,comp_cast_type,2,0,never_instantiated,0,,,,,0,0,,complete_cast,132439,0,never_instantiated,0,,,,,0,0,cast_info,name,4061926,0,never_instantiated,0,,,,,0,0,keyword,,10,0,never_instantiated,0,,,,,0,0,,,,,,,,,,,,,,,,,,,,,,,,,,,,,,,,,,,,,,,,,,,,,,,,,,,,,,,,,,,,,,,,,,,,,,,,
21a,1,7,1,0.14,company_name,,3029,0,never_instantiated,0,,,,,0,0,link_type,,3029,0,never_instantiated,0,,,,,0,0,,keyword,1,0,never_instantiated,0,,,,,0,0,,movie_link,29997,0,never_instantiated,0,,,,,0,0,movie_keyword,,1531,0,never_instantiated,0,,,,,0,0,,company_type,1,0,never_instantiated,0,,,,,0,0,,movie_companies,49141,0,never_instantiated,0,,,,,0,0,,title,59831,0,never_instantiated,0,,,,,0,0,movie_info,,8,0,never_instantiated,0,,,,,0,0,,,,,,,,,,,,,,,,,,,,,,,,,,,,,,,,,,,,,,,,,,,,,,,,,,,,,,,,,,,,,,,,,,,,,,,,,,,,,,,,,,,,
21b,1,11,1,0.13,company_type,,38,0,never_instantiated,0,,,,,0,0,,keyword,1,0,never_instantiated,0,,,,,0,0,company_name,,5568,0,never_instantiated,0,,,,,0,0,movie_companies,,2269,0,never_instantiated,0,,,,,0,0,movie_keyword,,675,0,never_instantiated,0,,,,,0,0,,link_type,2,0,never_instantiated,0,,,,,0,0,,movie_link,29997,0,never_instantiated,0,,,,,0,0,movie_info,title,90436,0,never_instantiated,0,,,,,0,0,,,,,,,,,,,,,,,,,,,,,,,,,,,,,,,,,,,,,,,,,,,,,,,,,,,,,,,,,,,,,,,,,,,,,,,,,,,,,,,,,,,,,,,,,,,,,,,,
21c,1,19,1,0.15,link_type,,1894,0,never_instantiated,0,,,,,0,0,company_name,,4501,0,never_instantiated,0,,,,,0,0,,keyword,1,0,never_instantiated,0,,,,,0,0,,company_type,1,0,never_instantiated,0,,,,,0,0,,movie_link,29997,0,never_instantiated,0,,,,,0,0,movie_keyword,,26679,0,never_instantiated,0,,,,,0,0,,movie_companies,49141,0,never_instantiated,0,,,,,0,0,,title,145330,0,never_instantiated,0,,,,,0,0,movie_info,,9,0,never_instantiated,0,,,,,0,0,,,,,,,,,,,,,,,,,,,,,,,,,,,,,,,,,,,,,,,,,,,,,,,,,,,,,,,,,,,,,,,,,,,,,,,,,,,,,,,,,,,,
22a,1,13,1,0.44,,info_type,1,0,never_instantiated,0,,,,,0,0,,company_type,2,0,never_instantiated,0,,,,,0,0,,kind_type,2,0,never_instantiated,0,,,,,0,0,company_name,,3655,0,never_instantiated,0,,,,,0,0,,info_type,1,0,never_instantiated,0,,,,,0,0,movie_companies,,7355,0,never_instantiated,0,,,,,0,0,title,,78867,0,never_instantiated,0,,,,,0,0,,movie_info_idx,1172941,0,never_instantiated,0,,,,,0,0,,keyword,3,0,never_instantiated,0,,,,,0,0,movie_keyword,movie_info,669309,0,never_instantiated,0,,,,,0,0,,,,,,,,,,,,,,,,,,,,,,,,,,,,,,,,,,,,,,,,,,,,,,,,,,,,,,,,,,,,,,,,,,,,,,,,
22b,1,1,1,0.41,,info_type,1,0,never_instantiated,0,,,,,0,0,company_name,,42,0,never_instantiated,0,,,,,0,0,,kind_type,2,0,never_instantiated,0,,,,,0,0,,info_type,1,0,never_instantiated,0,,,,,0,0,,company_type,2,0,never_instantiated,0,,,,,0,0,title,,294591,0,never_instantiated,0,,,,,0,0,movie_info_idx,,119379,0,never_instantiated,0,,,,,0,0,,keyword,3,0,never_instantiated,0,,,,,0,0,movie_keyword,,220217,0,never_instantiated,0,,,,,0,0,movie_info,movie_companies,303271,0,never_instantiated,0,,,,,0,0,,,,,,,,,,,,,,,,,,,,,,,,,,,,,,,,,,,,,,,,,,,,,,,,,,,,,,,,,,,,,,,,,,,,,,,,
22c,1,17,1,0.58,company_name,,23216,0,never_instantiated,0,,,,,0,0,company_type,,23216,0,never_instantiated,0,,,,,0,0,movie_companies,,4115,0,never_instantiated,0,,,,,0,0,keyword,,460150,0,never_instantiated,0,,,,,0,0,movie_keyword,,44414,0,never_instantiated,0,,,,,0,0,,info_type,1,0,never_instantiated,0,,,,,0,0,,kind_type,2,0,never_instantiated,0,,,,,0,0,,info_type,1,0,never_instantiated,0,,,,,0,0,title,,757240,0,never_instantiated,0,,,,,0,0,,movie_info_idx,1337610,0,never_instantiated,0,,,,,0,0,movie_info,,10,0,never_instantiated,0,,,,,0,0,,,,,,,,,,,,,,,,,,,,,,,,,,,,,,,,,,,,,,,,,,,,,,,,,,,,,,,,,,,,
22d,1,12,1,0.82,,kind_type,2,0,never_instantiated,0,,,,,0,0,,info_type,1,0,never_instantiated,0,,,,,0,0,title,,277425,0,never_instantiated,0,,,,,0,0,company_name,,451059,0,never_instantiated,0,,,,,0,0,,company_type,2,0,never_instantiated,0,,,,,0,0,,info_type,1,0,never_instantiated,0,,,,,0,0,,keyword,3,0,never_instantiated,0,,,,,0,0,movie_keyword,,3288902,0,never_instantiated,0,,,,,0,0,movie_companies,,757240,0,never_instantiated,0,,,,,0,0,,movie_info_idx,1337610,0,never_instantiated,0,,,,,0,0,movie_info,,10,0,never_instantiated,0,,,,,0,0,,,,,,,,,,,,,,,,,,,,,,,,,,,,,,,,,,,,,,,,,,,,,,,,,,,,,,,,,,,,
23a,1,18,1,0.32,,kind_type,1,0,never_instantiated,0,,,,,0,0,company_name,,618,0,never_instantiated,0,,,,,0,0,,company_type,2,0,never_instantiated,0,,,,,0,0,title,,628,0,never_instantiated,0,,,,,0,0,movie_companies,,625,0,never_instantiated,0,,,,,0,0,keyword,,625,0,never_instantiated,0,,,,,0,0,,comp_cast_type,1,0,never_instantiated,0,,,,,0,0,,info_type,1,0,never_instantiated,0,,,,,0,0,,complete_cast,132439,0,never_instantiated,0,,,,,0,0,movie_keyword,movie_info,1783,0,never_instantiated,0,,,,,0,0,,,,,,,,,,,,,,,,,,,,,,,,,,,,,,,,,,,,,,,,,,,,,,,,,,,,,,,,,,,,,,,,,,,,,,,,
23b,1,12,1,0.30,company_type,,16,0,never_instantiated,0,,,,,0,0,kind_type,,16,0,never_instantiated,0,,,,,0,0,title,,16,0,never_instantiated,0,,,,,0,0,,comp_cast_type,1,0,never_instantiated,0,,,,,0,0,company_name,,16,0,never_instantiated,0,,,,,0,0,,info_type,1,0,never_instantiated,0,,,,,0,0,,keyword,4,0,never_instantiated,0,,,,,0,0,movie_keyword,,56,0,never_instantiated,0,,,,,0,0,,complete_cast,132439,0,never_instantiated,0,,,,,0,0,movie_companies,movie_info,1771,0,never_instantiated,0,,,,,0,0,,,,,,,,,,,,,,,,,,,,,,,,,,,,,,,,,,,,,,,,,,,,,,,,,,,,,,,,,,,,,,,,,,,,,,,,
23c,1,15,1,0.32,keyword,,628,0,never_instantiated,0,,,,,0,0,movie_keyword,,7,0,never_instantiated,0,,,,,0,0,,kind_type,4,0,never_instantiated,0,,,,,0,0,,info_type,1,0,never_instantiated,0,,,,,0,0,,company_name,84843,0,never_instantiated,0,,,,,0,0,title,,7,0,never_instantiated,0,,,,,0,0,,company_type,2,0,never_instantiated,0,,,,,0,0,movie_companies,,6,0,never_instantiated,0,,,,,0,0,,comp_cast_type,1,0,never_instantiated,0,,,,,0,0,movie_info,complete_cast,132439,0,never_instantiated,0,,,,,0,0,,,,,,,,,,,,,,,,,,,,,,,,,,,,,,,,,,,,,,,,,,,,,,,,,,,,,,,,,,,,,,,,,,,,,,,,
24a,1,5,1,0.60,keyword,,27602,0,never_instantiated,0,,,,,0,0,movie_keyword,,1634,0,never_instantiated,0,,,,,0,0,company_name,,4227,0,never_instantiated,0,,,,,0,0,aka_name,,2800,0,never_instantiated,0,,,,,0,0,movie_companies,,598,0,never_instantiated,0,,,,,0,0,title,,966,0,never_instantiated,0,,,,,0,0,,info_type,1,0,never_instantiated,0,,,,,0,0,,role_type,1,0,never_instantiated,0,,,,,0,0,,movie_info,301183,0,never_instantiated,0,,,,,0,0,,char_name,3140339,0,never_instantiated,0,,,,,0,0,cast_info,name,50011,0,never_instantiated,0,,,,,0,0,,,,,,,,,,,,,,,,,,,,,,,,,,,,,,,,,,,,,,,,,,,,,,,,,,,,,,,,,,,,
24b,1,5,1,0.58,keyword,,810,0,never_instantiated,0,,,,,0,0,movie_keyword,,25,0,never_instantiated,0,,,,,0,0,,company_name,1,0,never_instantiated,0,,,,,0,0,aka_name,,79,0,never_instantiated,0,,,,,0,0,movie_companies,,5,0,never_instantiated,0,,,,,0,0,title,,966,0,never_instantiated,0,,,,,0,0,,info_type,1,0,never_instantiated,0,,,,,0,0,,role_type,1,0,never_instantiated,0,,,,,0,0,,movie_info,301183,0,never_instantiated,0,,,,,0,0,,char_name,3140339,0,never_instantiated,0,,,,,0,0,cast_info,name,50011,0,never_instantiated,0,,,,,0,0,,,,,,,,,,,,,,,,,,,,,,,,,,,,,,,,,,,,,,,,,,,,,,,,,,,,,,,,,,,,
25a,1,5,1,0.79,info_type,,13233,0,never_instantiated,0,,,,,0,0,,,386255,0,never_instantiated,0,,,,,0,0,keyword,,5,0,never_instantiated,0,,,,,0,0,,info_type,1,0,never_instantiated,0,,,,,0,0,name,,705503,0,never_instantiated,0,,,,,0,0,movie_info_idx,,243528,0,never_instantiated,0,,,,,0,0,title,,243528,0,never_instantiated,0,,,,,0,0,movie_keyword,,16172,0,never_instantiated,0,,,,,0,0,,movie_info,30801,0,never_instantiated,0,,,,,0,0,cast_info,,5,0,never_instantiated,0,,,,,0,0,,,,,,,,,,,,,,,,,,,,,,,,,,,,,,,,,,,,,,,,,,,,,,,,,,,,,,,,,,,,,,,,,,,,,,,,
25b,1,8,1,0.65,,,35,0,never_instantiated,0,,,,,0,0,keyword,,5,0,never_instantiated,0,,,,,0,0,movie_keyword,,4,0,never_instantiated,0,,,,,0,0,info_type,,4,0,never_instantiated,0,,,,,0,0,,movie_info,30801,0,never_instantiated,0,,,,,0,0,title,,166987,0,never_instantiated,0,,,,,0,0,,info_type,1,0,never_instantiated,0,,,,,0,0,,movie_info_idx,1380035,0,never_instantiated,0,,,,,0,0,,name,1739579,0,never_instantiated,0,,,,,0,0,cast_info,,5,0,never_instantiated,0,,,,,0,0,,,,,,,,,,,,,,,,,,,,,,,,,,,,,,,,,,,,,,,,,,,,,,,,,,,,,,,,,,,,,,,,,,,,,,,,
25c,1,18,1,0.89,,info_type,1,0,never_instantiated,0,,,,,0,0,movie_info_idx,,27255,0,never_instantiated,0,,,,,0,0,,,7,0,never_instantiated,0,,,,,0,0,movie_keyword,,45262,0,never_instantiated,0,,,,,0,0,,info_type,1,0,never_instantiated,0,,,,,0,0,,,188967,0,never_instantiated,0,,,,,0,0,,title,2525792,0,never_instantiated,0,,,,,0,0,,name,1739579,0,never_instantiated,0,,,,,0,0,cast_info,,5,0,never_instantiated,0,,,,,0,0,movie_info,,6,0,never_instantiated,0,,,,,0,0,keyword,,7,0,never_instantiated,0,,,,,0,0,,,,,,,,,,,,,,,,,,,,,,,,,,,,,,,,,,,,,,,,,,,,,,,,,,,,,,,,,,,,
26a,1,9,1,1.16,,comp_cast_type,1,0,never_instantiated,0,,,,,0,0,,comp_cast_type,2,0,never_instantiated,0,,,,,0,0,name,,2199,0,never_instantiated,0,,,,,0,0,,kind_type,1,0,never_instantiated,0,,,,,0,0,,info_type,1,0,never_instantiated,0,,,,,0,0,movie_info_idx,,6839,0,never_instantiated,0,,,,,0,0,,complete_cast,132439,0,never_instantiated,0,,,,,0,0,,title,1380854,0,never_instantiated,0,,,,,0,0,,char_name,180152,0,never_instantiated,0,,,,,0,0,,,10,0,never_instantiated,0,,,,,0,0,cast_info,movie_keyword,4523786,0,never_instantiated,0,,,,,0,0,keyword,,10,0,never_instantiated,0,,,,,0,0,,,,,,,,,,,,,,,,,,,,,,,,,,,,,,,,,,,,,,,,,,,,,,,,
26b,1,4,1,1.06,keyword,,32038,0,never_instantiated,0,,,,,0,0,,info_type,1,0,never_instantiated,0,,,,,0,0,movie_keyword,,525,0,never_instantiated,0,,,,,0,0,movie_info_idx,,5037,0,never_instantiated,0,,,,,0,0,,kind_type,1,0,never_instantiated,0,,,,,0,0,title,,118833,0,never_instantiated,0,,,,,0,0,,comp_cast_type,2,0,never_instantiated,0,,,,,0,0,char_name,,1781724,0,never_instantiated,0,,,,,0,0,,comp_cast_type,1,0,never_instantiated,0,,,,,0,0,,complete_cast,132439,0,never_instantiated,0,,,,,0,0,cast_info,name,4061926,0,never_instantiated,0,,,,,0,0,,,,,,,,,,,,,,,,,,,,,,,,,,,,,,,,,,,,,,,,,,,,,,,,,,,,,,,,,,,,
26c,1,17,1,1.18,,comp_cast_type,2,0,never_instantiated,0,,,,,0,0,,info_type,1,0,never_instantiated,0,,,,,0,0,,,3498925,0,never_instantiated,0,,,,,0,0,keyword,,10,0,never_instantiated,0,,,,,0,0,movie_info_idx,,1146265,0,never_instantiated,0,,,,,0,0,,comp_cast_type,1,0,never_instantiated,0,,,,,0,0,movie_keyword,,13456,0,never_instantiated,0,,,,,0,0,,complete_cast,132439,0,never_instantiated,0,,,,,0,0,,char_name,180152,0,never_instantiated,0,,,,,0,0,,kind_type,1,0,never_instantiated,0,,,,,0,0,,name,4061926,0,never_instantiated,0,,,,,0,0,cast_info,title,1380854,0,never_instantiated,0,,,,,0,0,,,,,,,,,,,,,,,,,,,,,,,,,,,,,,,,,,,,,,,,,,,,,,,,
27a,1,11,1,0.14,comp_cast_type,,477,0,never_instantiated,0,,,,,0,0,comp_cast_type,,648,0,never_instantiated,0,,,,,0,0,,keyword,1,0,never_instantiated,0,,,,,0,0,complete_cast,,14714,0,never_instantiated,0,,,,,0,0,movie_keyword,,1622,0,never_instantiated,0,,,,,0,0,company_name,,4058,0,never_instantiated,0,,,,,0,0,,company_type,1,0,never_instantiated,0,,,,,0,0,,link_type,2,0,never_instantiated,0,,,,,0,0,,movie_link,29940,0,never_instantiated,0,,,,,0,0,title,,3064,0,never_instantiated,0,,,,,0,0,movie_info,movie_companies,49060,0,never_instantiated,0,,,,,0,0,,,,,,,,,,,,,,,,,,,,,,,,,,,,,,,,,,,,,,,,,,,,,,,,,,,,,,,,,,,,
27b,1,10,1,0.13,company_name,,532,0,never_instantiated,0,,,,,0,0,company_type,,532,0,never_instantiated,0,,,,,0,0,movie_companies,,95,0,never_instantiated,0,,,,,0,0,keyword,,703,0,never_instantiated,0,,,,,0,0,link_type,,703,0,never_instantiated,0,,,,,0,0,movie_keyword,,95,0,never_instantiated,0,,,,,0,0,,comp_cast_type,1,0,never_instantiated,0,,,,,0,0,movie_link,,82,0,never_instantiated,0,,,,,0,0,,comp_cast_type,2,0,never_instantiated,0,,,,,0,0,,title,4215,0,never_instantiated,0,,,,,0,0,movie_info,complete_cast,5992,0,never_instantiated,0,,,,,0,0,,,,,,,,,,,,,,,,,,,,,,,,,,,,,,,,,,,,,,,,,,,,,,,,,,,,,,,,,,,,
27c,1,11,1,0.16,comp_cast_type,,1028,0,never_instantiated,0,,,,,0,0,comp_cast_type,,1028,0,never_instantiated,0,,,,,0,0,,keyword,1,0,never_instantiated,0,,,,,0,0,complete_cast,,33031,0,never_instantiated,0,,,,,0,0,movie_keyword,,3966,0,never_instantiated,0,,,,,0,0,company_name,,10565,0,never_instantiated,0,,,,,0,0,,company_type,1,0,never_instantiated,0,,,,,0,0,,link_type,2,0,never_instantiated,0,,,,,0,0,,movie_link,29940,0,never_instantiated,0,,,,,0,0,title,,30622,0,never_instantiated,0,,,,,0,0,,movie_companies,49060,0,never_instantiated,0,,,,,0,0,movie_info,,9,0,never_instantiated,0,,,,,0,0,,,,,,,,,,,,,,,,,,,,,,,,,,,,,,,,,,,,,,,,,,,,,,,,
28a,1,3,1,1.40,comp_cast_type,,6156,0,never_instantiated,0,,,,,0,0,info_type,,6833,0,never_instantiated,0,,,,,0,0,keyword,,967075,0,never_instantiated,0,,,,,0,0,,comp_cast_type,1,0,never_instantiated,0,,,,,0,0,complete_cast,,6212485,0,never_instantiated,0,,,,,0,0,,kind_type,2,0,never_instantiated,0,,,,,0,0,title,,11648565,0,never_instantiated,0,,,,,0,0,movie_keyword,,158042,0,never_instantiated,0,,,,,0,0,,company_type,2,0,never_instantiated,0,,,,,0,0,company_name,,180772,0,never_instantiated,0,,,,,0,0,,info_type,1,0,never_instantiated,0,,,,,0,0,,movie_companies,303264,0,never_instantiated,0,,,,,0,0,,movie_info_idx,1337508,0,never_instantiated,0,,,,,0,0,movie_info,,10,0,never_instantiated,0,,,,,0,0,,,,,,,,,,,,,,,,,,,,,,,,
28b,1,10,1,0.41,info_type,,266,0,never_instantiated,0,,,,,0,0,comp_cast_type,,358,0,never_instantiated,0,,,,,0,0,movie_info_idx,,302,0,never_instantiated,0,,,,,0,0,,info_type,1,0,never_instantiated,0,,,,,0,0,company_name,,419,0,never_instantiated,0,,,,,0,0,,kind_type,2,0,never_instantiated,0,,,,,0,0,,comp_cast_type,1,0,never_instantiated,0,,,,,0,0,complete_cast,,7727,0,never_instantiated,0,,,,,0,0,,keyword,3,0,never_instantiated,0,,,,,0,0,,company_type,2,0,never_instantiated,0,,,,,0,0,,movie_companies,303264,0,never_instantiated,0,,,,,0,0,,title,1012501,0,never_instantiated,0,,,,,0,0,movie_keyword,movie_info,134239,0,never_instantiated,0,,,,,0,0,,,,,,,,,,,,,,,,,,,,,,,,,,,,,,,,,,,,
28c,1,1,1,1.13,comp_cast_type,,9777,0,never_instantiated,0,,,,,0,0,comp_cast_type,,16719,0,never_instantiated,0,,,,,0,0,complete_cast,,21489,0,never_instantiated,0,,,,,0,0,keyword,,2610972,0,never_instantiated,0,,,,,0,0,,info_type,1,0,never_instantiated,0,,,,,0,0,,kind_type,2,0,never_instantiated,0,,,,,0,0,movie_info_idx,,2794930,0,never_instantiated,0,,,,,0,0,company_name,,3034517,0,never_instantiated,0,,,,,0,0,,company_type,2,0,never_instantiated,0,,,,,0,0,movie_companies,,790612,0,never_instantiated,0,,,,,0,0,title,,2892232,0,never_instantiated,0,,,,,0,0,movie_keyword,,614186,0,never_instantiated,0,,,,,0,0,,info_type,1,0,never_instantiated,0,,,,,0,0,movie_info,,10,0,never_instantiated,0,,,,,0,0,,,,,,,,,,,,,,,,,,,,,,,,
29a,1,10,1,0.73,comp_cast_type,,1620,0,never_instantiated,0,,,,,0,0,comp_cast_type,,1620,0,never_instantiated,0,,,,,0,0,complete_cast,,1620,0,never_instantiated,0,,,,,0,0,title,,4050,0,never_instantiated,0,,,,,0,0,role_type,,4050,0,never_instantiated,0,,,,,0,0,info_type,,12225,0,never_instantiated,0,,,,,0,0,person_info,,75,0,never_instantiated,0,,,,,0,0,company_name,,411,0,never_instantiated,0,,,,,0,0,info_type,,411,0,never_instantiated,0,,,,,0,0,name,,465,0,never_instantiated,0,,,,,0,0,movie_info,,352,0,never_instantiated,0,,,,,0,0,,char_name,1,0,never_instantiated,0,,,,,0,0,,keyword,1,0,never_instantiated,0,,,,,0,0,movie_keyword,,3533306,0,never_instantiated,0,,,,,0,0,movie_companies,,1770887,0,never_instantiated,0,,,,,0,0,cast_info,aka_name,772581,0,never_instantiated,0,,,,,0,0
29b,1,10,1,0.48,info_type,,2445,0,never_instantiated,0,,,,,0,0,keyword,,264060,0,never_instantiated,0,,,,,0,0,name,,264060,0,never_instantiated,0,,,,,0,0,person_info,,1620,0,never_instantiated,0,,,,,0,0,company_name,,7128,0,never_instantiated,0,,,,,0,0,movie_keyword,,66,0,never_instantiated,0,,,,,0,0,char_name,,352,0,never_instantiated,0,,,,,0,0,comp_cast_type,,352,0,never_instantiated,0,,,,,0,0,info_type,,352,0,never_instantiated,0,,,,,0,0,role_type,,1452,0,never_instantiated,0,,,,,0,0,comp_cast_type,,1452,0,never_instantiated,0,,,,,0,0,aka_name,,836,0,never_instantiated,0,,,,,0,0,complete_cast,,892,0,never_instantiated,0,,,,,0,0,movie_companies,,66,0,never_instantiated,0,,,,,0,0,,title,2,0,never_instantiated,0,,,,,0,0,cast_info,movie_info,387515,0,never_instantiated,0,,,,,0,0
29c,1,13,1,1.52,title,,16368,0,never_instantiated,0,,,,,0,0,info_type,,68232,0,never_instantiated,0,,,,,0,0,company_name,,323043,0,never_instantiated,0,,,,,0,0,person_info,,905,0,never_instantiated,0,,,,,0,0,comp_cast_type,,905,0,never_instantiated,0,,,,,0,0,comp_cast_type,,2762,0,never_instantiated,0,,,,,0,0,complete_cast,,3175,0,never_instantiated,0,,,,,0,0,,info_type,1,0,never_instantiated,0,,,,,0,0,,keyword,1,0,never_instantiated,0,,,,,0,0,char_name,,785789,0,never_instantiated,0,,,,,0,0,,aka_name,772581,0,never_instantiated,0,,,,,0,0,name,,22194057,0,never_instantiated,0,,,,,0,0,movie_info,,11596658,0,never_instantiated,0,,,,,0,0,,role_type,1,0,never_instantiated,0,,,,,0,0,,movie_keyword,4523775,0,never_instantiated,0,,,,,0,0,cast_info,movie_companies,2608923,0,never_instantiated,0,,,,,0,0
30a,1,1,1,0.76,,,34335,0,never_instantiated,0,,,,,0,0,keyword,,7,0,never_instantiated,0,,,,,0,0,,info_type,1,0,never_instantiated,0,,,,,0,0,movie_info,,85244,0,never_instantiated,0,,,,,0,0,,comp_cast_type,2,0,never_instantiated,0,,,,,0,0,name,,119360,0,never_instantiated,0,,,,,0,0,,comp_cast_type,1,0,never_instantiated,0,,,,,0,0,,info_type,1,0,never_instantiated,0,,,,,0,0,title,,4477615,0,never_instantiated,0,,,,,0,0,movie_info_idx,,1516871,0,never_instantiated,0,,,,,0,0,movie_keyword,,116781,0,never_instantiated,0,,,,,0,0,,complete_cast,132439,0,never_instantiated,0,,,,,0,0,cast_info,,5,0,never_instantiated,0,,,,,0,0,,,,,,,,,,,,,,,,,,,,,,,,,,,,,,,,,,,,
30b,1,18,1,0.67,,info_type,1,0,never_instantiated,0,,,,,0,0,,comp_cast_type,1,0,never_instantiated,0,,,,,0,0,name,,324,0,never_instantiated,0,,,,,0,0,movie_info_idx,,108,0,never_instantiated,0,,,,,0,0,,comp_cast_type,2,0,never_instantiated,0,,,,,0,0,,,3360,0,never_instantiated,0,,,,,0,0,keyword,,7,0,never_instantiated,0,,,,,0,0,movie_keyword,,25,0,never_instantiated,0,,,,,0,0,complete_cast,,41,0,never_instantiated,0,,,,,0,0,,info_type,1,0,never_instantiated,0,,,,,0,0,,title,533,0,never_instantiated,0,,,,,0,0,,movie_info,73047,0,never_instantiated,0,,,,,0,0,cast_info,,5,0,never_instantiated,0,,,,,0,0,,,,,,,,,,,,,,,,,,,,,,,,,,,,,,,,,,,,
30c,1,9,1,0.84,,comp_cast_type,1,0,never_instantiated,0,,,,,0,0,,comp_cast_type,1,0,never_instantiated,0,,,,,0,0,title,,18841,0,never_instantiated,0,,,,,0,0,,info_type,1,0,never_instantiated,0,,,,,0,0,,info_type,1,0,never_instantiated,0,,,,,0,0,movie_info_idx,,23013,0,never_instantiated,0,,,,,0,0,,complete_cast,132439,0,never_instantiated,0,,,,,0,0,,,7,0,never_instantiated,0,,,,,0,0,,name,1739579,0,never_instantiated,0,,,,,0,0,,,188966,0,never_instantiated,0,,,,,0,0,,movie_keyword,4523786,0,never_instantiated,0,,,,,0,0,cast_info,,5,0,never_instantiated,0,,,,,0,0,movie_info,,6,0,never_instantiated,0,,,,,0,0,keyword,,7,0,never_instantiated,0,,,,,0,0,,,,,,,,,,,,,,,,,,,,,,,,
31a,1,1,1,0.83,,,47262,0,never_instantiated,0,,,,,0,0,keyword,,7,0,never_instantiated,0,,,,,0,0,,info_type,1,0,never_instantiated,0,,,,,0,0,movie_info_idx,,47280,0,never_instantiated,0,,,,,0,0,,info_type,1,0,never_instantiated,0,,,,,0,0,movie_keyword,,458,0,never_instantiated,0,,,,,0,0,movie_info,,775,0,never_instantiated,0,,,,,0,0,,company_name,10,0,never_instantiated,0,,,,,0,0,,title,2525744,0,never_instantiated,0,,,,,0,0,,name,1739579,0,never_instantiated,0,,,,,0,0,,movie_companies,2609129,0,never_instantiated,0,,,,,0,0,cast_info,,5,0,never_instantiated,0,,,,,0,0,,,,,,,,,,,,,,,,,,,,,,,,,,,,,,,,,,,,,,,,,,,,,,,,
31b,1,6,1,0.68,,,2686,0,never_instantiated,0,,,,,0,0,keyword,,7,0,never_instantiated,0,,,,,0,0,name,,2686,0,never_instantiated,0,,,,,0,0,movie_keyword,,19,0,never_instantiated,0,,,,,0,0,title,,83,0,never_instantiated,0,,,,,0,0,company_name,,3162,0,never_instantiated,0,,,,,0,0,,info_type,1,0,never_instantiated,0,,,,,0,0,,info_type,1,0,never_instantiated,0,,,,,0,0,movie_info_idx,,3406,0,never_instantiated,0,,,,,0,0,,movie_companies,7963,0,never_instantiated,0,,,,,0,0,,movie_info,73044,0,never_instantiated,0,,,,,0,0,cast_info,,5,0,never_instantiated,0,,,,,0,0,,,,,,,,,,,,,,,,,,,,,,,,,,,,,,,,,,,,,,,,,,,,,,,,
31c,1,17,1,1.15,,,107406,0,never_instantiated,0,,,,,0,0,keyword,,7,0,never_instantiated,0,,,,,0,0,movie_keyword,,1017,0,never_instantiated,0,,,,,0,0,,info_type,1,0,never_instantiated,0,,,,,0,0,,company_name,10,0,never_instantiated,0,,,,,0,0,movie_info_idx,,410091,0,never_instantiated,0,,,,,0,0,movie_companies,,93227,0,never_instantiated,0,,,,,0,0,,info_type,1,0,never_instantiated,0,,,,,0,0,,,188961,0,never_instantiated,0,,,,,0,0,,name,4061926,0,never_instantiated,0,,,,,0,0,,title,2525744,0,never_instantiated,0,,,,,0,0,cast_info,,5,0,never_instantiated,0,,,,,0,0,movie_info,,6,0,never_instantiated,0,,,,,0,0,,,,,,,,,,,,,,,,,,,,,,,,,,,,,,,,,,,,
32a,1,17,1,0.07,title,,0,0,never_instantiated,0,,,,,0,0,link_type,,0,0,never_instantiated,0,,,,,0,0,,keyword,1,0,never_instantiated,0,,,,,0,0,,movie_link,29997,0,never_instantiated,0,,,,,0,0,movie_keyword,title,186174,0,never_instantiated,0,,,,,0,0,,,,,,,,,,,,,,,,,,,,,,,,,,,,,,,,,,,,,,,,,,,,,,,,,,,,,,,,,,,,,,,,,,,,,,,,,,,,,,,,,,,,,,,,,,,,,,,,,,,,,,,,,,,,,,,,,,,,,,,,,,,,,,,,,,,,
32b,1,11,1,0.11,link_type,,4388,0,never_instantiated,0,,,,,0,0,title,,4388,0,never_instantiated,0,,,,,0,0,,keyword,1,0,never_instantiated,0,,,,,0,0,,movie_link,29997,0,never_instantiated,0,,,,,0,0,movie_keyword,title,186174,0,never_instantiated,0,,,,,0,0,,,,,,,,,,,,,,,,,,,,,,,,,,,,,,,,,,,,,,,,,,,,,,,,,,,,,,,,,,,,,,,,,,,,,,,,,,,,,,,,,,,,,,,,,,,,,,,,,,,,,,,,,,,,,,,,,,,,,,,,,,,,,,,,,,,,
33a,1,1,1,0.23,link_type,,295,0,never_instantiated,0,,,,,0,0,company_name,,1599,0,never_instantiated,0,,,,,0,0,info_type,,4797,0,never_instantiated,0,,,,,0,0,movie_info_idx,,1736,0,never_instantiated,0,,,,,0,0,,kind_type,1,0,never_instantiated,0,,,,,0,0,,kind_type,1,0,never_instantiated,0,,,,,0,0,title,,6094,0,never_instantiated,0,,,,,0,0,movie_companies,,1616,0,never_instantiated,0,,,,,0,0,movie_link,,11665,0,never_instantiated,0,,,,,0,0,title,,49018,0,never_instantiated,0,,,,,0,0,,info_type,1,0,never_instantiated,0,,,,,0,0,,company_name,234997,0,never_instantiated,0,,,,,0,0,movie_companies,movie_info_idx,674447,0,never_instantiated,0,,,,,0,0,,,,,,,,,,,,,,,,,,,,,,,,,,,,,,,,,,,,
33b,1,4,1,0.19,company_name,,14,0,never_instantiated,0,,,,,0,0,movie_companies,,6,0,never_instantiated,0,,,,,0,0,info_type,,46,0,never_instantiated,0,,,,,0,0,kind_type,,46,0,never_instantiated,0,,,,,0,0,title,,46,0,never_instantiated,0,,,,,0,0,info_type,,138,0,never_instantiated,0,,,,,0,0,,link_type,2,0,never_instantiated,0,,,,,0,0,,kind_type,1,0,never_instantiated,0,,,,,0,0,movie_info_idx,,13932,0,never_instantiated,0,,,,,0,0,movie_link,,87129,0,never_instantiated,0,,,,,0,0,movie_info_idx,,100461,0,never_instantiated,0,,,,,0,0,,title,119523,0,never_instantiated,0,,,,,0,0,movie_companies,company_name,234997,0,never_instantiated,0,,,,,0,0,,,,,,,,,,,,,,,,,,,,,,,,,,,,,,,,,,,,
33c,1,3,1,0.29,company_name,,114,0,never_instantiated,0,,,,,0,0,info_type,,19761,0,never_instantiated,0,,,,,0,0,kind_type,,19761,0,never_instantiated,0,,,,,0,0,,kind_type,2,0,never_instantiated,0,,,,,0,0,company_name,,30526,0,never_instantiated,0,,,,,0,0,title,,30526,0,never_instantiated,0,,,,,0,0,,link_type,2,0,never_instantiated,0,,,,,0,0,movie_companies,,79690,0,never_instantiated,0,,,,,0,0,movie_info_idx,,53485,0,never_instantiated,0,,,,,0,0,,info_type,1,0,never_instantiated,0,,,,,0,0,movie_info_idx,,99895,0,never_instantiated,0,,,,,0,0,,movie_link,29997,0,never_instantiated,0,,,,,0,0,movie_companies,title,1042193,0,never_instantiated,0,,,,,0,0,,,,,,,,,,,,,,,,,,,,,,,,,,,,,,,,,,,,
1a,2,19,1,0.06,title,,142,0,never_instantiated,0,,,,,0,0,,info_type,1,0,never_instantiated,0,,,,,0,0,,company_type,1,0,never_instantiated,0,,,,,0,0,movie_info_idx,movie_companies,188,0,never_instantiated,0,,,,,0,0,,,,,,,,,,,,,,,,,,,,,,,,,,,,,,,,,,,,,,,,,,,,,,,,,,,,,,,,,,,,,,,,,,,,,,,,,,,,,,,,,,,,,,,,,,,,,,,,,,,,,,,,,,,,,,,,,,,,,,,,,,,,,,,,,,,,,,,,,,,,,,,,
1b,2,2,1,0.06,,info_type,1,0,never_instantiated,0,,,,,0,0,movie_info_idx,,3,0,never_instantiated,0,,,,,0,0,,company_type,1,0,never_instantiated,0,,,,,0,0,movie_companies,title,6,0,never_instantiated,0,,,,,0,0,,,,,,,,,,,,,,,,,,,,,,,,,,,,,,,,,,,,,,,,,,,,,,,,,,,,,,,,,,,,,,,,,,,,,,,,,,,,,,,,,,,,,,,,,,,,,,,,,,,,,,,,,,,,,,,,,,,,,,,,,,,,,,,,,,,,,,,,,,,,,,,,
1c,2,4,1,0.09,,company_type,1,0,never_instantiated,0,,,,,0,0,,info_type,1,0,never_instantiated,0,,,,,0,0,title,,3,0,never_instantiated,0,,,,,0,0,movie_info_idx,movie_companies,7,0,never_instantiated,0,,,,,0,0,,,,,,,,,,,,,,,,,,,,,,,,,,,,,,,,,,,,,,,,,,,,,,,,,,,,,,,,,,,,,,,,,,,,,,,,,,,,,,,,,,,,,,,,,,,,,,,,,,,,,,,,,,,,,,,,,,,,,,,,,,,,,,,,,,,,,,,,,,,,,,,,
1d,2,7,1,0.06,,info_type,1,0,never_instantiated,0,,,,,0,0,title,,5,0,never_instantiated,0,,,,,0,0,,company_type,1,0,never_instantiated,0,,,,,0,0,movie_info_idx,movie_companies,5,0,never_instantiated,0,,,,,0,0,,,,,,,,,,,,,,,,,,,,,,,,,,,,,,,,,,,,,,,,,,,,,,,,,,,,,,,,,,,,,,,,,,,,,,,,,,,,,,,,,,,,,,,,,,,,,,,,,,,,,,,,,,,,,,,,,,,,,,,,,,,,,,,,,,,,,,,,,,,,,,,,
2a,2,17,1,0.10,company_name,,7839,0,never_instantiated,0,,,,,0,0,,keyword,1,0,never_instantiated,0,,,,,0,0,,movie_companies,148281,0,never_instantiated,0,,,,,0,0,movie_keyword,title,89753,0,never_instantiated,0,,,,,0,0,,,,,,,,,,,,,,,,,,,,,,,,,,,,,,,,,,,,,,,,,,,,,,,,,,,,,,,,,,,,,,,,,,,,,,,,,,,,,,,,,,,,,,,,,,,,,,,,,,,,,,,,,,,,,,,,,,,,,,,,,,,,,,,,,,,,,,,,,,,,,,,,
2b,2,13,1,0.10,title,,5228,0,never_instantiated,0,,,,,0,0,company_name,,5259,0,never_instantiated,0,,,,,0,0,,keyword,1,0,never_instantiated,0,,,,,0,0,movie_keyword,movie_companies,56774,0,never_instantiated,0,,,,,0,0,,,,,,,,,,,,,,,,,,,,,,,,,,,,,,,,,,,,,,,,,,,,,,,,,,,,,,,,,,,,,,,,,,,,,,,,,,,,,,,,,,,,,,,,,,,,,,,,,,,,,,,,,,,,,,,,,,,,,,,,,,,,,,,,,,,,,,,,,,,,,,,,
2c,2,16,1,0.05,title,,0,0,never_instantiated,0,,,,,0,0,,keyword,1,0,never_instantiated,0,,,,,0,0,,company_name,1,0,never_instantiated,0,,,,,0,0,movie_keyword,movie_companies,2,0,never_instantiated,0,,,,,0,0,,,,,,,,,,,,,,,,,,,,,,,,,,,,,,,,,,,,,,,,,,,,,,,,,,,,,,,,,,,,,,,,,,,,,,,,,,,,,,,,,,,,,,,,,,,,,,,,,,,,,,,,,,,,,,,,,,,,,,,,,,,,,,,,,,,,,,,,,,,,,,,,
2d,2,1,1,0.17,title,,68316,0,never_instantiated,0,,,,,0,0,company_name,,148552,0,never_instantiated,0,,,,,0,0,,keyword,1,0,never_instantiated,0,,,,,0,0,movie_keyword,movie_companies,2609129,0,never_instantiated,0,,,,,0,0,,,,,,,,,,,,,,,,,,,,,,,,,,,,,,,,,,,,,,,,,,,,,,,,,,,,,,,,,,,,,,,,,,,,,,,,,,,,,,,,,,,,,,,,,,,,,,,,,,,,,,,,,,,,,,,,,,,,,,,,,,,,,,,,,,,,,,,,,,,,,,,,
3a,2,19,1,0.34,,keyword,30,0,never_instantiated,0,,,,,0,0,movie_keyword,,282,0,never_instantiated,0,,,,,0,0,,title,1012683,0,never_instantiated,0,,,,,0,0,movie_info,,8,0,never_instantiated,0,,,,,0,0,,,,,,,,,,,,,,,,,,,,,,,,,,,,,,,,,,,,,,,,,,,,,,,,,,,,,,,,,,,,,,,,,,,,,,,,,,,,,,,,,,,,,,,,,,,,,,,,,,,,,,,,,,,,,,,,,,,,,,,,,,,,,,,,,,,,,,,,,,,,,,,,
3b,2,7,1,0.28,keyword,,5,0,never_instantiated,0,,,,,0,0,movie_keyword,,3,0,never_instantiated,0,,,,,0,0,title,movie_info,3,0,never_instantiated,0,,,,,0,0,,,,,,,,,,,,,,,,,,,,,,,,,,,,,,,,,,,,,,,,,,,,,,,,,,,,,,,,,,,,,,,,,,,,,,,,,,,,,,,,,,,,,,,,,,,,,,,,,,,,,,,,,,,,,,,,,,,,,,,,,,,,,,,,,,,,,,,,,,,,,,,,,,,,,,,,,,,,
3c,2,6,1,0.37,,keyword,30,0,never_instantiated,0,,,,,0,0,,title,1748483,0,never_instantiated,0,,,,,0,0,movie_keyword,,13176,0,never_instantiated,0,,,,,0,0,movie_info,,10,0,never_instantiated,0,,,,,0,0,,,,,,,,,,,,,,,,,,,,,,,,,,,,,,,,,,,,,,,,,,,,,,,,,,,,,,,,,,,,,,,,,,,,,,,,,,,,,,,,,,,,,,,,,,,,,,,,,,,,,,,,,,,,,,,,,,,,,,,,,,,,,,,,,,,,,,,,,,,,,,,,
4a,2,3,1,0.15,,info_type,1,0,never_instantiated,0,,,,,0,0,movie_info_idx,,2235,0,never_instantiated,0,,,,,0,0,,title,1012657,0,never_instantiated,0,,,,,0,0,movie_keyword,keyword,30,0,never_instantiated,0,,,,,0,0,,,,,,,,,,,,,,,,,,,,,,,,,,,,,,,,,,,,,,,,,,,,,,,,,,,,,,,,,,,,,,,,,,,,,,,,,,,,,,,,,,,,,,,,,,,,,,,,,,,,,,,,,,,,,,,,,,,,,,,,,,,,,,,,,,,,,,,,,,,,,,,,
4b,2,9,1,0.10,title,,6,0,never_instantiated,0,,,,,0,0,,info_type,1,0,never_instantiated,0,,,,,0,0,,movie_info_idx,72,0,never_instantiated,0,,,,,0,0,movie_keyword,keyword,30,0,never_instantiated,0,,,,,0,0,,,,,,,,,,,,,,,,,,,,,,,,,,,,,,,,,,,,,,,,,,,,,,,,,,,,,,,,,,,,,,,,,,,,,,,,,,,,,,,,,,,,,,,,,,,,,,,,,,,,,,,,,,,,,,,,,,,,,,,,,,,,,,,,,,,,,,,,,,,,,,,,
4c,2,2,1,0.18,,,,,,,,,,,,,,,,,,,,,,,,,,,,,,,,,,,,,,,,,,,,,,,,,,,,,,,,,,,,,,,,,,,,,,,,,,,,,,,,,,,,,,,,,,,,,,,,,,,,,,,,,,,,,,,,,,,,,,,,,,,,,,,,,,,,,,,,,,,,,,,,,,,,,,,,,,,,,,,,,,,,,,,,,,,,,,,,,,,,,,,,,,,,,,,,
5a,2,11,1,0.05,,company_type,1,0,never_instantiated,0,,,,,0,0,,info_type,110,0,never_instantiated,0,,,,,0,0,,movie_companies,0,0,never_instantiated,0,,,,,0,0,,title,0,0,never_instantiated,0,,,,,0,0,movie_info,,8,0,never_instantiated,0,,,,,0,0,,,,,,,,,,,,,,,,,,,,,,,,,,,,,,,,,,,,,,,,,,,,,,,,,,,,,,,,,,,,,,,,,,,,,,,,,,,,,,,,,,,,,,,,,,,,,,,,,,,,,,,,,,,,,,,,,,,,,,,,,,,,,,,,,,,,
5b,2,4,1,0.09,,company_type,1,0,never_instantiated,0,,,,,0,0,,info_type,110,0,never_instantiated,0,,,,,0,0,title,,0,0,never_instantiated,0,,,,,0,0,movie_info,movie_companies,0,0,never_instantiated,0,,,,,0,0,,,,,,,,,,,,,,,,,,,,,,,,,,,,,,,,,,,,,,,,,,,,,,,,,,,,,,,,,,,,,,,,,,,,,,,,,,,,,,,,,,,,,,,,,,,,,,,,,,,,,,,,,,,,,,,,,,,,,,,,,,,,,,,,,,,,,,,,,,,,,,,,
5c,2,7,1,0.28,,info_type,110,0,never_instantiated,0,,,,,0,0,title,,691,0,never_instantiated,0,,,,,0,0,,company_type,1,0,never_instantiated,0,,,,,0,0,,movie_companies,798,0,never_instantiated,0,,,,,0,0,movie_info,,10,0,never_instantiated,0,,,,,0,0,,,,,,,,,,,,,,,,,,,,,,,,,,,,,,,,,,,,,,,,,,,,,,,,,,,,,,,,,,,,,,,,,,,,,,,,,,,,,,,,,,,,,,,,,,,,,,,,,,,,,,,,,,,,,,,,,,,,,,,,,,,,,,,,,,,,
6a,2,4,1,0.16,,keyword,1,0,never_instantiated,0,,,,,0,0,,title,391549,0,never_instantiated,0,,,,,0,0,,movie_keyword,14,0,never_instantiated,0,,,,,0,0,cast_info,name,2,0,never_instantiated,0,,,,,0,0,,,,,,,,,,,,,,,,,,,,,,,,,,,,,,,,,,,,,,,,,,,,,,,,,,,,,,,,,,,,,,,,,,,,,,,,,,,,,,,,,,,,,,,,,,,,,,,,,,,,,,,,,,,,,,,,,,,,,,,,,,,,,,,,,,,,,,,,,,,,,,,,
6b,2,17,1,0.11,,,8,0,never_instantiated,0,,,,,0,0,movie_keyword,,3,0,never_instantiated,0,,,,,0,0,,name,2,0,never_instantiated,0,,,,,0,0,cast_info,title,438,0,never_instantiated,0,,,,,0,0,keyword,,8,0,never_instantiated,0,,,,,0,0,,,,,,,,,,,,,,,,,,,,,,,,,,,,,,,,,,,,,,,,,,,,,,,,,,,,,,,,,,,,,,,,,,,,,,,,,,,,,,,,,,,,,,,,,,,,,,,,,,,,,,,,,,,,,,,,,,,,,,,,,,,,,,,,,,,,
6c,2,15,1,0.10,,keyword,1,0,never_instantiated,0,,,,,0,0,,title,438,0,never_instantiated,0,,,,,0,0,,name,2,0,never_instantiated,0,,,,,0,0,cast_info,movie_keyword,2,0,never_instantiated,0,,,,,0,0,,,,,,,,,,,,,,,,,,,,,,,,,,,,,,,,,,,,,,,,,,,,,,,,,,,,,,,,,,,,,,,,,,,,,,,,,,,,,,,,,,,,,,,,,,,,,,,,,,,,,,,,,,,,,,,,,,,,,,,,,,,,,,,,,,,,,,,,,,,,,,,,
6d,2,6,1,0.24,,title,1381132,0,never_instantiated,0,,,,,0,0,,,8,0,never_instantiated,0,,,,,0,0,,name,2,0,never_instantiated,0,,,,,0,0,cast_info,movie_keyword,4523930,0,never_instantiated,0,,,,,0,0,keyword,,8,0,never_instantiated,0,,,,,0,0,,,,,,,,,,,,,,,,,,,,,,,,,,,,,,,,,,,,,,,,,,,,,,,,,,,,,,,,,,,,,,,,,,,,,,,,,,,,,,,,,,,,,,,,,,,,,,,,,,,,,,,,,,,,,,,,,,,,,,,,,,,,,,,,,,,,
6e,2,9,1,0.18,name,,6,0,never_instantiated,0,,,,,0,0,,keyword,1,0,never_instantiated,0,,,,,0,0,,title,1381132,0,never_instantiated,0,,,,,0,0,cast_info,movie_keyword,14,0,never_instantiated,0,,,,,0,0,,,,,,,,,,,,,,,,,,,,,,,,,,,,,,,,,,,,,,,,,,,,,,,,,,,,,,,,,,,,,,,,,,,,,,,,,,,,,,,,,,,,,,,,,,,,,,,,,,,,,,,,,,,,,,,,,,,,,,,,,,,,,,,,,,,,,,,,,,,,,,,,
6f,2,0,1,1.90,,title,1381132,0,never_instantiated,0,,,,,0,0,,name,4061926,0,never_instantiated,0,,,,,0,0,,,8,0,never_instantiated,0,,,,,0,0,cast_info,movie_keyword,4523930,0,never_instantiated,0,,,,,0,0,keyword,,8,0,never_instantiated,0,,,,,0,0,,,,,,,,,,,,,,,,,,,,,,,,,,,,,,,,,,,,,,,,,,,,,,,,,,,,,,,,,,,,,,,,,,,,,,,,,,,,,,,,,,,,,,,,,,,,,,,,,,,,,,,,,,,,,,,,,,,,,,,,,,,,,,,,,,,,
7a,2,12,1,0.23,link_type,,32,0,never_instantiated,0,,,,,0,0,title,,32,0,never_instantiated,0,,,,,0,0,movie_link,,21,0,never_instantiated,0,,,,,0,0,,info_type,1,0,never_instantiated,0,,,,,0,0,name,,45,0,never_instantiated,0,,,,,0,0,,person_info,62,0,never_instantiated,0,,,,,0,0,cast_info,aka_name,2055,0,never_instantiated,0,,,,,0,0,,,,,,,,,,,,,,,,,,,,,,,,,,,,,,,,,,,,,,,,,,,,,,,,,,,,,,,,,,,,,,,,,,,,,,,,,,,,,,,,,,,,,,,,,,,,,,,,,,,,,,,,,,,,
7b,2,5,1,0.21,info_type,,16,0,never_instantiated,0,,,,,0,0,link_type,,16,0,never_instantiated,0,,,,,0,0,,person_info,62,0,never_instantiated,0,,,,,0,0,name,,84,0,never_instantiated,0,,,,,0,0,aka_name,,51,0,never_instantiated,0,,,,,0,0,,movie_link,5186,0,never_instantiated,0,,,,,0,0,cast_info,title,75965,0,never_instantiated,0,,,,,0,0,,,,,,,,,,,,,,,,,,,,,,,,,,,,,,,,,,,,,,,,,,,,,,,,,,,,,,,,,,,,,,,,,,,,,,,,,,,,,,,,,,,,,,,,,,,,,,,,,,,,,,,,,,,,
7c,2,7,1,0.60,,info_type,1,0,never_instantiated,0,,,,,0,0,name,,345472,0,never_instantiated,0,,,,,0,0,person_info,,313161,0,never_instantiated,0,,,,,0,0,aka_name,,137068,0,never_instantiated,0,,,,,0,0,title,,209855,0,never_instantiated,0,,,,,0,0,,link_type,4,0,never_instantiated,0,,,,,0,0,cast_info,movie_link,21505,0,never_instantiated,0,,,,,0,0,,,,,,,,,,,,,,,,,,,,,,,,,,,,,,,,,,,,,,,,,,,,,,,,,,,,,,,,,,,,,,,,,,,,,,,,,,,,,,,,,,,,,,,,,,,,,,,,,,,,,,,,,,,,
8a,2,6,1,0.18,title,,62,0,never_instantiated,0,,,,,0,0,name,,80,0,never_instantiated,0,,,,,0,0,role_type,,80,0,never_instantiated,0,,,,,0,0,aka_name,,7438,0,never_instantiated,0,,,,,0,0,company_name,,7483,0,never_instantiated,0,,,,,0,0,movie_companies,cast_info,4551,0,never_instantiated,0,,,,,0,0,,,,,,,,,,,,,,,,,,,,,,,,,,,,,,,,,,,,,,,,,,,,,,,,,,,,,,,,,,,,,,,,,,,,,,,,,,,,,,,,,,,,,,,,,,,,,,,,,,,,,,,,,,,,,,,,,,,,,,,,
8b,2,14,1,0.15,company_name,,6,0,never_instantiated,0,,,,,0,0,name,,24,0,never_instantiated,0,,,,,0,0,,role_type,1,0,never_instantiated,0,,,,,0,0,aka_name,,25,0,never_instantiated,0,,,,,0,0,movie_companies,,25,0,never_instantiated,0,,,,,0,0,title,cast_info,25,0,never_instantiated,0,,,,,0,0,,,,,,,,,,,,,,,,,,,,,,,,,,,,,,,,,,,,,,,,,,,,,,,,,,,,,,,,,,,,,,,,,,,,,,,,,,,,,,,,,,,,,,,,,,,,,,,,,,,,,,,,,,,,,,,,,,,,,,,,
8c,2,3,1,0.62,,company_name,84843,0,never_instantiated,0,,,,,0,0,movie_companies,,2343647,0,never_instantiated,0,,,,,0,0,,aka_name,772581,0,never_instantiated,0,,,,,0,0,,name,4061923,0,never_instantiated,0,,,,,0,0,title,,2728735,0,never_instantiated,0,,,,,0,0,cast_info,role_type,1,0,never_instantiated,0,,,,,0,0,,,,,,,,,,,,,,,,,,,,,,,,,,,,,,,,,,,,,,,,,,,,,,,,,,,,,,,,,,,,,,,,,,,,,,,,,,,,,,,,,,,,,,,,,,,,,,,,,,,,,,,,,,,,,,,,,,,,,,,,
8d,2,1,1,0.41,,company_name,84843,0,never_instantiated,0,,,,,0,0,title,,752819,0,never_instantiated,0,,,,,0,0,name,,752819,0,never_instantiated,0,,,,,0,0,,aka_name,772581,0,never_instantiated,0,,,,,0,0,,role_type,1,0,never_instantiated,0,,,,,0,0,cast_info,movie_companies,2609129,0,never_instantiated,0,,,,,0,0,,,,,,,,,,,,,,,,,,,,,,,,,,,,,,,,,,,,,,,,,,,,,,,,,,,,,,,,,,,,,,,,,,,,,,,,,,,,,,,,,,,,,,,,,,,,,,,,,,,,,,,,,,,,,,,,,,,,,,,,
9a,2,5,1,0.28,aka_name,,115,0,never_instantiated,0,,,,,0,0,name,,143,0,never_instantiated,0,,,,,0,0,char_name,,143,0,never_instantiated,0,,,,,0,0,,company_name,84843,0,never_instantiated,0,,,,,0,0,,role_type,1,0,never_instantiated,0,,,,,0,0,,movie_companies,590994,0,never_instantiated,0,,,,,0,0,cast_info,title,1107586,0,never_instantiated,0,,,,,0,0,,,,,,,,,,,,,,,,,,,,,,,,,,,,,,,,,,,,,,,,,,,,,,,,,,,,,,,,,,,,,,,,,,,,,,,,,,,,,,,,,,,,,,,,,,,,,,,,,,,,,,,,,,,,
9b,2,0,1,0.21,title,,94,0,never_instantiated,0,,,,,0,0,role_type,,94,0,never_instantiated,0,,,,,0,0,name,,117,0,never_instantiated,0,,,,,0,0,company_name,,117,0,never_instantiated,0,,,,,0,0,movie_companies,,69,0,never_instantiated,0,,,,,0,0,char_name,,69,0,never_instantiated,0,,,,,0,0,aka_name,cast_info,22022,0,never_instantiated,0,,,,,0,0,,,,,,,,,,,,,,,,,,,,,,,,,,,,,,,,,,,,,,,,,,,,,,,,,,,,,,,,,,,,,,,,,,,,,,,,,,,,,,,,,,,,,,,,,,,,,,,,,,,,,,,,,,,,
9c,2,0,1,0.32,title,,8144,0,never_instantiated,0,,,,,0,0,,role_type,1,0,never_instantiated,0,,,,,0,0,name,,8194,0,never_instantiated,0,,,,,0,0,,company_name,84843,0,never_instantiated,0,,,,,0,0,,movie_companies,2609129,0,never_instantiated,0,,,,,0,0,char_name,,7775,0,never_instantiated,0,,,,,0,0,cast_info,aka_name,772581,0,never_instantiated,0,,,,,0,0,,,,,,,,,,,,,,,,,,,,,,,,,,,,,,,,,,,,,,,,,,,,,,,,,,,,,,,,,,,,,,,,,,,,,,,,,,,,,,,,,,,,,,,,,,,,,,,,,,,,,,,,,,,,
9d,2,15,1,0.47,char_name,,483082,0,never_instantiated,0,,,,,0,0,,role_type,1,0,never_instantiated,0,,,,,0,0,title,,505134,0,never_instantiated,0,,,,,0,0,,company_name,84843,0,never_instantiated,0,,,,,0,0,movie_companies,,503022,0,never_instantiated,0,,,,,0,0,,aka_name,772581,0,never_instantiated,0,,,,,0,0,cast_info,name,961555,0,never_instantiated,0,,,,,0,0,,,,,,,,,,,,,,,,,,,,,,,,,,,,,,,,,,,,,,,,,,,,,,,,,,,,,,,,,,,,,,,,,,,,,,,,,,,,,,,,,,,,,,,,,,,,,,,,,,,,,,,,,,,,
10a,2,14,1,0.24,,company_name,1361,0,never_instantiated,0,,,,,0,0,,company_type,2,0,never_instantiated,0,,,,,0,0,,title,1012641,0,never_instantiated,0,,,,,0,0,movie_companies,,195,0,never_instantiated,0,,,,,0,0,char_name,,195,0,never_instantiated,0,,,,,0,0,cast_info,role_type,1,0,never_instantiated,0,,,,,0,0,,,,,,,,,,,,,,,,,,,,,,,,,,,,,,,,,,,,,,,,,,,,,,,,,,,,,,,,,,,,,,,,,,,,,,,,,,,,,,,,,,,,,,,,,,,,,,,,,,,,,,,,,,,,,,,,,,,,,,,,
10b,2,2,1,0.19,,company_name,1361,0,never_instantiated,0,,,,,0,0,,title,391512,0,never_instantiated,0,,,,,0,0,,company_type,2,0,never_instantiated,0,,,,,0,0,movie_companies,,0,0,never_instantiated,0,,,,,0,0,char_name,,0,0,never_instantiated,0,,,,,0,0,cast_info,role_type,1,0,never_instantiated,0,,,,,0,0,,,,,,,,,,,,,,,,,,,,,,,,,,,,,,,,,,,,,,,,,,,,,,,,,,,,,,,,,,,,,,,,,,,,,,,,,,,,,,,,,,,,,,,,,,,,,,,,,,,,,,,,,,,,,,,,,,,,,,,,
10c,2,11,1,0.51,char_name,,10,0,never_instantiated,0,,,,,0,0,,company_type,2,0,never_instantiated,0,,,,,0,0,,company_name,84843,0,never_instantiated,0,,,,,0,0,movie_companies,,1071290,0,never_instantiated,0,,,,,0,0,,role_type,11,0,never_instantiated,0,,,,,0,0,cast_info,title,1748440,0,never_instantiated,0,,,,,0,0,,,,,,,,,,,,,,,,,,,,,,,,,,,,,,,,,,,,,,,,,,,,,,,,,,,,,,,,,,,,,,,,,,,,,,,,,,,,,,,,,,,,,,,,,,,,,,,,,,,,,,,,,,,,,,,,,,,,,,,,
11a,2,1,1,0.09,link_type,,310,0,never_instantiated,0,,,,,0,0,,keyword,1,0,never_instantiated,0,,,,,0,0,company_name,,664,0,never_instantiated,0,,,,,0,0,,company_type,1,0,never_instantiated,0,,,,,0,0,title,,664,0,never_instantiated,0,,,,,0,0,,movie_link,1332,0,never_instantiated,0,,,,,0,0,movie_keyword,movie_companies,523,0,never_instantiated,0,,,,,0,0,,,,,,,,,,,,,,,,,,,,,,,,,,,,,,,,,,,,,,,,,,,,,,,,,,,,,,,,,,,,,,,,,,,,,,,,,,,,,,,,,,,,,,,,,,,,,,,,,,,,,,,,,,,,
11b,2,6,1,0.09,,keyword,1,0,never_instantiated,0,,,,,0,0,company_name,,21,0,never_instantiated,0,,,,,0,0,,company_type,1,0,never_instantiated,0,,,,,0,0,movie_companies,,7,0,never_instantiated,0,,,,,0,0,title,,7,0,never_instantiated,0,,,,,0,0,,link_type,1,0,never_instantiated,0,,,,,0,0,movie_keyword,movie_link,1158,0,never_instantiated,0,,,,,0,0,,,,,,,,,,,,,,,,,,,,,,,,,,,,,,,,,,,,,,,,,,,,,,,,,,,,,,,,,,,,,,,,,,,,,,,,,,,,,,,,,,,,,,,,,,,,,,,,,,,,,,,,,,,,
11c,2,6,1,0.09,,company_type,1,0,never_instantiated,0,,,,,0,0,keyword,,6946,0,never_instantiated,0,,,,,0,0,company_name,,6946,0,never_instantiated,0,,,,,0,0,movie_companies,,270,0,never_instantiated,0,,,,,0,0,title,,270,0,never_instantiated,0,,,,,0,0,,link_type,17,0,never_instantiated,0,,,,,0,0,movie_keyword,movie_link,29997,0,never_instantiated,0,,,,,0,0,,,,,,,,,,,,,,,,,,,,,,,,,,,,,,,,,,,,,,,,,,,,,,,,,,,,,,,,,,,,,,,,,,,,,,,,,,,,,,,,,,,,,,,,,,,,,,,,,,,,,,,,,,,,
11d,2,2,1,0.10,,link_type,17,0,never_instantiated,0,,,,,0,0,keyword,,14899,0,never_instantiated,0,,,,,0,0,,company_type,1,0,never_instantiated,0,,,,,0,0,title,,14899,0,never_instantiated,0,,,,,0,0,company_name,,14916,0,never_instantiated,0,,,,,0,0,movie_companies,,1054,0,never_instantiated,0,,,,,0,0,movie_keyword,movie_link,17117,0,never_instantiated,0,,,,,0,0,,,,,,,,,,,,,,,,,,,,,,,,,,,,,,,,,,,,,,,,,,,,,,,,,,,,,,,,,,,,,,,,,,,,,,,,,,,,,,,,,,,,,,,,,,,,,,,,,,,,,,,,,,,,
12a,2,12,1,0.12,,info_type,1,0,never_instantiated,0,,,,,0,0,movie_info_idx,,419,0,never_instantiated,0,,,,,0,0,,company_type,1,0,never_instantiated,0,,,,,0,0,,company_name,84843,0,never_instantiated,0,,,,,0,0,movie_companies,,616,0,never_instantiated,0,,,,,0,0,title,,617,0,never_instantiated,0,,,,,0,0,movie_info,info_type,1,0,never_instantiated,0,,,,,0,0,,,,,,,,,,,,,,,,,,,,,,,,,,,,,,,,,,,,,,,,,,,,,,,,,,,,,,,,,,,,,,,,,,,,,,,,,,,,,,,,,,,,,,,,,,,,,,,,,,,,,,,,,,,,
12b,2,4,1,0.10,company_name,,33,0,never_instantiated,0,,,,,0,0,,company_type,2,0,never_instantiated,0,,,,,0,0,movie_companies,,2,0,never_instantiated,0,,,,,0,0,,info_type,1,0,never_instantiated,0,,,,,0,0,movie_info_idx,,2,0,never_instantiated,0,,,,,0,0,title,,2,0,never_instantiated,0,,,,,0,0,movie_info,info_type,1,0,never_instantiated,0,,,,,0,0,,,,,,,,,,,,,,,,,,,,,,,,,,,,,,,,,,,,,,,,,,,,,,,,,,,,,,,,,,,,,,,,,,,,,,,,,,,,,,,,,,,,,,,,,,,,,,,,,,,,,,,,,,,,
12c,2,14,1,0.13,company_type,,4711,0,never_instantiated,0,,,,,0,0,company_name,,15537,0,never_instantiated,0,,,,,0,0,movie_companies,,7963,0,never_instantiated,0,,,,,0,0,,info_type,1,0,never_instantiated,0,,,,,0,0,title,,22186,0,never_instantiated,0,,,,,0,0,,info_type,1,0,never_instantiated,0,,,,,0,0,movie_info,movie_info_idx,121571,0,never_instantiated,0,,,,,0,0,,,,,,,,,,,,,,,,,,,,,,,,,,,,,,,,,,,,,,,,,,,,,,,,,,,,,,,,,,,,,,,,,,,,,,,,,,,,,,,,,,,,,,,,,,,,,,,,,,,,,,,,,,,,
13a,2,16,1,0.15,,kind_type,1,0,never_instantiated,0,,,,,0,0,,info_type,1,0,never_instantiated,0,,,,,0,0,title,,134189,0,never_instantiated,0,,,,,0,0,,company_name,9775,0,never_instantiated,0,,,,,0,0,,company_type,1,0,never_instantiated,0,,,,,0,0,movie_info_idx,,175828,0,never_instantiated,0,,,,,0,0,movie_companies,,111344,0,never_instantiated,0,,,,,0,0,movie_info,info_type,1,0,never_instantiated,0,,,,,0,0,,,,,,,,,,,,,,,,,,,,,,,,,,,,,,,,,,,,,,,,,,,,,,,,,,,,,,,,,,,,,,,,,,,,,,,,,,,,,,,,,,,,,,,,,,,,,,,,
13b,2,14,1,0.11,company_type,,372,0,never_instantiated,0,,,,,0,0,,info_type,1,0,never_instantiated,0,,,,,0,0,,company_name,84843,0,never_instantiated,0,,,,,0,0,,kind_type,1,0,never_instantiated,0,,,,,0,0,movie_companies,,272,0,never_instantiated,0,,,,,0,0,title,,779,0,never_instantiated,0,,,,,0,0,,info_type,1,0,never_instantiated,0,,,,,0,0,movie_info,movie_info_idx,459917,0,never_instantiated,0,,,,,0,0,,,,,,,,,,,,,,,,,,,,,,,,,,,,,,,,,,,,,,,,,,,,,,,,,,,,,,,,,,,,,,,,,,,,,,,,,,,,,,,,,,,,,,,,,,,,,,,,
13c,2,6,1,0.10,company_name,,162,0,never_instantiated,0,,,,,0,0,,company_type,1,0,never_instantiated,0,,,,,0,0,movie_companies,,90,0,never_instantiated,0,,,,,0,0,,info_type,1,0,never_instantiated,0,,,,,0,0,,kind_type,1,0,never_instantiated,0,,,,,0,0,title,,179,0,never_instantiated,0,,,,,0,0,,info_type,1,0,never_instantiated,0,,,,,0,0,movie_info,movie_info_idx,459917,0,never_instantiated,0,,,,,0,0,,,,,,,,,,,,,,,,,,,,,,,,,,,,,,,,,,,,,,,,,,,,,,,,,,,,,,,,,,,,,,,,,,,,,,,,,,,,,,,,,,,,,,,,,,,,,,,,
13d,2,4,1,0.36,,info_type,1,0,never_instantiated,0,,,,,0,0,movie_info_idx,,795840,0,never_instantiated,0,,,,,0,0,,company_name,84843,0,never_instantiated,0,,,,,0,0,,company_type,1,0,never_instantiated,0,,,,,0,0,,kind_type,1,0,never_instantiated,0,,,,,0,0,movie_companies,,1083559,0,never_instantiated,0,,,,,0,0,title,,3036480,0,never_instantiated,0,,,,,0,0,movie_info,info_type,1,0,never_instantiated,0,,,,,0,0,,,,,,,,,,,,,,,,,,,,,,,,,,,,,,,,,,,,,,,,,,,,,,,,,,,,,,,,,,,,,,,,,,,,,,,,,,,,,,,,,,,,,,,,,,,,,,,,
14a,2,16,1,0.09,keyword,,761,0,never_instantiated,0,,,,,0,0,movie_keyword,,521,0,never_instantiated,0,,,,,0,0,,kind_type,1,0,never_instantiated,0,,,,,0,0,title,,529,0,never_instantiated,0,,,,,0,0,,info_type,1,0,never_instantiated,0,,,,,0,0,movie_info_idx,,938,0,never_instantiated,0,,,,,0,0,,info_type,1,0,never_instantiated,0,,,,,0,0,movie_info,,10,0,never_instantiated,0,,,,,0,0,,,,,,,,,,,,,,,,,,,,,,,,,,,,,,,,,,,,,,,,,,,,,,,,,,,,,,,,,,,,,,,,,,,,,,,,,,,,,,,,,,,,,,,,,,,,,,,,
14b,2,14,1,0.08,,kind_type,1,0,never_instantiated,0,,,,,0,0,keyword,,1,0,never_instantiated,0,,,,,0,0,,info_type,1,0,never_instantiated,0,,,,,0,0,movie_info_idx,,6,0,never_instantiated,0,,,,,0,0,title,,16,0,never_instantiated,0,,,,,0,0,,info_type,1,0,never_instantiated,0,,,,,0,0,movie_keyword,,16,0,never_instantiated,0,,,,,0,0,movie_info,,10,0,never_instantiated,0,,,,,0,0,,,,,,,,,,,,,,,,,,,,,,,,,,,,,,,,,,,,,,,,,,,,,,,,,,,,,,,,,,,,,,,,,,,,,,,,,,,,,,,,,,,,,,,,,,,,,,,,
14c,2,14,1,0.12,,info_type,1,0,never_instantiated,0,,,,,0,0,keyword,,4115,0,never_instantiated,0,,,,,0,0,,kind_type,2,0,never_instantiated,0,,,,,0,0,movie_info_idx,,6504,0,never_instantiated,0,,,,,0,0,title,,23916,0,never_instantiated,0,,,,,0,0,,info_type,1,0,never_instantiated,0,,,,,0,0,movie_keyword,,17733,0,never_instantiated,0,,,,,0,0,movie_info,,10,0,never_instantiated,0,,,,,0,0,,,,,,,,,,,,,,,,,,,,,,,,,,,,,,,,,,,,,,,,,,,,,,,,,,,,,,,,,,,,,,,,,,,,,,,,,,,,,,,,,,,,,,,,,,,,,,,,
15a,2,0,1,0.24,title,,482,0,never_instantiated,0,,,,,0,0,keyword,,482,0,never_instantiated,0,,,,,0,0,movie_keyword,,71,0,never_instantiated,0,,,,,0,0,company_type,,71,0,never_instantiated,0,,,,,0,0,company_name,,76,0,never_instantiated,0,,,,,0,0,movie_companies,,52,0,never_instantiated,0,,,,,0,0,,info_type,1,0,never_instantiated,0,,,,,0,0,movie_info,aka_title,361379,0,never_instantiated,0,,,,,0,0,,,,,,,,,,,,,,,,,,,,,,,,,,,,,,,,,,,,,,,,,,,,,,,,,,,,,,,,,,,,,,,,,,,,,,,,,,,,,,,,,,,,,,,,,,,,,,,,
15b,2,13,1,0.20,,company_name,1,0,never_instantiated,0,,,,,0,0,keyword,,37,0,never_instantiated,0,,,,,0,0,,company_type,2,0,never_instantiated,0,,,,,0,0,title,,37,0,never_instantiated,0,,,,,0,0,,info_type,1,0,never_instantiated,0,,,,,0,0,movie_companies,,37,0,never_instantiated,0,,,,,0,0,,aka_title,361379,0,never_instantiated,0,,,,,0,0,movie_keyword,movie_info,30,0,never_instantiated,0,,,,,0,0,,,,,,,,,,,,,,,,,,,,,,,,,,,,,,,,,,,,,,,,,,,,,,,,,,,,,,,,,,,,,,,,,,,,,,,,,,,,,,,,,,,,,,,,,,,,,,,,
15c,2,18,1,0.23,,company_type,2,0,never_instantiated,0,,,,,0,0,,company_name,84843,0,never_instantiated,0,,,,,0,0,movie_companies,,1150,0,never_instantiated,0,,,,,0,0,title,,1150,0,never_instantiated,0,,,,,0,0,,info_type,1,0,never_instantiated,0,,,,,0,0,,keyword,134170,0,never_instantiated,0,,,,,0,0,,aka_title,361379,0,never_instantiated,0,,,,,0,0,movie_keyword,movie_info,1783,0,never_instantiated,0,,,,,0,0,,,,,,,,,,,,,,,,,,,,,,,,,,,,,,,,,,,,,,,,,,,,,,,,,,,,,,,,,,,,,,,,,,,,,,,,,,,,,,,,,,,,,,,,,,,,,,,,
15d,2,16,1,0.18,,company_name,84843,0,never_instantiated,0,,,,,0,0,aka_title,,52513,0,never_instantiated,0,,,,,0,0,title,,52749,0,never_instantiated,0,,,,,0,0,,company_type,2,0,never_instantiated,0,,,,,0,0,,keyword,134170,0,never_instantiated,0,,,,,0,0,movie_keyword,,14401,0,never_instantiated,0,,,,,0,0,movie_companies,,10679,0,never_instantiated,0,,,,,0,0,movie_info,info_type,1,0,never_instantiated,0,,,,,0,0,,,,,,,,,,,,,,,,,,,,,,,,,,,,,,,,,,,,,,,,,,,,,,,,,,,,,,,,,,,,,,,,,,,,,,,,,,,,,,,,,,,,,,,,,,,,,,,,
16a,2,3,1,0.37,company_name,,898,0,never_instantiated,0,,,,,0,0,movie_companies,,933,0,never_instantiated,0,,,,,0,0,,keyword,1,0,never_instantiated,0,,,,,0,0,,aka_name,772581,0,never_instantiated,0,,,,,0,0,,movie_keyword,41838,0,never_instantiated,0,,,,,0,0,,title,169,0,never_instantiated,0,,,,,0,0,cast_info,name,4061923,0,never_instantiated,0,,,,,0,0,,,,,,,,,,,,,,,,,,,,,,,,,,,,,,,,,,,,,,,,,,,,,,,,,,,,,,,,,,,,,,,,,,,,,,,,,,,,,,,,,,,,,,,,,,,,,,,,,,,,,,,,,,,,
16b,2,8,1,0.95,,keyword,1,0,never_instantiated,0,,,,,0,0,movie_keyword,,3719996,0,never_instantiated,0,,,,,0,0,,company_name,84843,0,never_instantiated,0,,,,,0,0,,title,2525744,0,never_instantiated,0,,,,,0,0,,aka_name,772581,0,never_instantiated,0,,,,,0,0,,movie_companies,149235,0,never_instantiated,0,,,,,0,0,cast_info,name,4061923,0,never_instantiated,0,,,,,0,0,,,,,,,,,,,,,,,,,,,,,,,,,,,,,,,,,,,,,,,,,,,,,,,,,,,,,,,,,,,,,,,,,,,,,,,,,,,,,,,,,,,,,,,,,,,,,,,,,,,,,,,,,,,,
16c,2,18,1,0.54,,keyword,1,0,never_instantiated,0,,,,,0,0,,company_name,84843,0,never_instantiated,0,,,,,0,0,movie_keyword,,430264,0,never_instantiated,0,,,,,0,0,,movie_companies,2609129,0,never_instantiated,0,,,,,0,0,,aka_name,772581,0,never_instantiated,0,,,,,0,0,,title,946011,0,never_instantiated,0,,,,,0,0,cast_info,name,4061923,0,never_instantiated,0,,,,,0,0,,,,,,,,,,,,,,,,,,,,,,,,,,,,,,,,,,,,,,,,,,,,,,,,,,,,,,,,,,,,,,,,,,,,,,,,,,,,,,,,,,,,,,,,,,,,,,,,,,,,,,,,,,,,
16d,2,12,1,0.54,aka_name,,169273,0,never_instantiated,0,,,,,0,0,title,,2832555,0,never_instantiated,0,,,,,0,0,,keyword,1,0,never_instantiated,0,,,,,0,0,name,,2832555,0,never_instantiated,0,,,,,0,0,,company_name,84843,0,never_instantiated,0,,,,,0,0,,movie_companies,2609129,0,never_instantiated,0,,,,,0,0,cast_info,movie_keyword,41838,0,never_instantiated,0,,,,,0,0,,,,,,,,,,,,,,,,,,,,,,,,,,,,,,,,,,,,,,,,,,,,,,,,,,,,,,,,,,,,,,,,,,,,,,,,,,,,,,,,,,,,,,,,,,,,,,,,,,,,,,,,,,,,
17a,2,13,1,0.46,company_name,,702849,0,never_instantiated,0,,,,,0,0,movie_companies,,93315,0,never_instantiated,0,,,,,0,0,name,,1038380,0,never_instantiated,0,,,,,0,0,,keyword,1,0,never_instantiated,0,,,,,0,0,,title,2525744,0,never_instantiated,0,,,,,0,0,cast_info,movie_keyword,41838,0,never_instantiated,0,,,,,0,0,,,,,,,,,,,,,,,,,,,,,,,,,,,,,,,,,,,,,,,,,,,,,,,,,,,,,,,,,,,,,,,,,,,,,,,,,,,,,,,,,,,,,,,,,,,,,,,,,,,,,,,,,,,,,,,,,,,,,,,,
17b,2,4,1,0.36,,keyword,1,0,never_instantiated,0,,,,,0,0,,company_name,234997,0,never_instantiated,0,,,,,0,0,,title,2525744,0,never_instantiated,0,,,,,0,0,,movie_keyword,41838,0,never_instantiated,0,,,,,0,0,,name,35319,0,never_instantiated,0,,,,,0,0,cast_info,movie_companies,2609129,0,never_instantiated,0,,,,,0,0,,,,,,,,,,,,,,,,,,,,,,,,,,,,,,,,,,,,,,,,,,,,,,,,,,,,,,,,,,,,,,,,,,,,,,,,,,,,,,,,,,,,,,,,,,,,,,,,,,,,,,,,,,,,,,,,,,,,,,,,
17c,2,9,1,0.24,title,,1918,0,never_instantiated,0,,,,,0,0,company_name,,1918,0,never_instantiated,0,,,,,0,0,,keyword,1,0,never_instantiated,0,,,,,0,0,,movie_companies,2609129,0,never_instantiated,0,,,,,0,0,,name,2608,0,never_instantiated,0,,,,,0,0,cast_info,movie_keyword,41838,0,never_instantiated,0,,,,,0,0,,,,,,,,,,,,,,,,,,,,,,,,,,,,,,,,,,,,,,,,,,,,,,,,,,,,,,,,,,,,,,,,,,,,,,,,,,,,,,,,,,,,,,,,,,,,,,,,,,,,,,,,,,,,,,,,,,,,,,,,
17d,2,9,1,0.30,title,,11538,0,never_instantiated,0,,,,,0,0,company_name,,11538,0,never_instantiated,0,,,,,0,0,,keyword,1,0,never_instantiated,0,,,,,0,0,,movie_companies,2609129,0,never_instantiated,0,,,,,0,0,,name,5081,0,never_instantiated,0,,,,,0,0,cast_info,movie_keyword,41838,0,never_instantiated,0,,,,,0,0,,,,,,,,,,,,,,,,,,,,,,,,,,,,,,,,,,,,,,,,,,,,,,,,,,,,,,,,,,,,,,,,,,,,,,,,,,,,,,,,,,,,,,,,,,,,,,,,,,,,,,,,,,,,,,,,,,,,,,,,
17e,2,16,1,0.76,title,,2832555,0,never_instantiated,0,,,,,0,0,,keyword,1,0,never_instantiated,0,,,,,0,0,,company_name,84843,0,never_instantiated,0,,,,,0,0,,name,4061926,0,never_instantiated,0,,,,,0,0,,movie_keyword,41838,0,never_instantiated,0,,,,,0,0,cast_info,movie_companies,149235,0,never_instantiated,0,,,,,0,0,,,,,,,,,,,,,,,,,,,,,,,,,,,,,,,,,,,,,,,,,,,,,,,,,,,,,,,,,,,,,,,,,,,,,,,,,,,,,,,,,,,,,,,,,,,,,,,,,,,,,,,,,,,,,,,,,,,,,,,,
17f,2,1,1,0.51,company_name,,1113120,0,never_instantiated,0,,,,,0,0,title,,1113120,0,never_instantiated,0,,,,,0,0,name,,1935220,0,never_instantiated,0,,,,,0,0,movie_companies,,251377,0,never_instantiated,0,,,,,0,0,,keyword,1,0,never_instantiated,0,,,,,0,0,cast_info,movie_keyword,41838,0,never_instantiated,0,,,,,0,0,,,,,,,,,,,,,,,,,,,,,,,,,,,,,,,,,,,,,,,,,,,,,,,,,,,,,,,,,,,,,,,,,,,,,,,,,,,,,,,,,,,,,,,,,,,,,,,,,,,,,,,,,,,,,,,,,,,,,,,,
18a,2,18,1,0.30,,info_type,1,0,never_instantiated,0,,,,,0,0,movie_info,,412,0,never_instantiated,0,,,,,0,0,,info_type,1,0,never_instantiated,0,,,,,0,0,,movie_info_idx,459925,0,never_instantiated,0,,,,,0,0,title,,701,0,never_instantiated,0,,,,,0,0,cast_info,name,9062,0,never_instantiated,0,,,,,0,0,,,,,,,,,,,,,,,,,,,,,,,,,,,,,,,,,,,,,,,,,,,,,,,,,,,,,,,,,,,,,,,,,,,,,,,,,,,,,,,,,,,,,,,,,,,,,,,,,,,,,,,,,,,,,,,,,,,,,,,,
18b,2,13,1,0.29,,info_type,1,0,never_instantiated,0,,,,,0,0,,info_type,1,0,never_instantiated,0,,,,,0,0,name,,268,0,never_instantiated,0,,,,,0,0,movie_info,,240,0,never_instantiated,0,,,,,0,0,,title,30253,0,never_instantiated,0,,,,,0,0,,movie_info_idx,337,0,never_instantiated,0,,,,,0,0,cast_info,,5,0,never_instantiated,0,,,,,0,0,,,,,,,,,,,,,,,,,,,,,,,,,,,,,,,,,,,,,,,,,,,,,,,,,,,,,,,,,,,,,,,,,,,,,,,,,,,,,,,,,,,,,,,,,,,,,,,,,,,,,,,,,,,,
18c,2,1,1,0.43,,info_type,1,0,never_instantiated,0,,,,,0,0,title,,28073,0,never_instantiated,0,,,,,0,0,name,,54155,0,never_instantiated,0,,,,,0,0,,,38328,0,never_instantiated,0,,,,,0,0,movie_info,,6,0,never_instantiated,0,,,,,0,0,,info_type,1,0,never_instantiated,0,,,,,0,0,,movie_info_idx,459925,0,never_instantiated,0,,,,,0,0,cast_info,,5,0,never_instantiated,0,,,,,0,0,,,,,,,,,,,,,,,,,,,,,,,,,,,,,,,,,,,,,,,,,,,,,,,,,,,,,,,,,,,,,,,,,,,,,,,,,,,,,,,,,,,,,,,,,,,,,,,,
19a,2,17,1,0.32,,info_type,1,0,never_instantiated,0,,,,,0,0,,company_name,84843,0,never_instantiated,0,,,,,0,0,char_name,,194,0,never_instantiated,0,,,,,0,0,,role_type,1,0,never_instantiated,0,,,,,0,0,title,,338,0,never_instantiated,0,,,,,0,0,,aka_name,772581,0,never_instantiated,0,,,,,0,0,,movie_companies,590994,0,never_instantiated,0,,,,,0,0,,name,6768,0,never_instantiated,0,,,,,0,0,cast_info,movie_info,451027,0,never_instantiated,0,,,,,0,0,,,,,,,,,,,,,,,,,,,,,,,,,,,,,,,,,,,,,,,,,,,,,,,,,,,,,,,,,,,,,,,,,,,,,,,,,,,,,,,,,,,,
19b,2,1,1,0.26,company_name,,15,0,never_instantiated,0,,,,,0,0,info_type,,15,0,never_instantiated,0,,,,,0,0,aka_name,,3,0,never_instantiated,0,,,,,0,0,movie_info,,3,0,never_instantiated,0,,,,,0,0,name,,3,0,never_instantiated,0,,,,,0,0,movie_companies,,1,0,never_instantiated,0,,,,,0,0,title,,1,0,never_instantiated,0,,,,,0,0,,role_type,1,0,never_instantiated,0,,,,,0,0,char_name,cast_info,1,0,never_instantiated,0,,,,,0,0,,,,,,,,,,,,,,,,,,,,,,,,,,,,,,,,,,,,,,,,,,,,,,,,,,,,,,,,,,,,,,,,,,,,,,,,,,,,,,,,,,,,
19c,2,18,1,0.35,,role_type,1,0,never_instantiated,0,,,,,0,0,,info_type,1,0,never_instantiated,0,,,,,0,0,movie_info,,2199,0,never_instantiated,0,,,,,0,0,,company_name,84843,0,never_instantiated,0,,,,,0,0,movie_companies,,3062,0,never_instantiated,0,,,,,0,0,,aka_name,772581,0,never_instantiated,0,,,,,0,0,char_name,,1673,0,never_instantiated,0,,,,,0,0,,title,1381089,0,never_instantiated,0,,,,,0,0,cast_info,name,50011,0,never_instantiated,0,,,,,0,0,,,,,,,,,,,,,,,,,,,,,,,,,,,,,,,,,,,,,,,,,,,,,,,,,,,,,,,,,,,,,,,,,,,,,,,,,,,,,,,,,,,,
19d,2,12,1,0.57,,info_type,1,0,never_instantiated,0,,,,,0,0,title,,2711062,0,never_instantiated,0,,,,,0,0,,company_name,84843,0,never_instantiated,0,,,,,0,0,movie_info,,909946,0,never_instantiated,0,,,,,0,0,char_name,,909946,0,never_instantiated,0,,,,,0,0,aka_name,,473712,0,never_instantiated,0,,,,,0,0,name,,474025,0,never_instantiated,0,,,,,0,0,movie_companies,,276165,0,never_instantiated,0,,,,,0,0,cast_info,role_type,1,0,never_instantiated,0,,,,,0,0,,,,,,,,,,,,,,,,,,,,,,,,,,,,,,,,,,,,,,,,,,,,,,,,,,,,,,,,,,,,,,,,,,,,,,,,,,,,,,,,,,,,
20a,2,11,1,0.33,,comp_cast_type,1,0,never_instantiated,0,,,,,0,0,char_name,,310,0,never_instantiated,0,,,,,0,0,,comp_cast_type,2,0,never_instantiated,0,,,,,0,0,,,8,0,never_instantiated,0,,,,,0,0,name,,43224,0,never_instantiated,0,,,,,0,0,movie_keyword,,810,0,never_instantiated,0,,,,,0,0,,kind_type,1,0,never_instantiated,0,,,,,0,0,,title,491669,0,never_instantiated,0,,,,,0,0,cast_info,complete_cast,28045,0,never_instantiated,0,,,,,0,0,keyword,,8,0,never_instantiated,0,,,,,0,0,,,,,,,,,,,,,,,,,,,,,,,,,,,,,,,,,,,,,,,,,,,,,,,,,,,,,,,,,,,,,,,,,,,,,,,,
20b,2,2,1,0.22,,comp_cast_type,2,0,never_instantiated,0,,,,,0,0,,comp_cast_type,1,0,never_instantiated,0,,,,,0,0,,kind_type,1,0,never_instantiated,0,,,,,0,0,,complete_cast,84165,0,never_instantiated,0,,,,,0,0,title,,46,0,never_instantiated,0,,,,,0,0,,name,2,0,never_instantiated,0,,,,,0,0,,char_name,30,0,never_instantiated,0,,,,,0,0,,,8,0,never_instantiated,0,,,,,0,0,cast_info,movie_keyword,1053924,0,never_instantiated,0,,,,,0,0,keyword,,8,0,never_instantiated,0,,,,,0,0,,,,,,,,,,,,,,,,,,,,,,,,,,,,,,,,,,,,,,,,,,,,,,,,,,,,,,,,,,,,,,,,,,,,,,,,
20c,2,16,1,0.38,,kind_type,1,0,never_instantiated,0,,,,,0,0,,comp_cast_type,2,0,never_instantiated,0,,,,,0,0,,comp_cast_type,1,0,never_instantiated,0,,,,,0,0,title,,5406,0,never_instantiated,0,,,,,0,0,,,10,0,never_instantiated,0,,,,,0,0,name,,1146890,0,never_instantiated,0,,,,,0,0,,char_name,180152,0,never_instantiated,0,,,,,0,0,movie_keyword,,10864,0,never_instantiated,0,,,,,0,0,cast_info,complete_cast,84165,0,never_instantiated,0,,,,,0,0,keyword,,10,0,never_instantiated,0,,,,,0,0,,,,,,,,,,,,,,,,,,,,,,,,,,,,,,,,,,,,,,,,,,,,,,,,,,,,,,,,,,,,,,,,,,,,,,,,
21a,2,3,1,0.13,link_type,,1410,0,never_instantiated,0,,,,,0,0,movie_link,,78,0,never_instantiated,0,,,,,0,0,,company_type,1,0,never_instantiated,0,,,,,0,0,,keyword,1,0,never_instantiated,0,,,,,0,0,,company_name,48302,0,never_instantiated,0,,,,,0,0,movie_keyword,,167,0,never_instantiated,0,,,,,0,0,,movie_companies,47789,0,never_instantiated,0,,,,,0,0,,title,59831,0,never_instantiated,0,,,,,0,0,movie_info,,8,0,never_instantiated,0,,,,,0,0,,,,,,,,,,,,,,,,,,,,,,,,,,,,,,,,,,,,,,,,,,,,,,,,,,,,,,,,,,,,,,,,,,,,,,,,,,,,,,,,,,,,
21b,2,1,1,0.12,link_type,,38,0,never_instantiated,0,,,,,0,0,title,,308,0,never_instantiated,0,,,,,0,0,movie_link,,20,0,never_instantiated,0,,,,,0,0,company_name,,46,0,never_instantiated,0,,,,,0,0,,company_type,1,0,never_instantiated,0,,,,,0,0,movie_companies,,10,0,never_instantiated,0,,,,,0,0,,keyword,1,0,never_instantiated,0,,,,,0,0,movie_keyword,movie_info,10,0,never_instantiated,0,,,,,0,0,,,,,,,,,,,,,,,,,,,,,,,,,,,,,,,,,,,,,,,,,,,,,,,,,,,,,,,,,,,,,,,,,,,,,,,,,,,,,,,,,,,,,,,,,,,,,,,,
21c,2,14,1,0.12,link_type,,1874,0,never_instantiated,0,,,,,0,0,title,,1874,0,never_instantiated,0,,,,,0,0,,keyword,1,0,never_instantiated,0,,,,,0,0,movie_keyword,,1874,0,never_instantiated,0,,,,,0,0,company_name,,4393,0,never_instantiated,0,,,,,0,0,,company_type,1,0,never_instantiated,0,,,,,0,0,movie_companies,,736,0,never_instantiated,0,,,,,0,0,,movie_link,189,0,never_instantiated,0,,,,,0,0,movie_info,,9,0,never_instantiated,0,,,,,0,0,,,,,,,,,,,,,,,,,,,,,,,,,,,,,,,,,,,,,,,,,,,,,,,,,,,,,,,,,,,,,,,,,,,,,,,,,,,,,,,,,,,,
22a,2,0,1,0.19,kind_type,,3018,0,never_instantiated,0,,,,,0,0,title,,40185,0,never_instantiated,0,,,,,0,0,keyword,,40185,0,never_instantiated,0,,,,,0,0,movie_keyword,,22559,0,never_instantiated,0,,,,,0,0,,info_type,1,0,never_instantiated,0,,,,,0,0,movie_info_idx,,22559,0,never_instantiated,0,,,,,0,0,,company_type,2,0,never_instantiated,0,,,,,0,0,company_name,,25253,0,never_instantiated,0,,,,,0,0,movie_companies,,11748,0,never_instantiated,0,,,,,0,0,movie_info,info_type,1,0,never_instantiated,0,,,,,0,0,,,,,,,,,,,,,,,,,,,,,,,,,,,,,,,,,,,,,,,,,,,,,,,,,,,,,,,,,,,,,,,,,,,,,,,,
22b,2,10,1,0.18,keyword,,31,0,never_instantiated,0,,,,,0,0,movie_keyword,,17,0,never_instantiated,0,,,,,0,0,,kind_type,2,0,never_instantiated,0,,,,,0,0,company_type,,18,0,never_instantiated,0,,,,,0,0,title,,22559,0,never_instantiated,0,,,,,0,0,company_name,,25253,0,never_instantiated,0,,,,,0,0,movie_companies,,11747,0,never_instantiated,0,,,,,0,0,,info_type,1,0,never_instantiated,0,,,,,0,0,movie_info_idx,,11748,0,never_instantiated,0,,,,,0,0,movie_info,info_type,1,0,never_instantiated,0,,,,,0,0,,,,,,,,,,,,,,,,,,,,,,,,,,,,,,,,,,,,,,,,,,,,,,,,,,,,,,,,,,,,,,,,,,,,,,,,
22c,2,18,1,0.19,,info_type,1,0,never_instantiated,0,,,,,0,0,company_name,,23216,0,never_instantiated,0,,,,,0,0,,info_type,1,0,never_instantiated,0,,,,,0,0,movie_info_idx,,23608,0,never_instantiated,0,,,,,0,0,,kind_type,2,0,never_instantiated,0,,,,,0,0,title,,73168,0,never_instantiated,0,,,,,0,0,,company_type,2,0,never_instantiated,0,,,,,0,0,,movie_companies,303271,0,never_instantiated,0,,,,,0,0,,keyword,3,0,never_instantiated,0,,,,,0,0,movie_keyword,,17733,0,never_instantiated,0,,,,,0,0,movie_info,,10,0,never_instantiated,0,,,,,0,0,,,,,,,,,,,,,,,,,,,,,,,,,,,,,,,,,,,,,,,,,,,,,,,,,,,,,,,,,,,,
22d,2,10,1,0.19,keyword,,46281,0,never_instantiated,0,,,,,0,0,movie_keyword,,25671,0,never_instantiated,0,,,,,0,0,,kind_type,2,0,never_instantiated,0,,,,,0,0,,company_type,2,0,never_instantiated,0,,,,,0,0,title,,85053,0,never_instantiated,0,,,,,0,0,company_name,,153402,0,never_instantiated,0,,,,,0,0,movie_companies,,14949,0,never_instantiated,0,,,,,0,0,,info_type,1,0,never_instantiated,0,,,,,0,0,movie_info_idx,,17181,0,never_instantiated,0,,,,,0,0,,info_type,1,0,never_instantiated,0,,,,,0,0,movie_info,,10,0,never_instantiated,0,,,,,0,0,,,,,,,,,,,,,,,,,,,,,,,,,,,,,,,,,,,,,,,,,,,,,,,,,,,,,,,,,,,,
23a,2,18,1,0.20,,kind_type,1,0,never_instantiated,0,,,,,0,0,company_name,,618,0,never_instantiated,0,,,,,0,0,,company_type,2,0,never_instantiated,0,,,,,0,0,title,,618,0,never_instantiated,0,,,,,0,0,movie_companies,,615,0,never_instantiated,0,,,,,0,0,keyword,,615,0,never_instantiated,0,,,,,0,0,,comp_cast_type,1,0,never_instantiated,0,,,,,0,0,,info_type,1,0,never_instantiated,0,,,,,0,0,,complete_cast,24245,0,never_instantiated,0,,,,,0,0,movie_keyword,movie_info,3,0,never_instantiated,0,,,,,0,0,,,,,,,,,,,,,,,,,,,,,,,,,,,,,,,,,,,,,,,,,,,,,,,,,,,,,,,,,,,,,,,,,,,,,,,,
23b,2,0,1,0.19,kind_type,,16,0,never_instantiated,0,,,,,0,0,title,,16,0,never_instantiated,0,,,,,0,0,keyword,,16,0,never_instantiated,0,,,,,0,0,movie_keyword,,4,0,never_instantiated,0,,,,,0,0,company_type,,4,0,never_instantiated,0,,,,,0,0,company_name,,4,0,never_instantiated,0,,,,,0,0,movie_companies,,4,0,never_instantiated,0,,,,,0,0,,info_type,1,0,never_instantiated,0,,,,,0,0,,comp_cast_type,1,0,never_instantiated,0,,,,,0,0,movie_info,complete_cast,24245,0,never_instantiated,0,,,,,0,0,,,,,,,,,,,,,,,,,,,,,,,,,,,,,,,,,,,,,,,,,,,,,,,,,,,,,,,,,,,,,,,,,,,,,,,,
23c,2,2,1,0.25,keyword,,628,0,never_instantiated,0,,,,,0,0,,kind_type,4,0,never_instantiated,0,,,,,0,0,,comp_cast_type,1,0,never_instantiated,0,,,,,0,0,movie_keyword,,7,0,never_instantiated,0,,,,,0,0,title,,7,0,never_instantiated,0,,,,,0,0,,info_type,1,0,never_instantiated,0,,,,,0,0,,company_type,2,0,never_instantiated,0,,,,,0,0,complete_cast,,5,0,never_instantiated,0,,,,,0,0,,company_name,84843,0,never_instantiated,0,,,,,0,0,movie_info,movie_companies,2608923,0,never_instantiated,0,,,,,0,0,,,,,,,,,,,,,,,,,,,,,,,,,,,,,,,,,,,,,,,,,,,,,,,,,,,,,,,,,,,,,,,,,,,,,,,,
24a,2,4,1,0.34,company_name,,892,0,never_instantiated,0,,,,,0,0,,info_type,1,0,never_instantiated,0,,,,,0,0,title,,892,0,never_instantiated,0,,,,,0,0,,keyword,3,0,never_instantiated,0,,,,,0,0,movie_info,,344,0,never_instantiated,0,,,,,0,0,,aka_name,772581,0,never_instantiated,0,,,,,0,0,movie_companies,,29,0,never_instantiated,0,,,,,0,0,char_name,,29,0,never_instantiated,0,,,,,0,0,name,,30,0,never_instantiated,0,,,,,0,0,,role_type,1,0,never_instantiated,0,,,,,0,0,cast_info,movie_keyword,505,0,never_instantiated,0,,,,,0,0,,,,,,,,,,,,,,,,,,,,,,,,,,,,,,,,,,,,,,,,,,,,,,,,,,,,,,,,,,,,
24b,2,15,1,0.25,name,,45,0,never_instantiated,0,,,,,0,0,aka_name,,9,0,never_instantiated,0,,,,,0,0,keyword,,9,0,never_instantiated,0,,,,,0,0,,info_type,1,0,never_instantiated,0,,,,,0,0,movie_keyword,,5,0,never_instantiated,0,,,,,0,0,movie_info,,3,0,never_instantiated,0,,,,,0,0,,company_name,1,0,never_instantiated,0,,,,,0,0,movie_companies,,3,0,never_instantiated,0,,,,,0,0,char_name,,3,0,never_instantiated,0,,,,,0,0,,role_type,1,0,never_instantiated,0,,,,,0,0,cast_info,title,8,0,never_instantiated,0,,,,,0,0,,,,,,,,,,,,,,,,,,,,,,,,,,,,,,,,,,,,,,,,,,,,,,,,,,,,,,,,,,,,
25a,2,18,1,0.38,info_type,,4407,0,never_instantiated,0,,,,,0,0,movie_info_idx,,4690,0,never_instantiated,0,,,,,0,0,,,4690,0,never_instantiated,0,,,,,0,0,keyword,,5,0,never_instantiated,0,,,,,0,0,movie_keyword,,2287,0,never_instantiated,0,,,,,0,0,,info_type,1,0,never_instantiated,0,,,,,0,0,,movie_info,30413,0,never_instantiated,0,,,,,0,0,,title,34360,0,never_instantiated,0,,,,,0,0,,name,1739579,0,never_instantiated,0,,,,,0,0,cast_info,,5,0,never_instantiated,0,,,,,0,0,,,,,,,,,,,,,,,,,,,,,,,,,,,,,,,,,,,,,,,,,,,,,,,,,,,,,,,,,,,,,,,,,,,,,,,,
25b,2,16,1,0.30,,,6,0,never_instantiated,0,,,,,0,0,keyword,,5,0,never_instantiated,0,,,,,0,0,movie_keyword,,3,0,never_instantiated,0,,,,,0,0,title,,4,0,never_instantiated,0,,,,,0,0,info_type,,4,0,never_instantiated,0,,,,,0,0,,movie_info,30413,0,never_instantiated,0,,,,,0,0,name,,4,0,never_instantiated,0,,,,,0,0,,info_type,1,0,never_instantiated,0,,,,,0,0,,movie_info_idx,35706,0,never_instantiated,0,,,,,0,0,cast_info,,5,0,never_instantiated,0,,,,,0,0,,,,,,,,,,,,,,,,,,,,,,,,,,,,,,,,,,,,,,,,,,,,,,,,,,,,,,,,,,,,,,,,,,,,,,,,
25c,2,11,1,0.53,,info_type,1,0,never_instantiated,0,,,,,0,0,,,7,0,never_instantiated,0,,,,,0,0,movie_keyword,,28073,0,never_instantiated,0,,,,,0,0,,info_type,1,0,never_instantiated,0,,,,,0,0,,,19443,0,never_instantiated,0,,,,,0,0,movie_info,,6,0,never_instantiated,0,,,,,0,0,,name,1739579,0,never_instantiated,0,,,,,0,0,,title,145059,0,never_instantiated,0,,,,,0,0,,movie_info_idx,459925,0,never_instantiated,0,,,,,0,0,cast_info,,5,0,never_instantiated,0,,,,,0,0,keyword,,7,0,never_instantiated,0,,,,,0,0,,,,,,,,,,,,,,,,,,,,,,,,,,,,,,,,,,,,,,,,,,,,,,,,,,,,,,,,,,,,
26a,2,6,1,0.35,,comp_cast_type,2,0,never_instantiated,0,,,,,0,0,,comp_cast_type,1,0,never_instantiated,0,,,,,0,0,,kind_type,1,0,never_instantiated,0,,,,,0,0,complete_cast,,2929,0,never_instantiated,0,,,,,0,0,title,,2929,0,never_instantiated,0,,,,,0,0,,,10,0,never_instantiated,0,,,,,0,0,movie_keyword,,6111,0,never_instantiated,0,,,,,0,0,,info_type,1,0,never_instantiated,0,,,,,0,0,name,,6111,0,never_instantiated,0,,,,,0,0,,movie_info_idx,121570,0,never_instantiated,0,,,,,0,0,cast_info,char_name,180152,0,never_instantiated,0,,,,,0,0,keyword,,10,0,never_instantiated,0,,,,,0,0,,,,,,,,,,,,,,,,,,,,,,,,,,,,,,,,,,,,,,,,,,,,,,,,
26b,2,14,1,0.28,,kind_type,1,0,never_instantiated,0,,,,,0,0,,comp_cast_type,2,0,never_instantiated,0,,,,,0,0,keyword,,93,0,never_instantiated,0,,,,,0,0,,comp_cast_type,1,0,never_instantiated,0,,,,,0,0,title,,93,0,never_instantiated,0,,,,,0,0,,info_type,1,0,never_instantiated,0,,,,,0,0,char_name,,93,0,never_instantiated,0,,,,,0,0,name,,93,0,never_instantiated,0,,,,,0,0,,complete_cast,84165,0,never_instantiated,0,,,,,0,0,,movie_keyword,9984,0,never_instantiated,0,,,,,0,0,cast_info,movie_info_idx,24,0,never_instantiated,0,,,,,0,0,,,,,,,,,,,,,,,,,,,,,,,,,,,,,,,,,,,,,,,,,,,,,,,,,,,,,,,,,,,,
26c,2,15,1,0.38,,kind_type,1,0,never_instantiated,0,,,,,0,0,,info_type,1,0,never_instantiated,0,,,,,0,0,char_name,,5431,0,never_instantiated,0,,,,,0,0,title,,5431,0,never_instantiated,0,,,,,0,0,name,,5431,0,never_instantiated,0,,,,,0,0,movie_info_idx,,5437,0,never_instantiated,0,,,,,0,0,,comp_cast_type,2,0,never_instantiated,0,,,,,0,0,,comp_cast_type,1,0,never_instantiated,0,,,,,0,0,,,10,0,never_instantiated,0,,,,,0,0,,complete_cast,84165,0,never_instantiated,0,,,,,0,0,cast_info,movie_keyword,4523786,0,never_instantiated,0,,,,,0,0,keyword,,10,0,never_instantiated,0,,,,,0,0,,,,,,,,,,,,,,,,,,,,,,,,,,,,,,,,,,,,,,,,,,,,,,,,
27a,2,1,1,0.13,comp_cast_type,,477,0,never_instantiated,0,,,,,0,0,comp_cast_type,,477,0,never_instantiated,0,,,,,0,0,complete_cast,,477,0,never_instantiated,0,,,,,0,0,link_type,,477,0,never_instantiated,0,,,,,0,0,company_type,,477,0,never_instantiated,0,,,,,0,0,,keyword,1,0,never_instantiated,0,,,,,0,0,title,,477,0,never_instantiated,0,,,,,0,0,movie_keyword,,477,0,never_instantiated,0,,,,,0,0,company_name,,1106,0,never_instantiated,0,,,,,0,0,,movie_link,183,0,never_instantiated,0,,,,,0,0,movie_info,movie_companies,47709,0,never_instantiated,0,,,,,0,0,,,,,,,,,,,,,,,,,,,,,,,,,,,,,,,,,,,,,,,,,,,,,,,,,,,,,,,,,,,,
27b,2,2,1,0.11,company_type,,247,0,never_instantiated,0,,,,,0,0,title,,247,0,never_instantiated,0,,,,,0,0,,keyword,1,0,never_instantiated,0,,,,,0,0,,link_type,2,0,never_instantiated,0,,,,,0,0,movie_link,,13,0,never_instantiated,0,,,,,0,0,,comp_cast_type,2,0,never_instantiated,0,,,,,0,0,,comp_cast_type,1,0,never_instantiated,0,,,,,0,0,,complete_cast,5560,0,never_instantiated,0,,,,,0,0,,company_name,48302,0,never_instantiated,0,,,,,0,0,,movie_companies,47709,0,never_instantiated,0,,,,,0,0,movie_keyword,movie_info,5,0,never_instantiated,0,,,,,0,0,,,,,,,,,,,,,,,,,,,,,,,,,,,,,,,,,,,,,,,,,,,,,,,,,,,,,,,,,,,,
27c,2,12,1,0.12,title,,743,0,never_instantiated,0,,,,,0,0,comp_cast_type,,743,0,never_instantiated,0,,,,,0,0,,keyword,1,0,never_instantiated,0,,,,,0,0,,comp_cast_type,2,0,never_instantiated,0,,,,,0,0,,company_type,1,0,never_instantiated,0,,,,,0,0,complete_cast,,743,0,never_instantiated,0,,,,,0,0,,link_type,2,0,never_instantiated,0,,,,,0,0,company_name,,1808,0,never_instantiated,0,,,,,0,0,,movie_link,234,0,never_instantiated,0,,,,,0,0,,movie_companies,131,0,never_instantiated,0,,,,,0,0,movie_keyword,,20,0,never_instantiated,0,,,,,0,0,movie_info,,9,0,never_instantiated,0,,,,,0,0,,,,,,,,,,,,,,,,,,,,,,,,,,,,,,,,,,,,,,,,,,,,,,,,
28a,2,12,1,0.18,kind_type,,4979,0,never_instantiated,0,,,,,0,0,comp_cast_type,,4979,0,never_instantiated,0,,,,,0,0,title,,8121,0,never_instantiated,0,,,,,0,0,,info_type,1,0,never_instantiated,0,,,,,0,0,company_name,,8728,0,never_instantiated,0,,,,,0,0,,comp_cast_type,1,0,never_instantiated,0,,,,,0,0,,info_type,1,0,never_instantiated,0,,,,,0,0,,company_type,2,0,never_instantiated,0,,,,,0,0,keyword,,8728,0,never_instantiated,0,,,,,0,0,movie_keyword,,4987,0,never_instantiated,0,,,,,0,0,movie_companies,,2178,0,never_instantiated,0,,,,,0,0,movie_info_idx,,2188,0,never_instantiated,0,,,,,0,0,,complete_cast,41631,0,never_instantiated,0,,,,,0,0,movie_info,,10,0,never_instantiated,0,,,,,0,0,,,,,,,,,,,,,,,,,,,,,,,,
28b,2,10,1,0.16,info_type,,148,0,never_instantiated,0,,,,,0,0,comp_cast_type,,148,0,never_instantiated,0,,,,,0,0,movie_info_idx,,210,0,never_instantiated,0,,,,,0,0,,info_type,1,0,never_instantiated,0,,,,,0,0,company_name,,212,0,never_instantiated,0,,,,,0,0,,kind_type,2,0,never_instantiated,0,,,,,0,0,,comp_cast_type,1,0,never_instantiated,0,,,,,0,0,complete_cast,,225,0,never_instantiated,0,,,,,0,0,,keyword,3,0,never_instantiated,0,,,,,0,0,,company_type,2,0,never_instantiated,0,,,,,0,0,,movie_companies,303264,0,never_instantiated,0,,,,,0,0,,title,11468,0,never_instantiated,0,,,,,0,0,movie_keyword,movie_info,27,0,never_instantiated,0,,,,,0,0,,,,,,,,,,,,,,,,,,,,,,,,,,,,,,,,,,,,
28c,2,15,1,0.19,kind_type,,8668,0,never_instantiated,0,,,,,0,0,title,,22138,0,never_instantiated,0,,,,,0,0,company_type,,22138,0,never_instantiated,0,,,,,0,0,comp_cast_type,,22138,0,never_instantiated,0,,,,,0,0,keyword,,22138,0,never_instantiated,0,,,,,0,0,movie_keyword,,11787,0,never_instantiated,0,,,,,0,0,company_name,,12576,0,never_instantiated,0,,,,,0,0,movie_companies,,3426,0,never_instantiated,0,,,,,0,0,,info_type,1,0,never_instantiated,0,,,,,0,0,,comp_cast_type,1,0,never_instantiated,0,,,,,0,0,complete_cast,,3482,0,never_instantiated,0,,,,,0,0,,info_type,1,0,never_instantiated,0,,,,,0,0,,movie_info_idx,4707,0,never_instantiated,0,,,,,0,0,movie_info,,10,0,never_instantiated,0,,,,,0,0,,,,,,,,,,,,,,,,,,,,,,,,
29a,2,0,1,0.28,title,,1620,0,never_instantiated,0,,,,,0,0,role_type,,1620,0,never_instantiated,0,,,,,0,0,info_type,,1620,0,never_instantiated,0,,,,,0,0,person_info,,30,0,never_instantiated,0,,,,,0,0,name,,30,0,never_instantiated,0,,,,,0,0,keyword,,30,0,never_instantiated,0,,,,,0,0,movie_keyword,,30,0,never_instantiated,0,,,,,0,0,info_type,,30,0,never_instantiated,0,,,,,0,0,movie_info,,15,0,never_instantiated,0,,,,,0,0,company_name,,66,0,never_instantiated,0,,,,,0,0,movie_companies,,3,0,never_instantiated,0,,,,,0,0,comp_cast_type,,3,0,never_instantiated,0,,,,,0,0,comp_cast_type,,3,0,never_instantiated,0,,,,,0,0,complete_cast,,3,0,never_instantiated,0,,,,,0,0,,char_name,1,0,never_instantiated,0,,,,,0,0,cast_info,aka_name,772581,0,never_instantiated,0,,,,,0,0
29b,2,16,1,0.25,char_name,,15,0,never_instantiated,0,,,,,0,0,keyword,,15,0,never_instantiated,0,,,,,0,0,info_type,,15,0,never_instantiated,0,,,,,0,0,info_type,,15,0,never_instantiated,0,,,,,0,0,title,,15,0,never_instantiated,0,,,,,0,0,movie_info,,15,0,never_instantiated,0,,,,,0,0,,comp_cast_type,1,0,never_instantiated,0,,,,,0,0,,company_name,84843,0,never_instantiated,0,,,,,0,0,movie_keyword,,66,0,never_instantiated,0,,,,,0,0,movie_companies,,3,0,never_instantiated,0,,,,,0,0,aka_name,,1,0,never_instantiated,0,,,,,0,0,person_info,,1,0,never_instantiated,0,,,,,0,0,,comp_cast_type,1,0,never_instantiated,0,,,,,0,0,,role_type,1,0,never_instantiated,0,,,,,0,0,,complete_cast,17602,0,never_instantiated,0,,,,,0,0,cast_info,name,2451,0,never_instantiated,0,,,,,0,0
29c,2,6,1,0.36,title,,16368,0,never_instantiated,0,,,,,0,0,comp_cast_type,,16368,0,never_instantiated,0,,,,,0,0,company_name,,75428,0,never_instantiated,0,,,,,0,0,info_type,,75428,0,never_instantiated,0,,,,,0,0,,keyword,1,0,never_instantiated,0,,,,,0,0,,comp_cast_type,1,0,never_instantiated,0,,,,,0,0,movie_keyword,,75428,0,never_instantiated,0,,,,,0,0,,info_type,1,0,never_instantiated,0,,,,,0,0,char_name,,75428,0,never_instantiated,0,,,,,0,0,movie_info,,27464,0,never_instantiated,0,,,,,0,0,movie_companies,,1062,0,never_instantiated,0,,,,,0,0,person_info,,16,0,never_instantiated,0,,,,,0,0,complete_cast,,16,0,never_instantiated,0,,,,,0,0,aka_name,,5,0,never_instantiated,0,,,,,0,0,,role_type,1,0,never_instantiated,0,,,,,0,0,cast_info,name,50011,0,never_instantiated,0,,,,,0,0
30a,2,10,1,0.38,,comp_cast_type,2,0,never_instantiated,0,,,,,0,0,,,757,0,never_instantiated,0,,,,,0,0,keyword,,7,0,never_instantiated,0,,,,,0,0,,comp_cast_type,1,0,never_instantiated,0,,,,,0,0,,info_type,1,0,never_instantiated,0,,,,,0,0,movie_info_idx,,757,0,never_instantiated,0,,,,,0,0,,info_type,1,0,never_instantiated,0,,,,,0,0,,complete_cast,24245,0,never_instantiated,0,,,,,0,0,movie_keyword,,218,0,never_instantiated,0,,,,,0,0,movie_info,,186,0,never_instantiated,0,,,,,0,0,,title,850,0,never_instantiated,0,,,,,0,0,,name,1739579,0,never_instantiated,0,,,,,0,0,cast_info,,5,0,never_instantiated,0,,,,,0,0,,,,,,,,,,,,,,,,,,,,,,,,,,,,,,,,,,,,
30b,2,13,1,0.34,,info_type,1,0,never_instantiated,0,,,,,0,0,title,,28,0,never_instantiated,0,,,,,0,0,movie_info_idx,,28,0,never_instantiated,0,,,,,0,0,,info_type,1,0,never_instantiated,0,,,,,0,0,,,7,0,never_instantiated,0,,,,,0,0,movie_info,,777,0,never_instantiated,0,,,,,0,0,name,,777,0,never_instantiated,0,,,,,0,0,movie_keyword,,6,0,never_instantiated,0,,,,,0,0,,comp_cast_type,2,0,never_instantiated,0,,,,,0,0,,comp_cast_type,1,0,never_instantiated,0,,,,,0,0,,complete_cast,24245,0,never_instantiated,0,,,,,0,0,cast_info,,5,0,never_instantiated,0,,,,,0,0,keyword,,7,0,never_instantiated,0,,,,,0,0,,,,,,,,,,,,,,,,,,,,,,,,,,,,,,,,,,,,
30c,2,15,1,0.41,,info_type,1,0,never_instantiated,0,,,,,0,0,movie_info_idx,,8024,0,never_instantiated,0,,,,,0,0,,info_type,1,0,never_instantiated,0,,,,,0,0,title,,8024,0,never_instantiated,0,,,,,0,0,name,,11866,0,never_instantiated,0,,,,,0,0,,comp_cast_type,1,0,never_instantiated,0,,,,,0,0,,,6432,0,never_instantiated,0,,,,,0,0,movie_info,,6,0,never_instantiated,0,,,,,0,0,,comp_cast_type,1,0,never_instantiated,0,,,,,0,0,,complete_cast,6815,0,never_instantiated,0,,,,,0,0,,,7,0,never_instantiated,0,,,,,0,0,,movie_keyword,396634,0,never_instantiated,0,,,,,0,0,cast_info,,5,0,never_instantiated,0,,,,,0,0,keyword,,7,0,never_instantiated,0,,,,,0,0,,,,,,,,,,,,,,,,,,,,,,,,
31a,2,14,1,0.39,,info_type,1,0,never_instantiated,0,,,,,0,0,,company_name,10,0,never_instantiated,0,,,,,0,0,movie_companies,,678,0,never_instantiated,0,,,,,0,0,,info_type,1,0,never_instantiated,0,,,,,0,0,movie_info,,516,0,never_instantiated,0,,,,,0,0,,name,1739579,0,never_instantiated,0,,,,,0,0,title,,665,0,never_instantiated,0,,,,,0,0,,,7,0,never_instantiated,0,,,,,0,0,,movie_keyword,22032,0,never_instantiated,0,,,,,0,0,,movie_info_idx,294,0,never_instantiated,0,,,,,0,0,cast_info,,5,0,never_instantiated,0,,,,,0,0,keyword,,7,0,never_instantiated,0,,,,,0,0,,,,,,,,,,,,,,,,,,,,,,,,,,,,,,,,,,,,,,,,,,,,,,,,
31b,2,9,1,0.31,,info_type,1,0,never_instantiated,0,,,,,0,0,movie_info_idx,,84,0,never_instantiated,0,,,,,0,0,company_name,,84,0,never_instantiated,0,,,,,0,0,,info_type,1,0,never_instantiated,0,,,,,0,0,,title,533,0,never_instantiated,0,,,,,0,0,movie_info,,53,0,never_instantiated,0,,,,,0,0,,,7,0,never_instantiated,0,,,,,0,0,name,,1591,0,never_instantiated,0,,,,,0,0,,movie_companies,135,0,never_instantiated,0,,,,,0,0,,movie_keyword,715,0,never_instantiated,0,,,,,0,0,cast_info,,5,0,never_instantiated,0,,,,,0,0,keyword,,7,0,never_instantiated,0,,,,,0,0,,,,,,,,,,,,,,,,,,,,,,,,,,,,,,,,,,,,,,,,,,,,,,,,
31c,2,18,1,0.48,,,2825,0,never_instantiated,0,,,,,0,0,keyword,,7,0,never_instantiated,0,,,,,0,0,movie_keyword,,823,0,never_instantiated,0,,,,,0,0,,info_type,1,0,never_instantiated,0,,,,,0,0,movie_info_idx,,823,0,never_instantiated,0,,,,,0,0,,company_name,10,0,never_instantiated,0,,,,,0,0,name,,823,0,never_instantiated,0,,,,,0,0,,info_type,1,0,never_instantiated,0,,,,,0,0,,,31650,0,never_instantiated,0,,,,,0,0,,title,2525744,0,never_instantiated,0,,,,,0,0,,movie_companies,1814,0,never_instantiated,0,,,,,0,0,cast_info,,5,0,never_instantiated,0,,,,,0,0,movie_info,,6,0,never_instantiated,0,,,,,0,0,,,,,,,,,,,,,,,,,,,,,,,,,,,,,,,,,,,,
32a,2,2,1,0.07,link_type,,0,0,never_instantiated,0,,,,,0,0,title,,0,0,never_instantiated,0,,,,,0,0,movie_link,,0,0,never_instantiated,0,,,,,0,0,,keyword,1,0,never_instantiated,0,,,,,0,0,movie_keyword,title,186174,0,never_instantiated,0,,,,,0,0,,,,,,,,,,,,,,,,,,,,,,,,,,,,,,,,,,,,,,,,,,,,,,,,,,,,,,,,,,,,,,,,,,,,,,,,,,,,,,,,,,,,,,,,,,,,,,,,,,,,,,,,,,,,,,,,,,,,,,,,,,,,,,,,,,,,
32b,2,6,1,0.10,link_type,,4388,0,never_instantiated,0,,,,,0,0,title,,4388,0,never_instantiated,0,,,,,0,0,movie_link,,2233,0,never_instantiated,0,,,,,0,0,title,,2233,0,never_instantiated,0,,,,,0,0,movie_keyword,keyword,1,0,never_instantiated,0,,,,,0,0,,,,,,,,,,,,,,,,,,,,,,,,,,,,,,,,,,,,,,,,,,,,,,,,,,,,,,,,,,,,,,,,,,,,,,,,,,,,,,,,,,,,,,,,,,,,,,,,,,,,,,,,,,,,,,,,,,,,,,,,,,,,,,,,,,,,
33a,2,9,1,0.09,company_name,,28,0,never_instantiated,0,,,,,0,0,company_name,,28,0,never_instantiated,0,,,,,0,0,info_type,,28,0,never_instantiated,0,,,,,0,0,kind_type,,28,0,never_instantiated,0,,,,,0,0,title,,28,0,never_instantiated,0,,,,,0,0,movie_companies,,10,0,never_instantiated,0,,,,,0,0,,info_type,1,0,never_instantiated,0,,,,,0,0,movie_info_idx,,11,0,never_instantiated,0,,,,,0,0,,link_type,2,0,never_instantiated,0,,,,,0,0,,kind_type,1,0,never_instantiated,0,,,,,0,0,title,,11,0,never_instantiated,0,,,,,0,0,,movie_link,1454,0,never_instantiated,0,,,,,0,0,movie_companies,movie_info_idx,28,0,never_instantiated,0,,,,,0,0,,,,,,,,,,,,,,,,,,,,,,,,,,,,,,,,,,,,
33b,2,4,1,0.08,company_name,,4,0,never_instantiated,0,,,,,0,0,movie_companies,,4,0,never_instantiated,0,,,,,0,0,info_type,,4,0,never_instantiated,0,,,,,0,0,kind_type,,4,0,never_instantiated,0,,,,,0,0,title,,4,0,never_instantiated,0,,,,,0,0,info_type,,4,0,never_instantiated,0,,,,,0,0,,link_type,2,0,never_instantiated,0,,,,,0,0,,kind_type,1,0,never_instantiated,0,,,,,0,0,movie_info_idx,,4,0,never_instantiated,0,,,,,0,0,movie_link,,4,0,never_instantiated,0,,,,,0,0,movie_info_idx,,4,0,never_instantiated,0,,,,,0,0,,title,4056,0,never_instantiated,0,,,,,0,0,movie_companies,company_name,234997,0,never_instantiated,0,,,,,0,0,,,,,,,,,,,,,,,,,,,,,,,,,,,,,,,,,,,,
33c,2,15,1,0.12,kind_type,,114,0,never_instantiated,0,,,,,0,0,title,,114,0,never_instantiated,0,,,,,0,0,info_type,,114,0,never_instantiated,0,,,,,0,0,company_name,,131,0,never_instantiated,0,,,,,0,0,,link_type,2,0,never_instantiated,0,,,,,0,0,movie_companies,,44,0,never_instantiated,0,,,,,0,0,movie_info_idx,,48,0,never_instantiated,0,,,,,0,0,,kind_type,2,0,never_instantiated,0,,,,,0,0,movie_link,,38,0,never_instantiated,0,,,,,0,0,,info_type,1,0,never_instantiated,0,,,,,0,0,,movie_info_idx,36,0,never_instantiated,0,,,,,0,0,,company_name,234997,0,never_instantiated,0,,,,,0,0,movie_companies,title,89,0,never_instantiated,0,,,,,0,0,,,,,,,,,,,,,,,,,,,,,,,,,,,,,,,,,,,,
1a,3,19,1,0.06,title,,142,0,never_instantiated,0,,,,,0,0,,info_type,1,0,never_instantiated,0,,,,,0,0,,company_type,1,0,never_instantiated,0,,,,,0,0,movie_info_idx,movie_companies,188,0,never_instantiated,0,,,,,0,0,,,,,,,,,,,,,,,,,,,,,,,,,,,,,,,,,,,,,,,,,,,,,,,,,,,,,,,,,,,,,,,,,,,,,,,,,,,,,,,,,,,,,,,,,,,,,,,,,,,,,,,,,,,,,,,,,,,,,,,,,,,,,,,,,,,,,,,,,,,,,,,,
1b,3,15,1,0.05,,info_type,1,0,never_instantiated,0,,,,,0,0,movie_info_idx,,3,0,never_instantiated,0,,,,,0,0,title,,3,0,never_instantiated,0,,,,,0,0,movie_companies,company_type,1,0,never_instantiated,0,,,,,0,0,,,,,,,,,,,,,,,,,,,,,,,,,,,,,,,,,,,,,,,,,,,,,,,,,,,,,,,,,,,,,,,,,,,,,,,,,,,,,,,,,,,,,,,,,,,,,,,,,,,,,,,,,,,,,,,,,,,,,,,,,,,,,,,,,,,,,,,,,,,,,,,,
1c,3,4,1,0.09,,company_type,1,0,never_instantiated,0,,,,,0,0,,info_type,1,0,never_instantiated,0,,,,,0,0,title,,3,0,never_instantiated,0,,,,,0,0,movie_info_idx,movie_companies,7,0,never_instantiated,0,,,,,0,0,,,,,,,,,,,,,,,,,,,,,,,,,,,,,,,,,,,,,,,,,,,,,,,,,,,,,,,,,,,,,,,,,,,,,,,,,,,,,,,,,,,,,,,,,,,,,,,,,,,,,,,,,,,,,,,,,,,,,,,,,,,,,,,,,,,,,,,,,,,,,,,,
1d,3,8,1,0.06,,info_type,1,0,never_instantiated,0,,,,,0,0,,company_type,1,0,never_instantiated,0,,,,,0,0,movie_info_idx,,4,0,never_instantiated,0,,,,,0,0,movie_companies,title,9,0,never_instantiated,0,,,,,0,0,,,,,,,,,,,,,,,,,,,,,,,,,,,,,,,,,,,,,,,,,,,,,,,,,,,,,,,,,,,,,,,,,,,,,,,,,,,,,,,,,,,,,,,,,,,,,,,,,,,,,,,,,,,,,,,,,,,,,,,,,,,,,,,,,,,,,,,,,,,,,,,,
2a,3,18,1,0.10,company_name,,7839,0,never_instantiated,0,,,,,0,0,movie_companies,,4381,0,never_instantiated,0,,,,,0,0,title,,41838,0,never_instantiated,0,,,,,0,0,movie_keyword,keyword,1,0,never_instantiated,0,,,,,0,0,,,,,,,,,,,,,,,,,,,,,,,,,,,,,,,,,,,,,,,,,,,,,,,,,,,,,,,,,,,,,,,,,,,,,,,,,,,,,,,,,,,,,,,,,,,,,,,,,,,,,,,,,,,,,,,,,,,,,,,,,,,,,,,,,,,,,,,,,,,,,,,,
2b,3,1,1,0.10,title,,5228,0,never_instantiated,0,,,,,0,0,company_name,,5259,0,never_instantiated,0,,,,,0,0,,keyword,1,0,never_instantiated,0,,,,,0,0,movie_keyword,movie_companies,56774,0,never_instantiated,0,,,,,0,0,,,,,,,,,,,,,,,,,,,,,,,,,,,,,,,,,,,,,,,,,,,,,,,,,,,,,,,,,,,,,,,,,,,,,,,,,,,,,,,,,,,,,,,,,,,,,,,,,,,,,,,,,,,,,,,,,,,,,,,,,,,,,,,,,,,,,,,,,,,,,,,,
2c,3,14,1,0.05,,keyword,1,0,never_instantiated,0,,,,,0,0,,company_name,1,0,never_instantiated,0,,,,,0,0,,movie_companies,2,0,never_instantiated,0,,,,,0,0,movie_keyword,title,2,0,never_instantiated,0,,,,,0,0,,,,,,,,,,,,,,,,,,,,,,,,,,,,,,,,,,,,,,,,,,,,,,,,,,,,,,,,,,,,,,,,,,,,,,,,,,,,,,,,,,,,,,,,,,,,,,,,,,,,,,,,,,,,,,,,,,,,,,,,,,,,,,,,,,,,,,,,,,,,,,,,
2d,3,1,1,0.17,title,,68316,0,never_instantiated,0,,,,,0,0,company_name,,148552,0,never_instantiated,0,,,,,0,0,,keyword,1,0,never_instantiated,0,,,,,0,0,movie_keyword,movie_companies,2609129,1,active,41838,,,,,0,0,,,,,,,,,,,,,,,,,,,,,,,,,,,,,,,,,,,,,,,,,,,,,,,,,,,,,,,,,,,,,,,,,,,,,,,,,,,,,,,,,,,,,,,,,,,,,,,,,,,,,,,,,,,,,,,,,,,,,,,,,,,,,,,,,,,,,,,,,,,,,,,,
3a,3,8,1,0.34,,keyword,30,0,never_instantiated,0,,,,,0,0,,title,1012683,1,active,2119,,,,,0,0,movie_keyword,,2007,0,never_instantiated,0,,,,,0,0,movie_info,,8,0,never_instantiated,0,,,,,0,0,,,,,,,,,,,,,,,,,,,,,,,,,,,,,,,,,,,,,,,,,,,,,,,,,,,,,,,,,,,,,,,,,,,,,,,,,,,,,,,,,,,,,,,,,,,,,,,,,,,,,,,,,,,,,,,,,,,,,,,,,,,,,,,,,,,,,,,,,,,,,,,,
3b,3,7,1,0.27,keyword,,5,0,never_instantiated,0,,,,,0,0,movie_keyword,,3,0,never_instantiated,0,,,,,0,0,title,movie_info,3,0,never_instantiated,0,,,,,0,0,,,,,,,,,,,,,,,,,,,,,,,,,,,,,,,,,,,,,,,,,,,,,,,,,,,,,,,,,,,,,,,,,,,,,,,,,,,,,,,,,,,,,,,,,,,,,,,,,,,,,,,,,,,,,,,,,,,,,,,,,,,,,,,,,,,,,,,,,,,,,,,,,,,,,,,,,,,,
3c,3,5,1,0.37,,keyword,30,0,never_instantiated,0,,,,,0,0,movie_keyword,,7154,0,never_instantiated,0,,,,,0,0,,title,1748483,1,active,13176,,,,,0,0,movie_info,,10,0,never_instantiated,0,,,,,0,0,,,,,,,,,,,,,,,,,,,,,,,,,,,,,,,,,,,,,,,,,,,,,,,,,,,,,,,,,,,,,,,,,,,,,,,,,,,,,,,,,,,,,,,,,,,,,,,,,,,,,,,,,,,,,,,,,,,,,,,,,,,,,,,,,,,,,,,,,,,,,,,,
4a,3,10,1,0.14,keyword,,1302,0,never_instantiated,0,,,,,0,0,,info_type,1,0,never_instantiated,0,,,,,0,0,,title,1012657,1,active,8089,,,,,0,0,movie_keyword,movie_info_idx,352990,1,active,16153,,,,,0,0,,,,,,,,,,,,,,,,,,,,,,,,,,,,,,,,,,,,,,,,,,,,,,,,,,,,,,,,,,,,,,,,,,,,,,,,,,,,,,,,,,,,,,,,,,,,,,,,,,,,,,,,,,,,,,,,,,,,,,,,,,,,,,,,,,,,,,,,,,,,,,,,
4b,3,7,1,0.10,keyword,,6,0,never_instantiated,0,,,,,0,0,title,,6,0,never_instantiated,0,,,,,0,0,,info_type,1,0,never_instantiated,0,,,,,0,0,movie_keyword,movie_info_idx,305,0,never_instantiated,0,,,,,0,0,,,,,,,,,,,,,,,,,,,,,,,,,,,,,,,,,,,,,,,,,,,,,,,,,,,,,,,,,,,,,,,,,,,,,,,,,,,,,,,,,,,,,,,,,,,,,,,,,,,,,,,,,,,,,,,,,,,,,,,,,,,,,,,,,,,,,,,,,,,,,,,,
4c,3,11,1,0.17,,,,,,,,,,,,,,,,,,,,,,,,,,,,,,,,,,,,,,,,,,,,,,,,,,,,,,,,,,,,,,,,,,,,,,,,,,,,,,,,,,,,,,,,,,,,,,,,,,,,,,,,,,,,,,,,,,,,,,,,,,,,,,,,,,,,,,,,,,,,,,,,,,,,,,,,,,,,,,,,,,,,,,,,,,,,,,,,,,,,,,,,,,,,,,,,
5a,3,12,1,0.05,title,,0,0,never_instantiated,0,,,,,0,0,,company_type,1,0,never_instantiated,0,,,,,0,0,,movie_companies,0,0,never_instantiated,0,,,,,0,0,,info_type,110,0,never_instantiated,0,,,,,0,0,movie_info,,8,0,never_instantiated,0,,,,,0,0,,,,,,,,,,,,,,,,,,,,,,,,,,,,,,,,,,,,,,,,,,,,,,,,,,,,,,,,,,,,,,,,,,,,,,,,,,,,,,,,,,,,,,,,,,,,,,,,,,,,,,,,,,,,,,,,,,,,,,,,,,,,,,,,,,,,
5b,3,9,1,0.08,title,,0,0,never_instantiated,0,,,,,0,0,,company_type,1,0,never_instantiated,0,,,,,0,0,,movie_companies,0,0,never_instantiated,0,,,,,0,0,movie_info,info_type,110,0,never_instantiated,0,,,,,0,0,,,,,,,,,,,,,,,,,,,,,,,,,,,,,,,,,,,,,,,,,,,,,,,,,,,,,,,,,,,,,,,,,,,,,,,,,,,,,,,,,,,,,,,,,,,,,,,,,,,,,,,,,,,,,,,,,,,,,,,,,,,,,,,,,,,,,,,,,,,,,,,,
5c,3,13,1,0.28,title,,691,0,never_instantiated,0,,,,,0,0,,company_type,1,0,never_instantiated,0,,,,,0,0,,info_type,110,0,never_instantiated,0,,,,,0,0,,movie_companies,798,0,never_instantiated,0,,,,,0,0,movie_info,,10,0,never_instantiated,0,,,,,0,0,,,,,,,,,,,,,,,,,,,,,,,,,,,,,,,,,,,,,,,,,,,,,,,,,,,,,,,,,,,,,,,,,,,,,,,,,,,,,,,,,,,,,,,,,,,,,,,,,,,,,,,,,,,,,,,,,,,,,,,,,,,,,,,,,,,,
6a,3,4,1,0.16,,keyword,1,0,never_instantiated,0,,,,,0,0,,title,391549,1,active,6,,,,,0,0,,movie_keyword,14,0,never_instantiated,0,,,,,0,0,cast_info,name,2,0,never_instantiated,0,,,,,0,0,,,,,,,,,,,,,,,,,,,,,,,,,,,,,,,,,,,,,,,,,,,,,,,,,,,,,,,,,,,,,,,,,,,,,,,,,,,,,,,,,,,,,,,,,,,,,,,,,,,,,,,,,,,,,,,,,,,,,,,,,,,,,,,,,,,,,,,,,,,,,,,,
6b,3,16,1,0.11,,,8,0,never_instantiated,0,,,,,0,0,movie_keyword,,3,0,never_instantiated,0,,,,,0,0,,title,438,0,never_instantiated,0,,,,,0,0,cast_info,name,2,0,never_instantiated,0,,,,,0,0,keyword,,8,0,never_instantiated,0,,,,,0,0,,,,,,,,,,,,,,,,,,,,,,,,,,,,,,,,,,,,,,,,,,,,,,,,,,,,,,,,,,,,,,,,,,,,,,,,,,,,,,,,,,,,,,,,,,,,,,,,,,,,,,,,,,,,,,,,,,,,,,,,,,,,,,,,,,,,
6c,3,15,1,0.10,,keyword,1,0,never_instantiated,0,,,,,0,0,,title,438,0,never_instantiated,0,,,,,0,0,,name,2,0,never_instantiated,0,,,,,0,0,cast_info,movie_keyword,2,0,never_instantiated,0,,,,,0,0,,,,,,,,,,,,,,,,,,,,,,,,,,,,,,,,,,,,,,,,,,,,,,,,,,,,,,,,,,,,,,,,,,,,,,,,,,,,,,,,,,,,,,,,,,,,,,,,,,,,,,,,,,,,,,,,,,,,,,,,,,,,,,,,,,,,,,,,,,,,,,,,
6d,3,1,1,0.25,,title,1381132,1,active,112,,,,,0,0,,,8,0,never_instantiated,0,,,,,0,0,,movie_keyword,4523930,1,active,486,,,,,0,0,cast_info,name,2,0,never_instantiated,0,,,,,0,0,keyword,,8,0,never_instantiated,0,,,,,0,0,,,,,,,,,,,,,,,,,,,,,,,,,,,,,,,,,,,,,,,,,,,,,,,,,,,,,,,,,,,,,,,,,,,,,,,,,,,,,,,,,,,,,,,,,,,,,,,,,,,,,,,,,,,,,,,,,,,,,,,,,,,,,,,,,,,,
6e,3,4,1,0.19,,keyword,1,0,never_instantiated,0,,,,,0,0,,title,1381132,1,active,6,,,,,0,0,,movie_keyword,14,0,never_instantiated,0,,,,,0,0,cast_info,name,2,0,never_instantiated,0,,,,,0,0,,,,,,,,,,,,,,,,,,,,,,,,,,,,,,,,,,,,,,,,,,,,,,,,,,,,,,,,,,,,,,,,,,,,,,,,,,,,,,,,,,,,,,,,,,,,,,,,,,,,,,,,,,,,,,,,,,,,,,,,,,,,,,,,,,,,,,,,,,,,,,,,
6f,3,16,1,1.95,,,8,0,never_instantiated,0,,,,,0,0,,movie_keyword,4523930,1,abandoned,306079,,,306079,High-Hotness,19256,19256,,title,1381132,1,abandoned,306137,,,306137,High-Hotness,45497,45497,cast_info,name,4061926,1,abandoned,1127702,,,1127702,THC-Increases-Probe-Cost,70854,13565,keyword,,8,0,never_instantiated,0,,,,,0,0,,,,,,,,,,,,,,,,,,,,,,,,,,,,,,,,,,,,,,,,,,,,,,,,,,,,,,,,,,,,,,,,,,,,,,,,,,,,,,,,,,,,,,,,,,,,,,,,,,,,,,,,,,,,,,,,,,,,,,,,,,,,,,,,,,,,
7a,3,7,1,0.23,info_type,,32,0,never_instantiated,0,,,,,0,0,name,,57,0,never_instantiated,0,,,,,0,0,title,,57,0,never_instantiated,0,,,,,0,0,,person_info,62,0,never_instantiated,0,,,,,0,0,,link_type,1,0,never_instantiated,0,,,,,0,0,,aka_name,2055,0,never_instantiated,0,,,,,0,0,cast_info,movie_link,1467,0,never_instantiated,0,,,,,0,0,,,,,,,,,,,,,,,,,,,,,,,,,,,,,,,,,,,,,,,,,,,,,,,,,,,,,,,,,,,,,,,,,,,,,,,,,,,,,,,,,,,,,,,,,,,,,,,,,,,,,,,,,,,,
7b,3,12,1,0.20,link_type,,16,0,never_instantiated,0,,,,,0,0,title,,16,0,never_instantiated,0,,,,,0,0,name,,27,0,never_instantiated,0,,,,,0,0,movie_link,,19,0,never_instantiated,0,,,,,0,0,,info_type,1,0,never_instantiated,0,,,,,0,0,,person_info,62,0,never_instantiated,0,,,,,0,0,cast_info,aka_name,2055,0,never_instantiated,0,,,,,0,0,,,,,,,,,,,,,,,,,,,,,,,,,,,,,,,,,,,,,,,,,,,,,,,,,,,,,,,,,,,,,,,,,,,,,,,,,,,,,,,,,,,,,,,,,,,,,,,,,,,,,,,,,,,,
7c,3,3,1,0.61,link_type,,68185,0,never_instantiated,0,,,,,0,0,movie_link,,31015,0,never_instantiated,0,,,,,0,0,,info_type,1,0,never_instantiated,0,,,,,0,0,name,,167177,0,never_instantiated,0,,,,,0,0,person_info,,152615,0,never_instantiated,0,,,,,0,0,,title,1554453,1,active,227666,,,,,5776,5776,cast_info,aka_name,68606,0,never_instantiated,0,,,,,0,0,,,,,,,,,,,,,,,,,,,,,,,,,,,,,,,,,,,,,,,,,,,,,,,,,,,,,,,,,,,,,,,,,,,,,,,,,,,,,,,,,,,,,,,,,,,,,,,,,,,,,,,,,,,,
8a,3,12,1,0.18,title,,62,0,never_instantiated,0,,,,,0,0,company_name,,64,0,never_instantiated,0,,,,,0,0,aka_name,,39,0,never_instantiated,0,,,,,0,0,movie_companies,,25,0,never_instantiated,0,,,,,0,0,,role_type,1,0,never_instantiated,0,,,,,0,0,name,cast_info,4561,0,never_instantiated,0,,,,,0,0,,,,,,,,,,,,,,,,,,,,,,,,,,,,,,,,,,,,,,,,,,,,,,,,,,,,,,,,,,,,,,,,,,,,,,,,,,,,,,,,,,,,,,,,,,,,,,,,,,,,,,,,,,,,,,,,,,,,,,,,
8b,3,14,1,0.15,company_name,,6,0,never_instantiated,0,,,,,0,0,name,,24,0,never_instantiated,0,,,,,0,0,,role_type,1,0,never_instantiated,0,,,,,0,0,aka_name,,25,0,never_instantiated,0,,,,,0,0,movie_companies,,25,0,never_instantiated,0,,,,,0,0,title,cast_info,25,0,never_instantiated,0,,,,,0,0,,,,,,,,,,,,,,,,,,,,,,,,,,,,,,,,,,,,,,,,,,,,,,,,,,,,,,,,,,,,,,,,,,,,,,,,,,,,,,,,,,,,,,,,,,,,,,,,,,,,,,,,,,,,,,,,,,,,,,,,
8c,3,3,1,0.66,,company_name,84843,0,never_instantiated,0,,,,,0,0,movie_companies,,2343647,0,never_instantiated,0,,,,,0,0,,aka_name,772581,1,frozen,2728735,1124760,Marginal-Gain-Not-Worth-Collection-Cost,,,15306,7637,,name,4061923,1,frozen,2728735,1124760,Marginal-Gain-Not-Worth-Collection-Cost,,,55140,24413,title,,2728735,0,never_instantiated,0,,,,,0,0,cast_info,role_type,1,0,never_instantiated,0,,,,,0,0,,,,,,,,,,,,,,,,,,,,,,,,,,,,,,,,,,,,,,,,,,,,,,,,,,,,,,,,,,,,,,,,,,,,,,,,,,,,,,,,,,,,,,,,,,,,,,,,,,,,,,,,,,,,,,,,,,,,,,,,
8d,3,1,1,0.45,,company_name,84843,0,never_instantiated,0,,,,,0,0,title,,752819,0,never_instantiated,0,,,,,0,0,name,,752819,0,never_instantiated,0,,,,,0,0,,aka_name,772581,1,active,794591,,,,,2435,783,,role_type,1,0,never_instantiated,0,,,,,0,0,cast_info,movie_companies,2609129,1,active,276394,,,,,64397,64397,,,,,,,,,,,,,,,,,,,,,,,,,,,,,,,,,,,,,,,,,,,,,,,,,,,,,,,,,,,,,,,,,,,,,,,,,,,,,,,,,,,,,,,,,,,,,,,,,,,,,,,,,,,,,,,,,,,,,,,,
9a,3,5,1,0.28,aka_name,,115,0,never_instantiated,0,,,,,0,0,name,,143,0,never_instantiated,0,,,,,0,0,char_name,,143,0,never_instantiated,0,,,,,0,0,,company_name,84843,0,never_instantiated,0,,,,,0,0,,role_type,1,0,never_instantiated,0,,,,,0,0,,movie_companies,590994,1,active,378,,,,,0,0,cast_info,title,1107586,1,active,844,,,,,0,0,,,,,,,,,,,,,,,,,,,,,,,,,,,,,,,,,,,,,,,,,,,,,,,,,,,,,,,,,,,,,,,,,,,,,,,,,,,,,,,,,,,,,,,,,,,,,,,,,,,,,,,,,,,,
9b,3,0,1,0.21,title,,94,0,never_instantiated,0,,,,,0,0,role_type,,94,0,never_instantiated,0,,,,,0,0,name,,117,0,never_instantiated,0,,,,,0,0,company_name,,117,0,never_instantiated,0,,,,,0,0,movie_companies,,69,0,never_instantiated,0,,,,,0,0,char_name,,69,0,never_instantiated,0,,,,,0,0,aka_name,cast_info,22022,0,never_instantiated,0,,,,,0,0,,,,,,,,,,,,,,,,,,,,,,,,,,,,,,,,,,,,,,,,,,,,,,,,,,,,,,,,,,,,,,,,,,,,,,,,,,,,,,,,,,,,,,,,,,,,,,,,,,,,,,,,,,,,
9c,3,9,1,0.31,,company_name,84843,0,never_instantiated,0,,,,,0,0,,role_type,1,0,never_instantiated,0,,,,,0,0,char_name,,18345,0,never_instantiated,0,,,,,0,0,title,,19561,0,never_instantiated,0,,,,,0,0,,aka_name,772581,1,active,14547,,,,,0,0,,movie_companies,2609129,1,active,6551,,,,,0,0,cast_info,name,50011,0,never_instantiated,0,,,,,0,0,,,,,,,,,,,,,,,,,,,,,,,,,,,,,,,,,,,,,,,,,,,,,,,,,,,,,,,,,,,,,,,,,,,,,,,,,,,,,,,,,,,,,,,,,,,,,,,,,,,,,,,,,,,,
9d,3,15,1,0.47,char_name,,483082,0,never_instantiated,0,,,,,0,0,,role_type,1,0,never_instantiated,0,,,,,0,0,title,,505134,0,never_instantiated,0,,,,,0,0,,company_name,84843,0,never_instantiated,0,,,,,0,0,movie_companies,,503022,0,never_instantiated,0,,,,,0,0,,aka_name,772581,1,active,276004,,,,,3427,3427,cast_info,name,961555,1,active,276004,,,,,12285,12285,,,,,,,,,,,,,,,,,,,,,,,,,,,,,,,,,,,,,,,,,,,,,,,,,,,,,,,,,,,,,,,,,,,,,,,,,,,,,,,,,,,,,,,,,,,,,,,,,,,,,,,,,,,,
10a,3,14,1,0.24,,company_name,1361,0,never_instantiated,0,,,,,0,0,,company_type,2,0,never_instantiated,0,,,,,0,0,,title,1012641,1,active,270,,,,,0,0,movie_companies,,195,0,never_instantiated,0,,,,,0,0,char_name,,195,0,never_instantiated,0,,,,,0,0,cast_info,role_type,1,0,never_instantiated,0,,,,,0,0,,,,,,,,,,,,,,,,,,,,,,,,,,,,,,,,,,,,,,,,,,,,,,,,,,,,,,,,,,,,,,,,,,,,,,,,,,,,,,,,,,,,,,,,,,,,,,,,,,,,,,,,,,,,,,,,,,,,,,,,
10b,3,1,1,0.19,,company_name,1361,0,never_instantiated,0,,,,,0,0,,title,391512,1,active,0,,,,,0,0,,company_type,2,0,never_instantiated,0,,,,,0,0,char_name,,0,0,never_instantiated,0,,,,,0,0,,role_type,1,0,never_instantiated,0,,,,,0,0,cast_info,movie_companies,9252,0,never_instantiated,0,,,,,0,0,,,,,,,,,,,,,,,,,,,,,,,,,,,,,,,,,,,,,,,,,,,,,,,,,,,,,,,,,,,,,,,,,,,,,,,,,,,,,,,,,,,,,,,,,,,,,,,,,,,,,,,,,,,,,,,,,,,,,,,,
10c,3,17,1,0.52,,role_type,11,0,never_instantiated,0,,,,,0,0,,company_type,2,0,never_instantiated,0,,,,,0,0,char_name,,10,0,never_instantiated,0,,,,,0,0,,company_name,84843,0,never_instantiated,0,,,,,0,0,,title,1748440,1,abandoned,1119792,,,1119792,THC-Increases-Probe-Cost,94194,20700,cast_info,movie_companies,2609129,1,abandoned,302609,,,302609,High-Hotness,56295,56295,,,,,,,,,,,,,,,,,,,,,,,,,,,,,,,,,,,,,,,,,,,,,,,,,,,,,,,,,,,,,,,,,,,,,,,,,,,,,,,,,,,,,,,,,,,,,,,,,,,,,,,,,,,,,,,,,,,,,,,,
11a,3,1,1,0.09,link_type,,310,0,never_instantiated,0,,,,,0,0,,keyword,1,0,never_instantiated,0,,,,,0,0,company_name,,664,0,never_instantiated,0,,,,,0,0,,company_type,1,0,never_instantiated,0,,,,,0,0,title,,664,0,never_instantiated,0,,,,,0,0,,movie_link,1332,0,never_instantiated,0,,,,,0,0,movie_keyword,movie_companies,523,0,never_instantiated,0,,,,,0,0,,,,,,,,,,,,,,,,,,,,,,,,,,,,,,,,,,,,,,,,,,,,,,,,,,,,,,,,,,,,,,,,,,,,,,,,,,,,,,,,,,,,,,,,,,,,,,,,,,,,,,,,,,,,
11b,3,5,1,0.09,company_name,,21,0,never_instantiated,0,,,,,0,0,title,,21,0,never_instantiated,0,,,,,0,0,company_type,,21,0,never_instantiated,0,,,,,0,0,link_type,,21,0,never_instantiated,0,,,,,0,0,movie_link,,3,0,never_instantiated,0,,,,,0,0,,keyword,1,0,never_instantiated,0,,,,,0,0,movie_keyword,movie_companies,3,0,never_instantiated,0,,,,,0,0,,,,,,,,,,,,,,,,,,,,,,,,,,,,,,,,,,,,,,,,,,,,,,,,,,,,,,,,,,,,,,,,,,,,,,,,,,,,,,,,,,,,,,,,,,,,,,,,,,,,,,,,,,,,
11c,3,18,1,0.08,,company_type,1,0,never_instantiated,0,,,,,0,0,company_name,,6946,0,never_instantiated,0,,,,,0,0,movie_companies,,270,0,never_instantiated,0,,,,,0,0,,link_type,17,0,never_instantiated,0,,,,,0,0,keyword,,270,0,never_instantiated,0,,,,,0,0,title,,270,0,never_instantiated,0,,,,,0,0,movie_keyword,movie_link,29997,0,never_instantiated,0,,,,,0,0,,,,,,,,,,,,,,,,,,,,,,,,,,,,,,,,,,,,,,,,,,,,,,,,,,,,,,,,,,,,,,,,,,,,,,,,,,,,,,,,,,,,,,,,,,,,,,,,,,,,,,,,,,,,
11d,3,2,1,0.10,,link_type,17,0,never_instantiated,0,,,,,0,0,keyword,,14899,0,never_instantiated,0,,,,,0,0,,company_type,1,0,never_instantiated,0,,,,,0,0,title,,14899,0,never_instantiated,0,,,,,0,0,company_name,,14916,0,never_instantiated,0,,,,,0,0,movie_companies,,1054,0,never_instantiated,0,,,,,0,0,movie_keyword,movie_link,17117,0,never_instantiated,0,,,,,0,0,,,,,,,,,,,,,,,,,,,,,,,,,,,,,,,,,,,,,,,,,,,,,,,,,,,,,,,,,,,,,,,,,,,,,,,,,,,,,,,,,,,,,,,,,,,,,,,,,,,,,,,,,,,,
12a,3,2,1,0.12,,info_type,1,0,never_instantiated,0,,,,,0,0,company_name,,708,0,never_instantiated,0,,,,,0,0,,info_type,1,0,never_instantiated,0,,,,,0,0,title,,2518,0,never_instantiated,0,,,,,0,0,,company_type,1,0,never_instantiated,0,,,,,0,0,movie_companies,,1943,0,never_instantiated,0,,,,,0,0,movie_info,movie_info_idx,15849,0,never_instantiated,0,,,,,0,0,,,,,,,,,,,,,,,,,,,,,,,,,,,,,,,,,,,,,,,,,,,,,,,,,,,,,,,,,,,,,,,,,,,,,,,,,,,,,,,,,,,,,,,,,,,,,,,,,,,,,,,,,,,,
12b,3,4,1,0.10,company_name,,33,0,never_instantiated,0,,,,,0,0,,company_type,2,0,never_instantiated,0,,,,,0,0,movie_companies,,2,0,never_instantiated,0,,,,,0,0,,info_type,1,0,never_instantiated,0,,,,,0,0,movie_info_idx,,2,0,never_instantiated,0,,,,,0,0,title,,2,0,never_instantiated,0,,,,,0,0,movie_info,info_type,1,0,never_instantiated,0,,,,,0,0,,,,,,,,,,,,,,,,,,,,,,,,,,,,,,,,,,,,,,,,,,,,,,,,,,,,,,,,,,,,,,,,,,,,,,,,,,,,,,,,,,,,,,,,,,,,,,,,,,,,,,,,,,,,
12c,3,18,1,0.13,company_type,,4711,0,never_instantiated,0,,,,,0,0,company_name,,15537,0,never_instantiated,0,,,,,0,0,movie_companies,,7963,0,never_instantiated,0,,,,,0,0,,info_type,1,0,never_instantiated,0,,,,,0,0,,info_type,1,0,never_instantiated,0,,,,,0,0,title,,22186,0,never_instantiated,0,,,,,0,0,movie_info,movie_info_idx,121571,0,never_instantiated,0,,,,,0,0,,,,,,,,,,,,,,,,,,,,,,,,,,,,,,,,,,,,,,,,,,,,,,,,,,,,,,,,,,,,,,,,,,,,,,,,,,,,,,,,,,,,,,,,,,,,,,,,,,,,,,,,,,,,
13a,3,10,1,0.15,,company_type,1,0,never_instantiated,0,,,,,0,0,,info_type,1,0,never_instantiated,0,,,,,0,0,,kind_type,1,0,never_instantiated,0,,,,,0,0,,company_name,9775,0,never_instantiated,0,,,,,0,0,title,,134342,0,never_instantiated,0,,,,,0,0,movie_companies,,78663,0,never_instantiated,0,,,,,0,0,,info_type,1,0,never_instantiated,0,,,,,0,0,movie_info,movie_info_idx,459917,1,active,111344,,,,,0,0,,,,,,,,,,,,,,,,,,,,,,,,,,,,,,,,,,,,,,,,,,,,,,,,,,,,,,,,,,,,,,,,,,,,,,,,,,,,,,,,,,,,,,,,,,,,,,,,
13b,3,6,1,0.11,company_name,,626,0,never_instantiated,0,,,,,0,0,,company_type,1,0,never_instantiated,0,,,,,0,0,movie_companies,,272,0,never_instantiated,0,,,,,0,0,,info_type,1,0,never_instantiated,0,,,,,0,0,,kind_type,1,0,never_instantiated,0,,,,,0,0,title,,779,0,never_instantiated,0,,,,,0,0,,info_type,1,0,never_instantiated,0,,,,,0,0,movie_info,movie_info_idx,459917,1,active,1376,,,,,0,0,,,,,,,,,,,,,,,,,,,,,,,,,,,,,,,,,,,,,,,,,,,,,,,,,,,,,,,,,,,,,,,,,,,,,,,,,,,,,,,,,,,,,,,,,,,,,,,,
13c,3,3,1,0.11,company_name,,162,0,never_instantiated,0,,,,,0,0,,company_type,1,0,never_instantiated,0,,,,,0,0,movie_companies,,90,0,never_instantiated,0,,,,,0,0,,info_type,1,0,never_instantiated,0,,,,,0,0,,info_type,1,0,never_instantiated,0,,,,,0,0,,kind_type,1,0,never_instantiated,0,,,,,0,0,,movie_info_idx,459917,1,active,127,,,,,0,0,movie_info,title,89,0,never_instantiated,0,,,,,0,0,,,,,,,,,,,,,,,,,,,,,,,,,,,,,,,,,,,,,,,,,,,,,,,,,,,,,,,,,,,,,,,,,,,,,,,,,,,,,,,,,,,,,,,,,,,,,,,,
13d,3,9,1,0.38,,kind_type,1,0,never_instantiated,0,,,,,0,0,,info_type,1,0,never_instantiated,0,,,,,0,0,,company_type,1,0,never_instantiated,0,,,,,0,0,,company_name,84843,0,never_instantiated,0,,,,,0,0,title,,2504990,0,never_instantiated,0,,,,,0,0,movie_info_idx,,3243070,0,never_instantiated,0,,,,,0,0,,info_type,1,0,never_instantiated,0,,,,,0,0,movie_info,movie_companies,1334883,1,abandoned,308149,,,308149,Low-Cross-Multiplicity,18563,18563,,,,,,,,,,,,,,,,,,,,,,,,,,,,,,,,,,,,,,,,,,,,,,,,,,,,,,,,,,,,,,,,,,,,,,,,,,,,,,,,,,,,,,,,,,,,,,,,
14a,3,16,1,0.09,keyword,,761,0,never_instantiated,0,,,,,0,0,movie_keyword,,521,0,never_instantiated,0,,,,,0,0,,kind_type,1,0,never_instantiated,0,,,,,0,0,title,,529,0,never_instantiated,0,,,,,0,0,,info_type,1,0,never_instantiated,0,,,,,0,0,movie_info_idx,,938,0,never_instantiated,0,,,,,0,0,,info_type,1,0,never_instantiated,0,,,,,0,0,movie_info,,10,0,never_instantiated,0,,,,,0,0,,,,,,,,,,,,,,,,,,,,,,,,,,,,,,,,,,,,,,,,,,,,,,,,,,,,,,,,,,,,,,,,,,,,,,,,,,,,,,,,,,,,,,,,,,,,,,,,
14b,3,14,1,0.08,,kind_type,1,0,never_instantiated,0,,,,,0,0,keyword,,1,0,never_instantiated,0,,,,,0,0,,info_type,1,0,never_instantiated,0,,,,,0,0,movie_info_idx,,6,0,never_instantiated,0,,,,,0,0,title,,16,0,never_instantiated,0,,,,,0,0,,info_type,1,0,never_instantiated,0,,,,,0,0,movie_keyword,,16,0,never_instantiated,0,,,,,0,0,movie_info,,10,0,never_instantiated,0,,,,,0,0,,,,,,,,,,,,,,,,,,,,,,,,,,,,,,,,,,,,,,,,,,,,,,,,,,,,,,,,,,,,,,,,,,,,,,,,,,,,,,,,,,,,,,,,,,,,,,,,
14c,3,17,1,0.12,keyword,,4115,0,never_instantiated,0,,,,,0,0,movie_keyword,,2745,0,never_instantiated,0,,,,,0,0,,info_type,1,0,never_instantiated,0,,,,,0,0,,kind_type,2,0,never_instantiated,0,,,,,0,0,,info_type,1,0,never_instantiated,0,,,,,0,0,title,,15227,0,never_instantiated,0,,,,,0,0,,movie_info_idx,23227,0,never_instantiated,0,,,,,0,0,movie_info,,10,0,never_instantiated,0,,,,,0,0,,,,,,,,,,,,,,,,,,,,,,,,,,,,,,,,,,,,,,,,,,,,,,,,,,,,,,,,,,,,,,,,,,,,,,,,,,,,,,,,,,,,,,,,,,,,,,,,
15a,3,3,1,0.24,aka_title,,1398,0,never_instantiated,0,,,,,0,0,keyword,,1398,0,never_instantiated,0,,,,,0,0,,company_name,84843,0,never_instantiated,0,,,,,0,0,,info_type,1,0,never_instantiated,0,,,,,0,0,title,,1602,0,never_instantiated,0,,,,,0,0,,company_type,2,0,never_instantiated,0,,,,,0,0,,movie_companies,61664,0,never_instantiated,0,,,,,0,0,movie_keyword,movie_info,596,0,never_instantiated,0,,,,,0,0,,,,,,,,,,,,,,,,,,,,,,,,,,,,,,,,,,,,,,,,,,,,,,,,,,,,,,,,,,,,,,,,,,,,,,,,,,,,,,,,,,,,,,,,,,,,,,,,
15b,3,13,1,0.20,,company_name,1,0,never_instantiated,0,,,,,0,0,keyword,,37,0,never_instantiated,0,,,,,0,0,,company_type,2,0,never_instantiated,0,,,,,0,0,title,,37,0,never_instantiated,0,,,,,0,0,,info_type,1,0,never_instantiated,0,,,,,0,0,movie_companies,,37,0,never_instantiated,0,,,,,0,0,,aka_title,361379,1,active,156,,,,,0,0,movie_keyword,movie_info,30,0,never_instantiated,0,,,,,0,0,,,,,,,,,,,,,,,,,,,,,,,,,,,,,,,,,,,,,,,,,,,,,,,,,,,,,,,,,,,,,,,,,,,,,,,,,,,,,,,,,,,,,,,,,,,,,,,,
15c,3,18,1,0.23,,company_type,2,0,never_instantiated,0,,,,,0,0,,company_name,84843,0,never_instantiated,0,,,,,0,0,movie_companies,,1150,0,never_instantiated,0,,,,,0,0,title,,1150,0,never_instantiated,0,,,,,0,0,,info_type,1,0,never_instantiated,0,,,,,0,0,,keyword,134170,0,never_instantiated,0,,,,,0,0,,aka_title,361379,1,active,4463,,,,,0,0,movie_keyword,movie_info,1783,0,never_instantiated,0,,,,,0,0,,,,,,,,,,,,,,,,,,,,,,,,,,,,,,,,,,,,,,,,,,,,,,,,,,,,,,,,,,,,,,,,,,,,,,,,,,,,,,,,,,,,,,,,,,,,,,,,
15d,3,16,1,0.18,,company_name,84843,0,never_instantiated,0,,,,,0,0,aka_title,,52513,0,never_instantiated,0,,,,,0,0,title,,52749,0,never_instantiated,0,,,,,0,0,,company_type,2,0,never_instantiated,0,,,,,0,0,,keyword,134170,0,never_instantiated,0,,,,,0,0,movie_keyword,,14401,0,never_instantiated,0,,,,,0,0,movie_companies,,10679,0,never_instantiated,0,,,,,0,0,movie_info,info_type,1,0,never_instantiated,0,,,,,0,0,,,,,,,,,,,,,,,,,,,,,,,,,,,,,,,,,,,,,,,,,,,,,,,,,,,,,,,,,,,,,,,,,,,,,,,,,,,,,,,,,,,,,,,,,,,,,,,,
16a,3,16,1,0.38,,keyword,1,0,never_instantiated,0,,,,,0,0,title,,385,0,never_instantiated,0,,,,,0,0,movie_keyword,,391,0,never_instantiated,0,,,,,0,0,,company_name,84843,0,never_instantiated,0,,,,,0,0,,name,4061923,1,active,1313,,,,,0,0,,aka_name,772581,1,active,1336,,,,,0,0,cast_info,movie_companies,149235,0,never_instantiated,0,,,,,0,0,,,,,,,,,,,,,,,,,,,,,,,,,,,,,,,,,,,,,,,,,,,,,,,,,,,,,,,,,,,,,,,,,,,,,,,,,,,,,,,,,,,,,,,,,,,,,,,,,,,,,,,,,,,,
16b,3,8,1,0.98,,keyword,1,0,never_instantiated,0,,,,,0,0,movie_keyword,,3719996,0,never_instantiated,0,,,,,0,0,,company_name,84843,0,never_instantiated,0,,,,,0,0,,title,2525744,1,frozen,8867316,1118363,Marginal-Gain-Not-Worth-Collection-Cost,,,16983,7062,,aka_name,772581,1,abandoned,1117837,,,1117837,THC-Increases-Probe-Cost,14655,2830,,movie_companies,149235,0,never_instantiated,0,,,,,0,0,cast_info,name,4061923,1,abandoned,303126,,,303126,Low-Cross-Multiplicity,43591,43591,,,,,,,,,,,,,,,,,,,,,,,,,,,,,,,,,,,,,,,,,,,,,,,,,,,,,,,,,,,,,,,,,,,,,,,,,,,,,,,,,,,,,,,,,,,,,,,,,,,,,,,,,,,,
16c,3,18,1,0.55,,keyword,1,0,never_instantiated,0,,,,,0,0,,company_name,84843,0,never_instantiated,0,,,,,0,0,movie_keyword,,430264,0,never_instantiated,0,,,,,0,0,,movie_companies,2609129,1,active,186273,,,,,0,0,,aka_name,772581,1,active,138988,,,,,0,0,,title,946011,1,active,1048720,,,,,6575,4759,cast_info,name,4061923,1,abandoned,306111,,,306111,Low-Cross-Multiplicity,44470,44470,,,,,,,,,,,,,,,,,,,,,,,,,,,,,,,,,,,,,,,,,,,,,,,,,,,,,,,,,,,,,,,,,,,,,,,,,,,,,,,,,,,,,,,,,,,,,,,,,,,,,,,,,,,,
16d,3,13,1,0.55,,keyword,1,0,never_instantiated,0,,,,,0,0,,company_name,84843,0,never_instantiated,0,,,,,0,0,,movie_companies,2609129,1,active,137156,,,,,0,0,movie_keyword,,140928,0,never_instantiated,0,,,,,0,0,,aka_name,772581,1,active,102853,,,,,0,0,,title,691930,1,active,1048720,,,,,5060,3589,cast_info,name,4061923,1,abandoned,303578,,,303578,Low-Cross-Multiplicity,43069,43069,,,,,,,,,,,,,,,,,,,,,,,,,,,,,,,,,,,,,,,,,,,,,,,,,,,,,,,,,,,,,,,,,,,,,,,,,,,,,,,,,,,,,,,,,,,,,,,,,,,,,,,,,,,,
17a,3,0,1,0.48,title,,258289,0,never_instantiated,0,,,,,0,0,name,,2832555,0,never_instantiated,0,,,,,0,0,,keyword,1,0,never_instantiated,0,,,,,0,0,movie_keyword,,2839514,0,never_instantiated,0,,,,,0,0,,company_name,84843,0,never_instantiated,0,,,,,0,0,cast_info,movie_companies,2609129,1,active,1048720,,,,,33459,23180,,,,,,,,,,,,,,,,,,,,,,,,,,,,,,,,,,,,,,,,,,,,,,,,,,,,,,,,,,,,,,,,,,,,,,,,,,,,,,,,,,,,,,,,,,,,,,,,,,,,,,,,,,,,,,,,,,,,,,,,
17b,3,4,1,0.38,,keyword,1,0,never_instantiated,0,,,,,0,0,,company_name,234997,0,never_instantiated,0,,,,,0,0,,title,2525744,1,active,52306,,,,,0,0,,movie_keyword,41838,0,never_instantiated,0,,,,,0,0,,name,35319,0,never_instantiated,0,,,,,0,0,cast_info,movie_companies,2609129,1,active,491100,,,,,29011,24912,,,,,,,,,,,,,,,,,,,,,,,,,,,,,,,,,,,,,,,,,,,,,,,,,,,,,,,,,,,,,,,,,,,,,,,,,,,,,,,,,,,,,,,,,,,,,,,,,,,,,,,,,,,,,,,,,,,,,,,,
17c,3,19,1,0.23,company_name,,1918,0,never_instantiated,0,,,,,0,0,,keyword,1,0,never_instantiated,0,,,,,0,0,,name,2608,0,never_instantiated,0,,,,,0,0,,movie_keyword,41838,0,never_instantiated,0,,,,,0,0,,movie_companies,2609129,1,active,408,,,,,0,0,cast_info,title,42606,0,never_instantiated,0,,,,,0,0,,,,,,,,,,,,,,,,,,,,,,,,,,,,,,,,,,,,,,,,,,,,,,,,,,,,,,,,,,,,,,,,,,,,,,,,,,,,,,,,,,,,,,,,,,,,,,,,,,,,,,,,,,,,,,,,,,,,,,,,
17d,3,9,1,0.30,title,,11538,0,never_instantiated,0,,,,,0,0,company_name,,11538,0,never_instantiated,0,,,,,0,0,,keyword,1,0,never_instantiated,0,,,,,0,0,,movie_companies,2609129,1,active,1972,,,,,0,0,,name,5081,0,never_instantiated,0,,,,,0,0,cast_info,movie_keyword,41838,0,never_instantiated,0,,,,,0,0,,,,,,,,,,,,,,,,,,,,,,,,,,,,,,,,,,,,,,,,,,,,,,,,,,,,,,,,,,,,,,,,,,,,,,,,,,,,,,,,,,,,,,,,,,,,,,,,,,,,,,,,,,,,,,,,,,,,,,,,
17e,3,12,1,0.77,title,,2832555,0,never_instantiated,0,,,,,0,0,,keyword,1,0,never_instantiated,0,,,,,0,0,,company_name,84843,0,never_instantiated,0,,,,,0,0,,movie_keyword,41838,0,never_instantiated,0,,,,,0,0,,name,4061926,1,abandoned,1128492,,,1128492,THC-Increases-Probe-Cost,37437,6576,cast_info,movie_companies,149235,0,never_instantiated,0,,,,,0,0,,,,,,,,,,,,,,,,,,,,,,,,,,,,,,,,,,,,,,,,,,,,,,,,,,,,,,,,,,,,,,,,,,,,,,,,,,,,,,,,,,,,,,,,,,,,,,,,,,,,,,,,,,,,,,,,,,,,,,,,
17f,3,13,1,0.50,company_name,,1113120,0,never_instantiated,0,,,,,0,0,movie_companies,,149492,0,never_instantiated,0,,,,,0,0,name,,235563,0,never_instantiated,0,,,,,0,0,,keyword,1,0,never_instantiated,0,,,,,0,0,,title,2525744,1,active,235563,,,,,29855,29855,cast_info,movie_keyword,41838,0,never_instantiated,0,,,,,0,0,,,,,,,,,,,,,,,,,,,,,,,,,,,,,,,,,,,,,,,,,,,,,,,,,,,,,,,,,,,,,,,,,,,,,,,,,,,,,,,,,,,,,,,,,,,,,,,,,,,,,,,,,,,,,,,,,,,,,,,,
18a,3,10,1,0.31,,info_type,1,0,never_instantiated,0,,,,,0,0,,info_type,1,0,never_instantiated,0,,,,,0,0,,movie_info_idx,459925,1,active,699,,,,,0,0,movie_info,,701,0,never_instantiated,0,,,,,0,0,title,,701,0,never_instantiated,0,,,,,0,0,cast_info,name,9062,0,never_instantiated,0,,,,,0,0,,,,,,,,,,,,,,,,,,,,,,,,,,,,,,,,,,,,,,,,,,,,,,,,,,,,,,,,,,,,,,,,,,,,,,,,,,,,,,,,,,,,,,,,,,,,,,,,,,,,,,,,,,,,,,,,,,,,,,,,
18b,3,9,1,0.29,,info_type,1,0,never_instantiated,0,,,,,0,0,movie_info,,9,0,never_instantiated,0,,,,,0,0,title,,14,0,never_instantiated,0,,,,,0,0,,info_type,1,0,never_instantiated,0,,,,,0,0,name,,285,0,never_instantiated,0,,,,,0,0,,movie_info_idx,15849,0,never_instantiated,0,,,,,0,0,cast_info,,5,0,never_instantiated,0,,,,,0,0,,,,,,,,,,,,,,,,,,,,,,,,,,,,,,,,,,,,,,,,,,,,,,,,,,,,,,,,,,,,,,,,,,,,,,,,,,,,,,,,,,,,,,,,,,,,,,,,,,,,,,,,,,,,
18c,3,1,1,0.42,,info_type,1,0,never_instantiated,0,,,,,0,0,title,,28073,0,never_instantiated,0,,,,,0,0,name,,54155,0,never_instantiated,0,,,,,0,0,,,38328,0,never_instantiated,0,,,,,0,0,movie_info,,6,0,never_instantiated,0,,,,,0,0,,info_type,1,0,never_instantiated,0,,,,,0,0,,movie_info_idx,459925,1,active,68779,,,,,0,0,cast_info,,5,0,never_instantiated,0,,,,,0,0,,,,,,,,,,,,,,,,,,,,,,,,,,,,,,,,,,,,,,,,,,,,,,,,,,,,,,,,,,,,,,,,,,,,,,,,,,,,,,,,,,,,,,,,,,,,,,,,
19a,3,0,1,0.33,title,,311,0,never_instantiated,0,,,,,0,0,,role_type,1,0,never_instantiated,0,,,,,0,0,name,,374,0,never_instantiated,0,,,,,0,0,,info_type,1,0,never_instantiated,0,,,,,0,0,movie_info,,165,0,never_instantiated,0,,,,,0,0,,company_name,84843,0,never_instantiated,0,,,,,0,0,,movie_companies,590994,1,active,149,,,,,0,0,char_name,,149,0,never_instantiated,0,,,,,0,0,cast_info,aka_name,772581,1,active,173,,,,,0,0,,,,,,,,,,,,,,,,,,,,,,,,,,,,,,,,,,,,,,,,,,,,,,,,,,,,,,,,,,,,,,,,,,,,,,,,,,,,,,,,,,,,
19b,3,1,1,0.26,company_name,,15,0,never_instantiated,0,,,,,0,0,info_type,,15,0,never_instantiated,0,,,,,0,0,aka_name,,3,0,never_instantiated,0,,,,,0,0,movie_info,,3,0,never_instantiated,0,,,,,0,0,name,,3,0,never_instantiated,0,,,,,0,0,movie_companies,,1,0,never_instantiated,0,,,,,0,0,title,,1,0,never_instantiated,0,,,,,0,0,,role_type,1,0,never_instantiated,0,,,,,0,0,char_name,cast_info,1,0,never_instantiated,0,,,,,0,0,,,,,,,,,,,,,,,,,,,,,,,,,,,,,,,,,,,,,,,,,,,,,,,,,,,,,,,,,,,,,,,,,,,,,,,,,,,,,,,,,,,,
19c,3,6,1,0.36,,info_type,1,0,never_instantiated,0,,,,,0,0,,company_name,84843,0,never_instantiated,0,,,,,0,0,,role_type,1,0,never_instantiated,0,,,,,0,0,,aka_name,772581,1,active,8585,,,,,0,0,movie_info,,3835,0,never_instantiated,0,,,,,0,0,movie_companies,,1673,0,never_instantiated,0,,,,,0,0,name,,1704,0,never_instantiated,0,,,,,0,0,char_name,,1704,0,never_instantiated,0,,,,,0,0,cast_info,title,1381089,1,active,2009,,,,,0,0,,,,,,,,,,,,,,,,,,,,,,,,,,,,,,,,,,,,,,,,,,,,,,,,,,,,,,,,,,,,,,,,,,,,,,,,,,,,,,,,,,,,
19d,3,10,1,0.57,,info_type,1,0,never_instantiated,0,,,,,0,0,char_name,,1760645,0,never_instantiated,0,,,,,0,0,,company_name,84843,0,never_instantiated,0,,,,,0,0,movie_companies,,741427,0,never_instantiated,0,,,,,0,0,,aka_name,772581,1,active,371540,,,,,2103,2103,,title,1381089,1,active,546723,,,,,17034,13501,,name,961555,1,active,547114,,,,,12154,5354,,role_type,1,0,never_instantiated,0,,,,,0,0,movie_info,cast_info,276165,1,abandoned,306024,,,306024,Low-Cross-Multiplicity,3787,3787,,,,,,,,,,,,,,,,,,,,,,,,,,,,,,,,,,,,,,,,,,,,,,,,,,,,,,,,,,,,,,,,,,,,,,,,,,,,,,,,,,,,
20a,3,19,1,0.32,,kind_type,1,0,never_instantiated,0,,,,,0,0,,comp_cast_type,2,0,never_instantiated,0,,,,,0,0,char_name,,310,0,never_instantiated,0,,,,,0,0,,comp_cast_type,1,0,never_instantiated,0,,,,,0,0,,,8,0,never_instantiated,0,,,,,0,0,name,,43224,0,never_instantiated,0,,,,,0,0,movie_keyword,,810,0,never_instantiated,0,,,,,0,0,,complete_cast,84165,0,never_instantiated,0,,,,,0,0,cast_info,title,491669,1,active,3463,,,,,0,0,keyword,,8,0,never_instantiated,0,,,,,0,0,,,,,,,,,,,,,,,,,,,,,,,,,,,,,,,,,,,,,,,,,,,,,,,,,,,,,,,,,,,,,,,,,,,,,,,,
20b,3,9,1,0.22,,comp_cast_type,2,0,never_instantiated,0,,,,,0,0,,comp_cast_type,1,0,never_instantiated,0,,,,,0,0,complete_cast,,46,0,never_instantiated,0,,,,,0,0,,,8,0,never_instantiated,0,,,,,0,0,,char_name,30,0,never_instantiated,0,,,,,0,0,,name,2,0,never_instantiated,0,,,,,0,0,movie_keyword,,9,0,never_instantiated,0,,,,,0,0,,kind_type,1,0,never_instantiated,0,,,,,0,0,cast_info,title,273769,1,active,9,,,,,0,0,keyword,,8,0,never_instantiated,0,,,,,0,0,,,,,,,,,,,,,,,,,,,,,,,,,,,,,,,,,,,,,,,,,,,,,,,,,,,,,,,,,,,,,,,,,,,,,,,,
20c,3,16,1,0.38,,kind_type,1,0,never_instantiated,0,,,,,0,0,,comp_cast_type,2,0,never_instantiated,0,,,,,0,0,,comp_cast_type,1,0,never_instantiated,0,,,,,0,0,title,,5406,0,never_instantiated,0,,,,,0,0,,,10,0,never_instantiated,0,,,,,0,0,name,,1146890,0,never_instantiated,0,,,,,0,0,,char_name,180152,0,never_instantiated,0,,,,,0,0,movie_keyword,,10864,0,never_instantiated,0,,,,,0,0,cast_info,complete_cast,84165,0,never_instantiated,0,,,,,0,0,keyword,,10,0,never_instantiated,0,,,,,0,0,,,,,,,,,,,,,,,,,,,,,,,,,,,,,,,,,,,,,,,,,,,,,,,,,,,,,,,,,,,,,,,,,,,,,,,,
21a,3,4,1,0.13,,keyword,1,0,never_instantiated,0,,,,,0,0,movie_keyword,,1410,0,never_instantiated,0,,,,,0,0,company_name,,3029,0,never_instantiated,0,,,,,0,0,,link_type,2,0,never_instantiated,0,,,,,0,0,,movie_link,2315,0,never_instantiated,0,,,,,0,0,title,,167,0,never_instantiated,0,,,,,0,0,,company_type,1,0,never_instantiated,0,,,,,0,0,,movie_companies,523,0,never_instantiated,0,,,,,0,0,movie_info,,8,0,never_instantiated,0,,,,,0,0,,,,,,,,,,,,,,,,,,,,,,,,,,,,,,,,,,,,,,,,,,,,,,,,,,,,,,,,,,,,,,,,,,,,,,,,,,,,,,,,,,,,
21b,3,4,1,0.12,,keyword,1,0,never_instantiated,0,,,,,0,0,movie_keyword,,38,0,never_instantiated,0,,,,,0,0,company_name,,133,0,never_instantiated,0,,,,,0,0,,link_type,2,0,never_instantiated,0,,,,,0,0,,movie_link,2315,0,never_instantiated,0,,,,,0,0,title,,7,0,never_instantiated,0,,,,,0,0,,company_type,1,0,never_instantiated,0,,,,,0,0,movie_info,movie_companies,112,0,never_instantiated,0,,,,,0,0,,,,,,,,,,,,,,,,,,,,,,,,,,,,,,,,,,,,,,,,,,,,,,,,,,,,,,,,,,,,,,,,,,,,,,,,,,,,,,,,,,,,,,,,,,,,,,,,
21c,3,14,1,0.12,link_type,,1874,0,never_instantiated,0,,,,,0,0,title,,1874,0,never_instantiated,0,,,,,0,0,,keyword,1,0,never_instantiated,0,,,,,0,0,movie_keyword,,1874,0,never_instantiated,0,,,,,0,0,company_name,,4393,0,never_instantiated,0,,,,,0,0,,company_type,1,0,never_instantiated,0,,,,,0,0,movie_companies,,736,0,never_instantiated,0,,,,,0,0,,movie_link,189,0,never_instantiated,0,,,,,0,0,movie_info,,9,0,never_instantiated,0,,,,,0,0,,,,,,,,,,,,,,,,,,,,,,,,,,,,,,,,,,,,,,,,,,,,,,,,,,,,,,,,,,,,,,,,,,,,,,,,,,,,,,,,,,,,
22a,3,10,1,0.18,keyword,,2851,0,never_instantiated,0,,,,,0,0,movie_keyword,,1509,0,never_instantiated,0,,,,,0,0,,kind_type,2,0,never_instantiated,0,,,,,0,0,company_type,,1594,0,never_instantiated,0,,,,,0,0,title,,22559,0,never_instantiated,0,,,,,0,0,company_name,,25253,0,never_instantiated,0,,,,,0,0,movie_companies,,11747,0,never_instantiated,0,,,,,0,0,,info_type,1,0,never_instantiated,0,,,,,0,0,movie_info_idx,,11748,0,never_instantiated,0,,,,,0,0,movie_info,info_type,1,0,never_instantiated,0,,,,,0,0,,,,,,,,,,,,,,,,,,,,,,,,,,,,,,,,,,,,,,,,,,,,,,,,,,,,,,,,,,,,,,,,,,,,,,,,
22b,3,2,1,0.18,company_type,,31,0,never_instantiated,0,,,,,0,0,keyword,,31,0,never_instantiated,0,,,,,0,0,,kind_type,2,0,never_instantiated,0,,,,,0,0,movie_keyword,,18,0,never_instantiated,0,,,,,0,0,title,,22559,0,never_instantiated,0,,,,,0,0,,info_type,1,0,never_instantiated,0,,,,,0,0,,info_type,1,0,never_instantiated,0,,,,,0,0,,company_name,126230,0,never_instantiated,0,,,,,0,0,,movie_companies,303271,1,active,11747,,,,,0,0,movie_info,movie_info_idx,324111,1,active,11748,,,,,0,0,,,,,,,,,,,,,,,,,,,,,,,,,,,,,,,,,,,,,,,,,,,,,,,,,,,,,,,,,,,,,,,,,,,,,,,,
22c,3,18,1,0.19,,info_type,1,0,never_instantiated,0,,,,,0,0,company_name,,23216,0,never_instantiated,0,,,,,0,0,,info_type,1,0,never_instantiated,0,,,,,0,0,movie_info_idx,,23608,0,never_instantiated,0,,,,,0,0,,kind_type,2,0,never_instantiated,0,,,,,0,0,title,,73168,0,never_instantiated,0,,,,,0,0,,company_type,2,0,never_instantiated,0,,,,,0,0,,movie_companies,303271,1,active,23916,,,,,0,0,,keyword,3,0,never_instantiated,0,,,,,0,0,movie_keyword,,17733,0,never_instantiated,0,,,,,0,0,movie_info,,10,0,never_instantiated,0,,,,,0,0,,,,,,,,,,,,,,,,,,,,,,,,,,,,,,,,,,,,,,,,,,,,,,,,,,,,,,,,,,,,
22d,3,10,1,0.19,keyword,,46281,0,never_instantiated,0,,,,,0,0,movie_keyword,,25671,0,never_instantiated,0,,,,,0,0,,kind_type,2,0,never_instantiated,0,,,,,0,0,,company_type,2,0,never_instantiated,0,,,,,0,0,title,,85053,0,never_instantiated,0,,,,,0,0,company_name,,153402,0,never_instantiated,0,,,,,0,0,movie_companies,,14949,0,never_instantiated,0,,,,,0,0,,info_type,1,0,never_instantiated,0,,,,,0,0,movie_info_idx,,17181,0,never_instantiated,0,,,,,0,0,,info_type,1,0,never_instantiated,0,,,,,0,0,movie_info,,10,0,never_instantiated,0,,,,,0,0,,,,,,,,,,,,,,,,,,,,,,,,,,,,,,,,,,,,,,,,,,,,,,,,,,,,,,,,,,,,
23a,3,18,1,0.20,,kind_type,1,0,never_instantiated,0,,,,,0,0,company_name,,618,0,never_instantiated,0,,,,,0,0,,company_type,2,0,never_instantiated,0,,,,,0,0,title,,618,0,never_instantiated,0,,,,,0,0,movie_companies,,615,0,never_instantiated,0,,,,,0,0,keyword,,615,0,never_instantiated,0,,,,,0,0,,comp_cast_type,1,0,never_instantiated,0,,,,,0,0,,info_type,1,0,never_instantiated,0,,,,,0,0,,complete_cast,24245,0,never_instantiated,0,,,,,0,0,movie_keyword,movie_info,3,0,never_instantiated,0,,,,,0,0,,,,,,,,,,,,,,,,,,,,,,,,,,,,,,,,,,,,,,,,,,,,,,,,,,,,,,,,,,,,,,,,,,,,,,,,
23b,3,16,1,0.18,kind_type,,16,0,never_instantiated,0,,,,,0,0,title,,16,0,never_instantiated,0,,,,,0,0,company_type,,16,0,never_instantiated,0,,,,,0,0,keyword,,16,0,never_instantiated,0,,,,,0,0,company_name,,16,0,never_instantiated,0,,,,,0,0,,comp_cast_type,1,0,never_instantiated,0,,,,,0,0,complete_cast,,8,0,never_instantiated,0,,,,,0,0,movie_keyword,,2,0,never_instantiated,0,,,,,0,0,movie_companies,,2,0,never_instantiated,0,,,,,0,0,movie_info,info_type,1,0,never_instantiated,0,,,,,0,0,,,,,,,,,,,,,,,,,,,,,,,,,,,,,,,,,,,,,,,,,,,,,,,,,,,,,,,,,,,,,,,,,,,,,,,,
23c,3,2,1,0.25,keyword,,628,0,never_instantiated,0,,,,,0,0,,kind_type,4,0,never_instantiated,0,,,,,0,0,,comp_cast_type,1,0,never_instantiated,0,,,,,0,0,movie_keyword,,7,0,never_instantiated,0,,,,,0,0,title,,7,0,never_instantiated,0,,,,,0,0,,info_type,1,0,never_instantiated,0,,,,,0,0,,company_type,2,0,never_instantiated,0,,,,,0,0,complete_cast,,5,0,never_instantiated,0,,,,,0,0,,company_name,84843,0,never_instantiated,0,,,,,0,0,movie_info,movie_companies,2608923,1,active,4,,,,,0,0,,,,,,,,,,,,,,,,,,,,,,,,,,,,,,,,,,,,,,,,,,,,,,,,,,,,,,,,,,,,,,,,,,,,,,,,
24a,3,4,1,0.34,company_name,,892,0,never_instantiated,0,,,,,0,0,,info_type,1,0,never_instantiated,0,,,,,0,0,title,,892,0,never_instantiated,0,,,,,0,0,,keyword,3,0,never_instantiated,0,,,,,0,0,movie_info,,344,0,never_instantiated,0,,,,,0,0,,aka_name,772581,1,active,180,,,,,0,0,movie_companies,,29,0,never_instantiated,0,,,,,0,0,char_name,,29,0,never_instantiated,0,,,,,0,0,name,,30,0,never_instantiated,0,,,,,0,0,,role_type,1,0,never_instantiated,0,,,,,0,0,cast_info,movie_keyword,505,0,never_instantiated,0,,,,,0,0,,,,,,,,,,,,,,,,,,,,,,,,,,,,,,,,,,,,,,,,,,,,,,,,,,,,,,,,,,,,
24b,3,6,1,0.25,aka_name,,9,0,never_instantiated,0,,,,,0,0,keyword,,9,0,never_instantiated,0,,,,,0,0,name,,9,0,never_instantiated,0,,,,,0,0,movie_keyword,,5,0,never_instantiated,0,,,,,0,0,,info_type,1,0,never_instantiated,0,,,,,0,0,title,,5,0,never_instantiated,0,,,,,0,0,movie_info,,3,0,never_instantiated,0,,,,,0,0,char_name,,3,0,never_instantiated,0,,,,,0,0,,company_name,1,0,never_instantiated,0,,,,,0,0,movie_companies,,3,0,never_instantiated,0,,,,,0,0,cast_info,role_type,1,0,never_instantiated,0,,,,,0,0,,,,,,,,,,,,,,,,,,,,,,,,,,,,,,,,,,,,,,,,,,,,,,,,,,,,,,,,,,,,
25a,3,18,1,0.38,info_type,,4407,0,never_instantiated,0,,,,,0,0,movie_info_idx,,4690,0,never_instantiated,0,,,,,0,0,,,4690,0,never_instantiated,0,,,,,0,0,keyword,,5,0,never_instantiated,0,,,,,0,0,movie_keyword,,2287,0,never_instantiated,0,,,,,0,0,,info_type,1,0,never_instantiated,0,,,,,0,0,,movie_info,30413,0,never_instantiated,0,,,,,0,0,,title,34360,0,never_instantiated,0,,,,,0,0,,name,1739579,1,active,12457,,,,,0,0,cast_info,,5,0,never_instantiated,0,,,,,0,0,,,,,,,,,,,,,,,,,,,,,,,,,,,,,,,,,,,,,,,,,,,,,,,,,,,,,,,,,,,,,,,,,,,,,,,,
25b,3,14,1,0.31,info_type,,6,0,never_instantiated,0,,,,,0,0,,movie_info,30413,0,never_instantiated,0,,,,,0,0,,,5,0,never_instantiated,0,,,,,0,0,movie_keyword,,4,0,never_instantiated,0,,,,,0,0,name,,4,0,never_instantiated,0,,,,,0,0,,info_type,1,0,never_instantiated,0,,,,,0,0,,movie_info_idx,459925,1,active,4,,,,,0,0,,title,8,0,never_instantiated,0,,,,,0,0,cast_info,,5,0,never_instantiated,0,,,,,0,0,keyword,,5,0,never_instantiated,0,,,,,0,0,,,,,,,,,,,,,,,,,,,,,,,,,,,,,,,,,,,,,,,,,,,,,,,,,,,,,,,,,,,,,,,,,,,,,,,,
25c,3,11,1,0.54,,info_type,1,0,never_instantiated,0,,,,,0,0,,,7,0,never_instantiated,0,,,,,0,0,movie_keyword,,28073,0,never_instantiated,0,,,,,0,0,,info_type,1,0,never_instantiated,0,,,,,0,0,,,19443,0,never_instantiated,0,,,,,0,0,movie_info,,6,0,never_instantiated,0,,,,,0,0,,name,1739579,1,active,19443,,,,,0,0,,title,145059,0,never_instantiated,0,,,,,0,0,,movie_info_idx,459925,1,abandoned,301883,,,301883,High-Hotness,24947,24947,cast_info,,5,0,never_instantiated,0,,,,,0,0,keyword,,7,0,never_instantiated,0,,,,,0,0,,,,,,,,,,,,,,,,,,,,,,,,,,,,,,,,,,,,,,,,,,,,,,,,,,,,,,,,,,,,
26a,3,19,1,0.35,,info_type,1,0,never_instantiated,0,,,,,0,0,,kind_type,1,0,never_instantiated,0,,,,,0,0,name,,1728,0,never_instantiated,0,,,,,0,0,movie_info_idx,,1730,0,never_instantiated,0,,,,,0,0,char_name,,1740,0,never_instantiated,0,,,,,0,0,,,10,0,never_instantiated,0,,,,,0,0,,comp_cast_type,2,0,never_instantiated,0,,,,,0,0,,title,273751,1,active,229899,,,,,157,157,,comp_cast_type,1,0,never_instantiated,0,,,,,0,0,movie_keyword,,2065,0,never_instantiated,0,,,,,0,0,cast_info,complete_cast,84165,0,never_instantiated,0,,,,,0,0,keyword,,10,0,never_instantiated,0,,,,,0,0,,,,,,,,,,,,,,,,,,,,,,,,,,,,,,,,,,,,,,,,,,,,,,,,
26b,3,15,1,0.28,name,,93,0,never_instantiated,0,,,,,0,0,,comp_cast_type,2,0,never_instantiated,0,,,,,0,0,,comp_cast_type,1,0,never_instantiated,0,,,,,0,0,complete_cast,,191,0,never_instantiated,0,,,,,0,0,,kind_type,1,0,never_instantiated,0,,,,,0,0,,info_type,1,0,never_instantiated,0,,,,,0,0,,title,216079,0,never_instantiated,0,,,,,0,0,,movie_info_idx,1999,0,never_instantiated,0,,,,,0,0,,keyword,4,0,never_instantiated,0,,,,,0,0,,char_name,180152,0,never_instantiated,0,,,,,0,0,cast_info,movie_keyword,9984,0,never_instantiated,0,,,,,0,0,,,,,,,,,,,,,,,,,,,,,,,,,,,,,,,,,,,,,,,,,,,,,,,,,,,,,,,,,,,,
26c,3,15,1,0.38,,kind_type,1,0,never_instantiated,0,,,,,0,0,,info_type,1,0,never_instantiated,0,,,,,0,0,char_name,,5431,0,never_instantiated,0,,,,,0,0,title,,5431,0,never_instantiated,0,,,,,0,0,name,,5431,0,never_instantiated,0,,,,,0,0,movie_info_idx,,5437,0,never_instantiated,0,,,,,0,0,,comp_cast_type,2,0,never_instantiated,0,,,,,0,0,,comp_cast_type,1,0,never_instantiated,0,,,,,0,0,,,10,0,never_instantiated,0,,,,,0,0,,complete_cast,84165,0,never_instantiated,0,,,,,0,0,cast_info,movie_keyword,4523786,1,active,99851,,,,,0,0,keyword,,10,0,never_instantiated,0,,,,,0,0,,,,,,,,,,,,,,,,,,,,,,,,,,,,,,,,,,,,,,,,,,,,,,,,
27a,3,1,1,0.13,comp_cast_type,,477,0,never_instantiated,0,,,,,0,0,comp_cast_type,,477,0,never_instantiated,0,,,,,0,0,complete_cast,,477,0,never_instantiated,0,,,,,0,0,link_type,,477,0,never_instantiated,0,,,,,0,0,company_type,,477,0,never_instantiated,0,,,,,0,0,,keyword,1,0,never_instantiated,0,,,,,0,0,title,,477,0,never_instantiated,0,,,,,0,0,movie_keyword,,477,0,never_instantiated,0,,,,,0,0,company_name,,1106,0,never_instantiated,0,,,,,0,0,,movie_link,183,0,never_instantiated,0,,,,,0,0,movie_info,movie_companies,47709,0,never_instantiated,0,,,,,0,0,,,,,,,,,,,,,,,,,,,,,,,,,,,,,,,,,,,,,,,,,,,,,,,,,,,,,,,,,,,,
27b,3,19,1,0.10,company_name,,532,0,never_instantiated,0,,,,,0,0,link_type,,532,0,never_instantiated,0,,,,,0,0,movie_link,,28,0,never_instantiated,0,,,,,0,0,,keyword,1,0,never_instantiated,0,,,,,0,0,,comp_cast_type,2,0,never_instantiated,0,,,,,0,0,,comp_cast_type,1,0,never_instantiated,0,,,,,0,0,complete_cast,,28,0,never_instantiated,0,,,,,0,0,,company_type,1,0,never_instantiated,0,,,,,0,0,movie_companies,,5,0,never_instantiated,0,,,,,0,0,movie_keyword,,5,0,never_instantiated,0,,,,,0,0,movie_info,title,2,0,never_instantiated,0,,,,,0,0,,,,,,,,,,,,,,,,,,,,,,,,,,,,,,,,,,,,,,,,,,,,,,,,,,,,,,,,,,,,
27c,3,15,1,0.12,link_type,,743,0,never_instantiated,0,,,,,0,0,company_type,,743,0,never_instantiated,0,,,,,0,0,company_name,,1808,0,never_instantiated,0,,,,,0,0,movie_link,,110,0,never_instantiated,0,,,,,0,0,movie_companies,,22,0,never_instantiated,0,,,,,0,0,,keyword,1,0,never_instantiated,0,,,,,0,0,title,,22,0,never_instantiated,0,,,,,0,0,movie_keyword,,20,0,never_instantiated,0,,,,,0,0,,comp_cast_type,1,0,never_instantiated,0,,,,,0,0,,comp_cast_type,2,0,never_instantiated,0,,,,,0,0,,complete_cast,14,0,never_instantiated,0,,,,,0,0,movie_info,,9,0,never_instantiated,0,,,,,0,0,,,,,,,,,,,,,,,,,,,,,,,,,,,,,,,,,,,,,,,,,,,,,,,,
28a,3,10,1,0.18,info_type,,4803,0,never_instantiated,0,,,,,0,0,comp_cast_type,,4803,0,never_instantiated,0,,,,,0,0,movie_info_idx,,5113,0,never_instantiated,0,,,,,0,0,,info_type,1,0,never_instantiated,0,,,,,0,0,company_name,,5271,0,never_instantiated,0,,,,,0,0,,kind_type,2,0,never_instantiated,0,,,,,0,0,,comp_cast_type,1,0,never_instantiated,0,,,,,0,0,complete_cast,,5468,0,never_instantiated,0,,,,,0,0,,keyword,3,0,never_instantiated,0,,,,,0,0,,company_type,2,0,never_instantiated,0,,,,,0,0,,movie_companies,303264,1,active,544,,,,,0,0,,title,15342,0,never_instantiated,0,,,,,0,0,movie_keyword,,417,0,never_instantiated,0,,,,,0,0,movie_info,,10,0,never_instantiated,0,,,,,0,0,,,,,,,,,,,,,,,,,,,,,,,,
28b,3,10,1,0.16,info_type,,148,0,never_instantiated,0,,,,,0,0,comp_cast_type,,148,0,never_instantiated,0,,,,,0,0,movie_info_idx,,210,0,never_instantiated,0,,,,,0,0,,info_type,1,0,never_instantiated,0,,,,,0,0,company_name,,212,0,never_instantiated,0,,,,,0,0,,kind_type,2,0,never_instantiated,0,,,,,0,0,,comp_cast_type,1,0,never_instantiated,0,,,,,0,0,complete_cast,,225,0,never_instantiated,0,,,,,0,0,,keyword,3,0,never_instantiated,0,,,,,0,0,,company_type,2,0,never_instantiated,0,,,,,0,0,,movie_companies,303264,1,active,26,,,,,0,0,,title,11468,0,never_instantiated,0,,,,,0,0,movie_keyword,movie_info,27,0,never_instantiated,0,,,,,0,0,,,,,,,,,,,,,,,,,,,,,,,,,,,,,,,,,,,,
28c,3,16,1,0.19,keyword,,8373,0,never_instantiated,0,,,,,0,0,info_type,,8373,0,never_instantiated,0,,,,,0,0,comp_cast_type,,8373,0,never_instantiated,0,,,,,0,0,movie_info_idx,,8493,0,never_instantiated,0,,,,,0,0,,kind_type,2,0,never_instantiated,0,,,,,0,0,,comp_cast_type,1,0,never_instantiated,0,,,,,0,0,title,,22323,0,never_instantiated,0,,,,,0,0,complete_cast,,67815,0,never_instantiated,0,,,,,0,0,,company_type,2,0,never_instantiated,0,,,,,0,0,,info_type,1,0,never_instantiated,0,,,,,0,0,,company_name,126230,0,never_instantiated,0,,,,,0,0,,movie_companies,303264,1,active,23916,,,,,0,0,movie_keyword,,17733,0,never_instantiated,0,,,,,0,0,movie_info,,10,0,never_instantiated,0,,,,,0,0,,,,,,,,,,,,,,,,,,,,,,,,
29a,3,19,1,0.27,comp_cast_type,,1620,0,never_instantiated,0,,,,,0,0,company_name,,7128,0,never_instantiated,0,,,,,0,0,keyword,,7128,0,never_instantiated,0,,,,,0,0,comp_cast_type,,7128,0,never_instantiated,0,,,,,0,0,complete_cast,,7128,0,never_instantiated,0,,,,,0,0,info_type,,7128,0,never_instantiated,0,,,,,0,0,char_name,,7128,0,never_instantiated,0,,,,,0,0,name,,7128,0,never_instantiated,0,,,,,0,0,movie_companies,,324,0,never_instantiated,0,,,,,0,0,info_type,,324,0,never_instantiated,0,,,,,0,0,movie_info,,162,0,never_instantiated,0,,,,,0,0,movie_keyword,,162,0,never_instantiated,0,,,,,0,0,,role_type,1,0,never_instantiated,0,,,,,0,0,person_info,,3,0,never_instantiated,0,,,,,0,0,aka_name,,1,0,never_instantiated,0,,,,,0,0,cast_info,title,1,0,never_instantiated,0,,,,,0,0
29b,3,18,1,0.25,company_name,,66,0,never_instantiated,0,,,,,0,0,info_type,,66,0,never_instantiated,0,,,,,0,0,movie_companies,,3,0,never_instantiated,0,,,,,0,0,person_info,,3,0,never_instantiated,0,,,,,0,0,name,,3,0,never_instantiated,0,,,,,0,0,comp_cast_type,,3,0,never_instantiated,0,,,,,0,0,comp_cast_type,,3,0,never_instantiated,0,,,,,0,0,info_type,,3,0,never_instantiated,0,,,,,0,0,keyword,,3,0,never_instantiated,0,,,,,0,0,char_name,,3,0,never_instantiated,0,,,,,0,0,movie_info,,3,0,never_instantiated,0,,,,,0,0,complete_cast,,3,0,never_instantiated,0,,,,,0,0,movie_keyword,,3,0,never_instantiated,0,,,,,0,0,aka_name,,1,0,never_instantiated,0,,,,,0,0,,title,2,0,never_instantiated,0,,,,,0,0,cast_info,role_type,1,0,never_instantiated,0,,,,,0,0
29c,3,4,1,0.35,keyword,,16308,0,never_instantiated,0,,,,,0,0,info_type,,16308,0,never_instantiated,0,,,,,0,0,person_info,,189,0,never_instantiated,0,,,,,0,0,,info_type,1,0,never_instantiated,0,,,,,0,0,aka_name,,46,0,never_instantiated,0,,,,,0,0,,comp_cast_type,1,0,never_instantiated,0,,,,,0,0,,comp_cast_type,1,0,never_instantiated,0,,,,,0,0,char_name,,46,0,never_instantiated,0,,,,,0,0,complete_cast,,55,0,never_instantiated,0,,,,,0,0,title,,70,0,never_instantiated,0,,,,,0,0,,company_name,84843,0,never_instantiated,0,,,,,0,0,,role_type,1,0,never_instantiated,0,,,,,0,0,,movie_keyword,414,0,never_instantiated,0,,,,,0,0,,movie_companies,2608923,1,active,12,,,,,0,0,,name,50011,0,never_instantiated,0,,,,,0,0,cast_info,movie_info,450871,1,active,5,,,,,0,0
30a,3,3,1,0.39,,comp_cast_type,2,0,never_instantiated,0,,,,,0,0,,info_type,1,0,never_instantiated,0,,,,,0,0,movie_info,,642,0,never_instantiated,0,,,,,0,0,,comp_cast_type,1,0,never_instantiated,0,,,,,0,0,name,,871,0,never_instantiated,0,,,,,0,0,complete_cast,,841,0,never_instantiated,0,,,,,0,0,,,7,0,never_instantiated,0,,,,,0,0,title,,173928,0,never_instantiated,0,,,,,0,0,,info_type,1,0,never_instantiated,0,,,,,0,0,,movie_info_idx,459891,1,active,173938,,,,,0,0,,movie_keyword,227832,0,never_instantiated,0,,,,,0,0,cast_info,,5,0,never_instantiated,0,,,,,0,0,keyword,,7,0,never_instantiated,0,,,,,0,0,,,,,,,,,,,,,,,,,,,,,,,,,,,,,,,,,,,,
30b,3,13,1,0.34,,info_type,1,0,never_instantiated,0,,,,,0,0,title,,28,0,never_instantiated,0,,,,,0,0,movie_info_idx,,28,0,never_instantiated,0,,,,,0,0,,info_type,1,0,never_instantiated,0,,,,,0,0,,,7,0,never_instantiated,0,,,,,0,0,movie_info,,777,0,never_instantiated,0,,,,,0,0,name,,777,0,never_instantiated,0,,,,,0,0,movie_keyword,,6,0,never_instantiated,0,,,,,0,0,,comp_cast_type,2,0,never_instantiated,0,,,,,0,0,,comp_cast_type,1,0,never_instantiated,0,,,,,0,0,,complete_cast,24245,0,never_instantiated,0,,,,,0,0,cast_info,,5,0,never_instantiated,0,,,,,0,0,keyword,,7,0,never_instantiated,0,,,,,0,0,,,,,,,,,,,,,,,,,,,,,,,,,,,,,,,,,,,,
30c,3,15,1,0.41,,info_type,1,0,never_instantiated,0,,,,,0,0,movie_info_idx,,8024,0,never_instantiated,0,,,,,0,0,,info_type,1,0,never_instantiated,0,,,,,0,0,title,,8024,0,never_instantiated,0,,,,,0,0,name,,11866,0,never_instantiated,0,,,,,0,0,,comp_cast_type,1,0,never_instantiated,0,,,,,0,0,,,6432,0,never_instantiated,0,,,,,0,0,movie_info,,6,0,never_instantiated,0,,,,,0,0,,comp_cast_type,1,0,never_instantiated,0,,,,,0,0,,complete_cast,6815,0,never_instantiated,0,,,,,0,0,,,7,0,never_instantiated,0,,,,,0,0,,movie_keyword,396634,1,active,4672,,,,,0,0,cast_info,,5,0,never_instantiated,0,,,,,0,0,keyword,,7,0,never_instantiated,0,,,,,0,0,,,,,,,,,,,,,,,,,,,,,,,,
31a,3,14,1,0.39,,info_type,1,0,never_instantiated,0,,,,,0,0,,company_name,10,0,never_instantiated,0,,,,,0,0,movie_companies,,678,0,never_instantiated,0,,,,,0,0,,info_type,1,0,never_instantiated,0,,,,,0,0,movie_info,,516,0,never_instantiated,0,,,,,0,0,,name,1739579,1,active,665,,,,,0,0,title,,665,0,never_instantiated,0,,,,,0,0,,,7,0,never_instantiated,0,,,,,0,0,,movie_keyword,22032,0,never_instantiated,0,,,,,0,0,,movie_info_idx,294,0,never_instantiated,0,,,,,0,0,cast_info,,5,0,never_instantiated,0,,,,,0,0,keyword,,7,0,never_instantiated,0,,,,,0,0,,,,,,,,,,,,,,,,,,,,,,,,,,,,,,,,,,,,,,,,,,,,,,,,
31b,3,2,1,0.32,,,84,0,never_instantiated,0,,,,,0,0,keyword,,7,0,never_instantiated,0,,,,,0,0,movie_keyword,,19,0,never_instantiated,0,,,,,0,0,,info_type,1,0,never_instantiated,0,,,,,0,0,name,,19,0,never_instantiated,0,,,,,0,0,company_name,,19,0,never_instantiated,0,,,,,0,0,title,,19,0,never_instantiated,0,,,,,0,0,movie_companies,,15,0,never_instantiated,0,,,,,0,0,,info_type,1,0,never_instantiated,0,,,,,0,0,,movie_info,72255,0,never_instantiated,0,,,,,0,0,,movie_info_idx,68,0,never_instantiated,0,,,,,0,0,cast_info,,5,0,never_instantiated,0,,,,,0,0,,,,,,,,,,,,,,,,,,,,,,,,,,,,,,,,,,,,,,,,,,,,,,,,
31c,3,5,1,0.49,,,2825,0,never_instantiated,0,,,,,0,0,keyword,,7,0,never_instantiated,0,,,,,0,0,,info_type,1,0,never_instantiated,0,,,,,0,0,,company_name,10,0,never_instantiated,0,,,,,0,0,,info_type,1,0,never_instantiated,0,,,,,0,0,,movie_companies,1814,0,never_instantiated,0,,,,,0,0,,movie_keyword,929,0,never_instantiated,0,,,,,0,0,,,186584,0,never_instantiated,0,,,,,0,0,name,,254,0,never_instantiated,0,,,,,0,0,,movie_info_idx,459917,1,active,257,,,,,0,0,,title,2525744,1,active,257,,,,,0,0,cast_info,,5,0,never_instantiated,0,,,,,0,0,movie_info,,6,0,never_instantiated,0,,,,,0,0,,,,,,,,,,,,,,,,,,,,,,,,,,,,,,,,,,,,
32a,3,2,1,0.07,link_type,,0,0,never_instantiated,0,,,,,0,0,title,,0,0,never_instantiated,0,,,,,0,0,movie_link,,0,0,never_instantiated,0,,,,,0,0,,keyword,1,0,never_instantiated,0,,,,,0,0,movie_keyword,title,186174,0,never_instantiated,0,,,,,0,0,,,,,,,,,,,,,,,,,,,,,,,,,,,,,,,,,,,,,,,,,,,,,,,,,,,,,,,,,,,,,,,,,,,,,,,,,,,,,,,,,,,,,,,,,,,,,,,,,,,,,,,,,,,,,,,,,,,,,,,,,,,,,,,,,,,,
32b,3,8,1,0.10,,keyword,1,0,never_instantiated,0,,,,,0,0,title,,4388,0,never_instantiated,0,,,,,0,0,,link_type,17,0,never_instantiated,0,,,,,0,0,,movie_link,29997,0,never_instantiated,0,,,,,0,0,movie_keyword,title,186174,0,never_instantiated,0,,,,,0,0,,,,,,,,,,,,,,,,,,,,,,,,,,,,,,,,,,,,,,,,,,,,,,,,,,,,,,,,,,,,,,,,,,,,,,,,,,,,,,,,,,,,,,,,,,,,,,,,,,,,,,,,,,,,,,,,,,,,,,,,,,,,,,,,,,,,
33a,3,0,1,0.09,kind_type,,8,0,never_instantiated,0,,,,,0,0,title,,8,0,never_instantiated,0,,,,,0,0,kind_type,,8,0,never_instantiated,0,,,,,0,0,title,,8,0,never_instantiated,0,,,,,0,0,info_type,,8,0,never_instantiated,0,,,,,0,0,movie_info_idx,,8,0,never_instantiated,0,,,,,0,0,company_name,,29,0,never_instantiated,0,,,,,0,0,movie_companies,,11,0,never_instantiated,0,,,,,0,0,,link_type,2,0,never_instantiated,0,,,,,0,0,movie_link,,9,0,never_instantiated,0,,,,,0,0,,info_type,1,0,never_instantiated,0,,,,,0,0,,movie_info_idx,25576,0,never_instantiated,0,,,,,0,0,movie_companies,company_name,234997,0,never_instantiated,0,,,,,0,0,,,,,,,,,,,,,,,,,,,,,,,,,,,,,,,,,,,,
33b,3,5,1,0.08,kind_type,,4,0,never_instantiated,0,,,,,0,0,link_type,,4,0,never_instantiated,0,,,,,0,0,title,,4,0,never_instantiated,0,,,,,0,0,info_type,,4,0,never_instantiated,0,,,,,0,0,company_name,,4,0,never_instantiated,0,,,,,0,0,movie_info_idx,,4,0,never_instantiated,0,,,,,0,0,company_name,,4,0,never_instantiated,0,,,,,0,0,movie_companies,,4,0,never_instantiated,0,,,,,0,0,movie_link,,4,0,never_instantiated,0,,,,,0,0,,kind_type,1,0,never_instantiated,0,,,,,0,0,title,,4,0,never_instantiated,0,,,,,0,0,,info_type,1,0,never_instantiated,0,,,,,0,0,movie_companies,movie_info_idx,25576,0,never_instantiated,0,,,,,0,0,,,,,,,,,,,,,,,,,,,,,,,,,,,,,,,,,,,,
33c,3,14,1,0.12,info_type,,114,0,never_instantiated,0,,,,,0,0,link_type,,114,0,never_instantiated,0,,,,,0,0,,info_type,1,0,never_instantiated,0,,,,,0,0,,kind_type,2,0,never_instantiated,0,,,,,0,0,company_name,,114,0,never_instantiated,0,,,,,0,0,title,,114,0,never_instantiated,0,,,,,0,0,movie_info_idx,,121,0,never_instantiated,0,,,,,0,0,movie_info_idx,,121,0,never_instantiated,0,,,,,0,0,company_name,,138,0,never_instantiated,0,,,,,0,0,movie_companies,,48,0,never_instantiated,0,,,,,0,0,,kind_type,2,0,never_instantiated,0,,,,,0,0,title,,97,0,never_instantiated,0,,,,,0,0,movie_companies,movie_link,47,0,never_instantiated,0,,,,,0,0,,,,,,,,,,,,,,,,,,,,,,,,,,,,,,,,,,,,
1a,4,16,1,0.06,title,,142,0,never_instantiated,0,,,,,0,0,,info_type,1,0,never_instantiated,0,,,,,0,0,,company_type,1,0,never_instantiated,0,,,,,0,0,movie_info_idx,movie_companies,188,0,never_instantiated,0,,,,,0,0,,,,,,,,,,,,,,,,,,,,,,,,,,,,,,,,,,,,,,,,,,,,,,,,,,,,,,,,,,,,,,,,,,,,,,,,,,,,,,,,,,,,,,,,,,,,,,,,,,,,,,,,,,,,,,,,,,,,,,,,,,,,,,,,,,,,,,,,,,,,,,,,
1b,4,10,1,0.05,,info_type,1,0,never_instantiated,0,,,,,0,0,,company_type,1,0,never_instantiated,0,,,,,0,0,title,,5,0,never_instantiated,0,,,,,0,0,movie_info_idx,movie_companies,5,0,never_instantiated,0,,,,,0,0,,,,,,,,,,,,,,,,,,,,,,,,,,,,,,,,,,,,,,,,,,,,,,,,,,,,,,,,,,,,,,,,,,,,,,,,,,,,,,,,,,,,,,,,,,,,,,,,,,,,,,,,,,,,,,,,,,,,,,,,,,,,,,,,,,,,,,,,,,,,,,,,
1c,4,4,1,0.09,,company_type,1,0,never_instantiated,0,,,,,0,0,,info_type,1,0,never_instantiated,0,,,,,0,0,title,,3,0,never_instantiated,0,,,,,0,0,movie_info_idx,movie_companies,7,0,never_instantiated,0,,,,,0,0,,,,,,,,,,,,,,,,,,,,,,,,,,,,,,,,,,,,,,,,,,,,,,,,,,,,,,,,,,,,,,,,,,,,,,,,,,,,,,,,,,,,,,,,,,,,,,,,,,,,,,,,,,,,,,,,,,,,,,,,,,,,,,,,,,,,,,,,,,,,,,,,
1d,4,1,1,0.06,title,,5,0,never_instantiated,0,,,,,0,0,,company_type,1,0,never_instantiated,0,,,,,0,0,,info_type,1,0,never_instantiated,0,,,,,0,0,movie_info_idx,movie_companies,5,0,never_instantiated,0,,,,,0,0,,,,,,,,,,,,,,,,,,,,,,,,,,,,,,,,,,,,,,,,,,,,,,,,,,,,,,,,,,,,,,,,,,,,,,,,,,,,,,,,,,,,,,,,,,,,,,,,,,,,,,,,,,,,,,,,,,,,,,,,,,,,,,,,,,,,,,,,,,,,,,,,
2a,4,16,1,0.09,title,,7834,0,never_instantiated,0,,,,,0,0,,keyword,1,0,never_instantiated,0,,,,,0,0,,company_name,1516,0,never_instantiated,0,,,,,0,0,movie_keyword,movie_companies,7862,0,never_instantiated,0,,,,,0,0,,,,,,,,,,,,,,,,,,,,,,,,,,,,,,,,,,,,,,,,,,,,,,,,,,,,,,,,,,,,,,,,,,,,,,,,,,,,,,,,,,,,,,,,,,,,,,,,,,,,,,,,,,,,,,,,,,,,,,,,,,,,,,,,,,,,,,,,,,,,,,,,
2b,4,11,1,0.09,company_name,,5259,0,never_instantiated,0,,,,,0,0,,keyword,1,0,never_instantiated,0,,,,,0,0,,movie_companies,56774,0,never_instantiated,0,,,,,0,0,movie_keyword,title,2629,0,never_instantiated,0,,,,,0,0,,,,,,,,,,,,,,,,,,,,,,,,,,,,,,,,,,,,,,,,,,,,,,,,,,,,,,,,,,,,,,,,,,,,,,,,,,,,,,,,,,,,,,,,,,,,,,,,,,,,,,,,,,,,,,,,,,,,,,,,,,,,,,,,,,,,,,,,,,,,,,,,
2c,4,16,1,0.05,title,,0,0,never_instantiated,0,,,,,0,0,,keyword,0,0,never_instantiated,0,,,,,0,0,,company_name,0,0,never_instantiated,0,,,,,0,0,movie_keyword,movie_companies,0,0,never_instantiated,0,,,,,0,0,,,,,,,,,,,,,,,,,,,,,,,,,,,,,,,,,,,,,,,,,,,,,,,,,,,,,,,,,,,,,,,,,,,,,,,,,,,,,,,,,,,,,,,,,,,,,,,,,,,,,,,,,,,,,,,,,,,,,,,,,,,,,,,,,,,,,,,,,,,,,,,,
2d,4,13,1,0.12,title,,68316,0,never_instantiated,0,,,,,0,0,company_name,,148552,0,never_instantiated,0,,,,,0,0,,keyword,1,0,never_instantiated,0,,,,,0,0,movie_keyword,movie_companies,149235,0,never_instantiated,0,,,,,0,0,,,,,,,,,,,,,,,,,,,,,,,,,,,,,,,,,,,,,,,,,,,,,,,,,,,,,,,,,,,,,,,,,,,,,,,,,,,,,,,,,,,,,,,,,,,,,,,,,,,,,,,,,,,,,,,,,,,,,,,,,,,,,,,,,,,,,,,,,,,,,,,,
3a,4,18,1,0.29,,keyword,21,0,never_instantiated,0,,,,,0,0,,title,499,0,never_instantiated,0,,,,,0,0,movie_keyword,,2007,0,never_instantiated,0,,,,,0,0,movie_info,,8,0,never_instantiated,0,,,,,0,0,,,,,,,,,,,,,,,,,,,,,,,,,,,,,,,,,,,,,,,,,,,,,,,,,,,,,,,,,,,,,,,,,,,,,,,,,,,,,,,,,,,,,,,,,,,,,,,,,,,,,,,,,,,,,,,,,,,,,,,,,,,,,,,,,,,,,,,,,,,,,,,,
3b,4,4,1,0.28,title,,5,0,never_instantiated,0,,,,,0,0,keyword,,5,0,never_instantiated,0,,,,,0,0,movie_keyword,movie_info,3,0,never_instantiated,0,,,,,0,0,,,,,,,,,,,,,,,,,,,,,,,,,,,,,,,,,,,,,,,,,,,,,,,,,,,,,,,,,,,,,,,,,,,,,,,,,,,,,,,,,,,,,,,,,,,,,,,,,,,,,,,,,,,,,,,,,,,,,,,,,,,,,,,,,,,,,,,,,,,,,,,,,,,,,,,,,,,,
3c,4,12,1,0.30,,title,6303,0,never_instantiated,0,,,,,0,0,,keyword,30,0,never_instantiated,0,,,,,0,0,movie_keyword,,13176,0,never_instantiated,0,,,,,0,0,movie_info,,10,0,never_instantiated,0,,,,,0,0,,,,,,,,,,,,,,,,,,,,,,,,,,,,,,,,,,,,,,,,,,,,,,,,,,,,,,,,,,,,,,,,,,,,,,,,,,,,,,,,,,,,,,,,,,,,,,,,,,,,,,,,,,,,,,,,,,,,,,,,,,,,,,,,,,,,,,,,,,,,,,,,
4a,4,12,1,0.09,title,,5820,0,never_instantiated,0,,,,,0,0,,info_type,1,0,never_instantiated,0,,,,,0,0,,movie_info_idx,7566,0,never_instantiated,0,,,,,0,0,movie_keyword,keyword,30,0,never_instantiated,0,,,,,0,0,,,,,,,,,,,,,,,,,,,,,,,,,,,,,,,,,,,,,,,,,,,,,,,,,,,,,,,,,,,,,,,,,,,,,,,,,,,,,,,,,,,,,,,,,,,,,,,,,,,,,,,,,,,,,,,,,,,,,,,,,,,,,,,,,,,,,,,,,,,,,,,,
4b,4,4,1,0.10,,info_type,1,0,never_instantiated,0,,,,,0,0,,keyword,3,0,never_instantiated,0,,,,,0,0,,title,10,0,never_instantiated,0,,,,,0,0,movie_keyword,movie_info_idx,5,0,never_instantiated,0,,,,,0,0,,,,,,,,,,,,,,,,,,,,,,,,,,,,,,,,,,,,,,,,,,,,,,,,,,,,,,,,,,,,,,,,,,,,,,,,,,,,,,,,,,,,,,,,,,,,,,,,,,,,,,,,,,,,,,,,,,,,,,,,,,,,,,,,,,,,,,,,,,,,,,,,
4c,4,8,1,0.10,,,,,,,,,,,,,,,,,,,,,,,,,,,,,,,,,,,,,,,,,,,,,,,,,,,,,,,,,,,,,,,,,,,,,,,,,,,,,,,,,,,,,,,,,,,,,,,,,,,,,,,,,,,,,,,,,,,,,,,,,,,,,,,,,,,,,,,,,,,,,,,,,,,,,,,,,,,,,,,,,,,,,,,,,,,,,,,,,,,,,,,,,,,,,,,,
5a,4,7,1,0.05,,info_type,0,0,never_instantiated,0,,,,,0,0,title,,0,0,never_instantiated,0,,,,,0,0,,company_type,0,0,never_instantiated,0,,,,,0,0,,movie_companies,0,0,never_instantiated,0,,,,,0,0,movie_info,,8,0,never_instantiated,0,,,,,0,0,,,,,,,,,,,,,,,,,,,,,,,,,,,,,,,,,,,,,,,,,,,,,,,,,,,,,,,,,,,,,,,,,,,,,,,,,,,,,,,,,,,,,,,,,,,,,,,,,,,,,,,,,,,,,,,,,,,,,,,,,,,,,,,,,,,,
5b,4,1,1,0.09,title,,0,0,never_instantiated,0,,,,,0,0,,company_type,0,0,never_instantiated,0,,,,,0,0,,info_type,0,0,never_instantiated,0,,,,,0,0,movie_info,movie_companies,0,0,never_instantiated,0,,,,,0,0,,,,,,,,,,,,,,,,,,,,,,,,,,,,,,,,,,,,,,,,,,,,,,,,,,,,,,,,,,,,,,,,,,,,,,,,,,,,,,,,,,,,,,,,,,,,,,,,,,,,,,,,,,,,,,,,,,,,,,,,,,,,,,,,,,,,,,,,,,,,,,,,
5c,4,18,1,0.27,,company_type,1,0,never_instantiated,0,,,,,0,0,,movie_companies,652,0,never_instantiated,0,,,,,0,0,,title,1028,0,never_instantiated,0,,,,,0,0,,info_type,5,0,never_instantiated,0,,,,,0,0,movie_info,,10,0,never_instantiated,0,,,,,0,0,,,,,,,,,,,,,,,,,,,,,,,,,,,,,,,,,,,,,,,,,,,,,,,,,,,,,,,,,,,,,,,,,,,,,,,,,,,,,,,,,,,,,,,,,,,,,,,,,,,,,,,,,,,,,,,,,,,,,,,,,,,,,,,,,,,,
6a,4,6,1,0.14,title,,6,0,never_instantiated,0,,,,,0,0,,keyword,1,0,never_instantiated,0,,,,,0,0,,name,1,0,never_instantiated,0,,,,,0,0,cast_info,movie_keyword,4,0,never_instantiated,0,,,,,0,0,,,,,,,,,,,,,,,,,,,,,,,,,,,,,,,,,,,,,,,,,,,,,,,,,,,,,,,,,,,,,,,,,,,,,,,,,,,,,,,,,,,,,,,,,,,,,,,,,,,,,,,,,,,,,,,,,,,,,,,,,,,,,,,,,,,,,,,,,,,,,,,,
6b,4,6,1,0.12,,title,1,0,never_instantiated,0,,,,,0,0,,,6,0,never_instantiated,0,,,,,0,0,,name,1,0,never_instantiated,0,,,,,0,0,cast_info,movie_keyword,202,0,never_instantiated,0,,,,,0,0,keyword,,8,0,never_instantiated,0,,,,,0,0,,,,,,,,,,,,,,,,,,,,,,,,,,,,,,,,,,,,,,,,,,,,,,,,,,,,,,,,,,,,,,,,,,,,,,,,,,,,,,,,,,,,,,,,,,,,,,,,,,,,,,,,,,,,,,,,,,,,,,,,,,,,,,,,,,,,
6c,4,14,1,0.10,,keyword,1,0,never_instantiated,0,,,,,0,0,movie_keyword,,2,0,never_instantiated,0,,,,,0,0,,name,1,0,never_instantiated,0,,,,,0,0,cast_info,title,1,0,never_instantiated,0,,,,,0,0,,,,,,,,,,,,,,,,,,,,,,,,,,,,,,,,,,,,,,,,,,,,,,,,,,,,,,,,,,,,,,,,,,,,,,,,,,,,,,,,,,,,,,,,,,,,,,,,,,,,,,,,,,,,,,,,,,,,,,,,,,,,,,,,,,,,,,,,,,,,,,,,
6d,4,11,1,0.13,,,8,0,never_instantiated,0,,,,,0,0,movie_keyword,,306,0,never_instantiated,0,,,,,0,0,,name,2,0,never_instantiated,0,,,,,0,0,cast_info,title,2029,0,never_instantiated,0,,,,,0,0,keyword,,8,0,never_instantiated,0,,,,,0,0,,,,,,,,,,,,,,,,,,,,,,,,,,,,,,,,,,,,,,,,,,,,,,,,,,,,,,,,,,,,,,,,,,,,,,,,,,,,,,,,,,,,,,,,,,,,,,,,,,,,,,,,,,,,,,,,,,,,,,,,,,,,,,,,,,,,
6e,4,13,1,0.11,,keyword,1,0,never_instantiated,0,,,,,0,0,movie_keyword,,6,0,never_instantiated,0,,,,,0,0,,title,4,0,never_instantiated,0,,,,,0,0,cast_info,name,1,0,never_instantiated,0,,,,,0,0,,,,,,,,,,,,,,,,,,,,,,,,,,,,,,,,,,,,,,,,,,,,,,,,,,,,,,,,,,,,,,,,,,,,,,,,,,,,,,,,,,,,,,,,,,,,,,,,,,,,,,,,,,,,,,,,,,,,,,,,,,,,,,,,,,,,,,,,,,,,,,,,
6f,4,16,1,1.94,,,8,0,never_instantiated,0,,,,,0,0,,movie_keyword,4523930,0,never_instantiated,0,,,,,0,0,,title,1381132,0,never_instantiated,0,,,,,0,0,cast_info,name,4061926,0,never_instantiated,0,,,,,0,0,keyword,,8,0,never_instantiated,0,,,,,0,0,,,,,,,,,,,,,,,,,,,,,,,,,,,,,,,,,,,,,,,,,,,,,,,,,,,,,,,,,,,,,,,,,,,,,,,,,,,,,,,,,,,,,,,,,,,,,,,,,,,,,,,,,,,,,,,,,,,,,,,,,,,,,,,,,,,,
7a,4,3,1,0.23,link_type,,32,0,never_instantiated,0,,,,,0,0,movie_link,,21,0,never_instantiated,0,,,,,0,0,,info_type,1,0,never_instantiated,0,,,,,0,0,name,,45,0,never_instantiated,0,,,,,0,0,,person_info,15,0,never_instantiated,0,,,,,0,0,,title,184,0,never_instantiated,0,,,,,0,0,cast_info,aka_name,461,0,never_instantiated,0,,,,,0,0,,,,,,,,,,,,,,,,,,,,,,,,,,,,,,,,,,,,,,,,,,,,,,,,,,,,,,,,,,,,,,,,,,,,,,,,,,,,,,,,,,,,,,,,,,,,,,,,,,,,,,,,,,,,
7b,4,11,1,0.20,info_type,,16,0,never_instantiated,0,,,,,0,0,name,,27,0,never_instantiated,0,,,,,0,0,,person_info,15,0,never_instantiated,0,,,,,0,0,aka_name,,51,0,never_instantiated,0,,,,,0,0,,link_type,1,0,never_instantiated,0,,,,,0,0,,movie_link,77,0,never_instantiated,0,,,,,0,0,cast_info,title,39,0,never_instantiated,0,,,,,0,0,,,,,,,,,,,,,,,,,,,,,,,,,,,,,,,,,,,,,,,,,,,,,,,,,,,,,,,,,,,,,,,,,,,,,,,,,,,,,,,,,,,,,,,,,,,,,,,,,,,,,,,,,,,,
7c,4,7,1,0.61,,info_type,1,0,never_instantiated,0,,,,,0,0,name,,345472,0,never_instantiated,0,,,,,0,0,person_info,,313161,0,never_instantiated,0,,,,,0,0,aka_name,,137068,0,never_instantiated,0,,,,,0,0,title,,209855,0,never_instantiated,0,,,,,0,0,,link_type,4,0,never_instantiated,0,,,,,0,0,cast_info,movie_link,17799,0,never_instantiated,0,,,,,0,0,,,,,,,,,,,,,,,,,,,,,,,,,,,,,,,,,,,,,,,,,,,,,,,,,,,,,,,,,,,,,,,,,,,,,,,,,,,,,,,,,,,,,,,,,,,,,,,,,,,,,,,,,,,,
8a,4,1,1,0.18,company_name,,64,0,never_instantiated,0,,,,,0,0,title,,64,0,never_instantiated,0,,,,,0,0,name,,82,0,never_instantiated,0,,,,,0,0,aka_name,,7507,0,never_instantiated,0,,,,,0,0,,role_type,1,0,never_instantiated,0,,,,,0,0,movie_companies,cast_info,4561,0,never_instantiated,0,,,,,0,0,,,,,,,,,,,,,,,,,,,,,,,,,,,,,,,,,,,,,,,,,,,,,,,,,,,,,,,,,,,,,,,,,,,,,,,,,,,,,,,,,,,,,,,,,,,,,,,,,,,,,,,,,,,,,,,,,,,,,,,,
8b,4,17,1,0.15,role_type,,6,0,never_instantiated,0,,,,,0,0,company_name,,6,0,never_instantiated,0,,,,,0,0,movie_companies,,6,0,never_instantiated,0,,,,,0,0,aka_name,,4,0,never_instantiated,0,,,,,0,0,title,,4,0,never_instantiated,0,,,,,0,0,name,cast_info,25,0,never_instantiated,0,,,,,0,0,,,,,,,,,,,,,,,,,,,,,,,,,,,,,,,,,,,,,,,,,,,,,,,,,,,,,,,,,,,,,,,,,,,,,,,,,,,,,,,,,,,,,,,,,,,,,,,,,,,,,,,,,,,,,,,,,,,,,,,,
8c,4,4,1,0.63,,company_name,84843,0,never_instantiated,0,,,,,0,0,,aka_name,772581,0,never_instantiated,0,,,,,0,0,,role_type,1,0,never_instantiated,0,,,,,0,0,,movie_companies,2609129,0,never_instantiated,0,,,,,0,0,,name,4061923,0,never_instantiated,0,,,,,0,0,cast_info,title,2525744,0,never_instantiated,0,,,,,0,0,,,,,,,,,,,,,,,,,,,,,,,,,,,,,,,,,,,,,,,,,,,,,,,,,,,,,,,,,,,,,,,,,,,,,,,,,,,,,,,,,,,,,,,,,,,,,,,,,,,,,,,,,,,,,,,,,,,,,,,,
8d,4,1,1,0.41,,company_name,84843,0,never_instantiated,0,,,,,0,0,title,,752819,0,never_instantiated,0,,,,,0,0,name,,752819,0,never_instantiated,0,,,,,0,0,,aka_name,772581,0,never_instantiated,0,,,,,0,0,,role_type,1,0,never_instantiated,0,,,,,0,0,cast_info,movie_companies,2609129,0,never_instantiated,0,,,,,0,0,,,,,,,,,,,,,,,,,,,,,,,,,,,,,,,,,,,,,,,,,,,,,,,,,,,,,,,,,,,,,,,,,,,,,,,,,,,,,,,,,,,,,,,,,,,,,,,,,,,,,,,,,,,,,,,,,,,,,,,,
9a,4,14,1,0.22,title,,341,0,never_instantiated,0,,,,,0,0,,company_name,318,0,never_instantiated,0,,,,,0,0,,role_type,1,0,never_instantiated,0,,,,,0,0,,aka_name,114,0,never_instantiated,0,,,,,0,0,char_name,,322,0,never_instantiated,0,,,,,0,0,,name,177,0,never_instantiated,0,,,,,0,0,cast_info,movie_companies,773,0,never_instantiated,0,,,,,0,0,,,,,,,,,,,,,,,,,,,,,,,,,,,,,,,,,,,,,,,,,,,,,,,,,,,,,,,,,,,,,,,,,,,,,,,,,,,,,,,,,,,,,,,,,,,,,,,,,,,,,,,,,,,,
9b,4,6,1,0.20,title,,94,0,never_instantiated,0,,,,,0,0,char_name,,94,0,never_instantiated,0,,,,,0,0,name,,120,0,never_instantiated,0,,,,,0,0,company_name,,126,0,never_instantiated,0,,,,,0,0,,role_type,1,0,never_instantiated,0,,,,,0,0,movie_companies,,79,0,never_instantiated,0,,,,,0,0,aka_name,cast_info,22022,0,never_instantiated,0,,,,,0,0,,,,,,,,,,,,,,,,,,,,,,,,,,,,,,,,,,,,,,,,,,,,,,,,,,,,,,,,,,,,,,,,,,,,,,,,,,,,,,,,,,,,,,,,,,,,,,,,,,,,,,,,,,,,
9c,4,15,1,0.21,char_name,,8144,0,never_instantiated,0,,,,,0,0,,role_type,1,0,never_instantiated,0,,,,,0,0,title,,8514,0,never_instantiated,0,,,,,0,0,,company_name,1350,0,never_instantiated,0,,,,,0,0,movie_companies,,8204,0,never_instantiated,0,,,,,0,0,,aka_name,812,0,never_instantiated,0,,,,,0,0,cast_info,name,1477,0,never_instantiated,0,,,,,0,0,,,,,,,,,,,,,,,,,,,,,,,,,,,,,,,,,,,,,,,,,,,,,,,,,,,,,,,,,,,,,,,,,,,,,,,,,,,,,,,,,,,,,,,,,,,,,,,,,,,,,,,,,,,,
9d,4,2,1,0.36,,role_type,1,0,never_instantiated,0,,,,,0,0,char_name,,483082,0,never_instantiated,0,,,,,0,0,name,,505250,0,never_instantiated,0,,,,,0,0,title,,505250,0,never_instantiated,0,,,,,0,0,,company_name,6991,0,never_instantiated,0,,,,,0,0,,aka_name,16514,0,never_instantiated,0,,,,,0,0,cast_info,movie_companies,124320,0,never_instantiated,0,,,,,0,0,,,,,,,,,,,,,,,,,,,,,,,,,,,,,,,,,,,,,,,,,,,,,,,,,,,,,,,,,,,,,,,,,,,,,,,,,,,,,,,,,,,,,,,,,,,,,,,,,,,,,,,,,,,,
10a,4,11,1,0.18,char_name,,104,0,never_instantiated,0,,,,,0,0,,company_type,2,0,never_instantiated,0,,,,,0,0,,company_name,70,0,never_instantiated,0,,,,,0,0,movie_companies,,79,0,never_instantiated,0,,,,,0,0,,role_type,1,0,never_instantiated,0,,,,,0,0,cast_info,title,212,0,never_instantiated,0,,,,,0,0,,,,,,,,,,,,,,,,,,,,,,,,,,,,,,,,,,,,,,,,,,,,,,,,,,,,,,,,,,,,,,,,,,,,,,,,,,,,,,,,,,,,,,,,,,,,,,,,,,,,,,,,,,,,,,,,,,,,,,,,
10b,4,8,1,0.16,,company_type,0,0,never_instantiated,0,,,,,0,0,,company_name,0,0,never_instantiated,0,,,,,0,0,,title,0,0,never_instantiated,0,,,,,0,0,movie_companies,,0,0,never_instantiated,0,,,,,0,0,,role_type,0,0,never_instantiated,0,,,,,0,0,cast_info,char_name,0,0,never_instantiated,0,,,,,0,0,,,,,,,,,,,,,,,,,,,,,,,,,,,,,,,,,,,,,,,,,,,,,,,,,,,,,,,,,,,,,,,,,,,,,,,,,,,,,,,,,,,,,,,,,,,,,,,,,,,,,,,,,,,,,,,,,,,,,,,,
10c,4,14,1,0.41,,company_name,84843,0,never_instantiated,0,,,,,0,0,,company_type,2,0,never_instantiated,0,,,,,0,0,,title,686744,0,never_instantiated,0,,,,,0,0,,movie_companies,1651237,0,never_instantiated,0,,,,,0,0,,char_name,3,0,never_instantiated,0,,,,,0,0,cast_info,role_type,3,0,never_instantiated,0,,,,,0,0,,,,,,,,,,,,,,,,,,,,,,,,,,,,,,,,,,,,,,,,,,,,,,,,,,,,,,,,,,,,,,,,,,,,,,,,,,,,,,,,,,,,,,,,,,,,,,,,,,,,,,,,,,,,,,,,,,,,,,,,
11a,4,0,1,0.09,title,,310,0,never_instantiated,0,,,,,0,0,link_type,,310,0,never_instantiated,0,,,,,0,0,movie_link,,21,0,never_instantiated,0,,,,,0,0,,company_type,1,0,never_instantiated,0,,,,,0,0,company_name,,58,0,never_instantiated,0,,,,,0,0,movie_companies,,23,0,never_instantiated,0,,,,,0,0,movie_keyword,keyword,1,0,never_instantiated,0,,,,,0,0,,,,,,,,,,,,,,,,,,,,,,,,,,,,,,,,,,,,,,,,,,,,,,,,,,,,,,,,,,,,,,,,,,,,,,,,,,,,,,,,,,,,,,,,,,,,,,,,,,,,,,,,,,,,
11b,4,13,1,0.08,link_type,,14,0,never_instantiated,0,,,,,0,0,,keyword,1,0,never_instantiated,0,,,,,0,0,,company_type,1,0,never_instantiated,0,,,,,0,0,title,,14,0,never_instantiated,0,,,,,0,0,,movie_link,7,0,never_instantiated,0,,,,,0,0,,company_name,2,0,never_instantiated,0,,,,,0,0,movie_keyword,movie_companies,3,0,never_instantiated,0,,,,,0,0,,,,,,,,,,,,,,,,,,,,,,,,,,,,,,,,,,,,,,,,,,,,,,,,,,,,,,,,,,,,,,,,,,,,,,,,,,,,,,,,,,,,,,,,,,,,,,,,,,,,,,,,,,,,
11c,4,11,1,0.08,,company_type,1,0,never_instantiated,0,,,,,0,0,,link_type,9,0,never_instantiated,0,,,,,0,0,company_name,,6946,0,never_instantiated,0,,,,,0,0,movie_companies,,270,0,never_instantiated,0,,,,,0,0,keyword,,270,0,never_instantiated,0,,,,,0,0,,movie_link,270,0,never_instantiated,0,,,,,0,0,movie_keyword,title,5,0,never_instantiated,0,,,,,0,0,,,,,,,,,,,,,,,,,,,,,,,,,,,,,,,,,,,,,,,,,,,,,,,,,,,,,,,,,,,,,,,,,,,,,,,,,,,,,,,,,,,,,,,,,,,,,,,,,,,,,,,,,,,,
11d,4,2,1,0.09,,link_type,14,0,never_instantiated,0,,,,,0,0,keyword,,14899,0,never_instantiated,0,,,,,0,0,,company_type,1,0,never_instantiated,0,,,,,0,0,title,,14899,0,never_instantiated,0,,,,,0,0,company_name,,14916,0,never_instantiated,0,,,,,0,0,movie_companies,,1054,0,never_instantiated,0,,,,,0,0,movie_keyword,movie_link,1048,0,never_instantiated,0,,,,,0,0,,,,,,,,,,,,,,,,,,,,,,,,,,,,,,,,,,,,,,,,,,,,,,,,,,,,,,,,,,,,,,,,,,,,,,,,,,,,,,,,,,,,,,,,,,,,,,,,,,,,,,,,,,,,
12a,4,0,1,0.12,title,,397,0,never_instantiated,0,,,,,0,0,,info_type,1,0,never_instantiated,0,,,,,0,0,movie_info_idx,,419,0,never_instantiated,0,,,,,0,0,,company_type,1,0,never_instantiated,0,,,,,0,0,,company_name,493,0,never_instantiated,0,,,,,0,0,movie_companies,,617,0,never_instantiated,0,,,,,0,0,movie_info,info_type,1,0,never_instantiated,0,,,,,0,0,,,,,,,,,,,,,,,,,,,,,,,,,,,,,,,,,,,,,,,,,,,,,,,,,,,,,,,,,,,,,,,,,,,,,,,,,,,,,,,,,,,,,,,,,,,,,,,,,,,,,,,,,,,,
12b,4,18,1,0.09,company_name,,33,0,never_instantiated,0,,,,,0,0,,company_type,2,0,never_instantiated,0,,,,,0,0,movie_companies,,2,0,never_instantiated,0,,,,,0,0,,info_type,1,0,never_instantiated,0,,,,,0,0,,info_type,1,0,never_instantiated,0,,,,,0,0,,title,2,0,never_instantiated,0,,,,,0,0,movie_info,movie_info_idx,2,0,never_instantiated,0,,,,,0,0,,,,,,,,,,,,,,,,,,,,,,,,,,,,,,,,,,,,,,,,,,,,,,,,,,,,,,,,,,,,,,,,,,,,,,,,,,,,,,,,,,,,,,,,,,,,,,,,,,,,,,,,,,,,
12c,4,17,1,0.11,,info_type,1,0,never_instantiated,0,,,,,0,0,movie_info_idx,,4768,0,never_instantiated,0,,,,,0,0,,info_type,1,0,never_instantiated,0,,,,,0,0,,company_name,4824,0,never_instantiated,0,,,,,0,0,,company_type,1,0,never_instantiated,0,,,,,0,0,,title,6701,0,never_instantiated,0,,,,,0,0,movie_info,movie_companies,36582,0,never_instantiated,0,,,,,0,0,,,,,,,,,,,,,,,,,,,,,,,,,,,,,,,,,,,,,,,,,,,,,,,,,,,,,,,,,,,,,,,,,,,,,,,,,,,,,,,,,,,,,,,,,,,,,,,,,,,,,,,,,,,,
13a,4,6,1,0.14,company_name,,111225,0,never_instantiated,0,,,,,0,0,,company_type,1,0,never_instantiated,0,,,,,0,0,movie_companies,,63472,0,never_instantiated,0,,,,,0,0,,info_type,1,0,never_instantiated,0,,,,,0,0,,kind_type,1,0,never_instantiated,0,,,,,0,0,title,,78663,0,never_instantiated,0,,,,,0,0,,info_type,1,0,never_instantiated,0,,,,,0,0,movie_info,movie_info_idx,18990,0,never_instantiated,0,,,,,0,0,,,,,,,,,,,,,,,,,,,,,,,,,,,,,,,,,,,,,,,,,,,,,,,,,,,,,,,,,,,,,,,,,,,,,,,,,,,,,,,,,,,,,,,,,,,,,,,,
13b,4,10,1,0.09,company_type,,372,0,never_instantiated,0,,,,,0,0,,info_type,1,0,never_instantiated,0,,,,,0,0,,kind_type,1,0,never_instantiated,0,,,,,0,0,,company_name,222,0,never_instantiated,0,,,,,0,0,title,,1514,0,never_instantiated,0,,,,,0,0,movie_companies,,779,0,never_instantiated,0,,,,,0,0,,info_type,1,0,never_instantiated,0,,,,,0,0,movie_info,movie_info_idx,227,0,never_instantiated,0,,,,,0,0,,,,,,,,,,,,,,,,,,,,,,,,,,,,,,,,,,,,,,,,,,,,,,,,,,,,,,,,,,,,,,,,,,,,,,,,,,,,,,,,,,,,,,,,,,,,,,,,
13c,4,9,1,0.08,,kind_type,1,0,never_instantiated,0,,,,,0,0,,info_type,1,0,never_instantiated,0,,,,,0,0,,company_type,1,0,never_instantiated,0,,,,,0,0,,company_name,44,0,never_instantiated,0,,,,,0,0,title,,314,0,never_instantiated,0,,,,,0,0,movie_info_idx,,321,0,never_instantiated,0,,,,,0,0,,info_type,1,0,never_instantiated,0,,,,,0,0,movie_info,movie_companies,84,0,never_instantiated,0,,,,,0,0,,,,,,,,,,,,,,,,,,,,,,,,,,,,,,,,,,,,,,,,,,,,,,,,,,,,,,,,,,,,,,,,,,,,,,,,,,,,,,,,,,,,,,,,,,,,,,,,
13d,4,4,1,0.36,,info_type,1,0,never_instantiated,0,,,,,0,0,movie_info_idx,,795840,0,never_instantiated,0,,,,,0,0,,company_name,84843,0,never_instantiated,0,,,,,0,0,,company_type,1,0,never_instantiated,0,,,,,0,0,,kind_type,1,0,never_instantiated,0,,,,,0,0,movie_companies,,1083559,0,never_instantiated,0,,,,,0,0,title,,3036480,0,never_instantiated,0,,,,,0,0,movie_info,info_type,1,0,never_instantiated,0,,,,,0,0,,,,,,,,,,,,,,,,,,,,,,,,,,,,,,,,,,,,,,,,,,,,,,,,,,,,,,,,,,,,,,,,,,,,,,,,,,,,,,,,,,,,,,,,,,,,,,,,
14a,4,10,1,0.09,,kind_type,1,0,never_instantiated,0,,,,,0,0,title,,772,0,never_instantiated,0,,,,,0,0,,info_type,1,0,never_instantiated,0,,,,,0,0,keyword,,772,0,never_instantiated,0,,,,,0,0,movie_info_idx,,782,0,never_instantiated,0,,,,,0,0,,info_type,1,0,never_instantiated,0,,,,,0,0,movie_keyword,,536,0,never_instantiated,0,,,,,0,0,movie_info,,10,0,never_instantiated,0,,,,,0,0,,,,,,,,,,,,,,,,,,,,,,,,,,,,,,,,,,,,,,,,,,,,,,,,,,,,,,,,,,,,,,,,,,,,,,,,,,,,,,,,,,,,,,,,,,,,,,,,
14b,4,12,1,0.08,keyword,,1,0,never_instantiated,0,,,,,0,0,movie_keyword,,1,0,never_instantiated,0,,,,,0,0,,kind_type,1,0,never_instantiated,0,,,,,0,0,,info_type,1,0,never_instantiated,0,,,,,0,0,movie_info_idx,,6,0,never_instantiated,0,,,,,0,0,title,,16,0,never_instantiated,0,,,,,0,0,,info_type,1,0,never_instantiated,0,,,,,0,0,movie_info,,10,0,never_instantiated,0,,,,,0,0,,,,,,,,,,,,,,,,,,,,,,,,,,,,,,,,,,,,,,,,,,,,,,,,,,,,,,,,,,,,,,,,,,,,,,,,,,,,,,,,,,,,,,,,,,,,,,,,
14c,4,13,1,0.10,,info_type,1,0,never_instantiated,0,,,,,0,0,,kind_type,2,0,never_instantiated,0,,,,,0,0,,keyword,3,0,never_instantiated,0,,,,,0,0,movie_keyword,,3435,0,never_instantiated,0,,,,,0,0,,info_type,1,0,never_instantiated,0,,,,,0,0,title,,15227,0,never_instantiated,0,,,,,0,0,,movie_info_idx,14600,0,never_instantiated,0,,,,,0,0,movie_info,,10,0,never_instantiated,0,,,,,0,0,,,,,,,,,,,,,,,,,,,,,,,,,,,,,,,,,,,,,,,,,,,,,,,,,,,,,,,,,,,,,,,,,,,,,,,,,,,,,,,,,,,,,,,,,,,,,,,,
15a,4,8,1,0.22,company_name,,354,0,never_instantiated,0,,,,,0,0,,company_type,1,0,never_instantiated,0,,,,,0,0,movie_companies,,267,0,never_instantiated,0,,,,,0,0,keyword,,267,0,never_instantiated,0,,,,,0,0,title,,367,0,never_instantiated,0,,,,,0,0,,info_type,1,0,never_instantiated,0,,,,,0,0,,aka_title,121,0,never_instantiated,0,,,,,0,0,movie_keyword,movie_info,596,0,never_instantiated,0,,,,,0,0,,,,,,,,,,,,,,,,,,,,,,,,,,,,,,,,,,,,,,,,,,,,,,,,,,,,,,,,,,,,,,,,,,,,,,,,,,,,,,,,,,,,,,,,,,,,,,,,
15b,4,15,1,0.19,keyword,,37,0,never_instantiated,0,,,,,0,0,company_type,,37,0,never_instantiated,0,,,,,0,0,movie_keyword,,3,0,never_instantiated,0,,,,,0,0,title,,3,0,never_instantiated,0,,,,,0,0,info_type,,3,0,never_instantiated,0,,,,,0,0,,company_name,1,0,never_instantiated,0,,,,,0,0,movie_companies,,3,0,never_instantiated,0,,,,,0,0,movie_info,aka_title,107,0,never_instantiated,0,,,,,0,0,,,,,,,,,,,,,,,,,,,,,,,,,,,,,,,,,,,,,,,,,,,,,,,,,,,,,,,,,,,,,,,,,,,,,,,,,,,,,,,,,,,,,,,,,,,,,,,,
15c,4,3,1,0.20,aka_title,,7964,0,never_instantiated,0,,,,,0,0,keyword,,7964,0,never_instantiated,0,,,,,0,0,,company_name,1937,0,never_instantiated,0,,,,,0,0,,info_type,1,0,never_instantiated,0,,,,,0,0,,title,3941,0,never_instantiated,0,,,,,0,0,,company_type,2,0,never_instantiated,0,,,,,0,0,,movie_companies,5967,0,never_instantiated,0,,,,,0,0,movie_keyword,movie_info,1783,0,never_instantiated,0,,,,,0,0,,,,,,,,,,,,,,,,,,,,,,,,,,,,,,,,,,,,,,,,,,,,,,,,,,,,,,,,,,,,,,,,,,,,,,,,,,,,,,,,,,,,,,,,,,,,,,,,
15d,4,7,1,0.14,keyword,,11347,0,never_instantiated,0,,,,,0,0,movie_keyword,,875,0,never_instantiated,0,,,,,0,0,aka_title,,9857,0,never_instantiated,0,,,,,0,0,title,,9874,0,never_instantiated,0,,,,,0,0,,company_name,4647,0,never_instantiated,0,,,,,0,0,,company_type,2,0,never_instantiated,0,,,,,0,0,,info_type,1,0,never_instantiated,0,,,,,0,0,movie_info,movie_companies,14961,0,never_instantiated,0,,,,,0,0,,,,,,,,,,,,,,,,,,,,,,,,,,,,,,,,,,,,,,,,,,,,,,,,,,,,,,,,,,,,,,,,,,,,,,,,,,,,,,,,,,,,,,,,,,,,,,,,
16a,4,9,1,0.20,company_name,,898,0,never_instantiated,0,,,,,0,0,,keyword,1,0,never_instantiated,0,,,,,0,0,,aka_name,6878,0,never_instantiated,0,,,,,0,0,,name,9232,0,never_instantiated,0,,,,,0,0,,movie_companies,319,0,never_instantiated,0,,,,,0,0,,movie_keyword,150,0,never_instantiated,0,,,,,0,0,cast_info,title,167,0,never_instantiated,0,,,,,0,0,,,,,,,,,,,,,,,,,,,,,,,,,,,,,,,,,,,,,,,,,,,,,,,,,,,,,,,,,,,,,,,,,,,,,,,,,,,,,,,,,,,,,,,,,,,,,,,,,,,,,,,,,,,,
16b,4,6,1,0.77,title,,3710592,0,never_instantiated,0,,,,,0,0,,keyword,1,0,never_instantiated,0,,,,,0,0,movie_keyword,,3719996,0,never_instantiated,0,,,,,0,0,name,,3719996,0,never_instantiated,0,,,,,0,0,aka_name,,2839514,0,never_instantiated,0,,,,,0,0,,company_name,9432,0,never_instantiated,0,,,,,0,0,cast_info,movie_companies,146927,0,never_instantiated,0,,,,,0,0,,,,,,,,,,,,,,,,,,,,,,,,,,,,,,,,,,,,,,,,,,,,,,,,,,,,,,,,,,,,,,,,,,,,,,,,,,,,,,,,,,,,,,,,,,,,,,,,,,,,,,,,,,,,
16c,4,2,1,0.43,name,,319932,0,never_instantiated,0,,,,,0,0,aka_name,,221609,0,never_instantiated,0,,,,,0,0,,keyword,1,0,never_instantiated,0,,,,,0,0,title,,2832555,0,never_instantiated,0,,,,,0,0,,company_name,9432,0,never_instantiated,0,,,,,0,0,,movie_companies,146927,0,never_instantiated,0,,,,,0,0,cast_info,movie_keyword,40830,0,never_instantiated,0,,,,,0,0,,,,,,,,,,,,,,,,,,,,,,,,,,,,,,,,,,,,,,,,,,,,,,,,,,,,,,,,,,,,,,,,,,,,,,,,,,,,,,,,,,,,,,,,,,,,,,,,,,,,,,,,,,,,
16d,4,2,1,0.42,name,,249455,0,never_instantiated,0,,,,,0,0,aka_name,,169273,0,never_instantiated,0,,,,,0,0,,keyword,1,0,never_instantiated,0,,,,,0,0,title,,2832555,0,never_instantiated,0,,,,,0,0,,company_name,9432,0,never_instantiated,0,,,,,0,0,,movie_companies,146927,0,never_instantiated,0,,,,,0,0,cast_info,movie_keyword,40830,0,never_instantiated,0,,,,,0,0,,,,,,,,,,,,,,,,,,,,,,,,,,,,,,,,,,,,,,,,,,,,,,,,,,,,,,,,,,,,,,,,,,,,,,,,,,,,,,,,,,,,,,,,,,,,,,,,,,,,,,,,,,,,
17a,4,17,1,0.40,name,,2832555,0,never_instantiated,0,,,,,0,0,,company_name,9432,0,never_instantiated,0,,,,,0,0,movie_companies,,1038380,0,never_instantiated,0,,,,,0,0,,keyword,1,0,never_instantiated,0,,,,,0,0,,title,41532,0,never_instantiated,0,,,,,0,0,cast_info,movie_keyword,40830,0,never_instantiated,0,,,,,0,0,,,,,,,,,,,,,,,,,,,,,,,,,,,,,,,,,,,,,,,,,,,,,,,,,,,,,,,,,,,,,,,,,,,,,,,,,,,,,,,,,,,,,,,,,,,,,,,,,,,,,,,,,,,,,,,,,,,,,,,,
17b,4,13,1,0.34,company_name,,52306,0,never_instantiated,0,,,,,0,0,movie_companies,,6642,0,never_instantiated,0,,,,,0,0,name,,1038380,0,never_instantiated,0,,,,,0,0,,keyword,1,0,never_instantiated,0,,,,,0,0,,title,41532,0,never_instantiated,0,,,,,0,0,cast_info,movie_keyword,40830,0,never_instantiated,0,,,,,0,0,,,,,,,,,,,,,,,,,,,,,,,,,,,,,,,,,,,,,,,,,,,,,,,,,,,,,,,,,,,,,,,,,,,,,,,,,,,,,,,,,,,,,,,,,,,,,,,,,,,,,,,,,,,,,,,,,,,,,,,,
17c,4,10,1,0.17,,keyword,1,0,never_instantiated,0,,,,,0,0,,company_name,10123,0,never_instantiated,0,,,,,0,0,,movie_keyword,41838,0,never_instantiated,0,,,,,0,0,,movie_companies,33024,0,never_instantiated,0,,,,,0,0,,title,343,0,never_instantiated,0,,,,,0,0,cast_info,name,2602,0,never_instantiated,0,,,,,0,0,,,,,,,,,,,,,,,,,,,,,,,,,,,,,,,,,,,,,,,,,,,,,,,,,,,,,,,,,,,,,,,,,,,,,,,,,,,,,,,,,,,,,,,,,,,,,,,,,,,,,,,,,,,,,,,,,,,,,,,,
17d,4,17,1,0.23,name,,13400,0,never_instantiated,0,,,,,0,0,company_name,,13400,0,never_instantiated,0,,,,,0,0,movie_companies,,2211,0,never_instantiated,0,,,,,0,0,,keyword,1,0,never_instantiated,0,,,,,0,0,,title,2234,0,never_instantiated,0,,,,,0,0,cast_info,movie_keyword,1954,0,never_instantiated,0,,,,,0,0,,,,,,,,,,,,,,,,,,,,,,,,,,,,,,,,,,,,,,,,,,,,,,,,,,,,,,,,,,,,,,,,,,,,,,,,,,,,,,,,,,,,,,,,,,,,,,,,,,,,,,,,,,,,,,,,,,,,,,,,
17e,4,2,1,0.60,,keyword,1,0,never_instantiated,0,,,,,0,0,movie_keyword,,2839514,0,never_instantiated,0,,,,,0,0,title,,2839514,0,never_instantiated,0,,,,,0,0,,company_name,9432,0,never_instantiated,0,,,,,0,0,,movie_companies,146927,0,never_instantiated,0,,,,,0,0,cast_info,name,431439,0,never_instantiated,0,,,,,0,0,,,,,,,,,,,,,,,,,,,,,,,,,,,,,,,,,,,,,,,,,,,,,,,,,,,,,,,,,,,,,,,,,,,,,,,,,,,,,,,,,,,,,,,,,,,,,,,,,,,,,,,,,,,,,,,,,,,,,,,,
17f,4,15,1,0.46,company_name,,1113120,0,never_instantiated,0,,,,,0,0,name,,1898728,0,never_instantiated,0,,,,,0,0,,keyword,1,0,never_instantiated,0,,,,,0,0,,movie_companies,136516,0,never_instantiated,0,,,,,0,0,,movie_keyword,34838,0,never_instantiated,0,,,,,0,0,cast_info,title,35383,0,never_instantiated,0,,,,,0,0,,,,,,,,,,,,,,,,,,,,,,,,,,,,,,,,,,,,,,,,,,,,,,,,,,,,,,,,,,,,,,,,,,,,,,,,,,,,,,,,,,,,,,,,,,,,,,,,,,,,,,,,,,,,,,,,,,,,,,,,
18a,4,17,1,0.27,name,,422,0,never_instantiated,0,,,,,0,0,,info_type,1,0,never_instantiated,0,,,,,0,0,movie_info,,424,0,never_instantiated,0,,,,,0,0,,info_type,1,0,never_instantiated,0,,,,,0,0,,title,1676,0,never_instantiated,0,,,,,0,0,cast_info,movie_info_idx,590,0,never_instantiated,0,,,,,0,0,,,,,,,,,,,,,,,,,,,,,,,,,,,,,,,,,,,,,,,,,,,,,,,,,,,,,,,,,,,,,,,,,,,,,,,,,,,,,,,,,,,,,,,,,,,,,,,,,,,,,,,,,,,,,,,,,,,,,,,,
18b,4,9,1,0.29,,info_type,1,0,never_instantiated,0,,,,,0,0,movie_info,,9,0,never_instantiated,0,,,,,0,0,title,,14,0,never_instantiated,0,,,,,0,0,,info_type,1,0,never_instantiated,0,,,,,0,0,name,,285,0,never_instantiated,0,,,,,0,0,,movie_info_idx,191,0,never_instantiated,0,,,,,0,0,cast_info,,5,0,never_instantiated,0,,,,,0,0,,,,,,,,,,,,,,,,,,,,,,,,,,,,,,,,,,,,,,,,,,,,,,,,,,,,,,,,,,,,,,,,,,,,,,,,,,,,,,,,,,,,,,,,,,,,,,,,,,,,,,,,,,,,
18c,4,5,1,0.40,,info_type,1,0,never_instantiated,0,,,,,0,0,title,,28073,0,never_instantiated,0,,,,,0,0,,info_type,1,0,never_instantiated,0,,,,,0,0,,name,19979,0,never_instantiated,0,,,,,0,0,,,66822,0,never_instantiated,0,,,,,0,0,,movie_info_idx,26701,0,never_instantiated,0,,,,,0,0,cast_info,,5,0,never_instantiated,0,,,,,0,0,movie_info,,6,0,never_instantiated,0,,,,,0,0,,,,,,,,,,,,,,,,,,,,,,,,,,,,,,,,,,,,,,,,,,,,,,,,,,,,,,,,,,,,,,,,,,,,,,,,,,,,,,,,,,,,,,,,,,,,,,,,
19a,4,7,1,0.30,company_name,,194,0,never_instantiated,0,,,,,0,0,,role_type,1,0,never_instantiated,0,,,,,0,0,char_name,,194,0,never_instantiated,0,,,,,0,0,movie_companies,,99,0,never_instantiated,0,,,,,0,0,,info_type,1,0,never_instantiated,0,,,,,0,0,,title,222,0,never_instantiated,0,,,,,0,0,movie_info,,144,0,never_instantiated,0,,,,,0,0,name,,168,0,never_instantiated,0,,,,,0,0,cast_info,aka_name,59,0,never_instantiated,0,,,,,0,0,,,,,,,,,,,,,,,,,,,,,,,,,,,,,,,,,,,,,,,,,,,,,,,,,,,,,,,,,,,,,,,,,,,,,,,,,,,,,,,,,,,,
19b,4,5,1,0.26,company_name,,15,0,never_instantiated,0,,,,,0,0,char_name,,15,0,never_instantiated,0,,,,,0,0,movie_companies,,5,0,never_instantiated,0,,,,,0,0,aka_name,,1,0,never_instantiated,0,,,,,0,0,name,,1,0,never_instantiated,0,,,,,0,0,title,,1,0,never_instantiated,0,,,,,0,0,,info_type,1,0,never_instantiated,0,,,,,0,0,movie_info,,1,0,never_instantiated,0,,,,,0,0,cast_info,role_type,1,0,never_instantiated,0,,,,,0,0,,,,,,,,,,,,,,,,,,,,,,,,,,,,,,,,,,,,,,,,,,,,,,,,,,,,,,,,,,,,,,,,,,,,,,,,,,,,,,,,,,,,
19c,4,6,1,0.28,,info_type,1,0,never_instantiated,0,,,,,0,0,,company_name,947,0,never_instantiated,0,,,,,0,0,,role_type,1,0,never_instantiated,0,,,,,0,0,,aka_name,285,0,never_instantiated,0,,,,,0,0,movie_info,,3835,0,never_instantiated,0,,,,,0,0,movie_companies,,1673,0,never_instantiated,0,,,,,0,0,name,,1704,0,never_instantiated,0,,,,,0,0,char_name,,1704,0,never_instantiated,0,,,,,0,0,cast_info,title,2416,0,never_instantiated,0,,,,,0,0,,,,,,,,,,,,,,,,,,,,,,,,,,,,,,,,,,,,,,,,,,,,,,,,,,,,,,,,,,,,,,,,,,,,,,,,,,,,,,,,,,,,
19d,4,10,1,0.46,,info_type,1,0,never_instantiated,0,,,,,0,0,char_name,,1760645,0,never_instantiated,0,,,,,0,0,,company_name,6991,0,never_instantiated,0,,,,,0,0,movie_companies,,741427,0,never_instantiated,0,,,,,0,0,,aka_name,16514,0,never_instantiated,0,,,,,0,0,,title,47230,0,never_instantiated,0,,,,,0,0,,name,31356,0,never_instantiated,0,,,,,0,0,,role_type,1,0,never_instantiated,0,,,,,0,0,movie_info,cast_info,276165,0,never_instantiated,0,,,,,0,0,,,,,,,,,,,,,,,,,,,,,,,,,,,,,,,,,,,,,,,,,,,,,,,,,,,,,,,,,,,,,,,,,,,,,,,,,,,,,,,,,,,,
20a,4,10,1,0.25,name,,33,0,never_instantiated,0,,,,,0,0,,,33,0,never_instantiated,0,,,,,0,0,keyword,,8,0,never_instantiated,0,,,,,0,0,,kind_type,1,0,never_instantiated,0,,,,,0,0,,comp_cast_type,2,0,never_instantiated,0,,,,,0,0,,comp_cast_type,1,0,never_instantiated,0,,,,,0,0,title,,33,0,never_instantiated,0,,,,,0,0,,complete_cast,240,0,never_instantiated,0,,,,,0,0,,movie_keyword,778,0,never_instantiated,0,,,,,0,0,cast_info,char_name,5,0,never_instantiated,0,,,,,0,0,,,,,,,,,,,,,,,,,,,,,,,,,,,,,,,,,,,,,,,,,,,,,,,,,,,,,,,,,,,,,,,,,,,,,,,,
20b,4,12,1,0.20,,comp_cast_type,2,0,never_instantiated,0,,,,,0,0,,kind_type,1,0,never_instantiated,0,,,,,0,0,title,,17,0,never_instantiated,0,,,,,0,0,name,,17,0,never_instantiated,0,,,,,0,0,,comp_cast_type,1,0,never_instantiated,0,,,,,0,0,,complete_cast,3,0,never_instantiated,0,,,,,0,0,,char_name,2,0,never_instantiated,0,,,,,0,0,,,7,0,never_instantiated,0,,,,,0,0,cast_info,movie_keyword,1037,0,never_instantiated,0,,,,,0,0,keyword,,8,0,never_instantiated,0,,,,,0,0,,,,,,,,,,,,,,,,,,,,,,,,,,,,,,,,,,,,,,,,,,,,,,,,,,,,,,,,,,,,,,,,,,,,,,,,
20c,4,2,1,0.37,,comp_cast_type,2,0,never_instantiated,0,,,,,0,0,,comp_cast_type,1,0,never_instantiated,0,,,,,0,0,,kind_type,1,0,never_instantiated,0,,,,,0,0,,complete_cast,2564,0,never_instantiated,0,,,,,0,0,,title,20556,0,never_instantiated,0,,,,,0,0,name,,11231,0,never_instantiated,0,,,,,0,0,,char_name,27503,0,never_instantiated,0,,,,,0,0,,,9,0,never_instantiated,0,,,,,0,0,cast_info,movie_keyword,574354,0,never_instantiated,0,,,,,0,0,keyword,,10,0,never_instantiated,0,,,,,0,0,,,,,,,,,,,,,,,,,,,,,,,,,,,,,,,,,,,,,,,,,,,,,,,,,,,,,,,,,,,,,,,,,,,,,,,,
21a,4,6,1,0.13,company_name,,3029,0,never_instantiated,0,,,,,0,0,title,,3029,0,never_instantiated,0,,,,,0,0,company_type,,3029,0,never_instantiated,0,,,,,0,0,,keyword,1,0,never_instantiated,0,,,,,0,0,,link_type,2,0,never_instantiated,0,,,,,0,0,movie_keyword,,3029,0,never_instantiated,0,,,,,0,0,movie_companies,,517,0,never_instantiated,0,,,,,0,0,,movie_link,116,0,never_instantiated,0,,,,,0,0,movie_info,,8,0,never_instantiated,0,,,,,0,0,,,,,,,,,,,,,,,,,,,,,,,,,,,,,,,,,,,,,,,,,,,,,,,,,,,,,,,,,,,,,,,,,,,,,,,,,,,,,,,,,,,,
21b,4,1,1,0.12,link_type,,38,0,never_instantiated,0,,,,,0,0,title,,308,0,never_instantiated,0,,,,,0,0,movie_link,,20,0,never_instantiated,0,,,,,0,0,company_name,,46,0,never_instantiated,0,,,,,0,0,,company_type,1,0,never_instantiated,0,,,,,0,0,movie_companies,,10,0,never_instantiated,0,,,,,0,0,,keyword,1,0,never_instantiated,0,,,,,0,0,movie_keyword,movie_info,10,0,never_instantiated,0,,,,,0,0,,,,,,,,,,,,,,,,,,,,,,,,,,,,,,,,,,,,,,,,,,,,,,,,,,,,,,,,,,,,,,,,,,,,,,,,,,,,,,,,,,,,,,,,,,,,,,,,
21c,4,15,1,0.12,link_type,,1874,0,never_instantiated,0,,,,,0,0,,keyword,1,0,never_instantiated,0,,,,,0,0,company_name,,4395,0,never_instantiated,0,,,,,0,0,,movie_link,186,0,never_instantiated,0,,,,,0,0,,company_type,1,0,never_instantiated,0,,,,,0,0,,movie_companies,76,0,never_instantiated,0,,,,,0,0,movie_keyword,,55,0,never_instantiated,0,,,,,0,0,,title,28,0,never_instantiated,0,,,,,0,0,movie_info,,9,0,never_instantiated,0,,,,,0,0,,,,,,,,,,,,,,,,,,,,,,,,,,,,,,,,,,,,,,,,,,,,,,,,,,,,,,,,,,,,,,,,,,,,,,,,,,,,,,,,,,,,
22a,4,11,1,0.16,,info_type,1,0,never_instantiated,0,,,,,0,0,keyword,,2851,0,never_instantiated,0,,,,,0,0,company_name,,3223,0,never_instantiated,0,,,,,0,0,,kind_type,2,0,never_instantiated,0,,,,,0,0,,company_type,1,0,never_instantiated,0,,,,,0,0,movie_keyword,,1830,0,never_instantiated,0,,,,,0,0,movie_info_idx,,1830,0,never_instantiated,0,,,,,0,0,,info_type,1,0,never_instantiated,0,,,,,0,0,,title,300,0,never_instantiated,0,,,,,0,0,movie_info,movie_companies,1578,0,never_instantiated,0,,,,,0,0,,,,,,,,,,,,,,,,,,,,,,,,,,,,,,,,,,,,,,,,,,,,,,,,,,,,,,,,,,,,,,,,,,,,,,,,
22b,4,6,1,0.16,kind_type,,32,0,never_instantiated,0,,,,,0,0,,info_type,1,0,never_instantiated,0,,,,,0,0,,info_type,1,0,never_instantiated,0,,,,,0,0,title,,40185,0,never_instantiated,0,,,,,0,0,,keyword,3,0,never_instantiated,0,,,,,0,0,,company_name,2108,0,never_instantiated,0,,,,,0,0,,movie_info_idx,11527,0,never_instantiated,0,,,,,0,0,movie_keyword,,25253,0,never_instantiated,0,,,,,0,0,,company_type,2,0,never_instantiated,0,,,,,0,0,movie_info,movie_companies,22372,0,never_instantiated,0,,,,,0,0,,,,,,,,,,,,,,,,,,,,,,,,,,,,,,,,,,,,,,,,,,,,,,,,,,,,,,,,,,,,,,,,,,,,,,,,
22c,4,13,1,0.16,,info_type,1,0,never_instantiated,0,,,,,0,0,,company_type,2,0,never_instantiated,0,,,,,0,0,,kind_type,2,0,never_instantiated,0,,,,,0,0,company_name,,25212,0,never_instantiated,0,,,,,0,0,,info_type,1,0,never_instantiated,0,,,,,0,0,movie_companies,,5083,0,never_instantiated,0,,,,,0,0,title,,20967,0,never_instantiated,0,,,,,0,0,,movie_info_idx,14639,0,never_instantiated,0,,,,,0,0,,keyword,3,0,never_instantiated,0,,,,,0,0,movie_keyword,,17733,0,never_instantiated,0,,,,,0,0,movie_info,,10,0,never_instantiated,0,,,,,0,0,,,,,,,,,,,,,,,,,,,,,,,,,,,,,,,,,,,,,,,,,,,,,,,,,,,,,,,,,,,,
22d,4,9,1,0.16,company_type,,46281,0,never_instantiated,0,,,,,0,0,,info_type,1,0,never_instantiated,0,,,,,0,0,,info_type,1,0,never_instantiated,0,,,,,0,0,keyword,,46281,0,never_instantiated,0,,,,,0,0,movie_keyword,,25671,0,never_instantiated,0,,,,,0,0,,kind_type,2,0,never_instantiated,0,,,,,0,0,,company_name,3759,0,never_instantiated,0,,,,,0,0,,movie_info_idx,3308,0,never_instantiated,0,,,,,0,0,movie_companies,,4290,0,never_instantiated,0,,,,,0,0,,title,4025,0,never_instantiated,0,,,,,0,0,movie_info,,10,0,never_instantiated,0,,,,,0,0,,,,,,,,,,,,,,,,,,,,,,,,,,,,,,,,,,,,,,,,,,,,,,,,,,,,,,,,,,,,
23a,4,11,1,0.19,,kind_type,1,0,never_instantiated,0,,,,,0,0,company_name,,618,0,never_instantiated,0,,,,,0,0,,company_type,2,0,never_instantiated,0,,,,,0,0,movie_companies,,615,0,never_instantiated,0,,,,,0,0,,comp_cast_type,1,0,never_instantiated,0,,,,,0,0,complete_cast,,309,0,never_instantiated,0,,,,,0,0,keyword,,309,0,never_instantiated,0,,,,,0,0,movie_keyword,,4,0,never_instantiated,0,,,,,0,0,title,,4,0,never_instantiated,0,,,,,0,0,movie_info,info_type,1,0,never_instantiated,0,,,,,0,0,,,,,,,,,,,,,,,,,,,,,,,,,,,,,,,,,,,,,,,,,,,,,,,,,,,,,,,,,,,,,,,,,,,,,,,,
23b,4,16,1,0.18,kind_type,,16,0,never_instantiated,0,,,,,0,0,title,,16,0,never_instantiated,0,,,,,0,0,company_type,,16,0,never_instantiated,0,,,,,0,0,keyword,,16,0,never_instantiated,0,,,,,0,0,company_name,,16,0,never_instantiated,0,,,,,0,0,,comp_cast_type,1,0,never_instantiated,0,,,,,0,0,complete_cast,,8,0,never_instantiated,0,,,,,0,0,movie_keyword,,2,0,never_instantiated,0,,,,,0,0,movie_companies,,2,0,never_instantiated,0,,,,,0,0,movie_info,info_type,1,0,never_instantiated,0,,,,,0,0,,,,,,,,,,,,,,,,,,,,,,,,,,,,,,,,,,,,,,,,,,,,,,,,,,,,,,,,,,,,,,,,,,,,,,,,
23c,4,9,1,0.22,keyword,,628,0,never_instantiated,0,,,,,0,0,movie_keyword,,7,0,never_instantiated,0,,,,,0,0,comp_cast_type,,7,0,never_instantiated,0,,,,,0,0,complete_cast,,5,0,never_instantiated,0,,,,,0,0,,company_name,4,0,never_instantiated,0,,,,,0,0,,kind_type,1,0,never_instantiated,0,,,,,0,0,,company_type,2,0,never_instantiated,0,,,,,0,0,movie_companies,,5,0,never_instantiated,0,,,,,0,0,,info_type,1,0,never_instantiated,0,,,,,0,0,movie_info,title,4,0,never_instantiated,0,,,,,0,0,,,,,,,,,,,,,,,,,,,,,,,,,,,,,,,,,,,,,,,,,,,,,,,,,,,,,,,,,,,,,,,,,,,,,,,,
24a,4,9,1,0.29,company_name,,892,0,never_instantiated,0,,,,,0,0,,info_type,1,0,never_instantiated,0,,,,,0,0,movie_companies,,65,0,never_instantiated,0,,,,,0,0,name,,65,0,never_instantiated,0,,,,,0,0,movie_info,,38,0,never_instantiated,0,,,,,0,0,title,,38,0,never_instantiated,0,,,,,0,0,,keyword,3,0,never_instantiated,0,,,,,0,0,,aka_name,14,0,never_instantiated,0,,,,,0,0,,role_type,1,0,never_instantiated,0,,,,,0,0,,movie_keyword,23,0,never_instantiated,0,,,,,0,0,cast_info,char_name,156,0,never_instantiated,0,,,,,0,0,,,,,,,,,,,,,,,,,,,,,,,,,,,,,,,,,,,,,,,,,,,,,,,,,,,,,,,,,,,,
24b,4,4,1,0.24,,company_name,1,0,never_instantiated,0,,,,,0,0,,info_type,1,0,never_instantiated,0,,,,,0,0,title,,45,0,never_instantiated,0,,,,,0,0,,keyword,2,0,never_instantiated,0,,,,,0,0,movie_info,,25,0,never_instantiated,0,,,,,0,0,,aka_name,5,0,never_instantiated,0,,,,,0,0,movie_companies,,5,0,never_instantiated,0,,,,,0,0,char_name,,5,0,never_instantiated,0,,,,,0,0,name,,5,0,never_instantiated,0,,,,,0,0,,role_type,1,0,never_instantiated,0,,,,,0,0,cast_info,movie_keyword,5,0,never_instantiated,0,,,,,0,0,,,,,,,,,,,,,,,,,,,,,,,,,,,,,,,,,,,,,,,,,,,,,,,,,,,,,,,,,,,,
25a,4,10,1,0.34,,,4407,0,never_instantiated,0,,,,,0,0,keyword,,5,0,never_instantiated,0,,,,,0,0,name,,7112,0,never_instantiated,0,,,,,0,0,movie_keyword,,3542,0,never_instantiated,0,,,,,0,0,,info_type,1,0,never_instantiated,0,,,,,0,0,movie_info_idx,,3870,0,never_instantiated,0,,,,,0,0,,info_type,1,0,never_instantiated,0,,,,,0,0,title,,15897,0,never_instantiated,0,,,,,0,0,,movie_info,11427,0,never_instantiated,0,,,,,0,0,cast_info,,5,0,never_instantiated,0,,,,,0,0,,,,,,,,,,,,,,,,,,,,,,,,,,,,,,,,,,,,,,,,,,,,,,,,,,,,,,,,,,,,,,,,,,,,,,,,
25b,4,4,1,0.30,info_type,,6,0,never_instantiated,0,,,,,0,0,,movie_info,5,0,never_instantiated,0,,,,,0,0,,info_type,1,0,never_instantiated,0,,,,,0,0,,,3,0,never_instantiated,0,,,,,0,0,movie_info_idx,,35,0,never_instantiated,0,,,,,0,0,name,,35,0,never_instantiated,0,,,,,0,0,movie_keyword,,4,0,never_instantiated,0,,,,,0,0,,title,4,0,never_instantiated,0,,,,,0,0,cast_info,,5,0,never_instantiated,0,,,,,0,0,keyword,,5,0,never_instantiated,0,,,,,0,0,,,,,,,,,,,,,,,,,,,,,,,,,,,,,,,,,,,,,,,,,,,,,,,,,,,,,,,,,,,,,,,,,,,,,,,,
25c,4,12,1,0.48,,info_type,1,0,never_instantiated,0,,,,,0,0,title,,26153,0,never_instantiated,0,,,,,0,0,,info_type,1,0,never_instantiated,0,,,,,0,0,,,15058,0,never_instantiated,0,,,,,0,0,movie_info,,6,0,never_instantiated,0,,,,,0,0,name,,25203,0,never_instantiated,0,,,,,0,0,,,7,0,never_instantiated,0,,,,,0,0,,movie_info_idx,26701,0,never_instantiated,0,,,,,0,0,,movie_keyword,644487,0,never_instantiated,0,,,,,0,0,cast_info,,5,0,never_instantiated,0,,,,,0,0,keyword,,7,0,never_instantiated,0,,,,,0,0,,,,,,,,,,,,,,,,,,,,,,,,,,,,,,,,,,,,,,,,,,,,,,,,,,,,,,,,,,,,
26a,4,15,1,0.32,,kind_type,1,0,never_instantiated,0,,,,,0,0,,info_type,1,0,never_instantiated,0,,,,,0,0,char_name,,1738,0,never_instantiated,0,,,,,0,0,title,,1738,0,never_instantiated,0,,,,,0,0,name,,1738,0,never_instantiated,0,,,,,0,0,movie_info_idx,,1740,0,never_instantiated,0,,,,,0,0,,comp_cast_type,2,0,never_instantiated,0,,,,,0,0,,comp_cast_type,1,0,never_instantiated,0,,,,,0,0,,,9,0,never_instantiated,0,,,,,0,0,,complete_cast,449,0,never_instantiated,0,,,,,0,0,cast_info,movie_keyword,123885,0,never_instantiated,0,,,,,0,0,keyword,,10,0,never_instantiated,0,,,,,0,0,,,,,,,,,,,,,,,,,,,,,,,,,,,,,,,,,,,,,,,,,,,,,,,,
26b,4,0,1,0.27,,kind_type,1,0,never_instantiated,0,,,,,0,0,title,,93,0,never_instantiated,0,,,,,0,0,name,,93,0,never_instantiated,0,,,,,0,0,keyword,,93,0,never_instantiated,0,,,,,0,0,movie_keyword,,47,0,never_instantiated,0,,,,,0,0,,info_type,1,0,never_instantiated,0,,,,,0,0,movie_info_idx,,47,0,never_instantiated,0,,,,,0,0,,comp_cast_type,2,0,never_instantiated,0,,,,,0,0,,comp_cast_type,1,0,never_instantiated,0,,,,,0,0,,complete_cast,4,0,never_instantiated,0,,,,,0,0,cast_info,char_name,144,0,never_instantiated,0,,,,,0,0,,,,,,,,,,,,,,,,,,,,,,,,,,,,,,,,,,,,,,,,,,,,,,,,,,,,,,,,,,,,
26c,4,7,1,0.33,,info_type,1,0,never_instantiated,0,,,,,0,0,,kind_type,1,0,never_instantiated,0,,,,,0,0,movie_info_idx,,5406,0,never_instantiated,0,,,,,0,0,char_name,,5437,0,never_instantiated,0,,,,,0,0,name,,5437,0,never_instantiated,0,,,,,0,0,,,9,0,never_instantiated,0,,,,,0,0,movie_keyword,,10850,0,never_instantiated,0,,,,,0,0,,comp_cast_type,2,0,never_instantiated,0,,,,,0,0,,comp_cast_type,1,0,never_instantiated,0,,,,,0,0,,title,48142,0,never_instantiated,0,,,,,0,0,cast_info,complete_cast,2858,0,never_instantiated,0,,,,,0,0,keyword,,10,0,never_instantiated,0,,,,,0,0,,,,,,,,,,,,,,,,,,,,,,,,,,,,,,,,,,,,,,,,,,,,,,,,
27a,4,15,1,0.12,link_type,,477,0,never_instantiated,0,,,,,0,0,company_type,,477,0,never_instantiated,0,,,,,0,0,company_name,,1106,0,never_instantiated,0,,,,,0,0,movie_link,,62,0,never_instantiated,0,,,,,0,0,movie_companies,,10,0,never_instantiated,0,,,,,0,0,,keyword,1,0,never_instantiated,0,,,,,0,0,title,,10,0,never_instantiated,0,,,,,0,0,movie_keyword,,10,0,never_instantiated,0,,,,,0,0,,comp_cast_type,2,0,never_instantiated,0,,,,,0,0,,comp_cast_type,1,0,never_instantiated,0,,,,,0,0,movie_info,complete_cast,4,0,never_instantiated,0,,,,,0,0,,,,,,,,,,,,,,,,,,,,,,,,,,,,,,,,,,,,,,,,,,,,,,,,,,,,,,,,,,,,
27b,4,16,1,0.10,keyword,,247,0,never_instantiated,0,,,,,0,0,comp_cast_type,,247,0,never_instantiated,0,,,,,0,0,comp_cast_type,,247,0,never_instantiated,0,,,,,0,0,company_type,,247,0,never_instantiated,0,,,,,0,0,link_type,,247,0,never_instantiated,0,,,,,0,0,title,,247,0,never_instantiated,0,,,,,0,0,complete_cast,,247,0,never_instantiated,0,,,,,0,0,,movie_link,38,0,never_instantiated,0,,,,,0,0,,company_name,4,0,never_instantiated,0,,,,,0,0,movie_keyword,,28,0,never_instantiated,0,,,,,0,0,movie_info,movie_companies,10,0,never_instantiated,0,,,,,0,0,,,,,,,,,,,,,,,,,,,,,,,,,,,,,,,,,,,,,,,,,,,,,,,,,,,,,,,,,,,,
27c,4,10,1,0.12,company_name,,1808,0,never_instantiated,0,,,,,0,0,company_type,,1808,0,never_instantiated,0,,,,,0,0,movie_companies,,244,0,never_instantiated,0,,,,,0,0,,keyword,1,0,never_instantiated,0,,,,,0,0,,link_type,2,0,never_instantiated,0,,,,,0,0,movie_keyword,,242,0,never_instantiated,0,,,,,0,0,,comp_cast_type,2,0,never_instantiated,0,,,,,0,0,movie_link,,20,0,never_instantiated,0,,,,,0,0,,comp_cast_type,1,0,never_instantiated,0,,,,,0,0,title,,20,0,never_instantiated,0,,,,,0,0,,complete_cast,9,0,never_instantiated,0,,,,,0,0,movie_info,,9,0,never_instantiated,0,,,,,0,0,,,,,,,,,,,,,,,,,,,,,,,,,,,,,,,,,,,,,,,,,,,,,,,,
28a,4,10,1,0.16,info_type,,4803,0,never_instantiated,0,,,,,0,0,comp_cast_type,,4803,0,never_instantiated,0,,,,,0,0,movie_info_idx,,5113,0,never_instantiated,0,,,,,0,0,,info_type,1,0,never_instantiated,0,,,,,0,0,company_name,,5271,0,never_instantiated,0,,,,,0,0,,kind_type,2,0,never_instantiated,0,,,,,0,0,,comp_cast_type,1,0,never_instantiated,0,,,,,0,0,complete_cast,,5468,0,never_instantiated,0,,,,,0,0,,keyword,3,0,never_instantiated,0,,,,,0,0,,company_type,1,0,never_instantiated,0,,,,,0,0,,movie_companies,2440,0,never_instantiated,0,,,,,0,0,,title,314,0,never_instantiated,0,,,,,0,0,movie_keyword,,417,0,never_instantiated,0,,,,,0,0,movie_info,,10,0,never_instantiated,0,,,,,0,0,,,,,,,,,,,,,,,,,,,,,,,,
28b,4,5,1,0.15,keyword,,148,0,never_instantiated,0,,,,,0,0,info_type,,148,0,never_instantiated,0,,,,,0,0,movie_keyword,,77,0,never_instantiated,0,,,,,0,0,company_type,,77,0,never_instantiated,0,,,,,0,0,kind_type,,82,0,never_instantiated,0,,,,,0,0,movie_info_idx,,82,0,never_instantiated,0,,,,,0,0,company_name,,83,0,never_instantiated,0,,,,,0,0,,info_type,1,0,never_instantiated,0,,,,,0,0,,comp_cast_type,1,0,never_instantiated,0,,,,,0,0,,comp_cast_type,1,0,never_instantiated,0,,,,,0,0,complete_cast,,83,0,never_instantiated,0,,,,,0,0,,movie_companies,117,0,never_instantiated,0,,,,,0,0,movie_info,title,11,0,never_instantiated,0,,,,,0,0,,,,,,,,,,,,,,,,,,,,,,,,,,,,,,,,,,,,
28c,4,17,1,0.16,comp_cast_type,,8373,0,never_instantiated,0,,,,,0,0,info_type,,8373,0,never_instantiated,0,,,,,0,0,company_type,,8373,0,never_instantiated,0,,,,,0,0,company_name,,8771,0,never_instantiated,0,,,,,0,0,movie_companies,,778,0,never_instantiated,0,,,,,0,0,movie_info_idx,,833,0,never_instantiated,0,,,,,0,0,,kind_type,2,0,never_instantiated,0,,,,,0,0,,comp_cast_type,1,0,never_instantiated,0,,,,,0,0,keyword,,932,0,never_instantiated,0,,,,,0,0,complete_cast,,6504,0,never_instantiated,0,,,,,0,0,,info_type,1,0,never_instantiated,0,,,,,0,0,movie_keyword,,4573,0,never_instantiated,0,,,,,0,0,,title,4310,0,never_instantiated,0,,,,,0,0,movie_info,,10,0,never_instantiated,0,,,,,0,0,,,,,,,,,,,,,,,,,,,,,,,,
29a,4,12,1,0.26,info_type,,1620,0,never_instantiated,0,,,,,0,0,movie_info,,810,0,never_instantiated,0,,,,,0,0,info_type,,810,0,never_instantiated,0,,,,,0,0,keyword,,810,0,never_instantiated,0,,,,,0,0,movie_keyword,,810,0,never_instantiated,0,,,,,0,0,title,,810,0,never_instantiated,0,,,,,0,0,aka_name,,270,0,never_instantiated,0,,,,,0,0,company_name,,1188,0,never_instantiated,0,,,,,0,0,comp_cast_type,,1188,0,never_instantiated,0,,,,,0,0,comp_cast_type,,1188,0,never_instantiated,0,,,,,0,0,role_type,,1188,0,never_instantiated,0,,,,,0,0,movie_companies,,54,0,never_instantiated,0,,,,,0,0,person_info,,1,0,never_instantiated,0,,,,,0,0,name,,1,0,never_instantiated,0,,,,,0,0,,char_name,1,0,never_instantiated,0,,,,,0,0,cast_info,complete_cast,1,0,never_instantiated,0,,,,,0,0
29b,4,0,1,0.25,title,,15,0,never_instantiated,0,,,,,0,0,role_type,,15,0,never_instantiated,0,,,,,0,0,info_type,,15,0,never_instantiated,0,,,,,0,0,person_info,,15,0,never_instantiated,0,,,,,0,0,name,,15,0,never_instantiated,0,,,,,0,0,keyword,,15,0,never_instantiated,0,,,,,0,0,movie_keyword,,15,0,never_instantiated,0,,,,,0,0,company_name,,66,0,never_instantiated,0,,,,,0,0,movie_companies,,3,0,never_instantiated,0,,,,,0,0,info_type,,3,0,never_instantiated,0,,,,,0,0,comp_cast_type,,3,0,never_instantiated,0,,,,,0,0,comp_cast_type,,3,0,never_instantiated,0,,,,,0,0,complete_cast,,3,0,never_instantiated,0,,,,,0,0,,char_name,1,0,never_instantiated,0,,,,,0,0,,aka_name,3,0,never_instantiated,0,,,,,0,0,cast_info,movie_info,1,0,never_instantiated,0,,,,,0,0
29c,4,3,1,0.31,char_name,,16308,0,never_instantiated,0,,,,,0,0,info_type,,16740,0,never_instantiated,0,,,,,0,0,movie_info,,5850,0,never_instantiated,0,,,,,0,0,name,,5850,0,never_instantiated,0,,,,,0,0,comp_cast_type,,5850,0,never_instantiated,0,,,,,0,0,info_type,,5850,0,never_instantiated,0,,,,,0,0,comp_cast_type,,5850,0,never_instantiated,0,,,,,0,0,role_type,,5850,0,never_instantiated,0,,,,,0,0,person_info,,77,0,never_instantiated,0,,,,,0,0,company_name,,371,0,never_instantiated,0,,,,,0,0,,keyword,1,0,never_instantiated,0,,,,,0,0,aka_name,,3183,0,never_instantiated,0,,,,,0,0,,title,16,0,never_instantiated,0,,,,,0,0,movie_keyword,,4006,0,never_instantiated,0,,,,,0,0,,complete_cast,17,0,never_instantiated,0,,,,,0,0,cast_info,movie_companies,454,0,never_instantiated,0,,,,,0,0
30a,4,12,1,0.34,title,,4394,0,never_instantiated,0,,,,,0,0,,comp_cast_type,2,0,never_instantiated,0,,,,,0,0,,,4394,0,never_instantiated,0,,,,,0,0,keyword,,7,0,never_instantiated,0,,,,,0,0,,info_type,1,0,never_instantiated,0,,,,,0,0,,info_type,1,0,never_instantiated,0,,,,,0,0,,comp_cast_type,1,0,never_instantiated,0,,,,,0,0,movie_keyword,,1602,0,never_instantiated,0,,,,,0,0,,complete_cast,1590,0,never_instantiated,0,,,,,0,0,,name,1823,0,never_instantiated,0,,,,,0,0,,movie_info_idx,1491,0,never_instantiated,0,,,,,0,0,,movie_info,1525,0,never_instantiated,0,,,,,0,0,cast_info,,5,0,never_instantiated,0,,,,,0,0,,,,,,,,,,,,,,,,,,,,,,,,,,,,,,,,,,,,
30b,4,19,1,0.30,,info_type,1,0,never_instantiated,0,,,,,0,0,movie_info_idx,,28,0,never_instantiated,0,,,,,0,0,title,,28,0,never_instantiated,0,,,,,0,0,name,,28,0,never_instantiated,0,,,,,0,0,,comp_cast_type,1,0,never_instantiated,0,,,,,0,0,,info_type,1,0,never_instantiated,0,,,,,0,0,,comp_cast_type,1,0,never_instantiated,0,,,,,0,0,,,5,0,never_instantiated,0,,,,,0,0,movie_info,,777,0,never_instantiated,0,,,,,0,0,movie_keyword,,6,0,never_instantiated,0,,,,,0,0,,complete_cast,3,0,never_instantiated,0,,,,,0,0,cast_info,,5,0,never_instantiated,0,,,,,0,0,keyword,,7,0,never_instantiated,0,,,,,0,0,,,,,,,,,,,,,,,,,,,,,,,,,,,,,,,,,,,,
30c,4,6,1,0.38,,,8024,0,never_instantiated,0,,,,,0,0,keyword,,7,0,never_instantiated,0,,,,,0,0,,comp_cast_type,1,0,never_instantiated,0,,,,,0,0,name,,11863,0,never_instantiated,0,,,,,0,0,movie_keyword,,4799,0,never_instantiated,0,,,,,0,0,,info_type,1,0,never_instantiated,0,,,,,0,0,title,,7247,0,never_instantiated,0,,,,,0,0,movie_info_idx,,7263,0,never_instantiated,0,,,,,0,0,,comp_cast_type,1,0,never_instantiated,0,,,,,0,0,,info_type,1,0,never_instantiated,0,,,,,0,0,,,4559,0,never_instantiated,0,,,,,0,0,movie_info,,6,0,never_instantiated,0,,,,,0,0,,complete_cast,3181,0,never_instantiated,0,,,,,0,0,cast_info,,5,0,never_instantiated,0,,,,,0,0,,,,,,,,,,,,,,,,,,,,,,,,
31a,4,16,1,0.32,company_name,,1273,0,never_instantiated,0,,,,,0,0,title,,1273,0,never_instantiated,0,,,,,0,0,movie_companies,,678,0,never_instantiated,0,,,,,0,0,,info_type,1,0,never_instantiated,0,,,,,0,0,,,7,0,never_instantiated,0,,,,,0,0,,info_type,1,0,never_instantiated,0,,,,,0,0,,movie_info_idx,184,0,never_instantiated,0,,,,,0,0,,movie_keyword,14610,0,never_instantiated,0,,,,,0,0,,movie_info,241,0,never_instantiated,0,,,,,0,0,,name,307,0,never_instantiated,0,,,,,0,0,cast_info,,5,0,never_instantiated,0,,,,,0,0,keyword,,7,0,never_instantiated,0,,,,,0,0,,,,,,,,,,,,,,,,,,,,,,,,,,,,,,,,,,,,,,,,,,,,,,,,
31b,4,2,1,0.31,,,84,0,never_instantiated,0,,,,,0,0,keyword,,7,0,never_instantiated,0,,,,,0,0,movie_keyword,,19,0,never_instantiated,0,,,,,0,0,,info_type,1,0,never_instantiated,0,,,,,0,0,name,,19,0,never_instantiated,0,,,,,0,0,company_name,,19,0,never_instantiated,0,,,,,0,0,title,,19,0,never_instantiated,0,,,,,0,0,movie_companies,,15,0,never_instantiated,0,,,,,0,0,,info_type,1,0,never_instantiated,0,,,,,0,0,,movie_info,6,0,never_instantiated,0,,,,,0,0,,movie_info_idx,4,0,never_instantiated,0,,,,,0,0,cast_info,,5,0,never_instantiated,0,,,,,0,0,,,,,,,,,,,,,,,,,,,,,,,,,,,,,,,,,,,,,,,,,,,,,,,,
31c,4,14,1,0.36,,info_type,1,0,never_instantiated,0,,,,,0,0,,,1297,0,never_instantiated,0,,,,,0,0,movie_info,,6,0,never_instantiated,0,,,,,0,0,title,,1471,0,never_instantiated,0,,,,,0,0,name,,1471,0,never_instantiated,0,,,,,0,0,,info_type,1,0,never_instantiated,0,,,,,0,0,,company_name,9,0,never_instantiated,0,,,,,0,0,,,7,0,never_instantiated,0,,,,,0,0,,movie_companies,558,0,never_instantiated,0,,,,,0,0,,movie_keyword,24430,0,never_instantiated,0,,,,,0,0,,movie_info_idx,435,0,never_instantiated,0,,,,,0,0,cast_info,,5,0,never_instantiated,0,,,,,0,0,keyword,,7,0,never_instantiated,0,,,,,0,0,,,,,,,,,,,,,,,,,,,,,,,,,,,,,,,,,,,,
32a,4,10,1,0.04,,keyword,0,0,never_instantiated,0,,,,,0,0,title,,0,0,never_instantiated,0,,,,,0,0,title,,0,0,never_instantiated,0,,,,,0,0,,link_type,0,0,never_instantiated,0,,,,,0,0,movie_keyword,movie_link,0,0,never_instantiated,0,,,,,0,0,,,,,,,,,,,,,,,,,,,,,,,,,,,,,,,,,,,,,,,,,,,,,,,,,,,,,,,,,,,,,,,,,,,,,,,,,,,,,,,,,,,,,,,,,,,,,,,,,,,,,,,,,,,,,,,,,,,,,,,,,,,,,,,,,,,,
32b,4,19,1,0.08,,keyword,1,0,never_instantiated,0,,,,,0,0,title,,4388,0,never_instantiated,0,,,,,0,0,,link_type,16,0,never_instantiated,0,,,,,0,0,title,,4388,0,never_instantiated,0,,,,,0,0,movie_keyword,movie_link,4401,0,never_instantiated,0,,,,,0,0,,,,,,,,,,,,,,,,,,,,,,,,,,,,,,,,,,,,,,,,,,,,,,,,,,,,,,,,,,,,,,,,,,,,,,,,,,,,,,,,,,,,,,,,,,,,,,,,,,,,,,,,,,,,,,,,,,,,,,,,,,,,,,,,,,,,
33a,4,11,1,0.08,company_name,,28,0,never_instantiated,0,,,,,0,0,info_type,,28,0,never_instantiated,0,,,,,0,0,movie_info_idx,,28,0,never_instantiated,0,,,,,0,0,company_name,,28,0,never_instantiated,0,,,,,0,0,,kind_type,1,0,never_instantiated,0,,,,,0,0,,info_type,1,0,never_instantiated,0,,,,,0,0,title,,28,0,never_instantiated,0,,,,,0,0,,kind_type,1,0,never_instantiated,0,,,,,0,0,movie_companies,,10,0,never_instantiated,0,,,,,0,0,,link_type,2,0,never_instantiated,0,,,,,0,0,movie_info_idx,,10,0,never_instantiated,0,,,,,0,0,,movie_link,5,0,never_instantiated,0,,,,,0,0,movie_companies,title,4,0,never_instantiated,0,,,,,0,0,,,,,,,,,,,,,,,,,,,,,,,,,,,,,,,,,,,,
33b,4,0,1,0.08,kind_type,,4,0,never_instantiated,0,,,,,0,0,title,,4,0,never_instantiated,0,,,,,0,0,kind_type,,4,0,never_instantiated,0,,,,,0,0,title,,4,0,never_instantiated,0,,,,,0,0,info_type,,4,0,never_instantiated,0,,,,,0,0,movie_info_idx,,4,0,never_instantiated,0,,,,,0,0,company_name,,4,0,never_instantiated,0,,,,,0,0,movie_companies,,4,0,never_instantiated,0,,,,,0,0,,link_type,1,0,never_instantiated,0,,,,,0,0,movie_link,,4,0,never_instantiated,0,,,,,0,0,,info_type,1,0,never_instantiated,0,,,,,0,0,,movie_info_idx,1,0,never_instantiated,0,,,,,0,0,movie_companies,company_name,4,0,never_instantiated,0,,,,,0,0,,,,,,,,,,,,,,,,,,,,,,,,,,,,,,,,,,,,
33c,4,19,1,0.10,kind_type,,114,0,never_instantiated,0,,,,,0,0,company_name,,131,0,never_instantiated,0,,,,,0,0,info_type,,131,0,never_instantiated,0,,,,,0,0,movie_companies,,44,0,never_instantiated,0,,,,,0,0,title,,44,0,never_instantiated,0,,,,,0,0,movie_info_idx,,48,0,never_instantiated,0,,,,,0,0,,kind_type,2,0,never_instantiated,0,,,,,0,0,company_name,,48,0,never_instantiated,0,,,,,0,0,,link_type,2,0,never_instantiated,0,,,,,0,0,movie_link,,38,0,never_instantiated,0,,,,,0,0,,info_type,1,0,never_instantiated,0,,,,,0,0,,movie_info_idx,30,0,never_instantiated,0,,,,,0,0,movie_companies,title,16,0,never_instantiated,0,,,,,0,0,,,,,,,,,,,,,,,,,,,,,,,,,,,,,,,,,,,,
