label,benchmark,sf,threads,query,med_c1,med_c2,med_c3,med_c4,best_c1,best_c2,best_c3,best_c4,insurance,insurance_fwd,residual_qo,residual_qo_c1,pt_replaces_qo,backward_extra
appian_t1,appian,0,1,q01,2.72,2.72,2.77,2.71,2.68,2.69,2.74,2.67,1.0036900369003692,1.0,1.0149812734082397,1.0149253731343284,1.0111940298507462,1.0036900369003692
appian_t1,appian,0,1,q02,13.59,13.825,14.59,13.785,13.33,13.61,14.35,13.6,0.985854189336235,0.983001808318264,1.0136029411764707,1.0195048762190548,1.034133533383346,1.0029017047515414
appian_t1,appian,0,1,q03,6.495,6.095,6.805,6.07,6.27,5.98,6.66,5.97,1.07001647446458,1.0656275635767023,1.016750418760469,1.035885167464115,0.9681020733652314,1.004118616144975
appian_t1,appian,0,1,q04,25.795,25.854999999999997,28.615000000000002,25.855,25.35,25.47,28.16,25.54,0.9976793656932895,0.9976793656932896,1.0123335943617855,1.0175542406311637,1.019921104536489,0.9999999999999999
appian_t1,appian,0,1,q05,4.845,4.84,5.05,4.82,4.8,4.77,4.99,4.77,1.0051867219917012,1.0010330578512396,1.0104821802935011,1.009375,1.0041666666666669,1.004149377593361
appian_t1,appian,0,1,q06,7.74,7.77,9.6,7.745,7.65,7.67,9.4,7.6,0.9993544222078761,0.9961389961389963,1.0190789473684212,1.011764705882353,1.0124183006535947,1.0032278889606197
appian_t1,appian,0,1,q07,7.74,7.99,8.42,7.945,7.63,7.91,8.25,7.85,0.9741976085588421,0.9687108886107635,1.0121019108280256,1.0144167758846658,1.0412844036697249,1.0056639395846445
appian_t1,appian,0,1,q08,29.689999999999998,29.655,30.53,29.634999999999998,29.15,29.31,29.77,29.13,1.001855913615657,1.0011802394199965,1.0173360796429798,1.01852487135506,1.0166380789022298,1.000674877678421
job_t1,job,0,1,10a,1.395,0.99,0.98,0.84,0.93,0.82,0.82,0.8,1.6607142857142858,1.4090909090909092,1.0499999999999998,1.5,0.9032258064516128,1.1785714285714286
job_t1,job,0,1,10b,1.205,0.72,0.72,0.68,0.47,0.63,0.63,0.63,1.7720588235294117,1.6736111111111114,1.0793650793650795,2.563829787234043,1.446808510638298,1.0588235294117645
job_t1,job,0,1,10c,2.295,2.34,2.34,2.8449999999999998,1.99,2.02,2.02,2.52,0.8066783831282953,0.9807692307692308,1.128968253968254,1.1532663316582914,1.42964824120603,0.8224956063268893
job_t1,job,0,1,11a,0.18,0.14,0.14,0.14,0.1,0.1,0.1,0.1,1.2857142857142856,1.2857142857142856,1.4000000000000001,1.7999999999999998,1.4000000000000001,1.0
job_t1,job,0,1,11b,0.185,0.27,0.27,0.265,0.09,0.11,0.11,0.11,0.6981132075471698,0.6851851851851851,2.409090909090909,2.055555555555556,2.9444444444444446,1.0188679245283019
job_t1,job,0,1,11c,0.26,0.17,0.17,0.16,0.1,0.11,0.11,0.11,1.625,1.5294117647058822,1.4545454545454546,2.6,1.5999999999999999,1.0625
job_t1,job,0,1,11d,0.275,0.235,0.24,0.18,0.1,0.11,0.12,0.11,1.527777777777778,1.170212765957447,1.6363636363636362,2.75,1.7999999999999998,1.3055555555555556
job_t1,job,0,1,12a,0.625,0.325,0.32,0.27,0.41,0.28,0.28,0.26,2.314814814814815,1.923076923076923,1.0384615384615385,1.524390243902439,0.6585365853658537,1.2037037037037037
job_t1,job,0,1,12b,0.55,0.32,0.32,0.305,0.34,0.18,0.18,0.18,1.8032786885245904,1.71875,1.6944444444444444,1.6176470588235294,0.8970588235294117,1.0491803278688525
job_t1,job,0,1,12c,0.775,0.45,0.45,0.33,0.55,0.38,0.37,0.32,2.3484848484848486,1.7222222222222223,1.03125,1.409090909090909,0.6,1.3636363636363635
job_t1,job,0,1,13a,3.92,0.555,0.555,0.515,1.17,0.38,0.38,0.34,7.6116504854368925,7.063063063063062,1.5147058823529411,3.3504273504273505,0.4401709401709402,1.0776699029126213
job_t1,job,0,1,13b,1.26,0.305,0.3,0.26,0.65,0.26,0.26,0.25,4.846153846153846,4.131147540983607,1.04,1.9384615384615385,0.4,1.173076923076923
job_t1,job,0,1,13c,1.12,0.24,0.24,0.2,0.51,0.2,0.2,0.19,5.6000000000000005,4.666666666666667,1.0526315789473684,2.196078431372549,0.39215686274509803,1.2
job_t1,job,0,1,13d,3.02,1.17,1.26,1.19,1.21,0.94,0.96,0.88,2.5378151260504205,2.5811965811965814,1.3522727272727273,2.4958677685950414,0.9834710743801652,0.9831932773109243
job_t1,job,0,1,14a,2.035,0.24,0.24,0.23,0.52,0.22,0.22,0.21,8.847826086956522,8.479166666666668,1.0952380952380953,3.9134615384615388,0.4423076923076923,1.0434782608695652
job_t1,job,0,1,14b,1.8250000000000002,0.24,0.24,0.24,0.41,0.23,0.23,0.23,7.604166666666668,7.604166666666668,1.0434782608695652,4.451219512195123,0.5853658536585366,1.0
job_t1,job,0,1,14c,2.255,0.4,0.41,0.32,0.79,0.31,0.31,0.31,7.046874999999999,5.637499999999999,1.032258064516129,2.854430379746835,0.4050632911392405,1.25
job_t1,job,0,1,15a,1.49,0.9,0.905,0.83,0.88,0.89,0.88,0.81,1.7951807228915664,1.6555555555555554,1.0246913580246912,1.6931818181818181,0.9431818181818181,1.0843373493975905
job_t1,job,0,1,15b,1.38,0.71,0.69,0.665,0.59,0.6,0.61,0.61,2.0751879699248117,1.9436619718309858,1.0901639344262295,2.3389830508474576,1.1271186440677967,1.0676691729323307
job_t1,job,0,1,15c,1.51,0.86,0.855,0.71,0.77,0.79,0.79,0.69,2.126760563380282,1.755813953488372,1.028985507246377,1.961038961038961,0.922077922077922,1.2112676056338028
job_t1,job,0,1,15d,0.92,0.73,0.725,0.515,0.6,0.63,0.6,0.48,1.7864077669902914,1.2602739726027399,1.0729166666666667,1.5333333333333334,0.8583333333333334,1.4174757281553398
job_t1,job,0,1,16a,6.27,1.26,1.28,0.92,3.18,0.94,0.94,0.83,6.815217391304347,4.976190476190475,1.108433734939759,1.9716981132075468,0.2893081761006289,1.3695652173913042
job_t1,job,0,1,16b,167.66,4.73,4.87,4.295,17.32,3.04,3.21,2.46,39.036088474970896,35.446088794926,1.7459349593495934,9.68013856812933,0.24797921478060045,1.10128055878929
job_t1,job,0,1,16c,20.405,2.54,2.6,2.215,10.53,1.5,1.51,1.18,9.212189616252823,8.033464566929133,1.8771186440677965,1.9377967711301047,0.21035137701804368,1.146726862302483
job_t1,job,0,1,16d,19.67,2.45,2.49,2.16,9.49,1.45,1.43,1.13,9.106481481481481,8.028571428571428,1.9115044247787614,2.0727081138040044,0.22760800842992626,1.1342592592592593
job_t1,job,0,1,17a,23.84,2.085,2.25,2.0549999999999997,3.38,1.31,1.35,1.31,11.600973236009734,11.434052757793765,1.5687022900763357,7.053254437869823,0.6079881656804733,1.0145985401459856
job_t1,job,0,1,17b,12.525,1.455,1.475,1.7850000000000001,1.76,1.13,1.13,1.34,7.016806722689076,8.608247422680412,1.332089552238806,7.1164772727272725,1.0142045454545456,0.8151260504201681
job_t1,job,0,1,17c,12.18,0.95,0.94,0.765,1.57,0.76,0.77,0.72,15.921568627450979,12.821052631578947,1.0625,7.75796178343949,0.4872611464968153,1.2418300653594772
job_t1,job,0,1,17d,15.43,1.355,1.37,1.18,2.3,1.18,1.19,1.05,13.076271186440678,11.387453874538746,1.1238095238095238,6.708695652173914,0.5130434782608696,1.1483050847457628
job_t1,job,0,1,17e,127.67,3.635,3.91,3.135,12.07,2.43,2.44,2.16,40.72408293460926,35.12242090784044,1.4513888888888886,10.577464788732394,0.2597348798674399,1.1594896331738438
job_t1,job,0,1,17f,31.935,2.005,2.01,1.8050000000000002,6.62,1.8,1.83,1.52,17.692520775623265,15.927680798004987,1.1875,4.824018126888217,0.27265861027190336,1.1108033240997228
job_t1,job,0,1,18a,2.0149999999999997,1.54,1.51,1.39,1.41,1.38,1.41,1.31,1.449640287769784,1.3084415584415583,1.0610687022900762,1.429078014184397,0.9858156028368794,1.1079136690647482
job_t1,job,0,1,18b,2.935,1.525,1.5350000000000001,1.55,1.65,0.95,0.94,1.45,1.8935483870967742,1.9245901639344263,1.0689655172413794,1.7787878787878788,0.9393939393939394,0.9838709677419354
job_t1,job,0,1,18c,3.835,2.085,2.0949999999999998,2.255,2.39,1.75,1.72,2.0,1.7006651884700665,1.839328537170264,1.1275,1.604602510460251,0.9435146443514644,0.9246119733924613
job_t1,job,0,1,19a,2.7649999999999997,1.415,1.4049999999999998,1.2850000000000001,1.57,1.31,1.3,1.22,2.1517509727626454,1.9540636042402824,1.0532786885245904,1.7611464968152863,0.8184713375796179,1.1011673151750971
job_t1,job,0,1,19b,2.225,1.145,1.1549999999999998,1.15,1.03,0.84,0.84,0.84,1.9347826086956523,1.943231441048035,1.369047619047619,2.1601941747572817,1.116504854368932,0.9956521739130436
job_t1,job,0,1,19c,2.65,1.41,1.415,1.16,1.47,1.25,1.24,1.1,2.28448275862069,1.8794326241134751,1.0545454545454545,1.8027210884353742,0.7891156462585034,1.2155172413793103
job_t1,job,0,1,19d,3.64,2.25,2.3,1.74,2.01,1.74,1.75,1.22,2.0919540229885056,1.6177777777777778,1.4262295081967213,1.810945273631841,0.8656716417910448,1.293103448275862
job_t1,job,0,1,1a,0.39,0.17,0.17,0.15,0.19,0.16,0.16,0.15,2.6,2.2941176470588234,1.0,2.0526315789473686,0.7894736842105263,1.1333333333333335
job_t1,job,0,1,1b,0.36,0.11,0.11,0.1,0.15,0.1,0.11,0.1,3.5999999999999996,3.2727272727272725,1.0,2.4,0.6666666666666667,1.0999999999999999
job_t1,job,0,1,1c,0.255,0.21,0.21,0.21,0.13,0.12,0.11,0.12,1.2142857142857144,1.2142857142857144,1.75,1.9615384615384615,1.6153846153846152,1.0
job_t1,job,0,1,1d,0.37,0.11,0.11499999999999999,0.11,0.15,0.11,0.11,0.1,3.3636363636363638,3.3636363636363638,1.0999999999999999,2.466666666666667,0.7333333333333334,1.0
job_t1,job,0,1,20a,9.57,1.4449999999999998,1.44,1.29,1.37,1.13,1.13,1.11,7.4186046511627906,6.622837370242215,1.162162162162162,6.985401459854014,0.9416058394160584,1.1201550387596897
job_t1,job,0,1,20b,1.545,0.97,0.98,0.93,0.61,0.88,0.89,0.9,1.661290322580645,1.592783505154639,1.0333333333333334,2.5327868852459017,1.5245901639344264,1.043010752688172
job_t1,job,0,1,20c,9.48,1.8650000000000002,1.9,1.6549999999999998,2.67,1.32,1.34,1.25,5.728096676737161,5.083109919571045,1.3239999999999998,3.5505617977528092,0.6198501872659176,1.1268882175226589
job_t1,job,0,1,21a,0.37,0.24,0.24,0.24,0.24,0.21,0.21,0.21,1.5416666666666667,1.5416666666666667,1.1428571428571428,1.5416666666666667,1.0,1.0
job_t1,job,0,1,21b,0.32,0.24,0.24,0.23,0.2,0.17,0.17,0.17,1.391304347826087,1.3333333333333335,1.352941176470588,1.5999999999999999,1.15,1.0434782608695652
job_t1,job,0,1,21c,0.435,0.245,0.245,0.24,0.26,0.22,0.22,0.21,1.8125,1.7755102040816326,1.1428571428571428,1.673076923076923,0.923076923076923,1.0208333333333333
job_t1,job,0,1,22a,1.79,0.66,0.67,0.6,0.93,0.6,0.58,0.57,2.9833333333333334,2.712121212121212,1.0526315789473684,1.9247311827956988,0.6451612903225806,1.1
job_t1,job,0,1,22b,1.71,0.645,0.65,0.59,0.79,0.56,0.56,0.55,2.898305084745763,2.6511627906976742,1.0727272727272725,2.1645569620253164,0.7468354430379746,1.093220338983051
job_t1,job,0,1,22c,2.4850000000000003,0.71,0.71,0.61,1.35,0.63,0.61,0.58,4.0737704918032795,3.5000000000000004,1.0517241379310345,1.8407407407407408,0.45185185185185184,1.1639344262295082
job_t1,job,0,1,22d,3.5250000000000004,0.59,0.6,0.46,1.2,0.49,0.49,0.42,7.66304347826087,5.974576271186441,1.0952380952380953,2.9375000000000004,0.38333333333333336,1.2826086956521738
job_t1,job,0,1,23a,1.225,0.6,0.6,0.58,0.53,0.5,0.51,0.54,2.1120689655172415,2.041666666666667,1.074074074074074,2.311320754716981,1.0943396226415094,1.0344827586206897
job_t1,job,0,1,23b,1.165,0.585,0.58,0.585,0.44,0.53,0.53,0.53,1.9914529914529917,1.9914529914529917,1.1037735849056602,2.647727272727273,1.3295454545454544,1.0
job_t1,job,0,1,23c,1.3050000000000002,0.74,0.735,0.67,0.54,0.61,0.61,0.58,1.947761194029851,1.7635135135135138,1.1551724137931036,2.416666666666667,1.2407407407407407,1.1044776119402984
job_t1,job,0,1,24a,2.825,1.4049999999999998,1.4049999999999998,1.28,1.68,1.12,1.11,1.09,2.20703125,2.01067615658363,1.1743119266055044,1.6815476190476193,0.761904761904762,1.0976562499999998
job_t1,job,0,1,24b,2.46,1.06,1.065,1.03,1.25,0.72,0.72,0.73,2.3883495145631066,2.320754716981132,1.4109589041095891,1.968,0.8240000000000001,1.029126213592233
job_t1,job,0,1,25a,3.975,1.935,1.915,1.795,3.43,1.69,1.68,1.69,2.2144846796657385,2.054263565891473,1.0621301775147929,1.1588921282798834,0.5233236151603499,1.0779944289693595
job_t1,job,0,1,25b,3.56,1.53,1.525,1.53,3.05,0.73,0.72,0.72,2.326797385620915,2.326797385620915,2.125,1.1672131147540985,0.5016393442622952,1.0
job_t1,job,0,1,25c,4.404999999999999,2.66,2.605,2.51,3.18,1.71,1.71,1.82,1.754980079681275,1.6560150375939846,1.3791208791208789,1.3852201257861632,0.7893081761006289,1.059760956175299
job_t1,job,0,1,26a,6.945,1.7349999999999999,1.74,1.565,2.89,1.36,1.36,1.31,4.437699680511183,4.002881844380404,1.1946564885496183,2.403114186851211,0.5415224913494809,1.108626198083067
job_t1,job,0,1,26b,6.095,1.37,1.38,1.3,2.48,1.14,1.14,1.09,4.688461538461538,4.448905109489051,1.1926605504587156,2.4576612903225805,0.5241935483870968,1.0538461538461539
job_t1,job,0,1,26c,6.91,1.56,1.57,1.47,3.31,1.28,1.28,1.17,4.700680272108844,4.42948717948718,1.2564102564102564,2.0876132930513593,0.4441087613293051,1.0612244897959184
job_t1,job,0,1,27a,0.315,0.25,0.25,0.245,0.21,0.2,0.2,0.2,1.2857142857142858,1.26,1.2249999999999999,1.5,1.1666666666666667,1.0204081632653061
job_t1,job,0,1,27b,0.26,0.21000000000000002,0.21000000000000002,0.21000000000000002,0.21,0.14,0.14,0.14,1.238095238095238,1.238095238095238,1.5,1.2380952380952381,1.0000000000000002,1.0
job_t1,job,0,1,27c,0.4,0.245,0.25,0.24,0.26,0.21,0.21,0.21,1.6666666666666667,1.6326530612244898,1.1428571428571428,1.5384615384615385,0.923076923076923,1.0208333333333333
job_t1,job,0,1,28a,3.1799999999999997,0.665,0.66,0.6,1.04,0.61,0.6,0.58,5.3,4.781954887218045,1.0344827586206897,3.0576923076923075,0.5769230769230769,1.1083333333333334
job_t1,job,0,1,28b,1.665,0.6,0.6,0.58,0.7,0.58,0.58,0.55,2.870689655172414,2.7750000000000004,1.0545454545454545,2.3785714285714286,0.8285714285714285,1.0344827586206897
job_t1,job,0,1,28c,3.205,0.69,0.695,0.61,1.31,0.62,0.64,0.59,5.254098360655738,4.644927536231885,1.033898305084746,2.446564885496183,0.46564885496183206,1.1311475409836065
job_t1,job,0,1,29a,2.865,1.085,1.105,1.0750000000000002,1.31,0.89,0.91,0.91,2.665116279069767,2.6405529953917055,1.1813186813186816,2.187022900763359,0.8206106870229009,1.009302325581395
job_t1,job,0,1,29b,1.62,0.995,0.99,0.975,1.09,0.85,0.86,0.85,1.6615384615384616,1.628140703517588,1.1470588235294117,1.4862385321100917,0.8944954128440367,1.0205128205128204
job_t1,job,0,1,29c,4.494999999999999,1.33,1.335,1.23,1.69,1.02,1.03,1.01,3.6544715447154466,3.3796992481203,1.2178217821782178,2.659763313609467,0.727810650887574,1.08130081300813
job_t1,job,0,1,2a,0.635,0.36,0.36,0.3,0.52,0.33,0.32,0.29,2.1166666666666667,1.763888888888889,1.0344827586206897,1.221153846153846,0.5769230769230769,1.2
job_t1,job,0,1,2b,0.625,0.34,0.34,0.29,0.51,0.3,0.3,0.29,2.1551724137931036,1.838235294117647,1.0,1.2254901960784315,0.5686274509803921,1.1724137931034484
job_t1,job,0,1,2c,0.585,0.09,0.09,0.08,0.3,0.07,0.07,0.07,7.312499999999999,6.5,1.1428571428571428,1.95,0.26666666666666666,1.125
job_t1,job,0,1,2d,0.66,0.545,0.55,0.34,0.56,0.45,0.47,0.33,1.9411764705882353,1.2110091743119267,1.0303030303030303,1.1785714285714286,0.6071428571428571,1.6029411764705883
job_t1,job,0,1,30a,3.935,1.85,1.8450000000000002,1.79,2.79,1.58,1.59,1.56,2.1983240223463687,2.127027027027027,1.1474358974358974,1.4103942652329748,0.6415770609318997,1.0335195530726258
job_t1,job,0,1,30b,3.65,1.6400000000000001,1.63,1.565,2.87,1.37,1.37,1.36,2.3322683706070286,2.225609756097561,1.150735294117647,1.2717770034843205,0.5452961672473867,1.0479233226837061
job_t1,job,0,1,30c,4.68,2.0949999999999998,2.075,2.01,3.25,1.75,1.73,1.8,2.328358208955224,2.2338902147971362,1.1166666666666665,1.44,0.6184615384615384,1.0422885572139304
job_t1,job,0,1,31a,4.220000000000001,1.795,1.775,1.68,3.53,1.48,1.46,1.41,2.5119047619047623,2.3509749303621175,1.1914893617021276,1.1954674220963175,0.47592067988668557,1.068452380952381
job_t1,job,0,1,31b,3.69,1.6,1.59,1.585,2.93,0.83,0.84,0.81,2.32807570977918,2.30625,1.95679012345679,1.25938566552901,0.5409556313993173,1.0094637223974765
job_t1,job,0,1,31c,5.904999999999999,2.21,2.225,1.8849999999999998,3.38,1.86,1.86,1.62,3.13262599469496,2.671945701357466,1.16358024691358,1.747041420118343,0.5576923076923076,1.1724137931034484
job_t1,job,0,1,32a,0.16499999999999998,0.05,0.05,0.04,0.04,0.04,0.04,0.04,4.124999999999999,3.2999999999999994,1.0,4.124999999999999,1.0,1.25
job_t1,job,0,1,32b,0.35,0.29,0.29,0.225,0.29,0.28,0.28,0.22,1.5555555555555554,1.206896551724138,1.0227272727272727,1.206896551724138,0.7758620689655173,1.2888888888888888
job_t1,job,0,1,33a,0.64,0.19,0.19,0.19,0.44,0.15,0.15,0.15,3.3684210526315788,3.3684210526315788,1.2666666666666668,1.4545454545454546,0.4318181818181818,1.0
job_t1,job,0,1,33b,0.53,0.175,0.175,0.17,0.34,0.14,0.14,0.14,3.1176470588235294,3.028571428571429,1.2142857142857142,1.5588235294117647,0.5,1.0294117647058822
job_t1,job,0,1,33c,0.83,0.325,0.32,0.29,0.62,0.27,0.28,0.26,2.8620689655172415,2.5538461538461537,1.1153846153846152,1.3387096774193548,0.46774193548387094,1.120689655172414
job_t1,job,0,1,3a,1.91,1.3,1.29,1.18,1.86,1.12,1.11,1.11,1.6186440677966103,1.4692307692307691,1.0630630630630629,1.0268817204301075,0.6344086021505375,1.1016949152542375
job_t1,job,0,1,3b,0.94,0.99,0.99,0.99,0.87,0.95,0.94,0.93,0.9494949494949495,0.9494949494949495,1.064516129032258,1.0804597701149425,1.1379310344827587,1.0
job_t1,job,0,1,3c,2.255,1.41,1.4,1.225,2.13,1.19,1.19,1.18,1.8408163265306121,1.599290780141844,1.038135593220339,1.0586854460093897,0.5751173708920189,1.1510204081632651
job_t1,job,0,1,4a,0.685,0.42,0.415,0.3,0.39,0.35,0.35,0.29,2.2833333333333337,1.6309523809523812,1.0344827586206897,1.7564102564102564,0.7692307692307692,1.4
job_t1,job,0,1,4b,0.335,0.28,0.28,0.28,0.24,0.23,0.23,0.23,1.1964285714285714,1.1964285714285714,1.2173913043478262,1.3958333333333335,1.1666666666666667,1.0
job_t1,job,0,1,4c,0.885,0.535,0.54,0.34,0.47,0.41,0.41,0.33,2.602941176470588,1.6542056074766354,1.0303030303030303,1.8829787234042554,0.723404255319149,1.5735294117647058
job_t1,job,0,1,5a,1.8900000000000001,0.08,0.08499999999999999,0.08,1.69,0.08,0.08,0.08,23.625,23.625,1.0,1.1183431952662723,0.04733727810650888,1.0
job_t1,job,0,1,5b,1.21,0.2,0.2,0.2,1.07,0.08,0.08,0.08,6.05,6.05,2.5,1.130841121495327,0.18691588785046728,1.0
job_t1,job,0,1,5c,2.21,1.14,1.14,1.11,2.02,1.09,1.09,1.09,1.9909909909909909,1.9385964912280702,1.0183486238532111,1.0940594059405941,0.5495049504950495,1.0270270270270268
job_t1,job,0,1,6a,0.68,0.55,0.55,0.53,0.5,0.48,0.48,0.48,1.2830188679245282,1.2363636363636363,1.1041666666666667,1.36,1.06,1.0377358490566038
job_t1,job,0,1,6b,0.73,0.48,0.475,0.46,0.45,0.46,0.46,0.45,1.5869565217391304,1.5208333333333333,1.0222222222222221,1.6222222222222222,1.0222222222222221,1.0434782608695652
job_t1,job,0,1,6c,0.665,0.425,0.43,0.43,0.42,0.42,0.42,0.42,1.5465116279069768,1.5647058823529414,1.0238095238095237,1.5833333333333335,1.0238095238095237,0.9883720930232558
job_t1,job,0,1,6d,0.94,0.96,0.96,0.55,0.7,0.73,0.72,0.55,1.7090909090909088,0.9791666666666666,1.0,1.342857142857143,0.7857142857142858,1.7454545454545451
job_t1,job,0,1,6e,0.68,0.605,0.6000000000000001,0.435,0.63,0.44,0.43,0.43,1.5632183908045978,1.1239669421487604,1.0116279069767442,1.0793650793650795,0.6904761904761905,1.3908045977011494
job_t1,job,0,1,6f,12.774999999999999,12.725000000000001,15.445,12.925,10.79,10.73,12.93,10.82,0.9883945841392648,1.003929273084479,1.194547134935305,1.1839666357738647,1.1978683966635775,0.9845261121856868
job_t1,job,0,1,7a,3.175,1.105,1.09,1.09,2.75,0.95,0.98,0.92,2.9128440366972472,2.8733031674208145,1.184782608695652,1.1545454545454545,0.3963636363636364,1.013761467889908
job_t1,job,0,1,7b,2.8449999999999998,0.97,0.975,0.97,2.48,0.7,0.7,0.7,2.9329896907216493,2.9329896907216493,1.3857142857142857,1.1471774193548385,0.3911290322580645,1.0
job_t1,job,0,1,7c,5.7,2.365,2.38,2.3499999999999996,3.75,1.68,1.58,1.61,2.4255319148936176,2.41014799154334,1.4596273291925463,1.52,0.6266666666666666,1.0063829787234044
job_t1,job,0,1,8a,1.43,0.825,0.825,0.79,0.89,0.68,0.67,0.66,1.810126582278481,1.7333333333333334,1.196969696969697,1.6067415730337078,0.8876404494382023,1.0443037974683542
job_t1,job,0,1,8b,1.255,0.65,0.66,0.65,0.58,0.56,0.56,0.56,1.9307692307692306,1.9307692307692306,1.1607142857142856,2.163793103448276,1.120689655172414,1.0
job_t1,job,0,1,8c,2.585,2.545,2.7649999999999997,2.55,2.14,2.2,2.39,2.21,1.0137254901960784,1.0157170923379175,1.1538461538461537,1.2079439252336448,1.1915887850467288,0.9980392156862745
job_t1,job,0,1,8d,1.165,1.135,1.19,1.14,0.96,0.89,0.93,0.88,1.0219298245614037,1.026431718061674,1.2954545454545454,1.2135416666666667,1.1875,0.9956140350877194
job_t1,job,0,1,9a,1.6549999999999998,1.24,1.2349999999999999,1.0550000000000002,1.19,1.09,1.1,1.0,1.568720379146919,1.3346774193548385,1.0550000000000002,1.3907563025210083,0.8865546218487397,1.1753554502369667
job_t1,job,0,1,9b,1.8450000000000002,0.885,0.875,0.8400000000000001,1.1,0.76,0.76,0.73,2.1964285714285716,2.0847457627118646,1.1506849315068495,1.6772727272727272,0.7636363636363637,1.0535714285714284
job_t1,job,0,1,9c,1.78,1.275,1.295,0.925,1.13,1.05,1.05,0.88,1.9243243243243242,1.3960784313725492,1.0511363636363638,1.5752212389380533,0.8185840707964603,1.3783783783783783
job_t1,job,0,1,9d,2.115,1.96,1.99,1.4449999999999998,1.6,1.65,1.68,1.18,1.4636678200692044,1.0790816326530615,1.2245762711864405,1.3218750000000001,0.9031249999999998,1.3564013840830451
tpch_sf10_t1,tpch,10,1,Q01,3.18,3.17,3.17,3.18,3.15,3.14,3.16,3.13,1.0,1.003154574132492,1.0159744408945688,1.0095238095238097,1.0095238095238097,0.9968553459119496
tpch_sf10_t1,tpch,10,1,Q02,0.97,0.725,0.735,0.77,0.76,0.59,0.59,0.62,1.2597402597402596,1.3379310344827586,1.2419354838709677,1.276315789473684,1.013157894736842,0.9415584415584415
tpch_sf10_t1,tpch,10,1,Q03,4.695,4.75,5.225,4.76,4.61,4.66,5.18,4.7,0.9863445378151261,0.988421052631579,1.0127659574468084,1.0184381778741864,1.0325379609544467,0.9978991596638656
tpch_sf10_t1,tpch,10,1,Q04,3.0,3.0,3.7,3.0,2.95,2.96,3.6,2.97,1.0,1.0,1.01010101010101,1.0169491525423728,1.0169491525423728,1.0
tpch_sf10_t1,tpch,10,1,Q05,7.975,6.77,7.545,4.7,6.75,5.34,5.62,4.27,1.6968085106382977,1.1779911373707534,1.1007025761124123,1.1814814814814814,0.6962962962962963,1.4404255319148935
tpch_sf10_t1,tpch,10,1,Q06,0.99,0.99,0.99,0.99,0.98,0.98,0.98,0.97,1.0,1.0,1.0206185567010309,1.010204081632653,1.010204081632653,1.0
tpch_sf10_t1,tpch,10,1,Q07,7.609999999999999,2.17,2.185,2.0300000000000002,4.83,2.14,2.15,1.92,3.748768472906403,3.506912442396313,1.0572916666666667,1.5755693581780537,0.4202898550724638,1.0689655172413792
tpch_sf10_t1,tpch,10,1,Q08,7.27,2.61,2.635,2.275,4.5,2.54,2.54,2.23,3.1956043956043954,2.78544061302682,1.0201793721973094,1.6155555555555554,0.5055555555555555,1.1472527472527472
tpch_sf10_t1,tpch,10,1,Q09,14.975000000000001,5.515,5.88,4.885,12.12,5.04,5.41,4.72,3.065506653019448,2.7153218495013602,1.034957627118644,1.2355610561056107,0.40305280528052806,1.1289662231320368
tpch_sf10_t1,tpch,10,1,Q10,4.335,2.6950000000000003,2.74,2.7199999999999998,4.26,2.66,2.71,2.67,1.5937500000000002,1.6085343228200368,1.0187265917602994,1.017605633802817,0.6384976525821596,0.9908088235294119
tpch_sf10_t1,tpch,10,1,Q11,0.68,0.69,0.685,0.47,0.58,0.58,0.57,0.46,1.446808510638298,0.9855072463768118,1.0217391304347825,1.1724137931034484,0.810344827586207,1.4680851063829787
tpch_sf10_t1,tpch,10,1,Q12,2.15,2.135,2.395,1.63,2.12,2.11,2.34,1.59,1.3190184049079754,1.0070257611241218,1.0251572327044023,1.0141509433962264,0.7688679245283018,1.3098159509202454
tpch_sf10_t1,tpch,10,1,Q13,5.14,5.13,4.93,5.17,5.06,5.07,4.83,5.02,0.9941972920696325,1.0019493177387915,1.0298804780876494,1.0158102766798418,1.0217391304347827,0.9922630560928433
tpch_sf10_t1,tpch,10,1,Q14,3.07,3.065,3.175,1.3,3.01,3.0,3.1,1.28,2.361538461538461,1.0016313213703099,1.015625,1.0199335548172757,0.43189368770764125,2.3576923076923078
tpch_sf10_t1,tpch,10,1,Q15,1.23,1.23,1.23,1.22,1.22,1.22,1.21,1.2,1.0081967213114753,1.0,1.0166666666666666,1.0081967213114753,1.0,1.0081967213114753
tpch_sf10_t1,tpch,10,1,Q16,1.24,1.2349999999999999,1.24,1.24,1.2,1.21,1.22,1.21,1.0,1.0040485829959516,1.024793388429752,1.0333333333333334,1.0333333333333334,0.9959677419354838
tpch_sf10_t1,tpch,10,1,Q17,4.53,4.5,4.515,3.22,4.44,4.47,4.42,3.19,1.406832298136646,1.0066666666666668,1.0094043887147337,1.0202702702702702,0.7252252252252253,1.3975155279503104
tpch_sf10_t1,tpch,10,1,Q18,16.015,16.049999999999997,18.76,16.015,15.81,15.67,18.63,15.84,1.0,0.9978193146417448,1.01104797979798,1.012966476913346,1.012966476913346,1.0021854511395565
tpch_sf10_t1,tpch,10,1,Q19,4.23,4.220000000000001,4.465,2.72,4.17,4.18,4.38,2.68,1.5551470588235294,1.0023696682464454,1.0149253731343284,1.0143884892086332,0.6522781774580336,1.5514705882352942
tpch_sf10_t1,tpch,10,1,Q20,3.275,2.39,2.39,2.39,3.24,2.36,2.36,2.34,1.3702928870292885,1.3702928870292885,1.0213675213675215,1.0108024691358024,0.7376543209876543,1.0
tpch_sf10_t1,tpch,10,1,Q21,12.29,8.705,10.715,8.26,9.92,8.58,10.51,8.06,1.4878934624697335,1.411832280298679,1.0248138957816377,1.2389112903225805,0.8326612903225806,1.0538740920096852
tpch_sf10_t1,tpch,10,1,Q22,1.41,1.41,1.4,1.4,1.38,1.39,1.38,1.36,1.0071428571428571,1.0,1.0294117647058822,1.0217391304347827,1.0144927536231885,1.0071428571428571
tpch_sf20_t1,tpch,20,1,Q01,6.49,6.475,6.48,6.475,6.43,6.44,6.43,6.44,1.0023166023166024,1.0023166023166024,1.0054347826086956,1.0093312597200623,1.0069984447900466,1.0
tpch_sf20_t1,tpch,20,1,Q02,1.895,1.3900000000000001,1.385,1.495,1.48,1.1,1.1,1.18,1.2675585284280935,1.3633093525179856,1.266949152542373,1.2804054054054055,1.0101351351351353,0.9297658862876255
tpch_sf20_t1,tpch,20,1,Q03,9.555,9.59,10.754999999999999,9.665,9.43,9.51,10.53,9.47,0.9886187273667875,0.9963503649635036,1.0205913410770853,1.0132555673382821,1.0249204665959704,0.9922400413864461
tpch_sf20_t1,tpch,20,1,Q04,6.245,6.17,7.735,6.1899999999999995,6.1,6.07,7.62,6.11,1.008885298869144,1.0121555915721232,1.0130932896890343,1.0237704918032788,1.0147540983606558,0.9967689822294024
tpch_sf20_t1,tpch,20,1,Q05,16.44,14.120000000000001,15.47,10.39,13.86,11.29,11.57,9.3,1.5822906641000962,1.1643059490084986,1.1172043010752688,1.1861471861471864,0.7496392496392497,1.3589990375360925
tpch_sf20_t1,tpch,20,1,Q06,2.02,2.02,2.025,2.025,2.0,2.0,1.99,1.99,0.9975308641975309,1.0,1.0175879396984924,1.01,1.0125,0.9975308641975309
tpch_sf20_t1,tpch,20,1,Q07,14.42,4.525,4.545,4.26,9.91,4.46,4.48,3.98,3.3849765258215965,3.1867403314917127,1.0703517587939697,1.455095862764884,0.42986881937436927,1.0622065727699532
tpch_sf20_t1,tpch,20,1,Q08,14.485,5.225,5.225,4.55,9.31,5.11,5.11,4.5,3.1835164835164833,2.7722488038277513,1.011111111111111,1.5558539205155746,0.48872180451127817,1.1483516483516483
tpch_sf20_t1,tpch,20,1,Q09,30.46,11.25,12.13,10.455,24.25,10.16,10.91,10.17,2.9134385461501675,2.7075555555555555,1.028023598820059,1.2560824742268042,0.4311340206185567,1.0760401721664274
tpch_sf20_t1,tpch,20,1,Q10,8.79,5.5,5.609999999999999,5.57,8.72,5.43,5.56,5.52,1.5780969479353677,1.598181818181818,1.009057971014493,1.0080275229357796,0.6387614678899083,0.9874326750448833
tpch_sf20_t1,tpch,20,1,Q11,1.32,1.3,1.31,0.89,1.08,1.1,1.08,0.86,1.4831460674157304,1.0153846153846153,1.0348837209302326,1.222222222222222,0.8240740740740741,1.4606741573033708
tpch_sf20_t1,tpch,20,1,Q12,4.325,4.31,4.885,3.26,4.28,4.23,4.82,3.19,1.3266871165644174,1.0034802784222738,1.0219435736677116,1.0105140186915889,0.7616822429906541,1.322085889570552
tpch_sf20_t1,tpch,20,1,Q13,10.605,10.52,10.594999999999999,10.58,10.42,10.38,10.4,10.34,1.0023629489603025,1.0080798479087454,1.02321083172147,1.0177543186180422,1.0153550863723608,0.994328922495274
tpch_sf20_t1,tpch,20,1,Q14,6.08,6.04,6.25,2.565,5.96,5.95,6.14,2.52,2.3703703703703702,1.0066225165562914,1.0178571428571428,1.0201342281879195,0.4303691275167785,2.354775828460039
tpch_sf20_t1,tpch,20,1,Q15,2.58,2.57,2.57,2.5549999999999997,2.56,2.54,2.54,2.53,1.0097847358121332,1.0038910505836576,1.0098814229249011,1.0078125,0.9980468749999999,1.00587084148728
tpch_sf20_t1,tpch,20,1,Q16,2.51,2.505,2.505,2.51,2.48,2.45,2.45,2.48,1.0,1.001996007984032,1.0120967741935483,1.0120967741935483,1.0120967741935483,0.99800796812749
tpch_sf20_t1,tpch,20,1,Q17,9.565000000000001,9.53,9.56,6.68,9.38,9.45,9.47,6.63,1.4318862275449105,1.003672612801679,1.0075414781297134,1.0197228144989339,0.7121535181236673,1.4266467065868262
tpch_sf20_t1,tpch,20,1,Q18,33.33,33.335,39.59,33.2,32.64,32.35,38.78,32.28,1.0039156626506023,0.9998500074996249,1.0285006195786865,1.0211397058823528,1.0171568627450982,1.004066265060241
tpch_sf20_t1,tpch,20,1,Q19,8.38,8.370000000000001,8.82,5.46,8.31,8.25,8.68,5.35,1.534798534798535,1.001194743130227,1.0205607476635514,1.0084235860409145,0.6570397111913358,1.532967032967033
tpch_sf20_t1,tpch,20,1,Q20,6.65,4.915,4.92,4.93,6.56,4.83,4.85,4.88,1.3488843813387426,1.3530010172939981,1.0102459016393441,1.0137195121951221,0.7515243902439025,0.9969574036511157
tpch_sf20_t1,tpch,20,1,Q21,25.48,18.115000000000002,22.69,17.295,20.32,17.82,22.43,16.97,1.473258167100318,1.4065691415953627,1.0191514437242193,1.2539370078740157,0.8511318897637796,1.0474125469788957
tpch_sf20_t1,tpch,20,1,Q22,2.89,2.89,3.3499999999999996,2.9,2.84,2.83,3.29,2.84,0.9965517241379311,1.0,1.0211267605633803,1.017605633802817,1.0211267605633803,0.9965517241379311
tpch_sf50_t1,tpch,50,1,Q01,16.08,16.07,16.1,16.134999999999998,16.0,15.97,15.95,16.02,0.9965912612333436,1.000622277535781,1.0071785268414482,1.005,1.0084374999999999,0.9959714905484972
tpch_sf50_t1,tpch,50,1,Q02,4.6850000000000005,3.44,3.365,3.69,3.67,2.63,2.63,2.89,1.269647696476965,1.3619186046511629,1.2768166089965398,1.2765667574931883,1.005449591280654,0.9322493224932249
tpch_sf50_t1,tpch,50,1,Q03,23.45,23.475,27.36,23.634999999999998,23.18,23.33,27.02,23.28,0.9921726253437699,0.9989350372736954,1.0152491408934707,1.0116479723899914,1.0196289905090594,0.993230378675693
tpch_sf50_t1,tpch,50,1,Q04,16.005000000000003,16.07,21.240000000000002,16.03,15.81,15.87,20.95,15.73,0.9984404242046164,0.9959551960174239,1.0190718372536556,1.0123339658444024,1.0139152435167615,1.0024953212726138
tpch_sf50_t1,tpch,50,1,Q05,42.68000000000001,37.075,40.135000000000005,27.674999999999997,35.97,29.07,30.17,24.96,1.5421860885275525,1.1511800404585302,1.1087740384615383,1.1865443425076454,0.7693911592994161,1.3396567299006326
tpch_sf50_t1,tpch,50,1,Q06,5.0,5.02,5.02,5.04,4.96,4.97,4.97,4.99,0.9920634920634921,0.9960159362549802,1.0100200400801602,1.0080645161290323,1.0161290322580645,0.9960317460317459
tpch_sf50_t1,tpch,50,1,Q07,39.42,11.55,11.665,10.975000000000001,25.98,11.28,11.33,10.25,3.591799544419134,3.412987012987013,1.0707317073170732,1.5173210161662818,0.42244033872209397,1.052391799544419
tpch_sf50_t1,tpch,50,1,Q08,36.49,13.225000000000001,13.375,11.67,22.75,12.96,13.09,11.41,3.126820908311911,2.7591682419659733,1.0227870289219982,1.603956043956044,0.5129670329670329,1.13324764353042
tpch_sf50_t1,tpch,50,1,Q09,76.49000000000001,28.735,31.285,27.65,60.07,26.6,29.28,27.3,2.7663652802893313,2.661910562032365,1.0128205128205128,1.2733477609455637,0.4602963209588813,1.039240506329114
tpch_sf50_t1,tpch,50,1,Q10,22.335,14.129999999999999,14.44,14.31,22.02,13.93,14.29,14.19,1.5607966457023061,1.58067940552017,1.0084566596194504,1.0143051771117166,0.6498637602179836,0.9874213836477986
tpch_sf50_t1,tpch,50,1,Q11,3.24,3.1500000000000004,3.1500000000000004,2.135,2.6,2.59,2.65,2.09,1.5175644028103048,1.0285714285714285,1.0215311004784688,1.2461538461538462,0.821153846153846,1.475409836065574
tpch_sf50_t1,tpch,50,1,Q12,11.25,11.16,13.54,7.995,11.1,11.09,13.4,7.95,1.4071294559099436,1.0080645161290323,1.0056603773584905,1.0135135135135136,0.7202702702702704,1.3958724202626642
tpch_sf50_t1,tpch,50,1,Q13,27.405,27.27,30.095,27.305,26.94,26.81,29.77,26.89,1.0036623329060612,1.004950495049505,1.0154332465600595,1.0172605790645879,1.0135486265775797,0.9987181834828786
tpch_sf50_t1,tpch,50,1,Q14,15.2,15.055,15.725000000000001,6.36,15.0,14.8,15.52,6.25,2.389937106918239,1.0096313517103952,1.0176,1.0133333333333332,0.42400000000000004,2.367138364779874
tpch_sf50_t1,tpch,50,1,Q15,6.48,6.485,6.52,6.48,6.41,6.43,6.48,6.42,1.0,0.9992289899768697,1.0093457943925235,1.0109204368174727,1.0109204368174727,1.0007716049382716
tpch_sf50_t1,tpch,50,1,Q16,6.455,6.44,6.43,6.4350000000000005,6.38,6.34,6.34,6.35,1.003108003108003,1.0023291925465838,1.0133858267716538,1.011755485893417,1.0086206896551726,1.0007770007770007
tpch_sf50_t1,tpch,50,1,Q17,25.3,25.15,25.19,17.3,24.83,24.77,25.0,17.01,1.4624277456647399,1.0059642147117298,1.0170487948265725,1.0189287152637938,0.6967378171566654,1.4537572254335258
tpch_sf50_t1,tpch,50,1,Q18,85.485,84.985,105.56,85.54,83.5,83.23,104.2,83.48,0.9993570259527705,1.00588339118668,1.024676569238141,1.0237724550898204,1.024431137724551,0.9935118073415945
tpch_sf50_t1,tpch,50,1,Q19,20.765,20.69,22.045,13.61,20.54,20.47,21.49,13.45,1.5257163850110214,1.0036249395843402,1.011895910780669,1.01095423563778,0.6626095423563778,1.5202057310800883
tpch_sf50_t1,tpch,50,1,Q20,16.905,11.985,11.934999999999999,11.945,16.55,11.83,11.76,11.83,1.4152365006278778,1.4105131414267837,1.0097210481825867,1.021450151057402,0.7217522658610271,1.0033486814566763
tpch_sf50_t1,tpch,50,1,Q21,66.625,48.315,63.025,46.045,56.81,47.47,61.56,45.44,1.4469540666739058,1.3789713339542586,1.0133142605633805,1.1727688787185355,0.8105087132547086,1.0492995982191333
tpch_sf50_t1,tpch,50,1,Q22,8.38,8.325,11.205,8.35,8.15,8.16,11.07,8.1,1.0035928143712576,1.0066066066066068,1.0308641975308641,1.0282208588957056,1.0245398773006134,0.997005988023952
tpch_sf100_t1,tpch,100,1,Q01,31.265,31.2,31.265,31.235,30.97,31.03,30.94,31.1,1.0009604610212903,1.0020833333333334,1.0043408360128616,1.0095253471101067,1.0085566677429771,0.9988794621418281
tpch_sf100_t1,tpch,100,1,Q02,9.59,6.8100000000000005,6.74,7.375,7.47,5.27,5.18,5.83,1.3003389830508474,1.4082232011747429,1.265008576329331,1.28380187416332,0.9872824631860777,0.9233898305084747
tpch_sf100_t1,tpch,100,1,Q03,46.400000000000006,46.9,55.83,46.795,45.47,46.08,54.76,46.18,0.9915589272358158,0.9893390191897656,1.013317453443049,1.0204530459643724,1.0291400923685947,1.0022438294689604
tpch_sf100_t1,tpch,100,1,Q04,32.795,32.67,44.480000000000004,32.57,32.16,32.02,43.65,32.17,1.0069081977279706,1.0038261401897766,1.012433944668946,1.0197450248756221,1.0127487562189057,1.0030703101013203
tpch_sf100_t1,tpch,100,1,Q05,86.57,75.425,81.91499999999999,59.43,73.92,59.57,61.24,51.15,1.4566717146222445,1.1477626781571098,1.1618768328445748,1.1711309523809523,0.8039772727272727,1.2691401648998821
tpch_sf100_t1,tpch,100,1,Q06,9.094999999999999,9.105,9.105,9.1,9.01,9.04,9.03,9.0,0.9994505494505493,0.9989017023613398,1.011111111111111,1.0094339622641508,1.0099889012208656,1.0005494505494505
tpch_sf100_t1,tpch,100,1,Q07,80.03999999999999,22.92,23.034999999999997,21.355,52.79,22.12,22.33,20.16,3.748068368063685,3.492146596858638,1.0592757936507937,1.5161962492896381,0.40452737260844857,1.073284944977757
tpch_sf100_t1,tpch,100,1,Q08,72.745,26.98,27.305,23.375,46.13,25.7,26.1,22.98,3.1120855614973264,2.696256486286138,1.0171888598781549,1.5769564274875352,0.5067201387383481,1.1542245989304813
tpch_sf100_t1,tpch,100,1,Q09,158.375,57.905,64.39500000000001,57.595,122.04,56.46,63.15,55.71,2.749804670544318,2.735083326137639,1.0338359360976486,1.29773025237627,0.4719354310062274,1.0053824116676795
tpch_sf100_t1,tpch,100,1,Q10,44.24,28.07,28.604999999999997,28.485,43.31,27.81,28.28,28.17,1.5530981218185012,1.5760598503740648,1.011182108626198,1.021473100900485,0.6577003001616254,0.9854309285588907
tpch_sf100_t1,tpch,100,1,Q11,6.425,6.295,6.265,4.255,5.17,5.17,5.17,4.14,1.5099882491186838,1.0206513105639397,1.027777777777778,1.2427466150870405,0.8230174081237911,1.4794359576968272
tpch_sf100_t1,tpch,100,1,Q12,22.78,22.835,29.1,15.735,22.38,22.51,28.42,15.58,1.4477279949157928,0.9975914166849135,1.0099486521181,1.0178731009830206,0.703083109919571,1.4512233873530347
tpch_sf100_t1,tpch,100,1,Q13,55.735,55.235,63.67,55.475,54.92,54.21,62.38,54.46,1.0046867958539882,1.0090522313750339,1.018637532133676,1.0148397669337217,1.0101056081573196,0.9956737269040108
tpch_sf100_t1,tpch,100,1,Q14,30.465,30.439999999999998,31.75,12.72,30.12,30.12,31.22,12.5,2.3950471698113205,1.000821287779238,1.0176,1.0114541832669321,0.42231075697211157,2.393081761006289
tpch_sf100_t1,tpch,100,1,Q15,12.36,12.335,12.425,12.274999999999999,12.2,12.27,12.24,12.13,1.0069246435845214,1.0020267531414673,1.0119538334707336,1.0131147540983607,1.0061475409836065,1.004887983706721
tpch_sf100_t1,tpch,100,1,Q16,13.15,13.175,13.06,13.129999999999999,12.99,12.87,12.83,12.87,1.0015232292460017,0.9981024667931688,1.02020202020202,1.012317167051578,1.0107775211701309,1.0034272658035035
tpch_sf100_t1,tpch,100,1,Q17,52.305,52.55500000000001,52.489999999999995,35.72,51.83,51.35,51.79,35.15,1.4643057110862263,0.9952430786794785,1.0162162162162163,1.0091645765000965,0.6891761528072545,1.4713045912653977
tpch_sf100_t1,tpch,100,1,Q18,177.495,177.04500000000002,222.29500000000002,177.095,175.91,175.61,216.47,174.42,1.0022586747226065,1.0025417266796577,1.015336543974315,1.00901028935251,1.0067363992950942,0.9997176656596742
tpch_sf100_t1,tpch,100,1,Q19,41.825,41.635000000000005,44.295,27.71,41.34,40.97,43.63,27.37,1.5093828942619993,1.0045634682358593,1.0124223602484472,1.0117319787131107,0.6702951136913401,1.5025261638397691
tpch_sf100_t1,tpch,100,1,Q20,33.665,23.21,23.055,23.1,33.27,22.84,22.73,22.75,1.4573593073593072,1.450452391210685,1.0153846153846156,1.0118725578599337,0.6943192064923354,1.0047619047619047
tpch_sf100_t1,tpch,100,1,Q21,138.54,100.7,133.31,96.66499999999999,119.27,99.22,131.7,94.29,1.4331971240883463,1.3757696127110228,1.0251882490189839,1.1615661943489561,0.8104720382325815,1.041742099001707
tpch_sf100_t1,tpch,100,1,Q22,18.285,18.21,27.22,18.11,17.91,17.94,26.72,17.86,1.0096631695196026,1.0041186161449753,1.0139977603583428,1.0209380234505863,1.0111669458403125,1.0055218111540587
tpcds_sf10_t1,tpcds,10,1,Q01,0.92,0.92,1.13,0.92,0.92,0.92,1.13,0.92,1.0,1.0,1.0,1.0,1.0,1.0
tpcds_sf10_t1,tpcds,10,1,Q02,1.84,1.84,1.84,1.85,1.84,1.84,1.84,1.84,0.9945945945945945,1.0,1.0054347826086956,1.0,1.0054347826086956,0.9945945945945945
tpcds_sf10_t1,tpcds,10,1,Q03,1.1800000000000002,0.82,0.82,0.82,1.03,0.72,0.72,0.72,1.4390243902439028,1.4390243902439028,1.1388888888888888,1.1456310679611652,0.7961165048543689,1.0
tpcds_sf10_t1,tpcds,10,1,Q04,12.64,12.030000000000001,11.98,12.19,12.19,11.68,11.57,11.78,1.0369155045118952,1.0507065669160431,1.034804753820034,1.0369155045118952,1.0,0.9868744872846597
tpcds_sf10_t1,tpcds,10,1,Q05,2.15,1.64,1.85,1.64,2.05,1.54,1.75,1.54,1.3109756097560976,1.3109756097560976,1.0649350649350648,1.048780487804878,0.8,1.0
tpcds_sf10_t1,tpcds,10,1,Q06,3.38,3.38,3.38,3.38,3.27,3.28,3.28,3.28,1.0,1.0,1.0304878048780488,1.0336391437308867,1.0336391437308867,1.0
tpcds_sf10_t1,tpcds,10,1,Q07,2.46,1.33,1.34,1.34,1.74,1.23,1.23,1.23,1.835820895522388,1.8496240601503757,1.0894308943089432,1.4137931034482758,0.7701149425287357,0.9925373134328358
tpcds_sf10_t1,tpcds,10,1,Q08,2.46,1.84,1.84,1.84,2.46,1.84,1.84,1.84,1.3369565217391304,1.3369565217391304,1.0,1.0,0.7479674796747968,1.0
tpcds_sf10_t1,tpcds,10,1,Q09,3.17,3.17,3.18,3.18,3.17,3.17,3.17,3.17,0.9968553459119496,1.0,1.003154574132492,1.0,1.003154574132492,0.9968553459119496
tpcds_sf10_t1,tpcds,10,1,Q10,1.435,1.385,1.44,0.82,1.33,1.33,1.33,0.72,1.7500000000000002,1.036101083032491,1.1388888888888888,1.0789473684210527,0.6165413533834586,1.6890243902439026
tpcds_sf10_t1,tpcds,10,1,Q11,8.8,8.09,8.04,8.14,8.5,7.88,7.78,7.89,1.0810810810810811,1.0877626699629173,1.0316856780735109,1.035294117647059,0.9576470588235295,0.9938574938574938
tpcds_sf10_t1,tpcds,10,1,Q12,0.31,0.31,0.31,0.31,0.31,0.31,0.31,0.31,1.0,1.0,1.0,1.0,1.0,1.0
tpcds_sf10_t1,tpcds,10,1,Q13,2.665,2.77,2.8200000000000003,2.62,2.15,2.36,2.36,2.46,1.0171755725190839,0.9620938628158845,1.0650406504065042,1.2395348837209303,1.2186046511627908,1.0572519083969465
tpcds_sf10_t1,tpcds,10,1,Q14,21.48,21.48,21.38,21.79,20.65,20.77,20.98,20.88,0.9857732905002295,1.0,1.0435823754789273,1.0401937046004843,1.0552058111380145,0.9857732905002295
tpcds_sf10_t1,tpcds,10,1,Q15,0.21,0.21,0.21,0.21,0.21,0.21,0.21,0.21,1.0,1.0,1.0,1.0,1.0,1.0
tpcds_sf10_t1,tpcds,10,1,Q16,0.21,0.21,0.21,0.21,0.21,0.21,0.21,0.21,1.0,1.0,1.0,1.0,1.0,1.0
tpcds_sf10_t1,tpcds,10,1,Q17,2.77,1.23,1.23,1.23,1.85,1.13,1.13,1.23,2.252032520325203,2.252032520325203,1.0,1.4972972972972973,0.6648648648648648,1.0
tpcds_sf10_t1,tpcds,10,1,Q18,0.9750000000000001,0.52,0.52,0.52,0.72,0.51,0.51,0.52,1.875,1.875,1.0,1.3541666666666667,0.7222222222222223,1.0
tpcds_sf10_t1,tpcds,10,1,Q19,1.49,0.92,0.82,0.82,1.23,0.82,0.82,0.82,1.8170731707317074,1.6195652173913042,1.0,1.2113821138211383,0.6666666666666666,1.1219512195121952
tpcds_sf10_t1,tpcds,10,1,Q20,0.21,0.21,0.21,0.21,0.21,0.21,0.21,0.21,1.0,1.0,1.0,1.0,1.0,1.0
tpcds_sf10_t1,tpcds,10,1,Q21,0.41,0.31,0.31,0.31,0.41,0.21,0.31,0.31,1.3225806451612903,1.3225806451612903,1.0,1.0,0.7560975609756098,1.0
tpcds_sf10_t1,tpcds,10,1,Q22,11.89,12.09,12.0,12.0,11.78,11.68,11.79,11.89,0.9908333333333333,0.9834574028122416,1.0092514718250631,1.0093378607809849,1.0186757215619695,1.0075
tpcds_sf10_t1,tpcds,10,1,Q23,11.825,12.08,11.93,12.09,11.47,11.78,11.47,11.68,0.97808105872622,0.9788907284768211,1.0351027397260275,1.0309503051438533,1.054054054054054,0.9991728701406121
tpcds_sf10_t1,tpcds,10,1,Q24,6.355,2.1550000000000002,2.1550000000000002,1.95,2.56,1.23,1.23,1.23,3.2589743589743594,2.948955916473318,1.5853658536585367,2.482421875,0.76171875,1.1051282051282052
tpcds_sf10_t1,tpcds,10,1,Q25,2.0,1.13,1.23,1.13,1.64,1.03,1.03,1.03,1.7699115044247788,1.7699115044247788,1.0970873786407767,1.2195121951219512,0.6890243902439024,1.0
tpcds_sf10_t1,tpcds,10,1,Q26,0.51,0.31,0.31,0.31,0.41,0.31,0.31,0.31,1.6451612903225807,1.6451612903225807,1.0,1.2439024390243902,0.7560975609756098,1.0
tpcds_sf10_t1,tpcds,10,1,Q27,5.48,2.67,2.67,2.67,3.89,2.56,2.56,2.56,2.052434456928839,2.052434456928839,1.04296875,1.4087403598971724,0.6863753213367609,1.0
tpcds_sf10_t1,tpcds,10,1,Q28,3.38,3.38,3.38,3.38,3.38,3.38,3.38,3.38,1.0,1.0,1.0,1.0,1.0,1.0
tpcds_sf10_t1,tpcds,10,1,Q29,2.6100000000000003,1.5899999999999999,1.64,1.69,2.15,1.44,1.44,1.44,1.5443786982248524,1.6415094339622645,1.1736111111111112,1.2139534883720933,0.786046511627907,0.9408284023668638
tpcds_sf10_t1,tpcds,10,1,Q30,0.31,0.31,0.31,0.31,0.31,0.31,0.31,0.31,1.0,1.0,1.0,1.0,1.0,1.0
tpcds_sf10_t1,tpcds,10,1,Q31,2.05,1.54,1.54,1.44,2.05,1.44,1.44,1.44,1.423611111111111,1.331168831168831,1.0,1.0,0.702439024390244,1.0694444444444444
tpcds_sf10_t1,tpcds,10,1,Q32,0.11,0.11,0.11,0.11,0.11,0.11,0.11,0.11,1.0,1.0,1.0,1.0,1.0,1.0
tpcds_sf10_t1,tpcds,10,1,Q33,1.33,0.93,0.93,0.93,1.23,0.92,0.93,0.93,1.4301075268817205,1.4301075268817205,1.0,1.08130081300813,0.7560975609756098,1.0
tpcds_sf10_t1,tpcds,10,1,Q34,1.79,1.03,1.03,1.03,1.74,1.03,1.03,1.03,1.7378640776699028,1.7378640776699028,1.0,1.028735632183908,0.5919540229885057,1.0
tpcds_sf10_t1,tpcds,10,1,Q35,2.05,2.05,2.26,1.8,2.05,2.05,2.26,1.74,1.1388888888888888,1.0,1.0344827586206897,1.0,0.878048780487805,1.1388888888888888
tpcds_sf10_t1,tpcds,10,1,Q36,2.15,1.33,1.34,1.44,1.95,1.23,1.23,1.44,1.4930555555555556,1.6165413533834585,1.0,1.1025641025641026,0.7384615384615385,0.9236111111111112
tpcds_sf10_t1,tpcds,10,1,Q37,17.145000000000003,0.52,0.515,0.41,0.51,0.51,0.51,0.41,41.81707317073172,32.971153846153854,1.0,33.617647058823536,0.8039215686274509,1.2682926829268293
tpcds_sf10_t1,tpcds,10,1,Q38,2.87,2.97,2.97,2.56,2.77,2.87,2.87,2.56,1.12109375,0.9663299663299663,1.0,1.036101083032491,0.924187725631769,1.16015625
tpcds_sf10_t1,tpcds,10,1,Q39,0.93,0.93,0.93,0.98,0.92,0.92,0.93,0.93,0.9489795918367347,1.0,1.053763440860215,1.0108695652173914,1.0652173913043477,0.9489795918367347
tpcds_sf10_t1,tpcds,10,1,Q40,0.31,0.21,0.21,0.11,0.31,0.21,0.21,0.11,2.8181818181818183,1.4761904761904763,1.0,1.0,0.3548387096774194,1.909090909090909
tpcds_sf10_t1,tpcds,10,1,Q41,0.11,0.11,0.11,0.11,0.1,0.11,0.11,0.11,1.0,1.0,1.0,1.0999999999999999,1.0999999999999999,1.0
tpcds_sf10_t1,tpcds,10,1,Q42,0.98,0.62,0.62,0.62,0.92,0.62,0.52,0.52,1.5806451612903225,1.5806451612903225,1.1923076923076923,1.0652173913043477,0.6739130434782609,1.0
tpcds_sf10_t1,tpcds,10,1,Q43,1.64,1.03,0.98,1.03,1.64,0.92,0.92,1.03,1.5922330097087378,1.5922330097087378,1.0,1.0,0.6280487804878049,1.0
tpcds_sf10_t1,tpcds,10,1,Q44,94.57,94.145,93.49,86.61,92.83,92.0,91.67,84.83,1.0919062463918716,1.0045143130277763,1.0209831427561005,1.0187439405364644,0.9329957987719487,1.0869991917792403
tpcds_sf10_t1,tpcds,10,1,Q45,0.52,0.41,0.41,0.41,0.51,0.41,0.41,0.31,1.2682926829268293,1.2682926829268293,1.3225806451612903,1.0196078431372548,0.8039215686274509,1.0
tpcds_sf10_t1,tpcds,10,1,Q46,2.615,1.64,1.64,1.5899999999999999,2.36,1.64,1.54,1.54,1.6446540880503147,1.5945121951219514,1.0324675324675323,1.1080508474576272,0.673728813559322,1.0314465408805031
tpcds_sf10_t1,tpcds,10,1,Q47,4.05,4.15,4.1,4.1,3.9,4.0,4.0,4.0,0.9878048780487805,0.9759036144578312,1.025,1.0384615384615385,1.0512820512820513,1.0121951219512197
tpcds_sf10_t1,tpcds,10,1,Q48,2.36,2.46,2.56,2.41,1.95,2.05,2.05,2.26,0.9792531120331949,0.959349593495935,1.0663716814159294,1.2102564102564102,1.235897435897436,1.020746887966805
tpcds_sf10_t1,tpcds,10,1,Q49,1.33,1.13,1.13,1.13,1.23,1.13,1.13,1.13,1.1769911504424782,1.1769911504424782,1.0,1.08130081300813,0.9186991869918698,1.0
tpcds_sf10_t1,tpcds,10,1,Q50,5.380000000000001,1.49,1.44,1.33,3.49,1.33,1.33,1.23,4.045112781954888,3.6107382550335574,1.08130081300813,1.5415472779369628,0.38108882521489973,1.1203007518796992
tpcds_sf10_t1,tpcds,10,1,Q51,9.63,9.73,9.63,9.32,9.52,9.62,9.43,9.22,1.0332618025751072,0.9897225077081192,1.0108459869848156,1.0115546218487397,0.9789915966386555,1.043991416309013
tpcds_sf10_t1,tpcds,10,1,Q52,1.03,0.62,0.62,0.62,0.92,0.52,0.62,0.52,1.6612903225806452,1.6612903225806452,1.1923076923076923,1.1195652173913044,0.6739130434782609,1.0
tpcds_sf10_t1,tpcds,10,1,Q53,1.44,0.82,0.82,0.82,1.03,0.72,0.72,0.72,1.7560975609756098,1.7560975609756098,1.1388888888888888,1.3980582524271843,0.7961165048543689,1.0
tpcds_sf10_t1,tpcds,10,1,Q54,300.0,300.0,300.0,300.0,300.0,300.0,300.0,300.0,1.0,1.0,1.0,1.0,1.0,1.0
tpcds_sf10_t1,tpcds,10,1,Q55,0.98,0.62,0.62,0.62,0.92,0.62,0.62,0.52,1.5806451612903225,1.5806451612903225,1.1923076923076923,1.0652173913043477,0.6739130434782609,1.0
tpcds_sf10_t1,tpcds,10,1,Q56,1.33,0.93,0.93,0.93,1.23,0.92,0.92,0.82,1.4301075268817205,1.4301075268817205,1.1341463414634148,1.08130081300813,0.7560975609756098,1.0
tpcds_sf10_t1,tpcds,10,1,Q57,1.64,1.64,1.64,1.64,1.54,1.64,1.64,1.64,1.0,1.0,1.0,1.0649350649350648,1.0649350649350648,1.0
tpcds_sf10_t1,tpcds,10,1,Q58,3.48,3.48,3.48,3.48,3.38,3.38,3.48,3.38,1.0,1.0,1.029585798816568,1.029585798816568,1.029585798816568,1.0
tpcds_sf10_t1,tpcds,10,1,Q59,3.38,3.38,3.38,3.38,3.28,3.28,3.28,3.28,1.0,1.0,1.0304878048780488,1.0304878048780488,1.0304878048780488,1.0
tpcds_sf10_t1,tpcds,10,1,Q60,1.5899999999999999,1.13,1.13,1.13,1.44,1.03,1.03,1.13,1.407079646017699,1.407079646017699,1.0,1.1041666666666665,0.7847222222222222,1.0
tpcds_sf10_t1,tpcds,10,1,Q61,2.26,1.44,1.44,1.34,2.05,1.33,1.34,1.33,1.6865671641791042,1.5694444444444444,1.0075187969924813,1.102439024390244,0.653658536585366,1.0746268656716418
tpcds_sf10_t1,tpcds,10,1,Q62,0.82,0.82,0.82,0.82,0.82,0.82,0.82,0.82,1.0,1.0,1.0,1.0,1.0,1.0
tpcds_sf10_t1,tpcds,10,1,Q63,1.44,0.82,0.82,0.82,1.03,0.72,0.72,0.72,1.7560975609756098,1.7560975609756098,1.1388888888888888,1.3980582524271843,0.7961165048543689,1.0
tpcds_sf10_t1,tpcds,10,1,Q64,10.545,3.49,4.05,2.41,3.59,2.87,2.77,2.26,4.37551867219917,3.0214899713467047,1.0663716814159294,2.937325905292479,0.6713091922005572,1.4481327800829875
tpcds_sf10_t1,tpcds,10,1,Q65,5.18,5.13,5.13,4.77,5.02,4.92,5.02,4.61,1.0859538784067087,1.0097465886939572,1.0347071583514098,1.0318725099601593,0.950199203187251,1.0754716981132075
tpcds_sf10_t1,tpcds,10,1,Q66,0.92,0.52,0.52,0.52,0.72,0.51,0.52,0.52,1.7692307692307692,1.7692307692307692,1.0,1.277777777777778,0.7222222222222223,1.0
tpcds_sf10_t1,tpcds,10,1,Q67,18.9,18.915,18.66,19.27,18.24,18.35,18.25,18.56,0.9807991696938245,0.9992069785884219,1.0382543103448276,1.0361842105263157,1.056469298245614,0.9815775817332641
tpcds_sf10_t1,tpcds,10,1,Q68,2.46,1.54,1.54,1.49,1.95,1.54,1.44,1.44,1.651006711409396,1.5974025974025974,1.0347222222222223,1.2615384615384615,0.7641025641025642,1.0335570469798658
tpcds_sf10_t1,tpcds,10,1,Q69,1.33,1.33,1.33,0.72,1.23,1.23,1.23,0.72,1.8472222222222223,1.0,1.0,1.08130081300813,0.5853658536585366,1.8472222222222223
tpcds_sf10_t1,tpcds,10,1,Q70,3.58,3.28,3.28,2.87,3.48,3.27,3.28,2.77,1.2473867595818815,1.0914634146341464,1.036101083032491,1.028735632183908,0.824712643678161,1.1428571428571428
tpcds_sf10_t1,tpcds,10,1,Q71,1.44,1.33,1.34,0.82,1.44,1.23,1.33,0.82,1.7560975609756098,1.0827067669172932,1.0,1.0,0.5694444444444444,1.6219512195121952
tpcds_sf10_t1,tpcds,10,1,Q72,234.715,3.89,3.84,3.84,12.07,2.87,2.87,2.87,61.12369791666667,60.33804627249357,1.337979094076655,19.446147473073736,0.3181441590720795,1.0130208333333335
tpcds_sf10_t1,tpcds,10,1,Q73,1.64,0.92,0.93,0.93,1.33,0.92,0.92,0.92,1.7634408602150535,1.7826086956521738,1.0108695652173914,1.2330827067669172,0.6992481203007519,0.989247311827957
tpcds_sf10_t1,tpcds,10,1,Q74,5.74,5.22,5.23,5.275,5.63,5.12,5.12,5.02,1.0881516587677724,1.099616858237548,1.0507968127490042,1.019538188277087,0.9369449378330373,0.9895734597156397
tpcds_sf10_t1,tpcds,10,1,Q75,4.31,3.18,3.18,3.18,4.2,3.08,3.08,3.08,1.3553459119496853,1.3553459119496853,1.0324675324675325,1.026190476190476,0.7571428571428571,1.0
tpcds_sf10_t1,tpcds,10,1,Q76,1.8,1.85,1.75,1.34,1.74,1.74,1.74,1.33,1.3432835820895521,0.9729729729729729,1.0075187969924813,1.0344827586206897,0.7701149425287357,1.380597014925373
tpcds_sf10_t1,tpcds,10,1,Q77,1.64,1.03,1.03,1.03,1.54,1.03,1.03,1.03,1.5922330097087378,1.5922330097087378,1.0,1.0649350649350648,0.6688311688311689,1.0
tpcds_sf10_t1,tpcds,10,1,Q78,7.79,7.79,8.2,6.36,7.68,7.69,8.0,5.95,1.2248427672955975,1.0,1.06890756302521,1.0143229166666667,0.8281250000000001,1.2248427672955975
tpcds_sf10_t1,tpcds,10,1,Q79,2.56,1.64,1.64,1.74,2.36,1.54,1.54,1.64,1.471264367816092,1.5609756097560976,1.0609756097560976,1.0847457627118644,0.7372881355932204,0.9425287356321839
tpcds_sf10_t1,tpcds,10,1,Q80,3.18,1.75,1.75,1.44,3.08,1.64,1.75,1.34,2.2083333333333335,1.8171428571428572,1.0746268656716418,1.0324675324675325,0.4675324675324675,1.215277777777778
tpcds_sf10_t1,tpcds,10,1,Q81,0.41,0.41,0.41,0.41,0.41,0.41,0.41,0.41,1.0,1.0,1.0,1.0,1.0,1.0
tpcds_sf10_t1,tpcds,10,1,Q82,20.22,0.82,0.82,0.52,0.82,0.82,0.82,0.51,38.88461538461538,24.658536585365855,1.0196078431372548,24.658536585365855,0.6341463414634146,1.5769230769230769
tpcds_sf10_t1,tpcds,10,1,Q83,0.51,0.21,0.21,0.21,0.51,0.21,0.21,0.21,2.428571428571429,2.428571428571429,1.0,1.0,0.4117647058823529,1.0
tpcds_sf10_t1,tpcds,10,1,Q84,0.51,0.31,0.31,0.21,0.31,0.31,0.31,0.21,2.428571428571429,1.6451612903225807,1.0,1.6451612903225807,0.6774193548387096,1.4761904761904763
tpcds_sf10_t1,tpcds,10,1,Q85,1.03,1.03,1.03,1.03,0.92,0.92,0.92,0.92,1.0,1.0,1.1195652173913044,1.1195652173913044,1.1195652173913044,1.0
tpcds_sf10_t1,tpcds,10,1,Q86,0.51,0.62,0.62,0.62,0.51,0.62,0.62,0.62,0.8225806451612904,0.8225806451612904,1.0,1.0,1.2156862745098038,1.0
tpcds_sf10_t1,tpcds,10,1,Q87,3.07,3.08,3.07,2.77,2.97,3.07,3.07,2.77,1.108303249097473,0.9967532467532467,1.0,1.0336700336700335,0.9326599326599326,1.111913357400722
tpcds_sf10_t1,tpcds,10,1,Q88,5.47,2.71,2.77,2.66,5.01,2.66,2.66,2.56,2.0563909774436087,2.018450184501845,1.0390625,1.091816367265469,0.530938123752495,1.018796992481203
tpcds_sf10_t1,tpcds,10,1,Q89,1.54,0.93,0.93,0.93,1.23,0.92,0.92,0.92,1.6559139784946235,1.6559139784946235,1.0108695652173914,1.2520325203252034,0.7560975609756098,1.0
tpcds_sf10_t1,tpcds,10,1,Q90,0.51,0.31,0.31,0.31,0.41,0.31,0.31,0.31,1.6451612903225807,1.6451612903225807,1.0,1.2439024390243902,0.7560975609756098,1.0
tpcds_sf10_t1,tpcds,10,1,Q91,0.21,0.21,0.21,0.21,0.21,0.21,0.21,0.21,1.0,1.0,1.0,1.0,1.0,1.0
tpcds_sf10_t1,tpcds,10,1,Q92,0.51,0.41,0.41,0.31,0.41,0.41,0.41,0.31,1.6451612903225807,1.2439024390243902,1.0,1.2439024390243902,0.7560975609756098,1.3225806451612903
tpcds_sf10_t1,tpcds,10,1,Q93,3.59,2.66,2.66,2.665,3.49,2.66,2.66,2.66,1.3470919324577861,1.3496240601503757,1.0018796992481203,1.0286532951289398,0.7636103151862463,0.9981238273921201
tpcds_sf10_t1,tpcds,10,1,Q94,0.52,0.51,0.52,0.52,0.51,0.51,0.51,0.51,1.0,1.0196078431372548,1.0196078431372548,1.0196078431372548,1.0196078431372548,0.9807692307692307
tpcds_sf10_t1,tpcds,10,1,Q95,12.47,12.47,13.86,1.03,12.36,12.17,13.7,1.03,12.106796116504855,1.0,1.0,1.0088996763754046,0.08333333333333334,12.106796116504855
tpcds_sf10_t1,tpcds,10,1,Q96,0.82,0.52,0.52,0.52,0.82,0.51,0.52,0.52,1.5769230769230769,1.5769230769230769,1.0,1.0,0.6341463414634146,1.0
tpcds_sf10_t1,tpcds,10,1,Q97,2.87,2.87,2.87,2.97,2.77,2.87,2.87,2.97,0.9663299663299663,1.0,1.0,1.036101083032491,1.072202166064982,0.9663299663299663
tpcds_sf10_t1,tpcds,10,1,Q98,1.03,0.72,0.72,0.62,0.92,0.72,0.72,0.62,1.6612903225806452,1.4305555555555556,1.0,1.1195652173913044,0.6739130434782609,1.161290322580645
tpcds_sf10_t1,tpcds,10,1,Q99,0.82,0.82,0.82,1.03,0.82,0.82,0.82,1.03,0.7961165048543689,1.0,1.0,1.0,1.2560975609756098,0.7961165048543689
tpcds_sf20_t1,tpcds,20,1,Q01,1.44,1.54,1.95,1.54,1.43,1.44,1.95,1.44,0.935064935064935,0.935064935064935,1.0694444444444444,1.006993006993007,1.076923076923077,1.0
tpcds_sf20_t1,tpcds,20,1,Q02,3.58,3.58,3.58,3.59,3.58,3.48,3.58,3.48,0.9972144846796658,1.0,1.0316091954022988,1.0,1.0027932960893855,0.9972144846796658
tpcds_sf20_t1,tpcds,20,1,Q03,2.255,1.49,1.49,1.49,1.85,1.44,1.44,1.44,1.5134228187919463,1.5134228187919463,1.0347222222222223,1.218918918918919,0.8054054054054054,1.0
tpcds_sf20_t1,tpcds,20,1,Q04,22.92,21.605,21.71,21.869999999999997,22.51,21.29,21.29,21.08,1.0480109739369001,1.0608655403841705,1.0374762808349145,1.0182141270546423,0.9715681919147044,0.9878829446730683
tpcds_sf20_t1,tpcds,20,1,Q05,4.1,3.18,3.69,3.18,4.0,3.08,3.69,3.08,1.2893081761006286,1.2893081761006286,1.0324675324675325,1.025,0.795,1.0
tpcds_sf20_t1,tpcds,20,1,Q06,6.34,6.34,6.29,6.34,6.24,6.14,6.14,6.14,1.0,1.0,1.0325732899022801,1.016025641025641,1.016025641025641,1.0
tpcds_sf20_t1,tpcds,20,1,Q07,4.66,2.46,2.46,2.46,3.28,2.26,2.26,2.36,1.8943089430894309,1.8943089430894309,1.0423728813559323,1.4207317073170733,0.75,1.0
tpcds_sf20_t1,tpcds,20,1,Q08,3.07,1.95,1.95,1.95,2.97,1.85,1.85,1.95,1.5743589743589743,1.5743589743589743,1.0,1.0336700336700335,0.6565656565656565,1.0
tpcds_sf20_t1,tpcds,20,1,Q09,6.24,6.24,6.24,6.25,6.24,6.24,6.24,6.24,0.9984000000000001,1.0,1.001602564102564,1.0,1.001602564102564,0.9984000000000001
tpcds_sf20_t1,tpcds,20,1,Q10,2.46,2.46,2.46,1.33,2.36,2.36,2.36,1.13,1.8496240601503757,1.0,1.1769911504424782,1.0423728813559323,0.5635593220338984,1.8496240601503757
tpcds_sf20_t1,tpcds,20,1,Q11,15.76,14.54,14.545,14.75,15.45,14.33,14.33,14.13,1.0684745762711865,1.0839064649243466,1.0438782731776362,1.020064724919094,0.9546925566343043,0.9857627118644067
tpcds_sf20_t1,tpcds,20,1,Q12,0.52,0.41,0.41,0.41,0.51,0.41,0.41,0.41,1.2682926829268293,1.2682926829268293,1.0,1.0196078431372548,0.8039215686274509,1.0
tpcds_sf20_t1,tpcds,20,1,Q13,4.97,5.225,5.23,5.02,4.1,4.41,4.41,4.71,0.9900398406374502,0.9511961722488038,1.0658174097664543,1.2121951219512195,1.224390243902439,1.0408366533864541
tpcds_sf20_t1,tpcds,20,1,Q14,39.87,39.84,39.785,40.445,38.65,38.56,38.27,39.07,0.9857831623191988,1.0007530120481927,1.0351932428973638,1.0315653298835705,1.0464424320827943,0.9850414142662877
tpcds_sf20_t1,tpcds,20,1,Q15,0.31,0.31,0.31,0.31,0.31,0.31,0.31,0.31,1.0,1.0,1.0,1.0,1.0,1.0
tpcds_sf20_t1,tpcds,20,1,Q16,0.41,0.41,0.31,0.41,0.41,0.31,0.31,0.31,1.0,1.0,1.3225806451612903,1.0,1.0,1.0
tpcds_sf20_t1,tpcds,20,1,Q17,5.125,2.26,2.26,2.36,2.97,2.05,2.16,2.26,2.1716101694915255,2.267699115044248,1.0442477876106195,1.7255892255892256,0.7946127946127945,0.9576271186440678
tpcds_sf20_t1,tpcds,20,1,Q18,1.33,0.82,0.82,0.72,1.13,0.72,0.72,0.62,1.8472222222222223,1.6219512195121952,1.161290322580645,1.1769911504424782,0.6371681415929203,1.1388888888888888
tpcds_sf20_t1,tpcds,20,1,Q19,2.7199999999999998,1.54,1.54,1.54,2.26,1.54,1.44,1.44,1.766233766233766,1.766233766233766,1.0694444444444444,1.2035398230088497,0.6814159292035399,1.0
tpcds_sf20_t1,tpcds,20,1,Q20,0.21,0.21,0.21,0.21,0.21,0.21,0.21,0.21,1.0,1.0,1.0,1.0,1.0,1.0
tpcds_sf20_t1,tpcds,20,1,Q21,0.11,0.11,0.11,0.11,0.11,0.11,0.11,0.11,1.0,1.0,1.0,1.0,1.0,1.0
tpcds_sf20_t1,tpcds,20,1,Q22,1.64,1.64,1.64,1.64,1.54,1.64,1.64,1.64,1.0,1.0,1.0,1.0649350649350648,1.0649350649350648,1.0
tpcds_sf20_t1,tpcds,20,1,Q23,24.2,24.41,24.625,24.675,23.34,24.05,23.85,24.07,0.9807497467071935,0.9913969684555509,1.025135022850021,1.0368466152527849,1.05719794344473,0.9892603850050659
tpcds_sf20_t1,tpcds,20,1,Q24,6.6,3.13,3.28,3.49,4.1,2.15,2.15,2.15,1.8911174785100284,2.108626198083067,1.6232558139534885,1.6097560975609757,0.851219512195122,0.8968481375358165
tpcds_sf20_t1,tpcds,20,1,Q25,3.28,2.1550000000000002,2.16,2.0999999999999996,2.56,1.95,1.95,1.95,1.5619047619047621,1.522041763341067,1.0769230769230769,1.28125,0.8203124999999999,1.0261904761904765
tpcds_sf20_t1,tpcds,20,1,Q26,0.82,0.52,0.515,0.52,0.62,0.41,0.41,0.41,1.5769230769230769,1.5769230769230769,1.2682926829268293,1.3225806451612903,0.8387096774193549,1.0
tpcds_sf20_t1,tpcds,20,1,Q27,11.92,5.17,5.225,5.175,7.67,4.82,4.92,4.92,2.303381642512077,2.3056092843326885,1.0518292682926829,1.5541069100391134,0.6747066492829205,0.9990338164251208
tpcds_sf20_t1,tpcds,20,1,Q28,6.65,6.65,6.65,6.66,6.55,6.55,6.55,6.56,0.9984984984984985,1.0,1.0152439024390245,1.015267175572519,1.016793893129771,0.9984984984984985
tpcds_sf20_t1,tpcds,20,1,Q29,4.3,3.125,2.975,3.23,3.59,2.77,2.77,2.77,1.3312693498452013,1.376,1.1660649819494584,1.1977715877437325,0.8997214484679666,0.9674922600619195
tpcds_sf20_t1,tpcds,20,1,Q30,0.41,0.41,0.41,0.36,0.41,0.41,0.41,0.31,1.1388888888888888,1.0,1.161290322580645,1.0,0.8780487804878049,1.1388888888888888
tpcds_sf20_t1,tpcds,20,1,Q31,3.89,2.77,2.77,2.67,3.79,2.67,2.67,2.66,1.4569288389513109,1.404332129963899,1.0037593984962405,1.0263852242744063,0.704485488126649,1.0374531835205993
tpcds_sf20_t1,tpcds,20,1,Q32,0.16,0.11,0.11,0.11,0.11,0.11,0.11,0.11,1.4545454545454546,1.4545454545454546,1.0,1.4545454545454546,1.0,1.0
tpcds_sf20_t1,tpcds,20,1,Q33,2.46,1.75,1.75,1.75,2.36,1.64,1.74,1.74,1.4057142857142857,1.4057142857142857,1.0057471264367817,1.0423728813559323,0.7415254237288136,1.0
tpcds_sf20_t1,tpcds,20,1,Q34,3.99,1.95,1.95,2.05,3.48,1.85,1.85,1.95,1.9463414634146343,2.0461538461538464,1.0512820512820513,1.146551724137931,0.5890804597701149,0.951219512195122
tpcds_sf20_t1,tpcds,20,1,Q35,4.2,4.1,4.2,2.87,4.09,3.99,3.99,2.77,1.4634146341463414,1.024390243902439,1.036101083032491,1.0268948655256724,0.7017114914425429,1.4285714285714284
tpcds_sf20_t1,tpcds,20,1,Q36,4.71,4.82,4.87,4.2,4.51,4.61,4.71,4.1,1.1214285714285714,0.9771784232365145,1.024390243902439,1.0443458980044347,0.9312638580931265,1.1476190476190475
tpcds_sf20_t1,tpcds,20,1,Q37,15.74,0.31,0.31,0.21,0.31,0.31,0.31,0.21,74.95238095238096,50.774193548387096,1.0,50.774193548387096,0.6774193548387096,1.4761904761904763
tpcds_sf20_t1,tpcds,20,1,Q38,5.32,5.53,5.53,4.81,5.22,5.33,5.32,4.71,1.106029106029106,0.9620253164556962,1.0212314225053079,1.0191570881226055,0.921455938697318,1.14968814968815
tpcds_sf20_t1,tpcds,20,1,Q39,0.21,0.21,0.21,0.21,0.21,0.21,0.21,0.21,1.0,1.0,1.0,1.0,1.0,1.0
tpcds_sf20_t1,tpcds,20,1,Q40,0.45999999999999996,0.41,0.41,0.11,0.41,0.41,0.41,0.11,4.181818181818182,1.121951219512195,1.0,1.121951219512195,0.2682926829268293,3.727272727272727
tpcds_sf20_t1,tpcds,20,1,Q41,0.11,0.11,0.11,0.11,0.1,0.11,0.11,0.11,1.0,1.0,1.0,1.0999999999999999,1.0999999999999999,1.0
tpcds_sf20_t1,tpcds,20,1,Q42,1.895,1.03,1.03,1.03,1.64,1.03,1.03,1.03,1.8398058252427185,1.8398058252427185,1.0,1.1554878048780488,0.6280487804878049,1.0
tpcds_sf20_t1,tpcds,20,1,Q43,3.79,3.9400000000000004,3.99,3.28,3.68,3.89,3.89,3.17,1.1554878048780488,0.9619289340101522,1.0347003154574133,1.029891304347826,0.8913043478260869,1.2012195121951221
tpcds_sf20_t1,tpcds,20,1,Q44,10.43,10.48,10.485,10.64,10.23,10.33,10.33,10.43,0.9802631578947367,0.9952290076335877,1.0201342281879195,1.0195503421309873,1.040078201368524,0.9849624060150376
tpcds_sf20_t1,tpcds,20,1,Q45,0.82,0.5700000000000001,0.62,0.62,0.72,0.51,0.51,0.52,1.3225806451612903,1.43859649122807,1.1923076923076923,1.1388888888888888,0.8611111111111112,0.9193548387096775
tpcds_sf20_t1,tpcds,20,1,Q46,5.58,3.38,3.38,3.49,4.92,3.28,3.28,3.28,1.5988538681948423,1.650887573964497,1.0640243902439026,1.1341463414634148,0.709349593495935,0.9684813753581661
tpcds_sf20_t1,tpcds,20,1,Q47,7.165,7.27,7.32,7.28,6.86,7.07,7.17,7.07,0.9842032967032966,0.985557083906465,1.0297029702970297,1.0444606413994169,1.0612244897959184,0.9986263736263735
tpcds_sf20_t1,tpcds,20,1,Q48,4.4,4.61,4.765000000000001,4.5600000000000005,3.69,3.79,3.9,4.41,0.9649122807017544,0.9544468546637744,1.034013605442177,1.1924119241192412,1.2357723577235773,1.0109649122807016
tpcds_sf20_t1,tpcds,20,1,Q49,3.23,2.16,2.16,2.16,3.18,2.15,2.15,2.15,1.4953703703703702,1.4953703703703702,1.0046511627906978,1.0157232704402515,0.6792452830188679,1.0
tpcds_sf20_t1,tpcds,20,1,Q50,8.66,4.5600000000000005,4.51,3.69,6.86,3.69,3.69,3.38,2.3468834688346885,1.8991228070175437,1.0917159763313609,1.2623906705539358,0.5379008746355685,1.2357723577235773
tpcds_sf20_t1,tpcds,20,1,Q51,11.57,11.67,11.67,11.17,11.27,11.47,11.47,11.06,1.035810205908684,0.9914310197086547,1.0099457504520795,1.0266193433895299,0.9911268855368235,1.044762757385855
tpcds_sf20_t1,tpcds,20,1,Q52,1.895,1.03,1.03,1.03,1.64,1.03,1.03,1.03,1.8398058252427185,1.8398058252427185,1.0,1.1554878048780488,0.6280487804878049,1.0
tpcds_sf20_t1,tpcds,20,1,Q53,2.67,1.44,1.44,1.44,1.95,1.34,1.34,1.33,1.8541666666666667,1.8541666666666667,1.0827067669172932,1.3692307692307693,0.7384615384615385,1.0
tpcds_sf20_t1,tpcds,20,1,Q54,300.0,300.0,300.0,300.0,300.0,300.0,300.0,300.0,1.0,1.0,1.0,1.0,1.0,1.0
tpcds_sf20_t1,tpcds,20,1,Q55,1.95,1.13,1.13,1.03,1.74,1.03,1.03,1.03,1.8932038834951455,1.7256637168141593,1.0,1.1206896551724137,0.5919540229885057,1.0970873786407767
tpcds_sf20_t1,tpcds,20,1,Q56,2.36,1.64,1.64,1.54,2.26,1.54,1.54,1.54,1.5324675324675323,1.4390243902439024,1.0,1.0442477876106195,0.6814159292035399,1.0649350649350648
tpcds_sf20_t1,tpcds,20,1,Q57,1.95,1.95,1.95,2.05,1.84,1.95,1.95,1.95,0.951219512195122,1.0,1.0512820512820513,1.059782608695652,1.1141304347826086,0.951219512195122
tpcds_sf20_t1,tpcds,20,1,Q58,6.55,6.55,6.55,6.56,6.45,6.45,6.45,6.46,0.9984756097560976,1.0,1.0154798761609907,1.0155038759689923,1.0170542635658915,0.9984756097560976
tpcds_sf20_t1,tpcds,20,1,Q59,6.34,6.34,6.35,6.35,6.34,6.24,6.24,6.24,0.9984251968503938,1.0,1.017628205128205,1.0,1.001577287066246,0.9984251968503938
tpcds_sf20_t1,tpcds,20,1,Q60,2.87,1.85,1.85,1.75,2.67,1.85,1.85,1.75,1.6400000000000001,1.5513513513513513,1.0,1.0749063670411985,0.6554307116104869,1.0571428571428572
tpcds_sf20_t1,tpcds,20,1,Q61,4.81,2.67,2.67,2.67,3.79,2.56,2.56,2.46,1.801498127340824,1.801498127340824,1.0853658536585367,1.2691292875989444,0.704485488126649,1.0
tpcds_sf20_t1,tpcds,20,1,Q62,1.43,1.44,1.44,1.44,1.43,1.44,1.43,1.43,0.9930555555555556,0.9930555555555556,1.006993006993007,1.0,1.006993006993007,1.0
tpcds_sf20_t1,tpcds,20,1,Q63,2.67,1.44,1.44,1.44,1.95,1.34,1.34,1.34,1.8541666666666667,1.8541666666666667,1.0746268656716418,1.3692307692307693,0.7384615384615385,1.0
tpcds_sf20_t1,tpcds,20,1,Q64,14.485,6.41,7.84,4.26,6.56,4.72,4.82,4.1,3.4002347417840375,2.2597503900156006,1.0390243902439025,2.208079268292683,0.649390243902439,1.5046948356807512
tpcds_sf20_t1,tpcds,20,1,Q65,5.12,5.225,5.23,5.84,5.02,5.12,5.02,5.54,0.8767123287671234,0.9799043062200958,1.0541516245487363,1.0199203187250998,1.1633466135458168,0.8946917808219178
tpcds_sf20_t1,tpcds,20,1,Q66,1.64,0.93,0.93,0.93,1.44,0.92,0.92,0.92,1.7634408602150535,1.7634408602150535,1.0108695652173914,1.1388888888888888,0.6458333333333334,1.0
tpcds_sf20_t1,tpcds,20,1,Q67,25.19,25.36,25.31,25.645,24.47,24.59,24.5,24.8,0.9822577500487425,0.9932965299684543,1.0340725806451612,1.0294237842255824,1.0480179812014712,0.9888867225580035
tpcds_sf20_t1,tpcds,20,1,Q68,5.02,3.18,3.23,2.975,3.89,3.08,3.08,2.77,1.687394957983193,1.5786163522012577,1.0740072202166064,1.2904884318766066,0.7647814910025706,1.06890756302521
tpcds_sf20_t1,tpcds,20,1,Q69,2.36,2.26,2.26,1.13,2.15,2.25,2.15,1.13,2.088495575221239,1.0442477876106195,1.0,1.0976744186046512,0.5255813953488372,2.0
tpcds_sf20_t1,tpcds,20,1,Q70,6.85,6.45,6.45,5.53,6.75,6.24,6.34,5.43,1.2386980108499095,1.0620155038759689,1.0184162062615103,1.0148148148148148,0.8192592592592592,1.166365280289331
tpcds_sf20_t1,tpcds,20,1,Q71,2.8200000000000003,2.46,2.46,1.64,2.77,2.46,2.46,1.54,1.7195121951219514,1.1463414634146343,1.0649350649350648,1.0180505415162455,0.592057761732852,1.5
tpcds_sf20_t1,tpcds,20,1,Q72,44.045,2.56,2.665,2.3099999999999996,2.25,1.13,1.13,1.13,19.06709956709957,17.205078125,2.0442477876106193,19.575555555555557,1.0266666666666664,1.1082251082251084
tpcds_sf20_t1,tpcds,20,1,Q73,3.175,1.74,1.74,1.75,2.46,1.74,1.74,1.64,1.8142857142857143,1.8247126436781609,1.0670731707317074,1.290650406504065,0.7113821138211383,0.9942857142857143
tpcds_sf20_t1,tpcds,20,1,Q74,10.85,9.675,9.625,9.735,10.44,9.42,9.42,9.22,1.1145351823317926,1.1214470284237725,1.0558568329718003,1.039272030651341,0.9324712643678161,0.9938366718027736
tpcds_sf20_t1,tpcds,20,1,Q75,8.5,6.25,6.15,6.15,8.3,6.05,6.05,5.95,1.3821138211382114,1.36,1.0336134453781514,1.0240963855421685,0.7409638554216867,1.0162601626016259
tpcds_sf20_t1,tpcds,20,1,Q76,3.38,3.38,3.38,2.46,3.18,3.28,3.18,2.36,1.3739837398373984,1.0,1.0423728813559323,1.0628930817610063,0.7735849056603773,1.3739837398373984
tpcds_sf20_t1,tpcds,20,1,Q77,3.08,1.95,1.95,2.05,2.97,1.95,1.95,1.95,1.5024390243902441,1.5794871794871796,1.0512820512820513,1.037037037037037,0.6902356902356901,0.951219512195122
tpcds_sf20_t1,tpcds,20,1,Q78,15.87,16.085,16.755000000000003,13.84,15.47,15.78,16.3,13.43,1.1466763005780347,0.9866335094808827,1.0305286671630678,1.0258564964447316,0.8946347769877181,1.1622109826589595
tpcds_sf20_t1,tpcds,20,1,Q79,5.07,3.13,3.13,3.18,4.61,3.08,3.08,3.08,1.5943396226415094,1.6198083067092652,1.0324675324675325,1.0997830802603037,0.6898047722342733,0.9842767295597483
tpcds_sf20_t1,tpcds,20,1,Q80,6.25,3.28,3.28,2.57,6.04,3.18,3.28,2.56,2.4319066147859925,1.9054878048780488,1.00390625,1.0347682119205297,0.4254966887417218,1.2762645914396886
tpcds_sf20_t1,tpcds,20,1,Q81,0.52,0.52,0.52,0.5700000000000001,0.51,0.51,0.52,0.52,0.9122807017543859,1.0,1.0961538461538463,1.0196078431372548,1.1176470588235294,0.9122807017543859
tpcds_sf20_t1,tpcds,20,1,Q82,17.72,1.13,1.13,0.41,1.13,1.13,1.13,0.41,43.21951219512195,15.68141592920354,1.0,15.68141592920354,0.36283185840707965,2.7560975609756095
tpcds_sf20_t1,tpcds,20,1,Q83,0.82,0.31,0.31,0.31,0.82,0.31,0.31,0.31,2.6451612903225805,2.6451612903225805,1.0,1.0,0.3780487804878049,1.0
tpcds_sf20_t1,tpcds,20,1,Q84,0.6699999999999999,0.31,0.31,0.21,0.31,0.31,0.31,0.21,3.1904761904761902,2.161290322580645,1.0,2.161290322580645,0.6774193548387096,1.4761904761904763
tpcds_sf20_t1,tpcds,20,1,Q85,1.64,1.64,1.745,1.69,1.44,1.54,1.54,1.54,0.9704142011834319,1.0,1.0974025974025974,1.1388888888888888,1.1736111111111112,0.9704142011834319
tpcds_sf20_t1,tpcds,20,1,Q86,0.92,1.03,1.03,1.03,0.92,1.03,1.03,1.03,0.8932038834951457,0.8932038834951457,1.0,1.0,1.1195652173913044,1.0
tpcds_sf20_t1,tpcds,20,1,Q87,5.73,5.84,5.84,5.13,5.53,5.73,5.73,5.12,1.1169590643274856,0.9811643835616439,1.001953125,1.0361663652802893,0.9276672694394212,1.138401559454191
tpcds_sf20_t1,tpcds,20,1,Q88,10.79,5.32,5.42,5.27,9.81,5.22,5.22,5.12,2.047438330170778,2.028195488721804,1.029296875,1.0998980632008153,0.5372069317023445,1.0094876660341556
tpcds_sf20_t1,tpcds,20,1,Q89,3.02,1.64,1.64,1.64,2.26,1.54,1.64,1.54,1.8414634146341464,1.8414634146341464,1.0649350649350648,1.336283185840708,0.7256637168141593,1.0
tpcds_sf20_t1,tpcds,20,1,Q90,0.92,0.41,0.41,0.41,0.72,0.41,0.41,0.41,2.2439024390243905,2.2439024390243905,1.0,1.277777777777778,0.5694444444444444,1.0
tpcds_sf20_t1,tpcds,20,1,Q91,0.21,0.21,0.21,0.21,0.21,0.21,0.21,0.21,1.0,1.0,1.0,1.0,1.0,1.0
tpcds_sf20_t1,tpcds,20,1,Q92,0.87,0.62,0.62,0.41,0.82,0.62,0.62,0.41,2.1219512195121952,1.403225806451613,1.0,1.0609756097560976,0.5,1.5121951219512195
tpcds_sf20_t1,tpcds,20,1,Q93,7.22,4.92,4.92,4.92,7.17,4.81,4.81,4.81,1.467479674796748,1.467479674796748,1.022869022869023,1.0069735006973501,0.6861924686192469,1.0
tpcds_sf20_t1,tpcds,20,1,Q94,1.03,0.82,0.82,0.82,1.03,0.82,0.82,0.82,1.2560975609756098,1.2560975609756098,1.0,1.0,0.7961165048543689,1.0
tpcds_sf20_t1,tpcds,20,1,Q95,23.205,22.91,25.825000000000003,1.95,23.0,22.6,25.56,1.95,11.899999999999999,1.012876473155827,1.0,1.0089130434782607,0.08478260869565217,11.74871794871795
tpcds_sf20_t1,tpcds,20,1,Q96,1.54,0.93,0.93,0.93,1.44,0.82,0.82,0.82,1.6559139784946235,1.6559139784946235,1.1341463414634148,1.0694444444444444,0.6458333333333334,1.0
tpcds_sf20_t1,tpcds,20,1,Q97,5.84,5.84,5.84,6.05,5.74,5.74,5.74,5.95,0.9652892561983472,1.0,1.0168067226890756,1.0174216027874563,1.0540069686411149,0.9652892561983472
tpcds_sf20_t1,tpcds,20,1,Q98,1.74,1.13,1.13,1.13,1.74,1.13,1.13,1.03,1.5398230088495577,1.5398230088495577,1.0970873786407767,1.0,0.6494252873563218,1.0
tpcds_sf20_t1,tpcds,20,1,Q99,1.33,1.43,1.44,1.9,1.33,1.43,1.43,1.84,0.7000000000000001,0.9300699300699301,1.0326086956521738,1.0,1.4285714285714284,0.7526315789473684
tpcds_sf50_t1,tpcds,50,1,Q01,3.38,3.38,4.51,3.4400000000000004,3.28,3.28,4.41,3.38,0.9825581395348836,1.0,1.017751479289941,1.0304878048780488,1.0487804878048783,0.9825581395348836
tpcds_sf50_t1,tpcds,50,1,Q02,8.6,8.6,8.7,8.7,8.59,8.59,8.59,8.59,0.9885057471264368,1.0,1.0128055878928988,1.0011641443538999,1.0128055878928988,0.9885057471264368
tpcds_sf50_t1,tpcds,50,1,Q03,5.43,3.49,3.54,3.54,4.51,3.38,3.38,3.38,1.5338983050847457,1.5558739255014324,1.047337278106509,1.2039911308203992,0.7849223946784922,0.9858757062146893
tpcds_sf50_t1,tpcds,50,1,Q04,59.095,56.455,56.545,56.415,58.03,54.95,55.9,55.5,1.0475050961623682,1.0467629085112036,1.0164864864864864,1.0183525762536618,0.9721695674651042,1.0007090312860054
tpcds_sf50_t1,tpcds,50,1,Q05,10.55,8.1,10.15,8.1,10.25,7.99,9.94,8.0,1.3024691358024694,1.3024691358024694,1.0125,1.0292682926829269,0.7902439024390243,1.0
tpcds_sf50_t1,tpcds,50,1,Q06,16.06,15.96,16.16,16.07,15.75,15.75,15.75,15.86,0.999377722464219,1.0062656641604009,1.0132408575031526,1.0196825396825395,1.0203174603174603,0.9931549471064095
tpcds_sf50_t1,tpcds,50,1,Q07,11.415,5.84,5.845,5.85,7.89,5.43,5.43,5.54,1.9512820512820512,1.9546232876712328,1.055956678700361,1.446768060836502,0.7414448669201521,0.9982905982905983
tpcds_sf50_t1,tpcds,50,1,Q08,7.78,4.82,4.92,4.92,7.78,4.81,4.81,4.92,1.58130081300813,1.6141078838174274,1.0,1.0,0.6323907455012853,0.9796747967479675
tpcds_sf50_t1,tpcds,50,1,Q09,15.55,15.55,15.55,15.505,15.44,15.44,15.45,15.45,1.0029022895840052,1.0,1.0035598705501618,1.0071243523316062,1.0042098445595855,1.0029022895840052
tpcds_sf50_t1,tpcds,50,1,Q10,6.04,6.04,6.09,2.98,5.83,5.73,5.83,2.77,2.0268456375838926,1.0,1.075812274368231,1.0360205831903946,0.5111492281303602,2.0268456375838926
tpcds_sf50_t1,tpcds,50,1,Q11,41.08,38.07,38.075,38.120000000000005,40.32,37.36,37.45,37.17,1.0776495278069254,1.07906488048332,1.025558245897229,1.0188492063492063,0.945436507936508,0.9986883525708289
tpcds_sf50_t1,tpcds,50,1,Q12,1.13,0.82,0.82,0.82,1.13,0.82,0.82,0.72,1.3780487804878048,1.3780487804878048,1.1388888888888888,1.0,0.7256637168141593,1.0
tpcds_sf50_t1,tpcds,50,1,Q13,12.030000000000001,12.855,12.754999999999999,11.99,9.93,10.56,10.56,11.38,1.0033361134278567,0.9358226371061844,1.0536028119507908,1.2114803625377646,1.2074521651560928,1.0721434528773979
tpcds_sf50_t1,tpcds,50,1,Q14,104.25,105.28999999999999,105.645,106.72999999999999,101.72,101.99,101.76,103.11,0.9767637964958307,0.9901225187577168,1.0351081369411308,1.0248721981911129,1.049252850963429,0.9865080108685468
tpcds_sf50_t1,tpcds,50,1,Q15,0.62,0.62,0.62,0.62,0.62,0.62,0.62,0.62,1.0,1.0,1.0,1.0,1.0,1.0
tpcds_sf50_t1,tpcds,50,1,Q16,0.82,0.72,0.72,0.72,0.72,0.62,0.62,0.62,1.1388888888888888,1.1388888888888888,1.161290322580645,1.1388888888888888,1.0,1.0
tpcds_sf50_t1,tpcds,50,1,Q17,12.545,5.535,5.59,5.79,7.58,4.92,4.92,5.33,2.1666666666666665,2.266485998193315,1.0863039399624765,1.6550131926121372,0.7638522427440633,0.955958549222798
tpcds_sf50_t1,tpcds,50,1,Q18,2.87,1.64,1.74,1.64,2.36,1.54,1.54,1.44,1.7500000000000002,1.7500000000000002,1.1388888888888888,1.2161016949152543,0.6949152542372882,1.0
tpcds_sf50_t1,tpcds,50,1,Q19,6.655,3.59,3.59,3.59,5.33,3.49,3.49,3.49,1.8537604456824515,1.8537604456824515,1.0286532951289398,1.24859287054409,0.6735459662288931,1.0
tpcds_sf50_t1,tpcds,50,1,Q20,0.31,0.31,0.31,0.31,0.21,0.31,0.31,0.31,1.0,1.0,1.0,1.4761904761904763,1.4761904761904763,1.0
tpcds_sf50_t1,tpcds,50,1,Q21,0.21,0.21,0.21,0.21,0.21,0.21,0.21,0.21,1.0,1.0,1.0,1.0,1.0,1.0
tpcds_sf50_t1,tpcds,50,1,Q22,4.91,4.97,5.02,5.02,4.81,4.81,4.91,4.91,0.9780876494023906,0.9879275653923542,1.0224032586558043,1.020790020790021,1.0436590436590436,0.9900398406374502
tpcds_sf50_t1,tpcds,50,1,Q23,70.425,71.445,71.99000000000001,71.39,68.77,70.1,69.21,69.13,0.9864827006583554,0.9857232836447618,1.0326920295096196,1.0240657263341573,1.0380980078522613,1.000770416024653
tpcds_sf50_t1,tpcds,50,1,Q24,23.955,9.425,9.79,9.95,11.89,5.43,5.43,5.43,2.4075376884422113,2.541644562334217,1.8324125230202577,2.014718250630782,0.8368376787216147,0.9472361809045228
tpcds_sf50_t1,tpcds,50,1,Q25,7.994999999999999,5.13,5.18,5.08,6.15,4.72,4.72,4.72,1.5738188976377951,1.5584795321637426,1.076271186440678,1.2999999999999998,0.8260162601626015,1.0098425196850394
tpcds_sf50_t1,tpcds,50,1,Q26,1.74,1.03,1.03,1.03,1.33,0.92,0.93,0.93,1.6893203883495145,1.6893203883495145,1.10752688172043,1.3082706766917291,0.7744360902255639,1.0
tpcds_sf50_t1,tpcds,50,1,Q27,26.245,12.45,12.39,12.395,18.62,11.78,11.78,11.68,2.1173860427591773,2.1080321285140564,1.0612157534246576,1.4095059076262084,0.6656820622986036,1.0044372730939894
tpcds_sf50_t1,tpcds,50,1,Q28,16.37,16.38,16.38,16.384999999999998,16.27,16.17,16.27,16.27,0.9990845285321943,0.9993894993894995,1.0070682237246464,1.0061462814996929,1.0070682237246464,0.9996948428440647
tpcds_sf50_t1,tpcds,50,1,Q29,11.015,7.635,7.6850000000000005,8.045,9.12,7.17,7.07,7.18,1.3691733996270976,1.4426981008513426,1.1204735376044568,1.2077850877192984,0.8821271929824562,0.9490366687383468
tpcds_sf50_t1,tpcds,50,1,Q30,0.82,0.82,0.82,0.82,0.82,0.82,0.82,0.72,1.0,1.0,1.1388888888888888,1.0,1.0,1.0
tpcds_sf50_t1,tpcds,50,1,Q31,9.63,6.87,6.87,6.56,9.32,6.56,6.66,6.46,1.467987804878049,1.4017467248908297,1.0154798761609907,1.0332618025751072,0.7038626609442059,1.0472560975609757
tpcds_sf50_t1,tpcds,50,1,Q32,0.31,0.21,0.21,0.31,0.21,0.21,0.21,0.21,1.0,1.4761904761904763,1.4761904761904763,1.4761904761904763,1.4761904761904763,0.6774193548387096
tpcds_sf50_t1,tpcds,50,1,Q33,5.84,4.1,4.105,4.1,5.64,4.1,4.0,4.0,1.4243902439024392,1.4243902439024392,1.025,1.0354609929078014,0.7269503546099291,1.0
tpcds_sf50_t1,tpcds,50,1,Q34,8.39,4.51,4.51,4.51,8.09,4.41,4.41,4.41,1.8603104212860313,1.8603104212860313,1.0226757369614512,1.0370828182941905,0.5574783683559951,1.0
tpcds_sf50_t1,tpcds,50,1,Q35,10.23,10.14,10.7,6.97,10.02,9.93,10.35,6.76,1.4677187948350072,1.0088757396449703,1.0310650887573964,1.0209580838323353,0.6956087824351297,1.45480631276901
tpcds_sf50_t1,tpcds,50,1,Q36,10.035,5.84,5.74,6.76,9.63,5.64,5.64,6.46,1.4844674556213018,1.7183219178082192,1.046439628482972,1.042056074766355,0.7019730010384215,0.863905325443787
tpcds_sf50_t1,tpcds,50,1,Q37,55.45,0.52,0.52,0.41,0.51,0.51,0.51,0.41,135.2439024390244,106.63461538461539,1.0,108.72549019607844,0.8039215686274509,1.2682926829268293
tpcds_sf50_t1,tpcds,50,1,Q38,13.71,14.125,14.13,12.5,13.4,13.92,13.82,12.29,1.0968,0.9706194690265487,1.0170870626525632,1.023134328358209,0.9328358208955224,1.13
tpcds_sf50_t1,tpcds,50,1,Q39,0.41,0.52,0.52,0.52,0.41,0.41,0.41,0.41,0.7884615384615384,0.7884615384615384,1.2682926829268293,1.0,1.2682926829268293,1.0
tpcds_sf50_t1,tpcds,50,1,Q40,1.03,0.82,0.82,0.21,1.03,0.82,0.82,0.21,4.904761904761905,1.2560975609756098,1.0,1.0,0.20388349514563106,3.9047619047619047
tpcds_sf50_t1,tpcds,50,1,Q41,0.11,0.11,0.11,0.11,0.11,0.11,0.11,0.11,1.0,1.0,1.0,1.0,1.0,1.0
tpcds_sf50_t1,tpcds,50,1,Q42,4.51,2.46,2.46,2.46,4.0,2.36,2.36,2.36,1.8333333333333333,1.8333333333333333,1.0423728813559323,1.1275,0.615,1.0
tpcds_sf50_t1,tpcds,50,1,Q43,7.88,4.51,4.41,4.92,7.68,4.3,4.31,4.71,1.6016260162601625,1.747228381374723,1.0445859872611465,1.0260416666666667,0.640625,0.9166666666666666
tpcds_sf50_t1,tpcds,50,1,Q44,43.24,43.245000000000005,43.345,43.215,42.62,42.84,42.31,42.11,1.0005785028346639,0.9998843796970748,1.0262407979102353,1.0145471609572971,1.0139605818864383,1.0006942034015966
tpcds_sf50_t1,tpcds,50,1,Q45,2.15,1.3900000000000001,1.3900000000000001,1.49,1.85,1.23,1.23,1.23,1.4429530201342282,1.5467625899280573,1.2113821138211383,1.162162162162162,0.8054054054054054,0.9328859060402686
tpcds_sf50_t1,tpcds,50,1,Q46,12.695,7.375,7.38,7.18,11.16,7.18,7.17,7.07,1.7681058495821729,1.7213559322033898,1.0155586987270155,1.1375448028673836,0.6433691756272402,1.027158774373259
tpcds_sf50_t1,tpcds,50,1,Q47,17.45,17.865000000000002,17.869999999999997,17.825000000000003,16.99,17.3,17.2,17.3,0.978962131837307,0.9767702211027146,1.0303468208092488,1.0270747498528547,1.0491465567981169,1.0022440392706873
tpcds_sf50_t1,tpcds,50,1,Q48,10.5,11.010000000000002,11.58,11.07,8.81,9.32,9.33,10.75,0.9485094850948509,0.9536784741144413,1.0297674418604652,1.191827468785471,1.2565266742338252,0.9945799457994581
tpcds_sf50_t1,tpcds,50,1,Q49,7.84,5.23,5.23,5.23,7.38,5.13,5.13,5.13,1.4990439770554491,1.4990439770554491,1.0194931773879143,1.062330623306233,0.7086720867208672,1.0
tpcds_sf50_t1,tpcds,50,1,Q50,23.65,11.16,11.16,8.51,18.74,9.01,9.12,7.99,2.779083431257344,2.119175627240143,1.065081351689612,1.2620064034151548,0.45410885805763074,1.3113983548766157
tpcds_sf50_t1,tpcds,50,1,Q51,27.225,27.695,27.74,26.79,26.92,27.33,27.24,26.52,1.0162374020156775,0.9830294276945297,1.010180995475113,1.0113298662704309,0.9951708766716195,1.0337812616648003
tpcds_sf50_t1,tpcds,50,1,Q52,4.51,2.46,2.46,2.46,4.0,2.36,2.36,2.36,1.8333333333333333,1.8333333333333333,1.0423728813559323,1.1275,0.615,1.0
tpcds_sf50_t1,tpcds,50,1,Q53,6.56,3.28,3.28,3.39,4.61,3.28,3.28,3.18,1.9351032448377579,2.0,1.0660377358490567,1.422993492407809,0.7353579175704988,0.9675516224188789
tpcds_sf50_t1,tpcds,50,1,Q54,300.0,300.0,300.0,300.0,300.0,300.0,300.0,300.0,1.0,1.0,1.0,1.0,1.0,1.0
tpcds_sf50_t1,tpcds,50,1,Q55,4.51,2.56,2.57,2.51,4.0,2.36,2.36,2.46,1.796812749003984,1.7617187499999998,1.0203252032520325,1.1275,0.6275,1.0199203187250998
tpcds_sf50_t1,tpcds,50,1,Q56,5.64,3.8,3.8,3.7,5.53,3.69,3.69,3.59,1.524324324324324,1.4842105263157894,1.0306406685236769,1.019891500904159,0.6690777576853526,1.027027027027027
tpcds_sf50_t1,tpcds,50,1,Q57,4.859999999999999,5.02,5.01,5.02,4.6,4.81,4.81,4.81,0.9681274900398406,0.9681274900398406,1.0436590436590436,1.0565217391304347,1.0913043478260869,1.0
tpcds_sf50_t1,tpcds,50,1,Q58,16.28,16.28,16.275,16.23,15.86,16.07,15.87,16.08,1.0030807147258165,1.0,1.0093283582089554,1.0264817150063053,1.023329129886507,1.0030807147258165
tpcds_sf50_t1,tpcds,50,1,Q59,16.16,16.16,16.215000000000003,16.17,15.95,15.86,15.96,15.96,0.9993815708101421,1.0,1.0131578947368423,1.013166144200627,1.0137931034482761,0.9993815708101421
tpcds_sf50_t1,tpcds,50,1,Q60,7.07,4.51,4.51,4.31,6.56,4.31,4.31,4.21,1.6403712296983761,1.567627494456763,1.02375296912114,1.0777439024390245,0.6570121951219512,1.0464037122969838
tpcds_sf50_t1,tpcds,50,1,Q61,10.344999999999999,6.15,6.15,6.05,9.22,6.05,6.05,5.95,1.7099173553719007,1.6821138211382112,1.0168067226890756,1.1220173535791755,0.6561822125813448,1.0165289256198349
tpcds_sf50_t1,tpcds,50,1,Q62,3.48,3.58,3.58,3.59,3.38,3.48,3.58,3.48,0.9693593314763231,0.9720670391061452,1.0316091954022988,1.029585798816568,1.0621301775147929,0.9972144846796658
tpcds_sf50_t1,tpcds,50,1,Q63,6.45,3.28,3.28,3.39,4.51,3.28,3.28,3.18,1.9026548672566372,1.9664634146341464,1.0660377358490567,1.4301552106430155,0.7516629711751663,0.9675516224188789
tpcds_sf50_t1,tpcds,50,1,Q64,46.260000000000005,16.91,21.375,10.25,17.62,11.68,11.78,9.74,4.5131707317073175,2.7356593731519814,1.0523613963039014,2.6254256526674236,0.5817253121452894,1.6497560975609755
tpcds_sf50_t1,tpcds,50,1,Q65,15.16,15.375,15.485,16.655,14.86,14.96,14.86,15.88,0.9102371660162113,0.9860162601626017,1.0488035264483628,1.0201884253028264,1.1207940780619112,0.9231462023416391
tpcds_sf50_t1,tpcds,50,1,Q66,4.1,2.3099999999999996,2.36,2.36,3.48,2.26,2.16,2.26,1.7372881355932204,1.774891774891775,1.0442477876106195,1.1781609195402298,0.6781609195402298,0.9788135593220337
tpcds_sf50_t1,tpcds,50,1,Q67,76.785,77.3,78.16499999999999,78.63499999999999,75.88,76.14,76.27,76.86,0.9764735804667134,0.9933376455368693,1.0230939370283632,1.0119267264101213,1.0363073273589878,0.9830228269854391
tpcds_sf50_t1,tpcds,50,1,Q68,11.78,7.48,7.485,6.82,9.32,7.07,7.18,6.56,1.727272727272727,1.5748663101604277,1.0396341463414636,1.2639484978540771,0.7317596566523605,1.096774193548387
tpcds_sf50_t1,tpcds,50,1,Q69,5.53,5.53,5.53,2.77,5.43,5.33,5.33,2.77,1.996389891696751,1.0,1.0,1.0184162062615103,0.5101289134438306,1.996389891696751
tpcds_sf50_t1,tpcds,50,1,Q70,17.285,16.06,16.16,13.71,16.88,15.85,15.76,13.42,1.2607585703865791,1.0762764632627648,1.0216095380029806,1.0239928909952607,0.8122037914691944,1.1714077315827862
tpcds_sf50_t1,tpcds,50,1,Q71,6.71,5.95,5.95,3.8,6.66,5.84,5.94,3.69,1.7657894736842106,1.1277310924369748,1.029810298102981,1.0075075075075075,0.5705705705705705,1.5657894736842106
tpcds_sf50_t1,tpcds,50,1,Q72,154.205,8.355,8.61,7.535,6.14,2.87,2.87,2.67,20.465162574651625,18.456612806702573,2.822097378277154,25.11482084690554,1.227198697068404,1.1088254810882547
tpcds_sf50_t1,tpcds,50,1,Q73,7.475,4.1,4.15,4.1,5.94,4.0,3.9,3.9,1.8231707317073171,1.8231707317073171,1.0512820512820513,1.2584175084175082,0.6902356902356901,1.0
tpcds_sf50_t1,tpcds,50,1,Q74,27.825,25.485,25.59,25.494999999999997,27.23,24.87,25.09,24.57,1.0913904687193567,1.0918187168922895,1.0376475376475376,1.0218508997429305,0.9362835108336393,0.9996077662286723
tpcds_sf50_t1,tpcds,50,1,Q75,21.965000000000003,16.14,16.095,15.739999999999998,21.6,15.58,15.48,15.27,1.395489199491741,1.3609045848822803,1.0307793058284216,1.0168981481481483,0.7287037037037036,1.0254129606099112
tpcds_sf50_t1,tpcds,50,1,Q76,7.99,8.045,8.1,5.845,7.68,7.69,7.79,5.74,1.3669803250641575,0.9931634555624612,1.0182926829268293,1.0403645833333335,0.7610677083333334,1.3763900769888795
tpcds_sf50_t1,tpcds,50,1,Q77,7.38,4.62,4.62,4.82,7.18,4.61,4.61,4.72,1.5311203319502074,1.5974025974025974,1.0211864406779663,1.0278551532033426,0.6713091922005572,0.95850622406639
tpcds_sf50_t1,tpcds,50,1,Q78,40.955,41.540000000000006,44.04,35.66,40.04,40.66,43.42,34.42,1.1484856982613574,0.9859171882522868,1.0360255665310865,1.0228521478521477,0.8906093906093906,1.1648906337633205
tpcds_sf50_t1,tpcds,50,1,Q79,12.49,7.63,7.59,7.84,11.16,7.48,7.48,7.69,1.5931122448979593,1.636959370904325,1.0195058517555267,1.1191756272401434,0.7025089605734767,0.9732142857142857
tpcds_sf50_t1,tpcds,50,1,Q80,15.41,7.89,7.9,6.05,14.95,7.79,7.79,5.95,2.547107438016529,1.953105196451204,1.0168067226890756,1.0307692307692309,0.40468227424749165,1.3041322314049586
tpcds_sf50_t1,tpcds,50,1,Q81,1.18,1.23,1.23,1.28,1.13,1.13,1.13,1.23,0.9218749999999999,0.959349593495935,1.0406504065040652,1.0442477876106195,1.1327433628318586,0.9609375
tpcds_sf50_t1,tpcds,50,1,Q82,62.06,2.46,2.46,1.03,2.46,2.36,2.46,0.93,60.25242718446602,25.227642276422767,1.10752688172043,25.227642276422767,0.4186991869918699,2.3883495145631066
tpcds_sf50_t1,tpcds,50,1,Q83,1.84,0.52,0.52,0.52,1.74,0.51,0.52,0.52,3.5384615384615383,3.5384615384615383,1.0,1.0574712643678161,0.2988505747126437,1.0
tpcds_sf50_t1,tpcds,50,1,Q84,1.59,0.82,0.82,0.41,0.72,0.72,0.72,0.41,3.878048780487805,1.9390243902439026,1.0,2.2083333333333335,0.5694444444444444,2.0
tpcds_sf50_t1,tpcds,50,1,Q85,3.69,3.9,4.0,3.9,3.38,3.49,3.59,3.49,0.9461538461538461,0.9461538461538461,1.1174785100286533,1.0917159763313609,1.153846153846154,1.0
tpcds_sf50_t1,tpcds,50,1,Q86,2.36,2.46,2.46,2.46,2.36,2.36,2.46,2.46,0.959349593495935,0.959349593495935,1.0,1.0,1.0423728813559323,1.0
tpcds_sf50_t1,tpcds,50,1,Q87,14.53,15.14,15.05,13.43,14.22,14.84,14.75,13.21,1.0819061801935963,0.9597093791281373,1.0166540499621497,1.0218002812939522,0.9444444444444444,1.1273268801191363
tpcds_sf50_t1,tpcds,50,1,Q88,26.99,13.0,13.0,12.845,24.22,12.69,12.59,12.49,2.1012066952121446,2.0761538461538462,1.0284227381905524,1.1143682906688688,0.5303468208092486,1.012066952121448
tpcds_sf50_t1,tpcds,50,1,Q89,7.27,3.8,3.8499999999999996,3.95,5.43,3.79,3.79,3.79,1.8405063291139239,1.9131578947368422,1.04221635883905,1.3388581952117864,0.7274401473296501,0.9620253164556961
tpcds_sf50_t1,tpcds,50,1,Q90,2.25,1.13,1.13,1.13,1.84,1.03,1.03,1.03,1.9911504424778763,1.9911504424778763,1.0970873786407767,1.2228260869565217,0.6141304347826086,1.0
tpcds_sf50_t1,tpcds,50,1,Q91,0.31,0.21,0.21,0.21,0.31,0.21,0.21,0.21,1.4761904761904763,1.4761904761904763,1.0,1.0,0.6774193548387096,1.0
tpcds_sf50_t1,tpcds,50,1,Q92,2.0999999999999996,1.54,1.54,1.03,1.95,1.54,1.54,1.03,2.03883495145631,1.3636363636363633,1.0,1.0769230769230769,0.5282051282051282,1.4951456310679612
tpcds_sf50_t1,tpcds,50,1,Q93,20.895,12.49,14.87,12.5,20.58,12.29,14.66,12.29,1.6716,1.6729383506805444,1.0170870626525632,1.0153061224489797,0.6073858114674442,0.9992
tpcds_sf50_t1,tpcds,50,1,Q94,2.41,1.95,1.95,1.95,2.36,1.95,1.95,1.95,1.235897435897436,1.235897435897436,1.0,1.0211864406779663,0.826271186440678,1.0
tpcds_sf50_t1,tpcds,50,1,Q95,61.74,60.875,69.055,4.92,60.82,60.02,68.4,4.92,12.548780487804878,1.0142094455852155,1.0,1.0151266030910884,0.08089444261756001,12.372967479674797
tpcds_sf50_t1,tpcds,50,1,Q96,3.59,2.05,2.05,2.05,3.48,2.05,2.05,1.95,1.751219512195122,1.751219512195122,1.0512820512820513,1.0316091954022988,0.5890804597701149,1.0
tpcds_sf50_t1,tpcds,50,1,Q97,17.515,17.51,17.52,17.935000000000002,16.9,17.1,17.02,17.52,0.9765821020351267,1.0002855511136493,1.0236872146118723,1.0363905325443787,1.061242603550296,0.976303317535545
tpcds_sf50_t1,tpcds,50,1,Q98,4.2,2.67,2.67,2.57,4.1,2.57,2.57,2.56,1.634241245136187,1.5730337078651686,1.00390625,1.024390243902439,0.6268292682926829,1.038910505836576
tpcds_sf50_t1,tpcds,50,1,Q99,3.38,3.48,3.48,4.61,3.27,3.38,3.38,4.61,0.7331887201735358,0.9712643678160919,1.0,1.0336391437308867,1.4097859327217126,0.7548806941431669
tpcds_sf100_t1,tpcds,100,1,Q01,7.075,7.17,9.33,7.18,6.97,6.97,9.22,7.08,0.9853760445682452,0.9867503486750349,1.0141242937853108,1.01506456241033,1.0301291248206599,0.9986072423398329
tpcds_sf100_t1,tpcds,100,1,Q02,17.18,17.185000000000002,17.19,17.19,16.97,17.08,17.08,16.99,0.9994182664339731,0.9997090485888855,1.0117716303708064,1.0123747790218032,1.0129640542133178,0.9997091332169866
tpcds_sf100_t1,tpcds,100,1,Q03,10.855,7.07,6.97,6.925,9.22,6.66,6.66,6.56,1.5675090252707582,1.5353606789250354,1.055640243902439,1.1773318872017353,0.7510845986984815,1.0209386281588448
tpcds_sf100_t1,tpcds,100,1,Q04,124.98,114.85499999999999,121.14500000000001,114.96000000000001,120.99,111.35,115.37,112.13,1.087160751565762,1.088154629750555,1.0252385623829485,1.032977932060501,0.9501611703446566,0.9990866388308975
tpcds_sf100_t1,tpcds,100,1,Q05,21.82,16.7,21.01,16.715,21.1,16.4,20.71,16.5,1.3054142985342507,1.3065868263473055,1.013030303030303,1.034123222748815,0.7921800947867298,0.9991026024528866
tpcds_sf100_t1,tpcds,100,1,Q06,44.32,44.34,47.28,44.510000000000005,43.46,43.29,46.14,43.58,0.9957312963379015,0.9995489400090212,1.021340064249656,1.019788311090658,1.02416014726185,0.9961806335654909
tpcds_sf100_t1,tpcds,100,1,Q07,22.784999999999997,11.525,11.530000000000001,11.530000000000001,15.57,10.76,10.76,10.77,1.9761491760624452,1.9770065075921905,1.0705663881151348,1.463391136801541,0.7405266538214516,0.9995663486556807
tpcds_sf100_t1,tpcds,100,1,Q08,16.53,10.65,10.65,10.85,16.37,10.54,10.55,10.75,1.5235023041474656,1.5521126760563382,1.0093023255813953,1.0097739767868052,0.6627978008552229,0.9815668202764978
tpcds_sf100_t1,tpcds,100,1,Q09,30.895,30.905,30.9,30.915,30.78,30.78,30.69,30.71,0.9993530648552483,0.9996764277624979,1.006675350048844,1.0037361923326835,1.0043859649122806,0.9996765324276242
tpcds_sf100_t1,tpcds,100,1,Q10,11.825,11.77,11.87,5.79,11.56,11.26,11.36,5.43,2.042314335060449,1.0046728971962617,1.0662983425414365,1.0229238754325258,0.5008650519031141,2.0328151986183074
tpcds_sf100_t1,tpcds,100,1,Q11,88.015,79.36,82.1,78.005,84.49,75.56,77.9,75.41,1.1283251073649125,1.1090599798387097,1.0344118817133006,1.0417209137175998,0.9232453544798201,1.017370681366579
tpcds_sf100_t1,tpcds,100,1,Q12,2.46,1.75,1.75,1.64,2.46,1.74,1.74,1.64,1.5,1.4057142857142857,1.0,1.0,0.6666666666666666,1.0670731707317074
tpcds_sf100_t1,tpcds,100,1,Q13,24.585,25.755000000000003,25.195,23.875,19.66,21.3,21.0,22.53,1.029738219895288,0.9545719277810133,1.059698180204172,1.2505086469989828,1.2143947100712105,1.0787434554973823
tpcds_sf100_t1,tpcds,100,1,Q14,229.97500000000002,227.7,225.95,229.385,222.18,216.6,216.31,219.54,1.0025720949495391,1.0099912165129559,1.044843764234308,1.0350841659915384,1.0324286614456746,0.9926542712034353
tpcds_sf100_t1,tpcds,100,1,Q15,1.33,1.44,1.54,1.44,1.33,1.44,1.54,1.44,0.9236111111111112,0.9236111111111112,1.0,1.0,1.0827067669172932,1.0
tpcds_sf100_t1,tpcds,100,1,Q16,1.54,1.23,1.23,1.23,1.33,1.23,1.23,1.23,1.2520325203252034,1.2520325203252034,1.0,1.1578947368421053,0.9248120300751879,1.0
tpcds_sf100_t1,tpcds,100,1,Q17,28.979999999999997,11.07,11.32,11.684999999999999,18.33,10.15,10.25,10.76,2.4801026957638,2.6178861788617884,1.0859665427509293,1.5810147299509,0.6374795417348609,0.9473684210526317
tpcds_sf100_t1,tpcds,100,1,Q18,5.99,3.23,3.23,3.18,4.92,3.08,3.08,2.97,1.8836477987421383,1.8544891640866874,1.0707070707070707,1.217479674796748,0.6463414634146342,1.0157232704402515
tpcds_sf100_t1,tpcds,100,1,Q19,14.545,7.18,7.18,6.92,10.66,6.97,6.97,6.77,2.101878612716763,2.025766016713092,1.0221565731166913,1.3644465290806753,0.649155722326454,1.0375722543352601
tpcds_sf100_t1,tpcds,100,1,Q20,0.52,0.52,0.52,0.52,0.51,0.52,0.52,0.52,1.0,1.0,1.0,1.0196078431372548,1.0196078431372548,1.0
tpcds_sf100_t1,tpcds,100,1,Q21,1.03,0.62,0.62,0.72,0.92,0.62,0.62,0.62,1.4305555555555556,1.6612903225806452,1.161290322580645,1.1195652173913044,0.7826086956521738,0.8611111111111112
tpcds_sf100_t1,tpcds,100,1,Q22,39.555,40.025,39.78,40.19,38.54,38.86,38.88,39.27,0.9842000497636229,0.9882573391630232,1.0234275528393173,1.026336274001038,1.042812662169175,0.9958945011196816
tpcds_sf100_t1,tpcds,100,1,Q23,146.86,149.63,148.67000000000002,149.015,142.67,144.83,146.69,146.56,0.9855383686206088,0.9814876695849764,1.0167508187772925,1.0293684726992363,1.0444732599705615,1.0041271012985271
tpcds_sf100_t1,tpcds,100,1,Q24,69.37,20.38,21.82,21.665,24.17,13.73,13.63,14.04,3.201938610662359,3.4038272816486757,1.543091168091168,2.870086884567646,0.8963591228796027,0.94068774521117
tpcds_sf100_t1,tpcds,100,1,Q25,18.595,10.355,10.455,10.100000000000001,15.57,9.54,9.43,9.33,1.8410891089108907,1.795750845002414,1.0825294748124332,1.1942838792549775,0.6486833654463713,1.025247524752475
tpcds_sf100_t1,tpcds,100,1,Q26,3.48,2.05,2.05,2.05,2.56,1.85,1.85,1.85,1.6975609756097563,1.6975609756097563,1.108108108108108,1.359375,0.8007812499999999,1.0
tpcds_sf100_t1,tpcds,100,1,Q27,44.79,23.855,23.865000000000002,23.765,36.83,22.94,22.94,22.75,1.8847043972228066,1.8775937958499265,1.0446153846153847,1.2161281563942439,0.6452620146619604,1.0037870818430465
tpcds_sf100_t1,tpcds,100,1,Q28,32.53,32.644999999999996,32.545,32.644999999999996,32.32,32.33,32.35,32.35,0.9964772553224078,0.9964772553224078,1.0091190108191652,1.0064975247524752,1.0100556930693068,1.0
tpcds_sf100_t1,tpcds,100,1,Q29,26.79,16.14,16.035,16.86,22.33,14.66,14.76,14.75,1.5889679715302492,1.6598513011152416,1.143050847457627,1.199731303179579,0.755038065382893,0.9572953736654805
tpcds_sf100_t1,tpcds,100,1,Q30,1.74,1.85,1.75,1.69,1.74,1.74,1.74,1.64,1.029585798816568,0.9405405405405405,1.0304878048780488,1.0,0.9712643678160919,1.0946745562130178
tpcds_sf100_t1,tpcds,100,1,Q31,19.2,13.68,13.74,13.22,18.74,13.21,13.22,13.01,1.4523449319213313,1.4035087719298245,1.016141429669485,1.024546424759872,0.7054429028815369,1.0347957639939485
tpcds_sf100_t1,tpcds,100,1,Q32,0.45999999999999996,0.41,0.41,0.41,0.41,0.41,0.41,0.41,1.121951219512195,1.121951219512195,1.0,1.121951219512195,1.0,1.0
tpcds_sf100_t1,tpcds,100,1,Q33,11.58,8.2,8.21,8.1,11.17,8.0,8.0,8.0,1.4296296296296298,1.4121951219512197,1.0125,1.036705461056401,0.7251566696508505,1.0123456790123457
tpcds_sf100_t1,tpcds,100,1,Q34,15.66,8.405000000000001,8.405000000000001,8.3,13.31,8.2,8.2,8.1,1.886746987951807,1.8631766805472931,1.0246913580246915,1.1765589782118708,0.6235912847483096,1.0126506024096387
tpcds_sf100_t1,tpcds,100,1,Q35,24.965,24.965,27.235,16.54,24.44,24.14,26.72,16.08,1.5093712212817414,1.0,1.0286069651741294,1.021481178396072,0.6767594108019639,1.5093712212817414
tpcds_sf100_t1,tpcds,100,1,Q36,16.384999999999998,9.74,9.64,9.945,13.42,9.23,9.13,9.33,1.647561588738059,1.6822381930184802,1.0659163987138265,1.2209388971684052,0.7410581222056632,0.9793866264454499
tpcds_sf100_t1,tpcds,100,1,Q37,296.365,3.48,3.49,2.05,3.59,3.38,3.38,2.05,144.56829268292685,85.16235632183908,1.0,82.55292479108635,0.5710306406685236,1.6975609756097563
tpcds_sf100_t1,tpcds,100,1,Q38,33.465,34.375,37.17,29.285,32.73,33.76,35.93,28.65,1.1427351886631383,0.9735272727272728,1.0221640488656196,1.0224564619615033,0.8947448823709137,1.1738091172955438
tpcds_sf100_t1,tpcds,100,1,Q39,2.67,2.87,2.87,2.87,2.67,2.77,2.77,2.77,0.9303135888501741,0.9303135888501741,1.036101083032491,1.0,1.0749063670411985,1.0
tpcds_sf100_t1,tpcds,100,1,Q40,2.15,1.64,1.74,0.31,2.05,1.64,1.64,0.31,6.935483870967742,1.3109756097560976,1.0,1.048780487804878,0.15121951219512197,5.290322580645161
tpcds_sf100_t1,tpcds,100,1,Q41,0.11,0.11,0.11,0.11,0.11,0.11,0.11,0.11,1.0,1.0,1.0,1.0,1.0,1.0
tpcds_sf100_t1,tpcds,100,1,Q42,9.015,4.82,4.72,4.72,7.89,4.51,4.51,4.51,1.9099576271186443,1.870331950207469,1.0465631929046564,1.1425855513307985,0.5982256020278834,1.0211864406779663
tpcds_sf100_t1,tpcds,100,1,Q43,16.68,11.78,11.675,11.620000000000001,16.37,11.47,11.16,11.07,1.4354561101549053,1.4159592529711376,1.0496838301716351,1.0189370800244348,0.7098350641417227,1.0137693631669533
tpcds_sf100_t1,tpcds,100,1,Q44,300.0,300.0,300.0,300.0,300.0,300.0,300.0,300.0,1.0,1.0,1.0,1.0,1.0,1.0
tpcds_sf100_t1,tpcds,100,1,Q45,4.3,2.77,2.87,2.875,3.59,2.56,2.57,2.46,1.4956521739130435,1.5523465703971118,1.16869918699187,1.1977715877437325,0.8008356545961003,0.9634782608695652
tpcds_sf100_t1,tpcds,100,1,Q46,24.67,13.989999999999998,14.04,13.425,19.76,13.53,13.63,13.22,1.8376163873370577,1.7634024303073628,1.0155068078668683,1.248481781376518,0.6794028340080972,1.0420856610800744
tpcds_sf100_t1,tpcds,100,1,Q47,36.7,37.69,37.59,37.69,35.53,36.35,36.97,36.57,0.9737330856991245,0.9737330856991245,1.0306261963357943,1.0329299183788347,1.060793695468618,1.0
tpcds_sf100_t1,tpcds,100,1,Q48,20.634999999999998,21.875,22.64,22.229999999999997,17.61,18.95,18.76,21.21,0.9282501124606388,0.9433142857142857,1.048090523338048,1.1717773992049971,1.2623509369676318,0.9840305892937473
tpcds_sf100_t1,tpcds,100,1,Q49,11.635,10.35,10.35,10.25,11.27,10.25,10.25,10.05,1.135121951219512,1.1241545893719807,1.0199004975124377,1.0323868677905945,0.909494232475599,1.0097560975609756
tpcds_sf100_t1,tpcds,100,1,Q50,59.41,21.815,22.685000000000002,15.625,39.12,16.29,17.21,14.86,3.80224,2.7233554893421954,1.0514804845222072,1.5186605316973416,0.39941206543967284,1.39616
tpcds_sf100_t1,tpcds,100,1,Q51,68.78999999999999,69.525,69.83,66.16499999999999,67.75,68.26,68.9,65.57,1.0396735434141917,0.9894282632146708,1.0090742717706267,1.015350553505535,0.9766051660516604,1.0507821355701656
tpcds_sf100_t1,tpcds,100,1,Q52,8.91,4.82,4.77,4.82,7.89,4.61,4.61,4.52,1.8485477178423235,1.8485477178423235,1.0663716814159294,1.129277566539924,0.6108998732572878,1.0
tpcds_sf100_t1,tpcds,100,1,Q53,13.01,6.56,6.56,6.67,9.22,6.46,6.46,6.36,1.9505247376311845,1.9832317073170733,1.04874213836478,1.4110629067245117,0.7234273318872017,0.9835082458770614
tpcds_sf100_t1,tpcds,100,1,Q54,300.0,300.0,300.0,300.0,300.0,300.0,300.0,300.0,1.0,1.0,1.0,1.0,1.0,1.0
tpcds_sf100_t1,tpcds,100,1,Q55,8.965,4.87,4.87,4.92,7.99,4.71,4.72,4.62,1.8221544715447155,1.8408624229979464,1.0649350649350648,1.1220275344180224,0.6157697121401752,0.9898373983739838
tpcds_sf100_t1,tpcds,100,1,Q56,11.375,7.49,7.59,7.28,11.06,7.38,7.38,7.08,1.5625,1.5186915887850467,1.0282485875706215,1.0284810126582278,0.6582278481012658,1.0288461538461537
tpcds_sf100_t1,tpcds,100,1,Q57,11.155000000000001,11.515,11.47,11.57,10.74,11.05,11.16,10.95,0.9641313742437339,0.9687364307425098,1.05662100456621,1.038640595903166,1.0772811918063314,0.9952463267070009
tpcds_sf100_t1,tpcds,100,1,Q58,34.03,34.144999999999996,34.2,34.144999999999996,33.57,33.47,33.26,33.68,0.9966320105432714,0.9966320105432714,1.0138064133016627,1.0137027107536491,1.0171283884420612,1.0
tpcds_sf100_t1,tpcds,100,1,Q59,33.254999999999995,33.400000000000006,33.355000000000004,33.30500000000001,32.83,33.05,32.95,32.86,0.9984987239153277,0.9956586826347302,1.0135423006695072,1.0129454766981418,1.014468473956747,1.0028524245608768
tpcds_sf100_t1,tpcds,100,1,Q60,14.445,9.225000000000001,9.23,9.54,13.01,9.02,9.02,9.43,1.5141509433962266,1.5658536585365852,1.0116648992576882,1.1102997694081476,0.7332820906994619,0.966981132075472
tpcds_sf100_t1,tpcds,100,1,Q61,22.57,12.45,12.51,12.25,18.63,12.19,12.2,11.79,1.8424489795918368,1.81285140562249,1.0390161153519932,1.2114868491680086,0.6575415995705851,1.0163265306122449
tpcds_sf100_t1,tpcds,100,1,Q62,7.06,7.27,7.32,7.27,6.96,7.27,7.16,7.17,0.9711141678129298,0.9711141678129298,1.0139470013947,1.014367816091954,1.0445402298850575,1.0
tpcds_sf100_t1,tpcds,100,1,Q63,12.9,6.51,6.56,6.57,9.22,6.36,6.46,6.26,1.9634703196347032,1.9815668202764978,1.049520766773163,1.3991323210412148,0.7125813449023861,0.9908675799086757
tpcds_sf100_t1,tpcds,100,1,Q64,113.535,35.195,44.185,21.115000000000002,36.76,25.0,25.21,19.69,5.376983187307601,3.2258843585736607,1.0723717623158964,3.0885473340587595,0.5744015233949946,1.6668245323229929
tpcds_sf100_t1,tpcds,100,1,Q65,49.37,49.155,49.07,46.43,47.72,46.82,46.73,45.2,1.063321128580659,1.0043739192350727,1.027212389380531,1.0345766974015087,0.972967309304275,1.058690501830713
tpcds_sf100_t1,tpcds,100,1,Q66,7.63,4.205,4.2,4.26,6.46,4.0,4.0,4.1,1.7910798122065728,1.8145065398335314,1.0390243902439025,1.1811145510835914,0.6594427244582043,0.9870892018779344
tpcds_sf100_t1,tpcds,100,1,Q67,193.88,195.825,195.325,202.345,189.35,191.93,190.53,193.9,0.9581655094022585,0.9900676624537215,1.0435533780299122,1.0239239503564828,1.0686295220491153,0.9677778052336355
tpcds_sf100_t1,tpcds,100,1,Q68,22.275,14.754999999999999,14.76,13.22,19.36,14.34,14.25,12.81,1.6849470499243568,1.5096577431379195,1.0320062451209993,1.1505681818181819,0.6828512396694215,1.116111951588502
tpcds_sf100_t1,tpcds,100,1,Q69,11.36,11.26,11.16,5.54,11.05,10.95,11.06,5.43,2.050541516245487,1.0088809946714032,1.0202578268876612,1.0280542986425338,0.5013574660633484,2.032490974729242
tpcds_sf100_t1,tpcds,100,1,Q70,34.305,32.21,32.03,27.325,33.95,31.6,31.52,27.02,1.2554437328453798,1.0650419124495498,1.0112879348630643,1.0104565537555228,0.8048600883652429,1.1787740164684355
tpcds_sf100_t1,tpcds,100,1,Q71,13.42,11.88,11.89,7.48,13.01,11.58,11.69,7.38,1.7941176470588234,1.1296296296296295,1.013550135501355,1.0315142198308993,0.5749423520368947,1.588235294117647
tpcds_sf100_t1,tpcds,100,1,Q72,300.0,38.06,35.68,38.025,41.45,21.3,21.72,20.5,7.889546351084813,7.882291119285338,1.8548780487804877,7.237635705669481,0.9173703256936067,1.0009204470742934
tpcds_sf100_t1,tpcds,100,1,Q73,14.690000000000001,8.149999999999999,8.2,8.1,11.87,7.79,7.79,7.79,1.8135802469135804,1.8024539877300618,1.0397946084724006,1.2375737152485258,0.6823925863521483,1.0061728395061726
tpcds_sf100_t1,tpcds,100,1,Q74,64.34,57.2,60.015,55.754999999999995,61.62,54.15,56.14,54.06,1.153977221773832,1.1248251748251747,1.031354051054384,1.044141512495943,0.9048198636806232,1.025916958120348
tpcds_sf100_t1,tpcds,100,1,Q75,46.035,33.47,33.415,32.68,45.17,32.37,32.5,31.68,1.4086597307221542,1.3754108156558111,1.0315656565656566,1.0191498782377684,0.7234890413991587,1.0241738066095472
tpcds_sf100_t1,tpcds,100,1,Q76,16.39,16.240000000000002,16.45,11.89,15.98,15.78,15.68,11.68,1.3784693019343985,1.0092364532019704,1.0179794520547947,1.025657071339174,0.7440550688360451,1.3658536585365855
tpcds_sf100_t1,tpcds,100,1,Q77,14.65,9.125,9.13,9.33,14.24,9.02,9.02,9.23,1.570203644158628,1.6054794520547946,1.010834236186349,1.0287921348314606,0.6551966292134831,0.9780278670953912
tpcds_sf100_t1,tpcds,100,1,Q78,84.08500000000001,84.63,91.17,73.205,82.36,82.55,88.8,69.77,1.1486237278874396,0.9935602032376227,1.049233194782858,1.0209446333171444,0.8888416707139388,1.1560685745509187
tpcds_sf100_t1,tpcds,100,1,Q79,24.365000000000002,14.805,14.809999999999999,15.735,22.01,14.44,14.45,15.47,1.5484588496981253,1.645727794663965,1.0171299288946347,1.106996819627442,0.7149023171285779,0.9408960915157293
tpcds_sf100_t1,tpcds,100,1,Q80,31.235,16.09,16.09,12.205,30.11,15.78,15.69,11.99,2.5591970503891845,1.9412678682411435,1.0179316096747288,1.037363002324809,0.40534706077715044,1.3183121671446127
tpcds_sf100_t1,tpcds,100,1,Q81,2.46,2.46,2.465,2.62,2.26,2.26,2.26,2.46,0.9389312977099236,1.0,1.0650406504065042,1.088495575221239,1.1592920353982303,0.9389312977099236
tpcds_sf100_t1,tpcds,100,1,Q82,161.26,8.295,8.14,4.41,7.47,7.27,7.27,4.2,36.56689342403628,19.44062688366486,1.05,21.58768406961178,0.5903614457831325,1.880952380952381
tpcds_sf100_t1,tpcds,100,1,Q83,3.74,1.03,1.03,1.13,3.69,1.03,1.03,1.03,3.309734513274337,3.6310679611650487,1.0970873786407767,1.013550135501355,0.3062330623306233,0.9115044247787611
tpcds_sf100_t1,tpcds,100,1,Q84,4.255,1.54,1.54,0.82,1.54,1.54,1.54,0.82,5.189024390243903,2.7629870129870127,1.0,2.7629870129870127,0.5324675324675324,1.878048780487805
tpcds_sf100_t1,tpcds,100,1,Q85,7.33,7.635,8.149999999999999,7.59,6.56,6.87,7.07,6.87,0.9657444005270093,0.9600523903077931,1.1048034934497817,1.1173780487804879,1.1570121951219512,1.0059288537549407
tpcds_sf100_t1,tpcds,100,1,Q86,4.92,5.12,5.13,5.13,4.82,5.02,5.02,5.02,0.9590643274853802,0.9609375,1.0219123505976095,1.020746887966805,1.0643153526970954,0.9980506822612086
tpcds_sf100_t1,tpcds,100,1,Q87,35.385,36.32,38.905,31.225,34.68,35.83,38.38,30.61,1.133226581265012,0.9742566079295154,1.0200914733747142,1.0203287197231834,0.9003748558246829,1.1631705364291434
tpcds_sf100_t1,tpcds,100,1,Q88,53.975,25.935000000000002,25.990000000000002,25.675,48.63,25.08,25.07,24.76,2.1022395326192793,2.081164449585502,1.0369547657512117,1.1099115772157104,0.5279662759613407,1.010126582278481
tpcds_sf100_t1,tpcds,100,1,Q89,14.745,7.79,7.74,7.84,10.86,7.59,7.59,7.58,1.8807397959183674,1.8928112965340178,1.0343007915567282,1.3577348066298343,0.7219152854511971,0.9936224489795918
tpcds_sf100_t1,tpcds,100,1,Q90,4.3,1.95,1.95,1.9,3.48,1.85,1.85,1.85,2.263157894736842,2.2051282051282053,1.027027027027027,1.235632183908046,0.5459770114942528,1.0263157894736843
tpcds_sf100_t1,tpcds,100,1,Q91,0.52,0.31,0.31,0.31,0.41,0.31,0.31,0.31,1.6774193548387097,1.6774193548387097,1.0,1.2682926829268293,0.7560975609756098,1.0
tpcds_sf100_t1,tpcds,100,1,Q92,4.15,3.18,3.18,2.05,3.89,3.07,3.07,2.05,2.0243902439024395,1.3050314465408805,1.0,1.0668380462724936,0.5269922879177378,1.5512195121951222
tpcds_sf100_t1,tpcds,100,1,Q93,42.715,28.055,33.31,28.17,42.18,27.34,32.7,27.55,1.5163294284700035,1.5225450008911068,1.0225045372050816,1.012683736367947,0.6678520625889047,0.9959176428824991
tpcds_sf100_t1,tpcds,100,1,Q94,4.8149999999999995,3.995,3.9,3.9,4.71,3.89,3.89,3.89,1.2346153846153844,1.2052565707133915,1.0025706940874035,1.0222929936305731,0.8280254777070064,1.0243589743589745
tpcds_sf100_t1,tpcds,100,1,Q95,133.975,133.14499999999998,151.86,9.73,131.85,130.9,149.67,9.63,13.769270298047275,1.0062338052499156,1.0103842159916925,1.0161167993932498,0.07379598028062193,13.683967112024664
tpcds_sf100_t1,tpcds,100,1,Q96,7.07,4.0,4.0,3.95,6.86,3.9,3.9,3.9,1.789873417721519,1.7675,1.012820512820513,1.030612244897959,0.575801749271137,1.0126582278481011
tpcds_sf100_t1,tpcds,100,1,Q97,36.25,36.3,36.364999999999995,37.355000000000004,35.52,35.03,35.57,36.39,0.9704189532860392,0.9986225895316805,1.026518274251168,1.0205518018018016,1.0516610360360361,0.9717574621871233
tpcds_sf100_t1,tpcds,100,1,Q98,8.3,5.33,5.33,5.03,8.09,5.23,5.23,4.92,1.6500994035785288,1.5572232645403379,1.0223577235772359,1.0259579728059334,0.6217552533992584,1.059642147117296
tpcds_sf100_t1,tpcds,100,1,Q99,7.37,7.57,7.57,9.925,7.26,7.47,7.47,9.73,0.7425692695214106,0.9735799207397622,1.0200411099691675,1.0151515151515151,1.3670798898071628,0.76272040302267
appian_t8,appian,0,8,q01,0.62,0.62,0.62,0.62,0.51,0.51,0.62,0.52,1.0,1.0,1.1923076923076923,1.2156862745098038,1.2156862745098038,1.0
appian_t8,appian,0,8,q02,2.26,2.36,2.67,2.36,2.26,2.26,2.67,2.26,0.9576271186440678,0.9576271186440678,1.0442477876106195,1.0,1.0442477876106195,1.0
appian_t8,appian,0,8,q03,1.23,1.13,1.44,1.13,1.13,1.03,1.34,1.13,1.088495575221239,1.088495575221239,1.0,1.088495575221239,1.0,1.0
appian_t8,appian,0,8,q04,4.0,4.0,4.72,4.0,3.9,3.9,4.72,3.9,1.0,1.0,1.0256410256410258,1.0256410256410258,1.0256410256410258,1.0
appian_t8,appian,0,8,q05,1.03,1.03,1.13,1.03,1.03,1.03,1.13,1.03,1.0,1.0,1.0,1.0,1.0,1.0
appian_t8,appian,0,8,q06,1.13,1.13,1.85,1.13,1.13,1.13,1.75,1.13,1.0,1.0,1.0,1.0,1.0,1.0
appian_t8,appian,0,8,q07,1.34,1.34,1.54,1.44,1.33,1.33,1.54,1.34,0.9305555555555557,1.0,1.0746268656716418,1.0075187969924813,1.0827067669172932,0.9305555555555557
appian_t8,appian,0,8,q08,4.92,4.92,5.33,4.97,4.92,4.82,5.23,4.92,0.9899396378269618,1.0,1.0101626016260161,1.0,1.0101626016260161,0.9899396378269618
job_t8,job,0,8,10a,0.36,0.31,0.31,0.21,0.21,0.21,0.21,0.21,1.7142857142857142,1.161290322580645,1.0,1.7142857142857142,1.0,1.4761904761904763
job_t8,job,0,8,10b,0.31,0.21,0.21,0.21,0.21,0.21,0.21,0.21,1.4761904761904763,1.4761904761904763,1.0,1.4761904761904763,1.0,1.0
job_t8,job,0,8,10c,0.52,0.52,0.52,0.41,0.41,0.41,0.41,0.41,1.2682926829268293,1.0,1.0,1.2682926829268293,1.0,1.2682926829268293
job_t8,job,0,8,11a,0.11,0.11,0.11,0.11,0.11,0.11,0.11,0.11,1.0,1.0,1.0,1.0,1.0,1.0
job_t8,job,0,8,11b,0.11,0.11,0.11,0.11,0.11,0.11,0.11,0.11,1.0,1.0,1.0,1.0,1.0,1.0
job_t8,job,0,8,11c,0.21,0.11,0.11,0.11,0.11,0.11,0.11,0.11,1.909090909090909,1.909090909090909,1.0,1.909090909090909,1.0,1.0
job_t8,job,0,8,11d,0.21,0.11,0.11,0.11,0.11,0.11,0.11,0.11,1.909090909090909,1.909090909090909,1.0,1.909090909090909,1.0,1.0
job_t8,job,0,8,12a,0.21,0.21,0.21,0.11,0.21,0.11,0.11,0.11,1.909090909090909,1.0,1.0,1.0,0.5238095238095238,1.909090909090909
job_t8,job,0,8,12b,0.21,0.21,0.21,0.11,0.21,0.11,0.11,0.11,1.909090909090909,1.0,1.0,1.0,0.5238095238095238,1.909090909090909
job_t8,job,0,8,12c,0.31,0.21,0.21,0.21,0.21,0.21,0.21,0.21,1.4761904761904763,1.4761904761904763,1.0,1.4761904761904763,1.0,1.0
job_t8,job,0,8,13a,0.82,0.21,0.21,0.21,0.31,0.21,0.21,0.21,3.9047619047619047,3.9047619047619047,1.0,2.6451612903225805,0.6774193548387096,1.0
job_t8,job,0,8,13b,0.31,0.21,0.21,0.11,0.21,0.11,0.11,0.11,2.8181818181818183,1.4761904761904763,1.0,1.4761904761904763,0.5238095238095238,1.909090909090909
job_t8,job,0,8,13c,0.31,0.11,0.11,0.11,0.21,0.11,0.11,0.11,2.8181818181818183,2.8181818181818183,1.0,1.4761904761904763,0.5238095238095238,1.0
job_t8,job,0,8,13d,0.77,0.41,0.41,0.41,0.31,0.31,0.31,0.31,1.878048780487805,1.878048780487805,1.3225806451612903,2.4838709677419355,1.3225806451612903,1.0
job_t8,job,0,8,14a,0.52,0.11,0.11,0.11,0.21,0.11,0.11,0.11,4.7272727272727275,4.7272727272727275,1.0,2.4761904761904763,0.5238095238095238,1.0
job_t8,job,0,8,14b,0.41,0.11,0.11,0.11,0.21,0.11,0.11,0.11,3.727272727272727,3.727272727272727,1.0,1.9523809523809523,0.5238095238095238,1.0
job_t8,job,0,8,14c,0.52,0.21,0.21,0.21,0.31,0.21,0.21,0.11,2.4761904761904763,2.4761904761904763,1.909090909090909,1.6774193548387097,0.6774193548387096,1.0
job_t8,job,0,8,15a,0.41,0.31,0.31,0.31,0.31,0.31,0.21,0.21,1.3225806451612903,1.3225806451612903,1.4761904761904763,1.3225806451612903,1.0,1.0
job_t8,job,0,8,15b,0.41,0.21,0.26,0.21,0.21,0.21,0.21,0.21,1.9523809523809523,1.9523809523809523,1.0,1.9523809523809523,1.0,1.0
job_t8,job,0,8,15c,0.41,0.31,0.31,0.21,0.31,0.31,0.31,0.21,1.9523809523809523,1.3225806451612903,1.0,1.3225806451612903,0.6774193548387096,1.4761904761904763
job_t8,job,0,8,15d,0.31,0.21,0.21,0.21,0.21,0.21,0.21,0.21,1.4761904761904763,1.4761904761904763,1.0,1.4761904761904763,1.0,1.0
job_t8,job,0,8,16a,0.9749999999999999,0.31,0.31,0.21,0.62,0.31,0.31,0.21,4.642857142857142,3.14516129032258,1.0,1.57258064516129,0.3387096774193548,1.4761904761904763
job_t8,job,0,8,16b,22.18,0.875,1.03,0.82,2.87,0.62,0.62,0.52,27.04878048780488,25.34857142857143,1.5769230769230769,7.7282229965156795,0.2857142857142857,1.0670731707317074
job_t8,job,0,8,16c,3.075,0.52,0.5700000000000001,0.52,1.64,0.41,0.41,0.31,5.913461538461538,5.913461538461538,1.6774193548387097,1.8750000000000002,0.3170731707317073,1.0
job_t8,job,0,8,16d,2.77,0.52,0.52,0.46499999999999997,1.44,0.41,0.41,0.31,5.956989247311828,5.326923076923077,1.5,1.9236111111111112,0.32291666666666663,1.1182795698924732
job_t8,job,0,8,17a,3.6399999999999997,0.41,0.52,0.41,0.62,0.31,0.31,0.31,8.878048780487804,8.878048780487804,1.3225806451612903,5.870967741935483,0.6612903225806451,1.0
job_t8,job,0,8,17b,2.0,0.31,0.36,0.41,0.41,0.31,0.31,0.31,4.878048780487805,6.451612903225807,1.3225806451612903,4.878048780487805,1.0,0.7560975609756098
job_t8,job,0,8,17c,1.7449999999999999,0.31,0.31,0.21,0.41,0.21,0.21,0.21,8.309523809523808,5.629032258064516,1.0,4.2560975609756095,0.5121951219512195,1.4761904761904763
job_t8,job,0,8,17d,2.155,0.31,0.31,0.31,0.52,0.31,0.31,0.31,6.951612903225806,6.951612903225806,1.0,4.144230769230768,0.5961538461538461,1.0
job_t8,job,0,8,17e,16.595,0.72,0.82,0.62,1.95,0.52,0.52,0.41,26.766129032258064,23.04861111111111,1.5121951219512195,8.51025641025641,0.31794871794871793,1.161290322580645
job_t8,job,0,8,17f,4.715,0.52,0.52,0.52,1.13,0.41,0.41,0.41,9.067307692307692,9.067307692307692,1.2682926829268293,4.172566371681416,0.4601769911504425,1.0
job_t8,job,0,8,18a,0.46499999999999997,0.36,0.31,0.31,0.31,0.31,0.31,0.31,1.5,1.2916666666666665,1.0,1.5,1.0,1.161290322580645
job_t8,job,0,8,18b,0.52,0.31,0.31,0.31,0.41,0.31,0.31,0.31,1.6774193548387097,1.6774193548387097,1.0,1.2682926829268293,0.7560975609756098,1.0
job_t8,job,0,8,18c,0.72,0.46499999999999997,0.52,0.41,0.52,0.41,0.41,0.41,1.7560975609756098,1.5483870967741935,1.0,1.3846153846153846,0.7884615384615384,1.1341463414634145
job_t8,job,0,8,19a,0.62,0.41,0.41,0.31,0.41,0.31,0.31,0.31,2.0,1.5121951219512195,1.0,1.5121951219512195,0.7560975609756098,1.3225806451612903
job_t8,job,0,8,19b,0.5700000000000001,0.31,0.31,0.31,0.31,0.31,0.31,0.31,1.838709677419355,1.838709677419355,1.0,1.838709677419355,1.0,1.0
job_t8,job,0,8,19c,0.62,0.41,0.41,0.31,0.41,0.31,0.31,0.31,2.0,1.5121951219512195,1.0,1.5121951219512195,0.7560975609756098,1.3225806451612903
job_t8,job,0,8,19d,0.77,0.5700000000000001,0.62,0.52,0.51,0.41,0.41,0.31,1.4807692307692308,1.3508771929824561,1.6774193548387097,1.5098039215686274,1.0196078431372548,1.0961538461538463
job_t8,job,0,8,1a,0.21,0.11,0.11,0.11,0.11,0.11,0.11,0.11,1.909090909090909,1.909090909090909,1.0,1.909090909090909,1.0,1.0
job_t8,job,0,8,1b,0.21,0.11,0.11,0.11,0.11,0.11,0.11,0.11,1.909090909090909,1.909090909090909,1.0,1.909090909090909,1.0,1.0
job_t8,job,0,8,1c,0.11,0.11,0.11,0.11,0.11,0.11,0.11,0.11,1.0,1.0,1.0,1.0,1.0,1.0
job_t8,job,0,8,1d,0.21,0.11,0.11,0.11,0.11,0.11,0.11,0.11,1.909090909090909,1.909090909090909,1.0,1.909090909090909,1.0,1.0
job_t8,job,0,8,20a,1.44,0.41,0.41,0.31,0.31,0.31,0.31,0.31,4.64516129032258,3.5121951219512195,1.0,4.64516129032258,1.0,1.3225806451612903
job_t8,job,0,8,20b,0.36,0.31,0.31,0.21,0.21,0.21,0.21,0.21,1.7142857142857142,1.161290322580645,1.0,1.7142857142857142,1.0,1.4761904761904763
job_t8,job,0,8,20c,1.49,0.41,0.41,0.41,0.52,0.31,0.31,0.31,3.6341463414634148,3.6341463414634148,1.3225806451612903,2.8653846153846154,0.7884615384615384,1.0
job_t8,job,0,8,21a,0.21,0.21,0.21,0.21,0.21,0.21,0.21,0.21,1.0,1.0,1.0,1.0,1.0,1.0
job_t8,job,0,8,21b,0.21,0.21,0.21,0.21,0.21,0.21,0.21,0.21,1.0,1.0,1.0,1.0,1.0,1.0
job_t8,job,0,8,21c,0.21,0.21,0.21,0.21,0.21,0.21,0.21,0.21,1.0,1.0,1.0,1.0,1.0,1.0
job_t8,job,0,8,22a,0.52,0.21,0.21,0.21,0.31,0.21,0.21,0.21,2.4761904761904763,2.4761904761904763,1.0,1.6774193548387097,0.6774193548387096,1.0
job_t8,job,0,8,22b,0.41,0.21,0.21,0.21,0.31,0.21,0.21,0.21,1.9523809523809523,1.9523809523809523,1.0,1.3225806451612903,0.6774193548387096,1.0
job_t8,job,0,8,22c,0.62,0.21,0.21,0.21,0.41,0.21,0.21,0.21,2.9523809523809526,2.9523809523809526,1.0,1.5121951219512195,0.5121951219512195,1.0
job_t8,job,0,8,22d,0.82,0.21,0.21,0.21,0.41,0.21,0.21,0.21,3.9047619047619047,3.9047619047619047,1.0,2.0,0.5121951219512195,1.0
job_t8,job,0,8,23a,0.36,0.21,0.21,0.21,0.21,0.21,0.21,0.21,1.7142857142857142,1.7142857142857142,1.0,1.7142857142857142,1.0,1.0
job_t8,job,0,8,23b,0.36,0.21,0.21,0.21,0.21,0.21,0.21,0.21,1.7142857142857142,1.7142857142857142,1.0,1.7142857142857142,1.0,1.0
job_t8,job,0,8,23c,0.41,0.31,0.31,0.31,0.21,0.21,0.21,0.21,1.3225806451612903,1.3225806451612903,1.4761904761904763,1.9523809523809523,1.4761904761904763,1.0
job_t8,job,0,8,24a,0.62,0.41,0.41,0.31,0.41,0.31,0.31,0.31,2.0,1.5121951219512195,1.0,1.5121951219512195,0.7560975609756098,1.3225806451612903
job_t8,job,0,8,24b,0.62,0.31,0.31,0.31,0.41,0.21,0.31,0.21,2.0,2.0,1.4761904761904763,1.5121951219512195,0.7560975609756098,1.0
job_t8,job,0,8,25a,0.82,0.41,0.41,0.41,0.72,0.41,0.41,0.41,2.0,2.0,1.0,1.1388888888888888,0.5694444444444444,1.0
job_t8,job,0,8,25b,0.72,0.36,0.31,0.31,0.62,0.21,0.21,0.21,2.32258064516129,2.0,1.4761904761904763,1.161290322580645,0.5,1.161290322580645
job_t8,job,0,8,25c,0.875,0.52,0.52,0.52,0.62,0.41,0.41,0.41,1.6826923076923077,1.6826923076923077,1.2682926829268293,1.4112903225806452,0.8387096774193549,1.0
job_t8,job,0,8,26a,1.13,0.41,0.41,0.36,0.52,0.31,0.31,0.31,3.138888888888889,2.7560975609756095,1.161290322580645,2.173076923076923,0.6923076923076923,1.1388888888888888
job_t8,job,0,8,26b,1.03,0.31,0.31,0.31,0.51,0.31,0.31,0.31,3.3225806451612905,3.3225806451612905,1.0,2.019607843137255,0.6078431372549019,1.0
job_t8,job,0,8,26c,1.13,0.41,0.41,0.36,0.62,0.31,0.31,0.31,3.138888888888889,2.7560975609756095,1.161290322580645,1.8225806451612903,0.5806451612903225,1.1388888888888888
job_t8,job,0,8,27a,0.21,0.21,0.21,0.21,0.21,0.21,0.21,0.21,1.0,1.0,1.0,1.0,1.0,1.0
job_t8,job,0,8,27b,0.21,0.21,0.21,0.11,0.21,0.11,0.11,0.11,1.909090909090909,1.0,1.0,1.0,0.5238095238095238,1.909090909090909
job_t8,job,0,8,27c,0.21,0.21,0.21,0.21,0.21,0.21,0.21,0.21,1.0,1.0,1.0,1.0,1.0,1.0
job_t8,job,0,8,28a,1.2349999999999999,0.21,0.21,0.21,0.31,0.21,0.21,0.21,5.8809523809523805,5.8809523809523805,1.0,3.983870967741935,0.6774193548387096,1.0
job_t8,job,0,8,28b,0.46499999999999997,0.21,0.21,0.21,0.21,0.21,0.21,0.21,2.2142857142857144,2.2142857142857144,1.0,2.2142857142857144,1.0,1.0
job_t8,job,0,8,28c,1.08,0.21,0.21,0.21,0.41,0.21,0.21,0.21,5.142857142857143,5.142857142857143,1.0,2.6341463414634148,0.5121951219512195,1.0
job_t8,job,0,8,29a,0.77,0.31,0.31,0.31,0.41,0.31,0.31,0.31,2.4838709677419355,2.4838709677419355,1.0,1.878048780487805,0.7560975609756098,1.0
job_t8,job,0,8,29b,0.52,0.31,0.31,0.31,0.41,0.31,0.31,0.31,1.6774193548387097,1.6774193548387097,1.0,1.2682926829268293,0.7560975609756098,1.0
job_t8,job,0,8,29c,1.235,0.41,0.41,0.31,0.52,0.31,0.31,0.31,3.983870967741936,3.01219512195122,1.0,2.375,0.5961538461538461,1.3225806451612903
job_t8,job,0,8,2a,0.21,0.21,0.21,0.11,0.21,0.11,0.11,0.11,1.909090909090909,1.0,1.0,1.0,0.5238095238095238,1.909090909090909
job_t8,job,0,8,2b,0.21,0.11,0.11,0.11,0.21,0.11,0.11,0.11,1.909090909090909,1.909090909090909,1.0,1.0,0.5238095238095238,1.0
job_t8,job,0,8,2c,0.21,0.11,0.11,0.11,0.11,0.11,0.11,0.11,1.909090909090909,1.909090909090909,1.0,1.909090909090909,1.0,1.0
job_t8,job,0,8,2d,0.21,0.21,0.21,0.21,0.21,0.21,0.21,0.21,1.0,1.0,1.0,1.0,1.0,1.0
job_t8,job,0,8,30a,0.82,0.41,0.41,0.41,0.62,0.31,0.41,0.31,2.0,2.0,1.3225806451612903,1.3225806451612903,0.6612903225806451,1.0
job_t8,job,0,8,30b,0.72,0.41,0.41,0.31,0.52,0.31,0.31,0.31,2.32258064516129,1.7560975609756098,1.0,1.3846153846153846,0.5961538461538461,1.3225806451612903
job_t8,job,0,8,30c,0.92,0.41,0.41,0.41,0.62,0.41,0.41,0.41,2.2439024390243905,2.2439024390243905,1.0,1.4838709677419355,0.6612903225806451,1.0
job_t8,job,0,8,31a,0.82,0.41,0.41,0.41,0.72,0.31,0.31,0.31,2.0,2.0,1.3225806451612903,1.1388888888888888,0.5694444444444444,1.0
job_t8,job,0,8,31b,0.72,0.41,0.41,0.41,0.52,0.31,0.31,0.21,1.7560975609756098,1.7560975609756098,1.9523809523809523,1.3846153846153846,0.7884615384615384,1.0
job_t8,job,0,8,31c,1.13,0.52,0.52,0.41,0.62,0.41,0.41,0.41,2.7560975609756095,2.173076923076923,1.0,1.8225806451612903,0.6612903225806451,1.2682926829268293
job_t8,job,0,8,32a,0.11,0.11,0.11,0.11,0.11,0.11,0.11,0.11,1.0,1.0,1.0,1.0,1.0,1.0
job_t8,job,0,8,32b,0.21,0.11,0.11,0.11,0.11,0.11,0.11,0.11,1.909090909090909,1.909090909090909,1.0,1.909090909090909,1.0,1.0
job_t8,job,0,8,33a,0.31,0.11,0.11,0.11,0.21,0.11,0.11,0.11,2.8181818181818183,2.8181818181818183,1.0,1.4761904761904763,0.5238095238095238,1.0
job_t8,job,0,8,33b,0.21,0.11,0.11,0.11,0.21,0.11,0.11,0.11,1.909090909090909,1.909090909090909,1.0,1.0,0.5238095238095238,1.0
job_t8,job,0,8,33c,0.31,0.21,0.21,0.21,0.31,0.21,0.21,0.11,1.4761904761904763,1.4761904761904763,1.909090909090909,1.0,0.6774193548387096,1.0
job_t8,job,0,8,3a,0.52,0.41,0.41,0.31,0.41,0.31,0.31,0.31,1.6774193548387097,1.2682926829268293,1.0,1.2682926829268293,0.7560975609756098,1.3225806451612903
job_t8,job,0,8,3b,0.31,0.31,0.31,0.31,0.31,0.31,0.31,0.31,1.0,1.0,1.0,1.0,1.0,1.0
job_t8,job,0,8,3c,0.52,0.41,0.41,0.31,0.51,0.31,0.31,0.31,1.6774193548387097,1.2682926829268293,1.0,1.0196078431372548,0.6078431372549019,1.3225806451612903
job_t8,job,0,8,4a,0.21,0.21,0.21,0.11,0.21,0.21,0.21,0.11,1.909090909090909,1.0,1.0,1.0,0.5238095238095238,1.909090909090909
job_t8,job,0,8,4b,0.21,0.21,0.21,0.11,0.11,0.11,0.11,0.11,1.909090909090909,1.0,1.0,1.909090909090909,1.0,1.909090909090909
job_t8,job,0,8,4c,0.26,0.21,0.21,0.11,0.21,0.21,0.21,0.11,2.3636363636363638,1.2380952380952381,1.0,1.2380952380952381,0.5238095238095238,1.909090909090909
job_t8,job,0,8,5a,0.41,0.11,0.11,0.11,0.41,0.11,0.11,0.11,3.727272727272727,3.727272727272727,1.0,1.0,0.2682926829268293,1.0
job_t8,job,0,8,5b,0.31,0.11,0.11,0.11,0.31,0.11,0.11,0.11,2.8181818181818183,2.8181818181818183,1.0,1.0,0.3548387096774194,1.0
job_t8,job,0,8,5c,0.52,0.31,0.31,0.31,0.41,0.31,0.31,0.31,1.6774193548387097,1.6774193548387097,1.0,1.2682926829268293,0.7560975609756098,1.0
job_t8,job,0,8,6a,0.21,0.21,0.21,0.21,0.21,0.21,0.21,0.21,1.0,1.0,1.0,1.0,1.0,1.0
job_t8,job,0,8,6b,0.21,0.21,0.21,0.21,0.21,0.21,0.21,0.21,1.0,1.0,1.0,1.0,1.0,1.0
job_t8,job,0,8,6c,0.21,0.21,0.21,0.21,0.21,0.21,0.21,0.21,1.0,1.0,1.0,1.0,1.0,1.0
job_t8,job,0,8,6d,0.31,0.31,0.31,0.21,0.21,0.21,0.21,0.21,1.4761904761904763,1.0,1.0,1.4761904761904763,1.0,1.4761904761904763
job_t8,job,0,8,6e,0.21,0.21,0.21,0.21,0.21,0.21,0.21,0.21,1.0,1.0,1.0,1.0,1.0,1.0
job_t8,job,0,8,6f,1.85,1.85,2.46,1.85,1.54,1.54,1.95,1.64,1.0,1.0,1.128048780487805,1.2012987012987013,1.2012987012987013,1.0
job_t8,job,0,8,7a,0.62,0.31,0.31,0.31,0.51,0.31,0.31,0.31,2.0,2.0,1.0,1.2156862745098038,0.6078431372549019,1.0
job_t8,job,0,8,7b,0.52,0.31,0.31,0.31,0.51,0.21,0.21,0.21,1.6774193548387097,1.6774193548387097,1.4761904761904763,1.0196078431372548,0.6078431372549019,1.0
job_t8,job,0,8,7c,1.03,0.62,0.62,0.62,0.72,0.41,0.41,0.41,1.6612903225806452,1.6612903225806452,1.5121951219512195,1.4305555555555556,0.8611111111111112,1.0
job_t8,job,0,8,8a,0.31,0.21,0.21,0.21,0.21,0.21,0.21,0.21,1.4761904761904763,1.4761904761904763,1.0,1.4761904761904763,1.0,1.0
job_t8,job,0,8,8b,0.31,0.21,0.21,0.21,0.21,0.21,0.21,0.21,1.4761904761904763,1.4761904761904763,1.0,1.4761904761904763,1.0,1.0
job_t8,job,0,8,8c,0.5700000000000001,0.52,0.62,0.52,0.52,0.52,0.62,0.52,1.0961538461538463,1.0961538461538463,1.0,1.0961538461538463,1.0,1.0
job_t8,job,0,8,8d,0.41,0.41,0.41,0.41,0.31,0.31,0.31,0.31,1.0,1.0,1.3225806451612903,1.3225806451612903,1.3225806451612903,1.0
job_t8,job,0,8,9a,0.41,0.31,0.31,0.31,0.31,0.31,0.31,0.21,1.3225806451612903,1.3225806451612903,1.4761904761904763,1.3225806451612903,1.0,1.0
job_t8,job,0,8,9b,0.41,0.26,0.26,0.21,0.31,0.21,0.21,0.21,1.9523809523809523,1.5769230769230769,1.0,1.3225806451612903,0.6774193548387096,1.2380952380952381
job_t8,job,0,8,9c,0.41,0.31,0.31,0.31,0.31,0.31,0.31,0.21,1.3225806451612903,1.3225806451612903,1.4761904761904763,1.3225806451612903,1.0,1.0
job_t8,job,0,8,9d,0.52,0.52,0.52,0.41,0.41,0.41,0.41,0.31,1.2682926829268293,1.0,1.3225806451612903,1.2682926829268293,1.0,1.2682926829268293
tpch_sf10_t8,tpch,10,8,Q01,0.52,0.52,0.52,0.52,0.51,0.51,0.51,0.52,1.0,1.0,1.0,1.0196078431372548,1.0196078431372548,1.0
tpch_sf10_t8,tpch,10,8,Q02,0.31,0.21,0.21,0.21,0.21,0.21,0.21,0.21,1.4761904761904763,1.4761904761904763,1.0,1.4761904761904763,1.0,1.0
tpch_sf10_t8,tpch,10,8,Q03,0.82,0.41,0.52,0.41,0.82,0.41,0.52,0.41,2.0,2.0,1.0,1.0,0.5,1.0
tpch_sf10_t8,tpch,10,8,Q04,0.52,0.52,0.72,0.52,0.52,0.52,0.72,0.52,1.0,1.0,1.0,1.0,1.0,1.0
tpch_sf10_t8,tpch,10,8,Q05,1.23,1.03,1.2850000000000001,0.875,1.03,0.72,0.72,0.52,1.4057142857142857,1.1941747572815533,1.6826923076923077,1.1941747572815533,0.8495145631067961,1.1771428571428573
tpch_sf10_t8,tpch,10,8,Q06,0.31,0.31,0.31,0.31,0.31,0.31,0.31,0.31,1.0,1.0,1.0,1.0,1.0,1.0
tpch_sf10_t8,tpch,10,8,Q07,1.34,0.52,0.52,0.46499999999999997,0.82,0.51,0.52,0.41,2.8817204301075274,2.576923076923077,1.1341463414634145,1.6341463414634148,0.5670731707317073,1.1182795698924732
tpch_sf10_t8,tpch,10,8,Q08,1.13,0.62,0.62,0.52,0.82,0.52,0.52,0.52,2.173076923076923,1.8225806451612903,1.0,1.3780487804878048,0.6341463414634146,1.1923076923076923
tpch_sf10_t8,tpch,10,8,Q09,2.26,1.13,1.23,0.93,1.85,0.93,1.13,0.93,2.43010752688172,2.0,1.0,1.2216216216216214,0.5027027027027027,1.21505376344086
tpch_sf10_t8,tpch,10,8,Q10,0.82,0.62,0.62,0.62,0.82,0.62,0.62,0.62,1.3225806451612903,1.3225806451612903,1.0,1.0,0.7560975609756098,1.0
tpch_sf10_t8,tpch,10,8,Q11,0.21,0.21,0.21,0.21,0.21,0.21,0.21,0.21,1.0,1.0,1.0,1.0,1.0,1.0
tpch_sf10_t8,tpch,10,8,Q12,0.41,0.41,0.52,0.41,0.41,0.41,0.52,0.41,1.0,1.0,1.0,1.0,1.0,1.0
tpch_sf10_t8,tpch,10,8,Q13,0.93,0.93,1.03,0.93,0.93,0.93,0.93,0.93,1.0,1.0,1.0,1.0,1.0,1.0
tpch_sf10_t8,tpch,10,8,Q14,0.62,0.62,0.62,0.41,0.52,0.52,0.62,0.31,1.5121951219512195,1.0,1.3225806451612903,1.1923076923076923,0.7884615384615384,1.5121951219512195
tpch_sf10_t8,tpch,10,8,Q15,0.41,0.41,0.41,0.41,0.41,0.41,0.41,0.31,1.0,1.0,1.3225806451612903,1.0,1.0,1.0
tpch_sf10_t8,tpch,10,8,Q16,0.31,0.31,0.31,0.31,0.31,0.31,0.31,0.31,1.0,1.0,1.0,1.0,1.0,1.0
tpch_sf10_t8,tpch,10,8,Q17,0.72,0.72,0.72,0.52,0.72,0.72,0.72,0.51,1.3846153846153846,1.0,1.0196078431372548,1.0,0.7222222222222223,1.3846153846153846
tpch_sf10_t8,tpch,10,8,Q18,2.16,2.16,2.77,2.16,2.15,2.15,2.77,2.15,1.0,1.0,1.0046511627906978,1.0046511627906978,1.0046511627906978,1.0
tpch_sf10_t8,tpch,10,8,Q19,0.72,0.72,0.82,0.52,0.72,0.72,0.82,0.52,1.3846153846153846,1.0,1.0,1.0,0.7222222222222223,1.3846153846153846
tpch_sf10_t8,tpch,10,8,Q20,0.62,0.52,0.52,0.52,0.62,0.51,0.52,0.52,1.1923076923076923,1.1923076923076923,1.0,1.0,0.8387096774193549,1.0
tpch_sf10_t8,tpch,10,8,Q21,1.85,1.44,1.95,1.34,1.54,1.44,1.85,1.33,1.380597014925373,1.2847222222222223,1.0075187969924813,1.2012987012987013,0.8701298701298702,1.0746268656716418
tpch_sf10_t8,tpch,10,8,Q22,0.31,0.31,0.31,0.31,0.31,0.31,0.31,0.31,1.0,1.0,1.0,1.0,1.0,1.0
tpch_sf20_t8,tpch,20,8,Q01,1.03,1.03,1.03,1.03,1.03,1.03,1.03,1.03,1.0,1.0,1.0,1.0,1.0,1.0
tpch_sf20_t8,tpch,20,8,Q02,0.41,0.31,0.31,0.31,0.31,0.31,0.31,0.31,1.3225806451612903,1.3225806451612903,1.0,1.3225806451612903,1.0,1.0
tpch_sf20_t8,tpch,20,8,Q03,1.54,0.82,0.82,0.82,1.54,0.82,0.82,0.82,1.878048780487805,1.878048780487805,1.0,1.0,0.5324675324675324,1.0
tpch_sf20_t8,tpch,20,8,Q04,0.93,1.03,1.34,1.03,0.93,0.93,1.23,0.93,0.9029126213592233,0.9029126213592233,1.10752688172043,1.0,1.10752688172043,1.0
tpch_sf20_t8,tpch,20,8,Q05,2.36,1.9,1.75,1.64,2.05,1.13,1.23,0.93,1.4390243902439024,1.2421052631578948,1.7634408602150535,1.151219512195122,0.8,1.1585365853658536
tpch_sf20_t8,tpch,20,8,Q06,0.41,0.41,0.41,0.41,0.41,0.41,0.41,0.41,1.0,1.0,1.0,1.0,1.0,1.0
tpch_sf20_t8,tpch,20,8,Q07,2.26,0.82,0.82,0.82,1.54,0.82,0.82,0.82,2.7560975609756095,2.7560975609756095,1.0,1.4675324675324675,0.5324675324675324,1.0
tpch_sf20_t8,tpch,20,8,Q08,2.1550000000000002,0.93,0.93,0.875,1.44,0.82,0.93,0.82,2.462857142857143,2.317204301075269,1.0670731707317074,1.496527777777778,0.607638888888889,1.062857142857143
tpch_sf20_t8,tpch,20,8,Q09,4.46,2.05,2.26,1.75,3.69,1.85,2.05,1.75,2.5485714285714285,2.175609756097561,1.0,1.2086720867208671,0.4742547425474255,1.1714285714285713
tpch_sf20_t8,tpch,20,8,Q10,1.44,1.03,1.13,1.13,1.44,1.03,1.13,1.13,1.2743362831858407,1.3980582524271843,1.0,1.0,0.7847222222222222,0.9115044247787611
tpch_sf20_t8,tpch,20,8,Q11,0.31,0.31,0.31,0.21,0.21,0.21,0.21,0.21,1.4761904761904763,1.0,1.0,1.4761904761904763,1.0,1.4761904761904763
tpch_sf20_t8,tpch,20,8,Q12,0.82,0.82,0.82,0.72,0.72,0.72,0.82,0.62,1.1388888888888888,1.0,1.161290322580645,1.1388888888888888,1.0,1.1388888888888888
tpch_sf20_t8,tpch,20,8,Q13,1.75,1.75,1.95,1.75,1.74,1.75,1.85,1.75,1.0,1.0,1.0,1.0057471264367817,1.0057471264367817,1.0
tpch_sf20_t8,tpch,20,8,Q14,1.03,1.03,1.03,0.52,1.03,1.03,1.03,0.52,1.9807692307692308,1.0,1.0,1.0,0.5048543689320388,1.9807692307692308
tpch_sf20_t8,tpch,20,8,Q15,0.62,0.62,0.62,0.62,0.62,0.62,0.62,0.62,1.0,1.0,1.0,1.0,1.0,1.0
tpch_sf20_t8,tpch,20,8,Q16,0.62,0.62,0.62,0.62,0.52,0.52,0.52,0.52,1.0,1.0,1.1923076923076923,1.1923076923076923,1.1923076923076923,1.0
tpch_sf20_t8,tpch,20,8,Q17,1.44,1.34,1.44,1.03,1.33,1.33,1.33,1.03,1.3980582524271843,1.0746268656716418,1.0,1.0827067669172932,0.7744360902255639,1.3009708737864079
tpch_sf20_t8,tpch,20,8,Q18,4.31,4.31,5.54,4.31,4.31,4.31,5.44,4.31,1.0,1.0,1.0,1.0,1.0,1.0
tpch_sf20_t8,tpch,20,8,Q19,1.34,1.34,1.44,1.03,1.33,1.33,1.44,1.03,1.3009708737864079,1.0,1.0,1.0075187969924813,0.7744360902255639,1.3009708737864079
tpch_sf20_t8,tpch,20,8,Q20,1.13,0.82,0.82,0.82,1.03,0.82,0.82,0.82,1.3780487804878048,1.3780487804878048,1.0,1.0970873786407767,0.7961165048543689,1.0
tpch_sf20_t8,tpch,20,8,Q21,3.59,2.62,3.69,2.46,2.87,2.56,3.59,2.46,1.4593495934959348,1.3702290076335877,1.0,1.2508710801393728,0.8571428571428571,1.0650406504065042
tpch_sf20_t8,tpch,20,8,Q22,0.52,0.52,0.62,0.52,0.52,0.52,0.62,0.52,1.0,1.0,1.0,1.0,1.0,1.0
tpch_sf50_t8,tpch,50,8,Q01,2.36,2.36,2.36,2.36,2.36,2.36,2.36,2.36,1.0,1.0,1.0,1.0,1.0,1.0
tpch_sf50_t8,tpch,50,8,Q02,0.82,0.62,0.62,0.6699999999999999,0.62,0.52,0.52,0.52,1.2238805970149254,1.3225806451612903,1.2884615384615383,1.3225806451612903,1.0806451612903225,0.9253731343283583
tpch_sf50_t8,tpch,50,8,Q03,3.69,1.95,1.95,1.85,3.59,1.95,1.95,1.85,1.9945945945945944,1.8923076923076922,1.0,1.0278551532033426,0.5153203342618384,1.054054054054054
tpch_sf50_t8,tpch,50,8,Q04,2.36,2.36,3.28,2.36,2.36,2.36,2.87,2.36,1.0,1.0,1.0,1.0,1.0,1.0
tpch_sf50_t8,tpch,50,8,Q05,6.05,3.6399999999999997,4.154999999999999,3.08,5.23,2.88,3.08,2.36,1.9642857142857142,1.6620879120879122,1.305084745762712,1.1567877629063097,0.5889101338432122,1.1818181818181817
tpch_sf50_t8,tpch,50,8,Q06,1.03,1.03,1.03,1.03,1.03,1.03,1.03,1.03,1.0,1.0,1.0,1.0,1.0,1.0
tpch_sf50_t8,tpch,50,8,Q07,6.255,2.05,2.05,2.0,3.9,2.05,2.05,1.95,3.1275,3.051219512195122,1.0256410256410258,1.603846153846154,0.5128205128205129,1.025
tpch_sf50_t8,tpch,50,8,Q08,5.23,2.16,2.16,2.05,3.39,2.05,2.05,1.95,2.5512195121951224,2.4212962962962963,1.0512820512820513,1.5427728613569323,0.6047197640117994,1.0536585365853661
tpch_sf50_t8,tpch,50,8,Q09,11.18,5.23,5.64,4.51,9.02,4.72,5.23,4.41,2.4789356984478936,2.137667304015296,1.0226757369614512,1.2394678492239468,0.5,1.1596452328159648
tpch_sf50_t8,tpch,50,8,Q10,3.49,2.46,2.67,2.57,3.49,2.46,2.57,2.56,1.3579766536964981,1.41869918699187,1.00390625,1.0,0.7363896848137534,0.9571984435797666
tpch_sf50_t8,tpch,50,8,Q11,0.52,0.52,0.52,0.41,0.51,0.52,0.51,0.41,1.2682926829268293,1.0,1.0,1.0196078431372548,0.8039215686274509,1.2682926829268293
tpch_sf50_t8,tpch,50,8,Q12,1.85,1.85,2.16,1.44,1.85,1.85,2.15,1.44,1.2847222222222223,1.0,1.0,1.0,0.7783783783783783,1.2847222222222223
tpch_sf50_t8,tpch,50,8,Q13,4.31,4.31,4.82,4.31,4.2,4.21,4.72,4.21,1.0,1.0,1.02375296912114,1.026190476190476,1.026190476190476,1.0
tpch_sf50_t8,tpch,50,8,Q14,2.46,2.41,2.57,1.23,2.36,2.36,2.46,1.23,2.0,1.020746887966805,1.0,1.0423728813559323,0.5211864406779662,1.959349593495935
tpch_sf50_t8,tpch,50,8,Q15,1.44,1.44,1.44,1.44,1.44,1.44,1.44,1.44,1.0,1.0,1.0,1.0,1.0,1.0
tpch_sf50_t8,tpch,50,8,Q16,1.23,1.23,1.23,1.23,1.23,1.23,1.13,1.13,1.0,1.0,1.088495575221239,1.0,1.0,1.0
tpch_sf50_t8,tpch,50,8,Q17,3.49,3.49,3.49,2.56,3.48,3.48,3.49,2.46,1.36328125,1.0,1.0406504065040652,1.002873563218391,0.735632183908046,1.36328125
tpch_sf50_t8,tpch,50,8,Q18,10.97,10.97,13.95,10.97,10.87,10.87,13.74,10.86,1.0,1.0,1.0101289134438307,1.0091996320147196,1.0091996320147196,1.0
tpch_sf50_t8,tpch,50,8,Q19,3.28,3.18,3.39,2.36,3.18,3.18,3.38,2.36,1.3898305084745763,1.0314465408805031,1.0,1.0314465408805031,0.7421383647798742,1.3474576271186443
tpch_sf50_t8,tpch,50,8,Q20,2.57,2.05,2.0,2.05,2.56,1.95,1.95,1.95,1.2536585365853659,1.2536585365853659,1.0512820512820513,1.00390625,0.8007812499999999,1.0
tpch_sf50_t8,tpch,50,8,Q21,9.07,6.67,9.23,6.26,7.69,6.56,9.12,6.25,1.4488817891373802,1.3598200899550226,1.0016,1.1794538361508453,0.8140442132639791,1.0654952076677318
tpch_sf50_t8,tpch,50,8,Q22,1.23,1.23,1.75,1.23,1.23,1.23,1.64,1.23,1.0,1.0,1.0,1.0,1.0,1.0
tpch_sf100_t8,tpch,100,8,Q01,4.51,4.51,4.61,4.61,4.51,4.51,4.51,4.51,0.9783080260303687,1.0,1.0221729490022173,1.0,1.0221729490022173,0.9783080260303687
tpch_sf100_t8,tpch,100,8,Q02,1.5899999999999999,1.13,1.13,1.23,1.23,0.92,0.93,1.03,1.292682926829268,1.407079646017699,1.1941747572815533,1.292682926829268,1.0,0.9186991869918698
tpch_sf100_t8,tpch,100,8,Q03,7.28,3.8499999999999996,3.9,5.485,7.18,3.79,3.8,3.59,1.3272561531449407,1.890909090909091,1.5278551532033429,1.0139275766016713,0.7639275766016714,0.7019143117593436
tpch_sf100_t8,tpch,100,8,Q04,4.72,4.72,6.56,4.77,4.72,4.72,6.46,4.72,0.989517819706499,1.0,1.010593220338983,1.0,1.010593220338983,0.989517819706499
tpch_sf100_t8,tpch,100,8,Q05,11.99,7.28,7.845,6.1,10.45,5.64,5.95,4.61,1.9655737704918035,1.646978021978022,1.3232104121475052,1.1473684210526316,0.583732057416268,1.1934426229508197
tpch_sf100_t8,tpch,100,8,Q06,1.75,1.75,1.75,1.75,1.74,1.75,1.75,1.75,1.0,1.0,1.0,1.0057471264367817,1.0057471264367817,1.0
tpch_sf100_t8,tpch,100,8,Q07,12.815000000000001,3.9,4.0,3.795,7.89,3.9,3.9,3.69,3.376811594202899,3.285897435897436,1.0284552845528456,1.6242078580481625,0.48098859315589354,1.0276679841897234
tpch_sf100_t8,tpch,100,8,Q08,10.505,4.359999999999999,4.415,4.0,6.76,4.1,4.1,3.9,2.62625,2.409403669724771,1.0256410256410258,1.5539940828402368,0.591715976331361,1.0899999999999999
tpch_sf100_t8,tpch,100,8,Q09,22.855,10.66,11.69,9.23,18.24,9.54,10.46,9.13,2.4761646803900326,2.1439962476547842,1.0109529025191675,1.253015350877193,0.506030701754386,1.1549295774647887
tpch_sf100_t8,tpch,100,8,Q10,6.77,4.82,4.93,4.92,6.66,4.72,4.92,4.92,1.3760162601626016,1.404564315352697,1.0,1.0165165165165164,0.7387387387387387,0.9796747967479675
tpch_sf100_t8,tpch,100,8,Q11,1.03,1.03,1.03,0.72,0.82,0.82,0.82,0.72,1.4305555555555556,1.0,1.0,1.2560975609756098,0.8780487804878049,1.4305555555555556
tpch_sf100_t8,tpch,100,8,Q12,3.59,3.59,4.51,2.77,3.59,3.59,4.51,2.77,1.296028880866426,1.0,1.0,1.0,0.7715877437325905,1.296028880866426
tpch_sf100_t8,tpch,100,8,Q13,8.61,8.62,9.85,8.62,8.61,8.51,9.64,8.51,0.9988399071925754,0.9988399071925754,1.0129259694477084,1.0,1.0011614401858304,1.0
tpch_sf100_t8,tpch,100,8,Q14,4.82,4.82,5.03,2.46,4.71,4.72,4.93,2.46,1.959349593495935,1.0,1.0,1.0233545647558386,0.5222929936305732,1.959349593495935
tpch_sf100_t8,tpch,100,8,Q15,2.67,2.67,2.77,2.67,2.67,2.67,2.67,2.67,1.0,1.0,1.0,1.0,1.0,1.0
tpch_sf100_t8,tpch,100,8,Q16,2.26,2.26,2.26,2.26,2.26,2.26,2.26,2.26,1.0,1.0,1.0,1.0,1.0,1.0
tpch_sf100_t8,tpch,100,8,Q17,7.175,7.28,7.18,5.13,7.07,7.17,7.17,5.12,1.398635477582846,0.985576923076923,1.001953125,1.0148514851485149,0.7256011315417256,1.419103313840156
tpch_sf100_t8,tpch,100,8,Q18,22.905,22.96,28.759999999999998,22.86,22.75,22.66,28.6,22.66,1.0019685039370079,0.9976045296167247,1.0088261253309796,1.0068131868131869,1.0048351648351648,1.004374453193351
tpch_sf100_t8,tpch,100,8,Q19,6.46,6.46,6.77,4.82,6.35,6.36,6.76,4.72,1.3402489626556016,1.0,1.0211864406779663,1.0173228346456693,0.7590551181102363,1.3402489626556016
tpch_sf100_t8,tpch,100,8,Q20,5.13,3.8,3.8,3.8,5.02,3.79,3.79,3.79,1.35,1.35,1.0026385224274406,1.0219123505976095,0.7569721115537849,1.0
tpch_sf100_t8,tpch,100,8,Q21,18.755000000000003,13.84,18.66,13.02,16.09,13.64,18.46,12.92,1.4404761904761907,1.3551300578034684,1.0077399380804952,1.165630826600373,0.8091982597886886,1.0629800307219663
tpch_sf100_t8,tpch,100,8,Q22,2.56,2.57,3.8,2.57,2.56,2.46,3.7,2.46,0.9961089494163425,0.9961089494163425,1.0447154471544715,1.0,1.00390625,1.0
tpcds_sf10_t8,tpcds,10,8,Q01,0.31,0.31,0.41,0.31,0.31,0.31,0.41,0.31,1.0,1.0,1.0,1.0,1.0,1.0
tpcds_sf10_t8,tpcds,10,8,Q02,0.41,0.41,0.41,0.41,0.41,0.41,0.41,0.41,1.0,1.0,1.0,1.0,1.0,1.0
tpcds_sf10_t8,tpcds,10,8,Q03,0.26,0.21,0.21,0.21,0.21,0.21,0.21,0.21,1.2380952380952381,1.2380952380952381,1.0,1.2380952380952381,1.0,1.0
tpcds_sf10_t8,tpcds,10,8,Q04,2.26,2.26,2.26,2.16,2.05,1.85,1.54,1.13,1.046296296296296,1.0,1.9115044247787614,1.102439024390244,1.0536585365853661,1.046296296296296
tpcds_sf10_t8,tpcds,10,8,Q05,0.41,0.41,0.41,0.41,0.41,0.41,0.41,0.41,1.0,1.0,1.0,1.0,1.0,1.0
tpcds_sf10_t8,tpcds,10,8,Q06,0.62,0.62,0.62,0.62,0.62,0.62,0.62,0.62,1.0,1.0,1.0,1.0,1.0,1.0
tpcds_sf10_t8,tpcds,10,8,Q07,0.52,0.31,0.31,0.31,0.41,0.31,0.31,0.31,1.6774193548387097,1.6774193548387097,1.0,1.2682926829268293,0.7560975609756098,1.0
tpcds_sf10_t8,tpcds,10,8,Q08,0.82,0.82,0.82,0.82,0.82,0.82,0.82,0.82,1.0,1.0,1.0,1.0,1.0,1.0
tpcds_sf10_t8,tpcds,10,8,Q09,0.52,0.52,0.52,0.52,0.52,0.51,0.52,0.52,1.0,1.0,1.0,1.0,1.0,1.0
tpcds_sf10_t8,tpcds,10,8,Q10,0.31,0.31,0.31,0.26,0.31,0.31,0.31,0.21,1.1923076923076923,1.0,1.2380952380952381,1.0,0.8387096774193549,1.1923076923076923
tpcds_sf10_t8,tpcds,10,8,Q11,1.5899999999999999,1.49,1.44,1.44,1.54,1.23,1.03,0.72,1.1041666666666665,1.0671140939597314,2.0,1.0324675324675323,0.935064935064935,1.0347222222222223
tpcds_sf10_t8,tpcds,10,8,Q12,0.21,0.21,0.21,0.21,0.21,0.21,0.21,0.21,1.0,1.0,1.0,1.0,1.0,1.0
tpcds_sf10_t8,tpcds,10,8,Q13,0.52,0.52,0.52,0.62,0.51,0.52,0.52,0.62,0.8387096774193549,1.0,1.0,1.0196078431372548,1.2156862745098038,0.8387096774193549
tpcds_sf10_t8,tpcds,10,8,Q14,3.38,3.385,3.39,3.49,3.38,3.38,3.38,3.38,0.9684813753581661,0.9985228951255539,1.032544378698225,1.0,1.032544378698225,0.969914040114613
tpcds_sf10_t8,tpcds,10,8,Q15,0.11,0.11,0.11,0.11,0.11,0.11,0.11,0.11,1.0,1.0,1.0,1.0,1.0,1.0
tpcds_sf10_t8,tpcds,10,8,Q16,0.11,0.11,0.11,0.11,0.11,0.11,0.11,0.11,1.0,1.0,1.0,1.0,1.0,1.0
tpcds_sf10_t8,tpcds,10,8,Q17,0.62,0.31,0.31,0.41,0.41,0.31,0.31,0.41,1.5121951219512195,2.0,1.0,1.5121951219512195,1.0,0.7560975609756098
tpcds_sf10_t8,tpcds,10,8,Q18,0.31,0.21,0.21,0.21,0.21,0.21,0.21,0.21,1.4761904761904763,1.4761904761904763,1.0,1.4761904761904763,1.0,1.0
tpcds_sf10_t8,tpcds,10,8,Q19,0.31,0.31,0.31,0.31,0.31,0.31,0.31,0.21,1.0,1.0,1.4761904761904763,1.0,1.0,1.0
tpcds_sf10_t8,tpcds,10,8,Q20,0.21,0.21,0.21,0.21,0.21,0.21,0.21,0.21,1.0,1.0,1.0,1.0,1.0,1.0
tpcds_sf10_t8,tpcds,10,8,Q21,0.21,0.11,0.11,0.21,0.11,0.11,0.11,0.11,1.0,1.909090909090909,1.909090909090909,1.909090909090909,1.909090909090909,0.5238095238095238
tpcds_sf10_t8,tpcds,10,8,Q22,4.515,4.52,4.52,4.52,4.51,4.51,4.51,4.52,0.9988938053097345,0.9988938053097345,1.0,1.0011086474501107,1.0022172949002217,1.0
tpcds_sf10_t8,tpcds,10,8,Q23,1.95,1.95,1.95,1.95,1.95,1.95,1.95,1.95,1.0,1.0,1.0,1.0,1.0,1.0
tpcds_sf10_t8,tpcds,10,8,Q24,1.03,0.46499999999999997,0.52,0.52,0.52,0.31,0.31,0.31,1.9807692307692308,2.2150537634408605,1.6774193548387097,1.9807692307692308,1.0,0.8942307692307692
tpcds_sf10_t8,tpcds,10,8,Q25,0.46499999999999997,0.31,0.31,0.31,0.41,0.31,0.31,0.31,1.5,1.5,1.0,1.1341463414634145,0.7560975609756098,1.0
tpcds_sf10_t8,tpcds,10,8,Q26,0.21,0.21,0.21,0.21,0.21,0.11,0.11,0.11,1.0,1.0,1.909090909090909,1.0,1.0,1.0
tpcds_sf10_t8,tpcds,10,8,Q27,0.93,0.52,0.52,0.52,0.72,0.52,0.52,0.52,1.7884615384615385,1.7884615384615385,1.0,1.2916666666666667,0.7222222222222223,1.0
tpcds_sf10_t8,tpcds,10,8,Q28,0.62,0.62,0.62,0.62,0.62,0.62,0.62,0.62,1.0,1.0,1.0,1.0,1.0,1.0
tpcds_sf10_t8,tpcds,10,8,Q29,0.52,0.41,0.41,0.41,0.41,0.41,0.41,0.41,1.2682926829268293,1.2682926829268293,1.0,1.2682926829268293,1.0,1.0
tpcds_sf10_t8,tpcds,10,8,Q30,0.21,0.21,0.21,0.21,0.21,0.21,0.21,0.21,1.0,1.0,1.0,1.0,1.0,1.0
tpcds_sf10_t8,tpcds,10,8,Q31,0.41,0.41,0.41,0.41,0.41,0.31,0.31,0.41,1.0,1.0,1.0,1.0,1.0,1.0
tpcds_sf10_t8,tpcds,10,8,Q32,0.11,0.11,0.11,0.11,0.11,0.11,0.11,0.11,1.0,1.0,1.0,1.0,1.0,1.0
tpcds_sf10_t8,tpcds,10,8,Q33,0.31,0.31,0.31,0.31,0.31,0.31,0.31,0.31,1.0,1.0,1.0,1.0,1.0,1.0
tpcds_sf10_t8,tpcds,10,8,Q34,0.31,0.31,0.31,0.31,0.31,0.21,0.21,0.31,1.0,1.0,1.0,1.0,1.0,1.0
tpcds_sf10_t8,tpcds,10,8,Q35,0.52,0.52,0.62,0.41,0.41,0.52,0.52,0.41,1.2682926829268293,1.0,1.0,1.2682926829268293,1.0,1.2682926829268293
tpcds_sf10_t8,tpcds,10,8,Q36,0.41,0.31,0.31,0.41,0.41,0.31,0.31,0.41,1.0,1.3225806451612903,1.0,1.0,1.0,0.7560975609756098
tpcds_sf10_t8,tpcds,10,8,Q37,2.36,0.21,0.21,0.21,0.21,0.21,0.21,0.21,11.238095238095237,11.238095238095237,1.0,11.238095238095237,1.0,1.0
tpcds_sf10_t8,tpcds,10,8,Q38,0.52,0.52,0.52,0.52,0.51,0.52,0.52,0.52,1.0,1.0,1.0,1.0196078431372548,1.0196078431372548,1.0
tpcds_sf10_t8,tpcds,10,8,Q39,0.41,0.41,0.41,0.41,0.41,0.41,0.41,0.41,1.0,1.0,1.0,1.0,1.0,1.0
tpcds_sf10_t8,tpcds,10,8,Q40,0.21,0.11,0.11,0.11,0.11,0.11,0.11,0.11,1.909090909090909,1.909090909090909,1.0,1.909090909090909,1.0,1.0
tpcds_sf10_t8,tpcds,10,8,Q41,0.11,0.11,0.11,0.11,0.11,0.11,0.11,0.11,1.0,1.0,1.0,1.0,1.0,1.0
tpcds_sf10_t8,tpcds,10,8,Q42,0.21,0.21,0.21,0.21,0.21,0.21,0.21,0.21,1.0,1.0,1.0,1.0,1.0,1.0
tpcds_sf10_t8,tpcds,10,8,Q43,0.31,0.21,0.21,0.31,0.31,0.21,0.21,0.31,1.0,1.4761904761904763,1.0,1.0,1.0,0.6774193548387096
tpcds_sf10_t8,tpcds,10,8,Q44,93.065,92.6,92.77,85.57,91.97,90.48,90.77,83.44,1.0875891083323594,1.0050215982721382,1.0255273250239694,1.011906056322714,0.9304120908992062,1.0821549608507655
tpcds_sf10_t8,tpcds,10,8,Q45,0.21,0.21,0.21,0.21,0.21,0.21,0.21,0.21,1.0,1.0,1.0,1.0,1.0,1.0
tpcds_sf10_t8,tpcds,10,8,Q46,0.52,0.41,0.41,0.41,0.51,0.41,0.41,0.41,1.2682926829268293,1.2682926829268293,1.0,1.0196078431372548,0.8039215686274509,1.0
tpcds_sf10_t8,tpcds,10,8,Q47,0.93,0.93,0.93,0.93,0.93,0.93,0.93,0.93,1.0,1.0,1.0,1.0,1.0,1.0
tpcds_sf10_t8,tpcds,10,8,Q48,0.52,0.52,0.52,0.52,0.41,0.41,0.41,0.52,1.0,1.0,1.0,1.2682926829268293,1.2682926829268293,1.0
tpcds_sf10_t8,tpcds,10,8,Q49,0.31,0.31,0.31,0.31,0.31,0.31,0.31,0.31,1.0,1.0,1.0,1.0,1.0,1.0
tpcds_sf10_t8,tpcds,10,8,Q50,0.82,0.31,0.31,0.31,0.62,0.31,0.31,0.31,2.6451612903225805,2.6451612903225805,1.0,1.3225806451612903,0.5,1.0
tpcds_sf10_t8,tpcds,10,8,Q51,1.85,1.85,1.85,1.75,1.74,1.75,1.75,1.75,1.0571428571428572,1.0,1.0,1.0632183908045978,1.0057471264367817,1.0571428571428572
tpcds_sf10_t8,tpcds,10,8,Q52,0.26,0.21,0.21,0.21,0.21,0.21,0.21,0.21,1.2380952380952381,1.2380952380952381,1.0,1.2380952380952381,1.0,1.0
tpcds_sf10_t8,tpcds,10,8,Q53,0.31,0.21,0.21,0.21,0.31,0.21,0.21,0.21,1.4761904761904763,1.4761904761904763,1.0,1.0,0.6774193548387096,1.0
tpcds_sf10_t8,tpcds,10,8,Q54,300.0,300.0,300.0,300.0,300.0,300.0,300.0,300.0,1.0,1.0,1.0,1.0,1.0,1.0
tpcds_sf10_t8,tpcds,10,8,Q55,0.26,0.21,0.21,0.21,0.21,0.21,0.21,0.21,1.2380952380952381,1.2380952380952381,1.0,1.2380952380952381,1.0,1.0
tpcds_sf10_t8,tpcds,10,8,Q56,0.31,0.31,0.31,0.31,0.31,0.31,0.31,0.31,1.0,1.0,1.0,1.0,1.0,1.0
tpcds_sf10_t8,tpcds,10,8,Q57,0.41,0.41,0.41,0.41,0.41,0.41,0.41,0.41,1.0,1.0,1.0,1.0,1.0,1.0
tpcds_sf10_t8,tpcds,10,8,Q58,0.62,0.62,0.62,0.62,0.62,0.62,0.62,0.62,1.0,1.0,1.0,1.0,1.0,1.0
tpcds_sf10_t8,tpcds,10,8,Q59,0.62,0.62,0.62,0.62,0.62,0.62,0.62,0.62,1.0,1.0,1.0,1.0,1.0,1.0
tpcds_sf10_t8,tpcds,10,8,Q60,0.41,0.31,0.31,0.31,0.41,0.31,0.31,0.31,1.3225806451612903,1.3225806451612903,1.0,1.0,0.7560975609756098,1.0
tpcds_sf10_t8,tpcds,10,8,Q61,0.52,0.31,0.31,0.31,0.41,0.31,0.31,0.31,1.6774193548387097,1.6774193548387097,1.0,1.2682926829268293,0.7560975609756098,1.0
tpcds_sf10_t8,tpcds,10,8,Q62,0.21,0.21,0.21,0.21,0.21,0.21,0.21,0.21,1.0,1.0,1.0,1.0,1.0,1.0
tpcds_sf10_t8,tpcds,10,8,Q63,0.31,0.21,0.21,0.21,0.31,0.21,0.21,0.21,1.4761904761904763,1.4761904761904763,1.0,1.0,0.6774193548387096,1.0
tpcds_sf10_t8,tpcds,10,8,Q64,1.69,0.72,0.82,0.52,0.72,0.62,0.62,0.52,3.25,2.3472222222222223,1.0,2.3472222222222223,0.7222222222222223,1.3846153846153846
tpcds_sf10_t8,tpcds,10,8,Q65,2.05,2.05,2.05,1.54,2.05,2.05,1.95,1.54,1.331168831168831,1.0,1.0,1.0,0.7512195121951221,1.331168831168831
tpcds_sf10_t8,tpcds,10,8,Q66,0.21,0.21,0.21,0.21,0.21,0.21,0.21,0.21,1.0,1.0,1.0,1.0,1.0,1.0
tpcds_sf10_t8,tpcds,10,8,Q67,4.72,4.72,4.72,4.52,4.62,4.62,4.62,4.41,1.0442477876106195,1.0,1.0249433106575963,1.0216450216450215,0.9783549783549782,1.0442477876106195
tpcds_sf10_t8,tpcds,10,8,Q68,0.52,0.41,0.41,0.41,0.41,0.41,0.41,0.31,1.2682926829268293,1.2682926829268293,1.3225806451612903,1.2682926829268293,1.0,1.0
tpcds_sf10_t8,tpcds,10,8,Q69,0.31,0.31,0.31,0.21,0.31,0.31,0.31,0.21,1.4761904761904763,1.0,1.0,1.0,0.6774193548387096,1.4761904761904763
tpcds_sf10_t8,tpcds,10,8,Q70,0.62,0.62,0.62,0.62,0.62,0.62,0.62,0.62,1.0,1.0,1.0,1.0,1.0,1.0
tpcds_sf10_t8,tpcds,10,8,Q71,0.31,0.31,0.31,0.31,0.31,0.31,0.31,0.21,1.0,1.0,1.4761904761904763,1.0,1.0,1.0
tpcds_sf10_t8,tpcds,10,8,Q72,30.14,0.72,0.72,0.77,1.85,0.62,0.62,0.62,39.142857142857146,41.861111111111114,1.2419354838709677,16.29189189189189,0.4162162162162162,0.935064935064935
tpcds_sf10_t8,tpcds,10,8,Q73,0.31,0.21,0.21,0.21,0.31,0.21,0.21,0.21,1.4761904761904763,1.4761904761904763,1.0,1.0,0.6774193548387096,1.0
tpcds_sf10_t8,tpcds,10,8,Q74,1.08,0.875,0.875,1.03,1.03,0.62,0.62,0.52,1.0485436893203883,1.2342857142857144,1.9807692307692308,1.0485436893203883,1.0,0.8495145631067961
tpcds_sf10_t8,tpcds,10,8,Q75,0.82,0.62,0.62,0.62,0.72,0.62,0.62,0.62,1.3225806451612903,1.3225806451612903,1.0,1.1388888888888888,0.8611111111111112,1.0
tpcds_sf10_t8,tpcds,10,8,Q76,0.41,0.41,0.41,0.41,0.41,0.41,0.41,0.31,1.0,1.0,1.3225806451612903,1.0,1.0,1.0
tpcds_sf10_t8,tpcds,10,8,Q77,0.41,0.31,0.31,0.31,0.41,0.31,0.31,0.31,1.3225806451612903,1.3225806451612903,1.0,1.0,0.7560975609756098,1.0
tpcds_sf10_t8,tpcds,10,8,Q78,1.44,1.44,1.54,1.23,1.44,1.44,1.54,1.23,1.170731707317073,1.0,1.0,1.0,0.8541666666666667,1.170731707317073
tpcds_sf10_t8,tpcds,10,8,Q79,0.52,0.41,0.41,0.41,0.41,0.31,0.31,0.41,1.2682926829268293,1.2682926829268293,1.0,1.2682926829268293,1.0,1.0
tpcds_sf10_t8,tpcds,10,8,Q80,0.62,0.41,0.41,0.41,0.62,0.41,0.41,0.41,1.5121951219512195,1.5121951219512195,1.0,1.0,0.6612903225806451,1.0
tpcds_sf10_t8,tpcds,10,8,Q81,0.21,0.21,0.21,0.21,0.21,0.21,0.21,0.21,1.0,1.0,1.0,1.0,1.0,1.0
tpcds_sf10_t8,tpcds,10,8,Q82,2.77,0.21,0.21,0.21,0.21,0.21,0.21,0.21,13.190476190476192,13.190476190476192,1.0,13.190476190476192,1.0,1.0
tpcds_sf10_t8,tpcds,10,8,Q83,0.21,0.11,0.11,0.11,0.21,0.11,0.11,0.11,1.909090909090909,1.909090909090909,1.0,1.0,0.5238095238095238,1.0
tpcds_sf10_t8,tpcds,10,8,Q84,0.21,0.11,0.11,0.11,0.11,0.11,0.11,0.11,1.909090909090909,1.909090909090909,1.0,1.909090909090909,1.0,1.0
tpcds_sf10_t8,tpcds,10,8,Q85,0.31,0.31,0.31,0.31,0.31,0.31,0.31,0.31,1.0,1.0,1.0,1.0,1.0,1.0
tpcds_sf10_t8,tpcds,10,8,Q86,0.21,0.21,0.21,0.21,0.21,0.21,0.21,0.21,1.0,1.0,1.0,1.0,1.0,1.0
tpcds_sf10_t8,tpcds,10,8,Q87,0.62,0.62,0.62,0.62,0.52,0.62,0.62,0.62,1.0,1.0,1.0,1.1923076923076923,1.1923076923076923,1.0
tpcds_sf10_t8,tpcds,10,8,Q88,0.82,0.52,0.52,0.52,0.72,0.51,0.52,0.52,1.5769230769230769,1.5769230769230769,1.0,1.1388888888888888,0.7222222222222223,1.0
tpcds_sf10_t8,tpcds,10,8,Q89,0.31,0.31,0.31,0.31,0.31,0.21,0.31,0.31,1.0,1.0,1.0,1.0,1.0,1.0
tpcds_sf10_t8,tpcds,10,8,Q90,0.21,0.11,0.11,0.11,0.11,0.11,0.11,0.11,1.909090909090909,1.909090909090909,1.0,1.909090909090909,1.0,1.0
tpcds_sf10_t8,tpcds,10,8,Q91,0.11,0.11,0.11,0.11,0.11,0.11,0.11,0.11,1.0,1.0,1.0,1.0,1.0,1.0
tpcds_sf10_t8,tpcds,10,8,Q92,0.21,0.11,0.11,0.11,0.21,0.11,0.11,0.11,1.909090909090909,1.909090909090909,1.0,1.0,0.5238095238095238,1.0
tpcds_sf10_t8,tpcds,10,8,Q93,0.62,0.41,0.41,0.52,0.62,0.41,0.41,0.41,1.1923076923076923,1.5121951219512195,1.2682926829268293,1.0,0.8387096774193549,0.7884615384615384
tpcds_sf10_t8,tpcds,10,8,Q94,0.21,0.21,0.21,0.21,0.21,0.21,0.21,0.21,1.0,1.0,1.0,1.0,1.0,1.0
tpcds_sf10_t8,tpcds,10,8,Q95,1.85,1.85,2.92,0.31,1.84,1.85,2.87,0.31,5.967741935483871,1.0,1.0,1.0054347826086956,0.16847826086956522,5.967741935483871
tpcds_sf10_t8,tpcds,10,8,Q96,0.21,0.21,0.21,0.21,0.21,0.21,0.21,0.21,1.0,1.0,1.0,1.0,1.0,1.0
tpcds_sf10_t8,tpcds,10,8,Q97,0.52,0.52,0.52,0.62,0.52,0.52,0.52,0.62,0.8387096774193549,1.0,1.0,1.0,1.1923076923076923,0.8387096774193549
tpcds_sf10_t8,tpcds,10,8,Q98,0.31,0.31,0.31,0.31,0.31,0.21,0.21,0.31,1.0,1.0,1.0,1.0,1.0,1.0
tpcds_sf10_t8,tpcds,10,8,Q99,0.21,0.21,0.21,0.21,0.21,0.21,0.21,0.21,1.0,1.0,1.0,1.0,1.0,1.0
tpcds_sf20_t8,tpcds,20,8,Q01,0.62,0.62,0.93,0.62,0.62,0.62,0.93,0.62,1.0,1.0,1.0,1.0,1.0,1.0
tpcds_sf20_t8,tpcds,20,8,Q02,0.62,0.62,0.62,0.62,0.62,0.62,0.62,0.62,1.0,1.0,1.0,1.0,1.0,1.0
tpcds_sf20_t8,tpcds,20,8,Q03,0.41,0.31,0.31,0.31,0.41,0.31,0.31,0.31,1.3225806451612903,1.3225806451612903,1.0,1.0,0.7560975609756098,1.0
tpcds_sf20_t8,tpcds,20,8,Q04,4.15,4.154999999999999,4.1,4.154999999999999,3.38,3.49,3.39,3.49,0.9987966305655839,0.9987966305655839,1.1905444126074496,1.2278106508875741,1.2292899408284022,1.0
tpcds_sf20_t8,tpcds,20,8,Q05,0.72,0.62,0.82,0.62,0.72,0.62,0.72,0.62,1.161290322580645,1.161290322580645,1.0,1.0,0.8611111111111112,1.0
tpcds_sf20_t8,tpcds,20,8,Q06,1.03,1.03,1.03,1.03,0.92,0.92,0.93,0.93,1.0,1.0,1.10752688172043,1.1195652173913044,1.1195652173913044,1.0
tpcds_sf20_t8,tpcds,20,8,Q07,0.82,0.52,0.52,0.62,0.62,0.52,0.52,0.52,1.3225806451612903,1.5769230769230769,1.1923076923076923,1.3225806451612903,1.0,0.8387096774193549
tpcds_sf20_t8,tpcds,20,8,Q08,1.03,0.92,0.92,0.92,1.03,0.92,0.92,0.92,1.1195652173913044,1.1195652173913044,1.0,1.0,0.8932038834951457,1.0
tpcds_sf20_t8,tpcds,20,8,Q09,0.92,0.92,0.93,0.93,0.92,0.92,0.92,0.92,0.989247311827957,1.0,1.0108695652173914,1.0,1.0108695652173914,0.989247311827957
tpcds_sf20_t8,tpcds,20,8,Q10,0.52,0.52,0.52,0.31,0.41,0.52,0.52,0.31,1.6774193548387097,1.0,1.0,1.2682926829268293,0.7560975609756098,1.6774193548387097
tpcds_sf20_t8,tpcds,20,8,Q11,2.92,2.87,2.87,2.975,2.46,2.36,2.26,2.36,0.9815126050420168,1.0174216027874563,1.2605932203389831,1.1869918699186992,1.209349593495935,0.9647058823529412
tpcds_sf20_t8,tpcds,20,8,Q12,0.21,0.21,0.21,0.21,0.21,0.21,0.21,0.21,1.0,1.0,1.0,1.0,1.0,1.0
tpcds_sf20_t8,tpcds,20,8,Q13,0.925,0.93,0.93,1.03,0.72,0.82,0.82,0.93,0.8980582524271845,0.9946236559139785,1.10752688172043,1.2847222222222223,1.4305555555555556,0.9029126213592233
tpcds_sf20_t8,tpcds,20,8,Q14,6.35,6.35,6.36,6.46,6.25,6.25,6.15,6.35,0.9829721362229101,1.0,1.0173228346456693,1.016,1.0336,0.9829721362229101
tpcds_sf20_t8,tpcds,20,8,Q15,0.11,0.11,0.11,0.11,0.11,0.11,0.11,0.11,1.0,1.0,1.0,1.0,1.0,1.0
tpcds_sf20_t8,tpcds,20,8,Q16,0.21,0.21,0.21,0.21,0.21,0.21,0.21,0.21,1.0,1.0,1.0,1.0,1.0,1.0
tpcds_sf20_t8,tpcds,20,8,Q17,1.025,0.52,0.52,0.62,0.62,0.52,0.52,0.52,1.6532258064516128,1.9711538461538458,1.1923076923076923,1.6532258064516128,1.0,0.8387096774193549
tpcds_sf20_t8,tpcds,20,8,Q18,0.41,0.31,0.31,0.31,0.31,0.21,0.21,0.21,1.3225806451612903,1.3225806451612903,1.4761904761904763,1.3225806451612903,1.0,1.0
tpcds_sf20_t8,tpcds,20,8,Q19,0.52,0.41,0.41,0.41,0.51,0.41,0.41,0.41,1.2682926829268293,1.2682926829268293,1.0,1.0196078431372548,0.8039215686274509,1.0
tpcds_sf20_t8,tpcds,20,8,Q20,0.11,0.11,0.11,0.11,0.11,0.11,0.11,0.11,1.0,1.0,1.0,1.0,1.0,1.0
tpcds_sf20_t8,tpcds,20,8,Q21,0.11,0.11,0.11,0.11,0.11,0.11,0.11,0.11,1.0,1.0,1.0,1.0,1.0,1.0
tpcds_sf20_t8,tpcds,20,8,Q22,0.41,0.41,0.41,0.41,0.41,0.41,0.41,0.41,1.0,1.0,1.0,1.0,1.0,1.0
tpcds_sf20_t8,tpcds,20,8,Q23,4.1,4.21,4.21,4.21,4.1,4.2,4.11,4.21,0.9738717339667458,0.9738717339667458,1.0,1.0,1.026829268292683,1.0
tpcds_sf20_t8,tpcds,20,8,Q24,1.13,0.62,0.72,0.82,0.72,0.52,0.52,0.52,1.3780487804878048,1.8225806451612903,1.5769230769230769,1.5694444444444444,1.1388888888888888,0.7560975609756098
tpcds_sf20_t8,tpcds,20,8,Q25,0.6699999999999999,0.52,0.52,0.52,0.52,0.52,0.52,0.52,1.2884615384615383,1.2884615384615383,1.0,1.2884615384615383,1.0,1.0
tpcds_sf20_t8,tpcds,20,8,Q26,0.21,0.21,0.21,0.21,0.21,0.21,0.21,0.21,1.0,1.0,1.0,1.0,1.0,1.0
tpcds_sf20_t8,tpcds,20,8,Q27,1.85,0.93,0.93,0.93,1.23,0.82,0.93,0.93,1.989247311827957,1.989247311827957,1.0,1.5040650406504066,0.7560975609756098,1.0
tpcds_sf20_t8,tpcds,20,8,Q28,1.13,1.13,1.13,1.13,1.13,1.13,1.13,1.03,1.0,1.0,1.0970873786407767,1.0,1.0,1.0
tpcds_sf20_t8,tpcds,20,8,Q29,0.82,0.62,0.62,0.6699999999999999,0.72,0.62,0.62,0.62,1.2238805970149254,1.3225806451612903,1.0806451612903225,1.1388888888888888,0.9305555555555555,0.9253731343283583
tpcds_sf20_t8,tpcds,20,8,Q30,0.21,0.21,0.21,0.21,0.21,0.21,0.21,0.21,1.0,1.0,1.0,1.0,1.0,1.0
tpcds_sf20_t8,tpcds,20,8,Q31,0.72,0.62,0.62,0.62,0.72,0.52,0.62,0.62,1.161290322580645,1.161290322580645,1.0,1.0,0.8611111111111112,1.0
tpcds_sf20_t8,tpcds,20,8,Q32,0.11,0.11,0.11,0.11,0.11,0.11,0.11,0.11,1.0,1.0,1.0,1.0,1.0,1.0
tpcds_sf20_t8,tpcds,20,8,Q33,0.52,0.41,0.41,0.41,0.52,0.41,0.41,0.41,1.2682926829268293,1.2682926829268293,1.0,1.0,0.7884615384615384,1.0
tpcds_sf20_t8,tpcds,20,8,Q34,0.72,0.41,0.41,0.41,0.62,0.41,0.41,0.41,1.7560975609756098,1.7560975609756098,1.0,1.161290322580645,0.6612903225806451,1.0
tpcds_sf20_t8,tpcds,20,8,Q35,0.72,0.72,0.72,0.62,0.72,0.72,0.72,0.62,1.161290322580645,1.0,1.0,1.0,0.8611111111111112,1.161290322580645
tpcds_sf20_t8,tpcds,20,8,Q36,0.82,0.82,0.82,0.93,0.82,0.82,0.82,0.92,0.8817204301075268,1.0,1.0108695652173914,1.0,1.1341463414634148,0.8817204301075268
tpcds_sf20_t8,tpcds,20,8,Q37,2.0999999999999996,0.11,0.11,0.11,0.11,0.11,0.11,0.11,19.090909090909086,19.090909090909086,1.0,19.090909090909086,1.0,1.0
tpcds_sf20_t8,tpcds,20,8,Q38,0.93,0.93,0.93,0.93,0.92,0.92,0.93,0.93,1.0,1.0,1.0,1.0108695652173914,1.0108695652173914,1.0
tpcds_sf20_t8,tpcds,20,8,Q39,0.21,0.21,0.21,0.21,0.21,0.21,0.21,0.21,1.0,1.0,1.0,1.0,1.0,1.0
tpcds_sf20_t8,tpcds,20,8,Q40,0.21,0.21,0.21,0.11,0.21,0.21,0.21,0.11,1.909090909090909,1.0,1.0,1.0,0.5238095238095238,1.909090909090909
tpcds_sf20_t8,tpcds,20,8,Q41,0.11,0.11,0.11,0.11,0.11,0.11,0.11,0.11,1.0,1.0,1.0,1.0,1.0,1.0
tpcds_sf20_t8,tpcds,20,8,Q42,0.41,0.31,0.31,0.31,0.31,0.31,0.31,0.31,1.3225806451612903,1.3225806451612903,1.0,1.3225806451612903,1.0,1.0
tpcds_sf20_t8,tpcds,20,8,Q43,0.62,0.72,0.72,0.62,0.62,0.62,0.62,0.62,1.0,0.8611111111111112,1.0,1.0,1.0,1.161290322580645
tpcds_sf20_t8,tpcds,20,8,Q44,8.38,8.39,8.38,8.48,8.28,8.18,8.18,8.28,0.9882075471698114,0.99880810488677,1.0241545893719808,1.0120772946859906,1.0241545893719808,0.9893867924528302
tpcds_sf20_t8,tpcds,20,8,Q45,0.31,0.31,0.31,0.31,0.31,0.21,0.21,0.21,1.0,1.0,1.4761904761904763,1.0,1.0,1.0
tpcds_sf20_t8,tpcds,20,8,Q46,1.03,0.72,0.72,0.72,0.93,0.62,0.62,0.72,1.4305555555555556,1.4305555555555556,1.0,1.10752688172043,0.7741935483870968,1.0
tpcds_sf20_t8,tpcds,20,8,Q47,1.44,1.44,1.44,1.44,1.44,1.44,1.44,1.44,1.0,1.0,1.0,1.0,1.0,1.0
tpcds_sf20_t8,tpcds,20,8,Q48,0.82,0.82,0.875,0.93,0.72,0.72,0.72,0.93,0.8817204301075268,1.0,1.0,1.1388888888888888,1.2916666666666667,0.8817204301075268
tpcds_sf20_t8,tpcds,20,8,Q49,0.62,0.52,0.52,0.52,0.62,0.52,0.52,0.52,1.1923076923076923,1.1923076923076923,1.0,1.0,0.8387096774193549,1.0
tpcds_sf20_t8,tpcds,20,8,Q50,1.335,0.77,0.77,0.72,1.03,0.62,0.62,0.72,1.8541666666666667,1.7337662337662336,1.0,1.2961165048543688,0.6990291262135921,1.0694444444444444
tpcds_sf20_t8,tpcds,20,8,Q51,2.05,2.05,2.05,2.05,2.05,2.05,2.05,2.05,1.0,1.0,1.0,1.0,1.0,1.0
tpcds_sf20_t8,tpcds,20,8,Q52,0.41,0.31,0.31,0.31,0.41,0.31,0.31,0.31,1.3225806451612903,1.3225806451612903,1.0,1.0,0.7560975609756098,1.0
tpcds_sf20_t8,tpcds,20,8,Q53,0.52,0.31,0.31,0.41,0.41,0.31,0.31,0.41,1.2682926829268293,1.6774193548387097,1.0,1.2682926829268293,1.0,0.7560975609756098
tpcds_sf20_t8,tpcds,20,8,Q54,300.0,300.0,300.0,300.0,300.0,300.0,300.0,300.0,1.0,1.0,1.0,1.0,1.0,1.0
tpcds_sf20_t8,tpcds,20,8,Q55,0.41,0.31,0.31,0.31,0.41,0.31,0.31,0.31,1.3225806451612903,1.3225806451612903,1.0,1.0,0.7560975609756098,1.0
tpcds_sf20_t8,tpcds,20,8,Q56,0.52,0.41,0.41,0.41,0.52,0.41,0.41,0.41,1.2682926829268293,1.2682926829268293,1.0,1.0,0.7884615384615384,1.0
tpcds_sf20_t8,tpcds,20,8,Q57,0.41,0.41,0.41,0.41,0.41,0.41,0.41,0.41,1.0,1.0,1.0,1.0,1.0,1.0
tpcds_sf20_t8,tpcds,20,8,Q58,1.03,1.03,1.03,1.03,1.03,1.03,1.03,1.03,1.0,1.0,1.0,1.0,1.0,1.0
tpcds_sf20_t8,tpcds,20,8,Q59,1.03,1.03,1.03,1.03,1.03,1.03,1.03,1.03,1.0,1.0,1.0,1.0,1.0,1.0
tpcds_sf20_t8,tpcds,20,8,Q60,0.62,0.41,0.41,0.46499999999999997,0.52,0.41,0.41,0.41,1.3333333333333335,1.5121951219512195,1.1341463414634145,1.1923076923076923,0.8942307692307692,0.8817204301075269
tpcds_sf20_t8,tpcds,20,8,Q61,0.82,0.62,0.62,0.62,0.72,0.52,0.52,0.52,1.3225806451612903,1.3225806451612903,1.1923076923076923,1.1388888888888888,0.8611111111111112,1.0
tpcds_sf20_t8,tpcds,20,8,Q62,0.31,0.31,0.31,0.31,0.31,0.31,0.31,0.31,1.0,1.0,1.0,1.0,1.0,1.0
tpcds_sf20_t8,tpcds,20,8,Q63,0.52,0.31,0.31,0.41,0.41,0.31,0.31,0.41,1.2682926829268293,1.6774193548387097,1.0,1.2682926829268293,1.0,0.7560975609756098
tpcds_sf20_t8,tpcds,20,8,Q64,2.21,1.13,1.44,0.93,1.13,0.93,0.93,0.93,2.376344086021505,1.9557522123893807,1.0,1.9557522123893807,0.8230088495575223,1.21505376344086
tpcds_sf20_t8,tpcds,20,8,Q65,1.34,1.34,1.34,1.54,1.23,1.34,1.34,1.44,0.8701298701298702,1.0,1.0694444444444444,1.0894308943089432,1.2520325203252034,0.8701298701298702
tpcds_sf20_t8,tpcds,20,8,Q66,0.41,0.31,0.31,0.31,0.31,0.31,0.31,0.31,1.3225806451612903,1.3225806451612903,1.0,1.3225806451612903,1.0,1.0
tpcds_sf20_t8,tpcds,20,8,Q67,5.85,5.85,5.95,5.75,5.74,5.85,5.85,5.64,1.017391304347826,1.0,1.019503546099291,1.019163763066202,1.0017421602787455,1.017391304347826
tpcds_sf20_t8,tpcds,20,8,Q68,0.82,0.62,0.62,0.62,0.72,0.62,0.62,0.62,1.3225806451612903,1.3225806451612903,1.0,1.1388888888888888,0.8611111111111112,1.0
tpcds_sf20_t8,tpcds,20,8,Q69,0.41,0.41,0.41,0.31,0.41,0.41,0.41,0.31,1.3225806451612903,1.0,1.0,1.0,0.7560975609756098,1.3225806451612903
tpcds_sf20_t8,tpcds,20,8,Q70,1.13,1.13,1.13,1.03,1.03,1.03,1.03,1.03,1.0970873786407767,1.0,1.0,1.0970873786407767,1.0,1.0970873786407767
tpcds_sf20_t8,tpcds,20,8,Q71,0.52,0.52,0.52,0.41,0.52,0.52,0.52,0.41,1.2682926829268293,1.0,1.0,1.0,0.7884615384615384,1.2682926829268293
tpcds_sf20_t8,tpcds,20,8,Q72,6.155,0.62,0.62,0.52,0.62,0.41,0.41,0.31,11.836538461538462,9.92741935483871,1.6774193548387097,9.92741935483871,0.8387096774193549,1.1923076923076923
tpcds_sf20_t8,tpcds,20,8,Q73,0.5700000000000001,0.41,0.41,0.41,0.51,0.41,0.41,0.41,1.3902439024390245,1.3902439024390245,1.0,1.1176470588235294,0.8039215686274509,1.0
tpcds_sf20_t8,tpcds,20,8,Q74,2.0,1.9499999999999997,1.9499999999999997,2.0,1.64,1.54,1.54,1.64,1.0,1.0256410256410258,1.2195121951219512,1.2195121951219512,1.2195121951219512,0.9749999999999999
tpcds_sf20_t8,tpcds,20,8,Q75,1.34,1.03,1.03,1.13,1.34,1.03,1.03,1.03,1.185840707964602,1.3009708737864079,1.0970873786407767,1.0,0.8432835820895521,0.9115044247787611
tpcds_sf20_t8,tpcds,20,8,Q76,0.62,0.62,0.62,0.62,0.62,0.62,0.62,0.62,1.0,1.0,1.0,1.0,1.0,1.0
tpcds_sf20_t8,tpcds,20,8,Q77,0.62,0.52,0.52,0.52,0.62,0.52,0.52,0.52,1.1923076923076923,1.1923076923076923,1.0,1.0,0.8387096774193549,1.0
tpcds_sf20_t8,tpcds,20,8,Q78,2.67,2.7199999999999998,2.88,2.52,2.67,2.67,2.87,2.36,1.0595238095238095,0.9816176470588236,1.0677966101694916,1.0,0.9438202247191012,1.0793650793650793
tpcds_sf20_t8,tpcds,20,8,Q79,0.82,0.62,0.62,0.62,0.82,0.62,0.62,0.62,1.3225806451612903,1.3225806451612903,1.0,1.0,0.7560975609756098,1.0
tpcds_sf20_t8,tpcds,20,8,Q80,1.13,0.72,0.72,0.62,1.13,0.72,0.72,0.62,1.8225806451612903,1.5694444444444444,1.0,1.0,0.5486725663716815,1.161290322580645
tpcds_sf20_t8,tpcds,20,8,Q81,0.26,0.26,0.26,0.26,0.21,0.21,0.21,0.21,1.0,1.0,1.2380952380952381,1.2380952380952381,1.2380952380952381,1.0
tpcds_sf20_t8,tpcds,20,8,Q82,2.4050000000000002,0.21,0.21,0.21,0.21,0.21,0.21,0.21,11.452380952380954,11.452380952380954,1.0,11.452380952380954,1.0,1.0
tpcds_sf20_t8,tpcds,20,8,Q83,0.21,0.11,0.11,0.11,0.21,0.11,0.11,0.11,1.909090909090909,1.909090909090909,1.0,1.0,0.5238095238095238,1.0
tpcds_sf20_t8,tpcds,20,8,Q84,0.21,0.11,0.11,0.11,0.11,0.11,0.11,0.11,1.909090909090909,1.909090909090909,1.0,1.909090909090909,1.0,1.0
tpcds_sf20_t8,tpcds,20,8,Q85,0.41,0.41,0.41,0.41,0.31,0.41,0.41,0.41,1.0,1.0,1.0,1.3225806451612903,1.3225806451612903,1.0
tpcds_sf20_t8,tpcds,20,8,Q86,0.21,0.21,0.21,0.31,0.21,0.21,0.21,0.21,0.6774193548387096,1.0,1.4761904761904763,1.0,1.4761904761904763,0.6774193548387096
tpcds_sf20_t8,tpcds,20,8,Q87,0.93,1.03,0.98,0.93,0.92,0.93,0.93,0.93,1.0,0.9029126213592233,1.0,1.0108695652173914,1.0108695652173914,1.10752688172043
tpcds_sf20_t8,tpcds,20,8,Q88,1.54,0.82,0.82,0.82,1.44,0.82,0.82,0.82,1.878048780487805,1.878048780487805,1.0,1.0694444444444444,0.5694444444444444,1.0
tpcds_sf20_t8,tpcds,20,8,Q89,0.52,0.41,0.41,0.41,0.41,0.41,0.41,0.41,1.2682926829268293,1.2682926829268293,1.0,1.2682926829268293,1.0,1.0
tpcds_sf20_t8,tpcds,20,8,Q90,0.21,0.21,0.21,0.21,0.21,0.11,0.11,0.11,1.0,1.0,1.909090909090909,1.0,1.0,1.0
tpcds_sf20_t8,tpcds,20,8,Q91,0.11,0.11,0.11,0.11,0.11,0.11,0.11,0.11,1.0,1.0,1.0,1.0,1.0,1.0
tpcds_sf20_t8,tpcds,20,8,Q92,0.21,0.21,0.21,0.21,0.21,0.21,0.21,0.21,1.0,1.0,1.0,1.0,1.0,1.0
tpcds_sf20_t8,tpcds,20,8,Q93,1.13,0.82,0.82,0.82,1.13,0.72,0.72,0.82,1.3780487804878048,1.3780487804878048,1.0,1.0,0.7256637168141593,1.0
tpcds_sf20_t8,tpcds,20,8,Q94,0.31,0.21,0.21,0.21,0.21,0.21,0.21,0.21,1.4761904761904763,1.4761904761904763,1.0,1.4761904761904763,1.0,1.0
tpcds_sf20_t8,tpcds,20,8,Q95,3.18,3.18,5.44,0.41,3.17,3.18,5.23,0.41,7.75609756097561,1.0,1.0,1.003154574132492,0.12933753943217666,7.75609756097561
tpcds_sf20_t8,tpcds,20,8,Q96,0.31,0.21,0.21,0.21,0.31,0.21,0.21,0.21,1.4761904761904763,1.4761904761904763,1.0,1.0,0.6774193548387096,1.0
tpcds_sf20_t8,tpcds,20,8,Q97,0.93,0.93,0.93,1.03,0.93,0.93,0.93,1.03,0.9029126213592233,1.0,1.0,1.0,1.10752688172043,0.9029126213592233
tpcds_sf20_t8,tpcds,20,8,Q98,0.41,0.31,0.31,0.31,0.41,0.31,0.31,0.31,1.3225806451612903,1.3225806451612903,1.0,1.0,0.7560975609756098,1.0
tpcds_sf20_t8,tpcds,20,8,Q99,0.31,0.31,0.31,0.41,0.31,0.31,0.31,0.41,0.7560975609756098,1.0,1.0,1.0,1.3225806451612903,0.7560975609756098
tpcds_sf50_t8,tpcds,50,8,Q01,0.72,0.72,0.93,0.72,0.72,0.72,0.93,0.72,1.0,1.0,1.0,1.0,1.0,1.0
tpcds_sf50_t8,tpcds,50,8,Q02,1.33,1.34,1.34,1.34,1.33,1.33,1.33,1.33,0.9925373134328358,0.9925373134328358,1.0075187969924813,1.0,1.0075187969924813,1.0
tpcds_sf50_t8,tpcds,50,8,Q03,0.925,0.6699999999999999,0.6699999999999999,0.6699999999999999,0.82,0.62,0.62,0.62,1.3805970149253735,1.3805970149253735,1.0806451612903225,1.128048780487805,0.8170731707317073,1.0
tpcds_sf50_t8,tpcds,50,8,Q04,8.969999999999999,8.82,8.82,9.23,8.61,8.51,8.41,8.72,0.9718309859154928,1.0170068027210883,1.05848623853211,1.0418118466898953,1.0720092915214867,0.9555796316359697
tpcds_sf50_t8,tpcds,50,8,Q05,1.85,1.54,1.85,1.54,1.74,1.44,1.75,1.44,1.2012987012987013,1.2012987012987013,1.0694444444444444,1.0632183908045978,0.8850574712643678,1.0
tpcds_sf50_t8,tpcds,50,8,Q06,2.36,2.36,2.36,2.36,2.26,2.26,2.26,2.26,1.0,1.0,1.0442477876106195,1.0442477876106195,1.0442477876106195,1.0
tpcds_sf50_t8,tpcds,50,8,Q07,1.85,1.13,1.13,1.23,1.44,1.13,1.13,1.13,1.5040650406504066,1.6371681415929207,1.088495575221239,1.2847222222222223,0.8541666666666667,0.9186991869918698
tpcds_sf50_t8,tpcds,50,8,Q08,1.64,1.23,1.23,1.23,1.64,1.23,1.23,1.23,1.3333333333333333,1.3333333333333333,1.0,1.0,0.75,1.0
tpcds_sf50_t8,tpcds,50,8,Q09,2.15,2.15,2.16,2.1550000000000002,2.15,2.15,2.15,2.15,0.9976798143851506,1.0,1.0023255813953489,1.0,1.0023255813953489,0.9976798143851506
tpcds_sf50_t8,tpcds,50,8,Q10,1.03,1.03,1.03,0.62,1.03,1.03,1.03,0.62,1.6612903225806452,1.0,1.0,1.0,0.6019417475728155,1.6612903225806452
tpcds_sf50_t8,tpcds,50,8,Q11,6.3100000000000005,6.0,6.05,6.26,6.15,5.84,5.85,5.85,1.0079872204472844,1.0516666666666667,1.07008547008547,1.0260162601626017,1.0178861788617886,0.9584664536741214
tpcds_sf50_t8,tpcds,50,8,Q12,0.31,0.31,0.31,0.31,0.31,0.31,0.31,0.31,1.0,1.0,1.0,1.0,1.0,1.0
tpcds_sf50_t8,tpcds,50,8,Q13,2.05,2.05,2.16,2.26,1.75,1.85,1.85,2.16,0.9070796460176991,1.0,1.046296296296296,1.1714285714285713,1.2914285714285714,0.9070796460176991
tpcds_sf50_t8,tpcds,50,8,Q14,16.7,16.605,16.71,17.01,16.4,16.49,16.41,16.81,0.9817754262198706,1.0057211683227942,1.0118976799524095,1.0182926829268293,1.0371951219512197,0.9761904761904762
tpcds_sf50_t8,tpcds,50,8,Q15,0.21,0.21,0.21,0.21,0.21,0.21,0.21,0.21,1.0,1.0,1.0,1.0,1.0,1.0
tpcds_sf50_t8,tpcds,50,8,Q16,0.21,0.21,0.21,0.21,0.21,0.21,0.21,0.21,1.0,1.0,1.0,1.0,1.0,1.0
tpcds_sf50_t8,tpcds,50,8,Q17,2.41,1.13,1.13,1.13,1.33,1.03,1.03,1.13,2.132743362831859,2.132743362831859,1.0,1.8120300751879699,0.8496240601503758,1.0
tpcds_sf50_t8,tpcds,50,8,Q18,0.72,0.41,0.41,0.46499999999999997,0.52,0.41,0.41,0.41,1.5483870967741935,1.7560975609756098,1.1341463414634145,1.3846153846153846,0.8942307692307692,0.8817204301075269
tpcds_sf50_t8,tpcds,50,8,Q19,1.18,0.82,0.82,0.82,1.03,0.82,0.82,0.72,1.4390243902439024,1.4390243902439024,1.1388888888888888,1.145631067961165,0.7961165048543689,1.0
tpcds_sf50_t8,tpcds,50,8,Q20,0.21,0.21,0.21,0.21,0.21,0.21,0.21,0.21,1.0,1.0,1.0,1.0,1.0,1.0
tpcds_sf50_t8,tpcds,50,8,Q21,0.11,0.11,0.11,0.11,0.11,0.11,0.11,0.11,1.0,1.0,1.0,1.0,1.0,1.0
tpcds_sf50_t8,tpcds,50,8,Q22,2.46,2.46,2.46,2.46,2.36,2.36,2.36,2.36,1.0,1.0,1.0423728813559323,1.0423728813559323,1.0423728813559323,1.0
tpcds_sf50_t8,tpcds,50,8,Q23,10.87,11.08,11.08,11.08,10.76,10.97,10.98,10.88,0.9810469314079422,0.9810469314079422,1.0183823529411764,1.0102230483271375,1.029739776951673,1.0
tpcds_sf50_t8,tpcds,50,8,Q24,3.49,1.6949999999999998,1.75,1.85,2.05,1.13,1.03,1.13,1.8864864864864865,2.058997050147493,1.6371681415929207,1.702439024390244,0.902439024390244,0.9162162162162161
tpcds_sf50_t8,tpcds,50,8,Q25,1.54,1.13,1.13,1.13,1.23,1.03,1.03,1.03,1.3628318584070798,1.3628318584070798,1.0970873786407767,1.2520325203252034,0.9186991869918698,1.0
tpcds_sf50_t8,tpcds,50,8,Q26,0.41,0.31,0.31,0.31,0.31,0.31,0.31,0.31,1.3225806451612903,1.3225806451612903,1.0,1.3225806451612903,1.0,1.0
tpcds_sf50_t8,tpcds,50,8,Q27,3.74,2.05,2.05,2.05,2.77,1.95,1.95,1.95,1.8243902439024393,1.8243902439024393,1.0512820512820513,1.3501805054151625,0.740072202166065,1.0
tpcds_sf50_t8,tpcds,50,8,Q28,2.56,2.56,2.57,2.57,2.46,2.56,2.46,2.56,0.9961089494163425,1.0,1.00390625,1.0406504065040652,1.0447154471544715,0.9961089494163425
tpcds_sf50_t8,tpcds,50,8,Q29,1.85,1.3900000000000001,1.44,1.49,1.54,1.34,1.34,1.34,1.2416107382550337,1.330935251798561,1.1119402985074627,1.2012987012987013,0.9675324675324675,0.9328859060402686
tpcds_sf50_t8,tpcds,50,8,Q30,0.31,0.31,0.31,0.36,0.31,0.31,0.31,0.31,0.8611111111111112,1.0,1.161290322580645,1.0,1.161290322580645,0.8611111111111112
tpcds_sf50_t8,tpcds,50,8,Q31,1.64,1.23,1.23,1.23,1.64,1.23,1.23,1.23,1.3333333333333333,1.3333333333333333,1.0,1.0,0.75,1.0
tpcds_sf50_t8,tpcds,50,8,Q32,0.11,0.11,0.11,0.11,0.11,0.11,0.11,0.11,1.0,1.0,1.0,1.0,1.0,1.0
tpcds_sf50_t8,tpcds,50,8,Q33,1.13,0.93,0.93,0.93,1.13,0.93,0.93,0.93,1.21505376344086,1.21505376344086,1.0,1.0,0.8230088495575223,1.0
tpcds_sf50_t8,tpcds,50,8,Q34,1.33,0.82,0.82,0.93,1.33,0.82,0.82,0.82,1.4301075268817205,1.6219512195121952,1.1341463414634148,1.0,0.6992481203007519,0.8817204301075268
tpcds_sf50_t8,tpcds,50,8,Q35,1.74,1.745,1.95,1.34,1.64,1.64,1.85,1.34,1.2985074626865671,0.9971346704871059,1.0,1.0609756097560976,0.8170731707317074,1.3022388059701493
tpcds_sf50_t8,tpcds,50,8,Q36,1.74,1.13,1.13,1.34,1.64,1.13,1.13,1.34,1.2985074626865671,1.5398230088495577,1.0,1.0609756097560976,0.8170731707317074,0.8432835820895521
tpcds_sf50_t8,tpcds,50,8,Q37,7.22,0.21,0.21,0.21,0.21,0.21,0.21,0.21,34.38095238095238,34.38095238095238,1.0,34.38095238095238,1.0,1.0
tpcds_sf50_t8,tpcds,50,8,Q38,2.05,2.16,2.16,2.05,2.05,2.15,2.15,2.05,1.0,0.949074074074074,1.0,1.0,1.0,1.0536585365853661
tpcds_sf50_t8,tpcds,50,8,Q39,0.21,0.21,0.21,0.21,0.21,0.21,0.21,0.21,1.0,1.0,1.0,1.0,1.0,1.0
tpcds_sf50_t8,tpcds,50,8,Q40,0.31,0.31,0.31,0.11,0.31,0.31,0.31,0.11,2.8181818181818183,1.0,1.0,1.0,0.3548387096774194,2.8181818181818183
tpcds_sf50_t8,tpcds,50,8,Q41,0.11,0.11,0.11,0.11,0.11,0.11,0.11,0.11,1.0,1.0,1.0,1.0,1.0,1.0
tpcds_sf50_t8,tpcds,50,8,Q42,0.87,0.52,0.52,0.52,0.72,0.52,0.52,0.52,1.673076923076923,1.673076923076923,1.0,1.2083333333333335,0.7222222222222223,1.0
tpcds_sf50_t8,tpcds,50,8,Q43,1.23,0.82,0.82,0.93,1.23,0.82,0.82,0.92,1.3225806451612903,1.5,1.0108695652173914,1.0,0.7560975609756098,0.8817204301075268
tpcds_sf50_t8,tpcds,50,8,Q44,38.599999999999994,38.605000000000004,39.09,38.465,37.8,38.01,38.1,38.0,1.0035096841284281,0.999870483098044,1.0122368421052632,1.0211640211640212,1.0175925925925928,1.0036396724294814
tpcds_sf50_t8,tpcds,50,8,Q45,0.52,0.41,0.46499999999999997,0.52,0.51,0.31,0.31,0.41,1.0,1.2682926829268293,1.2682926829268293,1.0196078431372548,1.0196078431372548,0.7884615384615384
tpcds_sf50_t8,tpcds,50,8,Q46,2.0,1.34,1.34,1.34,1.85,1.34,1.34,1.34,1.4925373134328357,1.4925373134328357,1.0,1.081081081081081,0.7243243243243244,1.0
tpcds_sf50_t8,tpcds,50,8,Q47,3.18,3.18,3.28,3.28,3.08,3.18,3.18,3.18,0.9695121951219513,1.0,1.0314465408805031,1.0324675324675325,1.0649350649350648,0.9695121951219513
tpcds_sf50_t8,tpcds,50,8,Q48,1.6949999999999998,1.8,1.95,2.05,1.54,1.64,1.54,1.95,0.8268292682926829,0.9416666666666665,1.0512820512820513,1.1006493506493504,1.331168831168831,0.878048780487805
tpcds_sf50_t8,tpcds,50,8,Q49,1.44,1.13,1.13,1.13,1.34,1.03,1.03,1.03,1.2743362831858407,1.2743362831858407,1.0970873786407767,1.0746268656716418,0.8432835820895521,1.0
tpcds_sf50_t8,tpcds,50,8,Q50,3.39,1.6949999999999998,1.6949999999999998,1.54,2.67,1.44,1.44,1.54,2.2012987012987013,2.0000000000000004,1.0,1.2696629213483146,0.5767790262172285,1.1006493506493504
tpcds_sf50_t8,tpcds,50,8,Q51,4.72,4.72,4.72,4.52,4.61,4.72,4.62,4.51,1.0442477876106195,1.0,1.0022172949002217,1.0238611713665942,0.9804772234273317,1.0442477876106195
tpcds_sf50_t8,tpcds,50,8,Q52,0.87,0.62,0.62,0.62,0.72,0.52,0.52,0.52,1.403225806451613,1.403225806451613,1.1923076923076923,1.2083333333333335,0.8611111111111112,1.0
tpcds_sf50_t8,tpcds,50,8,Q53,1.13,0.72,0.72,0.72,0.82,0.72,0.72,0.72,1.5694444444444444,1.5694444444444444,1.0,1.3780487804878048,0.8780487804878049,1.0
tpcds_sf50_t8,tpcds,50,8,Q54,300.0,300.0,300.0,300.0,300.0,300.0,300.0,300.0,1.0,1.0,1.0,1.0,1.0,1.0
tpcds_sf50_t8,tpcds,50,8,Q55,0.82,0.62,0.62,0.62,0.82,0.52,0.52,0.52,1.3225806451612903,1.3225806451612903,1.1923076923076923,1.0,0.7560975609756098,1.0
tpcds_sf50_t8,tpcds,50,8,Q56,1.13,0.82,0.82,0.82,1.03,0.82,0.82,0.82,1.3780487804878048,1.3780487804878048,1.0,1.0970873786407767,0.7961165048543689,1.0
tpcds_sf50_t8,tpcds,50,8,Q57,0.82,0.82,0.82,0.82,0.82,0.82,0.82,0.82,1.0,1.0,1.0,1.0,1.0,1.0
tpcds_sf50_t8,tpcds,50,8,Q58,2.46,2.46,2.46,2.46,2.36,2.46,2.36,2.36,1.0,1.0,1.0423728813559323,1.0423728813559323,1.0423728813559323,1.0
tpcds_sf50_t8,tpcds,50,8,Q59,2.46,2.46,2.46,2.46,2.46,2.46,2.46,2.46,1.0,1.0,1.0,1.0,1.0,1.0
tpcds_sf50_t8,tpcds,50,8,Q60,1.34,0.93,0.93,0.93,1.23,0.93,0.93,0.93,1.4408602150537635,1.4408602150537635,1.0,1.0894308943089432,0.7560975609756098,1.0
tpcds_sf50_t8,tpcds,50,8,Q61,1.64,1.13,1.13,1.13,1.54,1.13,1.13,1.13,1.4513274336283186,1.4513274336283186,1.0,1.0649350649350648,0.7337662337662337,1.0
tpcds_sf50_t8,tpcds,50,8,Q62,0.62,0.62,0.62,0.62,0.62,0.62,0.62,0.62,1.0,1.0,1.0,1.0,1.0,1.0
tpcds_sf50_t8,tpcds,50,8,Q63,1.13,0.72,0.72,0.72,0.82,0.72,0.72,0.72,1.5694444444444444,1.5694444444444444,1.0,1.3780487804878048,0.8780487804878049,1.0
tpcds_sf50_t8,tpcds,50,8,Q64,6.715,2.87,3.49,2.05,2.87,2.05,2.05,1.95,3.275609756097561,2.3397212543554007,1.0512820512820513,2.3397212543554007,0.7142857142857142,1.4000000000000001
tpcds_sf50_t8,tpcds,50,8,Q65,3.8,3.9,3.9,3.9,3.79,3.69,3.7,3.7,0.9743589743589743,0.9743589743589743,1.054054054054054,1.0026385224274406,1.029023746701847,1.0
tpcds_sf50_t8,tpcds,50,8,Q66,0.82,0.52,0.52,0.62,0.72,0.52,0.52,0.52,1.3225806451612903,1.5769230769230769,1.1923076923076923,1.1388888888888888,0.8611111111111112,0.8387096774193549
tpcds_sf50_t8,tpcds,50,8,Q67,15.79,15.705,15.8,16.11,15.49,15.49,15.6,15.7,0.9801365611421478,1.0054122890799109,1.0261146496815288,1.0193673337637184,1.040025823111685,0.9748603351955307
tpcds_sf50_t8,tpcds,50,8,Q68,1.95,1.44,1.34,1.34,1.64,1.34,1.34,1.23,1.4552238805970148,1.3541666666666667,1.0894308943089432,1.1890243902439024,0.8170731707317074,1.0746268656716418
tpcds_sf50_t8,tpcds,50,8,Q69,1.03,0.93,0.93,0.62,0.92,0.93,0.93,0.62,1.6612903225806452,1.10752688172043,1.0,1.1195652173913044,0.6739130434782609,1.5
tpcds_sf50_t8,tpcds,50,8,Q70,2.56,2.46,2.46,2.36,2.46,2.46,2.46,2.36,1.0847457627118644,1.0406504065040652,1.0,1.0406504065040652,0.959349593495935,1.0423728813559323
tpcds_sf50_t8,tpcds,50,8,Q71,1.23,1.13,1.13,0.82,1.13,1.03,1.03,0.82,1.5,1.088495575221239,1.0,1.088495575221239,0.7256637168141593,1.3780487804878048
tpcds_sf50_t8,tpcds,50,8,Q72,21.130000000000003,1.44,1.54,1.3900000000000001,1.03,0.62,0.72,0.72,15.201438848920864,14.673611111111114,1.9305555555555558,20.514563106796118,1.3495145631067962,1.0359712230215825
tpcds_sf50_t8,tpcds,50,8,Q73,1.23,0.82,0.82,0.82,1.03,0.72,0.72,0.72,1.5,1.5,1.1388888888888888,1.1941747572815533,0.7961165048543689,1.0
tpcds_sf50_t8,tpcds,50,8,Q74,4.26,4.1,4.105,4.26,4.1,3.8,3.8,3.9,1.0,1.0390243902439025,1.0923076923076922,1.0390243902439025,1.0390243902439025,0.9624413145539906
tpcds_sf50_t8,tpcds,50,8,Q75,3.28,2.46,2.465,2.47,3.18,2.36,2.36,2.46,1.3279352226720647,1.3333333333333333,1.0040650406504066,1.0314465408805031,0.7767295597484277,0.9959514170040485
tpcds_sf50_t8,tpcds,50,8,Q76,1.44,1.44,1.44,1.23,1.44,1.34,1.44,1.23,1.170731707317073,1.0,1.0,1.0,0.8541666666666667,1.170731707317073
tpcds_sf50_t8,tpcds,50,8,Q77,1.34,1.03,1.03,1.03,1.34,1.03,1.03,1.03,1.3009708737864079,1.3009708737864079,1.0,1.0,0.7686567164179104,1.0
tpcds_sf50_t8,tpcds,50,8,Q78,6.77,6.77,7.19,6.06,6.67,6.67,7.08,5.85,1.1171617161716172,1.0,1.035897435897436,1.0149925037481258,0.9085457271364318,1.1171617161716172
tpcds_sf50_t8,tpcds,50,8,Q79,1.95,1.34,1.34,1.44,1.85,1.34,1.34,1.44,1.3541666666666667,1.4552238805970148,1.0,1.054054054054054,0.7783783783783783,0.9305555555555557
tpcds_sf50_t8,tpcds,50,8,Q80,2.565,1.64,1.64,1.23,2.46,1.54,1.64,1.23,2.0853658536585367,1.5640243902439026,1.0,1.0426829268292683,0.5,1.3333333333333333
tpcds_sf50_t8,tpcds,50,8,Q81,0.41,0.41,0.41,0.41,0.41,0.41,0.41,0.41,1.0,1.0,1.0,1.0,1.0,1.0
tpcds_sf50_t8,tpcds,50,8,Q82,8.29,0.41,0.41,0.31,0.41,0.41,0.41,0.21,26.741935483870964,20.21951219512195,1.4761904761904763,20.21951219512195,0.7560975609756098,1.3225806451612903
tpcds_sf50_t8,tpcds,50,8,Q83,0.41,0.21,0.21,0.21,0.31,0.21,0.21,0.21,1.9523809523809523,1.9523809523809523,1.0,1.3225806451612903,0.6774193548387096,1.0
tpcds_sf50_t8,tpcds,50,8,Q84,0.36,0.21,0.21,0.21,0.21,0.21,0.21,0.21,1.7142857142857142,1.7142857142857142,1.0,1.7142857142857142,1.0,1.0
tpcds_sf50_t8,tpcds,50,8,Q85,0.72,0.72,0.82,0.82,0.72,0.72,0.72,0.82,0.8780487804878049,1.0,1.0,1.0,1.1388888888888888,0.8780487804878049
tpcds_sf50_t8,tpcds,50,8,Q86,0.52,0.52,0.52,0.52,0.51,0.51,0.52,0.52,1.0,1.0,1.0,1.0196078431372548,1.0196078431372548,1.0
tpcds_sf50_t8,tpcds,50,8,Q87,2.26,2.26,2.26,2.16,2.15,2.26,2.26,2.16,1.046296296296296,1.0,1.0,1.0511627906976744,1.0046511627906978,1.046296296296296
tpcds_sf50_t8,tpcds,50,8,Q88,3.59,1.85,1.85,1.95,3.28,1.85,1.85,1.85,1.841025641025641,1.9405405405405403,1.054054054054054,1.0945121951219512,0.5945121951219512,0.9487179487179488
tpcds_sf50_t8,tpcds,50,8,Q89,1.23,0.82,0.82,0.82,1.03,0.82,0.82,0.82,1.5,1.5,1.0,1.1941747572815533,0.7961165048543689,1.0
tpcds_sf50_t8,tpcds,50,8,Q90,0.41,0.31,0.31,0.31,0.41,0.31,0.31,0.31,1.3225806451612903,1.3225806451612903,1.0,1.0,0.7560975609756098,1.0
tpcds_sf50_t8,tpcds,50,8,Q91,0.21,0.11,0.11,0.11,0.11,0.11,0.11,0.11,1.909090909090909,1.909090909090909,1.0,1.909090909090909,1.0,1.0
tpcds_sf50_t8,tpcds,50,8,Q92,0.41,0.31,0.31,0.31,0.41,0.31,0.31,0.31,1.3225806451612903,1.3225806451612903,1.0,1.0,0.7560975609756098,1.0
tpcds_sf50_t8,tpcds,50,8,Q93,2.98,1.85,2.16,1.85,2.98,1.85,2.16,1.85,1.6108108108108108,1.6108108108108108,1.0,1.0,0.6208053691275168,1.0
tpcds_sf50_t8,tpcds,50,8,Q94,0.52,0.41,0.41,0.41,0.51,0.41,0.41,0.41,1.2682926829268293,1.2682926829268293,1.0,1.0196078431372548,0.8039215686274509,1.0
tpcds_sf50_t8,tpcds,50,8,Q95,8.19,8.2,14.86,1.03,8.09,8.09,14.04,1.03,7.951456310679611,0.998780487804878,1.0,1.0123609394313968,0.1273176761433869,7.9611650485436884
tpcds_sf50_t8,tpcds,50,8,Q96,0.62,0.52,0.52,0.41,0.62,0.41,0.41,0.41,1.5121951219512195,1.1923076923076923,1.0,1.0,0.6612903225806451,1.2682926829268293
tpcds_sf50_t8,tpcds,50,8,Q97,2.26,2.26,2.26,2.26,2.26,2.16,2.16,2.26,1.0,1.0,1.0,1.0,1.0,1.0
tpcds_sf50_t8,tpcds,50,8,Q98,0.82,0.62,0.62,0.62,0.82,0.62,0.62,0.62,1.3225806451612903,1.3225806451612903,1.0,1.0,0.7560975609756098,1.0
tpcds_sf50_t8,tpcds,50,8,Q99,0.62,0.62,0.62,0.93,0.52,0.62,0.62,0.92,0.6666666666666666,1.0,1.0108695652173914,1.1923076923076923,1.7884615384615385,0.6666666666666666
tpcds_sf100_t8,tpcds,100,8,Q01,1.23,1.23,1.64,1.23,1.23,1.23,1.64,1.23,1.0,1.0,1.0,1.0,1.0,1.0
tpcds_sf100_t8,tpcds,100,8,Q02,2.46,2.46,2.46,2.46,2.46,2.46,2.46,2.46,1.0,1.0,1.0,1.0,1.0,1.0
tpcds_sf100_t8,tpcds,100,8,Q03,1.745,1.23,1.23,1.23,1.54,1.13,1.13,1.13,1.41869918699187,1.41869918699187,1.088495575221239,1.1331168831168832,0.7987012987012987,1.0
tpcds_sf100_t8,tpcds,100,8,Q04,17.325,16.505000000000003,17.795,16.975,17.12,16.1,17.23,16.31,1.0206185567010309,1.0496819145713419,1.0407725321888415,1.0119742990654204,0.9915303738317758,0.9723122238586157
tpcds_sf100_t8,tpcds,100,8,Q05,3.49,2.88,3.59,2.98,3.49,2.87,3.49,2.87,1.1711409395973156,1.2118055555555556,1.038327526132404,1.0,0.8538681948424068,0.9664429530201342
tpcds_sf100_t8,tpcds,100,8,Q06,6.05,6.05,6.87,6.05,5.94,5.94,6.77,5.95,1.0,1.0,1.0168067226890756,1.0185185185185184,1.0185185185185184,1.0
tpcds_sf100_t8,tpcds,100,8,Q07,3.59,2.16,2.16,2.26,2.67,2.05,2.05,2.16,1.588495575221239,1.6620370370370368,1.046296296296296,1.344569288389513,0.846441947565543,0.9557522123893807
tpcds_sf100_t8,tpcds,100,8,Q08,2.665,1.85,1.95,1.85,2.56,1.85,1.85,1.85,1.4405405405405405,1.4405405405405405,1.0,1.041015625,0.72265625,1.0
tpcds_sf100_t8,tpcds,100,8,Q09,4.3,4.31,4.31,4.31,4.3,4.2,4.3,4.2,0.9976798143851509,0.9976798143851509,1.026190476190476,1.0,1.0023255813953489,1.0
tpcds_sf100_t8,tpcds,100,8,Q10,1.85,1.85,1.85,1.13,1.85,1.85,1.85,1.03,1.6371681415929207,1.0,1.0970873786407767,1.0,0.6108108108108107,1.6371681415929207
tpcds_sf100_t8,tpcds,100,8,Q11,12.305,11.38,12.205,11.49,12.1,11.08,11.69,11.07,1.0709312445604873,1.0812829525483303,1.037940379403794,1.0169421487603305,0.9495867768595042,0.9904264577893821
tpcds_sf100_t8,tpcds,100,8,Q12,0.62,0.52,0.52,0.52,0.62,0.52,0.52,0.52,1.1923076923076923,1.1923076923076923,1.0,1.0,0.8387096774193549,1.0
tpcds_sf100_t8,tpcds,100,8,Q13,3.8499999999999996,4.05,4.055,4.31,3.28,3.49,3.49,4.11,0.8932714617169374,0.9506172839506173,1.0486618004866177,1.173780487804878,1.3140243902439024,0.9396751740139212
tpcds_sf100_t8,tpcds,100,8,Q14,36.22,36.235,36.14,36.61,35.86,35.48,35.47,35.77,0.9893471729035782,0.9995860356009383,1.0234833659491194,1.0100390407138873,1.020914668153932,0.9897568970226714
tpcds_sf100_t8,tpcds,100,8,Q15,0.36,0.41,0.41,0.41,0.31,0.31,0.41,0.41,0.8780487804878049,0.8780487804878049,1.0,1.161290322580645,1.3225806451612903,1.0
tpcds_sf100_t8,tpcds,100,8,Q16,0.41,0.31,0.31,0.31,0.31,0.31,0.31,0.31,1.3225806451612903,1.3225806451612903,1.0,1.3225806451612903,1.0,1.0
tpcds_sf100_t8,tpcds,100,8,Q17,5.23,2.0549999999999997,2.16,2.26,3.08,1.95,1.85,2.05,2.3141592920353986,2.5450121654501223,1.102439024390244,1.6980519480519483,0.7337662337662337,0.90929203539823
tpcds_sf100_t8,tpcds,100,8,Q18,1.13,0.72,0.72,0.72,1.03,0.72,0.72,0.72,1.5694444444444444,1.5694444444444444,1.0,1.0970873786407767,0.6990291262135921,1.0
tpcds_sf100_t8,tpcds,100,8,Q19,2.36,1.44,1.44,1.44,1.95,1.44,1.44,1.44,1.6388888888888888,1.6388888888888888,1.0,1.2102564102564102,0.7384615384615385,1.0
tpcds_sf100_t8,tpcds,100,8,Q20,0.21,0.21,0.21,0.21,0.21,0.21,0.21,0.21,1.0,1.0,1.0,1.0,1.0,1.0
tpcds_sf100_t8,tpcds,100,8,Q21,0.31,0.21,0.21,0.31,0.31,0.21,0.21,0.31,1.0,1.4761904761904763,1.0,1.0,1.0,0.6774193548387096
tpcds_sf100_t8,tpcds,100,8,Q22,9.03,9.13,9.13,9.13,8.93,9.03,9.02,9.03,0.9890470974808323,0.9890470974808323,1.011074197120709,1.0111982082866742,1.0223964165733483,1.0
tpcds_sf100_t8,tpcds,100,8,Q23,21.994999999999997,22.355,24.405,22.37,21.84,21.85,24.01,22.15,0.9832364774251228,0.983896220084992,1.0099322799097066,1.0070970695970696,1.0242673992673994,0.9993294590970049
tpcds_sf100_t8,tpcds,100,8,Q24,9.84,3.39,3.6399999999999997,3.8,3.8,2.36,2.36,2.46,2.5894736842105264,2.9026548672566372,1.5447154471544715,2.5894736842105264,1.0,0.8921052631578948
tpcds_sf100_t8,tpcds,100,8,Q25,3.23,2.05,2.05,2.1100000000000003,2.67,1.95,1.95,1.95,1.5308056872037912,1.575609756097561,1.0820512820512822,1.2097378277153559,0.7902621722846443,0.9715639810426538
tpcds_sf100_t8,tpcds,100,8,Q26,0.72,0.52,0.52,0.52,0.52,0.41,0.41,0.52,1.3846153846153846,1.3846153846153846,1.0,1.3846153846153846,1.0,1.0
tpcds_sf100_t8,tpcds,100,8,Q27,6.36,3.745,3.7,3.7,5.33,3.59,3.59,3.59,1.718918918918919,1.6982643524699599,1.0306406685236769,1.1932457786116324,0.6941838649155723,1.0121621621621621
tpcds_sf100_t8,tpcds,100,8,Q28,4.92,4.92,4.92,4.92,4.82,4.82,4.82,4.82,1.0,1.0,1.020746887966805,1.020746887966805,1.020746887966805,1.0
tpcds_sf100_t8,tpcds,100,8,Q29,4.205,2.77,2.77,2.925,3.49,2.57,2.57,2.57,1.4376068376068378,1.5180505415162455,1.1381322957198443,1.2048710601719197,0.8381088825214899,0.9470085470085471
tpcds_sf100_t8,tpcds,100,8,Q30,0.41,0.41,0.41,0.41,0.41,0.41,0.41,0.41,1.0,1.0,1.0,1.0,1.0,1.0
tpcds_sf100_t8,tpcds,100,8,Q31,3.08,2.36,2.36,2.36,2.97,2.26,2.36,2.36,1.305084745762712,1.305084745762712,1.0,1.037037037037037,0.7946127946127945,1.0
tpcds_sf100_t8,tpcds,100,8,Q32,0.21,0.21,0.21,0.21,0.21,0.21,0.21,0.21,1.0,1.0,1.0,1.0,1.0,1.0
tpcds_sf100_t8,tpcds,100,8,Q33,2.16,1.75,1.75,1.75,2.05,1.64,1.64,1.64,1.2342857142857144,1.2342857142857144,1.0670731707317074,1.0536585365853661,0.853658536585366,1.0
tpcds_sf100_t8,tpcds,100,8,Q34,2.41,1.44,1.44,1.54,2.05,1.44,1.44,1.44,1.564935064935065,1.6736111111111114,1.0694444444444444,1.1756097560975611,0.7512195121951221,0.935064935064935
tpcds_sf100_t8,tpcds,100,8,Q35,3.69,3.69,4.82,2.67,3.59,3.59,4.72,2.67,1.3820224719101124,1.0,1.0,1.0278551532033426,0.7437325905292479,1.3820224719101124
tpcds_sf100_t8,tpcds,100,8,Q36,2.925,1.85,1.85,1.95,2.26,1.75,1.75,1.95,1.5,1.581081081081081,1.0,1.2942477876106195,0.8628318584070797,0.9487179487179488
tpcds_sf100_t8,tpcds,100,8,Q37,37.370000000000005,0.62,0.62,0.52,0.62,0.62,0.62,0.41,71.86538461538463,60.2741935483871,1.2682926829268293,60.2741935483871,0.8387096774193549,1.1923076923076923
tpcds_sf100_t8,tpcds,100,8,Q38,4.62,4.82,5.9,4.21,4.61,4.72,5.74,4.21,1.0973871733966747,0.95850622406639,1.0,1.002169197396963,0.9132321041214749,1.144893111638955
tpcds_sf100_t8,tpcds,100,8,Q39,0.82,0.82,0.82,0.82,0.82,0.82,0.82,0.82,1.0,1.0,1.0,1.0,1.0,1.0
tpcds_sf100_t8,tpcds,100,8,Q40,0.52,0.52,0.52,0.21,0.52,0.41,0.41,0.21,2.4761904761904763,1.0,1.0,1.0,0.4038461538461538,2.4761904761904763
tpcds_sf100_t8,tpcds,100,8,Q41,0.11,0.11,0.11,0.11,0.1,0.11,0.11,0.11,1.0,1.0,1.0,1.0999999999999999,1.0999999999999999,1.0
tpcds_sf100_t8,tpcds,100,8,Q42,1.54,1.03,1.03,1.03,1.44,0.93,0.93,0.93,1.4951456310679612,1.4951456310679612,1.10752688172043,1.0694444444444444,0.7152777777777778,1.0
tpcds_sf100_t8,tpcds,100,8,Q43,2.46,1.85,1.85,2.05,2.46,1.85,1.85,1.95,1.2000000000000002,1.3297297297297297,1.0512820512820513,1.0,0.8333333333333333,0.902439024390244
tpcds_sf100_t8,tpcds,100,8,Q44,241.72,242.0,241.375,228.555,236.42,236.3,235.79,223.58,1.0576010150729582,0.9988429752066116,1.022251543071831,1.0224177311564167,0.966732932915997,1.058826103126162
tpcds_sf100_t8,tpcds,100,8,Q45,0.82,0.62,0.62,0.6699999999999999,0.72,0.62,0.62,0.52,1.2238805970149254,1.3225806451612903,1.2884615384615383,1.1388888888888888,0.9305555555555555,0.9253731343283583
tpcds_sf100_t8,tpcds,100,8,Q46,3.79,2.36,2.36,2.36,3.08,2.36,2.36,2.26,1.6059322033898307,1.6059322033898307,1.0442477876106195,1.2305194805194806,0.7662337662337662,1.0
tpcds_sf100_t8,tpcds,100,8,Q47,6.26,6.36,6.46,6.46,6.25,6.26,6.36,6.36,0.9690402476780186,0.9842767295597483,1.0157232704402515,1.0016,1.0336,0.9845201238390093
tpcds_sf100_t8,tpcds,100,8,Q48,3.23,3.4400000000000004,3.6399999999999997,3.9,2.87,3.08,3.08,3.8,0.8282051282051283,0.9389534883720929,1.0263157894736843,1.1254355400696863,1.3588850174216027,0.8820512820512821
tpcds_sf100_t8,tpcds,100,8,Q49,2.16,2.05,2.05,2.05,2.15,1.95,1.95,2.05,1.0536585365853661,1.0536585365853661,1.0,1.0046511627906978,0.9534883720930232,1.0
tpcds_sf100_t8,tpcds,100,8,Q50,8.155000000000001,3.23,3.34,2.8200000000000003,5.54,2.57,2.67,2.67,2.891843971631206,2.5247678018575854,1.056179775280899,1.4720216606498198,0.5090252707581228,1.1453900709219857
tpcds_sf100_t8,tpcds,100,8,Q51,11.07,11.18,11.184999999999999,10.77,10.97,11.08,11.07,10.57,1.0278551532033426,0.9901610017889089,1.0189214758751182,1.0091157702825888,0.9817684594348222,1.0380687093779015
tpcds_sf100_t8,tpcds,100,8,Q52,1.54,1.03,1.03,1.03,1.44,1.03,1.03,1.03,1.4951456310679612,1.4951456310679612,1.0,1.0694444444444444,0.7152777777777778,1.0
tpcds_sf100_t8,tpcds,100,8,Q53,2.105,1.34,1.34,1.34,1.64,1.34,1.34,1.34,1.5708955223880596,1.5708955223880596,1.0,1.2835365853658538,0.8170731707317074,1.0
tpcds_sf100_t8,tpcds,100,8,Q54,300.0,300.0,300.0,300.0,300.0,300.0,300.0,300.0,1.0,1.0,1.0,1.0,1.0,1.0
tpcds_sf100_t8,tpcds,100,8,Q55,1.54,1.03,1.03,1.03,1.44,1.03,1.03,1.03,1.4951456310679612,1.4951456310679612,1.0,1.0694444444444444,0.7152777777777778,1.0
tpcds_sf100_t8,tpcds,100,8,Q56,2.05,1.64,1.64,1.54,2.05,1.64,1.54,1.54,1.331168831168831,1.25,1.0,1.0,0.7512195121951221,1.0649350649350648
tpcds_sf100_t8,tpcds,100,8,Q57,1.95,2.05,2.05,2.05,1.95,1.95,2.05,2.05,0.951219512195122,0.951219512195122,1.0,1.0,1.0512820512820513,1.0
tpcds_sf100_t8,tpcds,100,8,Q58,5.02,5.03,5.03,5.03,4.92,4.92,4.92,4.92,0.9980119284294233,0.9980119284294233,1.0223577235772359,1.0203252032520325,1.0223577235772359,1.0
tpcds_sf100_t8,tpcds,100,8,Q59,6.15,6.16,6.16,6.16,6.15,6.15,6.15,6.15,0.9983766233766234,0.9983766233766234,1.0016260162601627,1.0,1.0016260162601627,1.0
tpcds_sf100_t8,tpcds,100,8,Q60,2.51,1.85,1.85,1.85,2.36,1.75,1.85,1.85,1.3567567567567567,1.3567567567567567,1.0,1.0635593220338984,0.7838983050847459,1.0
tpcds_sf100_t8,tpcds,100,8,Q61,3.49,2.26,2.26,2.26,2.97,2.16,2.16,2.16,1.5442477876106198,1.5442477876106198,1.046296296296296,1.1750841750841752,0.7609427609427608,1.0
tpcds_sf100_t8,tpcds,100,8,Q62,1.13,1.13,1.13,1.23,1.13,1.13,1.13,1.13,0.9186991869918698,1.0,1.088495575221239,1.0,1.088495575221239,0.9186991869918698
tpcds_sf100_t8,tpcds,100,8,Q63,2.05,1.23,1.23,1.34,1.54,1.23,1.23,1.34,1.5298507462686566,1.6666666666666665,1.0,1.331168831168831,0.8701298701298702,0.917910447761194
tpcds_sf100_t8,tpcds,100,8,Q64,15.68,5.75,6.93,3.7,5.95,4.21,4.31,3.49,4.237837837837837,2.7269565217391305,1.0601719197707735,2.635294117647059,0.6218487394957983,1.554054054054054
tpcds_sf100_t8,tpcds,100,8,Q65,13.23,13.12,13.18,10.620000000000001,12.82,12.51,12.61,10.35,1.2457627118644068,1.0083841463414636,1.0260869565217392,1.03198127925117,0.828393135725429,1.2354048964218454
tpcds_sf100_t8,tpcds,100,8,Q66,1.34,0.93,0.93,0.93,1.13,0.82,0.82,0.93,1.4408602150537635,1.4408602150537635,1.0,1.185840707964602,0.8230088495575223,1.0
tpcds_sf100_t8,tpcds,100,8,Q67,38.83,38.739999999999995,38.855000000000004,39.515,37.83,38.26,37.75,38.07,0.9826648108313298,1.0023231801755292,1.0379563961124245,1.0264340470526037,1.0445413692836374,0.980387194736176
tpcds_sf100_t8,tpcds,100,8,Q68,3.54,2.57,2.57,2.46,3.18,2.46,2.46,2.36,1.4390243902439024,1.377431906614786,1.0423728813559323,1.1132075471698113,0.7735849056603773,1.0447154471544715
tpcds_sf100_t8,tpcds,100,8,Q69,1.85,1.85,1.85,1.13,1.85,1.85,1.85,1.13,1.6371681415929207,1.0,1.0,1.0,0.6108108108108107,1.6371681415929207
tpcds_sf100_t8,tpcds,100,8,Q70,4.92,4.82,4.82,4.51,4.72,4.72,4.72,4.51,1.090909090909091,1.020746887966805,1.0,1.0423728813559323,0.9555084745762712,1.0687361419068737
tpcds_sf100_t8,tpcds,100,8,Q71,2.26,2.05,2.05,1.54,2.16,2.05,2.05,1.44,1.4675324675324675,1.102439024390244,1.0694444444444444,1.046296296296296,0.7129629629629629,1.331168831168831
tpcds_sf100_t8,tpcds,100,8,Q72,300.0,6.41,6.3100000000000005,6.720000000000001,6.15,3.9,3.9,4.21,44.64285714285714,46.80187207488299,1.5961995249406178,48.78048780487805,1.0926829268292684,0.9538690476190476
tpcds_sf100_t8,tpcds,100,8,Q73,2.26,1.44,1.44,1.44,1.95,1.34,1.34,1.44,1.5694444444444444,1.5694444444444444,1.0,1.1589743589743589,0.7384615384615385,1.0
tpcds_sf100_t8,tpcds,100,8,Q74,8.92,8.1,9.44,8.36,8.72,7.9,8.92,7.9,1.0669856459330145,1.1012345679012345,1.0582278481012657,1.0229357798165137,0.9587155963302751,0.9688995215311005
tpcds_sf100_t8,tpcds,100,8,Q75,6.51,4.92,4.92,5.03,6.36,4.82,4.72,4.82,1.294234592445328,1.3231707317073171,1.0435684647302905,1.0235849056603772,0.7908805031446541,0.978131212723658
tpcds_sf100_t8,tpcds,100,8,Q76,2.77,2.8200000000000003,2.77,2.46,2.77,2.67,2.77,2.46,1.1260162601626016,0.9822695035460992,1.0,1.0,0.8880866425992779,1.1463414634146343
tpcds_sf100_t8,tpcds,100,8,Q77,2.57,1.85,1.85,1.95,2.56,1.85,1.85,1.95,1.317948717948718,1.389189189189189,1.0,1.00390625,0.76171875,0.9487179487179488
tpcds_sf100_t8,tpcds,100,8,Q78,13.434999999999999,13.54,14.575,12.16,13.24,13.24,14.46,11.59,1.1048519736842104,0.992245199409158,1.0491803278688525,1.0147280966767371,0.918429003021148,1.113486842105263
tpcds_sf100_t8,tpcds,100,8,Q79,3.795,2.57,2.57,2.77,3.49,2.57,2.57,2.77,1.3700361010830324,1.4766536964980546,1.0,1.0873925501432664,0.7936962750716332,0.927797833935018
tpcds_sf100_t8,tpcds,100,8,Q80,5.03,3.18,3.185,2.47,5.02,3.18,3.18,2.46,2.0364372469635628,1.5817610062893082,1.0040650406504066,1.0019920318725102,0.4920318725099602,1.2874493927125505
tpcds_sf100_t8,tpcds,100,8,Q81,0.5700000000000001,0.5700000000000001,0.5700000000000001,0.62,0.52,0.52,0.52,0.62,0.9193548387096775,1.0,1.0,1.0961538461538463,1.1923076923076923,0.9193548387096775
tpcds_sf100_t8,tpcds,100,8,Q82,40.395,1.335,1.335,0.82,1.23,1.23,1.23,0.82,49.26219512195123,30.258426966292138,1.0,32.84146341463415,0.6666666666666666,1.628048780487805
tpcds_sf100_t8,tpcds,100,8,Q83,0.62,0.31,0.31,0.31,0.62,0.31,0.31,0.31,2.0,2.0,1.0,1.0,0.5,1.0
tpcds_sf100_t8,tpcds,100,8,Q84,0.7250000000000001,0.31,0.31,0.21,0.31,0.31,0.31,0.21,3.452380952380953,2.338709677419355,1.0,2.338709677419355,0.6774193548387096,1.4761904761904763
tpcds_sf100_t8,tpcds,100,8,Q85,1.34,1.34,1.49,1.54,1.23,1.23,1.34,1.23,0.8701298701298702,1.0,1.2520325203252034,1.0894308943089432,1.2520325203252034,0.8701298701298702
tpcds_sf100_t8,tpcds,100,8,Q86,0.93,0.93,0.93,0.93,0.92,0.92,0.93,0.93,1.0,1.0,1.0,1.0108695652173914,1.0108695652173914,1.0
tpcds_sf100_t8,tpcds,100,8,Q87,4.92,5.03,6.16,4.515,4.92,5.02,6.05,4.51,1.089700996677741,0.978131212723658,1.0011086474501107,1.0,0.9176829268292682,1.1140642303433002
tpcds_sf100_t8,tpcds,100,8,Q88,7.015,3.59,3.59,3.69,6.46,3.49,3.49,3.59,1.9010840108401084,1.9540389972144847,1.0278551532033426,1.0859133126934983,0.5712074303405573,0.9728997289972899
tpcds_sf100_t8,tpcds,100,8,Q89,2.36,1.49,1.49,1.54,1.85,1.44,1.44,1.54,1.5324675324675323,1.5838926174496644,1.0,1.2756756756756755,0.8324324324324324,0.9675324675324675
tpcds_sf100_t8,tpcds,100,8,Q90,0.72,0.41,0.41,0.41,0.62,0.41,0.41,0.41,1.7560975609756098,1.7560975609756098,1.0,1.161290322580645,0.6612903225806451,1.0
tpcds_sf100_t8,tpcds,100,8,Q91,0.21,0.21,0.16,0.11,0.21,0.11,0.11,0.11,1.909090909090909,1.0,1.0,1.0,0.5238095238095238,1.909090909090909
tpcds_sf100_t8,tpcds,100,8,Q92,0.72,0.62,0.62,0.52,0.72,0.62,0.62,0.52,1.3846153846153846,1.161290322580645,1.0,1.0,0.7222222222222223,1.1923076923076923
tpcds_sf100_t8,tpcds,100,8,Q93,5.95,4.0,4.72,4.0,5.85,3.9,4.62,3.9,1.4875,1.4875,1.0256410256410258,1.0170940170940173,0.6837606837606838,1.0
tpcds_sf100_t8,tpcds,100,8,Q94,0.92,0.82,0.82,0.82,0.82,0.72,0.72,0.72,1.1219512195121952,1.1219512195121952,1.1388888888888888,1.1219512195121952,1.0,1.0
tpcds_sf100_t8,tpcds,100,8,Q95,17.7,17.61,26.025,1.95,17.4,17.41,24.99,1.85,9.076923076923077,1.0051107325383304,1.054054054054054,1.017241379310345,0.11206896551724138,9.03076923076923
tpcds_sf100_t8,tpcds,100,8,Q96,1.23,0.82,0.82,0.82,1.13,0.82,0.82,0.82,1.5,1.5,1.0,1.088495575221239,0.7256637168141593,1.0
tpcds_sf100_t8,tpcds,100,8,Q97,4.82,4.82,4.82,4.93,4.72,4.72,4.62,4.82,0.977687626774848,1.0,1.0228215767634854,1.0211864406779663,1.0444915254237288,0.977687626774848
tpcds_sf100_t8,tpcds,100,8,Q98,1.54,1.13,1.13,1.13,1.44,1.13,1.13,1.13,1.3628318584070798,1.3628318584070798,1.0,1.0694444444444444,0.7847222222222222,1.0
tpcds_sf100_t8,tpcds,100,8,Q99,1.13,1.13,1.13,1.85,1.13,1.13,1.13,1.85,0.6108108108108107,1.0,1.0,1.0,1.6371681415929207,0.6108108108108107
appian_t64,appian,0,64,q01,0.355,0.355,0.38,0.35,0.35,0.35,0.38,0.35,1.0142857142857142,1.0,1.0,1.0142857142857142,1.0,1.0142857142857142
appian_t64,appian,0,64,q02,0.83,0.83,0.94,0.83,0.81,0.82,0.89,0.82,1.0,1.0,1.0121951219512195,1.0246913580246912,1.0246913580246912,1.0
appian_t64,appian,0,64,q03,0.77,0.775,0.98,0.775,0.7,0.68,0.89,0.71,0.9935483870967742,0.9935483870967742,1.091549295774648,1.1,1.1071428571428572,1.0
appian_t64,appian,0,64,q04,1.38,1.38,1.565,1.39,1.34,1.33,1.53,1.36,0.9928057553956835,1.0,1.0220588235294117,1.0298507462686566,1.0373134328358207,0.9928057553956835
appian_t64,appian,0,64,q05,0.52,0.52,0.61,0.525,0.5,0.51,0.59,0.51,0.9904761904761905,1.0,1.0294117647058825,1.04,1.05,0.9904761904761905
appian_t64,appian,0,64,q06,0.51,0.51,0.79,0.52,0.5,0.5,0.76,0.5,0.9807692307692307,1.0,1.04,1.02,1.04,0.9807692307692307
appian_t64,appian,0,64,q07,0.56,0.57,0.63,0.57,0.55,0.57,0.6,0.55,0.9824561403508774,0.9824561403508774,1.0363636363636362,1.0181818181818183,1.0363636363636362,1.0
appian_t64,appian,0,64,q08,1.55,1.55,1.64,1.56,1.53,1.52,1.61,1.54,0.9935897435897436,1.0,1.012987012987013,1.0130718954248366,1.0196078431372548,0.9935897435897436
job_t64,job,0,64,10a,0.33,0.295,0.29,0.27,0.27,0.24,0.25,0.24,1.222222222222222,1.1186440677966103,1.1250000000000002,1.222222222222222,1.0,1.0925925925925926
job_t64,job,0,64,10b,0.295,0.27,0.27,0.24,0.18,0.22,0.22,0.21,1.2291666666666667,1.0925925925925926,1.1428571428571428,1.6388888888888888,1.3333333333333333,1.1250000000000002
job_t64,job,0,64,10c,0.38,0.375,0.39,0.425,0.34,0.33,0.34,0.39,0.8941176470588236,1.0133333333333334,1.0897435897435896,1.1176470588235294,1.2499999999999998,0.8823529411764706
job_t64,job,0,64,11a,0.2,0.18,0.18,0.19,0.17,0.16,0.16,0.17,1.0526315789473684,1.1111111111111112,1.1176470588235294,1.1764705882352942,1.1176470588235294,0.9473684210526315
job_t64,job,0,64,11b,0.195,0.17,0.175,0.18,0.17,0.16,0.16,0.17,1.0833333333333335,1.1470588235294117,1.0588235294117645,1.1470588235294117,1.0588235294117645,0.9444444444444445
job_t64,job,0,64,11c,0.22499999999999998,0.185,0.18,0.19,0.17,0.16,0.17,0.16,1.1842105263157894,1.216216216216216,1.1875,1.3235294117647056,1.1176470588235294,0.9736842105263158
job_t64,job,0,64,11d,0.22499999999999998,0.2,0.2,0.2,0.17,0.17,0.18,0.17,1.1249999999999998,1.1249999999999998,1.1764705882352942,1.3235294117647056,1.1764705882352942,1.0
job_t64,job,0,64,12a,0.27,0.23,0.215,0.225,0.21,0.19,0.19,0.18,1.2,1.173913043478261,1.25,1.2857142857142858,1.0714285714285714,1.0222222222222221
job_t64,job,0,64,12b,0.255,0.20500000000000002,0.2,0.2,0.21,0.17,0.18,0.17,1.275,1.2439024390243902,1.1764705882352942,1.2142857142857144,0.9523809523809524,1.025
job_t64,job,0,64,12c,0.3,0.23,0.225,0.22,0.23,0.2,0.21,0.2,1.3636363636363635,1.3043478260869563,1.0999999999999999,1.3043478260869563,0.9565217391304347,1.0454545454545454
job_t64,job,0,64,13a,0.605,0.28,0.28,0.29,0.3,0.23,0.23,0.25,2.086206896551724,2.1607142857142856,1.16,2.0166666666666666,0.9666666666666667,0.9655172413793105
job_t64,job,0,64,13b,0.305,0.195,0.2,0.2,0.22,0.18,0.18,0.18,1.525,1.564102564102564,1.1111111111111112,1.3863636363636362,0.9090909090909092,0.975
job_t64,job,0,64,13c,0.29000000000000004,0.19,0.18,0.185,0.2,0.16,0.17,0.17,1.5675675675675678,1.5263157894736843,1.088235294117647,1.4500000000000002,0.9249999999999999,1.027027027027027
job_t64,job,0,64,13d,0.575,0.4,0.41,0.45,0.33,0.34,0.34,0.37,1.2777777777777777,1.4374999999999998,1.2162162162162162,1.7424242424242422,1.3636363636363635,0.888888888888889
job_t64,job,0,64,14a,0.56,0.2,0.2,0.2,0.26,0.19,0.19,0.18,2.8000000000000003,2.8000000000000003,1.1111111111111112,2.153846153846154,0.7692307692307693,1.0
job_t64,job,0,64,14b,0.52,0.18,0.18,0.185,0.22,0.16,0.17,0.16,2.810810810810811,2.8888888888888893,1.15625,2.3636363636363638,0.8409090909090909,0.9729729729729729
job_t64,job,0,64,14c,0.58,0.22,0.21,0.21,0.3,0.2,0.2,0.19,2.761904761904762,2.6363636363636362,1.1052631578947367,1.9333333333333333,0.7,1.0476190476190477
job_t64,job,0,64,15a,0.53,0.35,0.35,0.34,0.33,0.32,0.31,0.33,1.5588235294117647,1.5142857142857145,1.0303030303030303,1.606060606060606,1.0303030303030303,1.0294117647058822
job_t64,job,0,64,15b,0.515,0.33,0.33,0.335,0.31,0.3,0.31,0.3,1.537313432835821,1.5606060606060606,1.1166666666666667,1.6612903225806452,1.0806451612903227,0.9850746268656716
job_t64,job,0,64,15c,0.53,0.345,0.34,0.33,0.32,0.32,0.31,0.31,1.606060606060606,1.5362318840579712,1.0645161290322582,1.65625,1.03125,1.0454545454545454
job_t64,job,0,64,15d,0.28,0.26,0.26,0.24,0.23,0.24,0.23,0.22,1.1666666666666667,1.076923076923077,1.0909090909090908,1.2173913043478262,1.0434782608695652,1.0833333333333335
job_t64,job,0,64,16a,0.47,0.345,0.34,0.31,0.38,0.31,0.3,0.29,1.5161290322580645,1.3623188405797102,1.0689655172413794,1.2368421052631577,0.8157894736842105,1.1129032258064515
job_t64,job,0,64,16b,4.445,0.55,0.565,0.595,1.18,0.41,0.44,0.39,7.470588235294119,8.081818181818182,1.5256410256410255,3.7669491525423733,0.5042372881355932,0.9243697478991598
job_t64,job,0,64,16c,1.225,0.435,0.435,0.45,0.6,0.39,0.4,0.38,2.7222222222222223,2.8160919540229887,1.1842105263157894,2.041666666666667,0.75,0.9666666666666667
job_t64,job,0,64,16d,1.1099999999999999,0.425,0.425,0.445,0.56,0.39,0.39,0.37,2.49438202247191,2.6117647058823525,1.2027027027027026,1.9821428571428568,0.7946428571428571,0.9550561797752809
job_t64,job,0,64,17a,2.025,0.39,0.4,0.42,0.46,0.32,0.33,0.31,4.821428571428571,5.192307692307692,1.3548387096774193,4.402173913043478,0.9130434782608695,0.9285714285714286
job_t64,job,0,64,17b,0.81,0.3,0.31,0.355,0.36,0.27,0.27,0.31,2.2816901408450705,2.7,1.1451612903225805,2.2500000000000004,0.986111111111111,0.8450704225352113
job_t64,job,0,64,17c,0.575,0.28,0.28,0.27,0.33,0.27,0.26,0.24,2.1296296296296293,2.0535714285714284,1.1250000000000002,1.7424242424242422,0.8181818181818182,1.037037037037037
job_t64,job,0,64,17d,0.655,0.32,0.32,0.315,0.37,0.31,0.31,0.28,2.0793650793650795,2.046875,1.125,1.7702702702702704,0.8513513513513513,1.0158730158730158
job_t64,job,0,64,17e,2.99,0.43,0.455,0.44,0.72,0.38,0.4,0.36,6.795454545454546,6.953488372093024,1.2222222222222223,4.152777777777779,0.6111111111111112,0.9772727272727273
job_t64,job,0,64,17f,2.29,0.455,0.46499999999999997,0.48,0.63,0.36,0.38,0.36,4.770833333333334,5.032967032967033,1.3333333333333333,3.634920634920635,0.7619047619047619,0.9479166666666667
job_t64,job,0,64,18a,0.405,0.375,0.37,0.37,0.37,0.36,0.35,0.33,1.0945945945945947,1.08,1.121212121212121,1.0945945945945947,1.0,1.0135135135135136
job_t64,job,0,64,18b,0.51,0.33,0.32,0.33,0.33,0.3,0.3,0.31,1.5454545454545454,1.5454545454545454,1.0645161290322582,1.5454545454545454,1.0,1.0
job_t64,job,0,64,18c,0.68,0.39,0.38,0.38,0.4,0.37,0.37,0.35,1.7894736842105263,1.7435897435897436,1.0857142857142859,1.7,0.95,1.0263157894736843
job_t64,job,0,64,19a,0.6,0.42,0.415,0.4,0.44,0.38,0.38,0.37,1.4999999999999998,1.4285714285714286,1.0810810810810811,1.3636363636363635,0.9090909090909092,1.0499999999999998
job_t64,job,0,64,19b,0.6799999999999999,0.36,0.36,0.37,0.39,0.33,0.34,0.33,1.8378378378378377,1.8888888888888888,1.121212121212121,1.7435897435897434,0.9487179487179487,0.9729729729729729
job_t64,job,0,64,19c,0.605,0.425,0.43,0.4,0.43,0.39,0.39,0.38,1.5125,1.423529411764706,1.0526315789473684,1.4069767441860466,0.930232558139535,1.0625
job_t64,job,0,64,19d,0.7050000000000001,0.52,0.58,0.5,0.46,0.43,0.44,0.38,1.4100000000000001,1.3557692307692308,1.3157894736842106,1.532608695652174,1.0869565217391304,1.04
job_t64,job,0,64,1a,0.19,0.15,0.15,0.165,0.16,0.14,0.15,0.14,1.1515151515151514,1.2666666666666668,1.1785714285714286,1.1875,1.03125,0.9090909090909091
job_t64,job,0,64,1b,0.2,0.14,0.15,0.16,0.15,0.14,0.14,0.14,1.25,1.4285714285714286,1.1428571428571428,1.3333333333333335,1.0666666666666667,0.8750000000000001
job_t64,job,0,64,1c,0.18,0.17,0.175,0.18,0.15,0.14,0.14,0.14,1.0,1.0588235294117645,1.2857142857142856,1.2,1.2,0.9444444444444445
job_t64,job,0,64,1d,0.195,0.15,0.15,0.16,0.15,0.14,0.14,0.14,1.21875,1.3,1.1428571428571428,1.3,1.0666666666666667,0.9375
job_t64,job,0,64,20a,0.55,0.335,0.33,0.32,0.28,0.28,0.29,0.29,1.71875,1.6417910447761195,1.1034482758620692,1.9642857142857142,1.1428571428571428,1.046875
job_t64,job,0,64,20b,0.31000000000000005,0.26,0.265,0.26,0.24,0.24,0.23,0.22,1.1923076923076925,1.1923076923076925,1.1818181818181819,1.291666666666667,1.0833333333333335,1.0
job_t64,job,0,64,20c,0.625,0.405,0.4,0.44,0.38,0.35,0.34,0.34,1.4204545454545454,1.5432098765432098,1.2941176470588234,1.644736842105263,1.1578947368421053,0.9204545454545455
job_t64,job,0,64,21a,0.27,0.25,0.25,0.25,0.24,0.23,0.23,0.23,1.08,1.08,1.0869565217391304,1.1250000000000002,1.0416666666666667,1.0
job_t64,job,0,64,21b,0.26,0.24,0.24,0.24,0.23,0.22,0.22,0.23,1.0833333333333335,1.0833333333333335,1.0434782608695652,1.1304347826086956,1.0434782608695652,1.0
job_t64,job,0,64,21c,0.27,0.255,0.25,0.255,0.24,0.22,0.23,0.24,1.0588235294117647,1.0588235294117647,1.0625,1.1250000000000002,1.0625,1.0
job_t64,job,0,64,22a,0.6,0.27,0.27,0.255,0.31,0.24,0.24,0.23,2.3529411764705883,2.222222222222222,1.108695652173913,1.9354838709677418,0.8225806451612904,1.0588235294117647
job_t64,job,0,64,22b,0.585,0.26,0.26,0.255,0.29,0.24,0.23,0.23,2.2941176470588234,2.25,1.108695652173913,2.0172413793103448,0.8793103448275863,1.0196078431372548
job_t64,job,0,64,22c,0.64,0.28,0.28,0.27,0.4,0.26,0.26,0.24,2.3703703703703702,2.2857142857142856,1.1250000000000002,1.5999999999999999,0.675,1.037037037037037
job_t64,job,0,64,22d,0.75,0.29,0.28,0.26,0.39,0.24,0.25,0.24,2.8846153846153846,2.586206896551724,1.0833333333333335,1.923076923076923,0.6666666666666666,1.1153846153846152
job_t64,job,0,64,23a,0.505,0.33,0.33,0.32,0.3,0.3,0.3,0.28,1.578125,1.5303030303030303,1.1428571428571428,1.6833333333333333,1.0666666666666667,1.03125
job_t64,job,0,64,23b,0.5,0.31,0.31,0.31,0.29,0.29,0.29,0.28,1.6129032258064517,1.6129032258064517,1.107142857142857,1.7241379310344829,1.0689655172413794,1.0
job_t64,job,0,64,23c,0.5,0.36,0.36,0.35,0.31,0.32,0.31,0.29,1.4285714285714286,1.3888888888888888,1.206896551724138,1.6129032258064517,1.129032258064516,1.0285714285714287
job_t64,job,0,64,24a,0.7,0.44,0.435,0.41,0.46,0.39,0.4,0.36,1.7073170731707317,1.5909090909090908,1.1388888888888888,1.5217391304347825,0.8913043478260869,1.0731707317073171
job_t64,job,0,64,24b,0.625,0.38,0.37,0.36,0.45,0.34,0.34,0.33,1.7361111111111112,1.644736842105263,1.0909090909090908,1.3888888888888888,0.7999999999999999,1.0555555555555556
job_t64,job,0,64,25a,0.715,0.395,0.39,0.38,0.65,0.36,0.36,0.34,1.881578947368421,1.810126582278481,1.1176470588235294,1.0999999999999999,0.5846153846153846,1.0394736842105263
job_t64,job,0,64,25b,0.65,0.35,0.35,0.34,0.58,0.33,0.33,0.31,1.9117647058823528,1.8571428571428574,1.0967741935483872,1.120689655172414,0.5862068965517242,1.0294117647058822
job_t64,job,0,64,25c,0.715,0.43,0.43,0.42,0.47,0.4,0.4,0.37,1.7023809523809523,1.6627906976744184,1.135135135135135,1.5212765957446808,0.8936170212765958,1.0238095238095237
job_t64,job,0,64,26a,0.57,0.405,0.39,0.39,0.42,0.36,0.37,0.34,1.4615384615384615,1.4074074074074072,1.1470588235294117,1.357142857142857,0.9285714285714286,1.0384615384615385
job_t64,job,0,64,26b,0.51,0.355,0.35,0.34,0.36,0.33,0.32,0.31,1.5,1.4366197183098592,1.0967741935483872,1.4166666666666667,0.9444444444444445,1.0441176470588234
job_t64,job,0,64,26c,0.66,0.39,0.385,0.41500000000000004,0.44,0.37,0.36,0.34,1.5903614457831325,1.6923076923076923,1.2205882352941178,1.5,0.9431818181818182,0.9397590361445782
job_t64,job,0,64,27a,0.27,0.24,0.24,0.25,0.23,0.22,0.23,0.23,1.08,1.1250000000000002,1.0869565217391304,1.173913043478261,1.0869565217391304,0.96
job_t64,job,0,64,27b,0.26,0.2,0.2,0.215,0.24,0.18,0.18,0.18,1.2093023255813955,1.3,1.1944444444444444,1.0833333333333335,0.8958333333333334,0.930232558139535
job_t64,job,0,64,27c,0.295,0.25,0.25,0.255,0.25,0.23,0.23,0.22,1.156862745098039,1.18,1.1590909090909092,1.18,1.02,0.9803921568627451
job_t64,job,0,64,28a,1.195,0.27,0.265,0.25,0.34,0.24,0.24,0.22,4.78,4.425925925925926,1.1363636363636365,3.514705882352941,0.7352941176470588,1.08
job_t64,job,0,64,28b,0.58,0.25,0.25,0.245,0.28,0.23,0.23,0.21,2.36734693877551,2.32,1.1666666666666667,2.071428571428571,0.8749999999999999,1.0204081632653061
job_t64,job,0,64,28c,1.07,0.29,0.29,0.27,0.36,0.25,0.26,0.23,3.962962962962963,3.6896551724137936,1.173913043478261,2.9722222222222223,0.7500000000000001,1.074074074074074
job_t64,job,0,64,29a,0.78,0.4,0.4,0.39,0.58,0.37,0.37,0.37,2.0,1.95,1.0540540540540542,1.3448275862068968,0.6724137931034484,1.0256410256410258
job_t64,job,0,64,29b,0.655,0.39,0.39,0.385,0.55,0.36,0.37,0.36,1.7012987012987013,1.6794871794871795,1.0694444444444444,1.190909090909091,0.7,1.012987012987013
job_t64,job,0,64,29c,1.115,0.46,0.45,0.43,0.55,0.41,0.4,0.4,2.5930232558139537,2.4239130434782608,1.075,2.027272727272727,0.7818181818181817,1.0697674418604652
job_t64,job,0,64,2a,0.23,0.2,0.2,0.2,0.2,0.18,0.19,0.18,1.15,1.15,1.1111111111111112,1.15,1.0,1.0
job_t64,job,0,64,2b,0.23,0.19,0.19,0.195,0.2,0.18,0.18,0.18,1.1794871794871795,1.2105263157894737,1.0833333333333335,1.15,0.975,0.9743589743589743
job_t64,job,0,64,2c,0.22,0.14500000000000002,0.14,0.15,0.18,0.13,0.14,0.13,1.4666666666666668,1.5172413793103448,1.1538461538461537,1.2222222222222223,0.8333333333333334,0.9666666666666668
job_t64,job,0,64,2d,0.235,0.22,0.22,0.22,0.21,0.2,0.21,0.19,1.0681818181818181,1.0681818181818181,1.1578947368421053,1.119047619047619,1.0476190476190477,1.0
job_t64,job,0,64,30a,0.71,0.4,0.39,0.375,0.43,0.36,0.36,0.35,1.8933333333333333,1.775,1.0714285714285714,1.6511627906976745,0.872093023255814,1.0666666666666667
job_t64,job,0,64,30b,0.54,0.365,0.365,0.355,0.39,0.35,0.34,0.31,1.5211267605633805,1.4794520547945207,1.1451612903225805,1.3846153846153846,0.9102564102564101,1.028169014084507
job_t64,job,0,64,30c,0.75,0.42,0.41,0.39,0.42,0.39,0.38,0.36,1.923076923076923,1.7857142857142858,1.0833333333333335,1.7857142857142858,0.9285714285714286,1.0769230769230769
job_t64,job,0,64,31a,0.735,0.395,0.4,0.37,0.48,0.36,0.37,0.33,1.9864864864864864,1.860759493670886,1.121212121212121,1.53125,0.7708333333333334,1.0675675675675675
job_t64,job,0,64,31b,0.565,0.37,0.37,0.36,0.38,0.35,0.35,0.34,1.5694444444444444,1.527027027027027,1.0588235294117645,1.4868421052631577,0.9473684210526315,1.027777777777778
job_t64,job,0,64,31c,0.815,0.415,0.415,0.38,0.43,0.39,0.37,0.35,2.144736842105263,1.963855421686747,1.0857142857142859,1.8953488372093021,0.8837209302325582,1.0921052631578947
job_t64,job,0,64,32a,0.165,0.15,0.14500000000000002,0.14,0.14,0.13,0.13,0.11,1.1785714285714286,1.1,1.272727272727273,1.1785714285714286,1.0,1.0714285714285714
job_t64,job,0,64,32b,0.19,0.17,0.17,0.18,0.17,0.16,0.17,0.16,1.0555555555555556,1.1176470588235294,1.125,1.1176470588235294,1.0588235294117645,0.9444444444444445
job_t64,job,0,64,33a,0.28500000000000003,0.185,0.19,0.19,0.25,0.17,0.17,0.17,1.5000000000000002,1.5405405405405408,1.1176470588235294,1.1400000000000001,0.76,0.9736842105263158
job_t64,job,0,64,33b,0.26,0.17,0.17,0.18,0.21,0.15,0.17,0.16,1.4444444444444446,1.5294117647058822,1.125,1.2380952380952381,0.8571428571428571,0.9444444444444445
job_t64,job,0,64,33c,0.345,0.21,0.21,0.2,0.28,0.2,0.2,0.18,1.7249999999999999,1.6428571428571428,1.1111111111111112,1.232142857142857,0.7142857142857143,1.0499999999999998
job_t64,job,0,64,3a,0.54,0.51,0.51,0.49,0.52,0.48,0.48,0.47,1.1020408163265307,1.0588235294117647,1.0425531914893618,1.0384615384615385,0.9423076923076923,1.0408163265306123
job_t64,job,0,64,3b,0.47,0.48,0.48,0.49,0.45,0.46,0.46,0.46,0.9591836734693877,0.9791666666666666,1.0652173913043477,1.0444444444444443,1.0888888888888888,0.9795918367346939
job_t64,job,0,64,3c,0.54,0.5,0.5,0.5,0.53,0.49,0.48,0.48,1.08,1.08,1.0416666666666667,1.0188679245283019,0.9433962264150942,1.0
job_t64,job,0,64,4a,0.235,0.21,0.21,0.19,0.2,0.19,0.18,0.17,1.2368421052631577,1.119047619047619,1.1176470588235294,1.1749999999999998,0.95,1.1052631578947367
job_t64,job,0,64,4b,0.19,0.19,0.19,0.185,0.16,0.16,0.16,0.16,1.027027027027027,1.0,1.15625,1.1875,1.15625,1.027027027027027
job_t64,job,0,64,4c,0.24,0.21,0.20500000000000002,0.195,0.2,0.19,0.2,0.17,1.2307692307692306,1.1428571428571428,1.1470588235294117,1.2,0.975,1.0769230769230769
job_t64,job,0,64,5a,0.52,0.14500000000000002,0.14,0.15,0.48,0.13,0.13,0.13,3.466666666666667,3.5862068965517238,1.1538461538461537,1.0833333333333335,0.3125,0.9666666666666668
job_t64,job,0,64,5b,0.48,0.18,0.18,0.165,0.46,0.13,0.13,0.12,2.9090909090909087,2.6666666666666665,1.3750000000000002,1.0434782608695652,0.358695652173913,1.0909090909090908
job_t64,job,0,64,5c,0.53,0.47,0.47,0.48,0.51,0.46,0.46,0.46,1.1041666666666667,1.1276595744680853,1.0434782608695652,1.0392156862745099,0.9411764705882353,0.9791666666666666
job_t64,job,0,64,6a,0.23,0.24,0.235,0.22,0.2,0.19,0.2,0.19,1.0454545454545454,0.9583333333333334,1.1578947368421053,1.15,1.0999999999999999,1.0909090909090908
job_t64,job,0,64,6b,0.23,0.19,0.19,0.21,0.19,0.19,0.18,0.19,1.0952380952380953,1.2105263157894737,1.1052631578947367,1.2105263157894737,1.1052631578947367,0.9047619047619048
job_t64,job,0,64,6c,0.22,0.19,0.19,0.2,0.19,0.18,0.18,0.18,1.0999999999999999,1.1578947368421053,1.1111111111111112,1.1578947368421053,1.0526315789473684,0.95
job_t64,job,0,64,6d,0.24,0.245,0.24,0.22,0.21,0.22,0.22,0.2,1.0909090909090908,0.9795918367346939,1.0999999999999999,1.1428571428571428,1.0476190476190477,1.1136363636363635
job_t64,job,0,64,6e,0.23,0.21,0.20500000000000002,0.21,0.21,0.19,0.19,0.18,1.0952380952380953,1.0952380952380953,1.1666666666666667,1.0952380952380953,1.0,1.0
job_t64,job,0,64,6f,0.58,0.57,0.77,0.6,0.53,0.55,0.58,0.54,0.9666666666666667,1.0175438596491229,1.111111111111111,1.0943396226415094,1.1320754716981132,0.95
job_t64,job,0,64,7a,0.365,0.32,0.31,0.32,0.33,0.3,0.3,0.3,1.140625,1.140625,1.0666666666666667,1.106060606060606,0.9696969696969697,1.0
job_t64,job,0,64,7b,0.35,0.215,0.21,0.225,0.32,0.19,0.19,0.2,1.5555555555555554,1.627906976744186,1.125,1.09375,0.703125,0.9555555555555555
job_t64,job,0,64,7c,0.8,0.76,0.755,0.75,0.69,0.62,0.62,0.63,1.0666666666666667,1.0526315789473684,1.1904761904761905,1.1594202898550727,1.0869565217391306,1.0133333333333334
job_t64,job,0,64,8a,0.355,0.26,0.26,0.27,0.28,0.24,0.23,0.23,1.3148148148148147,1.3653846153846152,1.173913043478261,1.2678571428571426,0.9642857142857143,0.9629629629629629
job_t64,job,0,64,8b,0.345,0.24,0.24,0.25,0.25,0.21,0.23,0.23,1.38,1.4375,1.0869565217391304,1.38,1.0,0.96
job_t64,job,0,64,8c,0.435,0.41,0.475,0.47,0.35,0.35,0.42,0.35,0.9255319148936171,1.0609756097560976,1.342857142857143,1.2428571428571429,1.342857142857143,0.8723404255319149
job_t64,job,0,64,8d,0.375,0.36,0.4,0.31,0.27,0.3,0.29,0.26,1.2096774193548387,1.0416666666666667,1.1923076923076923,1.3888888888888888,1.1481481481481481,1.161290322580645
job_t64,job,0,64,9a,0.39,0.325,0.315,0.3,0.3,0.3,0.3,0.26,1.3,1.2,1.1538461538461537,1.3,1.0,1.0833333333333335
job_t64,job,0,64,9b,0.455,0.29,0.295,0.3,0.33,0.28,0.28,0.28,1.5166666666666668,1.5689655172413794,1.0714285714285714,1.3787878787878787,0.9090909090909091,0.9666666666666667
job_t64,job,0,64,9c,0.405,0.33,0.325,0.3,0.3,0.3,0.29,0.28,1.35,1.2272727272727273,1.0714285714285714,1.35,1.0,1.1
job_t64,job,0,64,9d,0.485,0.485,0.49,0.46499999999999997,0.4,0.41,0.41,0.35,1.043010752688172,1.0,1.3285714285714285,1.2125,1.1624999999999999,1.043010752688172
tpch_sf10_t64,tpch,10,64,Q01,0.4,0.4,0.4,0.4,0.39,0.39,0.39,0.38,1.0,1.0,1.0526315789473684,1.0256410256410258,1.0256410256410258,1.0
tpch_sf10_t64,tpch,10,64,Q02,0.29000000000000004,0.265,0.27,0.27,0.26,0.25,0.26,0.25,1.0740740740740742,1.0943396226415094,1.08,1.1153846153846154,1.0384615384615385,0.9814814814814815
tpch_sf10_t64,tpch,10,64,Q03,0.57,0.56,0.57,0.56,0.56,0.54,0.56,0.54,1.0178571428571426,1.0178571428571426,1.037037037037037,1.0178571428571426,1.0,1.0
tpch_sf10_t64,tpch,10,64,Q04,0.48,0.48,0.51,0.48,0.47,0.47,0.5,0.45,1.0,1.0,1.0666666666666667,1.0212765957446808,1.0212765957446808,1.0
tpch_sf10_t64,tpch,10,64,Q05,0.57,0.59,0.73,0.71,0.54,0.58,0.59,0.63,0.8028169014084506,0.9661016949152542,1.126984126984127,1.0555555555555554,1.3148148148148147,0.8309859154929577
tpch_sf10_t64,tpch,10,64,Q06,0.39,0.39,0.39,0.39,0.38,0.38,0.39,0.37,1.0,1.0,1.0540540540540542,1.0263157894736843,1.0263157894736843,1.0
tpch_sf10_t64,tpch,10,64,Q07,0.69,0.61,0.61,0.61,0.61,0.6,0.61,0.58,1.1311475409836065,1.1311475409836065,1.0517241379310345,1.1311475409836065,1.0,1.0
tpch_sf10_t64,tpch,10,64,Q08,0.66,0.69,0.69,0.66,0.63,0.66,0.66,0.64,1.0,0.9565217391304349,1.03125,1.0476190476190477,1.0476190476190477,1.0454545454545454
tpch_sf10_t64,tpch,10,64,Q09,0.86,0.82,0.83,0.81,0.82,0.77,0.79,0.78,1.0617283950617282,1.048780487804878,1.0384615384615385,1.048780487804878,0.9878048780487806,1.0123456790123455
tpch_sf10_t64,tpch,10,64,Q10,0.65,0.67,0.675,0.68,0.64,0.66,0.66,0.67,0.9558823529411764,0.9701492537313433,1.0149253731343284,1.015625,1.0625,0.9852941176470588
tpch_sf10_t64,tpch,10,64,Q11,0.2,0.2,0.2,0.19,0.18,0.19,0.19,0.17,1.0526315789473684,1.0,1.1176470588235294,1.1111111111111112,1.0555555555555556,1.0526315789473684
tpch_sf10_t64,tpch,10,64,Q12,0.48,0.48,0.5,0.495,0.47,0.47,0.49,0.47,0.9696969696969697,1.0,1.0531914893617023,1.0212765957446808,1.0531914893617023,0.9696969696969697
tpch_sf10_t64,tpch,10,64,Q13,0.5,0.5,0.55,0.5,0.49,0.49,0.53,0.47,1.0,1.0,1.0638297872340425,1.0204081632653061,1.0204081632653061,1.0
tpch_sf10_t64,tpch,10,64,Q14,0.51,0.51,0.51,0.54,0.5,0.5,0.51,0.52,0.9444444444444444,1.0,1.0384615384615385,1.02,1.08,0.9444444444444444
tpch_sf10_t64,tpch,10,64,Q15,0.5,0.5,0.5,0.495,0.48,0.49,0.49,0.47,1.0101010101010102,1.0,1.0531914893617023,1.0416666666666667,1.03125,1.0101010101010102
tpch_sf10_t64,tpch,10,64,Q16,0.27,0.27,0.27,0.27,0.26,0.26,0.27,0.24,1.0,1.0,1.1250000000000002,1.0384615384615385,1.0384615384615385,1.0
tpch_sf10_t64,tpch,10,64,Q17,0.51,0.51,0.51,0.51,0.5,0.49,0.5,0.48,1.0,1.0,1.0625,1.02,1.02,1.0
tpch_sf10_t64,tpch,10,64,Q18,0.85,0.85,1.22,0.85,0.84,0.84,1.18,0.84,1.0,1.0,1.0119047619047619,1.0119047619047619,1.0119047619047619,1.0
tpch_sf10_t64,tpch,10,64,Q19,0.62,0.62,0.62,0.64,0.61,0.61,0.61,0.61,0.96875,1.0,1.0491803278688525,1.0163934426229508,1.0491803278688525,0.96875
tpch_sf10_t64,tpch,10,64,Q20,0.58,0.57,0.57,0.57,0.57,0.55,0.56,0.54,1.0175438596491229,1.0175438596491229,1.0555555555555554,1.0175438596491229,1.0,1.0
tpch_sf10_t64,tpch,10,64,Q21,0.83,0.83,1.0750000000000002,0.845,0.81,0.8,0.98,0.82,0.9822485207100592,1.0,1.0304878048780488,1.0246913580246912,1.0432098765432098,0.9822485207100592
tpch_sf10_t64,tpch,10,64,Q22,0.23,0.23,0.23,0.23,0.22,0.22,0.22,0.21,1.0,1.0,1.0952380952380953,1.0454545454545454,1.0454545454545454,1.0
tpch_sf20_t64,tpch,20,64,Q01,0.66,0.66,0.66,0.66,0.65,0.65,0.65,0.66,1.0,1.0,1.0,1.0153846153846153,1.0153846153846153,1.0
tpch_sf20_t64,tpch,20,64,Q02,0.32999999999999996,0.3,0.305,0.315,0.3,0.28,0.28,0.29,1.0476190476190474,1.0999999999999999,1.0862068965517242,1.0999999999999999,1.05,0.9523809523809523
tpch_sf20_t64,tpch,20,64,Q03,0.96,0.93,0.94,0.94,0.95,0.92,0.93,0.93,1.0212765957446808,1.032258064516129,1.010752688172043,1.0105263157894737,0.9894736842105263,0.9893617021276597
tpch_sf20_t64,tpch,20,64,Q04,0.69,0.685,0.71,0.68,0.67,0.66,0.7,0.67,1.0147058823529411,1.0072992700729926,1.0149253731343284,1.0298507462686566,1.0149253731343284,1.0073529411764706
tpch_sf20_t64,tpch,20,64,Q05,0.94,0.985,1.0150000000000001,1.2149999999999999,0.91,0.96,0.97,1.08,0.7736625514403292,0.9543147208121827,1.1249999999999998,1.0329670329670328,1.3351648351648349,0.8106995884773663
tpch_sf20_t64,tpch,20,64,Q06,0.65,0.65,0.65,0.65,0.64,0.64,0.64,0.64,1.0,1.0,1.015625,1.015625,1.015625,1.0
tpch_sf20_t64,tpch,20,64,Q07,1.18,1.03,1.03,1.04,1.03,1.01,1.01,1.03,1.1346153846153846,1.145631067961165,1.0097087378640777,1.145631067961165,1.0097087378640777,0.9903846153846154
tpch_sf20_t64,tpch,20,64,Q08,1.06,1.03,1.03,1.01,1.01,1.01,1.01,1.0,1.0495049504950495,1.029126213592233,1.01,1.0495049504950495,1.0,1.0198019801980198
tpch_sf20_t64,tpch,20,64,Q09,1.44,1.39,1.4,1.35,1.38,1.33,1.34,1.34,1.0666666666666667,1.0359712230215827,1.007462686567164,1.0434782608695652,0.9782608695652175,1.0296296296296295
tpch_sf20_t64,tpch,20,64,Q10,1.01,1.02,1.02,1.09,1.0,1.01,1.01,1.08,0.9266055045871558,0.9901960784313726,1.0092592592592593,1.01,1.09,0.9357798165137614
tpch_sf20_t64,tpch,20,64,Q11,0.24,0.24,0.24,0.23,0.22,0.22,0.22,0.22,1.0434782608695652,1.0,1.0454545454545454,1.0909090909090908,1.0454545454545454,1.0434782608695652
tpch_sf20_t64,tpch,20,64,Q12,0.76,0.76,0.79,0.8,0.75,0.75,0.77,0.78,0.95,1.0,1.0256410256410258,1.0133333333333334,1.0666666666666667,0.95
tpch_sf20_t64,tpch,20,64,Q13,0.81,0.81,0.88,0.805,0.79,0.8,0.86,0.79,1.0062111801242235,1.0,1.018987341772152,1.0253164556962024,1.018987341772152,1.0062111801242235
tpch_sf20_t64,tpch,20,64,Q14,0.79,0.79,0.8,0.78,0.79,0.78,0.79,0.76,1.0128205128205128,1.0,1.0263157894736843,1.0,0.9873417721518988,1.0128205128205128
tpch_sf20_t64,tpch,20,64,Q15,0.82,0.82,0.82,0.82,0.82,0.81,0.82,0.81,1.0,1.0,1.0123456790123455,1.0,1.0,1.0
tpch_sf20_t64,tpch,20,64,Q16,0.34,0.34,0.34,0.34,0.33,0.33,0.33,0.33,1.0,1.0,1.0303030303030303,1.0303030303030303,1.0303030303030303,1.0
tpch_sf20_t64,tpch,20,64,Q17,0.78,0.78,0.78,0.78,0.77,0.77,0.77,0.77,1.0,1.0,1.012987012987013,1.012987012987013,1.012987012987013,1.0
tpch_sf20_t64,tpch,20,64,Q18,1.4,1.39,2.0549999999999997,1.39,1.38,1.38,2.02,1.38,1.0071942446043165,1.0071942446043165,1.0072463768115942,1.0144927536231885,1.0072463768115942,1.0
tpch_sf20_t64,tpch,20,64,Q19,1.0,1.0,1.0,1.03,0.99,0.99,0.99,1.02,0.970873786407767,1.0,1.0098039215686274,1.0101010101010102,1.0404040404040404,0.970873786407767
tpch_sf20_t64,tpch,20,64,Q20,0.94,0.92,0.92,0.92,0.92,0.91,0.9,0.91,1.0217391304347825,1.0217391304347825,1.010989010989011,1.0217391304347825,1.0,1.0
tpch_sf20_t64,tpch,20,64,Q21,1.23,1.23,1.68,1.22,1.2,1.2,1.48,1.21,1.0081967213114753,1.0,1.0082644628099173,1.0250000000000001,1.0166666666666666,1.0081967213114753
tpch_sf20_t64,tpch,20,64,Q22,0.28,0.28,0.33,0.28,0.27,0.27,0.32,0.27,1.0,1.0,1.037037037037037,1.037037037037037,1.037037037037037,1.0
tpch_sf50_t64,tpch,50,64,Q01,1.46,1.47,1.46,1.46,1.46,1.45,1.45,1.46,1.0,0.9931972789115646,1.0,1.0,1.0,1.0068493150684932
tpch_sf50_t64,tpch,50,64,Q02,0.485,0.45999999999999996,0.455,0.47,0.44,0.43,0.43,0.44,1.0319148936170213,1.0543478260869565,1.0681818181818181,1.1022727272727273,1.0681818181818181,0.9787234042553191
tpch_sf50_t64,tpch,50,64,Q03,2.22,2.225,2.035,2.22,2.21,2.01,2.02,2.03,1.0,0.9977528089887641,1.0935960591133007,1.0045248868778283,1.0045248868778283,1.0022522522522521
tpch_sf50_t64,tpch,50,64,Q04,1.42,1.43,1.46,1.42,1.42,1.42,1.43,1.41,1.0,0.993006993006993,1.0070921985815602,1.0,1.0,1.0070422535211268
tpch_sf50_t64,tpch,50,64,Q05,2.22,2.28,2.3899999999999997,2.83,2.16,2.23,2.24,2.37,0.784452296819788,0.9736842105263159,1.1940928270042195,1.027777777777778,1.3101851851851851,0.8056537102473498
tpch_sf50_t64,tpch,50,64,Q06,1.45,1.45,1.45,1.45,1.44,1.44,1.44,1.45,1.0,1.0,1.0,1.0069444444444444,1.0069444444444444,1.0
tpch_sf50_t64,tpch,50,64,Q07,2.9,2.39,2.4,2.4450000000000003,2.42,2.38,2.39,2.43,1.1860940695296522,1.213389121338912,1.0061728395061729,1.1983471074380165,1.0103305785123968,0.9775051124744376
tpch_sf50_t64,tpch,50,64,Q08,2.4450000000000003,2.34,2.3449999999999998,2.34,2.31,2.32,2.32,2.32,1.0448717948717952,1.0448717948717952,1.0086206896551724,1.0584415584415585,1.0129870129870129,1.0
tpch_sf50_t64,tpch,50,64,Q09,3.42,3.375,3.4050000000000002,3.08,3.37,3.11,3.13,3.04,1.1103896103896103,1.0133333333333334,1.013157894736842,1.0148367952522255,0.913946587537092,1.0957792207792207
tpch_sf50_t64,tpch,50,64,Q10,2.21,2.19,2.19,2.25,2.19,2.18,2.19,2.24,0.9822222222222222,1.0091324200913243,1.0044642857142856,1.0091324200913243,1.0273972602739727,0.9733333333333333
tpch_sf50_t64,tpch,50,64,Q11,0.365,0.36,0.36,0.34,0.35,0.35,0.34,0.34,1.0735294117647058,1.0138888888888888,1.0,1.042857142857143,0.9714285714285715,1.0588235294117645
tpch_sf50_t64,tpch,50,64,Q12,1.6150000000000002,1.61,1.69,1.63,1.61,1.6,1.62,1.62,0.9907975460122701,1.003105590062112,1.0061728395061726,1.003105590062112,1.012422360248447,0.9877300613496933
tpch_sf50_t64,tpch,50,64,Q13,1.59,1.59,1.8250000000000002,1.59,1.57,1.57,1.79,1.57,1.0,1.0,1.0127388535031847,1.0127388535031847,1.0127388535031847,1.0
tpch_sf50_t64,tpch,50,64,Q14,1.79,1.8,1.81,1.7349999999999999,1.79,1.79,1.8,1.72,1.0317002881844382,0.9944444444444445,1.0087209302325582,1.0,0.9692737430167597,1.037463976945245
tpch_sf50_t64,tpch,50,64,Q15,1.92,1.92,1.94,1.92,1.91,1.91,1.93,1.9,1.0,1.0,1.0105263157894737,1.0052356020942408,1.0052356020942408,1.0
tpch_sf50_t64,tpch,50,64,Q16,0.55,0.55,0.55,0.56,0.54,0.54,0.54,0.55,0.9821428571428571,1.0,1.0181818181818183,1.0185185185185186,1.037037037037037,0.9821428571428571
tpch_sf50_t64,tpch,50,64,Q17,1.74,1.74,1.74,1.74,1.73,1.73,1.73,1.72,1.0,1.0,1.0116279069767442,1.0057803468208093,1.0057803468208093,1.0
tpch_sf50_t64,tpch,50,64,Q18,3.23,3.23,4.995,3.24,3.19,3.21,4.34,3.21,0.9969135802469135,1.0,1.0093457943925235,1.0125391849529781,1.0156739811912228,0.9969135802469135
tpch_sf50_t64,tpch,50,64,Q19,2.23,2.2350000000000003,2.21,2.31,2.22,2.22,2.19,2.3,0.9653679653679653,0.9977628635346755,1.0043478260869567,1.0045045045045045,1.0405405405405406,0.9675324675324677
tpch_sf50_t64,tpch,50,64,Q20,2.075,2.05,2.03,2.04,2.07,2.03,2.01,2.03,1.0171568627450982,1.0121951219512197,1.0049261083743843,1.0024154589371983,0.9855072463768116,1.0049019607843137
tpch_sf50_t64,tpch,50,64,Q21,2.665,2.66,3.34,2.54,2.52,2.51,3.16,2.52,1.0492125984251968,1.0018796992481203,1.007936507936508,1.0575396825396826,1.007936507936508,1.0472440944881891
tpch_sf50_t64,tpch,50,64,Q22,0.47,0.475,0.6,0.47,0.46,0.46,0.59,0.46,1.0,0.9894736842105263,1.0217391304347825,1.0217391304347825,1.0217391304347825,1.0106382978723405
tpch_sf100_t64,tpch,100,64,Q01,2.38,2.37,2.38,2.375,2.37,2.37,2.37,2.36,1.0021052631578946,1.0042194092827004,1.00635593220339,1.0042194092827004,1.00210970464135,0.9978947368421053
tpch_sf100_t64,tpch,100,64,Q02,0.82,0.73,0.73,0.75,0.77,0.71,0.72,0.72,1.0933333333333333,1.1232876712328768,1.0416666666666667,1.0649350649350648,0.974025974025974,0.9733333333333333
tpch_sf100_t64,tpch,100,64,Q03,3.975,3.59,3.59,3.63,3.96,3.57,3.57,3.57,1.0950413223140496,1.1072423398328692,1.0168067226890756,1.003787878787879,0.9166666666666666,0.9889807162534435
tpch_sf100_t64,tpch,100,64,Q04,2.6,2.6,2.64,2.6,2.59,2.59,2.61,2.58,1.0,1.0,1.0077519379844961,1.0038610038610039,1.0038610038610039,1.0
tpch_sf100_t64,tpch,100,64,Q05,4.1850000000000005,4.24,4.255,4.57,4.1,4.09,4.07,4.35,0.9157549234135668,0.9870283018867925,1.0505747126436784,1.0207317073170734,1.1146341463414635,0.9277899343544858
tpch_sf100_t64,tpch,100,64,Q06,2.39,2.385,2.385,2.385,2.38,2.37,2.37,2.37,1.0020964360587004,1.0020964360587004,1.0063291139240504,1.0042016806722691,1.0021008403361344,1.0
tpch_sf100_t64,tpch,100,64,Q07,5.6,4.83,4.855,4.94,4.84,4.8,4.73,4.9,1.1336032388663966,1.1594202898550723,1.0081632653061225,1.1570247933884297,1.0206611570247934,0.9777327935222672
tpch_sf100_t64,tpch,100,64,Q08,4.574999999999999,4.57,4.57,4.59,4.4,4.4,4.31,4.33,0.9967320261437908,1.0010940919037197,1.0600461893764435,1.039772727272727,1.043181818181818,0.9956427015250545
tpch_sf100_t64,tpch,100,64,Q09,6.65,6.605,6.64,6.12,6.55,5.99,6.05,6.07,1.0866013071895426,1.0068130204390613,1.0082372322899507,1.015267175572519,0.934351145038168,1.0792483660130718
tpch_sf100_t64,tpch,100,64,Q10,4.08,4.085,4.085,4.050000000000001,3.91,3.92,3.96,4.01,1.0074074074074073,0.9987760097919217,1.00997506234414,1.0434782608695652,1.0358056265984656,1.0086419753086417
tpch_sf100_t64,tpch,100,64,Q11,0.58,0.5700000000000001,0.565,0.54,0.55,0.54,0.54,0.53,1.074074074074074,1.0175438596491226,1.0188679245283019,1.0545454545454545,0.9818181818181818,1.0555555555555556
tpch_sf100_t64,tpch,100,64,Q12,2.91,2.91,3.07,2.93,2.89,2.9,2.95,2.92,0.9931740614334471,1.0,1.0034246575342467,1.0069204152249136,1.013840830449827,0.9931740614334471
tpch_sf100_t64,tpch,100,64,Q13,2.895,2.895,3.47,2.9,2.86,2.86,3.38,2.87,0.9982758620689656,1.0,1.0104529616724738,1.0122377622377623,1.013986013986014,0.9982758620689656
tpch_sf100_t64,tpch,100,64,Q14,3.65,3.65,3.63,3.52,3.6,3.61,3.56,3.48,1.0369318181818181,1.0,1.0114942528735633,1.0138888888888888,0.9777777777777777,1.0369318181818181
tpch_sf100_t64,tpch,100,64,Q15,3.5,3.51,3.54,3.51,3.37,3.48,3.4,3.37,0.9971509971509972,0.9971509971509972,1.0415430267062313,1.0385756676557862,1.0415430267062313,1.0
tpch_sf100_t64,tpch,100,64,Q16,0.86,0.86,0.87,0.86,0.85,0.85,0.85,0.84,1.0,1.0,1.0238095238095237,1.011764705882353,1.011764705882353,1.0
tpch_sf100_t64,tpch,100,64,Q17,3.4,3.41,3.4050000000000002,3.41,3.39,3.39,3.39,3.38,0.9970674486803518,0.9970674486803518,1.0088757396449706,1.0029498525073746,1.0058997050147493,1.0
tpch_sf100_t64,tpch,100,64,Q18,6.28,6.28,9.785,6.3,6.24,6.25,8.39,6.24,0.996825396825397,1.0,1.0096153846153846,1.0064102564102564,1.0096153846153846,0.996825396825397
tpch_sf100_t64,tpch,100,64,Q19,5.06,5.06,5.06,5.22,4.93,4.95,4.95,5.12,0.9693486590038314,1.0,1.01953125,1.026369168356998,1.0588235294117647,0.9693486590038314
tpch_sf100_t64,tpch,100,64,Q20,3.72,3.71,3.72,3.76,3.56,3.47,3.49,3.7,0.9893617021276597,1.0026954177897576,1.016216216216216,1.0449438202247192,1.0561797752808988,0.9867021276595745
tpch_sf100_t64,tpch,100,64,Q21,5.345,5.37,6.29,5.28,5.19,5.23,6.13,5.25,1.012310606060606,0.9953445065176908,1.0057142857142858,1.0298651252408477,1.0173410404624277,1.0170454545454546
tpch_sf100_t64,tpch,100,64,Q22,0.7,0.7,0.92,0.7,0.7,0.69,0.89,0.69,1.0,1.0,1.0144927536231885,1.0,1.0,1.0
tpcds_sf10_t64,tpcds,10,64,Q01,0.42,0.42,0.52,0.42,0.41,0.41,0.52,0.41,1.0,1.0,1.024390243902439,1.024390243902439,1.024390243902439,1.0
tpcds_sf10_t64,tpcds,10,64,Q02,0.32,0.32,0.32,0.32,0.31,0.31,0.31,0.31,1.0,1.0,1.032258064516129,1.032258064516129,1.032258064516129,1.0
tpcds_sf10_t64,tpcds,10,64,Q03,0.315,0.32,0.32,0.32,0.31,0.31,0.31,0.31,0.984375,0.984375,1.032258064516129,1.0161290322580645,1.032258064516129,1.0
tpcds_sf10_t64,tpcds,10,64,Q04,1.245,1.45,1.45,1.45,1.04,1.04,1.03,0.93,0.8586206896551725,0.8586206896551725,1.5591397849462365,1.1971153846153846,1.3942307692307692,1.0
tpcds_sf10_t64,tpcds,10,64,Q05,0.52,0.52,0.62,0.52,0.52,0.52,0.52,0.52,1.0,1.0,1.0,1.0,1.0,1.0
tpcds_sf10_t64,tpcds,10,64,Q06,0.42,0.42,0.42,0.42,0.41,0.42,0.42,0.42,1.0,1.0,1.0,1.024390243902439,1.024390243902439,1.0
tpcds_sf10_t64,tpcds,10,64,Q07,0.52,0.52,0.52,0.52,0.52,0.52,0.52,0.52,1.0,1.0,1.0,1.0,1.0,1.0
tpcds_sf10_t64,tpcds,10,64,Q08,0.93,0.93,0.93,0.93,0.93,0.93,0.93,0.93,1.0,1.0,1.0,1.0,1.0,1.0
tpcds_sf10_t64,tpcds,10,64,Q09,0.32,0.32,0.32,0.32,0.32,0.32,0.32,0.32,1.0,1.0,1.0,1.0,1.0,1.0
tpcds_sf10_t64,tpcds,10,64,Q10,0.32,0.32,0.37,0.32,0.31,0.31,0.31,0.31,1.0,1.0,1.032258064516129,1.032258064516129,1.032258064516129,1.0
tpcds_sf10_t64,tpcds,10,64,Q11,0.935,0.83,0.83,1.245,0.83,0.73,0.73,0.73,0.751004016064257,1.1265060240963856,1.7054794520547947,1.1265060240963856,1.5000000000000002,0.6666666666666666
tpcds_sf10_t64,tpcds,10,64,Q12,0.32,0.31,0.32,0.32,0.31,0.31,0.31,0.31,1.0,1.032258064516129,1.032258064516129,1.032258064516129,1.032258064516129,0.96875
tpcds_sf10_t64,tpcds,10,64,Q13,0.52,0.52,0.52,0.62,0.52,0.52,0.52,0.62,0.8387096774193549,1.0,1.0,1.0,1.1923076923076923,0.8387096774193549
tpcds_sf10_t64,tpcds,10,64,Q14,1.15,1.25,1.25,1.26,1.14,1.15,1.14,1.25,0.9126984126984127,0.9199999999999999,1.008,1.0087719298245614,1.105263157894737,0.9920634920634921
tpcds_sf10_t64,tpcds,10,64,Q15,0.21,0.21,0.21,0.21,0.21,0.21,0.21,0.21,1.0,1.0,1.0,1.0,1.0,1.0
tpcds_sf10_t64,tpcds,10,64,Q16,0.21,0.21,0.21,0.21,0.21,0.21,0.21,0.21,1.0,1.0,1.0,1.0,1.0,1.0
tpcds_sf10_t64,tpcds,10,64,Q17,0.5700000000000001,0.42,0.42,0.52,0.42,0.42,0.42,0.52,1.0961538461538463,1.3571428571428574,1.0,1.3571428571428574,1.2380952380952381,0.8076923076923076
tpcds_sf10_t64,tpcds,10,64,Q18,0.42,0.32,0.32,0.32,0.31,0.31,0.31,0.31,1.3125,1.3125,1.032258064516129,1.3548387096774193,1.032258064516129,1.0
tpcds_sf10_t64,tpcds,10,64,Q19,0.42,0.42,0.42,0.42,0.42,0.42,0.42,0.42,1.0,1.0,1.0,1.0,1.0,1.0
tpcds_sf10_t64,tpcds,10,64,Q20,0.21,0.31,0.31,0.32,0.21,0.21,0.31,0.31,0.65625,0.6774193548387096,1.032258064516129,1.0,1.523809523809524,0.96875
tpcds_sf10_t64,tpcds,10,64,Q21,0.21,0.21,0.21,0.21,0.21,0.21,0.21,0.21,1.0,1.0,1.0,1.0,1.0,1.0
tpcds_sf10_t64,tpcds,10,64,Q22,2.72,2.73,2.72,2.73,2.62,2.71,2.63,2.64,0.9963369963369965,0.9963369963369965,1.034090909090909,1.0381679389312977,1.0419847328244274,1.0
tpcds_sf10_t64,tpcds,10,64,Q23,0.94,0.94,0.94,0.94,0.93,0.93,0.93,0.93,1.0,1.0,1.010752688172043,1.010752688172043,1.010752688172043,1.0
tpcds_sf10_t64,tpcds,10,64,Q24,0.575,0.52,0.52,0.52,0.52,0.42,0.52,0.52,1.1057692307692306,1.1057692307692306,1.0,1.1057692307692306,1.0,1.0
tpcds_sf10_t64,tpcds,10,64,Q25,0.52,0.52,0.52,0.52,0.52,0.52,0.42,0.52,1.0,1.0,1.0,1.0,1.0,1.0
tpcds_sf10_t64,tpcds,10,64,Q26,0.26,0.21,0.21,0.21,0.21,0.21,0.21,0.21,1.2380952380952381,1.2380952380952381,1.0,1.2380952380952381,1.0,1.0
tpcds_sf10_t64,tpcds,10,64,Q27,0.62,0.52,0.52,0.52,0.52,0.52,0.52,0.52,1.1923076923076923,1.1923076923076923,1.0,1.1923076923076923,1.0,1.0
tpcds_sf10_t64,tpcds,10,64,Q28,0.52,0.52,0.525,0.53,0.52,0.52,0.52,0.52,0.9811320754716981,1.0,1.0192307692307692,1.0,1.0192307692307692,0.9811320754716981
tpcds_sf10_t64,tpcds,10,64,Q29,0.52,0.52,0.52,0.52,0.52,0.52,0.52,0.52,1.0,1.0,1.0,1.0,1.0,1.0
tpcds_sf10_t64,tpcds,10,64,Q30,0.32,0.32,0.32,0.32,0.31,0.31,0.31,0.31,1.0,1.0,1.032258064516129,1.032258064516129,1.032258064516129,1.0
tpcds_sf10_t64,tpcds,10,64,Q31,0.42,0.42,0.42,0.52,0.42,0.42,0.42,0.52,0.8076923076923076,1.0,1.0,1.0,1.2380952380952381,0.8076923076923076
tpcds_sf10_t64,tpcds,10,64,Q32,0.21,0.21,0.21,0.21,0.21,0.21,0.21,0.21,1.0,1.0,1.0,1.0,1.0,1.0
tpcds_sf10_t64,tpcds,10,64,Q33,0.42,0.42,0.42,0.47,0.41,0.42,0.42,0.42,0.8936170212765958,1.0,1.119047619047619,1.024390243902439,1.146341463414634,0.8936170212765958
tpcds_sf10_t64,tpcds,10,64,Q34,0.315,0.32,0.32,0.42,0.31,0.31,0.31,0.31,0.75,0.984375,1.3548387096774193,1.0161290322580645,1.3548387096774193,0.761904761904762
tpcds_sf10_t64,tpcds,10,64,Q35,0.52,0.52,0.52,0.52,0.42,0.42,0.52,0.42,1.0,1.0,1.2380952380952381,1.2380952380952381,1.2380952380952381,1.0
tpcds_sf10_t64,tpcds,10,64,Q36,0.52,0.52,0.52,0.52,0.52,0.42,0.42,0.52,1.0,1.0,1.0,1.0,1.0,1.0
tpcds_sf10_t64,tpcds,10,64,Q37,0.63,0.21,0.21,0.21,0.21,0.21,0.21,0.21,3.0,3.0,1.0,3.0,1.0,1.0
tpcds_sf10_t64,tpcds,10,64,Q38,0.42,0.42,0.42,0.42,0.41,0.42,0.42,0.42,1.0,1.0,1.0,1.024390243902439,1.024390243902439,1.0
tpcds_sf10_t64,tpcds,10,64,Q39,0.42,0.42,0.42,0.42,0.32,0.32,0.32,0.42,1.0,1.0,1.0,1.3125,1.3125,1.0
tpcds_sf10_t64,tpcds,10,64,Q40,0.21,0.21,0.21,0.21,0.21,0.21,0.21,0.21,1.0,1.0,1.0,1.0,1.0,1.0
tpcds_sf10_t64,tpcds,10,64,Q41,0.21,0.21,0.21,0.21,0.21,0.21,0.21,0.21,1.0,1.0,1.0,1.0,1.0,1.0
tpcds_sf10_t64,tpcds,10,64,Q42,0.32,0.32,0.32,0.32,0.31,0.31,0.31,0.31,1.0,1.0,1.032258064516129,1.032258064516129,1.032258064516129,1.0
tpcds_sf10_t64,tpcds,10,64,Q43,0.32,0.32,0.32,0.42,0.31,0.31,0.31,0.31,0.761904761904762,1.0,1.3548387096774193,1.032258064516129,1.3548387096774193,0.761904761904762
tpcds_sf10_t64,tpcds,10,64,Q44,92.63499999999999,92.57,92.975,85.675,90.65,91.17,90.51,83.8,1.0812372337321272,1.0007021713298045,1.0223747016706444,1.0218974076116931,0.9451185879757308,1.0804785526699736
tpcds_sf10_t64,tpcds,10,64,Q45,0.31,0.315,0.32,0.32,0.31,0.31,0.31,0.31,0.96875,0.9841269841269841,1.032258064516129,1.0,1.032258064516129,0.984375
tpcds_sf10_t64,tpcds,10,64,Q46,0.52,0.52,0.52,0.52,0.52,0.52,0.52,0.52,1.0,1.0,1.0,1.0,1.0,1.0
tpcds_sf10_t64,tpcds,10,64,Q47,0.73,0.73,0.73,0.73,0.73,0.73,0.73,0.73,1.0,1.0,1.0,1.0,1.0,1.0
tpcds_sf10_t64,tpcds,10,64,Q48,0.52,0.52,0.52,0.52,0.42,0.42,0.52,0.52,1.0,1.0,1.0,1.2380952380952381,1.2380952380952381,1.0
tpcds_sf10_t64,tpcds,10,64,Q49,0.52,0.52,0.52,0.52,0.52,0.52,0.52,0.52,1.0,1.0,1.0,1.0,1.0,1.0
tpcds_sf10_t64,tpcds,10,64,Q50,0.47,0.42,0.42,0.42,0.42,0.42,0.42,0.42,1.119047619047619,1.119047619047619,1.0,1.119047619047619,1.0,1.0
tpcds_sf10_t64,tpcds,10,64,Q51,1.04,1.04,1.04,1.04,0.93,0.93,0.93,0.94,1.0,1.0,1.1063829787234043,1.118279569892473,1.118279569892473,1.0
tpcds_sf10_t64,tpcds,10,64,Q52,0.32,0.32,0.32,0.32,0.31,0.31,0.31,0.31,1.0,1.0,1.032258064516129,1.032258064516129,1.032258064516129,1.0
tpcds_sf10_t64,tpcds,10,64,Q53,0.42,0.42,0.42,0.42,0.42,0.42,0.42,0.42,1.0,1.0,1.0,1.0,1.0,1.0
tpcds_sf10_t64,tpcds,10,64,Q54,300.0,300.0,300.0,300.0,300.0,300.0,300.0,300.0,1.0,1.0,1.0,1.0,1.0,1.0
tpcds_sf10_t64,tpcds,10,64,Q55,0.32,0.32,0.32,0.32,0.31,0.31,0.31,0.31,1.0,1.0,1.032258064516129,1.032258064516129,1.032258064516129,1.0
tpcds_sf10_t64,tpcds,10,64,Q56,0.42,0.47,0.42,0.42,0.42,0.42,0.42,0.42,1.0,0.8936170212765958,1.0,1.0,1.0,1.119047619047619
tpcds_sf10_t64,tpcds,10,64,Q57,0.42,0.42,0.42,0.52,0.42,0.42,0.42,0.52,0.8076923076923076,1.0,1.0,1.0,1.2380952380952381,0.8076923076923076
tpcds_sf10_t64,tpcds,10,64,Q58,0.52,0.52,0.52,0.52,0.52,0.52,0.52,0.52,1.0,1.0,1.0,1.0,1.0,1.0
tpcds_sf10_t64,tpcds,10,64,Q59,0.52,0.52,0.52,0.52,0.52,0.52,0.52,0.52,1.0,1.0,1.0,1.0,1.0,1.0
tpcds_sf10_t64,tpcds,10,64,Q60,0.52,0.52,0.52,0.52,0.42,0.42,0.42,0.52,1.0,1.0,1.0,1.2380952380952381,1.2380952380952381,1.0
tpcds_sf10_t64,tpcds,10,64,Q61,0.52,0.42,0.42,0.42,0.42,0.42,0.42,0.42,1.2380952380952381,1.2380952380952381,1.0,1.2380952380952381,1.0,1.0
tpcds_sf10_t64,tpcds,10,64,Q62,0.21,0.21,0.21,0.32,0.21,0.21,0.21,0.21,0.65625,1.0,1.523809523809524,1.0,1.523809523809524,0.65625
tpcds_sf10_t64,tpcds,10,64,Q63,0.42,0.42,0.42,0.42,0.42,0.41,0.32,0.42,1.0,1.0,1.0,1.0,1.0,1.0
tpcds_sf10_t64,tpcds,10,64,Q64,0.83,0.73,0.73,0.73,0.73,0.73,0.73,0.73,1.136986301369863,1.136986301369863,1.0,1.136986301369863,1.0,1.0
tpcds_sf10_t64,tpcds,10,64,Q65,1.855,1.855,1.86,1.34,1.85,1.75,1.75,1.34,1.3843283582089552,1.0,1.0,1.0027027027027027,0.7243243243243244,1.3843283582089552
tpcds_sf10_t64,tpcds,10,64,Q66,0.32,0.32,0.32,0.32,0.31,0.31,0.31,0.31,1.0,1.0,1.032258064516129,1.032258064516129,1.032258064516129,1.0
tpcds_sf10_t64,tpcds,10,64,Q67,1.99,1.99,1.99,2.0949999999999998,1.97,1.98,1.78,2.07,0.9498806682577566,1.0,1.0120772946859904,1.0101522842639594,1.063451776649746,0.9498806682577566
tpcds_sf10_t64,tpcds,10,64,Q68,0.52,0.52,0.52,0.52,0.52,0.52,0.52,0.52,1.0,1.0,1.0,1.0,1.0,1.0
tpcds_sf10_t64,tpcds,10,64,Q69,0.32,0.32,0.32,0.32,0.31,0.31,0.31,0.31,1.0,1.0,1.032258064516129,1.032258064516129,1.032258064516129,1.0
tpcds_sf10_t64,tpcds,10,64,Q70,0.42,0.42,0.42,0.52,0.42,0.42,0.42,0.52,0.8076923076923076,1.0,1.0,1.0,1.2380952380952381,0.8076923076923076
tpcds_sf10_t64,tpcds,10,64,Q71,0.42,0.42,0.42,0.42,0.42,0.42,0.42,0.42,1.0,1.0,1.0,1.0,1.0,1.0
tpcds_sf10_t64,tpcds,10,64,Q72,4.75,0.52,0.52,0.62,0.73,0.42,0.42,0.52,7.661290322580645,9.134615384615385,1.1923076923076923,6.506849315068493,0.8493150684931507,0.8387096774193549
tpcds_sf10_t64,tpcds,10,64,Q73,0.32,0.32,0.32,0.32,0.31,0.31,0.31,0.31,1.0,1.0,1.032258064516129,1.032258064516129,1.032258064516129,1.0
tpcds_sf10_t64,tpcds,10,64,Q74,0.73,0.63,0.6799999999999999,0.8300000000000001,0.62,0.52,0.52,0.52,0.8795180722891566,1.1587301587301586,1.5961538461538463,1.1774193548387097,1.338709677419355,0.7590361445783131
tpcds_sf10_t64,tpcds,10,64,Q75,0.62,0.62,0.62,0.62,0.62,0.62,0.62,0.62,1.0,1.0,1.0,1.0,1.0,1.0
tpcds_sf10_t64,tpcds,10,64,Q76,0.52,0.52,0.52,0.52,0.52,0.52,0.52,0.52,1.0,1.0,1.0,1.0,1.0,1.0
tpcds_sf10_t64,tpcds,10,64,Q77,0.52,0.52,0.52,0.52,0.52,0.52,0.52,0.52,1.0,1.0,1.0,1.0,1.0,1.0
tpcds_sf10_t64,tpcds,10,64,Q78,0.83,0.83,0.83,0.93,0.83,0.83,0.83,0.93,0.8924731182795698,1.0,1.0,1.0,1.1204819277108435,0.8924731182795698
tpcds_sf10_t64,tpcds,10,64,Q79,0.42,0.42,0.42,0.52,0.42,0.42,0.42,0.52,0.8076923076923076,1.0,1.0,1.0,1.2380952380952381,0.8076923076923076
tpcds_sf10_t64,tpcds,10,64,Q80,0.62,0.62,0.62,0.62,0.62,0.62,0.62,0.62,1.0,1.0,1.0,1.0,1.0,1.0
tpcds_sf10_t64,tpcds,10,64,Q81,0.315,0.32,0.32,0.32,0.31,0.31,0.31,0.31,0.984375,0.984375,1.032258064516129,1.0161290322580645,1.032258064516129,1.0
tpcds_sf10_t64,tpcds,10,64,Q82,0.6799999999999999,0.32,0.32,0.32,0.31,0.31,0.31,0.21,2.1249999999999996,2.1249999999999996,1.523809523809524,2.193548387096774,1.032258064516129,1.0
tpcds_sf10_t64,tpcds,10,64,Q83,0.21,0.21,0.21,0.21,0.21,0.21,0.21,0.21,1.0,1.0,1.0,1.0,1.0,1.0
tpcds_sf10_t64,tpcds,10,64,Q84,0.21,0.21,0.21,0.21,0.21,0.21,0.21,0.21,1.0,1.0,1.0,1.0,1.0,1.0
tpcds_sf10_t64,tpcds,10,64,Q85,0.32,0.32,0.37,0.42,0.31,0.31,0.31,0.31,0.761904761904762,1.0,1.3548387096774193,1.032258064516129,1.3548387096774193,0.761904761904762
tpcds_sf10_t64,tpcds,10,64,Q86,0.31,0.32,0.32,0.32,0.31,0.31,0.31,0.31,0.96875,0.96875,1.032258064516129,1.0,1.032258064516129,1.0
tpcds_sf10_t64,tpcds,10,64,Q87,0.42,0.42,0.42,0.42,0.42,0.41,0.42,0.42,1.0,1.0,1.0,1.0,1.0,1.0
tpcds_sf10_t64,tpcds,10,64,Q88,0.42,0.32,0.32,0.42,0.42,0.32,0.31,0.42,1.0,1.3125,1.0,1.0,1.0,0.761904761904762
tpcds_sf10_t64,tpcds,10,64,Q89,0.42,0.42,0.42,0.42,0.42,0.42,0.42,0.42,1.0,1.0,1.0,1.0,1.0,1.0
tpcds_sf10_t64,tpcds,10,64,Q90,0.21,0.21,0.21,0.21,0.21,0.21,0.21,0.21,1.0,1.0,1.0,1.0,1.0,1.0
tpcds_sf10_t64,tpcds,10,64,Q91,0.21,0.21,0.21,0.21,0.21,0.21,0.21,0.21,1.0,1.0,1.0,1.0,1.0,1.0
tpcds_sf10_t64,tpcds,10,64,Q92,0.21,0.21,0.21,0.21,0.21,0.21,0.21,0.21,1.0,1.0,1.0,1.0,1.0,1.0
tpcds_sf10_t64,tpcds,10,64,Q93,0.42,0.42,0.42,0.42,0.41,0.41,0.42,0.42,1.0,1.0,1.0,1.024390243902439,1.024390243902439,1.0
tpcds_sf10_t64,tpcds,10,64,Q94,0.32,0.32,0.32,0.32,0.31,0.31,0.31,0.31,1.0,1.0,1.032258064516129,1.032258064516129,1.032258064516129,1.0
tpcds_sf10_t64,tpcds,10,64,Q95,0.62,0.62,0.83,0.32,0.62,0.62,0.73,0.31,1.9375,1.0,1.032258064516129,1.0,0.5161290322580645,1.9375
tpcds_sf10_t64,tpcds,10,64,Q96,0.32,0.32,0.315,0.32,0.21,0.21,0.21,0.31,1.0,1.0,1.032258064516129,1.523809523809524,1.523809523809524,1.0
tpcds_sf10_t64,tpcds,10,64,Q97,0.42,0.42,0.42,0.42,0.42,0.41,0.42,0.41,1.0,1.0,1.024390243902439,1.0,1.0,1.0
tpcds_sf10_t64,tpcds,10,64,Q98,0.42,0.42,0.42,0.42,0.42,0.41,0.42,0.42,1.0,1.0,1.0,1.0,1.0,1.0
tpcds_sf10_t64,tpcds,10,64,Q99,0.21,0.21,0.21,0.32,0.21,0.21,0.21,0.31,0.65625,1.0,1.032258064516129,1.0,1.523809523809524,0.65625
tpcds_sf20_t64,tpcds,20,64,Q01,0.73,0.73,1.03,0.73,0.72,0.72,0.93,0.72,1.0,1.0,1.0138888888888888,1.0138888888888888,1.0138888888888888,1.0
tpcds_sf20_t64,tpcds,20,64,Q02,0.42,0.42,0.52,0.52,0.42,0.42,0.42,0.42,0.8076923076923076,1.0,1.2380952380952381,1.0,1.2380952380952381,0.8076923076923076
tpcds_sf20_t64,tpcds,20,64,Q03,0.42,0.42,0.52,0.52,0.42,0.42,0.42,0.42,0.8076923076923076,1.0,1.2380952380952381,1.0,1.2380952380952381,0.8076923076923076
tpcds_sf20_t64,tpcds,20,64,Q04,2.225,3.2,3.25,3.405,1.45,2.38,2.38,2.48,0.6534508076358297,0.6953125,1.3729838709677418,1.5344827586206897,2.3482758620689657,0.9397944199706315
tpcds_sf20_t64,tpcds,20,64,Q05,0.83,0.83,1.03,1.03,0.83,0.83,0.83,0.83,0.8058252427184466,1.0,1.2409638554216869,1.0,1.2409638554216869,0.8058252427184466
tpcds_sf20_t64,tpcds,20,64,Q06,0.52,0.52,0.52,0.52,0.42,0.52,0.52,0.52,1.0,1.0,1.0,1.2380952380952381,1.2380952380952381,1.0
tpcds_sf20_t64,tpcds,20,64,Q07,0.73,0.73,0.93,0.93,0.73,0.73,0.73,0.73,0.7849462365591398,1.0,1.2739726027397262,1.0,1.2739726027397262,0.7849462365591398
tpcds_sf20_t64,tpcds,20,64,Q08,1.03,1.03,1.13,1.13,1.03,1.03,1.03,1.03,0.9115044247787611,1.0,1.0970873786407767,1.0,1.0970873786407767,0.9115044247787611
tpcds_sf20_t64,tpcds,20,64,Q09,0.52,0.52,0.525,0.53,0.42,0.42,0.42,0.42,0.9811320754716981,1.0,1.261904761904762,1.2380952380952381,1.261904761904762,0.9811320754716981
tpcds_sf20_t64,tpcds,20,64,Q10,0.42,0.42,0.52,0.52,0.42,0.42,0.41,0.42,0.8076923076923076,1.0,1.2380952380952381,1.0,1.2380952380952381,0.8076923076923076
tpcds_sf20_t64,tpcds,20,64,Q11,1.755,1.92,1.915,2.475,1.04,1.24,1.24,1.76,0.709090909090909,0.9140625,1.40625,1.6874999999999998,2.3798076923076925,0.7757575757575756
tpcds_sf20_t64,tpcds,20,64,Q12,0.31,0.31,0.315,0.32,0.31,0.31,0.31,0.31,0.96875,1.0,1.032258064516129,1.0,1.032258064516129,0.96875
tpcds_sf20_t64,tpcds,20,64,Q13,0.83,0.83,1.04,1.24,0.83,0.83,0.83,1.04,0.6693548387096774,1.0,1.1923076923076923,1.0,1.493975903614458,0.6693548387096774
tpcds_sf20_t64,tpcds,20,64,Q14,1.8849999999999998,2.52,2.65,3.21,1.87,2.49,2.49,3.11,0.587227414330218,0.7480158730158729,1.032154340836013,1.0080213903743314,1.7165775401069518,0.7850467289719626
tpcds_sf20_t64,tpcds,20,64,Q15,0.21,0.21,0.21,0.315,0.21,0.21,0.21,0.31,0.6666666666666666,1.0,1.0161290322580645,1.0,1.5,0.6666666666666666
tpcds_sf20_t64,tpcds,20,64,Q16,0.31,0.31,0.31,0.32,0.21,0.21,0.21,0.31,0.96875,1.0,1.032258064516129,1.4761904761904763,1.523809523809524,0.96875
tpcds_sf20_t64,tpcds,20,64,Q17,0.775,0.62,0.73,0.83,0.62,0.62,0.62,0.62,0.9337349397590362,1.25,1.3387096774193548,1.25,1.3387096774193548,0.746987951807229
tpcds_sf20_t64,tpcds,20,64,Q18,0.42,0.42,0.42,0.42,0.42,0.31,0.42,0.31,1.0,1.0,1.3548387096774193,1.0,1.0,1.0
tpcds_sf20_t64,tpcds,20,64,Q19,0.62,0.62,0.73,0.73,0.62,0.62,0.62,0.62,0.8493150684931507,1.0,1.1774193548387097,1.0,1.1774193548387097,0.8493150684931507
tpcds_sf20_t64,tpcds,20,64,Q20,0.21,0.21,0.21,0.21,0.21,0.21,0.21,0.21,1.0,1.0,1.0,1.0,1.0,1.0
tpcds_sf20_t64,tpcds,20,64,Q21,0.21,0.21,0.21,0.21,0.21,0.21,0.21,0.21,1.0,1.0,1.0,1.0,1.0,1.0
tpcds_sf20_t64,tpcds,20,64,Q22,0.32,0.32,0.42,0.42,0.31,0.31,0.32,0.32,0.761904761904762,1.0,1.3125,1.032258064516129,1.3548387096774193,0.761904761904762
tpcds_sf20_t64,tpcds,20,64,Q23,1.57,1.57,1.66,1.67,1.56,1.56,1.47,1.56,0.940119760479042,1.0,1.0705128205128205,1.0064102564102564,1.0705128205128205,0.940119760479042
tpcds_sf20_t64,tpcds,20,64,Q24,0.73,0.73,0.83,0.93,0.73,0.62,0.73,0.73,0.7849462365591398,1.0,1.2739726027397262,1.0,1.2739726027397262,0.7849462365591398
tpcds_sf20_t64,tpcds,20,64,Q25,0.73,0.73,0.83,0.93,0.73,0.73,0.73,0.73,0.7849462365591398,1.0,1.2739726027397262,1.0,1.2739726027397262,0.7849462365591398
tpcds_sf20_t64,tpcds,20,64,Q26,0.315,0.315,0.32,0.32,0.31,0.31,0.31,0.31,0.984375,1.0,1.032258064516129,1.0161290322580645,1.032258064516129,0.984375
tpcds_sf20_t64,tpcds,20,64,Q27,1.04,0.83,0.93,1.03,0.83,0.83,0.83,0.83,1.0097087378640777,1.2530120481927711,1.2409638554216869,1.2530120481927711,1.2409638554216869,0.8058252427184466
tpcds_sf20_t64,tpcds,20,64,Q28,0.83,0.835,0.84,0.84,0.73,0.73,0.73,0.73,0.9880952380952381,0.9940119760479041,1.1506849315068493,1.136986301369863,1.1506849315068493,0.9940476190476191
tpcds_sf20_t64,tpcds,20,64,Q29,0.73,0.73,0.83,0.83,0.73,0.73,0.73,0.73,0.8795180722891567,1.0,1.136986301369863,1.0,1.136986301369863,0.8795180722891567
tpcds_sf20_t64,tpcds,20,64,Q30,0.32,0.32,0.32,0.42,0.31,0.31,0.31,0.31,0.761904761904762,1.0,1.3548387096774193,1.032258064516129,1.3548387096774193,0.761904761904762
tpcds_sf20_t64,tpcds,20,64,Q31,0.62,0.62,0.73,0.83,0.62,0.62,0.62,0.73,0.746987951807229,1.0,1.136986301369863,1.0,1.3387096774193548,0.746987951807229
tpcds_sf20_t64,tpcds,20,64,Q32,0.21,0.21,0.21,0.21,0.21,0.21,0.21,0.21,1.0,1.0,1.0,1.0,1.0,1.0
tpcds_sf20_t64,tpcds,20,64,Q33,0.62,0.62,0.83,0.83,0.62,0.62,0.62,0.73,0.746987951807229,1.0,1.136986301369863,1.0,1.3387096774193548,0.746987951807229
tpcds_sf20_t64,tpcds,20,64,Q34,0.52,0.52,0.52,0.62,0.52,0.52,0.42,0.52,0.8387096774193549,1.0,1.1923076923076923,1.0,1.1923076923076923,0.8387096774193549
tpcds_sf20_t64,tpcds,20,64,Q35,0.52,0.52,0.62,0.62,0.52,0.52,0.52,0.52,0.8387096774193549,1.0,1.1923076923076923,1.0,1.1923076923076923,0.8387096774193549
tpcds_sf20_t64,tpcds,20,64,Q36,0.62,0.62,0.83,0.93,0.62,0.62,0.62,0.83,0.6666666666666666,1.0,1.1204819277108435,1.0,1.5,0.6666666666666666
tpcds_sf20_t64,tpcds,20,64,Q37,0.52,0.21,0.31,0.31,0.21,0.21,0.21,0.21,1.6774193548387097,2.4761904761904763,1.4761904761904763,2.4761904761904763,1.4761904761904763,0.6774193548387096
tpcds_sf20_t64,tpcds,20,64,Q38,0.52,0.52,0.52,0.625,0.52,0.52,0.52,0.62,0.8320000000000001,1.0,1.0080645161290323,1.0,1.2019230769230769,0.8320000000000001
tpcds_sf20_t64,tpcds,20,64,Q39,0.31,0.31,0.32,0.32,0.31,0.21,0.31,0.21,0.96875,1.0,1.523809523809524,1.0,1.032258064516129,0.96875
tpcds_sf20_t64,tpcds,20,64,Q40,0.32,0.21,0.31,0.21,0.21,0.21,0.21,0.21,1.523809523809524,1.523809523809524,1.0,1.523809523809524,1.0,1.0
tpcds_sf20_t64,tpcds,20,64,Q41,0.21,0.21,0.21,0.21,0.21,0.21,0.21,0.21,1.0,1.0,1.0,1.0,1.0,1.0
tpcds_sf20_t64,tpcds,20,64,Q42,0.42,0.42,0.52,0.52,0.42,0.41,0.42,0.41,0.8076923076923076,1.0,1.2682926829268293,1.0,1.2380952380952381,0.8076923076923076
tpcds_sf20_t64,tpcds,20,64,Q43,0.52,0.52,0.62,0.73,0.52,0.52,0.52,0.62,0.7123287671232877,1.0,1.1774193548387097,1.0,1.4038461538461537,0.7123287671232877
tpcds_sf20_t64,tpcds,20,64,Q44,8.39,8.39,8.395,8.4,8.28,8.19,8.29,8.29,0.9988095238095238,1.0,1.0132689987937276,1.0132850241545894,1.0144927536231885,0.9988095238095238
tpcds_sf20_t64,tpcds,20,64,Q45,0.42,0.42,0.42,0.42,0.31,0.31,0.31,0.31,1.0,1.0,1.3548387096774193,1.3548387096774193,1.3548387096774193,1.0
tpcds_sf20_t64,tpcds,20,64,Q46,0.73,0.78,0.83,0.93,0.73,0.73,0.73,0.73,0.7849462365591398,0.9358974358974358,1.2739726027397262,1.0,1.2739726027397262,0.8387096774193549
tpcds_sf20_t64,tpcds,20,64,Q47,1.14,1.14,1.24,1.24,1.14,1.14,1.13,1.14,0.9193548387096774,1.0,1.087719298245614,1.0,1.087719298245614,0.9193548387096774
tpcds_sf20_t64,tpcds,20,64,Q48,0.73,0.73,0.83,0.93,0.73,0.73,0.73,0.83,0.7849462365591398,1.0,1.1204819277108435,1.0,1.2739726027397262,0.7849462365591398
tpcds_sf20_t64,tpcds,20,64,Q49,0.73,0.73,0.93,0.93,0.73,0.73,0.73,0.73,0.7849462365591398,1.0,1.2739726027397262,1.0,1.2739726027397262,0.7849462365591398
tpcds_sf20_t64,tpcds,20,64,Q50,0.62,0.52,0.62,0.83,0.62,0.52,0.52,0.63,0.746987951807229,1.1923076923076923,1.3174603174603174,1.0,1.3387096774193548,0.6265060240963856
tpcds_sf20_t64,tpcds,20,64,Q51,1.24,1.245,1.3,1.355,1.14,1.14,1.14,1.25,0.915129151291513,0.9959839357429718,1.084,1.087719298245614,1.1885964912280702,0.918819188191882
tpcds_sf20_t64,tpcds,20,64,Q52,0.42,0.42,0.52,0.52,0.42,0.42,0.42,0.42,0.8076923076923076,1.0,1.2380952380952381,1.0,1.2380952380952381,0.8076923076923076
tpcds_sf20_t64,tpcds,20,64,Q53,0.52,0.52,0.62,0.73,0.52,0.52,0.52,0.52,0.7123287671232877,1.0,1.4038461538461537,1.0,1.4038461538461537,0.7123287671232877
tpcds_sf20_t64,tpcds,20,64,Q54,300.0,300.0,300.0,300.0,300.0,300.0,300.0,300.0,1.0,1.0,1.0,1.0,1.0,1.0
tpcds_sf20_t64,tpcds,20,64,Q55,0.42,0.42,0.52,0.52,0.42,0.42,0.42,0.42,0.8076923076923076,1.0,1.2380952380952381,1.0,1.2380952380952381,0.8076923076923076
tpcds_sf20_t64,tpcds,20,64,Q56,0.73,0.73,0.83,0.83,0.73,0.62,0.62,0.72,0.8795180722891567,1.0,1.1527777777777777,1.0,1.136986301369863,0.8795180722891567
tpcds_sf20_t64,tpcds,20,64,Q57,0.42,0.42,0.52,0.52,0.42,0.41,0.42,0.42,0.8076923076923076,1.0,1.2380952380952381,1.0,1.2380952380952381,0.8076923076923076
tpcds_sf20_t64,tpcds,20,64,Q58,0.73,0.73,0.83,0.83,0.73,0.73,0.73,0.73,0.8795180722891567,1.0,1.136986301369863,1.0,1.136986301369863,0.8795180722891567
tpcds_sf20_t64,tpcds,20,64,Q59,0.52,0.52,0.62,0.62,0.52,0.52,0.52,0.52,0.8387096774193549,1.0,1.1923076923076923,1.0,1.1923076923076923,0.8387096774193549
tpcds_sf20_t64,tpcds,20,64,Q60,0.73,0.73,0.83,0.83,0.72,0.73,0.73,0.73,0.8795180722891567,1.0,1.136986301369863,1.0138888888888888,1.1527777777777777,0.8795180722891567
tpcds_sf20_t64,tpcds,20,64,Q61,0.73,0.73,0.73,0.83,0.62,0.62,0.62,0.73,0.8795180722891567,1.0,1.136986301369863,1.1774193548387097,1.3387096774193548,0.8795180722891567
tpcds_sf20_t64,tpcds,20,64,Q62,0.32,0.32,0.32,0.37,0.31,0.32,0.31,0.31,0.8648648648648649,1.0,1.1935483870967742,1.032258064516129,1.1935483870967742,0.8648648648648649
tpcds_sf20_t64,tpcds,20,64,Q63,0.52,0.52,0.62,0.62,0.52,0.52,0.52,0.52,0.8387096774193549,1.0,1.1923076923076923,1.0,1.1923076923076923,0.8387096774193549
tpcds_sf20_t64,tpcds,20,64,Q64,1.1949999999999998,1.14,1.295,1.34,1.04,1.03,1.14,1.14,0.8917910447761193,1.0482456140350878,1.1754385964912282,1.1490384615384615,1.2884615384615385,0.8507462686567163
tpcds_sf20_t64,tpcds,20,64,Q65,0.93,1.04,1.04,1.14,0.93,0.93,0.93,1.03,0.8157894736842106,0.8942307692307693,1.1067961165048543,1.0,1.225806451612903,0.912280701754386
tpcds_sf20_t64,tpcds,20,64,Q66,0.42,0.42,0.52,0.52,0.42,0.42,0.42,0.42,0.8076923076923076,1.0,1.2380952380952381,1.0,1.2380952380952381,0.8076923076923076
tpcds_sf20_t64,tpcds,20,64,Q67,2.31,2.39,2.4,2.51,2.29,2.3,2.3,2.41,0.9203187250996017,0.9665271966527197,1.0414937759336098,1.0087336244541485,1.096069868995633,0.9521912350597611
tpcds_sf20_t64,tpcds,20,64,Q68,0.83,0.83,0.93,0.93,0.73,0.73,0.73,0.83,0.8924731182795698,1.0,1.1204819277108435,1.136986301369863,1.2739726027397262,0.8924731182795698
tpcds_sf20_t64,tpcds,20,64,Q69,0.42,0.42,0.52,0.52,0.42,0.41,0.42,0.42,0.8076923076923076,1.0,1.2380952380952381,1.0,1.2380952380952381,0.8076923076923076
tpcds_sf20_t64,tpcds,20,64,Q70,0.63,0.73,0.73,0.83,0.52,0.63,0.63,0.73,0.7590361445783133,0.863013698630137,1.136986301369863,1.2115384615384615,1.596153846153846,0.8795180722891567
tpcds_sf20_t64,tpcds,20,64,Q71,0.62,0.62,0.73,0.73,0.62,0.62,0.62,0.62,0.8493150684931507,1.0,1.1774193548387097,1.0,1.1774193548387097,0.8493150684931507
tpcds_sf20_t64,tpcds,20,64,Q72,1.355,0.42,0.42,0.42,0.42,0.42,0.31,0.42,3.2261904761904763,3.2261904761904763,1.0,3.2261904761904763,1.0,1.0
tpcds_sf20_t64,tpcds,20,64,Q73,0.52,0.42,0.52,0.62,0.42,0.42,0.42,0.52,0.8387096774193549,1.2380952380952381,1.1923076923076923,1.2380952380952381,1.4761904761904763,0.6774193548387096
tpcds_sf20_t64,tpcds,20,64,Q74,1.295,1.3399999999999999,1.35,1.755,0.73,0.83,0.83,1.35,0.7378917378917379,0.9664179104477613,1.2999999999999998,1.773972602739726,2.404109589041096,0.7635327635327634
tpcds_sf20_t64,tpcds,20,64,Q75,1.04,1.04,1.24,1.24,1.03,1.03,1.03,1.14,0.8387096774193549,1.0,1.087719298245614,1.0097087378640777,1.203883495145631,0.8387096774193549
tpcds_sf20_t64,tpcds,20,64,Q76,0.83,0.83,1.03,1.03,0.83,0.83,0.83,0.83,0.8058252427184466,1.0,1.2409638554216869,1.0,1.2409638554216869,0.8058252427184466
tpcds_sf20_t64,tpcds,20,64,Q77,0.73,0.73,0.93,0.93,0.72,0.73,0.73,0.83,0.7849462365591398,1.0,1.1204819277108435,1.0138888888888888,1.2916666666666667,0.7849462365591398
tpcds_sf20_t64,tpcds,20,64,Q78,1.34,1.35,1.56,1.66,1.34,1.34,1.34,1.35,0.8072289156626506,0.9925925925925926,1.2296296296296294,1.0,1.2388059701492535,0.8132530120481929
tpcds_sf20_t64,tpcds,20,64,Q79,0.62,0.62,0.83,0.83,0.62,0.62,0.62,0.73,0.746987951807229,1.0,1.136986301369863,1.0,1.3387096774193548,0.746987951807229
tpcds_sf20_t64,tpcds,20,64,Q80,1.03,1.04,1.24,1.14,1.03,1.03,1.03,0.93,0.9035087719298247,0.9903846153846154,1.225806451612903,1.0,1.1067961165048543,0.912280701754386
tpcds_sf20_t64,tpcds,20,64,Q81,0.42,0.42,0.42,0.42,0.31,0.31,0.31,0.31,1.0,1.0,1.3548387096774193,1.3548387096774193,1.3548387096774193,1.0
tpcds_sf20_t64,tpcds,20,64,Q82,0.58,0.32,0.32,0.32,0.31,0.31,0.31,0.21,1.8124999999999998,1.8124999999999998,1.523809523809524,1.8709677419354838,1.032258064516129,1.0
tpcds_sf20_t64,tpcds,20,64,Q83,0.31,0.31,0.32,0.32,0.21,0.31,0.31,0.31,0.96875,1.0,1.032258064516129,1.4761904761904763,1.523809523809524,0.96875
tpcds_sf20_t64,tpcds,20,64,Q84,0.21,0.21,0.21,0.21,0.21,0.21,0.21,0.21,1.0,1.0,1.0,1.0,1.0,1.0
tpcds_sf20_t64,tpcds,20,64,Q85,0.42,0.47,0.52,0.52,0.42,0.42,0.42,0.42,0.8076923076923076,0.8936170212765958,1.2380952380952381,1.0,1.2380952380952381,0.9038461538461537
tpcds_sf20_t64,tpcds,20,64,Q86,0.32,0.32,0.32,0.32,0.31,0.31,0.31,0.31,1.0,1.0,1.032258064516129,1.032258064516129,1.032258064516129,1.0
tpcds_sf20_t64,tpcds,20,64,Q87,0.52,0.52,0.62,0.73,0.52,0.52,0.52,0.62,0.7123287671232877,1.0,1.1774193548387097,1.0,1.4038461538461537,0.7123287671232877
tpcds_sf20_t64,tpcds,20,64,Q88,0.52,0.52,0.52,0.62,0.52,0.42,0.42,0.52,0.8387096774193549,1.0,1.1923076923076923,1.0,1.1923076923076923,0.8387096774193549
tpcds_sf20_t64,tpcds,20,64,Q89,0.52,0.52,0.62,0.73,0.52,0.52,0.52,0.62,0.7123287671232877,1.0,1.1774193548387097,1.0,1.4038461538461537,0.7123287671232877
tpcds_sf20_t64,tpcds,20,64,Q90,0.21,0.21,0.31,0.31,0.21,0.21,0.21,0.21,0.6774193548387096,1.0,1.4761904761904763,1.0,1.4761904761904763,0.6774193548387096
tpcds_sf20_t64,tpcds,20,64,Q91,0.21,0.21,0.21,0.21,0.21,0.21,0.21,0.21,1.0,1.0,1.0,1.0,1.0,1.0
tpcds_sf20_t64,tpcds,20,64,Q92,0.32,0.32,0.32,0.32,0.31,0.31,0.31,0.31,1.0,1.0,1.032258064516129,1.032258064516129,1.032258064516129,1.0
tpcds_sf20_t64,tpcds,20,64,Q93,0.62,0.52,0.62,0.62,0.62,0.52,0.52,0.52,1.0,1.1923076923076923,1.1923076923076923,1.0,1.0,0.8387096774193549
tpcds_sf20_t64,tpcds,20,64,Q94,0.42,0.42,0.42,0.42,0.41,0.42,0.42,0.32,1.0,1.0,1.3125,1.024390243902439,1.024390243902439,1.0
tpcds_sf20_t64,tpcds,20,64,Q95,0.84,0.84,1.25,0.52,0.83,0.83,1.14,0.42,1.6153846153846152,1.0,1.2380952380952381,1.0120481927710843,0.6265060240963856,1.6153846153846152
tpcds_sf20_t64,tpcds,20,64,Q96,0.32,0.32,0.42,0.42,0.31,0.31,0.32,0.31,0.761904761904762,1.0,1.3548387096774193,1.032258064516129,1.3548387096774193,0.761904761904762
tpcds_sf20_t64,tpcds,20,64,Q97,0.63,0.63,0.73,0.73,0.62,0.62,0.62,0.63,0.863013698630137,1.0,1.1587301587301586,1.0161290322580645,1.1774193548387097,0.863013698630137
tpcds_sf20_t64,tpcds,20,64,Q98,0.52,0.52,0.62,0.62,0.52,0.52,0.52,0.52,0.8387096774193549,1.0,1.1923076923076923,1.0,1.1923076923076923,0.8387096774193549
tpcds_sf20_t64,tpcds,20,64,Q99,0.31,0.31,0.32,0.42,0.21,0.21,0.31,0.31,0.7380952380952381,1.0,1.3548387096774193,1.4761904761904763,2.0,0.7380952380952381
tpcds_sf50_t64,tpcds,50,64,Q01,0.83,0.83,1.03,0.83,0.83,0.83,1.03,0.83,1.0,1.0,1.0,1.0,1.0,1.0
tpcds_sf50_t64,tpcds,50,64,Q02,0.83,0.83,0.83,0.83,0.83,0.83,0.83,0.83,1.0,1.0,1.0,1.0,1.0,1.0
tpcds_sf50_t64,tpcds,50,64,Q03,1.03,1.03,1.0350000000000001,1.04,1.03,1.03,1.03,1.03,0.9903846153846154,1.0,1.0097087378640777,1.0,1.0097087378640777,0.9903846153846154
tpcds_sf50_t64,tpcds,50,64,Q04,4.44,7.27,7.015000000000001,7.6850000000000005,3.72,6.61,6.71,7.11,0.5777488614183475,0.610729023383769,1.080872011251758,1.1935483870967742,2.0658602150537635,0.9459986987638255
tpcds_sf50_t64,tpcds,50,64,Q05,2.16,2.17,2.17,2.17,2.06,2.16,2.16,2.06,0.9953917050691246,0.9953917050691246,1.0533980582524272,1.0485436893203883,1.0533980582524272,1.0
tpcds_sf50_t64,tpcds,50,64,Q06,0.93,0.93,0.93,0.93,0.93,0.93,0.93,0.93,1.0,1.0,1.0,1.0,1.0,1.0
tpcds_sf50_t64,tpcds,50,64,Q07,1.96,1.9100000000000001,1.9100000000000001,1.96,1.86,1.85,1.86,1.96,1.0,1.0261780104712042,1.0,1.053763440860215,1.053763440860215,0.9744897959183675
tpcds_sf50_t64,tpcds,50,64,Q08,1.65,1.65,1.65,1.65,1.65,1.65,1.65,1.65,1.0,1.0,1.0,1.0,1.0,1.0
tpcds_sf50_t64,tpcds,50,64,Q09,1.46,1.46,1.46,1.46,1.45,1.45,1.46,1.46,1.0,1.0,1.0,1.006896551724138,1.006896551724138,1.0
tpcds_sf50_t64,tpcds,50,64,Q10,0.93,0.93,0.93,0.93,0.93,0.93,0.93,0.93,1.0,1.0,1.0,1.0,1.0,1.0
tpcds_sf50_t64,tpcds,50,64,Q11,3.46,3.93,3.925,5.415,2.79,3.0,3.0,4.85,0.6389658356417359,0.8804071246819338,1.1164948453608248,1.2401433691756272,1.9408602150537635,0.7257617728531857
tpcds_sf50_t64,tpcds,50,64,Q12,0.52,0.52,0.52,0.52,0.52,0.52,0.52,0.52,1.0,1.0,1.0,1.0,1.0,1.0
tpcds_sf50_t64,tpcds,50,64,Q13,2.17,2.17,2.17,2.58,2.16,2.16,2.16,2.27,0.8410852713178294,1.0,1.1365638766519823,1.0046296296296295,1.1944444444444444,0.8410852713178294
tpcds_sf50_t64,tpcds,50,64,Q14,4.95,6.68,6.76,7.69,4.86,6.55,6.57,7.58,0.6436931079323797,0.7410179640718564,1.0145118733509235,1.0185185185185184,1.5823045267489713,0.8686605981794537
tpcds_sf50_t64,tpcds,50,64,Q15,0.31,0.31,0.31,0.31,0.31,0.31,0.31,0.31,1.0,1.0,1.0,1.0,1.0,1.0
tpcds_sf50_t64,tpcds,50,64,Q16,0.42,0.42,0.42,0.42,0.32,0.41,0.42,0.42,1.0,1.0,1.0,1.3125,1.3125,1.0
tpcds_sf50_t64,tpcds,50,64,Q17,2.015,1.45,1.45,1.505,1.34,1.45,1.45,1.45,1.338870431893688,1.3896551724137933,1.0379310344827586,1.5037313432835822,1.1231343283582087,0.9634551495016612
tpcds_sf50_t64,tpcds,50,64,Q18,0.73,0.62,0.62,0.6699999999999999,0.62,0.62,0.62,0.62,1.0895522388059702,1.1774193548387097,1.0806451612903225,1.1774193548387097,1.0806451612903225,0.9253731343283583
tpcds_sf50_t64,tpcds,50,64,Q19,1.4449999999999998,1.45,1.45,1.45,1.34,1.34,1.34,1.44,0.9965517241379309,0.9965517241379309,1.0069444444444444,1.0783582089552237,1.0820895522388059,1.0
tpcds_sf50_t64,tpcds,50,64,Q20,0.31,0.31,0.31,0.31,0.31,0.31,0.31,0.31,1.0,1.0,1.0,1.0,1.0,1.0
tpcds_sf50_t64,tpcds,50,64,Q21,0.21,0.21,0.21,0.21,0.21,0.21,0.21,0.21,1.0,1.0,1.0,1.0,1.0,1.0
tpcds_sf50_t64,tpcds,50,64,Q22,1.26,1.36,1.36,1.36,1.25,1.25,1.26,1.26,0.926470588235294,0.926470588235294,1.0793650793650795,1.008,1.088,1.0
tpcds_sf50_t64,tpcds,50,64,Q23,3.78,3.83,3.825,4.19,3.76,3.76,3.76,3.89,0.9021479713603817,0.9869451697127937,1.077120822622108,1.0053191489361701,1.1143617021276597,0.9140811455847254
tpcds_sf50_t64,tpcds,50,64,Q24,1.76,1.76,1.76,1.96,1.65,1.65,1.65,1.65,0.8979591836734694,1.0,1.187878787878788,1.0666666666666667,1.187878787878788,0.8979591836734694
tpcds_sf50_t64,tpcds,50,64,Q25,1.75,1.75,1.75,1.75,1.65,1.65,1.65,1.65,1.0,1.0,1.0606060606060606,1.0606060606060606,1.0606060606060606,1.0
tpcds_sf50_t64,tpcds,50,64,Q26,0.52,0.47,0.52,0.52,0.42,0.42,0.42,0.52,1.0,1.1063829787234043,1.0,1.2380952380952381,1.2380952380952381,0.9038461538461537
tpcds_sf50_t64,tpcds,50,64,Q27,2.17,2.06,2.06,2.06,2.06,1.96,1.96,2.06,1.0533980582524272,1.0533980582524272,1.0,1.0533980582524272,1.0,1.0
tpcds_sf50_t64,tpcds,50,64,Q28,1.99,2.0,1.99,1.995,1.98,1.97,1.89,1.89,0.9974937343358395,0.995,1.0555555555555556,1.005050505050505,1.0075757575757576,1.0025062656641603
tpcds_sf50_t64,tpcds,50,64,Q29,1.7,1.7,1.755,1.75,1.65,1.65,1.65,1.65,0.9714285714285714,1.0,1.0606060606060606,1.0303030303030303,1.0606060606060606,0.9714285714285714
tpcds_sf50_t64,tpcds,50,64,Q30,0.47,0.47,0.47,0.52,0.42,0.42,0.41,0.52,0.9038461538461537,1.0,1.0,1.119047619047619,1.2380952380952381,0.9038461538461537
tpcds_sf50_t64,tpcds,50,64,Q31,1.55,1.55,1.55,1.75,1.55,1.55,1.55,1.65,0.8857142857142858,1.0,1.0606060606060606,1.0,1.129032258064516,0.8857142857142858
tpcds_sf50_t64,tpcds,50,64,Q32,0.21,0.21,0.21,0.21,0.21,0.21,0.21,0.21,1.0,1.0,1.0,1.0,1.0,1.0
tpcds_sf50_t64,tpcds,50,64,Q33,1.75,1.75,1.755,1.76,1.75,1.75,1.75,1.75,0.9943181818181818,1.0,1.0057142857142858,1.0,1.0057142857142858,0.9943181818181818
tpcds_sf50_t64,tpcds,50,64,Q34,1.03,1.03,1.03,1.14,1.03,1.03,1.03,1.13,0.9035087719298247,1.0,1.008849557522124,1.0,1.1067961165048543,0.9035087719298247
tpcds_sf50_t64,tpcds,50,64,Q35,1.24,1.24,1.24,1.24,1.14,1.14,1.24,1.14,1.0,1.0,1.087719298245614,1.087719298245614,1.087719298245614,1.0
tpcds_sf50_t64,tpcds,50,64,Q36,1.55,1.55,1.55,1.75,1.55,1.55,1.55,1.75,0.8857142857142858,1.0,1.0,1.0,1.129032258064516,0.8857142857142858
tpcds_sf50_t64,tpcds,50,64,Q37,1.26,0.31,0.31,0.31,0.31,0.31,0.31,0.31,4.064516129032258,4.064516129032258,1.0,4.064516129032258,1.0,1.0
tpcds_sf50_t64,tpcds,50,64,Q38,1.14,1.14,1.14,1.45,1.14,1.14,1.14,1.44,0.786206896551724,1.0,1.0069444444444444,1.0,1.2719298245614037,0.786206896551724
tpcds_sf50_t64,tpcds,50,64,Q39,0.32,0.31,0.315,0.42,0.31,0.31,0.31,0.42,0.761904761904762,1.032258064516129,1.0,1.032258064516129,1.3548387096774193,0.7380952380952381
tpcds_sf50_t64,tpcds,50,64,Q40,0.42,0.32,0.32,0.32,0.42,0.31,0.31,0.31,1.3125,1.3125,1.032258064516129,1.0,0.761904761904762,1.0
tpcds_sf50_t64,tpcds,50,64,Q41,0.21,0.21,0.21,0.21,0.21,0.21,0.21,0.21,1.0,1.0,1.0,1.0,1.0,1.0
tpcds_sf50_t64,tpcds,50,64,Q42,1.03,1.04,1.04,1.04,1.03,1.03,1.03,1.03,0.9903846153846154,0.9903846153846154,1.0097087378640777,1.0,1.0097087378640777,1.0
tpcds_sf50_t64,tpcds,50,64,Q43,1.14,1.14,1.14,1.24,1.14,1.13,1.14,1.24,0.9193548387096774,1.0,1.0,1.0,1.087719298245614,0.9193548387096774
tpcds_sf50_t64,tpcds,50,64,Q44,38.95,38.75,38.805,38.64,38.13,37.93,37.83,37.95,1.0080227743271222,1.0051612903225806,1.018181818181818,1.021505376344086,1.013375295043273,1.0028467908902692
tpcds_sf50_t64,tpcds,50,64,Q45,0.73,0.73,0.73,0.83,0.62,0.62,0.62,0.72,0.8795180722891567,1.0,1.1527777777777777,1.1774193548387097,1.3387096774193548,0.8795180722891567
tpcds_sf50_t64,tpcds,50,64,Q46,1.65,1.65,1.65,1.65,1.65,1.65,1.65,1.65,1.0,1.0,1.0,1.0,1.0,1.0
tpcds_sf50_t64,tpcds,50,64,Q47,2.27,2.27,2.27,2.275,2.27,2.27,2.27,2.27,0.9978021978021978,1.0,1.002202643171806,1.0,1.002202643171806,0.9978021978021978
tpcds_sf50_t64,tpcds,50,64,Q48,1.65,1.65,1.65,1.96,1.65,1.65,1.65,1.96,0.8418367346938775,1.0,1.0,1.0,1.187878787878788,0.8418367346938775
tpcds_sf50_t64,tpcds,50,64,Q49,1.96,1.96,1.96,1.96,1.96,1.96,1.96,1.96,1.0,1.0,1.0,1.0,1.0,1.0
tpcds_sf50_t64,tpcds,50,64,Q50,1.35,1.34,1.34,1.55,1.34,1.24,1.24,1.55,0.8709677419354839,1.007462686567164,1.0,1.007462686567164,1.1567164179104477,0.864516129032258
tpcds_sf50_t64,tpcds,50,64,Q51,2.71,2.8049999999999997,2.8,2.91,2.6,2.7,2.7,2.81,0.9312714776632302,0.966131907308378,1.0355871886120998,1.0423076923076922,1.1192307692307693,0.9639175257731958
tpcds_sf50_t64,tpcds,50,64,Q52,1.03,1.03,1.03,1.0350000000000001,1.03,1.03,1.03,1.03,0.9951690821256037,1.0,1.004854368932039,1.0,1.004854368932039,0.9951690821256037
tpcds_sf50_t64,tpcds,50,64,Q53,1.24,1.24,1.24,1.34,1.24,1.24,1.24,1.34,0.9253731343283581,1.0,1.0,1.0,1.0806451612903227,0.9253731343283581
tpcds_sf50_t64,tpcds,50,64,Q54,300.0,300.0,300.0,300.0,300.0,300.0,300.0,300.0,1.0,1.0,1.0,1.0,1.0,1.0
tpcds_sf50_t64,tpcds,50,64,Q55,1.03,1.04,1.03,1.04,1.03,1.03,1.03,1.03,0.9903846153846154,0.9903846153846154,1.0097087378640777,1.0,1.0097087378640777,1.0
tpcds_sf50_t64,tpcds,50,64,Q56,1.75,1.75,1.75,1.75,1.75,1.75,1.75,1.75,1.0,1.0,1.0,1.0,1.0,1.0
tpcds_sf50_t64,tpcds,50,64,Q57,0.73,0.73,0.73,0.83,0.73,0.73,0.73,0.73,0.8795180722891567,1.0,1.136986301369863,1.0,1.136986301369863,0.8795180722891567
tpcds_sf50_t64,tpcds,50,64,Q58,1.86,1.86,1.86,1.86,1.75,1.75,1.76,1.76,1.0,1.0,1.0568181818181819,1.062857142857143,1.062857142857143,1.0
tpcds_sf50_t64,tpcds,50,64,Q59,1.24,1.24,1.24,1.24,1.24,1.24,1.24,1.24,1.0,1.0,1.0,1.0,1.0,1.0
tpcds_sf50_t64,tpcds,50,64,Q60,1.86,1.75,1.75,1.76,1.75,1.75,1.75,1.75,1.0568181818181819,1.062857142857143,1.0057142857142858,1.062857142857143,1.0057142857142858,0.9943181818181818
tpcds_sf50_t64,tpcds,50,64,Q61,1.55,1.55,1.55,1.55,1.55,1.55,1.55,1.55,1.0,1.0,1.0,1.0,1.0,1.0
tpcds_sf50_t64,tpcds,50,64,Q62,0.52,0.52,0.52,0.52,0.52,0.52,0.52,0.52,1.0,1.0,1.0,1.0,1.0,1.0
tpcds_sf50_t64,tpcds,50,64,Q63,1.24,1.24,1.24,1.34,1.24,1.24,1.24,1.34,0.9253731343283581,1.0,1.0,1.0,1.0806451612903227,0.9253731343283581
tpcds_sf50_t64,tpcds,50,64,Q64,2.79,2.68,2.68,2.78,2.68,2.58,2.58,2.78,1.0035971223021583,1.0410447761194028,1.0,1.0410447761194028,1.0373134328358207,0.9640287769784174
tpcds_sf50_t64,tpcds,50,64,Q65,2.9,3.11,3.11,2.89,2.79,2.89,2.89,2.79,1.0034602076124566,0.932475884244373,1.0358422939068102,1.039426523297491,1.0358422939068102,1.0761245674740483
tpcds_sf50_t64,tpcds,50,64,Q66,0.93,0.93,0.93,1.03,0.93,0.93,0.93,1.03,0.9029126213592233,1.0,1.0,1.0,1.10752688172043,0.9029126213592233
tpcds_sf50_t64,tpcds,50,64,Q67,6.345,6.405,6.405,6.470000000000001,6.26,6.22,6.22,6.34,0.9806800618238021,0.9906323185011708,1.0205047318611988,1.0135782747603834,1.0335463258785944,0.9899536321483771
tpcds_sf50_t64,tpcds,50,64,Q68,2.06,2.06,1.96,2.06,1.96,1.96,1.96,1.96,1.0,1.0,1.0510204081632653,1.0510204081632653,1.0510204081632653,1.0
tpcds_sf50_t64,tpcds,50,64,Q69,0.93,0.93,0.93,0.93,0.93,0.93,0.93,0.93,1.0,1.0,1.0,1.0,1.0,1.0
tpcds_sf50_t64,tpcds,50,64,Q70,1.35,1.56,1.56,1.66,1.35,1.46,1.45,1.56,0.8132530120481929,0.8653846153846154,1.064102564102564,1.0,1.2296296296296294,0.9397590361445783
tpcds_sf50_t64,tpcds,50,64,Q71,1.45,1.45,1.45,1.45,1.44,1.44,1.44,1.34,1.0,1.0,1.0820895522388059,1.0069444444444444,1.0069444444444444,1.0
tpcds_sf50_t64,tpcds,50,64,Q72,3.9050000000000002,0.73,0.73,0.73,0.62,0.62,0.53,0.62,5.349315068493151,5.349315068493151,1.1774193548387097,6.298387096774194,1.1774193548387097,1.0
tpcds_sf50_t64,tpcds,50,64,Q73,1.03,1.04,1.04,1.04,1.03,1.03,1.03,1.03,0.9903846153846154,0.9903846153846154,1.0097087378640777,1.0,1.0097087378640777,1.0
tpcds_sf50_t64,tpcds,50,64,Q74,2.48,2.745,2.805,3.8200000000000003,1.97,2.18,2.18,3.31,0.6492146596858638,0.9034608378870673,1.1540785498489428,1.2588832487309645,1.939086294416244,0.7185863874345549
tpcds_sf50_t64,tpcds,50,64,Q75,2.47,2.48,2.48,2.58,2.47,2.47,2.47,2.58,0.9573643410852714,0.995967741935484,1.0,1.0,1.0445344129554655,0.9612403100775193
tpcds_sf50_t64,tpcds,50,64,Q76,2.16,2.17,2.17,2.27,2.16,2.16,2.16,2.27,0.9515418502202644,0.9953917050691246,1.0,1.0,1.0509259259259258,0.9559471365638766
tpcds_sf50_t64,tpcds,50,64,Q77,2.06,2.06,2.06,2.06,2.06,2.06,2.06,2.06,1.0,1.0,1.0,1.0,1.0,1.0
tpcds_sf50_t64,tpcds,50,64,Q78,3.23,3.23,3.24,3.64,3.13,3.12,3.22,3.23,0.8873626373626373,1.0,1.126934984520124,1.0319488817891374,1.1629392971246006,0.8873626373626373
tpcds_sf50_t64,tpcds,50,64,Q79,1.65,1.65,1.65,1.75,1.65,1.65,1.65,1.65,0.9428571428571428,1.0,1.0606060606060606,1.0,1.0606060606060606,0.9428571428571428
tpcds_sf50_t64,tpcds,50,64,Q80,2.475,2.48,2.48,2.37,2.47,2.47,2.47,2.37,1.0443037974683544,0.997983870967742,1.0,1.0020242914979756,0.9595141700404858,1.0464135021097045
tpcds_sf50_t64,tpcds,50,64,Q81,0.52,0.52,0.52,0.52,0.52,0.52,0.52,0.52,1.0,1.0,1.0,1.0,1.0,1.0
tpcds_sf50_t64,tpcds,50,64,Q82,1.415,0.52,0.47,0.42,0.52,0.42,0.42,0.42,3.369047619047619,2.7211538461538463,1.0,2.7211538461538463,0.8076923076923076,1.2380952380952381
tpcds_sf50_t64,tpcds,50,64,Q83,0.42,0.42,0.42,0.42,0.42,0.42,0.42,0.42,1.0,1.0,1.0,1.0,1.0,1.0
tpcds_sf50_t64,tpcds,50,64,Q84,0.37,0.32,0.32,0.32,0.31,0.31,0.31,0.31,1.15625,1.15625,1.032258064516129,1.1935483870967742,1.032258064516129,1.0
tpcds_sf50_t64,tpcds,50,64,Q85,0.83,0.83,0.83,0.83,0.83,0.83,0.83,0.83,1.0,1.0,1.0,1.0,1.0,1.0
tpcds_sf50_t64,tpcds,50,64,Q86,0.52,0.52,0.52,0.52,0.52,0.52,0.52,0.52,1.0,1.0,1.0,1.0,1.0,1.0
tpcds_sf50_t64,tpcds,50,64,Q87,1.24,1.24,1.24,1.55,1.24,1.24,1.24,1.34,0.7999999999999999,1.0,1.1567164179104477,1.0,1.25,0.7999999999999999
tpcds_sf50_t64,tpcds,50,64,Q88,1.15,0.94,0.94,1.04,1.14,0.94,0.93,1.04,1.1057692307692306,1.2234042553191489,1.0,1.0087719298245614,0.912280701754386,0.9038461538461537
tpcds_sf50_t64,tpcds,50,64,Q89,1.29,1.24,1.24,1.34,1.24,1.24,1.24,1.34,0.9626865671641791,1.0403225806451613,1.0,1.0403225806451613,1.0806451612903227,0.9253731343283581
tpcds_sf50_t64,tpcds,50,64,Q90,0.52,0.52,0.52,0.52,0.52,0.41,0.42,0.52,1.0,1.0,1.0,1.0,1.0,1.0
tpcds_sf50_t64,tpcds,50,64,Q91,0.31,0.31,0.31,0.21,0.31,0.21,0.21,0.21,1.4761904761904763,1.0,1.0,1.0,0.6774193548387096,1.4761904761904763
tpcds_sf50_t64,tpcds,50,64,Q92,0.53,0.52,0.52,0.52,0.52,0.52,0.52,0.52,1.0192307692307692,1.0192307692307692,1.0,1.0192307692307692,1.0,1.0
tpcds_sf50_t64,tpcds,50,64,Q93,1.35,1.34,1.34,1.34,1.35,1.24,1.34,1.34,1.007462686567164,1.007462686567164,1.0,1.0,0.9925925925925926,1.0
tpcds_sf50_t64,tpcds,50,64,Q94,0.73,0.73,0.73,0.73,0.72,0.72,0.72,0.73,1.0,1.0,1.0,1.0138888888888888,1.0138888888888888,1.0
tpcds_sf50_t64,tpcds,50,64,Q95,2.09,2.09,2.935,0.94,2.08,2.08,2.92,0.93,2.223404255319149,1.0,1.010752688172043,1.0048076923076923,0.45192307692307687,2.223404255319149
tpcds_sf50_t64,tpcds,50,64,Q96,0.73,0.73,0.73,0.73,0.72,0.72,0.73,0.73,1.0,1.0,1.0,1.0138888888888888,1.0138888888888888,1.0
tpcds_sf50_t64,tpcds,50,64,Q97,1.45,1.45,1.45,1.45,1.44,1.44,1.44,1.45,1.0,1.0,1.0,1.0069444444444444,1.0069444444444444,1.0
tpcds_sf50_t64,tpcds,50,64,Q98,1.14,1.14,1.04,1.14,1.13,1.14,1.03,1.14,1.0,1.0,1.0,1.008849557522124,1.008849557522124,1.0
tpcds_sf50_t64,tpcds,50,64,Q99,0.42,0.42,0.42,0.63,0.42,0.42,0.42,0.42,0.6666666666666666,1.0,1.5,1.0,1.5,0.6666666666666666
tpcds_sf100_t64,tpcds,100,64,Q01,1.03,1.03,1.14,1.04,0.93,0.93,1.14,0.93,0.9903846153846154,1.0,1.118279569892473,1.10752688172043,1.118279569892473,0.9903846153846154
tpcds_sf100_t64,tpcds,100,64,Q02,1.55,1.55,1.55,1.55,1.55,1.55,1.55,1.55,1.0,1.0,1.0,1.0,1.0,1.0
tpcds_sf100_t64,tpcds,100,64,Q03,1.86,1.86,1.86,1.86,1.85,1.85,1.86,1.85,1.0,1.0,1.0054054054054054,1.0054054054054054,1.0054054054054054,1.0
tpcds_sf100_t64,tpcds,100,64,Q04,7.09,13.355,14.094999999999999,14.129999999999999,6.61,11.97,12.94,12.69,0.5017692852087757,0.530887308124298,1.1134751773049645,1.0726172465960664,2.137670196671709,0.9451521585279548
tpcds_sf100_t64,tpcds,100,64,Q05,4.22,4.22,4.33,4.22,4.22,4.22,4.22,4.22,1.0,1.0,1.0,1.0,1.0,1.0
tpcds_sf100_t64,tpcds,100,64,Q06,1.55,1.55,2.49,1.56,1.55,1.55,2.38,1.55,0.9935897435897436,1.0,1.0064516129032257,1.0,1.0064516129032257,0.9935897435897436
tpcds_sf100_t64,tpcds,100,64,Q07,3.6,3.6,3.6,3.71,3.5,3.6,3.6,3.6,0.9703504043126685,1.0,1.0305555555555554,1.0285714285714287,1.06,0.9703504043126685
tpcds_sf100_t64,tpcds,100,64,Q08,2.57,2.57,2.57,2.47,2.47,2.47,2.57,2.47,1.040485829959514,1.0,1.0,1.040485829959514,1.0,1.040485829959514
tpcds_sf100_t64,tpcds,100,64,Q09,2.71,2.71,2.72,2.72,2.6,2.7,2.65,2.62,0.9963235294117646,1.0,1.0381679389312977,1.0423076923076922,1.0461538461538462,0.9963235294117646
tpcds_sf100_t64,tpcds,100,64,Q10,1.55,1.55,1.55,1.55,1.44,1.45,1.45,1.44,1.0,1.0,1.076388888888889,1.076388888888889,1.076388888888889,1.0
tpcds_sf100_t64,tpcds,100,64,Q11,5.275,6.15,6.39,9.855,4.75,5.29,5.92,8.88,0.5352612886859462,0.8577235772357724,1.1097972972972971,1.1105263157894738,2.0747368421052634,0.624048706240487
tpcds_sf100_t64,tpcds,100,64,Q12,0.93,0.93,0.93,0.93,0.93,0.93,0.93,0.93,1.0,1.0,1.0,1.0,1.0,1.0
tpcds_sf100_t64,tpcds,100,64,Q13,4.12,4.12,4.12,4.84,4.01,4.12,4.12,4.12,0.8512396694214877,1.0,1.174757281553398,1.0274314214463842,1.2069825436408979,0.8512396694214877
tpcds_sf100_t64,tpcds,100,64,Q14,11.03,14.434999999999999,14.51,15.98,10.9,14.23,14.28,15.36,0.6902377972465581,0.7641149982680984,1.0403645833333335,1.011926605504587,1.4660550458715595,0.903316645807259
tpcds_sf100_t64,tpcds,100,64,Q15,0.42,0.42,0.42,0.42,0.41,0.41,0.41,0.42,1.0,1.0,1.0,1.024390243902439,1.024390243902439,1.0
tpcds_sf100_t64,tpcds,100,64,Q16,0.52,0.52,0.52,0.52,0.52,0.52,0.52,0.52,1.0,1.0,1.0,1.0,1.0,1.0
tpcds_sf100_t64,tpcds,100,64,Q17,3.9250000000000003,2.68,2.68,2.79,2.58,2.58,2.58,2.68,1.406810035842294,1.4645522388059702,1.0410447761194028,1.5213178294573644,1.0813953488372092,0.960573476702509
tpcds_sf100_t64,tpcds,100,64,Q18,1.08,1.0350000000000001,1.04,1.04,1.03,1.03,1.03,1.03,1.0384615384615385,1.0434782608695652,1.0097087378640777,1.0485436893203883,1.0097087378640777,0.9951923076923078
tpcds_sf100_t64,tpcds,100,64,Q19,2.58,2.58,2.58,2.58,2.48,2.57,2.47,2.58,1.0,1.0,1.0,1.0403225806451613,1.0403225806451613,1.0
tpcds_sf100_t64,tpcds,100,64,Q20,0.31,0.31,0.31,0.42,0.31,0.31,0.31,0.42,0.7380952380952381,1.0,1.0,1.0,1.3548387096774193,0.7380952380952381
tpcds_sf100_t64,tpcds,100,64,Q21,0.32,0.32,0.32,0.42,0.31,0.31,0.31,0.42,0.761904761904762,1.0,1.0,1.032258064516129,1.3548387096774193,0.761904761904762
tpcds_sf100_t64,tpcds,100,64,Q22,7.24,7.23,7.255,7.26,7.05,7.14,7.13,7.15,0.997245179063361,1.0013831258644537,1.0153846153846153,1.0269503546099292,1.0297872340425531,0.9958677685950414
tpcds_sf100_t64,tpcds,100,64,Q23,6.515,6.67,7.7,6.94,6.41,6.41,7.32,6.73,0.9387608069164264,0.9767616191904047,1.0312035661218424,1.016380655226209,1.0826833073322932,0.9610951008645533
tpcds_sf100_t64,tpcds,100,64,Q24,3.3600000000000003,3.3,3.2,3.565,3.2,3.09,2.99,3.2,0.9424964936886396,1.0181818181818183,1.1140625,1.05,1.1140625,0.9256661991584852
tpcds_sf100_t64,tpcds,100,64,Q25,3.355,3.19,3.19,3.19,3.19,3.19,3.19,3.19,1.0517241379310345,1.0517241379310345,1.0,1.0517241379310345,1.0,1.0
tpcds_sf100_t64,tpcds,100,64,Q26,0.73,0.73,0.73,0.83,0.72,0.72,0.72,0.83,0.8795180722891567,1.0,1.0,1.0138888888888888,1.1527777777777777,0.8795180722891567
tpcds_sf100_t64,tpcds,100,64,Q27,4.02,3.815,3.81,3.71,3.82,3.71,3.71,3.71,1.0835579514824796,1.0537352555701178,1.0,1.0523560209424083,0.9712041884816754,1.028301886792453
tpcds_sf100_t64,tpcds,100,64,Q28,3.675,3.68,3.675,3.68,3.56,3.57,3.57,3.56,0.9986413043478259,0.9986413043478259,1.0337078651685394,1.0323033707865168,1.0337078651685394,1.0
tpcds_sf100_t64,tpcds,100,64,Q29,3.3,3.19,3.19,3.3,3.19,3.09,3.09,3.09,1.0,1.0344827586206897,1.0679611650485437,1.0344827586206897,1.0344827586206897,0.9666666666666667
tpcds_sf100_t64,tpcds,100,64,Q30,0.52,0.52,0.52,0.52,0.52,0.52,0.52,0.52,1.0,1.0,1.0,1.0,1.0,1.0
tpcds_sf100_t64,tpcds,100,64,Q31,2.78,2.78,2.78,3.1,2.78,2.78,2.78,3.09,0.896774193548387,1.0,1.0032362459546926,1.0,1.115107913669065,0.896774193548387
tpcds_sf100_t64,tpcds,100,64,Q32,0.31,0.31,0.31,0.31,0.31,0.31,0.31,0.31,1.0,1.0,1.0,1.0,1.0,1.0
tpcds_sf100_t64,tpcds,100,64,Q33,3.29,3.3,3.3,3.3,3.19,3.19,3.19,3.3,0.9969696969696971,0.9969696969696971,1.0,1.031347962382445,1.0344827586206897,1.0
tpcds_sf100_t64,tpcds,100,64,Q34,1.86,1.755,1.755,1.86,1.75,1.75,1.75,1.85,1.0,1.0598290598290598,1.0054054054054054,1.062857142857143,1.062857142857143,0.9435483870967741
tpcds_sf100_t64,tpcds,100,64,Q35,1.86,1.86,2.185,1.86,1.85,1.86,2.07,1.85,1.0,1.0,1.0054054054054054,1.0054054054054054,1.0054054054054054,1.0
tpcds_sf100_t64,tpcds,100,64,Q36,2.88,2.89,2.89,2.99,2.88,2.88,2.88,2.99,0.963210702341137,0.9965397923875432,1.0,1.0,1.0381944444444446,0.9665551839464883
tpcds_sf100_t64,tpcds,100,64,Q37,5.105,0.83,0.83,0.83,0.83,0.83,0.83,0.83,6.150602409638555,6.150602409638555,1.0,6.150602409638555,1.0,1.0
tpcds_sf100_t64,tpcds,100,64,Q38,1.76,1.86,2.18,2.38,1.75,1.75,2.07,2.28,0.7394957983193278,0.9462365591397849,1.0438596491228072,1.0057142857142858,1.3599999999999999,0.7815126050420169
tpcds_sf100_t64,tpcds,100,64,Q39,0.62,0.52,0.52,0.62,0.52,0.52,0.52,0.52,1.0,1.1923076923076923,1.1923076923076923,1.1923076923076923,1.1923076923076923,0.8387096774193549
tpcds_sf100_t64,tpcds,100,64,Q40,0.52,0.52,0.52,0.32,0.52,0.52,0.52,0.31,1.625,1.0,1.032258064516129,1.0,0.6153846153846154,1.625
tpcds_sf100_t64,tpcds,100,64,Q41,0.21,0.21,0.21,0.21,0.21,0.21,0.21,0.21,1.0,1.0,1.0,1.0,1.0,1.0
tpcds_sf100_t64,tpcds,100,64,Q42,1.86,1.86,1.86,1.86,1.86,1.86,1.86,1.86,1.0,1.0,1.0,1.0,1.0,1.0
tpcds_sf100_t64,tpcds,100,64,Q43,1.96,1.96,1.96,2.17,1.95,1.96,1.96,2.16,0.9032258064516129,1.0,1.0046296296296295,1.005128205128205,1.1128205128205129,0.9032258064516129
tpcds_sf100_t64,tpcds,100,64,Q44,241.25,242.04500000000002,241.63,229.57,234.53,237.19,237.66,226.35,1.0508777279261228,0.9967154867896465,1.014225756571681,1.0286530507824159,0.9788513196605978,1.0543407239621903
tpcds_sf100_t64,tpcds,100,64,Q45,1.03,1.03,1.03,1.03,0.93,0.93,0.93,0.93,1.0,1.0,1.10752688172043,1.10752688172043,1.10752688172043,1.0
tpcds_sf100_t64,tpcds,100,64,Q46,3.09,3.09,3.09,2.99,2.99,2.98,2.99,2.99,1.0334448160535117,1.0,1.0,1.0334448160535117,1.0,1.0334448160535117
tpcds_sf100_t64,tpcds,100,64,Q47,3.61,3.61,3.61,3.61,3.51,3.51,3.51,3.61,1.0,1.0,1.0,1.0284900284900285,1.0284900284900285,1.0
tpcds_sf100_t64,tpcds,100,64,Q48,2.99,3.04,3.09,3.61,2.99,2.99,2.99,3.61,0.8282548476454294,0.9835526315789475,1.0,1.0,1.2073578595317724,0.8421052631578948
tpcds_sf100_t64,tpcds,100,64,Q49,3.71,3.71,3.71,3.81,3.6,3.7,3.7,3.71,0.973753280839895,1.0,1.0269541778975741,1.0305555555555554,1.0583333333333333,0.973753280839895
tpcds_sf100_t64,tpcds,100,64,Q50,2.48,2.37,2.37,2.735,2.48,2.37,2.37,2.68,0.906764168190128,1.0464135021097045,1.0205223880597014,1.0,1.1028225806451613,0.8665447897623401
tpcds_sf100_t64,tpcds,100,64,Q51,5.62,5.62,5.6850000000000005,5.95,5.42,5.41,5.3,5.83,0.9445378151260504,1.0,1.020583190394511,1.03690036900369,1.0977859778597787,0.9445378151260504
tpcds_sf100_t64,tpcds,100,64,Q52,1.86,1.86,1.86,1.86,1.86,1.85,1.85,1.86,1.0,1.0,1.0,1.0,1.0,1.0
tpcds_sf100_t64,tpcds,100,64,Q53,2.37,2.37,2.37,2.37,2.27,2.27,2.27,2.37,1.0,1.0,1.0,1.0440528634361235,1.0440528634361235,1.0
tpcds_sf100_t64,tpcds,100,64,Q54,300.0,300.0,300.0,300.0,300.0,300.0,300.0,300.0,1.0,1.0,1.0,1.0,1.0,1.0
tpcds_sf100_t64,tpcds,100,64,Q55,1.86,1.86,1.86,1.86,1.85,1.86,1.86,1.86,1.0,1.0,1.0,1.0054054054054054,1.0054054054054054,1.0
tpcds_sf100_t64,tpcds,100,64,Q56,3.29,3.3,3.3,3.2,3.19,3.29,3.19,3.19,1.028125,0.9969696969696971,1.0031347962382446,1.031347962382445,1.0031347962382446,1.0312499999999998
tpcds_sf100_t64,tpcds,100,64,Q57,1.55,1.55,1.55,1.55,1.45,1.45,1.45,1.55,1.0,1.0,1.0,1.0689655172413794,1.0689655172413794,1.0
tpcds_sf100_t64,tpcds,100,64,Q58,3.81,3.76,3.71,3.81,3.71,3.71,3.71,3.71,1.0,1.0132978723404256,1.0269541778975741,1.0269541778975741,1.0269541778975741,0.9868766404199474
tpcds_sf100_t64,tpcds,100,64,Q59,2.58,2.58,2.58,2.58,2.58,2.58,2.58,2.58,1.0,1.0,1.0,1.0,1.0,1.0
tpcds_sf100_t64,tpcds,100,64,Q60,3.4,3.3,3.3,3.4,3.29,3.29,3.29,3.3,1.0,1.0303030303030303,1.0303030303030303,1.033434650455927,1.033434650455927,0.9705882352941176
tpcds_sf100_t64,tpcds,100,64,Q61,2.88,2.88,2.88,2.89,2.78,2.78,2.78,2.88,0.9965397923875432,1.0,1.0034722222222223,1.0359712230215827,1.0395683453237412,0.9965397923875432
tpcds_sf100_t64,tpcds,100,64,Q62,0.83,0.83,0.83,0.83,0.83,0.83,0.83,0.83,1.0,1.0,1.0,1.0,1.0,1.0
tpcds_sf100_t64,tpcds,100,64,Q63,2.27,2.27,2.27,2.27,2.27,2.27,2.27,2.27,1.0,1.0,1.0,1.0,1.0,1.0
tpcds_sf100_t64,tpcds,100,64,Q64,5.635,5.365,5.37,5.35,5.26,5.15,5.26,5.25,1.0532710280373832,1.0503261882572226,1.019047619047619,1.0712927756653992,1.0171102661596958,1.002803738317757
tpcds_sf100_t64,tpcds,100,64,Q65,9.405000000000001,9.705,9.7,7.345,9.29,9.17,9.19,7.23,1.2804628999319267,0.9690880989180836,1.015905947441217,1.01237890204521,0.7906350914962326,1.3213070115724983
tpcds_sf100_t64,tpcds,100,64,Q66,1.55,1.55,1.55,1.65,1.54,1.55,1.45,1.55,0.9393939393939394,1.0,1.064516129032258,1.0064935064935066,1.0714285714285714,0.9393939393939394
tpcds_sf100_t64,tpcds,100,64,Q67,16.535,16.42,16.535,17.185,16.33,16.02,16.27,16.89,0.9621763165551354,1.0070036540803897,1.017465956187093,1.012553582363748,1.052357624004899,0.9554844340995056
tpcds_sf100_t64,tpcds,100,64,Q68,3.81,3.81,3.81,3.71,3.81,3.81,3.81,3.71,1.0269541778975741,1.0,1.0,1.0,0.973753280839895,1.0269541778975741
tpcds_sf100_t64,tpcds,100,64,Q69,1.55,1.55,1.55,1.55,1.55,1.55,1.54,1.55,1.0,1.0,1.0,1.0,1.0,1.0
tpcds_sf100_t64,tpcds,100,64,Q70,2.4400000000000004,2.8,2.8,2.9,2.38,2.7,2.69,2.89,0.8413793103448277,0.8714285714285717,1.0034602076124566,1.0252100840336136,1.2184873949579833,0.9655172413793103
tpcds_sf100_t64,tpcds,100,64,Q71,2.58,2.58,2.58,2.58,2.57,2.58,2.58,2.58,1.0,1.0,1.0,1.0038910505836576,1.0038910505836576,1.0
tpcds_sf100_t64,tpcds,100,64,Q72,69.445,2.745,2.8,2.705,2.07,1.67,1.77,2.09,25.672828096118295,25.298724954462656,1.2942583732057418,33.54830917874396,1.3067632850241546,1.0147874306839186
tpcds_sf100_t64,tpcds,100,64,Q73,1.86,1.81,1.76,1.86,1.75,1.75,1.75,1.86,1.0,1.0276243093922652,1.0,1.062857142857143,1.062857142857143,0.9731182795698925
tpcds_sf100_t64,tpcds,100,64,Q74,3.725,4.4,4.890000000000001,6.87,3.41,3.84,4.57,6.3,0.5422125181950509,0.8465909090909091,1.0904761904761906,1.0923753665689149,2.0146627565982405,0.6404657933042213
tpcds_sf100_t64,tpcds,100,64,Q75,4.74,4.74,4.74,5.05,4.63,4.73,4.74,4.94,0.9386138613861387,1.0,1.0222672064777327,1.0237580993520519,1.0907127429805616,0.9386138613861387
tpcds_sf100_t64,tpcds,100,64,Q76,4.42,4.43,4.43,4.84,4.42,4.42,4.42,4.74,0.9132231404958678,0.9977426636568849,1.021097046413502,1.0,1.095022624434389,0.9152892561983471
tpcds_sf100_t64,tpcds,100,64,Q77,3.8600000000000003,3.91,3.91,3.91,3.81,3.81,3.81,3.91,0.9872122762148338,0.9872122762148338,1.0,1.0131233595800526,1.026246719160105,1.0
tpcds_sf100_t64,tpcds,100,64,Q78,6.415,6.34,6.45,7.02,6.32,6.32,6.35,6.56,0.9138176638176638,1.0118296529968454,1.0701219512195121,1.0150316455696202,1.110759493670886,0.9031339031339032
tpcds_sf100_t64,tpcds,100,64,Q79,3.09,2.99,2.99,3.19,3.09,2.99,2.98,3.19,0.9686520376175548,1.0334448160535117,1.0,1.0,1.0323624595469256,0.9373040752351098
tpcds_sf100_t64,tpcds,100,64,Q80,5.04,5.04,5.04,4.74,4.94,5.04,4.94,4.73,1.0632911392405062,1.0,1.0021141649048626,1.020242914979757,0.9595141700404858,1.0632911392405062
tpcds_sf100_t64,tpcds,100,64,Q81,0.5700000000000001,0.5700000000000001,0.5700000000000001,0.62,0.52,0.52,0.52,0.52,0.9193548387096775,1.0,1.1923076923076923,1.0961538461538463,1.1923076923076923,0.9193548387096775
tpcds_sf100_t64,tpcds,100,64,Q82,5.930000000000001,1.14,1.14,1.14,1.14,1.13,1.14,1.14,5.201754385964914,5.201754385964914,1.0,5.201754385964914,1.0,1.0
tpcds_sf100_t64,tpcds,100,64,Q83,0.62,0.62,0.62,0.62,0.62,0.62,0.52,0.62,1.0,1.0,1.0,1.0,1.0,1.0
tpcds_sf100_t64,tpcds,100,64,Q84,0.47,0.42,0.42,0.42,0.42,0.32,0.42,0.31,1.119047619047619,1.119047619047619,1.3548387096774193,1.119047619047619,1.0,1.0
tpcds_sf100_t64,tpcds,100,64,Q85,1.45,1.5,1.5,1.65,1.44,1.45,1.45,1.45,0.8787878787878788,0.9666666666666667,1.1379310344827587,1.0069444444444444,1.1458333333333333,0.9090909090909092
tpcds_sf100_t64,tpcds,100,64,Q86,0.83,0.83,0.83,0.83,0.82,0.83,0.83,0.83,1.0,1.0,1.0,1.0121951219512195,1.0121951219512195,1.0
tpcds_sf100_t64,tpcds,100,64,Q87,1.96,1.96,2.29,2.49,1.86,1.86,2.18,2.38,0.78714859437751,1.0,1.046218487394958,1.053763440860215,1.338709677419355,0.78714859437751
tpcds_sf100_t64,tpcds,100,64,Q88,2.08,1.76,1.76,1.96,1.97,1.7,1.68,1.86,1.0612244897959184,1.1818181818181819,1.053763440860215,1.0558375634517767,0.9949238578680203,0.8979591836734694
tpcds_sf100_t64,tpcds,100,64,Q89,2.37,2.37,2.37,2.37,2.27,2.37,2.37,2.37,1.0,1.0,1.0,1.0440528634361235,1.0440528634361235,1.0
tpcds_sf100_t64,tpcds,100,64,Q90,0.62,0.62,0.62,0.62,0.62,0.62,0.62,0.62,1.0,1.0,1.0,1.0,1.0,1.0
tpcds_sf100_t64,tpcds,100,64,Q91,0.31,0.32,0.32,0.32,0.31,0.31,0.31,0.31,0.96875,0.96875,1.032258064516129,1.0,1.032258064516129,1.0
tpcds_sf100_t64,tpcds,100,64,Q92,0.93,0.93,0.93,0.83,0.93,0.83,0.93,0.83,1.1204819277108435,1.0,1.0,1.0,0.8924731182795698,1.1204819277108435
tpcds_sf100_t64,tpcds,100,64,Q93,2.48,2.37,2.37,2.37,2.48,2.37,2.37,2.37,1.0464135021097045,1.0464135021097045,1.0,1.0,0.9556451612903226,1.0
tpcds_sf100_t64,tpcds,100,64,Q94,1.24,1.24,1.24,1.24,1.24,1.24,1.24,1.24,1.0,1.0,1.0,1.0,1.0,1.0
tpcds_sf100_t64,tpcds,100,64,Q95,4.11,4.175,5.85,1.76,4.08,4.07,5.63,1.76,2.335227272727273,0.984431137724551,1.0,1.0073529411764706,0.43137254901960786,2.372159090909091
tpcds_sf100_t64,tpcds,100,64,Q96,1.34,1.34,1.24,1.34,1.24,1.34,1.24,1.34,1.0,1.0,1.0,1.0806451612903227,1.0806451612903227,1.0
tpcds_sf100_t64,tpcds,100,64,Q97,2.39,2.39,2.29,2.39,2.38,2.39,2.28,2.39,1.0,1.0,1.0,1.0042016806722691,1.0042016806722691,1.0
tpcds_sf100_t64,tpcds,100,64,Q98,1.96,1.96,1.96,1.96,1.96,1.96,1.96,1.96,1.0,1.0,1.0,1.0,1.0,1.0
tpcds_sf100_t64,tpcds,100,64,Q99,0.62,0.62,0.62,1.04,0.62,0.62,0.62,1.04,0.5961538461538461,1.0,1.0,1.0,1.6774193548387097,0.5961538461538461
