query,case,seed,run_idx,runtime_seconds,Join1-probe,Join1-build,Join1-build_rows,Join1-instantiated,Join1-state,Join1-total_probes,Join1-probes_at_freeze,Join1-freeze_reason,Join1-probes_at_abandon,Join1-abandon_reason,Join1-inserts,Join1-u1,Join2-probe,Join2-build,Join2-build_rows,Join2-instantiated,Join2-state,Join2-total_probes,Join2-probes_at_freeze,Join2-freeze_reason,Join2-probes_at_abandon,Join2-abandon_reason,Join2-inserts,Join2-u1,Join3-probe,Join3-build,Join3-build_rows,Join3-instantiated,Join3-state,Join3-total_probes,Join3-probes_at_freeze,Join3-freeze_reason,Join3-probes_at_abandon,Join3-abandon_reason,Join3-inserts,Join3-u1,Join4-probe,Join4-build,Join4-build_rows,Join4-instantiated,Join4-state,Join4-total_probes,Join4-probes_at_freeze,Join4-freeze_reason,Join4-probes_at_abandon,Join4-abandon_reason,Join4-inserts,Join4-u1,Join5-probe,Join5-build,Join5-build_rows,Join5-instantiated,Join5-state,Join5-total_probes,Join5-probes_at_freeze,Join5-freeze_reason,Join5-probes_at_abandon,Join5-abandon_reason,Join5-inserts,Join5-u1,Join6-probe,Join6-build,Join6-build_rows,Join6-instantiated,Join6-state,Join6-total_probes,Join6-probes_at_freeze,Join6-freeze_reason,Join6-probes_at_abandon,Join6-abandon_reason,Join6-inserts,Join6-u1,Join7-probe,Join7-build,Join7-build_rows,Join7-instantiated,Join7-state,Join7-total_probes,Join7-probes_at_freeze,Join7-freeze_reason,Join7-probes_at_abandon,Join7-abandon_reason,Join7-inserts,Join7-u1,Join8-probe,Join8-build,Join8-build_rows,Join8-instantiated,Join8-state,Join8-total_probes,Join8-probes_at_freeze,Join8-freeze_reason,Join8-probes_at_abandon,Join8-abandon_reason,Join8-inserts,Join8-u1,Join9-probe,Join9-build,Join9-build_rows,Join9-instantiated,Join9-state,Join9-total_probes,Join9-probes_at_freeze,Join9-freeze_reason,Join9-probes_at_abandon,Join9-abandon_reason,Join9-inserts,Join9-u1,Join10-probe,Join10-build,Join10-build_rows,Join10-instantiated,Join10-state,Join10-total_probes,Join10-probes_at_freeze,Join10-freeze_reason,Join10-probes_at_abandon,Join10-abandon_reason,Join10-inserts,Join10-u1,Join11-probe,Join11-build,Join11-build_rows,Join11-instantiated,Join11-state,Join11-total_probes,Join11-probes_at_freeze,Join11-freeze_reason,Join11-probes_at_abandon,Join11-abandon_reason,Join11-inserts,Join11-u1,Join12-probe,Join12-build,Join12-build_rows,Join12-instantiated,Join12-state,Join12-total_probes,Join12-probes_at_freeze,Join12-freeze_reason,Join12-probes_at_abandon,Join12-abandon_reason,Join12-inserts,Join12-u1,Join13-probe,Join13-build,Join13-build_rows,Join13-instantiated,Join13-state,Join13-total_probes,Join13-probes_at_freeze,Join13-freeze_reason,Join13-probes_at_abandon,Join13-abandon_reason,Join13-inserts,Join13-u1,Join14-probe,Join14-build,Join14-build_rows,Join14-instantiated,Join14-state,Join14-total_probes,Join14-probes_at_freeze,Join14-freeze_reason,Join14-probes_at_abandon,Join14-abandon_reason,Join14-inserts,Join14-u1,Join15-probe,Join15-build,Join15-build_rows,Join15-instantiated,Join15-state,Join15-total_probes,Join15-probes_at_freeze,Join15-freeze_reason,Join15-probes_at_abandon,Join15-abandon_reason,Join15-inserts,Join15-u1,Join16-probe,Join16-build,Join16-build_rows,Join16-instantiated,Join16-state,Join16-total_probes,Join16-probes_at_freeze,Join16-freeze_reason,Join16-probes_at_abandon,Join16-abandon_reason,Join16-inserts,Join16-u1,Join17-probe,Join17-build,Join17-build_rows,Join17-instantiated,Join17-state,Join17-total_probes,Join17-probes_at_freeze,Join17-freeze_reason,Join17-probes_at_abandon,Join17-abandon_reason,Join17-inserts,Join17-u1,Join18-probe,Join18-build,Join18-build_rows,Join18-instantiated,Join18-state,Join18-total_probes,Join18-probes_at_freeze,Join18-freeze_reason,Join18-probes_at_abandon,Join18-abandon_reason,Join18-inserts,Join18-u1,Join19-probe,Join19-build,Join19-build_rows,Join19-instantiated,Join19-state,Join19-total_probes,Join19-probes_at_freeze,Join19-freeze_reason,Join19-probes_at_abandon,Join19-abandon_reason,Join19-inserts,Join19-u1,Join20-probe,Join20-build,Join20-build_rows,Join20-instantiated,Join20-state,Join20-total_probes,Join20-probes_at_freeze,Join20-freeze_reason,Join20-probes_at_abandon,Join20-abandon_reason,Join20-inserts,Join20-u1,Join21-probe,Join21-build,Join21-build_rows,Join21-instantiated,Join21-state,Join21-total_probes,Join21-probes_at_freeze,Join21-freeze_reason,Join21-probes_at_abandon,Join21-abandon_reason,Join21-inserts,Join21-u1,Join22-probe,Join22-build,Join22-build_rows,Join22-instantiated,Join22-state,Join22-total_probes,Join22-probes_at_freeze,Join22-freeze_reason,Join22-probes_at_abandon,Join22-abandon_reason,Join22-inserts,Join22-u1,Join23-probe,Join23-build,Join23-build_rows,Join23-instantiated,Join23-state,Join23-total_probes,Join23-probes_at_freeze,Join23-freeze_reason,Join23-probes_at_abandon,Join23-abandon_reason,Join23-inserts,Join23-u1,Join24-probe,Join24-build,Join24-build_rows,Join24-instantiated,Join24-state,Join24-total_probes,Join24-probes_at_freeze,Join24-freeze_reason,Join24-probes_at_abandon,Join24-abandon_reason,Join24-inserts,Join24-u1,Join25-probe,Join25-build,Join25-build_rows,Join25-instantiated,Join25-state,Join25-total_probes,Join25-probes_at_freeze,Join25-freeze_reason,Join25-probes_at_abandon,Join25-abandon_reason,Join25-inserts,Join25-u1,Join26-probe,Join26-build,Join26-build_rows,Join26-instantiated,Join26-state,Join26-total_probes,Join26-probes_at_freeze,Join26-freeze_reason,Join26-probes_at_abandon,Join26-abandon_reason,Join26-inserts,Join26-u1,Join27-probe,Join27-build,Join27-build_rows,Join27-instantiated,Join27-state,Join27-total_probes,Join27-probes_at_freeze,Join27-freeze_reason,Join27-probes_at_abandon,Join27-abandon_reason,Join27-inserts,Join27-u1,Join28-probe,Join28-build,Join28-build_rows,Join28-instantiated,Join28-state,Join28-total_probes,Join28-probes_at_freeze,Join28-freeze_reason,Join28-probes_at_abandon,Join28-abandon_reason,Join28-inserts,Join28-u1,Join29-probe,Join29-build,Join29-build_rows,Join29-instantiated,Join29-state,Join29-total_probes,Join29-probes_at_freeze,Join29-freeze_reason,Join29-probes_at_abandon,Join29-abandon_reason,Join29-inserts,Join29-u1,Join30-probe,Join30-build,Join30-build_rows,Join30-instantiated,Join30-state,Join30-total_probes,Join30-probes_at_freeze,Join30-freeze_reason,Join30-probes_at_abandon,Join30-abandon_reason,Join30-inserts,Join30-u1,Join31-probe,Join31-build,Join31-build_rows,Join31-instantiated,Join31-state,Join31-total_probes,Join31-probes_at_freeze,Join31-freeze_reason,Join31-probes_at_abandon,Join31-abandon_reason,Join31-inserts,Join31-u1,Join32-probe,Join32-build,Join32-build_rows,Join32-instantiated,Join32-state,Join32-total_probes,Join32-probes_at_freeze,Join32-freeze_reason,Join32-probes_at_abandon,Join32-abandon_reason,Join32-inserts,Join32-u1,Join33-probe,Join33-build,Join33-build_rows,Join33-instantiated,Join33-state,Join33-total_probes,Join33-probes_at_freeze,Join33-freeze_reason,Join33-probes_at_abandon,Join33-abandon_reason,Join33-inserts,Join33-u1,Join34-probe,Join34-build,Join34-build_rows,Join34-instantiated,Join34-state,Join34-total_probes,Join34-probes_at_freeze,Join34-freeze_reason,Join34-probes_at_abandon,Join34-abandon_reason,Join34-inserts,Join34-u1,Join35-probe,Join35-build,Join35-build_rows,Join35-instantiated,Join35-state,Join35-total_probes,Join35-probes_at_freeze,Join35-freeze_reason,Join35-probes_at_abandon,Join35-abandon_reason,Join35-inserts,Join35-u1,Join36-probe,Join36-build,Join36-build_rows,Join36-instantiated,Join36-state,Join36-total_probes,Join36-probes_at_freeze,Join36-freeze_reason,Join36-probes_at_abandon,Join36-abandon_reason,Join36-inserts,Join36-u1,Join37-probe,Join37-build,Join37-build_rows,Join37-instantiated,Join37-state,Join37-total_probes,Join37-probes_at_freeze,Join37-freeze_reason,Join37-probes_at_abandon,Join37-abandon_reason,Join37-inserts,Join37-u1,Join38-probe,Join38-build,Join38-build_rows,Join38-instantiated,Join38-state,Join38-total_probes,Join38-probes_at_freeze,Join38-freeze_reason,Join38-probes_at_abandon,Join38-abandon_reason,Join38-inserts,Join38-u1,Join39-probe,Join39-build,Join39-build_rows,Join39-instantiated,Join39-state,Join39-total_probes,Join39-probes_at_freeze,Join39-freeze_reason,Join39-probes_at_abandon,Join39-abandon_reason,Join39-inserts,Join39-u1
Q01,1,13,1,1.44,store_returns,date_dim,366,0,never_instantiated,0,,,,,0,0,,,985362,0,never_instantiated,0,,,,,0,0,,,942796,0,never_instantiated,0,,,,,0,0,,,22,0,never_instantiated,0,,,,,0,0,,,,,,,,,,,,,,,,,,,,,,,,,,,,,,,,,,,,,,,,,,,,,,,,,,,,,,,,,,,,,,,,,,,,,,,,,,,,,,,,,,,,,,,,,,,,,,,,,,,,,,,,,,,,,,,,,,,,,,,,,,,,,,,,,,,,,,,,,,,,,,,,,,,,,,,,,,,,,,,,,,,,,,,,,,,,,,,,,,,,,,,,,,,,,,,,,,,,,,,,,,,,,,,,,,,,,,,,,,,,,,,,,,,,,,,,,,,,,,,,,,,,,,,,,,,,,,,,,,,,,,,,,,,,,,,,,,,,,,,,,,,,,,,,,,,,,,,,,,,,,,,,,,,,,,,,,,,,,,,,,,,,,,,,,,,,,,,,,,,,,,,,,,,,,,,,,,,,,,,,,,,,,,,,,,,,,,,,,,,,,,,,,,,,,,,,,,,,,,,,,,,,,,,,,,,,,,,,,,,,
Q02,1,10,1,3.58,,date_dim,1840,0,never_instantiated,0,,,,,0,0,,,365,0,never_instantiated,0,,,,,0,0,,date_dim,365,0,never_instantiated,0,,,,,0,0,,date_dim,365,0,never_instantiated,0,,,,,0,0,,,,,,,,,,,,,,,,,,,,,,,,,,,,,,,,,,,,,,,,,,,,,,,,,,,,,,,,,,,,,,,,,,,,,,,,,,,,,,,,,,,,,,,,,,,,,,,,,,,,,,,,,,,,,,,,,,,,,,,,,,,,,,,,,,,,,,,,,,,,,,,,,,,,,,,,,,,,,,,,,,,,,,,,,,,,,,,,,,,,,,,,,,,,,,,,,,,,,,,,,,,,,,,,,,,,,,,,,,,,,,,,,,,,,,,,,,,,,,,,,,,,,,,,,,,,,,,,,,,,,,,,,,,,,,,,,,,,,,,,,,,,,,,,,,,,,,,,,,,,,,,,,,,,,,,,,,,,,,,,,,,,,,,,,,,,,,,,,,,,,,,,,,,,,,,,,,,,,,,,,,,,,,,,,,,,,,,,,,,,,,,,,,,,,,,,,,,,,,,,,,,,,,,,,,,,,,,,,,,,
Q03,1,0,1,2.56,,item,51,0,never_instantiated,0,,,,,0,0,store_sales,date_dim,150,0,never_instantiated,0,,,,,0,0,,,,,,,,,,,,,,,,,,,,,,,,,,,,,,,,,,,,,,,,,,,,,,,,,,,,,,,,,,,,,,,,,,,,,,,,,,,,,,,,,,,,,,,,,,,,,,,,,,,,,,,,,,,,,,,,,,,,,,,,,,,,,,,,,,,,,,,,,,,,,,,,,,,,,,,,,,,,,,,,,,,,,,,,,,,,,,,,,,,,,,,,,,,,,,,,,,,,,,,,,,,,,,,,,,,,,,,,,,,,,,,,,,,,,,,,,,,,,,,,,,,,,,,,,,,,,,,,,,,,,,,,,,,,,,,,,,,,,,,,,,,,,,,,,,,,,,,,,,,,,,,,,,,,,,,,,,,,,,,,,,,,,,,,,,,,,,,,,,,,,,,,,,,,,,,,,,,,,,,,,,,,,,,,,,,,,,,,,,,,,,,,,,,,,,,,,,,,,,,,,,,,,,,,,,,,,,,,,,,,,,,,,,,,,,,,,,,,,,,,,,,,
Q04,1,12,1,22.92,,,158081,0,never_instantiated,0,,,,,0,0,,,155650,0,never_instantiated,0,,,,,0,0,,,225420,0,never_instantiated,0,,,,,0,0,,date_dim,365,0,never_instantiated,0,,,,,0,0,catalog_sales,customer,266000,0,never_instantiated,0,,,,,0,0,,,238491,0,never_instantiated,0,,,,,0,0,,,258504,0,never_instantiated,0,,,,,0,0,,date_dim,365,0,never_instantiated,0,,,,,0,0,store_sales,customer,266000,0,never_instantiated,0,,,,,0,0,,date_dim,365,0,never_instantiated,0,,,,,0,0,store_sales,customer,266000,0,never_instantiated,0,,,,,0,0,,date_dim,365,0,never_instantiated,0,,,,,0,0,catalog_sales,customer,266000,0,never_instantiated,0,,,,,0,0,,date_dim,365,0,never_instantiated,0,,,,,0,0,web_sales,customer,266000,0,never_instantiated,0,,,,,0,0,,date_dim,365,0,never_instantiated,0,,,,,0,0,web_sales,customer,266000,0,never_instantiated,0,,,,,0,0,,,,,,,,,,,,,,,,,,,,,,,,,,,,,,,,,,,,,,,,,,,,,,,,,,,,,,,,,,,,,,,,,,,,,,,,,,,,,,,,,,,,,,,,,,,,,,,,,,,,,,,,,,,,,,,,,,,,,,,,,,,,,,,,,,,,,,,,,,,,,,,,,,,,,,,,,,,,,,,,,,,,,,,,,,,,,,,,,,,,,,,,,,,,,,,,,,,,,,,,,,,,,,,,,,,,,,,,,,,,,,,,,,,,,,,,,,,,,,,,,,,,,,,,,,,,,,,,,,,,,,,,
Q05,1,16,1,4.10,,store,44,0,never_instantiated,0,,,,,0,0,,date_dim,15,0,never_instantiated,0,,,,,0,0,,date_dim,15,0,never_instantiated,0,,,,,0,0,,catalog_page,9828,0,never_instantiated,0,,,,,0,0,,web_site,28,0,never_instantiated,0,,,,,0,0,,date_dim,15,0,never_instantiated,0,,,,,0,0,web_sales,web_returns,1439041,0,never_instantiated,0,,,,,0,0,,,,,,,,,,,,,,,,,,,,,,,,,,,,,,,,,,,,,,,,,,,,,,,,,,,,,,,,,,,,,,,,,,,,,,,,,,,,,,,,,,,,,,,,,,,,,,,,,,,,,,,,,,,,,,,,,,,,,,,,,,,,,,,,,,,,,,,,,,,,,,,,,,,,,,,,,,,,,,,,,,,,,,,,,,,,,,,,,,,,,,,,,,,,,,,,,,,,,,,,,,,,,,,,,,,,,,,,,,,,,,,,,,,,,,,,,,,,,,,,,,,,,,,,,,,,,,,,,,,,,,,,,,,,,,,,,,,,,,,,,,,,,,,,,,,,,,,,,,,,,,,,,,,,,,,,,,,,,,,,,,,,,,,,,,,,,,,,,,,,,,,,,,,,,,,,,,,,,,,,,,,,,,,,,,,,,,,,,,,,,,,,
Q06,1,11,1,6.34,,date_dim,1,0,never_instantiated,0,,,,,0,0,,customer_address,133000,0,never_instantiated,0,,,,,0,0,,customer,266000,0,never_instantiated,0,,,,,0,0,,date_dim,1827,0,never_instantiated,0,,,,,0,0,store_sales,item,28000,0,never_instantiated,0,,,,,0,0,,,567065,0,never_instantiated,0,,,,,0,0,,item,27937,0,never_instantiated,0,,,,,0,0,,,,,,,,,,,,,,,,,,,,,,,,,,,,,,,,,,,,,,,,,,,,,,,,,,,,,,,,,,,,,,,,,,,,,,,,,,,,,,,,,,,,,,,,,,,,,,,,,,,,,,,,,,,,,,,,,,,,,,,,,,,,,,,,,,,,,,,,,,,,,,,,,,,,,,,,,,,,,,,,,,,,,,,,,,,,,,,,,,,,,,,,,,,,,,,,,,,,,,,,,,,,,,,,,,,,,,,,,,,,,,,,,,,,,,,,,,,,,,,,,,,,,,,,,,,,,,,,,,,,,,,,,,,,,,,,,,,,,,,,,,,,,,,,,,,,,,,,,,,,,,,,,,,,,,,,,,,,,,,,,,,,,,,,,,,,,,,,,,,,,,,,,,,,,,,,,,,,,,,,,,,,,,,,,,,,,,,,,,,,,,,,
Q07,1,3,1,4.71,,date_dim,366,0,never_instantiated,0,,,,,0,0,,customer_demographics,27440,0,never_instantiated,0,,,,,0,0,,promotion,354,0,never_instantiated,0,,,,,0,0,store_sales,item,28000,0,never_instantiated,0,,,,,0,0,,,,,,,,,,,,,,,,,,,,,,,,,,,,,,,,,,,,,,,,,,,,,,,,,,,,,,,,,,,,,,,,,,,,,,,,,,,,,,,,,,,,,,,,,,,,,,,,,,,,,,,,,,,,,,,,,,,,,,,,,,,,,,,,,,,,,,,,,,,,,,,,,,,,,,,,,,,,,,,,,,,,,,,,,,,,,,,,,,,,,,,,,,,,,,,,,,,,,,,,,,,,,,,,,,,,,,,,,,,,,,,,,,,,,,,,,,,,,,,,,,,,,,,,,,,,,,,,,,,,,,,,,,,,,,,,,,,,,,,,,,,,,,,,,,,,,,,,,,,,,,,,,,,,,,,,,,,,,,,,,,,,,,,,,,,,,,,,,,,,,,,,,,,,,,,,,,,,,,,,,,,,,,,,,,,,,,,,,,,,,,,,,,,,,,,,,,,,,,,,,,,,,,,,,,,,,,,,,,,,
Q08,1,9,1,3.07,,,8,0,never_instantiated,0,,,,,0,0,,date_dim,91,0,never_instantiated,0,,,,,0,0,store_sales,store,44,0,never_instantiated,0,,,,,0,0,customer_address,,1341,0,never_instantiated,0,,,,,0,0,customer_address,customer,126088,0,never_instantiated,0,,,,,0,0,,,,,,,,,,,,,,,,,,,,,,,,,,,,,,,,,,,,,,,,,,,,,,,,,,,,,,,,,,,,,,,,,,,,,,,,,,,,,,,,,,,,,,,,,,,,,,,,,,,,,,,,,,,,,,,,,,,,,,,,,,,,,,,,,,,,,,,,,,,,,,,,,,,,,,,,,,,,,,,,,,,,,,,,,,,,,,,,,,,,,,,,,,,,,,,,,,,,,,,,,,,,,,,,,,,,,,,,,,,,,,,,,,,,,,,,,,,,,,,,,,,,,,,,,,,,,,,,,,,,,,,,,,,,,,,,,,,,,,,,,,,,,,,,,,,,,,,,,,,,,,,,,,,,,,,,,,,,,,,,,,,,,,,,,,,,,,,,,,,,,,,,,,,,,,,,,,,,,,,,,,,,,,,,,,,,,,,,,,,,,,,,,,,,,,,,,,,,,,,,,,,,,,,,
Q09,1,11,1,6.24,,,,,,,,,,,,,,,,,,,,,,,,,,,,,,,,,,,,,,,,,,,,,,,,,,,,,,,,,,,,,,,,,,,,,,,,,,,,,,,,,,,,,,,,,,,,,,,,,,,,,,,,,,,,,,,,,,,,,,,,,,,,,,,,,,,,,,,,,,,,,,,,,,,,,,,,,,,,,,,,,,,,,,,,,,,,,,,,,,,,,,,,,,,,,,,,,,,,,,,,,,,,,,,,,,,,,,,,,,,,,,,,,,,,,,,,,,,,,,,,,,,,,,,,,,,,,,,,,,,,,,,,,,,,,,,,,,,,,,,,,,,,,,,,,,,,,,,,,,,,,,,,,,,,,,,,,,,,,,,,,,,,,,,,,,,,,,,,,,,,,,,,,,,,,,,,,,,,,,,,,,,,,,,,,,,,,,,,,,,,,,,,,,,,,,,,,,,,,,,,,,,,,,,,,,,,,,,,,,,,,,,,,,,,,,,,,,,,,,,,,,,,,,,,,,,,,,,,,,,,,,,,,,,,
Q10,1,10,1,2.46,customer_demographics,,2423,0,never_instantiated,0,,,,,0,0,customer,,1261,0,never_instantiated,0,,,,,0,0,customer_address,,5,0,never_instantiated,0,,,,,0,0,,,2423,0,never_instantiated,0,,,,,0,0,,,2423,0,never_instantiated,0,,,,,0,0,store_sales,date_dim,120,0,never_instantiated,0,,,,,0,0,,,2817,0,never_instantiated,0,,,,,0,0,,,1260,0,never_instantiated,0,,,,,0,0,web_sales,date_dim,120,0,never_instantiated,0,,,,,0,0,,,4953,0,never_instantiated,0,,,,,0,0,,,1260,0,never_instantiated,0,,,,,0,0,catalog_sales,date_dim,120,0,never_instantiated,0,,,,,0,0,,,,,,,,,,,,,,,,,,,,,,,,,,,,,,,,,,,,,,,,,,,,,,,,,,,,,,,,,,,,,,,,,,,,,,,,,,,,,,,,,,,,,,,,,,,,,,,,,,,,,,,,,,,,,,,,,,,,,,,,,,,,,,,,,,,,,,,,,,,,,,,,,,,,,,,,,,,,,,,,,,,,,,,,,,,,,,,,,,,,,,,,,,,,,,,,,,,,,,,,,,,,,,,,,,,,,,,,,,,,,,,,,,,,,,,,,,,,,,,,,,,,,,,,,,,,,,,,,,,,,,,,,,,,,,,,,,,,,,,,,,,,,,,,,,,,,,,,,,,,,,,,,,,,,,,,,,,,,,,,,,,,
Q11,1,19,1,15.76,,,148861,0,never_instantiated,0,,,,,0,0,,date_dim,365,0,never_instantiated,0,,,,,0,0,web_sales,customer,266000,0,never_instantiated,0,,,,,0,0,,,157499,0,never_instantiated,0,,,,,0,0,,,258504,0,never_instantiated,0,,,,,0,0,,date_dim,365,0,never_instantiated,0,,,,,0,0,store_sales,customer,266000,0,never_instantiated,0,,,,,0,0,customer,,10690261,0,never_instantiated,0,,,,,0,0,store_sales,date_dim,365,0,never_instantiated,0,,,,,0,0,,date_dim,365,0,never_instantiated,0,,,,,0,0,web_sales,customer,266000,0,never_instantiated,0,,,,,0,0,,,,,,,,,,,,,,,,,,,,,,,,,,,,,,,,,,,,,,,,,,,,,,,,,,,,,,,,,,,,,,,,,,,,,,,,,,,,,,,,,,,,,,,,,,,,,,,,,,,,,,,,,,,,,,,,,,,,,,,,,,,,,,,,,,,,,,,,,,,,,,,,,,,,,,,,,,,,,,,,,,,,,,,,,,,,,,,,,,,,,,,,,,,,,,,,,,,,,,,,,,,,,,,,,,,,,,,,,,,,,,,,,,,,,,,,,,,,,,,,,,,,,,,,,,,,,,,,,,,,,,,,,,,,,,,,,,,,,,,,,,,,,,,,,,,,,,,,,,,,,,,,,,,,,,,,,,,,,,,,,,,,,,,,,,,,,,,,
Q12,1,9,1,0.52,,item,8331,0,never_instantiated,0,,,,,0,0,web_sales,date_dim,31,0,never_instantiated,0,,,,,0,0,,,,,,,,,,,,,,,,,,,,,,,,,,,,,,,,,,,,,,,,,,,,,,,,,,,,,,,,,,,,,,,,,,,,,,,,,,,,,,,,,,,,,,,,,,,,,,,,,,,,,,,,,,,,,,,,,,,,,,,,,,,,,,,,,,,,,,,,,,,,,,,,,,,,,,,,,,,,,,,,,,,,,,,,,,,,,,,,,,,,,,,,,,,,,,,,,,,,,,,,,,,,,,,,,,,,,,,,,,,,,,,,,,,,,,,,,,,,,,,,,,,,,,,,,,,,,,,,,,,,,,,,,,,,,,,,,,,,,,,,,,,,,,,,,,,,,,,,,,,,,,,,,,,,,,,,,,,,,,,,,,,,,,,,,,,,,,,,,,,,,,,,,,,,,,,,,,,,,,,,,,,,,,,,,,,,,,,,,,,,,,,,,,,,,,,,,,,,,,,,,,,,,,,,,,,,,,,,,,,,,,,,,,,,,,,,,,,,,,,,,,,,
Q13,1,14,1,5.02,customer_demographics,,129768,0,never_instantiated,0,,,,,0,0,,store,44,0,never_instantiated,0,,,,,0,0,,date_dim,365,0,never_instantiated,0,,,,,0,0,,customer_address,128938,0,never_instantiated,0,,,,,0,0,store_sales,household_demographics,7200,0,never_instantiated,0,,,,,0,0,,,,,,,,,,,,,,,,,,,,,,,,,,,,,,,,,,,,,,,,,,,,,,,,,,,,,,,,,,,,,,,,,,,,,,,,,,,,,,,,,,,,,,,,,,,,,,,,,,,,,,,,,,,,,,,,,,,,,,,,,,,,,,,,,,,,,,,,,,,,,,,,,,,,,,,,,,,,,,,,,,,,,,,,,,,,,,,,,,,,,,,,,,,,,,,,,,,,,,,,,,,,,,,,,,,,,,,,,,,,,,,,,,,,,,,,,,,,,,,,,,,,,,,,,,,,,,,,,,,,,,,,,,,,,,,,,,,,,,,,,,,,,,,,,,,,,,,,,,,,,,,,,,,,,,,,,,,,,,,,,,,,,,,,,,,,,,,,,,,,,,,,,,,,,,,,,,,,,,,,,,,,,,,,,,,,,,,,,,,,,,,,,,,,,,,,,,,,,,,,,,,,,,,,
Q14,1,9,1,39.87,store_sales,date_dim,1096,0,never_instantiated,0,,,,,0,0,catalog_sales,date_dim,1096,0,never_instantiated,0,,,,,0,0,web_sales,date_dim,1096,0,never_instantiated,0,,,,,0,0,,,1755053,0,never_instantiated,0,,,,,0,0,,item,27887,0,never_instantiated,0,,,,,0,0,,,8634251,0,never_instantiated,0,,,,,0,0,,,17131992,0,never_instantiated,0,,,,,0,0,,item,28000,0,never_instantiated,0,,,,,0,0,store_sales,date_dim,1096,0,never_instantiated,0,,,,,0,0,,date_dim,1096,0,never_instantiated,0,,,,,0,0,catalog_sales,item,28000,0,never_instantiated,0,,,,,0,0,,item,28000,0,never_instantiated,0,,,,,0,0,web_sales,date_dim,1096,0,never_instantiated,0,,,,,0,0,,date_dim,30,0,never_instantiated,0,,,,,0,0,store_sales,item,28000,0,never_instantiated,0,,,,,0,0,,,927229,0,never_instantiated,0,,,,,0,0,,item,27887,0,never_instantiated,0,,,,,0,0,,,8634251,0,never_instantiated,0,,,,,0,0,,,17131992,0,never_instantiated,0,,,,,0,0,,item,28000,0,never_instantiated,0,,,,,0,0,store_sales,date_dim,1096,0,never_instantiated,0,,,,,0,0,,date_dim,1096,0,never_instantiated,0,,,,,0,0,catalog_sales,item,28000,0,never_instantiated,0,,,,,0,0,,date_dim,1096,0,never_instantiated,0,,,,,0,0,web_sales,item,28000,0,never_instantiated,0,,,,,0,0,,item,28000,0,never_instantiated,0,,,,,0,0,catalog_sales,date_dim,30,0,never_instantiated,0,,,,,0,0,,,459451,0,never_instantiated,0,,,,,0,0,,item,27887,0,never_instantiated,0,,,,,0,0,,,8634251,0,never_instantiated,0,,,,,0,0,,,17131992,0,never_instantiated,0,,,,,0,0,,date_dim,1096,0,never_instantiated,0,,,,,0,0,store_sales,item,28000,0,never_instantiated,0,,,,,0,0,,date_dim,1096,0,never_instantiated,0,,,,,0,0,catalog_sales,item,28000,0,never_instantiated,0,,,,,0,0,,date_dim,1096,0,never_instantiated,0,,,,,0,0,web_sales,item,28000,0,never_instantiated,0,,,,,0,0,,date_dim,30,0,never_instantiated,0,,,,,0,0,web_sales,item,28000,0,never_instantiated,0,,,,,0,0
Q15,1,10,1,0.31,,date_dim,91,0,never_instantiated,0,,,,,0,0,,,9,0,never_instantiated,0,,,,,0,0,,customer_address,133000,0,never_instantiated,0,,,,,0,0,catalog_sales,customer,266000,0,never_instantiated,0,,,,,0,0,,,,,,,,,,,,,,,,,,,,,,,,,,,,,,,,,,,,,,,,,,,,,,,,,,,,,,,,,,,,,,,,,,,,,,,,,,,,,,,,,,,,,,,,,,,,,,,,,,,,,,,,,,,,,,,,,,,,,,,,,,,,,,,,,,,,,,,,,,,,,,,,,,,,,,,,,,,,,,,,,,,,,,,,,,,,,,,,,,,,,,,,,,,,,,,,,,,,,,,,,,,,,,,,,,,,,,,,,,,,,,,,,,,,,,,,,,,,,,,,,,,,,,,,,,,,,,,,,,,,,,,,,,,,,,,,,,,,,,,,,,,,,,,,,,,,,,,,,,,,,,,,,,,,,,,,,,,,,,,,,,,,,,,,,,,,,,,,,,,,,,,,,,,,,,,,,,,,,,,,,,,,,,,,,,,,,,,,,,,,,,,,,,,,,,,,,,,,,,,,,,,,,,,,,,,,,,,,,,,,
Q16,1,10,1,0.41,,call_center,6,0,never_instantiated,0,,,,,0,0,,date_dim,61,0,never_instantiated,0,,,,,0,0,catalog_sales,customer_address,6457,0,never_instantiated,0,,,,,0,0,,,47574,0,never_instantiated,0,,,,,0,0,catalog_sales,,31787,0,never_instantiated,0,,,,,0,0,,,47523,0,never_instantiated,0,,,,,0,0,catalog_returns,,12150,0,never_instantiated,0,,,,,0,0,,,,,,,,,,,,,,,,,,,,,,,,,,,,,,,,,,,,,,,,,,,,,,,,,,,,,,,,,,,,,,,,,,,,,,,,,,,,,,,,,,,,,,,,,,,,,,,,,,,,,,,,,,,,,,,,,,,,,,,,,,,,,,,,,,,,,,,,,,,,,,,,,,,,,,,,,,,,,,,,,,,,,,,,,,,,,,,,,,,,,,,,,,,,,,,,,,,,,,,,,,,,,,,,,,,,,,,,,,,,,,,,,,,,,,,,,,,,,,,,,,,,,,,,,,,,,,,,,,,,,,,,,,,,,,,,,,,,,,,,,,,,,,,,,,,,,,,,,,,,,,,,,,,,,,,,,,,,,,,,,,,,,,,,,,,,,,,,,,,,,,,,,,,,,,,,,,,,,,,,,,,,,,,,,,,,,,,,,,,,,,,,
Q17,1,5,1,5.84,,date_dim,274,0,never_instantiated,0,,,,,0,0,,date_dim,274,0,never_instantiated,0,,,,,0,0,,store_returns,5555711,0,never_instantiated,0,,,,,0,0,,date_dim,91,0,never_instantiated,0,,,,,0,0,,store,44,0,never_instantiated,0,,,,,0,0,,item,28000,0,never_instantiated,0,,,,,0,0,store_sales,catalog_sales,28659887,0,never_instantiated,0,,,,,0,0,,,,,,,,,,,,,,,,,,,,,,,,,,,,,,,,,,,,,,,,,,,,,,,,,,,,,,,,,,,,,,,,,,,,,,,,,,,,,,,,,,,,,,,,,,,,,,,,,,,,,,,,,,,,,,,,,,,,,,,,,,,,,,,,,,,,,,,,,,,,,,,,,,,,,,,,,,,,,,,,,,,,,,,,,,,,,,,,,,,,,,,,,,,,,,,,,,,,,,,,,,,,,,,,,,,,,,,,,,,,,,,,,,,,,,,,,,,,,,,,,,,,,,,,,,,,,,,,,,,,,,,,,,,,,,,,,,,,,,,,,,,,,,,,,,,,,,,,,,,,,,,,,,,,,,,,,,,,,,,,,,,,,,,,,,,,,,,,,,,,,,,,,,,,,,,,,,,,,,,,,,,,,,,,,,,,,,,,,,,,,,,,
Q18,1,12,1,1.33,item,,26838,0,never_instantiated,0,,,,,0,0,,date_dim,365,0,never_instantiated,0,,,,,0,0,,customer_demographics,137200,0,never_instantiated,0,,,,,0,0,,,19455,0,never_instantiated,0,,,,,0,0,,customer_demographics,1920788,0,never_instantiated,0,,,,,0,0,catalog_sales,,127461,0,never_instantiated,0,,,,,0,0,customer,,6,0,never_instantiated,0,,,,,0,0,customer_address,,7,0,never_instantiated,0,,,,,0,0,,,,,,,,,,,,,,,,,,,,,,,,,,,,,,,,,,,,,,,,,,,,,,,,,,,,,,,,,,,,,,,,,,,,,,,,,,,,,,,,,,,,,,,,,,,,,,,,,,,,,,,,,,,,,,,,,,,,,,,,,,,,,,,,,,,,,,,,,,,,,,,,,,,,,,,,,,,,,,,,,,,,,,,,,,,,,,,,,,,,,,,,,,,,,,,,,,,,,,,,,,,,,,,,,,,,,,,,,,,,,,,,,,,,,,,,,,,,,,,,,,,,,,,,,,,,,,,,,,,,,,,,,,,,,,,,,,,,,,,,,,,,,,,,,,,,,,,,,,,,,,,,,,,,,,,,,,,,,,,,,,,,,,,,,,,,,,,,,,,,,,,,,,,,,,,,,,,,,,,,,,,,,,,,,,,,
Q19,1,3,1,2.77,,date_dim,30,0,never_instantiated,0,,,,,0,0,,customer_address,128971,0,never_instantiated,0,,,,,0,0,,item,504,0,never_instantiated,0,,,,,0,0,,customer,266000,0,never_instantiated,0,,,,,0,0,store_sales,store,44,0,never_instantiated,0,,,,,0,0,,,,,,,,,,,,,,,,,,,,,,,,,,,,,,,,,,,,,,,,,,,,,,,,,,,,,,,,,,,,,,,,,,,,,,,,,,,,,,,,,,,,,,,,,,,,,,,,,,,,,,,,,,,,,,,,,,,,,,,,,,,,,,,,,,,,,,,,,,,,,,,,,,,,,,,,,,,,,,,,,,,,,,,,,,,,,,,,,,,,,,,,,,,,,,,,,,,,,,,,,,,,,,,,,,,,,,,,,,,,,,,,,,,,,,,,,,,,,,,,,,,,,,,,,,,,,,,,,,,,,,,,,,,,,,,,,,,,,,,,,,,,,,,,,,,,,,,,,,,,,,,,,,,,,,,,,,,,,,,,,,,,,,,,,,,,,,,,,,,,,,,,,,,,,,,,,,,,,,,,,,,,,,,,,,,,,,,,,,,,,,,,,,,,,,,,,,,,,,,,,,,,,,,,
Q20,1,10,1,0.21,,date_dim,31,0,never_instantiated,0,,,,,0,0,catalog_sales,item,8331,0,never_instantiated,0,,,,,0,0,,,,,,,,,,,,,,,,,,,,,,,,,,,,,,,,,,,,,,,,,,,,,,,,,,,,,,,,,,,,,,,,,,,,,,,,,,,,,,,,,,,,,,,,,,,,,,,,,,,,,,,,,,,,,,,,,,,,,,,,,,,,,,,,,,,,,,,,,,,,,,,,,,,,,,,,,,,,,,,,,,,,,,,,,,,,,,,,,,,,,,,,,,,,,,,,,,,,,,,,,,,,,,,,,,,,,,,,,,,,,,,,,,,,,,,,,,,,,,,,,,,,,,,,,,,,,,,,,,,,,,,,,,,,,,,,,,,,,,,,,,,,,,,,,,,,,,,,,,,,,,,,,,,,,,,,,,,,,,,,,,,,,,,,,,,,,,,,,,,,,,,,,,,,,,,,,,,,,,,,,,,,,,,,,,,,,,,,,,,,,,,,,,,,,,,,,,,,,,,,,,,,,,,,,,,,,,,,,,,,,,,,,,,,,,,,,,,,,,,,,,,,
Q21,1,10,1,0.11,,date_dim,61,0,never_instantiated,0,,,,,0,0,,warehouse,5,0,never_instantiated,0,,,,,0,0,inventory,item,1770,0,never_instantiated,0,,,,,0,0,,,,,,,,,,,,,,,,,,,,,,,,,,,,,,,,,,,,,,,,,,,,,,,,,,,,,,,,,,,,,,,,,,,,,,,,,,,,,,,,,,,,,,,,,,,,,,,,,,,,,,,,,,,,,,,,,,,,,,,,,,,,,,,,,,,,,,,,,,,,,,,,,,,,,,,,,,,,,,,,,,,,,,,,,,,,,,,,,,,,,,,,,,,,,,,,,,,,,,,,,,,,,,,,,,,,,,,,,,,,,,,,,,,,,,,,,,,,,,,,,,,,,,,,,,,,,,,,,,,,,,,,,,,,,,,,,,,,,,,,,,,,,,,,,,,,,,,,,,,,,,,,,,,,,,,,,,,,,,,,,,,,,,,,,,,,,,,,,,,,,,,,,,,,,,,,,,,,,,,,,,,,,,,,,,,,,,,,,,,,,,,,,,,,,,,,,,,,,,,,,,,,,,,,,,,,,,,,,,,,,,,,,,,,,,,,
Q22,1,9,1,1.64,,date_dim,366,0,never_instantiated,0,,,,,0,0,inventory,item,28000,0,never_instantiated,0,,,,,0,0,,,,,,,,,,,,,,,,,,,,,,,,,,,,,,,,,,,,,,,,,,,,,,,,,,,,,,,,,,,,,,,,,,,,,,,,,,,,,,,,,,,,,,,,,,,,,,,,,,,,,,,,,,,,,,,,,,,,,,,,,,,,,,,,,,,,,,,,,,,,,,,,,,,,,,,,,,,,,,,,,,,,,,,,,,,,,,,,,,,,,,,,,,,,,,,,,,,,,,,,,,,,,,,,,,,,,,,,,,,,,,,,,,,,,,,,,,,,,,,,,,,,,,,,,,,,,,,,,,,,,,,,,,,,,,,,,,,,,,,,,,,,,,,,,,,,,,,,,,,,,,,,,,,,,,,,,,,,,,,,,,,,,,,,,,,,,,,,,,,,,,,,,,,,,,,,,,,,,,,,,,,,,,,,,,,,,,,,,,,,,,,,,,,,,,,,,,,,,,,,,,,,,,,,,,,,,,,,,,,,,,,,,,,,,,,,,,,,,,,,,,,,
Q23,1,0,1,24.24,,item,28000,0,never_instantiated,0,,,,,0,0,store_sales,date_dim,1098,0,never_instantiated,0,,,,,0,0,store_sales,customer,266000,0,never_instantiated,0,,,,,0,0,,date_dim,1098,0,never_instantiated,0,,,,,0,0,store_sales,customer,266000,0,never_instantiated,0,,,,,0,0,,,150353,0,never_instantiated,0,,,,,0,0,,,261594,0,never_instantiated,0,,,,,0,0,,date_dim,29,0,never_instantiated,0,,,,,0,0,catalog_sales,customer,266000,0,never_instantiated,0,,,,,0,0,,,150353,0,never_instantiated,0,,,,,0,0,,,130221,0,never_instantiated,0,,,,,0,0,,date_dim,29,0,never_instantiated,0,,,,,0,0,web_sales,customer,266000,0,never_instantiated,0,,,,,0,0,,,,,,,,,,,,,,,,,,,,,,,,,,,,,,,,,,,,,,,,,,,,,,,,,,,,,,,,,,,,,,,,,,,,,,,,,,,,,,,,,,,,,,,,,,,,,,,,,,,,,,,,,,,,,,,,,,,,,,,,,,,,,,,,,,,,,,,,,,,,,,,,,,,,,,,,,,,,,,,,,,,,,,,,,,,,,,,,,,,,,,,,,,,,,,,,,,,,,,,,,,,,,,,,,,,,,,,,,,,,,,,,,,,,,,,,,,,,,,,,,,,,,,,,,,,,,,,,,,,,,,,,,,,,,,,,,,,,,,,,,,,,,,,,,,,,,,,,,,,,,,,,,,,,,,,,
Q24,1,8,1,6.65,,customer_address,126970,0,never_instantiated,0,,,,,0,0,,store_returns,5756650,0,never_instantiated,0,,,,,0,0,,store,3,0,never_instantiated,0,,,,,0,0,,item,28000,0,never_instantiated,0,,,,,0,0,store_sales,customer,266000,0,never_instantiated,0,,,,,0,0,,,,,,,,,,,,,,,,,,,,,,,,,,,,,,,,,,,,,,,,,,,,,,,,,,,,,,,,,,,,,,,,,,,,,,,,,,,,,,,,,,,,,,,,,,,,,,,,,,,,,,,,,,,,,,,,,,,,,,,,,,,,,,,,,,,,,,,,,,,,,,,,,,,,,,,,,,,,,,,,,,,,,,,,,,,,,,,,,,,,,,,,,,,,,,,,,,,,,,,,,,,,,,,,,,,,,,,,,,,,,,,,,,,,,,,,,,,,,,,,,,,,,,,,,,,,,,,,,,,,,,,,,,,,,,,,,,,,,,,,,,,,,,,,,,,,,,,,,,,,,,,,,,,,,,,,,,,,,,,,,,,,,,,,,,,,,,,,,,,,,,,,,,,,,,,,,,,,,,,,,,,,,,,,,,,,,,,,,,,,,,,,,,,,,,,,,,,,,,,,,,,,,,,,
Q25,1,17,1,3.28,,date_dim,214,0,never_instantiated,0,,,,,0,0,,store,44,0,never_instantiated,0,,,,,0,0,,date_dim,214,0,never_instantiated,0,,,,,0,0,catalog_sales,,38941,0,never_instantiated,0,,,,,0,0,,date_dim,30,0,never_instantiated,0,,,,,0,0,,store_returns,5555711,0,never_instantiated,0,,,,,0,0,store_sales,item,28000,0,never_instantiated,0,,,,,0,0,,,,,,,,,,,,,,,,,,,,,,,,,,,,,,,,,,,,,,,,,,,,,,,,,,,,,,,,,,,,,,,,,,,,,,,,,,,,,,,,,,,,,,,,,,,,,,,,,,,,,,,,,,,,,,,,,,,,,,,,,,,,,,,,,,,,,,,,,,,,,,,,,,,,,,,,,,,,,,,,,,,,,,,,,,,,,,,,,,,,,,,,,,,,,,,,,,,,,,,,,,,,,,,,,,,,,,,,,,,,,,,,,,,,,,,,,,,,,,,,,,,,,,,,,,,,,,,,,,,,,,,,,,,,,,,,,,,,,,,,,,,,,,,,,,,,,,,,,,,,,,,,,,,,,,,,,,,,,,,,,,,,,,,,,,,,,,,,,,,,,,,,,,,,,,,,,,,,,,,,,,,,,,,,,,,,,,,,,,,,,,,,
Q26,1,11,1,0.82,,promotion,354,0,never_instantiated,0,,,,,0,0,,customer_demographics,27440,0,never_instantiated,0,,,,,0,0,,date_dim,366,0,never_instantiated,0,,,,,0,0,catalog_sales,item,28000,0,never_instantiated,0,,,,,0,0,,,,,,,,,,,,,,,,,,,,,,,,,,,,,,,,,,,,,,,,,,,,,,,,,,,,,,,,,,,,,,,,,,,,,,,,,,,,,,,,,,,,,,,,,,,,,,,,,,,,,,,,,,,,,,,,,,,,,,,,,,,,,,,,,,,,,,,,,,,,,,,,,,,,,,,,,,,,,,,,,,,,,,,,,,,,,,,,,,,,,,,,,,,,,,,,,,,,,,,,,,,,,,,,,,,,,,,,,,,,,,,,,,,,,,,,,,,,,,,,,,,,,,,,,,,,,,,,,,,,,,,,,,,,,,,,,,,,,,,,,,,,,,,,,,,,,,,,,,,,,,,,,,,,,,,,,,,,,,,,,,,,,,,,,,,,,,,,,,,,,,,,,,,,,,,,,,,,,,,,,,,,,,,,,,,,,,,,,,,,,,,,,,,,,,,,,,,,,,,,,,,,,,,,,,,,,,,,,,,,
Q27,1,18,1,11.97,item,,142158,0,never_instantiated,0,,,,,0,0,,date_dim,365,0,never_instantiated,0,,,,,0,0,,customer_demographics,27440,0,never_instantiated,0,,,,,0,0,store_sales,store,43,0,never_instantiated,0,,,,,0,0,customer_demographics,,10154068,0,never_instantiated,0,,,,,0,0,,date_dim,365,0,never_instantiated,0,,,,,0,0,,store,43,0,never_instantiated,0,,,,,0,0,store_sales,item,28000,0,never_instantiated,0,,,,,0,0,item,,142158,0,never_instantiated,0,,,,,0,0,,date_dim,365,0,never_instantiated,0,,,,,0,0,,store,43,0,never_instantiated,0,,,,,0,0,store_sales,customer_demographics,27440,0,never_instantiated,0,,,,,0,0,,,,,,,,,,,,,,,,,,,,,,,,,,,,,,,,,,,,,,,,,,,,,,,,,,,,,,,,,,,,,,,,,,,,,,,,,,,,,,,,,,,,,,,,,,,,,,,,,,,,,,,,,,,,,,,,,,,,,,,,,,,,,,,,,,,,,,,,,,,,,,,,,,,,,,,,,,,,,,,,,,,,,,,,,,,,,,,,,,,,,,,,,,,,,,,,,,,,,,,,,,,,,,,,,,,,,,,,,,,,,,,,,,,,,,,,,,,,,,,,,,,,,,,,,,,,,,,,,,,,,,,,,,,,,,,,,,,,,,,,,,,,,,,,,,,,,,,,,,,,,,,,,,,,,,,,,,,,,,,,,,,,
Q28,1,9,1,6.65,,,,,,,,,,,,,,,,,,,,,,,,,,,,,,,,,,,,,,,,,,,,,,,,,,,,,,,,,,,,,,,,,,,,,,,,,,,,,,,,,,,,,,,,,,,,,,,,,,,,,,,,,,,,,,,,,,,,,,,,,,,,,,,,,,,,,,,,,,,,,,,,,,,,,,,,,,,,,,,,,,,,,,,,,,,,,,,,,,,,,,,,,,,,,,,,,,,,,,,,,,,,,,,,,,,,,,,,,,,,,,,,,,,,,,,,,,,,,,,,,,,,,,,,,,,,,,,,,,,,,,,,,,,,,,,,,,,,,,,,,,,,,,,,,,,,,,,,,,,,,,,,,,,,,,,,,,,,,,,,,,,,,,,,,,,,,,,,,,,,,,,,,,,,,,,,,,,,,,,,,,,,,,,,,,,,,,,,,,,,,,,,,,,,,,,,,,,,,,,,,,,,,,,,,,,,,,,,,,,,,,,,,,,,,,,,,,,,,,,,,,,,,,,,,,,,,,,,,,,,,,,,,,,,
Q29,1,9,1,4.30,,date_dim,1096,0,never_instantiated,0,,,,,0,0,,store,44,0,never_instantiated,0,,,,,0,0,catalog_sales,,50616,0,never_instantiated,0,,,,,0,0,,date_dim,30,0,never_instantiated,0,,,,,0,0,,item,28000,0,never_instantiated,0,,,,,0,0,,date_dim,122,0,never_instantiated,0,,,,,0,0,store_sales,store_returns,5555711,0,never_instantiated,0,,,,,0,0,,,,,,,,,,,,,,,,,,,,,,,,,,,,,,,,,,,,,,,,,,,,,,,,,,,,,,,,,,,,,,,,,,,,,,,,,,,,,,,,,,,,,,,,,,,,,,,,,,,,,,,,,,,,,,,,,,,,,,,,,,,,,,,,,,,,,,,,,,,,,,,,,,,,,,,,,,,,,,,,,,,,,,,,,,,,,,,,,,,,,,,,,,,,,,,,,,,,,,,,,,,,,,,,,,,,,,,,,,,,,,,,,,,,,,,,,,,,,,,,,,,,,,,,,,,,,,,,,,,,,,,,,,,,,,,,,,,,,,,,,,,,,,,,,,,,,,,,,,,,,,,,,,,,,,,,,,,,,,,,,,,,,,,,,,,,,,,,,,,,,,,,,,,,,,,,,,,,,,,,,,,,,,,,,,,,,,,,,,,,,,,,
Q30,1,10,1,0.41,,date_dim,365,0,never_instantiated,0,,,,,0,0,web_returns,customer_address,133000,0,never_instantiated,0,,,,,0,0,,,260478,0,never_instantiated,0,,,,,0,0,customer,customer_address,6457,0,never_instantiated,0,,,,,0,0,,,12883,0,never_instantiated,0,,,,,0,0,,,51,0,never_instantiated,0,,,,,0,0,,,,,,,,,,,,,,,,,,,,,,,,,,,,,,,,,,,,,,,,,,,,,,,,,,,,,,,,,,,,,,,,,,,,,,,,,,,,,,,,,,,,,,,,,,,,,,,,,,,,,,,,,,,,,,,,,,,,,,,,,,,,,,,,,,,,,,,,,,,,,,,,,,,,,,,,,,,,,,,,,,,,,,,,,,,,,,,,,,,,,,,,,,,,,,,,,,,,,,,,,,,,,,,,,,,,,,,,,,,,,,,,,,,,,,,,,,,,,,,,,,,,,,,,,,,,,,,,,,,,,,,,,,,,,,,,,,,,,,,,,,,,,,,,,,,,,,,,,,,,,,,,,,,,,,,,,,,,,,,,,,,,,,,,,,,,,,,,,,,,,,,,,,,,,,,,,,,,,,,,,,,,,,,,,,,,,,,,,,,,,,,,,,,,,,,,,,,,
Q31,1,6,1,3.89,,customer_address,133000,0,never_instantiated,0,,,,,0,0,store_sales,date_dim,274,0,never_instantiated,0,,,,,0,0,,customer_address,133000,0,never_instantiated,0,,,,,0,0,web_sales,date_dim,274,0,never_instantiated,0,,,,,0,0,,,1846,0,never_instantiated,0,,,,,0,0,,,1846,0,never_instantiated,0,,,,,0,0,,,1846,0,never_instantiated,0,,,,,0,0,,,1846,0,never_instantiated,0,,,,,0,0,,,1846,0,never_instantiated,0,,,,,0,0,,,,,,,,,,,,,,,,,,,,,,,,,,,,,,,,,,,,,,,,,,,,,,,,,,,,,,,,,,,,,,,,,,,,,,,,,,,,,,,,,,,,,,,,,,,,,,,,,,,,,,,,,,,,,,,,,,,,,,,,,,,,,,,,,,,,,,,,,,,,,,,,,,,,,,,,,,,,,,,,,,,,,,,,,,,,,,,,,,,,,,,,,,,,,,,,,,,,,,,,,,,,,,,,,,,,,,,,,,,,,,,,,,,,,,,,,,,,,,,,,,,,,,,,,,,,,,,,,,,,,,,,,,,,,,,,,,,,,,,,,,,,,,,,,,,,,,,,,,,,,,,,,,,,,,,,,,,,,,,,,,,,,,,,,,,,,,,,,,,,,,,,,,,,,,,,,,,,,,,,
Q32,1,0,1,0.21,,item,4,0,never_instantiated,0,,,,,0,0,catalog_sales,date_dim,91,0,never_instantiated,0,,,,,0,0,,,127,0,never_instantiated,0,,,,,0,0,,,2,0,never_instantiated,0,,,,,0,0,catalog_sales,date_dim,91,0,never_instantiated,0,,,,,0,0,,,,,,,,,,,,,,,,,,,,,,,,,,,,,,,,,,,,,,,,,,,,,,,,,,,,,,,,,,,,,,,,,,,,,,,,,,,,,,,,,,,,,,,,,,,,,,,,,,,,,,,,,,,,,,,,,,,,,,,,,,,,,,,,,,,,,,,,,,,,,,,,,,,,,,,,,,,,,,,,,,,,,,,,,,,,,,,,,,,,,,,,,,,,,,,,,,,,,,,,,,,,,,,,,,,,,,,,,,,,,,,,,,,,,,,,,,,,,,,,,,,,,,,,,,,,,,,,,,,,,,,,,,,,,,,,,,,,,,,,,,,,,,,,,,,,,,,,,,,,,,,,,,,,,,,,,,,,,,,,,,,,,,,,,,,,,,,,,,,,,,,,,,,,,,,,,,,,,,,,,,,,,,,,,,,,,,,,,,,,,,,,,,,,,,,,,,,,,,,,,,,,,,,,
Q33,1,5,1,2.46,,item,2796,0,never_instantiated,0,,,,,0,0,,date_dim,31,0,never_instantiated,0,,,,,0,0,,customer_address,48344,0,never_instantiated,0,,,,,0,0,store_sales,item,28000,0,never_instantiated,0,,,,,0,0,,item,2796,0,never_instantiated,0,,,,,0,0,,customer_address,48344,0,never_instantiated,0,,,,,0,0,,item,28000,0,never_instantiated,0,,,,,0,0,catalog_sales,date_dim,31,0,never_instantiated,0,,,,,0,0,,item,2796,0,never_instantiated,0,,,,,0,0,,date_dim,31,0,never_instantiated,0,,,,,0,0,,customer_address,48344,0,never_instantiated,0,,,,,0,0,web_sales,item,28000,0,never_instantiated,0,,,,,0,0,,,,,,,,,,,,,,,,,,,,,,,,,,,,,,,,,,,,,,,,,,,,,,,,,,,,,,,,,,,,,,,,,,,,,,,,,,,,,,,,,,,,,,,,,,,,,,,,,,,,,,,,,,,,,,,,,,,,,,,,,,,,,,,,,,,,,,,,,,,,,,,,,,,,,,,,,,,,,,,,,,,,,,,,,,,,,,,,,,,,,,,,,,,,,,,,,,,,,,,,,,,,,,,,,,,,,,,,,,,,,,,,,,,,,,,,,,,,,,,,,,,,,,,,,,,,,,,,,,,,,,,,,,,,,,,,,,,,,,,,,,,,,,,,,,,,,,,,,,,,,,,,,,,,,,,,,,,,,,,,,,,,
Q34,1,10,1,3.99,customer,,8910,0,never_instantiated,0,,,,,0,0,,household_demographics,1040,0,never_instantiated,0,,,,,0,0,,store,43,0,never_instantiated,0,,,,,0,0,store_sales,date_dim,252,0,never_instantiated,0,,,,,0,0,,,,,,,,,,,,,,,,,,,,,,,,,,,,,,,,,,,,,,,,,,,,,,,,,,,,,,,,,,,,,,,,,,,,,,,,,,,,,,,,,,,,,,,,,,,,,,,,,,,,,,,,,,,,,,,,,,,,,,,,,,,,,,,,,,,,,,,,,,,,,,,,,,,,,,,,,,,,,,,,,,,,,,,,,,,,,,,,,,,,,,,,,,,,,,,,,,,,,,,,,,,,,,,,,,,,,,,,,,,,,,,,,,,,,,,,,,,,,,,,,,,,,,,,,,,,,,,,,,,,,,,,,,,,,,,,,,,,,,,,,,,,,,,,,,,,,,,,,,,,,,,,,,,,,,,,,,,,,,,,,,,,,,,,,,,,,,,,,,,,,,,,,,,,,,,,,,,,,,,,,,,,,,,,,,,,,,,,,,,,,,,,,,,,,,,,,,,,,,,,,,,,,,,,,,,,,,,,,,,,
Q35,1,9,1,4.20,,customer_address,133000,0,never_instantiated,0,,,,,0,0,customer_demographics,customer,256823,0,never_instantiated,0,,,,,0,0,,,256823,0,never_instantiated,0,,,,,0,0,,,256823,0,never_instantiated,0,,,,,0,0,store_sales,date_dim,274,0,never_instantiated,0,,,,,0,0,,,1357635,0,never_instantiated,0,,,,,0,0,,,223022,0,never_instantiated,0,,,,,0,0,web_sales,date_dim,274,0,never_instantiated,0,,,,,0,0,,,2659348,0,never_instantiated,0,,,,,0,0,,,223022,0,never_instantiated,0,,,,,0,0,catalog_sales,date_dim,274,0,never_instantiated,0,,,,,0,0,,,,,,,,,,,,,,,,,,,,,,,,,,,,,,,,,,,,,,,,,,,,,,,,,,,,,,,,,,,,,,,,,,,,,,,,,,,,,,,,,,,,,,,,,,,,,,,,,,,,,,,,,,,,,,,,,,,,,,,,,,,,,,,,,,,,,,,,,,,,,,,,,,,,,,,,,,,,,,,,,,,,,,,,,,,,,,,,,,,,,,,,,,,,,,,,,,,,,,,,,,,,,,,,,,,,,,,,,,,,,,,,,,,,,,,,,,,,,,,,,,,,,,,,,,,,,,,,,,,,,,,,,,,,,,,,,,,,,,,,,,,,,,,,,,,,,,,,,,,,,,,,,,,,,,,,,,,,,,,,,,,,,,,,,,,,,,,,
Q36,1,12,1,4.71,,store,43,0,never_instantiated,0,,,,,0,0,,item,28000,0,never_instantiated,0,,,,,0,0,store_sales,date_dim,365,0,never_instantiated,0,,,,,0,0,,,,,,,,,,,,,,,,,,,,,,,,,,,,,,,,,,,,,,,,,,,,,,,,,,,,,,,,,,,,,,,,,,,,,,,,,,,,,,,,,,,,,,,,,,,,,,,,,,,,,,,,,,,,,,,,,,,,,,,,,,,,,,,,,,,,,,,,,,,,,,,,,,,,,,,,,,,,,,,,,,,,,,,,,,,,,,,,,,,,,,,,,,,,,,,,,,,,,,,,,,,,,,,,,,,,,,,,,,,,,,,,,,,,,,,,,,,,,,,,,,,,,,,,,,,,,,,,,,,,,,,,,,,,,,,,,,,,,,,,,,,,,,,,,,,,,,,,,,,,,,,,,,,,,,,,,,,,,,,,,,,,,,,,,,,,,,,,,,,,,,,,,,,,,,,,,,,,,,,,,,,,,,,,,,,,,,,,,,,,,,,,,,,,,,,,,,,,,,,,,,,,,,,,,,,,,,,,,,,,,,,,,,,,,,,,
Q37,1,17,1,15.74,,item,2,0,never_instantiated,0,,,,,0,0,catalog_sales,,239415,0,never_instantiated,0,,,,,0,0,inventory,date_dim,61,0,never_instantiated,0,,,,,0,0,,,,,,,,,,,,,,,,,,,,,,,,,,,,,,,,,,,,,,,,,,,,,,,,,,,,,,,,,,,,,,,,,,,,,,,,,,,,,,,,,,,,,,,,,,,,,,,,,,,,,,,,,,,,,,,,,,,,,,,,,,,,,,,,,,,,,,,,,,,,,,,,,,,,,,,,,,,,,,,,,,,,,,,,,,,,,,,,,,,,,,,,,,,,,,,,,,,,,,,,,,,,,,,,,,,,,,,,,,,,,,,,,,,,,,,,,,,,,,,,,,,,,,,,,,,,,,,,,,,,,,,,,,,,,,,,,,,,,,,,,,,,,,,,,,,,,,,,,,,,,,,,,,,,,,,,,,,,,,,,,,,,,,,,,,,,,,,,,,,,,,,,,,,,,,,,,,,,,,,,,,,,,,,,,,,,,,,,,,,,,,,,,,,,,,,,,,,,,,,,,,,,,,,,,,,,,,,,,,,,,,,,,,,,,,,,
Q38,1,15,1,5.32,,,236113,0,never_instantiated,0,,,,,0,0,,,621690,0,never_instantiated,0,,,,,0,0,,customer,266000,0,never_instantiated,0,,,,,0,0,store_sales,date_dim,366,0,never_instantiated,0,,,,,0,0,,customer,266000,0,never_instantiated,0,,,,,0,0,catalog_sales,date_dim,366,0,never_instantiated,0,,,,,0,0,,customer,266000,0,never_instantiated,0,,,,,0,0,web_sales,date_dim,366,0,never_instantiated,0,,,,,0,0,,,,,,,,,,,,,,,,,,,,,,,,,,,,,,,,,,,,,,,,,,,,,,,,,,,,,,,,,,,,,,,,,,,,,,,,,,,,,,,,,,,,,,,,,,,,,,,,,,,,,,,,,,,,,,,,,,,,,,,,,,,,,,,,,,,,,,,,,,,,,,,,,,,,,,,,,,,,,,,,,,,,,,,,,,,,,,,,,,,,,,,,,,,,,,,,,,,,,,,,,,,,,,,,,,,,,,,,,,,,,,,,,,,,,,,,,,,,,,,,,,,,,,,,,,,,,,,,,,,,,,,,,,,,,,,,,,,,,,,,,,,,,,,,,,,,,,,,,,,,,,,,,,,,,,,,,,,,,,,,,,,,,,,,,,,,,,,,,,,,,,,,,,,,,,,,,,,,,,,,,,,,,,,,,,,,
Q39,1,10,1,0.21,,,4818,0,never_instantiated,0,,,,,0,0,,item,28000,0,never_instantiated,0,,,,,0,0,,date_dim,31,0,never_instantiated,0,,,,,0,0,inventory,warehouse,5,0,never_instantiated,0,,,,,0,0,,item,28000,0,never_instantiated,0,,,,,0,0,,date_dim,28,0,never_instantiated,0,,,,,0,0,inventory,warehouse,5,0,never_instantiated,0,,,,,0,0,,,,,,,,,,,,,,,,,,,,,,,,,,,,,,,,,,,,,,,,,,,,,,,,,,,,,,,,,,,,,,,,,,,,,,,,,,,,,,,,,,,,,,,,,,,,,,,,,,,,,,,,,,,,,,,,,,,,,,,,,,,,,,,,,,,,,,,,,,,,,,,,,,,,,,,,,,,,,,,,,,,,,,,,,,,,,,,,,,,,,,,,,,,,,,,,,,,,,,,,,,,,,,,,,,,,,,,,,,,,,,,,,,,,,,,,,,,,,,,,,,,,,,,,,,,,,,,,,,,,,,,,,,,,,,,,,,,,,,,,,,,,,,,,,,,,,,,,,,,,,,,,,,,,,,,,,,,,,,,,,,,,,,,,,,,,,,,,,,,,,,,,,,,,,,,,,,,,,,,,,,,,,,,,,,,,,,,,,,,,,,,,
Q40,1,1,1,0.51,,warehouse,5,0,never_instantiated,0,,,,,0,0,,item,1770,0,never_instantiated,0,,,,,0,0,,date_dim,61,0,never_instantiated,0,,,,,0,0,catalog_sales,catalog_returns,2880565,0,never_instantiated,0,,,,,0,0,,,,,,,,,,,,,,,,,,,,,,,,,,,,,,,,,,,,,,,,,,,,,,,,,,,,,,,,,,,,,,,,,,,,,,,,,,,,,,,,,,,,,,,,,,,,,,,,,,,,,,,,,,,,,,,,,,,,,,,,,,,,,,,,,,,,,,,,,,,,,,,,,,,,,,,,,,,,,,,,,,,,,,,,,,,,,,,,,,,,,,,,,,,,,,,,,,,,,,,,,,,,,,,,,,,,,,,,,,,,,,,,,,,,,,,,,,,,,,,,,,,,,,,,,,,,,,,,,,,,,,,,,,,,,,,,,,,,,,,,,,,,,,,,,,,,,,,,,,,,,,,,,,,,,,,,,,,,,,,,,,,,,,,,,,,,,,,,,,,,,,,,,,,,,,,,,,,,,,,,,,,,,,,,,,,,,,,,,,,,,,,,,,,,,,,,,,,,,,,,,,,,,,,,,,,,,,,,,,,,
Q41,1,10,1,0.11,,,81,0,never_instantiated,0,,,,,0,0,,,81,0,never_instantiated,0,,,,,0,0,item,,80,0,never_instantiated,0,,,,,0,0,,,,,,,,,,,,,,,,,,,,,,,,,,,,,,,,,,,,,,,,,,,,,,,,,,,,,,,,,,,,,,,,,,,,,,,,,,,,,,,,,,,,,,,,,,,,,,,,,,,,,,,,,,,,,,,,,,,,,,,,,,,,,,,,,,,,,,,,,,,,,,,,,,,,,,,,,,,,,,,,,,,,,,,,,,,,,,,,,,,,,,,,,,,,,,,,,,,,,,,,,,,,,,,,,,,,,,,,,,,,,,,,,,,,,,,,,,,,,,,,,,,,,,,,,,,,,,,,,,,,,,,,,,,,,,,,,,,,,,,,,,,,,,,,,,,,,,,,,,,,,,,,,,,,,,,,,,,,,,,,,,,,,,,,,,,,,,,,,,,,,,,,,,,,,,,,,,,,,,,,,,,,,,,,,,,,,,,,,,,,,,,,,,,,,,,,,,,,,,,,,,,,,,,,,,,,,,,,,,,,,,,,,,,,,,,,
Q42,1,0,1,2.05,,item,473,0,never_instantiated,0,,,,,0,0,store_sales,date_dim,30,0,never_instantiated,0,,,,,0,0,,,,,,,,,,,,,,,,,,,,,,,,,,,,,,,,,,,,,,,,,,,,,,,,,,,,,,,,,,,,,,,,,,,,,,,,,,,,,,,,,,,,,,,,,,,,,,,,,,,,,,,,,,,,,,,,,,,,,,,,,,,,,,,,,,,,,,,,,,,,,,,,,,,,,,,,,,,,,,,,,,,,,,,,,,,,,,,,,,,,,,,,,,,,,,,,,,,,,,,,,,,,,,,,,,,,,,,,,,,,,,,,,,,,,,,,,,,,,,,,,,,,,,,,,,,,,,,,,,,,,,,,,,,,,,,,,,,,,,,,,,,,,,,,,,,,,,,,,,,,,,,,,,,,,,,,,,,,,,,,,,,,,,,,,,,,,,,,,,,,,,,,,,,,,,,,,,,,,,,,,,,,,,,,,,,,,,,,,,,,,,,,,,,,,,,,,,,,,,,,,,,,,,,,,,,,,,,,,,,,,,,,,,,,,,,,,,,,,,,,,,,,
Q43,1,3,1,3.79,,date_dim,366,0,never_instantiated,0,,,,,0,0,store_sales,store,44,0,never_instantiated,0,,,,,0,0,,,,,,,,,,,,,,,,,,,,,,,,,,,,,,,,,,,,,,,,,,,,,,,,,,,,,,,,,,,,,,,,,,,,,,,,,,,,,,,,,,,,,,,,,,,,,,,,,,,,,,,,,,,,,,,,,,,,,,,,,,,,,,,,,,,,,,,,,,,,,,,,,,,,,,,,,,,,,,,,,,,,,,,,,,,,,,,,,,,,,,,,,,,,,,,,,,,,,,,,,,,,,,,,,,,,,,,,,,,,,,,,,,,,,,,,,,,,,,,,,,,,,,,,,,,,,,,,,,,,,,,,,,,,,,,,,,,,,,,,,,,,,,,,,,,,,,,,,,,,,,,,,,,,,,,,,,,,,,,,,,,,,,,,,,,,,,,,,,,,,,,,,,,,,,,,,,,,,,,,,,,,,,,,,,,,,,,,,,,,,,,,,,,,,,,,,,,,,,,,,,,,,,,,,,,,,,,,,,,,,,,,,,,,,,,,,,,,,,,,,,,,
Q44,1,13,1,10.43,,,10,0,never_instantiated,0,,,,,0,0,,,10,0,never_instantiated,0,,,,,0,0,,,,,,,,,,,,,,,,,,,,,,,,,,,,,,,,,,,,,,,,,,,,,,,,,,,,,,,,,,,,,,,,,,,,,,,,,,,,,,,,,,,,,,,,,,,,,,,,,,,,,,,,,,,,,,,,,,,,,,,,,,,,,,,,,,,,,,,,,,,,,,,,,,,,,,,,,,,,,,,,,,,,,,,,,,,,,,,,,,,,,,,,,,,,,,,,,,,,,,,,,,,,,,,,,,,,,,,,,,,,,,,,,,,,,,,,,,,,,,,,,,,,,,,,,,,,,,,,,,,,,,,,,,,,,,,,,,,,,,,,,,,,,,,,,,,,,,,,,,,,,,,,,,,,,,,,,,,,,,,,,,,,,,,,,,,,,,,,,,,,,,,,,,,,,,,,,,,,,,,,,,,,,,,,,,,,,,,,,,,,,,,,,,,,,,,,,,,,,,,,,,,,,,,,,,,,,,,,,,,,,,,,,,,,,,,,,,,,,,,,,,,,
Q45,1,15,1,0.82,,,9,0,never_instantiated,0,,,,,0,0,,,10,0,never_instantiated,0,,,,,0,0,customer_address,,418734,0,never_instantiated,0,,,,,0,0,,item,28000,0,never_instantiated,0,,,,,0,0,,date_dim,91,0,never_instantiated,0,,,,,0,0,web_sales,customer,266000,0,never_instantiated,0,,,,,0,0,item,,10,0,never_instantiated,0,,,,,0,0,,,,,,,,,,,,,,,,,,,,,,,,,,,,,,,,,,,,,,,,,,,,,,,,,,,,,,,,,,,,,,,,,,,,,,,,,,,,,,,,,,,,,,,,,,,,,,,,,,,,,,,,,,,,,,,,,,,,,,,,,,,,,,,,,,,,,,,,,,,,,,,,,,,,,,,,,,,,,,,,,,,,,,,,,,,,,,,,,,,,,,,,,,,,,,,,,,,,,,,,,,,,,,,,,,,,,,,,,,,,,,,,,,,,,,,,,,,,,,,,,,,,,,,,,,,,,,,,,,,,,,,,,,,,,,,,,,,,,,,,,,,,,,,,,,,,,,,,,,,,,,,,,,,,,,,,,,,,,,,,,,,,,,,,,,,,,,,,,,,,,,,,,,,,,,,,,,,,,,,,,,,,,,,,,,,,,,,,,,,,,,,,
Q46,1,13,1,5.63,,,140883,0,never_instantiated,0,,,,,0,0,customer,customer_address,133000,0,never_instantiated,0,,,,,0,0,,store,32,0,never_instantiated,0,,,,,0,0,,household_demographics,1800,0,never_instantiated,0,,,,,0,0,,customer_address,133000,0,never_instantiated,0,,,,,0,0,store_sales,date_dim,314,0,never_instantiated,0,,,,,0,0,,,,,,,,,,,,,,,,,,,,,,,,,,,,,,,,,,,,,,,,,,,,,,,,,,,,,,,,,,,,,,,,,,,,,,,,,,,,,,,,,,,,,,,,,,,,,,,,,,,,,,,,,,,,,,,,,,,,,,,,,,,,,,,,,,,,,,,,,,,,,,,,,,,,,,,,,,,,,,,,,,,,,,,,,,,,,,,,,,,,,,,,,,,,,,,,,,,,,,,,,,,,,,,,,,,,,,,,,,,,,,,,,,,,,,,,,,,,,,,,,,,,,,,,,,,,,,,,,,,,,,,,,,,,,,,,,,,,,,,,,,,,,,,,,,,,,,,,,,,,,,,,,,,,,,,,,,,,,,,,,,,,,,,,,,,,,,,,,,,,,,,,,,,,,,,,,,,,,,,,,,,,,,,,,,,,,,,,,,,,,,,,,,,,,,,,,,,,
Q47,1,13,1,7.17,,date_dim,427,0,never_instantiated,0,,,,,0,0,,store,44,0,never_instantiated,0,,,,,0,0,store_sales,item,28000,0,never_instantiated,0,,,,,0,0,,,119769,0,never_instantiated,0,,,,,0,0,,,119769,0,never_instantiated,0,,,,,0,0,,,,,,,,,,,,,,,,,,,,,,,,,,,,,,,,,,,,,,,,,,,,,,,,,,,,,,,,,,,,,,,,,,,,,,,,,,,,,,,,,,,,,,,,,,,,,,,,,,,,,,,,,,,,,,,,,,,,,,,,,,,,,,,,,,,,,,,,,,,,,,,,,,,,,,,,,,,,,,,,,,,,,,,,,,,,,,,,,,,,,,,,,,,,,,,,,,,,,,,,,,,,,,,,,,,,,,,,,,,,,,,,,,,,,,,,,,,,,,,,,,,,,,,,,,,,,,,,,,,,,,,,,,,,,,,,,,,,,,,,,,,,,,,,,,,,,,,,,,,,,,,,,,,,,,,,,,,,,,,,,,,,,,,,,,,,,,,,,,,,,,,,,,,,,,,,,,,,,,,,,,,,,,,,,,,,,,,,,,,,,,,,,,,,,,,,,,,,,,,,,,,,,,,,
Q48,1,19,1,4.40,,date_dim,366,0,never_instantiated,0,,,,,0,0,,customer_demographics,1920800,0,never_instantiated,0,,,,,0,0,,customer_address,128938,0,never_instantiated,0,,,,,0,0,store_sales,store,44,0,never_instantiated,0,,,,,0,0,,,,,,,,,,,,,,,,,,,,,,,,,,,,,,,,,,,,,,,,,,,,,,,,,,,,,,,,,,,,,,,,,,,,,,,,,,,,,,,,,,,,,,,,,,,,,,,,,,,,,,,,,,,,,,,,,,,,,,,,,,,,,,,,,,,,,,,,,,,,,,,,,,,,,,,,,,,,,,,,,,,,,,,,,,,,,,,,,,,,,,,,,,,,,,,,,,,,,,,,,,,,,,,,,,,,,,,,,,,,,,,,,,,,,,,,,,,,,,,,,,,,,,,,,,,,,,,,,,,,,,,,,,,,,,,,,,,,,,,,,,,,,,,,,,,,,,,,,,,,,,,,,,,,,,,,,,,,,,,,,,,,,,,,,,,,,,,,,,,,,,,,,,,,,,,,,,,,,,,,,,,,,,,,,,,,,,,,,,,,,,,,,,,,,,,,,,,,,,,,,,,,,,,,,,,,,,,,,,,,
Q49,1,2,1,3.28,,date_dim,31,0,never_instantiated,0,,,,,0,0,web_sales,web_returns,11905,0,never_instantiated,0,,,,,0,0,,date_dim,31,0,never_instantiated,0,,,,,0,0,catalog_sales,catalog_returns,24713,0,never_instantiated,0,,,,,0,0,store_returns,,461137,0,never_instantiated,0,,,,,0,0,store_sales,date_dim,31,0,never_instantiated,0,,,,,0,0,,,,,,,,,,,,,,,,,,,,,,,,,,,,,,,,,,,,,,,,,,,,,,,,,,,,,,,,,,,,,,,,,,,,,,,,,,,,,,,,,,,,,,,,,,,,,,,,,,,,,,,,,,,,,,,,,,,,,,,,,,,,,,,,,,,,,,,,,,,,,,,,,,,,,,,,,,,,,,,,,,,,,,,,,,,,,,,,,,,,,,,,,,,,,,,,,,,,,,,,,,,,,,,,,,,,,,,,,,,,,,,,,,,,,,,,,,,,,,,,,,,,,,,,,,,,,,,,,,,,,,,,,,,,,,,,,,,,,,,,,,,,,,,,,,,,,,,,,,,,,,,,,,,,,,,,,,,,,,,,,,,,,,,,,,,,,,,,,,,,,,,,,,,,,,,,,,,,,,,,,,,,,,,,,,,,,,,,,,,,,,,,,,,,,,,,,,,,
Q50,1,18,1,8.71,,date_dim,31,0,never_instantiated,0,,,,,0,0,,store,44,0,never_instantiated,0,,,,,0,0,,store_returns,5555711,0,never_instantiated,0,,,,,0,0,store_sales,date_dim,1827,0,never_instantiated,0,,,,,0,0,,,,,,,,,,,,,,,,,,,,,,,,,,,,,,,,,,,,,,,,,,,,,,,,,,,,,,,,,,,,,,,,,,,,,,,,,,,,,,,,,,,,,,,,,,,,,,,,,,,,,,,,,,,,,,,,,,,,,,,,,,,,,,,,,,,,,,,,,,,,,,,,,,,,,,,,,,,,,,,,,,,,,,,,,,,,,,,,,,,,,,,,,,,,,,,,,,,,,,,,,,,,,,,,,,,,,,,,,,,,,,,,,,,,,,,,,,,,,,,,,,,,,,,,,,,,,,,,,,,,,,,,,,,,,,,,,,,,,,,,,,,,,,,,,,,,,,,,,,,,,,,,,,,,,,,,,,,,,,,,,,,,,,,,,,,,,,,,,,,,,,,,,,,,,,,,,,,,,,,,,,,,,,,,,,,,,,,,,,,,,,,,,,,,,,,,,,,,,,,,,,,,,,,,,,,,,,,,,,,,
Q51,1,3,1,11.57,,,2078970,0,never_instantiated,0,,,,,0,0,store_sales,date_dim,366,0,never_instantiated,0,,,,,0,0,web_sales,date_dim,366,0,never_instantiated,0,,,,,0,0,,,,,,,,,,,,,,,,,,,,,,,,,,,,,,,,,,,,,,,,,,,,,,,,,,,,,,,,,,,,,,,,,,,,,,,,,,,,,,,,,,,,,,,,,,,,,,,,,,,,,,,,,,,,,,,,,,,,,,,,,,,,,,,,,,,,,,,,,,,,,,,,,,,,,,,,,,,,,,,,,,,,,,,,,,,,,,,,,,,,,,,,,,,,,,,,,,,,,,,,,,,,,,,,,,,,,,,,,,,,,,,,,,,,,,,,,,,,,,,,,,,,,,,,,,,,,,,,,,,,,,,,,,,,,,,,,,,,,,,,,,,,,,,,,,,,,,,,,,,,,,,,,,,,,,,,,,,,,,,,,,,,,,,,,,,,,,,,,,,,,,,,,,,,,,,,,,,,,,,,,,,,,,,,,,,,,,,,,,,,,,,,,,,,,,,,,,,,,,,,,,,,,,,,,,,,,,,,,,,,,,,,,,,,,,,,
Q52,1,2,1,2.05,,item,473,0,never_instantiated,0,,,,,0,0,store_sales,date_dim,30,0,never_instantiated,0,,,,,0,0,,,,,,,,,,,,,,,,,,,,,,,,,,,,,,,,,,,,,,,,,,,,,,,,,,,,,,,,,,,,,,,,,,,,,,,,,,,,,,,,,,,,,,,,,,,,,,,,,,,,,,,,,,,,,,,,,,,,,,,,,,,,,,,,,,,,,,,,,,,,,,,,,,,,,,,,,,,,,,,,,,,,,,,,,,,,,,,,,,,,,,,,,,,,,,,,,,,,,,,,,,,,,,,,,,,,,,,,,,,,,,,,,,,,,,,,,,,,,,,,,,,,,,,,,,,,,,,,,,,,,,,,,,,,,,,,,,,,,,,,,,,,,,,,,,,,,,,,,,,,,,,,,,,,,,,,,,,,,,,,,,,,,,,,,,,,,,,,,,,,,,,,,,,,,,,,,,,,,,,,,,,,,,,,,,,,,,,,,,,,,,,,,,,,,,,,,,,,,,,,,,,,,,,,,,,,,,,,,,,,,,,,,,,,,,,,,,,,,,,,,,,,
Q53,1,19,1,2.67,,store,44,0,never_instantiated,0,,,,,0,0,,item,1455,0,never_instantiated,0,,,,,0,0,store_sales,date_dim,366,0,never_instantiated,0,,,,,0,0,,,,,,,,,,,,,,,,,,,,,,,,,,,,,,,,,,,,,,,,,,,,,,,,,,,,,,,,,,,,,,,,,,,,,,,,,,,,,,,,,,,,,,,,,,,,,,,,,,,,,,,,,,,,,,,,,,,,,,,,,,,,,,,,,,,,,,,,,,,,,,,,,,,,,,,,,,,,,,,,,,,,,,,,,,,,,,,,,,,,,,,,,,,,,,,,,,,,,,,,,,,,,,,,,,,,,,,,,,,,,,,,,,,,,,,,,,,,,,,,,,,,,,,,,,,,,,,,,,,,,,,,,,,,,,,,,,,,,,,,,,,,,,,,,,,,,,,,,,,,,,,,,,,,,,,,,,,,,,,,,,,,,,,,,,,,,,,,,,,,,,,,,,,,,,,,,,,,,,,,,,,,,,,,,,,,,,,,,,,,,,,,,,,,,,,,,,,,,,,,,,,,,,,,,,,,,,,,,,,,,,,,,,,,,,,,
Q54,1,10,1,9999999,,,,,,,,,,,,,,,,,,,,,,,,,,,,,,,,,,,,,,,,,,,,,,,,,,,,,,,,,,,,,,,,,,,,,,,,,,,,,,,,,,,,,,,,,,,,,,,,,,,,,,,,,,,,,,,,,,,,,,,,,,,,,,,,,,,,,,,,,,,,,,,,,,,,,,,,,,,,,,,,,,,,,,,,,,,,,,,,,,,,,,,,,,,,,,,,,,,,,,,,,,,,,,,,,,,,,,,,,,,,,,,,,,,,,,,,,,,,,,,,,,,,,,,,,,,,,,,,,,,,,,,,,,,,,,,,,,,,,,,,,,,,,,,,,,,,,,,,,,,,,,,,,,,,,,,,,,,,,,,,,,,,,,,,,,,,,,,,,,,,,,,,,,,,,,,,,,,,,,,,,,,,,,,,,,,,,,,,,,,,,,,,,,,,,,,,,,,,,,,,,,,,,,,,,,,,,,,,,,,,,,,,,,,,,,,,,,,,,,,,,,,,,,,,,,,,,,,,,,,,,,,,,,,,
Q55,1,0,1,2.05,,item,511,0,never_instantiated,0,,,,,0,0,store_sales,date_dim,30,0,never_instantiated,0,,,,,0,0,,,,,,,,,,,,,,,,,,,,,,,,,,,,,,,,,,,,,,,,,,,,,,,,,,,,,,,,,,,,,,,,,,,,,,,,,,,,,,,,,,,,,,,,,,,,,,,,,,,,,,,,,,,,,,,,,,,,,,,,,,,,,,,,,,,,,,,,,,,,,,,,,,,,,,,,,,,,,,,,,,,,,,,,,,,,,,,,,,,,,,,,,,,,,,,,,,,,,,,,,,,,,,,,,,,,,,,,,,,,,,,,,,,,,,,,,,,,,,,,,,,,,,,,,,,,,,,,,,,,,,,,,,,,,,,,,,,,,,,,,,,,,,,,,,,,,,,,,,,,,,,,,,,,,,,,,,,,,,,,,,,,,,,,,,,,,,,,,,,,,,,,,,,,,,,,,,,,,,,,,,,,,,,,,,,,,,,,,,,,,,,,,,,,,,,,,,,,,,,,,,,,,,,,,,,,,,,,,,,,,,,,,,,,,,,,,,,,,,,,,,,,
Q56,1,8,1,2.36,,item,763,0,never_instantiated,0,,,,,0,0,,date_dim,28,0,never_instantiated,0,,,,,0,0,,customer_address,48344,0,never_instantiated,0,,,,,0,0,store_sales,item,28000,0,never_instantiated,0,,,,,0,0,,item,763,0,never_instantiated,0,,,,,0,0,,customer_address,48344,0,never_instantiated,0,,,,,0,0,,date_dim,28,0,never_instantiated,0,,,,,0,0,catalog_sales,item,28000,0,never_instantiated,0,,,,,0,0,,item,763,0,never_instantiated,0,,,,,0,0,,customer_address,48344,0,never_instantiated,0,,,,,0,0,,date_dim,28,0,never_instantiated,0,,,,,0,0,web_sales,item,28000,0,never_instantiated,0,,,,,0,0,,,,,,,,,,,,,,,,,,,,,,,,,,,,,,,,,,,,,,,,,,,,,,,,,,,,,,,,,,,,,,,,,,,,,,,,,,,,,,,,,,,,,,,,,,,,,,,,,,,,,,,,,,,,,,,,,,,,,,,,,,,,,,,,,,,,,,,,,,,,,,,,,,,,,,,,,,,,,,,,,,,,,,,,,,,,,,,,,,,,,,,,,,,,,,,,,,,,,,,,,,,,,,,,,,,,,,,,,,,,,,,,,,,,,,,,,,,,,,,,,,,,,,,,,,,,,,,,,,,,,,,,,,,,,,,,,,,,,,,,,,,,,,,,,,,,,,,,,,,,,,,,,,,,,,,,,,,,,,,,,,,,
Q57,1,9,1,1.95,,item,28000,0,never_instantiated,0,,,,,0,0,,call_center,6,0,never_instantiated,0,,,,,0,0,catalog_sales,date_dim,427,0,never_instantiated,0,,,,,0,0,,,35962,0,never_instantiated,0,,,,,0,0,,,35962,0,never_instantiated,0,,,,,0,0,,,,,,,,,,,,,,,,,,,,,,,,,,,,,,,,,,,,,,,,,,,,,,,,,,,,,,,,,,,,,,,,,,,,,,,,,,,,,,,,,,,,,,,,,,,,,,,,,,,,,,,,,,,,,,,,,,,,,,,,,,,,,,,,,,,,,,,,,,,,,,,,,,,,,,,,,,,,,,,,,,,,,,,,,,,,,,,,,,,,,,,,,,,,,,,,,,,,,,,,,,,,,,,,,,,,,,,,,,,,,,,,,,,,,,,,,,,,,,,,,,,,,,,,,,,,,,,,,,,,,,,,,,,,,,,,,,,,,,,,,,,,,,,,,,,,,,,,,,,,,,,,,,,,,,,,,,,,,,,,,,,,,,,,,,,,,,,,,,,,,,,,,,,,,,,,,,,,,,,,,,,,,,,,,,,,,,,,,,,,,,,,,,,,,,,,,,,,,,,,,,,,,,,,
Q58,1,7,1,6.55,,,13990,0,never_instantiated,0,,,,,0,0,,,14001,0,never_instantiated,0,,,,,0,0,,,7,0,never_instantiated,0,,,,,0,0,,date_dim,1827,0,never_instantiated,0,,,,,0,0,store_sales,item,28000,0,never_instantiated,0,,,,,0,0,date_dim,date_dim,1,0,never_instantiated,0,,,,,0,0,,,7,0,never_instantiated,0,,,,,0,0,,date_dim,1840,0,never_instantiated,0,,,,,0,0,catalog_sales,item,28000,0,never_instantiated,0,,,,,0,0,date_dim,date_dim,1,0,never_instantiated,0,,,,,0,0,,,7,0,never_instantiated,0,,,,,0,0,,date_dim,1827,0,never_instantiated,0,,,,,0,0,web_sales,item,28000,0,never_instantiated,0,,,,,0,0,date_dim,date_dim,1,0,never_instantiated,0,,,,,0,0,,,,,,,,,,,,,,,,,,,,,,,,,,,,,,,,,,,,,,,,,,,,,,,,,,,,,,,,,,,,,,,,,,,,,,,,,,,,,,,,,,,,,,,,,,,,,,,,,,,,,,,,,,,,,,,,,,,,,,,,,,,,,,,,,,,,,,,,,,,,,,,,,,,,,,,,,,,,,,,,,,,,,,,,,,,,,,,,,,,,,,,,,,,,,,,,,,,,,,,,,,,,,,,,,,,,,,,,,,,,,,,,,,,,,,,,,,,,,,,,,,,,,,,,,,,,,,,,,,,,,,,,,,,,,,,,,,,,,,,,,,,,,,,,,,,,,,,,,,,,
Q59,1,14,1,6.34,store_sales,date_dim,1827,0,never_instantiated,0,,,,,0,0,,,8395,0,never_instantiated,0,,,,,0,0,,,6026,0,never_instantiated,0,,,,,0,0,,,6026,0,never_instantiated,0,,,,,0,0,,,,,,,,,,,,,,,,,,,,,,,,,,,,,,,,,,,,,,,,,,,,,,,,,,,,,,,,,,,,,,,,,,,,,,,,,,,,,,,,,,,,,,,,,,,,,,,,,,,,,,,,,,,,,,,,,,,,,,,,,,,,,,,,,,,,,,,,,,,,,,,,,,,,,,,,,,,,,,,,,,,,,,,,,,,,,,,,,,,,,,,,,,,,,,,,,,,,,,,,,,,,,,,,,,,,,,,,,,,,,,,,,,,,,,,,,,,,,,,,,,,,,,,,,,,,,,,,,,,,,,,,,,,,,,,,,,,,,,,,,,,,,,,,,,,,,,,,,,,,,,,,,,,,,,,,,,,,,,,,,,,,,,,,,,,,,,,,,,,,,,,,,,,,,,,,,,,,,,,,,,,,,,,,,,,,,,,,,,,,,,,,,,,,,,,,,,,,,,,,,,,,,,,,,,,,,,,,,,,,
Q60,1,14,1,2.87,,item,2825,0,never_instantiated,0,,,,,0,0,,date_dim,30,0,never_instantiated,0,,,,,0,0,,customer_address,48344,0,never_instantiated,0,,,,,0,0,store_sales,item,28000,0,never_instantiated,0,,,,,0,0,,item,2825,0,never_instantiated,0,,,,,0,0,item,,225376,0,never_instantiated,0,,,,,0,0,,customer_address,48344,0,never_instantiated,0,,,,,0,0,catalog_sales,date_dim,30,0,never_instantiated,0,,,,,0,0,,item,2825,0,never_instantiated,0,,,,,0,0,item,,112943,0,never_instantiated,0,,,,,0,0,,date_dim,30,0,never_instantiated,0,,,,,0,0,web_sales,customer_address,48344,0,never_instantiated,0,,,,,0,0,,,,,,,,,,,,,,,,,,,,,,,,,,,,,,,,,,,,,,,,,,,,,,,,,,,,,,,,,,,,,,,,,,,,,,,,,,,,,,,,,,,,,,,,,,,,,,,,,,,,,,,,,,,,,,,,,,,,,,,,,,,,,,,,,,,,,,,,,,,,,,,,,,,,,,,,,,,,,,,,,,,,,,,,,,,,,,,,,,,,,,,,,,,,,,,,,,,,,,,,,,,,,,,,,,,,,,,,,,,,,,,,,,,,,,,,,,,,,,,,,,,,,,,,,,,,,,,,,,,,,,,,,,,,,,,,,,,,,,,,,,,,,,,,,,,,,,,,,,,,,,,,,,,,,,,,,,,,,,,,,,,,
Q61,1,13,1,4.81,,promotion,180,0,never_instantiated,0,,,,,0,0,customer_address,,169086,0,never_instantiated,0,,,,,0,0,,date_dim,30,0,never_instantiated,0,,,,,0,0,,item,2749,0,never_instantiated,0,,,,,0,0,,customer,266000,0,never_instantiated,0,,,,,0,0,store_sales,store,44,0,never_instantiated,0,,,,,0,0,customer_address,,169086,0,never_instantiated,0,,,,,0,0,,store,44,0,never_instantiated,0,,,,,0,0,customer,,171098,0,never_instantiated,0,,,,,0,0,,item,2749,0,never_instantiated,0,,,,,0,0,store_sales,date_dim,30,0,never_instantiated,0,,,,,0,0,,,,,,,,,,,,,,,,,,,,,,,,,,,,,,,,,,,,,,,,,,,,,,,,,,,,,,,,,,,,,,,,,,,,,,,,,,,,,,,,,,,,,,,,,,,,,,,,,,,,,,,,,,,,,,,,,,,,,,,,,,,,,,,,,,,,,,,,,,,,,,,,,,,,,,,,,,,,,,,,,,,,,,,,,,,,,,,,,,,,,,,,,,,,,,,,,,,,,,,,,,,,,,,,,,,,,,,,,,,,,,,,,,,,,,,,,,,,,,,,,,,,,,,,,,,,,,,,,,,,,,,,,,,,,,,,,,,,,,,,,,,,,,,,,,,,,,,,,,,,,,,,,,,,,,,,,,,,,,,,,,,,,,,,,,,,,,,,
Q62,1,16,1,1.43,,warehouse,5,0,never_instantiated,0,,,,,0,0,,web_site,28,0,never_instantiated,0,,,,,0,0,,ship_mode,20,0,never_instantiated,0,,,,,0,0,web_sales,date_dim,366,0,never_instantiated,0,,,,,0,0,,,,,,,,,,,,,,,,,,,,,,,,,,,,,,,,,,,,,,,,,,,,,,,,,,,,,,,,,,,,,,,,,,,,,,,,,,,,,,,,,,,,,,,,,,,,,,,,,,,,,,,,,,,,,,,,,,,,,,,,,,,,,,,,,,,,,,,,,,,,,,,,,,,,,,,,,,,,,,,,,,,,,,,,,,,,,,,,,,,,,,,,,,,,,,,,,,,,,,,,,,,,,,,,,,,,,,,,,,,,,,,,,,,,,,,,,,,,,,,,,,,,,,,,,,,,,,,,,,,,,,,,,,,,,,,,,,,,,,,,,,,,,,,,,,,,,,,,,,,,,,,,,,,,,,,,,,,,,,,,,,,,,,,,,,,,,,,,,,,,,,,,,,,,,,,,,,,,,,,,,,,,,,,,,,,,,,,,,,,,,,,,,,,,,,,,,,,,,,,,,,,,,,,,,,,,,,,,,,,,
Q63,1,19,1,2.67,,store,44,0,never_instantiated,0,,,,,0,0,,item,1455,0,never_instantiated,0,,,,,0,0,store_sales,date_dim,366,0,never_instantiated,0,,,,,0,0,,,,,,,,,,,,,,,,,,,,,,,,,,,,,,,,,,,,,,,,,,,,,,,,,,,,,,,,,,,,,,,,,,,,,,,,,,,,,,,,,,,,,,,,,,,,,,,,,,,,,,,,,,,,,,,,,,,,,,,,,,,,,,,,,,,,,,,,,,,,,,,,,,,,,,,,,,,,,,,,,,,,,,,,,,,,,,,,,,,,,,,,,,,,,,,,,,,,,,,,,,,,,,,,,,,,,,,,,,,,,,,,,,,,,,,,,,,,,,,,,,,,,,,,,,,,,,,,,,,,,,,,,,,,,,,,,,,,,,,,,,,,,,,,,,,,,,,,,,,,,,,,,,,,,,,,,,,,,,,,,,,,,,,,,,,,,,,,,,,,,,,,,,,,,,,,,,,,,,,,,,,,,,,,,,,,,,,,,,,,,,,,,,,,,,,,,,,,,,,,,,,,,,,,,,,,,,,,,,,,,,,,,,,,,,,,
Q64,1,14,1,14.53,,,28000,0,never_instantiated,0,,,,,0,0,store_returns,,5593,0,never_instantiated,0,,,,,0,0,,income_band,20,0,never_instantiated,0,,,,,0,0,,household_demographics,7200,0,never_instantiated,0,,,,,0,0,,income_band,20,0,never_instantiated,0,,,,,0,0,,household_demographics,7200,0,never_instantiated,0,,,,,0,0,,customer_demographics,1920788,0,never_instantiated,0,,,,,0,0,,date_dim,3651,0,never_instantiated,0,,,,,0,0,,date_dim,3651,0,never_instantiated,0,,,,,0,0,,customer_address,133000,0,never_instantiated,0,,,,,0,0,,,16,0,never_instantiated,0,,,,,0,0,,promotion,355,0,never_instantiated,0,,,,,0,0,,customer,266000,0,never_instantiated,0,,,,,0,0,,store,44,0,never_instantiated,0,,,,,0,0,,date_dim,731,0,never_instantiated,0,,,,,0,0,,customer_address,133000,0,never_instantiated,0,,,,,0,0,store_sales,customer_demographics,1920800,0,never_instantiated,0,,,,,0,0,item,,6,0,never_instantiated,0,,,,,0,0,catalog_sales,catalog_returns,2880565,0,never_instantiated,0,,,,,0,0,,,154,0,never_instantiated,0,,,,,0,0,,,,,,,,,,,,,,,,,,,,,,,,,,,,,,,,,,,,,,,,,,,,,,,,,,,,,,,,,,,,,,,,,,,,,,,,,,,,,,,,,,,,,,,,,,,,,,,,,,,,,,,,,,,,,,,,,,,,,,,,,,,,,,,,,,,,,,,,,,,,,,,,,,,,,,,,,,,,,,,,,,,,,,,,,,,,,,,,,,,,,,,,,,,,,,,,,,,,,,,,,,,,,,,,,,,,,,,,,,,,,,,,,,,,
Q65,1,12,1,5.12,,,644000,0,never_instantiated,0,,,,,0,0,store_sales,date_dim,364,0,never_instantiated,0,,,,,0,0,,,23,0,never_instantiated,0,,,,,0,0,store_sales,date_dim,364,0,never_instantiated,0,,,,,0,0,,,,,,,,,,,,,,,,,,,,,,,,,,,,,,,,,,,,,,,,,,,,,,,,,,,,,,,,,,,,,,,,,,,,,,,,,,,,,,,,,,,,,,,,,,,,,,,,,,,,,,,,,,,,,,,,,,,,,,,,,,,,,,,,,,,,,,,,,,,,,,,,,,,,,,,,,,,,,,,,,,,,,,,,,,,,,,,,,,,,,,,,,,,,,,,,,,,,,,,,,,,,,,,,,,,,,,,,,,,,,,,,,,,,,,,,,,,,,,,,,,,,,,,,,,,,,,,,,,,,,,,,,,,,,,,,,,,,,,,,,,,,,,,,,,,,,,,,,,,,,,,,,,,,,,,,,,,,,,,,,,,,,,,,,,,,,,,,,,,,,,,,,,,,,,,,,,,,,,,,,,,,,,,,,,,,,,,,,,,,,,,,,,,,,,,,,,,,,,,,,,,,,,,,,,,,,,,,,,,,
Q66,1,15,1,1.64,,time_dim,28801,0,never_instantiated,0,,,,,0,0,,date_dim,365,0,never_instantiated,0,,,,,0,0,,ship_mode,2,0,never_instantiated,0,,,,,0,0,web_sales,warehouse,5,0,never_instantiated,0,,,,,0,0,,ship_mode,2,0,never_instantiated,0,,,,,0,0,,time_dim,28801,0,never_instantiated,0,,,,,0,0,,date_dim,365,0,never_instantiated,0,,,,,0,0,catalog_sales,warehouse,5,0,never_instantiated,0,,,,,0,0,,,,,,,,,,,,,,,,,,,,,,,,,,,,,,,,,,,,,,,,,,,,,,,,,,,,,,,,,,,,,,,,,,,,,,,,,,,,,,,,,,,,,,,,,,,,,,,,,,,,,,,,,,,,,,,,,,,,,,,,,,,,,,,,,,,,,,,,,,,,,,,,,,,,,,,,,,,,,,,,,,,,,,,,,,,,,,,,,,,,,,,,,,,,,,,,,,,,,,,,,,,,,,,,,,,,,,,,,,,,,,,,,,,,,,,,,,,,,,,,,,,,,,,,,,,,,,,,,,,,,,,,,,,,,,,,,,,,,,,,,,,,,,,,,,,,,,,,,,,,,,,,,,,,,,,,,,,,,,,,,,,,,,,,,,,,,,,,,,,,,,,,,,,,,,,,,,,,,,,,,,,,,,,,,,,,
Q67,1,12,1,25.19,,store,44,0,never_instantiated,0,,,,,0,0,,item,28000,0,never_instantiated,0,,,,,0,0,store_sales,date_dim,366,0,never_instantiated,0,,,,,0,0,,,,,,,,,,,,,,,,,,,,,,,,,,,,,,,,,,,,,,,,,,,,,,,,,,,,,,,,,,,,,,,,,,,,,,,,,,,,,,,,,,,,,,,,,,,,,,,,,,,,,,,,,,,,,,,,,,,,,,,,,,,,,,,,,,,,,,,,,,,,,,,,,,,,,,,,,,,,,,,,,,,,,,,,,,,,,,,,,,,,,,,,,,,,,,,,,,,,,,,,,,,,,,,,,,,,,,,,,,,,,,,,,,,,,,,,,,,,,,,,,,,,,,,,,,,,,,,,,,,,,,,,,,,,,,,,,,,,,,,,,,,,,,,,,,,,,,,,,,,,,,,,,,,,,,,,,,,,,,,,,,,,,,,,,,,,,,,,,,,,,,,,,,,,,,,,,,,,,,,,,,,,,,,,,,,,,,,,,,,,,,,,,,,,,,,,,,,,,,,,,,,,,,,,,,,,,,,,,,,,,,,,,,,,,,,,
Q68,1,13,1,5.02,,,257981,0,never_instantiated,0,,,,,0,0,,household_demographics,1800,0,never_instantiated,0,,,,,0,0,,store,32,0,never_instantiated,0,,,,,0,0,,date_dim,72,0,never_instantiated,0,,,,,0,0,store_sales,customer_address,133000,0,never_instantiated,0,,,,,0,0,customer,customer_address,133000,0,never_instantiated,0,,,,,0,0,,,,,,,,,,,,,,,,,,,,,,,,,,,,,,,,,,,,,,,,,,,,,,,,,,,,,,,,,,,,,,,,,,,,,,,,,,,,,,,,,,,,,,,,,,,,,,,,,,,,,,,,,,,,,,,,,,,,,,,,,,,,,,,,,,,,,,,,,,,,,,,,,,,,,,,,,,,,,,,,,,,,,,,,,,,,,,,,,,,,,,,,,,,,,,,,,,,,,,,,,,,,,,,,,,,,,,,,,,,,,,,,,,,,,,,,,,,,,,,,,,,,,,,,,,,,,,,,,,,,,,,,,,,,,,,,,,,,,,,,,,,,,,,,,,,,,,,,,,,,,,,,,,,,,,,,,,,,,,,,,,,,,,,,,,,,,,,,,,,,,,,,,,,,,,,,,,,,,,,,,,,,,,,,,,,,,,,,,,,,,,,,,,,,,,,,,,,,
Q69,1,9,1,2.36,,customer_address,12740,0,never_instantiated,0,,,,,0,0,customer_demographics,customer,256823,0,never_instantiated,0,,,,,0,0,,,24569,0,never_instantiated,0,,,,,0,0,,,24569,0,never_instantiated,0,,,,,0,0,store_sales,date_dim,91,0,never_instantiated,0,,,,,0,0,,,9959,0,never_instantiated,0,,,,,0,0,,,9959,0,never_instantiated,0,,,,,0,0,web_sales,date_dim,91,0,never_instantiated,0,,,,,0,0,,,8750,0,never_instantiated,0,,,,,0,0,,,8750,0,never_instantiated,0,,,,,0,0,catalog_sales,date_dim,91,0,never_instantiated,0,,,,,0,0,,,,,,,,,,,,,,,,,,,,,,,,,,,,,,,,,,,,,,,,,,,,,,,,,,,,,,,,,,,,,,,,,,,,,,,,,,,,,,,,,,,,,,,,,,,,,,,,,,,,,,,,,,,,,,,,,,,,,,,,,,,,,,,,,,,,,,,,,,,,,,,,,,,,,,,,,,,,,,,,,,,,,,,,,,,,,,,,,,,,,,,,,,,,,,,,,,,,,,,,,,,,,,,,,,,,,,,,,,,,,,,,,,,,,,,,,,,,,,,,,,,,,,,,,,,,,,,,,,,,,,,,,,,,,,,,,,,,,,,,,,,,,,,,,,,,,,,,,,,,,,,,,,,,,,,,,,,,,,,,,,,,,,,,,,,,,,,,
Q70,1,5,1,6.85,,,1,0,never_instantiated,0,,,,,0,0,,date_dim,366,0,never_instantiated,0,,,,,0,0,store_sales,store,44,0,never_instantiated,0,,,,,0,0,,date_dim,366,0,never_instantiated,0,,,,,0,0,store_sales,store,44,0,never_instantiated,0,,,,,0,0,,,,,,,,,,,,,,,,,,,,,,,,,,,,,,,,,,,,,,,,,,,,,,,,,,,,,,,,,,,,,,,,,,,,,,,,,,,,,,,,,,,,,,,,,,,,,,,,,,,,,,,,,,,,,,,,,,,,,,,,,,,,,,,,,,,,,,,,,,,,,,,,,,,,,,,,,,,,,,,,,,,,,,,,,,,,,,,,,,,,,,,,,,,,,,,,,,,,,,,,,,,,,,,,,,,,,,,,,,,,,,,,,,,,,,,,,,,,,,,,,,,,,,,,,,,,,,,,,,,,,,,,,,,,,,,,,,,,,,,,,,,,,,,,,,,,,,,,,,,,,,,,,,,,,,,,,,,,,,,,,,,,,,,,,,,,,,,,,,,,,,,,,,,,,,,,,,,,,,,,,,,,,,,,,,,,,,,,,,,,,,,,,,,,,,,,,,,,,,,,,,,,,,,,
Q71,1,1,1,2.87,time_dim,,53922,0,never_instantiated,0,,,,,0,0,,item,473,0,never_instantiated,0,,,,,0,0,web_sales,date_dim,30,0,never_instantiated,0,,,,,0,0,catalog_sales,date_dim,30,0,never_instantiated,0,,,,,0,0,store_sales,date_dim,30,0,never_instantiated,0,,,,,0,0,,,,,,,,,,,,,,,,,,,,,,,,,,,,,,,,,,,,,,,,,,,,,,,,,,,,,,,,,,,,,,,,,,,,,,,,,,,,,,,,,,,,,,,,,,,,,,,,,,,,,,,,,,,,,,,,,,,,,,,,,,,,,,,,,,,,,,,,,,,,,,,,,,,,,,,,,,,,,,,,,,,,,,,,,,,,,,,,,,,,,,,,,,,,,,,,,,,,,,,,,,,,,,,,,,,,,,,,,,,,,,,,,,,,,,,,,,,,,,,,,,,,,,,,,,,,,,,,,,,,,,,,,,,,,,,,,,,,,,,,,,,,,,,,,,,,,,,,,,,,,,,,,,,,,,,,,,,,,,,,,,,,,,,,,,,,,,,,,,,,,,,,,,,,,,,,,,,,,,,,,,,,,,,,,,,,,,,,,,,,,,,,,,,,,,,,,,,,,,,,,,,,,,,,
Q72,1,16,1,44.56,,catalog_returns,2880565,0,never_instantiated,0,,,,,0,0,,promotion,355,0,never_instantiated,0,,,,,0,0,,household_demographics,1200,0,never_instantiated,0,,,,,0,0,,warehouse,5,0,never_instantiated,0,,,,,0,0,,date_dim,365,0,never_instantiated,0,,,,,0,0,,date_dim,1821,0,never_instantiated,0,,,,,0,0,inventory,,5716437,0,never_instantiated,0,,,,,0,0,,item,28000,0,never_instantiated,0,,,,,0,0,,customer_demographics,384160,0,never_instantiated,0,,,,,0,0,catalog_sales,date_dim,1928,0,never_instantiated,0,,,,,0,0,,,,,,,,,,,,,,,,,,,,,,,,,,,,,,,,,,,,,,,,,,,,,,,,,,,,,,,,,,,,,,,,,,,,,,,,,,,,,,,,,,,,,,,,,,,,,,,,,,,,,,,,,,,,,,,,,,,,,,,,,,,,,,,,,,,,,,,,,,,,,,,,,,,,,,,,,,,,,,,,,,,,,,,,,,,,,,,,,,,,,,,,,,,,,,,,,,,,,,,,,,,,,,,,,,,,,,,,,,,,,,,,,,,,,,,,,,,,,,,,,,,,,,,,,,,,,,,,,,,,,,,,,,,,,,,,,,,,,,,,,,,,,,,,,,,,,,,,,,,,,,,,,,,,,,,,,,,,,,,,,,,,,,,,,,,,,,,,,,,,,,,,,,,,
Q73,1,12,1,3.18,customer,,81,0,never_instantiated,0,,,,,0,0,,household_demographics,1040,0,never_instantiated,0,,,,,0,0,,date_dim,72,0,never_instantiated,0,,,,,0,0,store_sales,store,43,0,never_instantiated,0,,,,,0,0,,,,,,,,,,,,,,,,,,,,,,,,,,,,,,,,,,,,,,,,,,,,,,,,,,,,,,,,,,,,,,,,,,,,,,,,,,,,,,,,,,,,,,,,,,,,,,,,,,,,,,,,,,,,,,,,,,,,,,,,,,,,,,,,,,,,,,,,,,,,,,,,,,,,,,,,,,,,,,,,,,,,,,,,,,,,,,,,,,,,,,,,,,,,,,,,,,,,,,,,,,,,,,,,,,,,,,,,,,,,,,,,,,,,,,,,,,,,,,,,,,,,,,,,,,,,,,,,,,,,,,,,,,,,,,,,,,,,,,,,,,,,,,,,,,,,,,,,,,,,,,,,,,,,,,,,,,,,,,,,,,,,,,,,,,,,,,,,,,,,,,,,,,,,,,,,,,,,,,,,,,,,,,,,,,,,,,,,,,,,,,,,,,,,,,,,,,,,,,,,,,,,,,,,,,,,,,,,,,,,
Q74,1,4,1,10.85,,,148861,0,never_instantiated,0,,,,,0,0,,date_dim,365,0,never_instantiated,0,,,,,0,0,web_sales,customer,266000,0,never_instantiated,0,,,,,0,0,,,157499,0,never_instantiated,0,,,,,0,0,,,258504,0,never_instantiated,0,,,,,0,0,,date_dim,365,0,never_instantiated,0,,,,,0,0,store_sales,customer,266000,0,never_instantiated,0,,,,,0,0,,date_dim,365,0,never_instantiated,0,,,,,0,0,store_sales,customer,266000,0,never_instantiated,0,,,,,0,0,,date_dim,365,0,never_instantiated,0,,,,,0,0,web_sales,customer,266000,0,never_instantiated,0,,,,,0,0,,,,,,,,,,,,,,,,,,,,,,,,,,,,,,,,,,,,,,,,,,,,,,,,,,,,,,,,,,,,,,,,,,,,,,,,,,,,,,,,,,,,,,,,,,,,,,,,,,,,,,,,,,,,,,,,,,,,,,,,,,,,,,,,,,,,,,,,,,,,,,,,,,,,,,,,,,,,,,,,,,,,,,,,,,,,,,,,,,,,,,,,,,,,,,,,,,,,,,,,,,,,,,,,,,,,,,,,,,,,,,,,,,,,,,,,,,,,,,,,,,,,,,,,,,,,,,,,,,,,,,,,,,,,,,,,,,,,,,,,,,,,,,,,,,,,,,,,,,,,,,,,,,,,,,,,,,,,,,,,,,,,,,,,,,,,,,,,
Q75,1,15,1,8.50,catalog_returns,,1121987,0,never_instantiated,0,,,,,0,0,,date_dim,730,0,never_instantiated,0,,,,,0,0,catalog_sales,item,2724,0,never_instantiated,0,,,,,0,0,store_returns,,2157069,0,never_instantiated,0,,,,,0,0,,item,2724,0,never_instantiated,0,,,,,0,0,store_sales,date_dim,730,0,never_instantiated,0,,,,,0,0,web_returns,,565201,0,never_instantiated,0,,,,,0,0,,date_dim,730,0,never_instantiated,0,,,,,0,0,web_sales,item,2724,0,never_instantiated,0,,,,,0,0,,,1381,0,never_instantiated,0,,,,,0,0,,,,,,,,,,,,,,,,,,,,,,,,,,,,,,,,,,,,,,,,,,,,,,,,,,,,,,,,,,,,,,,,,,,,,,,,,,,,,,,,,,,,,,,,,,,,,,,,,,,,,,,,,,,,,,,,,,,,,,,,,,,,,,,,,,,,,,,,,,,,,,,,,,,,,,,,,,,,,,,,,,,,,,,,,,,,,,,,,,,,,,,,,,,,,,,,,,,,,,,,,,,,,,,,,,,,,,,,,,,,,,,,,,,,,,,,,,,,,,,,,,,,,,,,,,,,,,,,,,,,,,,,,,,,,,,,,,,,,,,,,,,,,,,,,,,,,,,,,,,,,,,,,,,,,,,,,,,,,,,,,,,,,,,,,,,,,,,,,,,,,,,,,,,,
Q76,1,4,1,3.38,,item,28000,0,never_instantiated,0,,,,,0,0,store_sales,date_dim,1827,0,never_instantiated,0,,,,,0,0,,item,28000,0,never_instantiated,0,,,,,0,0,web_sales,date_dim,1827,0,never_instantiated,0,,,,,0,0,,date_dim,1840,0,never_instantiated,0,,,,,0,0,catalog_sales,item,28000,0,never_instantiated,0,,,,,0,0,,,,,,,,,,,,,,,,,,,,,,,,,,,,,,,,,,,,,,,,,,,,,,,,,,,,,,,,,,,,,,,,,,,,,,,,,,,,,,,,,,,,,,,,,,,,,,,,,,,,,,,,,,,,,,,,,,,,,,,,,,,,,,,,,,,,,,,,,,,,,,,,,,,,,,,,,,,,,,,,,,,,,,,,,,,,,,,,,,,,,,,,,,,,,,,,,,,,,,,,,,,,,,,,,,,,,,,,,,,,,,,,,,,,,,,,,,,,,,,,,,,,,,,,,,,,,,,,,,,,,,,,,,,,,,,,,,,,,,,,,,,,,,,,,,,,,,,,,,,,,,,,,,,,,,,,,,,,,,,,,,,,,,,,,,,,,,,,,,,,,,,,,,,,,,,,,,,,,,,,,,,,,,,,,,,,,,,,,,,,,,,,,,,,,,,,,,,,
Q77,1,4,1,3.08,,,23,0,never_instantiated,0,,,,,0,0,,date_dim,31,0,never_instantiated,0,,,,,0,0,store_returns,store,44,0,never_instantiated,0,,,,,0,0,,date_dim,31,0,never_instantiated,0,,,,,0,0,store_sales,store,44,0,never_instantiated,0,,,,,0,0,catalog_sales,date_dim,31,0,never_instantiated,0,,,,,0,0,catalog_returns,date_dim,31,0,never_instantiated,0,,,,,0,0,,,132,0,never_instantiated,0,,,,,0,0,,date_dim,31,0,never_instantiated,0,,,,,0,0,web_returns,web_page,264,0,never_instantiated,0,,,,,0,0,,web_page,264,0,never_instantiated,0,,,,,0,0,web_sales,date_dim,31,0,never_instantiated,0,,,,,0,0,,,,,,,,,,,,,,,,,,,,,,,,,,,,,,,,,,,,,,,,,,,,,,,,,,,,,,,,,,,,,,,,,,,,,,,,,,,,,,,,,,,,,,,,,,,,,,,,,,,,,,,,,,,,,,,,,,,,,,,,,,,,,,,,,,,,,,,,,,,,,,,,,,,,,,,,,,,,,,,,,,,,,,,,,,,,,,,,,,,,,,,,,,,,,,,,,,,,,,,,,,,,,,,,,,,,,,,,,,,,,,,,,,,,,,,,,,,,,,,,,,,,,,,,,,,,,,,,,,,,,,,,,,,,,,,,,,,,,,,,,,,,,,,,,,,,,,,,,,,,,,,,,,,,,,,,,,,,,,,,,,,,
Q78,1,13,1,15.87,,,5138790,0,never_instantiated,0,,,,,0,0,,,2598758,0,never_instantiated,0,,,,,0,0,,date_dim,366,0,never_instantiated,0,,,,,0,0,store_sales,store_returns,5756650,0,never_instantiated,0,,,,,0,0,,date_dim,366,0,never_instantiated,0,,,,,0,0,web_sales,web_returns,1439041,0,never_instantiated,0,,,,,0,0,,date_dim,366,0,never_instantiated,0,,,,,0,0,catalog_sales,catalog_returns,2880565,0,never_instantiated,0,,,,,0,0,,,,,,,,,,,,,,,,,,,,,,,,,,,,,,,,,,,,,,,,,,,,,,,,,,,,,,,,,,,,,,,,,,,,,,,,,,,,,,,,,,,,,,,,,,,,,,,,,,,,,,,,,,,,,,,,,,,,,,,,,,,,,,,,,,,,,,,,,,,,,,,,,,,,,,,,,,,,,,,,,,,,,,,,,,,,,,,,,,,,,,,,,,,,,,,,,,,,,,,,,,,,,,,,,,,,,,,,,,,,,,,,,,,,,,,,,,,,,,,,,,,,,,,,,,,,,,,,,,,,,,,,,,,,,,,,,,,,,,,,,,,,,,,,,,,,,,,,,,,,,,,,,,,,,,,,,,,,,,,,,,,,,,,,,,,,,,,,,,,,,,,,,,,,,,,,,,,,,,,,,,,,,,,,,,,,
Q79,1,11,1,5.12,,customer,266000,0,never_instantiated,0,,,,,0,0,,household_demographics,2880,0,never_instantiated,0,,,,,0,0,,date_dim,157,0,never_instantiated,0,,,,,0,0,store_sales,store,42,0,never_instantiated,0,,,,,0,0,,,,,,,,,,,,,,,,,,,,,,,,,,,,,,,,,,,,,,,,,,,,,,,,,,,,,,,,,,,,,,,,,,,,,,,,,,,,,,,,,,,,,,,,,,,,,,,,,,,,,,,,,,,,,,,,,,,,,,,,,,,,,,,,,,,,,,,,,,,,,,,,,,,,,,,,,,,,,,,,,,,,,,,,,,,,,,,,,,,,,,,,,,,,,,,,,,,,,,,,,,,,,,,,,,,,,,,,,,,,,,,,,,,,,,,,,,,,,,,,,,,,,,,,,,,,,,,,,,,,,,,,,,,,,,,,,,,,,,,,,,,,,,,,,,,,,,,,,,,,,,,,,,,,,,,,,,,,,,,,,,,,,,,,,,,,,,,,,,,,,,,,,,,,,,,,,,,,,,,,,,,,,,,,,,,,,,,,,,,,,,,,,,,,,,,,,,,,,,,,,,,,,,,,,,,,,,,,,,,,
Q80,1,19,1,6.25,,date_dim,31,0,never_instantiated,0,,,,,0,0,,store,44,0,never_instantiated,0,,,,,0,0,,item,1612,0,never_instantiated,0,,,,,0,0,,promotion,349,0,never_instantiated,0,,,,,0,0,store_sales,store_returns,5756650,0,never_instantiated,0,,,,,0,0,,date_dim,31,0,never_instantiated,0,,,,,0,0,,promotion,349,0,never_instantiated,0,,,,,0,0,,item,1612,0,never_instantiated,0,,,,,0,0,,catalog_page,9828,0,never_instantiated,0,,,,,0,0,catalog_sales,catalog_returns,2880565,0,never_instantiated,0,,,,,0,0,,web_site,28,0,never_instantiated,0,,,,,0,0,,item,1612,0,never_instantiated,0,,,,,0,0,,promotion,349,0,never_instantiated,0,,,,,0,0,,date_dim,31,0,never_instantiated,0,,,,,0,0,web_sales,web_returns,1439041,0,never_instantiated,0,,,,,0,0,,,,,,,,,,,,,,,,,,,,,,,,,,,,,,,,,,,,,,,,,,,,,,,,,,,,,,,,,,,,,,,,,,,,,,,,,,,,,,,,,,,,,,,,,,,,,,,,,,,,,,,,,,,,,,,,,,,,,,,,,,,,,,,,,,,,,,,,,,,,,,,,,,,,,,,,,,,,,,,,,,,,,,,,,,,,,,,,,,,,,,,,,,,,,,,,,,,,,,,,,,,,,,,,,,,,,,,,,,,,,,,,,,,,,,,,,,,,,,,,,,,,,,,,,,,,,,,,,,,,,,,,,,,,,,,,,,,,,,,,,,,,,,,,
Q81,1,6,1,0.52,,date_dim,366,0,never_instantiated,0,,,,,0,0,catalog_returns,customer_address,133000,0,never_instantiated,0,,,,,0,0,,,13049,0,never_instantiated,0,,,,,0,0,customer,customer_address,6457,0,never_instantiated,0,,,,,0,0,,,26829,0,never_instantiated,0,,,,,0,0,,,51,0,never_instantiated,0,,,,,0,0,,,,,,,,,,,,,,,,,,,,,,,,,,,,,,,,,,,,,,,,,,,,,,,,,,,,,,,,,,,,,,,,,,,,,,,,,,,,,,,,,,,,,,,,,,,,,,,,,,,,,,,,,,,,,,,,,,,,,,,,,,,,,,,,,,,,,,,,,,,,,,,,,,,,,,,,,,,,,,,,,,,,,,,,,,,,,,,,,,,,,,,,,,,,,,,,,,,,,,,,,,,,,,,,,,,,,,,,,,,,,,,,,,,,,,,,,,,,,,,,,,,,,,,,,,,,,,,,,,,,,,,,,,,,,,,,,,,,,,,,,,,,,,,,,,,,,,,,,,,,,,,,,,,,,,,,,,,,,,,,,,,,,,,,,,,,,,,,,,,,,,,,,,,,,,,,,,,,,,,,,,,,,,,,,,,,,,,,,,,,,,,,,,,,,,,,,,,,
Q82,1,7,1,33.19,,item,6,0,never_instantiated,0,,,,,0,0,store_sales,,240066,0,never_instantiated,0,,,,,0,0,inventory,date_dim,61,0,never_instantiated,0,,,,,0,0,,,,,,,,,,,,,,,,,,,,,,,,,,,,,,,,,,,,,,,,,,,,,,,,,,,,,,,,,,,,,,,,,,,,,,,,,,,,,,,,,,,,,,,,,,,,,,,,,,,,,,,,,,,,,,,,,,,,,,,,,,,,,,,,,,,,,,,,,,,,,,,,,,,,,,,,,,,,,,,,,,,,,,,,,,,,,,,,,,,,,,,,,,,,,,,,,,,,,,,,,,,,,,,,,,,,,,,,,,,,,,,,,,,,,,,,,,,,,,,,,,,,,,,,,,,,,,,,,,,,,,,,,,,,,,,,,,,,,,,,,,,,,,,,,,,,,,,,,,,,,,,,,,,,,,,,,,,,,,,,,,,,,,,,,,,,,,,,,,,,,,,,,,,,,,,,,,,,,,,,,,,,,,,,,,,,,,,,,,,,,,,,,,,,,,,,,,,,,,,,,,,,,,,,,,,,,,,,,,,,,,,,,,,,,,,,
Q83,1,10,1,0.82,,,11608,0,never_instantiated,0,,,,,0,0,,,21,0,never_instantiated,0,,,,,0,0,,date_dim,2177,0,never_instantiated,0,,,,,0,0,web_returns,item,28000,0,never_instantiated,0,,,,,0,0,date_dim,date_dim,3,0,never_instantiated,0,,,,,0,0,,,13639,0,never_instantiated,0,,,,,0,0,,,21,0,never_instantiated,0,,,,,0,0,,date_dim,2095,0,never_instantiated,0,,,,,0,0,catalog_returns,item,28000,0,never_instantiated,0,,,,,0,0,date_dim,date_dim,3,0,never_instantiated,0,,,,,0,0,,,21,0,never_instantiated,0,,,,,0,0,,item,28000,0,never_instantiated,0,,,,,0,0,store_returns,date_dim,2003,0,never_instantiated,0,,,,,0,0,date_dim,date_dim,3,0,never_instantiated,0,,,,,0,0,,,,,,,,,,,,,,,,,,,,,,,,,,,,,,,,,,,,,,,,,,,,,,,,,,,,,,,,,,,,,,,,,,,,,,,,,,,,,,,,,,,,,,,,,,,,,,,,,,,,,,,,,,,,,,,,,,,,,,,,,,,,,,,,,,,,,,,,,,,,,,,,,,,,,,,,,,,,,,,,,,,,,,,,,,,,,,,,,,,,,,,,,,,,,,,,,,,,,,,,,,,,,,,,,,,,,,,,,,,,,,,,,,,,,,,,,,,,,,,,,,,,,,,,,,,,,,,,,,,,,,,,,,,,,,,,,,,,,,,,,,,,,,,,,,,,,,,,,,,,
Q84,1,3,1,0.72,,income_band,4,0,never_instantiated,0,,,,,0,0,household_demographics,,6488,0,never_instantiated,0,,,,,0,0,customer_demographics,,6628,0,never_instantiated,0,,,,,0,0,,customer_address,1209,0,never_instantiated,0,,,,,0,0,store_returns,customer,256823,0,never_instantiated,0,,,,,0,0,,,,,,,,,,,,,,,,,,,,,,,,,,,,,,,,,,,,,,,,,,,,,,,,,,,,,,,,,,,,,,,,,,,,,,,,,,,,,,,,,,,,,,,,,,,,,,,,,,,,,,,,,,,,,,,,,,,,,,,,,,,,,,,,,,,,,,,,,,,,,,,,,,,,,,,,,,,,,,,,,,,,,,,,,,,,,,,,,,,,,,,,,,,,,,,,,,,,,,,,,,,,,,,,,,,,,,,,,,,,,,,,,,,,,,,,,,,,,,,,,,,,,,,,,,,,,,,,,,,,,,,,,,,,,,,,,,,,,,,,,,,,,,,,,,,,,,,,,,,,,,,,,,,,,,,,,,,,,,,,,,,,,,,,,,,,,,,,,,,,,,,,,,,,,,,,,,,,,,,,,,,,,,,,,,,,,,,,,,,,,,,,,,,,,,,,,,,,,,,,,,,,,,,,
Q85,1,8,1,1.64,,reason,36,0,never_instantiated,0,,,,,0,0,,customer_address,128938,0,never_instantiated,0,,,,,0,0,,web_page,264,0,never_instantiated,0,,,,,0,0,customer_demographics,,2889,0,never_instantiated,0,,,,,0,0,,date_dim,366,0,never_instantiated,0,,,,,0,0,,customer_demographics,1920799,0,never_instantiated,0,,,,,0,0,web_sales,web_returns,1439041,0,never_instantiated,0,,,,,0,0,,,,,,,,,,,,,,,,,,,,,,,,,,,,,,,,,,,,,,,,,,,,,,,,,,,,,,,,,,,,,,,,,,,,,,,,,,,,,,,,,,,,,,,,,,,,,,,,,,,,,,,,,,,,,,,,,,,,,,,,,,,,,,,,,,,,,,,,,,,,,,,,,,,,,,,,,,,,,,,,,,,,,,,,,,,,,,,,,,,,,,,,,,,,,,,,,,,,,,,,,,,,,,,,,,,,,,,,,,,,,,,,,,,,,,,,,,,,,,,,,,,,,,,,,,,,,,,,,,,,,,,,,,,,,,,,,,,,,,,,,,,,,,,,,,,,,,,,,,,,,,,,,,,,,,,,,,,,,,,,,,,,,,,,,,,,,,,,,,,,,,,,,,,,,,,,,,,,,,,,,,,,,,,,,,,,,,,,,,,,,,,,
Q86,1,14,1,0.92,,item,28000,0,never_instantiated,0,,,,,0,0,web_sales,date_dim,366,0,never_instantiated,0,,,,,0,0,,,,,,,,,,,,,,,,,,,,,,,,,,,,,,,,,,,,,,,,,,,,,,,,,,,,,,,,,,,,,,,,,,,,,,,,,,,,,,,,,,,,,,,,,,,,,,,,,,,,,,,,,,,,,,,,,,,,,,,,,,,,,,,,,,,,,,,,,,,,,,,,,,,,,,,,,,,,,,,,,,,,,,,,,,,,,,,,,,,,,,,,,,,,,,,,,,,,,,,,,,,,,,,,,,,,,,,,,,,,,,,,,,,,,,,,,,,,,,,,,,,,,,,,,,,,,,,,,,,,,,,,,,,,,,,,,,,,,,,,,,,,,,,,,,,,,,,,,,,,,,,,,,,,,,,,,,,,,,,,,,,,,,,,,,,,,,,,,,,,,,,,,,,,,,,,,,,,,,,,,,,,,,,,,,,,,,,,,,,,,,,,,,,,,,,,,,,,,,,,,,,,,,,,,,,,,,,,,,,,,,,,,,,,,,,,,,,,,,,,,,,,
Q87,1,6,1,5.73,,,236113,0,never_instantiated,0,,,,,0,0,,,621690,0,never_instantiated,0,,,,,0,0,,date_dim,366,0,never_instantiated,0,,,,,0,0,store_sales,customer,266000,0,never_instantiated,0,,,,,0,0,,date_dim,366,0,never_instantiated,0,,,,,0,0,catalog_sales,customer,266000,0,never_instantiated,0,,,,,0,0,,date_dim,366,0,never_instantiated,0,,,,,0,0,web_sales,customer,266000,0,never_instantiated,0,,,,,0,0,,,,,,,,,,,,,,,,,,,,,,,,,,,,,,,,,,,,,,,,,,,,,,,,,,,,,,,,,,,,,,,,,,,,,,,,,,,,,,,,,,,,,,,,,,,,,,,,,,,,,,,,,,,,,,,,,,,,,,,,,,,,,,,,,,,,,,,,,,,,,,,,,,,,,,,,,,,,,,,,,,,,,,,,,,,,,,,,,,,,,,,,,,,,,,,,,,,,,,,,,,,,,,,,,,,,,,,,,,,,,,,,,,,,,,,,,,,,,,,,,,,,,,,,,,,,,,,,,,,,,,,,,,,,,,,,,,,,,,,,,,,,,,,,,,,,,,,,,,,,,,,,,,,,,,,,,,,,,,,,,,,,,,,,,,,,,,,,,,,,,,,,,,,,,,,,,,,,,,,,,,,,,,,,,,,,
Q88,1,19,1,10.84,,store,6,0,never_instantiated,0,,,,,0,0,,time_dim,1800,0,never_instantiated,0,,,,,0,0,store_sales,household_demographics,1920,0,never_instantiated,0,,,,,0,0,,time_dim,1800,0,never_instantiated,0,,,,,0,0,,store,6,0,never_instantiated,0,,,,,0,0,store_sales,household_demographics,1920,0,never_instantiated,0,,,,,0,0,,time_dim,1800,0,never_instantiated,0,,,,,0,0,,store,6,0,never_instantiated,0,,,,,0,0,store_sales,household_demographics,1920,0,never_instantiated,0,,,,,0,0,,store,6,0,never_instantiated,0,,,,,0,0,,time_dim,1800,0,never_instantiated,0,,,,,0,0,store_sales,household_demographics,1920,0,never_instantiated,0,,,,,0,0,,store,6,0,never_instantiated,0,,,,,0,0,,household_demographics,1920,0,never_instantiated,0,,,,,0,0,store_sales,time_dim,1800,0,never_instantiated,0,,,,,0,0,,time_dim,1800,0,never_instantiated,0,,,,,0,0,,household_demographics,1920,0,never_instantiated,0,,,,,0,0,store_sales,store,6,0,never_instantiated,0,,,,,0,0,,time_dim,1800,0,never_instantiated,0,,,,,0,0,,household_demographics,1920,0,never_instantiated,0,,,,,0,0,store_sales,store,6,0,never_instantiated,0,,,,,0,0,,household_demographics,1920,0,never_instantiated,0,,,,,0,0,,store,6,0,never_instantiated,0,,,,,0,0,store_sales,time_dim,1800,0,never_instantiated,0,,,,,0,0,,,,,,,,,,,,,,,,,,,,,,,,,,,,,,,,,,,,,,,,,,,,,,,,,,,,,,,,,,,,,,,,,,,,,,,,,,,,,,,,,,,,,,,,,,,,,,,,,,,,,,,,,,,,,,,,,,,,,,,,,,,,,,,,,,,,,,,,,,,,,,,,,,,,,,,,,,,,,,,,,,,,,,,,,,,,,,,,,,,,
Q89,1,4,1,3.07,,store,44,0,never_instantiated,0,,,,,0,0,,item,2119,0,never_instantiated,0,,,,,0,0,store_sales,date_dim,365,0,never_instantiated,0,,,,,0,0,,,,,,,,,,,,,,,,,,,,,,,,,,,,,,,,,,,,,,,,,,,,,,,,,,,,,,,,,,,,,,,,,,,,,,,,,,,,,,,,,,,,,,,,,,,,,,,,,,,,,,,,,,,,,,,,,,,,,,,,,,,,,,,,,,,,,,,,,,,,,,,,,,,,,,,,,,,,,,,,,,,,,,,,,,,,,,,,,,,,,,,,,,,,,,,,,,,,,,,,,,,,,,,,,,,,,,,,,,,,,,,,,,,,,,,,,,,,,,,,,,,,,,,,,,,,,,,,,,,,,,,,,,,,,,,,,,,,,,,,,,,,,,,,,,,,,,,,,,,,,,,,,,,,,,,,,,,,,,,,,,,,,,,,,,,,,,,,,,,,,,,,,,,,,,,,,,,,,,,,,,,,,,,,,,,,,,,,,,,,,,,,,,,,,,,,,,,,,,,,,,,,,,,,,,,,,,,,,,,,,,,,,,,,,,,,
Q90,1,6,1,0.92,,time_dim,7200,0,never_instantiated,0,,,,,0,0,,web_page,3,0,never_instantiated,0,,,,,0,0,web_sales,household_demographics,720,0,never_instantiated,0,,,,,0,0,,web_page,3,0,never_instantiated,0,,,,,0,0,,household_demographics,720,0,never_instantiated,0,,,,,0,0,web_sales,time_dim,7200,0,never_instantiated,0,,,,,0,0,,,,,,,,,,,,,,,,,,,,,,,,,,,,,,,,,,,,,,,,,,,,,,,,,,,,,,,,,,,,,,,,,,,,,,,,,,,,,,,,,,,,,,,,,,,,,,,,,,,,,,,,,,,,,,,,,,,,,,,,,,,,,,,,,,,,,,,,,,,,,,,,,,,,,,,,,,,,,,,,,,,,,,,,,,,,,,,,,,,,,,,,,,,,,,,,,,,,,,,,,,,,,,,,,,,,,,,,,,,,,,,,,,,,,,,,,,,,,,,,,,,,,,,,,,,,,,,,,,,,,,,,,,,,,,,,,,,,,,,,,,,,,,,,,,,,,,,,,,,,,,,,,,,,,,,,,,,,,,,,,,,,,,,,,,,,,,,,,,,,,,,,,,,,,,,,,,,,,,,,,,,,,,,,,,,,,,,,,,,,,,,,,,,,,,,,,,,,
Q91,1,11,1,0.21,customer_demographics,,598,0,never_instantiated,0,,,,,0,0,customer_address,,5959,0,never_instantiated,0,,,,,0,0,,call_center,6,0,never_instantiated,0,,,,,0,0,,household_demographics,1200,0,never_instantiated,0,,,,,0,0,customer,,37824,0,never_instantiated,0,,,,,0,0,catalog_returns,date_dim,30,0,never_instantiated,0,,,,,0,0,,,,,,,,,,,,,,,,,,,,,,,,,,,,,,,,,,,,,,,,,,,,,,,,,,,,,,,,,,,,,,,,,,,,,,,,,,,,,,,,,,,,,,,,,,,,,,,,,,,,,,,,,,,,,,,,,,,,,,,,,,,,,,,,,,,,,,,,,,,,,,,,,,,,,,,,,,,,,,,,,,,,,,,,,,,,,,,,,,,,,,,,,,,,,,,,,,,,,,,,,,,,,,,,,,,,,,,,,,,,,,,,,,,,,,,,,,,,,,,,,,,,,,,,,,,,,,,,,,,,,,,,,,,,,,,,,,,,,,,,,,,,,,,,,,,,,,,,,,,,,,,,,,,,,,,,,,,,,,,,,,,,,,,,,,,,,,,,,,,,,,,,,,,,,,,,,,,,,,,,,,,,,,,,,,,,,,,,,,,,,,,,,,,,,,,,,,,,
Q92,1,0,1,0.92,,item,45,0,never_instantiated,0,,,,,0,0,web_sales,date_dim,91,0,never_instantiated,0,,,,,0,0,,,629,0,never_instantiated,0,,,,,0,0,,,22,0,never_instantiated,0,,,,,0,0,web_sales,date_dim,91,0,never_instantiated,0,,,,,0,0,,,,,,,,,,,,,,,,,,,,,,,,,,,,,,,,,,,,,,,,,,,,,,,,,,,,,,,,,,,,,,,,,,,,,,,,,,,,,,,,,,,,,,,,,,,,,,,,,,,,,,,,,,,,,,,,,,,,,,,,,,,,,,,,,,,,,,,,,,,,,,,,,,,,,,,,,,,,,,,,,,,,,,,,,,,,,,,,,,,,,,,,,,,,,,,,,,,,,,,,,,,,,,,,,,,,,,,,,,,,,,,,,,,,,,,,,,,,,,,,,,,,,,,,,,,,,,,,,,,,,,,,,,,,,,,,,,,,,,,,,,,,,,,,,,,,,,,,,,,,,,,,,,,,,,,,,,,,,,,,,,,,,,,,,,,,,,,,,,,,,,,,,,,,,,,,,,,,,,,,,,,,,,,,,,,,,,,,,,,,,,,,,,,,,,,,,,,,,,,,,,,,,,,,
Q93,1,0,1,7.27,,reason,1,0,never_instantiated,0,,,,,0,0,store_sales,store_returns,5756650,0,never_instantiated,0,,,,,0,0,,,,,,,,,,,,,,,,,,,,,,,,,,,,,,,,,,,,,,,,,,,,,,,,,,,,,,,,,,,,,,,,,,,,,,,,,,,,,,,,,,,,,,,,,,,,,,,,,,,,,,,,,,,,,,,,,,,,,,,,,,,,,,,,,,,,,,,,,,,,,,,,,,,,,,,,,,,,,,,,,,,,,,,,,,,,,,,,,,,,,,,,,,,,,,,,,,,,,,,,,,,,,,,,,,,,,,,,,,,,,,,,,,,,,,,,,,,,,,,,,,,,,,,,,,,,,,,,,,,,,,,,,,,,,,,,,,,,,,,,,,,,,,,,,,,,,,,,,,,,,,,,,,,,,,,,,,,,,,,,,,,,,,,,,,,,,,,,,,,,,,,,,,,,,,,,,,,,,,,,,,,,,,,,,,,,,,,,,,,,,,,,,,,,,,,,,,,,,,,,,,,,,,,,,,,,,,,,,,,,,,,,,,,,,,,,,,,,,,,,,,,,
Q94,1,10,1,1.03,,customer_address,4183,0,never_instantiated,0,,,,,0,0,,web_site,3,0,never_instantiated,0,,,,,0,0,web_sales,date_dim,61,0,never_instantiated,0,,,,,0,0,,,2543,0,never_instantiated,0,,,,,0,0,web_sales,,2387,0,never_instantiated,0,,,,,0,0,,,2542,0,never_instantiated,0,,,,,0,0,web_returns,,1860,0,never_instantiated,0,,,,,0,0,,,,,,,,,,,,,,,,,,,,,,,,,,,,,,,,,,,,,,,,,,,,,,,,,,,,,,,,,,,,,,,,,,,,,,,,,,,,,,,,,,,,,,,,,,,,,,,,,,,,,,,,,,,,,,,,,,,,,,,,,,,,,,,,,,,,,,,,,,,,,,,,,,,,,,,,,,,,,,,,,,,,,,,,,,,,,,,,,,,,,,,,,,,,,,,,,,,,,,,,,,,,,,,,,,,,,,,,,,,,,,,,,,,,,,,,,,,,,,,,,,,,,,,,,,,,,,,,,,,,,,,,,,,,,,,,,,,,,,,,,,,,,,,,,,,,,,,,,,,,,,,,,,,,,,,,,,,,,,,,,,,,,,,,,,,,,,,,,,,,,,,,,,,,,,,,,,,,,,,,,,,,,,,,,,,,,,,,,,,,,,,,
Q95,1,2,1,23.21,,,2543,0,never_instantiated,0,,,,,0,0,,web_returns,1439041,0,never_instantiated,0,,,,,0,0,web_sales,web_sales,14392527,0,never_instantiated,0,,,,,0,0,,,2543,0,never_instantiated,0,,,,,0,0,web_sales,web_sales,14392527,0,never_instantiated,0,,,,,0,0,,date_dim,61,0,never_instantiated,0,,,,,0,0,,web_site,3,0,never_instantiated,0,,,,,0,0,web_sales,customer_address,4183,0,never_instantiated,0,,,,,0,0,,,,,,,,,,,,,,,,,,,,,,,,,,,,,,,,,,,,,,,,,,,,,,,,,,,,,,,,,,,,,,,,,,,,,,,,,,,,,,,,,,,,,,,,,,,,,,,,,,,,,,,,,,,,,,,,,,,,,,,,,,,,,,,,,,,,,,,,,,,,,,,,,,,,,,,,,,,,,,,,,,,,,,,,,,,,,,,,,,,,,,,,,,,,,,,,,,,,,,,,,,,,,,,,,,,,,,,,,,,,,,,,,,,,,,,,,,,,,,,,,,,,,,,,,,,,,,,,,,,,,,,,,,,,,,,,,,,,,,,,,,,,,,,,,,,,,,,,,,,,,,,,,,,,,,,,,,,,,,,,,,,,,,,,,,,,,,,,,,,,,,,,,,,,,,,,,,,,,,,,,,,,,,,,,,,,
Q96,1,1,1,1.54,,time_dim,1800,0,never_instantiated,0,,,,,0,0,,household_demographics,720,0,never_instantiated,0,,,,,0,0,store_sales,store,6,0,never_instantiated,0,,,,,0,0,,,,,,,,,,,,,,,,,,,,,,,,,,,,,,,,,,,,,,,,,,,,,,,,,,,,,,,,,,,,,,,,,,,,,,,,,,,,,,,,,,,,,,,,,,,,,,,,,,,,,,,,,,,,,,,,,,,,,,,,,,,,,,,,,,,,,,,,,,,,,,,,,,,,,,,,,,,,,,,,,,,,,,,,,,,,,,,,,,,,,,,,,,,,,,,,,,,,,,,,,,,,,,,,,,,,,,,,,,,,,,,,,,,,,,,,,,,,,,,,,,,,,,,,,,,,,,,,,,,,,,,,,,,,,,,,,,,,,,,,,,,,,,,,,,,,,,,,,,,,,,,,,,,,,,,,,,,,,,,,,,,,,,,,,,,,,,,,,,,,,,,,,,,,,,,,,,,,,,,,,,,,,,,,,,,,,,,,,,,,,,,,,,,,,,,,,,,,,,,,,,,,,,,,,,,,,,,,,,,,,,,,,,,,,,,,
Q97,1,11,1,5.84,,,5717500,0,never_instantiated,0,,,,,0,0,store_sales,date_dim,366,0,never_instantiated,0,,,,,0,0,catalog_sales,date_dim,366,0,never_instantiated,0,,,,,0,0,,,,,,,,,,,,,,,,,,,,,,,,,,,,,,,,,,,,,,,,,,,,,,,,,,,,,,,,,,,,,,,,,,,,,,,,,,,,,,,,,,,,,,,,,,,,,,,,,,,,,,,,,,,,,,,,,,,,,,,,,,,,,,,,,,,,,,,,,,,,,,,,,,,,,,,,,,,,,,,,,,,,,,,,,,,,,,,,,,,,,,,,,,,,,,,,,,,,,,,,,,,,,,,,,,,,,,,,,,,,,,,,,,,,,,,,,,,,,,,,,,,,,,,,,,,,,,,,,,,,,,,,,,,,,,,,,,,,,,,,,,,,,,,,,,,,,,,,,,,,,,,,,,,,,,,,,,,,,,,,,,,,,,,,,,,,,,,,,,,,,,,,,,,,,,,,,,,,,,,,,,,,,,,,,,,,,,,,,,,,,,,,,,,,,,,,,,,,,,,,,,,,,,,,,,,,,,,,,,,,,,,,,,,,,,,,
Q98,1,11,1,1.74,,item,8331,0,never_instantiated,0,,,,,0,0,store_sales,date_dim,31,0,never_instantiated,0,,,,,0,0,,,,,,,,,,,,,,,,,,,,,,,,,,,,,,,,,,,,,,,,,,,,,,,,,,,,,,,,,,,,,,,,,,,,,,,,,,,,,,,,,,,,,,,,,,,,,,,,,,,,,,,,,,,,,,,,,,,,,,,,,,,,,,,,,,,,,,,,,,,,,,,,,,,,,,,,,,,,,,,,,,,,,,,,,,,,,,,,,,,,,,,,,,,,,,,,,,,,,,,,,,,,,,,,,,,,,,,,,,,,,,,,,,,,,,,,,,,,,,,,,,,,,,,,,,,,,,,,,,,,,,,,,,,,,,,,,,,,,,,,,,,,,,,,,,,,,,,,,,,,,,,,,,,,,,,,,,,,,,,,,,,,,,,,,,,,,,,,,,,,,,,,,,,,,,,,,,,,,,,,,,,,,,,,,,,,,,,,,,,,,,,,,,,,,,,,,,,,,,,,,,,,,,,,,,,,,,,,,,,,,,,,,,,,,,,,,,,,,,,,,,,,
Q99,1,19,1,1.33,,warehouse,5,0,never_instantiated,0,,,,,0,0,,ship_mode,20,0,never_instantiated,0,,,,,0,0,,date_dim,366,0,never_instantiated,0,,,,,0,0,catalog_sales,call_center,6,0,never_instantiated,0,,,,,0,0,,,,,,,,,,,,,,,,,,,,,,,,,,,,,,,,,,,,,,,,,,,,,,,,,,,,,,,,,,,,,,,,,,,,,,,,,,,,,,,,,,,,,,,,,,,,,,,,,,,,,,,,,,,,,,,,,,,,,,,,,,,,,,,,,,,,,,,,,,,,,,,,,,,,,,,,,,,,,,,,,,,,,,,,,,,,,,,,,,,,,,,,,,,,,,,,,,,,,,,,,,,,,,,,,,,,,,,,,,,,,,,,,,,,,,,,,,,,,,,,,,,,,,,,,,,,,,,,,,,,,,,,,,,,,,,,,,,,,,,,,,,,,,,,,,,,,,,,,,,,,,,,,,,,,,,,,,,,,,,,,,,,,,,,,,,,,,,,,,,,,,,,,,,,,,,,,,,,,,,,,,,,,,,,,,,,,,,,,,,,,,,,,,,,,,,,,,,,,,,,,,,,,,,,,,,,,,,,,,,,
Q01,2,3,1,1.54,store_returns,date_dim,366,0,never_instantiated,0,,,,,0,0,,,985362,0,never_instantiated,0,,,,,0,0,,,942796,0,never_instantiated,0,,,,,0,0,,,22,0,never_instantiated,0,,,,,0,0,,,,,,,,,,,,,,,,,,,,,,,,,,,,,,,,,,,,,,,,,,,,,,,,,,,,,,,,,,,,,,,,,,,,,,,,,,,,,,,,,,,,,,,,,,,,,,,,,,,,,,,,,,,,,,,,,,,,,,,,,,,,,,,,,,,,,,,,,,,,,,,,,,,,,,,,,,,,,,,,,,,,,,,,,,,,,,,,,,,,,,,,,,,,,,,,,,,,,,,,,,,,,,,,,,,,,,,,,,,,,,,,,,,,,,,,,,,,,,,,,,,,,,,,,,,,,,,,,,,,,,,,,,,,,,,,,,,,,,,,,,,,,,,,,,,,,,,,,,,,,,,,,,,,,,,,,,,,,,,,,,,,,,,,,,,,,,,,,,,,,,,,,,,,,,,,,,,,,,,,,,,,,,,,,,,,,,,,,,,,,,,,,,,,,,,,,,,,,,,,,,,,,,,,,,,,,,,,,,,,
Q02,2,9,1,3.58,,date_dim,1840,0,never_instantiated,0,,,,,0,0,,,365,0,never_instantiated,0,,,,,0,0,,date_dim,365,0,never_instantiated,0,,,,,0,0,,date_dim,365,0,never_instantiated,0,,,,,0,0,,,,,,,,,,,,,,,,,,,,,,,,,,,,,,,,,,,,,,,,,,,,,,,,,,,,,,,,,,,,,,,,,,,,,,,,,,,,,,,,,,,,,,,,,,,,,,,,,,,,,,,,,,,,,,,,,,,,,,,,,,,,,,,,,,,,,,,,,,,,,,,,,,,,,,,,,,,,,,,,,,,,,,,,,,,,,,,,,,,,,,,,,,,,,,,,,,,,,,,,,,,,,,,,,,,,,,,,,,,,,,,,,,,,,,,,,,,,,,,,,,,,,,,,,,,,,,,,,,,,,,,,,,,,,,,,,,,,,,,,,,,,,,,,,,,,,,,,,,,,,,,,,,,,,,,,,,,,,,,,,,,,,,,,,,,,,,,,,,,,,,,,,,,,,,,,,,,,,,,,,,,,,,,,,,,,,,,,,,,,,,,,,,,,,,,,,,,,,,,,,,,,,,,,,,,,,,,,,,,,
Q03,2,1,1,1.54,,date_dim,150,0,never_instantiated,0,,,,,0,0,store_sales,item,51,0,never_instantiated,0,,,,,0,0,,,,,,,,,,,,,,,,,,,,,,,,,,,,,,,,,,,,,,,,,,,,,,,,,,,,,,,,,,,,,,,,,,,,,,,,,,,,,,,,,,,,,,,,,,,,,,,,,,,,,,,,,,,,,,,,,,,,,,,,,,,,,,,,,,,,,,,,,,,,,,,,,,,,,,,,,,,,,,,,,,,,,,,,,,,,,,,,,,,,,,,,,,,,,,,,,,,,,,,,,,,,,,,,,,,,,,,,,,,,,,,,,,,,,,,,,,,,,,,,,,,,,,,,,,,,,,,,,,,,,,,,,,,,,,,,,,,,,,,,,,,,,,,,,,,,,,,,,,,,,,,,,,,,,,,,,,,,,,,,,,,,,,,,,,,,,,,,,,,,,,,,,,,,,,,,,,,,,,,,,,,,,,,,,,,,,,,,,,,,,,,,,,,,,,,,,,,,,,,,,,,,,,,,,,,,,,,,,,,,,,,,,,,,,,,,,,,,,,,,,,,,
Q04,2,9,1,21.61,,,158081,0,never_instantiated,0,,,,,0,0,,,155650,0,never_instantiated,0,,,,,0,0,,,225420,0,never_instantiated,0,,,,,0,0,,date_dim,365,0,never_instantiated,0,,,,,0,0,catalog_sales,customer,266000,0,never_instantiated,0,,,,,0,0,,,238491,0,never_instantiated,0,,,,,0,0,,,258504,0,never_instantiated,0,,,,,0,0,customer,,10741590,0,never_instantiated,0,,,,,0,0,store_sales,date_dim,365,0,never_instantiated,0,,,,,0,0,,date_dim,365,0,never_instantiated,0,,,,,0,0,store_sales,customer,264043,0,never_instantiated,0,,,,,0,0,,date_dim,365,0,never_instantiated,0,,,,,0,0,catalog_sales,customer,266000,0,never_instantiated,0,,,,,0,0,,date_dim,365,0,never_instantiated,0,,,,,0,0,web_sales,customer,157499,0,never_instantiated,0,,,,,0,0,,date_dim,365,0,never_instantiated,0,,,,,0,0,web_sales,customer,266000,0,never_instantiated,0,,,,,0,0,,,,,,,,,,,,,,,,,,,,,,,,,,,,,,,,,,,,,,,,,,,,,,,,,,,,,,,,,,,,,,,,,,,,,,,,,,,,,,,,,,,,,,,,,,,,,,,,,,,,,,,,,,,,,,,,,,,,,,,,,,,,,,,,,,,,,,,,,,,,,,,,,,,,,,,,,,,,,,,,,,,,,,,,,,,,,,,,,,,,,,,,,,,,,,,,,,,,,,,,,,,,,,,,,,,,,,,,,,,,,,,,,,,,,,,,,,,,,,,,,,,,,,,,,,,,,,,,,,,,,,,,
Q05,2,9,1,3.18,,date_dim,15,0,never_instantiated,0,,,,,0,0,,store,44,0,never_instantiated,0,,,,,0,0,,date_dim,15,0,never_instantiated,0,,,,,0,0,,catalog_page,9828,0,never_instantiated,0,,,,,0,0,,web_site,28,0,never_instantiated,0,,,,,0,0,,date_dim,15,0,never_instantiated,0,,,,,0,0,web_sales,web_returns,1439041,0,never_instantiated,0,,,,,0,0,,,,,,,,,,,,,,,,,,,,,,,,,,,,,,,,,,,,,,,,,,,,,,,,,,,,,,,,,,,,,,,,,,,,,,,,,,,,,,,,,,,,,,,,,,,,,,,,,,,,,,,,,,,,,,,,,,,,,,,,,,,,,,,,,,,,,,,,,,,,,,,,,,,,,,,,,,,,,,,,,,,,,,,,,,,,,,,,,,,,,,,,,,,,,,,,,,,,,,,,,,,,,,,,,,,,,,,,,,,,,,,,,,,,,,,,,,,,,,,,,,,,,,,,,,,,,,,,,,,,,,,,,,,,,,,,,,,,,,,,,,,,,,,,,,,,,,,,,,,,,,,,,,,,,,,,,,,,,,,,,,,,,,,,,,,,,,,,,,,,,,,,,,,,,,,,,,,,,,,,,,,,,,,,,,,,,,,,,,,,,,,,
Q06,2,5,1,6.34,,date_dim,1,0,never_instantiated,0,,,,,0,0,,customer_address,133000,0,never_instantiated,0,,,,,0,0,,customer,266000,0,never_instantiated,0,,,,,0,0,,date_dim,1827,0,never_instantiated,0,,,,,0,0,store_sales,item,28000,0,never_instantiated,0,,,,,0,0,,,567065,0,never_instantiated,0,,,,,0,0,,item,27937,0,never_instantiated,0,,,,,0,0,,,,,,,,,,,,,,,,,,,,,,,,,,,,,,,,,,,,,,,,,,,,,,,,,,,,,,,,,,,,,,,,,,,,,,,,,,,,,,,,,,,,,,,,,,,,,,,,,,,,,,,,,,,,,,,,,,,,,,,,,,,,,,,,,,,,,,,,,,,,,,,,,,,,,,,,,,,,,,,,,,,,,,,,,,,,,,,,,,,,,,,,,,,,,,,,,,,,,,,,,,,,,,,,,,,,,,,,,,,,,,,,,,,,,,,,,,,,,,,,,,,,,,,,,,,,,,,,,,,,,,,,,,,,,,,,,,,,,,,,,,,,,,,,,,,,,,,,,,,,,,,,,,,,,,,,,,,,,,,,,,,,,,,,,,,,,,,,,,,,,,,,,,,,,,,,,,,,,,,,,,,,,,,,,,,,,,,,,,,,,,,,
Q07,2,5,1,2.46,item,,153084,0,never_instantiated,0,,,,,0,0,,date_dim,366,0,never_instantiated,0,,,,,0,0,,promotion,354,0,never_instantiated,0,,,,,0,0,store_sales,customer_demographics,27440,0,never_instantiated,0,,,,,0,0,,,,,,,,,,,,,,,,,,,,,,,,,,,,,,,,,,,,,,,,,,,,,,,,,,,,,,,,,,,,,,,,,,,,,,,,,,,,,,,,,,,,,,,,,,,,,,,,,,,,,,,,,,,,,,,,,,,,,,,,,,,,,,,,,,,,,,,,,,,,,,,,,,,,,,,,,,,,,,,,,,,,,,,,,,,,,,,,,,,,,,,,,,,,,,,,,,,,,,,,,,,,,,,,,,,,,,,,,,,,,,,,,,,,,,,,,,,,,,,,,,,,,,,,,,,,,,,,,,,,,,,,,,,,,,,,,,,,,,,,,,,,,,,,,,,,,,,,,,,,,,,,,,,,,,,,,,,,,,,,,,,,,,,,,,,,,,,,,,,,,,,,,,,,,,,,,,,,,,,,,,,,,,,,,,,,,,,,,,,,,,,,,,,,,,,,,,,,,,,,,,,,,,,,,,,,,,,,,,,,
Q08,2,5,1,1.95,,,8,0,never_instantiated,0,,,,,0,0,,date_dim,91,0,never_instantiated,0,,,,,0,0,store_sales,store,44,0,never_instantiated,0,,,,,0,0,customer_address,,1341,0,never_instantiated,0,,,,,0,0,customer_address,customer,126088,0,never_instantiated,0,,,,,0,0,,,,,,,,,,,,,,,,,,,,,,,,,,,,,,,,,,,,,,,,,,,,,,,,,,,,,,,,,,,,,,,,,,,,,,,,,,,,,,,,,,,,,,,,,,,,,,,,,,,,,,,,,,,,,,,,,,,,,,,,,,,,,,,,,,,,,,,,,,,,,,,,,,,,,,,,,,,,,,,,,,,,,,,,,,,,,,,,,,,,,,,,,,,,,,,,,,,,,,,,,,,,,,,,,,,,,,,,,,,,,,,,,,,,,,,,,,,,,,,,,,,,,,,,,,,,,,,,,,,,,,,,,,,,,,,,,,,,,,,,,,,,,,,,,,,,,,,,,,,,,,,,,,,,,,,,,,,,,,,,,,,,,,,,,,,,,,,,,,,,,,,,,,,,,,,,,,,,,,,,,,,,,,,,,,,,,,,,,,,,,,,,,,,,,,,,,,,,,,,,,,,,,,,,
Q09,2,15,1,6.24,,,,,,,,,,,,,,,,,,,,,,,,,,,,,,,,,,,,,,,,,,,,,,,,,,,,,,,,,,,,,,,,,,,,,,,,,,,,,,,,,,,,,,,,,,,,,,,,,,,,,,,,,,,,,,,,,,,,,,,,,,,,,,,,,,,,,,,,,,,,,,,,,,,,,,,,,,,,,,,,,,,,,,,,,,,,,,,,,,,,,,,,,,,,,,,,,,,,,,,,,,,,,,,,,,,,,,,,,,,,,,,,,,,,,,,,,,,,,,,,,,,,,,,,,,,,,,,,,,,,,,,,,,,,,,,,,,,,,,,,,,,,,,,,,,,,,,,,,,,,,,,,,,,,,,,,,,,,,,,,,,,,,,,,,,,,,,,,,,,,,,,,,,,,,,,,,,,,,,,,,,,,,,,,,,,,,,,,,,,,,,,,,,,,,,,,,,,,,,,,,,,,,,,,,,,,,,,,,,,,,,,,,,,,,,,,,,,,,,,,,,,,,,,,,,,,,,,,,,,,,,,,,,,,
Q10,2,16,1,2.46,customer_demographics,,2423,0,never_instantiated,0,,,,,0,0,customer,,1261,0,never_instantiated,0,,,,,0,0,customer_address,,5,0,never_instantiated,0,,,,,0,0,,,2423,0,never_instantiated,0,,,,,0,0,,,2423,0,never_instantiated,0,,,,,0,0,store_sales,date_dim,120,0,never_instantiated,0,,,,,0,0,,,2817,0,never_instantiated,0,,,,,0,0,,,1260,0,never_instantiated,0,,,,,0,0,web_sales,date_dim,120,0,never_instantiated,0,,,,,0,0,,,4953,0,never_instantiated,0,,,,,0,0,,,1260,0,never_instantiated,0,,,,,0,0,catalog_sales,date_dim,120,0,never_instantiated,0,,,,,0,0,,,,,,,,,,,,,,,,,,,,,,,,,,,,,,,,,,,,,,,,,,,,,,,,,,,,,,,,,,,,,,,,,,,,,,,,,,,,,,,,,,,,,,,,,,,,,,,,,,,,,,,,,,,,,,,,,,,,,,,,,,,,,,,,,,,,,,,,,,,,,,,,,,,,,,,,,,,,,,,,,,,,,,,,,,,,,,,,,,,,,,,,,,,,,,,,,,,,,,,,,,,,,,,,,,,,,,,,,,,,,,,,,,,,,,,,,,,,,,,,,,,,,,,,,,,,,,,,,,,,,,,,,,,,,,,,,,,,,,,,,,,,,,,,,,,,,,,,,,,,,,,,,,,,,,,,,,,,,,,,,,,,
Q11,2,8,1,14.54,,,148861,0,never_instantiated,0,,,,,0,0,,date_dim,365,0,never_instantiated,0,,,,,0,0,web_sales,customer,266000,0,never_instantiated,0,,,,,0,0,,,157499,0,never_instantiated,0,,,,,0,0,,,258504,0,never_instantiated,0,,,,,0,0,,date_dim,365,0,never_instantiated,0,,,,,0,0,store_sales,customer,264132,0,never_instantiated,0,,,,,0,0,,date_dim,365,0,never_instantiated,0,,,,,0,0,store_sales,customer,266000,0,never_instantiated,0,,,,,0,0,,date_dim,365,0,never_instantiated,0,,,,,0,0,web_sales,customer,157499,0,never_instantiated,0,,,,,0,0,,,,,,,,,,,,,,,,,,,,,,,,,,,,,,,,,,,,,,,,,,,,,,,,,,,,,,,,,,,,,,,,,,,,,,,,,,,,,,,,,,,,,,,,,,,,,,,,,,,,,,,,,,,,,,,,,,,,,,,,,,,,,,,,,,,,,,,,,,,,,,,,,,,,,,,,,,,,,,,,,,,,,,,,,,,,,,,,,,,,,,,,,,,,,,,,,,,,,,,,,,,,,,,,,,,,,,,,,,,,,,,,,,,,,,,,,,,,,,,,,,,,,,,,,,,,,,,,,,,,,,,,,,,,,,,,,,,,,,,,,,,,,,,,,,,,,,,,,,,,,,,,,,,,,,,,,,,,,,,,,,,,,,,,,,,,,,,,
Q12,2,10,1,0.41,,date_dim,31,0,never_instantiated,0,,,,,0,0,web_sales,item,8331,0,never_instantiated,0,,,,,0,0,,,,,,,,,,,,,,,,,,,,,,,,,,,,,,,,,,,,,,,,,,,,,,,,,,,,,,,,,,,,,,,,,,,,,,,,,,,,,,,,,,,,,,,,,,,,,,,,,,,,,,,,,,,,,,,,,,,,,,,,,,,,,,,,,,,,,,,,,,,,,,,,,,,,,,,,,,,,,,,,,,,,,,,,,,,,,,,,,,,,,,,,,,,,,,,,,,,,,,,,,,,,,,,,,,,,,,,,,,,,,,,,,,,,,,,,,,,,,,,,,,,,,,,,,,,,,,,,,,,,,,,,,,,,,,,,,,,,,,,,,,,,,,,,,,,,,,,,,,,,,,,,,,,,,,,,,,,,,,,,,,,,,,,,,,,,,,,,,,,,,,,,,,,,,,,,,,,,,,,,,,,,,,,,,,,,,,,,,,,,,,,,,,,,,,,,,,,,,,,,,,,,,,,,,,,,,,,,,,,,,,,,,,,,,,,,,,,,,,,,,,,,
Q13,2,5,1,5.33,customer_demographics,,129768,0,never_instantiated,0,,,,,0,0,,store,44,0,never_instantiated,0,,,,,0,0,,household_demographics,7200,0,never_instantiated,0,,,,,0,0,,customer_address,128938,0,never_instantiated,0,,,,,0,0,store_sales,date_dim,365,0,never_instantiated,0,,,,,0,0,,,,,,,,,,,,,,,,,,,,,,,,,,,,,,,,,,,,,,,,,,,,,,,,,,,,,,,,,,,,,,,,,,,,,,,,,,,,,,,,,,,,,,,,,,,,,,,,,,,,,,,,,,,,,,,,,,,,,,,,,,,,,,,,,,,,,,,,,,,,,,,,,,,,,,,,,,,,,,,,,,,,,,,,,,,,,,,,,,,,,,,,,,,,,,,,,,,,,,,,,,,,,,,,,,,,,,,,,,,,,,,,,,,,,,,,,,,,,,,,,,,,,,,,,,,,,,,,,,,,,,,,,,,,,,,,,,,,,,,,,,,,,,,,,,,,,,,,,,,,,,,,,,,,,,,,,,,,,,,,,,,,,,,,,,,,,,,,,,,,,,,,,,,,,,,,,,,,,,,,,,,,,,,,,,,,,,,,,,,,,,,,,,,,,,,,,,,,,,,,,,,,,,,,
Q14,2,15,1,39.89,store_sales,date_dim,1096,0,never_instantiated,0,,,,,0,0,catalog_sales,date_dim,1096,0,never_instantiated,0,,,,,0,0,web_sales,date_dim,1096,0,never_instantiated,0,,,,,0,0,,,1755053,0,never_instantiated,0,,,,,0,0,,item,27887,0,never_instantiated,0,,,,,0,0,,,8634251,0,never_instantiated,0,,,,,0,0,,,17131992,0,never_instantiated,0,,,,,0,0,,date_dim,1096,0,never_instantiated,0,,,,,0,0,store_sales,item,28000,0,never_instantiated,0,,,,,0,0,,item,28000,0,never_instantiated,0,,,,,0,0,catalog_sales,date_dim,1096,0,never_instantiated,0,,,,,0,0,,date_dim,1096,0,never_instantiated,0,,,,,0,0,web_sales,item,28000,0,never_instantiated,0,,,,,0,0,,date_dim,30,0,never_instantiated,0,,,,,0,0,store_sales,item,28000,0,never_instantiated,0,,,,,0,0,,,927229,0,never_instantiated,0,,,,,0,0,,item,27887,0,never_instantiated,0,,,,,0,0,,,8634251,0,never_instantiated,0,,,,,0,0,,,17131992,0,never_instantiated,0,,,,,0,0,,date_dim,1096,0,never_instantiated,0,,,,,0,0,store_sales,item,28000,0,never_instantiated,0,,,,,0,0,,item,28000,0,never_instantiated,0,,,,,0,0,catalog_sales,date_dim,1096,0,never_instantiated,0,,,,,0,0,,date_dim,1096,0,never_instantiated,0,,,,,0,0,web_sales,item,28000,0,never_instantiated,0,,,,,0,0,,item,28000,0,never_instantiated,0,,,,,0,0,catalog_sales,date_dim,30,0,never_instantiated,0,,,,,0,0,,,459451,0,never_instantiated,0,,,,,0,0,,item,27887,0,never_instantiated,0,,,,,0,0,,,8634251,0,never_instantiated,0,,,,,0,0,,,17131992,0,never_instantiated,0,,,,,0,0,,date_dim,1096,0,never_instantiated,0,,,,,0,0,store_sales,item,28000,0,never_instantiated,0,,,,,0,0,,date_dim,1096,0,never_instantiated,0,,,,,0,0,catalog_sales,item,28000,0,never_instantiated,0,,,,,0,0,,date_dim,1096,0,never_instantiated,0,,,,,0,0,web_sales,item,28000,0,never_instantiated,0,,,,,0,0,,date_dim,30,0,never_instantiated,0,,,,,0,0,web_sales,item,28000,0,never_instantiated,0,,,,,0,0
Q15,2,10,1,0.31,,date_dim,91,0,never_instantiated,0,,,,,0,0,,,9,0,never_instantiated,0,,,,,0,0,,customer_address,133000,0,never_instantiated,0,,,,,0,0,catalog_sales,customer,266000,0,never_instantiated,0,,,,,0,0,,,,,,,,,,,,,,,,,,,,,,,,,,,,,,,,,,,,,,,,,,,,,,,,,,,,,,,,,,,,,,,,,,,,,,,,,,,,,,,,,,,,,,,,,,,,,,,,,,,,,,,,,,,,,,,,,,,,,,,,,,,,,,,,,,,,,,,,,,,,,,,,,,,,,,,,,,,,,,,,,,,,,,,,,,,,,,,,,,,,,,,,,,,,,,,,,,,,,,,,,,,,,,,,,,,,,,,,,,,,,,,,,,,,,,,,,,,,,,,,,,,,,,,,,,,,,,,,,,,,,,,,,,,,,,,,,,,,,,,,,,,,,,,,,,,,,,,,,,,,,,,,,,,,,,,,,,,,,,,,,,,,,,,,,,,,,,,,,,,,,,,,,,,,,,,,,,,,,,,,,,,,,,,,,,,,,,,,,,,,,,,,,,,,,,,,,,,,,,,,,,,,,,,,,,,,,,,,,,,,
Q16,2,1,1,0.41,,date_dim,61,0,never_instantiated,0,,,,,0,0,,call_center,6,0,never_instantiated,0,,,,,0,0,catalog_sales,customer_address,6457,0,never_instantiated,0,,,,,0,0,,,47574,0,never_instantiated,0,,,,,0,0,catalog_sales,,31787,0,never_instantiated,0,,,,,0,0,,,47523,0,never_instantiated,0,,,,,0,0,catalog_returns,,12150,0,never_instantiated,0,,,,,0,0,,,,,,,,,,,,,,,,,,,,,,,,,,,,,,,,,,,,,,,,,,,,,,,,,,,,,,,,,,,,,,,,,,,,,,,,,,,,,,,,,,,,,,,,,,,,,,,,,,,,,,,,,,,,,,,,,,,,,,,,,,,,,,,,,,,,,,,,,,,,,,,,,,,,,,,,,,,,,,,,,,,,,,,,,,,,,,,,,,,,,,,,,,,,,,,,,,,,,,,,,,,,,,,,,,,,,,,,,,,,,,,,,,,,,,,,,,,,,,,,,,,,,,,,,,,,,,,,,,,,,,,,,,,,,,,,,,,,,,,,,,,,,,,,,,,,,,,,,,,,,,,,,,,,,,,,,,,,,,,,,,,,,,,,,,,,,,,,,,,,,,,,,,,,,,,,,,,,,,,,,,,,,,,,,,,,,,,,,,,,,,,,
Q17,2,15,1,2.26,,date_dim,274,0,never_instantiated,0,,,,,0,0,,date_dim,91,0,never_instantiated,0,,,,,0,0,,store_returns,795308,0,never_instantiated,0,,,,,0,0,,store,44,0,never_instantiated,0,,,,,0,0,,item,18668,0,never_instantiated,0,,,,,0,0,,date_dim,274,0,never_instantiated,0,,,,,0,0,store_sales,catalog_sales,3177111,0,never_instantiated,0,,,,,0,0,,,,,,,,,,,,,,,,,,,,,,,,,,,,,,,,,,,,,,,,,,,,,,,,,,,,,,,,,,,,,,,,,,,,,,,,,,,,,,,,,,,,,,,,,,,,,,,,,,,,,,,,,,,,,,,,,,,,,,,,,,,,,,,,,,,,,,,,,,,,,,,,,,,,,,,,,,,,,,,,,,,,,,,,,,,,,,,,,,,,,,,,,,,,,,,,,,,,,,,,,,,,,,,,,,,,,,,,,,,,,,,,,,,,,,,,,,,,,,,,,,,,,,,,,,,,,,,,,,,,,,,,,,,,,,,,,,,,,,,,,,,,,,,,,,,,,,,,,,,,,,,,,,,,,,,,,,,,,,,,,,,,,,,,,,,,,,,,,,,,,,,,,,,,,,,,,,,,,,,,,,,,,,,,,,,,,,,,,,,,,,,,
Q18,2,2,1,0.82,customer_demographics,,26879,0,never_instantiated,0,,,,,0,0,item,,26879,0,never_instantiated,0,,,,,0,0,customer_demographics,,26879,0,never_instantiated,0,,,,,0,0,,,19455,0,never_instantiated,0,,,,,0,0,,,127461,0,never_instantiated,0,,,,,0,0,catalog_sales,date_dim,365,0,never_instantiated,0,,,,,0,0,customer,,6,0,never_instantiated,0,,,,,0,0,customer_address,,7,0,never_instantiated,0,,,,,0,0,,,,,,,,,,,,,,,,,,,,,,,,,,,,,,,,,,,,,,,,,,,,,,,,,,,,,,,,,,,,,,,,,,,,,,,,,,,,,,,,,,,,,,,,,,,,,,,,,,,,,,,,,,,,,,,,,,,,,,,,,,,,,,,,,,,,,,,,,,,,,,,,,,,,,,,,,,,,,,,,,,,,,,,,,,,,,,,,,,,,,,,,,,,,,,,,,,,,,,,,,,,,,,,,,,,,,,,,,,,,,,,,,,,,,,,,,,,,,,,,,,,,,,,,,,,,,,,,,,,,,,,,,,,,,,,,,,,,,,,,,,,,,,,,,,,,,,,,,,,,,,,,,,,,,,,,,,,,,,,,,,,,,,,,,,,,,,,,,,,,,,,,,,,,,,,,,,,,,,,,,,,,,,,,,,,,
Q19,2,11,1,1.54,customer_address,,30670,0,never_instantiated,0,,,,,0,0,customer,,30670,0,never_instantiated,0,,,,,0,0,,date_dim,30,0,never_instantiated,0,,,,,0,0,,item,504,0,never_instantiated,0,,,,,0,0,store_sales,store,44,0,never_instantiated,0,,,,,0,0,,,,,,,,,,,,,,,,,,,,,,,,,,,,,,,,,,,,,,,,,,,,,,,,,,,,,,,,,,,,,,,,,,,,,,,,,,,,,,,,,,,,,,,,,,,,,,,,,,,,,,,,,,,,,,,,,,,,,,,,,,,,,,,,,,,,,,,,,,,,,,,,,,,,,,,,,,,,,,,,,,,,,,,,,,,,,,,,,,,,,,,,,,,,,,,,,,,,,,,,,,,,,,,,,,,,,,,,,,,,,,,,,,,,,,,,,,,,,,,,,,,,,,,,,,,,,,,,,,,,,,,,,,,,,,,,,,,,,,,,,,,,,,,,,,,,,,,,,,,,,,,,,,,,,,,,,,,,,,,,,,,,,,,,,,,,,,,,,,,,,,,,,,,,,,,,,,,,,,,,,,,,,,,,,,,,,,,,,,,,,,,,,,,,,,,,,,,,,,,,,,,,,,,,
Q20,2,10,1,0.21,,date_dim,31,0,never_instantiated,0,,,,,0,0,catalog_sales,item,8331,0,never_instantiated,0,,,,,0,0,,,,,,,,,,,,,,,,,,,,,,,,,,,,,,,,,,,,,,,,,,,,,,,,,,,,,,,,,,,,,,,,,,,,,,,,,,,,,,,,,,,,,,,,,,,,,,,,,,,,,,,,,,,,,,,,,,,,,,,,,,,,,,,,,,,,,,,,,,,,,,,,,,,,,,,,,,,,,,,,,,,,,,,,,,,,,,,,,,,,,,,,,,,,,,,,,,,,,,,,,,,,,,,,,,,,,,,,,,,,,,,,,,,,,,,,,,,,,,,,,,,,,,,,,,,,,,,,,,,,,,,,,,,,,,,,,,,,,,,,,,,,,,,,,,,,,,,,,,,,,,,,,,,,,,,,,,,,,,,,,,,,,,,,,,,,,,,,,,,,,,,,,,,,,,,,,,,,,,,,,,,,,,,,,,,,,,,,,,,,,,,,,,,,,,,,,,,,,,,,,,,,,,,,,,,,,,,,,,,,,,,,,,,,,,,,,,,,,,,,,,,,
Q21,2,10,1,0.11,,date_dim,61,0,never_instantiated,0,,,,,0,0,,warehouse,5,0,never_instantiated,0,,,,,0,0,inventory,item,1770,0,never_instantiated,0,,,,,0,0,,,,,,,,,,,,,,,,,,,,,,,,,,,,,,,,,,,,,,,,,,,,,,,,,,,,,,,,,,,,,,,,,,,,,,,,,,,,,,,,,,,,,,,,,,,,,,,,,,,,,,,,,,,,,,,,,,,,,,,,,,,,,,,,,,,,,,,,,,,,,,,,,,,,,,,,,,,,,,,,,,,,,,,,,,,,,,,,,,,,,,,,,,,,,,,,,,,,,,,,,,,,,,,,,,,,,,,,,,,,,,,,,,,,,,,,,,,,,,,,,,,,,,,,,,,,,,,,,,,,,,,,,,,,,,,,,,,,,,,,,,,,,,,,,,,,,,,,,,,,,,,,,,,,,,,,,,,,,,,,,,,,,,,,,,,,,,,,,,,,,,,,,,,,,,,,,,,,,,,,,,,,,,,,,,,,,,,,,,,,,,,,,,,,,,,,,,,,,,,,,,,,,,,,,,,,,,,,,,,,,,,,,,,,,,,,
Q22,2,10,1,1.64,,item,28000,0,never_instantiated,0,,,,,0,0,inventory,date_dim,366,0,never_instantiated,0,,,,,0,0,,,,,,,,,,,,,,,,,,,,,,,,,,,,,,,,,,,,,,,,,,,,,,,,,,,,,,,,,,,,,,,,,,,,,,,,,,,,,,,,,,,,,,,,,,,,,,,,,,,,,,,,,,,,,,,,,,,,,,,,,,,,,,,,,,,,,,,,,,,,,,,,,,,,,,,,,,,,,,,,,,,,,,,,,,,,,,,,,,,,,,,,,,,,,,,,,,,,,,,,,,,,,,,,,,,,,,,,,,,,,,,,,,,,,,,,,,,,,,,,,,,,,,,,,,,,,,,,,,,,,,,,,,,,,,,,,,,,,,,,,,,,,,,,,,,,,,,,,,,,,,,,,,,,,,,,,,,,,,,,,,,,,,,,,,,,,,,,,,,,,,,,,,,,,,,,,,,,,,,,,,,,,,,,,,,,,,,,,,,,,,,,,,,,,,,,,,,,,,,,,,,,,,,,,,,,,,,,,,,,,,,,,,,,,,,,,,,,,,,,,,,,
Q23,2,6,1,24.46,,item,28000,0,never_instantiated,0,,,,,0,0,store_sales,date_dim,1098,0,never_instantiated,0,,,,,0,0,store_sales,customer,266000,0,never_instantiated,0,,,,,0,0,,date_dim,1098,0,never_instantiated,0,,,,,0,0,store_sales,customer,266000,0,never_instantiated,0,,,,,0,0,,,150353,0,never_instantiated,0,,,,,0,0,,,261594,0,never_instantiated,0,,,,,0,0,,date_dim,29,0,never_instantiated,0,,,,,0,0,catalog_sales,customer,266000,0,never_instantiated,0,,,,,0,0,,,150353,0,never_instantiated,0,,,,,0,0,,,130221,0,never_instantiated,0,,,,,0,0,customer,,130221,0,never_instantiated,0,,,,,0,0,web_sales,date_dim,29,0,never_instantiated,0,,,,,0,0,,,,,,,,,,,,,,,,,,,,,,,,,,,,,,,,,,,,,,,,,,,,,,,,,,,,,,,,,,,,,,,,,,,,,,,,,,,,,,,,,,,,,,,,,,,,,,,,,,,,,,,,,,,,,,,,,,,,,,,,,,,,,,,,,,,,,,,,,,,,,,,,,,,,,,,,,,,,,,,,,,,,,,,,,,,,,,,,,,,,,,,,,,,,,,,,,,,,,,,,,,,,,,,,,,,,,,,,,,,,,,,,,,,,,,,,,,,,,,,,,,,,,,,,,,,,,,,,,,,,,,,,,,,,,,,,,,,,,,,,,,,,,,,,,,,,,,,,,,,,,,,,,,,,,,,,
Q24,2,17,1,3.18,,customer_address,126970,0,never_instantiated,0,,,,,0,0,,customer,266000,0,never_instantiated,0,,,,,0,0,,store,3,0,never_instantiated,0,,,,,0,0,,store_returns,5756650,0,never_instantiated,0,,,,,0,0,store_sales,item,28000,0,never_instantiated,0,,,,,0,0,,,,,,,,,,,,,,,,,,,,,,,,,,,,,,,,,,,,,,,,,,,,,,,,,,,,,,,,,,,,,,,,,,,,,,,,,,,,,,,,,,,,,,,,,,,,,,,,,,,,,,,,,,,,,,,,,,,,,,,,,,,,,,,,,,,,,,,,,,,,,,,,,,,,,,,,,,,,,,,,,,,,,,,,,,,,,,,,,,,,,,,,,,,,,,,,,,,,,,,,,,,,,,,,,,,,,,,,,,,,,,,,,,,,,,,,,,,,,,,,,,,,,,,,,,,,,,,,,,,,,,,,,,,,,,,,,,,,,,,,,,,,,,,,,,,,,,,,,,,,,,,,,,,,,,,,,,,,,,,,,,,,,,,,,,,,,,,,,,,,,,,,,,,,,,,,,,,,,,,,,,,,,,,,,,,,,,,,,,,,,,,,,,,,,,,,,,,,,,,,,,,,,,,,
Q25,2,3,1,2.16,item,,35,0,never_instantiated,0,,,,,0,0,,date_dim,30,0,never_instantiated,0,,,,,0,0,,date_dim,214,0,never_instantiated,0,,,,,0,0,catalog_sales,,37763,0,never_instantiated,0,,,,,0,0,,date_dim,214,0,never_instantiated,0,,,,,0,0,,store_returns,508378,0,never_instantiated,0,,,,,0,0,store_sales,store,44,0,never_instantiated,0,,,,,0,0,,,,,,,,,,,,,,,,,,,,,,,,,,,,,,,,,,,,,,,,,,,,,,,,,,,,,,,,,,,,,,,,,,,,,,,,,,,,,,,,,,,,,,,,,,,,,,,,,,,,,,,,,,,,,,,,,,,,,,,,,,,,,,,,,,,,,,,,,,,,,,,,,,,,,,,,,,,,,,,,,,,,,,,,,,,,,,,,,,,,,,,,,,,,,,,,,,,,,,,,,,,,,,,,,,,,,,,,,,,,,,,,,,,,,,,,,,,,,,,,,,,,,,,,,,,,,,,,,,,,,,,,,,,,,,,,,,,,,,,,,,,,,,,,,,,,,,,,,,,,,,,,,,,,,,,,,,,,,,,,,,,,,,,,,,,,,,,,,,,,,,,,,,,,,,,,,,,,,,,,,,,,,,,,,,,,,,,,,,,,,,,,
Q26,2,3,1,0.52,,date_dim,366,0,never_instantiated,0,,,,,0,0,,customer_demographics,27440,0,never_instantiated,0,,,,,0,0,,promotion,354,0,never_instantiated,0,,,,,0,0,catalog_sales,item,28000,0,never_instantiated,0,,,,,0,0,,,,,,,,,,,,,,,,,,,,,,,,,,,,,,,,,,,,,,,,,,,,,,,,,,,,,,,,,,,,,,,,,,,,,,,,,,,,,,,,,,,,,,,,,,,,,,,,,,,,,,,,,,,,,,,,,,,,,,,,,,,,,,,,,,,,,,,,,,,,,,,,,,,,,,,,,,,,,,,,,,,,,,,,,,,,,,,,,,,,,,,,,,,,,,,,,,,,,,,,,,,,,,,,,,,,,,,,,,,,,,,,,,,,,,,,,,,,,,,,,,,,,,,,,,,,,,,,,,,,,,,,,,,,,,,,,,,,,,,,,,,,,,,,,,,,,,,,,,,,,,,,,,,,,,,,,,,,,,,,,,,,,,,,,,,,,,,,,,,,,,,,,,,,,,,,,,,,,,,,,,,,,,,,,,,,,,,,,,,,,,,,,,,,,,,,,,,,,,,,,,,,,,,,,,,,,,,,,,,,
Q27,2,2,1,5.22,item,,142158,0,never_instantiated,0,,,,,0,0,customer_demographics,,152909,0,never_instantiated,0,,,,,0,0,,store,43,0,never_instantiated,0,,,,,0,0,store_sales,date_dim,365,0,never_instantiated,0,,,,,0,0,,store,43,0,never_instantiated,0,,,,,0,0,,date_dim,365,0,never_instantiated,0,,,,,0,0,,customer_demographics,27440,0,never_instantiated,0,,,,,0,0,store_sales,item,28000,0,never_instantiated,0,,,,,0,0,,date_dim,365,0,never_instantiated,0,,,,,0,0,,customer_demographics,27440,0,never_instantiated,0,,,,,0,0,,store,43,0,never_instantiated,0,,,,,0,0,store_sales,item,28000,0,never_instantiated,0,,,,,0,0,,,,,,,,,,,,,,,,,,,,,,,,,,,,,,,,,,,,,,,,,,,,,,,,,,,,,,,,,,,,,,,,,,,,,,,,,,,,,,,,,,,,,,,,,,,,,,,,,,,,,,,,,,,,,,,,,,,,,,,,,,,,,,,,,,,,,,,,,,,,,,,,,,,,,,,,,,,,,,,,,,,,,,,,,,,,,,,,,,,,,,,,,,,,,,,,,,,,,,,,,,,,,,,,,,,,,,,,,,,,,,,,,,,,,,,,,,,,,,,,,,,,,,,,,,,,,,,,,,,,,,,,,,,,,,,,,,,,,,,,,,,,,,,,,,,,,,,,,,,,,,,,,,,,,,,,,,,,,,,,,,,,
Q28,2,8,1,6.65,,,,,,,,,,,,,,,,,,,,,,,,,,,,,,,,,,,,,,,,,,,,,,,,,,,,,,,,,,,,,,,,,,,,,,,,,,,,,,,,,,,,,,,,,,,,,,,,,,,,,,,,,,,,,,,,,,,,,,,,,,,,,,,,,,,,,,,,,,,,,,,,,,,,,,,,,,,,,,,,,,,,,,,,,,,,,,,,,,,,,,,,,,,,,,,,,,,,,,,,,,,,,,,,,,,,,,,,,,,,,,,,,,,,,,,,,,,,,,,,,,,,,,,,,,,,,,,,,,,,,,,,,,,,,,,,,,,,,,,,,,,,,,,,,,,,,,,,,,,,,,,,,,,,,,,,,,,,,,,,,,,,,,,,,,,,,,,,,,,,,,,,,,,,,,,,,,,,,,,,,,,,,,,,,,,,,,,,,,,,,,,,,,,,,,,,,,,,,,,,,,,,,,,,,,,,,,,,,,,,,,,,,,,,,,,,,,,,,,,,,,,,,,,,,,,,,,,,,,,,,,,,,,,,
Q29,2,8,1,3.18,,date_dim,1096,0,never_instantiated,0,,,,,0,0,,date_dim,122,0,never_instantiated,0,,,,,0,0,catalog_sales,,49992,0,never_instantiated,0,,,,,0,0,store_returns,,1141299,0,never_instantiated,0,,,,,0,0,,item,14001,0,never_instantiated,0,,,,,0,0,,date_dim,30,0,never_instantiated,0,,,,,0,0,store_sales,store,44,0,never_instantiated,0,,,,,0,0,,,,,,,,,,,,,,,,,,,,,,,,,,,,,,,,,,,,,,,,,,,,,,,,,,,,,,,,,,,,,,,,,,,,,,,,,,,,,,,,,,,,,,,,,,,,,,,,,,,,,,,,,,,,,,,,,,,,,,,,,,,,,,,,,,,,,,,,,,,,,,,,,,,,,,,,,,,,,,,,,,,,,,,,,,,,,,,,,,,,,,,,,,,,,,,,,,,,,,,,,,,,,,,,,,,,,,,,,,,,,,,,,,,,,,,,,,,,,,,,,,,,,,,,,,,,,,,,,,,,,,,,,,,,,,,,,,,,,,,,,,,,,,,,,,,,,,,,,,,,,,,,,,,,,,,,,,,,,,,,,,,,,,,,,,,,,,,,,,,,,,,,,,,,,,,,,,,,,,,,,,,,,,,,,,,,,,,,,,,,,,,,
Q30,2,10,1,0.41,,date_dim,365,0,never_instantiated,0,,,,,0,0,web_returns,customer_address,133000,0,never_instantiated,0,,,,,0,0,,,260478,0,never_instantiated,0,,,,,0,0,customer,customer_address,6457,0,never_instantiated,0,,,,,0,0,,,12883,0,never_instantiated,0,,,,,0,0,,,51,0,never_instantiated,0,,,,,0,0,,,,,,,,,,,,,,,,,,,,,,,,,,,,,,,,,,,,,,,,,,,,,,,,,,,,,,,,,,,,,,,,,,,,,,,,,,,,,,,,,,,,,,,,,,,,,,,,,,,,,,,,,,,,,,,,,,,,,,,,,,,,,,,,,,,,,,,,,,,,,,,,,,,,,,,,,,,,,,,,,,,,,,,,,,,,,,,,,,,,,,,,,,,,,,,,,,,,,,,,,,,,,,,,,,,,,,,,,,,,,,,,,,,,,,,,,,,,,,,,,,,,,,,,,,,,,,,,,,,,,,,,,,,,,,,,,,,,,,,,,,,,,,,,,,,,,,,,,,,,,,,,,,,,,,,,,,,,,,,,,,,,,,,,,,,,,,,,,,,,,,,,,,,,,,,,,,,,,,,,,,,,,,,,,,,,,,,,,,,,,,,,,,,,,,,,,,,,
Q31,2,8,1,2.77,,customer_address,133000,0,never_instantiated,0,,,,,0,0,store_sales,date_dim,274,0,never_instantiated,0,,,,,0,0,,customer_address,133000,0,never_instantiated,0,,,,,0,0,web_sales,date_dim,274,0,never_instantiated,0,,,,,0,0,,,1846,0,never_instantiated,0,,,,,0,0,,,1846,0,never_instantiated,0,,,,,0,0,,,1846,0,never_instantiated,0,,,,,0,0,,,1846,0,never_instantiated,0,,,,,0,0,,,1846,0,never_instantiated,0,,,,,0,0,,,,,,,,,,,,,,,,,,,,,,,,,,,,,,,,,,,,,,,,,,,,,,,,,,,,,,,,,,,,,,,,,,,,,,,,,,,,,,,,,,,,,,,,,,,,,,,,,,,,,,,,,,,,,,,,,,,,,,,,,,,,,,,,,,,,,,,,,,,,,,,,,,,,,,,,,,,,,,,,,,,,,,,,,,,,,,,,,,,,,,,,,,,,,,,,,,,,,,,,,,,,,,,,,,,,,,,,,,,,,,,,,,,,,,,,,,,,,,,,,,,,,,,,,,,,,,,,,,,,,,,,,,,,,,,,,,,,,,,,,,,,,,,,,,,,,,,,,,,,,,,,,,,,,,,,,,,,,,,,,,,,,,,,,,,,,,,,,,,,,,,,,,,,,,,,,,,,,,,,
Q32,2,10,1,0.11,,item,4,0,never_instantiated,0,,,,,0,0,catalog_sales,date_dim,91,0,never_instantiated,0,,,,,0,0,,,127,0,never_instantiated,0,,,,,0,0,,,2,0,never_instantiated,0,,,,,0,0,catalog_sales,date_dim,91,0,never_instantiated,0,,,,,0,0,,,,,,,,,,,,,,,,,,,,,,,,,,,,,,,,,,,,,,,,,,,,,,,,,,,,,,,,,,,,,,,,,,,,,,,,,,,,,,,,,,,,,,,,,,,,,,,,,,,,,,,,,,,,,,,,,,,,,,,,,,,,,,,,,,,,,,,,,,,,,,,,,,,,,,,,,,,,,,,,,,,,,,,,,,,,,,,,,,,,,,,,,,,,,,,,,,,,,,,,,,,,,,,,,,,,,,,,,,,,,,,,,,,,,,,,,,,,,,,,,,,,,,,,,,,,,,,,,,,,,,,,,,,,,,,,,,,,,,,,,,,,,,,,,,,,,,,,,,,,,,,,,,,,,,,,,,,,,,,,,,,,,,,,,,,,,,,,,,,,,,,,,,,,,,,,,,,,,,,,,,,,,,,,,,,,,,,,,,,,,,,,,,,,,,,,,,,,,,,,,,,,,,,,
Q33,2,8,1,1.75,,item,2796,0,never_instantiated,0,,,,,0,0,,customer_address,48344,0,never_instantiated,0,,,,,0,0,,date_dim,31,0,never_instantiated,0,,,,,0,0,store_sales,item,26162,0,never_instantiated,0,,,,,0,0,,item,2796,0,never_instantiated,0,,,,,0,0,,customer_address,48344,0,never_instantiated,0,,,,,0,0,,date_dim,31,0,never_instantiated,0,,,,,0,0,catalog_sales,item,26162,0,never_instantiated,0,,,,,0,0,,item,2796,0,never_instantiated,0,,,,,0,0,,customer_address,48344,0,never_instantiated,0,,,,,0,0,,date_dim,31,0,never_instantiated,0,,,,,0,0,web_sales,item,26162,0,never_instantiated,0,,,,,0,0,,,,,,,,,,,,,,,,,,,,,,,,,,,,,,,,,,,,,,,,,,,,,,,,,,,,,,,,,,,,,,,,,,,,,,,,,,,,,,,,,,,,,,,,,,,,,,,,,,,,,,,,,,,,,,,,,,,,,,,,,,,,,,,,,,,,,,,,,,,,,,,,,,,,,,,,,,,,,,,,,,,,,,,,,,,,,,,,,,,,,,,,,,,,,,,,,,,,,,,,,,,,,,,,,,,,,,,,,,,,,,,,,,,,,,,,,,,,,,,,,,,,,,,,,,,,,,,,,,,,,,,,,,,,,,,,,,,,,,,,,,,,,,,,,,,,,,,,,,,,,,,,,,,,,,,,,,,,,,,,,,,,
Q34,2,8,1,1.95,customer,,8910,0,never_instantiated,0,,,,,0,0,,store,43,0,never_instantiated,0,,,,,0,0,,date_dim,252,0,never_instantiated,0,,,,,0,0,store_sales,household_demographics,1040,0,never_instantiated,0,,,,,0,0,,,,,,,,,,,,,,,,,,,,,,,,,,,,,,,,,,,,,,,,,,,,,,,,,,,,,,,,,,,,,,,,,,,,,,,,,,,,,,,,,,,,,,,,,,,,,,,,,,,,,,,,,,,,,,,,,,,,,,,,,,,,,,,,,,,,,,,,,,,,,,,,,,,,,,,,,,,,,,,,,,,,,,,,,,,,,,,,,,,,,,,,,,,,,,,,,,,,,,,,,,,,,,,,,,,,,,,,,,,,,,,,,,,,,,,,,,,,,,,,,,,,,,,,,,,,,,,,,,,,,,,,,,,,,,,,,,,,,,,,,,,,,,,,,,,,,,,,,,,,,,,,,,,,,,,,,,,,,,,,,,,,,,,,,,,,,,,,,,,,,,,,,,,,,,,,,,,,,,,,,,,,,,,,,,,,,,,,,,,,,,,,,,,,,,,,,,,,,,,,,,,,,,,,,,,,,,,,,,,,
Q35,2,19,1,4.10,,customer_address,133000,0,never_instantiated,0,,,,,0,0,customer_demographics,customer,256823,0,never_instantiated,0,,,,,0,0,,,256823,0,never_instantiated,0,,,,,0,0,,,256823,0,never_instantiated,0,,,,,0,0,store_sales,date_dim,274,0,never_instantiated,0,,,,,0,0,,,1357635,0,never_instantiated,0,,,,,0,0,,,223022,0,never_instantiated,0,,,,,0,0,web_sales,date_dim,274,0,never_instantiated,0,,,,,0,0,,,2659348,0,never_instantiated,0,,,,,0,0,,,223022,0,never_instantiated,0,,,,,0,0,catalog_sales,date_dim,274,0,never_instantiated,0,,,,,0,0,,,,,,,,,,,,,,,,,,,,,,,,,,,,,,,,,,,,,,,,,,,,,,,,,,,,,,,,,,,,,,,,,,,,,,,,,,,,,,,,,,,,,,,,,,,,,,,,,,,,,,,,,,,,,,,,,,,,,,,,,,,,,,,,,,,,,,,,,,,,,,,,,,,,,,,,,,,,,,,,,,,,,,,,,,,,,,,,,,,,,,,,,,,,,,,,,,,,,,,,,,,,,,,,,,,,,,,,,,,,,,,,,,,,,,,,,,,,,,,,,,,,,,,,,,,,,,,,,,,,,,,,,,,,,,,,,,,,,,,,,,,,,,,,,,,,,,,,,,,,,,,,,,,,,,,,,,,,,,,,,,,,,,,,,,,,,,,,
Q36,2,18,1,4.82,,item,28000,0,never_instantiated,0,,,,,0,0,,store,43,0,never_instantiated,0,,,,,0,0,store_sales,date_dim,365,0,never_instantiated,0,,,,,0,0,,,,,,,,,,,,,,,,,,,,,,,,,,,,,,,,,,,,,,,,,,,,,,,,,,,,,,,,,,,,,,,,,,,,,,,,,,,,,,,,,,,,,,,,,,,,,,,,,,,,,,,,,,,,,,,,,,,,,,,,,,,,,,,,,,,,,,,,,,,,,,,,,,,,,,,,,,,,,,,,,,,,,,,,,,,,,,,,,,,,,,,,,,,,,,,,,,,,,,,,,,,,,,,,,,,,,,,,,,,,,,,,,,,,,,,,,,,,,,,,,,,,,,,,,,,,,,,,,,,,,,,,,,,,,,,,,,,,,,,,,,,,,,,,,,,,,,,,,,,,,,,,,,,,,,,,,,,,,,,,,,,,,,,,,,,,,,,,,,,,,,,,,,,,,,,,,,,,,,,,,,,,,,,,,,,,,,,,,,,,,,,,,,,,,,,,,,,,,,,,,,,,,,,,,,,,,,,,,,,,,,,,,,,,,,,,
Q37,2,10,1,0.31,,item,2,0,never_instantiated,0,,,,,0,0,,date_dim,61,0,never_instantiated,0,,,,,0,0,catalog_sales,inventory,19,0,never_instantiated,0,,,,,0,0,,,,,,,,,,,,,,,,,,,,,,,,,,,,,,,,,,,,,,,,,,,,,,,,,,,,,,,,,,,,,,,,,,,,,,,,,,,,,,,,,,,,,,,,,,,,,,,,,,,,,,,,,,,,,,,,,,,,,,,,,,,,,,,,,,,,,,,,,,,,,,,,,,,,,,,,,,,,,,,,,,,,,,,,,,,,,,,,,,,,,,,,,,,,,,,,,,,,,,,,,,,,,,,,,,,,,,,,,,,,,,,,,,,,,,,,,,,,,,,,,,,,,,,,,,,,,,,,,,,,,,,,,,,,,,,,,,,,,,,,,,,,,,,,,,,,,,,,,,,,,,,,,,,,,,,,,,,,,,,,,,,,,,,,,,,,,,,,,,,,,,,,,,,,,,,,,,,,,,,,,,,,,,,,,,,,,,,,,,,,,,,,,,,,,,,,,,,,,,,,,,,,,,,,,,,,,,,,,,,,,,,,,,,,,,,,
Q38,2,6,1,5.53,,,236113,0,never_instantiated,0,,,,,0,0,,,621690,0,never_instantiated,0,,,,,0,0,,date_dim,366,0,never_instantiated,0,,,,,0,0,store_sales,customer,266000,0,never_instantiated,0,,,,,0,0,,date_dim,366,0,never_instantiated,0,,,,,0,0,catalog_sales,customer,266000,0,never_instantiated,0,,,,,0,0,,date_dim,366,0,never_instantiated,0,,,,,0,0,web_sales,customer,266000,0,never_instantiated,0,,,,,0,0,,,,,,,,,,,,,,,,,,,,,,,,,,,,,,,,,,,,,,,,,,,,,,,,,,,,,,,,,,,,,,,,,,,,,,,,,,,,,,,,,,,,,,,,,,,,,,,,,,,,,,,,,,,,,,,,,,,,,,,,,,,,,,,,,,,,,,,,,,,,,,,,,,,,,,,,,,,,,,,,,,,,,,,,,,,,,,,,,,,,,,,,,,,,,,,,,,,,,,,,,,,,,,,,,,,,,,,,,,,,,,,,,,,,,,,,,,,,,,,,,,,,,,,,,,,,,,,,,,,,,,,,,,,,,,,,,,,,,,,,,,,,,,,,,,,,,,,,,,,,,,,,,,,,,,,,,,,,,,,,,,,,,,,,,,,,,,,,,,,,,,,,,,,,,,,,,,,,,,,,,,,,,,,,,,,,
Q39,2,10,1,0.21,,,4818,0,never_instantiated,0,,,,,0,0,,item,28000,0,never_instantiated,0,,,,,0,0,,date_dim,31,0,never_instantiated,0,,,,,0,0,inventory,warehouse,5,0,never_instantiated,0,,,,,0,0,,item,28000,0,never_instantiated,0,,,,,0,0,,date_dim,28,0,never_instantiated,0,,,,,0,0,inventory,warehouse,5,0,never_instantiated,0,,,,,0,0,,,,,,,,,,,,,,,,,,,,,,,,,,,,,,,,,,,,,,,,,,,,,,,,,,,,,,,,,,,,,,,,,,,,,,,,,,,,,,,,,,,,,,,,,,,,,,,,,,,,,,,,,,,,,,,,,,,,,,,,,,,,,,,,,,,,,,,,,,,,,,,,,,,,,,,,,,,,,,,,,,,,,,,,,,,,,,,,,,,,,,,,,,,,,,,,,,,,,,,,,,,,,,,,,,,,,,,,,,,,,,,,,,,,,,,,,,,,,,,,,,,,,,,,,,,,,,,,,,,,,,,,,,,,,,,,,,,,,,,,,,,,,,,,,,,,,,,,,,,,,,,,,,,,,,,,,,,,,,,,,,,,,,,,,,,,,,,,,,,,,,,,,,,,,,,,,,,,,,,,,,,,,,,,,,,,,,,,,,,,,,,,
Q40,2,10,1,0.41,,date_dim,61,0,never_instantiated,0,,,,,0,0,,warehouse,5,0,never_instantiated,0,,,,,0,0,,item,1770,0,never_instantiated,0,,,,,0,0,catalog_sales,catalog_returns,2880565,0,never_instantiated,0,,,,,0,0,,,,,,,,,,,,,,,,,,,,,,,,,,,,,,,,,,,,,,,,,,,,,,,,,,,,,,,,,,,,,,,,,,,,,,,,,,,,,,,,,,,,,,,,,,,,,,,,,,,,,,,,,,,,,,,,,,,,,,,,,,,,,,,,,,,,,,,,,,,,,,,,,,,,,,,,,,,,,,,,,,,,,,,,,,,,,,,,,,,,,,,,,,,,,,,,,,,,,,,,,,,,,,,,,,,,,,,,,,,,,,,,,,,,,,,,,,,,,,,,,,,,,,,,,,,,,,,,,,,,,,,,,,,,,,,,,,,,,,,,,,,,,,,,,,,,,,,,,,,,,,,,,,,,,,,,,,,,,,,,,,,,,,,,,,,,,,,,,,,,,,,,,,,,,,,,,,,,,,,,,,,,,,,,,,,,,,,,,,,,,,,,,,,,,,,,,,,,,,,,,,,,,,,,,,,,,,,,,,,,
Q41,2,10,1,0.11,,,81,0,never_instantiated,0,,,,,0,0,,,81,0,never_instantiated,0,,,,,0,0,item,,80,0,never_instantiated,0,,,,,0,0,,,,,,,,,,,,,,,,,,,,,,,,,,,,,,,,,,,,,,,,,,,,,,,,,,,,,,,,,,,,,,,,,,,,,,,,,,,,,,,,,,,,,,,,,,,,,,,,,,,,,,,,,,,,,,,,,,,,,,,,,,,,,,,,,,,,,,,,,,,,,,,,,,,,,,,,,,,,,,,,,,,,,,,,,,,,,,,,,,,,,,,,,,,,,,,,,,,,,,,,,,,,,,,,,,,,,,,,,,,,,,,,,,,,,,,,,,,,,,,,,,,,,,,,,,,,,,,,,,,,,,,,,,,,,,,,,,,,,,,,,,,,,,,,,,,,,,,,,,,,,,,,,,,,,,,,,,,,,,,,,,,,,,,,,,,,,,,,,,,,,,,,,,,,,,,,,,,,,,,,,,,,,,,,,,,,,,,,,,,,,,,,,,,,,,,,,,,,,,,,,,,,,,,,,,,,,,,,,,,,,,,,,,,,,,,,
Q42,2,14,1,1.03,,item,473,0,never_instantiated,0,,,,,0,0,store_sales,date_dim,30,0,never_instantiated,0,,,,,0,0,,,,,,,,,,,,,,,,,,,,,,,,,,,,,,,,,,,,,,,,,,,,,,,,,,,,,,,,,,,,,,,,,,,,,,,,,,,,,,,,,,,,,,,,,,,,,,,,,,,,,,,,,,,,,,,,,,,,,,,,,,,,,,,,,,,,,,,,,,,,,,,,,,,,,,,,,,,,,,,,,,,,,,,,,,,,,,,,,,,,,,,,,,,,,,,,,,,,,,,,,,,,,,,,,,,,,,,,,,,,,,,,,,,,,,,,,,,,,,,,,,,,,,,,,,,,,,,,,,,,,,,,,,,,,,,,,,,,,,,,,,,,,,,,,,,,,,,,,,,,,,,,,,,,,,,,,,,,,,,,,,,,,,,,,,,,,,,,,,,,,,,,,,,,,,,,,,,,,,,,,,,,,,,,,,,,,,,,,,,,,,,,,,,,,,,,,,,,,,,,,,,,,,,,,,,,,,,,,,,,,,,,,,,,,,,,,,,,,,,,,,,,
Q43,2,0,1,3.99,,store,44,0,never_instantiated,0,,,,,0,0,store_sales,date_dim,366,0,never_instantiated,0,,,,,0,0,,,,,,,,,,,,,,,,,,,,,,,,,,,,,,,,,,,,,,,,,,,,,,,,,,,,,,,,,,,,,,,,,,,,,,,,,,,,,,,,,,,,,,,,,,,,,,,,,,,,,,,,,,,,,,,,,,,,,,,,,,,,,,,,,,,,,,,,,,,,,,,,,,,,,,,,,,,,,,,,,,,,,,,,,,,,,,,,,,,,,,,,,,,,,,,,,,,,,,,,,,,,,,,,,,,,,,,,,,,,,,,,,,,,,,,,,,,,,,,,,,,,,,,,,,,,,,,,,,,,,,,,,,,,,,,,,,,,,,,,,,,,,,,,,,,,,,,,,,,,,,,,,,,,,,,,,,,,,,,,,,,,,,,,,,,,,,,,,,,,,,,,,,,,,,,,,,,,,,,,,,,,,,,,,,,,,,,,,,,,,,,,,,,,,,,,,,,,,,,,,,,,,,,,,,,,,,,,,,,,,,,,,,,,,,,,,,,,,,,,,,,,
Q44,2,9,1,10.53,,,10,0,never_instantiated,0,,,,,0,0,,,10,0,never_instantiated,0,,,,,0,0,,,,,,,,,,,,,,,,,,,,,,,,,,,,,,,,,,,,,,,,,,,,,,,,,,,,,,,,,,,,,,,,,,,,,,,,,,,,,,,,,,,,,,,,,,,,,,,,,,,,,,,,,,,,,,,,,,,,,,,,,,,,,,,,,,,,,,,,,,,,,,,,,,,,,,,,,,,,,,,,,,,,,,,,,,,,,,,,,,,,,,,,,,,,,,,,,,,,,,,,,,,,,,,,,,,,,,,,,,,,,,,,,,,,,,,,,,,,,,,,,,,,,,,,,,,,,,,,,,,,,,,,,,,,,,,,,,,,,,,,,,,,,,,,,,,,,,,,,,,,,,,,,,,,,,,,,,,,,,,,,,,,,,,,,,,,,,,,,,,,,,,,,,,,,,,,,,,,,,,,,,,,,,,,,,,,,,,,,,,,,,,,,,,,,,,,,,,,,,,,,,,,,,,,,,,,,,,,,,,,,,,,,,,,,,,,,,,,,,,,,,,,
Q45,2,4,1,0.62,,,9,0,never_instantiated,0,,,,,0,0,,,10,0,never_instantiated,0,,,,,0,0,customer_address,,418734,0,never_instantiated,0,,,,,0,0,,item,28000,0,never_instantiated,0,,,,,0,0,customer,,418734,0,never_instantiated,0,,,,,0,0,web_sales,date_dim,91,0,never_instantiated,0,,,,,0,0,item,,10,0,never_instantiated,0,,,,,0,0,,,,,,,,,,,,,,,,,,,,,,,,,,,,,,,,,,,,,,,,,,,,,,,,,,,,,,,,,,,,,,,,,,,,,,,,,,,,,,,,,,,,,,,,,,,,,,,,,,,,,,,,,,,,,,,,,,,,,,,,,,,,,,,,,,,,,,,,,,,,,,,,,,,,,,,,,,,,,,,,,,,,,,,,,,,,,,,,,,,,,,,,,,,,,,,,,,,,,,,,,,,,,,,,,,,,,,,,,,,,,,,,,,,,,,,,,,,,,,,,,,,,,,,,,,,,,,,,,,,,,,,,,,,,,,,,,,,,,,,,,,,,,,,,,,,,,,,,,,,,,,,,,,,,,,,,,,,,,,,,,,,,,,,,,,,,,,,,,,,,,,,,,,,,,,,,,,,,,,,,,,,,,,,,,,,,,,,,,,,,,,,,
Q46,2,3,1,3.38,,,140883,0,never_instantiated,0,,,,,0,0,customer,customer_address,133000,0,never_instantiated,0,,,,,0,0,,store,32,0,never_instantiated,0,,,,,0,0,,date_dim,314,0,never_instantiated,0,,,,,0,0,,household_demographics,1800,0,never_instantiated,0,,,,,0,0,store_sales,customer_address,133000,0,never_instantiated,0,,,,,0,0,,,,,,,,,,,,,,,,,,,,,,,,,,,,,,,,,,,,,,,,,,,,,,,,,,,,,,,,,,,,,,,,,,,,,,,,,,,,,,,,,,,,,,,,,,,,,,,,,,,,,,,,,,,,,,,,,,,,,,,,,,,,,,,,,,,,,,,,,,,,,,,,,,,,,,,,,,,,,,,,,,,,,,,,,,,,,,,,,,,,,,,,,,,,,,,,,,,,,,,,,,,,,,,,,,,,,,,,,,,,,,,,,,,,,,,,,,,,,,,,,,,,,,,,,,,,,,,,,,,,,,,,,,,,,,,,,,,,,,,,,,,,,,,,,,,,,,,,,,,,,,,,,,,,,,,,,,,,,,,,,,,,,,,,,,,,,,,,,,,,,,,,,,,,,,,,,,,,,,,,,,,,,,,,,,,,,,,,,,,,,,,,,,,,,,,,,,,,
Q47,2,19,1,7.27,,store,44,0,never_instantiated,0,,,,,0,0,,date_dim,427,0,never_instantiated,0,,,,,0,0,store_sales,item,28000,0,never_instantiated,0,,,,,0,0,,,119769,0,never_instantiated,0,,,,,0,0,,,119769,0,never_instantiated,0,,,,,0,0,,,,,,,,,,,,,,,,,,,,,,,,,,,,,,,,,,,,,,,,,,,,,,,,,,,,,,,,,,,,,,,,,,,,,,,,,,,,,,,,,,,,,,,,,,,,,,,,,,,,,,,,,,,,,,,,,,,,,,,,,,,,,,,,,,,,,,,,,,,,,,,,,,,,,,,,,,,,,,,,,,,,,,,,,,,,,,,,,,,,,,,,,,,,,,,,,,,,,,,,,,,,,,,,,,,,,,,,,,,,,,,,,,,,,,,,,,,,,,,,,,,,,,,,,,,,,,,,,,,,,,,,,,,,,,,,,,,,,,,,,,,,,,,,,,,,,,,,,,,,,,,,,,,,,,,,,,,,,,,,,,,,,,,,,,,,,,,,,,,,,,,,,,,,,,,,,,,,,,,,,,,,,,,,,,,,,,,,,,,,,,,,,,,,,,,,,,,,,,,,,,,,,,,,
Q48,2,9,1,4.61,,date_dim,366,0,never_instantiated,0,,,,,0,0,,customer_address,128938,0,never_instantiated,0,,,,,0,0,,store,44,0,never_instantiated,0,,,,,0,0,store_sales,customer_demographics,1920800,0,never_instantiated,0,,,,,0,0,,,,,,,,,,,,,,,,,,,,,,,,,,,,,,,,,,,,,,,,,,,,,,,,,,,,,,,,,,,,,,,,,,,,,,,,,,,,,,,,,,,,,,,,,,,,,,,,,,,,,,,,,,,,,,,,,,,,,,,,,,,,,,,,,,,,,,,,,,,,,,,,,,,,,,,,,,,,,,,,,,,,,,,,,,,,,,,,,,,,,,,,,,,,,,,,,,,,,,,,,,,,,,,,,,,,,,,,,,,,,,,,,,,,,,,,,,,,,,,,,,,,,,,,,,,,,,,,,,,,,,,,,,,,,,,,,,,,,,,,,,,,,,,,,,,,,,,,,,,,,,,,,,,,,,,,,,,,,,,,,,,,,,,,,,,,,,,,,,,,,,,,,,,,,,,,,,,,,,,,,,,,,,,,,,,,,,,,,,,,,,,,,,,,,,,,,,,,,,,,,,,,,,,,,,,,,,,,,,,,
Q49,2,16,1,2.16,web_returns,,72215,0,never_instantiated,0,,,,,0,0,web_sales,date_dim,31,0,never_instantiated,0,,,,,0,0,,date_dim,31,0,never_instantiated,0,,,,,0,0,catalog_sales,catalog_returns,24713,0,never_instantiated,0,,,,,0,0,store_returns,,149300,0,never_instantiated,0,,,,,0,0,store_sales,date_dim,31,0,never_instantiated,0,,,,,0,0,,,,,,,,,,,,,,,,,,,,,,,,,,,,,,,,,,,,,,,,,,,,,,,,,,,,,,,,,,,,,,,,,,,,,,,,,,,,,,,,,,,,,,,,,,,,,,,,,,,,,,,,,,,,,,,,,,,,,,,,,,,,,,,,,,,,,,,,,,,,,,,,,,,,,,,,,,,,,,,,,,,,,,,,,,,,,,,,,,,,,,,,,,,,,,,,,,,,,,,,,,,,,,,,,,,,,,,,,,,,,,,,,,,,,,,,,,,,,,,,,,,,,,,,,,,,,,,,,,,,,,,,,,,,,,,,,,,,,,,,,,,,,,,,,,,,,,,,,,,,,,,,,,,,,,,,,,,,,,,,,,,,,,,,,,,,,,,,,,,,,,,,,,,,,,,,,,,,,,,,,,,,,,,,,,,,,,,,,,,,,,,,,,,,,,,,,,,,
Q50,2,7,1,4.71,,date_dim,1827,0,never_instantiated,0,,,,,0,0,,date_dim,31,0,never_instantiated,0,,,,,0,0,,store_returns,56987,0,never_instantiated,0,,,,,0,0,store_sales,store,44,0,never_instantiated,0,,,,,0,0,,,,,,,,,,,,,,,,,,,,,,,,,,,,,,,,,,,,,,,,,,,,,,,,,,,,,,,,,,,,,,,,,,,,,,,,,,,,,,,,,,,,,,,,,,,,,,,,,,,,,,,,,,,,,,,,,,,,,,,,,,,,,,,,,,,,,,,,,,,,,,,,,,,,,,,,,,,,,,,,,,,,,,,,,,,,,,,,,,,,,,,,,,,,,,,,,,,,,,,,,,,,,,,,,,,,,,,,,,,,,,,,,,,,,,,,,,,,,,,,,,,,,,,,,,,,,,,,,,,,,,,,,,,,,,,,,,,,,,,,,,,,,,,,,,,,,,,,,,,,,,,,,,,,,,,,,,,,,,,,,,,,,,,,,,,,,,,,,,,,,,,,,,,,,,,,,,,,,,,,,,,,,,,,,,,,,,,,,,,,,,,,,,,,,,,,,,,,,,,,,,,,,,,,,,,,,,,,,,,,
Q51,2,9,1,11.67,,,2078970,0,never_instantiated,0,,,,,0,0,store_sales,date_dim,366,0,never_instantiated,0,,,,,0,0,web_sales,date_dim,366,0,never_instantiated,0,,,,,0,0,,,,,,,,,,,,,,,,,,,,,,,,,,,,,,,,,,,,,,,,,,,,,,,,,,,,,,,,,,,,,,,,,,,,,,,,,,,,,,,,,,,,,,,,,,,,,,,,,,,,,,,,,,,,,,,,,,,,,,,,,,,,,,,,,,,,,,,,,,,,,,,,,,,,,,,,,,,,,,,,,,,,,,,,,,,,,,,,,,,,,,,,,,,,,,,,,,,,,,,,,,,,,,,,,,,,,,,,,,,,,,,,,,,,,,,,,,,,,,,,,,,,,,,,,,,,,,,,,,,,,,,,,,,,,,,,,,,,,,,,,,,,,,,,,,,,,,,,,,,,,,,,,,,,,,,,,,,,,,,,,,,,,,,,,,,,,,,,,,,,,,,,,,,,,,,,,,,,,,,,,,,,,,,,,,,,,,,,,,,,,,,,,,,,,,,,,,,,,,,,,,,,,,,,,,,,,,,,,,,,,,,,,,,,,,,,
Q52,2,15,1,1.03,,date_dim,30,0,never_instantiated,0,,,,,0,0,store_sales,item,473,0,never_instantiated,0,,,,,0,0,,,,,,,,,,,,,,,,,,,,,,,,,,,,,,,,,,,,,,,,,,,,,,,,,,,,,,,,,,,,,,,,,,,,,,,,,,,,,,,,,,,,,,,,,,,,,,,,,,,,,,,,,,,,,,,,,,,,,,,,,,,,,,,,,,,,,,,,,,,,,,,,,,,,,,,,,,,,,,,,,,,,,,,,,,,,,,,,,,,,,,,,,,,,,,,,,,,,,,,,,,,,,,,,,,,,,,,,,,,,,,,,,,,,,,,,,,,,,,,,,,,,,,,,,,,,,,,,,,,,,,,,,,,,,,,,,,,,,,,,,,,,,,,,,,,,,,,,,,,,,,,,,,,,,,,,,,,,,,,,,,,,,,,,,,,,,,,,,,,,,,,,,,,,,,,,,,,,,,,,,,,,,,,,,,,,,,,,,,,,,,,,,,,,,,,,,,,,,,,,,,,,,,,,,,,,,,,,,,,,,,,,,,,,,,,,,,,,,,,,,,,,
Q53,2,17,1,1.44,,item,1455,0,never_instantiated,0,,,,,0,0,,date_dim,366,0,never_instantiated,0,,,,,0,0,store_sales,store,44,0,never_instantiated,0,,,,,0,0,,,,,,,,,,,,,,,,,,,,,,,,,,,,,,,,,,,,,,,,,,,,,,,,,,,,,,,,,,,,,,,,,,,,,,,,,,,,,,,,,,,,,,,,,,,,,,,,,,,,,,,,,,,,,,,,,,,,,,,,,,,,,,,,,,,,,,,,,,,,,,,,,,,,,,,,,,,,,,,,,,,,,,,,,,,,,,,,,,,,,,,,,,,,,,,,,,,,,,,,,,,,,,,,,,,,,,,,,,,,,,,,,,,,,,,,,,,,,,,,,,,,,,,,,,,,,,,,,,,,,,,,,,,,,,,,,,,,,,,,,,,,,,,,,,,,,,,,,,,,,,,,,,,,,,,,,,,,,,,,,,,,,,,,,,,,,,,,,,,,,,,,,,,,,,,,,,,,,,,,,,,,,,,,,,,,,,,,,,,,,,,,,,,,,,,,,,,,,,,,,,,,,,,,,,,,,,,,,,,,,,,,,,,,,,,,
Q54,2,10,1,9999999,,,,,,,,,,,,,,,,,,,,,,,,,,,,,,,,,,,,,,,,,,,,,,,,,,,,,,,,,,,,,,,,,,,,,,,,,,,,,,,,,,,,,,,,,,,,,,,,,,,,,,,,,,,,,,,,,,,,,,,,,,,,,,,,,,,,,,,,,,,,,,,,,,,,,,,,,,,,,,,,,,,,,,,,,,,,,,,,,,,,,,,,,,,,,,,,,,,,,,,,,,,,,,,,,,,,,,,,,,,,,,,,,,,,,,,,,,,,,,,,,,,,,,,,,,,,,,,,,,,,,,,,,,,,,,,,,,,,,,,,,,,,,,,,,,,,,,,,,,,,,,,,,,,,,,,,,,,,,,,,,,,,,,,,,,,,,,,,,,,,,,,,,,,,,,,,,,,,,,,,,,,,,,,,,,,,,,,,,,,,,,,,,,,,,,,,,,,,,,,,,,,,,,,,,,,,,,,,,,,,,,,,,,,,,,,,,,,,,,,,,,,,,,,,,,,,,,,,,,,,,,,,,,,,
Q55,2,6,1,1.13,,item,511,0,never_instantiated,0,,,,,0,0,store_sales,date_dim,30,0,never_instantiated,0,,,,,0,0,,,,,,,,,,,,,,,,,,,,,,,,,,,,,,,,,,,,,,,,,,,,,,,,,,,,,,,,,,,,,,,,,,,,,,,,,,,,,,,,,,,,,,,,,,,,,,,,,,,,,,,,,,,,,,,,,,,,,,,,,,,,,,,,,,,,,,,,,,,,,,,,,,,,,,,,,,,,,,,,,,,,,,,,,,,,,,,,,,,,,,,,,,,,,,,,,,,,,,,,,,,,,,,,,,,,,,,,,,,,,,,,,,,,,,,,,,,,,,,,,,,,,,,,,,,,,,,,,,,,,,,,,,,,,,,,,,,,,,,,,,,,,,,,,,,,,,,,,,,,,,,,,,,,,,,,,,,,,,,,,,,,,,,,,,,,,,,,,,,,,,,,,,,,,,,,,,,,,,,,,,,,,,,,,,,,,,,,,,,,,,,,,,,,,,,,,,,,,,,,,,,,,,,,,,,,,,,,,,,,,,,,,,,,,,,,,,,,,,,,,,,,
Q56,2,8,1,1.64,,item,763,0,never_instantiated,0,,,,,0,0,,date_dim,28,0,never_instantiated,0,,,,,0,0,,customer_address,48344,0,never_instantiated,0,,,,,0,0,store_sales,item,1753,0,never_instantiated,0,,,,,0,0,,item,763,0,never_instantiated,0,,,,,0,0,,customer_address,48344,0,never_instantiated,0,,,,,0,0,,date_dim,28,0,never_instantiated,0,,,,,0,0,catalog_sales,item,1753,0,never_instantiated,0,,,,,0,0,,item,763,0,never_instantiated,0,,,,,0,0,,customer_address,48344,0,never_instantiated,0,,,,,0,0,,date_dim,28,0,never_instantiated,0,,,,,0,0,web_sales,item,1753,0,never_instantiated,0,,,,,0,0,,,,,,,,,,,,,,,,,,,,,,,,,,,,,,,,,,,,,,,,,,,,,,,,,,,,,,,,,,,,,,,,,,,,,,,,,,,,,,,,,,,,,,,,,,,,,,,,,,,,,,,,,,,,,,,,,,,,,,,,,,,,,,,,,,,,,,,,,,,,,,,,,,,,,,,,,,,,,,,,,,,,,,,,,,,,,,,,,,,,,,,,,,,,,,,,,,,,,,,,,,,,,,,,,,,,,,,,,,,,,,,,,,,,,,,,,,,,,,,,,,,,,,,,,,,,,,,,,,,,,,,,,,,,,,,,,,,,,,,,,,,,,,,,,,,,,,,,,,,,,,,,,,,,,,,,,,,,,,,,,,,,
Q57,2,15,1,1.95,,call_center,6,0,never_instantiated,0,,,,,0,0,,item,28000,0,never_instantiated,0,,,,,0,0,catalog_sales,date_dim,427,0,never_instantiated,0,,,,,0,0,,,35962,0,never_instantiated,0,,,,,0,0,,,35962,0,never_instantiated,0,,,,,0,0,,,,,,,,,,,,,,,,,,,,,,,,,,,,,,,,,,,,,,,,,,,,,,,,,,,,,,,,,,,,,,,,,,,,,,,,,,,,,,,,,,,,,,,,,,,,,,,,,,,,,,,,,,,,,,,,,,,,,,,,,,,,,,,,,,,,,,,,,,,,,,,,,,,,,,,,,,,,,,,,,,,,,,,,,,,,,,,,,,,,,,,,,,,,,,,,,,,,,,,,,,,,,,,,,,,,,,,,,,,,,,,,,,,,,,,,,,,,,,,,,,,,,,,,,,,,,,,,,,,,,,,,,,,,,,,,,,,,,,,,,,,,,,,,,,,,,,,,,,,,,,,,,,,,,,,,,,,,,,,,,,,,,,,,,,,,,,,,,,,,,,,,,,,,,,,,,,,,,,,,,,,,,,,,,,,,,,,,,,,,,,,,,,,,,,,,,,,,,,,,,,,,,,,,
Q58,2,4,1,6.55,,,13990,0,never_instantiated,0,,,,,0,0,,,14001,0,never_instantiated,0,,,,,0,0,,,7,0,never_instantiated,0,,,,,0,0,,item,28000,0,never_instantiated,0,,,,,0,0,store_sales,date_dim,1827,0,never_instantiated,0,,,,,0,0,date_dim,date_dim,1,0,never_instantiated,0,,,,,0,0,,,7,0,never_instantiated,0,,,,,0,0,,date_dim,1840,0,never_instantiated,0,,,,,0,0,catalog_sales,item,28000,0,never_instantiated,0,,,,,0,0,date_dim,date_dim,1,0,never_instantiated,0,,,,,0,0,,,7,0,never_instantiated,0,,,,,0,0,,date_dim,1827,0,never_instantiated,0,,,,,0,0,web_sales,item,28000,0,never_instantiated,0,,,,,0,0,date_dim,date_dim,1,0,never_instantiated,0,,,,,0,0,,,,,,,,,,,,,,,,,,,,,,,,,,,,,,,,,,,,,,,,,,,,,,,,,,,,,,,,,,,,,,,,,,,,,,,,,,,,,,,,,,,,,,,,,,,,,,,,,,,,,,,,,,,,,,,,,,,,,,,,,,,,,,,,,,,,,,,,,,,,,,,,,,,,,,,,,,,,,,,,,,,,,,,,,,,,,,,,,,,,,,,,,,,,,,,,,,,,,,,,,,,,,,,,,,,,,,,,,,,,,,,,,,,,,,,,,,,,,,,,,,,,,,,,,,,,,,,,,,,,,,,,,,,,,,,,,,,,,,,,,,,,,,,,,,,,,,,,,,,,
Q59,2,19,1,6.34,store_sales,date_dim,1827,0,never_instantiated,0,,,,,0,0,,,8395,0,never_instantiated,0,,,,,0,0,,,6026,0,never_instantiated,0,,,,,0,0,,,6026,0,never_instantiated,0,,,,,0,0,,,,,,,,,,,,,,,,,,,,,,,,,,,,,,,,,,,,,,,,,,,,,,,,,,,,,,,,,,,,,,,,,,,,,,,,,,,,,,,,,,,,,,,,,,,,,,,,,,,,,,,,,,,,,,,,,,,,,,,,,,,,,,,,,,,,,,,,,,,,,,,,,,,,,,,,,,,,,,,,,,,,,,,,,,,,,,,,,,,,,,,,,,,,,,,,,,,,,,,,,,,,,,,,,,,,,,,,,,,,,,,,,,,,,,,,,,,,,,,,,,,,,,,,,,,,,,,,,,,,,,,,,,,,,,,,,,,,,,,,,,,,,,,,,,,,,,,,,,,,,,,,,,,,,,,,,,,,,,,,,,,,,,,,,,,,,,,,,,,,,,,,,,,,,,,,,,,,,,,,,,,,,,,,,,,,,,,,,,,,,,,,,,,,,,,,,,,,,,,,,,,,,,,,,,,,,,,,,,,,
Q60,2,14,1,1.85,,item,2825,0,never_instantiated,0,,,,,0,0,,date_dim,30,0,never_instantiated,0,,,,,0,0,,customer_address,48344,0,never_instantiated,0,,,,,0,0,store_sales,item,6039,0,never_instantiated,0,,,,,0,0,,item,2825,0,never_instantiated,0,,,,,0,0,item,,42897,0,never_instantiated,0,,,,,0,0,,customer_address,48344,0,never_instantiated,0,,,,,0,0,catalog_sales,date_dim,30,0,never_instantiated,0,,,,,0,0,,item,2825,0,never_instantiated,0,,,,,0,0,item,,21681,0,never_instantiated,0,,,,,0,0,,date_dim,30,0,never_instantiated,0,,,,,0,0,web_sales,customer_address,48344,0,never_instantiated,0,,,,,0,0,,,,,,,,,,,,,,,,,,,,,,,,,,,,,,,,,,,,,,,,,,,,,,,,,,,,,,,,,,,,,,,,,,,,,,,,,,,,,,,,,,,,,,,,,,,,,,,,,,,,,,,,,,,,,,,,,,,,,,,,,,,,,,,,,,,,,,,,,,,,,,,,,,,,,,,,,,,,,,,,,,,,,,,,,,,,,,,,,,,,,,,,,,,,,,,,,,,,,,,,,,,,,,,,,,,,,,,,,,,,,,,,,,,,,,,,,,,,,,,,,,,,,,,,,,,,,,,,,,,,,,,,,,,,,,,,,,,,,,,,,,,,,,,,,,,,,,,,,,,,,,,,,,,,,,,,,,,,,,,,,,,,
Q61,2,9,1,2.67,customer_address,,85013,0,never_instantiated,0,,,,,0,0,customer,,85013,0,never_instantiated,0,,,,,0,0,,date_dim,30,0,never_instantiated,0,,,,,0,0,,store,44,0,never_instantiated,0,,,,,0,0,,promotion,180,0,never_instantiated,0,,,,,0,0,store_sales,item,2749,0,never_instantiated,0,,,,,0,0,customer_address,,169086,0,never_instantiated,0,,,,,0,0,,item,2749,0,never_instantiated,0,,,,,0,0,customer,,169808,0,never_instantiated,0,,,,,0,0,,store,44,0,never_instantiated,0,,,,,0,0,store_sales,date_dim,30,0,never_instantiated,0,,,,,0,0,,,,,,,,,,,,,,,,,,,,,,,,,,,,,,,,,,,,,,,,,,,,,,,,,,,,,,,,,,,,,,,,,,,,,,,,,,,,,,,,,,,,,,,,,,,,,,,,,,,,,,,,,,,,,,,,,,,,,,,,,,,,,,,,,,,,,,,,,,,,,,,,,,,,,,,,,,,,,,,,,,,,,,,,,,,,,,,,,,,,,,,,,,,,,,,,,,,,,,,,,,,,,,,,,,,,,,,,,,,,,,,,,,,,,,,,,,,,,,,,,,,,,,,,,,,,,,,,,,,,,,,,,,,,,,,,,,,,,,,,,,,,,,,,,,,,,,,,,,,,,,,,,,,,,,,,,,,,,,,,,,,,,,,,,,,,,,,,
Q62,2,10,1,1.44,,warehouse,5,0,never_instantiated,0,,,,,0,0,,ship_mode,20,0,never_instantiated,0,,,,,0,0,,date_dim,366,0,never_instantiated,0,,,,,0,0,web_sales,web_site,28,0,never_instantiated,0,,,,,0,0,,,,,,,,,,,,,,,,,,,,,,,,,,,,,,,,,,,,,,,,,,,,,,,,,,,,,,,,,,,,,,,,,,,,,,,,,,,,,,,,,,,,,,,,,,,,,,,,,,,,,,,,,,,,,,,,,,,,,,,,,,,,,,,,,,,,,,,,,,,,,,,,,,,,,,,,,,,,,,,,,,,,,,,,,,,,,,,,,,,,,,,,,,,,,,,,,,,,,,,,,,,,,,,,,,,,,,,,,,,,,,,,,,,,,,,,,,,,,,,,,,,,,,,,,,,,,,,,,,,,,,,,,,,,,,,,,,,,,,,,,,,,,,,,,,,,,,,,,,,,,,,,,,,,,,,,,,,,,,,,,,,,,,,,,,,,,,,,,,,,,,,,,,,,,,,,,,,,,,,,,,,,,,,,,,,,,,,,,,,,,,,,,,,,,,,,,,,,,,,,,,,,,,,,,,,,,,,,,,,,
Q63,2,14,1,1.44,,item,1455,0,never_instantiated,0,,,,,0,0,,date_dim,366,0,never_instantiated,0,,,,,0,0,store_sales,store,44,0,never_instantiated,0,,,,,0,0,,,,,,,,,,,,,,,,,,,,,,,,,,,,,,,,,,,,,,,,,,,,,,,,,,,,,,,,,,,,,,,,,,,,,,,,,,,,,,,,,,,,,,,,,,,,,,,,,,,,,,,,,,,,,,,,,,,,,,,,,,,,,,,,,,,,,,,,,,,,,,,,,,,,,,,,,,,,,,,,,,,,,,,,,,,,,,,,,,,,,,,,,,,,,,,,,,,,,,,,,,,,,,,,,,,,,,,,,,,,,,,,,,,,,,,,,,,,,,,,,,,,,,,,,,,,,,,,,,,,,,,,,,,,,,,,,,,,,,,,,,,,,,,,,,,,,,,,,,,,,,,,,,,,,,,,,,,,,,,,,,,,,,,,,,,,,,,,,,,,,,,,,,,,,,,,,,,,,,,,,,,,,,,,,,,,,,,,,,,,,,,,,,,,,,,,,,,,,,,,,,,,,,,,,,,,,,,,,,,,,,,,,,,,,,,,
Q64,2,13,1,6.46,,,28000,0,never_instantiated,0,,,,,0,0,,customer_demographics,1920788,0,never_instantiated,0,,,,,0,0,,date_dim,3651,0,never_instantiated,0,,,,,0,0,,,16,0,never_instantiated,0,,,,,0,0,,income_band,20,0,never_instantiated,0,,,,,0,0,,household_demographics,7200,0,never_instantiated,0,,,,,0,0,,date_dim,3651,0,never_instantiated,0,,,,,0,0,,customer_address,133000,0,never_instantiated,0,,,,,0,0,,promotion,355,0,never_instantiated,0,,,,,0,0,,customer_demographics,1920800,0,never_instantiated,0,,,,,0,0,,customer,266000,0,never_instantiated,0,,,,,0,0,,store,44,0,never_instantiated,0,,,,,0,0,,store_returns,58226,0,never_instantiated,0,,,,,0,0,,income_band,20,0,never_instantiated,0,,,,,0,0,,household_demographics,7200,0,never_instantiated,0,,,,,0,0,,date_dim,731,0,never_instantiated,0,,,,,0,0,store_sales,customer_address,133000,0,never_instantiated,0,,,,,0,0,item,,6,0,never_instantiated,0,,,,,0,0,catalog_sales,catalog_returns,2880565,0,never_instantiated,0,,,,,0,0,,,154,0,never_instantiated,0,,,,,0,0,,,,,,,,,,,,,,,,,,,,,,,,,,,,,,,,,,,,,,,,,,,,,,,,,,,,,,,,,,,,,,,,,,,,,,,,,,,,,,,,,,,,,,,,,,,,,,,,,,,,,,,,,,,,,,,,,,,,,,,,,,,,,,,,,,,,,,,,,,,,,,,,,,,,,,,,,,,,,,,,,,,,,,,,,,,,,,,,,,,,,,,,,,,,,,,,,,,,,,,,,,,,,,,,,,,,,,,,,,,,,,,,,,,,
Q65,2,2,1,5.23,,,644000,0,never_instantiated,0,,,,,0,0,store_sales,date_dim,364,0,never_instantiated,0,,,,,0,0,,,23,0,never_instantiated,0,,,,,0,0,store_sales,date_dim,364,0,never_instantiated,0,,,,,0,0,,,,,,,,,,,,,,,,,,,,,,,,,,,,,,,,,,,,,,,,,,,,,,,,,,,,,,,,,,,,,,,,,,,,,,,,,,,,,,,,,,,,,,,,,,,,,,,,,,,,,,,,,,,,,,,,,,,,,,,,,,,,,,,,,,,,,,,,,,,,,,,,,,,,,,,,,,,,,,,,,,,,,,,,,,,,,,,,,,,,,,,,,,,,,,,,,,,,,,,,,,,,,,,,,,,,,,,,,,,,,,,,,,,,,,,,,,,,,,,,,,,,,,,,,,,,,,,,,,,,,,,,,,,,,,,,,,,,,,,,,,,,,,,,,,,,,,,,,,,,,,,,,,,,,,,,,,,,,,,,,,,,,,,,,,,,,,,,,,,,,,,,,,,,,,,,,,,,,,,,,,,,,,,,,,,,,,,,,,,,,,,,,,,,,,,,,,,,,,,,,,,,,,,,,,,,,,,,,,,,
Q66,2,8,1,0.93,,date_dim,365,0,never_instantiated,0,,,,,0,0,,time_dim,28801,0,never_instantiated,0,,,,,0,0,,warehouse,5,0,never_instantiated,0,,,,,0,0,web_sales,ship_mode,2,0,never_instantiated,0,,,,,0,0,,warehouse,5,0,never_instantiated,0,,,,,0,0,,date_dim,365,0,never_instantiated,0,,,,,0,0,,time_dim,28801,0,never_instantiated,0,,,,,0,0,catalog_sales,ship_mode,2,0,never_instantiated,0,,,,,0,0,,,,,,,,,,,,,,,,,,,,,,,,,,,,,,,,,,,,,,,,,,,,,,,,,,,,,,,,,,,,,,,,,,,,,,,,,,,,,,,,,,,,,,,,,,,,,,,,,,,,,,,,,,,,,,,,,,,,,,,,,,,,,,,,,,,,,,,,,,,,,,,,,,,,,,,,,,,,,,,,,,,,,,,,,,,,,,,,,,,,,,,,,,,,,,,,,,,,,,,,,,,,,,,,,,,,,,,,,,,,,,,,,,,,,,,,,,,,,,,,,,,,,,,,,,,,,,,,,,,,,,,,,,,,,,,,,,,,,,,,,,,,,,,,,,,,,,,,,,,,,,,,,,,,,,,,,,,,,,,,,,,,,,,,,,,,,,,,,,,,,,,,,,,,,,,,,,,,,,,,,,,,,,,,,,,,
Q67,2,8,1,25.41,,date_dim,366,0,never_instantiated,0,,,,,0,0,,item,28000,0,never_instantiated,0,,,,,0,0,store_sales,store,44,0,never_instantiated,0,,,,,0,0,,,,,,,,,,,,,,,,,,,,,,,,,,,,,,,,,,,,,,,,,,,,,,,,,,,,,,,,,,,,,,,,,,,,,,,,,,,,,,,,,,,,,,,,,,,,,,,,,,,,,,,,,,,,,,,,,,,,,,,,,,,,,,,,,,,,,,,,,,,,,,,,,,,,,,,,,,,,,,,,,,,,,,,,,,,,,,,,,,,,,,,,,,,,,,,,,,,,,,,,,,,,,,,,,,,,,,,,,,,,,,,,,,,,,,,,,,,,,,,,,,,,,,,,,,,,,,,,,,,,,,,,,,,,,,,,,,,,,,,,,,,,,,,,,,,,,,,,,,,,,,,,,,,,,,,,,,,,,,,,,,,,,,,,,,,,,,,,,,,,,,,,,,,,,,,,,,,,,,,,,,,,,,,,,,,,,,,,,,,,,,,,,,,,,,,,,,,,,,,,,,,,,,,,,,,,,,,,,,,,,,,,,,,,,,,,
Q68,2,13,1,3.18,,,257981,0,never_instantiated,0,,,,,0,0,,household_demographics,1800,0,never_instantiated,0,,,,,0,0,,store,32,0,never_instantiated,0,,,,,0,0,,date_dim,72,0,never_instantiated,0,,,,,0,0,store_sales,customer_address,133000,0,never_instantiated,0,,,,,0,0,customer,customer_address,133000,0,never_instantiated,0,,,,,0,0,,,,,,,,,,,,,,,,,,,,,,,,,,,,,,,,,,,,,,,,,,,,,,,,,,,,,,,,,,,,,,,,,,,,,,,,,,,,,,,,,,,,,,,,,,,,,,,,,,,,,,,,,,,,,,,,,,,,,,,,,,,,,,,,,,,,,,,,,,,,,,,,,,,,,,,,,,,,,,,,,,,,,,,,,,,,,,,,,,,,,,,,,,,,,,,,,,,,,,,,,,,,,,,,,,,,,,,,,,,,,,,,,,,,,,,,,,,,,,,,,,,,,,,,,,,,,,,,,,,,,,,,,,,,,,,,,,,,,,,,,,,,,,,,,,,,,,,,,,,,,,,,,,,,,,,,,,,,,,,,,,,,,,,,,,,,,,,,,,,,,,,,,,,,,,,,,,,,,,,,,,,,,,,,,,,,,,,,,,,,,,,,,,,,,,,,,,,,
Q69,2,3,1,2.26,,customer_address,12740,0,never_instantiated,0,,,,,0,0,customer_demographics,customer,24731,0,never_instantiated,0,,,,,0,0,,,24569,0,never_instantiated,0,,,,,0,0,,,24569,0,never_instantiated,0,,,,,0,0,store_sales,date_dim,91,0,never_instantiated,0,,,,,0,0,,,9959,0,never_instantiated,0,,,,,0,0,,,9959,0,never_instantiated,0,,,,,0,0,web_sales,date_dim,91,0,never_instantiated,0,,,,,0,0,,,8750,0,never_instantiated,0,,,,,0,0,,,8750,0,never_instantiated,0,,,,,0,0,catalog_sales,date_dim,91,0,never_instantiated,0,,,,,0,0,,,,,,,,,,,,,,,,,,,,,,,,,,,,,,,,,,,,,,,,,,,,,,,,,,,,,,,,,,,,,,,,,,,,,,,,,,,,,,,,,,,,,,,,,,,,,,,,,,,,,,,,,,,,,,,,,,,,,,,,,,,,,,,,,,,,,,,,,,,,,,,,,,,,,,,,,,,,,,,,,,,,,,,,,,,,,,,,,,,,,,,,,,,,,,,,,,,,,,,,,,,,,,,,,,,,,,,,,,,,,,,,,,,,,,,,,,,,,,,,,,,,,,,,,,,,,,,,,,,,,,,,,,,,,,,,,,,,,,,,,,,,,,,,,,,,,,,,,,,,,,,,,,,,,,,,,,,,,,,,,,,,,,,,,,,,,,,,
Q70,2,5,1,6.45,,,1,0,never_instantiated,0,,,,,0,0,,date_dim,366,0,never_instantiated,0,,,,,0,0,store_sales,store,44,0,never_instantiated,0,,,,,0,0,,date_dim,366,0,never_instantiated,0,,,,,0,0,store_sales,store,23,0,never_instantiated,0,,,,,0,0,,,,,,,,,,,,,,,,,,,,,,,,,,,,,,,,,,,,,,,,,,,,,,,,,,,,,,,,,,,,,,,,,,,,,,,,,,,,,,,,,,,,,,,,,,,,,,,,,,,,,,,,,,,,,,,,,,,,,,,,,,,,,,,,,,,,,,,,,,,,,,,,,,,,,,,,,,,,,,,,,,,,,,,,,,,,,,,,,,,,,,,,,,,,,,,,,,,,,,,,,,,,,,,,,,,,,,,,,,,,,,,,,,,,,,,,,,,,,,,,,,,,,,,,,,,,,,,,,,,,,,,,,,,,,,,,,,,,,,,,,,,,,,,,,,,,,,,,,,,,,,,,,,,,,,,,,,,,,,,,,,,,,,,,,,,,,,,,,,,,,,,,,,,,,,,,,,,,,,,,,,,,,,,,,,,,,,,,,,,,,,,,,,,,,,,,,,,,,,,,,,,,,,,,
Q71,2,14,1,2.46,,item,473,0,never_instantiated,0,,,,,0,0,,time_dim,25200,0,never_instantiated,0,,,,,0,0,web_sales,date_dim,30,0,never_instantiated,0,,,,,0,0,catalog_sales,date_dim,30,0,never_instantiated,0,,,,,0,0,store_sales,date_dim,30,0,never_instantiated,0,,,,,0,0,,,,,,,,,,,,,,,,,,,,,,,,,,,,,,,,,,,,,,,,,,,,,,,,,,,,,,,,,,,,,,,,,,,,,,,,,,,,,,,,,,,,,,,,,,,,,,,,,,,,,,,,,,,,,,,,,,,,,,,,,,,,,,,,,,,,,,,,,,,,,,,,,,,,,,,,,,,,,,,,,,,,,,,,,,,,,,,,,,,,,,,,,,,,,,,,,,,,,,,,,,,,,,,,,,,,,,,,,,,,,,,,,,,,,,,,,,,,,,,,,,,,,,,,,,,,,,,,,,,,,,,,,,,,,,,,,,,,,,,,,,,,,,,,,,,,,,,,,,,,,,,,,,,,,,,,,,,,,,,,,,,,,,,,,,,,,,,,,,,,,,,,,,,,,,,,,,,,,,,,,,,,,,,,,,,,,,,,,,,,,,,,,,,,,,,,,,,,,,,,,,,,,,,,
Q72,2,19,1,2.56,,catalog_returns,2880565,0,never_instantiated,0,,,,,0,0,,promotion,355,0,never_instantiated,0,,,,,0,0,,household_demographics,1200,0,never_instantiated,0,,,,,0,0,,warehouse,5,0,never_instantiated,0,,,,,0,0,,item,28000,0,never_instantiated,0,,,,,0,0,,date_dim,365,0,never_instantiated,0,,,,,0,0,,customer_demographics,384160,0,never_instantiated,0,,,,,0,0,,date_dim,1821,0,never_instantiated,0,,,,,0,0,,inventory,1750456,0,never_instantiated,0,,,,,0,0,catalog_sales,date_dim,1928,0,never_instantiated,0,,,,,0,0,,,,,,,,,,,,,,,,,,,,,,,,,,,,,,,,,,,,,,,,,,,,,,,,,,,,,,,,,,,,,,,,,,,,,,,,,,,,,,,,,,,,,,,,,,,,,,,,,,,,,,,,,,,,,,,,,,,,,,,,,,,,,,,,,,,,,,,,,,,,,,,,,,,,,,,,,,,,,,,,,,,,,,,,,,,,,,,,,,,,,,,,,,,,,,,,,,,,,,,,,,,,,,,,,,,,,,,,,,,,,,,,,,,,,,,,,,,,,,,,,,,,,,,,,,,,,,,,,,,,,,,,,,,,,,,,,,,,,,,,,,,,,,,,,,,,,,,,,,,,,,,,,,,,,,,,,,,,,,,,,,,,,,,,,,,,,,,,,,,,,,,,,,,,
Q73,2,13,1,1.74,customer,,81,0,never_instantiated,0,,,,,0,0,,date_dim,72,0,never_instantiated,0,,,,,0,0,,store,43,0,never_instantiated,0,,,,,0,0,store_sales,household_demographics,1040,0,never_instantiated,0,,,,,0,0,,,,,,,,,,,,,,,,,,,,,,,,,,,,,,,,,,,,,,,,,,,,,,,,,,,,,,,,,,,,,,,,,,,,,,,,,,,,,,,,,,,,,,,,,,,,,,,,,,,,,,,,,,,,,,,,,,,,,,,,,,,,,,,,,,,,,,,,,,,,,,,,,,,,,,,,,,,,,,,,,,,,,,,,,,,,,,,,,,,,,,,,,,,,,,,,,,,,,,,,,,,,,,,,,,,,,,,,,,,,,,,,,,,,,,,,,,,,,,,,,,,,,,,,,,,,,,,,,,,,,,,,,,,,,,,,,,,,,,,,,,,,,,,,,,,,,,,,,,,,,,,,,,,,,,,,,,,,,,,,,,,,,,,,,,,,,,,,,,,,,,,,,,,,,,,,,,,,,,,,,,,,,,,,,,,,,,,,,,,,,,,,,,,,,,,,,,,,,,,,,,,,,,,,,,,,,,,,,,,,
Q74,2,15,1,9.73,,,148861,0,never_instantiated,0,,,,,0,0,,date_dim,365,0,never_instantiated,0,,,,,0,0,web_sales,customer,266000,0,never_instantiated,0,,,,,0,0,,,157499,0,never_instantiated,0,,,,,0,0,,,258504,0,never_instantiated,0,,,,,0,0,,date_dim,365,0,never_instantiated,0,,,,,0,0,store_sales,customer,264132,0,never_instantiated,0,,,,,0,0,customer,,10690261,0,never_instantiated,0,,,,,0,0,store_sales,date_dim,365,0,never_instantiated,0,,,,,0,0,,date_dim,365,0,never_instantiated,0,,,,,0,0,web_sales,customer,157499,0,never_instantiated,0,,,,,0,0,,,,,,,,,,,,,,,,,,,,,,,,,,,,,,,,,,,,,,,,,,,,,,,,,,,,,,,,,,,,,,,,,,,,,,,,,,,,,,,,,,,,,,,,,,,,,,,,,,,,,,,,,,,,,,,,,,,,,,,,,,,,,,,,,,,,,,,,,,,,,,,,,,,,,,,,,,,,,,,,,,,,,,,,,,,,,,,,,,,,,,,,,,,,,,,,,,,,,,,,,,,,,,,,,,,,,,,,,,,,,,,,,,,,,,,,,,,,,,,,,,,,,,,,,,,,,,,,,,,,,,,,,,,,,,,,,,,,,,,,,,,,,,,,,,,,,,,,,,,,,,,,,,,,,,,,,,,,,,,,,,,,,,,,,,,,,,,,
Q75,2,13,1,6.25,catalog_returns,,1121987,0,never_instantiated,0,,,,,0,0,,date_dim,730,0,never_instantiated,0,,,,,0,0,catalog_sales,item,2724,0,never_instantiated,0,,,,,0,0,store_returns,,2157069,0,never_instantiated,0,,,,,0,0,,date_dim,730,0,never_instantiated,0,,,,,0,0,store_sales,item,2724,0,never_instantiated,0,,,,,0,0,web_returns,,565201,0,never_instantiated,0,,,,,0,0,,date_dim,730,0,never_instantiated,0,,,,,0,0,web_sales,item,2724,0,never_instantiated,0,,,,,0,0,,,1381,0,never_instantiated,0,,,,,0,0,,,,,,,,,,,,,,,,,,,,,,,,,,,,,,,,,,,,,,,,,,,,,,,,,,,,,,,,,,,,,,,,,,,,,,,,,,,,,,,,,,,,,,,,,,,,,,,,,,,,,,,,,,,,,,,,,,,,,,,,,,,,,,,,,,,,,,,,,,,,,,,,,,,,,,,,,,,,,,,,,,,,,,,,,,,,,,,,,,,,,,,,,,,,,,,,,,,,,,,,,,,,,,,,,,,,,,,,,,,,,,,,,,,,,,,,,,,,,,,,,,,,,,,,,,,,,,,,,,,,,,,,,,,,,,,,,,,,,,,,,,,,,,,,,,,,,,,,,,,,,,,,,,,,,,,,,,,,,,,,,,,,,,,,,,,,,,,,,,,,,,,,,,,,
Q76,2,2,1,3.38,,item,28000,0,never_instantiated,0,,,,,0,0,store_sales,date_dim,1827,0,never_instantiated,0,,,,,0,0,,date_dim,1827,0,never_instantiated,0,,,,,0,0,web_sales,item,28000,0,never_instantiated,0,,,,,0,0,,item,28000,0,never_instantiated,0,,,,,0,0,catalog_sales,date_dim,1840,0,never_instantiated,0,,,,,0,0,,,,,,,,,,,,,,,,,,,,,,,,,,,,,,,,,,,,,,,,,,,,,,,,,,,,,,,,,,,,,,,,,,,,,,,,,,,,,,,,,,,,,,,,,,,,,,,,,,,,,,,,,,,,,,,,,,,,,,,,,,,,,,,,,,,,,,,,,,,,,,,,,,,,,,,,,,,,,,,,,,,,,,,,,,,,,,,,,,,,,,,,,,,,,,,,,,,,,,,,,,,,,,,,,,,,,,,,,,,,,,,,,,,,,,,,,,,,,,,,,,,,,,,,,,,,,,,,,,,,,,,,,,,,,,,,,,,,,,,,,,,,,,,,,,,,,,,,,,,,,,,,,,,,,,,,,,,,,,,,,,,,,,,,,,,,,,,,,,,,,,,,,,,,,,,,,,,,,,,,,,,,,,,,,,,,,,,,,,,,,,,,,,,,,,,,,,,,
Q77,2,12,1,1.95,,,23,0,never_instantiated,0,,,,,0,0,,date_dim,31,0,never_instantiated,0,,,,,0,0,store_returns,store,23,0,never_instantiated,0,,,,,0,0,,store,44,0,never_instantiated,0,,,,,0,0,store_sales,date_dim,31,0,never_instantiated,0,,,,,0,0,catalog_sales,date_dim,31,0,never_instantiated,0,,,,,0,0,catalog_returns,date_dim,31,0,never_instantiated,0,,,,,0,0,,,132,0,never_instantiated,0,,,,,0,0,,date_dim,31,0,never_instantiated,0,,,,,0,0,web_returns,web_page,176,0,never_instantiated,0,,,,,0,0,,date_dim,31,0,never_instantiated,0,,,,,0,0,web_sales,web_page,264,0,never_instantiated,0,,,,,0,0,,,,,,,,,,,,,,,,,,,,,,,,,,,,,,,,,,,,,,,,,,,,,,,,,,,,,,,,,,,,,,,,,,,,,,,,,,,,,,,,,,,,,,,,,,,,,,,,,,,,,,,,,,,,,,,,,,,,,,,,,,,,,,,,,,,,,,,,,,,,,,,,,,,,,,,,,,,,,,,,,,,,,,,,,,,,,,,,,,,,,,,,,,,,,,,,,,,,,,,,,,,,,,,,,,,,,,,,,,,,,,,,,,,,,,,,,,,,,,,,,,,,,,,,,,,,,,,,,,,,,,,,,,,,,,,,,,,,,,,,,,,,,,,,,,,,,,,,,,,,,,,,,,,,,,,,,,,,,,,,,,,,
Q78,2,9,1,16.09,,,5138790,0,never_instantiated,0,,,,,0,0,,,2598758,0,never_instantiated,0,,,,,0,0,,date_dim,366,0,never_instantiated,0,,,,,0,0,store_sales,store_returns,5756650,0,never_instantiated,0,,,,,0,0,,date_dim,366,0,never_instantiated,0,,,,,0,0,web_sales,web_returns,1439041,0,never_instantiated,0,,,,,0,0,,date_dim,366,0,never_instantiated,0,,,,,0,0,catalog_sales,catalog_returns,2880565,0,never_instantiated,0,,,,,0,0,,,,,,,,,,,,,,,,,,,,,,,,,,,,,,,,,,,,,,,,,,,,,,,,,,,,,,,,,,,,,,,,,,,,,,,,,,,,,,,,,,,,,,,,,,,,,,,,,,,,,,,,,,,,,,,,,,,,,,,,,,,,,,,,,,,,,,,,,,,,,,,,,,,,,,,,,,,,,,,,,,,,,,,,,,,,,,,,,,,,,,,,,,,,,,,,,,,,,,,,,,,,,,,,,,,,,,,,,,,,,,,,,,,,,,,,,,,,,,,,,,,,,,,,,,,,,,,,,,,,,,,,,,,,,,,,,,,,,,,,,,,,,,,,,,,,,,,,,,,,,,,,,,,,,,,,,,,,,,,,,,,,,,,,,,,,,,,,,,,,,,,,,,,,,,,,,,,,,,,,,,,,,,,,,,,,
Q79,2,1,1,3.18,,customer,266000,0,never_instantiated,0,,,,,0,0,,store,42,0,never_instantiated,0,,,,,0,0,,household_demographics,2880,0,never_instantiated,0,,,,,0,0,store_sales,date_dim,157,0,never_instantiated,0,,,,,0,0,,,,,,,,,,,,,,,,,,,,,,,,,,,,,,,,,,,,,,,,,,,,,,,,,,,,,,,,,,,,,,,,,,,,,,,,,,,,,,,,,,,,,,,,,,,,,,,,,,,,,,,,,,,,,,,,,,,,,,,,,,,,,,,,,,,,,,,,,,,,,,,,,,,,,,,,,,,,,,,,,,,,,,,,,,,,,,,,,,,,,,,,,,,,,,,,,,,,,,,,,,,,,,,,,,,,,,,,,,,,,,,,,,,,,,,,,,,,,,,,,,,,,,,,,,,,,,,,,,,,,,,,,,,,,,,,,,,,,,,,,,,,,,,,,,,,,,,,,,,,,,,,,,,,,,,,,,,,,,,,,,,,,,,,,,,,,,,,,,,,,,,,,,,,,,,,,,,,,,,,,,,,,,,,,,,,,,,,,,,,,,,,,,,,,,,,,,,,,,,,,,,,,,,,,,,,,,,,,,,,
Q80,2,19,1,3.28,,date_dim,31,0,never_instantiated,0,,,,,0,0,,store,44,0,never_instantiated,0,,,,,0,0,,item,1612,0,never_instantiated,0,,,,,0,0,,promotion,349,0,never_instantiated,0,,,,,0,0,store_sales,store_returns,5756650,0,never_instantiated,0,,,,,0,0,,date_dim,31,0,never_instantiated,0,,,,,0,0,,promotion,349,0,never_instantiated,0,,,,,0,0,,item,1612,0,never_instantiated,0,,,,,0,0,,catalog_page,9828,0,never_instantiated,0,,,,,0,0,catalog_sales,catalog_returns,2880565,0,never_instantiated,0,,,,,0,0,,web_site,28,0,never_instantiated,0,,,,,0,0,,item,1612,0,never_instantiated,0,,,,,0,0,,promotion,349,0,never_instantiated,0,,,,,0,0,,date_dim,31,0,never_instantiated,0,,,,,0,0,web_sales,web_returns,1439041,0,never_instantiated,0,,,,,0,0,,,,,,,,,,,,,,,,,,,,,,,,,,,,,,,,,,,,,,,,,,,,,,,,,,,,,,,,,,,,,,,,,,,,,,,,,,,,,,,,,,,,,,,,,,,,,,,,,,,,,,,,,,,,,,,,,,,,,,,,,,,,,,,,,,,,,,,,,,,,,,,,,,,,,,,,,,,,,,,,,,,,,,,,,,,,,,,,,,,,,,,,,,,,,,,,,,,,,,,,,,,,,,,,,,,,,,,,,,,,,,,,,,,,,,,,,,,,,,,,,,,,,,,,,,,,,,,,,,,,,,,,,,,,,,,,,,,,,,,,,,,,,,,,
Q81,2,10,1,0.52,,date_dim,366,0,never_instantiated,0,,,,,0,0,catalog_returns,customer_address,133000,0,never_instantiated,0,,,,,0,0,,,13049,0,never_instantiated,0,,,,,0,0,customer,customer_address,6457,0,never_instantiated,0,,,,,0,0,,,26829,0,never_instantiated,0,,,,,0,0,,,51,0,never_instantiated,0,,,,,0,0,,,,,,,,,,,,,,,,,,,,,,,,,,,,,,,,,,,,,,,,,,,,,,,,,,,,,,,,,,,,,,,,,,,,,,,,,,,,,,,,,,,,,,,,,,,,,,,,,,,,,,,,,,,,,,,,,,,,,,,,,,,,,,,,,,,,,,,,,,,,,,,,,,,,,,,,,,,,,,,,,,,,,,,,,,,,,,,,,,,,,,,,,,,,,,,,,,,,,,,,,,,,,,,,,,,,,,,,,,,,,,,,,,,,,,,,,,,,,,,,,,,,,,,,,,,,,,,,,,,,,,,,,,,,,,,,,,,,,,,,,,,,,,,,,,,,,,,,,,,,,,,,,,,,,,,,,,,,,,,,,,,,,,,,,,,,,,,,,,,,,,,,,,,,,,,,,,,,,,,,,,,,,,,,,,,,,,,,,,,,,,,,,,,,,,,,,,,,
Q82,2,15,1,1.13,,date_dim,61,0,never_instantiated,0,,,,,0,0,store_sales,,37,0,never_instantiated,0,,,,,0,0,inventory,item,6,0,never_instantiated,0,,,,,0,0,,,,,,,,,,,,,,,,,,,,,,,,,,,,,,,,,,,,,,,,,,,,,,,,,,,,,,,,,,,,,,,,,,,,,,,,,,,,,,,,,,,,,,,,,,,,,,,,,,,,,,,,,,,,,,,,,,,,,,,,,,,,,,,,,,,,,,,,,,,,,,,,,,,,,,,,,,,,,,,,,,,,,,,,,,,,,,,,,,,,,,,,,,,,,,,,,,,,,,,,,,,,,,,,,,,,,,,,,,,,,,,,,,,,,,,,,,,,,,,,,,,,,,,,,,,,,,,,,,,,,,,,,,,,,,,,,,,,,,,,,,,,,,,,,,,,,,,,,,,,,,,,,,,,,,,,,,,,,,,,,,,,,,,,,,,,,,,,,,,,,,,,,,,,,,,,,,,,,,,,,,,,,,,,,,,,,,,,,,,,,,,,,,,,,,,,,,,,,,,,,,,,,,,,,,,,,,,,,,,,,,,,,,,,,,,,
Q83,2,10,1,0.31,,,7376,0,never_instantiated,0,,,,,0,0,,,21,0,never_instantiated,0,,,,,0,0,,date_dim,21,0,never_instantiated,0,,,,,0,0,web_returns,item,9661,0,never_instantiated,0,,,,,0,0,date_dim,date_dim,3,0,never_instantiated,0,,,,,0,0,,,7376,0,never_instantiated,0,,,,,0,0,,,21,0,never_instantiated,0,,,,,0,0,,date_dim,21,0,never_instantiated,0,,,,,0,0,catalog_returns,item,8336,0,never_instantiated,0,,,,,0,0,date_dim,date_dim,3,0,never_instantiated,0,,,,,0,0,,,21,0,never_instantiated,0,,,,,0,0,,item,15141,0,never_instantiated,0,,,,,0,0,store_returns,date_dim,21,0,never_instantiated,0,,,,,0,0,date_dim,date_dim,3,0,never_instantiated,0,,,,,0,0,,,,,,,,,,,,,,,,,,,,,,,,,,,,,,,,,,,,,,,,,,,,,,,,,,,,,,,,,,,,,,,,,,,,,,,,,,,,,,,,,,,,,,,,,,,,,,,,,,,,,,,,,,,,,,,,,,,,,,,,,,,,,,,,,,,,,,,,,,,,,,,,,,,,,,,,,,,,,,,,,,,,,,,,,,,,,,,,,,,,,,,,,,,,,,,,,,,,,,,,,,,,,,,,,,,,,,,,,,,,,,,,,,,,,,,,,,,,,,,,,,,,,,,,,,,,,,,,,,,,,,,,,,,,,,,,,,,,,,,,,,,,,,,,,,,,,,,,,,,,
Q84,2,11,1,0.31,customer_demographics,,1243,0,never_instantiated,0,,,,,0,0,,income_band,4,0,never_instantiated,0,,,,,0,0,,customer_address,1209,0,never_instantiated,0,,,,,0,0,,household_demographics,1440,0,never_instantiated,0,,,,,0,0,store_returns,customer,449,0,never_instantiated,0,,,,,0,0,,,,,,,,,,,,,,,,,,,,,,,,,,,,,,,,,,,,,,,,,,,,,,,,,,,,,,,,,,,,,,,,,,,,,,,,,,,,,,,,,,,,,,,,,,,,,,,,,,,,,,,,,,,,,,,,,,,,,,,,,,,,,,,,,,,,,,,,,,,,,,,,,,,,,,,,,,,,,,,,,,,,,,,,,,,,,,,,,,,,,,,,,,,,,,,,,,,,,,,,,,,,,,,,,,,,,,,,,,,,,,,,,,,,,,,,,,,,,,,,,,,,,,,,,,,,,,,,,,,,,,,,,,,,,,,,,,,,,,,,,,,,,,,,,,,,,,,,,,,,,,,,,,,,,,,,,,,,,,,,,,,,,,,,,,,,,,,,,,,,,,,,,,,,,,,,,,,,,,,,,,,,,,,,,,,,,,,,,,,,,,,,,,,,,,,,,,,,,,,,,,,,,,,,
Q85,2,16,1,1.64,customer_demographics,,31,0,never_instantiated,0,,,,,0,0,,reason,36,0,never_instantiated,0,,,,,0,0,,customer_address,128938,0,never_instantiated,0,,,,,0,0,customer_demographics,,276661,0,never_instantiated,0,,,,,0,0,,date_dim,366,0,never_instantiated,0,,,,,0,0,,web_returns,1439041,0,never_instantiated,0,,,,,0,0,web_sales,web_page,264,0,never_instantiated,0,,,,,0,0,,,,,,,,,,,,,,,,,,,,,,,,,,,,,,,,,,,,,,,,,,,,,,,,,,,,,,,,,,,,,,,,,,,,,,,,,,,,,,,,,,,,,,,,,,,,,,,,,,,,,,,,,,,,,,,,,,,,,,,,,,,,,,,,,,,,,,,,,,,,,,,,,,,,,,,,,,,,,,,,,,,,,,,,,,,,,,,,,,,,,,,,,,,,,,,,,,,,,,,,,,,,,,,,,,,,,,,,,,,,,,,,,,,,,,,,,,,,,,,,,,,,,,,,,,,,,,,,,,,,,,,,,,,,,,,,,,,,,,,,,,,,,,,,,,,,,,,,,,,,,,,,,,,,,,,,,,,,,,,,,,,,,,,,,,,,,,,,,,,,,,,,,,,,,,,,,,,,,,,,,,,,,,,,,,,,,,,,,,,,,,,,
Q86,2,10,1,1.03,,item,28000,0,never_instantiated,0,,,,,0,0,web_sales,date_dim,366,0,never_instantiated,0,,,,,0,0,,,,,,,,,,,,,,,,,,,,,,,,,,,,,,,,,,,,,,,,,,,,,,,,,,,,,,,,,,,,,,,,,,,,,,,,,,,,,,,,,,,,,,,,,,,,,,,,,,,,,,,,,,,,,,,,,,,,,,,,,,,,,,,,,,,,,,,,,,,,,,,,,,,,,,,,,,,,,,,,,,,,,,,,,,,,,,,,,,,,,,,,,,,,,,,,,,,,,,,,,,,,,,,,,,,,,,,,,,,,,,,,,,,,,,,,,,,,,,,,,,,,,,,,,,,,,,,,,,,,,,,,,,,,,,,,,,,,,,,,,,,,,,,,,,,,,,,,,,,,,,,,,,,,,,,,,,,,,,,,,,,,,,,,,,,,,,,,,,,,,,,,,,,,,,,,,,,,,,,,,,,,,,,,,,,,,,,,,,,,,,,,,,,,,,,,,,,,,,,,,,,,,,,,,,,,,,,,,,,,,,,,,,,,,,,,,,,,,,,,,,,,
Q87,2,12,1,5.84,,,236113,0,never_instantiated,0,,,,,0,0,,,621690,0,never_instantiated,0,,,,,0,0,,date_dim,366,0,never_instantiated,0,,,,,0,0,store_sales,customer,266000,0,never_instantiated,0,,,,,0,0,,date_dim,366,0,never_instantiated,0,,,,,0,0,catalog_sales,customer,266000,0,never_instantiated,0,,,,,0,0,,date_dim,366,0,never_instantiated,0,,,,,0,0,web_sales,customer,266000,0,never_instantiated,0,,,,,0,0,,,,,,,,,,,,,,,,,,,,,,,,,,,,,,,,,,,,,,,,,,,,,,,,,,,,,,,,,,,,,,,,,,,,,,,,,,,,,,,,,,,,,,,,,,,,,,,,,,,,,,,,,,,,,,,,,,,,,,,,,,,,,,,,,,,,,,,,,,,,,,,,,,,,,,,,,,,,,,,,,,,,,,,,,,,,,,,,,,,,,,,,,,,,,,,,,,,,,,,,,,,,,,,,,,,,,,,,,,,,,,,,,,,,,,,,,,,,,,,,,,,,,,,,,,,,,,,,,,,,,,,,,,,,,,,,,,,,,,,,,,,,,,,,,,,,,,,,,,,,,,,,,,,,,,,,,,,,,,,,,,,,,,,,,,,,,,,,,,,,,,,,,,,,,,,,,,,,,,,,,,,,,,,,,,,,
Q88,2,13,1,5.32,,store,6,0,never_instantiated,0,,,,,0,0,,time_dim,1800,0,never_instantiated,0,,,,,0,0,store_sales,household_demographics,1920,0,never_instantiated,0,,,,,0,0,,time_dim,1800,0,never_instantiated,0,,,,,0,0,,household_demographics,1920,0,never_instantiated,0,,,,,0,0,store_sales,store,6,0,never_instantiated,0,,,,,0,0,,household_demographics,1920,0,never_instantiated,0,,,,,0,0,,store,6,0,never_instantiated,0,,,,,0,0,store_sales,time_dim,1800,0,never_instantiated,0,,,,,0,0,,store,6,0,never_instantiated,0,,,,,0,0,,household_demographics,1920,0,never_instantiated,0,,,,,0,0,store_sales,time_dim,1800,0,never_instantiated,0,,,,,0,0,,household_demographics,1920,0,never_instantiated,0,,,,,0,0,,store,6,0,never_instantiated,0,,,,,0,0,store_sales,time_dim,1800,0,never_instantiated,0,,,,,0,0,,household_demographics,1920,0,never_instantiated,0,,,,,0,0,,store,6,0,never_instantiated,0,,,,,0,0,store_sales,time_dim,1800,0,never_instantiated,0,,,,,0,0,,household_demographics,1920,0,never_instantiated,0,,,,,0,0,,time_dim,1800,0,never_instantiated,0,,,,,0,0,store_sales,store,6,0,never_instantiated,0,,,,,0,0,,household_demographics,1920,0,never_instantiated,0,,,,,0,0,,store,6,0,never_instantiated,0,,,,,0,0,store_sales,time_dim,1800,0,never_instantiated,0,,,,,0,0,,,,,,,,,,,,,,,,,,,,,,,,,,,,,,,,,,,,,,,,,,,,,,,,,,,,,,,,,,,,,,,,,,,,,,,,,,,,,,,,,,,,,,,,,,,,,,,,,,,,,,,,,,,,,,,,,,,,,,,,,,,,,,,,,,,,,,,,,,,,,,,,,,,,,,,,,,,,,,,,,,,,,,,,,,,,,,,,,,,,
Q89,2,17,1,1.64,,item,2119,0,never_instantiated,0,,,,,0,0,,date_dim,365,0,never_instantiated,0,,,,,0,0,store_sales,store,44,0,never_instantiated,0,,,,,0,0,,,,,,,,,,,,,,,,,,,,,,,,,,,,,,,,,,,,,,,,,,,,,,,,,,,,,,,,,,,,,,,,,,,,,,,,,,,,,,,,,,,,,,,,,,,,,,,,,,,,,,,,,,,,,,,,,,,,,,,,,,,,,,,,,,,,,,,,,,,,,,,,,,,,,,,,,,,,,,,,,,,,,,,,,,,,,,,,,,,,,,,,,,,,,,,,,,,,,,,,,,,,,,,,,,,,,,,,,,,,,,,,,,,,,,,,,,,,,,,,,,,,,,,,,,,,,,,,,,,,,,,,,,,,,,,,,,,,,,,,,,,,,,,,,,,,,,,,,,,,,,,,,,,,,,,,,,,,,,,,,,,,,,,,,,,,,,,,,,,,,,,,,,,,,,,,,,,,,,,,,,,,,,,,,,,,,,,,,,,,,,,,,,,,,,,,,,,,,,,,,,,,,,,,,,,,,,,,,,,,,,,,,,,,,,,,
Q90,2,10,1,0.41,,household_demographics,720,0,never_instantiated,0,,,,,0,0,,web_page,3,0,never_instantiated,0,,,,,0,0,web_sales,time_dim,7200,0,never_instantiated,0,,,,,0,0,,web_page,3,0,never_instantiated,0,,,,,0,0,,time_dim,7200,0,never_instantiated,0,,,,,0,0,web_sales,household_demographics,720,0,never_instantiated,0,,,,,0,0,,,,,,,,,,,,,,,,,,,,,,,,,,,,,,,,,,,,,,,,,,,,,,,,,,,,,,,,,,,,,,,,,,,,,,,,,,,,,,,,,,,,,,,,,,,,,,,,,,,,,,,,,,,,,,,,,,,,,,,,,,,,,,,,,,,,,,,,,,,,,,,,,,,,,,,,,,,,,,,,,,,,,,,,,,,,,,,,,,,,,,,,,,,,,,,,,,,,,,,,,,,,,,,,,,,,,,,,,,,,,,,,,,,,,,,,,,,,,,,,,,,,,,,,,,,,,,,,,,,,,,,,,,,,,,,,,,,,,,,,,,,,,,,,,,,,,,,,,,,,,,,,,,,,,,,,,,,,,,,,,,,,,,,,,,,,,,,,,,,,,,,,,,,,,,,,,,,,,,,,,,,,,,,,,,,,,,,,,,,,,,,,,,,,,,,,,,,,
Q91,2,10,1,0.21,,date_dim,30,0,never_instantiated,0,,,,,0,0,,customer_address,14540,0,never_instantiated,0,,,,,0,0,,call_center,6,0,never_instantiated,0,,,,,0,0,customer_demographics,,39,0,never_instantiated,0,,,,,0,0,,household_demographics,1200,0,never_instantiated,0,,,,,0,0,catalog_returns,customer,255,0,never_instantiated,0,,,,,0,0,,,,,,,,,,,,,,,,,,,,,,,,,,,,,,,,,,,,,,,,,,,,,,,,,,,,,,,,,,,,,,,,,,,,,,,,,,,,,,,,,,,,,,,,,,,,,,,,,,,,,,,,,,,,,,,,,,,,,,,,,,,,,,,,,,,,,,,,,,,,,,,,,,,,,,,,,,,,,,,,,,,,,,,,,,,,,,,,,,,,,,,,,,,,,,,,,,,,,,,,,,,,,,,,,,,,,,,,,,,,,,,,,,,,,,,,,,,,,,,,,,,,,,,,,,,,,,,,,,,,,,,,,,,,,,,,,,,,,,,,,,,,,,,,,,,,,,,,,,,,,,,,,,,,,,,,,,,,,,,,,,,,,,,,,,,,,,,,,,,,,,,,,,,,,,,,,,,,,,,,,,,,,,,,,,,,,,,,,,,,,,,,,,,,,,,,,,,,
Q92,2,12,1,0.62,,item,45,0,never_instantiated,0,,,,,0,0,web_sales,date_dim,91,0,never_instantiated,0,,,,,0,0,,,629,0,never_instantiated,0,,,,,0,0,,,22,0,never_instantiated,0,,,,,0,0,web_sales,date_dim,91,0,never_instantiated,0,,,,,0,0,,,,,,,,,,,,,,,,,,,,,,,,,,,,,,,,,,,,,,,,,,,,,,,,,,,,,,,,,,,,,,,,,,,,,,,,,,,,,,,,,,,,,,,,,,,,,,,,,,,,,,,,,,,,,,,,,,,,,,,,,,,,,,,,,,,,,,,,,,,,,,,,,,,,,,,,,,,,,,,,,,,,,,,,,,,,,,,,,,,,,,,,,,,,,,,,,,,,,,,,,,,,,,,,,,,,,,,,,,,,,,,,,,,,,,,,,,,,,,,,,,,,,,,,,,,,,,,,,,,,,,,,,,,,,,,,,,,,,,,,,,,,,,,,,,,,,,,,,,,,,,,,,,,,,,,,,,,,,,,,,,,,,,,,,,,,,,,,,,,,,,,,,,,,,,,,,,,,,,,,,,,,,,,,,,,,,,,,,,,,,,,,,,,,,,,,,,,,,,,,,,,,,,,,
Q93,2,5,1,4.92,,reason,1,0,never_instantiated,0,,,,,0,0,store_sales,store_returns,154205,0,never_instantiated,0,,,,,0,0,,,,,,,,,,,,,,,,,,,,,,,,,,,,,,,,,,,,,,,,,,,,,,,,,,,,,,,,,,,,,,,,,,,,,,,,,,,,,,,,,,,,,,,,,,,,,,,,,,,,,,,,,,,,,,,,,,,,,,,,,,,,,,,,,,,,,,,,,,,,,,,,,,,,,,,,,,,,,,,,,,,,,,,,,,,,,,,,,,,,,,,,,,,,,,,,,,,,,,,,,,,,,,,,,,,,,,,,,,,,,,,,,,,,,,,,,,,,,,,,,,,,,,,,,,,,,,,,,,,,,,,,,,,,,,,,,,,,,,,,,,,,,,,,,,,,,,,,,,,,,,,,,,,,,,,,,,,,,,,,,,,,,,,,,,,,,,,,,,,,,,,,,,,,,,,,,,,,,,,,,,,,,,,,,,,,,,,,,,,,,,,,,,,,,,,,,,,,,,,,,,,,,,,,,,,,,,,,,,,,,,,,,,,,,,,,,,,,,,,,,,,,
Q94,2,10,1,0.82,,customer_address,4183,0,never_instantiated,0,,,,,0,0,,web_site,3,0,never_instantiated,0,,,,,0,0,web_sales,date_dim,61,0,never_instantiated,0,,,,,0,0,,,2543,0,never_instantiated,0,,,,,0,0,web_sales,,2387,0,never_instantiated,0,,,,,0,0,,,2542,0,never_instantiated,0,,,,,0,0,web_returns,,1860,0,never_instantiated,0,,,,,0,0,,,,,,,,,,,,,,,,,,,,,,,,,,,,,,,,,,,,,,,,,,,,,,,,,,,,,,,,,,,,,,,,,,,,,,,,,,,,,,,,,,,,,,,,,,,,,,,,,,,,,,,,,,,,,,,,,,,,,,,,,,,,,,,,,,,,,,,,,,,,,,,,,,,,,,,,,,,,,,,,,,,,,,,,,,,,,,,,,,,,,,,,,,,,,,,,,,,,,,,,,,,,,,,,,,,,,,,,,,,,,,,,,,,,,,,,,,,,,,,,,,,,,,,,,,,,,,,,,,,,,,,,,,,,,,,,,,,,,,,,,,,,,,,,,,,,,,,,,,,,,,,,,,,,,,,,,,,,,,,,,,,,,,,,,,,,,,,,,,,,,,,,,,,,,,,,,,,,,,,,,,,,,,,,,,,,,,,,,,,,,,,,
Q95,2,9,1,22.91,,,2543,0,never_instantiated,0,,,,,0,0,,web_returns,1439041,0,never_instantiated,0,,,,,0,0,web_sales,web_sales,14392527,0,never_instantiated,0,,,,,0,0,,,2543,0,never_instantiated,0,,,,,0,0,web_sales,web_sales,14392527,0,never_instantiated,0,,,,,0,0,,date_dim,61,0,never_instantiated,0,,,,,0,0,,web_site,3,0,never_instantiated,0,,,,,0,0,web_sales,customer_address,4183,0,never_instantiated,0,,,,,0,0,,,,,,,,,,,,,,,,,,,,,,,,,,,,,,,,,,,,,,,,,,,,,,,,,,,,,,,,,,,,,,,,,,,,,,,,,,,,,,,,,,,,,,,,,,,,,,,,,,,,,,,,,,,,,,,,,,,,,,,,,,,,,,,,,,,,,,,,,,,,,,,,,,,,,,,,,,,,,,,,,,,,,,,,,,,,,,,,,,,,,,,,,,,,,,,,,,,,,,,,,,,,,,,,,,,,,,,,,,,,,,,,,,,,,,,,,,,,,,,,,,,,,,,,,,,,,,,,,,,,,,,,,,,,,,,,,,,,,,,,,,,,,,,,,,,,,,,,,,,,,,,,,,,,,,,,,,,,,,,,,,,,,,,,,,,,,,,,,,,,,,,,,,,,,,,,,,,,,,,,,,,,,,,,,,,,
Q96,2,4,1,0.93,,time_dim,1800,0,never_instantiated,0,,,,,0,0,,household_demographics,720,0,never_instantiated,0,,,,,0,0,store_sales,store,6,0,never_instantiated,0,,,,,0,0,,,,,,,,,,,,,,,,,,,,,,,,,,,,,,,,,,,,,,,,,,,,,,,,,,,,,,,,,,,,,,,,,,,,,,,,,,,,,,,,,,,,,,,,,,,,,,,,,,,,,,,,,,,,,,,,,,,,,,,,,,,,,,,,,,,,,,,,,,,,,,,,,,,,,,,,,,,,,,,,,,,,,,,,,,,,,,,,,,,,,,,,,,,,,,,,,,,,,,,,,,,,,,,,,,,,,,,,,,,,,,,,,,,,,,,,,,,,,,,,,,,,,,,,,,,,,,,,,,,,,,,,,,,,,,,,,,,,,,,,,,,,,,,,,,,,,,,,,,,,,,,,,,,,,,,,,,,,,,,,,,,,,,,,,,,,,,,,,,,,,,,,,,,,,,,,,,,,,,,,,,,,,,,,,,,,,,,,,,,,,,,,,,,,,,,,,,,,,,,,,,,,,,,,,,,,,,,,,,,,,,,,,,,,,,,,
Q97,2,8,1,5.84,,,5717500,0,never_instantiated,0,,,,,0,0,store_sales,date_dim,366,0,never_instantiated,0,,,,,0,0,catalog_sales,date_dim,366,0,never_instantiated,0,,,,,0,0,,,,,,,,,,,,,,,,,,,,,,,,,,,,,,,,,,,,,,,,,,,,,,,,,,,,,,,,,,,,,,,,,,,,,,,,,,,,,,,,,,,,,,,,,,,,,,,,,,,,,,,,,,,,,,,,,,,,,,,,,,,,,,,,,,,,,,,,,,,,,,,,,,,,,,,,,,,,,,,,,,,,,,,,,,,,,,,,,,,,,,,,,,,,,,,,,,,,,,,,,,,,,,,,,,,,,,,,,,,,,,,,,,,,,,,,,,,,,,,,,,,,,,,,,,,,,,,,,,,,,,,,,,,,,,,,,,,,,,,,,,,,,,,,,,,,,,,,,,,,,,,,,,,,,,,,,,,,,,,,,,,,,,,,,,,,,,,,,,,,,,,,,,,,,,,,,,,,,,,,,,,,,,,,,,,,,,,,,,,,,,,,,,,,,,,,,,,,,,,,,,,,,,,,,,,,,,,,,,,,,,,,,,,,,,,,
Q98,2,10,1,1.13,,date_dim,31,0,never_instantiated,0,,,,,0,0,store_sales,item,8331,0,never_instantiated,0,,,,,0,0,,,,,,,,,,,,,,,,,,,,,,,,,,,,,,,,,,,,,,,,,,,,,,,,,,,,,,,,,,,,,,,,,,,,,,,,,,,,,,,,,,,,,,,,,,,,,,,,,,,,,,,,,,,,,,,,,,,,,,,,,,,,,,,,,,,,,,,,,,,,,,,,,,,,,,,,,,,,,,,,,,,,,,,,,,,,,,,,,,,,,,,,,,,,,,,,,,,,,,,,,,,,,,,,,,,,,,,,,,,,,,,,,,,,,,,,,,,,,,,,,,,,,,,,,,,,,,,,,,,,,,,,,,,,,,,,,,,,,,,,,,,,,,,,,,,,,,,,,,,,,,,,,,,,,,,,,,,,,,,,,,,,,,,,,,,,,,,,,,,,,,,,,,,,,,,,,,,,,,,,,,,,,,,,,,,,,,,,,,,,,,,,,,,,,,,,,,,,,,,,,,,,,,,,,,,,,,,,,,,,,,,,,,,,,,,,,,,,,,,,,,,,
Q99,2,18,1,1.43,,warehouse,5,0,never_instantiated,0,,,,,0,0,,call_center,6,0,never_instantiated,0,,,,,0,0,,date_dim,366,0,never_instantiated,0,,,,,0,0,catalog_sales,ship_mode,20,0,never_instantiated,0,,,,,0,0,,,,,,,,,,,,,,,,,,,,,,,,,,,,,,,,,,,,,,,,,,,,,,,,,,,,,,,,,,,,,,,,,,,,,,,,,,,,,,,,,,,,,,,,,,,,,,,,,,,,,,,,,,,,,,,,,,,,,,,,,,,,,,,,,,,,,,,,,,,,,,,,,,,,,,,,,,,,,,,,,,,,,,,,,,,,,,,,,,,,,,,,,,,,,,,,,,,,,,,,,,,,,,,,,,,,,,,,,,,,,,,,,,,,,,,,,,,,,,,,,,,,,,,,,,,,,,,,,,,,,,,,,,,,,,,,,,,,,,,,,,,,,,,,,,,,,,,,,,,,,,,,,,,,,,,,,,,,,,,,,,,,,,,,,,,,,,,,,,,,,,,,,,,,,,,,,,,,,,,,,,,,,,,,,,,,,,,,,,,,,,,,,,,,,,,,,,,,,,,,,,,,,,,,,,,,,,,,,,,,
Q01,3,10,1,1.95,store_returns,date_dim,366,0,never_instantiated,0,,,,,0,0,,,985362,1,active,11438000,,,,,433717,8468,,,942796,1,active,22,,,,,0,0,,,22,0,never_instantiated,0,,,,,0,0,,,,,,,,,,,,,,,,,,,,,,,,,,,,,,,,,,,,,,,,,,,,,,,,,,,,,,,,,,,,,,,,,,,,,,,,,,,,,,,,,,,,,,,,,,,,,,,,,,,,,,,,,,,,,,,,,,,,,,,,,,,,,,,,,,,,,,,,,,,,,,,,,,,,,,,,,,,,,,,,,,,,,,,,,,,,,,,,,,,,,,,,,,,,,,,,,,,,,,,,,,,,,,,,,,,,,,,,,,,,,,,,,,,,,,,,,,,,,,,,,,,,,,,,,,,,,,,,,,,,,,,,,,,,,,,,,,,,,,,,,,,,,,,,,,,,,,,,,,,,,,,,,,,,,,,,,,,,,,,,,,,,,,,,,,,,,,,,,,,,,,,,,,,,,,,,,,,,,,,,,,,,,,,,,,,,,,,,,,,,,,,,,,,,,,,,,,,,,,,,,,,,,,,,,,,,,,,,,,,,
Q02,3,14,1,3.58,,date_dim,1840,0,never_instantiated,0,,,,,0,0,,,365,0,never_instantiated,0,,,,,0,0,,date_dim,365,0,never_instantiated,0,,,,,0,0,,date_dim,365,0,never_instantiated,0,,,,,0,0,,,,,,,,,,,,,,,,,,,,,,,,,,,,,,,,,,,,,,,,,,,,,,,,,,,,,,,,,,,,,,,,,,,,,,,,,,,,,,,,,,,,,,,,,,,,,,,,,,,,,,,,,,,,,,,,,,,,,,,,,,,,,,,,,,,,,,,,,,,,,,,,,,,,,,,,,,,,,,,,,,,,,,,,,,,,,,,,,,,,,,,,,,,,,,,,,,,,,,,,,,,,,,,,,,,,,,,,,,,,,,,,,,,,,,,,,,,,,,,,,,,,,,,,,,,,,,,,,,,,,,,,,,,,,,,,,,,,,,,,,,,,,,,,,,,,,,,,,,,,,,,,,,,,,,,,,,,,,,,,,,,,,,,,,,,,,,,,,,,,,,,,,,,,,,,,,,,,,,,,,,,,,,,,,,,,,,,,,,,,,,,,,,,,,,,,,,,,,,,,,,,,,,,,,,,,,,,,,,,,
Q03,3,1,1,1.54,,date_dim,150,0,never_instantiated,0,,,,,0,0,store_sales,item,51,0,never_instantiated,0,,,,,0,0,,,,,,,,,,,,,,,,,,,,,,,,,,,,,,,,,,,,,,,,,,,,,,,,,,,,,,,,,,,,,,,,,,,,,,,,,,,,,,,,,,,,,,,,,,,,,,,,,,,,,,,,,,,,,,,,,,,,,,,,,,,,,,,,,,,,,,,,,,,,,,,,,,,,,,,,,,,,,,,,,,,,,,,,,,,,,,,,,,,,,,,,,,,,,,,,,,,,,,,,,,,,,,,,,,,,,,,,,,,,,,,,,,,,,,,,,,,,,,,,,,,,,,,,,,,,,,,,,,,,,,,,,,,,,,,,,,,,,,,,,,,,,,,,,,,,,,,,,,,,,,,,,,,,,,,,,,,,,,,,,,,,,,,,,,,,,,,,,,,,,,,,,,,,,,,,,,,,,,,,,,,,,,,,,,,,,,,,,,,,,,,,,,,,,,,,,,,,,,,,,,,,,,,,,,,,,,,,,,,,,,,,,,,,,,,,,,,,,,,,,,,,
Q04,3,19,1,21.71,,,158081,0,never_instantiated,0,,,,,0,0,,,155650,0,never_instantiated,0,,,,,0,0,,,225420,0,never_instantiated,0,,,,,0,0,,date_dim,365,0,never_instantiated,0,,,,,0,0,catalog_sales,customer,266000,0,never_instantiated,0,,,,,0,0,,,238491,0,never_instantiated,0,,,,,0,0,,,258504,0,never_instantiated,0,,,,,0,0,customer,,10741590,0,never_instantiated,0,,,,,0,0,store_sales,date_dim,365,0,never_instantiated,0,,,,,0,0,,date_dim,365,0,never_instantiated,0,,,,,0,0,store_sales,customer,264043,0,never_instantiated,0,,,,,0,0,,date_dim,365,0,never_instantiated,0,,,,,0,0,catalog_sales,customer,266000,0,never_instantiated,0,,,,,0,0,,date_dim,365,0,never_instantiated,0,,,,,0,0,web_sales,customer,157499,0,never_instantiated,0,,,,,0,0,,date_dim,365,0,never_instantiated,0,,,,,0,0,web_sales,customer,266000,0,never_instantiated,0,,,,,0,0,,,,,,,,,,,,,,,,,,,,,,,,,,,,,,,,,,,,,,,,,,,,,,,,,,,,,,,,,,,,,,,,,,,,,,,,,,,,,,,,,,,,,,,,,,,,,,,,,,,,,,,,,,,,,,,,,,,,,,,,,,,,,,,,,,,,,,,,,,,,,,,,,,,,,,,,,,,,,,,,,,,,,,,,,,,,,,,,,,,,,,,,,,,,,,,,,,,,,,,,,,,,,,,,,,,,,,,,,,,,,,,,,,,,,,,,,,,,,,,,,,,,,,,,,,,,,,,,,,,,,,,,
Q05,3,12,1,3.69,,store,44,0,never_instantiated,0,,,,,0,0,,date_dim,15,0,never_instantiated,0,,,,,0,0,,date_dim,15,0,never_instantiated,0,,,,,0,0,,catalog_page,9828,0,never_instantiated,0,,,,,0,0,,web_site,28,0,never_instantiated,0,,,,,0,0,,date_dim,15,0,never_instantiated,0,,,,,0,0,web_sales,web_returns,1439041,1,active,14392449,,,,,700197,9982,,,,,,,,,,,,,,,,,,,,,,,,,,,,,,,,,,,,,,,,,,,,,,,,,,,,,,,,,,,,,,,,,,,,,,,,,,,,,,,,,,,,,,,,,,,,,,,,,,,,,,,,,,,,,,,,,,,,,,,,,,,,,,,,,,,,,,,,,,,,,,,,,,,,,,,,,,,,,,,,,,,,,,,,,,,,,,,,,,,,,,,,,,,,,,,,,,,,,,,,,,,,,,,,,,,,,,,,,,,,,,,,,,,,,,,,,,,,,,,,,,,,,,,,,,,,,,,,,,,,,,,,,,,,,,,,,,,,,,,,,,,,,,,,,,,,,,,,,,,,,,,,,,,,,,,,,,,,,,,,,,,,,,,,,,,,,,,,,,,,,,,,,,,,,,,,,,,,,,,,,,,,,,,,,,,,,,,,,,,,,,,,
Q06,3,2,1,6.34,,date_dim,1,0,never_instantiated,0,,,,,0,0,,date_dim,1827,0,never_instantiated,0,,,,,0,0,,customer_address,133000,0,never_instantiated,0,,,,,0,0,,customer,266000,0,never_instantiated,0,,,,,0,0,store_sales,item,28000,0,never_instantiated,0,,,,,0,0,,,567065,0,never_instantiated,0,,,,,0,0,,item,27937,0,never_instantiated,0,,,,,0,0,,,,,,,,,,,,,,,,,,,,,,,,,,,,,,,,,,,,,,,,,,,,,,,,,,,,,,,,,,,,,,,,,,,,,,,,,,,,,,,,,,,,,,,,,,,,,,,,,,,,,,,,,,,,,,,,,,,,,,,,,,,,,,,,,,,,,,,,,,,,,,,,,,,,,,,,,,,,,,,,,,,,,,,,,,,,,,,,,,,,,,,,,,,,,,,,,,,,,,,,,,,,,,,,,,,,,,,,,,,,,,,,,,,,,,,,,,,,,,,,,,,,,,,,,,,,,,,,,,,,,,,,,,,,,,,,,,,,,,,,,,,,,,,,,,,,,,,,,,,,,,,,,,,,,,,,,,,,,,,,,,,,,,,,,,,,,,,,,,,,,,,,,,,,,,,,,,,,,,,,,,,,,,,,,,,,,,,,,,,,,,,,
Q07,3,1,1,2.46,item,,153084,0,never_instantiated,0,,,,,0,0,,promotion,354,0,never_instantiated,0,,,,,0,0,,date_dim,366,0,never_instantiated,0,,,,,0,0,store_sales,customer_demographics,27440,0,never_instantiated,0,,,,,0,0,,,,,,,,,,,,,,,,,,,,,,,,,,,,,,,,,,,,,,,,,,,,,,,,,,,,,,,,,,,,,,,,,,,,,,,,,,,,,,,,,,,,,,,,,,,,,,,,,,,,,,,,,,,,,,,,,,,,,,,,,,,,,,,,,,,,,,,,,,,,,,,,,,,,,,,,,,,,,,,,,,,,,,,,,,,,,,,,,,,,,,,,,,,,,,,,,,,,,,,,,,,,,,,,,,,,,,,,,,,,,,,,,,,,,,,,,,,,,,,,,,,,,,,,,,,,,,,,,,,,,,,,,,,,,,,,,,,,,,,,,,,,,,,,,,,,,,,,,,,,,,,,,,,,,,,,,,,,,,,,,,,,,,,,,,,,,,,,,,,,,,,,,,,,,,,,,,,,,,,,,,,,,,,,,,,,,,,,,,,,,,,,,,,,,,,,,,,,,,,,,,,,,,,,,,,,,,,,,,,,
Q08,3,8,1,1.95,,,8,0,never_instantiated,0,,,,,0,0,,store,44,0,never_instantiated,0,,,,,0,0,store_sales,date_dim,91,0,never_instantiated,0,,,,,0,0,customer_address,,1341,0,never_instantiated,0,,,,,0,0,customer_address,customer,126088,0,never_instantiated,0,,,,,0,0,,,,,,,,,,,,,,,,,,,,,,,,,,,,,,,,,,,,,,,,,,,,,,,,,,,,,,,,,,,,,,,,,,,,,,,,,,,,,,,,,,,,,,,,,,,,,,,,,,,,,,,,,,,,,,,,,,,,,,,,,,,,,,,,,,,,,,,,,,,,,,,,,,,,,,,,,,,,,,,,,,,,,,,,,,,,,,,,,,,,,,,,,,,,,,,,,,,,,,,,,,,,,,,,,,,,,,,,,,,,,,,,,,,,,,,,,,,,,,,,,,,,,,,,,,,,,,,,,,,,,,,,,,,,,,,,,,,,,,,,,,,,,,,,,,,,,,,,,,,,,,,,,,,,,,,,,,,,,,,,,,,,,,,,,,,,,,,,,,,,,,,,,,,,,,,,,,,,,,,,,,,,,,,,,,,,,,,,,,,,,,,,,,,,,,,,,,,,,,,,,,,,,,,,
Q09,3,19,1,6.24,,,,,,,,,,,,,,,,,,,,,,,,,,,,,,,,,,,,,,,,,,,,,,,,,,,,,,,,,,,,,,,,,,,,,,,,,,,,,,,,,,,,,,,,,,,,,,,,,,,,,,,,,,,,,,,,,,,,,,,,,,,,,,,,,,,,,,,,,,,,,,,,,,,,,,,,,,,,,,,,,,,,,,,,,,,,,,,,,,,,,,,,,,,,,,,,,,,,,,,,,,,,,,,,,,,,,,,,,,,,,,,,,,,,,,,,,,,,,,,,,,,,,,,,,,,,,,,,,,,,,,,,,,,,,,,,,,,,,,,,,,,,,,,,,,,,,,,,,,,,,,,,,,,,,,,,,,,,,,,,,,,,,,,,,,,,,,,,,,,,,,,,,,,,,,,,,,,,,,,,,,,,,,,,,,,,,,,,,,,,,,,,,,,,,,,,,,,,,,,,,,,,,,,,,,,,,,,,,,,,,,,,,,,,,,,,,,,,,,,,,,,,,,,,,,,,,,,,,,,,,,,,,,,,
Q10,3,18,1,2.46,customer_demographics,,2423,0,never_instantiated,0,,,,,0,0,customer,,1261,0,never_instantiated,0,,,,,0,0,customer_address,,5,0,never_instantiated,0,,,,,0,0,,,2423,0,never_instantiated,0,,,,,0,0,,,2423,0,never_instantiated,0,,,,,0,0,store_sales,date_dim,120,0,never_instantiated,0,,,,,0,0,,,2817,0,never_instantiated,0,,,,,0,0,,,1260,0,never_instantiated,0,,,,,0,0,web_sales,date_dim,120,0,never_instantiated,0,,,,,0,0,,,4953,0,never_instantiated,0,,,,,0,0,,,1260,0,never_instantiated,0,,,,,0,0,catalog_sales,date_dim,120,0,never_instantiated,0,,,,,0,0,,,,,,,,,,,,,,,,,,,,,,,,,,,,,,,,,,,,,,,,,,,,,,,,,,,,,,,,,,,,,,,,,,,,,,,,,,,,,,,,,,,,,,,,,,,,,,,,,,,,,,,,,,,,,,,,,,,,,,,,,,,,,,,,,,,,,,,,,,,,,,,,,,,,,,,,,,,,,,,,,,,,,,,,,,,,,,,,,,,,,,,,,,,,,,,,,,,,,,,,,,,,,,,,,,,,,,,,,,,,,,,,,,,,,,,,,,,,,,,,,,,,,,,,,,,,,,,,,,,,,,,,,,,,,,,,,,,,,,,,,,,,,,,,,,,,,,,,,,,,,,,,,,,,,,,,,,,,,,,,,,,,
Q11,3,13,1,14.55,,,148861,0,never_instantiated,0,,,,,0,0,,date_dim,365,0,never_instantiated,0,,,,,0,0,web_sales,customer,266000,0,never_instantiated,0,,,,,0,0,,,157499,0,never_instantiated,0,,,,,0,0,,,258504,0,never_instantiated,0,,,,,0,0,,date_dim,365,0,never_instantiated,0,,,,,0,0,store_sales,customer,264132,0,never_instantiated,0,,,,,0,0,customer,,10690261,0,never_instantiated,0,,,,,0,0,store_sales,date_dim,365,0,never_instantiated,0,,,,,0,0,,date_dim,365,0,never_instantiated,0,,,,,0,0,web_sales,customer,157499,0,never_instantiated,0,,,,,0,0,,,,,,,,,,,,,,,,,,,,,,,,,,,,,,,,,,,,,,,,,,,,,,,,,,,,,,,,,,,,,,,,,,,,,,,,,,,,,,,,,,,,,,,,,,,,,,,,,,,,,,,,,,,,,,,,,,,,,,,,,,,,,,,,,,,,,,,,,,,,,,,,,,,,,,,,,,,,,,,,,,,,,,,,,,,,,,,,,,,,,,,,,,,,,,,,,,,,,,,,,,,,,,,,,,,,,,,,,,,,,,,,,,,,,,,,,,,,,,,,,,,,,,,,,,,,,,,,,,,,,,,,,,,,,,,,,,,,,,,,,,,,,,,,,,,,,,,,,,,,,,,,,,,,,,,,,,,,,,,,,,,,,,,,,,,,,,,,
Q12,3,10,1,0.41,,date_dim,31,0,never_instantiated,0,,,,,0,0,web_sales,item,8331,0,never_instantiated,0,,,,,0,0,,,,,,,,,,,,,,,,,,,,,,,,,,,,,,,,,,,,,,,,,,,,,,,,,,,,,,,,,,,,,,,,,,,,,,,,,,,,,,,,,,,,,,,,,,,,,,,,,,,,,,,,,,,,,,,,,,,,,,,,,,,,,,,,,,,,,,,,,,,,,,,,,,,,,,,,,,,,,,,,,,,,,,,,,,,,,,,,,,,,,,,,,,,,,,,,,,,,,,,,,,,,,,,,,,,,,,,,,,,,,,,,,,,,,,,,,,,,,,,,,,,,,,,,,,,,,,,,,,,,,,,,,,,,,,,,,,,,,,,,,,,,,,,,,,,,,,,,,,,,,,,,,,,,,,,,,,,,,,,,,,,,,,,,,,,,,,,,,,,,,,,,,,,,,,,,,,,,,,,,,,,,,,,,,,,,,,,,,,,,,,,,,,,,,,,,,,,,,,,,,,,,,,,,,,,,,,,,,,,,,,,,,,,,,,,,,,,,,,,,,,,,
Q13,3,14,1,5.23,customer_demographics,,129768,0,never_instantiated,0,,,,,0,0,,store,44,0,never_instantiated,0,,,,,0,0,,date_dim,365,0,never_instantiated,0,,,,,0,0,,customer_address,128938,0,never_instantiated,0,,,,,0,0,store_sales,household_demographics,7200,0,never_instantiated,0,,,,,0,0,,,,,,,,,,,,,,,,,,,,,,,,,,,,,,,,,,,,,,,,,,,,,,,,,,,,,,,,,,,,,,,,,,,,,,,,,,,,,,,,,,,,,,,,,,,,,,,,,,,,,,,,,,,,,,,,,,,,,,,,,,,,,,,,,,,,,,,,,,,,,,,,,,,,,,,,,,,,,,,,,,,,,,,,,,,,,,,,,,,,,,,,,,,,,,,,,,,,,,,,,,,,,,,,,,,,,,,,,,,,,,,,,,,,,,,,,,,,,,,,,,,,,,,,,,,,,,,,,,,,,,,,,,,,,,,,,,,,,,,,,,,,,,,,,,,,,,,,,,,,,,,,,,,,,,,,,,,,,,,,,,,,,,,,,,,,,,,,,,,,,,,,,,,,,,,,,,,,,,,,,,,,,,,,,,,,,,,,,,,,,,,,,,,,,,,,,,,,,,,,,,,,,,,,
Q14,3,6,1,39.90,store_sales,date_dim,1096,0,never_instantiated,0,,,,,0,0,catalog_sales,date_dim,1096,0,never_instantiated,0,,,,,0,0,web_sales,date_dim,1096,0,never_instantiated,0,,,,,0,0,,,1755053,0,never_instantiated,0,,,,,0,0,,item,27887,0,never_instantiated,0,,,,,0,0,,,8634251,0,never_instantiated,0,,,,,0,0,,,17131992,0,never_instantiated,0,,,,,0,0,,item,28000,0,never_instantiated,0,,,,,0,0,store_sales,date_dim,1096,0,never_instantiated,0,,,,,0,0,,item,28000,0,never_instantiated,0,,,,,0,0,catalog_sales,date_dim,1096,0,never_instantiated,0,,,,,0,0,,item,28000,0,never_instantiated,0,,,,,0,0,web_sales,date_dim,1096,0,never_instantiated,0,,,,,0,0,,item,28000,0,never_instantiated,0,,,,,0,0,store_sales,date_dim,30,0,never_instantiated,0,,,,,0,0,,,927229,0,never_instantiated,0,,,,,0,0,,item,27887,0,never_instantiated,0,,,,,0,0,,,8634251,0,never_instantiated,0,,,,,0,0,,,17131992,0,never_instantiated,0,,,,,0,0,,item,28000,0,never_instantiated,0,,,,,0,0,store_sales,date_dim,1096,0,never_instantiated,0,,,,,0,0,,date_dim,1096,0,never_instantiated,0,,,,,0,0,catalog_sales,item,28000,0,never_instantiated,0,,,,,0,0,,date_dim,1096,0,never_instantiated,0,,,,,0,0,web_sales,item,28000,0,never_instantiated,0,,,,,0,0,,item,28000,0,never_instantiated,0,,,,,0,0,catalog_sales,date_dim,30,0,never_instantiated,0,,,,,0,0,,,459451,0,never_instantiated,0,,,,,0,0,,item,27887,0,never_instantiated,0,,,,,0,0,,,8634251,0,never_instantiated,0,,,,,0,0,,,17131992,0,never_instantiated,0,,,,,0,0,,item,28000,0,never_instantiated,0,,,,,0,0,store_sales,date_dim,1096,0,never_instantiated,0,,,,,0,0,,item,28000,0,never_instantiated,0,,,,,0,0,catalog_sales,date_dim,1096,0,never_instantiated,0,,,,,0,0,,item,28000,0,never_instantiated,0,,,,,0,0,web_sales,date_dim,1096,0,never_instantiated,0,,,,,0,0,,item,28000,0,never_instantiated,0,,,,,0,0,web_sales,date_dim,30,0,never_instantiated,0,,,,,0,0
Q15,3,10,1,0.31,,date_dim,91,0,never_instantiated,0,,,,,0,0,,,9,0,never_instantiated,0,,,,,0,0,,customer_address,133000,0,never_instantiated,0,,,,,0,0,catalog_sales,customer,266000,0,never_instantiated,0,,,,,0,0,,,,,,,,,,,,,,,,,,,,,,,,,,,,,,,,,,,,,,,,,,,,,,,,,,,,,,,,,,,,,,,,,,,,,,,,,,,,,,,,,,,,,,,,,,,,,,,,,,,,,,,,,,,,,,,,,,,,,,,,,,,,,,,,,,,,,,,,,,,,,,,,,,,,,,,,,,,,,,,,,,,,,,,,,,,,,,,,,,,,,,,,,,,,,,,,,,,,,,,,,,,,,,,,,,,,,,,,,,,,,,,,,,,,,,,,,,,,,,,,,,,,,,,,,,,,,,,,,,,,,,,,,,,,,,,,,,,,,,,,,,,,,,,,,,,,,,,,,,,,,,,,,,,,,,,,,,,,,,,,,,,,,,,,,,,,,,,,,,,,,,,,,,,,,,,,,,,,,,,,,,,,,,,,,,,,,,,,,,,,,,,,,,,,,,,,,,,,,,,,,,,,,,,,,,,,,,,,,,,,
Q16,3,18,1,0.31,,customer_address,6457,0,never_instantiated,0,,,,,0,0,,date_dim,61,0,never_instantiated,0,,,,,0,0,catalog_sales,call_center,6,0,never_instantiated,0,,,,,0,0,,,47574,0,never_instantiated,0,,,,,0,0,catalog_sales,,31787,0,never_instantiated,0,,,,,0,0,,,47523,0,never_instantiated,0,,,,,0,0,catalog_returns,,12150,0,never_instantiated,0,,,,,0,0,,,,,,,,,,,,,,,,,,,,,,,,,,,,,,,,,,,,,,,,,,,,,,,,,,,,,,,,,,,,,,,,,,,,,,,,,,,,,,,,,,,,,,,,,,,,,,,,,,,,,,,,,,,,,,,,,,,,,,,,,,,,,,,,,,,,,,,,,,,,,,,,,,,,,,,,,,,,,,,,,,,,,,,,,,,,,,,,,,,,,,,,,,,,,,,,,,,,,,,,,,,,,,,,,,,,,,,,,,,,,,,,,,,,,,,,,,,,,,,,,,,,,,,,,,,,,,,,,,,,,,,,,,,,,,,,,,,,,,,,,,,,,,,,,,,,,,,,,,,,,,,,,,,,,,,,,,,,,,,,,,,,,,,,,,,,,,,,,,,,,,,,,,,,,,,,,,,,,,,,,,,,,,,,,,,,,,,,,,,,,,,,
Q17,3,14,1,2.26,,date_dim,274,0,never_instantiated,0,,,,,0,0,catalog_sales,,115966,0,never_instantiated,0,,,,,0,0,,date_dim,91,0,never_instantiated,0,,,,,0,0,,item,28000,0,never_instantiated,0,,,,,0,0,,date_dim,274,0,never_instantiated,0,,,,,0,0,,store,44,0,never_instantiated,0,,,,,0,0,store_sales,store_returns,795308,1,active,1105980,,,,,52860,10583,,,,,,,,,,,,,,,,,,,,,,,,,,,,,,,,,,,,,,,,,,,,,,,,,,,,,,,,,,,,,,,,,,,,,,,,,,,,,,,,,,,,,,,,,,,,,,,,,,,,,,,,,,,,,,,,,,,,,,,,,,,,,,,,,,,,,,,,,,,,,,,,,,,,,,,,,,,,,,,,,,,,,,,,,,,,,,,,,,,,,,,,,,,,,,,,,,,,,,,,,,,,,,,,,,,,,,,,,,,,,,,,,,,,,,,,,,,,,,,,,,,,,,,,,,,,,,,,,,,,,,,,,,,,,,,,,,,,,,,,,,,,,,,,,,,,,,,,,,,,,,,,,,,,,,,,,,,,,,,,,,,,,,,,,,,,,,,,,,,,,,,,,,,,,,,,,,,,,,,,,,,,,,,,,,,,,,,,,,,,,,,,
Q18,3,5,1,0.82,,,26909,0,never_instantiated,0,,,,,0,0,customer_address,,7,0,never_instantiated,0,,,,,0,0,item,,26909,0,never_instantiated,0,,,,,0,0,customer_demographics,,26909,0,never_instantiated,0,,,,,0,0,,date_dim,365,0,never_instantiated,0,,,,,0,0,,,18622,0,never_instantiated,0,,,,,0,0,catalog_sales,customer_demographics,137200,0,never_instantiated,0,,,,,0,0,customer,,6,0,never_instantiated,0,,,,,0,0,,,,,,,,,,,,,,,,,,,,,,,,,,,,,,,,,,,,,,,,,,,,,,,,,,,,,,,,,,,,,,,,,,,,,,,,,,,,,,,,,,,,,,,,,,,,,,,,,,,,,,,,,,,,,,,,,,,,,,,,,,,,,,,,,,,,,,,,,,,,,,,,,,,,,,,,,,,,,,,,,,,,,,,,,,,,,,,,,,,,,,,,,,,,,,,,,,,,,,,,,,,,,,,,,,,,,,,,,,,,,,,,,,,,,,,,,,,,,,,,,,,,,,,,,,,,,,,,,,,,,,,,,,,,,,,,,,,,,,,,,,,,,,,,,,,,,,,,,,,,,,,,,,,,,,,,,,,,,,,,,,,,,,,,,,,,,,,,,,,,,,,,,,,,,,,,,,,,,,,,,,,,,,,,,,,,
Q19,3,9,1,1.54,customer_address,,30670,0,never_instantiated,0,,,,,0,0,,item,504,0,never_instantiated,0,,,,,0,0,,customer,266000,0,never_instantiated,0,,,,,0,0,,store,44,0,never_instantiated,0,,,,,0,0,store_sales,date_dim,30,0,never_instantiated,0,,,,,0,0,,,,,,,,,,,,,,,,,,,,,,,,,,,,,,,,,,,,,,,,,,,,,,,,,,,,,,,,,,,,,,,,,,,,,,,,,,,,,,,,,,,,,,,,,,,,,,,,,,,,,,,,,,,,,,,,,,,,,,,,,,,,,,,,,,,,,,,,,,,,,,,,,,,,,,,,,,,,,,,,,,,,,,,,,,,,,,,,,,,,,,,,,,,,,,,,,,,,,,,,,,,,,,,,,,,,,,,,,,,,,,,,,,,,,,,,,,,,,,,,,,,,,,,,,,,,,,,,,,,,,,,,,,,,,,,,,,,,,,,,,,,,,,,,,,,,,,,,,,,,,,,,,,,,,,,,,,,,,,,,,,,,,,,,,,,,,,,,,,,,,,,,,,,,,,,,,,,,,,,,,,,,,,,,,,,,,,,,,,,,,,,,,,,,,,,,,,,,,,,,,,,,,,,,
Q20,3,10,1,0.21,,date_dim,31,0,never_instantiated,0,,,,,0,0,catalog_sales,item,8331,0,never_instantiated,0,,,,,0,0,,,,,,,,,,,,,,,,,,,,,,,,,,,,,,,,,,,,,,,,,,,,,,,,,,,,,,,,,,,,,,,,,,,,,,,,,,,,,,,,,,,,,,,,,,,,,,,,,,,,,,,,,,,,,,,,,,,,,,,,,,,,,,,,,,,,,,,,,,,,,,,,,,,,,,,,,,,,,,,,,,,,,,,,,,,,,,,,,,,,,,,,,,,,,,,,,,,,,,,,,,,,,,,,,,,,,,,,,,,,,,,,,,,,,,,,,,,,,,,,,,,,,,,,,,,,,,,,,,,,,,,,,,,,,,,,,,,,,,,,,,,,,,,,,,,,,,,,,,,,,,,,,,,,,,,,,,,,,,,,,,,,,,,,,,,,,,,,,,,,,,,,,,,,,,,,,,,,,,,,,,,,,,,,,,,,,,,,,,,,,,,,,,,,,,,,,,,,,,,,,,,,,,,,,,,,,,,,,,,,,,,,,,,,,,,,,,,,,,,,,,,,
Q21,3,10,1,0.11,,date_dim,61,0,never_instantiated,0,,,,,0,0,,warehouse,5,0,never_instantiated,0,,,,,0,0,inventory,item,1770,0,never_instantiated,0,,,,,0,0,,,,,,,,,,,,,,,,,,,,,,,,,,,,,,,,,,,,,,,,,,,,,,,,,,,,,,,,,,,,,,,,,,,,,,,,,,,,,,,,,,,,,,,,,,,,,,,,,,,,,,,,,,,,,,,,,,,,,,,,,,,,,,,,,,,,,,,,,,,,,,,,,,,,,,,,,,,,,,,,,,,,,,,,,,,,,,,,,,,,,,,,,,,,,,,,,,,,,,,,,,,,,,,,,,,,,,,,,,,,,,,,,,,,,,,,,,,,,,,,,,,,,,,,,,,,,,,,,,,,,,,,,,,,,,,,,,,,,,,,,,,,,,,,,,,,,,,,,,,,,,,,,,,,,,,,,,,,,,,,,,,,,,,,,,,,,,,,,,,,,,,,,,,,,,,,,,,,,,,,,,,,,,,,,,,,,,,,,,,,,,,,,,,,,,,,,,,,,,,,,,,,,,,,,,,,,,,,,,,,,,,,,,,,,,,,
Q22,3,10,1,1.64,,item,28000,0,never_instantiated,0,,,,,0,0,inventory,date_dim,366,0,never_instantiated,0,,,,,0,0,,,,,,,,,,,,,,,,,,,,,,,,,,,,,,,,,,,,,,,,,,,,,,,,,,,,,,,,,,,,,,,,,,,,,,,,,,,,,,,,,,,,,,,,,,,,,,,,,,,,,,,,,,,,,,,,,,,,,,,,,,,,,,,,,,,,,,,,,,,,,,,,,,,,,,,,,,,,,,,,,,,,,,,,,,,,,,,,,,,,,,,,,,,,,,,,,,,,,,,,,,,,,,,,,,,,,,,,,,,,,,,,,,,,,,,,,,,,,,,,,,,,,,,,,,,,,,,,,,,,,,,,,,,,,,,,,,,,,,,,,,,,,,,,,,,,,,,,,,,,,,,,,,,,,,,,,,,,,,,,,,,,,,,,,,,,,,,,,,,,,,,,,,,,,,,,,,,,,,,,,,,,,,,,,,,,,,,,,,,,,,,,,,,,,,,,,,,,,,,,,,,,,,,,,,,,,,,,,,,,,,,,,,,,,,,,,,,,,,,,,,,,
Q23,3,4,1,24.67,,item,28000,0,never_instantiated,0,,,,,0,0,store_sales,date_dim,1098,0,never_instantiated,0,,,,,0,0,store_sales,customer,266000,0,never_instantiated,0,,,,,0,0,,date_dim,1098,0,never_instantiated,0,,,,,0,0,store_sales,customer,266000,0,never_instantiated,0,,,,,0,0,,,150353,0,never_instantiated,0,,,,,0,0,,,261594,0,never_instantiated,0,,,,,0,0,,date_dim,29,0,never_instantiated,0,,,,,0,0,catalog_sales,customer,266000,0,never_instantiated,0,,,,,0,0,,,150353,0,never_instantiated,0,,,,,0,0,,,130221,0,never_instantiated,0,,,,,0,0,,date_dim,29,0,never_instantiated,0,,,,,0,0,web_sales,customer,266000,0,never_instantiated,0,,,,,0,0,,,,,,,,,,,,,,,,,,,,,,,,,,,,,,,,,,,,,,,,,,,,,,,,,,,,,,,,,,,,,,,,,,,,,,,,,,,,,,,,,,,,,,,,,,,,,,,,,,,,,,,,,,,,,,,,,,,,,,,,,,,,,,,,,,,,,,,,,,,,,,,,,,,,,,,,,,,,,,,,,,,,,,,,,,,,,,,,,,,,,,,,,,,,,,,,,,,,,,,,,,,,,,,,,,,,,,,,,,,,,,,,,,,,,,,,,,,,,,,,,,,,,,,,,,,,,,,,,,,,,,,,,,,,,,,,,,,,,,,,,,,,,,,,,,,,,,,,,,,,,,,,,,,,,,,,
Q24,3,9,1,3.28,,customer_address,126970,0,never_instantiated,0,,,,,0,0,,store,3,0,never_instantiated,0,,,,,0,0,,customer,266000,0,never_instantiated,0,,,,,0,0,,store_returns,5756650,1,active,4665844,,,,,231573,10010,store_sales,item,28000,0,never_instantiated,0,,,,,0,0,,,,,,,,,,,,,,,,,,,,,,,,,,,,,,,,,,,,,,,,,,,,,,,,,,,,,,,,,,,,,,,,,,,,,,,,,,,,,,,,,,,,,,,,,,,,,,,,,,,,,,,,,,,,,,,,,,,,,,,,,,,,,,,,,,,,,,,,,,,,,,,,,,,,,,,,,,,,,,,,,,,,,,,,,,,,,,,,,,,,,,,,,,,,,,,,,,,,,,,,,,,,,,,,,,,,,,,,,,,,,,,,,,,,,,,,,,,,,,,,,,,,,,,,,,,,,,,,,,,,,,,,,,,,,,,,,,,,,,,,,,,,,,,,,,,,,,,,,,,,,,,,,,,,,,,,,,,,,,,,,,,,,,,,,,,,,,,,,,,,,,,,,,,,,,,,,,,,,,,,,,,,,,,,,,,,,,,,,,,,,,,,,,,,,,,,,,,,,,,,,,,,,,,,
Q25,3,7,1,2.16,,date_dim,214,0,never_instantiated,0,,,,,0,0,catalog_sales,,37763,0,never_instantiated,0,,,,,0,0,,store,44,0,never_instantiated,0,,,,,0,0,,date_dim,214,0,never_instantiated,0,,,,,0,0,,date_dim,30,0,never_instantiated,0,,,,,0,0,,store_returns,508378,1,active,503385,,,,,15029,7490,store_sales,item,18668,0,never_instantiated,0,,,,,0,0,,,,,,,,,,,,,,,,,,,,,,,,,,,,,,,,,,,,,,,,,,,,,,,,,,,,,,,,,,,,,,,,,,,,,,,,,,,,,,,,,,,,,,,,,,,,,,,,,,,,,,,,,,,,,,,,,,,,,,,,,,,,,,,,,,,,,,,,,,,,,,,,,,,,,,,,,,,,,,,,,,,,,,,,,,,,,,,,,,,,,,,,,,,,,,,,,,,,,,,,,,,,,,,,,,,,,,,,,,,,,,,,,,,,,,,,,,,,,,,,,,,,,,,,,,,,,,,,,,,,,,,,,,,,,,,,,,,,,,,,,,,,,,,,,,,,,,,,,,,,,,,,,,,,,,,,,,,,,,,,,,,,,,,,,,,,,,,,,,,,,,,,,,,,,,,,,,,,,,,,,,,,,,,,,,,,,,,,,,,,,,,,
Q26,3,0,1,0.52,item,,81950,0,never_instantiated,0,,,,,0,0,,date_dim,366,0,never_instantiated,0,,,,,0,0,,customer_demographics,27440,0,never_instantiated,0,,,,,0,0,catalog_sales,promotion,354,0,never_instantiated,0,,,,,0,0,,,,,,,,,,,,,,,,,,,,,,,,,,,,,,,,,,,,,,,,,,,,,,,,,,,,,,,,,,,,,,,,,,,,,,,,,,,,,,,,,,,,,,,,,,,,,,,,,,,,,,,,,,,,,,,,,,,,,,,,,,,,,,,,,,,,,,,,,,,,,,,,,,,,,,,,,,,,,,,,,,,,,,,,,,,,,,,,,,,,,,,,,,,,,,,,,,,,,,,,,,,,,,,,,,,,,,,,,,,,,,,,,,,,,,,,,,,,,,,,,,,,,,,,,,,,,,,,,,,,,,,,,,,,,,,,,,,,,,,,,,,,,,,,,,,,,,,,,,,,,,,,,,,,,,,,,,,,,,,,,,,,,,,,,,,,,,,,,,,,,,,,,,,,,,,,,,,,,,,,,,,,,,,,,,,,,,,,,,,,,,,,,,,,,,,,,,,,,,,,,,,,,,,,,,,,,,,,,,,,
Q27,3,2,1,5.23,item,,142158,0,never_instantiated,0,,,,,0,0,customer_demographics,,152909,0,never_instantiated,0,,,,,0,0,,store,43,0,never_instantiated,0,,,,,0,0,store_sales,date_dim,365,0,never_instantiated,0,,,,,0,0,,store,43,0,never_instantiated,0,,,,,0,0,,date_dim,365,0,never_instantiated,0,,,,,0,0,,customer_demographics,27440,0,never_instantiated,0,,,,,0,0,store_sales,item,28000,0,never_instantiated,0,,,,,0,0,,date_dim,365,0,never_instantiated,0,,,,,0,0,,customer_demographics,27440,0,never_instantiated,0,,,,,0,0,,store,43,0,never_instantiated,0,,,,,0,0,store_sales,item,28000,0,never_instantiated,0,,,,,0,0,,,,,,,,,,,,,,,,,,,,,,,,,,,,,,,,,,,,,,,,,,,,,,,,,,,,,,,,,,,,,,,,,,,,,,,,,,,,,,,,,,,,,,,,,,,,,,,,,,,,,,,,,,,,,,,,,,,,,,,,,,,,,,,,,,,,,,,,,,,,,,,,,,,,,,,,,,,,,,,,,,,,,,,,,,,,,,,,,,,,,,,,,,,,,,,,,,,,,,,,,,,,,,,,,,,,,,,,,,,,,,,,,,,,,,,,,,,,,,,,,,,,,,,,,,,,,,,,,,,,,,,,,,,,,,,,,,,,,,,,,,,,,,,,,,,,,,,,,,,,,,,,,,,,,,,,,,,,,,,,,,,,
Q28,3,18,1,6.65,,,,,,,,,,,,,,,,,,,,,,,,,,,,,,,,,,,,,,,,,,,,,,,,,,,,,,,,,,,,,,,,,,,,,,,,,,,,,,,,,,,,,,,,,,,,,,,,,,,,,,,,,,,,,,,,,,,,,,,,,,,,,,,,,,,,,,,,,,,,,,,,,,,,,,,,,,,,,,,,,,,,,,,,,,,,,,,,,,,,,,,,,,,,,,,,,,,,,,,,,,,,,,,,,,,,,,,,,,,,,,,,,,,,,,,,,,,,,,,,,,,,,,,,,,,,,,,,,,,,,,,,,,,,,,,,,,,,,,,,,,,,,,,,,,,,,,,,,,,,,,,,,,,,,,,,,,,,,,,,,,,,,,,,,,,,,,,,,,,,,,,,,,,,,,,,,,,,,,,,,,,,,,,,,,,,,,,,,,,,,,,,,,,,,,,,,,,,,,,,,,,,,,,,,,,,,,,,,,,,,,,,,,,,,,,,,,,,,,,,,,,,,,,,,,,,,,,,,,,,,,,,,,,,
Q29,3,1,1,2.98,,item,28000,0,never_instantiated,0,,,,,0,0,,date_dim,122,0,never_instantiated,0,,,,,0,0,,store_returns,359380,1,active,3550,,,,,0,0,,store,44,0,never_instantiated,0,,,,,0,0,,date_dim,1096,0,never_instantiated,0,,,,,0,0,catalog_sales,,1155225,0,never_instantiated,0,,,,,0,0,store_sales,date_dim,30,0,never_instantiated,0,,,,,0,0,,,,,,,,,,,,,,,,,,,,,,,,,,,,,,,,,,,,,,,,,,,,,,,,,,,,,,,,,,,,,,,,,,,,,,,,,,,,,,,,,,,,,,,,,,,,,,,,,,,,,,,,,,,,,,,,,,,,,,,,,,,,,,,,,,,,,,,,,,,,,,,,,,,,,,,,,,,,,,,,,,,,,,,,,,,,,,,,,,,,,,,,,,,,,,,,,,,,,,,,,,,,,,,,,,,,,,,,,,,,,,,,,,,,,,,,,,,,,,,,,,,,,,,,,,,,,,,,,,,,,,,,,,,,,,,,,,,,,,,,,,,,,,,,,,,,,,,,,,,,,,,,,,,,,,,,,,,,,,,,,,,,,,,,,,,,,,,,,,,,,,,,,,,,,,,,,,,,,,,,,,,,,,,,,,,,,,,,,,,,,,,,
Q30,3,10,1,0.41,,date_dim,365,0,never_instantiated,0,,,,,0,0,web_returns,customer_address,133000,0,never_instantiated,0,,,,,0,0,,,260478,0,never_instantiated,0,,,,,0,0,customer,customer_address,6457,0,never_instantiated,0,,,,,0,0,,,12883,0,never_instantiated,0,,,,,0,0,,,51,0,never_instantiated,0,,,,,0,0,,,,,,,,,,,,,,,,,,,,,,,,,,,,,,,,,,,,,,,,,,,,,,,,,,,,,,,,,,,,,,,,,,,,,,,,,,,,,,,,,,,,,,,,,,,,,,,,,,,,,,,,,,,,,,,,,,,,,,,,,,,,,,,,,,,,,,,,,,,,,,,,,,,,,,,,,,,,,,,,,,,,,,,,,,,,,,,,,,,,,,,,,,,,,,,,,,,,,,,,,,,,,,,,,,,,,,,,,,,,,,,,,,,,,,,,,,,,,,,,,,,,,,,,,,,,,,,,,,,,,,,,,,,,,,,,,,,,,,,,,,,,,,,,,,,,,,,,,,,,,,,,,,,,,,,,,,,,,,,,,,,,,,,,,,,,,,,,,,,,,,,,,,,,,,,,,,,,,,,,,,,,,,,,,,,,,,,,,,,,,,,,,,,,,,,,,,,,
Q31,3,9,1,2.77,,date_dim,274,0,never_instantiated,0,,,,,0,0,store_sales,customer_address,133000,0,never_instantiated,0,,,,,0,0,,customer_address,133000,0,never_instantiated,0,,,,,0,0,web_sales,date_dim,274,0,never_instantiated,0,,,,,0,0,,,1846,0,never_instantiated,0,,,,,0,0,,,1846,0,never_instantiated,0,,,,,0,0,,,1846,0,never_instantiated,0,,,,,0,0,,,1846,0,never_instantiated,0,,,,,0,0,,,1846,0,never_instantiated,0,,,,,0,0,,,,,,,,,,,,,,,,,,,,,,,,,,,,,,,,,,,,,,,,,,,,,,,,,,,,,,,,,,,,,,,,,,,,,,,,,,,,,,,,,,,,,,,,,,,,,,,,,,,,,,,,,,,,,,,,,,,,,,,,,,,,,,,,,,,,,,,,,,,,,,,,,,,,,,,,,,,,,,,,,,,,,,,,,,,,,,,,,,,,,,,,,,,,,,,,,,,,,,,,,,,,,,,,,,,,,,,,,,,,,,,,,,,,,,,,,,,,,,,,,,,,,,,,,,,,,,,,,,,,,,,,,,,,,,,,,,,,,,,,,,,,,,,,,,,,,,,,,,,,,,,,,,,,,,,,,,,,,,,,,,,,,,,,,,,,,,,,,,,,,,,,,,,,,,,,,,,,,,,,
Q32,3,10,1,0.11,,item,4,0,never_instantiated,0,,,,,0,0,catalog_sales,date_dim,91,0,never_instantiated,0,,,,,0,0,,,127,0,never_instantiated,0,,,,,0,0,,,2,0,never_instantiated,0,,,,,0,0,catalog_sales,date_dim,91,0,never_instantiated,0,,,,,0,0,,,,,,,,,,,,,,,,,,,,,,,,,,,,,,,,,,,,,,,,,,,,,,,,,,,,,,,,,,,,,,,,,,,,,,,,,,,,,,,,,,,,,,,,,,,,,,,,,,,,,,,,,,,,,,,,,,,,,,,,,,,,,,,,,,,,,,,,,,,,,,,,,,,,,,,,,,,,,,,,,,,,,,,,,,,,,,,,,,,,,,,,,,,,,,,,,,,,,,,,,,,,,,,,,,,,,,,,,,,,,,,,,,,,,,,,,,,,,,,,,,,,,,,,,,,,,,,,,,,,,,,,,,,,,,,,,,,,,,,,,,,,,,,,,,,,,,,,,,,,,,,,,,,,,,,,,,,,,,,,,,,,,,,,,,,,,,,,,,,,,,,,,,,,,,,,,,,,,,,,,,,,,,,,,,,,,,,,,,,,,,,,,,,,,,,,,,,,,,,,,,,,,,,,
Q33,3,10,1,1.75,,item,2796,0,never_instantiated,0,,,,,0,0,,customer_address,48344,0,never_instantiated,0,,,,,0,0,,item,26162,0,never_instantiated,0,,,,,0,0,store_sales,date_dim,31,0,never_instantiated,0,,,,,0,0,,item,2796,0,never_instantiated,0,,,,,0,0,,item,26162,0,never_instantiated,0,,,,,0,0,,date_dim,31,0,never_instantiated,0,,,,,0,0,catalog_sales,customer_address,48344,0,never_instantiated,0,,,,,0,0,,item,2796,0,never_instantiated,0,,,,,0,0,,customer_address,48344,0,never_instantiated,0,,,,,0,0,,item,26162,0,never_instantiated,0,,,,,0,0,web_sales,date_dim,31,0,never_instantiated,0,,,,,0,0,,,,,,,,,,,,,,,,,,,,,,,,,,,,,,,,,,,,,,,,,,,,,,,,,,,,,,,,,,,,,,,,,,,,,,,,,,,,,,,,,,,,,,,,,,,,,,,,,,,,,,,,,,,,,,,,,,,,,,,,,,,,,,,,,,,,,,,,,,,,,,,,,,,,,,,,,,,,,,,,,,,,,,,,,,,,,,,,,,,,,,,,,,,,,,,,,,,,,,,,,,,,,,,,,,,,,,,,,,,,,,,,,,,,,,,,,,,,,,,,,,,,,,,,,,,,,,,,,,,,,,,,,,,,,,,,,,,,,,,,,,,,,,,,,,,,,,,,,,,,,,,,,,,,,,,,,,,,,,,,,,,,
Q34,3,8,1,1.95,customer,,8910,0,never_instantiated,0,,,,,0,0,,store,43,0,never_instantiated,0,,,,,0,0,,date_dim,252,0,never_instantiated,0,,,,,0,0,store_sales,household_demographics,1040,0,never_instantiated,0,,,,,0,0,,,,,,,,,,,,,,,,,,,,,,,,,,,,,,,,,,,,,,,,,,,,,,,,,,,,,,,,,,,,,,,,,,,,,,,,,,,,,,,,,,,,,,,,,,,,,,,,,,,,,,,,,,,,,,,,,,,,,,,,,,,,,,,,,,,,,,,,,,,,,,,,,,,,,,,,,,,,,,,,,,,,,,,,,,,,,,,,,,,,,,,,,,,,,,,,,,,,,,,,,,,,,,,,,,,,,,,,,,,,,,,,,,,,,,,,,,,,,,,,,,,,,,,,,,,,,,,,,,,,,,,,,,,,,,,,,,,,,,,,,,,,,,,,,,,,,,,,,,,,,,,,,,,,,,,,,,,,,,,,,,,,,,,,,,,,,,,,,,,,,,,,,,,,,,,,,,,,,,,,,,,,,,,,,,,,,,,,,,,,,,,,,,,,,,,,,,,,,,,,,,,,,,,,,,,,,,,,,,,,
Q35,3,1,1,4.20,,customer_address,133000,0,never_instantiated,0,,,,,0,0,customer_demographics,customer,256823,0,never_instantiated,0,,,,,0,0,,,256823,0,never_instantiated,0,,,,,0,0,,,256823,0,never_instantiated,0,,,,,0,0,store_sales,date_dim,274,0,never_instantiated,0,,,,,0,0,,,1357635,0,never_instantiated,0,,,,,0,0,,,223022,0,never_instantiated,0,,,,,0,0,web_sales,date_dim,274,0,never_instantiated,0,,,,,0,0,,,2659348,0,never_instantiated,0,,,,,0,0,,,223022,0,never_instantiated,0,,,,,0,0,catalog_sales,date_dim,274,0,never_instantiated,0,,,,,0,0,,,,,,,,,,,,,,,,,,,,,,,,,,,,,,,,,,,,,,,,,,,,,,,,,,,,,,,,,,,,,,,,,,,,,,,,,,,,,,,,,,,,,,,,,,,,,,,,,,,,,,,,,,,,,,,,,,,,,,,,,,,,,,,,,,,,,,,,,,,,,,,,,,,,,,,,,,,,,,,,,,,,,,,,,,,,,,,,,,,,,,,,,,,,,,,,,,,,,,,,,,,,,,,,,,,,,,,,,,,,,,,,,,,,,,,,,,,,,,,,,,,,,,,,,,,,,,,,,,,,,,,,,,,,,,,,,,,,,,,,,,,,,,,,,,,,,,,,,,,,,,,,,,,,,,,,,,,,,,,,,,,,,,,,,,,,,,,,
Q36,3,1,1,4.92,,store,43,0,never_instantiated,0,,,,,0,0,,date_dim,365,0,never_instantiated,0,,,,,0,0,store_sales,item,28000,0,never_instantiated,0,,,,,0,0,,,,,,,,,,,,,,,,,,,,,,,,,,,,,,,,,,,,,,,,,,,,,,,,,,,,,,,,,,,,,,,,,,,,,,,,,,,,,,,,,,,,,,,,,,,,,,,,,,,,,,,,,,,,,,,,,,,,,,,,,,,,,,,,,,,,,,,,,,,,,,,,,,,,,,,,,,,,,,,,,,,,,,,,,,,,,,,,,,,,,,,,,,,,,,,,,,,,,,,,,,,,,,,,,,,,,,,,,,,,,,,,,,,,,,,,,,,,,,,,,,,,,,,,,,,,,,,,,,,,,,,,,,,,,,,,,,,,,,,,,,,,,,,,,,,,,,,,,,,,,,,,,,,,,,,,,,,,,,,,,,,,,,,,,,,,,,,,,,,,,,,,,,,,,,,,,,,,,,,,,,,,,,,,,,,,,,,,,,,,,,,,,,,,,,,,,,,,,,,,,,,,,,,,,,,,,,,,,,,,,,,,,,,,,,,,
Q37,3,10,1,0.31,,item,2,0,never_instantiated,0,,,,,0,0,,date_dim,61,0,never_instantiated,0,,,,,0,0,catalog_sales,inventory,19,0,never_instantiated,0,,,,,0,0,,,,,,,,,,,,,,,,,,,,,,,,,,,,,,,,,,,,,,,,,,,,,,,,,,,,,,,,,,,,,,,,,,,,,,,,,,,,,,,,,,,,,,,,,,,,,,,,,,,,,,,,,,,,,,,,,,,,,,,,,,,,,,,,,,,,,,,,,,,,,,,,,,,,,,,,,,,,,,,,,,,,,,,,,,,,,,,,,,,,,,,,,,,,,,,,,,,,,,,,,,,,,,,,,,,,,,,,,,,,,,,,,,,,,,,,,,,,,,,,,,,,,,,,,,,,,,,,,,,,,,,,,,,,,,,,,,,,,,,,,,,,,,,,,,,,,,,,,,,,,,,,,,,,,,,,,,,,,,,,,,,,,,,,,,,,,,,,,,,,,,,,,,,,,,,,,,,,,,,,,,,,,,,,,,,,,,,,,,,,,,,,,,,,,,,,,,,,,,,,,,,,,,,,,,,,,,,,,,,,,,,,,,,,,,,,
Q38,3,2,1,5.53,,,236113,0,never_instantiated,0,,,,,0,0,,,621690,0,never_instantiated,0,,,,,0,0,,date_dim,366,0,never_instantiated,0,,,,,0,0,store_sales,customer,266000,0,never_instantiated,0,,,,,0,0,,date_dim,366,0,never_instantiated,0,,,,,0,0,catalog_sales,customer,266000,0,never_instantiated,0,,,,,0,0,,customer,266000,0,never_instantiated,0,,,,,0,0,web_sales,date_dim,366,0,never_instantiated,0,,,,,0,0,,,,,,,,,,,,,,,,,,,,,,,,,,,,,,,,,,,,,,,,,,,,,,,,,,,,,,,,,,,,,,,,,,,,,,,,,,,,,,,,,,,,,,,,,,,,,,,,,,,,,,,,,,,,,,,,,,,,,,,,,,,,,,,,,,,,,,,,,,,,,,,,,,,,,,,,,,,,,,,,,,,,,,,,,,,,,,,,,,,,,,,,,,,,,,,,,,,,,,,,,,,,,,,,,,,,,,,,,,,,,,,,,,,,,,,,,,,,,,,,,,,,,,,,,,,,,,,,,,,,,,,,,,,,,,,,,,,,,,,,,,,,,,,,,,,,,,,,,,,,,,,,,,,,,,,,,,,,,,,,,,,,,,,,,,,,,,,,,,,,,,,,,,,,,,,,,,,,,,,,,,,,,,,,,,,,
Q39,3,10,1,0.21,,,4818,0,never_instantiated,0,,,,,0,0,,item,28000,0,never_instantiated,0,,,,,0,0,,date_dim,31,0,never_instantiated,0,,,,,0,0,inventory,warehouse,5,0,never_instantiated,0,,,,,0,0,,item,28000,0,never_instantiated,0,,,,,0,0,,date_dim,28,0,never_instantiated,0,,,,,0,0,inventory,warehouse,5,0,never_instantiated,0,,,,,0,0,,,,,,,,,,,,,,,,,,,,,,,,,,,,,,,,,,,,,,,,,,,,,,,,,,,,,,,,,,,,,,,,,,,,,,,,,,,,,,,,,,,,,,,,,,,,,,,,,,,,,,,,,,,,,,,,,,,,,,,,,,,,,,,,,,,,,,,,,,,,,,,,,,,,,,,,,,,,,,,,,,,,,,,,,,,,,,,,,,,,,,,,,,,,,,,,,,,,,,,,,,,,,,,,,,,,,,,,,,,,,,,,,,,,,,,,,,,,,,,,,,,,,,,,,,,,,,,,,,,,,,,,,,,,,,,,,,,,,,,,,,,,,,,,,,,,,,,,,,,,,,,,,,,,,,,,,,,,,,,,,,,,,,,,,,,,,,,,,,,,,,,,,,,,,,,,,,,,,,,,,,,,,,,,,,,,,,,,,,,,,,,,
Q40,3,10,1,0.41,,date_dim,61,0,never_instantiated,0,,,,,0,0,,warehouse,5,0,never_instantiated,0,,,,,0,0,,item,1770,0,never_instantiated,0,,,,,0,0,catalog_sales,catalog_returns,2880565,1,active,36080,,,,,0,0,,,,,,,,,,,,,,,,,,,,,,,,,,,,,,,,,,,,,,,,,,,,,,,,,,,,,,,,,,,,,,,,,,,,,,,,,,,,,,,,,,,,,,,,,,,,,,,,,,,,,,,,,,,,,,,,,,,,,,,,,,,,,,,,,,,,,,,,,,,,,,,,,,,,,,,,,,,,,,,,,,,,,,,,,,,,,,,,,,,,,,,,,,,,,,,,,,,,,,,,,,,,,,,,,,,,,,,,,,,,,,,,,,,,,,,,,,,,,,,,,,,,,,,,,,,,,,,,,,,,,,,,,,,,,,,,,,,,,,,,,,,,,,,,,,,,,,,,,,,,,,,,,,,,,,,,,,,,,,,,,,,,,,,,,,,,,,,,,,,,,,,,,,,,,,,,,,,,,,,,,,,,,,,,,,,,,,,,,,,,,,,,,,,,,,,,,,,,,,,,,,,,,,,,,,,,,,,,,,,,
Q41,3,10,1,0.11,,,81,0,never_instantiated,0,,,,,0,0,,,81,0,never_instantiated,0,,,,,0,0,item,,80,0,never_instantiated,0,,,,,0,0,,,,,,,,,,,,,,,,,,,,,,,,,,,,,,,,,,,,,,,,,,,,,,,,,,,,,,,,,,,,,,,,,,,,,,,,,,,,,,,,,,,,,,,,,,,,,,,,,,,,,,,,,,,,,,,,,,,,,,,,,,,,,,,,,,,,,,,,,,,,,,,,,,,,,,,,,,,,,,,,,,,,,,,,,,,,,,,,,,,,,,,,,,,,,,,,,,,,,,,,,,,,,,,,,,,,,,,,,,,,,,,,,,,,,,,,,,,,,,,,,,,,,,,,,,,,,,,,,,,,,,,,,,,,,,,,,,,,,,,,,,,,,,,,,,,,,,,,,,,,,,,,,,,,,,,,,,,,,,,,,,,,,,,,,,,,,,,,,,,,,,,,,,,,,,,,,,,,,,,,,,,,,,,,,,,,,,,,,,,,,,,,,,,,,,,,,,,,,,,,,,,,,,,,,,,,,,,,,,,,,,,,,,,,,,,,
Q42,3,14,1,1.03,,item,473,0,never_instantiated,0,,,,,0,0,store_sales,date_dim,30,0,never_instantiated,0,,,,,0,0,,,,,,,,,,,,,,,,,,,,,,,,,,,,,,,,,,,,,,,,,,,,,,,,,,,,,,,,,,,,,,,,,,,,,,,,,,,,,,,,,,,,,,,,,,,,,,,,,,,,,,,,,,,,,,,,,,,,,,,,,,,,,,,,,,,,,,,,,,,,,,,,,,,,,,,,,,,,,,,,,,,,,,,,,,,,,,,,,,,,,,,,,,,,,,,,,,,,,,,,,,,,,,,,,,,,,,,,,,,,,,,,,,,,,,,,,,,,,,,,,,,,,,,,,,,,,,,,,,,,,,,,,,,,,,,,,,,,,,,,,,,,,,,,,,,,,,,,,,,,,,,,,,,,,,,,,,,,,,,,,,,,,,,,,,,,,,,,,,,,,,,,,,,,,,,,,,,,,,,,,,,,,,,,,,,,,,,,,,,,,,,,,,,,,,,,,,,,,,,,,,,,,,,,,,,,,,,,,,,,,,,,,,,,,,,,,,,,,,,,,,,,
Q43,3,7,1,3.99,,date_dim,366,0,never_instantiated,0,,,,,0,0,store_sales,store,44,0,never_instantiated,0,,,,,0,0,,,,,,,,,,,,,,,,,,,,,,,,,,,,,,,,,,,,,,,,,,,,,,,,,,,,,,,,,,,,,,,,,,,,,,,,,,,,,,,,,,,,,,,,,,,,,,,,,,,,,,,,,,,,,,,,,,,,,,,,,,,,,,,,,,,,,,,,,,,,,,,,,,,,,,,,,,,,,,,,,,,,,,,,,,,,,,,,,,,,,,,,,,,,,,,,,,,,,,,,,,,,,,,,,,,,,,,,,,,,,,,,,,,,,,,,,,,,,,,,,,,,,,,,,,,,,,,,,,,,,,,,,,,,,,,,,,,,,,,,,,,,,,,,,,,,,,,,,,,,,,,,,,,,,,,,,,,,,,,,,,,,,,,,,,,,,,,,,,,,,,,,,,,,,,,,,,,,,,,,,,,,,,,,,,,,,,,,,,,,,,,,,,,,,,,,,,,,,,,,,,,,,,,,,,,,,,,,,,,,,,,,,,,,,,,,,,,,,,,,,,,,
Q44,3,1,1,10.53,,,10,0,never_instantiated,0,,,,,0,0,,,10,0,never_instantiated,0,,,,,0,0,,,,,,,,,,,,,,,,,,,,,,,,,,,,,,,,,,,,,,,,,,,,,,,,,,,,,,,,,,,,,,,,,,,,,,,,,,,,,,,,,,,,,,,,,,,,,,,,,,,,,,,,,,,,,,,,,,,,,,,,,,,,,,,,,,,,,,,,,,,,,,,,,,,,,,,,,,,,,,,,,,,,,,,,,,,,,,,,,,,,,,,,,,,,,,,,,,,,,,,,,,,,,,,,,,,,,,,,,,,,,,,,,,,,,,,,,,,,,,,,,,,,,,,,,,,,,,,,,,,,,,,,,,,,,,,,,,,,,,,,,,,,,,,,,,,,,,,,,,,,,,,,,,,,,,,,,,,,,,,,,,,,,,,,,,,,,,,,,,,,,,,,,,,,,,,,,,,,,,,,,,,,,,,,,,,,,,,,,,,,,,,,,,,,,,,,,,,,,,,,,,,,,,,,,,,,,,,,,,,,,,,,,,,,,,,,,,,,,,,,,,,,
Q45,3,5,1,0.62,,,9,0,never_instantiated,0,,,,,0,0,,,10,0,never_instantiated,0,,,,,0,0,customer_address,,418734,0,never_instantiated,0,,,,,0,0,customer,,418734,0,never_instantiated,0,,,,,0,0,,date_dim,91,0,never_instantiated,0,,,,,0,0,web_sales,item,28000,0,never_instantiated,0,,,,,0,0,item,,10,0,never_instantiated,0,,,,,0,0,,,,,,,,,,,,,,,,,,,,,,,,,,,,,,,,,,,,,,,,,,,,,,,,,,,,,,,,,,,,,,,,,,,,,,,,,,,,,,,,,,,,,,,,,,,,,,,,,,,,,,,,,,,,,,,,,,,,,,,,,,,,,,,,,,,,,,,,,,,,,,,,,,,,,,,,,,,,,,,,,,,,,,,,,,,,,,,,,,,,,,,,,,,,,,,,,,,,,,,,,,,,,,,,,,,,,,,,,,,,,,,,,,,,,,,,,,,,,,,,,,,,,,,,,,,,,,,,,,,,,,,,,,,,,,,,,,,,,,,,,,,,,,,,,,,,,,,,,,,,,,,,,,,,,,,,,,,,,,,,,,,,,,,,,,,,,,,,,,,,,,,,,,,,,,,,,,,,,,,,,,,,,,,,,,,,,,,,,,,,,,,,
Q46,3,2,1,3.38,,,140883,0,never_instantiated,0,,,,,0,0,customer,customer_address,133000,0,never_instantiated,0,,,,,0,0,,store,32,0,never_instantiated,0,,,,,0,0,,customer_address,133000,0,never_instantiated,0,,,,,0,0,,date_dim,314,0,never_instantiated,0,,,,,0,0,store_sales,household_demographics,1800,0,never_instantiated,0,,,,,0,0,,,,,,,,,,,,,,,,,,,,,,,,,,,,,,,,,,,,,,,,,,,,,,,,,,,,,,,,,,,,,,,,,,,,,,,,,,,,,,,,,,,,,,,,,,,,,,,,,,,,,,,,,,,,,,,,,,,,,,,,,,,,,,,,,,,,,,,,,,,,,,,,,,,,,,,,,,,,,,,,,,,,,,,,,,,,,,,,,,,,,,,,,,,,,,,,,,,,,,,,,,,,,,,,,,,,,,,,,,,,,,,,,,,,,,,,,,,,,,,,,,,,,,,,,,,,,,,,,,,,,,,,,,,,,,,,,,,,,,,,,,,,,,,,,,,,,,,,,,,,,,,,,,,,,,,,,,,,,,,,,,,,,,,,,,,,,,,,,,,,,,,,,,,,,,,,,,,,,,,,,,,,,,,,,,,,,,,,,,,,,,,,,,,,,,,,,,,,
Q47,3,0,1,7.37,,store,44,0,never_instantiated,0,,,,,0,0,,item,28000,0,never_instantiated,0,,,,,0,0,store_sales,date_dim,427,0,never_instantiated,0,,,,,0,0,,,119769,0,never_instantiated,0,,,,,0,0,,,119769,0,never_instantiated,0,,,,,0,0,,,,,,,,,,,,,,,,,,,,,,,,,,,,,,,,,,,,,,,,,,,,,,,,,,,,,,,,,,,,,,,,,,,,,,,,,,,,,,,,,,,,,,,,,,,,,,,,,,,,,,,,,,,,,,,,,,,,,,,,,,,,,,,,,,,,,,,,,,,,,,,,,,,,,,,,,,,,,,,,,,,,,,,,,,,,,,,,,,,,,,,,,,,,,,,,,,,,,,,,,,,,,,,,,,,,,,,,,,,,,,,,,,,,,,,,,,,,,,,,,,,,,,,,,,,,,,,,,,,,,,,,,,,,,,,,,,,,,,,,,,,,,,,,,,,,,,,,,,,,,,,,,,,,,,,,,,,,,,,,,,,,,,,,,,,,,,,,,,,,,,,,,,,,,,,,,,,,,,,,,,,,,,,,,,,,,,,,,,,,,,,,,,,,,,,,,,,,,,,,,,,,,,,,
Q48,3,1,1,4.82,,store,44,0,never_instantiated,0,,,,,0,0,,customer_address,128938,0,never_instantiated,0,,,,,0,0,,date_dim,366,0,never_instantiated,0,,,,,0,0,store_sales,customer_demographics,1920800,1,active,10590913,,,,,404188,9071,,,,,,,,,,,,,,,,,,,,,,,,,,,,,,,,,,,,,,,,,,,,,,,,,,,,,,,,,,,,,,,,,,,,,,,,,,,,,,,,,,,,,,,,,,,,,,,,,,,,,,,,,,,,,,,,,,,,,,,,,,,,,,,,,,,,,,,,,,,,,,,,,,,,,,,,,,,,,,,,,,,,,,,,,,,,,,,,,,,,,,,,,,,,,,,,,,,,,,,,,,,,,,,,,,,,,,,,,,,,,,,,,,,,,,,,,,,,,,,,,,,,,,,,,,,,,,,,,,,,,,,,,,,,,,,,,,,,,,,,,,,,,,,,,,,,,,,,,,,,,,,,,,,,,,,,,,,,,,,,,,,,,,,,,,,,,,,,,,,,,,,,,,,,,,,,,,,,,,,,,,,,,,,,,,,,,,,,,,,,,,,,,,,,,,,,,,,,,,,,,,,,,,,,,,,,,,,,,,,,
Q49,3,14,1,2.16,,date_dim,31,0,never_instantiated,0,,,,,0,0,web_sales,web_returns,11905,0,never_instantiated,0,,,,,0,0,,date_dim,31,0,never_instantiated,0,,,,,0,0,catalog_sales,catalog_returns,24713,0,never_instantiated,0,,,,,0,0,store_returns,,149300,0,never_instantiated,0,,,,,0,0,store_sales,date_dim,31,0,never_instantiated,0,,,,,0,0,,,,,,,,,,,,,,,,,,,,,,,,,,,,,,,,,,,,,,,,,,,,,,,,,,,,,,,,,,,,,,,,,,,,,,,,,,,,,,,,,,,,,,,,,,,,,,,,,,,,,,,,,,,,,,,,,,,,,,,,,,,,,,,,,,,,,,,,,,,,,,,,,,,,,,,,,,,,,,,,,,,,,,,,,,,,,,,,,,,,,,,,,,,,,,,,,,,,,,,,,,,,,,,,,,,,,,,,,,,,,,,,,,,,,,,,,,,,,,,,,,,,,,,,,,,,,,,,,,,,,,,,,,,,,,,,,,,,,,,,,,,,,,,,,,,,,,,,,,,,,,,,,,,,,,,,,,,,,,,,,,,,,,,,,,,,,,,,,,,,,,,,,,,,,,,,,,,,,,,,,,,,,,,,,,,,,,,,,,,,,,,,,,,,,,,,,,,,
Q50,3,7,1,4.61,,date_dim,1827,0,never_instantiated,0,,,,,0,0,,date_dim,31,0,never_instantiated,0,,,,,0,0,,store_returns,56987,0,never_instantiated,0,,,,,0,0,store_sales,store,44,0,never_instantiated,0,,,,,0,0,,,,,,,,,,,,,,,,,,,,,,,,,,,,,,,,,,,,,,,,,,,,,,,,,,,,,,,,,,,,,,,,,,,,,,,,,,,,,,,,,,,,,,,,,,,,,,,,,,,,,,,,,,,,,,,,,,,,,,,,,,,,,,,,,,,,,,,,,,,,,,,,,,,,,,,,,,,,,,,,,,,,,,,,,,,,,,,,,,,,,,,,,,,,,,,,,,,,,,,,,,,,,,,,,,,,,,,,,,,,,,,,,,,,,,,,,,,,,,,,,,,,,,,,,,,,,,,,,,,,,,,,,,,,,,,,,,,,,,,,,,,,,,,,,,,,,,,,,,,,,,,,,,,,,,,,,,,,,,,,,,,,,,,,,,,,,,,,,,,,,,,,,,,,,,,,,,,,,,,,,,,,,,,,,,,,,,,,,,,,,,,,,,,,,,,,,,,,,,,,,,,,,,,,,,,,,,,,,,,,
Q51,3,2,1,11.67,,,2078970,0,never_instantiated,0,,,,,0,0,store_sales,date_dim,366,0,never_instantiated,0,,,,,0,0,web_sales,date_dim,366,0,never_instantiated,0,,,,,0,0,,,,,,,,,,,,,,,,,,,,,,,,,,,,,,,,,,,,,,,,,,,,,,,,,,,,,,,,,,,,,,,,,,,,,,,,,,,,,,,,,,,,,,,,,,,,,,,,,,,,,,,,,,,,,,,,,,,,,,,,,,,,,,,,,,,,,,,,,,,,,,,,,,,,,,,,,,,,,,,,,,,,,,,,,,,,,,,,,,,,,,,,,,,,,,,,,,,,,,,,,,,,,,,,,,,,,,,,,,,,,,,,,,,,,,,,,,,,,,,,,,,,,,,,,,,,,,,,,,,,,,,,,,,,,,,,,,,,,,,,,,,,,,,,,,,,,,,,,,,,,,,,,,,,,,,,,,,,,,,,,,,,,,,,,,,,,,,,,,,,,,,,,,,,,,,,,,,,,,,,,,,,,,,,,,,,,,,,,,,,,,,,,,,,,,,,,,,,,,,,,,,,,,,,,,,,,,,,,,,,,,,,,,,,,,,,
Q52,3,13,1,1.03,,date_dim,30,0,never_instantiated,0,,,,,0,0,store_sales,item,473,0,never_instantiated,0,,,,,0,0,,,,,,,,,,,,,,,,,,,,,,,,,,,,,,,,,,,,,,,,,,,,,,,,,,,,,,,,,,,,,,,,,,,,,,,,,,,,,,,,,,,,,,,,,,,,,,,,,,,,,,,,,,,,,,,,,,,,,,,,,,,,,,,,,,,,,,,,,,,,,,,,,,,,,,,,,,,,,,,,,,,,,,,,,,,,,,,,,,,,,,,,,,,,,,,,,,,,,,,,,,,,,,,,,,,,,,,,,,,,,,,,,,,,,,,,,,,,,,,,,,,,,,,,,,,,,,,,,,,,,,,,,,,,,,,,,,,,,,,,,,,,,,,,,,,,,,,,,,,,,,,,,,,,,,,,,,,,,,,,,,,,,,,,,,,,,,,,,,,,,,,,,,,,,,,,,,,,,,,,,,,,,,,,,,,,,,,,,,,,,,,,,,,,,,,,,,,,,,,,,,,,,,,,,,,,,,,,,,,,,,,,,,,,,,,,,,,,,,,,,,,,
Q53,3,17,1,1.44,,item,1455,0,never_instantiated,0,,,,,0,0,,date_dim,366,0,never_instantiated,0,,,,,0,0,store_sales,store,44,0,never_instantiated,0,,,,,0,0,,,,,,,,,,,,,,,,,,,,,,,,,,,,,,,,,,,,,,,,,,,,,,,,,,,,,,,,,,,,,,,,,,,,,,,,,,,,,,,,,,,,,,,,,,,,,,,,,,,,,,,,,,,,,,,,,,,,,,,,,,,,,,,,,,,,,,,,,,,,,,,,,,,,,,,,,,,,,,,,,,,,,,,,,,,,,,,,,,,,,,,,,,,,,,,,,,,,,,,,,,,,,,,,,,,,,,,,,,,,,,,,,,,,,,,,,,,,,,,,,,,,,,,,,,,,,,,,,,,,,,,,,,,,,,,,,,,,,,,,,,,,,,,,,,,,,,,,,,,,,,,,,,,,,,,,,,,,,,,,,,,,,,,,,,,,,,,,,,,,,,,,,,,,,,,,,,,,,,,,,,,,,,,,,,,,,,,,,,,,,,,,,,,,,,,,,,,,,,,,,,,,,,,,,,,,,,,,,,,,,,,,,,,,,,,,
Q54,3,10,1,9999999,,,,,,,,,,,,,,,,,,,,,,,,,,,,,,,,,,,,,,,,,,,,,,,,,,,,,,,,,,,,,,,,,,,,,,,,,,,,,,,,,,,,,,,,,,,,,,,,,,,,,,,,,,,,,,,,,,,,,,,,,,,,,,,,,,,,,,,,,,,,,,,,,,,,,,,,,,,,,,,,,,,,,,,,,,,,,,,,,,,,,,,,,,,,,,,,,,,,,,,,,,,,,,,,,,,,,,,,,,,,,,,,,,,,,,,,,,,,,,,,,,,,,,,,,,,,,,,,,,,,,,,,,,,,,,,,,,,,,,,,,,,,,,,,,,,,,,,,,,,,,,,,,,,,,,,,,,,,,,,,,,,,,,,,,,,,,,,,,,,,,,,,,,,,,,,,,,,,,,,,,,,,,,,,,,,,,,,,,,,,,,,,,,,,,,,,,,,,,,,,,,,,,,,,,,,,,,,,,,,,,,,,,,,,,,,,,,,,,,,,,,,,,,,,,,,,,,,,,,,,,,,,,,,,
Q55,3,10,1,1.13,,item,511,0,never_instantiated,0,,,,,0,0,store_sales,date_dim,30,0,never_instantiated,0,,,,,0,0,,,,,,,,,,,,,,,,,,,,,,,,,,,,,,,,,,,,,,,,,,,,,,,,,,,,,,,,,,,,,,,,,,,,,,,,,,,,,,,,,,,,,,,,,,,,,,,,,,,,,,,,,,,,,,,,,,,,,,,,,,,,,,,,,,,,,,,,,,,,,,,,,,,,,,,,,,,,,,,,,,,,,,,,,,,,,,,,,,,,,,,,,,,,,,,,,,,,,,,,,,,,,,,,,,,,,,,,,,,,,,,,,,,,,,,,,,,,,,,,,,,,,,,,,,,,,,,,,,,,,,,,,,,,,,,,,,,,,,,,,,,,,,,,,,,,,,,,,,,,,,,,,,,,,,,,,,,,,,,,,,,,,,,,,,,,,,,,,,,,,,,,,,,,,,,,,,,,,,,,,,,,,,,,,,,,,,,,,,,,,,,,,,,,,,,,,,,,,,,,,,,,,,,,,,,,,,,,,,,,,,,,,,,,,,,,,,,,,,,,,,,,
Q56,3,10,1,1.64,,item,763,0,never_instantiated,0,,,,,0,0,,customer_address,48344,0,never_instantiated,0,,,,,0,0,,item,1753,0,never_instantiated,0,,,,,0,0,store_sales,date_dim,28,0,never_instantiated,0,,,,,0,0,,item,763,0,never_instantiated,0,,,,,0,0,item,,5032,0,never_instantiated,0,,,,,0,0,,date_dim,28,0,never_instantiated,0,,,,,0,0,catalog_sales,customer_address,48344,0,never_instantiated,0,,,,,0,0,,item,763,0,never_instantiated,0,,,,,0,0,,customer_address,48344,0,never_instantiated,0,,,,,0,0,,item,1753,0,never_instantiated,0,,,,,0,0,web_sales,date_dim,28,0,never_instantiated,0,,,,,0,0,,,,,,,,,,,,,,,,,,,,,,,,,,,,,,,,,,,,,,,,,,,,,,,,,,,,,,,,,,,,,,,,,,,,,,,,,,,,,,,,,,,,,,,,,,,,,,,,,,,,,,,,,,,,,,,,,,,,,,,,,,,,,,,,,,,,,,,,,,,,,,,,,,,,,,,,,,,,,,,,,,,,,,,,,,,,,,,,,,,,,,,,,,,,,,,,,,,,,,,,,,,,,,,,,,,,,,,,,,,,,,,,,,,,,,,,,,,,,,,,,,,,,,,,,,,,,,,,,,,,,,,,,,,,,,,,,,,,,,,,,,,,,,,,,,,,,,,,,,,,,,,,,,,,,,,,,,,,,,,,,,,,
Q57,3,19,1,1.95,,item,28000,0,never_instantiated,0,,,,,0,0,,date_dim,427,0,never_instantiated,0,,,,,0,0,catalog_sales,call_center,6,0,never_instantiated,0,,,,,0,0,,,35962,0,never_instantiated,0,,,,,0,0,,,35962,0,never_instantiated,0,,,,,0,0,,,,,,,,,,,,,,,,,,,,,,,,,,,,,,,,,,,,,,,,,,,,,,,,,,,,,,,,,,,,,,,,,,,,,,,,,,,,,,,,,,,,,,,,,,,,,,,,,,,,,,,,,,,,,,,,,,,,,,,,,,,,,,,,,,,,,,,,,,,,,,,,,,,,,,,,,,,,,,,,,,,,,,,,,,,,,,,,,,,,,,,,,,,,,,,,,,,,,,,,,,,,,,,,,,,,,,,,,,,,,,,,,,,,,,,,,,,,,,,,,,,,,,,,,,,,,,,,,,,,,,,,,,,,,,,,,,,,,,,,,,,,,,,,,,,,,,,,,,,,,,,,,,,,,,,,,,,,,,,,,,,,,,,,,,,,,,,,,,,,,,,,,,,,,,,,,,,,,,,,,,,,,,,,,,,,,,,,,,,,,,,,,,,,,,,,,,,,,,,,,,,,,,,,
Q58,3,8,1,6.55,,,13990,0,never_instantiated,0,,,,,0,0,,,14001,0,never_instantiated,0,,,,,0,0,,,7,0,never_instantiated,0,,,,,0,0,,item,28000,0,never_instantiated,0,,,,,0,0,store_sales,date_dim,1827,0,never_instantiated,0,,,,,0,0,date_dim,date_dim,1,0,never_instantiated,0,,,,,0,0,,,7,0,never_instantiated,0,,,,,0,0,,date_dim,1840,0,never_instantiated,0,,,,,0,0,catalog_sales,item,28000,0,never_instantiated,0,,,,,0,0,date_dim,date_dim,1,0,never_instantiated,0,,,,,0,0,,,7,0,never_instantiated,0,,,,,0,0,,date_dim,1827,0,never_instantiated,0,,,,,0,0,web_sales,item,28000,0,never_instantiated,0,,,,,0,0,date_dim,date_dim,1,0,never_instantiated,0,,,,,0,0,,,,,,,,,,,,,,,,,,,,,,,,,,,,,,,,,,,,,,,,,,,,,,,,,,,,,,,,,,,,,,,,,,,,,,,,,,,,,,,,,,,,,,,,,,,,,,,,,,,,,,,,,,,,,,,,,,,,,,,,,,,,,,,,,,,,,,,,,,,,,,,,,,,,,,,,,,,,,,,,,,,,,,,,,,,,,,,,,,,,,,,,,,,,,,,,,,,,,,,,,,,,,,,,,,,,,,,,,,,,,,,,,,,,,,,,,,,,,,,,,,,,,,,,,,,,,,,,,,,,,,,,,,,,,,,,,,,,,,,,,,,,,,,,,,,,,,,,,,,,
Q59,3,16,1,6.35,store_sales,date_dim,1827,0,never_instantiated,0,,,,,0,0,,,8395,0,never_instantiated,0,,,,,0,0,,,6026,0,never_instantiated,0,,,,,0,0,,,6026,0,never_instantiated,0,,,,,0,0,,,,,,,,,,,,,,,,,,,,,,,,,,,,,,,,,,,,,,,,,,,,,,,,,,,,,,,,,,,,,,,,,,,,,,,,,,,,,,,,,,,,,,,,,,,,,,,,,,,,,,,,,,,,,,,,,,,,,,,,,,,,,,,,,,,,,,,,,,,,,,,,,,,,,,,,,,,,,,,,,,,,,,,,,,,,,,,,,,,,,,,,,,,,,,,,,,,,,,,,,,,,,,,,,,,,,,,,,,,,,,,,,,,,,,,,,,,,,,,,,,,,,,,,,,,,,,,,,,,,,,,,,,,,,,,,,,,,,,,,,,,,,,,,,,,,,,,,,,,,,,,,,,,,,,,,,,,,,,,,,,,,,,,,,,,,,,,,,,,,,,,,,,,,,,,,,,,,,,,,,,,,,,,,,,,,,,,,,,,,,,,,,,,,,,,,,,,,,,,,,,,,,,,,,,,,,,,,,,,,
Q60,3,13,1,1.85,,item,2825,0,never_instantiated,0,,,,,0,0,,customer_address,48344,0,never_instantiated,0,,,,,0,0,,item,6039,0,never_instantiated,0,,,,,0,0,store_sales,date_dim,30,0,never_instantiated,0,,,,,0,0,,item,2825,0,never_instantiated,0,,,,,0,0,item,,42897,0,never_instantiated,0,,,,,0,0,,date_dim,30,0,never_instantiated,0,,,,,0,0,catalog_sales,customer_address,48344,0,never_instantiated,0,,,,,0,0,,item,2825,0,never_instantiated,0,,,,,0,0,,customer_address,48344,0,never_instantiated,0,,,,,0,0,,date_dim,30,0,never_instantiated,0,,,,,0,0,web_sales,item,6039,0,never_instantiated,0,,,,,0,0,,,,,,,,,,,,,,,,,,,,,,,,,,,,,,,,,,,,,,,,,,,,,,,,,,,,,,,,,,,,,,,,,,,,,,,,,,,,,,,,,,,,,,,,,,,,,,,,,,,,,,,,,,,,,,,,,,,,,,,,,,,,,,,,,,,,,,,,,,,,,,,,,,,,,,,,,,,,,,,,,,,,,,,,,,,,,,,,,,,,,,,,,,,,,,,,,,,,,,,,,,,,,,,,,,,,,,,,,,,,,,,,,,,,,,,,,,,,,,,,,,,,,,,,,,,,,,,,,,,,,,,,,,,,,,,,,,,,,,,,,,,,,,,,,,,,,,,,,,,,,,,,,,,,,,,,,,,,,,,,,,,,
Q61,3,9,1,2.67,customer_address,,85013,0,never_instantiated,0,,,,,0,0,customer,,85013,0,never_instantiated,0,,,,,0,0,,date_dim,30,0,never_instantiated,0,,,,,0,0,,store,44,0,never_instantiated,0,,,,,0,0,,promotion,180,0,never_instantiated,0,,,,,0,0,store_sales,item,2749,0,never_instantiated,0,,,,,0,0,customer_address,,169086,0,never_instantiated,0,,,,,0,0,,item,2749,0,never_instantiated,0,,,,,0,0,customer,,169808,0,never_instantiated,0,,,,,0,0,,store,44,0,never_instantiated,0,,,,,0,0,store_sales,date_dim,30,0,never_instantiated,0,,,,,0,0,,,,,,,,,,,,,,,,,,,,,,,,,,,,,,,,,,,,,,,,,,,,,,,,,,,,,,,,,,,,,,,,,,,,,,,,,,,,,,,,,,,,,,,,,,,,,,,,,,,,,,,,,,,,,,,,,,,,,,,,,,,,,,,,,,,,,,,,,,,,,,,,,,,,,,,,,,,,,,,,,,,,,,,,,,,,,,,,,,,,,,,,,,,,,,,,,,,,,,,,,,,,,,,,,,,,,,,,,,,,,,,,,,,,,,,,,,,,,,,,,,,,,,,,,,,,,,,,,,,,,,,,,,,,,,,,,,,,,,,,,,,,,,,,,,,,,,,,,,,,,,,,,,,,,,,,,,,,,,,,,,,,,,,,,,,,,,,,
Q62,3,11,1,1.44,,warehouse,5,0,never_instantiated,0,,,,,0,0,,date_dim,366,0,never_instantiated,0,,,,,0,0,,ship_mode,20,0,never_instantiated,0,,,,,0,0,web_sales,web_site,28,0,never_instantiated,0,,,,,0,0,,,,,,,,,,,,,,,,,,,,,,,,,,,,,,,,,,,,,,,,,,,,,,,,,,,,,,,,,,,,,,,,,,,,,,,,,,,,,,,,,,,,,,,,,,,,,,,,,,,,,,,,,,,,,,,,,,,,,,,,,,,,,,,,,,,,,,,,,,,,,,,,,,,,,,,,,,,,,,,,,,,,,,,,,,,,,,,,,,,,,,,,,,,,,,,,,,,,,,,,,,,,,,,,,,,,,,,,,,,,,,,,,,,,,,,,,,,,,,,,,,,,,,,,,,,,,,,,,,,,,,,,,,,,,,,,,,,,,,,,,,,,,,,,,,,,,,,,,,,,,,,,,,,,,,,,,,,,,,,,,,,,,,,,,,,,,,,,,,,,,,,,,,,,,,,,,,,,,,,,,,,,,,,,,,,,,,,,,,,,,,,,,,,,,,,,,,,,,,,,,,,,,,,,,,,,,,,,,,,,
Q63,3,16,1,1.44,,item,1455,0,never_instantiated,0,,,,,0,0,,store,44,0,never_instantiated,0,,,,,0,0,store_sales,date_dim,366,0,never_instantiated,0,,,,,0,0,,,,,,,,,,,,,,,,,,,,,,,,,,,,,,,,,,,,,,,,,,,,,,,,,,,,,,,,,,,,,,,,,,,,,,,,,,,,,,,,,,,,,,,,,,,,,,,,,,,,,,,,,,,,,,,,,,,,,,,,,,,,,,,,,,,,,,,,,,,,,,,,,,,,,,,,,,,,,,,,,,,,,,,,,,,,,,,,,,,,,,,,,,,,,,,,,,,,,,,,,,,,,,,,,,,,,,,,,,,,,,,,,,,,,,,,,,,,,,,,,,,,,,,,,,,,,,,,,,,,,,,,,,,,,,,,,,,,,,,,,,,,,,,,,,,,,,,,,,,,,,,,,,,,,,,,,,,,,,,,,,,,,,,,,,,,,,,,,,,,,,,,,,,,,,,,,,,,,,,,,,,,,,,,,,,,,,,,,,,,,,,,,,,,,,,,,,,,,,,,,,,,,,,,,,,,,,,,,,,,,,,,,,,,,,,,
Q64,3,14,1,7.89,,,28000,0,never_instantiated,0,,,,,0,0,store_returns,,5593,0,never_instantiated,0,,,,,0,0,,income_band,20,0,never_instantiated,0,,,,,0,0,,household_demographics,7200,0,never_instantiated,0,,,,,0,0,,income_band,20,0,never_instantiated,0,,,,,0,0,,household_demographics,7200,0,never_instantiated,0,,,,,0,0,,customer_demographics,1920788,1,active,7111,,,,,0,0,,date_dim,3651,0,never_instantiated,0,,,,,0,0,,date_dim,3651,0,never_instantiated,0,,,,,0,0,,customer_address,133000,0,never_instantiated,0,,,,,0,0,,,16,0,never_instantiated,0,,,,,0,0,,promotion,355,0,never_instantiated,0,,,,,0,0,,customer,266000,0,never_instantiated,0,,,,,0,0,,store,44,0,never_instantiated,0,,,,,0,0,,date_dim,731,0,never_instantiated,0,,,,,0,0,,customer_address,133000,0,never_instantiated,0,,,,,0,0,store_sales,customer_demographics,1920800,1,active,171120,,,,,0,0,item,,6,0,never_instantiated,0,,,,,0,0,catalog_sales,catalog_returns,2880565,1,frozen,28803579,20273148,THC-Full,,,917504,10152,,,154,0,never_instantiated,0,,,,,0,0,,,,,,,,,,,,,,,,,,,,,,,,,,,,,,,,,,,,,,,,,,,,,,,,,,,,,,,,,,,,,,,,,,,,,,,,,,,,,,,,,,,,,,,,,,,,,,,,,,,,,,,,,,,,,,,,,,,,,,,,,,,,,,,,,,,,,,,,,,,,,,,,,,,,,,,,,,,,,,,,,,,,,,,,,,,,,,,,,,,,,,,,,,,,,,,,,,,,,,,,,,,,,,,,,,,,,,,,,,,,,,,,,,,,
Q65,3,9,1,5.23,,,644000,0,never_instantiated,0,,,,,0,0,store_sales,date_dim,364,0,never_instantiated,0,,,,,0,0,,,23,0,never_instantiated,0,,,,,0,0,store_sales,date_dim,364,0,never_instantiated,0,,,,,0,0,,,,,,,,,,,,,,,,,,,,,,,,,,,,,,,,,,,,,,,,,,,,,,,,,,,,,,,,,,,,,,,,,,,,,,,,,,,,,,,,,,,,,,,,,,,,,,,,,,,,,,,,,,,,,,,,,,,,,,,,,,,,,,,,,,,,,,,,,,,,,,,,,,,,,,,,,,,,,,,,,,,,,,,,,,,,,,,,,,,,,,,,,,,,,,,,,,,,,,,,,,,,,,,,,,,,,,,,,,,,,,,,,,,,,,,,,,,,,,,,,,,,,,,,,,,,,,,,,,,,,,,,,,,,,,,,,,,,,,,,,,,,,,,,,,,,,,,,,,,,,,,,,,,,,,,,,,,,,,,,,,,,,,,,,,,,,,,,,,,,,,,,,,,,,,,,,,,,,,,,,,,,,,,,,,,,,,,,,,,,,,,,,,,,,,,,,,,,,,,,,,,,,,,,,,,,,,,,,,,,
Q66,3,9,1,0.93,,warehouse,5,0,never_instantiated,0,,,,,0,0,,time_dim,28801,0,never_instantiated,0,,,,,0,0,,date_dim,365,0,never_instantiated,0,,,,,0,0,web_sales,ship_mode,2,0,never_instantiated,0,,,,,0,0,,time_dim,28801,0,never_instantiated,0,,,,,0,0,,ship_mode,2,0,never_instantiated,0,,,,,0,0,,warehouse,5,0,never_instantiated,0,,,,,0,0,catalog_sales,date_dim,365,0,never_instantiated,0,,,,,0,0,,,,,,,,,,,,,,,,,,,,,,,,,,,,,,,,,,,,,,,,,,,,,,,,,,,,,,,,,,,,,,,,,,,,,,,,,,,,,,,,,,,,,,,,,,,,,,,,,,,,,,,,,,,,,,,,,,,,,,,,,,,,,,,,,,,,,,,,,,,,,,,,,,,,,,,,,,,,,,,,,,,,,,,,,,,,,,,,,,,,,,,,,,,,,,,,,,,,,,,,,,,,,,,,,,,,,,,,,,,,,,,,,,,,,,,,,,,,,,,,,,,,,,,,,,,,,,,,,,,,,,,,,,,,,,,,,,,,,,,,,,,,,,,,,,,,,,,,,,,,,,,,,,,,,,,,,,,,,,,,,,,,,,,,,,,,,,,,,,,,,,,,,,,,,,,,,,,,,,,,,,,,,,,,,,,,
Q67,3,8,1,25.31,,date_dim,366,0,never_instantiated,0,,,,,0,0,,item,28000,0,never_instantiated,0,,,,,0,0,store_sales,store,44,0,never_instantiated,0,,,,,0,0,,,,,,,,,,,,,,,,,,,,,,,,,,,,,,,,,,,,,,,,,,,,,,,,,,,,,,,,,,,,,,,,,,,,,,,,,,,,,,,,,,,,,,,,,,,,,,,,,,,,,,,,,,,,,,,,,,,,,,,,,,,,,,,,,,,,,,,,,,,,,,,,,,,,,,,,,,,,,,,,,,,,,,,,,,,,,,,,,,,,,,,,,,,,,,,,,,,,,,,,,,,,,,,,,,,,,,,,,,,,,,,,,,,,,,,,,,,,,,,,,,,,,,,,,,,,,,,,,,,,,,,,,,,,,,,,,,,,,,,,,,,,,,,,,,,,,,,,,,,,,,,,,,,,,,,,,,,,,,,,,,,,,,,,,,,,,,,,,,,,,,,,,,,,,,,,,,,,,,,,,,,,,,,,,,,,,,,,,,,,,,,,,,,,,,,,,,,,,,,,,,,,,,,,,,,,,,,,,,,,,,,,,,,,,,,,
Q68,3,3,1,3.28,,,257981,0,never_instantiated,0,,,,,0,0,,household_demographics,1800,0,never_instantiated,0,,,,,0,0,,store,32,0,never_instantiated,0,,,,,0,0,,date_dim,72,0,never_instantiated,0,,,,,0,0,store_sales,customer_address,133000,0,never_instantiated,0,,,,,0,0,customer,customer_address,133000,0,never_instantiated,0,,,,,0,0,,,,,,,,,,,,,,,,,,,,,,,,,,,,,,,,,,,,,,,,,,,,,,,,,,,,,,,,,,,,,,,,,,,,,,,,,,,,,,,,,,,,,,,,,,,,,,,,,,,,,,,,,,,,,,,,,,,,,,,,,,,,,,,,,,,,,,,,,,,,,,,,,,,,,,,,,,,,,,,,,,,,,,,,,,,,,,,,,,,,,,,,,,,,,,,,,,,,,,,,,,,,,,,,,,,,,,,,,,,,,,,,,,,,,,,,,,,,,,,,,,,,,,,,,,,,,,,,,,,,,,,,,,,,,,,,,,,,,,,,,,,,,,,,,,,,,,,,,,,,,,,,,,,,,,,,,,,,,,,,,,,,,,,,,,,,,,,,,,,,,,,,,,,,,,,,,,,,,,,,,,,,,,,,,,,,,,,,,,,,,,,,,,,,,,,,,,,,
Q69,3,10,1,2.26,customer_demographics,,24569,0,never_instantiated,0,,,,,0,0,customer,customer_address,12740,0,never_instantiated,0,,,,,0,0,,,24569,0,never_instantiated,0,,,,,0,0,,,24569,0,never_instantiated,0,,,,,0,0,store_sales,date_dim,91,0,never_instantiated,0,,,,,0,0,,,9959,0,never_instantiated,0,,,,,0,0,,,9959,0,never_instantiated,0,,,,,0,0,web_sales,date_dim,91,0,never_instantiated,0,,,,,0,0,,,8750,0,never_instantiated,0,,,,,0,0,,,8750,0,never_instantiated,0,,,,,0,0,catalog_sales,date_dim,91,0,never_instantiated,0,,,,,0,0,,,,,,,,,,,,,,,,,,,,,,,,,,,,,,,,,,,,,,,,,,,,,,,,,,,,,,,,,,,,,,,,,,,,,,,,,,,,,,,,,,,,,,,,,,,,,,,,,,,,,,,,,,,,,,,,,,,,,,,,,,,,,,,,,,,,,,,,,,,,,,,,,,,,,,,,,,,,,,,,,,,,,,,,,,,,,,,,,,,,,,,,,,,,,,,,,,,,,,,,,,,,,,,,,,,,,,,,,,,,,,,,,,,,,,,,,,,,,,,,,,,,,,,,,,,,,,,,,,,,,,,,,,,,,,,,,,,,,,,,,,,,,,,,,,,,,,,,,,,,,,,,,,,,,,,,,,,,,,,,,,,,,,,,,,,,,,,,
Q70,3,5,1,6.45,,,1,0,never_instantiated,0,,,,,0,0,,date_dim,366,0,never_instantiated,0,,,,,0,0,store_sales,store,44,0,never_instantiated,0,,,,,0,0,,date_dim,366,0,never_instantiated,0,,,,,0,0,store_sales,store,23,0,never_instantiated,0,,,,,0,0,,,,,,,,,,,,,,,,,,,,,,,,,,,,,,,,,,,,,,,,,,,,,,,,,,,,,,,,,,,,,,,,,,,,,,,,,,,,,,,,,,,,,,,,,,,,,,,,,,,,,,,,,,,,,,,,,,,,,,,,,,,,,,,,,,,,,,,,,,,,,,,,,,,,,,,,,,,,,,,,,,,,,,,,,,,,,,,,,,,,,,,,,,,,,,,,,,,,,,,,,,,,,,,,,,,,,,,,,,,,,,,,,,,,,,,,,,,,,,,,,,,,,,,,,,,,,,,,,,,,,,,,,,,,,,,,,,,,,,,,,,,,,,,,,,,,,,,,,,,,,,,,,,,,,,,,,,,,,,,,,,,,,,,,,,,,,,,,,,,,,,,,,,,,,,,,,,,,,,,,,,,,,,,,,,,,,,,,,,,,,,,,,,,,,,,,,,,,,,,,,,,,,,,,
Q71,3,13,1,2.46,time_dim,,53922,0,never_instantiated,0,,,,,0,0,,item,473,0,never_instantiated,0,,,,,0,0,web_sales,date_dim,30,0,never_instantiated,0,,,,,0,0,catalog_sales,date_dim,30,0,never_instantiated,0,,,,,0,0,store_sales,date_dim,30,0,never_instantiated,0,,,,,0,0,,,,,,,,,,,,,,,,,,,,,,,,,,,,,,,,,,,,,,,,,,,,,,,,,,,,,,,,,,,,,,,,,,,,,,,,,,,,,,,,,,,,,,,,,,,,,,,,,,,,,,,,,,,,,,,,,,,,,,,,,,,,,,,,,,,,,,,,,,,,,,,,,,,,,,,,,,,,,,,,,,,,,,,,,,,,,,,,,,,,,,,,,,,,,,,,,,,,,,,,,,,,,,,,,,,,,,,,,,,,,,,,,,,,,,,,,,,,,,,,,,,,,,,,,,,,,,,,,,,,,,,,,,,,,,,,,,,,,,,,,,,,,,,,,,,,,,,,,,,,,,,,,,,,,,,,,,,,,,,,,,,,,,,,,,,,,,,,,,,,,,,,,,,,,,,,,,,,,,,,,,,,,,,,,,,,,,,,,,,,,,,,,,,,,,,,,,,,,,,,,,,,,,,,
Q72,3,19,1,2.77,,catalog_returns,2880565,1,active,42976,,,,,0,0,,promotion,355,0,never_instantiated,0,,,,,0,0,,household_demographics,1200,0,never_instantiated,0,,,,,0,0,,warehouse,5,0,never_instantiated,0,,,,,0,0,,item,28000,0,never_instantiated,0,,,,,0,0,,date_dim,365,0,never_instantiated,0,,,,,0,0,,customer_demographics,384160,1,active,7808164,,,,,17176,406,,date_dim,1821,0,never_instantiated,0,,,,,0,0,,inventory,1750456,1,active,187183,,,,,0,0,catalog_sales,date_dim,1928,0,never_instantiated,0,,,,,0,0,,,,,,,,,,,,,,,,,,,,,,,,,,,,,,,,,,,,,,,,,,,,,,,,,,,,,,,,,,,,,,,,,,,,,,,,,,,,,,,,,,,,,,,,,,,,,,,,,,,,,,,,,,,,,,,,,,,,,,,,,,,,,,,,,,,,,,,,,,,,,,,,,,,,,,,,,,,,,,,,,,,,,,,,,,,,,,,,,,,,,,,,,,,,,,,,,,,,,,,,,,,,,,,,,,,,,,,,,,,,,,,,,,,,,,,,,,,,,,,,,,,,,,,,,,,,,,,,,,,,,,,,,,,,,,,,,,,,,,,,,,,,,,,,,,,,,,,,,,,,,,,,,,,,,,,,,,,,,,,,,,,,,,,,,,,,,,,,,,,,,,,,,,,,
Q73,3,16,1,1.74,customer,,81,0,never_instantiated,0,,,,,0,0,,date_dim,72,0,never_instantiated,0,,,,,0,0,,household_demographics,1040,0,never_instantiated,0,,,,,0,0,store_sales,store,43,0,never_instantiated,0,,,,,0,0,,,,,,,,,,,,,,,,,,,,,,,,,,,,,,,,,,,,,,,,,,,,,,,,,,,,,,,,,,,,,,,,,,,,,,,,,,,,,,,,,,,,,,,,,,,,,,,,,,,,,,,,,,,,,,,,,,,,,,,,,,,,,,,,,,,,,,,,,,,,,,,,,,,,,,,,,,,,,,,,,,,,,,,,,,,,,,,,,,,,,,,,,,,,,,,,,,,,,,,,,,,,,,,,,,,,,,,,,,,,,,,,,,,,,,,,,,,,,,,,,,,,,,,,,,,,,,,,,,,,,,,,,,,,,,,,,,,,,,,,,,,,,,,,,,,,,,,,,,,,,,,,,,,,,,,,,,,,,,,,,,,,,,,,,,,,,,,,,,,,,,,,,,,,,,,,,,,,,,,,,,,,,,,,,,,,,,,,,,,,,,,,,,,,,,,,,,,,,,,,,,,,,,,,,,,,,,,,,,,,
Q74,3,13,1,9.63,,,148861,0,never_instantiated,0,,,,,0,0,,date_dim,365,0,never_instantiated,0,,,,,0,0,web_sales,customer,266000,0,never_instantiated,0,,,,,0,0,,,157499,0,never_instantiated,0,,,,,0,0,,,258504,0,never_instantiated,0,,,,,0,0,,date_dim,365,0,never_instantiated,0,,,,,0,0,store_sales,customer,264132,0,never_instantiated,0,,,,,0,0,customer,,10690261,0,never_instantiated,0,,,,,0,0,store_sales,date_dim,365,0,never_instantiated,0,,,,,0,0,,date_dim,365,0,never_instantiated,0,,,,,0,0,web_sales,customer,157499,0,never_instantiated,0,,,,,0,0,,,,,,,,,,,,,,,,,,,,,,,,,,,,,,,,,,,,,,,,,,,,,,,,,,,,,,,,,,,,,,,,,,,,,,,,,,,,,,,,,,,,,,,,,,,,,,,,,,,,,,,,,,,,,,,,,,,,,,,,,,,,,,,,,,,,,,,,,,,,,,,,,,,,,,,,,,,,,,,,,,,,,,,,,,,,,,,,,,,,,,,,,,,,,,,,,,,,,,,,,,,,,,,,,,,,,,,,,,,,,,,,,,,,,,,,,,,,,,,,,,,,,,,,,,,,,,,,,,,,,,,,,,,,,,,,,,,,,,,,,,,,,,,,,,,,,,,,,,,,,,,,,,,,,,,,,,,,,,,,,,,,,,,,,,,,,,,,
Q75,3,17,1,6.15,catalog_returns,,1121987,0,never_instantiated,0,,,,,0,0,,item,2724,0,never_instantiated,0,,,,,0,0,catalog_sales,date_dim,730,0,never_instantiated,0,,,,,0,0,store_returns,,2157069,0,never_instantiated,0,,,,,0,0,,date_dim,730,0,never_instantiated,0,,,,,0,0,store_sales,item,2724,0,never_instantiated,0,,,,,0,0,web_returns,,565201,0,never_instantiated,0,,,,,0,0,,item,2724,0,never_instantiated,0,,,,,0,0,web_sales,date_dim,730,0,never_instantiated,0,,,,,0,0,,,1381,0,never_instantiated,0,,,,,0,0,,,,,,,,,,,,,,,,,,,,,,,,,,,,,,,,,,,,,,,,,,,,,,,,,,,,,,,,,,,,,,,,,,,,,,,,,,,,,,,,,,,,,,,,,,,,,,,,,,,,,,,,,,,,,,,,,,,,,,,,,,,,,,,,,,,,,,,,,,,,,,,,,,,,,,,,,,,,,,,,,,,,,,,,,,,,,,,,,,,,,,,,,,,,,,,,,,,,,,,,,,,,,,,,,,,,,,,,,,,,,,,,,,,,,,,,,,,,,,,,,,,,,,,,,,,,,,,,,,,,,,,,,,,,,,,,,,,,,,,,,,,,,,,,,,,,,,,,,,,,,,,,,,,,,,,,,,,,,,,,,,,,,,,,,,,,,,,,,,,,,,,,,,,,
Q76,3,6,1,3.38,,item,28000,0,never_instantiated,0,,,,,0,0,store_sales,date_dim,1827,0,never_instantiated,0,,,,,0,0,,item,28000,0,never_instantiated,0,,,,,0,0,web_sales,date_dim,1827,0,never_instantiated,0,,,,,0,0,,item,28000,0,never_instantiated,0,,,,,0,0,catalog_sales,date_dim,1840,0,never_instantiated,0,,,,,0,0,,,,,,,,,,,,,,,,,,,,,,,,,,,,,,,,,,,,,,,,,,,,,,,,,,,,,,,,,,,,,,,,,,,,,,,,,,,,,,,,,,,,,,,,,,,,,,,,,,,,,,,,,,,,,,,,,,,,,,,,,,,,,,,,,,,,,,,,,,,,,,,,,,,,,,,,,,,,,,,,,,,,,,,,,,,,,,,,,,,,,,,,,,,,,,,,,,,,,,,,,,,,,,,,,,,,,,,,,,,,,,,,,,,,,,,,,,,,,,,,,,,,,,,,,,,,,,,,,,,,,,,,,,,,,,,,,,,,,,,,,,,,,,,,,,,,,,,,,,,,,,,,,,,,,,,,,,,,,,,,,,,,,,,,,,,,,,,,,,,,,,,,,,,,,,,,,,,,,,,,,,,,,,,,,,,,,,,,,,,,,,,,,,,,,,,,,,,,
Q77,3,12,1,1.95,,,23,0,never_instantiated,0,,,,,0,0,,date_dim,31,0,never_instantiated,0,,,,,0,0,store_returns,store,23,0,never_instantiated,0,,,,,0,0,,store,44,0,never_instantiated,0,,,,,0,0,store_sales,date_dim,31,0,never_instantiated,0,,,,,0,0,catalog_sales,date_dim,31,0,never_instantiated,0,,,,,0,0,catalog_returns,date_dim,31,0,never_instantiated,0,,,,,0,0,,,132,0,never_instantiated,0,,,,,0,0,,date_dim,31,0,never_instantiated,0,,,,,0,0,web_returns,web_page,176,0,never_instantiated,0,,,,,0,0,,date_dim,31,0,never_instantiated,0,,,,,0,0,web_sales,web_page,264,0,never_instantiated,0,,,,,0,0,,,,,,,,,,,,,,,,,,,,,,,,,,,,,,,,,,,,,,,,,,,,,,,,,,,,,,,,,,,,,,,,,,,,,,,,,,,,,,,,,,,,,,,,,,,,,,,,,,,,,,,,,,,,,,,,,,,,,,,,,,,,,,,,,,,,,,,,,,,,,,,,,,,,,,,,,,,,,,,,,,,,,,,,,,,,,,,,,,,,,,,,,,,,,,,,,,,,,,,,,,,,,,,,,,,,,,,,,,,,,,,,,,,,,,,,,,,,,,,,,,,,,,,,,,,,,,,,,,,,,,,,,,,,,,,,,,,,,,,,,,,,,,,,,,,,,,,,,,,,,,,,,,,,,,,,,,,,,,,,,,,,
Q78,3,2,1,16.80,,,5138790,0,never_instantiated,0,,,,,0,0,,,2598758,0,never_instantiated,0,,,,,0,0,,date_dim,366,0,never_instantiated,0,,,,,0,0,store_sales,store_returns,5756650,1,active,11045425,,,,,548671,9769,,date_dim,366,0,never_instantiated,0,,,,,0,0,web_sales,web_returns,1439041,1,active,2889504,,,,,140980,10100,,date_dim,366,0,never_instantiated,0,,,,,0,0,catalog_sales,catalog_returns,2880565,1,active,5726786,,,,,284770,10278,,,,,,,,,,,,,,,,,,,,,,,,,,,,,,,,,,,,,,,,,,,,,,,,,,,,,,,,,,,,,,,,,,,,,,,,,,,,,,,,,,,,,,,,,,,,,,,,,,,,,,,,,,,,,,,,,,,,,,,,,,,,,,,,,,,,,,,,,,,,,,,,,,,,,,,,,,,,,,,,,,,,,,,,,,,,,,,,,,,,,,,,,,,,,,,,,,,,,,,,,,,,,,,,,,,,,,,,,,,,,,,,,,,,,,,,,,,,,,,,,,,,,,,,,,,,,,,,,,,,,,,,,,,,,,,,,,,,,,,,,,,,,,,,,,,,,,,,,,,,,,,,,,,,,,,,,,,,,,,,,,,,,,,,,,,,,,,,,,,,,,,,,,,,,,,,,,,,,,,,,,,,,,,,,,,,
Q79,3,1,1,3.18,,customer,266000,0,never_instantiated,0,,,,,0,0,,store,42,0,never_instantiated,0,,,,,0,0,,household_demographics,2880,0,never_instantiated,0,,,,,0,0,store_sales,date_dim,157,0,never_instantiated,0,,,,,0,0,,,,,,,,,,,,,,,,,,,,,,,,,,,,,,,,,,,,,,,,,,,,,,,,,,,,,,,,,,,,,,,,,,,,,,,,,,,,,,,,,,,,,,,,,,,,,,,,,,,,,,,,,,,,,,,,,,,,,,,,,,,,,,,,,,,,,,,,,,,,,,,,,,,,,,,,,,,,,,,,,,,,,,,,,,,,,,,,,,,,,,,,,,,,,,,,,,,,,,,,,,,,,,,,,,,,,,,,,,,,,,,,,,,,,,,,,,,,,,,,,,,,,,,,,,,,,,,,,,,,,,,,,,,,,,,,,,,,,,,,,,,,,,,,,,,,,,,,,,,,,,,,,,,,,,,,,,,,,,,,,,,,,,,,,,,,,,,,,,,,,,,,,,,,,,,,,,,,,,,,,,,,,,,,,,,,,,,,,,,,,,,,,,,,,,,,,,,,,,,,,,,,,,,,,,,,,,,,,,,,
Q80,3,12,1,3.28,,date_dim,31,0,never_instantiated,0,,,,,0,0,,item,1612,0,never_instantiated,0,,,,,0,0,,store,44,0,never_instantiated,0,,,,,0,0,,promotion,349,0,never_instantiated,0,,,,,0,0,store_sales,store_returns,5756650,1,active,67068,,,,,0,0,,date_dim,31,0,never_instantiated,0,,,,,0,0,,item,1612,0,never_instantiated,0,,,,,0,0,,catalog_page,9828,0,never_instantiated,0,,,,,0,0,,promotion,349,0,never_instantiated,0,,,,,0,0,catalog_sales,catalog_returns,2880565,1,active,36282,,,,,0,0,,date_dim,31,0,never_instantiated,0,,,,,0,0,,promotion,349,0,never_instantiated,0,,,,,0,0,,web_site,28,0,never_instantiated,0,,,,,0,0,,item,1612,0,never_instantiated,0,,,,,0,0,web_sales,web_returns,1439041,1,active,18285,,,,,0,0,,,,,,,,,,,,,,,,,,,,,,,,,,,,,,,,,,,,,,,,,,,,,,,,,,,,,,,,,,,,,,,,,,,,,,,,,,,,,,,,,,,,,,,,,,,,,,,,,,,,,,,,,,,,,,,,,,,,,,,,,,,,,,,,,,,,,,,,,,,,,,,,,,,,,,,,,,,,,,,,,,,,,,,,,,,,,,,,,,,,,,,,,,,,,,,,,,,,,,,,,,,,,,,,,,,,,,,,,,,,,,,,,,,,,,,,,,,,,,,,,,,,,,,,,,,,,,,,,,,,,,,,,,,,,,,,,,,,,,,,,,,,,,,,
Q81,3,10,1,0.52,,date_dim,366,0,never_instantiated,0,,,,,0,0,catalog_returns,customer_address,133000,0,never_instantiated,0,,,,,0,0,,,13049,0,never_instantiated,0,,,,,0,0,customer,customer_address,6457,0,never_instantiated,0,,,,,0,0,,,26829,0,never_instantiated,0,,,,,0,0,,,51,0,never_instantiated,0,,,,,0,0,,,,,,,,,,,,,,,,,,,,,,,,,,,,,,,,,,,,,,,,,,,,,,,,,,,,,,,,,,,,,,,,,,,,,,,,,,,,,,,,,,,,,,,,,,,,,,,,,,,,,,,,,,,,,,,,,,,,,,,,,,,,,,,,,,,,,,,,,,,,,,,,,,,,,,,,,,,,,,,,,,,,,,,,,,,,,,,,,,,,,,,,,,,,,,,,,,,,,,,,,,,,,,,,,,,,,,,,,,,,,,,,,,,,,,,,,,,,,,,,,,,,,,,,,,,,,,,,,,,,,,,,,,,,,,,,,,,,,,,,,,,,,,,,,,,,,,,,,,,,,,,,,,,,,,,,,,,,,,,,,,,,,,,,,,,,,,,,,,,,,,,,,,,,,,,,,,,,,,,,,,,,,,,,,,,,,,,,,,,,,,,,,,,,,,,,,,,,
Q82,3,15,1,1.13,,date_dim,61,0,never_instantiated,0,,,,,0,0,store_sales,,37,0,never_instantiated,0,,,,,0,0,inventory,item,6,0,never_instantiated,0,,,,,0,0,,,,,,,,,,,,,,,,,,,,,,,,,,,,,,,,,,,,,,,,,,,,,,,,,,,,,,,,,,,,,,,,,,,,,,,,,,,,,,,,,,,,,,,,,,,,,,,,,,,,,,,,,,,,,,,,,,,,,,,,,,,,,,,,,,,,,,,,,,,,,,,,,,,,,,,,,,,,,,,,,,,,,,,,,,,,,,,,,,,,,,,,,,,,,,,,,,,,,,,,,,,,,,,,,,,,,,,,,,,,,,,,,,,,,,,,,,,,,,,,,,,,,,,,,,,,,,,,,,,,,,,,,,,,,,,,,,,,,,,,,,,,,,,,,,,,,,,,,,,,,,,,,,,,,,,,,,,,,,,,,,,,,,,,,,,,,,,,,,,,,,,,,,,,,,,,,,,,,,,,,,,,,,,,,,,,,,,,,,,,,,,,,,,,,,,,,,,,,,,,,,,,,,,,,,,,,,,,,,,,,,,,,,,,,,,,
Q83,3,10,1,0.31,,,7376,0,never_instantiated,0,,,,,0,0,,,21,0,never_instantiated,0,,,,,0,0,,date_dim,21,0,never_instantiated,0,,,,,0,0,web_returns,item,9661,0,never_instantiated,0,,,,,0,0,date_dim,date_dim,3,0,never_instantiated,0,,,,,0,0,,,7376,0,never_instantiated,0,,,,,0,0,,,21,0,never_instantiated,0,,,,,0,0,,date_dim,21,0,never_instantiated,0,,,,,0,0,catalog_returns,item,8336,0,never_instantiated,0,,,,,0,0,date_dim,date_dim,3,0,never_instantiated,0,,,,,0,0,,,21,0,never_instantiated,0,,,,,0,0,,item,15141,0,never_instantiated,0,,,,,0,0,store_returns,date_dim,21,0,never_instantiated,0,,,,,0,0,date_dim,date_dim,3,0,never_instantiated,0,,,,,0,0,,,,,,,,,,,,,,,,,,,,,,,,,,,,,,,,,,,,,,,,,,,,,,,,,,,,,,,,,,,,,,,,,,,,,,,,,,,,,,,,,,,,,,,,,,,,,,,,,,,,,,,,,,,,,,,,,,,,,,,,,,,,,,,,,,,,,,,,,,,,,,,,,,,,,,,,,,,,,,,,,,,,,,,,,,,,,,,,,,,,,,,,,,,,,,,,,,,,,,,,,,,,,,,,,,,,,,,,,,,,,,,,,,,,,,,,,,,,,,,,,,,,,,,,,,,,,,,,,,,,,,,,,,,,,,,,,,,,,,,,,,,,,,,,,,,,,,,,,,,,
Q84,3,10,1,0.31,,customer_address,1209,0,never_instantiated,0,,,,,0,0,store_returns,,448,0,never_instantiated,0,,,,,0,0,,income_band,4,0,never_instantiated,0,,,,,0,0,customer_demographics,,448,0,never_instantiated,0,,,,,0,0,customer,household_demographics,1440,0,never_instantiated,0,,,,,0,0,,,,,,,,,,,,,,,,,,,,,,,,,,,,,,,,,,,,,,,,,,,,,,,,,,,,,,,,,,,,,,,,,,,,,,,,,,,,,,,,,,,,,,,,,,,,,,,,,,,,,,,,,,,,,,,,,,,,,,,,,,,,,,,,,,,,,,,,,,,,,,,,,,,,,,,,,,,,,,,,,,,,,,,,,,,,,,,,,,,,,,,,,,,,,,,,,,,,,,,,,,,,,,,,,,,,,,,,,,,,,,,,,,,,,,,,,,,,,,,,,,,,,,,,,,,,,,,,,,,,,,,,,,,,,,,,,,,,,,,,,,,,,,,,,,,,,,,,,,,,,,,,,,,,,,,,,,,,,,,,,,,,,,,,,,,,,,,,,,,,,,,,,,,,,,,,,,,,,,,,,,,,,,,,,,,,,,,,,,,,,,,,,,,,,,,,,,,,,,,,,,,,,,,,
Q85,3,11,1,1.75,customer_demographics,,31,0,never_instantiated,0,,,,,0,0,,date_dim,366,0,never_instantiated,0,,,,,0,0,,customer_address,128938,0,never_instantiated,0,,,,,0,0,,customer_demographics,1920799,1,active,270151,,,,,97442,97442,,reason,36,0,never_instantiated,0,,,,,0,0,,web_page,264,0,never_instantiated,0,,,,,0,0,web_sales,web_returns,1439041,1,active,2889119,,,,,140973,10100,,,,,,,,,,,,,,,,,,,,,,,,,,,,,,,,,,,,,,,,,,,,,,,,,,,,,,,,,,,,,,,,,,,,,,,,,,,,,,,,,,,,,,,,,,,,,,,,,,,,,,,,,,,,,,,,,,,,,,,,,,,,,,,,,,,,,,,,,,,,,,,,,,,,,,,,,,,,,,,,,,,,,,,,,,,,,,,,,,,,,,,,,,,,,,,,,,,,,,,,,,,,,,,,,,,,,,,,,,,,,,,,,,,,,,,,,,,,,,,,,,,,,,,,,,,,,,,,,,,,,,,,,,,,,,,,,,,,,,,,,,,,,,,,,,,,,,,,,,,,,,,,,,,,,,,,,,,,,,,,,,,,,,,,,,,,,,,,,,,,,,,,,,,,,,,,,,,,,,,,,,,,,,,,,,,,,,,,,,,,,,,,
Q86,3,10,1,1.03,,item,28000,0,never_instantiated,0,,,,,0,0,web_sales,date_dim,366,0,never_instantiated,0,,,,,0,0,,,,,,,,,,,,,,,,,,,,,,,,,,,,,,,,,,,,,,,,,,,,,,,,,,,,,,,,,,,,,,,,,,,,,,,,,,,,,,,,,,,,,,,,,,,,,,,,,,,,,,,,,,,,,,,,,,,,,,,,,,,,,,,,,,,,,,,,,,,,,,,,,,,,,,,,,,,,,,,,,,,,,,,,,,,,,,,,,,,,,,,,,,,,,,,,,,,,,,,,,,,,,,,,,,,,,,,,,,,,,,,,,,,,,,,,,,,,,,,,,,,,,,,,,,,,,,,,,,,,,,,,,,,,,,,,,,,,,,,,,,,,,,,,,,,,,,,,,,,,,,,,,,,,,,,,,,,,,,,,,,,,,,,,,,,,,,,,,,,,,,,,,,,,,,,,,,,,,,,,,,,,,,,,,,,,,,,,,,,,,,,,,,,,,,,,,,,,,,,,,,,,,,,,,,,,,,,,,,,,,,,,,,,,,,,,,,,,,,,,,,,,
Q87,3,14,1,5.84,,,236113,0,never_instantiated,0,,,,,0,0,,,621690,0,never_instantiated,0,,,,,0,0,,date_dim,366,0,never_instantiated,0,,,,,0,0,store_sales,customer,266000,0,never_instantiated,0,,,,,0,0,,date_dim,366,0,never_instantiated,0,,,,,0,0,catalog_sales,customer,266000,0,never_instantiated,0,,,,,0,0,,customer,266000,0,never_instantiated,0,,,,,0,0,web_sales,date_dim,366,0,never_instantiated,0,,,,,0,0,,,,,,,,,,,,,,,,,,,,,,,,,,,,,,,,,,,,,,,,,,,,,,,,,,,,,,,,,,,,,,,,,,,,,,,,,,,,,,,,,,,,,,,,,,,,,,,,,,,,,,,,,,,,,,,,,,,,,,,,,,,,,,,,,,,,,,,,,,,,,,,,,,,,,,,,,,,,,,,,,,,,,,,,,,,,,,,,,,,,,,,,,,,,,,,,,,,,,,,,,,,,,,,,,,,,,,,,,,,,,,,,,,,,,,,,,,,,,,,,,,,,,,,,,,,,,,,,,,,,,,,,,,,,,,,,,,,,,,,,,,,,,,,,,,,,,,,,,,,,,,,,,,,,,,,,,,,,,,,,,,,,,,,,,,,,,,,,,,,,,,,,,,,,,,,,,,,,,,,,,,,,,,,,,,,,
Q88,3,5,1,5.42,,time_dim,1800,0,never_instantiated,0,,,,,0,0,,store,6,0,never_instantiated,0,,,,,0,0,store_sales,household_demographics,1920,0,never_instantiated,0,,,,,0,0,,time_dim,1800,0,never_instantiated,0,,,,,0,0,,household_demographics,1920,0,never_instantiated,0,,,,,0,0,store_sales,store,6,0,never_instantiated,0,,,,,0,0,,time_dim,1800,0,never_instantiated,0,,,,,0,0,,household_demographics,1920,0,never_instantiated,0,,,,,0,0,store_sales,store,6,0,never_instantiated,0,,,,,0,0,,household_demographics,1920,0,never_instantiated,0,,,,,0,0,,time_dim,1800,0,never_instantiated,0,,,,,0,0,store_sales,store,6,0,never_instantiated,0,,,,,0,0,,store,6,0,never_instantiated,0,,,,,0,0,,time_dim,1800,0,never_instantiated,0,,,,,0,0,store_sales,household_demographics,1920,0,never_instantiated,0,,,,,0,0,,time_dim,1800,0,never_instantiated,0,,,,,0,0,,household_demographics,1920,0,never_instantiated,0,,,,,0,0,store_sales,store,6,0,never_instantiated,0,,,,,0,0,,household_demographics,1920,0,never_instantiated,0,,,,,0,0,,store,6,0,never_instantiated,0,,,,,0,0,store_sales,time_dim,1800,0,never_instantiated,0,,,,,0,0,,household_demographics,1920,0,never_instantiated,0,,,,,0,0,,time_dim,1800,0,never_instantiated,0,,,,,0,0,store_sales,store,6,0,never_instantiated,0,,,,,0,0,,,,,,,,,,,,,,,,,,,,,,,,,,,,,,,,,,,,,,,,,,,,,,,,,,,,,,,,,,,,,,,,,,,,,,,,,,,,,,,,,,,,,,,,,,,,,,,,,,,,,,,,,,,,,,,,,,,,,,,,,,,,,,,,,,,,,,,,,,,,,,,,,,,,,,,,,,,,,,,,,,,,,,,,,,,,,,,,,,,,
Q89,3,17,1,1.64,,item,2119,0,never_instantiated,0,,,,,0,0,,date_dim,365,0,never_instantiated,0,,,,,0,0,store_sales,store,44,0,never_instantiated,0,,,,,0,0,,,,,,,,,,,,,,,,,,,,,,,,,,,,,,,,,,,,,,,,,,,,,,,,,,,,,,,,,,,,,,,,,,,,,,,,,,,,,,,,,,,,,,,,,,,,,,,,,,,,,,,,,,,,,,,,,,,,,,,,,,,,,,,,,,,,,,,,,,,,,,,,,,,,,,,,,,,,,,,,,,,,,,,,,,,,,,,,,,,,,,,,,,,,,,,,,,,,,,,,,,,,,,,,,,,,,,,,,,,,,,,,,,,,,,,,,,,,,,,,,,,,,,,,,,,,,,,,,,,,,,,,,,,,,,,,,,,,,,,,,,,,,,,,,,,,,,,,,,,,,,,,,,,,,,,,,,,,,,,,,,,,,,,,,,,,,,,,,,,,,,,,,,,,,,,,,,,,,,,,,,,,,,,,,,,,,,,,,,,,,,,,,,,,,,,,,,,,,,,,,,,,,,,,,,,,,,,,,,,,,,,,,,,,,,,,
Q90,3,10,1,0.41,,household_demographics,720,0,never_instantiated,0,,,,,0,0,,web_page,3,0,never_instantiated,0,,,,,0,0,web_sales,time_dim,7200,0,never_instantiated,0,,,,,0,0,,web_page,3,0,never_instantiated,0,,,,,0,0,,time_dim,7200,0,never_instantiated,0,,,,,0,0,web_sales,household_demographics,720,0,never_instantiated,0,,,,,0,0,,,,,,,,,,,,,,,,,,,,,,,,,,,,,,,,,,,,,,,,,,,,,,,,,,,,,,,,,,,,,,,,,,,,,,,,,,,,,,,,,,,,,,,,,,,,,,,,,,,,,,,,,,,,,,,,,,,,,,,,,,,,,,,,,,,,,,,,,,,,,,,,,,,,,,,,,,,,,,,,,,,,,,,,,,,,,,,,,,,,,,,,,,,,,,,,,,,,,,,,,,,,,,,,,,,,,,,,,,,,,,,,,,,,,,,,,,,,,,,,,,,,,,,,,,,,,,,,,,,,,,,,,,,,,,,,,,,,,,,,,,,,,,,,,,,,,,,,,,,,,,,,,,,,,,,,,,,,,,,,,,,,,,,,,,,,,,,,,,,,,,,,,,,,,,,,,,,,,,,,,,,,,,,,,,,,,,,,,,,,,,,,,,,,,,,,,,,,
Q91,3,10,1,0.21,,date_dim,30,0,never_instantiated,0,,,,,0,0,,customer_address,14540,0,never_instantiated,0,,,,,0,0,,call_center,6,0,never_instantiated,0,,,,,0,0,customer_demographics,,39,0,never_instantiated,0,,,,,0,0,,household_demographics,1200,0,never_instantiated,0,,,,,0,0,catalog_returns,customer,255,0,never_instantiated,0,,,,,0,0,,,,,,,,,,,,,,,,,,,,,,,,,,,,,,,,,,,,,,,,,,,,,,,,,,,,,,,,,,,,,,,,,,,,,,,,,,,,,,,,,,,,,,,,,,,,,,,,,,,,,,,,,,,,,,,,,,,,,,,,,,,,,,,,,,,,,,,,,,,,,,,,,,,,,,,,,,,,,,,,,,,,,,,,,,,,,,,,,,,,,,,,,,,,,,,,,,,,,,,,,,,,,,,,,,,,,,,,,,,,,,,,,,,,,,,,,,,,,,,,,,,,,,,,,,,,,,,,,,,,,,,,,,,,,,,,,,,,,,,,,,,,,,,,,,,,,,,,,,,,,,,,,,,,,,,,,,,,,,,,,,,,,,,,,,,,,,,,,,,,,,,,,,,,,,,,,,,,,,,,,,,,,,,,,,,,,,,,,,,,,,,,,,,,,,,,,,,,
Q92,3,11,1,0.62,,date_dim,91,0,never_instantiated,0,,,,,0,0,web_sales,item,45,0,never_instantiated,0,,,,,0,0,,,629,0,never_instantiated,0,,,,,0,0,,,22,0,never_instantiated,0,,,,,0,0,web_sales,date_dim,91,0,never_instantiated,0,,,,,0,0,,,,,,,,,,,,,,,,,,,,,,,,,,,,,,,,,,,,,,,,,,,,,,,,,,,,,,,,,,,,,,,,,,,,,,,,,,,,,,,,,,,,,,,,,,,,,,,,,,,,,,,,,,,,,,,,,,,,,,,,,,,,,,,,,,,,,,,,,,,,,,,,,,,,,,,,,,,,,,,,,,,,,,,,,,,,,,,,,,,,,,,,,,,,,,,,,,,,,,,,,,,,,,,,,,,,,,,,,,,,,,,,,,,,,,,,,,,,,,,,,,,,,,,,,,,,,,,,,,,,,,,,,,,,,,,,,,,,,,,,,,,,,,,,,,,,,,,,,,,,,,,,,,,,,,,,,,,,,,,,,,,,,,,,,,,,,,,,,,,,,,,,,,,,,,,,,,,,,,,,,,,,,,,,,,,,,,,,,,,,,,,,,,,,,,,,,,,,,,,,,,,,,,,,
Q93,3,8,1,4.92,,reason,1,0,never_instantiated,0,,,,,0,0,store_sales,store_returns,154205,0,never_instantiated,0,,,,,0,0,,,,,,,,,,,,,,,,,,,,,,,,,,,,,,,,,,,,,,,,,,,,,,,,,,,,,,,,,,,,,,,,,,,,,,,,,,,,,,,,,,,,,,,,,,,,,,,,,,,,,,,,,,,,,,,,,,,,,,,,,,,,,,,,,,,,,,,,,,,,,,,,,,,,,,,,,,,,,,,,,,,,,,,,,,,,,,,,,,,,,,,,,,,,,,,,,,,,,,,,,,,,,,,,,,,,,,,,,,,,,,,,,,,,,,,,,,,,,,,,,,,,,,,,,,,,,,,,,,,,,,,,,,,,,,,,,,,,,,,,,,,,,,,,,,,,,,,,,,,,,,,,,,,,,,,,,,,,,,,,,,,,,,,,,,,,,,,,,,,,,,,,,,,,,,,,,,,,,,,,,,,,,,,,,,,,,,,,,,,,,,,,,,,,,,,,,,,,,,,,,,,,,,,,,,,,,,,,,,,,,,,,,,,,,,,,,,,,,,,,,,,,
Q94,3,10,1,0.82,,customer_address,4183,0,never_instantiated,0,,,,,0,0,,web_site,3,0,never_instantiated,0,,,,,0,0,web_sales,date_dim,61,0,never_instantiated,0,,,,,0,0,,,2543,0,never_instantiated,0,,,,,0,0,web_sales,,2387,0,never_instantiated,0,,,,,0,0,,,2542,0,never_instantiated,0,,,,,0,0,web_returns,,1860,0,never_instantiated,0,,,,,0,0,,,,,,,,,,,,,,,,,,,,,,,,,,,,,,,,,,,,,,,,,,,,,,,,,,,,,,,,,,,,,,,,,,,,,,,,,,,,,,,,,,,,,,,,,,,,,,,,,,,,,,,,,,,,,,,,,,,,,,,,,,,,,,,,,,,,,,,,,,,,,,,,,,,,,,,,,,,,,,,,,,,,,,,,,,,,,,,,,,,,,,,,,,,,,,,,,,,,,,,,,,,,,,,,,,,,,,,,,,,,,,,,,,,,,,,,,,,,,,,,,,,,,,,,,,,,,,,,,,,,,,,,,,,,,,,,,,,,,,,,,,,,,,,,,,,,,,,,,,,,,,,,,,,,,,,,,,,,,,,,,,,,,,,,,,,,,,,,,,,,,,,,,,,,,,,,,,,,,,,,,,,,,,,,,,,,,,,,,,,,,,,,
Q95,3,1,1,25.87,,,2543,0,never_instantiated,0,,,,,0,0,,web_returns,1439041,1,active,132996462,,,,,487861,726,web_sales,web_sales,14392527,1,active,14392527,,,,,590928,8344,,,2543,0,never_instantiated,0,,,,,0,0,web_sales,web_sales,14392527,1,active,14392527,,,,,590928,8344,,customer_address,4183,0,never_instantiated,0,,,,,0,0,,web_site,3,0,never_instantiated,0,,,,,0,0,web_sales,date_dim,61,0,never_instantiated,0,,,,,0,0,,,,,,,,,,,,,,,,,,,,,,,,,,,,,,,,,,,,,,,,,,,,,,,,,,,,,,,,,,,,,,,,,,,,,,,,,,,,,,,,,,,,,,,,,,,,,,,,,,,,,,,,,,,,,,,,,,,,,,,,,,,,,,,,,,,,,,,,,,,,,,,,,,,,,,,,,,,,,,,,,,,,,,,,,,,,,,,,,,,,,,,,,,,,,,,,,,,,,,,,,,,,,,,,,,,,,,,,,,,,,,,,,,,,,,,,,,,,,,,,,,,,,,,,,,,,,,,,,,,,,,,,,,,,,,,,,,,,,,,,,,,,,,,,,,,,,,,,,,,,,,,,,,,,,,,,,,,,,,,,,,,,,,,,,,,,,,,,,,,,,,,,,,,,,,,,,,,,,,,,,,,,,,,,,,,,
Q96,3,10,1,0.93,,household_demographics,720,0,never_instantiated,0,,,,,0,0,,time_dim,1800,0,never_instantiated,0,,,,,0,0,store_sales,store,6,0,never_instantiated,0,,,,,0,0,,,,,,,,,,,,,,,,,,,,,,,,,,,,,,,,,,,,,,,,,,,,,,,,,,,,,,,,,,,,,,,,,,,,,,,,,,,,,,,,,,,,,,,,,,,,,,,,,,,,,,,,,,,,,,,,,,,,,,,,,,,,,,,,,,,,,,,,,,,,,,,,,,,,,,,,,,,,,,,,,,,,,,,,,,,,,,,,,,,,,,,,,,,,,,,,,,,,,,,,,,,,,,,,,,,,,,,,,,,,,,,,,,,,,,,,,,,,,,,,,,,,,,,,,,,,,,,,,,,,,,,,,,,,,,,,,,,,,,,,,,,,,,,,,,,,,,,,,,,,,,,,,,,,,,,,,,,,,,,,,,,,,,,,,,,,,,,,,,,,,,,,,,,,,,,,,,,,,,,,,,,,,,,,,,,,,,,,,,,,,,,,,,,,,,,,,,,,,,,,,,,,,,,,,,,,,,,,,,,,,,,,,,,,,,,,
Q97,3,15,1,5.84,,,5717500,0,never_instantiated,0,,,,,0,0,store_sales,date_dim,366,0,never_instantiated,0,,,,,0,0,catalog_sales,date_dim,366,0,never_instantiated,0,,,,,0,0,,,,,,,,,,,,,,,,,,,,,,,,,,,,,,,,,,,,,,,,,,,,,,,,,,,,,,,,,,,,,,,,,,,,,,,,,,,,,,,,,,,,,,,,,,,,,,,,,,,,,,,,,,,,,,,,,,,,,,,,,,,,,,,,,,,,,,,,,,,,,,,,,,,,,,,,,,,,,,,,,,,,,,,,,,,,,,,,,,,,,,,,,,,,,,,,,,,,,,,,,,,,,,,,,,,,,,,,,,,,,,,,,,,,,,,,,,,,,,,,,,,,,,,,,,,,,,,,,,,,,,,,,,,,,,,,,,,,,,,,,,,,,,,,,,,,,,,,,,,,,,,,,,,,,,,,,,,,,,,,,,,,,,,,,,,,,,,,,,,,,,,,,,,,,,,,,,,,,,,,,,,,,,,,,,,,,,,,,,,,,,,,,,,,,,,,,,,,,,,,,,,,,,,,,,,,,,,,,,,,,,,,,,,,,,,,
Q98,3,10,1,1.13,,date_dim,31,0,never_instantiated,0,,,,,0,0,store_sales,item,8331,0,never_instantiated,0,,,,,0,0,,,,,,,,,,,,,,,,,,,,,,,,,,,,,,,,,,,,,,,,,,,,,,,,,,,,,,,,,,,,,,,,,,,,,,,,,,,,,,,,,,,,,,,,,,,,,,,,,,,,,,,,,,,,,,,,,,,,,,,,,,,,,,,,,,,,,,,,,,,,,,,,,,,,,,,,,,,,,,,,,,,,,,,,,,,,,,,,,,,,,,,,,,,,,,,,,,,,,,,,,,,,,,,,,,,,,,,,,,,,,,,,,,,,,,,,,,,,,,,,,,,,,,,,,,,,,,,,,,,,,,,,,,,,,,,,,,,,,,,,,,,,,,,,,,,,,,,,,,,,,,,,,,,,,,,,,,,,,,,,,,,,,,,,,,,,,,,,,,,,,,,,,,,,,,,,,,,,,,,,,,,,,,,,,,,,,,,,,,,,,,,,,,,,,,,,,,,,,,,,,,,,,,,,,,,,,,,,,,,,,,,,,,,,,,,,,,,,,,,,,,,,
Q99,3,8,1,1.44,,warehouse,5,0,never_instantiated,0,,,,,0,0,,date_dim,366,0,never_instantiated,0,,,,,0,0,,ship_mode,20,0,never_instantiated,0,,,,,0,0,catalog_sales,call_center,6,0,never_instantiated,0,,,,,0,0,,,,,,,,,,,,,,,,,,,,,,,,,,,,,,,,,,,,,,,,,,,,,,,,,,,,,,,,,,,,,,,,,,,,,,,,,,,,,,,,,,,,,,,,,,,,,,,,,,,,,,,,,,,,,,,,,,,,,,,,,,,,,,,,,,,,,,,,,,,,,,,,,,,,,,,,,,,,,,,,,,,,,,,,,,,,,,,,,,,,,,,,,,,,,,,,,,,,,,,,,,,,,,,,,,,,,,,,,,,,,,,,,,,,,,,,,,,,,,,,,,,,,,,,,,,,,,,,,,,,,,,,,,,,,,,,,,,,,,,,,,,,,,,,,,,,,,,,,,,,,,,,,,,,,,,,,,,,,,,,,,,,,,,,,,,,,,,,,,,,,,,,,,,,,,,,,,,,,,,,,,,,,,,,,,,,,,,,,,,,,,,,,,,,,,,,,,,,,,,,,,,,,,,,,,,,,,,,,,,,
Q01,4,5,1,1.54,store_returns,date_dim,366,0,never_instantiated,0,,,,,0,0,,,985362,0,never_instantiated,0,,,,,0,0,,,942796,0,never_instantiated,0,,,,,0,0,,,22,0,never_instantiated,0,,,,,0,0,,,,,,,,,,,,,,,,,,,,,,,,,,,,,,,,,,,,,,,,,,,,,,,,,,,,,,,,,,,,,,,,,,,,,,,,,,,,,,,,,,,,,,,,,,,,,,,,,,,,,,,,,,,,,,,,,,,,,,,,,,,,,,,,,,,,,,,,,,,,,,,,,,,,,,,,,,,,,,,,,,,,,,,,,,,,,,,,,,,,,,,,,,,,,,,,,,,,,,,,,,,,,,,,,,,,,,,,,,,,,,,,,,,,,,,,,,,,,,,,,,,,,,,,,,,,,,,,,,,,,,,,,,,,,,,,,,,,,,,,,,,,,,,,,,,,,,,,,,,,,,,,,,,,,,,,,,,,,,,,,,,,,,,,,,,,,,,,,,,,,,,,,,,,,,,,,,,,,,,,,,,,,,,,,,,,,,,,,,,,,,,,,,,,,,,,,,,,,,,,,,,,,,,,,,,,,,,,,,,,
Q02,4,6,1,3.59,,date_dim,1840,0,never_instantiated,0,,,,,0,0,,,365,0,never_instantiated,0,,,,,0,0,,date_dim,365,0,never_instantiated,0,,,,,0,0,,date_dim,365,0,never_instantiated,0,,,,,0,0,,,,,,,,,,,,,,,,,,,,,,,,,,,,,,,,,,,,,,,,,,,,,,,,,,,,,,,,,,,,,,,,,,,,,,,,,,,,,,,,,,,,,,,,,,,,,,,,,,,,,,,,,,,,,,,,,,,,,,,,,,,,,,,,,,,,,,,,,,,,,,,,,,,,,,,,,,,,,,,,,,,,,,,,,,,,,,,,,,,,,,,,,,,,,,,,,,,,,,,,,,,,,,,,,,,,,,,,,,,,,,,,,,,,,,,,,,,,,,,,,,,,,,,,,,,,,,,,,,,,,,,,,,,,,,,,,,,,,,,,,,,,,,,,,,,,,,,,,,,,,,,,,,,,,,,,,,,,,,,,,,,,,,,,,,,,,,,,,,,,,,,,,,,,,,,,,,,,,,,,,,,,,,,,,,,,,,,,,,,,,,,,,,,,,,,,,,,,,,,,,,,,,,,,,,,,,,,,,,,,
Q03,4,1,1,1.54,,date_dim,150,0,never_instantiated,0,,,,,0,0,store_sales,item,51,0,never_instantiated,0,,,,,0,0,,,,,,,,,,,,,,,,,,,,,,,,,,,,,,,,,,,,,,,,,,,,,,,,,,,,,,,,,,,,,,,,,,,,,,,,,,,,,,,,,,,,,,,,,,,,,,,,,,,,,,,,,,,,,,,,,,,,,,,,,,,,,,,,,,,,,,,,,,,,,,,,,,,,,,,,,,,,,,,,,,,,,,,,,,,,,,,,,,,,,,,,,,,,,,,,,,,,,,,,,,,,,,,,,,,,,,,,,,,,,,,,,,,,,,,,,,,,,,,,,,,,,,,,,,,,,,,,,,,,,,,,,,,,,,,,,,,,,,,,,,,,,,,,,,,,,,,,,,,,,,,,,,,,,,,,,,,,,,,,,,,,,,,,,,,,,,,,,,,,,,,,,,,,,,,,,,,,,,,,,,,,,,,,,,,,,,,,,,,,,,,,,,,,,,,,,,,,,,,,,,,,,,,,,,,,,,,,,,,,,,,,,,,,,,,,,,,,,,,,,,,,
Q04,4,7,1,22.13,,,158081,0,never_instantiated,0,,,,,0,0,,,155650,0,never_instantiated,0,,,,,0,0,,,225420,0,never_instantiated,0,,,,,0,0,,date_dim,365,0,never_instantiated,0,,,,,0,0,catalog_sales,customer,266000,0,never_instantiated,0,,,,,0,0,,,238491,0,never_instantiated,0,,,,,0,0,,,258504,0,never_instantiated,0,,,,,0,0,customer,,10741590,0,never_instantiated,0,,,,,0,0,store_sales,date_dim,364,0,never_instantiated,0,,,,,0,0,,date_dim,364,0,never_instantiated,0,,,,,0,0,store_sales,customer,264043,0,never_instantiated,0,,,,,0,0,,date_dim,365,0,never_instantiated,0,,,,,0,0,catalog_sales,customer,266000,0,never_instantiated,0,,,,,0,0,,date_dim,364,0,never_instantiated,0,,,,,0,0,web_sales,customer,157499,0,never_instantiated,0,,,,,0,0,,date_dim,365,0,never_instantiated,0,,,,,0,0,web_sales,customer,266000,0,never_instantiated,0,,,,,0,0,,,,,,,,,,,,,,,,,,,,,,,,,,,,,,,,,,,,,,,,,,,,,,,,,,,,,,,,,,,,,,,,,,,,,,,,,,,,,,,,,,,,,,,,,,,,,,,,,,,,,,,,,,,,,,,,,,,,,,,,,,,,,,,,,,,,,,,,,,,,,,,,,,,,,,,,,,,,,,,,,,,,,,,,,,,,,,,,,,,,,,,,,,,,,,,,,,,,,,,,,,,,,,,,,,,,,,,,,,,,,,,,,,,,,,,,,,,,,,,,,,,,,,,,,,,,,,,,,,,,,,,,
Q05,4,6,1,3.18,,store,44,0,never_instantiated,0,,,,,0,0,,date_dim,15,0,never_instantiated,0,,,,,0,0,,date_dim,15,0,never_instantiated,0,,,,,0,0,,catalog_page,9828,0,never_instantiated,0,,,,,0,0,,web_site,28,0,never_instantiated,0,,,,,0,0,,date_dim,15,0,never_instantiated,0,,,,,0,0,web_sales,web_returns,1439041,0,never_instantiated,0,,,,,0,0,,,,,,,,,,,,,,,,,,,,,,,,,,,,,,,,,,,,,,,,,,,,,,,,,,,,,,,,,,,,,,,,,,,,,,,,,,,,,,,,,,,,,,,,,,,,,,,,,,,,,,,,,,,,,,,,,,,,,,,,,,,,,,,,,,,,,,,,,,,,,,,,,,,,,,,,,,,,,,,,,,,,,,,,,,,,,,,,,,,,,,,,,,,,,,,,,,,,,,,,,,,,,,,,,,,,,,,,,,,,,,,,,,,,,,,,,,,,,,,,,,,,,,,,,,,,,,,,,,,,,,,,,,,,,,,,,,,,,,,,,,,,,,,,,,,,,,,,,,,,,,,,,,,,,,,,,,,,,,,,,,,,,,,,,,,,,,,,,,,,,,,,,,,,,,,,,,,,,,,,,,,,,,,,,,,,,,,,,,,,,,,,
Q06,4,9,1,6.34,,date_dim,1,0,never_instantiated,0,,,,,0,0,,date_dim,1827,0,never_instantiated,0,,,,,0,0,,customer_address,133000,0,never_instantiated,0,,,,,0,0,,item,28000,0,never_instantiated,0,,,,,0,0,store_sales,customer,266000,0,never_instantiated,0,,,,,0,0,,,567065,0,never_instantiated,0,,,,,0,0,,item,27937,0,never_instantiated,0,,,,,0,0,,,,,,,,,,,,,,,,,,,,,,,,,,,,,,,,,,,,,,,,,,,,,,,,,,,,,,,,,,,,,,,,,,,,,,,,,,,,,,,,,,,,,,,,,,,,,,,,,,,,,,,,,,,,,,,,,,,,,,,,,,,,,,,,,,,,,,,,,,,,,,,,,,,,,,,,,,,,,,,,,,,,,,,,,,,,,,,,,,,,,,,,,,,,,,,,,,,,,,,,,,,,,,,,,,,,,,,,,,,,,,,,,,,,,,,,,,,,,,,,,,,,,,,,,,,,,,,,,,,,,,,,,,,,,,,,,,,,,,,,,,,,,,,,,,,,,,,,,,,,,,,,,,,,,,,,,,,,,,,,,,,,,,,,,,,,,,,,,,,,,,,,,,,,,,,,,,,,,,,,,,,,,,,,,,,,,,,,,,,,,,,,
Q07,4,3,1,2.46,,date_dim,366,0,never_instantiated,0,,,,,0,0,,customer_demographics,10984,0,never_instantiated,0,,,,,0,0,,promotion,354,0,never_instantiated,0,,,,,0,0,store_sales,item,14341,0,never_instantiated,0,,,,,0,0,,,,,,,,,,,,,,,,,,,,,,,,,,,,,,,,,,,,,,,,,,,,,,,,,,,,,,,,,,,,,,,,,,,,,,,,,,,,,,,,,,,,,,,,,,,,,,,,,,,,,,,,,,,,,,,,,,,,,,,,,,,,,,,,,,,,,,,,,,,,,,,,,,,,,,,,,,,,,,,,,,,,,,,,,,,,,,,,,,,,,,,,,,,,,,,,,,,,,,,,,,,,,,,,,,,,,,,,,,,,,,,,,,,,,,,,,,,,,,,,,,,,,,,,,,,,,,,,,,,,,,,,,,,,,,,,,,,,,,,,,,,,,,,,,,,,,,,,,,,,,,,,,,,,,,,,,,,,,,,,,,,,,,,,,,,,,,,,,,,,,,,,,,,,,,,,,,,,,,,,,,,,,,,,,,,,,,,,,,,,,,,,,,,,,,,,,,,,,,,,,,,,,,,,,,,,,,,,,,,,
Q08,4,11,1,1.95,,,8,0,never_instantiated,0,,,,,0,0,,date_dim,91,0,never_instantiated,0,,,,,0,0,store_sales,store,23,0,never_instantiated,0,,,,,0,0,customer_address,,1341,0,never_instantiated,0,,,,,0,0,customer_address,customer,126088,0,never_instantiated,0,,,,,0,0,,,,,,,,,,,,,,,,,,,,,,,,,,,,,,,,,,,,,,,,,,,,,,,,,,,,,,,,,,,,,,,,,,,,,,,,,,,,,,,,,,,,,,,,,,,,,,,,,,,,,,,,,,,,,,,,,,,,,,,,,,,,,,,,,,,,,,,,,,,,,,,,,,,,,,,,,,,,,,,,,,,,,,,,,,,,,,,,,,,,,,,,,,,,,,,,,,,,,,,,,,,,,,,,,,,,,,,,,,,,,,,,,,,,,,,,,,,,,,,,,,,,,,,,,,,,,,,,,,,,,,,,,,,,,,,,,,,,,,,,,,,,,,,,,,,,,,,,,,,,,,,,,,,,,,,,,,,,,,,,,,,,,,,,,,,,,,,,,,,,,,,,,,,,,,,,,,,,,,,,,,,,,,,,,,,,,,,,,,,,,,,,,,,,,,,,,,,,,,,,,,,,,,,,
Q09,4,16,1,6.25,,,,,,,,,,,,,,,,,,,,,,,,,,,,,,,,,,,,,,,,,,,,,,,,,,,,,,,,,,,,,,,,,,,,,,,,,,,,,,,,,,,,,,,,,,,,,,,,,,,,,,,,,,,,,,,,,,,,,,,,,,,,,,,,,,,,,,,,,,,,,,,,,,,,,,,,,,,,,,,,,,,,,,,,,,,,,,,,,,,,,,,,,,,,,,,,,,,,,,,,,,,,,,,,,,,,,,,,,,,,,,,,,,,,,,,,,,,,,,,,,,,,,,,,,,,,,,,,,,,,,,,,,,,,,,,,,,,,,,,,,,,,,,,,,,,,,,,,,,,,,,,,,,,,,,,,,,,,,,,,,,,,,,,,,,,,,,,,,,,,,,,,,,,,,,,,,,,,,,,,,,,,,,,,,,,,,,,,,,,,,,,,,,,,,,,,,,,,,,,,,,,,,,,,,,,,,,,,,,,,,,,,,,,,,,,,,,,,,,,,,,,,,,,,,,,,,,,,,,,,,,,,,,,,
Q10,4,5,1,1.33,,,1261,0,never_instantiated,0,,,,,0,0,customer_demographics,customer,256823,0,never_instantiated,0,,,,,0,0,customer_address,,5,0,never_instantiated,0,,,,,0,0,,,2423,0,never_instantiated,0,,,,,0,0,,,2423,0,never_instantiated,0,,,,,0,0,store_sales,date_dim,120,0,never_instantiated,0,,,,,0,0,,,2817,0,never_instantiated,0,,,,,0,0,,,1260,0,never_instantiated,0,,,,,0,0,web_sales,date_dim,120,0,never_instantiated,0,,,,,0,0,,,4953,0,never_instantiated,0,,,,,0,0,,,1260,0,never_instantiated,0,,,,,0,0,catalog_sales,date_dim,120,0,never_instantiated,0,,,,,0,0,,,,,,,,,,,,,,,,,,,,,,,,,,,,,,,,,,,,,,,,,,,,,,,,,,,,,,,,,,,,,,,,,,,,,,,,,,,,,,,,,,,,,,,,,,,,,,,,,,,,,,,,,,,,,,,,,,,,,,,,,,,,,,,,,,,,,,,,,,,,,,,,,,,,,,,,,,,,,,,,,,,,,,,,,,,,,,,,,,,,,,,,,,,,,,,,,,,,,,,,,,,,,,,,,,,,,,,,,,,,,,,,,,,,,,,,,,,,,,,,,,,,,,,,,,,,,,,,,,,,,,,,,,,,,,,,,,,,,,,,,,,,,,,,,,,,,,,,,,,,,,,,,,,,,,,,,,,,,,,,,,,,
Q11,4,17,1,14.96,,,148861,0,never_instantiated,0,,,,,0,0,,date_dim,365,0,never_instantiated,0,,,,,0,0,web_sales,customer,266000,0,never_instantiated,0,,,,,0,0,,,157499,0,never_instantiated,0,,,,,0,0,,,258504,0,never_instantiated,0,,,,,0,0,,date_dim,364,0,never_instantiated,0,,,,,0,0,store_sales,customer,264132,0,never_instantiated,0,,,,,0,0,customer,,10690261,0,never_instantiated,0,,,,,0,0,store_sales,date_dim,364,0,never_instantiated,0,,,,,0,0,,date_dim,364,0,never_instantiated,0,,,,,0,0,web_sales,customer,157499,0,never_instantiated,0,,,,,0,0,,,,,,,,,,,,,,,,,,,,,,,,,,,,,,,,,,,,,,,,,,,,,,,,,,,,,,,,,,,,,,,,,,,,,,,,,,,,,,,,,,,,,,,,,,,,,,,,,,,,,,,,,,,,,,,,,,,,,,,,,,,,,,,,,,,,,,,,,,,,,,,,,,,,,,,,,,,,,,,,,,,,,,,,,,,,,,,,,,,,,,,,,,,,,,,,,,,,,,,,,,,,,,,,,,,,,,,,,,,,,,,,,,,,,,,,,,,,,,,,,,,,,,,,,,,,,,,,,,,,,,,,,,,,,,,,,,,,,,,,,,,,,,,,,,,,,,,,,,,,,,,,,,,,,,,,,,,,,,,,,,,,,,,,,,,,,,,,
Q12,4,10,1,0.41,,date_dim,30,0,never_instantiated,0,,,,,0,0,web_sales,item,4156,0,never_instantiated,0,,,,,0,0,,,,,,,,,,,,,,,,,,,,,,,,,,,,,,,,,,,,,,,,,,,,,,,,,,,,,,,,,,,,,,,,,,,,,,,,,,,,,,,,,,,,,,,,,,,,,,,,,,,,,,,,,,,,,,,,,,,,,,,,,,,,,,,,,,,,,,,,,,,,,,,,,,,,,,,,,,,,,,,,,,,,,,,,,,,,,,,,,,,,,,,,,,,,,,,,,,,,,,,,,,,,,,,,,,,,,,,,,,,,,,,,,,,,,,,,,,,,,,,,,,,,,,,,,,,,,,,,,,,,,,,,,,,,,,,,,,,,,,,,,,,,,,,,,,,,,,,,,,,,,,,,,,,,,,,,,,,,,,,,,,,,,,,,,,,,,,,,,,,,,,,,,,,,,,,,,,,,,,,,,,,,,,,,,,,,,,,,,,,,,,,,,,,,,,,,,,,,,,,,,,,,,,,,,,,,,,,,,,,,,,,,,,,,,,,,,,,,,,,,,,,,
Q13,4,3,1,5.02,customer_demographics,,129768,0,never_instantiated,0,,,,,0,0,,household_demographics,7200,0,never_instantiated,0,,,,,0,0,,date_dim,364,0,never_instantiated,0,,,,,0,0,,customer_address,128899,0,never_instantiated,0,,,,,0,0,store_sales,store,23,0,never_instantiated,0,,,,,0,0,,,,,,,,,,,,,,,,,,,,,,,,,,,,,,,,,,,,,,,,,,,,,,,,,,,,,,,,,,,,,,,,,,,,,,,,,,,,,,,,,,,,,,,,,,,,,,,,,,,,,,,,,,,,,,,,,,,,,,,,,,,,,,,,,,,,,,,,,,,,,,,,,,,,,,,,,,,,,,,,,,,,,,,,,,,,,,,,,,,,,,,,,,,,,,,,,,,,,,,,,,,,,,,,,,,,,,,,,,,,,,,,,,,,,,,,,,,,,,,,,,,,,,,,,,,,,,,,,,,,,,,,,,,,,,,,,,,,,,,,,,,,,,,,,,,,,,,,,,,,,,,,,,,,,,,,,,,,,,,,,,,,,,,,,,,,,,,,,,,,,,,,,,,,,,,,,,,,,,,,,,,,,,,,,,,,,,,,,,,,,,,,,,,,,,,,,,,,,,,,,,,,,,,,
Q14,4,10,1,40.50,store_sales,date_dim,1096,0,never_instantiated,0,,,,,0,0,catalog_sales,date_dim,1096,0,never_instantiated,0,,,,,0,0,web_sales,date_dim,1096,0,never_instantiated,0,,,,,0,0,,,1755053,0,never_instantiated,0,,,,,0,0,,item,13940,0,never_instantiated,0,,,,,0,0,,,8634251,0,never_instantiated,0,,,,,0,0,,,17131992,0,never_instantiated,0,,,,,0,0,,item,28000,0,never_instantiated,0,,,,,0,0,store_sales,date_dim,1096,0,never_instantiated,0,,,,,0,0,,date_dim,1096,0,never_instantiated,0,,,,,0,0,catalog_sales,item,28000,0,never_instantiated,0,,,,,0,0,,item,28000,0,never_instantiated,0,,,,,0,0,web_sales,date_dim,1096,0,never_instantiated,0,,,,,0,0,,date_dim,30,0,never_instantiated,0,,,,,0,0,store_sales,item,14001,0,never_instantiated,0,,,,,0,0,,,927229,0,never_instantiated,0,,,,,0,0,,item,27887,0,never_instantiated,0,,,,,0,0,,,8634251,0,never_instantiated,0,,,,,0,0,,,17131992,0,never_instantiated,0,,,,,0,0,,item,28000,0,never_instantiated,0,,,,,0,0,store_sales,date_dim,1096,0,never_instantiated,0,,,,,0,0,,date_dim,1096,0,never_instantiated,0,,,,,0,0,catalog_sales,item,28000,0,never_instantiated,0,,,,,0,0,,date_dim,1096,0,never_instantiated,0,,,,,0,0,web_sales,item,28000,0,never_instantiated,0,,,,,0,0,,item,28000,0,never_instantiated,0,,,,,0,0,catalog_sales,date_dim,30,0,never_instantiated,0,,,,,0,0,,,459451,0,never_instantiated,0,,,,,0,0,,item,13940,0,never_instantiated,0,,,,,0,0,,,8634251,0,never_instantiated,0,,,,,0,0,,,17131992,0,never_instantiated,0,,,,,0,0,,item,28000,0,never_instantiated,0,,,,,0,0,store_sales,date_dim,1096,0,never_instantiated,0,,,,,0,0,,item,28000,0,never_instantiated,0,,,,,0,0,catalog_sales,date_dim,1096,0,never_instantiated,0,,,,,0,0,,item,28000,0,never_instantiated,0,,,,,0,0,web_sales,date_dim,1096,0,never_instantiated,0,,,,,0,0,,item,14001,0,never_instantiated,0,,,,,0,0,web_sales,date_dim,30,0,never_instantiated,0,,,,,0,0
Q15,4,10,1,0.31,,date_dim,91,0,never_instantiated,0,,,,,0,0,,,9,0,never_instantiated,0,,,,,0,0,,customer_address,133000,0,never_instantiated,0,,,,,0,0,catalog_sales,customer,266000,0,never_instantiated,0,,,,,0,0,,,,,,,,,,,,,,,,,,,,,,,,,,,,,,,,,,,,,,,,,,,,,,,,,,,,,,,,,,,,,,,,,,,,,,,,,,,,,,,,,,,,,,,,,,,,,,,,,,,,,,,,,,,,,,,,,,,,,,,,,,,,,,,,,,,,,,,,,,,,,,,,,,,,,,,,,,,,,,,,,,,,,,,,,,,,,,,,,,,,,,,,,,,,,,,,,,,,,,,,,,,,,,,,,,,,,,,,,,,,,,,,,,,,,,,,,,,,,,,,,,,,,,,,,,,,,,,,,,,,,,,,,,,,,,,,,,,,,,,,,,,,,,,,,,,,,,,,,,,,,,,,,,,,,,,,,,,,,,,,,,,,,,,,,,,,,,,,,,,,,,,,,,,,,,,,,,,,,,,,,,,,,,,,,,,,,,,,,,,,,,,,,,,,,,,,,,,,,,,,,,,,,,,,,,,,,,,,,,,,
Q16,4,1,1,0.41,,date_dim,61,0,never_instantiated,0,,,,,0,0,,call_center,4,0,never_instantiated,0,,,,,0,0,catalog_sales,customer_address,5506,0,never_instantiated,0,,,,,0,0,,,47574,0,never_instantiated,0,,,,,0,0,catalog_sales,,31787,0,never_instantiated,0,,,,,0,0,,,47523,0,never_instantiated,0,,,,,0,0,catalog_returns,,12150,0,never_instantiated,0,,,,,0,0,,,,,,,,,,,,,,,,,,,,,,,,,,,,,,,,,,,,,,,,,,,,,,,,,,,,,,,,,,,,,,,,,,,,,,,,,,,,,,,,,,,,,,,,,,,,,,,,,,,,,,,,,,,,,,,,,,,,,,,,,,,,,,,,,,,,,,,,,,,,,,,,,,,,,,,,,,,,,,,,,,,,,,,,,,,,,,,,,,,,,,,,,,,,,,,,,,,,,,,,,,,,,,,,,,,,,,,,,,,,,,,,,,,,,,,,,,,,,,,,,,,,,,,,,,,,,,,,,,,,,,,,,,,,,,,,,,,,,,,,,,,,,,,,,,,,,,,,,,,,,,,,,,,,,,,,,,,,,,,,,,,,,,,,,,,,,,,,,,,,,,,,,,,,,,,,,,,,,,,,,,,,,,,,,,,,,,,,,,,,,,,,
Q17,4,17,1,2.36,,date_dim,90,0,never_instantiated,0,,,,,0,0,,store,23,0,never_instantiated,0,,,,,0,0,,date_dim,274,0,never_instantiated,0,,,,,0,0,,date_dim,267,0,never_instantiated,0,,,,,0,0,,catalog_sales,3177111,0,never_instantiated,0,,,,,0,0,,store_returns,159740,0,never_instantiated,0,,,,,0,0,store_sales,item,14001,0,never_instantiated,0,,,,,0,0,,,,,,,,,,,,,,,,,,,,,,,,,,,,,,,,,,,,,,,,,,,,,,,,,,,,,,,,,,,,,,,,,,,,,,,,,,,,,,,,,,,,,,,,,,,,,,,,,,,,,,,,,,,,,,,,,,,,,,,,,,,,,,,,,,,,,,,,,,,,,,,,,,,,,,,,,,,,,,,,,,,,,,,,,,,,,,,,,,,,,,,,,,,,,,,,,,,,,,,,,,,,,,,,,,,,,,,,,,,,,,,,,,,,,,,,,,,,,,,,,,,,,,,,,,,,,,,,,,,,,,,,,,,,,,,,,,,,,,,,,,,,,,,,,,,,,,,,,,,,,,,,,,,,,,,,,,,,,,,,,,,,,,,,,,,,,,,,,,,,,,,,,,,,,,,,,,,,,,,,,,,,,,,,,,,,,,,,,,,,,,,,
Q18,4,16,1,0.72,item,,26838,0,never_instantiated,0,,,,,0,0,customer_demographics,,26838,0,never_instantiated,0,,,,,0,0,customer_demographics,,27585,0,never_instantiated,0,,,,,0,0,,date_dim,364,0,never_instantiated,0,,,,,0,0,,,5273,0,never_instantiated,0,,,,,0,0,catalog_sales,,20027,0,never_instantiated,0,,,,,0,0,customer,,6,0,never_instantiated,0,,,,,0,0,customer_address,,7,0,never_instantiated,0,,,,,0,0,,,,,,,,,,,,,,,,,,,,,,,,,,,,,,,,,,,,,,,,,,,,,,,,,,,,,,,,,,,,,,,,,,,,,,,,,,,,,,,,,,,,,,,,,,,,,,,,,,,,,,,,,,,,,,,,,,,,,,,,,,,,,,,,,,,,,,,,,,,,,,,,,,,,,,,,,,,,,,,,,,,,,,,,,,,,,,,,,,,,,,,,,,,,,,,,,,,,,,,,,,,,,,,,,,,,,,,,,,,,,,,,,,,,,,,,,,,,,,,,,,,,,,,,,,,,,,,,,,,,,,,,,,,,,,,,,,,,,,,,,,,,,,,,,,,,,,,,,,,,,,,,,,,,,,,,,,,,,,,,,,,,,,,,,,,,,,,,,,,,,,,,,,,,,,,,,,,,,,,,,,,,,,,,,,,,
Q19,4,9,1,1.54,customer_address,,30670,0,never_instantiated,0,,,,,0,0,,item,253,0,never_instantiated,0,,,,,0,0,,customer,30282,0,never_instantiated,0,,,,,0,0,,store,23,0,never_instantiated,0,,,,,0,0,store_sales,date_dim,30,0,never_instantiated,0,,,,,0,0,,,,,,,,,,,,,,,,,,,,,,,,,,,,,,,,,,,,,,,,,,,,,,,,,,,,,,,,,,,,,,,,,,,,,,,,,,,,,,,,,,,,,,,,,,,,,,,,,,,,,,,,,,,,,,,,,,,,,,,,,,,,,,,,,,,,,,,,,,,,,,,,,,,,,,,,,,,,,,,,,,,,,,,,,,,,,,,,,,,,,,,,,,,,,,,,,,,,,,,,,,,,,,,,,,,,,,,,,,,,,,,,,,,,,,,,,,,,,,,,,,,,,,,,,,,,,,,,,,,,,,,,,,,,,,,,,,,,,,,,,,,,,,,,,,,,,,,,,,,,,,,,,,,,,,,,,,,,,,,,,,,,,,,,,,,,,,,,,,,,,,,,,,,,,,,,,,,,,,,,,,,,,,,,,,,,,,,,,,,,,,,,,,,,,,,,,,,,,,,,,,,,,,,,
Q20,4,10,1,0.21,,date_dim,31,0,never_instantiated,0,,,,,0,0,catalog_sales,item,8331,0,never_instantiated,0,,,,,0,0,,,,,,,,,,,,,,,,,,,,,,,,,,,,,,,,,,,,,,,,,,,,,,,,,,,,,,,,,,,,,,,,,,,,,,,,,,,,,,,,,,,,,,,,,,,,,,,,,,,,,,,,,,,,,,,,,,,,,,,,,,,,,,,,,,,,,,,,,,,,,,,,,,,,,,,,,,,,,,,,,,,,,,,,,,,,,,,,,,,,,,,,,,,,,,,,,,,,,,,,,,,,,,,,,,,,,,,,,,,,,,,,,,,,,,,,,,,,,,,,,,,,,,,,,,,,,,,,,,,,,,,,,,,,,,,,,,,,,,,,,,,,,,,,,,,,,,,,,,,,,,,,,,,,,,,,,,,,,,,,,,,,,,,,,,,,,,,,,,,,,,,,,,,,,,,,,,,,,,,,,,,,,,,,,,,,,,,,,,,,,,,,,,,,,,,,,,,,,,,,,,,,,,,,,,,,,,,,,,,,,,,,,,,,,,,,,,,,,,,,,,,,
Q21,4,10,1,0.11,,date_dim,9,0,never_instantiated,0,,,,,0,0,,warehouse,5,0,never_instantiated,0,,,,,0,0,inventory,item,907,0,never_instantiated,0,,,,,0,0,,,,,,,,,,,,,,,,,,,,,,,,,,,,,,,,,,,,,,,,,,,,,,,,,,,,,,,,,,,,,,,,,,,,,,,,,,,,,,,,,,,,,,,,,,,,,,,,,,,,,,,,,,,,,,,,,,,,,,,,,,,,,,,,,,,,,,,,,,,,,,,,,,,,,,,,,,,,,,,,,,,,,,,,,,,,,,,,,,,,,,,,,,,,,,,,,,,,,,,,,,,,,,,,,,,,,,,,,,,,,,,,,,,,,,,,,,,,,,,,,,,,,,,,,,,,,,,,,,,,,,,,,,,,,,,,,,,,,,,,,,,,,,,,,,,,,,,,,,,,,,,,,,,,,,,,,,,,,,,,,,,,,,,,,,,,,,,,,,,,,,,,,,,,,,,,,,,,,,,,,,,,,,,,,,,,,,,,,,,,,,,,,,,,,,,,,,,,,,,,,,,,,,,,,,,,,,,,,,,,,,,,,,,,,,,,
Q22,4,10,1,1.64,,item,28000,0,never_instantiated,0,,,,,0,0,inventory,date_dim,366,0,never_instantiated,0,,,,,0,0,,,,,,,,,,,,,,,,,,,,,,,,,,,,,,,,,,,,,,,,,,,,,,,,,,,,,,,,,,,,,,,,,,,,,,,,,,,,,,,,,,,,,,,,,,,,,,,,,,,,,,,,,,,,,,,,,,,,,,,,,,,,,,,,,,,,,,,,,,,,,,,,,,,,,,,,,,,,,,,,,,,,,,,,,,,,,,,,,,,,,,,,,,,,,,,,,,,,,,,,,,,,,,,,,,,,,,,,,,,,,,,,,,,,,,,,,,,,,,,,,,,,,,,,,,,,,,,,,,,,,,,,,,,,,,,,,,,,,,,,,,,,,,,,,,,,,,,,,,,,,,,,,,,,,,,,,,,,,,,,,,,,,,,,,,,,,,,,,,,,,,,,,,,,,,,,,,,,,,,,,,,,,,,,,,,,,,,,,,,,,,,,,,,,,,,,,,,,,,,,,,,,,,,,,,,,,,,,,,,,,,,,,,,,,,,,,,,,,,,,,,,,
Q23,4,10,1,24.68,,item,28000,0,never_instantiated,0,,,,,0,0,store_sales,date_dim,1098,0,never_instantiated,0,,,,,0,0,store_sales,customer,266000,0,never_instantiated,0,,,,,0,0,,date_dim,1098,0,never_instantiated,0,,,,,0,0,store_sales,customer,266000,0,never_instantiated,0,,,,,0,0,,,150353,0,never_instantiated,0,,,,,0,0,,,261594,0,never_instantiated,0,,,,,0,0,,date_dim,29,0,never_instantiated,0,,,,,0,0,catalog_sales,customer,266000,0,never_instantiated,0,,,,,0,0,,,150353,0,never_instantiated,0,,,,,0,0,,,130221,0,never_instantiated,0,,,,,0,0,customer,,130221,0,never_instantiated,0,,,,,0,0,web_sales,date_dim,29,0,never_instantiated,0,,,,,0,0,,,,,,,,,,,,,,,,,,,,,,,,,,,,,,,,,,,,,,,,,,,,,,,,,,,,,,,,,,,,,,,,,,,,,,,,,,,,,,,,,,,,,,,,,,,,,,,,,,,,,,,,,,,,,,,,,,,,,,,,,,,,,,,,,,,,,,,,,,,,,,,,,,,,,,,,,,,,,,,,,,,,,,,,,,,,,,,,,,,,,,,,,,,,,,,,,,,,,,,,,,,,,,,,,,,,,,,,,,,,,,,,,,,,,,,,,,,,,,,,,,,,,,,,,,,,,,,,,,,,,,,,,,,,,,,,,,,,,,,,,,,,,,,,,,,,,,,,,,,,,,,,,,,,,,,,
Q24,4,17,1,3.49,,customer_address,300,0,never_instantiated,0,,,,,0,0,,customer,210615,0,never_instantiated,0,,,,,0,0,,store,2,0,never_instantiated,0,,,,,0,0,,store_returns,5756650,0,never_instantiated,0,,,,,0,0,store_sales,item,28000,0,never_instantiated,0,,,,,0,0,,,,,,,,,,,,,,,,,,,,,,,,,,,,,,,,,,,,,,,,,,,,,,,,,,,,,,,,,,,,,,,,,,,,,,,,,,,,,,,,,,,,,,,,,,,,,,,,,,,,,,,,,,,,,,,,,,,,,,,,,,,,,,,,,,,,,,,,,,,,,,,,,,,,,,,,,,,,,,,,,,,,,,,,,,,,,,,,,,,,,,,,,,,,,,,,,,,,,,,,,,,,,,,,,,,,,,,,,,,,,,,,,,,,,,,,,,,,,,,,,,,,,,,,,,,,,,,,,,,,,,,,,,,,,,,,,,,,,,,,,,,,,,,,,,,,,,,,,,,,,,,,,,,,,,,,,,,,,,,,,,,,,,,,,,,,,,,,,,,,,,,,,,,,,,,,,,,,,,,,,,,,,,,,,,,,,,,,,,,,,,,,,,,,,,,,,,,,,,,,,,,,,,,,
Q25,4,2,1,2.15,,date_dim,214,0,never_instantiated,0,,,,,0,0,,date_dim,30,0,never_instantiated,0,,,,,0,0,,store_returns,508378,0,never_instantiated,0,,,,,0,0,,date_dim,214,0,never_instantiated,0,,,,,0,0,,catalog_sales,2990634,0,never_instantiated,0,,,,,0,0,,store,23,0,never_instantiated,0,,,,,0,0,store_sales,item,14001,0,never_instantiated,0,,,,,0,0,,,,,,,,,,,,,,,,,,,,,,,,,,,,,,,,,,,,,,,,,,,,,,,,,,,,,,,,,,,,,,,,,,,,,,,,,,,,,,,,,,,,,,,,,,,,,,,,,,,,,,,,,,,,,,,,,,,,,,,,,,,,,,,,,,,,,,,,,,,,,,,,,,,,,,,,,,,,,,,,,,,,,,,,,,,,,,,,,,,,,,,,,,,,,,,,,,,,,,,,,,,,,,,,,,,,,,,,,,,,,,,,,,,,,,,,,,,,,,,,,,,,,,,,,,,,,,,,,,,,,,,,,,,,,,,,,,,,,,,,,,,,,,,,,,,,,,,,,,,,,,,,,,,,,,,,,,,,,,,,,,,,,,,,,,,,,,,,,,,,,,,,,,,,,,,,,,,,,,,,,,,,,,,,,,,,,,,,,,,,,,,,
Q26,4,9,1,0.52,,date_dim,366,0,never_instantiated,0,,,,,0,0,,promotion,354,0,never_instantiated,0,,,,,0,0,,item,13999,0,never_instantiated,0,,,,,0,0,catalog_sales,customer_demographics,7836,0,never_instantiated,0,,,,,0,0,,,,,,,,,,,,,,,,,,,,,,,,,,,,,,,,,,,,,,,,,,,,,,,,,,,,,,,,,,,,,,,,,,,,,,,,,,,,,,,,,,,,,,,,,,,,,,,,,,,,,,,,,,,,,,,,,,,,,,,,,,,,,,,,,,,,,,,,,,,,,,,,,,,,,,,,,,,,,,,,,,,,,,,,,,,,,,,,,,,,,,,,,,,,,,,,,,,,,,,,,,,,,,,,,,,,,,,,,,,,,,,,,,,,,,,,,,,,,,,,,,,,,,,,,,,,,,,,,,,,,,,,,,,,,,,,,,,,,,,,,,,,,,,,,,,,,,,,,,,,,,,,,,,,,,,,,,,,,,,,,,,,,,,,,,,,,,,,,,,,,,,,,,,,,,,,,,,,,,,,,,,,,,,,,,,,,,,,,,,,,,,,,,,,,,,,,,,,,,,,,,,,,,,,,,,,,,,,,,,,
Q27,4,2,1,5.22,item,,142158,0,never_instantiated,0,,,,,0,0,customer_demographics,,152909,0,never_instantiated,0,,,,,0,0,,store,22,0,never_instantiated,0,,,,,0,0,store_sales,date_dim,364,0,never_instantiated,0,,,,,0,0,,store,22,0,never_instantiated,0,,,,,0,0,,date_dim,364,0,never_instantiated,0,,,,,0,0,,customer_demographics,10677,0,never_instantiated,0,,,,,0,0,store_sales,item,14001,0,never_instantiated,0,,,,,0,0,,date_dim,364,0,never_instantiated,0,,,,,0,0,,customer_demographics,10516,0,never_instantiated,0,,,,,0,0,,store,22,0,never_instantiated,0,,,,,0,0,store_sales,item,14001,0,never_instantiated,0,,,,,0,0,,,,,,,,,,,,,,,,,,,,,,,,,,,,,,,,,,,,,,,,,,,,,,,,,,,,,,,,,,,,,,,,,,,,,,,,,,,,,,,,,,,,,,,,,,,,,,,,,,,,,,,,,,,,,,,,,,,,,,,,,,,,,,,,,,,,,,,,,,,,,,,,,,,,,,,,,,,,,,,,,,,,,,,,,,,,,,,,,,,,,,,,,,,,,,,,,,,,,,,,,,,,,,,,,,,,,,,,,,,,,,,,,,,,,,,,,,,,,,,,,,,,,,,,,,,,,,,,,,,,,,,,,,,,,,,,,,,,,,,,,,,,,,,,,,,,,,,,,,,,,,,,,,,,,,,,,,,,,,,,,,,,
Q28,4,10,1,6.66,,,,,,,,,,,,,,,,,,,,,,,,,,,,,,,,,,,,,,,,,,,,,,,,,,,,,,,,,,,,,,,,,,,,,,,,,,,,,,,,,,,,,,,,,,,,,,,,,,,,,,,,,,,,,,,,,,,,,,,,,,,,,,,,,,,,,,,,,,,,,,,,,,,,,,,,,,,,,,,,,,,,,,,,,,,,,,,,,,,,,,,,,,,,,,,,,,,,,,,,,,,,,,,,,,,,,,,,,,,,,,,,,,,,,,,,,,,,,,,,,,,,,,,,,,,,,,,,,,,,,,,,,,,,,,,,,,,,,,,,,,,,,,,,,,,,,,,,,,,,,,,,,,,,,,,,,,,,,,,,,,,,,,,,,,,,,,,,,,,,,,,,,,,,,,,,,,,,,,,,,,,,,,,,,,,,,,,,,,,,,,,,,,,,,,,,,,,,,,,,,,,,,,,,,,,,,,,,,,,,,,,,,,,,,,,,,,,,,,,,,,,,,,,,,,,,,,,,,,,,,,,,,,,,
Q29,4,1,1,3.28,,item,14001,0,never_instantiated,0,,,,,0,0,,date_dim,122,0,never_instantiated,0,,,,,0,0,,store_returns,359380,0,never_instantiated,0,,,,,0,0,,store,23,0,never_instantiated,0,,,,,0,0,,date_dim,1096,0,never_instantiated,0,,,,,0,0,catalog_sales,,1155225,0,never_instantiated,0,,,,,0,0,store_sales,date_dim,30,0,never_instantiated,0,,,,,0,0,,,,,,,,,,,,,,,,,,,,,,,,,,,,,,,,,,,,,,,,,,,,,,,,,,,,,,,,,,,,,,,,,,,,,,,,,,,,,,,,,,,,,,,,,,,,,,,,,,,,,,,,,,,,,,,,,,,,,,,,,,,,,,,,,,,,,,,,,,,,,,,,,,,,,,,,,,,,,,,,,,,,,,,,,,,,,,,,,,,,,,,,,,,,,,,,,,,,,,,,,,,,,,,,,,,,,,,,,,,,,,,,,,,,,,,,,,,,,,,,,,,,,,,,,,,,,,,,,,,,,,,,,,,,,,,,,,,,,,,,,,,,,,,,,,,,,,,,,,,,,,,,,,,,,,,,,,,,,,,,,,,,,,,,,,,,,,,,,,,,,,,,,,,,,,,,,,,,,,,,,,,,,,,,,,,,,,,,,,,,,,,,
Q30,4,1,1,0.41,customer_address,,268148,0,never_instantiated,0,,,,,0,0,web_returns,date_dim,365,0,never_instantiated,0,,,,,0,0,,,260478,0,never_instantiated,0,,,,,0,0,customer,customer_address,6457,0,never_instantiated,0,,,,,0,0,,,12883,0,never_instantiated,0,,,,,0,0,,,51,0,never_instantiated,0,,,,,0,0,,,,,,,,,,,,,,,,,,,,,,,,,,,,,,,,,,,,,,,,,,,,,,,,,,,,,,,,,,,,,,,,,,,,,,,,,,,,,,,,,,,,,,,,,,,,,,,,,,,,,,,,,,,,,,,,,,,,,,,,,,,,,,,,,,,,,,,,,,,,,,,,,,,,,,,,,,,,,,,,,,,,,,,,,,,,,,,,,,,,,,,,,,,,,,,,,,,,,,,,,,,,,,,,,,,,,,,,,,,,,,,,,,,,,,,,,,,,,,,,,,,,,,,,,,,,,,,,,,,,,,,,,,,,,,,,,,,,,,,,,,,,,,,,,,,,,,,,,,,,,,,,,,,,,,,,,,,,,,,,,,,,,,,,,,,,,,,,,,,,,,,,,,,,,,,,,,,,,,,,,,,,,,,,,,,,,,,,,,,,,,,,,,,,,,,,,,,,
Q31,4,10,1,2.67,,customer_address,131843,0,never_instantiated,0,,,,,0,0,store_sales,date_dim,274,0,never_instantiated,0,,,,,0,0,,customer_address,84826,0,never_instantiated,0,,,,,0,0,web_sales,date_dim,274,0,never_instantiated,0,,,,,0,0,,,1846,0,never_instantiated,0,,,,,0,0,,,1846,0,never_instantiated,0,,,,,0,0,,,1846,0,never_instantiated,0,,,,,0,0,,,1846,0,never_instantiated,0,,,,,0,0,,,1846,0,never_instantiated,0,,,,,0,0,,,,,,,,,,,,,,,,,,,,,,,,,,,,,,,,,,,,,,,,,,,,,,,,,,,,,,,,,,,,,,,,,,,,,,,,,,,,,,,,,,,,,,,,,,,,,,,,,,,,,,,,,,,,,,,,,,,,,,,,,,,,,,,,,,,,,,,,,,,,,,,,,,,,,,,,,,,,,,,,,,,,,,,,,,,,,,,,,,,,,,,,,,,,,,,,,,,,,,,,,,,,,,,,,,,,,,,,,,,,,,,,,,,,,,,,,,,,,,,,,,,,,,,,,,,,,,,,,,,,,,,,,,,,,,,,,,,,,,,,,,,,,,,,,,,,,,,,,,,,,,,,,,,,,,,,,,,,,,,,,,,,,,,,,,,,,,,,,,,,,,,,,,,,,,,,,,,,,,,,
Q32,4,10,1,0.11,,item,2,0,never_instantiated,0,,,,,0,0,catalog_sales,date_dim,70,0,never_instantiated,0,,,,,0,0,,,127,0,never_instantiated,0,,,,,0,0,,,2,0,never_instantiated,0,,,,,0,0,catalog_sales,date_dim,91,0,never_instantiated,0,,,,,0,0,,,,,,,,,,,,,,,,,,,,,,,,,,,,,,,,,,,,,,,,,,,,,,,,,,,,,,,,,,,,,,,,,,,,,,,,,,,,,,,,,,,,,,,,,,,,,,,,,,,,,,,,,,,,,,,,,,,,,,,,,,,,,,,,,,,,,,,,,,,,,,,,,,,,,,,,,,,,,,,,,,,,,,,,,,,,,,,,,,,,,,,,,,,,,,,,,,,,,,,,,,,,,,,,,,,,,,,,,,,,,,,,,,,,,,,,,,,,,,,,,,,,,,,,,,,,,,,,,,,,,,,,,,,,,,,,,,,,,,,,,,,,,,,,,,,,,,,,,,,,,,,,,,,,,,,,,,,,,,,,,,,,,,,,,,,,,,,,,,,,,,,,,,,,,,,,,,,,,,,,,,,,,,,,,,,,,,,,,,,,,,,,,,,,,,,,,,,,,,,,,,,,,,,,
Q33,4,8,1,1.75,,item,2793,0,never_instantiated,0,,,,,0,0,,customer_address,14545,0,never_instantiated,0,,,,,0,0,,date_dim,31,0,never_instantiated,0,,,,,0,0,store_sales,item,13060,0,never_instantiated,0,,,,,0,0,,item,2796,0,never_instantiated,0,,,,,0,0,,customer_address,48344,0,never_instantiated,0,,,,,0,0,,date_dim,31,0,never_instantiated,0,,,,,0,0,catalog_sales,item,26162,0,never_instantiated,0,,,,,0,0,,item,2793,0,never_instantiated,0,,,,,0,0,,customer_address,4039,0,never_instantiated,0,,,,,0,0,,date_dim,31,0,never_instantiated,0,,,,,0,0,web_sales,item,13053,0,never_instantiated,0,,,,,0,0,,,,,,,,,,,,,,,,,,,,,,,,,,,,,,,,,,,,,,,,,,,,,,,,,,,,,,,,,,,,,,,,,,,,,,,,,,,,,,,,,,,,,,,,,,,,,,,,,,,,,,,,,,,,,,,,,,,,,,,,,,,,,,,,,,,,,,,,,,,,,,,,,,,,,,,,,,,,,,,,,,,,,,,,,,,,,,,,,,,,,,,,,,,,,,,,,,,,,,,,,,,,,,,,,,,,,,,,,,,,,,,,,,,,,,,,,,,,,,,,,,,,,,,,,,,,,,,,,,,,,,,,,,,,,,,,,,,,,,,,,,,,,,,,,,,,,,,,,,,,,,,,,,,,,,,,,,,,,,,,,,,,
Q34,4,6,1,2.05,customer,,8910,0,never_instantiated,0,,,,,0,0,,store,22,0,never_instantiated,0,,,,,0,0,,household_demographics,1040,0,never_instantiated,0,,,,,0,0,store_sales,date_dim,250,0,never_instantiated,0,,,,,0,0,,,,,,,,,,,,,,,,,,,,,,,,,,,,,,,,,,,,,,,,,,,,,,,,,,,,,,,,,,,,,,,,,,,,,,,,,,,,,,,,,,,,,,,,,,,,,,,,,,,,,,,,,,,,,,,,,,,,,,,,,,,,,,,,,,,,,,,,,,,,,,,,,,,,,,,,,,,,,,,,,,,,,,,,,,,,,,,,,,,,,,,,,,,,,,,,,,,,,,,,,,,,,,,,,,,,,,,,,,,,,,,,,,,,,,,,,,,,,,,,,,,,,,,,,,,,,,,,,,,,,,,,,,,,,,,,,,,,,,,,,,,,,,,,,,,,,,,,,,,,,,,,,,,,,,,,,,,,,,,,,,,,,,,,,,,,,,,,,,,,,,,,,,,,,,,,,,,,,,,,,,,,,,,,,,,,,,,,,,,,,,,,,,,,,,,,,,,,,,,,,,,,,,,,,,,,,,,,,,,,
Q35,4,13,1,2.87,,customer_address,133000,0,never_instantiated,0,,,,,0,0,customer_demographics,customer,256823,0,never_instantiated,0,,,,,0,0,,,256823,0,never_instantiated,0,,,,,0,0,,,256823,0,never_instantiated,0,,,,,0,0,store_sales,date_dim,274,0,never_instantiated,0,,,,,0,0,,,1357635,0,never_instantiated,0,,,,,0,0,,,223022,0,never_instantiated,0,,,,,0,0,web_sales,date_dim,274,0,never_instantiated,0,,,,,0,0,,,2659348,0,never_instantiated,0,,,,,0,0,,,223022,0,never_instantiated,0,,,,,0,0,catalog_sales,date_dim,274,0,never_instantiated,0,,,,,0,0,,,,,,,,,,,,,,,,,,,,,,,,,,,,,,,,,,,,,,,,,,,,,,,,,,,,,,,,,,,,,,,,,,,,,,,,,,,,,,,,,,,,,,,,,,,,,,,,,,,,,,,,,,,,,,,,,,,,,,,,,,,,,,,,,,,,,,,,,,,,,,,,,,,,,,,,,,,,,,,,,,,,,,,,,,,,,,,,,,,,,,,,,,,,,,,,,,,,,,,,,,,,,,,,,,,,,,,,,,,,,,,,,,,,,,,,,,,,,,,,,,,,,,,,,,,,,,,,,,,,,,,,,,,,,,,,,,,,,,,,,,,,,,,,,,,,,,,,,,,,,,,,,,,,,,,,,,,,,,,,,,,,,,,,,,,,,,,,
Q36,4,14,1,4.20,,date_dim,364,0,never_instantiated,0,,,,,0,0,,item,14001,0,never_instantiated,0,,,,,0,0,store_sales,store,22,0,never_instantiated,0,,,,,0,0,,,,,,,,,,,,,,,,,,,,,,,,,,,,,,,,,,,,,,,,,,,,,,,,,,,,,,,,,,,,,,,,,,,,,,,,,,,,,,,,,,,,,,,,,,,,,,,,,,,,,,,,,,,,,,,,,,,,,,,,,,,,,,,,,,,,,,,,,,,,,,,,,,,,,,,,,,,,,,,,,,,,,,,,,,,,,,,,,,,,,,,,,,,,,,,,,,,,,,,,,,,,,,,,,,,,,,,,,,,,,,,,,,,,,,,,,,,,,,,,,,,,,,,,,,,,,,,,,,,,,,,,,,,,,,,,,,,,,,,,,,,,,,,,,,,,,,,,,,,,,,,,,,,,,,,,,,,,,,,,,,,,,,,,,,,,,,,,,,,,,,,,,,,,,,,,,,,,,,,,,,,,,,,,,,,,,,,,,,,,,,,,,,,,,,,,,,,,,,,,,,,,,,,,,,,,,,,,,,,,,,,,,,,,,,,,
Q37,4,10,1,0.21,,item,1,0,never_instantiated,0,,,,,0,0,,date_dim,9,0,never_instantiated,0,,,,,0,0,catalog_sales,inventory,19,0,never_instantiated,0,,,,,0,0,,,,,,,,,,,,,,,,,,,,,,,,,,,,,,,,,,,,,,,,,,,,,,,,,,,,,,,,,,,,,,,,,,,,,,,,,,,,,,,,,,,,,,,,,,,,,,,,,,,,,,,,,,,,,,,,,,,,,,,,,,,,,,,,,,,,,,,,,,,,,,,,,,,,,,,,,,,,,,,,,,,,,,,,,,,,,,,,,,,,,,,,,,,,,,,,,,,,,,,,,,,,,,,,,,,,,,,,,,,,,,,,,,,,,,,,,,,,,,,,,,,,,,,,,,,,,,,,,,,,,,,,,,,,,,,,,,,,,,,,,,,,,,,,,,,,,,,,,,,,,,,,,,,,,,,,,,,,,,,,,,,,,,,,,,,,,,,,,,,,,,,,,,,,,,,,,,,,,,,,,,,,,,,,,,,,,,,,,,,,,,,,,,,,,,,,,,,,,,,,,,,,,,,,,,,,,,,,,,,,,,,,,,,,,,,,
Q38,4,2,1,4.81,,,236113,0,never_instantiated,0,,,,,0,0,,,621690,0,never_instantiated,0,,,,,0,0,,date_dim,366,0,never_instantiated,0,,,,,0,0,store_sales,customer,264234,0,never_instantiated,0,,,,,0,0,,date_dim,366,0,never_instantiated,0,,,,,0,0,catalog_sales,customer,266000,0,never_instantiated,0,,,,,0,0,,customer,266000,0,never_instantiated,0,,,,,0,0,web_sales,date_dim,366,0,never_instantiated,0,,,,,0,0,,,,,,,,,,,,,,,,,,,,,,,,,,,,,,,,,,,,,,,,,,,,,,,,,,,,,,,,,,,,,,,,,,,,,,,,,,,,,,,,,,,,,,,,,,,,,,,,,,,,,,,,,,,,,,,,,,,,,,,,,,,,,,,,,,,,,,,,,,,,,,,,,,,,,,,,,,,,,,,,,,,,,,,,,,,,,,,,,,,,,,,,,,,,,,,,,,,,,,,,,,,,,,,,,,,,,,,,,,,,,,,,,,,,,,,,,,,,,,,,,,,,,,,,,,,,,,,,,,,,,,,,,,,,,,,,,,,,,,,,,,,,,,,,,,,,,,,,,,,,,,,,,,,,,,,,,,,,,,,,,,,,,,,,,,,,,,,,,,,,,,,,,,,,,,,,,,,,,,,,,,,,,,,,,,,,
Q39,4,10,1,0.21,,,4818,0,never_instantiated,0,,,,,0,0,,item,28000,0,never_instantiated,0,,,,,0,0,,date_dim,31,0,never_instantiated,0,,,,,0,0,inventory,warehouse,5,0,never_instantiated,0,,,,,0,0,,item,28000,0,never_instantiated,0,,,,,0,0,,date_dim,28,0,never_instantiated,0,,,,,0,0,inventory,warehouse,5,0,never_instantiated,0,,,,,0,0,,,,,,,,,,,,,,,,,,,,,,,,,,,,,,,,,,,,,,,,,,,,,,,,,,,,,,,,,,,,,,,,,,,,,,,,,,,,,,,,,,,,,,,,,,,,,,,,,,,,,,,,,,,,,,,,,,,,,,,,,,,,,,,,,,,,,,,,,,,,,,,,,,,,,,,,,,,,,,,,,,,,,,,,,,,,,,,,,,,,,,,,,,,,,,,,,,,,,,,,,,,,,,,,,,,,,,,,,,,,,,,,,,,,,,,,,,,,,,,,,,,,,,,,,,,,,,,,,,,,,,,,,,,,,,,,,,,,,,,,,,,,,,,,,,,,,,,,,,,,,,,,,,,,,,,,,,,,,,,,,,,,,,,,,,,,,,,,,,,,,,,,,,,,,,,,,,,,,,,,,,,,,,,,,,,,,,,,,,,,,,,,
Q40,4,10,1,0.11,,date_dim,61,0,never_instantiated,0,,,,,0,0,,warehouse,5,0,never_instantiated,0,,,,,0,0,,item,907,0,never_instantiated,0,,,,,0,0,catalog_sales,catalog_returns,27296,0,never_instantiated,0,,,,,0,0,,,,,,,,,,,,,,,,,,,,,,,,,,,,,,,,,,,,,,,,,,,,,,,,,,,,,,,,,,,,,,,,,,,,,,,,,,,,,,,,,,,,,,,,,,,,,,,,,,,,,,,,,,,,,,,,,,,,,,,,,,,,,,,,,,,,,,,,,,,,,,,,,,,,,,,,,,,,,,,,,,,,,,,,,,,,,,,,,,,,,,,,,,,,,,,,,,,,,,,,,,,,,,,,,,,,,,,,,,,,,,,,,,,,,,,,,,,,,,,,,,,,,,,,,,,,,,,,,,,,,,,,,,,,,,,,,,,,,,,,,,,,,,,,,,,,,,,,,,,,,,,,,,,,,,,,,,,,,,,,,,,,,,,,,,,,,,,,,,,,,,,,,,,,,,,,,,,,,,,,,,,,,,,,,,,,,,,,,,,,,,,,,,,,,,,,,,,,,,,,,,,,,,,,,,,,,,,,,,,,
Q41,4,10,1,0.11,,,81,0,never_instantiated,0,,,,,0,0,,,81,0,never_instantiated,0,,,,,0,0,item,,80,0,never_instantiated,0,,,,,0,0,,,,,,,,,,,,,,,,,,,,,,,,,,,,,,,,,,,,,,,,,,,,,,,,,,,,,,,,,,,,,,,,,,,,,,,,,,,,,,,,,,,,,,,,,,,,,,,,,,,,,,,,,,,,,,,,,,,,,,,,,,,,,,,,,,,,,,,,,,,,,,,,,,,,,,,,,,,,,,,,,,,,,,,,,,,,,,,,,,,,,,,,,,,,,,,,,,,,,,,,,,,,,,,,,,,,,,,,,,,,,,,,,,,,,,,,,,,,,,,,,,,,,,,,,,,,,,,,,,,,,,,,,,,,,,,,,,,,,,,,,,,,,,,,,,,,,,,,,,,,,,,,,,,,,,,,,,,,,,,,,,,,,,,,,,,,,,,,,,,,,,,,,,,,,,,,,,,,,,,,,,,,,,,,,,,,,,,,,,,,,,,,,,,,,,,,,,,,,,,,,,,,,,,,,,,,,,,,,,,,,,,,,,,,,,,,
Q42,4,15,1,1.03,,date_dim,30,0,never_instantiated,0,,,,,0,0,store_sales,item,237,0,never_instantiated,0,,,,,0,0,,,,,,,,,,,,,,,,,,,,,,,,,,,,,,,,,,,,,,,,,,,,,,,,,,,,,,,,,,,,,,,,,,,,,,,,,,,,,,,,,,,,,,,,,,,,,,,,,,,,,,,,,,,,,,,,,,,,,,,,,,,,,,,,,,,,,,,,,,,,,,,,,,,,,,,,,,,,,,,,,,,,,,,,,,,,,,,,,,,,,,,,,,,,,,,,,,,,,,,,,,,,,,,,,,,,,,,,,,,,,,,,,,,,,,,,,,,,,,,,,,,,,,,,,,,,,,,,,,,,,,,,,,,,,,,,,,,,,,,,,,,,,,,,,,,,,,,,,,,,,,,,,,,,,,,,,,,,,,,,,,,,,,,,,,,,,,,,,,,,,,,,,,,,,,,,,,,,,,,,,,,,,,,,,,,,,,,,,,,,,,,,,,,,,,,,,,,,,,,,,,,,,,,,,,,,,,,,,,,,,,,,,,,,,,,,,,,,,,,,,,,,
Q43,4,7,1,3.28,,date_dim,366,0,never_instantiated,0,,,,,0,0,store_sales,store,23,0,never_instantiated,0,,,,,0,0,,,,,,,,,,,,,,,,,,,,,,,,,,,,,,,,,,,,,,,,,,,,,,,,,,,,,,,,,,,,,,,,,,,,,,,,,,,,,,,,,,,,,,,,,,,,,,,,,,,,,,,,,,,,,,,,,,,,,,,,,,,,,,,,,,,,,,,,,,,,,,,,,,,,,,,,,,,,,,,,,,,,,,,,,,,,,,,,,,,,,,,,,,,,,,,,,,,,,,,,,,,,,,,,,,,,,,,,,,,,,,,,,,,,,,,,,,,,,,,,,,,,,,,,,,,,,,,,,,,,,,,,,,,,,,,,,,,,,,,,,,,,,,,,,,,,,,,,,,,,,,,,,,,,,,,,,,,,,,,,,,,,,,,,,,,,,,,,,,,,,,,,,,,,,,,,,,,,,,,,,,,,,,,,,,,,,,,,,,,,,,,,,,,,,,,,,,,,,,,,,,,,,,,,,,,,,,,,,,,,,,,,,,,,,,,,,,,,,,,,,,,,
Q44,4,11,1,10.64,,,10,0,never_instantiated,0,,,,,0,0,,,10,0,never_instantiated,0,,,,,0,0,,,,,,,,,,,,,,,,,,,,,,,,,,,,,,,,,,,,,,,,,,,,,,,,,,,,,,,,,,,,,,,,,,,,,,,,,,,,,,,,,,,,,,,,,,,,,,,,,,,,,,,,,,,,,,,,,,,,,,,,,,,,,,,,,,,,,,,,,,,,,,,,,,,,,,,,,,,,,,,,,,,,,,,,,,,,,,,,,,,,,,,,,,,,,,,,,,,,,,,,,,,,,,,,,,,,,,,,,,,,,,,,,,,,,,,,,,,,,,,,,,,,,,,,,,,,,,,,,,,,,,,,,,,,,,,,,,,,,,,,,,,,,,,,,,,,,,,,,,,,,,,,,,,,,,,,,,,,,,,,,,,,,,,,,,,,,,,,,,,,,,,,,,,,,,,,,,,,,,,,,,,,,,,,,,,,,,,,,,,,,,,,,,,,,,,,,,,,,,,,,,,,,,,,,,,,,,,,,,,,,,,,,,,,,,,,,,,,,,,,,,,,
Q45,4,7,1,0.62,,,9,0,never_instantiated,0,,,,,0,0,,,10,0,never_instantiated,0,,,,,0,0,customer_address,,418734,0,never_instantiated,0,,,,,0,0,customer,,418734,0,never_instantiated,0,,,,,0,0,,item,14001,0,never_instantiated,0,,,,,0,0,web_sales,date_dim,91,0,never_instantiated,0,,,,,0,0,item,,10,0,never_instantiated,0,,,,,0,0,,,,,,,,,,,,,,,,,,,,,,,,,,,,,,,,,,,,,,,,,,,,,,,,,,,,,,,,,,,,,,,,,,,,,,,,,,,,,,,,,,,,,,,,,,,,,,,,,,,,,,,,,,,,,,,,,,,,,,,,,,,,,,,,,,,,,,,,,,,,,,,,,,,,,,,,,,,,,,,,,,,,,,,,,,,,,,,,,,,,,,,,,,,,,,,,,,,,,,,,,,,,,,,,,,,,,,,,,,,,,,,,,,,,,,,,,,,,,,,,,,,,,,,,,,,,,,,,,,,,,,,,,,,,,,,,,,,,,,,,,,,,,,,,,,,,,,,,,,,,,,,,,,,,,,,,,,,,,,,,,,,,,,,,,,,,,,,,,,,,,,,,,,,,,,,,,,,,,,,,,,,,,,,,,,,,,,,,,,,,,,,,
Q46,4,5,1,3.49,,,140883,0,never_instantiated,0,,,,,0,0,customer,customer_address,133000,0,never_instantiated,0,,,,,0,0,,store,16,0,never_instantiated,0,,,,,0,0,,customer_address,88493,0,never_instantiated,0,,,,,0,0,,household_demographics,1800,0,never_instantiated,0,,,,,0,0,store_sales,date_dim,314,0,never_instantiated,0,,,,,0,0,,,,,,,,,,,,,,,,,,,,,,,,,,,,,,,,,,,,,,,,,,,,,,,,,,,,,,,,,,,,,,,,,,,,,,,,,,,,,,,,,,,,,,,,,,,,,,,,,,,,,,,,,,,,,,,,,,,,,,,,,,,,,,,,,,,,,,,,,,,,,,,,,,,,,,,,,,,,,,,,,,,,,,,,,,,,,,,,,,,,,,,,,,,,,,,,,,,,,,,,,,,,,,,,,,,,,,,,,,,,,,,,,,,,,,,,,,,,,,,,,,,,,,,,,,,,,,,,,,,,,,,,,,,,,,,,,,,,,,,,,,,,,,,,,,,,,,,,,,,,,,,,,,,,,,,,,,,,,,,,,,,,,,,,,,,,,,,,,,,,,,,,,,,,,,,,,,,,,,,,,,,,,,,,,,,,,,,,,,,,,,,,,,,,,,,,,,,,
Q47,4,17,1,7.28,,date_dim,427,0,never_instantiated,0,,,,,0,0,,item,28000,0,never_instantiated,0,,,,,0,0,store_sales,store,44,0,never_instantiated,0,,,,,0,0,,,119769,0,never_instantiated,0,,,,,0,0,,,119769,0,never_instantiated,0,,,,,0,0,,,,,,,,,,,,,,,,,,,,,,,,,,,,,,,,,,,,,,,,,,,,,,,,,,,,,,,,,,,,,,,,,,,,,,,,,,,,,,,,,,,,,,,,,,,,,,,,,,,,,,,,,,,,,,,,,,,,,,,,,,,,,,,,,,,,,,,,,,,,,,,,,,,,,,,,,,,,,,,,,,,,,,,,,,,,,,,,,,,,,,,,,,,,,,,,,,,,,,,,,,,,,,,,,,,,,,,,,,,,,,,,,,,,,,,,,,,,,,,,,,,,,,,,,,,,,,,,,,,,,,,,,,,,,,,,,,,,,,,,,,,,,,,,,,,,,,,,,,,,,,,,,,,,,,,,,,,,,,,,,,,,,,,,,,,,,,,,,,,,,,,,,,,,,,,,,,,,,,,,,,,,,,,,,,,,,,,,,,,,,,,,,,,,,,,,,,,,,,,,,,,,,,,,
Q48,4,7,1,4.61,customer_demographics,,636017,0,never_instantiated,0,,,,,0,0,,date_dim,366,0,never_instantiated,0,,,,,0,0,,customer_address,128890,0,never_instantiated,0,,,,,0,0,store_sales,store,23,0,never_instantiated,0,,,,,0,0,,,,,,,,,,,,,,,,,,,,,,,,,,,,,,,,,,,,,,,,,,,,,,,,,,,,,,,,,,,,,,,,,,,,,,,,,,,,,,,,,,,,,,,,,,,,,,,,,,,,,,,,,,,,,,,,,,,,,,,,,,,,,,,,,,,,,,,,,,,,,,,,,,,,,,,,,,,,,,,,,,,,,,,,,,,,,,,,,,,,,,,,,,,,,,,,,,,,,,,,,,,,,,,,,,,,,,,,,,,,,,,,,,,,,,,,,,,,,,,,,,,,,,,,,,,,,,,,,,,,,,,,,,,,,,,,,,,,,,,,,,,,,,,,,,,,,,,,,,,,,,,,,,,,,,,,,,,,,,,,,,,,,,,,,,,,,,,,,,,,,,,,,,,,,,,,,,,,,,,,,,,,,,,,,,,,,,,,,,,,,,,,,,,,,,,,,,,,,,,,,,,,,,,,,,,,,,,,,,,,
Q49,4,19,1,2.16,,date_dim,31,0,never_instantiated,0,,,,,0,0,web_sales,web_returns,7085,0,never_instantiated,0,,,,,0,0,,date_dim,31,0,never_instantiated,0,,,,,0,0,catalog_sales,catalog_returns,24713,0,never_instantiated,0,,,,,0,0,,date_dim,31,0,never_instantiated,0,,,,,0,0,store_sales,store_returns,5725,0,never_instantiated,0,,,,,0,0,,,,,,,,,,,,,,,,,,,,,,,,,,,,,,,,,,,,,,,,,,,,,,,,,,,,,,,,,,,,,,,,,,,,,,,,,,,,,,,,,,,,,,,,,,,,,,,,,,,,,,,,,,,,,,,,,,,,,,,,,,,,,,,,,,,,,,,,,,,,,,,,,,,,,,,,,,,,,,,,,,,,,,,,,,,,,,,,,,,,,,,,,,,,,,,,,,,,,,,,,,,,,,,,,,,,,,,,,,,,,,,,,,,,,,,,,,,,,,,,,,,,,,,,,,,,,,,,,,,,,,,,,,,,,,,,,,,,,,,,,,,,,,,,,,,,,,,,,,,,,,,,,,,,,,,,,,,,,,,,,,,,,,,,,,,,,,,,,,,,,,,,,,,,,,,,,,,,,,,,,,,,,,,,,,,,,,,,,,,,,,,,,,,,,,,,,,,,
Q50,4,13,1,3.69,,date_dim,31,0,never_instantiated,0,,,,,0,0,,date_dim,1823,0,never_instantiated,0,,,,,0,0,,store_returns,56987,0,never_instantiated,0,,,,,0,0,store_sales,store,23,0,never_instantiated,0,,,,,0,0,,,,,,,,,,,,,,,,,,,,,,,,,,,,,,,,,,,,,,,,,,,,,,,,,,,,,,,,,,,,,,,,,,,,,,,,,,,,,,,,,,,,,,,,,,,,,,,,,,,,,,,,,,,,,,,,,,,,,,,,,,,,,,,,,,,,,,,,,,,,,,,,,,,,,,,,,,,,,,,,,,,,,,,,,,,,,,,,,,,,,,,,,,,,,,,,,,,,,,,,,,,,,,,,,,,,,,,,,,,,,,,,,,,,,,,,,,,,,,,,,,,,,,,,,,,,,,,,,,,,,,,,,,,,,,,,,,,,,,,,,,,,,,,,,,,,,,,,,,,,,,,,,,,,,,,,,,,,,,,,,,,,,,,,,,,,,,,,,,,,,,,,,,,,,,,,,,,,,,,,,,,,,,,,,,,,,,,,,,,,,,,,,,,,,,,,,,,,,,,,,,,,,,,,,,,,,,,,,,,,
Q51,4,11,1,11.17,,,2078970,0,never_instantiated,0,,,,,0,0,store_sales,date_dim,366,0,never_instantiated,0,,,,,0,0,web_sales,date_dim,366,0,never_instantiated,0,,,,,0,0,,,,,,,,,,,,,,,,,,,,,,,,,,,,,,,,,,,,,,,,,,,,,,,,,,,,,,,,,,,,,,,,,,,,,,,,,,,,,,,,,,,,,,,,,,,,,,,,,,,,,,,,,,,,,,,,,,,,,,,,,,,,,,,,,,,,,,,,,,,,,,,,,,,,,,,,,,,,,,,,,,,,,,,,,,,,,,,,,,,,,,,,,,,,,,,,,,,,,,,,,,,,,,,,,,,,,,,,,,,,,,,,,,,,,,,,,,,,,,,,,,,,,,,,,,,,,,,,,,,,,,,,,,,,,,,,,,,,,,,,,,,,,,,,,,,,,,,,,,,,,,,,,,,,,,,,,,,,,,,,,,,,,,,,,,,,,,,,,,,,,,,,,,,,,,,,,,,,,,,,,,,,,,,,,,,,,,,,,,,,,,,,,,,,,,,,,,,,,,,,,,,,,,,,,,,,,,,,,,,,,,,,,,,,,,,,
Q52,4,16,1,1.03,,item,237,0,never_instantiated,0,,,,,0,0,store_sales,date_dim,30,0,never_instantiated,0,,,,,0,0,,,,,,,,,,,,,,,,,,,,,,,,,,,,,,,,,,,,,,,,,,,,,,,,,,,,,,,,,,,,,,,,,,,,,,,,,,,,,,,,,,,,,,,,,,,,,,,,,,,,,,,,,,,,,,,,,,,,,,,,,,,,,,,,,,,,,,,,,,,,,,,,,,,,,,,,,,,,,,,,,,,,,,,,,,,,,,,,,,,,,,,,,,,,,,,,,,,,,,,,,,,,,,,,,,,,,,,,,,,,,,,,,,,,,,,,,,,,,,,,,,,,,,,,,,,,,,,,,,,,,,,,,,,,,,,,,,,,,,,,,,,,,,,,,,,,,,,,,,,,,,,,,,,,,,,,,,,,,,,,,,,,,,,,,,,,,,,,,,,,,,,,,,,,,,,,,,,,,,,,,,,,,,,,,,,,,,,,,,,,,,,,,,,,,,,,,,,,,,,,,,,,,,,,,,,,,,,,,,,,,,,,,,,,,,,,,,,,,,,,,,,,
Q53,4,11,1,1.44,,item,980,0,never_instantiated,0,,,,,0,0,,date_dim,366,0,never_instantiated,0,,,,,0,0,store_sales,store,23,0,never_instantiated,0,,,,,0,0,,,,,,,,,,,,,,,,,,,,,,,,,,,,,,,,,,,,,,,,,,,,,,,,,,,,,,,,,,,,,,,,,,,,,,,,,,,,,,,,,,,,,,,,,,,,,,,,,,,,,,,,,,,,,,,,,,,,,,,,,,,,,,,,,,,,,,,,,,,,,,,,,,,,,,,,,,,,,,,,,,,,,,,,,,,,,,,,,,,,,,,,,,,,,,,,,,,,,,,,,,,,,,,,,,,,,,,,,,,,,,,,,,,,,,,,,,,,,,,,,,,,,,,,,,,,,,,,,,,,,,,,,,,,,,,,,,,,,,,,,,,,,,,,,,,,,,,,,,,,,,,,,,,,,,,,,,,,,,,,,,,,,,,,,,,,,,,,,,,,,,,,,,,,,,,,,,,,,,,,,,,,,,,,,,,,,,,,,,,,,,,,,,,,,,,,,,,,,,,,,,,,,,,,,,,,,,,,,,,,,,,,,,,,,,,,
Q54,4,10,1,9999999,,,,,,,,,,,,,,,,,,,,,,,,,,,,,,,,,,,,,,,,,,,,,,,,,,,,,,,,,,,,,,,,,,,,,,,,,,,,,,,,,,,,,,,,,,,,,,,,,,,,,,,,,,,,,,,,,,,,,,,,,,,,,,,,,,,,,,,,,,,,,,,,,,,,,,,,,,,,,,,,,,,,,,,,,,,,,,,,,,,,,,,,,,,,,,,,,,,,,,,,,,,,,,,,,,,,,,,,,,,,,,,,,,,,,,,,,,,,,,,,,,,,,,,,,,,,,,,,,,,,,,,,,,,,,,,,,,,,,,,,,,,,,,,,,,,,,,,,,,,,,,,,,,,,,,,,,,,,,,,,,,,,,,,,,,,,,,,,,,,,,,,,,,,,,,,,,,,,,,,,,,,,,,,,,,,,,,,,,,,,,,,,,,,,,,,,,,,,,,,,,,,,,,,,,,,,,,,,,,,,,,,,,,,,,,,,,,,,,,,,,,,,,,,,,,,,,,,,,,,,,,,,,,,,
Q55,4,16,1,1.03,,item,266,0,never_instantiated,0,,,,,0,0,store_sales,date_dim,30,0,never_instantiated,0,,,,,0,0,,,,,,,,,,,,,,,,,,,,,,,,,,,,,,,,,,,,,,,,,,,,,,,,,,,,,,,,,,,,,,,,,,,,,,,,,,,,,,,,,,,,,,,,,,,,,,,,,,,,,,,,,,,,,,,,,,,,,,,,,,,,,,,,,,,,,,,,,,,,,,,,,,,,,,,,,,,,,,,,,,,,,,,,,,,,,,,,,,,,,,,,,,,,,,,,,,,,,,,,,,,,,,,,,,,,,,,,,,,,,,,,,,,,,,,,,,,,,,,,,,,,,,,,,,,,,,,,,,,,,,,,,,,,,,,,,,,,,,,,,,,,,,,,,,,,,,,,,,,,,,,,,,,,,,,,,,,,,,,,,,,,,,,,,,,,,,,,,,,,,,,,,,,,,,,,,,,,,,,,,,,,,,,,,,,,,,,,,,,,,,,,,,,,,,,,,,,,,,,,,,,,,,,,,,,,,,,,,,,,,,,,,,,,,,,,,,,,,,,,,,,,
Q56,4,15,1,1.54,,item,763,0,never_instantiated,0,,,,,0,0,,date_dim,28,0,never_instantiated,0,,,,,0,0,,item,759,0,never_instantiated,0,,,,,0,0,store_sales,customer_address,6844,0,never_instantiated,0,,,,,0,0,,item,763,0,never_instantiated,0,,,,,0,0,,date_dim,28,0,never_instantiated,0,,,,,0,0,,customer_address,3840,0,never_instantiated,0,,,,,0,0,catalog_sales,item,759,0,never_instantiated,0,,,,,0,0,,item,763,0,never_instantiated,0,,,,,0,0,item,,2576,0,never_instantiated,0,,,,,0,0,,date_dim,28,0,never_instantiated,0,,,,,0,0,web_sales,customer_address,1880,0,never_instantiated,0,,,,,0,0,,,,,,,,,,,,,,,,,,,,,,,,,,,,,,,,,,,,,,,,,,,,,,,,,,,,,,,,,,,,,,,,,,,,,,,,,,,,,,,,,,,,,,,,,,,,,,,,,,,,,,,,,,,,,,,,,,,,,,,,,,,,,,,,,,,,,,,,,,,,,,,,,,,,,,,,,,,,,,,,,,,,,,,,,,,,,,,,,,,,,,,,,,,,,,,,,,,,,,,,,,,,,,,,,,,,,,,,,,,,,,,,,,,,,,,,,,,,,,,,,,,,,,,,,,,,,,,,,,,,,,,,,,,,,,,,,,,,,,,,,,,,,,,,,,,,,,,,,,,,,,,,,,,,,,,,,,,,,,,,,,,,
Q57,4,1,1,2.05,,item,28000,0,never_instantiated,0,,,,,0,0,,date_dim,427,0,never_instantiated,0,,,,,0,0,catalog_sales,call_center,6,0,never_instantiated,0,,,,,0,0,,,35962,0,never_instantiated,0,,,,,0,0,,,35962,0,never_instantiated,0,,,,,0,0,,,,,,,,,,,,,,,,,,,,,,,,,,,,,,,,,,,,,,,,,,,,,,,,,,,,,,,,,,,,,,,,,,,,,,,,,,,,,,,,,,,,,,,,,,,,,,,,,,,,,,,,,,,,,,,,,,,,,,,,,,,,,,,,,,,,,,,,,,,,,,,,,,,,,,,,,,,,,,,,,,,,,,,,,,,,,,,,,,,,,,,,,,,,,,,,,,,,,,,,,,,,,,,,,,,,,,,,,,,,,,,,,,,,,,,,,,,,,,,,,,,,,,,,,,,,,,,,,,,,,,,,,,,,,,,,,,,,,,,,,,,,,,,,,,,,,,,,,,,,,,,,,,,,,,,,,,,,,,,,,,,,,,,,,,,,,,,,,,,,,,,,,,,,,,,,,,,,,,,,,,,,,,,,,,,,,,,,,,,,,,,,,,,,,,,,,,,,,,,,,,,,,,,,
Q58,4,12,1,6.56,,,13990,0,never_instantiated,0,,,,,0,0,,,14001,0,never_instantiated,0,,,,,0,0,,,7,0,never_instantiated,0,,,,,0,0,,item,28000,0,never_instantiated,0,,,,,0,0,store_sales,date_dim,1827,0,never_instantiated,0,,,,,0,0,date_dim,date_dim,1,0,never_instantiated,0,,,,,0,0,,,7,0,never_instantiated,0,,,,,0,0,,date_dim,1840,0,never_instantiated,0,,,,,0,0,catalog_sales,item,28000,0,never_instantiated,0,,,,,0,0,date_dim,date_dim,1,0,never_instantiated,0,,,,,0,0,,,7,0,never_instantiated,0,,,,,0,0,,date_dim,1827,0,never_instantiated,0,,,,,0,0,web_sales,item,28000,0,never_instantiated,0,,,,,0,0,date_dim,date_dim,1,0,never_instantiated,0,,,,,0,0,,,,,,,,,,,,,,,,,,,,,,,,,,,,,,,,,,,,,,,,,,,,,,,,,,,,,,,,,,,,,,,,,,,,,,,,,,,,,,,,,,,,,,,,,,,,,,,,,,,,,,,,,,,,,,,,,,,,,,,,,,,,,,,,,,,,,,,,,,,,,,,,,,,,,,,,,,,,,,,,,,,,,,,,,,,,,,,,,,,,,,,,,,,,,,,,,,,,,,,,,,,,,,,,,,,,,,,,,,,,,,,,,,,,,,,,,,,,,,,,,,,,,,,,,,,,,,,,,,,,,,,,,,,,,,,,,,,,,,,,,,,,,,,,,,,,,,,,,,,,
Q59,4,16,1,6.35,store_sales,date_dim,1827,0,never_instantiated,0,,,,,0,0,,,8395,0,never_instantiated,0,,,,,0,0,,,6026,0,never_instantiated,0,,,,,0,0,,,6026,0,never_instantiated,0,,,,,0,0,,,,,,,,,,,,,,,,,,,,,,,,,,,,,,,,,,,,,,,,,,,,,,,,,,,,,,,,,,,,,,,,,,,,,,,,,,,,,,,,,,,,,,,,,,,,,,,,,,,,,,,,,,,,,,,,,,,,,,,,,,,,,,,,,,,,,,,,,,,,,,,,,,,,,,,,,,,,,,,,,,,,,,,,,,,,,,,,,,,,,,,,,,,,,,,,,,,,,,,,,,,,,,,,,,,,,,,,,,,,,,,,,,,,,,,,,,,,,,,,,,,,,,,,,,,,,,,,,,,,,,,,,,,,,,,,,,,,,,,,,,,,,,,,,,,,,,,,,,,,,,,,,,,,,,,,,,,,,,,,,,,,,,,,,,,,,,,,,,,,,,,,,,,,,,,,,,,,,,,,,,,,,,,,,,,,,,,,,,,,,,,,,,,,,,,,,,,,,,,,,,,,,,,,,,,,,,,,,,,,
Q60,4,16,1,1.75,,item,2825,0,never_instantiated,0,,,,,0,0,,customer_address,24233,0,never_instantiated,0,,,,,0,0,,item,2652,0,never_instantiated,0,,,,,0,0,store_sales,date_dim,30,0,never_instantiated,0,,,,,0,0,,item,2825,0,never_instantiated,0,,,,,0,0,,date_dim,30,0,never_instantiated,0,,,,,0,0,,item,2652,0,never_instantiated,0,,,,,0,0,catalog_sales,customer_address,16636,0,never_instantiated,0,,,,,0,0,,item,2825,0,never_instantiated,0,,,,,0,0,item,,21681,0,never_instantiated,0,,,,,0,0,,customer_address,7864,0,never_instantiated,0,,,,,0,0,web_sales,date_dim,30,0,never_instantiated,0,,,,,0,0,,,,,,,,,,,,,,,,,,,,,,,,,,,,,,,,,,,,,,,,,,,,,,,,,,,,,,,,,,,,,,,,,,,,,,,,,,,,,,,,,,,,,,,,,,,,,,,,,,,,,,,,,,,,,,,,,,,,,,,,,,,,,,,,,,,,,,,,,,,,,,,,,,,,,,,,,,,,,,,,,,,,,,,,,,,,,,,,,,,,,,,,,,,,,,,,,,,,,,,,,,,,,,,,,,,,,,,,,,,,,,,,,,,,,,,,,,,,,,,,,,,,,,,,,,,,,,,,,,,,,,,,,,,,,,,,,,,,,,,,,,,,,,,,,,,,,,,,,,,,,,,,,,,,,,,,,,,,,,,,,,,,
Q61,4,7,1,2.67,customer_address,,85013,0,never_instantiated,0,,,,,0,0,,date_dim,30,0,never_instantiated,0,,,,,0,0,,promotion,180,0,never_instantiated,0,,,,,0,0,,store,23,0,never_instantiated,0,,,,,0,0,,item,1386,0,never_instantiated,0,,,,,0,0,store_sales,customer,58414,0,never_instantiated,0,,,,,0,0,customer_address,,169086,0,never_instantiated,0,,,,,0,0,,item,1386,0,never_instantiated,0,,,,,0,0,,date_dim,30,0,never_instantiated,0,,,,,0,0,,customer,85712,0,never_instantiated,0,,,,,0,0,store_sales,store,23,0,never_instantiated,0,,,,,0,0,,,,,,,,,,,,,,,,,,,,,,,,,,,,,,,,,,,,,,,,,,,,,,,,,,,,,,,,,,,,,,,,,,,,,,,,,,,,,,,,,,,,,,,,,,,,,,,,,,,,,,,,,,,,,,,,,,,,,,,,,,,,,,,,,,,,,,,,,,,,,,,,,,,,,,,,,,,,,,,,,,,,,,,,,,,,,,,,,,,,,,,,,,,,,,,,,,,,,,,,,,,,,,,,,,,,,,,,,,,,,,,,,,,,,,,,,,,,,,,,,,,,,,,,,,,,,,,,,,,,,,,,,,,,,,,,,,,,,,,,,,,,,,,,,,,,,,,,,,,,,,,,,,,,,,,,,,,,,,,,,,,,,,,,,,,,,,,,
Q62,4,10,1,1.44,,warehouse,5,0,never_instantiated,0,,,,,0,0,,ship_mode,20,0,never_instantiated,0,,,,,0,0,,date_dim,366,0,never_instantiated,0,,,,,0,0,web_sales,web_site,28,0,never_instantiated,0,,,,,0,0,,,,,,,,,,,,,,,,,,,,,,,,,,,,,,,,,,,,,,,,,,,,,,,,,,,,,,,,,,,,,,,,,,,,,,,,,,,,,,,,,,,,,,,,,,,,,,,,,,,,,,,,,,,,,,,,,,,,,,,,,,,,,,,,,,,,,,,,,,,,,,,,,,,,,,,,,,,,,,,,,,,,,,,,,,,,,,,,,,,,,,,,,,,,,,,,,,,,,,,,,,,,,,,,,,,,,,,,,,,,,,,,,,,,,,,,,,,,,,,,,,,,,,,,,,,,,,,,,,,,,,,,,,,,,,,,,,,,,,,,,,,,,,,,,,,,,,,,,,,,,,,,,,,,,,,,,,,,,,,,,,,,,,,,,,,,,,,,,,,,,,,,,,,,,,,,,,,,,,,,,,,,,,,,,,,,,,,,,,,,,,,,,,,,,,,,,,,,,,,,,,,,,,,,,,,,,,,,,,,,
Q63,4,14,1,1.44,,item,980,0,never_instantiated,0,,,,,0,0,,date_dim,366,0,never_instantiated,0,,,,,0,0,store_sales,store,23,0,never_instantiated,0,,,,,0,0,,,,,,,,,,,,,,,,,,,,,,,,,,,,,,,,,,,,,,,,,,,,,,,,,,,,,,,,,,,,,,,,,,,,,,,,,,,,,,,,,,,,,,,,,,,,,,,,,,,,,,,,,,,,,,,,,,,,,,,,,,,,,,,,,,,,,,,,,,,,,,,,,,,,,,,,,,,,,,,,,,,,,,,,,,,,,,,,,,,,,,,,,,,,,,,,,,,,,,,,,,,,,,,,,,,,,,,,,,,,,,,,,,,,,,,,,,,,,,,,,,,,,,,,,,,,,,,,,,,,,,,,,,,,,,,,,,,,,,,,,,,,,,,,,,,,,,,,,,,,,,,,,,,,,,,,,,,,,,,,,,,,,,,,,,,,,,,,,,,,,,,,,,,,,,,,,,,,,,,,,,,,,,,,,,,,,,,,,,,,,,,,,,,,,,,,,,,,,,,,,,,,,,,,,,,,,,,,,,,,,,,,,,,,,,,,
Q64,4,2,1,4.31,,,188,0,never_instantiated,0,,,,,0,0,,date_dim,3651,0,never_instantiated,0,,,,,0,0,,date_dim,3651,0,never_instantiated,0,,,,,0,0,,customer_address,133000,0,never_instantiated,0,,,,,0,0,,date_dim,730,0,never_instantiated,0,,,,,0,0,,income_band,20,0,never_instantiated,0,,,,,0,0,,customer_demographics,195052,0,never_instantiated,0,,,,,0,0,,store,23,0,never_instantiated,0,,,,,0,0,,promotion,355,0,never_instantiated,0,,,,,0,0,,household_demographics,7200,0,never_instantiated,0,,,,,0,0,,customer_address,104251,0,never_instantiated,0,,,,,0,0,,store_returns,45488,0,never_instantiated,0,,,,,0,0,,income_band,20,0,never_instantiated,0,,,,,0,0,,household_demographics,7200,0,never_instantiated,0,,,,,0,0,,customer_demographics,1920788,0,never_instantiated,0,,,,,0,0,,,8,0,never_instantiated,0,,,,,0,0,store_sales,customer,142502,0,never_instantiated,0,,,,,0,0,item,,6,0,never_instantiated,0,,,,,0,0,catalog_sales,catalog_returns,223013,0,never_instantiated,0,,,,,0,0,,,154,0,never_instantiated,0,,,,,0,0,,,,,,,,,,,,,,,,,,,,,,,,,,,,,,,,,,,,,,,,,,,,,,,,,,,,,,,,,,,,,,,,,,,,,,,,,,,,,,,,,,,,,,,,,,,,,,,,,,,,,,,,,,,,,,,,,,,,,,,,,,,,,,,,,,,,,,,,,,,,,,,,,,,,,,,,,,,,,,,,,,,,,,,,,,,,,,,,,,,,,,,,,,,,,,,,,,,,,,,,,,,,,,,,,,,,,,,,,,,,,,,,,,,,
Q65,4,18,1,5.84,,,322023,0,never_instantiated,0,,,,,0,0,store_sales,date_dim,363,0,never_instantiated,0,,,,,0,0,,,23,0,never_instantiated,0,,,,,0,0,store_sales,date_dim,363,0,never_instantiated,0,,,,,0,0,,,,,,,,,,,,,,,,,,,,,,,,,,,,,,,,,,,,,,,,,,,,,,,,,,,,,,,,,,,,,,,,,,,,,,,,,,,,,,,,,,,,,,,,,,,,,,,,,,,,,,,,,,,,,,,,,,,,,,,,,,,,,,,,,,,,,,,,,,,,,,,,,,,,,,,,,,,,,,,,,,,,,,,,,,,,,,,,,,,,,,,,,,,,,,,,,,,,,,,,,,,,,,,,,,,,,,,,,,,,,,,,,,,,,,,,,,,,,,,,,,,,,,,,,,,,,,,,,,,,,,,,,,,,,,,,,,,,,,,,,,,,,,,,,,,,,,,,,,,,,,,,,,,,,,,,,,,,,,,,,,,,,,,,,,,,,,,,,,,,,,,,,,,,,,,,,,,,,,,,,,,,,,,,,,,,,,,,,,,,,,,,,,,,,,,,,,,,,,,,,,,,,,,,,,,,,,,,,,,,
Q66,4,11,1,0.93,,time_dim,25488,0,never_instantiated,0,,,,,0,0,,warehouse,5,0,never_instantiated,0,,,,,0,0,,ship_mode,2,0,never_instantiated,0,,,,,0,0,web_sales,date_dim,364,0,never_instantiated,0,,,,,0,0,,ship_mode,2,0,never_instantiated,0,,,,,0,0,,date_dim,364,0,never_instantiated,0,,,,,0,0,,time_dim,28490,0,never_instantiated,0,,,,,0,0,catalog_sales,warehouse,5,0,never_instantiated,0,,,,,0,0,,,,,,,,,,,,,,,,,,,,,,,,,,,,,,,,,,,,,,,,,,,,,,,,,,,,,,,,,,,,,,,,,,,,,,,,,,,,,,,,,,,,,,,,,,,,,,,,,,,,,,,,,,,,,,,,,,,,,,,,,,,,,,,,,,,,,,,,,,,,,,,,,,,,,,,,,,,,,,,,,,,,,,,,,,,,,,,,,,,,,,,,,,,,,,,,,,,,,,,,,,,,,,,,,,,,,,,,,,,,,,,,,,,,,,,,,,,,,,,,,,,,,,,,,,,,,,,,,,,,,,,,,,,,,,,,,,,,,,,,,,,,,,,,,,,,,,,,,,,,,,,,,,,,,,,,,,,,,,,,,,,,,,,,,,,,,,,,,,,,,,,,,,,,,,,,,,,,,,,,,,,,,,,,,,,,
Q67,4,13,1,25.65,,date_dim,366,0,never_instantiated,0,,,,,0,0,,store,23,0,never_instantiated,0,,,,,0,0,store_sales,item,18592,0,never_instantiated,0,,,,,0,0,,,,,,,,,,,,,,,,,,,,,,,,,,,,,,,,,,,,,,,,,,,,,,,,,,,,,,,,,,,,,,,,,,,,,,,,,,,,,,,,,,,,,,,,,,,,,,,,,,,,,,,,,,,,,,,,,,,,,,,,,,,,,,,,,,,,,,,,,,,,,,,,,,,,,,,,,,,,,,,,,,,,,,,,,,,,,,,,,,,,,,,,,,,,,,,,,,,,,,,,,,,,,,,,,,,,,,,,,,,,,,,,,,,,,,,,,,,,,,,,,,,,,,,,,,,,,,,,,,,,,,,,,,,,,,,,,,,,,,,,,,,,,,,,,,,,,,,,,,,,,,,,,,,,,,,,,,,,,,,,,,,,,,,,,,,,,,,,,,,,,,,,,,,,,,,,,,,,,,,,,,,,,,,,,,,,,,,,,,,,,,,,,,,,,,,,,,,,,,,,,,,,,,,,,,,,,,,,,,,,,,,,,,,,,,,,
Q68,4,8,1,2.98,,,29752,0,never_instantiated,0,,,,,0,0,,store,16,0,never_instantiated,0,,,,,0,0,,date_dim,70,0,never_instantiated,0,,,,,0,0,,household_demographics,1800,0,never_instantiated,0,,,,,0,0,store_sales,customer_address,28920,0,never_instantiated,0,,,,,0,0,customer,customer_address,27519,0,never_instantiated,0,,,,,0,0,,,,,,,,,,,,,,,,,,,,,,,,,,,,,,,,,,,,,,,,,,,,,,,,,,,,,,,,,,,,,,,,,,,,,,,,,,,,,,,,,,,,,,,,,,,,,,,,,,,,,,,,,,,,,,,,,,,,,,,,,,,,,,,,,,,,,,,,,,,,,,,,,,,,,,,,,,,,,,,,,,,,,,,,,,,,,,,,,,,,,,,,,,,,,,,,,,,,,,,,,,,,,,,,,,,,,,,,,,,,,,,,,,,,,,,,,,,,,,,,,,,,,,,,,,,,,,,,,,,,,,,,,,,,,,,,,,,,,,,,,,,,,,,,,,,,,,,,,,,,,,,,,,,,,,,,,,,,,,,,,,,,,,,,,,,,,,,,,,,,,,,,,,,,,,,,,,,,,,,,,,,,,,,,,,,,,,,,,,,,,,,,,,,,,,,,,,,,
Q69,4,18,1,1.13,customer_demographics,,24569,0,never_instantiated,0,,,,,0,0,customer,customer_address,11029,0,never_instantiated,0,,,,,0,0,,,24569,0,never_instantiated,0,,,,,0,0,,,24569,0,never_instantiated,0,,,,,0,0,store_sales,date_dim,91,0,never_instantiated,0,,,,,0,0,,,9959,0,never_instantiated,0,,,,,0,0,,,9959,0,never_instantiated,0,,,,,0,0,web_sales,date_dim,91,0,never_instantiated,0,,,,,0,0,,,8750,0,never_instantiated,0,,,,,0,0,,,8750,0,never_instantiated,0,,,,,0,0,catalog_sales,date_dim,91,0,never_instantiated,0,,,,,0,0,,,,,,,,,,,,,,,,,,,,,,,,,,,,,,,,,,,,,,,,,,,,,,,,,,,,,,,,,,,,,,,,,,,,,,,,,,,,,,,,,,,,,,,,,,,,,,,,,,,,,,,,,,,,,,,,,,,,,,,,,,,,,,,,,,,,,,,,,,,,,,,,,,,,,,,,,,,,,,,,,,,,,,,,,,,,,,,,,,,,,,,,,,,,,,,,,,,,,,,,,,,,,,,,,,,,,,,,,,,,,,,,,,,,,,,,,,,,,,,,,,,,,,,,,,,,,,,,,,,,,,,,,,,,,,,,,,,,,,,,,,,,,,,,,,,,,,,,,,,,,,,,,,,,,,,,,,,,,,,,,,,,,,,,,,,,,,,,
Q70,4,8,1,5.53,,,1,0,never_instantiated,0,,,,,0,0,,store,23,0,never_instantiated,0,,,,,0,0,store_sales,date_dim,366,0,never_instantiated,0,,,,,0,0,,date_dim,366,0,never_instantiated,0,,,,,0,0,store_sales,store,23,0,never_instantiated,0,,,,,0,0,,,,,,,,,,,,,,,,,,,,,,,,,,,,,,,,,,,,,,,,,,,,,,,,,,,,,,,,,,,,,,,,,,,,,,,,,,,,,,,,,,,,,,,,,,,,,,,,,,,,,,,,,,,,,,,,,,,,,,,,,,,,,,,,,,,,,,,,,,,,,,,,,,,,,,,,,,,,,,,,,,,,,,,,,,,,,,,,,,,,,,,,,,,,,,,,,,,,,,,,,,,,,,,,,,,,,,,,,,,,,,,,,,,,,,,,,,,,,,,,,,,,,,,,,,,,,,,,,,,,,,,,,,,,,,,,,,,,,,,,,,,,,,,,,,,,,,,,,,,,,,,,,,,,,,,,,,,,,,,,,,,,,,,,,,,,,,,,,,,,,,,,,,,,,,,,,,,,,,,,,,,,,,,,,,,,,,,,,,,,,,,,,,,,,,,,,,,,,,,,,,,,,,,,
Q71,4,9,1,1.64,time_dim,,53922,0,never_instantiated,0,,,,,0,0,,item,473,0,never_instantiated,0,,,,,0,0,web_sales,date_dim,30,0,never_instantiated,0,,,,,0,0,catalog_sales,date_dim,30,0,never_instantiated,0,,,,,0,0,store_sales,date_dim,30,0,never_instantiated,0,,,,,0,0,,,,,,,,,,,,,,,,,,,,,,,,,,,,,,,,,,,,,,,,,,,,,,,,,,,,,,,,,,,,,,,,,,,,,,,,,,,,,,,,,,,,,,,,,,,,,,,,,,,,,,,,,,,,,,,,,,,,,,,,,,,,,,,,,,,,,,,,,,,,,,,,,,,,,,,,,,,,,,,,,,,,,,,,,,,,,,,,,,,,,,,,,,,,,,,,,,,,,,,,,,,,,,,,,,,,,,,,,,,,,,,,,,,,,,,,,,,,,,,,,,,,,,,,,,,,,,,,,,,,,,,,,,,,,,,,,,,,,,,,,,,,,,,,,,,,,,,,,,,,,,,,,,,,,,,,,,,,,,,,,,,,,,,,,,,,,,,,,,,,,,,,,,,,,,,,,,,,,,,,,,,,,,,,,,,,,,,,,,,,,,,,,,,,,,,,,,,,,,,,,,,,,,,,
Q72,4,1,1,2.36,,catalog_returns,18986,0,never_instantiated,0,,,,,0,0,,promotion,355,0,never_instantiated,0,,,,,0,0,,item,14001,0,never_instantiated,0,,,,,0,0,,date_dim,364,0,never_instantiated,0,,,,,0,0,,date_dim,261,0,never_instantiated,0,,,,,0,0,,date_dim,453,0,never_instantiated,0,,,,,0,0,,warehouse,5,0,never_instantiated,0,,,,,0,0,,household_demographics,1200,0,never_instantiated,0,,,,,0,0,inventory,,186887,0,never_instantiated,0,,,,,0,0,catalog_sales,customer_demographics,20408,0,never_instantiated,0,,,,,0,0,,,,,,,,,,,,,,,,,,,,,,,,,,,,,,,,,,,,,,,,,,,,,,,,,,,,,,,,,,,,,,,,,,,,,,,,,,,,,,,,,,,,,,,,,,,,,,,,,,,,,,,,,,,,,,,,,,,,,,,,,,,,,,,,,,,,,,,,,,,,,,,,,,,,,,,,,,,,,,,,,,,,,,,,,,,,,,,,,,,,,,,,,,,,,,,,,,,,,,,,,,,,,,,,,,,,,,,,,,,,,,,,,,,,,,,,,,,,,,,,,,,,,,,,,,,,,,,,,,,,,,,,,,,,,,,,,,,,,,,,,,,,,,,,,,,,,,,,,,,,,,,,,,,,,,,,,,,,,,,,,,,,,,,,,,,,,,,,,,,,,,,,,,,,
Q73,4,10,1,1.75,customer,,81,0,never_instantiated,0,,,,,0,0,,household_demographics,1040,0,never_instantiated,0,,,,,0,0,,store,22,0,never_instantiated,0,,,,,0,0,store_sales,date_dim,70,0,never_instantiated,0,,,,,0,0,,,,,,,,,,,,,,,,,,,,,,,,,,,,,,,,,,,,,,,,,,,,,,,,,,,,,,,,,,,,,,,,,,,,,,,,,,,,,,,,,,,,,,,,,,,,,,,,,,,,,,,,,,,,,,,,,,,,,,,,,,,,,,,,,,,,,,,,,,,,,,,,,,,,,,,,,,,,,,,,,,,,,,,,,,,,,,,,,,,,,,,,,,,,,,,,,,,,,,,,,,,,,,,,,,,,,,,,,,,,,,,,,,,,,,,,,,,,,,,,,,,,,,,,,,,,,,,,,,,,,,,,,,,,,,,,,,,,,,,,,,,,,,,,,,,,,,,,,,,,,,,,,,,,,,,,,,,,,,,,,,,,,,,,,,,,,,,,,,,,,,,,,,,,,,,,,,,,,,,,,,,,,,,,,,,,,,,,,,,,,,,,,,,,,,,,,,,,,,,,,,,,,,,,,,,,,,,,,,,,
Q74,4,9,1,10.04,,,148861,0,never_instantiated,0,,,,,0,0,,date_dim,365,0,never_instantiated,0,,,,,0,0,web_sales,customer,266000,0,never_instantiated,0,,,,,0,0,,,157499,0,never_instantiated,0,,,,,0,0,,,258504,0,never_instantiated,0,,,,,0,0,,date_dim,364,0,never_instantiated,0,,,,,0,0,store_sales,customer,264132,0,never_instantiated,0,,,,,0,0,customer,,10690261,0,never_instantiated,0,,,,,0,0,store_sales,date_dim,364,0,never_instantiated,0,,,,,0,0,,date_dim,364,0,never_instantiated,0,,,,,0,0,web_sales,customer,157499,0,never_instantiated,0,,,,,0,0,,,,,,,,,,,,,,,,,,,,,,,,,,,,,,,,,,,,,,,,,,,,,,,,,,,,,,,,,,,,,,,,,,,,,,,,,,,,,,,,,,,,,,,,,,,,,,,,,,,,,,,,,,,,,,,,,,,,,,,,,,,,,,,,,,,,,,,,,,,,,,,,,,,,,,,,,,,,,,,,,,,,,,,,,,,,,,,,,,,,,,,,,,,,,,,,,,,,,,,,,,,,,,,,,,,,,,,,,,,,,,,,,,,,,,,,,,,,,,,,,,,,,,,,,,,,,,,,,,,,,,,,,,,,,,,,,,,,,,,,,,,,,,,,,,,,,,,,,,,,,,,,,,,,,,,,,,,,,,,,,,,,,,,,,,,,,,,,
Q75,4,5,1,6.15,catalog_returns,,1121987,0,never_instantiated,0,,,,,0,0,,date_dim,728,0,never_instantiated,0,,,,,0,0,catalog_sales,item,1831,0,never_instantiated,0,,,,,0,0,store_returns,,2157069,0,never_instantiated,0,,,,,0,0,,date_dim,728,0,never_instantiated,0,,,,,0,0,store_sales,item,1831,0,never_instantiated,0,,,,,0,0,web_returns,,565201,0,never_instantiated,0,,,,,0,0,,date_dim,728,0,never_instantiated,0,,,,,0,0,web_sales,item,1831,0,never_instantiated,0,,,,,0,0,,,1381,0,never_instantiated,0,,,,,0,0,,,,,,,,,,,,,,,,,,,,,,,,,,,,,,,,,,,,,,,,,,,,,,,,,,,,,,,,,,,,,,,,,,,,,,,,,,,,,,,,,,,,,,,,,,,,,,,,,,,,,,,,,,,,,,,,,,,,,,,,,,,,,,,,,,,,,,,,,,,,,,,,,,,,,,,,,,,,,,,,,,,,,,,,,,,,,,,,,,,,,,,,,,,,,,,,,,,,,,,,,,,,,,,,,,,,,,,,,,,,,,,,,,,,,,,,,,,,,,,,,,,,,,,,,,,,,,,,,,,,,,,,,,,,,,,,,,,,,,,,,,,,,,,,,,,,,,,,,,,,,,,,,,,,,,,,,,,,,,,,,,,,,,,,,,,,,,,,,,,,,,,,,,,,
Q76,4,8,1,2.46,,item,28000,0,never_instantiated,0,,,,,0,0,store_sales,date_dim,1823,0,never_instantiated,0,,,,,0,0,,item,3381,0,never_instantiated,0,,,,,0,0,web_sales,date_dim,1071,0,never_instantiated,0,,,,,0,0,,item,27185,0,never_instantiated,0,,,,,0,0,catalog_sales,date_dim,1836,0,never_instantiated,0,,,,,0,0,,,,,,,,,,,,,,,,,,,,,,,,,,,,,,,,,,,,,,,,,,,,,,,,,,,,,,,,,,,,,,,,,,,,,,,,,,,,,,,,,,,,,,,,,,,,,,,,,,,,,,,,,,,,,,,,,,,,,,,,,,,,,,,,,,,,,,,,,,,,,,,,,,,,,,,,,,,,,,,,,,,,,,,,,,,,,,,,,,,,,,,,,,,,,,,,,,,,,,,,,,,,,,,,,,,,,,,,,,,,,,,,,,,,,,,,,,,,,,,,,,,,,,,,,,,,,,,,,,,,,,,,,,,,,,,,,,,,,,,,,,,,,,,,,,,,,,,,,,,,,,,,,,,,,,,,,,,,,,,,,,,,,,,,,,,,,,,,,,,,,,,,,,,,,,,,,,,,,,,,,,,,,,,,,,,,,,,,,,,,,,,,,,,,,,,,,,,,
Q77,4,2,1,2.05,,,23,0,never_instantiated,0,,,,,0,0,,date_dim,31,0,never_instantiated,0,,,,,0,0,store_returns,store,23,0,never_instantiated,0,,,,,0,0,,store,23,0,never_instantiated,0,,,,,0,0,store_sales,date_dim,31,0,never_instantiated,0,,,,,0,0,catalog_sales,date_dim,31,0,never_instantiated,0,,,,,0,0,catalog_returns,date_dim,31,0,never_instantiated,0,,,,,0,0,,,132,0,never_instantiated,0,,,,,0,0,,date_dim,31,0,never_instantiated,0,,,,,0,0,web_returns,web_page,132,0,never_instantiated,0,,,,,0,0,,web_page,132,0,never_instantiated,0,,,,,0,0,web_sales,date_dim,31,0,never_instantiated,0,,,,,0,0,,,,,,,,,,,,,,,,,,,,,,,,,,,,,,,,,,,,,,,,,,,,,,,,,,,,,,,,,,,,,,,,,,,,,,,,,,,,,,,,,,,,,,,,,,,,,,,,,,,,,,,,,,,,,,,,,,,,,,,,,,,,,,,,,,,,,,,,,,,,,,,,,,,,,,,,,,,,,,,,,,,,,,,,,,,,,,,,,,,,,,,,,,,,,,,,,,,,,,,,,,,,,,,,,,,,,,,,,,,,,,,,,,,,,,,,,,,,,,,,,,,,,,,,,,,,,,,,,,,,,,,,,,,,,,,,,,,,,,,,,,,,,,,,,,,,,,,,,,,,,,,,,,,,,,,,,,,,,,,,,,,,
Q78,4,8,1,13.84,,,5137173,0,never_instantiated,0,,,,,0,0,,,2598440,0,never_instantiated,0,,,,,0,0,,date_dim,366,0,never_instantiated,0,,,,,0,0,store_sales,store_returns,1156647,0,never_instantiated,0,,,,,0,0,,date_dim,366,0,never_instantiated,0,,,,,0,0,web_sales,web_returns,1439041,0,never_instantiated,0,,,,,0,0,,date_dim,366,0,never_instantiated,0,,,,,0,0,catalog_sales,catalog_returns,2880565,0,never_instantiated,0,,,,,0,0,,,,,,,,,,,,,,,,,,,,,,,,,,,,,,,,,,,,,,,,,,,,,,,,,,,,,,,,,,,,,,,,,,,,,,,,,,,,,,,,,,,,,,,,,,,,,,,,,,,,,,,,,,,,,,,,,,,,,,,,,,,,,,,,,,,,,,,,,,,,,,,,,,,,,,,,,,,,,,,,,,,,,,,,,,,,,,,,,,,,,,,,,,,,,,,,,,,,,,,,,,,,,,,,,,,,,,,,,,,,,,,,,,,,,,,,,,,,,,,,,,,,,,,,,,,,,,,,,,,,,,,,,,,,,,,,,,,,,,,,,,,,,,,,,,,,,,,,,,,,,,,,,,,,,,,,,,,,,,,,,,,,,,,,,,,,,,,,,,,,,,,,,,,,,,,,,,,,,,,,,,,,,,,,,,,,
Q79,4,17,1,3.18,,customer,122634,0,never_instantiated,0,,,,,0,0,,household_demographics,2880,0,never_instantiated,0,,,,,0,0,,date_dim,157,0,never_instantiated,0,,,,,0,0,store_sales,store,21,0,never_instantiated,0,,,,,0,0,,,,,,,,,,,,,,,,,,,,,,,,,,,,,,,,,,,,,,,,,,,,,,,,,,,,,,,,,,,,,,,,,,,,,,,,,,,,,,,,,,,,,,,,,,,,,,,,,,,,,,,,,,,,,,,,,,,,,,,,,,,,,,,,,,,,,,,,,,,,,,,,,,,,,,,,,,,,,,,,,,,,,,,,,,,,,,,,,,,,,,,,,,,,,,,,,,,,,,,,,,,,,,,,,,,,,,,,,,,,,,,,,,,,,,,,,,,,,,,,,,,,,,,,,,,,,,,,,,,,,,,,,,,,,,,,,,,,,,,,,,,,,,,,,,,,,,,,,,,,,,,,,,,,,,,,,,,,,,,,,,,,,,,,,,,,,,,,,,,,,,,,,,,,,,,,,,,,,,,,,,,,,,,,,,,,,,,,,,,,,,,,,,,,,,,,,,,,,,,,,,,,,,,,,,,,,,,,,,,,
Q80,4,15,1,2.57,,item,789,0,never_instantiated,0,,,,,0,0,,store,23,0,never_instantiated,0,,,,,0,0,,promotion,349,0,never_instantiated,0,,,,,0,0,,date_dim,31,0,never_instantiated,0,,,,,0,0,store_sales,store_returns,62743,0,never_instantiated,0,,,,,0,0,,date_dim,31,0,never_instantiated,0,,,,,0,0,,promotion,349,0,never_instantiated,0,,,,,0,0,,item,789,0,never_instantiated,0,,,,,0,0,,catalog_page,432,0,never_instantiated,0,,,,,0,0,catalog_sales,catalog_returns,28240,0,never_instantiated,0,,,,,0,0,,item,789,0,never_instantiated,0,,,,,0,0,,date_dim,31,0,never_instantiated,0,,,,,0,0,,promotion,349,0,never_instantiated,0,,,,,0,0,,web_site,15,0,never_instantiated,0,,,,,0,0,web_sales,web_returns,16931,0,never_instantiated,0,,,,,0,0,,,,,,,,,,,,,,,,,,,,,,,,,,,,,,,,,,,,,,,,,,,,,,,,,,,,,,,,,,,,,,,,,,,,,,,,,,,,,,,,,,,,,,,,,,,,,,,,,,,,,,,,,,,,,,,,,,,,,,,,,,,,,,,,,,,,,,,,,,,,,,,,,,,,,,,,,,,,,,,,,,,,,,,,,,,,,,,,,,,,,,,,,,,,,,,,,,,,,,,,,,,,,,,,,,,,,,,,,,,,,,,,,,,,,,,,,,,,,,,,,,,,,,,,,,,,,,,,,,,,,,,,,,,,,,,,,,,,,,,,,,,,,,,,
Q81,4,1,1,0.62,customer_address,,564966,0,never_instantiated,0,,,,,0,0,catalog_returns,date_dim,366,0,never_instantiated,0,,,,,0,0,,,13049,0,never_instantiated,0,,,,,0,0,customer,customer_address,6457,0,never_instantiated,0,,,,,0,0,,,26829,0,never_instantiated,0,,,,,0,0,,,51,0,never_instantiated,0,,,,,0,0,,,,,,,,,,,,,,,,,,,,,,,,,,,,,,,,,,,,,,,,,,,,,,,,,,,,,,,,,,,,,,,,,,,,,,,,,,,,,,,,,,,,,,,,,,,,,,,,,,,,,,,,,,,,,,,,,,,,,,,,,,,,,,,,,,,,,,,,,,,,,,,,,,,,,,,,,,,,,,,,,,,,,,,,,,,,,,,,,,,,,,,,,,,,,,,,,,,,,,,,,,,,,,,,,,,,,,,,,,,,,,,,,,,,,,,,,,,,,,,,,,,,,,,,,,,,,,,,,,,,,,,,,,,,,,,,,,,,,,,,,,,,,,,,,,,,,,,,,,,,,,,,,,,,,,,,,,,,,,,,,,,,,,,,,,,,,,,,,,,,,,,,,,,,,,,,,,,,,,,,,,,,,,,,,,,,,,,,,,,,,,,,,,,,,,,,,,,,
Q82,4,16,1,0.41,,item,2,0,never_instantiated,0,,,,,0,0,store_sales,,37,0,never_instantiated,0,,,,,0,0,inventory,date_dim,9,0,never_instantiated,0,,,,,0,0,,,,,,,,,,,,,,,,,,,,,,,,,,,,,,,,,,,,,,,,,,,,,,,,,,,,,,,,,,,,,,,,,,,,,,,,,,,,,,,,,,,,,,,,,,,,,,,,,,,,,,,,,,,,,,,,,,,,,,,,,,,,,,,,,,,,,,,,,,,,,,,,,,,,,,,,,,,,,,,,,,,,,,,,,,,,,,,,,,,,,,,,,,,,,,,,,,,,,,,,,,,,,,,,,,,,,,,,,,,,,,,,,,,,,,,,,,,,,,,,,,,,,,,,,,,,,,,,,,,,,,,,,,,,,,,,,,,,,,,,,,,,,,,,,,,,,,,,,,,,,,,,,,,,,,,,,,,,,,,,,,,,,,,,,,,,,,,,,,,,,,,,,,,,,,,,,,,,,,,,,,,,,,,,,,,,,,,,,,,,,,,,,,,,,,,,,,,,,,,,,,,,,,,,,,,,,,,,,,,,,,,,,,,,,,,,
Q83,4,10,1,0.31,,,7376,0,never_instantiated,0,,,,,0,0,,,21,0,never_instantiated,0,,,,,0,0,,date_dim,21,0,never_instantiated,0,,,,,0,0,web_returns,item,7999,0,never_instantiated,0,,,,,0,0,date_dim,date_dim,3,0,never_instantiated,0,,,,,0,0,,,7376,0,never_instantiated,0,,,,,0,0,,,21,0,never_instantiated,0,,,,,0,0,,date_dim,21,0,never_instantiated,0,,,,,0,0,catalog_returns,item,8116,0,never_instantiated,0,,,,,0,0,date_dim,date_dim,3,0,never_instantiated,0,,,,,0,0,,,21,0,never_instantiated,0,,,,,0,0,,item,7408,0,never_instantiated,0,,,,,0,0,store_returns,date_dim,21,0,never_instantiated,0,,,,,0,0,date_dim,date_dim,3,0,never_instantiated,0,,,,,0,0,,,,,,,,,,,,,,,,,,,,,,,,,,,,,,,,,,,,,,,,,,,,,,,,,,,,,,,,,,,,,,,,,,,,,,,,,,,,,,,,,,,,,,,,,,,,,,,,,,,,,,,,,,,,,,,,,,,,,,,,,,,,,,,,,,,,,,,,,,,,,,,,,,,,,,,,,,,,,,,,,,,,,,,,,,,,,,,,,,,,,,,,,,,,,,,,,,,,,,,,,,,,,,,,,,,,,,,,,,,,,,,,,,,,,,,,,,,,,,,,,,,,,,,,,,,,,,,,,,,,,,,,,,,,,,,,,,,,,,,,,,,,,,,,,,,,,,,,,,,,
Q84,4,10,1,0.21,,customer_address,395,0,never_instantiated,0,,,,,0,0,store_returns,,448,0,never_instantiated,0,,,,,0,0,,income_band,4,0,never_instantiated,0,,,,,0,0,customer_demographics,,448,0,never_instantiated,0,,,,,0,0,customer,household_demographics,391,0,never_instantiated,0,,,,,0,0,,,,,,,,,,,,,,,,,,,,,,,,,,,,,,,,,,,,,,,,,,,,,,,,,,,,,,,,,,,,,,,,,,,,,,,,,,,,,,,,,,,,,,,,,,,,,,,,,,,,,,,,,,,,,,,,,,,,,,,,,,,,,,,,,,,,,,,,,,,,,,,,,,,,,,,,,,,,,,,,,,,,,,,,,,,,,,,,,,,,,,,,,,,,,,,,,,,,,,,,,,,,,,,,,,,,,,,,,,,,,,,,,,,,,,,,,,,,,,,,,,,,,,,,,,,,,,,,,,,,,,,,,,,,,,,,,,,,,,,,,,,,,,,,,,,,,,,,,,,,,,,,,,,,,,,,,,,,,,,,,,,,,,,,,,,,,,,,,,,,,,,,,,,,,,,,,,,,,,,,,,,,,,,,,,,,,,,,,,,,,,,,,,,,,,,,,,,,,,,,,,,,,,,,
Q85,4,9,1,1.74,customer_demographics,,2554,0,never_instantiated,0,,,,,0,0,customer_demographics,,2569,0,never_instantiated,0,,,,,0,0,,customer_address,128938,0,never_instantiated,0,,,,,0,0,,reason,36,0,never_instantiated,0,,,,,0,0,web_returns,,2889119,0,never_instantiated,0,,,,,0,0,,web_page,264,0,never_instantiated,0,,,,,0,0,web_sales,date_dim,366,0,never_instantiated,0,,,,,0,0,,,,,,,,,,,,,,,,,,,,,,,,,,,,,,,,,,,,,,,,,,,,,,,,,,,,,,,,,,,,,,,,,,,,,,,,,,,,,,,,,,,,,,,,,,,,,,,,,,,,,,,,,,,,,,,,,,,,,,,,,,,,,,,,,,,,,,,,,,,,,,,,,,,,,,,,,,,,,,,,,,,,,,,,,,,,,,,,,,,,,,,,,,,,,,,,,,,,,,,,,,,,,,,,,,,,,,,,,,,,,,,,,,,,,,,,,,,,,,,,,,,,,,,,,,,,,,,,,,,,,,,,,,,,,,,,,,,,,,,,,,,,,,,,,,,,,,,,,,,,,,,,,,,,,,,,,,,,,,,,,,,,,,,,,,,,,,,,,,,,,,,,,,,,,,,,,,,,,,,,,,,,,,,,,,,,,,,,,,,,,,,,
Q86,4,10,1,1.03,,item,28000,0,never_instantiated,0,,,,,0,0,web_sales,date_dim,366,0,never_instantiated,0,,,,,0,0,,,,,,,,,,,,,,,,,,,,,,,,,,,,,,,,,,,,,,,,,,,,,,,,,,,,,,,,,,,,,,,,,,,,,,,,,,,,,,,,,,,,,,,,,,,,,,,,,,,,,,,,,,,,,,,,,,,,,,,,,,,,,,,,,,,,,,,,,,,,,,,,,,,,,,,,,,,,,,,,,,,,,,,,,,,,,,,,,,,,,,,,,,,,,,,,,,,,,,,,,,,,,,,,,,,,,,,,,,,,,,,,,,,,,,,,,,,,,,,,,,,,,,,,,,,,,,,,,,,,,,,,,,,,,,,,,,,,,,,,,,,,,,,,,,,,,,,,,,,,,,,,,,,,,,,,,,,,,,,,,,,,,,,,,,,,,,,,,,,,,,,,,,,,,,,,,,,,,,,,,,,,,,,,,,,,,,,,,,,,,,,,,,,,,,,,,,,,,,,,,,,,,,,,,,,,,,,,,,,,,,,,,,,,,,,,,,,,,,,,,,,,
Q87,4,14,1,5.13,,,236113,0,never_instantiated,0,,,,,0,0,,,621690,0,never_instantiated,0,,,,,0,0,,date_dim,366,0,never_instantiated,0,,,,,0,0,store_sales,customer,264234,0,never_instantiated,0,,,,,0,0,,date_dim,366,0,never_instantiated,0,,,,,0,0,catalog_sales,customer,266000,0,never_instantiated,0,,,,,0,0,,customer,266000,0,never_instantiated,0,,,,,0,0,web_sales,date_dim,366,0,never_instantiated,0,,,,,0,0,,,,,,,,,,,,,,,,,,,,,,,,,,,,,,,,,,,,,,,,,,,,,,,,,,,,,,,,,,,,,,,,,,,,,,,,,,,,,,,,,,,,,,,,,,,,,,,,,,,,,,,,,,,,,,,,,,,,,,,,,,,,,,,,,,,,,,,,,,,,,,,,,,,,,,,,,,,,,,,,,,,,,,,,,,,,,,,,,,,,,,,,,,,,,,,,,,,,,,,,,,,,,,,,,,,,,,,,,,,,,,,,,,,,,,,,,,,,,,,,,,,,,,,,,,,,,,,,,,,,,,,,,,,,,,,,,,,,,,,,,,,,,,,,,,,,,,,,,,,,,,,,,,,,,,,,,,,,,,,,,,,,,,,,,,,,,,,,,,,,,,,,,,,,,,,,,,,,,,,,,,,,,,,,,,,,
Q88,4,3,1,5.32,,household_demographics,1748,0,never_instantiated,0,,,,,0,0,,time_dim,1629,0,never_instantiated,0,,,,,0,0,store_sales,store,4,0,never_instantiated,0,,,,,0,0,,household_demographics,1908,0,never_instantiated,0,,,,,0,0,,store,4,0,never_instantiated,0,,,,,0,0,store_sales,time_dim,1789,0,never_instantiated,0,,,,,0,0,,household_demographics,1898,0,never_instantiated,0,,,,,0,0,,time_dim,1785,0,never_instantiated,0,,,,,0,0,store_sales,store,4,0,never_instantiated,0,,,,,0,0,,household_demographics,1918,0,never_instantiated,0,,,,,0,0,,time_dim,1798,0,never_instantiated,0,,,,,0,0,store_sales,store,4,0,never_instantiated,0,,,,,0,0,,time_dim,1799,0,never_instantiated,0,,,,,0,0,,household_demographics,1918,0,never_instantiated,0,,,,,0,0,store_sales,store,4,0,never_instantiated,0,,,,,0,0,,household_demographics,1880,0,never_instantiated,0,,,,,0,0,,time_dim,1779,0,never_instantiated,0,,,,,0,0,store_sales,store,4,0,never_instantiated,0,,,,,0,0,,store,4,0,never_instantiated,0,,,,,0,0,,time_dim,1778,0,never_instantiated,0,,,,,0,0,store_sales,household_demographics,1882,0,never_instantiated,0,,,,,0,0,,time_dim,1785,0,never_instantiated,0,,,,,0,0,,store,4,0,never_instantiated,0,,,,,0,0,store_sales,household_demographics,1894,0,never_instantiated,0,,,,,0,0,,,,,,,,,,,,,,,,,,,,,,,,,,,,,,,,,,,,,,,,,,,,,,,,,,,,,,,,,,,,,,,,,,,,,,,,,,,,,,,,,,,,,,,,,,,,,,,,,,,,,,,,,,,,,,,,,,,,,,,,,,,,,,,,,,,,,,,,,,,,,,,,,,,,,,,,,,,,,,,,,,,,,,,,,,,,,,,,,,,,
Q89,4,16,1,1.64,,item,1068,0,never_instantiated,0,,,,,0,0,,store,23,0,never_instantiated,0,,,,,0,0,store_sales,date_dim,364,0,never_instantiated,0,,,,,0,0,,,,,,,,,,,,,,,,,,,,,,,,,,,,,,,,,,,,,,,,,,,,,,,,,,,,,,,,,,,,,,,,,,,,,,,,,,,,,,,,,,,,,,,,,,,,,,,,,,,,,,,,,,,,,,,,,,,,,,,,,,,,,,,,,,,,,,,,,,,,,,,,,,,,,,,,,,,,,,,,,,,,,,,,,,,,,,,,,,,,,,,,,,,,,,,,,,,,,,,,,,,,,,,,,,,,,,,,,,,,,,,,,,,,,,,,,,,,,,,,,,,,,,,,,,,,,,,,,,,,,,,,,,,,,,,,,,,,,,,,,,,,,,,,,,,,,,,,,,,,,,,,,,,,,,,,,,,,,,,,,,,,,,,,,,,,,,,,,,,,,,,,,,,,,,,,,,,,,,,,,,,,,,,,,,,,,,,,,,,,,,,,,,,,,,,,,,,,,,,,,,,,,,,,,,,,,,,,,,,,,,,,,,,,,,,,
Q90,4,10,1,0.41,,household_demographics,615,0,never_instantiated,0,,,,,0,0,,web_page,3,0,never_instantiated,0,,,,,0,0,web_sales,time_dim,1245,0,never_instantiated,0,,,,,0,0,,web_page,3,0,never_instantiated,0,,,,,0,0,,time_dim,2022,0,never_instantiated,0,,,,,0,0,web_sales,household_demographics,690,0,never_instantiated,0,,,,,0,0,,,,,,,,,,,,,,,,,,,,,,,,,,,,,,,,,,,,,,,,,,,,,,,,,,,,,,,,,,,,,,,,,,,,,,,,,,,,,,,,,,,,,,,,,,,,,,,,,,,,,,,,,,,,,,,,,,,,,,,,,,,,,,,,,,,,,,,,,,,,,,,,,,,,,,,,,,,,,,,,,,,,,,,,,,,,,,,,,,,,,,,,,,,,,,,,,,,,,,,,,,,,,,,,,,,,,,,,,,,,,,,,,,,,,,,,,,,,,,,,,,,,,,,,,,,,,,,,,,,,,,,,,,,,,,,,,,,,,,,,,,,,,,,,,,,,,,,,,,,,,,,,,,,,,,,,,,,,,,,,,,,,,,,,,,,,,,,,,,,,,,,,,,,,,,,,,,,,,,,,,,,,,,,,,,,,,,,,,,,,,,,,,,,,,,,,,,,,
Q91,4,10,1,0.21,,date_dim,30,0,never_instantiated,0,,,,,0,0,,customer_address,40,0,never_instantiated,0,,,,,0,0,,call_center,3,0,never_instantiated,0,,,,,0,0,customer_demographics,,39,0,never_instantiated,0,,,,,0,0,,household_demographics,37,0,never_instantiated,0,,,,,0,0,catalog_returns,customer,38,0,never_instantiated,0,,,,,0,0,,,,,,,,,,,,,,,,,,,,,,,,,,,,,,,,,,,,,,,,,,,,,,,,,,,,,,,,,,,,,,,,,,,,,,,,,,,,,,,,,,,,,,,,,,,,,,,,,,,,,,,,,,,,,,,,,,,,,,,,,,,,,,,,,,,,,,,,,,,,,,,,,,,,,,,,,,,,,,,,,,,,,,,,,,,,,,,,,,,,,,,,,,,,,,,,,,,,,,,,,,,,,,,,,,,,,,,,,,,,,,,,,,,,,,,,,,,,,,,,,,,,,,,,,,,,,,,,,,,,,,,,,,,,,,,,,,,,,,,,,,,,,,,,,,,,,,,,,,,,,,,,,,,,,,,,,,,,,,,,,,,,,,,,,,,,,,,,,,,,,,,,,,,,,,,,,,,,,,,,,,,,,,,,,,,,,,,,,,,,,,,,,,,,,,,,,,,,
Q92,4,10,1,0.41,,item,22,0,never_instantiated,0,,,,,0,0,web_sales,date_dim,91,0,never_instantiated,0,,,,,0,0,,,629,0,never_instantiated,0,,,,,0,0,,,22,0,never_instantiated,0,,,,,0,0,web_sales,date_dim,91,0,never_instantiated,0,,,,,0,0,,,,,,,,,,,,,,,,,,,,,,,,,,,,,,,,,,,,,,,,,,,,,,,,,,,,,,,,,,,,,,,,,,,,,,,,,,,,,,,,,,,,,,,,,,,,,,,,,,,,,,,,,,,,,,,,,,,,,,,,,,,,,,,,,,,,,,,,,,,,,,,,,,,,,,,,,,,,,,,,,,,,,,,,,,,,,,,,,,,,,,,,,,,,,,,,,,,,,,,,,,,,,,,,,,,,,,,,,,,,,,,,,,,,,,,,,,,,,,,,,,,,,,,,,,,,,,,,,,,,,,,,,,,,,,,,,,,,,,,,,,,,,,,,,,,,,,,,,,,,,,,,,,,,,,,,,,,,,,,,,,,,,,,,,,,,,,,,,,,,,,,,,,,,,,,,,,,,,,,,,,,,,,,,,,,,,,,,,,,,,,,,,,,,,,,,,,,,,,,,,,,,,,,,
Q93,4,5,1,4.92,,reason,1,0,never_instantiated,0,,,,,0,0,store_sales,store_returns,154205,0,never_instantiated,0,,,,,0,0,,,,,,,,,,,,,,,,,,,,,,,,,,,,,,,,,,,,,,,,,,,,,,,,,,,,,,,,,,,,,,,,,,,,,,,,,,,,,,,,,,,,,,,,,,,,,,,,,,,,,,,,,,,,,,,,,,,,,,,,,,,,,,,,,,,,,,,,,,,,,,,,,,,,,,,,,,,,,,,,,,,,,,,,,,,,,,,,,,,,,,,,,,,,,,,,,,,,,,,,,,,,,,,,,,,,,,,,,,,,,,,,,,,,,,,,,,,,,,,,,,,,,,,,,,,,,,,,,,,,,,,,,,,,,,,,,,,,,,,,,,,,,,,,,,,,,,,,,,,,,,,,,,,,,,,,,,,,,,,,,,,,,,,,,,,,,,,,,,,,,,,,,,,,,,,,,,,,,,,,,,,,,,,,,,,,,,,,,,,,,,,,,,,,,,,,,,,,,,,,,,,,,,,,,,,,,,,,,,,,,,,,,,,,,,,,,,,,,,,,,,,,
Q94,4,10,1,0.82,,customer_address,1475,0,never_instantiated,0,,,,,0,0,,web_site,2,0,never_instantiated,0,,,,,0,0,web_sales,date_dim,61,0,never_instantiated,0,,,,,0,0,,,2543,0,never_instantiated,0,,,,,0,0,web_sales,,2387,0,never_instantiated,0,,,,,0,0,,,2542,0,never_instantiated,0,,,,,0,0,web_returns,,1860,0,never_instantiated,0,,,,,0,0,,,,,,,,,,,,,,,,,,,,,,,,,,,,,,,,,,,,,,,,,,,,,,,,,,,,,,,,,,,,,,,,,,,,,,,,,,,,,,,,,,,,,,,,,,,,,,,,,,,,,,,,,,,,,,,,,,,,,,,,,,,,,,,,,,,,,,,,,,,,,,,,,,,,,,,,,,,,,,,,,,,,,,,,,,,,,,,,,,,,,,,,,,,,,,,,,,,,,,,,,,,,,,,,,,,,,,,,,,,,,,,,,,,,,,,,,,,,,,,,,,,,,,,,,,,,,,,,,,,,,,,,,,,,,,,,,,,,,,,,,,,,,,,,,,,,,,,,,,,,,,,,,,,,,,,,,,,,,,,,,,,,,,,,,,,,,,,,,,,,,,,,,,,,,,,,,,,,,,,,,,,,,,,,,,,,,,,,,,,,,,,,
Q95,4,10,1,1.95,,,2543,0,never_instantiated,0,,,,,0,0,,web_returns,2464,0,never_instantiated,0,,,,,0,0,web_sales,web_sales,14392527,0,never_instantiated,0,,,,,0,0,,,2543,0,never_instantiated,0,,,,,0,0,web_sales,web_sales,24420,0,never_instantiated,0,,,,,0,0,,date_dim,61,0,never_instantiated,0,,,,,0,0,,customer_address,1475,0,never_instantiated,0,,,,,0,0,web_sales,web_site,2,0,never_instantiated,0,,,,,0,0,,,,,,,,,,,,,,,,,,,,,,,,,,,,,,,,,,,,,,,,,,,,,,,,,,,,,,,,,,,,,,,,,,,,,,,,,,,,,,,,,,,,,,,,,,,,,,,,,,,,,,,,,,,,,,,,,,,,,,,,,,,,,,,,,,,,,,,,,,,,,,,,,,,,,,,,,,,,,,,,,,,,,,,,,,,,,,,,,,,,,,,,,,,,,,,,,,,,,,,,,,,,,,,,,,,,,,,,,,,,,,,,,,,,,,,,,,,,,,,,,,,,,,,,,,,,,,,,,,,,,,,,,,,,,,,,,,,,,,,,,,,,,,,,,,,,,,,,,,,,,,,,,,,,,,,,,,,,,,,,,,,,,,,,,,,,,,,,,,,,,,,,,,,,,,,,,,,,,,,,,,,,,,,,,,,,
Q96,4,4,1,0.93,,time_dim,1110,0,never_instantiated,0,,,,,0,0,,household_demographics,659,0,never_instantiated,0,,,,,0,0,store_sales,store,4,0,never_instantiated,0,,,,,0,0,,,,,,,,,,,,,,,,,,,,,,,,,,,,,,,,,,,,,,,,,,,,,,,,,,,,,,,,,,,,,,,,,,,,,,,,,,,,,,,,,,,,,,,,,,,,,,,,,,,,,,,,,,,,,,,,,,,,,,,,,,,,,,,,,,,,,,,,,,,,,,,,,,,,,,,,,,,,,,,,,,,,,,,,,,,,,,,,,,,,,,,,,,,,,,,,,,,,,,,,,,,,,,,,,,,,,,,,,,,,,,,,,,,,,,,,,,,,,,,,,,,,,,,,,,,,,,,,,,,,,,,,,,,,,,,,,,,,,,,,,,,,,,,,,,,,,,,,,,,,,,,,,,,,,,,,,,,,,,,,,,,,,,,,,,,,,,,,,,,,,,,,,,,,,,,,,,,,,,,,,,,,,,,,,,,,,,,,,,,,,,,,,,,,,,,,,,,,,,,,,,,,,,,,,,,,,,,,,,,,,,,,,,,,,,,,
Q97,4,11,1,6.05,,,5717500,0,never_instantiated,0,,,,,0,0,store_sales,date_dim,366,0,never_instantiated,0,,,,,0,0,catalog_sales,date_dim,366,0,never_instantiated,0,,,,,0,0,,,,,,,,,,,,,,,,,,,,,,,,,,,,,,,,,,,,,,,,,,,,,,,,,,,,,,,,,,,,,,,,,,,,,,,,,,,,,,,,,,,,,,,,,,,,,,,,,,,,,,,,,,,,,,,,,,,,,,,,,,,,,,,,,,,,,,,,,,,,,,,,,,,,,,,,,,,,,,,,,,,,,,,,,,,,,,,,,,,,,,,,,,,,,,,,,,,,,,,,,,,,,,,,,,,,,,,,,,,,,,,,,,,,,,,,,,,,,,,,,,,,,,,,,,,,,,,,,,,,,,,,,,,,,,,,,,,,,,,,,,,,,,,,,,,,,,,,,,,,,,,,,,,,,,,,,,,,,,,,,,,,,,,,,,,,,,,,,,,,,,,,,,,,,,,,,,,,,,,,,,,,,,,,,,,,,,,,,,,,,,,,,,,,,,,,,,,,,,,,,,,,,,,,,,,,,,,,,,,,,,,,,,,,,,,,
Q98,4,7,1,1.13,,item,4156,0,never_instantiated,0,,,,,0,0,store_sales,date_dim,30,0,never_instantiated,0,,,,,0,0,,,,,,,,,,,,,,,,,,,,,,,,,,,,,,,,,,,,,,,,,,,,,,,,,,,,,,,,,,,,,,,,,,,,,,,,,,,,,,,,,,,,,,,,,,,,,,,,,,,,,,,,,,,,,,,,,,,,,,,,,,,,,,,,,,,,,,,,,,,,,,,,,,,,,,,,,,,,,,,,,,,,,,,,,,,,,,,,,,,,,,,,,,,,,,,,,,,,,,,,,,,,,,,,,,,,,,,,,,,,,,,,,,,,,,,,,,,,,,,,,,,,,,,,,,,,,,,,,,,,,,,,,,,,,,,,,,,,,,,,,,,,,,,,,,,,,,,,,,,,,,,,,,,,,,,,,,,,,,,,,,,,,,,,,,,,,,,,,,,,,,,,,,,,,,,,,,,,,,,,,,,,,,,,,,,,,,,,,,,,,,,,,,,,,,,,,,,,,,,,,,,,,,,,,,,,,,,,,,,,,,,,,,,,,,,,,,,,,,,,,,,,
Q99,4,1,1,1.95,,warehouse,5,0,never_instantiated,0,,,,,0,0,,call_center,4,0,never_instantiated,0,,,,,0,0,,ship_mode,20,0,never_instantiated,0,,,,,0,0,catalog_sales,date_dim,366,0,never_instantiated,0,,,,,0,0,,,,,,,,,,,,,,,,,,,,,,,,,,,,,,,,,,,,,,,,,,,,,,,,,,,,,,,,,,,,,,,,,,,,,,,,,,,,,,,,,,,,,,,,,,,,,,,,,,,,,,,,,,,,,,,,,,,,,,,,,,,,,,,,,,,,,,,,,,,,,,,,,,,,,,,,,,,,,,,,,,,,,,,,,,,,,,,,,,,,,,,,,,,,,,,,,,,,,,,,,,,,,,,,,,,,,,,,,,,,,,,,,,,,,,,,,,,,,,,,,,,,,,,,,,,,,,,,,,,,,,,,,,,,,,,,,,,,,,,,,,,,,,,,,,,,,,,,,,,,,,,,,,,,,,,,,,,,,,,,,,,,,,,,,,,,,,,,,,,,,,,,,,,,,,,,,,,,,,,,,,,,,,,,,,,,,,,,,,,,,,,,,,,,,,,,,,,,,,,,,,,,,,,,,,,,,,,,,,,,
