query,case,seed,run_idx,runtime_seconds,Join1-probe,Join1-build,Join1-build_rows,Join1-instantiated,Join1-state,Join1-total_probes,Join1-probes_at_freeze,Join1-freeze_reason,Join1-probes_at_abandon,Join1-abandon_reason,Join1-inserts,Join1-u1,Join2-probe,Join2-build,Join2-build_rows,Join2-instantiated,Join2-state,Join2-total_probes,Join2-probes_at_freeze,Join2-freeze_reason,Join2-probes_at_abandon,Join2-abandon_reason,Join2-inserts,Join2-u1,Join3-probe,Join3-build,Join3-build_rows,Join3-instantiated,Join3-state,Join3-total_probes,Join3-probes_at_freeze,Join3-freeze_reason,Join3-probes_at_abandon,Join3-abandon_reason,Join3-inserts,Join3-u1,Join4-probe,Join4-build,Join4-build_rows,Join4-instantiated,Join4-state,Join4-total_probes,Join4-probes_at_freeze,Join4-freeze_reason,Join4-probes_at_abandon,Join4-abandon_reason,Join4-inserts,Join4-u1,Join5-probe,Join5-build,Join5-build_rows,Join5-instantiated,Join5-state,Join5-total_probes,Join5-probes_at_freeze,Join5-freeze_reason,Join5-probes_at_abandon,Join5-abandon_reason,Join5-inserts,Join5-u1,Join6-probe,Join6-build,Join6-build_rows,Join6-instantiated,Join6-state,Join6-total_probes,Join6-probes_at_freeze,Join6-freeze_reason,Join6-probes_at_abandon,Join6-abandon_reason,Join6-inserts,Join6-u1,Join7-probe,Join7-build,Join7-build_rows,Join7-instantiated,Join7-state,Join7-total_probes,Join7-probes_at_freeze,Join7-freeze_reason,Join7-probes_at_abandon,Join7-abandon_reason,Join7-inserts,Join7-u1,Join8-probe,Join8-build,Join8-build_rows,Join8-instantiated,Join8-state,Join8-total_probes,Join8-probes_at_freeze,Join8-freeze_reason,Join8-probes_at_abandon,Join8-abandon_reason,Join8-inserts,Join8-u1,Join9-probe,Join9-build,Join9-build_rows,Join9-instantiated,Join9-state,Join9-total_probes,Join9-probes_at_freeze,Join9-freeze_reason,Join9-probes_at_abandon,Join9-abandon_reason,Join9-inserts,Join9-u1
Q01,1,0,1,0.72,,,,,,,,,,,,,,,,,,,,,,,,,,,,,,,,,,,,,,,,,,,,,,,,,,,,,,,,,,,,,,,,,,,,,,,,,,,,,,,,,,,,,,,,,,,,,,,,,,,,,,,,,,,,
Q02,1,0,1,0.31,,region,1,0,never_instantiated,0,,,,,0,0,,nation,25,0,never_instantiated,0,,,,,0,0,supplier,,31416,0,never_instantiated,0,,,,,0,0,partsupp,part,7854,0,never_instantiated,0,,,,,0,0,,,6351,0,never_instantiated,0,,,,,0,0,,,4667,0,never_instantiated,0,,,,,0,0,,region,1,0,never_instantiated,0,,,,,0,0,partsupp,,100000,0,never_instantiated,0,,,,,0,0,supplier,nation,25,0,never_instantiated,0,,,,,0,0
Q03,1,0,1,0.93,,customer,300275,0,never_instantiated,0,,,,,0,0,lineitem,orders,7289442,0,never_instantiated,0,,,,,0,0,,,,,,,,,,,,,,,,,,,,,,,,,,,,,,,,,,,,,,,,,,,,,,,,,,,,,,,,,,,,,,,,,,,,,,,,,,,,,,,,,,,,
Q04,1,0,1,0.62,,,573671,0,never_instantiated,0,,,,,0,0,lineitem,,573671,0,never_instantiated,0,,,,,0,0,,,,,,,,,,,,,,,,,,,,,,,,,,,,,,,,,,,,,,,,,,,,,,,,,,,,,,,,,,,,,,,,,,,,,,,,,,,,,,,,,,,,
Q05,1,0,1,1.23,,supplier,100000,0,never_instantiated,0,,,,,0,0,,region,1,0,never_instantiated,0,,,,,0,0,,nation,25,0,never_instantiated,0,,,,,0,0,,customer,1499999,0,never_instantiated,0,,,,,0,0,lineitem,orders,2275919,0,never_instantiated,0,,,,,0,0,,,,,,,,,,,,,,,,,,,,,,,,,,,,,,,,,,,,,,,,,,,,,,,,
Q06,1,0,1,0.31,,,,,,,,,,,,,,,,,,,,,,,,,,,,,,,,,,,,,,,,,,,,,,,,,,,,,,,,,,,,,,,,,,,,,,,,,,,,,,,,,,,,,,,,,,,,,,,,,,,,,,,,,,,,
Q07,1,0,1,1.33,,nation,2,0,never_instantiated,0,,,,,0,0,,supplier,100000,0,never_instantiated,0,,,,,0,0,,nation,2,0,never_instantiated,0,,,,,0,0,,customer,1499999,0,never_instantiated,0,,,,,0,0,lineitem,orders,15000000,0,never_instantiated,0,,,,,0,0,,,,,,,,,,,,,,,,,,,,,,,,,,,,,,,,,,,,,,,,,,,,,,,,
Q08,1,0,1,1.54,,nation,25,0,never_instantiated,0,,,,,0,0,supplier,,24254,0,never_instantiated,0,,,,,0,0,,region,1,0,never_instantiated,0,,,,,0,0,,part,13452,0,never_instantiated,0,,,,,0,0,,nation,25,0,never_instantiated,0,,,,,0,0,,customer,1499999,0,never_instantiated,0,,,,,0,0,lineitem,orders,4557513,0,never_instantiated,0,,,,,0,0,,,,,,,,,,,,,,,,,,,,,,,,
Q09,1,0,1,2.15,,nation,25,0,never_instantiated,0,,,,,0,0,,supplier,100000,0,never_instantiated,0,,,,,0,0,,partsupp,8000000,0,never_instantiated,0,,,,,0,0,,part,108782,0,never_instantiated,0,,,,,0,0,lineitem,orders,15000000,0,never_instantiated,0,,,,,0,0,,,,,,,,,,,,,,,,,,,,,,,,,,,,,,,,,,,,,,,,,,,,,,,,
Q10,1,0,1,0.82,,nation,25,0,never_instantiated,0,,,,,0,0,customer,,1147084,0,never_instantiated,0,,,,,0,0,lineitem,orders,573157,0,never_instantiated,0,,,,,0,0,,,,,,,,,,,,,,,,,,,,,,,,,,,,,,,,,,,,,,,,,,,,,,,,,,,,,,,,,,,,,,,,,,,,,,,,
Q11,1,0,1,0.21,partsupp,,4049,0,never_instantiated,0,,,,,0,0,supplier,nation,1,0,never_instantiated,0,,,,,0,0,partsupp,,4049,0,never_instantiated,0,,,,,0,0,supplier,nation,1,0,never_instantiated,0,,,,,0,0,,,,,,,,,,,,,,,,,,,,,,,,,,,,,,,,,,,,,,,,,,,,,,,,,,,,,,,,,,,,
Q12,1,0,1,0.41,orders,lineitem,310803,0,never_instantiated,0,,,,,0,0,,,,,,,,,,,,,,,,,,,,,,,,,,,,,,,,,,,,,,,,,,,,,,,,,,,,,,,,,,,,,,,,,,,,,,,,,,,,,,,,,,,,,,,,,,,,,,,,
Q13,1,0,1,1.03,orders,customer,1500000,0,never_instantiated,0,,,,,0,0,,,,,,,,,,,,,,,,,,,,,,,,,,,,,,,,,,,,,,,,,,,,,,,,,,,,,,,,,,,,,,,,,,,,,,,,,,,,,,,,,,,,,,,,,,,,,,,,
Q14,1,0,1,0.62,lineitem,part,2000000,0,never_instantiated,0,,,,,0,0,,,,,,,,,,,,,,,,,,,,,,,,,,,,,,,,,,,,,,,,,,,,,,,,,,,,,,,,,,,,,,,,,,,,,,,,,,,,,,,,,,,,,,,,,,,,,,,,
Q15,1,0,1,0.41,,,1,0,never_instantiated,0,,,,,0,0,supplier,,100000,0,never_instantiated,0,,,,,0,0,,,,,,,,,,,,,,,,,,,,,,,,,,,,,,,,,,,,,,,,,,,,,,,,,,,,,,,,,,,,,,,,,,,,,,,,,,,,,,,,,,,,
Q16,1,0,1,0.31,,supplier,56,0,never_instantiated,0,,,,,0,0,partsupp,,296824,0,never_instantiated,0,,,,,0,0,part,,8,0,never_instantiated,0,,,,,0,0,,,,,,,,,,,,,,,,,,,,,,,,,,,,,,,,,,,,,,,,,,,,,,,,,,,,,,,,,,,,,,,,,,,,,,,,
Q17,1,0,1,0.72,lineitem,part,2044,0,never_instantiated,0,,,,,0,0,,,61385,0,never_instantiated,0,,,,,0,0,lineitem,,2044,0,never_instantiated,0,,,,,0,0,,,,,,,,,,,,,,,,,,,,,,,,,,,,,,,,,,,,,,,,,,,,,,,,,,,,,,,,,,,,,,,,,,,,,,,,
Q18,1,0,1,2.15,,lineitem,624,0,never_instantiated,0,,,,,0,0,,customer,1499999,0,never_instantiated,0,,,,,0,0,lineitem,orders,15000000,0,never_instantiated,0,,,,,0,0,,,,,,,,,,,,,,,,,,,,,,,,,,,,,,,,,,,,,,,,,,,,,,,,,,,,,,,,,,,,,,,,,,,,,,,,
Q19,1,0,1,0.72,lineitem,part,2000000,0,never_instantiated,0,,,,,0,0,,,,,,,,,,,,,,,,,,,,,,,,,,,,,,,,,,,,,,,,,,,,,,,,,,,,,,,,,,,,,,,,,,,,,,,,,,,,,,,,,,,,,,,,,,,,,,,,
Q20,1,0,1,0.62,,,4054,0,never_instantiated,0,,,,,0,0,partsupp,part,21551,0,never_instantiated,0,,,,,0,0,,,86204,0,never_instantiated,0,,,,,0,0,lineitem,,86204,0,never_instantiated,0,,,,,0,0,supplier,nation,1,0,never_instantiated,0,,,,,0,0,,,,,,,,,,,,,,,,,,,,,,,,,,,,,,,,,,,,,,,,,,,,,,,,
Q21,1,0,1,1.85,,nation,1,0,never_instantiated,0,,,,,0,0,,supplier,100000,0,never_instantiated,0,,,,,0,0,lineitem,orders,7309184,0,never_instantiated,0,,,,,0,0,,,734523,0,never_instantiated,0,,,,,0,0,lineitem,,734511,0,never_instantiated,0,,,,,0,0,,,707593,0,never_instantiated,0,,,,,0,0,lineitem,,707581,0,never_instantiated,0,,,,,0,0,,,,,,,,,,,,,,,,,,,,,,,,
Q22,1,0,1,0.31,,,190691,0,never_instantiated,0,,,,,0,0,orders,,190691,0,never_instantiated,0,,,,,0,0,,,,,,,,,,,,,,,,,,,,,,,,,,,,,,,,,,,,,,,,,,,,,,,,,,,,,,,,,,,,,,,,,,,,,,,,,,,,,,,,,,,,
Q01,1,1,1,0.52,,,,,,,,,,,,,,,,,,,,,,,,,,,,,,,,,,,,,,,,,,,,,,,,,,,,,,,,,,,,,,,,,,,,,,,,,,,,,,,,,,,,,,,,,,,,,,,,,,,,,,,,,,,,
Q02,1,1,1,0.31,,region,1,0,never_instantiated,0,,,,,0,0,,part,7854,0,never_instantiated,0,,,,,0,0,,nation,25,0,never_instantiated,0,,,,,0,0,partsupp,supplier,100000,0,never_instantiated,0,,,,,0,0,,,6351,0,never_instantiated,0,,,,,0,0,,,4667,0,never_instantiated,0,,,,,0,0,,region,1,0,never_instantiated,0,,,,,0,0,,nation,25,0,never_instantiated,0,,,,,0,0,partsupp,supplier,100000,0,never_instantiated,0,,,,,0,0
Q03,1,1,1,0.82,,customer,300275,0,never_instantiated,0,,,,,0,0,lineitem,orders,7289442,0,never_instantiated,0,,,,,0,0,,,,,,,,,,,,,,,,,,,,,,,,,,,,,,,,,,,,,,,,,,,,,,,,,,,,,,,,,,,,,,,,,,,,,,,,,,,,,,,,,,,,
Q04,1,1,1,0.62,,,573671,0,never_instantiated,0,,,,,0,0,lineitem,,573671,0,never_instantiated,0,,,,,0,0,,,,,,,,,,,,,,,,,,,,,,,,,,,,,,,,,,,,,,,,,,,,,,,,,,,,,,,,,,,,,,,,,,,,,,,,,,,,,,,,,,,,
Q05,1,1,1,9999999,,,,,,,,,,,,,,,,,,,,,,,,,,,,,,,,,,,,,,,,,,,,,,,,,,,,,,,,,,,,,,,,,,,,,,,,,,,,,,,,,,,,,,,,,,,,,,,,,,,,,,,,,,,,
Q06,1,1,1,0.31,,,,,,,,,,,,,,,,,,,,,,,,,,,,,,,,,,,,,,,,,,,,,,,,,,,,,,,,,,,,,,,,,,,,,,,,,,,,,,,,,,,,,,,,,,,,,,,,,,,,,,,,,,,,
Q07,1,1,1,0.82,,nation,2,0,never_instantiated,0,,,,,0,0,,customer,1499999,0,never_instantiated,0,,,,,0,0,orders,,1460257,0,never_instantiated,0,,,,,0,0,,nation,2,0,never_instantiated,0,,,,,0,0,lineitem,supplier,100000,0,never_instantiated,0,,,,,0,0,,,,,,,,,,,,,,,,,,,,,,,,,,,,,,,,,,,,,,,,,,,,,,,,
Q08,1,1,1,0.82,,region,1,0,never_instantiated,0,,,,,0,0,,nation,25,0,never_instantiated,0,,,,,0,0,,nation,25,0,never_instantiated,0,,,,,0,0,,supplier,100000,0,never_instantiated,0,,,,,0,0,customer,,122404,0,never_instantiated,0,,,,,0,0,orders,,403487,0,never_instantiated,0,,,,,0,0,lineitem,part,13452,0,never_instantiated,0,,,,,0,0,,,,,,,,,,,,,,,,,,,,,,,,
Q09,1,1,1,1.85,,nation,25,0,never_instantiated,0,,,,,0,0,,supplier,100000,0,never_instantiated,0,,,,,0,0,,orders,15000000,0,never_instantiated,0,,,,,0,0,,partsupp,8000000,0,never_instantiated,0,,,,,0,0,lineitem,part,108782,0,never_instantiated,0,,,,,0,0,,,,,,,,,,,,,,,,,,,,,,,,,,,,,,,,,,,,,,,,,,,,,,,,
Q10,1,1,1,0.82,,nation,25,0,never_instantiated,0,,,,,0,0,customer,,1147084,0,never_instantiated,0,,,,,0,0,lineitem,orders,573157,0,never_instantiated,0,,,,,0,0,,,,,,,,,,,,,,,,,,,,,,,,,,,,,,,,,,,,,,,,,,,,,,,,,,,,,,,,,,,,,,,,,,,,,,,,
Q11,1,1,1,0.21,,nation,1,0,never_instantiated,0,,,,,0,0,partsupp,supplier,100000,0,never_instantiated,0,,,,,0,0,partsupp,,4049,0,never_instantiated,0,,,,,0,0,supplier,nation,1,0,never_instantiated,0,,,,,0,0,,,,,,,,,,,,,,,,,,,,,,,,,,,,,,,,,,,,,,,,,,,,,,,,,,,,,,,,,,,,
Q12,1,1,1,0.41,orders,lineitem,310803,0,never_instantiated,0,,,,,0,0,,,,,,,,,,,,,,,,,,,,,,,,,,,,,,,,,,,,,,,,,,,,,,,,,,,,,,,,,,,,,,,,,,,,,,,,,,,,,,,,,,,,,,,,,,,,,,,,
Q13,1,1,1,0.93,orders,customer,1500000,0,never_instantiated,0,,,,,0,0,,,,,,,,,,,,,,,,,,,,,,,,,,,,,,,,,,,,,,,,,,,,,,,,,,,,,,,,,,,,,,,,,,,,,,,,,,,,,,,,,,,,,,,,,,,,,,,,
Q14,1,1,1,0.62,lineitem,part,2000000,0,never_instantiated,0,,,,,0,0,,,,,,,,,,,,,,,,,,,,,,,,,,,,,,,,,,,,,,,,,,,,,,,,,,,,,,,,,,,,,,,,,,,,,,,,,,,,,,,,,,,,,,,,,,,,,,,,
Q15,1,1,1,0.41,,,1,0,never_instantiated,0,,,,,0,0,supplier,,100000,0,never_instantiated,0,,,,,0,0,,,,,,,,,,,,,,,,,,,,,,,,,,,,,,,,,,,,,,,,,,,,,,,,,,,,,,,,,,,,,,,,,,,,,,,,,,,,,,,,,,,,
Q16,1,1,1,0.31,,supplier,56,0,never_instantiated,0,,,,,0,0,partsupp,,296824,0,never_instantiated,0,,,,,0,0,part,,8,0,never_instantiated,0,,,,,0,0,,,,,,,,,,,,,,,,,,,,,,,,,,,,,,,,,,,,,,,,,,,,,,,,,,,,,,,,,,,,,,,,,,,,,,,,
Q17,1,1,1,0.72,lineitem,part,2044,0,never_instantiated,0,,,,,0,0,,,61385,0,never_instantiated,0,,,,,0,0,lineitem,,2044,0,never_instantiated,0,,,,,0,0,,,,,,,,,,,,,,,,,,,,,,,,,,,,,,,,,,,,,,,,,,,,,,,,,,,,,,,,,,,,,,,,,,,,,,,,
Q18,1,1,1,2.16,,lineitem,624,0,never_instantiated,0,,,,,0,0,,customer,1499999,0,never_instantiated,0,,,,,0,0,lineitem,orders,15000000,0,never_instantiated,0,,,,,0,0,,,,,,,,,,,,,,,,,,,,,,,,,,,,,,,,,,,,,,,,,,,,,,,,,,,,,,,,,,,,,,,,,,,,,,,,
Q19,1,1,1,0.72,lineitem,part,2000000,0,never_instantiated,0,,,,,0,0,,,,,,,,,,,,,,,,,,,,,,,,,,,,,,,,,,,,,,,,,,,,,,,,,,,,,,,,,,,,,,,,,,,,,,,,,,,,,,,,,,,,,,,,,,,,,,,,
Q20,1,1,1,0.62,,,4054,0,never_instantiated,0,,,,,0,0,partsupp,part,21551,0,never_instantiated,0,,,,,0,0,,,86204,0,never_instantiated,0,,,,,0,0,lineitem,,86204,0,never_instantiated,0,,,,,0,0,supplier,nation,1,0,never_instantiated,0,,,,,0,0,,,,,,,,,,,,,,,,,,,,,,,,,,,,,,,,,,,,,,,,,,,,,,,,
Q21,1,1,1,1.54,orders,,1522366,0,never_instantiated,0,,,,,0,0,,nation,1,0,never_instantiated,0,,,,,0,0,lineitem,supplier,100000,0,never_instantiated,0,,,,,0,0,,,734523,0,never_instantiated,0,,,,,0,0,lineitem,,734511,0,never_instantiated,0,,,,,0,0,,,707593,0,never_instantiated,0,,,,,0,0,lineitem,,707581,0,never_instantiated,0,,,,,0,0,,,,,,,,,,,,,,,,,,,,,,,,
Q22,1,1,1,0.31,,,190691,0,never_instantiated,0,,,,,0,0,orders,,190691,0,never_instantiated,0,,,,,0,0,,,,,,,,,,,,,,,,,,,,,,,,,,,,,,,,,,,,,,,,,,,,,,,,,,,,,,,,,,,,,,,,,,,,,,,,,,,,,,,,,,,,
Q01,1,2,1,0.52,,,,,,,,,,,,,,,,,,,,,,,,,,,,,,,,,,,,,,,,,,,,,,,,,,,,,,,,,,,,,,,,,,,,,,,,,,,,,,,,,,,,,,,,,,,,,,,,,,,,,,,,,,,,
Q02,1,2,1,0.31,,region,1,0,never_instantiated,0,,,,,0,0,,nation,25,0,never_instantiated,0,,,,,0,0,supplier,,31416,0,never_instantiated,0,,,,,0,0,partsupp,part,7854,0,never_instantiated,0,,,,,0,0,,,6351,0,never_instantiated,0,,,,,0,0,,,4667,0,never_instantiated,0,,,,,0,0,,region,1,0,never_instantiated,0,,,,,0,0,,nation,25,0,never_instantiated,0,,,,,0,0,partsupp,supplier,100000,0,never_instantiated,0,,,,,0,0
Q03,1,2,1,0.82,,customer,300275,0,never_instantiated,0,,,,,0,0,lineitem,orders,7289442,0,never_instantiated,0,,,,,0,0,,,,,,,,,,,,,,,,,,,,,,,,,,,,,,,,,,,,,,,,,,,,,,,,,,,,,,,,,,,,,,,,,,,,,,,,,,,,,,,,,,,,
Q04,1,2,1,0.52,,,573671,0,never_instantiated,0,,,,,0,0,lineitem,,573671,0,never_instantiated,0,,,,,0,0,,,,,,,,,,,,,,,,,,,,,,,,,,,,,,,,,,,,,,,,,,,,,,,,,,,,,,,,,,,,,,,,,,,,,,,,,,,,,,,,,,,,
Q05,1,2,1,1.23,,region,1,0,never_instantiated,0,,,,,0,0,,supplier,100000,0,never_instantiated,0,,,,,0,0,,nation,25,0,never_instantiated,0,,,,,0,0,,customer,1499999,0,never_instantiated,0,,,,,0,0,lineitem,orders,2275919,0,never_instantiated,0,,,,,0,0,,,,,,,,,,,,,,,,,,,,,,,,,,,,,,,,,,,,,,,,,,,,,,,,
Q06,1,2,1,0.31,,,,,,,,,,,,,,,,,,,,,,,,,,,,,,,,,,,,,,,,,,,,,,,,,,,,,,,,,,,,,,,,,,,,,,,,,,,,,,,,,,,,,,,,,,,,,,,,,,,,,,,,,,,,
Q07,1,2,1,1.34,,nation,2,0,never_instantiated,0,,,,,0,0,,supplier,100000,0,never_instantiated,0,,,,,0,0,,nation,2,0,never_instantiated,0,,,,,0,0,,customer,1499999,0,never_instantiated,0,,,,,0,0,lineitem,orders,15000000,0,never_instantiated,0,,,,,0,0,,,,,,,,,,,,,,,,,,,,,,,,,,,,,,,,,,,,,,,,,,,,,,,,
Q08,1,2,1,1.44,,region,1,0,never_instantiated,0,,,,,0,0,,nation,25,0,never_instantiated,0,,,,,0,0,customer,,122404,0,never_instantiated,0,,,,,0,0,,part,13452,0,never_instantiated,0,,,,,0,0,,orders,4557513,0,never_instantiated,0,,,,,0,0,,nation,25,0,never_instantiated,0,,,,,0,0,lineitem,supplier,100000,0,never_instantiated,0,,,,,0,0,,,,,,,,,,,,,,,,,,,,,,,,
Q09,1,2,1,2.98,,nation,25,0,never_instantiated,0,,,,,0,0,,supplier,100000,0,never_instantiated,0,,,,,0,0,,part,108782,0,never_instantiated,0,,,,,0,0,,orders,15000000,0,never_instantiated,0,,,,,0,0,lineitem,partsupp,8000000,0,never_instantiated,0,,,,,0,0,,,,,,,,,,,,,,,,,,,,,,,,,,,,,,,,,,,,,,,,,,,,,,,,
Q10,1,2,1,0.82,,nation,25,0,never_instantiated,0,,,,,0,0,customer,,1147084,0,never_instantiated,0,,,,,0,0,lineitem,orders,573157,0,never_instantiated,0,,,,,0,0,,,,,,,,,,,,,,,,,,,,,,,,,,,,,,,,,,,,,,,,,,,,,,,,,,,,,,,,,,,,,,,,,,,,,,,,
Q11,1,2,1,0.21,partsupp,,4049,0,never_instantiated,0,,,,,0,0,supplier,nation,1,0,never_instantiated,0,,,,,0,0,partsupp,,4049,0,never_instantiated,0,,,,,0,0,supplier,nation,1,0,never_instantiated,0,,,,,0,0,,,,,,,,,,,,,,,,,,,,,,,,,,,,,,,,,,,,,,,,,,,,,,,,,,,,,,,,,,,,
Q12,1,2,1,0.41,orders,lineitem,310803,0,never_instantiated,0,,,,,0,0,,,,,,,,,,,,,,,,,,,,,,,,,,,,,,,,,,,,,,,,,,,,,,,,,,,,,,,,,,,,,,,,,,,,,,,,,,,,,,,,,,,,,,,,,,,,,,,,
Q13,1,2,1,0.93,orders,customer,1500000,0,never_instantiated,0,,,,,0,0,,,,,,,,,,,,,,,,,,,,,,,,,,,,,,,,,,,,,,,,,,,,,,,,,,,,,,,,,,,,,,,,,,,,,,,,,,,,,,,,,,,,,,,,,,,,,,,,
Q14,1,2,1,0.62,lineitem,part,2000000,0,never_instantiated,0,,,,,0,0,,,,,,,,,,,,,,,,,,,,,,,,,,,,,,,,,,,,,,,,,,,,,,,,,,,,,,,,,,,,,,,,,,,,,,,,,,,,,,,,,,,,,,,,,,,,,,,,
Q15,1,2,1,0.41,,,1,0,never_instantiated,0,,,,,0,0,supplier,,100000,0,never_instantiated,0,,,,,0,0,,,,,,,,,,,,,,,,,,,,,,,,,,,,,,,,,,,,,,,,,,,,,,,,,,,,,,,,,,,,,,,,,,,,,,,,,,,,,,,,,,,,
Q16,1,2,1,0.31,,supplier,56,0,never_instantiated,0,,,,,0,0,partsupp,,296824,0,never_instantiated,0,,,,,0,0,part,,8,0,never_instantiated,0,,,,,0,0,,,,,,,,,,,,,,,,,,,,,,,,,,,,,,,,,,,,,,,,,,,,,,,,,,,,,,,,,,,,,,,,,,,,,,,,
Q17,1,2,1,0.72,lineitem,part,2044,0,never_instantiated,0,,,,,0,0,,,61385,0,never_instantiated,0,,,,,0,0,lineitem,,2044,0,never_instantiated,0,,,,,0,0,,,,,,,,,,,,,,,,,,,,,,,,,,,,,,,,,,,,,,,,,,,,,,,,,,,,,,,,,,,,,,,,,,,,,,,,
Q18,1,2,1,2.16,,lineitem,624,0,never_instantiated,0,,,,,0,0,,customer,1499999,0,never_instantiated,0,,,,,0,0,lineitem,orders,15000000,0,never_instantiated,0,,,,,0,0,,,,,,,,,,,,,,,,,,,,,,,,,,,,,,,,,,,,,,,,,,,,,,,,,,,,,,,,,,,,,,,,,,,,,,,,
Q19,1,2,1,0.72,lineitem,part,2000000,0,never_instantiated,0,,,,,0,0,,,,,,,,,,,,,,,,,,,,,,,,,,,,,,,,,,,,,,,,,,,,,,,,,,,,,,,,,,,,,,,,,,,,,,,,,,,,,,,,,,,,,,,,,,,,,,,,
Q20,1,2,1,0.62,,,4054,0,never_instantiated,0,,,,,0,0,partsupp,part,21551,0,never_instantiated,0,,,,,0,0,,,86204,0,never_instantiated,0,,,,,0,0,lineitem,,86204,0,never_instantiated,0,,,,,0,0,supplier,nation,1,0,never_instantiated,0,,,,,0,0,,,,,,,,,,,,,,,,,,,,,,,,,,,,,,,,,,,,,,,,,,,,,,,,
Q21,1,2,1,1.85,,nation,1,0,never_instantiated,0,,,,,0,0,,supplier,100000,0,never_instantiated,0,,,,,0,0,lineitem,orders,7309184,0,never_instantiated,0,,,,,0,0,,,734523,0,never_instantiated,0,,,,,0,0,lineitem,,734511,0,never_instantiated,0,,,,,0,0,,,707593,0,never_instantiated,0,,,,,0,0,lineitem,,707581,0,never_instantiated,0,,,,,0,0,,,,,,,,,,,,,,,,,,,,,,,,
Q22,1,2,1,0.31,,,190691,0,never_instantiated,0,,,,,0,0,orders,,190691,0,never_instantiated,0,,,,,0,0,,,,,,,,,,,,,,,,,,,,,,,,,,,,,,,,,,,,,,,,,,,,,,,,,,,,,,,,,,,,,,,,,,,,,,,,,,,,,,,,,,,,
Q01,1,3,1,0.52,,,,,,,,,,,,,,,,,,,,,,,,,,,,,,,,,,,,,,,,,,,,,,,,,,,,,,,,,,,,,,,,,,,,,,,,,,,,,,,,,,,,,,,,,,,,,,,,,,,,,,,,,,,,
Q02,1,3,1,0.31,,region,1,0,never_instantiated,0,,,,,0,0,,nation,25,0,never_instantiated,0,,,,,0,0,,part,7854,0,never_instantiated,0,,,,,0,0,partsupp,supplier,100000,0,never_instantiated,0,,,,,0,0,,,6351,0,never_instantiated,0,,,,,0,0,,,4667,0,never_instantiated,0,,,,,0,0,,region,1,0,never_instantiated,0,,,,,0,0,partsupp,,100000,0,never_instantiated,0,,,,,0,0,supplier,nation,25,0,never_instantiated,0,,,,,0,0
Q03,1,3,1,0.82,,customer,300275,0,never_instantiated,0,,,,,0,0,lineitem,orders,7289442,0,never_instantiated,0,,,,,0,0,,,,,,,,,,,,,,,,,,,,,,,,,,,,,,,,,,,,,,,,,,,,,,,,,,,,,,,,,,,,,,,,,,,,,,,,,,,,,,,,,,,,
Q04,1,3,1,0.62,,,573671,0,never_instantiated,0,,,,,0,0,lineitem,,573671,0,never_instantiated,0,,,,,0,0,,,,,,,,,,,,,,,,,,,,,,,,,,,,,,,,,,,,,,,,,,,,,,,,,,,,,,,,,,,,,,,,,,,,,,,,,,,,,,,,,,,,
Q05,1,3,1,9999999,,,,,,,,,,,,,,,,,,,,,,,,,,,,,,,,,,,,,,,,,,,,,,,,,,,,,,,,,,,,,,,,,,,,,,,,,,,,,,,,,,,,,,,,,,,,,,,,,,,,,,,,,,,,
Q06,1,3,1,0.31,,,,,,,,,,,,,,,,,,,,,,,,,,,,,,,,,,,,,,,,,,,,,,,,,,,,,,,,,,,,,,,,,,,,,,,,,,,,,,,,,,,,,,,,,,,,,,,,,,,,,,,,,,,,
Q07,1,3,1,1.34,,nation,2,0,never_instantiated,0,,,,,0,0,,customer,1499999,0,never_instantiated,0,,,,,0,0,,nation,2,0,never_instantiated,0,,,,,0,0,orders,,18230325,0,never_instantiated,0,,,,,0,0,lineitem,supplier,100000,0,never_instantiated,0,,,,,0,0,,,,,,,,,,,,,,,,,,,,,,,,,,,,,,,,,,,,,,,,,,,,,,,,
Q08,1,3,1,1.64,,region,1,0,never_instantiated,0,,,,,0,0,,nation,25,0,never_instantiated,0,,,,,0,0,,part,13452,0,never_instantiated,0,,,,,0,0,,nation,25,0,never_instantiated,0,,,,,0,0,,supplier,100000,0,never_instantiated,0,,,,,0,0,,customer,1499999,0,never_instantiated,0,,,,,0,0,lineitem,orders,4557513,0,never_instantiated,0,,,,,0,0,,,,,,,,,,,,,,,,,,,,,,,,
Q09,1,3,1,2.67,,orders,15000000,0,never_instantiated,0,,,,,0,0,,nation,25,0,never_instantiated,0,,,,,0,0,,part,108782,0,never_instantiated,0,,,,,0,0,,partsupp,8000000,0,never_instantiated,0,,,,,0,0,lineitem,supplier,100000,0,never_instantiated,0,,,,,0,0,,,,,,,,,,,,,,,,,,,,,,,,,,,,,,,,,,,,,,,,,,,,,,,,
Q10,1,3,1,0.82,,nation,25,0,never_instantiated,0,,,,,0,0,customer,,1147084,0,never_instantiated,0,,,,,0,0,lineitem,orders,573157,0,never_instantiated,0,,,,,0,0,,,,,,,,,,,,,,,,,,,,,,,,,,,,,,,,,,,,,,,,,,,,,,,,,,,,,,,,,,,,,,,,,,,,,,,,
Q11,1,3,1,0.21,,nation,1,0,never_instantiated,0,,,,,0,0,partsupp,supplier,100000,0,never_instantiated,0,,,,,0,0,partsupp,,4049,0,never_instantiated,0,,,,,0,0,supplier,nation,1,0,never_instantiated,0,,,,,0,0,,,,,,,,,,,,,,,,,,,,,,,,,,,,,,,,,,,,,,,,,,,,,,,,,,,,,,,,,,,,
Q12,1,3,1,0.41,orders,lineitem,310803,0,never_instantiated,0,,,,,0,0,,,,,,,,,,,,,,,,,,,,,,,,,,,,,,,,,,,,,,,,,,,,,,,,,,,,,,,,,,,,,,,,,,,,,,,,,,,,,,,,,,,,,,,,,,,,,,,,
Q13,1,3,1,0.93,orders,customer,1500000,0,never_instantiated,0,,,,,0,0,,,,,,,,,,,,,,,,,,,,,,,,,,,,,,,,,,,,,,,,,,,,,,,,,,,,,,,,,,,,,,,,,,,,,,,,,,,,,,,,,,,,,,,,,,,,,,,,
Q14,1,3,1,0.62,lineitem,part,2000000,0,never_instantiated,0,,,,,0,0,,,,,,,,,,,,,,,,,,,,,,,,,,,,,,,,,,,,,,,,,,,,,,,,,,,,,,,,,,,,,,,,,,,,,,,,,,,,,,,,,,,,,,,,,,,,,,,,
Q15,1,3,1,0.41,,,1,0,never_instantiated,0,,,,,0,0,supplier,,100000,0,never_instantiated,0,,,,,0,0,,,,,,,,,,,,,,,,,,,,,,,,,,,,,,,,,,,,,,,,,,,,,,,,,,,,,,,,,,,,,,,,,,,,,,,,,,,,,,,,,,,,
Q16,1,3,1,0.31,,supplier,56,0,never_instantiated,0,,,,,0,0,partsupp,,296824,0,never_instantiated,0,,,,,0,0,part,,8,0,never_instantiated,0,,,,,0,0,,,,,,,,,,,,,,,,,,,,,,,,,,,,,,,,,,,,,,,,,,,,,,,,,,,,,,,,,,,,,,,,,,,,,,,,
Q17,1,3,1,0.72,lineitem,part,2044,0,never_instantiated,0,,,,,0,0,,,61385,0,never_instantiated,0,,,,,0,0,lineitem,,2044,0,never_instantiated,0,,,,,0,0,,,,,,,,,,,,,,,,,,,,,,,,,,,,,,,,,,,,,,,,,,,,,,,,,,,,,,,,,,,,,,,,,,,,,,,,
Q18,1,3,1,2.16,,lineitem,624,0,never_instantiated,0,,,,,0,0,,customer,1499999,0,never_instantiated,0,,,,,0,0,lineitem,orders,15000000,0,never_instantiated,0,,,,,0,0,,,,,,,,,,,,,,,,,,,,,,,,,,,,,,,,,,,,,,,,,,,,,,,,,,,,,,,,,,,,,,,,,,,,,,,,
Q19,1,3,1,0.72,lineitem,part,2000000,0,never_instantiated,0,,,,,0,0,,,,,,,,,,,,,,,,,,,,,,,,,,,,,,,,,,,,,,,,,,,,,,,,,,,,,,,,,,,,,,,,,,,,,,,,,,,,,,,,,,,,,,,,,,,,,,,,
Q20,1,3,1,0.62,,,4054,0,never_instantiated,0,,,,,0,0,partsupp,part,21551,0,never_instantiated,0,,,,,0,0,,,86204,0,never_instantiated,0,,,,,0,0,lineitem,,86204,0,never_instantiated,0,,,,,0,0,supplier,nation,1,0,never_instantiated,0,,,,,0,0,,,,,,,,,,,,,,,,,,,,,,,,,,,,,,,,,,,,,,,,,,,,,,,,
Q21,1,3,1,1.85,,nation,1,0,never_instantiated,0,,,,,0,0,,orders,7309184,0,never_instantiated,0,,,,,0,0,lineitem,supplier,100000,0,never_instantiated,0,,,,,0,0,,,734523,0,never_instantiated,0,,,,,0,0,lineitem,,734511,0,never_instantiated,0,,,,,0,0,,,707593,0,never_instantiated,0,,,,,0,0,lineitem,,707581,0,never_instantiated,0,,,,,0,0,,,,,,,,,,,,,,,,,,,,,,,,
Q22,1,3,1,0.31,,,190691,0,never_instantiated,0,,,,,0,0,orders,,190691,0,never_instantiated,0,,,,,0,0,,,,,,,,,,,,,,,,,,,,,,,,,,,,,,,,,,,,,,,,,,,,,,,,,,,,,,,,,,,,,,,,,,,,,,,,,,,,,,,,,,,,
Q01,1,4,1,0.52,,,,,,,,,,,,,,,,,,,,,,,,,,,,,,,,,,,,,,,,,,,,,,,,,,,,,,,,,,,,,,,,,,,,,,,,,,,,,,,,,,,,,,,,,,,,,,,,,,,,,,,,,,,,
Q02,1,4,1,0.21,,region,1,0,never_instantiated,0,,,,,0,0,,nation,25,0,never_instantiated,0,,,,,0,0,supplier,,31416,0,never_instantiated,0,,,,,0,0,partsupp,part,7854,0,never_instantiated,0,,,,,0,0,,,6351,0,never_instantiated,0,,,,,0,0,,,4667,0,never_instantiated,0,,,,,0,0,,region,1,0,never_instantiated,0,,,,,0,0,partsupp,,100000,0,never_instantiated,0,,,,,0,0,supplier,nation,25,0,never_instantiated,0,,,,,0,0
Q03,1,4,1,0.82,,customer,300275,0,never_instantiated,0,,,,,0,0,lineitem,orders,7289442,0,never_instantiated,0,,,,,0,0,,,,,,,,,,,,,,,,,,,,,,,,,,,,,,,,,,,,,,,,,,,,,,,,,,,,,,,,,,,,,,,,,,,,,,,,,,,,,,,,,,,,
Q04,1,4,1,0.52,,,573671,0,never_instantiated,0,,,,,0,0,lineitem,,573671,0,never_instantiated,0,,,,,0,0,,,,,,,,,,,,,,,,,,,,,,,,,,,,,,,,,,,,,,,,,,,,,,,,,,,,,,,,,,,,,,,,,,,,,,,,,,,,,,,,,,,,
Q05,1,4,1,1.13,,region,1,0,never_instantiated,0,,,,,0,0,,nation,25,0,never_instantiated,0,,,,,0,0,,supplier,100000,0,never_instantiated,0,,,,,0,0,,customer,1499999,0,never_instantiated,0,,,,,0,0,lineitem,orders,2275919,0,never_instantiated,0,,,,,0,0,,,,,,,,,,,,,,,,,,,,,,,,,,,,,,,,,,,,,,,,,,,,,,,,
Q06,1,4,1,0.31,,,,,,,,,,,,,,,,,,,,,,,,,,,,,,,,,,,,,,,,,,,,,,,,,,,,,,,,,,,,,,,,,,,,,,,,,,,,,,,,,,,,,,,,,,,,,,,,,,,,,,,,,,,,
Q07,1,4,1,1.44,,nation,2,0,never_instantiated,0,,,,,0,0,,nation,2,0,never_instantiated,0,,,,,0,0,,supplier,100000,0,never_instantiated,0,,,,,0,0,,customer,1499999,0,never_instantiated,0,,,,,0,0,lineitem,orders,15000000,0,never_instantiated,0,,,,,0,0,,,,,,,,,,,,,,,,,,,,,,,,,,,,,,,,,,,,,,,,,,,,,,,,
Q08,1,4,1,0.82,,region,1,0,never_instantiated,0,,,,,0,0,,nation,25,0,never_instantiated,0,,,,,0,0,,nation,25,0,never_instantiated,0,,,,,0,0,customer,,122404,0,never_instantiated,0,,,,,0,0,,supplier,100000,0,never_instantiated,0,,,,,0,0,orders,,403487,0,never_instantiated,0,,,,,0,0,lineitem,part,13452,0,never_instantiated,0,,,,,0,0,,,,,,,,,,,,,,,,,,,,,,,,
Q09,1,4,1,2.26,,partsupp,8000000,0,never_instantiated,0,,,,,0,0,,nation,25,0,never_instantiated,0,,,,,0,0,,part,108782,0,never_instantiated,0,,,,,0,0,,supplier,100000,0,never_instantiated,0,,,,,0,0,lineitem,orders,15000000,0,never_instantiated,0,,,,,0,0,,,,,,,,,,,,,,,,,,,,,,,,,,,,,,,,,,,,,,,,,,,,,,,,
Q10,1,4,1,0.82,,nation,25,0,never_instantiated,0,,,,,0,0,customer,,1147084,0,never_instantiated,0,,,,,0,0,lineitem,orders,573157,0,never_instantiated,0,,,,,0,0,,,,,,,,,,,,,,,,,,,,,,,,,,,,,,,,,,,,,,,,,,,,,,,,,,,,,,,,,,,,,,,,,,,,,,,,
Q11,1,4,1,0.21,partsupp,,4049,0,never_instantiated,0,,,,,0,0,supplier,nation,1,0,never_instantiated,0,,,,,0,0,,nation,1,0,never_instantiated,0,,,,,0,0,partsupp,supplier,100000,0,never_instantiated,0,,,,,0,0,,,,,,,,,,,,,,,,,,,,,,,,,,,,,,,,,,,,,,,,,,,,,,,,,,,,,,,,,,,,
Q12,1,4,1,0.41,orders,lineitem,310803,0,never_instantiated,0,,,,,0,0,,,,,,,,,,,,,,,,,,,,,,,,,,,,,,,,,,,,,,,,,,,,,,,,,,,,,,,,,,,,,,,,,,,,,,,,,,,,,,,,,,,,,,,,,,,,,,,,
Q13,1,4,1,0.93,orders,customer,1500000,0,never_instantiated,0,,,,,0,0,,,,,,,,,,,,,,,,,,,,,,,,,,,,,,,,,,,,,,,,,,,,,,,,,,,,,,,,,,,,,,,,,,,,,,,,,,,,,,,,,,,,,,,,,,,,,,,,
Q14,1,4,1,0.52,lineitem,part,2000000,0,never_instantiated,0,,,,,0,0,,,,,,,,,,,,,,,,,,,,,,,,,,,,,,,,,,,,,,,,,,,,,,,,,,,,,,,,,,,,,,,,,,,,,,,,,,,,,,,,,,,,,,,,,,,,,,,,
Q15,1,4,1,0.41,,,1,0,never_instantiated,0,,,,,0,0,supplier,,100000,0,never_instantiated,0,,,,,0,0,,,,,,,,,,,,,,,,,,,,,,,,,,,,,,,,,,,,,,,,,,,,,,,,,,,,,,,,,,,,,,,,,,,,,,,,,,,,,,,,,,,,
Q16,1,4,1,0.31,,supplier,56,0,never_instantiated,0,,,,,0,0,partsupp,,296824,0,never_instantiated,0,,,,,0,0,part,,8,0,never_instantiated,0,,,,,0,0,,,,,,,,,,,,,,,,,,,,,,,,,,,,,,,,,,,,,,,,,,,,,,,,,,,,,,,,,,,,,,,,,,,,,,,,
Q17,1,4,1,0.72,lineitem,part,2044,0,never_instantiated,0,,,,,0,0,,,61385,0,never_instantiated,0,,,,,0,0,lineitem,,2044,0,never_instantiated,0,,,,,0,0,,,,,,,,,,,,,,,,,,,,,,,,,,,,,,,,,,,,,,,,,,,,,,,,,,,,,,,,,,,,,,,,,,,,,,,,
Q18,1,4,1,2.16,,lineitem,624,0,never_instantiated,0,,,,,0,0,,customer,1499999,0,never_instantiated,0,,,,,0,0,lineitem,orders,15000000,0,never_instantiated,0,,,,,0,0,,,,,,,,,,,,,,,,,,,,,,,,,,,,,,,,,,,,,,,,,,,,,,,,,,,,,,,,,,,,,,,,,,,,,,,,
Q19,1,4,1,0.72,lineitem,part,2000000,0,never_instantiated,0,,,,,0,0,,,,,,,,,,,,,,,,,,,,,,,,,,,,,,,,,,,,,,,,,,,,,,,,,,,,,,,,,,,,,,,,,,,,,,,,,,,,,,,,,,,,,,,,,,,,,,,,
Q20,1,4,1,0.62,,,4054,0,never_instantiated,0,,,,,0,0,partsupp,part,21551,0,never_instantiated,0,,,,,0,0,,,86204,0,never_instantiated,0,,,,,0,0,lineitem,,86204,0,never_instantiated,0,,,,,0,0,supplier,nation,1,0,never_instantiated,0,,,,,0,0,,,,,,,,,,,,,,,,,,,,,,,,,,,,,,,,,,,,,,,,,,,,,,,,
Q21,1,4,1,1.85,,nation,1,0,never_instantiated,0,,,,,0,0,,supplier,100000,0,never_instantiated,0,,,,,0,0,lineitem,orders,7309184,0,never_instantiated,0,,,,,0,0,,,734523,0,never_instantiated,0,,,,,0,0,lineitem,,734511,0,never_instantiated,0,,,,,0,0,,,707593,0,never_instantiated,0,,,,,0,0,lineitem,,707581,0,never_instantiated,0,,,,,0,0,,,,,,,,,,,,,,,,,,,,,,,,
Q22,1,4,1,0.31,,,190691,0,never_instantiated,0,,,,,0,0,orders,,190691,0,never_instantiated,0,,,,,0,0,,,,,,,,,,,,,,,,,,,,,,,,,,,,,,,,,,,,,,,,,,,,,,,,,,,,,,,,,,,,,,,,,,,,,,,,,,,,,,,,,,,,
Q01,1,5,1,0.52,,,,,,,,,,,,,,,,,,,,,,,,,,,,,,,,,,,,,,,,,,,,,,,,,,,,,,,,,,,,,,,,,,,,,,,,,,,,,,,,,,,,,,,,,,,,,,,,,,,,,,,,,,,,
Q02,1,5,1,0.31,,region,1,0,never_instantiated,0,,,,,0,0,,nation,25,0,never_instantiated,0,,,,,0,0,,part,7854,0,never_instantiated,0,,,,,0,0,partsupp,supplier,100000,0,never_instantiated,0,,,,,0,0,,,6351,0,never_instantiated,0,,,,,0,0,,,4667,0,never_instantiated,0,,,,,0,0,,region,1,0,never_instantiated,0,,,,,0,0,,nation,25,0,never_instantiated,0,,,,,0,0,partsupp,supplier,100000,0,never_instantiated,0,,,,,0,0
Q03,1,5,1,0.82,,customer,300275,0,never_instantiated,0,,,,,0,0,lineitem,orders,7289442,0,never_instantiated,0,,,,,0,0,,,,,,,,,,,,,,,,,,,,,,,,,,,,,,,,,,,,,,,,,,,,,,,,,,,,,,,,,,,,,,,,,,,,,,,,,,,,,,,,,,,,
Q04,1,5,1,0.52,,,573671,0,never_instantiated,0,,,,,0,0,lineitem,,573671,0,never_instantiated,0,,,,,0,0,,,,,,,,,,,,,,,,,,,,,,,,,,,,,,,,,,,,,,,,,,,,,,,,,,,,,,,,,,,,,,,,,,,,,,,,,,,,,,,,,,,,
Q05,1,5,1,9999999,,,,,,,,,,,,,,,,,,,,,,,,,,,,,,,,,,,,,,,,,,,,,,,,,,,,,,,,,,,,,,,,,,,,,,,,,,,,,,,,,,,,,,,,,,,,,,,,,,,,,,,,,,,,
Q06,1,5,1,0.31,,,,,,,,,,,,,,,,,,,,,,,,,,,,,,,,,,,,,,,,,,,,,,,,,,,,,,,,,,,,,,,,,,,,,,,,,,,,,,,,,,,,,,,,,,,,,,,,,,,,,,,,,,,,
Q07,1,5,1,1.34,,nation,2,0,never_instantiated,0,,,,,0,0,,customer,1499999,0,never_instantiated,0,,,,,0,0,,nation,2,0,never_instantiated,0,,,,,0,0,orders,,18230325,0,never_instantiated,0,,,,,0,0,lineitem,supplier,100000,0,never_instantiated,0,,,,,0,0,,,,,,,,,,,,,,,,,,,,,,,,,,,,,,,,,,,,,,,,,,,,,,,,
Q08,1,5,1,1.75,,region,1,0,never_instantiated,0,,,,,0,0,,nation,25,0,never_instantiated,0,,,,,0,0,,part,13452,0,never_instantiated,0,,,,,0,0,,customer,1499999,0,never_instantiated,0,,,,,0,0,,orders,4557513,0,never_instantiated,0,,,,,0,0,,nation,25,0,never_instantiated,0,,,,,0,0,lineitem,supplier,100000,0,never_instantiated,0,,,,,0,0,,,,,,,,,,,,,,,,,,,,,,,,
Q09,1,5,1,1.85,,nation,25,0,never_instantiated,0,,,,,0,0,,supplier,100000,0,never_instantiated,0,,,,,0,0,,partsupp,8000000,0,never_instantiated,0,,,,,0,0,,orders,15000000,0,never_instantiated,0,,,,,0,0,lineitem,part,108782,0,never_instantiated,0,,,,,0,0,,,,,,,,,,,,,,,,,,,,,,,,,,,,,,,,,,,,,,,,,,,,,,,,
Q10,1,5,1,0.82,,nation,25,0,never_instantiated,0,,,,,0,0,customer,,1147084,0,never_instantiated,0,,,,,0,0,lineitem,orders,573157,0,never_instantiated,0,,,,,0,0,,,,,,,,,,,,,,,,,,,,,,,,,,,,,,,,,,,,,,,,,,,,,,,,,,,,,,,,,,,,,,,,,,,,,,,,
Q11,1,5,1,0.21,,nation,1,0,never_instantiated,0,,,,,0,0,partsupp,supplier,100000,0,never_instantiated,0,,,,,0,0,partsupp,,4049,0,never_instantiated,0,,,,,0,0,supplier,nation,1,0,never_instantiated,0,,,,,0,0,,,,,,,,,,,,,,,,,,,,,,,,,,,,,,,,,,,,,,,,,,,,,,,,,,,,,,,,,,,,
Q12,1,5,1,0.41,orders,lineitem,310803,0,never_instantiated,0,,,,,0,0,,,,,,,,,,,,,,,,,,,,,,,,,,,,,,,,,,,,,,,,,,,,,,,,,,,,,,,,,,,,,,,,,,,,,,,,,,,,,,,,,,,,,,,,,,,,,,,,
Q13,1,5,1,0.93,orders,customer,1500000,0,never_instantiated,0,,,,,0,0,,,,,,,,,,,,,,,,,,,,,,,,,,,,,,,,,,,,,,,,,,,,,,,,,,,,,,,,,,,,,,,,,,,,,,,,,,,,,,,,,,,,,,,,,,,,,,,,
Q14,1,5,1,0.52,lineitem,part,2000000,0,never_instantiated,0,,,,,0,0,,,,,,,,,,,,,,,,,,,,,,,,,,,,,,,,,,,,,,,,,,,,,,,,,,,,,,,,,,,,,,,,,,,,,,,,,,,,,,,,,,,,,,,,,,,,,,,,
Q15,1,5,1,0.41,,,1,0,never_instantiated,0,,,,,0,0,supplier,,100000,0,never_instantiated,0,,,,,0,0,,,,,,,,,,,,,,,,,,,,,,,,,,,,,,,,,,,,,,,,,,,,,,,,,,,,,,,,,,,,,,,,,,,,,,,,,,,,,,,,,,,,
Q16,1,5,1,0.31,,supplier,56,0,never_instantiated,0,,,,,0,0,partsupp,,296824,0,never_instantiated,0,,,,,0,0,part,,8,0,never_instantiated,0,,,,,0,0,,,,,,,,,,,,,,,,,,,,,,,,,,,,,,,,,,,,,,,,,,,,,,,,,,,,,,,,,,,,,,,,,,,,,,,,
Q17,1,5,1,0.72,lineitem,part,2044,0,never_instantiated,0,,,,,0,0,,,61385,0,never_instantiated,0,,,,,0,0,lineitem,,2044,0,never_instantiated,0,,,,,0,0,,,,,,,,,,,,,,,,,,,,,,,,,,,,,,,,,,,,,,,,,,,,,,,,,,,,,,,,,,,,,,,,,,,,,,,,
Q18,1,5,1,2.16,,lineitem,624,0,never_instantiated,0,,,,,0,0,,customer,1499999,0,never_instantiated,0,,,,,0,0,lineitem,orders,15000000,0,never_instantiated,0,,,,,0,0,,,,,,,,,,,,,,,,,,,,,,,,,,,,,,,,,,,,,,,,,,,,,,,,,,,,,,,,,,,,,,,,,,,,,,,,
Q19,1,5,1,0.72,lineitem,part,2000000,0,never_instantiated,0,,,,,0,0,,,,,,,,,,,,,,,,,,,,,,,,,,,,,,,,,,,,,,,,,,,,,,,,,,,,,,,,,,,,,,,,,,,,,,,,,,,,,,,,,,,,,,,,,,,,,,,,
Q20,1,5,1,0.62,,,4054,0,never_instantiated,0,,,,,0,0,partsupp,part,21551,0,never_instantiated,0,,,,,0,0,,,86204,0,never_instantiated,0,,,,,0,0,lineitem,,86204,0,never_instantiated,0,,,,,0,0,supplier,nation,1,0,never_instantiated,0,,,,,0,0,,,,,,,,,,,,,,,,,,,,,,,,,,,,,,,,,,,,,,,,,,,,,,,,
Q21,1,5,1,1.85,,nation,1,0,never_instantiated,0,,,,,0,0,,orders,7309184,0,never_instantiated,0,,,,,0,0,lineitem,supplier,100000,0,never_instantiated,0,,,,,0,0,,,734523,0,never_instantiated,0,,,,,0,0,lineitem,,734511,0,never_instantiated,0,,,,,0,0,,,707593,0,never_instantiated,0,,,,,0,0,lineitem,,707581,0,never_instantiated,0,,,,,0,0,,,,,,,,,,,,,,,,,,,,,,,,
Q22,1,5,1,0.31,,,190691,0,never_instantiated,0,,,,,0,0,orders,,190691,0,never_instantiated,0,,,,,0,0,,,,,,,,,,,,,,,,,,,,,,,,,,,,,,,,,,,,,,,,,,,,,,,,,,,,,,,,,,,,,,,,,,,,,,,,,,,,,,,,,,,,
Q01,1,6,1,0.52,,,,,,,,,,,,,,,,,,,,,,,,,,,,,,,,,,,,,,,,,,,,,,,,,,,,,,,,,,,,,,,,,,,,,,,,,,,,,,,,,,,,,,,,,,,,,,,,,,,,,,,,,,,,
Q02,1,6,1,0.21,,region,1,0,never_instantiated,0,,,,,0,0,,nation,25,0,never_instantiated,0,,,,,0,0,supplier,,31416,0,never_instantiated,0,,,,,0,0,partsupp,part,7854,0,never_instantiated,0,,,,,0,0,,,6351,0,never_instantiated,0,,,,,0,0,,,4667,0,never_instantiated,0,,,,,0,0,,region,1,0,never_instantiated,0,,,,,0,0,partsupp,,100000,0,never_instantiated,0,,,,,0,0,supplier,nation,25,0,never_instantiated,0,,,,,0,0
Q03,1,6,1,0.82,,customer,300275,0,never_instantiated,0,,,,,0,0,lineitem,orders,7289442,0,never_instantiated,0,,,,,0,0,,,,,,,,,,,,,,,,,,,,,,,,,,,,,,,,,,,,,,,,,,,,,,,,,,,,,,,,,,,,,,,,,,,,,,,,,,,,,,,,,,,,
Q04,1,6,1,0.52,,,573671,0,never_instantiated,0,,,,,0,0,lineitem,,573671,0,never_instantiated,0,,,,,0,0,,,,,,,,,,,,,,,,,,,,,,,,,,,,,,,,,,,,,,,,,,,,,,,,,,,,,,,,,,,,,,,,,,,,,,,,,,,,,,,,,,,,
Q05,1,6,1,1.03,,region,1,0,never_instantiated,0,,,,,0,0,,nation,25,0,never_instantiated,0,,,,,0,0,,customer,1499999,0,never_instantiated,0,,,,,0,0,,supplier,100000,0,never_instantiated,0,,,,,0,0,lineitem,orders,2275919,0,never_instantiated,0,,,,,0,0,,,,,,,,,,,,,,,,,,,,,,,,,,,,,,,,,,,,,,,,,,,,,,,,
Q06,1,6,1,0.31,,,,,,,,,,,,,,,,,,,,,,,,,,,,,,,,,,,,,,,,,,,,,,,,,,,,,,,,,,,,,,,,,,,,,,,,,,,,,,,,,,,,,,,,,,,,,,,,,,,,,,,,,,,,
Q07,1,6,1,1.13,,nation,2,0,never_instantiated,0,,,,,0,0,,customer,1499999,0,never_instantiated,0,,,,,0,0,,nation,2,0,never_instantiated,0,,,,,0,0,,supplier,100000,0,never_instantiated,0,,,,,0,0,lineitem,orders,15000000,0,never_instantiated,0,,,,,0,0,,,,,,,,,,,,,,,,,,,,,,,,,,,,,,,,,,,,,,,,,,,,,,,,
Q08,1,6,1,1.13,,region,1,0,never_instantiated,0,,,,,0,0,,nation,25,0,never_instantiated,0,,,,,0,0,,nation,25,0,never_instantiated,0,,,,,0,0,,supplier,100000,0,never_instantiated,0,,,,,0,0,customer,,122404,0,never_instantiated,0,,,,,0,0,,part,13452,0,never_instantiated,0,,,,,0,0,lineitem,orders,4557513,0,never_instantiated,0,,,,,0,0,,,,,,,,,,,,,,,,,,,,,,,,
Q09,1,6,1,2.67,,nation,25,0,never_instantiated,0,,,,,0,0,,supplier,100000,0,never_instantiated,0,,,,,0,0,,orders,15000000,0,never_instantiated,0,,,,,0,0,,part,108782,0,never_instantiated,0,,,,,0,0,lineitem,partsupp,8000000,0,never_instantiated,0,,,,,0,0,,,,,,,,,,,,,,,,,,,,,,,,,,,,,,,,,,,,,,,,,,,,,,,,
Q10,1,6,1,0.82,,nation,25,0,never_instantiated,0,,,,,0,0,customer,,1147084,0,never_instantiated,0,,,,,0,0,lineitem,orders,573157,0,never_instantiated,0,,,,,0,0,,,,,,,,,,,,,,,,,,,,,,,,,,,,,,,,,,,,,,,,,,,,,,,,,,,,,,,,,,,,,,,,,,,,,,,,
Q11,1,6,1,0.21,partsupp,,4049,0,never_instantiated,0,,,,,0,0,supplier,nation,1,0,never_instantiated,0,,,,,0,0,partsupp,,4049,0,never_instantiated,0,,,,,0,0,supplier,nation,1,0,never_instantiated,0,,,,,0,0,,,,,,,,,,,,,,,,,,,,,,,,,,,,,,,,,,,,,,,,,,,,,,,,,,,,,,,,,,,,
Q12,1,6,1,0.41,orders,lineitem,310803,0,never_instantiated,0,,,,,0,0,,,,,,,,,,,,,,,,,,,,,,,,,,,,,,,,,,,,,,,,,,,,,,,,,,,,,,,,,,,,,,,,,,,,,,,,,,,,,,,,,,,,,,,,,,,,,,,,
Q13,1,6,1,0.93,orders,customer,1500000,0,never_instantiated,0,,,,,0,0,,,,,,,,,,,,,,,,,,,,,,,,,,,,,,,,,,,,,,,,,,,,,,,,,,,,,,,,,,,,,,,,,,,,,,,,,,,,,,,,,,,,,,,,,,,,,,,,
Q14,1,6,1,0.62,lineitem,part,2000000,0,never_instantiated,0,,,,,0,0,,,,,,,,,,,,,,,,,,,,,,,,,,,,,,,,,,,,,,,,,,,,,,,,,,,,,,,,,,,,,,,,,,,,,,,,,,,,,,,,,,,,,,,,,,,,,,,,
Q15,1,6,1,0.41,,,1,0,never_instantiated,0,,,,,0,0,supplier,,100000,0,never_instantiated,0,,,,,0,0,,,,,,,,,,,,,,,,,,,,,,,,,,,,,,,,,,,,,,,,,,,,,,,,,,,,,,,,,,,,,,,,,,,,,,,,,,,,,,,,,,,,
Q16,1,6,1,0.31,,supplier,56,0,never_instantiated,0,,,,,0,0,partsupp,,296824,0,never_instantiated,0,,,,,0,0,part,,8,0,never_instantiated,0,,,,,0,0,,,,,,,,,,,,,,,,,,,,,,,,,,,,,,,,,,,,,,,,,,,,,,,,,,,,,,,,,,,,,,,,,,,,,,,,
Q17,1,6,1,0.72,lineitem,part,2044,0,never_instantiated,0,,,,,0,0,,,61385,0,never_instantiated,0,,,,,0,0,lineitem,,2044,0,never_instantiated,0,,,,,0,0,,,,,,,,,,,,,,,,,,,,,,,,,,,,,,,,,,,,,,,,,,,,,,,,,,,,,,,,,,,,,,,,,,,,,,,,
Q18,1,6,1,2.16,,lineitem,624,0,never_instantiated,0,,,,,0,0,,customer,1499999,0,never_instantiated,0,,,,,0,0,lineitem,orders,15000000,0,never_instantiated,0,,,,,0,0,,,,,,,,,,,,,,,,,,,,,,,,,,,,,,,,,,,,,,,,,,,,,,,,,,,,,,,,,,,,,,,,,,,,,,,,
Q19,1,6,1,0.72,lineitem,part,2000000,0,never_instantiated,0,,,,,0,0,,,,,,,,,,,,,,,,,,,,,,,,,,,,,,,,,,,,,,,,,,,,,,,,,,,,,,,,,,,,,,,,,,,,,,,,,,,,,,,,,,,,,,,,,,,,,,,,
Q20,1,6,1,0.62,,,4054,0,never_instantiated,0,,,,,0,0,partsupp,part,21551,0,never_instantiated,0,,,,,0,0,,,86204,0,never_instantiated,0,,,,,0,0,lineitem,,86204,0,never_instantiated,0,,,,,0,0,supplier,nation,1,0,never_instantiated,0,,,,,0,0,,,,,,,,,,,,,,,,,,,,,,,,,,,,,,,,,,,,,,,,,,,,,,,,
Q21,1,6,1,1.85,,nation,1,0,never_instantiated,0,,,,,0,0,,supplier,100000,0,never_instantiated,0,,,,,0,0,lineitem,orders,7309184,0,never_instantiated,0,,,,,0,0,,,734523,0,never_instantiated,0,,,,,0,0,lineitem,,734511,0,never_instantiated,0,,,,,0,0,,,707593,0,never_instantiated,0,,,,,0,0,lineitem,,707581,0,never_instantiated,0,,,,,0,0,,,,,,,,,,,,,,,,,,,,,,,,
Q22,1,6,1,0.31,,,190691,0,never_instantiated,0,,,,,0,0,orders,,190691,0,never_instantiated,0,,,,,0,0,,,,,,,,,,,,,,,,,,,,,,,,,,,,,,,,,,,,,,,,,,,,,,,,,,,,,,,,,,,,,,,,,,,,,,,,,,,,,,,,,,,,
Q01,1,7,1,0.52,,,,,,,,,,,,,,,,,,,,,,,,,,,,,,,,,,,,,,,,,,,,,,,,,,,,,,,,,,,,,,,,,,,,,,,,,,,,,,,,,,,,,,,,,,,,,,,,,,,,,,,,,,,,
Q02,1,7,1,0.31,,region,1,0,never_instantiated,0,,,,,0,0,,nation,25,0,never_instantiated,0,,,,,0,0,,part,7854,0,never_instantiated,0,,,,,0,0,partsupp,supplier,100000,0,never_instantiated,0,,,,,0,0,,,6351,0,never_instantiated,0,,,,,0,0,,,4667,0,never_instantiated,0,,,,,0,0,,region,1,0,never_instantiated,0,,,,,0,0,,nation,25,0,never_instantiated,0,,,,,0,0,partsupp,supplier,100000,0,never_instantiated,0,,,,,0,0
Q03,1,7,1,0.82,,customer,300275,0,never_instantiated,0,,,,,0,0,lineitem,orders,7289442,0,never_instantiated,0,,,,,0,0,,,,,,,,,,,,,,,,,,,,,,,,,,,,,,,,,,,,,,,,,,,,,,,,,,,,,,,,,,,,,,,,,,,,,,,,,,,,,,,,,,,,
Q04,1,7,1,0.52,,,573671,0,never_instantiated,0,,,,,0,0,lineitem,,573671,0,never_instantiated,0,,,,,0,0,,,,,,,,,,,,,,,,,,,,,,,,,,,,,,,,,,,,,,,,,,,,,,,,,,,,,,,,,,,,,,,,,,,,,,,,,,,,,,,,,,,,
Q05,1,7,1,9999999,,,,,,,,,,,,,,,,,,,,,,,,,,,,,,,,,,,,,,,,,,,,,,,,,,,,,,,,,,,,,,,,,,,,,,,,,,,,,,,,,,,,,,,,,,,,,,,,,,,,,,,,,,,,
Q06,1,7,1,0.31,,,,,,,,,,,,,,,,,,,,,,,,,,,,,,,,,,,,,,,,,,,,,,,,,,,,,,,,,,,,,,,,,,,,,,,,,,,,,,,,,,,,,,,,,,,,,,,,,,,,,,,,,,,,
Q07,1,7,1,1.44,,nation,2,0,never_instantiated,0,,,,,0,0,,nation,2,0,never_instantiated,0,,,,,0,0,,customer,1499999,0,never_instantiated,0,,,,,0,0,orders,,18230325,0,never_instantiated,0,,,,,0,0,lineitem,supplier,100000,0,never_instantiated,0,,,,,0,0,,,,,,,,,,,,,,,,,,,,,,,,,,,,,,,,,,,,,,,,,,,,,,,,
Q08,1,7,1,0.82,,region,1,0,never_instantiated,0,,,,,0,0,,nation,25,0,never_instantiated,0,,,,,0,0,customer,,122404,0,never_instantiated,0,,,,,0,0,,nation,25,0,never_instantiated,0,,,,,0,0,orders,,403487,0,never_instantiated,0,,,,,0,0,,supplier,100000,0,never_instantiated,0,,,,,0,0,lineitem,part,13452,0,never_instantiated,0,,,,,0,0,,,,,,,,,,,,,,,,,,,,,,,,
Q09,1,7,1,2.98,,nation,25,0,never_instantiated,0,,,,,0,0,,part,108782,0,never_instantiated,0,,,,,0,0,,orders,15000000,0,never_instantiated,0,,,,,0,0,,partsupp,8000000,0,never_instantiated,0,,,,,0,0,lineitem,supplier,100000,0,never_instantiated,0,,,,,0,0,,,,,,,,,,,,,,,,,,,,,,,,,,,,,,,,,,,,,,,,,,,,,,,,
Q10,1,7,1,0.82,,nation,25,0,never_instantiated,0,,,,,0,0,customer,,1147084,0,never_instantiated,0,,,,,0,0,lineitem,orders,573157,0,never_instantiated,0,,,,,0,0,,,,,,,,,,,,,,,,,,,,,,,,,,,,,,,,,,,,,,,,,,,,,,,,,,,,,,,,,,,,,,,,,,,,,,,,
Q11,1,7,1,0.21,,nation,1,0,never_instantiated,0,,,,,0,0,partsupp,supplier,100000,0,never_instantiated,0,,,,,0,0,,nation,1,0,never_instantiated,0,,,,,0,0,partsupp,supplier,100000,0,never_instantiated,0,,,,,0,0,,,,,,,,,,,,,,,,,,,,,,,,,,,,,,,,,,,,,,,,,,,,,,,,,,,,,,,,,,,,
Q12,1,7,1,0.41,orders,lineitem,310803,0,never_instantiated,0,,,,,0,0,,,,,,,,,,,,,,,,,,,,,,,,,,,,,,,,,,,,,,,,,,,,,,,,,,,,,,,,,,,,,,,,,,,,,,,,,,,,,,,,,,,,,,,,,,,,,,,,
Q13,1,7,1,0.93,orders,customer,1500000,0,never_instantiated,0,,,,,0,0,,,,,,,,,,,,,,,,,,,,,,,,,,,,,,,,,,,,,,,,,,,,,,,,,,,,,,,,,,,,,,,,,,,,,,,,,,,,,,,,,,,,,,,,,,,,,,,,
Q14,1,7,1,0.62,lineitem,part,2000000,0,never_instantiated,0,,,,,0,0,,,,,,,,,,,,,,,,,,,,,,,,,,,,,,,,,,,,,,,,,,,,,,,,,,,,,,,,,,,,,,,,,,,,,,,,,,,,,,,,,,,,,,,,,,,,,,,,
Q15,1,7,1,0.41,,,1,0,never_instantiated,0,,,,,0,0,supplier,,100000,0,never_instantiated,0,,,,,0,0,,,,,,,,,,,,,,,,,,,,,,,,,,,,,,,,,,,,,,,,,,,,,,,,,,,,,,,,,,,,,,,,,,,,,,,,,,,,,,,,,,,,
Q16,1,7,1,0.31,,supplier,56,0,never_instantiated,0,,,,,0,0,partsupp,,296824,0,never_instantiated,0,,,,,0,0,part,,8,0,never_instantiated,0,,,,,0,0,,,,,,,,,,,,,,,,,,,,,,,,,,,,,,,,,,,,,,,,,,,,,,,,,,,,,,,,,,,,,,,,,,,,,,,,
Q17,1,7,1,0.72,lineitem,part,2044,0,never_instantiated,0,,,,,0,0,,,61385,0,never_instantiated,0,,,,,0,0,lineitem,,2044,0,never_instantiated,0,,,,,0,0,,,,,,,,,,,,,,,,,,,,,,,,,,,,,,,,,,,,,,,,,,,,,,,,,,,,,,,,,,,,,,,,,,,,,,,,
Q18,1,7,1,2.15,,lineitem,624,0,never_instantiated,0,,,,,0,0,,customer,1499999,0,never_instantiated,0,,,,,0,0,lineitem,orders,15000000,0,never_instantiated,0,,,,,0,0,,,,,,,,,,,,,,,,,,,,,,,,,,,,,,,,,,,,,,,,,,,,,,,,,,,,,,,,,,,,,,,,,,,,,,,,
Q19,1,7,1,0.72,lineitem,part,2000000,0,never_instantiated,0,,,,,0,0,,,,,,,,,,,,,,,,,,,,,,,,,,,,,,,,,,,,,,,,,,,,,,,,,,,,,,,,,,,,,,,,,,,,,,,,,,,,,,,,,,,,,,,,,,,,,,,,
Q20,1,7,1,0.62,,,4054,0,never_instantiated,0,,,,,0,0,partsupp,part,21551,0,never_instantiated,0,,,,,0,0,,,86204,0,never_instantiated,0,,,,,0,0,lineitem,,86204,0,never_instantiated,0,,,,,0,0,supplier,nation,1,0,never_instantiated,0,,,,,0,0,,,,,,,,,,,,,,,,,,,,,,,,,,,,,,,,,,,,,,,,,,,,,,,,
Q21,1,7,1,1.85,,nation,1,0,never_instantiated,0,,,,,0,0,,orders,7309184,0,never_instantiated,0,,,,,0,0,lineitem,supplier,100000,0,never_instantiated,0,,,,,0,0,,,734523,0,never_instantiated,0,,,,,0,0,lineitem,,734511,0,never_instantiated,0,,,,,0,0,,,707593,0,never_instantiated,0,,,,,0,0,lineitem,,707581,0,never_instantiated,0,,,,,0,0,,,,,,,,,,,,,,,,,,,,,,,,
Q22,1,7,1,0.31,,,190691,0,never_instantiated,0,,,,,0,0,orders,,190691,0,never_instantiated,0,,,,,0,0,,,,,,,,,,,,,,,,,,,,,,,,,,,,,,,,,,,,,,,,,,,,,,,,,,,,,,,,,,,,,,,,,,,,,,,,,,,,,,,,,,,,
Q01,1,8,1,0.52,,,,,,,,,,,,,,,,,,,,,,,,,,,,,,,,,,,,,,,,,,,,,,,,,,,,,,,,,,,,,,,,,,,,,,,,,,,,,,,,,,,,,,,,,,,,,,,,,,,,,,,,,,,,
Q02,1,8,1,0.31,,region,1,0,never_instantiated,0,,,,,0,0,,nation,25,0,never_instantiated,0,,,,,0,0,supplier,,31416,0,never_instantiated,0,,,,,0,0,partsupp,part,7854,0,never_instantiated,0,,,,,0,0,,,6351,0,never_instantiated,0,,,,,0,0,,,4667,0,never_instantiated,0,,,,,0,0,,region,1,0,never_instantiated,0,,,,,0,0,partsupp,,100000,0,never_instantiated,0,,,,,0,0,supplier,nation,25,0,never_instantiated,0,,,,,0,0
Q03,1,8,1,0.82,,customer,300275,0,never_instantiated,0,,,,,0,0,lineitem,orders,7289442,0,never_instantiated,0,,,,,0,0,,,,,,,,,,,,,,,,,,,,,,,,,,,,,,,,,,,,,,,,,,,,,,,,,,,,,,,,,,,,,,,,,,,,,,,,,,,,,,,,,,,,
Q04,1,8,1,0.52,,,573671,0,never_instantiated,0,,,,,0,0,lineitem,,573671,0,never_instantiated,0,,,,,0,0,,,,,,,,,,,,,,,,,,,,,,,,,,,,,,,,,,,,,,,,,,,,,,,,,,,,,,,,,,,,,,,,,,,,,,,,,,,,,,,,,,,,
Q05,1,8,1,1.03,,region,1,0,never_instantiated,0,,,,,0,0,,nation,25,0,never_instantiated,0,,,,,0,0,,customer,1499999,0,never_instantiated,0,,,,,0,0,,supplier,100000,0,never_instantiated,0,,,,,0,0,lineitem,orders,2275919,0,never_instantiated,0,,,,,0,0,,,,,,,,,,,,,,,,,,,,,,,,,,,,,,,,,,,,,,,,,,,,,,,,
Q06,1,8,1,0.31,,,,,,,,,,,,,,,,,,,,,,,,,,,,,,,,,,,,,,,,,,,,,,,,,,,,,,,,,,,,,,,,,,,,,,,,,,,,,,,,,,,,,,,,,,,,,,,,,,,,,,,,,,,,
Q07,1,8,1,1.13,,nation,2,0,never_instantiated,0,,,,,0,0,,customer,1499999,0,never_instantiated,0,,,,,0,0,,nation,2,0,never_instantiated,0,,,,,0,0,,supplier,100000,0,never_instantiated,0,,,,,0,0,lineitem,orders,15000000,0,never_instantiated,0,,,,,0,0,,,,,,,,,,,,,,,,,,,,,,,,,,,,,,,,,,,,,,,,,,,,,,,,
Q08,1,8,1,1.44,,region,1,0,never_instantiated,0,,,,,0,0,,nation,25,0,never_instantiated,0,,,,,0,0,customer,,122404,0,never_instantiated,0,,,,,0,0,,part,13452,0,never_instantiated,0,,,,,0,0,,nation,25,0,never_instantiated,0,,,,,0,0,,orders,4557513,0,never_instantiated,0,,,,,0,0,lineitem,supplier,100000,0,never_instantiated,0,,,,,0,0,,,,,,,,,,,,,,,,,,,,,,,,
Q09,1,8,1,2.98,,nation,25,0,never_instantiated,0,,,,,0,0,,supplier,100000,0,never_instantiated,0,,,,,0,0,,part,108782,0,never_instantiated,0,,,,,0,0,,partsupp,8000000,0,never_instantiated,0,,,,,0,0,lineitem,orders,15000000,0,never_instantiated,0,,,,,0,0,,,,,,,,,,,,,,,,,,,,,,,,,,,,,,,,,,,,,,,,,,,,,,,,
Q10,1,8,1,0.82,,nation,25,0,never_instantiated,0,,,,,0,0,customer,,1147084,0,never_instantiated,0,,,,,0,0,lineitem,orders,573157,0,never_instantiated,0,,,,,0,0,,,,,,,,,,,,,,,,,,,,,,,,,,,,,,,,,,,,,,,,,,,,,,,,,,,,,,,,,,,,,,,,,,,,,,,,
Q11,1,8,1,0.21,partsupp,,4049,0,never_instantiated,0,,,,,0,0,supplier,nation,1,0,never_instantiated,0,,,,,0,0,partsupp,,4049,0,never_instantiated,0,,,,,0,0,supplier,nation,1,0,never_instantiated,0,,,,,0,0,,,,,,,,,,,,,,,,,,,,,,,,,,,,,,,,,,,,,,,,,,,,,,,,,,,,,,,,,,,,
Q12,1,8,1,0.41,orders,lineitem,310803,0,never_instantiated,0,,,,,0,0,,,,,,,,,,,,,,,,,,,,,,,,,,,,,,,,,,,,,,,,,,,,,,,,,,,,,,,,,,,,,,,,,,,,,,,,,,,,,,,,,,,,,,,,,,,,,,,,
Q13,1,8,1,0.93,orders,customer,1500000,0,never_instantiated,0,,,,,0,0,,,,,,,,,,,,,,,,,,,,,,,,,,,,,,,,,,,,,,,,,,,,,,,,,,,,,,,,,,,,,,,,,,,,,,,,,,,,,,,,,,,,,,,,,,,,,,,,
Q14,1,8,1,0.62,lineitem,part,2000000,0,never_instantiated,0,,,,,0,0,,,,,,,,,,,,,,,,,,,,,,,,,,,,,,,,,,,,,,,,,,,,,,,,,,,,,,,,,,,,,,,,,,,,,,,,,,,,,,,,,,,,,,,,,,,,,,,,
Q15,1,8,1,0.41,,,1,0,never_instantiated,0,,,,,0,0,supplier,,100000,0,never_instantiated,0,,,,,0,0,,,,,,,,,,,,,,,,,,,,,,,,,,,,,,,,,,,,,,,,,,,,,,,,,,,,,,,,,,,,,,,,,,,,,,,,,,,,,,,,,,,,
Q16,1,8,1,0.31,,supplier,56,0,never_instantiated,0,,,,,0,0,partsupp,,296824,0,never_instantiated,0,,,,,0,0,part,,8,0,never_instantiated,0,,,,,0,0,,,,,,,,,,,,,,,,,,,,,,,,,,,,,,,,,,,,,,,,,,,,,,,,,,,,,,,,,,,,,,,,,,,,,,,,
Q17,1,8,1,0.72,lineitem,part,2044,0,never_instantiated,0,,,,,0,0,,,61385,0,never_instantiated,0,,,,,0,0,lineitem,,2044,0,never_instantiated,0,,,,,0,0,,,,,,,,,,,,,,,,,,,,,,,,,,,,,,,,,,,,,,,,,,,,,,,,,,,,,,,,,,,,,,,,,,,,,,,,
Q18,1,8,1,2.15,,lineitem,624,0,never_instantiated,0,,,,,0,0,,customer,1499999,0,never_instantiated,0,,,,,0,0,lineitem,orders,15000000,0,never_instantiated,0,,,,,0,0,,,,,,,,,,,,,,,,,,,,,,,,,,,,,,,,,,,,,,,,,,,,,,,,,,,,,,,,,,,,,,,,,,,,,,,,
Q19,1,8,1,0.72,lineitem,part,2000000,0,never_instantiated,0,,,,,0,0,,,,,,,,,,,,,,,,,,,,,,,,,,,,,,,,,,,,,,,,,,,,,,,,,,,,,,,,,,,,,,,,,,,,,,,,,,,,,,,,,,,,,,,,,,,,,,,,
Q20,1,8,1,0.62,,,4054,0,never_instantiated,0,,,,,0,0,partsupp,part,21551,0,never_instantiated,0,,,,,0,0,,,86204,0,never_instantiated,0,,,,,0,0,lineitem,,86204,0,never_instantiated,0,,,,,0,0,supplier,nation,1,0,never_instantiated,0,,,,,0,0,,,,,,,,,,,,,,,,,,,,,,,,,,,,,,,,,,,,,,,,,,,,,,,,
Q21,1,8,1,1.85,,nation,1,0,never_instantiated,0,,,,,0,0,,supplier,100000,0,never_instantiated,0,,,,,0,0,lineitem,orders,7309184,0,never_instantiated,0,,,,,0,0,,,734523,0,never_instantiated,0,,,,,0,0,lineitem,,734511,0,never_instantiated,0,,,,,0,0,,,707593,0,never_instantiated,0,,,,,0,0,lineitem,,707581,0,never_instantiated,0,,,,,0,0,,,,,,,,,,,,,,,,,,,,,,,,
Q22,1,8,1,0.31,,,190691,0,never_instantiated,0,,,,,0,0,orders,,190691,0,never_instantiated,0,,,,,0,0,,,,,,,,,,,,,,,,,,,,,,,,,,,,,,,,,,,,,,,,,,,,,,,,,,,,,,,,,,,,,,,,,,,,,,,,,,,,,,,,,,,,
Q01,1,9,1,0.52,,,,,,,,,,,,,,,,,,,,,,,,,,,,,,,,,,,,,,,,,,,,,,,,,,,,,,,,,,,,,,,,,,,,,,,,,,,,,,,,,,,,,,,,,,,,,,,,,,,,,,,,,,,,
Q02,1,9,1,0.31,,region,1,0,never_instantiated,0,,,,,0,0,,part,7854,0,never_instantiated,0,,,,,0,0,,nation,25,0,never_instantiated,0,,,,,0,0,partsupp,supplier,100000,0,never_instantiated,0,,,,,0,0,,,6351,0,never_instantiated,0,,,,,0,0,,,4667,0,never_instantiated,0,,,,,0,0,partsupp,,20033,0,never_instantiated,0,,,,,0,0,,region,1,0,never_instantiated,0,,,,,0,0,supplier,nation,25,0,never_instantiated,0,,,,,0,0
Q03,1,9,1,0.82,,customer,300275,0,never_instantiated,0,,,,,0,0,lineitem,orders,7289442,0,never_instantiated,0,,,,,0,0,,,,,,,,,,,,,,,,,,,,,,,,,,,,,,,,,,,,,,,,,,,,,,,,,,,,,,,,,,,,,,,,,,,,,,,,,,,,,,,,,,,,
Q04,1,9,1,0.52,,,573671,0,never_instantiated,0,,,,,0,0,lineitem,,573671,0,never_instantiated,0,,,,,0,0,,,,,,,,,,,,,,,,,,,,,,,,,,,,,,,,,,,,,,,,,,,,,,,,,,,,,,,,,,,,,,,,,,,,,,,,,,,,,,,,,,,,
Q05,1,9,1,1.13,,region,1,0,never_instantiated,0,,,,,0,0,,nation,25,0,never_instantiated,0,,,,,0,0,,customer,1499999,0,never_instantiated,0,,,,,0,0,,orders,2275919,0,never_instantiated,0,,,,,0,0,lineitem,supplier,100000,0,never_instantiated,0,,,,,0,0,,,,,,,,,,,,,,,,,,,,,,,,,,,,,,,,,,,,,,,,,,,,,,,,
Q06,1,9,1,0.31,,,,,,,,,,,,,,,,,,,,,,,,,,,,,,,,,,,,,,,,,,,,,,,,,,,,,,,,,,,,,,,,,,,,,,,,,,,,,,,,,,,,,,,,,,,,,,,,,,,,,,,,,,,,
Q07,1,9,1,0.82,,nation,2,0,never_instantiated,0,,,,,0,0,,customer,1499999,0,never_instantiated,0,,,,,0,0,orders,,1460257,0,never_instantiated,0,,,,,0,0,,nation,2,0,never_instantiated,0,,,,,0,0,lineitem,supplier,100000,0,never_instantiated,0,,,,,0,0,,,,,,,,,,,,,,,,,,,,,,,,,,,,,,,,,,,,,,,,,,,,,,,,
Q08,1,9,1,1.33,,region,1,0,never_instantiated,0,,,,,0,0,,nation,25,0,never_instantiated,0,,,,,0,0,customer,,122404,0,never_instantiated,0,,,,,0,0,,part,13452,0,never_instantiated,0,,,,,0,0,,nation,25,0,never_instantiated,0,,,,,0,0,,supplier,100000,0,never_instantiated,0,,,,,0,0,lineitem,orders,4557513,0,never_instantiated,0,,,,,0,0,,,,,,,,,,,,,,,,,,,,,,,,
Q09,1,9,1,1.85,,nation,25,0,never_instantiated,0,,,,,0,0,,partsupp,8000000,0,never_instantiated,0,,,,,0,0,,orders,15000000,0,never_instantiated,0,,,,,0,0,,supplier,100000,0,never_instantiated,0,,,,,0,0,lineitem,part,108782,0,never_instantiated,0,,,,,0,0,,,,,,,,,,,,,,,,,,,,,,,,,,,,,,,,,,,,,,,,,,,,,,,,
Q10,1,9,1,0.82,,nation,25,0,never_instantiated,0,,,,,0,0,customer,,1147084,0,never_instantiated,0,,,,,0,0,lineitem,orders,573157,0,never_instantiated,0,,,,,0,0,,,,,,,,,,,,,,,,,,,,,,,,,,,,,,,,,,,,,,,,,,,,,,,,,,,,,,,,,,,,,,,,,,,,,,,,
Q11,1,9,1,0.21,,nation,1,0,never_instantiated,0,,,,,0,0,partsupp,supplier,100000,0,never_instantiated,0,,,,,0,0,partsupp,,4049,0,never_instantiated,0,,,,,0,0,supplier,nation,1,0,never_instantiated,0,,,,,0,0,,,,,,,,,,,,,,,,,,,,,,,,,,,,,,,,,,,,,,,,,,,,,,,,,,,,,,,,,,,,
Q12,1,9,1,0.41,orders,lineitem,310803,0,never_instantiated,0,,,,,0,0,,,,,,,,,,,,,,,,,,,,,,,,,,,,,,,,,,,,,,,,,,,,,,,,,,,,,,,,,,,,,,,,,,,,,,,,,,,,,,,,,,,,,,,,,,,,,,,,
Q13,1,9,1,0.93,orders,customer,1500000,0,never_instantiated,0,,,,,0,0,,,,,,,,,,,,,,,,,,,,,,,,,,,,,,,,,,,,,,,,,,,,,,,,,,,,,,,,,,,,,,,,,,,,,,,,,,,,,,,,,,,,,,,,,,,,,,,,
Q14,1,9,1,0.62,lineitem,part,2000000,0,never_instantiated,0,,,,,0,0,,,,,,,,,,,,,,,,,,,,,,,,,,,,,,,,,,,,,,,,,,,,,,,,,,,,,,,,,,,,,,,,,,,,,,,,,,,,,,,,,,,,,,,,,,,,,,,,
Q15,1,9,1,0.41,,,1,0,never_instantiated,0,,,,,0,0,supplier,,100000,0,never_instantiated,0,,,,,0,0,,,,,,,,,,,,,,,,,,,,,,,,,,,,,,,,,,,,,,,,,,,,,,,,,,,,,,,,,,,,,,,,,,,,,,,,,,,,,,,,,,,,
Q16,1,9,1,0.31,,supplier,56,0,never_instantiated,0,,,,,0,0,partsupp,,296824,0,never_instantiated,0,,,,,0,0,part,,8,0,never_instantiated,0,,,,,0,0,,,,,,,,,,,,,,,,,,,,,,,,,,,,,,,,,,,,,,,,,,,,,,,,,,,,,,,,,,,,,,,,,,,,,,,,
Q17,1,9,1,0.72,lineitem,part,2044,0,never_instantiated,0,,,,,0,0,,,61385,0,never_instantiated,0,,,,,0,0,lineitem,,2044,0,never_instantiated,0,,,,,0,0,,,,,,,,,,,,,,,,,,,,,,,,,,,,,,,,,,,,,,,,,,,,,,,,,,,,,,,,,,,,,,,,,,,,,,,,
Q18,1,9,1,2.16,,lineitem,624,0,never_instantiated,0,,,,,0,0,,customer,1499999,0,never_instantiated,0,,,,,0,0,lineitem,orders,15000000,0,never_instantiated,0,,,,,0,0,,,,,,,,,,,,,,,,,,,,,,,,,,,,,,,,,,,,,,,,,,,,,,,,,,,,,,,,,,,,,,,,,,,,,,,,
Q19,1,9,1,0.72,lineitem,part,2000000,0,never_instantiated,0,,,,,0,0,,,,,,,,,,,,,,,,,,,,,,,,,,,,,,,,,,,,,,,,,,,,,,,,,,,,,,,,,,,,,,,,,,,,,,,,,,,,,,,,,,,,,,,,,,,,,,,,
Q20,1,9,1,0.62,,,4054,0,never_instantiated,0,,,,,0,0,partsupp,part,21551,0,never_instantiated,0,,,,,0,0,,,86204,0,never_instantiated,0,,,,,0,0,lineitem,,86204,0,never_instantiated,0,,,,,0,0,supplier,nation,1,0,never_instantiated,0,,,,,0,0,,,,,,,,,,,,,,,,,,,,,,,,,,,,,,,,,,,,,,,,,,,,,,,,
Q21,1,9,1,1.54,orders,,1522366,0,never_instantiated,0,,,,,0,0,,nation,1,0,never_instantiated,0,,,,,0,0,lineitem,supplier,100000,0,never_instantiated,0,,,,,0,0,,,734523,0,never_instantiated,0,,,,,0,0,lineitem,,734511,0,never_instantiated,0,,,,,0,0,,,707593,0,never_instantiated,0,,,,,0,0,lineitem,,707581,0,never_instantiated,0,,,,,0,0,,,,,,,,,,,,,,,,,,,,,,,,
Q22,1,9,1,0.31,,,190691,0,never_instantiated,0,,,,,0,0,orders,,190691,0,never_instantiated,0,,,,,0,0,,,,,,,,,,,,,,,,,,,,,,,,,,,,,,,,,,,,,,,,,,,,,,,,,,,,,,,,,,,,,,,,,,,,,,,,,,,,,,,,,,,,
Q01,1,10,1,0.52,,,,,,,,,,,,,,,,,,,,,,,,,,,,,,,,,,,,,,,,,,,,,,,,,,,,,,,,,,,,,,,,,,,,,,,,,,,,,,,,,,,,,,,,,,,,,,,,,,,,,,,,,,,,
Q02,1,10,1,0.21,,region,1,0,never_instantiated,0,,,,,0,0,,nation,25,0,never_instantiated,0,,,,,0,0,supplier,,31416,0,never_instantiated,0,,,,,0,0,partsupp,part,7854,0,never_instantiated,0,,,,,0,0,,,6351,0,never_instantiated,0,,,,,0,0,,,4667,0,never_instantiated,0,,,,,0,0,,region,1,0,never_instantiated,0,,,,,0,0,partsupp,,100000,0,never_instantiated,0,,,,,0,0,supplier,nation,25,0,never_instantiated,0,,,,,0,0
Q03,1,10,1,0.82,,customer,300275,0,never_instantiated,0,,,,,0,0,lineitem,orders,7289442,0,never_instantiated,0,,,,,0,0,,,,,,,,,,,,,,,,,,,,,,,,,,,,,,,,,,,,,,,,,,,,,,,,,,,,,,,,,,,,,,,,,,,,,,,,,,,,,,,,,,,,
Q04,1,10,1,0.52,,,573671,0,never_instantiated,0,,,,,0,0,lineitem,,573671,0,never_instantiated,0,,,,,0,0,,,,,,,,,,,,,,,,,,,,,,,,,,,,,,,,,,,,,,,,,,,,,,,,,,,,,,,,,,,,,,,,,,,,,,,,,,,,,,,,,,,,
Q05,1,10,1,1.03,,region,1,0,never_instantiated,0,,,,,0,0,,nation,25,0,never_instantiated,0,,,,,0,0,,customer,1499999,0,never_instantiated,0,,,,,0,0,,supplier,100000,0,never_instantiated,0,,,,,0,0,lineitem,orders,2275919,0,never_instantiated,0,,,,,0,0,,,,,,,,,,,,,,,,,,,,,,,,,,,,,,,,,,,,,,,,,,,,,,,,
Q06,1,10,1,0.31,,,,,,,,,,,,,,,,,,,,,,,,,,,,,,,,,,,,,,,,,,,,,,,,,,,,,,,,,,,,,,,,,,,,,,,,,,,,,,,,,,,,,,,,,,,,,,,,,,,,,,,,,,,,
Q07,1,10,1,1.13,,nation,2,0,never_instantiated,0,,,,,0,0,,customer,1499999,0,never_instantiated,0,,,,,0,0,,nation,2,0,never_instantiated,0,,,,,0,0,,supplier,100000,0,never_instantiated,0,,,,,0,0,lineitem,orders,15000000,0,never_instantiated,0,,,,,0,0,,,,,,,,,,,,,,,,,,,,,,,,,,,,,,,,,,,,,,,,,,,,,,,,
Q08,1,10,1,0.82,,region,1,0,never_instantiated,0,,,,,0,0,,nation,25,0,never_instantiated,0,,,,,0,0,customer,,122404,0,never_instantiated,0,,,,,0,0,orders,,403487,0,never_instantiated,0,,,,,0,0,,nation,25,0,never_instantiated,0,,,,,0,0,,supplier,100000,0,never_instantiated,0,,,,,0,0,lineitem,part,13452,0,never_instantiated,0,,,,,0,0,,,,,,,,,,,,,,,,,,,,,,,,
Q09,1,10,1,2.98,,nation,25,0,never_instantiated,0,,,,,0,0,,part,108782,0,never_instantiated,0,,,,,0,0,,orders,15000000,0,never_instantiated,0,,,,,0,0,,supplier,100000,0,never_instantiated,0,,,,,0,0,lineitem,partsupp,8000000,0,never_instantiated,0,,,,,0,0,,,,,,,,,,,,,,,,,,,,,,,,,,,,,,,,,,,,,,,,,,,,,,,,
Q10,1,10,1,0.82,,nation,25,0,never_instantiated,0,,,,,0,0,customer,,1147084,0,never_instantiated,0,,,,,0,0,lineitem,orders,573157,0,never_instantiated,0,,,,,0,0,,,,,,,,,,,,,,,,,,,,,,,,,,,,,,,,,,,,,,,,,,,,,,,,,,,,,,,,,,,,,,,,,,,,,,,,
Q11,1,10,1,0.21,partsupp,,4049,0,never_instantiated,0,,,,,0,0,supplier,nation,1,0,never_instantiated,0,,,,,0,0,partsupp,,4049,0,never_instantiated,0,,,,,0,0,supplier,nation,1,0,never_instantiated,0,,,,,0,0,,,,,,,,,,,,,,,,,,,,,,,,,,,,,,,,,,,,,,,,,,,,,,,,,,,,,,,,,,,,
Q12,1,10,1,0.41,orders,lineitem,310803,0,never_instantiated,0,,,,,0,0,,,,,,,,,,,,,,,,,,,,,,,,,,,,,,,,,,,,,,,,,,,,,,,,,,,,,,,,,,,,,,,,,,,,,,,,,,,,,,,,,,,,,,,,,,,,,,,,
Q13,1,10,1,0.93,orders,customer,1500000,0,never_instantiated,0,,,,,0,0,,,,,,,,,,,,,,,,,,,,,,,,,,,,,,,,,,,,,,,,,,,,,,,,,,,,,,,,,,,,,,,,,,,,,,,,,,,,,,,,,,,,,,,,,,,,,,,,
Q14,1,10,1,0.62,lineitem,part,2000000,0,never_instantiated,0,,,,,0,0,,,,,,,,,,,,,,,,,,,,,,,,,,,,,,,,,,,,,,,,,,,,,,,,,,,,,,,,,,,,,,,,,,,,,,,,,,,,,,,,,,,,,,,,,,,,,,,,
Q15,1,10,1,0.41,,,1,0,never_instantiated,0,,,,,0,0,supplier,,100000,0,never_instantiated,0,,,,,0,0,,,,,,,,,,,,,,,,,,,,,,,,,,,,,,,,,,,,,,,,,,,,,,,,,,,,,,,,,,,,,,,,,,,,,,,,,,,,,,,,,,,,
Q16,1,10,1,0.31,,supplier,56,0,never_instantiated,0,,,,,0,0,partsupp,,296824,0,never_instantiated,0,,,,,0,0,part,,8,0,never_instantiated,0,,,,,0,0,,,,,,,,,,,,,,,,,,,,,,,,,,,,,,,,,,,,,,,,,,,,,,,,,,,,,,,,,,,,,,,,,,,,,,,,
Q17,1,10,1,0.72,lineitem,part,2044,0,never_instantiated,0,,,,,0,0,,,61385,0,never_instantiated,0,,,,,0,0,lineitem,,2044,0,never_instantiated,0,,,,,0,0,,,,,,,,,,,,,,,,,,,,,,,,,,,,,,,,,,,,,,,,,,,,,,,,,,,,,,,,,,,,,,,,,,,,,,,,
Q18,1,10,1,2.16,,lineitem,624,0,never_instantiated,0,,,,,0,0,,customer,1499999,0,never_instantiated,0,,,,,0,0,lineitem,orders,15000000,0,never_instantiated,0,,,,,0,0,,,,,,,,,,,,,,,,,,,,,,,,,,,,,,,,,,,,,,,,,,,,,,,,,,,,,,,,,,,,,,,,,,,,,,,,
Q19,1,10,1,0.72,lineitem,part,2000000,0,never_instantiated,0,,,,,0,0,,,,,,,,,,,,,,,,,,,,,,,,,,,,,,,,,,,,,,,,,,,,,,,,,,,,,,,,,,,,,,,,,,,,,,,,,,,,,,,,,,,,,,,,,,,,,,,,
Q20,1,10,1,0.62,,,4054,0,never_instantiated,0,,,,,0,0,partsupp,part,21551,0,never_instantiated,0,,,,,0,0,,,86204,0,never_instantiated,0,,,,,0,0,lineitem,,86204,0,never_instantiated,0,,,,,0,0,supplier,nation,1,0,never_instantiated,0,,,,,0,0,,,,,,,,,,,,,,,,,,,,,,,,,,,,,,,,,,,,,,,,,,,,,,,,
Q21,1,10,1,1.85,,nation,1,0,never_instantiated,0,,,,,0,0,,supplier,100000,0,never_instantiated,0,,,,,0,0,lineitem,orders,7309184,0,never_instantiated,0,,,,,0,0,,,734523,0,never_instantiated,0,,,,,0,0,lineitem,,734511,0,never_instantiated,0,,,,,0,0,,,707593,0,never_instantiated,0,,,,,0,0,lineitem,,707581,0,never_instantiated,0,,,,,0,0,,,,,,,,,,,,,,,,,,,,,,,,
Q22,1,10,1,0.31,,,190691,0,never_instantiated,0,,,,,0,0,orders,,190691,0,never_instantiated,0,,,,,0,0,,,,,,,,,,,,,,,,,,,,,,,,,,,,,,,,,,,,,,,,,,,,,,,,,,,,,,,,,,,,,,,,,,,,,,,,,,,,,,,,,,,,
Q01,1,11,1,0.52,,,,,,,,,,,,,,,,,,,,,,,,,,,,,,,,,,,,,,,,,,,,,,,,,,,,,,,,,,,,,,,,,,,,,,,,,,,,,,,,,,,,,,,,,,,,,,,,,,,,,,,,,,,,
Q02,1,11,1,0.31,,region,1,0,never_instantiated,0,,,,,0,0,,nation,25,0,never_instantiated,0,,,,,0,0,,part,7854,0,never_instantiated,0,,,,,0,0,partsupp,supplier,100000,0,never_instantiated,0,,,,,0,0,,,6351,0,never_instantiated,0,,,,,0,0,,,4667,0,never_instantiated,0,,,,,0,0,,region,1,0,never_instantiated,0,,,,,0,0,,nation,25,0,never_instantiated,0,,,,,0,0,partsupp,supplier,100000,0,never_instantiated,0,,,,,0,0
Q03,1,11,1,0.82,,customer,300275,0,never_instantiated,0,,,,,0,0,lineitem,orders,7289442,0,never_instantiated,0,,,,,0,0,,,,,,,,,,,,,,,,,,,,,,,,,,,,,,,,,,,,,,,,,,,,,,,,,,,,,,,,,,,,,,,,,,,,,,,,,,,,,,,,,,,,
Q04,1,11,1,0.52,,,573671,0,never_instantiated,0,,,,,0,0,lineitem,,573671,0,never_instantiated,0,,,,,0,0,,,,,,,,,,,,,,,,,,,,,,,,,,,,,,,,,,,,,,,,,,,,,,,,,,,,,,,,,,,,,,,,,,,,,,,,,,,,,,,,,,,,
Q05,1,11,1,1.13,,customer,1499999,0,never_instantiated,0,,,,,0,0,,region,1,0,never_instantiated,0,,,,,0,0,,nation,25,0,never_instantiated,0,,,,,0,0,,orders,2275919,0,never_instantiated,0,,,,,0,0,lineitem,supplier,100000,0,never_instantiated,0,,,,,0,0,,,,,,,,,,,,,,,,,,,,,,,,,,,,,,,,,,,,,,,,,,,,,,,,
Q06,1,11,1,0.31,,,,,,,,,,,,,,,,,,,,,,,,,,,,,,,,,,,,,,,,,,,,,,,,,,,,,,,,,,,,,,,,,,,,,,,,,,,,,,,,,,,,,,,,,,,,,,,,,,,,,,,,,,,,
Q07,1,11,1,1.44,,nation,2,0,never_instantiated,0,,,,,0,0,,nation,2,0,never_instantiated,0,,,,,0,0,,customer,1499999,0,never_instantiated,0,,,,,0,0,orders,,18230325,0,never_instantiated,0,,,,,0,0,lineitem,supplier,100000,0,never_instantiated,0,,,,,0,0,,,,,,,,,,,,,,,,,,,,,,,,,,,,,,,,,,,,,,,,,,,,,,,,
Q08,1,11,1,0.93,,region,1,0,never_instantiated,0,,,,,0,0,,nation,25,0,never_instantiated,0,,,,,0,0,customer,,122404,0,never_instantiated,0,,,,,0,0,,nation,25,0,never_instantiated,0,,,,,0,0,orders,,403487,0,never_instantiated,0,,,,,0,0,,part,13452,0,never_instantiated,0,,,,,0,0,lineitem,supplier,100000,0,never_instantiated,0,,,,,0,0,,,,,,,,,,,,,,,,,,,,,,,,
Q09,1,11,1,2.77,,orders,15000000,0,never_instantiated,0,,,,,0,0,,part,108782,0,never_instantiated,0,,,,,0,0,,nation,25,0,never_instantiated,0,,,,,0,0,,partsupp,8000000,0,never_instantiated,0,,,,,0,0,lineitem,supplier,100000,0,never_instantiated,0,,,,,0,0,,,,,,,,,,,,,,,,,,,,,,,,,,,,,,,,,,,,,,,,,,,,,,,,
Q10,1,11,1,0.82,,nation,25,0,never_instantiated,0,,,,,0,0,customer,,1147084,0,never_instantiated,0,,,,,0,0,lineitem,orders,573157,0,never_instantiated,0,,,,,0,0,,,,,,,,,,,,,,,,,,,,,,,,,,,,,,,,,,,,,,,,,,,,,,,,,,,,,,,,,,,,,,,,,,,,,,,,
Q11,1,11,1,0.21,,nation,1,0,never_instantiated,0,,,,,0,0,partsupp,supplier,100000,0,never_instantiated,0,,,,,0,0,,nation,1,0,never_instantiated,0,,,,,0,0,partsupp,supplier,100000,0,never_instantiated,0,,,,,0,0,,,,,,,,,,,,,,,,,,,,,,,,,,,,,,,,,,,,,,,,,,,,,,,,,,,,,,,,,,,,
Q12,1,11,1,0.41,orders,lineitem,310803,0,never_instantiated,0,,,,,0,0,,,,,,,,,,,,,,,,,,,,,,,,,,,,,,,,,,,,,,,,,,,,,,,,,,,,,,,,,,,,,,,,,,,,,,,,,,,,,,,,,,,,,,,,,,,,,,,,
Q13,1,11,1,0.93,orders,customer,1500000,0,never_instantiated,0,,,,,0,0,,,,,,,,,,,,,,,,,,,,,,,,,,,,,,,,,,,,,,,,,,,,,,,,,,,,,,,,,,,,,,,,,,,,,,,,,,,,,,,,,,,,,,,,,,,,,,,,
Q14,1,11,1,0.62,lineitem,part,2000000,0,never_instantiated,0,,,,,0,0,,,,,,,,,,,,,,,,,,,,,,,,,,,,,,,,,,,,,,,,,,,,,,,,,,,,,,,,,,,,,,,,,,,,,,,,,,,,,,,,,,,,,,,,,,,,,,,,
Q15,1,11,1,0.41,,,1,0,never_instantiated,0,,,,,0,0,supplier,,100000,0,never_instantiated,0,,,,,0,0,,,,,,,,,,,,,,,,,,,,,,,,,,,,,,,,,,,,,,,,,,,,,,,,,,,,,,,,,,,,,,,,,,,,,,,,,,,,,,,,,,,,
Q16,1,11,1,0.31,,supplier,56,0,never_instantiated,0,,,,,0,0,partsupp,,296824,0,never_instantiated,0,,,,,0,0,part,,8,0,never_instantiated,0,,,,,0,0,,,,,,,,,,,,,,,,,,,,,,,,,,,,,,,,,,,,,,,,,,,,,,,,,,,,,,,,,,,,,,,,,,,,,,,,
Q17,1,11,1,0.72,lineitem,part,2044,0,never_instantiated,0,,,,,0,0,,,61385,0,never_instantiated,0,,,,,0,0,lineitem,,2044,0,never_instantiated,0,,,,,0,0,,,,,,,,,,,,,,,,,,,,,,,,,,,,,,,,,,,,,,,,,,,,,,,,,,,,,,,,,,,,,,,,,,,,,,,,
Q18,1,11,1,2.26,,lineitem,624,0,never_instantiated,0,,,,,0,0,,customer,1499999,0,never_instantiated,0,,,,,0,0,lineitem,orders,15000000,0,never_instantiated,0,,,,,0,0,,,,,,,,,,,,,,,,,,,,,,,,,,,,,,,,,,,,,,,,,,,,,,,,,,,,,,,,,,,,,,,,,,,,,,,,
Q19,1,11,1,0.72,lineitem,part,2000000,0,never_instantiated,0,,,,,0,0,,,,,,,,,,,,,,,,,,,,,,,,,,,,,,,,,,,,,,,,,,,,,,,,,,,,,,,,,,,,,,,,,,,,,,,,,,,,,,,,,,,,,,,,,,,,,,,,
Q20,1,11,1,0.62,,,4054,0,never_instantiated,0,,,,,0,0,partsupp,part,21551,0,never_instantiated,0,,,,,0,0,,,86204,0,never_instantiated,0,,,,,0,0,lineitem,,86204,0,never_instantiated,0,,,,,0,0,supplier,nation,1,0,never_instantiated,0,,,,,0,0,,,,,,,,,,,,,,,,,,,,,,,,,,,,,,,,,,,,,,,,,,,,,,,,
Q21,1,11,1,1.85,,nation,1,0,never_instantiated,0,,,,,0,0,,orders,7309184,0,never_instantiated,0,,,,,0,0,lineitem,supplier,100000,0,never_instantiated,0,,,,,0,0,,,734523,0,never_instantiated,0,,,,,0,0,lineitem,,734511,0,never_instantiated,0,,,,,0,0,,,707593,0,never_instantiated,0,,,,,0,0,lineitem,,707581,0,never_instantiated,0,,,,,0,0,,,,,,,,,,,,,,,,,,,,,,,,
Q22,1,11,1,0.31,,,190691,0,never_instantiated,0,,,,,0,0,orders,,190691,0,never_instantiated,0,,,,,0,0,,,,,,,,,,,,,,,,,,,,,,,,,,,,,,,,,,,,,,,,,,,,,,,,,,,,,,,,,,,,,,,,,,,,,,,,,,,,,,,,,,,,
Q01,1,12,1,0.52,,,,,,,,,,,,,,,,,,,,,,,,,,,,,,,,,,,,,,,,,,,,,,,,,,,,,,,,,,,,,,,,,,,,,,,,,,,,,,,,,,,,,,,,,,,,,,,,,,,,,,,,,,,,
Q02,1,12,1,0.21,,region,1,0,never_instantiated,0,,,,,0,0,,nation,25,0,never_instantiated,0,,,,,0,0,supplier,,31416,0,never_instantiated,0,,,,,0,0,partsupp,part,7854,0,never_instantiated,0,,,,,0,0,,,6351,0,never_instantiated,0,,,,,0,0,,,4667,0,never_instantiated,0,,,,,0,0,partsupp,,20033,0,never_instantiated,0,,,,,0,0,,region,1,0,never_instantiated,0,,,,,0,0,supplier,nation,25,0,never_instantiated,0,,,,,0,0
Q03,1,12,1,0.82,,customer,300275,0,never_instantiated,0,,,,,0,0,lineitem,orders,7289442,0,never_instantiated,0,,,,,0,0,,,,,,,,,,,,,,,,,,,,,,,,,,,,,,,,,,,,,,,,,,,,,,,,,,,,,,,,,,,,,,,,,,,,,,,,,,,,,,,,,,,,
Q04,1,12,1,0.62,,,573671,0,never_instantiated,0,,,,,0,0,lineitem,,573671,0,never_instantiated,0,,,,,0,0,,,,,,,,,,,,,,,,,,,,,,,,,,,,,,,,,,,,,,,,,,,,,,,,,,,,,,,,,,,,,,,,,,,,,,,,,,,,,,,,,,,,
Q05,1,12,1,1.23,,supplier,100000,0,never_instantiated,0,,,,,0,0,,region,1,0,never_instantiated,0,,,,,0,0,,nation,25,0,never_instantiated,0,,,,,0,0,,customer,1499999,0,never_instantiated,0,,,,,0,0,lineitem,orders,2275919,0,never_instantiated,0,,,,,0,0,,,,,,,,,,,,,,,,,,,,,,,,,,,,,,,,,,,,,,,,,,,,,,,,
Q06,1,12,1,0.31,,,,,,,,,,,,,,,,,,,,,,,,,,,,,,,,,,,,,,,,,,,,,,,,,,,,,,,,,,,,,,,,,,,,,,,,,,,,,,,,,,,,,,,,,,,,,,,,,,,,,,,,,,,,
Q07,1,12,1,1.34,,nation,2,0,never_instantiated,0,,,,,0,0,,supplier,100000,0,never_instantiated,0,,,,,0,0,,nation,2,0,never_instantiated,0,,,,,0,0,,customer,1499999,0,never_instantiated,0,,,,,0,0,lineitem,orders,15000000,0,never_instantiated,0,,,,,0,0,,,,,,,,,,,,,,,,,,,,,,,,,,,,,,,,,,,,,,,,,,,,,,,,
Q08,1,12,1,1.85,,part,13452,0,never_instantiated,0,,,,,0,0,,region,1,0,never_instantiated,0,,,,,0,0,,nation,25,0,never_instantiated,0,,,,,0,0,,customer,1499999,0,never_instantiated,0,,,,,0,0,,nation,25,0,never_instantiated,0,,,,,0,0,,supplier,100000,0,never_instantiated,0,,,,,0,0,lineitem,orders,4557513,0,never_instantiated,0,,,,,0,0,,,,,,,,,,,,,,,,,,,,,,,,
Q09,1,12,1,2.26,,partsupp,8000000,0,never_instantiated,0,,,,,0,0,,nation,25,0,never_instantiated,0,,,,,0,0,,part,108782,0,never_instantiated,0,,,,,0,0,,supplier,100000,0,never_instantiated,0,,,,,0,0,lineitem,orders,15000000,0,never_instantiated,0,,,,,0,0,,,,,,,,,,,,,,,,,,,,,,,,,,,,,,,,,,,,,,,,,,,,,,,,
Q10,1,12,1,0.82,,nation,25,0,never_instantiated,0,,,,,0,0,customer,,1147084,0,never_instantiated,0,,,,,0,0,lineitem,orders,573157,0,never_instantiated,0,,,,,0,0,,,,,,,,,,,,,,,,,,,,,,,,,,,,,,,,,,,,,,,,,,,,,,,,,,,,,,,,,,,,,,,,,,,,,,,,
Q11,1,12,1,0.21,partsupp,,4049,0,never_instantiated,0,,,,,0,0,supplier,nation,1,0,never_instantiated,0,,,,,0,0,partsupp,,4049,0,never_instantiated,0,,,,,0,0,supplier,nation,1,0,never_instantiated,0,,,,,0,0,,,,,,,,,,,,,,,,,,,,,,,,,,,,,,,,,,,,,,,,,,,,,,,,,,,,,,,,,,,,
Q12,1,12,1,0.41,orders,lineitem,310803,0,never_instantiated,0,,,,,0,0,,,,,,,,,,,,,,,,,,,,,,,,,,,,,,,,,,,,,,,,,,,,,,,,,,,,,,,,,,,,,,,,,,,,,,,,,,,,,,,,,,,,,,,,,,,,,,,,
Q13,1,12,1,0.93,orders,customer,1500000,0,never_instantiated,0,,,,,0,0,,,,,,,,,,,,,,,,,,,,,,,,,,,,,,,,,,,,,,,,,,,,,,,,,,,,,,,,,,,,,,,,,,,,,,,,,,,,,,,,,,,,,,,,,,,,,,,,
Q14,1,12,1,0.62,lineitem,part,2000000,0,never_instantiated,0,,,,,0,0,,,,,,,,,,,,,,,,,,,,,,,,,,,,,,,,,,,,,,,,,,,,,,,,,,,,,,,,,,,,,,,,,,,,,,,,,,,,,,,,,,,,,,,,,,,,,,,,
Q15,1,12,1,0.41,,,1,0,never_instantiated,0,,,,,0,0,supplier,,100000,0,never_instantiated,0,,,,,0,0,,,,,,,,,,,,,,,,,,,,,,,,,,,,,,,,,,,,,,,,,,,,,,,,,,,,,,,,,,,,,,,,,,,,,,,,,,,,,,,,,,,,
Q16,1,12,1,0.31,,supplier,56,0,never_instantiated,0,,,,,0,0,partsupp,,296824,0,never_instantiated,0,,,,,0,0,part,,8,0,never_instantiated,0,,,,,0,0,,,,,,,,,,,,,,,,,,,,,,,,,,,,,,,,,,,,,,,,,,,,,,,,,,,,,,,,,,,,,,,,,,,,,,,,
Q17,1,12,1,0.72,lineitem,part,2044,0,never_instantiated,0,,,,,0,0,,,61385,0,never_instantiated,0,,,,,0,0,lineitem,,2044,0,never_instantiated,0,,,,,0,0,,,,,,,,,,,,,,,,,,,,,,,,,,,,,,,,,,,,,,,,,,,,,,,,,,,,,,,,,,,,,,,,,,,,,,,,
Q18,1,12,1,2.16,,lineitem,624,0,never_instantiated,0,,,,,0,0,,customer,1499999,0,never_instantiated,0,,,,,0,0,lineitem,orders,15000000,0,never_instantiated,0,,,,,0,0,,,,,,,,,,,,,,,,,,,,,,,,,,,,,,,,,,,,,,,,,,,,,,,,,,,,,,,,,,,,,,,,,,,,,,,,
Q19,1,12,1,0.72,lineitem,part,2000000,0,never_instantiated,0,,,,,0,0,,,,,,,,,,,,,,,,,,,,,,,,,,,,,,,,,,,,,,,,,,,,,,,,,,,,,,,,,,,,,,,,,,,,,,,,,,,,,,,,,,,,,,,,,,,,,,,,
Q20,1,12,1,0.62,,,4054,0,never_instantiated,0,,,,,0,0,partsupp,part,21551,0,never_instantiated,0,,,,,0,0,,,86204,0,never_instantiated,0,,,,,0,0,lineitem,,86204,0,never_instantiated,0,,,,,0,0,supplier,nation,1,0,never_instantiated,0,,,,,0,0,,,,,,,,,,,,,,,,,,,,,,,,,,,,,,,,,,,,,,,,,,,,,,,,
Q21,1,12,1,1.95,,nation,1,0,never_instantiated,0,,,,,0,0,,supplier,100000,0,never_instantiated,0,,,,,0,0,lineitem,orders,7309184,0,never_instantiated,0,,,,,0,0,,,734523,0,never_instantiated,0,,,,,0,0,lineitem,,734511,0,never_instantiated,0,,,,,0,0,,,707593,0,never_instantiated,0,,,,,0,0,lineitem,,707581,0,never_instantiated,0,,,,,0,0,,,,,,,,,,,,,,,,,,,,,,,,
Q22,1,12,1,0.31,,,190691,0,never_instantiated,0,,,,,0,0,orders,,190691,0,never_instantiated,0,,,,,0,0,,,,,,,,,,,,,,,,,,,,,,,,,,,,,,,,,,,,,,,,,,,,,,,,,,,,,,,,,,,,,,,,,,,,,,,,,,,,,,,,,,,,
Q01,1,13,1,0.52,,,,,,,,,,,,,,,,,,,,,,,,,,,,,,,,,,,,,,,,,,,,,,,,,,,,,,,,,,,,,,,,,,,,,,,,,,,,,,,,,,,,,,,,,,,,,,,,,,,,,,,,,,,,
Q02,1,13,1,0.31,,region,1,0,never_instantiated,0,,,,,0,0,,nation,25,0,never_instantiated,0,,,,,0,0,,part,7854,0,never_instantiated,0,,,,,0,0,partsupp,supplier,100000,0,never_instantiated,0,,,,,0,0,,,6351,0,never_instantiated,0,,,,,0,0,,,4667,0,never_instantiated,0,,,,,0,0,,region,1,0,never_instantiated,0,,,,,0,0,,nation,25,0,never_instantiated,0,,,,,0,0,partsupp,supplier,100000,0,never_instantiated,0,,,,,0,0
Q03,1,13,1,0.82,,customer,300275,0,never_instantiated,0,,,,,0,0,lineitem,orders,7289442,0,never_instantiated,0,,,,,0,0,,,,,,,,,,,,,,,,,,,,,,,,,,,,,,,,,,,,,,,,,,,,,,,,,,,,,,,,,,,,,,,,,,,,,,,,,,,,,,,,,,,,
Q04,1,13,1,0.62,,,573671,0,never_instantiated,0,,,,,0,0,lineitem,,573671,0,never_instantiated,0,,,,,0,0,,,,,,,,,,,,,,,,,,,,,,,,,,,,,,,,,,,,,,,,,,,,,,,,,,,,,,,,,,,,,,,,,,,,,,,,,,,,,,,,,,,,
Q05,1,13,1,9999999,,,,,,,,,,,,,,,,,,,,,,,,,,,,,,,,,,,,,,,,,,,,,,,,,,,,,,,,,,,,,,,,,,,,,,,,,,,,,,,,,,,,,,,,,,,,,,,,,,,,,,,,,,,,
Q06,1,13,1,0.31,,,,,,,,,,,,,,,,,,,,,,,,,,,,,,,,,,,,,,,,,,,,,,,,,,,,,,,,,,,,,,,,,,,,,,,,,,,,,,,,,,,,,,,,,,,,,,,,,,,,,,,,,,,,
Q07,1,13,1,1.34,,nation,2,0,never_instantiated,0,,,,,0,0,,customer,1499999,0,never_instantiated,0,,,,,0,0,,nation,2,0,never_instantiated,0,,,,,0,0,orders,,18230325,0,never_instantiated,0,,,,,0,0,lineitem,supplier,100000,0,never_instantiated,0,,,,,0,0,,,,,,,,,,,,,,,,,,,,,,,,,,,,,,,,,,,,,,,,,,,,,,,,
Q08,1,13,1,0.82,,region,1,0,never_instantiated,0,,,,,0,0,,nation,25,0,never_instantiated,0,,,,,0,0,customer,,122404,0,never_instantiated,0,,,,,0,0,orders,,403487,0,never_instantiated,0,,,,,0,0,,nation,25,0,never_instantiated,0,,,,,0,0,,supplier,100000,0,never_instantiated,0,,,,,0,0,lineitem,part,13452,0,never_instantiated,0,,,,,0,0,,,,,,,,,,,,,,,,,,,,,,,,
Q09,1,13,1,1.85,,nation,25,0,never_instantiated,0,,,,,0,0,,supplier,100000,0,never_instantiated,0,,,,,0,0,,orders,15000000,0,never_instantiated,0,,,,,0,0,,partsupp,8000000,0,never_instantiated,0,,,,,0,0,lineitem,part,108782,0,never_instantiated,0,,,,,0,0,,,,,,,,,,,,,,,,,,,,,,,,,,,,,,,,,,,,,,,,,,,,,,,,
Q10,1,13,1,0.82,,nation,25,0,never_instantiated,0,,,,,0,0,customer,,1147084,0,never_instantiated,0,,,,,0,0,lineitem,orders,573157,0,never_instantiated,0,,,,,0,0,,,,,,,,,,,,,,,,,,,,,,,,,,,,,,,,,,,,,,,,,,,,,,,,,,,,,,,,,,,,,,,,,,,,,,,,
Q11,1,13,1,0.21,,nation,1,0,never_instantiated,0,,,,,0,0,partsupp,supplier,100000,0,never_instantiated,0,,,,,0,0,partsupp,,4049,0,never_instantiated,0,,,,,0,0,supplier,nation,1,0,never_instantiated,0,,,,,0,0,,,,,,,,,,,,,,,,,,,,,,,,,,,,,,,,,,,,,,,,,,,,,,,,,,,,,,,,,,,,
Q12,1,13,1,0.41,orders,lineitem,310803,0,never_instantiated,0,,,,,0,0,,,,,,,,,,,,,,,,,,,,,,,,,,,,,,,,,,,,,,,,,,,,,,,,,,,,,,,,,,,,,,,,,,,,,,,,,,,,,,,,,,,,,,,,,,,,,,,,
Q13,1,13,1,0.93,orders,customer,1500000,0,never_instantiated,0,,,,,0,0,,,,,,,,,,,,,,,,,,,,,,,,,,,,,,,,,,,,,,,,,,,,,,,,,,,,,,,,,,,,,,,,,,,,,,,,,,,,,,,,,,,,,,,,,,,,,,,,
Q14,1,13,1,0.62,lineitem,part,2000000,0,never_instantiated,0,,,,,0,0,,,,,,,,,,,,,,,,,,,,,,,,,,,,,,,,,,,,,,,,,,,,,,,,,,,,,,,,,,,,,,,,,,,,,,,,,,,,,,,,,,,,,,,,,,,,,,,,
Q15,1,13,1,0.41,,,1,0,never_instantiated,0,,,,,0,0,supplier,,100000,0,never_instantiated,0,,,,,0,0,,,,,,,,,,,,,,,,,,,,,,,,,,,,,,,,,,,,,,,,,,,,,,,,,,,,,,,,,,,,,,,,,,,,,,,,,,,,,,,,,,,,
Q16,1,13,1,0.31,,supplier,56,0,never_instantiated,0,,,,,0,0,partsupp,,296824,0,never_instantiated,0,,,,,0,0,part,,8,0,never_instantiated,0,,,,,0,0,,,,,,,,,,,,,,,,,,,,,,,,,,,,,,,,,,,,,,,,,,,,,,,,,,,,,,,,,,,,,,,,,,,,,,,,
Q17,1,13,1,0.72,lineitem,part,2044,0,never_instantiated,0,,,,,0,0,,,61385,0,never_instantiated,0,,,,,0,0,lineitem,,2044,0,never_instantiated,0,,,,,0,0,,,,,,,,,,,,,,,,,,,,,,,,,,,,,,,,,,,,,,,,,,,,,,,,,,,,,,,,,,,,,,,,,,,,,,,,
Q18,1,13,1,2.16,,lineitem,624,0,never_instantiated,0,,,,,0,0,,customer,1499999,0,never_instantiated,0,,,,,0,0,lineitem,orders,15000000,0,never_instantiated,0,,,,,0,0,,,,,,,,,,,,,,,,,,,,,,,,,,,,,,,,,,,,,,,,,,,,,,,,,,,,,,,,,,,,,,,,,,,,,,,,
Q19,1,13,1,0.72,lineitem,part,2000000,0,never_instantiated,0,,,,,0,0,,,,,,,,,,,,,,,,,,,,,,,,,,,,,,,,,,,,,,,,,,,,,,,,,,,,,,,,,,,,,,,,,,,,,,,,,,,,,,,,,,,,,,,,,,,,,,,,
Q20,1,13,1,0.62,,,4054,0,never_instantiated,0,,,,,0,0,partsupp,part,21551,0,never_instantiated,0,,,,,0,0,,,86204,0,never_instantiated,0,,,,,0,0,lineitem,,86204,0,never_instantiated,0,,,,,0,0,supplier,nation,1,0,never_instantiated,0,,,,,0,0,,,,,,,,,,,,,,,,,,,,,,,,,,,,,,,,,,,,,,,,,,,,,,,,
Q21,1,13,1,1.85,,nation,1,0,never_instantiated,0,,,,,0,0,,orders,7309184,0,never_instantiated,0,,,,,0,0,lineitem,supplier,100000,0,never_instantiated,0,,,,,0,0,,,734523,0,never_instantiated,0,,,,,0,0,lineitem,,734511,0,never_instantiated,0,,,,,0,0,,,707593,0,never_instantiated,0,,,,,0,0,lineitem,,707581,0,never_instantiated,0,,,,,0,0,,,,,,,,,,,,,,,,,,,,,,,,
Q22,1,13,1,0.31,,,190691,0,never_instantiated,0,,,,,0,0,orders,,190691,0,never_instantiated,0,,,,,0,0,,,,,,,,,,,,,,,,,,,,,,,,,,,,,,,,,,,,,,,,,,,,,,,,,,,,,,,,,,,,,,,,,,,,,,,,,,,,,,,,,,,,
Q01,1,14,1,0.52,,,,,,,,,,,,,,,,,,,,,,,,,,,,,,,,,,,,,,,,,,,,,,,,,,,,,,,,,,,,,,,,,,,,,,,,,,,,,,,,,,,,,,,,,,,,,,,,,,,,,,,,,,,,
Q02,1,14,1,0.31,,region,1,0,never_instantiated,0,,,,,0,0,,nation,25,0,never_instantiated,0,,,,,0,0,supplier,,31416,0,never_instantiated,0,,,,,0,0,partsupp,part,7854,0,never_instantiated,0,,,,,0,0,,,6351,0,never_instantiated,0,,,,,0,0,,,4667,0,never_instantiated,0,,,,,0,0,,region,1,0,never_instantiated,0,,,,,0,0,,nation,25,0,never_instantiated,0,,,,,0,0,partsupp,supplier,100000,0,never_instantiated,0,,,,,0,0
Q03,1,14,1,0.82,,customer,300275,0,never_instantiated,0,,,,,0,0,lineitem,orders,7289442,0,never_instantiated,0,,,,,0,0,,,,,,,,,,,,,,,,,,,,,,,,,,,,,,,,,,,,,,,,,,,,,,,,,,,,,,,,,,,,,,,,,,,,,,,,,,,,,,,,,,,,
Q04,1,14,1,0.62,,,573671,0,never_instantiated,0,,,,,0,0,lineitem,,573671,0,never_instantiated,0,,,,,0,0,,,,,,,,,,,,,,,,,,,,,,,,,,,,,,,,,,,,,,,,,,,,,,,,,,,,,,,,,,,,,,,,,,,,,,,,,,,,,,,,,,,,
Q05,1,14,1,1.03,,region,1,0,never_instantiated,0,,,,,0,0,,nation,25,0,never_instantiated,0,,,,,0,0,,customer,1499999,0,never_instantiated,0,,,,,0,0,,supplier,100000,0,never_instantiated,0,,,,,0,0,lineitem,orders,2275919,0,never_instantiated,0,,,,,0,0,,,,,,,,,,,,,,,,,,,,,,,,,,,,,,,,,,,,,,,,,,,,,,,,
Q06,1,14,1,0.31,,,,,,,,,,,,,,,,,,,,,,,,,,,,,,,,,,,,,,,,,,,,,,,,,,,,,,,,,,,,,,,,,,,,,,,,,,,,,,,,,,,,,,,,,,,,,,,,,,,,,,,,,,,,
Q07,1,14,1,1.13,,nation,2,0,never_instantiated,0,,,,,0,0,,customer,1499999,0,never_instantiated,0,,,,,0,0,,nation,2,0,never_instantiated,0,,,,,0,0,,supplier,100000,0,never_instantiated,0,,,,,0,0,lineitem,orders,15000000,0,never_instantiated,0,,,,,0,0,,,,,,,,,,,,,,,,,,,,,,,,,,,,,,,,,,,,,,,,,,,,,,,,
Q08,1,14,1,1.75,,region,1,0,never_instantiated,0,,,,,0,0,,nation,25,0,never_instantiated,0,,,,,0,0,,part,13452,0,never_instantiated,0,,,,,0,0,,customer,1499999,0,never_instantiated,0,,,,,0,0,,orders,4557513,0,never_instantiated,0,,,,,0,0,,nation,25,0,never_instantiated,0,,,,,0,0,lineitem,supplier,100000,0,never_instantiated,0,,,,,0,0,,,,,,,,,,,,,,,,,,,,,,,,
Q09,1,14,1,2.98,,nation,25,0,never_instantiated,0,,,,,0,0,,supplier,100000,0,never_instantiated,0,,,,,0,0,,part,108782,0,never_instantiated,0,,,,,0,0,,orders,15000000,0,never_instantiated,0,,,,,0,0,lineitem,partsupp,8000000,0,never_instantiated,0,,,,,0,0,,,,,,,,,,,,,,,,,,,,,,,,,,,,,,,,,,,,,,,,,,,,,,,,
Q10,1,14,1,0.82,,nation,25,0,never_instantiated,0,,,,,0,0,customer,,1147084,0,never_instantiated,0,,,,,0,0,lineitem,orders,573157,0,never_instantiated,0,,,,,0,0,,,,,,,,,,,,,,,,,,,,,,,,,,,,,,,,,,,,,,,,,,,,,,,,,,,,,,,,,,,,,,,,,,,,,,,,
Q11,1,14,1,0.21,partsupp,,4049,0,never_instantiated,0,,,,,0,0,supplier,nation,1,0,never_instantiated,0,,,,,0,0,partsupp,,4049,0,never_instantiated,0,,,,,0,0,supplier,nation,1,0,never_instantiated,0,,,,,0,0,,,,,,,,,,,,,,,,,,,,,,,,,,,,,,,,,,,,,,,,,,,,,,,,,,,,,,,,,,,,
Q12,1,14,1,0.41,orders,lineitem,310803,0,never_instantiated,0,,,,,0,0,,,,,,,,,,,,,,,,,,,,,,,,,,,,,,,,,,,,,,,,,,,,,,,,,,,,,,,,,,,,,,,,,,,,,,,,,,,,,,,,,,,,,,,,,,,,,,,,
Q13,1,14,1,1.03,orders,customer,1500000,0,never_instantiated,0,,,,,0,0,,,,,,,,,,,,,,,,,,,,,,,,,,,,,,,,,,,,,,,,,,,,,,,,,,,,,,,,,,,,,,,,,,,,,,,,,,,,,,,,,,,,,,,,,,,,,,,,
Q14,1,14,1,0.52,lineitem,part,2000000,0,never_instantiated,0,,,,,0,0,,,,,,,,,,,,,,,,,,,,,,,,,,,,,,,,,,,,,,,,,,,,,,,,,,,,,,,,,,,,,,,,,,,,,,,,,,,,,,,,,,,,,,,,,,,,,,,,
Q15,1,14,1,0.41,,,1,0,never_instantiated,0,,,,,0,0,supplier,,100000,0,never_instantiated,0,,,,,0,0,,,,,,,,,,,,,,,,,,,,,,,,,,,,,,,,,,,,,,,,,,,,,,,,,,,,,,,,,,,,,,,,,,,,,,,,,,,,,,,,,,,,
Q16,1,14,1,0.31,,supplier,56,0,never_instantiated,0,,,,,0,0,partsupp,,296824,0,never_instantiated,0,,,,,0,0,part,,8,0,never_instantiated,0,,,,,0,0,,,,,,,,,,,,,,,,,,,,,,,,,,,,,,,,,,,,,,,,,,,,,,,,,,,,,,,,,,,,,,,,,,,,,,,,
Q17,1,14,1,0.72,lineitem,part,2044,0,never_instantiated,0,,,,,0,0,,,61385,0,never_instantiated,0,,,,,0,0,lineitem,,2044,0,never_instantiated,0,,,,,0,0,,,,,,,,,,,,,,,,,,,,,,,,,,,,,,,,,,,,,,,,,,,,,,,,,,,,,,,,,,,,,,,,,,,,,,,,
Q18,1,14,1,2.16,,lineitem,624,0,never_instantiated,0,,,,,0,0,,customer,1499999,0,never_instantiated,0,,,,,0,0,lineitem,orders,15000000,0,never_instantiated,0,,,,,0,0,,,,,,,,,,,,,,,,,,,,,,,,,,,,,,,,,,,,,,,,,,,,,,,,,,,,,,,,,,,,,,,,,,,,,,,,
Q19,1,14,1,0.72,lineitem,part,2000000,0,never_instantiated,0,,,,,0,0,,,,,,,,,,,,,,,,,,,,,,,,,,,,,,,,,,,,,,,,,,,,,,,,,,,,,,,,,,,,,,,,,,,,,,,,,,,,,,,,,,,,,,,,,,,,,,,,
Q20,1,14,1,0.62,,,4054,0,never_instantiated,0,,,,,0,0,partsupp,part,21551,0,never_instantiated,0,,,,,0,0,,,86204,0,never_instantiated,0,,,,,0,0,lineitem,,86204,0,never_instantiated,0,,,,,0,0,supplier,nation,1,0,never_instantiated,0,,,,,0,0,,,,,,,,,,,,,,,,,,,,,,,,,,,,,,,,,,,,,,,,,,,,,,,,
Q21,1,14,1,1.85,,nation,1,0,never_instantiated,0,,,,,0,0,,supplier,100000,0,never_instantiated,0,,,,,0,0,lineitem,orders,7309184,0,never_instantiated,0,,,,,0,0,,,734523,0,never_instantiated,0,,,,,0,0,lineitem,,734511,0,never_instantiated,0,,,,,0,0,,,707593,0,never_instantiated,0,,,,,0,0,lineitem,,707581,0,never_instantiated,0,,,,,0,0,,,,,,,,,,,,,,,,,,,,,,,,
Q22,1,14,1,0.31,,,190691,0,never_instantiated,0,,,,,0,0,orders,,190691,0,never_instantiated,0,,,,,0,0,,,,,,,,,,,,,,,,,,,,,,,,,,,,,,,,,,,,,,,,,,,,,,,,,,,,,,,,,,,,,,,,,,,,,,,,,,,,,,,,,,,,
Q01,1,15,1,0.52,,,,,,,,,,,,,,,,,,,,,,,,,,,,,,,,,,,,,,,,,,,,,,,,,,,,,,,,,,,,,,,,,,,,,,,,,,,,,,,,,,,,,,,,,,,,,,,,,,,,,,,,,,,,
Q02,1,15,1,0.31,,region,1,0,never_instantiated,0,,,,,0,0,,nation,25,0,never_instantiated,0,,,,,0,0,,part,7854,0,never_instantiated,0,,,,,0,0,partsupp,supplier,100000,0,never_instantiated,0,,,,,0,0,,,6351,0,never_instantiated,0,,,,,0,0,,,4667,0,never_instantiated,0,,,,,0,0,,region,1,0,never_instantiated,0,,,,,0,0,,nation,25,0,never_instantiated,0,,,,,0,0,partsupp,supplier,100000,0,never_instantiated,0,,,,,0,0
Q03,1,15,1,0.82,,customer,300275,0,never_instantiated,0,,,,,0,0,lineitem,orders,7289442,0,never_instantiated,0,,,,,0,0,,,,,,,,,,,,,,,,,,,,,,,,,,,,,,,,,,,,,,,,,,,,,,,,,,,,,,,,,,,,,,,,,,,,,,,,,,,,,,,,,,,,
Q04,1,15,1,0.52,,,573671,0,never_instantiated,0,,,,,0,0,lineitem,,573671,0,never_instantiated,0,,,,,0,0,,,,,,,,,,,,,,,,,,,,,,,,,,,,,,,,,,,,,,,,,,,,,,,,,,,,,,,,,,,,,,,,,,,,,,,,,,,,,,,,,,,,
Q05,1,15,1,1.23,,customer,1499999,0,never_instantiated,0,,,,,0,0,,region,1,0,never_instantiated,0,,,,,0,0,,orders,2275919,0,never_instantiated,0,,,,,0,0,,nation,25,0,never_instantiated,0,,,,,0,0,lineitem,supplier,100000,0,never_instantiated,0,,,,,0,0,,,,,,,,,,,,,,,,,,,,,,,,,,,,,,,,,,,,,,,,,,,,,,,,
Q06,1,15,1,0.31,,,,,,,,,,,,,,,,,,,,,,,,,,,,,,,,,,,,,,,,,,,,,,,,,,,,,,,,,,,,,,,,,,,,,,,,,,,,,,,,,,,,,,,,,,,,,,,,,,,,,,,,,,,,
Q07,1,15,1,1.44,,nation,2,0,never_instantiated,0,,,,,0,0,,nation,2,0,never_instantiated,0,,,,,0,0,,customer,1499999,0,never_instantiated,0,,,,,0,0,orders,,18230325,0,never_instantiated,0,,,,,0,0,lineitem,supplier,100000,0,never_instantiated,0,,,,,0,0,,,,,,,,,,,,,,,,,,,,,,,,,,,,,,,,,,,,,,,,,,,,,,,,
Q08,1,15,1,1.13,,region,1,0,never_instantiated,0,,,,,0,0,,nation,25,0,never_instantiated,0,,,,,0,0,customer,,122404,0,never_instantiated,0,,,,,0,0,,nation,25,0,never_instantiated,0,,,,,0,0,,supplier,100000,0,never_instantiated,0,,,,,0,0,,part,13452,0,never_instantiated,0,,,,,0,0,lineitem,orders,4557513,0,never_instantiated,0,,,,,0,0,,,,,,,,,,,,,,,,,,,,,,,,
Q09,1,15,1,2.26,,nation,25,0,never_instantiated,0,,,,,0,0,,partsupp,8000000,0,never_instantiated,0,,,,,0,0,,part,108782,0,never_instantiated,0,,,,,0,0,,orders,15000000,0,never_instantiated,0,,,,,0,0,lineitem,supplier,100000,0,never_instantiated,0,,,,,0,0,,,,,,,,,,,,,,,,,,,,,,,,,,,,,,,,,,,,,,,,,,,,,,,,
Q10,1,15,1,0.82,,nation,25,0,never_instantiated,0,,,,,0,0,customer,,1147084,0,never_instantiated,0,,,,,0,0,lineitem,orders,573157,0,never_instantiated,0,,,,,0,0,,,,,,,,,,,,,,,,,,,,,,,,,,,,,,,,,,,,,,,,,,,,,,,,,,,,,,,,,,,,,,,,,,,,,,,,
Q11,1,15,1,0.21,,nation,1,0,never_instantiated,0,,,,,0,0,partsupp,supplier,100000,0,never_instantiated,0,,,,,0,0,,nation,1,0,never_instantiated,0,,,,,0,0,partsupp,supplier,100000,0,never_instantiated,0,,,,,0,0,,,,,,,,,,,,,,,,,,,,,,,,,,,,,,,,,,,,,,,,,,,,,,,,,,,,,,,,,,,,
Q12,1,15,1,0.41,orders,lineitem,310803,0,never_instantiated,0,,,,,0,0,,,,,,,,,,,,,,,,,,,,,,,,,,,,,,,,,,,,,,,,,,,,,,,,,,,,,,,,,,,,,,,,,,,,,,,,,,,,,,,,,,,,,,,,,,,,,,,,
Q13,1,15,1,0.93,orders,customer,1500000,0,never_instantiated,0,,,,,0,0,,,,,,,,,,,,,,,,,,,,,,,,,,,,,,,,,,,,,,,,,,,,,,,,,,,,,,,,,,,,,,,,,,,,,,,,,,,,,,,,,,,,,,,,,,,,,,,,
Q14,1,15,1,0.52,lineitem,part,2000000,0,never_instantiated,0,,,,,0,0,,,,,,,,,,,,,,,,,,,,,,,,,,,,,,,,,,,,,,,,,,,,,,,,,,,,,,,,,,,,,,,,,,,,,,,,,,,,,,,,,,,,,,,,,,,,,,,,
Q15,1,15,1,0.41,,,1,0,never_instantiated,0,,,,,0,0,supplier,,100000,0,never_instantiated,0,,,,,0,0,,,,,,,,,,,,,,,,,,,,,,,,,,,,,,,,,,,,,,,,,,,,,,,,,,,,,,,,,,,,,,,,,,,,,,,,,,,,,,,,,,,,
Q16,1,15,1,0.31,,supplier,56,0,never_instantiated,0,,,,,0,0,partsupp,,296824,0,never_instantiated,0,,,,,0,0,part,,8,0,never_instantiated,0,,,,,0,0,,,,,,,,,,,,,,,,,,,,,,,,,,,,,,,,,,,,,,,,,,,,,,,,,,,,,,,,,,,,,,,,,,,,,,,,
Q17,1,15,1,0.72,lineitem,part,2044,0,never_instantiated,0,,,,,0,0,,,61385,0,never_instantiated,0,,,,,0,0,lineitem,,2044,0,never_instantiated,0,,,,,0,0,,,,,,,,,,,,,,,,,,,,,,,,,,,,,,,,,,,,,,,,,,,,,,,,,,,,,,,,,,,,,,,,,,,,,,,,
Q18,1,15,1,2.16,,lineitem,624,0,never_instantiated,0,,,,,0,0,,customer,1499999,0,never_instantiated,0,,,,,0,0,lineitem,orders,15000000,0,never_instantiated,0,,,,,0,0,,,,,,,,,,,,,,,,,,,,,,,,,,,,,,,,,,,,,,,,,,,,,,,,,,,,,,,,,,,,,,,,,,,,,,,,
Q19,1,15,1,0.72,lineitem,part,2000000,0,never_instantiated,0,,,,,0,0,,,,,,,,,,,,,,,,,,,,,,,,,,,,,,,,,,,,,,,,,,,,,,,,,,,,,,,,,,,,,,,,,,,,,,,,,,,,,,,,,,,,,,,,,,,,,,,,
Q20,1,15,1,0.62,,,4054,0,never_instantiated,0,,,,,0,0,partsupp,part,21551,0,never_instantiated,0,,,,,0,0,,,86204,0,never_instantiated,0,,,,,0,0,lineitem,,86204,0,never_instantiated,0,,,,,0,0,supplier,nation,1,0,never_instantiated,0,,,,,0,0,,,,,,,,,,,,,,,,,,,,,,,,,,,,,,,,,,,,,,,,,,,,,,,,
Q21,1,15,1,1.85,,nation,1,0,never_instantiated,0,,,,,0,0,,orders,7309184,0,never_instantiated,0,,,,,0,0,lineitem,supplier,100000,0,never_instantiated,0,,,,,0,0,,,734523,0,never_instantiated,0,,,,,0,0,lineitem,,734511,0,never_instantiated,0,,,,,0,0,,,707593,0,never_instantiated,0,,,,,0,0,lineitem,,707581,0,never_instantiated,0,,,,,0,0,,,,,,,,,,,,,,,,,,,,,,,,
Q22,1,15,1,0.31,,,190691,0,never_instantiated,0,,,,,0,0,orders,,190691,0,never_instantiated,0,,,,,0,0,,,,,,,,,,,,,,,,,,,,,,,,,,,,,,,,,,,,,,,,,,,,,,,,,,,,,,,,,,,,,,,,,,,,,,,,,,,,,,,,,,,,
Q01,1,16,1,0.52,,,,,,,,,,,,,,,,,,,,,,,,,,,,,,,,,,,,,,,,,,,,,,,,,,,,,,,,,,,,,,,,,,,,,,,,,,,,,,,,,,,,,,,,,,,,,,,,,,,,,,,,,,,,
Q02,1,16,1,0.21,,region,1,0,never_instantiated,0,,,,,0,0,,nation,25,0,never_instantiated,0,,,,,0,0,supplier,,31416,0,never_instantiated,0,,,,,0,0,partsupp,part,7854,0,never_instantiated,0,,,,,0,0,,,6351,0,never_instantiated,0,,,,,0,0,,,4667,0,never_instantiated,0,,,,,0,0,partsupp,,20033,0,never_instantiated,0,,,,,0,0,,region,1,0,never_instantiated,0,,,,,0,0,supplier,nation,25,0,never_instantiated,0,,,,,0,0
Q03,1,16,1,0.82,,customer,300275,0,never_instantiated,0,,,,,0,0,lineitem,orders,7289442,0,never_instantiated,0,,,,,0,0,,,,,,,,,,,,,,,,,,,,,,,,,,,,,,,,,,,,,,,,,,,,,,,,,,,,,,,,,,,,,,,,,,,,,,,,,,,,,,,,,,,,
Q04,1,16,1,0.52,,,573671,0,never_instantiated,0,,,,,0,0,lineitem,,573671,0,never_instantiated,0,,,,,0,0,,,,,,,,,,,,,,,,,,,,,,,,,,,,,,,,,,,,,,,,,,,,,,,,,,,,,,,,,,,,,,,,,,,,,,,,,,,,,,,,,,,,
Q05,1,16,1,1.03,,region,1,0,never_instantiated,0,,,,,0,0,,nation,25,0,never_instantiated,0,,,,,0,0,,customer,1499999,0,never_instantiated,0,,,,,0,0,,supplier,100000,0,never_instantiated,0,,,,,0,0,lineitem,orders,2275919,0,never_instantiated,0,,,,,0,0,,,,,,,,,,,,,,,,,,,,,,,,,,,,,,,,,,,,,,,,,,,,,,,,
Q06,1,16,1,0.31,,,,,,,,,,,,,,,,,,,,,,,,,,,,,,,,,,,,,,,,,,,,,,,,,,,,,,,,,,,,,,,,,,,,,,,,,,,,,,,,,,,,,,,,,,,,,,,,,,,,,,,,,,,,
Q07,1,16,1,1.23,,nation,2,0,never_instantiated,0,,,,,0,0,,customer,1499999,0,never_instantiated,0,,,,,0,0,,nation,2,0,never_instantiated,0,,,,,0,0,,supplier,100000,0,never_instantiated,0,,,,,0,0,lineitem,orders,15000000,0,never_instantiated,0,,,,,0,0,,,,,,,,,,,,,,,,,,,,,,,,,,,,,,,,,,,,,,,,,,,,,,,,
Q08,1,16,1,0.82,,region,1,0,never_instantiated,0,,,,,0,0,,nation,25,0,never_instantiated,0,,,,,0,0,customer,,122404,0,never_instantiated,0,,,,,0,0,orders,,403487,0,never_instantiated,0,,,,,0,0,,nation,25,0,never_instantiated,0,,,,,0,0,,supplier,100000,0,never_instantiated,0,,,,,0,0,lineitem,part,13452,0,never_instantiated,0,,,,,0,0,,,,,,,,,,,,,,,,,,,,,,,,
Q09,1,16,1,2.15,,nation,25,0,never_instantiated,0,,,,,0,0,,supplier,100000,0,never_instantiated,0,,,,,0,0,,partsupp,8000000,0,never_instantiated,0,,,,,0,0,,part,108782,0,never_instantiated,0,,,,,0,0,lineitem,orders,15000000,0,never_instantiated,0,,,,,0,0,,,,,,,,,,,,,,,,,,,,,,,,,,,,,,,,,,,,,,,,,,,,,,,,
Q10,1,16,1,0.82,,nation,25,0,never_instantiated,0,,,,,0,0,customer,,1147084,0,never_instantiated,0,,,,,0,0,lineitem,orders,573157,0,never_instantiated,0,,,,,0,0,,,,,,,,,,,,,,,,,,,,,,,,,,,,,,,,,,,,,,,,,,,,,,,,,,,,,,,,,,,,,,,,,,,,,,,,
Q11,1,16,1,0.21,partsupp,,4049,0,never_instantiated,0,,,,,0,0,supplier,nation,1,0,never_instantiated,0,,,,,0,0,partsupp,,4049,0,never_instantiated,0,,,,,0,0,supplier,nation,1,0,never_instantiated,0,,,,,0,0,,,,,,,,,,,,,,,,,,,,,,,,,,,,,,,,,,,,,,,,,,,,,,,,,,,,,,,,,,,,
Q12,1,16,1,0.41,orders,lineitem,310803,0,never_instantiated,0,,,,,0,0,,,,,,,,,,,,,,,,,,,,,,,,,,,,,,,,,,,,,,,,,,,,,,,,,,,,,,,,,,,,,,,,,,,,,,,,,,,,,,,,,,,,,,,,,,,,,,,,
Q13,1,16,1,0.93,orders,customer,1500000,0,never_instantiated,0,,,,,0,0,,,,,,,,,,,,,,,,,,,,,,,,,,,,,,,,,,,,,,,,,,,,,,,,,,,,,,,,,,,,,,,,,,,,,,,,,,,,,,,,,,,,,,,,,,,,,,,,
Q14,1,16,1,0.62,lineitem,part,2000000,0,never_instantiated,0,,,,,0,0,,,,,,,,,,,,,,,,,,,,,,,,,,,,,,,,,,,,,,,,,,,,,,,,,,,,,,,,,,,,,,,,,,,,,,,,,,,,,,,,,,,,,,,,,,,,,,,,
Q15,1,16,1,0.41,,,1,0,never_instantiated,0,,,,,0,0,supplier,,100000,0,never_instantiated,0,,,,,0,0,,,,,,,,,,,,,,,,,,,,,,,,,,,,,,,,,,,,,,,,,,,,,,,,,,,,,,,,,,,,,,,,,,,,,,,,,,,,,,,,,,,,
Q16,1,16,1,0.31,,supplier,56,0,never_instantiated,0,,,,,0,0,partsupp,,296824,0,never_instantiated,0,,,,,0,0,part,,8,0,never_instantiated,0,,,,,0,0,,,,,,,,,,,,,,,,,,,,,,,,,,,,,,,,,,,,,,,,,,,,,,,,,,,,,,,,,,,,,,,,,,,,,,,,
Q17,1,16,1,0.72,lineitem,part,2044,0,never_instantiated,0,,,,,0,0,,,61385,0,never_instantiated,0,,,,,0,0,lineitem,,2044,0,never_instantiated,0,,,,,0,0,,,,,,,,,,,,,,,,,,,,,,,,,,,,,,,,,,,,,,,,,,,,,,,,,,,,,,,,,,,,,,,,,,,,,,,,
Q18,1,16,1,2.15,,lineitem,624,0,never_instantiated,0,,,,,0,0,,customer,1499999,0,never_instantiated,0,,,,,0,0,lineitem,orders,15000000,0,never_instantiated,0,,,,,0,0,,,,,,,,,,,,,,,,,,,,,,,,,,,,,,,,,,,,,,,,,,,,,,,,,,,,,,,,,,,,,,,,,,,,,,,,
Q19,1,16,1,0.72,lineitem,part,2000000,0,never_instantiated,0,,,,,0,0,,,,,,,,,,,,,,,,,,,,,,,,,,,,,,,,,,,,,,,,,,,,,,,,,,,,,,,,,,,,,,,,,,,,,,,,,,,,,,,,,,,,,,,,,,,,,,,,
Q20,1,16,1,0.62,,,4054,0,never_instantiated,0,,,,,0,0,partsupp,part,21551,0,never_instantiated,0,,,,,0,0,,,86204,0,never_instantiated,0,,,,,0,0,lineitem,,86204,0,never_instantiated,0,,,,,0,0,supplier,nation,1,0,never_instantiated,0,,,,,0,0,,,,,,,,,,,,,,,,,,,,,,,,,,,,,,,,,,,,,,,,,,,,,,,,
Q21,1,16,1,1.85,,nation,1,0,never_instantiated,0,,,,,0,0,,supplier,100000,0,never_instantiated,0,,,,,0,0,lineitem,orders,7309184,0,never_instantiated,0,,,,,0,0,,,734523,0,never_instantiated,0,,,,,0,0,lineitem,,734511,0,never_instantiated,0,,,,,0,0,,,707593,0,never_instantiated,0,,,,,0,0,lineitem,,707581,0,never_instantiated,0,,,,,0,0,,,,,,,,,,,,,,,,,,,,,,,,
Q22,1,16,1,0.31,,,190691,0,never_instantiated,0,,,,,0,0,orders,,190691,0,never_instantiated,0,,,,,0,0,,,,,,,,,,,,,,,,,,,,,,,,,,,,,,,,,,,,,,,,,,,,,,,,,,,,,,,,,,,,,,,,,,,,,,,,,,,,,,,,,,,,
Q01,1,17,1,0.51,,,,,,,,,,,,,,,,,,,,,,,,,,,,,,,,,,,,,,,,,,,,,,,,,,,,,,,,,,,,,,,,,,,,,,,,,,,,,,,,,,,,,,,,,,,,,,,,,,,,,,,,,,,,
Q02,1,17,1,0.31,,region,1,0,never_instantiated,0,,,,,0,0,,nation,25,0,never_instantiated,0,,,,,0,0,,part,7854,0,never_instantiated,0,,,,,0,0,partsupp,supplier,100000,0,never_instantiated,0,,,,,0,0,,,6351,0,never_instantiated,0,,,,,0,0,,,4667,0,never_instantiated,0,,,,,0,0,partsupp,,20033,0,never_instantiated,0,,,,,0,0,,region,1,0,never_instantiated,0,,,,,0,0,supplier,nation,25,0,never_instantiated,0,,,,,0,0
Q03,1,17,1,0.82,,customer,300275,0,never_instantiated,0,,,,,0,0,lineitem,orders,7289442,0,never_instantiated,0,,,,,0,0,,,,,,,,,,,,,,,,,,,,,,,,,,,,,,,,,,,,,,,,,,,,,,,,,,,,,,,,,,,,,,,,,,,,,,,,,,,,,,,,,,,,
Q04,1,17,1,0.52,,,573671,0,never_instantiated,0,,,,,0,0,lineitem,,573671,0,never_instantiated,0,,,,,0,0,,,,,,,,,,,,,,,,,,,,,,,,,,,,,,,,,,,,,,,,,,,,,,,,,,,,,,,,,,,,,,,,,,,,,,,,,,,,,,,,,,,,
Q05,1,17,1,1.23,,region,1,0,never_instantiated,0,,,,,0,0,,customer,1499999,0,never_instantiated,0,,,,,0,0,,nation,25,0,never_instantiated,0,,,,,0,0,,orders,2275919,0,never_instantiated,0,,,,,0,0,lineitem,supplier,100000,0,never_instantiated,0,,,,,0,0,,,,,,,,,,,,,,,,,,,,,,,,,,,,,,,,,,,,,,,,,,,,,,,,
Q06,1,17,1,0.31,,,,,,,,,,,,,,,,,,,,,,,,,,,,,,,,,,,,,,,,,,,,,,,,,,,,,,,,,,,,,,,,,,,,,,,,,,,,,,,,,,,,,,,,,,,,,,,,,,,,,,,,,,,,
Q07,1,17,1,1.44,,nation,2,0,never_instantiated,0,,,,,0,0,,nation,2,0,never_instantiated,0,,,,,0,0,,customer,1499999,0,never_instantiated,0,,,,,0,0,orders,,18230325,0,never_instantiated,0,,,,,0,0,lineitem,supplier,100000,0,never_instantiated,0,,,,,0,0,,,,,,,,,,,,,,,,,,,,,,,,,,,,,,,,,,,,,,,,,,,,,,,,
Q08,1,17,1,0.93,,nation,25,0,never_instantiated,0,,,,,0,0,,region,1,0,never_instantiated,0,,,,,0,0,,nation,25,0,never_instantiated,0,,,,,0,0,customer,,122404,0,never_instantiated,0,,,,,0,0,orders,,403487,0,never_instantiated,0,,,,,0,0,,part,13452,0,never_instantiated,0,,,,,0,0,lineitem,supplier,100000,0,never_instantiated,0,,,,,0,0,,,,,,,,,,,,,,,,,,,,,,,,
Q09,1,17,1,1.95,,partsupp,8000000,0,never_instantiated,0,,,,,0,0,,orders,15000000,0,never_instantiated,0,,,,,0,0,,nation,25,0,never_instantiated,0,,,,,0,0,,supplier,100000,0,never_instantiated,0,,,,,0,0,lineitem,part,108782,0,never_instantiated,0,,,,,0,0,,,,,,,,,,,,,,,,,,,,,,,,,,,,,,,,,,,,,,,,,,,,,,,,
Q10,1,17,1,0.82,,nation,25,0,never_instantiated,0,,,,,0,0,customer,,1147084,0,never_instantiated,0,,,,,0,0,lineitem,orders,573157,0,never_instantiated,0,,,,,0,0,,,,,,,,,,,,,,,,,,,,,,,,,,,,,,,,,,,,,,,,,,,,,,,,,,,,,,,,,,,,,,,,,,,,,,,,
Q11,1,17,1,0.21,,nation,1,0,never_instantiated,0,,,,,0,0,partsupp,supplier,100000,0,never_instantiated,0,,,,,0,0,,nation,1,0,never_instantiated,0,,,,,0,0,partsupp,supplier,100000,0,never_instantiated,0,,,,,0,0,,,,,,,,,,,,,,,,,,,,,,,,,,,,,,,,,,,,,,,,,,,,,,,,,,,,,,,,,,,,
Q12,1,17,1,0.41,orders,lineitem,310803,0,never_instantiated,0,,,,,0,0,,,,,,,,,,,,,,,,,,,,,,,,,,,,,,,,,,,,,,,,,,,,,,,,,,,,,,,,,,,,,,,,,,,,,,,,,,,,,,,,,,,,,,,,,,,,,,,,
Q13,1,17,1,0.93,orders,customer,1500000,0,never_instantiated,0,,,,,0,0,,,,,,,,,,,,,,,,,,,,,,,,,,,,,,,,,,,,,,,,,,,,,,,,,,,,,,,,,,,,,,,,,,,,,,,,,,,,,,,,,,,,,,,,,,,,,,,,
Q14,1,17,1,0.62,lineitem,part,2000000,0,never_instantiated,0,,,,,0,0,,,,,,,,,,,,,,,,,,,,,,,,,,,,,,,,,,,,,,,,,,,,,,,,,,,,,,,,,,,,,,,,,,,,,,,,,,,,,,,,,,,,,,,,,,,,,,,,
Q15,1,17,1,0.41,,,1,0,never_instantiated,0,,,,,0,0,supplier,,100000,0,never_instantiated,0,,,,,0,0,,,,,,,,,,,,,,,,,,,,,,,,,,,,,,,,,,,,,,,,,,,,,,,,,,,,,,,,,,,,,,,,,,,,,,,,,,,,,,,,,,,,
Q16,1,17,1,0.31,,supplier,56,0,never_instantiated,0,,,,,0,0,partsupp,,296824,0,never_instantiated,0,,,,,0,0,part,,8,0,never_instantiated,0,,,,,0,0,,,,,,,,,,,,,,,,,,,,,,,,,,,,,,,,,,,,,,,,,,,,,,,,,,,,,,,,,,,,,,,,,,,,,,,,
Q17,1,17,1,0.72,lineitem,part,2044,0,never_instantiated,0,,,,,0,0,,,61385,0,never_instantiated,0,,,,,0,0,lineitem,,2044,0,never_instantiated,0,,,,,0,0,,,,,,,,,,,,,,,,,,,,,,,,,,,,,,,,,,,,,,,,,,,,,,,,,,,,,,,,,,,,,,,,,,,,,,,,
Q18,1,17,1,2.16,,lineitem,624,0,never_instantiated,0,,,,,0,0,,customer,1499999,0,never_instantiated,0,,,,,0,0,lineitem,orders,15000000,0,never_instantiated,0,,,,,0,0,,,,,,,,,,,,,,,,,,,,,,,,,,,,,,,,,,,,,,,,,,,,,,,,,,,,,,,,,,,,,,,,,,,,,,,,
Q19,1,17,1,0.72,lineitem,part,2000000,0,never_instantiated,0,,,,,0,0,,,,,,,,,,,,,,,,,,,,,,,,,,,,,,,,,,,,,,,,,,,,,,,,,,,,,,,,,,,,,,,,,,,,,,,,,,,,,,,,,,,,,,,,,,,,,,,,
Q20,1,17,1,0.62,,,4054,0,never_instantiated,0,,,,,0,0,partsupp,part,21551,0,never_instantiated,0,,,,,0,0,,,86204,0,never_instantiated,0,,,,,0,0,lineitem,,86204,0,never_instantiated,0,,,,,0,0,supplier,nation,1,0,never_instantiated,0,,,,,0,0,,,,,,,,,,,,,,,,,,,,,,,,,,,,,,,,,,,,,,,,,,,,,,,,
Q21,1,17,1,1.85,,nation,1,0,never_instantiated,0,,,,,0,0,,orders,7309184,0,never_instantiated,0,,,,,0,0,lineitem,supplier,100000,0,never_instantiated,0,,,,,0,0,,,734523,0,never_instantiated,0,,,,,0,0,lineitem,,734511,0,never_instantiated,0,,,,,0,0,,,707593,0,never_instantiated,0,,,,,0,0,lineitem,,707581,0,never_instantiated,0,,,,,0,0,,,,,,,,,,,,,,,,,,,,,,,,
Q22,1,17,1,0.31,,,190691,0,never_instantiated,0,,,,,0,0,orders,,190691,0,never_instantiated,0,,,,,0,0,,,,,,,,,,,,,,,,,,,,,,,,,,,,,,,,,,,,,,,,,,,,,,,,,,,,,,,,,,,,,,,,,,,,,,,,,,,,,,,,,,,,
Q01,1,18,1,0.52,,,,,,,,,,,,,,,,,,,,,,,,,,,,,,,,,,,,,,,,,,,,,,,,,,,,,,,,,,,,,,,,,,,,,,,,,,,,,,,,,,,,,,,,,,,,,,,,,,,,,,,,,,,,
Q02,1,18,1,0.31,,region,1,0,never_instantiated,0,,,,,0,0,,nation,25,0,never_instantiated,0,,,,,0,0,supplier,,31416,0,never_instantiated,0,,,,,0,0,partsupp,part,7854,0,never_instantiated,0,,,,,0,0,,,6351,0,never_instantiated,0,,,,,0,0,,,4667,0,never_instantiated,0,,,,,0,0,,region,1,0,never_instantiated,0,,,,,0,0,,nation,25,0,never_instantiated,0,,,,,0,0,partsupp,supplier,100000,0,never_instantiated,0,,,,,0,0
Q03,1,18,1,0.82,,customer,300275,0,never_instantiated,0,,,,,0,0,lineitem,orders,7289442,0,never_instantiated,0,,,,,0,0,,,,,,,,,,,,,,,,,,,,,,,,,,,,,,,,,,,,,,,,,,,,,,,,,,,,,,,,,,,,,,,,,,,,,,,,,,,,,,,,,,,,
Q04,1,18,1,0.52,,,573671,0,never_instantiated,0,,,,,0,0,lineitem,,573671,0,never_instantiated,0,,,,,0,0,,,,,,,,,,,,,,,,,,,,,,,,,,,,,,,,,,,,,,,,,,,,,,,,,,,,,,,,,,,,,,,,,,,,,,,,,,,,,,,,,,,,
Q05,1,18,1,1.13,,region,1,0,never_instantiated,0,,,,,0,0,,customer,1499999,0,never_instantiated,0,,,,,0,0,,nation,25,0,never_instantiated,0,,,,,0,0,,supplier,100000,0,never_instantiated,0,,,,,0,0,lineitem,orders,2275919,0,never_instantiated,0,,,,,0,0,,,,,,,,,,,,,,,,,,,,,,,,,,,,,,,,,,,,,,,,,,,,,,,,
Q06,1,18,1,0.31,,,,,,,,,,,,,,,,,,,,,,,,,,,,,,,,,,,,,,,,,,,,,,,,,,,,,,,,,,,,,,,,,,,,,,,,,,,,,,,,,,,,,,,,,,,,,,,,,,,,,,,,,,,,
Q07,1,18,1,1.44,,nation,2,0,never_instantiated,0,,,,,0,0,,nation,2,0,never_instantiated,0,,,,,0,0,,customer,1499999,0,never_instantiated,0,,,,,0,0,,supplier,100000,0,never_instantiated,0,,,,,0,0,lineitem,orders,15000000,0,never_instantiated,0,,,,,0,0,,,,,,,,,,,,,,,,,,,,,,,,,,,,,,,,,,,,,,,,,,,,,,,,
Q08,1,18,1,1.74,,region,1,0,never_instantiated,0,,,,,0,0,,part,13452,0,never_instantiated,0,,,,,0,0,,nation,25,0,never_instantiated,0,,,,,0,0,,nation,25,0,never_instantiated,0,,,,,0,0,,customer,1499999,0,never_instantiated,0,,,,,0,0,,supplier,100000,0,never_instantiated,0,,,,,0,0,lineitem,orders,4557513,0,never_instantiated,0,,,,,0,0,,,,,,,,,,,,,,,,,,,,,,,,
Q09,1,18,1,3.08,,part,108782,0,never_instantiated,0,,,,,0,0,,orders,15000000,0,never_instantiated,0,,,,,0,0,,nation,25,0,never_instantiated,0,,,,,0,0,,supplier,100000,0,never_instantiated,0,,,,,0,0,lineitem,partsupp,8000000,0,never_instantiated,0,,,,,0,0,,,,,,,,,,,,,,,,,,,,,,,,,,,,,,,,,,,,,,,,,,,,,,,,
Q10,1,18,1,0.82,,nation,25,0,never_instantiated,0,,,,,0,0,customer,,1147084,0,never_instantiated,0,,,,,0,0,lineitem,orders,573157,0,never_instantiated,0,,,,,0,0,,,,,,,,,,,,,,,,,,,,,,,,,,,,,,,,,,,,,,,,,,,,,,,,,,,,,,,,,,,,,,,,,,,,,,,,
Q11,1,18,1,0.21,partsupp,,4049,0,never_instantiated,0,,,,,0,0,supplier,nation,1,0,never_instantiated,0,,,,,0,0,,nation,1,0,never_instantiated,0,,,,,0,0,partsupp,supplier,100000,0,never_instantiated,0,,,,,0,0,,,,,,,,,,,,,,,,,,,,,,,,,,,,,,,,,,,,,,,,,,,,,,,,,,,,,,,,,,,,
Q12,1,18,1,0.41,orders,lineitem,310803,0,never_instantiated,0,,,,,0,0,,,,,,,,,,,,,,,,,,,,,,,,,,,,,,,,,,,,,,,,,,,,,,,,,,,,,,,,,,,,,,,,,,,,,,,,,,,,,,,,,,,,,,,,,,,,,,,,
Q13,1,18,1,0.93,orders,customer,1500000,0,never_instantiated,0,,,,,0,0,,,,,,,,,,,,,,,,,,,,,,,,,,,,,,,,,,,,,,,,,,,,,,,,,,,,,,,,,,,,,,,,,,,,,,,,,,,,,,,,,,,,,,,,,,,,,,,,
Q14,1,18,1,0.62,lineitem,part,2000000,0,never_instantiated,0,,,,,0,0,,,,,,,,,,,,,,,,,,,,,,,,,,,,,,,,,,,,,,,,,,,,,,,,,,,,,,,,,,,,,,,,,,,,,,,,,,,,,,,,,,,,,,,,,,,,,,,,
Q15,1,18,1,0.41,,,1,0,never_instantiated,0,,,,,0,0,supplier,,100000,0,never_instantiated,0,,,,,0,0,,,,,,,,,,,,,,,,,,,,,,,,,,,,,,,,,,,,,,,,,,,,,,,,,,,,,,,,,,,,,,,,,,,,,,,,,,,,,,,,,,,,
Q16,1,18,1,0.31,,supplier,56,0,never_instantiated,0,,,,,0,0,partsupp,,296824,0,never_instantiated,0,,,,,0,0,part,,8,0,never_instantiated,0,,,,,0,0,,,,,,,,,,,,,,,,,,,,,,,,,,,,,,,,,,,,,,,,,,,,,,,,,,,,,,,,,,,,,,,,,,,,,,,,
Q17,1,18,1,0.72,lineitem,part,2044,0,never_instantiated,0,,,,,0,0,,,61385,0,never_instantiated,0,,,,,0,0,lineitem,,2044,0,never_instantiated,0,,,,,0,0,,,,,,,,,,,,,,,,,,,,,,,,,,,,,,,,,,,,,,,,,,,,,,,,,,,,,,,,,,,,,,,,,,,,,,,,
Q18,1,18,1,2.16,,lineitem,624,0,never_instantiated,0,,,,,0,0,,customer,1499999,0,never_instantiated,0,,,,,0,0,lineitem,orders,15000000,0,never_instantiated,0,,,,,0,0,,,,,,,,,,,,,,,,,,,,,,,,,,,,,,,,,,,,,,,,,,,,,,,,,,,,,,,,,,,,,,,,,,,,,,,,
Q19,1,18,1,0.72,lineitem,part,2000000,0,never_instantiated,0,,,,,0,0,,,,,,,,,,,,,,,,,,,,,,,,,,,,,,,,,,,,,,,,,,,,,,,,,,,,,,,,,,,,,,,,,,,,,,,,,,,,,,,,,,,,,,,,,,,,,,,,
Q20,1,18,1,0.62,,,4054,0,never_instantiated,0,,,,,0,0,partsupp,part,21551,0,never_instantiated,0,,,,,0,0,,,86204,0,never_instantiated,0,,,,,0,0,lineitem,,86204,0,never_instantiated,0,,,,,0,0,supplier,nation,1,0,never_instantiated,0,,,,,0,0,,,,,,,,,,,,,,,,,,,,,,,,,,,,,,,,,,,,,,,,,,,,,,,,
Q21,1,18,1,1.85,,nation,1,0,never_instantiated,0,,,,,0,0,,supplier,100000,0,never_instantiated,0,,,,,0,0,lineitem,orders,7309184,0,never_instantiated,0,,,,,0,0,,,734523,0,never_instantiated,0,,,,,0,0,lineitem,,734511,0,never_instantiated,0,,,,,0,0,,,707593,0,never_instantiated,0,,,,,0,0,lineitem,,707581,0,never_instantiated,0,,,,,0,0,,,,,,,,,,,,,,,,,,,,,,,,
Q22,1,18,1,0.31,,,190691,0,never_instantiated,0,,,,,0,0,orders,,190691,0,never_instantiated,0,,,,,0,0,,,,,,,,,,,,,,,,,,,,,,,,,,,,,,,,,,,,,,,,,,,,,,,,,,,,,,,,,,,,,,,,,,,,,,,,,,,,,,,,,,,,
Q01,1,19,1,0.52,,,,,,,,,,,,,,,,,,,,,,,,,,,,,,,,,,,,,,,,,,,,,,,,,,,,,,,,,,,,,,,,,,,,,,,,,,,,,,,,,,,,,,,,,,,,,,,,,,,,,,,,,,,,
Q02,1,19,1,0.31,,region,1,0,never_instantiated,0,,,,,0,0,,part,7854,0,never_instantiated,0,,,,,0,0,,nation,25,0,never_instantiated,0,,,,,0,0,partsupp,supplier,100000,0,never_instantiated,0,,,,,0,0,,,6351,0,never_instantiated,0,,,,,0,0,,,4667,0,never_instantiated,0,,,,,0,0,,region,1,0,never_instantiated,0,,,,,0,0,,nation,25,0,never_instantiated,0,,,,,0,0,partsupp,supplier,100000,0,never_instantiated,0,,,,,0,0
Q03,1,19,1,0.82,,customer,300275,0,never_instantiated,0,,,,,0,0,lineitem,orders,7289442,0,never_instantiated,0,,,,,0,0,,,,,,,,,,,,,,,,,,,,,,,,,,,,,,,,,,,,,,,,,,,,,,,,,,,,,,,,,,,,,,,,,,,,,,,,,,,,,,,,,,,,
Q04,1,19,1,0.62,,,573671,0,never_instantiated,0,,,,,0,0,lineitem,,573671,0,never_instantiated,0,,,,,0,0,,,,,,,,,,,,,,,,,,,,,,,,,,,,,,,,,,,,,,,,,,,,,,,,,,,,,,,,,,,,,,,,,,,,,,,,,,,,,,,,,,,,
Q05,1,19,1,9999999,,,,,,,,,,,,,,,,,,,,,,,,,,,,,,,,,,,,,,,,,,,,,,,,,,,,,,,,,,,,,,,,,,,,,,,,,,,,,,,,,,,,,,,,,,,,,,,,,,,,,,,,,,,,
Q06,1,19,1,0.31,,,,,,,,,,,,,,,,,,,,,,,,,,,,,,,,,,,,,,,,,,,,,,,,,,,,,,,,,,,,,,,,,,,,,,,,,,,,,,,,,,,,,,,,,,,,,,,,,,,,,,,,,,,,
Q07,1,19,1,0.82,,nation,2,0,never_instantiated,0,,,,,0,0,,customer,1499999,0,never_instantiated,0,,,,,0,0,orders,,1460257,0,never_instantiated,0,,,,,0,0,,nation,2,0,never_instantiated,0,,,,,0,0,lineitem,supplier,100000,0,never_instantiated,0,,,,,0,0,,,,,,,,,,,,,,,,,,,,,,,,,,,,,,,,,,,,,,,,,,,,,,,,
Q08,1,19,1,0.82,,region,1,0,never_instantiated,0,,,,,0,0,,nation,25,0,never_instantiated,0,,,,,0,0,,nation,25,0,never_instantiated,0,,,,,0,0,,supplier,100000,0,never_instantiated,0,,,,,0,0,customer,,122404,0,never_instantiated,0,,,,,0,0,orders,,403487,0,never_instantiated,0,,,,,0,0,lineitem,part,13452,0,never_instantiated,0,,,,,0,0,,,,,,,,,,,,,,,,,,,,,,,,
Q09,1,19,1,1.95,,nation,25,0,never_instantiated,0,,,,,0,0,,partsupp,8000000,0,never_instantiated,0,,,,,0,0,,orders,15000000,0,never_instantiated,0,,,,,0,0,,part,108782,0,never_instantiated,0,,,,,0,0,lineitem,supplier,100000,0,never_instantiated,0,,,,,0,0,,,,,,,,,,,,,,,,,,,,,,,,,,,,,,,,,,,,,,,,,,,,,,,,
Q10,1,19,1,0.82,,nation,25,0,never_instantiated,0,,,,,0,0,customer,,1147084,0,never_instantiated,0,,,,,0,0,lineitem,orders,573157,0,never_instantiated,0,,,,,0,0,,,,,,,,,,,,,,,,,,,,,,,,,,,,,,,,,,,,,,,,,,,,,,,,,,,,,,,,,,,,,,,,,,,,,,,,
Q11,1,19,1,0.21,,nation,1,0,never_instantiated,0,,,,,0,0,partsupp,supplier,100000,0,never_instantiated,0,,,,,0,0,partsupp,,4049,0,never_instantiated,0,,,,,0,0,supplier,nation,1,0,never_instantiated,0,,,,,0,0,,,,,,,,,,,,,,,,,,,,,,,,,,,,,,,,,,,,,,,,,,,,,,,,,,,,,,,,,,,,
Q12,1,19,1,0.41,orders,lineitem,310803,0,never_instantiated,0,,,,,0,0,,,,,,,,,,,,,,,,,,,,,,,,,,,,,,,,,,,,,,,,,,,,,,,,,,,,,,,,,,,,,,,,,,,,,,,,,,,,,,,,,,,,,,,,,,,,,,,,
Q13,1,19,1,1.03,orders,customer,1500000,0,never_instantiated,0,,,,,0,0,,,,,,,,,,,,,,,,,,,,,,,,,,,,,,,,,,,,,,,,,,,,,,,,,,,,,,,,,,,,,,,,,,,,,,,,,,,,,,,,,,,,,,,,,,,,,,,,
Q14,1,19,1,0.52,lineitem,part,2000000,0,never_instantiated,0,,,,,0,0,,,,,,,,,,,,,,,,,,,,,,,,,,,,,,,,,,,,,,,,,,,,,,,,,,,,,,,,,,,,,,,,,,,,,,,,,,,,,,,,,,,,,,,,,,,,,,,,
Q15,1,19,1,0.41,,,1,0,never_instantiated,0,,,,,0,0,supplier,,100000,0,never_instantiated,0,,,,,0,0,,,,,,,,,,,,,,,,,,,,,,,,,,,,,,,,,,,,,,,,,,,,,,,,,,,,,,,,,,,,,,,,,,,,,,,,,,,,,,,,,,,,
Q16,1,19,1,0.31,,supplier,56,0,never_instantiated,0,,,,,0,0,partsupp,,296824,0,never_instantiated,0,,,,,0,0,part,,8,0,never_instantiated,0,,,,,0,0,,,,,,,,,,,,,,,,,,,,,,,,,,,,,,,,,,,,,,,,,,,,,,,,,,,,,,,,,,,,,,,,,,,,,,,,
Q17,1,19,1,0.72,lineitem,part,2044,0,never_instantiated,0,,,,,0,0,,,61385,0,never_instantiated,0,,,,,0,0,lineitem,,2044,0,never_instantiated,0,,,,,0,0,,,,,,,,,,,,,,,,,,,,,,,,,,,,,,,,,,,,,,,,,,,,,,,,,,,,,,,,,,,,,,,,,,,,,,,,
Q18,1,19,1,2.16,,lineitem,624,0,never_instantiated,0,,,,,0,0,,customer,1499999,0,never_instantiated,0,,,,,0,0,lineitem,orders,15000000,0,never_instantiated,0,,,,,0,0,,,,,,,,,,,,,,,,,,,,,,,,,,,,,,,,,,,,,,,,,,,,,,,,,,,,,,,,,,,,,,,,,,,,,,,,
Q19,1,19,1,0.72,lineitem,part,2000000,0,never_instantiated,0,,,,,0,0,,,,,,,,,,,,,,,,,,,,,,,,,,,,,,,,,,,,,,,,,,,,,,,,,,,,,,,,,,,,,,,,,,,,,,,,,,,,,,,,,,,,,,,,,,,,,,,,
Q20,1,19,1,0.62,,,4054,0,never_instantiated,0,,,,,0,0,partsupp,part,21551,0,never_instantiated,0,,,,,0,0,,,86204,0,never_instantiated,0,,,,,0,0,lineitem,,86204,0,never_instantiated,0,,,,,0,0,supplier,nation,1,0,never_instantiated,0,,,,,0,0,,,,,,,,,,,,,,,,,,,,,,,,,,,,,,,,,,,,,,,,,,,,,,,,
Q21,1,19,1,1.54,orders,,1522366,0,never_instantiated,0,,,,,0,0,,nation,1,0,never_instantiated,0,,,,,0,0,lineitem,supplier,100000,0,never_instantiated,0,,,,,0,0,,,734523,0,never_instantiated,0,,,,,0,0,lineitem,,734511,0,never_instantiated,0,,,,,0,0,,,707593,0,never_instantiated,0,,,,,0,0,lineitem,,707581,0,never_instantiated,0,,,,,0,0,,,,,,,,,,,,,,,,,,,,,,,,
Q22,1,19,1,0.31,,,190691,0,never_instantiated,0,,,,,0,0,orders,,190691,0,never_instantiated,0,,,,,0,0,,,,,,,,,,,,,,,,,,,,,,,,,,,,,,,,,,,,,,,,,,,,,,,,,,,,,,,,,,,,,,,,,,,,,,,,,,,,,,,,,,,,
Q01,2,0,1,0.52,,,,,,,,,,,,,,,,,,,,,,,,,,,,,,,,,,,,,,,,,,,,,,,,,,,,,,,,,,,,,,,,,,,,,,,,,,,,,,,,,,,,,,,,,,,,,,,,,,,,,,,,,,,,
Q02,2,0,1,0.21,,region,1,0,never_instantiated,0,,,,,0,0,,nation,5,0,never_instantiated,0,,,,,0,0,supplier,,6362,0,never_instantiated,0,,,,,0,0,partsupp,part,7854,0,never_instantiated,0,,,,,0,0,,,6351,0,never_instantiated,0,,,,,0,0,,,4667,0,never_instantiated,0,,,,,0,0,,region,1,0,never_instantiated,0,,,,,0,0,partsupp,,20033,0,never_instantiated,0,,,,,0,0,supplier,nation,5,0,never_instantiated,0,,,,,0,0
Q03,2,0,1,0.52,,customer,300275,0,never_instantiated,0,,,,,0,0,lineitem,orders,1463240,0,never_instantiated,0,,,,,0,0,,,,,,,,,,,,,,,,,,,,,,,,,,,,,,,,,,,,,,,,,,,,,,,,,,,,,,,,,,,,,,,,,,,,,,,,,,,,,,,,,,,,
Q04,2,0,1,0.52,,,573671,0,never_instantiated,0,,,,,0,0,lineitem,,573671,0,never_instantiated,0,,,,,0,0,,,,,,,,,,,,,,,,,,,,,,,,,,,,,,,,,,,,,,,,,,,,,,,,,,,,,,,,,,,,,,,,,,,,,,,,,,,,,,,,,,,,
Q05,2,0,1,0.82,,supplier,100000,0,never_instantiated,0,,,,,0,0,,region,1,0,never_instantiated,0,,,,,0,0,,nation,5,0,never_instantiated,0,,,,,0,0,,customer,300270,0,never_instantiated,0,,,,,0,0,lineitem,orders,457191,0,never_instantiated,0,,,,,0,0,,,,,,,,,,,,,,,,,,,,,,,,,,,,,,,,,,,,,,,,,,,,,,,,
Q06,2,0,1,0.31,,,,,,,,,,,,,,,,,,,,,,,,,,,,,,,,,,,,,,,,,,,,,,,,,,,,,,,,,,,,,,,,,,,,,,,,,,,,,,,,,,,,,,,,,,,,,,,,,,,,,,,,,,,,
Q07,2,0,1,0.52,,nation,2,0,never_instantiated,0,,,,,0,0,,supplier,8010,0,never_instantiated,0,,,,,0,0,,nation,2,0,never_instantiated,0,,,,,0,0,,customer,120469,0,never_instantiated,0,,,,,0,0,lineitem,orders,1226777,0,never_instantiated,0,,,,,0,0,,,,,,,,,,,,,,,,,,,,,,,,,,,,,,,,,,,,,,,,,,,,,,,,
Q08,2,0,1,0.62,,nation,25,0,never_instantiated,0,,,,,0,0,supplier,,24254,0,never_instantiated,0,,,,,0,0,,region,1,0,never_instantiated,0,,,,,0,0,,part,13452,0,never_instantiated,0,,,,,0,0,,nation,5,0,never_instantiated,0,,,,,0,0,,customer,299435,0,never_instantiated,0,,,,,0,0,lineitem,orders,911192,0,never_instantiated,0,,,,,0,0,,,,,,,,,,,,,,,,,,,,,,,,
Q09,2,0,1,1.74,,nation,25,0,never_instantiated,0,,,,,0,0,,supplier,100000,0,never_instantiated,0,,,,,0,0,,partsupp,8000000,0,never_instantiated,0,,,,,0,0,,part,108782,0,never_instantiated,0,,,,,0,0,lineitem,orders,15000000,0,never_instantiated,0,,,,,0,0,,,,,,,,,,,,,,,,,,,,,,,,,,,,,,,,,,,,,,,,,,,,,,,,
Q10,2,0,1,0.62,,nation,25,0,never_instantiated,0,,,,,0,0,customer,,1147084,0,never_instantiated,0,,,,,0,0,lineitem,orders,573157,0,never_instantiated,0,,,,,0,0,,,,,,,,,,,,,,,,,,,,,,,,,,,,,,,,,,,,,,,,,,,,,,,,,,,,,,,,,,,,,,,,,,,,,,,,
Q11,2,0,1,0.21,partsupp,,4049,0,never_instantiated,0,,,,,0,0,supplier,nation,1,0,never_instantiated,0,,,,,0,0,partsupp,,4049,0,never_instantiated,0,,,,,0,0,supplier,nation,1,0,never_instantiated,0,,,,,0,0,,,,,,,,,,,,,,,,,,,,,,,,,,,,,,,,,,,,,,,,,,,,,,,,,,,,,,,,,,,,
Q12,2,0,1,0.41,orders,lineitem,310803,0,never_instantiated,0,,,,,0,0,,,,,,,,,,,,,,,,,,,,,,,,,,,,,,,,,,,,,,,,,,,,,,,,,,,,,,,,,,,,,,,,,,,,,,,,,,,,,,,,,,,,,,,,,,,,,,,,
Q13,2,0,1,0.93,orders,customer,1500000,0,never_instantiated,0,,,,,0,0,,,,,,,,,,,,,,,,,,,,,,,,,,,,,,,,,,,,,,,,,,,,,,,,,,,,,,,,,,,,,,,,,,,,,,,,,,,,,,,,,,,,,,,,,,,,,,,,
Q14,2,0,1,0.62,lineitem,part,2000000,0,never_instantiated,0,,,,,0,0,,,,,,,,,,,,,,,,,,,,,,,,,,,,,,,,,,,,,,,,,,,,,,,,,,,,,,,,,,,,,,,,,,,,,,,,,,,,,,,,,,,,,,,,,,,,,,,,
Q15,2,0,1,0.41,,,1,0,never_instantiated,0,,,,,0,0,supplier,,100000,0,never_instantiated,0,,,,,0,0,,,,,,,,,,,,,,,,,,,,,,,,,,,,,,,,,,,,,,,,,,,,,,,,,,,,,,,,,,,,,,,,,,,,,,,,,,,,,,,,,,,,
Q16,2,0,1,0.31,,supplier,56,0,never_instantiated,0,,,,,0,0,partsupp,,296824,0,never_instantiated,0,,,,,0,0,part,,8,0,never_instantiated,0,,,,,0,0,,,,,,,,,,,,,,,,,,,,,,,,,,,,,,,,,,,,,,,,,,,,,,,,,,,,,,,,,,,,,,,,,,,,,,,,
Q17,2,0,1,0.72,lineitem,part,2044,0,never_instantiated,0,,,,,0,0,,,61385,0,never_instantiated,0,,,,,0,0,lineitem,,2044,0,never_instantiated,0,,,,,0,0,,,,,,,,,,,,,,,,,,,,,,,,,,,,,,,,,,,,,,,,,,,,,,,,,,,,,,,,,,,,,,,,,,,,,,,,
Q18,2,0,1,2.16,,lineitem,624,0,never_instantiated,0,,,,,0,0,,customer,1499999,0,never_instantiated,0,,,,,0,0,lineitem,orders,15000000,0,never_instantiated,0,,,,,0,0,,,,,,,,,,,,,,,,,,,,,,,,,,,,,,,,,,,,,,,,,,,,,,,,,,,,,,,,,,,,,,,,,,,,,,,,
Q19,2,0,1,0.72,lineitem,part,2000000,0,never_instantiated,0,,,,,0,0,,,,,,,,,,,,,,,,,,,,,,,,,,,,,,,,,,,,,,,,,,,,,,,,,,,,,,,,,,,,,,,,,,,,,,,,,,,,,,,,,,,,,,,,,,,,,,,,
Q20,2,0,1,0.52,,,4054,0,never_instantiated,0,,,,,0,0,partsupp,part,21551,0,never_instantiated,0,,,,,0,0,,,3671,0,never_instantiated,0,,,,,0,0,lineitem,,3671,0,never_instantiated,0,,,,,0,0,supplier,nation,1,0,never_instantiated,0,,,,,0,0,,,,,,,,,,,,,,,,,,,,,,,,,,,,,,,,,,,,,,,,,,,,,,,,
Q21,2,0,1,1.44,,nation,1,0,never_instantiated,0,,,,,0,0,,supplier,4010,0,never_instantiated,0,,,,,0,0,lineitem,orders,7309184,0,never_instantiated,0,,,,,0,0,,,734523,0,never_instantiated,0,,,,,0,0,lineitem,,734511,0,never_instantiated,0,,,,,0,0,,,707593,0,never_instantiated,0,,,,,0,0,lineitem,,707581,0,never_instantiated,0,,,,,0,0,,,,,,,,,,,,,,,,,,,,,,,,
Q22,2,0,1,0.31,,,190691,0,never_instantiated,0,,,,,0,0,orders,,190691,0,never_instantiated,0,,,,,0,0,,,,,,,,,,,,,,,,,,,,,,,,,,,,,,,,,,,,,,,,,,,,,,,,,,,,,,,,,,,,,,,,,,,,,,,,,,,,,,,,,,,,
Q01,2,1,1,0.52,,,,,,,,,,,,,,,,,,,,,,,,,,,,,,,,,,,,,,,,,,,,,,,,,,,,,,,,,,,,,,,,,,,,,,,,,,,,,,,,,,,,,,,,,,,,,,,,,,,,,,,,,,,,
Q02,2,1,1,0.21,,region,1,0,never_instantiated,0,,,,,0,0,,part,7854,0,never_instantiated,0,,,,,0,0,,nation,5,0,never_instantiated,0,,,,,0,0,partsupp,supplier,20033,0,never_instantiated,0,,,,,0,0,,,6351,0,never_instantiated,0,,,,,0,0,,,4667,0,never_instantiated,0,,,,,0,0,,region,1,0,never_instantiated,0,,,,,0,0,,nation,5,0,never_instantiated,0,,,,,0,0,partsupp,supplier,20033,0,never_instantiated,0,,,,,0,0
Q03,2,1,1,0.41,,customer,300275,0,never_instantiated,0,,,,,0,0,lineitem,orders,1463240,0,never_instantiated,0,,,,,0,0,,,,,,,,,,,,,,,,,,,,,,,,,,,,,,,,,,,,,,,,,,,,,,,,,,,,,,,,,,,,,,,,,,,,,,,,,,,,,,,,,,,,
Q04,2,1,1,0.52,,,573671,0,never_instantiated,0,,,,,0,0,lineitem,,573671,0,never_instantiated,0,,,,,0,0,,,,,,,,,,,,,,,,,,,,,,,,,,,,,,,,,,,,,,,,,,,,,,,,,,,,,,,,,,,,,,,,,,,,,,,,,,,,,,,,,,,,
Q05,2,1,1,9999999,,,,,,,,,,,,,,,,,,,,,,,,,,,,,,,,,,,,,,,,,,,,,,,,,,,,,,,,,,,,,,,,,,,,,,,,,,,,,,,,,,,,,,,,,,,,,,,,,,,,,,,,,,,,
Q06,2,1,1,0.31,,,,,,,,,,,,,,,,,,,,,,,,,,,,,,,,,,,,,,,,,,,,,,,,,,,,,,,,,,,,,,,,,,,,,,,,,,,,,,,,,,,,,,,,,,,,,,,,,,,,,,,,,,,,
Q07,2,1,1,0.52,,nation,2,0,never_instantiated,0,,,,,0,0,,customer,120469,0,never_instantiated,0,,,,,0,0,orders,,119259,0,never_instantiated,0,,,,,0,0,,nation,2,0,never_instantiated,0,,,,,0,0,lineitem,supplier,8010,0,never_instantiated,0,,,,,0,0,,,,,,,,,,,,,,,,,,,,,,,,,,,,,,,,,,,,,,,,,,,,,,,,
Q08,2,1,1,0.62,,region,1,0,never_instantiated,0,,,,,0,0,,nation,5,0,never_instantiated,0,,,,,0,0,,nation,25,0,never_instantiated,0,,,,,0,0,,supplier,100000,0,never_instantiated,0,,,,,0,0,customer,,24276,0,never_instantiated,0,,,,,0,0,orders,,24717,0,never_instantiated,0,,,,,0,0,lineitem,part,13452,0,never_instantiated,0,,,,,0,0,,,,,,,,,,,,,,,,,,,,,,,,
Q09,2,1,1,1.13,,nation,25,0,never_instantiated,0,,,,,0,0,,supplier,100000,0,never_instantiated,0,,,,,0,0,,orders,15000000,0,never_instantiated,0,,,,,0,0,,partsupp,8000000,0,never_instantiated,0,,,,,0,0,lineitem,part,108782,0,never_instantiated,0,,,,,0,0,,,,,,,,,,,,,,,,,,,,,,,,,,,,,,,,,,,,,,,,,,,,,,,,
Q10,2,1,1,0.62,,nation,25,0,never_instantiated,0,,,,,0,0,customer,,1147084,0,never_instantiated,0,,,,,0,0,lineitem,orders,573157,0,never_instantiated,0,,,,,0,0,,,,,,,,,,,,,,,,,,,,,,,,,,,,,,,,,,,,,,,,,,,,,,,,,,,,,,,,,,,,,,,,,,,,,,,,
Q11,2,1,1,0.21,,nation,1,0,never_instantiated,0,,,,,0,0,partsupp,supplier,4049,0,never_instantiated,0,,,,,0,0,partsupp,,4049,0,never_instantiated,0,,,,,0,0,supplier,nation,1,0,never_instantiated,0,,,,,0,0,,,,,,,,,,,,,,,,,,,,,,,,,,,,,,,,,,,,,,,,,,,,,,,,,,,,,,,,,,,,
Q12,2,1,1,0.41,orders,lineitem,310803,0,never_instantiated,0,,,,,0,0,,,,,,,,,,,,,,,,,,,,,,,,,,,,,,,,,,,,,,,,,,,,,,,,,,,,,,,,,,,,,,,,,,,,,,,,,,,,,,,,,,,,,,,,,,,,,,,,
Q13,2,1,1,0.93,orders,customer,1500000,0,never_instantiated,0,,,,,0,0,,,,,,,,,,,,,,,,,,,,,,,,,,,,,,,,,,,,,,,,,,,,,,,,,,,,,,,,,,,,,,,,,,,,,,,,,,,,,,,,,,,,,,,,,,,,,,,,
Q14,2,1,1,0.62,lineitem,part,2000000,0,never_instantiated,0,,,,,0,0,,,,,,,,,,,,,,,,,,,,,,,,,,,,,,,,,,,,,,,,,,,,,,,,,,,,,,,,,,,,,,,,,,,,,,,,,,,,,,,,,,,,,,,,,,,,,,,,
Q15,2,1,1,0.41,,,1,0,never_instantiated,0,,,,,0,0,supplier,,100000,0,never_instantiated,0,,,,,0,0,,,,,,,,,,,,,,,,,,,,,,,,,,,,,,,,,,,,,,,,,,,,,,,,,,,,,,,,,,,,,,,,,,,,,,,,,,,,,,,,,,,,
Q16,2,1,1,0.31,,supplier,56,0,never_instantiated,0,,,,,0,0,partsupp,,296824,0,never_instantiated,0,,,,,0,0,part,,8,0,never_instantiated,0,,,,,0,0,,,,,,,,,,,,,,,,,,,,,,,,,,,,,,,,,,,,,,,,,,,,,,,,,,,,,,,,,,,,,,,,,,,,,,,,
Q17,2,1,1,0.72,lineitem,part,2044,0,never_instantiated,0,,,,,0,0,,,61385,0,never_instantiated,0,,,,,0,0,lineitem,,2044,0,never_instantiated,0,,,,,0,0,,,,,,,,,,,,,,,,,,,,,,,,,,,,,,,,,,,,,,,,,,,,,,,,,,,,,,,,,,,,,,,,,,,,,,,,
Q18,2,1,1,2.16,,lineitem,624,0,never_instantiated,0,,,,,0,0,,customer,1499999,0,never_instantiated,0,,,,,0,0,lineitem,orders,15000000,0,never_instantiated,0,,,,,0,0,,,,,,,,,,,,,,,,,,,,,,,,,,,,,,,,,,,,,,,,,,,,,,,,,,,,,,,,,,,,,,,,,,,,,,,,
Q19,2,1,1,0.72,lineitem,part,2000000,0,never_instantiated,0,,,,,0,0,,,,,,,,,,,,,,,,,,,,,,,,,,,,,,,,,,,,,,,,,,,,,,,,,,,,,,,,,,,,,,,,,,,,,,,,,,,,,,,,,,,,,,,,,,,,,,,,
Q20,2,1,1,0.52,,,4054,0,never_instantiated,0,,,,,0,0,partsupp,part,21551,0,never_instantiated,0,,,,,0,0,,,3671,0,never_instantiated,0,,,,,0,0,lineitem,,3671,0,never_instantiated,0,,,,,0,0,supplier,nation,1,0,never_instantiated,0,,,,,0,0,,,,,,,,,,,,,,,,,,,,,,,,,,,,,,,,,,,,,,,,,,,,,,,,
Q21,2,1,1,1.44,orders,,1522366,0,never_instantiated,0,,,,,0,0,,nation,1,0,never_instantiated,0,,,,,0,0,lineitem,supplier,4010,0,never_instantiated,0,,,,,0,0,,,734523,0,never_instantiated,0,,,,,0,0,lineitem,,734511,0,never_instantiated,0,,,,,0,0,,,707593,0,never_instantiated,0,,,,,0,0,lineitem,,707581,0,never_instantiated,0,,,,,0,0,,,,,,,,,,,,,,,,,,,,,,,,
Q22,2,1,1,0.31,,,190691,0,never_instantiated,0,,,,,0,0,orders,,190691,0,never_instantiated,0,,,,,0,0,,,,,,,,,,,,,,,,,,,,,,,,,,,,,,,,,,,,,,,,,,,,,,,,,,,,,,,,,,,,,,,,,,,,,,,,,,,,,,,,,,,,
Q01,2,2,1,0.52,,,,,,,,,,,,,,,,,,,,,,,,,,,,,,,,,,,,,,,,,,,,,,,,,,,,,,,,,,,,,,,,,,,,,,,,,,,,,,,,,,,,,,,,,,,,,,,,,,,,,,,,,,,,
Q02,2,2,1,0.21,,region,1,0,never_instantiated,0,,,,,0,0,,nation,5,0,never_instantiated,0,,,,,0,0,supplier,,6362,0,never_instantiated,0,,,,,0,0,partsupp,part,7854,0,never_instantiated,0,,,,,0,0,,,6351,0,never_instantiated,0,,,,,0,0,,,4667,0,never_instantiated,0,,,,,0,0,,region,1,0,never_instantiated,0,,,,,0,0,,nation,5,0,never_instantiated,0,,,,,0,0,partsupp,supplier,20033,0,never_instantiated,0,,,,,0,0
Q03,2,2,1,0.41,,customer,300275,0,never_instantiated,0,,,,,0,0,lineitem,orders,1463240,0,never_instantiated,0,,,,,0,0,,,,,,,,,,,,,,,,,,,,,,,,,,,,,,,,,,,,,,,,,,,,,,,,,,,,,,,,,,,,,,,,,,,,,,,,,,,,,,,,,,,,
Q04,2,2,1,0.62,,,573671,0,never_instantiated,0,,,,,0,0,lineitem,,573671,0,never_instantiated,0,,,,,0,0,,,,,,,,,,,,,,,,,,,,,,,,,,,,,,,,,,,,,,,,,,,,,,,,,,,,,,,,,,,,,,,,,,,,,,,,,,,,,,,,,,,,
Q05,2,2,1,0.82,,region,1,0,never_instantiated,0,,,,,0,0,,supplier,100000,0,never_instantiated,0,,,,,0,0,,nation,5,0,never_instantiated,0,,,,,0,0,,customer,300270,0,never_instantiated,0,,,,,0,0,lineitem,orders,457191,0,never_instantiated,0,,,,,0,0,,,,,,,,,,,,,,,,,,,,,,,,,,,,,,,,,,,,,,,,,,,,,,,,
Q06,2,2,1,0.31,,,,,,,,,,,,,,,,,,,,,,,,,,,,,,,,,,,,,,,,,,,,,,,,,,,,,,,,,,,,,,,,,,,,,,,,,,,,,,,,,,,,,,,,,,,,,,,,,,,,,,,,,,,,
Q07,2,2,1,0.52,,nation,2,0,never_instantiated,0,,,,,0,0,,supplier,8010,0,never_instantiated,0,,,,,0,0,,nation,2,0,never_instantiated,0,,,,,0,0,,customer,120469,0,never_instantiated,0,,,,,0,0,lineitem,orders,1226777,0,never_instantiated,0,,,,,0,0,,,,,,,,,,,,,,,,,,,,,,,,,,,,,,,,,,,,,,,,,,,,,,,,
Q08,2,2,1,0.62,,region,1,0,never_instantiated,0,,,,,0,0,,nation,5,0,never_instantiated,0,,,,,0,0,customer,,24276,0,never_instantiated,0,,,,,0,0,,part,13452,0,never_instantiated,0,,,,,0,0,,orders,911192,0,never_instantiated,0,,,,,0,0,,nation,25,0,never_instantiated,0,,,,,0,0,lineitem,supplier,100000,0,never_instantiated,0,,,,,0,0,,,,,,,,,,,,,,,,,,,,,,,,
Q09,2,2,1,0.93,,nation,25,0,never_instantiated,0,,,,,0,0,,supplier,100000,0,never_instantiated,0,,,,,0,0,,part,108782,0,never_instantiated,0,,,,,0,0,,orders,15000000,0,never_instantiated,0,,,,,0,0,lineitem,partsupp,442524,0,never_instantiated,0,,,,,0,0,,,,,,,,,,,,,,,,,,,,,,,,,,,,,,,,,,,,,,,,,,,,,,,,
Q10,2,2,1,0.62,,nation,25,0,never_instantiated,0,,,,,0,0,customer,,1147084,0,never_instantiated,0,,,,,0,0,lineitem,orders,573157,0,never_instantiated,0,,,,,0,0,,,,,,,,,,,,,,,,,,,,,,,,,,,,,,,,,,,,,,,,,,,,,,,,,,,,,,,,,,,,,,,,,,,,,,,,
Q11,2,2,1,0.21,partsupp,,4049,0,never_instantiated,0,,,,,0,0,supplier,nation,1,0,never_instantiated,0,,,,,0,0,partsupp,,4049,0,never_instantiated,0,,,,,0,0,supplier,nation,1,0,never_instantiated,0,,,,,0,0,,,,,,,,,,,,,,,,,,,,,,,,,,,,,,,,,,,,,,,,,,,,,,,,,,,,,,,,,,,,
Q12,2,2,1,0.41,orders,lineitem,310803,0,never_instantiated,0,,,,,0,0,,,,,,,,,,,,,,,,,,,,,,,,,,,,,,,,,,,,,,,,,,,,,,,,,,,,,,,,,,,,,,,,,,,,,,,,,,,,,,,,,,,,,,,,,,,,,,,,
Q13,2,2,1,0.93,orders,customer,1500000,0,never_instantiated,0,,,,,0,0,,,,,,,,,,,,,,,,,,,,,,,,,,,,,,,,,,,,,,,,,,,,,,,,,,,,,,,,,,,,,,,,,,,,,,,,,,,,,,,,,,,,,,,,,,,,,,,,
Q14,2,2,1,0.62,lineitem,part,2000000,0,never_instantiated,0,,,,,0,0,,,,,,,,,,,,,,,,,,,,,,,,,,,,,,,,,,,,,,,,,,,,,,,,,,,,,,,,,,,,,,,,,,,,,,,,,,,,,,,,,,,,,,,,,,,,,,,,
Q15,2,2,1,0.41,,,1,0,never_instantiated,0,,,,,0,0,supplier,,100000,0,never_instantiated,0,,,,,0,0,,,,,,,,,,,,,,,,,,,,,,,,,,,,,,,,,,,,,,,,,,,,,,,,,,,,,,,,,,,,,,,,,,,,,,,,,,,,,,,,,,,,
Q16,2,2,1,0.31,,supplier,56,0,never_instantiated,0,,,,,0,0,partsupp,,296824,0,never_instantiated,0,,,,,0,0,part,,8,0,never_instantiated,0,,,,,0,0,,,,,,,,,,,,,,,,,,,,,,,,,,,,,,,,,,,,,,,,,,,,,,,,,,,,,,,,,,,,,,,,,,,,,,,,
Q17,2,2,1,0.72,lineitem,part,2044,0,never_instantiated,0,,,,,0,0,,,61385,0,never_instantiated,0,,,,,0,0,lineitem,,2044,0,never_instantiated,0,,,,,0,0,,,,,,,,,,,,,,,,,,,,,,,,,,,,,,,,,,,,,,,,,,,,,,,,,,,,,,,,,,,,,,,,,,,,,,,,
Q18,2,2,1,2.16,,lineitem,624,0,never_instantiated,0,,,,,0,0,,customer,1499999,0,never_instantiated,0,,,,,0,0,lineitem,orders,15000000,0,never_instantiated,0,,,,,0,0,,,,,,,,,,,,,,,,,,,,,,,,,,,,,,,,,,,,,,,,,,,,,,,,,,,,,,,,,,,,,,,,,,,,,,,,
Q19,2,2,1,0.72,lineitem,part,2000000,0,never_instantiated,0,,,,,0,0,,,,,,,,,,,,,,,,,,,,,,,,,,,,,,,,,,,,,,,,,,,,,,,,,,,,,,,,,,,,,,,,,,,,,,,,,,,,,,,,,,,,,,,,,,,,,,,,
Q20,2,2,1,0.52,,,4054,0,never_instantiated,0,,,,,0,0,partsupp,part,21551,0,never_instantiated,0,,,,,0,0,,,3671,0,never_instantiated,0,,,,,0,0,lineitem,,3671,0,never_instantiated,0,,,,,0,0,supplier,nation,1,0,never_instantiated,0,,,,,0,0,,,,,,,,,,,,,,,,,,,,,,,,,,,,,,,,,,,,,,,,,,,,,,,,
Q21,2,2,1,1.44,,nation,1,0,never_instantiated,0,,,,,0,0,,supplier,4010,0,never_instantiated,0,,,,,0,0,lineitem,orders,7309184,0,never_instantiated,0,,,,,0,0,,,734523,0,never_instantiated,0,,,,,0,0,lineitem,,734511,0,never_instantiated,0,,,,,0,0,,,707593,0,never_instantiated,0,,,,,0,0,lineitem,,707581,0,never_instantiated,0,,,,,0,0,,,,,,,,,,,,,,,,,,,,,,,,
Q22,2,2,1,0.31,,,190691,0,never_instantiated,0,,,,,0,0,orders,,190691,0,never_instantiated,0,,,,,0,0,,,,,,,,,,,,,,,,,,,,,,,,,,,,,,,,,,,,,,,,,,,,,,,,,,,,,,,,,,,,,,,,,,,,,,,,,,,,,,,,,,,,
Q01,2,3,1,0.52,,,,,,,,,,,,,,,,,,,,,,,,,,,,,,,,,,,,,,,,,,,,,,,,,,,,,,,,,,,,,,,,,,,,,,,,,,,,,,,,,,,,,,,,,,,,,,,,,,,,,,,,,,,,
Q02,2,3,1,0.21,,region,1,0,never_instantiated,0,,,,,0,0,,nation,5,0,never_instantiated,0,,,,,0,0,,part,7854,0,never_instantiated,0,,,,,0,0,partsupp,supplier,20033,0,never_instantiated,0,,,,,0,0,,,6351,0,never_instantiated,0,,,,,0,0,,,4667,0,never_instantiated,0,,,,,0,0,,region,1,0,never_instantiated,0,,,,,0,0,partsupp,,20033,0,never_instantiated,0,,,,,0,0,supplier,nation,5,0,never_instantiated,0,,,,,0,0
Q03,2,3,1,0.82,,customer,300275,0,never_instantiated,0,,,,,0,0,lineitem,orders,7289442,0,never_instantiated,0,,,,,0,0,,,,,,,,,,,,,,,,,,,,,,,,,,,,,,,,,,,,,,,,,,,,,,,,,,,,,,,,,,,,,,,,,,,,,,,,,,,,,,,,,,,,
Q04,2,3,1,0.52,,,573671,0,never_instantiated,0,,,,,0,0,lineitem,,573671,0,never_instantiated,0,,,,,0,0,,,,,,,,,,,,,,,,,,,,,,,,,,,,,,,,,,,,,,,,,,,,,,,,,,,,,,,,,,,,,,,,,,,,,,,,,,,,,,,,,,,,
Q05,2,3,1,9999999,,,,,,,,,,,,,,,,,,,,,,,,,,,,,,,,,,,,,,,,,,,,,,,,,,,,,,,,,,,,,,,,,,,,,,,,,,,,,,,,,,,,,,,,,,,,,,,,,,,,,,,,,,,,
Q06,2,3,1,0.31,,,,,,,,,,,,,,,,,,,,,,,,,,,,,,,,,,,,,,,,,,,,,,,,,,,,,,,,,,,,,,,,,,,,,,,,,,,,,,,,,,,,,,,,,,,,,,,,,,,,,,,,,,,,
Q07,2,3,1,0.52,,nation,2,0,never_instantiated,0,,,,,0,0,,customer,120469,0,never_instantiated,0,,,,,0,0,,nation,2,0,never_instantiated,0,,,,,0,0,orders,,119259,0,never_instantiated,0,,,,,0,0,lineitem,supplier,8010,0,never_instantiated,0,,,,,0,0,,,,,,,,,,,,,,,,,,,,,,,,,,,,,,,,,,,,,,,,,,,,,,,,
Q08,2,3,1,0.62,,region,1,0,never_instantiated,0,,,,,0,0,,nation,25,0,never_instantiated,0,,,,,0,0,,part,13452,0,never_instantiated,0,,,,,0,0,,nation,5,0,never_instantiated,0,,,,,0,0,,supplier,100000,0,never_instantiated,0,,,,,0,0,,customer,299435,0,never_instantiated,0,,,,,0,0,lineitem,orders,911192,0,never_instantiated,0,,,,,0,0,,,,,,,,,,,,,,,,,,,,,,,,
Q09,2,3,1,0.93,,orders,15000000,0,never_instantiated,0,,,,,0,0,,nation,25,0,never_instantiated,0,,,,,0,0,,part,108782,0,never_instantiated,0,,,,,0,0,,partsupp,442524,0,never_instantiated,0,,,,,0,0,lineitem,supplier,100000,0,never_instantiated,0,,,,,0,0,,,,,,,,,,,,,,,,,,,,,,,,,,,,,,,,,,,,,,,,,,,,,,,,
Q10,2,3,1,0.62,,nation,25,0,never_instantiated,0,,,,,0,0,customer,,1147084,0,never_instantiated,0,,,,,0,0,lineitem,orders,573157,0,never_instantiated,0,,,,,0,0,,,,,,,,,,,,,,,,,,,,,,,,,,,,,,,,,,,,,,,,,,,,,,,,,,,,,,,,,,,,,,,,,,,,,,,,
Q11,2,3,1,0.21,,nation,1,0,never_instantiated,0,,,,,0,0,partsupp,supplier,4049,0,never_instantiated,0,,,,,0,0,partsupp,,4049,0,never_instantiated,0,,,,,0,0,supplier,nation,1,0,never_instantiated,0,,,,,0,0,,,,,,,,,,,,,,,,,,,,,,,,,,,,,,,,,,,,,,,,,,,,,,,,,,,,,,,,,,,,
Q12,2,3,1,0.41,orders,lineitem,310803,0,never_instantiated,0,,,,,0,0,,,,,,,,,,,,,,,,,,,,,,,,,,,,,,,,,,,,,,,,,,,,,,,,,,,,,,,,,,,,,,,,,,,,,,,,,,,,,,,,,,,,,,,,,,,,,,,,
Q13,2,3,1,0.93,orders,customer,1500000,0,never_instantiated,0,,,,,0,0,,,,,,,,,,,,,,,,,,,,,,,,,,,,,,,,,,,,,,,,,,,,,,,,,,,,,,,,,,,,,,,,,,,,,,,,,,,,,,,,,,,,,,,,,,,,,,,,
Q14,2,3,1,0.62,lineitem,part,2000000,0,never_instantiated,0,,,,,0,0,,,,,,,,,,,,,,,,,,,,,,,,,,,,,,,,,,,,,,,,,,,,,,,,,,,,,,,,,,,,,,,,,,,,,,,,,,,,,,,,,,,,,,,,,,,,,,,,
Q15,2,3,1,0.41,,,1,0,never_instantiated,0,,,,,0,0,supplier,,100000,0,never_instantiated,0,,,,,0,0,,,,,,,,,,,,,,,,,,,,,,,,,,,,,,,,,,,,,,,,,,,,,,,,,,,,,,,,,,,,,,,,,,,,,,,,,,,,,,,,,,,,
Q16,2,3,1,0.31,,supplier,56,0,never_instantiated,0,,,,,0,0,partsupp,,296824,0,never_instantiated,0,,,,,0,0,part,,8,0,never_instantiated,0,,,,,0,0,,,,,,,,,,,,,,,,,,,,,,,,,,,,,,,,,,,,,,,,,,,,,,,,,,,,,,,,,,,,,,,,,,,,,,,,
Q17,2,3,1,0.72,lineitem,part,2044,0,never_instantiated,0,,,,,0,0,,,61385,0,never_instantiated,0,,,,,0,0,lineitem,,2044,0,never_instantiated,0,,,,,0,0,,,,,,,,,,,,,,,,,,,,,,,,,,,,,,,,,,,,,,,,,,,,,,,,,,,,,,,,,,,,,,,,,,,,,,,,
Q18,2,3,1,2.16,,lineitem,624,0,never_instantiated,0,,,,,0,0,,customer,1499999,0,never_instantiated,0,,,,,0,0,lineitem,orders,15000000,0,never_instantiated,0,,,,,0,0,,,,,,,,,,,,,,,,,,,,,,,,,,,,,,,,,,,,,,,,,,,,,,,,,,,,,,,,,,,,,,,,,,,,,,,,
Q19,2,3,1,0.72,lineitem,part,2000000,0,never_instantiated,0,,,,,0,0,,,,,,,,,,,,,,,,,,,,,,,,,,,,,,,,,,,,,,,,,,,,,,,,,,,,,,,,,,,,,,,,,,,,,,,,,,,,,,,,,,,,,,,,,,,,,,,,
Q20,2,3,1,0.52,,,4054,0,never_instantiated,0,,,,,0,0,partsupp,part,21551,0,never_instantiated,0,,,,,0,0,,,3671,0,never_instantiated,0,,,,,0,0,lineitem,,3671,0,never_instantiated,0,,,,,0,0,supplier,nation,1,0,never_instantiated,0,,,,,0,0,,,,,,,,,,,,,,,,,,,,,,,,,,,,,,,,,,,,,,,,,,,,,,,,
Q21,2,3,1,1.44,,nation,1,0,never_instantiated,0,,,,,0,0,,orders,7309184,0,never_instantiated,0,,,,,0,0,lineitem,supplier,4010,0,never_instantiated,0,,,,,0,0,,,734523,0,never_instantiated,0,,,,,0,0,lineitem,,734511,0,never_instantiated,0,,,,,0,0,,,707593,0,never_instantiated,0,,,,,0,0,lineitem,,707581,0,never_instantiated,0,,,,,0,0,,,,,,,,,,,,,,,,,,,,,,,,
Q22,2,3,1,0.31,,,190691,0,never_instantiated,0,,,,,0,0,orders,,190691,0,never_instantiated,0,,,,,0,0,,,,,,,,,,,,,,,,,,,,,,,,,,,,,,,,,,,,,,,,,,,,,,,,,,,,,,,,,,,,,,,,,,,,,,,,,,,,,,,,,,,,
Q01,2,4,1,0.52,,,,,,,,,,,,,,,,,,,,,,,,,,,,,,,,,,,,,,,,,,,,,,,,,,,,,,,,,,,,,,,,,,,,,,,,,,,,,,,,,,,,,,,,,,,,,,,,,,,,,,,,,,,,
Q02,2,4,1,0.21,,region,1,0,never_instantiated,0,,,,,0,0,,nation,5,0,never_instantiated,0,,,,,0,0,supplier,,6362,0,never_instantiated,0,,,,,0,0,partsupp,part,7854,0,never_instantiated,0,,,,,0,0,,,6351,0,never_instantiated,0,,,,,0,0,,,4667,0,never_instantiated,0,,,,,0,0,,region,1,0,never_instantiated,0,,,,,0,0,partsupp,,20033,0,never_instantiated,0,,,,,0,0,supplier,nation,5,0,never_instantiated,0,,,,,0,0
Q03,2,4,1,0.41,,customer,300275,0,never_instantiated,0,,,,,0,0,lineitem,orders,1463240,0,never_instantiated,0,,,,,0,0,,,,,,,,,,,,,,,,,,,,,,,,,,,,,,,,,,,,,,,,,,,,,,,,,,,,,,,,,,,,,,,,,,,,,,,,,,,,,,,,,,,,
Q04,2,4,1,0.62,,,573671,0,never_instantiated,0,,,,,0,0,lineitem,,573671,0,never_instantiated,0,,,,,0,0,,,,,,,,,,,,,,,,,,,,,,,,,,,,,,,,,,,,,,,,,,,,,,,,,,,,,,,,,,,,,,,,,,,,,,,,,,,,,,,,,,,,
Q05,2,4,1,1.03,,region,1,0,never_instantiated,0,,,,,0,0,,nation,5,0,never_instantiated,0,,,,,0,0,,supplier,100000,0,never_instantiated,0,,,,,0,0,,customer,300270,0,never_instantiated,0,,,,,0,0,lineitem,orders,2275919,0,never_instantiated,0,,,,,0,0,,,,,,,,,,,,,,,,,,,,,,,,,,,,,,,,,,,,,,,,,,,,,,,,
Q06,2,4,1,0.31,,,,,,,,,,,,,,,,,,,,,,,,,,,,,,,,,,,,,,,,,,,,,,,,,,,,,,,,,,,,,,,,,,,,,,,,,,,,,,,,,,,,,,,,,,,,,,,,,,,,,,,,,,,,
Q07,2,4,1,0.52,,nation,2,0,never_instantiated,0,,,,,0,0,,nation,2,0,never_instantiated,0,,,,,0,0,,supplier,8010,0,never_instantiated,0,,,,,0,0,,customer,120469,0,never_instantiated,0,,,,,0,0,lineitem,orders,1226777,0,never_instantiated,0,,,,,0,0,,,,,,,,,,,,,,,,,,,,,,,,,,,,,,,,,,,,,,,,,,,,,,,,
Q08,2,4,1,0.62,,region,1,0,never_instantiated,0,,,,,0,0,,nation,25,0,never_instantiated,0,,,,,0,0,,nation,5,0,never_instantiated,0,,,,,0,0,customer,,24276,0,never_instantiated,0,,,,,0,0,,supplier,100000,0,never_instantiated,0,,,,,0,0,orders,,24717,0,never_instantiated,0,,,,,0,0,lineitem,part,13452,0,never_instantiated,0,,,,,0,0,,,,,,,,,,,,,,,,,,,,,,,,
Q09,2,4,1,1.85,,partsupp,8000000,0,never_instantiated,0,,,,,0,0,,nation,25,0,never_instantiated,0,,,,,0,0,,part,108782,0,never_instantiated,0,,,,,0,0,,supplier,100000,0,never_instantiated,0,,,,,0,0,lineitem,orders,15000000,0,never_instantiated,0,,,,,0,0,,,,,,,,,,,,,,,,,,,,,,,,,,,,,,,,,,,,,,,,,,,,,,,,
Q10,2,4,1,0.62,,nation,25,0,never_instantiated,0,,,,,0,0,customer,,1147084,0,never_instantiated,0,,,,,0,0,lineitem,orders,573157,0,never_instantiated,0,,,,,0,0,,,,,,,,,,,,,,,,,,,,,,,,,,,,,,,,,,,,,,,,,,,,,,,,,,,,,,,,,,,,,,,,,,,,,,,,
Q11,2,4,1,0.21,partsupp,,4049,0,never_instantiated,0,,,,,0,0,supplier,nation,1,0,never_instantiated,0,,,,,0,0,,nation,1,0,never_instantiated,0,,,,,0,0,partsupp,supplier,4049,0,never_instantiated,0,,,,,0,0,,,,,,,,,,,,,,,,,,,,,,,,,,,,,,,,,,,,,,,,,,,,,,,,,,,,,,,,,,,,
Q12,2,4,1,0.41,orders,lineitem,310803,0,never_instantiated,0,,,,,0,0,,,,,,,,,,,,,,,,,,,,,,,,,,,,,,,,,,,,,,,,,,,,,,,,,,,,,,,,,,,,,,,,,,,,,,,,,,,,,,,,,,,,,,,,,,,,,,,,
Q13,2,4,1,0.93,orders,customer,1500000,0,never_instantiated,0,,,,,0,0,,,,,,,,,,,,,,,,,,,,,,,,,,,,,,,,,,,,,,,,,,,,,,,,,,,,,,,,,,,,,,,,,,,,,,,,,,,,,,,,,,,,,,,,,,,,,,,,
Q14,2,4,1,0.62,lineitem,part,2000000,0,never_instantiated,0,,,,,0,0,,,,,,,,,,,,,,,,,,,,,,,,,,,,,,,,,,,,,,,,,,,,,,,,,,,,,,,,,,,,,,,,,,,,,,,,,,,,,,,,,,,,,,,,,,,,,,,,
Q15,2,4,1,0.41,,,1,0,never_instantiated,0,,,,,0,0,supplier,,100000,0,never_instantiated,0,,,,,0,0,,,,,,,,,,,,,,,,,,,,,,,,,,,,,,,,,,,,,,,,,,,,,,,,,,,,,,,,,,,,,,,,,,,,,,,,,,,,,,,,,,,,
Q16,2,4,1,0.31,,supplier,56,0,never_instantiated,0,,,,,0,0,partsupp,,296824,0,never_instantiated,0,,,,,0,0,part,,8,0,never_instantiated,0,,,,,0,0,,,,,,,,,,,,,,,,,,,,,,,,,,,,,,,,,,,,,,,,,,,,,,,,,,,,,,,,,,,,,,,,,,,,,,,,
Q17,2,4,1,0.72,lineitem,part,2044,0,never_instantiated,0,,,,,0,0,,,61385,0,never_instantiated,0,,,,,0,0,lineitem,,2044,0,never_instantiated,0,,,,,0,0,,,,,,,,,,,,,,,,,,,,,,,,,,,,,,,,,,,,,,,,,,,,,,,,,,,,,,,,,,,,,,,,,,,,,,,,
Q18,2,4,1,2.16,,lineitem,624,0,never_instantiated,0,,,,,0,0,,customer,1499999,0,never_instantiated,0,,,,,0,0,lineitem,orders,15000000,0,never_instantiated,0,,,,,0,0,,,,,,,,,,,,,,,,,,,,,,,,,,,,,,,,,,,,,,,,,,,,,,,,,,,,,,,,,,,,,,,,,,,,,,,,
Q19,2,4,1,0.72,lineitem,part,2000000,0,never_instantiated,0,,,,,0,0,,,,,,,,,,,,,,,,,,,,,,,,,,,,,,,,,,,,,,,,,,,,,,,,,,,,,,,,,,,,,,,,,,,,,,,,,,,,,,,,,,,,,,,,,,,,,,,,
Q20,2,4,1,0.52,,,4054,0,never_instantiated,0,,,,,0,0,partsupp,part,21551,0,never_instantiated,0,,,,,0,0,,,3671,0,never_instantiated,0,,,,,0,0,lineitem,,3671,0,never_instantiated,0,,,,,0,0,supplier,nation,1,0,never_instantiated,0,,,,,0,0,,,,,,,,,,,,,,,,,,,,,,,,,,,,,,,,,,,,,,,,,,,,,,,,
Q21,2,4,1,1.44,,nation,1,0,never_instantiated,0,,,,,0,0,,supplier,4010,0,never_instantiated,0,,,,,0,0,lineitem,orders,7309184,0,never_instantiated,0,,,,,0,0,,,734523,0,never_instantiated,0,,,,,0,0,lineitem,,734511,0,never_instantiated,0,,,,,0,0,,,707593,0,never_instantiated,0,,,,,0,0,lineitem,,707581,0,never_instantiated,0,,,,,0,0,,,,,,,,,,,,,,,,,,,,,,,,
Q22,2,4,1,0.31,,,190691,0,never_instantiated,0,,,,,0,0,orders,,190691,0,never_instantiated,0,,,,,0,0,,,,,,,,,,,,,,,,,,,,,,,,,,,,,,,,,,,,,,,,,,,,,,,,,,,,,,,,,,,,,,,,,,,,,,,,,,,,,,,,,,,,
Q01,2,5,1,0.52,,,,,,,,,,,,,,,,,,,,,,,,,,,,,,,,,,,,,,,,,,,,,,,,,,,,,,,,,,,,,,,,,,,,,,,,,,,,,,,,,,,,,,,,,,,,,,,,,,,,,,,,,,,,
Q02,2,5,1,0.21,,region,1,0,never_instantiated,0,,,,,0,0,,nation,5,0,never_instantiated,0,,,,,0,0,,part,7854,0,never_instantiated,0,,,,,0,0,partsupp,supplier,20033,0,never_instantiated,0,,,,,0,0,,,6351,0,never_instantiated,0,,,,,0,0,,,4667,0,never_instantiated,0,,,,,0,0,,region,1,0,never_instantiated,0,,,,,0,0,,nation,5,0,never_instantiated,0,,,,,0,0,partsupp,supplier,20033,0,never_instantiated,0,,,,,0,0
Q03,2,5,1,0.52,,customer,300275,0,never_instantiated,0,,,,,0,0,lineitem,orders,1463240,0,never_instantiated,0,,,,,0,0,,,,,,,,,,,,,,,,,,,,,,,,,,,,,,,,,,,,,,,,,,,,,,,,,,,,,,,,,,,,,,,,,,,,,,,,,,,,,,,,,,,,
Q04,2,5,1,0.52,,,573671,0,never_instantiated,0,,,,,0,0,lineitem,,573671,0,never_instantiated,0,,,,,0,0,,,,,,,,,,,,,,,,,,,,,,,,,,,,,,,,,,,,,,,,,,,,,,,,,,,,,,,,,,,,,,,,,,,,,,,,,,,,,,,,,,,,
Q05,2,5,1,9999999,,,,,,,,,,,,,,,,,,,,,,,,,,,,,,,,,,,,,,,,,,,,,,,,,,,,,,,,,,,,,,,,,,,,,,,,,,,,,,,,,,,,,,,,,,,,,,,,,,,,,,,,,,,,
Q06,2,5,1,0.31,,,,,,,,,,,,,,,,,,,,,,,,,,,,,,,,,,,,,,,,,,,,,,,,,,,,,,,,,,,,,,,,,,,,,,,,,,,,,,,,,,,,,,,,,,,,,,,,,,,,,,,,,,,,
Q07,2,5,1,0.52,,nation,2,0,never_instantiated,0,,,,,0,0,,customer,120469,0,never_instantiated,0,,,,,0,0,,nation,2,0,never_instantiated,0,,,,,0,0,orders,,119259,0,never_instantiated,0,,,,,0,0,lineitem,supplier,8010,0,never_instantiated,0,,,,,0,0,,,,,,,,,,,,,,,,,,,,,,,,,,,,,,,,,,,,,,,,,,,,,,,,
Q08,2,5,1,0.52,,region,1,0,never_instantiated,0,,,,,0,0,,nation,5,0,never_instantiated,0,,,,,0,0,,part,13452,0,never_instantiated,0,,,,,0,0,,customer,299435,0,never_instantiated,0,,,,,0,0,,orders,911192,0,never_instantiated,0,,,,,0,0,,nation,25,0,never_instantiated,0,,,,,0,0,lineitem,supplier,100000,0,never_instantiated,0,,,,,0,0,,,,,,,,,,,,,,,,,,,,,,,,
Q09,2,5,1,1.13,,nation,25,0,never_instantiated,0,,,,,0,0,,supplier,100000,0,never_instantiated,0,,,,,0,0,,partsupp,8000000,0,never_instantiated,0,,,,,0,0,,orders,15000000,0,never_instantiated,0,,,,,0,0,lineitem,part,108782,0,never_instantiated,0,,,,,0,0,,,,,,,,,,,,,,,,,,,,,,,,,,,,,,,,,,,,,,,,,,,,,,,,
Q10,2,5,1,0.62,,nation,25,0,never_instantiated,0,,,,,0,0,customer,,1147084,0,never_instantiated,0,,,,,0,0,lineitem,orders,573157,0,never_instantiated,0,,,,,0,0,,,,,,,,,,,,,,,,,,,,,,,,,,,,,,,,,,,,,,,,,,,,,,,,,,,,,,,,,,,,,,,,,,,,,,,,
Q11,2,5,1,0.21,,nation,1,0,never_instantiated,0,,,,,0,0,partsupp,supplier,4049,0,never_instantiated,0,,,,,0,0,partsupp,,4049,0,never_instantiated,0,,,,,0,0,supplier,nation,1,0,never_instantiated,0,,,,,0,0,,,,,,,,,,,,,,,,,,,,,,,,,,,,,,,,,,,,,,,,,,,,,,,,,,,,,,,,,,,,
Q12,2,5,1,0.41,orders,lineitem,310803,0,never_instantiated,0,,,,,0,0,,,,,,,,,,,,,,,,,,,,,,,,,,,,,,,,,,,,,,,,,,,,,,,,,,,,,,,,,,,,,,,,,,,,,,,,,,,,,,,,,,,,,,,,,,,,,,,,
Q13,2,5,1,0.93,orders,customer,1500000,0,never_instantiated,0,,,,,0,0,,,,,,,,,,,,,,,,,,,,,,,,,,,,,,,,,,,,,,,,,,,,,,,,,,,,,,,,,,,,,,,,,,,,,,,,,,,,,,,,,,,,,,,,,,,,,,,,
Q14,2,5,1,0.62,lineitem,part,2000000,0,never_instantiated,0,,,,,0,0,,,,,,,,,,,,,,,,,,,,,,,,,,,,,,,,,,,,,,,,,,,,,,,,,,,,,,,,,,,,,,,,,,,,,,,,,,,,,,,,,,,,,,,,,,,,,,,,
Q15,2,5,1,0.41,,,1,0,never_instantiated,0,,,,,0,0,supplier,,100000,0,never_instantiated,0,,,,,0,0,,,,,,,,,,,,,,,,,,,,,,,,,,,,,,,,,,,,,,,,,,,,,,,,,,,,,,,,,,,,,,,,,,,,,,,,,,,,,,,,,,,,
Q16,2,5,1,0.31,,supplier,56,0,never_instantiated,0,,,,,0,0,partsupp,,296824,0,never_instantiated,0,,,,,0,0,part,,8,0,never_instantiated,0,,,,,0,0,,,,,,,,,,,,,,,,,,,,,,,,,,,,,,,,,,,,,,,,,,,,,,,,,,,,,,,,,,,,,,,,,,,,,,,,
Q17,2,5,1,0.72,lineitem,part,2044,0,never_instantiated,0,,,,,0,0,,,61385,0,never_instantiated,0,,,,,0,0,lineitem,,2044,0,never_instantiated,0,,,,,0,0,,,,,,,,,,,,,,,,,,,,,,,,,,,,,,,,,,,,,,,,,,,,,,,,,,,,,,,,,,,,,,,,,,,,,,,,
Q18,2,5,1,2.16,,lineitem,624,0,never_instantiated,0,,,,,0,0,,customer,1499999,0,never_instantiated,0,,,,,0,0,lineitem,orders,15000000,0,never_instantiated,0,,,,,0,0,,,,,,,,,,,,,,,,,,,,,,,,,,,,,,,,,,,,,,,,,,,,,,,,,,,,,,,,,,,,,,,,,,,,,,,,
Q19,2,5,1,0.72,lineitem,part,2000000,0,never_instantiated,0,,,,,0,0,,,,,,,,,,,,,,,,,,,,,,,,,,,,,,,,,,,,,,,,,,,,,,,,,,,,,,,,,,,,,,,,,,,,,,,,,,,,,,,,,,,,,,,,,,,,,,,,
Q20,2,5,1,0.52,,,4054,0,never_instantiated,0,,,,,0,0,partsupp,part,21551,0,never_instantiated,0,,,,,0,0,,,3671,0,never_instantiated,0,,,,,0,0,lineitem,,3671,0,never_instantiated,0,,,,,0,0,supplier,nation,1,0,never_instantiated,0,,,,,0,0,,,,,,,,,,,,,,,,,,,,,,,,,,,,,,,,,,,,,,,,,,,,,,,,
Q21,2,5,1,1.44,,nation,1,0,never_instantiated,0,,,,,0,0,,orders,7309184,0,never_instantiated,0,,,,,0,0,lineitem,supplier,4010,0,never_instantiated,0,,,,,0,0,,,734523,0,never_instantiated,0,,,,,0,0,lineitem,,734511,0,never_instantiated,0,,,,,0,0,,,707593,0,never_instantiated,0,,,,,0,0,lineitem,,707581,0,never_instantiated,0,,,,,0,0,,,,,,,,,,,,,,,,,,,,,,,,
Q22,2,5,1,0.31,,,190691,0,never_instantiated,0,,,,,0,0,orders,,190691,0,never_instantiated,0,,,,,0,0,,,,,,,,,,,,,,,,,,,,,,,,,,,,,,,,,,,,,,,,,,,,,,,,,,,,,,,,,,,,,,,,,,,,,,,,,,,,,,,,,,,,
Q01,2,6,1,0.51,,,,,,,,,,,,,,,,,,,,,,,,,,,,,,,,,,,,,,,,,,,,,,,,,,,,,,,,,,,,,,,,,,,,,,,,,,,,,,,,,,,,,,,,,,,,,,,,,,,,,,,,,,,,
Q02,2,6,1,0.21,,region,1,0,never_instantiated,0,,,,,0,0,,nation,5,0,never_instantiated,0,,,,,0,0,supplier,,6362,0,never_instantiated,0,,,,,0,0,partsupp,part,7854,0,never_instantiated,0,,,,,0,0,,,6351,0,never_instantiated,0,,,,,0,0,,,4667,0,never_instantiated,0,,,,,0,0,,region,1,0,never_instantiated,0,,,,,0,0,partsupp,,20033,0,never_instantiated,0,,,,,0,0,supplier,nation,5,0,never_instantiated,0,,,,,0,0
Q03,2,6,1,0.41,,customer,300275,0,never_instantiated,0,,,,,0,0,lineitem,orders,1463240,0,never_instantiated,0,,,,,0,0,,,,,,,,,,,,,,,,,,,,,,,,,,,,,,,,,,,,,,,,,,,,,,,,,,,,,,,,,,,,,,,,,,,,,,,,,,,,,,,,,,,,
Q04,2,6,1,0.62,,,573671,0,never_instantiated,0,,,,,0,0,lineitem,,573671,0,never_instantiated,0,,,,,0,0,,,,,,,,,,,,,,,,,,,,,,,,,,,,,,,,,,,,,,,,,,,,,,,,,,,,,,,,,,,,,,,,,,,,,,,,,,,,,,,,,,,,
Q05,2,6,1,1.03,,region,1,0,never_instantiated,0,,,,,0,0,,nation,5,0,never_instantiated,0,,,,,0,0,,customer,1499999,0,never_instantiated,0,,,,,0,0,,supplier,20037,0,never_instantiated,0,,,,,0,0,lineitem,orders,2275919,0,never_instantiated,0,,,,,0,0,,,,,,,,,,,,,,,,,,,,,,,,,,,,,,,,,,,,,,,,,,,,,,,,
Q06,2,6,1,0.31,,,,,,,,,,,,,,,,,,,,,,,,,,,,,,,,,,,,,,,,,,,,,,,,,,,,,,,,,,,,,,,,,,,,,,,,,,,,,,,,,,,,,,,,,,,,,,,,,,,,,,,,,,,,
Q07,2,6,1,0.52,,nation,2,0,never_instantiated,0,,,,,0,0,,customer,120469,0,never_instantiated,0,,,,,0,0,,nation,2,0,never_instantiated,0,,,,,0,0,,supplier,8010,0,never_instantiated,0,,,,,0,0,lineitem,orders,1226777,0,never_instantiated,0,,,,,0,0,,,,,,,,,,,,,,,,,,,,,,,,,,,,,,,,,,,,,,,,,,,,,,,,
Q08,2,6,1,0.52,,region,1,0,never_instantiated,0,,,,,0,0,,nation,25,0,never_instantiated,0,,,,,0,0,,nation,5,0,never_instantiated,0,,,,,0,0,,supplier,100000,0,never_instantiated,0,,,,,0,0,customer,,24276,0,never_instantiated,0,,,,,0,0,,part,13452,0,never_instantiated,0,,,,,0,0,lineitem,orders,911192,0,never_instantiated,0,,,,,0,0,,,,,,,,,,,,,,,,,,,,,,,,
Q09,2,6,1,1.03,,nation,25,0,never_instantiated,0,,,,,0,0,,supplier,100000,0,never_instantiated,0,,,,,0,0,,orders,15000000,0,never_instantiated,0,,,,,0,0,,part,108782,0,never_instantiated,0,,,,,0,0,lineitem,partsupp,8000000,0,never_instantiated,0,,,,,0,0,,,,,,,,,,,,,,,,,,,,,,,,,,,,,,,,,,,,,,,,,,,,,,,,
Q10,2,6,1,0.62,,nation,25,0,never_instantiated,0,,,,,0,0,customer,,1147084,0,never_instantiated,0,,,,,0,0,lineitem,orders,573157,0,never_instantiated,0,,,,,0,0,,,,,,,,,,,,,,,,,,,,,,,,,,,,,,,,,,,,,,,,,,,,,,,,,,,,,,,,,,,,,,,,,,,,,,,,
Q11,2,6,1,0.21,partsupp,,4049,0,never_instantiated,0,,,,,0,0,supplier,nation,1,0,never_instantiated,0,,,,,0,0,partsupp,,4049,0,never_instantiated,0,,,,,0,0,supplier,nation,1,0,never_instantiated,0,,,,,0,0,,,,,,,,,,,,,,,,,,,,,,,,,,,,,,,,,,,,,,,,,,,,,,,,,,,,,,,,,,,,
Q12,2,6,1,0.41,orders,lineitem,310803,0,never_instantiated,0,,,,,0,0,,,,,,,,,,,,,,,,,,,,,,,,,,,,,,,,,,,,,,,,,,,,,,,,,,,,,,,,,,,,,,,,,,,,,,,,,,,,,,,,,,,,,,,,,,,,,,,,
Q13,2,6,1,0.93,orders,customer,1500000,0,never_instantiated,0,,,,,0,0,,,,,,,,,,,,,,,,,,,,,,,,,,,,,,,,,,,,,,,,,,,,,,,,,,,,,,,,,,,,,,,,,,,,,,,,,,,,,,,,,,,,,,,,,,,,,,,,
Q14,2,6,1,0.62,lineitem,part,2000000,0,never_instantiated,0,,,,,0,0,,,,,,,,,,,,,,,,,,,,,,,,,,,,,,,,,,,,,,,,,,,,,,,,,,,,,,,,,,,,,,,,,,,,,,,,,,,,,,,,,,,,,,,,,,,,,,,,
Q15,2,6,1,0.41,,,1,0,never_instantiated,0,,,,,0,0,supplier,,100000,0,never_instantiated,0,,,,,0,0,,,,,,,,,,,,,,,,,,,,,,,,,,,,,,,,,,,,,,,,,,,,,,,,,,,,,,,,,,,,,,,,,,,,,,,,,,,,,,,,,,,,
Q16,2,6,1,0.31,,supplier,56,0,never_instantiated,0,,,,,0,0,partsupp,,296824,0,never_instantiated,0,,,,,0,0,part,,8,0,never_instantiated,0,,,,,0,0,,,,,,,,,,,,,,,,,,,,,,,,,,,,,,,,,,,,,,,,,,,,,,,,,,,,,,,,,,,,,,,,,,,,,,,,
Q17,2,6,1,0.72,lineitem,part,2044,0,never_instantiated,0,,,,,0,0,,,61385,0,never_instantiated,0,,,,,0,0,lineitem,,2044,0,never_instantiated,0,,,,,0,0,,,,,,,,,,,,,,,,,,,,,,,,,,,,,,,,,,,,,,,,,,,,,,,,,,,,,,,,,,,,,,,,,,,,,,,,
Q18,2,6,1,2.16,,lineitem,624,0,never_instantiated,0,,,,,0,0,,customer,1499999,0,never_instantiated,0,,,,,0,0,lineitem,orders,15000000,0,never_instantiated,0,,,,,0,0,,,,,,,,,,,,,,,,,,,,,,,,,,,,,,,,,,,,,,,,,,,,,,,,,,,,,,,,,,,,,,,,,,,,,,,,
Q19,2,6,1,0.72,lineitem,part,2000000,0,never_instantiated,0,,,,,0,0,,,,,,,,,,,,,,,,,,,,,,,,,,,,,,,,,,,,,,,,,,,,,,,,,,,,,,,,,,,,,,,,,,,,,,,,,,,,,,,,,,,,,,,,,,,,,,,,
Q20,2,6,1,0.52,,,4054,0,never_instantiated,0,,,,,0,0,partsupp,part,21551,0,never_instantiated,0,,,,,0,0,,,3671,0,never_instantiated,0,,,,,0,0,lineitem,,3671,0,never_instantiated,0,,,,,0,0,supplier,nation,1,0,never_instantiated,0,,,,,0,0,,,,,,,,,,,,,,,,,,,,,,,,,,,,,,,,,,,,,,,,,,,,,,,,
Q21,2,6,1,1.44,,nation,1,0,never_instantiated,0,,,,,0,0,,supplier,4010,0,never_instantiated,0,,,,,0,0,lineitem,orders,7309184,0,never_instantiated,0,,,,,0,0,,,734523,0,never_instantiated,0,,,,,0,0,lineitem,,734511,0,never_instantiated,0,,,,,0,0,,,707593,0,never_instantiated,0,,,,,0,0,lineitem,,707581,0,never_instantiated,0,,,,,0,0,,,,,,,,,,,,,,,,,,,,,,,,
Q22,2,6,1,0.31,,,190691,0,never_instantiated,0,,,,,0,0,orders,,190691,0,never_instantiated,0,,,,,0,0,,,,,,,,,,,,,,,,,,,,,,,,,,,,,,,,,,,,,,,,,,,,,,,,,,,,,,,,,,,,,,,,,,,,,,,,,,,,,,,,,,,,
Q01,2,7,1,0.52,,,,,,,,,,,,,,,,,,,,,,,,,,,,,,,,,,,,,,,,,,,,,,,,,,,,,,,,,,,,,,,,,,,,,,,,,,,,,,,,,,,,,,,,,,,,,,,,,,,,,,,,,,,,
Q02,2,7,1,0.21,,region,1,0,never_instantiated,0,,,,,0,0,,nation,5,0,never_instantiated,0,,,,,0,0,,part,7854,0,never_instantiated,0,,,,,0,0,partsupp,supplier,20033,0,never_instantiated,0,,,,,0,0,,,6351,0,never_instantiated,0,,,,,0,0,,,4667,0,never_instantiated,0,,,,,0,0,,region,1,0,never_instantiated,0,,,,,0,0,,nation,5,0,never_instantiated,0,,,,,0,0,partsupp,supplier,20033,0,never_instantiated,0,,,,,0,0
Q03,2,7,1,0.41,,customer,300275,0,never_instantiated,0,,,,,0,0,lineitem,orders,1463240,0,never_instantiated,0,,,,,0,0,,,,,,,,,,,,,,,,,,,,,,,,,,,,,,,,,,,,,,,,,,,,,,,,,,,,,,,,,,,,,,,,,,,,,,,,,,,,,,,,,,,,
Q04,2,7,1,0.52,,,573671,0,never_instantiated,0,,,,,0,0,lineitem,,573671,0,never_instantiated,0,,,,,0,0,,,,,,,,,,,,,,,,,,,,,,,,,,,,,,,,,,,,,,,,,,,,,,,,,,,,,,,,,,,,,,,,,,,,,,,,,,,,,,,,,,,,
Q05,2,7,1,9999999,,,,,,,,,,,,,,,,,,,,,,,,,,,,,,,,,,,,,,,,,,,,,,,,,,,,,,,,,,,,,,,,,,,,,,,,,,,,,,,,,,,,,,,,,,,,,,,,,,,,,,,,,,,,
Q06,2,7,1,0.31,,,,,,,,,,,,,,,,,,,,,,,,,,,,,,,,,,,,,,,,,,,,,,,,,,,,,,,,,,,,,,,,,,,,,,,,,,,,,,,,,,,,,,,,,,,,,,,,,,,,,,,,,,,,
Q07,2,7,1,0.52,,nation,2,0,never_instantiated,0,,,,,0,0,,nation,2,0,never_instantiated,0,,,,,0,0,,customer,120469,0,never_instantiated,0,,,,,0,0,orders,,119259,0,never_instantiated,0,,,,,0,0,lineitem,supplier,8010,0,never_instantiated,0,,,,,0,0,,,,,,,,,,,,,,,,,,,,,,,,,,,,,,,,,,,,,,,,,,,,,,,,
Q08,2,7,1,0.62,,region,1,0,never_instantiated,0,,,,,0,0,,nation,5,0,never_instantiated,0,,,,,0,0,customer,,24276,0,never_instantiated,0,,,,,0,0,,nation,25,0,never_instantiated,0,,,,,0,0,orders,,24717,0,never_instantiated,0,,,,,0,0,,supplier,100000,0,never_instantiated,0,,,,,0,0,lineitem,part,13452,0,never_instantiated,0,,,,,0,0,,,,,,,,,,,,,,,,,,,,,,,,
Q09,2,7,1,1.13,,nation,25,0,never_instantiated,0,,,,,0,0,,part,108782,0,never_instantiated,0,,,,,0,0,,orders,15000000,0,never_instantiated,0,,,,,0,0,,partsupp,8000000,0,never_instantiated,0,,,,,0,0,lineitem,supplier,100000,0,never_instantiated,0,,,,,0,0,,,,,,,,,,,,,,,,,,,,,,,,,,,,,,,,,,,,,,,,,,,,,,,,
Q10,2,7,1,0.62,,nation,25,0,never_instantiated,0,,,,,0,0,customer,,1147084,0,never_instantiated,0,,,,,0,0,lineitem,orders,573157,0,never_instantiated,0,,,,,0,0,,,,,,,,,,,,,,,,,,,,,,,,,,,,,,,,,,,,,,,,,,,,,,,,,,,,,,,,,,,,,,,,,,,,,,,,
Q11,2,7,1,0.21,,nation,1,0,never_instantiated,0,,,,,0,0,partsupp,supplier,4049,0,never_instantiated,0,,,,,0,0,,nation,1,0,never_instantiated,0,,,,,0,0,partsupp,supplier,4049,0,never_instantiated,0,,,,,0,0,,,,,,,,,,,,,,,,,,,,,,,,,,,,,,,,,,,,,,,,,,,,,,,,,,,,,,,,,,,,
Q12,2,7,1,0.41,orders,lineitem,310803,0,never_instantiated,0,,,,,0,0,,,,,,,,,,,,,,,,,,,,,,,,,,,,,,,,,,,,,,,,,,,,,,,,,,,,,,,,,,,,,,,,,,,,,,,,,,,,,,,,,,,,,,,,,,,,,,,,
Q13,2,7,1,0.93,orders,customer,1500000,0,never_instantiated,0,,,,,0,0,,,,,,,,,,,,,,,,,,,,,,,,,,,,,,,,,,,,,,,,,,,,,,,,,,,,,,,,,,,,,,,,,,,,,,,,,,,,,,,,,,,,,,,,,,,,,,,,
Q14,2,7,1,0.62,lineitem,part,2000000,0,never_instantiated,0,,,,,0,0,,,,,,,,,,,,,,,,,,,,,,,,,,,,,,,,,,,,,,,,,,,,,,,,,,,,,,,,,,,,,,,,,,,,,,,,,,,,,,,,,,,,,,,,,,,,,,,,
Q15,2,7,1,0.41,,,1,0,never_instantiated,0,,,,,0,0,supplier,,100000,0,never_instantiated,0,,,,,0,0,,,,,,,,,,,,,,,,,,,,,,,,,,,,,,,,,,,,,,,,,,,,,,,,,,,,,,,,,,,,,,,,,,,,,,,,,,,,,,,,,,,,
Q16,2,7,1,0.31,,supplier,56,0,never_instantiated,0,,,,,0,0,partsupp,,296824,0,never_instantiated,0,,,,,0,0,part,,8,0,never_instantiated,0,,,,,0,0,,,,,,,,,,,,,,,,,,,,,,,,,,,,,,,,,,,,,,,,,,,,,,,,,,,,,,,,,,,,,,,,,,,,,,,,
Q17,2,7,1,0.72,lineitem,part,2044,0,never_instantiated,0,,,,,0,0,,,61385,0,never_instantiated,0,,,,,0,0,lineitem,,2044,0,never_instantiated,0,,,,,0,0,,,,,,,,,,,,,,,,,,,,,,,,,,,,,,,,,,,,,,,,,,,,,,,,,,,,,,,,,,,,,,,,,,,,,,,,
Q18,2,7,1,2.26,,lineitem,624,0,never_instantiated,0,,,,,0,0,,customer,1499999,0,never_instantiated,0,,,,,0,0,lineitem,orders,15000000,0,never_instantiated,0,,,,,0,0,,,,,,,,,,,,,,,,,,,,,,,,,,,,,,,,,,,,,,,,,,,,,,,,,,,,,,,,,,,,,,,,,,,,,,,,
Q19,2,7,1,0.72,lineitem,part,2000000,0,never_instantiated,0,,,,,0,0,,,,,,,,,,,,,,,,,,,,,,,,,,,,,,,,,,,,,,,,,,,,,,,,,,,,,,,,,,,,,,,,,,,,,,,,,,,,,,,,,,,,,,,,,,,,,,,,
Q20,2,7,1,0.52,,,4054,0,never_instantiated,0,,,,,0,0,partsupp,part,21551,0,never_instantiated,0,,,,,0,0,,,3671,0,never_instantiated,0,,,,,0,0,lineitem,,3671,0,never_instantiated,0,,,,,0,0,supplier,nation,1,0,never_instantiated,0,,,,,0,0,,,,,,,,,,,,,,,,,,,,,,,,,,,,,,,,,,,,,,,,,,,,,,,,
Q21,2,7,1,1.44,,nation,1,0,never_instantiated,0,,,,,0,0,,orders,7309184,0,never_instantiated,0,,,,,0,0,lineitem,supplier,4010,0,never_instantiated,0,,,,,0,0,,,734523,0,never_instantiated,0,,,,,0,0,lineitem,,734511,0,never_instantiated,0,,,,,0,0,,,707593,0,never_instantiated,0,,,,,0,0,lineitem,,707581,0,never_instantiated,0,,,,,0,0,,,,,,,,,,,,,,,,,,,,,,,,
Q22,2,7,1,0.31,,,190691,0,never_instantiated,0,,,,,0,0,orders,,190691,0,never_instantiated,0,,,,,0,0,,,,,,,,,,,,,,,,,,,,,,,,,,,,,,,,,,,,,,,,,,,,,,,,,,,,,,,,,,,,,,,,,,,,,,,,,,,,,,,,,,,,
Q01,2,8,1,0.52,,,,,,,,,,,,,,,,,,,,,,,,,,,,,,,,,,,,,,,,,,,,,,,,,,,,,,,,,,,,,,,,,,,,,,,,,,,,,,,,,,,,,,,,,,,,,,,,,,,,,,,,,,,,
Q02,2,8,1,0.21,,region,1,0,never_instantiated,0,,,,,0,0,,nation,5,0,never_instantiated,0,,,,,0,0,supplier,,6362,0,never_instantiated,0,,,,,0,0,partsupp,part,7854,0,never_instantiated,0,,,,,0,0,,,6351,0,never_instantiated,0,,,,,0,0,,,4667,0,never_instantiated,0,,,,,0,0,,region,1,0,never_instantiated,0,,,,,0,0,partsupp,,20033,0,never_instantiated,0,,,,,0,0,supplier,nation,5,0,never_instantiated,0,,,,,0,0
Q03,2,8,1,0.52,,customer,300275,0,never_instantiated,0,,,,,0,0,lineitem,orders,1463240,0,never_instantiated,0,,,,,0,0,,,,,,,,,,,,,,,,,,,,,,,,,,,,,,,,,,,,,,,,,,,,,,,,,,,,,,,,,,,,,,,,,,,,,,,,,,,,,,,,,,,,
Q04,2,8,1,0.62,,,573671,0,never_instantiated,0,,,,,0,0,lineitem,,573671,0,never_instantiated,0,,,,,0,0,,,,,,,,,,,,,,,,,,,,,,,,,,,,,,,,,,,,,,,,,,,,,,,,,,,,,,,,,,,,,,,,,,,,,,,,,,,,,,,,,,,,
Q05,2,8,1,1.03,,region,1,0,never_instantiated,0,,,,,0,0,,nation,5,0,never_instantiated,0,,,,,0,0,,customer,300270,0,never_instantiated,0,,,,,0,0,,supplier,20037,0,never_instantiated,0,,,,,0,0,lineitem,orders,2275919,0,never_instantiated,0,,,,,0,0,,,,,,,,,,,,,,,,,,,,,,,,,,,,,,,,,,,,,,,,,,,,,,,,
Q06,2,8,1,0.31,,,,,,,,,,,,,,,,,,,,,,,,,,,,,,,,,,,,,,,,,,,,,,,,,,,,,,,,,,,,,,,,,,,,,,,,,,,,,,,,,,,,,,,,,,,,,,,,,,,,,,,,,,,,
Q07,2,8,1,0.52,,nation,2,0,never_instantiated,0,,,,,0,0,,customer,120469,0,never_instantiated,0,,,,,0,0,,nation,2,0,never_instantiated,0,,,,,0,0,,supplier,8010,0,never_instantiated,0,,,,,0,0,lineitem,orders,1226777,0,never_instantiated,0,,,,,0,0,,,,,,,,,,,,,,,,,,,,,,,,,,,,,,,,,,,,,,,,,,,,,,,,
Q08,2,8,1,0.52,,region,1,0,never_instantiated,0,,,,,0,0,,nation,5,0,never_instantiated,0,,,,,0,0,customer,,24276,0,never_instantiated,0,,,,,0,0,,part,13452,0,never_instantiated,0,,,,,0,0,,nation,25,0,never_instantiated,0,,,,,0,0,,orders,911192,0,never_instantiated,0,,,,,0,0,lineitem,supplier,100000,0,never_instantiated,0,,,,,0,0,,,,,,,,,,,,,,,,,,,,,,,,
Q09,2,8,1,1.75,,nation,25,0,never_instantiated,0,,,,,0,0,,supplier,100000,0,never_instantiated,0,,,,,0,0,,part,108782,0,never_instantiated,0,,,,,0,0,,partsupp,442524,0,never_instantiated,0,,,,,0,0,lineitem,orders,15000000,0,never_instantiated,0,,,,,0,0,,,,,,,,,,,,,,,,,,,,,,,,,,,,,,,,,,,,,,,,,,,,,,,,
Q10,2,8,1,0.62,,nation,25,0,never_instantiated,0,,,,,0,0,customer,,1147084,0,never_instantiated,0,,,,,0,0,lineitem,orders,573157,0,never_instantiated,0,,,,,0,0,,,,,,,,,,,,,,,,,,,,,,,,,,,,,,,,,,,,,,,,,,,,,,,,,,,,,,,,,,,,,,,,,,,,,,,,
Q11,2,8,1,0.21,partsupp,,4049,0,never_instantiated,0,,,,,0,0,supplier,nation,1,0,never_instantiated,0,,,,,0,0,partsupp,,4049,0,never_instantiated,0,,,,,0,0,supplier,nation,1,0,never_instantiated,0,,,,,0,0,,,,,,,,,,,,,,,,,,,,,,,,,,,,,,,,,,,,,,,,,,,,,,,,,,,,,,,,,,,,
Q12,2,8,1,0.41,orders,lineitem,310803,0,never_instantiated,0,,,,,0,0,,,,,,,,,,,,,,,,,,,,,,,,,,,,,,,,,,,,,,,,,,,,,,,,,,,,,,,,,,,,,,,,,,,,,,,,,,,,,,,,,,,,,,,,,,,,,,,,
Q13,2,8,1,0.93,orders,customer,1500000,0,never_instantiated,0,,,,,0,0,,,,,,,,,,,,,,,,,,,,,,,,,,,,,,,,,,,,,,,,,,,,,,,,,,,,,,,,,,,,,,,,,,,,,,,,,,,,,,,,,,,,,,,,,,,,,,,,
Q14,2,8,1,0.62,lineitem,part,2000000,0,never_instantiated,0,,,,,0,0,,,,,,,,,,,,,,,,,,,,,,,,,,,,,,,,,,,,,,,,,,,,,,,,,,,,,,,,,,,,,,,,,,,,,,,,,,,,,,,,,,,,,,,,,,,,,,,,
Q15,2,8,1,0.41,,,1,0,never_instantiated,0,,,,,0,0,supplier,,100000,0,never_instantiated,0,,,,,0,0,,,,,,,,,,,,,,,,,,,,,,,,,,,,,,,,,,,,,,,,,,,,,,,,,,,,,,,,,,,,,,,,,,,,,,,,,,,,,,,,,,,,
Q16,2,8,1,0.31,,supplier,56,0,never_instantiated,0,,,,,0,0,partsupp,,296824,0,never_instantiated,0,,,,,0,0,part,,8,0,never_instantiated,0,,,,,0,0,,,,,,,,,,,,,,,,,,,,,,,,,,,,,,,,,,,,,,,,,,,,,,,,,,,,,,,,,,,,,,,,,,,,,,,,
Q17,2,8,1,0.72,lineitem,part,2044,0,never_instantiated,0,,,,,0,0,,,61385,0,never_instantiated,0,,,,,0,0,lineitem,,2044,0,never_instantiated,0,,,,,0,0,,,,,,,,,,,,,,,,,,,,,,,,,,,,,,,,,,,,,,,,,,,,,,,,,,,,,,,,,,,,,,,,,,,,,,,,
Q18,2,8,1,2.16,,lineitem,624,0,never_instantiated,0,,,,,0,0,,customer,1499999,0,never_instantiated,0,,,,,0,0,lineitem,orders,15000000,0,never_instantiated,0,,,,,0,0,,,,,,,,,,,,,,,,,,,,,,,,,,,,,,,,,,,,,,,,,,,,,,,,,,,,,,,,,,,,,,,,,,,,,,,,
Q19,2,8,1,0.72,lineitem,part,2000000,0,never_instantiated,0,,,,,0,0,,,,,,,,,,,,,,,,,,,,,,,,,,,,,,,,,,,,,,,,,,,,,,,,,,,,,,,,,,,,,,,,,,,,,,,,,,,,,,,,,,,,,,,,,,,,,,,,
Q20,2,8,1,0.52,,,4054,0,never_instantiated,0,,,,,0,0,partsupp,part,21551,0,never_instantiated,0,,,,,0,0,,,3671,0,never_instantiated,0,,,,,0,0,lineitem,,3671,0,never_instantiated,0,,,,,0,0,supplier,nation,1,0,never_instantiated,0,,,,,0,0,,,,,,,,,,,,,,,,,,,,,,,,,,,,,,,,,,,,,,,,,,,,,,,,
Q21,2,8,1,1.44,,nation,1,0,never_instantiated,0,,,,,0,0,,supplier,4010,0,never_instantiated,0,,,,,0,0,lineitem,orders,7309184,0,never_instantiated,0,,,,,0,0,,,734523,0,never_instantiated,0,,,,,0,0,lineitem,,734511,0,never_instantiated,0,,,,,0,0,,,707593,0,never_instantiated,0,,,,,0,0,lineitem,,707581,0,never_instantiated,0,,,,,0,0,,,,,,,,,,,,,,,,,,,,,,,,
Q22,2,8,1,0.31,,,190691,0,never_instantiated,0,,,,,0,0,orders,,190691,0,never_instantiated,0,,,,,0,0,,,,,,,,,,,,,,,,,,,,,,,,,,,,,,,,,,,,,,,,,,,,,,,,,,,,,,,,,,,,,,,,,,,,,,,,,,,,,,,,,,,,
Q01,2,9,1,0.52,,,,,,,,,,,,,,,,,,,,,,,,,,,,,,,,,,,,,,,,,,,,,,,,,,,,,,,,,,,,,,,,,,,,,,,,,,,,,,,,,,,,,,,,,,,,,,,,,,,,,,,,,,,,
Q02,2,9,1,0.21,,region,1,0,never_instantiated,0,,,,,0,0,,part,7854,0,never_instantiated,0,,,,,0,0,,nation,5,0,never_instantiated,0,,,,,0,0,partsupp,supplier,20033,0,never_instantiated,0,,,,,0,0,,,6351,0,never_instantiated,0,,,,,0,0,,,4667,0,never_instantiated,0,,,,,0,0,partsupp,,20033,0,never_instantiated,0,,,,,0,0,,region,1,0,never_instantiated,0,,,,,0,0,supplier,nation,5,0,never_instantiated,0,,,,,0,0
Q03,2,9,1,0.82,,customer,300275,0,never_instantiated,0,,,,,0,0,lineitem,orders,7289442,0,never_instantiated,0,,,,,0,0,,,,,,,,,,,,,,,,,,,,,,,,,,,,,,,,,,,,,,,,,,,,,,,,,,,,,,,,,,,,,,,,,,,,,,,,,,,,,,,,,,,,
Q04,2,9,1,0.52,,,573671,0,never_instantiated,0,,,,,0,0,lineitem,,573671,0,never_instantiated,0,,,,,0,0,,,,,,,,,,,,,,,,,,,,,,,,,,,,,,,,,,,,,,,,,,,,,,,,,,,,,,,,,,,,,,,,,,,,,,,,,,,,,,,,,,,,
Q05,2,9,1,0.82,,region,1,0,never_instantiated,0,,,,,0,0,,nation,5,0,never_instantiated,0,,,,,0,0,,customer,300270,0,never_instantiated,0,,,,,0,0,,orders,2275919,0,never_instantiated,0,,,,,0,0,lineitem,supplier,20037,0,never_instantiated,0,,,,,0,0,,,,,,,,,,,,,,,,,,,,,,,,,,,,,,,,,,,,,,,,,,,,,,,,
Q06,2,9,1,0.31,,,,,,,,,,,,,,,,,,,,,,,,,,,,,,,,,,,,,,,,,,,,,,,,,,,,,,,,,,,,,,,,,,,,,,,,,,,,,,,,,,,,,,,,,,,,,,,,,,,,,,,,,,,,
Q07,2,9,1,0.52,,nation,2,0,never_instantiated,0,,,,,0,0,,customer,120469,0,never_instantiated,0,,,,,0,0,orders,,119259,0,never_instantiated,0,,,,,0,0,,nation,2,0,never_instantiated,0,,,,,0,0,lineitem,supplier,8010,0,never_instantiated,0,,,,,0,0,,,,,,,,,,,,,,,,,,,,,,,,,,,,,,,,,,,,,,,,,,,,,,,,
Q08,2,9,1,0.52,,region,1,0,never_instantiated,0,,,,,0,0,,nation,5,0,never_instantiated,0,,,,,0,0,customer,,24276,0,never_instantiated,0,,,,,0,0,,part,13452,0,never_instantiated,0,,,,,0,0,,nation,25,0,never_instantiated,0,,,,,0,0,,supplier,100000,0,never_instantiated,0,,,,,0,0,lineitem,orders,911192,0,never_instantiated,0,,,,,0,0,,,,,,,,,,,,,,,,,,,,,,,,
Q09,2,9,1,1.03,,nation,25,0,never_instantiated,0,,,,,0,0,,partsupp,8000000,0,never_instantiated,0,,,,,0,0,,orders,15000000,0,never_instantiated,0,,,,,0,0,,supplier,100000,0,never_instantiated,0,,,,,0,0,lineitem,part,108782,0,never_instantiated,0,,,,,0,0,,,,,,,,,,,,,,,,,,,,,,,,,,,,,,,,,,,,,,,,,,,,,,,,
Q10,2,9,1,0.62,,nation,25,0,never_instantiated,0,,,,,0,0,customer,,1147084,0,never_instantiated,0,,,,,0,0,lineitem,orders,573157,0,never_instantiated,0,,,,,0,0,,,,,,,,,,,,,,,,,,,,,,,,,,,,,,,,,,,,,,,,,,,,,,,,,,,,,,,,,,,,,,,,,,,,,,,,
Q11,2,9,1,0.21,,nation,1,0,never_instantiated,0,,,,,0,0,partsupp,supplier,4049,0,never_instantiated,0,,,,,0,0,partsupp,,4049,0,never_instantiated,0,,,,,0,0,supplier,nation,1,0,never_instantiated,0,,,,,0,0,,,,,,,,,,,,,,,,,,,,,,,,,,,,,,,,,,,,,,,,,,,,,,,,,,,,,,,,,,,,
Q12,2,9,1,0.41,orders,lineitem,310803,0,never_instantiated,0,,,,,0,0,,,,,,,,,,,,,,,,,,,,,,,,,,,,,,,,,,,,,,,,,,,,,,,,,,,,,,,,,,,,,,,,,,,,,,,,,,,,,,,,,,,,,,,,,,,,,,,,
Q13,2,9,1,0.93,orders,customer,1500000,0,never_instantiated,0,,,,,0,0,,,,,,,,,,,,,,,,,,,,,,,,,,,,,,,,,,,,,,,,,,,,,,,,,,,,,,,,,,,,,,,,,,,,,,,,,,,,,,,,,,,,,,,,,,,,,,,,
Q14,2,9,1,0.62,lineitem,part,2000000,0,never_instantiated,0,,,,,0,0,,,,,,,,,,,,,,,,,,,,,,,,,,,,,,,,,,,,,,,,,,,,,,,,,,,,,,,,,,,,,,,,,,,,,,,,,,,,,,,,,,,,,,,,,,,,,,,,
Q15,2,9,1,0.41,,,1,0,never_instantiated,0,,,,,0,0,supplier,,100000,0,never_instantiated,0,,,,,0,0,,,,,,,,,,,,,,,,,,,,,,,,,,,,,,,,,,,,,,,,,,,,,,,,,,,,,,,,,,,,,,,,,,,,,,,,,,,,,,,,,,,,
Q16,2,9,1,0.31,,supplier,56,0,never_instantiated,0,,,,,0,0,partsupp,,296824,0,never_instantiated,0,,,,,0,0,part,,8,0,never_instantiated,0,,,,,0,0,,,,,,,,,,,,,,,,,,,,,,,,,,,,,,,,,,,,,,,,,,,,,,,,,,,,,,,,,,,,,,,,,,,,,,,,
Q17,2,9,1,0.72,lineitem,part,2044,0,never_instantiated,0,,,,,0,0,,,61385,0,never_instantiated,0,,,,,0,0,lineitem,,2044,0,never_instantiated,0,,,,,0,0,,,,,,,,,,,,,,,,,,,,,,,,,,,,,,,,,,,,,,,,,,,,,,,,,,,,,,,,,,,,,,,,,,,,,,,,
Q18,2,9,1,2.16,,lineitem,624,0,never_instantiated,0,,,,,0,0,,customer,1499999,0,never_instantiated,0,,,,,0,0,lineitem,orders,15000000,0,never_instantiated,0,,,,,0,0,,,,,,,,,,,,,,,,,,,,,,,,,,,,,,,,,,,,,,,,,,,,,,,,,,,,,,,,,,,,,,,,,,,,,,,,
Q19,2,9,1,0.72,lineitem,part,2000000,0,never_instantiated,0,,,,,0,0,,,,,,,,,,,,,,,,,,,,,,,,,,,,,,,,,,,,,,,,,,,,,,,,,,,,,,,,,,,,,,,,,,,,,,,,,,,,,,,,,,,,,,,,,,,,,,,,
Q20,2,9,1,0.52,,,4054,0,never_instantiated,0,,,,,0,0,partsupp,part,21551,0,never_instantiated,0,,,,,0,0,,,3671,0,never_instantiated,0,,,,,0,0,lineitem,,3671,0,never_instantiated,0,,,,,0,0,supplier,nation,1,0,never_instantiated,0,,,,,0,0,,,,,,,,,,,,,,,,,,,,,,,,,,,,,,,,,,,,,,,,,,,,,,,,
Q21,2,9,1,1.44,orders,,1522366,0,never_instantiated,0,,,,,0,0,,nation,1,0,never_instantiated,0,,,,,0,0,lineitem,supplier,4010,0,never_instantiated,0,,,,,0,0,,,734523,0,never_instantiated,0,,,,,0,0,lineitem,,734511,0,never_instantiated,0,,,,,0,0,,,707593,0,never_instantiated,0,,,,,0,0,lineitem,,707581,0,never_instantiated,0,,,,,0,0,,,,,,,,,,,,,,,,,,,,,,,,
Q22,2,9,1,0.31,,,190691,0,never_instantiated,0,,,,,0,0,orders,,190691,0,never_instantiated,0,,,,,0,0,,,,,,,,,,,,,,,,,,,,,,,,,,,,,,,,,,,,,,,,,,,,,,,,,,,,,,,,,,,,,,,,,,,,,,,,,,,,,,,,,,,,
Q01,2,10,1,0.52,,,,,,,,,,,,,,,,,,,,,,,,,,,,,,,,,,,,,,,,,,,,,,,,,,,,,,,,,,,,,,,,,,,,,,,,,,,,,,,,,,,,,,,,,,,,,,,,,,,,,,,,,,,,
Q02,2,10,1,0.21,,region,1,0,never_instantiated,0,,,,,0,0,,nation,5,0,never_instantiated,0,,,,,0,0,supplier,,6362,0,never_instantiated,0,,,,,0,0,partsupp,part,7854,0,never_instantiated,0,,,,,0,0,,,6351,0,never_instantiated,0,,,,,0,0,,,4667,0,never_instantiated,0,,,,,0,0,,region,1,0,never_instantiated,0,,,,,0,0,partsupp,,20033,0,never_instantiated,0,,,,,0,0,supplier,nation,5,0,never_instantiated,0,,,,,0,0
Q03,2,10,1,0.41,,customer,300275,0,never_instantiated,0,,,,,0,0,lineitem,orders,1463240,0,never_instantiated,0,,,,,0,0,,,,,,,,,,,,,,,,,,,,,,,,,,,,,,,,,,,,,,,,,,,,,,,,,,,,,,,,,,,,,,,,,,,,,,,,,,,,,,,,,,,,
Q04,2,10,1,0.62,,,573671,0,never_instantiated,0,,,,,0,0,lineitem,,573671,0,never_instantiated,0,,,,,0,0,,,,,,,,,,,,,,,,,,,,,,,,,,,,,,,,,,,,,,,,,,,,,,,,,,,,,,,,,,,,,,,,,,,,,,,,,,,,,,,,,,,,
Q05,2,10,1,0.72,,region,1,0,never_instantiated,0,,,,,0,0,,nation,5,0,never_instantiated,0,,,,,0,0,,customer,300270,0,never_instantiated,0,,,,,0,0,,supplier,100000,0,never_instantiated,0,,,,,0,0,lineitem,orders,457191,0,never_instantiated,0,,,,,0,0,,,,,,,,,,,,,,,,,,,,,,,,,,,,,,,,,,,,,,,,,,,,,,,,
Q06,2,10,1,0.31,,,,,,,,,,,,,,,,,,,,,,,,,,,,,,,,,,,,,,,,,,,,,,,,,,,,,,,,,,,,,,,,,,,,,,,,,,,,,,,,,,,,,,,,,,,,,,,,,,,,,,,,,,,,
Q07,2,10,1,0.52,,nation,2,0,never_instantiated,0,,,,,0,0,,customer,120469,0,never_instantiated,0,,,,,0,0,,nation,2,0,never_instantiated,0,,,,,0,0,,supplier,8010,0,never_instantiated,0,,,,,0,0,lineitem,orders,1226777,0,never_instantiated,0,,,,,0,0,,,,,,,,,,,,,,,,,,,,,,,,,,,,,,,,,,,,,,,,,,,,,,,,
Q08,2,10,1,0.62,,region,1,0,never_instantiated,0,,,,,0,0,,nation,5,0,never_instantiated,0,,,,,0,0,customer,,24276,0,never_instantiated,0,,,,,0,0,orders,,24717,0,never_instantiated,0,,,,,0,0,,nation,25,0,never_instantiated,0,,,,,0,0,,supplier,100000,0,never_instantiated,0,,,,,0,0,lineitem,part,13452,0,never_instantiated,0,,,,,0,0,,,,,,,,,,,,,,,,,,,,,,,,
Q09,2,10,1,1.13,,nation,25,0,never_instantiated,0,,,,,0,0,,part,108782,0,never_instantiated,0,,,,,0,0,,orders,15000000,0,never_instantiated,0,,,,,0,0,,supplier,100000,0,never_instantiated,0,,,,,0,0,lineitem,partsupp,8000000,0,never_instantiated,0,,,,,0,0,,,,,,,,,,,,,,,,,,,,,,,,,,,,,,,,,,,,,,,,,,,,,,,,
Q10,2,10,1,0.62,,nation,25,0,never_instantiated,0,,,,,0,0,customer,,1147084,0,never_instantiated,0,,,,,0,0,lineitem,orders,573157,0,never_instantiated,0,,,,,0,0,,,,,,,,,,,,,,,,,,,,,,,,,,,,,,,,,,,,,,,,,,,,,,,,,,,,,,,,,,,,,,,,,,,,,,,,
Q11,2,10,1,0.21,partsupp,,4049,0,never_instantiated,0,,,,,0,0,supplier,nation,1,0,never_instantiated,0,,,,,0,0,partsupp,,4049,0,never_instantiated,0,,,,,0,0,supplier,nation,1,0,never_instantiated,0,,,,,0,0,,,,,,,,,,,,,,,,,,,,,,,,,,,,,,,,,,,,,,,,,,,,,,,,,,,,,,,,,,,,
Q12,2,10,1,0.41,orders,lineitem,310803,0,never_instantiated,0,,,,,0,0,,,,,,,,,,,,,,,,,,,,,,,,,,,,,,,,,,,,,,,,,,,,,,,,,,,,,,,,,,,,,,,,,,,,,,,,,,,,,,,,,,,,,,,,,,,,,,,,
Q13,2,10,1,0.93,orders,customer,1500000,0,never_instantiated,0,,,,,0,0,,,,,,,,,,,,,,,,,,,,,,,,,,,,,,,,,,,,,,,,,,,,,,,,,,,,,,,,,,,,,,,,,,,,,,,,,,,,,,,,,,,,,,,,,,,,,,,,
Q14,2,10,1,0.62,lineitem,part,2000000,0,never_instantiated,0,,,,,0,0,,,,,,,,,,,,,,,,,,,,,,,,,,,,,,,,,,,,,,,,,,,,,,,,,,,,,,,,,,,,,,,,,,,,,,,,,,,,,,,,,,,,,,,,,,,,,,,,
Q15,2,10,1,0.41,,,1,0,never_instantiated,0,,,,,0,0,supplier,,100000,0,never_instantiated,0,,,,,0,0,,,,,,,,,,,,,,,,,,,,,,,,,,,,,,,,,,,,,,,,,,,,,,,,,,,,,,,,,,,,,,,,,,,,,,,,,,,,,,,,,,,,
Q16,2,10,1,0.31,,supplier,56,0,never_instantiated,0,,,,,0,0,partsupp,,296824,0,never_instantiated,0,,,,,0,0,part,,8,0,never_instantiated,0,,,,,0,0,,,,,,,,,,,,,,,,,,,,,,,,,,,,,,,,,,,,,,,,,,,,,,,,,,,,,,,,,,,,,,,,,,,,,,,,
Q17,2,10,1,0.72,lineitem,part,2044,0,never_instantiated,0,,,,,0,0,,,61385,0,never_instantiated,0,,,,,0,0,lineitem,,2044,0,never_instantiated,0,,,,,0,0,,,,,,,,,,,,,,,,,,,,,,,,,,,,,,,,,,,,,,,,,,,,,,,,,,,,,,,,,,,,,,,,,,,,,,,,
Q18,2,10,1,2.15,,lineitem,624,0,never_instantiated,0,,,,,0,0,,customer,1499999,0,never_instantiated,0,,,,,0,0,lineitem,orders,15000000,0,never_instantiated,0,,,,,0,0,,,,,,,,,,,,,,,,,,,,,,,,,,,,,,,,,,,,,,,,,,,,,,,,,,,,,,,,,,,,,,,,,,,,,,,,
Q19,2,10,1,0.72,lineitem,part,2000000,0,never_instantiated,0,,,,,0,0,,,,,,,,,,,,,,,,,,,,,,,,,,,,,,,,,,,,,,,,,,,,,,,,,,,,,,,,,,,,,,,,,,,,,,,,,,,,,,,,,,,,,,,,,,,,,,,,
Q20,2,10,1,0.52,,,4054,0,never_instantiated,0,,,,,0,0,partsupp,part,21551,0,never_instantiated,0,,,,,0,0,,,3671,0,never_instantiated,0,,,,,0,0,lineitem,,3671,0,never_instantiated,0,,,,,0,0,supplier,nation,1,0,never_instantiated,0,,,,,0,0,,,,,,,,,,,,,,,,,,,,,,,,,,,,,,,,,,,,,,,,,,,,,,,,
Q21,2,10,1,1.44,,nation,1,0,never_instantiated,0,,,,,0,0,,supplier,4010,0,never_instantiated,0,,,,,0,0,lineitem,orders,7309184,0,never_instantiated,0,,,,,0,0,,,734523,0,never_instantiated,0,,,,,0,0,lineitem,,734511,0,never_instantiated,0,,,,,0,0,,,707593,0,never_instantiated,0,,,,,0,0,lineitem,,707581,0,never_instantiated,0,,,,,0,0,,,,,,,,,,,,,,,,,,,,,,,,
Q22,2,10,1,0.31,,,190691,0,never_instantiated,0,,,,,0,0,orders,,190691,0,never_instantiated,0,,,,,0,0,,,,,,,,,,,,,,,,,,,,,,,,,,,,,,,,,,,,,,,,,,,,,,,,,,,,,,,,,,,,,,,,,,,,,,,,,,,,,,,,,,,,
Q01,2,11,1,0.52,,,,,,,,,,,,,,,,,,,,,,,,,,,,,,,,,,,,,,,,,,,,,,,,,,,,,,,,,,,,,,,,,,,,,,,,,,,,,,,,,,,,,,,,,,,,,,,,,,,,,,,,,,,,
Q02,2,11,1,0.21,,region,1,0,never_instantiated,0,,,,,0,0,,nation,5,0,never_instantiated,0,,,,,0,0,,part,7854,0,never_instantiated,0,,,,,0,0,partsupp,supplier,20033,0,never_instantiated,0,,,,,0,0,,,6351,0,never_instantiated,0,,,,,0,0,,,4667,0,never_instantiated,0,,,,,0,0,,region,1,0,never_instantiated,0,,,,,0,0,,nation,5,0,never_instantiated,0,,,,,0,0,partsupp,supplier,20033,0,never_instantiated,0,,,,,0,0
Q03,2,11,1,0.82,,customer,300275,0,never_instantiated,0,,,,,0,0,lineitem,orders,7289442,0,never_instantiated,0,,,,,0,0,,,,,,,,,,,,,,,,,,,,,,,,,,,,,,,,,,,,,,,,,,,,,,,,,,,,,,,,,,,,,,,,,,,,,,,,,,,,,,,,,,,,
Q04,2,11,1,0.52,,,573671,0,never_instantiated,0,,,,,0,0,lineitem,,573671,0,never_instantiated,0,,,,,0,0,,,,,,,,,,,,,,,,,,,,,,,,,,,,,,,,,,,,,,,,,,,,,,,,,,,,,,,,,,,,,,,,,,,,,,,,,,,,,,,,,,,,
Q05,2,11,1,0.93,,customer,1499999,0,never_instantiated,0,,,,,0,0,,region,1,0,never_instantiated,0,,,,,0,0,,nation,5,0,never_instantiated,0,,,,,0,0,,orders,2275919,0,never_instantiated,0,,,,,0,0,lineitem,supplier,20037,0,never_instantiated,0,,,,,0,0,,,,,,,,,,,,,,,,,,,,,,,,,,,,,,,,,,,,,,,,,,,,,,,,
Q06,2,11,1,0.31,,,,,,,,,,,,,,,,,,,,,,,,,,,,,,,,,,,,,,,,,,,,,,,,,,,,,,,,,,,,,,,,,,,,,,,,,,,,,,,,,,,,,,,,,,,,,,,,,,,,,,,,,,,,
Q07,2,11,1,0.51,,nation,2,0,never_instantiated,0,,,,,0,0,,nation,2,0,never_instantiated,0,,,,,0,0,,customer,120469,0,never_instantiated,0,,,,,0,0,orders,,119259,0,never_instantiated,0,,,,,0,0,lineitem,supplier,8010,0,never_instantiated,0,,,,,0,0,,,,,,,,,,,,,,,,,,,,,,,,,,,,,,,,,,,,,,,,,,,,,,,,
Q08,2,11,1,0.62,,region,1,0,never_instantiated,0,,,,,0,0,,nation,5,0,never_instantiated,0,,,,,0,0,customer,,24276,0,never_instantiated,0,,,,,0,0,,nation,25,0,never_instantiated,0,,,,,0,0,orders,,24717,0,never_instantiated,0,,,,,0,0,,part,13452,0,never_instantiated,0,,,,,0,0,lineitem,supplier,100000,0,never_instantiated,0,,,,,0,0,,,,,,,,,,,,,,,,,,,,,,,,
Q09,2,11,1,1.03,,orders,15000000,0,never_instantiated,0,,,,,0,0,,part,108782,0,never_instantiated,0,,,,,0,0,,nation,25,0,never_instantiated,0,,,,,0,0,,partsupp,8000000,0,never_instantiated,0,,,,,0,0,lineitem,supplier,100000,0,never_instantiated,0,,,,,0,0,,,,,,,,,,,,,,,,,,,,,,,,,,,,,,,,,,,,,,,,,,,,,,,,
Q10,2,11,1,0.62,,nation,25,0,never_instantiated,0,,,,,0,0,customer,,1147084,0,never_instantiated,0,,,,,0,0,lineitem,orders,573157,0,never_instantiated,0,,,,,0,0,,,,,,,,,,,,,,,,,,,,,,,,,,,,,,,,,,,,,,,,,,,,,,,,,,,,,,,,,,,,,,,,,,,,,,,,
Q11,2,11,1,0.21,,nation,1,0,never_instantiated,0,,,,,0,0,partsupp,supplier,4049,0,never_instantiated,0,,,,,0,0,,nation,1,0,never_instantiated,0,,,,,0,0,partsupp,supplier,4049,0,never_instantiated,0,,,,,0,0,,,,,,,,,,,,,,,,,,,,,,,,,,,,,,,,,,,,,,,,,,,,,,,,,,,,,,,,,,,,
Q12,2,11,1,0.41,orders,lineitem,310803,0,never_instantiated,0,,,,,0,0,,,,,,,,,,,,,,,,,,,,,,,,,,,,,,,,,,,,,,,,,,,,,,,,,,,,,,,,,,,,,,,,,,,,,,,,,,,,,,,,,,,,,,,,,,,,,,,,
Q13,2,11,1,0.93,orders,customer,1500000,0,never_instantiated,0,,,,,0,0,,,,,,,,,,,,,,,,,,,,,,,,,,,,,,,,,,,,,,,,,,,,,,,,,,,,,,,,,,,,,,,,,,,,,,,,,,,,,,,,,,,,,,,,,,,,,,,,
Q14,2,11,1,0.62,lineitem,part,2000000,0,never_instantiated,0,,,,,0,0,,,,,,,,,,,,,,,,,,,,,,,,,,,,,,,,,,,,,,,,,,,,,,,,,,,,,,,,,,,,,,,,,,,,,,,,,,,,,,,,,,,,,,,,,,,,,,,,
Q15,2,11,1,0.41,,,1,0,never_instantiated,0,,,,,0,0,supplier,,100000,0,never_instantiated,0,,,,,0,0,,,,,,,,,,,,,,,,,,,,,,,,,,,,,,,,,,,,,,,,,,,,,,,,,,,,,,,,,,,,,,,,,,,,,,,,,,,,,,,,,,,,
Q16,2,11,1,0.31,,supplier,56,0,never_instantiated,0,,,,,0,0,partsupp,,296824,0,never_instantiated,0,,,,,0,0,part,,8,0,never_instantiated,0,,,,,0,0,,,,,,,,,,,,,,,,,,,,,,,,,,,,,,,,,,,,,,,,,,,,,,,,,,,,,,,,,,,,,,,,,,,,,,,,
Q17,2,11,1,0.72,lineitem,part,2044,0,never_instantiated,0,,,,,0,0,,,61385,0,never_instantiated,0,,,,,0,0,lineitem,,2044,0,never_instantiated,0,,,,,0,0,,,,,,,,,,,,,,,,,,,,,,,,,,,,,,,,,,,,,,,,,,,,,,,,,,,,,,,,,,,,,,,,,,,,,,,,
Q18,2,11,1,2.16,,lineitem,624,0,never_instantiated,0,,,,,0,0,,customer,1499999,0,never_instantiated,0,,,,,0,0,lineitem,orders,15000000,0,never_instantiated,0,,,,,0,0,,,,,,,,,,,,,,,,,,,,,,,,,,,,,,,,,,,,,,,,,,,,,,,,,,,,,,,,,,,,,,,,,,,,,,,,
Q19,2,11,1,0.72,lineitem,part,2000000,0,never_instantiated,0,,,,,0,0,,,,,,,,,,,,,,,,,,,,,,,,,,,,,,,,,,,,,,,,,,,,,,,,,,,,,,,,,,,,,,,,,,,,,,,,,,,,,,,,,,,,,,,,,,,,,,,,
Q20,2,11,1,0.51,,,4054,0,never_instantiated,0,,,,,0,0,partsupp,part,21551,0,never_instantiated,0,,,,,0,0,,,3671,0,never_instantiated,0,,,,,0,0,lineitem,,3671,0,never_instantiated,0,,,,,0,0,supplier,nation,1,0,never_instantiated,0,,,,,0,0,,,,,,,,,,,,,,,,,,,,,,,,,,,,,,,,,,,,,,,,,,,,,,,,
Q21,2,11,1,1.44,,nation,1,0,never_instantiated,0,,,,,0,0,,orders,7309184,0,never_instantiated,0,,,,,0,0,lineitem,supplier,4010,0,never_instantiated,0,,,,,0,0,,,734523,0,never_instantiated,0,,,,,0,0,lineitem,,734511,0,never_instantiated,0,,,,,0,0,,,707593,0,never_instantiated,0,,,,,0,0,lineitem,,707581,0,never_instantiated,0,,,,,0,0,,,,,,,,,,,,,,,,,,,,,,,,
Q22,2,11,1,0.31,,,190691,0,never_instantiated,0,,,,,0,0,orders,,190691,0,never_instantiated,0,,,,,0,0,,,,,,,,,,,,,,,,,,,,,,,,,,,,,,,,,,,,,,,,,,,,,,,,,,,,,,,,,,,,,,,,,,,,,,,,,,,,,,,,,,,,
Q01,2,12,1,0.52,,,,,,,,,,,,,,,,,,,,,,,,,,,,,,,,,,,,,,,,,,,,,,,,,,,,,,,,,,,,,,,,,,,,,,,,,,,,,,,,,,,,,,,,,,,,,,,,,,,,,,,,,,,,
Q02,2,12,1,0.21,,region,1,0,never_instantiated,0,,,,,0,0,,nation,5,0,never_instantiated,0,,,,,0,0,supplier,,6362,0,never_instantiated,0,,,,,0,0,partsupp,part,7854,0,never_instantiated,0,,,,,0,0,,,6351,0,never_instantiated,0,,,,,0,0,,,4667,0,never_instantiated,0,,,,,0,0,partsupp,,20033,0,never_instantiated,0,,,,,0,0,,region,1,0,never_instantiated,0,,,,,0,0,supplier,nation,5,0,never_instantiated,0,,,,,0,0
Q03,2,12,1,0.41,,customer,300275,0,never_instantiated,0,,,,,0,0,lineitem,orders,1463240,0,never_instantiated,0,,,,,0,0,,,,,,,,,,,,,,,,,,,,,,,,,,,,,,,,,,,,,,,,,,,,,,,,,,,,,,,,,,,,,,,,,,,,,,,,,,,,,,,,,,,,
Q04,2,12,1,0.52,,,573671,0,never_instantiated,0,,,,,0,0,lineitem,,573671,0,never_instantiated,0,,,,,0,0,,,,,,,,,,,,,,,,,,,,,,,,,,,,,,,,,,,,,,,,,,,,,,,,,,,,,,,,,,,,,,,,,,,,,,,,,,,,,,,,,,,,
Q05,2,12,1,0.82,,supplier,100000,0,never_instantiated,0,,,,,0,0,,region,1,0,never_instantiated,0,,,,,0,0,,nation,5,0,never_instantiated,0,,,,,0,0,,customer,300270,0,never_instantiated,0,,,,,0,0,lineitem,orders,457191,0,never_instantiated,0,,,,,0,0,,,,,,,,,,,,,,,,,,,,,,,,,,,,,,,,,,,,,,,,,,,,,,,,
Q06,2,12,1,0.31,,,,,,,,,,,,,,,,,,,,,,,,,,,,,,,,,,,,,,,,,,,,,,,,,,,,,,,,,,,,,,,,,,,,,,,,,,,,,,,,,,,,,,,,,,,,,,,,,,,,,,,,,,,,
Q07,2,12,1,0.52,,nation,2,0,never_instantiated,0,,,,,0,0,,supplier,8010,0,never_instantiated,0,,,,,0,0,,nation,2,0,never_instantiated,0,,,,,0,0,,customer,120469,0,never_instantiated,0,,,,,0,0,lineitem,orders,1226777,0,never_instantiated,0,,,,,0,0,,,,,,,,,,,,,,,,,,,,,,,,,,,,,,,,,,,,,,,,,,,,,,,,
Q08,2,12,1,0.52,,part,13452,0,never_instantiated,0,,,,,0,0,,region,1,0,never_instantiated,0,,,,,0,0,,nation,5,0,never_instantiated,0,,,,,0,0,,customer,299435,0,never_instantiated,0,,,,,0,0,,nation,25,0,never_instantiated,0,,,,,0,0,,supplier,100000,0,never_instantiated,0,,,,,0,0,lineitem,orders,911192,0,never_instantiated,0,,,,,0,0,,,,,,,,,,,,,,,,,,,,,,,,
Q09,2,12,1,1.85,,partsupp,8000000,0,never_instantiated,0,,,,,0,0,,nation,25,0,never_instantiated,0,,,,,0,0,,part,108782,0,never_instantiated,0,,,,,0,0,,supplier,100000,0,never_instantiated,0,,,,,0,0,lineitem,orders,15000000,0,never_instantiated,0,,,,,0,0,,,,,,,,,,,,,,,,,,,,,,,,,,,,,,,,,,,,,,,,,,,,,,,,
Q10,2,12,1,0.62,,nation,25,0,never_instantiated,0,,,,,0,0,customer,,1147084,0,never_instantiated,0,,,,,0,0,lineitem,orders,573157,0,never_instantiated,0,,,,,0,0,,,,,,,,,,,,,,,,,,,,,,,,,,,,,,,,,,,,,,,,,,,,,,,,,,,,,,,,,,,,,,,,,,,,,,,,
Q11,2,12,1,0.21,partsupp,,4049,0,never_instantiated,0,,,,,0,0,supplier,nation,1,0,never_instantiated,0,,,,,0,0,partsupp,,4049,0,never_instantiated,0,,,,,0,0,supplier,nation,1,0,never_instantiated,0,,,,,0,0,,,,,,,,,,,,,,,,,,,,,,,,,,,,,,,,,,,,,,,,,,,,,,,,,,,,,,,,,,,,
Q12,2,12,1,0.41,orders,lineitem,310803,0,never_instantiated,0,,,,,0,0,,,,,,,,,,,,,,,,,,,,,,,,,,,,,,,,,,,,,,,,,,,,,,,,,,,,,,,,,,,,,,,,,,,,,,,,,,,,,,,,,,,,,,,,,,,,,,,,
Q13,2,12,1,0.93,orders,customer,1500000,0,never_instantiated,0,,,,,0,0,,,,,,,,,,,,,,,,,,,,,,,,,,,,,,,,,,,,,,,,,,,,,,,,,,,,,,,,,,,,,,,,,,,,,,,,,,,,,,,,,,,,,,,,,,,,,,,,
Q14,2,12,1,0.62,lineitem,part,2000000,0,never_instantiated,0,,,,,0,0,,,,,,,,,,,,,,,,,,,,,,,,,,,,,,,,,,,,,,,,,,,,,,,,,,,,,,,,,,,,,,,,,,,,,,,,,,,,,,,,,,,,,,,,,,,,,,,,
Q15,2,12,1,0.41,,,1,0,never_instantiated,0,,,,,0,0,supplier,,100000,0,never_instantiated,0,,,,,0,0,,,,,,,,,,,,,,,,,,,,,,,,,,,,,,,,,,,,,,,,,,,,,,,,,,,,,,,,,,,,,,,,,,,,,,,,,,,,,,,,,,,,
Q16,2,12,1,0.31,,supplier,56,0,never_instantiated,0,,,,,0,0,partsupp,,296824,0,never_instantiated,0,,,,,0,0,part,,8,0,never_instantiated,0,,,,,0,0,,,,,,,,,,,,,,,,,,,,,,,,,,,,,,,,,,,,,,,,,,,,,,,,,,,,,,,,,,,,,,,,,,,,,,,,
Q17,2,12,1,0.72,lineitem,part,2044,0,never_instantiated,0,,,,,0,0,,,61385,0,never_instantiated,0,,,,,0,0,lineitem,,2044,0,never_instantiated,0,,,,,0,0,,,,,,,,,,,,,,,,,,,,,,,,,,,,,,,,,,,,,,,,,,,,,,,,,,,,,,,,,,,,,,,,,,,,,,,,
Q18,2,12,1,2.16,,lineitem,624,0,never_instantiated,0,,,,,0,0,,customer,1499999,0,never_instantiated,0,,,,,0,0,lineitem,orders,15000000,0,never_instantiated,0,,,,,0,0,,,,,,,,,,,,,,,,,,,,,,,,,,,,,,,,,,,,,,,,,,,,,,,,,,,,,,,,,,,,,,,,,,,,,,,,
Q19,2,12,1,0.72,lineitem,part,2000000,0,never_instantiated,0,,,,,0,0,,,,,,,,,,,,,,,,,,,,,,,,,,,,,,,,,,,,,,,,,,,,,,,,,,,,,,,,,,,,,,,,,,,,,,,,,,,,,,,,,,,,,,,,,,,,,,,,
Q20,2,12,1,0.52,,,4054,0,never_instantiated,0,,,,,0,0,partsupp,part,21551,0,never_instantiated,0,,,,,0,0,,,3671,0,never_instantiated,0,,,,,0,0,lineitem,,3671,0,never_instantiated,0,,,,,0,0,supplier,nation,1,0,never_instantiated,0,,,,,0,0,,,,,,,,,,,,,,,,,,,,,,,,,,,,,,,,,,,,,,,,,,,,,,,,
Q21,2,12,1,1.44,,nation,1,0,never_instantiated,0,,,,,0,0,,supplier,4010,0,never_instantiated,0,,,,,0,0,lineitem,orders,7309184,0,never_instantiated,0,,,,,0,0,,,734523,0,never_instantiated,0,,,,,0,0,lineitem,,734511,0,never_instantiated,0,,,,,0,0,,,707593,0,never_instantiated,0,,,,,0,0,lineitem,,707581,0,never_instantiated,0,,,,,0,0,,,,,,,,,,,,,,,,,,,,,,,,
Q22,2,12,1,0.31,,,190691,0,never_instantiated,0,,,,,0,0,orders,,190691,0,never_instantiated,0,,,,,0,0,,,,,,,,,,,,,,,,,,,,,,,,,,,,,,,,,,,,,,,,,,,,,,,,,,,,,,,,,,,,,,,,,,,,,,,,,,,,,,,,,,,,
Q01,2,13,1,0.52,,,,,,,,,,,,,,,,,,,,,,,,,,,,,,,,,,,,,,,,,,,,,,,,,,,,,,,,,,,,,,,,,,,,,,,,,,,,,,,,,,,,,,,,,,,,,,,,,,,,,,,,,,,,
Q02,2,13,1,0.21,,region,1,0,never_instantiated,0,,,,,0,0,,nation,5,0,never_instantiated,0,,,,,0,0,,part,7854,0,never_instantiated,0,,,,,0,0,partsupp,supplier,20033,0,never_instantiated,0,,,,,0,0,,,6351,0,never_instantiated,0,,,,,0,0,,,4667,0,never_instantiated,0,,,,,0,0,,region,1,0,never_instantiated,0,,,,,0,0,,nation,5,0,never_instantiated,0,,,,,0,0,partsupp,supplier,20033,0,never_instantiated,0,,,,,0,0
Q03,2,13,1,0.41,,customer,300275,0,never_instantiated,0,,,,,0,0,lineitem,orders,1463240,0,never_instantiated,0,,,,,0,0,,,,,,,,,,,,,,,,,,,,,,,,,,,,,,,,,,,,,,,,,,,,,,,,,,,,,,,,,,,,,,,,,,,,,,,,,,,,,,,,,,,,
Q04,2,13,1,0.62,,,573671,0,never_instantiated,0,,,,,0,0,lineitem,,573671,0,never_instantiated,0,,,,,0,0,,,,,,,,,,,,,,,,,,,,,,,,,,,,,,,,,,,,,,,,,,,,,,,,,,,,,,,,,,,,,,,,,,,,,,,,,,,,,,,,,,,,
Q05,2,13,1,9999999,,,,,,,,,,,,,,,,,,,,,,,,,,,,,,,,,,,,,,,,,,,,,,,,,,,,,,,,,,,,,,,,,,,,,,,,,,,,,,,,,,,,,,,,,,,,,,,,,,,,,,,,,,,,
Q06,2,13,1,0.31,,,,,,,,,,,,,,,,,,,,,,,,,,,,,,,,,,,,,,,,,,,,,,,,,,,,,,,,,,,,,,,,,,,,,,,,,,,,,,,,,,,,,,,,,,,,,,,,,,,,,,,,,,,,
Q07,2,13,1,0.52,,nation,2,0,never_instantiated,0,,,,,0,0,,customer,120469,0,never_instantiated,0,,,,,0,0,,nation,2,0,never_instantiated,0,,,,,0,0,orders,,119259,0,never_instantiated,0,,,,,0,0,lineitem,supplier,8010,0,never_instantiated,0,,,,,0,0,,,,,,,,,,,,,,,,,,,,,,,,,,,,,,,,,,,,,,,,,,,,,,,,
Q08,2,13,1,0.62,,region,1,0,never_instantiated,0,,,,,0,0,,nation,5,0,never_instantiated,0,,,,,0,0,customer,,24276,0,never_instantiated,0,,,,,0,0,orders,,24717,0,never_instantiated,0,,,,,0,0,,nation,25,0,never_instantiated,0,,,,,0,0,,supplier,100000,0,never_instantiated,0,,,,,0,0,lineitem,part,13452,0,never_instantiated,0,,,,,0,0,,,,,,,,,,,,,,,,,,,,,,,,
Q09,2,13,1,1.03,,nation,25,0,never_instantiated,0,,,,,0,0,,supplier,100000,0,never_instantiated,0,,,,,0,0,,orders,15000000,0,never_instantiated,0,,,,,0,0,,partsupp,8000000,0,never_instantiated,0,,,,,0,0,lineitem,part,108782,0,never_instantiated,0,,,,,0,0,,,,,,,,,,,,,,,,,,,,,,,,,,,,,,,,,,,,,,,,,,,,,,,,
Q10,2,13,1,0.62,,nation,25,0,never_instantiated,0,,,,,0,0,customer,,1147084,0,never_instantiated,0,,,,,0,0,lineitem,orders,573157,0,never_instantiated,0,,,,,0,0,,,,,,,,,,,,,,,,,,,,,,,,,,,,,,,,,,,,,,,,,,,,,,,,,,,,,,,,,,,,,,,,,,,,,,,,
Q11,2,13,1,0.21,,nation,1,0,never_instantiated,0,,,,,0,0,partsupp,supplier,4049,0,never_instantiated,0,,,,,0,0,partsupp,,4049,0,never_instantiated,0,,,,,0,0,supplier,nation,1,0,never_instantiated,0,,,,,0,0,,,,,,,,,,,,,,,,,,,,,,,,,,,,,,,,,,,,,,,,,,,,,,,,,,,,,,,,,,,,
Q12,2,13,1,0.41,orders,lineitem,310803,0,never_instantiated,0,,,,,0,0,,,,,,,,,,,,,,,,,,,,,,,,,,,,,,,,,,,,,,,,,,,,,,,,,,,,,,,,,,,,,,,,,,,,,,,,,,,,,,,,,,,,,,,,,,,,,,,,
Q13,2,13,1,0.93,orders,customer,1500000,0,never_instantiated,0,,,,,0,0,,,,,,,,,,,,,,,,,,,,,,,,,,,,,,,,,,,,,,,,,,,,,,,,,,,,,,,,,,,,,,,,,,,,,,,,,,,,,,,,,,,,,,,,,,,,,,,,
Q14,2,13,1,0.62,lineitem,part,2000000,0,never_instantiated,0,,,,,0,0,,,,,,,,,,,,,,,,,,,,,,,,,,,,,,,,,,,,,,,,,,,,,,,,,,,,,,,,,,,,,,,,,,,,,,,,,,,,,,,,,,,,,,,,,,,,,,,,
Q15,2,13,1,0.41,,,1,0,never_instantiated,0,,,,,0,0,supplier,,100000,0,never_instantiated,0,,,,,0,0,,,,,,,,,,,,,,,,,,,,,,,,,,,,,,,,,,,,,,,,,,,,,,,,,,,,,,,,,,,,,,,,,,,,,,,,,,,,,,,,,,,,
Q16,2,13,1,0.31,,supplier,56,0,never_instantiated,0,,,,,0,0,partsupp,,296824,0,never_instantiated,0,,,,,0,0,part,,8,0,never_instantiated,0,,,,,0,0,,,,,,,,,,,,,,,,,,,,,,,,,,,,,,,,,,,,,,,,,,,,,,,,,,,,,,,,,,,,,,,,,,,,,,,,
Q17,2,13,1,0.72,lineitem,part,2044,0,never_instantiated,0,,,,,0,0,,,61385,0,never_instantiated,0,,,,,0,0,lineitem,,2044,0,never_instantiated,0,,,,,0,0,,,,,,,,,,,,,,,,,,,,,,,,,,,,,,,,,,,,,,,,,,,,,,,,,,,,,,,,,,,,,,,,,,,,,,,,
Q18,2,13,1,2.16,,lineitem,624,0,never_instantiated,0,,,,,0,0,,customer,1499999,0,never_instantiated,0,,,,,0,0,lineitem,orders,15000000,0,never_instantiated,0,,,,,0,0,,,,,,,,,,,,,,,,,,,,,,,,,,,,,,,,,,,,,,,,,,,,,,,,,,,,,,,,,,,,,,,,,,,,,,,,
Q19,2,13,1,0.72,lineitem,part,2000000,0,never_instantiated,0,,,,,0,0,,,,,,,,,,,,,,,,,,,,,,,,,,,,,,,,,,,,,,,,,,,,,,,,,,,,,,,,,,,,,,,,,,,,,,,,,,,,,,,,,,,,,,,,,,,,,,,,
Q20,2,13,1,0.52,,,4054,0,never_instantiated,0,,,,,0,0,partsupp,part,21551,0,never_instantiated,0,,,,,0,0,,,3671,0,never_instantiated,0,,,,,0,0,lineitem,,3671,0,never_instantiated,0,,,,,0,0,supplier,nation,1,0,never_instantiated,0,,,,,0,0,,,,,,,,,,,,,,,,,,,,,,,,,,,,,,,,,,,,,,,,,,,,,,,,
Q21,2,13,1,1.44,,nation,1,0,never_instantiated,0,,,,,0,0,,orders,7309184,0,never_instantiated,0,,,,,0,0,lineitem,supplier,4010,0,never_instantiated,0,,,,,0,0,,,734523,0,never_instantiated,0,,,,,0,0,lineitem,,734511,0,never_instantiated,0,,,,,0,0,,,707593,0,never_instantiated,0,,,,,0,0,lineitem,,707581,0,never_instantiated,0,,,,,0,0,,,,,,,,,,,,,,,,,,,,,,,,
Q22,2,13,1,0.31,,,190691,0,never_instantiated,0,,,,,0,0,orders,,190691,0,never_instantiated,0,,,,,0,0,,,,,,,,,,,,,,,,,,,,,,,,,,,,,,,,,,,,,,,,,,,,,,,,,,,,,,,,,,,,,,,,,,,,,,,,,,,,,,,,,,,,
Q01,2,14,1,0.52,,,,,,,,,,,,,,,,,,,,,,,,,,,,,,,,,,,,,,,,,,,,,,,,,,,,,,,,,,,,,,,,,,,,,,,,,,,,,,,,,,,,,,,,,,,,,,,,,,,,,,,,,,,,
Q02,2,14,1,0.21,,region,1,0,never_instantiated,0,,,,,0,0,,nation,5,0,never_instantiated,0,,,,,0,0,supplier,,6362,0,never_instantiated,0,,,,,0,0,partsupp,part,7854,0,never_instantiated,0,,,,,0,0,,,6351,0,never_instantiated,0,,,,,0,0,,,4667,0,never_instantiated,0,,,,,0,0,,region,1,0,never_instantiated,0,,,,,0,0,,nation,5,0,never_instantiated,0,,,,,0,0,partsupp,supplier,20033,0,never_instantiated,0,,,,,0,0
Q03,2,14,1,0.41,,customer,300275,0,never_instantiated,0,,,,,0,0,lineitem,orders,1463240,0,never_instantiated,0,,,,,0,0,,,,,,,,,,,,,,,,,,,,,,,,,,,,,,,,,,,,,,,,,,,,,,,,,,,,,,,,,,,,,,,,,,,,,,,,,,,,,,,,,,,,
Q04,2,14,1,0.52,,,573671,0,never_instantiated,0,,,,,0,0,lineitem,,573671,0,never_instantiated,0,,,,,0,0,,,,,,,,,,,,,,,,,,,,,,,,,,,,,,,,,,,,,,,,,,,,,,,,,,,,,,,,,,,,,,,,,,,,,,,,,,,,,,,,,,,,
Q05,2,14,1,0.72,,region,1,0,never_instantiated,0,,,,,0,0,,nation,5,0,never_instantiated,0,,,,,0,0,,customer,300270,0,never_instantiated,0,,,,,0,0,,supplier,100000,0,never_instantiated,0,,,,,0,0,lineitem,orders,457191,0,never_instantiated,0,,,,,0,0,,,,,,,,,,,,,,,,,,,,,,,,,,,,,,,,,,,,,,,,,,,,,,,,
Q06,2,14,1,0.31,,,,,,,,,,,,,,,,,,,,,,,,,,,,,,,,,,,,,,,,,,,,,,,,,,,,,,,,,,,,,,,,,,,,,,,,,,,,,,,,,,,,,,,,,,,,,,,,,,,,,,,,,,,,
Q07,2,14,1,0.52,,nation,2,0,never_instantiated,0,,,,,0,0,,customer,120469,0,never_instantiated,0,,,,,0,0,,nation,2,0,never_instantiated,0,,,,,0,0,,supplier,8010,0,never_instantiated,0,,,,,0,0,lineitem,orders,1226777,0,never_instantiated,0,,,,,0,0,,,,,,,,,,,,,,,,,,,,,,,,,,,,,,,,,,,,,,,,,,,,,,,,
Q08,2,14,1,0.52,,region,1,0,never_instantiated,0,,,,,0,0,,nation,5,0,never_instantiated,0,,,,,0,0,,part,13452,0,never_instantiated,0,,,,,0,0,,customer,299435,0,never_instantiated,0,,,,,0,0,,orders,911192,0,never_instantiated,0,,,,,0,0,,nation,25,0,never_instantiated,0,,,,,0,0,lineitem,supplier,100000,0,never_instantiated,0,,,,,0,0,,,,,,,,,,,,,,,,,,,,,,,,
Q09,2,14,1,1.03,,nation,25,0,never_instantiated,0,,,,,0,0,,supplier,100000,0,never_instantiated,0,,,,,0,0,,part,108782,0,never_instantiated,0,,,,,0,0,,orders,15000000,0,never_instantiated,0,,,,,0,0,lineitem,partsupp,8000000,0,never_instantiated,0,,,,,0,0,,,,,,,,,,,,,,,,,,,,,,,,,,,,,,,,,,,,,,,,,,,,,,,,
Q10,2,14,1,0.62,,nation,25,0,never_instantiated,0,,,,,0,0,customer,,1147084,0,never_instantiated,0,,,,,0,0,lineitem,orders,573157,0,never_instantiated,0,,,,,0,0,,,,,,,,,,,,,,,,,,,,,,,,,,,,,,,,,,,,,,,,,,,,,,,,,,,,,,,,,,,,,,,,,,,,,,,,
Q11,2,14,1,0.21,partsupp,,4049,0,never_instantiated,0,,,,,0,0,supplier,nation,1,0,never_instantiated,0,,,,,0,0,partsupp,,4049,0,never_instantiated,0,,,,,0,0,supplier,nation,1,0,never_instantiated,0,,,,,0,0,,,,,,,,,,,,,,,,,,,,,,,,,,,,,,,,,,,,,,,,,,,,,,,,,,,,,,,,,,,,
Q12,2,14,1,0.41,orders,lineitem,310803,0,never_instantiated,0,,,,,0,0,,,,,,,,,,,,,,,,,,,,,,,,,,,,,,,,,,,,,,,,,,,,,,,,,,,,,,,,,,,,,,,,,,,,,,,,,,,,,,,,,,,,,,,,,,,,,,,,
Q13,2,14,1,0.93,orders,customer,1500000,0,never_instantiated,0,,,,,0,0,,,,,,,,,,,,,,,,,,,,,,,,,,,,,,,,,,,,,,,,,,,,,,,,,,,,,,,,,,,,,,,,,,,,,,,,,,,,,,,,,,,,,,,,,,,,,,,,
Q14,2,14,1,0.52,lineitem,part,2000000,0,never_instantiated,0,,,,,0,0,,,,,,,,,,,,,,,,,,,,,,,,,,,,,,,,,,,,,,,,,,,,,,,,,,,,,,,,,,,,,,,,,,,,,,,,,,,,,,,,,,,,,,,,,,,,,,,,
Q15,2,14,1,0.41,,,1,0,never_instantiated,0,,,,,0,0,supplier,,100000,0,never_instantiated,0,,,,,0,0,,,,,,,,,,,,,,,,,,,,,,,,,,,,,,,,,,,,,,,,,,,,,,,,,,,,,,,,,,,,,,,,,,,,,,,,,,,,,,,,,,,,
Q16,2,14,1,0.31,,supplier,56,0,never_instantiated,0,,,,,0,0,partsupp,,296824,0,never_instantiated,0,,,,,0,0,part,,8,0,never_instantiated,0,,,,,0,0,,,,,,,,,,,,,,,,,,,,,,,,,,,,,,,,,,,,,,,,,,,,,,,,,,,,,,,,,,,,,,,,,,,,,,,,
Q17,2,14,1,0.72,lineitem,part,2044,0,never_instantiated,0,,,,,0,0,,,61385,0,never_instantiated,0,,,,,0,0,lineitem,,2044,0,never_instantiated,0,,,,,0,0,,,,,,,,,,,,,,,,,,,,,,,,,,,,,,,,,,,,,,,,,,,,,,,,,,,,,,,,,,,,,,,,,,,,,,,,
Q18,2,14,1,2.16,,lineitem,624,0,never_instantiated,0,,,,,0,0,,customer,1499999,0,never_instantiated,0,,,,,0,0,lineitem,orders,15000000,0,never_instantiated,0,,,,,0,0,,,,,,,,,,,,,,,,,,,,,,,,,,,,,,,,,,,,,,,,,,,,,,,,,,,,,,,,,,,,,,,,,,,,,,,,
Q19,2,14,1,0.72,lineitem,part,2000000,0,never_instantiated,0,,,,,0,0,,,,,,,,,,,,,,,,,,,,,,,,,,,,,,,,,,,,,,,,,,,,,,,,,,,,,,,,,,,,,,,,,,,,,,,,,,,,,,,,,,,,,,,,,,,,,,,,
Q20,2,14,1,0.52,,,4054,0,never_instantiated,0,,,,,0,0,partsupp,part,21551,0,never_instantiated,0,,,,,0,0,,,3671,0,never_instantiated,0,,,,,0,0,lineitem,,3671,0,never_instantiated,0,,,,,0,0,supplier,nation,1,0,never_instantiated,0,,,,,0,0,,,,,,,,,,,,,,,,,,,,,,,,,,,,,,,,,,,,,,,,,,,,,,,,
Q21,2,14,1,1.44,,nation,1,0,never_instantiated,0,,,,,0,0,,supplier,4010,0,never_instantiated,0,,,,,0,0,lineitem,orders,7309184,0,never_instantiated,0,,,,,0,0,,,734523,0,never_instantiated,0,,,,,0,0,lineitem,,734511,0,never_instantiated,0,,,,,0,0,,,707593,0,never_instantiated,0,,,,,0,0,lineitem,,707581,0,never_instantiated,0,,,,,0,0,,,,,,,,,,,,,,,,,,,,,,,,
Q22,2,14,1,0.31,,,190691,0,never_instantiated,0,,,,,0,0,orders,,190691,0,never_instantiated,0,,,,,0,0,,,,,,,,,,,,,,,,,,,,,,,,,,,,,,,,,,,,,,,,,,,,,,,,,,,,,,,,,,,,,,,,,,,,,,,,,,,,,,,,,,,,
Q01,2,15,1,0.52,,,,,,,,,,,,,,,,,,,,,,,,,,,,,,,,,,,,,,,,,,,,,,,,,,,,,,,,,,,,,,,,,,,,,,,,,,,,,,,,,,,,,,,,,,,,,,,,,,,,,,,,,,,,
Q02,2,15,1,0.21,,region,1,0,never_instantiated,0,,,,,0,0,,nation,5,0,never_instantiated,0,,,,,0,0,,part,7854,0,never_instantiated,0,,,,,0,0,partsupp,supplier,20033,0,never_instantiated,0,,,,,0,0,,,6351,0,never_instantiated,0,,,,,0,0,,,4667,0,never_instantiated,0,,,,,0,0,,region,1,0,never_instantiated,0,,,,,0,0,,nation,5,0,never_instantiated,0,,,,,0,0,partsupp,supplier,20033,0,never_instantiated,0,,,,,0,0
Q03,2,15,1,0.41,,customer,300275,0,never_instantiated,0,,,,,0,0,lineitem,orders,1463240,0,never_instantiated,0,,,,,0,0,,,,,,,,,,,,,,,,,,,,,,,,,,,,,,,,,,,,,,,,,,,,,,,,,,,,,,,,,,,,,,,,,,,,,,,,,,,,,,,,,,,,
Q04,2,15,1,0.52,,,573671,0,never_instantiated,0,,,,,0,0,lineitem,,573671,0,never_instantiated,0,,,,,0,0,,,,,,,,,,,,,,,,,,,,,,,,,,,,,,,,,,,,,,,,,,,,,,,,,,,,,,,,,,,,,,,,,,,,,,,,,,,,,,,,,,,,
Q05,2,15,1,0.93,,customer,1499999,0,never_instantiated,0,,,,,0,0,,region,1,0,never_instantiated,0,,,,,0,0,,orders,2275919,0,never_instantiated,0,,,,,0,0,,nation,5,0,never_instantiated,0,,,,,0,0,lineitem,supplier,20037,0,never_instantiated,0,,,,,0,0,,,,,,,,,,,,,,,,,,,,,,,,,,,,,,,,,,,,,,,,,,,,,,,,
Q06,2,15,1,0.31,,,,,,,,,,,,,,,,,,,,,,,,,,,,,,,,,,,,,,,,,,,,,,,,,,,,,,,,,,,,,,,,,,,,,,,,,,,,,,,,,,,,,,,,,,,,,,,,,,,,,,,,,,,,
Q07,2,15,1,0.52,,nation,2,0,never_instantiated,0,,,,,0,0,,nation,2,0,never_instantiated,0,,,,,0,0,,customer,120469,0,never_instantiated,0,,,,,0,0,orders,,119259,0,never_instantiated,0,,,,,0,0,lineitem,supplier,8010,0,never_instantiated,0,,,,,0,0,,,,,,,,,,,,,,,,,,,,,,,,,,,,,,,,,,,,,,,,,,,,,,,,
Q08,2,15,1,0.62,,region,1,0,never_instantiated,0,,,,,0,0,,nation,5,0,never_instantiated,0,,,,,0,0,customer,,24276,0,never_instantiated,0,,,,,0,0,,nation,25,0,never_instantiated,0,,,,,0,0,,supplier,100000,0,never_instantiated,0,,,,,0,0,,part,13452,0,never_instantiated,0,,,,,0,0,lineitem,orders,911192,0,never_instantiated,0,,,,,0,0,,,,,,,,,,,,,,,,,,,,,,,,
Q09,2,15,1,1.13,,nation,25,0,never_instantiated,0,,,,,0,0,,partsupp,8000000,0,never_instantiated,0,,,,,0,0,,part,108782,0,never_instantiated,0,,,,,0,0,,orders,15000000,0,never_instantiated,0,,,,,0,0,lineitem,supplier,100000,0,never_instantiated,0,,,,,0,0,,,,,,,,,,,,,,,,,,,,,,,,,,,,,,,,,,,,,,,,,,,,,,,,
Q10,2,15,1,0.62,,nation,25,0,never_instantiated,0,,,,,0,0,customer,,1147084,0,never_instantiated,0,,,,,0,0,lineitem,orders,573157,0,never_instantiated,0,,,,,0,0,,,,,,,,,,,,,,,,,,,,,,,,,,,,,,,,,,,,,,,,,,,,,,,,,,,,,,,,,,,,,,,,,,,,,,,,
Q11,2,15,1,0.21,,nation,1,0,never_instantiated,0,,,,,0,0,partsupp,supplier,4049,0,never_instantiated,0,,,,,0,0,,nation,1,0,never_instantiated,0,,,,,0,0,partsupp,supplier,4049,0,never_instantiated,0,,,,,0,0,,,,,,,,,,,,,,,,,,,,,,,,,,,,,,,,,,,,,,,,,,,,,,,,,,,,,,,,,,,,
Q12,2,15,1,0.41,orders,lineitem,310803,0,never_instantiated,0,,,,,0,0,,,,,,,,,,,,,,,,,,,,,,,,,,,,,,,,,,,,,,,,,,,,,,,,,,,,,,,,,,,,,,,,,,,,,,,,,,,,,,,,,,,,,,,,,,,,,,,,
Q13,2,15,1,0.93,orders,customer,1500000,0,never_instantiated,0,,,,,0,0,,,,,,,,,,,,,,,,,,,,,,,,,,,,,,,,,,,,,,,,,,,,,,,,,,,,,,,,,,,,,,,,,,,,,,,,,,,,,,,,,,,,,,,,,,,,,,,,
Q14,2,15,1,0.62,lineitem,part,2000000,0,never_instantiated,0,,,,,0,0,,,,,,,,,,,,,,,,,,,,,,,,,,,,,,,,,,,,,,,,,,,,,,,,,,,,,,,,,,,,,,,,,,,,,,,,,,,,,,,,,,,,,,,,,,,,,,,,
Q15,2,15,1,0.41,,,1,0,never_instantiated,0,,,,,0,0,supplier,,100000,0,never_instantiated,0,,,,,0,0,,,,,,,,,,,,,,,,,,,,,,,,,,,,,,,,,,,,,,,,,,,,,,,,,,,,,,,,,,,,,,,,,,,,,,,,,,,,,,,,,,,,
Q16,2,15,1,0.31,,supplier,56,0,never_instantiated,0,,,,,0,0,partsupp,,296824,0,never_instantiated,0,,,,,0,0,part,,8,0,never_instantiated,0,,,,,0,0,,,,,,,,,,,,,,,,,,,,,,,,,,,,,,,,,,,,,,,,,,,,,,,,,,,,,,,,,,,,,,,,,,,,,,,,
Q17,2,15,1,0.72,lineitem,part,2044,0,never_instantiated,0,,,,,0,0,,,61385,0,never_instantiated,0,,,,,0,0,lineitem,,2044,0,never_instantiated,0,,,,,0,0,,,,,,,,,,,,,,,,,,,,,,,,,,,,,,,,,,,,,,,,,,,,,,,,,,,,,,,,,,,,,,,,,,,,,,,,
Q18,2,15,1,2.16,,lineitem,624,0,never_instantiated,0,,,,,0,0,,customer,1499999,0,never_instantiated,0,,,,,0,0,lineitem,orders,15000000,0,never_instantiated,0,,,,,0,0,,,,,,,,,,,,,,,,,,,,,,,,,,,,,,,,,,,,,,,,,,,,,,,,,,,,,,,,,,,,,,,,,,,,,,,,
Q19,2,15,1,0.72,lineitem,part,2000000,0,never_instantiated,0,,,,,0,0,,,,,,,,,,,,,,,,,,,,,,,,,,,,,,,,,,,,,,,,,,,,,,,,,,,,,,,,,,,,,,,,,,,,,,,,,,,,,,,,,,,,,,,,,,,,,,,,
Q20,2,15,1,0.52,,,4054,0,never_instantiated,0,,,,,0,0,partsupp,part,21551,0,never_instantiated,0,,,,,0,0,,,3671,0,never_instantiated,0,,,,,0,0,lineitem,,3671,0,never_instantiated,0,,,,,0,0,supplier,nation,1,0,never_instantiated,0,,,,,0,0,,,,,,,,,,,,,,,,,,,,,,,,,,,,,,,,,,,,,,,,,,,,,,,,
Q21,2,15,1,1.44,,nation,1,0,never_instantiated,0,,,,,0,0,,orders,7309184,0,never_instantiated,0,,,,,0,0,lineitem,supplier,4010,0,never_instantiated,0,,,,,0,0,,,734523,0,never_instantiated,0,,,,,0,0,lineitem,,734511,0,never_instantiated,0,,,,,0,0,,,707593,0,never_instantiated,0,,,,,0,0,lineitem,,707581,0,never_instantiated,0,,,,,0,0,,,,,,,,,,,,,,,,,,,,,,,,
Q22,2,15,1,0.31,,,190691,0,never_instantiated,0,,,,,0,0,orders,,190691,0,never_instantiated,0,,,,,0,0,,,,,,,,,,,,,,,,,,,,,,,,,,,,,,,,,,,,,,,,,,,,,,,,,,,,,,,,,,,,,,,,,,,,,,,,,,,,,,,,,,,,
Q01,2,16,1,0.52,,,,,,,,,,,,,,,,,,,,,,,,,,,,,,,,,,,,,,,,,,,,,,,,,,,,,,,,,,,,,,,,,,,,,,,,,,,,,,,,,,,,,,,,,,,,,,,,,,,,,,,,,,,,
Q02,2,16,1,0.21,,region,1,0,never_instantiated,0,,,,,0,0,,nation,5,0,never_instantiated,0,,,,,0,0,supplier,,6362,0,never_instantiated,0,,,,,0,0,partsupp,part,7854,0,never_instantiated,0,,,,,0,0,,,6351,0,never_instantiated,0,,,,,0,0,,,4667,0,never_instantiated,0,,,,,0,0,partsupp,,20033,0,never_instantiated,0,,,,,0,0,,region,1,0,never_instantiated,0,,,,,0,0,supplier,nation,5,0,never_instantiated,0,,,,,0,0
Q03,2,16,1,0.82,,customer,300275,0,never_instantiated,0,,,,,0,0,lineitem,orders,7289442,0,never_instantiated,0,,,,,0,0,,,,,,,,,,,,,,,,,,,,,,,,,,,,,,,,,,,,,,,,,,,,,,,,,,,,,,,,,,,,,,,,,,,,,,,,,,,,,,,,,,,,
Q04,2,16,1,0.52,,,573671,0,never_instantiated,0,,,,,0,0,lineitem,,573671,0,never_instantiated,0,,,,,0,0,,,,,,,,,,,,,,,,,,,,,,,,,,,,,,,,,,,,,,,,,,,,,,,,,,,,,,,,,,,,,,,,,,,,,,,,,,,,,,,,,,,,
Q05,2,16,1,1.03,,region,1,0,never_instantiated,0,,,,,0,0,,nation,5,0,never_instantiated,0,,,,,0,0,,customer,300270,0,never_instantiated,0,,,,,0,0,,supplier,20037,0,never_instantiated,0,,,,,0,0,lineitem,orders,2275919,0,never_instantiated,0,,,,,0,0,,,,,,,,,,,,,,,,,,,,,,,,,,,,,,,,,,,,,,,,,,,,,,,,
Q06,2,16,1,0.31,,,,,,,,,,,,,,,,,,,,,,,,,,,,,,,,,,,,,,,,,,,,,,,,,,,,,,,,,,,,,,,,,,,,,,,,,,,,,,,,,,,,,,,,,,,,,,,,,,,,,,,,,,,,
Q07,2,16,1,0.52,,nation,2,0,never_instantiated,0,,,,,0,0,,customer,120469,0,never_instantiated,0,,,,,0,0,,nation,2,0,never_instantiated,0,,,,,0,0,,supplier,8010,0,never_instantiated,0,,,,,0,0,lineitem,orders,1226777,0,never_instantiated,0,,,,,0,0,,,,,,,,,,,,,,,,,,,,,,,,,,,,,,,,,,,,,,,,,,,,,,,,
Q08,2,16,1,0.62,,region,1,0,never_instantiated,0,,,,,0,0,,nation,5,0,never_instantiated,0,,,,,0,0,customer,,24276,0,never_instantiated,0,,,,,0,0,orders,,24717,0,never_instantiated,0,,,,,0,0,,nation,25,0,never_instantiated,0,,,,,0,0,,supplier,100000,0,never_instantiated,0,,,,,0,0,lineitem,part,13452,0,never_instantiated,0,,,,,0,0,,,,,,,,,,,,,,,,,,,,,,,,
Q09,2,16,1,1.75,,nation,25,0,never_instantiated,0,,,,,0,0,,supplier,100000,0,never_instantiated,0,,,,,0,0,,partsupp,8000000,0,never_instantiated,0,,,,,0,0,,part,108782,0,never_instantiated,0,,,,,0,0,lineitem,orders,15000000,0,never_instantiated,0,,,,,0,0,,,,,,,,,,,,,,,,,,,,,,,,,,,,,,,,,,,,,,,,,,,,,,,,
Q10,2,16,1,0.62,,nation,25,0,never_instantiated,0,,,,,0,0,customer,,1147084,0,never_instantiated,0,,,,,0,0,lineitem,orders,573157,0,never_instantiated,0,,,,,0,0,,,,,,,,,,,,,,,,,,,,,,,,,,,,,,,,,,,,,,,,,,,,,,,,,,,,,,,,,,,,,,,,,,,,,,,,
Q11,2,16,1,0.21,partsupp,,4049,0,never_instantiated,0,,,,,0,0,supplier,nation,1,0,never_instantiated,0,,,,,0,0,partsupp,,4049,0,never_instantiated,0,,,,,0,0,supplier,nation,1,0,never_instantiated,0,,,,,0,0,,,,,,,,,,,,,,,,,,,,,,,,,,,,,,,,,,,,,,,,,,,,,,,,,,,,,,,,,,,,
Q12,2,16,1,0.41,orders,lineitem,310803,0,never_instantiated,0,,,,,0,0,,,,,,,,,,,,,,,,,,,,,,,,,,,,,,,,,,,,,,,,,,,,,,,,,,,,,,,,,,,,,,,,,,,,,,,,,,,,,,,,,,,,,,,,,,,,,,,,
Q13,2,16,1,0.93,orders,customer,1500000,0,never_instantiated,0,,,,,0,0,,,,,,,,,,,,,,,,,,,,,,,,,,,,,,,,,,,,,,,,,,,,,,,,,,,,,,,,,,,,,,,,,,,,,,,,,,,,,,,,,,,,,,,,,,,,,,,,
Q14,2,16,1,0.62,lineitem,part,2000000,0,never_instantiated,0,,,,,0,0,,,,,,,,,,,,,,,,,,,,,,,,,,,,,,,,,,,,,,,,,,,,,,,,,,,,,,,,,,,,,,,,,,,,,,,,,,,,,,,,,,,,,,,,,,,,,,,,
Q15,2,16,1,0.41,,,1,0,never_instantiated,0,,,,,0,0,supplier,,100000,0,never_instantiated,0,,,,,0,0,,,,,,,,,,,,,,,,,,,,,,,,,,,,,,,,,,,,,,,,,,,,,,,,,,,,,,,,,,,,,,,,,,,,,,,,,,,,,,,,,,,,
Q16,2,16,1,0.31,,supplier,56,0,never_instantiated,0,,,,,0,0,partsupp,,296824,0,never_instantiated,0,,,,,0,0,part,,8,0,never_instantiated,0,,,,,0,0,,,,,,,,,,,,,,,,,,,,,,,,,,,,,,,,,,,,,,,,,,,,,,,,,,,,,,,,,,,,,,,,,,,,,,,,
Q17,2,16,1,0.72,lineitem,part,2044,0,never_instantiated,0,,,,,0,0,,,61385,0,never_instantiated,0,,,,,0,0,lineitem,,2044,0,never_instantiated,0,,,,,0,0,,,,,,,,,,,,,,,,,,,,,,,,,,,,,,,,,,,,,,,,,,,,,,,,,,,,,,,,,,,,,,,,,,,,,,,,
Q18,2,16,1,2.16,,lineitem,624,0,never_instantiated,0,,,,,0,0,,customer,1499999,0,never_instantiated,0,,,,,0,0,lineitem,orders,15000000,0,never_instantiated,0,,,,,0,0,,,,,,,,,,,,,,,,,,,,,,,,,,,,,,,,,,,,,,,,,,,,,,,,,,,,,,,,,,,,,,,,,,,,,,,,
Q19,2,16,1,0.72,lineitem,part,2000000,0,never_instantiated,0,,,,,0,0,,,,,,,,,,,,,,,,,,,,,,,,,,,,,,,,,,,,,,,,,,,,,,,,,,,,,,,,,,,,,,,,,,,,,,,,,,,,,,,,,,,,,,,,,,,,,,,,
Q20,2,16,1,0.52,,,4054,0,never_instantiated,0,,,,,0,0,partsupp,part,21551,0,never_instantiated,0,,,,,0,0,,,3671,0,never_instantiated,0,,,,,0,0,lineitem,,3671,0,never_instantiated,0,,,,,0,0,supplier,nation,1,0,never_instantiated,0,,,,,0,0,,,,,,,,,,,,,,,,,,,,,,,,,,,,,,,,,,,,,,,,,,,,,,,,
Q21,2,16,1,1.44,,nation,1,0,never_instantiated,0,,,,,0,0,,supplier,4010,0,never_instantiated,0,,,,,0,0,lineitem,orders,7309184,0,never_instantiated,0,,,,,0,0,,,734523,0,never_instantiated,0,,,,,0,0,lineitem,,734511,0,never_instantiated,0,,,,,0,0,,,707593,0,never_instantiated,0,,,,,0,0,lineitem,,707581,0,never_instantiated,0,,,,,0,0,,,,,,,,,,,,,,,,,,,,,,,,
Q22,2,16,1,0.31,,,190691,0,never_instantiated,0,,,,,0,0,orders,,190691,0,never_instantiated,0,,,,,0,0,,,,,,,,,,,,,,,,,,,,,,,,,,,,,,,,,,,,,,,,,,,,,,,,,,,,,,,,,,,,,,,,,,,,,,,,,,,,,,,,,,,,
Q01,2,17,1,0.52,,,,,,,,,,,,,,,,,,,,,,,,,,,,,,,,,,,,,,,,,,,,,,,,,,,,,,,,,,,,,,,,,,,,,,,,,,,,,,,,,,,,,,,,,,,,,,,,,,,,,,,,,,,,
Q02,2,17,1,0.21,,region,1,0,never_instantiated,0,,,,,0,0,,nation,5,0,never_instantiated,0,,,,,0,0,,part,7854,0,never_instantiated,0,,,,,0,0,partsupp,supplier,20033,0,never_instantiated,0,,,,,0,0,,,6351,0,never_instantiated,0,,,,,0,0,,,4667,0,never_instantiated,0,,,,,0,0,partsupp,,20033,0,never_instantiated,0,,,,,0,0,,region,1,0,never_instantiated,0,,,,,0,0,supplier,nation,5,0,never_instantiated,0,,,,,0,0
Q03,2,17,1,0.52,,customer,300275,0,never_instantiated,0,,,,,0,0,lineitem,orders,1463240,0,never_instantiated,0,,,,,0,0,,,,,,,,,,,,,,,,,,,,,,,,,,,,,,,,,,,,,,,,,,,,,,,,,,,,,,,,,,,,,,,,,,,,,,,,,,,,,,,,,,,,
Q04,2,17,1,0.52,,,573671,0,never_instantiated,0,,,,,0,0,lineitem,,573671,0,never_instantiated,0,,,,,0,0,,,,,,,,,,,,,,,,,,,,,,,,,,,,,,,,,,,,,,,,,,,,,,,,,,,,,,,,,,,,,,,,,,,,,,,,,,,,,,,,,,,,
Q05,2,17,1,0.93,,region,1,0,never_instantiated,0,,,,,0,0,,customer,1499999,0,never_instantiated,0,,,,,0,0,,nation,5,0,never_instantiated,0,,,,,0,0,,orders,2275919,0,never_instantiated,0,,,,,0,0,lineitem,supplier,20037,0,never_instantiated,0,,,,,0,0,,,,,,,,,,,,,,,,,,,,,,,,,,,,,,,,,,,,,,,,,,,,,,,,
Q06,2,17,1,0.31,,,,,,,,,,,,,,,,,,,,,,,,,,,,,,,,,,,,,,,,,,,,,,,,,,,,,,,,,,,,,,,,,,,,,,,,,,,,,,,,,,,,,,,,,,,,,,,,,,,,,,,,,,,,
Q07,2,17,1,0.52,,nation,2,0,never_instantiated,0,,,,,0,0,,nation,2,0,never_instantiated,0,,,,,0,0,,customer,120469,0,never_instantiated,0,,,,,0,0,orders,,119259,0,never_instantiated,0,,,,,0,0,lineitem,supplier,8010,0,never_instantiated,0,,,,,0,0,,,,,,,,,,,,,,,,,,,,,,,,,,,,,,,,,,,,,,,,,,,,,,,,
Q08,2,17,1,0.52,,nation,25,0,never_instantiated,0,,,,,0,0,,region,1,0,never_instantiated,0,,,,,0,0,,nation,5,0,never_instantiated,0,,,,,0,0,customer,,24276,0,never_instantiated,0,,,,,0,0,orders,,24717,0,never_instantiated,0,,,,,0,0,,part,13452,0,never_instantiated,0,,,,,0,0,lineitem,supplier,100000,0,never_instantiated,0,,,,,0,0,,,,,,,,,,,,,,,,,,,,,,,,
Q09,2,17,1,1.03,,partsupp,8000000,0,never_instantiated,0,,,,,0,0,,orders,15000000,0,never_instantiated,0,,,,,0,0,,nation,25,0,never_instantiated,0,,,,,0,0,,supplier,100000,0,never_instantiated,0,,,,,0,0,lineitem,part,108782,0,never_instantiated,0,,,,,0,0,,,,,,,,,,,,,,,,,,,,,,,,,,,,,,,,,,,,,,,,,,,,,,,,
Q10,2,17,1,0.62,,nation,25,0,never_instantiated,0,,,,,0,0,customer,,1147084,0,never_instantiated,0,,,,,0,0,lineitem,orders,573157,0,never_instantiated,0,,,,,0,0,,,,,,,,,,,,,,,,,,,,,,,,,,,,,,,,,,,,,,,,,,,,,,,,,,,,,,,,,,,,,,,,,,,,,,,,
Q11,2,17,1,0.21,,nation,1,0,never_instantiated,0,,,,,0,0,partsupp,supplier,4049,0,never_instantiated,0,,,,,0,0,,nation,1,0,never_instantiated,0,,,,,0,0,partsupp,supplier,4049,0,never_instantiated,0,,,,,0,0,,,,,,,,,,,,,,,,,,,,,,,,,,,,,,,,,,,,,,,,,,,,,,,,,,,,,,,,,,,,
Q12,2,17,1,0.41,orders,lineitem,310803,0,never_instantiated,0,,,,,0,0,,,,,,,,,,,,,,,,,,,,,,,,,,,,,,,,,,,,,,,,,,,,,,,,,,,,,,,,,,,,,,,,,,,,,,,,,,,,,,,,,,,,,,,,,,,,,,,,
Q13,2,17,1,0.93,orders,customer,1500000,0,never_instantiated,0,,,,,0,0,,,,,,,,,,,,,,,,,,,,,,,,,,,,,,,,,,,,,,,,,,,,,,,,,,,,,,,,,,,,,,,,,,,,,,,,,,,,,,,,,,,,,,,,,,,,,,,,
Q14,2,17,1,0.62,lineitem,part,2000000,0,never_instantiated,0,,,,,0,0,,,,,,,,,,,,,,,,,,,,,,,,,,,,,,,,,,,,,,,,,,,,,,,,,,,,,,,,,,,,,,,,,,,,,,,,,,,,,,,,,,,,,,,,,,,,,,,,
Q15,2,17,1,0.41,,,1,0,never_instantiated,0,,,,,0,0,supplier,,100000,0,never_instantiated,0,,,,,0,0,,,,,,,,,,,,,,,,,,,,,,,,,,,,,,,,,,,,,,,,,,,,,,,,,,,,,,,,,,,,,,,,,,,,,,,,,,,,,,,,,,,,
Q16,2,17,1,0.31,,supplier,56,0,never_instantiated,0,,,,,0,0,partsupp,,296824,0,never_instantiated,0,,,,,0,0,part,,8,0,never_instantiated,0,,,,,0,0,,,,,,,,,,,,,,,,,,,,,,,,,,,,,,,,,,,,,,,,,,,,,,,,,,,,,,,,,,,,,,,,,,,,,,,,
Q17,2,17,1,0.72,lineitem,part,2044,0,never_instantiated,0,,,,,0,0,,,61385,0,never_instantiated,0,,,,,0,0,lineitem,,2044,0,never_instantiated,0,,,,,0,0,,,,,,,,,,,,,,,,,,,,,,,,,,,,,,,,,,,,,,,,,,,,,,,,,,,,,,,,,,,,,,,,,,,,,,,,
Q18,2,17,1,2.16,,lineitem,624,0,never_instantiated,0,,,,,0,0,,customer,1499999,0,never_instantiated,0,,,,,0,0,lineitem,orders,15000000,0,never_instantiated,0,,,,,0,0,,,,,,,,,,,,,,,,,,,,,,,,,,,,,,,,,,,,,,,,,,,,,,,,,,,,,,,,,,,,,,,,,,,,,,,,
Q19,2,17,1,0.72,lineitem,part,2000000,0,never_instantiated,0,,,,,0,0,,,,,,,,,,,,,,,,,,,,,,,,,,,,,,,,,,,,,,,,,,,,,,,,,,,,,,,,,,,,,,,,,,,,,,,,,,,,,,,,,,,,,,,,,,,,,,,,
Q20,2,17,1,0.52,,,4054,0,never_instantiated,0,,,,,0,0,partsupp,part,21551,0,never_instantiated,0,,,,,0,0,,,3671,0,never_instantiated,0,,,,,0,0,lineitem,,3671,0,never_instantiated,0,,,,,0,0,supplier,nation,1,0,never_instantiated,0,,,,,0,0,,,,,,,,,,,,,,,,,,,,,,,,,,,,,,,,,,,,,,,,,,,,,,,,
Q21,2,17,1,1.44,,nation,1,0,never_instantiated,0,,,,,0,0,,orders,7309184,0,never_instantiated,0,,,,,0,0,lineitem,supplier,4010,0,never_instantiated,0,,,,,0,0,,,734523,0,never_instantiated,0,,,,,0,0,lineitem,,734511,0,never_instantiated,0,,,,,0,0,,,707593,0,never_instantiated,0,,,,,0,0,lineitem,,707581,0,never_instantiated,0,,,,,0,0,,,,,,,,,,,,,,,,,,,,,,,,
Q22,2,17,1,0.31,,,190691,0,never_instantiated,0,,,,,0,0,orders,,190691,0,never_instantiated,0,,,,,0,0,,,,,,,,,,,,,,,,,,,,,,,,,,,,,,,,,,,,,,,,,,,,,,,,,,,,,,,,,,,,,,,,,,,,,,,,,,,,,,,,,,,,
Q01,2,18,1,0.52,,,,,,,,,,,,,,,,,,,,,,,,,,,,,,,,,,,,,,,,,,,,,,,,,,,,,,,,,,,,,,,,,,,,,,,,,,,,,,,,,,,,,,,,,,,,,,,,,,,,,,,,,,,,
Q02,2,18,1,0.21,,region,1,0,never_instantiated,0,,,,,0,0,,nation,5,0,never_instantiated,0,,,,,0,0,supplier,,6362,0,never_instantiated,0,,,,,0,0,partsupp,part,7854,0,never_instantiated,0,,,,,0,0,,,6351,0,never_instantiated,0,,,,,0,0,,,4667,0,never_instantiated,0,,,,,0,0,,region,1,0,never_instantiated,0,,,,,0,0,,nation,5,0,never_instantiated,0,,,,,0,0,partsupp,supplier,20033,0,never_instantiated,0,,,,,0,0
Q03,2,18,1,0.41,,customer,300275,0,never_instantiated,0,,,,,0,0,lineitem,orders,1463240,0,never_instantiated,0,,,,,0,0,,,,,,,,,,,,,,,,,,,,,,,,,,,,,,,,,,,,,,,,,,,,,,,,,,,,,,,,,,,,,,,,,,,,,,,,,,,,,,,,,,,,
Q04,2,18,1,0.52,,,573671,0,never_instantiated,0,,,,,0,0,lineitem,,573671,0,never_instantiated,0,,,,,0,0,,,,,,,,,,,,,,,,,,,,,,,,,,,,,,,,,,,,,,,,,,,,,,,,,,,,,,,,,,,,,,,,,,,,,,,,,,,,,,,,,,,,
Q05,2,18,1,1.03,,region,1,0,never_instantiated,0,,,,,0,0,,customer,1499999,0,never_instantiated,0,,,,,0,0,,nation,5,0,never_instantiated,0,,,,,0,0,,supplier,20037,0,never_instantiated,0,,,,,0,0,lineitem,orders,2275919,0,never_instantiated,0,,,,,0,0,,,,,,,,,,,,,,,,,,,,,,,,,,,,,,,,,,,,,,,,,,,,,,,,
Q06,2,18,1,0.31,,,,,,,,,,,,,,,,,,,,,,,,,,,,,,,,,,,,,,,,,,,,,,,,,,,,,,,,,,,,,,,,,,,,,,,,,,,,,,,,,,,,,,,,,,,,,,,,,,,,,,,,,,,,
Q07,2,18,1,0.52,,nation,2,0,never_instantiated,0,,,,,0,0,,nation,2,0,never_instantiated,0,,,,,0,0,,customer,120469,0,never_instantiated,0,,,,,0,0,,supplier,8010,0,never_instantiated,0,,,,,0,0,lineitem,orders,1226777,0,never_instantiated,0,,,,,0,0,,,,,,,,,,,,,,,,,,,,,,,,,,,,,,,,,,,,,,,,,,,,,,,,
Q08,2,18,1,0.62,,region,1,0,never_instantiated,0,,,,,0,0,,part,13452,0,never_instantiated,0,,,,,0,0,,nation,25,0,never_instantiated,0,,,,,0,0,,nation,5,0,never_instantiated,0,,,,,0,0,,customer,299435,0,never_instantiated,0,,,,,0,0,,supplier,100000,0,never_instantiated,0,,,,,0,0,lineitem,orders,911192,0,never_instantiated,0,,,,,0,0,,,,,,,,,,,,,,,,,,,,,,,,
Q09,2,18,1,1.13,,part,108782,0,never_instantiated,0,,,,,0,0,,orders,15000000,0,never_instantiated,0,,,,,0,0,,nation,25,0,never_instantiated,0,,,,,0,0,,supplier,100000,0,never_instantiated,0,,,,,0,0,lineitem,partsupp,8000000,0,never_instantiated,0,,,,,0,0,,,,,,,,,,,,,,,,,,,,,,,,,,,,,,,,,,,,,,,,,,,,,,,,
Q10,2,18,1,0.62,,nation,25,0,never_instantiated,0,,,,,0,0,customer,,1147084,0,never_instantiated,0,,,,,0,0,lineitem,orders,573157,0,never_instantiated,0,,,,,0,0,,,,,,,,,,,,,,,,,,,,,,,,,,,,,,,,,,,,,,,,,,,,,,,,,,,,,,,,,,,,,,,,,,,,,,,,
Q11,2,18,1,0.21,partsupp,,4049,0,never_instantiated,0,,,,,0,0,supplier,nation,1,0,never_instantiated,0,,,,,0,0,,nation,1,0,never_instantiated,0,,,,,0,0,partsupp,supplier,4049,0,never_instantiated,0,,,,,0,0,,,,,,,,,,,,,,,,,,,,,,,,,,,,,,,,,,,,,,,,,,,,,,,,,,,,,,,,,,,,
Q12,2,18,1,0.41,orders,lineitem,310803,0,never_instantiated,0,,,,,0,0,,,,,,,,,,,,,,,,,,,,,,,,,,,,,,,,,,,,,,,,,,,,,,,,,,,,,,,,,,,,,,,,,,,,,,,,,,,,,,,,,,,,,,,,,,,,,,,,
Q13,2,18,1,0.93,orders,customer,1500000,0,never_instantiated,0,,,,,0,0,,,,,,,,,,,,,,,,,,,,,,,,,,,,,,,,,,,,,,,,,,,,,,,,,,,,,,,,,,,,,,,,,,,,,,,,,,,,,,,,,,,,,,,,,,,,,,,,
Q14,2,18,1,0.62,lineitem,part,2000000,0,never_instantiated,0,,,,,0,0,,,,,,,,,,,,,,,,,,,,,,,,,,,,,,,,,,,,,,,,,,,,,,,,,,,,,,,,,,,,,,,,,,,,,,,,,,,,,,,,,,,,,,,,,,,,,,,,
Q15,2,18,1,0.41,,,1,0,never_instantiated,0,,,,,0,0,supplier,,100000,0,never_instantiated,0,,,,,0,0,,,,,,,,,,,,,,,,,,,,,,,,,,,,,,,,,,,,,,,,,,,,,,,,,,,,,,,,,,,,,,,,,,,,,,,,,,,,,,,,,,,,
Q16,2,18,1,0.31,,supplier,56,0,never_instantiated,0,,,,,0,0,partsupp,,296824,0,never_instantiated,0,,,,,0,0,part,,8,0,never_instantiated,0,,,,,0,0,,,,,,,,,,,,,,,,,,,,,,,,,,,,,,,,,,,,,,,,,,,,,,,,,,,,,,,,,,,,,,,,,,,,,,,,
Q17,2,18,1,0.72,lineitem,part,2044,0,never_instantiated,0,,,,,0,0,,,61385,0,never_instantiated,0,,,,,0,0,lineitem,,2044,0,never_instantiated,0,,,,,0,0,,,,,,,,,,,,,,,,,,,,,,,,,,,,,,,,,,,,,,,,,,,,,,,,,,,,,,,,,,,,,,,,,,,,,,,,
Q18,2,18,1,2.16,,lineitem,624,0,never_instantiated,0,,,,,0,0,,customer,1499999,0,never_instantiated,0,,,,,0,0,lineitem,orders,15000000,0,never_instantiated,0,,,,,0,0,,,,,,,,,,,,,,,,,,,,,,,,,,,,,,,,,,,,,,,,,,,,,,,,,,,,,,,,,,,,,,,,,,,,,,,,
Q19,2,18,1,0.72,lineitem,part,2000000,0,never_instantiated,0,,,,,0,0,,,,,,,,,,,,,,,,,,,,,,,,,,,,,,,,,,,,,,,,,,,,,,,,,,,,,,,,,,,,,,,,,,,,,,,,,,,,,,,,,,,,,,,,,,,,,,,,
Q20,2,18,1,0.52,,,4054,0,never_instantiated,0,,,,,0,0,partsupp,part,21551,0,never_instantiated,0,,,,,0,0,,,3671,0,never_instantiated,0,,,,,0,0,lineitem,,3671,0,never_instantiated,0,,,,,0,0,supplier,nation,1,0,never_instantiated,0,,,,,0,0,,,,,,,,,,,,,,,,,,,,,,,,,,,,,,,,,,,,,,,,,,,,,,,,
Q21,2,18,1,1.44,,nation,1,0,never_instantiated,0,,,,,0,0,,supplier,4010,0,never_instantiated,0,,,,,0,0,lineitem,orders,7309184,0,never_instantiated,0,,,,,0,0,,,734523,0,never_instantiated,0,,,,,0,0,lineitem,,734511,0,never_instantiated,0,,,,,0,0,,,707593,0,never_instantiated,0,,,,,0,0,lineitem,,707581,0,never_instantiated,0,,,,,0,0,,,,,,,,,,,,,,,,,,,,,,,,
Q22,2,18,1,0.31,,,190691,0,never_instantiated,0,,,,,0,0,orders,,190691,0,never_instantiated,0,,,,,0,0,,,,,,,,,,,,,,,,,,,,,,,,,,,,,,,,,,,,,,,,,,,,,,,,,,,,,,,,,,,,,,,,,,,,,,,,,,,,,,,,,,,,
Q01,2,19,1,0.52,,,,,,,,,,,,,,,,,,,,,,,,,,,,,,,,,,,,,,,,,,,,,,,,,,,,,,,,,,,,,,,,,,,,,,,,,,,,,,,,,,,,,,,,,,,,,,,,,,,,,,,,,,,,
Q02,2,19,1,0.21,,region,1,0,never_instantiated,0,,,,,0,0,,part,7854,0,never_instantiated,0,,,,,0,0,,nation,5,0,never_instantiated,0,,,,,0,0,partsupp,supplier,20033,0,never_instantiated,0,,,,,0,0,,,6351,0,never_instantiated,0,,,,,0,0,,,4667,0,never_instantiated,0,,,,,0,0,,region,1,0,never_instantiated,0,,,,,0,0,,nation,5,0,never_instantiated,0,,,,,0,0,partsupp,supplier,20033,0,never_instantiated,0,,,,,0,0
Q03,2,19,1,0.41,,customer,300275,0,never_instantiated,0,,,,,0,0,lineitem,orders,1463240,0,never_instantiated,0,,,,,0,0,,,,,,,,,,,,,,,,,,,,,,,,,,,,,,,,,,,,,,,,,,,,,,,,,,,,,,,,,,,,,,,,,,,,,,,,,,,,,,,,,,,,
Q04,2,19,1,0.52,,,573671,0,never_instantiated,0,,,,,0,0,lineitem,,573671,0,never_instantiated,0,,,,,0,0,,,,,,,,,,,,,,,,,,,,,,,,,,,,,,,,,,,,,,,,,,,,,,,,,,,,,,,,,,,,,,,,,,,,,,,,,,,,,,,,,,,,
Q05,2,19,1,9999999,,,,,,,,,,,,,,,,,,,,,,,,,,,,,,,,,,,,,,,,,,,,,,,,,,,,,,,,,,,,,,,,,,,,,,,,,,,,,,,,,,,,,,,,,,,,,,,,,,,,,,,,,,,,
Q06,2,19,1,0.31,,,,,,,,,,,,,,,,,,,,,,,,,,,,,,,,,,,,,,,,,,,,,,,,,,,,,,,,,,,,,,,,,,,,,,,,,,,,,,,,,,,,,,,,,,,,,,,,,,,,,,,,,,,,
Q07,2,19,1,0.52,,nation,2,0,never_instantiated,0,,,,,0,0,,customer,120469,0,never_instantiated,0,,,,,0,0,orders,,119259,0,never_instantiated,0,,,,,0,0,,nation,2,0,never_instantiated,0,,,,,0,0,lineitem,supplier,8010,0,never_instantiated,0,,,,,0,0,,,,,,,,,,,,,,,,,,,,,,,,,,,,,,,,,,,,,,,,,,,,,,,,
Q08,2,19,1,0.62,,region,1,0,never_instantiated,0,,,,,0,0,,nation,5,0,never_instantiated,0,,,,,0,0,,nation,25,0,never_instantiated,0,,,,,0,0,,supplier,100000,0,never_instantiated,0,,,,,0,0,customer,,24276,0,never_instantiated,0,,,,,0,0,orders,,24717,0,never_instantiated,0,,,,,0,0,lineitem,part,13452,0,never_instantiated,0,,,,,0,0,,,,,,,,,,,,,,,,,,,,,,,,
Q09,2,19,1,1.13,,nation,25,0,never_instantiated,0,,,,,0,0,,partsupp,8000000,0,never_instantiated,0,,,,,0,0,,orders,15000000,0,never_instantiated,0,,,,,0,0,,part,108782,0,never_instantiated,0,,,,,0,0,lineitem,supplier,100000,0,never_instantiated,0,,,,,0,0,,,,,,,,,,,,,,,,,,,,,,,,,,,,,,,,,,,,,,,,,,,,,,,,
Q10,2,19,1,0.62,,nation,25,0,never_instantiated,0,,,,,0,0,customer,,1147084,0,never_instantiated,0,,,,,0,0,lineitem,orders,573157,0,never_instantiated,0,,,,,0,0,,,,,,,,,,,,,,,,,,,,,,,,,,,,,,,,,,,,,,,,,,,,,,,,,,,,,,,,,,,,,,,,,,,,,,,,
Q11,2,19,1,0.21,,nation,1,0,never_instantiated,0,,,,,0,0,partsupp,supplier,4049,0,never_instantiated,0,,,,,0,0,partsupp,,4049,0,never_instantiated,0,,,,,0,0,supplier,nation,1,0,never_instantiated,0,,,,,0,0,,,,,,,,,,,,,,,,,,,,,,,,,,,,,,,,,,,,,,,,,,,,,,,,,,,,,,,,,,,,
Q12,2,19,1,0.41,orders,lineitem,310803,0,never_instantiated,0,,,,,0,0,,,,,,,,,,,,,,,,,,,,,,,,,,,,,,,,,,,,,,,,,,,,,,,,,,,,,,,,,,,,,,,,,,,,,,,,,,,,,,,,,,,,,,,,,,,,,,,,
Q13,2,19,1,0.93,orders,customer,1500000,0,never_instantiated,0,,,,,0,0,,,,,,,,,,,,,,,,,,,,,,,,,,,,,,,,,,,,,,,,,,,,,,,,,,,,,,,,,,,,,,,,,,,,,,,,,,,,,,,,,,,,,,,,,,,,,,,,
Q14,2,19,1,0.62,lineitem,part,2000000,0,never_instantiated,0,,,,,0,0,,,,,,,,,,,,,,,,,,,,,,,,,,,,,,,,,,,,,,,,,,,,,,,,,,,,,,,,,,,,,,,,,,,,,,,,,,,,,,,,,,,,,,,,,,,,,,,,
Q15,2,19,1,0.41,,,1,0,never_instantiated,0,,,,,0,0,supplier,,100000,0,never_instantiated,0,,,,,0,0,,,,,,,,,,,,,,,,,,,,,,,,,,,,,,,,,,,,,,,,,,,,,,,,,,,,,,,,,,,,,,,,,,,,,,,,,,,,,,,,,,,,
Q16,2,19,1,0.31,,supplier,56,0,never_instantiated,0,,,,,0,0,partsupp,,296824,0,never_instantiated,0,,,,,0,0,part,,8,0,never_instantiated,0,,,,,0,0,,,,,,,,,,,,,,,,,,,,,,,,,,,,,,,,,,,,,,,,,,,,,,,,,,,,,,,,,,,,,,,,,,,,,,,,
Q17,2,19,1,0.72,lineitem,part,2044,0,never_instantiated,0,,,,,0,0,,,61385,0,never_instantiated,0,,,,,0,0,lineitem,,2044,0,never_instantiated,0,,,,,0,0,,,,,,,,,,,,,,,,,,,,,,,,,,,,,,,,,,,,,,,,,,,,,,,,,,,,,,,,,,,,,,,,,,,,,,,,
Q18,2,19,1,2.16,,lineitem,624,0,never_instantiated,0,,,,,0,0,,customer,1499999,0,never_instantiated,0,,,,,0,0,lineitem,orders,15000000,0,never_instantiated,0,,,,,0,0,,,,,,,,,,,,,,,,,,,,,,,,,,,,,,,,,,,,,,,,,,,,,,,,,,,,,,,,,,,,,,,,,,,,,,,,
Q19,2,19,1,0.72,lineitem,part,2000000,0,never_instantiated,0,,,,,0,0,,,,,,,,,,,,,,,,,,,,,,,,,,,,,,,,,,,,,,,,,,,,,,,,,,,,,,,,,,,,,,,,,,,,,,,,,,,,,,,,,,,,,,,,,,,,,,,,
Q20,2,19,1,0.52,,,4054,0,never_instantiated,0,,,,,0,0,partsupp,part,21551,0,never_instantiated,0,,,,,0,0,,,3671,0,never_instantiated,0,,,,,0,0,lineitem,,3671,0,never_instantiated,0,,,,,0,0,supplier,nation,1,0,never_instantiated,0,,,,,0,0,,,,,,,,,,,,,,,,,,,,,,,,,,,,,,,,,,,,,,,,,,,,,,,,
Q21,2,19,1,1.44,orders,,1522366,0,never_instantiated,0,,,,,0,0,,nation,1,0,never_instantiated,0,,,,,0,0,lineitem,supplier,4010,0,never_instantiated,0,,,,,0,0,,,734523,0,never_instantiated,0,,,,,0,0,lineitem,,734511,0,never_instantiated,0,,,,,0,0,,,707593,0,never_instantiated,0,,,,,0,0,lineitem,,707581,0,never_instantiated,0,,,,,0,0,,,,,,,,,,,,,,,,,,,,,,,,
Q22,2,19,1,0.31,,,190691,0,never_instantiated,0,,,,,0,0,orders,,190691,0,never_instantiated,0,,,,,0,0,,,,,,,,,,,,,,,,,,,,,,,,,,,,,,,,,,,,,,,,,,,,,,,,,,,,,,,,,,,,,,,,,,,,,,,,,,,,,,,,,,,,
Q01,3,0,1,0.52,,,,,,,,,,,,,,,,,,,,,,,,,,,,,,,,,,,,,,,,,,,,,,,,,,,,,,,,,,,,,,,,,,,,,,,,,,,,,,,,,,,,,,,,,,,,,,,,,,,,,,,,,,,,
Q02,3,0,1,0.21,,region,1,0,never_instantiated,0,,,,,0,0,,nation,5,0,never_instantiated,0,,,,,0,0,supplier,,6362,0,never_instantiated,0,,,,,0,0,partsupp,part,7854,0,never_instantiated,0,,,,,0,0,,,6351,0,never_instantiated,0,,,,,0,0,,,4667,0,never_instantiated,0,,,,,0,0,,region,1,0,never_instantiated,0,,,,,0,0,partsupp,,20033,0,never_instantiated,0,,,,,0,0,supplier,nation,5,0,never_instantiated,0,,,,,0,0
Q03,3,0,1,0.93,,customer,300275,1,active,1498960,,,,,46643,7526,lineitem,orders,7289442,1,active,32334250,,,,,282022,1814,,,,,,,,,,,,,,,,,,,,,,,,,,,,,,,,,,,,,,,,,,,,,,,,,,,,,,,,,,,,,,,,,,,,,,,,,,,,,,,,,,,,
Q04,3,0,1,0.72,,,573671,1,active,1450571,,,,,257747,37114,lineitem,,573671,1,active,37929214,,,,,263056,1445,,,,,,,,,,,,,,,,,,,,,,,,,,,,,,,,,,,,,,,,,,,,,,,,,,,,,,,,,,,,,,,,,,,,,,,,,,,,,,,,,,,,
Q05,3,0,1,0.93,,supplier,100000,0,never_instantiated,0,,,,,0,0,,region,1,0,never_instantiated,0,,,,,0,0,,nation,5,0,never_instantiated,0,,,,,0,0,,customer,300270,1,active,1827571,,,,,128015,23409,lineitem,orders,457191,1,active,1898252,,,,,218241,23990,,,,,,,,,,,,,,,,,,,,,,,,,,,,,,,,,,,,,,,,,,,,,,,,
Q06,3,0,1,0.31,,,,,,,,,,,,,,,,,,,,,,,,,,,,,,,,,,,,,,,,,,,,,,,,,,,,,,,,,,,,,,,,,,,,,,,,,,,,,,,,,,,,,,,,,,,,,,,,,,,,,,,,,,,,
Q07,3,0,1,0.52,,nation,2,0,never_instantiated,0,,,,,0,0,,supplier,8010,0,never_instantiated,0,,,,,0,0,,nation,2,0,never_instantiated,0,,,,,0,0,,customer,120469,0,never_instantiated,0,,,,,0,0,lineitem,orders,1226777,1,active,121468,,,,,0,0,,,,,,,,,,,,,,,,,,,,,,,,,,,,,,,,,,,,,,,,,,,,,,,,
Q08,3,0,1,0.62,,nation,25,0,never_instantiated,0,,,,,0,0,supplier,,24254,0,never_instantiated,0,,,,,0,0,,region,1,0,never_instantiated,0,,,,,0,0,,part,13452,0,never_instantiated,0,,,,,0,0,,nation,5,0,never_instantiated,0,,,,,0,0,,customer,299435,1,active,27721,,,,,0,0,lineitem,orders,911192,1,active,28235,,,,,0,0,,,,,,,,,,,,,,,,,,,,,,,,
Q09,3,0,1,1.95,,nation,25,0,never_instantiated,0,,,,,0,0,,supplier,100000,0,never_instantiated,0,,,,,0,0,,partsupp,8000000,1,active,3261613,,,,,406389,89450,,part,108782,0,never_instantiated,0,,,,,0,0,lineitem,orders,15000000,1,frozen,3316505,2402833,THC-Full,,,917506,89785,,,,,,,,,,,,,,,,,,,,,,,,,,,,,,,,,,,,,,,,,,,,,,,,
Q10,3,0,1,0.62,,nation,25,0,never_instantiated,0,,,,,0,0,customer,,1147084,0,never_instantiated,0,,,,,0,0,lineitem,orders,573157,1,active,1149376,,,,,217716,44024,,,,,,,,,,,,,,,,,,,,,,,,,,,,,,,,,,,,,,,,,,,,,,,,,,,,,,,,,,,,,,,,,,,,,,,,
Q11,3,0,1,0.21,partsupp,,4049,0,never_instantiated,0,,,,,0,0,supplier,nation,1,0,never_instantiated,0,,,,,0,0,partsupp,,4049,0,never_instantiated,0,,,,,0,0,supplier,nation,1,0,never_instantiated,0,,,,,0,0,,,,,,,,,,,,,,,,,,,,,,,,,,,,,,,,,,,,,,,,,,,,,,,,,,,,,,,,,,,,
Q12,3,0,1,0.52,orders,lineitem,310803,1,active,15000000,,,,,145019,2044,,,,,,,,,,,,,,,,,,,,,,,,,,,,,,,,,,,,,,,,,,,,,,,,,,,,,,,,,,,,,,,,,,,,,,,,,,,,,,,,,,,,,,,,,,,,,,,,
Q13,3,0,1,1.03,orders,customer,1500000,1,active,14845369,,,,,994493,97761,,,,,,,,,,,,,,,,,,,,,,,,,,,,,,,,,,,,,,,,,,,,,,,,,,,,,,,,,,,,,,,,,,,,,,,,,,,,,,,,,,,,,,,,,,,,,,,,
Q14,3,0,1,0.62,lineitem,part,2000000,1,active,749223,,,,,277881,97572,,,,,,,,,,,,,,,,,,,,,,,,,,,,,,,,,,,,,,,,,,,,,,,,,,,,,,,,,,,,,,,,,,,,,,,,,,,,,,,,,,,,,,,,,,,,,,,,
Q15,3,0,1,0.41,,,1,0,never_instantiated,0,,,,,0,0,supplier,,100000,0,never_instantiated,0,,,,,0,0,,,,,,,,,,,,,,,,,,,,,,,,,,,,,,,,,,,,,,,,,,,,,,,,,,,,,,,,,,,,,,,,,,,,,,,,,,,,,,,,,,,,
Q16,3,0,1,0.31,,supplier,56,0,never_instantiated,0,,,,,0,0,partsupp,,296824,0,never_instantiated,0,,,,,0,0,part,,8,0,never_instantiated,0,,,,,0,0,,,,,,,,,,,,,,,,,,,,,,,,,,,,,,,,,,,,,,,,,,,,,,,,,,,,,,,,,,,,,,,,,,,,,,,,
Q17,3,0,1,0.72,lineitem,part,2044,0,never_instantiated,0,,,,,0,0,,,61385,0,never_instantiated,0,,,,,0,0,lineitem,,2044,0,never_instantiated,0,,,,,0,0,,,,,,,,,,,,,,,,,,,,,,,,,,,,,,,,,,,,,,,,,,,,,,,,,,,,,,,,,,,,,,,,,,,,,,,,
Q18,3,0,1,2.77,,lineitem,624,0,never_instantiated,0,,,,,0,0,,customer,1499999,1,frozen,59986052,6090752,THC-Full,,,458753,25186,lineitem,orders,15000000,1,frozen,59986052,8177664,THC-Full,,,917505,25530,,,,,,,,,,,,,,,,,,,,,,,,,,,,,,,,,,,,,,,,,,,,,,,,,,,,,,,,,,,,,,,,,,,,,,,,
Q19,3,0,1,0.82,lineitem,part,2000000,1,frozen,2141904,1203545,THC-Full,,,458757,97589,,,,,,,,,,,,,,,,,,,,,,,,,,,,,,,,,,,,,,,,,,,,,,,,,,,,,,,,,,,,,,,,,,,,,,,,,,,,,,,,,,,,,,,,,,,,,,,,
Q20,3,0,1,0.52,,,4054,0,never_instantiated,0,,,,,0,0,partsupp,part,21551,0,never_instantiated,0,,,,,0,0,,,3671,0,never_instantiated,0,,,,,0,0,lineitem,,3671,0,never_instantiated,0,,,,,0,0,supplier,nation,1,0,never_instantiated,0,,,,,0,0,,,,,,,,,,,,,,,,,,,,,,,,,,,,,,,,,,,,,,,,,,,,,,,,
Q21,3,0,1,1.95,,nation,1,0,never_instantiated,0,,,,,0,0,,supplier,4010,0,never_instantiated,0,,,,,0,0,lineitem,orders,7309184,1,active,1596879,,,,,326521,46343,,,734523,1,active,2930334,,,,,334339,24162,lineitem,,734511,1,active,59985983,,,,,351033,1212,,,707593,1,active,1850454,,,,,325285,36374,lineitem,,707581,1,active,37929315,,,,,334766,1839,,,,,,,,,,,,,,,,,,,,,,,,
Q22,3,0,1,0.31,,,190691,0,never_instantiated,0,,,,,0,0,orders,,190691,0,never_instantiated,0,,,,,0,0,,,,,,,,,,,,,,,,,,,,,,,,,,,,,,,,,,,,,,,,,,,,,,,,,,,,,,,,,,,,,,,,,,,,,,,,,,,,,,,,,,,,
Q01,3,1,1,0.52,,,,,,,,,,,,,,,,,,,,,,,,,,,,,,,,,,,,,,,,,,,,,,,,,,,,,,,,,,,,,,,,,,,,,,,,,,,,,,,,,,,,,,,,,,,,,,,,,,,,,,,,,,,,
Q02,3,1,1,0.21,,region,1,0,never_instantiated,0,,,,,0,0,,part,7854,0,never_instantiated,0,,,,,0,0,,nation,5,0,never_instantiated,0,,,,,0,0,partsupp,supplier,20033,0,never_instantiated,0,,,,,0,0,,,6351,0,never_instantiated,0,,,,,0,0,,,4667,0,never_instantiated,0,,,,,0,0,,region,1,0,never_instantiated,0,,,,,0,0,,nation,5,0,never_instantiated,0,,,,,0,0,partsupp,supplier,20033,0,never_instantiated,0,,,,,0,0
Q03,3,1,1,0.52,,customer,300275,1,active,302392,,,,,34274,34274,lineitem,orders,1463240,1,active,317474,,,,,36426,36426,,,,,,,,,,,,,,,,,,,,,,,,,,,,,,,,,,,,,,,,,,,,,,,,,,,,,,,,,,,,,,,,,,,,,,,,,,,,,,,,,,,,
Q04,3,1,1,0.72,,,573671,1,active,1450571,,,,,254912,36383,lineitem,,573671,1,active,37929214,,,,,261940,1430,,,,,,,,,,,,,,,,,,,,,,,,,,,,,,,,,,,,,,,,,,,,,,,,,,,,,,,,,,,,,,,,,,,,,,,,,,,,,,,,,,,,
Q05,3,1,1,9999999,,,,,,,,,,,,,,,,,,,,,,,,,,,,,,,,,,,,,,,,,,,,,,,,,,,,,,,,,,,,,,,,,,,,,,,,,,,,,,,,,,,,,,,,,,,,,,,,,,,,,,,,,,,,
Q06,3,1,1,0.31,,,,,,,,,,,,,,,,,,,,,,,,,,,,,,,,,,,,,,,,,,,,,,,,,,,,,,,,,,,,,,,,,,,,,,,,,,,,,,,,,,,,,,,,,,,,,,,,,,,,,,,,,,,,
Q07,3,1,1,0.52,,nation,2,0,never_instantiated,0,,,,,0,0,,customer,120469,0,never_instantiated,0,,,,,0,0,orders,,119259,0,never_instantiated,0,,,,,0,0,,nation,2,0,never_instantiated,0,,,,,0,0,lineitem,supplier,8010,0,never_instantiated,0,,,,,0,0,,,,,,,,,,,,,,,,,,,,,,,,,,,,,,,,,,,,,,,,,,,,,,,,
Q08,3,1,1,0.62,,region,1,0,never_instantiated,0,,,,,0,0,,nation,5,0,never_instantiated,0,,,,,0,0,,nation,25,0,never_instantiated,0,,,,,0,0,,supplier,100000,0,never_instantiated,0,,,,,0,0,customer,,24276,0,never_instantiated,0,,,,,0,0,orders,,24717,0,never_instantiated,0,,,,,0,0,lineitem,part,13452,0,never_instantiated,0,,,,,0,0,,,,,,,,,,,,,,,,,,,,,,,,
Q09,3,1,1,1.23,,nation,25,0,never_instantiated,0,,,,,0,0,,supplier,100000,0,never_instantiated,0,,,,,0,0,,orders,15000000,1,frozen,3261613,2471174,THC-Full,,,917505,91868,,partsupp,8000000,1,active,3261613,,,,,405015,91130,lineitem,part,108782,0,never_instantiated,0,,,,,0,0,,,,,,,,,,,,,,,,,,,,,,,,,,,,,,,,,,,,,,,,,,,,,,,,
Q10,3,1,1,0.62,,nation,25,0,never_instantiated,0,,,,,0,0,customer,,1147084,0,never_instantiated,0,,,,,0,0,lineitem,orders,573157,1,active,1149376,,,,,216207,43122,,,,,,,,,,,,,,,,,,,,,,,,,,,,,,,,,,,,,,,,,,,,,,,,,,,,,,,,,,,,,,,,,,,,,,,,
Q11,3,1,1,0.21,,nation,1,0,never_instantiated,0,,,,,0,0,partsupp,supplier,4049,0,never_instantiated,0,,,,,0,0,partsupp,,4049,0,never_instantiated,0,,,,,0,0,supplier,nation,1,0,never_instantiated,0,,,,,0,0,,,,,,,,,,,,,,,,,,,,,,,,,,,,,,,,,,,,,,,,,,,,,,,,,,,,,,,,,,,,
Q12,3,1,1,0.52,orders,lineitem,310803,1,active,15000000,,,,,146765,2137,,,,,,,,,,,,,,,,,,,,,,,,,,,,,,,,,,,,,,,,,,,,,,,,,,,,,,,,,,,,,,,,,,,,,,,,,,,,,,,,,,,,,,,,,,,,,,,,
Q13,3,1,1,1.03,orders,customer,1500000,1,active,14845369,,,,,994873,101369,,,,,,,,,,,,,,,,,,,,,,,,,,,,,,,,,,,,,,,,,,,,,,,,,,,,,,,,,,,,,,,,,,,,,,,,,,,,,,,,,,,,,,,,,,,,,,,,
Q14,3,1,1,0.62,lineitem,part,2000000,1,active,749223,,,,,277846,97550,,,,,,,,,,,,,,,,,,,,,,,,,,,,,,,,,,,,,,,,,,,,,,,,,,,,,,,,,,,,,,,,,,,,,,,,,,,,,,,,,,,,,,,,,,,,,,,,
Q15,3,1,1,0.41,,,1,0,never_instantiated,0,,,,,0,0,supplier,,100000,0,never_instantiated,0,,,,,0,0,,,,,,,,,,,,,,,,,,,,,,,,,,,,,,,,,,,,,,,,,,,,,,,,,,,,,,,,,,,,,,,,,,,,,,,,,,,,,,,,,,,,
Q16,3,1,1,0.31,,supplier,56,0,never_instantiated,0,,,,,0,0,partsupp,,296824,0,never_instantiated,0,,,,,0,0,part,,8,0,never_instantiated,0,,,,,0,0,,,,,,,,,,,,,,,,,,,,,,,,,,,,,,,,,,,,,,,,,,,,,,,,,,,,,,,,,,,,,,,,,,,,,,,,
Q17,3,1,1,0.72,lineitem,part,2044,0,never_instantiated,0,,,,,0,0,,,61385,0,never_instantiated,0,,,,,0,0,lineitem,,2044,0,never_instantiated,0,,,,,0,0,,,,,,,,,,,,,,,,,,,,,,,,,,,,,,,,,,,,,,,,,,,,,,,,,,,,,,,,,,,,,,,,,,,,,,,,
Q18,3,1,1,2.87,,lineitem,624,0,never_instantiated,0,,,,,0,0,,customer,1499999,1,frozen,59986052,5996544,THC-Full,,,458754,26696,lineitem,orders,15000000,1,frozen,59986052,8335360,THC-Full,,,917504,27088,,,,,,,,,,,,,,,,,,,,,,,,,,,,,,,,,,,,,,,,,,,,,,,,,,,,,,,,,,,,,,,,,,,,,,,,
Q19,3,1,1,0.82,lineitem,part,2000000,1,frozen,2141904,1203454,THC-Full,,,458755,97560,,,,,,,,,,,,,,,,,,,,,,,,,,,,,,,,,,,,,,,,,,,,,,,,,,,,,,,,,,,,,,,,,,,,,,,,,,,,,,,,,,,,,,,,,,,,,,,,
Q20,3,1,1,0.52,,,4054,0,never_instantiated,0,,,,,0,0,partsupp,part,21551,0,never_instantiated,0,,,,,0,0,,,3671,0,never_instantiated,0,,,,,0,0,lineitem,,3671,0,never_instantiated,0,,,,,0,0,supplier,nation,1,0,never_instantiated,0,,,,,0,0,,,,,,,,,,,,,,,,,,,,,,,,,,,,,,,,,,,,,,,,,,,,,,,,
Q21,3,1,1,1.85,orders,,1522366,0,never_instantiated,0,,,,,0,0,,nation,1,0,never_instantiated,0,,,,,0,0,lineitem,supplier,4010,0,never_instantiated,0,,,,,0,0,,,734523,1,active,2930334,,,,,334758,24143,lineitem,,734511,1,active,59985983,,,,,353294,1241,,,707593,1,active,1850454,,,,,322369,36250,lineitem,,707581,1,active,37929315,,,,,334682,1821,,,,,,,,,,,,,,,,,,,,,,,,
Q22,3,1,1,0.31,,,190691,0,never_instantiated,0,,,,,0,0,orders,,190691,0,never_instantiated,0,,,,,0,0,,,,,,,,,,,,,,,,,,,,,,,,,,,,,,,,,,,,,,,,,,,,,,,,,,,,,,,,,,,,,,,,,,,,,,,,,,,,,,,,,,,,
Q01,3,2,1,0.52,,,,,,,,,,,,,,,,,,,,,,,,,,,,,,,,,,,,,,,,,,,,,,,,,,,,,,,,,,,,,,,,,,,,,,,,,,,,,,,,,,,,,,,,,,,,,,,,,,,,,,,,,,,,
Q02,3,2,1,0.21,,region,1,0,never_instantiated,0,,,,,0,0,,nation,5,0,never_instantiated,0,,,,,0,0,supplier,,6362,0,never_instantiated,0,,,,,0,0,partsupp,part,7854,0,never_instantiated,0,,,,,0,0,,,6351,0,never_instantiated,0,,,,,0,0,,,4667,0,never_instantiated,0,,,,,0,0,,region,1,0,never_instantiated,0,,,,,0,0,,nation,5,0,never_instantiated,0,,,,,0,0,partsupp,supplier,20033,0,never_instantiated,0,,,,,0,0
Q03,3,2,1,0.93,,customer,300275,1,active,1498960,,,,,46504,7490,lineitem,orders,7289442,1,active,32334250,,,,,282043,1803,,,,,,,,,,,,,,,,,,,,,,,,,,,,,,,,,,,,,,,,,,,,,,,,,,,,,,,,,,,,,,,,,,,,,,,,,,,,,,,,,,,,
Q04,3,2,1,0.72,,,573671,1,active,1450571,,,,,257571,37828,lineitem,,573671,1,active,37929214,,,,,261718,1379,,,,,,,,,,,,,,,,,,,,,,,,,,,,,,,,,,,,,,,,,,,,,,,,,,,,,,,,,,,,,,,,,,,,,,,,,,,,,,,,,,,,
Q05,3,2,1,0.93,,region,1,0,never_instantiated,0,,,,,0,0,,supplier,100000,0,never_instantiated,0,,,,,0,0,,nation,5,0,never_instantiated,0,,,,,0,0,,customer,300270,1,active,1827571,,,,,130690,23394,lineitem,orders,457191,1,active,1898252,,,,,218339,24521,,,,,,,,,,,,,,,,,,,,,,,,,,,,,,,,,,,,,,,,,,,,,,,,
Q06,3,2,1,0.31,,,,,,,,,,,,,,,,,,,,,,,,,,,,,,,,,,,,,,,,,,,,,,,,,,,,,,,,,,,,,,,,,,,,,,,,,,,,,,,,,,,,,,,,,,,,,,,,,,,,,,,,,,,,
Q07,3,2,1,0.52,,nation,2,0,never_instantiated,0,,,,,0,0,,supplier,8010,0,never_instantiated,0,,,,,0,0,,nation,2,0,never_instantiated,0,,,,,0,0,,customer,120469,0,never_instantiated,0,,,,,0,0,lineitem,orders,1226777,1,active,121468,,,,,0,0,,,,,,,,,,,,,,,,,,,,,,,,,,,,,,,,,,,,,,,,,,,,,,,,
Q08,3,2,1,0.52,,region,1,0,never_instantiated,0,,,,,0,0,,nation,5,0,never_instantiated,0,,,,,0,0,customer,,24276,0,never_instantiated,0,,,,,0,0,,part,13452,0,never_instantiated,0,,,,,0,0,,orders,911192,1,active,28235,,,,,0,0,,nation,25,0,never_instantiated,0,,,,,0,0,lineitem,supplier,100000,0,never_instantiated,0,,,,,0,0,,,,,,,,,,,,,,,,,,,,,,,,
Q09,3,2,1,1.13,,nation,25,0,never_instantiated,0,,,,,0,0,,supplier,100000,0,never_instantiated,0,,,,,0,0,,part,108782,0,never_instantiated,0,,,,,0,0,,orders,15000000,1,frozen,3316505,2279768,THC-Full,,,917504,89769,lineitem,partsupp,442524,1,active,3316505,,,,,412287,89572,,,,,,,,,,,,,,,,,,,,,,,,,,,,,,,,,,,,,,,,,,,,,,,,
Q10,3,2,1,0.62,,nation,25,0,never_instantiated,0,,,,,0,0,customer,,1147084,0,never_instantiated,0,,,,,0,0,lineitem,orders,573157,1,active,1149376,,,,,217891,44000,,,,,,,,,,,,,,,,,,,,,,,,,,,,,,,,,,,,,,,,,,,,,,,,,,,,,,,,,,,,,,,,,,,,,,,,
Q11,3,2,1,0.21,partsupp,,4049,0,never_instantiated,0,,,,,0,0,supplier,nation,1,0,never_instantiated,0,,,,,0,0,partsupp,,4049,0,never_instantiated,0,,,,,0,0,supplier,nation,1,0,never_instantiated,0,,,,,0,0,,,,,,,,,,,,,,,,,,,,,,,,,,,,,,,,,,,,,,,,,,,,,,,,,,,,,,,,,,,,
Q12,3,2,1,0.52,orders,lineitem,310803,1,active,15000000,,,,,144988,1986,,,,,,,,,,,,,,,,,,,,,,,,,,,,,,,,,,,,,,,,,,,,,,,,,,,,,,,,,,,,,,,,,,,,,,,,,,,,,,,,,,,,,,,,,,,,,,,,
Q13,3,2,1,1.03,orders,customer,1500000,1,active,14845369,,,,,994831,101391,,,,,,,,,,,,,,,,,,,,,,,,,,,,,,,,,,,,,,,,,,,,,,,,,,,,,,,,,,,,,,,,,,,,,,,,,,,,,,,,,,,,,,,,,,,,,,,,
Q14,3,2,1,0.62,lineitem,part,2000000,1,active,749223,,,,,277853,97561,,,,,,,,,,,,,,,,,,,,,,,,,,,,,,,,,,,,,,,,,,,,,,,,,,,,,,,,,,,,,,,,,,,,,,,,,,,,,,,,,,,,,,,,,,,,,,,,
Q15,3,2,1,0.41,,,1,0,never_instantiated,0,,,,,0,0,supplier,,100000,0,never_instantiated,0,,,,,0,0,,,,,,,,,,,,,,,,,,,,,,,,,,,,,,,,,,,,,,,,,,,,,,,,,,,,,,,,,,,,,,,,,,,,,,,,,,,,,,,,,,,,
Q16,3,2,1,0.31,,supplier,56,0,never_instantiated,0,,,,,0,0,partsupp,,296824,0,never_instantiated,0,,,,,0,0,part,,8,0,never_instantiated,0,,,,,0,0,,,,,,,,,,,,,,,,,,,,,,,,,,,,,,,,,,,,,,,,,,,,,,,,,,,,,,,,,,,,,,,,,,,,,,,,
Q17,3,2,1,0.72,lineitem,part,2044,0,never_instantiated,0,,,,,0,0,,,61385,0,never_instantiated,0,,,,,0,0,lineitem,,2044,0,never_instantiated,0,,,,,0,0,,,,,,,,,,,,,,,,,,,,,,,,,,,,,,,,,,,,,,,,,,,,,,,,,,,,,,,,,,,,,,,,,,,,,,,,
Q18,3,2,1,2.77,,lineitem,624,0,never_instantiated,0,,,,,0,0,,customer,1499999,1,frozen,59986052,6051840,THC-Full,,,458752,25190,lineitem,orders,15000000,1,frozen,59986052,8177664,THC-Full,,,917504,25533,,,,,,,,,,,,,,,,,,,,,,,,,,,,,,,,,,,,,,,,,,,,,,,,,,,,,,,,,,,,,,,,,,,,,,,,
Q19,3,2,1,0.82,lineitem,part,2000000,1,frozen,2141904,1201372,THC-Full,,,458754,97569,,,,,,,,,,,,,,,,,,,,,,,,,,,,,,,,,,,,,,,,,,,,,,,,,,,,,,,,,,,,,,,,,,,,,,,,,,,,,,,,,,,,,,,,,,,,,,,,
Q20,3,2,1,0.52,,,4054,0,never_instantiated,0,,,,,0,0,partsupp,part,21551,0,never_instantiated,0,,,,,0,0,,,3671,0,never_instantiated,0,,,,,0,0,lineitem,,3671,0,never_instantiated,0,,,,,0,0,supplier,nation,1,0,never_instantiated,0,,,,,0,0,,,,,,,,,,,,,,,,,,,,,,,,,,,,,,,,,,,,,,,,,,,,,,,,
Q21,3,2,1,1.95,,nation,1,0,never_instantiated,0,,,,,0,0,,supplier,4010,0,never_instantiated,0,,,,,0,0,lineitem,orders,7309184,1,active,1596879,,,,,326321,46051,,,734523,1,active,2930334,,,,,334507,24145,lineitem,,734511,1,active,59985983,,,,,352166,1245,,,707593,1,active,1850454,,,,,322974,36038,lineitem,,707581,1,active,37929315,,,,,335300,1842,,,,,,,,,,,,,,,,,,,,,,,,
Q22,3,2,1,0.31,,,190691,0,never_instantiated,0,,,,,0,0,orders,,190691,0,never_instantiated,0,,,,,0,0,,,,,,,,,,,,,,,,,,,,,,,,,,,,,,,,,,,,,,,,,,,,,,,,,,,,,,,,,,,,,,,,,,,,,,,,,,,,,,,,,,,,
Q01,3,3,1,0.52,,,,,,,,,,,,,,,,,,,,,,,,,,,,,,,,,,,,,,,,,,,,,,,,,,,,,,,,,,,,,,,,,,,,,,,,,,,,,,,,,,,,,,,,,,,,,,,,,,,,,,,,,,,,
Q02,3,3,1,0.21,,region,1,0,never_instantiated,0,,,,,0,0,,nation,5,0,never_instantiated,0,,,,,0,0,,part,7854,0,never_instantiated,0,,,,,0,0,partsupp,supplier,20033,0,never_instantiated,0,,,,,0,0,,,6351,0,never_instantiated,0,,,,,0,0,,,4667,0,never_instantiated,0,,,,,0,0,,region,1,0,never_instantiated,0,,,,,0,0,partsupp,,20033,0,never_instantiated,0,,,,,0,0,supplier,nation,5,0,never_instantiated,0,,,,,0,0
Q03,3,3,1,0.93,,customer,300275,1,active,1498960,,,,,46813,7520,lineitem,orders,7289442,1,active,32334250,,,,,281981,1867,,,,,,,,,,,,,,,,,,,,,,,,,,,,,,,,,,,,,,,,,,,,,,,,,,,,,,,,,,,,,,,,,,,,,,,,,,,,,,,,,,,,
Q04,3,3,1,0.72,,,573671,1,active,1450571,,,,,256559,37810,lineitem,,573671,1,active,37929214,,,,,261941,1437,,,,,,,,,,,,,,,,,,,,,,,,,,,,,,,,,,,,,,,,,,,,,,,,,,,,,,,,,,,,,,,,,,,,,,,,,,,,,,,,,,,,
Q05,3,3,1,9999999,,,,,,,,,,,,,,,,,,,,,,,,,,,,,,,,,,,,,,,,,,,,,,,,,,,,,,,,,,,,,,,,,,,,,,,,,,,,,,,,,,,,,,,,,,,,,,,,,,,,,,,,,,,,
Q06,3,3,1,0.31,,,,,,,,,,,,,,,,,,,,,,,,,,,,,,,,,,,,,,,,,,,,,,,,,,,,,,,,,,,,,,,,,,,,,,,,,,,,,,,,,,,,,,,,,,,,,,,,,,,,,,,,,,,,
Q07,3,3,1,0.52,,nation,2,0,never_instantiated,0,,,,,0,0,,customer,120469,0,never_instantiated,0,,,,,0,0,,nation,2,0,never_instantiated,0,,,,,0,0,orders,,119259,0,never_instantiated,0,,,,,0,0,lineitem,supplier,8010,0,never_instantiated,0,,,,,0,0,,,,,,,,,,,,,,,,,,,,,,,,,,,,,,,,,,,,,,,,,,,,,,,,
Q08,3,3,1,0.62,,region,1,0,never_instantiated,0,,,,,0,0,,nation,25,0,never_instantiated,0,,,,,0,0,,part,13452,0,never_instantiated,0,,,,,0,0,,nation,5,0,never_instantiated,0,,,,,0,0,,supplier,100000,0,never_instantiated,0,,,,,0,0,,customer,299435,1,active,27721,,,,,0,0,lineitem,orders,911192,1,active,28235,,,,,0,0,,,,,,,,,,,,,,,,,,,,,,,,
Q09,3,3,1,1.13,,orders,15000000,1,frozen,3261613,2266222,THC-Full,,,917504,93289,,nation,25,0,never_instantiated,0,,,,,0,0,,part,108782,0,never_instantiated,0,,,,,0,0,,partsupp,442524,1,active,3316505,,,,,412407,93889,lineitem,supplier,100000,0,never_instantiated,0,,,,,0,0,,,,,,,,,,,,,,,,,,,,,,,,,,,,,,,,,,,,,,,,,,,,,,,,
Q10,3,3,1,0.62,,nation,25,0,never_instantiated,0,,,,,0,0,customer,,1147084,0,never_instantiated,0,,,,,0,0,lineitem,orders,573157,1,active,1149376,,,,,215937,43227,,,,,,,,,,,,,,,,,,,,,,,,,,,,,,,,,,,,,,,,,,,,,,,,,,,,,,,,,,,,,,,,,,,,,,,,
Q11,3,3,1,0.21,,nation,1,0,never_instantiated,0,,,,,0,0,partsupp,supplier,4049,0,never_instantiated,0,,,,,0,0,partsupp,,4049,0,never_instantiated,0,,,,,0,0,supplier,nation,1,0,never_instantiated,0,,,,,0,0,,,,,,,,,,,,,,,,,,,,,,,,,,,,,,,,,,,,,,,,,,,,,,,,,,,,,,,,,,,,
Q12,3,3,1,0.52,orders,lineitem,310803,1,active,15000000,,,,,144531,2047,,,,,,,,,,,,,,,,,,,,,,,,,,,,,,,,,,,,,,,,,,,,,,,,,,,,,,,,,,,,,,,,,,,,,,,,,,,,,,,,,,,,,,,,,,,,,,,,
Q13,3,3,1,1.03,orders,customer,1500000,1,active,14845369,,,,,994619,95957,,,,,,,,,,,,,,,,,,,,,,,,,,,,,,,,,,,,,,,,,,,,,,,,,,,,,,,,,,,,,,,,,,,,,,,,,,,,,,,,,,,,,,,,,,,,,,,,
Q14,3,3,1,0.62,lineitem,part,2000000,1,active,749223,,,,,277851,97556,,,,,,,,,,,,,,,,,,,,,,,,,,,,,,,,,,,,,,,,,,,,,,,,,,,,,,,,,,,,,,,,,,,,,,,,,,,,,,,,,,,,,,,,,,,,,,,,
Q15,3,3,1,0.41,,,1,0,never_instantiated,0,,,,,0,0,supplier,,100000,0,never_instantiated,0,,,,,0,0,,,,,,,,,,,,,,,,,,,,,,,,,,,,,,,,,,,,,,,,,,,,,,,,,,,,,,,,,,,,,,,,,,,,,,,,,,,,,,,,,,,,
Q16,3,3,1,0.31,,supplier,56,0,never_instantiated,0,,,,,0,0,partsupp,,296824,0,never_instantiated,0,,,,,0,0,part,,8,0,never_instantiated,0,,,,,0,0,,,,,,,,,,,,,,,,,,,,,,,,,,,,,,,,,,,,,,,,,,,,,,,,,,,,,,,,,,,,,,,,,,,,,,,,
Q17,3,3,1,0.72,lineitem,part,2044,0,never_instantiated,0,,,,,0,0,,,61385,0,never_instantiated,0,,,,,0,0,lineitem,,2044,0,never_instantiated,0,,,,,0,0,,,,,,,,,,,,,,,,,,,,,,,,,,,,,,,,,,,,,,,,,,,,,,,,,,,,,,,,,,,,,,,,,,,,,,,,
Q18,3,3,1,2.87,,lineitem,624,0,never_instantiated,0,,,,,0,0,,customer,1499999,1,frozen,59986052,6031360,THC-Full,,,458752,26665,lineitem,orders,15000000,1,frozen,59986052,8144896,THC-Full,,,917506,27059,,,,,,,,,,,,,,,,,,,,,,,,,,,,,,,,,,,,,,,,,,,,,,,,,,,,,,,,,,,,,,,,,,,,,,,,
Q19,3,3,1,0.82,lineitem,part,2000000,1,frozen,2141904,1204897,THC-Full,,,458754,97608,,,,,,,,,,,,,,,,,,,,,,,,,,,,,,,,,,,,,,,,,,,,,,,,,,,,,,,,,,,,,,,,,,,,,,,,,,,,,,,,,,,,,,,,,,,,,,,,
Q20,3,3,1,0.52,,,4054,0,never_instantiated,0,,,,,0,0,partsupp,part,21551,0,never_instantiated,0,,,,,0,0,,,3671,0,never_instantiated,0,,,,,0,0,lineitem,,3671,0,never_instantiated,0,,,,,0,0,supplier,nation,1,0,never_instantiated,0,,,,,0,0,,,,,,,,,,,,,,,,,,,,,,,,,,,,,,,,,,,,,,,,,,,,,,,,
Q21,3,3,1,1.85,,nation,1,0,never_instantiated,0,,,,,0,0,,orders,7309184,1,active,1522366,,,,,323479,46012,lineitem,supplier,4010,0,never_instantiated,0,,,,,0,0,,,734523,1,active,2930334,,,,,335097,24135,lineitem,,734511,1,active,59985983,,,,,352927,1188,,,707593,1,active,1850454,,,,,323342,36025,lineitem,,707581,1,active,37929315,,,,,334910,1886,,,,,,,,,,,,,,,,,,,,,,,,
Q22,3,3,1,0.31,,,190691,0,never_instantiated,0,,,,,0,0,orders,,190691,0,never_instantiated,0,,,,,0,0,,,,,,,,,,,,,,,,,,,,,,,,,,,,,,,,,,,,,,,,,,,,,,,,,,,,,,,,,,,,,,,,,,,,,,,,,,,,,,,,,,,,
Q01,3,4,1,0.52,,,,,,,,,,,,,,,,,,,,,,,,,,,,,,,,,,,,,,,,,,,,,,,,,,,,,,,,,,,,,,,,,,,,,,,,,,,,,,,,,,,,,,,,,,,,,,,,,,,,,,,,,,,,
Q02,3,4,1,0.21,,region,1,0,never_instantiated,0,,,,,0,0,,nation,5,0,never_instantiated,0,,,,,0,0,supplier,,6362,0,never_instantiated,0,,,,,0,0,partsupp,part,7854,0,never_instantiated,0,,,,,0,0,,,6351,0,never_instantiated,0,,,,,0,0,,,4667,0,never_instantiated,0,,,,,0,0,,region,1,0,never_instantiated,0,,,,,0,0,partsupp,,20033,0,never_instantiated,0,,,,,0,0,supplier,nation,5,0,never_instantiated,0,,,,,0,0
Q03,3,4,1,0.52,,customer,300275,1,active,302392,,,,,34252,34252,lineitem,orders,1463240,1,active,317474,,,,,36442,36442,,,,,,,,,,,,,,,,,,,,,,,,,,,,,,,,,,,,,,,,,,,,,,,,,,,,,,,,,,,,,,,,,,,,,,,,,,,,,,,,,,,,
Q04,3,4,1,0.72,,,573671,1,active,1450571,,,,,255747,36988,lineitem,,573671,1,active,37929214,,,,,261762,1427,,,,,,,,,,,,,,,,,,,,,,,,,,,,,,,,,,,,,,,,,,,,,,,,,,,,,,,,,,,,,,,,,,,,,,,,,,,,,,,,,,,,
Q05,3,4,1,1.34,,region,1,0,never_instantiated,0,,,,,0,0,,nation,5,0,never_instantiated,0,,,,,0,0,,supplier,100000,0,never_instantiated,0,,,,,0,0,,customer,300270,1,active,9103367,,,,,131330,4885,lineitem,orders,2275919,1,frozen,9111999,8231732,THC-Full,,,917506,25026,,,,,,,,,,,,,,,,,,,,,,,,,,,,,,,,,,,,,,,,,,,,,,,,
Q06,3,4,1,0.31,,,,,,,,,,,,,,,,,,,,,,,,,,,,,,,,,,,,,,,,,,,,,,,,,,,,,,,,,,,,,,,,,,,,,,,,,,,,,,,,,,,,,,,,,,,,,,,,,,,,,,,,,,,,
Q07,3,4,1,0.52,,nation,2,0,never_instantiated,0,,,,,0,0,,nation,2,0,never_instantiated,0,,,,,0,0,,supplier,8010,0,never_instantiated,0,,,,,0,0,,customer,120469,0,never_instantiated,0,,,,,0,0,lineitem,orders,1226777,1,active,121468,,,,,0,0,,,,,,,,,,,,,,,,,,,,,,,,,,,,,,,,,,,,,,,,,,,,,,,,
Q08,3,4,1,0.62,,region,1,0,never_instantiated,0,,,,,0,0,,nation,25,0,never_instantiated,0,,,,,0,0,,nation,5,0,never_instantiated,0,,,,,0,0,customer,,24276,0,never_instantiated,0,,,,,0,0,,supplier,100000,0,never_instantiated,0,,,,,0,0,orders,,24717,0,never_instantiated,0,,,,,0,0,lineitem,part,13452,0,never_instantiated,0,,,,,0,0,,,,,,,,,,,,,,,,,,,,,,,,
Q09,3,4,1,2.05,,partsupp,8000000,1,active,3261613,,,,,406336,89451,,nation,25,0,never_instantiated,0,,,,,0,0,,part,108782,0,never_instantiated,0,,,,,0,0,,supplier,100000,0,never_instantiated,0,,,,,0,0,lineitem,orders,15000000,1,frozen,3316505,2403198,THC-Full,,,917507,89762,,,,,,,,,,,,,,,,,,,,,,,,,,,,,,,,,,,,,,,,,,,,,,,,
Q10,3,4,1,0.62,,nation,25,0,never_instantiated,0,,,,,0,0,customer,,1147084,0,never_instantiated,0,,,,,0,0,lineitem,orders,573157,1,active,1149376,,,,,220027,44822,,,,,,,,,,,,,,,,,,,,,,,,,,,,,,,,,,,,,,,,,,,,,,,,,,,,,,,,,,,,,,,,,,,,,,,,
Q11,3,4,1,0.21,partsupp,,4049,0,never_instantiated,0,,,,,0,0,supplier,nation,1,0,never_instantiated,0,,,,,0,0,,nation,1,0,never_instantiated,0,,,,,0,0,partsupp,supplier,4049,0,never_instantiated,0,,,,,0,0,,,,,,,,,,,,,,,,,,,,,,,,,,,,,,,,,,,,,,,,,,,,,,,,,,,,,,,,,,,,
Q12,3,4,1,0.52,orders,lineitem,310803,1,active,15000000,,,,,143377,1917,,,,,,,,,,,,,,,,,,,,,,,,,,,,,,,,,,,,,,,,,,,,,,,,,,,,,,,,,,,,,,,,,,,,,,,,,,,,,,,,,,,,,,,,,,,,,,,,
Q13,3,4,1,0.93,orders,customer,1500000,1,active,14845369,,,,,994656,101396,,,,,,,,,,,,,,,,,,,,,,,,,,,,,,,,,,,,,,,,,,,,,,,,,,,,,,,,,,,,,,,,,,,,,,,,,,,,,,,,,,,,,,,,,,,,,,,,
Q14,3,4,1,0.62,lineitem,part,2000000,1,active,749223,,,,,277841,97552,,,,,,,,,,,,,,,,,,,,,,,,,,,,,,,,,,,,,,,,,,,,,,,,,,,,,,,,,,,,,,,,,,,,,,,,,,,,,,,,,,,,,,,,,,,,,,,,
Q15,3,4,1,0.41,,,1,0,never_instantiated,0,,,,,0,0,supplier,,100000,0,never_instantiated,0,,,,,0,0,,,,,,,,,,,,,,,,,,,,,,,,,,,,,,,,,,,,,,,,,,,,,,,,,,,,,,,,,,,,,,,,,,,,,,,,,,,,,,,,,,,,
Q16,3,4,1,0.31,,supplier,56,0,never_instantiated,0,,,,,0,0,partsupp,,296824,0,never_instantiated,0,,,,,0,0,part,,8,0,never_instantiated,0,,,,,0,0,,,,,,,,,,,,,,,,,,,,,,,,,,,,,,,,,,,,,,,,,,,,,,,,,,,,,,,,,,,,,,,,,,,,,,,,
Q17,3,4,1,0.72,lineitem,part,2044,0,never_instantiated,0,,,,,0,0,,,61385,0,never_instantiated,0,,,,,0,0,lineitem,,2044,0,never_instantiated,0,,,,,0,0,,,,,,,,,,,,,,,,,,,,,,,,,,,,,,,,,,,,,,,,,,,,,,,,,,,,,,,,,,,,,,,,,,,,,,,,
Q18,3,4,1,2.77,,lineitem,624,0,never_instantiated,0,,,,,0,0,,customer,1499999,1,frozen,59986052,6053888,THC-Full,,,458756,25671,lineitem,orders,15000000,1,frozen,59986052,8237056,THC-Full,,,917504,26035,,,,,,,,,,,,,,,,,,,,,,,,,,,,,,,,,,,,,,,,,,,,,,,,,,,,,,,,,,,,,,,,,,,,,,,,
Q19,3,4,1,0.82,lineitem,part,2000000,1,frozen,2141904,1202497,THC-Full,,,458755,97591,,,,,,,,,,,,,,,,,,,,,,,,,,,,,,,,,,,,,,,,,,,,,,,,,,,,,,,,,,,,,,,,,,,,,,,,,,,,,,,,,,,,,,,,,,,,,,,,
Q20,3,4,1,0.52,,,4054,0,never_instantiated,0,,,,,0,0,partsupp,part,21551,0,never_instantiated,0,,,,,0,0,,,3671,0,never_instantiated,0,,,,,0,0,lineitem,,3671,0,never_instantiated,0,,,,,0,0,supplier,nation,1,0,never_instantiated,0,,,,,0,0,,,,,,,,,,,,,,,,,,,,,,,,,,,,,,,,,,,,,,,,,,,,,,,,
Q21,3,4,1,1.85,,nation,1,0,never_instantiated,0,,,,,0,0,,supplier,4010,0,never_instantiated,0,,,,,0,0,lineitem,orders,7309184,1,active,1596879,,,,,326644,47403,,,734523,1,active,2930334,,,,,334526,24172,lineitem,,734511,1,active,59985983,,,,,352016,1178,,,707593,1,active,1850454,,,,,324007,36024,lineitem,,707581,1,active,37929315,,,,,334331,1842,,,,,,,,,,,,,,,,,,,,,,,,
Q22,3,4,1,0.31,,,190691,0,never_instantiated,0,,,,,0,0,orders,,190691,0,never_instantiated,0,,,,,0,0,,,,,,,,,,,,,,,,,,,,,,,,,,,,,,,,,,,,,,,,,,,,,,,,,,,,,,,,,,,,,,,,,,,,,,,,,,,,,,,,,,,,
Q01,3,5,1,0.52,,,,,,,,,,,,,,,,,,,,,,,,,,,,,,,,,,,,,,,,,,,,,,,,,,,,,,,,,,,,,,,,,,,,,,,,,,,,,,,,,,,,,,,,,,,,,,,,,,,,,,,,,,,,
Q02,3,5,1,0.21,,region,1,0,never_instantiated,0,,,,,0,0,,nation,5,0,never_instantiated,0,,,,,0,0,,part,7854,0,never_instantiated,0,,,,,0,0,partsupp,supplier,20033,0,never_instantiated,0,,,,,0,0,,,6351,0,never_instantiated,0,,,,,0,0,,,4667,0,never_instantiated,0,,,,,0,0,,region,1,0,never_instantiated,0,,,,,0,0,,nation,5,0,never_instantiated,0,,,,,0,0,partsupp,supplier,20033,0,never_instantiated,0,,,,,0,0
Q03,3,5,1,0.52,,customer,300275,1,active,302392,,,,,34261,34261,lineitem,orders,1463240,1,active,317474,,,,,36490,36490,,,,,,,,,,,,,,,,,,,,,,,,,,,,,,,,,,,,,,,,,,,,,,,,,,,,,,,,,,,,,,,,,,,,,,,,,,,,,,,,,,,,
Q04,3,5,1,0.72,,,573671,1,active,1450571,,,,,256597,37015,lineitem,,573671,1,active,37929214,,,,,262488,1412,,,,,,,,,,,,,,,,,,,,,,,,,,,,,,,,,,,,,,,,,,,,,,,,,,,,,,,,,,,,,,,,,,,,,,,,,,,,,,,,,,,,
Q05,3,5,1,9999999,,,,,,,,,,,,,,,,,,,,,,,,,,,,,,,,,,,,,,,,,,,,,,,,,,,,,,,,,,,,,,,,,,,,,,,,,,,,,,,,,,,,,,,,,,,,,,,,,,,,,,,,,,,,
Q06,3,5,1,0.31,,,,,,,,,,,,,,,,,,,,,,,,,,,,,,,,,,,,,,,,,,,,,,,,,,,,,,,,,,,,,,,,,,,,,,,,,,,,,,,,,,,,,,,,,,,,,,,,,,,,,,,,,,,,
Q07,3,5,1,0.52,,nation,2,0,never_instantiated,0,,,,,0,0,,customer,120469,0,never_instantiated,0,,,,,0,0,,nation,2,0,never_instantiated,0,,,,,0,0,orders,,119259,0,never_instantiated,0,,,,,0,0,lineitem,supplier,8010,0,never_instantiated,0,,,,,0,0,,,,,,,,,,,,,,,,,,,,,,,,,,,,,,,,,,,,,,,,,,,,,,,,
Q08,3,5,1,0.52,,region,1,0,never_instantiated,0,,,,,0,0,,nation,5,0,never_instantiated,0,,,,,0,0,,part,13452,0,never_instantiated,0,,,,,0,0,,customer,299435,1,active,27721,,,,,0,0,,orders,911192,1,active,28235,,,,,0,0,,nation,25,0,never_instantiated,0,,,,,0,0,lineitem,supplier,100000,0,never_instantiated,0,,,,,0,0,,,,,,,,,,,,,,,,,,,,,,,,
Q09,3,5,1,1.23,,nation,25,0,never_instantiated,0,,,,,0,0,,supplier,100000,0,never_instantiated,0,,,,,0,0,,partsupp,8000000,1,active,3261613,,,,,405110,91174,,orders,15000000,1,frozen,3261613,2470717,THC-Full,,,917506,91894,lineitem,part,108782,0,never_instantiated,0,,,,,0,0,,,,,,,,,,,,,,,,,,,,,,,,,,,,,,,,,,,,,,,,,,,,,,,,
Q10,3,5,1,0.62,,nation,25,0,never_instantiated,0,,,,,0,0,customer,,1147084,0,never_instantiated,0,,,,,0,0,lineitem,orders,573157,1,active,1149376,,,,,218390,43988,,,,,,,,,,,,,,,,,,,,,,,,,,,,,,,,,,,,,,,,,,,,,,,,,,,,,,,,,,,,,,,,,,,,,,,,
Q11,3,5,1,0.21,,nation,1,0,never_instantiated,0,,,,,0,0,partsupp,supplier,4049,0,never_instantiated,0,,,,,0,0,partsupp,,4049,0,never_instantiated,0,,,,,0,0,supplier,nation,1,0,never_instantiated,0,,,,,0,0,,,,,,,,,,,,,,,,,,,,,,,,,,,,,,,,,,,,,,,,,,,,,,,,,,,,,,,,,,,,
Q12,3,5,1,0.52,orders,lineitem,310803,1,active,15000000,,,,,144061,2012,,,,,,,,,,,,,,,,,,,,,,,,,,,,,,,,,,,,,,,,,,,,,,,,,,,,,,,,,,,,,,,,,,,,,,,,,,,,,,,,,,,,,,,,,,,,,,,,
Q13,3,5,1,1.03,orders,customer,1500000,1,active,14845369,,,,,994734,95939,,,,,,,,,,,,,,,,,,,,,,,,,,,,,,,,,,,,,,,,,,,,,,,,,,,,,,,,,,,,,,,,,,,,,,,,,,,,,,,,,,,,,,,,,,,,,,,,
Q14,3,5,1,0.62,lineitem,part,2000000,1,active,749223,,,,,277817,97575,,,,,,,,,,,,,,,,,,,,,,,,,,,,,,,,,,,,,,,,,,,,,,,,,,,,,,,,,,,,,,,,,,,,,,,,,,,,,,,,,,,,,,,,,,,,,,,,
Q15,3,5,1,0.41,,,1,0,never_instantiated,0,,,,,0,0,supplier,,100000,0,never_instantiated,0,,,,,0,0,,,,,,,,,,,,,,,,,,,,,,,,,,,,,,,,,,,,,,,,,,,,,,,,,,,,,,,,,,,,,,,,,,,,,,,,,,,,,,,,,,,,
Q16,3,5,1,0.31,,supplier,56,0,never_instantiated,0,,,,,0,0,partsupp,,296824,0,never_instantiated,0,,,,,0,0,part,,8,0,never_instantiated,0,,,,,0,0,,,,,,,,,,,,,,,,,,,,,,,,,,,,,,,,,,,,,,,,,,,,,,,,,,,,,,,,,,,,,,,,,,,,,,,,
Q17,3,5,1,0.72,lineitem,part,2044,0,never_instantiated,0,,,,,0,0,,,61385,0,never_instantiated,0,,,,,0,0,lineitem,,2044,0,never_instantiated,0,,,,,0,0,,,,,,,,,,,,,,,,,,,,,,,,,,,,,,,,,,,,,,,,,,,,,,,,,,,,,,,,,,,,,,,,,,,,,,,,
Q18,3,5,1,2.87,,lineitem,624,0,never_instantiated,0,,,,,0,0,,customer,1499999,1,frozen,59986052,6041600,THC-Full,,,458754,25697,lineitem,orders,15000000,1,frozen,59986052,8153088,THC-Full,,,917504,26056,,,,,,,,,,,,,,,,,,,,,,,,,,,,,,,,,,,,,,,,,,,,,,,,,,,,,,,,,,,,,,,,,,,,,,,,
Q19,3,5,1,0.82,lineitem,part,2000000,1,frozen,2141904,1201264,THC-Full,,,458755,97609,,,,,,,,,,,,,,,,,,,,,,,,,,,,,,,,,,,,,,,,,,,,,,,,,,,,,,,,,,,,,,,,,,,,,,,,,,,,,,,,,,,,,,,,,,,,,,,,
Q20,3,5,1,0.52,,,4054,0,never_instantiated,0,,,,,0,0,partsupp,part,21551,0,never_instantiated,0,,,,,0,0,,,3671,0,never_instantiated,0,,,,,0,0,lineitem,,3671,0,never_instantiated,0,,,,,0,0,supplier,nation,1,0,never_instantiated,0,,,,,0,0,,,,,,,,,,,,,,,,,,,,,,,,,,,,,,,,,,,,,,,,,,,,,,,,
Q21,3,5,1,1.95,,nation,1,0,never_instantiated,0,,,,,0,0,,orders,7309184,1,active,1522366,,,,,323806,46301,lineitem,supplier,4010,0,never_instantiated,0,,,,,0,0,,,734523,1,active,2930334,,,,,334062,24144,lineitem,,734511,1,active,59985983,,,,,351565,1201,,,707593,1,active,1850454,,,,,324157,36004,lineitem,,707581,1,active,37929315,,,,,333665,1821,,,,,,,,,,,,,,,,,,,,,,,,
Q22,3,5,1,0.31,,,190691,0,never_instantiated,0,,,,,0,0,orders,,190691,0,never_instantiated,0,,,,,0,0,,,,,,,,,,,,,,,,,,,,,,,,,,,,,,,,,,,,,,,,,,,,,,,,,,,,,,,,,,,,,,,,,,,,,,,,,,,,,,,,,,,,
Q01,3,6,1,0.52,,,,,,,,,,,,,,,,,,,,,,,,,,,,,,,,,,,,,,,,,,,,,,,,,,,,,,,,,,,,,,,,,,,,,,,,,,,,,,,,,,,,,,,,,,,,,,,,,,,,,,,,,,,,
Q02,3,6,1,0.21,,region,1,0,never_instantiated,0,,,,,0,0,,nation,5,0,never_instantiated,0,,,,,0,0,supplier,,6362,0,never_instantiated,0,,,,,0,0,partsupp,part,7854,0,never_instantiated,0,,,,,0,0,,,6351,0,never_instantiated,0,,,,,0,0,,,4667,0,never_instantiated,0,,,,,0,0,,region,1,0,never_instantiated,0,,,,,0,0,partsupp,,20033,0,never_instantiated,0,,,,,0,0,supplier,nation,5,0,never_instantiated,0,,,,,0,0
Q03,3,6,1,0.93,,customer,300275,1,active,1498960,,,,,46882,7493,lineitem,orders,7289442,1,active,32334250,,,,,282177,1844,,,,,,,,,,,,,,,,,,,,,,,,,,,,,,,,,,,,,,,,,,,,,,,,,,,,,,,,,,,,,,,,,,,,,,,,,,,,,,,,,,,,
Q04,3,6,1,0.72,,,573671,1,active,1450571,,,,,258225,37841,lineitem,,573671,1,active,37929214,,,,,262207,1382,,,,,,,,,,,,,,,,,,,,,,,,,,,,,,,,,,,,,,,,,,,,,,,,,,,,,,,,,,,,,,,,,,,,,,,,,,,,,,,,,,,,
Q05,3,6,1,1.34,,region,1,0,never_instantiated,0,,,,,0,0,,nation,5,0,never_instantiated,0,,,,,0,0,,customer,1499999,1,active,1825042,,,,,29821,3756,,supplier,20037,0,never_instantiated,0,,,,,0,0,lineitem,orders,2275919,1,frozen,9110734,8234657,THC-Full,,,917507,24990,,,,,,,,,,,,,,,,,,,,,,,,,,,,,,,,,,,,,,,,,,,,,,,,
Q06,3,6,1,0.31,,,,,,,,,,,,,,,,,,,,,,,,,,,,,,,,,,,,,,,,,,,,,,,,,,,,,,,,,,,,,,,,,,,,,,,,,,,,,,,,,,,,,,,,,,,,,,,,,,,,,,,,,,,,
Q07,3,6,1,0.52,,nation,2,0,never_instantiated,0,,,,,0,0,,customer,120469,0,never_instantiated,0,,,,,0,0,,nation,2,0,never_instantiated,0,,,,,0,0,,supplier,8010,0,never_instantiated,0,,,,,0,0,lineitem,orders,1226777,1,active,121468,,,,,0,0,,,,,,,,,,,,,,,,,,,,,,,,,,,,,,,,,,,,,,,,,,,,,,,,
Q08,3,6,1,0.62,,region,1,0,never_instantiated,0,,,,,0,0,,nation,25,0,never_instantiated,0,,,,,0,0,,nation,5,0,never_instantiated,0,,,,,0,0,,supplier,100000,0,never_instantiated,0,,,,,0,0,customer,,24276,0,never_instantiated,0,,,,,0,0,,part,13452,0,never_instantiated,0,,,,,0,0,lineitem,orders,911192,1,active,28235,,,,,0,0,,,,,,,,,,,,,,,,,,,,,,,,
Q09,3,6,1,1.23,,nation,25,0,never_instantiated,0,,,,,0,0,,supplier,100000,0,never_instantiated,0,,,,,0,0,,orders,15000000,1,frozen,3261613,2470595,THC-Full,,,917504,89911,,part,108782,0,never_instantiated,0,,,,,0,0,lineitem,partsupp,8000000,1,active,3316505,,,,,412205,90864,,,,,,,,,,,,,,,,,,,,,,,,,,,,,,,,,,,,,,,,,,,,,,,,
Q10,3,6,1,0.62,,nation,25,0,never_instantiated,0,,,,,0,0,customer,,1147084,0,never_instantiated,0,,,,,0,0,lineitem,orders,573157,1,active,1149376,,,,,216963,43130,,,,,,,,,,,,,,,,,,,,,,,,,,,,,,,,,,,,,,,,,,,,,,,,,,,,,,,,,,,,,,,,,,,,,,,,
Q11,3,6,1,0.21,partsupp,,4049,0,never_instantiated,0,,,,,0,0,supplier,nation,1,0,never_instantiated,0,,,,,0,0,partsupp,,4049,0,never_instantiated,0,,,,,0,0,supplier,nation,1,0,never_instantiated,0,,,,,0,0,,,,,,,,,,,,,,,,,,,,,,,,,,,,,,,,,,,,,,,,,,,,,,,,,,,,,,,,,,,,
Q12,3,6,1,0.52,orders,lineitem,310803,1,active,15000000,,,,,144763,1934,,,,,,,,,,,,,,,,,,,,,,,,,,,,,,,,,,,,,,,,,,,,,,,,,,,,,,,,,,,,,,,,,,,,,,,,,,,,,,,,,,,,,,,,,,,,,,,,
Q13,3,6,1,0.93,orders,customer,1500000,1,active,14845369,,,,,994668,103169,,,,,,,,,,,,,,,,,,,,,,,,,,,,,,,,,,,,,,,,,,,,,,,,,,,,,,,,,,,,,,,,,,,,,,,,,,,,,,,,,,,,,,,,,,,,,,,,
Q14,3,6,1,0.62,lineitem,part,2000000,1,active,749223,,,,,277859,97568,,,,,,,,,,,,,,,,,,,,,,,,,,,,,,,,,,,,,,,,,,,,,,,,,,,,,,,,,,,,,,,,,,,,,,,,,,,,,,,,,,,,,,,,,,,,,,,,
Q15,3,6,1,0.41,,,1,0,never_instantiated,0,,,,,0,0,supplier,,100000,0,never_instantiated,0,,,,,0,0,,,,,,,,,,,,,,,,,,,,,,,,,,,,,,,,,,,,,,,,,,,,,,,,,,,,,,,,,,,,,,,,,,,,,,,,,,,,,,,,,,,,
Q16,3,6,1,0.31,,supplier,56,0,never_instantiated,0,,,,,0,0,partsupp,,296824,0,never_instantiated,0,,,,,0,0,part,,8,0,never_instantiated,0,,,,,0,0,,,,,,,,,,,,,,,,,,,,,,,,,,,,,,,,,,,,,,,,,,,,,,,,,,,,,,,,,,,,,,,,,,,,,,,,
Q17,3,6,1,0.72,lineitem,part,2044,0,never_instantiated,0,,,,,0,0,,,61385,0,never_instantiated,0,,,,,0,0,lineitem,,2044,0,never_instantiated,0,,,,,0,0,,,,,,,,,,,,,,,,,,,,,,,,,,,,,,,,,,,,,,,,,,,,,,,,,,,,,,,,,,,,,,,,,,,,,,,,
Q18,3,6,1,2.77,,lineitem,624,0,never_instantiated,0,,,,,0,0,,customer,1499999,1,frozen,59986052,6086656,THC-Full,,,458754,26203,lineitem,orders,15000000,1,frozen,59986052,8226816,THC-Full,,,917506,26580,,,,,,,,,,,,,,,,,,,,,,,,,,,,,,,,,,,,,,,,,,,,,,,,,,,,,,,,,,,,,,,,,,,,,,,,
Q19,3,6,1,0.82,lineitem,part,2000000,1,frozen,2141904,1201378,THC-Full,,,458756,97658,,,,,,,,,,,,,,,,,,,,,,,,,,,,,,,,,,,,,,,,,,,,,,,,,,,,,,,,,,,,,,,,,,,,,,,,,,,,,,,,,,,,,,,,,,,,,,,,
Q20,3,6,1,0.52,,,4054,0,never_instantiated,0,,,,,0,0,partsupp,part,21551,0,never_instantiated,0,,,,,0,0,,,3671,0,never_instantiated,0,,,,,0,0,lineitem,,3671,0,never_instantiated,0,,,,,0,0,supplier,nation,1,0,never_instantiated,0,,,,,0,0,,,,,,,,,,,,,,,,,,,,,,,,,,,,,,,,,,,,,,,,,,,,,,,,
Q21,3,6,1,1.95,,nation,1,0,never_instantiated,0,,,,,0,0,,supplier,4010,0,never_instantiated,0,,,,,0,0,lineitem,orders,7309184,1,active,1596879,,,,,325171,46377,,,734523,1,active,2930334,,,,,334529,24130,lineitem,,734511,1,active,59985983,,,,,349645,1231,,,707593,1,active,1850454,,,,,323476,36071,lineitem,,707581,1,active,37929315,,,,,334550,1814,,,,,,,,,,,,,,,,,,,,,,,,
Q22,3,6,1,0.31,,,190691,0,never_instantiated,0,,,,,0,0,orders,,190691,0,never_instantiated,0,,,,,0,0,,,,,,,,,,,,,,,,,,,,,,,,,,,,,,,,,,,,,,,,,,,,,,,,,,,,,,,,,,,,,,,,,,,,,,,,,,,,,,,,,,,,
Q01,3,7,1,0.52,,,,,,,,,,,,,,,,,,,,,,,,,,,,,,,,,,,,,,,,,,,,,,,,,,,,,,,,,,,,,,,,,,,,,,,,,,,,,,,,,,,,,,,,,,,,,,,,,,,,,,,,,,,,
Q02,3,7,1,0.21,,region,1,0,never_instantiated,0,,,,,0,0,,nation,5,0,never_instantiated,0,,,,,0,0,,part,7854,0,never_instantiated,0,,,,,0,0,partsupp,supplier,20033,0,never_instantiated,0,,,,,0,0,,,6351,0,never_instantiated,0,,,,,0,0,,,4667,0,never_instantiated,0,,,,,0,0,,region,1,0,never_instantiated,0,,,,,0,0,,nation,5,0,never_instantiated,0,,,,,0,0,partsupp,supplier,20033,0,never_instantiated,0,,,,,0,0
Q03,3,7,1,0.52,,customer,300275,1,active,302392,,,,,34271,34271,lineitem,orders,1463240,1,active,317474,,,,,36492,36492,,,,,,,,,,,,,,,,,,,,,,,,,,,,,,,,,,,,,,,,,,,,,,,,,,,,,,,,,,,,,,,,,,,,,,,,,,,,,,,,,,,,
Q04,3,7,1,0.72,,,573671,1,active,1450571,,,,,257159,36406,lineitem,,573671,1,active,37929214,,,,,261789,1460,,,,,,,,,,,,,,,,,,,,,,,,,,,,,,,,,,,,,,,,,,,,,,,,,,,,,,,,,,,,,,,,,,,,,,,,,,,,,,,,,,,,
Q05,3,7,1,9999999,,,,,,,,,,,,,,,,,,,,,,,,,,,,,,,,,,,,,,,,,,,,,,,,,,,,,,,,,,,,,,,,,,,,,,,,,,,,,,,,,,,,,,,,,,,,,,,,,,,,,,,,,,,,
Q06,3,7,1,0.31,,,,,,,,,,,,,,,,,,,,,,,,,,,,,,,,,,,,,,,,,,,,,,,,,,,,,,,,,,,,,,,,,,,,,,,,,,,,,,,,,,,,,,,,,,,,,,,,,,,,,,,,,,,,
Q07,3,7,1,0.52,,nation,2,0,never_instantiated,0,,,,,0,0,,nation,2,0,never_instantiated,0,,,,,0,0,,customer,120469,0,never_instantiated,0,,,,,0,0,orders,,119259,0,never_instantiated,0,,,,,0,0,lineitem,supplier,8010,0,never_instantiated,0,,,,,0,0,,,,,,,,,,,,,,,,,,,,,,,,,,,,,,,,,,,,,,,,,,,,,,,,
Q08,3,7,1,0.62,,region,1,0,never_instantiated,0,,,,,0,0,,nation,5,0,never_instantiated,0,,,,,0,0,customer,,24276,0,never_instantiated,0,,,,,0,0,,nation,25,0,never_instantiated,0,,,,,0,0,orders,,24717,0,never_instantiated,0,,,,,0,0,,supplier,100000,0,never_instantiated,0,,,,,0,0,lineitem,part,13452,0,never_instantiated,0,,,,,0,0,,,,,,,,,,,,,,,,,,,,,,,,
Q09,3,7,1,1.23,,nation,25,0,never_instantiated,0,,,,,0,0,,part,108782,0,never_instantiated,0,,,,,0,0,,orders,15000000,1,frozen,3316505,2474670,THC-Full,,,917504,89757,,partsupp,8000000,1,active,3316505,,,,,412254,89563,lineitem,supplier,100000,0,never_instantiated,0,,,,,0,0,,,,,,,,,,,,,,,,,,,,,,,,,,,,,,,,,,,,,,,,,,,,,,,,
Q10,3,7,1,0.62,,nation,25,0,never_instantiated,0,,,,,0,0,customer,,1147084,0,never_instantiated,0,,,,,0,0,lineitem,orders,573157,1,active,1149376,,,,,216914,43973,,,,,,,,,,,,,,,,,,,,,,,,,,,,,,,,,,,,,,,,,,,,,,,,,,,,,,,,,,,,,,,,,,,,,,,,
Q11,3,7,1,0.21,,nation,1,0,never_instantiated,0,,,,,0,0,partsupp,supplier,4049,0,never_instantiated,0,,,,,0,0,,nation,1,0,never_instantiated,0,,,,,0,0,partsupp,supplier,4049,0,never_instantiated,0,,,,,0,0,,,,,,,,,,,,,,,,,,,,,,,,,,,,,,,,,,,,,,,,,,,,,,,,,,,,,,,,,,,,
Q12,3,7,1,0.52,orders,lineitem,310803,1,active,15000000,,,,,145098,2012,,,,,,,,,,,,,,,,,,,,,,,,,,,,,,,,,,,,,,,,,,,,,,,,,,,,,,,,,,,,,,,,,,,,,,,,,,,,,,,,,,,,,,,,,,,,,,,,
Q13,3,7,1,0.93,orders,customer,1500000,1,active,14845369,,,,,994649,95965,,,,,,,,,,,,,,,,,,,,,,,,,,,,,,,,,,,,,,,,,,,,,,,,,,,,,,,,,,,,,,,,,,,,,,,,,,,,,,,,,,,,,,,,,,,,,,,,
Q14,3,7,1,0.62,lineitem,part,2000000,1,active,749223,,,,,277855,97593,,,,,,,,,,,,,,,,,,,,,,,,,,,,,,,,,,,,,,,,,,,,,,,,,,,,,,,,,,,,,,,,,,,,,,,,,,,,,,,,,,,,,,,,,,,,,,,,
Q15,3,7,1,0.41,,,1,0,never_instantiated,0,,,,,0,0,supplier,,100000,0,never_instantiated,0,,,,,0,0,,,,,,,,,,,,,,,,,,,,,,,,,,,,,,,,,,,,,,,,,,,,,,,,,,,,,,,,,,,,,,,,,,,,,,,,,,,,,,,,,,,,
Q16,3,7,1,0.31,,supplier,56,0,never_instantiated,0,,,,,0,0,partsupp,,296824,0,never_instantiated,0,,,,,0,0,part,,8,0,never_instantiated,0,,,,,0,0,,,,,,,,,,,,,,,,,,,,,,,,,,,,,,,,,,,,,,,,,,,,,,,,,,,,,,,,,,,,,,,,,,,,,,,,
Q17,3,7,1,0.72,lineitem,part,2044,0,never_instantiated,0,,,,,0,0,,,61385,0,never_instantiated,0,,,,,0,0,lineitem,,2044,0,never_instantiated,0,,,,,0,0,,,,,,,,,,,,,,,,,,,,,,,,,,,,,,,,,,,,,,,,,,,,,,,,,,,,,,,,,,,,,,,,,,,,,,,,
Q18,3,7,1,2.77,,lineitem,624,0,never_instantiated,0,,,,,0,0,,customer,1499999,1,frozen,59986052,6037504,THC-Full,,,458756,24691,lineitem,orders,15000000,1,frozen,59986052,8157184,THC-Full,,,917505,25027,,,,,,,,,,,,,,,,,,,,,,,,,,,,,,,,,,,,,,,,,,,,,,,,,,,,,,,,,,,,,,,,,,,,,,,,
Q19,3,7,1,0.82,lineitem,part,2000000,1,frozen,2141904,1202128,THC-Full,,,458758,97630,,,,,,,,,,,,,,,,,,,,,,,,,,,,,,,,,,,,,,,,,,,,,,,,,,,,,,,,,,,,,,,,,,,,,,,,,,,,,,,,,,,,,,,,,,,,,,,,
Q20,3,7,1,0.52,,,4054,0,never_instantiated,0,,,,,0,0,partsupp,part,21551,0,never_instantiated,0,,,,,0,0,,,3671,0,never_instantiated,0,,,,,0,0,lineitem,,3671,0,never_instantiated,0,,,,,0,0,supplier,nation,1,0,never_instantiated,0,,,,,0,0,,,,,,,,,,,,,,,,,,,,,,,,,,,,,,,,,,,,,,,,,,,,,,,,
Q21,3,7,1,1.95,,nation,1,0,never_instantiated,0,,,,,0,0,,orders,7309184,1,active,1522366,,,,,326915,46072,lineitem,supplier,4010,0,never_instantiated,0,,,,,0,0,,,734523,1,active,2930334,,,,,334779,24154,lineitem,,734511,1,active,59985983,,,,,351415,1203,,,707593,1,active,1850454,,,,,323769,36048,lineitem,,707581,1,active,37929315,,,,,334312,1869,,,,,,,,,,,,,,,,,,,,,,,,
Q22,3,7,1,0.31,,,190691,0,never_instantiated,0,,,,,0,0,orders,,190691,0,never_instantiated,0,,,,,0,0,,,,,,,,,,,,,,,,,,,,,,,,,,,,,,,,,,,,,,,,,,,,,,,,,,,,,,,,,,,,,,,,,,,,,,,,,,,,,,,,,,,,
Q01,3,8,1,0.52,,,,,,,,,,,,,,,,,,,,,,,,,,,,,,,,,,,,,,,,,,,,,,,,,,,,,,,,,,,,,,,,,,,,,,,,,,,,,,,,,,,,,,,,,,,,,,,,,,,,,,,,,,,,
Q02,3,8,1,0.21,,region,1,0,never_instantiated,0,,,,,0,0,,nation,5,0,never_instantiated,0,,,,,0,0,supplier,,6362,0,never_instantiated,0,,,,,0,0,partsupp,part,7854,0,never_instantiated,0,,,,,0,0,,,6351,0,never_instantiated,0,,,,,0,0,,,4667,0,never_instantiated,0,,,,,0,0,,region,1,0,never_instantiated,0,,,,,0,0,partsupp,,20033,0,never_instantiated,0,,,,,0,0,supplier,nation,5,0,never_instantiated,0,,,,,0,0
Q03,3,8,1,0.52,,customer,300275,1,active,302392,,,,,34216,34216,lineitem,orders,1463240,1,active,317474,,,,,36421,36421,,,,,,,,,,,,,,,,,,,,,,,,,,,,,,,,,,,,,,,,,,,,,,,,,,,,,,,,,,,,,,,,,,,,,,,,,,,,,,,,,,,,
Q04,3,8,1,0.72,,,573671,1,active,1450571,,,,,255210,36391,lineitem,,573671,1,active,37929214,,,,,261868,1448,,,,,,,,,,,,,,,,,,,,,,,,,,,,,,,,,,,,,,,,,,,,,,,,,,,,,,,,,,,,,,,,,,,,,,,,,,,,,,,,,,,,
Q05,3,8,1,1.23,,region,1,0,never_instantiated,0,,,,,0,0,,nation,5,0,never_instantiated,0,,,,,0,0,,customer,300270,1,active,1825042,,,,,30751,3775,,supplier,20037,0,never_instantiated,0,,,,,0,0,lineitem,orders,2275919,1,frozen,9110734,8233061,THC-Full,,,917508,24962,,,,,,,,,,,,,,,,,,,,,,,,,,,,,,,,,,,,,,,,,,,,,,,,
Q06,3,8,1,0.31,,,,,,,,,,,,,,,,,,,,,,,,,,,,,,,,,,,,,,,,,,,,,,,,,,,,,,,,,,,,,,,,,,,,,,,,,,,,,,,,,,,,,,,,,,,,,,,,,,,,,,,,,,,,
Q07,3,8,1,0.52,,nation,2,0,never_instantiated,0,,,,,0,0,,customer,120469,0,never_instantiated,0,,,,,0,0,,nation,2,0,never_instantiated,0,,,,,0,0,,supplier,8010,0,never_instantiated,0,,,,,0,0,lineitem,orders,1226777,1,active,121468,,,,,0,0,,,,,,,,,,,,,,,,,,,,,,,,,,,,,,,,,,,,,,,,,,,,,,,,
Q08,3,8,1,0.52,,region,1,0,never_instantiated,0,,,,,0,0,,nation,5,0,never_instantiated,0,,,,,0,0,customer,,24276,0,never_instantiated,0,,,,,0,0,,part,13452,0,never_instantiated,0,,,,,0,0,,nation,25,0,never_instantiated,0,,,,,0,0,,orders,911192,1,active,28235,,,,,0,0,lineitem,supplier,100000,0,never_instantiated,0,,,,,0,0,,,,,,,,,,,,,,,,,,,,,,,,
Q09,3,8,1,1.85,,nation,25,0,never_instantiated,0,,,,,0,0,,supplier,100000,0,never_instantiated,0,,,,,0,0,,part,108782,0,never_instantiated,0,,,,,0,0,,partsupp,442524,1,active,3316505,,,,,411604,89606,lineitem,orders,15000000,1,frozen,3316505,2403303,THC-Full,,,917509,89793,,,,,,,,,,,,,,,,,,,,,,,,,,,,,,,,,,,,,,,,,,,,,,,,
Q10,3,8,1,0.62,,nation,25,0,never_instantiated,0,,,,,0,0,customer,,1147084,0,never_instantiated,0,,,,,0,0,lineitem,orders,573157,1,active,1149376,,,,,217012,43202,,,,,,,,,,,,,,,,,,,,,,,,,,,,,,,,,,,,,,,,,,,,,,,,,,,,,,,,,,,,,,,,,,,,,,,,
Q11,3,8,1,0.21,partsupp,,4049,0,never_instantiated,0,,,,,0,0,supplier,nation,1,0,never_instantiated,0,,,,,0,0,partsupp,,4049,0,never_instantiated,0,,,,,0,0,supplier,nation,1,0,never_instantiated,0,,,,,0,0,,,,,,,,,,,,,,,,,,,,,,,,,,,,,,,,,,,,,,,,,,,,,,,,,,,,,,,,,,,,
Q12,3,8,1,0.52,orders,lineitem,310803,1,active,15000000,,,,,144228,2047,,,,,,,,,,,,,,,,,,,,,,,,,,,,,,,,,,,,,,,,,,,,,,,,,,,,,,,,,,,,,,,,,,,,,,,,,,,,,,,,,,,,,,,,,,,,,,,,
Q13,3,8,1,1.03,orders,customer,1500000,1,active,14845369,,,,,994640,97796,,,,,,,,,,,,,,,,,,,,,,,,,,,,,,,,,,,,,,,,,,,,,,,,,,,,,,,,,,,,,,,,,,,,,,,,,,,,,,,,,,,,,,,,,,,,,,,,
Q14,3,8,1,0.62,lineitem,part,2000000,1,active,749223,,,,,277845,97558,,,,,,,,,,,,,,,,,,,,,,,,,,,,,,,,,,,,,,,,,,,,,,,,,,,,,,,,,,,,,,,,,,,,,,,,,,,,,,,,,,,,,,,,,,,,,,,,
Q15,3,8,1,0.41,,,1,0,never_instantiated,0,,,,,0,0,supplier,,100000,0,never_instantiated,0,,,,,0,0,,,,,,,,,,,,,,,,,,,,,,,,,,,,,,,,,,,,,,,,,,,,,,,,,,,,,,,,,,,,,,,,,,,,,,,,,,,,,,,,,,,,
Q16,3,8,1,0.31,,supplier,56,0,never_instantiated,0,,,,,0,0,partsupp,,296824,0,never_instantiated,0,,,,,0,0,part,,8,0,never_instantiated,0,,,,,0,0,,,,,,,,,,,,,,,,,,,,,,,,,,,,,,,,,,,,,,,,,,,,,,,,,,,,,,,,,,,,,,,,,,,,,,,,
Q17,3,8,1,0.72,lineitem,part,2044,0,never_instantiated,0,,,,,0,0,,,61385,0,never_instantiated,0,,,,,0,0,lineitem,,2044,0,never_instantiated,0,,,,,0,0,,,,,,,,,,,,,,,,,,,,,,,,,,,,,,,,,,,,,,,,,,,,,,,,,,,,,,,,,,,,,,,,,,,,,,,,
Q18,3,8,1,2.77,,lineitem,624,0,never_instantiated,0,,,,,0,0,,customer,1499999,1,frozen,59986052,6072320,THC-Full,,,458752,24690,lineitem,orders,15000000,1,frozen,59986052,8163328,THC-Full,,,917504,25017,,,,,,,,,,,,,,,,,,,,,,,,,,,,,,,,,,,,,,,,,,,,,,,,,,,,,,,,,,,,,,,,,,,,,,,,
Q19,3,8,1,0.82,lineitem,part,2000000,1,frozen,2141904,1206475,THC-Full,,,458758,97618,,,,,,,,,,,,,,,,,,,,,,,,,,,,,,,,,,,,,,,,,,,,,,,,,,,,,,,,,,,,,,,,,,,,,,,,,,,,,,,,,,,,,,,,,,,,,,,,
Q20,3,8,1,0.52,,,4054,0,never_instantiated,0,,,,,0,0,partsupp,part,21551,0,never_instantiated,0,,,,,0,0,,,3671,0,never_instantiated,0,,,,,0,0,lineitem,,3671,0,never_instantiated,0,,,,,0,0,supplier,nation,1,0,never_instantiated,0,,,,,0,0,,,,,,,,,,,,,,,,,,,,,,,,,,,,,,,,,,,,,,,,,,,,,,,,
Q21,3,8,1,1.95,,nation,1,0,never_instantiated,0,,,,,0,0,,supplier,4010,0,never_instantiated,0,,,,,0,0,lineitem,orders,7309184,1,active,1596879,,,,,326362,46031,,,734523,1,active,2930334,,,,,334229,24128,lineitem,,734511,1,active,59985983,,,,,351815,1175,,,707593,1,active,1850454,,,,,322773,36095,lineitem,,707581,1,active,37929315,,,,,334976,1860,,,,,,,,,,,,,,,,,,,,,,,,
Q22,3,8,1,0.31,,,190691,0,never_instantiated,0,,,,,0,0,orders,,190691,0,never_instantiated,0,,,,,0,0,,,,,,,,,,,,,,,,,,,,,,,,,,,,,,,,,,,,,,,,,,,,,,,,,,,,,,,,,,,,,,,,,,,,,,,,,,,,,,,,,,,,
Q01,3,9,1,0.52,,,,,,,,,,,,,,,,,,,,,,,,,,,,,,,,,,,,,,,,,,,,,,,,,,,,,,,,,,,,,,,,,,,,,,,,,,,,,,,,,,,,,,,,,,,,,,,,,,,,,,,,,,,,
Q02,3,9,1,0.21,,region,1,0,never_instantiated,0,,,,,0,0,,part,7854,0,never_instantiated,0,,,,,0,0,,nation,5,0,never_instantiated,0,,,,,0,0,partsupp,supplier,20033,0,never_instantiated,0,,,,,0,0,,,6351,0,never_instantiated,0,,,,,0,0,,,4667,0,never_instantiated,0,,,,,0,0,partsupp,,20033,0,never_instantiated,0,,,,,0,0,,region,1,0,never_instantiated,0,,,,,0,0,supplier,nation,5,0,never_instantiated,0,,,,,0,0
Q03,3,9,1,0.93,,customer,300275,1,active,1498960,,,,,46766,7473,lineitem,orders,7289442,1,active,32334250,,,,,282262,1880,,,,,,,,,,,,,,,,,,,,,,,,,,,,,,,,,,,,,,,,,,,,,,,,,,,,,,,,,,,,,,,,,,,,,,,,,,,,,,,,,,,,
Q04,3,9,1,0.72,,,573671,1,active,1450571,,,,,256529,37039,lineitem,,573671,1,active,37929214,,,,,262282,1404,,,,,,,,,,,,,,,,,,,,,,,,,,,,,,,,,,,,,,,,,,,,,,,,,,,,,,,,,,,,,,,,,,,,,,,,,,,,,,,,,,,,
Q05,3,9,1,0.93,,region,1,0,never_instantiated,0,,,,,0,0,,nation,5,0,never_instantiated,0,,,,,0,0,,customer,300270,1,active,1825042,,,,,29545,3788,,orders,2275919,1,active,1826734,,,,,599500,68218,lineitem,supplier,20037,0,never_instantiated,0,,,,,0,0,,,,,,,,,,,,,,,,,,,,,,,,,,,,,,,,,,,,,,,,,,,,,,,,
Q06,3,9,1,0.31,,,,,,,,,,,,,,,,,,,,,,,,,,,,,,,,,,,,,,,,,,,,,,,,,,,,,,,,,,,,,,,,,,,,,,,,,,,,,,,,,,,,,,,,,,,,,,,,,,,,,,,,,,,,
Q07,3,9,1,0.52,,nation,2,0,never_instantiated,0,,,,,0,0,,customer,120469,0,never_instantiated,0,,,,,0,0,orders,,119259,0,never_instantiated,0,,,,,0,0,,nation,2,0,never_instantiated,0,,,,,0,0,lineitem,supplier,8010,0,never_instantiated,0,,,,,0,0,,,,,,,,,,,,,,,,,,,,,,,,,,,,,,,,,,,,,,,,,,,,,,,,
Q08,3,9,1,0.62,,region,1,0,never_instantiated,0,,,,,0,0,,nation,5,0,never_instantiated,0,,,,,0,0,customer,,24276,0,never_instantiated,0,,,,,0,0,,part,13452,0,never_instantiated,0,,,,,0,0,,nation,25,0,never_instantiated,0,,,,,0,0,,supplier,100000,0,never_instantiated,0,,,,,0,0,lineitem,orders,911192,1,active,28235,,,,,0,0,,,,,,,,,,,,,,,,,,,,,,,,
Q09,3,9,1,1.23,,nation,25,0,never_instantiated,0,,,,,0,0,,partsupp,8000000,1,active,3261613,,,,,404951,91194,,orders,15000000,1,frozen,3261613,2478692,THC-Full,,,917504,91910,,supplier,100000,0,never_instantiated,0,,,,,0,0,lineitem,part,108782,0,never_instantiated,0,,,,,0,0,,,,,,,,,,,,,,,,,,,,,,,,,,,,,,,,,,,,,,,,,,,,,,,,
Q10,3,9,1,0.62,,nation,25,0,never_instantiated,0,,,,,0,0,customer,,1147084,0,never_instantiated,0,,,,,0,0,lineitem,orders,573157,1,active,1149376,,,,,217944,43171,,,,,,,,,,,,,,,,,,,,,,,,,,,,,,,,,,,,,,,,,,,,,,,,,,,,,,,,,,,,,,,,,,,,,,,,
Q11,3,9,1,0.21,,nation,1,0,never_instantiated,0,,,,,0,0,partsupp,supplier,4049,0,never_instantiated,0,,,,,0,0,partsupp,,4049,0,never_instantiated,0,,,,,0,0,supplier,nation,1,0,never_instantiated,0,,,,,0,0,,,,,,,,,,,,,,,,,,,,,,,,,,,,,,,,,,,,,,,,,,,,,,,,,,,,,,,,,,,,
Q12,3,9,1,0.52,orders,lineitem,310803,1,active,15000000,,,,,143490,1972,,,,,,,,,,,,,,,,,,,,,,,,,,,,,,,,,,,,,,,,,,,,,,,,,,,,,,,,,,,,,,,,,,,,,,,,,,,,,,,,,,,,,,,,,,,,,,,,
Q13,3,9,1,0.93,orders,customer,1500000,1,active,14845369,,,,,994737,95954,,,,,,,,,,,,,,,,,,,,,,,,,,,,,,,,,,,,,,,,,,,,,,,,,,,,,,,,,,,,,,,,,,,,,,,,,,,,,,,,,,,,,,,,,,,,,,,,
Q14,3,9,1,0.62,lineitem,part,2000000,1,active,749223,,,,,277804,97550,,,,,,,,,,,,,,,,,,,,,,,,,,,,,,,,,,,,,,,,,,,,,,,,,,,,,,,,,,,,,,,,,,,,,,,,,,,,,,,,,,,,,,,,,,,,,,,,
Q15,3,9,1,0.41,,,1,0,never_instantiated,0,,,,,0,0,supplier,,100000,0,never_instantiated,0,,,,,0,0,,,,,,,,,,,,,,,,,,,,,,,,,,,,,,,,,,,,,,,,,,,,,,,,,,,,,,,,,,,,,,,,,,,,,,,,,,,,,,,,,,,,
Q16,3,9,1,0.31,,supplier,56,0,never_instantiated,0,,,,,0,0,partsupp,,296824,0,never_instantiated,0,,,,,0,0,part,,8,0,never_instantiated,0,,,,,0,0,,,,,,,,,,,,,,,,,,,,,,,,,,,,,,,,,,,,,,,,,,,,,,,,,,,,,,,,,,,,,,,,,,,,,,,,
Q17,3,9,1,0.72,lineitem,part,2044,0,never_instantiated,0,,,,,0,0,,,61385,0,never_instantiated,0,,,,,0,0,lineitem,,2044,0,never_instantiated,0,,,,,0,0,,,,,,,,,,,,,,,,,,,,,,,,,,,,,,,,,,,,,,,,,,,,,,,,,,,,,,,,,,,,,,,,,,,,,,,,
Q18,3,9,1,2.77,,lineitem,624,0,never_instantiated,0,,,,,0,0,,customer,1499999,1,frozen,59986052,6033408,THC-Full,,,458754,24687,lineitem,orders,15000000,1,frozen,59986052,8361984,THC-Full,,,917505,25014,,,,,,,,,,,,,,,,,,,,,,,,,,,,,,,,,,,,,,,,,,,,,,,,,,,,,,,,,,,,,,,,,,,,,,,,
Q19,3,9,1,0.82,lineitem,part,2000000,1,frozen,2141904,1203300,THC-Full,,,458754,97627,,,,,,,,,,,,,,,,,,,,,,,,,,,,,,,,,,,,,,,,,,,,,,,,,,,,,,,,,,,,,,,,,,,,,,,,,,,,,,,,,,,,,,,,,,,,,,,,
Q20,3,9,1,0.52,,,4054,0,never_instantiated,0,,,,,0,0,partsupp,part,21551,0,never_instantiated,0,,,,,0,0,,,3671,0,never_instantiated,0,,,,,0,0,lineitem,,3671,0,never_instantiated,0,,,,,0,0,supplier,nation,1,0,never_instantiated,0,,,,,0,0,,,,,,,,,,,,,,,,,,,,,,,,,,,,,,,,,,,,,,,,,,,,,,,,
Q21,3,9,1,1.95,orders,,1522366,0,never_instantiated,0,,,,,0,0,,nation,1,0,never_instantiated,0,,,,,0,0,lineitem,supplier,4010,0,never_instantiated,0,,,,,0,0,,,734523,1,active,2930334,,,,,334235,24166,lineitem,,734511,1,active,59985983,,,,,352317,1200,,,707593,1,active,1850454,,,,,323318,36103,lineitem,,707581,1,active,37929315,,,,,334861,1804,,,,,,,,,,,,,,,,,,,,,,,,
Q22,3,9,1,0.31,,,190691,0,never_instantiated,0,,,,,0,0,orders,,190691,0,never_instantiated,0,,,,,0,0,,,,,,,,,,,,,,,,,,,,,,,,,,,,,,,,,,,,,,,,,,,,,,,,,,,,,,,,,,,,,,,,,,,,,,,,,,,,,,,,,,,,
Q01,3,10,1,0.51,,,,,,,,,,,,,,,,,,,,,,,,,,,,,,,,,,,,,,,,,,,,,,,,,,,,,,,,,,,,,,,,,,,,,,,,,,,,,,,,,,,,,,,,,,,,,,,,,,,,,,,,,,,,
Q02,3,10,1,0.21,,region,1,0,never_instantiated,0,,,,,0,0,,nation,5,0,never_instantiated,0,,,,,0,0,supplier,,6362,0,never_instantiated,0,,,,,0,0,partsupp,part,7854,0,never_instantiated,0,,,,,0,0,,,6351,0,never_instantiated,0,,,,,0,0,,,4667,0,never_instantiated,0,,,,,0,0,,region,1,0,never_instantiated,0,,,,,0,0,partsupp,,20033,0,never_instantiated,0,,,,,0,0,supplier,nation,5,0,never_instantiated,0,,,,,0,0
Q03,3,10,1,0.52,,customer,300275,1,active,302392,,,,,34285,34285,lineitem,orders,1463240,1,active,317474,,,,,36461,36461,,,,,,,,,,,,,,,,,,,,,,,,,,,,,,,,,,,,,,,,,,,,,,,,,,,,,,,,,,,,,,,,,,,,,,,,,,,,,,,,,,,,
Q04,3,10,1,0.72,,,573671,1,active,1450571,,,,,254689,36805,lineitem,,573671,1,active,37929214,,,,,261997,1412,,,,,,,,,,,,,,,,,,,,,,,,,,,,,,,,,,,,,,,,,,,,,,,,,,,,,,,,,,,,,,,,,,,,,,,,,,,,,,,,,,,,
Q05,3,10,1,0.72,,region,1,0,never_instantiated,0,,,,,0,0,,nation,5,0,never_instantiated,0,,,,,0,0,,customer,300270,1,active,1827571,,,,,29829,3761,,supplier,100000,0,never_instantiated,0,,,,,0,0,lineitem,orders,457191,1,active,1898252,,,,,218237,24367,,,,,,,,,,,,,,,,,,,,,,,,,,,,,,,,,,,,,,,,,,,,,,,,
Q06,3,10,1,0.31,,,,,,,,,,,,,,,,,,,,,,,,,,,,,,,,,,,,,,,,,,,,,,,,,,,,,,,,,,,,,,,,,,,,,,,,,,,,,,,,,,,,,,,,,,,,,,,,,,,,,,,,,,,,
Q07,3,10,1,0.52,,nation,2,0,never_instantiated,0,,,,,0,0,,customer,120469,0,never_instantiated,0,,,,,0,0,,nation,2,0,never_instantiated,0,,,,,0,0,,supplier,8010,0,never_instantiated,0,,,,,0,0,lineitem,orders,1226777,1,active,121468,,,,,0,0,,,,,,,,,,,,,,,,,,,,,,,,,,,,,,,,,,,,,,,,,,,,,,,,
Q08,3,10,1,0.62,,region,1,0,never_instantiated,0,,,,,0,0,,nation,5,0,never_instantiated,0,,,,,0,0,customer,,24276,0,never_instantiated,0,,,,,0,0,orders,,24717,0,never_instantiated,0,,,,,0,0,,nation,25,0,never_instantiated,0,,,,,0,0,,supplier,100000,0,never_instantiated,0,,,,,0,0,lineitem,part,13452,0,never_instantiated,0,,,,,0,0,,,,,,,,,,,,,,,,,,,,,,,,
Q09,3,10,1,1.23,,nation,25,0,never_instantiated,0,,,,,0,0,,part,108782,0,never_instantiated,0,,,,,0,0,,orders,15000000,1,frozen,3316505,2471774,THC-Full,,,917505,89978,,supplier,100000,0,never_instantiated,0,,,,,0,0,lineitem,partsupp,8000000,1,active,3316505,,,,,412499,89760,,,,,,,,,,,,,,,,,,,,,,,,,,,,,,,,,,,,,,,,,,,,,,,,
Q10,3,10,1,0.62,,nation,25,0,never_instantiated,0,,,,,0,0,customer,,1147084,0,never_instantiated,0,,,,,0,0,lineitem,orders,573157,1,active,1149376,,,,,218567,43091,,,,,,,,,,,,,,,,,,,,,,,,,,,,,,,,,,,,,,,,,,,,,,,,,,,,,,,,,,,,,,,,,,,,,,,,
Q11,3,10,1,0.21,partsupp,,4049,0,never_instantiated,0,,,,,0,0,supplier,nation,1,0,never_instantiated,0,,,,,0,0,partsupp,,4049,0,never_instantiated,0,,,,,0,0,supplier,nation,1,0,never_instantiated,0,,,,,0,0,,,,,,,,,,,,,,,,,,,,,,,,,,,,,,,,,,,,,,,,,,,,,,,,,,,,,,,,,,,,
Q12,3,10,1,0.52,orders,lineitem,310803,1,active,15000000,,,,,143477,2143,,,,,,,,,,,,,,,,,,,,,,,,,,,,,,,,,,,,,,,,,,,,,,,,,,,,,,,,,,,,,,,,,,,,,,,,,,,,,,,,,,,,,,,,,,,,,,,,
Q13,3,10,1,1.03,orders,customer,1500000,1,active,14845369,,,,,994732,95960,,,,,,,,,,,,,,,,,,,,,,,,,,,,,,,,,,,,,,,,,,,,,,,,,,,,,,,,,,,,,,,,,,,,,,,,,,,,,,,,,,,,,,,,,,,,,,,,
Q14,3,10,1,0.62,lineitem,part,2000000,1,active,749223,,,,,277830,97562,,,,,,,,,,,,,,,,,,,,,,,,,,,,,,,,,,,,,,,,,,,,,,,,,,,,,,,,,,,,,,,,,,,,,,,,,,,,,,,,,,,,,,,,,,,,,,,,
Q15,3,10,1,0.41,,,1,0,never_instantiated,0,,,,,0,0,supplier,,100000,0,never_instantiated,0,,,,,0,0,,,,,,,,,,,,,,,,,,,,,,,,,,,,,,,,,,,,,,,,,,,,,,,,,,,,,,,,,,,,,,,,,,,,,,,,,,,,,,,,,,,,
Q16,3,10,1,0.31,,supplier,56,0,never_instantiated,0,,,,,0,0,partsupp,,296824,0,never_instantiated,0,,,,,0,0,part,,8,0,never_instantiated,0,,,,,0,0,,,,,,,,,,,,,,,,,,,,,,,,,,,,,,,,,,,,,,,,,,,,,,,,,,,,,,,,,,,,,,,,,,,,,,,,
Q17,3,10,1,0.72,lineitem,part,2044,0,never_instantiated,0,,,,,0,0,,,61385,0,never_instantiated,0,,,,,0,0,lineitem,,2044,0,never_instantiated,0,,,,,0,0,,,,,,,,,,,,,,,,,,,,,,,,,,,,,,,,,,,,,,,,,,,,,,,,,,,,,,,,,,,,,,,,,,,,,,,,
Q18,3,10,1,2.87,,lineitem,624,0,never_instantiated,0,,,,,0,0,,customer,1499999,1,frozen,59986052,6047744,THC-Full,,,458754,26180,lineitem,orders,15000000,1,frozen,59986052,8179712,THC-Full,,,917504,26556,,,,,,,,,,,,,,,,,,,,,,,,,,,,,,,,,,,,,,,,,,,,,,,,,,,,,,,,,,,,,,,,,,,,,,,,
Q19,3,10,1,0.82,lineitem,part,2000000,1,frozen,2141904,1204272,THC-Full,,,458754,97650,,,,,,,,,,,,,,,,,,,,,,,,,,,,,,,,,,,,,,,,,,,,,,,,,,,,,,,,,,,,,,,,,,,,,,,,,,,,,,,,,,,,,,,,,,,,,,,,
Q20,3,10,1,0.52,,,4054,0,never_instantiated,0,,,,,0,0,partsupp,part,21551,0,never_instantiated,0,,,,,0,0,,,3671,0,never_instantiated,0,,,,,0,0,lineitem,,3671,0,never_instantiated,0,,,,,0,0,supplier,nation,1,0,never_instantiated,0,,,,,0,0,,,,,,,,,,,,,,,,,,,,,,,,,,,,,,,,,,,,,,,,,,,,,,,,
Q21,3,10,1,1.85,,nation,1,0,never_instantiated,0,,,,,0,0,,supplier,4010,0,never_instantiated,0,,,,,0,0,lineitem,orders,7309184,1,active,1596879,,,,,326615,46375,,,734523,1,active,2930334,,,,,334363,24131,lineitem,,734511,1,active,59985983,,,,,350934,1187,,,707593,1,active,1850454,,,,,323323,36025,lineitem,,707581,1,active,37929315,,,,,334386,1817,,,,,,,,,,,,,,,,,,,,,,,,
Q22,3,10,1,0.31,,,190691,0,never_instantiated,0,,,,,0,0,orders,,190691,0,never_instantiated,0,,,,,0,0,,,,,,,,,,,,,,,,,,,,,,,,,,,,,,,,,,,,,,,,,,,,,,,,,,,,,,,,,,,,,,,,,,,,,,,,,,,,,,,,,,,,
Q01,3,11,1,0.52,,,,,,,,,,,,,,,,,,,,,,,,,,,,,,,,,,,,,,,,,,,,,,,,,,,,,,,,,,,,,,,,,,,,,,,,,,,,,,,,,,,,,,,,,,,,,,,,,,,,,,,,,,,,
Q02,3,11,1,0.21,,region,1,0,never_instantiated,0,,,,,0,0,,nation,5,0,never_instantiated,0,,,,,0,0,,part,7854,0,never_instantiated,0,,,,,0,0,partsupp,supplier,20033,0,never_instantiated,0,,,,,0,0,,,6351,0,never_instantiated,0,,,,,0,0,,,4667,0,never_instantiated,0,,,,,0,0,,region,1,0,never_instantiated,0,,,,,0,0,,nation,5,0,never_instantiated,0,,,,,0,0,partsupp,supplier,20033,0,never_instantiated,0,,,,,0,0
Q03,3,11,1,0.93,,customer,300275,1,active,1498960,,,,,46796,7527,lineitem,orders,7289442,1,active,32334250,,,,,281954,1831,,,,,,,,,,,,,,,,,,,,,,,,,,,,,,,,,,,,,,,,,,,,,,,,,,,,,,,,,,,,,,,,,,,,,,,,,,,,,,,,,,,,
Q04,3,11,1,0.72,,,573671,1,active,1450571,,,,,255598,36386,lineitem,,573671,1,active,37929214,,,,,260920,1415,,,,,,,,,,,,,,,,,,,,,,,,,,,,,,,,,,,,,,,,,,,,,,,,,,,,,,,,,,,,,,,,,,,,,,,,,,,,,,,,,,,,
Q05,3,11,1,1.03,,customer,1499999,1,active,1825042,,,,,29473,3793,,region,1,0,never_instantiated,0,,,,,0,0,,nation,5,0,never_instantiated,0,,,,,0,0,,orders,2275919,1,active,1826734,,,,,591372,68203,lineitem,supplier,20037,0,never_instantiated,0,,,,,0,0,,,,,,,,,,,,,,,,,,,,,,,,,,,,,,,,,,,,,,,,,,,,,,,,
Q06,3,11,1,0.31,,,,,,,,,,,,,,,,,,,,,,,,,,,,,,,,,,,,,,,,,,,,,,,,,,,,,,,,,,,,,,,,,,,,,,,,,,,,,,,,,,,,,,,,,,,,,,,,,,,,,,,,,,,,
Q07,3,11,1,0.52,,nation,2,0,never_instantiated,0,,,,,0,0,,nation,2,0,never_instantiated,0,,,,,0,0,,customer,120469,0,never_instantiated,0,,,,,0,0,orders,,119259,0,never_instantiated,0,,,,,0,0,lineitem,supplier,8010,0,never_instantiated,0,,,,,0,0,,,,,,,,,,,,,,,,,,,,,,,,,,,,,,,,,,,,,,,,,,,,,,,,
Q08,3,11,1,0.52,,region,1,0,never_instantiated,0,,,,,0,0,,nation,5,0,never_instantiated,0,,,,,0,0,customer,,24276,0,never_instantiated,0,,,,,0,0,,nation,25,0,never_instantiated,0,,,,,0,0,orders,,24717,0,never_instantiated,0,,,,,0,0,,part,13452,0,never_instantiated,0,,,,,0,0,lineitem,supplier,100000,0,never_instantiated,0,,,,,0,0,,,,,,,,,,,,,,,,,,,,,,,,
Q09,3,11,1,1.23,,orders,15000000,1,frozen,3261613,2277931,THC-Full,,,917505,90173,,part,108782,0,never_instantiated,0,,,,,0,0,,nation,25,0,never_instantiated,0,,,,,0,0,,partsupp,8000000,1,active,3316505,,,,,412433,91111,lineitem,supplier,100000,0,never_instantiated,0,,,,,0,0,,,,,,,,,,,,,,,,,,,,,,,,,,,,,,,,,,,,,,,,,,,,,,,,
Q10,3,11,1,0.62,,nation,25,0,never_instantiated,0,,,,,0,0,customer,,1147084,0,never_instantiated,0,,,,,0,0,lineitem,orders,573157,1,active,1149376,,,,,217157,43157,,,,,,,,,,,,,,,,,,,,,,,,,,,,,,,,,,,,,,,,,,,,,,,,,,,,,,,,,,,,,,,,,,,,,,,,
Q11,3,11,1,0.21,,nation,1,0,never_instantiated,0,,,,,0,0,partsupp,supplier,4049,0,never_instantiated,0,,,,,0,0,,nation,1,0,never_instantiated,0,,,,,0,0,partsupp,supplier,4049,0,never_instantiated,0,,,,,0,0,,,,,,,,,,,,,,,,,,,,,,,,,,,,,,,,,,,,,,,,,,,,,,,,,,,,,,,,,,,,
Q12,3,11,1,0.52,orders,lineitem,310803,1,active,15000000,,,,,143701,2051,,,,,,,,,,,,,,,,,,,,,,,,,,,,,,,,,,,,,,,,,,,,,,,,,,,,,,,,,,,,,,,,,,,,,,,,,,,,,,,,,,,,,,,,,,,,,,,,
Q13,3,11,1,1.03,orders,customer,1500000,1,active,14845369,,,,,994636,95970,,,,,,,,,,,,,,,,,,,,,,,,,,,,,,,,,,,,,,,,,,,,,,,,,,,,,,,,,,,,,,,,,,,,,,,,,,,,,,,,,,,,,,,,,,,,,,,,
Q14,3,11,1,0.62,lineitem,part,2000000,1,active,749223,,,,,277874,97574,,,,,,,,,,,,,,,,,,,,,,,,,,,,,,,,,,,,,,,,,,,,,,,,,,,,,,,,,,,,,,,,,,,,,,,,,,,,,,,,,,,,,,,,,,,,,,,,
Q15,3,11,1,0.41,,,1,0,never_instantiated,0,,,,,0,0,supplier,,100000,0,never_instantiated,0,,,,,0,0,,,,,,,,,,,,,,,,,,,,,,,,,,,,,,,,,,,,,,,,,,,,,,,,,,,,,,,,,,,,,,,,,,,,,,,,,,,,,,,,,,,,
Q16,3,11,1,0.31,,supplier,56,0,never_instantiated,0,,,,,0,0,partsupp,,296824,0,never_instantiated,0,,,,,0,0,part,,8,0,never_instantiated,0,,,,,0,0,,,,,,,,,,,,,,,,,,,,,,,,,,,,,,,,,,,,,,,,,,,,,,,,,,,,,,,,,,,,,,,,,,,,,,,,
Q17,3,11,1,0.72,lineitem,part,2044,0,never_instantiated,0,,,,,0,0,,,61385,0,never_instantiated,0,,,,,0,0,lineitem,,2044,0,never_instantiated,0,,,,,0,0,,,,,,,,,,,,,,,,,,,,,,,,,,,,,,,,,,,,,,,,,,,,,,,,,,,,,,,,,,,,,,,,,,,,,,,,
Q18,3,11,1,2.88,,lineitem,624,0,never_instantiated,0,,,,,0,0,,customer,1499999,1,frozen,59986052,6041600,THC-Full,,,458753,25190,lineitem,orders,15000000,1,frozen,59986052,8151040,THC-Full,,,917506,25533,,,,,,,,,,,,,,,,,,,,,,,,,,,,,,,,,,,,,,,,,,,,,,,,,,,,,,,,,,,,,,,,,,,,,,,,
Q19,3,11,1,0.82,lineitem,part,2000000,1,frozen,2141904,1203522,THC-Full,,,458756,97606,,,,,,,,,,,,,,,,,,,,,,,,,,,,,,,,,,,,,,,,,,,,,,,,,,,,,,,,,,,,,,,,,,,,,,,,,,,,,,,,,,,,,,,,,,,,,,,,
Q20,3,11,1,0.52,,,4054,0,never_instantiated,0,,,,,0,0,partsupp,part,21551,0,never_instantiated,0,,,,,0,0,,,3671,0,never_instantiated,0,,,,,0,0,lineitem,,3671,0,never_instantiated,0,,,,,0,0,supplier,nation,1,0,never_instantiated,0,,,,,0,0,,,,,,,,,,,,,,,,,,,,,,,,,,,,,,,,,,,,,,,,,,,,,,,,
Q21,3,11,1,1.95,,nation,1,0,never_instantiated,0,,,,,0,0,,orders,7309184,1,active,1522366,,,,,325668,46064,lineitem,supplier,4010,0,never_instantiated,0,,,,,0,0,,,734523,1,active,2930334,,,,,334516,24164,lineitem,,734511,1,active,59985983,,,,,353316,1264,,,707593,1,active,1850454,,,,,324000,36046,lineitem,,707581,1,active,37929315,,,,,334854,1838,,,,,,,,,,,,,,,,,,,,,,,,
Q22,3,11,1,0.31,,,190691,0,never_instantiated,0,,,,,0,0,orders,,190691,0,never_instantiated,0,,,,,0,0,,,,,,,,,,,,,,,,,,,,,,,,,,,,,,,,,,,,,,,,,,,,,,,,,,,,,,,,,,,,,,,,,,,,,,,,,,,,,,,,,,,,
Q01,3,12,1,0.52,,,,,,,,,,,,,,,,,,,,,,,,,,,,,,,,,,,,,,,,,,,,,,,,,,,,,,,,,,,,,,,,,,,,,,,,,,,,,,,,,,,,,,,,,,,,,,,,,,,,,,,,,,,,
Q02,3,12,1,0.21,,region,1,0,never_instantiated,0,,,,,0,0,,nation,5,0,never_instantiated,0,,,,,0,0,supplier,,6362,0,never_instantiated,0,,,,,0,0,partsupp,part,7854,0,never_instantiated,0,,,,,0,0,,,6351,0,never_instantiated,0,,,,,0,0,,,4667,0,never_instantiated,0,,,,,0,0,partsupp,,20033,0,never_instantiated,0,,,,,0,0,,region,1,0,never_instantiated,0,,,,,0,0,supplier,nation,5,0,never_instantiated,0,,,,,0,0
Q03,3,12,1,0.52,,customer,300275,1,active,302392,,,,,34278,34278,lineitem,orders,1463240,1,active,317474,,,,,36499,36499,,,,,,,,,,,,,,,,,,,,,,,,,,,,,,,,,,,,,,,,,,,,,,,,,,,,,,,,,,,,,,,,,,,,,,,,,,,,,,,,,,,,
Q04,3,12,1,0.72,,,573671,1,active,1450571,,,,,256754,37053,lineitem,,573671,1,active,37929214,,,,,261813,1372,,,,,,,,,,,,,,,,,,,,,,,,,,,,,,,,,,,,,,,,,,,,,,,,,,,,,,,,,,,,,,,,,,,,,,,,,,,,,,,,,,,,
Q05,3,12,1,0.93,,supplier,100000,0,never_instantiated,0,,,,,0,0,,region,1,0,never_instantiated,0,,,,,0,0,,nation,5,0,never_instantiated,0,,,,,0,0,,customer,300270,1,active,1827571,,,,,128206,23523,lineitem,orders,457191,1,active,1898252,,,,,217166,24227,,,,,,,,,,,,,,,,,,,,,,,,,,,,,,,,,,,,,,,,,,,,,,,,
Q06,3,12,1,0.31,,,,,,,,,,,,,,,,,,,,,,,,,,,,,,,,,,,,,,,,,,,,,,,,,,,,,,,,,,,,,,,,,,,,,,,,,,,,,,,,,,,,,,,,,,,,,,,,,,,,,,,,,,,,
Q07,3,12,1,0.52,,nation,2,0,never_instantiated,0,,,,,0,0,,supplier,8010,0,never_instantiated,0,,,,,0,0,,nation,2,0,never_instantiated,0,,,,,0,0,,customer,120469,0,never_instantiated,0,,,,,0,0,lineitem,orders,1226777,1,active,121468,,,,,0,0,,,,,,,,,,,,,,,,,,,,,,,,,,,,,,,,,,,,,,,,,,,,,,,,
Q08,3,12,1,0.62,,part,13452,0,never_instantiated,0,,,,,0,0,,region,1,0,never_instantiated,0,,,,,0,0,,nation,5,0,never_instantiated,0,,,,,0,0,,customer,299435,1,active,27721,,,,,0,0,,nation,25,0,never_instantiated,0,,,,,0,0,,supplier,100000,0,never_instantiated,0,,,,,0,0,lineitem,orders,911192,1,active,28235,,,,,0,0,,,,,,,,,,,,,,,,,,,,,,,,
Q09,3,12,1,1.95,,partsupp,8000000,1,active,3261613,,,,,406444,89604,,nation,25,0,never_instantiated,0,,,,,0,0,,part,108782,0,never_instantiated,0,,,,,0,0,,supplier,100000,0,never_instantiated,0,,,,,0,0,lineitem,orders,15000000,1,frozen,3316505,2403242,THC-Full,,,917505,89758,,,,,,,,,,,,,,,,,,,,,,,,,,,,,,,,,,,,,,,,,,,,,,,,
Q10,3,12,1,0.62,,nation,25,0,never_instantiated,0,,,,,0,0,customer,,1147084,0,never_instantiated,0,,,,,0,0,lineitem,orders,573157,1,active,1149376,,,,,216599,43042,,,,,,,,,,,,,,,,,,,,,,,,,,,,,,,,,,,,,,,,,,,,,,,,,,,,,,,,,,,,,,,,,,,,,,,,
Q11,3,12,1,0.21,partsupp,,4049,0,never_instantiated,0,,,,,0,0,supplier,nation,1,0,never_instantiated,0,,,,,0,0,partsupp,,4049,0,never_instantiated,0,,,,,0,0,supplier,nation,1,0,never_instantiated,0,,,,,0,0,,,,,,,,,,,,,,,,,,,,,,,,,,,,,,,,,,,,,,,,,,,,,,,,,,,,,,,,,,,,
Q12,3,12,1,0.52,orders,lineitem,310803,1,active,15000000,,,,,145578,2007,,,,,,,,,,,,,,,,,,,,,,,,,,,,,,,,,,,,,,,,,,,,,,,,,,,,,,,,,,,,,,,,,,,,,,,,,,,,,,,,,,,,,,,,,,,,,,,,
Q13,3,12,1,1.03,orders,customer,1500000,1,active,14845369,,,,,994744,95970,,,,,,,,,,,,,,,,,,,,,,,,,,,,,,,,,,,,,,,,,,,,,,,,,,,,,,,,,,,,,,,,,,,,,,,,,,,,,,,,,,,,,,,,,,,,,,,,
Q14,3,12,1,0.62,lineitem,part,2000000,1,active,749223,,,,,277907,97550,,,,,,,,,,,,,,,,,,,,,,,,,,,,,,,,,,,,,,,,,,,,,,,,,,,,,,,,,,,,,,,,,,,,,,,,,,,,,,,,,,,,,,,,,,,,,,,,
Q15,3,12,1,0.41,,,1,0,never_instantiated,0,,,,,0,0,supplier,,100000,0,never_instantiated,0,,,,,0,0,,,,,,,,,,,,,,,,,,,,,,,,,,,,,,,,,,,,,,,,,,,,,,,,,,,,,,,,,,,,,,,,,,,,,,,,,,,,,,,,,,,,
Q16,3,12,1,0.31,,supplier,56,0,never_instantiated,0,,,,,0,0,partsupp,,296824,0,never_instantiated,0,,,,,0,0,part,,8,0,never_instantiated,0,,,,,0,0,,,,,,,,,,,,,,,,,,,,,,,,,,,,,,,,,,,,,,,,,,,,,,,,,,,,,,,,,,,,,,,,,,,,,,,,
Q17,3,12,1,0.72,lineitem,part,2044,0,never_instantiated,0,,,,,0,0,,,61385,0,never_instantiated,0,,,,,0,0,lineitem,,2044,0,never_instantiated,0,,,,,0,0,,,,,,,,,,,,,,,,,,,,,,,,,,,,,,,,,,,,,,,,,,,,,,,,,,,,,,,,,,,,,,,,,,,,,,,,
Q18,3,12,1,2.77,,lineitem,624,0,never_instantiated,0,,,,,0,0,,customer,1499999,1,frozen,59986052,6045696,THC-Full,,,458755,25665,lineitem,orders,15000000,1,frozen,59986052,8159232,THC-Full,,,917505,26027,,,,,,,,,,,,,,,,,,,,,,,,,,,,,,,,,,,,,,,,,,,,,,,,,,,,,,,,,,,,,,,,,,,,,,,,
Q19,3,12,1,0.82,lineitem,part,2000000,1,frozen,2141904,1203473,THC-Full,,,458755,97553,,,,,,,,,,,,,,,,,,,,,,,,,,,,,,,,,,,,,,,,,,,,,,,,,,,,,,,,,,,,,,,,,,,,,,,,,,,,,,,,,,,,,,,,,,,,,,,,
Q20,3,12,1,0.52,,,4054,0,never_instantiated,0,,,,,0,0,partsupp,part,21551,0,never_instantiated,0,,,,,0,0,,,3671,0,never_instantiated,0,,,,,0,0,lineitem,,3671,0,never_instantiated,0,,,,,0,0,supplier,nation,1,0,never_instantiated,0,,,,,0,0,,,,,,,,,,,,,,,,,,,,,,,,,,,,,,,,,,,,,,,,,,,,,,,,
Q21,3,12,1,1.85,,nation,1,0,never_instantiated,0,,,,,0,0,,supplier,4010,0,never_instantiated,0,,,,,0,0,lineitem,orders,7309184,1,active,1596879,,,,,325163,46746,,,734523,1,active,2930334,,,,,334320,24136,lineitem,,734511,1,active,59985983,,,,,351559,1161,,,707593,1,active,1850454,,,,,323161,37131,lineitem,,707581,1,active,37929315,,,,,334406,1846,,,,,,,,,,,,,,,,,,,,,,,,
Q22,3,12,1,0.31,,,190691,0,never_instantiated,0,,,,,0,0,orders,,190691,0,never_instantiated,0,,,,,0,0,,,,,,,,,,,,,,,,,,,,,,,,,,,,,,,,,,,,,,,,,,,,,,,,,,,,,,,,,,,,,,,,,,,,,,,,,,,,,,,,,,,,
Q01,3,13,1,0.52,,,,,,,,,,,,,,,,,,,,,,,,,,,,,,,,,,,,,,,,,,,,,,,,,,,,,,,,,,,,,,,,,,,,,,,,,,,,,,,,,,,,,,,,,,,,,,,,,,,,,,,,,,,,
Q02,3,13,1,0.21,,region,1,0,never_instantiated,0,,,,,0,0,,nation,5,0,never_instantiated,0,,,,,0,0,,part,7854,0,never_instantiated,0,,,,,0,0,partsupp,supplier,20033,0,never_instantiated,0,,,,,0,0,,,6351,0,never_instantiated,0,,,,,0,0,,,4667,0,never_instantiated,0,,,,,0,0,,region,1,0,never_instantiated,0,,,,,0,0,,nation,5,0,never_instantiated,0,,,,,0,0,partsupp,supplier,20033,0,never_instantiated,0,,,,,0,0
Q03,3,13,1,0.52,,customer,300275,1,active,302392,,,,,34265,34265,lineitem,orders,1463240,1,active,317474,,,,,36465,36465,,,,,,,,,,,,,,,,,,,,,,,,,,,,,,,,,,,,,,,,,,,,,,,,,,,,,,,,,,,,,,,,,,,,,,,,,,,,,,,,,,,,
Q04,3,13,1,0.72,,,573671,1,active,1450571,,,,,256539,36985,lineitem,,573671,1,active,37929214,,,,,262127,1409,,,,,,,,,,,,,,,,,,,,,,,,,,,,,,,,,,,,,,,,,,,,,,,,,,,,,,,,,,,,,,,,,,,,,,,,,,,,,,,,,,,,
Q05,3,13,1,9999999,,,,,,,,,,,,,,,,,,,,,,,,,,,,,,,,,,,,,,,,,,,,,,,,,,,,,,,,,,,,,,,,,,,,,,,,,,,,,,,,,,,,,,,,,,,,,,,,,,,,,,,,,,,,
Q06,3,13,1,0.31,,,,,,,,,,,,,,,,,,,,,,,,,,,,,,,,,,,,,,,,,,,,,,,,,,,,,,,,,,,,,,,,,,,,,,,,,,,,,,,,,,,,,,,,,,,,,,,,,,,,,,,,,,,,
Q07,3,13,1,0.52,,nation,2,0,never_instantiated,0,,,,,0,0,,customer,120469,0,never_instantiated,0,,,,,0,0,,nation,2,0,never_instantiated,0,,,,,0,0,orders,,119259,0,never_instantiated,0,,,,,0,0,lineitem,supplier,8010,0,never_instantiated,0,,,,,0,0,,,,,,,,,,,,,,,,,,,,,,,,,,,,,,,,,,,,,,,,,,,,,,,,
Q08,3,13,1,0.62,,region,1,0,never_instantiated,0,,,,,0,0,,nation,5,0,never_instantiated,0,,,,,0,0,customer,,24276,0,never_instantiated,0,,,,,0,0,orders,,24717,0,never_instantiated,0,,,,,0,0,,nation,25,0,never_instantiated,0,,,,,0,0,,supplier,100000,0,never_instantiated,0,,,,,0,0,lineitem,part,13452,0,never_instantiated,0,,,,,0,0,,,,,,,,,,,,,,,,,,,,,,,,
Q09,3,13,1,1.23,,nation,25,0,never_instantiated,0,,,,,0,0,,supplier,100000,0,never_instantiated,0,,,,,0,0,,orders,15000000,1,frozen,3261613,2266428,THC-Full,,,917505,90007,,partsupp,8000000,1,active,3261613,,,,,405110,89503,lineitem,part,108782,0,never_instantiated,0,,,,,0,0,,,,,,,,,,,,,,,,,,,,,,,,,,,,,,,,,,,,,,,,,,,,,,,,
Q10,3,13,1,0.62,,nation,25,0,never_instantiated,0,,,,,0,0,customer,,1147084,0,never_instantiated,0,,,,,0,0,lineitem,orders,573157,1,active,1149376,,,,,217809,43210,,,,,,,,,,,,,,,,,,,,,,,,,,,,,,,,,,,,,,,,,,,,,,,,,,,,,,,,,,,,,,,,,,,,,,,,
Q11,3,13,1,0.21,,nation,1,0,never_instantiated,0,,,,,0,0,partsupp,supplier,4049,0,never_instantiated,0,,,,,0,0,partsupp,,4049,0,never_instantiated,0,,,,,0,0,supplier,nation,1,0,never_instantiated,0,,,,,0,0,,,,,,,,,,,,,,,,,,,,,,,,,,,,,,,,,,,,,,,,,,,,,,,,,,,,,,,,,,,,
Q12,3,13,1,0.52,orders,lineitem,310803,1,active,15000000,,,,,144902,2013,,,,,,,,,,,,,,,,,,,,,,,,,,,,,,,,,,,,,,,,,,,,,,,,,,,,,,,,,,,,,,,,,,,,,,,,,,,,,,,,,,,,,,,,,,,,,,,,
Q13,3,13,1,1.03,orders,customer,1500000,1,active,14845369,,,,,994825,99586,,,,,,,,,,,,,,,,,,,,,,,,,,,,,,,,,,,,,,,,,,,,,,,,,,,,,,,,,,,,,,,,,,,,,,,,,,,,,,,,,,,,,,,,,,,,,,,,
Q14,3,13,1,0.62,lineitem,part,2000000,1,active,749223,,,,,277839,97555,,,,,,,,,,,,,,,,,,,,,,,,,,,,,,,,,,,,,,,,,,,,,,,,,,,,,,,,,,,,,,,,,,,,,,,,,,,,,,,,,,,,,,,,,,,,,,,,
Q15,3,13,1,0.41,,,1,0,never_instantiated,0,,,,,0,0,supplier,,100000,0,never_instantiated,0,,,,,0,0,,,,,,,,,,,,,,,,,,,,,,,,,,,,,,,,,,,,,,,,,,,,,,,,,,,,,,,,,,,,,,,,,,,,,,,,,,,,,,,,,,,,
Q16,3,13,1,0.31,,supplier,56,0,never_instantiated,0,,,,,0,0,partsupp,,296824,0,never_instantiated,0,,,,,0,0,part,,8,0,never_instantiated,0,,,,,0,0,,,,,,,,,,,,,,,,,,,,,,,,,,,,,,,,,,,,,,,,,,,,,,,,,,,,,,,,,,,,,,,,,,,,,,,,
Q17,3,13,1,0.72,lineitem,part,2044,0,never_instantiated,0,,,,,0,0,,,61385,0,never_instantiated,0,,,,,0,0,lineitem,,2044,0,never_instantiated,0,,,,,0,0,,,,,,,,,,,,,,,,,,,,,,,,,,,,,,,,,,,,,,,,,,,,,,,,,,,,,,,,,,,,,,,,,,,,,,,,
Q18,3,13,1,2.88,,lineitem,624,0,never_instantiated,0,,,,,0,0,,customer,1499999,1,frozen,59986052,6082560,THC-Full,,,458755,25669,lineitem,orders,15000000,1,frozen,59986052,8189952,THC-Full,,,917505,26030,,,,,,,,,,,,,,,,,,,,,,,,,,,,,,,,,,,,,,,,,,,,,,,,,,,,,,,,,,,,,,,,,,,,,,,,
Q19,3,13,1,0.82,lineitem,part,2000000,1,frozen,2141904,1201490,THC-Full,,,458756,97679,,,,,,,,,,,,,,,,,,,,,,,,,,,,,,,,,,,,,,,,,,,,,,,,,,,,,,,,,,,,,,,,,,,,,,,,,,,,,,,,,,,,,,,,,,,,,,,,
Q20,3,13,1,0.52,,,4054,0,never_instantiated,0,,,,,0,0,partsupp,part,21551,0,never_instantiated,0,,,,,0,0,,,3671,0,never_instantiated,0,,,,,0,0,lineitem,,3671,0,never_instantiated,0,,,,,0,0,supplier,nation,1,0,never_instantiated,0,,,,,0,0,,,,,,,,,,,,,,,,,,,,,,,,,,,,,,,,,,,,,,,,,,,,,,,,
Q21,3,13,1,1.95,,nation,1,0,never_instantiated,0,,,,,0,0,,orders,7309184,1,active,1522366,,,,,323895,46204,lineitem,supplier,4010,0,never_instantiated,0,,,,,0,0,,,734523,1,active,2930334,,,,,335339,24143,lineitem,,734511,1,active,59985983,,,,,352645,1198,,,707593,1,active,1850454,,,,,323645,35998,lineitem,,707581,1,active,37929315,,,,,334786,1839,,,,,,,,,,,,,,,,,,,,,,,,
Q22,3,13,1,0.31,,,190691,0,never_instantiated,0,,,,,0,0,orders,,190691,0,never_instantiated,0,,,,,0,0,,,,,,,,,,,,,,,,,,,,,,,,,,,,,,,,,,,,,,,,,,,,,,,,,,,,,,,,,,,,,,,,,,,,,,,,,,,,,,,,,,,,
Q01,3,14,1,0.52,,,,,,,,,,,,,,,,,,,,,,,,,,,,,,,,,,,,,,,,,,,,,,,,,,,,,,,,,,,,,,,,,,,,,,,,,,,,,,,,,,,,,,,,,,,,,,,,,,,,,,,,,,,,
Q02,3,14,1,0.21,,region,1,0,never_instantiated,0,,,,,0,0,,nation,5,0,never_instantiated,0,,,,,0,0,supplier,,6362,0,never_instantiated,0,,,,,0,0,partsupp,part,7854,0,never_instantiated,0,,,,,0,0,,,6351,0,never_instantiated,0,,,,,0,0,,,4667,0,never_instantiated,0,,,,,0,0,,region,1,0,never_instantiated,0,,,,,0,0,,nation,5,0,never_instantiated,0,,,,,0,0,partsupp,supplier,20033,0,never_instantiated,0,,,,,0,0
Q03,3,14,1,0.52,,customer,300275,1,active,302392,,,,,34243,34243,lineitem,orders,1463240,1,active,317474,,,,,36474,36474,,,,,,,,,,,,,,,,,,,,,,,,,,,,,,,,,,,,,,,,,,,,,,,,,,,,,,,,,,,,,,,,,,,,,,,,,,,,,,,,,,,,
Q04,3,14,1,0.72,,,573671,1,active,1450571,,,,,256782,37256,lineitem,,573671,1,active,37929214,,,,,263350,1425,,,,,,,,,,,,,,,,,,,,,,,,,,,,,,,,,,,,,,,,,,,,,,,,,,,,,,,,,,,,,,,,,,,,,,,,,,,,,,,,,,,,
Q05,3,14,1,0.72,,region,1,0,never_instantiated,0,,,,,0,0,,nation,5,0,never_instantiated,0,,,,,0,0,,customer,300270,1,active,1827571,,,,,29826,3706,,supplier,100000,0,never_instantiated,0,,,,,0,0,lineitem,orders,457191,1,active,1898252,,,,,218706,23995,,,,,,,,,,,,,,,,,,,,,,,,,,,,,,,,,,,,,,,,,,,,,,,,
Q06,3,14,1,0.31,,,,,,,,,,,,,,,,,,,,,,,,,,,,,,,,,,,,,,,,,,,,,,,,,,,,,,,,,,,,,,,,,,,,,,,,,,,,,,,,,,,,,,,,,,,,,,,,,,,,,,,,,,,,
Q07,3,14,1,0.52,,nation,2,0,never_instantiated,0,,,,,0,0,,customer,120469,0,never_instantiated,0,,,,,0,0,,nation,2,0,never_instantiated,0,,,,,0,0,,supplier,8010,0,never_instantiated,0,,,,,0,0,lineitem,orders,1226777,1,active,121468,,,,,0,0,,,,,,,,,,,,,,,,,,,,,,,,,,,,,,,,,,,,,,,,,,,,,,,,
Q08,3,14,1,0.52,,region,1,0,never_instantiated,0,,,,,0,0,,nation,5,0,never_instantiated,0,,,,,0,0,,part,13452,0,never_instantiated,0,,,,,0,0,,customer,299435,1,active,27721,,,,,0,0,,orders,911192,1,active,28235,,,,,0,0,,nation,25,0,never_instantiated,0,,,,,0,0,lineitem,supplier,100000,0,never_instantiated,0,,,,,0,0,,,,,,,,,,,,,,,,,,,,,,,,
Q09,3,14,1,1.23,,nation,25,0,never_instantiated,0,,,,,0,0,,supplier,100000,0,never_instantiated,0,,,,,0,0,,part,108782,0,never_instantiated,0,,,,,0,0,,orders,15000000,1,frozen,3316505,2270819,THC-Full,,,917505,91296,lineitem,partsupp,8000000,1,active,3316505,,,,,412651,90939,,,,,,,,,,,,,,,,,,,,,,,,,,,,,,,,,,,,,,,,,,,,,,,,
Q10,3,14,1,0.62,,nation,25,0,never_instantiated,0,,,,,0,0,customer,,1147084,0,never_instantiated,0,,,,,0,0,lineitem,orders,573157,1,active,1149376,,,,,216761,43085,,,,,,,,,,,,,,,,,,,,,,,,,,,,,,,,,,,,,,,,,,,,,,,,,,,,,,,,,,,,,,,,,,,,,,,,
Q11,3,14,1,0.21,partsupp,,4049,0,never_instantiated,0,,,,,0,0,supplier,nation,1,0,never_instantiated,0,,,,,0,0,partsupp,,4049,0,never_instantiated,0,,,,,0,0,supplier,nation,1,0,never_instantiated,0,,,,,0,0,,,,,,,,,,,,,,,,,,,,,,,,,,,,,,,,,,,,,,,,,,,,,,,,,,,,,,,,,,,,
Q12,3,14,1,0.52,orders,lineitem,310803,1,active,15000000,,,,,144674,2044,,,,,,,,,,,,,,,,,,,,,,,,,,,,,,,,,,,,,,,,,,,,,,,,,,,,,,,,,,,,,,,,,,,,,,,,,,,,,,,,,,,,,,,,,,,,,,,,
Q13,3,14,1,1.03,orders,customer,1500000,1,active,14845369,,,,,994761,101335,,,,,,,,,,,,,,,,,,,,,,,,,,,,,,,,,,,,,,,,,,,,,,,,,,,,,,,,,,,,,,,,,,,,,,,,,,,,,,,,,,,,,,,,,,,,,,,,
Q14,3,14,1,0.62,lineitem,part,2000000,1,active,749223,,,,,277859,97560,,,,,,,,,,,,,,,,,,,,,,,,,,,,,,,,,,,,,,,,,,,,,,,,,,,,,,,,,,,,,,,,,,,,,,,,,,,,,,,,,,,,,,,,,,,,,,,,
Q15,3,14,1,0.41,,,1,0,never_instantiated,0,,,,,0,0,supplier,,100000,0,never_instantiated,0,,,,,0,0,,,,,,,,,,,,,,,,,,,,,,,,,,,,,,,,,,,,,,,,,,,,,,,,,,,,,,,,,,,,,,,,,,,,,,,,,,,,,,,,,,,,
Q16,3,14,1,0.31,,supplier,56,0,never_instantiated,0,,,,,0,0,partsupp,,296824,0,never_instantiated,0,,,,,0,0,part,,8,0,never_instantiated,0,,,,,0,0,,,,,,,,,,,,,,,,,,,,,,,,,,,,,,,,,,,,,,,,,,,,,,,,,,,,,,,,,,,,,,,,,,,,,,,,
Q17,3,14,1,0.72,lineitem,part,2044,0,never_instantiated,0,,,,,0,0,,,61385,0,never_instantiated,0,,,,,0,0,lineitem,,2044,0,never_instantiated,0,,,,,0,0,,,,,,,,,,,,,,,,,,,,,,,,,,,,,,,,,,,,,,,,,,,,,,,,,,,,,,,,,,,,,,,,,,,,,,,,
Q18,3,14,1,2.77,,lineitem,624,0,never_instantiated,0,,,,,0,0,,customer,1499999,1,frozen,59986052,6074368,THC-Full,,,458753,26156,lineitem,orders,15000000,1,frozen,59986052,8212480,THC-Full,,,917504,26551,,,,,,,,,,,,,,,,,,,,,,,,,,,,,,,,,,,,,,,,,,,,,,,,,,,,,,,,,,,,,,,,,,,,,,,,
Q19,3,14,1,0.82,lineitem,part,2000000,1,frozen,2141904,1201826,THC-Full,,,458756,97565,,,,,,,,,,,,,,,,,,,,,,,,,,,,,,,,,,,,,,,,,,,,,,,,,,,,,,,,,,,,,,,,,,,,,,,,,,,,,,,,,,,,,,,,,,,,,,,,
Q20,3,14,1,0.52,,,4054,0,never_instantiated,0,,,,,0,0,partsupp,part,21551,0,never_instantiated,0,,,,,0,0,,,3671,0,never_instantiated,0,,,,,0,0,lineitem,,3671,0,never_instantiated,0,,,,,0,0,supplier,nation,1,0,never_instantiated,0,,,,,0,0,,,,,,,,,,,,,,,,,,,,,,,,,,,,,,,,,,,,,,,,,,,,,,,,
Q21,3,14,1,1.85,,nation,1,0,never_instantiated,0,,,,,0,0,,supplier,4010,0,never_instantiated,0,,,,,0,0,lineitem,orders,7309184,1,active,1596879,,,,,329188,46796,,,734523,1,active,2930334,,,,,334486,24143,lineitem,,734511,1,active,59985983,,,,,350225,1205,,,707593,1,active,1850454,,,,,323938,36038,lineitem,,707581,1,active,37929315,,,,,334418,1821,,,,,,,,,,,,,,,,,,,,,,,,
Q22,3,14,1,0.31,,,190691,0,never_instantiated,0,,,,,0,0,orders,,190691,0,never_instantiated,0,,,,,0,0,,,,,,,,,,,,,,,,,,,,,,,,,,,,,,,,,,,,,,,,,,,,,,,,,,,,,,,,,,,,,,,,,,,,,,,,,,,,,,,,,,,,
Q01,3,15,1,0.52,,,,,,,,,,,,,,,,,,,,,,,,,,,,,,,,,,,,,,,,,,,,,,,,,,,,,,,,,,,,,,,,,,,,,,,,,,,,,,,,,,,,,,,,,,,,,,,,,,,,,,,,,,,,
Q02,3,15,1,0.21,,region,1,0,never_instantiated,0,,,,,0,0,,nation,5,0,never_instantiated,0,,,,,0,0,,part,7854,0,never_instantiated,0,,,,,0,0,partsupp,supplier,20033,0,never_instantiated,0,,,,,0,0,,,6351,0,never_instantiated,0,,,,,0,0,,,4667,0,never_instantiated,0,,,,,0,0,,region,1,0,never_instantiated,0,,,,,0,0,,nation,5,0,never_instantiated,0,,,,,0,0,partsupp,supplier,20033,0,never_instantiated,0,,,,,0,0
Q03,3,15,1,0.52,,customer,300275,1,active,302392,,,,,34230,34230,lineitem,orders,1463240,1,active,317474,,,,,36458,36458,,,,,,,,,,,,,,,,,,,,,,,,,,,,,,,,,,,,,,,,,,,,,,,,,,,,,,,,,,,,,,,,,,,,,,,,,,,,,,,,,,,,
Q04,3,15,1,0.72,,,573671,1,active,1450571,,,,,256227,37119,lineitem,,573671,1,active,37929214,,,,,262535,1465,,,,,,,,,,,,,,,,,,,,,,,,,,,,,,,,,,,,,,,,,,,,,,,,,,,,,,,,,,,,,,,,,,,,,,,,,,,,,,,,,,,,
Q05,3,15,1,1.03,,customer,1499999,1,active,1825042,,,,,30369,3815,,region,1,0,never_instantiated,0,,,,,0,0,,orders,2275919,1,active,1826734,,,,,614678,68209,,nation,5,0,never_instantiated,0,,,,,0,0,lineitem,supplier,20037,0,never_instantiated,0,,,,,0,0,,,,,,,,,,,,,,,,,,,,,,,,,,,,,,,,,,,,,,,,,,,,,,,,
Q06,3,15,1,0.31,,,,,,,,,,,,,,,,,,,,,,,,,,,,,,,,,,,,,,,,,,,,,,,,,,,,,,,,,,,,,,,,,,,,,,,,,,,,,,,,,,,,,,,,,,,,,,,,,,,,,,,,,,,,
Q07,3,15,1,0.52,,nation,2,0,never_instantiated,0,,,,,0,0,,nation,2,0,never_instantiated,0,,,,,0,0,,customer,120469,0,never_instantiated,0,,,,,0,0,orders,,119259,0,never_instantiated,0,,,,,0,0,lineitem,supplier,8010,0,never_instantiated,0,,,,,0,0,,,,,,,,,,,,,,,,,,,,,,,,,,,,,,,,,,,,,,,,,,,,,,,,
Q08,3,15,1,0.62,,region,1,0,never_instantiated,0,,,,,0,0,,nation,5,0,never_instantiated,0,,,,,0,0,customer,,24276,0,never_instantiated,0,,,,,0,0,,nation,25,0,never_instantiated,0,,,,,0,0,,supplier,100000,0,never_instantiated,0,,,,,0,0,,part,13452,0,never_instantiated,0,,,,,0,0,lineitem,orders,911192,1,active,28235,,,,,0,0,,,,,,,,,,,,,,,,,,,,,,,,
Q09,3,15,1,1.23,,nation,25,0,never_instantiated,0,,,,,0,0,,partsupp,8000000,1,active,3261613,,,,,405157,91037,,part,108782,0,never_instantiated,0,,,,,0,0,,orders,15000000,1,frozen,3316505,2277615,THC-Full,,,917505,91409,lineitem,supplier,100000,0,never_instantiated,0,,,,,0,0,,,,,,,,,,,,,,,,,,,,,,,,,,,,,,,,,,,,,,,,,,,,,,,,
Q10,3,15,1,0.62,,nation,25,0,never_instantiated,0,,,,,0,0,customer,,1147084,0,never_instantiated,0,,,,,0,0,lineitem,orders,573157,1,active,1149376,,,,,216851,44027,,,,,,,,,,,,,,,,,,,,,,,,,,,,,,,,,,,,,,,,,,,,,,,,,,,,,,,,,,,,,,,,,,,,,,,,
Q11,3,15,1,0.21,,nation,1,0,never_instantiated,0,,,,,0,0,partsupp,supplier,4049,0,never_instantiated,0,,,,,0,0,,nation,1,0,never_instantiated,0,,,,,0,0,partsupp,supplier,4049,0,never_instantiated,0,,,,,0,0,,,,,,,,,,,,,,,,,,,,,,,,,,,,,,,,,,,,,,,,,,,,,,,,,,,,,,,,,,,,
Q12,3,15,1,0.52,orders,lineitem,310803,1,active,15000000,,,,,144880,1916,,,,,,,,,,,,,,,,,,,,,,,,,,,,,,,,,,,,,,,,,,,,,,,,,,,,,,,,,,,,,,,,,,,,,,,,,,,,,,,,,,,,,,,,,,,,,,,,
Q13,3,15,1,1.03,orders,customer,1500000,1,active,14845369,,,,,994702,101342,,,,,,,,,,,,,,,,,,,,,,,,,,,,,,,,,,,,,,,,,,,,,,,,,,,,,,,,,,,,,,,,,,,,,,,,,,,,,,,,,,,,,,,,,,,,,,,,
Q14,3,15,1,0.62,lineitem,part,2000000,1,active,749223,,,,,277835,97548,,,,,,,,,,,,,,,,,,,,,,,,,,,,,,,,,,,,,,,,,,,,,,,,,,,,,,,,,,,,,,,,,,,,,,,,,,,,,,,,,,,,,,,,,,,,,,,,
Q15,3,15,1,0.41,,,1,0,never_instantiated,0,,,,,0,0,supplier,,100000,0,never_instantiated,0,,,,,0,0,,,,,,,,,,,,,,,,,,,,,,,,,,,,,,,,,,,,,,,,,,,,,,,,,,,,,,,,,,,,,,,,,,,,,,,,,,,,,,,,,,,,
Q16,3,15,1,0.31,,supplier,56,0,never_instantiated,0,,,,,0,0,partsupp,,296824,0,never_instantiated,0,,,,,0,0,part,,8,0,never_instantiated,0,,,,,0,0,,,,,,,,,,,,,,,,,,,,,,,,,,,,,,,,,,,,,,,,,,,,,,,,,,,,,,,,,,,,,,,,,,,,,,,,
Q17,3,15,1,0.72,lineitem,part,2044,0,never_instantiated,0,,,,,0,0,,,61385,0,never_instantiated,0,,,,,0,0,lineitem,,2044,0,never_instantiated,0,,,,,0,0,,,,,,,,,,,,,,,,,,,,,,,,,,,,,,,,,,,,,,,,,,,,,,,,,,,,,,,,,,,,,,,,,,,,,,,,
Q18,3,15,1,2.77,,lineitem,624,0,never_instantiated,0,,,,,0,0,,customer,1499999,1,frozen,59986052,6039552,THC-Full,,,458754,26669,lineitem,orders,15000000,1,frozen,59986052,8140800,THC-Full,,,917504,27062,,,,,,,,,,,,,,,,,,,,,,,,,,,,,,,,,,,,,,,,,,,,,,,,,,,,,,,,,,,,,,,,,,,,,,,,
Q19,3,15,1,0.82,lineitem,part,2000000,1,frozen,2141904,1204069,THC-Full,,,458755,98004,,,,,,,,,,,,,,,,,,,,,,,,,,,,,,,,,,,,,,,,,,,,,,,,,,,,,,,,,,,,,,,,,,,,,,,,,,,,,,,,,,,,,,,,,,,,,,,,
Q20,3,15,1,0.52,,,4054,0,never_instantiated,0,,,,,0,0,partsupp,part,21551,0,never_instantiated,0,,,,,0,0,,,3671,0,never_instantiated,0,,,,,0,0,lineitem,,3671,0,never_instantiated,0,,,,,0,0,supplier,nation,1,0,never_instantiated,0,,,,,0,0,,,,,,,,,,,,,,,,,,,,,,,,,,,,,,,,,,,,,,,,,,,,,,,,
Q21,3,15,1,1.95,,nation,1,0,never_instantiated,0,,,,,0,0,,orders,7309184,1,active,1522366,,,,,327398,46075,lineitem,supplier,4010,0,never_instantiated,0,,,,,0,0,,,734523,1,active,2930334,,,,,334801,24140,lineitem,,734511,1,active,59985983,,,,,351618,1185,,,707593,1,active,1850454,,,,,324807,36030,lineitem,,707581,1,active,37929315,,,,,335248,1842,,,,,,,,,,,,,,,,,,,,,,,,
Q22,3,15,1,0.31,,,190691,0,never_instantiated,0,,,,,0,0,orders,,190691,0,never_instantiated,0,,,,,0,0,,,,,,,,,,,,,,,,,,,,,,,,,,,,,,,,,,,,,,,,,,,,,,,,,,,,,,,,,,,,,,,,,,,,,,,,,,,,,,,,,,,,
Q01,3,16,1,0.52,,,,,,,,,,,,,,,,,,,,,,,,,,,,,,,,,,,,,,,,,,,,,,,,,,,,,,,,,,,,,,,,,,,,,,,,,,,,,,,,,,,,,,,,,,,,,,,,,,,,,,,,,,,,
Q02,3,16,1,0.21,,region,1,0,never_instantiated,0,,,,,0,0,,nation,5,0,never_instantiated,0,,,,,0,0,supplier,,6362,0,never_instantiated,0,,,,,0,0,partsupp,part,7854,0,never_instantiated,0,,,,,0,0,,,6351,0,never_instantiated,0,,,,,0,0,,,4667,0,never_instantiated,0,,,,,0,0,partsupp,,20033,0,never_instantiated,0,,,,,0,0,,region,1,0,never_instantiated,0,,,,,0,0,supplier,nation,5,0,never_instantiated,0,,,,,0,0
Q03,3,16,1,0.52,,customer,300275,1,active,302392,,,,,34258,34258,lineitem,orders,1463240,1,active,317474,,,,,36460,36460,,,,,,,,,,,,,,,,,,,,,,,,,,,,,,,,,,,,,,,,,,,,,,,,,,,,,,,,,,,,,,,,,,,,,,,,,,,,,,,,,,,,
Q04,3,16,1,0.72,,,573671,1,active,1450571,,,,,257359,37017,lineitem,,573671,1,active,37929214,,,,,261299,1363,,,,,,,,,,,,,,,,,,,,,,,,,,,,,,,,,,,,,,,,,,,,,,,,,,,,,,,,,,,,,,,,,,,,,,,,,,,,,,,,,,,,
Q05,3,16,1,1.34,,region,1,0,never_instantiated,0,,,,,0,0,,nation,5,0,never_instantiated,0,,,,,0,0,,customer,300270,1,active,1825042,,,,,29589,3776,,supplier,20037,0,never_instantiated,0,,,,,0,0,lineitem,orders,2275919,1,frozen,9110734,8228968,THC-Full,,,917504,24995,,,,,,,,,,,,,,,,,,,,,,,,,,,,,,,,,,,,,,,,,,,,,,,,
Q06,3,16,1,0.31,,,,,,,,,,,,,,,,,,,,,,,,,,,,,,,,,,,,,,,,,,,,,,,,,,,,,,,,,,,,,,,,,,,,,,,,,,,,,,,,,,,,,,,,,,,,,,,,,,,,,,,,,,,,
Q07,3,16,1,0.52,,nation,2,0,never_instantiated,0,,,,,0,0,,customer,120469,0,never_instantiated,0,,,,,0,0,,nation,2,0,never_instantiated,0,,,,,0,0,,supplier,8010,0,never_instantiated,0,,,,,0,0,lineitem,orders,1226777,1,active,121468,,,,,0,0,,,,,,,,,,,,,,,,,,,,,,,,,,,,,,,,,,,,,,,,,,,,,,,,
Q08,3,16,1,0.62,,region,1,0,never_instantiated,0,,,,,0,0,,nation,5,0,never_instantiated,0,,,,,0,0,customer,,24276,0,never_instantiated,0,,,,,0,0,orders,,24717,0,never_instantiated,0,,,,,0,0,,nation,25,0,never_instantiated,0,,,,,0,0,,supplier,100000,0,never_instantiated,0,,,,,0,0,lineitem,part,13452,0,never_instantiated,0,,,,,0,0,,,,,,,,,,,,,,,,,,,,,,,,
Q09,3,16,1,1.95,,nation,25,0,never_instantiated,0,,,,,0,0,,supplier,100000,0,never_instantiated,0,,,,,0,0,,partsupp,8000000,1,active,3261613,,,,,406398,89565,,part,108782,0,never_instantiated,0,,,,,0,0,lineitem,orders,15000000,1,frozen,3316505,2403287,THC-Full,,,917508,89715,,,,,,,,,,,,,,,,,,,,,,,,,,,,,,,,,,,,,,,,,,,,,,,,
Q10,3,16,1,0.62,,nation,25,0,never_instantiated,0,,,,,0,0,customer,,1147084,0,never_instantiated,0,,,,,0,0,lineitem,orders,573157,1,active,1149376,,,,,217950,44830,,,,,,,,,,,,,,,,,,,,,,,,,,,,,,,,,,,,,,,,,,,,,,,,,,,,,,,,,,,,,,,,,,,,,,,,
Q11,3,16,1,0.21,partsupp,,4049,0,never_instantiated,0,,,,,0,0,supplier,nation,1,0,never_instantiated,0,,,,,0,0,partsupp,,4049,0,never_instantiated,0,,,,,0,0,supplier,nation,1,0,never_instantiated,0,,,,,0,0,,,,,,,,,,,,,,,,,,,,,,,,,,,,,,,,,,,,,,,,,,,,,,,,,,,,,,,,,,,,
Q12,3,16,1,0.52,orders,lineitem,310803,1,active,15000000,,,,,144471,1925,,,,,,,,,,,,,,,,,,,,,,,,,,,,,,,,,,,,,,,,,,,,,,,,,,,,,,,,,,,,,,,,,,,,,,,,,,,,,,,,,,,,,,,,,,,,,,,,
Q13,3,16,1,1.03,orders,customer,1500000,1,active,14845369,,,,,994760,97723,,,,,,,,,,,,,,,,,,,,,,,,,,,,,,,,,,,,,,,,,,,,,,,,,,,,,,,,,,,,,,,,,,,,,,,,,,,,,,,,,,,,,,,,,,,,,,,,
Q14,3,16,1,0.62,lineitem,part,2000000,1,active,749223,,,,,277870,97563,,,,,,,,,,,,,,,,,,,,,,,,,,,,,,,,,,,,,,,,,,,,,,,,,,,,,,,,,,,,,,,,,,,,,,,,,,,,,,,,,,,,,,,,,,,,,,,,
Q15,3,16,1,0.41,,,1,0,never_instantiated,0,,,,,0,0,supplier,,100000,0,never_instantiated,0,,,,,0,0,,,,,,,,,,,,,,,,,,,,,,,,,,,,,,,,,,,,,,,,,,,,,,,,,,,,,,,,,,,,,,,,,,,,,,,,,,,,,,,,,,,,
Q16,3,16,1,0.31,,supplier,56,0,never_instantiated,0,,,,,0,0,partsupp,,296824,0,never_instantiated,0,,,,,0,0,part,,8,0,never_instantiated,0,,,,,0,0,,,,,,,,,,,,,,,,,,,,,,,,,,,,,,,,,,,,,,,,,,,,,,,,,,,,,,,,,,,,,,,,,,,,,,,,
Q17,3,16,1,0.72,lineitem,part,2044,0,never_instantiated,0,,,,,0,0,,,61385,0,never_instantiated,0,,,,,0,0,lineitem,,2044,0,never_instantiated,0,,,,,0,0,,,,,,,,,,,,,,,,,,,,,,,,,,,,,,,,,,,,,,,,,,,,,,,,,,,,,,,,,,,,,,,,,,,,,,,,
Q18,3,16,1,2.77,,lineitem,624,0,never_instantiated,0,,,,,0,0,,customer,1499999,1,frozen,59986052,6023168,THC-Full,,,458753,25684,lineitem,orders,15000000,1,frozen,59986052,8335360,THC-Full,,,917505,26043,,,,,,,,,,,,,,,,,,,,,,,,,,,,,,,,,,,,,,,,,,,,,,,,,,,,,,,,,,,,,,,,,,,,,,,,
Q19,3,16,1,0.82,lineitem,part,2000000,1,frozen,2141904,1205559,THC-Full,,,458756,97572,,,,,,,,,,,,,,,,,,,,,,,,,,,,,,,,,,,,,,,,,,,,,,,,,,,,,,,,,,,,,,,,,,,,,,,,,,,,,,,,,,,,,,,,,,,,,,,,
Q20,3,16,1,0.52,,,4054,0,never_instantiated,0,,,,,0,0,partsupp,part,21551,0,never_instantiated,0,,,,,0,0,,,3671,0,never_instantiated,0,,,,,0,0,lineitem,,3671,0,never_instantiated,0,,,,,0,0,supplier,nation,1,0,never_instantiated,0,,,,,0,0,,,,,,,,,,,,,,,,,,,,,,,,,,,,,,,,,,,,,,,,,,,,,,,,
Q21,3,16,1,1.95,,nation,1,0,never_instantiated,0,,,,,0,0,,supplier,4010,0,never_instantiated,0,,,,,0,0,lineitem,orders,7309184,1,active,1596879,,,,,325768,46307,,,734523,1,active,2930334,,,,,334305,24201,lineitem,,734511,1,active,59985983,,,,,351323,1185,,,707593,1,active,1850454,,,,,323236,36486,lineitem,,707581,1,active,37929315,,,,,333707,1818,,,,,,,,,,,,,,,,,,,,,,,,
Q22,3,16,1,0.31,,,190691,0,never_instantiated,0,,,,,0,0,orders,,190691,0,never_instantiated,0,,,,,0,0,,,,,,,,,,,,,,,,,,,,,,,,,,,,,,,,,,,,,,,,,,,,,,,,,,,,,,,,,,,,,,,,,,,,,,,,,,,,,,,,,,,,
Q01,3,17,1,0.52,,,,,,,,,,,,,,,,,,,,,,,,,,,,,,,,,,,,,,,,,,,,,,,,,,,,,,,,,,,,,,,,,,,,,,,,,,,,,,,,,,,,,,,,,,,,,,,,,,,,,,,,,,,,
Q02,3,17,1,0.21,,region,1,0,never_instantiated,0,,,,,0,0,,nation,5,0,never_instantiated,0,,,,,0,0,,part,7854,0,never_instantiated,0,,,,,0,0,partsupp,supplier,20033,0,never_instantiated,0,,,,,0,0,,,6351,0,never_instantiated,0,,,,,0,0,,,4667,0,never_instantiated,0,,,,,0,0,partsupp,,20033,0,never_instantiated,0,,,,,0,0,,region,1,0,never_instantiated,0,,,,,0,0,supplier,nation,5,0,never_instantiated,0,,,,,0,0
Q03,3,17,1,0.93,,customer,300275,1,active,1498960,,,,,46854,7539,lineitem,orders,7289442,1,active,32334250,,,,,282298,1842,,,,,,,,,,,,,,,,,,,,,,,,,,,,,,,,,,,,,,,,,,,,,,,,,,,,,,,,,,,,,,,,,,,,,,,,,,,,,,,,,,,,
Q04,3,17,1,0.72,,,573671,1,active,1450571,,,,,254920,36384,lineitem,,573671,1,active,37929214,,,,,261630,1446,,,,,,,,,,,,,,,,,,,,,,,,,,,,,,,,,,,,,,,,,,,,,,,,,,,,,,,,,,,,,,,,,,,,,,,,,,,,,,,,,,,,
Q05,3,17,1,1.03,,region,1,0,never_instantiated,0,,,,,0,0,,customer,1499999,1,active,1825042,,,,,29620,3841,,nation,5,0,never_instantiated,0,,,,,0,0,,orders,2275919,1,active,1826734,,,,,593041,68259,lineitem,supplier,20037,0,never_instantiated,0,,,,,0,0,,,,,,,,,,,,,,,,,,,,,,,,,,,,,,,,,,,,,,,,,,,,,,,,
Q06,3,17,1,0.31,,,,,,,,,,,,,,,,,,,,,,,,,,,,,,,,,,,,,,,,,,,,,,,,,,,,,,,,,,,,,,,,,,,,,,,,,,,,,,,,,,,,,,,,,,,,,,,,,,,,,,,,,,,,
Q07,3,17,1,0.52,,nation,2,0,never_instantiated,0,,,,,0,0,,nation,2,0,never_instantiated,0,,,,,0,0,,customer,120469,0,never_instantiated,0,,,,,0,0,orders,,119259,0,never_instantiated,0,,,,,0,0,lineitem,supplier,8010,0,never_instantiated,0,,,,,0,0,,,,,,,,,,,,,,,,,,,,,,,,,,,,,,,,,,,,,,,,,,,,,,,,
Q08,3,17,1,0.62,,nation,25,0,never_instantiated,0,,,,,0,0,,region,1,0,never_instantiated,0,,,,,0,0,,nation,5,0,never_instantiated,0,,,,,0,0,customer,,24276,0,never_instantiated,0,,,,,0,0,orders,,24717,0,never_instantiated,0,,,,,0,0,,part,13452,0,never_instantiated,0,,,,,0,0,lineitem,supplier,100000,0,never_instantiated,0,,,,,0,0,,,,,,,,,,,,,,,,,,,,,,,,
Q09,3,17,1,1.23,,partsupp,8000000,1,active,3261613,,,,,405118,91174,,orders,15000000,1,frozen,3261613,2473926,THC-Full,,,917504,91911,,nation,25,0,never_instantiated,0,,,,,0,0,,supplier,100000,0,never_instantiated,0,,,,,0,0,lineitem,part,108782,0,never_instantiated,0,,,,,0,0,,,,,,,,,,,,,,,,,,,,,,,,,,,,,,,,,,,,,,,,,,,,,,,,
Q10,3,17,1,0.62,,nation,25,0,never_instantiated,0,,,,,0,0,customer,,1147084,0,never_instantiated,0,,,,,0,0,lineitem,orders,573157,1,active,1149376,,,,,216070,43099,,,,,,,,,,,,,,,,,,,,,,,,,,,,,,,,,,,,,,,,,,,,,,,,,,,,,,,,,,,,,,,,,,,,,,,,
Q11,3,17,1,0.21,,nation,1,0,never_instantiated,0,,,,,0,0,partsupp,supplier,4049,0,never_instantiated,0,,,,,0,0,,nation,1,0,never_instantiated,0,,,,,0,0,partsupp,supplier,4049,0,never_instantiated,0,,,,,0,0,,,,,,,,,,,,,,,,,,,,,,,,,,,,,,,,,,,,,,,,,,,,,,,,,,,,,,,,,,,,
Q12,3,17,1,0.52,orders,lineitem,310803,1,active,15000000,,,,,145712,2051,,,,,,,,,,,,,,,,,,,,,,,,,,,,,,,,,,,,,,,,,,,,,,,,,,,,,,,,,,,,,,,,,,,,,,,,,,,,,,,,,,,,,,,,,,,,,,,,
Q13,3,17,1,1.03,orders,customer,1500000,1,active,14845369,,,,,994876,106779,,,,,,,,,,,,,,,,,,,,,,,,,,,,,,,,,,,,,,,,,,,,,,,,,,,,,,,,,,,,,,,,,,,,,,,,,,,,,,,,,,,,,,,,,,,,,,,,
Q14,3,17,1,0.62,lineitem,part,2000000,1,active,749223,,,,,277914,97570,,,,,,,,,,,,,,,,,,,,,,,,,,,,,,,,,,,,,,,,,,,,,,,,,,,,,,,,,,,,,,,,,,,,,,,,,,,,,,,,,,,,,,,,,,,,,,,,
Q15,3,17,1,0.41,,,1,0,never_instantiated,0,,,,,0,0,supplier,,100000,0,never_instantiated,0,,,,,0,0,,,,,,,,,,,,,,,,,,,,,,,,,,,,,,,,,,,,,,,,,,,,,,,,,,,,,,,,,,,,,,,,,,,,,,,,,,,,,,,,,,,,
Q16,3,17,1,0.31,,supplier,56,0,never_instantiated,0,,,,,0,0,partsupp,,296824,0,never_instantiated,0,,,,,0,0,part,,8,0,never_instantiated,0,,,,,0,0,,,,,,,,,,,,,,,,,,,,,,,,,,,,,,,,,,,,,,,,,,,,,,,,,,,,,,,,,,,,,,,,,,,,,,,,
Q17,3,17,1,0.72,lineitem,part,2044,0,never_instantiated,0,,,,,0,0,,,61385,0,never_instantiated,0,,,,,0,0,lineitem,,2044,0,never_instantiated,0,,,,,0,0,,,,,,,,,,,,,,,,,,,,,,,,,,,,,,,,,,,,,,,,,,,,,,,,,,,,,,,,,,,,,,,,,,,,,,,,
Q18,3,17,1,2.87,,lineitem,624,0,never_instantiated,0,,,,,0,0,,customer,1499999,1,frozen,59986052,6033408,THC-Full,,,458752,24691,lineitem,orders,15000000,1,frozen,59986052,8171520,THC-Full,,,917505,25027,,,,,,,,,,,,,,,,,,,,,,,,,,,,,,,,,,,,,,,,,,,,,,,,,,,,,,,,,,,,,,,,,,,,,,,,
Q19,3,17,1,0.82,lineitem,part,2000000,1,frozen,2141904,1205857,THC-Full,,,458756,97591,,,,,,,,,,,,,,,,,,,,,,,,,,,,,,,,,,,,,,,,,,,,,,,,,,,,,,,,,,,,,,,,,,,,,,,,,,,,,,,,,,,,,,,,,,,,,,,,
Q20,3,17,1,0.52,,,4054,0,never_instantiated,0,,,,,0,0,partsupp,part,21551,0,never_instantiated,0,,,,,0,0,,,3671,0,never_instantiated,0,,,,,0,0,lineitem,,3671,0,never_instantiated,0,,,,,0,0,supplier,nation,1,0,never_instantiated,0,,,,,0,0,,,,,,,,,,,,,,,,,,,,,,,,,,,,,,,,,,,,,,,,,,,,,,,,
Q21,3,17,1,1.95,,nation,1,0,never_instantiated,0,,,,,0,0,,orders,7309184,1,active,1522366,,,,,325847,46039,lineitem,supplier,4010,0,never_instantiated,0,,,,,0,0,,,734523,1,active,2930334,,,,,334376,24140,lineitem,,734511,1,active,59985983,,,,,352164,1262,,,707593,1,active,1850454,,,,,323895,36101,lineitem,,707581,1,active,37929315,,,,,334310,1840,,,,,,,,,,,,,,,,,,,,,,,,
Q22,3,17,1,0.31,,,190691,0,never_instantiated,0,,,,,0,0,orders,,190691,0,never_instantiated,0,,,,,0,0,,,,,,,,,,,,,,,,,,,,,,,,,,,,,,,,,,,,,,,,,,,,,,,,,,,,,,,,,,,,,,,,,,,,,,,,,,,,,,,,,,,,
Q01,3,18,1,0.52,,,,,,,,,,,,,,,,,,,,,,,,,,,,,,,,,,,,,,,,,,,,,,,,,,,,,,,,,,,,,,,,,,,,,,,,,,,,,,,,,,,,,,,,,,,,,,,,,,,,,,,,,,,,
Q02,3,18,1,0.21,,region,1,0,never_instantiated,0,,,,,0,0,,nation,5,0,never_instantiated,0,,,,,0,0,supplier,,6362,0,never_instantiated,0,,,,,0,0,partsupp,part,7854,0,never_instantiated,0,,,,,0,0,,,6351,0,never_instantiated,0,,,,,0,0,,,4667,0,never_instantiated,0,,,,,0,0,,region,1,0,never_instantiated,0,,,,,0,0,,nation,5,0,never_instantiated,0,,,,,0,0,partsupp,supplier,20033,0,never_instantiated,0,,,,,0,0
Q03,3,18,1,0.52,,customer,300275,1,active,302392,,,,,34287,34287,lineitem,orders,1463240,1,active,317474,,,,,36463,36463,,,,,,,,,,,,,,,,,,,,,,,,,,,,,,,,,,,,,,,,,,,,,,,,,,,,,,,,,,,,,,,,,,,,,,,,,,,,,,,,,,,,
Q04,3,18,1,0.72,,,573671,1,active,1450571,,,,,255514,36946,lineitem,,573671,1,active,37929214,,,,,261943,1403,,,,,,,,,,,,,,,,,,,,,,,,,,,,,,,,,,,,,,,,,,,,,,,,,,,,,,,,,,,,,,,,,,,,,,,,,,,,,,,,,,,,
Q05,3,18,1,1.34,,region,1,0,never_instantiated,0,,,,,0,0,,customer,1499999,1,active,1825042,,,,,30614,3768,,nation,5,0,never_instantiated,0,,,,,0,0,,supplier,20037,0,never_instantiated,0,,,,,0,0,lineitem,orders,2275919,1,frozen,9110734,8229252,THC-Full,,,917505,24987,,,,,,,,,,,,,,,,,,,,,,,,,,,,,,,,,,,,,,,,,,,,,,,,
Q06,3,18,1,0.31,,,,,,,,,,,,,,,,,,,,,,,,,,,,,,,,,,,,,,,,,,,,,,,,,,,,,,,,,,,,,,,,,,,,,,,,,,,,,,,,,,,,,,,,,,,,,,,,,,,,,,,,,,,,
Q07,3,18,1,0.52,,nation,2,0,never_instantiated,0,,,,,0,0,,nation,2,0,never_instantiated,0,,,,,0,0,,customer,120469,0,never_instantiated,0,,,,,0,0,,supplier,8010,0,never_instantiated,0,,,,,0,0,lineitem,orders,1226777,1,active,121468,,,,,0,0,,,,,,,,,,,,,,,,,,,,,,,,,,,,,,,,,,,,,,,,,,,,,,,,
Q08,3,18,1,0.62,,region,1,0,never_instantiated,0,,,,,0,0,,part,13452,0,never_instantiated,0,,,,,0,0,,nation,25,0,never_instantiated,0,,,,,0,0,,nation,5,0,never_instantiated,0,,,,,0,0,,customer,299435,1,active,27721,,,,,0,0,,supplier,100000,0,never_instantiated,0,,,,,0,0,lineitem,orders,911192,1,active,28235,,,,,0,0,,,,,,,,,,,,,,,,,,,,,,,,
Q09,3,18,1,1.23,,part,108782,0,never_instantiated,0,,,,,0,0,,orders,15000000,1,frozen,3316505,2467494,THC-Full,,,917505,91183,,nation,25,0,never_instantiated,0,,,,,0,0,,supplier,100000,0,never_instantiated,0,,,,,0,0,lineitem,partsupp,8000000,1,active,3316505,,,,,412275,90833,,,,,,,,,,,,,,,,,,,,,,,,,,,,,,,,,,,,,,,,,,,,,,,,
Q10,3,18,1,0.62,,nation,25,0,never_instantiated,0,,,,,0,0,customer,,1147084,0,never_instantiated,0,,,,,0,0,lineitem,orders,573157,1,active,1149376,,,,,217747,44089,,,,,,,,,,,,,,,,,,,,,,,,,,,,,,,,,,,,,,,,,,,,,,,,,,,,,,,,,,,,,,,,,,,,,,,,
Q11,3,18,1,0.21,partsupp,,4049,0,never_instantiated,0,,,,,0,0,supplier,nation,1,0,never_instantiated,0,,,,,0,0,,nation,1,0,never_instantiated,0,,,,,0,0,partsupp,supplier,4049,0,never_instantiated,0,,,,,0,0,,,,,,,,,,,,,,,,,,,,,,,,,,,,,,,,,,,,,,,,,,,,,,,,,,,,,,,,,,,,
Q12,3,18,1,0.52,orders,lineitem,310803,1,active,15000000,,,,,144660,1955,,,,,,,,,,,,,,,,,,,,,,,,,,,,,,,,,,,,,,,,,,,,,,,,,,,,,,,,,,,,,,,,,,,,,,,,,,,,,,,,,,,,,,,,,,,,,,,,
Q13,3,18,1,1.03,orders,customer,1500000,1,active,14845369,,,,,994733,103193,,,,,,,,,,,,,,,,,,,,,,,,,,,,,,,,,,,,,,,,,,,,,,,,,,,,,,,,,,,,,,,,,,,,,,,,,,,,,,,,,,,,,,,,,,,,,,,,
Q14,3,18,1,0.62,lineitem,part,2000000,1,active,749223,,,,,277828,97577,,,,,,,,,,,,,,,,,,,,,,,,,,,,,,,,,,,,,,,,,,,,,,,,,,,,,,,,,,,,,,,,,,,,,,,,,,,,,,,,,,,,,,,,,,,,,,,,
Q15,3,18,1,0.41,,,1,0,never_instantiated,0,,,,,0,0,supplier,,100000,0,never_instantiated,0,,,,,0,0,,,,,,,,,,,,,,,,,,,,,,,,,,,,,,,,,,,,,,,,,,,,,,,,,,,,,,,,,,,,,,,,,,,,,,,,,,,,,,,,,,,,
Q16,3,18,1,0.31,,supplier,56,0,never_instantiated,0,,,,,0,0,partsupp,,296824,0,never_instantiated,0,,,,,0,0,part,,8,0,never_instantiated,0,,,,,0,0,,,,,,,,,,,,,,,,,,,,,,,,,,,,,,,,,,,,,,,,,,,,,,,,,,,,,,,,,,,,,,,,,,,,,,,,
Q17,3,18,1,0.72,lineitem,part,2044,0,never_instantiated,0,,,,,0,0,,,61385,0,never_instantiated,0,,,,,0,0,lineitem,,2044,0,never_instantiated,0,,,,,0,0,,,,,,,,,,,,,,,,,,,,,,,,,,,,,,,,,,,,,,,,,,,,,,,,,,,,,,,,,,,,,,,,,,,,,,,,
Q18,3,18,1,2.87,,lineitem,624,0,never_instantiated,0,,,,,0,0,,customer,1499999,1,frozen,59986052,6082560,THC-Full,,,458753,25205,lineitem,orders,15000000,1,frozen,59986052,8161280,THC-Full,,,917505,25551,,,,,,,,,,,,,,,,,,,,,,,,,,,,,,,,,,,,,,,,,,,,,,,,,,,,,,,,,,,,,,,,,,,,,,,,
Q19,3,18,1,0.82,lineitem,part,2000000,1,frozen,2141904,1203320,THC-Full,,,458754,97633,,,,,,,,,,,,,,,,,,,,,,,,,,,,,,,,,,,,,,,,,,,,,,,,,,,,,,,,,,,,,,,,,,,,,,,,,,,,,,,,,,,,,,,,,,,,,,,,
Q20,3,18,1,0.52,,,4054,0,never_instantiated,0,,,,,0,0,partsupp,part,21551,0,never_instantiated,0,,,,,0,0,,,3671,0,never_instantiated,0,,,,,0,0,lineitem,,3671,0,never_instantiated,0,,,,,0,0,supplier,nation,1,0,never_instantiated,0,,,,,0,0,,,,,,,,,,,,,,,,,,,,,,,,,,,,,,,,,,,,,,,,,,,,,,,,
Q21,3,18,1,1.95,,nation,1,0,never_instantiated,0,,,,,0,0,,supplier,4010,0,never_instantiated,0,,,,,0,0,lineitem,orders,7309184,1,active,1596879,,,,,328952,48544,,,734523,1,active,2930334,,,,,334213,24143,lineitem,,734511,1,active,59985983,,,,,353536,1162,,,707593,1,active,1850454,,,,,325207,36668,lineitem,,707581,1,active,37929315,,,,,334797,1842,,,,,,,,,,,,,,,,,,,,,,,,
Q22,3,18,1,0.31,,,190691,0,never_instantiated,0,,,,,0,0,orders,,190691,0,never_instantiated,0,,,,,0,0,,,,,,,,,,,,,,,,,,,,,,,,,,,,,,,,,,,,,,,,,,,,,,,,,,,,,,,,,,,,,,,,,,,,,,,,,,,,,,,,,,,,
Q01,3,19,1,0.52,,,,,,,,,,,,,,,,,,,,,,,,,,,,,,,,,,,,,,,,,,,,,,,,,,,,,,,,,,,,,,,,,,,,,,,,,,,,,,,,,,,,,,,,,,,,,,,,,,,,,,,,,,,,
Q02,3,19,1,0.21,,region,1,0,never_instantiated,0,,,,,0,0,,part,7854,0,never_instantiated,0,,,,,0,0,,nation,5,0,never_instantiated,0,,,,,0,0,partsupp,supplier,20033,0,never_instantiated,0,,,,,0,0,,,6351,0,never_instantiated,0,,,,,0,0,,,4667,0,never_instantiated,0,,,,,0,0,,region,1,0,never_instantiated,0,,,,,0,0,,nation,5,0,never_instantiated,0,,,,,0,0,partsupp,supplier,20033,0,never_instantiated,0,,,,,0,0
Q03,3,19,1,0.93,,customer,300275,1,active,1498960,,,,,46675,7616,lineitem,orders,7289442,1,active,32334250,,,,,283107,1819,,,,,,,,,,,,,,,,,,,,,,,,,,,,,,,,,,,,,,,,,,,,,,,,,,,,,,,,,,,,,,,,,,,,,,,,,,,,,,,,,,,,
Q04,3,19,1,0.72,,,573671,1,active,1450571,,,,,256944,37662,lineitem,,573671,1,active,37929214,,,,,261232,1435,,,,,,,,,,,,,,,,,,,,,,,,,,,,,,,,,,,,,,,,,,,,,,,,,,,,,,,,,,,,,,,,,,,,,,,,,,,,,,,,,,,,
Q05,3,19,1,9999999,,,,,,,,,,,,,,,,,,,,,,,,,,,,,,,,,,,,,,,,,,,,,,,,,,,,,,,,,,,,,,,,,,,,,,,,,,,,,,,,,,,,,,,,,,,,,,,,,,,,,,,,,,,,
Q06,3,19,1,0.31,,,,,,,,,,,,,,,,,,,,,,,,,,,,,,,,,,,,,,,,,,,,,,,,,,,,,,,,,,,,,,,,,,,,,,,,,,,,,,,,,,,,,,,,,,,,,,,,,,,,,,,,,,,,
Q07,3,19,1,0.52,,nation,2,0,never_instantiated,0,,,,,0,0,,customer,120469,0,never_instantiated,0,,,,,0,0,orders,,119259,0,never_instantiated,0,,,,,0,0,,nation,2,0,never_instantiated,0,,,,,0,0,lineitem,supplier,8010,0,never_instantiated,0,,,,,0,0,,,,,,,,,,,,,,,,,,,,,,,,,,,,,,,,,,,,,,,,,,,,,,,,
Q08,3,19,1,0.62,,region,1,0,never_instantiated,0,,,,,0,0,,nation,5,0,never_instantiated,0,,,,,0,0,,nation,25,0,never_instantiated,0,,,,,0,0,,supplier,100000,0,never_instantiated,0,,,,,0,0,customer,,24276,0,never_instantiated,0,,,,,0,0,orders,,24717,0,never_instantiated,0,,,,,0,0,lineitem,part,13452,0,never_instantiated,0,,,,,0,0,,,,,,,,,,,,,,,,,,,,,,,,
Q09,3,19,1,1.23,,nation,25,0,never_instantiated,0,,,,,0,0,,partsupp,8000000,1,active,3261613,,,,,405094,91081,,orders,15000000,1,frozen,3261613,2279333,THC-Full,,,917504,91789,,part,108782,0,never_instantiated,0,,,,,0,0,lineitem,supplier,100000,0,never_instantiated,0,,,,,0,0,,,,,,,,,,,,,,,,,,,,,,,,,,,,,,,,,,,,,,,,,,,,,,,,
Q10,3,19,1,0.62,,nation,25,0,never_instantiated,0,,,,,0,0,customer,,1147084,0,never_instantiated,0,,,,,0,0,lineitem,orders,573157,1,active,1149376,,,,,216218,43201,,,,,,,,,,,,,,,,,,,,,,,,,,,,,,,,,,,,,,,,,,,,,,,,,,,,,,,,,,,,,,,,,,,,,,,,
Q11,3,19,1,0.21,,nation,1,0,never_instantiated,0,,,,,0,0,partsupp,supplier,4049,0,never_instantiated,0,,,,,0,0,partsupp,,4049,0,never_instantiated,0,,,,,0,0,supplier,nation,1,0,never_instantiated,0,,,,,0,0,,,,,,,,,,,,,,,,,,,,,,,,,,,,,,,,,,,,,,,,,,,,,,,,,,,,,,,,,,,,
Q12,3,19,1,0.52,orders,lineitem,310803,1,active,15000000,,,,,144345,1926,,,,,,,,,,,,,,,,,,,,,,,,,,,,,,,,,,,,,,,,,,,,,,,,,,,,,,,,,,,,,,,,,,,,,,,,,,,,,,,,,,,,,,,,,,,,,,,,
Q13,3,19,1,1.03,orders,customer,1500000,1,active,14845369,,,,,994685,103152,,,,,,,,,,,,,,,,,,,,,,,,,,,,,,,,,,,,,,,,,,,,,,,,,,,,,,,,,,,,,,,,,,,,,,,,,,,,,,,,,,,,,,,,,,,,,,,,
Q14,3,19,1,0.62,lineitem,part,2000000,1,active,749223,,,,,277842,97543,,,,,,,,,,,,,,,,,,,,,,,,,,,,,,,,,,,,,,,,,,,,,,,,,,,,,,,,,,,,,,,,,,,,,,,,,,,,,,,,,,,,,,,,,,,,,,,,
Q15,3,19,1,0.41,,,1,0,never_instantiated,0,,,,,0,0,supplier,,100000,0,never_instantiated,0,,,,,0,0,,,,,,,,,,,,,,,,,,,,,,,,,,,,,,,,,,,,,,,,,,,,,,,,,,,,,,,,,,,,,,,,,,,,,,,,,,,,,,,,,,,,
Q16,3,19,1,0.31,,supplier,56,0,never_instantiated,0,,,,,0,0,partsupp,,296824,0,never_instantiated,0,,,,,0,0,part,,8,0,never_instantiated,0,,,,,0,0,,,,,,,,,,,,,,,,,,,,,,,,,,,,,,,,,,,,,,,,,,,,,,,,,,,,,,,,,,,,,,,,,,,,,,,,
Q17,3,19,1,0.72,lineitem,part,2044,0,never_instantiated,0,,,,,0,0,,,61385,0,never_instantiated,0,,,,,0,0,lineitem,,2044,0,never_instantiated,0,,,,,0,0,,,,,,,,,,,,,,,,,,,,,,,,,,,,,,,,,,,,,,,,,,,,,,,,,,,,,,,,,,,,,,,,,,,,,,,,
Q18,3,19,1,2.87,,lineitem,624,0,never_instantiated,0,,,,,0,0,,customer,1499999,1,frozen,59986052,6078464,THC-Full,,,458753,26691,lineitem,orders,15000000,1,frozen,59986052,8230912,THC-Full,,,917506,27084,,,,,,,,,,,,,,,,,,,,,,,,,,,,,,,,,,,,,,,,,,,,,,,,,,,,,,,,,,,,,,,,,,,,,,,,
Q19,3,19,1,0.82,lineitem,part,2000000,1,frozen,2141904,1201300,THC-Full,,,458754,97639,,,,,,,,,,,,,,,,,,,,,,,,,,,,,,,,,,,,,,,,,,,,,,,,,,,,,,,,,,,,,,,,,,,,,,,,,,,,,,,,,,,,,,,,,,,,,,,,
Q20,3,19,1,0.52,,,4054,0,never_instantiated,0,,,,,0,0,partsupp,part,21551,0,never_instantiated,0,,,,,0,0,,,3671,0,never_instantiated,0,,,,,0,0,lineitem,,3671,0,never_instantiated,0,,,,,0,0,supplier,nation,1,0,never_instantiated,0,,,,,0,0,,,,,,,,,,,,,,,,,,,,,,,,,,,,,,,,,,,,,,,,,,,,,,,,
Q21,3,19,1,1.85,orders,,1522366,0,never_instantiated,0,,,,,0,0,,nation,1,0,never_instantiated,0,,,,,0,0,lineitem,supplier,4010,0,never_instantiated,0,,,,,0,0,,,734523,1,active,2930334,,,,,334424,24165,lineitem,,734511,1,active,59985983,,,,,351636,1245,,,707593,1,active,1850454,,,,,324041,36026,lineitem,,707581,1,active,37929315,,,,,333775,1818,,,,,,,,,,,,,,,,,,,,,,,,
Q22,3,19,1,0.31,,,190691,0,never_instantiated,0,,,,,0,0,orders,,190691,0,never_instantiated,0,,,,,0,0,,,,,,,,,,,,,,,,,,,,,,,,,,,,,,,,,,,,,,,,,,,,,,,,,,,,,,,,,,,,,,,,,,,,,,,,,,,,,,,,,,,,
Q01,4,0,1,0.52,,,,,,,,,,,,,,,,,,,,,,,,,,,,,,,,,,,,,,,,,,,,,,,,,,,,,,,,,,,,,,,,,,,,,,,,,,,,,,,,,,,,,,,,,,,,,,,,,,,,,,,,,,,,
Q02,4,0,1,0.21,,region,1,0,never_instantiated,0,,,,,0,0,,nation,5,0,never_instantiated,0,,,,,0,0,supplier,,6362,0,never_instantiated,0,,,,,0,0,partsupp,part,4684,0,never_instantiated,0,,,,,0,0,,,6351,0,never_instantiated,0,,,,,0,0,,,4667,0,never_instantiated,0,,,,,0,0,,region,1,0,never_instantiated,0,,,,,0,0,partsupp,,20033,0,never_instantiated,0,,,,,0,0,supplier,nation,5,0,never_instantiated,0,,,,,0,0
Q03,4,0,1,0.41,,customer,85173,0,never_instantiated,0,,,,,0,0,lineitem,orders,114116,0,never_instantiated,0,,,,,0,0,,,,,,,,,,,,,,,,,,,,,,,,,,,,,,,,,,,,,,,,,,,,,,,,,,,,,,,,,,,,,,,,,,,,,,,,,,,,,,,,,,,,
Q04,4,0,1,0.52,,,573671,0,never_instantiated,0,,,,,0,0,lineitem,,573671,0,never_instantiated,0,,,,,0,0,,,,,,,,,,,,,,,,,,,,,,,,,,,,,,,,,,,,,,,,,,,,,,,,,,,,,,,,,,,,,,,,,,,,,,,,,,,,,,,,,,,,
Q05,4,0,1,0.52,,supplier,20037,0,never_instantiated,0,,,,,0,0,,region,1,0,never_instantiated,0,,,,,0,0,,nation,5,0,never_instantiated,0,,,,,0,0,,customer,173586,0,never_instantiated,0,,,,,0,0,lineitem,orders,457191,0,never_instantiated,0,,,,,0,0,,,,,,,,,,,,,,,,,,,,,,,,,,,,,,,,,,,,,,,,,,,,,,,,
Q06,4,0,1,0.31,,,,,,,,,,,,,,,,,,,,,,,,,,,,,,,,,,,,,,,,,,,,,,,,,,,,,,,,,,,,,,,,,,,,,,,,,,,,,,,,,,,,,,,,,,,,,,,,,,,,,,,,,,,,
Q07,4,0,1,0.41,,nation,2,0,never_instantiated,0,,,,,0,0,,supplier,8010,0,never_instantiated,0,,,,,0,0,,nation,2,0,never_instantiated,0,,,,,0,0,,customer,56389,0,never_instantiated,0,,,,,0,0,lineitem,orders,105149,0,never_instantiated,0,,,,,0,0,,,,,,,,,,,,,,,,,,,,,,,,,,,,,,,,,,,,,,,,,,,,,,,,
Q08,4,0,1,0.52,,nation,25,0,never_instantiated,0,,,,,0,0,supplier,,24254,0,never_instantiated,0,,,,,0,0,,region,1,0,never_instantiated,0,,,,,0,0,,part,11282,0,never_instantiated,0,,,,,0,0,,nation,5,0,never_instantiated,0,,,,,0,0,,customer,26453,0,never_instantiated,0,,,,,0,0,lineitem,orders,28313,0,never_instantiated,0,,,,,0,0,,,,,,,,,,,,,,,,,,,,,,,,
Q09,4,0,1,0.93,,nation,25,0,never_instantiated,0,,,,,0,0,,supplier,99262,0,never_instantiated,0,,,,,0,0,,partsupp,442524,0,never_instantiated,0,,,,,0,0,,part,108782,0,never_instantiated,0,,,,,0,0,lineitem,orders,2980802,0,never_instantiated,0,,,,,0,0,,,,,,,,,,,,,,,,,,,,,,,,,,,,,,,,,,,,,,,,,,,,,,,,
Q10,4,0,1,0.62,,nation,25,0,never_instantiated,0,,,,,0,0,customer,,1147084,0,never_instantiated,0,,,,,0,0,lineitem,orders,491924,0,never_instantiated,0,,,,,0,0,,,,,,,,,,,,,,,,,,,,,,,,,,,,,,,,,,,,,,,,,,,,,,,,,,,,,,,,,,,,,,,,,,,,,,,,
Q11,4,0,1,0.21,partsupp,,4049,0,never_instantiated,0,,,,,0,0,supplier,nation,1,0,never_instantiated,0,,,,,0,0,partsupp,,4049,0,never_instantiated,0,,,,,0,0,supplier,nation,1,0,never_instantiated,0,,,,,0,0,,,,,,,,,,,,,,,,,,,,,,,,,,,,,,,,,,,,,,,,,,,,,,,,,,,,,,,,,,,,
Q12,4,0,1,0.41,orders,lineitem,310803,0,never_instantiated,0,,,,,0,0,,,,,,,,,,,,,,,,,,,,,,,,,,,,,,,,,,,,,,,,,,,,,,,,,,,,,,,,,,,,,,,,,,,,,,,,,,,,,,,,,,,,,,,,,,,,,,,,
Q13,4,0,1,0.93,orders,customer,1500000,0,never_instantiated,0,,,,,0,0,,,,,,,,,,,,,,,,,,,,,,,,,,,,,,,,,,,,,,,,,,,,,,,,,,,,,,,,,,,,,,,,,,,,,,,,,,,,,,,,,,,,,,,,,,,,,,,,
Q14,4,0,1,0.41,lineitem,part,625272,0,never_instantiated,0,,,,,0,0,,,,,,,,,,,,,,,,,,,,,,,,,,,,,,,,,,,,,,,,,,,,,,,,,,,,,,,,,,,,,,,,,,,,,,,,,,,,,,,,,,,,,,,,,,,,,,,,
Q15,4,0,1,0.41,,,1,0,never_instantiated,0,,,,,0,0,supplier,,100000,0,never_instantiated,0,,,,,0,0,,,,,,,,,,,,,,,,,,,,,,,,,,,,,,,,,,,,,,,,,,,,,,,,,,,,,,,,,,,,,,,,,,,,,,,,,,,,,,,,,,,,
Q16,4,0,1,0.31,,supplier,56,0,never_instantiated,0,,,,,0,0,partsupp,,296824,0,never_instantiated,0,,,,,0,0,part,,8,0,never_instantiated,0,,,,,0,0,,,,,,,,,,,,,,,,,,,,,,,,,,,,,,,,,,,,,,,,,,,,,,,,,,,,,,,,,,,,,,,,,,,,,,,,
Q17,4,0,1,0.52,lineitem,part,2044,0,never_instantiated,0,,,,,0,0,,,61385,0,never_instantiated,0,,,,,0,0,lineitem,,2044,0,never_instantiated,0,,,,,0,0,,,,,,,,,,,,,,,,,,,,,,,,,,,,,,,,,,,,,,,,,,,,,,,,,,,,,,,,,,,,,,,,,,,,,,,,
Q18,4,0,1,2.16,,lineitem,624,0,never_instantiated,0,,,,,0,0,,customer,1499999,0,never_instantiated,0,,,,,0,0,lineitem,orders,15000000,0,never_instantiated,0,,,,,0,0,,,,,,,,,,,,,,,,,,,,,,,,,,,,,,,,,,,,,,,,,,,,,,,,,,,,,,,,,,,,,,,,,,,,,,,,
Q19,4,0,1,0.52,lineitem,part,1320315,0,never_instantiated,0,,,,,0,0,,,,,,,,,,,,,,,,,,,,,,,,,,,,,,,,,,,,,,,,,,,,,,,,,,,,,,,,,,,,,,,,,,,,,,,,,,,,,,,,,,,,,,,,,,,,,,,,
Q20,4,0,1,0.52,,,2398,0,never_instantiated,0,,,,,0,0,partsupp,part,3482,0,never_instantiated,0,,,,,0,0,,,3671,0,never_instantiated,0,,,,,0,0,lineitem,,3671,0,never_instantiated,0,,,,,0,0,supplier,nation,1,0,never_instantiated,0,,,,,0,0,,,,,,,,,,,,,,,,,,,,,,,,,,,,,,,,,,,,,,,,,,,,,,,,
Q21,4,0,1,1.33,,nation,1,0,never_instantiated,0,,,,,0,0,,supplier,4010,0,never_instantiated,0,,,,,0,0,lineitem,orders,734605,0,never_instantiated,0,,,,,0,0,,,734523,0,never_instantiated,0,,,,,0,0,lineitem,,734511,0,never_instantiated,0,,,,,0,0,,,707593,0,never_instantiated,0,,,,,0,0,lineitem,,707581,0,never_instantiated,0,,,,,0,0,,,,,,,,,,,,,,,,,,,,,,,,
Q22,4,0,1,0.31,,,190691,0,never_instantiated,0,,,,,0,0,orders,,190691,0,never_instantiated,0,,,,,0,0,,,,,,,,,,,,,,,,,,,,,,,,,,,,,,,,,,,,,,,,,,,,,,,,,,,,,,,,,,,,,,,,,,,,,,,,,,,,,,,,,,,,
Q01,4,1,1,0.52,,,,,,,,,,,,,,,,,,,,,,,,,,,,,,,,,,,,,,,,,,,,,,,,,,,,,,,,,,,,,,,,,,,,,,,,,,,,,,,,,,,,,,,,,,,,,,,,,,,,,,,,,,,,
Q02,4,1,1,0.21,,region,1,0,never_instantiated,0,,,,,0,0,,part,4684,0,never_instantiated,0,,,,,0,0,,nation,5,0,never_instantiated,0,,,,,0,0,partsupp,supplier,7360,0,never_instantiated,0,,,,,0,0,,,6351,0,never_instantiated,0,,,,,0,0,,,4667,0,never_instantiated,0,,,,,0,0,,region,1,0,never_instantiated,0,,,,,0,0,,nation,5,0,never_instantiated,0,,,,,0,0,partsupp,supplier,20033,0,never_instantiated,0,,,,,0,0
Q03,4,1,1,0.41,,customer,85173,0,never_instantiated,0,,,,,0,0,lineitem,orders,114116,0,never_instantiated,0,,,,,0,0,,,,,,,,,,,,,,,,,,,,,,,,,,,,,,,,,,,,,,,,,,,,,,,,,,,,,,,,,,,,,,,,,,,,,,,,,,,,,,,,,,,,
Q04,4,1,1,0.52,,,573671,0,never_instantiated,0,,,,,0,0,lineitem,,573671,0,never_instantiated,0,,,,,0,0,,,,,,,,,,,,,,,,,,,,,,,,,,,,,,,,,,,,,,,,,,,,,,,,,,,,,,,,,,,,,,,,,,,,,,,,,,,,,,,,,,,,
Q05,4,1,1,9999999,,,,,,,,,,,,,,,,,,,,,,,,,,,,,,,,,,,,,,,,,,,,,,,,,,,,,,,,,,,,,,,,,,,,,,,,,,,,,,,,,,,,,,,,,,,,,,,,,,,,,,,,,,,,
Q06,4,1,1,0.31,,,,,,,,,,,,,,,,,,,,,,,,,,,,,,,,,,,,,,,,,,,,,,,,,,,,,,,,,,,,,,,,,,,,,,,,,,,,,,,,,,,,,,,,,,,,,,,,,,,,,,,,,,,,
Q07,4,1,1,0.52,,nation,2,0,never_instantiated,0,,,,,0,0,,customer,56389,0,never_instantiated,0,,,,,0,0,orders,,119259,0,never_instantiated,0,,,,,0,0,,nation,2,0,never_instantiated,0,,,,,0,0,lineitem,supplier,8010,0,never_instantiated,0,,,,,0,0,,,,,,,,,,,,,,,,,,,,,,,,,,,,,,,,,,,,,,,,,,,,,,,,
Q08,4,1,1,0.52,,region,1,0,never_instantiated,0,,,,,0,0,,nation,5,0,never_instantiated,0,,,,,0,0,,nation,25,0,never_instantiated,0,,,,,0,0,,supplier,20303,0,never_instantiated,0,,,,,0,0,customer,,24276,0,never_instantiated,0,,,,,0,0,orders,,24717,0,never_instantiated,0,,,,,0,0,lineitem,part,11282,0,never_instantiated,0,,,,,0,0,,,,,,,,,,,,,,,,,,,,,,,,
Q09,4,1,1,0.93,,nation,25,0,never_instantiated,0,,,,,0,0,,supplier,99262,0,never_instantiated,0,,,,,0,0,,orders,2980802,0,never_instantiated,0,,,,,0,0,,partsupp,442524,0,never_instantiated,0,,,,,0,0,lineitem,part,108782,0,never_instantiated,0,,,,,0,0,,,,,,,,,,,,,,,,,,,,,,,,,,,,,,,,,,,,,,,,,,,,,,,,
Q10,4,1,1,0.62,,nation,25,0,never_instantiated,0,,,,,0,0,customer,,1147084,0,never_instantiated,0,,,,,0,0,lineitem,orders,491924,0,never_instantiated,0,,,,,0,0,,,,,,,,,,,,,,,,,,,,,,,,,,,,,,,,,,,,,,,,,,,,,,,,,,,,,,,,,,,,,,,,,,,,,,,,
Q11,4,1,1,0.21,,nation,1,0,never_instantiated,0,,,,,0,0,partsupp,supplier,4049,0,never_instantiated,0,,,,,0,0,partsupp,,4049,0,never_instantiated,0,,,,,0,0,supplier,nation,1,0,never_instantiated,0,,,,,0,0,,,,,,,,,,,,,,,,,,,,,,,,,,,,,,,,,,,,,,,,,,,,,,,,,,,,,,,,,,,,
Q12,4,1,1,0.41,orders,lineitem,310803,0,never_instantiated,0,,,,,0,0,,,,,,,,,,,,,,,,,,,,,,,,,,,,,,,,,,,,,,,,,,,,,,,,,,,,,,,,,,,,,,,,,,,,,,,,,,,,,,,,,,,,,,,,,,,,,,,,
Q13,4,1,1,0.93,orders,customer,1500000,0,never_instantiated,0,,,,,0,0,,,,,,,,,,,,,,,,,,,,,,,,,,,,,,,,,,,,,,,,,,,,,,,,,,,,,,,,,,,,,,,,,,,,,,,,,,,,,,,,,,,,,,,,,,,,,,,,
Q14,4,1,1,0.41,lineitem,part,625272,0,never_instantiated,0,,,,,0,0,,,,,,,,,,,,,,,,,,,,,,,,,,,,,,,,,,,,,,,,,,,,,,,,,,,,,,,,,,,,,,,,,,,,,,,,,,,,,,,,,,,,,,,,,,,,,,,,
Q15,4,1,1,0.41,,,1,0,never_instantiated,0,,,,,0,0,supplier,,100000,0,never_instantiated,0,,,,,0,0,,,,,,,,,,,,,,,,,,,,,,,,,,,,,,,,,,,,,,,,,,,,,,,,,,,,,,,,,,,,,,,,,,,,,,,,,,,,,,,,,,,,
Q16,4,1,1,0.31,,supplier,56,0,never_instantiated,0,,,,,0,0,partsupp,,296824,0,never_instantiated,0,,,,,0,0,part,,8,0,never_instantiated,0,,,,,0,0,,,,,,,,,,,,,,,,,,,,,,,,,,,,,,,,,,,,,,,,,,,,,,,,,,,,,,,,,,,,,,,,,,,,,,,,
Q17,4,1,1,0.51,lineitem,part,2044,0,never_instantiated,0,,,,,0,0,,,61385,0,never_instantiated,0,,,,,0,0,lineitem,,2044,0,never_instantiated,0,,,,,0,0,,,,,,,,,,,,,,,,,,,,,,,,,,,,,,,,,,,,,,,,,,,,,,,,,,,,,,,,,,,,,,,,,,,,,,,,
Q18,4,1,1,2.15,,lineitem,624,0,never_instantiated,0,,,,,0,0,,customer,1499999,0,never_instantiated,0,,,,,0,0,lineitem,orders,15000000,0,never_instantiated,0,,,,,0,0,,,,,,,,,,,,,,,,,,,,,,,,,,,,,,,,,,,,,,,,,,,,,,,,,,,,,,,,,,,,,,,,,,,,,,,,
Q19,4,1,1,0.62,lineitem,part,1320315,0,never_instantiated,0,,,,,0,0,,,,,,,,,,,,,,,,,,,,,,,,,,,,,,,,,,,,,,,,,,,,,,,,,,,,,,,,,,,,,,,,,,,,,,,,,,,,,,,,,,,,,,,,,,,,,,,,
Q20,4,1,1,0.52,,,2398,0,never_instantiated,0,,,,,0,0,partsupp,part,3482,0,never_instantiated,0,,,,,0,0,,,3671,0,never_instantiated,0,,,,,0,0,lineitem,,3671,0,never_instantiated,0,,,,,0,0,supplier,nation,1,0,never_instantiated,0,,,,,0,0,,,,,,,,,,,,,,,,,,,,,,,,,,,,,,,,,,,,,,,,,,,,,,,,
Q21,4,1,1,1.34,orders,,1522366,0,never_instantiated,0,,,,,0,0,,nation,1,0,never_instantiated,0,,,,,0,0,lineitem,supplier,4010,0,never_instantiated,0,,,,,0,0,,,734523,0,never_instantiated,0,,,,,0,0,lineitem,,734511,0,never_instantiated,0,,,,,0,0,,,707593,0,never_instantiated,0,,,,,0,0,lineitem,,707581,0,never_instantiated,0,,,,,0,0,,,,,,,,,,,,,,,,,,,,,,,,
Q22,4,1,1,0.31,,,190691,0,never_instantiated,0,,,,,0,0,orders,,190691,0,never_instantiated,0,,,,,0,0,,,,,,,,,,,,,,,,,,,,,,,,,,,,,,,,,,,,,,,,,,,,,,,,,,,,,,,,,,,,,,,,,,,,,,,,,,,,,,,,,,,,
Q01,4,2,1,0.52,,,,,,,,,,,,,,,,,,,,,,,,,,,,,,,,,,,,,,,,,,,,,,,,,,,,,,,,,,,,,,,,,,,,,,,,,,,,,,,,,,,,,,,,,,,,,,,,,,,,,,,,,,,,
Q02,4,2,1,0.21,,region,1,0,never_instantiated,0,,,,,0,0,,nation,5,0,never_instantiated,0,,,,,0,0,supplier,,6362,0,never_instantiated,0,,,,,0,0,partsupp,part,4684,0,never_instantiated,0,,,,,0,0,,,6351,0,never_instantiated,0,,,,,0,0,,,4667,0,never_instantiated,0,,,,,0,0,,region,1,0,never_instantiated,0,,,,,0,0,,nation,5,0,never_instantiated,0,,,,,0,0,partsupp,supplier,20033,0,never_instantiated,0,,,,,0,0
Q03,4,2,1,0.41,,customer,85173,0,never_instantiated,0,,,,,0,0,lineitem,orders,114116,0,never_instantiated,0,,,,,0,0,,,,,,,,,,,,,,,,,,,,,,,,,,,,,,,,,,,,,,,,,,,,,,,,,,,,,,,,,,,,,,,,,,,,,,,,,,,,,,,,,,,,
Q04,4,2,1,0.52,,,573671,0,never_instantiated,0,,,,,0,0,lineitem,,573671,0,never_instantiated,0,,,,,0,0,,,,,,,,,,,,,,,,,,,,,,,,,,,,,,,,,,,,,,,,,,,,,,,,,,,,,,,,,,,,,,,,,,,,,,,,,,,,,,,,,,,,
Q05,4,2,1,0.52,,region,1,0,never_instantiated,0,,,,,0,0,,supplier,20037,0,never_instantiated,0,,,,,0,0,,nation,5,0,never_instantiated,0,,,,,0,0,,customer,173586,0,never_instantiated,0,,,,,0,0,lineitem,orders,457191,0,never_instantiated,0,,,,,0,0,,,,,,,,,,,,,,,,,,,,,,,,,,,,,,,,,,,,,,,,,,,,,,,,
Q06,4,2,1,0.31,,,,,,,,,,,,,,,,,,,,,,,,,,,,,,,,,,,,,,,,,,,,,,,,,,,,,,,,,,,,,,,,,,,,,,,,,,,,,,,,,,,,,,,,,,,,,,,,,,,,,,,,,,,,
Q07,4,2,1,0.41,,nation,2,0,never_instantiated,0,,,,,0,0,,supplier,8010,0,never_instantiated,0,,,,,0,0,,nation,2,0,never_instantiated,0,,,,,0,0,,customer,56389,0,never_instantiated,0,,,,,0,0,lineitem,orders,105149,0,never_instantiated,0,,,,,0,0,,,,,,,,,,,,,,,,,,,,,,,,,,,,,,,,,,,,,,,,,,,,,,,,
Q08,4,2,1,0.52,,region,1,0,never_instantiated,0,,,,,0,0,,nation,5,0,never_instantiated,0,,,,,0,0,customer,,24276,0,never_instantiated,0,,,,,0,0,,part,11282,0,never_instantiated,0,,,,,0,0,,orders,28313,0,never_instantiated,0,,,,,0,0,,nation,25,0,never_instantiated,0,,,,,0,0,lineitem,supplier,20303,0,never_instantiated,0,,,,,0,0,,,,,,,,,,,,,,,,,,,,,,,,
Q09,4,2,1,0.93,,nation,25,0,never_instantiated,0,,,,,0,0,,supplier,99262,0,never_instantiated,0,,,,,0,0,,part,108782,0,never_instantiated,0,,,,,0,0,,orders,2980802,0,never_instantiated,0,,,,,0,0,lineitem,partsupp,442524,0,never_instantiated,0,,,,,0,0,,,,,,,,,,,,,,,,,,,,,,,,,,,,,,,,,,,,,,,,,,,,,,,,
Q10,4,2,1,0.62,,nation,25,0,never_instantiated,0,,,,,0,0,customer,,1147084,0,never_instantiated,0,,,,,0,0,lineitem,orders,491924,0,never_instantiated,0,,,,,0,0,,,,,,,,,,,,,,,,,,,,,,,,,,,,,,,,,,,,,,,,,,,,,,,,,,,,,,,,,,,,,,,,,,,,,,,,
Q11,4,2,1,0.21,partsupp,,4049,0,never_instantiated,0,,,,,0,0,supplier,nation,1,0,never_instantiated,0,,,,,0,0,partsupp,,4049,0,never_instantiated,0,,,,,0,0,supplier,nation,1,0,never_instantiated,0,,,,,0,0,,,,,,,,,,,,,,,,,,,,,,,,,,,,,,,,,,,,,,,,,,,,,,,,,,,,,,,,,,,,
Q12,4,2,1,0.41,orders,lineitem,310803,0,never_instantiated,0,,,,,0,0,,,,,,,,,,,,,,,,,,,,,,,,,,,,,,,,,,,,,,,,,,,,,,,,,,,,,,,,,,,,,,,,,,,,,,,,,,,,,,,,,,,,,,,,,,,,,,,,
Q13,4,2,1,0.93,orders,customer,1500000,0,never_instantiated,0,,,,,0,0,,,,,,,,,,,,,,,,,,,,,,,,,,,,,,,,,,,,,,,,,,,,,,,,,,,,,,,,,,,,,,,,,,,,,,,,,,,,,,,,,,,,,,,,,,,,,,,,
Q14,4,2,1,0.41,lineitem,part,625272,0,never_instantiated,0,,,,,0,0,,,,,,,,,,,,,,,,,,,,,,,,,,,,,,,,,,,,,,,,,,,,,,,,,,,,,,,,,,,,,,,,,,,,,,,,,,,,,,,,,,,,,,,,,,,,,,,,
Q15,4,2,1,0.41,,,1,0,never_instantiated,0,,,,,0,0,supplier,,100000,0,never_instantiated,0,,,,,0,0,,,,,,,,,,,,,,,,,,,,,,,,,,,,,,,,,,,,,,,,,,,,,,,,,,,,,,,,,,,,,,,,,,,,,,,,,,,,,,,,,,,,
Q16,4,2,1,0.31,,supplier,56,0,never_instantiated,0,,,,,0,0,partsupp,,296824,0,never_instantiated,0,,,,,0,0,part,,8,0,never_instantiated,0,,,,,0,0,,,,,,,,,,,,,,,,,,,,,,,,,,,,,,,,,,,,,,,,,,,,,,,,,,,,,,,,,,,,,,,,,,,,,,,,
Q17,4,2,1,0.52,lineitem,part,2044,0,never_instantiated,0,,,,,0,0,,,61385,0,never_instantiated,0,,,,,0,0,lineitem,,2044,0,never_instantiated,0,,,,,0,0,,,,,,,,,,,,,,,,,,,,,,,,,,,,,,,,,,,,,,,,,,,,,,,,,,,,,,,,,,,,,,,,,,,,,,,,
Q18,4,2,1,2.16,,lineitem,624,0,never_instantiated,0,,,,,0,0,,customer,1499999,0,never_instantiated,0,,,,,0,0,lineitem,orders,15000000,0,never_instantiated,0,,,,,0,0,,,,,,,,,,,,,,,,,,,,,,,,,,,,,,,,,,,,,,,,,,,,,,,,,,,,,,,,,,,,,,,,,,,,,,,,
Q19,4,2,1,0.62,lineitem,part,1320315,0,never_instantiated,0,,,,,0,0,,,,,,,,,,,,,,,,,,,,,,,,,,,,,,,,,,,,,,,,,,,,,,,,,,,,,,,,,,,,,,,,,,,,,,,,,,,,,,,,,,,,,,,,,,,,,,,,
Q20,4,2,1,0.52,,,2398,0,never_instantiated,0,,,,,0,0,partsupp,part,3482,0,never_instantiated,0,,,,,0,0,,,3671,0,never_instantiated,0,,,,,0,0,lineitem,,3671,0,never_instantiated,0,,,,,0,0,supplier,nation,1,0,never_instantiated,0,,,,,0,0,,,,,,,,,,,,,,,,,,,,,,,,,,,,,,,,,,,,,,,,,,,,,,,,
Q21,4,2,1,1.34,,nation,1,0,never_instantiated,0,,,,,0,0,,supplier,4010,0,never_instantiated,0,,,,,0,0,lineitem,orders,734605,0,never_instantiated,0,,,,,0,0,,,734523,0,never_instantiated,0,,,,,0,0,lineitem,,734511,0,never_instantiated,0,,,,,0,0,,,707593,0,never_instantiated,0,,,,,0,0,lineitem,,707581,0,never_instantiated,0,,,,,0,0,,,,,,,,,,,,,,,,,,,,,,,,
Q22,4,2,1,0.31,,,190691,0,never_instantiated,0,,,,,0,0,orders,,190691,0,never_instantiated,0,,,,,0,0,,,,,,,,,,,,,,,,,,,,,,,,,,,,,,,,,,,,,,,,,,,,,,,,,,,,,,,,,,,,,,,,,,,,,,,,,,,,,,,,,,,,
Q01,4,3,1,0.52,,,,,,,,,,,,,,,,,,,,,,,,,,,,,,,,,,,,,,,,,,,,,,,,,,,,,,,,,,,,,,,,,,,,,,,,,,,,,,,,,,,,,,,,,,,,,,,,,,,,,,,,,,,,
Q02,4,3,1,0.21,,region,1,0,never_instantiated,0,,,,,0,0,,nation,5,0,never_instantiated,0,,,,,0,0,,part,4684,0,never_instantiated,0,,,,,0,0,partsupp,supplier,7360,0,never_instantiated,0,,,,,0,0,,,6351,0,never_instantiated,0,,,,,0,0,,,4667,0,never_instantiated,0,,,,,0,0,,region,1,0,never_instantiated,0,,,,,0,0,partsupp,,20033,0,never_instantiated,0,,,,,0,0,supplier,nation,5,0,never_instantiated,0,,,,,0,0
Q03,4,3,1,0.41,,customer,85173,0,never_instantiated,0,,,,,0,0,lineitem,orders,114116,0,never_instantiated,0,,,,,0,0,,,,,,,,,,,,,,,,,,,,,,,,,,,,,,,,,,,,,,,,,,,,,,,,,,,,,,,,,,,,,,,,,,,,,,,,,,,,,,,,,,,,
Q04,4,3,1,0.52,,,573671,0,never_instantiated,0,,,,,0,0,lineitem,,573671,0,never_instantiated,0,,,,,0,0,,,,,,,,,,,,,,,,,,,,,,,,,,,,,,,,,,,,,,,,,,,,,,,,,,,,,,,,,,,,,,,,,,,,,,,,,,,,,,,,,,,,
Q05,4,3,1,9999999,,,,,,,,,,,,,,,,,,,,,,,,,,,,,,,,,,,,,,,,,,,,,,,,,,,,,,,,,,,,,,,,,,,,,,,,,,,,,,,,,,,,,,,,,,,,,,,,,,,,,,,,,,,,
Q06,4,3,1,0.31,,,,,,,,,,,,,,,,,,,,,,,,,,,,,,,,,,,,,,,,,,,,,,,,,,,,,,,,,,,,,,,,,,,,,,,,,,,,,,,,,,,,,,,,,,,,,,,,,,,,,,,,,,,,
Q07,4,3,1,0.52,,nation,2,0,never_instantiated,0,,,,,0,0,,customer,56389,0,never_instantiated,0,,,,,0,0,,nation,2,0,never_instantiated,0,,,,,0,0,orders,,119259,0,never_instantiated,0,,,,,0,0,lineitem,supplier,8010,0,never_instantiated,0,,,,,0,0,,,,,,,,,,,,,,,,,,,,,,,,,,,,,,,,,,,,,,,,,,,,,,,,
Q08,4,3,1,0.52,,region,1,0,never_instantiated,0,,,,,0,0,,nation,25,0,never_instantiated,0,,,,,0,0,,part,11282,0,never_instantiated,0,,,,,0,0,,nation,5,0,never_instantiated,0,,,,,0,0,,supplier,20303,0,never_instantiated,0,,,,,0,0,,customer,26453,0,never_instantiated,0,,,,,0,0,lineitem,orders,28313,0,never_instantiated,0,,,,,0,0,,,,,,,,,,,,,,,,,,,,,,,,
Q09,4,3,1,0.93,,orders,2980802,0,never_instantiated,0,,,,,0,0,,nation,25,0,never_instantiated,0,,,,,0,0,,part,108782,0,never_instantiated,0,,,,,0,0,,partsupp,442524,0,never_instantiated,0,,,,,0,0,lineitem,supplier,99262,0,never_instantiated,0,,,,,0,0,,,,,,,,,,,,,,,,,,,,,,,,,,,,,,,,,,,,,,,,,,,,,,,,
Q10,4,3,1,0.62,,nation,25,0,never_instantiated,0,,,,,0,0,customer,,1147084,0,never_instantiated,0,,,,,0,0,lineitem,orders,491924,0,never_instantiated,0,,,,,0,0,,,,,,,,,,,,,,,,,,,,,,,,,,,,,,,,,,,,,,,,,,,,,,,,,,,,,,,,,,,,,,,,,,,,,,,,
Q11,4,3,1,0.21,,nation,1,0,never_instantiated,0,,,,,0,0,partsupp,supplier,4049,0,never_instantiated,0,,,,,0,0,partsupp,,4049,0,never_instantiated,0,,,,,0,0,supplier,nation,1,0,never_instantiated,0,,,,,0,0,,,,,,,,,,,,,,,,,,,,,,,,,,,,,,,,,,,,,,,,,,,,,,,,,,,,,,,,,,,,
Q12,4,3,1,0.41,orders,lineitem,310803,0,never_instantiated,0,,,,,0,0,,,,,,,,,,,,,,,,,,,,,,,,,,,,,,,,,,,,,,,,,,,,,,,,,,,,,,,,,,,,,,,,,,,,,,,,,,,,,,,,,,,,,,,,,,,,,,,,
Q13,4,3,1,0.93,orders,customer,1500000,0,never_instantiated,0,,,,,0,0,,,,,,,,,,,,,,,,,,,,,,,,,,,,,,,,,,,,,,,,,,,,,,,,,,,,,,,,,,,,,,,,,,,,,,,,,,,,,,,,,,,,,,,,,,,,,,,,
Q14,4,3,1,0.41,lineitem,part,625272,0,never_instantiated,0,,,,,0,0,,,,,,,,,,,,,,,,,,,,,,,,,,,,,,,,,,,,,,,,,,,,,,,,,,,,,,,,,,,,,,,,,,,,,,,,,,,,,,,,,,,,,,,,,,,,,,,,
Q15,4,3,1,0.41,,,1,0,never_instantiated,0,,,,,0,0,supplier,,100000,0,never_instantiated,0,,,,,0,0,,,,,,,,,,,,,,,,,,,,,,,,,,,,,,,,,,,,,,,,,,,,,,,,,,,,,,,,,,,,,,,,,,,,,,,,,,,,,,,,,,,,
Q16,4,3,1,0.31,,supplier,56,0,never_instantiated,0,,,,,0,0,partsupp,,296824,0,never_instantiated,0,,,,,0,0,part,,8,0,never_instantiated,0,,,,,0,0,,,,,,,,,,,,,,,,,,,,,,,,,,,,,,,,,,,,,,,,,,,,,,,,,,,,,,,,,,,,,,,,,,,,,,,,
Q17,4,3,1,0.52,lineitem,part,2044,0,never_instantiated,0,,,,,0,0,,,61385,0,never_instantiated,0,,,,,0,0,lineitem,,2044,0,never_instantiated,0,,,,,0,0,,,,,,,,,,,,,,,,,,,,,,,,,,,,,,,,,,,,,,,,,,,,,,,,,,,,,,,,,,,,,,,,,,,,,,,,
Q18,4,3,1,2.16,,lineitem,624,0,never_instantiated,0,,,,,0,0,,customer,1499999,0,never_instantiated,0,,,,,0,0,lineitem,orders,15000000,0,never_instantiated,0,,,,,0,0,,,,,,,,,,,,,,,,,,,,,,,,,,,,,,,,,,,,,,,,,,,,,,,,,,,,,,,,,,,,,,,,,,,,,,,,
Q19,4,3,1,0.52,lineitem,part,1320315,0,never_instantiated,0,,,,,0,0,,,,,,,,,,,,,,,,,,,,,,,,,,,,,,,,,,,,,,,,,,,,,,,,,,,,,,,,,,,,,,,,,,,,,,,,,,,,,,,,,,,,,,,,,,,,,,,,
Q20,4,3,1,0.52,,,2398,0,never_instantiated,0,,,,,0,0,partsupp,part,3482,0,never_instantiated,0,,,,,0,0,,,3671,0,never_instantiated,0,,,,,0,0,lineitem,,3671,0,never_instantiated,0,,,,,0,0,supplier,nation,1,0,never_instantiated,0,,,,,0,0,,,,,,,,,,,,,,,,,,,,,,,,,,,,,,,,,,,,,,,,,,,,,,,,
Q21,4,3,1,1.34,,nation,1,0,never_instantiated,0,,,,,0,0,,orders,734605,0,never_instantiated,0,,,,,0,0,lineitem,supplier,4010,0,never_instantiated,0,,,,,0,0,,,734523,0,never_instantiated,0,,,,,0,0,lineitem,,734511,0,never_instantiated,0,,,,,0,0,,,707593,0,never_instantiated,0,,,,,0,0,lineitem,,707581,0,never_instantiated,0,,,,,0,0,,,,,,,,,,,,,,,,,,,,,,,,
Q22,4,3,1,0.31,,,190691,0,never_instantiated,0,,,,,0,0,orders,,190691,0,never_instantiated,0,,,,,0,0,,,,,,,,,,,,,,,,,,,,,,,,,,,,,,,,,,,,,,,,,,,,,,,,,,,,,,,,,,,,,,,,,,,,,,,,,,,,,,,,,,,,
Q01,4,4,1,0.52,,,,,,,,,,,,,,,,,,,,,,,,,,,,,,,,,,,,,,,,,,,,,,,,,,,,,,,,,,,,,,,,,,,,,,,,,,,,,,,,,,,,,,,,,,,,,,,,,,,,,,,,,,,,
Q02,4,4,1,0.21,,region,1,0,never_instantiated,0,,,,,0,0,,nation,5,0,never_instantiated,0,,,,,0,0,supplier,,6362,0,never_instantiated,0,,,,,0,0,partsupp,part,4684,0,never_instantiated,0,,,,,0,0,,,6351,0,never_instantiated,0,,,,,0,0,,,4667,0,never_instantiated,0,,,,,0,0,,region,1,0,never_instantiated,0,,,,,0,0,partsupp,,20033,0,never_instantiated,0,,,,,0,0,supplier,nation,5,0,never_instantiated,0,,,,,0,0
Q03,4,4,1,0.82,,customer,300275,0,never_instantiated,0,,,,,0,0,lineitem,orders,7289442,0,never_instantiated,0,,,,,0,0,,,,,,,,,,,,,,,,,,,,,,,,,,,,,,,,,,,,,,,,,,,,,,,,,,,,,,,,,,,,,,,,,,,,,,,,,,,,,,,,,,,,
Q04,4,4,1,0.52,,,573671,0,never_instantiated,0,,,,,0,0,lineitem,,573671,0,never_instantiated,0,,,,,0,0,,,,,,,,,,,,,,,,,,,,,,,,,,,,,,,,,,,,,,,,,,,,,,,,,,,,,,,,,,,,,,,,,,,,,,,,,,,,,,,,,,,,
Q05,4,4,1,0.52,,region,1,0,never_instantiated,0,,,,,0,0,,nation,5,0,never_instantiated,0,,,,,0,0,,supplier,20037,0,never_instantiated,0,,,,,0,0,,customer,173586,0,never_instantiated,0,,,,,0,0,lineitem,orders,457191,0,never_instantiated,0,,,,,0,0,,,,,,,,,,,,,,,,,,,,,,,,,,,,,,,,,,,,,,,,,,,,,,,,
Q06,4,4,1,0.31,,,,,,,,,,,,,,,,,,,,,,,,,,,,,,,,,,,,,,,,,,,,,,,,,,,,,,,,,,,,,,,,,,,,,,,,,,,,,,,,,,,,,,,,,,,,,,,,,,,,,,,,,,,,
Q07,4,4,1,0.41,,nation,2,0,never_instantiated,0,,,,,0,0,,nation,2,0,never_instantiated,0,,,,,0,0,,supplier,8010,0,never_instantiated,0,,,,,0,0,,customer,56389,0,never_instantiated,0,,,,,0,0,lineitem,orders,105149,0,never_instantiated,0,,,,,0,0,,,,,,,,,,,,,,,,,,,,,,,,,,,,,,,,,,,,,,,,,,,,,,,,
Q08,4,4,1,0.52,,region,1,0,never_instantiated,0,,,,,0,0,,nation,25,0,never_instantiated,0,,,,,0,0,,nation,5,0,never_instantiated,0,,,,,0,0,customer,,24276,0,never_instantiated,0,,,,,0,0,,supplier,20303,0,never_instantiated,0,,,,,0,0,orders,,24717,0,never_instantiated,0,,,,,0,0,lineitem,part,11282,0,never_instantiated,0,,,,,0,0,,,,,,,,,,,,,,,,,,,,,,,,
Q09,4,4,1,1.03,,partsupp,7994091,0,never_instantiated,0,,,,,0,0,,nation,25,0,never_instantiated,0,,,,,0,0,,part,108782,0,never_instantiated,0,,,,,0,0,,supplier,99262,0,never_instantiated,0,,,,,0,0,lineitem,orders,2980802,0,never_instantiated,0,,,,,0,0,,,,,,,,,,,,,,,,,,,,,,,,,,,,,,,,,,,,,,,,,,,,,,,,
Q10,4,4,1,0.62,,nation,25,0,never_instantiated,0,,,,,0,0,customer,,1147084,0,never_instantiated,0,,,,,0,0,lineitem,orders,491924,0,never_instantiated,0,,,,,0,0,,,,,,,,,,,,,,,,,,,,,,,,,,,,,,,,,,,,,,,,,,,,,,,,,,,,,,,,,,,,,,,,,,,,,,,,
Q11,4,4,1,0.21,partsupp,,4049,0,never_instantiated,0,,,,,0,0,supplier,nation,1,0,never_instantiated,0,,,,,0,0,,nation,1,0,never_instantiated,0,,,,,0,0,partsupp,supplier,4049,0,never_instantiated,0,,,,,0,0,,,,,,,,,,,,,,,,,,,,,,,,,,,,,,,,,,,,,,,,,,,,,,,,,,,,,,,,,,,,
Q12,4,4,1,0.41,orders,lineitem,310803,0,never_instantiated,0,,,,,0,0,,,,,,,,,,,,,,,,,,,,,,,,,,,,,,,,,,,,,,,,,,,,,,,,,,,,,,,,,,,,,,,,,,,,,,,,,,,,,,,,,,,,,,,,,,,,,,,,
Q13,4,4,1,0.93,orders,customer,1500000,0,never_instantiated,0,,,,,0,0,,,,,,,,,,,,,,,,,,,,,,,,,,,,,,,,,,,,,,,,,,,,,,,,,,,,,,,,,,,,,,,,,,,,,,,,,,,,,,,,,,,,,,,,,,,,,,,,
Q14,4,4,1,0.41,lineitem,part,625272,0,never_instantiated,0,,,,,0,0,,,,,,,,,,,,,,,,,,,,,,,,,,,,,,,,,,,,,,,,,,,,,,,,,,,,,,,,,,,,,,,,,,,,,,,,,,,,,,,,,,,,,,,,,,,,,,,,
Q15,4,4,1,0.41,,,1,0,never_instantiated,0,,,,,0,0,supplier,,100000,0,never_instantiated,0,,,,,0,0,,,,,,,,,,,,,,,,,,,,,,,,,,,,,,,,,,,,,,,,,,,,,,,,,,,,,,,,,,,,,,,,,,,,,,,,,,,,,,,,,,,,
Q16,4,4,1,0.31,,supplier,56,0,never_instantiated,0,,,,,0,0,partsupp,,296824,0,never_instantiated,0,,,,,0,0,part,,8,0,never_instantiated,0,,,,,0,0,,,,,,,,,,,,,,,,,,,,,,,,,,,,,,,,,,,,,,,,,,,,,,,,,,,,,,,,,,,,,,,,,,,,,,,,
Q17,4,4,1,0.52,lineitem,part,2044,0,never_instantiated,0,,,,,0,0,,,61385,0,never_instantiated,0,,,,,0,0,lineitem,,2044,0,never_instantiated,0,,,,,0,0,,,,,,,,,,,,,,,,,,,,,,,,,,,,,,,,,,,,,,,,,,,,,,,,,,,,,,,,,,,,,,,,,,,,,,,,
Q18,4,4,1,2.16,,lineitem,624,0,never_instantiated,0,,,,,0,0,,customer,1499999,0,never_instantiated,0,,,,,0,0,lineitem,orders,15000000,0,never_instantiated,0,,,,,0,0,,,,,,,,,,,,,,,,,,,,,,,,,,,,,,,,,,,,,,,,,,,,,,,,,,,,,,,,,,,,,,,,,,,,,,,,
Q19,4,4,1,0.52,lineitem,part,1320315,0,never_instantiated,0,,,,,0,0,,,,,,,,,,,,,,,,,,,,,,,,,,,,,,,,,,,,,,,,,,,,,,,,,,,,,,,,,,,,,,,,,,,,,,,,,,,,,,,,,,,,,,,,,,,,,,,,
Q20,4,4,1,0.52,,,2398,0,never_instantiated,0,,,,,0,0,partsupp,part,3482,0,never_instantiated,0,,,,,0,0,,,3671,0,never_instantiated,0,,,,,0,0,lineitem,,3671,0,never_instantiated,0,,,,,0,0,supplier,nation,1,0,never_instantiated,0,,,,,0,0,,,,,,,,,,,,,,,,,,,,,,,,,,,,,,,,,,,,,,,,,,,,,,,,
Q21,4,4,1,1.34,,nation,1,0,never_instantiated,0,,,,,0,0,,supplier,4010,0,never_instantiated,0,,,,,0,0,lineitem,orders,734605,0,never_instantiated,0,,,,,0,0,,,734523,0,never_instantiated,0,,,,,0,0,lineitem,,734511,0,never_instantiated,0,,,,,0,0,,,707593,0,never_instantiated,0,,,,,0,0,lineitem,,707581,0,never_instantiated,0,,,,,0,0,,,,,,,,,,,,,,,,,,,,,,,,
Q22,4,4,1,0.31,,,190691,0,never_instantiated,0,,,,,0,0,orders,,190691,0,never_instantiated,0,,,,,0,0,,,,,,,,,,,,,,,,,,,,,,,,,,,,,,,,,,,,,,,,,,,,,,,,,,,,,,,,,,,,,,,,,,,,,,,,,,,,,,,,,,,,
Q01,4,5,1,0.52,,,,,,,,,,,,,,,,,,,,,,,,,,,,,,,,,,,,,,,,,,,,,,,,,,,,,,,,,,,,,,,,,,,,,,,,,,,,,,,,,,,,,,,,,,,,,,,,,,,,,,,,,,,,
Q02,4,5,1,0.21,,region,1,0,never_instantiated,0,,,,,0,0,,nation,5,0,never_instantiated,0,,,,,0,0,,part,4684,0,never_instantiated,0,,,,,0,0,partsupp,supplier,7360,0,never_instantiated,0,,,,,0,0,,,6351,0,never_instantiated,0,,,,,0,0,,,4667,0,never_instantiated,0,,,,,0,0,,region,1,0,never_instantiated,0,,,,,0,0,,nation,5,0,never_instantiated,0,,,,,0,0,partsupp,supplier,20033,0,never_instantiated,0,,,,,0,0
Q03,4,5,1,0.41,,customer,85173,0,never_instantiated,0,,,,,0,0,lineitem,orders,114116,0,never_instantiated,0,,,,,0,0,,,,,,,,,,,,,,,,,,,,,,,,,,,,,,,,,,,,,,,,,,,,,,,,,,,,,,,,,,,,,,,,,,,,,,,,,,,,,,,,,,,,
Q04,4,5,1,0.52,,,573671,0,never_instantiated,0,,,,,0,0,lineitem,,573671,0,never_instantiated,0,,,,,0,0,,,,,,,,,,,,,,,,,,,,,,,,,,,,,,,,,,,,,,,,,,,,,,,,,,,,,,,,,,,,,,,,,,,,,,,,,,,,,,,,,,,,
Q05,4,5,1,9999999,,,,,,,,,,,,,,,,,,,,,,,,,,,,,,,,,,,,,,,,,,,,,,,,,,,,,,,,,,,,,,,,,,,,,,,,,,,,,,,,,,,,,,,,,,,,,,,,,,,,,,,,,,,,
Q06,4,5,1,0.31,,,,,,,,,,,,,,,,,,,,,,,,,,,,,,,,,,,,,,,,,,,,,,,,,,,,,,,,,,,,,,,,,,,,,,,,,,,,,,,,,,,,,,,,,,,,,,,,,,,,,,,,,,,,
Q07,4,5,1,0.52,,nation,2,0,never_instantiated,0,,,,,0,0,,customer,56389,0,never_instantiated,0,,,,,0,0,,nation,2,0,never_instantiated,0,,,,,0,0,orders,,119259,0,never_instantiated,0,,,,,0,0,lineitem,supplier,8010,0,never_instantiated,0,,,,,0,0,,,,,,,,,,,,,,,,,,,,,,,,,,,,,,,,,,,,,,,,,,,,,,,,
Q08,4,5,1,0.52,,region,1,0,never_instantiated,0,,,,,0,0,,nation,5,0,never_instantiated,0,,,,,0,0,,part,11282,0,never_instantiated,0,,,,,0,0,,customer,26453,0,never_instantiated,0,,,,,0,0,,orders,28313,0,never_instantiated,0,,,,,0,0,,nation,25,0,never_instantiated,0,,,,,0,0,lineitem,supplier,20303,0,never_instantiated,0,,,,,0,0,,,,,,,,,,,,,,,,,,,,,,,,
Q09,4,5,1,0.93,,nation,25,0,never_instantiated,0,,,,,0,0,,supplier,99262,0,never_instantiated,0,,,,,0,0,,partsupp,442524,0,never_instantiated,0,,,,,0,0,,orders,2980802,0,never_instantiated,0,,,,,0,0,lineitem,part,108782,0,never_instantiated,0,,,,,0,0,,,,,,,,,,,,,,,,,,,,,,,,,,,,,,,,,,,,,,,,,,,,,,,,
Q10,4,5,1,0.62,,nation,25,0,never_instantiated,0,,,,,0,0,customer,,1147084,0,never_instantiated,0,,,,,0,0,lineitem,orders,491924,0,never_instantiated,0,,,,,0,0,,,,,,,,,,,,,,,,,,,,,,,,,,,,,,,,,,,,,,,,,,,,,,,,,,,,,,,,,,,,,,,,,,,,,,,,
Q11,4,5,1,0.21,,nation,1,0,never_instantiated,0,,,,,0,0,partsupp,supplier,4049,0,never_instantiated,0,,,,,0,0,partsupp,,4049,0,never_instantiated,0,,,,,0,0,supplier,nation,1,0,never_instantiated,0,,,,,0,0,,,,,,,,,,,,,,,,,,,,,,,,,,,,,,,,,,,,,,,,,,,,,,,,,,,,,,,,,,,,
Q12,4,5,1,0.41,orders,lineitem,310803,0,never_instantiated,0,,,,,0,0,,,,,,,,,,,,,,,,,,,,,,,,,,,,,,,,,,,,,,,,,,,,,,,,,,,,,,,,,,,,,,,,,,,,,,,,,,,,,,,,,,,,,,,,,,,,,,,,
Q13,4,5,1,0.93,orders,customer,1500000,0,never_instantiated,0,,,,,0,0,,,,,,,,,,,,,,,,,,,,,,,,,,,,,,,,,,,,,,,,,,,,,,,,,,,,,,,,,,,,,,,,,,,,,,,,,,,,,,,,,,,,,,,,,,,,,,,,
Q14,4,5,1,0.41,lineitem,part,625272,0,never_instantiated,0,,,,,0,0,,,,,,,,,,,,,,,,,,,,,,,,,,,,,,,,,,,,,,,,,,,,,,,,,,,,,,,,,,,,,,,,,,,,,,,,,,,,,,,,,,,,,,,,,,,,,,,,
Q15,4,5,1,0.41,,,1,0,never_instantiated,0,,,,,0,0,supplier,,100000,0,never_instantiated,0,,,,,0,0,,,,,,,,,,,,,,,,,,,,,,,,,,,,,,,,,,,,,,,,,,,,,,,,,,,,,,,,,,,,,,,,,,,,,,,,,,,,,,,,,,,,
Q16,4,5,1,0.31,,supplier,56,0,never_instantiated,0,,,,,0,0,partsupp,,296824,0,never_instantiated,0,,,,,0,0,part,,8,0,never_instantiated,0,,,,,0,0,,,,,,,,,,,,,,,,,,,,,,,,,,,,,,,,,,,,,,,,,,,,,,,,,,,,,,,,,,,,,,,,,,,,,,,,
Q17,4,5,1,0.52,lineitem,part,2044,0,never_instantiated,0,,,,,0,0,,,61385,0,never_instantiated,0,,,,,0,0,lineitem,,2044,0,never_instantiated,0,,,,,0,0,,,,,,,,,,,,,,,,,,,,,,,,,,,,,,,,,,,,,,,,,,,,,,,,,,,,,,,,,,,,,,,,,,,,,,,,
Q18,4,5,1,2.15,,lineitem,624,0,never_instantiated,0,,,,,0,0,,customer,1499999,0,never_instantiated,0,,,,,0,0,lineitem,orders,15000000,0,never_instantiated,0,,,,,0,0,,,,,,,,,,,,,,,,,,,,,,,,,,,,,,,,,,,,,,,,,,,,,,,,,,,,,,,,,,,,,,,,,,,,,,,,
Q19,4,5,1,0.52,lineitem,part,1320315,0,never_instantiated,0,,,,,0,0,,,,,,,,,,,,,,,,,,,,,,,,,,,,,,,,,,,,,,,,,,,,,,,,,,,,,,,,,,,,,,,,,,,,,,,,,,,,,,,,,,,,,,,,,,,,,,,,
Q20,4,5,1,0.52,,,2398,0,never_instantiated,0,,,,,0,0,partsupp,part,3482,0,never_instantiated,0,,,,,0,0,,,3671,0,never_instantiated,0,,,,,0,0,lineitem,,3671,0,never_instantiated,0,,,,,0,0,supplier,nation,1,0,never_instantiated,0,,,,,0,0,,,,,,,,,,,,,,,,,,,,,,,,,,,,,,,,,,,,,,,,,,,,,,,,
Q21,4,5,1,1.34,,nation,1,0,never_instantiated,0,,,,,0,0,,orders,734605,0,never_instantiated,0,,,,,0,0,lineitem,supplier,4010,0,never_instantiated,0,,,,,0,0,,,734523,0,never_instantiated,0,,,,,0,0,lineitem,,734511,0,never_instantiated,0,,,,,0,0,,,707593,0,never_instantiated,0,,,,,0,0,lineitem,,707581,0,never_instantiated,0,,,,,0,0,,,,,,,,,,,,,,,,,,,,,,,,
Q22,4,5,1,0.31,,,190691,0,never_instantiated,0,,,,,0,0,orders,,190691,0,never_instantiated,0,,,,,0,0,,,,,,,,,,,,,,,,,,,,,,,,,,,,,,,,,,,,,,,,,,,,,,,,,,,,,,,,,,,,,,,,,,,,,,,,,,,,,,,,,,,,
Q01,4,6,1,0.52,,,,,,,,,,,,,,,,,,,,,,,,,,,,,,,,,,,,,,,,,,,,,,,,,,,,,,,,,,,,,,,,,,,,,,,,,,,,,,,,,,,,,,,,,,,,,,,,,,,,,,,,,,,,
Q02,4,6,1,0.21,,region,1,0,never_instantiated,0,,,,,0,0,,nation,5,0,never_instantiated,0,,,,,0,0,supplier,,6362,0,never_instantiated,0,,,,,0,0,partsupp,part,4684,0,never_instantiated,0,,,,,0,0,,,6351,0,never_instantiated,0,,,,,0,0,,,4667,0,never_instantiated,0,,,,,0,0,,region,1,0,never_instantiated,0,,,,,0,0,partsupp,,20033,0,never_instantiated,0,,,,,0,0,supplier,nation,5,0,never_instantiated,0,,,,,0,0
Q03,4,6,1,0.82,,customer,300275,0,never_instantiated,0,,,,,0,0,lineitem,orders,7289442,0,never_instantiated,0,,,,,0,0,,,,,,,,,,,,,,,,,,,,,,,,,,,,,,,,,,,,,,,,,,,,,,,,,,,,,,,,,,,,,,,,,,,,,,,,,,,,,,,,,,,,
Q04,4,6,1,0.52,,,573671,0,never_instantiated,0,,,,,0,0,lineitem,,573671,0,never_instantiated,0,,,,,0,0,,,,,,,,,,,,,,,,,,,,,,,,,,,,,,,,,,,,,,,,,,,,,,,,,,,,,,,,,,,,,,,,,,,,,,,,,,,,,,,,,,,,
Q05,4,6,1,0.93,,region,1,0,never_instantiated,0,,,,,0,0,,nation,5,0,never_instantiated,0,,,,,0,0,,customer,866340,0,never_instantiated,0,,,,,0,0,,supplier,20037,0,never_instantiated,0,,,,,0,0,lineitem,orders,2275919,0,never_instantiated,0,,,,,0,0,,,,,,,,,,,,,,,,,,,,,,,,,,,,,,,,,,,,,,,,,,,,,,,,
Q06,4,6,1,0.31,,,,,,,,,,,,,,,,,,,,,,,,,,,,,,,,,,,,,,,,,,,,,,,,,,,,,,,,,,,,,,,,,,,,,,,,,,,,,,,,,,,,,,,,,,,,,,,,,,,,,,,,,,,,
Q07,4,6,1,0.41,,nation,2,0,never_instantiated,0,,,,,0,0,,customer,56389,0,never_instantiated,0,,,,,0,0,,nation,2,0,never_instantiated,0,,,,,0,0,,supplier,8010,0,never_instantiated,0,,,,,0,0,lineitem,orders,105149,0,never_instantiated,0,,,,,0,0,,,,,,,,,,,,,,,,,,,,,,,,,,,,,,,,,,,,,,,,,,,,,,,,
Q08,4,6,1,0.52,,region,1,0,never_instantiated,0,,,,,0,0,,nation,25,0,never_instantiated,0,,,,,0,0,,nation,5,0,never_instantiated,0,,,,,0,0,,supplier,20303,0,never_instantiated,0,,,,,0,0,customer,,24276,0,never_instantiated,0,,,,,0,0,,part,11282,0,never_instantiated,0,,,,,0,0,lineitem,orders,28313,0,never_instantiated,0,,,,,0,0,,,,,,,,,,,,,,,,,,,,,,,,
Q09,4,6,1,0.93,,nation,25,0,never_instantiated,0,,,,,0,0,,supplier,99262,0,never_instantiated,0,,,,,0,0,,orders,2980802,0,never_instantiated,0,,,,,0,0,,part,108782,0,never_instantiated,0,,,,,0,0,lineitem,partsupp,442524,0,never_instantiated,0,,,,,0,0,,,,,,,,,,,,,,,,,,,,,,,,,,,,,,,,,,,,,,,,,,,,,,,,
Q10,4,6,1,0.62,,nation,25,0,never_instantiated,0,,,,,0,0,customer,,1147084,0,never_instantiated,0,,,,,0,0,lineitem,orders,491924,0,never_instantiated,0,,,,,0,0,,,,,,,,,,,,,,,,,,,,,,,,,,,,,,,,,,,,,,,,,,,,,,,,,,,,,,,,,,,,,,,,,,,,,,,,
Q11,4,6,1,0.21,partsupp,,4049,0,never_instantiated,0,,,,,0,0,supplier,nation,1,0,never_instantiated,0,,,,,0,0,partsupp,,4049,0,never_instantiated,0,,,,,0,0,supplier,nation,1,0,never_instantiated,0,,,,,0,0,,,,,,,,,,,,,,,,,,,,,,,,,,,,,,,,,,,,,,,,,,,,,,,,,,,,,,,,,,,,
Q12,4,6,1,0.41,orders,lineitem,310803,0,never_instantiated,0,,,,,0,0,,,,,,,,,,,,,,,,,,,,,,,,,,,,,,,,,,,,,,,,,,,,,,,,,,,,,,,,,,,,,,,,,,,,,,,,,,,,,,,,,,,,,,,,,,,,,,,,
Q13,4,6,1,0.93,orders,customer,1500000,0,never_instantiated,0,,,,,0,0,,,,,,,,,,,,,,,,,,,,,,,,,,,,,,,,,,,,,,,,,,,,,,,,,,,,,,,,,,,,,,,,,,,,,,,,,,,,,,,,,,,,,,,,,,,,,,,,
Q14,4,6,1,0.41,lineitem,part,625272,0,never_instantiated,0,,,,,0,0,,,,,,,,,,,,,,,,,,,,,,,,,,,,,,,,,,,,,,,,,,,,,,,,,,,,,,,,,,,,,,,,,,,,,,,,,,,,,,,,,,,,,,,,,,,,,,,,
Q15,4,6,1,0.41,,,1,0,never_instantiated,0,,,,,0,0,supplier,,100000,0,never_instantiated,0,,,,,0,0,,,,,,,,,,,,,,,,,,,,,,,,,,,,,,,,,,,,,,,,,,,,,,,,,,,,,,,,,,,,,,,,,,,,,,,,,,,,,,,,,,,,
Q16,4,6,1,0.31,,supplier,56,0,never_instantiated,0,,,,,0,0,partsupp,,296824,0,never_instantiated,0,,,,,0,0,part,,8,0,never_instantiated,0,,,,,0,0,,,,,,,,,,,,,,,,,,,,,,,,,,,,,,,,,,,,,,,,,,,,,,,,,,,,,,,,,,,,,,,,,,,,,,,,
Q17,4,6,1,0.52,lineitem,part,2044,0,never_instantiated,0,,,,,0,0,,,61385,0,never_instantiated,0,,,,,0,0,lineitem,,2044,0,never_instantiated,0,,,,,0,0,,,,,,,,,,,,,,,,,,,,,,,,,,,,,,,,,,,,,,,,,,,,,,,,,,,,,,,,,,,,,,,,,,,,,,,,
Q18,4,6,1,2.16,,lineitem,624,0,never_instantiated,0,,,,,0,0,,customer,1499999,0,never_instantiated,0,,,,,0,0,lineitem,orders,15000000,0,never_instantiated,0,,,,,0,0,,,,,,,,,,,,,,,,,,,,,,,,,,,,,,,,,,,,,,,,,,,,,,,,,,,,,,,,,,,,,,,,,,,,,,,,
Q19,4,6,1,0.52,lineitem,part,1320315,0,never_instantiated,0,,,,,0,0,,,,,,,,,,,,,,,,,,,,,,,,,,,,,,,,,,,,,,,,,,,,,,,,,,,,,,,,,,,,,,,,,,,,,,,,,,,,,,,,,,,,,,,,,,,,,,,,
Q20,4,6,1,0.52,,,2398,0,never_instantiated,0,,,,,0,0,partsupp,part,3482,0,never_instantiated,0,,,,,0,0,,,3671,0,never_instantiated,0,,,,,0,0,lineitem,,3671,0,never_instantiated,0,,,,,0,0,supplier,nation,1,0,never_instantiated,0,,,,,0,0,,,,,,,,,,,,,,,,,,,,,,,,,,,,,,,,,,,,,,,,,,,,,,,,
Q21,4,6,1,1.33,,nation,1,0,never_instantiated,0,,,,,0,0,,supplier,4010,0,never_instantiated,0,,,,,0,0,lineitem,orders,734605,0,never_instantiated,0,,,,,0,0,,,734523,0,never_instantiated,0,,,,,0,0,lineitem,,734511,0,never_instantiated,0,,,,,0,0,,,707593,0,never_instantiated,0,,,,,0,0,lineitem,,707581,0,never_instantiated,0,,,,,0,0,,,,,,,,,,,,,,,,,,,,,,,,
Q22,4,6,1,0.31,,,190691,0,never_instantiated,0,,,,,0,0,orders,,190691,0,never_instantiated,0,,,,,0,0,,,,,,,,,,,,,,,,,,,,,,,,,,,,,,,,,,,,,,,,,,,,,,,,,,,,,,,,,,,,,,,,,,,,,,,,,,,,,,,,,,,,
Q01,4,7,1,0.52,,,,,,,,,,,,,,,,,,,,,,,,,,,,,,,,,,,,,,,,,,,,,,,,,,,,,,,,,,,,,,,,,,,,,,,,,,,,,,,,,,,,,,,,,,,,,,,,,,,,,,,,,,,,
Q02,4,7,1,0.21,,region,1,0,never_instantiated,0,,,,,0,0,,nation,5,0,never_instantiated,0,,,,,0,0,,part,4684,0,never_instantiated,0,,,,,0,0,partsupp,supplier,7360,0,never_instantiated,0,,,,,0,0,,,6351,0,never_instantiated,0,,,,,0,0,,,4667,0,never_instantiated,0,,,,,0,0,,region,1,0,never_instantiated,0,,,,,0,0,,nation,5,0,never_instantiated,0,,,,,0,0,partsupp,supplier,20033,0,never_instantiated,0,,,,,0,0
Q03,4,7,1,0.41,,customer,85173,0,never_instantiated,0,,,,,0,0,lineitem,orders,114116,0,never_instantiated,0,,,,,0,0,,,,,,,,,,,,,,,,,,,,,,,,,,,,,,,,,,,,,,,,,,,,,,,,,,,,,,,,,,,,,,,,,,,,,,,,,,,,,,,,,,,,
Q04,4,7,1,0.52,,,573671,0,never_instantiated,0,,,,,0,0,lineitem,,573671,0,never_instantiated,0,,,,,0,0,,,,,,,,,,,,,,,,,,,,,,,,,,,,,,,,,,,,,,,,,,,,,,,,,,,,,,,,,,,,,,,,,,,,,,,,,,,,,,,,,,,,
Q05,4,7,1,9999999,,,,,,,,,,,,,,,,,,,,,,,,,,,,,,,,,,,,,,,,,,,,,,,,,,,,,,,,,,,,,,,,,,,,,,,,,,,,,,,,,,,,,,,,,,,,,,,,,,,,,,,,,,,,
Q06,4,7,1,0.31,,,,,,,,,,,,,,,,,,,,,,,,,,,,,,,,,,,,,,,,,,,,,,,,,,,,,,,,,,,,,,,,,,,,,,,,,,,,,,,,,,,,,,,,,,,,,,,,,,,,,,,,,,,,
Q07,4,7,1,0.52,,nation,2,0,never_instantiated,0,,,,,0,0,,nation,2,0,never_instantiated,0,,,,,0,0,,customer,56389,0,never_instantiated,0,,,,,0,0,orders,,119259,0,never_instantiated,0,,,,,0,0,lineitem,supplier,8010,0,never_instantiated,0,,,,,0,0,,,,,,,,,,,,,,,,,,,,,,,,,,,,,,,,,,,,,,,,,,,,,,,,
Q08,4,7,1,0.52,,region,1,0,never_instantiated,0,,,,,0,0,,nation,5,0,never_instantiated,0,,,,,0,0,customer,,24276,0,never_instantiated,0,,,,,0,0,,nation,25,0,never_instantiated,0,,,,,0,0,orders,,24717,0,never_instantiated,0,,,,,0,0,,supplier,20303,0,never_instantiated,0,,,,,0,0,lineitem,part,11282,0,never_instantiated,0,,,,,0,0,,,,,,,,,,,,,,,,,,,,,,,,
Q09,4,7,1,0.93,,nation,25,0,never_instantiated,0,,,,,0,0,,part,108782,0,never_instantiated,0,,,,,0,0,,orders,2980802,0,never_instantiated,0,,,,,0,0,,partsupp,442524,0,never_instantiated,0,,,,,0,0,lineitem,supplier,99262,0,never_instantiated,0,,,,,0,0,,,,,,,,,,,,,,,,,,,,,,,,,,,,,,,,,,,,,,,,,,,,,,,,
Q10,4,7,1,0.62,,nation,25,0,never_instantiated,0,,,,,0,0,customer,,1147084,0,never_instantiated,0,,,,,0,0,lineitem,orders,491924,0,never_instantiated,0,,,,,0,0,,,,,,,,,,,,,,,,,,,,,,,,,,,,,,,,,,,,,,,,,,,,,,,,,,,,,,,,,,,,,,,,,,,,,,,,
Q11,4,7,1,0.21,,nation,1,0,never_instantiated,0,,,,,0,0,partsupp,supplier,4049,0,never_instantiated,0,,,,,0,0,,nation,1,0,never_instantiated,0,,,,,0,0,partsupp,supplier,4049,0,never_instantiated,0,,,,,0,0,,,,,,,,,,,,,,,,,,,,,,,,,,,,,,,,,,,,,,,,,,,,,,,,,,,,,,,,,,,,
Q12,4,7,1,0.41,orders,lineitem,310803,0,never_instantiated,0,,,,,0,0,,,,,,,,,,,,,,,,,,,,,,,,,,,,,,,,,,,,,,,,,,,,,,,,,,,,,,,,,,,,,,,,,,,,,,,,,,,,,,,,,,,,,,,,,,,,,,,,
Q13,4,7,1,0.93,orders,customer,1500000,0,never_instantiated,0,,,,,0,0,,,,,,,,,,,,,,,,,,,,,,,,,,,,,,,,,,,,,,,,,,,,,,,,,,,,,,,,,,,,,,,,,,,,,,,,,,,,,,,,,,,,,,,,,,,,,,,,
Q14,4,7,1,0.41,lineitem,part,625272,0,never_instantiated,0,,,,,0,0,,,,,,,,,,,,,,,,,,,,,,,,,,,,,,,,,,,,,,,,,,,,,,,,,,,,,,,,,,,,,,,,,,,,,,,,,,,,,,,,,,,,,,,,,,,,,,,,
Q15,4,7,1,0.31,,,1,0,never_instantiated,0,,,,,0,0,supplier,,100000,0,never_instantiated,0,,,,,0,0,,,,,,,,,,,,,,,,,,,,,,,,,,,,,,,,,,,,,,,,,,,,,,,,,,,,,,,,,,,,,,,,,,,,,,,,,,,,,,,,,,,,
Q16,4,7,1,0.31,,supplier,56,0,never_instantiated,0,,,,,0,0,partsupp,,296824,0,never_instantiated,0,,,,,0,0,part,,8,0,never_instantiated,0,,,,,0,0,,,,,,,,,,,,,,,,,,,,,,,,,,,,,,,,,,,,,,,,,,,,,,,,,,,,,,,,,,,,,,,,,,,,,,,,
Q17,4,7,1,0.52,lineitem,part,2044,0,never_instantiated,0,,,,,0,0,,,61385,0,never_instantiated,0,,,,,0,0,lineitem,,2044,0,never_instantiated,0,,,,,0,0,,,,,,,,,,,,,,,,,,,,,,,,,,,,,,,,,,,,,,,,,,,,,,,,,,,,,,,,,,,,,,,,,,,,,,,,
Q18,4,7,1,2.15,,lineitem,624,0,never_instantiated,0,,,,,0,0,,customer,1499999,0,never_instantiated,0,,,,,0,0,lineitem,orders,15000000,0,never_instantiated,0,,,,,0,0,,,,,,,,,,,,,,,,,,,,,,,,,,,,,,,,,,,,,,,,,,,,,,,,,,,,,,,,,,,,,,,,,,,,,,,,
Q19,4,7,1,0.52,lineitem,part,1320315,0,never_instantiated,0,,,,,0,0,,,,,,,,,,,,,,,,,,,,,,,,,,,,,,,,,,,,,,,,,,,,,,,,,,,,,,,,,,,,,,,,,,,,,,,,,,,,,,,,,,,,,,,,,,,,,,,,
Q20,4,7,1,0.52,,,2398,0,never_instantiated,0,,,,,0,0,partsupp,part,3482,0,never_instantiated,0,,,,,0,0,,,3671,0,never_instantiated,0,,,,,0,0,lineitem,,3671,0,never_instantiated,0,,,,,0,0,supplier,nation,1,0,never_instantiated,0,,,,,0,0,,,,,,,,,,,,,,,,,,,,,,,,,,,,,,,,,,,,,,,,,,,,,,,,
Q21,4,7,1,1.34,,nation,1,0,never_instantiated,0,,,,,0,0,,orders,734605,0,never_instantiated,0,,,,,0,0,lineitem,supplier,4010,0,never_instantiated,0,,,,,0,0,,,734523,0,never_instantiated,0,,,,,0,0,lineitem,,734511,0,never_instantiated,0,,,,,0,0,,,707593,0,never_instantiated,0,,,,,0,0,lineitem,,707581,0,never_instantiated,0,,,,,0,0,,,,,,,,,,,,,,,,,,,,,,,,
Q22,4,7,1,0.31,,,190691,0,never_instantiated,0,,,,,0,0,orders,,190691,0,never_instantiated,0,,,,,0,0,,,,,,,,,,,,,,,,,,,,,,,,,,,,,,,,,,,,,,,,,,,,,,,,,,,,,,,,,,,,,,,,,,,,,,,,,,,,,,,,,,,,
Q01,4,8,1,0.52,,,,,,,,,,,,,,,,,,,,,,,,,,,,,,,,,,,,,,,,,,,,,,,,,,,,,,,,,,,,,,,,,,,,,,,,,,,,,,,,,,,,,,,,,,,,,,,,,,,,,,,,,,,,
Q02,4,8,1,0.21,,region,1,0,never_instantiated,0,,,,,0,0,,nation,5,0,never_instantiated,0,,,,,0,0,supplier,,6362,0,never_instantiated,0,,,,,0,0,partsupp,part,4684,0,never_instantiated,0,,,,,0,0,,,6351,0,never_instantiated,0,,,,,0,0,,,4667,0,never_instantiated,0,,,,,0,0,,region,1,0,never_instantiated,0,,,,,0,0,partsupp,,20033,0,never_instantiated,0,,,,,0,0,supplier,nation,5,0,never_instantiated,0,,,,,0,0
Q03,4,8,1,0.82,,customer,300275,0,never_instantiated,0,,,,,0,0,lineitem,orders,7289442,0,never_instantiated,0,,,,,0,0,,,,,,,,,,,,,,,,,,,,,,,,,,,,,,,,,,,,,,,,,,,,,,,,,,,,,,,,,,,,,,,,,,,,,,,,,,,,,,,,,,,,
Q04,4,8,1,0.52,,,573671,0,never_instantiated,0,,,,,0,0,lineitem,,573671,0,never_instantiated,0,,,,,0,0,,,,,,,,,,,,,,,,,,,,,,,,,,,,,,,,,,,,,,,,,,,,,,,,,,,,,,,,,,,,,,,,,,,,,,,,,,,,,,,,,,,,
Q05,4,8,1,0.82,,region,1,0,never_instantiated,0,,,,,0,0,,nation,5,0,never_instantiated,0,,,,,0,0,,customer,300270,0,never_instantiated,0,,,,,0,0,,supplier,20037,0,never_instantiated,0,,,,,0,0,lineitem,orders,2275919,0,never_instantiated,0,,,,,0,0,,,,,,,,,,,,,,,,,,,,,,,,,,,,,,,,,,,,,,,,,,,,,,,,
Q06,4,8,1,0.31,,,,,,,,,,,,,,,,,,,,,,,,,,,,,,,,,,,,,,,,,,,,,,,,,,,,,,,,,,,,,,,,,,,,,,,,,,,,,,,,,,,,,,,,,,,,,,,,,,,,,,,,,,,,
Q07,4,8,1,0.41,,nation,2,0,never_instantiated,0,,,,,0,0,,customer,56389,0,never_instantiated,0,,,,,0,0,,nation,2,0,never_instantiated,0,,,,,0,0,,supplier,8010,0,never_instantiated,0,,,,,0,0,lineitem,orders,105149,0,never_instantiated,0,,,,,0,0,,,,,,,,,,,,,,,,,,,,,,,,,,,,,,,,,,,,,,,,,,,,,,,,
Q08,4,8,1,0.52,,region,1,0,never_instantiated,0,,,,,0,0,,nation,5,0,never_instantiated,0,,,,,0,0,customer,,24276,0,never_instantiated,0,,,,,0,0,,part,11282,0,never_instantiated,0,,,,,0,0,,nation,25,0,never_instantiated,0,,,,,0,0,,orders,28313,0,never_instantiated,0,,,,,0,0,lineitem,supplier,20303,0,never_instantiated,0,,,,,0,0,,,,,,,,,,,,,,,,,,,,,,,,
Q09,4,8,1,0.93,,nation,25,0,never_instantiated,0,,,,,0,0,,supplier,99262,0,never_instantiated,0,,,,,0,0,,part,108782,0,never_instantiated,0,,,,,0,0,,partsupp,442524,0,never_instantiated,0,,,,,0,0,lineitem,orders,2980802,0,never_instantiated,0,,,,,0,0,,,,,,,,,,,,,,,,,,,,,,,,,,,,,,,,,,,,,,,,,,,,,,,,
Q10,4,8,1,0.62,,nation,25,0,never_instantiated,0,,,,,0,0,customer,,1147084,0,never_instantiated,0,,,,,0,0,lineitem,orders,491924,0,never_instantiated,0,,,,,0,0,,,,,,,,,,,,,,,,,,,,,,,,,,,,,,,,,,,,,,,,,,,,,,,,,,,,,,,,,,,,,,,,,,,,,,,,
Q11,4,8,1,0.21,partsupp,,4049,0,never_instantiated,0,,,,,0,0,supplier,nation,1,0,never_instantiated,0,,,,,0,0,partsupp,,4049,0,never_instantiated,0,,,,,0,0,supplier,nation,1,0,never_instantiated,0,,,,,0,0,,,,,,,,,,,,,,,,,,,,,,,,,,,,,,,,,,,,,,,,,,,,,,,,,,,,,,,,,,,,
Q12,4,8,1,0.41,orders,lineitem,310803,0,never_instantiated,0,,,,,0,0,,,,,,,,,,,,,,,,,,,,,,,,,,,,,,,,,,,,,,,,,,,,,,,,,,,,,,,,,,,,,,,,,,,,,,,,,,,,,,,,,,,,,,,,,,,,,,,,
Q13,4,8,1,0.93,orders,customer,1500000,0,never_instantiated,0,,,,,0,0,,,,,,,,,,,,,,,,,,,,,,,,,,,,,,,,,,,,,,,,,,,,,,,,,,,,,,,,,,,,,,,,,,,,,,,,,,,,,,,,,,,,,,,,,,,,,,,,
Q14,4,8,1,0.41,lineitem,part,625272,0,never_instantiated,0,,,,,0,0,,,,,,,,,,,,,,,,,,,,,,,,,,,,,,,,,,,,,,,,,,,,,,,,,,,,,,,,,,,,,,,,,,,,,,,,,,,,,,,,,,,,,,,,,,,,,,,,
Q15,4,8,1,0.41,,,1,0,never_instantiated,0,,,,,0,0,supplier,,100000,0,never_instantiated,0,,,,,0,0,,,,,,,,,,,,,,,,,,,,,,,,,,,,,,,,,,,,,,,,,,,,,,,,,,,,,,,,,,,,,,,,,,,,,,,,,,,,,,,,,,,,
Q16,4,8,1,0.31,,supplier,56,0,never_instantiated,0,,,,,0,0,partsupp,,296824,0,never_instantiated,0,,,,,0,0,part,,8,0,never_instantiated,0,,,,,0,0,,,,,,,,,,,,,,,,,,,,,,,,,,,,,,,,,,,,,,,,,,,,,,,,,,,,,,,,,,,,,,,,,,,,,,,,
Q17,4,8,1,0.52,lineitem,part,2044,0,never_instantiated,0,,,,,0,0,,,61385,0,never_instantiated,0,,,,,0,0,lineitem,,2044,0,never_instantiated,0,,,,,0,0,,,,,,,,,,,,,,,,,,,,,,,,,,,,,,,,,,,,,,,,,,,,,,,,,,,,,,,,,,,,,,,,,,,,,,,,
Q18,4,8,1,2.16,,lineitem,624,0,never_instantiated,0,,,,,0,0,,customer,1499999,0,never_instantiated,0,,,,,0,0,lineitem,orders,15000000,0,never_instantiated,0,,,,,0,0,,,,,,,,,,,,,,,,,,,,,,,,,,,,,,,,,,,,,,,,,,,,,,,,,,,,,,,,,,,,,,,,,,,,,,,,
Q19,4,8,1,0.52,lineitem,part,1320315,0,never_instantiated,0,,,,,0,0,,,,,,,,,,,,,,,,,,,,,,,,,,,,,,,,,,,,,,,,,,,,,,,,,,,,,,,,,,,,,,,,,,,,,,,,,,,,,,,,,,,,,,,,,,,,,,,,
Q20,4,8,1,0.52,,,2398,0,never_instantiated,0,,,,,0,0,partsupp,part,3482,0,never_instantiated,0,,,,,0,0,,,3671,0,never_instantiated,0,,,,,0,0,lineitem,,3671,0,never_instantiated,0,,,,,0,0,supplier,nation,1,0,never_instantiated,0,,,,,0,0,,,,,,,,,,,,,,,,,,,,,,,,,,,,,,,,,,,,,,,,,,,,,,,,
Q21,4,8,1,1.33,,nation,1,0,never_instantiated,0,,,,,0,0,,supplier,4010,0,never_instantiated,0,,,,,0,0,lineitem,orders,734605,0,never_instantiated,0,,,,,0,0,,,734523,0,never_instantiated,0,,,,,0,0,lineitem,,734511,0,never_instantiated,0,,,,,0,0,,,707593,0,never_instantiated,0,,,,,0,0,lineitem,,707581,0,never_instantiated,0,,,,,0,0,,,,,,,,,,,,,,,,,,,,,,,,
Q22,4,8,1,0.31,,,190691,0,never_instantiated,0,,,,,0,0,orders,,190691,0,never_instantiated,0,,,,,0,0,,,,,,,,,,,,,,,,,,,,,,,,,,,,,,,,,,,,,,,,,,,,,,,,,,,,,,,,,,,,,,,,,,,,,,,,,,,,,,,,,,,,
Q01,4,9,1,0.52,,,,,,,,,,,,,,,,,,,,,,,,,,,,,,,,,,,,,,,,,,,,,,,,,,,,,,,,,,,,,,,,,,,,,,,,,,,,,,,,,,,,,,,,,,,,,,,,,,,,,,,,,,,,
Q02,4,9,1,0.21,,region,1,0,never_instantiated,0,,,,,0,0,,part,4684,0,never_instantiated,0,,,,,0,0,,nation,5,0,never_instantiated,0,,,,,0,0,partsupp,supplier,7360,0,never_instantiated,0,,,,,0,0,,,6351,0,never_instantiated,0,,,,,0,0,,,4667,0,never_instantiated,0,,,,,0,0,partsupp,,20033,0,never_instantiated,0,,,,,0,0,,region,1,0,never_instantiated,0,,,,,0,0,supplier,nation,5,0,never_instantiated,0,,,,,0,0
Q03,4,9,1,0.41,,customer,85173,0,never_instantiated,0,,,,,0,0,lineitem,orders,114116,0,never_instantiated,0,,,,,0,0,,,,,,,,,,,,,,,,,,,,,,,,,,,,,,,,,,,,,,,,,,,,,,,,,,,,,,,,,,,,,,,,,,,,,,,,,,,,,,,,,,,,
Q04,4,9,1,0.52,,,573671,0,never_instantiated,0,,,,,0,0,lineitem,,573671,0,never_instantiated,0,,,,,0,0,,,,,,,,,,,,,,,,,,,,,,,,,,,,,,,,,,,,,,,,,,,,,,,,,,,,,,,,,,,,,,,,,,,,,,,,,,,,,,,,,,,,
Q05,4,9,1,0.82,,region,1,0,never_instantiated,0,,,,,0,0,,nation,5,0,never_instantiated,0,,,,,0,0,,customer,300270,0,never_instantiated,0,,,,,0,0,,orders,2275919,0,never_instantiated,0,,,,,0,0,lineitem,supplier,20037,0,never_instantiated,0,,,,,0,0,,,,,,,,,,,,,,,,,,,,,,,,,,,,,,,,,,,,,,,,,,,,,,,,
Q06,4,9,1,0.31,,,,,,,,,,,,,,,,,,,,,,,,,,,,,,,,,,,,,,,,,,,,,,,,,,,,,,,,,,,,,,,,,,,,,,,,,,,,,,,,,,,,,,,,,,,,,,,,,,,,,,,,,,,,
Q07,4,9,1,0.52,,nation,2,0,never_instantiated,0,,,,,0,0,,customer,56389,0,never_instantiated,0,,,,,0,0,orders,,119259,0,never_instantiated,0,,,,,0,0,,nation,2,0,never_instantiated,0,,,,,0,0,lineitem,supplier,8010,0,never_instantiated,0,,,,,0,0,,,,,,,,,,,,,,,,,,,,,,,,,,,,,,,,,,,,,,,,,,,,,,,,
Q08,4,9,1,0.52,,region,1,0,never_instantiated,0,,,,,0,0,,nation,5,0,never_instantiated,0,,,,,0,0,customer,,24276,0,never_instantiated,0,,,,,0,0,,part,11282,0,never_instantiated,0,,,,,0,0,,nation,25,0,never_instantiated,0,,,,,0,0,,supplier,20303,0,never_instantiated,0,,,,,0,0,lineitem,orders,28313,0,never_instantiated,0,,,,,0,0,,,,,,,,,,,,,,,,,,,,,,,,
Q09,4,9,1,1.03,,nation,25,0,never_instantiated,0,,,,,0,0,,partsupp,7994091,0,never_instantiated,0,,,,,0,0,,orders,2980802,0,never_instantiated,0,,,,,0,0,,supplier,99262,0,never_instantiated,0,,,,,0,0,lineitem,part,108782,0,never_instantiated,0,,,,,0,0,,,,,,,,,,,,,,,,,,,,,,,,,,,,,,,,,,,,,,,,,,,,,,,,
Q10,4,9,1,0.62,,nation,25,0,never_instantiated,0,,,,,0,0,customer,,1147084,0,never_instantiated,0,,,,,0,0,lineitem,orders,491924,0,never_instantiated,0,,,,,0,0,,,,,,,,,,,,,,,,,,,,,,,,,,,,,,,,,,,,,,,,,,,,,,,,,,,,,,,,,,,,,,,,,,,,,,,,
Q11,4,9,1,0.21,,nation,1,0,never_instantiated,0,,,,,0,0,partsupp,supplier,4049,0,never_instantiated,0,,,,,0,0,partsupp,,4049,0,never_instantiated,0,,,,,0,0,supplier,nation,1,0,never_instantiated,0,,,,,0,0,,,,,,,,,,,,,,,,,,,,,,,,,,,,,,,,,,,,,,,,,,,,,,,,,,,,,,,,,,,,
Q12,4,9,1,0.41,orders,lineitem,310803,0,never_instantiated,0,,,,,0,0,,,,,,,,,,,,,,,,,,,,,,,,,,,,,,,,,,,,,,,,,,,,,,,,,,,,,,,,,,,,,,,,,,,,,,,,,,,,,,,,,,,,,,,,,,,,,,,,
Q13,4,9,1,0.93,orders,customer,1500000,0,never_instantiated,0,,,,,0,0,,,,,,,,,,,,,,,,,,,,,,,,,,,,,,,,,,,,,,,,,,,,,,,,,,,,,,,,,,,,,,,,,,,,,,,,,,,,,,,,,,,,,,,,,,,,,,,,
Q14,4,9,1,0.41,lineitem,part,625272,0,never_instantiated,0,,,,,0,0,,,,,,,,,,,,,,,,,,,,,,,,,,,,,,,,,,,,,,,,,,,,,,,,,,,,,,,,,,,,,,,,,,,,,,,,,,,,,,,,,,,,,,,,,,,,,,,,
Q15,4,9,1,0.41,,,1,0,never_instantiated,0,,,,,0,0,supplier,,100000,0,never_instantiated,0,,,,,0,0,,,,,,,,,,,,,,,,,,,,,,,,,,,,,,,,,,,,,,,,,,,,,,,,,,,,,,,,,,,,,,,,,,,,,,,,,,,,,,,,,,,,
Q16,4,9,1,0.31,,supplier,56,0,never_instantiated,0,,,,,0,0,partsupp,,296824,0,never_instantiated,0,,,,,0,0,part,,8,0,never_instantiated,0,,,,,0,0,,,,,,,,,,,,,,,,,,,,,,,,,,,,,,,,,,,,,,,,,,,,,,,,,,,,,,,,,,,,,,,,,,,,,,,,
Q17,4,9,1,0.52,lineitem,part,2044,0,never_instantiated,0,,,,,0,0,,,61385,0,never_instantiated,0,,,,,0,0,lineitem,,2044,0,never_instantiated,0,,,,,0,0,,,,,,,,,,,,,,,,,,,,,,,,,,,,,,,,,,,,,,,,,,,,,,,,,,,,,,,,,,,,,,,,,,,,,,,,
Q18,4,9,1,2.16,,lineitem,624,0,never_instantiated,0,,,,,0,0,,customer,1499999,0,never_instantiated,0,,,,,0,0,lineitem,orders,15000000,0,never_instantiated,0,,,,,0,0,,,,,,,,,,,,,,,,,,,,,,,,,,,,,,,,,,,,,,,,,,,,,,,,,,,,,,,,,,,,,,,,,,,,,,,,
Q19,4,9,1,0.62,lineitem,part,1320315,0,never_instantiated,0,,,,,0,0,,,,,,,,,,,,,,,,,,,,,,,,,,,,,,,,,,,,,,,,,,,,,,,,,,,,,,,,,,,,,,,,,,,,,,,,,,,,,,,,,,,,,,,,,,,,,,,,
Q20,4,9,1,0.52,,,2398,0,never_instantiated,0,,,,,0,0,partsupp,part,3482,0,never_instantiated,0,,,,,0,0,,,3671,0,never_instantiated,0,,,,,0,0,lineitem,,3671,0,never_instantiated,0,,,,,0,0,supplier,nation,1,0,never_instantiated,0,,,,,0,0,,,,,,,,,,,,,,,,,,,,,,,,,,,,,,,,,,,,,,,,,,,,,,,,
Q21,4,9,1,1.33,orders,,1522366,0,never_instantiated,0,,,,,0,0,,nation,1,0,never_instantiated,0,,,,,0,0,lineitem,supplier,4010,0,never_instantiated,0,,,,,0,0,,,734523,0,never_instantiated,0,,,,,0,0,lineitem,,734511,0,never_instantiated,0,,,,,0,0,,,707593,0,never_instantiated,0,,,,,0,0,lineitem,,707581,0,never_instantiated,0,,,,,0,0,,,,,,,,,,,,,,,,,,,,,,,,
Q22,4,9,1,0.31,,,190691,0,never_instantiated,0,,,,,0,0,orders,,190691,0,never_instantiated,0,,,,,0,0,,,,,,,,,,,,,,,,,,,,,,,,,,,,,,,,,,,,,,,,,,,,,,,,,,,,,,,,,,,,,,,,,,,,,,,,,,,,,,,,,,,,
Q01,4,10,1,0.52,,,,,,,,,,,,,,,,,,,,,,,,,,,,,,,,,,,,,,,,,,,,,,,,,,,,,,,,,,,,,,,,,,,,,,,,,,,,,,,,,,,,,,,,,,,,,,,,,,,,,,,,,,,,
Q02,4,10,1,0.21,,region,1,0,never_instantiated,0,,,,,0,0,,nation,5,0,never_instantiated,0,,,,,0,0,supplier,,6362,0,never_instantiated,0,,,,,0,0,partsupp,part,4684,0,never_instantiated,0,,,,,0,0,,,6351,0,never_instantiated,0,,,,,0,0,,,4667,0,never_instantiated,0,,,,,0,0,,region,1,0,never_instantiated,0,,,,,0,0,partsupp,,20033,0,never_instantiated,0,,,,,0,0,supplier,nation,5,0,never_instantiated,0,,,,,0,0
Q03,4,10,1,0.41,,customer,85173,0,never_instantiated,0,,,,,0,0,lineitem,orders,114116,0,never_instantiated,0,,,,,0,0,,,,,,,,,,,,,,,,,,,,,,,,,,,,,,,,,,,,,,,,,,,,,,,,,,,,,,,,,,,,,,,,,,,,,,,,,,,,,,,,,,,,
Q04,4,10,1,0.52,,,573671,0,never_instantiated,0,,,,,0,0,lineitem,,573671,0,never_instantiated,0,,,,,0,0,,,,,,,,,,,,,,,,,,,,,,,,,,,,,,,,,,,,,,,,,,,,,,,,,,,,,,,,,,,,,,,,,,,,,,,,,,,,,,,,,,,,
Q05,4,10,1,0.52,,region,1,0,never_instantiated,0,,,,,0,0,,nation,5,0,never_instantiated,0,,,,,0,0,,customer,173586,0,never_instantiated,0,,,,,0,0,,supplier,100000,0,never_instantiated,0,,,,,0,0,lineitem,orders,457191,0,never_instantiated,0,,,,,0,0,,,,,,,,,,,,,,,,,,,,,,,,,,,,,,,,,,,,,,,,,,,,,,,,
Q06,4,10,1,0.31,,,,,,,,,,,,,,,,,,,,,,,,,,,,,,,,,,,,,,,,,,,,,,,,,,,,,,,,,,,,,,,,,,,,,,,,,,,,,,,,,,,,,,,,,,,,,,,,,,,,,,,,,,,,
Q07,4,10,1,0.41,,nation,2,0,never_instantiated,0,,,,,0,0,,customer,56389,0,never_instantiated,0,,,,,0,0,,nation,2,0,never_instantiated,0,,,,,0,0,,supplier,8010,0,never_instantiated,0,,,,,0,0,lineitem,orders,105149,0,never_instantiated,0,,,,,0,0,,,,,,,,,,,,,,,,,,,,,,,,,,,,,,,,,,,,,,,,,,,,,,,,
Q08,4,10,1,0.52,,region,1,0,never_instantiated,0,,,,,0,0,,nation,5,0,never_instantiated,0,,,,,0,0,customer,,24276,0,never_instantiated,0,,,,,0,0,orders,,24717,0,never_instantiated,0,,,,,0,0,,nation,25,0,never_instantiated,0,,,,,0,0,,supplier,20303,0,never_instantiated,0,,,,,0,0,lineitem,part,11282,0,never_instantiated,0,,,,,0,0,,,,,,,,,,,,,,,,,,,,,,,,
Q09,4,10,1,0.93,,nation,25,0,never_instantiated,0,,,,,0,0,,part,108782,0,never_instantiated,0,,,,,0,0,,orders,2980802,0,never_instantiated,0,,,,,0,0,,supplier,99262,0,never_instantiated,0,,,,,0,0,lineitem,partsupp,442524,0,never_instantiated,0,,,,,0,0,,,,,,,,,,,,,,,,,,,,,,,,,,,,,,,,,,,,,,,,,,,,,,,,
Q10,4,10,1,0.62,,nation,25,0,never_instantiated,0,,,,,0,0,customer,,1147084,0,never_instantiated,0,,,,,0,0,lineitem,orders,491924,0,never_instantiated,0,,,,,0,0,,,,,,,,,,,,,,,,,,,,,,,,,,,,,,,,,,,,,,,,,,,,,,,,,,,,,,,,,,,,,,,,,,,,,,,,
Q11,4,10,1,0.21,partsupp,,4049,0,never_instantiated,0,,,,,0,0,supplier,nation,1,0,never_instantiated,0,,,,,0,0,partsupp,,4049,0,never_instantiated,0,,,,,0,0,supplier,nation,1,0,never_instantiated,0,,,,,0,0,,,,,,,,,,,,,,,,,,,,,,,,,,,,,,,,,,,,,,,,,,,,,,,,,,,,,,,,,,,,
Q12,4,10,1,0.41,orders,lineitem,310803,0,never_instantiated,0,,,,,0,0,,,,,,,,,,,,,,,,,,,,,,,,,,,,,,,,,,,,,,,,,,,,,,,,,,,,,,,,,,,,,,,,,,,,,,,,,,,,,,,,,,,,,,,,,,,,,,,,
Q13,4,10,1,0.93,orders,customer,1500000,0,never_instantiated,0,,,,,0,0,,,,,,,,,,,,,,,,,,,,,,,,,,,,,,,,,,,,,,,,,,,,,,,,,,,,,,,,,,,,,,,,,,,,,,,,,,,,,,,,,,,,,,,,,,,,,,,,
Q14,4,10,1,0.41,lineitem,part,625272,0,never_instantiated,0,,,,,0,0,,,,,,,,,,,,,,,,,,,,,,,,,,,,,,,,,,,,,,,,,,,,,,,,,,,,,,,,,,,,,,,,,,,,,,,,,,,,,,,,,,,,,,,,,,,,,,,,
Q15,4,10,1,0.41,,,1,0,never_instantiated,0,,,,,0,0,supplier,,100000,0,never_instantiated,0,,,,,0,0,,,,,,,,,,,,,,,,,,,,,,,,,,,,,,,,,,,,,,,,,,,,,,,,,,,,,,,,,,,,,,,,,,,,,,,,,,,,,,,,,,,,
Q16,4,10,1,0.31,,supplier,56,0,never_instantiated,0,,,,,0,0,partsupp,,296824,0,never_instantiated,0,,,,,0,0,part,,8,0,never_instantiated,0,,,,,0,0,,,,,,,,,,,,,,,,,,,,,,,,,,,,,,,,,,,,,,,,,,,,,,,,,,,,,,,,,,,,,,,,,,,,,,,,
Q17,4,10,1,0.52,lineitem,part,2044,0,never_instantiated,0,,,,,0,0,,,61385,0,never_instantiated,0,,,,,0,0,lineitem,,2044,0,never_instantiated,0,,,,,0,0,,,,,,,,,,,,,,,,,,,,,,,,,,,,,,,,,,,,,,,,,,,,,,,,,,,,,,,,,,,,,,,,,,,,,,,,
Q18,4,10,1,2.16,,lineitem,624,0,never_instantiated,0,,,,,0,0,,customer,1499999,0,never_instantiated,0,,,,,0,0,lineitem,orders,15000000,0,never_instantiated,0,,,,,0,0,,,,,,,,,,,,,,,,,,,,,,,,,,,,,,,,,,,,,,,,,,,,,,,,,,,,,,,,,,,,,,,,,,,,,,,,
Q19,4,10,1,0.52,lineitem,part,1320315,0,never_instantiated,0,,,,,0,0,,,,,,,,,,,,,,,,,,,,,,,,,,,,,,,,,,,,,,,,,,,,,,,,,,,,,,,,,,,,,,,,,,,,,,,,,,,,,,,,,,,,,,,,,,,,,,,,
Q20,4,10,1,0.52,,,2398,0,never_instantiated,0,,,,,0,0,partsupp,part,3482,0,never_instantiated,0,,,,,0,0,,,3671,0,never_instantiated,0,,,,,0,0,lineitem,,3671,0,never_instantiated,0,,,,,0,0,supplier,nation,1,0,never_instantiated,0,,,,,0,0,,,,,,,,,,,,,,,,,,,,,,,,,,,,,,,,,,,,,,,,,,,,,,,,
Q21,4,10,1,1.33,,nation,1,0,never_instantiated,0,,,,,0,0,,supplier,4010,0,never_instantiated,0,,,,,0,0,lineitem,orders,734605,0,never_instantiated,0,,,,,0,0,,,734523,0,never_instantiated,0,,,,,0,0,lineitem,,734511,0,never_instantiated,0,,,,,0,0,,,707593,0,never_instantiated,0,,,,,0,0,lineitem,,707581,0,never_instantiated,0,,,,,0,0,,,,,,,,,,,,,,,,,,,,,,,,
Q22,4,10,1,0.31,,,190691,0,never_instantiated,0,,,,,0,0,orders,,190691,0,never_instantiated,0,,,,,0,0,,,,,,,,,,,,,,,,,,,,,,,,,,,,,,,,,,,,,,,,,,,,,,,,,,,,,,,,,,,,,,,,,,,,,,,,,,,,,,,,,,,,
Q01,4,11,1,0.52,,,,,,,,,,,,,,,,,,,,,,,,,,,,,,,,,,,,,,,,,,,,,,,,,,,,,,,,,,,,,,,,,,,,,,,,,,,,,,,,,,,,,,,,,,,,,,,,,,,,,,,,,,,,
Q02,4,11,1,0.21,,region,1,0,never_instantiated,0,,,,,0,0,,nation,5,0,never_instantiated,0,,,,,0,0,,part,4684,0,never_instantiated,0,,,,,0,0,partsupp,supplier,7360,0,never_instantiated,0,,,,,0,0,,,6351,0,never_instantiated,0,,,,,0,0,,,4667,0,never_instantiated,0,,,,,0,0,,region,1,0,never_instantiated,0,,,,,0,0,,nation,5,0,never_instantiated,0,,,,,0,0,partsupp,supplier,20033,0,never_instantiated,0,,,,,0,0
Q03,4,11,1,0.41,,customer,85173,0,never_instantiated,0,,,,,0,0,lineitem,orders,114116,0,never_instantiated,0,,,,,0,0,,,,,,,,,,,,,,,,,,,,,,,,,,,,,,,,,,,,,,,,,,,,,,,,,,,,,,,,,,,,,,,,,,,,,,,,,,,,,,,,,,,,
Q04,4,11,1,0.52,,,573671,0,never_instantiated,0,,,,,0,0,lineitem,,573671,0,never_instantiated,0,,,,,0,0,,,,,,,,,,,,,,,,,,,,,,,,,,,,,,,,,,,,,,,,,,,,,,,,,,,,,,,,,,,,,,,,,,,,,,,,,,,,,,,,,,,,
Q05,4,11,1,0.93,,customer,1499999,0,never_instantiated,0,,,,,0,0,,region,1,0,never_instantiated,0,,,,,0,0,,nation,5,0,never_instantiated,0,,,,,0,0,,orders,2275919,0,never_instantiated,0,,,,,0,0,lineitem,supplier,20037,0,never_instantiated,0,,,,,0,0,,,,,,,,,,,,,,,,,,,,,,,,,,,,,,,,,,,,,,,,,,,,,,,,
Q06,4,11,1,0.31,,,,,,,,,,,,,,,,,,,,,,,,,,,,,,,,,,,,,,,,,,,,,,,,,,,,,,,,,,,,,,,,,,,,,,,,,,,,,,,,,,,,,,,,,,,,,,,,,,,,,,,,,,,,
Q07,4,11,1,0.52,,nation,2,0,never_instantiated,0,,,,,0,0,,nation,2,0,never_instantiated,0,,,,,0,0,,customer,56389,0,never_instantiated,0,,,,,0,0,orders,,119259,0,never_instantiated,0,,,,,0,0,lineitem,supplier,8010,0,never_instantiated,0,,,,,0,0,,,,,,,,,,,,,,,,,,,,,,,,,,,,,,,,,,,,,,,,,,,,,,,,
Q08,4,11,1,0.52,,region,1,0,never_instantiated,0,,,,,0,0,,nation,5,0,never_instantiated,0,,,,,0,0,customer,,24276,0,never_instantiated,0,,,,,0,0,,nation,25,0,never_instantiated,0,,,,,0,0,orders,,24717,0,never_instantiated,0,,,,,0,0,,part,11282,0,never_instantiated,0,,,,,0,0,lineitem,supplier,20303,0,never_instantiated,0,,,,,0,0,,,,,,,,,,,,,,,,,,,,,,,,
Q09,4,11,1,1.03,,orders,2980802,0,never_instantiated,0,,,,,0,0,,part,108782,0,never_instantiated,0,,,,,0,0,,nation,25,0,never_instantiated,0,,,,,0,0,,partsupp,7994091,0,never_instantiated,0,,,,,0,0,lineitem,supplier,99262,0,never_instantiated,0,,,,,0,0,,,,,,,,,,,,,,,,,,,,,,,,,,,,,,,,,,,,,,,,,,,,,,,,
Q10,4,11,1,0.62,,nation,25,0,never_instantiated,0,,,,,0,0,customer,,1147084,0,never_instantiated,0,,,,,0,0,lineitem,orders,491924,0,never_instantiated,0,,,,,0,0,,,,,,,,,,,,,,,,,,,,,,,,,,,,,,,,,,,,,,,,,,,,,,,,,,,,,,,,,,,,,,,,,,,,,,,,
Q11,4,11,1,0.21,,nation,1,0,never_instantiated,0,,,,,0,0,partsupp,supplier,4049,0,never_instantiated,0,,,,,0,0,,nation,1,0,never_instantiated,0,,,,,0,0,partsupp,supplier,4049,0,never_instantiated,0,,,,,0,0,,,,,,,,,,,,,,,,,,,,,,,,,,,,,,,,,,,,,,,,,,,,,,,,,,,,,,,,,,,,
Q12,4,11,1,0.41,orders,lineitem,310803,0,never_instantiated,0,,,,,0,0,,,,,,,,,,,,,,,,,,,,,,,,,,,,,,,,,,,,,,,,,,,,,,,,,,,,,,,,,,,,,,,,,,,,,,,,,,,,,,,,,,,,,,,,,,,,,,,,
Q13,4,11,1,0.93,orders,customer,1500000,0,never_instantiated,0,,,,,0,0,,,,,,,,,,,,,,,,,,,,,,,,,,,,,,,,,,,,,,,,,,,,,,,,,,,,,,,,,,,,,,,,,,,,,,,,,,,,,,,,,,,,,,,,,,,,,,,,
Q14,4,11,1,0.41,lineitem,part,625272,0,never_instantiated,0,,,,,0,0,,,,,,,,,,,,,,,,,,,,,,,,,,,,,,,,,,,,,,,,,,,,,,,,,,,,,,,,,,,,,,,,,,,,,,,,,,,,,,,,,,,,,,,,,,,,,,,,
Q15,4,11,1,0.41,,,1,0,never_instantiated,0,,,,,0,0,supplier,,100000,0,never_instantiated,0,,,,,0,0,,,,,,,,,,,,,,,,,,,,,,,,,,,,,,,,,,,,,,,,,,,,,,,,,,,,,,,,,,,,,,,,,,,,,,,,,,,,,,,,,,,,
Q16,4,11,1,0.31,,supplier,56,0,never_instantiated,0,,,,,0,0,partsupp,,296824,0,never_instantiated,0,,,,,0,0,part,,8,0,never_instantiated,0,,,,,0,0,,,,,,,,,,,,,,,,,,,,,,,,,,,,,,,,,,,,,,,,,,,,,,,,,,,,,,,,,,,,,,,,,,,,,,,,
Q17,4,11,1,0.52,lineitem,part,2044,0,never_instantiated,0,,,,,0,0,,,61385,0,never_instantiated,0,,,,,0,0,lineitem,,2044,0,never_instantiated,0,,,,,0,0,,,,,,,,,,,,,,,,,,,,,,,,,,,,,,,,,,,,,,,,,,,,,,,,,,,,,,,,,,,,,,,,,,,,,,,,
Q18,4,11,1,2.15,,lineitem,624,0,never_instantiated,0,,,,,0,0,,customer,1499999,0,never_instantiated,0,,,,,0,0,lineitem,orders,15000000,0,never_instantiated,0,,,,,0,0,,,,,,,,,,,,,,,,,,,,,,,,,,,,,,,,,,,,,,,,,,,,,,,,,,,,,,,,,,,,,,,,,,,,,,,,
Q19,4,11,1,0.52,lineitem,part,1320315,0,never_instantiated,0,,,,,0,0,,,,,,,,,,,,,,,,,,,,,,,,,,,,,,,,,,,,,,,,,,,,,,,,,,,,,,,,,,,,,,,,,,,,,,,,,,,,,,,,,,,,,,,,,,,,,,,,
Q20,4,11,1,0.52,,,2398,0,never_instantiated,0,,,,,0,0,partsupp,part,3482,0,never_instantiated,0,,,,,0,0,,,3671,0,never_instantiated,0,,,,,0,0,lineitem,,3671,0,never_instantiated,0,,,,,0,0,supplier,nation,1,0,never_instantiated,0,,,,,0,0,,,,,,,,,,,,,,,,,,,,,,,,,,,,,,,,,,,,,,,,,,,,,,,,
Q21,4,11,1,1.33,,nation,1,0,never_instantiated,0,,,,,0,0,,orders,734605,0,never_instantiated,0,,,,,0,0,lineitem,supplier,4010,0,never_instantiated,0,,,,,0,0,,,734523,0,never_instantiated,0,,,,,0,0,lineitem,,734511,0,never_instantiated,0,,,,,0,0,,,707593,0,never_instantiated,0,,,,,0,0,lineitem,,707581,0,never_instantiated,0,,,,,0,0,,,,,,,,,,,,,,,,,,,,,,,,
Q22,4,11,1,0.31,,,190691,0,never_instantiated,0,,,,,0,0,orders,,190691,0,never_instantiated,0,,,,,0,0,,,,,,,,,,,,,,,,,,,,,,,,,,,,,,,,,,,,,,,,,,,,,,,,,,,,,,,,,,,,,,,,,,,,,,,,,,,,,,,,,,,,
Q01,4,12,1,0.52,,,,,,,,,,,,,,,,,,,,,,,,,,,,,,,,,,,,,,,,,,,,,,,,,,,,,,,,,,,,,,,,,,,,,,,,,,,,,,,,,,,,,,,,,,,,,,,,,,,,,,,,,,,,
Q02,4,12,1,0.21,,region,1,0,never_instantiated,0,,,,,0,0,,nation,5,0,never_instantiated,0,,,,,0,0,supplier,,6362,0,never_instantiated,0,,,,,0,0,partsupp,part,4684,0,never_instantiated,0,,,,,0,0,,,6351,0,never_instantiated,0,,,,,0,0,,,4667,0,never_instantiated,0,,,,,0,0,partsupp,,20033,0,never_instantiated,0,,,,,0,0,,region,1,0,never_instantiated,0,,,,,0,0,supplier,nation,5,0,never_instantiated,0,,,,,0,0
Q03,4,12,1,0.41,,customer,85173,0,never_instantiated,0,,,,,0,0,lineitem,orders,114116,0,never_instantiated,0,,,,,0,0,,,,,,,,,,,,,,,,,,,,,,,,,,,,,,,,,,,,,,,,,,,,,,,,,,,,,,,,,,,,,,,,,,,,,,,,,,,,,,,,,,,,
Q04,4,12,1,0.52,,,573671,0,never_instantiated,0,,,,,0,0,lineitem,,573671,0,never_instantiated,0,,,,,0,0,,,,,,,,,,,,,,,,,,,,,,,,,,,,,,,,,,,,,,,,,,,,,,,,,,,,,,,,,,,,,,,,,,,,,,,,,,,,,,,,,,,,
Q05,4,12,1,0.52,,supplier,20037,0,never_instantiated,0,,,,,0,0,,region,1,0,never_instantiated,0,,,,,0,0,,nation,5,0,never_instantiated,0,,,,,0,0,,customer,173586,0,never_instantiated,0,,,,,0,0,lineitem,orders,457191,0,never_instantiated,0,,,,,0,0,,,,,,,,,,,,,,,,,,,,,,,,,,,,,,,,,,,,,,,,,,,,,,,,
Q06,4,12,1,0.31,,,,,,,,,,,,,,,,,,,,,,,,,,,,,,,,,,,,,,,,,,,,,,,,,,,,,,,,,,,,,,,,,,,,,,,,,,,,,,,,,,,,,,,,,,,,,,,,,,,,,,,,,,,,
Q07,4,12,1,0.41,,nation,2,0,never_instantiated,0,,,,,0,0,,supplier,8010,0,never_instantiated,0,,,,,0,0,,nation,2,0,never_instantiated,0,,,,,0,0,,customer,56389,0,never_instantiated,0,,,,,0,0,lineitem,orders,105149,0,never_instantiated,0,,,,,0,0,,,,,,,,,,,,,,,,,,,,,,,,,,,,,,,,,,,,,,,,,,,,,,,,
Q08,4,12,1,0.52,,part,11282,0,never_instantiated,0,,,,,0,0,,region,1,0,never_instantiated,0,,,,,0,0,,nation,5,0,never_instantiated,0,,,,,0,0,,customer,26453,0,never_instantiated,0,,,,,0,0,,nation,25,0,never_instantiated,0,,,,,0,0,,supplier,20303,0,never_instantiated,0,,,,,0,0,lineitem,orders,28313,0,never_instantiated,0,,,,,0,0,,,,,,,,,,,,,,,,,,,,,,,,
Q09,4,12,1,0.93,,partsupp,442524,0,never_instantiated,0,,,,,0,0,,nation,25,0,never_instantiated,0,,,,,0,0,,part,108782,0,never_instantiated,0,,,,,0,0,,supplier,99262,0,never_instantiated,0,,,,,0,0,lineitem,orders,2980802,0,never_instantiated,0,,,,,0,0,,,,,,,,,,,,,,,,,,,,,,,,,,,,,,,,,,,,,,,,,,,,,,,,
Q10,4,12,1,0.62,,nation,25,0,never_instantiated,0,,,,,0,0,customer,,1147084,0,never_instantiated,0,,,,,0,0,lineitem,orders,491924,0,never_instantiated,0,,,,,0,0,,,,,,,,,,,,,,,,,,,,,,,,,,,,,,,,,,,,,,,,,,,,,,,,,,,,,,,,,,,,,,,,,,,,,,,,
Q11,4,12,1,0.21,partsupp,,4049,0,never_instantiated,0,,,,,0,0,supplier,nation,1,0,never_instantiated,0,,,,,0,0,partsupp,,4049,0,never_instantiated,0,,,,,0,0,supplier,nation,1,0,never_instantiated,0,,,,,0,0,,,,,,,,,,,,,,,,,,,,,,,,,,,,,,,,,,,,,,,,,,,,,,,,,,,,,,,,,,,,
Q12,4,12,1,0.41,orders,lineitem,310803,0,never_instantiated,0,,,,,0,0,,,,,,,,,,,,,,,,,,,,,,,,,,,,,,,,,,,,,,,,,,,,,,,,,,,,,,,,,,,,,,,,,,,,,,,,,,,,,,,,,,,,,,,,,,,,,,,,
Q13,4,12,1,0.93,orders,customer,1500000,0,never_instantiated,0,,,,,0,0,,,,,,,,,,,,,,,,,,,,,,,,,,,,,,,,,,,,,,,,,,,,,,,,,,,,,,,,,,,,,,,,,,,,,,,,,,,,,,,,,,,,,,,,,,,,,,,,
Q14,4,12,1,0.41,lineitem,part,625272,0,never_instantiated,0,,,,,0,0,,,,,,,,,,,,,,,,,,,,,,,,,,,,,,,,,,,,,,,,,,,,,,,,,,,,,,,,,,,,,,,,,,,,,,,,,,,,,,,,,,,,,,,,,,,,,,,,
Q15,4,12,1,0.41,,,1,0,never_instantiated,0,,,,,0,0,supplier,,100000,0,never_instantiated,0,,,,,0,0,,,,,,,,,,,,,,,,,,,,,,,,,,,,,,,,,,,,,,,,,,,,,,,,,,,,,,,,,,,,,,,,,,,,,,,,,,,,,,,,,,,,
Q16,4,12,1,0.31,,supplier,56,0,never_instantiated,0,,,,,0,0,partsupp,,296824,0,never_instantiated,0,,,,,0,0,part,,8,0,never_instantiated,0,,,,,0,0,,,,,,,,,,,,,,,,,,,,,,,,,,,,,,,,,,,,,,,,,,,,,,,,,,,,,,,,,,,,,,,,,,,,,,,,
Q17,4,12,1,0.51,lineitem,part,2044,0,never_instantiated,0,,,,,0,0,,,61385,0,never_instantiated,0,,,,,0,0,lineitem,,2044,0,never_instantiated,0,,,,,0,0,,,,,,,,,,,,,,,,,,,,,,,,,,,,,,,,,,,,,,,,,,,,,,,,,,,,,,,,,,,,,,,,,,,,,,,,
Q18,4,12,1,2.15,,lineitem,624,0,never_instantiated,0,,,,,0,0,,customer,1499999,0,never_instantiated,0,,,,,0,0,lineitem,orders,15000000,0,never_instantiated,0,,,,,0,0,,,,,,,,,,,,,,,,,,,,,,,,,,,,,,,,,,,,,,,,,,,,,,,,,,,,,,,,,,,,,,,,,,,,,,,,
Q19,4,12,1,0.62,lineitem,part,1320315,0,never_instantiated,0,,,,,0,0,,,,,,,,,,,,,,,,,,,,,,,,,,,,,,,,,,,,,,,,,,,,,,,,,,,,,,,,,,,,,,,,,,,,,,,,,,,,,,,,,,,,,,,,,,,,,,,,
Q20,4,12,1,0.52,,,2398,0,never_instantiated,0,,,,,0,0,partsupp,part,3482,0,never_instantiated,0,,,,,0,0,,,3671,0,never_instantiated,0,,,,,0,0,lineitem,,3671,0,never_instantiated,0,,,,,0,0,supplier,nation,1,0,never_instantiated,0,,,,,0,0,,,,,,,,,,,,,,,,,,,,,,,,,,,,,,,,,,,,,,,,,,,,,,,,
Q21,4,12,1,1.34,,nation,1,0,never_instantiated,0,,,,,0,0,,supplier,4010,0,never_instantiated,0,,,,,0,0,lineitem,orders,734605,0,never_instantiated,0,,,,,0,0,,,734523,0,never_instantiated,0,,,,,0,0,lineitem,,734511,0,never_instantiated,0,,,,,0,0,,,707593,0,never_instantiated,0,,,,,0,0,lineitem,,707581,0,never_instantiated,0,,,,,0,0,,,,,,,,,,,,,,,,,,,,,,,,
Q22,4,12,1,0.31,,,190691,0,never_instantiated,0,,,,,0,0,orders,,190691,0,never_instantiated,0,,,,,0,0,,,,,,,,,,,,,,,,,,,,,,,,,,,,,,,,,,,,,,,,,,,,,,,,,,,,,,,,,,,,,,,,,,,,,,,,,,,,,,,,,,,,
Q01,4,13,1,0.52,,,,,,,,,,,,,,,,,,,,,,,,,,,,,,,,,,,,,,,,,,,,,,,,,,,,,,,,,,,,,,,,,,,,,,,,,,,,,,,,,,,,,,,,,,,,,,,,,,,,,,,,,,,,
Q02,4,13,1,0.21,,region,1,0,never_instantiated,0,,,,,0,0,,nation,5,0,never_instantiated,0,,,,,0,0,,part,4684,0,never_instantiated,0,,,,,0,0,partsupp,supplier,7360,0,never_instantiated,0,,,,,0,0,,,6351,0,never_instantiated,0,,,,,0,0,,,4667,0,never_instantiated,0,,,,,0,0,,region,1,0,never_instantiated,0,,,,,0,0,,nation,5,0,never_instantiated,0,,,,,0,0,partsupp,supplier,20033,0,never_instantiated,0,,,,,0,0
Q03,4,13,1,0.82,,customer,300275,0,never_instantiated,0,,,,,0,0,lineitem,orders,7289442,0,never_instantiated,0,,,,,0,0,,,,,,,,,,,,,,,,,,,,,,,,,,,,,,,,,,,,,,,,,,,,,,,,,,,,,,,,,,,,,,,,,,,,,,,,,,,,,,,,,,,,
Q04,4,13,1,0.52,,,573671,0,never_instantiated,0,,,,,0,0,lineitem,,573671,0,never_instantiated,0,,,,,0,0,,,,,,,,,,,,,,,,,,,,,,,,,,,,,,,,,,,,,,,,,,,,,,,,,,,,,,,,,,,,,,,,,,,,,,,,,,,,,,,,,,,,
Q05,4,13,1,9999999,,,,,,,,,,,,,,,,,,,,,,,,,,,,,,,,,,,,,,,,,,,,,,,,,,,,,,,,,,,,,,,,,,,,,,,,,,,,,,,,,,,,,,,,,,,,,,,,,,,,,,,,,,,,
Q06,4,13,1,0.31,,,,,,,,,,,,,,,,,,,,,,,,,,,,,,,,,,,,,,,,,,,,,,,,,,,,,,,,,,,,,,,,,,,,,,,,,,,,,,,,,,,,,,,,,,,,,,,,,,,,,,,,,,,,
Q07,4,13,1,0.52,,nation,2,0,never_instantiated,0,,,,,0,0,,customer,56389,0,never_instantiated,0,,,,,0,0,,nation,2,0,never_instantiated,0,,,,,0,0,orders,,119259,0,never_instantiated,0,,,,,0,0,lineitem,supplier,8010,0,never_instantiated,0,,,,,0,0,,,,,,,,,,,,,,,,,,,,,,,,,,,,,,,,,,,,,,,,,,,,,,,,
Q08,4,13,1,0.52,,region,1,0,never_instantiated,0,,,,,0,0,,nation,5,0,never_instantiated,0,,,,,0,0,customer,,24276,0,never_instantiated,0,,,,,0,0,orders,,24717,0,never_instantiated,0,,,,,0,0,,nation,25,0,never_instantiated,0,,,,,0,0,,supplier,20303,0,never_instantiated,0,,,,,0,0,lineitem,part,11282,0,never_instantiated,0,,,,,0,0,,,,,,,,,,,,,,,,,,,,,,,,
Q09,4,13,1,0.93,,nation,25,0,never_instantiated,0,,,,,0,0,,supplier,99262,0,never_instantiated,0,,,,,0,0,,orders,2980802,0,never_instantiated,0,,,,,0,0,,partsupp,442524,0,never_instantiated,0,,,,,0,0,lineitem,part,108782,0,never_instantiated,0,,,,,0,0,,,,,,,,,,,,,,,,,,,,,,,,,,,,,,,,,,,,,,,,,,,,,,,,
Q10,4,13,1,0.62,,nation,25,0,never_instantiated,0,,,,,0,0,customer,,1147084,0,never_instantiated,0,,,,,0,0,lineitem,orders,491924,0,never_instantiated,0,,,,,0,0,,,,,,,,,,,,,,,,,,,,,,,,,,,,,,,,,,,,,,,,,,,,,,,,,,,,,,,,,,,,,,,,,,,,,,,,
Q11,4,13,1,0.21,,nation,1,0,never_instantiated,0,,,,,0,0,partsupp,supplier,4049,0,never_instantiated,0,,,,,0,0,partsupp,,4049,0,never_instantiated,0,,,,,0,0,supplier,nation,1,0,never_instantiated,0,,,,,0,0,,,,,,,,,,,,,,,,,,,,,,,,,,,,,,,,,,,,,,,,,,,,,,,,,,,,,,,,,,,,
Q12,4,13,1,0.41,orders,lineitem,310803,0,never_instantiated,0,,,,,0,0,,,,,,,,,,,,,,,,,,,,,,,,,,,,,,,,,,,,,,,,,,,,,,,,,,,,,,,,,,,,,,,,,,,,,,,,,,,,,,,,,,,,,,,,,,,,,,,,
Q13,4,13,1,1.03,orders,customer,1500000,0,never_instantiated,0,,,,,0,0,,,,,,,,,,,,,,,,,,,,,,,,,,,,,,,,,,,,,,,,,,,,,,,,,,,,,,,,,,,,,,,,,,,,,,,,,,,,,,,,,,,,,,,,,,,,,,,,
Q14,4,13,1,0.41,lineitem,part,625272,0,never_instantiated,0,,,,,0,0,,,,,,,,,,,,,,,,,,,,,,,,,,,,,,,,,,,,,,,,,,,,,,,,,,,,,,,,,,,,,,,,,,,,,,,,,,,,,,,,,,,,,,,,,,,,,,,,
Q15,4,13,1,0.41,,,1,0,never_instantiated,0,,,,,0,0,supplier,,100000,0,never_instantiated,0,,,,,0,0,,,,,,,,,,,,,,,,,,,,,,,,,,,,,,,,,,,,,,,,,,,,,,,,,,,,,,,,,,,,,,,,,,,,,,,,,,,,,,,,,,,,
Q16,4,13,1,0.31,,supplier,56,0,never_instantiated,0,,,,,0,0,partsupp,,296824,0,never_instantiated,0,,,,,0,0,part,,8,0,never_instantiated,0,,,,,0,0,,,,,,,,,,,,,,,,,,,,,,,,,,,,,,,,,,,,,,,,,,,,,,,,,,,,,,,,,,,,,,,,,,,,,,,,
Q17,4,13,1,0.52,lineitem,part,2044,0,never_instantiated,0,,,,,0,0,,,61385,0,never_instantiated,0,,,,,0,0,lineitem,,2044,0,never_instantiated,0,,,,,0,0,,,,,,,,,,,,,,,,,,,,,,,,,,,,,,,,,,,,,,,,,,,,,,,,,,,,,,,,,,,,,,,,,,,,,,,,
Q18,4,13,1,2.16,,lineitem,624,0,never_instantiated,0,,,,,0,0,,customer,1499999,0,never_instantiated,0,,,,,0,0,lineitem,orders,15000000,0,never_instantiated,0,,,,,0,0,,,,,,,,,,,,,,,,,,,,,,,,,,,,,,,,,,,,,,,,,,,,,,,,,,,,,,,,,,,,,,,,,,,,,,,,
Q19,4,13,1,0.52,lineitem,part,1320315,0,never_instantiated,0,,,,,0,0,,,,,,,,,,,,,,,,,,,,,,,,,,,,,,,,,,,,,,,,,,,,,,,,,,,,,,,,,,,,,,,,,,,,,,,,,,,,,,,,,,,,,,,,,,,,,,,,
Q20,4,13,1,0.52,,,2398,0,never_instantiated,0,,,,,0,0,partsupp,part,3482,0,never_instantiated,0,,,,,0,0,,,3671,0,never_instantiated,0,,,,,0,0,lineitem,,3671,0,never_instantiated,0,,,,,0,0,supplier,nation,1,0,never_instantiated,0,,,,,0,0,,,,,,,,,,,,,,,,,,,,,,,,,,,,,,,,,,,,,,,,,,,,,,,,
Q21,4,13,1,1.33,,nation,1,0,never_instantiated,0,,,,,0,0,,orders,734605,0,never_instantiated,0,,,,,0,0,lineitem,supplier,4010,0,never_instantiated,0,,,,,0,0,,,734523,0,never_instantiated,0,,,,,0,0,lineitem,,734511,0,never_instantiated,0,,,,,0,0,,,707593,0,never_instantiated,0,,,,,0,0,lineitem,,707581,0,never_instantiated,0,,,,,0,0,,,,,,,,,,,,,,,,,,,,,,,,
Q22,4,13,1,0.31,,,190691,0,never_instantiated,0,,,,,0,0,orders,,190691,0,never_instantiated,0,,,,,0,0,,,,,,,,,,,,,,,,,,,,,,,,,,,,,,,,,,,,,,,,,,,,,,,,,,,,,,,,,,,,,,,,,,,,,,,,,,,,,,,,,,,,
Q01,4,14,1,0.52,,,,,,,,,,,,,,,,,,,,,,,,,,,,,,,,,,,,,,,,,,,,,,,,,,,,,,,,,,,,,,,,,,,,,,,,,,,,,,,,,,,,,,,,,,,,,,,,,,,,,,,,,,,,
Q02,4,14,1,0.21,,region,1,0,never_instantiated,0,,,,,0,0,,nation,5,0,never_instantiated,0,,,,,0,0,supplier,,6362,0,never_instantiated,0,,,,,0,0,partsupp,part,4684,0,never_instantiated,0,,,,,0,0,,,6351,0,never_instantiated,0,,,,,0,0,,,4667,0,never_instantiated,0,,,,,0,0,,region,1,0,never_instantiated,0,,,,,0,0,,nation,5,0,never_instantiated,0,,,,,0,0,partsupp,supplier,20033,0,never_instantiated,0,,,,,0,0
Q03,4,14,1,0.82,,customer,300275,0,never_instantiated,0,,,,,0,0,lineitem,orders,7289442,0,never_instantiated,0,,,,,0,0,,,,,,,,,,,,,,,,,,,,,,,,,,,,,,,,,,,,,,,,,,,,,,,,,,,,,,,,,,,,,,,,,,,,,,,,,,,,,,,,,,,,
Q04,4,14,1,0.52,,,573671,0,never_instantiated,0,,,,,0,0,lineitem,,573671,0,never_instantiated,0,,,,,0,0,,,,,,,,,,,,,,,,,,,,,,,,,,,,,,,,,,,,,,,,,,,,,,,,,,,,,,,,,,,,,,,,,,,,,,,,,,,,,,,,,,,,
Q05,4,14,1,0.52,,region,1,0,never_instantiated,0,,,,,0,0,,nation,5,0,never_instantiated,0,,,,,0,0,,customer,173586,0,never_instantiated,0,,,,,0,0,,supplier,100000,0,never_instantiated,0,,,,,0,0,lineitem,orders,457191,0,never_instantiated,0,,,,,0,0,,,,,,,,,,,,,,,,,,,,,,,,,,,,,,,,,,,,,,,,,,,,,,,,
Q06,4,14,1,0.31,,,,,,,,,,,,,,,,,,,,,,,,,,,,,,,,,,,,,,,,,,,,,,,,,,,,,,,,,,,,,,,,,,,,,,,,,,,,,,,,,,,,,,,,,,,,,,,,,,,,,,,,,,,,
Q07,4,14,1,0.41,,nation,2,0,never_instantiated,0,,,,,0,0,,customer,56389,0,never_instantiated,0,,,,,0,0,,nation,2,0,never_instantiated,0,,,,,0,0,,supplier,8010,0,never_instantiated,0,,,,,0,0,lineitem,orders,105149,0,never_instantiated,0,,,,,0,0,,,,,,,,,,,,,,,,,,,,,,,,,,,,,,,,,,,,,,,,,,,,,,,,
Q08,4,14,1,0.52,,region,1,0,never_instantiated,0,,,,,0,0,,nation,5,0,never_instantiated,0,,,,,0,0,,part,11282,0,never_instantiated,0,,,,,0,0,,customer,26453,0,never_instantiated,0,,,,,0,0,,orders,28313,0,never_instantiated,0,,,,,0,0,,nation,25,0,never_instantiated,0,,,,,0,0,lineitem,supplier,20303,0,never_instantiated,0,,,,,0,0,,,,,,,,,,,,,,,,,,,,,,,,
Q09,4,14,1,0.93,,nation,25,0,never_instantiated,0,,,,,0,0,,supplier,99262,0,never_instantiated,0,,,,,0,0,,part,108782,0,never_instantiated,0,,,,,0,0,,orders,2980802,0,never_instantiated,0,,,,,0,0,lineitem,partsupp,442524,0,never_instantiated,0,,,,,0,0,,,,,,,,,,,,,,,,,,,,,,,,,,,,,,,,,,,,,,,,,,,,,,,,
Q10,4,14,1,0.62,,nation,25,0,never_instantiated,0,,,,,0,0,customer,,1147084,0,never_instantiated,0,,,,,0,0,lineitem,orders,491924,0,never_instantiated,0,,,,,0,0,,,,,,,,,,,,,,,,,,,,,,,,,,,,,,,,,,,,,,,,,,,,,,,,,,,,,,,,,,,,,,,,,,,,,,,,
Q11,4,14,1,0.21,partsupp,,4049,0,never_instantiated,0,,,,,0,0,supplier,nation,1,0,never_instantiated,0,,,,,0,0,partsupp,,4049,0,never_instantiated,0,,,,,0,0,supplier,nation,1,0,never_instantiated,0,,,,,0,0,,,,,,,,,,,,,,,,,,,,,,,,,,,,,,,,,,,,,,,,,,,,,,,,,,,,,,,,,,,,
Q12,4,14,1,0.41,orders,lineitem,310803,0,never_instantiated,0,,,,,0,0,,,,,,,,,,,,,,,,,,,,,,,,,,,,,,,,,,,,,,,,,,,,,,,,,,,,,,,,,,,,,,,,,,,,,,,,,,,,,,,,,,,,,,,,,,,,,,,,
Q13,4,14,1,0.93,orders,customer,1500000,0,never_instantiated,0,,,,,0,0,,,,,,,,,,,,,,,,,,,,,,,,,,,,,,,,,,,,,,,,,,,,,,,,,,,,,,,,,,,,,,,,,,,,,,,,,,,,,,,,,,,,,,,,,,,,,,,,
Q14,4,14,1,0.41,lineitem,part,625272,0,never_instantiated,0,,,,,0,0,,,,,,,,,,,,,,,,,,,,,,,,,,,,,,,,,,,,,,,,,,,,,,,,,,,,,,,,,,,,,,,,,,,,,,,,,,,,,,,,,,,,,,,,,,,,,,,,
Q15,4,14,1,0.41,,,1,0,never_instantiated,0,,,,,0,0,supplier,,100000,0,never_instantiated,0,,,,,0,0,,,,,,,,,,,,,,,,,,,,,,,,,,,,,,,,,,,,,,,,,,,,,,,,,,,,,,,,,,,,,,,,,,,,,,,,,,,,,,,,,,,,
Q16,4,14,1,0.31,,supplier,56,0,never_instantiated,0,,,,,0,0,partsupp,,296824,0,never_instantiated,0,,,,,0,0,part,,8,0,never_instantiated,0,,,,,0,0,,,,,,,,,,,,,,,,,,,,,,,,,,,,,,,,,,,,,,,,,,,,,,,,,,,,,,,,,,,,,,,,,,,,,,,,
Q17,4,14,1,0.52,lineitem,part,2044,0,never_instantiated,0,,,,,0,0,,,61385,0,never_instantiated,0,,,,,0,0,lineitem,,2044,0,never_instantiated,0,,,,,0,0,,,,,,,,,,,,,,,,,,,,,,,,,,,,,,,,,,,,,,,,,,,,,,,,,,,,,,,,,,,,,,,,,,,,,,,,
Q18,4,14,1,2.16,,lineitem,624,0,never_instantiated,0,,,,,0,0,,customer,1499999,0,never_instantiated,0,,,,,0,0,lineitem,orders,15000000,0,never_instantiated,0,,,,,0,0,,,,,,,,,,,,,,,,,,,,,,,,,,,,,,,,,,,,,,,,,,,,,,,,,,,,,,,,,,,,,,,,,,,,,,,,
Q19,4,14,1,0.62,lineitem,part,1320315,0,never_instantiated,0,,,,,0,0,,,,,,,,,,,,,,,,,,,,,,,,,,,,,,,,,,,,,,,,,,,,,,,,,,,,,,,,,,,,,,,,,,,,,,,,,,,,,,,,,,,,,,,,,,,,,,,,
Q20,4,14,1,0.52,,,2398,0,never_instantiated,0,,,,,0,0,partsupp,part,3482,0,never_instantiated,0,,,,,0,0,,,3671,0,never_instantiated,0,,,,,0,0,lineitem,,3671,0,never_instantiated,0,,,,,0,0,supplier,nation,1,0,never_instantiated,0,,,,,0,0,,,,,,,,,,,,,,,,,,,,,,,,,,,,,,,,,,,,,,,,,,,,,,,,
Q21,4,14,1,1.33,,nation,1,0,never_instantiated,0,,,,,0,0,,supplier,4010,0,never_instantiated,0,,,,,0,0,lineitem,orders,734605,0,never_instantiated,0,,,,,0,0,,,734523,0,never_instantiated,0,,,,,0,0,lineitem,,734511,0,never_instantiated,0,,,,,0,0,,,707593,0,never_instantiated,0,,,,,0,0,lineitem,,707581,0,never_instantiated,0,,,,,0,0,,,,,,,,,,,,,,,,,,,,,,,,
Q22,4,14,1,0.31,,,190691,0,never_instantiated,0,,,,,0,0,orders,,190691,0,never_instantiated,0,,,,,0,0,,,,,,,,,,,,,,,,,,,,,,,,,,,,,,,,,,,,,,,,,,,,,,,,,,,,,,,,,,,,,,,,,,,,,,,,,,,,,,,,,,,,
Q01,4,15,1,0.52,,,,,,,,,,,,,,,,,,,,,,,,,,,,,,,,,,,,,,,,,,,,,,,,,,,,,,,,,,,,,,,,,,,,,,,,,,,,,,,,,,,,,,,,,,,,,,,,,,,,,,,,,,,,
Q02,4,15,1,0.21,,region,1,0,never_instantiated,0,,,,,0,0,,nation,5,0,never_instantiated,0,,,,,0,0,,part,4684,0,never_instantiated,0,,,,,0,0,partsupp,supplier,7360,0,never_instantiated,0,,,,,0,0,,,6351,0,never_instantiated,0,,,,,0,0,,,4667,0,never_instantiated,0,,,,,0,0,,region,1,0,never_instantiated,0,,,,,0,0,,nation,5,0,never_instantiated,0,,,,,0,0,partsupp,supplier,20033,0,never_instantiated,0,,,,,0,0
Q03,4,15,1,0.41,,customer,85173,0,never_instantiated,0,,,,,0,0,lineitem,orders,114116,0,never_instantiated,0,,,,,0,0,,,,,,,,,,,,,,,,,,,,,,,,,,,,,,,,,,,,,,,,,,,,,,,,,,,,,,,,,,,,,,,,,,,,,,,,,,,,,,,,,,,,
Q04,4,15,1,0.52,,,573671,0,never_instantiated,0,,,,,0,0,lineitem,,573671,0,never_instantiated,0,,,,,0,0,,,,,,,,,,,,,,,,,,,,,,,,,,,,,,,,,,,,,,,,,,,,,,,,,,,,,,,,,,,,,,,,,,,,,,,,,,,,,,,,,,,,
Q05,4,15,1,0.93,,customer,866340,0,never_instantiated,0,,,,,0,0,,region,1,0,never_instantiated,0,,,,,0,0,,orders,2275919,0,never_instantiated,0,,,,,0,0,,nation,5,0,never_instantiated,0,,,,,0,0,lineitem,supplier,20037,0,never_instantiated,0,,,,,0,0,,,,,,,,,,,,,,,,,,,,,,,,,,,,,,,,,,,,,,,,,,,,,,,,
Q06,4,15,1,0.31,,,,,,,,,,,,,,,,,,,,,,,,,,,,,,,,,,,,,,,,,,,,,,,,,,,,,,,,,,,,,,,,,,,,,,,,,,,,,,,,,,,,,,,,,,,,,,,,,,,,,,,,,,,,
Q07,4,15,1,0.52,,nation,2,0,never_instantiated,0,,,,,0,0,,nation,2,0,never_instantiated,0,,,,,0,0,,customer,56389,0,never_instantiated,0,,,,,0,0,orders,,119259,0,never_instantiated,0,,,,,0,0,lineitem,supplier,8010,0,never_instantiated,0,,,,,0,0,,,,,,,,,,,,,,,,,,,,,,,,,,,,,,,,,,,,,,,,,,,,,,,,
Q08,4,15,1,0.52,,region,1,0,never_instantiated,0,,,,,0,0,,nation,5,0,never_instantiated,0,,,,,0,0,customer,,24276,0,never_instantiated,0,,,,,0,0,,nation,25,0,never_instantiated,0,,,,,0,0,,supplier,20303,0,never_instantiated,0,,,,,0,0,,part,11282,0,never_instantiated,0,,,,,0,0,lineitem,orders,28313,0,never_instantiated,0,,,,,0,0,,,,,,,,,,,,,,,,,,,,,,,,
Q09,4,15,1,0.93,,nation,25,0,never_instantiated,0,,,,,0,0,,partsupp,442524,0,never_instantiated,0,,,,,0,0,,part,108782,0,never_instantiated,0,,,,,0,0,,orders,2980802,0,never_instantiated,0,,,,,0,0,lineitem,supplier,99262,0,never_instantiated,0,,,,,0,0,,,,,,,,,,,,,,,,,,,,,,,,,,,,,,,,,,,,,,,,,,,,,,,,
Q10,4,15,1,0.62,,nation,25,0,never_instantiated,0,,,,,0,0,customer,,1147084,0,never_instantiated,0,,,,,0,0,lineitem,orders,491924,0,never_instantiated,0,,,,,0,0,,,,,,,,,,,,,,,,,,,,,,,,,,,,,,,,,,,,,,,,,,,,,,,,,,,,,,,,,,,,,,,,,,,,,,,,
Q11,4,15,1,0.21,,nation,1,0,never_instantiated,0,,,,,0,0,partsupp,supplier,4049,0,never_instantiated,0,,,,,0,0,,nation,1,0,never_instantiated,0,,,,,0,0,partsupp,supplier,4049,0,never_instantiated,0,,,,,0,0,,,,,,,,,,,,,,,,,,,,,,,,,,,,,,,,,,,,,,,,,,,,,,,,,,,,,,,,,,,,
Q12,4,15,1,0.41,orders,lineitem,310803,0,never_instantiated,0,,,,,0,0,,,,,,,,,,,,,,,,,,,,,,,,,,,,,,,,,,,,,,,,,,,,,,,,,,,,,,,,,,,,,,,,,,,,,,,,,,,,,,,,,,,,,,,,,,,,,,,,
Q13,4,15,1,0.93,orders,customer,1500000,0,never_instantiated,0,,,,,0,0,,,,,,,,,,,,,,,,,,,,,,,,,,,,,,,,,,,,,,,,,,,,,,,,,,,,,,,,,,,,,,,,,,,,,,,,,,,,,,,,,,,,,,,,,,,,,,,,
Q14,4,15,1,0.41,lineitem,part,625272,0,never_instantiated,0,,,,,0,0,,,,,,,,,,,,,,,,,,,,,,,,,,,,,,,,,,,,,,,,,,,,,,,,,,,,,,,,,,,,,,,,,,,,,,,,,,,,,,,,,,,,,,,,,,,,,,,,
Q15,4,15,1,0.41,,,1,0,never_instantiated,0,,,,,0,0,supplier,,100000,0,never_instantiated,0,,,,,0,0,,,,,,,,,,,,,,,,,,,,,,,,,,,,,,,,,,,,,,,,,,,,,,,,,,,,,,,,,,,,,,,,,,,,,,,,,,,,,,,,,,,,
Q16,4,15,1,0.31,,supplier,56,0,never_instantiated,0,,,,,0,0,partsupp,,296824,0,never_instantiated,0,,,,,0,0,part,,8,0,never_instantiated,0,,,,,0,0,,,,,,,,,,,,,,,,,,,,,,,,,,,,,,,,,,,,,,,,,,,,,,,,,,,,,,,,,,,,,,,,,,,,,,,,
Q17,4,15,1,0.52,lineitem,part,2044,0,never_instantiated,0,,,,,0,0,,,61385,0,never_instantiated,0,,,,,0,0,lineitem,,2044,0,never_instantiated,0,,,,,0,0,,,,,,,,,,,,,,,,,,,,,,,,,,,,,,,,,,,,,,,,,,,,,,,,,,,,,,,,,,,,,,,,,,,,,,,,
Q18,4,15,1,2.16,,lineitem,624,0,never_instantiated,0,,,,,0,0,,customer,1499999,0,never_instantiated,0,,,,,0,0,lineitem,orders,15000000,0,never_instantiated,0,,,,,0,0,,,,,,,,,,,,,,,,,,,,,,,,,,,,,,,,,,,,,,,,,,,,,,,,,,,,,,,,,,,,,,,,,,,,,,,,
Q19,4,15,1,0.52,lineitem,part,1320315,0,never_instantiated,0,,,,,0,0,,,,,,,,,,,,,,,,,,,,,,,,,,,,,,,,,,,,,,,,,,,,,,,,,,,,,,,,,,,,,,,,,,,,,,,,,,,,,,,,,,,,,,,,,,,,,,,,
Q20,4,15,1,0.52,,,2398,0,never_instantiated,0,,,,,0,0,partsupp,part,3482,0,never_instantiated,0,,,,,0,0,,,3671,0,never_instantiated,0,,,,,0,0,lineitem,,3671,0,never_instantiated,0,,,,,0,0,supplier,nation,1,0,never_instantiated,0,,,,,0,0,,,,,,,,,,,,,,,,,,,,,,,,,,,,,,,,,,,,,,,,,,,,,,,,
Q21,4,15,1,1.33,,nation,1,0,never_instantiated,0,,,,,0,0,,orders,734605,0,never_instantiated,0,,,,,0,0,lineitem,supplier,4010,0,never_instantiated,0,,,,,0,0,,,734523,0,never_instantiated,0,,,,,0,0,lineitem,,734511,0,never_instantiated,0,,,,,0,0,,,707593,0,never_instantiated,0,,,,,0,0,lineitem,,707581,0,never_instantiated,0,,,,,0,0,,,,,,,,,,,,,,,,,,,,,,,,
Q22,4,15,1,0.31,,,190691,0,never_instantiated,0,,,,,0,0,orders,,190691,0,never_instantiated,0,,,,,0,0,,,,,,,,,,,,,,,,,,,,,,,,,,,,,,,,,,,,,,,,,,,,,,,,,,,,,,,,,,,,,,,,,,,,,,,,,,,,,,,,,,,,
Q01,4,16,1,0.52,,,,,,,,,,,,,,,,,,,,,,,,,,,,,,,,,,,,,,,,,,,,,,,,,,,,,,,,,,,,,,,,,,,,,,,,,,,,,,,,,,,,,,,,,,,,,,,,,,,,,,,,,,,,
Q02,4,16,1,0.21,,region,1,0,never_instantiated,0,,,,,0,0,,nation,5,0,never_instantiated,0,,,,,0,0,supplier,,6362,0,never_instantiated,0,,,,,0,0,partsupp,part,4684,0,never_instantiated,0,,,,,0,0,,,6351,0,never_instantiated,0,,,,,0,0,,,4667,0,never_instantiated,0,,,,,0,0,partsupp,,20033,0,never_instantiated,0,,,,,0,0,,region,1,0,never_instantiated,0,,,,,0,0,supplier,nation,5,0,never_instantiated,0,,,,,0,0
Q03,4,16,1,0.82,,customer,300275,0,never_instantiated,0,,,,,0,0,lineitem,orders,7289442,0,never_instantiated,0,,,,,0,0,,,,,,,,,,,,,,,,,,,,,,,,,,,,,,,,,,,,,,,,,,,,,,,,,,,,,,,,,,,,,,,,,,,,,,,,,,,,,,,,,,,,
Q04,4,16,1,0.52,,,573671,0,never_instantiated,0,,,,,0,0,lineitem,,573671,0,never_instantiated,0,,,,,0,0,,,,,,,,,,,,,,,,,,,,,,,,,,,,,,,,,,,,,,,,,,,,,,,,,,,,,,,,,,,,,,,,,,,,,,,,,,,,,,,,,,,,
Q05,4,16,1,0.82,,region,1,0,never_instantiated,0,,,,,0,0,,nation,5,0,never_instantiated,0,,,,,0,0,,customer,300270,0,never_instantiated,0,,,,,0,0,,supplier,20037,0,never_instantiated,0,,,,,0,0,lineitem,orders,2275919,0,never_instantiated,0,,,,,0,0,,,,,,,,,,,,,,,,,,,,,,,,,,,,,,,,,,,,,,,,,,,,,,,,
Q06,4,16,1,0.31,,,,,,,,,,,,,,,,,,,,,,,,,,,,,,,,,,,,,,,,,,,,,,,,,,,,,,,,,,,,,,,,,,,,,,,,,,,,,,,,,,,,,,,,,,,,,,,,,,,,,,,,,,,,
Q07,4,16,1,0.41,,nation,2,0,never_instantiated,0,,,,,0,0,,customer,56389,0,never_instantiated,0,,,,,0,0,,nation,2,0,never_instantiated,0,,,,,0,0,,supplier,8010,0,never_instantiated,0,,,,,0,0,lineitem,orders,105149,0,never_instantiated,0,,,,,0,0,,,,,,,,,,,,,,,,,,,,,,,,,,,,,,,,,,,,,,,,,,,,,,,,
Q08,4,16,1,0.52,,region,1,0,never_instantiated,0,,,,,0,0,,nation,5,0,never_instantiated,0,,,,,0,0,customer,,24276,0,never_instantiated,0,,,,,0,0,orders,,24717,0,never_instantiated,0,,,,,0,0,,nation,25,0,never_instantiated,0,,,,,0,0,,supplier,20303,0,never_instantiated,0,,,,,0,0,lineitem,part,11282,0,never_instantiated,0,,,,,0,0,,,,,,,,,,,,,,,,,,,,,,,,
Q09,4,16,1,0.93,,nation,25,0,never_instantiated,0,,,,,0,0,,supplier,99262,0,never_instantiated,0,,,,,0,0,,partsupp,442524,0,never_instantiated,0,,,,,0,0,,part,108782,0,never_instantiated,0,,,,,0,0,lineitem,orders,2980802,0,never_instantiated,0,,,,,0,0,,,,,,,,,,,,,,,,,,,,,,,,,,,,,,,,,,,,,,,,,,,,,,,,
Q10,4,16,1,0.62,,nation,25,0,never_instantiated,0,,,,,0,0,customer,,1147084,0,never_instantiated,0,,,,,0,0,lineitem,orders,491924,0,never_instantiated,0,,,,,0,0,,,,,,,,,,,,,,,,,,,,,,,,,,,,,,,,,,,,,,,,,,,,,,,,,,,,,,,,,,,,,,,,,,,,,,,,
Q11,4,16,1,0.21,partsupp,,4049,0,never_instantiated,0,,,,,0,0,supplier,nation,1,0,never_instantiated,0,,,,,0,0,partsupp,,4049,0,never_instantiated,0,,,,,0,0,supplier,nation,1,0,never_instantiated,0,,,,,0,0,,,,,,,,,,,,,,,,,,,,,,,,,,,,,,,,,,,,,,,,,,,,,,,,,,,,,,,,,,,,
Q12,4,16,1,0.41,orders,lineitem,310803,0,never_instantiated,0,,,,,0,0,,,,,,,,,,,,,,,,,,,,,,,,,,,,,,,,,,,,,,,,,,,,,,,,,,,,,,,,,,,,,,,,,,,,,,,,,,,,,,,,,,,,,,,,,,,,,,,,
Q13,4,16,1,0.93,orders,customer,1500000,0,never_instantiated,0,,,,,0,0,,,,,,,,,,,,,,,,,,,,,,,,,,,,,,,,,,,,,,,,,,,,,,,,,,,,,,,,,,,,,,,,,,,,,,,,,,,,,,,,,,,,,,,,,,,,,,,,
Q14,4,16,1,0.41,lineitem,part,625272,0,never_instantiated,0,,,,,0,0,,,,,,,,,,,,,,,,,,,,,,,,,,,,,,,,,,,,,,,,,,,,,,,,,,,,,,,,,,,,,,,,,,,,,,,,,,,,,,,,,,,,,,,,,,,,,,,,
Q15,4,16,1,0.41,,,1,0,never_instantiated,0,,,,,0,0,supplier,,100000,0,never_instantiated,0,,,,,0,0,,,,,,,,,,,,,,,,,,,,,,,,,,,,,,,,,,,,,,,,,,,,,,,,,,,,,,,,,,,,,,,,,,,,,,,,,,,,,,,,,,,,
Q16,4,16,1,0.31,,supplier,56,0,never_instantiated,0,,,,,0,0,partsupp,,296824,0,never_instantiated,0,,,,,0,0,part,,8,0,never_instantiated,0,,,,,0,0,,,,,,,,,,,,,,,,,,,,,,,,,,,,,,,,,,,,,,,,,,,,,,,,,,,,,,,,,,,,,,,,,,,,,,,,
Q17,4,16,1,0.51,lineitem,part,2044,0,never_instantiated,0,,,,,0,0,,,61385,0,never_instantiated,0,,,,,0,0,lineitem,,2044,0,never_instantiated,0,,,,,0,0,,,,,,,,,,,,,,,,,,,,,,,,,,,,,,,,,,,,,,,,,,,,,,,,,,,,,,,,,,,,,,,,,,,,,,,,
Q18,4,16,1,2.16,,lineitem,624,0,never_instantiated,0,,,,,0,0,,customer,1499999,0,never_instantiated,0,,,,,0,0,lineitem,orders,15000000,0,never_instantiated,0,,,,,0,0,,,,,,,,,,,,,,,,,,,,,,,,,,,,,,,,,,,,,,,,,,,,,,,,,,,,,,,,,,,,,,,,,,,,,,,,
Q19,4,16,1,0.62,lineitem,part,1320315,0,never_instantiated,0,,,,,0,0,,,,,,,,,,,,,,,,,,,,,,,,,,,,,,,,,,,,,,,,,,,,,,,,,,,,,,,,,,,,,,,,,,,,,,,,,,,,,,,,,,,,,,,,,,,,,,,,
Q20,4,16,1,0.52,,,2398,0,never_instantiated,0,,,,,0,0,partsupp,part,3482,0,never_instantiated,0,,,,,0,0,,,3671,0,never_instantiated,0,,,,,0,0,lineitem,,3671,0,never_instantiated,0,,,,,0,0,supplier,nation,1,0,never_instantiated,0,,,,,0,0,,,,,,,,,,,,,,,,,,,,,,,,,,,,,,,,,,,,,,,,,,,,,,,,
Q21,4,16,1,1.34,,nation,1,0,never_instantiated,0,,,,,0,0,,supplier,4010,0,never_instantiated,0,,,,,0,0,lineitem,orders,734605,0,never_instantiated,0,,,,,0,0,,,734523,0,never_instantiated,0,,,,,0,0,lineitem,,734511,0,never_instantiated,0,,,,,0,0,,,707593,0,never_instantiated,0,,,,,0,0,lineitem,,707581,0,never_instantiated,0,,,,,0,0,,,,,,,,,,,,,,,,,,,,,,,,
Q22,4,16,1,0.31,,,190691,0,never_instantiated,0,,,,,0,0,orders,,190691,0,never_instantiated,0,,,,,0,0,,,,,,,,,,,,,,,,,,,,,,,,,,,,,,,,,,,,,,,,,,,,,,,,,,,,,,,,,,,,,,,,,,,,,,,,,,,,,,,,,,,,
Q01,4,17,1,0.52,,,,,,,,,,,,,,,,,,,,,,,,,,,,,,,,,,,,,,,,,,,,,,,,,,,,,,,,,,,,,,,,,,,,,,,,,,,,,,,,,,,,,,,,,,,,,,,,,,,,,,,,,,,,
Q02,4,17,1,0.21,,region,1,0,never_instantiated,0,,,,,0,0,,nation,5,0,never_instantiated,0,,,,,0,0,,part,4684,0,never_instantiated,0,,,,,0,0,partsupp,supplier,7360,0,never_instantiated,0,,,,,0,0,,,6351,0,never_instantiated,0,,,,,0,0,,,4667,0,never_instantiated,0,,,,,0,0,partsupp,,20033,0,never_instantiated,0,,,,,0,0,,region,1,0,never_instantiated,0,,,,,0,0,supplier,nation,5,0,never_instantiated,0,,,,,0,0
Q03,4,17,1,0.41,,customer,85173,0,never_instantiated,0,,,,,0,0,lineitem,orders,114116,0,never_instantiated,0,,,,,0,0,,,,,,,,,,,,,,,,,,,,,,,,,,,,,,,,,,,,,,,,,,,,,,,,,,,,,,,,,,,,,,,,,,,,,,,,,,,,,,,,,,,,
Q04,4,17,1,0.52,,,573671,0,never_instantiated,0,,,,,0,0,lineitem,,573671,0,never_instantiated,0,,,,,0,0,,,,,,,,,,,,,,,,,,,,,,,,,,,,,,,,,,,,,,,,,,,,,,,,,,,,,,,,,,,,,,,,,,,,,,,,,,,,,,,,,,,,
Q05,4,17,1,0.82,,region,1,0,never_instantiated,0,,,,,0,0,,customer,1499999,0,never_instantiated,0,,,,,0,0,,nation,5,0,never_instantiated,0,,,,,0,0,,orders,2275919,0,never_instantiated,0,,,,,0,0,lineitem,supplier,20037,0,never_instantiated,0,,,,,0,0,,,,,,,,,,,,,,,,,,,,,,,,,,,,,,,,,,,,,,,,,,,,,,,,
Q06,4,17,1,0.31,,,,,,,,,,,,,,,,,,,,,,,,,,,,,,,,,,,,,,,,,,,,,,,,,,,,,,,,,,,,,,,,,,,,,,,,,,,,,,,,,,,,,,,,,,,,,,,,,,,,,,,,,,,,
Q07,4,17,1,0.52,,nation,2,0,never_instantiated,0,,,,,0,0,,nation,2,0,never_instantiated,0,,,,,0,0,,customer,56389,0,never_instantiated,0,,,,,0,0,orders,,119259,0,never_instantiated,0,,,,,0,0,lineitem,supplier,8010,0,never_instantiated,0,,,,,0,0,,,,,,,,,,,,,,,,,,,,,,,,,,,,,,,,,,,,,,,,,,,,,,,,
Q08,4,17,1,0.52,,nation,25,0,never_instantiated,0,,,,,0,0,,region,1,0,never_instantiated,0,,,,,0,0,,nation,5,0,never_instantiated,0,,,,,0,0,customer,,24276,0,never_instantiated,0,,,,,0,0,orders,,24717,0,never_instantiated,0,,,,,0,0,,part,11282,0,never_instantiated,0,,,,,0,0,lineitem,supplier,20303,0,never_instantiated,0,,,,,0,0,,,,,,,,,,,,,,,,,,,,,,,,
Q09,4,17,1,0.93,,partsupp,442524,0,never_instantiated,0,,,,,0,0,,orders,2980802,0,never_instantiated,0,,,,,0,0,,nation,25,0,never_instantiated,0,,,,,0,0,,supplier,99262,0,never_instantiated,0,,,,,0,0,lineitem,part,108782,0,never_instantiated,0,,,,,0,0,,,,,,,,,,,,,,,,,,,,,,,,,,,,,,,,,,,,,,,,,,,,,,,,
Q10,4,17,1,0.62,,nation,25,0,never_instantiated,0,,,,,0,0,customer,,1147084,0,never_instantiated,0,,,,,0,0,lineitem,orders,491924,0,never_instantiated,0,,,,,0,0,,,,,,,,,,,,,,,,,,,,,,,,,,,,,,,,,,,,,,,,,,,,,,,,,,,,,,,,,,,,,,,,,,,,,,,,
Q11,4,17,1,0.21,,nation,1,0,never_instantiated,0,,,,,0,0,partsupp,supplier,4049,0,never_instantiated,0,,,,,0,0,,nation,1,0,never_instantiated,0,,,,,0,0,partsupp,supplier,4049,0,never_instantiated,0,,,,,0,0,,,,,,,,,,,,,,,,,,,,,,,,,,,,,,,,,,,,,,,,,,,,,,,,,,,,,,,,,,,,
Q12,4,17,1,0.41,orders,lineitem,310803,0,never_instantiated,0,,,,,0,0,,,,,,,,,,,,,,,,,,,,,,,,,,,,,,,,,,,,,,,,,,,,,,,,,,,,,,,,,,,,,,,,,,,,,,,,,,,,,,,,,,,,,,,,,,,,,,,,
Q13,4,17,1,0.93,orders,customer,1500000,0,never_instantiated,0,,,,,0,0,,,,,,,,,,,,,,,,,,,,,,,,,,,,,,,,,,,,,,,,,,,,,,,,,,,,,,,,,,,,,,,,,,,,,,,,,,,,,,,,,,,,,,,,,,,,,,,,
Q14,4,17,1,0.41,lineitem,part,625272,0,never_instantiated,0,,,,,0,0,,,,,,,,,,,,,,,,,,,,,,,,,,,,,,,,,,,,,,,,,,,,,,,,,,,,,,,,,,,,,,,,,,,,,,,,,,,,,,,,,,,,,,,,,,,,,,,,
Q15,4,17,1,0.41,,,1,0,never_instantiated,0,,,,,0,0,supplier,,100000,0,never_instantiated,0,,,,,0,0,,,,,,,,,,,,,,,,,,,,,,,,,,,,,,,,,,,,,,,,,,,,,,,,,,,,,,,,,,,,,,,,,,,,,,,,,,,,,,,,,,,,
Q16,4,17,1,0.31,,supplier,56,0,never_instantiated,0,,,,,0,0,partsupp,,296824,0,never_instantiated,0,,,,,0,0,part,,8,0,never_instantiated,0,,,,,0,0,,,,,,,,,,,,,,,,,,,,,,,,,,,,,,,,,,,,,,,,,,,,,,,,,,,,,,,,,,,,,,,,,,,,,,,,
Q17,4,17,1,0.52,lineitem,part,2044,0,never_instantiated,0,,,,,0,0,,,61385,0,never_instantiated,0,,,,,0,0,lineitem,,2044,0,never_instantiated,0,,,,,0,0,,,,,,,,,,,,,,,,,,,,,,,,,,,,,,,,,,,,,,,,,,,,,,,,,,,,,,,,,,,,,,,,,,,,,,,,
Q18,4,17,1,2.16,,lineitem,624,0,never_instantiated,0,,,,,0,0,,customer,1499999,0,never_instantiated,0,,,,,0,0,lineitem,orders,15000000,0,never_instantiated,0,,,,,0,0,,,,,,,,,,,,,,,,,,,,,,,,,,,,,,,,,,,,,,,,,,,,,,,,,,,,,,,,,,,,,,,,,,,,,,,,
Q19,4,17,1,0.52,lineitem,part,1320315,0,never_instantiated,0,,,,,0,0,,,,,,,,,,,,,,,,,,,,,,,,,,,,,,,,,,,,,,,,,,,,,,,,,,,,,,,,,,,,,,,,,,,,,,,,,,,,,,,,,,,,,,,,,,,,,,,,
Q20,4,17,1,0.52,,,2398,0,never_instantiated,0,,,,,0,0,partsupp,part,3482,0,never_instantiated,0,,,,,0,0,,,3671,0,never_instantiated,0,,,,,0,0,lineitem,,3671,0,never_instantiated,0,,,,,0,0,supplier,nation,1,0,never_instantiated,0,,,,,0,0,,,,,,,,,,,,,,,,,,,,,,,,,,,,,,,,,,,,,,,,,,,,,,,,
Q21,4,17,1,1.34,,nation,1,0,never_instantiated,0,,,,,0,0,,orders,734605,0,never_instantiated,0,,,,,0,0,lineitem,supplier,4010,0,never_instantiated,0,,,,,0,0,,,734523,0,never_instantiated,0,,,,,0,0,lineitem,,734511,0,never_instantiated,0,,,,,0,0,,,707593,0,never_instantiated,0,,,,,0,0,lineitem,,707581,0,never_instantiated,0,,,,,0,0,,,,,,,,,,,,,,,,,,,,,,,,
Q22,4,17,1,0.31,,,190691,0,never_instantiated,0,,,,,0,0,orders,,190691,0,never_instantiated,0,,,,,0,0,,,,,,,,,,,,,,,,,,,,,,,,,,,,,,,,,,,,,,,,,,,,,,,,,,,,,,,,,,,,,,,,,,,,,,,,,,,,,,,,,,,,
Q01,4,18,1,0.52,,,,,,,,,,,,,,,,,,,,,,,,,,,,,,,,,,,,,,,,,,,,,,,,,,,,,,,,,,,,,,,,,,,,,,,,,,,,,,,,,,,,,,,,,,,,,,,,,,,,,,,,,,,,
Q02,4,18,1,0.21,,region,1,0,never_instantiated,0,,,,,0,0,,nation,5,0,never_instantiated,0,,,,,0,0,supplier,,6362,0,never_instantiated,0,,,,,0,0,partsupp,part,4684,0,never_instantiated,0,,,,,0,0,,,6351,0,never_instantiated,0,,,,,0,0,,,4667,0,never_instantiated,0,,,,,0,0,,region,1,0,never_instantiated,0,,,,,0,0,,nation,5,0,never_instantiated,0,,,,,0,0,partsupp,supplier,20033,0,never_instantiated,0,,,,,0,0
Q03,4,18,1,0.41,,customer,85173,0,never_instantiated,0,,,,,0,0,lineitem,orders,114116,0,never_instantiated,0,,,,,0,0,,,,,,,,,,,,,,,,,,,,,,,,,,,,,,,,,,,,,,,,,,,,,,,,,,,,,,,,,,,,,,,,,,,,,,,,,,,,,,,,,,,,
Q04,4,18,1,0.52,,,573671,0,never_instantiated,0,,,,,0,0,lineitem,,573671,0,never_instantiated,0,,,,,0,0,,,,,,,,,,,,,,,,,,,,,,,,,,,,,,,,,,,,,,,,,,,,,,,,,,,,,,,,,,,,,,,,,,,,,,,,,,,,,,,,,,,,
Q05,4,18,1,0.93,,region,1,0,never_instantiated,0,,,,,0,0,,customer,1499999,0,never_instantiated,0,,,,,0,0,,nation,5,0,never_instantiated,0,,,,,0,0,,supplier,20037,0,never_instantiated,0,,,,,0,0,lineitem,orders,2275919,0,never_instantiated,0,,,,,0,0,,,,,,,,,,,,,,,,,,,,,,,,,,,,,,,,,,,,,,,,,,,,,,,,
Q06,4,18,1,0.31,,,,,,,,,,,,,,,,,,,,,,,,,,,,,,,,,,,,,,,,,,,,,,,,,,,,,,,,,,,,,,,,,,,,,,,,,,,,,,,,,,,,,,,,,,,,,,,,,,,,,,,,,,,,
Q07,4,18,1,0.41,,nation,2,0,never_instantiated,0,,,,,0,0,,nation,2,0,never_instantiated,0,,,,,0,0,,customer,56389,0,never_instantiated,0,,,,,0,0,,supplier,8010,0,never_instantiated,0,,,,,0,0,lineitem,orders,105149,0,never_instantiated,0,,,,,0,0,,,,,,,,,,,,,,,,,,,,,,,,,,,,,,,,,,,,,,,,,,,,,,,,
Q08,4,18,1,0.52,,region,1,0,never_instantiated,0,,,,,0,0,,part,11282,0,never_instantiated,0,,,,,0,0,,nation,25,0,never_instantiated,0,,,,,0,0,,nation,5,0,never_instantiated,0,,,,,0,0,,customer,26453,0,never_instantiated,0,,,,,0,0,,supplier,20303,0,never_instantiated,0,,,,,0,0,lineitem,orders,28313,0,never_instantiated,0,,,,,0,0,,,,,,,,,,,,,,,,,,,,,,,,
Q09,4,18,1,0.93,,part,108782,0,never_instantiated,0,,,,,0,0,,orders,2980802,0,never_instantiated,0,,,,,0,0,,nation,25,0,never_instantiated,0,,,,,0,0,,supplier,99262,0,never_instantiated,0,,,,,0,0,lineitem,partsupp,442524,0,never_instantiated,0,,,,,0,0,,,,,,,,,,,,,,,,,,,,,,,,,,,,,,,,,,,,,,,,,,,,,,,,
Q10,4,18,1,0.62,,nation,25,0,never_instantiated,0,,,,,0,0,customer,,1147084,0,never_instantiated,0,,,,,0,0,lineitem,orders,491924,0,never_instantiated,0,,,,,0,0,,,,,,,,,,,,,,,,,,,,,,,,,,,,,,,,,,,,,,,,,,,,,,,,,,,,,,,,,,,,,,,,,,,,,,,,
Q11,4,18,1,0.21,partsupp,,4049,0,never_instantiated,0,,,,,0,0,supplier,nation,1,0,never_instantiated,0,,,,,0,0,,nation,1,0,never_instantiated,0,,,,,0,0,partsupp,supplier,4049,0,never_instantiated,0,,,,,0,0,,,,,,,,,,,,,,,,,,,,,,,,,,,,,,,,,,,,,,,,,,,,,,,,,,,,,,,,,,,,
Q12,4,18,1,0.41,orders,lineitem,310803,0,never_instantiated,0,,,,,0,0,,,,,,,,,,,,,,,,,,,,,,,,,,,,,,,,,,,,,,,,,,,,,,,,,,,,,,,,,,,,,,,,,,,,,,,,,,,,,,,,,,,,,,,,,,,,,,,,
Q13,4,18,1,0.93,orders,customer,1500000,0,never_instantiated,0,,,,,0,0,,,,,,,,,,,,,,,,,,,,,,,,,,,,,,,,,,,,,,,,,,,,,,,,,,,,,,,,,,,,,,,,,,,,,,,,,,,,,,,,,,,,,,,,,,,,,,,,
Q14,4,18,1,0.41,lineitem,part,625272,0,never_instantiated,0,,,,,0,0,,,,,,,,,,,,,,,,,,,,,,,,,,,,,,,,,,,,,,,,,,,,,,,,,,,,,,,,,,,,,,,,,,,,,,,,,,,,,,,,,,,,,,,,,,,,,,,,
Q15,4,18,1,0.41,,,1,0,never_instantiated,0,,,,,0,0,supplier,,100000,0,never_instantiated,0,,,,,0,0,,,,,,,,,,,,,,,,,,,,,,,,,,,,,,,,,,,,,,,,,,,,,,,,,,,,,,,,,,,,,,,,,,,,,,,,,,,,,,,,,,,,
Q16,4,18,1,0.31,,supplier,56,0,never_instantiated,0,,,,,0,0,partsupp,,296824,0,never_instantiated,0,,,,,0,0,part,,8,0,never_instantiated,0,,,,,0,0,,,,,,,,,,,,,,,,,,,,,,,,,,,,,,,,,,,,,,,,,,,,,,,,,,,,,,,,,,,,,,,,,,,,,,,,
Q17,4,18,1,0.52,lineitem,part,2044,0,never_instantiated,0,,,,,0,0,,,61385,0,never_instantiated,0,,,,,0,0,lineitem,,2044,0,never_instantiated,0,,,,,0,0,,,,,,,,,,,,,,,,,,,,,,,,,,,,,,,,,,,,,,,,,,,,,,,,,,,,,,,,,,,,,,,,,,,,,,,,
Q18,4,18,1,2.16,,lineitem,624,0,never_instantiated,0,,,,,0,0,,customer,1499999,0,never_instantiated,0,,,,,0,0,lineitem,orders,15000000,0,never_instantiated,0,,,,,0,0,,,,,,,,,,,,,,,,,,,,,,,,,,,,,,,,,,,,,,,,,,,,,,,,,,,,,,,,,,,,,,,,,,,,,,,,
Q19,4,18,1,0.52,lineitem,part,1320315,0,never_instantiated,0,,,,,0,0,,,,,,,,,,,,,,,,,,,,,,,,,,,,,,,,,,,,,,,,,,,,,,,,,,,,,,,,,,,,,,,,,,,,,,,,,,,,,,,,,,,,,,,,,,,,,,,,
Q20,4,18,1,0.52,,,2398,0,never_instantiated,0,,,,,0,0,partsupp,part,3482,0,never_instantiated,0,,,,,0,0,,,3671,0,never_instantiated,0,,,,,0,0,lineitem,,3671,0,never_instantiated,0,,,,,0,0,supplier,nation,1,0,never_instantiated,0,,,,,0,0,,,,,,,,,,,,,,,,,,,,,,,,,,,,,,,,,,,,,,,,,,,,,,,,
Q21,4,18,1,1.34,,nation,1,0,never_instantiated,0,,,,,0,0,,supplier,4010,0,never_instantiated,0,,,,,0,0,lineitem,orders,734605,0,never_instantiated,0,,,,,0,0,,,734523,0,never_instantiated,0,,,,,0,0,lineitem,,734511,0,never_instantiated,0,,,,,0,0,,,707593,0,never_instantiated,0,,,,,0,0,lineitem,,707581,0,never_instantiated,0,,,,,0,0,,,,,,,,,,,,,,,,,,,,,,,,
Q22,4,18,1,0.31,,,190691,0,never_instantiated,0,,,,,0,0,orders,,190691,0,never_instantiated,0,,,,,0,0,,,,,,,,,,,,,,,,,,,,,,,,,,,,,,,,,,,,,,,,,,,,,,,,,,,,,,,,,,,,,,,,,,,,,,,,,,,,,,,,,,,,
Q01,4,19,1,0.52,,,,,,,,,,,,,,,,,,,,,,,,,,,,,,,,,,,,,,,,,,,,,,,,,,,,,,,,,,,,,,,,,,,,,,,,,,,,,,,,,,,,,,,,,,,,,,,,,,,,,,,,,,,,
Q02,4,19,1,0.21,,region,1,0,never_instantiated,0,,,,,0,0,,part,4684,0,never_instantiated,0,,,,,0,0,,nation,5,0,never_instantiated,0,,,,,0,0,partsupp,supplier,7360,0,never_instantiated,0,,,,,0,0,,,6351,0,never_instantiated,0,,,,,0,0,,,4667,0,never_instantiated,0,,,,,0,0,,region,1,0,never_instantiated,0,,,,,0,0,,nation,5,0,never_instantiated,0,,,,,0,0,partsupp,supplier,20033,0,never_instantiated,0,,,,,0,0
Q03,4,19,1,0.41,,customer,85173,0,never_instantiated,0,,,,,0,0,lineitem,orders,114116,0,never_instantiated,0,,,,,0,0,,,,,,,,,,,,,,,,,,,,,,,,,,,,,,,,,,,,,,,,,,,,,,,,,,,,,,,,,,,,,,,,,,,,,,,,,,,,,,,,,,,,
Q04,4,19,1,0.52,,,573671,0,never_instantiated,0,,,,,0,0,lineitem,,573671,0,never_instantiated,0,,,,,0,0,,,,,,,,,,,,,,,,,,,,,,,,,,,,,,,,,,,,,,,,,,,,,,,,,,,,,,,,,,,,,,,,,,,,,,,,,,,,,,,,,,,,
Q05,4,19,1,9999999,,,,,,,,,,,,,,,,,,,,,,,,,,,,,,,,,,,,,,,,,,,,,,,,,,,,,,,,,,,,,,,,,,,,,,,,,,,,,,,,,,,,,,,,,,,,,,,,,,,,,,,,,,,,
Q06,4,19,1,0.31,,,,,,,,,,,,,,,,,,,,,,,,,,,,,,,,,,,,,,,,,,,,,,,,,,,,,,,,,,,,,,,,,,,,,,,,,,,,,,,,,,,,,,,,,,,,,,,,,,,,,,,,,,,,
Q07,4,19,1,0.52,,nation,2,0,never_instantiated,0,,,,,0,0,,customer,56389,0,never_instantiated,0,,,,,0,0,orders,,119259,0,never_instantiated,0,,,,,0,0,,nation,2,0,never_instantiated,0,,,,,0,0,lineitem,supplier,8010,0,never_instantiated,0,,,,,0,0,,,,,,,,,,,,,,,,,,,,,,,,,,,,,,,,,,,,,,,,,,,,,,,,
Q08,4,19,1,0.52,,region,1,0,never_instantiated,0,,,,,0,0,,nation,5,0,never_instantiated,0,,,,,0,0,,nation,25,0,never_instantiated,0,,,,,0,0,,supplier,20303,0,never_instantiated,0,,,,,0,0,customer,,24276,0,never_instantiated,0,,,,,0,0,orders,,24717,0,never_instantiated,0,,,,,0,0,lineitem,part,11282,0,never_instantiated,0,,,,,0,0,,,,,,,,,,,,,,,,,,,,,,,,
Q09,4,19,1,0.93,,nation,25,0,never_instantiated,0,,,,,0,0,,partsupp,442524,0,never_instantiated,0,,,,,0,0,,orders,2980802,0,never_instantiated,0,,,,,0,0,,part,108782,0,never_instantiated,0,,,,,0,0,lineitem,supplier,99262,0,never_instantiated,0,,,,,0,0,,,,,,,,,,,,,,,,,,,,,,,,,,,,,,,,,,,,,,,,,,,,,,,,
Q10,4,19,1,0.62,,nation,25,0,never_instantiated,0,,,,,0,0,customer,,1147084,0,never_instantiated,0,,,,,0,0,lineitem,orders,491924,0,never_instantiated,0,,,,,0,0,,,,,,,,,,,,,,,,,,,,,,,,,,,,,,,,,,,,,,,,,,,,,,,,,,,,,,,,,,,,,,,,,,,,,,,,
Q11,4,19,1,0.21,,nation,1,0,never_instantiated,0,,,,,0,0,partsupp,supplier,4049,0,never_instantiated,0,,,,,0,0,partsupp,,4049,0,never_instantiated,0,,,,,0,0,supplier,nation,1,0,never_instantiated,0,,,,,0,0,,,,,,,,,,,,,,,,,,,,,,,,,,,,,,,,,,,,,,,,,,,,,,,,,,,,,,,,,,,,
Q12,4,19,1,0.41,orders,lineitem,310803,0,never_instantiated,0,,,,,0,0,,,,,,,,,,,,,,,,,,,,,,,,,,,,,,,,,,,,,,,,,,,,,,,,,,,,,,,,,,,,,,,,,,,,,,,,,,,,,,,,,,,,,,,,,,,,,,,,
Q13,4,19,1,0.93,orders,customer,1500000,0,never_instantiated,0,,,,,0,0,,,,,,,,,,,,,,,,,,,,,,,,,,,,,,,,,,,,,,,,,,,,,,,,,,,,,,,,,,,,,,,,,,,,,,,,,,,,,,,,,,,,,,,,,,,,,,,,
Q14,4,19,1,0.31,lineitem,part,625272,0,never_instantiated,0,,,,,0,0,,,,,,,,,,,,,,,,,,,,,,,,,,,,,,,,,,,,,,,,,,,,,,,,,,,,,,,,,,,,,,,,,,,,,,,,,,,,,,,,,,,,,,,,,,,,,,,,
Q15,4,19,1,0.41,,,1,0,never_instantiated,0,,,,,0,0,supplier,,100000,0,never_instantiated,0,,,,,0,0,,,,,,,,,,,,,,,,,,,,,,,,,,,,,,,,,,,,,,,,,,,,,,,,,,,,,,,,,,,,,,,,,,,,,,,,,,,,,,,,,,,,
Q16,4,19,1,0.31,,supplier,56,0,never_instantiated,0,,,,,0,0,partsupp,,296824,0,never_instantiated,0,,,,,0,0,part,,8,0,never_instantiated,0,,,,,0,0,,,,,,,,,,,,,,,,,,,,,,,,,,,,,,,,,,,,,,,,,,,,,,,,,,,,,,,,,,,,,,,,,,,,,,,,
Q17,4,19,1,0.52,lineitem,part,2044,0,never_instantiated,0,,,,,0,0,,,61385,0,never_instantiated,0,,,,,0,0,lineitem,,2044,0,never_instantiated,0,,,,,0,0,,,,,,,,,,,,,,,,,,,,,,,,,,,,,,,,,,,,,,,,,,,,,,,,,,,,,,,,,,,,,,,,,,,,,,,,
Q18,4,19,1,2.16,,lineitem,624,0,never_instantiated,0,,,,,0,0,,customer,1499999,0,never_instantiated,0,,,,,0,0,lineitem,orders,15000000,0,never_instantiated,0,,,,,0,0,,,,,,,,,,,,,,,,,,,,,,,,,,,,,,,,,,,,,,,,,,,,,,,,,,,,,,,,,,,,,,,,,,,,,,,,
Q19,4,19,1,0.52,lineitem,part,1320315,0,never_instantiated,0,,,,,0,0,,,,,,,,,,,,,,,,,,,,,,,,,,,,,,,,,,,,,,,,,,,,,,,,,,,,,,,,,,,,,,,,,,,,,,,,,,,,,,,,,,,,,,,,,,,,,,,,
Q20,4,19,1,0.52,,,2398,0,never_instantiated,0,,,,,0,0,partsupp,part,3482,0,never_instantiated,0,,,,,0,0,,,3671,0,never_instantiated,0,,,,,0,0,lineitem,,3671,0,never_instantiated,0,,,,,0,0,supplier,nation,1,0,never_instantiated,0,,,,,0,0,,,,,,,,,,,,,,,,,,,,,,,,,,,,,,,,,,,,,,,,,,,,,,,,
Q21,4,19,1,1.34,orders,,1522366,0,never_instantiated,0,,,,,0,0,,nation,1,0,never_instantiated,0,,,,,0,0,lineitem,supplier,4010,0,never_instantiated,0,,,,,0,0,,,734523,0,never_instantiated,0,,,,,0,0,lineitem,,734511,0,never_instantiated,0,,,,,0,0,,,707593,0,never_instantiated,0,,,,,0,0,lineitem,,707581,0,never_instantiated,0,,,,,0,0,,,,,,,,,,,,,,,,,,,,,,,,
Q22,4,19,1,0.31,,,190691,0,never_instantiated,0,,,,,0,0,orders,,190691,0,never_instantiated,0,,,,,0,0,,,,,,,,,,,,,,,,,,,,,,,,,,,,,,,,,,,,,,,,,,,,,,,,,,,,,,,,,,,,,,,,,,,,,,,,,,,,,,,,,,,,
