query,case,seed,run_idx,runtime_seconds,Join1-probe,Join1-build,Join1-build_rows,Join1-instantiated,Join1-state,Join1-total_probes,Join1-probes_at_freeze,Join1-freeze_reason,Join1-probes_at_abandon,Join1-abandon_reason,Join1-inserts,Join1-u1,Join2-probe,Join2-build,Join2-build_rows,Join2-instantiated,Join2-state,Join2-total_probes,Join2-probes_at_freeze,Join2-freeze_reason,Join2-probes_at_abandon,Join2-abandon_reason,Join2-inserts,Join2-u1,Join3-probe,Join3-build,Join3-build_rows,Join3-instantiated,Join3-state,Join3-total_probes,Join3-probes_at_freeze,Join3-freeze_reason,Join3-probes_at_abandon,Join3-abandon_reason,Join3-inserts,Join3-u1,Join4-probe,Join4-build,Join4-build_rows,Join4-instantiated,Join4-state,Join4-total_probes,Join4-probes_at_freeze,Join4-freeze_reason,Join4-probes_at_abandon,Join4-abandon_reason,Join4-inserts,Join4-u1,Join5-probe,Join5-build,Join5-build_rows,Join5-instantiated,Join5-state,Join5-total_probes,Join5-probes_at_freeze,Join5-freeze_reason,Join5-probes_at_abandon,Join5-abandon_reason,Join5-inserts,Join5-u1,Join6-probe,Join6-build,Join6-build_rows,Join6-instantiated,Join6-state,Join6-total_probes,Join6-probes_at_freeze,Join6-freeze_reason,Join6-probes_at_abandon,Join6-abandon_reason,Join6-inserts,Join6-u1,Join7-probe,Join7-build,Join7-build_rows,Join7-instantiated,Join7-state,Join7-total_probes,Join7-probes_at_freeze,Join7-freeze_reason,Join7-probes_at_abandon,Join7-abandon_reason,Join7-inserts,Join7-u1,Join8-probe,Join8-build,Join8-build_rows,Join8-instantiated,Join8-state,Join8-total_probes,Join8-probes_at_freeze,Join8-freeze_reason,Join8-probes_at_abandon,Join8-abandon_reason,Join8-inserts,Join8-u1,Join9-probe,Join9-build,Join9-build_rows,Join9-instantiated,Join9-state,Join9-total_probes,Join9-probes_at_freeze,Join9-freeze_reason,Join9-probes_at_abandon,Join9-abandon_reason,Join9-inserts,Join9-u1
Q01,1,0,1,1.44,,,,,,,,,,,,,,,,,,,,,,,,,,,,,,,,,,,,,,,,,,,,,,,,,,,,,,,,,,,,,,,,,,,,,,,,,,,,,,,,,,,,,,,,,,,,,,,,,,,,,,,,,,,,
Q02,1,0,1,0.41,,region,1,0,never_instantiated,0,,,,,0,0,,nation,25,0,never_instantiated,0,,,,,0,0,supplier,,63560,0,never_instantiated,0,,,,,0,0,partsupp,part,15890,0,never_instantiated,0,,,,,0,0,,,12744,0,never_instantiated,0,,,,,0,0,,,9428,0,never_instantiated,0,,,,,0,0,,region,1,0,never_instantiated,0,,,,,0,0,partsupp,,200000,0,never_instantiated,0,,,,,0,0,supplier,nation,25,0,never_instantiated,0,,,,,0,0
Q03,1,0,1,1.64,,customer,600888,0,never_instantiated,0,,,,,0,0,lineitem,orders,14577240,0,never_instantiated,0,,,,,0,0,,,,,,,,,,,,,,,,,,,,,,,,,,,,,,,,,,,,,,,,,,,,,,,,,,,,,,,,,,,,,,,,,,,,,,,,,,,,,,,,,,,,
Q04,1,0,1,1.13,,,1146356,0,never_instantiated,0,,,,,0,0,lineitem,,1146356,0,never_instantiated,0,,,,,0,0,,,,,,,,,,,,,,,,,,,,,,,,,,,,,,,,,,,,,,,,,,,,,,,,,,,,,,,,,,,,,,,,,,,,,,,,,,,,,,,,,,,,
Q05,1,0,1,2.46,,supplier,200000,0,never_instantiated,0,,,,,0,0,,region,1,0,never_instantiated,0,,,,,0,0,,nation,25,0,never_instantiated,0,,,,,0,0,,customer,2999999,0,never_instantiated,0,,,,,0,0,lineitem,orders,4549846,0,never_instantiated,0,,,,,0,0,,,,,,,,,,,,,,,,,,,,,,,,,,,,,,,,,,,,,,,,,,,,,,,,
Q06,1,0,1,0.41,,,,,,,,,,,,,,,,,,,,,,,,,,,,,,,,,,,,,,,,,,,,,,,,,,,,,,,,,,,,,,,,,,,,,,,,,,,,,,,,,,,,,,,,,,,,,,,,,,,,,,,,,,,,
Q07,1,0,1,2.67,,nation,2,0,never_instantiated,0,,,,,0,0,,supplier,200000,0,never_instantiated,0,,,,,0,0,,nation,2,0,never_instantiated,0,,,,,0,0,,customer,2999999,0,never_instantiated,0,,,,,0,0,lineitem,orders,30000000,0,never_instantiated,0,,,,,0,0,,,,,,,,,,,,,,,,,,,,,,,,,,,,,,,,,,,,,,,,,,,,,,,,
Q08,1,0,1,2.97,,nation,25,0,never_instantiated,0,,,,,0,0,supplier,,48804,0,never_instantiated,0,,,,,0,0,,region,1,0,never_instantiated,0,,,,,0,0,,part,26819,0,never_instantiated,0,,,,,0,0,,nation,25,0,never_instantiated,0,,,,,0,0,,customer,2999999,0,never_instantiated,0,,,,,0,0,lineitem,orders,9116496,0,never_instantiated,0,,,,,0,0,,,,,,,,,,,,,,,,,,,,,,,,
Q09,1,0,1,4.20,,nation,25,0,never_instantiated,0,,,,,0,0,,supplier,200000,0,never_instantiated,0,,,,,0,0,,partsupp,16000000,0,never_instantiated,0,,,,,0,0,,part,217392,0,never_instantiated,0,,,,,0,0,lineitem,orders,30000000,0,never_instantiated,0,,,,,0,0,,,,,,,,,,,,,,,,,,,,,,,,,,,,,,,,,,,,,,,,,,,,,,,,
Q10,1,0,1,1.54,,nation,25,0,never_instantiated,0,,,,,0,0,customer,,2290399,0,never_instantiated,0,,,,,0,0,lineitem,orders,1145890,0,never_instantiated,0,,,,,0,0,,,,,,,,,,,,,,,,,,,,,,,,,,,,,,,,,,,,,,,,,,,,,,,,,,,,,,,,,,,,,,,,,,,,,,,,
Q11,1,0,1,0.31,partsupp,,8087,0,never_instantiated,0,,,,,0,0,supplier,nation,1,0,never_instantiated,0,,,,,0,0,partsupp,,8087,0,never_instantiated,0,,,,,0,0,supplier,nation,1,0,never_instantiated,0,,,,,0,0,,,,,,,,,,,,,,,,,,,,,,,,,,,,,,,,,,,,,,,,,,,,,,,,,,,,,,,,,,,,
Q12,1,0,1,0.82,orders,lineitem,621378,0,never_instantiated,0,,,,,0,0,,,,,,,,,,,,,,,,,,,,,,,,,,,,,,,,,,,,,,,,,,,,,,,,,,,,,,,,,,,,,,,,,,,,,,,,,,,,,,,,,,,,,,,,,,,,,,,,
Q13,1,0,1,1.95,orders,customer,3000000,0,never_instantiated,0,,,,,0,0,,,,,,,,,,,,,,,,,,,,,,,,,,,,,,,,,,,,,,,,,,,,,,,,,,,,,,,,,,,,,,,,,,,,,,,,,,,,,,,,,,,,,,,,,,,,,,,,
Q14,1,0,1,1.03,lineitem,part,4000000,0,never_instantiated,0,,,,,0,0,,,,,,,,,,,,,,,,,,,,,,,,,,,,,,,,,,,,,,,,,,,,,,,,,,,,,,,,,,,,,,,,,,,,,,,,,,,,,,,,,,,,,,,,,,,,,,,,
Q15,1,0,1,0.62,,,1,0,never_instantiated,0,,,,,0,0,supplier,,200000,0,never_instantiated,0,,,,,0,0,,,,,,,,,,,,,,,,,,,,,,,,,,,,,,,,,,,,,,,,,,,,,,,,,,,,,,,,,,,,,,,,,,,,,,,,,,,,,,,,,,,,
Q16,1,0,1,0.62,,supplier,106,0,never_instantiated,0,,,,,0,0,partsupp,,593456,0,never_instantiated,0,,,,,0,0,part,,8,0,never_instantiated,0,,,,,0,0,,,,,,,,,,,,,,,,,,,,,,,,,,,,,,,,,,,,,,,,,,,,,,,,,,,,,,,,,,,,,,,,,,,,,,,,
Q17,1,0,1,1.44,lineitem,part,4066,0,never_instantiated,0,,,,,0,0,,,122217,0,never_instantiated,0,,,,,0,0,lineitem,,4066,0,never_instantiated,0,,,,,0,0,,,,,,,,,,,,,,,,,,,,,,,,,,,,,,,,,,,,,,,,,,,,,,,,,,,,,,,,,,,,,,,,,,,,,,,,
Q18,1,0,1,4.41,,lineitem,1281,0,never_instantiated,0,,,,,0,0,,customer,2999999,0,never_instantiated,0,,,,,0,0,lineitem,orders,30000000,0,never_instantiated,0,,,,,0,0,,,,,,,,,,,,,,,,,,,,,,,,,,,,,,,,,,,,,,,,,,,,,,,,,,,,,,,,,,,,,,,,,,,,,,,,
Q19,1,0,1,1.33,lineitem,part,4000000,0,never_instantiated,0,,,,,0,0,,,,,,,,,,,,,,,,,,,,,,,,,,,,,,,,,,,,,,,,,,,,,,,,,,,,,,,,,,,,,,,,,,,,,,,,,,,,,,,,,,,,,,,,,,,,,,,,
Q20,1,0,1,1.03,,,8063,0,never_instantiated,0,,,,,0,0,partsupp,part,43464,0,never_instantiated,0,,,,,0,0,,,173856,0,never_instantiated,0,,,,,0,0,lineitem,,173856,0,never_instantiated,0,,,,,0,0,supplier,nation,1,0,never_instantiated,0,,,,,0,0,,,,,,,,,,,,,,,,,,,,,,,,,,,,,,,,,,,,,,,,,,,,,,,,
Q21,1,0,1,3.49,,nation,1,0,never_instantiated,0,,,,,0,0,,supplier,200000,0,never_instantiated,0,,,,,0,0,lineitem,orders,14617146,0,never_instantiated,0,,,,,0,0,,,1464370,0,never_instantiated,0,,,,,0,0,lineitem,,1464364,0,never_instantiated,0,,,,,0,0,,,1411363,0,never_instantiated,0,,,,,0,0,lineitem,,1411357,0,never_instantiated,0,,,,,0,0,,,,,,,,,,,,,,,,,,,,,,,,
Q22,1,0,1,0.52,,,381883,0,never_instantiated,0,,,,,0,0,orders,,381883,0,never_instantiated,0,,,,,0,0,,,,,,,,,,,,,,,,,,,,,,,,,,,,,,,,,,,,,,,,,,,,,,,,,,,,,,,,,,,,,,,,,,,,,,,,,,,,,,,,,,,,
Q01,1,1,1,1.03,,,,,,,,,,,,,,,,,,,,,,,,,,,,,,,,,,,,,,,,,,,,,,,,,,,,,,,,,,,,,,,,,,,,,,,,,,,,,,,,,,,,,,,,,,,,,,,,,,,,,,,,,,,,
Q02,1,1,1,0.51,,region,1,0,never_instantiated,0,,,,,0,0,,part,15890,0,never_instantiated,0,,,,,0,0,,nation,25,0,never_instantiated,0,,,,,0,0,partsupp,supplier,200000,0,never_instantiated,0,,,,,0,0,,,12744,0,never_instantiated,0,,,,,0,0,,,9428,0,never_instantiated,0,,,,,0,0,,region,1,0,never_instantiated,0,,,,,0,0,,nation,25,0,never_instantiated,0,,,,,0,0,partsupp,supplier,200000,0,never_instantiated,0,,,,,0,0
Q03,1,1,1,1.54,,customer,600888,0,never_instantiated,0,,,,,0,0,lineitem,orders,14577240,0,never_instantiated,0,,,,,0,0,,,,,,,,,,,,,,,,,,,,,,,,,,,,,,,,,,,,,,,,,,,,,,,,,,,,,,,,,,,,,,,,,,,,,,,,,,,,,,,,,,,,
Q04,1,1,1,0.93,,,1146356,0,never_instantiated,0,,,,,0,0,lineitem,,1146356,0,never_instantiated,0,,,,,0,0,,,,,,,,,,,,,,,,,,,,,,,,,,,,,,,,,,,,,,,,,,,,,,,,,,,,,,,,,,,,,,,,,,,,,,,,,,,,,,,,,,,,
Q05,1,1,1,9999999,,,,,,,,,,,,,,,,,,,,,,,,,,,,,,,,,,,,,,,,,,,,,,,,,,,,,,,,,,,,,,,,,,,,,,,,,,,,,,,,,,,,,,,,,,,,,,,,,,,,,,,,,,,,
Q06,1,1,1,0.41,,,,,,,,,,,,,,,,,,,,,,,,,,,,,,,,,,,,,,,,,,,,,,,,,,,,,,,,,,,,,,,,,,,,,,,,,,,,,,,,,,,,,,,,,,,,,,,,,,,,,,,,,,,,
Q07,1,1,1,1.54,,nation,2,0,never_instantiated,0,,,,,0,0,,customer,2999999,0,never_instantiated,0,,,,,0,0,orders,,2914502,0,never_instantiated,0,,,,,0,0,,nation,2,0,never_instantiated,0,,,,,0,0,lineitem,supplier,200000,0,never_instantiated,0,,,,,0,0,,,,,,,,,,,,,,,,,,,,,,,,,,,,,,,,,,,,,,,,,,,,,,,,
Q08,1,1,1,1.44,,region,1,0,never_instantiated,0,,,,,0,0,,nation,25,0,never_instantiated,0,,,,,0,0,,nation,25,0,never_instantiated,0,,,,,0,0,,supplier,200000,0,never_instantiated,0,,,,,0,0,customer,,244948,0,never_instantiated,0,,,,,0,0,orders,,804078,0,never_instantiated,0,,,,,0,0,lineitem,part,26819,0,never_instantiated,0,,,,,0,0,,,,,,,,,,,,,,,,,,,,,,,,
Q09,1,1,1,3.69,,nation,25,0,never_instantiated,0,,,,,0,0,,supplier,200000,0,never_instantiated,0,,,,,0,0,,orders,30000000,0,never_instantiated,0,,,,,0,0,,partsupp,16000000,0,never_instantiated,0,,,,,0,0,lineitem,part,217392,0,never_instantiated,0,,,,,0,0,,,,,,,,,,,,,,,,,,,,,,,,,,,,,,,,,,,,,,,,,,,,,,,,
Q10,1,1,1,1.44,,nation,25,0,never_instantiated,0,,,,,0,0,customer,,2290399,0,never_instantiated,0,,,,,0,0,lineitem,orders,1145890,0,never_instantiated,0,,,,,0,0,,,,,,,,,,,,,,,,,,,,,,,,,,,,,,,,,,,,,,,,,,,,,,,,,,,,,,,,,,,,,,,,,,,,,,,,
Q11,1,1,1,0.31,,nation,1,0,never_instantiated,0,,,,,0,0,partsupp,supplier,200000,0,never_instantiated,0,,,,,0,0,partsupp,,8087,0,never_instantiated,0,,,,,0,0,supplier,nation,1,0,never_instantiated,0,,,,,0,0,,,,,,,,,,,,,,,,,,,,,,,,,,,,,,,,,,,,,,,,,,,,,,,,,,,,,,,,,,,,
Q12,1,1,1,0.72,orders,lineitem,621378,0,never_instantiated,0,,,,,0,0,,,,,,,,,,,,,,,,,,,,,,,,,,,,,,,,,,,,,,,,,,,,,,,,,,,,,,,,,,,,,,,,,,,,,,,,,,,,,,,,,,,,,,,,,,,,,,,,
Q13,1,1,1,1.75,orders,customer,3000000,0,never_instantiated,0,,,,,0,0,,,,,,,,,,,,,,,,,,,,,,,,,,,,,,,,,,,,,,,,,,,,,,,,,,,,,,,,,,,,,,,,,,,,,,,,,,,,,,,,,,,,,,,,,,,,,,,,
Q14,1,1,1,1.03,lineitem,part,4000000,0,never_instantiated,0,,,,,0,0,,,,,,,,,,,,,,,,,,,,,,,,,,,,,,,,,,,,,,,,,,,,,,,,,,,,,,,,,,,,,,,,,,,,,,,,,,,,,,,,,,,,,,,,,,,,,,,,
Q15,1,1,1,0.62,,,1,0,never_instantiated,0,,,,,0,0,supplier,,200000,0,never_instantiated,0,,,,,0,0,,,,,,,,,,,,,,,,,,,,,,,,,,,,,,,,,,,,,,,,,,,,,,,,,,,,,,,,,,,,,,,,,,,,,,,,,,,,,,,,,,,,
Q16,1,1,1,0.62,,supplier,106,0,never_instantiated,0,,,,,0,0,partsupp,,593456,0,never_instantiated,0,,,,,0,0,part,,8,0,never_instantiated,0,,,,,0,0,,,,,,,,,,,,,,,,,,,,,,,,,,,,,,,,,,,,,,,,,,,,,,,,,,,,,,,,,,,,,,,,,,,,,,,,
Q17,1,1,1,1.44,lineitem,part,4066,0,never_instantiated,0,,,,,0,0,,,122217,0,never_instantiated,0,,,,,0,0,lineitem,,4066,0,never_instantiated,0,,,,,0,0,,,,,,,,,,,,,,,,,,,,,,,,,,,,,,,,,,,,,,,,,,,,,,,,,,,,,,,,,,,,,,,,,,,,,,,,
Q18,1,1,1,4.31,,lineitem,1281,0,never_instantiated,0,,,,,0,0,,customer,2999999,0,never_instantiated,0,,,,,0,0,lineitem,orders,30000000,0,never_instantiated,0,,,,,0,0,,,,,,,,,,,,,,,,,,,,,,,,,,,,,,,,,,,,,,,,,,,,,,,,,,,,,,,,,,,,,,,,,,,,,,,,
Q19,1,1,1,1.34,lineitem,part,4000000,0,never_instantiated,0,,,,,0,0,,,,,,,,,,,,,,,,,,,,,,,,,,,,,,,,,,,,,,,,,,,,,,,,,,,,,,,,,,,,,,,,,,,,,,,,,,,,,,,,,,,,,,,,,,,,,,,,
Q20,1,1,1,1.13,,,8063,0,never_instantiated,0,,,,,0,0,partsupp,part,43464,0,never_instantiated,0,,,,,0,0,,,173856,0,never_instantiated,0,,,,,0,0,lineitem,,173856,0,never_instantiated,0,,,,,0,0,supplier,nation,1,0,never_instantiated,0,,,,,0,0,,,,,,,,,,,,,,,,,,,,,,,,,,,,,,,,,,,,,,,,,,,,,,,,
Q21,1,1,1,2.98,orders,,3033530,0,never_instantiated,0,,,,,0,0,,nation,1,0,never_instantiated,0,,,,,0,0,lineitem,supplier,200000,0,never_instantiated,0,,,,,0,0,,,1464370,0,never_instantiated,0,,,,,0,0,lineitem,,1464364,0,never_instantiated,0,,,,,0,0,,,1411363,0,never_instantiated,0,,,,,0,0,lineitem,,1411357,0,never_instantiated,0,,,,,0,0,,,,,,,,,,,,,,,,,,,,,,,,
Q22,1,1,1,0.52,,,381883,0,never_instantiated,0,,,,,0,0,orders,,381883,0,never_instantiated,0,,,,,0,0,,,,,,,,,,,,,,,,,,,,,,,,,,,,,,,,,,,,,,,,,,,,,,,,,,,,,,,,,,,,,,,,,,,,,,,,,,,,,,,,,,,,
Q01,1,2,1,1.03,,,,,,,,,,,,,,,,,,,,,,,,,,,,,,,,,,,,,,,,,,,,,,,,,,,,,,,,,,,,,,,,,,,,,,,,,,,,,,,,,,,,,,,,,,,,,,,,,,,,,,,,,,,,
Q02,1,2,1,0.41,,region,1,0,never_instantiated,0,,,,,0,0,,nation,25,0,never_instantiated,0,,,,,0,0,supplier,,63560,0,never_instantiated,0,,,,,0,0,partsupp,part,15890,0,never_instantiated,0,,,,,0,0,,,12744,0,never_instantiated,0,,,,,0,0,,,9428,0,never_instantiated,0,,,,,0,0,,region,1,0,never_instantiated,0,,,,,0,0,,nation,25,0,never_instantiated,0,,,,,0,0,partsupp,supplier,200000,0,never_instantiated,0,,,,,0,0
Q03,1,2,1,1.54,,customer,600888,0,never_instantiated,0,,,,,0,0,lineitem,orders,14577240,0,never_instantiated,0,,,,,0,0,,,,,,,,,,,,,,,,,,,,,,,,,,,,,,,,,,,,,,,,,,,,,,,,,,,,,,,,,,,,,,,,,,,,,,,,,,,,,,,,,,,,
Q04,1,2,1,0.93,,,1146356,0,never_instantiated,0,,,,,0,0,lineitem,,1146356,0,never_instantiated,0,,,,,0,0,,,,,,,,,,,,,,,,,,,,,,,,,,,,,,,,,,,,,,,,,,,,,,,,,,,,,,,,,,,,,,,,,,,,,,,,,,,,,,,,,,,,
Q05,1,2,1,2.46,,region,1,0,never_instantiated,0,,,,,0,0,,supplier,200000,0,never_instantiated,0,,,,,0,0,,nation,25,0,never_instantiated,0,,,,,0,0,,customer,2999999,0,never_instantiated,0,,,,,0,0,lineitem,orders,4549846,0,never_instantiated,0,,,,,0,0,,,,,,,,,,,,,,,,,,,,,,,,,,,,,,,,,,,,,,,,,,,,,,,,
Q06,1,2,1,0.41,,,,,,,,,,,,,,,,,,,,,,,,,,,,,,,,,,,,,,,,,,,,,,,,,,,,,,,,,,,,,,,,,,,,,,,,,,,,,,,,,,,,,,,,,,,,,,,,,,,,,,,,,,,,
Q07,1,2,1,2.67,,nation,2,0,never_instantiated,0,,,,,0,0,,supplier,200000,0,never_instantiated,0,,,,,0,0,,nation,2,0,never_instantiated,0,,,,,0,0,,customer,2999999,0,never_instantiated,0,,,,,0,0,lineitem,orders,30000000,0,never_instantiated,0,,,,,0,0,,,,,,,,,,,,,,,,,,,,,,,,,,,,,,,,,,,,,,,,,,,,,,,,
Q08,1,2,1,2.77,,region,1,0,never_instantiated,0,,,,,0,0,,nation,25,0,never_instantiated,0,,,,,0,0,customer,,244948,0,never_instantiated,0,,,,,0,0,,part,26819,0,never_instantiated,0,,,,,0,0,,orders,9116496,0,never_instantiated,0,,,,,0,0,,nation,25,0,never_instantiated,0,,,,,0,0,lineitem,supplier,200000,0,never_instantiated,0,,,,,0,0,,,,,,,,,,,,,,,,,,,,,,,,
Q09,1,2,1,5.95,,nation,25,0,never_instantiated,0,,,,,0,0,,supplier,200000,0,never_instantiated,0,,,,,0,0,,part,217392,0,never_instantiated,0,,,,,0,0,,orders,30000000,0,never_instantiated,0,,,,,0,0,lineitem,partsupp,16000000,0,never_instantiated,0,,,,,0,0,,,,,,,,,,,,,,,,,,,,,,,,,,,,,,,,,,,,,,,,,,,,,,,,
Q10,1,2,1,1.44,,nation,25,0,never_instantiated,0,,,,,0,0,customer,,2290399,0,never_instantiated,0,,,,,0,0,lineitem,orders,1145890,0,never_instantiated,0,,,,,0,0,,,,,,,,,,,,,,,,,,,,,,,,,,,,,,,,,,,,,,,,,,,,,,,,,,,,,,,,,,,,,,,,,,,,,,,,
Q11,1,2,1,0.21,partsupp,,8087,0,never_instantiated,0,,,,,0,0,supplier,nation,1,0,never_instantiated,0,,,,,0,0,partsupp,,8087,0,never_instantiated,0,,,,,0,0,supplier,nation,1,0,never_instantiated,0,,,,,0,0,,,,,,,,,,,,,,,,,,,,,,,,,,,,,,,,,,,,,,,,,,,,,,,,,,,,,,,,,,,,
Q12,1,2,1,0.82,orders,lineitem,621378,0,never_instantiated,0,,,,,0,0,,,,,,,,,,,,,,,,,,,,,,,,,,,,,,,,,,,,,,,,,,,,,,,,,,,,,,,,,,,,,,,,,,,,,,,,,,,,,,,,,,,,,,,,,,,,,,,,
Q13,1,2,1,1.75,orders,customer,3000000,0,never_instantiated,0,,,,,0,0,,,,,,,,,,,,,,,,,,,,,,,,,,,,,,,,,,,,,,,,,,,,,,,,,,,,,,,,,,,,,,,,,,,,,,,,,,,,,,,,,,,,,,,,,,,,,,,,
Q14,1,2,1,1.03,lineitem,part,4000000,0,never_instantiated,0,,,,,0,0,,,,,,,,,,,,,,,,,,,,,,,,,,,,,,,,,,,,,,,,,,,,,,,,,,,,,,,,,,,,,,,,,,,,,,,,,,,,,,,,,,,,,,,,,,,,,,,,
Q15,1,2,1,0.62,,,1,0,never_instantiated,0,,,,,0,0,supplier,,200000,0,never_instantiated,0,,,,,0,0,,,,,,,,,,,,,,,,,,,,,,,,,,,,,,,,,,,,,,,,,,,,,,,,,,,,,,,,,,,,,,,,,,,,,,,,,,,,,,,,,,,,
Q16,1,2,1,0.62,,supplier,106,0,never_instantiated,0,,,,,0,0,partsupp,,593456,0,never_instantiated,0,,,,,0,0,part,,8,0,never_instantiated,0,,,,,0,0,,,,,,,,,,,,,,,,,,,,,,,,,,,,,,,,,,,,,,,,,,,,,,,,,,,,,,,,,,,,,,,,,,,,,,,,
Q17,1,2,1,1.44,lineitem,part,4066,0,never_instantiated,0,,,,,0,0,,,122217,0,never_instantiated,0,,,,,0,0,lineitem,,4066,0,never_instantiated,0,,,,,0,0,,,,,,,,,,,,,,,,,,,,,,,,,,,,,,,,,,,,,,,,,,,,,,,,,,,,,,,,,,,,,,,,,,,,,,,,
Q18,1,2,1,4.31,,lineitem,1281,0,never_instantiated,0,,,,,0,0,,customer,2999999,0,never_instantiated,0,,,,,0,0,lineitem,orders,30000000,0,never_instantiated,0,,,,,0,0,,,,,,,,,,,,,,,,,,,,,,,,,,,,,,,,,,,,,,,,,,,,,,,,,,,,,,,,,,,,,,,,,,,,,,,,
Q19,1,2,1,1.33,lineitem,part,4000000,0,never_instantiated,0,,,,,0,0,,,,,,,,,,,,,,,,,,,,,,,,,,,,,,,,,,,,,,,,,,,,,,,,,,,,,,,,,,,,,,,,,,,,,,,,,,,,,,,,,,,,,,,,,,,,,,,,
Q20,1,2,1,1.13,,,8063,0,never_instantiated,0,,,,,0,0,partsupp,part,43464,0,never_instantiated,0,,,,,0,0,,,173856,0,never_instantiated,0,,,,,0,0,lineitem,,173856,0,never_instantiated,0,,,,,0,0,supplier,nation,1,0,never_instantiated,0,,,,,0,0,,,,,,,,,,,,,,,,,,,,,,,,,,,,,,,,,,,,,,,,,,,,,,,,
Q21,1,2,1,3.49,,nation,1,0,never_instantiated,0,,,,,0,0,,supplier,200000,0,never_instantiated,0,,,,,0,0,lineitem,orders,14617146,0,never_instantiated,0,,,,,0,0,,,1464370,0,never_instantiated,0,,,,,0,0,lineitem,,1464364,0,never_instantiated,0,,,,,0,0,,,1411363,0,never_instantiated,0,,,,,0,0,lineitem,,1411357,0,never_instantiated,0,,,,,0,0,,,,,,,,,,,,,,,,,,,,,,,,
Q22,1,2,1,0.52,,,381883,0,never_instantiated,0,,,,,0,0,orders,,381883,0,never_instantiated,0,,,,,0,0,,,,,,,,,,,,,,,,,,,,,,,,,,,,,,,,,,,,,,,,,,,,,,,,,,,,,,,,,,,,,,,,,,,,,,,,,,,,,,,,,,,,
Q01,1,3,1,1.03,,,,,,,,,,,,,,,,,,,,,,,,,,,,,,,,,,,,,,,,,,,,,,,,,,,,,,,,,,,,,,,,,,,,,,,,,,,,,,,,,,,,,,,,,,,,,,,,,,,,,,,,,,,,
Q02,1,3,1,0.41,,region,1,0,never_instantiated,0,,,,,0,0,,nation,25,0,never_instantiated,0,,,,,0,0,,part,15890,0,never_instantiated,0,,,,,0,0,partsupp,supplier,200000,0,never_instantiated,0,,,,,0,0,,,12744,0,never_instantiated,0,,,,,0,0,,,9428,0,never_instantiated,0,,,,,0,0,,region,1,0,never_instantiated,0,,,,,0,0,partsupp,,200000,0,never_instantiated,0,,,,,0,0,supplier,nation,25,0,never_instantiated,0,,,,,0,0
Q03,1,3,1,1.54,,customer,600888,0,never_instantiated,0,,,,,0,0,lineitem,orders,14577240,0,never_instantiated,0,,,,,0,0,,,,,,,,,,,,,,,,,,,,,,,,,,,,,,,,,,,,,,,,,,,,,,,,,,,,,,,,,,,,,,,,,,,,,,,,,,,,,,,,,,,,
Q04,1,3,1,0.93,,,1146356,0,never_instantiated,0,,,,,0,0,lineitem,,1146356,0,never_instantiated,0,,,,,0,0,,,,,,,,,,,,,,,,,,,,,,,,,,,,,,,,,,,,,,,,,,,,,,,,,,,,,,,,,,,,,,,,,,,,,,,,,,,,,,,,,,,,
Q05,1,3,1,9999999,,,,,,,,,,,,,,,,,,,,,,,,,,,,,,,,,,,,,,,,,,,,,,,,,,,,,,,,,,,,,,,,,,,,,,,,,,,,,,,,,,,,,,,,,,,,,,,,,,,,,,,,,,,,
Q06,1,3,1,0.41,,,,,,,,,,,,,,,,,,,,,,,,,,,,,,,,,,,,,,,,,,,,,,,,,,,,,,,,,,,,,,,,,,,,,,,,,,,,,,,,,,,,,,,,,,,,,,,,,,,,,,,,,,,,
Q07,1,3,1,2.26,,nation,2,0,never_instantiated,0,,,,,0,0,,customer,2999999,0,never_instantiated,0,,,,,0,0,,nation,2,0,never_instantiated,0,,,,,0,0,,orders,30000000,0,never_instantiated,0,,,,,0,0,lineitem,supplier,200000,0,never_instantiated,0,,,,,0,0,,,,,,,,,,,,,,,,,,,,,,,,,,,,,,,,,,,,,,,,,,,,,,,,
Q08,1,3,1,3.18,,region,1,0,never_instantiated,0,,,,,0,0,,nation,25,0,never_instantiated,0,,,,,0,0,,part,26819,0,never_instantiated,0,,,,,0,0,,nation,25,0,never_instantiated,0,,,,,0,0,,supplier,200000,0,never_instantiated,0,,,,,0,0,,customer,2999999,0,never_instantiated,0,,,,,0,0,lineitem,orders,9116496,0,never_instantiated,0,,,,,0,0,,,,,,,,,,,,,,,,,,,,,,,,
Q09,1,3,1,5.44,,orders,30000000,0,never_instantiated,0,,,,,0,0,,nation,25,0,never_instantiated,0,,,,,0,0,,part,217392,0,never_instantiated,0,,,,,0,0,,partsupp,16000000,0,never_instantiated,0,,,,,0,0,lineitem,supplier,200000,0,never_instantiated,0,,,,,0,0,,,,,,,,,,,,,,,,,,,,,,,,,,,,,,,,,,,,,,,,,,,,,,,,
Q10,1,3,1,1.44,,nation,25,0,never_instantiated,0,,,,,0,0,customer,,2290399,0,never_instantiated,0,,,,,0,0,lineitem,orders,1145890,0,never_instantiated,0,,,,,0,0,,,,,,,,,,,,,,,,,,,,,,,,,,,,,,,,,,,,,,,,,,,,,,,,,,,,,,,,,,,,,,,,,,,,,,,,
Q11,1,3,1,0.31,,nation,1,0,never_instantiated,0,,,,,0,0,partsupp,supplier,200000,0,never_instantiated,0,,,,,0,0,partsupp,,8087,0,never_instantiated,0,,,,,0,0,supplier,nation,1,0,never_instantiated,0,,,,,0,0,,,,,,,,,,,,,,,,,,,,,,,,,,,,,,,,,,,,,,,,,,,,,,,,,,,,,,,,,,,,
Q12,1,3,1,0.72,orders,lineitem,621378,0,never_instantiated,0,,,,,0,0,,,,,,,,,,,,,,,,,,,,,,,,,,,,,,,,,,,,,,,,,,,,,,,,,,,,,,,,,,,,,,,,,,,,,,,,,,,,,,,,,,,,,,,,,,,,,,,,
Q13,1,3,1,1.75,orders,customer,3000000,0,never_instantiated,0,,,,,0,0,,,,,,,,,,,,,,,,,,,,,,,,,,,,,,,,,,,,,,,,,,,,,,,,,,,,,,,,,,,,,,,,,,,,,,,,,,,,,,,,,,,,,,,,,,,,,,,,
Q14,1,3,1,1.03,lineitem,part,4000000,0,never_instantiated,0,,,,,0,0,,,,,,,,,,,,,,,,,,,,,,,,,,,,,,,,,,,,,,,,,,,,,,,,,,,,,,,,,,,,,,,,,,,,,,,,,,,,,,,,,,,,,,,,,,,,,,,,
Q15,1,3,1,0.62,,,1,0,never_instantiated,0,,,,,0,0,supplier,,200000,0,never_instantiated,0,,,,,0,0,,,,,,,,,,,,,,,,,,,,,,,,,,,,,,,,,,,,,,,,,,,,,,,,,,,,,,,,,,,,,,,,,,,,,,,,,,,,,,,,,,,,
Q16,1,3,1,0.52,,supplier,106,0,never_instantiated,0,,,,,0,0,partsupp,,593456,0,never_instantiated,0,,,,,0,0,part,,8,0,never_instantiated,0,,,,,0,0,,,,,,,,,,,,,,,,,,,,,,,,,,,,,,,,,,,,,,,,,,,,,,,,,,,,,,,,,,,,,,,,,,,,,,,,
Q17,1,3,1,1.44,lineitem,part,4066,0,never_instantiated,0,,,,,0,0,,,122217,0,never_instantiated,0,,,,,0,0,lineitem,,4066,0,never_instantiated,0,,,,,0,0,,,,,,,,,,,,,,,,,,,,,,,,,,,,,,,,,,,,,,,,,,,,,,,,,,,,,,,,,,,,,,,,,,,,,,,,
Q18,1,3,1,4.31,,lineitem,1281,0,never_instantiated,0,,,,,0,0,,customer,2999999,0,never_instantiated,0,,,,,0,0,lineitem,orders,30000000,0,never_instantiated,0,,,,,0,0,,,,,,,,,,,,,,,,,,,,,,,,,,,,,,,,,,,,,,,,,,,,,,,,,,,,,,,,,,,,,,,,,,,,,,,,
Q19,1,3,1,1.34,lineitem,part,4000000,0,never_instantiated,0,,,,,0,0,,,,,,,,,,,,,,,,,,,,,,,,,,,,,,,,,,,,,,,,,,,,,,,,,,,,,,,,,,,,,,,,,,,,,,,,,,,,,,,,,,,,,,,,,,,,,,,,
Q20,1,3,1,1.03,,,8063,0,never_instantiated,0,,,,,0,0,partsupp,part,43464,0,never_instantiated,0,,,,,0,0,,,173856,0,never_instantiated,0,,,,,0,0,lineitem,,173856,0,never_instantiated,0,,,,,0,0,supplier,nation,1,0,never_instantiated,0,,,,,0,0,,,,,,,,,,,,,,,,,,,,,,,,,,,,,,,,,,,,,,,,,,,,,,,,
Q21,1,3,1,3.59,,nation,1,0,never_instantiated,0,,,,,0,0,,orders,14617146,0,never_instantiated,0,,,,,0,0,lineitem,supplier,200000,0,never_instantiated,0,,,,,0,0,,,1464370,0,never_instantiated,0,,,,,0,0,lineitem,,1464364,0,never_instantiated,0,,,,,0,0,,,1411363,0,never_instantiated,0,,,,,0,0,lineitem,,1411357,0,never_instantiated,0,,,,,0,0,,,,,,,,,,,,,,,,,,,,,,,,
Q22,1,3,1,0.52,,,381883,0,never_instantiated,0,,,,,0,0,orders,,381883,0,never_instantiated,0,,,,,0,0,,,,,,,,,,,,,,,,,,,,,,,,,,,,,,,,,,,,,,,,,,,,,,,,,,,,,,,,,,,,,,,,,,,,,,,,,,,,,,,,,,,,
Q01,1,4,1,1.03,,,,,,,,,,,,,,,,,,,,,,,,,,,,,,,,,,,,,,,,,,,,,,,,,,,,,,,,,,,,,,,,,,,,,,,,,,,,,,,,,,,,,,,,,,,,,,,,,,,,,,,,,,,,
Q02,1,4,1,0.41,,region,1,0,never_instantiated,0,,,,,0,0,,nation,25,0,never_instantiated,0,,,,,0,0,supplier,,63560,0,never_instantiated,0,,,,,0,0,partsupp,part,15890,0,never_instantiated,0,,,,,0,0,,,12744,0,never_instantiated,0,,,,,0,0,,,9428,0,never_instantiated,0,,,,,0,0,,region,1,0,never_instantiated,0,,,,,0,0,partsupp,,200000,0,never_instantiated,0,,,,,0,0,supplier,nation,25,0,never_instantiated,0,,,,,0,0
Q03,1,4,1,1.54,,customer,600888,0,never_instantiated,0,,,,,0,0,lineitem,orders,14577240,0,never_instantiated,0,,,,,0,0,,,,,,,,,,,,,,,,,,,,,,,,,,,,,,,,,,,,,,,,,,,,,,,,,,,,,,,,,,,,,,,,,,,,,,,,,,,,,,,,,,,,
Q04,1,4,1,0.93,,,1146356,0,never_instantiated,0,,,,,0,0,lineitem,,1146356,0,never_instantiated,0,,,,,0,0,,,,,,,,,,,,,,,,,,,,,,,,,,,,,,,,,,,,,,,,,,,,,,,,,,,,,,,,,,,,,,,,,,,,,,,,,,,,,,,,,,,,
Q05,1,4,1,2.26,,region,1,0,never_instantiated,0,,,,,0,0,,nation,25,0,never_instantiated,0,,,,,0,0,,supplier,200000,0,never_instantiated,0,,,,,0,0,,customer,2999999,0,never_instantiated,0,,,,,0,0,lineitem,orders,4549846,0,never_instantiated,0,,,,,0,0,,,,,,,,,,,,,,,,,,,,,,,,,,,,,,,,,,,,,,,,,,,,,,,,
Q06,1,4,1,0.41,,,,,,,,,,,,,,,,,,,,,,,,,,,,,,,,,,,,,,,,,,,,,,,,,,,,,,,,,,,,,,,,,,,,,,,,,,,,,,,,,,,,,,,,,,,,,,,,,,,,,,,,,,,,
Q07,1,4,1,2.77,,nation,2,0,never_instantiated,0,,,,,0,0,,nation,2,0,never_instantiated,0,,,,,0,0,,supplier,200000,0,never_instantiated,0,,,,,0,0,,customer,2999999,0,never_instantiated,0,,,,,0,0,lineitem,orders,30000000,0,never_instantiated,0,,,,,0,0,,,,,,,,,,,,,,,,,,,,,,,,,,,,,,,,,,,,,,,,,,,,,,,,
Q08,1,4,1,1.44,,region,1,0,never_instantiated,0,,,,,0,0,,nation,25,0,never_instantiated,0,,,,,0,0,,nation,25,0,never_instantiated,0,,,,,0,0,customer,,244948,0,never_instantiated,0,,,,,0,0,,supplier,200000,0,never_instantiated,0,,,,,0,0,orders,,804078,0,never_instantiated,0,,,,,0,0,lineitem,part,26819,0,never_instantiated,0,,,,,0,0,,,,,,,,,,,,,,,,,,,,,,,,
Q09,1,4,1,4.51,,partsupp,16000000,0,never_instantiated,0,,,,,0,0,,nation,25,0,never_instantiated,0,,,,,0,0,,part,217392,0,never_instantiated,0,,,,,0,0,,supplier,200000,0,never_instantiated,0,,,,,0,0,lineitem,orders,30000000,0,never_instantiated,0,,,,,0,0,,,,,,,,,,,,,,,,,,,,,,,,,,,,,,,,,,,,,,,,,,,,,,,,
Q10,1,4,1,1.44,,nation,25,0,never_instantiated,0,,,,,0,0,customer,,2290399,0,never_instantiated,0,,,,,0,0,lineitem,orders,1145890,0,never_instantiated,0,,,,,0,0,,,,,,,,,,,,,,,,,,,,,,,,,,,,,,,,,,,,,,,,,,,,,,,,,,,,,,,,,,,,,,,,,,,,,,,,
Q11,1,4,1,0.31,partsupp,,8087,0,never_instantiated,0,,,,,0,0,supplier,nation,1,0,never_instantiated,0,,,,,0,0,,nation,1,0,never_instantiated,0,,,,,0,0,partsupp,supplier,200000,0,never_instantiated,0,,,,,0,0,,,,,,,,,,,,,,,,,,,,,,,,,,,,,,,,,,,,,,,,,,,,,,,,,,,,,,,,,,,,
Q12,1,4,1,0.72,orders,lineitem,621378,0,never_instantiated,0,,,,,0,0,,,,,,,,,,,,,,,,,,,,,,,,,,,,,,,,,,,,,,,,,,,,,,,,,,,,,,,,,,,,,,,,,,,,,,,,,,,,,,,,,,,,,,,,,,,,,,,,
Q13,1,4,1,1.75,orders,customer,3000000,0,never_instantiated,0,,,,,0,0,,,,,,,,,,,,,,,,,,,,,,,,,,,,,,,,,,,,,,,,,,,,,,,,,,,,,,,,,,,,,,,,,,,,,,,,,,,,,,,,,,,,,,,,,,,,,,,,
Q14,1,4,1,1.03,lineitem,part,4000000,0,never_instantiated,0,,,,,0,0,,,,,,,,,,,,,,,,,,,,,,,,,,,,,,,,,,,,,,,,,,,,,,,,,,,,,,,,,,,,,,,,,,,,,,,,,,,,,,,,,,,,,,,,,,,,,,,,
Q15,1,4,1,0.62,,,1,0,never_instantiated,0,,,,,0,0,supplier,,200000,0,never_instantiated,0,,,,,0,0,,,,,,,,,,,,,,,,,,,,,,,,,,,,,,,,,,,,,,,,,,,,,,,,,,,,,,,,,,,,,,,,,,,,,,,,,,,,,,,,,,,,
Q16,1,4,1,0.52,,supplier,106,0,never_instantiated,0,,,,,0,0,partsupp,,593456,0,never_instantiated,0,,,,,0,0,part,,8,0,never_instantiated,0,,,,,0,0,,,,,,,,,,,,,,,,,,,,,,,,,,,,,,,,,,,,,,,,,,,,,,,,,,,,,,,,,,,,,,,,,,,,,,,,
Q17,1,4,1,1.33,lineitem,part,4066,0,never_instantiated,0,,,,,0,0,,,122217,0,never_instantiated,0,,,,,0,0,lineitem,,4066,0,never_instantiated,0,,,,,0,0,,,,,,,,,,,,,,,,,,,,,,,,,,,,,,,,,,,,,,,,,,,,,,,,,,,,,,,,,,,,,,,,,,,,,,,,
Q18,1,4,1,4.31,,lineitem,1281,0,never_instantiated,0,,,,,0,0,,customer,2999999,0,never_instantiated,0,,,,,0,0,lineitem,orders,30000000,0,never_instantiated,0,,,,,0,0,,,,,,,,,,,,,,,,,,,,,,,,,,,,,,,,,,,,,,,,,,,,,,,,,,,,,,,,,,,,,,,,,,,,,,,,
Q19,1,4,1,1.34,lineitem,part,4000000,0,never_instantiated,0,,,,,0,0,,,,,,,,,,,,,,,,,,,,,,,,,,,,,,,,,,,,,,,,,,,,,,,,,,,,,,,,,,,,,,,,,,,,,,,,,,,,,,,,,,,,,,,,,,,,,,,,
Q20,1,4,1,1.03,,,8063,0,never_instantiated,0,,,,,0,0,partsupp,part,43464,0,never_instantiated,0,,,,,0,0,,,173856,0,never_instantiated,0,,,,,0,0,lineitem,,173856,0,never_instantiated,0,,,,,0,0,supplier,nation,1,0,never_instantiated,0,,,,,0,0,,,,,,,,,,,,,,,,,,,,,,,,,,,,,,,,,,,,,,,,,,,,,,,,
Q21,1,4,1,3.59,,nation,1,0,never_instantiated,0,,,,,0,0,,supplier,200000,0,never_instantiated,0,,,,,0,0,lineitem,orders,14617146,0,never_instantiated,0,,,,,0,0,,,1464370,0,never_instantiated,0,,,,,0,0,lineitem,,1464364,0,never_instantiated,0,,,,,0,0,,,1411363,0,never_instantiated,0,,,,,0,0,lineitem,,1411357,0,never_instantiated,0,,,,,0,0,,,,,,,,,,,,,,,,,,,,,,,,
Q22,1,4,1,0.52,,,381883,0,never_instantiated,0,,,,,0,0,orders,,381883,0,never_instantiated,0,,,,,0,0,,,,,,,,,,,,,,,,,,,,,,,,,,,,,,,,,,,,,,,,,,,,,,,,,,,,,,,,,,,,,,,,,,,,,,,,,,,,,,,,,,,,
Q01,1,5,1,1.03,,,,,,,,,,,,,,,,,,,,,,,,,,,,,,,,,,,,,,,,,,,,,,,,,,,,,,,,,,,,,,,,,,,,,,,,,,,,,,,,,,,,,,,,,,,,,,,,,,,,,,,,,,,,
Q02,1,5,1,0.41,,region,1,0,never_instantiated,0,,,,,0,0,,nation,25,0,never_instantiated,0,,,,,0,0,,part,15890,0,never_instantiated,0,,,,,0,0,partsupp,supplier,200000,0,never_instantiated,0,,,,,0,0,,,12744,0,never_instantiated,0,,,,,0,0,,,9428,0,never_instantiated,0,,,,,0,0,,region,1,0,never_instantiated,0,,,,,0,0,,nation,25,0,never_instantiated,0,,,,,0,0,partsupp,supplier,200000,0,never_instantiated,0,,,,,0,0
Q03,1,5,1,1.54,,customer,600888,0,never_instantiated,0,,,,,0,0,lineitem,orders,14577240,0,never_instantiated,0,,,,,0,0,,,,,,,,,,,,,,,,,,,,,,,,,,,,,,,,,,,,,,,,,,,,,,,,,,,,,,,,,,,,,,,,,,,,,,,,,,,,,,,,,,,,
Q04,1,5,1,1.03,,,1146356,0,never_instantiated,0,,,,,0,0,lineitem,,1146356,0,never_instantiated,0,,,,,0,0,,,,,,,,,,,,,,,,,,,,,,,,,,,,,,,,,,,,,,,,,,,,,,,,,,,,,,,,,,,,,,,,,,,,,,,,,,,,,,,,,,,,
Q05,1,5,1,9999999,,,,,,,,,,,,,,,,,,,,,,,,,,,,,,,,,,,,,,,,,,,,,,,,,,,,,,,,,,,,,,,,,,,,,,,,,,,,,,,,,,,,,,,,,,,,,,,,,,,,,,,,,,,,
Q06,1,5,1,0.41,,,,,,,,,,,,,,,,,,,,,,,,,,,,,,,,,,,,,,,,,,,,,,,,,,,,,,,,,,,,,,,,,,,,,,,,,,,,,,,,,,,,,,,,,,,,,,,,,,,,,,,,,,,,
Q07,1,5,1,2.26,,nation,2,0,never_instantiated,0,,,,,0,0,,customer,2999999,0,never_instantiated,0,,,,,0,0,,nation,2,0,never_instantiated,0,,,,,0,0,,orders,30000000,0,never_instantiated,0,,,,,0,0,lineitem,supplier,200000,0,never_instantiated,0,,,,,0,0,,,,,,,,,,,,,,,,,,,,,,,,,,,,,,,,,,,,,,,,,,,,,,,,
Q08,1,5,1,3.38,,region,1,0,never_instantiated,0,,,,,0,0,,nation,25,0,never_instantiated,0,,,,,0,0,,part,26819,0,never_instantiated,0,,,,,0,0,,customer,2999999,0,never_instantiated,0,,,,,0,0,,orders,9116496,0,never_instantiated,0,,,,,0,0,,nation,25,0,never_instantiated,0,,,,,0,0,lineitem,supplier,200000,0,never_instantiated,0,,,,,0,0,,,,,,,,,,,,,,,,,,,,,,,,
Q09,1,5,1,3.69,,nation,25,0,never_instantiated,0,,,,,0,0,,supplier,200000,0,never_instantiated,0,,,,,0,0,,partsupp,16000000,0,never_instantiated,0,,,,,0,0,,orders,30000000,0,never_instantiated,0,,,,,0,0,lineitem,part,217392,0,never_instantiated,0,,,,,0,0,,,,,,,,,,,,,,,,,,,,,,,,,,,,,,,,,,,,,,,,,,,,,,,,
Q10,1,5,1,1.44,,nation,25,0,never_instantiated,0,,,,,0,0,customer,,2290399,0,never_instantiated,0,,,,,0,0,lineitem,orders,1145890,0,never_instantiated,0,,,,,0,0,,,,,,,,,,,,,,,,,,,,,,,,,,,,,,,,,,,,,,,,,,,,,,,,,,,,,,,,,,,,,,,,,,,,,,,,
Q11,1,5,1,0.31,,nation,1,0,never_instantiated,0,,,,,0,0,partsupp,supplier,200000,0,never_instantiated,0,,,,,0,0,partsupp,,8087,0,never_instantiated,0,,,,,0,0,supplier,nation,1,0,never_instantiated,0,,,,,0,0,,,,,,,,,,,,,,,,,,,,,,,,,,,,,,,,,,,,,,,,,,,,,,,,,,,,,,,,,,,,
Q12,1,5,1,0.82,orders,lineitem,621378,0,never_instantiated,0,,,,,0,0,,,,,,,,,,,,,,,,,,,,,,,,,,,,,,,,,,,,,,,,,,,,,,,,,,,,,,,,,,,,,,,,,,,,,,,,,,,,,,,,,,,,,,,,,,,,,,,,
Q13,1,5,1,1.75,orders,customer,3000000,0,never_instantiated,0,,,,,0,0,,,,,,,,,,,,,,,,,,,,,,,,,,,,,,,,,,,,,,,,,,,,,,,,,,,,,,,,,,,,,,,,,,,,,,,,,,,,,,,,,,,,,,,,,,,,,,,,
Q14,1,5,1,1.03,lineitem,part,4000000,0,never_instantiated,0,,,,,0,0,,,,,,,,,,,,,,,,,,,,,,,,,,,,,,,,,,,,,,,,,,,,,,,,,,,,,,,,,,,,,,,,,,,,,,,,,,,,,,,,,,,,,,,,,,,,,,,,
Q15,1,5,1,0.62,,,1,0,never_instantiated,0,,,,,0,0,supplier,,200000,0,never_instantiated,0,,,,,0,0,,,,,,,,,,,,,,,,,,,,,,,,,,,,,,,,,,,,,,,,,,,,,,,,,,,,,,,,,,,,,,,,,,,,,,,,,,,,,,,,,,,,
Q16,1,5,1,0.52,,supplier,106,0,never_instantiated,0,,,,,0,0,partsupp,,593456,0,never_instantiated,0,,,,,0,0,part,,8,0,never_instantiated,0,,,,,0,0,,,,,,,,,,,,,,,,,,,,,,,,,,,,,,,,,,,,,,,,,,,,,,,,,,,,,,,,,,,,,,,,,,,,,,,,
Q17,1,5,1,1.34,lineitem,part,4066,0,never_instantiated,0,,,,,0,0,,,122217,0,never_instantiated,0,,,,,0,0,lineitem,,4066,0,never_instantiated,0,,,,,0,0,,,,,,,,,,,,,,,,,,,,,,,,,,,,,,,,,,,,,,,,,,,,,,,,,,,,,,,,,,,,,,,,,,,,,,,,
Q18,1,5,1,4.31,,lineitem,1281,0,never_instantiated,0,,,,,0,0,,customer,2999999,0,never_instantiated,0,,,,,0,0,lineitem,orders,30000000,0,never_instantiated,0,,,,,0,0,,,,,,,,,,,,,,,,,,,,,,,,,,,,,,,,,,,,,,,,,,,,,,,,,,,,,,,,,,,,,,,,,,,,,,,,
Q19,1,5,1,1.33,lineitem,part,4000000,0,never_instantiated,0,,,,,0,0,,,,,,,,,,,,,,,,,,,,,,,,,,,,,,,,,,,,,,,,,,,,,,,,,,,,,,,,,,,,,,,,,,,,,,,,,,,,,,,,,,,,,,,,,,,,,,,,
Q20,1,5,1,1.13,,,8063,0,never_instantiated,0,,,,,0,0,partsupp,part,43464,0,never_instantiated,0,,,,,0,0,,,173856,0,never_instantiated,0,,,,,0,0,lineitem,,173856,0,never_instantiated,0,,,,,0,0,supplier,nation,1,0,never_instantiated,0,,,,,0,0,,,,,,,,,,,,,,,,,,,,,,,,,,,,,,,,,,,,,,,,,,,,,,,,
Q21,1,5,1,3.59,,nation,1,0,never_instantiated,0,,,,,0,0,,orders,14617146,0,never_instantiated,0,,,,,0,0,lineitem,supplier,200000,0,never_instantiated,0,,,,,0,0,,,1464370,0,never_instantiated,0,,,,,0,0,lineitem,,1464364,0,never_instantiated,0,,,,,0,0,,,1411363,0,never_instantiated,0,,,,,0,0,lineitem,,1411357,0,never_instantiated,0,,,,,0,0,,,,,,,,,,,,,,,,,,,,,,,,
Q22,1,5,1,0.52,,,381883,0,never_instantiated,0,,,,,0,0,orders,,381883,0,never_instantiated,0,,,,,0,0,,,,,,,,,,,,,,,,,,,,,,,,,,,,,,,,,,,,,,,,,,,,,,,,,,,,,,,,,,,,,,,,,,,,,,,,,,,,,,,,,,,,
Q01,1,6,1,1.03,,,,,,,,,,,,,,,,,,,,,,,,,,,,,,,,,,,,,,,,,,,,,,,,,,,,,,,,,,,,,,,,,,,,,,,,,,,,,,,,,,,,,,,,,,,,,,,,,,,,,,,,,,,,
Q02,1,6,1,0.41,,region,1,0,never_instantiated,0,,,,,0,0,,nation,25,0,never_instantiated,0,,,,,0,0,supplier,,63560,0,never_instantiated,0,,,,,0,0,partsupp,part,15890,0,never_instantiated,0,,,,,0,0,,,12744,0,never_instantiated,0,,,,,0,0,,,9428,0,never_instantiated,0,,,,,0,0,,region,1,0,never_instantiated,0,,,,,0,0,partsupp,,200000,0,never_instantiated,0,,,,,0,0,supplier,nation,25,0,never_instantiated,0,,,,,0,0
Q03,1,6,1,1.54,,customer,600888,0,never_instantiated,0,,,,,0,0,lineitem,orders,14577240,0,never_instantiated,0,,,,,0,0,,,,,,,,,,,,,,,,,,,,,,,,,,,,,,,,,,,,,,,,,,,,,,,,,,,,,,,,,,,,,,,,,,,,,,,,,,,,,,,,,,,,
Q04,1,6,1,0.93,,,1146356,0,never_instantiated,0,,,,,0,0,lineitem,,1146356,0,never_instantiated,0,,,,,0,0,,,,,,,,,,,,,,,,,,,,,,,,,,,,,,,,,,,,,,,,,,,,,,,,,,,,,,,,,,,,,,,,,,,,,,,,,,,,,,,,,,,,
Q05,1,6,1,2.05,,region,1,0,never_instantiated,0,,,,,0,0,,nation,25,0,never_instantiated,0,,,,,0,0,,customer,2999999,0,never_instantiated,0,,,,,0,0,,supplier,200000,0,never_instantiated,0,,,,,0,0,lineitem,orders,4549846,0,never_instantiated,0,,,,,0,0,,,,,,,,,,,,,,,,,,,,,,,,,,,,,,,,,,,,,,,,,,,,,,,,
Q06,1,6,1,0.41,,,,,,,,,,,,,,,,,,,,,,,,,,,,,,,,,,,,,,,,,,,,,,,,,,,,,,,,,,,,,,,,,,,,,,,,,,,,,,,,,,,,,,,,,,,,,,,,,,,,,,,,,,,,
Q07,1,6,1,2.26,,nation,2,0,never_instantiated,0,,,,,0,0,,customer,2999999,0,never_instantiated,0,,,,,0,0,,nation,2,0,never_instantiated,0,,,,,0,0,,supplier,200000,0,never_instantiated,0,,,,,0,0,lineitem,orders,30000000,0,never_instantiated,0,,,,,0,0,,,,,,,,,,,,,,,,,,,,,,,,,,,,,,,,,,,,,,,,,,,,,,,,
Q08,1,6,1,2.15,,region,1,0,never_instantiated,0,,,,,0,0,,nation,25,0,never_instantiated,0,,,,,0,0,,nation,25,0,never_instantiated,0,,,,,0,0,,supplier,200000,0,never_instantiated,0,,,,,0,0,customer,,244948,0,never_instantiated,0,,,,,0,0,,part,26819,0,never_instantiated,0,,,,,0,0,lineitem,orders,9116496,0,never_instantiated,0,,,,,0,0,,,,,,,,,,,,,,,,,,,,,,,,
Q09,1,6,1,5.23,,nation,25,0,never_instantiated,0,,,,,0,0,,supplier,200000,0,never_instantiated,0,,,,,0,0,,orders,30000000,0,never_instantiated,0,,,,,0,0,,part,217392,0,never_instantiated,0,,,,,0,0,lineitem,partsupp,16000000,0,never_instantiated,0,,,,,0,0,,,,,,,,,,,,,,,,,,,,,,,,,,,,,,,,,,,,,,,,,,,,,,,,
Q10,1,6,1,1.44,,nation,25,0,never_instantiated,0,,,,,0,0,customer,,2290399,0,never_instantiated,0,,,,,0,0,lineitem,orders,1145890,0,never_instantiated,0,,,,,0,0,,,,,,,,,,,,,,,,,,,,,,,,,,,,,,,,,,,,,,,,,,,,,,,,,,,,,,,,,,,,,,,,,,,,,,,,
Q11,1,6,1,0.21,partsupp,,8087,0,never_instantiated,0,,,,,0,0,supplier,nation,1,0,never_instantiated,0,,,,,0,0,partsupp,,8087,0,never_instantiated,0,,,,,0,0,supplier,nation,1,0,never_instantiated,0,,,,,0,0,,,,,,,,,,,,,,,,,,,,,,,,,,,,,,,,,,,,,,,,,,,,,,,,,,,,,,,,,,,,
Q12,1,6,1,0.82,orders,lineitem,621378,0,never_instantiated,0,,,,,0,0,,,,,,,,,,,,,,,,,,,,,,,,,,,,,,,,,,,,,,,,,,,,,,,,,,,,,,,,,,,,,,,,,,,,,,,,,,,,,,,,,,,,,,,,,,,,,,,,
Q13,1,6,1,1.75,orders,customer,3000000,0,never_instantiated,0,,,,,0,0,,,,,,,,,,,,,,,,,,,,,,,,,,,,,,,,,,,,,,,,,,,,,,,,,,,,,,,,,,,,,,,,,,,,,,,,,,,,,,,,,,,,,,,,,,,,,,,,
Q14,1,6,1,1.03,lineitem,part,4000000,0,never_instantiated,0,,,,,0,0,,,,,,,,,,,,,,,,,,,,,,,,,,,,,,,,,,,,,,,,,,,,,,,,,,,,,,,,,,,,,,,,,,,,,,,,,,,,,,,,,,,,,,,,,,,,,,,,
Q15,1,6,1,0.62,,,1,0,never_instantiated,0,,,,,0,0,supplier,,200000,0,never_instantiated,0,,,,,0,0,,,,,,,,,,,,,,,,,,,,,,,,,,,,,,,,,,,,,,,,,,,,,,,,,,,,,,,,,,,,,,,,,,,,,,,,,,,,,,,,,,,,
Q16,1,6,1,0.62,,supplier,106,0,never_instantiated,0,,,,,0,0,partsupp,,593456,0,never_instantiated,0,,,,,0,0,part,,8,0,never_instantiated,0,,,,,0,0,,,,,,,,,,,,,,,,,,,,,,,,,,,,,,,,,,,,,,,,,,,,,,,,,,,,,,,,,,,,,,,,,,,,,,,,
Q17,1,6,1,1.44,lineitem,part,4066,0,never_instantiated,0,,,,,0,0,,,122217,0,never_instantiated,0,,,,,0,0,lineitem,,4066,0,never_instantiated,0,,,,,0,0,,,,,,,,,,,,,,,,,,,,,,,,,,,,,,,,,,,,,,,,,,,,,,,,,,,,,,,,,,,,,,,,,,,,,,,,
Q18,1,6,1,4.31,,lineitem,1281,0,never_instantiated,0,,,,,0,0,,customer,2999999,0,never_instantiated,0,,,,,0,0,lineitem,orders,30000000,0,never_instantiated,0,,,,,0,0,,,,,,,,,,,,,,,,,,,,,,,,,,,,,,,,,,,,,,,,,,,,,,,,,,,,,,,,,,,,,,,,,,,,,,,,
Q19,1,6,1,1.34,lineitem,part,4000000,0,never_instantiated,0,,,,,0,0,,,,,,,,,,,,,,,,,,,,,,,,,,,,,,,,,,,,,,,,,,,,,,,,,,,,,,,,,,,,,,,,,,,,,,,,,,,,,,,,,,,,,,,,,,,,,,,,
Q20,1,6,1,1.13,,,8063,0,never_instantiated,0,,,,,0,0,partsupp,part,43464,0,never_instantiated,0,,,,,0,0,,,173856,0,never_instantiated,0,,,,,0,0,lineitem,,173856,0,never_instantiated,0,,,,,0,0,supplier,nation,1,0,never_instantiated,0,,,,,0,0,,,,,,,,,,,,,,,,,,,,,,,,,,,,,,,,,,,,,,,,,,,,,,,,
Q21,1,6,1,3.49,,nation,1,0,never_instantiated,0,,,,,0,0,,supplier,200000,0,never_instantiated,0,,,,,0,0,lineitem,orders,14617146,0,never_instantiated,0,,,,,0,0,,,1464370,0,never_instantiated,0,,,,,0,0,lineitem,,1464364,0,never_instantiated,0,,,,,0,0,,,1411363,0,never_instantiated,0,,,,,0,0,lineitem,,1411357,0,never_instantiated,0,,,,,0,0,,,,,,,,,,,,,,,,,,,,,,,,
Q22,1,6,1,0.52,,,381883,0,never_instantiated,0,,,,,0,0,orders,,381883,0,never_instantiated,0,,,,,0,0,,,,,,,,,,,,,,,,,,,,,,,,,,,,,,,,,,,,,,,,,,,,,,,,,,,,,,,,,,,,,,,,,,,,,,,,,,,,,,,,,,,,
Q01,1,7,1,1.03,,,,,,,,,,,,,,,,,,,,,,,,,,,,,,,,,,,,,,,,,,,,,,,,,,,,,,,,,,,,,,,,,,,,,,,,,,,,,,,,,,,,,,,,,,,,,,,,,,,,,,,,,,,,
Q02,1,7,1,0.51,,region,1,0,never_instantiated,0,,,,,0,0,,nation,25,0,never_instantiated,0,,,,,0,0,,part,15890,0,never_instantiated,0,,,,,0,0,partsupp,supplier,200000,0,never_instantiated,0,,,,,0,0,,,12744,0,never_instantiated,0,,,,,0,0,,,9428,0,never_instantiated,0,,,,,0,0,,region,1,0,never_instantiated,0,,,,,0,0,,nation,25,0,never_instantiated,0,,,,,0,0,partsupp,supplier,200000,0,never_instantiated,0,,,,,0,0
Q03,1,7,1,1.54,,customer,600888,0,never_instantiated,0,,,,,0,0,lineitem,orders,14577240,0,never_instantiated,0,,,,,0,0,,,,,,,,,,,,,,,,,,,,,,,,,,,,,,,,,,,,,,,,,,,,,,,,,,,,,,,,,,,,,,,,,,,,,,,,,,,,,,,,,,,,
Q04,1,7,1,0.93,,,1146356,0,never_instantiated,0,,,,,0,0,lineitem,,1146356,0,never_instantiated,0,,,,,0,0,,,,,,,,,,,,,,,,,,,,,,,,,,,,,,,,,,,,,,,,,,,,,,,,,,,,,,,,,,,,,,,,,,,,,,,,,,,,,,,,,,,,
Q05,1,7,1,9999999,,,,,,,,,,,,,,,,,,,,,,,,,,,,,,,,,,,,,,,,,,,,,,,,,,,,,,,,,,,,,,,,,,,,,,,,,,,,,,,,,,,,,,,,,,,,,,,,,,,,,,,,,,,,
Q06,1,7,1,0.41,,,,,,,,,,,,,,,,,,,,,,,,,,,,,,,,,,,,,,,,,,,,,,,,,,,,,,,,,,,,,,,,,,,,,,,,,,,,,,,,,,,,,,,,,,,,,,,,,,,,,,,,,,,,
Q07,1,7,1,2.77,,nation,2,0,never_instantiated,0,,,,,0,0,,nation,2,0,never_instantiated,0,,,,,0,0,,customer,2999999,0,never_instantiated,0,,,,,0,0,,orders,30000000,0,never_instantiated,0,,,,,0,0,lineitem,supplier,200000,0,never_instantiated,0,,,,,0,0,,,,,,,,,,,,,,,,,,,,,,,,,,,,,,,,,,,,,,,,,,,,,,,,
Q08,1,7,1,1.44,,region,1,0,never_instantiated,0,,,,,0,0,,nation,25,0,never_instantiated,0,,,,,0,0,customer,,244948,0,never_instantiated,0,,,,,0,0,,nation,25,0,never_instantiated,0,,,,,0,0,orders,,804078,0,never_instantiated,0,,,,,0,0,,supplier,200000,0,never_instantiated,0,,,,,0,0,lineitem,part,26819,0,never_instantiated,0,,,,,0,0,,,,,,,,,,,,,,,,,,,,,,,,
Q09,1,7,1,5.95,,nation,25,0,never_instantiated,0,,,,,0,0,,part,217392,0,never_instantiated,0,,,,,0,0,,orders,30000000,0,never_instantiated,0,,,,,0,0,,partsupp,16000000,0,never_instantiated,0,,,,,0,0,lineitem,supplier,200000,0,never_instantiated,0,,,,,0,0,,,,,,,,,,,,,,,,,,,,,,,,,,,,,,,,,,,,,,,,,,,,,,,,
Q10,1,7,1,1.44,,nation,25,0,never_instantiated,0,,,,,0,0,customer,,2290399,0,never_instantiated,0,,,,,0,0,lineitem,orders,1145890,0,never_instantiated,0,,,,,0,0,,,,,,,,,,,,,,,,,,,,,,,,,,,,,,,,,,,,,,,,,,,,,,,,,,,,,,,,,,,,,,,,,,,,,,,,
Q11,1,7,1,0.31,,nation,1,0,never_instantiated,0,,,,,0,0,partsupp,supplier,200000,0,never_instantiated,0,,,,,0,0,,nation,1,0,never_instantiated,0,,,,,0,0,partsupp,supplier,200000,0,never_instantiated,0,,,,,0,0,,,,,,,,,,,,,,,,,,,,,,,,,,,,,,,,,,,,,,,,,,,,,,,,,,,,,,,,,,,,
Q12,1,7,1,0.82,orders,lineitem,621378,0,never_instantiated,0,,,,,0,0,,,,,,,,,,,,,,,,,,,,,,,,,,,,,,,,,,,,,,,,,,,,,,,,,,,,,,,,,,,,,,,,,,,,,,,,,,,,,,,,,,,,,,,,,,,,,,,,
Q13,1,7,1,1.75,orders,customer,3000000,0,never_instantiated,0,,,,,0,0,,,,,,,,,,,,,,,,,,,,,,,,,,,,,,,,,,,,,,,,,,,,,,,,,,,,,,,,,,,,,,,,,,,,,,,,,,,,,,,,,,,,,,,,,,,,,,,,
Q14,1,7,1,1.03,lineitem,part,4000000,0,never_instantiated,0,,,,,0,0,,,,,,,,,,,,,,,,,,,,,,,,,,,,,,,,,,,,,,,,,,,,,,,,,,,,,,,,,,,,,,,,,,,,,,,,,,,,,,,,,,,,,,,,,,,,,,,,
Q15,1,7,1,0.62,,,1,0,never_instantiated,0,,,,,0,0,supplier,,200000,0,never_instantiated,0,,,,,0,0,,,,,,,,,,,,,,,,,,,,,,,,,,,,,,,,,,,,,,,,,,,,,,,,,,,,,,,,,,,,,,,,,,,,,,,,,,,,,,,,,,,,
Q16,1,7,1,0.62,,supplier,106,0,never_instantiated,0,,,,,0,0,partsupp,,593456,0,never_instantiated,0,,,,,0,0,part,,8,0,never_instantiated,0,,,,,0,0,,,,,,,,,,,,,,,,,,,,,,,,,,,,,,,,,,,,,,,,,,,,,,,,,,,,,,,,,,,,,,,,,,,,,,,,
Q17,1,7,1,1.44,lineitem,part,4066,0,never_instantiated,0,,,,,0,0,,,122217,0,never_instantiated,0,,,,,0,0,lineitem,,4066,0,never_instantiated,0,,,,,0,0,,,,,,,,,,,,,,,,,,,,,,,,,,,,,,,,,,,,,,,,,,,,,,,,,,,,,,,,,,,,,,,,,,,,,,,,
Q18,1,7,1,4.31,,lineitem,1281,0,never_instantiated,0,,,,,0,0,,customer,2999999,0,never_instantiated,0,,,,,0,0,lineitem,orders,30000000,0,never_instantiated,0,,,,,0,0,,,,,,,,,,,,,,,,,,,,,,,,,,,,,,,,,,,,,,,,,,,,,,,,,,,,,,,,,,,,,,,,,,,,,,,,
Q19,1,7,1,1.34,lineitem,part,4000000,0,never_instantiated,0,,,,,0,0,,,,,,,,,,,,,,,,,,,,,,,,,,,,,,,,,,,,,,,,,,,,,,,,,,,,,,,,,,,,,,,,,,,,,,,,,,,,,,,,,,,,,,,,,,,,,,,,
Q20,1,7,1,1.13,,,8063,0,never_instantiated,0,,,,,0,0,partsupp,part,43464,0,never_instantiated,0,,,,,0,0,,,173856,0,never_instantiated,0,,,,,0,0,lineitem,,173856,0,never_instantiated,0,,,,,0,0,supplier,nation,1,0,never_instantiated,0,,,,,0,0,,,,,,,,,,,,,,,,,,,,,,,,,,,,,,,,,,,,,,,,,,,,,,,,
Q21,1,7,1,3.59,,nation,1,0,never_instantiated,0,,,,,0,0,,orders,14617146,0,never_instantiated,0,,,,,0,0,lineitem,supplier,200000,0,never_instantiated,0,,,,,0,0,,,1464370,0,never_instantiated,0,,,,,0,0,lineitem,,1464364,0,never_instantiated,0,,,,,0,0,,,1411363,0,never_instantiated,0,,,,,0,0,lineitem,,1411357,0,never_instantiated,0,,,,,0,0,,,,,,,,,,,,,,,,,,,,,,,,
Q22,1,7,1,0.52,,,381883,0,never_instantiated,0,,,,,0,0,orders,,381883,0,never_instantiated,0,,,,,0,0,,,,,,,,,,,,,,,,,,,,,,,,,,,,,,,,,,,,,,,,,,,,,,,,,,,,,,,,,,,,,,,,,,,,,,,,,,,,,,,,,,,,
Q01,1,8,1,1.03,,,,,,,,,,,,,,,,,,,,,,,,,,,,,,,,,,,,,,,,,,,,,,,,,,,,,,,,,,,,,,,,,,,,,,,,,,,,,,,,,,,,,,,,,,,,,,,,,,,,,,,,,,,,
Q02,1,8,1,0.41,,region,1,0,never_instantiated,0,,,,,0,0,,nation,25,0,never_instantiated,0,,,,,0,0,supplier,,63560,0,never_instantiated,0,,,,,0,0,partsupp,part,15890,0,never_instantiated,0,,,,,0,0,,,12744,0,never_instantiated,0,,,,,0,0,,,9428,0,never_instantiated,0,,,,,0,0,,region,1,0,never_instantiated,0,,,,,0,0,partsupp,,200000,0,never_instantiated,0,,,,,0,0,supplier,nation,25,0,never_instantiated,0,,,,,0,0
Q03,1,8,1,1.54,,customer,600888,0,never_instantiated,0,,,,,0,0,lineitem,orders,14577240,0,never_instantiated,0,,,,,0,0,,,,,,,,,,,,,,,,,,,,,,,,,,,,,,,,,,,,,,,,,,,,,,,,,,,,,,,,,,,,,,,,,,,,,,,,,,,,,,,,,,,,
Q04,1,8,1,1.03,,,1146356,0,never_instantiated,0,,,,,0,0,lineitem,,1146356,0,never_instantiated,0,,,,,0,0,,,,,,,,,,,,,,,,,,,,,,,,,,,,,,,,,,,,,,,,,,,,,,,,,,,,,,,,,,,,,,,,,,,,,,,,,,,,,,,,,,,,
Q05,1,8,1,2.05,,region,1,0,never_instantiated,0,,,,,0,0,,nation,25,0,never_instantiated,0,,,,,0,0,,customer,2999999,0,never_instantiated,0,,,,,0,0,,supplier,200000,0,never_instantiated,0,,,,,0,0,lineitem,orders,4549846,0,never_instantiated,0,,,,,0,0,,,,,,,,,,,,,,,,,,,,,,,,,,,,,,,,,,,,,,,,,,,,,,,,
Q06,1,8,1,0.41,,,,,,,,,,,,,,,,,,,,,,,,,,,,,,,,,,,,,,,,,,,,,,,,,,,,,,,,,,,,,,,,,,,,,,,,,,,,,,,,,,,,,,,,,,,,,,,,,,,,,,,,,,,,
Q07,1,8,1,2.26,,nation,2,0,never_instantiated,0,,,,,0,0,,customer,2999999,0,never_instantiated,0,,,,,0,0,,nation,2,0,never_instantiated,0,,,,,0,0,,supplier,200000,0,never_instantiated,0,,,,,0,0,lineitem,orders,30000000,0,never_instantiated,0,,,,,0,0,,,,,,,,,,,,,,,,,,,,,,,,,,,,,,,,,,,,,,,,,,,,,,,,
Q08,1,8,1,2.67,,region,1,0,never_instantiated,0,,,,,0,0,,nation,25,0,never_instantiated,0,,,,,0,0,customer,,244948,0,never_instantiated,0,,,,,0,0,,part,26819,0,never_instantiated,0,,,,,0,0,,nation,25,0,never_instantiated,0,,,,,0,0,,orders,9116496,0,never_instantiated,0,,,,,0,0,lineitem,supplier,200000,0,never_instantiated,0,,,,,0,0,,,,,,,,,,,,,,,,,,,,,,,,
Q09,1,8,1,5.85,,nation,25,0,never_instantiated,0,,,,,0,0,,supplier,200000,0,never_instantiated,0,,,,,0,0,,part,217392,0,never_instantiated,0,,,,,0,0,,partsupp,16000000,0,never_instantiated,0,,,,,0,0,lineitem,orders,30000000,0,never_instantiated,0,,,,,0,0,,,,,,,,,,,,,,,,,,,,,,,,,,,,,,,,,,,,,,,,,,,,,,,,
Q10,1,8,1,1.44,,nation,25,0,never_instantiated,0,,,,,0,0,customer,,2290399,0,never_instantiated,0,,,,,0,0,lineitem,orders,1145890,0,never_instantiated,0,,,,,0,0,,,,,,,,,,,,,,,,,,,,,,,,,,,,,,,,,,,,,,,,,,,,,,,,,,,,,,,,,,,,,,,,,,,,,,,,
Q11,1,8,1,0.21,partsupp,,8087,0,never_instantiated,0,,,,,0,0,supplier,nation,1,0,never_instantiated,0,,,,,0,0,partsupp,,8087,0,never_instantiated,0,,,,,0,0,supplier,nation,1,0,never_instantiated,0,,,,,0,0,,,,,,,,,,,,,,,,,,,,,,,,,,,,,,,,,,,,,,,,,,,,,,,,,,,,,,,,,,,,
Q12,1,8,1,0.82,orders,lineitem,621378,0,never_instantiated,0,,,,,0,0,,,,,,,,,,,,,,,,,,,,,,,,,,,,,,,,,,,,,,,,,,,,,,,,,,,,,,,,,,,,,,,,,,,,,,,,,,,,,,,,,,,,,,,,,,,,,,,,
Q13,1,8,1,1.75,orders,customer,3000000,0,never_instantiated,0,,,,,0,0,,,,,,,,,,,,,,,,,,,,,,,,,,,,,,,,,,,,,,,,,,,,,,,,,,,,,,,,,,,,,,,,,,,,,,,,,,,,,,,,,,,,,,,,,,,,,,,,
Q14,1,8,1,1.03,lineitem,part,4000000,0,never_instantiated,0,,,,,0,0,,,,,,,,,,,,,,,,,,,,,,,,,,,,,,,,,,,,,,,,,,,,,,,,,,,,,,,,,,,,,,,,,,,,,,,,,,,,,,,,,,,,,,,,,,,,,,,,
Q15,1,8,1,0.62,,,1,0,never_instantiated,0,,,,,0,0,supplier,,200000,0,never_instantiated,0,,,,,0,0,,,,,,,,,,,,,,,,,,,,,,,,,,,,,,,,,,,,,,,,,,,,,,,,,,,,,,,,,,,,,,,,,,,,,,,,,,,,,,,,,,,,
Q16,1,8,1,0.62,,supplier,106,0,never_instantiated,0,,,,,0,0,partsupp,,593456,0,never_instantiated,0,,,,,0,0,part,,8,0,never_instantiated,0,,,,,0,0,,,,,,,,,,,,,,,,,,,,,,,,,,,,,,,,,,,,,,,,,,,,,,,,,,,,,,,,,,,,,,,,,,,,,,,,
Q17,1,8,1,1.44,lineitem,part,4066,0,never_instantiated,0,,,,,0,0,,,122217,0,never_instantiated,0,,,,,0,0,lineitem,,4066,0,never_instantiated,0,,,,,0,0,,,,,,,,,,,,,,,,,,,,,,,,,,,,,,,,,,,,,,,,,,,,,,,,,,,,,,,,,,,,,,,,,,,,,,,,
Q18,1,8,1,4.31,,lineitem,1281,0,never_instantiated,0,,,,,0,0,,customer,2999999,0,never_instantiated,0,,,,,0,0,lineitem,orders,30000000,0,never_instantiated,0,,,,,0,0,,,,,,,,,,,,,,,,,,,,,,,,,,,,,,,,,,,,,,,,,,,,,,,,,,,,,,,,,,,,,,,,,,,,,,,,
Q19,1,8,1,1.33,lineitem,part,4000000,0,never_instantiated,0,,,,,0,0,,,,,,,,,,,,,,,,,,,,,,,,,,,,,,,,,,,,,,,,,,,,,,,,,,,,,,,,,,,,,,,,,,,,,,,,,,,,,,,,,,,,,,,,,,,,,,,,
Q20,1,8,1,1.13,,,8063,0,never_instantiated,0,,,,,0,0,partsupp,part,43464,0,never_instantiated,0,,,,,0,0,,,173856,0,never_instantiated,0,,,,,0,0,lineitem,,173856,0,never_instantiated,0,,,,,0,0,supplier,nation,1,0,never_instantiated,0,,,,,0,0,,,,,,,,,,,,,,,,,,,,,,,,,,,,,,,,,,,,,,,,,,,,,,,,
Q21,1,8,1,3.59,,nation,1,0,never_instantiated,0,,,,,0,0,,supplier,200000,0,never_instantiated,0,,,,,0,0,lineitem,orders,14617146,0,never_instantiated,0,,,,,0,0,,,1464370,0,never_instantiated,0,,,,,0,0,lineitem,,1464364,0,never_instantiated,0,,,,,0,0,,,1411363,0,never_instantiated,0,,,,,0,0,lineitem,,1411357,0,never_instantiated,0,,,,,0,0,,,,,,,,,,,,,,,,,,,,,,,,
Q22,1,8,1,0.52,,,381883,0,never_instantiated,0,,,,,0,0,orders,,381883,0,never_instantiated,0,,,,,0,0,,,,,,,,,,,,,,,,,,,,,,,,,,,,,,,,,,,,,,,,,,,,,,,,,,,,,,,,,,,,,,,,,,,,,,,,,,,,,,,,,,,,
Q01,1,9,1,1.03,,,,,,,,,,,,,,,,,,,,,,,,,,,,,,,,,,,,,,,,,,,,,,,,,,,,,,,,,,,,,,,,,,,,,,,,,,,,,,,,,,,,,,,,,,,,,,,,,,,,,,,,,,,,
Q02,1,9,1,0.41,,region,1,0,never_instantiated,0,,,,,0,0,,part,15890,0,never_instantiated,0,,,,,0,0,,nation,25,0,never_instantiated,0,,,,,0,0,partsupp,supplier,200000,0,never_instantiated,0,,,,,0,0,,,12744,0,never_instantiated,0,,,,,0,0,,,9428,0,never_instantiated,0,,,,,0,0,partsupp,,39913,0,never_instantiated,0,,,,,0,0,,region,1,0,never_instantiated,0,,,,,0,0,supplier,nation,25,0,never_instantiated,0,,,,,0,0
Q03,1,9,1,1.54,,customer,600888,0,never_instantiated,0,,,,,0,0,lineitem,orders,14577240,0,never_instantiated,0,,,,,0,0,,,,,,,,,,,,,,,,,,,,,,,,,,,,,,,,,,,,,,,,,,,,,,,,,,,,,,,,,,,,,,,,,,,,,,,,,,,,,,,,,,,,
Q04,1,9,1,0.93,,,1146356,0,never_instantiated,0,,,,,0,0,lineitem,,1146356,0,never_instantiated,0,,,,,0,0,,,,,,,,,,,,,,,,,,,,,,,,,,,,,,,,,,,,,,,,,,,,,,,,,,,,,,,,,,,,,,,,,,,,,,,,,,,,,,,,,,,,
Q05,1,9,1,2.15,,region,1,0,never_instantiated,0,,,,,0,0,,nation,25,0,never_instantiated,0,,,,,0,0,,customer,2999999,0,never_instantiated,0,,,,,0,0,,orders,4549846,0,never_instantiated,0,,,,,0,0,lineitem,supplier,200000,0,never_instantiated,0,,,,,0,0,,,,,,,,,,,,,,,,,,,,,,,,,,,,,,,,,,,,,,,,,,,,,,,,
Q06,1,9,1,0.41,,,,,,,,,,,,,,,,,,,,,,,,,,,,,,,,,,,,,,,,,,,,,,,,,,,,,,,,,,,,,,,,,,,,,,,,,,,,,,,,,,,,,,,,,,,,,,,,,,,,,,,,,,,,
Q07,1,9,1,1.54,,nation,2,0,never_instantiated,0,,,,,0,0,,customer,2999999,0,never_instantiated,0,,,,,0,0,orders,,2914502,0,never_instantiated,0,,,,,0,0,,nation,2,0,never_instantiated,0,,,,,0,0,lineitem,supplier,200000,0,never_instantiated,0,,,,,0,0,,,,,,,,,,,,,,,,,,,,,,,,,,,,,,,,,,,,,,,,,,,,,,,,
Q08,1,9,1,2.56,,region,1,0,never_instantiated,0,,,,,0,0,,nation,25,0,never_instantiated,0,,,,,0,0,customer,,244948,0,never_instantiated,0,,,,,0,0,,part,26819,0,never_instantiated,0,,,,,0,0,,nation,25,0,never_instantiated,0,,,,,0,0,,supplier,200000,0,never_instantiated,0,,,,,0,0,lineitem,orders,9116496,0,never_instantiated,0,,,,,0,0,,,,,,,,,,,,,,,,,,,,,,,,
Q09,1,9,1,3.69,,nation,25,0,never_instantiated,0,,,,,0,0,,partsupp,16000000,0,never_instantiated,0,,,,,0,0,,orders,30000000,0,never_instantiated,0,,,,,0,0,,supplier,200000,0,never_instantiated,0,,,,,0,0,lineitem,part,217392,0,never_instantiated,0,,,,,0,0,,,,,,,,,,,,,,,,,,,,,,,,,,,,,,,,,,,,,,,,,,,,,,,,
Q10,1,9,1,1.44,,nation,25,0,never_instantiated,0,,,,,0,0,customer,,2290399,0,never_instantiated,0,,,,,0,0,lineitem,orders,1145890,0,never_instantiated,0,,,,,0,0,,,,,,,,,,,,,,,,,,,,,,,,,,,,,,,,,,,,,,,,,,,,,,,,,,,,,,,,,,,,,,,,,,,,,,,,
Q11,1,9,1,0.31,,nation,1,0,never_instantiated,0,,,,,0,0,partsupp,supplier,200000,0,never_instantiated,0,,,,,0,0,partsupp,,8087,0,never_instantiated,0,,,,,0,0,supplier,nation,1,0,never_instantiated,0,,,,,0,0,,,,,,,,,,,,,,,,,,,,,,,,,,,,,,,,,,,,,,,,,,,,,,,,,,,,,,,,,,,,
Q12,1,9,1,0.82,orders,lineitem,621378,0,never_instantiated,0,,,,,0,0,,,,,,,,,,,,,,,,,,,,,,,,,,,,,,,,,,,,,,,,,,,,,,,,,,,,,,,,,,,,,,,,,,,,,,,,,,,,,,,,,,,,,,,,,,,,,,,,
Q13,1,9,1,1.74,orders,customer,3000000,0,never_instantiated,0,,,,,0,0,,,,,,,,,,,,,,,,,,,,,,,,,,,,,,,,,,,,,,,,,,,,,,,,,,,,,,,,,,,,,,,,,,,,,,,,,,,,,,,,,,,,,,,,,,,,,,,,
Q14,1,9,1,1.03,lineitem,part,4000000,0,never_instantiated,0,,,,,0,0,,,,,,,,,,,,,,,,,,,,,,,,,,,,,,,,,,,,,,,,,,,,,,,,,,,,,,,,,,,,,,,,,,,,,,,,,,,,,,,,,,,,,,,,,,,,,,,,
Q15,1,9,1,0.62,,,1,0,never_instantiated,0,,,,,0,0,supplier,,200000,0,never_instantiated,0,,,,,0,0,,,,,,,,,,,,,,,,,,,,,,,,,,,,,,,,,,,,,,,,,,,,,,,,,,,,,,,,,,,,,,,,,,,,,,,,,,,,,,,,,,,,
Q16,1,9,1,0.52,,supplier,106,0,never_instantiated,0,,,,,0,0,partsupp,,593456,0,never_instantiated,0,,,,,0,0,part,,8,0,never_instantiated,0,,,,,0,0,,,,,,,,,,,,,,,,,,,,,,,,,,,,,,,,,,,,,,,,,,,,,,,,,,,,,,,,,,,,,,,,,,,,,,,,
Q17,1,9,1,1.33,lineitem,part,4066,0,never_instantiated,0,,,,,0,0,,,122217,0,never_instantiated,0,,,,,0,0,lineitem,,4066,0,never_instantiated,0,,,,,0,0,,,,,,,,,,,,,,,,,,,,,,,,,,,,,,,,,,,,,,,,,,,,,,,,,,,,,,,,,,,,,,,,,,,,,,,,
Q18,1,9,1,4.31,,lineitem,1281,0,never_instantiated,0,,,,,0,0,,customer,2999999,0,never_instantiated,0,,,,,0,0,lineitem,orders,30000000,0,never_instantiated,0,,,,,0,0,,,,,,,,,,,,,,,,,,,,,,,,,,,,,,,,,,,,,,,,,,,,,,,,,,,,,,,,,,,,,,,,,,,,,,,,
Q19,1,9,1,1.34,lineitem,part,4000000,0,never_instantiated,0,,,,,0,0,,,,,,,,,,,,,,,,,,,,,,,,,,,,,,,,,,,,,,,,,,,,,,,,,,,,,,,,,,,,,,,,,,,,,,,,,,,,,,,,,,,,,,,,,,,,,,,,
Q20,1,9,1,1.03,,,8063,0,never_instantiated,0,,,,,0,0,partsupp,part,43464,0,never_instantiated,0,,,,,0,0,,,173856,0,never_instantiated,0,,,,,0,0,lineitem,,173856,0,never_instantiated,0,,,,,0,0,supplier,nation,1,0,never_instantiated,0,,,,,0,0,,,,,,,,,,,,,,,,,,,,,,,,,,,,,,,,,,,,,,,,,,,,,,,,
Q21,1,9,1,2.87,orders,,3033530,0,never_instantiated,0,,,,,0,0,,nation,1,0,never_instantiated,0,,,,,0,0,lineitem,supplier,200000,0,never_instantiated,0,,,,,0,0,,,1464370,0,never_instantiated,0,,,,,0,0,lineitem,,1464364,0,never_instantiated,0,,,,,0,0,,,1411363,0,never_instantiated,0,,,,,0,0,lineitem,,1411357,0,never_instantiated,0,,,,,0,0,,,,,,,,,,,,,,,,,,,,,,,,
Q22,1,9,1,0.52,,,381883,0,never_instantiated,0,,,,,0,0,orders,,381883,0,never_instantiated,0,,,,,0,0,,,,,,,,,,,,,,,,,,,,,,,,,,,,,,,,,,,,,,,,,,,,,,,,,,,,,,,,,,,,,,,,,,,,,,,,,,,,,,,,,,,,
Q01,1,10,1,1.03,,,,,,,,,,,,,,,,,,,,,,,,,,,,,,,,,,,,,,,,,,,,,,,,,,,,,,,,,,,,,,,,,,,,,,,,,,,,,,,,,,,,,,,,,,,,,,,,,,,,,,,,,,,,
Q02,1,10,1,0.41,,region,1,0,never_instantiated,0,,,,,0,0,,nation,25,0,never_instantiated,0,,,,,0,0,supplier,,63560,0,never_instantiated,0,,,,,0,0,partsupp,part,15890,0,never_instantiated,0,,,,,0,0,,,12744,0,never_instantiated,0,,,,,0,0,,,9428,0,never_instantiated,0,,,,,0,0,,region,1,0,never_instantiated,0,,,,,0,0,partsupp,,200000,0,never_instantiated,0,,,,,0,0,supplier,nation,25,0,never_instantiated,0,,,,,0,0
Q03,1,10,1,1.54,,customer,600888,0,never_instantiated,0,,,,,0,0,lineitem,orders,14577240,0,never_instantiated,0,,,,,0,0,,,,,,,,,,,,,,,,,,,,,,,,,,,,,,,,,,,,,,,,,,,,,,,,,,,,,,,,,,,,,,,,,,,,,,,,,,,,,,,,,,,,
Q04,1,10,1,1.03,,,1146356,0,never_instantiated,0,,,,,0,0,lineitem,,1146356,0,never_instantiated,0,,,,,0,0,,,,,,,,,,,,,,,,,,,,,,,,,,,,,,,,,,,,,,,,,,,,,,,,,,,,,,,,,,,,,,,,,,,,,,,,,,,,,,,,,,,,
Q05,1,10,1,2.05,,region,1,0,never_instantiated,0,,,,,0,0,,nation,25,0,never_instantiated,0,,,,,0,0,,customer,2999999,0,never_instantiated,0,,,,,0,0,,supplier,200000,0,never_instantiated,0,,,,,0,0,lineitem,orders,4549846,0,never_instantiated,0,,,,,0,0,,,,,,,,,,,,,,,,,,,,,,,,,,,,,,,,,,,,,,,,,,,,,,,,
Q06,1,10,1,0.41,,,,,,,,,,,,,,,,,,,,,,,,,,,,,,,,,,,,,,,,,,,,,,,,,,,,,,,,,,,,,,,,,,,,,,,,,,,,,,,,,,,,,,,,,,,,,,,,,,,,,,,,,,,,
Q07,1,10,1,2.26,,nation,2,0,never_instantiated,0,,,,,0,0,,customer,2999999,0,never_instantiated,0,,,,,0,0,,nation,2,0,never_instantiated,0,,,,,0,0,,supplier,200000,0,never_instantiated,0,,,,,0,0,lineitem,orders,30000000,0,never_instantiated,0,,,,,0,0,,,,,,,,,,,,,,,,,,,,,,,,,,,,,,,,,,,,,,,,,,,,,,,,
Q08,1,10,1,1.44,,region,1,0,never_instantiated,0,,,,,0,0,,nation,25,0,never_instantiated,0,,,,,0,0,customer,,244948,0,never_instantiated,0,,,,,0,0,orders,,804078,0,never_instantiated,0,,,,,0,0,,nation,25,0,never_instantiated,0,,,,,0,0,,supplier,200000,0,never_instantiated,0,,,,,0,0,lineitem,part,26819,0,never_instantiated,0,,,,,0,0,,,,,,,,,,,,,,,,,,,,,,,,
Q09,1,10,1,6.05,,nation,25,0,never_instantiated,0,,,,,0,0,,part,217392,0,never_instantiated,0,,,,,0,0,,orders,30000000,0,never_instantiated,0,,,,,0,0,,supplier,200000,0,never_instantiated,0,,,,,0,0,lineitem,partsupp,16000000,0,never_instantiated,0,,,,,0,0,,,,,,,,,,,,,,,,,,,,,,,,,,,,,,,,,,,,,,,,,,,,,,,,
Q10,1,10,1,1.44,,nation,25,0,never_instantiated,0,,,,,0,0,customer,,2290399,0,never_instantiated,0,,,,,0,0,lineitem,orders,1145890,0,never_instantiated,0,,,,,0,0,,,,,,,,,,,,,,,,,,,,,,,,,,,,,,,,,,,,,,,,,,,,,,,,,,,,,,,,,,,,,,,,,,,,,,,,
Q11,1,10,1,0.21,partsupp,,8087,0,never_instantiated,0,,,,,0,0,supplier,nation,1,0,never_instantiated,0,,,,,0,0,partsupp,,8087,0,never_instantiated,0,,,,,0,0,supplier,nation,1,0,never_instantiated,0,,,,,0,0,,,,,,,,,,,,,,,,,,,,,,,,,,,,,,,,,,,,,,,,,,,,,,,,,,,,,,,,,,,,
Q12,1,10,1,0.82,orders,lineitem,621378,0,never_instantiated,0,,,,,0,0,,,,,,,,,,,,,,,,,,,,,,,,,,,,,,,,,,,,,,,,,,,,,,,,,,,,,,,,,,,,,,,,,,,,,,,,,,,,,,,,,,,,,,,,,,,,,,,,
Q13,1,10,1,1.75,orders,customer,3000000,0,never_instantiated,0,,,,,0,0,,,,,,,,,,,,,,,,,,,,,,,,,,,,,,,,,,,,,,,,,,,,,,,,,,,,,,,,,,,,,,,,,,,,,,,,,,,,,,,,,,,,,,,,,,,,,,,,
Q14,1,10,1,1.03,lineitem,part,4000000,0,never_instantiated,0,,,,,0,0,,,,,,,,,,,,,,,,,,,,,,,,,,,,,,,,,,,,,,,,,,,,,,,,,,,,,,,,,,,,,,,,,,,,,,,,,,,,,,,,,,,,,,,,,,,,,,,,
Q15,1,10,1,0.62,,,1,0,never_instantiated,0,,,,,0,0,supplier,,200000,0,never_instantiated,0,,,,,0,0,,,,,,,,,,,,,,,,,,,,,,,,,,,,,,,,,,,,,,,,,,,,,,,,,,,,,,,,,,,,,,,,,,,,,,,,,,,,,,,,,,,,
Q16,1,10,1,0.62,,supplier,106,0,never_instantiated,0,,,,,0,0,partsupp,,593456,0,never_instantiated,0,,,,,0,0,part,,8,0,never_instantiated,0,,,,,0,0,,,,,,,,,,,,,,,,,,,,,,,,,,,,,,,,,,,,,,,,,,,,,,,,,,,,,,,,,,,,,,,,,,,,,,,,
Q17,1,10,1,1.44,lineitem,part,4066,0,never_instantiated,0,,,,,0,0,,,122217,0,never_instantiated,0,,,,,0,0,lineitem,,4066,0,never_instantiated,0,,,,,0,0,,,,,,,,,,,,,,,,,,,,,,,,,,,,,,,,,,,,,,,,,,,,,,,,,,,,,,,,,,,,,,,,,,,,,,,,
Q18,1,10,1,4.31,,lineitem,1281,0,never_instantiated,0,,,,,0,0,,customer,2999999,0,never_instantiated,0,,,,,0,0,lineitem,orders,30000000,0,never_instantiated,0,,,,,0,0,,,,,,,,,,,,,,,,,,,,,,,,,,,,,,,,,,,,,,,,,,,,,,,,,,,,,,,,,,,,,,,,,,,,,,,,
Q19,1,10,1,1.34,lineitem,part,4000000,0,never_instantiated,0,,,,,0,0,,,,,,,,,,,,,,,,,,,,,,,,,,,,,,,,,,,,,,,,,,,,,,,,,,,,,,,,,,,,,,,,,,,,,,,,,,,,,,,,,,,,,,,,,,,,,,,,
Q20,1,10,1,1.03,,,8063,0,never_instantiated,0,,,,,0,0,partsupp,part,43464,0,never_instantiated,0,,,,,0,0,,,173856,0,never_instantiated,0,,,,,0,0,lineitem,,173856,0,never_instantiated,0,,,,,0,0,supplier,nation,1,0,never_instantiated,0,,,,,0,0,,,,,,,,,,,,,,,,,,,,,,,,,,,,,,,,,,,,,,,,,,,,,,,,
Q21,1,10,1,3.59,,nation,1,0,never_instantiated,0,,,,,0,0,,supplier,200000,0,never_instantiated,0,,,,,0,0,lineitem,orders,14617146,0,never_instantiated,0,,,,,0,0,,,1464370,0,never_instantiated,0,,,,,0,0,lineitem,,1464364,0,never_instantiated,0,,,,,0,0,,,1411363,0,never_instantiated,0,,,,,0,0,lineitem,,1411357,0,never_instantiated,0,,,,,0,0,,,,,,,,,,,,,,,,,,,,,,,,
Q22,1,10,1,0.52,,,381883,0,never_instantiated,0,,,,,0,0,orders,,381883,0,never_instantiated,0,,,,,0,0,,,,,,,,,,,,,,,,,,,,,,,,,,,,,,,,,,,,,,,,,,,,,,,,,,,,,,,,,,,,,,,,,,,,,,,,,,,,,,,,,,,,
Q01,1,11,1,1.03,,,,,,,,,,,,,,,,,,,,,,,,,,,,,,,,,,,,,,,,,,,,,,,,,,,,,,,,,,,,,,,,,,,,,,,,,,,,,,,,,,,,,,,,,,,,,,,,,,,,,,,,,,,,
Q02,1,11,1,0.52,,region,1,0,never_instantiated,0,,,,,0,0,,nation,25,0,never_instantiated,0,,,,,0,0,,part,15890,0,never_instantiated,0,,,,,0,0,partsupp,supplier,200000,0,never_instantiated,0,,,,,0,0,,,12744,0,never_instantiated,0,,,,,0,0,,,9428,0,never_instantiated,0,,,,,0,0,,region,1,0,never_instantiated,0,,,,,0,0,,nation,25,0,never_instantiated,0,,,,,0,0,partsupp,supplier,200000,0,never_instantiated,0,,,,,0,0
Q03,1,11,1,1.54,,customer,600888,0,never_instantiated,0,,,,,0,0,lineitem,orders,14577240,0,never_instantiated,0,,,,,0,0,,,,,,,,,,,,,,,,,,,,,,,,,,,,,,,,,,,,,,,,,,,,,,,,,,,,,,,,,,,,,,,,,,,,,,,,,,,,,,,,,,,,
Q04,1,11,1,0.93,,,1146356,0,never_instantiated,0,,,,,0,0,lineitem,,1146356,0,never_instantiated,0,,,,,0,0,,,,,,,,,,,,,,,,,,,,,,,,,,,,,,,,,,,,,,,,,,,,,,,,,,,,,,,,,,,,,,,,,,,,,,,,,,,,,,,,,,,,
Q05,1,11,1,2.26,,customer,2999999,0,never_instantiated,0,,,,,0,0,,region,1,0,never_instantiated,0,,,,,0,0,,nation,25,0,never_instantiated,0,,,,,0,0,,orders,4549846,0,never_instantiated,0,,,,,0,0,lineitem,supplier,200000,0,never_instantiated,0,,,,,0,0,,,,,,,,,,,,,,,,,,,,,,,,,,,,,,,,,,,,,,,,,,,,,,,,
Q06,1,11,1,0.41,,,,,,,,,,,,,,,,,,,,,,,,,,,,,,,,,,,,,,,,,,,,,,,,,,,,,,,,,,,,,,,,,,,,,,,,,,,,,,,,,,,,,,,,,,,,,,,,,,,,,,,,,,,,
Q07,1,11,1,2.77,,nation,2,0,never_instantiated,0,,,,,0,0,,nation,2,0,never_instantiated,0,,,,,0,0,,customer,2999999,0,never_instantiated,0,,,,,0,0,,orders,30000000,0,never_instantiated,0,,,,,0,0,lineitem,supplier,200000,0,never_instantiated,0,,,,,0,0,,,,,,,,,,,,,,,,,,,,,,,,,,,,,,,,,,,,,,,,,,,,,,,,
Q08,1,11,1,1.74,,region,1,0,never_instantiated,0,,,,,0,0,,nation,25,0,never_instantiated,0,,,,,0,0,customer,,244948,0,never_instantiated,0,,,,,0,0,,nation,25,0,never_instantiated,0,,,,,0,0,orders,,804078,0,never_instantiated,0,,,,,0,0,,part,26819,0,never_instantiated,0,,,,,0,0,lineitem,supplier,200000,0,never_instantiated,0,,,,,0,0,,,,,,,,,,,,,,,,,,,,,,,,
Q09,1,11,1,5.64,,orders,30000000,0,never_instantiated,0,,,,,0,0,,part,217392,0,never_instantiated,0,,,,,0,0,,nation,25,0,never_instantiated,0,,,,,0,0,,partsupp,16000000,0,never_instantiated,0,,,,,0,0,lineitem,supplier,200000,0,never_instantiated,0,,,,,0,0,,,,,,,,,,,,,,,,,,,,,,,,,,,,,,,,,,,,,,,,,,,,,,,,
Q10,1,11,1,1.44,,nation,25,0,never_instantiated,0,,,,,0,0,customer,,2290399,0,never_instantiated,0,,,,,0,0,lineitem,orders,1145890,0,never_instantiated,0,,,,,0,0,,,,,,,,,,,,,,,,,,,,,,,,,,,,,,,,,,,,,,,,,,,,,,,,,,,,,,,,,,,,,,,,,,,,,,,,
Q11,1,11,1,0.31,,nation,1,0,never_instantiated,0,,,,,0,0,partsupp,supplier,200000,0,never_instantiated,0,,,,,0,0,,nation,1,0,never_instantiated,0,,,,,0,0,partsupp,supplier,200000,0,never_instantiated,0,,,,,0,0,,,,,,,,,,,,,,,,,,,,,,,,,,,,,,,,,,,,,,,,,,,,,,,,,,,,,,,,,,,,
Q12,1,11,1,0.82,orders,lineitem,621378,0,never_instantiated,0,,,,,0,0,,,,,,,,,,,,,,,,,,,,,,,,,,,,,,,,,,,,,,,,,,,,,,,,,,,,,,,,,,,,,,,,,,,,,,,,,,,,,,,,,,,,,,,,,,,,,,,,
Q13,1,11,1,1.75,orders,customer,3000000,0,never_instantiated,0,,,,,0,0,,,,,,,,,,,,,,,,,,,,,,,,,,,,,,,,,,,,,,,,,,,,,,,,,,,,,,,,,,,,,,,,,,,,,,,,,,,,,,,,,,,,,,,,,,,,,,,,
Q14,1,11,1,1.03,lineitem,part,4000000,0,never_instantiated,0,,,,,0,0,,,,,,,,,,,,,,,,,,,,,,,,,,,,,,,,,,,,,,,,,,,,,,,,,,,,,,,,,,,,,,,,,,,,,,,,,,,,,,,,,,,,,,,,,,,,,,,,
Q15,1,11,1,0.62,,,1,0,never_instantiated,0,,,,,0,0,supplier,,200000,0,never_instantiated,0,,,,,0,0,,,,,,,,,,,,,,,,,,,,,,,,,,,,,,,,,,,,,,,,,,,,,,,,,,,,,,,,,,,,,,,,,,,,,,,,,,,,,,,,,,,,
Q16,1,11,1,0.62,,supplier,106,0,never_instantiated,0,,,,,0,0,partsupp,,593456,0,never_instantiated,0,,,,,0,0,part,,8,0,never_instantiated,0,,,,,0,0,,,,,,,,,,,,,,,,,,,,,,,,,,,,,,,,,,,,,,,,,,,,,,,,,,,,,,,,,,,,,,,,,,,,,,,,
Q17,1,11,1,1.44,lineitem,part,4066,0,never_instantiated,0,,,,,0,0,,,122217,0,never_instantiated,0,,,,,0,0,lineitem,,4066,0,never_instantiated,0,,,,,0,0,,,,,,,,,,,,,,,,,,,,,,,,,,,,,,,,,,,,,,,,,,,,,,,,,,,,,,,,,,,,,,,,,,,,,,,,
Q18,1,11,1,4.31,,lineitem,1281,0,never_instantiated,0,,,,,0,0,,customer,2999999,0,never_instantiated,0,,,,,0,0,lineitem,orders,30000000,0,never_instantiated,0,,,,,0,0,,,,,,,,,,,,,,,,,,,,,,,,,,,,,,,,,,,,,,,,,,,,,,,,,,,,,,,,,,,,,,,,,,,,,,,,
Q19,1,11,1,1.34,lineitem,part,4000000,0,never_instantiated,0,,,,,0,0,,,,,,,,,,,,,,,,,,,,,,,,,,,,,,,,,,,,,,,,,,,,,,,,,,,,,,,,,,,,,,,,,,,,,,,,,,,,,,,,,,,,,,,,,,,,,,,,
Q20,1,11,1,1.13,,,8063,0,never_instantiated,0,,,,,0,0,partsupp,part,43464,0,never_instantiated,0,,,,,0,0,,,173856,0,never_instantiated,0,,,,,0,0,lineitem,,173856,0,never_instantiated,0,,,,,0,0,supplier,nation,1,0,never_instantiated,0,,,,,0,0,,,,,,,,,,,,,,,,,,,,,,,,,,,,,,,,,,,,,,,,,,,,,,,,
Q21,1,11,1,3.59,,nation,1,0,never_instantiated,0,,,,,0,0,,orders,14617146,0,never_instantiated,0,,,,,0,0,lineitem,supplier,200000,0,never_instantiated,0,,,,,0,0,,,1464370,0,never_instantiated,0,,,,,0,0,lineitem,,1464364,0,never_instantiated,0,,,,,0,0,,,1411363,0,never_instantiated,0,,,,,0,0,lineitem,,1411357,0,never_instantiated,0,,,,,0,0,,,,,,,,,,,,,,,,,,,,,,,,
Q22,1,11,1,0.52,,,381883,0,never_instantiated,0,,,,,0,0,orders,,381883,0,never_instantiated,0,,,,,0,0,,,,,,,,,,,,,,,,,,,,,,,,,,,,,,,,,,,,,,,,,,,,,,,,,,,,,,,,,,,,,,,,,,,,,,,,,,,,,,,,,,,,
Q01,1,12,1,1.03,,,,,,,,,,,,,,,,,,,,,,,,,,,,,,,,,,,,,,,,,,,,,,,,,,,,,,,,,,,,,,,,,,,,,,,,,,,,,,,,,,,,,,,,,,,,,,,,,,,,,,,,,,,,
Q02,1,12,1,0.31,,region,1,0,never_instantiated,0,,,,,0,0,,nation,25,0,never_instantiated,0,,,,,0,0,supplier,,63560,0,never_instantiated,0,,,,,0,0,partsupp,part,15890,0,never_instantiated,0,,,,,0,0,,,12744,0,never_instantiated,0,,,,,0,0,,,9428,0,never_instantiated,0,,,,,0,0,partsupp,,39913,0,never_instantiated,0,,,,,0,0,,region,1,0,never_instantiated,0,,,,,0,0,supplier,nation,25,0,never_instantiated,0,,,,,0,0
Q03,1,12,1,1.54,,customer,600888,0,never_instantiated,0,,,,,0,0,lineitem,orders,14577240,0,never_instantiated,0,,,,,0,0,,,,,,,,,,,,,,,,,,,,,,,,,,,,,,,,,,,,,,,,,,,,,,,,,,,,,,,,,,,,,,,,,,,,,,,,,,,,,,,,,,,,
Q04,1,12,1,0.93,,,1146356,0,never_instantiated,0,,,,,0,0,lineitem,,1146356,0,never_instantiated,0,,,,,0,0,,,,,,,,,,,,,,,,,,,,,,,,,,,,,,,,,,,,,,,,,,,,,,,,,,,,,,,,,,,,,,,,,,,,,,,,,,,,,,,,,,,,
Q05,1,12,1,2.36,,supplier,200000,0,never_instantiated,0,,,,,0,0,,region,1,0,never_instantiated,0,,,,,0,0,,nation,25,0,never_instantiated,0,,,,,0,0,,customer,2999999,0,never_instantiated,0,,,,,0,0,lineitem,orders,4549846,0,never_instantiated,0,,,,,0,0,,,,,,,,,,,,,,,,,,,,,,,,,,,,,,,,,,,,,,,,,,,,,,,,
Q06,1,12,1,0.41,,,,,,,,,,,,,,,,,,,,,,,,,,,,,,,,,,,,,,,,,,,,,,,,,,,,,,,,,,,,,,,,,,,,,,,,,,,,,,,,,,,,,,,,,,,,,,,,,,,,,,,,,,,,
Q07,1,12,1,2.67,,nation,2,0,never_instantiated,0,,,,,0,0,,supplier,200000,0,never_instantiated,0,,,,,0,0,,nation,2,0,never_instantiated,0,,,,,0,0,,customer,2999999,0,never_instantiated,0,,,,,0,0,lineitem,orders,30000000,0,never_instantiated,0,,,,,0,0,,,,,,,,,,,,,,,,,,,,,,,,,,,,,,,,,,,,,,,,,,,,,,,,
Q08,1,12,1,3.49,,part,26819,0,never_instantiated,0,,,,,0,0,,region,1,0,never_instantiated,0,,,,,0,0,,nation,25,0,never_instantiated,0,,,,,0,0,,customer,2999999,0,never_instantiated,0,,,,,0,0,,nation,25,0,never_instantiated,0,,,,,0,0,,supplier,200000,0,never_instantiated,0,,,,,0,0,lineitem,orders,9116496,0,never_instantiated,0,,,,,0,0,,,,,,,,,,,,,,,,,,,,,,,,
Q09,1,12,1,4.41,,partsupp,16000000,0,never_instantiated,0,,,,,0,0,,nation,25,0,never_instantiated,0,,,,,0,0,,part,217392,0,never_instantiated,0,,,,,0,0,,supplier,200000,0,never_instantiated,0,,,,,0,0,lineitem,orders,30000000,0,never_instantiated,0,,,,,0,0,,,,,,,,,,,,,,,,,,,,,,,,,,,,,,,,,,,,,,,,,,,,,,,,
Q10,1,12,1,1.44,,nation,25,0,never_instantiated,0,,,,,0,0,customer,,2290399,0,never_instantiated,0,,,,,0,0,lineitem,orders,1145890,0,never_instantiated,0,,,,,0,0,,,,,,,,,,,,,,,,,,,,,,,,,,,,,,,,,,,,,,,,,,,,,,,,,,,,,,,,,,,,,,,,,,,,,,,,
Q11,1,12,1,0.21,partsupp,,8087,0,never_instantiated,0,,,,,0,0,supplier,nation,1,0,never_instantiated,0,,,,,0,0,partsupp,,8087,0,never_instantiated,0,,,,,0,0,supplier,nation,1,0,never_instantiated,0,,,,,0,0,,,,,,,,,,,,,,,,,,,,,,,,,,,,,,,,,,,,,,,,,,,,,,,,,,,,,,,,,,,,
Q12,1,12,1,0.82,orders,lineitem,621378,0,never_instantiated,0,,,,,0,0,,,,,,,,,,,,,,,,,,,,,,,,,,,,,,,,,,,,,,,,,,,,,,,,,,,,,,,,,,,,,,,,,,,,,,,,,,,,,,,,,,,,,,,,,,,,,,,,
Q13,1,12,1,1.75,orders,customer,3000000,0,never_instantiated,0,,,,,0,0,,,,,,,,,,,,,,,,,,,,,,,,,,,,,,,,,,,,,,,,,,,,,,,,,,,,,,,,,,,,,,,,,,,,,,,,,,,,,,,,,,,,,,,,,,,,,,,,
Q14,1,12,1,1.03,lineitem,part,4000000,0,never_instantiated,0,,,,,0,0,,,,,,,,,,,,,,,,,,,,,,,,,,,,,,,,,,,,,,,,,,,,,,,,,,,,,,,,,,,,,,,,,,,,,,,,,,,,,,,,,,,,,,,,,,,,,,,,
Q15,1,12,1,0.62,,,1,0,never_instantiated,0,,,,,0,0,supplier,,200000,0,never_instantiated,0,,,,,0,0,,,,,,,,,,,,,,,,,,,,,,,,,,,,,,,,,,,,,,,,,,,,,,,,,,,,,,,,,,,,,,,,,,,,,,,,,,,,,,,,,,,,
Q16,1,12,1,0.52,,supplier,106,0,never_instantiated,0,,,,,0,0,partsupp,,593456,0,never_instantiated,0,,,,,0,0,part,,8,0,never_instantiated,0,,,,,0,0,,,,,,,,,,,,,,,,,,,,,,,,,,,,,,,,,,,,,,,,,,,,,,,,,,,,,,,,,,,,,,,,,,,,,,,,
Q17,1,12,1,1.34,lineitem,part,4066,0,never_instantiated,0,,,,,0,0,,,122217,0,never_instantiated,0,,,,,0,0,lineitem,,4066,0,never_instantiated,0,,,,,0,0,,,,,,,,,,,,,,,,,,,,,,,,,,,,,,,,,,,,,,,,,,,,,,,,,,,,,,,,,,,,,,,,,,,,,,,,
Q18,1,12,1,4.31,,lineitem,1281,0,never_instantiated,0,,,,,0,0,,customer,2999999,0,never_instantiated,0,,,,,0,0,lineitem,orders,30000000,0,never_instantiated,0,,,,,0,0,,,,,,,,,,,,,,,,,,,,,,,,,,,,,,,,,,,,,,,,,,,,,,,,,,,,,,,,,,,,,,,,,,,,,,,,
Q19,1,12,1,1.34,lineitem,part,4000000,0,never_instantiated,0,,,,,0,0,,,,,,,,,,,,,,,,,,,,,,,,,,,,,,,,,,,,,,,,,,,,,,,,,,,,,,,,,,,,,,,,,,,,,,,,,,,,,,,,,,,,,,,,,,,,,,,,
Q20,1,12,1,1.13,,,8063,0,never_instantiated,0,,,,,0,0,partsupp,part,43464,0,never_instantiated,0,,,,,0,0,,,173856,0,never_instantiated,0,,,,,0,0,lineitem,,173856,0,never_instantiated,0,,,,,0,0,supplier,nation,1,0,never_instantiated,0,,,,,0,0,,,,,,,,,,,,,,,,,,,,,,,,,,,,,,,,,,,,,,,,,,,,,,,,
Q21,1,12,1,3.59,,nation,1,0,never_instantiated,0,,,,,0,0,,supplier,200000,0,never_instantiated,0,,,,,0,0,lineitem,orders,14617146,0,never_instantiated,0,,,,,0,0,,,1464370,0,never_instantiated,0,,,,,0,0,lineitem,,1464364,0,never_instantiated,0,,,,,0,0,,,1411363,0,never_instantiated,0,,,,,0,0,lineitem,,1411357,0,never_instantiated,0,,,,,0,0,,,,,,,,,,,,,,,,,,,,,,,,
Q22,1,12,1,0.52,,,381883,0,never_instantiated,0,,,,,0,0,orders,,381883,0,never_instantiated,0,,,,,0,0,,,,,,,,,,,,,,,,,,,,,,,,,,,,,,,,,,,,,,,,,,,,,,,,,,,,,,,,,,,,,,,,,,,,,,,,,,,,,,,,,,,,
Q01,1,13,1,1.03,,,,,,,,,,,,,,,,,,,,,,,,,,,,,,,,,,,,,,,,,,,,,,,,,,,,,,,,,,,,,,,,,,,,,,,,,,,,,,,,,,,,,,,,,,,,,,,,,,,,,,,,,,,,
Q02,1,13,1,0.52,,region,1,0,never_instantiated,0,,,,,0,0,,nation,25,0,never_instantiated,0,,,,,0,0,,part,15890,0,never_instantiated,0,,,,,0,0,partsupp,supplier,200000,0,never_instantiated,0,,,,,0,0,,,12744,0,never_instantiated,0,,,,,0,0,,,9428,0,never_instantiated,0,,,,,0,0,,region,1,0,never_instantiated,0,,,,,0,0,,nation,25,0,never_instantiated,0,,,,,0,0,partsupp,supplier,200000,0,never_instantiated,0,,,,,0,0
Q03,1,13,1,1.54,,customer,600888,0,never_instantiated,0,,,,,0,0,lineitem,orders,14577240,0,never_instantiated,0,,,,,0,0,,,,,,,,,,,,,,,,,,,,,,,,,,,,,,,,,,,,,,,,,,,,,,,,,,,,,,,,,,,,,,,,,,,,,,,,,,,,,,,,,,,,
Q04,1,13,1,1.03,,,1146356,0,never_instantiated,0,,,,,0,0,lineitem,,1146356,0,never_instantiated,0,,,,,0,0,,,,,,,,,,,,,,,,,,,,,,,,,,,,,,,,,,,,,,,,,,,,,,,,,,,,,,,,,,,,,,,,,,,,,,,,,,,,,,,,,,,,
Q05,1,13,1,9999999,,,,,,,,,,,,,,,,,,,,,,,,,,,,,,,,,,,,,,,,,,,,,,,,,,,,,,,,,,,,,,,,,,,,,,,,,,,,,,,,,,,,,,,,,,,,,,,,,,,,,,,,,,,,
Q06,1,13,1,0.41,,,,,,,,,,,,,,,,,,,,,,,,,,,,,,,,,,,,,,,,,,,,,,,,,,,,,,,,,,,,,,,,,,,,,,,,,,,,,,,,,,,,,,,,,,,,,,,,,,,,,,,,,,,,
Q07,1,13,1,2.26,,nation,2,0,never_instantiated,0,,,,,0,0,,customer,2999999,0,never_instantiated,0,,,,,0,0,,nation,2,0,never_instantiated,0,,,,,0,0,,orders,30000000,0,never_instantiated,0,,,,,0,0,lineitem,supplier,200000,0,never_instantiated,0,,,,,0,0,,,,,,,,,,,,,,,,,,,,,,,,,,,,,,,,,,,,,,,,,,,,,,,,
Q08,1,13,1,1.44,,region,1,0,never_instantiated,0,,,,,0,0,,nation,25,0,never_instantiated,0,,,,,0,0,customer,,244948,0,never_instantiated,0,,,,,0,0,orders,,804078,0,never_instantiated,0,,,,,0,0,,nation,25,0,never_instantiated,0,,,,,0,0,,supplier,200000,0,never_instantiated,0,,,,,0,0,lineitem,part,26819,0,never_instantiated,0,,,,,0,0,,,,,,,,,,,,,,,,,,,,,,,,
Q09,1,13,1,3.69,,nation,25,0,never_instantiated,0,,,,,0,0,,supplier,200000,0,never_instantiated,0,,,,,0,0,,orders,30000000,0,never_instantiated,0,,,,,0,0,,partsupp,16000000,0,never_instantiated,0,,,,,0,0,lineitem,part,217392,0,never_instantiated,0,,,,,0,0,,,,,,,,,,,,,,,,,,,,,,,,,,,,,,,,,,,,,,,,,,,,,,,,
Q10,1,13,1,1.44,,nation,25,0,never_instantiated,0,,,,,0,0,customer,,2290399,0,never_instantiated,0,,,,,0,0,lineitem,orders,1145890,0,never_instantiated,0,,,,,0,0,,,,,,,,,,,,,,,,,,,,,,,,,,,,,,,,,,,,,,,,,,,,,,,,,,,,,,,,,,,,,,,,,,,,,,,,
Q11,1,13,1,0.31,,nation,1,0,never_instantiated,0,,,,,0,0,partsupp,supplier,200000,0,never_instantiated,0,,,,,0,0,partsupp,,8087,0,never_instantiated,0,,,,,0,0,supplier,nation,1,0,never_instantiated,0,,,,,0,0,,,,,,,,,,,,,,,,,,,,,,,,,,,,,,,,,,,,,,,,,,,,,,,,,,,,,,,,,,,,
Q12,1,13,1,0.82,orders,lineitem,621378,0,never_instantiated,0,,,,,0,0,,,,,,,,,,,,,,,,,,,,,,,,,,,,,,,,,,,,,,,,,,,,,,,,,,,,,,,,,,,,,,,,,,,,,,,,,,,,,,,,,,,,,,,,,,,,,,,,
Q13,1,13,1,1.75,orders,customer,3000000,0,never_instantiated,0,,,,,0,0,,,,,,,,,,,,,,,,,,,,,,,,,,,,,,,,,,,,,,,,,,,,,,,,,,,,,,,,,,,,,,,,,,,,,,,,,,,,,,,,,,,,,,,,,,,,,,,,
Q14,1,13,1,1.03,lineitem,part,4000000,0,never_instantiated,0,,,,,0,0,,,,,,,,,,,,,,,,,,,,,,,,,,,,,,,,,,,,,,,,,,,,,,,,,,,,,,,,,,,,,,,,,,,,,,,,,,,,,,,,,,,,,,,,,,,,,,,,
Q15,1,13,1,0.62,,,1,0,never_instantiated,0,,,,,0,0,supplier,,200000,0,never_instantiated,0,,,,,0,0,,,,,,,,,,,,,,,,,,,,,,,,,,,,,,,,,,,,,,,,,,,,,,,,,,,,,,,,,,,,,,,,,,,,,,,,,,,,,,,,,,,,
Q16,1,13,1,0.52,,supplier,106,0,never_instantiated,0,,,,,0,0,partsupp,,593456,0,never_instantiated,0,,,,,0,0,part,,8,0,never_instantiated,0,,,,,0,0,,,,,,,,,,,,,,,,,,,,,,,,,,,,,,,,,,,,,,,,,,,,,,,,,,,,,,,,,,,,,,,,,,,,,,,,
Q17,1,13,1,1.44,lineitem,part,4066,0,never_instantiated,0,,,,,0,0,,,122217,0,never_instantiated,0,,,,,0,0,lineitem,,4066,0,never_instantiated,0,,,,,0,0,,,,,,,,,,,,,,,,,,,,,,,,,,,,,,,,,,,,,,,,,,,,,,,,,,,,,,,,,,,,,,,,,,,,,,,,
Q18,1,13,1,4.31,,lineitem,1281,0,never_instantiated,0,,,,,0,0,,customer,2999999,0,never_instantiated,0,,,,,0,0,lineitem,orders,30000000,0,never_instantiated,0,,,,,0,0,,,,,,,,,,,,,,,,,,,,,,,,,,,,,,,,,,,,,,,,,,,,,,,,,,,,,,,,,,,,,,,,,,,,,,,,
Q19,1,13,1,1.33,lineitem,part,4000000,0,never_instantiated,0,,,,,0,0,,,,,,,,,,,,,,,,,,,,,,,,,,,,,,,,,,,,,,,,,,,,,,,,,,,,,,,,,,,,,,,,,,,,,,,,,,,,,,,,,,,,,,,,,,,,,,,,
Q20,1,13,1,1.13,,,8063,0,never_instantiated,0,,,,,0,0,partsupp,part,43464,0,never_instantiated,0,,,,,0,0,,,173856,0,never_instantiated,0,,,,,0,0,lineitem,,173856,0,never_instantiated,0,,,,,0,0,supplier,nation,1,0,never_instantiated,0,,,,,0,0,,,,,,,,,,,,,,,,,,,,,,,,,,,,,,,,,,,,,,,,,,,,,,,,
Q21,1,13,1,3.69,,nation,1,0,never_instantiated,0,,,,,0,0,,orders,14617146,0,never_instantiated,0,,,,,0,0,lineitem,supplier,200000,0,never_instantiated,0,,,,,0,0,,,1464370,0,never_instantiated,0,,,,,0,0,lineitem,,1464364,0,never_instantiated,0,,,,,0,0,,,1411363,0,never_instantiated,0,,,,,0,0,lineitem,,1411357,0,never_instantiated,0,,,,,0,0,,,,,,,,,,,,,,,,,,,,,,,,
Q22,1,13,1,0.52,,,381883,0,never_instantiated,0,,,,,0,0,orders,,381883,0,never_instantiated,0,,,,,0,0,,,,,,,,,,,,,,,,,,,,,,,,,,,,,,,,,,,,,,,,,,,,,,,,,,,,,,,,,,,,,,,,,,,,,,,,,,,,,,,,,,,,
Q01,1,14,1,1.03,,,,,,,,,,,,,,,,,,,,,,,,,,,,,,,,,,,,,,,,,,,,,,,,,,,,,,,,,,,,,,,,,,,,,,,,,,,,,,,,,,,,,,,,,,,,,,,,,,,,,,,,,,,,
Q02,1,14,1,0.41,,region,1,0,never_instantiated,0,,,,,0,0,,nation,25,0,never_instantiated,0,,,,,0,0,supplier,,63560,0,never_instantiated,0,,,,,0,0,partsupp,part,15890,0,never_instantiated,0,,,,,0,0,,,12744,0,never_instantiated,0,,,,,0,0,,,9428,0,never_instantiated,0,,,,,0,0,,region,1,0,never_instantiated,0,,,,,0,0,,nation,25,0,never_instantiated,0,,,,,0,0,partsupp,supplier,200000,0,never_instantiated,0,,,,,0,0
Q03,1,14,1,1.54,,customer,600888,0,never_instantiated,0,,,,,0,0,lineitem,orders,14577240,0,never_instantiated,0,,,,,0,0,,,,,,,,,,,,,,,,,,,,,,,,,,,,,,,,,,,,,,,,,,,,,,,,,,,,,,,,,,,,,,,,,,,,,,,,,,,,,,,,,,,,
Q04,1,14,1,1.03,,,1146356,0,never_instantiated,0,,,,,0,0,lineitem,,1146356,0,never_instantiated,0,,,,,0,0,,,,,,,,,,,,,,,,,,,,,,,,,,,,,,,,,,,,,,,,,,,,,,,,,,,,,,,,,,,,,,,,,,,,,,,,,,,,,,,,,,,,
Q05,1,14,1,2.05,,region,1,0,never_instantiated,0,,,,,0,0,,nation,25,0,never_instantiated,0,,,,,0,0,,customer,2999999,0,never_instantiated,0,,,,,0,0,,supplier,200000,0,never_instantiated,0,,,,,0,0,lineitem,orders,4549846,0,never_instantiated,0,,,,,0,0,,,,,,,,,,,,,,,,,,,,,,,,,,,,,,,,,,,,,,,,,,,,,,,,
Q06,1,14,1,0.41,,,,,,,,,,,,,,,,,,,,,,,,,,,,,,,,,,,,,,,,,,,,,,,,,,,,,,,,,,,,,,,,,,,,,,,,,,,,,,,,,,,,,,,,,,,,,,,,,,,,,,,,,,,,
Q07,1,14,1,2.26,,nation,2,0,never_instantiated,0,,,,,0,0,,customer,2999999,0,never_instantiated,0,,,,,0,0,,nation,2,0,never_instantiated,0,,,,,0,0,,supplier,200000,0,never_instantiated,0,,,,,0,0,lineitem,orders,30000000,0,never_instantiated,0,,,,,0,0,,,,,,,,,,,,,,,,,,,,,,,,,,,,,,,,,,,,,,,,,,,,,,,,
Q08,1,14,1,3.49,,region,1,0,never_instantiated,0,,,,,0,0,,nation,25,0,never_instantiated,0,,,,,0,0,,part,26819,0,never_instantiated,0,,,,,0,0,,customer,2999999,0,never_instantiated,0,,,,,0,0,,orders,9116496,0,never_instantiated,0,,,,,0,0,,nation,25,0,never_instantiated,0,,,,,0,0,lineitem,supplier,200000,0,never_instantiated,0,,,,,0,0,,,,,,,,,,,,,,,,,,,,,,,,
Q09,1,14,1,5.85,,nation,25,0,never_instantiated,0,,,,,0,0,,supplier,200000,0,never_instantiated,0,,,,,0,0,,part,217392,0,never_instantiated,0,,,,,0,0,,orders,30000000,0,never_instantiated,0,,,,,0,0,lineitem,partsupp,16000000,0,never_instantiated,0,,,,,0,0,,,,,,,,,,,,,,,,,,,,,,,,,,,,,,,,,,,,,,,,,,,,,,,,
Q10,1,14,1,1.44,,nation,25,0,never_instantiated,0,,,,,0,0,customer,,2290399,0,never_instantiated,0,,,,,0,0,lineitem,orders,1145890,0,never_instantiated,0,,,,,0,0,,,,,,,,,,,,,,,,,,,,,,,,,,,,,,,,,,,,,,,,,,,,,,,,,,,,,,,,,,,,,,,,,,,,,,,,
Q11,1,14,1,0.21,partsupp,,8087,0,never_instantiated,0,,,,,0,0,supplier,nation,1,0,never_instantiated,0,,,,,0,0,partsupp,,8087,0,never_instantiated,0,,,,,0,0,supplier,nation,1,0,never_instantiated,0,,,,,0,0,,,,,,,,,,,,,,,,,,,,,,,,,,,,,,,,,,,,,,,,,,,,,,,,,,,,,,,,,,,,
Q12,1,14,1,0.82,orders,lineitem,621378,0,never_instantiated,0,,,,,0,0,,,,,,,,,,,,,,,,,,,,,,,,,,,,,,,,,,,,,,,,,,,,,,,,,,,,,,,,,,,,,,,,,,,,,,,,,,,,,,,,,,,,,,,,,,,,,,,,
Q13,1,14,1,1.75,orders,customer,3000000,0,never_instantiated,0,,,,,0,0,,,,,,,,,,,,,,,,,,,,,,,,,,,,,,,,,,,,,,,,,,,,,,,,,,,,,,,,,,,,,,,,,,,,,,,,,,,,,,,,,,,,,,,,,,,,,,,,
Q14,1,14,1,1.03,lineitem,part,4000000,0,never_instantiated,0,,,,,0,0,,,,,,,,,,,,,,,,,,,,,,,,,,,,,,,,,,,,,,,,,,,,,,,,,,,,,,,,,,,,,,,,,,,,,,,,,,,,,,,,,,,,,,,,,,,,,,,,
Q15,1,14,1,0.62,,,1,0,never_instantiated,0,,,,,0,0,supplier,,200000,0,never_instantiated,0,,,,,0,0,,,,,,,,,,,,,,,,,,,,,,,,,,,,,,,,,,,,,,,,,,,,,,,,,,,,,,,,,,,,,,,,,,,,,,,,,,,,,,,,,,,,
Q16,1,14,1,0.62,,supplier,106,0,never_instantiated,0,,,,,0,0,partsupp,,593456,0,never_instantiated,0,,,,,0,0,part,,8,0,never_instantiated,0,,,,,0,0,,,,,,,,,,,,,,,,,,,,,,,,,,,,,,,,,,,,,,,,,,,,,,,,,,,,,,,,,,,,,,,,,,,,,,,,
Q17,1,14,1,1.34,lineitem,part,4066,0,never_instantiated,0,,,,,0,0,,,122217,0,never_instantiated,0,,,,,0,0,lineitem,,4066,0,never_instantiated,0,,,,,0,0,,,,,,,,,,,,,,,,,,,,,,,,,,,,,,,,,,,,,,,,,,,,,,,,,,,,,,,,,,,,,,,,,,,,,,,,
Q18,1,14,1,4.31,,lineitem,1281,0,never_instantiated,0,,,,,0,0,,customer,2999999,0,never_instantiated,0,,,,,0,0,lineitem,orders,30000000,0,never_instantiated,0,,,,,0,0,,,,,,,,,,,,,,,,,,,,,,,,,,,,,,,,,,,,,,,,,,,,,,,,,,,,,,,,,,,,,,,,,,,,,,,,
Q19,1,14,1,1.34,lineitem,part,4000000,0,never_instantiated,0,,,,,0,0,,,,,,,,,,,,,,,,,,,,,,,,,,,,,,,,,,,,,,,,,,,,,,,,,,,,,,,,,,,,,,,,,,,,,,,,,,,,,,,,,,,,,,,,,,,,,,,,
Q20,1,14,1,1.13,,,8063,0,never_instantiated,0,,,,,0,0,partsupp,part,43464,0,never_instantiated,0,,,,,0,0,,,173856,0,never_instantiated,0,,,,,0,0,lineitem,,173856,0,never_instantiated,0,,,,,0,0,supplier,nation,1,0,never_instantiated,0,,,,,0,0,,,,,,,,,,,,,,,,,,,,,,,,,,,,,,,,,,,,,,,,,,,,,,,,
Q21,1,14,1,3.49,,nation,1,0,never_instantiated,0,,,,,0,0,,supplier,200000,0,never_instantiated,0,,,,,0,0,lineitem,orders,14617146,0,never_instantiated,0,,,,,0,0,,,1464370,0,never_instantiated,0,,,,,0,0,lineitem,,1464364,0,never_instantiated,0,,,,,0,0,,,1411363,0,never_instantiated,0,,,,,0,0,lineitem,,1411357,0,never_instantiated,0,,,,,0,0,,,,,,,,,,,,,,,,,,,,,,,,
Q22,1,14,1,0.52,,,381883,0,never_instantiated,0,,,,,0,0,orders,,381883,0,never_instantiated,0,,,,,0,0,,,,,,,,,,,,,,,,,,,,,,,,,,,,,,,,,,,,,,,,,,,,,,,,,,,,,,,,,,,,,,,,,,,,,,,,,,,,,,,,,,,,
Q01,1,15,1,1.03,,,,,,,,,,,,,,,,,,,,,,,,,,,,,,,,,,,,,,,,,,,,,,,,,,,,,,,,,,,,,,,,,,,,,,,,,,,,,,,,,,,,,,,,,,,,,,,,,,,,,,,,,,,,
Q02,1,15,1,0.52,,region,1,0,never_instantiated,0,,,,,0,0,,nation,25,0,never_instantiated,0,,,,,0,0,,part,15890,0,never_instantiated,0,,,,,0,0,partsupp,supplier,200000,0,never_instantiated,0,,,,,0,0,,,12744,0,never_instantiated,0,,,,,0,0,,,9428,0,never_instantiated,0,,,,,0,0,,region,1,0,never_instantiated,0,,,,,0,0,,nation,25,0,never_instantiated,0,,,,,0,0,partsupp,supplier,200000,0,never_instantiated,0,,,,,0,0
Q03,1,15,1,1.54,,customer,600888,0,never_instantiated,0,,,,,0,0,lineitem,orders,14577240,0,never_instantiated,0,,,,,0,0,,,,,,,,,,,,,,,,,,,,,,,,,,,,,,,,,,,,,,,,,,,,,,,,,,,,,,,,,,,,,,,,,,,,,,,,,,,,,,,,,,,,
Q04,1,15,1,1.03,,,1146356,0,never_instantiated,0,,,,,0,0,lineitem,,1146356,0,never_instantiated,0,,,,,0,0,,,,,,,,,,,,,,,,,,,,,,,,,,,,,,,,,,,,,,,,,,,,,,,,,,,,,,,,,,,,,,,,,,,,,,,,,,,,,,,,,,,,
Q05,1,15,1,2.36,,customer,2999999,0,never_instantiated,0,,,,,0,0,,region,1,0,never_instantiated,0,,,,,0,0,,orders,4549846,0,never_instantiated,0,,,,,0,0,,nation,25,0,never_instantiated,0,,,,,0,0,lineitem,supplier,200000,0,never_instantiated,0,,,,,0,0,,,,,,,,,,,,,,,,,,,,,,,,,,,,,,,,,,,,,,,,,,,,,,,,
Q06,1,15,1,0.41,,,,,,,,,,,,,,,,,,,,,,,,,,,,,,,,,,,,,,,,,,,,,,,,,,,,,,,,,,,,,,,,,,,,,,,,,,,,,,,,,,,,,,,,,,,,,,,,,,,,,,,,,,,,
Q07,1,15,1,2.77,,nation,2,0,never_instantiated,0,,,,,0,0,,nation,2,0,never_instantiated,0,,,,,0,0,,customer,2999999,0,never_instantiated,0,,,,,0,0,,orders,30000000,0,never_instantiated,0,,,,,0,0,lineitem,supplier,200000,0,never_instantiated,0,,,,,0,0,,,,,,,,,,,,,,,,,,,,,,,,,,,,,,,,,,,,,,,,,,,,,,,,
Q08,1,15,1,2.16,,region,1,0,never_instantiated,0,,,,,0,0,,nation,25,0,never_instantiated,0,,,,,0,0,customer,,244948,0,never_instantiated,0,,,,,0,0,,nation,25,0,never_instantiated,0,,,,,0,0,,supplier,200000,0,never_instantiated,0,,,,,0,0,,part,26819,0,never_instantiated,0,,,,,0,0,lineitem,orders,9116496,0,never_instantiated,0,,,,,0,0,,,,,,,,,,,,,,,,,,,,,,,,
Q09,1,15,1,4.41,,nation,25,0,never_instantiated,0,,,,,0,0,,partsupp,16000000,0,never_instantiated,0,,,,,0,0,,part,217392,0,never_instantiated,0,,,,,0,0,,orders,30000000,0,never_instantiated,0,,,,,0,0,lineitem,supplier,200000,0,never_instantiated,0,,,,,0,0,,,,,,,,,,,,,,,,,,,,,,,,,,,,,,,,,,,,,,,,,,,,,,,,
Q10,1,15,1,1.44,,nation,25,0,never_instantiated,0,,,,,0,0,customer,,2290399,0,never_instantiated,0,,,,,0,0,lineitem,orders,1145890,0,never_instantiated,0,,,,,0,0,,,,,,,,,,,,,,,,,,,,,,,,,,,,,,,,,,,,,,,,,,,,,,,,,,,,,,,,,,,,,,,,,,,,,,,,
Q11,1,15,1,0.31,,nation,1,0,never_instantiated,0,,,,,0,0,partsupp,supplier,200000,0,never_instantiated,0,,,,,0,0,,nation,1,0,never_instantiated,0,,,,,0,0,partsupp,supplier,200000,0,never_instantiated,0,,,,,0,0,,,,,,,,,,,,,,,,,,,,,,,,,,,,,,,,,,,,,,,,,,,,,,,,,,,,,,,,,,,,
Q12,1,15,1,0.82,orders,lineitem,621378,0,never_instantiated,0,,,,,0,0,,,,,,,,,,,,,,,,,,,,,,,,,,,,,,,,,,,,,,,,,,,,,,,,,,,,,,,,,,,,,,,,,,,,,,,,,,,,,,,,,,,,,,,,,,,,,,,,
Q13,1,15,1,1.75,orders,customer,3000000,0,never_instantiated,0,,,,,0,0,,,,,,,,,,,,,,,,,,,,,,,,,,,,,,,,,,,,,,,,,,,,,,,,,,,,,,,,,,,,,,,,,,,,,,,,,,,,,,,,,,,,,,,,,,,,,,,,
Q14,1,15,1,1.03,lineitem,part,4000000,0,never_instantiated,0,,,,,0,0,,,,,,,,,,,,,,,,,,,,,,,,,,,,,,,,,,,,,,,,,,,,,,,,,,,,,,,,,,,,,,,,,,,,,,,,,,,,,,,,,,,,,,,,,,,,,,,,
Q15,1,15,1,0.62,,,1,0,never_instantiated,0,,,,,0,0,supplier,,200000,0,never_instantiated,0,,,,,0,0,,,,,,,,,,,,,,,,,,,,,,,,,,,,,,,,,,,,,,,,,,,,,,,,,,,,,,,,,,,,,,,,,,,,,,,,,,,,,,,,,,,,
Q16,1,15,1,0.52,,supplier,106,0,never_instantiated,0,,,,,0,0,partsupp,,593456,0,never_instantiated,0,,,,,0,0,part,,8,0,never_instantiated,0,,,,,0,0,,,,,,,,,,,,,,,,,,,,,,,,,,,,,,,,,,,,,,,,,,,,,,,,,,,,,,,,,,,,,,,,,,,,,,,,
Q17,1,15,1,1.44,lineitem,part,4066,0,never_instantiated,0,,,,,0,0,,,122217,0,never_instantiated,0,,,,,0,0,lineitem,,4066,0,never_instantiated,0,,,,,0,0,,,,,,,,,,,,,,,,,,,,,,,,,,,,,,,,,,,,,,,,,,,,,,,,,,,,,,,,,,,,,,,,,,,,,,,,
Q18,1,15,1,4.31,,lineitem,1281,0,never_instantiated,0,,,,,0,0,,customer,2999999,0,never_instantiated,0,,,,,0,0,lineitem,orders,30000000,0,never_instantiated,0,,,,,0,0,,,,,,,,,,,,,,,,,,,,,,,,,,,,,,,,,,,,,,,,,,,,,,,,,,,,,,,,,,,,,,,,,,,,,,,,
Q19,1,15,1,1.34,lineitem,part,4000000,0,never_instantiated,0,,,,,0,0,,,,,,,,,,,,,,,,,,,,,,,,,,,,,,,,,,,,,,,,,,,,,,,,,,,,,,,,,,,,,,,,,,,,,,,,,,,,,,,,,,,,,,,,,,,,,,,,
Q20,1,15,1,1.13,,,8063,0,never_instantiated,0,,,,,0,0,partsupp,part,43464,0,never_instantiated,0,,,,,0,0,,,173856,0,never_instantiated,0,,,,,0,0,lineitem,,173856,0,never_instantiated,0,,,,,0,0,supplier,nation,1,0,never_instantiated,0,,,,,0,0,,,,,,,,,,,,,,,,,,,,,,,,,,,,,,,,,,,,,,,,,,,,,,,,
Q21,1,15,1,3.59,,nation,1,0,never_instantiated,0,,,,,0,0,,orders,14617146,0,never_instantiated,0,,,,,0,0,lineitem,supplier,200000,0,never_instantiated,0,,,,,0,0,,,1464370,0,never_instantiated,0,,,,,0,0,lineitem,,1464364,0,never_instantiated,0,,,,,0,0,,,1411363,0,never_instantiated,0,,,,,0,0,lineitem,,1411357,0,never_instantiated,0,,,,,0,0,,,,,,,,,,,,,,,,,,,,,,,,
Q22,1,15,1,0.52,,,381883,0,never_instantiated,0,,,,,0,0,orders,,381883,0,never_instantiated,0,,,,,0,0,,,,,,,,,,,,,,,,,,,,,,,,,,,,,,,,,,,,,,,,,,,,,,,,,,,,,,,,,,,,,,,,,,,,,,,,,,,,,,,,,,,,
Q01,1,16,1,1.03,,,,,,,,,,,,,,,,,,,,,,,,,,,,,,,,,,,,,,,,,,,,,,,,,,,,,,,,,,,,,,,,,,,,,,,,,,,,,,,,,,,,,,,,,,,,,,,,,,,,,,,,,,,,
Q02,1,16,1,0.31,,region,1,0,never_instantiated,0,,,,,0,0,,nation,25,0,never_instantiated,0,,,,,0,0,supplier,,63560,0,never_instantiated,0,,,,,0,0,partsupp,part,15890,0,never_instantiated,0,,,,,0,0,,,12744,0,never_instantiated,0,,,,,0,0,,,9428,0,never_instantiated,0,,,,,0,0,partsupp,,39913,0,never_instantiated,0,,,,,0,0,,region,1,0,never_instantiated,0,,,,,0,0,supplier,nation,25,0,never_instantiated,0,,,,,0,0
Q03,1,16,1,1.54,,customer,600888,0,never_instantiated,0,,,,,0,0,lineitem,orders,14577240,0,never_instantiated,0,,,,,0,0,,,,,,,,,,,,,,,,,,,,,,,,,,,,,,,,,,,,,,,,,,,,,,,,,,,,,,,,,,,,,,,,,,,,,,,,,,,,,,,,,,,,
Q04,1,16,1,1.03,,,1146356,0,never_instantiated,0,,,,,0,0,lineitem,,1146356,0,never_instantiated,0,,,,,0,0,,,,,,,,,,,,,,,,,,,,,,,,,,,,,,,,,,,,,,,,,,,,,,,,,,,,,,,,,,,,,,,,,,,,,,,,,,,,,,,,,,,,
Q05,1,16,1,2.05,,region,1,0,never_instantiated,0,,,,,0,0,,nation,25,0,never_instantiated,0,,,,,0,0,,customer,2999999,0,never_instantiated,0,,,,,0,0,,supplier,200000,0,never_instantiated,0,,,,,0,0,lineitem,orders,4549846,0,never_instantiated,0,,,,,0,0,,,,,,,,,,,,,,,,,,,,,,,,,,,,,,,,,,,,,,,,,,,,,,,,
Q06,1,16,1,0.41,,,,,,,,,,,,,,,,,,,,,,,,,,,,,,,,,,,,,,,,,,,,,,,,,,,,,,,,,,,,,,,,,,,,,,,,,,,,,,,,,,,,,,,,,,,,,,,,,,,,,,,,,,,,
Q07,1,16,1,2.26,,nation,2,0,never_instantiated,0,,,,,0,0,,customer,2999999,0,never_instantiated,0,,,,,0,0,,nation,2,0,never_instantiated,0,,,,,0,0,,supplier,200000,0,never_instantiated,0,,,,,0,0,lineitem,orders,30000000,0,never_instantiated,0,,,,,0,0,,,,,,,,,,,,,,,,,,,,,,,,,,,,,,,,,,,,,,,,,,,,,,,,
Q08,1,16,1,1.44,,region,1,0,never_instantiated,0,,,,,0,0,,nation,25,0,never_instantiated,0,,,,,0,0,customer,,244948,0,never_instantiated,0,,,,,0,0,orders,,804078,0,never_instantiated,0,,,,,0,0,,nation,25,0,never_instantiated,0,,,,,0,0,,supplier,200000,0,never_instantiated,0,,,,,0,0,lineitem,part,26819,0,never_instantiated,0,,,,,0,0,,,,,,,,,,,,,,,,,,,,,,,,
Q09,1,16,1,4.21,,nation,25,0,never_instantiated,0,,,,,0,0,,supplier,200000,0,never_instantiated,0,,,,,0,0,,partsupp,16000000,0,never_instantiated,0,,,,,0,0,,part,217392,0,never_instantiated,0,,,,,0,0,lineitem,orders,30000000,0,never_instantiated,0,,,,,0,0,,,,,,,,,,,,,,,,,,,,,,,,,,,,,,,,,,,,,,,,,,,,,,,,
Q10,1,16,1,1.44,,nation,25,0,never_instantiated,0,,,,,0,0,customer,,2290399,0,never_instantiated,0,,,,,0,0,lineitem,orders,1145890,0,never_instantiated,0,,,,,0,0,,,,,,,,,,,,,,,,,,,,,,,,,,,,,,,,,,,,,,,,,,,,,,,,,,,,,,,,,,,,,,,,,,,,,,,,
Q11,1,16,1,0.21,partsupp,,8087,0,never_instantiated,0,,,,,0,0,supplier,nation,1,0,never_instantiated,0,,,,,0,0,partsupp,,8087,0,never_instantiated,0,,,,,0,0,supplier,nation,1,0,never_instantiated,0,,,,,0,0,,,,,,,,,,,,,,,,,,,,,,,,,,,,,,,,,,,,,,,,,,,,,,,,,,,,,,,,,,,,
Q12,1,16,1,0.82,orders,lineitem,621378,0,never_instantiated,0,,,,,0,0,,,,,,,,,,,,,,,,,,,,,,,,,,,,,,,,,,,,,,,,,,,,,,,,,,,,,,,,,,,,,,,,,,,,,,,,,,,,,,,,,,,,,,,,,,,,,,,,
Q13,1,16,1,1.75,orders,customer,3000000,0,never_instantiated,0,,,,,0,0,,,,,,,,,,,,,,,,,,,,,,,,,,,,,,,,,,,,,,,,,,,,,,,,,,,,,,,,,,,,,,,,,,,,,,,,,,,,,,,,,,,,,,,,,,,,,,,,
Q14,1,16,1,1.03,lineitem,part,4000000,0,never_instantiated,0,,,,,0,0,,,,,,,,,,,,,,,,,,,,,,,,,,,,,,,,,,,,,,,,,,,,,,,,,,,,,,,,,,,,,,,,,,,,,,,,,,,,,,,,,,,,,,,,,,,,,,,,
Q15,1,16,1,0.62,,,1,0,never_instantiated,0,,,,,0,0,supplier,,200000,0,never_instantiated,0,,,,,0,0,,,,,,,,,,,,,,,,,,,,,,,,,,,,,,,,,,,,,,,,,,,,,,,,,,,,,,,,,,,,,,,,,,,,,,,,,,,,,,,,,,,,
Q16,1,16,1,0.62,,supplier,106,0,never_instantiated,0,,,,,0,0,partsupp,,593456,0,never_instantiated,0,,,,,0,0,part,,8,0,never_instantiated,0,,,,,0,0,,,,,,,,,,,,,,,,,,,,,,,,,,,,,,,,,,,,,,,,,,,,,,,,,,,,,,,,,,,,,,,,,,,,,,,,
Q17,1,16,1,1.44,lineitem,part,4066,0,never_instantiated,0,,,,,0,0,,,122217,0,never_instantiated,0,,,,,0,0,lineitem,,4066,0,never_instantiated,0,,,,,0,0,,,,,,,,,,,,,,,,,,,,,,,,,,,,,,,,,,,,,,,,,,,,,,,,,,,,,,,,,,,,,,,,,,,,,,,,
Q18,1,16,1,4.31,,lineitem,1281,0,never_instantiated,0,,,,,0,0,,customer,2999999,0,never_instantiated,0,,,,,0,0,lineitem,orders,30000000,0,never_instantiated,0,,,,,0,0,,,,,,,,,,,,,,,,,,,,,,,,,,,,,,,,,,,,,,,,,,,,,,,,,,,,,,,,,,,,,,,,,,,,,,,,
Q19,1,16,1,1.34,lineitem,part,4000000,0,never_instantiated,0,,,,,0,0,,,,,,,,,,,,,,,,,,,,,,,,,,,,,,,,,,,,,,,,,,,,,,,,,,,,,,,,,,,,,,,,,,,,,,,,,,,,,,,,,,,,,,,,,,,,,,,,
Q20,1,16,1,1.13,,,8063,0,never_instantiated,0,,,,,0,0,partsupp,part,43464,0,never_instantiated,0,,,,,0,0,,,173856,0,never_instantiated,0,,,,,0,0,lineitem,,173856,0,never_instantiated,0,,,,,0,0,supplier,nation,1,0,never_instantiated,0,,,,,0,0,,,,,,,,,,,,,,,,,,,,,,,,,,,,,,,,,,,,,,,,,,,,,,,,
Q21,1,16,1,3.59,,nation,1,0,never_instantiated,0,,,,,0,0,,supplier,200000,0,never_instantiated,0,,,,,0,0,lineitem,orders,14617146,0,never_instantiated,0,,,,,0,0,,,1464370,0,never_instantiated,0,,,,,0,0,lineitem,,1464364,0,never_instantiated,0,,,,,0,0,,,1411363,0,never_instantiated,0,,,,,0,0,lineitem,,1411357,0,never_instantiated,0,,,,,0,0,,,,,,,,,,,,,,,,,,,,,,,,
Q22,1,16,1,0.52,,,381883,0,never_instantiated,0,,,,,0,0,orders,,381883,0,never_instantiated,0,,,,,0,0,,,,,,,,,,,,,,,,,,,,,,,,,,,,,,,,,,,,,,,,,,,,,,,,,,,,,,,,,,,,,,,,,,,,,,,,,,,,,,,,,,,,
Q01,1,17,1,1.03,,,,,,,,,,,,,,,,,,,,,,,,,,,,,,,,,,,,,,,,,,,,,,,,,,,,,,,,,,,,,,,,,,,,,,,,,,,,,,,,,,,,,,,,,,,,,,,,,,,,,,,,,,,,
Q02,1,17,1,0.41,,region,1,0,never_instantiated,0,,,,,0,0,,nation,25,0,never_instantiated,0,,,,,0,0,,part,15890,0,never_instantiated,0,,,,,0,0,partsupp,supplier,200000,0,never_instantiated,0,,,,,0,0,,,12744,0,never_instantiated,0,,,,,0,0,,,9428,0,never_instantiated,0,,,,,0,0,partsupp,,39913,0,never_instantiated,0,,,,,0,0,,region,1,0,never_instantiated,0,,,,,0,0,supplier,nation,25,0,never_instantiated,0,,,,,0,0
Q03,1,17,1,1.54,,customer,600888,0,never_instantiated,0,,,,,0,0,lineitem,orders,14577240,0,never_instantiated,0,,,,,0,0,,,,,,,,,,,,,,,,,,,,,,,,,,,,,,,,,,,,,,,,,,,,,,,,,,,,,,,,,,,,,,,,,,,,,,,,,,,,,,,,,,,,
Q04,1,17,1,1.03,,,1146356,0,never_instantiated,0,,,,,0,0,lineitem,,1146356,0,never_instantiated,0,,,,,0,0,,,,,,,,,,,,,,,,,,,,,,,,,,,,,,,,,,,,,,,,,,,,,,,,,,,,,,,,,,,,,,,,,,,,,,,,,,,,,,,,,,,,
Q05,1,17,1,2.36,,region,1,0,never_instantiated,0,,,,,0,0,,customer,2999999,0,never_instantiated,0,,,,,0,0,,nation,25,0,never_instantiated,0,,,,,0,0,,orders,4549846,0,never_instantiated,0,,,,,0,0,lineitem,supplier,200000,0,never_instantiated,0,,,,,0,0,,,,,,,,,,,,,,,,,,,,,,,,,,,,,,,,,,,,,,,,,,,,,,,,
Q06,1,17,1,0.41,,,,,,,,,,,,,,,,,,,,,,,,,,,,,,,,,,,,,,,,,,,,,,,,,,,,,,,,,,,,,,,,,,,,,,,,,,,,,,,,,,,,,,,,,,,,,,,,,,,,,,,,,,,,
Q07,1,17,1,2.77,,nation,2,0,never_instantiated,0,,,,,0,0,,nation,2,0,never_instantiated,0,,,,,0,0,,customer,2999999,0,never_instantiated,0,,,,,0,0,,orders,30000000,0,never_instantiated,0,,,,,0,0,lineitem,supplier,200000,0,never_instantiated,0,,,,,0,0,,,,,,,,,,,,,,,,,,,,,,,,,,,,,,,,,,,,,,,,,,,,,,,,
Q08,1,17,1,1.75,,nation,25,0,never_instantiated,0,,,,,0,0,,region,1,0,never_instantiated,0,,,,,0,0,,nation,25,0,never_instantiated,0,,,,,0,0,customer,,244948,0,never_instantiated,0,,,,,0,0,orders,,804078,0,never_instantiated,0,,,,,0,0,,part,26819,0,never_instantiated,0,,,,,0,0,lineitem,supplier,200000,0,never_instantiated,0,,,,,0,0,,,,,,,,,,,,,,,,,,,,,,,,
Q09,1,17,1,3.69,,partsupp,16000000,0,never_instantiated,0,,,,,0,0,,orders,30000000,0,never_instantiated,0,,,,,0,0,,nation,25,0,never_instantiated,0,,,,,0,0,,supplier,200000,0,never_instantiated,0,,,,,0,0,lineitem,part,217392,0,never_instantiated,0,,,,,0,0,,,,,,,,,,,,,,,,,,,,,,,,,,,,,,,,,,,,,,,,,,,,,,,,
Q10,1,17,1,1.44,,nation,25,0,never_instantiated,0,,,,,0,0,customer,,2290399,0,never_instantiated,0,,,,,0,0,lineitem,orders,1145890,0,never_instantiated,0,,,,,0,0,,,,,,,,,,,,,,,,,,,,,,,,,,,,,,,,,,,,,,,,,,,,,,,,,,,,,,,,,,,,,,,,,,,,,,,,
Q11,1,17,1,0.31,,nation,1,0,never_instantiated,0,,,,,0,0,partsupp,supplier,200000,0,never_instantiated,0,,,,,0,0,,nation,1,0,never_instantiated,0,,,,,0,0,partsupp,supplier,200000,0,never_instantiated,0,,,,,0,0,,,,,,,,,,,,,,,,,,,,,,,,,,,,,,,,,,,,,,,,,,,,,,,,,,,,,,,,,,,,
Q12,1,17,1,0.82,orders,lineitem,621378,0,never_instantiated,0,,,,,0,0,,,,,,,,,,,,,,,,,,,,,,,,,,,,,,,,,,,,,,,,,,,,,,,,,,,,,,,,,,,,,,,,,,,,,,,,,,,,,,,,,,,,,,,,,,,,,,,,
Q13,1,17,1,1.75,orders,customer,3000000,0,never_instantiated,0,,,,,0,0,,,,,,,,,,,,,,,,,,,,,,,,,,,,,,,,,,,,,,,,,,,,,,,,,,,,,,,,,,,,,,,,,,,,,,,,,,,,,,,,,,,,,,,,,,,,,,,,
Q14,1,17,1,1.03,lineitem,part,4000000,0,never_instantiated,0,,,,,0,0,,,,,,,,,,,,,,,,,,,,,,,,,,,,,,,,,,,,,,,,,,,,,,,,,,,,,,,,,,,,,,,,,,,,,,,,,,,,,,,,,,,,,,,,,,,,,,,,
Q15,1,17,1,0.62,,,1,0,never_instantiated,0,,,,,0,0,supplier,,200000,0,never_instantiated,0,,,,,0,0,,,,,,,,,,,,,,,,,,,,,,,,,,,,,,,,,,,,,,,,,,,,,,,,,,,,,,,,,,,,,,,,,,,,,,,,,,,,,,,,,,,,
Q16,1,17,1,0.62,,supplier,106,0,never_instantiated,0,,,,,0,0,partsupp,,593456,0,never_instantiated,0,,,,,0,0,part,,8,0,never_instantiated,0,,,,,0,0,,,,,,,,,,,,,,,,,,,,,,,,,,,,,,,,,,,,,,,,,,,,,,,,,,,,,,,,,,,,,,,,,,,,,,,,
Q17,1,17,1,1.34,lineitem,part,4066,0,never_instantiated,0,,,,,0,0,,,122217,0,never_instantiated,0,,,,,0,0,lineitem,,4066,0,never_instantiated,0,,,,,0,0,,,,,,,,,,,,,,,,,,,,,,,,,,,,,,,,,,,,,,,,,,,,,,,,,,,,,,,,,,,,,,,,,,,,,,,,
Q18,1,17,1,4.41,,lineitem,1281,0,never_instantiated,0,,,,,0,0,,customer,2999999,0,never_instantiated,0,,,,,0,0,lineitem,orders,30000000,0,never_instantiated,0,,,,,0,0,,,,,,,,,,,,,,,,,,,,,,,,,,,,,,,,,,,,,,,,,,,,,,,,,,,,,,,,,,,,,,,,,,,,,,,,
Q19,1,17,1,1.34,lineitem,part,4000000,0,never_instantiated,0,,,,,0,0,,,,,,,,,,,,,,,,,,,,,,,,,,,,,,,,,,,,,,,,,,,,,,,,,,,,,,,,,,,,,,,,,,,,,,,,,,,,,,,,,,,,,,,,,,,,,,,,
Q20,1,17,1,1.13,,,8063,0,never_instantiated,0,,,,,0,0,partsupp,part,43464,0,never_instantiated,0,,,,,0,0,,,173856,0,never_instantiated,0,,,,,0,0,lineitem,,173856,0,never_instantiated,0,,,,,0,0,supplier,nation,1,0,never_instantiated,0,,,,,0,0,,,,,,,,,,,,,,,,,,,,,,,,,,,,,,,,,,,,,,,,,,,,,,,,
Q21,1,17,1,3.59,,nation,1,0,never_instantiated,0,,,,,0,0,,orders,14617146,0,never_instantiated,0,,,,,0,0,lineitem,supplier,200000,0,never_instantiated,0,,,,,0,0,,,1464370,0,never_instantiated,0,,,,,0,0,lineitem,,1464364,0,never_instantiated,0,,,,,0,0,,,1411363,0,never_instantiated,0,,,,,0,0,lineitem,,1411357,0,never_instantiated,0,,,,,0,0,,,,,,,,,,,,,,,,,,,,,,,,
Q22,1,17,1,0.52,,,381883,0,never_instantiated,0,,,,,0,0,orders,,381883,0,never_instantiated,0,,,,,0,0,,,,,,,,,,,,,,,,,,,,,,,,,,,,,,,,,,,,,,,,,,,,,,,,,,,,,,,,,,,,,,,,,,,,,,,,,,,,,,,,,,,,
Q01,1,18,1,1.03,,,,,,,,,,,,,,,,,,,,,,,,,,,,,,,,,,,,,,,,,,,,,,,,,,,,,,,,,,,,,,,,,,,,,,,,,,,,,,,,,,,,,,,,,,,,,,,,,,,,,,,,,,,,
Q02,1,18,1,0.41,,region,1,0,never_instantiated,0,,,,,0,0,,nation,25,0,never_instantiated,0,,,,,0,0,supplier,,63560,0,never_instantiated,0,,,,,0,0,partsupp,part,15890,0,never_instantiated,0,,,,,0,0,,,12744,0,never_instantiated,0,,,,,0,0,,,9428,0,never_instantiated,0,,,,,0,0,,region,1,0,never_instantiated,0,,,,,0,0,,nation,25,0,never_instantiated,0,,,,,0,0,partsupp,supplier,200000,0,never_instantiated,0,,,,,0,0
Q03,1,18,1,1.54,,customer,600888,0,never_instantiated,0,,,,,0,0,lineitem,orders,14577240,0,never_instantiated,0,,,,,0,0,,,,,,,,,,,,,,,,,,,,,,,,,,,,,,,,,,,,,,,,,,,,,,,,,,,,,,,,,,,,,,,,,,,,,,,,,,,,,,,,,,,,
Q04,1,18,1,0.93,,,1146356,0,never_instantiated,0,,,,,0,0,lineitem,,1146356,0,never_instantiated,0,,,,,0,0,,,,,,,,,,,,,,,,,,,,,,,,,,,,,,,,,,,,,,,,,,,,,,,,,,,,,,,,,,,,,,,,,,,,,,,,,,,,,,,,,,,,
Q05,1,18,1,2.26,,region,1,0,never_instantiated,0,,,,,0,0,,customer,2999999,0,never_instantiated,0,,,,,0,0,,nation,25,0,never_instantiated,0,,,,,0,0,,supplier,200000,0,never_instantiated,0,,,,,0,0,lineitem,orders,4549846,0,never_instantiated,0,,,,,0,0,,,,,,,,,,,,,,,,,,,,,,,,,,,,,,,,,,,,,,,,,,,,,,,,
Q06,1,18,1,0.41,,,,,,,,,,,,,,,,,,,,,,,,,,,,,,,,,,,,,,,,,,,,,,,,,,,,,,,,,,,,,,,,,,,,,,,,,,,,,,,,,,,,,,,,,,,,,,,,,,,,,,,,,,,,
Q07,1,18,1,2.77,,nation,2,0,never_instantiated,0,,,,,0,0,,nation,2,0,never_instantiated,0,,,,,0,0,,customer,2999999,0,never_instantiated,0,,,,,0,0,,supplier,200000,0,never_instantiated,0,,,,,0,0,lineitem,orders,30000000,0,never_instantiated,0,,,,,0,0,,,,,,,,,,,,,,,,,,,,,,,,,,,,,,,,,,,,,,,,,,,,,,,,
Q08,1,18,1,3.39,,region,1,0,never_instantiated,0,,,,,0,0,,part,26819,0,never_instantiated,0,,,,,0,0,,nation,25,0,never_instantiated,0,,,,,0,0,,nation,25,0,never_instantiated,0,,,,,0,0,,customer,2999999,0,never_instantiated,0,,,,,0,0,,supplier,200000,0,never_instantiated,0,,,,,0,0,lineitem,orders,9116496,0,never_instantiated,0,,,,,0,0,,,,,,,,,,,,,,,,,,,,,,,,
Q09,1,18,1,6.26,,part,217392,0,never_instantiated,0,,,,,0,0,,orders,30000000,0,never_instantiated,0,,,,,0,0,,nation,25,0,never_instantiated,0,,,,,0,0,,supplier,200000,0,never_instantiated,0,,,,,0,0,lineitem,partsupp,16000000,0,never_instantiated,0,,,,,0,0,,,,,,,,,,,,,,,,,,,,,,,,,,,,,,,,,,,,,,,,,,,,,,,,
Q10,1,18,1,1.44,,nation,25,0,never_instantiated,0,,,,,0,0,customer,,2290399,0,never_instantiated,0,,,,,0,0,lineitem,orders,1145890,0,never_instantiated,0,,,,,0,0,,,,,,,,,,,,,,,,,,,,,,,,,,,,,,,,,,,,,,,,,,,,,,,,,,,,,,,,,,,,,,,,,,,,,,,,
Q11,1,18,1,0.31,partsupp,,8087,0,never_instantiated,0,,,,,0,0,supplier,nation,1,0,never_instantiated,0,,,,,0,0,,nation,1,0,never_instantiated,0,,,,,0,0,partsupp,supplier,200000,0,never_instantiated,0,,,,,0,0,,,,,,,,,,,,,,,,,,,,,,,,,,,,,,,,,,,,,,,,,,,,,,,,,,,,,,,,,,,,
Q12,1,18,1,0.82,orders,lineitem,621378,0,never_instantiated,0,,,,,0,0,,,,,,,,,,,,,,,,,,,,,,,,,,,,,,,,,,,,,,,,,,,,,,,,,,,,,,,,,,,,,,,,,,,,,,,,,,,,,,,,,,,,,,,,,,,,,,,,
Q13,1,18,1,1.75,orders,customer,3000000,0,never_instantiated,0,,,,,0,0,,,,,,,,,,,,,,,,,,,,,,,,,,,,,,,,,,,,,,,,,,,,,,,,,,,,,,,,,,,,,,,,,,,,,,,,,,,,,,,,,,,,,,,,,,,,,,,,
Q14,1,18,1,1.03,lineitem,part,4000000,0,never_instantiated,0,,,,,0,0,,,,,,,,,,,,,,,,,,,,,,,,,,,,,,,,,,,,,,,,,,,,,,,,,,,,,,,,,,,,,,,,,,,,,,,,,,,,,,,,,,,,,,,,,,,,,,,,
Q15,1,18,1,0.62,,,1,0,never_instantiated,0,,,,,0,0,supplier,,200000,0,never_instantiated,0,,,,,0,0,,,,,,,,,,,,,,,,,,,,,,,,,,,,,,,,,,,,,,,,,,,,,,,,,,,,,,,,,,,,,,,,,,,,,,,,,,,,,,,,,,,,
Q16,1,18,1,0.62,,supplier,106,0,never_instantiated,0,,,,,0,0,partsupp,,593456,0,never_instantiated,0,,,,,0,0,part,,8,0,never_instantiated,0,,,,,0,0,,,,,,,,,,,,,,,,,,,,,,,,,,,,,,,,,,,,,,,,,,,,,,,,,,,,,,,,,,,,,,,,,,,,,,,,
Q17,1,18,1,1.44,lineitem,part,4066,0,never_instantiated,0,,,,,0,0,,,122217,0,never_instantiated,0,,,,,0,0,lineitem,,4066,0,never_instantiated,0,,,,,0,0,,,,,,,,,,,,,,,,,,,,,,,,,,,,,,,,,,,,,,,,,,,,,,,,,,,,,,,,,,,,,,,,,,,,,,,,
Q18,1,18,1,4.31,,lineitem,1281,0,never_instantiated,0,,,,,0,0,,customer,2999999,0,never_instantiated,0,,,,,0,0,lineitem,orders,30000000,0,never_instantiated,0,,,,,0,0,,,,,,,,,,,,,,,,,,,,,,,,,,,,,,,,,,,,,,,,,,,,,,,,,,,,,,,,,,,,,,,,,,,,,,,,
Q19,1,18,1,1.34,lineitem,part,4000000,0,never_instantiated,0,,,,,0,0,,,,,,,,,,,,,,,,,,,,,,,,,,,,,,,,,,,,,,,,,,,,,,,,,,,,,,,,,,,,,,,,,,,,,,,,,,,,,,,,,,,,,,,,,,,,,,,,
Q20,1,18,1,1.13,,,8063,0,never_instantiated,0,,,,,0,0,partsupp,part,43464,0,never_instantiated,0,,,,,0,0,,,173856,0,never_instantiated,0,,,,,0,0,lineitem,,173856,0,never_instantiated,0,,,,,0,0,supplier,nation,1,0,never_instantiated,0,,,,,0,0,,,,,,,,,,,,,,,,,,,,,,,,,,,,,,,,,,,,,,,,,,,,,,,,
Q21,1,18,1,3.59,,nation,1,0,never_instantiated,0,,,,,0,0,,supplier,200000,0,never_instantiated,0,,,,,0,0,lineitem,orders,14617146,0,never_instantiated,0,,,,,0,0,,,1464370,0,never_instantiated,0,,,,,0,0,lineitem,,1464364,0,never_instantiated,0,,,,,0,0,,,1411363,0,never_instantiated,0,,,,,0,0,lineitem,,1411357,0,never_instantiated,0,,,,,0,0,,,,,,,,,,,,,,,,,,,,,,,,
Q22,1,18,1,0.52,,,381883,0,never_instantiated,0,,,,,0,0,orders,,381883,0,never_instantiated,0,,,,,0,0,,,,,,,,,,,,,,,,,,,,,,,,,,,,,,,,,,,,,,,,,,,,,,,,,,,,,,,,,,,,,,,,,,,,,,,,,,,,,,,,,,,,
Q01,1,19,1,1.03,,,,,,,,,,,,,,,,,,,,,,,,,,,,,,,,,,,,,,,,,,,,,,,,,,,,,,,,,,,,,,,,,,,,,,,,,,,,,,,,,,,,,,,,,,,,,,,,,,,,,,,,,,,,
Q02,1,19,1,0.52,,region,1,0,never_instantiated,0,,,,,0,0,,part,15890,0,never_instantiated,0,,,,,0,0,,nation,25,0,never_instantiated,0,,,,,0,0,partsupp,supplier,200000,0,never_instantiated,0,,,,,0,0,,,12744,0,never_instantiated,0,,,,,0,0,,,9428,0,never_instantiated,0,,,,,0,0,,region,1,0,never_instantiated,0,,,,,0,0,,nation,25,0,never_instantiated,0,,,,,0,0,partsupp,supplier,200000,0,never_instantiated,0,,,,,0,0
Q03,1,19,1,1.54,,customer,600888,0,never_instantiated,0,,,,,0,0,lineitem,orders,14577240,0,never_instantiated,0,,,,,0,0,,,,,,,,,,,,,,,,,,,,,,,,,,,,,,,,,,,,,,,,,,,,,,,,,,,,,,,,,,,,,,,,,,,,,,,,,,,,,,,,,,,,
Q04,1,19,1,0.93,,,1146356,0,never_instantiated,0,,,,,0,0,lineitem,,1146356,0,never_instantiated,0,,,,,0,0,,,,,,,,,,,,,,,,,,,,,,,,,,,,,,,,,,,,,,,,,,,,,,,,,,,,,,,,,,,,,,,,,,,,,,,,,,,,,,,,,,,,
Q05,1,19,1,9999999,,,,,,,,,,,,,,,,,,,,,,,,,,,,,,,,,,,,,,,,,,,,,,,,,,,,,,,,,,,,,,,,,,,,,,,,,,,,,,,,,,,,,,,,,,,,,,,,,,,,,,,,,,,,
Q06,1,19,1,0.41,,,,,,,,,,,,,,,,,,,,,,,,,,,,,,,,,,,,,,,,,,,,,,,,,,,,,,,,,,,,,,,,,,,,,,,,,,,,,,,,,,,,,,,,,,,,,,,,,,,,,,,,,,,,
Q07,1,19,1,1.54,,nation,2,0,never_instantiated,0,,,,,0,0,,customer,2999999,0,never_instantiated,0,,,,,0,0,orders,,2914502,0,never_instantiated,0,,,,,0,0,,nation,2,0,never_instantiated,0,,,,,0,0,lineitem,supplier,200000,0,never_instantiated,0,,,,,0,0,,,,,,,,,,,,,,,,,,,,,,,,,,,,,,,,,,,,,,,,,,,,,,,,
Q08,1,19,1,1.44,,region,1,0,never_instantiated,0,,,,,0,0,,nation,25,0,never_instantiated,0,,,,,0,0,,nation,25,0,never_instantiated,0,,,,,0,0,,supplier,200000,0,never_instantiated,0,,,,,0,0,customer,,244948,0,never_instantiated,0,,,,,0,0,orders,,804078,0,never_instantiated,0,,,,,0,0,lineitem,part,26819,0,never_instantiated,0,,,,,0,0,,,,,,,,,,,,,,,,,,,,,,,,
Q09,1,19,1,3.80,,nation,25,0,never_instantiated,0,,,,,0,0,,partsupp,16000000,0,never_instantiated,0,,,,,0,0,,orders,30000000,0,never_instantiated,0,,,,,0,0,,part,217392,0,never_instantiated,0,,,,,0,0,lineitem,supplier,200000,0,never_instantiated,0,,,,,0,0,,,,,,,,,,,,,,,,,,,,,,,,,,,,,,,,,,,,,,,,,,,,,,,,
Q10,1,19,1,1.44,,nation,25,0,never_instantiated,0,,,,,0,0,customer,,2290399,0,never_instantiated,0,,,,,0,0,lineitem,orders,1145890,0,never_instantiated,0,,,,,0,0,,,,,,,,,,,,,,,,,,,,,,,,,,,,,,,,,,,,,,,,,,,,,,,,,,,,,,,,,,,,,,,,,,,,,,,,
Q11,1,19,1,0.31,,nation,1,0,never_instantiated,0,,,,,0,0,partsupp,supplier,200000,0,never_instantiated,0,,,,,0,0,partsupp,,8087,0,never_instantiated,0,,,,,0,0,supplier,nation,1,0,never_instantiated,0,,,,,0,0,,,,,,,,,,,,,,,,,,,,,,,,,,,,,,,,,,,,,,,,,,,,,,,,,,,,,,,,,,,,
Q12,1,19,1,0.82,orders,lineitem,621378,0,never_instantiated,0,,,,,0,0,,,,,,,,,,,,,,,,,,,,,,,,,,,,,,,,,,,,,,,,,,,,,,,,,,,,,,,,,,,,,,,,,,,,,,,,,,,,,,,,,,,,,,,,,,,,,,,,
Q13,1,19,1,1.75,orders,customer,3000000,0,never_instantiated,0,,,,,0,0,,,,,,,,,,,,,,,,,,,,,,,,,,,,,,,,,,,,,,,,,,,,,,,,,,,,,,,,,,,,,,,,,,,,,,,,,,,,,,,,,,,,,,,,,,,,,,,,
Q14,1,19,1,1.03,lineitem,part,4000000,0,never_instantiated,0,,,,,0,0,,,,,,,,,,,,,,,,,,,,,,,,,,,,,,,,,,,,,,,,,,,,,,,,,,,,,,,,,,,,,,,,,,,,,,,,,,,,,,,,,,,,,,,,,,,,,,,,
Q15,1,19,1,0.62,,,1,0,never_instantiated,0,,,,,0,0,supplier,,200000,0,never_instantiated,0,,,,,0,0,,,,,,,,,,,,,,,,,,,,,,,,,,,,,,,,,,,,,,,,,,,,,,,,,,,,,,,,,,,,,,,,,,,,,,,,,,,,,,,,,,,,
Q16,1,19,1,0.62,,supplier,106,0,never_instantiated,0,,,,,0,0,partsupp,,593456,0,never_instantiated,0,,,,,0,0,part,,8,0,never_instantiated,0,,,,,0,0,,,,,,,,,,,,,,,,,,,,,,,,,,,,,,,,,,,,,,,,,,,,,,,,,,,,,,,,,,,,,,,,,,,,,,,,
Q17,1,19,1,1.44,lineitem,part,4066,0,never_instantiated,0,,,,,0,0,,,122217,0,never_instantiated,0,,,,,0,0,lineitem,,4066,0,never_instantiated,0,,,,,0,0,,,,,,,,,,,,,,,,,,,,,,,,,,,,,,,,,,,,,,,,,,,,,,,,,,,,,,,,,,,,,,,,,,,,,,,,
Q18,1,19,1,4.31,,lineitem,1281,0,never_instantiated,0,,,,,0,0,,customer,2999999,0,never_instantiated,0,,,,,0,0,lineitem,orders,30000000,0,never_instantiated,0,,,,,0,0,,,,,,,,,,,,,,,,,,,,,,,,,,,,,,,,,,,,,,,,,,,,,,,,,,,,,,,,,,,,,,,,,,,,,,,,
Q19,1,19,1,1.34,lineitem,part,4000000,0,never_instantiated,0,,,,,0,0,,,,,,,,,,,,,,,,,,,,,,,,,,,,,,,,,,,,,,,,,,,,,,,,,,,,,,,,,,,,,,,,,,,,,,,,,,,,,,,,,,,,,,,,,,,,,,,,
Q20,1,19,1,1.13,,,8063,0,never_instantiated,0,,,,,0,0,partsupp,part,43464,0,never_instantiated,0,,,,,0,0,,,173856,0,never_instantiated,0,,,,,0,0,lineitem,,173856,0,never_instantiated,0,,,,,0,0,supplier,nation,1,0,never_instantiated,0,,,,,0,0,,,,,,,,,,,,,,,,,,,,,,,,,,,,,,,,,,,,,,,,,,,,,,,,
Q21,1,19,1,2.97,orders,,3033530,0,never_instantiated,0,,,,,0,0,,nation,1,0,never_instantiated,0,,,,,0,0,lineitem,supplier,200000,0,never_instantiated,0,,,,,0,0,,,1464370,0,never_instantiated,0,,,,,0,0,lineitem,,1464364,0,never_instantiated,0,,,,,0,0,,,1411363,0,never_instantiated,0,,,,,0,0,lineitem,,1411357,0,never_instantiated,0,,,,,0,0,,,,,,,,,,,,,,,,,,,,,,,,
Q22,1,19,1,0.52,,,381883,0,never_instantiated,0,,,,,0,0,orders,,381883,0,never_instantiated,0,,,,,0,0,,,,,,,,,,,,,,,,,,,,,,,,,,,,,,,,,,,,,,,,,,,,,,,,,,,,,,,,,,,,,,,,,,,,,,,,,,,,,,,,,,,,
Q01,2,0,1,1.03,,,,,,,,,,,,,,,,,,,,,,,,,,,,,,,,,,,,,,,,,,,,,,,,,,,,,,,,,,,,,,,,,,,,,,,,,,,,,,,,,,,,,,,,,,,,,,,,,,,,,,,,,,,,
Q02,2,0,1,0.31,,region,1,0,never_instantiated,0,,,,,0,0,,nation,5,0,never_instantiated,0,,,,,0,0,supplier,,12763,0,never_instantiated,0,,,,,0,0,partsupp,part,15890,0,never_instantiated,0,,,,,0,0,,,12744,0,never_instantiated,0,,,,,0,0,,,9428,0,never_instantiated,0,,,,,0,0,,region,1,0,never_instantiated,0,,,,,0,0,partsupp,,39913,0,never_instantiated,0,,,,,0,0,supplier,nation,5,0,never_instantiated,0,,,,,0,0
Q03,2,0,1,0.82,,customer,600888,0,never_instantiated,0,,,,,0,0,lineitem,orders,2926877,0,never_instantiated,0,,,,,0,0,,,,,,,,,,,,,,,,,,,,,,,,,,,,,,,,,,,,,,,,,,,,,,,,,,,,,,,,,,,,,,,,,,,,,,,,,,,,,,,,,,,,
Q04,2,0,1,1.03,,,1146356,0,never_instantiated,0,,,,,0,0,lineitem,,1146356,0,never_instantiated,0,,,,,0,0,,,,,,,,,,,,,,,,,,,,,,,,,,,,,,,,,,,,,,,,,,,,,,,,,,,,,,,,,,,,,,,,,,,,,,,,,,,,,,,,,,,,
Q05,2,0,1,1.64,,supplier,200000,0,never_instantiated,0,,,,,0,0,,region,1,0,never_instantiated,0,,,,,0,0,,nation,5,0,never_instantiated,0,,,,,0,0,,customer,600016,0,never_instantiated,0,,,,,0,0,lineitem,orders,910865,0,never_instantiated,0,,,,,0,0,,,,,,,,,,,,,,,,,,,,,,,,,,,,,,,,,,,,,,,,,,,,,,,,
Q06,2,0,1,0.41,,,,,,,,,,,,,,,,,,,,,,,,,,,,,,,,,,,,,,,,,,,,,,,,,,,,,,,,,,,,,,,,,,,,,,,,,,,,,,,,,,,,,,,,,,,,,,,,,,,,,,,,,,,,
Q07,2,0,1,0.82,,nation,2,0,never_instantiated,0,,,,,0,0,,supplier,15988,0,never_instantiated,0,,,,,0,0,,nation,2,0,never_instantiated,0,,,,,0,0,,customer,240492,0,never_instantiated,0,,,,,0,0,lineitem,orders,2451059,0,never_instantiated,0,,,,,0,0,,,,,,,,,,,,,,,,,,,,,,,,,,,,,,,,,,,,,,,,,,,,,,,,
Q08,2,0,1,0.93,,nation,25,0,never_instantiated,0,,,,,0,0,supplier,,48804,0,never_instantiated,0,,,,,0,0,,region,1,0,never_instantiated,0,,,,,0,0,,part,26819,0,never_instantiated,0,,,,,0,0,,nation,5,0,never_instantiated,0,,,,,0,0,,customer,599689,0,never_instantiated,0,,,,,0,0,lineitem,orders,1822210,0,never_instantiated,0,,,,,0,0,,,,,,,,,,,,,,,,,,,,,,,,
Q09,2,0,1,3.49,,nation,25,0,never_instantiated,0,,,,,0,0,,supplier,200000,0,never_instantiated,0,,,,,0,0,,partsupp,16000000,0,never_instantiated,0,,,,,0,0,,part,217392,0,never_instantiated,0,,,,,0,0,lineitem,orders,30000000,0,never_instantiated,0,,,,,0,0,,,,,,,,,,,,,,,,,,,,,,,,,,,,,,,,,,,,,,,,,,,,,,,,
Q10,2,0,1,1.03,,nation,25,0,never_instantiated,0,,,,,0,0,customer,,2290399,0,never_instantiated,0,,,,,0,0,lineitem,orders,1145890,0,never_instantiated,0,,,,,0,0,,,,,,,,,,,,,,,,,,,,,,,,,,,,,,,,,,,,,,,,,,,,,,,,,,,,,,,,,,,,,,,,,,,,,,,,
Q11,2,0,1,0.21,partsupp,,8087,0,never_instantiated,0,,,,,0,0,supplier,nation,1,0,never_instantiated,0,,,,,0,0,partsupp,,8087,0,never_instantiated,0,,,,,0,0,supplier,nation,1,0,never_instantiated,0,,,,,0,0,,,,,,,,,,,,,,,,,,,,,,,,,,,,,,,,,,,,,,,,,,,,,,,,,,,,,,,,,,,,
Q12,2,0,1,0.82,orders,lineitem,621378,0,never_instantiated,0,,,,,0,0,,,,,,,,,,,,,,,,,,,,,,,,,,,,,,,,,,,,,,,,,,,,,,,,,,,,,,,,,,,,,,,,,,,,,,,,,,,,,,,,,,,,,,,,,,,,,,,,
Q13,2,0,1,1.85,orders,customer,3000000,0,never_instantiated,0,,,,,0,0,,,,,,,,,,,,,,,,,,,,,,,,,,,,,,,,,,,,,,,,,,,,,,,,,,,,,,,,,,,,,,,,,,,,,,,,,,,,,,,,,,,,,,,,,,,,,,,,
Q14,2,0,1,1.03,lineitem,part,4000000,0,never_instantiated,0,,,,,0,0,,,,,,,,,,,,,,,,,,,,,,,,,,,,,,,,,,,,,,,,,,,,,,,,,,,,,,,,,,,,,,,,,,,,,,,,,,,,,,,,,,,,,,,,,,,,,,,,
Q15,2,0,1,0.62,,,1,0,never_instantiated,0,,,,,0,0,supplier,,200000,0,never_instantiated,0,,,,,0,0,,,,,,,,,,,,,,,,,,,,,,,,,,,,,,,,,,,,,,,,,,,,,,,,,,,,,,,,,,,,,,,,,,,,,,,,,,,,,,,,,,,,
Q16,2,0,1,0.52,,supplier,106,0,never_instantiated,0,,,,,0,0,partsupp,,593456,0,never_instantiated,0,,,,,0,0,part,,8,0,never_instantiated,0,,,,,0,0,,,,,,,,,,,,,,,,,,,,,,,,,,,,,,,,,,,,,,,,,,,,,,,,,,,,,,,,,,,,,,,,,,,,,,,,
Q17,2,0,1,1.33,lineitem,part,4066,0,never_instantiated,0,,,,,0,0,,,122217,0,never_instantiated,0,,,,,0,0,lineitem,,4066,0,never_instantiated,0,,,,,0,0,,,,,,,,,,,,,,,,,,,,,,,,,,,,,,,,,,,,,,,,,,,,,,,,,,,,,,,,,,,,,,,,,,,,,,,,
Q18,2,0,1,4.31,,lineitem,1281,0,never_instantiated,0,,,,,0,0,,customer,2999999,0,never_instantiated,0,,,,,0,0,lineitem,orders,30000000,0,never_instantiated,0,,,,,0,0,,,,,,,,,,,,,,,,,,,,,,,,,,,,,,,,,,,,,,,,,,,,,,,,,,,,,,,,,,,,,,,,,,,,,,,,
Q19,2,0,1,1.34,lineitem,part,4000000,0,never_instantiated,0,,,,,0,0,,,,,,,,,,,,,,,,,,,,,,,,,,,,,,,,,,,,,,,,,,,,,,,,,,,,,,,,,,,,,,,,,,,,,,,,,,,,,,,,,,,,,,,,,,,,,,,,
Q20,2,0,1,0.82,,,8063,0,never_instantiated,0,,,,,0,0,partsupp,part,43464,0,never_instantiated,0,,,,,0,0,,,7317,0,never_instantiated,0,,,,,0,0,lineitem,,7317,0,never_instantiated,0,,,,,0,0,supplier,nation,1,0,never_instantiated,0,,,,,0,0,,,,,,,,,,,,,,,,,,,,,,,,,,,,,,,,,,,,,,,,,,,,,,,,
Q21,2,0,1,2.57,,nation,1,0,never_instantiated,0,,,,,0,0,,supplier,7984,0,never_instantiated,0,,,,,0,0,lineitem,orders,14617146,0,never_instantiated,0,,,,,0,0,,,1464370,0,never_instantiated,0,,,,,0,0,lineitem,,1464364,0,never_instantiated,0,,,,,0,0,,,1411363,0,never_instantiated,0,,,,,0,0,lineitem,,1411357,0,never_instantiated,0,,,,,0,0,,,,,,,,,,,,,,,,,,,,,,,,
Q22,2,0,1,0.52,,,381883,0,never_instantiated,0,,,,,0,0,orders,,381883,0,never_instantiated,0,,,,,0,0,,,,,,,,,,,,,,,,,,,,,,,,,,,,,,,,,,,,,,,,,,,,,,,,,,,,,,,,,,,,,,,,,,,,,,,,,,,,,,,,,,,,
Q01,2,1,1,1.03,,,,,,,,,,,,,,,,,,,,,,,,,,,,,,,,,,,,,,,,,,,,,,,,,,,,,,,,,,,,,,,,,,,,,,,,,,,,,,,,,,,,,,,,,,,,,,,,,,,,,,,,,,,,
Q02,2,1,1,0.31,,region,1,0,never_instantiated,0,,,,,0,0,,part,15890,0,never_instantiated,0,,,,,0,0,,nation,5,0,never_instantiated,0,,,,,0,0,partsupp,supplier,39913,0,never_instantiated,0,,,,,0,0,,,12744,0,never_instantiated,0,,,,,0,0,,,9428,0,never_instantiated,0,,,,,0,0,,region,1,0,never_instantiated,0,,,,,0,0,,nation,5,0,never_instantiated,0,,,,,0,0,partsupp,supplier,39913,0,never_instantiated,0,,,,,0,0
Q03,2,1,1,0.82,,customer,600888,0,never_instantiated,0,,,,,0,0,lineitem,orders,2926877,0,never_instantiated,0,,,,,0,0,,,,,,,,,,,,,,,,,,,,,,,,,,,,,,,,,,,,,,,,,,,,,,,,,,,,,,,,,,,,,,,,,,,,,,,,,,,,,,,,,,,,
Q04,2,1,1,1.03,,,1146356,0,never_instantiated,0,,,,,0,0,lineitem,,1146356,0,never_instantiated,0,,,,,0,0,,,,,,,,,,,,,,,,,,,,,,,,,,,,,,,,,,,,,,,,,,,,,,,,,,,,,,,,,,,,,,,,,,,,,,,,,,,,,,,,,,,,
Q05,2,1,1,9999999,,,,,,,,,,,,,,,,,,,,,,,,,,,,,,,,,,,,,,,,,,,,,,,,,,,,,,,,,,,,,,,,,,,,,,,,,,,,,,,,,,,,,,,,,,,,,,,,,,,,,,,,,,,,
Q06,2,1,1,0.41,,,,,,,,,,,,,,,,,,,,,,,,,,,,,,,,,,,,,,,,,,,,,,,,,,,,,,,,,,,,,,,,,,,,,,,,,,,,,,,,,,,,,,,,,,,,,,,,,,,,,,,,,,,,
Q07,2,1,1,0.82,,nation,2,0,never_instantiated,0,,,,,0,0,,customer,240492,0,never_instantiated,0,,,,,0,0,orders,,239361,0,never_instantiated,0,,,,,0,0,,nation,2,0,never_instantiated,0,,,,,0,0,lineitem,supplier,15988,0,never_instantiated,0,,,,,0,0,,,,,,,,,,,,,,,,,,,,,,,,,,,,,,,,,,,,,,,,,,,,,,,,
Q08,2,1,1,1.03,,region,1,0,never_instantiated,0,,,,,0,0,,nation,5,0,never_instantiated,0,,,,,0,0,,nation,25,0,never_instantiated,0,,,,,0,0,,supplier,200000,0,never_instantiated,0,,,,,0,0,customer,,48849,0,never_instantiated,0,,,,,0,0,orders,,49794,0,never_instantiated,0,,,,,0,0,lineitem,part,26819,0,never_instantiated,0,,,,,0,0,,,,,,,,,,,,,,,,,,,,,,,,
Q09,2,1,1,2.05,,nation,25,0,never_instantiated,0,,,,,0,0,,supplier,200000,0,never_instantiated,0,,,,,0,0,,orders,30000000,0,never_instantiated,0,,,,,0,0,,partsupp,16000000,0,never_instantiated,0,,,,,0,0,lineitem,part,217392,0,never_instantiated,0,,,,,0,0,,,,,,,,,,,,,,,,,,,,,,,,,,,,,,,,,,,,,,,,,,,,,,,,
Q10,2,1,1,1.03,,nation,25,0,never_instantiated,0,,,,,0,0,customer,,2290399,0,never_instantiated,0,,,,,0,0,lineitem,orders,1145890,0,never_instantiated,0,,,,,0,0,,,,,,,,,,,,,,,,,,,,,,,,,,,,,,,,,,,,,,,,,,,,,,,,,,,,,,,,,,,,,,,,,,,,,,,,
Q11,2,1,1,0.31,,nation,1,0,never_instantiated,0,,,,,0,0,partsupp,supplier,8087,0,never_instantiated,0,,,,,0,0,partsupp,,8087,0,never_instantiated,0,,,,,0,0,supplier,nation,1,0,never_instantiated,0,,,,,0,0,,,,,,,,,,,,,,,,,,,,,,,,,,,,,,,,,,,,,,,,,,,,,,,,,,,,,,,,,,,,
Q12,2,1,1,0.82,orders,lineitem,621378,0,never_instantiated,0,,,,,0,0,,,,,,,,,,,,,,,,,,,,,,,,,,,,,,,,,,,,,,,,,,,,,,,,,,,,,,,,,,,,,,,,,,,,,,,,,,,,,,,,,,,,,,,,,,,,,,,,
Q13,2,1,1,1.75,orders,customer,3000000,0,never_instantiated,0,,,,,0,0,,,,,,,,,,,,,,,,,,,,,,,,,,,,,,,,,,,,,,,,,,,,,,,,,,,,,,,,,,,,,,,,,,,,,,,,,,,,,,,,,,,,,,,,,,,,,,,,
Q14,2,1,1,1.03,lineitem,part,4000000,0,never_instantiated,0,,,,,0,0,,,,,,,,,,,,,,,,,,,,,,,,,,,,,,,,,,,,,,,,,,,,,,,,,,,,,,,,,,,,,,,,,,,,,,,,,,,,,,,,,,,,,,,,,,,,,,,,
Q15,2,1,1,0.62,,,1,0,never_instantiated,0,,,,,0,0,supplier,,200000,0,never_instantiated,0,,,,,0,0,,,,,,,,,,,,,,,,,,,,,,,,,,,,,,,,,,,,,,,,,,,,,,,,,,,,,,,,,,,,,,,,,,,,,,,,,,,,,,,,,,,,
Q16,2,1,1,0.62,,supplier,106,0,never_instantiated,0,,,,,0,0,partsupp,,593456,0,never_instantiated,0,,,,,0,0,part,,8,0,never_instantiated,0,,,,,0,0,,,,,,,,,,,,,,,,,,,,,,,,,,,,,,,,,,,,,,,,,,,,,,,,,,,,,,,,,,,,,,,,,,,,,,,,
Q17,2,1,1,1.34,lineitem,part,4066,0,never_instantiated,0,,,,,0,0,,,122217,0,never_instantiated,0,,,,,0,0,lineitem,,4066,0,never_instantiated,0,,,,,0,0,,,,,,,,,,,,,,,,,,,,,,,,,,,,,,,,,,,,,,,,,,,,,,,,,,,,,,,,,,,,,,,,,,,,,,,,
Q18,2,1,1,4.31,,lineitem,1281,0,never_instantiated,0,,,,,0,0,,customer,2999999,0,never_instantiated,0,,,,,0,0,lineitem,orders,30000000,0,never_instantiated,0,,,,,0,0,,,,,,,,,,,,,,,,,,,,,,,,,,,,,,,,,,,,,,,,,,,,,,,,,,,,,,,,,,,,,,,,,,,,,,,,
Q19,2,1,1,1.34,lineitem,part,4000000,0,never_instantiated,0,,,,,0,0,,,,,,,,,,,,,,,,,,,,,,,,,,,,,,,,,,,,,,,,,,,,,,,,,,,,,,,,,,,,,,,,,,,,,,,,,,,,,,,,,,,,,,,,,,,,,,,,
Q20,2,1,1,0.82,,,8063,0,never_instantiated,0,,,,,0,0,partsupp,part,43464,0,never_instantiated,0,,,,,0,0,,,7317,0,never_instantiated,0,,,,,0,0,lineitem,,7317,0,never_instantiated,0,,,,,0,0,supplier,nation,1,0,never_instantiated,0,,,,,0,0,,,,,,,,,,,,,,,,,,,,,,,,,,,,,,,,,,,,,,,,,,,,,,,,
Q21,2,1,1,2.67,orders,,3033530,0,never_instantiated,0,,,,,0,0,,nation,1,0,never_instantiated,0,,,,,0,0,lineitem,supplier,7984,0,never_instantiated,0,,,,,0,0,,,1464370,0,never_instantiated,0,,,,,0,0,lineitem,,1464364,0,never_instantiated,0,,,,,0,0,,,1411363,0,never_instantiated,0,,,,,0,0,lineitem,,1411357,0,never_instantiated,0,,,,,0,0,,,,,,,,,,,,,,,,,,,,,,,,
Q22,2,1,1,0.52,,,381883,0,never_instantiated,0,,,,,0,0,orders,,381883,0,never_instantiated,0,,,,,0,0,,,,,,,,,,,,,,,,,,,,,,,,,,,,,,,,,,,,,,,,,,,,,,,,,,,,,,,,,,,,,,,,,,,,,,,,,,,,,,,,,,,,
Q01,2,2,1,1.03,,,,,,,,,,,,,,,,,,,,,,,,,,,,,,,,,,,,,,,,,,,,,,,,,,,,,,,,,,,,,,,,,,,,,,,,,,,,,,,,,,,,,,,,,,,,,,,,,,,,,,,,,,,,
Q02,2,2,1,0.31,,region,1,0,never_instantiated,0,,,,,0,0,,nation,5,0,never_instantiated,0,,,,,0,0,supplier,,12763,0,never_instantiated,0,,,,,0,0,partsupp,part,15890,0,never_instantiated,0,,,,,0,0,,,12744,0,never_instantiated,0,,,,,0,0,,,9428,0,never_instantiated,0,,,,,0,0,,region,1,0,never_instantiated,0,,,,,0,0,,nation,5,0,never_instantiated,0,,,,,0,0,partsupp,supplier,39913,0,never_instantiated,0,,,,,0,0
Q03,2,2,1,0.82,,customer,600888,0,never_instantiated,0,,,,,0,0,lineitem,orders,2926877,0,never_instantiated,0,,,,,0,0,,,,,,,,,,,,,,,,,,,,,,,,,,,,,,,,,,,,,,,,,,,,,,,,,,,,,,,,,,,,,,,,,,,,,,,,,,,,,,,,,,,,
Q04,2,2,1,0.93,,,1146356,0,never_instantiated,0,,,,,0,0,lineitem,,1146356,0,never_instantiated,0,,,,,0,0,,,,,,,,,,,,,,,,,,,,,,,,,,,,,,,,,,,,,,,,,,,,,,,,,,,,,,,,,,,,,,,,,,,,,,,,,,,,,,,,,,,,
Q05,2,2,1,1.54,,region,1,0,never_instantiated,0,,,,,0,0,,supplier,200000,0,never_instantiated,0,,,,,0,0,,nation,5,0,never_instantiated,0,,,,,0,0,,customer,600016,0,never_instantiated,0,,,,,0,0,lineitem,orders,910865,0,never_instantiated,0,,,,,0,0,,,,,,,,,,,,,,,,,,,,,,,,,,,,,,,,,,,,,,,,,,,,,,,,
Q06,2,2,1,0.41,,,,,,,,,,,,,,,,,,,,,,,,,,,,,,,,,,,,,,,,,,,,,,,,,,,,,,,,,,,,,,,,,,,,,,,,,,,,,,,,,,,,,,,,,,,,,,,,,,,,,,,,,,,,
Q07,2,2,1,0.82,,nation,2,0,never_instantiated,0,,,,,0,0,,supplier,15988,0,never_instantiated,0,,,,,0,0,,nation,2,0,never_instantiated,0,,,,,0,0,,customer,240492,0,never_instantiated,0,,,,,0,0,lineitem,orders,2451059,0,never_instantiated,0,,,,,0,0,,,,,,,,,,,,,,,,,,,,,,,,,,,,,,,,,,,,,,,,,,,,,,,,
Q08,2,2,1,0.93,,region,1,0,never_instantiated,0,,,,,0,0,,nation,5,0,never_instantiated,0,,,,,0,0,customer,,244948,0,never_instantiated,0,,,,,0,0,,part,26819,0,never_instantiated,0,,,,,0,0,,orders,9116496,0,never_instantiated,0,,,,,0,0,,nation,25,0,never_instantiated,0,,,,,0,0,lineitem,supplier,200000,0,never_instantiated,0,,,,,0,0,,,,,,,,,,,,,,,,,,,,,,,,
Q09,2,2,1,1.85,,nation,25,0,never_instantiated,0,,,,,0,0,,supplier,200000,0,never_instantiated,0,,,,,0,0,,part,217392,0,never_instantiated,0,,,,,0,0,,orders,30000000,0,never_instantiated,0,,,,,0,0,lineitem,partsupp,884320,0,never_instantiated,0,,,,,0,0,,,,,,,,,,,,,,,,,,,,,,,,,,,,,,,,,,,,,,,,,,,,,,,,
Q10,2,2,1,1.03,,nation,25,0,never_instantiated,0,,,,,0,0,customer,,2290399,0,never_instantiated,0,,,,,0,0,lineitem,orders,1145890,0,never_instantiated,0,,,,,0,0,,,,,,,,,,,,,,,,,,,,,,,,,,,,,,,,,,,,,,,,,,,,,,,,,,,,,,,,,,,,,,,,,,,,,,,,
Q11,2,2,1,0.21,partsupp,,8087,0,never_instantiated,0,,,,,0,0,supplier,nation,1,0,never_instantiated,0,,,,,0,0,partsupp,,8087,0,never_instantiated,0,,,,,0,0,supplier,nation,1,0,never_instantiated,0,,,,,0,0,,,,,,,,,,,,,,,,,,,,,,,,,,,,,,,,,,,,,,,,,,,,,,,,,,,,,,,,,,,,
Q12,2,2,1,0.82,orders,lineitem,621378,0,never_instantiated,0,,,,,0,0,,,,,,,,,,,,,,,,,,,,,,,,,,,,,,,,,,,,,,,,,,,,,,,,,,,,,,,,,,,,,,,,,,,,,,,,,,,,,,,,,,,,,,,,,,,,,,,,
Q13,2,2,1,1.75,orders,customer,3000000,0,never_instantiated,0,,,,,0,0,,,,,,,,,,,,,,,,,,,,,,,,,,,,,,,,,,,,,,,,,,,,,,,,,,,,,,,,,,,,,,,,,,,,,,,,,,,,,,,,,,,,,,,,,,,,,,,,
Q14,2,2,1,1.03,lineitem,part,4000000,0,never_instantiated,0,,,,,0,0,,,,,,,,,,,,,,,,,,,,,,,,,,,,,,,,,,,,,,,,,,,,,,,,,,,,,,,,,,,,,,,,,,,,,,,,,,,,,,,,,,,,,,,,,,,,,,,,
Q15,2,2,1,0.62,,,1,0,never_instantiated,0,,,,,0,0,supplier,,200000,0,never_instantiated,0,,,,,0,0,,,,,,,,,,,,,,,,,,,,,,,,,,,,,,,,,,,,,,,,,,,,,,,,,,,,,,,,,,,,,,,,,,,,,,,,,,,,,,,,,,,,
Q16,2,2,1,0.52,,supplier,106,0,never_instantiated,0,,,,,0,0,partsupp,,593456,0,never_instantiated,0,,,,,0,0,part,,8,0,never_instantiated,0,,,,,0,0,,,,,,,,,,,,,,,,,,,,,,,,,,,,,,,,,,,,,,,,,,,,,,,,,,,,,,,,,,,,,,,,,,,,,,,,
Q17,2,2,1,1.33,lineitem,part,4066,0,never_instantiated,0,,,,,0,0,,,122217,0,never_instantiated,0,,,,,0,0,lineitem,,4066,0,never_instantiated,0,,,,,0,0,,,,,,,,,,,,,,,,,,,,,,,,,,,,,,,,,,,,,,,,,,,,,,,,,,,,,,,,,,,,,,,,,,,,,,,,
Q18,2,2,1,4.31,,lineitem,1281,0,never_instantiated,0,,,,,0,0,,customer,2999999,0,never_instantiated,0,,,,,0,0,lineitem,orders,30000000,0,never_instantiated,0,,,,,0,0,,,,,,,,,,,,,,,,,,,,,,,,,,,,,,,,,,,,,,,,,,,,,,,,,,,,,,,,,,,,,,,,,,,,,,,,
Q19,2,2,1,1.33,lineitem,part,4000000,0,never_instantiated,0,,,,,0,0,,,,,,,,,,,,,,,,,,,,,,,,,,,,,,,,,,,,,,,,,,,,,,,,,,,,,,,,,,,,,,,,,,,,,,,,,,,,,,,,,,,,,,,,,,,,,,,,
Q20,2,2,1,0.82,,,8063,0,never_instantiated,0,,,,,0,0,partsupp,part,43464,0,never_instantiated,0,,,,,0,0,,,7317,0,never_instantiated,0,,,,,0,0,lineitem,,7317,0,never_instantiated,0,,,,,0,0,supplier,nation,1,0,never_instantiated,0,,,,,0,0,,,,,,,,,,,,,,,,,,,,,,,,,,,,,,,,,,,,,,,,,,,,,,,,
Q21,2,2,1,2.56,,nation,1,0,never_instantiated,0,,,,,0,0,,supplier,7984,0,never_instantiated,0,,,,,0,0,lineitem,orders,14617146,0,never_instantiated,0,,,,,0,0,,,1464370,0,never_instantiated,0,,,,,0,0,lineitem,,1464364,0,never_instantiated,0,,,,,0,0,,,1411363,0,never_instantiated,0,,,,,0,0,lineitem,,1411357,0,never_instantiated,0,,,,,0,0,,,,,,,,,,,,,,,,,,,,,,,,
Q22,2,2,1,0.52,,,381883,0,never_instantiated,0,,,,,0,0,orders,,381883,0,never_instantiated,0,,,,,0,0,,,,,,,,,,,,,,,,,,,,,,,,,,,,,,,,,,,,,,,,,,,,,,,,,,,,,,,,,,,,,,,,,,,,,,,,,,,,,,,,,,,,
Q01,2,3,1,1.03,,,,,,,,,,,,,,,,,,,,,,,,,,,,,,,,,,,,,,,,,,,,,,,,,,,,,,,,,,,,,,,,,,,,,,,,,,,,,,,,,,,,,,,,,,,,,,,,,,,,,,,,,,,,
Q02,2,3,1,0.31,,region,1,0,never_instantiated,0,,,,,0,0,,nation,5,0,never_instantiated,0,,,,,0,0,,part,15890,0,never_instantiated,0,,,,,0,0,partsupp,supplier,39913,0,never_instantiated,0,,,,,0,0,,,12744,0,never_instantiated,0,,,,,0,0,,,9428,0,never_instantiated,0,,,,,0,0,,region,1,0,never_instantiated,0,,,,,0,0,partsupp,,39913,0,never_instantiated,0,,,,,0,0,supplier,nation,5,0,never_instantiated,0,,,,,0,0
Q03,2,3,1,0.82,,customer,600888,0,never_instantiated,0,,,,,0,0,lineitem,orders,2926877,0,never_instantiated,0,,,,,0,0,,,,,,,,,,,,,,,,,,,,,,,,,,,,,,,,,,,,,,,,,,,,,,,,,,,,,,,,,,,,,,,,,,,,,,,,,,,,,,,,,,,,
Q04,2,3,1,1.03,,,1146356,0,never_instantiated,0,,,,,0,0,lineitem,,1146356,0,never_instantiated,0,,,,,0,0,,,,,,,,,,,,,,,,,,,,,,,,,,,,,,,,,,,,,,,,,,,,,,,,,,,,,,,,,,,,,,,,,,,,,,,,,,,,,,,,,,,,
Q05,2,3,1,9999999,,,,,,,,,,,,,,,,,,,,,,,,,,,,,,,,,,,,,,,,,,,,,,,,,,,,,,,,,,,,,,,,,,,,,,,,,,,,,,,,,,,,,,,,,,,,,,,,,,,,,,,,,,,,
Q06,2,3,1,0.41,,,,,,,,,,,,,,,,,,,,,,,,,,,,,,,,,,,,,,,,,,,,,,,,,,,,,,,,,,,,,,,,,,,,,,,,,,,,,,,,,,,,,,,,,,,,,,,,,,,,,,,,,,,,
Q07,2,3,1,0.93,,nation,2,0,never_instantiated,0,,,,,0,0,,customer,240492,0,never_instantiated,0,,,,,0,0,,nation,2,0,never_instantiated,0,,,,,0,0,,orders,2451059,0,never_instantiated,0,,,,,0,0,lineitem,supplier,15988,0,never_instantiated,0,,,,,0,0,,,,,,,,,,,,,,,,,,,,,,,,,,,,,,,,,,,,,,,,,,,,,,,,
Q08,2,3,1,0.93,,region,1,0,never_instantiated,0,,,,,0,0,,nation,25,0,never_instantiated,0,,,,,0,0,,part,26819,0,never_instantiated,0,,,,,0,0,,nation,5,0,never_instantiated,0,,,,,0,0,,supplier,200000,0,never_instantiated,0,,,,,0,0,,customer,599689,0,never_instantiated,0,,,,,0,0,lineitem,orders,1822210,0,never_instantiated,0,,,,,0,0,,,,,,,,,,,,,,,,,,,,,,,,
Q09,2,3,1,1.85,,orders,30000000,0,never_instantiated,0,,,,,0,0,,nation,25,0,never_instantiated,0,,,,,0,0,,part,217392,0,never_instantiated,0,,,,,0,0,,partsupp,884320,0,never_instantiated,0,,,,,0,0,lineitem,supplier,200000,0,never_instantiated,0,,,,,0,0,,,,,,,,,,,,,,,,,,,,,,,,,,,,,,,,,,,,,,,,,,,,,,,,
Q10,2,3,1,1.03,,nation,25,0,never_instantiated,0,,,,,0,0,customer,,2290399,0,never_instantiated,0,,,,,0,0,lineitem,orders,1145890,0,never_instantiated,0,,,,,0,0,,,,,,,,,,,,,,,,,,,,,,,,,,,,,,,,,,,,,,,,,,,,,,,,,,,,,,,,,,,,,,,,,,,,,,,,
Q11,2,3,1,0.31,,nation,1,0,never_instantiated,0,,,,,0,0,partsupp,supplier,8087,0,never_instantiated,0,,,,,0,0,partsupp,,8087,0,never_instantiated,0,,,,,0,0,supplier,nation,1,0,never_instantiated,0,,,,,0,0,,,,,,,,,,,,,,,,,,,,,,,,,,,,,,,,,,,,,,,,,,,,,,,,,,,,,,,,,,,,
Q12,2,3,1,0.82,orders,lineitem,621378,0,never_instantiated,0,,,,,0,0,,,,,,,,,,,,,,,,,,,,,,,,,,,,,,,,,,,,,,,,,,,,,,,,,,,,,,,,,,,,,,,,,,,,,,,,,,,,,,,,,,,,,,,,,,,,,,,,
Q13,2,3,1,1.75,orders,customer,3000000,0,never_instantiated,0,,,,,0,0,,,,,,,,,,,,,,,,,,,,,,,,,,,,,,,,,,,,,,,,,,,,,,,,,,,,,,,,,,,,,,,,,,,,,,,,,,,,,,,,,,,,,,,,,,,,,,,,
Q14,2,3,1,1.03,lineitem,part,4000000,0,never_instantiated,0,,,,,0,0,,,,,,,,,,,,,,,,,,,,,,,,,,,,,,,,,,,,,,,,,,,,,,,,,,,,,,,,,,,,,,,,,,,,,,,,,,,,,,,,,,,,,,,,,,,,,,,,
Q15,2,3,1,0.62,,,1,0,never_instantiated,0,,,,,0,0,supplier,,200000,0,never_instantiated,0,,,,,0,0,,,,,,,,,,,,,,,,,,,,,,,,,,,,,,,,,,,,,,,,,,,,,,,,,,,,,,,,,,,,,,,,,,,,,,,,,,,,,,,,,,,,
Q16,2,3,1,0.62,,supplier,106,0,never_instantiated,0,,,,,0,0,partsupp,,593456,0,never_instantiated,0,,,,,0,0,part,,8,0,never_instantiated,0,,,,,0,0,,,,,,,,,,,,,,,,,,,,,,,,,,,,,,,,,,,,,,,,,,,,,,,,,,,,,,,,,,,,,,,,,,,,,,,,
Q17,2,3,1,1.34,lineitem,part,4066,0,never_instantiated,0,,,,,0,0,,,122217,0,never_instantiated,0,,,,,0,0,lineitem,,4066,0,never_instantiated,0,,,,,0,0,,,,,,,,,,,,,,,,,,,,,,,,,,,,,,,,,,,,,,,,,,,,,,,,,,,,,,,,,,,,,,,,,,,,,,,,
Q18,2,3,1,4.31,,lineitem,1281,0,never_instantiated,0,,,,,0,0,,customer,2999999,0,never_instantiated,0,,,,,0,0,lineitem,orders,30000000,0,never_instantiated,0,,,,,0,0,,,,,,,,,,,,,,,,,,,,,,,,,,,,,,,,,,,,,,,,,,,,,,,,,,,,,,,,,,,,,,,,,,,,,,,,
Q19,2,3,1,1.34,lineitem,part,4000000,0,never_instantiated,0,,,,,0,0,,,,,,,,,,,,,,,,,,,,,,,,,,,,,,,,,,,,,,,,,,,,,,,,,,,,,,,,,,,,,,,,,,,,,,,,,,,,,,,,,,,,,,,,,,,,,,,,
Q20,2,3,1,0.82,,,8063,0,never_instantiated,0,,,,,0,0,partsupp,part,43464,0,never_instantiated,0,,,,,0,0,,,7317,0,never_instantiated,0,,,,,0,0,lineitem,,7317,0,never_instantiated,0,,,,,0,0,supplier,nation,1,0,never_instantiated,0,,,,,0,0,,,,,,,,,,,,,,,,,,,,,,,,,,,,,,,,,,,,,,,,,,,,,,,,
Q21,2,3,1,2.57,,nation,1,0,never_instantiated,0,,,,,0,0,,orders,14617146,0,never_instantiated,0,,,,,0,0,lineitem,supplier,7984,0,never_instantiated,0,,,,,0,0,,,1464370,0,never_instantiated,0,,,,,0,0,lineitem,,1464364,0,never_instantiated,0,,,,,0,0,,,1411363,0,never_instantiated,0,,,,,0,0,lineitem,,1411357,0,never_instantiated,0,,,,,0,0,,,,,,,,,,,,,,,,,,,,,,,,
Q22,2,3,1,0.52,,,381883,0,never_instantiated,0,,,,,0,0,orders,,381883,0,never_instantiated,0,,,,,0,0,,,,,,,,,,,,,,,,,,,,,,,,,,,,,,,,,,,,,,,,,,,,,,,,,,,,,,,,,,,,,,,,,,,,,,,,,,,,,,,,,,,,
Q01,2,4,1,1.03,,,,,,,,,,,,,,,,,,,,,,,,,,,,,,,,,,,,,,,,,,,,,,,,,,,,,,,,,,,,,,,,,,,,,,,,,,,,,,,,,,,,,,,,,,,,,,,,,,,,,,,,,,,,
Q02,2,4,1,0.31,,region,1,0,never_instantiated,0,,,,,0,0,,nation,5,0,never_instantiated,0,,,,,0,0,supplier,,12763,0,never_instantiated,0,,,,,0,0,partsupp,part,15890,0,never_instantiated,0,,,,,0,0,,,12744,0,never_instantiated,0,,,,,0,0,,,9428,0,never_instantiated,0,,,,,0,0,,region,1,0,never_instantiated,0,,,,,0,0,partsupp,,39913,0,never_instantiated,0,,,,,0,0,supplier,nation,5,0,never_instantiated,0,,,,,0,0
Q03,2,4,1,0.82,,customer,600888,0,never_instantiated,0,,,,,0,0,lineitem,orders,2926877,0,never_instantiated,0,,,,,0,0,,,,,,,,,,,,,,,,,,,,,,,,,,,,,,,,,,,,,,,,,,,,,,,,,,,,,,,,,,,,,,,,,,,,,,,,,,,,,,,,,,,,
Q04,2,4,1,1.03,,,1146356,0,never_instantiated,0,,,,,0,0,lineitem,,1146356,0,never_instantiated,0,,,,,0,0,,,,,,,,,,,,,,,,,,,,,,,,,,,,,,,,,,,,,,,,,,,,,,,,,,,,,,,,,,,,,,,,,,,,,,,,,,,,,,,,,,,,
Q05,2,4,1,1.44,,region,1,0,never_instantiated,0,,,,,0,0,,nation,5,0,never_instantiated,0,,,,,0,0,,supplier,200000,0,never_instantiated,0,,,,,0,0,,customer,600016,0,never_instantiated,0,,,,,0,0,lineitem,orders,910865,0,never_instantiated,0,,,,,0,0,,,,,,,,,,,,,,,,,,,,,,,,,,,,,,,,,,,,,,,,,,,,,,,,
Q06,2,4,1,0.41,,,,,,,,,,,,,,,,,,,,,,,,,,,,,,,,,,,,,,,,,,,,,,,,,,,,,,,,,,,,,,,,,,,,,,,,,,,,,,,,,,,,,,,,,,,,,,,,,,,,,,,,,,,,
Q07,2,4,1,0.82,,nation,2,0,never_instantiated,0,,,,,0,0,,nation,2,0,never_instantiated,0,,,,,0,0,,supplier,15988,0,never_instantiated,0,,,,,0,0,,customer,240492,0,never_instantiated,0,,,,,0,0,lineitem,orders,2451059,0,never_instantiated,0,,,,,0,0,,,,,,,,,,,,,,,,,,,,,,,,,,,,,,,,,,,,,,,,,,,,,,,,
Q08,2,4,1,1.03,,region,1,0,never_instantiated,0,,,,,0,0,,nation,25,0,never_instantiated,0,,,,,0,0,,nation,5,0,never_instantiated,0,,,,,0,0,customer,,48849,0,never_instantiated,0,,,,,0,0,,supplier,200000,0,never_instantiated,0,,,,,0,0,orders,,49794,0,never_instantiated,0,,,,,0,0,lineitem,part,26819,0,never_instantiated,0,,,,,0,0,,,,,,,,,,,,,,,,,,,,,,,,
Q09,2,4,1,3.59,,partsupp,16000000,0,never_instantiated,0,,,,,0,0,,nation,25,0,never_instantiated,0,,,,,0,0,,part,217392,0,never_instantiated,0,,,,,0,0,,supplier,200000,0,never_instantiated,0,,,,,0,0,lineitem,orders,30000000,0,never_instantiated,0,,,,,0,0,,,,,,,,,,,,,,,,,,,,,,,,,,,,,,,,,,,,,,,,,,,,,,,,
Q10,2,4,1,1.03,,nation,25,0,never_instantiated,0,,,,,0,0,customer,,2290399,0,never_instantiated,0,,,,,0,0,lineitem,orders,1145890,0,never_instantiated,0,,,,,0,0,,,,,,,,,,,,,,,,,,,,,,,,,,,,,,,,,,,,,,,,,,,,,,,,,,,,,,,,,,,,,,,,,,,,,,,,
Q11,2,4,1,0.31,partsupp,,8087,0,never_instantiated,0,,,,,0,0,supplier,nation,1,0,never_instantiated,0,,,,,0,0,,nation,1,0,never_instantiated,0,,,,,0,0,partsupp,supplier,8087,0,never_instantiated,0,,,,,0,0,,,,,,,,,,,,,,,,,,,,,,,,,,,,,,,,,,,,,,,,,,,,,,,,,,,,,,,,,,,,
Q12,2,4,1,0.82,orders,lineitem,621378,0,never_instantiated,0,,,,,0,0,,,,,,,,,,,,,,,,,,,,,,,,,,,,,,,,,,,,,,,,,,,,,,,,,,,,,,,,,,,,,,,,,,,,,,,,,,,,,,,,,,,,,,,,,,,,,,,,
Q13,2,4,1,1.75,orders,customer,3000000,0,never_instantiated,0,,,,,0,0,,,,,,,,,,,,,,,,,,,,,,,,,,,,,,,,,,,,,,,,,,,,,,,,,,,,,,,,,,,,,,,,,,,,,,,,,,,,,,,,,,,,,,,,,,,,,,,,
Q14,2,4,1,1.03,lineitem,part,4000000,0,never_instantiated,0,,,,,0,0,,,,,,,,,,,,,,,,,,,,,,,,,,,,,,,,,,,,,,,,,,,,,,,,,,,,,,,,,,,,,,,,,,,,,,,,,,,,,,,,,,,,,,,,,,,,,,,,
Q15,2,4,1,0.62,,,1,0,never_instantiated,0,,,,,0,0,supplier,,200000,0,never_instantiated,0,,,,,0,0,,,,,,,,,,,,,,,,,,,,,,,,,,,,,,,,,,,,,,,,,,,,,,,,,,,,,,,,,,,,,,,,,,,,,,,,,,,,,,,,,,,,
Q16,2,4,1,0.62,,supplier,106,0,never_instantiated,0,,,,,0,0,partsupp,,593456,0,never_instantiated,0,,,,,0,0,part,,8,0,never_instantiated,0,,,,,0,0,,,,,,,,,,,,,,,,,,,,,,,,,,,,,,,,,,,,,,,,,,,,,,,,,,,,,,,,,,,,,,,,,,,,,,,,
Q17,2,4,1,1.34,lineitem,part,4066,0,never_instantiated,0,,,,,0,0,,,122217,0,never_instantiated,0,,,,,0,0,lineitem,,4066,0,never_instantiated,0,,,,,0,0,,,,,,,,,,,,,,,,,,,,,,,,,,,,,,,,,,,,,,,,,,,,,,,,,,,,,,,,,,,,,,,,,,,,,,,,
Q18,2,4,1,4.31,,lineitem,1281,0,never_instantiated,0,,,,,0,0,,customer,2999999,0,never_instantiated,0,,,,,0,0,lineitem,orders,30000000,0,never_instantiated,0,,,,,0,0,,,,,,,,,,,,,,,,,,,,,,,,,,,,,,,,,,,,,,,,,,,,,,,,,,,,,,,,,,,,,,,,,,,,,,,,
Q19,2,4,1,1.34,lineitem,part,4000000,0,never_instantiated,0,,,,,0,0,,,,,,,,,,,,,,,,,,,,,,,,,,,,,,,,,,,,,,,,,,,,,,,,,,,,,,,,,,,,,,,,,,,,,,,,,,,,,,,,,,,,,,,,,,,,,,,,
Q20,2,4,1,0.82,,,8063,0,never_instantiated,0,,,,,0,0,partsupp,part,43464,0,never_instantiated,0,,,,,0,0,,,7317,0,never_instantiated,0,,,,,0,0,lineitem,,7317,0,never_instantiated,0,,,,,0,0,supplier,nation,1,0,never_instantiated,0,,,,,0,0,,,,,,,,,,,,,,,,,,,,,,,,,,,,,,,,,,,,,,,,,,,,,,,,
Q21,2,4,1,2.67,,nation,1,0,never_instantiated,0,,,,,0,0,,supplier,7984,0,never_instantiated,0,,,,,0,0,lineitem,orders,14617146,0,never_instantiated,0,,,,,0,0,,,1464370,0,never_instantiated,0,,,,,0,0,lineitem,,1464364,0,never_instantiated,0,,,,,0,0,,,1411363,0,never_instantiated,0,,,,,0,0,lineitem,,1411357,0,never_instantiated,0,,,,,0,0,,,,,,,,,,,,,,,,,,,,,,,,
Q22,2,4,1,0.52,,,381883,0,never_instantiated,0,,,,,0,0,orders,,381883,0,never_instantiated,0,,,,,0,0,,,,,,,,,,,,,,,,,,,,,,,,,,,,,,,,,,,,,,,,,,,,,,,,,,,,,,,,,,,,,,,,,,,,,,,,,,,,,,,,,,,,
Q01,2,5,1,1.03,,,,,,,,,,,,,,,,,,,,,,,,,,,,,,,,,,,,,,,,,,,,,,,,,,,,,,,,,,,,,,,,,,,,,,,,,,,,,,,,,,,,,,,,,,,,,,,,,,,,,,,,,,,,
Q02,2,5,1,0.31,,region,1,0,never_instantiated,0,,,,,0,0,,nation,5,0,never_instantiated,0,,,,,0,0,,part,15890,0,never_instantiated,0,,,,,0,0,partsupp,supplier,39913,0,never_instantiated,0,,,,,0,0,,,12744,0,never_instantiated,0,,,,,0,0,,,9428,0,never_instantiated,0,,,,,0,0,,region,1,0,never_instantiated,0,,,,,0,0,,nation,5,0,never_instantiated,0,,,,,0,0,partsupp,supplier,39913,0,never_instantiated,0,,,,,0,0
Q03,2,5,1,1.54,,customer,600888,0,never_instantiated,0,,,,,0,0,lineitem,orders,14577240,0,never_instantiated,0,,,,,0,0,,,,,,,,,,,,,,,,,,,,,,,,,,,,,,,,,,,,,,,,,,,,,,,,,,,,,,,,,,,,,,,,,,,,,,,,,,,,,,,,,,,,
Q04,2,5,1,0.93,,,1146356,0,never_instantiated,0,,,,,0,0,lineitem,,1146356,0,never_instantiated,0,,,,,0,0,,,,,,,,,,,,,,,,,,,,,,,,,,,,,,,,,,,,,,,,,,,,,,,,,,,,,,,,,,,,,,,,,,,,,,,,,,,,,,,,,,,,
Q05,2,5,1,9999999,,,,,,,,,,,,,,,,,,,,,,,,,,,,,,,,,,,,,,,,,,,,,,,,,,,,,,,,,,,,,,,,,,,,,,,,,,,,,,,,,,,,,,,,,,,,,,,,,,,,,,,,,,,,
Q06,2,5,1,0.41,,,,,,,,,,,,,,,,,,,,,,,,,,,,,,,,,,,,,,,,,,,,,,,,,,,,,,,,,,,,,,,,,,,,,,,,,,,,,,,,,,,,,,,,,,,,,,,,,,,,,,,,,,,,
Q07,2,5,1,0.93,,nation,2,0,never_instantiated,0,,,,,0,0,,customer,240492,0,never_instantiated,0,,,,,0,0,,nation,2,0,never_instantiated,0,,,,,0,0,,orders,2451059,0,never_instantiated,0,,,,,0,0,lineitem,supplier,15988,0,never_instantiated,0,,,,,0,0,,,,,,,,,,,,,,,,,,,,,,,,,,,,,,,,,,,,,,,,,,,,,,,,
Q08,2,5,1,0.93,,region,1,0,never_instantiated,0,,,,,0,0,,nation,5,0,never_instantiated,0,,,,,0,0,,part,26819,0,never_instantiated,0,,,,,0,0,,customer,599689,0,never_instantiated,0,,,,,0,0,,orders,1822210,0,never_instantiated,0,,,,,0,0,,nation,25,0,never_instantiated,0,,,,,0,0,lineitem,supplier,200000,0,never_instantiated,0,,,,,0,0,,,,,,,,,,,,,,,,,,,,,,,,
Q09,2,5,1,2.05,,nation,25,0,never_instantiated,0,,,,,0,0,,supplier,200000,0,never_instantiated,0,,,,,0,0,,partsupp,16000000,0,never_instantiated,0,,,,,0,0,,orders,30000000,0,never_instantiated,0,,,,,0,0,lineitem,part,217392,0,never_instantiated,0,,,,,0,0,,,,,,,,,,,,,,,,,,,,,,,,,,,,,,,,,,,,,,,,,,,,,,,,
Q10,2,5,1,1.03,,nation,25,0,never_instantiated,0,,,,,0,0,customer,,2290399,0,never_instantiated,0,,,,,0,0,lineitem,orders,1145890,0,never_instantiated,0,,,,,0,0,,,,,,,,,,,,,,,,,,,,,,,,,,,,,,,,,,,,,,,,,,,,,,,,,,,,,,,,,,,,,,,,,,,,,,,,
Q11,2,5,1,0.31,,nation,1,0,never_instantiated,0,,,,,0,0,partsupp,supplier,8087,0,never_instantiated,0,,,,,0,0,partsupp,,8087,0,never_instantiated,0,,,,,0,0,supplier,nation,1,0,never_instantiated,0,,,,,0,0,,,,,,,,,,,,,,,,,,,,,,,,,,,,,,,,,,,,,,,,,,,,,,,,,,,,,,,,,,,,
Q12,2,5,1,0.72,orders,lineitem,621378,0,never_instantiated,0,,,,,0,0,,,,,,,,,,,,,,,,,,,,,,,,,,,,,,,,,,,,,,,,,,,,,,,,,,,,,,,,,,,,,,,,,,,,,,,,,,,,,,,,,,,,,,,,,,,,,,,,
Q13,2,5,1,1.75,orders,customer,3000000,0,never_instantiated,0,,,,,0,0,,,,,,,,,,,,,,,,,,,,,,,,,,,,,,,,,,,,,,,,,,,,,,,,,,,,,,,,,,,,,,,,,,,,,,,,,,,,,,,,,,,,,,,,,,,,,,,,
Q14,2,5,1,1.03,lineitem,part,4000000,0,never_instantiated,0,,,,,0,0,,,,,,,,,,,,,,,,,,,,,,,,,,,,,,,,,,,,,,,,,,,,,,,,,,,,,,,,,,,,,,,,,,,,,,,,,,,,,,,,,,,,,,,,,,,,,,,,
Q15,2,5,1,0.62,,,1,0,never_instantiated,0,,,,,0,0,supplier,,200000,0,never_instantiated,0,,,,,0,0,,,,,,,,,,,,,,,,,,,,,,,,,,,,,,,,,,,,,,,,,,,,,,,,,,,,,,,,,,,,,,,,,,,,,,,,,,,,,,,,,,,,
Q16,2,5,1,0.62,,supplier,106,0,never_instantiated,0,,,,,0,0,partsupp,,593456,0,never_instantiated,0,,,,,0,0,part,,8,0,never_instantiated,0,,,,,0,0,,,,,,,,,,,,,,,,,,,,,,,,,,,,,,,,,,,,,,,,,,,,,,,,,,,,,,,,,,,,,,,,,,,,,,,,
Q17,2,5,1,1.44,lineitem,part,4066,0,never_instantiated,0,,,,,0,0,,,122217,0,never_instantiated,0,,,,,0,0,lineitem,,4066,0,never_instantiated,0,,,,,0,0,,,,,,,,,,,,,,,,,,,,,,,,,,,,,,,,,,,,,,,,,,,,,,,,,,,,,,,,,,,,,,,,,,,,,,,,
Q18,2,5,1,4.31,,lineitem,1281,0,never_instantiated,0,,,,,0,0,,customer,2999999,0,never_instantiated,0,,,,,0,0,lineitem,orders,30000000,0,never_instantiated,0,,,,,0,0,,,,,,,,,,,,,,,,,,,,,,,,,,,,,,,,,,,,,,,,,,,,,,,,,,,,,,,,,,,,,,,,,,,,,,,,
Q19,2,5,1,1.33,lineitem,part,4000000,0,never_instantiated,0,,,,,0,0,,,,,,,,,,,,,,,,,,,,,,,,,,,,,,,,,,,,,,,,,,,,,,,,,,,,,,,,,,,,,,,,,,,,,,,,,,,,,,,,,,,,,,,,,,,,,,,,
Q20,2,5,1,0.82,,,8063,0,never_instantiated,0,,,,,0,0,partsupp,part,43464,0,never_instantiated,0,,,,,0,0,,,7317,0,never_instantiated,0,,,,,0,0,lineitem,,7317,0,never_instantiated,0,,,,,0,0,supplier,nation,1,0,never_instantiated,0,,,,,0,0,,,,,,,,,,,,,,,,,,,,,,,,,,,,,,,,,,,,,,,,,,,,,,,,
Q21,2,5,1,2.67,,nation,1,0,never_instantiated,0,,,,,0,0,,orders,14617146,0,never_instantiated,0,,,,,0,0,lineitem,supplier,7984,0,never_instantiated,0,,,,,0,0,,,1464370,0,never_instantiated,0,,,,,0,0,lineitem,,1464364,0,never_instantiated,0,,,,,0,0,,,1411363,0,never_instantiated,0,,,,,0,0,lineitem,,1411357,0,never_instantiated,0,,,,,0,0,,,,,,,,,,,,,,,,,,,,,,,,
Q22,2,5,1,0.52,,,381883,0,never_instantiated,0,,,,,0,0,orders,,381883,0,never_instantiated,0,,,,,0,0,,,,,,,,,,,,,,,,,,,,,,,,,,,,,,,,,,,,,,,,,,,,,,,,,,,,,,,,,,,,,,,,,,,,,,,,,,,,,,,,,,,,
Q01,2,6,1,1.03,,,,,,,,,,,,,,,,,,,,,,,,,,,,,,,,,,,,,,,,,,,,,,,,,,,,,,,,,,,,,,,,,,,,,,,,,,,,,,,,,,,,,,,,,,,,,,,,,,,,,,,,,,,,
Q02,2,6,1,0.31,,region,1,0,never_instantiated,0,,,,,0,0,,nation,5,0,never_instantiated,0,,,,,0,0,supplier,,12763,0,never_instantiated,0,,,,,0,0,partsupp,part,15890,0,never_instantiated,0,,,,,0,0,,,12744,0,never_instantiated,0,,,,,0,0,,,9428,0,never_instantiated,0,,,,,0,0,,region,1,0,never_instantiated,0,,,,,0,0,partsupp,,39913,0,never_instantiated,0,,,,,0,0,supplier,nation,5,0,never_instantiated,0,,,,,0,0
Q03,2,6,1,0.82,,customer,600888,0,never_instantiated,0,,,,,0,0,lineitem,orders,2926877,0,never_instantiated,0,,,,,0,0,,,,,,,,,,,,,,,,,,,,,,,,,,,,,,,,,,,,,,,,,,,,,,,,,,,,,,,,,,,,,,,,,,,,,,,,,,,,,,,,,,,,
Q04,2,6,1,0.93,,,1146356,0,never_instantiated,0,,,,,0,0,lineitem,,1146356,0,never_instantiated,0,,,,,0,0,,,,,,,,,,,,,,,,,,,,,,,,,,,,,,,,,,,,,,,,,,,,,,,,,,,,,,,,,,,,,,,,,,,,,,,,,,,,,,,,,,,,
Q05,2,6,1,1.95,,region,1,0,never_instantiated,0,,,,,0,0,,nation,5,0,never_instantiated,0,,,,,0,0,,customer,2999999,0,never_instantiated,0,,,,,0,0,,supplier,40119,0,never_instantiated,0,,,,,0,0,lineitem,orders,4549846,0,never_instantiated,0,,,,,0,0,,,,,,,,,,,,,,,,,,,,,,,,,,,,,,,,,,,,,,,,,,,,,,,,
Q06,2,6,1,0.41,,,,,,,,,,,,,,,,,,,,,,,,,,,,,,,,,,,,,,,,,,,,,,,,,,,,,,,,,,,,,,,,,,,,,,,,,,,,,,,,,,,,,,,,,,,,,,,,,,,,,,,,,,,,
Q07,2,6,1,0.82,,nation,2,0,never_instantiated,0,,,,,0,0,,customer,240492,0,never_instantiated,0,,,,,0,0,,nation,2,0,never_instantiated,0,,,,,0,0,,supplier,15988,0,never_instantiated,0,,,,,0,0,lineitem,orders,2451059,0,never_instantiated,0,,,,,0,0,,,,,,,,,,,,,,,,,,,,,,,,,,,,,,,,,,,,,,,,,,,,,,,,
Q08,2,6,1,0.93,,region,1,0,never_instantiated,0,,,,,0,0,,nation,25,0,never_instantiated,0,,,,,0,0,,nation,5,0,never_instantiated,0,,,,,0,0,,supplier,200000,0,never_instantiated,0,,,,,0,0,customer,,48849,0,never_instantiated,0,,,,,0,0,,part,26819,0,never_instantiated,0,,,,,0,0,lineitem,orders,1822210,0,never_instantiated,0,,,,,0,0,,,,,,,,,,,,,,,,,,,,,,,,
Q09,2,6,1,2.05,,nation,25,0,never_instantiated,0,,,,,0,0,,supplier,200000,0,never_instantiated,0,,,,,0,0,,orders,30000000,0,never_instantiated,0,,,,,0,0,,part,217392,0,never_instantiated,0,,,,,0,0,lineitem,partsupp,16000000,0,never_instantiated,0,,,,,0,0,,,,,,,,,,,,,,,,,,,,,,,,,,,,,,,,,,,,,,,,,,,,,,,,
Q10,2,6,1,1.03,,nation,25,0,never_instantiated,0,,,,,0,0,customer,,2290399,0,never_instantiated,0,,,,,0,0,lineitem,orders,1145890,0,never_instantiated,0,,,,,0,0,,,,,,,,,,,,,,,,,,,,,,,,,,,,,,,,,,,,,,,,,,,,,,,,,,,,,,,,,,,,,,,,,,,,,,,,
Q11,2,6,1,0.21,partsupp,,8087,0,never_instantiated,0,,,,,0,0,supplier,nation,1,0,never_instantiated,0,,,,,0,0,partsupp,,8087,0,never_instantiated,0,,,,,0,0,supplier,nation,1,0,never_instantiated,0,,,,,0,0,,,,,,,,,,,,,,,,,,,,,,,,,,,,,,,,,,,,,,,,,,,,,,,,,,,,,,,,,,,,
Q12,2,6,1,0.82,orders,lineitem,621378,0,never_instantiated,0,,,,,0,0,,,,,,,,,,,,,,,,,,,,,,,,,,,,,,,,,,,,,,,,,,,,,,,,,,,,,,,,,,,,,,,,,,,,,,,,,,,,,,,,,,,,,,,,,,,,,,,,
Q13,2,6,1,1.75,orders,customer,3000000,0,never_instantiated,0,,,,,0,0,,,,,,,,,,,,,,,,,,,,,,,,,,,,,,,,,,,,,,,,,,,,,,,,,,,,,,,,,,,,,,,,,,,,,,,,,,,,,,,,,,,,,,,,,,,,,,,,
Q14,2,6,1,1.03,lineitem,part,4000000,0,never_instantiated,0,,,,,0,0,,,,,,,,,,,,,,,,,,,,,,,,,,,,,,,,,,,,,,,,,,,,,,,,,,,,,,,,,,,,,,,,,,,,,,,,,,,,,,,,,,,,,,,,,,,,,,,,
Q15,2,6,1,0.62,,,1,0,never_instantiated,0,,,,,0,0,supplier,,200000,0,never_instantiated,0,,,,,0,0,,,,,,,,,,,,,,,,,,,,,,,,,,,,,,,,,,,,,,,,,,,,,,,,,,,,,,,,,,,,,,,,,,,,,,,,,,,,,,,,,,,,
Q16,2,6,1,0.52,,supplier,106,0,never_instantiated,0,,,,,0,0,partsupp,,593456,0,never_instantiated,0,,,,,0,0,part,,8,0,never_instantiated,0,,,,,0,0,,,,,,,,,,,,,,,,,,,,,,,,,,,,,,,,,,,,,,,,,,,,,,,,,,,,,,,,,,,,,,,,,,,,,,,,
Q17,2,6,1,1.33,lineitem,part,4066,0,never_instantiated,0,,,,,0,0,,,122217,0,never_instantiated,0,,,,,0,0,lineitem,,4066,0,never_instantiated,0,,,,,0,0,,,,,,,,,,,,,,,,,,,,,,,,,,,,,,,,,,,,,,,,,,,,,,,,,,,,,,,,,,,,,,,,,,,,,,,,
Q18,2,6,1,4.41,,lineitem,1281,0,never_instantiated,0,,,,,0,0,,customer,2999999,0,never_instantiated,0,,,,,0,0,lineitem,orders,30000000,0,never_instantiated,0,,,,,0,0,,,,,,,,,,,,,,,,,,,,,,,,,,,,,,,,,,,,,,,,,,,,,,,,,,,,,,,,,,,,,,,,,,,,,,,,
Q19,2,6,1,1.34,lineitem,part,4000000,0,never_instantiated,0,,,,,0,0,,,,,,,,,,,,,,,,,,,,,,,,,,,,,,,,,,,,,,,,,,,,,,,,,,,,,,,,,,,,,,,,,,,,,,,,,,,,,,,,,,,,,,,,,,,,,,,,
Q20,2,6,1,0.82,,,8063,0,never_instantiated,0,,,,,0,0,partsupp,part,43464,0,never_instantiated,0,,,,,0,0,,,7317,0,never_instantiated,0,,,,,0,0,lineitem,,7317,0,never_instantiated,0,,,,,0,0,supplier,nation,1,0,never_instantiated,0,,,,,0,0,,,,,,,,,,,,,,,,,,,,,,,,,,,,,,,,,,,,,,,,,,,,,,,,
Q21,2,6,1,2.56,,nation,1,0,never_instantiated,0,,,,,0,0,,supplier,7984,0,never_instantiated,0,,,,,0,0,lineitem,orders,14617146,0,never_instantiated,0,,,,,0,0,,,1464370,0,never_instantiated,0,,,,,0,0,lineitem,,1464364,0,never_instantiated,0,,,,,0,0,,,1411363,0,never_instantiated,0,,,,,0,0,lineitem,,1411357,0,never_instantiated,0,,,,,0,0,,,,,,,,,,,,,,,,,,,,,,,,
Q22,2,6,1,0.52,,,381883,0,never_instantiated,0,,,,,0,0,orders,,381883,0,never_instantiated,0,,,,,0,0,,,,,,,,,,,,,,,,,,,,,,,,,,,,,,,,,,,,,,,,,,,,,,,,,,,,,,,,,,,,,,,,,,,,,,,,,,,,,,,,,,,,
Q01,2,7,1,1.03,,,,,,,,,,,,,,,,,,,,,,,,,,,,,,,,,,,,,,,,,,,,,,,,,,,,,,,,,,,,,,,,,,,,,,,,,,,,,,,,,,,,,,,,,,,,,,,,,,,,,,,,,,,,
Q02,2,7,1,0.31,,region,1,0,never_instantiated,0,,,,,0,0,,nation,5,0,never_instantiated,0,,,,,0,0,,part,15890,0,never_instantiated,0,,,,,0,0,partsupp,supplier,39913,0,never_instantiated,0,,,,,0,0,,,12744,0,never_instantiated,0,,,,,0,0,,,9428,0,never_instantiated,0,,,,,0,0,,region,1,0,never_instantiated,0,,,,,0,0,,nation,5,0,never_instantiated,0,,,,,0,0,partsupp,supplier,39913,0,never_instantiated,0,,,,,0,0
Q03,2,7,1,0.82,,customer,600888,0,never_instantiated,0,,,,,0,0,lineitem,orders,2926877,0,never_instantiated,0,,,,,0,0,,,,,,,,,,,,,,,,,,,,,,,,,,,,,,,,,,,,,,,,,,,,,,,,,,,,,,,,,,,,,,,,,,,,,,,,,,,,,,,,,,,,
Q04,2,7,1,0.93,,,1146356,0,never_instantiated,0,,,,,0,0,lineitem,,1146356,0,never_instantiated,0,,,,,0,0,,,,,,,,,,,,,,,,,,,,,,,,,,,,,,,,,,,,,,,,,,,,,,,,,,,,,,,,,,,,,,,,,,,,,,,,,,,,,,,,,,,,
Q05,2,7,1,9999999,,,,,,,,,,,,,,,,,,,,,,,,,,,,,,,,,,,,,,,,,,,,,,,,,,,,,,,,,,,,,,,,,,,,,,,,,,,,,,,,,,,,,,,,,,,,,,,,,,,,,,,,,,,,
Q06,2,7,1,0.41,,,,,,,,,,,,,,,,,,,,,,,,,,,,,,,,,,,,,,,,,,,,,,,,,,,,,,,,,,,,,,,,,,,,,,,,,,,,,,,,,,,,,,,,,,,,,,,,,,,,,,,,,,,,
Q07,2,7,1,0.93,,nation,2,0,never_instantiated,0,,,,,0,0,,nation,2,0,never_instantiated,0,,,,,0,0,,customer,240492,0,never_instantiated,0,,,,,0,0,,orders,2451059,0,never_instantiated,0,,,,,0,0,lineitem,supplier,15988,0,never_instantiated,0,,,,,0,0,,,,,,,,,,,,,,,,,,,,,,,,,,,,,,,,,,,,,,,,,,,,,,,,
Q08,2,7,1,0.93,,region,1,0,never_instantiated,0,,,,,0,0,,nation,5,0,never_instantiated,0,,,,,0,0,customer,,48849,0,never_instantiated,0,,,,,0,0,,nation,25,0,never_instantiated,0,,,,,0,0,orders,,49794,0,never_instantiated,0,,,,,0,0,,supplier,200000,0,never_instantiated,0,,,,,0,0,lineitem,part,26819,0,never_instantiated,0,,,,,0,0,,,,,,,,,,,,,,,,,,,,,,,,
Q09,2,7,1,2.05,,nation,25,0,never_instantiated,0,,,,,0,0,,part,217392,0,never_instantiated,0,,,,,0,0,,orders,30000000,0,never_instantiated,0,,,,,0,0,,partsupp,16000000,0,never_instantiated,0,,,,,0,0,lineitem,supplier,200000,0,never_instantiated,0,,,,,0,0,,,,,,,,,,,,,,,,,,,,,,,,,,,,,,,,,,,,,,,,,,,,,,,,
Q10,2,7,1,1.03,,nation,25,0,never_instantiated,0,,,,,0,0,customer,,2290399,0,never_instantiated,0,,,,,0,0,lineitem,orders,1145890,0,never_instantiated,0,,,,,0,0,,,,,,,,,,,,,,,,,,,,,,,,,,,,,,,,,,,,,,,,,,,,,,,,,,,,,,,,,,,,,,,,,,,,,,,,
Q11,2,7,1,0.31,,nation,1,0,never_instantiated,0,,,,,0,0,partsupp,supplier,8087,0,never_instantiated,0,,,,,0,0,,nation,1,0,never_instantiated,0,,,,,0,0,partsupp,supplier,8087,0,never_instantiated,0,,,,,0,0,,,,,,,,,,,,,,,,,,,,,,,,,,,,,,,,,,,,,,,,,,,,,,,,,,,,,,,,,,,,
Q12,2,7,1,0.82,orders,lineitem,621378,0,never_instantiated,0,,,,,0,0,,,,,,,,,,,,,,,,,,,,,,,,,,,,,,,,,,,,,,,,,,,,,,,,,,,,,,,,,,,,,,,,,,,,,,,,,,,,,,,,,,,,,,,,,,,,,,,,
Q13,2,7,1,1.75,orders,customer,3000000,0,never_instantiated,0,,,,,0,0,,,,,,,,,,,,,,,,,,,,,,,,,,,,,,,,,,,,,,,,,,,,,,,,,,,,,,,,,,,,,,,,,,,,,,,,,,,,,,,,,,,,,,,,,,,,,,,,
Q14,2,7,1,1.03,lineitem,part,4000000,0,never_instantiated,0,,,,,0,0,,,,,,,,,,,,,,,,,,,,,,,,,,,,,,,,,,,,,,,,,,,,,,,,,,,,,,,,,,,,,,,,,,,,,,,,,,,,,,,,,,,,,,,,,,,,,,,,
Q15,2,7,1,0.62,,,1,0,never_instantiated,0,,,,,0,0,supplier,,200000,0,never_instantiated,0,,,,,0,0,,,,,,,,,,,,,,,,,,,,,,,,,,,,,,,,,,,,,,,,,,,,,,,,,,,,,,,,,,,,,,,,,,,,,,,,,,,,,,,,,,,,
Q16,2,7,1,0.62,,supplier,106,0,never_instantiated,0,,,,,0,0,partsupp,,593456,0,never_instantiated,0,,,,,0,0,part,,8,0,never_instantiated,0,,,,,0,0,,,,,,,,,,,,,,,,,,,,,,,,,,,,,,,,,,,,,,,,,,,,,,,,,,,,,,,,,,,,,,,,,,,,,,,,
Q17,2,7,1,1.33,lineitem,part,4066,0,never_instantiated,0,,,,,0,0,,,122217,0,never_instantiated,0,,,,,0,0,lineitem,,4066,0,never_instantiated,0,,,,,0,0,,,,,,,,,,,,,,,,,,,,,,,,,,,,,,,,,,,,,,,,,,,,,,,,,,,,,,,,,,,,,,,,,,,,,,,,
Q18,2,7,1,4.31,,lineitem,1281,0,never_instantiated,0,,,,,0,0,,customer,2999999,0,never_instantiated,0,,,,,0,0,lineitem,orders,30000000,0,never_instantiated,0,,,,,0,0,,,,,,,,,,,,,,,,,,,,,,,,,,,,,,,,,,,,,,,,,,,,,,,,,,,,,,,,,,,,,,,,,,,,,,,,
Q19,2,7,1,1.34,lineitem,part,4000000,0,never_instantiated,0,,,,,0,0,,,,,,,,,,,,,,,,,,,,,,,,,,,,,,,,,,,,,,,,,,,,,,,,,,,,,,,,,,,,,,,,,,,,,,,,,,,,,,,,,,,,,,,,,,,,,,,,
Q20,2,7,1,0.82,,,8063,0,never_instantiated,0,,,,,0,0,partsupp,part,43464,0,never_instantiated,0,,,,,0,0,,,7317,0,never_instantiated,0,,,,,0,0,lineitem,,7317,0,never_instantiated,0,,,,,0,0,supplier,nation,1,0,never_instantiated,0,,,,,0,0,,,,,,,,,,,,,,,,,,,,,,,,,,,,,,,,,,,,,,,,,,,,,,,,
Q21,2,7,1,2.67,,nation,1,0,never_instantiated,0,,,,,0,0,,orders,14617146,0,never_instantiated,0,,,,,0,0,lineitem,supplier,7984,0,never_instantiated,0,,,,,0,0,,,1464370,0,never_instantiated,0,,,,,0,0,lineitem,,1464364,0,never_instantiated,0,,,,,0,0,,,1411363,0,never_instantiated,0,,,,,0,0,lineitem,,1411357,0,never_instantiated,0,,,,,0,0,,,,,,,,,,,,,,,,,,,,,,,,
Q22,2,7,1,0.52,,,381883,0,never_instantiated,0,,,,,0,0,orders,,381883,0,never_instantiated,0,,,,,0,0,,,,,,,,,,,,,,,,,,,,,,,,,,,,,,,,,,,,,,,,,,,,,,,,,,,,,,,,,,,,,,,,,,,,,,,,,,,,,,,,,,,,
Q01,2,8,1,1.03,,,,,,,,,,,,,,,,,,,,,,,,,,,,,,,,,,,,,,,,,,,,,,,,,,,,,,,,,,,,,,,,,,,,,,,,,,,,,,,,,,,,,,,,,,,,,,,,,,,,,,,,,,,,
Q02,2,8,1,0.31,,region,1,0,never_instantiated,0,,,,,0,0,,nation,5,0,never_instantiated,0,,,,,0,0,supplier,,12763,0,never_instantiated,0,,,,,0,0,partsupp,part,15890,0,never_instantiated,0,,,,,0,0,,,12744,0,never_instantiated,0,,,,,0,0,,,9428,0,never_instantiated,0,,,,,0,0,,region,1,0,never_instantiated,0,,,,,0,0,partsupp,,39913,0,never_instantiated,0,,,,,0,0,supplier,nation,5,0,never_instantiated,0,,,,,0,0
Q03,2,8,1,0.82,,customer,600888,0,never_instantiated,0,,,,,0,0,lineitem,orders,2926877,0,never_instantiated,0,,,,,0,0,,,,,,,,,,,,,,,,,,,,,,,,,,,,,,,,,,,,,,,,,,,,,,,,,,,,,,,,,,,,,,,,,,,,,,,,,,,,,,,,,,,,
Q04,2,8,1,0.93,,,1146356,0,never_instantiated,0,,,,,0,0,lineitem,,1146356,0,never_instantiated,0,,,,,0,0,,,,,,,,,,,,,,,,,,,,,,,,,,,,,,,,,,,,,,,,,,,,,,,,,,,,,,,,,,,,,,,,,,,,,,,,,,,,,,,,,,,,
Q05,2,8,1,1.95,,region,1,0,never_instantiated,0,,,,,0,0,,nation,5,0,never_instantiated,0,,,,,0,0,,customer,600016,0,never_instantiated,0,,,,,0,0,,supplier,40119,0,never_instantiated,0,,,,,0,0,lineitem,orders,4549846,0,never_instantiated,0,,,,,0,0,,,,,,,,,,,,,,,,,,,,,,,,,,,,,,,,,,,,,,,,,,,,,,,,
Q06,2,8,1,0.41,,,,,,,,,,,,,,,,,,,,,,,,,,,,,,,,,,,,,,,,,,,,,,,,,,,,,,,,,,,,,,,,,,,,,,,,,,,,,,,,,,,,,,,,,,,,,,,,,,,,,,,,,,,,
Q07,2,8,1,0.82,,nation,2,0,never_instantiated,0,,,,,0,0,,customer,240492,0,never_instantiated,0,,,,,0,0,,nation,2,0,never_instantiated,0,,,,,0,0,,supplier,15988,0,never_instantiated,0,,,,,0,0,lineitem,orders,2451059,0,never_instantiated,0,,,,,0,0,,,,,,,,,,,,,,,,,,,,,,,,,,,,,,,,,,,,,,,,,,,,,,,,
Q08,2,8,1,0.82,,region,1,0,never_instantiated,0,,,,,0,0,,nation,5,0,never_instantiated,0,,,,,0,0,customer,,48849,0,never_instantiated,0,,,,,0,0,,part,26819,0,never_instantiated,0,,,,,0,0,,nation,25,0,never_instantiated,0,,,,,0,0,,orders,1822210,0,never_instantiated,0,,,,,0,0,lineitem,supplier,200000,0,never_instantiated,0,,,,,0,0,,,,,,,,,,,,,,,,,,,,,,,,
Q09,2,8,1,3.28,,nation,25,0,never_instantiated,0,,,,,0,0,,supplier,200000,0,never_instantiated,0,,,,,0,0,,part,217392,0,never_instantiated,0,,,,,0,0,,partsupp,884320,0,never_instantiated,0,,,,,0,0,lineitem,orders,30000000,0,never_instantiated,0,,,,,0,0,,,,,,,,,,,,,,,,,,,,,,,,,,,,,,,,,,,,,,,,,,,,,,,,
Q10,2,8,1,1.03,,nation,25,0,never_instantiated,0,,,,,0,0,customer,,2290399,0,never_instantiated,0,,,,,0,0,lineitem,orders,1145890,0,never_instantiated,0,,,,,0,0,,,,,,,,,,,,,,,,,,,,,,,,,,,,,,,,,,,,,,,,,,,,,,,,,,,,,,,,,,,,,,,,,,,,,,,,
Q11,2,8,1,0.21,partsupp,,8087,0,never_instantiated,0,,,,,0,0,supplier,nation,1,0,never_instantiated,0,,,,,0,0,partsupp,,8087,0,never_instantiated,0,,,,,0,0,supplier,nation,1,0,never_instantiated,0,,,,,0,0,,,,,,,,,,,,,,,,,,,,,,,,,,,,,,,,,,,,,,,,,,,,,,,,,,,,,,,,,,,,
Q12,2,8,1,0.72,orders,lineitem,621378,0,never_instantiated,0,,,,,0,0,,,,,,,,,,,,,,,,,,,,,,,,,,,,,,,,,,,,,,,,,,,,,,,,,,,,,,,,,,,,,,,,,,,,,,,,,,,,,,,,,,,,,,,,,,,,,,,,
Q13,2,8,1,1.75,orders,customer,3000000,0,never_instantiated,0,,,,,0,0,,,,,,,,,,,,,,,,,,,,,,,,,,,,,,,,,,,,,,,,,,,,,,,,,,,,,,,,,,,,,,,,,,,,,,,,,,,,,,,,,,,,,,,,,,,,,,,,
Q14,2,8,1,1.03,lineitem,part,4000000,0,never_instantiated,0,,,,,0,0,,,,,,,,,,,,,,,,,,,,,,,,,,,,,,,,,,,,,,,,,,,,,,,,,,,,,,,,,,,,,,,,,,,,,,,,,,,,,,,,,,,,,,,,,,,,,,,,
Q15,2,8,1,0.62,,,1,0,never_instantiated,0,,,,,0,0,supplier,,200000,0,never_instantiated,0,,,,,0,0,,,,,,,,,,,,,,,,,,,,,,,,,,,,,,,,,,,,,,,,,,,,,,,,,,,,,,,,,,,,,,,,,,,,,,,,,,,,,,,,,,,,
Q16,2,8,1,0.62,,supplier,106,0,never_instantiated,0,,,,,0,0,partsupp,,593456,0,never_instantiated,0,,,,,0,0,part,,8,0,never_instantiated,0,,,,,0,0,,,,,,,,,,,,,,,,,,,,,,,,,,,,,,,,,,,,,,,,,,,,,,,,,,,,,,,,,,,,,,,,,,,,,,,,
Q17,2,8,1,1.33,lineitem,part,4066,0,never_instantiated,0,,,,,0,0,,,122217,0,never_instantiated,0,,,,,0,0,lineitem,,4066,0,never_instantiated,0,,,,,0,0,,,,,,,,,,,,,,,,,,,,,,,,,,,,,,,,,,,,,,,,,,,,,,,,,,,,,,,,,,,,,,,,,,,,,,,,
Q18,2,8,1,4.31,,lineitem,1281,0,never_instantiated,0,,,,,0,0,,customer,2999999,0,never_instantiated,0,,,,,0,0,lineitem,orders,30000000,0,never_instantiated,0,,,,,0,0,,,,,,,,,,,,,,,,,,,,,,,,,,,,,,,,,,,,,,,,,,,,,,,,,,,,,,,,,,,,,,,,,,,,,,,,
Q19,2,8,1,1.34,lineitem,part,4000000,0,never_instantiated,0,,,,,0,0,,,,,,,,,,,,,,,,,,,,,,,,,,,,,,,,,,,,,,,,,,,,,,,,,,,,,,,,,,,,,,,,,,,,,,,,,,,,,,,,,,,,,,,,,,,,,,,,
Q20,2,8,1,0.82,,,8063,0,never_instantiated,0,,,,,0,0,partsupp,part,43464,0,never_instantiated,0,,,,,0,0,,,7317,0,never_instantiated,0,,,,,0,0,lineitem,,7317,0,never_instantiated,0,,,,,0,0,supplier,nation,1,0,never_instantiated,0,,,,,0,0,,,,,,,,,,,,,,,,,,,,,,,,,,,,,,,,,,,,,,,,,,,,,,,,
Q21,2,8,1,2.67,,nation,1,0,never_instantiated,0,,,,,0,0,,supplier,7984,0,never_instantiated,0,,,,,0,0,lineitem,orders,14617146,0,never_instantiated,0,,,,,0,0,,,1464370,0,never_instantiated,0,,,,,0,0,lineitem,,1464364,0,never_instantiated,0,,,,,0,0,,,1411363,0,never_instantiated,0,,,,,0,0,lineitem,,1411357,0,never_instantiated,0,,,,,0,0,,,,,,,,,,,,,,,,,,,,,,,,
Q22,2,8,1,0.52,,,381883,0,never_instantiated,0,,,,,0,0,orders,,381883,0,never_instantiated,0,,,,,0,0,,,,,,,,,,,,,,,,,,,,,,,,,,,,,,,,,,,,,,,,,,,,,,,,,,,,,,,,,,,,,,,,,,,,,,,,,,,,,,,,,,,,
Q01,2,9,1,1.03,,,,,,,,,,,,,,,,,,,,,,,,,,,,,,,,,,,,,,,,,,,,,,,,,,,,,,,,,,,,,,,,,,,,,,,,,,,,,,,,,,,,,,,,,,,,,,,,,,,,,,,,,,,,
Q02,2,9,1,0.31,,region,1,0,never_instantiated,0,,,,,0,0,,part,15890,0,never_instantiated,0,,,,,0,0,,nation,5,0,never_instantiated,0,,,,,0,0,partsupp,supplier,39913,0,never_instantiated,0,,,,,0,0,,,12744,0,never_instantiated,0,,,,,0,0,,,9428,0,never_instantiated,0,,,,,0,0,partsupp,,39913,0,never_instantiated,0,,,,,0,0,,region,1,0,never_instantiated,0,,,,,0,0,supplier,nation,5,0,never_instantiated,0,,,,,0,0
Q03,2,9,1,0.82,,customer,600888,0,never_instantiated,0,,,,,0,0,lineitem,orders,2926877,0,never_instantiated,0,,,,,0,0,,,,,,,,,,,,,,,,,,,,,,,,,,,,,,,,,,,,,,,,,,,,,,,,,,,,,,,,,,,,,,,,,,,,,,,,,,,,,,,,,,,,
Q04,2,9,1,0.93,,,1146356,0,never_instantiated,0,,,,,0,0,lineitem,,1146356,0,never_instantiated,0,,,,,0,0,,,,,,,,,,,,,,,,,,,,,,,,,,,,,,,,,,,,,,,,,,,,,,,,,,,,,,,,,,,,,,,,,,,,,,,,,,,,,,,,,,,,
Q05,2,9,1,1.13,,region,1,0,never_instantiated,0,,,,,0,0,,nation,5,0,never_instantiated,0,,,,,0,0,,customer,600016,0,never_instantiated,0,,,,,0,0,,orders,4549846,0,never_instantiated,0,,,,,0,0,lineitem,supplier,40119,0,never_instantiated,0,,,,,0,0,,,,,,,,,,,,,,,,,,,,,,,,,,,,,,,,,,,,,,,,,,,,,,,,
Q06,2,9,1,0.41,,,,,,,,,,,,,,,,,,,,,,,,,,,,,,,,,,,,,,,,,,,,,,,,,,,,,,,,,,,,,,,,,,,,,,,,,,,,,,,,,,,,,,,,,,,,,,,,,,,,,,,,,,,,
Q07,2,9,1,0.82,,nation,2,0,never_instantiated,0,,,,,0,0,,customer,240492,0,never_instantiated,0,,,,,0,0,orders,,239361,0,never_instantiated,0,,,,,0,0,,nation,2,0,never_instantiated,0,,,,,0,0,lineitem,supplier,15988,0,never_instantiated,0,,,,,0,0,,,,,,,,,,,,,,,,,,,,,,,,,,,,,,,,,,,,,,,,,,,,,,,,
Q08,2,9,1,0.93,,region,1,0,never_instantiated,0,,,,,0,0,,nation,5,0,never_instantiated,0,,,,,0,0,customer,,48849,0,never_instantiated,0,,,,,0,0,,part,26819,0,never_instantiated,0,,,,,0,0,,nation,25,0,never_instantiated,0,,,,,0,0,,supplier,200000,0,never_instantiated,0,,,,,0,0,lineitem,orders,1822210,0,never_instantiated,0,,,,,0,0,,,,,,,,,,,,,,,,,,,,,,,,
Q09,2,9,1,2.05,,nation,25,0,never_instantiated,0,,,,,0,0,,partsupp,16000000,0,never_instantiated,0,,,,,0,0,,orders,30000000,0,never_instantiated,0,,,,,0,0,,supplier,200000,0,never_instantiated,0,,,,,0,0,lineitem,part,217392,0,never_instantiated,0,,,,,0,0,,,,,,,,,,,,,,,,,,,,,,,,,,,,,,,,,,,,,,,,,,,,,,,,
Q10,2,9,1,1.03,,nation,25,0,never_instantiated,0,,,,,0,0,customer,,2290399,0,never_instantiated,0,,,,,0,0,lineitem,orders,1145890,0,never_instantiated,0,,,,,0,0,,,,,,,,,,,,,,,,,,,,,,,,,,,,,,,,,,,,,,,,,,,,,,,,,,,,,,,,,,,,,,,,,,,,,,,,
Q11,2,9,1,0.31,,nation,1,0,never_instantiated,0,,,,,0,0,partsupp,supplier,8087,0,never_instantiated,0,,,,,0,0,partsupp,,8087,0,never_instantiated,0,,,,,0,0,supplier,nation,1,0,never_instantiated,0,,,,,0,0,,,,,,,,,,,,,,,,,,,,,,,,,,,,,,,,,,,,,,,,,,,,,,,,,,,,,,,,,,,,
Q12,2,9,1,0.82,orders,lineitem,621378,0,never_instantiated,0,,,,,0,0,,,,,,,,,,,,,,,,,,,,,,,,,,,,,,,,,,,,,,,,,,,,,,,,,,,,,,,,,,,,,,,,,,,,,,,,,,,,,,,,,,,,,,,,,,,,,,,,
Q13,2,9,1,1.75,orders,customer,3000000,0,never_instantiated,0,,,,,0,0,,,,,,,,,,,,,,,,,,,,,,,,,,,,,,,,,,,,,,,,,,,,,,,,,,,,,,,,,,,,,,,,,,,,,,,,,,,,,,,,,,,,,,,,,,,,,,,,
Q14,2,9,1,1.03,lineitem,part,4000000,0,never_instantiated,0,,,,,0,0,,,,,,,,,,,,,,,,,,,,,,,,,,,,,,,,,,,,,,,,,,,,,,,,,,,,,,,,,,,,,,,,,,,,,,,,,,,,,,,,,,,,,,,,,,,,,,,,
Q15,2,9,1,0.62,,,1,0,never_instantiated,0,,,,,0,0,supplier,,200000,0,never_instantiated,0,,,,,0,0,,,,,,,,,,,,,,,,,,,,,,,,,,,,,,,,,,,,,,,,,,,,,,,,,,,,,,,,,,,,,,,,,,,,,,,,,,,,,,,,,,,,
Q16,2,9,1,0.62,,supplier,106,0,never_instantiated,0,,,,,0,0,partsupp,,593456,0,never_instantiated,0,,,,,0,0,part,,8,0,never_instantiated,0,,,,,0,0,,,,,,,,,,,,,,,,,,,,,,,,,,,,,,,,,,,,,,,,,,,,,,,,,,,,,,,,,,,,,,,,,,,,,,,,
Q17,2,9,1,1.33,lineitem,part,4066,0,never_instantiated,0,,,,,0,0,,,122217,0,never_instantiated,0,,,,,0,0,lineitem,,4066,0,never_instantiated,0,,,,,0,0,,,,,,,,,,,,,,,,,,,,,,,,,,,,,,,,,,,,,,,,,,,,,,,,,,,,,,,,,,,,,,,,,,,,,,,,
Q18,2,9,1,4.31,,lineitem,1281,0,never_instantiated,0,,,,,0,0,,customer,2999999,0,never_instantiated,0,,,,,0,0,lineitem,orders,30000000,0,never_instantiated,0,,,,,0,0,,,,,,,,,,,,,,,,,,,,,,,,,,,,,,,,,,,,,,,,,,,,,,,,,,,,,,,,,,,,,,,,,,,,,,,,
Q19,2,9,1,1.34,lineitem,part,4000000,0,never_instantiated,0,,,,,0,0,,,,,,,,,,,,,,,,,,,,,,,,,,,,,,,,,,,,,,,,,,,,,,,,,,,,,,,,,,,,,,,,,,,,,,,,,,,,,,,,,,,,,,,,,,,,,,,,
Q20,2,9,1,0.93,,,8063,0,never_instantiated,0,,,,,0,0,partsupp,part,43464,0,never_instantiated,0,,,,,0,0,,,7317,0,never_instantiated,0,,,,,0,0,lineitem,,7317,0,never_instantiated,0,,,,,0,0,supplier,nation,1,0,never_instantiated,0,,,,,0,0,,,,,,,,,,,,,,,,,,,,,,,,,,,,,,,,,,,,,,,,,,,,,,,,
Q21,2,9,1,2.57,orders,,3033530,0,never_instantiated,0,,,,,0,0,,nation,1,0,never_instantiated,0,,,,,0,0,lineitem,supplier,7984,0,never_instantiated,0,,,,,0,0,,,1464370,0,never_instantiated,0,,,,,0,0,lineitem,,1464364,0,never_instantiated,0,,,,,0,0,,,1411363,0,never_instantiated,0,,,,,0,0,lineitem,,1411357,0,never_instantiated,0,,,,,0,0,,,,,,,,,,,,,,,,,,,,,,,,
Q22,2,9,1,0.52,,,381883,0,never_instantiated,0,,,,,0,0,orders,,381883,0,never_instantiated,0,,,,,0,0,,,,,,,,,,,,,,,,,,,,,,,,,,,,,,,,,,,,,,,,,,,,,,,,,,,,,,,,,,,,,,,,,,,,,,,,,,,,,,,,,,,,
Q01,2,10,1,1.03,,,,,,,,,,,,,,,,,,,,,,,,,,,,,,,,,,,,,,,,,,,,,,,,,,,,,,,,,,,,,,,,,,,,,,,,,,,,,,,,,,,,,,,,,,,,,,,,,,,,,,,,,,,,
Q02,2,10,1,0.31,,region,1,0,never_instantiated,0,,,,,0,0,,nation,5,0,never_instantiated,0,,,,,0,0,supplier,,12763,0,never_instantiated,0,,,,,0,0,partsupp,part,15890,0,never_instantiated,0,,,,,0,0,,,12744,0,never_instantiated,0,,,,,0,0,,,9428,0,never_instantiated,0,,,,,0,0,,region,1,0,never_instantiated,0,,,,,0,0,partsupp,,39913,0,never_instantiated,0,,,,,0,0,supplier,nation,5,0,never_instantiated,0,,,,,0,0
Q03,2,10,1,0.82,,customer,600888,0,never_instantiated,0,,,,,0,0,lineitem,orders,2926877,0,never_instantiated,0,,,,,0,0,,,,,,,,,,,,,,,,,,,,,,,,,,,,,,,,,,,,,,,,,,,,,,,,,,,,,,,,,,,,,,,,,,,,,,,,,,,,,,,,,,,,
Q04,2,10,1,1.03,,,1146356,0,never_instantiated,0,,,,,0,0,lineitem,,1146356,0,never_instantiated,0,,,,,0,0,,,,,,,,,,,,,,,,,,,,,,,,,,,,,,,,,,,,,,,,,,,,,,,,,,,,,,,,,,,,,,,,,,,,,,,,,,,,,,,,,,,,
Q05,2,10,1,1.34,,region,1,0,never_instantiated,0,,,,,0,0,,nation,5,0,never_instantiated,0,,,,,0,0,,customer,600016,0,never_instantiated,0,,,,,0,0,,supplier,200000,0,never_instantiated,0,,,,,0,0,lineitem,orders,910865,0,never_instantiated,0,,,,,0,0,,,,,,,,,,,,,,,,,,,,,,,,,,,,,,,,,,,,,,,,,,,,,,,,
Q06,2,10,1,0.41,,,,,,,,,,,,,,,,,,,,,,,,,,,,,,,,,,,,,,,,,,,,,,,,,,,,,,,,,,,,,,,,,,,,,,,,,,,,,,,,,,,,,,,,,,,,,,,,,,,,,,,,,,,,
Q07,2,10,1,0.82,,nation,2,0,never_instantiated,0,,,,,0,0,,customer,240492,0,never_instantiated,0,,,,,0,0,,nation,2,0,never_instantiated,0,,,,,0,0,,supplier,15988,0,never_instantiated,0,,,,,0,0,lineitem,orders,2451059,0,never_instantiated,0,,,,,0,0,,,,,,,,,,,,,,,,,,,,,,,,,,,,,,,,,,,,,,,,,,,,,,,,
Q08,2,10,1,0.93,,region,1,0,never_instantiated,0,,,,,0,0,,nation,5,0,never_instantiated,0,,,,,0,0,customer,,48849,0,never_instantiated,0,,,,,0,0,orders,,49794,0,never_instantiated,0,,,,,0,0,,nation,25,0,never_instantiated,0,,,,,0,0,,supplier,200000,0,never_instantiated,0,,,,,0,0,lineitem,part,26819,0,never_instantiated,0,,,,,0,0,,,,,,,,,,,,,,,,,,,,,,,,
Q09,2,10,1,2.05,,nation,25,0,never_instantiated,0,,,,,0,0,,part,217392,0,never_instantiated,0,,,,,0,0,,orders,30000000,0,never_instantiated,0,,,,,0,0,,supplier,200000,0,never_instantiated,0,,,,,0,0,lineitem,partsupp,16000000,0,never_instantiated,0,,,,,0,0,,,,,,,,,,,,,,,,,,,,,,,,,,,,,,,,,,,,,,,,,,,,,,,,
Q10,2,10,1,1.03,,nation,25,0,never_instantiated,0,,,,,0,0,customer,,2290399,0,never_instantiated,0,,,,,0,0,lineitem,orders,1145890,0,never_instantiated,0,,,,,0,0,,,,,,,,,,,,,,,,,,,,,,,,,,,,,,,,,,,,,,,,,,,,,,,,,,,,,,,,,,,,,,,,,,,,,,,,
Q11,2,10,1,0.21,partsupp,,8087,0,never_instantiated,0,,,,,0,0,supplier,nation,1,0,never_instantiated,0,,,,,0,0,partsupp,,8087,0,never_instantiated,0,,,,,0,0,supplier,nation,1,0,never_instantiated,0,,,,,0,0,,,,,,,,,,,,,,,,,,,,,,,,,,,,,,,,,,,,,,,,,,,,,,,,,,,,,,,,,,,,
Q12,2,10,1,0.82,orders,lineitem,621378,0,never_instantiated,0,,,,,0,0,,,,,,,,,,,,,,,,,,,,,,,,,,,,,,,,,,,,,,,,,,,,,,,,,,,,,,,,,,,,,,,,,,,,,,,,,,,,,,,,,,,,,,,,,,,,,,,,
Q13,2,10,1,1.75,orders,customer,3000000,0,never_instantiated,0,,,,,0,0,,,,,,,,,,,,,,,,,,,,,,,,,,,,,,,,,,,,,,,,,,,,,,,,,,,,,,,,,,,,,,,,,,,,,,,,,,,,,,,,,,,,,,,,,,,,,,,,
Q14,2,10,1,1.03,lineitem,part,4000000,0,never_instantiated,0,,,,,0,0,,,,,,,,,,,,,,,,,,,,,,,,,,,,,,,,,,,,,,,,,,,,,,,,,,,,,,,,,,,,,,,,,,,,,,,,,,,,,,,,,,,,,,,,,,,,,,,,
Q15,2,10,1,0.62,,,1,0,never_instantiated,0,,,,,0,0,supplier,,200000,0,never_instantiated,0,,,,,0,0,,,,,,,,,,,,,,,,,,,,,,,,,,,,,,,,,,,,,,,,,,,,,,,,,,,,,,,,,,,,,,,,,,,,,,,,,,,,,,,,,,,,
Q16,2,10,1,0.62,,supplier,106,0,never_instantiated,0,,,,,0,0,partsupp,,593456,0,never_instantiated,0,,,,,0,0,part,,8,0,never_instantiated,0,,,,,0,0,,,,,,,,,,,,,,,,,,,,,,,,,,,,,,,,,,,,,,,,,,,,,,,,,,,,,,,,,,,,,,,,,,,,,,,,
Q17,2,10,1,1.44,lineitem,part,4066,0,never_instantiated,0,,,,,0,0,,,122217,0,never_instantiated,0,,,,,0,0,lineitem,,4066,0,never_instantiated,0,,,,,0,0,,,,,,,,,,,,,,,,,,,,,,,,,,,,,,,,,,,,,,,,,,,,,,,,,,,,,,,,,,,,,,,,,,,,,,,,
Q18,2,10,1,4.41,,lineitem,1281,0,never_instantiated,0,,,,,0,0,,customer,2999999,0,never_instantiated,0,,,,,0,0,lineitem,orders,30000000,0,never_instantiated,0,,,,,0,0,,,,,,,,,,,,,,,,,,,,,,,,,,,,,,,,,,,,,,,,,,,,,,,,,,,,,,,,,,,,,,,,,,,,,,,,
Q19,2,10,1,1.34,lineitem,part,4000000,0,never_instantiated,0,,,,,0,0,,,,,,,,,,,,,,,,,,,,,,,,,,,,,,,,,,,,,,,,,,,,,,,,,,,,,,,,,,,,,,,,,,,,,,,,,,,,,,,,,,,,,,,,,,,,,,,,
Q20,2,10,1,0.82,,,8063,0,never_instantiated,0,,,,,0,0,partsupp,part,43464,0,never_instantiated,0,,,,,0,0,,,7317,0,never_instantiated,0,,,,,0,0,lineitem,,7317,0,never_instantiated,0,,,,,0,0,supplier,nation,1,0,never_instantiated,0,,,,,0,0,,,,,,,,,,,,,,,,,,,,,,,,,,,,,,,,,,,,,,,,,,,,,,,,
Q21,2,10,1,2.57,,nation,1,0,never_instantiated,0,,,,,0,0,,supplier,7984,0,never_instantiated,0,,,,,0,0,lineitem,orders,14617146,0,never_instantiated,0,,,,,0,0,,,1464370,0,never_instantiated,0,,,,,0,0,lineitem,,1464364,0,never_instantiated,0,,,,,0,0,,,1411363,0,never_instantiated,0,,,,,0,0,lineitem,,1411357,0,never_instantiated,0,,,,,0,0,,,,,,,,,,,,,,,,,,,,,,,,
Q22,2,10,1,0.52,,,381883,0,never_instantiated,0,,,,,0,0,orders,,381883,0,never_instantiated,0,,,,,0,0,,,,,,,,,,,,,,,,,,,,,,,,,,,,,,,,,,,,,,,,,,,,,,,,,,,,,,,,,,,,,,,,,,,,,,,,,,,,,,,,,,,,
Q01,2,11,1,1.03,,,,,,,,,,,,,,,,,,,,,,,,,,,,,,,,,,,,,,,,,,,,,,,,,,,,,,,,,,,,,,,,,,,,,,,,,,,,,,,,,,,,,,,,,,,,,,,,,,,,,,,,,,,,
Q02,2,11,1,0.31,,region,1,0,never_instantiated,0,,,,,0,0,,nation,5,0,never_instantiated,0,,,,,0,0,,part,15890,0,never_instantiated,0,,,,,0,0,partsupp,supplier,39913,0,never_instantiated,0,,,,,0,0,,,12744,0,never_instantiated,0,,,,,0,0,,,9428,0,never_instantiated,0,,,,,0,0,,region,1,0,never_instantiated,0,,,,,0,0,,nation,5,0,never_instantiated,0,,,,,0,0,partsupp,supplier,39913,0,never_instantiated,0,,,,,0,0
Q03,2,11,1,0.82,,customer,600888,0,never_instantiated,0,,,,,0,0,lineitem,orders,2926877,0,never_instantiated,0,,,,,0,0,,,,,,,,,,,,,,,,,,,,,,,,,,,,,,,,,,,,,,,,,,,,,,,,,,,,,,,,,,,,,,,,,,,,,,,,,,,,,,,,,,,,
Q04,2,11,1,1.03,,,1146356,0,never_instantiated,0,,,,,0,0,lineitem,,1146356,0,never_instantiated,0,,,,,0,0,,,,,,,,,,,,,,,,,,,,,,,,,,,,,,,,,,,,,,,,,,,,,,,,,,,,,,,,,,,,,,,,,,,,,,,,,,,,,,,,,,,,
Q05,2,11,1,1.85,,customer,2999999,0,never_instantiated,0,,,,,0,0,,region,1,0,never_instantiated,0,,,,,0,0,,nation,5,0,never_instantiated,0,,,,,0,0,,orders,4549846,0,never_instantiated,0,,,,,0,0,lineitem,supplier,40119,0,never_instantiated,0,,,,,0,0,,,,,,,,,,,,,,,,,,,,,,,,,,,,,,,,,,,,,,,,,,,,,,,,
Q06,2,11,1,0.41,,,,,,,,,,,,,,,,,,,,,,,,,,,,,,,,,,,,,,,,,,,,,,,,,,,,,,,,,,,,,,,,,,,,,,,,,,,,,,,,,,,,,,,,,,,,,,,,,,,,,,,,,,,,
Q07,2,11,1,0.82,,nation,2,0,never_instantiated,0,,,,,0,0,,nation,2,0,never_instantiated,0,,,,,0,0,,customer,240492,0,never_instantiated,0,,,,,0,0,,orders,2451059,0,never_instantiated,0,,,,,0,0,lineitem,supplier,15988,0,never_instantiated,0,,,,,0,0,,,,,,,,,,,,,,,,,,,,,,,,,,,,,,,,,,,,,,,,,,,,,,,,
Q08,2,11,1,0.93,,region,1,0,never_instantiated,0,,,,,0,0,,nation,5,0,never_instantiated,0,,,,,0,0,customer,,48849,0,never_instantiated,0,,,,,0,0,,nation,25,0,never_instantiated,0,,,,,0,0,orders,,49794,0,never_instantiated,0,,,,,0,0,,part,26819,0,never_instantiated,0,,,,,0,0,lineitem,supplier,200000,0,never_instantiated,0,,,,,0,0,,,,,,,,,,,,,,,,,,,,,,,,
Q09,2,11,1,2.05,,orders,30000000,0,never_instantiated,0,,,,,0,0,,part,217392,0,never_instantiated,0,,,,,0,0,,nation,25,0,never_instantiated,0,,,,,0,0,,partsupp,16000000,0,never_instantiated,0,,,,,0,0,lineitem,supplier,200000,0,never_instantiated,0,,,,,0,0,,,,,,,,,,,,,,,,,,,,,,,,,,,,,,,,,,,,,,,,,,,,,,,,
Q10,2,11,1,1.03,,nation,25,0,never_instantiated,0,,,,,0,0,customer,,2290399,0,never_instantiated,0,,,,,0,0,lineitem,orders,1145890,0,never_instantiated,0,,,,,0,0,,,,,,,,,,,,,,,,,,,,,,,,,,,,,,,,,,,,,,,,,,,,,,,,,,,,,,,,,,,,,,,,,,,,,,,,
Q11,2,11,1,0.31,,nation,1,0,never_instantiated,0,,,,,0,0,partsupp,supplier,8087,0,never_instantiated,0,,,,,0,0,,nation,1,0,never_instantiated,0,,,,,0,0,partsupp,supplier,8087,0,never_instantiated,0,,,,,0,0,,,,,,,,,,,,,,,,,,,,,,,,,,,,,,,,,,,,,,,,,,,,,,,,,,,,,,,,,,,,
Q12,2,11,1,0.82,orders,lineitem,621378,0,never_instantiated,0,,,,,0,0,,,,,,,,,,,,,,,,,,,,,,,,,,,,,,,,,,,,,,,,,,,,,,,,,,,,,,,,,,,,,,,,,,,,,,,,,,,,,,,,,,,,,,,,,,,,,,,,
Q13,2,11,1,1.75,orders,customer,3000000,0,never_instantiated,0,,,,,0,0,,,,,,,,,,,,,,,,,,,,,,,,,,,,,,,,,,,,,,,,,,,,,,,,,,,,,,,,,,,,,,,,,,,,,,,,,,,,,,,,,,,,,,,,,,,,,,,,
Q14,2,11,1,1.03,lineitem,part,4000000,0,never_instantiated,0,,,,,0,0,,,,,,,,,,,,,,,,,,,,,,,,,,,,,,,,,,,,,,,,,,,,,,,,,,,,,,,,,,,,,,,,,,,,,,,,,,,,,,,,,,,,,,,,,,,,,,,,
Q15,2,11,1,0.62,,,1,0,never_instantiated,0,,,,,0,0,supplier,,200000,0,never_instantiated,0,,,,,0,0,,,,,,,,,,,,,,,,,,,,,,,,,,,,,,,,,,,,,,,,,,,,,,,,,,,,,,,,,,,,,,,,,,,,,,,,,,,,,,,,,,,,
Q16,2,11,1,0.62,,supplier,106,0,never_instantiated,0,,,,,0,0,partsupp,,593456,0,never_instantiated,0,,,,,0,0,part,,8,0,never_instantiated,0,,,,,0,0,,,,,,,,,,,,,,,,,,,,,,,,,,,,,,,,,,,,,,,,,,,,,,,,,,,,,,,,,,,,,,,,,,,,,,,,
Q17,2,11,1,1.33,lineitem,part,4066,0,never_instantiated,0,,,,,0,0,,,122217,0,never_instantiated,0,,,,,0,0,lineitem,,4066,0,never_instantiated,0,,,,,0,0,,,,,,,,,,,,,,,,,,,,,,,,,,,,,,,,,,,,,,,,,,,,,,,,,,,,,,,,,,,,,,,,,,,,,,,,
Q18,2,11,1,4.31,,lineitem,1281,0,never_instantiated,0,,,,,0,0,,customer,2999999,0,never_instantiated,0,,,,,0,0,lineitem,orders,30000000,0,never_instantiated,0,,,,,0,0,,,,,,,,,,,,,,,,,,,,,,,,,,,,,,,,,,,,,,,,,,,,,,,,,,,,,,,,,,,,,,,,,,,,,,,,
Q19,2,11,1,1.34,lineitem,part,4000000,0,never_instantiated,0,,,,,0,0,,,,,,,,,,,,,,,,,,,,,,,,,,,,,,,,,,,,,,,,,,,,,,,,,,,,,,,,,,,,,,,,,,,,,,,,,,,,,,,,,,,,,,,,,,,,,,,,
Q20,2,11,1,0.93,,,8063,0,never_instantiated,0,,,,,0,0,partsupp,part,43464,0,never_instantiated,0,,,,,0,0,,,7317,0,never_instantiated,0,,,,,0,0,lineitem,,7317,0,never_instantiated,0,,,,,0,0,supplier,nation,1,0,never_instantiated,0,,,,,0,0,,,,,,,,,,,,,,,,,,,,,,,,,,,,,,,,,,,,,,,,,,,,,,,,
Q21,2,11,1,2.67,,nation,1,0,never_instantiated,0,,,,,0,0,,orders,14617146,0,never_instantiated,0,,,,,0,0,lineitem,supplier,7984,0,never_instantiated,0,,,,,0,0,,,1464370,0,never_instantiated,0,,,,,0,0,lineitem,,1464364,0,never_instantiated,0,,,,,0,0,,,1411363,0,never_instantiated,0,,,,,0,0,lineitem,,1411357,0,never_instantiated,0,,,,,0,0,,,,,,,,,,,,,,,,,,,,,,,,
Q22,2,11,1,0.52,,,381883,0,never_instantiated,0,,,,,0,0,orders,,381883,0,never_instantiated,0,,,,,0,0,,,,,,,,,,,,,,,,,,,,,,,,,,,,,,,,,,,,,,,,,,,,,,,,,,,,,,,,,,,,,,,,,,,,,,,,,,,,,,,,,,,,
Q01,2,12,1,1.03,,,,,,,,,,,,,,,,,,,,,,,,,,,,,,,,,,,,,,,,,,,,,,,,,,,,,,,,,,,,,,,,,,,,,,,,,,,,,,,,,,,,,,,,,,,,,,,,,,,,,,,,,,,,
Q02,2,12,1,0.31,,region,1,0,never_instantiated,0,,,,,0,0,,nation,5,0,never_instantiated,0,,,,,0,0,supplier,,12763,0,never_instantiated,0,,,,,0,0,partsupp,part,15890,0,never_instantiated,0,,,,,0,0,,,12744,0,never_instantiated,0,,,,,0,0,,,9428,0,never_instantiated,0,,,,,0,0,partsupp,,39913,0,never_instantiated,0,,,,,0,0,,region,1,0,never_instantiated,0,,,,,0,0,supplier,nation,5,0,never_instantiated,0,,,,,0,0
Q03,2,12,1,0.82,,customer,600888,0,never_instantiated,0,,,,,0,0,lineitem,orders,2926877,0,never_instantiated,0,,,,,0,0,,,,,,,,,,,,,,,,,,,,,,,,,,,,,,,,,,,,,,,,,,,,,,,,,,,,,,,,,,,,,,,,,,,,,,,,,,,,,,,,,,,,
Q04,2,12,1,1.03,,,1146356,0,never_instantiated,0,,,,,0,0,lineitem,,1146356,0,never_instantiated,0,,,,,0,0,,,,,,,,,,,,,,,,,,,,,,,,,,,,,,,,,,,,,,,,,,,,,,,,,,,,,,,,,,,,,,,,,,,,,,,,,,,,,,,,,,,,
Q05,2,12,1,1.54,,supplier,200000,0,never_instantiated,0,,,,,0,0,,region,1,0,never_instantiated,0,,,,,0,0,,nation,5,0,never_instantiated,0,,,,,0,0,,customer,600016,0,never_instantiated,0,,,,,0,0,lineitem,orders,910865,0,never_instantiated,0,,,,,0,0,,,,,,,,,,,,,,,,,,,,,,,,,,,,,,,,,,,,,,,,,,,,,,,,
Q06,2,12,1,0.41,,,,,,,,,,,,,,,,,,,,,,,,,,,,,,,,,,,,,,,,,,,,,,,,,,,,,,,,,,,,,,,,,,,,,,,,,,,,,,,,,,,,,,,,,,,,,,,,,,,,,,,,,,,,
Q07,2,12,1,0.82,,nation,2,0,never_instantiated,0,,,,,0,0,,supplier,15988,0,never_instantiated,0,,,,,0,0,,nation,2,0,never_instantiated,0,,,,,0,0,,customer,240492,0,never_instantiated,0,,,,,0,0,lineitem,orders,2451059,0,never_instantiated,0,,,,,0,0,,,,,,,,,,,,,,,,,,,,,,,,,,,,,,,,,,,,,,,,,,,,,,,,
Q08,2,12,1,0.93,,part,26819,0,never_instantiated,0,,,,,0,0,,region,1,0,never_instantiated,0,,,,,0,0,,nation,5,0,never_instantiated,0,,,,,0,0,,customer,599689,0,never_instantiated,0,,,,,0,0,,nation,25,0,never_instantiated,0,,,,,0,0,,supplier,200000,0,never_instantiated,0,,,,,0,0,lineitem,orders,1822210,0,never_instantiated,0,,,,,0,0,,,,,,,,,,,,,,,,,,,,,,,,
Q09,2,12,1,3.59,,partsupp,16000000,0,never_instantiated,0,,,,,0,0,,nation,25,0,never_instantiated,0,,,,,0,0,,part,217392,0,never_instantiated,0,,,,,0,0,,supplier,200000,0,never_instantiated,0,,,,,0,0,lineitem,orders,30000000,0,never_instantiated,0,,,,,0,0,,,,,,,,,,,,,,,,,,,,,,,,,,,,,,,,,,,,,,,,,,,,,,,,
Q10,2,12,1,1.03,,nation,25,0,never_instantiated,0,,,,,0,0,customer,,2290399,0,never_instantiated,0,,,,,0,0,lineitem,orders,1145890,0,never_instantiated,0,,,,,0,0,,,,,,,,,,,,,,,,,,,,,,,,,,,,,,,,,,,,,,,,,,,,,,,,,,,,,,,,,,,,,,,,,,,,,,,,
Q11,2,12,1,0.21,partsupp,,8087,0,never_instantiated,0,,,,,0,0,supplier,nation,1,0,never_instantiated,0,,,,,0,0,partsupp,,8087,0,never_instantiated,0,,,,,0,0,supplier,nation,1,0,never_instantiated,0,,,,,0,0,,,,,,,,,,,,,,,,,,,,,,,,,,,,,,,,,,,,,,,,,,,,,,,,,,,,,,,,,,,,
Q12,2,12,1,0.82,orders,lineitem,621378,0,never_instantiated,0,,,,,0,0,,,,,,,,,,,,,,,,,,,,,,,,,,,,,,,,,,,,,,,,,,,,,,,,,,,,,,,,,,,,,,,,,,,,,,,,,,,,,,,,,,,,,,,,,,,,,,,,
Q13,2,12,1,1.85,orders,customer,3000000,0,never_instantiated,0,,,,,0,0,,,,,,,,,,,,,,,,,,,,,,,,,,,,,,,,,,,,,,,,,,,,,,,,,,,,,,,,,,,,,,,,,,,,,,,,,,,,,,,,,,,,,,,,,,,,,,,,
Q14,2,12,1,1.03,lineitem,part,4000000,0,never_instantiated,0,,,,,0,0,,,,,,,,,,,,,,,,,,,,,,,,,,,,,,,,,,,,,,,,,,,,,,,,,,,,,,,,,,,,,,,,,,,,,,,,,,,,,,,,,,,,,,,,,,,,,,,,
Q15,2,12,1,0.62,,,1,0,never_instantiated,0,,,,,0,0,supplier,,200000,0,never_instantiated,0,,,,,0,0,,,,,,,,,,,,,,,,,,,,,,,,,,,,,,,,,,,,,,,,,,,,,,,,,,,,,,,,,,,,,,,,,,,,,,,,,,,,,,,,,,,,
Q16,2,12,1,0.62,,supplier,106,0,never_instantiated,0,,,,,0,0,partsupp,,593456,0,never_instantiated,0,,,,,0,0,part,,8,0,never_instantiated,0,,,,,0,0,,,,,,,,,,,,,,,,,,,,,,,,,,,,,,,,,,,,,,,,,,,,,,,,,,,,,,,,,,,,,,,,,,,,,,,,
Q17,2,12,1,1.44,lineitem,part,4066,0,never_instantiated,0,,,,,0,0,,,122217,0,never_instantiated,0,,,,,0,0,lineitem,,4066,0,never_instantiated,0,,,,,0,0,,,,,,,,,,,,,,,,,,,,,,,,,,,,,,,,,,,,,,,,,,,,,,,,,,,,,,,,,,,,,,,,,,,,,,,,
Q18,2,12,1,4.31,,lineitem,1281,0,never_instantiated,0,,,,,0,0,,customer,2999999,0,never_instantiated,0,,,,,0,0,lineitem,orders,30000000,0,never_instantiated,0,,,,,0,0,,,,,,,,,,,,,,,,,,,,,,,,,,,,,,,,,,,,,,,,,,,,,,,,,,,,,,,,,,,,,,,,,,,,,,,,
Q19,2,12,1,1.34,lineitem,part,4000000,0,never_instantiated,0,,,,,0,0,,,,,,,,,,,,,,,,,,,,,,,,,,,,,,,,,,,,,,,,,,,,,,,,,,,,,,,,,,,,,,,,,,,,,,,,,,,,,,,,,,,,,,,,,,,,,,,,
Q20,2,12,1,0.93,,,8063,0,never_instantiated,0,,,,,0,0,partsupp,part,43464,0,never_instantiated,0,,,,,0,0,,,7317,0,never_instantiated,0,,,,,0,0,lineitem,,7317,0,never_instantiated,0,,,,,0,0,supplier,nation,1,0,never_instantiated,0,,,,,0,0,,,,,,,,,,,,,,,,,,,,,,,,,,,,,,,,,,,,,,,,,,,,,,,,
Q21,2,12,1,2.57,,nation,1,0,never_instantiated,0,,,,,0,0,,supplier,7984,0,never_instantiated,0,,,,,0,0,lineitem,orders,14617146,0,never_instantiated,0,,,,,0,0,,,1464370,0,never_instantiated,0,,,,,0,0,lineitem,,1464364,0,never_instantiated,0,,,,,0,0,,,1411363,0,never_instantiated,0,,,,,0,0,lineitem,,1411357,0,never_instantiated,0,,,,,0,0,,,,,,,,,,,,,,,,,,,,,,,,
Q22,2,12,1,0.52,,,381883,0,never_instantiated,0,,,,,0,0,orders,,381883,0,never_instantiated,0,,,,,0,0,,,,,,,,,,,,,,,,,,,,,,,,,,,,,,,,,,,,,,,,,,,,,,,,,,,,,,,,,,,,,,,,,,,,,,,,,,,,,,,,,,,,
Q01,2,13,1,1.03,,,,,,,,,,,,,,,,,,,,,,,,,,,,,,,,,,,,,,,,,,,,,,,,,,,,,,,,,,,,,,,,,,,,,,,,,,,,,,,,,,,,,,,,,,,,,,,,,,,,,,,,,,,,
Q02,2,13,1,0.31,,region,1,0,never_instantiated,0,,,,,0,0,,nation,5,0,never_instantiated,0,,,,,0,0,,part,15890,0,never_instantiated,0,,,,,0,0,partsupp,supplier,39913,0,never_instantiated,0,,,,,0,0,,,12744,0,never_instantiated,0,,,,,0,0,,,9428,0,never_instantiated,0,,,,,0,0,,region,1,0,never_instantiated,0,,,,,0,0,,nation,5,0,never_instantiated,0,,,,,0,0,partsupp,supplier,39913,0,never_instantiated,0,,,,,0,0
Q03,2,13,1,0.82,,customer,600888,0,never_instantiated,0,,,,,0,0,lineitem,orders,2926877,0,never_instantiated,0,,,,,0,0,,,,,,,,,,,,,,,,,,,,,,,,,,,,,,,,,,,,,,,,,,,,,,,,,,,,,,,,,,,,,,,,,,,,,,,,,,,,,,,,,,,,
Q04,2,13,1,1.03,,,1146356,0,never_instantiated,0,,,,,0,0,lineitem,,1146356,0,never_instantiated,0,,,,,0,0,,,,,,,,,,,,,,,,,,,,,,,,,,,,,,,,,,,,,,,,,,,,,,,,,,,,,,,,,,,,,,,,,,,,,,,,,,,,,,,,,,,,
Q05,2,13,1,9999999,,,,,,,,,,,,,,,,,,,,,,,,,,,,,,,,,,,,,,,,,,,,,,,,,,,,,,,,,,,,,,,,,,,,,,,,,,,,,,,,,,,,,,,,,,,,,,,,,,,,,,,,,,,,
Q06,2,13,1,0.41,,,,,,,,,,,,,,,,,,,,,,,,,,,,,,,,,,,,,,,,,,,,,,,,,,,,,,,,,,,,,,,,,,,,,,,,,,,,,,,,,,,,,,,,,,,,,,,,,,,,,,,,,,,,
Q07,2,13,1,0.93,,nation,2,0,never_instantiated,0,,,,,0,0,,customer,240492,0,never_instantiated,0,,,,,0,0,,nation,2,0,never_instantiated,0,,,,,0,0,,orders,2451059,0,never_instantiated,0,,,,,0,0,lineitem,supplier,15988,0,never_instantiated,0,,,,,0,0,,,,,,,,,,,,,,,,,,,,,,,,,,,,,,,,,,,,,,,,,,,,,,,,
Q08,2,13,1,0.93,,region,1,0,never_instantiated,0,,,,,0,0,,nation,5,0,never_instantiated,0,,,,,0,0,customer,,48849,0,never_instantiated,0,,,,,0,0,orders,,49794,0,never_instantiated,0,,,,,0,0,,nation,25,0,never_instantiated,0,,,,,0,0,,supplier,200000,0,never_instantiated,0,,,,,0,0,lineitem,part,26819,0,never_instantiated,0,,,,,0,0,,,,,,,,,,,,,,,,,,,,,,,,
Q09,2,13,1,2.05,,nation,25,0,never_instantiated,0,,,,,0,0,,supplier,200000,0,never_instantiated,0,,,,,0,0,,orders,30000000,0,never_instantiated,0,,,,,0,0,,partsupp,16000000,0,never_instantiated,0,,,,,0,0,lineitem,part,217392,0,never_instantiated,0,,,,,0,0,,,,,,,,,,,,,,,,,,,,,,,,,,,,,,,,,,,,,,,,,,,,,,,,
Q10,2,13,1,1.03,,nation,25,0,never_instantiated,0,,,,,0,0,customer,,2290399,0,never_instantiated,0,,,,,0,0,lineitem,orders,1145890,0,never_instantiated,0,,,,,0,0,,,,,,,,,,,,,,,,,,,,,,,,,,,,,,,,,,,,,,,,,,,,,,,,,,,,,,,,,,,,,,,,,,,,,,,,
Q11,2,13,1,0.31,,nation,1,0,never_instantiated,0,,,,,0,0,partsupp,supplier,8087,0,never_instantiated,0,,,,,0,0,partsupp,,8087,0,never_instantiated,0,,,,,0,0,supplier,nation,1,0,never_instantiated,0,,,,,0,0,,,,,,,,,,,,,,,,,,,,,,,,,,,,,,,,,,,,,,,,,,,,,,,,,,,,,,,,,,,,
Q12,2,13,1,0.82,orders,lineitem,621378,0,never_instantiated,0,,,,,0,0,,,,,,,,,,,,,,,,,,,,,,,,,,,,,,,,,,,,,,,,,,,,,,,,,,,,,,,,,,,,,,,,,,,,,,,,,,,,,,,,,,,,,,,,,,,,,,,,
Q13,2,13,1,1.75,orders,customer,3000000,0,never_instantiated,0,,,,,0,0,,,,,,,,,,,,,,,,,,,,,,,,,,,,,,,,,,,,,,,,,,,,,,,,,,,,,,,,,,,,,,,,,,,,,,,,,,,,,,,,,,,,,,,,,,,,,,,,
Q14,2,13,1,1.03,lineitem,part,4000000,0,never_instantiated,0,,,,,0,0,,,,,,,,,,,,,,,,,,,,,,,,,,,,,,,,,,,,,,,,,,,,,,,,,,,,,,,,,,,,,,,,,,,,,,,,,,,,,,,,,,,,,,,,,,,,,,,,
Q15,2,13,1,0.62,,,1,0,never_instantiated,0,,,,,0,0,supplier,,200000,0,never_instantiated,0,,,,,0,0,,,,,,,,,,,,,,,,,,,,,,,,,,,,,,,,,,,,,,,,,,,,,,,,,,,,,,,,,,,,,,,,,,,,,,,,,,,,,,,,,,,,
Q16,2,13,1,0.62,,supplier,106,0,never_instantiated,0,,,,,0,0,partsupp,,593456,0,never_instantiated,0,,,,,0,0,part,,8,0,never_instantiated,0,,,,,0,0,,,,,,,,,,,,,,,,,,,,,,,,,,,,,,,,,,,,,,,,,,,,,,,,,,,,,,,,,,,,,,,,,,,,,,,,
Q17,2,13,1,1.34,lineitem,part,4066,0,never_instantiated,0,,,,,0,0,,,122217,0,never_instantiated,0,,,,,0,0,lineitem,,4066,0,never_instantiated,0,,,,,0,0,,,,,,,,,,,,,,,,,,,,,,,,,,,,,,,,,,,,,,,,,,,,,,,,,,,,,,,,,,,,,,,,,,,,,,,,
Q18,2,13,1,4.31,,lineitem,1281,0,never_instantiated,0,,,,,0,0,,customer,2999999,0,never_instantiated,0,,,,,0,0,lineitem,orders,30000000,0,never_instantiated,0,,,,,0,0,,,,,,,,,,,,,,,,,,,,,,,,,,,,,,,,,,,,,,,,,,,,,,,,,,,,,,,,,,,,,,,,,,,,,,,,
Q19,2,13,1,1.34,lineitem,part,4000000,0,never_instantiated,0,,,,,0,0,,,,,,,,,,,,,,,,,,,,,,,,,,,,,,,,,,,,,,,,,,,,,,,,,,,,,,,,,,,,,,,,,,,,,,,,,,,,,,,,,,,,,,,,,,,,,,,,
Q20,2,13,1,0.82,,,8063,0,never_instantiated,0,,,,,0,0,partsupp,part,43464,0,never_instantiated,0,,,,,0,0,,,7317,0,never_instantiated,0,,,,,0,0,lineitem,,7317,0,never_instantiated,0,,,,,0,0,supplier,nation,1,0,never_instantiated,0,,,,,0,0,,,,,,,,,,,,,,,,,,,,,,,,,,,,,,,,,,,,,,,,,,,,,,,,
Q21,2,13,1,2.57,,nation,1,0,never_instantiated,0,,,,,0,0,,orders,14617146,0,never_instantiated,0,,,,,0,0,lineitem,supplier,7984,0,never_instantiated,0,,,,,0,0,,,1464370,0,never_instantiated,0,,,,,0,0,lineitem,,1464364,0,never_instantiated,0,,,,,0,0,,,1411363,0,never_instantiated,0,,,,,0,0,lineitem,,1411357,0,never_instantiated,0,,,,,0,0,,,,,,,,,,,,,,,,,,,,,,,,
Q22,2,13,1,0.52,,,381883,0,never_instantiated,0,,,,,0,0,orders,,381883,0,never_instantiated,0,,,,,0,0,,,,,,,,,,,,,,,,,,,,,,,,,,,,,,,,,,,,,,,,,,,,,,,,,,,,,,,,,,,,,,,,,,,,,,,,,,,,,,,,,,,,
Q01,2,14,1,1.03,,,,,,,,,,,,,,,,,,,,,,,,,,,,,,,,,,,,,,,,,,,,,,,,,,,,,,,,,,,,,,,,,,,,,,,,,,,,,,,,,,,,,,,,,,,,,,,,,,,,,,,,,,,,
Q02,2,14,1,0.31,,region,1,0,never_instantiated,0,,,,,0,0,,nation,5,0,never_instantiated,0,,,,,0,0,supplier,,12763,0,never_instantiated,0,,,,,0,0,partsupp,part,15890,0,never_instantiated,0,,,,,0,0,,,12744,0,never_instantiated,0,,,,,0,0,,,9428,0,never_instantiated,0,,,,,0,0,,region,1,0,never_instantiated,0,,,,,0,0,,nation,5,0,never_instantiated,0,,,,,0,0,partsupp,supplier,39913,0,never_instantiated,0,,,,,0,0
Q03,2,14,1,0.82,,customer,600888,0,never_instantiated,0,,,,,0,0,lineitem,orders,2926877,0,never_instantiated,0,,,,,0,0,,,,,,,,,,,,,,,,,,,,,,,,,,,,,,,,,,,,,,,,,,,,,,,,,,,,,,,,,,,,,,,,,,,,,,,,,,,,,,,,,,,,
Q04,2,14,1,1.03,,,1146356,0,never_instantiated,0,,,,,0,0,lineitem,,1146356,0,never_instantiated,0,,,,,0,0,,,,,,,,,,,,,,,,,,,,,,,,,,,,,,,,,,,,,,,,,,,,,,,,,,,,,,,,,,,,,,,,,,,,,,,,,,,,,,,,,,,,
Q05,2,14,1,1.34,,region,1,0,never_instantiated,0,,,,,0,0,,nation,5,0,never_instantiated,0,,,,,0,0,,customer,600016,0,never_instantiated,0,,,,,0,0,,supplier,200000,0,never_instantiated,0,,,,,0,0,lineitem,orders,910865,0,never_instantiated,0,,,,,0,0,,,,,,,,,,,,,,,,,,,,,,,,,,,,,,,,,,,,,,,,,,,,,,,,
Q06,2,14,1,0.41,,,,,,,,,,,,,,,,,,,,,,,,,,,,,,,,,,,,,,,,,,,,,,,,,,,,,,,,,,,,,,,,,,,,,,,,,,,,,,,,,,,,,,,,,,,,,,,,,,,,,,,,,,,,
Q07,2,14,1,0.82,,nation,2,0,never_instantiated,0,,,,,0,0,,customer,240492,0,never_instantiated,0,,,,,0,0,,nation,2,0,never_instantiated,0,,,,,0,0,,supplier,15988,0,never_instantiated,0,,,,,0,0,lineitem,orders,2451059,0,never_instantiated,0,,,,,0,0,,,,,,,,,,,,,,,,,,,,,,,,,,,,,,,,,,,,,,,,,,,,,,,,
Q08,2,14,1,0.93,,region,1,0,never_instantiated,0,,,,,0,0,,nation,5,0,never_instantiated,0,,,,,0,0,,part,26819,0,never_instantiated,0,,,,,0,0,,customer,599689,0,never_instantiated,0,,,,,0,0,,orders,1822210,0,never_instantiated,0,,,,,0,0,,nation,25,0,never_instantiated,0,,,,,0,0,lineitem,supplier,200000,0,never_instantiated,0,,,,,0,0,,,,,,,,,,,,,,,,,,,,,,,,
Q09,2,14,1,2.05,,nation,25,0,never_instantiated,0,,,,,0,0,,supplier,200000,0,never_instantiated,0,,,,,0,0,,part,217392,0,never_instantiated,0,,,,,0,0,,orders,30000000,0,never_instantiated,0,,,,,0,0,lineitem,partsupp,16000000,0,never_instantiated,0,,,,,0,0,,,,,,,,,,,,,,,,,,,,,,,,,,,,,,,,,,,,,,,,,,,,,,,,
Q10,2,14,1,1.03,,nation,25,0,never_instantiated,0,,,,,0,0,customer,,2290399,0,never_instantiated,0,,,,,0,0,lineitem,orders,1145890,0,never_instantiated,0,,,,,0,0,,,,,,,,,,,,,,,,,,,,,,,,,,,,,,,,,,,,,,,,,,,,,,,,,,,,,,,,,,,,,,,,,,,,,,,,
Q11,2,14,1,0.21,partsupp,,8087,0,never_instantiated,0,,,,,0,0,supplier,nation,1,0,never_instantiated,0,,,,,0,0,partsupp,,8087,0,never_instantiated,0,,,,,0,0,supplier,nation,1,0,never_instantiated,0,,,,,0,0,,,,,,,,,,,,,,,,,,,,,,,,,,,,,,,,,,,,,,,,,,,,,,,,,,,,,,,,,,,,
Q12,2,14,1,0.82,orders,lineitem,621378,0,never_instantiated,0,,,,,0,0,,,,,,,,,,,,,,,,,,,,,,,,,,,,,,,,,,,,,,,,,,,,,,,,,,,,,,,,,,,,,,,,,,,,,,,,,,,,,,,,,,,,,,,,,,,,,,,,
Q13,2,14,1,1.75,orders,customer,3000000,0,never_instantiated,0,,,,,0,0,,,,,,,,,,,,,,,,,,,,,,,,,,,,,,,,,,,,,,,,,,,,,,,,,,,,,,,,,,,,,,,,,,,,,,,,,,,,,,,,,,,,,,,,,,,,,,,,
Q14,2,14,1,1.03,lineitem,part,4000000,0,never_instantiated,0,,,,,0,0,,,,,,,,,,,,,,,,,,,,,,,,,,,,,,,,,,,,,,,,,,,,,,,,,,,,,,,,,,,,,,,,,,,,,,,,,,,,,,,,,,,,,,,,,,,,,,,,
Q15,2,14,1,0.62,,,1,0,never_instantiated,0,,,,,0,0,supplier,,200000,0,never_instantiated,0,,,,,0,0,,,,,,,,,,,,,,,,,,,,,,,,,,,,,,,,,,,,,,,,,,,,,,,,,,,,,,,,,,,,,,,,,,,,,,,,,,,,,,,,,,,,
Q16,2,14,1,0.62,,supplier,106,0,never_instantiated,0,,,,,0,0,partsupp,,593456,0,never_instantiated,0,,,,,0,0,part,,8,0,never_instantiated,0,,,,,0,0,,,,,,,,,,,,,,,,,,,,,,,,,,,,,,,,,,,,,,,,,,,,,,,,,,,,,,,,,,,,,,,,,,,,,,,,
Q17,2,14,1,1.44,lineitem,part,4066,0,never_instantiated,0,,,,,0,0,,,122217,0,never_instantiated,0,,,,,0,0,lineitem,,4066,0,never_instantiated,0,,,,,0,0,,,,,,,,,,,,,,,,,,,,,,,,,,,,,,,,,,,,,,,,,,,,,,,,,,,,,,,,,,,,,,,,,,,,,,,,
Q18,2,14,1,4.31,,lineitem,1281,0,never_instantiated,0,,,,,0,0,,customer,2999999,0,never_instantiated,0,,,,,0,0,lineitem,orders,30000000,0,never_instantiated,0,,,,,0,0,,,,,,,,,,,,,,,,,,,,,,,,,,,,,,,,,,,,,,,,,,,,,,,,,,,,,,,,,,,,,,,,,,,,,,,,
Q19,2,14,1,1.34,lineitem,part,4000000,0,never_instantiated,0,,,,,0,0,,,,,,,,,,,,,,,,,,,,,,,,,,,,,,,,,,,,,,,,,,,,,,,,,,,,,,,,,,,,,,,,,,,,,,,,,,,,,,,,,,,,,,,,,,,,,,,,
Q20,2,14,1,0.93,,,8063,0,never_instantiated,0,,,,,0,0,partsupp,part,43464,0,never_instantiated,0,,,,,0,0,,,7317,0,never_instantiated,0,,,,,0,0,lineitem,,7317,0,never_instantiated,0,,,,,0,0,supplier,nation,1,0,never_instantiated,0,,,,,0,0,,,,,,,,,,,,,,,,,,,,,,,,,,,,,,,,,,,,,,,,,,,,,,,,
Q21,2,14,1,2.67,,nation,1,0,never_instantiated,0,,,,,0,0,,supplier,7984,0,never_instantiated,0,,,,,0,0,lineitem,orders,14617146,0,never_instantiated,0,,,,,0,0,,,1464370,0,never_instantiated,0,,,,,0,0,lineitem,,1464364,0,never_instantiated,0,,,,,0,0,,,1411363,0,never_instantiated,0,,,,,0,0,lineitem,,1411357,0,never_instantiated,0,,,,,0,0,,,,,,,,,,,,,,,,,,,,,,,,
Q22,2,14,1,0.52,,,381883,0,never_instantiated,0,,,,,0,0,orders,,381883,0,never_instantiated,0,,,,,0,0,,,,,,,,,,,,,,,,,,,,,,,,,,,,,,,,,,,,,,,,,,,,,,,,,,,,,,,,,,,,,,,,,,,,,,,,,,,,,,,,,,,,
Q01,2,15,1,1.03,,,,,,,,,,,,,,,,,,,,,,,,,,,,,,,,,,,,,,,,,,,,,,,,,,,,,,,,,,,,,,,,,,,,,,,,,,,,,,,,,,,,,,,,,,,,,,,,,,,,,,,,,,,,
Q02,2,15,1,0.31,,region,1,0,never_instantiated,0,,,,,0,0,,nation,5,0,never_instantiated,0,,,,,0,0,,part,15890,0,never_instantiated,0,,,,,0,0,partsupp,supplier,39913,0,never_instantiated,0,,,,,0,0,,,12744,0,never_instantiated,0,,,,,0,0,,,9428,0,never_instantiated,0,,,,,0,0,,region,1,0,never_instantiated,0,,,,,0,0,,nation,5,0,never_instantiated,0,,,,,0,0,partsupp,supplier,39913,0,never_instantiated,0,,,,,0,0
Q03,2,15,1,0.82,,customer,600888,0,never_instantiated,0,,,,,0,0,lineitem,orders,2926877,0,never_instantiated,0,,,,,0,0,,,,,,,,,,,,,,,,,,,,,,,,,,,,,,,,,,,,,,,,,,,,,,,,,,,,,,,,,,,,,,,,,,,,,,,,,,,,,,,,,,,,
Q04,2,15,1,1.03,,,1146356,0,never_instantiated,0,,,,,0,0,lineitem,,1146356,0,never_instantiated,0,,,,,0,0,,,,,,,,,,,,,,,,,,,,,,,,,,,,,,,,,,,,,,,,,,,,,,,,,,,,,,,,,,,,,,,,,,,,,,,,,,,,,,,,,,,,
Q05,2,15,1,1.23,,customer,2999999,0,never_instantiated,0,,,,,0,0,,region,1,0,never_instantiated,0,,,,,0,0,,orders,4549846,0,never_instantiated,0,,,,,0,0,,nation,5,0,never_instantiated,0,,,,,0,0,lineitem,supplier,40119,0,never_instantiated,0,,,,,0,0,,,,,,,,,,,,,,,,,,,,,,,,,,,,,,,,,,,,,,,,,,,,,,,,
Q06,2,15,1,0.41,,,,,,,,,,,,,,,,,,,,,,,,,,,,,,,,,,,,,,,,,,,,,,,,,,,,,,,,,,,,,,,,,,,,,,,,,,,,,,,,,,,,,,,,,,,,,,,,,,,,,,,,,,,,
Q07,2,15,1,0.93,,nation,2,0,never_instantiated,0,,,,,0,0,,nation,2,0,never_instantiated,0,,,,,0,0,,customer,240492,0,never_instantiated,0,,,,,0,0,,orders,2451059,0,never_instantiated,0,,,,,0,0,lineitem,supplier,15988,0,never_instantiated,0,,,,,0,0,,,,,,,,,,,,,,,,,,,,,,,,,,,,,,,,,,,,,,,,,,,,,,,,
Q08,2,15,1,0.93,,region,1,0,never_instantiated,0,,,,,0,0,,nation,5,0,never_instantiated,0,,,,,0,0,customer,,48849,0,never_instantiated,0,,,,,0,0,,nation,25,0,never_instantiated,0,,,,,0,0,,supplier,200000,0,never_instantiated,0,,,,,0,0,,part,26819,0,never_instantiated,0,,,,,0,0,lineitem,orders,1822210,0,never_instantiated,0,,,,,0,0,,,,,,,,,,,,,,,,,,,,,,,,
Q09,2,15,1,2.05,,nation,25,0,never_instantiated,0,,,,,0,0,,partsupp,16000000,0,never_instantiated,0,,,,,0,0,,part,217392,0,never_instantiated,0,,,,,0,0,,orders,30000000,0,never_instantiated,0,,,,,0,0,lineitem,supplier,200000,0,never_instantiated,0,,,,,0,0,,,,,,,,,,,,,,,,,,,,,,,,,,,,,,,,,,,,,,,,,,,,,,,,
Q10,2,15,1,1.03,,nation,25,0,never_instantiated,0,,,,,0,0,customer,,2290399,0,never_instantiated,0,,,,,0,0,lineitem,orders,1145890,0,never_instantiated,0,,,,,0,0,,,,,,,,,,,,,,,,,,,,,,,,,,,,,,,,,,,,,,,,,,,,,,,,,,,,,,,,,,,,,,,,,,,,,,,,
Q11,2,15,1,0.31,,nation,1,0,never_instantiated,0,,,,,0,0,partsupp,supplier,8087,0,never_instantiated,0,,,,,0,0,,nation,1,0,never_instantiated,0,,,,,0,0,partsupp,supplier,8087,0,never_instantiated,0,,,,,0,0,,,,,,,,,,,,,,,,,,,,,,,,,,,,,,,,,,,,,,,,,,,,,,,,,,,,,,,,,,,,
Q12,2,15,1,0.82,orders,lineitem,621378,0,never_instantiated,0,,,,,0,0,,,,,,,,,,,,,,,,,,,,,,,,,,,,,,,,,,,,,,,,,,,,,,,,,,,,,,,,,,,,,,,,,,,,,,,,,,,,,,,,,,,,,,,,,,,,,,,,
Q13,2,15,1,1.75,orders,customer,3000000,0,never_instantiated,0,,,,,0,0,,,,,,,,,,,,,,,,,,,,,,,,,,,,,,,,,,,,,,,,,,,,,,,,,,,,,,,,,,,,,,,,,,,,,,,,,,,,,,,,,,,,,,,,,,,,,,,,
Q14,2,15,1,1.03,lineitem,part,4000000,0,never_instantiated,0,,,,,0,0,,,,,,,,,,,,,,,,,,,,,,,,,,,,,,,,,,,,,,,,,,,,,,,,,,,,,,,,,,,,,,,,,,,,,,,,,,,,,,,,,,,,,,,,,,,,,,,,
Q15,2,15,1,0.62,,,1,0,never_instantiated,0,,,,,0,0,supplier,,200000,0,never_instantiated,0,,,,,0,0,,,,,,,,,,,,,,,,,,,,,,,,,,,,,,,,,,,,,,,,,,,,,,,,,,,,,,,,,,,,,,,,,,,,,,,,,,,,,,,,,,,,
Q16,2,15,1,0.62,,supplier,106,0,never_instantiated,0,,,,,0,0,partsupp,,593456,0,never_instantiated,0,,,,,0,0,part,,8,0,never_instantiated,0,,,,,0,0,,,,,,,,,,,,,,,,,,,,,,,,,,,,,,,,,,,,,,,,,,,,,,,,,,,,,,,,,,,,,,,,,,,,,,,,
Q17,2,15,1,1.44,lineitem,part,4066,0,never_instantiated,0,,,,,0,0,,,122217,0,never_instantiated,0,,,,,0,0,lineitem,,4066,0,never_instantiated,0,,,,,0,0,,,,,,,,,,,,,,,,,,,,,,,,,,,,,,,,,,,,,,,,,,,,,,,,,,,,,,,,,,,,,,,,,,,,,,,,
Q18,2,15,1,4.31,,lineitem,1281,0,never_instantiated,0,,,,,0,0,,customer,2999999,0,never_instantiated,0,,,,,0,0,lineitem,orders,30000000,0,never_instantiated,0,,,,,0,0,,,,,,,,,,,,,,,,,,,,,,,,,,,,,,,,,,,,,,,,,,,,,,,,,,,,,,,,,,,,,,,,,,,,,,,,
Q19,2,15,1,1.34,lineitem,part,4000000,0,never_instantiated,0,,,,,0,0,,,,,,,,,,,,,,,,,,,,,,,,,,,,,,,,,,,,,,,,,,,,,,,,,,,,,,,,,,,,,,,,,,,,,,,,,,,,,,,,,,,,,,,,,,,,,,,,
Q20,2,15,1,0.82,,,8063,0,never_instantiated,0,,,,,0,0,partsupp,part,43464,0,never_instantiated,0,,,,,0,0,,,7317,0,never_instantiated,0,,,,,0,0,lineitem,,7317,0,never_instantiated,0,,,,,0,0,supplier,nation,1,0,never_instantiated,0,,,,,0,0,,,,,,,,,,,,,,,,,,,,,,,,,,,,,,,,,,,,,,,,,,,,,,,,
Q21,2,15,1,2.57,,nation,1,0,never_instantiated,0,,,,,0,0,,orders,14617146,0,never_instantiated,0,,,,,0,0,lineitem,supplier,7984,0,never_instantiated,0,,,,,0,0,,,1464370,0,never_instantiated,0,,,,,0,0,lineitem,,1464364,0,never_instantiated,0,,,,,0,0,,,1411363,0,never_instantiated,0,,,,,0,0,lineitem,,1411357,0,never_instantiated,0,,,,,0,0,,,,,,,,,,,,,,,,,,,,,,,,
Q22,2,15,1,0.52,,,381883,0,never_instantiated,0,,,,,0,0,orders,,381883,0,never_instantiated,0,,,,,0,0,,,,,,,,,,,,,,,,,,,,,,,,,,,,,,,,,,,,,,,,,,,,,,,,,,,,,,,,,,,,,,,,,,,,,,,,,,,,,,,,,,,,
Q01,2,16,1,1.03,,,,,,,,,,,,,,,,,,,,,,,,,,,,,,,,,,,,,,,,,,,,,,,,,,,,,,,,,,,,,,,,,,,,,,,,,,,,,,,,,,,,,,,,,,,,,,,,,,,,,,,,,,,,
Q02,2,16,1,0.31,,region,1,0,never_instantiated,0,,,,,0,0,,nation,5,0,never_instantiated,0,,,,,0,0,supplier,,12763,0,never_instantiated,0,,,,,0,0,partsupp,part,15890,0,never_instantiated,0,,,,,0,0,,,12744,0,never_instantiated,0,,,,,0,0,,,9428,0,never_instantiated,0,,,,,0,0,partsupp,,39913,0,never_instantiated,0,,,,,0,0,,region,1,0,never_instantiated,0,,,,,0,0,supplier,nation,5,0,never_instantiated,0,,,,,0,0
Q03,2,16,1,1.54,,customer,600888,0,never_instantiated,0,,,,,0,0,lineitem,orders,14577240,0,never_instantiated,0,,,,,0,0,,,,,,,,,,,,,,,,,,,,,,,,,,,,,,,,,,,,,,,,,,,,,,,,,,,,,,,,,,,,,,,,,,,,,,,,,,,,,,,,,,,,
Q04,2,16,1,0.93,,,1146356,0,never_instantiated,0,,,,,0,0,lineitem,,1146356,0,never_instantiated,0,,,,,0,0,,,,,,,,,,,,,,,,,,,,,,,,,,,,,,,,,,,,,,,,,,,,,,,,,,,,,,,,,,,,,,,,,,,,,,,,,,,,,,,,,,,,
Q05,2,16,1,1.95,,region,1,0,never_instantiated,0,,,,,0,0,,nation,5,0,never_instantiated,0,,,,,0,0,,customer,600016,0,never_instantiated,0,,,,,0,0,,supplier,40119,0,never_instantiated,0,,,,,0,0,lineitem,orders,4549846,0,never_instantiated,0,,,,,0,0,,,,,,,,,,,,,,,,,,,,,,,,,,,,,,,,,,,,,,,,,,,,,,,,
Q06,2,16,1,0.41,,,,,,,,,,,,,,,,,,,,,,,,,,,,,,,,,,,,,,,,,,,,,,,,,,,,,,,,,,,,,,,,,,,,,,,,,,,,,,,,,,,,,,,,,,,,,,,,,,,,,,,,,,,,
Q07,2,16,1,0.82,,nation,2,0,never_instantiated,0,,,,,0,0,,customer,240492,0,never_instantiated,0,,,,,0,0,,nation,2,0,never_instantiated,0,,,,,0,0,,supplier,15988,0,never_instantiated,0,,,,,0,0,lineitem,orders,2451059,0,never_instantiated,0,,,,,0,0,,,,,,,,,,,,,,,,,,,,,,,,,,,,,,,,,,,,,,,,,,,,,,,,
Q08,2,16,1,0.93,,region,1,0,never_instantiated,0,,,,,0,0,,nation,5,0,never_instantiated,0,,,,,0,0,customer,,48849,0,never_instantiated,0,,,,,0,0,orders,,49794,0,never_instantiated,0,,,,,0,0,,nation,25,0,never_instantiated,0,,,,,0,0,,supplier,200000,0,never_instantiated,0,,,,,0,0,lineitem,part,26819,0,never_instantiated,0,,,,,0,0,,,,,,,,,,,,,,,,,,,,,,,,
Q09,2,16,1,3.49,,nation,25,0,never_instantiated,0,,,,,0,0,,supplier,200000,0,never_instantiated,0,,,,,0,0,,partsupp,16000000,0,never_instantiated,0,,,,,0,0,,part,217392,0,never_instantiated,0,,,,,0,0,lineitem,orders,30000000,0,never_instantiated,0,,,,,0,0,,,,,,,,,,,,,,,,,,,,,,,,,,,,,,,,,,,,,,,,,,,,,,,,
Q10,2,16,1,1.03,,nation,25,0,never_instantiated,0,,,,,0,0,customer,,2290399,0,never_instantiated,0,,,,,0,0,lineitem,orders,1145890,0,never_instantiated,0,,,,,0,0,,,,,,,,,,,,,,,,,,,,,,,,,,,,,,,,,,,,,,,,,,,,,,,,,,,,,,,,,,,,,,,,,,,,,,,,
Q11,2,16,1,0.21,partsupp,,8087,0,never_instantiated,0,,,,,0,0,supplier,nation,1,0,never_instantiated,0,,,,,0,0,partsupp,,8087,0,never_instantiated,0,,,,,0,0,supplier,nation,1,0,never_instantiated,0,,,,,0,0,,,,,,,,,,,,,,,,,,,,,,,,,,,,,,,,,,,,,,,,,,,,,,,,,,,,,,,,,,,,
Q12,2,16,1,0.82,orders,lineitem,621378,0,never_instantiated,0,,,,,0,0,,,,,,,,,,,,,,,,,,,,,,,,,,,,,,,,,,,,,,,,,,,,,,,,,,,,,,,,,,,,,,,,,,,,,,,,,,,,,,,,,,,,,,,,,,,,,,,,
Q13,2,16,1,1.75,orders,customer,3000000,0,never_instantiated,0,,,,,0,0,,,,,,,,,,,,,,,,,,,,,,,,,,,,,,,,,,,,,,,,,,,,,,,,,,,,,,,,,,,,,,,,,,,,,,,,,,,,,,,,,,,,,,,,,,,,,,,,
Q14,2,16,1,1.03,lineitem,part,4000000,0,never_instantiated,0,,,,,0,0,,,,,,,,,,,,,,,,,,,,,,,,,,,,,,,,,,,,,,,,,,,,,,,,,,,,,,,,,,,,,,,,,,,,,,,,,,,,,,,,,,,,,,,,,,,,,,,,
Q15,2,16,1,0.62,,,1,0,never_instantiated,0,,,,,0,0,supplier,,200000,0,never_instantiated,0,,,,,0,0,,,,,,,,,,,,,,,,,,,,,,,,,,,,,,,,,,,,,,,,,,,,,,,,,,,,,,,,,,,,,,,,,,,,,,,,,,,,,,,,,,,,
Q16,2,16,1,0.52,,supplier,106,0,never_instantiated,0,,,,,0,0,partsupp,,593456,0,never_instantiated,0,,,,,0,0,part,,8,0,never_instantiated,0,,,,,0,0,,,,,,,,,,,,,,,,,,,,,,,,,,,,,,,,,,,,,,,,,,,,,,,,,,,,,,,,,,,,,,,,,,,,,,,,
Q17,2,16,1,1.44,lineitem,part,4066,0,never_instantiated,0,,,,,0,0,,,122217,0,never_instantiated,0,,,,,0,0,lineitem,,4066,0,never_instantiated,0,,,,,0,0,,,,,,,,,,,,,,,,,,,,,,,,,,,,,,,,,,,,,,,,,,,,,,,,,,,,,,,,,,,,,,,,,,,,,,,,
Q18,2,16,1,4.31,,lineitem,1281,0,never_instantiated,0,,,,,0,0,,customer,2999999,0,never_instantiated,0,,,,,0,0,lineitem,orders,30000000,0,never_instantiated,0,,,,,0,0,,,,,,,,,,,,,,,,,,,,,,,,,,,,,,,,,,,,,,,,,,,,,,,,,,,,,,,,,,,,,,,,,,,,,,,,
Q19,2,16,1,1.34,lineitem,part,4000000,0,never_instantiated,0,,,,,0,0,,,,,,,,,,,,,,,,,,,,,,,,,,,,,,,,,,,,,,,,,,,,,,,,,,,,,,,,,,,,,,,,,,,,,,,,,,,,,,,,,,,,,,,,,,,,,,,,
Q20,2,16,1,0.93,,,8063,0,never_instantiated,0,,,,,0,0,partsupp,part,43464,0,never_instantiated,0,,,,,0,0,,,7317,0,never_instantiated,0,,,,,0,0,lineitem,,7317,0,never_instantiated,0,,,,,0,0,supplier,nation,1,0,never_instantiated,0,,,,,0,0,,,,,,,,,,,,,,,,,,,,,,,,,,,,,,,,,,,,,,,,,,,,,,,,
Q21,2,16,1,2.67,,nation,1,0,never_instantiated,0,,,,,0,0,,supplier,7984,0,never_instantiated,0,,,,,0,0,lineitem,orders,14617146,0,never_instantiated,0,,,,,0,0,,,1464370,0,never_instantiated,0,,,,,0,0,lineitem,,1464364,0,never_instantiated,0,,,,,0,0,,,1411363,0,never_instantiated,0,,,,,0,0,lineitem,,1411357,0,never_instantiated,0,,,,,0,0,,,,,,,,,,,,,,,,,,,,,,,,
Q22,2,16,1,0.52,,,381883,0,never_instantiated,0,,,,,0,0,orders,,381883,0,never_instantiated,0,,,,,0,0,,,,,,,,,,,,,,,,,,,,,,,,,,,,,,,,,,,,,,,,,,,,,,,,,,,,,,,,,,,,,,,,,,,,,,,,,,,,,,,,,,,,
Q01,2,17,1,1.03,,,,,,,,,,,,,,,,,,,,,,,,,,,,,,,,,,,,,,,,,,,,,,,,,,,,,,,,,,,,,,,,,,,,,,,,,,,,,,,,,,,,,,,,,,,,,,,,,,,,,,,,,,,,
Q02,2,17,1,0.31,,region,1,0,never_instantiated,0,,,,,0,0,,nation,5,0,never_instantiated,0,,,,,0,0,,part,15890,0,never_instantiated,0,,,,,0,0,partsupp,supplier,39913,0,never_instantiated,0,,,,,0,0,,,12744,0,never_instantiated,0,,,,,0,0,,,9428,0,never_instantiated,0,,,,,0,0,partsupp,,39913,0,never_instantiated,0,,,,,0,0,,region,1,0,never_instantiated,0,,,,,0,0,supplier,nation,5,0,never_instantiated,0,,,,,0,0
Q03,2,17,1,1.54,,customer,600888,0,never_instantiated,0,,,,,0,0,lineitem,orders,14577240,0,never_instantiated,0,,,,,0,0,,,,,,,,,,,,,,,,,,,,,,,,,,,,,,,,,,,,,,,,,,,,,,,,,,,,,,,,,,,,,,,,,,,,,,,,,,,,,,,,,,,,
Q04,2,17,1,1.03,,,1146356,0,never_instantiated,0,,,,,0,0,lineitem,,1146356,0,never_instantiated,0,,,,,0,0,,,,,,,,,,,,,,,,,,,,,,,,,,,,,,,,,,,,,,,,,,,,,,,,,,,,,,,,,,,,,,,,,,,,,,,,,,,,,,,,,,,,
Q05,2,17,1,1.23,,region,1,0,never_instantiated,0,,,,,0,0,,customer,2999999,0,never_instantiated,0,,,,,0,0,,nation,5,0,never_instantiated,0,,,,,0,0,,orders,4549846,0,never_instantiated,0,,,,,0,0,lineitem,supplier,40119,0,never_instantiated,0,,,,,0,0,,,,,,,,,,,,,,,,,,,,,,,,,,,,,,,,,,,,,,,,,,,,,,,,
Q06,2,17,1,0.41,,,,,,,,,,,,,,,,,,,,,,,,,,,,,,,,,,,,,,,,,,,,,,,,,,,,,,,,,,,,,,,,,,,,,,,,,,,,,,,,,,,,,,,,,,,,,,,,,,,,,,,,,,,,
Q07,2,17,1,0.93,,nation,2,0,never_instantiated,0,,,,,0,0,,nation,2,0,never_instantiated,0,,,,,0,0,,customer,240492,0,never_instantiated,0,,,,,0,0,,orders,2451059,0,never_instantiated,0,,,,,0,0,lineitem,supplier,15988,0,never_instantiated,0,,,,,0,0,,,,,,,,,,,,,,,,,,,,,,,,,,,,,,,,,,,,,,,,,,,,,,,,
Q08,2,17,1,0.93,,nation,25,0,never_instantiated,0,,,,,0,0,,region,1,0,never_instantiated,0,,,,,0,0,,nation,5,0,never_instantiated,0,,,,,0,0,customer,,48849,0,never_instantiated,0,,,,,0,0,orders,,49794,0,never_instantiated,0,,,,,0,0,,part,26819,0,never_instantiated,0,,,,,0,0,lineitem,supplier,200000,0,never_instantiated,0,,,,,0,0,,,,,,,,,,,,,,,,,,,,,,,,
Q09,2,17,1,2.05,,partsupp,16000000,0,never_instantiated,0,,,,,0,0,,orders,30000000,0,never_instantiated,0,,,,,0,0,,nation,25,0,never_instantiated,0,,,,,0,0,,supplier,200000,0,never_instantiated,0,,,,,0,0,lineitem,part,217392,0,never_instantiated,0,,,,,0,0,,,,,,,,,,,,,,,,,,,,,,,,,,,,,,,,,,,,,,,,,,,,,,,,
Q10,2,17,1,1.03,,nation,25,0,never_instantiated,0,,,,,0,0,customer,,2290399,0,never_instantiated,0,,,,,0,0,lineitem,orders,1145890,0,never_instantiated,0,,,,,0,0,,,,,,,,,,,,,,,,,,,,,,,,,,,,,,,,,,,,,,,,,,,,,,,,,,,,,,,,,,,,,,,,,,,,,,,,
Q11,2,17,1,0.31,,nation,1,0,never_instantiated,0,,,,,0,0,partsupp,supplier,8087,0,never_instantiated,0,,,,,0,0,,nation,1,0,never_instantiated,0,,,,,0,0,partsupp,supplier,8087,0,never_instantiated,0,,,,,0,0,,,,,,,,,,,,,,,,,,,,,,,,,,,,,,,,,,,,,,,,,,,,,,,,,,,,,,,,,,,,
Q12,2,17,1,0.82,orders,lineitem,621378,0,never_instantiated,0,,,,,0,0,,,,,,,,,,,,,,,,,,,,,,,,,,,,,,,,,,,,,,,,,,,,,,,,,,,,,,,,,,,,,,,,,,,,,,,,,,,,,,,,,,,,,,,,,,,,,,,,
Q13,2,17,1,1.75,orders,customer,3000000,0,never_instantiated,0,,,,,0,0,,,,,,,,,,,,,,,,,,,,,,,,,,,,,,,,,,,,,,,,,,,,,,,,,,,,,,,,,,,,,,,,,,,,,,,,,,,,,,,,,,,,,,,,,,,,,,,,
Q14,2,17,1,1.03,lineitem,part,4000000,0,never_instantiated,0,,,,,0,0,,,,,,,,,,,,,,,,,,,,,,,,,,,,,,,,,,,,,,,,,,,,,,,,,,,,,,,,,,,,,,,,,,,,,,,,,,,,,,,,,,,,,,,,,,,,,,,,
Q15,2,17,1,0.62,,,1,0,never_instantiated,0,,,,,0,0,supplier,,200000,0,never_instantiated,0,,,,,0,0,,,,,,,,,,,,,,,,,,,,,,,,,,,,,,,,,,,,,,,,,,,,,,,,,,,,,,,,,,,,,,,,,,,,,,,,,,,,,,,,,,,,
Q16,2,17,1,0.62,,supplier,106,0,never_instantiated,0,,,,,0,0,partsupp,,593456,0,never_instantiated,0,,,,,0,0,part,,8,0,never_instantiated,0,,,,,0,0,,,,,,,,,,,,,,,,,,,,,,,,,,,,,,,,,,,,,,,,,,,,,,,,,,,,,,,,,,,,,,,,,,,,,,,,
Q17,2,17,1,1.44,lineitem,part,4066,0,never_instantiated,0,,,,,0,0,,,122217,0,never_instantiated,0,,,,,0,0,lineitem,,4066,0,never_instantiated,0,,,,,0,0,,,,,,,,,,,,,,,,,,,,,,,,,,,,,,,,,,,,,,,,,,,,,,,,,,,,,,,,,,,,,,,,,,,,,,,,
Q18,2,17,1,4.31,,lineitem,1281,0,never_instantiated,0,,,,,0,0,,customer,2999999,0,never_instantiated,0,,,,,0,0,lineitem,orders,30000000,0,never_instantiated,0,,,,,0,0,,,,,,,,,,,,,,,,,,,,,,,,,,,,,,,,,,,,,,,,,,,,,,,,,,,,,,,,,,,,,,,,,,,,,,,,
Q19,2,17,1,1.33,lineitem,part,4000000,0,never_instantiated,0,,,,,0,0,,,,,,,,,,,,,,,,,,,,,,,,,,,,,,,,,,,,,,,,,,,,,,,,,,,,,,,,,,,,,,,,,,,,,,,,,,,,,,,,,,,,,,,,,,,,,,,,
Q20,2,17,1,0.93,,,8063,0,never_instantiated,0,,,,,0,0,partsupp,part,43464,0,never_instantiated,0,,,,,0,0,,,7317,0,never_instantiated,0,,,,,0,0,lineitem,,7317,0,never_instantiated,0,,,,,0,0,supplier,nation,1,0,never_instantiated,0,,,,,0,0,,,,,,,,,,,,,,,,,,,,,,,,,,,,,,,,,,,,,,,,,,,,,,,,
Q21,2,17,1,2.67,,nation,1,0,never_instantiated,0,,,,,0,0,,orders,14617146,0,never_instantiated,0,,,,,0,0,lineitem,supplier,7984,0,never_instantiated,0,,,,,0,0,,,1464370,0,never_instantiated,0,,,,,0,0,lineitem,,1464364,0,never_instantiated,0,,,,,0,0,,,1411363,0,never_instantiated,0,,,,,0,0,lineitem,,1411357,0,never_instantiated,0,,,,,0,0,,,,,,,,,,,,,,,,,,,,,,,,
Q22,2,17,1,0.52,,,381883,0,never_instantiated,0,,,,,0,0,orders,,381883,0,never_instantiated,0,,,,,0,0,,,,,,,,,,,,,,,,,,,,,,,,,,,,,,,,,,,,,,,,,,,,,,,,,,,,,,,,,,,,,,,,,,,,,,,,,,,,,,,,,,,,
Q01,2,18,1,1.03,,,,,,,,,,,,,,,,,,,,,,,,,,,,,,,,,,,,,,,,,,,,,,,,,,,,,,,,,,,,,,,,,,,,,,,,,,,,,,,,,,,,,,,,,,,,,,,,,,,,,,,,,,,,
Q02,2,18,1,0.31,,region,1,0,never_instantiated,0,,,,,0,0,,nation,5,0,never_instantiated,0,,,,,0,0,supplier,,12763,0,never_instantiated,0,,,,,0,0,partsupp,part,15890,0,never_instantiated,0,,,,,0,0,,,12744,0,never_instantiated,0,,,,,0,0,,,9428,0,never_instantiated,0,,,,,0,0,,region,1,0,never_instantiated,0,,,,,0,0,,nation,5,0,never_instantiated,0,,,,,0,0,partsupp,supplier,39913,0,never_instantiated,0,,,,,0,0
Q03,2,18,1,0.82,,customer,600888,0,never_instantiated,0,,,,,0,0,lineitem,orders,2926877,0,never_instantiated,0,,,,,0,0,,,,,,,,,,,,,,,,,,,,,,,,,,,,,,,,,,,,,,,,,,,,,,,,,,,,,,,,,,,,,,,,,,,,,,,,,,,,,,,,,,,,
Q04,2,18,1,1.03,,,1146356,0,never_instantiated,0,,,,,0,0,lineitem,,1146356,0,never_instantiated,0,,,,,0,0,,,,,,,,,,,,,,,,,,,,,,,,,,,,,,,,,,,,,,,,,,,,,,,,,,,,,,,,,,,,,,,,,,,,,,,,,,,,,,,,,,,,
Q05,2,18,1,2.05,,region,1,0,never_instantiated,0,,,,,0,0,,customer,2999999,0,never_instantiated,0,,,,,0,0,,nation,5,0,never_instantiated,0,,,,,0,0,,supplier,40119,0,never_instantiated,0,,,,,0,0,lineitem,orders,4549846,0,never_instantiated,0,,,,,0,0,,,,,,,,,,,,,,,,,,,,,,,,,,,,,,,,,,,,,,,,,,,,,,,,
Q06,2,18,1,0.41,,,,,,,,,,,,,,,,,,,,,,,,,,,,,,,,,,,,,,,,,,,,,,,,,,,,,,,,,,,,,,,,,,,,,,,,,,,,,,,,,,,,,,,,,,,,,,,,,,,,,,,,,,,,
Q07,2,18,1,0.82,,nation,2,0,never_instantiated,0,,,,,0,0,,nation,2,0,never_instantiated,0,,,,,0,0,,customer,240492,0,never_instantiated,0,,,,,0,0,,supplier,15988,0,never_instantiated,0,,,,,0,0,lineitem,orders,2451059,0,never_instantiated,0,,,,,0,0,,,,,,,,,,,,,,,,,,,,,,,,,,,,,,,,,,,,,,,,,,,,,,,,
Q08,2,18,1,0.93,,region,1,0,never_instantiated,0,,,,,0,0,,part,26819,0,never_instantiated,0,,,,,0,0,,nation,25,0,never_instantiated,0,,,,,0,0,,nation,5,0,never_instantiated,0,,,,,0,0,,customer,599689,0,never_instantiated,0,,,,,0,0,,supplier,200000,0,never_instantiated,0,,,,,0,0,lineitem,orders,1822210,0,never_instantiated,0,,,,,0,0,,,,,,,,,,,,,,,,,,,,,,,,
Q09,2,18,1,2.05,,part,217392,0,never_instantiated,0,,,,,0,0,,orders,30000000,0,never_instantiated,0,,,,,0,0,,nation,25,0,never_instantiated,0,,,,,0,0,,supplier,200000,0,never_instantiated,0,,,,,0,0,lineitem,partsupp,16000000,0,never_instantiated,0,,,,,0,0,,,,,,,,,,,,,,,,,,,,,,,,,,,,,,,,,,,,,,,,,,,,,,,,
Q10,2,18,1,1.03,,nation,25,0,never_instantiated,0,,,,,0,0,customer,,2290399,0,never_instantiated,0,,,,,0,0,lineitem,orders,1145890,0,never_instantiated,0,,,,,0,0,,,,,,,,,,,,,,,,,,,,,,,,,,,,,,,,,,,,,,,,,,,,,,,,,,,,,,,,,,,,,,,,,,,,,,,,
Q11,2,18,1,0.31,partsupp,,8087,0,never_instantiated,0,,,,,0,0,supplier,nation,1,0,never_instantiated,0,,,,,0,0,,nation,1,0,never_instantiated,0,,,,,0,0,partsupp,supplier,8087,0,never_instantiated,0,,,,,0,0,,,,,,,,,,,,,,,,,,,,,,,,,,,,,,,,,,,,,,,,,,,,,,,,,,,,,,,,,,,,
Q12,2,18,1,0.82,orders,lineitem,621378,0,never_instantiated,0,,,,,0,0,,,,,,,,,,,,,,,,,,,,,,,,,,,,,,,,,,,,,,,,,,,,,,,,,,,,,,,,,,,,,,,,,,,,,,,,,,,,,,,,,,,,,,,,,,,,,,,,
Q13,2,18,1,1.85,orders,customer,3000000,0,never_instantiated,0,,,,,0,0,,,,,,,,,,,,,,,,,,,,,,,,,,,,,,,,,,,,,,,,,,,,,,,,,,,,,,,,,,,,,,,,,,,,,,,,,,,,,,,,,,,,,,,,,,,,,,,,
Q14,2,18,1,1.03,lineitem,part,4000000,0,never_instantiated,0,,,,,0,0,,,,,,,,,,,,,,,,,,,,,,,,,,,,,,,,,,,,,,,,,,,,,,,,,,,,,,,,,,,,,,,,,,,,,,,,,,,,,,,,,,,,,,,,,,,,,,,,
Q15,2,18,1,0.62,,,1,0,never_instantiated,0,,,,,0,0,supplier,,200000,0,never_instantiated,0,,,,,0,0,,,,,,,,,,,,,,,,,,,,,,,,,,,,,,,,,,,,,,,,,,,,,,,,,,,,,,,,,,,,,,,,,,,,,,,,,,,,,,,,,,,,
Q16,2,18,1,0.62,,supplier,106,0,never_instantiated,0,,,,,0,0,partsupp,,593456,0,never_instantiated,0,,,,,0,0,part,,8,0,never_instantiated,0,,,,,0,0,,,,,,,,,,,,,,,,,,,,,,,,,,,,,,,,,,,,,,,,,,,,,,,,,,,,,,,,,,,,,,,,,,,,,,,,
Q17,2,18,1,1.33,lineitem,part,4066,0,never_instantiated,0,,,,,0,0,,,122217,0,never_instantiated,0,,,,,0,0,lineitem,,4066,0,never_instantiated,0,,,,,0,0,,,,,,,,,,,,,,,,,,,,,,,,,,,,,,,,,,,,,,,,,,,,,,,,,,,,,,,,,,,,,,,,,,,,,,,,
Q18,2,18,1,4.31,,lineitem,1281,0,never_instantiated,0,,,,,0,0,,customer,2999999,0,never_instantiated,0,,,,,0,0,lineitem,orders,30000000,0,never_instantiated,0,,,,,0,0,,,,,,,,,,,,,,,,,,,,,,,,,,,,,,,,,,,,,,,,,,,,,,,,,,,,,,,,,,,,,,,,,,,,,,,,
Q19,2,18,1,1.34,lineitem,part,4000000,0,never_instantiated,0,,,,,0,0,,,,,,,,,,,,,,,,,,,,,,,,,,,,,,,,,,,,,,,,,,,,,,,,,,,,,,,,,,,,,,,,,,,,,,,,,,,,,,,,,,,,,,,,,,,,,,,,
Q20,2,18,1,0.82,,,8063,0,never_instantiated,0,,,,,0,0,partsupp,part,43464,0,never_instantiated,0,,,,,0,0,,,7317,0,never_instantiated,0,,,,,0,0,lineitem,,7317,0,never_instantiated,0,,,,,0,0,supplier,nation,1,0,never_instantiated,0,,,,,0,0,,,,,,,,,,,,,,,,,,,,,,,,,,,,,,,,,,,,,,,,,,,,,,,,
Q21,2,18,1,2.56,,nation,1,0,never_instantiated,0,,,,,0,0,,supplier,7984,0,never_instantiated,0,,,,,0,0,lineitem,orders,14617146,0,never_instantiated,0,,,,,0,0,,,1464370,0,never_instantiated,0,,,,,0,0,lineitem,,1464364,0,never_instantiated,0,,,,,0,0,,,1411363,0,never_instantiated,0,,,,,0,0,lineitem,,1411357,0,never_instantiated,0,,,,,0,0,,,,,,,,,,,,,,,,,,,,,,,,
Q22,2,18,1,0.52,,,381883,0,never_instantiated,0,,,,,0,0,orders,,381883,0,never_instantiated,0,,,,,0,0,,,,,,,,,,,,,,,,,,,,,,,,,,,,,,,,,,,,,,,,,,,,,,,,,,,,,,,,,,,,,,,,,,,,,,,,,,,,,,,,,,,,
Q01,2,19,1,1.03,,,,,,,,,,,,,,,,,,,,,,,,,,,,,,,,,,,,,,,,,,,,,,,,,,,,,,,,,,,,,,,,,,,,,,,,,,,,,,,,,,,,,,,,,,,,,,,,,,,,,,,,,,,,
Q02,2,19,1,0.31,,region,1,0,never_instantiated,0,,,,,0,0,,part,15890,0,never_instantiated,0,,,,,0,0,,nation,5,0,never_instantiated,0,,,,,0,0,partsupp,supplier,39913,0,never_instantiated,0,,,,,0,0,,,12744,0,never_instantiated,0,,,,,0,0,,,9428,0,never_instantiated,0,,,,,0,0,,region,1,0,never_instantiated,0,,,,,0,0,,nation,5,0,never_instantiated,0,,,,,0,0,partsupp,supplier,39913,0,never_instantiated,0,,,,,0,0
Q03,2,19,1,0.82,,customer,600888,0,never_instantiated,0,,,,,0,0,lineitem,orders,2926877,0,never_instantiated,0,,,,,0,0,,,,,,,,,,,,,,,,,,,,,,,,,,,,,,,,,,,,,,,,,,,,,,,,,,,,,,,,,,,,,,,,,,,,,,,,,,,,,,,,,,,,
Q04,2,19,1,1.03,,,1146356,0,never_instantiated,0,,,,,0,0,lineitem,,1146356,0,never_instantiated,0,,,,,0,0,,,,,,,,,,,,,,,,,,,,,,,,,,,,,,,,,,,,,,,,,,,,,,,,,,,,,,,,,,,,,,,,,,,,,,,,,,,,,,,,,,,,
Q05,2,19,1,9999999,,,,,,,,,,,,,,,,,,,,,,,,,,,,,,,,,,,,,,,,,,,,,,,,,,,,,,,,,,,,,,,,,,,,,,,,,,,,,,,,,,,,,,,,,,,,,,,,,,,,,,,,,,,,
Q06,2,19,1,0.41,,,,,,,,,,,,,,,,,,,,,,,,,,,,,,,,,,,,,,,,,,,,,,,,,,,,,,,,,,,,,,,,,,,,,,,,,,,,,,,,,,,,,,,,,,,,,,,,,,,,,,,,,,,,
Q07,2,19,1,0.82,,nation,2,0,never_instantiated,0,,,,,0,0,,customer,240492,0,never_instantiated,0,,,,,0,0,orders,,239361,0,never_instantiated,0,,,,,0,0,,nation,2,0,never_instantiated,0,,,,,0,0,lineitem,supplier,15988,0,never_instantiated,0,,,,,0,0,,,,,,,,,,,,,,,,,,,,,,,,,,,,,,,,,,,,,,,,,,,,,,,,
Q08,2,19,1,0.93,,region,1,0,never_instantiated,0,,,,,0,0,,nation,5,0,never_instantiated,0,,,,,0,0,,nation,25,0,never_instantiated,0,,,,,0,0,,supplier,200000,0,never_instantiated,0,,,,,0,0,customer,,48849,0,never_instantiated,0,,,,,0,0,orders,,49794,0,never_instantiated,0,,,,,0,0,lineitem,part,26819,0,never_instantiated,0,,,,,0,0,,,,,,,,,,,,,,,,,,,,,,,,
Q09,2,19,1,2.05,,nation,25,0,never_instantiated,0,,,,,0,0,,partsupp,16000000,0,never_instantiated,0,,,,,0,0,,orders,30000000,0,never_instantiated,0,,,,,0,0,,part,217392,0,never_instantiated,0,,,,,0,0,lineitem,supplier,200000,0,never_instantiated,0,,,,,0,0,,,,,,,,,,,,,,,,,,,,,,,,,,,,,,,,,,,,,,,,,,,,,,,,
Q10,2,19,1,1.03,,nation,25,0,never_instantiated,0,,,,,0,0,customer,,2290399,0,never_instantiated,0,,,,,0,0,lineitem,orders,1145890,0,never_instantiated,0,,,,,0,0,,,,,,,,,,,,,,,,,,,,,,,,,,,,,,,,,,,,,,,,,,,,,,,,,,,,,,,,,,,,,,,,,,,,,,,,
Q11,2,19,1,0.31,,nation,1,0,never_instantiated,0,,,,,0,0,partsupp,supplier,8087,0,never_instantiated,0,,,,,0,0,partsupp,,8087,0,never_instantiated,0,,,,,0,0,supplier,nation,1,0,never_instantiated,0,,,,,0,0,,,,,,,,,,,,,,,,,,,,,,,,,,,,,,,,,,,,,,,,,,,,,,,,,,,,,,,,,,,,
Q12,2,19,1,0.82,orders,lineitem,621378,0,never_instantiated,0,,,,,0,0,,,,,,,,,,,,,,,,,,,,,,,,,,,,,,,,,,,,,,,,,,,,,,,,,,,,,,,,,,,,,,,,,,,,,,,,,,,,,,,,,,,,,,,,,,,,,,,,
Q13,2,19,1,1.75,orders,customer,3000000,0,never_instantiated,0,,,,,0,0,,,,,,,,,,,,,,,,,,,,,,,,,,,,,,,,,,,,,,,,,,,,,,,,,,,,,,,,,,,,,,,,,,,,,,,,,,,,,,,,,,,,,,,,,,,,,,,,
Q14,2,19,1,1.03,lineitem,part,4000000,0,never_instantiated,0,,,,,0,0,,,,,,,,,,,,,,,,,,,,,,,,,,,,,,,,,,,,,,,,,,,,,,,,,,,,,,,,,,,,,,,,,,,,,,,,,,,,,,,,,,,,,,,,,,,,,,,,
Q15,2,19,1,0.62,,,1,0,never_instantiated,0,,,,,0,0,supplier,,200000,0,never_instantiated,0,,,,,0,0,,,,,,,,,,,,,,,,,,,,,,,,,,,,,,,,,,,,,,,,,,,,,,,,,,,,,,,,,,,,,,,,,,,,,,,,,,,,,,,,,,,,
Q16,2,19,1,0.62,,supplier,106,0,never_instantiated,0,,,,,0,0,partsupp,,593456,0,never_instantiated,0,,,,,0,0,part,,8,0,never_instantiated,0,,,,,0,0,,,,,,,,,,,,,,,,,,,,,,,,,,,,,,,,,,,,,,,,,,,,,,,,,,,,,,,,,,,,,,,,,,,,,,,,
Q17,2,19,1,1.44,lineitem,part,4066,0,never_instantiated,0,,,,,0,0,,,122217,0,never_instantiated,0,,,,,0,0,lineitem,,4066,0,never_instantiated,0,,,,,0,0,,,,,,,,,,,,,,,,,,,,,,,,,,,,,,,,,,,,,,,,,,,,,,,,,,,,,,,,,,,,,,,,,,,,,,,,
Q18,2,19,1,4.31,,lineitem,1281,0,never_instantiated,0,,,,,0,0,,customer,2999999,0,never_instantiated,0,,,,,0,0,lineitem,orders,30000000,0,never_instantiated,0,,,,,0,0,,,,,,,,,,,,,,,,,,,,,,,,,,,,,,,,,,,,,,,,,,,,,,,,,,,,,,,,,,,,,,,,,,,,,,,,
Q19,2,19,1,1.34,lineitem,part,4000000,0,never_instantiated,0,,,,,0,0,,,,,,,,,,,,,,,,,,,,,,,,,,,,,,,,,,,,,,,,,,,,,,,,,,,,,,,,,,,,,,,,,,,,,,,,,,,,,,,,,,,,,,,,,,,,,,,,
Q20,2,19,1,0.82,,,8063,0,never_instantiated,0,,,,,0,0,partsupp,part,43464,0,never_instantiated,0,,,,,0,0,,,7317,0,never_instantiated,0,,,,,0,0,lineitem,,7317,0,never_instantiated,0,,,,,0,0,supplier,nation,1,0,never_instantiated,0,,,,,0,0,,,,,,,,,,,,,,,,,,,,,,,,,,,,,,,,,,,,,,,,,,,,,,,,
Q21,2,19,1,2.67,orders,,3033530,0,never_instantiated,0,,,,,0,0,,nation,1,0,never_instantiated,0,,,,,0,0,lineitem,supplier,7984,0,never_instantiated,0,,,,,0,0,,,1464370,0,never_instantiated,0,,,,,0,0,lineitem,,1464364,0,never_instantiated,0,,,,,0,0,,,1411363,0,never_instantiated,0,,,,,0,0,lineitem,,1411357,0,never_instantiated,0,,,,,0,0,,,,,,,,,,,,,,,,,,,,,,,,
Q22,2,19,1,0.52,,,381883,0,never_instantiated,0,,,,,0,0,orders,,381883,0,never_instantiated,0,,,,,0,0,,,,,,,,,,,,,,,,,,,,,,,,,,,,,,,,,,,,,,,,,,,,,,,,,,,,,,,,,,,,,,,,,,,,,,,,,,,,,,,,,,,,
Q01,3,0,1,1.03,,,,,,,,,,,,,,,,,,,,,,,,,,,,,,,,,,,,,,,,,,,,,,,,,,,,,,,,,,,,,,,,,,,,,,,,,,,,,,,,,,,,,,,,,,,,,,,,,,,,,,,,,,,,
Q02,3,0,1,0.31,,region,1,0,never_instantiated,0,,,,,0,0,,nation,5,0,never_instantiated,0,,,,,0,0,supplier,,12763,0,never_instantiated,0,,,,,0,0,partsupp,part,15890,0,never_instantiated,0,,,,,0,0,,,12744,0,never_instantiated,0,,,,,0,0,,,9428,0,never_instantiated,0,,,,,0,0,,region,1,0,never_instantiated,0,,,,,0,0,partsupp,,39913,0,never_instantiated,0,,,,,0,0,supplier,nation,5,0,never_instantiated,0,,,,,0,0
Q03,3,0,1,0.82,,customer,600888,1,active,602100,,,,,72465,35997,lineitem,orders,2926877,1,active,632897,,,,,110110,36483,,,,,,,,,,,,,,,,,,,,,,,,,,,,,,,,,,,,,,,,,,,,,,,,,,,,,,,,,,,,,,,,,,,,,,,,,,,,,,,,,,,,
Q04,3,0,1,1.23,,,1146356,1,frozen,2898434,2831684,THC-Full,,,458755,37094,lineitem,,1146356,1,active,75869244,,,,,524055,1435,,,,,,,,,,,,,,,,,,,,,,,,,,,,,,,,,,,,,,,,,,,,,,,,,,,,,,,,,,,,,,,,,,,,,,,,,,,,,,,,,,,,
Q05,3,0,1,1.75,,supplier,200000,0,never_instantiated,0,,,,,0,0,,region,1,0,never_instantiated,0,,,,,0,0,,nation,5,0,never_instantiated,0,,,,,0,0,,customer,600016,1,active,3644414,,,,,261954,24208,lineitem,orders,910865,1,active,3785082,,,,,434917,24399,,,,,,,,,,,,,,,,,,,,,,,,,,,,,,,,,,,,,,,,,,,,,,,,
Q06,3,0,1,0.41,,,,,,,,,,,,,,,,,,,,,,,,,,,,,,,,,,,,,,,,,,,,,,,,,,,,,,,,,,,,,,,,,,,,,,,,,,,,,,,,,,,,,,,,,,,,,,,,,,,,,,,,,,,,
Q07,3,0,1,0.82,,nation,2,0,never_instantiated,0,,,,,0,0,,supplier,15988,0,never_instantiated,0,,,,,0,0,,nation,2,0,never_instantiated,0,,,,,0,0,,customer,240492,0,never_instantiated,0,,,,,0,0,lineitem,orders,2451059,1,active,245171,,,,,85637,85637,,,,,,,,,,,,,,,,,,,,,,,,,,,,,,,,,,,,,,,,,,,,,,,,
Q08,3,0,1,0.93,,nation,25,0,never_instantiated,0,,,,,0,0,supplier,,48804,0,never_instantiated,0,,,,,0,0,,region,1,0,never_instantiated,0,,,,,0,0,,part,26819,0,never_instantiated,0,,,,,0,0,,nation,5,0,never_instantiated,0,,,,,0,0,,customer,599689,1,active,55741,,,,,0,0,lineitem,orders,1822210,1,active,56835,,,,,0,0,,,,,,,,,,,,,,,,,,,,,,,,
Q09,3,0,1,3.79,,nation,25,0,never_instantiated,0,,,,,0,0,,supplier,200000,0,never_instantiated,0,,,,,0,0,,partsupp,16000000,1,frozen,6521328,1602326,THC-Full,,,458754,94470,,part,217392,0,never_instantiated,0,,,,,0,0,lineitem,orders,30000000,1,frozen,6631715,2402652,THC-Full,,,917506,89740,,,,,,,,,,,,,,,,,,,,,,,,,,,,,,,,,,,,,,,,,,,,,,,,
Q10,3,0,1,1.13,,nation,25,0,never_instantiated,0,,,,,0,0,customer,,2290399,0,never_instantiated,0,,,,,0,0,lineitem,orders,1145890,1,active,2295418,,,,,478859,43083,,,,,,,,,,,,,,,,,,,,,,,,,,,,,,,,,,,,,,,,,,,,,,,,,,,,,,,,,,,,,,,,,,,,,,,,
Q11,3,0,1,0.21,partsupp,,8087,0,never_instantiated,0,,,,,0,0,supplier,nation,1,0,never_instantiated,0,,,,,0,0,partsupp,,8087,0,never_instantiated,0,,,,,0,0,supplier,nation,1,0,never_instantiated,0,,,,,0,0,,,,,,,,,,,,,,,,,,,,,,,,,,,,,,,,,,,,,,,,,,,,,,,,,,,,,,,,,,,,
Q12,3,0,1,0.82,orders,lineitem,621378,1,active,30000000,,,,,291098,2151,,,,,,,,,,,,,,,,,,,,,,,,,,,,,,,,,,,,,,,,,,,,,,,,,,,,,,,,,,,,,,,,,,,,,,,,,,,,,,,,,,,,,,,,,,,,,,,,
Q13,3,0,1,1.95,orders,customer,3000000,1,active,29689534,,,,,1818048,106267,,,,,,,,,,,,,,,,,,,,,,,,,,,,,,,,,,,,,,,,,,,,,,,,,,,,,,,,,,,,,,,,,,,,,,,,,,,,,,,,,,,,,,,,,,,,,,,,
Q14,3,0,1,1.03,lineitem,part,4000000,1,frozen,1496983,1200476,THC-Full,,,458757,98824,,,,,,,,,,,,,,,,,,,,,,,,,,,,,,,,,,,,,,,,,,,,,,,,,,,,,,,,,,,,,,,,,,,,,,,,,,,,,,,,,,,,,,,,,,,,,,,,
Q15,3,0,1,0.62,,,1,0,never_instantiated,0,,,,,0,0,supplier,,200000,0,never_instantiated,0,,,,,0,0,,,,,,,,,,,,,,,,,,,,,,,,,,,,,,,,,,,,,,,,,,,,,,,,,,,,,,,,,,,,,,,,,,,,,,,,,,,,,,,,,,,,
Q16,3,0,1,0.62,,supplier,106,0,never_instantiated,0,,,,,0,0,partsupp,,593456,0,never_instantiated,0,,,,,0,0,part,,8,0,never_instantiated,0,,,,,0,0,,,,,,,,,,,,,,,,,,,,,,,,,,,,,,,,,,,,,,,,,,,,,,,,,,,,,,,,,,,,,,,,,,,,,,,,
Q17,3,0,1,1.34,lineitem,part,4066,0,never_instantiated,0,,,,,0,0,,,122217,0,never_instantiated,0,,,,,0,0,lineitem,,4066,0,never_instantiated,0,,,,,0,0,,,,,,,,,,,,,,,,,,,,,,,,,,,,,,,,,,,,,,,,,,,,,,,,,,,,,,,,,,,,,,,,,,,,,,,,
Q18,3,0,1,5.54,,lineitem,1281,0,never_instantiated,0,,,,,0,0,,customer,2999999,1,frozen,119994608,4820992,THC-Full,,,458754,26856,lineitem,orders,30000000,1,frozen,119994608,8214528,THC-Full,,,917505,27066,,,,,,,,,,,,,,,,,,,,,,,,,,,,,,,,,,,,,,,,,,,,,,,,,,,,,,,,,,,,,,,,,,,,,,,,
Q19,3,0,1,1.44,lineitem,part,4000000,1,frozen,4285986,1201652,THC-Full,,,458758,98822,,,,,,,,,,,,,,,,,,,,,,,,,,,,,,,,,,,,,,,,,,,,,,,,,,,,,,,,,,,,,,,,,,,,,,,,,,,,,,,,,,,,,,,,,,,,,,,,
Q20,3,0,1,0.82,,,8063,0,never_instantiated,0,,,,,0,0,partsupp,part,43464,0,never_instantiated,0,,,,,0,0,,,7317,0,never_instantiated,0,,,,,0,0,lineitem,,7317,0,never_instantiated,0,,,,,0,0,supplier,nation,1,0,never_instantiated,0,,,,,0,0,,,,,,,,,,,,,,,,,,,,,,,,,,,,,,,,,,,,,,,,,,,,,,,,
Q21,3,0,1,3.69,,nation,1,0,never_instantiated,0,,,,,0,0,,supplier,7984,0,never_instantiated,0,,,,,0,0,lineitem,orders,14617146,1,active,3182020,,,,,703241,46589,,,1464370,1,frozen,5844460,4205501,THC-Full,,,458752,24065,lineitem,,1464364,1,active,119994504,,,,,694234,1152,,,1411363,1,frozen,3690027,2828110,THC-Full,,,458752,36668,lineitem,,1411357,1,active,75869428,,,,,661478,1780,,,,,,,,,,,,,,,,,,,,,,,,
Q22,3,0,1,0.62,,,381883,1,active,3811298,,,,,252734,81522,orders,,381883,1,active,29999949,,,,,253330,13025,,,,,,,,,,,,,,,,,,,,,,,,,,,,,,,,,,,,,,,,,,,,,,,,,,,,,,,,,,,,,,,,,,,,,,,,,,,,,,,,,,,,
Q01,3,1,1,1.03,,,,,,,,,,,,,,,,,,,,,,,,,,,,,,,,,,,,,,,,,,,,,,,,,,,,,,,,,,,,,,,,,,,,,,,,,,,,,,,,,,,,,,,,,,,,,,,,,,,,,,,,,,,,
Q02,3,1,1,0.31,,region,1,0,never_instantiated,0,,,,,0,0,,part,15890,0,never_instantiated,0,,,,,0,0,,nation,5,0,never_instantiated,0,,,,,0,0,partsupp,supplier,39913,0,never_instantiated,0,,,,,0,0,,,12744,0,never_instantiated,0,,,,,0,0,,,9428,0,never_instantiated,0,,,,,0,0,,region,1,0,never_instantiated,0,,,,,0,0,,nation,5,0,never_instantiated,0,,,,,0,0,partsupp,supplier,39913,0,never_instantiated,0,,,,,0,0
Q03,3,1,1,0.82,,customer,600888,1,active,602100,,,,,75935,36089,lineitem,orders,2926877,1,active,632897,,,,,109229,36427,,,,,,,,,,,,,,,,,,,,,,,,,,,,,,,,,,,,,,,,,,,,,,,,,,,,,,,,,,,,,,,,,,,,,,,,,,,,,,,,,,,,
Q04,3,1,1,1.34,,,1146356,1,frozen,2898434,2836217,THC-Full,,,458753,37066,lineitem,,1146356,1,active,75869244,,,,,524461,1418,,,,,,,,,,,,,,,,,,,,,,,,,,,,,,,,,,,,,,,,,,,,,,,,,,,,,,,,,,,,,,,,,,,,,,,,,,,,,,,,,,,,
Q05,3,1,1,9999999,,,,,,,,,,,,,,,,,,,,,,,,,,,,,,,,,,,,,,,,,,,,,,,,,,,,,,,,,,,,,,,,,,,,,,,,,,,,,,,,,,,,,,,,,,,,,,,,,,,,,,,,,,,,
Q06,3,1,1,0.41,,,,,,,,,,,,,,,,,,,,,,,,,,,,,,,,,,,,,,,,,,,,,,,,,,,,,,,,,,,,,,,,,,,,,,,,,,,,,,,,,,,,,,,,,,,,,,,,,,,,,,,,,,,,
Q07,3,1,1,0.82,,nation,2,0,never_instantiated,0,,,,,0,0,,customer,240492,0,never_instantiated,0,,,,,0,0,orders,,239361,0,never_instantiated,0,,,,,0,0,,nation,2,0,never_instantiated,0,,,,,0,0,lineitem,supplier,15988,0,never_instantiated,0,,,,,0,0,,,,,,,,,,,,,,,,,,,,,,,,,,,,,,,,,,,,,,,,,,,,,,,,
Q08,3,1,1,1.03,,region,1,0,never_instantiated,0,,,,,0,0,,nation,5,0,never_instantiated,0,,,,,0,0,,nation,25,0,never_instantiated,0,,,,,0,0,,supplier,200000,0,never_instantiated,0,,,,,0,0,customer,,48849,0,never_instantiated,0,,,,,0,0,orders,,49794,0,never_instantiated,0,,,,,0,0,lineitem,part,26819,0,never_instantiated,0,,,,,0,0,,,,,,,,,,,,,,,,,,,,,,,,
Q09,3,1,1,2.26,,nation,25,0,never_instantiated,0,,,,,0,0,,supplier,200000,0,never_instantiated,0,,,,,0,0,,orders,30000000,1,frozen,6521328,2263139,THC-Full,,,917505,91185,,partsupp,16000000,1,frozen,6521328,1648304,THC-Full,,,458754,95841,lineitem,part,217392,0,never_instantiated,0,,,,,0,0,,,,,,,,,,,,,,,,,,,,,,,,,,,,,,,,,,,,,,,,,,,,,,,,
Q10,3,1,1,1.13,,nation,25,0,never_instantiated,0,,,,,0,0,customer,,2290399,0,never_instantiated,0,,,,,0,0,lineitem,orders,1145890,1,active,2295418,,,,,475783,43067,,,,,,,,,,,,,,,,,,,,,,,,,,,,,,,,,,,,,,,,,,,,,,,,,,,,,,,,,,,,,,,,,,,,,,,,
Q11,3,1,1,0.31,,nation,1,0,never_instantiated,0,,,,,0,0,partsupp,supplier,8087,0,never_instantiated,0,,,,,0,0,partsupp,,8087,0,never_instantiated,0,,,,,0,0,supplier,nation,1,0,never_instantiated,0,,,,,0,0,,,,,,,,,,,,,,,,,,,,,,,,,,,,,,,,,,,,,,,,,,,,,,,,,,,,,,,,,,,,
Q12,3,1,1,0.82,orders,lineitem,621378,1,active,30000000,,,,,289990,2068,,,,,,,,,,,,,,,,,,,,,,,,,,,,,,,,,,,,,,,,,,,,,,,,,,,,,,,,,,,,,,,,,,,,,,,,,,,,,,,,,,,,,,,,,,,,,,,,
Q13,3,1,1,1.85,orders,customer,3000000,1,active,29689534,,,,,1818083,102385,,,,,,,,,,,,,,,,,,,,,,,,,,,,,,,,,,,,,,,,,,,,,,,,,,,,,,,,,,,,,,,,,,,,,,,,,,,,,,,,,,,,,,,,,,,,,,,,
Q14,3,1,1,1.13,lineitem,part,4000000,1,frozen,1496983,1200469,THC-Full,,,458755,98793,,,,,,,,,,,,,,,,,,,,,,,,,,,,,,,,,,,,,,,,,,,,,,,,,,,,,,,,,,,,,,,,,,,,,,,,,,,,,,,,,,,,,,,,,,,,,,,,
Q15,3,1,1,0.62,,,1,0,never_instantiated,0,,,,,0,0,supplier,,200000,0,never_instantiated,0,,,,,0,0,,,,,,,,,,,,,,,,,,,,,,,,,,,,,,,,,,,,,,,,,,,,,,,,,,,,,,,,,,,,,,,,,,,,,,,,,,,,,,,,,,,,
Q16,3,1,1,0.62,,supplier,106,0,never_instantiated,0,,,,,0,0,partsupp,,593456,0,never_instantiated,0,,,,,0,0,part,,8,0,never_instantiated,0,,,,,0,0,,,,,,,,,,,,,,,,,,,,,,,,,,,,,,,,,,,,,,,,,,,,,,,,,,,,,,,,,,,,,,,,,,,,,,,,
Q17,3,1,1,1.44,lineitem,part,4066,0,never_instantiated,0,,,,,0,0,,,122217,0,never_instantiated,0,,,,,0,0,lineitem,,4066,0,never_instantiated,0,,,,,0,0,,,,,,,,,,,,,,,,,,,,,,,,,,,,,,,,,,,,,,,,,,,,,,,,,,,,,,,,,,,,,,,,,,,,,,,,
Q18,3,1,1,5.44,,lineitem,1281,0,never_instantiated,0,,,,,0,0,,customer,2999999,1,frozen,119994608,4800512,THC-Full,,,458753,26874,lineitem,orders,30000000,1,frozen,119994608,8163328,THC-Full,,,917506,27079,,,,,,,,,,,,,,,,,,,,,,,,,,,,,,,,,,,,,,,,,,,,,,,,,,,,,,,,,,,,,,,,,,,,,,,,
Q19,3,1,1,1.44,lineitem,part,4000000,1,frozen,4285986,1207371,THC-Full,,,458756,98783,,,,,,,,,,,,,,,,,,,,,,,,,,,,,,,,,,,,,,,,,,,,,,,,,,,,,,,,,,,,,,,,,,,,,,,,,,,,,,,,,,,,,,,,,,,,,,,,
Q20,3,1,1,0.82,,,8063,0,never_instantiated,0,,,,,0,0,partsupp,part,43464,0,never_instantiated,0,,,,,0,0,,,7317,0,never_instantiated,0,,,,,0,0,lineitem,,7317,0,never_instantiated,0,,,,,0,0,supplier,nation,1,0,never_instantiated,0,,,,,0,0,,,,,,,,,,,,,,,,,,,,,,,,,,,,,,,,,,,,,,,,,,,,,,,,
Q21,3,1,1,3.69,orders,,3033530,0,never_instantiated,0,,,,,0,0,,nation,1,0,never_instantiated,0,,,,,0,0,lineitem,supplier,7984,0,never_instantiated,0,,,,,0,0,,,1464370,1,frozen,5844460,4207256,THC-Full,,,458754,24082,lineitem,,1464364,1,active,119994504,,,,,693352,1103,,,1411363,1,frozen,3690027,2817250,THC-Full,,,458753,36152,lineitem,,1411357,1,active,75869428,,,,,660647,1815,,,,,,,,,,,,,,,,,,,,,,,,
Q22,3,1,1,0.62,,,381883,1,active,3811298,,,,,252736,81437,orders,,381883,1,active,29999949,,,,,253348,12761,,,,,,,,,,,,,,,,,,,,,,,,,,,,,,,,,,,,,,,,,,,,,,,,,,,,,,,,,,,,,,,,,,,,,,,,,,,,,,,,,,,,
Q01,3,2,1,1.03,,,,,,,,,,,,,,,,,,,,,,,,,,,,,,,,,,,,,,,,,,,,,,,,,,,,,,,,,,,,,,,,,,,,,,,,,,,,,,,,,,,,,,,,,,,,,,,,,,,,,,,,,,,,
Q02,3,2,1,0.31,,region,1,0,never_instantiated,0,,,,,0,0,,nation,5,0,never_instantiated,0,,,,,0,0,supplier,,12763,0,never_instantiated,0,,,,,0,0,partsupp,part,15890,0,never_instantiated,0,,,,,0,0,,,12744,0,never_instantiated,0,,,,,0,0,,,9428,0,never_instantiated,0,,,,,0,0,,region,1,0,never_instantiated,0,,,,,0,0,,nation,5,0,never_instantiated,0,,,,,0,0,partsupp,supplier,39913,0,never_instantiated,0,,,,,0,0
Q03,3,2,1,0.82,,customer,600888,1,active,602100,,,,,69091,36756,lineitem,orders,2926877,1,active,632897,,,,,109380,36512,,,,,,,,,,,,,,,,,,,,,,,,,,,,,,,,,,,,,,,,,,,,,,,,,,,,,,,,,,,,,,,,,,,,,,,,,,,,,,,,,,,,
Q04,3,2,1,1.34,,,1146356,1,frozen,2898434,2836291,THC-Full,,,458753,36357,lineitem,,1146356,1,active,75869244,,,,,523961,1464,,,,,,,,,,,,,,,,,,,,,,,,,,,,,,,,,,,,,,,,,,,,,,,,,,,,,,,,,,,,,,,,,,,,,,,,,,,,,,,,,,,,
Q05,3,2,1,1.64,,region,1,0,never_instantiated,0,,,,,0,0,,supplier,200000,0,never_instantiated,0,,,,,0,0,,nation,5,0,never_instantiated,0,,,,,0,0,,customer,600016,1,active,3644414,,,,,261950,24225,lineitem,orders,910865,1,active,3785082,,,,,437061,24513,,,,,,,,,,,,,,,,,,,,,,,,,,,,,,,,,,,,,,,,,,,,,,,,
Q06,3,2,1,0.41,,,,,,,,,,,,,,,,,,,,,,,,,,,,,,,,,,,,,,,,,,,,,,,,,,,,,,,,,,,,,,,,,,,,,,,,,,,,,,,,,,,,,,,,,,,,,,,,,,,,,,,,,,,,
Q07,3,2,1,0.93,,nation,2,0,never_instantiated,0,,,,,0,0,,supplier,15988,0,never_instantiated,0,,,,,0,0,,nation,2,0,never_instantiated,0,,,,,0,0,,customer,240492,0,never_instantiated,0,,,,,0,0,lineitem,orders,2451059,1,active,245171,,,,,86447,86447,,,,,,,,,,,,,,,,,,,,,,,,,,,,,,,,,,,,,,,,,,,,,,,,
Q08,3,2,1,0.93,,region,1,0,never_instantiated,0,,,,,0,0,,nation,5,0,never_instantiated,0,,,,,0,0,customer,,48849,0,never_instantiated,0,,,,,0,0,,part,26819,0,never_instantiated,0,,,,,0,0,,orders,1822210,1,active,56835,,,,,0,0,,nation,25,0,never_instantiated,0,,,,,0,0,lineitem,supplier,200000,0,never_instantiated,0,,,,,0,0,,,,,,,,,,,,,,,,,,,,,,,,
Q09,3,2,1,2.05,,nation,25,0,never_instantiated,0,,,,,0,0,,supplier,200000,0,never_instantiated,0,,,,,0,0,,part,217392,0,never_instantiated,0,,,,,0,0,,orders,30000000,1,frozen,6631715,2483869,THC-Full,,,917504,92419,lineitem,partsupp,884320,1,frozen,6631715,1661312,THC-Full,,,458755,97312,,,,,,,,,,,,,,,,,,,,,,,,,,,,,,,,,,,,,,,,,,,,,,,,
Q10,3,2,1,1.13,,nation,25,0,never_instantiated,0,,,,,0,0,customer,,2290399,0,never_instantiated,0,,,,,0,0,lineitem,orders,1145890,1,active,2295418,,,,,481106,43958,,,,,,,,,,,,,,,,,,,,,,,,,,,,,,,,,,,,,,,,,,,,,,,,,,,,,,,,,,,,,,,,,,,,,,,,
Q11,3,2,1,0.21,partsupp,,8087,0,never_instantiated,0,,,,,0,0,supplier,nation,1,0,never_instantiated,0,,,,,0,0,partsupp,,8087,0,never_instantiated,0,,,,,0,0,supplier,nation,1,0,never_instantiated,0,,,,,0,0,,,,,,,,,,,,,,,,,,,,,,,,,,,,,,,,,,,,,,,,,,,,,,,,,,,,,,,,,,,,
Q12,3,2,1,0.82,orders,lineitem,621378,1,active,30000000,,,,,290641,2052,,,,,,,,,,,,,,,,,,,,,,,,,,,,,,,,,,,,,,,,,,,,,,,,,,,,,,,,,,,,,,,,,,,,,,,,,,,,,,,,,,,,,,,,,,,,,,,,
Q13,3,2,1,1.95,orders,customer,3000000,1,active,29689534,,,,,1818185,102438,,,,,,,,,,,,,,,,,,,,,,,,,,,,,,,,,,,,,,,,,,,,,,,,,,,,,,,,,,,,,,,,,,,,,,,,,,,,,,,,,,,,,,,,,,,,,,,,
Q14,3,2,1,1.03,lineitem,part,4000000,1,frozen,1496983,1200394,THC-Full,,,458755,98822,,,,,,,,,,,,,,,,,,,,,,,,,,,,,,,,,,,,,,,,,,,,,,,,,,,,,,,,,,,,,,,,,,,,,,,,,,,,,,,,,,,,,,,,,,,,,,,,
Q15,3,2,1,0.62,,,1,0,never_instantiated,0,,,,,0,0,supplier,,200000,0,never_instantiated,0,,,,,0,0,,,,,,,,,,,,,,,,,,,,,,,,,,,,,,,,,,,,,,,,,,,,,,,,,,,,,,,,,,,,,,,,,,,,,,,,,,,,,,,,,,,,
Q16,3,2,1,0.62,,supplier,106,0,never_instantiated,0,,,,,0,0,partsupp,,593456,0,never_instantiated,0,,,,,0,0,part,,8,0,never_instantiated,0,,,,,0,0,,,,,,,,,,,,,,,,,,,,,,,,,,,,,,,,,,,,,,,,,,,,,,,,,,,,,,,,,,,,,,,,,,,,,,,,
Q17,3,2,1,1.44,lineitem,part,4066,0,never_instantiated,0,,,,,0,0,,,122217,0,never_instantiated,0,,,,,0,0,lineitem,,4066,0,never_instantiated,0,,,,,0,0,,,,,,,,,,,,,,,,,,,,,,,,,,,,,,,,,,,,,,,,,,,,,,,,,,,,,,,,,,,,,,,,,,,,,,,,
Q18,3,2,1,5.64,,lineitem,1281,0,never_instantiated,0,,,,,0,0,,customer,2999999,1,frozen,119994608,4831232,THC-Full,,,458753,25356,lineitem,orders,30000000,1,frozen,119994608,8349696,THC-Full,,,917507,25533,,,,,,,,,,,,,,,,,,,,,,,,,,,,,,,,,,,,,,,,,,,,,,,,,,,,,,,,,,,,,,,,,,,,,,,,
Q19,3,2,1,1.44,lineitem,part,4000000,1,frozen,4285986,1202869,THC-Full,,,458757,98747,,,,,,,,,,,,,,,,,,,,,,,,,,,,,,,,,,,,,,,,,,,,,,,,,,,,,,,,,,,,,,,,,,,,,,,,,,,,,,,,,,,,,,,,,,,,,,,,
Q20,3,2,1,0.82,,,8063,0,never_instantiated,0,,,,,0,0,partsupp,part,43464,0,never_instantiated,0,,,,,0,0,,,7317,0,never_instantiated,0,,,,,0,0,lineitem,,7317,0,never_instantiated,0,,,,,0,0,supplier,nation,1,0,never_instantiated,0,,,,,0,0,,,,,,,,,,,,,,,,,,,,,,,,,,,,,,,,,,,,,,,,,,,,,,,,
Q21,3,2,1,3.69,,nation,1,0,never_instantiated,0,,,,,0,0,,supplier,7984,0,never_instantiated,0,,,,,0,0,lineitem,orders,14617146,1,active,3182020,,,,,698070,45840,,,1464370,1,frozen,5844460,4207923,THC-Full,,,458752,24082,lineitem,,1464364,1,active,119994504,,,,,695729,1138,,,1411363,1,frozen,3690027,2825871,THC-Full,,,458754,36115,lineitem,,1411357,1,active,75869428,,,,,661422,1760,,,,,,,,,,,,,,,,,,,,,,,,
Q22,3,2,1,0.62,,,381883,1,active,3811298,,,,,252714,81586,orders,,381883,1,active,29999949,,,,,253410,12488,,,,,,,,,,,,,,,,,,,,,,,,,,,,,,,,,,,,,,,,,,,,,,,,,,,,,,,,,,,,,,,,,,,,,,,,,,,,,,,,,,,,
Q01,3,3,1,1.03,,,,,,,,,,,,,,,,,,,,,,,,,,,,,,,,,,,,,,,,,,,,,,,,,,,,,,,,,,,,,,,,,,,,,,,,,,,,,,,,,,,,,,,,,,,,,,,,,,,,,,,,,,,,
Q02,3,3,1,0.31,,region,1,0,never_instantiated,0,,,,,0,0,,nation,5,0,never_instantiated,0,,,,,0,0,,part,15890,0,never_instantiated,0,,,,,0,0,partsupp,supplier,39913,0,never_instantiated,0,,,,,0,0,,,12744,0,never_instantiated,0,,,,,0,0,,,9428,0,never_instantiated,0,,,,,0,0,,region,1,0,never_instantiated,0,,,,,0,0,partsupp,,39913,0,never_instantiated,0,,,,,0,0,supplier,nation,5,0,never_instantiated,0,,,,,0,0
Q03,3,3,1,0.82,,customer,600888,1,active,602100,,,,,68455,36039,lineitem,orders,2926877,1,active,632897,,,,,109299,36490,,,,,,,,,,,,,,,,,,,,,,,,,,,,,,,,,,,,,,,,,,,,,,,,,,,,,,,,,,,,,,,,,,,,,,,,,,,,,,,,,,,,
Q04,3,3,1,1.34,,,1146356,1,frozen,2898434,2832998,THC-Full,,,458752,37051,lineitem,,1146356,1,active,75869244,,,,,523625,1405,,,,,,,,,,,,,,,,,,,,,,,,,,,,,,,,,,,,,,,,,,,,,,,,,,,,,,,,,,,,,,,,,,,,,,,,,,,,,,,,,,,,
Q05,3,3,1,9999999,,,,,,,,,,,,,,,,,,,,,,,,,,,,,,,,,,,,,,,,,,,,,,,,,,,,,,,,,,,,,,,,,,,,,,,,,,,,,,,,,,,,,,,,,,,,,,,,,,,,,,,,,,,,
Q06,3,3,1,0.41,,,,,,,,,,,,,,,,,,,,,,,,,,,,,,,,,,,,,,,,,,,,,,,,,,,,,,,,,,,,,,,,,,,,,,,,,,,,,,,,,,,,,,,,,,,,,,,,,,,,,,,,,,,,
Q07,3,3,1,0.93,,nation,2,0,never_instantiated,0,,,,,0,0,,customer,240492,0,never_instantiated,0,,,,,0,0,,nation,2,0,never_instantiated,0,,,,,0,0,,orders,2451059,1,active,239361,,,,,86723,86723,lineitem,supplier,15988,0,never_instantiated,0,,,,,0,0,,,,,,,,,,,,,,,,,,,,,,,,,,,,,,,,,,,,,,,,,,,,,,,,
Q08,3,3,1,0.93,,region,1,0,never_instantiated,0,,,,,0,0,,nation,25,0,never_instantiated,0,,,,,0,0,,part,26819,0,never_instantiated,0,,,,,0,0,,nation,5,0,never_instantiated,0,,,,,0,0,,supplier,200000,0,never_instantiated,0,,,,,0,0,,customer,599689,1,active,55741,,,,,0,0,lineitem,orders,1822210,1,active,56835,,,,,0,0,,,,,,,,,,,,,,,,,,,,,,,,
Q09,3,3,1,2.05,,orders,30000000,1,frozen,6521328,2271159,THC-Full,,,917505,91298,,nation,25,0,never_instantiated,0,,,,,0,0,,part,217392,0,never_instantiated,0,,,,,0,0,,partsupp,884320,1,frozen,6631715,1656625,THC-Full,,,458756,97547,lineitem,supplier,200000,0,never_instantiated,0,,,,,0,0,,,,,,,,,,,,,,,,,,,,,,,,,,,,,,,,,,,,,,,,,,,,,,,,
Q10,3,3,1,1.13,,nation,25,0,never_instantiated,0,,,,,0,0,customer,,2290399,0,never_instantiated,0,,,,,0,0,lineitem,orders,1145890,1,active,2295418,,,,,479463,43059,,,,,,,,,,,,,,,,,,,,,,,,,,,,,,,,,,,,,,,,,,,,,,,,,,,,,,,,,,,,,,,,,,,,,,,,
Q11,3,3,1,0.31,,nation,1,0,never_instantiated,0,,,,,0,0,partsupp,supplier,8087,0,never_instantiated,0,,,,,0,0,partsupp,,8087,0,never_instantiated,0,,,,,0,0,supplier,nation,1,0,never_instantiated,0,,,,,0,0,,,,,,,,,,,,,,,,,,,,,,,,,,,,,,,,,,,,,,,,,,,,,,,,,,,,,,,,,,,,
Q12,3,3,1,0.82,orders,lineitem,621378,1,active,30000000,,,,,291163,2147,,,,,,,,,,,,,,,,,,,,,,,,,,,,,,,,,,,,,,,,,,,,,,,,,,,,,,,,,,,,,,,,,,,,,,,,,,,,,,,,,,,,,,,,,,,,,,,,
Q13,3,3,1,1.95,orders,customer,3000000,1,active,29689534,,,,,1818001,108066,,,,,,,,,,,,,,,,,,,,,,,,,,,,,,,,,,,,,,,,,,,,,,,,,,,,,,,,,,,,,,,,,,,,,,,,,,,,,,,,,,,,,,,,,,,,,,,,
Q14,3,3,1,1.03,lineitem,part,4000000,1,frozen,1496983,1200519,THC-Full,,,458756,98812,,,,,,,,,,,,,,,,,,,,,,,,,,,,,,,,,,,,,,,,,,,,,,,,,,,,,,,,,,,,,,,,,,,,,,,,,,,,,,,,,,,,,,,,,,,,,,,,
Q15,3,3,1,0.62,,,1,0,never_instantiated,0,,,,,0,0,supplier,,200000,0,never_instantiated,0,,,,,0,0,,,,,,,,,,,,,,,,,,,,,,,,,,,,,,,,,,,,,,,,,,,,,,,,,,,,,,,,,,,,,,,,,,,,,,,,,,,,,,,,,,,,
Q16,3,3,1,0.52,,supplier,106,0,never_instantiated,0,,,,,0,0,partsupp,,593456,0,never_instantiated,0,,,,,0,0,part,,8,0,never_instantiated,0,,,,,0,0,,,,,,,,,,,,,,,,,,,,,,,,,,,,,,,,,,,,,,,,,,,,,,,,,,,,,,,,,,,,,,,,,,,,,,,,
Q17,3,3,1,1.44,lineitem,part,4066,0,never_instantiated,0,,,,,0,0,,,122217,0,never_instantiated,0,,,,,0,0,lineitem,,4066,0,never_instantiated,0,,,,,0,0,,,,,,,,,,,,,,,,,,,,,,,,,,,,,,,,,,,,,,,,,,,,,,,,,,,,,,,,,,,,,,,,,,,,,,,,
Q18,3,3,1,5.54,,lineitem,1281,0,never_instantiated,0,,,,,0,0,,customer,2999999,1,frozen,119994608,4814848,THC-Full,,,458754,25855,lineitem,orders,30000000,1,frozen,119994608,8163328,THC-Full,,,917505,26043,,,,,,,,,,,,,,,,,,,,,,,,,,,,,,,,,,,,,,,,,,,,,,,,,,,,,,,,,,,,,,,,,,,,,,,,
Q19,3,3,1,1.44,lineitem,part,4000000,1,frozen,4285986,1201382,THC-Full,,,458758,98743,,,,,,,,,,,,,,,,,,,,,,,,,,,,,,,,,,,,,,,,,,,,,,,,,,,,,,,,,,,,,,,,,,,,,,,,,,,,,,,,,,,,,,,,,,,,,,,,
Q20,3,3,1,0.82,,,8063,0,never_instantiated,0,,,,,0,0,partsupp,part,43464,0,never_instantiated,0,,,,,0,0,,,7317,0,never_instantiated,0,,,,,0,0,lineitem,,7317,0,never_instantiated,0,,,,,0,0,supplier,nation,1,0,never_instantiated,0,,,,,0,0,,,,,,,,,,,,,,,,,,,,,,,,,,,,,,,,,,,,,,,,,,,,,,,,
Q21,3,3,1,3.69,,nation,1,0,never_instantiated,0,,,,,0,0,,orders,14617146,1,active,3033530,,,,,653458,45928,lineitem,supplier,7984,0,never_instantiated,0,,,,,0,0,,,1464370,1,frozen,5844460,4207013,THC-Full,,,458753,24072,lineitem,,1464364,1,active,119994504,,,,,695082,1192,,,1411363,1,frozen,3690027,2815335,THC-Full,,,458752,36116,lineitem,,1411357,1,active,75869428,,,,,661052,1761,,,,,,,,,,,,,,,,,,,,,,,,
Q22,3,3,1,0.62,,,381883,1,active,3811298,,,,,252742,81605,orders,,381883,1,active,29999949,,,,,253404,12535,,,,,,,,,,,,,,,,,,,,,,,,,,,,,,,,,,,,,,,,,,,,,,,,,,,,,,,,,,,,,,,,,,,,,,,,,,,,,,,,,,,,
Q01,3,4,1,1.03,,,,,,,,,,,,,,,,,,,,,,,,,,,,,,,,,,,,,,,,,,,,,,,,,,,,,,,,,,,,,,,,,,,,,,,,,,,,,,,,,,,,,,,,,,,,,,,,,,,,,,,,,,,,
Q02,3,4,1,0.31,,region,1,0,never_instantiated,0,,,,,0,0,,nation,5,0,never_instantiated,0,,,,,0,0,supplier,,12763,0,never_instantiated,0,,,,,0,0,partsupp,part,15890,0,never_instantiated,0,,,,,0,0,,,12744,0,never_instantiated,0,,,,,0,0,,,9428,0,never_instantiated,0,,,,,0,0,,region,1,0,never_instantiated,0,,,,,0,0,partsupp,,39913,0,never_instantiated,0,,,,,0,0,supplier,nation,5,0,never_instantiated,0,,,,,0,0
Q03,3,4,1,1.75,,customer,600888,1,active,2997023,,,,,93011,7623,lineitem,orders,14577240,1,active,64688156,,,,,563540,1875,,,,,,,,,,,,,,,,,,,,,,,,,,,,,,,,,,,,,,,,,,,,,,,,,,,,,,,,,,,,,,,,,,,,,,,,,,,,,,,,,,,,
Q04,3,4,1,1.34,,,1146356,1,frozen,2898434,2830838,THC-Full,,,458753,36967,lineitem,,1146356,1,active,75869244,,,,,524217,1443,,,,,,,,,,,,,,,,,,,,,,,,,,,,,,,,,,,,,,,,,,,,,,,,,,,,,,,,,,,,,,,,,,,,,,,,,,,,,,,,,,,,
Q05,3,4,1,1.64,,region,1,0,never_instantiated,0,,,,,0,0,,nation,5,0,never_instantiated,0,,,,,0,0,,supplier,200000,0,never_instantiated,0,,,,,0,0,,customer,600016,1,active,3644414,,,,,262122,24297,lineitem,orders,910865,1,active,3785082,,,,,434804,24166,,,,,,,,,,,,,,,,,,,,,,,,,,,,,,,,,,,,,,,,,,,,,,,,
Q06,3,4,1,0.41,,,,,,,,,,,,,,,,,,,,,,,,,,,,,,,,,,,,,,,,,,,,,,,,,,,,,,,,,,,,,,,,,,,,,,,,,,,,,,,,,,,,,,,,,,,,,,,,,,,,,,,,,,,,
Q07,3,4,1,0.82,,nation,2,0,never_instantiated,0,,,,,0,0,,nation,2,0,never_instantiated,0,,,,,0,0,,supplier,15988,0,never_instantiated,0,,,,,0,0,,customer,240492,0,never_instantiated,0,,,,,0,0,lineitem,orders,2451059,1,active,245171,,,,,85712,85712,,,,,,,,,,,,,,,,,,,,,,,,,,,,,,,,,,,,,,,,,,,,,,,,
Q08,3,4,1,0.93,,region,1,0,never_instantiated,0,,,,,0,0,,nation,25,0,never_instantiated,0,,,,,0,0,,nation,5,0,never_instantiated,0,,,,,0,0,customer,,48849,0,never_instantiated,0,,,,,0,0,,supplier,200000,0,never_instantiated,0,,,,,0,0,orders,,49794,0,never_instantiated,0,,,,,0,0,lineitem,part,26819,0,never_instantiated,0,,,,,0,0,,,,,,,,,,,,,,,,,,,,,,,,
Q09,3,4,1,3.80,,partsupp,16000000,1,frozen,6521328,1602378,THC-Full,,,458753,94510,,nation,25,0,never_instantiated,0,,,,,0,0,,part,217392,0,never_instantiated,0,,,,,0,0,,supplier,200000,0,never_instantiated,0,,,,,0,0,lineitem,orders,30000000,1,frozen,6631715,2403190,THC-Full,,,917508,89737,,,,,,,,,,,,,,,,,,,,,,,,,,,,,,,,,,,,,,,,,,,,,,,,
Q10,3,4,1,1.13,,nation,25,0,never_instantiated,0,,,,,0,0,customer,,2290399,0,never_instantiated,0,,,,,0,0,lineitem,orders,1145890,1,active,2295418,,,,,477627,44036,,,,,,,,,,,,,,,,,,,,,,,,,,,,,,,,,,,,,,,,,,,,,,,,,,,,,,,,,,,,,,,,,,,,,,,,
Q11,3,4,1,0.31,partsupp,,8087,0,never_instantiated,0,,,,,0,0,supplier,nation,1,0,never_instantiated,0,,,,,0,0,,nation,1,0,never_instantiated,0,,,,,0,0,partsupp,supplier,8087,0,never_instantiated,0,,,,,0,0,,,,,,,,,,,,,,,,,,,,,,,,,,,,,,,,,,,,,,,,,,,,,,,,,,,,,,,,,,,,
Q12,3,4,1,0.82,orders,lineitem,621378,1,active,30000000,,,,,292122,1979,,,,,,,,,,,,,,,,,,,,,,,,,,,,,,,,,,,,,,,,,,,,,,,,,,,,,,,,,,,,,,,,,,,,,,,,,,,,,,,,,,,,,,,,,,,,,,,,
Q13,3,4,1,1.95,orders,customer,3000000,1,active,29689534,,,,,1818161,104323,,,,,,,,,,,,,,,,,,,,,,,,,,,,,,,,,,,,,,,,,,,,,,,,,,,,,,,,,,,,,,,,,,,,,,,,,,,,,,,,,,,,,,,,,,,,,,,,
Q14,3,4,1,1.03,lineitem,part,4000000,1,frozen,1496983,1200487,THC-Full,,,458754,98808,,,,,,,,,,,,,,,,,,,,,,,,,,,,,,,,,,,,,,,,,,,,,,,,,,,,,,,,,,,,,,,,,,,,,,,,,,,,,,,,,,,,,,,,,,,,,,,,
Q15,3,4,1,0.62,,,1,0,never_instantiated,0,,,,,0,0,supplier,,200000,0,never_instantiated,0,,,,,0,0,,,,,,,,,,,,,,,,,,,,,,,,,,,,,,,,,,,,,,,,,,,,,,,,,,,,,,,,,,,,,,,,,,,,,,,,,,,,,,,,,,,,
Q16,3,4,1,0.62,,supplier,106,0,never_instantiated,0,,,,,0,0,partsupp,,593456,0,never_instantiated,0,,,,,0,0,part,,8,0,never_instantiated,0,,,,,0,0,,,,,,,,,,,,,,,,,,,,,,,,,,,,,,,,,,,,,,,,,,,,,,,,,,,,,,,,,,,,,,,,,,,,,,,,
Q17,3,4,1,1.44,lineitem,part,4066,0,never_instantiated,0,,,,,0,0,,,122217,0,never_instantiated,0,,,,,0,0,lineitem,,4066,0,never_instantiated,0,,,,,0,0,,,,,,,,,,,,,,,,,,,,,,,,,,,,,,,,,,,,,,,,,,,,,,,,,,,,,,,,,,,,,,,,,,,,,,,,
Q18,3,4,1,5.44,,lineitem,1281,0,never_instantiated,0,,,,,0,0,,customer,2999999,1,frozen,119994608,4814848,THC-Full,,,458756,25833,lineitem,orders,30000000,1,frozen,119994608,8202240,THC-Full,,,917509,26030,,,,,,,,,,,,,,,,,,,,,,,,,,,,,,,,,,,,,,,,,,,,,,,,,,,,,,,,,,,,,,,,,,,,,,,,
Q19,3,4,1,1.44,lineitem,part,4000000,1,frozen,4285986,1204355,THC-Full,,,458756,98782,,,,,,,,,,,,,,,,,,,,,,,,,,,,,,,,,,,,,,,,,,,,,,,,,,,,,,,,,,,,,,,,,,,,,,,,,,,,,,,,,,,,,,,,,,,,,,,,
Q20,3,4,1,0.82,,,8063,0,never_instantiated,0,,,,,0,0,partsupp,part,43464,0,never_instantiated,0,,,,,0,0,,,7317,0,never_instantiated,0,,,,,0,0,lineitem,,7317,0,never_instantiated,0,,,,,0,0,supplier,nation,1,0,never_instantiated,0,,,,,0,0,,,,,,,,,,,,,,,,,,,,,,,,,,,,,,,,,,,,,,,,,,,,,,,,
Q21,3,4,1,3.59,,nation,1,0,never_instantiated,0,,,,,0,0,,supplier,7984,0,never_instantiated,0,,,,,0,0,lineitem,orders,14617146,1,active,3182020,,,,,703636,46225,,,1464370,1,frozen,5844460,4207659,THC-Full,,,458754,24096,lineitem,,1464364,1,active,119994504,,,,,692546,1185,,,1411363,1,frozen,3690027,2816434,THC-Full,,,458752,36087,lineitem,,1411357,1,active,75869428,,,,,662061,1762,,,,,,,,,,,,,,,,,,,,,,,,
Q22,3,4,1,0.62,,,381883,1,active,3811298,,,,,252775,81369,orders,,381883,1,active,29999949,,,,,253368,12495,,,,,,,,,,,,,,,,,,,,,,,,,,,,,,,,,,,,,,,,,,,,,,,,,,,,,,,,,,,,,,,,,,,,,,,,,,,,,,,,,,,,
Q01,3,5,1,1.03,,,,,,,,,,,,,,,,,,,,,,,,,,,,,,,,,,,,,,,,,,,,,,,,,,,,,,,,,,,,,,,,,,,,,,,,,,,,,,,,,,,,,,,,,,,,,,,,,,,,,,,,,,,,
Q02,3,5,1,0.31,,region,1,0,never_instantiated,0,,,,,0,0,,nation,5,0,never_instantiated,0,,,,,0,0,,part,15890,0,never_instantiated,0,,,,,0,0,partsupp,supplier,39913,0,never_instantiated,0,,,,,0,0,,,12744,0,never_instantiated,0,,,,,0,0,,,9428,0,never_instantiated,0,,,,,0,0,,region,1,0,never_instantiated,0,,,,,0,0,,nation,5,0,never_instantiated,0,,,,,0,0,partsupp,supplier,39913,0,never_instantiated,0,,,,,0,0
Q03,3,5,1,1.75,,customer,600888,1,active,2997023,,,,,92968,7669,lineitem,orders,14577240,1,active,64688156,,,,,563982,1817,,,,,,,,,,,,,,,,,,,,,,,,,,,,,,,,,,,,,,,,,,,,,,,,,,,,,,,,,,,,,,,,,,,,,,,,,,,,,,,,,,,,
Q04,3,5,1,1.34,,,1146356,1,frozen,2898434,2836678,THC-Full,,,458755,36955,lineitem,,1146356,1,active,75869244,,,,,523166,1410,,,,,,,,,,,,,,,,,,,,,,,,,,,,,,,,,,,,,,,,,,,,,,,,,,,,,,,,,,,,,,,,,,,,,,,,,,,,,,,,,,,,
Q05,3,5,1,9999999,,,,,,,,,,,,,,,,,,,,,,,,,,,,,,,,,,,,,,,,,,,,,,,,,,,,,,,,,,,,,,,,,,,,,,,,,,,,,,,,,,,,,,,,,,,,,,,,,,,,,,,,,,,,
Q06,3,5,1,0.41,,,,,,,,,,,,,,,,,,,,,,,,,,,,,,,,,,,,,,,,,,,,,,,,,,,,,,,,,,,,,,,,,,,,,,,,,,,,,,,,,,,,,,,,,,,,,,,,,,,,,,,,,,,,
Q07,3,5,1,0.93,,nation,2,0,never_instantiated,0,,,,,0,0,,customer,240492,0,never_instantiated,0,,,,,0,0,,nation,2,0,never_instantiated,0,,,,,0,0,,orders,2451059,1,active,239361,,,,,86806,86806,lineitem,supplier,15988,0,never_instantiated,0,,,,,0,0,,,,,,,,,,,,,,,,,,,,,,,,,,,,,,,,,,,,,,,,,,,,,,,,
Q08,3,5,1,0.93,,region,1,0,never_instantiated,0,,,,,0,0,,nation,5,0,never_instantiated,0,,,,,0,0,,part,26819,0,never_instantiated,0,,,,,0,0,,customer,599689,1,active,55741,,,,,0,0,,orders,1822210,1,active,56835,,,,,0,0,,nation,25,0,never_instantiated,0,,,,,0,0,lineitem,supplier,200000,0,never_instantiated,0,,,,,0,0,,,,,,,,,,,,,,,,,,,,,,,,
Q09,3,5,1,2.26,,nation,25,0,never_instantiated,0,,,,,0,0,,supplier,200000,0,never_instantiated,0,,,,,0,0,,partsupp,16000000,1,frozen,6521328,1651540,THC-Full,,,458756,95506,,orders,30000000,1,frozen,6521328,2473852,THC-Full,,,917506,90876,lineitem,part,217392,0,never_instantiated,0,,,,,0,0,,,,,,,,,,,,,,,,,,,,,,,,,,,,,,,,,,,,,,,,,,,,,,,,
Q10,3,5,1,1.13,,nation,25,0,never_instantiated,0,,,,,0,0,customer,,2290399,0,never_instantiated,0,,,,,0,0,lineitem,orders,1145890,1,active,2295418,,,,,478460,43148,,,,,,,,,,,,,,,,,,,,,,,,,,,,,,,,,,,,,,,,,,,,,,,,,,,,,,,,,,,,,,,,,,,,,,,,
Q11,3,5,1,0.31,,nation,1,0,never_instantiated,0,,,,,0,0,partsupp,supplier,8087,0,never_instantiated,0,,,,,0,0,partsupp,,8087,0,never_instantiated,0,,,,,0,0,supplier,nation,1,0,never_instantiated,0,,,,,0,0,,,,,,,,,,,,,,,,,,,,,,,,,,,,,,,,,,,,,,,,,,,,,,,,,,,,,,,,,,,,
Q12,3,5,1,0.82,orders,lineitem,621378,1,active,30000000,,,,,290668,2021,,,,,,,,,,,,,,,,,,,,,,,,,,,,,,,,,,,,,,,,,,,,,,,,,,,,,,,,,,,,,,,,,,,,,,,,,,,,,,,,,,,,,,,,,,,,,,,,
Q13,3,5,1,1.95,orders,customer,3000000,1,active,29689534,,,,,1818181,102385,,,,,,,,,,,,,,,,,,,,,,,,,,,,,,,,,,,,,,,,,,,,,,,,,,,,,,,,,,,,,,,,,,,,,,,,,,,,,,,,,,,,,,,,,,,,,,,,
Q14,3,5,1,1.13,lineitem,part,4000000,1,frozen,1496983,1200492,THC-Full,,,458757,98823,,,,,,,,,,,,,,,,,,,,,,,,,,,,,,,,,,,,,,,,,,,,,,,,,,,,,,,,,,,,,,,,,,,,,,,,,,,,,,,,,,,,,,,,,,,,,,,,
Q15,3,5,1,0.62,,,1,0,never_instantiated,0,,,,,0,0,supplier,,200000,0,never_instantiated,0,,,,,0,0,,,,,,,,,,,,,,,,,,,,,,,,,,,,,,,,,,,,,,,,,,,,,,,,,,,,,,,,,,,,,,,,,,,,,,,,,,,,,,,,,,,,
Q16,3,5,1,0.62,,supplier,106,0,never_instantiated,0,,,,,0,0,partsupp,,593456,0,never_instantiated,0,,,,,0,0,part,,8,0,never_instantiated,0,,,,,0,0,,,,,,,,,,,,,,,,,,,,,,,,,,,,,,,,,,,,,,,,,,,,,,,,,,,,,,,,,,,,,,,,,,,,,,,,
Q17,3,5,1,1.44,lineitem,part,4066,0,never_instantiated,0,,,,,0,0,,,122217,0,never_instantiated,0,,,,,0,0,lineitem,,4066,0,never_instantiated,0,,,,,0,0,,,,,,,,,,,,,,,,,,,,,,,,,,,,,,,,,,,,,,,,,,,,,,,,,,,,,,,,,,,,,,,,,,,,,,,,
Q18,3,5,1,5.54,,lineitem,1281,0,never_instantiated,0,,,,,0,0,,customer,2999999,1,frozen,119994608,4816896,THC-Full,,,458753,24882,lineitem,orders,30000000,1,frozen,119994608,8167424,THC-Full,,,917506,25052,,,,,,,,,,,,,,,,,,,,,,,,,,,,,,,,,,,,,,,,,,,,,,,,,,,,,,,,,,,,,,,,,,,,,,,,
Q19,3,5,1,1.44,lineitem,part,4000000,1,frozen,4285986,1203411,THC-Full,,,458753,98734,,,,,,,,,,,,,,,,,,,,,,,,,,,,,,,,,,,,,,,,,,,,,,,,,,,,,,,,,,,,,,,,,,,,,,,,,,,,,,,,,,,,,,,,,,,,,,,,
Q20,3,5,1,0.82,,,8063,0,never_instantiated,0,,,,,0,0,partsupp,part,43464,0,never_instantiated,0,,,,,0,0,,,7317,0,never_instantiated,0,,,,,0,0,lineitem,,7317,0,never_instantiated,0,,,,,0,0,supplier,nation,1,0,never_instantiated,0,,,,,0,0,,,,,,,,,,,,,,,,,,,,,,,,,,,,,,,,,,,,,,,,,,,,,,,,
Q21,3,5,1,3.69,,nation,1,0,never_instantiated,0,,,,,0,0,,orders,14617146,1,active,3033530,,,,,653956,45851,lineitem,supplier,7984,0,never_instantiated,0,,,,,0,0,,,1464370,1,frozen,5844460,4205214,THC-Full,,,458752,24077,lineitem,,1464364,1,active,119994504,,,,,695673,1115,,,1411363,1,frozen,3690027,2825115,THC-Full,,,458754,36140,lineitem,,1411357,1,active,75869428,,,,,660891,1793,,,,,,,,,,,,,,,,,,,,,,,,
Q22,3,5,1,0.62,,,381883,1,active,3811298,,,,,252751,81531,orders,,381883,1,active,29999949,,,,,253338,12539,,,,,,,,,,,,,,,,,,,,,,,,,,,,,,,,,,,,,,,,,,,,,,,,,,,,,,,,,,,,,,,,,,,,,,,,,,,,,,,,,,,,
Q01,3,6,1,1.03,,,,,,,,,,,,,,,,,,,,,,,,,,,,,,,,,,,,,,,,,,,,,,,,,,,,,,,,,,,,,,,,,,,,,,,,,,,,,,,,,,,,,,,,,,,,,,,,,,,,,,,,,,,,
Q02,3,6,1,0.31,,region,1,0,never_instantiated,0,,,,,0,0,,nation,5,0,never_instantiated,0,,,,,0,0,supplier,,12763,0,never_instantiated,0,,,,,0,0,partsupp,part,15890,0,never_instantiated,0,,,,,0,0,,,12744,0,never_instantiated,0,,,,,0,0,,,9428,0,never_instantiated,0,,,,,0,0,,region,1,0,never_instantiated,0,,,,,0,0,partsupp,,39913,0,never_instantiated,0,,,,,0,0,supplier,nation,5,0,never_instantiated,0,,,,,0,0
Q03,3,6,1,0.82,,customer,600888,1,active,602100,,,,,68392,36038,lineitem,orders,2926877,1,active,632897,,,,,109426,36545,,,,,,,,,,,,,,,,,,,,,,,,,,,,,,,,,,,,,,,,,,,,,,,,,,,,,,,,,,,,,,,,,,,,,,,,,,,,,,,,,,,,
Q04,3,6,1,1.34,,,1146356,1,frozen,2898434,2841405,THC-Full,,,458754,37023,lineitem,,1146356,1,active,75869244,,,,,524472,1438,,,,,,,,,,,,,,,,,,,,,,,,,,,,,,,,,,,,,,,,,,,,,,,,,,,,,,,,,,,,,,,,,,,,,,,,,,,,,,,,,,,,
Q05,3,6,1,2.26,,region,1,0,never_instantiated,0,,,,,0,0,,nation,5,0,never_instantiated,0,,,,,0,0,,customer,2999999,1,active,3648658,,,,,61339,3605,,supplier,40119,0,never_instantiated,0,,,,,0,0,lineitem,orders,4549846,1,frozen,18214809,8231114,THC-Full,,,917505,25096,,,,,,,,,,,,,,,,,,,,,,,,,,,,,,,,,,,,,,,,,,,,,,,,
Q06,3,6,1,0.41,,,,,,,,,,,,,,,,,,,,,,,,,,,,,,,,,,,,,,,,,,,,,,,,,,,,,,,,,,,,,,,,,,,,,,,,,,,,,,,,,,,,,,,,,,,,,,,,,,,,,,,,,,,,
Q07,3,6,1,0.82,,nation,2,0,never_instantiated,0,,,,,0,0,,customer,240492,0,never_instantiated,0,,,,,0,0,,nation,2,0,never_instantiated,0,,,,,0,0,,supplier,15988,0,never_instantiated,0,,,,,0,0,lineitem,orders,2451059,1,active,245171,,,,,85788,85788,,,,,,,,,,,,,,,,,,,,,,,,,,,,,,,,,,,,,,,,,,,,,,,,
Q08,3,6,1,0.93,,region,1,0,never_instantiated,0,,,,,0,0,,nation,25,0,never_instantiated,0,,,,,0,0,,nation,5,0,never_instantiated,0,,,,,0,0,,supplier,200000,0,never_instantiated,0,,,,,0,0,customer,,48849,0,never_instantiated,0,,,,,0,0,,part,26819,0,never_instantiated,0,,,,,0,0,lineitem,orders,1822210,1,active,56835,,,,,0,0,,,,,,,,,,,,,,,,,,,,,,,,
Q09,3,6,1,2.26,,nation,25,0,never_instantiated,0,,,,,0,0,,supplier,200000,0,never_instantiated,0,,,,,0,0,,orders,30000000,1,frozen,6521328,2270473,THC-Full,,,917504,93042,,part,217392,0,never_instantiated,0,,,,,0,0,lineitem,partsupp,16000000,1,frozen,6631715,1661506,THC-Full,,,458757,96043,,,,,,,,,,,,,,,,,,,,,,,,,,,,,,,,,,,,,,,,,,,,,,,,
Q10,3,6,1,1.13,,nation,25,0,never_instantiated,0,,,,,0,0,customer,,2290399,0,never_instantiated,0,,,,,0,0,lineitem,orders,1145890,1,active,2295418,,,,,477721,43018,,,,,,,,,,,,,,,,,,,,,,,,,,,,,,,,,,,,,,,,,,,,,,,,,,,,,,,,,,,,,,,,,,,,,,,,
Q11,3,6,1,0.21,partsupp,,8087,0,never_instantiated,0,,,,,0,0,supplier,nation,1,0,never_instantiated,0,,,,,0,0,partsupp,,8087,0,never_instantiated,0,,,,,0,0,supplier,nation,1,0,never_instantiated,0,,,,,0,0,,,,,,,,,,,,,,,,,,,,,,,,,,,,,,,,,,,,,,,,,,,,,,,,,,,,,,,,,,,,
Q12,3,6,1,0.82,orders,lineitem,621378,1,active,30000000,,,,,291342,2129,,,,,,,,,,,,,,,,,,,,,,,,,,,,,,,,,,,,,,,,,,,,,,,,,,,,,,,,,,,,,,,,,,,,,,,,,,,,,,,,,,,,,,,,,,,,,,,,
Q13,3,6,1,1.95,orders,customer,3000000,1,active,29689534,,,,,1818298,104307,,,,,,,,,,,,,,,,,,,,,,,,,,,,,,,,,,,,,,,,,,,,,,,,,,,,,,,,,,,,,,,,,,,,,,,,,,,,,,,,,,,,,,,,,,,,,,,,
Q14,3,6,1,1.13,lineitem,part,4000000,1,frozen,1496983,1200498,THC-Full,,,458757,98860,,,,,,,,,,,,,,,,,,,,,,,,,,,,,,,,,,,,,,,,,,,,,,,,,,,,,,,,,,,,,,,,,,,,,,,,,,,,,,,,,,,,,,,,,,,,,,,,
Q15,3,6,1,0.62,,,1,0,never_instantiated,0,,,,,0,0,supplier,,200000,0,never_instantiated,0,,,,,0,0,,,,,,,,,,,,,,,,,,,,,,,,,,,,,,,,,,,,,,,,,,,,,,,,,,,,,,,,,,,,,,,,,,,,,,,,,,,,,,,,,,,,
Q16,3,6,1,0.62,,supplier,106,0,never_instantiated,0,,,,,0,0,partsupp,,593456,0,never_instantiated,0,,,,,0,0,part,,8,0,never_instantiated,0,,,,,0,0,,,,,,,,,,,,,,,,,,,,,,,,,,,,,,,,,,,,,,,,,,,,,,,,,,,,,,,,,,,,,,,,,,,,,,,,
Q17,3,6,1,1.34,lineitem,part,4066,0,never_instantiated,0,,,,,0,0,,,122217,0,never_instantiated,0,,,,,0,0,lineitem,,4066,0,never_instantiated,0,,,,,0,0,,,,,,,,,,,,,,,,,,,,,,,,,,,,,,,,,,,,,,,,,,,,,,,,,,,,,,,,,,,,,,,,,,,,,,,,
Q18,3,6,1,5.54,,lineitem,1281,0,never_instantiated,0,,,,,0,0,,customer,2999999,1,frozen,119994608,4847616,THC-Full,,,458752,26939,lineitem,orders,30000000,1,frozen,119994608,8189952,THC-Full,,,917505,27132,,,,,,,,,,,,,,,,,,,,,,,,,,,,,,,,,,,,,,,,,,,,,,,,,,,,,,,,,,,,,,,,,,,,,,,,
Q19,3,6,1,1.44,lineitem,part,4000000,1,frozen,4285986,1207996,THC-Full,,,458755,98756,,,,,,,,,,,,,,,,,,,,,,,,,,,,,,,,,,,,,,,,,,,,,,,,,,,,,,,,,,,,,,,,,,,,,,,,,,,,,,,,,,,,,,,,,,,,,,,,
Q20,3,6,1,0.82,,,8063,0,never_instantiated,0,,,,,0,0,partsupp,part,43464,0,never_instantiated,0,,,,,0,0,,,7317,0,never_instantiated,0,,,,,0,0,lineitem,,7317,0,never_instantiated,0,,,,,0,0,supplier,nation,1,0,never_instantiated,0,,,,,0,0,,,,,,,,,,,,,,,,,,,,,,,,,,,,,,,,,,,,,,,,,,,,,,,,
Q21,3,6,1,3.69,,nation,1,0,never_instantiated,0,,,,,0,0,,supplier,7984,0,never_instantiated,0,,,,,0,0,lineitem,orders,14617146,1,active,3182020,,,,,701446,47307,,,1464370,1,frozen,5844460,4208761,THC-Full,,,458752,24096,lineitem,,1464364,1,active,119994504,,,,,692039,1148,,,1411363,1,frozen,3690027,2830584,THC-Full,,,458755,36870,lineitem,,1411357,1,active,75869428,,,,,659930,1809,,,,,,,,,,,,,,,,,,,,,,,,
Q22,3,6,1,0.62,,,381883,1,active,3811298,,,,,252676,81794,orders,,381883,1,active,29999949,,,,,253355,12538,,,,,,,,,,,,,,,,,,,,,,,,,,,,,,,,,,,,,,,,,,,,,,,,,,,,,,,,,,,,,,,,,,,,,,,,,,,,,,,,,,,,
Q01,3,7,1,1.03,,,,,,,,,,,,,,,,,,,,,,,,,,,,,,,,,,,,,,,,,,,,,,,,,,,,,,,,,,,,,,,,,,,,,,,,,,,,,,,,,,,,,,,,,,,,,,,,,,,,,,,,,,,,
Q02,3,7,1,0.31,,region,1,0,never_instantiated,0,,,,,0,0,,nation,5,0,never_instantiated,0,,,,,0,0,,part,15890,0,never_instantiated,0,,,,,0,0,partsupp,supplier,39913,0,never_instantiated,0,,,,,0,0,,,12744,0,never_instantiated,0,,,,,0,0,,,9428,0,never_instantiated,0,,,,,0,0,,region,1,0,never_instantiated,0,,,,,0,0,,nation,5,0,never_instantiated,0,,,,,0,0,partsupp,supplier,39913,0,never_instantiated,0,,,,,0,0
Q03,3,7,1,0.82,,customer,600888,1,active,602100,,,,,69112,36123,lineitem,orders,2926877,1,active,632897,,,,,109289,36551,,,,,,,,,,,,,,,,,,,,,,,,,,,,,,,,,,,,,,,,,,,,,,,,,,,,,,,,,,,,,,,,,,,,,,,,,,,,,,,,,,,,
Q04,3,7,1,1.34,,,1146356,1,frozen,2898434,2836604,THC-Full,,,458756,36354,lineitem,,1146356,1,active,75869244,,,,,524207,1398,,,,,,,,,,,,,,,,,,,,,,,,,,,,,,,,,,,,,,,,,,,,,,,,,,,,,,,,,,,,,,,,,,,,,,,,,,,,,,,,,,,,
Q05,3,7,1,9999999,,,,,,,,,,,,,,,,,,,,,,,,,,,,,,,,,,,,,,,,,,,,,,,,,,,,,,,,,,,,,,,,,,,,,,,,,,,,,,,,,,,,,,,,,,,,,,,,,,,,,,,,,,,,
Q06,3,7,1,0.41,,,,,,,,,,,,,,,,,,,,,,,,,,,,,,,,,,,,,,,,,,,,,,,,,,,,,,,,,,,,,,,,,,,,,,,,,,,,,,,,,,,,,,,,,,,,,,,,,,,,,,,,,,,,
Q07,3,7,1,0.93,,nation,2,0,never_instantiated,0,,,,,0,0,,nation,2,0,never_instantiated,0,,,,,0,0,,customer,240492,0,never_instantiated,0,,,,,0,0,,orders,2451059,1,active,239361,,,,,86698,86698,lineitem,supplier,15988,0,never_instantiated,0,,,,,0,0,,,,,,,,,,,,,,,,,,,,,,,,,,,,,,,,,,,,,,,,,,,,,,,,
Q08,3,7,1,0.93,,region,1,0,never_instantiated,0,,,,,0,0,,nation,5,0,never_instantiated,0,,,,,0,0,customer,,48849,0,never_instantiated,0,,,,,0,0,,nation,25,0,never_instantiated,0,,,,,0,0,orders,,49794,0,never_instantiated,0,,,,,0,0,,supplier,200000,0,never_instantiated,0,,,,,0,0,lineitem,part,26819,0,never_instantiated,0,,,,,0,0,,,,,,,,,,,,,,,,,,,,,,,,
Q09,3,7,1,2.26,,nation,25,0,never_instantiated,0,,,,,0,0,,part,217392,0,never_instantiated,0,,,,,0,0,,orders,30000000,1,frozen,6631715,2288042,THC-Full,,,917505,90551,,partsupp,16000000,1,frozen,6631715,1662628,THC-Full,,,458755,95437,lineitem,supplier,200000,0,never_instantiated,0,,,,,0,0,,,,,,,,,,,,,,,,,,,,,,,,,,,,,,,,,,,,,,,,,,,,,,,,
Q10,3,7,1,1.13,,nation,25,0,never_instantiated,0,,,,,0,0,customer,,2290399,0,never_instantiated,0,,,,,0,0,lineitem,orders,1145890,1,active,2295418,,,,,480535,43098,,,,,,,,,,,,,,,,,,,,,,,,,,,,,,,,,,,,,,,,,,,,,,,,,,,,,,,,,,,,,,,,,,,,,,,,
Q11,3,7,1,0.31,,nation,1,0,never_instantiated,0,,,,,0,0,partsupp,supplier,8087,0,never_instantiated,0,,,,,0,0,,nation,1,0,never_instantiated,0,,,,,0,0,partsupp,supplier,8087,0,never_instantiated,0,,,,,0,0,,,,,,,,,,,,,,,,,,,,,,,,,,,,,,,,,,,,,,,,,,,,,,,,,,,,,,,,,,,,
Q12,3,7,1,0.82,orders,lineitem,621378,1,active,30000000,,,,,289682,1926,,,,,,,,,,,,,,,,,,,,,,,,,,,,,,,,,,,,,,,,,,,,,,,,,,,,,,,,,,,,,,,,,,,,,,,,,,,,,,,,,,,,,,,,,,,,,,,,
Q13,3,7,1,1.95,orders,customer,3000000,1,active,29689534,,,,,1818338,104345,,,,,,,,,,,,,,,,,,,,,,,,,,,,,,,,,,,,,,,,,,,,,,,,,,,,,,,,,,,,,,,,,,,,,,,,,,,,,,,,,,,,,,,,,,,,,,,,
Q14,3,7,1,1.03,lineitem,part,4000000,1,frozen,1496983,1200435,THC-Full,,,458756,98823,,,,,,,,,,,,,,,,,,,,,,,,,,,,,,,,,,,,,,,,,,,,,,,,,,,,,,,,,,,,,,,,,,,,,,,,,,,,,,,,,,,,,,,,,,,,,,,,
Q15,3,7,1,0.62,,,1,0,never_instantiated,0,,,,,0,0,supplier,,200000,0,never_instantiated,0,,,,,0,0,,,,,,,,,,,,,,,,,,,,,,,,,,,,,,,,,,,,,,,,,,,,,,,,,,,,,,,,,,,,,,,,,,,,,,,,,,,,,,,,,,,,
Q16,3,7,1,0.62,,supplier,106,0,never_instantiated,0,,,,,0,0,partsupp,,593456,0,never_instantiated,0,,,,,0,0,part,,8,0,never_instantiated,0,,,,,0,0,,,,,,,,,,,,,,,,,,,,,,,,,,,,,,,,,,,,,,,,,,,,,,,,,,,,,,,,,,,,,,,,,,,,,,,,
Q17,3,7,1,1.33,lineitem,part,4066,0,never_instantiated,0,,,,,0,0,,,122217,0,never_instantiated,0,,,,,0,0,lineitem,,4066,0,never_instantiated,0,,,,,0,0,,,,,,,,,,,,,,,,,,,,,,,,,,,,,,,,,,,,,,,,,,,,,,,,,,,,,,,,,,,,,,,,,,,,,,,,
Q18,3,7,1,5.44,,lineitem,1281,0,never_instantiated,0,,,,,0,0,,customer,2999999,1,frozen,119994608,4827136,THC-Full,,,458752,25353,lineitem,orders,30000000,1,frozen,119994608,8192000,THC-Full,,,917507,25537,,,,,,,,,,,,,,,,,,,,,,,,,,,,,,,,,,,,,,,,,,,,,,,,,,,,,,,,,,,,,,,,,,,,,,,,
Q19,3,7,1,1.44,lineitem,part,4000000,1,frozen,4285986,1204147,THC-Full,,,458758,98729,,,,,,,,,,,,,,,,,,,,,,,,,,,,,,,,,,,,,,,,,,,,,,,,,,,,,,,,,,,,,,,,,,,,,,,,,,,,,,,,,,,,,,,,,,,,,,,,
Q20,3,7,1,0.93,,,8063,0,never_instantiated,0,,,,,0,0,partsupp,part,43464,0,never_instantiated,0,,,,,0,0,,,7317,0,never_instantiated,0,,,,,0,0,lineitem,,7317,0,never_instantiated,0,,,,,0,0,supplier,nation,1,0,never_instantiated,0,,,,,0,0,,,,,,,,,,,,,,,,,,,,,,,,,,,,,,,,,,,,,,,,,,,,,,,,
Q21,3,7,1,3.69,,nation,1,0,never_instantiated,0,,,,,0,0,,orders,14617146,1,active,3033530,,,,,654923,46695,lineitem,supplier,7984,0,never_instantiated,0,,,,,0,0,,,1464370,1,frozen,5844460,4204933,THC-Full,,,458752,24113,lineitem,,1464364,1,active,119994504,,,,,694845,1138,,,1411363,1,frozen,3690027,2825870,THC-Full,,,458754,36091,lineitem,,1411357,1,active,75869428,,,,,661399,1786,,,,,,,,,,,,,,,,,,,,,,,,
Q22,3,7,1,0.62,,,381883,1,active,3811298,,,,,252781,81474,orders,,381883,1,active,29999949,,,,,253392,12998,,,,,,,,,,,,,,,,,,,,,,,,,,,,,,,,,,,,,,,,,,,,,,,,,,,,,,,,,,,,,,,,,,,,,,,,,,,,,,,,,,,,
Q01,3,8,1,1.03,,,,,,,,,,,,,,,,,,,,,,,,,,,,,,,,,,,,,,,,,,,,,,,,,,,,,,,,,,,,,,,,,,,,,,,,,,,,,,,,,,,,,,,,,,,,,,,,,,,,,,,,,,,,
Q02,3,8,1,0.31,,region,1,0,never_instantiated,0,,,,,0,0,,nation,5,0,never_instantiated,0,,,,,0,0,supplier,,12763,0,never_instantiated,0,,,,,0,0,partsupp,part,15890,0,never_instantiated,0,,,,,0,0,,,12744,0,never_instantiated,0,,,,,0,0,,,9428,0,never_instantiated,0,,,,,0,0,,region,1,0,never_instantiated,0,,,,,0,0,partsupp,,39913,0,never_instantiated,0,,,,,0,0,supplier,nation,5,0,never_instantiated,0,,,,,0,0
Q03,3,8,1,0.82,,customer,600888,1,active,602100,,,,,68988,36642,lineitem,orders,2926877,1,active,632897,,,,,109337,36467,,,,,,,,,,,,,,,,,,,,,,,,,,,,,,,,,,,,,,,,,,,,,,,,,,,,,,,,,,,,,,,,,,,,,,,,,,,,,,,,,,,,
Q04,3,8,1,1.34,,,1146356,1,frozen,2898434,2825099,THC-Full,,,458756,36999,lineitem,,1146356,1,active,75869244,,,,,525008,1461,,,,,,,,,,,,,,,,,,,,,,,,,,,,,,,,,,,,,,,,,,,,,,,,,,,,,,,,,,,,,,,,,,,,,,,,,,,,,,,,,,,,
Q05,3,8,1,2.26,,region,1,0,never_instantiated,0,,,,,0,0,,nation,5,0,never_instantiated,0,,,,,0,0,,customer,600016,1,active,3648658,,,,,61344,3670,,supplier,40119,0,never_instantiated,0,,,,,0,0,lineitem,orders,4549846,1,frozen,18214809,8235444,THC-Full,,,917506,24996,,,,,,,,,,,,,,,,,,,,,,,,,,,,,,,,,,,,,,,,,,,,,,,,
Q06,3,8,1,0.41,,,,,,,,,,,,,,,,,,,,,,,,,,,,,,,,,,,,,,,,,,,,,,,,,,,,,,,,,,,,,,,,,,,,,,,,,,,,,,,,,,,,,,,,,,,,,,,,,,,,,,,,,,,,
Q07,3,8,1,0.82,,nation,2,0,never_instantiated,0,,,,,0,0,,customer,240492,0,never_instantiated,0,,,,,0,0,,nation,2,0,never_instantiated,0,,,,,0,0,,supplier,15988,0,never_instantiated,0,,,,,0,0,lineitem,orders,2451059,1,active,245171,,,,,86004,86004,,,,,,,,,,,,,,,,,,,,,,,,,,,,,,,,,,,,,,,,,,,,,,,,
Q08,3,8,1,0.93,,region,1,0,never_instantiated,0,,,,,0,0,,nation,5,0,never_instantiated,0,,,,,0,0,customer,,48849,0,never_instantiated,0,,,,,0,0,,part,26819,0,never_instantiated,0,,,,,0,0,,nation,25,0,never_instantiated,0,,,,,0,0,,orders,1822210,1,active,56835,,,,,0,0,lineitem,supplier,200000,0,never_instantiated,0,,,,,0,0,,,,,,,,,,,,,,,,,,,,,,,,
Q09,3,8,1,3.59,,nation,25,0,never_instantiated,0,,,,,0,0,,supplier,200000,0,never_instantiated,0,,,,,0,0,,part,217392,0,never_instantiated,0,,,,,0,0,,partsupp,884320,1,frozen,6631715,1602561,THC-Full,,,458755,94628,lineitem,orders,30000000,1,frozen,6631715,2403572,THC-Full,,,917507,89729,,,,,,,,,,,,,,,,,,,,,,,,,,,,,,,,,,,,,,,,,,,,,,,,
Q10,3,8,1,1.13,,nation,25,0,never_instantiated,0,,,,,0,0,customer,,2290399,0,never_instantiated,0,,,,,0,0,lineitem,orders,1145890,1,active,2295418,,,,,477259,44028,,,,,,,,,,,,,,,,,,,,,,,,,,,,,,,,,,,,,,,,,,,,,,,,,,,,,,,,,,,,,,,,,,,,,,,,
Q11,3,8,1,0.21,partsupp,,8087,0,never_instantiated,0,,,,,0,0,supplier,nation,1,0,never_instantiated,0,,,,,0,0,partsupp,,8087,0,never_instantiated,0,,,,,0,0,supplier,nation,1,0,never_instantiated,0,,,,,0,0,,,,,,,,,,,,,,,,,,,,,,,,,,,,,,,,,,,,,,,,,,,,,,,,,,,,,,,,,,,,
Q12,3,8,1,0.82,orders,lineitem,621378,1,active,30000000,,,,,290204,2022,,,,,,,,,,,,,,,,,,,,,,,,,,,,,,,,,,,,,,,,,,,,,,,,,,,,,,,,,,,,,,,,,,,,,,,,,,,,,,,,,,,,,,,,,,,,,,,,
Q13,3,8,1,1.95,orders,customer,3000000,1,active,29689534,,,,,1818039,102411,,,,,,,,,,,,,,,,,,,,,,,,,,,,,,,,,,,,,,,,,,,,,,,,,,,,,,,,,,,,,,,,,,,,,,,,,,,,,,,,,,,,,,,,,,,,,,,,
Q14,3,8,1,1.03,lineitem,part,4000000,1,frozen,1496983,1200482,THC-Full,,,458757,98796,,,,,,,,,,,,,,,,,,,,,,,,,,,,,,,,,,,,,,,,,,,,,,,,,,,,,,,,,,,,,,,,,,,,,,,,,,,,,,,,,,,,,,,,,,,,,,,,
Q15,3,8,1,0.62,,,1,0,never_instantiated,0,,,,,0,0,supplier,,200000,0,never_instantiated,0,,,,,0,0,,,,,,,,,,,,,,,,,,,,,,,,,,,,,,,,,,,,,,,,,,,,,,,,,,,,,,,,,,,,,,,,,,,,,,,,,,,,,,,,,,,,
Q16,3,8,1,0.62,,supplier,106,0,never_instantiated,0,,,,,0,0,partsupp,,593456,0,never_instantiated,0,,,,,0,0,part,,8,0,never_instantiated,0,,,,,0,0,,,,,,,,,,,,,,,,,,,,,,,,,,,,,,,,,,,,,,,,,,,,,,,,,,,,,,,,,,,,,,,,,,,,,,,,
Q17,3,8,1,1.44,lineitem,part,4066,0,never_instantiated,0,,,,,0,0,,,122217,0,never_instantiated,0,,,,,0,0,lineitem,,4066,0,never_instantiated,0,,,,,0,0,,,,,,,,,,,,,,,,,,,,,,,,,,,,,,,,,,,,,,,,,,,,,,,,,,,,,,,,,,,,,,,,,,,,,,,,
Q18,3,8,1,5.44,,lineitem,1281,0,never_instantiated,0,,,,,0,0,,customer,2999999,1,frozen,119994608,4818944,THC-Full,,,458753,27395,lineitem,orders,30000000,1,frozen,119994608,8249344,THC-Full,,,917505,27608,,,,,,,,,,,,,,,,,,,,,,,,,,,,,,,,,,,,,,,,,,,,,,,,,,,,,,,,,,,,,,,,,,,,,,,,
Q19,3,8,1,1.44,lineitem,part,4000000,1,frozen,4285986,1201759,THC-Full,,,458753,98835,,,,,,,,,,,,,,,,,,,,,,,,,,,,,,,,,,,,,,,,,,,,,,,,,,,,,,,,,,,,,,,,,,,,,,,,,,,,,,,,,,,,,,,,,,,,,,,,
Q20,3,8,1,0.82,,,8063,0,never_instantiated,0,,,,,0,0,partsupp,part,43464,0,never_instantiated,0,,,,,0,0,,,7317,0,never_instantiated,0,,,,,0,0,lineitem,,7317,0,never_instantiated,0,,,,,0,0,supplier,nation,1,0,never_instantiated,0,,,,,0,0,,,,,,,,,,,,,,,,,,,,,,,,,,,,,,,,,,,,,,,,,,,,,,,,
Q21,3,8,1,3.69,,nation,1,0,never_instantiated,0,,,,,0,0,,supplier,7984,0,never_instantiated,0,,,,,0,0,lineitem,orders,14617146,1,active,3182020,,,,,701706,46492,,,1464370,1,frozen,5844460,4206989,THC-Full,,,458754,24155,lineitem,,1464364,1,active,119994504,,,,,694271,1138,,,1411363,1,frozen,3690027,2823242,THC-Full,,,458752,36142,lineitem,,1411357,1,active,75869428,,,,,661940,1812,,,,,,,,,,,,,,,,,,,,,,,,
Q22,3,8,1,0.62,,,381883,1,active,3811298,,,,,252716,81634,orders,,381883,1,active,29999949,,,,,253366,12754,,,,,,,,,,,,,,,,,,,,,,,,,,,,,,,,,,,,,,,,,,,,,,,,,,,,,,,,,,,,,,,,,,,,,,,,,,,,,,,,,,,,
Q01,3,9,1,1.03,,,,,,,,,,,,,,,,,,,,,,,,,,,,,,,,,,,,,,,,,,,,,,,,,,,,,,,,,,,,,,,,,,,,,,,,,,,,,,,,,,,,,,,,,,,,,,,,,,,,,,,,,,,,
Q02,3,9,1,0.31,,region,1,0,never_instantiated,0,,,,,0,0,,part,15890,0,never_instantiated,0,,,,,0,0,,nation,5,0,never_instantiated,0,,,,,0,0,partsupp,supplier,39913,0,never_instantiated,0,,,,,0,0,,,12744,0,never_instantiated,0,,,,,0,0,,,9428,0,never_instantiated,0,,,,,0,0,partsupp,,39913,0,never_instantiated,0,,,,,0,0,,region,1,0,never_instantiated,0,,,,,0,0,supplier,nation,5,0,never_instantiated,0,,,,,0,0
Q03,3,9,1,0.82,,customer,600888,1,active,602100,,,,,69065,36051,lineitem,orders,2926877,1,active,632897,,,,,109416,36563,,,,,,,,,,,,,,,,,,,,,,,,,,,,,,,,,,,,,,,,,,,,,,,,,,,,,,,,,,,,,,,,,,,,,,,,,,,,,,,,,,,,
Q04,3,9,1,1.34,,,1146356,1,frozen,2898434,2832024,THC-Full,,,458753,36921,lineitem,,1146356,1,active,75869244,,,,,523876,1444,,,,,,,,,,,,,,,,,,,,,,,,,,,,,,,,,,,,,,,,,,,,,,,,,,,,,,,,,,,,,,,,,,,,,,,,,,,,,,,,,,,,
Q05,3,9,1,1.23,,region,1,0,never_instantiated,0,,,,,0,0,,nation,5,0,never_instantiated,0,,,,,0,0,,customer,600016,1,active,3648658,,,,,61587,3601,,orders,4549846,1,frozen,3652136,3062993,THC-Full,,,917509,68537,lineitem,supplier,40119,0,never_instantiated,0,,,,,0,0,,,,,,,,,,,,,,,,,,,,,,,,,,,,,,,,,,,,,,,,,,,,,,,,
Q06,3,9,1,0.41,,,,,,,,,,,,,,,,,,,,,,,,,,,,,,,,,,,,,,,,,,,,,,,,,,,,,,,,,,,,,,,,,,,,,,,,,,,,,,,,,,,,,,,,,,,,,,,,,,,,,,,,,,,,
Q07,3,9,1,0.82,,nation,2,0,never_instantiated,0,,,,,0,0,,customer,240492,0,never_instantiated,0,,,,,0,0,orders,,239361,0,never_instantiated,0,,,,,0,0,,nation,2,0,never_instantiated,0,,,,,0,0,lineitem,supplier,15988,0,never_instantiated,0,,,,,0,0,,,,,,,,,,,,,,,,,,,,,,,,,,,,,,,,,,,,,,,,,,,,,,,,
Q08,3,9,1,0.93,,region,1,0,never_instantiated,0,,,,,0,0,,nation,5,0,never_instantiated,0,,,,,0,0,customer,,48849,0,never_instantiated,0,,,,,0,0,,part,26819,0,never_instantiated,0,,,,,0,0,,nation,25,0,never_instantiated,0,,,,,0,0,,supplier,200000,0,never_instantiated,0,,,,,0,0,lineitem,orders,1822210,1,active,56835,,,,,0,0,,,,,,,,,,,,,,,,,,,,,,,,
Q09,3,9,1,2.26,,nation,25,0,never_instantiated,0,,,,,0,0,,partsupp,16000000,1,frozen,6521328,1649359,THC-Full,,,458754,95712,,orders,30000000,1,frozen,6521328,2462375,THC-Full,,,917507,91062,,supplier,200000,0,never_instantiated,0,,,,,0,0,lineitem,part,217392,0,never_instantiated,0,,,,,0,0,,,,,,,,,,,,,,,,,,,,,,,,,,,,,,,,,,,,,,,,,,,,,,,,
Q10,3,9,1,1.13,,nation,25,0,never_instantiated,0,,,,,0,0,customer,,2290399,0,never_instantiated,0,,,,,0,0,lineitem,orders,1145890,1,active,2295418,,,,,477745,43998,,,,,,,,,,,,,,,,,,,,,,,,,,,,,,,,,,,,,,,,,,,,,,,,,,,,,,,,,,,,,,,,,,,,,,,,
Q11,3,9,1,0.31,,nation,1,0,never_instantiated,0,,,,,0,0,partsupp,supplier,8087,0,never_instantiated,0,,,,,0,0,partsupp,,8087,0,never_instantiated,0,,,,,0,0,supplier,nation,1,0,never_instantiated,0,,,,,0,0,,,,,,,,,,,,,,,,,,,,,,,,,,,,,,,,,,,,,,,,,,,,,,,,,,,,,,,,,,,,
Q12,3,9,1,0.82,orders,lineitem,621378,1,active,30000000,,,,,291867,1982,,,,,,,,,,,,,,,,,,,,,,,,,,,,,,,,,,,,,,,,,,,,,,,,,,,,,,,,,,,,,,,,,,,,,,,,,,,,,,,,,,,,,,,,,,,,,,,,
Q13,3,9,1,1.95,orders,customer,3000000,1,active,29689534,,,,,1818282,100506,,,,,,,,,,,,,,,,,,,,,,,,,,,,,,,,,,,,,,,,,,,,,,,,,,,,,,,,,,,,,,,,,,,,,,,,,,,,,,,,,,,,,,,,,,,,,,,,
Q14,3,9,1,1.03,lineitem,part,4000000,1,frozen,1496983,1200481,THC-Full,,,458756,98794,,,,,,,,,,,,,,,,,,,,,,,,,,,,,,,,,,,,,,,,,,,,,,,,,,,,,,,,,,,,,,,,,,,,,,,,,,,,,,,,,,,,,,,,,,,,,,,,
Q15,3,9,1,0.62,,,1,0,never_instantiated,0,,,,,0,0,supplier,,200000,0,never_instantiated,0,,,,,0,0,,,,,,,,,,,,,,,,,,,,,,,,,,,,,,,,,,,,,,,,,,,,,,,,,,,,,,,,,,,,,,,,,,,,,,,,,,,,,,,,,,,,
Q16,3,9,1,0.62,,supplier,106,0,never_instantiated,0,,,,,0,0,partsupp,,593456,0,never_instantiated,0,,,,,0,0,part,,8,0,never_instantiated,0,,,,,0,0,,,,,,,,,,,,,,,,,,,,,,,,,,,,,,,,,,,,,,,,,,,,,,,,,,,,,,,,,,,,,,,,,,,,,,,,
Q17,3,9,1,1.33,lineitem,part,4066,0,never_instantiated,0,,,,,0,0,,,122217,0,never_instantiated,0,,,,,0,0,lineitem,,4066,0,never_instantiated,0,,,,,0,0,,,,,,,,,,,,,,,,,,,,,,,,,,,,,,,,,,,,,,,,,,,,,,,,,,,,,,,,,,,,,,,,,,,,,,,,
Q18,3,9,1,5.54,,lineitem,1281,0,never_instantiated,0,,,,,0,0,,customer,2999999,1,frozen,119994608,4829184,THC-Full,,,458753,26369,lineitem,orders,30000000,1,frozen,119994608,8237056,THC-Full,,,917505,26566,,,,,,,,,,,,,,,,,,,,,,,,,,,,,,,,,,,,,,,,,,,,,,,,,,,,,,,,,,,,,,,,,,,,,,,,
Q19,3,9,1,1.44,lineitem,part,4000000,1,frozen,4285986,1201919,THC-Full,,,458756,98752,,,,,,,,,,,,,,,,,,,,,,,,,,,,,,,,,,,,,,,,,,,,,,,,,,,,,,,,,,,,,,,,,,,,,,,,,,,,,,,,,,,,,,,,,,,,,,,,
Q20,3,9,1,0.93,,,8063,0,never_instantiated,0,,,,,0,0,partsupp,part,43464,0,never_instantiated,0,,,,,0,0,,,7317,0,never_instantiated,0,,,,,0,0,lineitem,,7317,0,never_instantiated,0,,,,,0,0,supplier,nation,1,0,never_instantiated,0,,,,,0,0,,,,,,,,,,,,,,,,,,,,,,,,,,,,,,,,,,,,,,,,,,,,,,,,
Q21,3,9,1,3.59,orders,,3033530,0,never_instantiated,0,,,,,0,0,,nation,1,0,never_instantiated,0,,,,,0,0,lineitem,supplier,7984,0,never_instantiated,0,,,,,0,0,,,1464370,1,frozen,5844460,4209251,THC-Full,,,458753,24076,lineitem,,1464364,1,active,119994504,,,,,692536,1138,,,1411363,1,frozen,3690027,2820516,THC-Full,,,458753,37425,lineitem,,1411357,1,active,75869428,,,,,661504,1760,,,,,,,,,,,,,,,,,,,,,,,,
Q22,3,9,1,0.62,,,381883,1,active,3811298,,,,,252768,81428,orders,,381883,1,active,29999949,,,,,253383,13501,,,,,,,,,,,,,,,,,,,,,,,,,,,,,,,,,,,,,,,,,,,,,,,,,,,,,,,,,,,,,,,,,,,,,,,,,,,,,,,,,,,,
Q01,3,10,1,1.03,,,,,,,,,,,,,,,,,,,,,,,,,,,,,,,,,,,,,,,,,,,,,,,,,,,,,,,,,,,,,,,,,,,,,,,,,,,,,,,,,,,,,,,,,,,,,,,,,,,,,,,,,,,,
Q02,3,10,1,0.31,,region,1,0,never_instantiated,0,,,,,0,0,,nation,5,0,never_instantiated,0,,,,,0,0,supplier,,12763,0,never_instantiated,0,,,,,0,0,partsupp,part,15890,0,never_instantiated,0,,,,,0,0,,,12744,0,never_instantiated,0,,,,,0,0,,,9428,0,never_instantiated,0,,,,,0,0,,region,1,0,never_instantiated,0,,,,,0,0,partsupp,,39913,0,never_instantiated,0,,,,,0,0,supplier,nation,5,0,never_instantiated,0,,,,,0,0
Q03,3,10,1,0.82,,customer,600888,1,active,602100,,,,,72527,36090,lineitem,orders,2926877,1,active,632897,,,,,110016,36548,,,,,,,,,,,,,,,,,,,,,,,,,,,,,,,,,,,,,,,,,,,,,,,,,,,,,,,,,,,,,,,,,,,,,,,,,,,,,,,,,,,,
Q04,3,10,1,1.34,,,1146356,1,frozen,2898434,2830383,THC-Full,,,458752,36998,lineitem,,1146356,1,active,75869244,,,,,524903,1416,,,,,,,,,,,,,,,,,,,,,,,,,,,,,,,,,,,,,,,,,,,,,,,,,,,,,,,,,,,,,,,,,,,,,,,,,,,,,,,,,,,,
Q05,3,10,1,1.44,,region,1,0,never_instantiated,0,,,,,0,0,,nation,5,0,never_instantiated,0,,,,,0,0,,customer,600016,1,active,3644414,,,,,61333,3657,,supplier,200000,0,never_instantiated,0,,,,,0,0,lineitem,orders,910865,1,active,3785082,,,,,436668,24589,,,,,,,,,,,,,,,,,,,,,,,,,,,,,,,,,,,,,,,,,,,,,,,,
Q06,3,10,1,0.41,,,,,,,,,,,,,,,,,,,,,,,,,,,,,,,,,,,,,,,,,,,,,,,,,,,,,,,,,,,,,,,,,,,,,,,,,,,,,,,,,,,,,,,,,,,,,,,,,,,,,,,,,,,,
Q07,3,10,1,0.82,,nation,2,0,never_instantiated,0,,,,,0,0,,customer,240492,0,never_instantiated,0,,,,,0,0,,nation,2,0,never_instantiated,0,,,,,0,0,,supplier,15988,0,never_instantiated,0,,,,,0,0,lineitem,orders,2451059,1,active,245171,,,,,85719,85719,,,,,,,,,,,,,,,,,,,,,,,,,,,,,,,,,,,,,,,,,,,,,,,,
Q08,3,10,1,1.03,,region,1,0,never_instantiated,0,,,,,0,0,,nation,5,0,never_instantiated,0,,,,,0,0,customer,,48849,0,never_instantiated,0,,,,,0,0,orders,,49794,0,never_instantiated,0,,,,,0,0,,nation,25,0,never_instantiated,0,,,,,0,0,,supplier,200000,0,never_instantiated,0,,,,,0,0,lineitem,part,26819,0,never_instantiated,0,,,,,0,0,,,,,,,,,,,,,,,,,,,,,,,,
Q09,3,10,1,2.26,,nation,25,0,never_instantiated,0,,,,,0,0,,part,217392,0,never_instantiated,0,,,,,0,0,,orders,30000000,1,frozen,6631715,2277882,THC-Full,,,917504,94237,,supplier,200000,0,never_instantiated,0,,,,,0,0,lineitem,partsupp,16000000,1,frozen,6631715,1659052,THC-Full,,,458756,100818,,,,,,,,,,,,,,,,,,,,,,,,,,,,,,,,,,,,,,,,,,,,,,,,
Q10,3,10,1,1.13,,nation,25,0,never_instantiated,0,,,,,0,0,customer,,2290399,0,never_instantiated,0,,,,,0,0,lineitem,orders,1145890,1,active,2295418,,,,,477557,43967,,,,,,,,,,,,,,,,,,,,,,,,,,,,,,,,,,,,,,,,,,,,,,,,,,,,,,,,,,,,,,,,,,,,,,,,
Q11,3,10,1,0.21,partsupp,,8087,0,never_instantiated,0,,,,,0,0,supplier,nation,1,0,never_instantiated,0,,,,,0,0,partsupp,,8087,0,never_instantiated,0,,,,,0,0,supplier,nation,1,0,never_instantiated,0,,,,,0,0,,,,,,,,,,,,,,,,,,,,,,,,,,,,,,,,,,,,,,,,,,,,,,,,,,,,,,,,,,,,
Q12,3,10,1,0.82,orders,lineitem,621378,1,active,30000000,,,,,291428,2070,,,,,,,,,,,,,,,,,,,,,,,,,,,,,,,,,,,,,,,,,,,,,,,,,,,,,,,,,,,,,,,,,,,,,,,,,,,,,,,,,,,,,,,,,,,,,,,,
Q13,3,10,1,1.95,orders,customer,3000000,1,active,29689534,,,,,1818144,104337,,,,,,,,,,,,,,,,,,,,,,,,,,,,,,,,,,,,,,,,,,,,,,,,,,,,,,,,,,,,,,,,,,,,,,,,,,,,,,,,,,,,,,,,,,,,,,,,
Q14,3,10,1,1.13,lineitem,part,4000000,1,frozen,1496983,1200486,THC-Full,,,458756,98795,,,,,,,,,,,,,,,,,,,,,,,,,,,,,,,,,,,,,,,,,,,,,,,,,,,,,,,,,,,,,,,,,,,,,,,,,,,,,,,,,,,,,,,,,,,,,,,,
Q15,3,10,1,0.62,,,1,0,never_instantiated,0,,,,,0,0,supplier,,200000,0,never_instantiated,0,,,,,0,0,,,,,,,,,,,,,,,,,,,,,,,,,,,,,,,,,,,,,,,,,,,,,,,,,,,,,,,,,,,,,,,,,,,,,,,,,,,,,,,,,,,,
Q16,3,10,1,0.52,,supplier,106,0,never_instantiated,0,,,,,0,0,partsupp,,593456,0,never_instantiated,0,,,,,0,0,part,,8,0,never_instantiated,0,,,,,0,0,,,,,,,,,,,,,,,,,,,,,,,,,,,,,,,,,,,,,,,,,,,,,,,,,,,,,,,,,,,,,,,,,,,,,,,,
Q17,3,10,1,1.44,lineitem,part,4066,0,never_instantiated,0,,,,,0,0,,,122217,0,never_instantiated,0,,,,,0,0,lineitem,,4066,0,never_instantiated,0,,,,,0,0,,,,,,,,,,,,,,,,,,,,,,,,,,,,,,,,,,,,,,,,,,,,,,,,,,,,,,,,,,,,,,,,,,,,,,,,
Q18,3,10,1,5.54,,lineitem,1281,0,never_instantiated,0,,,,,0,0,,customer,2999999,1,frozen,119994608,4816896,THC-Full,,,458754,24854,lineitem,orders,30000000,1,frozen,119994608,8171520,THC-Full,,,917508,25027,,,,,,,,,,,,,,,,,,,,,,,,,,,,,,,,,,,,,,,,,,,,,,,,,,,,,,,,,,,,,,,,,,,,,,,,
Q19,3,10,1,1.44,lineitem,part,4000000,1,frozen,4285986,1201201,THC-Full,,,458757,98769,,,,,,,,,,,,,,,,,,,,,,,,,,,,,,,,,,,,,,,,,,,,,,,,,,,,,,,,,,,,,,,,,,,,,,,,,,,,,,,,,,,,,,,,,,,,,,,,
Q20,3,10,1,0.82,,,8063,0,never_instantiated,0,,,,,0,0,partsupp,part,43464,0,never_instantiated,0,,,,,0,0,,,7317,0,never_instantiated,0,,,,,0,0,lineitem,,7317,0,never_instantiated,0,,,,,0,0,supplier,nation,1,0,never_instantiated,0,,,,,0,0,,,,,,,,,,,,,,,,,,,,,,,,,,,,,,,,,,,,,,,,,,,,,,,,
Q21,3,10,1,3.69,,nation,1,0,never_instantiated,0,,,,,0,0,,supplier,7984,0,never_instantiated,0,,,,,0,0,lineitem,orders,14617146,1,active,3182020,,,,,699714,46281,,,1464370,1,frozen,5844460,4205694,THC-Full,,,458753,24093,lineitem,,1464364,1,active,119994504,,,,,695727,1138,,,1411363,1,frozen,3690027,2823325,THC-Full,,,458753,36137,lineitem,,1411357,1,active,75869428,,,,,659814,1787,,,,,,,,,,,,,,,,,,,,,,,,
Q22,3,10,1,0.62,,,381883,1,active,3811298,,,,,252744,81372,orders,,381883,1,active,29999949,,,,,253405,13248,,,,,,,,,,,,,,,,,,,,,,,,,,,,,,,,,,,,,,,,,,,,,,,,,,,,,,,,,,,,,,,,,,,,,,,,,,,,,,,,,,,,
Q01,3,11,1,1.03,,,,,,,,,,,,,,,,,,,,,,,,,,,,,,,,,,,,,,,,,,,,,,,,,,,,,,,,,,,,,,,,,,,,,,,,,,,,,,,,,,,,,,,,,,,,,,,,,,,,,,,,,,,,
Q02,3,11,1,0.31,,region,1,0,never_instantiated,0,,,,,0,0,,nation,5,0,never_instantiated,0,,,,,0,0,,part,15890,0,never_instantiated,0,,,,,0,0,partsupp,supplier,39913,0,never_instantiated,0,,,,,0,0,,,12744,0,never_instantiated,0,,,,,0,0,,,9428,0,never_instantiated,0,,,,,0,0,,region,1,0,never_instantiated,0,,,,,0,0,,nation,5,0,never_instantiated,0,,,,,0,0,partsupp,supplier,39913,0,never_instantiated,0,,,,,0,0
Q03,3,11,1,0.82,,customer,600888,1,active,602100,,,,,68398,36047,lineitem,orders,2926877,1,active,632897,,,,,109303,36513,,,,,,,,,,,,,,,,,,,,,,,,,,,,,,,,,,,,,,,,,,,,,,,,,,,,,,,,,,,,,,,,,,,,,,,,,,,,,,,,,,,,
Q04,3,11,1,1.34,,,1146356,1,frozen,2898434,2830300,THC-Full,,,458752,37059,lineitem,,1146356,1,active,75869244,,,,,522987,1398,,,,,,,,,,,,,,,,,,,,,,,,,,,,,,,,,,,,,,,,,,,,,,,,,,,,,,,,,,,,,,,,,,,,,,,,,,,,,,,,,,,,
Q05,3,11,1,1.95,,customer,2999999,1,active,3648658,,,,,61295,3624,,region,1,0,never_instantiated,0,,,,,0,0,,nation,5,0,never_instantiated,0,,,,,0,0,,orders,4549846,1,frozen,3652136,3021380,THC-Full,,,917509,68582,lineitem,supplier,40119,0,never_instantiated,0,,,,,0,0,,,,,,,,,,,,,,,,,,,,,,,,,,,,,,,,,,,,,,,,,,,,,,,,
Q06,3,11,1,0.41,,,,,,,,,,,,,,,,,,,,,,,,,,,,,,,,,,,,,,,,,,,,,,,,,,,,,,,,,,,,,,,,,,,,,,,,,,,,,,,,,,,,,,,,,,,,,,,,,,,,,,,,,,,,
Q07,3,11,1,0.93,,nation,2,0,never_instantiated,0,,,,,0,0,,nation,2,0,never_instantiated,0,,,,,0,0,,customer,240492,0,never_instantiated,0,,,,,0,0,,orders,2451059,1,active,239361,,,,,87151,87151,lineitem,supplier,15988,0,never_instantiated,0,,,,,0,0,,,,,,,,,,,,,,,,,,,,,,,,,,,,,,,,,,,,,,,,,,,,,,,,
Q08,3,11,1,0.93,,region,1,0,never_instantiated,0,,,,,0,0,,nation,5,0,never_instantiated,0,,,,,0,0,customer,,48849,0,never_instantiated,0,,,,,0,0,,nation,25,0,never_instantiated,0,,,,,0,0,orders,,49794,0,never_instantiated,0,,,,,0,0,,part,26819,0,never_instantiated,0,,,,,0,0,lineitem,supplier,200000,0,never_instantiated,0,,,,,0,0,,,,,,,,,,,,,,,,,,,,,,,,
Q09,3,11,1,2.26,,orders,30000000,1,frozen,6521328,2275539,THC-Full,,,917508,90973,,part,217392,0,never_instantiated,0,,,,,0,0,,nation,25,0,never_instantiated,0,,,,,0,0,,partsupp,16000000,1,frozen,6631715,1673900,THC-Full,,,458755,95528,lineitem,supplier,200000,0,never_instantiated,0,,,,,0,0,,,,,,,,,,,,,,,,,,,,,,,,,,,,,,,,,,,,,,,,,,,,,,,,
Q10,3,11,1,1.13,,nation,25,0,never_instantiated,0,,,,,0,0,customer,,2290399,0,never_instantiated,0,,,,,0,0,lineitem,orders,1145890,1,active,2295418,,,,,480112,43102,,,,,,,,,,,,,,,,,,,,,,,,,,,,,,,,,,,,,,,,,,,,,,,,,,,,,,,,,,,,,,,,,,,,,,,,
Q11,3,11,1,0.31,,nation,1,0,never_instantiated,0,,,,,0,0,partsupp,supplier,8087,0,never_instantiated,0,,,,,0,0,,nation,1,0,never_instantiated,0,,,,,0,0,partsupp,supplier,8087,0,never_instantiated,0,,,,,0,0,,,,,,,,,,,,,,,,,,,,,,,,,,,,,,,,,,,,,,,,,,,,,,,,,,,,,,,,,,,,
Q12,3,11,1,0.82,orders,lineitem,621378,1,active,30000000,,,,,291946,2023,,,,,,,,,,,,,,,,,,,,,,,,,,,,,,,,,,,,,,,,,,,,,,,,,,,,,,,,,,,,,,,,,,,,,,,,,,,,,,,,,,,,,,,,,,,,,,,,
Q13,3,11,1,1.95,orders,customer,3000000,1,active,29689534,,,,,1818282,98567,,,,,,,,,,,,,,,,,,,,,,,,,,,,,,,,,,,,,,,,,,,,,,,,,,,,,,,,,,,,,,,,,,,,,,,,,,,,,,,,,,,,,,,,,,,,,,,,
Q14,3,11,1,1.13,lineitem,part,4000000,1,frozen,1496983,1200528,THC-Full,,,458756,98842,,,,,,,,,,,,,,,,,,,,,,,,,,,,,,,,,,,,,,,,,,,,,,,,,,,,,,,,,,,,,,,,,,,,,,,,,,,,,,,,,,,,,,,,,,,,,,,,
Q15,3,11,1,0.62,,,1,0,never_instantiated,0,,,,,0,0,supplier,,200000,0,never_instantiated,0,,,,,0,0,,,,,,,,,,,,,,,,,,,,,,,,,,,,,,,,,,,,,,,,,,,,,,,,,,,,,,,,,,,,,,,,,,,,,,,,,,,,,,,,,,,,
Q16,3,11,1,0.52,,supplier,106,0,never_instantiated,0,,,,,0,0,partsupp,,593456,0,never_instantiated,0,,,,,0,0,part,,8,0,never_instantiated,0,,,,,0,0,,,,,,,,,,,,,,,,,,,,,,,,,,,,,,,,,,,,,,,,,,,,,,,,,,,,,,,,,,,,,,,,,,,,,,,,
Q17,3,11,1,1.44,lineitem,part,4066,0,never_instantiated,0,,,,,0,0,,,122217,0,never_instantiated,0,,,,,0,0,lineitem,,4066,0,never_instantiated,0,,,,,0,0,,,,,,,,,,,,,,,,,,,,,,,,,,,,,,,,,,,,,,,,,,,,,,,,,,,,,,,,,,,,,,,,,,,,,,,,
Q18,3,11,1,5.54,,lineitem,1281,0,never_instantiated,0,,,,,0,0,,customer,2999999,1,frozen,119994608,4806656,THC-Full,,,458753,25867,lineitem,orders,30000000,1,frozen,119994608,8237056,THC-Full,,,917506,26060,,,,,,,,,,,,,,,,,,,,,,,,,,,,,,,,,,,,,,,,,,,,,,,,,,,,,,,,,,,,,,,,,,,,,,,,
Q19,3,11,1,1.44,lineitem,part,4000000,1,frozen,4285986,1201360,THC-Full,,,458754,98701,,,,,,,,,,,,,,,,,,,,,,,,,,,,,,,,,,,,,,,,,,,,,,,,,,,,,,,,,,,,,,,,,,,,,,,,,,,,,,,,,,,,,,,,,,,,,,,,
Q20,3,11,1,0.82,,,8063,0,never_instantiated,0,,,,,0,0,partsupp,part,43464,0,never_instantiated,0,,,,,0,0,,,7317,0,never_instantiated,0,,,,,0,0,lineitem,,7317,0,never_instantiated,0,,,,,0,0,supplier,nation,1,0,never_instantiated,0,,,,,0,0,,,,,,,,,,,,,,,,,,,,,,,,,,,,,,,,,,,,,,,,,,,,,,,,
Q21,3,11,1,3.70,,nation,1,0,never_instantiated,0,,,,,0,0,,orders,14617146,1,active,3033530,,,,,655198,45857,lineitem,supplier,7984,0,never_instantiated,0,,,,,0,0,,,1464370,1,frozen,5844460,4204609,THC-Full,,,458753,24092,lineitem,,1464364,1,active,119994504,,,,,694182,1125,,,1411363,1,frozen,3690027,2825816,THC-Full,,,458756,37541,lineitem,,1411357,1,active,75869428,,,,,661551,1837,,,,,,,,,,,,,,,,,,,,,,,,
Q22,3,11,1,0.62,,,381883,1,active,3811298,,,,,252703,81448,orders,,381883,1,active,29999949,,,,,253314,13426,,,,,,,,,,,,,,,,,,,,,,,,,,,,,,,,,,,,,,,,,,,,,,,,,,,,,,,,,,,,,,,,,,,,,,,,,,,,,,,,,,,,
Q01,3,12,1,1.03,,,,,,,,,,,,,,,,,,,,,,,,,,,,,,,,,,,,,,,,,,,,,,,,,,,,,,,,,,,,,,,,,,,,,,,,,,,,,,,,,,,,,,,,,,,,,,,,,,,,,,,,,,,,
Q02,3,12,1,0.31,,region,1,0,never_instantiated,0,,,,,0,0,,nation,5,0,never_instantiated,0,,,,,0,0,supplier,,12763,0,never_instantiated,0,,,,,0,0,partsupp,part,15890,0,never_instantiated,0,,,,,0,0,,,12744,0,never_instantiated,0,,,,,0,0,,,9428,0,never_instantiated,0,,,,,0,0,partsupp,,39913,0,never_instantiated,0,,,,,0,0,,region,1,0,never_instantiated,0,,,,,0,0,supplier,nation,5,0,never_instantiated,0,,,,,0,0
Q03,3,12,1,0.82,,customer,600888,1,active,602100,,,,,69085,36748,lineitem,orders,2926877,1,active,632897,,,,,109323,36556,,,,,,,,,,,,,,,,,,,,,,,,,,,,,,,,,,,,,,,,,,,,,,,,,,,,,,,,,,,,,,,,,,,,,,,,,,,,,,,,,,,,
Q04,3,12,1,1.34,,,1146356,1,frozen,2898434,2836944,THC-Full,,,458754,36401,lineitem,,1146356,1,active,75869244,,,,,523640,1441,,,,,,,,,,,,,,,,,,,,,,,,,,,,,,,,,,,,,,,,,,,,,,,,,,,,,,,,,,,,,,,,,,,,,,,,,,,,,,,,,,,,
Q05,3,12,1,1.75,,supplier,200000,0,never_instantiated,0,,,,,0,0,,region,1,0,never_instantiated,0,,,,,0,0,,nation,5,0,never_instantiated,0,,,,,0,0,,customer,600016,1,active,3644414,,,,,261074,24255,lineitem,orders,910865,1,active,3785082,,,,,436891,24175,,,,,,,,,,,,,,,,,,,,,,,,,,,,,,,,,,,,,,,,,,,,,,,,
Q06,3,12,1,0.41,,,,,,,,,,,,,,,,,,,,,,,,,,,,,,,,,,,,,,,,,,,,,,,,,,,,,,,,,,,,,,,,,,,,,,,,,,,,,,,,,,,,,,,,,,,,,,,,,,,,,,,,,,,,
Q07,3,12,1,0.82,,nation,2,0,never_instantiated,0,,,,,0,0,,supplier,15988,0,never_instantiated,0,,,,,0,0,,nation,2,0,never_instantiated,0,,,,,0,0,,customer,240492,0,never_instantiated,0,,,,,0,0,lineitem,orders,2451059,1,active,245171,,,,,85746,85746,,,,,,,,,,,,,,,,,,,,,,,,,,,,,,,,,,,,,,,,,,,,,,,,
Q08,3,12,1,0.93,,part,26819,0,never_instantiated,0,,,,,0,0,,region,1,0,never_instantiated,0,,,,,0,0,,nation,5,0,never_instantiated,0,,,,,0,0,,customer,599689,1,active,55741,,,,,0,0,,nation,25,0,never_instantiated,0,,,,,0,0,,supplier,200000,0,never_instantiated,0,,,,,0,0,lineitem,orders,1822210,1,active,56835,,,,,0,0,,,,,,,,,,,,,,,,,,,,,,,,
Q09,3,12,1,3.79,,partsupp,16000000,1,frozen,6521328,1602324,THC-Full,,,458754,94578,,nation,25,0,never_instantiated,0,,,,,0,0,,part,217392,0,never_instantiated,0,,,,,0,0,,supplier,200000,0,never_instantiated,0,,,,,0,0,lineitem,orders,30000000,1,frozen,6631715,2403167,THC-Full,,,917508,89817,,,,,,,,,,,,,,,,,,,,,,,,,,,,,,,,,,,,,,,,,,,,,,,,
Q10,3,12,1,1.13,,nation,25,0,never_instantiated,0,,,,,0,0,customer,,2290399,0,never_instantiated,0,,,,,0,0,lineitem,orders,1145890,1,active,2295418,,,,,477019,43096,,,,,,,,,,,,,,,,,,,,,,,,,,,,,,,,,,,,,,,,,,,,,,,,,,,,,,,,,,,,,,,,,,,,,,,,
Q11,3,12,1,0.21,partsupp,,8087,0,never_instantiated,0,,,,,0,0,supplier,nation,1,0,never_instantiated,0,,,,,0,0,partsupp,,8087,0,never_instantiated,0,,,,,0,0,supplier,nation,1,0,never_instantiated,0,,,,,0,0,,,,,,,,,,,,,,,,,,,,,,,,,,,,,,,,,,,,,,,,,,,,,,,,,,,,,,,,,,,,
Q12,3,12,1,0.82,orders,lineitem,621378,1,active,30000000,,,,,290559,2065,,,,,,,,,,,,,,,,,,,,,,,,,,,,,,,,,,,,,,,,,,,,,,,,,,,,,,,,,,,,,,,,,,,,,,,,,,,,,,,,,,,,,,,,,,,,,,,,
Q13,3,12,1,1.85,orders,customer,3000000,1,active,29689534,,,,,1817995,100477,,,,,,,,,,,,,,,,,,,,,,,,,,,,,,,,,,,,,,,,,,,,,,,,,,,,,,,,,,,,,,,,,,,,,,,,,,,,,,,,,,,,,,,,,,,,,,,,
Q14,3,12,1,1.13,lineitem,part,4000000,1,frozen,1496983,1200416,THC-Full,,,458758,86515,,,,,,,,,,,,,,,,,,,,,,,,,,,,,,,,,,,,,,,,,,,,,,,,,,,,,,,,,,,,,,,,,,,,,,,,,,,,,,,,,,,,,,,,,,,,,,,,
Q15,3,12,1,0.62,,,1,0,never_instantiated,0,,,,,0,0,supplier,,200000,0,never_instantiated,0,,,,,0,0,,,,,,,,,,,,,,,,,,,,,,,,,,,,,,,,,,,,,,,,,,,,,,,,,,,,,,,,,,,,,,,,,,,,,,,,,,,,,,,,,,,,
Q16,3,12,1,0.52,,supplier,106,0,never_instantiated,0,,,,,0,0,partsupp,,593456,0,never_instantiated,0,,,,,0,0,part,,8,0,never_instantiated,0,,,,,0,0,,,,,,,,,,,,,,,,,,,,,,,,,,,,,,,,,,,,,,,,,,,,,,,,,,,,,,,,,,,,,,,,,,,,,,,,
Q17,3,12,1,1.44,lineitem,part,4066,0,never_instantiated,0,,,,,0,0,,,122217,0,never_instantiated,0,,,,,0,0,lineitem,,4066,0,never_instantiated,0,,,,,0,0,,,,,,,,,,,,,,,,,,,,,,,,,,,,,,,,,,,,,,,,,,,,,,,,,,,,,,,,,,,,,,,,,,,,,,,,
Q18,3,12,1,5.54,,lineitem,1281,0,never_instantiated,0,,,,,0,0,,customer,2999999,1,frozen,119994608,4820992,THC-Full,,,458754,25368,lineitem,orders,30000000,1,frozen,119994608,8171520,THC-Full,,,917505,25550,,,,,,,,,,,,,,,,,,,,,,,,,,,,,,,,,,,,,,,,,,,,,,,,,,,,,,,,,,,,,,,,,,,,,,,,
Q19,3,12,1,1.44,lineitem,part,4000000,1,frozen,4285986,1205615,THC-Full,,,458754,98817,,,,,,,,,,,,,,,,,,,,,,,,,,,,,,,,,,,,,,,,,,,,,,,,,,,,,,,,,,,,,,,,,,,,,,,,,,,,,,,,,,,,,,,,,,,,,,,,
Q20,3,12,1,0.82,,,8063,0,never_instantiated,0,,,,,0,0,partsupp,part,43464,0,never_instantiated,0,,,,,0,0,,,7317,0,never_instantiated,0,,,,,0,0,lineitem,,7317,0,never_instantiated,0,,,,,0,0,supplier,nation,1,0,never_instantiated,0,,,,,0,0,,,,,,,,,,,,,,,,,,,,,,,,,,,,,,,,,,,,,,,,,,,,,,,,
Q21,3,12,1,3.69,,nation,1,0,never_instantiated,0,,,,,0,0,,supplier,7984,0,never_instantiated,0,,,,,0,0,lineitem,orders,14617146,1,active,3182020,,,,,695697,46435,,,1464370,1,frozen,5844460,4208539,THC-Full,,,458755,24088,lineitem,,1464364,1,active,119994504,,,,,694932,1167,,,1411363,1,frozen,3690027,2826973,THC-Full,,,458754,37502,lineitem,,1411357,1,active,75869428,,,,,660792,1786,,,,,,,,,,,,,,,,,,,,,,,,
Q22,3,12,1,0.62,,,381883,1,active,3811298,,,,,252773,81588,orders,,381883,1,active,29999949,,,,,253372,13010,,,,,,,,,,,,,,,,,,,,,,,,,,,,,,,,,,,,,,,,,,,,,,,,,,,,,,,,,,,,,,,,,,,,,,,,,,,,,,,,,,,,
Q01,3,13,1,1.03,,,,,,,,,,,,,,,,,,,,,,,,,,,,,,,,,,,,,,,,,,,,,,,,,,,,,,,,,,,,,,,,,,,,,,,,,,,,,,,,,,,,,,,,,,,,,,,,,,,,,,,,,,,,
Q02,3,13,1,0.31,,region,1,0,never_instantiated,0,,,,,0,0,,nation,5,0,never_instantiated,0,,,,,0,0,,part,15890,0,never_instantiated,0,,,,,0,0,partsupp,supplier,39913,0,never_instantiated,0,,,,,0,0,,,12744,0,never_instantiated,0,,,,,0,0,,,9428,0,never_instantiated,0,,,,,0,0,,region,1,0,never_instantiated,0,,,,,0,0,,nation,5,0,never_instantiated,0,,,,,0,0,partsupp,supplier,39913,0,never_instantiated,0,,,,,0,0
Q03,3,13,1,0.82,,customer,600888,1,active,602100,,,,,68415,36023,lineitem,orders,2926877,1,active,632897,,,,,109344,36534,,,,,,,,,,,,,,,,,,,,,,,,,,,,,,,,,,,,,,,,,,,,,,,,,,,,,,,,,,,,,,,,,,,,,,,,,,,,,,,,,,,,
Q04,3,13,1,1.23,,,1146356,1,frozen,2898434,2834152,THC-Full,,,458756,37166,lineitem,,1146356,1,active,75869244,,,,,524319,1431,,,,,,,,,,,,,,,,,,,,,,,,,,,,,,,,,,,,,,,,,,,,,,,,,,,,,,,,,,,,,,,,,,,,,,,,,,,,,,,,,,,,
Q05,3,13,1,9999999,,,,,,,,,,,,,,,,,,,,,,,,,,,,,,,,,,,,,,,,,,,,,,,,,,,,,,,,,,,,,,,,,,,,,,,,,,,,,,,,,,,,,,,,,,,,,,,,,,,,,,,,,,,,
Q06,3,13,1,0.41,,,,,,,,,,,,,,,,,,,,,,,,,,,,,,,,,,,,,,,,,,,,,,,,,,,,,,,,,,,,,,,,,,,,,,,,,,,,,,,,,,,,,,,,,,,,,,,,,,,,,,,,,,,,
Q07,3,13,1,0.93,,nation,2,0,never_instantiated,0,,,,,0,0,,customer,240492,0,never_instantiated,0,,,,,0,0,,nation,2,0,never_instantiated,0,,,,,0,0,,orders,2451059,1,active,239361,,,,,87060,87060,lineitem,supplier,15988,0,never_instantiated,0,,,,,0,0,,,,,,,,,,,,,,,,,,,,,,,,,,,,,,,,,,,,,,,,,,,,,,,,
Q08,3,13,1,0.93,,region,1,0,never_instantiated,0,,,,,0,0,,nation,5,0,never_instantiated,0,,,,,0,0,customer,,48849,0,never_instantiated,0,,,,,0,0,orders,,49794,0,never_instantiated,0,,,,,0,0,,nation,25,0,never_instantiated,0,,,,,0,0,,supplier,200000,0,never_instantiated,0,,,,,0,0,lineitem,part,26819,0,never_instantiated,0,,,,,0,0,,,,,,,,,,,,,,,,,,,,,,,,
Q09,3,13,1,2.16,,nation,25,0,never_instantiated,0,,,,,0,0,,supplier,200000,0,never_instantiated,0,,,,,0,0,,orders,30000000,1,frozen,6521328,2276062,THC-Full,,,917505,91232,,partsupp,16000000,1,frozen,6521328,1654102,THC-Full,,,458755,95899,lineitem,part,217392,0,never_instantiated,0,,,,,0,0,,,,,,,,,,,,,,,,,,,,,,,,,,,,,,,,,,,,,,,,,,,,,,,,
Q10,3,13,1,1.13,,nation,25,0,never_instantiated,0,,,,,0,0,customer,,2290399,0,never_instantiated,0,,,,,0,0,lineitem,orders,1145890,1,active,2295418,,,,,478626,43073,,,,,,,,,,,,,,,,,,,,,,,,,,,,,,,,,,,,,,,,,,,,,,,,,,,,,,,,,,,,,,,,,,,,,,,,
Q11,3,13,1,0.31,,nation,1,0,never_instantiated,0,,,,,0,0,partsupp,supplier,8087,0,never_instantiated,0,,,,,0,0,partsupp,,8087,0,never_instantiated,0,,,,,0,0,supplier,nation,1,0,never_instantiated,0,,,,,0,0,,,,,,,,,,,,,,,,,,,,,,,,,,,,,,,,,,,,,,,,,,,,,,,,,,,,,,,,,,,,
Q12,3,13,1,0.82,orders,lineitem,621378,1,active,30000000,,,,,291623,2021,,,,,,,,,,,,,,,,,,,,,,,,,,,,,,,,,,,,,,,,,,,,,,,,,,,,,,,,,,,,,,,,,,,,,,,,,,,,,,,,,,,,,,,,,,,,,,,,
Q13,3,13,1,1.95,orders,customer,3000000,1,active,29689534,,,,,1818252,102417,,,,,,,,,,,,,,,,,,,,,,,,,,,,,,,,,,,,,,,,,,,,,,,,,,,,,,,,,,,,,,,,,,,,,,,,,,,,,,,,,,,,,,,,,,,,,,,,
Q14,3,13,1,1.03,lineitem,part,4000000,1,frozen,1496983,1200441,THC-Full,,,458758,98817,,,,,,,,,,,,,,,,,,,,,,,,,,,,,,,,,,,,,,,,,,,,,,,,,,,,,,,,,,,,,,,,,,,,,,,,,,,,,,,,,,,,,,,,,,,,,,,,
Q15,3,13,1,0.62,,,1,0,never_instantiated,0,,,,,0,0,supplier,,200000,0,never_instantiated,0,,,,,0,0,,,,,,,,,,,,,,,,,,,,,,,,,,,,,,,,,,,,,,,,,,,,,,,,,,,,,,,,,,,,,,,,,,,,,,,,,,,,,,,,,,,,
Q16,3,13,1,0.62,,supplier,106,0,never_instantiated,0,,,,,0,0,partsupp,,593456,0,never_instantiated,0,,,,,0,0,part,,8,0,never_instantiated,0,,,,,0,0,,,,,,,,,,,,,,,,,,,,,,,,,,,,,,,,,,,,,,,,,,,,,,,,,,,,,,,,,,,,,,,,,,,,,,,,
Q17,3,13,1,1.44,lineitem,part,4066,0,never_instantiated,0,,,,,0,0,,,122217,0,never_instantiated,0,,,,,0,0,lineitem,,4066,0,never_instantiated,0,,,,,0,0,,,,,,,,,,,,,,,,,,,,,,,,,,,,,,,,,,,,,,,,,,,,,,,,,,,,,,,,,,,,,,,,,,,,,,,,
Q18,3,13,1,5.44,,lineitem,1281,0,never_instantiated,0,,,,,0,0,,customer,2999999,1,frozen,119994608,4804608,THC-Full,,,458753,25355,lineitem,orders,30000000,1,frozen,119994608,8214528,THC-Full,,,917506,26052,,,,,,,,,,,,,,,,,,,,,,,,,,,,,,,,,,,,,,,,,,,,,,,,,,,,,,,,,,,,,,,,,,,,,,,,
Q19,3,13,1,1.44,lineitem,part,4000000,1,frozen,4285986,1203439,THC-Full,,,458756,98703,,,,,,,,,,,,,,,,,,,,,,,,,,,,,,,,,,,,,,,,,,,,,,,,,,,,,,,,,,,,,,,,,,,,,,,,,,,,,,,,,,,,,,,,,,,,,,,,
Q20,3,13,1,0.82,,,8063,0,never_instantiated,0,,,,,0,0,partsupp,part,43464,0,never_instantiated,0,,,,,0,0,,,7317,0,never_instantiated,0,,,,,0,0,lineitem,,7317,0,never_instantiated,0,,,,,0,0,supplier,nation,1,0,never_instantiated,0,,,,,0,0,,,,,,,,,,,,,,,,,,,,,,,,,,,,,,,,,,,,,,,,,,,,,,,,
Q21,3,13,1,3.69,,nation,1,0,never_instantiated,0,,,,,0,0,,orders,14617146,1,active,3033530,,,,,656417,45991,lineitem,supplier,7984,0,never_instantiated,0,,,,,0,0,,,1464370,1,frozen,5844460,4204914,THC-Full,,,458753,24140,lineitem,,1464364,1,active,119994504,,,,,695909,1159,,,1411363,1,frozen,3690027,2822580,THC-Full,,,458752,36224,lineitem,,1411357,1,active,75869428,,,,,661437,1773,,,,,,,,,,,,,,,,,,,,,,,,
Q22,3,13,1,0.62,,,381883,1,active,3811298,,,,,252743,81607,orders,,381883,1,active,29999949,,,,,253376,12964,,,,,,,,,,,,,,,,,,,,,,,,,,,,,,,,,,,,,,,,,,,,,,,,,,,,,,,,,,,,,,,,,,,,,,,,,,,,,,,,,,,,
Q01,3,14,1,1.03,,,,,,,,,,,,,,,,,,,,,,,,,,,,,,,,,,,,,,,,,,,,,,,,,,,,,,,,,,,,,,,,,,,,,,,,,,,,,,,,,,,,,,,,,,,,,,,,,,,,,,,,,,,,
Q02,3,14,1,0.31,,region,1,0,never_instantiated,0,,,,,0,0,,nation,5,0,never_instantiated,0,,,,,0,0,supplier,,12763,0,never_instantiated,0,,,,,0,0,partsupp,part,15890,0,never_instantiated,0,,,,,0,0,,,12744,0,never_instantiated,0,,,,,0,0,,,9428,0,never_instantiated,0,,,,,0,0,,region,1,0,never_instantiated,0,,,,,0,0,,nation,5,0,never_instantiated,0,,,,,0,0,partsupp,supplier,39913,0,never_instantiated,0,,,,,0,0
Q03,3,14,1,0.82,,customer,600888,1,active,602100,,,,,69122,36142,lineitem,orders,2926877,1,active,632897,,,,,110126,36562,,,,,,,,,,,,,,,,,,,,,,,,,,,,,,,,,,,,,,,,,,,,,,,,,,,,,,,,,,,,,,,,,,,,,,,,,,,,,,,,,,,,
Q04,3,14,1,1.34,,,1146356,1,frozen,2898434,2829677,THC-Full,,,458753,36411,lineitem,,1146356,1,active,75869244,,,,,524632,1421,,,,,,,,,,,,,,,,,,,,,,,,,,,,,,,,,,,,,,,,,,,,,,,,,,,,,,,,,,,,,,,,,,,,,,,,,,,,,,,,,,,,
Q05,3,14,1,1.44,,region,1,0,never_instantiated,0,,,,,0,0,,nation,5,0,never_instantiated,0,,,,,0,0,,customer,600016,1,active,3644414,,,,,61273,3653,,supplier,200000,0,never_instantiated,0,,,,,0,0,lineitem,orders,910865,1,active,3785082,,,,,438487,24560,,,,,,,,,,,,,,,,,,,,,,,,,,,,,,,,,,,,,,,,,,,,,,,,
Q06,3,14,1,0.41,,,,,,,,,,,,,,,,,,,,,,,,,,,,,,,,,,,,,,,,,,,,,,,,,,,,,,,,,,,,,,,,,,,,,,,,,,,,,,,,,,,,,,,,,,,,,,,,,,,,,,,,,,,,
Q07,3,14,1,0.82,,nation,2,0,never_instantiated,0,,,,,0,0,,customer,240492,0,never_instantiated,0,,,,,0,0,,nation,2,0,never_instantiated,0,,,,,0,0,,supplier,15988,0,never_instantiated,0,,,,,0,0,lineitem,orders,2451059,1,active,245171,,,,,86413,86413,,,,,,,,,,,,,,,,,,,,,,,,,,,,,,,,,,,,,,,,,,,,,,,,
Q08,3,14,1,0.93,,region,1,0,never_instantiated,0,,,,,0,0,,nation,5,0,never_instantiated,0,,,,,0,0,,part,26819,0,never_instantiated,0,,,,,0,0,,customer,599689,1,active,55741,,,,,0,0,,orders,1822210,1,active,56835,,,,,0,0,,nation,25,0,never_instantiated,0,,,,,0,0,lineitem,supplier,200000,0,never_instantiated,0,,,,,0,0,,,,,,,,,,,,,,,,,,,,,,,,
Q09,3,14,1,2.16,,nation,25,0,never_instantiated,0,,,,,0,0,,supplier,200000,0,never_instantiated,0,,,,,0,0,,part,217392,0,never_instantiated,0,,,,,0,0,,orders,30000000,1,frozen,6631715,2479970,THC-Full,,,917505,90970,lineitem,partsupp,16000000,1,frozen,6631715,1656956,THC-Full,,,458754,95882,,,,,,,,,,,,,,,,,,,,,,,,,,,,,,,,,,,,,,,,,,,,,,,,
Q10,3,14,1,1.13,,nation,25,0,never_instantiated,0,,,,,0,0,customer,,2290399,0,never_instantiated,0,,,,,0,0,lineitem,orders,1145890,1,active,2295418,,,,,481451,43940,,,,,,,,,,,,,,,,,,,,,,,,,,,,,,,,,,,,,,,,,,,,,,,,,,,,,,,,,,,,,,,,,,,,,,,,
Q11,3,14,1,0.21,partsupp,,8087,0,never_instantiated,0,,,,,0,0,supplier,nation,1,0,never_instantiated,0,,,,,0,0,partsupp,,8087,0,never_instantiated,0,,,,,0,0,supplier,nation,1,0,never_instantiated,0,,,,,0,0,,,,,,,,,,,,,,,,,,,,,,,,,,,,,,,,,,,,,,,,,,,,,,,,,,,,,,,,,,,,
Q12,3,14,1,0.93,orders,lineitem,621378,1,active,30000000,,,,,291714,2177,,,,,,,,,,,,,,,,,,,,,,,,,,,,,,,,,,,,,,,,,,,,,,,,,,,,,,,,,,,,,,,,,,,,,,,,,,,,,,,,,,,,,,,,,,,,,,,,
Q13,3,14,1,1.95,orders,customer,3000000,1,active,29689534,,,,,1818258,102428,,,,,,,,,,,,,,,,,,,,,,,,,,,,,,,,,,,,,,,,,,,,,,,,,,,,,,,,,,,,,,,,,,,,,,,,,,,,,,,,,,,,,,,,,,,,,,,,
Q14,3,14,1,1.03,lineitem,part,4000000,1,frozen,1496983,1200508,THC-Full,,,458755,98858,,,,,,,,,,,,,,,,,,,,,,,,,,,,,,,,,,,,,,,,,,,,,,,,,,,,,,,,,,,,,,,,,,,,,,,,,,,,,,,,,,,,,,,,,,,,,,,,
Q15,3,14,1,0.62,,,1,0,never_instantiated,0,,,,,0,0,supplier,,200000,0,never_instantiated,0,,,,,0,0,,,,,,,,,,,,,,,,,,,,,,,,,,,,,,,,,,,,,,,,,,,,,,,,,,,,,,,,,,,,,,,,,,,,,,,,,,,,,,,,,,,,
Q16,3,14,1,0.52,,supplier,106,0,never_instantiated,0,,,,,0,0,partsupp,,593456,0,never_instantiated,0,,,,,0,0,part,,8,0,never_instantiated,0,,,,,0,0,,,,,,,,,,,,,,,,,,,,,,,,,,,,,,,,,,,,,,,,,,,,,,,,,,,,,,,,,,,,,,,,,,,,,,,,
Q17,3,14,1,1.44,lineitem,part,4066,0,never_instantiated,0,,,,,0,0,,,122217,0,never_instantiated,0,,,,,0,0,lineitem,,4066,0,never_instantiated,0,,,,,0,0,,,,,,,,,,,,,,,,,,,,,,,,,,,,,,,,,,,,,,,,,,,,,,,,,,,,,,,,,,,,,,,,,,,,,,,,
Q18,3,14,1,5.54,,lineitem,1281,0,never_instantiated,0,,,,,0,0,,customer,2999999,1,frozen,119994608,4814848,THC-Full,,,458753,26384,lineitem,orders,30000000,1,frozen,119994608,8175616,THC-Full,,,917505,26574,,,,,,,,,,,,,,,,,,,,,,,,,,,,,,,,,,,,,,,,,,,,,,,,,,,,,,,,,,,,,,,,,,,,,,,,
Q19,3,14,1,1.44,lineitem,part,4000000,1,frozen,4285986,1202965,THC-Full,,,458756,98750,,,,,,,,,,,,,,,,,,,,,,,,,,,,,,,,,,,,,,,,,,,,,,,,,,,,,,,,,,,,,,,,,,,,,,,,,,,,,,,,,,,,,,,,,,,,,,,,
Q20,3,14,1,0.82,,,8063,0,never_instantiated,0,,,,,0,0,partsupp,part,43464,0,never_instantiated,0,,,,,0,0,,,7317,0,never_instantiated,0,,,,,0,0,lineitem,,7317,0,never_instantiated,0,,,,,0,0,supplier,nation,1,0,never_instantiated,0,,,,,0,0,,,,,,,,,,,,,,,,,,,,,,,,,,,,,,,,,,,,,,,,,,,,,,,,
Q21,3,14,1,3.69,,nation,1,0,never_instantiated,0,,,,,0,0,,supplier,7984,0,never_instantiated,0,,,,,0,0,lineitem,orders,14617146,1,active,3182020,,,,,696031,46509,,,1464370,1,frozen,5844460,4206149,THC-Full,,,458754,24103,lineitem,,1464364,1,active,119994504,,,,,696222,1235,,,1411363,1,frozen,3690027,2823337,THC-Full,,,458752,36169,lineitem,,1411357,1,active,75869428,,,,,660821,1738,,,,,,,,,,,,,,,,,,,,,,,,
Q22,3,14,1,0.62,,,381883,1,active,3811298,,,,,252739,81546,orders,,381883,1,active,29999949,,,,,253370,13486,,,,,,,,,,,,,,,,,,,,,,,,,,,,,,,,,,,,,,,,,,,,,,,,,,,,,,,,,,,,,,,,,,,,,,,,,,,,,,,,,,,,
Q01,3,15,1,1.03,,,,,,,,,,,,,,,,,,,,,,,,,,,,,,,,,,,,,,,,,,,,,,,,,,,,,,,,,,,,,,,,,,,,,,,,,,,,,,,,,,,,,,,,,,,,,,,,,,,,,,,,,,,,
Q02,3,15,1,0.31,,region,1,0,never_instantiated,0,,,,,0,0,,nation,5,0,never_instantiated,0,,,,,0,0,,part,15890,0,never_instantiated,0,,,,,0,0,partsupp,supplier,39913,0,never_instantiated,0,,,,,0,0,,,12744,0,never_instantiated,0,,,,,0,0,,,9428,0,never_instantiated,0,,,,,0,0,,region,1,0,never_instantiated,0,,,,,0,0,,nation,5,0,never_instantiated,0,,,,,0,0,partsupp,supplier,39913,0,never_instantiated,0,,,,,0,0
Q03,3,15,1,0.82,,customer,600888,1,active,602100,,,,,69118,36740,lineitem,orders,2926877,1,active,632897,,,,,109383,36505,,,,,,,,,,,,,,,,,,,,,,,,,,,,,,,,,,,,,,,,,,,,,,,,,,,,,,,,,,,,,,,,,,,,,,,,,,,,,,,,,,,,
Q04,3,15,1,1.34,,,1146356,1,frozen,2898434,2827387,THC-Full,,,458754,37093,lineitem,,1146356,1,active,75869244,,,,,523695,1436,,,,,,,,,,,,,,,,,,,,,,,,,,,,,,,,,,,,,,,,,,,,,,,,,,,,,,,,,,,,,,,,,,,,,,,,,,,,,,,,,,,,
Q05,3,15,1,1.34,,customer,2999999,1,active,3648658,,,,,60467,3588,,region,1,0,never_instantiated,0,,,,,0,0,,orders,4549846,1,frozen,3652136,3068520,THC-Full,,,917507,68584,,nation,5,0,never_instantiated,0,,,,,0,0,lineitem,supplier,40119,0,never_instantiated,0,,,,,0,0,,,,,,,,,,,,,,,,,,,,,,,,,,,,,,,,,,,,,,,,,,,,,,,,
Q06,3,15,1,0.41,,,,,,,,,,,,,,,,,,,,,,,,,,,,,,,,,,,,,,,,,,,,,,,,,,,,,,,,,,,,,,,,,,,,,,,,,,,,,,,,,,,,,,,,,,,,,,,,,,,,,,,,,,,,
Q07,3,15,1,0.82,,nation,2,0,never_instantiated,0,,,,,0,0,,nation,2,0,never_instantiated,0,,,,,0,0,,customer,240492,0,never_instantiated,0,,,,,0,0,,orders,2451059,1,active,239361,,,,,87161,87161,lineitem,supplier,15988,0,never_instantiated,0,,,,,0,0,,,,,,,,,,,,,,,,,,,,,,,,,,,,,,,,,,,,,,,,,,,,,,,,
Q08,3,15,1,0.93,,region,1,0,never_instantiated,0,,,,,0,0,,nation,5,0,never_instantiated,0,,,,,0,0,customer,,48849,0,never_instantiated,0,,,,,0,0,,nation,25,0,never_instantiated,0,,,,,0,0,,supplier,200000,0,never_instantiated,0,,,,,0,0,,part,26819,0,never_instantiated,0,,,,,0,0,lineitem,orders,1822210,1,active,56835,,,,,0,0,,,,,,,,,,,,,,,,,,,,,,,,
Q09,3,15,1,2.26,,nation,25,0,never_instantiated,0,,,,,0,0,,partsupp,16000000,1,frozen,6521328,1665770,THC-Full,,,458755,95675,,part,217392,0,never_instantiated,0,,,,,0,0,,orders,30000000,1,frozen,6631715,2282660,THC-Full,,,917506,92370,lineitem,supplier,200000,0,never_instantiated,0,,,,,0,0,,,,,,,,,,,,,,,,,,,,,,,,,,,,,,,,,,,,,,,,,,,,,,,,
Q10,3,15,1,1.13,,nation,25,0,never_instantiated,0,,,,,0,0,customer,,2290399,0,never_instantiated,0,,,,,0,0,lineitem,orders,1145890,1,active,2295418,,,,,479149,43873,,,,,,,,,,,,,,,,,,,,,,,,,,,,,,,,,,,,,,,,,,,,,,,,,,,,,,,,,,,,,,,,,,,,,,,,
Q11,3,15,1,0.31,,nation,1,0,never_instantiated,0,,,,,0,0,partsupp,supplier,8087,0,never_instantiated,0,,,,,0,0,,nation,1,0,never_instantiated,0,,,,,0,0,partsupp,supplier,8087,0,never_instantiated,0,,,,,0,0,,,,,,,,,,,,,,,,,,,,,,,,,,,,,,,,,,,,,,,,,,,,,,,,,,,,,,,,,,,,
Q12,3,15,1,0.82,orders,lineitem,621378,1,active,30000000,,,,,291751,2107,,,,,,,,,,,,,,,,,,,,,,,,,,,,,,,,,,,,,,,,,,,,,,,,,,,,,,,,,,,,,,,,,,,,,,,,,,,,,,,,,,,,,,,,,,,,,,,,
Q13,3,15,1,1.95,orders,customer,3000000,1,active,29689534,,,,,1818243,98557,,,,,,,,,,,,,,,,,,,,,,,,,,,,,,,,,,,,,,,,,,,,,,,,,,,,,,,,,,,,,,,,,,,,,,,,,,,,,,,,,,,,,,,,,,,,,,,,
Q14,3,15,1,1.03,lineitem,part,4000000,1,frozen,1496983,1200476,THC-Full,,,458755,98811,,,,,,,,,,,,,,,,,,,,,,,,,,,,,,,,,,,,,,,,,,,,,,,,,,,,,,,,,,,,,,,,,,,,,,,,,,,,,,,,,,,,,,,,,,,,,,,,
Q15,3,15,1,0.62,,,1,0,never_instantiated,0,,,,,0,0,supplier,,200000,0,never_instantiated,0,,,,,0,0,,,,,,,,,,,,,,,,,,,,,,,,,,,,,,,,,,,,,,,,,,,,,,,,,,,,,,,,,,,,,,,,,,,,,,,,,,,,,,,,,,,,
Q16,3,15,1,0.62,,supplier,106,0,never_instantiated,0,,,,,0,0,partsupp,,593456,0,never_instantiated,0,,,,,0,0,part,,8,0,never_instantiated,0,,,,,0,0,,,,,,,,,,,,,,,,,,,,,,,,,,,,,,,,,,,,,,,,,,,,,,,,,,,,,,,,,,,,,,,,,,,,,,,,
Q17,3,15,1,1.33,lineitem,part,4066,0,never_instantiated,0,,,,,0,0,,,122217,0,never_instantiated,0,,,,,0,0,lineitem,,4066,0,never_instantiated,0,,,,,0,0,,,,,,,,,,,,,,,,,,,,,,,,,,,,,,,,,,,,,,,,,,,,,,,,,,,,,,,,,,,,,,,,,,,,,,,,
Q18,3,15,1,5.44,,lineitem,1281,0,never_instantiated,0,,,,,0,0,,customer,2999999,1,frozen,119994608,4800512,THC-Full,,,458752,24854,lineitem,orders,30000000,1,frozen,119994608,8163328,THC-Full,,,917506,25027,,,,,,,,,,,,,,,,,,,,,,,,,,,,,,,,,,,,,,,,,,,,,,,,,,,,,,,,,,,,,,,,,,,,,,,,
Q19,3,15,1,1.44,lineitem,part,4000000,1,frozen,4285986,1203367,THC-Full,,,458755,98778,,,,,,,,,,,,,,,,,,,,,,,,,,,,,,,,,,,,,,,,,,,,,,,,,,,,,,,,,,,,,,,,,,,,,,,,,,,,,,,,,,,,,,,,,,,,,,,,
Q20,3,15,1,0.82,,,8063,0,never_instantiated,0,,,,,0,0,partsupp,part,43464,0,never_instantiated,0,,,,,0,0,,,7317,0,never_instantiated,0,,,,,0,0,lineitem,,7317,0,never_instantiated,0,,,,,0,0,supplier,nation,1,0,never_instantiated,0,,,,,0,0,,,,,,,,,,,,,,,,,,,,,,,,,,,,,,,,,,,,,,,,,,,,,,,,
Q21,3,15,1,3.69,,nation,1,0,never_instantiated,0,,,,,0,0,,orders,14617146,1,active,3033530,,,,,651731,46862,lineitem,supplier,7984,0,never_instantiated,0,,,,,0,0,,,1464370,1,frozen,5844460,4206513,THC-Full,,,458753,24095,lineitem,,1464364,1,active,119994504,,,,,693682,1134,,,1411363,1,frozen,3690027,2811226,THC-Full,,,458754,36128,lineitem,,1411357,1,active,75869428,,,,,661132,1816,,,,,,,,,,,,,,,,,,,,,,,,
Q22,3,15,1,0.62,,,381883,1,active,3811298,,,,,252755,81607,orders,,381883,1,active,29999949,,,,,253393,13498,,,,,,,,,,,,,,,,,,,,,,,,,,,,,,,,,,,,,,,,,,,,,,,,,,,,,,,,,,,,,,,,,,,,,,,,,,,,,,,,,,,,
Q01,3,16,1,1.03,,,,,,,,,,,,,,,,,,,,,,,,,,,,,,,,,,,,,,,,,,,,,,,,,,,,,,,,,,,,,,,,,,,,,,,,,,,,,,,,,,,,,,,,,,,,,,,,,,,,,,,,,,,,
Q02,3,16,1,0.31,,region,1,0,never_instantiated,0,,,,,0,0,,nation,5,0,never_instantiated,0,,,,,0,0,supplier,,12763,0,never_instantiated,0,,,,,0,0,partsupp,part,15890,0,never_instantiated,0,,,,,0,0,,,12744,0,never_instantiated,0,,,,,0,0,,,9428,0,never_instantiated,0,,,,,0,0,partsupp,,39913,0,never_instantiated,0,,,,,0,0,,region,1,0,never_instantiated,0,,,,,0,0,supplier,nation,5,0,never_instantiated,0,,,,,0,0
Q03,3,16,1,1.75,,customer,600888,1,active,2997023,,,,,92728,7527,lineitem,orders,14577240,1,active,64688156,,,,,564438,1801,,,,,,,,,,,,,,,,,,,,,,,,,,,,,,,,,,,,,,,,,,,,,,,,,,,,,,,,,,,,,,,,,,,,,,,,,,,,,,,,,,,,
Q04,3,16,1,1.34,,,1146356,1,frozen,2898434,2831895,THC-Full,,,458753,37078,lineitem,,1146356,1,active,75869244,,,,,523863,1381,,,,,,,,,,,,,,,,,,,,,,,,,,,,,,,,,,,,,,,,,,,,,,,,,,,,,,,,,,,,,,,,,,,,,,,,,,,,,,,,,,,,
Q05,3,16,1,1.64,,region,1,0,never_instantiated,0,,,,,0,0,,nation,5,0,never_instantiated,0,,,,,0,0,,customer,600016,1,active,3648658,,,,,61369,3627,,supplier,40119,0,never_instantiated,0,,,,,0,0,lineitem,orders,4549846,1,frozen,3655815,3027041,THC-Full,,,917508,69484,,,,,,,,,,,,,,,,,,,,,,,,,,,,,,,,,,,,,,,,,,,,,,,,
Q06,3,16,1,0.41,,,,,,,,,,,,,,,,,,,,,,,,,,,,,,,,,,,,,,,,,,,,,,,,,,,,,,,,,,,,,,,,,,,,,,,,,,,,,,,,,,,,,,,,,,,,,,,,,,,,,,,,,,,,
Q07,3,16,1,0.82,,nation,2,0,never_instantiated,0,,,,,0,0,,customer,240492,0,never_instantiated,0,,,,,0,0,,nation,2,0,never_instantiated,0,,,,,0,0,,supplier,15988,0,never_instantiated,0,,,,,0,0,lineitem,orders,2451059,1,active,245171,,,,,85670,85670,,,,,,,,,,,,,,,,,,,,,,,,,,,,,,,,,,,,,,,,,,,,,,,,
Q08,3,16,1,0.93,,region,1,0,never_instantiated,0,,,,,0,0,,nation,5,0,never_instantiated,0,,,,,0,0,customer,,48849,0,never_instantiated,0,,,,,0,0,orders,,49794,0,never_instantiated,0,,,,,0,0,,nation,25,0,never_instantiated,0,,,,,0,0,,supplier,200000,0,never_instantiated,0,,,,,0,0,lineitem,part,26819,0,never_instantiated,0,,,,,0,0,,,,,,,,,,,,,,,,,,,,,,,,
Q09,3,16,1,3.79,,nation,25,0,never_instantiated,0,,,,,0,0,,supplier,200000,0,never_instantiated,0,,,,,0,0,,partsupp,16000000,1,frozen,6521328,1602676,THC-Full,,,458755,94512,,part,217392,0,never_instantiated,0,,,,,0,0,lineitem,orders,30000000,1,frozen,6631715,2403079,THC-Full,,,917505,89673,,,,,,,,,,,,,,,,,,,,,,,,,,,,,,,,,,,,,,,,,,,,,,,,
Q10,3,16,1,1.13,,nation,25,0,never_instantiated,0,,,,,0,0,customer,,2290399,0,never_instantiated,0,,,,,0,0,lineitem,orders,1145890,1,active,2295418,,,,,479462,43019,,,,,,,,,,,,,,,,,,,,,,,,,,,,,,,,,,,,,,,,,,,,,,,,,,,,,,,,,,,,,,,,,,,,,,,,
Q11,3,16,1,0.21,partsupp,,8087,0,never_instantiated,0,,,,,0,0,supplier,nation,1,0,never_instantiated,0,,,,,0,0,partsupp,,8087,0,never_instantiated,0,,,,,0,0,supplier,nation,1,0,never_instantiated,0,,,,,0,0,,,,,,,,,,,,,,,,,,,,,,,,,,,,,,,,,,,,,,,,,,,,,,,,,,,,,,,,,,,,
Q12,3,16,1,0.82,orders,lineitem,621378,1,active,30000000,,,,,290687,2064,,,,,,,,,,,,,,,,,,,,,,,,,,,,,,,,,,,,,,,,,,,,,,,,,,,,,,,,,,,,,,,,,,,,,,,,,,,,,,,,,,,,,,,,,,,,,,,,
Q13,3,16,1,1.95,orders,customer,3000000,1,active,29689534,,,,,1818210,108084,,,,,,,,,,,,,,,,,,,,,,,,,,,,,,,,,,,,,,,,,,,,,,,,,,,,,,,,,,,,,,,,,,,,,,,,,,,,,,,,,,,,,,,,,,,,,,,,
Q14,3,16,1,1.13,lineitem,part,4000000,1,frozen,1496983,1200516,THC-Full,,,458757,98802,,,,,,,,,,,,,,,,,,,,,,,,,,,,,,,,,,,,,,,,,,,,,,,,,,,,,,,,,,,,,,,,,,,,,,,,,,,,,,,,,,,,,,,,,,,,,,,,
Q15,3,16,1,0.62,,,1,0,never_instantiated,0,,,,,0,0,supplier,,200000,0,never_instantiated,0,,,,,0,0,,,,,,,,,,,,,,,,,,,,,,,,,,,,,,,,,,,,,,,,,,,,,,,,,,,,,,,,,,,,,,,,,,,,,,,,,,,,,,,,,,,,
Q16,3,16,1,0.62,,supplier,106,0,never_instantiated,0,,,,,0,0,partsupp,,593456,0,never_instantiated,0,,,,,0,0,part,,8,0,never_instantiated,0,,,,,0,0,,,,,,,,,,,,,,,,,,,,,,,,,,,,,,,,,,,,,,,,,,,,,,,,,,,,,,,,,,,,,,,,,,,,,,,,
Q17,3,16,1,1.44,lineitem,part,4066,0,never_instantiated,0,,,,,0,0,,,122217,0,never_instantiated,0,,,,,0,0,lineitem,,4066,0,never_instantiated,0,,,,,0,0,,,,,,,,,,,,,,,,,,,,,,,,,,,,,,,,,,,,,,,,,,,,,,,,,,,,,,,,,,,,,,,,,,,,,,,,
Q18,3,16,1,5.44,,lineitem,1281,0,never_instantiated,0,,,,,0,0,,customer,2999999,1,frozen,119994608,4839424,THC-Full,,,458753,25861,lineitem,orders,30000000,1,frozen,119994608,8216576,THC-Full,,,917504,26046,,,,,,,,,,,,,,,,,,,,,,,,,,,,,,,,,,,,,,,,,,,,,,,,,,,,,,,,,,,,,,,,,,,,,,,,
Q19,3,16,1,1.44,lineitem,part,4000000,1,frozen,4285986,1201690,THC-Full,,,458755,98751,,,,,,,,,,,,,,,,,,,,,,,,,,,,,,,,,,,,,,,,,,,,,,,,,,,,,,,,,,,,,,,,,,,,,,,,,,,,,,,,,,,,,,,,,,,,,,,,
Q20,3,16,1,0.82,,,8063,0,never_instantiated,0,,,,,0,0,partsupp,part,43464,0,never_instantiated,0,,,,,0,0,,,7317,0,never_instantiated,0,,,,,0,0,lineitem,,7317,0,never_instantiated,0,,,,,0,0,supplier,nation,1,0,never_instantiated,0,,,,,0,0,,,,,,,,,,,,,,,,,,,,,,,,,,,,,,,,,,,,,,,,,,,,,,,,
Q21,3,16,1,3.69,,nation,1,0,never_instantiated,0,,,,,0,0,,supplier,7984,0,never_instantiated,0,,,,,0,0,lineitem,orders,14617146,1,active,3182020,,,,,697728,46581,,,1464370,1,frozen,5844460,4208250,THC-Full,,,458757,24103,lineitem,,1464364,1,active,119994504,,,,,693939,1220,,,1411363,1,frozen,3690027,2818426,THC-Full,,,458753,36142,lineitem,,1411357,1,active,75869428,,,,,660870,1837,,,,,,,,,,,,,,,,,,,,,,,,
Q22,3,16,1,0.62,,,381883,1,active,3811298,,,,,252646,81936,orders,,381883,1,active,29999949,,,,,253337,13509,,,,,,,,,,,,,,,,,,,,,,,,,,,,,,,,,,,,,,,,,,,,,,,,,,,,,,,,,,,,,,,,,,,,,,,,,,,,,,,,,,,,
Q01,3,17,1,1.03,,,,,,,,,,,,,,,,,,,,,,,,,,,,,,,,,,,,,,,,,,,,,,,,,,,,,,,,,,,,,,,,,,,,,,,,,,,,,,,,,,,,,,,,,,,,,,,,,,,,,,,,,,,,
Q02,3,17,1,0.31,,region,1,0,never_instantiated,0,,,,,0,0,,nation,5,0,never_instantiated,0,,,,,0,0,,part,15890,0,never_instantiated,0,,,,,0,0,partsupp,supplier,39913,0,never_instantiated,0,,,,,0,0,,,12744,0,never_instantiated,0,,,,,0,0,,,9428,0,never_instantiated,0,,,,,0,0,partsupp,,39913,0,never_instantiated,0,,,,,0,0,,region,1,0,never_instantiated,0,,,,,0,0,supplier,nation,5,0,never_instantiated,0,,,,,0,0
Q03,3,17,1,0.82,,customer,600888,1,active,602100,,,,,68450,36121,lineitem,orders,2926877,1,active,632897,,,,,109417,36563,,,,,,,,,,,,,,,,,,,,,,,,,,,,,,,,,,,,,,,,,,,,,,,,,,,,,,,,,,,,,,,,,,,,,,,,,,,,,,,,,,,,
Q04,3,17,1,1.34,,,1146356,1,frozen,2898434,2835159,THC-Full,,,458753,37084,lineitem,,1146356,1,active,75869244,,,,,523692,1441,,,,,,,,,,,,,,,,,,,,,,,,,,,,,,,,,,,,,,,,,,,,,,,,,,,,,,,,,,,,,,,,,,,,,,,,,,,,,,,,,,,,
Q05,3,17,1,1.34,,region,1,0,never_instantiated,0,,,,,0,0,,customer,2999999,1,active,3648658,,,,,58388,3666,,nation,5,0,never_instantiated,0,,,,,0,0,,orders,4549846,1,frozen,3652136,3062737,THC-Full,,,917506,69897,lineitem,supplier,40119,0,never_instantiated,0,,,,,0,0,,,,,,,,,,,,,,,,,,,,,,,,,,,,,,,,,,,,,,,,,,,,,,,,
Q06,3,17,1,0.41,,,,,,,,,,,,,,,,,,,,,,,,,,,,,,,,,,,,,,,,,,,,,,,,,,,,,,,,,,,,,,,,,,,,,,,,,,,,,,,,,,,,,,,,,,,,,,,,,,,,,,,,,,,,
Q07,3,17,1,0.93,,nation,2,0,never_instantiated,0,,,,,0,0,,nation,2,0,never_instantiated,0,,,,,0,0,,customer,240492,0,never_instantiated,0,,,,,0,0,,orders,2451059,1,active,239361,,,,,86957,86957,lineitem,supplier,15988,0,never_instantiated,0,,,,,0,0,,,,,,,,,,,,,,,,,,,,,,,,,,,,,,,,,,,,,,,,,,,,,,,,
Q08,3,17,1,0.93,,nation,25,0,never_instantiated,0,,,,,0,0,,region,1,0,never_instantiated,0,,,,,0,0,,nation,5,0,never_instantiated,0,,,,,0,0,customer,,48849,0,never_instantiated,0,,,,,0,0,orders,,49794,0,never_instantiated,0,,,,,0,0,,part,26819,0,never_instantiated,0,,,,,0,0,lineitem,supplier,200000,0,never_instantiated,0,,,,,0,0,,,,,,,,,,,,,,,,,,,,,,,,
Q09,3,17,1,2.26,,partsupp,16000000,1,frozen,6521328,1654144,THC-Full,,,458755,97186,,orders,30000000,1,frozen,6521328,2262670,THC-Full,,,917505,92548,,nation,25,0,never_instantiated,0,,,,,0,0,,supplier,200000,0,never_instantiated,0,,,,,0,0,lineitem,part,217392,0,never_instantiated,0,,,,,0,0,,,,,,,,,,,,,,,,,,,,,,,,,,,,,,,,,,,,,,,,,,,,,,,,
Q10,3,17,1,1.13,,nation,25,0,never_instantiated,0,,,,,0,0,customer,,2290399,0,never_instantiated,0,,,,,0,0,lineitem,orders,1145890,1,active,2295418,,,,,480293,43958,,,,,,,,,,,,,,,,,,,,,,,,,,,,,,,,,,,,,,,,,,,,,,,,,,,,,,,,,,,,,,,,,,,,,,,,
Q11,3,17,1,0.31,,nation,1,0,never_instantiated,0,,,,,0,0,partsupp,supplier,8087,0,never_instantiated,0,,,,,0,0,,nation,1,0,never_instantiated,0,,,,,0,0,partsupp,supplier,8087,0,never_instantiated,0,,,,,0,0,,,,,,,,,,,,,,,,,,,,,,,,,,,,,,,,,,,,,,,,,,,,,,,,,,,,,,,,,,,,
Q12,3,17,1,0.82,orders,lineitem,621378,1,active,30000000,,,,,291383,2058,,,,,,,,,,,,,,,,,,,,,,,,,,,,,,,,,,,,,,,,,,,,,,,,,,,,,,,,,,,,,,,,,,,,,,,,,,,,,,,,,,,,,,,,,,,,,,,,
Q13,3,17,1,1.95,orders,customer,3000000,1,active,29689534,,,,,1818128,98599,,,,,,,,,,,,,,,,,,,,,,,,,,,,,,,,,,,,,,,,,,,,,,,,,,,,,,,,,,,,,,,,,,,,,,,,,,,,,,,,,,,,,,,,,,,,,,,,
Q14,3,17,1,1.13,lineitem,part,4000000,1,frozen,1496983,1200459,THC-Full,,,458755,98808,,,,,,,,,,,,,,,,,,,,,,,,,,,,,,,,,,,,,,,,,,,,,,,,,,,,,,,,,,,,,,,,,,,,,,,,,,,,,,,,,,,,,,,,,,,,,,,,
Q15,3,17,1,0.62,,,1,0,never_instantiated,0,,,,,0,0,supplier,,200000,0,never_instantiated,0,,,,,0,0,,,,,,,,,,,,,,,,,,,,,,,,,,,,,,,,,,,,,,,,,,,,,,,,,,,,,,,,,,,,,,,,,,,,,,,,,,,,,,,,,,,,
Q16,3,17,1,0.62,,supplier,106,0,never_instantiated,0,,,,,0,0,partsupp,,593456,0,never_instantiated,0,,,,,0,0,part,,8,0,never_instantiated,0,,,,,0,0,,,,,,,,,,,,,,,,,,,,,,,,,,,,,,,,,,,,,,,,,,,,,,,,,,,,,,,,,,,,,,,,,,,,,,,,
Q17,3,17,1,1.33,lineitem,part,4066,0,never_instantiated,0,,,,,0,0,,,122217,0,never_instantiated,0,,,,,0,0,lineitem,,4066,0,never_instantiated,0,,,,,0,0,,,,,,,,,,,,,,,,,,,,,,,,,,,,,,,,,,,,,,,,,,,,,,,,,,,,,,,,,,,,,,,,,,,,,,,,
Q18,3,17,1,5.54,,lineitem,1281,0,never_instantiated,0,,,,,0,0,,customer,2999999,1,frozen,119994608,4818944,THC-Full,,,458754,25855,lineitem,orders,30000000,1,frozen,119994608,8228864,THC-Full,,,917504,26043,,,,,,,,,,,,,,,,,,,,,,,,,,,,,,,,,,,,,,,,,,,,,,,,,,,,,,,,,,,,,,,,,,,,,,,,
Q19,3,17,1,1.44,lineitem,part,4000000,1,frozen,4285986,1201468,THC-Full,,,458755,98756,,,,,,,,,,,,,,,,,,,,,,,,,,,,,,,,,,,,,,,,,,,,,,,,,,,,,,,,,,,,,,,,,,,,,,,,,,,,,,,,,,,,,,,,,,,,,,,,
Q20,3,17,1,0.82,,,8063,0,never_instantiated,0,,,,,0,0,partsupp,part,43464,0,never_instantiated,0,,,,,0,0,,,7317,0,never_instantiated,0,,,,,0,0,lineitem,,7317,0,never_instantiated,0,,,,,0,0,supplier,nation,1,0,never_instantiated,0,,,,,0,0,,,,,,,,,,,,,,,,,,,,,,,,,,,,,,,,,,,,,,,,,,,,,,,,
Q21,3,17,1,3.69,,nation,1,0,never_instantiated,0,,,,,0,0,,orders,14617146,1,active,3033530,,,,,650989,46110,lineitem,supplier,7984,0,never_instantiated,0,,,,,0,0,,,1464370,1,frozen,5844460,4207603,THC-Full,,,458754,24074,lineitem,,1464364,1,active,119994504,,,,,695880,1114,,,1411363,1,frozen,3690027,2826503,THC-Full,,,458754,36214,lineitem,,1411357,1,active,75869428,,,,,659634,1790,,,,,,,,,,,,,,,,,,,,,,,,
Q22,3,17,1,0.62,,,381883,1,active,3811298,,,,,252687,81741,orders,,381883,1,active,29999949,,,,,253355,13058,,,,,,,,,,,,,,,,,,,,,,,,,,,,,,,,,,,,,,,,,,,,,,,,,,,,,,,,,,,,,,,,,,,,,,,,,,,,,,,,,,,,
Q01,3,18,1,1.03,,,,,,,,,,,,,,,,,,,,,,,,,,,,,,,,,,,,,,,,,,,,,,,,,,,,,,,,,,,,,,,,,,,,,,,,,,,,,,,,,,,,,,,,,,,,,,,,,,,,,,,,,,,,
Q02,3,18,1,0.31,,region,1,0,never_instantiated,0,,,,,0,0,,nation,5,0,never_instantiated,0,,,,,0,0,supplier,,12763,0,never_instantiated,0,,,,,0,0,partsupp,part,15890,0,never_instantiated,0,,,,,0,0,,,12744,0,never_instantiated,0,,,,,0,0,,,9428,0,never_instantiated,0,,,,,0,0,,region,1,0,never_instantiated,0,,,,,0,0,,nation,5,0,never_instantiated,0,,,,,0,0,partsupp,supplier,39913,0,never_instantiated,0,,,,,0,0
Q03,3,18,1,0.82,,customer,600888,1,active,602100,,,,,68470,36101,lineitem,orders,2926877,1,active,632897,,,,,110803,36564,,,,,,,,,,,,,,,,,,,,,,,,,,,,,,,,,,,,,,,,,,,,,,,,,,,,,,,,,,,,,,,,,,,,,,,,,,,,,,,,,,,,
Q04,3,18,1,1.23,,,1146356,1,frozen,2898434,2838381,THC-Full,,,458752,36386,lineitem,,1146356,1,active,75869244,,,,,524038,1440,,,,,,,,,,,,,,,,,,,,,,,,,,,,,,,,,,,,,,,,,,,,,,,,,,,,,,,,,,,,,,,,,,,,,,,,,,,,,,,,,,,,
Q05,3,18,1,1.75,,region,1,0,never_instantiated,0,,,,,0,0,,customer,2999999,1,active,3648658,,,,,60902,3593,,nation,5,0,never_instantiated,0,,,,,0,0,,supplier,40119,0,never_instantiated,0,,,,,0,0,lineitem,orders,4549846,1,frozen,3655815,3023881,THC-Full,,,917507,69477,,,,,,,,,,,,,,,,,,,,,,,,,,,,,,,,,,,,,,,,,,,,,,,,
Q06,3,18,1,0.41,,,,,,,,,,,,,,,,,,,,,,,,,,,,,,,,,,,,,,,,,,,,,,,,,,,,,,,,,,,,,,,,,,,,,,,,,,,,,,,,,,,,,,,,,,,,,,,,,,,,,,,,,,,,
Q07,3,18,1,0.93,,nation,2,0,never_instantiated,0,,,,,0,0,,nation,2,0,never_instantiated,0,,,,,0,0,,customer,240492,0,never_instantiated,0,,,,,0,0,,supplier,15988,0,never_instantiated,0,,,,,0,0,lineitem,orders,2451059,1,active,245171,,,,,85733,85733,,,,,,,,,,,,,,,,,,,,,,,,,,,,,,,,,,,,,,,,,,,,,,,,
Q08,3,18,1,0.93,,region,1,0,never_instantiated,0,,,,,0,0,,part,26819,0,never_instantiated,0,,,,,0,0,,nation,25,0,never_instantiated,0,,,,,0,0,,nation,5,0,never_instantiated,0,,,,,0,0,,customer,599689,1,active,55741,,,,,0,0,,supplier,200000,0,never_instantiated,0,,,,,0,0,lineitem,orders,1822210,1,active,56835,,,,,0,0,,,,,,,,,,,,,,,,,,,,,,,,
Q09,3,18,1,2.26,,part,217392,0,never_instantiated,0,,,,,0,0,,orders,30000000,1,frozen,6631715,2282813,THC-Full,,,917504,90821,,nation,25,0,never_instantiated,0,,,,,0,0,,supplier,200000,0,never_instantiated,0,,,,,0,0,lineitem,partsupp,16000000,1,frozen,6631715,1663465,THC-Full,,,458754,95724,,,,,,,,,,,,,,,,,,,,,,,,,,,,,,,,,,,,,,,,,,,,,,,,
Q10,3,18,1,1.13,,nation,25,0,never_instantiated,0,,,,,0,0,customer,,2290399,0,never_instantiated,0,,,,,0,0,lineitem,orders,1145890,1,active,2295418,,,,,479341,43127,,,,,,,,,,,,,,,,,,,,,,,,,,,,,,,,,,,,,,,,,,,,,,,,,,,,,,,,,,,,,,,,,,,,,,,,
Q11,3,18,1,0.31,partsupp,,8087,0,never_instantiated,0,,,,,0,0,supplier,nation,1,0,never_instantiated,0,,,,,0,0,,nation,1,0,never_instantiated,0,,,,,0,0,partsupp,supplier,8087,0,never_instantiated,0,,,,,0,0,,,,,,,,,,,,,,,,,,,,,,,,,,,,,,,,,,,,,,,,,,,,,,,,,,,,,,,,,,,,
Q12,3,18,1,0.82,orders,lineitem,621378,1,active,30000000,,,,,290609,1931,,,,,,,,,,,,,,,,,,,,,,,,,,,,,,,,,,,,,,,,,,,,,,,,,,,,,,,,,,,,,,,,,,,,,,,,,,,,,,,,,,,,,,,,,,,,,,,,
Q13,3,18,1,1.85,orders,customer,3000000,1,active,29689534,,,,,1818051,98559,,,,,,,,,,,,,,,,,,,,,,,,,,,,,,,,,,,,,,,,,,,,,,,,,,,,,,,,,,,,,,,,,,,,,,,,,,,,,,,,,,,,,,,,,,,,,,,,
Q14,3,18,1,1.03,lineitem,part,4000000,1,frozen,1496983,1200308,THC-Full,,,458756,98795,,,,,,,,,,,,,,,,,,,,,,,,,,,,,,,,,,,,,,,,,,,,,,,,,,,,,,,,,,,,,,,,,,,,,,,,,,,,,,,,,,,,,,,,,,,,,,,,
Q15,3,18,1,0.62,,,1,0,never_instantiated,0,,,,,0,0,supplier,,200000,0,never_instantiated,0,,,,,0,0,,,,,,,,,,,,,,,,,,,,,,,,,,,,,,,,,,,,,,,,,,,,,,,,,,,,,,,,,,,,,,,,,,,,,,,,,,,,,,,,,,,,
Q16,3,18,1,0.62,,supplier,106,0,never_instantiated,0,,,,,0,0,partsupp,,593456,0,never_instantiated,0,,,,,0,0,part,,8,0,never_instantiated,0,,,,,0,0,,,,,,,,,,,,,,,,,,,,,,,,,,,,,,,,,,,,,,,,,,,,,,,,,,,,,,,,,,,,,,,,,,,,,,,,
Q17,3,18,1,1.44,lineitem,part,4066,0,never_instantiated,0,,,,,0,0,,,122217,0,never_instantiated,0,,,,,0,0,lineitem,,4066,0,never_instantiated,0,,,,,0,0,,,,,,,,,,,,,,,,,,,,,,,,,,,,,,,,,,,,,,,,,,,,,,,,,,,,,,,,,,,,,,,,,,,,,,,,
Q18,3,18,1,5.54,,lineitem,1281,0,never_instantiated,0,,,,,0,0,,customer,2999999,1,frozen,119994608,4839424,THC-Full,,,458753,27377,lineitem,orders,30000000,1,frozen,119994608,8226816,THC-Full,,,917508,27590,,,,,,,,,,,,,,,,,,,,,,,,,,,,,,,,,,,,,,,,,,,,,,,,,,,,,,,,,,,,,,,,,,,,,,,,
Q19,3,18,1,1.44,lineitem,part,4000000,1,frozen,4285986,1203385,THC-Full,,,458755,98766,,,,,,,,,,,,,,,,,,,,,,,,,,,,,,,,,,,,,,,,,,,,,,,,,,,,,,,,,,,,,,,,,,,,,,,,,,,,,,,,,,,,,,,,,,,,,,,,
Q20,3,18,1,0.82,,,8063,0,never_instantiated,0,,,,,0,0,partsupp,part,43464,0,never_instantiated,0,,,,,0,0,,,7317,0,never_instantiated,0,,,,,0,0,lineitem,,7317,0,never_instantiated,0,,,,,0,0,supplier,nation,1,0,never_instantiated,0,,,,,0,0,,,,,,,,,,,,,,,,,,,,,,,,,,,,,,,,,,,,,,,,,,,,,,,,
Q21,3,18,1,3.69,,nation,1,0,never_instantiated,0,,,,,0,0,,supplier,7984,0,never_instantiated,0,,,,,0,0,lineitem,orders,14617146,1,active,3182020,,,,,695485,46067,,,1464370,1,frozen,5844460,4207871,THC-Full,,,458753,24067,lineitem,,1464364,1,active,119994504,,,,,693603,1157,,,1411363,1,frozen,3690027,2819070,THC-Full,,,458754,36152,lineitem,,1411357,1,active,75869428,,,,,660518,1780,,,,,,,,,,,,,,,,,,,,,,,,
Q22,3,18,1,0.62,,,381883,1,active,3811298,,,,,252688,81275,orders,,381883,1,active,29999949,,,,,253399,12276,,,,,,,,,,,,,,,,,,,,,,,,,,,,,,,,,,,,,,,,,,,,,,,,,,,,,,,,,,,,,,,,,,,,,,,,,,,,,,,,,,,,
Q01,3,19,1,1.03,,,,,,,,,,,,,,,,,,,,,,,,,,,,,,,,,,,,,,,,,,,,,,,,,,,,,,,,,,,,,,,,,,,,,,,,,,,,,,,,,,,,,,,,,,,,,,,,,,,,,,,,,,,,
Q02,3,19,1,0.31,,region,1,0,never_instantiated,0,,,,,0,0,,part,15890,0,never_instantiated,0,,,,,0,0,,nation,5,0,never_instantiated,0,,,,,0,0,partsupp,supplier,39913,0,never_instantiated,0,,,,,0,0,,,12744,0,never_instantiated,0,,,,,0,0,,,9428,0,never_instantiated,0,,,,,0,0,,region,1,0,never_instantiated,0,,,,,0,0,,nation,5,0,never_instantiated,0,,,,,0,0,partsupp,supplier,39913,0,never_instantiated,0,,,,,0,0
Q03,3,19,1,0.82,,customer,600888,1,active,602100,,,,,68404,36059,lineitem,orders,2926877,1,active,632897,,,,,109257,36505,,,,,,,,,,,,,,,,,,,,,,,,,,,,,,,,,,,,,,,,,,,,,,,,,,,,,,,,,,,,,,,,,,,,,,,,,,,,,,,,,,,,
Q04,3,19,1,1.34,,,1146356,1,frozen,2898434,2837720,THC-Full,,,458755,37045,lineitem,,1146356,1,active,75869244,,,,,523300,1432,,,,,,,,,,,,,,,,,,,,,,,,,,,,,,,,,,,,,,,,,,,,,,,,,,,,,,,,,,,,,,,,,,,,,,,,,,,,,,,,,,,,
Q05,3,19,1,9999999,,,,,,,,,,,,,,,,,,,,,,,,,,,,,,,,,,,,,,,,,,,,,,,,,,,,,,,,,,,,,,,,,,,,,,,,,,,,,,,,,,,,,,,,,,,,,,,,,,,,,,,,,,,,
Q06,3,19,1,0.41,,,,,,,,,,,,,,,,,,,,,,,,,,,,,,,,,,,,,,,,,,,,,,,,,,,,,,,,,,,,,,,,,,,,,,,,,,,,,,,,,,,,,,,,,,,,,,,,,,,,,,,,,,,,
Q07,3,19,1,0.82,,nation,2,0,never_instantiated,0,,,,,0,0,,customer,240492,0,never_instantiated,0,,,,,0,0,orders,,239361,0,never_instantiated,0,,,,,0,0,,nation,2,0,never_instantiated,0,,,,,0,0,lineitem,supplier,15988,0,never_instantiated,0,,,,,0,0,,,,,,,,,,,,,,,,,,,,,,,,,,,,,,,,,,,,,,,,,,,,,,,,
Q08,3,19,1,1.03,,region,1,0,never_instantiated,0,,,,,0,0,,nation,5,0,never_instantiated,0,,,,,0,0,,nation,25,0,never_instantiated,0,,,,,0,0,,supplier,200000,0,never_instantiated,0,,,,,0,0,customer,,48849,0,never_instantiated,0,,,,,0,0,orders,,49794,0,never_instantiated,0,,,,,0,0,lineitem,part,26819,0,never_instantiated,0,,,,,0,0,,,,,,,,,,,,,,,,,,,,,,,,
Q09,3,19,1,2.16,,nation,25,0,never_instantiated,0,,,,,0,0,,partsupp,16000000,1,frozen,6521328,1663491,THC-Full,,,458754,95832,,orders,30000000,1,frozen,6521328,2275186,THC-Full,,,917504,91196,,part,217392,0,never_instantiated,0,,,,,0,0,lineitem,supplier,200000,0,never_instantiated,0,,,,,0,0,,,,,,,,,,,,,,,,,,,,,,,,,,,,,,,,,,,,,,,,,,,,,,,,
Q10,3,19,1,1.13,,nation,25,0,never_instantiated,0,,,,,0,0,customer,,2290399,0,never_instantiated,0,,,,,0,0,lineitem,orders,1145890,1,active,2295418,,,,,479039,43058,,,,,,,,,,,,,,,,,,,,,,,,,,,,,,,,,,,,,,,,,,,,,,,,,,,,,,,,,,,,,,,,,,,,,,,,
Q11,3,19,1,0.31,,nation,1,0,never_instantiated,0,,,,,0,0,partsupp,supplier,8087,0,never_instantiated,0,,,,,0,0,partsupp,,8087,0,never_instantiated,0,,,,,0,0,supplier,nation,1,0,never_instantiated,0,,,,,0,0,,,,,,,,,,,,,,,,,,,,,,,,,,,,,,,,,,,,,,,,,,,,,,,,,,,,,,,,,,,,
Q12,3,19,1,0.82,orders,lineitem,621378,1,active,30000000,,,,,293049,2101,,,,,,,,,,,,,,,,,,,,,,,,,,,,,,,,,,,,,,,,,,,,,,,,,,,,,,,,,,,,,,,,,,,,,,,,,,,,,,,,,,,,,,,,,,,,,,,,
Q13,3,19,1,1.95,orders,customer,3000000,1,active,29689534,,,,,1818229,106247,,,,,,,,,,,,,,,,,,,,,,,,,,,,,,,,,,,,,,,,,,,,,,,,,,,,,,,,,,,,,,,,,,,,,,,,,,,,,,,,,,,,,,,,,,,,,,,,
Q14,3,19,1,1.03,lineitem,part,4000000,1,frozen,1496983,1200567,THC-Full,,,458756,98800,,,,,,,,,,,,,,,,,,,,,,,,,,,,,,,,,,,,,,,,,,,,,,,,,,,,,,,,,,,,,,,,,,,,,,,,,,,,,,,,,,,,,,,,,,,,,,,,
Q15,3,19,1,0.62,,,1,0,never_instantiated,0,,,,,0,0,supplier,,200000,0,never_instantiated,0,,,,,0,0,,,,,,,,,,,,,,,,,,,,,,,,,,,,,,,,,,,,,,,,,,,,,,,,,,,,,,,,,,,,,,,,,,,,,,,,,,,,,,,,,,,,
Q16,3,19,1,0.62,,supplier,106,0,never_instantiated,0,,,,,0,0,partsupp,,593456,0,never_instantiated,0,,,,,0,0,part,,8,0,never_instantiated,0,,,,,0,0,,,,,,,,,,,,,,,,,,,,,,,,,,,,,,,,,,,,,,,,,,,,,,,,,,,,,,,,,,,,,,,,,,,,,,,,
Q17,3,19,1,1.44,lineitem,part,4066,0,never_instantiated,0,,,,,0,0,,,122217,0,never_instantiated,0,,,,,0,0,lineitem,,4066,0,never_instantiated,0,,,,,0,0,,,,,,,,,,,,,,,,,,,,,,,,,,,,,,,,,,,,,,,,,,,,,,,,,,,,,,,,,,,,,,,,,,,,,,,,
Q18,3,19,1,5.54,,lineitem,1281,0,never_instantiated,0,,,,,0,0,,customer,2999999,1,frozen,119994608,4814848,THC-Full,,,458753,24863,lineitem,orders,30000000,1,frozen,119994608,8230912,THC-Full,,,917508,25039,,,,,,,,,,,,,,,,,,,,,,,,,,,,,,,,,,,,,,,,,,,,,,,,,,,,,,,,,,,,,,,,,,,,,,,,
Q19,3,19,1,1.44,lineitem,part,4000000,1,frozen,4285986,1202340,THC-Full,,,458757,98808,,,,,,,,,,,,,,,,,,,,,,,,,,,,,,,,,,,,,,,,,,,,,,,,,,,,,,,,,,,,,,,,,,,,,,,,,,,,,,,,,,,,,,,,,,,,,,,,
Q20,3,19,1,0.82,,,8063,0,never_instantiated,0,,,,,0,0,partsupp,part,43464,0,never_instantiated,0,,,,,0,0,,,7317,0,never_instantiated,0,,,,,0,0,lineitem,,7317,0,never_instantiated,0,,,,,0,0,supplier,nation,1,0,never_instantiated,0,,,,,0,0,,,,,,,,,,,,,,,,,,,,,,,,,,,,,,,,,,,,,,,,,,,,,,,,
Q21,3,19,1,3.69,orders,,3033530,0,never_instantiated,0,,,,,0,0,,nation,1,0,never_instantiated,0,,,,,0,0,lineitem,supplier,7984,0,never_instantiated,0,,,,,0,0,,,1464370,1,frozen,5844460,4207158,THC-Full,,,458753,24074,lineitem,,1464364,1,active,119994504,,,,,695036,1135,,,1411363,1,frozen,3690027,2822267,THC-Full,,,458753,36134,lineitem,,1411357,1,active,75869428,,,,,660599,1791,,,,,,,,,,,,,,,,,,,,,,,,
Q22,3,19,1,0.62,,,381883,1,active,3811298,,,,,252768,81562,orders,,381883,1,active,29999949,,,,,253388,13023,,,,,,,,,,,,,,,,,,,,,,,,,,,,,,,,,,,,,,,,,,,,,,,,,,,,,,,,,,,,,,,,,,,,,,,,,,,,,,,,,,,,
Q01,4,0,1,1.03,,,,,,,,,,,,,,,,,,,,,,,,,,,,,,,,,,,,,,,,,,,,,,,,,,,,,,,,,,,,,,,,,,,,,,,,,,,,,,,,,,,,,,,,,,,,,,,,,,,,,,,,,,,,
Q02,4,0,1,0.31,,region,1,0,never_instantiated,0,,,,,0,0,,nation,5,0,never_instantiated,0,,,,,0,0,supplier,,12763,0,never_instantiated,0,,,,,0,0,partsupp,part,9460,0,never_instantiated,0,,,,,0,0,,,12744,0,never_instantiated,0,,,,,0,0,,,9428,0,never_instantiated,0,,,,,0,0,,region,1,0,never_instantiated,0,,,,,0,0,partsupp,,39913,0,never_instantiated,0,,,,,0,0,supplier,nation,5,0,never_instantiated,0,,,,,0,0
Q03,4,0,1,0.82,,customer,170506,0,never_instantiated,0,,,,,0,0,lineitem,orders,227846,0,never_instantiated,0,,,,,0,0,,,,,,,,,,,,,,,,,,,,,,,,,,,,,,,,,,,,,,,,,,,,,,,,,,,,,,,,,,,,,,,,,,,,,,,,,,,,,,,,,,,,
Q04,4,0,1,0.93,,,1146356,0,never_instantiated,0,,,,,0,0,lineitem,,1146356,0,never_instantiated,0,,,,,0,0,,,,,,,,,,,,,,,,,,,,,,,,,,,,,,,,,,,,,,,,,,,,,,,,,,,,,,,,,,,,,,,,,,,,,,,,,,,,,,,,,,,,
Q05,4,0,1,0.93,,supplier,40119,0,never_instantiated,0,,,,,0,0,,region,1,0,never_instantiated,0,,,,,0,0,,nation,5,0,never_instantiated,0,,,,,0,0,,customer,347213,0,never_instantiated,0,,,,,0,0,lineitem,orders,910865,0,never_instantiated,0,,,,,0,0,,,,,,,,,,,,,,,,,,,,,,,,,,,,,,,,,,,,,,,,,,,,,,,,
Q06,4,0,1,0.41,,,,,,,,,,,,,,,,,,,,,,,,,,,,,,,,,,,,,,,,,,,,,,,,,,,,,,,,,,,,,,,,,,,,,,,,,,,,,,,,,,,,,,,,,,,,,,,,,,,,,,,,,,,,
Q07,4,0,1,0.82,,nation,2,0,never_instantiated,0,,,,,0,0,,supplier,15988,0,never_instantiated,0,,,,,0,0,,nation,2,0,never_instantiated,0,,,,,0,0,,customer,112839,0,never_instantiated,0,,,,,0,0,lineitem,orders,212002,0,never_instantiated,0,,,,,0,0,,,,,,,,,,,,,,,,,,,,,,,,,,,,,,,,,,,,,,,,,,,,,,,,
Q08,4,0,1,0.82,,nation,25,0,never_instantiated,0,,,,,0,0,supplier,,48804,0,never_instantiated,0,,,,,0,0,,region,1,0,never_instantiated,0,,,,,0,0,,part,22661,0,never_instantiated,0,,,,,0,0,,nation,5,0,never_instantiated,0,,,,,0,0,,customer,52848,0,never_instantiated,0,,,,,0,0,lineitem,orders,56716,0,never_instantiated,0,,,,,0,0,,,,,,,,,,,,,,,,,,,,,,,,
Q09,4,0,1,1.75,,nation,25,0,never_instantiated,0,,,,,0,0,,supplier,198550,0,never_instantiated,0,,,,,0,0,,partsupp,884320,0,never_instantiated,0,,,,,0,0,,part,217392,0,never_instantiated,0,,,,,0,0,lineitem,orders,5958953,0,never_instantiated,0,,,,,0,0,,,,,,,,,,,,,,,,,,,,,,,,,,,,,,,,,,,,,,,,,,,,,,,,
Q10,4,0,1,1.13,,nation,25,0,never_instantiated,0,,,,,0,0,customer,,2290399,0,never_instantiated,0,,,,,0,0,lineitem,orders,983154,0,never_instantiated,0,,,,,0,0,,,,,,,,,,,,,,,,,,,,,,,,,,,,,,,,,,,,,,,,,,,,,,,,,,,,,,,,,,,,,,,,,,,,,,,,
Q11,4,0,1,0.21,partsupp,,8087,0,never_instantiated,0,,,,,0,0,supplier,nation,1,0,never_instantiated,0,,,,,0,0,partsupp,,8087,0,never_instantiated,0,,,,,0,0,supplier,nation,1,0,never_instantiated,0,,,,,0,0,,,,,,,,,,,,,,,,,,,,,,,,,,,,,,,,,,,,,,,,,,,,,,,,,,,,,,,,,,,,
Q12,4,0,1,0.72,orders,lineitem,621378,0,never_instantiated,0,,,,,0,0,,,,,,,,,,,,,,,,,,,,,,,,,,,,,,,,,,,,,,,,,,,,,,,,,,,,,,,,,,,,,,,,,,,,,,,,,,,,,,,,,,,,,,,,,,,,,,,,
Q13,4,0,1,1.75,orders,customer,3000000,0,never_instantiated,0,,,,,0,0,,,,,,,,,,,,,,,,,,,,,,,,,,,,,,,,,,,,,,,,,,,,,,,,,,,,,,,,,,,,,,,,,,,,,,,,,,,,,,,,,,,,,,,,,,,,,,,,
Q14,4,0,1,0.52,lineitem,part,1250090,0,never_instantiated,0,,,,,0,0,,,,,,,,,,,,,,,,,,,,,,,,,,,,,,,,,,,,,,,,,,,,,,,,,,,,,,,,,,,,,,,,,,,,,,,,,,,,,,,,,,,,,,,,,,,,,,,,
Q15,4,0,1,0.62,,,1,0,never_instantiated,0,,,,,0,0,supplier,,200000,0,never_instantiated,0,,,,,0,0,,,,,,,,,,,,,,,,,,,,,,,,,,,,,,,,,,,,,,,,,,,,,,,,,,,,,,,,,,,,,,,,,,,,,,,,,,,,,,,,,,,,
Q16,4,0,1,0.62,,supplier,106,0,never_instantiated,0,,,,,0,0,partsupp,,593456,0,never_instantiated,0,,,,,0,0,part,,8,0,never_instantiated,0,,,,,0,0,,,,,,,,,,,,,,,,,,,,,,,,,,,,,,,,,,,,,,,,,,,,,,,,,,,,,,,,,,,,,,,,,,,,,,,,
Q17,4,0,1,1.03,lineitem,part,4066,0,never_instantiated,0,,,,,0,0,,,122217,0,never_instantiated,0,,,,,0,0,lineitem,,4066,0,never_instantiated,0,,,,,0,0,,,,,,,,,,,,,,,,,,,,,,,,,,,,,,,,,,,,,,,,,,,,,,,,,,,,,,,,,,,,,,,,,,,,,,,,
Q18,4,0,1,4.31,,lineitem,1281,0,never_instantiated,0,,,,,0,0,,customer,2999999,0,never_instantiated,0,,,,,0,0,lineitem,orders,30000000,0,never_instantiated,0,,,,,0,0,,,,,,,,,,,,,,,,,,,,,,,,,,,,,,,,,,,,,,,,,,,,,,,,,,,,,,,,,,,,,,,,,,,,,,,,
Q19,4,0,1,1.03,lineitem,part,2639365,0,never_instantiated,0,,,,,0,0,,,,,,,,,,,,,,,,,,,,,,,,,,,,,,,,,,,,,,,,,,,,,,,,,,,,,,,,,,,,,,,,,,,,,,,,,,,,,,,,,,,,,,,,,,,,,,,,
Q20,4,0,1,0.82,,,4763,0,never_instantiated,0,,,,,0,0,partsupp,part,6904,0,never_instantiated,0,,,,,0,0,,,7317,0,never_instantiated,0,,,,,0,0,lineitem,,7317,0,never_instantiated,0,,,,,0,0,supplier,nation,1,0,never_instantiated,0,,,,,0,0,,,,,,,,,,,,,,,,,,,,,,,,,,,,,,,,,,,,,,,,,,,,,,,,
Q21,4,0,1,2.46,,nation,1,0,never_instantiated,0,,,,,0,0,,supplier,7984,0,never_instantiated,0,,,,,0,0,lineitem,orders,1464994,0,never_instantiated,0,,,,,0,0,,,1464370,0,never_instantiated,0,,,,,0,0,lineitem,,1464364,0,never_instantiated,0,,,,,0,0,,,1411363,0,never_instantiated,0,,,,,0,0,lineitem,,1411357,0,never_instantiated,0,,,,,0,0,,,,,,,,,,,,,,,,,,,,,,,,
Q22,4,0,1,0.52,,,381883,0,never_instantiated,0,,,,,0,0,orders,,381883,0,never_instantiated,0,,,,,0,0,,,,,,,,,,,,,,,,,,,,,,,,,,,,,,,,,,,,,,,,,,,,,,,,,,,,,,,,,,,,,,,,,,,,,,,,,,,,,,,,,,,,
Q01,4,1,1,1.03,,,,,,,,,,,,,,,,,,,,,,,,,,,,,,,,,,,,,,,,,,,,,,,,,,,,,,,,,,,,,,,,,,,,,,,,,,,,,,,,,,,,,,,,,,,,,,,,,,,,,,,,,,,,
Q02,4,1,1,0.31,,region,1,0,never_instantiated,0,,,,,0,0,,part,9460,0,never_instantiated,0,,,,,0,0,,nation,5,0,never_instantiated,0,,,,,0,0,partsupp,supplier,14959,0,never_instantiated,0,,,,,0,0,,,12744,0,never_instantiated,0,,,,,0,0,,,9428,0,never_instantiated,0,,,,,0,0,,region,1,0,never_instantiated,0,,,,,0,0,,nation,5,0,never_instantiated,0,,,,,0,0,partsupp,supplier,39913,0,never_instantiated,0,,,,,0,0
Q03,4,1,1,0.82,,customer,170506,0,never_instantiated,0,,,,,0,0,lineitem,orders,227846,0,never_instantiated,0,,,,,0,0,,,,,,,,,,,,,,,,,,,,,,,,,,,,,,,,,,,,,,,,,,,,,,,,,,,,,,,,,,,,,,,,,,,,,,,,,,,,,,,,,,,,
Q04,4,1,1,0.93,,,1146356,0,never_instantiated,0,,,,,0,0,lineitem,,1146356,0,never_instantiated,0,,,,,0,0,,,,,,,,,,,,,,,,,,,,,,,,,,,,,,,,,,,,,,,,,,,,,,,,,,,,,,,,,,,,,,,,,,,,,,,,,,,,,,,,,,,,
Q05,4,1,1,9999999,,,,,,,,,,,,,,,,,,,,,,,,,,,,,,,,,,,,,,,,,,,,,,,,,,,,,,,,,,,,,,,,,,,,,,,,,,,,,,,,,,,,,,,,,,,,,,,,,,,,,,,,,,,,
Q06,4,1,1,0.41,,,,,,,,,,,,,,,,,,,,,,,,,,,,,,,,,,,,,,,,,,,,,,,,,,,,,,,,,,,,,,,,,,,,,,,,,,,,,,,,,,,,,,,,,,,,,,,,,,,,,,,,,,,,
Q07,4,1,1,0.93,,nation,2,0,never_instantiated,0,,,,,0,0,,customer,112839,0,never_instantiated,0,,,,,0,0,orders,,239361,0,never_instantiated,0,,,,,0,0,,nation,2,0,never_instantiated,0,,,,,0,0,lineitem,supplier,15988,0,never_instantiated,0,,,,,0,0,,,,,,,,,,,,,,,,,,,,,,,,,,,,,,,,,,,,,,,,,,,,,,,,
Q08,4,1,1,0.93,,region,1,0,never_instantiated,0,,,,,0,0,,nation,5,0,never_instantiated,0,,,,,0,0,,nation,25,0,never_instantiated,0,,,,,0,0,,supplier,40697,0,never_instantiated,0,,,,,0,0,customer,,48849,0,never_instantiated,0,,,,,0,0,orders,,49794,0,never_instantiated,0,,,,,0,0,lineitem,part,22661,0,never_instantiated,0,,,,,0,0,,,,,,,,,,,,,,,,,,,,,,,,
Q09,4,1,1,1.75,,nation,25,0,never_instantiated,0,,,,,0,0,,supplier,198550,0,never_instantiated,0,,,,,0,0,,orders,5958953,0,never_instantiated,0,,,,,0,0,,partsupp,884320,0,never_instantiated,0,,,,,0,0,lineitem,part,217392,0,never_instantiated,0,,,,,0,0,,,,,,,,,,,,,,,,,,,,,,,,,,,,,,,,,,,,,,,,,,,,,,,,
Q10,4,1,1,1.13,,nation,25,0,never_instantiated,0,,,,,0,0,customer,,2290399,0,never_instantiated,0,,,,,0,0,lineitem,orders,983154,0,never_instantiated,0,,,,,0,0,,,,,,,,,,,,,,,,,,,,,,,,,,,,,,,,,,,,,,,,,,,,,,,,,,,,,,,,,,,,,,,,,,,,,,,,
Q11,4,1,1,0.21,,nation,1,0,never_instantiated,0,,,,,0,0,partsupp,supplier,8087,0,never_instantiated,0,,,,,0,0,partsupp,,8087,0,never_instantiated,0,,,,,0,0,supplier,nation,1,0,never_instantiated,0,,,,,0,0,,,,,,,,,,,,,,,,,,,,,,,,,,,,,,,,,,,,,,,,,,,,,,,,,,,,,,,,,,,,
Q12,4,1,1,0.62,orders,lineitem,621378,0,never_instantiated,0,,,,,0,0,,,,,,,,,,,,,,,,,,,,,,,,,,,,,,,,,,,,,,,,,,,,,,,,,,,,,,,,,,,,,,,,,,,,,,,,,,,,,,,,,,,,,,,,,,,,,,,,
Q13,4,1,1,1.75,orders,customer,3000000,0,never_instantiated,0,,,,,0,0,,,,,,,,,,,,,,,,,,,,,,,,,,,,,,,,,,,,,,,,,,,,,,,,,,,,,,,,,,,,,,,,,,,,,,,,,,,,,,,,,,,,,,,,,,,,,,,,
Q14,4,1,1,0.52,lineitem,part,1250090,0,never_instantiated,0,,,,,0,0,,,,,,,,,,,,,,,,,,,,,,,,,,,,,,,,,,,,,,,,,,,,,,,,,,,,,,,,,,,,,,,,,,,,,,,,,,,,,,,,,,,,,,,,,,,,,,,,
Q15,4,1,1,0.62,,,1,0,never_instantiated,0,,,,,0,0,supplier,,200000,0,never_instantiated,0,,,,,0,0,,,,,,,,,,,,,,,,,,,,,,,,,,,,,,,,,,,,,,,,,,,,,,,,,,,,,,,,,,,,,,,,,,,,,,,,,,,,,,,,,,,,
Q16,4,1,1,0.62,,supplier,106,0,never_instantiated,0,,,,,0,0,partsupp,,593456,0,never_instantiated,0,,,,,0,0,part,,8,0,never_instantiated,0,,,,,0,0,,,,,,,,,,,,,,,,,,,,,,,,,,,,,,,,,,,,,,,,,,,,,,,,,,,,,,,,,,,,,,,,,,,,,,,,
Q17,4,1,1,1.03,lineitem,part,4066,0,never_instantiated,0,,,,,0,0,,,122217,0,never_instantiated,0,,,,,0,0,lineitem,,4066,0,never_instantiated,0,,,,,0,0,,,,,,,,,,,,,,,,,,,,,,,,,,,,,,,,,,,,,,,,,,,,,,,,,,,,,,,,,,,,,,,,,,,,,,,,
Q18,4,1,1,4.31,,lineitem,1281,0,never_instantiated,0,,,,,0,0,,customer,2999999,0,never_instantiated,0,,,,,0,0,lineitem,orders,30000000,0,never_instantiated,0,,,,,0,0,,,,,,,,,,,,,,,,,,,,,,,,,,,,,,,,,,,,,,,,,,,,,,,,,,,,,,,,,,,,,,,,,,,,,,,,
Q19,4,1,1,1.03,lineitem,part,2639365,0,never_instantiated,0,,,,,0,0,,,,,,,,,,,,,,,,,,,,,,,,,,,,,,,,,,,,,,,,,,,,,,,,,,,,,,,,,,,,,,,,,,,,,,,,,,,,,,,,,,,,,,,,,,,,,,,,
Q20,4,1,1,0.82,,,4763,0,never_instantiated,0,,,,,0,0,partsupp,part,6904,0,never_instantiated,0,,,,,0,0,,,7317,0,never_instantiated,0,,,,,0,0,lineitem,,7317,0,never_instantiated,0,,,,,0,0,supplier,nation,1,0,never_instantiated,0,,,,,0,0,,,,,,,,,,,,,,,,,,,,,,,,,,,,,,,,,,,,,,,,,,,,,,,,
Q21,4,1,1,2.57,orders,,3033530,0,never_instantiated,0,,,,,0,0,,nation,1,0,never_instantiated,0,,,,,0,0,lineitem,supplier,7984,0,never_instantiated,0,,,,,0,0,,,1464370,0,never_instantiated,0,,,,,0,0,lineitem,,1464364,0,never_instantiated,0,,,,,0,0,,,1411363,0,never_instantiated,0,,,,,0,0,lineitem,,1411357,0,never_instantiated,0,,,,,0,0,,,,,,,,,,,,,,,,,,,,,,,,
Q22,4,1,1,0.52,,,381883,0,never_instantiated,0,,,,,0,0,orders,,381883,0,never_instantiated,0,,,,,0,0,,,,,,,,,,,,,,,,,,,,,,,,,,,,,,,,,,,,,,,,,,,,,,,,,,,,,,,,,,,,,,,,,,,,,,,,,,,,,,,,,,,,
Q01,4,2,1,1.03,,,,,,,,,,,,,,,,,,,,,,,,,,,,,,,,,,,,,,,,,,,,,,,,,,,,,,,,,,,,,,,,,,,,,,,,,,,,,,,,,,,,,,,,,,,,,,,,,,,,,,,,,,,,
Q02,4,2,1,0.31,,region,1,0,never_instantiated,0,,,,,0,0,,nation,5,0,never_instantiated,0,,,,,0,0,supplier,,12763,0,never_instantiated,0,,,,,0,0,partsupp,part,9460,0,never_instantiated,0,,,,,0,0,,,12744,0,never_instantiated,0,,,,,0,0,,,9428,0,never_instantiated,0,,,,,0,0,,region,1,0,never_instantiated,0,,,,,0,0,,nation,5,0,never_instantiated,0,,,,,0,0,partsupp,supplier,39913,0,never_instantiated,0,,,,,0,0
Q03,4,2,1,0.82,,customer,170506,0,never_instantiated,0,,,,,0,0,lineitem,orders,227846,0,never_instantiated,0,,,,,0,0,,,,,,,,,,,,,,,,,,,,,,,,,,,,,,,,,,,,,,,,,,,,,,,,,,,,,,,,,,,,,,,,,,,,,,,,,,,,,,,,,,,,
Q04,4,2,1,1.03,,,1146356,0,never_instantiated,0,,,,,0,0,lineitem,,1146356,0,never_instantiated,0,,,,,0,0,,,,,,,,,,,,,,,,,,,,,,,,,,,,,,,,,,,,,,,,,,,,,,,,,,,,,,,,,,,,,,,,,,,,,,,,,,,,,,,,,,,,
Q05,4,2,1,1.03,,region,1,0,never_instantiated,0,,,,,0,0,,supplier,40119,0,never_instantiated,0,,,,,0,0,,nation,5,0,never_instantiated,0,,,,,0,0,,customer,347213,0,never_instantiated,0,,,,,0,0,lineitem,orders,910865,0,never_instantiated,0,,,,,0,0,,,,,,,,,,,,,,,,,,,,,,,,,,,,,,,,,,,,,,,,,,,,,,,,
Q06,4,2,1,0.41,,,,,,,,,,,,,,,,,,,,,,,,,,,,,,,,,,,,,,,,,,,,,,,,,,,,,,,,,,,,,,,,,,,,,,,,,,,,,,,,,,,,,,,,,,,,,,,,,,,,,,,,,,,,
Q07,4,2,1,0.82,,nation,2,0,never_instantiated,0,,,,,0,0,,supplier,15988,0,never_instantiated,0,,,,,0,0,,nation,2,0,never_instantiated,0,,,,,0,0,,customer,112839,0,never_instantiated,0,,,,,0,0,lineitem,orders,212002,0,never_instantiated,0,,,,,0,0,,,,,,,,,,,,,,,,,,,,,,,,,,,,,,,,,,,,,,,,,,,,,,,,
Q08,4,2,1,0.82,,region,1,0,never_instantiated,0,,,,,0,0,,nation,5,0,never_instantiated,0,,,,,0,0,customer,,48849,0,never_instantiated,0,,,,,0,0,,part,22661,0,never_instantiated,0,,,,,0,0,,orders,56716,0,never_instantiated,0,,,,,0,0,,nation,25,0,never_instantiated,0,,,,,0,0,lineitem,supplier,40697,0,never_instantiated,0,,,,,0,0,,,,,,,,,,,,,,,,,,,,,,,,
Q09,4,2,1,1.85,,nation,25,0,never_instantiated,0,,,,,0,0,,supplier,198550,0,never_instantiated,0,,,,,0,0,,part,217392,0,never_instantiated,0,,,,,0,0,,orders,5958953,0,never_instantiated,0,,,,,0,0,lineitem,partsupp,884320,0,never_instantiated,0,,,,,0,0,,,,,,,,,,,,,,,,,,,,,,,,,,,,,,,,,,,,,,,,,,,,,,,,
Q10,4,2,1,1.13,,nation,25,0,never_instantiated,0,,,,,0,0,customer,,2290399,0,never_instantiated,0,,,,,0,0,lineitem,orders,983154,0,never_instantiated,0,,,,,0,0,,,,,,,,,,,,,,,,,,,,,,,,,,,,,,,,,,,,,,,,,,,,,,,,,,,,,,,,,,,,,,,,,,,,,,,,
Q11,4,2,1,0.21,partsupp,,8087,0,never_instantiated,0,,,,,0,0,supplier,nation,1,0,never_instantiated,0,,,,,0,0,partsupp,,8087,0,never_instantiated,0,,,,,0,0,supplier,nation,1,0,never_instantiated,0,,,,,0,0,,,,,,,,,,,,,,,,,,,,,,,,,,,,,,,,,,,,,,,,,,,,,,,,,,,,,,,,,,,,
Q12,4,2,1,0.72,orders,lineitem,621378,0,never_instantiated,0,,,,,0,0,,,,,,,,,,,,,,,,,,,,,,,,,,,,,,,,,,,,,,,,,,,,,,,,,,,,,,,,,,,,,,,,,,,,,,,,,,,,,,,,,,,,,,,,,,,,,,,,
Q13,4,2,1,1.75,orders,customer,3000000,0,never_instantiated,0,,,,,0,0,,,,,,,,,,,,,,,,,,,,,,,,,,,,,,,,,,,,,,,,,,,,,,,,,,,,,,,,,,,,,,,,,,,,,,,,,,,,,,,,,,,,,,,,,,,,,,,,
Q14,4,2,1,0.52,lineitem,part,1250090,0,never_instantiated,0,,,,,0,0,,,,,,,,,,,,,,,,,,,,,,,,,,,,,,,,,,,,,,,,,,,,,,,,,,,,,,,,,,,,,,,,,,,,,,,,,,,,,,,,,,,,,,,,,,,,,,,,
Q15,4,2,1,0.62,,,1,0,never_instantiated,0,,,,,0,0,supplier,,200000,0,never_instantiated,0,,,,,0,0,,,,,,,,,,,,,,,,,,,,,,,,,,,,,,,,,,,,,,,,,,,,,,,,,,,,,,,,,,,,,,,,,,,,,,,,,,,,,,,,,,,,
Q16,4,2,1,0.62,,supplier,106,0,never_instantiated,0,,,,,0,0,partsupp,,593456,0,never_instantiated,0,,,,,0,0,part,,8,0,never_instantiated,0,,,,,0,0,,,,,,,,,,,,,,,,,,,,,,,,,,,,,,,,,,,,,,,,,,,,,,,,,,,,,,,,,,,,,,,,,,,,,,,,
Q17,4,2,1,1.03,lineitem,part,4066,0,never_instantiated,0,,,,,0,0,,,122217,0,never_instantiated,0,,,,,0,0,lineitem,,4066,0,never_instantiated,0,,,,,0,0,,,,,,,,,,,,,,,,,,,,,,,,,,,,,,,,,,,,,,,,,,,,,,,,,,,,,,,,,,,,,,,,,,,,,,,,
Q18,4,2,1,4.31,,lineitem,1281,0,never_instantiated,0,,,,,0,0,,customer,2999999,0,never_instantiated,0,,,,,0,0,lineitem,orders,30000000,0,never_instantiated,0,,,,,0,0,,,,,,,,,,,,,,,,,,,,,,,,,,,,,,,,,,,,,,,,,,,,,,,,,,,,,,,,,,,,,,,,,,,,,,,,
Q19,4,2,1,1.03,lineitem,part,2639365,0,never_instantiated,0,,,,,0,0,,,,,,,,,,,,,,,,,,,,,,,,,,,,,,,,,,,,,,,,,,,,,,,,,,,,,,,,,,,,,,,,,,,,,,,,,,,,,,,,,,,,,,,,,,,,,,,,
Q20,4,2,1,0.82,,,4763,0,never_instantiated,0,,,,,0,0,partsupp,part,6904,0,never_instantiated,0,,,,,0,0,,,7317,0,never_instantiated,0,,,,,0,0,lineitem,,7317,0,never_instantiated,0,,,,,0,0,supplier,nation,1,0,never_instantiated,0,,,,,0,0,,,,,,,,,,,,,,,,,,,,,,,,,,,,,,,,,,,,,,,,,,,,,,,,
Q21,4,2,1,2.46,,nation,1,0,never_instantiated,0,,,,,0,0,,supplier,7984,0,never_instantiated,0,,,,,0,0,lineitem,orders,1464994,0,never_instantiated,0,,,,,0,0,,,1464370,0,never_instantiated,0,,,,,0,0,lineitem,,1464364,0,never_instantiated,0,,,,,0,0,,,1411363,0,never_instantiated,0,,,,,0,0,lineitem,,1411357,0,never_instantiated,0,,,,,0,0,,,,,,,,,,,,,,,,,,,,,,,,
Q22,4,2,1,0.52,,,381883,0,never_instantiated,0,,,,,0,0,orders,,381883,0,never_instantiated,0,,,,,0,0,,,,,,,,,,,,,,,,,,,,,,,,,,,,,,,,,,,,,,,,,,,,,,,,,,,,,,,,,,,,,,,,,,,,,,,,,,,,,,,,,,,,
Q01,4,3,1,1.03,,,,,,,,,,,,,,,,,,,,,,,,,,,,,,,,,,,,,,,,,,,,,,,,,,,,,,,,,,,,,,,,,,,,,,,,,,,,,,,,,,,,,,,,,,,,,,,,,,,,,,,,,,,,
Q02,4,3,1,0.31,,region,1,0,never_instantiated,0,,,,,0,0,,nation,5,0,never_instantiated,0,,,,,0,0,,part,9460,0,never_instantiated,0,,,,,0,0,partsupp,supplier,14959,0,never_instantiated,0,,,,,0,0,,,12744,0,never_instantiated,0,,,,,0,0,,,9428,0,never_instantiated,0,,,,,0,0,,region,1,0,never_instantiated,0,,,,,0,0,partsupp,,39913,0,never_instantiated,0,,,,,0,0,supplier,nation,5,0,never_instantiated,0,,,,,0,0
Q03,4,3,1,0.82,,customer,170506,0,never_instantiated,0,,,,,0,0,lineitem,orders,227846,0,never_instantiated,0,,,,,0,0,,,,,,,,,,,,,,,,,,,,,,,,,,,,,,,,,,,,,,,,,,,,,,,,,,,,,,,,,,,,,,,,,,,,,,,,,,,,,,,,,,,,
Q04,4,3,1,0.93,,,1146356,0,never_instantiated,0,,,,,0,0,lineitem,,1146356,0,never_instantiated,0,,,,,0,0,,,,,,,,,,,,,,,,,,,,,,,,,,,,,,,,,,,,,,,,,,,,,,,,,,,,,,,,,,,,,,,,,,,,,,,,,,,,,,,,,,,,
Q05,4,3,1,9999999,,,,,,,,,,,,,,,,,,,,,,,,,,,,,,,,,,,,,,,,,,,,,,,,,,,,,,,,,,,,,,,,,,,,,,,,,,,,,,,,,,,,,,,,,,,,,,,,,,,,,,,,,,,,
Q06,4,3,1,0.41,,,,,,,,,,,,,,,,,,,,,,,,,,,,,,,,,,,,,,,,,,,,,,,,,,,,,,,,,,,,,,,,,,,,,,,,,,,,,,,,,,,,,,,,,,,,,,,,,,,,,,,,,,,,
Q07,4,3,1,0.82,,nation,2,0,never_instantiated,0,,,,,0,0,,customer,112839,0,never_instantiated,0,,,,,0,0,,nation,2,0,never_instantiated,0,,,,,0,0,,orders,212002,0,never_instantiated,0,,,,,0,0,lineitem,supplier,15988,0,never_instantiated,0,,,,,0,0,,,,,,,,,,,,,,,,,,,,,,,,,,,,,,,,,,,,,,,,,,,,,,,,
Q08,4,3,1,0.82,,region,1,0,never_instantiated,0,,,,,0,0,,nation,25,0,never_instantiated,0,,,,,0,0,,part,22661,0,never_instantiated,0,,,,,0,0,,nation,5,0,never_instantiated,0,,,,,0,0,,supplier,40697,0,never_instantiated,0,,,,,0,0,,customer,52848,0,never_instantiated,0,,,,,0,0,lineitem,orders,56716,0,never_instantiated,0,,,,,0,0,,,,,,,,,,,,,,,,,,,,,,,,
Q09,4,3,1,1.85,,orders,5958953,0,never_instantiated,0,,,,,0,0,,nation,25,0,never_instantiated,0,,,,,0,0,,part,217392,0,never_instantiated,0,,,,,0,0,,partsupp,884320,0,never_instantiated,0,,,,,0,0,lineitem,supplier,198550,0,never_instantiated,0,,,,,0,0,,,,,,,,,,,,,,,,,,,,,,,,,,,,,,,,,,,,,,,,,,,,,,,,
Q10,4,3,1,1.13,,nation,25,0,never_instantiated,0,,,,,0,0,customer,,2290399,0,never_instantiated,0,,,,,0,0,lineitem,orders,983154,0,never_instantiated,0,,,,,0,0,,,,,,,,,,,,,,,,,,,,,,,,,,,,,,,,,,,,,,,,,,,,,,,,,,,,,,,,,,,,,,,,,,,,,,,,
Q11,4,3,1,0.21,,nation,1,0,never_instantiated,0,,,,,0,0,partsupp,supplier,8087,0,never_instantiated,0,,,,,0,0,partsupp,,8087,0,never_instantiated,0,,,,,0,0,supplier,nation,1,0,never_instantiated,0,,,,,0,0,,,,,,,,,,,,,,,,,,,,,,,,,,,,,,,,,,,,,,,,,,,,,,,,,,,,,,,,,,,,
Q12,4,3,1,0.72,orders,lineitem,621378,0,never_instantiated,0,,,,,0,0,,,,,,,,,,,,,,,,,,,,,,,,,,,,,,,,,,,,,,,,,,,,,,,,,,,,,,,,,,,,,,,,,,,,,,,,,,,,,,,,,,,,,,,,,,,,,,,,
Q13,4,3,1,1.75,orders,customer,3000000,0,never_instantiated,0,,,,,0,0,,,,,,,,,,,,,,,,,,,,,,,,,,,,,,,,,,,,,,,,,,,,,,,,,,,,,,,,,,,,,,,,,,,,,,,,,,,,,,,,,,,,,,,,,,,,,,,,
Q14,4,3,1,0.52,lineitem,part,1250090,0,never_instantiated,0,,,,,0,0,,,,,,,,,,,,,,,,,,,,,,,,,,,,,,,,,,,,,,,,,,,,,,,,,,,,,,,,,,,,,,,,,,,,,,,,,,,,,,,,,,,,,,,,,,,,,,,,
Q15,4,3,1,0.62,,,1,0,never_instantiated,0,,,,,0,0,supplier,,200000,0,never_instantiated,0,,,,,0,0,,,,,,,,,,,,,,,,,,,,,,,,,,,,,,,,,,,,,,,,,,,,,,,,,,,,,,,,,,,,,,,,,,,,,,,,,,,,,,,,,,,,
Q16,4,3,1,0.62,,supplier,106,0,never_instantiated,0,,,,,0,0,partsupp,,593456,0,never_instantiated,0,,,,,0,0,part,,8,0,never_instantiated,0,,,,,0,0,,,,,,,,,,,,,,,,,,,,,,,,,,,,,,,,,,,,,,,,,,,,,,,,,,,,,,,,,,,,,,,,,,,,,,,,
Q17,4,3,1,1.03,lineitem,part,4066,0,never_instantiated,0,,,,,0,0,,,122217,0,never_instantiated,0,,,,,0,0,lineitem,,4066,0,never_instantiated,0,,,,,0,0,,,,,,,,,,,,,,,,,,,,,,,,,,,,,,,,,,,,,,,,,,,,,,,,,,,,,,,,,,,,,,,,,,,,,,,,
Q18,4,3,1,4.31,,lineitem,1281,0,never_instantiated,0,,,,,0,0,,customer,2999999,0,never_instantiated,0,,,,,0,0,lineitem,orders,30000000,0,never_instantiated,0,,,,,0,0,,,,,,,,,,,,,,,,,,,,,,,,,,,,,,,,,,,,,,,,,,,,,,,,,,,,,,,,,,,,,,,,,,,,,,,,
Q19,4,3,1,1.03,lineitem,part,2639365,0,never_instantiated,0,,,,,0,0,,,,,,,,,,,,,,,,,,,,,,,,,,,,,,,,,,,,,,,,,,,,,,,,,,,,,,,,,,,,,,,,,,,,,,,,,,,,,,,,,,,,,,,,,,,,,,,,
Q20,4,3,1,0.82,,,4763,0,never_instantiated,0,,,,,0,0,partsupp,part,6904,0,never_instantiated,0,,,,,0,0,,,7317,0,never_instantiated,0,,,,,0,0,lineitem,,7317,0,never_instantiated,0,,,,,0,0,supplier,nation,1,0,never_instantiated,0,,,,,0,0,,,,,,,,,,,,,,,,,,,,,,,,,,,,,,,,,,,,,,,,,,,,,,,,
Q21,4,3,1,2.46,,nation,1,0,never_instantiated,0,,,,,0,0,,orders,1464994,0,never_instantiated,0,,,,,0,0,lineitem,supplier,7984,0,never_instantiated,0,,,,,0,0,,,1464370,0,never_instantiated,0,,,,,0,0,lineitem,,1464364,0,never_instantiated,0,,,,,0,0,,,1411363,0,never_instantiated,0,,,,,0,0,lineitem,,1411357,0,never_instantiated,0,,,,,0,0,,,,,,,,,,,,,,,,,,,,,,,,
Q22,4,3,1,0.52,,,381883,0,never_instantiated,0,,,,,0,0,orders,,381883,0,never_instantiated,0,,,,,0,0,,,,,,,,,,,,,,,,,,,,,,,,,,,,,,,,,,,,,,,,,,,,,,,,,,,,,,,,,,,,,,,,,,,,,,,,,,,,,,,,,,,,
Q01,4,4,1,1.03,,,,,,,,,,,,,,,,,,,,,,,,,,,,,,,,,,,,,,,,,,,,,,,,,,,,,,,,,,,,,,,,,,,,,,,,,,,,,,,,,,,,,,,,,,,,,,,,,,,,,,,,,,,,
Q02,4,4,1,0.31,,region,1,0,never_instantiated,0,,,,,0,0,,nation,5,0,never_instantiated,0,,,,,0,0,supplier,,12763,0,never_instantiated,0,,,,,0,0,partsupp,part,9460,0,never_instantiated,0,,,,,0,0,,,12744,0,never_instantiated,0,,,,,0,0,,,9428,0,never_instantiated,0,,,,,0,0,,region,1,0,never_instantiated,0,,,,,0,0,partsupp,,39913,0,never_instantiated,0,,,,,0,0,supplier,nation,5,0,never_instantiated,0,,,,,0,0
Q03,4,4,1,0.82,,customer,170506,0,never_instantiated,0,,,,,0,0,lineitem,orders,227846,0,never_instantiated,0,,,,,0,0,,,,,,,,,,,,,,,,,,,,,,,,,,,,,,,,,,,,,,,,,,,,,,,,,,,,,,,,,,,,,,,,,,,,,,,,,,,,,,,,,,,,
Q04,4,4,1,1.03,,,1146356,0,never_instantiated,0,,,,,0,0,lineitem,,1146356,0,never_instantiated,0,,,,,0,0,,,,,,,,,,,,,,,,,,,,,,,,,,,,,,,,,,,,,,,,,,,,,,,,,,,,,,,,,,,,,,,,,,,,,,,,,,,,,,,,,,,,
Q05,4,4,1,1.03,,region,1,0,never_instantiated,0,,,,,0,0,,nation,5,0,never_instantiated,0,,,,,0,0,,supplier,40119,0,never_instantiated,0,,,,,0,0,,customer,347213,0,never_instantiated,0,,,,,0,0,lineitem,orders,910865,0,never_instantiated,0,,,,,0,0,,,,,,,,,,,,,,,,,,,,,,,,,,,,,,,,,,,,,,,,,,,,,,,,
Q06,4,4,1,0.41,,,,,,,,,,,,,,,,,,,,,,,,,,,,,,,,,,,,,,,,,,,,,,,,,,,,,,,,,,,,,,,,,,,,,,,,,,,,,,,,,,,,,,,,,,,,,,,,,,,,,,,,,,,,
Q07,4,4,1,0.82,,nation,2,0,never_instantiated,0,,,,,0,0,,nation,2,0,never_instantiated,0,,,,,0,0,,supplier,15988,0,never_instantiated,0,,,,,0,0,,customer,112839,0,never_instantiated,0,,,,,0,0,lineitem,orders,212002,0,never_instantiated,0,,,,,0,0,,,,,,,,,,,,,,,,,,,,,,,,,,,,,,,,,,,,,,,,,,,,,,,,
Q08,4,4,1,0.93,,region,1,0,never_instantiated,0,,,,,0,0,,nation,25,0,never_instantiated,0,,,,,0,0,,nation,5,0,never_instantiated,0,,,,,0,0,customer,,48849,0,never_instantiated,0,,,,,0,0,,supplier,40697,0,never_instantiated,0,,,,,0,0,orders,,49794,0,never_instantiated,0,,,,,0,0,lineitem,part,22661,0,never_instantiated,0,,,,,0,0,,,,,,,,,,,,,,,,,,,,,,,,
Q09,4,4,1,2.05,,partsupp,15994238,0,never_instantiated,0,,,,,0,0,,nation,25,0,never_instantiated,0,,,,,0,0,,part,217392,0,never_instantiated,0,,,,,0,0,,supplier,198550,0,never_instantiated,0,,,,,0,0,lineitem,orders,5958953,0,never_instantiated,0,,,,,0,0,,,,,,,,,,,,,,,,,,,,,,,,,,,,,,,,,,,,,,,,,,,,,,,,
Q10,4,4,1,1.13,,nation,25,0,never_instantiated,0,,,,,0,0,customer,,2290399,0,never_instantiated,0,,,,,0,0,lineitem,orders,983154,0,never_instantiated,0,,,,,0,0,,,,,,,,,,,,,,,,,,,,,,,,,,,,,,,,,,,,,,,,,,,,,,,,,,,,,,,,,,,,,,,,,,,,,,,,
Q11,4,4,1,0.21,partsupp,,8087,0,never_instantiated,0,,,,,0,0,supplier,nation,1,0,never_instantiated,0,,,,,0,0,,nation,1,0,never_instantiated,0,,,,,0,0,partsupp,supplier,8087,0,never_instantiated,0,,,,,0,0,,,,,,,,,,,,,,,,,,,,,,,,,,,,,,,,,,,,,,,,,,,,,,,,,,,,,,,,,,,,
Q12,4,4,1,0.62,orders,lineitem,621378,0,never_instantiated,0,,,,,0,0,,,,,,,,,,,,,,,,,,,,,,,,,,,,,,,,,,,,,,,,,,,,,,,,,,,,,,,,,,,,,,,,,,,,,,,,,,,,,,,,,,,,,,,,,,,,,,,,
Q13,4,4,1,1.75,orders,customer,3000000,0,never_instantiated,0,,,,,0,0,,,,,,,,,,,,,,,,,,,,,,,,,,,,,,,,,,,,,,,,,,,,,,,,,,,,,,,,,,,,,,,,,,,,,,,,,,,,,,,,,,,,,,,,,,,,,,,,
Q14,4,4,1,0.52,lineitem,part,1250090,0,never_instantiated,0,,,,,0,0,,,,,,,,,,,,,,,,,,,,,,,,,,,,,,,,,,,,,,,,,,,,,,,,,,,,,,,,,,,,,,,,,,,,,,,,,,,,,,,,,,,,,,,,,,,,,,,,
Q15,4,4,1,0.62,,,1,0,never_instantiated,0,,,,,0,0,supplier,,200000,0,never_instantiated,0,,,,,0,0,,,,,,,,,,,,,,,,,,,,,,,,,,,,,,,,,,,,,,,,,,,,,,,,,,,,,,,,,,,,,,,,,,,,,,,,,,,,,,,,,,,,
Q16,4,4,1,0.62,,supplier,106,0,never_instantiated,0,,,,,0,0,partsupp,,593456,0,never_instantiated,0,,,,,0,0,part,,8,0,never_instantiated,0,,,,,0,0,,,,,,,,,,,,,,,,,,,,,,,,,,,,,,,,,,,,,,,,,,,,,,,,,,,,,,,,,,,,,,,,,,,,,,,,
Q17,4,4,1,1.03,lineitem,part,4066,0,never_instantiated,0,,,,,0,0,,,122217,0,never_instantiated,0,,,,,0,0,lineitem,,4066,0,never_instantiated,0,,,,,0,0,,,,,,,,,,,,,,,,,,,,,,,,,,,,,,,,,,,,,,,,,,,,,,,,,,,,,,,,,,,,,,,,,,,,,,,,
Q18,4,4,1,4.31,,lineitem,1281,0,never_instantiated,0,,,,,0,0,,customer,2999999,0,never_instantiated,0,,,,,0,0,lineitem,orders,30000000,0,never_instantiated,0,,,,,0,0,,,,,,,,,,,,,,,,,,,,,,,,,,,,,,,,,,,,,,,,,,,,,,,,,,,,,,,,,,,,,,,,,,,,,,,,
Q19,4,4,1,1.03,lineitem,part,2639365,0,never_instantiated,0,,,,,0,0,,,,,,,,,,,,,,,,,,,,,,,,,,,,,,,,,,,,,,,,,,,,,,,,,,,,,,,,,,,,,,,,,,,,,,,,,,,,,,,,,,,,,,,,,,,,,,,,
Q20,4,4,1,0.82,,,4763,0,never_instantiated,0,,,,,0,0,partsupp,part,6904,0,never_instantiated,0,,,,,0,0,,,7317,0,never_instantiated,0,,,,,0,0,lineitem,,7317,0,never_instantiated,0,,,,,0,0,supplier,nation,1,0,never_instantiated,0,,,,,0,0,,,,,,,,,,,,,,,,,,,,,,,,,,,,,,,,,,,,,,,,,,,,,,,,
Q21,4,4,1,2.46,,nation,1,0,never_instantiated,0,,,,,0,0,,supplier,7984,0,never_instantiated,0,,,,,0,0,lineitem,orders,1464994,0,never_instantiated,0,,,,,0,0,,,1464370,0,never_instantiated,0,,,,,0,0,lineitem,,1464364,0,never_instantiated,0,,,,,0,0,,,1411363,0,never_instantiated,0,,,,,0,0,lineitem,,1411357,0,never_instantiated,0,,,,,0,0,,,,,,,,,,,,,,,,,,,,,,,,
Q22,4,4,1,0.52,,,381883,0,never_instantiated,0,,,,,0,0,orders,,381883,0,never_instantiated,0,,,,,0,0,,,,,,,,,,,,,,,,,,,,,,,,,,,,,,,,,,,,,,,,,,,,,,,,,,,,,,,,,,,,,,,,,,,,,,,,,,,,,,,,,,,,
Q01,4,5,1,1.03,,,,,,,,,,,,,,,,,,,,,,,,,,,,,,,,,,,,,,,,,,,,,,,,,,,,,,,,,,,,,,,,,,,,,,,,,,,,,,,,,,,,,,,,,,,,,,,,,,,,,,,,,,,,
Q02,4,5,1,0.31,,region,1,0,never_instantiated,0,,,,,0,0,,nation,5,0,never_instantiated,0,,,,,0,0,,part,9460,0,never_instantiated,0,,,,,0,0,partsupp,supplier,14959,0,never_instantiated,0,,,,,0,0,,,12744,0,never_instantiated,0,,,,,0,0,,,9428,0,never_instantiated,0,,,,,0,0,,region,1,0,never_instantiated,0,,,,,0,0,,nation,5,0,never_instantiated,0,,,,,0,0,partsupp,supplier,39913,0,never_instantiated,0,,,,,0,0
Q03,4,5,1,0.82,,customer,170506,0,never_instantiated,0,,,,,0,0,lineitem,orders,227846,0,never_instantiated,0,,,,,0,0,,,,,,,,,,,,,,,,,,,,,,,,,,,,,,,,,,,,,,,,,,,,,,,,,,,,,,,,,,,,,,,,,,,,,,,,,,,,,,,,,,,,
Q04,4,5,1,1.03,,,1146356,0,never_instantiated,0,,,,,0,0,lineitem,,1146356,0,never_instantiated,0,,,,,0,0,,,,,,,,,,,,,,,,,,,,,,,,,,,,,,,,,,,,,,,,,,,,,,,,,,,,,,,,,,,,,,,,,,,,,,,,,,,,,,,,,,,,
Q05,4,5,1,9999999,,,,,,,,,,,,,,,,,,,,,,,,,,,,,,,,,,,,,,,,,,,,,,,,,,,,,,,,,,,,,,,,,,,,,,,,,,,,,,,,,,,,,,,,,,,,,,,,,,,,,,,,,,,,
Q06,4,5,1,0.41,,,,,,,,,,,,,,,,,,,,,,,,,,,,,,,,,,,,,,,,,,,,,,,,,,,,,,,,,,,,,,,,,,,,,,,,,,,,,,,,,,,,,,,,,,,,,,,,,,,,,,,,,,,,
Q07,4,5,1,0.82,,nation,2,0,never_instantiated,0,,,,,0,0,,customer,112839,0,never_instantiated,0,,,,,0,0,,nation,2,0,never_instantiated,0,,,,,0,0,,orders,212002,0,never_instantiated,0,,,,,0,0,lineitem,supplier,15988,0,never_instantiated,0,,,,,0,0,,,,,,,,,,,,,,,,,,,,,,,,,,,,,,,,,,,,,,,,,,,,,,,,
Q08,4,5,1,0.82,,region,1,0,never_instantiated,0,,,,,0,0,,nation,5,0,never_instantiated,0,,,,,0,0,,part,22661,0,never_instantiated,0,,,,,0,0,,customer,52848,0,never_instantiated,0,,,,,0,0,,orders,56716,0,never_instantiated,0,,,,,0,0,,nation,25,0,never_instantiated,0,,,,,0,0,lineitem,supplier,40697,0,never_instantiated,0,,,,,0,0,,,,,,,,,,,,,,,,,,,,,,,,
Q09,4,5,1,1.75,,nation,25,0,never_instantiated,0,,,,,0,0,,supplier,198550,0,never_instantiated,0,,,,,0,0,,partsupp,884320,0,never_instantiated,0,,,,,0,0,,orders,5958953,0,never_instantiated,0,,,,,0,0,lineitem,part,217392,0,never_instantiated,0,,,,,0,0,,,,,,,,,,,,,,,,,,,,,,,,,,,,,,,,,,,,,,,,,,,,,,,,
Q10,4,5,1,1.13,,nation,25,0,never_instantiated,0,,,,,0,0,customer,,2290399,0,never_instantiated,0,,,,,0,0,lineitem,orders,983154,0,never_instantiated,0,,,,,0,0,,,,,,,,,,,,,,,,,,,,,,,,,,,,,,,,,,,,,,,,,,,,,,,,,,,,,,,,,,,,,,,,,,,,,,,,
Q11,4,5,1,0.21,,nation,1,0,never_instantiated,0,,,,,0,0,partsupp,supplier,8087,0,never_instantiated,0,,,,,0,0,partsupp,,8087,0,never_instantiated,0,,,,,0,0,supplier,nation,1,0,never_instantiated,0,,,,,0,0,,,,,,,,,,,,,,,,,,,,,,,,,,,,,,,,,,,,,,,,,,,,,,,,,,,,,,,,,,,,
Q12,4,5,1,0.72,orders,lineitem,621378,0,never_instantiated,0,,,,,0,0,,,,,,,,,,,,,,,,,,,,,,,,,,,,,,,,,,,,,,,,,,,,,,,,,,,,,,,,,,,,,,,,,,,,,,,,,,,,,,,,,,,,,,,,,,,,,,,,
Q13,4,5,1,1.75,orders,customer,3000000,0,never_instantiated,0,,,,,0,0,,,,,,,,,,,,,,,,,,,,,,,,,,,,,,,,,,,,,,,,,,,,,,,,,,,,,,,,,,,,,,,,,,,,,,,,,,,,,,,,,,,,,,,,,,,,,,,,
Q14,4,5,1,0.52,lineitem,part,1250090,0,never_instantiated,0,,,,,0,0,,,,,,,,,,,,,,,,,,,,,,,,,,,,,,,,,,,,,,,,,,,,,,,,,,,,,,,,,,,,,,,,,,,,,,,,,,,,,,,,,,,,,,,,,,,,,,,,
Q15,4,5,1,0.62,,,1,0,never_instantiated,0,,,,,0,0,supplier,,200000,0,never_instantiated,0,,,,,0,0,,,,,,,,,,,,,,,,,,,,,,,,,,,,,,,,,,,,,,,,,,,,,,,,,,,,,,,,,,,,,,,,,,,,,,,,,,,,,,,,,,,,
Q16,4,5,1,0.62,,supplier,106,0,never_instantiated,0,,,,,0,0,partsupp,,593456,0,never_instantiated,0,,,,,0,0,part,,8,0,never_instantiated,0,,,,,0,0,,,,,,,,,,,,,,,,,,,,,,,,,,,,,,,,,,,,,,,,,,,,,,,,,,,,,,,,,,,,,,,,,,,,,,,,
Q17,4,5,1,1.03,lineitem,part,4066,0,never_instantiated,0,,,,,0,0,,,122217,0,never_instantiated,0,,,,,0,0,lineitem,,4066,0,never_instantiated,0,,,,,0,0,,,,,,,,,,,,,,,,,,,,,,,,,,,,,,,,,,,,,,,,,,,,,,,,,,,,,,,,,,,,,,,,,,,,,,,,
Q18,4,5,1,4.31,,lineitem,1281,0,never_instantiated,0,,,,,0,0,,customer,2999999,0,never_instantiated,0,,,,,0,0,lineitem,orders,30000000,0,never_instantiated,0,,,,,0,0,,,,,,,,,,,,,,,,,,,,,,,,,,,,,,,,,,,,,,,,,,,,,,,,,,,,,,,,,,,,,,,,,,,,,,,,
Q19,4,5,1,1.03,lineitem,part,2639365,0,never_instantiated,0,,,,,0,0,,,,,,,,,,,,,,,,,,,,,,,,,,,,,,,,,,,,,,,,,,,,,,,,,,,,,,,,,,,,,,,,,,,,,,,,,,,,,,,,,,,,,,,,,,,,,,,,
Q20,4,5,1,0.82,,,4763,0,never_instantiated,0,,,,,0,0,partsupp,part,6904,0,never_instantiated,0,,,,,0,0,,,7317,0,never_instantiated,0,,,,,0,0,lineitem,,7317,0,never_instantiated,0,,,,,0,0,supplier,nation,1,0,never_instantiated,0,,,,,0,0,,,,,,,,,,,,,,,,,,,,,,,,,,,,,,,,,,,,,,,,,,,,,,,,
Q21,4,5,1,2.46,,nation,1,0,never_instantiated,0,,,,,0,0,,orders,1464994,0,never_instantiated,0,,,,,0,0,lineitem,supplier,7984,0,never_instantiated,0,,,,,0,0,,,1464370,0,never_instantiated,0,,,,,0,0,lineitem,,1464364,0,never_instantiated,0,,,,,0,0,,,1411363,0,never_instantiated,0,,,,,0,0,lineitem,,1411357,0,never_instantiated,0,,,,,0,0,,,,,,,,,,,,,,,,,,,,,,,,
Q22,4,5,1,0.52,,,381883,0,never_instantiated,0,,,,,0,0,orders,,381883,0,never_instantiated,0,,,,,0,0,,,,,,,,,,,,,,,,,,,,,,,,,,,,,,,,,,,,,,,,,,,,,,,,,,,,,,,,,,,,,,,,,,,,,,,,,,,,,,,,,,,,
Q01,4,6,1,1.03,,,,,,,,,,,,,,,,,,,,,,,,,,,,,,,,,,,,,,,,,,,,,,,,,,,,,,,,,,,,,,,,,,,,,,,,,,,,,,,,,,,,,,,,,,,,,,,,,,,,,,,,,,,,
Q02,4,6,1,0.31,,region,1,0,never_instantiated,0,,,,,0,0,,nation,5,0,never_instantiated,0,,,,,0,0,supplier,,12763,0,never_instantiated,0,,,,,0,0,partsupp,part,9460,0,never_instantiated,0,,,,,0,0,,,12744,0,never_instantiated,0,,,,,0,0,,,9428,0,never_instantiated,0,,,,,0,0,,region,1,0,never_instantiated,0,,,,,0,0,partsupp,,39913,0,never_instantiated,0,,,,,0,0,supplier,nation,5,0,never_instantiated,0,,,,,0,0
Q03,4,6,1,0.82,,customer,170506,0,never_instantiated,0,,,,,0,0,lineitem,orders,227846,0,never_instantiated,0,,,,,0,0,,,,,,,,,,,,,,,,,,,,,,,,,,,,,,,,,,,,,,,,,,,,,,,,,,,,,,,,,,,,,,,,,,,,,,,,,,,,,,,,,,,,
Q04,4,6,1,1.03,,,1146356,0,never_instantiated,0,,,,,0,0,lineitem,,1146356,0,never_instantiated,0,,,,,0,0,,,,,,,,,,,,,,,,,,,,,,,,,,,,,,,,,,,,,,,,,,,,,,,,,,,,,,,,,,,,,,,,,,,,,,,,,,,,,,,,,,,,
Q05,4,6,1,1.75,,region,1,0,never_instantiated,0,,,,,0,0,,nation,5,0,never_instantiated,0,,,,,0,0,,customer,1734594,0,never_instantiated,0,,,,,0,0,,supplier,40119,0,never_instantiated,0,,,,,0,0,lineitem,orders,4549846,0,never_instantiated,0,,,,,0,0,,,,,,,,,,,,,,,,,,,,,,,,,,,,,,,,,,,,,,,,,,,,,,,,
Q06,4,6,1,0.41,,,,,,,,,,,,,,,,,,,,,,,,,,,,,,,,,,,,,,,,,,,,,,,,,,,,,,,,,,,,,,,,,,,,,,,,,,,,,,,,,,,,,,,,,,,,,,,,,,,,,,,,,,,,
Q07,4,6,1,0.82,,nation,2,0,never_instantiated,0,,,,,0,0,,customer,112839,0,never_instantiated,0,,,,,0,0,,nation,2,0,never_instantiated,0,,,,,0,0,,supplier,15988,0,never_instantiated,0,,,,,0,0,lineitem,orders,212002,0,never_instantiated,0,,,,,0,0,,,,,,,,,,,,,,,,,,,,,,,,,,,,,,,,,,,,,,,,,,,,,,,,
Q08,4,6,1,0.93,,region,1,0,never_instantiated,0,,,,,0,0,,nation,25,0,never_instantiated,0,,,,,0,0,,nation,5,0,never_instantiated,0,,,,,0,0,,supplier,40697,0,never_instantiated,0,,,,,0,0,customer,,48849,0,never_instantiated,0,,,,,0,0,,part,22661,0,never_instantiated,0,,,,,0,0,lineitem,orders,56716,0,never_instantiated,0,,,,,0,0,,,,,,,,,,,,,,,,,,,,,,,,
Q09,4,6,1,1.75,,nation,25,0,never_instantiated,0,,,,,0,0,,supplier,198550,0,never_instantiated,0,,,,,0,0,,orders,5958953,0,never_instantiated,0,,,,,0,0,,part,217392,0,never_instantiated,0,,,,,0,0,lineitem,partsupp,884320,0,never_instantiated,0,,,,,0,0,,,,,,,,,,,,,,,,,,,,,,,,,,,,,,,,,,,,,,,,,,,,,,,,
Q10,4,6,1,1.13,,nation,25,0,never_instantiated,0,,,,,0,0,customer,,2290399,0,never_instantiated,0,,,,,0,0,lineitem,orders,983154,0,never_instantiated,0,,,,,0,0,,,,,,,,,,,,,,,,,,,,,,,,,,,,,,,,,,,,,,,,,,,,,,,,,,,,,,,,,,,,,,,,,,,,,,,,
Q11,4,6,1,0.21,partsupp,,8087,0,never_instantiated,0,,,,,0,0,supplier,nation,1,0,never_instantiated,0,,,,,0,0,partsupp,,8087,0,never_instantiated,0,,,,,0,0,supplier,nation,1,0,never_instantiated,0,,,,,0,0,,,,,,,,,,,,,,,,,,,,,,,,,,,,,,,,,,,,,,,,,,,,,,,,,,,,,,,,,,,,
Q12,4,6,1,0.62,orders,lineitem,621378,0,never_instantiated,0,,,,,0,0,,,,,,,,,,,,,,,,,,,,,,,,,,,,,,,,,,,,,,,,,,,,,,,,,,,,,,,,,,,,,,,,,,,,,,,,,,,,,,,,,,,,,,,,,,,,,,,,
Q13,4,6,1,1.75,orders,customer,3000000,0,never_instantiated,0,,,,,0,0,,,,,,,,,,,,,,,,,,,,,,,,,,,,,,,,,,,,,,,,,,,,,,,,,,,,,,,,,,,,,,,,,,,,,,,,,,,,,,,,,,,,,,,,,,,,,,,,
Q14,4,6,1,0.52,lineitem,part,1250090,0,never_instantiated,0,,,,,0,0,,,,,,,,,,,,,,,,,,,,,,,,,,,,,,,,,,,,,,,,,,,,,,,,,,,,,,,,,,,,,,,,,,,,,,,,,,,,,,,,,,,,,,,,,,,,,,,,
Q15,4,6,1,0.62,,,1,0,never_instantiated,0,,,,,0,0,supplier,,200000,0,never_instantiated,0,,,,,0,0,,,,,,,,,,,,,,,,,,,,,,,,,,,,,,,,,,,,,,,,,,,,,,,,,,,,,,,,,,,,,,,,,,,,,,,,,,,,,,,,,,,,
Q16,4,6,1,0.62,,supplier,106,0,never_instantiated,0,,,,,0,0,partsupp,,593456,0,never_instantiated,0,,,,,0,0,part,,8,0,never_instantiated,0,,,,,0,0,,,,,,,,,,,,,,,,,,,,,,,,,,,,,,,,,,,,,,,,,,,,,,,,,,,,,,,,,,,,,,,,,,,,,,,,
Q17,4,6,1,1.03,lineitem,part,4066,0,never_instantiated,0,,,,,0,0,,,122217,0,never_instantiated,0,,,,,0,0,lineitem,,4066,0,never_instantiated,0,,,,,0,0,,,,,,,,,,,,,,,,,,,,,,,,,,,,,,,,,,,,,,,,,,,,,,,,,,,,,,,,,,,,,,,,,,,,,,,,
Q18,4,6,1,4.31,,lineitem,1281,0,never_instantiated,0,,,,,0,0,,customer,2999999,0,never_instantiated,0,,,,,0,0,lineitem,orders,30000000,0,never_instantiated,0,,,,,0,0,,,,,,,,,,,,,,,,,,,,,,,,,,,,,,,,,,,,,,,,,,,,,,,,,,,,,,,,,,,,,,,,,,,,,,,,
Q19,4,6,1,1.03,lineitem,part,2639365,0,never_instantiated,0,,,,,0,0,,,,,,,,,,,,,,,,,,,,,,,,,,,,,,,,,,,,,,,,,,,,,,,,,,,,,,,,,,,,,,,,,,,,,,,,,,,,,,,,,,,,,,,,,,,,,,,,
Q20,4,6,1,0.82,,,4763,0,never_instantiated,0,,,,,0,0,partsupp,part,6904,0,never_instantiated,0,,,,,0,0,,,7317,0,never_instantiated,0,,,,,0,0,lineitem,,7317,0,never_instantiated,0,,,,,0,0,supplier,nation,1,0,never_instantiated,0,,,,,0,0,,,,,,,,,,,,,,,,,,,,,,,,,,,,,,,,,,,,,,,,,,,,,,,,
Q21,4,6,1,2.46,,nation,1,0,never_instantiated,0,,,,,0,0,,supplier,7984,0,never_instantiated,0,,,,,0,0,lineitem,orders,1464994,0,never_instantiated,0,,,,,0,0,,,1464370,0,never_instantiated,0,,,,,0,0,lineitem,,1464364,0,never_instantiated,0,,,,,0,0,,,1411363,0,never_instantiated,0,,,,,0,0,lineitem,,1411357,0,never_instantiated,0,,,,,0,0,,,,,,,,,,,,,,,,,,,,,,,,
Q22,4,6,1,0.52,,,381883,0,never_instantiated,0,,,,,0,0,orders,,381883,0,never_instantiated,0,,,,,0,0,,,,,,,,,,,,,,,,,,,,,,,,,,,,,,,,,,,,,,,,,,,,,,,,,,,,,,,,,,,,,,,,,,,,,,,,,,,,,,,,,,,,
Q01,4,7,1,1.03,,,,,,,,,,,,,,,,,,,,,,,,,,,,,,,,,,,,,,,,,,,,,,,,,,,,,,,,,,,,,,,,,,,,,,,,,,,,,,,,,,,,,,,,,,,,,,,,,,,,,,,,,,,,
Q02,4,7,1,0.31,,region,1,0,never_instantiated,0,,,,,0,0,,nation,5,0,never_instantiated,0,,,,,0,0,,part,9460,0,never_instantiated,0,,,,,0,0,partsupp,supplier,14959,0,never_instantiated,0,,,,,0,0,,,12744,0,never_instantiated,0,,,,,0,0,,,9428,0,never_instantiated,0,,,,,0,0,,region,1,0,never_instantiated,0,,,,,0,0,,nation,5,0,never_instantiated,0,,,,,0,0,partsupp,supplier,39913,0,never_instantiated,0,,,,,0,0
Q03,4,7,1,1.54,,customer,600888,0,never_instantiated,0,,,,,0,0,lineitem,orders,14577240,0,never_instantiated,0,,,,,0,0,,,,,,,,,,,,,,,,,,,,,,,,,,,,,,,,,,,,,,,,,,,,,,,,,,,,,,,,,,,,,,,,,,,,,,,,,,,,,,,,,,,,
Q04,4,7,1,0.93,,,1146356,0,never_instantiated,0,,,,,0,0,lineitem,,1146356,0,never_instantiated,0,,,,,0,0,,,,,,,,,,,,,,,,,,,,,,,,,,,,,,,,,,,,,,,,,,,,,,,,,,,,,,,,,,,,,,,,,,,,,,,,,,,,,,,,,,,,
Q05,4,7,1,9999999,,,,,,,,,,,,,,,,,,,,,,,,,,,,,,,,,,,,,,,,,,,,,,,,,,,,,,,,,,,,,,,,,,,,,,,,,,,,,,,,,,,,,,,,,,,,,,,,,,,,,,,,,,,,
Q06,4,7,1,0.41,,,,,,,,,,,,,,,,,,,,,,,,,,,,,,,,,,,,,,,,,,,,,,,,,,,,,,,,,,,,,,,,,,,,,,,,,,,,,,,,,,,,,,,,,,,,,,,,,,,,,,,,,,,,
Q07,4,7,1,0.93,,nation,2,0,never_instantiated,0,,,,,0,0,,nation,2,0,never_instantiated,0,,,,,0,0,,customer,112839,0,never_instantiated,0,,,,,0,0,,orders,212002,0,never_instantiated,0,,,,,0,0,lineitem,supplier,15988,0,never_instantiated,0,,,,,0,0,,,,,,,,,,,,,,,,,,,,,,,,,,,,,,,,,,,,,,,,,,,,,,,,
Q08,4,7,1,0.93,,region,1,0,never_instantiated,0,,,,,0,0,,nation,5,0,never_instantiated,0,,,,,0,0,customer,,48849,0,never_instantiated,0,,,,,0,0,,nation,25,0,never_instantiated,0,,,,,0,0,orders,,49794,0,never_instantiated,0,,,,,0,0,,supplier,40697,0,never_instantiated,0,,,,,0,0,lineitem,part,22661,0,never_instantiated,0,,,,,0,0,,,,,,,,,,,,,,,,,,,,,,,,
Q09,4,7,1,1.75,,nation,25,0,never_instantiated,0,,,,,0,0,,part,217392,0,never_instantiated,0,,,,,0,0,,orders,5958953,0,never_instantiated,0,,,,,0,0,,partsupp,884320,0,never_instantiated,0,,,,,0,0,lineitem,supplier,198550,0,never_instantiated,0,,,,,0,0,,,,,,,,,,,,,,,,,,,,,,,,,,,,,,,,,,,,,,,,,,,,,,,,
Q10,4,7,1,1.13,,nation,25,0,never_instantiated,0,,,,,0,0,customer,,2290399,0,never_instantiated,0,,,,,0,0,lineitem,orders,983154,0,never_instantiated,0,,,,,0,0,,,,,,,,,,,,,,,,,,,,,,,,,,,,,,,,,,,,,,,,,,,,,,,,,,,,,,,,,,,,,,,,,,,,,,,,
Q11,4,7,1,0.21,,nation,1,0,never_instantiated,0,,,,,0,0,partsupp,supplier,8087,0,never_instantiated,0,,,,,0,0,,nation,1,0,never_instantiated,0,,,,,0,0,partsupp,supplier,8087,0,never_instantiated,0,,,,,0,0,,,,,,,,,,,,,,,,,,,,,,,,,,,,,,,,,,,,,,,,,,,,,,,,,,,,,,,,,,,,
Q12,4,7,1,0.72,orders,lineitem,621378,0,never_instantiated,0,,,,,0,0,,,,,,,,,,,,,,,,,,,,,,,,,,,,,,,,,,,,,,,,,,,,,,,,,,,,,,,,,,,,,,,,,,,,,,,,,,,,,,,,,,,,,,,,,,,,,,,,
Q13,4,7,1,1.75,orders,customer,3000000,0,never_instantiated,0,,,,,0,0,,,,,,,,,,,,,,,,,,,,,,,,,,,,,,,,,,,,,,,,,,,,,,,,,,,,,,,,,,,,,,,,,,,,,,,,,,,,,,,,,,,,,,,,,,,,,,,,
Q14,4,7,1,0.52,lineitem,part,1250090,0,never_instantiated,0,,,,,0,0,,,,,,,,,,,,,,,,,,,,,,,,,,,,,,,,,,,,,,,,,,,,,,,,,,,,,,,,,,,,,,,,,,,,,,,,,,,,,,,,,,,,,,,,,,,,,,,,
Q15,4,7,1,0.62,,,1,0,never_instantiated,0,,,,,0,0,supplier,,200000,0,never_instantiated,0,,,,,0,0,,,,,,,,,,,,,,,,,,,,,,,,,,,,,,,,,,,,,,,,,,,,,,,,,,,,,,,,,,,,,,,,,,,,,,,,,,,,,,,,,,,,
Q16,4,7,1,0.62,,supplier,106,0,never_instantiated,0,,,,,0,0,partsupp,,593456,0,never_instantiated,0,,,,,0,0,part,,8,0,never_instantiated,0,,,,,0,0,,,,,,,,,,,,,,,,,,,,,,,,,,,,,,,,,,,,,,,,,,,,,,,,,,,,,,,,,,,,,,,,,,,,,,,,
Q17,4,7,1,1.03,lineitem,part,4066,0,never_instantiated,0,,,,,0,0,,,122217,0,never_instantiated,0,,,,,0,0,lineitem,,4066,0,never_instantiated,0,,,,,0,0,,,,,,,,,,,,,,,,,,,,,,,,,,,,,,,,,,,,,,,,,,,,,,,,,,,,,,,,,,,,,,,,,,,,,,,,
Q18,4,7,1,4.31,,lineitem,1281,0,never_instantiated,0,,,,,0,0,,customer,2999999,0,never_instantiated,0,,,,,0,0,lineitem,orders,30000000,0,never_instantiated,0,,,,,0,0,,,,,,,,,,,,,,,,,,,,,,,,,,,,,,,,,,,,,,,,,,,,,,,,,,,,,,,,,,,,,,,,,,,,,,,,
Q19,4,7,1,1.03,lineitem,part,2639365,0,never_instantiated,0,,,,,0,0,,,,,,,,,,,,,,,,,,,,,,,,,,,,,,,,,,,,,,,,,,,,,,,,,,,,,,,,,,,,,,,,,,,,,,,,,,,,,,,,,,,,,,,,,,,,,,,,
Q20,4,7,1,0.82,,,4763,0,never_instantiated,0,,,,,0,0,partsupp,part,6904,0,never_instantiated,0,,,,,0,0,,,7317,0,never_instantiated,0,,,,,0,0,lineitem,,7317,0,never_instantiated,0,,,,,0,0,supplier,nation,1,0,never_instantiated,0,,,,,0,0,,,,,,,,,,,,,,,,,,,,,,,,,,,,,,,,,,,,,,,,,,,,,,,,
Q21,4,7,1,2.46,,nation,1,0,never_instantiated,0,,,,,0,0,,orders,1464994,0,never_instantiated,0,,,,,0,0,lineitem,supplier,7984,0,never_instantiated,0,,,,,0,0,,,1464370,0,never_instantiated,0,,,,,0,0,lineitem,,1464364,0,never_instantiated,0,,,,,0,0,,,1411363,0,never_instantiated,0,,,,,0,0,lineitem,,1411357,0,never_instantiated,0,,,,,0,0,,,,,,,,,,,,,,,,,,,,,,,,
Q22,4,7,1,0.52,,,381883,0,never_instantiated,0,,,,,0,0,orders,,381883,0,never_instantiated,0,,,,,0,0,,,,,,,,,,,,,,,,,,,,,,,,,,,,,,,,,,,,,,,,,,,,,,,,,,,,,,,,,,,,,,,,,,,,,,,,,,,,,,,,,,,,
Q01,4,8,1,1.03,,,,,,,,,,,,,,,,,,,,,,,,,,,,,,,,,,,,,,,,,,,,,,,,,,,,,,,,,,,,,,,,,,,,,,,,,,,,,,,,,,,,,,,,,,,,,,,,,,,,,,,,,,,,
Q02,4,8,1,0.31,,region,1,0,never_instantiated,0,,,,,0,0,,nation,5,0,never_instantiated,0,,,,,0,0,supplier,,12763,0,never_instantiated,0,,,,,0,0,partsupp,part,9460,0,never_instantiated,0,,,,,0,0,,,12744,0,never_instantiated,0,,,,,0,0,,,9428,0,never_instantiated,0,,,,,0,0,,region,1,0,never_instantiated,0,,,,,0,0,partsupp,,39913,0,never_instantiated,0,,,,,0,0,supplier,nation,5,0,never_instantiated,0,,,,,0,0
Q03,4,8,1,0.82,,customer,170506,0,never_instantiated,0,,,,,0,0,lineitem,orders,227846,0,never_instantiated,0,,,,,0,0,,,,,,,,,,,,,,,,,,,,,,,,,,,,,,,,,,,,,,,,,,,,,,,,,,,,,,,,,,,,,,,,,,,,,,,,,,,,,,,,,,,,
Q04,4,8,1,1.03,,,1146356,0,never_instantiated,0,,,,,0,0,lineitem,,1146356,0,never_instantiated,0,,,,,0,0,,,,,,,,,,,,,,,,,,,,,,,,,,,,,,,,,,,,,,,,,,,,,,,,,,,,,,,,,,,,,,,,,,,,,,,,,,,,,,,,,,,,
Q05,4,8,1,1.64,,region,1,0,never_instantiated,0,,,,,0,0,,nation,5,0,never_instantiated,0,,,,,0,0,,customer,600016,0,never_instantiated,0,,,,,0,0,,supplier,40119,0,never_instantiated,0,,,,,0,0,lineitem,orders,4549846,0,never_instantiated,0,,,,,0,0,,,,,,,,,,,,,,,,,,,,,,,,,,,,,,,,,,,,,,,,,,,,,,,,
Q06,4,8,1,0.41,,,,,,,,,,,,,,,,,,,,,,,,,,,,,,,,,,,,,,,,,,,,,,,,,,,,,,,,,,,,,,,,,,,,,,,,,,,,,,,,,,,,,,,,,,,,,,,,,,,,,,,,,,,,
Q07,4,8,1,0.82,,nation,2,0,never_instantiated,0,,,,,0,0,,customer,112839,0,never_instantiated,0,,,,,0,0,,nation,2,0,never_instantiated,0,,,,,0,0,,supplier,15988,0,never_instantiated,0,,,,,0,0,lineitem,orders,212002,0,never_instantiated,0,,,,,0,0,,,,,,,,,,,,,,,,,,,,,,,,,,,,,,,,,,,,,,,,,,,,,,,,
Q08,4,8,1,0.82,,region,1,0,never_instantiated,0,,,,,0,0,,nation,5,0,never_instantiated,0,,,,,0,0,customer,,48849,0,never_instantiated,0,,,,,0,0,,part,22661,0,never_instantiated,0,,,,,0,0,,nation,25,0,never_instantiated,0,,,,,0,0,,orders,56716,0,never_instantiated,0,,,,,0,0,lineitem,supplier,40697,0,never_instantiated,0,,,,,0,0,,,,,,,,,,,,,,,,,,,,,,,,
Q09,4,8,1,1.85,,nation,25,0,never_instantiated,0,,,,,0,0,,supplier,198550,0,never_instantiated,0,,,,,0,0,,part,217392,0,never_instantiated,0,,,,,0,0,,partsupp,884320,0,never_instantiated,0,,,,,0,0,lineitem,orders,5958953,0,never_instantiated,0,,,,,0,0,,,,,,,,,,,,,,,,,,,,,,,,,,,,,,,,,,,,,,,,,,,,,,,,
Q10,4,8,1,1.13,,nation,25,0,never_instantiated,0,,,,,0,0,customer,,2290399,0,never_instantiated,0,,,,,0,0,lineitem,orders,983154,0,never_instantiated,0,,,,,0,0,,,,,,,,,,,,,,,,,,,,,,,,,,,,,,,,,,,,,,,,,,,,,,,,,,,,,,,,,,,,,,,,,,,,,,,,
Q11,4,8,1,0.21,partsupp,,8087,0,never_instantiated,0,,,,,0,0,supplier,nation,1,0,never_instantiated,0,,,,,0,0,partsupp,,8087,0,never_instantiated,0,,,,,0,0,supplier,nation,1,0,never_instantiated,0,,,,,0,0,,,,,,,,,,,,,,,,,,,,,,,,,,,,,,,,,,,,,,,,,,,,,,,,,,,,,,,,,,,,
Q12,4,8,1,0.62,orders,lineitem,621378,0,never_instantiated,0,,,,,0,0,,,,,,,,,,,,,,,,,,,,,,,,,,,,,,,,,,,,,,,,,,,,,,,,,,,,,,,,,,,,,,,,,,,,,,,,,,,,,,,,,,,,,,,,,,,,,,,,
Q13,4,8,1,1.75,orders,customer,3000000,0,never_instantiated,0,,,,,0,0,,,,,,,,,,,,,,,,,,,,,,,,,,,,,,,,,,,,,,,,,,,,,,,,,,,,,,,,,,,,,,,,,,,,,,,,,,,,,,,,,,,,,,,,,,,,,,,,
Q14,4,8,1,0.52,lineitem,part,1250090,0,never_instantiated,0,,,,,0,0,,,,,,,,,,,,,,,,,,,,,,,,,,,,,,,,,,,,,,,,,,,,,,,,,,,,,,,,,,,,,,,,,,,,,,,,,,,,,,,,,,,,,,,,,,,,,,,,
Q15,4,8,1,0.62,,,1,0,never_instantiated,0,,,,,0,0,supplier,,200000,0,never_instantiated,0,,,,,0,0,,,,,,,,,,,,,,,,,,,,,,,,,,,,,,,,,,,,,,,,,,,,,,,,,,,,,,,,,,,,,,,,,,,,,,,,,,,,,,,,,,,,
Q16,4,8,1,0.62,,supplier,106,0,never_instantiated,0,,,,,0,0,partsupp,,593456,0,never_instantiated,0,,,,,0,0,part,,8,0,never_instantiated,0,,,,,0,0,,,,,,,,,,,,,,,,,,,,,,,,,,,,,,,,,,,,,,,,,,,,,,,,,,,,,,,,,,,,,,,,,,,,,,,,
Q17,4,8,1,1.03,lineitem,part,4066,0,never_instantiated,0,,,,,0,0,,,122217,0,never_instantiated,0,,,,,0,0,lineitem,,4066,0,never_instantiated,0,,,,,0,0,,,,,,,,,,,,,,,,,,,,,,,,,,,,,,,,,,,,,,,,,,,,,,,,,,,,,,,,,,,,,,,,,,,,,,,,
Q18,4,8,1,4.31,,lineitem,1281,0,never_instantiated,0,,,,,0,0,,customer,2999999,0,never_instantiated,0,,,,,0,0,lineitem,orders,30000000,0,never_instantiated,0,,,,,0,0,,,,,,,,,,,,,,,,,,,,,,,,,,,,,,,,,,,,,,,,,,,,,,,,,,,,,,,,,,,,,,,,,,,,,,,,
Q19,4,8,1,1.03,lineitem,part,2639365,0,never_instantiated,0,,,,,0,0,,,,,,,,,,,,,,,,,,,,,,,,,,,,,,,,,,,,,,,,,,,,,,,,,,,,,,,,,,,,,,,,,,,,,,,,,,,,,,,,,,,,,,,,,,,,,,,,
Q20,4,8,1,0.82,,,4763,0,never_instantiated,0,,,,,0,0,partsupp,part,6904,0,never_instantiated,0,,,,,0,0,,,7317,0,never_instantiated,0,,,,,0,0,lineitem,,7317,0,never_instantiated,0,,,,,0,0,supplier,nation,1,0,never_instantiated,0,,,,,0,0,,,,,,,,,,,,,,,,,,,,,,,,,,,,,,,,,,,,,,,,,,,,,,,,
Q21,4,8,1,2.46,,nation,1,0,never_instantiated,0,,,,,0,0,,supplier,7984,0,never_instantiated,0,,,,,0,0,lineitem,orders,1464994,0,never_instantiated,0,,,,,0,0,,,1464370,0,never_instantiated,0,,,,,0,0,lineitem,,1464364,0,never_instantiated,0,,,,,0,0,,,1411363,0,never_instantiated,0,,,,,0,0,lineitem,,1411357,0,never_instantiated,0,,,,,0,0,,,,,,,,,,,,,,,,,,,,,,,,
Q22,4,8,1,0.52,,,381883,0,never_instantiated,0,,,,,0,0,orders,,381883,0,never_instantiated,0,,,,,0,0,,,,,,,,,,,,,,,,,,,,,,,,,,,,,,,,,,,,,,,,,,,,,,,,,,,,,,,,,,,,,,,,,,,,,,,,,,,,,,,,,,,,
Q01,4,9,1,1.03,,,,,,,,,,,,,,,,,,,,,,,,,,,,,,,,,,,,,,,,,,,,,,,,,,,,,,,,,,,,,,,,,,,,,,,,,,,,,,,,,,,,,,,,,,,,,,,,,,,,,,,,,,,,
Q02,4,9,1,0.31,,region,1,0,never_instantiated,0,,,,,0,0,,part,9460,0,never_instantiated,0,,,,,0,0,,nation,5,0,never_instantiated,0,,,,,0,0,partsupp,supplier,14959,0,never_instantiated,0,,,,,0,0,,,12744,0,never_instantiated,0,,,,,0,0,,,9428,0,never_instantiated,0,,,,,0,0,partsupp,,39913,0,never_instantiated,0,,,,,0,0,,region,1,0,never_instantiated,0,,,,,0,0,supplier,nation,5,0,never_instantiated,0,,,,,0,0
Q03,4,9,1,0.82,,customer,170506,0,never_instantiated,0,,,,,0,0,lineitem,orders,227846,0,never_instantiated,0,,,,,0,0,,,,,,,,,,,,,,,,,,,,,,,,,,,,,,,,,,,,,,,,,,,,,,,,,,,,,,,,,,,,,,,,,,,,,,,,,,,,,,,,,,,,
Q04,4,9,1,1.03,,,1146356,0,never_instantiated,0,,,,,0,0,lineitem,,1146356,0,never_instantiated,0,,,,,0,0,,,,,,,,,,,,,,,,,,,,,,,,,,,,,,,,,,,,,,,,,,,,,,,,,,,,,,,,,,,,,,,,,,,,,,,,,,,,,,,,,,,,
Q05,4,9,1,1.64,,region,1,0,never_instantiated,0,,,,,0,0,,nation,5,0,never_instantiated,0,,,,,0,0,,customer,600016,0,never_instantiated,0,,,,,0,0,,orders,4549846,0,never_instantiated,0,,,,,0,0,lineitem,supplier,40119,0,never_instantiated,0,,,,,0,0,,,,,,,,,,,,,,,,,,,,,,,,,,,,,,,,,,,,,,,,,,,,,,,,
Q06,4,9,1,0.41,,,,,,,,,,,,,,,,,,,,,,,,,,,,,,,,,,,,,,,,,,,,,,,,,,,,,,,,,,,,,,,,,,,,,,,,,,,,,,,,,,,,,,,,,,,,,,,,,,,,,,,,,,,,
Q07,4,9,1,0.82,,nation,2,0,never_instantiated,0,,,,,0,0,,customer,112839,0,never_instantiated,0,,,,,0,0,orders,,239361,0,never_instantiated,0,,,,,0,0,,nation,2,0,never_instantiated,0,,,,,0,0,lineitem,supplier,15988,0,never_instantiated,0,,,,,0,0,,,,,,,,,,,,,,,,,,,,,,,,,,,,,,,,,,,,,,,,,,,,,,,,
Q08,4,9,1,0.82,,region,1,0,never_instantiated,0,,,,,0,0,,nation,5,0,never_instantiated,0,,,,,0,0,customer,,48849,0,never_instantiated,0,,,,,0,0,,part,22661,0,never_instantiated,0,,,,,0,0,,nation,25,0,never_instantiated,0,,,,,0,0,,supplier,40697,0,never_instantiated,0,,,,,0,0,lineitem,orders,56716,0,never_instantiated,0,,,,,0,0,,,,,,,,,,,,,,,,,,,,,,,,
Q09,4,9,1,2.05,,nation,25,0,never_instantiated,0,,,,,0,0,,partsupp,15994238,0,never_instantiated,0,,,,,0,0,,orders,5958953,0,never_instantiated,0,,,,,0,0,,supplier,198550,0,never_instantiated,0,,,,,0,0,lineitem,part,217392,0,never_instantiated,0,,,,,0,0,,,,,,,,,,,,,,,,,,,,,,,,,,,,,,,,,,,,,,,,,,,,,,,,
Q10,4,9,1,1.13,,nation,25,0,never_instantiated,0,,,,,0,0,customer,,2290399,0,never_instantiated,0,,,,,0,0,lineitem,orders,983154,0,never_instantiated,0,,,,,0,0,,,,,,,,,,,,,,,,,,,,,,,,,,,,,,,,,,,,,,,,,,,,,,,,,,,,,,,,,,,,,,,,,,,,,,,,
Q11,4,9,1,0.21,,nation,1,0,never_instantiated,0,,,,,0,0,partsupp,supplier,8087,0,never_instantiated,0,,,,,0,0,partsupp,,8087,0,never_instantiated,0,,,,,0,0,supplier,nation,1,0,never_instantiated,0,,,,,0,0,,,,,,,,,,,,,,,,,,,,,,,,,,,,,,,,,,,,,,,,,,,,,,,,,,,,,,,,,,,,
Q12,4,9,1,0.62,orders,lineitem,621378,0,never_instantiated,0,,,,,0,0,,,,,,,,,,,,,,,,,,,,,,,,,,,,,,,,,,,,,,,,,,,,,,,,,,,,,,,,,,,,,,,,,,,,,,,,,,,,,,,,,,,,,,,,,,,,,,,,
Q13,4,9,1,1.75,orders,customer,3000000,0,never_instantiated,0,,,,,0,0,,,,,,,,,,,,,,,,,,,,,,,,,,,,,,,,,,,,,,,,,,,,,,,,,,,,,,,,,,,,,,,,,,,,,,,,,,,,,,,,,,,,,,,,,,,,,,,,
Q14,4,9,1,0.52,lineitem,part,1250090,0,never_instantiated,0,,,,,0,0,,,,,,,,,,,,,,,,,,,,,,,,,,,,,,,,,,,,,,,,,,,,,,,,,,,,,,,,,,,,,,,,,,,,,,,,,,,,,,,,,,,,,,,,,,,,,,,,
Q15,4,9,1,0.62,,,1,0,never_instantiated,0,,,,,0,0,supplier,,200000,0,never_instantiated,0,,,,,0,0,,,,,,,,,,,,,,,,,,,,,,,,,,,,,,,,,,,,,,,,,,,,,,,,,,,,,,,,,,,,,,,,,,,,,,,,,,,,,,,,,,,,
Q16,4,9,1,0.62,,supplier,106,0,never_instantiated,0,,,,,0,0,partsupp,,593456,0,never_instantiated,0,,,,,0,0,part,,8,0,never_instantiated,0,,,,,0,0,,,,,,,,,,,,,,,,,,,,,,,,,,,,,,,,,,,,,,,,,,,,,,,,,,,,,,,,,,,,,,,,,,,,,,,,
Q17,4,9,1,1.03,lineitem,part,4066,0,never_instantiated,0,,,,,0,0,,,122217,0,never_instantiated,0,,,,,0,0,lineitem,,4066,0,never_instantiated,0,,,,,0,0,,,,,,,,,,,,,,,,,,,,,,,,,,,,,,,,,,,,,,,,,,,,,,,,,,,,,,,,,,,,,,,,,,,,,,,,
Q18,4,9,1,4.31,,lineitem,1281,0,never_instantiated,0,,,,,0,0,,customer,2999999,0,never_instantiated,0,,,,,0,0,lineitem,orders,30000000,0,never_instantiated,0,,,,,0,0,,,,,,,,,,,,,,,,,,,,,,,,,,,,,,,,,,,,,,,,,,,,,,,,,,,,,,,,,,,,,,,,,,,,,,,,
Q19,4,9,1,1.03,lineitem,part,2639365,0,never_instantiated,0,,,,,0,0,,,,,,,,,,,,,,,,,,,,,,,,,,,,,,,,,,,,,,,,,,,,,,,,,,,,,,,,,,,,,,,,,,,,,,,,,,,,,,,,,,,,,,,,,,,,,,,,
Q20,4,9,1,0.82,,,4763,0,never_instantiated,0,,,,,0,0,partsupp,part,6904,0,never_instantiated,0,,,,,0,0,,,7317,0,never_instantiated,0,,,,,0,0,lineitem,,7317,0,never_instantiated,0,,,,,0,0,supplier,nation,1,0,never_instantiated,0,,,,,0,0,,,,,,,,,,,,,,,,,,,,,,,,,,,,,,,,,,,,,,,,,,,,,,,,
Q21,4,9,1,2.56,orders,,3033530,0,never_instantiated,0,,,,,0,0,,nation,1,0,never_instantiated,0,,,,,0,0,lineitem,supplier,7984,0,never_instantiated,0,,,,,0,0,,,1464370,0,never_instantiated,0,,,,,0,0,lineitem,,1464364,0,never_instantiated,0,,,,,0,0,,,1411363,0,never_instantiated,0,,,,,0,0,lineitem,,1411357,0,never_instantiated,0,,,,,0,0,,,,,,,,,,,,,,,,,,,,,,,,
Q22,4,9,1,0.52,,,381883,0,never_instantiated,0,,,,,0,0,orders,,381883,0,never_instantiated,0,,,,,0,0,,,,,,,,,,,,,,,,,,,,,,,,,,,,,,,,,,,,,,,,,,,,,,,,,,,,,,,,,,,,,,,,,,,,,,,,,,,,,,,,,,,,
Q01,4,10,1,1.03,,,,,,,,,,,,,,,,,,,,,,,,,,,,,,,,,,,,,,,,,,,,,,,,,,,,,,,,,,,,,,,,,,,,,,,,,,,,,,,,,,,,,,,,,,,,,,,,,,,,,,,,,,,,
Q02,4,10,1,0.31,,region,1,0,never_instantiated,0,,,,,0,0,,nation,5,0,never_instantiated,0,,,,,0,0,supplier,,12763,0,never_instantiated,0,,,,,0,0,partsupp,part,9460,0,never_instantiated,0,,,,,0,0,,,12744,0,never_instantiated,0,,,,,0,0,,,9428,0,never_instantiated,0,,,,,0,0,,region,1,0,never_instantiated,0,,,,,0,0,partsupp,,39913,0,never_instantiated,0,,,,,0,0,supplier,nation,5,0,never_instantiated,0,,,,,0,0
Q03,4,10,1,0.82,,customer,170506,0,never_instantiated,0,,,,,0,0,lineitem,orders,227846,0,never_instantiated,0,,,,,0,0,,,,,,,,,,,,,,,,,,,,,,,,,,,,,,,,,,,,,,,,,,,,,,,,,,,,,,,,,,,,,,,,,,,,,,,,,,,,,,,,,,,,
Q04,4,10,1,1.03,,,1146356,0,never_instantiated,0,,,,,0,0,lineitem,,1146356,0,never_instantiated,0,,,,,0,0,,,,,,,,,,,,,,,,,,,,,,,,,,,,,,,,,,,,,,,,,,,,,,,,,,,,,,,,,,,,,,,,,,,,,,,,,,,,,,,,,,,,
Q05,4,10,1,1.03,,region,1,0,never_instantiated,0,,,,,0,0,,nation,5,0,never_instantiated,0,,,,,0,0,,customer,347213,0,never_instantiated,0,,,,,0,0,,supplier,200000,0,never_instantiated,0,,,,,0,0,lineitem,orders,910865,0,never_instantiated,0,,,,,0,0,,,,,,,,,,,,,,,,,,,,,,,,,,,,,,,,,,,,,,,,,,,,,,,,
Q06,4,10,1,0.41,,,,,,,,,,,,,,,,,,,,,,,,,,,,,,,,,,,,,,,,,,,,,,,,,,,,,,,,,,,,,,,,,,,,,,,,,,,,,,,,,,,,,,,,,,,,,,,,,,,,,,,,,,,,
Q07,4,10,1,0.82,,nation,2,0,never_instantiated,0,,,,,0,0,,customer,112839,0,never_instantiated,0,,,,,0,0,,nation,2,0,never_instantiated,0,,,,,0,0,,supplier,15988,0,never_instantiated,0,,,,,0,0,lineitem,orders,212002,0,never_instantiated,0,,,,,0,0,,,,,,,,,,,,,,,,,,,,,,,,,,,,,,,,,,,,,,,,,,,,,,,,
Q08,4,10,1,0.93,,region,1,0,never_instantiated,0,,,,,0,0,,nation,5,0,never_instantiated,0,,,,,0,0,customer,,48849,0,never_instantiated,0,,,,,0,0,orders,,49794,0,never_instantiated,0,,,,,0,0,,nation,25,0,never_instantiated,0,,,,,0,0,,supplier,40697,0,never_instantiated,0,,,,,0,0,lineitem,part,22661,0,never_instantiated,0,,,,,0,0,,,,,,,,,,,,,,,,,,,,,,,,
Q09,4,10,1,1.85,,nation,25,0,never_instantiated,0,,,,,0,0,,part,217392,0,never_instantiated,0,,,,,0,0,,orders,5958953,0,never_instantiated,0,,,,,0,0,,supplier,198550,0,never_instantiated,0,,,,,0,0,lineitem,partsupp,884320,0,never_instantiated,0,,,,,0,0,,,,,,,,,,,,,,,,,,,,,,,,,,,,,,,,,,,,,,,,,,,,,,,,
Q10,4,10,1,1.13,,nation,25,0,never_instantiated,0,,,,,0,0,customer,,2290399,0,never_instantiated,0,,,,,0,0,lineitem,orders,983154,0,never_instantiated,0,,,,,0,0,,,,,,,,,,,,,,,,,,,,,,,,,,,,,,,,,,,,,,,,,,,,,,,,,,,,,,,,,,,,,,,,,,,,,,,,
Q11,4,10,1,0.21,partsupp,,8087,0,never_instantiated,0,,,,,0,0,supplier,nation,1,0,never_instantiated,0,,,,,0,0,partsupp,,8087,0,never_instantiated,0,,,,,0,0,supplier,nation,1,0,never_instantiated,0,,,,,0,0,,,,,,,,,,,,,,,,,,,,,,,,,,,,,,,,,,,,,,,,,,,,,,,,,,,,,,,,,,,,
Q12,4,10,1,0.72,orders,lineitem,621378,0,never_instantiated,0,,,,,0,0,,,,,,,,,,,,,,,,,,,,,,,,,,,,,,,,,,,,,,,,,,,,,,,,,,,,,,,,,,,,,,,,,,,,,,,,,,,,,,,,,,,,,,,,,,,,,,,,
Q13,4,10,1,1.75,orders,customer,3000000,0,never_instantiated,0,,,,,0,0,,,,,,,,,,,,,,,,,,,,,,,,,,,,,,,,,,,,,,,,,,,,,,,,,,,,,,,,,,,,,,,,,,,,,,,,,,,,,,,,,,,,,,,,,,,,,,,,
Q14,4,10,1,0.52,lineitem,part,1250090,0,never_instantiated,0,,,,,0,0,,,,,,,,,,,,,,,,,,,,,,,,,,,,,,,,,,,,,,,,,,,,,,,,,,,,,,,,,,,,,,,,,,,,,,,,,,,,,,,,,,,,,,,,,,,,,,,,
Q15,4,10,1,0.62,,,1,0,never_instantiated,0,,,,,0,0,supplier,,200000,0,never_instantiated,0,,,,,0,0,,,,,,,,,,,,,,,,,,,,,,,,,,,,,,,,,,,,,,,,,,,,,,,,,,,,,,,,,,,,,,,,,,,,,,,,,,,,,,,,,,,,
Q16,4,10,1,0.62,,supplier,106,0,never_instantiated,0,,,,,0,0,partsupp,,593456,0,never_instantiated,0,,,,,0,0,part,,8,0,never_instantiated,0,,,,,0,0,,,,,,,,,,,,,,,,,,,,,,,,,,,,,,,,,,,,,,,,,,,,,,,,,,,,,,,,,,,,,,,,,,,,,,,,
Q17,4,10,1,1.03,lineitem,part,4066,0,never_instantiated,0,,,,,0,0,,,122217,0,never_instantiated,0,,,,,0,0,lineitem,,4066,0,never_instantiated,0,,,,,0,0,,,,,,,,,,,,,,,,,,,,,,,,,,,,,,,,,,,,,,,,,,,,,,,,,,,,,,,,,,,,,,,,,,,,,,,,
Q18,4,10,1,4.31,,lineitem,1281,0,never_instantiated,0,,,,,0,0,,customer,2999999,0,never_instantiated,0,,,,,0,0,lineitem,orders,30000000,0,never_instantiated,0,,,,,0,0,,,,,,,,,,,,,,,,,,,,,,,,,,,,,,,,,,,,,,,,,,,,,,,,,,,,,,,,,,,,,,,,,,,,,,,,
Q19,4,10,1,1.03,lineitem,part,2639365,0,never_instantiated,0,,,,,0,0,,,,,,,,,,,,,,,,,,,,,,,,,,,,,,,,,,,,,,,,,,,,,,,,,,,,,,,,,,,,,,,,,,,,,,,,,,,,,,,,,,,,,,,,,,,,,,,,
Q20,4,10,1,0.82,,,4763,0,never_instantiated,0,,,,,0,0,partsupp,part,6904,0,never_instantiated,0,,,,,0,0,,,7317,0,never_instantiated,0,,,,,0,0,lineitem,,7317,0,never_instantiated,0,,,,,0,0,supplier,nation,1,0,never_instantiated,0,,,,,0,0,,,,,,,,,,,,,,,,,,,,,,,,,,,,,,,,,,,,,,,,,,,,,,,,
Q21,4,10,1,2.46,,nation,1,0,never_instantiated,0,,,,,0,0,,supplier,7984,0,never_instantiated,0,,,,,0,0,lineitem,orders,1464994,0,never_instantiated,0,,,,,0,0,,,1464370,0,never_instantiated,0,,,,,0,0,lineitem,,1464364,0,never_instantiated,0,,,,,0,0,,,1411363,0,never_instantiated,0,,,,,0,0,lineitem,,1411357,0,never_instantiated,0,,,,,0,0,,,,,,,,,,,,,,,,,,,,,,,,
Q22,4,10,1,0.52,,,381883,0,never_instantiated,0,,,,,0,0,orders,,381883,0,never_instantiated,0,,,,,0,0,,,,,,,,,,,,,,,,,,,,,,,,,,,,,,,,,,,,,,,,,,,,,,,,,,,,,,,,,,,,,,,,,,,,,,,,,,,,,,,,,,,,
Q01,4,11,1,1.03,,,,,,,,,,,,,,,,,,,,,,,,,,,,,,,,,,,,,,,,,,,,,,,,,,,,,,,,,,,,,,,,,,,,,,,,,,,,,,,,,,,,,,,,,,,,,,,,,,,,,,,,,,,,
Q02,4,11,1,0.31,,region,1,0,never_instantiated,0,,,,,0,0,,nation,5,0,never_instantiated,0,,,,,0,0,,part,9460,0,never_instantiated,0,,,,,0,0,partsupp,supplier,14959,0,never_instantiated,0,,,,,0,0,,,12744,0,never_instantiated,0,,,,,0,0,,,9428,0,never_instantiated,0,,,,,0,0,,region,1,0,never_instantiated,0,,,,,0,0,,nation,5,0,never_instantiated,0,,,,,0,0,partsupp,supplier,39913,0,never_instantiated,0,,,,,0,0
Q03,4,11,1,0.82,,customer,170506,0,never_instantiated,0,,,,,0,0,lineitem,orders,227846,0,never_instantiated,0,,,,,0,0,,,,,,,,,,,,,,,,,,,,,,,,,,,,,,,,,,,,,,,,,,,,,,,,,,,,,,,,,,,,,,,,,,,,,,,,,,,,,,,,,,,,
Q04,4,11,1,1.03,,,1146356,0,never_instantiated,0,,,,,0,0,lineitem,,1146356,0,never_instantiated,0,,,,,0,0,,,,,,,,,,,,,,,,,,,,,,,,,,,,,,,,,,,,,,,,,,,,,,,,,,,,,,,,,,,,,,,,,,,,,,,,,,,,,,,,,,,,
Q05,4,11,1,1.23,,customer,600016,0,never_instantiated,0,,,,,0,0,,region,1,0,never_instantiated,0,,,,,0,0,,nation,5,0,never_instantiated,0,,,,,0,0,,orders,2501575,0,never_instantiated,0,,,,,0,0,lineitem,supplier,40119,0,never_instantiated,0,,,,,0,0,,,,,,,,,,,,,,,,,,,,,,,,,,,,,,,,,,,,,,,,,,,,,,,,
Q06,4,11,1,0.41,,,,,,,,,,,,,,,,,,,,,,,,,,,,,,,,,,,,,,,,,,,,,,,,,,,,,,,,,,,,,,,,,,,,,,,,,,,,,,,,,,,,,,,,,,,,,,,,,,,,,,,,,,,,
Q07,4,11,1,0.82,,nation,2,0,never_instantiated,0,,,,,0,0,,nation,2,0,never_instantiated,0,,,,,0,0,,customer,112839,0,never_instantiated,0,,,,,0,0,,orders,212002,0,never_instantiated,0,,,,,0,0,lineitem,supplier,15988,0,never_instantiated,0,,,,,0,0,,,,,,,,,,,,,,,,,,,,,,,,,,,,,,,,,,,,,,,,,,,,,,,,
Q08,4,11,1,0.93,,region,1,0,never_instantiated,0,,,,,0,0,,nation,5,0,never_instantiated,0,,,,,0,0,customer,,48849,0,never_instantiated,0,,,,,0,0,,nation,25,0,never_instantiated,0,,,,,0,0,orders,,49794,0,never_instantiated,0,,,,,0,0,,part,22661,0,never_instantiated,0,,,,,0,0,lineitem,supplier,40697,0,never_instantiated,0,,,,,0,0,,,,,,,,,,,,,,,,,,,,,,,,
Q09,4,11,1,2.05,,orders,5958953,0,never_instantiated,0,,,,,0,0,,part,217392,0,never_instantiated,0,,,,,0,0,,nation,25,0,never_instantiated,0,,,,,0,0,,partsupp,15994238,0,never_instantiated,0,,,,,0,0,lineitem,supplier,198550,0,never_instantiated,0,,,,,0,0,,,,,,,,,,,,,,,,,,,,,,,,,,,,,,,,,,,,,,,,,,,,,,,,
Q10,4,11,1,1.13,,nation,25,0,never_instantiated,0,,,,,0,0,customer,,2290399,0,never_instantiated,0,,,,,0,0,lineitem,orders,983154,0,never_instantiated,0,,,,,0,0,,,,,,,,,,,,,,,,,,,,,,,,,,,,,,,,,,,,,,,,,,,,,,,,,,,,,,,,,,,,,,,,,,,,,,,,
Q11,4,11,1,0.21,,nation,1,0,never_instantiated,0,,,,,0,0,partsupp,supplier,8087,0,never_instantiated,0,,,,,0,0,,nation,1,0,never_instantiated,0,,,,,0,0,partsupp,supplier,8087,0,never_instantiated,0,,,,,0,0,,,,,,,,,,,,,,,,,,,,,,,,,,,,,,,,,,,,,,,,,,,,,,,,,,,,,,,,,,,,
Q12,4,11,1,0.72,orders,lineitem,621378,0,never_instantiated,0,,,,,0,0,,,,,,,,,,,,,,,,,,,,,,,,,,,,,,,,,,,,,,,,,,,,,,,,,,,,,,,,,,,,,,,,,,,,,,,,,,,,,,,,,,,,,,,,,,,,,,,,
Q13,4,11,1,1.75,orders,customer,3000000,0,never_instantiated,0,,,,,0,0,,,,,,,,,,,,,,,,,,,,,,,,,,,,,,,,,,,,,,,,,,,,,,,,,,,,,,,,,,,,,,,,,,,,,,,,,,,,,,,,,,,,,,,,,,,,,,,,
Q14,4,11,1,0.52,lineitem,part,1250090,0,never_instantiated,0,,,,,0,0,,,,,,,,,,,,,,,,,,,,,,,,,,,,,,,,,,,,,,,,,,,,,,,,,,,,,,,,,,,,,,,,,,,,,,,,,,,,,,,,,,,,,,,,,,,,,,,,
Q15,4,11,1,0.62,,,1,0,never_instantiated,0,,,,,0,0,supplier,,200000,0,never_instantiated,0,,,,,0,0,,,,,,,,,,,,,,,,,,,,,,,,,,,,,,,,,,,,,,,,,,,,,,,,,,,,,,,,,,,,,,,,,,,,,,,,,,,,,,,,,,,,
Q16,4,11,1,0.62,,supplier,106,0,never_instantiated,0,,,,,0,0,partsupp,,593456,0,never_instantiated,0,,,,,0,0,part,,8,0,never_instantiated,0,,,,,0,0,,,,,,,,,,,,,,,,,,,,,,,,,,,,,,,,,,,,,,,,,,,,,,,,,,,,,,,,,,,,,,,,,,,,,,,,
Q17,4,11,1,1.03,lineitem,part,4066,0,never_instantiated,0,,,,,0,0,,,122217,0,never_instantiated,0,,,,,0,0,lineitem,,4066,0,never_instantiated,0,,,,,0,0,,,,,,,,,,,,,,,,,,,,,,,,,,,,,,,,,,,,,,,,,,,,,,,,,,,,,,,,,,,,,,,,,,,,,,,,
Q18,4,11,1,4.31,,lineitem,1281,0,never_instantiated,0,,,,,0,0,,customer,2999999,0,never_instantiated,0,,,,,0,0,lineitem,orders,30000000,0,never_instantiated,0,,,,,0,0,,,,,,,,,,,,,,,,,,,,,,,,,,,,,,,,,,,,,,,,,,,,,,,,,,,,,,,,,,,,,,,,,,,,,,,,
Q19,4,11,1,1.03,lineitem,part,2639365,0,never_instantiated,0,,,,,0,0,,,,,,,,,,,,,,,,,,,,,,,,,,,,,,,,,,,,,,,,,,,,,,,,,,,,,,,,,,,,,,,,,,,,,,,,,,,,,,,,,,,,,,,,,,,,,,,,
Q20,4,11,1,0.82,,,4763,0,never_instantiated,0,,,,,0,0,partsupp,part,6904,0,never_instantiated,0,,,,,0,0,,,7317,0,never_instantiated,0,,,,,0,0,lineitem,,7317,0,never_instantiated,0,,,,,0,0,supplier,nation,1,0,never_instantiated,0,,,,,0,0,,,,,,,,,,,,,,,,,,,,,,,,,,,,,,,,,,,,,,,,,,,,,,,,
Q21,4,11,1,2.56,,nation,1,0,never_instantiated,0,,,,,0,0,,orders,1464994,0,never_instantiated,0,,,,,0,0,lineitem,supplier,7984,0,never_instantiated,0,,,,,0,0,,,1464370,0,never_instantiated,0,,,,,0,0,lineitem,,1464364,0,never_instantiated,0,,,,,0,0,,,1411363,0,never_instantiated,0,,,,,0,0,lineitem,,1411357,0,never_instantiated,0,,,,,0,0,,,,,,,,,,,,,,,,,,,,,,,,
Q22,4,11,1,0.52,,,381883,0,never_instantiated,0,,,,,0,0,orders,,381883,0,never_instantiated,0,,,,,0,0,,,,,,,,,,,,,,,,,,,,,,,,,,,,,,,,,,,,,,,,,,,,,,,,,,,,,,,,,,,,,,,,,,,,,,,,,,,,,,,,,,,,
Q01,4,12,1,1.03,,,,,,,,,,,,,,,,,,,,,,,,,,,,,,,,,,,,,,,,,,,,,,,,,,,,,,,,,,,,,,,,,,,,,,,,,,,,,,,,,,,,,,,,,,,,,,,,,,,,,,,,,,,,
Q02,4,12,1,0.31,,region,1,0,never_instantiated,0,,,,,0,0,,nation,5,0,never_instantiated,0,,,,,0,0,supplier,,12763,0,never_instantiated,0,,,,,0,0,partsupp,part,9460,0,never_instantiated,0,,,,,0,0,,,12744,0,never_instantiated,0,,,,,0,0,,,9428,0,never_instantiated,0,,,,,0,0,partsupp,,39913,0,never_instantiated,0,,,,,0,0,,region,1,0,never_instantiated,0,,,,,0,0,supplier,nation,5,0,never_instantiated,0,,,,,0,0
Q03,4,12,1,1.54,,customer,600888,0,never_instantiated,0,,,,,0,0,lineitem,orders,14577240,0,never_instantiated,0,,,,,0,0,,,,,,,,,,,,,,,,,,,,,,,,,,,,,,,,,,,,,,,,,,,,,,,,,,,,,,,,,,,,,,,,,,,,,,,,,,,,,,,,,,,,
Q04,4,12,1,1.03,,,1146356,0,never_instantiated,0,,,,,0,0,lineitem,,1146356,0,never_instantiated,0,,,,,0,0,,,,,,,,,,,,,,,,,,,,,,,,,,,,,,,,,,,,,,,,,,,,,,,,,,,,,,,,,,,,,,,,,,,,,,,,,,,,,,,,,,,,
Q05,4,12,1,1.64,,supplier,40119,0,never_instantiated,0,,,,,0,0,,region,1,0,never_instantiated,0,,,,,0,0,,nation,5,0,never_instantiated,0,,,,,0,0,,customer,347211,0,never_instantiated,0,,,,,0,0,lineitem,orders,4549846,0,never_instantiated,0,,,,,0,0,,,,,,,,,,,,,,,,,,,,,,,,,,,,,,,,,,,,,,,,,,,,,,,,
Q06,4,12,1,0.41,,,,,,,,,,,,,,,,,,,,,,,,,,,,,,,,,,,,,,,,,,,,,,,,,,,,,,,,,,,,,,,,,,,,,,,,,,,,,,,,,,,,,,,,,,,,,,,,,,,,,,,,,,,,
Q07,4,12,1,0.82,,nation,2,0,never_instantiated,0,,,,,0,0,,supplier,15988,0,never_instantiated,0,,,,,0,0,,nation,2,0,never_instantiated,0,,,,,0,0,,customer,112839,0,never_instantiated,0,,,,,0,0,lineitem,orders,212002,0,never_instantiated,0,,,,,0,0,,,,,,,,,,,,,,,,,,,,,,,,,,,,,,,,,,,,,,,,,,,,,,,,
Q08,4,12,1,0.82,,part,22661,0,never_instantiated,0,,,,,0,0,,region,1,0,never_instantiated,0,,,,,0,0,,nation,5,0,never_instantiated,0,,,,,0,0,,customer,52848,0,never_instantiated,0,,,,,0,0,,nation,25,0,never_instantiated,0,,,,,0,0,,supplier,40697,0,never_instantiated,0,,,,,0,0,lineitem,orders,56716,0,never_instantiated,0,,,,,0,0,,,,,,,,,,,,,,,,,,,,,,,,
Q09,4,12,1,1.75,,partsupp,884320,0,never_instantiated,0,,,,,0,0,,nation,25,0,never_instantiated,0,,,,,0,0,,part,217392,0,never_instantiated,0,,,,,0,0,,supplier,198550,0,never_instantiated,0,,,,,0,0,lineitem,orders,5958953,0,never_instantiated,0,,,,,0,0,,,,,,,,,,,,,,,,,,,,,,,,,,,,,,,,,,,,,,,,,,,,,,,,
Q10,4,12,1,1.13,,nation,25,0,never_instantiated,0,,,,,0,0,customer,,2290399,0,never_instantiated,0,,,,,0,0,lineitem,orders,983154,0,never_instantiated,0,,,,,0,0,,,,,,,,,,,,,,,,,,,,,,,,,,,,,,,,,,,,,,,,,,,,,,,,,,,,,,,,,,,,,,,,,,,,,,,,
Q11,4,12,1,0.21,partsupp,,8087,0,never_instantiated,0,,,,,0,0,supplier,nation,1,0,never_instantiated,0,,,,,0,0,partsupp,,8087,0,never_instantiated,0,,,,,0,0,supplier,nation,1,0,never_instantiated,0,,,,,0,0,,,,,,,,,,,,,,,,,,,,,,,,,,,,,,,,,,,,,,,,,,,,,,,,,,,,,,,,,,,,
Q12,4,12,1,0.72,orders,lineitem,621378,0,never_instantiated,0,,,,,0,0,,,,,,,,,,,,,,,,,,,,,,,,,,,,,,,,,,,,,,,,,,,,,,,,,,,,,,,,,,,,,,,,,,,,,,,,,,,,,,,,,,,,,,,,,,,,,,,,
Q13,4,12,1,1.75,orders,customer,3000000,0,never_instantiated,0,,,,,0,0,,,,,,,,,,,,,,,,,,,,,,,,,,,,,,,,,,,,,,,,,,,,,,,,,,,,,,,,,,,,,,,,,,,,,,,,,,,,,,,,,,,,,,,,,,,,,,,,
Q14,4,12,1,0.52,lineitem,part,1250090,0,never_instantiated,0,,,,,0,0,,,,,,,,,,,,,,,,,,,,,,,,,,,,,,,,,,,,,,,,,,,,,,,,,,,,,,,,,,,,,,,,,,,,,,,,,,,,,,,,,,,,,,,,,,,,,,,,
Q15,4,12,1,0.62,,,1,0,never_instantiated,0,,,,,0,0,supplier,,200000,0,never_instantiated,0,,,,,0,0,,,,,,,,,,,,,,,,,,,,,,,,,,,,,,,,,,,,,,,,,,,,,,,,,,,,,,,,,,,,,,,,,,,,,,,,,,,,,,,,,,,,
Q16,4,12,1,0.52,,supplier,106,0,never_instantiated,0,,,,,0,0,partsupp,,593456,0,never_instantiated,0,,,,,0,0,part,,8,0,never_instantiated,0,,,,,0,0,,,,,,,,,,,,,,,,,,,,,,,,,,,,,,,,,,,,,,,,,,,,,,,,,,,,,,,,,,,,,,,,,,,,,,,,
Q17,4,12,1,1.03,lineitem,part,4066,0,never_instantiated,0,,,,,0,0,,,122217,0,never_instantiated,0,,,,,0,0,lineitem,,4066,0,never_instantiated,0,,,,,0,0,,,,,,,,,,,,,,,,,,,,,,,,,,,,,,,,,,,,,,,,,,,,,,,,,,,,,,,,,,,,,,,,,,,,,,,,
Q18,4,12,1,4.31,,lineitem,1281,0,never_instantiated,0,,,,,0,0,,customer,2999999,0,never_instantiated,0,,,,,0,0,lineitem,orders,30000000,0,never_instantiated,0,,,,,0,0,,,,,,,,,,,,,,,,,,,,,,,,,,,,,,,,,,,,,,,,,,,,,,,,,,,,,,,,,,,,,,,,,,,,,,,,
Q19,4,12,1,1.03,lineitem,part,2639365,0,never_instantiated,0,,,,,0,0,,,,,,,,,,,,,,,,,,,,,,,,,,,,,,,,,,,,,,,,,,,,,,,,,,,,,,,,,,,,,,,,,,,,,,,,,,,,,,,,,,,,,,,,,,,,,,,,
Q20,4,12,1,0.82,,,4763,0,never_instantiated,0,,,,,0,0,partsupp,part,6904,0,never_instantiated,0,,,,,0,0,,,7317,0,never_instantiated,0,,,,,0,0,lineitem,,7317,0,never_instantiated,0,,,,,0,0,supplier,nation,1,0,never_instantiated,0,,,,,0,0,,,,,,,,,,,,,,,,,,,,,,,,,,,,,,,,,,,,,,,,,,,,,,,,
Q21,4,12,1,2.46,,nation,1,0,never_instantiated,0,,,,,0,0,,supplier,7984,0,never_instantiated,0,,,,,0,0,lineitem,orders,1464994,0,never_instantiated,0,,,,,0,0,,,1464370,0,never_instantiated,0,,,,,0,0,lineitem,,1464364,0,never_instantiated,0,,,,,0,0,,,1411363,0,never_instantiated,0,,,,,0,0,lineitem,,1411357,0,never_instantiated,0,,,,,0,0,,,,,,,,,,,,,,,,,,,,,,,,
Q22,4,12,1,0.52,,,381883,0,never_instantiated,0,,,,,0,0,orders,,381883,0,never_instantiated,0,,,,,0,0,,,,,,,,,,,,,,,,,,,,,,,,,,,,,,,,,,,,,,,,,,,,,,,,,,,,,,,,,,,,,,,,,,,,,,,,,,,,,,,,,,,,
Q01,4,13,1,1.03,,,,,,,,,,,,,,,,,,,,,,,,,,,,,,,,,,,,,,,,,,,,,,,,,,,,,,,,,,,,,,,,,,,,,,,,,,,,,,,,,,,,,,,,,,,,,,,,,,,,,,,,,,,,
Q02,4,13,1,0.31,,region,1,0,never_instantiated,0,,,,,0,0,,nation,5,0,never_instantiated,0,,,,,0,0,,part,9460,0,never_instantiated,0,,,,,0,0,partsupp,supplier,14959,0,never_instantiated,0,,,,,0,0,,,12744,0,never_instantiated,0,,,,,0,0,,,9428,0,never_instantiated,0,,,,,0,0,,region,1,0,never_instantiated,0,,,,,0,0,,nation,5,0,never_instantiated,0,,,,,0,0,partsupp,supplier,39913,0,never_instantiated,0,,,,,0,0
Q03,4,13,1,1.54,,customer,600888,0,never_instantiated,0,,,,,0,0,lineitem,orders,14577240,0,never_instantiated,0,,,,,0,0,,,,,,,,,,,,,,,,,,,,,,,,,,,,,,,,,,,,,,,,,,,,,,,,,,,,,,,,,,,,,,,,,,,,,,,,,,,,,,,,,,,,
Q04,4,13,1,1.03,,,1146356,0,never_instantiated,0,,,,,0,0,lineitem,,1146356,0,never_instantiated,0,,,,,0,0,,,,,,,,,,,,,,,,,,,,,,,,,,,,,,,,,,,,,,,,,,,,,,,,,,,,,,,,,,,,,,,,,,,,,,,,,,,,,,,,,,,,
Q05,4,13,1,9999999,,,,,,,,,,,,,,,,,,,,,,,,,,,,,,,,,,,,,,,,,,,,,,,,,,,,,,,,,,,,,,,,,,,,,,,,,,,,,,,,,,,,,,,,,,,,,,,,,,,,,,,,,,,,
Q06,4,13,1,0.41,,,,,,,,,,,,,,,,,,,,,,,,,,,,,,,,,,,,,,,,,,,,,,,,,,,,,,,,,,,,,,,,,,,,,,,,,,,,,,,,,,,,,,,,,,,,,,,,,,,,,,,,,,,,
Q07,4,13,1,0.82,,nation,2,0,never_instantiated,0,,,,,0,0,,customer,112839,0,never_instantiated,0,,,,,0,0,,nation,2,0,never_instantiated,0,,,,,0,0,,orders,212002,0,never_instantiated,0,,,,,0,0,lineitem,supplier,15988,0,never_instantiated,0,,,,,0,0,,,,,,,,,,,,,,,,,,,,,,,,,,,,,,,,,,,,,,,,,,,,,,,,
Q08,4,13,1,1.03,,region,1,0,never_instantiated,0,,,,,0,0,,nation,5,0,never_instantiated,0,,,,,0,0,customer,,48849,0,never_instantiated,0,,,,,0,0,orders,,49794,0,never_instantiated,0,,,,,0,0,,nation,25,0,never_instantiated,0,,,,,0,0,,supplier,40697,0,never_instantiated,0,,,,,0,0,lineitem,part,22661,0,never_instantiated,0,,,,,0,0,,,,,,,,,,,,,,,,,,,,,,,,
Q09,4,13,1,1.75,,nation,25,0,never_instantiated,0,,,,,0,0,,supplier,198550,0,never_instantiated,0,,,,,0,0,,orders,5958953,0,never_instantiated,0,,,,,0,0,,partsupp,884320,0,never_instantiated,0,,,,,0,0,lineitem,part,217392,0,never_instantiated,0,,,,,0,0,,,,,,,,,,,,,,,,,,,,,,,,,,,,,,,,,,,,,,,,,,,,,,,,
Q10,4,13,1,1.13,,nation,25,0,never_instantiated,0,,,,,0,0,customer,,2290399,0,never_instantiated,0,,,,,0,0,lineitem,orders,983154,0,never_instantiated,0,,,,,0,0,,,,,,,,,,,,,,,,,,,,,,,,,,,,,,,,,,,,,,,,,,,,,,,,,,,,,,,,,,,,,,,,,,,,,,,,
Q11,4,13,1,0.21,,nation,1,0,never_instantiated,0,,,,,0,0,partsupp,supplier,8087,0,never_instantiated,0,,,,,0,0,partsupp,,8087,0,never_instantiated,0,,,,,0,0,supplier,nation,1,0,never_instantiated,0,,,,,0,0,,,,,,,,,,,,,,,,,,,,,,,,,,,,,,,,,,,,,,,,,,,,,,,,,,,,,,,,,,,,
Q12,4,13,1,0.62,orders,lineitem,621378,0,never_instantiated,0,,,,,0,0,,,,,,,,,,,,,,,,,,,,,,,,,,,,,,,,,,,,,,,,,,,,,,,,,,,,,,,,,,,,,,,,,,,,,,,,,,,,,,,,,,,,,,,,,,,,,,,,
Q13,4,13,1,1.75,orders,customer,3000000,0,never_instantiated,0,,,,,0,0,,,,,,,,,,,,,,,,,,,,,,,,,,,,,,,,,,,,,,,,,,,,,,,,,,,,,,,,,,,,,,,,,,,,,,,,,,,,,,,,,,,,,,,,,,,,,,,,
Q14,4,13,1,0.52,lineitem,part,1250090,0,never_instantiated,0,,,,,0,0,,,,,,,,,,,,,,,,,,,,,,,,,,,,,,,,,,,,,,,,,,,,,,,,,,,,,,,,,,,,,,,,,,,,,,,,,,,,,,,,,,,,,,,,,,,,,,,,
Q15,4,13,1,0.62,,,1,0,never_instantiated,0,,,,,0,0,supplier,,200000,0,never_instantiated,0,,,,,0,0,,,,,,,,,,,,,,,,,,,,,,,,,,,,,,,,,,,,,,,,,,,,,,,,,,,,,,,,,,,,,,,,,,,,,,,,,,,,,,,,,,,,
Q16,4,13,1,0.62,,supplier,106,0,never_instantiated,0,,,,,0,0,partsupp,,593456,0,never_instantiated,0,,,,,0,0,part,,8,0,never_instantiated,0,,,,,0,0,,,,,,,,,,,,,,,,,,,,,,,,,,,,,,,,,,,,,,,,,,,,,,,,,,,,,,,,,,,,,,,,,,,,,,,,
Q17,4,13,1,1.03,lineitem,part,4066,0,never_instantiated,0,,,,,0,0,,,122217,0,never_instantiated,0,,,,,0,0,lineitem,,4066,0,never_instantiated,0,,,,,0,0,,,,,,,,,,,,,,,,,,,,,,,,,,,,,,,,,,,,,,,,,,,,,,,,,,,,,,,,,,,,,,,,,,,,,,,,
Q18,4,13,1,4.31,,lineitem,1281,0,never_instantiated,0,,,,,0,0,,customer,2999999,0,never_instantiated,0,,,,,0,0,lineitem,orders,30000000,0,never_instantiated,0,,,,,0,0,,,,,,,,,,,,,,,,,,,,,,,,,,,,,,,,,,,,,,,,,,,,,,,,,,,,,,,,,,,,,,,,,,,,,,,,
Q19,4,13,1,1.03,lineitem,part,2639365,0,never_instantiated,0,,,,,0,0,,,,,,,,,,,,,,,,,,,,,,,,,,,,,,,,,,,,,,,,,,,,,,,,,,,,,,,,,,,,,,,,,,,,,,,,,,,,,,,,,,,,,,,,,,,,,,,,
Q20,4,13,1,0.82,,,4763,0,never_instantiated,0,,,,,0,0,partsupp,part,6904,0,never_instantiated,0,,,,,0,0,,,7317,0,never_instantiated,0,,,,,0,0,lineitem,,7317,0,never_instantiated,0,,,,,0,0,supplier,nation,1,0,never_instantiated,0,,,,,0,0,,,,,,,,,,,,,,,,,,,,,,,,,,,,,,,,,,,,,,,,,,,,,,,,
Q21,4,13,1,2.57,,nation,1,0,never_instantiated,0,,,,,0,0,,orders,1464994,0,never_instantiated,0,,,,,0,0,lineitem,supplier,7984,0,never_instantiated,0,,,,,0,0,,,1464370,0,never_instantiated,0,,,,,0,0,lineitem,,1464364,0,never_instantiated,0,,,,,0,0,,,1411363,0,never_instantiated,0,,,,,0,0,lineitem,,1411357,0,never_instantiated,0,,,,,0,0,,,,,,,,,,,,,,,,,,,,,,,,
Q22,4,13,1,0.52,,,381883,0,never_instantiated,0,,,,,0,0,orders,,381883,0,never_instantiated,0,,,,,0,0,,,,,,,,,,,,,,,,,,,,,,,,,,,,,,,,,,,,,,,,,,,,,,,,,,,,,,,,,,,,,,,,,,,,,,,,,,,,,,,,,,,,
Q01,4,14,1,1.03,,,,,,,,,,,,,,,,,,,,,,,,,,,,,,,,,,,,,,,,,,,,,,,,,,,,,,,,,,,,,,,,,,,,,,,,,,,,,,,,,,,,,,,,,,,,,,,,,,,,,,,,,,,,
Q02,4,14,1,0.31,,region,1,0,never_instantiated,0,,,,,0,0,,nation,5,0,never_instantiated,0,,,,,0,0,supplier,,12763,0,never_instantiated,0,,,,,0,0,partsupp,part,9460,0,never_instantiated,0,,,,,0,0,,,12744,0,never_instantiated,0,,,,,0,0,,,9428,0,never_instantiated,0,,,,,0,0,,region,1,0,never_instantiated,0,,,,,0,0,,nation,5,0,never_instantiated,0,,,,,0,0,partsupp,supplier,39913,0,never_instantiated,0,,,,,0,0
Q03,4,14,1,0.82,,customer,170506,0,never_instantiated,0,,,,,0,0,lineitem,orders,227846,0,never_instantiated,0,,,,,0,0,,,,,,,,,,,,,,,,,,,,,,,,,,,,,,,,,,,,,,,,,,,,,,,,,,,,,,,,,,,,,,,,,,,,,,,,,,,,,,,,,,,,
Q04,4,14,1,1.03,,,1146356,0,never_instantiated,0,,,,,0,0,lineitem,,1146356,0,never_instantiated,0,,,,,0,0,,,,,,,,,,,,,,,,,,,,,,,,,,,,,,,,,,,,,,,,,,,,,,,,,,,,,,,,,,,,,,,,,,,,,,,,,,,,,,,,,,,,
Q05,4,14,1,1.03,,region,1,0,never_instantiated,0,,,,,0,0,,nation,5,0,never_instantiated,0,,,,,0,0,,customer,347213,0,never_instantiated,0,,,,,0,0,,supplier,200000,0,never_instantiated,0,,,,,0,0,lineitem,orders,910865,0,never_instantiated,0,,,,,0,0,,,,,,,,,,,,,,,,,,,,,,,,,,,,,,,,,,,,,,,,,,,,,,,,
Q06,4,14,1,0.41,,,,,,,,,,,,,,,,,,,,,,,,,,,,,,,,,,,,,,,,,,,,,,,,,,,,,,,,,,,,,,,,,,,,,,,,,,,,,,,,,,,,,,,,,,,,,,,,,,,,,,,,,,,,
Q07,4,14,1,0.82,,nation,2,0,never_instantiated,0,,,,,0,0,,customer,112839,0,never_instantiated,0,,,,,0,0,,nation,2,0,never_instantiated,0,,,,,0,0,,supplier,15988,0,never_instantiated,0,,,,,0,0,lineitem,orders,212002,0,never_instantiated,0,,,,,0,0,,,,,,,,,,,,,,,,,,,,,,,,,,,,,,,,,,,,,,,,,,,,,,,,
Q08,4,14,1,0.82,,region,1,0,never_instantiated,0,,,,,0,0,,nation,5,0,never_instantiated,0,,,,,0,0,,part,22661,0,never_instantiated,0,,,,,0,0,,customer,52848,0,never_instantiated,0,,,,,0,0,,orders,56716,0,never_instantiated,0,,,,,0,0,,nation,25,0,never_instantiated,0,,,,,0,0,lineitem,supplier,40697,0,never_instantiated,0,,,,,0,0,,,,,,,,,,,,,,,,,,,,,,,,
Q09,4,14,1,1.75,,nation,25,0,never_instantiated,0,,,,,0,0,,supplier,198550,0,never_instantiated,0,,,,,0,0,,part,217392,0,never_instantiated,0,,,,,0,0,,orders,5958953,0,never_instantiated,0,,,,,0,0,lineitem,partsupp,884320,0,never_instantiated,0,,,,,0,0,,,,,,,,,,,,,,,,,,,,,,,,,,,,,,,,,,,,,,,,,,,,,,,,
Q10,4,14,1,1.13,,nation,25,0,never_instantiated,0,,,,,0,0,customer,,2290399,0,never_instantiated,0,,,,,0,0,lineitem,orders,983154,0,never_instantiated,0,,,,,0,0,,,,,,,,,,,,,,,,,,,,,,,,,,,,,,,,,,,,,,,,,,,,,,,,,,,,,,,,,,,,,,,,,,,,,,,,
Q11,4,14,1,0.21,partsupp,,8087,0,never_instantiated,0,,,,,0,0,supplier,nation,1,0,never_instantiated,0,,,,,0,0,partsupp,,8087,0,never_instantiated,0,,,,,0,0,supplier,nation,1,0,never_instantiated,0,,,,,0,0,,,,,,,,,,,,,,,,,,,,,,,,,,,,,,,,,,,,,,,,,,,,,,,,,,,,,,,,,,,,
Q12,4,14,1,0.72,orders,lineitem,621378,0,never_instantiated,0,,,,,0,0,,,,,,,,,,,,,,,,,,,,,,,,,,,,,,,,,,,,,,,,,,,,,,,,,,,,,,,,,,,,,,,,,,,,,,,,,,,,,,,,,,,,,,,,,,,,,,,,
Q13,4,14,1,1.85,orders,customer,3000000,0,never_instantiated,0,,,,,0,0,,,,,,,,,,,,,,,,,,,,,,,,,,,,,,,,,,,,,,,,,,,,,,,,,,,,,,,,,,,,,,,,,,,,,,,,,,,,,,,,,,,,,,,,,,,,,,,,
Q14,4,14,1,0.52,lineitem,part,1250090,0,never_instantiated,0,,,,,0,0,,,,,,,,,,,,,,,,,,,,,,,,,,,,,,,,,,,,,,,,,,,,,,,,,,,,,,,,,,,,,,,,,,,,,,,,,,,,,,,,,,,,,,,,,,,,,,,,
Q15,4,14,1,0.62,,,1,0,never_instantiated,0,,,,,0,0,supplier,,200000,0,never_instantiated,0,,,,,0,0,,,,,,,,,,,,,,,,,,,,,,,,,,,,,,,,,,,,,,,,,,,,,,,,,,,,,,,,,,,,,,,,,,,,,,,,,,,,,,,,,,,,
Q16,4,14,1,0.62,,supplier,106,0,never_instantiated,0,,,,,0,0,partsupp,,593456,0,never_instantiated,0,,,,,0,0,part,,8,0,never_instantiated,0,,,,,0,0,,,,,,,,,,,,,,,,,,,,,,,,,,,,,,,,,,,,,,,,,,,,,,,,,,,,,,,,,,,,,,,,,,,,,,,,
Q17,4,14,1,1.03,lineitem,part,4066,0,never_instantiated,0,,,,,0,0,,,122217,0,never_instantiated,0,,,,,0,0,lineitem,,4066,0,never_instantiated,0,,,,,0,0,,,,,,,,,,,,,,,,,,,,,,,,,,,,,,,,,,,,,,,,,,,,,,,,,,,,,,,,,,,,,,,,,,,,,,,,
Q18,4,14,1,4.31,,lineitem,1281,0,never_instantiated,0,,,,,0,0,,customer,2999999,0,never_instantiated,0,,,,,0,0,lineitem,orders,30000000,0,never_instantiated,0,,,,,0,0,,,,,,,,,,,,,,,,,,,,,,,,,,,,,,,,,,,,,,,,,,,,,,,,,,,,,,,,,,,,,,,,,,,,,,,,
Q19,4,14,1,1.03,lineitem,part,2639365,0,never_instantiated,0,,,,,0,0,,,,,,,,,,,,,,,,,,,,,,,,,,,,,,,,,,,,,,,,,,,,,,,,,,,,,,,,,,,,,,,,,,,,,,,,,,,,,,,,,,,,,,,,,,,,,,,,
Q20,4,14,1,0.93,,,4763,0,never_instantiated,0,,,,,0,0,partsupp,part,6904,0,never_instantiated,0,,,,,0,0,,,7317,0,never_instantiated,0,,,,,0,0,lineitem,,7317,0,never_instantiated,0,,,,,0,0,supplier,nation,1,0,never_instantiated,0,,,,,0,0,,,,,,,,,,,,,,,,,,,,,,,,,,,,,,,,,,,,,,,,,,,,,,,,
Q21,4,14,1,2.46,,nation,1,0,never_instantiated,0,,,,,0,0,,supplier,7984,0,never_instantiated,0,,,,,0,0,lineitem,orders,1464994,0,never_instantiated,0,,,,,0,0,,,1464370,0,never_instantiated,0,,,,,0,0,lineitem,,1464364,0,never_instantiated,0,,,,,0,0,,,1411363,0,never_instantiated,0,,,,,0,0,lineitem,,1411357,0,never_instantiated,0,,,,,0,0,,,,,,,,,,,,,,,,,,,,,,,,
Q22,4,14,1,0.52,,,381883,0,never_instantiated,0,,,,,0,0,orders,,381883,0,never_instantiated,0,,,,,0,0,,,,,,,,,,,,,,,,,,,,,,,,,,,,,,,,,,,,,,,,,,,,,,,,,,,,,,,,,,,,,,,,,,,,,,,,,,,,,,,,,,,,
Q01,4,15,1,1.03,,,,,,,,,,,,,,,,,,,,,,,,,,,,,,,,,,,,,,,,,,,,,,,,,,,,,,,,,,,,,,,,,,,,,,,,,,,,,,,,,,,,,,,,,,,,,,,,,,,,,,,,,,,,
Q02,4,15,1,0.31,,region,1,0,never_instantiated,0,,,,,0,0,,nation,5,0,never_instantiated,0,,,,,0,0,,part,9460,0,never_instantiated,0,,,,,0,0,partsupp,supplier,14959,0,never_instantiated,0,,,,,0,0,,,12744,0,never_instantiated,0,,,,,0,0,,,9428,0,never_instantiated,0,,,,,0,0,,region,1,0,never_instantiated,0,,,,,0,0,,nation,5,0,never_instantiated,0,,,,,0,0,partsupp,supplier,39913,0,never_instantiated,0,,,,,0,0
Q03,4,15,1,0.82,,customer,170506,0,never_instantiated,0,,,,,0,0,lineitem,orders,227846,0,never_instantiated,0,,,,,0,0,,,,,,,,,,,,,,,,,,,,,,,,,,,,,,,,,,,,,,,,,,,,,,,,,,,,,,,,,,,,,,,,,,,,,,,,,,,,,,,,,,,,
Q04,4,15,1,1.03,,,1146356,0,never_instantiated,0,,,,,0,0,lineitem,,1146356,0,never_instantiated,0,,,,,0,0,,,,,,,,,,,,,,,,,,,,,,,,,,,,,,,,,,,,,,,,,,,,,,,,,,,,,,,,,,,,,,,,,,,,,,,,,,,,,,,,,,,,
Q05,4,15,1,1.75,,customer,1734594,0,never_instantiated,0,,,,,0,0,,region,1,0,never_instantiated,0,,,,,0,0,,orders,4549846,0,never_instantiated,0,,,,,0,0,,nation,5,0,never_instantiated,0,,,,,0,0,lineitem,supplier,40119,0,never_instantiated,0,,,,,0,0,,,,,,,,,,,,,,,,,,,,,,,,,,,,,,,,,,,,,,,,,,,,,,,,
Q06,4,15,1,0.41,,,,,,,,,,,,,,,,,,,,,,,,,,,,,,,,,,,,,,,,,,,,,,,,,,,,,,,,,,,,,,,,,,,,,,,,,,,,,,,,,,,,,,,,,,,,,,,,,,,,,,,,,,,,
Q07,4,15,1,0.82,,nation,2,0,never_instantiated,0,,,,,0,0,,nation,2,0,never_instantiated,0,,,,,0,0,,customer,112839,0,never_instantiated,0,,,,,0,0,,orders,212002,0,never_instantiated,0,,,,,0,0,lineitem,supplier,15988,0,never_instantiated,0,,,,,0,0,,,,,,,,,,,,,,,,,,,,,,,,,,,,,,,,,,,,,,,,,,,,,,,,
Q08,4,15,1,0.82,,region,1,0,never_instantiated,0,,,,,0,0,,nation,5,0,never_instantiated,0,,,,,0,0,customer,,48849,0,never_instantiated,0,,,,,0,0,,nation,25,0,never_instantiated,0,,,,,0,0,,supplier,40697,0,never_instantiated,0,,,,,0,0,,part,22661,0,never_instantiated,0,,,,,0,0,lineitem,orders,56716,0,never_instantiated,0,,,,,0,0,,,,,,,,,,,,,,,,,,,,,,,,
Q09,4,15,1,1.75,,nation,25,0,never_instantiated,0,,,,,0,0,,partsupp,884320,0,never_instantiated,0,,,,,0,0,,part,217392,0,never_instantiated,0,,,,,0,0,,orders,5958953,0,never_instantiated,0,,,,,0,0,lineitem,supplier,198550,0,never_instantiated,0,,,,,0,0,,,,,,,,,,,,,,,,,,,,,,,,,,,,,,,,,,,,,,,,,,,,,,,,
Q10,4,15,1,1.13,,nation,25,0,never_instantiated,0,,,,,0,0,customer,,2290399,0,never_instantiated,0,,,,,0,0,lineitem,orders,983154,0,never_instantiated,0,,,,,0,0,,,,,,,,,,,,,,,,,,,,,,,,,,,,,,,,,,,,,,,,,,,,,,,,,,,,,,,,,,,,,,,,,,,,,,,,
Q11,4,15,1,0.21,,nation,1,0,never_instantiated,0,,,,,0,0,partsupp,supplier,8087,0,never_instantiated,0,,,,,0,0,,nation,1,0,never_instantiated,0,,,,,0,0,partsupp,supplier,8087,0,never_instantiated,0,,,,,0,0,,,,,,,,,,,,,,,,,,,,,,,,,,,,,,,,,,,,,,,,,,,,,,,,,,,,,,,,,,,,
Q12,4,15,1,0.62,orders,lineitem,621378,0,never_instantiated,0,,,,,0,0,,,,,,,,,,,,,,,,,,,,,,,,,,,,,,,,,,,,,,,,,,,,,,,,,,,,,,,,,,,,,,,,,,,,,,,,,,,,,,,,,,,,,,,,,,,,,,,,
Q13,4,15,1,1.75,orders,customer,3000000,0,never_instantiated,0,,,,,0,0,,,,,,,,,,,,,,,,,,,,,,,,,,,,,,,,,,,,,,,,,,,,,,,,,,,,,,,,,,,,,,,,,,,,,,,,,,,,,,,,,,,,,,,,,,,,,,,,
Q14,4,15,1,0.52,lineitem,part,1250090,0,never_instantiated,0,,,,,0,0,,,,,,,,,,,,,,,,,,,,,,,,,,,,,,,,,,,,,,,,,,,,,,,,,,,,,,,,,,,,,,,,,,,,,,,,,,,,,,,,,,,,,,,,,,,,,,,,
Q15,4,15,1,0.62,,,1,0,never_instantiated,0,,,,,0,0,supplier,,200000,0,never_instantiated,0,,,,,0,0,,,,,,,,,,,,,,,,,,,,,,,,,,,,,,,,,,,,,,,,,,,,,,,,,,,,,,,,,,,,,,,,,,,,,,,,,,,,,,,,,,,,
Q16,4,15,1,0.62,,supplier,106,0,never_instantiated,0,,,,,0,0,partsupp,,593456,0,never_instantiated,0,,,,,0,0,part,,8,0,never_instantiated,0,,,,,0,0,,,,,,,,,,,,,,,,,,,,,,,,,,,,,,,,,,,,,,,,,,,,,,,,,,,,,,,,,,,,,,,,,,,,,,,,
Q17,4,15,1,1.03,lineitem,part,4066,0,never_instantiated,0,,,,,0,0,,,122217,0,never_instantiated,0,,,,,0,0,lineitem,,4066,0,never_instantiated,0,,,,,0,0,,,,,,,,,,,,,,,,,,,,,,,,,,,,,,,,,,,,,,,,,,,,,,,,,,,,,,,,,,,,,,,,,,,,,,,,
Q18,4,15,1,4.31,,lineitem,1281,0,never_instantiated,0,,,,,0,0,,customer,2999999,0,never_instantiated,0,,,,,0,0,lineitem,orders,30000000,0,never_instantiated,0,,,,,0,0,,,,,,,,,,,,,,,,,,,,,,,,,,,,,,,,,,,,,,,,,,,,,,,,,,,,,,,,,,,,,,,,,,,,,,,,
Q19,4,15,1,1.03,lineitem,part,2639365,0,never_instantiated,0,,,,,0,0,,,,,,,,,,,,,,,,,,,,,,,,,,,,,,,,,,,,,,,,,,,,,,,,,,,,,,,,,,,,,,,,,,,,,,,,,,,,,,,,,,,,,,,,,,,,,,,,
Q20,4,15,1,0.82,,,4763,0,never_instantiated,0,,,,,0,0,partsupp,part,6904,0,never_instantiated,0,,,,,0,0,,,7317,0,never_instantiated,0,,,,,0,0,lineitem,,7317,0,never_instantiated,0,,,,,0,0,supplier,nation,1,0,never_instantiated,0,,,,,0,0,,,,,,,,,,,,,,,,,,,,,,,,,,,,,,,,,,,,,,,,,,,,,,,,
Q21,4,15,1,2.46,,nation,1,0,never_instantiated,0,,,,,0,0,,orders,1464994,0,never_instantiated,0,,,,,0,0,lineitem,supplier,7984,0,never_instantiated,0,,,,,0,0,,,1464370,0,never_instantiated,0,,,,,0,0,lineitem,,1464364,0,never_instantiated,0,,,,,0,0,,,1411363,0,never_instantiated,0,,,,,0,0,lineitem,,1411357,0,never_instantiated,0,,,,,0,0,,,,,,,,,,,,,,,,,,,,,,,,
Q22,4,15,1,0.52,,,381883,0,never_instantiated,0,,,,,0,0,orders,,381883,0,never_instantiated,0,,,,,0,0,,,,,,,,,,,,,,,,,,,,,,,,,,,,,,,,,,,,,,,,,,,,,,,,,,,,,,,,,,,,,,,,,,,,,,,,,,,,,,,,,,,,
Q01,4,16,1,1.03,,,,,,,,,,,,,,,,,,,,,,,,,,,,,,,,,,,,,,,,,,,,,,,,,,,,,,,,,,,,,,,,,,,,,,,,,,,,,,,,,,,,,,,,,,,,,,,,,,,,,,,,,,,,
Q02,4,16,1,0.31,,region,1,0,never_instantiated,0,,,,,0,0,,nation,5,0,never_instantiated,0,,,,,0,0,supplier,,12763,0,never_instantiated,0,,,,,0,0,partsupp,part,9460,0,never_instantiated,0,,,,,0,0,,,12744,0,never_instantiated,0,,,,,0,0,,,9428,0,never_instantiated,0,,,,,0,0,partsupp,,39913,0,never_instantiated,0,,,,,0,0,,region,1,0,never_instantiated,0,,,,,0,0,supplier,nation,5,0,never_instantiated,0,,,,,0,0
Q03,4,16,1,0.82,,customer,170506,0,never_instantiated,0,,,,,0,0,lineitem,orders,227846,0,never_instantiated,0,,,,,0,0,,,,,,,,,,,,,,,,,,,,,,,,,,,,,,,,,,,,,,,,,,,,,,,,,,,,,,,,,,,,,,,,,,,,,,,,,,,,,,,,,,,,
Q04,4,16,1,1.03,,,1146356,0,never_instantiated,0,,,,,0,0,lineitem,,1146356,0,never_instantiated,0,,,,,0,0,,,,,,,,,,,,,,,,,,,,,,,,,,,,,,,,,,,,,,,,,,,,,,,,,,,,,,,,,,,,,,,,,,,,,,,,,,,,,,,,,,,,
Q05,4,16,1,1.13,,region,1,0,never_instantiated,0,,,,,0,0,,nation,5,0,never_instantiated,0,,,,,0,0,,customer,600016,0,never_instantiated,0,,,,,0,0,,supplier,40119,0,never_instantiated,0,,,,,0,0,lineitem,orders,2501575,0,never_instantiated,0,,,,,0,0,,,,,,,,,,,,,,,,,,,,,,,,,,,,,,,,,,,,,,,,,,,,,,,,
Q06,4,16,1,0.41,,,,,,,,,,,,,,,,,,,,,,,,,,,,,,,,,,,,,,,,,,,,,,,,,,,,,,,,,,,,,,,,,,,,,,,,,,,,,,,,,,,,,,,,,,,,,,,,,,,,,,,,,,,,
Q07,4,16,1,0.82,,nation,2,0,never_instantiated,0,,,,,0,0,,customer,112839,0,never_instantiated,0,,,,,0,0,,nation,2,0,never_instantiated,0,,,,,0,0,,supplier,15988,0,never_instantiated,0,,,,,0,0,lineitem,orders,212002,0,never_instantiated,0,,,,,0,0,,,,,,,,,,,,,,,,,,,,,,,,,,,,,,,,,,,,,,,,,,,,,,,,
Q08,4,16,1,0.93,,region,1,0,never_instantiated,0,,,,,0,0,,nation,5,0,never_instantiated,0,,,,,0,0,customer,,48849,0,never_instantiated,0,,,,,0,0,orders,,49794,0,never_instantiated,0,,,,,0,0,,nation,25,0,never_instantiated,0,,,,,0,0,,supplier,40697,0,never_instantiated,0,,,,,0,0,lineitem,part,22661,0,never_instantiated,0,,,,,0,0,,,,,,,,,,,,,,,,,,,,,,,,
Q09,4,16,1,1.75,,nation,25,0,never_instantiated,0,,,,,0,0,,supplier,198550,0,never_instantiated,0,,,,,0,0,,partsupp,884320,0,never_instantiated,0,,,,,0,0,,part,217392,0,never_instantiated,0,,,,,0,0,lineitem,orders,5958953,0,never_instantiated,0,,,,,0,0,,,,,,,,,,,,,,,,,,,,,,,,,,,,,,,,,,,,,,,,,,,,,,,,
Q10,4,16,1,1.13,,nation,25,0,never_instantiated,0,,,,,0,0,customer,,2290399,0,never_instantiated,0,,,,,0,0,lineitem,orders,983154,0,never_instantiated,0,,,,,0,0,,,,,,,,,,,,,,,,,,,,,,,,,,,,,,,,,,,,,,,,,,,,,,,,,,,,,,,,,,,,,,,,,,,,,,,,
Q11,4,16,1,0.21,partsupp,,8087,0,never_instantiated,0,,,,,0,0,supplier,nation,1,0,never_instantiated,0,,,,,0,0,partsupp,,8087,0,never_instantiated,0,,,,,0,0,supplier,nation,1,0,never_instantiated,0,,,,,0,0,,,,,,,,,,,,,,,,,,,,,,,,,,,,,,,,,,,,,,,,,,,,,,,,,,,,,,,,,,,,
Q12,4,16,1,0.72,orders,lineitem,621378,0,never_instantiated,0,,,,,0,0,,,,,,,,,,,,,,,,,,,,,,,,,,,,,,,,,,,,,,,,,,,,,,,,,,,,,,,,,,,,,,,,,,,,,,,,,,,,,,,,,,,,,,,,,,,,,,,,
Q13,4,16,1,1.75,orders,customer,3000000,0,never_instantiated,0,,,,,0,0,,,,,,,,,,,,,,,,,,,,,,,,,,,,,,,,,,,,,,,,,,,,,,,,,,,,,,,,,,,,,,,,,,,,,,,,,,,,,,,,,,,,,,,,,,,,,,,,
Q14,4,16,1,0.52,lineitem,part,1250090,0,never_instantiated,0,,,,,0,0,,,,,,,,,,,,,,,,,,,,,,,,,,,,,,,,,,,,,,,,,,,,,,,,,,,,,,,,,,,,,,,,,,,,,,,,,,,,,,,,,,,,,,,,,,,,,,,,
Q15,4,16,1,0.62,,,1,0,never_instantiated,0,,,,,0,0,supplier,,200000,0,never_instantiated,0,,,,,0,0,,,,,,,,,,,,,,,,,,,,,,,,,,,,,,,,,,,,,,,,,,,,,,,,,,,,,,,,,,,,,,,,,,,,,,,,,,,,,,,,,,,,
Q16,4,16,1,0.62,,supplier,106,0,never_instantiated,0,,,,,0,0,partsupp,,593456,0,never_instantiated,0,,,,,0,0,part,,8,0,never_instantiated,0,,,,,0,0,,,,,,,,,,,,,,,,,,,,,,,,,,,,,,,,,,,,,,,,,,,,,,,,,,,,,,,,,,,,,,,,,,,,,,,,
Q17,4,16,1,1.03,lineitem,part,4066,0,never_instantiated,0,,,,,0,0,,,122217,0,never_instantiated,0,,,,,0,0,lineitem,,4066,0,never_instantiated,0,,,,,0,0,,,,,,,,,,,,,,,,,,,,,,,,,,,,,,,,,,,,,,,,,,,,,,,,,,,,,,,,,,,,,,,,,,,,,,,,
Q18,4,16,1,4.31,,lineitem,1281,0,never_instantiated,0,,,,,0,0,,customer,2999999,0,never_instantiated,0,,,,,0,0,lineitem,orders,30000000,0,never_instantiated,0,,,,,0,0,,,,,,,,,,,,,,,,,,,,,,,,,,,,,,,,,,,,,,,,,,,,,,,,,,,,,,,,,,,,,,,,,,,,,,,,
Q19,4,16,1,1.03,lineitem,part,2639365,0,never_instantiated,0,,,,,0,0,,,,,,,,,,,,,,,,,,,,,,,,,,,,,,,,,,,,,,,,,,,,,,,,,,,,,,,,,,,,,,,,,,,,,,,,,,,,,,,,,,,,,,,,,,,,,,,,
Q20,4,16,1,0.82,,,4763,0,never_instantiated,0,,,,,0,0,partsupp,part,6904,0,never_instantiated,0,,,,,0,0,,,7317,0,never_instantiated,0,,,,,0,0,lineitem,,7317,0,never_instantiated,0,,,,,0,0,supplier,nation,1,0,never_instantiated,0,,,,,0,0,,,,,,,,,,,,,,,,,,,,,,,,,,,,,,,,,,,,,,,,,,,,,,,,
Q21,4,16,1,2.46,,nation,1,0,never_instantiated,0,,,,,0,0,,supplier,7984,0,never_instantiated,0,,,,,0,0,lineitem,orders,1464994,0,never_instantiated,0,,,,,0,0,,,1464370,0,never_instantiated,0,,,,,0,0,lineitem,,1464364,0,never_instantiated,0,,,,,0,0,,,1411363,0,never_instantiated,0,,,,,0,0,lineitem,,1411357,0,never_instantiated,0,,,,,0,0,,,,,,,,,,,,,,,,,,,,,,,,
Q22,4,16,1,0.52,,,381883,0,never_instantiated,0,,,,,0,0,orders,,381883,0,never_instantiated,0,,,,,0,0,,,,,,,,,,,,,,,,,,,,,,,,,,,,,,,,,,,,,,,,,,,,,,,,,,,,,,,,,,,,,,,,,,,,,,,,,,,,,,,,,,,,
Q01,4,17,1,1.03,,,,,,,,,,,,,,,,,,,,,,,,,,,,,,,,,,,,,,,,,,,,,,,,,,,,,,,,,,,,,,,,,,,,,,,,,,,,,,,,,,,,,,,,,,,,,,,,,,,,,,,,,,,,
Q02,4,17,1,0.31,,region,1,0,never_instantiated,0,,,,,0,0,,nation,5,0,never_instantiated,0,,,,,0,0,,part,9460,0,never_instantiated,0,,,,,0,0,partsupp,supplier,14959,0,never_instantiated,0,,,,,0,0,,,12744,0,never_instantiated,0,,,,,0,0,,,9428,0,never_instantiated,0,,,,,0,0,partsupp,,39913,0,never_instantiated,0,,,,,0,0,,region,1,0,never_instantiated,0,,,,,0,0,supplier,nation,5,0,never_instantiated,0,,,,,0,0
Q03,4,17,1,0.82,,customer,170506,0,never_instantiated,0,,,,,0,0,lineitem,orders,227846,0,never_instantiated,0,,,,,0,0,,,,,,,,,,,,,,,,,,,,,,,,,,,,,,,,,,,,,,,,,,,,,,,,,,,,,,,,,,,,,,,,,,,,,,,,,,,,,,,,,,,,
Q04,4,17,1,1.03,,,1146356,0,never_instantiated,0,,,,,0,0,lineitem,,1146356,0,never_instantiated,0,,,,,0,0,,,,,,,,,,,,,,,,,,,,,,,,,,,,,,,,,,,,,,,,,,,,,,,,,,,,,,,,,,,,,,,,,,,,,,,,,,,,,,,,,,,,
Q05,4,17,1,1.64,,region,1,0,never_instantiated,0,,,,,0,0,,customer,600016,0,never_instantiated,0,,,,,0,0,,nation,5,0,never_instantiated,0,,,,,0,0,,orders,4549846,0,never_instantiated,0,,,,,0,0,lineitem,supplier,40119,0,never_instantiated,0,,,,,0,0,,,,,,,,,,,,,,,,,,,,,,,,,,,,,,,,,,,,,,,,,,,,,,,,
Q06,4,17,1,0.41,,,,,,,,,,,,,,,,,,,,,,,,,,,,,,,,,,,,,,,,,,,,,,,,,,,,,,,,,,,,,,,,,,,,,,,,,,,,,,,,,,,,,,,,,,,,,,,,,,,,,,,,,,,,
Q07,4,17,1,0.82,,nation,2,0,never_instantiated,0,,,,,0,0,,nation,2,0,never_instantiated,0,,,,,0,0,,customer,112839,0,never_instantiated,0,,,,,0,0,,orders,212002,0,never_instantiated,0,,,,,0,0,lineitem,supplier,15988,0,never_instantiated,0,,,,,0,0,,,,,,,,,,,,,,,,,,,,,,,,,,,,,,,,,,,,,,,,,,,,,,,,
Q08,4,17,1,0.93,,nation,25,0,never_instantiated,0,,,,,0,0,,region,1,0,never_instantiated,0,,,,,0,0,,nation,5,0,never_instantiated,0,,,,,0,0,customer,,48849,0,never_instantiated,0,,,,,0,0,orders,,49794,0,never_instantiated,0,,,,,0,0,,part,22661,0,never_instantiated,0,,,,,0,0,lineitem,supplier,40697,0,never_instantiated,0,,,,,0,0,,,,,,,,,,,,,,,,,,,,,,,,
Q09,4,17,1,1.75,,partsupp,884320,0,never_instantiated,0,,,,,0,0,,orders,5958953,0,never_instantiated,0,,,,,0,0,,nation,25,0,never_instantiated,0,,,,,0,0,,supplier,198550,0,never_instantiated,0,,,,,0,0,lineitem,part,217392,0,never_instantiated,0,,,,,0,0,,,,,,,,,,,,,,,,,,,,,,,,,,,,,,,,,,,,,,,,,,,,,,,,
Q10,4,17,1,1.13,,nation,25,0,never_instantiated,0,,,,,0,0,customer,,2290399,0,never_instantiated,0,,,,,0,0,lineitem,orders,983154,0,never_instantiated,0,,,,,0,0,,,,,,,,,,,,,,,,,,,,,,,,,,,,,,,,,,,,,,,,,,,,,,,,,,,,,,,,,,,,,,,,,,,,,,,,
Q11,4,17,1,0.21,,nation,1,0,never_instantiated,0,,,,,0,0,partsupp,supplier,8087,0,never_instantiated,0,,,,,0,0,,nation,1,0,never_instantiated,0,,,,,0,0,partsupp,supplier,8087,0,never_instantiated,0,,,,,0,0,,,,,,,,,,,,,,,,,,,,,,,,,,,,,,,,,,,,,,,,,,,,,,,,,,,,,,,,,,,,
Q12,4,17,1,0.62,orders,lineitem,621378,0,never_instantiated,0,,,,,0,0,,,,,,,,,,,,,,,,,,,,,,,,,,,,,,,,,,,,,,,,,,,,,,,,,,,,,,,,,,,,,,,,,,,,,,,,,,,,,,,,,,,,,,,,,,,,,,,,
Q13,4,17,1,1.75,orders,customer,3000000,0,never_instantiated,0,,,,,0,0,,,,,,,,,,,,,,,,,,,,,,,,,,,,,,,,,,,,,,,,,,,,,,,,,,,,,,,,,,,,,,,,,,,,,,,,,,,,,,,,,,,,,,,,,,,,,,,,
Q14,4,17,1,0.52,lineitem,part,1250090,0,never_instantiated,0,,,,,0,0,,,,,,,,,,,,,,,,,,,,,,,,,,,,,,,,,,,,,,,,,,,,,,,,,,,,,,,,,,,,,,,,,,,,,,,,,,,,,,,,,,,,,,,,,,,,,,,,
Q15,4,17,1,0.62,,,1,0,never_instantiated,0,,,,,0,0,supplier,,200000,0,never_instantiated,0,,,,,0,0,,,,,,,,,,,,,,,,,,,,,,,,,,,,,,,,,,,,,,,,,,,,,,,,,,,,,,,,,,,,,,,,,,,,,,,,,,,,,,,,,,,,
Q16,4,17,1,0.62,,supplier,106,0,never_instantiated,0,,,,,0,0,partsupp,,593456,0,never_instantiated,0,,,,,0,0,part,,8,0,never_instantiated,0,,,,,0,0,,,,,,,,,,,,,,,,,,,,,,,,,,,,,,,,,,,,,,,,,,,,,,,,,,,,,,,,,,,,,,,,,,,,,,,,
Q17,4,17,1,1.03,lineitem,part,4066,0,never_instantiated,0,,,,,0,0,,,122217,0,never_instantiated,0,,,,,0,0,lineitem,,4066,0,never_instantiated,0,,,,,0,0,,,,,,,,,,,,,,,,,,,,,,,,,,,,,,,,,,,,,,,,,,,,,,,,,,,,,,,,,,,,,,,,,,,,,,,,
Q18,4,17,1,4.31,,lineitem,1281,0,never_instantiated,0,,,,,0,0,,customer,2999999,0,never_instantiated,0,,,,,0,0,lineitem,orders,30000000,0,never_instantiated,0,,,,,0,0,,,,,,,,,,,,,,,,,,,,,,,,,,,,,,,,,,,,,,,,,,,,,,,,,,,,,,,,,,,,,,,,,,,,,,,,
Q19,4,17,1,1.03,lineitem,part,2639365,0,never_instantiated,0,,,,,0,0,,,,,,,,,,,,,,,,,,,,,,,,,,,,,,,,,,,,,,,,,,,,,,,,,,,,,,,,,,,,,,,,,,,,,,,,,,,,,,,,,,,,,,,,,,,,,,,,
Q20,4,17,1,0.93,,,4763,0,never_instantiated,0,,,,,0,0,partsupp,part,6904,0,never_instantiated,0,,,,,0,0,,,7317,0,never_instantiated,0,,,,,0,0,lineitem,,7317,0,never_instantiated,0,,,,,0,0,supplier,nation,1,0,never_instantiated,0,,,,,0,0,,,,,,,,,,,,,,,,,,,,,,,,,,,,,,,,,,,,,,,,,,,,,,,,
Q21,4,17,1,2.46,,nation,1,0,never_instantiated,0,,,,,0,0,,orders,1464994,0,never_instantiated,0,,,,,0,0,lineitem,supplier,7984,0,never_instantiated,0,,,,,0,0,,,1464370,0,never_instantiated,0,,,,,0,0,lineitem,,1464364,0,never_instantiated,0,,,,,0,0,,,1411363,0,never_instantiated,0,,,,,0,0,lineitem,,1411357,0,never_instantiated,0,,,,,0,0,,,,,,,,,,,,,,,,,,,,,,,,
Q22,4,17,1,0.52,,,381883,0,never_instantiated,0,,,,,0,0,orders,,381883,0,never_instantiated,0,,,,,0,0,,,,,,,,,,,,,,,,,,,,,,,,,,,,,,,,,,,,,,,,,,,,,,,,,,,,,,,,,,,,,,,,,,,,,,,,,,,,,,,,,,,,
Q01,4,18,1,1.03,,,,,,,,,,,,,,,,,,,,,,,,,,,,,,,,,,,,,,,,,,,,,,,,,,,,,,,,,,,,,,,,,,,,,,,,,,,,,,,,,,,,,,,,,,,,,,,,,,,,,,,,,,,,
Q02,4,18,1,0.31,,region,1,0,never_instantiated,0,,,,,0,0,,nation,5,0,never_instantiated,0,,,,,0,0,supplier,,12763,0,never_instantiated,0,,,,,0,0,partsupp,part,9460,0,never_instantiated,0,,,,,0,0,,,12744,0,never_instantiated,0,,,,,0,0,,,9428,0,never_instantiated,0,,,,,0,0,,region,1,0,never_instantiated,0,,,,,0,0,,nation,5,0,never_instantiated,0,,,,,0,0,partsupp,supplier,39913,0,never_instantiated,0,,,,,0,0
Q03,4,18,1,0.82,,customer,170506,0,never_instantiated,0,,,,,0,0,lineitem,orders,227846,0,never_instantiated,0,,,,,0,0,,,,,,,,,,,,,,,,,,,,,,,,,,,,,,,,,,,,,,,,,,,,,,,,,,,,,,,,,,,,,,,,,,,,,,,,,,,,,,,,,,,,
Q04,4,18,1,1.03,,,1146356,0,never_instantiated,0,,,,,0,0,lineitem,,1146356,0,never_instantiated,0,,,,,0,0,,,,,,,,,,,,,,,,,,,,,,,,,,,,,,,,,,,,,,,,,,,,,,,,,,,,,,,,,,,,,,,,,,,,,,,,,,,,,,,,,,,,
Q05,4,18,1,1.75,,region,1,0,never_instantiated,0,,,,,0,0,,customer,600016,0,never_instantiated,0,,,,,0,0,,nation,5,0,never_instantiated,0,,,,,0,0,,supplier,40119,0,never_instantiated,0,,,,,0,0,lineitem,orders,4549846,0,never_instantiated,0,,,,,0,0,,,,,,,,,,,,,,,,,,,,,,,,,,,,,,,,,,,,,,,,,,,,,,,,
Q06,4,18,1,0.41,,,,,,,,,,,,,,,,,,,,,,,,,,,,,,,,,,,,,,,,,,,,,,,,,,,,,,,,,,,,,,,,,,,,,,,,,,,,,,,,,,,,,,,,,,,,,,,,,,,,,,,,,,,,
Q07,4,18,1,0.82,,nation,2,0,never_instantiated,0,,,,,0,0,,nation,2,0,never_instantiated,0,,,,,0,0,,customer,112839,0,never_instantiated,0,,,,,0,0,,supplier,15988,0,never_instantiated,0,,,,,0,0,lineitem,orders,212002,0,never_instantiated,0,,,,,0,0,,,,,,,,,,,,,,,,,,,,,,,,,,,,,,,,,,,,,,,,,,,,,,,,
Q08,4,18,1,0.82,,region,1,0,never_instantiated,0,,,,,0,0,,part,22661,0,never_instantiated,0,,,,,0,0,,nation,25,0,never_instantiated,0,,,,,0,0,,nation,5,0,never_instantiated,0,,,,,0,0,,customer,52848,0,never_instantiated,0,,,,,0,0,,supplier,40697,0,never_instantiated,0,,,,,0,0,lineitem,orders,56716,0,never_instantiated,0,,,,,0,0,,,,,,,,,,,,,,,,,,,,,,,,
Q09,4,18,1,1.75,,part,217392,0,never_instantiated,0,,,,,0,0,,orders,5958953,0,never_instantiated,0,,,,,0,0,,nation,25,0,never_instantiated,0,,,,,0,0,,supplier,198550,0,never_instantiated,0,,,,,0,0,lineitem,partsupp,884320,0,never_instantiated,0,,,,,0,0,,,,,,,,,,,,,,,,,,,,,,,,,,,,,,,,,,,,,,,,,,,,,,,,
Q10,4,18,1,1.13,,nation,25,0,never_instantiated,0,,,,,0,0,customer,,2290399,0,never_instantiated,0,,,,,0,0,lineitem,orders,983154,0,never_instantiated,0,,,,,0,0,,,,,,,,,,,,,,,,,,,,,,,,,,,,,,,,,,,,,,,,,,,,,,,,,,,,,,,,,,,,,,,,,,,,,,,,
Q11,4,18,1,0.21,partsupp,,8087,0,never_instantiated,0,,,,,0,0,supplier,nation,1,0,never_instantiated,0,,,,,0,0,,nation,1,0,never_instantiated,0,,,,,0,0,partsupp,supplier,8087,0,never_instantiated,0,,,,,0,0,,,,,,,,,,,,,,,,,,,,,,,,,,,,,,,,,,,,,,,,,,,,,,,,,,,,,,,,,,,,
Q12,4,18,1,0.72,orders,lineitem,621378,0,never_instantiated,0,,,,,0,0,,,,,,,,,,,,,,,,,,,,,,,,,,,,,,,,,,,,,,,,,,,,,,,,,,,,,,,,,,,,,,,,,,,,,,,,,,,,,,,,,,,,,,,,,,,,,,,,
Q13,4,18,1,1.75,orders,customer,3000000,0,never_instantiated,0,,,,,0,0,,,,,,,,,,,,,,,,,,,,,,,,,,,,,,,,,,,,,,,,,,,,,,,,,,,,,,,,,,,,,,,,,,,,,,,,,,,,,,,,,,,,,,,,,,,,,,,,
Q14,4,18,1,0.52,lineitem,part,1250090,0,never_instantiated,0,,,,,0,0,,,,,,,,,,,,,,,,,,,,,,,,,,,,,,,,,,,,,,,,,,,,,,,,,,,,,,,,,,,,,,,,,,,,,,,,,,,,,,,,,,,,,,,,,,,,,,,,
Q15,4,18,1,0.62,,,1,0,never_instantiated,0,,,,,0,0,supplier,,200000,0,never_instantiated,0,,,,,0,0,,,,,,,,,,,,,,,,,,,,,,,,,,,,,,,,,,,,,,,,,,,,,,,,,,,,,,,,,,,,,,,,,,,,,,,,,,,,,,,,,,,,
Q16,4,18,1,0.62,,supplier,106,0,never_instantiated,0,,,,,0,0,partsupp,,593456,0,never_instantiated,0,,,,,0,0,part,,8,0,never_instantiated,0,,,,,0,0,,,,,,,,,,,,,,,,,,,,,,,,,,,,,,,,,,,,,,,,,,,,,,,,,,,,,,,,,,,,,,,,,,,,,,,,
Q17,4,18,1,1.03,lineitem,part,4066,0,never_instantiated,0,,,,,0,0,,,122217,0,never_instantiated,0,,,,,0,0,lineitem,,4066,0,never_instantiated,0,,,,,0,0,,,,,,,,,,,,,,,,,,,,,,,,,,,,,,,,,,,,,,,,,,,,,,,,,,,,,,,,,,,,,,,,,,,,,,,,
Q18,4,18,1,4.31,,lineitem,1281,0,never_instantiated,0,,,,,0,0,,customer,2999999,0,never_instantiated,0,,,,,0,0,lineitem,orders,30000000,0,never_instantiated,0,,,,,0,0,,,,,,,,,,,,,,,,,,,,,,,,,,,,,,,,,,,,,,,,,,,,,,,,,,,,,,,,,,,,,,,,,,,,,,,,
Q19,4,18,1,1.03,lineitem,part,2639365,0,never_instantiated,0,,,,,0,0,,,,,,,,,,,,,,,,,,,,,,,,,,,,,,,,,,,,,,,,,,,,,,,,,,,,,,,,,,,,,,,,,,,,,,,,,,,,,,,,,,,,,,,,,,,,,,,,
Q20,4,18,1,0.82,,,4763,0,never_instantiated,0,,,,,0,0,partsupp,part,6904,0,never_instantiated,0,,,,,0,0,,,7317,0,never_instantiated,0,,,,,0,0,lineitem,,7317,0,never_instantiated,0,,,,,0,0,supplier,nation,1,0,never_instantiated,0,,,,,0,0,,,,,,,,,,,,,,,,,,,,,,,,,,,,,,,,,,,,,,,,,,,,,,,,
Q21,4,18,1,2.46,,nation,1,0,never_instantiated,0,,,,,0,0,,supplier,7984,0,never_instantiated,0,,,,,0,0,lineitem,orders,1464994,0,never_instantiated,0,,,,,0,0,,,1464370,0,never_instantiated,0,,,,,0,0,lineitem,,1464364,0,never_instantiated,0,,,,,0,0,,,1411363,0,never_instantiated,0,,,,,0,0,lineitem,,1411357,0,never_instantiated,0,,,,,0,0,,,,,,,,,,,,,,,,,,,,,,,,
Q22,4,18,1,0.52,,,381883,0,never_instantiated,0,,,,,0,0,orders,,381883,0,never_instantiated,0,,,,,0,0,,,,,,,,,,,,,,,,,,,,,,,,,,,,,,,,,,,,,,,,,,,,,,,,,,,,,,,,,,,,,,,,,,,,,,,,,,,,,,,,,,,,
Q01,4,19,1,1.03,,,,,,,,,,,,,,,,,,,,,,,,,,,,,,,,,,,,,,,,,,,,,,,,,,,,,,,,,,,,,,,,,,,,,,,,,,,,,,,,,,,,,,,,,,,,,,,,,,,,,,,,,,,,
Q02,4,19,1,0.31,,region,1,0,never_instantiated,0,,,,,0,0,,part,9460,0,never_instantiated,0,,,,,0,0,,nation,5,0,never_instantiated,0,,,,,0,0,partsupp,supplier,14959,0,never_instantiated,0,,,,,0,0,,,12744,0,never_instantiated,0,,,,,0,0,,,9428,0,never_instantiated,0,,,,,0,0,,region,1,0,never_instantiated,0,,,,,0,0,,nation,5,0,never_instantiated,0,,,,,0,0,partsupp,supplier,39913,0,never_instantiated,0,,,,,0,0
Q03,4,19,1,0.82,,customer,170506,0,never_instantiated,0,,,,,0,0,lineitem,orders,227846,0,never_instantiated,0,,,,,0,0,,,,,,,,,,,,,,,,,,,,,,,,,,,,,,,,,,,,,,,,,,,,,,,,,,,,,,,,,,,,,,,,,,,,,,,,,,,,,,,,,,,,
Q04,4,19,1,1.03,,,1146356,0,never_instantiated,0,,,,,0,0,lineitem,,1146356,0,never_instantiated,0,,,,,0,0,,,,,,,,,,,,,,,,,,,,,,,,,,,,,,,,,,,,,,,,,,,,,,,,,,,,,,,,,,,,,,,,,,,,,,,,,,,,,,,,,,,,
Q05,4,19,1,9999999,,,,,,,,,,,,,,,,,,,,,,,,,,,,,,,,,,,,,,,,,,,,,,,,,,,,,,,,,,,,,,,,,,,,,,,,,,,,,,,,,,,,,,,,,,,,,,,,,,,,,,,,,,,,
Q06,4,19,1,0.41,,,,,,,,,,,,,,,,,,,,,,,,,,,,,,,,,,,,,,,,,,,,,,,,,,,,,,,,,,,,,,,,,,,,,,,,,,,,,,,,,,,,,,,,,,,,,,,,,,,,,,,,,,,,
Q07,4,19,1,0.93,,nation,2,0,never_instantiated,0,,,,,0,0,,customer,112839,0,never_instantiated,0,,,,,0,0,orders,,239361,0,never_instantiated,0,,,,,0,0,,nation,2,0,never_instantiated,0,,,,,0,0,lineitem,supplier,15988,0,never_instantiated,0,,,,,0,0,,,,,,,,,,,,,,,,,,,,,,,,,,,,,,,,,,,,,,,,,,,,,,,,
Q08,4,19,1,0.93,,region,1,0,never_instantiated,0,,,,,0,0,,nation,5,0,never_instantiated,0,,,,,0,0,,nation,25,0,never_instantiated,0,,,,,0,0,,supplier,40697,0,never_instantiated,0,,,,,0,0,customer,,48849,0,never_instantiated,0,,,,,0,0,orders,,49794,0,never_instantiated,0,,,,,0,0,lineitem,part,22661,0,never_instantiated,0,,,,,0,0,,,,,,,,,,,,,,,,,,,,,,,,
Q09,4,19,1,1.75,,nation,25,0,never_instantiated,0,,,,,0,0,,partsupp,884320,0,never_instantiated,0,,,,,0,0,,orders,5958953,0,never_instantiated,0,,,,,0,0,,part,217392,0,never_instantiated,0,,,,,0,0,lineitem,supplier,198550,0,never_instantiated,0,,,,,0,0,,,,,,,,,,,,,,,,,,,,,,,,,,,,,,,,,,,,,,,,,,,,,,,,
Q10,4,19,1,1.13,,nation,25,0,never_instantiated,0,,,,,0,0,customer,,2290399,0,never_instantiated,0,,,,,0,0,lineitem,orders,983154,0,never_instantiated,0,,,,,0,0,,,,,,,,,,,,,,,,,,,,,,,,,,,,,,,,,,,,,,,,,,,,,,,,,,,,,,,,,,,,,,,,,,,,,,,,
Q11,4,19,1,0.21,,nation,1,0,never_instantiated,0,,,,,0,0,partsupp,supplier,8087,0,never_instantiated,0,,,,,0,0,partsupp,,8087,0,never_instantiated,0,,,,,0,0,supplier,nation,1,0,never_instantiated,0,,,,,0,0,,,,,,,,,,,,,,,,,,,,,,,,,,,,,,,,,,,,,,,,,,,,,,,,,,,,,,,,,,,,
Q12,4,19,1,0.72,orders,lineitem,621378,0,never_instantiated,0,,,,,0,0,,,,,,,,,,,,,,,,,,,,,,,,,,,,,,,,,,,,,,,,,,,,,,,,,,,,,,,,,,,,,,,,,,,,,,,,,,,,,,,,,,,,,,,,,,,,,,,,
Q13,4,19,1,1.75,orders,customer,3000000,0,never_instantiated,0,,,,,0,0,,,,,,,,,,,,,,,,,,,,,,,,,,,,,,,,,,,,,,,,,,,,,,,,,,,,,,,,,,,,,,,,,,,,,,,,,,,,,,,,,,,,,,,,,,,,,,,,
Q14,4,19,1,0.52,lineitem,part,1250090,0,never_instantiated,0,,,,,0,0,,,,,,,,,,,,,,,,,,,,,,,,,,,,,,,,,,,,,,,,,,,,,,,,,,,,,,,,,,,,,,,,,,,,,,,,,,,,,,,,,,,,,,,,,,,,,,,,
Q15,4,19,1,0.62,,,1,0,never_instantiated,0,,,,,0,0,supplier,,200000,0,never_instantiated,0,,,,,0,0,,,,,,,,,,,,,,,,,,,,,,,,,,,,,,,,,,,,,,,,,,,,,,,,,,,,,,,,,,,,,,,,,,,,,,,,,,,,,,,,,,,,
Q16,4,19,1,0.62,,supplier,106,0,never_instantiated,0,,,,,0,0,partsupp,,593456,0,never_instantiated,0,,,,,0,0,part,,8,0,never_instantiated,0,,,,,0,0,,,,,,,,,,,,,,,,,,,,,,,,,,,,,,,,,,,,,,,,,,,,,,,,,,,,,,,,,,,,,,,,,,,,,,,,
Q17,4,19,1,1.03,lineitem,part,4066,0,never_instantiated,0,,,,,0,0,,,122217,0,never_instantiated,0,,,,,0,0,lineitem,,4066,0,never_instantiated,0,,,,,0,0,,,,,,,,,,,,,,,,,,,,,,,,,,,,,,,,,,,,,,,,,,,,,,,,,,,,,,,,,,,,,,,,,,,,,,,,
Q18,4,19,1,4.41,,lineitem,1281,0,never_instantiated,0,,,,,0,0,,customer,2999999,0,never_instantiated,0,,,,,0,0,lineitem,orders,30000000,0,never_instantiated,0,,,,,0,0,,,,,,,,,,,,,,,,,,,,,,,,,,,,,,,,,,,,,,,,,,,,,,,,,,,,,,,,,,,,,,,,,,,,,,,,
Q19,4,19,1,1.03,lineitem,part,2639365,0,never_instantiated,0,,,,,0,0,,,,,,,,,,,,,,,,,,,,,,,,,,,,,,,,,,,,,,,,,,,,,,,,,,,,,,,,,,,,,,,,,,,,,,,,,,,,,,,,,,,,,,,,,,,,,,,,
Q20,4,19,1,0.82,,,4763,0,never_instantiated,0,,,,,0,0,partsupp,part,6904,0,never_instantiated,0,,,,,0,0,,,7317,0,never_instantiated,0,,,,,0,0,lineitem,,7317,0,never_instantiated,0,,,,,0,0,supplier,nation,1,0,never_instantiated,0,,,,,0,0,,,,,,,,,,,,,,,,,,,,,,,,,,,,,,,,,,,,,,,,,,,,,,,,
Q21,4,19,1,2.57,orders,,3033530,0,never_instantiated,0,,,,,0,0,,nation,1,0,never_instantiated,0,,,,,0,0,lineitem,supplier,7984,0,never_instantiated,0,,,,,0,0,,,1464370,0,never_instantiated,0,,,,,0,0,lineitem,,1464364,0,never_instantiated,0,,,,,0,0,,,1411363,0,never_instantiated,0,,,,,0,0,lineitem,,1411357,0,never_instantiated,0,,,,,0,0,,,,,,,,,,,,,,,,,,,,,,,,
Q22,4,19,1,0.52,,,381883,0,never_instantiated,0,,,,,0,0,orders,,381883,0,never_instantiated,0,,,,,0,0,,,,,,,,,,,,,,,,,,,,,,,,,,,,,,,,,,,,,,,,,,,,,,,,,,,,,,,,,,,,,,,,,,,,,,,,,,,,,,,,,,,,
