query,case,seed,run_idx,runtime_seconds,Join1-probe,Join1-build,Join1-build_rows,Join1-instantiated,Join1-state,Join1-total_probes,Join1-probes_at_freeze,Join1-freeze_reason,Join1-probes_at_abandon,Join1-abandon_reason,Join1-inserts,Join1-u1,Join2-probe,Join2-build,Join2-build_rows,Join2-instantiated,Join2-state,Join2-total_probes,Join2-probes_at_freeze,Join2-freeze_reason,Join2-probes_at_abandon,Join2-abandon_reason,Join2-inserts,Join2-u1,Join3-probe,Join3-build,Join3-build_rows,Join3-instantiated,Join3-state,Join3-total_probes,Join3-probes_at_freeze,Join3-freeze_reason,Join3-probes_at_abandon,Join3-abandon_reason,Join3-inserts,Join3-u1,Join4-probe,Join4-build,Join4-build_rows,Join4-instantiated,Join4-state,Join4-total_probes,Join4-probes_at_freeze,Join4-freeze_reason,Join4-probes_at_abandon,Join4-abandon_reason,Join4-inserts,Join4-u1,Join5-probe,Join5-build,Join5-build_rows,Join5-instantiated,Join5-state,Join5-total_probes,Join5-probes_at_freeze,Join5-freeze_reason,Join5-probes_at_abandon,Join5-abandon_reason,Join5-inserts,Join5-u1,Join6-probe,Join6-build,Join6-build_rows,Join6-instantiated,Join6-state,Join6-total_probes,Join6-probes_at_freeze,Join6-freeze_reason,Join6-probes_at_abandon,Join6-abandon_reason,Join6-inserts,Join6-u1,Join7-probe,Join7-build,Join7-build_rows,Join7-instantiated,Join7-state,Join7-total_probes,Join7-probes_at_freeze,Join7-freeze_reason,Join7-probes_at_abandon,Join7-abandon_reason,Join7-inserts,Join7-u1,Join8-probe,Join8-build,Join8-build_rows,Join8-instantiated,Join8-state,Join8-total_probes,Join8-probes_at_freeze,Join8-freeze_reason,Join8-probes_at_abandon,Join8-abandon_reason,Join8-inserts,Join8-u1,Join9-probe,Join9-build,Join9-build_rows,Join9-instantiated,Join9-state,Join9-total_probes,Join9-probes_at_freeze,Join9-freeze_reason,Join9-probes_at_abandon,Join9-abandon_reason,Join9-inserts,Join9-u1
Q01,1,0,1,6.45,,,,,,,,,,,,,,,,,,,,,,,,,,,,,,,,,,,,,,,,,,,,,,,,,,,,,,,,,,,,,,,,,,,,,,,,,,,,,,,,,,,,,,,,,,,,,,,,,,,,,,,,,,,,
Q02,1,0,1,1.64,,region,1,0,never_instantiated,0,,,,,0,0,,nation,25,0,never_instantiated,0,,,,,0,0,,supplier,1000000,0,never_instantiated,0,,,,,0,0,partsupp,part,79591,0,never_instantiated,0,,,,,0,0,,,63825,0,never_instantiated,0,,,,,0,0,,,47107,0,never_instantiated,0,,,,,0,0,,region,1,0,never_instantiated,0,,,,,0,0,partsupp,,1000000,0,never_instantiated,0,,,,,0,0,supplier,nation,25,0,never_instantiated,0,,,,,0,0
Q03,1,0,1,8.10,,customer,3000188,0,never_instantiated,0,,,,,0,0,lineitem,orders,72874383,0,never_instantiated,0,,,,,0,0,,,,,,,,,,,,,,,,,,,,,,,,,,,,,,,,,,,,,,,,,,,,,,,,,,,,,,,,,,,,,,,,,,,,,,,,,,,,,,,,,,,,
Q04,1,0,1,5.43,,,5733776,0,never_instantiated,0,,,,,0,0,lineitem,,5733776,0,never_instantiated,0,,,,,0,0,,,,,,,,,,,,,,,,,,,,,,,,,,,,,,,,,,,,,,,,,,,,,,,,,,,,,,,,,,,,,,,,,,,,,,,,,,,,,,,,,,,,
Q05,1,0,1,12.39,,supplier,1000000,0,never_instantiated,0,,,,,0,0,,region,1,0,never_instantiated,0,,,,,0,0,,nation,25,0,never_instantiated,0,,,,,0,0,,customer,14999999,0,never_instantiated,0,,,,,0,0,lineitem,orders,22760819,0,never_instantiated,0,,,,,0,0,,,,,,,,,,,,,,,,,,,,,,,,,,,,,,,,,,,,,,,,,,,,,,,,
Q06,1,0,1,1.75,,,,,,,,,,,,,,,,,,,,,,,,,,,,,,,,,,,,,,,,,,,,,,,,,,,,,,,,,,,,,,,,,,,,,,,,,,,,,,,,,,,,,,,,,,,,,,,,,,,,,,,,,,,,
Q07,1,0,1,13.52,,nation,2,0,never_instantiated,0,,,,,0,0,,supplier,1000000,0,never_instantiated,0,,,,,0,0,,nation,2,0,never_instantiated,0,,,,,0,0,,customer,14999999,0,never_instantiated,0,,,,,0,0,lineitem,orders,150000000,0,never_instantiated,0,,,,,0,0,,,,,,,,,,,,,,,,,,,,,,,,,,,,,,,,,,,,,,,,,,,,,,,,
Q08,1,0,1,14.96,,nation,25,0,never_instantiated,0,,,,,0,0,supplier,,244821,0,never_instantiated,0,,,,,0,0,,region,1,0,never_instantiated,0,,,,,0,0,,part,134258,0,never_instantiated,0,,,,,0,0,,nation,25,0,never_instantiated,0,,,,,0,0,,customer,14999999,0,never_instantiated,0,,,,,0,0,lineitem,orders,45574624,0,never_instantiated,0,,,,,0,0,,,,,,,,,,,,,,,,,,,,,,,,
Q09,1,0,1,22.02,,nation,25,0,never_instantiated,0,,,,,0,0,,supplier,1000000,0,never_instantiated,0,,,,,0,0,,partsupp,80000000,0,never_instantiated,0,,,,,0,0,,part,1087982,0,never_instantiated,0,,,,,0,0,lineitem,orders,150000000,0,never_instantiated,0,,,,,0,0,,,,,,,,,,,,,,,,,,,,,,,,,,,,,,,,,,,,,,,,,,,,,,,,
Q10,1,0,1,7.07,,nation,25,0,never_instantiated,0,,,,,0,0,customer,,11463171,0,never_instantiated,0,,,,,0,0,lineitem,orders,5730378,0,never_instantiated,0,,,,,0,0,,,,,,,,,,,,,,,,,,,,,,,,,,,,,,,,,,,,,,,,,,,,,,,,,,,,,,,,,,,,,,,,,,,,,,,,
Q11,1,0,1,0.92,partsupp,,40045,0,never_instantiated,0,,,,,0,0,supplier,nation,1,0,never_instantiated,0,,,,,0,0,partsupp,,40045,0,never_instantiated,0,,,,,0,0,supplier,nation,1,0,never_instantiated,0,,,,,0,0,,,,,,,,,,,,,,,,,,,,,,,,,,,,,,,,,,,,,,,,,,,,,,,,,,,,,,,,,,,,
Q12,1,0,1,3.59,orders,lineitem,3115341,0,never_instantiated,0,,,,,0,0,,,,,,,,,,,,,,,,,,,,,,,,,,,,,,,,,,,,,,,,,,,,,,,,,,,,,,,,,,,,,,,,,,,,,,,,,,,,,,,,,,,,,,,,,,,,,,,,
Q13,1,0,1,9.02,orders,customer,15000000,0,never_instantiated,0,,,,,0,0,,,,,,,,,,,,,,,,,,,,,,,,,,,,,,,,,,,,,,,,,,,,,,,,,,,,,,,,,,,,,,,,,,,,,,,,,,,,,,,,,,,,,,,,,,,,,,,,
Q14,1,0,1,4.71,lineitem,part,20000000,0,never_instantiated,0,,,,,0,0,,,,,,,,,,,,,,,,,,,,,,,,,,,,,,,,,,,,,,,,,,,,,,,,,,,,,,,,,,,,,,,,,,,,,,,,,,,,,,,,,,,,,,,,,,,,,,,,
Q15,1,0,1,2.67,,,1,0,never_instantiated,0,,,,,0,0,supplier,,1000000,0,never_instantiated,0,,,,,0,0,,,,,,,,,,,,,,,,,,,,,,,,,,,,,,,,,,,,,,,,,,,,,,,,,,,,,,,,,,,,,,,,,,,,,,,,,,,,,,,,,,,,
Q16,1,0,1,2.26,,supplier,479,0,never_instantiated,0,,,,,0,0,partsupp,,2971749,0,never_instantiated,0,,,,,0,0,part,,8,0,never_instantiated,0,,,,,0,0,,,,,,,,,,,,,,,,,,,,,,,,,,,,,,,,,,,,,,,,,,,,,,,,,,,,,,,,,,,,,,,,,,,,,,,,
Q17,1,0,1,7.07,lineitem,part,20031,0,never_instantiated,0,,,,,0,0,,,600982,0,never_instantiated,0,,,,,0,0,lineitem,,20031,0,never_instantiated,0,,,,,0,0,,,,,,,,,,,,,,,,,,,,,,,,,,,,,,,,,,,,,,,,,,,,,,,,,,,,,,,,,,,,,,,,,,,,,,,,
Q18,1,0,1,23.05,,lineitem,6398,0,never_instantiated,0,,,,,0,0,,customer,14999999,0,never_instantiated,0,,,,,0,0,lineitem,orders,150000000,0,never_instantiated,0,,,,,0,0,,,,,,,,,,,,,,,,,,,,,,,,,,,,,,,,,,,,,,,,,,,,,,,,,,,,,,,,,,,,,,,,,,,,,,,,
Q19,1,0,1,6.46,lineitem,part,20000000,0,never_instantiated,0,,,,,0,0,,,,,,,,,,,,,,,,,,,,,,,,,,,,,,,,,,,,,,,,,,,,,,,,,,,,,,,,,,,,,,,,,,,,,,,,,,,,,,,,,,,,,,,,,,,,,,,,
Q20,1,0,1,5.12,,,40207,0,never_instantiated,0,,,,,0,0,partsupp,part,217222,0,never_instantiated,0,,,,,0,0,,,868888,0,never_instantiated,0,,,,,0,0,lineitem,,868888,0,never_instantiated,0,,,,,0,0,supplier,nation,1,0,never_instantiated,0,,,,,0,0,,,,,,,,,,,,,,,,,,,,,,,,,,,,,,,,,,,,,,,,,,,,,,,,
Q21,1,0,1,18.74,,nation,1,0,never_instantiated,0,,,,,0,0,,supplier,1000000,0,never_instantiated,0,,,,,0,0,lineitem,orders,73072502,0,never_instantiated,0,,,,,0,0,,,7313671,0,never_instantiated,0,,,,,0,0,lineitem,,7313658,0,never_instantiated,0,,,,,0,0,,,7048027,0,never_instantiated,0,,,,,0,0,lineitem,,7048014,0,never_instantiated,0,,,,,0,0,,,,,,,,,,,,,,,,,,,,,,,,
Q22,1,0,1,2.56,,,1909668,0,never_instantiated,0,,,,,0,0,orders,,1909668,0,never_instantiated,0,,,,,0,0,,,,,,,,,,,,,,,,,,,,,,,,,,,,,,,,,,,,,,,,,,,,,,,,,,,,,,,,,,,,,,,,,,,,,,,,,,,,,,,,,,,,
Q01,1,1,1,4.51,,,,,,,,,,,,,,,,,,,,,,,,,,,,,,,,,,,,,,,,,,,,,,,,,,,,,,,,,,,,,,,,,,,,,,,,,,,,,,,,,,,,,,,,,,,,,,,,,,,,,,,,,,,,
Q02,1,1,1,1.95,,region,1,0,never_instantiated,0,,,,,0,0,,part,79591,0,never_instantiated,0,,,,,0,0,,nation,25,0,never_instantiated,0,,,,,0,0,partsupp,supplier,1000000,0,never_instantiated,0,,,,,0,0,,,63825,0,never_instantiated,0,,,,,0,0,,,47107,0,never_instantiated,0,,,,,0,0,,region,1,0,never_instantiated,0,,,,,0,0,,nation,25,0,never_instantiated,0,,,,,0,0,partsupp,supplier,1000000,0,never_instantiated,0,,,,,0,0
Q03,1,1,1,7.28,,customer,3000188,0,never_instantiated,0,,,,,0,0,lineitem,orders,72874383,0,never_instantiated,0,,,,,0,0,,,,,,,,,,,,,,,,,,,,,,,,,,,,,,,,,,,,,,,,,,,,,,,,,,,,,,,,,,,,,,,,,,,,,,,,,,,,,,,,,,,,
Q04,1,1,1,4.72,,,5733776,0,never_instantiated,0,,,,,0,0,lineitem,,5733776,0,never_instantiated,0,,,,,0,0,,,,,,,,,,,,,,,,,,,,,,,,,,,,,,,,,,,,,,,,,,,,,,,,,,,,,,,,,,,,,,,,,,,,,,,,,,,,,,,,,,,,
Q05,1,1,1,9999999,,,,,,,,,,,,,,,,,,,,,,,,,,,,,,,,,,,,,,,,,,,,,,,,,,,,,,,,,,,,,,,,,,,,,,,,,,,,,,,,,,,,,,,,,,,,,,,,,,,,,,,,,,,,
Q06,1,1,1,1.75,,,,,,,,,,,,,,,,,,,,,,,,,,,,,,,,,,,,,,,,,,,,,,,,,,,,,,,,,,,,,,,,,,,,,,,,,,,,,,,,,,,,,,,,,,,,,,,,,,,,,,,,,,,,
Q07,1,1,1,7.99,,nation,2,0,never_instantiated,0,,,,,0,0,,customer,14999999,0,never_instantiated,0,,,,,0,0,orders,,14619080,0,never_instantiated,0,,,,,0,0,,nation,2,0,never_instantiated,0,,,,,0,0,lineitem,supplier,1000000,0,never_instantiated,0,,,,,0,0,,,,,,,,,,,,,,,,,,,,,,,,,,,,,,,,,,,,,,,,,,,,,,,,
Q08,1,1,1,6.77,,region,1,0,never_instantiated,0,,,,,0,0,,nation,25,0,never_instantiated,0,,,,,0,0,,nation,25,0,never_instantiated,0,,,,,0,0,supplier,,1222092,0,never_instantiated,0,,,,,0,0,customer,,1222092,0,never_instantiated,0,,,,,0,0,orders,,4025859,0,never_instantiated,0,,,,,0,0,lineitem,part,134258,0,never_instantiated,0,,,,,0,0,,,,,,,,,,,,,,,,,,,,,,,,
Q09,1,1,1,18.24,,nation,25,0,never_instantiated,0,,,,,0,0,,supplier,1000000,0,never_instantiated,0,,,,,0,0,,orders,150000000,0,never_instantiated,0,,,,,0,0,,partsupp,80000000,0,never_instantiated,0,,,,,0,0,lineitem,part,1087982,0,never_instantiated,0,,,,,0,0,,,,,,,,,,,,,,,,,,,,,,,,,,,,,,,,,,,,,,,,,,,,,,,,
Q10,1,1,1,6.77,,nation,25,0,never_instantiated,0,,,,,0,0,customer,,11463171,0,never_instantiated,0,,,,,0,0,lineitem,orders,5730378,0,never_instantiated,0,,,,,0,0,,,,,,,,,,,,,,,,,,,,,,,,,,,,,,,,,,,,,,,,,,,,,,,,,,,,,,,,,,,,,,,,,,,,,,,,
Q11,1,1,1,1.03,,nation,1,0,never_instantiated,0,,,,,0,0,partsupp,supplier,1000000,0,never_instantiated,0,,,,,0,0,partsupp,,40045,0,never_instantiated,0,,,,,0,0,supplier,nation,1,0,never_instantiated,0,,,,,0,0,,,,,,,,,,,,,,,,,,,,,,,,,,,,,,,,,,,,,,,,,,,,,,,,,,,,,,,,,,,,
Q12,1,1,1,3.59,orders,lineitem,3115341,0,never_instantiated,0,,,,,0,0,,,,,,,,,,,,,,,,,,,,,,,,,,,,,,,,,,,,,,,,,,,,,,,,,,,,,,,,,,,,,,,,,,,,,,,,,,,,,,,,,,,,,,,,,,,,,,,,
Q13,1,1,1,8.61,orders,customer,15000000,0,never_instantiated,0,,,,,0,0,,,,,,,,,,,,,,,,,,,,,,,,,,,,,,,,,,,,,,,,,,,,,,,,,,,,,,,,,,,,,,,,,,,,,,,,,,,,,,,,,,,,,,,,,,,,,,,,
Q14,1,1,1,4.82,lineitem,part,20000000,0,never_instantiated,0,,,,,0,0,,,,,,,,,,,,,,,,,,,,,,,,,,,,,,,,,,,,,,,,,,,,,,,,,,,,,,,,,,,,,,,,,,,,,,,,,,,,,,,,,,,,,,,,,,,,,,,,
Q15,1,1,1,2.67,,,1,0,never_instantiated,0,,,,,0,0,supplier,,1000000,0,never_instantiated,0,,,,,0,0,,,,,,,,,,,,,,,,,,,,,,,,,,,,,,,,,,,,,,,,,,,,,,,,,,,,,,,,,,,,,,,,,,,,,,,,,,,,,,,,,,,,
Q16,1,1,1,2.26,,supplier,479,0,never_instantiated,0,,,,,0,0,partsupp,,2971749,0,never_instantiated,0,,,,,0,0,part,,8,0,never_instantiated,0,,,,,0,0,,,,,,,,,,,,,,,,,,,,,,,,,,,,,,,,,,,,,,,,,,,,,,,,,,,,,,,,,,,,,,,,,,,,,,,,
Q17,1,1,1,7.17,lineitem,part,20031,0,never_instantiated,0,,,,,0,0,,,600982,0,never_instantiated,0,,,,,0,0,lineitem,,20031,0,never_instantiated,0,,,,,0,0,,,,,,,,,,,,,,,,,,,,,,,,,,,,,,,,,,,,,,,,,,,,,,,,,,,,,,,,,,,,,,,,,,,,,,,,
Q18,1,1,1,22.96,,lineitem,6398,0,never_instantiated,0,,,,,0,0,,customer,14999999,0,never_instantiated,0,,,,,0,0,lineitem,orders,150000000,0,never_instantiated,0,,,,,0,0,,,,,,,,,,,,,,,,,,,,,,,,,,,,,,,,,,,,,,,,,,,,,,,,,,,,,,,,,,,,,,,,,,,,,,,,
Q19,1,1,1,6.46,lineitem,part,20000000,0,never_instantiated,0,,,,,0,0,,,,,,,,,,,,,,,,,,,,,,,,,,,,,,,,,,,,,,,,,,,,,,,,,,,,,,,,,,,,,,,,,,,,,,,,,,,,,,,,,,,,,,,,,,,,,,,,
Q20,1,1,1,5.02,,,40207,0,never_instantiated,0,,,,,0,0,partsupp,part,217222,0,never_instantiated,0,,,,,0,0,,,868888,0,never_instantiated,0,,,,,0,0,lineitem,,868888,0,never_instantiated,0,,,,,0,0,supplier,nation,1,0,never_instantiated,0,,,,,0,0,,,,,,,,,,,,,,,,,,,,,,,,,,,,,,,,,,,,,,,,,,,,,,,,
Q21,1,1,1,16.09,orders,,15146702,0,never_instantiated,0,,,,,0,0,,nation,1,0,never_instantiated,0,,,,,0,0,lineitem,supplier,1000000,0,never_instantiated,0,,,,,0,0,,,7313671,0,never_instantiated,0,,,,,0,0,lineitem,,7313658,0,never_instantiated,0,,,,,0,0,,,7048027,0,never_instantiated,0,,,,,0,0,lineitem,,7048014,0,never_instantiated,0,,,,,0,0,,,,,,,,,,,,,,,,,,,,,,,,
Q22,1,1,1,2.56,,,1909668,0,never_instantiated,0,,,,,0,0,orders,,1909668,0,never_instantiated,0,,,,,0,0,,,,,,,,,,,,,,,,,,,,,,,,,,,,,,,,,,,,,,,,,,,,,,,,,,,,,,,,,,,,,,,,,,,,,,,,,,,,,,,,,,,,
Q01,1,2,1,4.51,,,,,,,,,,,,,,,,,,,,,,,,,,,,,,,,,,,,,,,,,,,,,,,,,,,,,,,,,,,,,,,,,,,,,,,,,,,,,,,,,,,,,,,,,,,,,,,,,,,,,,,,,,,,
Q02,1,2,1,1.54,,region,1,0,never_instantiated,0,,,,,0,0,,nation,25,0,never_instantiated,0,,,,,0,0,,supplier,1000000,0,never_instantiated,0,,,,,0,0,partsupp,part,79591,0,never_instantiated,0,,,,,0,0,,,63825,0,never_instantiated,0,,,,,0,0,,,47107,0,never_instantiated,0,,,,,0,0,,region,1,0,never_instantiated,0,,,,,0,0,,nation,25,0,never_instantiated,0,,,,,0,0,partsupp,supplier,1000000,0,never_instantiated,0,,,,,0,0
Q03,1,2,1,7.28,,customer,3000188,0,never_instantiated,0,,,,,0,0,lineitem,orders,72874383,0,never_instantiated,0,,,,,0,0,,,,,,,,,,,,,,,,,,,,,,,,,,,,,,,,,,,,,,,,,,,,,,,,,,,,,,,,,,,,,,,,,,,,,,,,,,,,,,,,,,,,
Q04,1,2,1,4.72,,,5733776,0,never_instantiated,0,,,,,0,0,lineitem,,5733776,0,never_instantiated,0,,,,,0,0,,,,,,,,,,,,,,,,,,,,,,,,,,,,,,,,,,,,,,,,,,,,,,,,,,,,,,,,,,,,,,,,,,,,,,,,,,,,,,,,,,,,
Q05,1,2,1,12.30,,region,1,0,never_instantiated,0,,,,,0,0,,supplier,1000000,0,never_instantiated,0,,,,,0,0,,nation,25,0,never_instantiated,0,,,,,0,0,,customer,14999999,0,never_instantiated,0,,,,,0,0,lineitem,orders,22760819,0,never_instantiated,0,,,,,0,0,,,,,,,,,,,,,,,,,,,,,,,,,,,,,,,,,,,,,,,,,,,,,,,,
Q06,1,2,1,1.75,,,,,,,,,,,,,,,,,,,,,,,,,,,,,,,,,,,,,,,,,,,,,,,,,,,,,,,,,,,,,,,,,,,,,,,,,,,,,,,,,,,,,,,,,,,,,,,,,,,,,,,,,,,,
Q07,1,2,1,13.53,,nation,2,0,never_instantiated,0,,,,,0,0,,supplier,1000000,0,never_instantiated,0,,,,,0,0,,nation,2,0,never_instantiated,0,,,,,0,0,,customer,14999999,0,never_instantiated,0,,,,,0,0,lineitem,orders,150000000,0,never_instantiated,0,,,,,0,0,,,,,,,,,,,,,,,,,,,,,,,,,,,,,,,,,,,,,,,,,,,,,,,,
Q08,1,2,1,14.65,,region,1,0,never_instantiated,0,,,,,0,0,,nation,25,0,never_instantiated,0,,,,,0,0,customer,,1222092,0,never_instantiated,0,,,,,0,0,,part,134258,0,never_instantiated,0,,,,,0,0,,orders,45574624,0,never_instantiated,0,,,,,0,0,,nation,25,0,never_instantiated,0,,,,,0,0,lineitem,supplier,1000000,0,never_instantiated,0,,,,,0,0,,,,,,,,,,,,,,,,,,,,,,,,
Q09,1,2,1,30.55,,nation,25,0,never_instantiated,0,,,,,0,0,,supplier,1000000,0,never_instantiated,0,,,,,0,0,,part,1087982,0,never_instantiated,0,,,,,0,0,,orders,150000000,0,never_instantiated,0,,,,,0,0,lineitem,partsupp,80000000,0,never_instantiated,0,,,,,0,0,,,,,,,,,,,,,,,,,,,,,,,,,,,,,,,,,,,,,,,,,,,,,,,,
Q10,1,2,1,6.66,,nation,25,0,never_instantiated,0,,,,,0,0,customer,,11463171,0,never_instantiated,0,,,,,0,0,lineitem,orders,5730378,0,never_instantiated,0,,,,,0,0,,,,,,,,,,,,,,,,,,,,,,,,,,,,,,,,,,,,,,,,,,,,,,,,,,,,,,,,,,,,,,,,,,,,,,,,
Q11,1,2,1,0.92,partsupp,,40045,0,never_instantiated,0,,,,,0,0,supplier,nation,1,0,never_instantiated,0,,,,,0,0,partsupp,,40045,0,never_instantiated,0,,,,,0,0,supplier,nation,1,0,never_instantiated,0,,,,,0,0,,,,,,,,,,,,,,,,,,,,,,,,,,,,,,,,,,,,,,,,,,,,,,,,,,,,,,,,,,,,
Q12,1,2,1,3.59,orders,lineitem,3115341,0,never_instantiated,0,,,,,0,0,,,,,,,,,,,,,,,,,,,,,,,,,,,,,,,,,,,,,,,,,,,,,,,,,,,,,,,,,,,,,,,,,,,,,,,,,,,,,,,,,,,,,,,,,,,,,,,,
Q13,1,2,1,8.61,orders,customer,15000000,0,never_instantiated,0,,,,,0,0,,,,,,,,,,,,,,,,,,,,,,,,,,,,,,,,,,,,,,,,,,,,,,,,,,,,,,,,,,,,,,,,,,,,,,,,,,,,,,,,,,,,,,,,,,,,,,,,
Q14,1,2,1,4.72,lineitem,part,20000000,0,never_instantiated,0,,,,,0,0,,,,,,,,,,,,,,,,,,,,,,,,,,,,,,,,,,,,,,,,,,,,,,,,,,,,,,,,,,,,,,,,,,,,,,,,,,,,,,,,,,,,,,,,,,,,,,,,
Q15,1,2,1,2.67,,,1,0,never_instantiated,0,,,,,0,0,supplier,,1000000,0,never_instantiated,0,,,,,0,0,,,,,,,,,,,,,,,,,,,,,,,,,,,,,,,,,,,,,,,,,,,,,,,,,,,,,,,,,,,,,,,,,,,,,,,,,,,,,,,,,,,,
Q16,1,2,1,2.26,,supplier,479,0,never_instantiated,0,,,,,0,0,partsupp,,2971749,0,never_instantiated,0,,,,,0,0,part,,8,0,never_instantiated,0,,,,,0,0,,,,,,,,,,,,,,,,,,,,,,,,,,,,,,,,,,,,,,,,,,,,,,,,,,,,,,,,,,,,,,,,,,,,,,,,
Q17,1,2,1,7.58,lineitem,part,20031,0,never_instantiated,0,,,,,0,0,,,600982,0,never_instantiated,0,,,,,0,0,lineitem,,20031,0,never_instantiated,0,,,,,0,0,,,,,,,,,,,,,,,,,,,,,,,,,,,,,,,,,,,,,,,,,,,,,,,,,,,,,,,,,,,,,,,,,,,,,,,,
Q18,1,2,1,22.85,,lineitem,6398,0,never_instantiated,0,,,,,0,0,,customer,14999999,0,never_instantiated,0,,,,,0,0,lineitem,orders,150000000,0,never_instantiated,0,,,,,0,0,,,,,,,,,,,,,,,,,,,,,,,,,,,,,,,,,,,,,,,,,,,,,,,,,,,,,,,,,,,,,,,,,,,,,,,,
Q19,1,2,1,6.36,lineitem,part,20000000,0,never_instantiated,0,,,,,0,0,,,,,,,,,,,,,,,,,,,,,,,,,,,,,,,,,,,,,,,,,,,,,,,,,,,,,,,,,,,,,,,,,,,,,,,,,,,,,,,,,,,,,,,,,,,,,,,,
Q20,1,2,1,5.02,,,40207,0,never_instantiated,0,,,,,0,0,partsupp,part,217222,0,never_instantiated,0,,,,,0,0,,,868888,0,never_instantiated,0,,,,,0,0,lineitem,,868888,0,never_instantiated,0,,,,,0,0,supplier,nation,1,0,never_instantiated,0,,,,,0,0,,,,,,,,,,,,,,,,,,,,,,,,,,,,,,,,,,,,,,,,,,,,,,,,
Q21,1,2,1,18.65,,nation,1,0,never_instantiated,0,,,,,0,0,,supplier,1000000,0,never_instantiated,0,,,,,0,0,lineitem,orders,73072502,0,never_instantiated,0,,,,,0,0,,,7313671,0,never_instantiated,0,,,,,0,0,lineitem,,7313658,0,never_instantiated,0,,,,,0,0,,,7048027,0,never_instantiated,0,,,,,0,0,lineitem,,7048014,0,never_instantiated,0,,,,,0,0,,,,,,,,,,,,,,,,,,,,,,,,
Q22,1,2,1,2.56,,,1909668,0,never_instantiated,0,,,,,0,0,orders,,1909668,0,never_instantiated,0,,,,,0,0,,,,,,,,,,,,,,,,,,,,,,,,,,,,,,,,,,,,,,,,,,,,,,,,,,,,,,,,,,,,,,,,,,,,,,,,,,,,,,,,,,,,
Q01,1,3,1,4.51,,,,,,,,,,,,,,,,,,,,,,,,,,,,,,,,,,,,,,,,,,,,,,,,,,,,,,,,,,,,,,,,,,,,,,,,,,,,,,,,,,,,,,,,,,,,,,,,,,,,,,,,,,,,
Q02,1,3,1,1.64,,region,1,0,never_instantiated,0,,,,,0,0,,nation,25,0,never_instantiated,0,,,,,0,0,,part,79591,0,never_instantiated,0,,,,,0,0,partsupp,supplier,1000000,0,never_instantiated,0,,,,,0,0,,,63825,0,never_instantiated,0,,,,,0,0,,,47107,0,never_instantiated,0,,,,,0,0,,region,1,0,never_instantiated,0,,,,,0,0,partsupp,,1000000,0,never_instantiated,0,,,,,0,0,supplier,nation,25,0,never_instantiated,0,,,,,0,0
Q03,1,3,1,7.28,,customer,3000188,0,never_instantiated,0,,,,,0,0,lineitem,orders,72874383,0,never_instantiated,0,,,,,0,0,,,,,,,,,,,,,,,,,,,,,,,,,,,,,,,,,,,,,,,,,,,,,,,,,,,,,,,,,,,,,,,,,,,,,,,,,,,,,,,,,,,,
Q04,1,3,1,4.72,,,5733776,0,never_instantiated,0,,,,,0,0,lineitem,,5733776,0,never_instantiated,0,,,,,0,0,,,,,,,,,,,,,,,,,,,,,,,,,,,,,,,,,,,,,,,,,,,,,,,,,,,,,,,,,,,,,,,,,,,,,,,,,,,,,,,,,,,,
Q05,1,3,1,9999999,,,,,,,,,,,,,,,,,,,,,,,,,,,,,,,,,,,,,,,,,,,,,,,,,,,,,,,,,,,,,,,,,,,,,,,,,,,,,,,,,,,,,,,,,,,,,,,,,,,,,,,,,,,,
Q06,1,3,1,1.75,,,,,,,,,,,,,,,,,,,,,,,,,,,,,,,,,,,,,,,,,,,,,,,,,,,,,,,,,,,,,,,,,,,,,,,,,,,,,,,,,,,,,,,,,,,,,,,,,,,,,,,,,,,,
Q07,1,3,1,12.82,,nation,2,0,never_instantiated,0,,,,,0,0,,customer,14999999,0,never_instantiated,0,,,,,0,0,,nation,2,0,never_instantiated,0,,,,,0,0,orders,,182301190,0,never_instantiated,0,,,,,0,0,lineitem,supplier,1000000,0,never_instantiated,0,,,,,0,0,,,,,,,,,,,,,,,,,,,,,,,,,,,,,,,,,,,,,,,,,,,,,,,,
Q08,1,3,1,15.99,,region,1,0,never_instantiated,0,,,,,0,0,,nation,25,0,never_instantiated,0,,,,,0,0,,part,134258,0,never_instantiated,0,,,,,0,0,,nation,25,0,never_instantiated,0,,,,,0,0,,supplier,1000000,0,never_instantiated,0,,,,,0,0,,customer,14999999,0,never_instantiated,0,,,,,0,0,lineitem,orders,45574624,0,never_instantiated,0,,,,,0,0,,,,,,,,,,,,,,,,,,,,,,,,
Q09,1,3,1,27.99,,orders,150000000,0,never_instantiated,0,,,,,0,0,,nation,25,0,never_instantiated,0,,,,,0,0,,part,1087982,0,never_instantiated,0,,,,,0,0,,partsupp,80000000,0,never_instantiated,0,,,,,0,0,lineitem,supplier,1000000,0,never_instantiated,0,,,,,0,0,,,,,,,,,,,,,,,,,,,,,,,,,,,,,,,,,,,,,,,,,,,,,,,,
Q10,1,3,1,6.87,,nation,25,0,never_instantiated,0,,,,,0,0,customer,,11463171,0,never_instantiated,0,,,,,0,0,lineitem,orders,5730378,0,never_instantiated,0,,,,,0,0,,,,,,,,,,,,,,,,,,,,,,,,,,,,,,,,,,,,,,,,,,,,,,,,,,,,,,,,,,,,,,,,,,,,,,,,
Q11,1,3,1,1.03,,nation,1,0,never_instantiated,0,,,,,0,0,partsupp,supplier,1000000,0,never_instantiated,0,,,,,0,0,partsupp,,40045,0,never_instantiated,0,,,,,0,0,supplier,nation,1,0,never_instantiated,0,,,,,0,0,,,,,,,,,,,,,,,,,,,,,,,,,,,,,,,,,,,,,,,,,,,,,,,,,,,,,,,,,,,,
Q12,1,3,1,3.59,orders,lineitem,3115341,0,never_instantiated,0,,,,,0,0,,,,,,,,,,,,,,,,,,,,,,,,,,,,,,,,,,,,,,,,,,,,,,,,,,,,,,,,,,,,,,,,,,,,,,,,,,,,,,,,,,,,,,,,,,,,,,,,
Q13,1,3,1,8.72,orders,customer,15000000,0,never_instantiated,0,,,,,0,0,,,,,,,,,,,,,,,,,,,,,,,,,,,,,,,,,,,,,,,,,,,,,,,,,,,,,,,,,,,,,,,,,,,,,,,,,,,,,,,,,,,,,,,,,,,,,,,,
Q14,1,3,1,4.72,lineitem,part,20000000,0,never_instantiated,0,,,,,0,0,,,,,,,,,,,,,,,,,,,,,,,,,,,,,,,,,,,,,,,,,,,,,,,,,,,,,,,,,,,,,,,,,,,,,,,,,,,,,,,,,,,,,,,,,,,,,,,,
Q15,1,3,1,2.67,,,1,0,never_instantiated,0,,,,,0,0,supplier,,1000000,0,never_instantiated,0,,,,,0,0,,,,,,,,,,,,,,,,,,,,,,,,,,,,,,,,,,,,,,,,,,,,,,,,,,,,,,,,,,,,,,,,,,,,,,,,,,,,,,,,,,,,
Q16,1,3,1,2.26,,supplier,479,0,never_instantiated,0,,,,,0,0,partsupp,,2971749,0,never_instantiated,0,,,,,0,0,part,,8,0,never_instantiated,0,,,,,0,0,,,,,,,,,,,,,,,,,,,,,,,,,,,,,,,,,,,,,,,,,,,,,,,,,,,,,,,,,,,,,,,,,,,,,,,,
Q17,1,3,1,7.28,lineitem,part,20031,0,never_instantiated,0,,,,,0,0,,,600982,0,never_instantiated,0,,,,,0,0,lineitem,,20031,0,never_instantiated,0,,,,,0,0,,,,,,,,,,,,,,,,,,,,,,,,,,,,,,,,,,,,,,,,,,,,,,,,,,,,,,,,,,,,,,,,,,,,,,,,
Q18,1,3,1,22.86,,lineitem,6398,0,never_instantiated,0,,,,,0,0,,customer,14999999,0,never_instantiated,0,,,,,0,0,lineitem,orders,150000000,0,never_instantiated,0,,,,,0,0,,,,,,,,,,,,,,,,,,,,,,,,,,,,,,,,,,,,,,,,,,,,,,,,,,,,,,,,,,,,,,,,,,,,,,,,
Q19,1,3,1,6.36,lineitem,part,20000000,0,never_instantiated,0,,,,,0,0,,,,,,,,,,,,,,,,,,,,,,,,,,,,,,,,,,,,,,,,,,,,,,,,,,,,,,,,,,,,,,,,,,,,,,,,,,,,,,,,,,,,,,,,,,,,,,,,
Q20,1,3,1,5.03,,,40207,0,never_instantiated,0,,,,,0,0,partsupp,part,217222,0,never_instantiated,0,,,,,0,0,,,868888,0,never_instantiated,0,,,,,0,0,lineitem,,868888,0,never_instantiated,0,,,,,0,0,supplier,nation,1,0,never_instantiated,0,,,,,0,0,,,,,,,,,,,,,,,,,,,,,,,,,,,,,,,,,,,,,,,,,,,,,,,,
Q21,1,3,1,19.17,,nation,1,0,never_instantiated,0,,,,,0,0,,orders,73072502,0,never_instantiated,0,,,,,0,0,lineitem,supplier,1000000,0,never_instantiated,0,,,,,0,0,,,7313671,0,never_instantiated,0,,,,,0,0,lineitem,,7313658,0,never_instantiated,0,,,,,0,0,,,7048027,0,never_instantiated,0,,,,,0,0,lineitem,,7048014,0,never_instantiated,0,,,,,0,0,,,,,,,,,,,,,,,,,,,,,,,,
Q22,1,3,1,2.57,,,1909668,0,never_instantiated,0,,,,,0,0,orders,,1909668,0,never_instantiated,0,,,,,0,0,,,,,,,,,,,,,,,,,,,,,,,,,,,,,,,,,,,,,,,,,,,,,,,,,,,,,,,,,,,,,,,,,,,,,,,,,,,,,,,,,,,,
Q01,1,4,1,4.51,,,,,,,,,,,,,,,,,,,,,,,,,,,,,,,,,,,,,,,,,,,,,,,,,,,,,,,,,,,,,,,,,,,,,,,,,,,,,,,,,,,,,,,,,,,,,,,,,,,,,,,,,,,,
Q02,1,4,1,1.44,,region,1,0,never_instantiated,0,,,,,0,0,,nation,25,0,never_instantiated,0,,,,,0,0,,supplier,1000000,0,never_instantiated,0,,,,,0,0,partsupp,part,79591,0,never_instantiated,0,,,,,0,0,,,63825,0,never_instantiated,0,,,,,0,0,,,47107,0,never_instantiated,0,,,,,0,0,,region,1,0,never_instantiated,0,,,,,0,0,partsupp,,1000000,0,never_instantiated,0,,,,,0,0,supplier,nation,25,0,never_instantiated,0,,,,,0,0
Q03,1,4,1,7.28,,customer,3000188,0,never_instantiated,0,,,,,0,0,lineitem,orders,72874383,0,never_instantiated,0,,,,,0,0,,,,,,,,,,,,,,,,,,,,,,,,,,,,,,,,,,,,,,,,,,,,,,,,,,,,,,,,,,,,,,,,,,,,,,,,,,,,,,,,,,,,
Q04,1,4,1,4.72,,,5733776,0,never_instantiated,0,,,,,0,0,lineitem,,5733776,0,never_instantiated,0,,,,,0,0,,,,,,,,,,,,,,,,,,,,,,,,,,,,,,,,,,,,,,,,,,,,,,,,,,,,,,,,,,,,,,,,,,,,,,,,,,,,,,,,,,,,
Q05,1,4,1,11.27,,region,1,0,never_instantiated,0,,,,,0,0,,nation,25,0,never_instantiated,0,,,,,0,0,,supplier,1000000,0,never_instantiated,0,,,,,0,0,,customer,14999999,0,never_instantiated,0,,,,,0,0,lineitem,orders,22760819,0,never_instantiated,0,,,,,0,0,,,,,,,,,,,,,,,,,,,,,,,,,,,,,,,,,,,,,,,,,,,,,,,,
Q06,1,4,1,1.75,,,,,,,,,,,,,,,,,,,,,,,,,,,,,,,,,,,,,,,,,,,,,,,,,,,,,,,,,,,,,,,,,,,,,,,,,,,,,,,,,,,,,,,,,,,,,,,,,,,,,,,,,,,,
Q07,1,4,1,14.66,,nation,2,0,never_instantiated,0,,,,,0,0,,nation,2,0,never_instantiated,0,,,,,0,0,,supplier,1000000,0,never_instantiated,0,,,,,0,0,,customer,14999999,0,never_instantiated,0,,,,,0,0,lineitem,orders,150000000,0,never_instantiated,0,,,,,0,0,,,,,,,,,,,,,,,,,,,,,,,,,,,,,,,,,,,,,,,,,,,,,,,,
Q08,1,4,1,6.77,,region,1,0,never_instantiated,0,,,,,0,0,,nation,25,0,never_instantiated,0,,,,,0,0,,nation,25,0,never_instantiated,0,,,,,0,0,customer,,1222092,0,never_instantiated,0,,,,,0,0,supplier,,1222092,0,never_instantiated,0,,,,,0,0,orders,,4025859,0,never_instantiated,0,,,,,0,0,lineitem,part,134258,0,never_instantiated,0,,,,,0,0,,,,,,,,,,,,,,,,,,,,,,,,
Q09,1,4,1,22.86,,partsupp,80000000,0,never_instantiated,0,,,,,0,0,,nation,25,0,never_instantiated,0,,,,,0,0,,part,1087982,0,never_instantiated,0,,,,,0,0,,supplier,1000000,0,never_instantiated,0,,,,,0,0,lineitem,orders,150000000,0,never_instantiated,0,,,,,0,0,,,,,,,,,,,,,,,,,,,,,,,,,,,,,,,,,,,,,,,,,,,,,,,,
Q10,1,4,1,6.77,,nation,25,0,never_instantiated,0,,,,,0,0,customer,,11463171,0,never_instantiated,0,,,,,0,0,lineitem,orders,5730378,0,never_instantiated,0,,,,,0,0,,,,,,,,,,,,,,,,,,,,,,,,,,,,,,,,,,,,,,,,,,,,,,,,,,,,,,,,,,,,,,,,,,,,,,,,
Q11,1,4,1,1.03,partsupp,,40045,0,never_instantiated,0,,,,,0,0,supplier,nation,1,0,never_instantiated,0,,,,,0,0,,nation,1,0,never_instantiated,0,,,,,0,0,partsupp,supplier,1000000,0,never_instantiated,0,,,,,0,0,,,,,,,,,,,,,,,,,,,,,,,,,,,,,,,,,,,,,,,,,,,,,,,,,,,,,,,,,,,,
Q12,1,4,1,3.59,orders,lineitem,3115341,0,never_instantiated,0,,,,,0,0,,,,,,,,,,,,,,,,,,,,,,,,,,,,,,,,,,,,,,,,,,,,,,,,,,,,,,,,,,,,,,,,,,,,,,,,,,,,,,,,,,,,,,,,,,,,,,,,
Q13,1,4,1,8.61,orders,customer,15000000,0,never_instantiated,0,,,,,0,0,,,,,,,,,,,,,,,,,,,,,,,,,,,,,,,,,,,,,,,,,,,,,,,,,,,,,,,,,,,,,,,,,,,,,,,,,,,,,,,,,,,,,,,,,,,,,,,,
Q14,1,4,1,4.82,lineitem,part,20000000,0,never_instantiated,0,,,,,0,0,,,,,,,,,,,,,,,,,,,,,,,,,,,,,,,,,,,,,,,,,,,,,,,,,,,,,,,,,,,,,,,,,,,,,,,,,,,,,,,,,,,,,,,,,,,,,,,,
Q15,1,4,1,2.67,,,1,0,never_instantiated,0,,,,,0,0,supplier,,1000000,0,never_instantiated,0,,,,,0,0,,,,,,,,,,,,,,,,,,,,,,,,,,,,,,,,,,,,,,,,,,,,,,,,,,,,,,,,,,,,,,,,,,,,,,,,,,,,,,,,,,,,
Q16,1,4,1,2.26,,supplier,479,0,never_instantiated,0,,,,,0,0,partsupp,,2971749,0,never_instantiated,0,,,,,0,0,part,,8,0,never_instantiated,0,,,,,0,0,,,,,,,,,,,,,,,,,,,,,,,,,,,,,,,,,,,,,,,,,,,,,,,,,,,,,,,,,,,,,,,,,,,,,,,,
Q17,1,4,1,7.17,lineitem,part,20031,0,never_instantiated,0,,,,,0,0,,,600982,0,never_instantiated,0,,,,,0,0,lineitem,,20031,0,never_instantiated,0,,,,,0,0,,,,,,,,,,,,,,,,,,,,,,,,,,,,,,,,,,,,,,,,,,,,,,,,,,,,,,,,,,,,,,,,,,,,,,,,
Q18,1,4,1,22.86,,lineitem,6398,0,never_instantiated,0,,,,,0,0,,customer,14999999,0,never_instantiated,0,,,,,0,0,lineitem,orders,150000000,0,never_instantiated,0,,,,,0,0,,,,,,,,,,,,,,,,,,,,,,,,,,,,,,,,,,,,,,,,,,,,,,,,,,,,,,,,,,,,,,,,,,,,,,,,
Q19,1,4,1,6.56,lineitem,part,20000000,0,never_instantiated,0,,,,,0,0,,,,,,,,,,,,,,,,,,,,,,,,,,,,,,,,,,,,,,,,,,,,,,,,,,,,,,,,,,,,,,,,,,,,,,,,,,,,,,,,,,,,,,,,,,,,,,,,
Q20,1,4,1,5.23,,,40207,0,never_instantiated,0,,,,,0,0,partsupp,part,217222,0,never_instantiated,0,,,,,0,0,,,868888,0,never_instantiated,0,,,,,0,0,lineitem,,868888,0,never_instantiated,0,,,,,0,0,supplier,nation,1,0,never_instantiated,0,,,,,0,0,,,,,,,,,,,,,,,,,,,,,,,,,,,,,,,,,,,,,,,,,,,,,,,,
Q21,1,4,1,18.96,,nation,1,0,never_instantiated,0,,,,,0,0,,supplier,1000000,0,never_instantiated,0,,,,,0,0,lineitem,orders,73072502,0,never_instantiated,0,,,,,0,0,,,7313671,0,never_instantiated,0,,,,,0,0,lineitem,,7313658,0,never_instantiated,0,,,,,0,0,,,7048027,0,never_instantiated,0,,,,,0,0,lineitem,,7048014,0,never_instantiated,0,,,,,0,0,,,,,,,,,,,,,,,,,,,,,,,,
Q22,1,4,1,2.57,,,1909668,0,never_instantiated,0,,,,,0,0,orders,,1909668,0,never_instantiated,0,,,,,0,0,,,,,,,,,,,,,,,,,,,,,,,,,,,,,,,,,,,,,,,,,,,,,,,,,,,,,,,,,,,,,,,,,,,,,,,,,,,,,,,,,,,,
Q01,1,5,1,4.51,,,,,,,,,,,,,,,,,,,,,,,,,,,,,,,,,,,,,,,,,,,,,,,,,,,,,,,,,,,,,,,,,,,,,,,,,,,,,,,,,,,,,,,,,,,,,,,,,,,,,,,,,,,,
Q02,1,5,1,1.74,,region,1,0,never_instantiated,0,,,,,0,0,,nation,25,0,never_instantiated,0,,,,,0,0,,part,79591,0,never_instantiated,0,,,,,0,0,partsupp,supplier,1000000,0,never_instantiated,0,,,,,0,0,,,63825,0,never_instantiated,0,,,,,0,0,,,47107,0,never_instantiated,0,,,,,0,0,,region,1,0,never_instantiated,0,,,,,0,0,,nation,25,0,never_instantiated,0,,,,,0,0,partsupp,supplier,1000000,0,never_instantiated,0,,,,,0,0
Q03,1,5,1,7.28,,customer,3000188,0,never_instantiated,0,,,,,0,0,lineitem,orders,72874383,0,never_instantiated,0,,,,,0,0,,,,,,,,,,,,,,,,,,,,,,,,,,,,,,,,,,,,,,,,,,,,,,,,,,,,,,,,,,,,,,,,,,,,,,,,,,,,,,,,,,,,
Q04,1,5,1,4.82,,,5733776,0,never_instantiated,0,,,,,0,0,lineitem,,5733776,0,never_instantiated,0,,,,,0,0,,,,,,,,,,,,,,,,,,,,,,,,,,,,,,,,,,,,,,,,,,,,,,,,,,,,,,,,,,,,,,,,,,,,,,,,,,,,,,,,,,,,
Q05,1,5,1,9999999,,,,,,,,,,,,,,,,,,,,,,,,,,,,,,,,,,,,,,,,,,,,,,,,,,,,,,,,,,,,,,,,,,,,,,,,,,,,,,,,,,,,,,,,,,,,,,,,,,,,,,,,,,,,
Q06,1,5,1,1.75,,,,,,,,,,,,,,,,,,,,,,,,,,,,,,,,,,,,,,,,,,,,,,,,,,,,,,,,,,,,,,,,,,,,,,,,,,,,,,,,,,,,,,,,,,,,,,,,,,,,,,,,,,,,
Q07,1,5,1,12.81,,nation,2,0,never_instantiated,0,,,,,0,0,,customer,14999999,0,never_instantiated,0,,,,,0,0,,nation,2,0,never_instantiated,0,,,,,0,0,orders,,182301190,0,never_instantiated,0,,,,,0,0,lineitem,supplier,1000000,0,never_instantiated,0,,,,,0,0,,,,,,,,,,,,,,,,,,,,,,,,,,,,,,,,,,,,,,,,,,,,,,,,
Q08,1,5,1,18.13,,region,1,0,never_instantiated,0,,,,,0,0,,nation,25,0,never_instantiated,0,,,,,0,0,,part,134258,0,never_instantiated,0,,,,,0,0,,customer,14999999,0,never_instantiated,0,,,,,0,0,,orders,45574624,0,never_instantiated,0,,,,,0,0,,nation,25,0,never_instantiated,0,,,,,0,0,lineitem,supplier,1000000,0,never_instantiated,0,,,,,0,0,,,,,,,,,,,,,,,,,,,,,,,,
Q09,1,5,1,18.66,,nation,25,0,never_instantiated,0,,,,,0,0,,supplier,1000000,0,never_instantiated,0,,,,,0,0,,partsupp,80000000,0,never_instantiated,0,,,,,0,0,,orders,150000000,0,never_instantiated,0,,,,,0,0,lineitem,part,1087982,0,never_instantiated,0,,,,,0,0,,,,,,,,,,,,,,,,,,,,,,,,,,,,,,,,,,,,,,,,,,,,,,,,
Q10,1,5,1,6.77,,nation,25,0,never_instantiated,0,,,,,0,0,customer,,11463171,0,never_instantiated,0,,,,,0,0,lineitem,orders,5730378,0,never_instantiated,0,,,,,0,0,,,,,,,,,,,,,,,,,,,,,,,,,,,,,,,,,,,,,,,,,,,,,,,,,,,,,,,,,,,,,,,,,,,,,,,,
Q11,1,5,1,1.03,,nation,1,0,never_instantiated,0,,,,,0,0,partsupp,supplier,1000000,0,never_instantiated,0,,,,,0,0,partsupp,,40045,0,never_instantiated,0,,,,,0,0,supplier,nation,1,0,never_instantiated,0,,,,,0,0,,,,,,,,,,,,,,,,,,,,,,,,,,,,,,,,,,,,,,,,,,,,,,,,,,,,,,,,,,,,
Q12,1,5,1,3.59,orders,lineitem,3115341,0,never_instantiated,0,,,,,0,0,,,,,,,,,,,,,,,,,,,,,,,,,,,,,,,,,,,,,,,,,,,,,,,,,,,,,,,,,,,,,,,,,,,,,,,,,,,,,,,,,,,,,,,,,,,,,,,,
Q13,1,5,1,8.71,orders,customer,15000000,0,never_instantiated,0,,,,,0,0,,,,,,,,,,,,,,,,,,,,,,,,,,,,,,,,,,,,,,,,,,,,,,,,,,,,,,,,,,,,,,,,,,,,,,,,,,,,,,,,,,,,,,,,,,,,,,,,
Q14,1,5,1,4.82,lineitem,part,20000000,0,never_instantiated,0,,,,,0,0,,,,,,,,,,,,,,,,,,,,,,,,,,,,,,,,,,,,,,,,,,,,,,,,,,,,,,,,,,,,,,,,,,,,,,,,,,,,,,,,,,,,,,,,,,,,,,,,
Q15,1,5,1,2.67,,,1,0,never_instantiated,0,,,,,0,0,supplier,,1000000,0,never_instantiated,0,,,,,0,0,,,,,,,,,,,,,,,,,,,,,,,,,,,,,,,,,,,,,,,,,,,,,,,,,,,,,,,,,,,,,,,,,,,,,,,,,,,,,,,,,,,,
Q16,1,5,1,2.26,,supplier,479,0,never_instantiated,0,,,,,0,0,partsupp,,2971749,0,never_instantiated,0,,,,,0,0,part,,8,0,never_instantiated,0,,,,,0,0,,,,,,,,,,,,,,,,,,,,,,,,,,,,,,,,,,,,,,,,,,,,,,,,,,,,,,,,,,,,,,,,,,,,,,,,
Q17,1,5,1,7.18,lineitem,part,20031,0,never_instantiated,0,,,,,0,0,,,600982,0,never_instantiated,0,,,,,0,0,lineitem,,20031,0,never_instantiated,0,,,,,0,0,,,,,,,,,,,,,,,,,,,,,,,,,,,,,,,,,,,,,,,,,,,,,,,,,,,,,,,,,,,,,,,,,,,,,,,,
Q18,1,5,1,22.97,,lineitem,6398,0,never_instantiated,0,,,,,0,0,,customer,14999999,0,never_instantiated,0,,,,,0,0,lineitem,orders,150000000,0,never_instantiated,0,,,,,0,0,,,,,,,,,,,,,,,,,,,,,,,,,,,,,,,,,,,,,,,,,,,,,,,,,,,,,,,,,,,,,,,,,,,,,,,,
Q19,1,5,1,6.46,lineitem,part,20000000,0,never_instantiated,0,,,,,0,0,,,,,,,,,,,,,,,,,,,,,,,,,,,,,,,,,,,,,,,,,,,,,,,,,,,,,,,,,,,,,,,,,,,,,,,,,,,,,,,,,,,,,,,,,,,,,,,,
Q20,1,5,1,5.13,,,40207,0,never_instantiated,0,,,,,0,0,partsupp,part,217222,0,never_instantiated,0,,,,,0,0,,,868888,0,never_instantiated,0,,,,,0,0,lineitem,,868888,0,never_instantiated,0,,,,,0,0,supplier,nation,1,0,never_instantiated,0,,,,,0,0,,,,,,,,,,,,,,,,,,,,,,,,,,,,,,,,,,,,,,,,,,,,,,,,
Q21,1,5,1,19.07,,nation,1,0,never_instantiated,0,,,,,0,0,,orders,73072502,0,never_instantiated,0,,,,,0,0,lineitem,supplier,1000000,0,never_instantiated,0,,,,,0,0,,,7313671,0,never_instantiated,0,,,,,0,0,lineitem,,7313658,0,never_instantiated,0,,,,,0,0,,,7048027,0,never_instantiated,0,,,,,0,0,lineitem,,7048014,0,never_instantiated,0,,,,,0,0,,,,,,,,,,,,,,,,,,,,,,,,
Q22,1,5,1,2.57,,,1909668,0,never_instantiated,0,,,,,0,0,orders,,1909668,0,never_instantiated,0,,,,,0,0,,,,,,,,,,,,,,,,,,,,,,,,,,,,,,,,,,,,,,,,,,,,,,,,,,,,,,,,,,,,,,,,,,,,,,,,,,,,,,,,,,,,
Q01,1,6,1,4.51,,,,,,,,,,,,,,,,,,,,,,,,,,,,,,,,,,,,,,,,,,,,,,,,,,,,,,,,,,,,,,,,,,,,,,,,,,,,,,,,,,,,,,,,,,,,,,,,,,,,,,,,,,,,
Q02,1,6,1,1.44,,region,1,0,never_instantiated,0,,,,,0,0,,nation,25,0,never_instantiated,0,,,,,0,0,,supplier,1000000,0,never_instantiated,0,,,,,0,0,partsupp,part,79591,0,never_instantiated,0,,,,,0,0,,,63825,0,never_instantiated,0,,,,,0,0,,,47107,0,never_instantiated,0,,,,,0,0,,region,1,0,never_instantiated,0,,,,,0,0,partsupp,,1000000,0,never_instantiated,0,,,,,0,0,supplier,nation,25,0,never_instantiated,0,,,,,0,0
Q03,1,6,1,7.28,,customer,3000188,0,never_instantiated,0,,,,,0,0,lineitem,orders,72874383,0,never_instantiated,0,,,,,0,0,,,,,,,,,,,,,,,,,,,,,,,,,,,,,,,,,,,,,,,,,,,,,,,,,,,,,,,,,,,,,,,,,,,,,,,,,,,,,,,,,,,,
Q04,1,6,1,4.82,,,5733776,0,never_instantiated,0,,,,,0,0,lineitem,,5733776,0,never_instantiated,0,,,,,0,0,,,,,,,,,,,,,,,,,,,,,,,,,,,,,,,,,,,,,,,,,,,,,,,,,,,,,,,,,,,,,,,,,,,,,,,,,,,,,,,,,,,,
Q05,1,6,1,10.46,,region,1,0,never_instantiated,0,,,,,0,0,,nation,25,0,never_instantiated,0,,,,,0,0,,customer,14999999,0,never_instantiated,0,,,,,0,0,,supplier,1000000,0,never_instantiated,0,,,,,0,0,lineitem,orders,22760819,0,never_instantiated,0,,,,,0,0,,,,,,,,,,,,,,,,,,,,,,,,,,,,,,,,,,,,,,,,,,,,,,,,
Q06,1,6,1,1.75,,,,,,,,,,,,,,,,,,,,,,,,,,,,,,,,,,,,,,,,,,,,,,,,,,,,,,,,,,,,,,,,,,,,,,,,,,,,,,,,,,,,,,,,,,,,,,,,,,,,,,,,,,,,
Q07,1,6,1,11.89,,nation,2,0,never_instantiated,0,,,,,0,0,,customer,14999999,0,never_instantiated,0,,,,,0,0,,nation,2,0,never_instantiated,0,,,,,0,0,,supplier,1000000,0,never_instantiated,0,,,,,0,0,lineitem,orders,150000000,0,never_instantiated,0,,,,,0,0,,,,,,,,,,,,,,,,,,,,,,,,,,,,,,,,,,,,,,,,,,,,,,,,
Q08,1,6,1,10.46,,region,1,0,never_instantiated,0,,,,,0,0,,nation,25,0,never_instantiated,0,,,,,0,0,,nation,25,0,never_instantiated,0,,,,,0,0,supplier,,1222092,0,never_instantiated,0,,,,,0,0,customer,,1222092,0,never_instantiated,0,,,,,0,0,,part,134258,0,never_instantiated,0,,,,,0,0,lineitem,orders,45574624,0,never_instantiated,0,,,,,0,0,,,,,,,,,,,,,,,,,,,,,,,,
Q09,1,6,1,26.87,,nation,25,0,never_instantiated,0,,,,,0,0,,supplier,1000000,0,never_instantiated,0,,,,,0,0,,orders,150000000,0,never_instantiated,0,,,,,0,0,,part,1087982,0,never_instantiated,0,,,,,0,0,lineitem,partsupp,80000000,0,never_instantiated,0,,,,,0,0,,,,,,,,,,,,,,,,,,,,,,,,,,,,,,,,,,,,,,,,,,,,,,,,
Q10,1,6,1,6.87,,nation,25,0,never_instantiated,0,,,,,0,0,customer,,11463171,0,never_instantiated,0,,,,,0,0,lineitem,orders,5730378,0,never_instantiated,0,,,,,0,0,,,,,,,,,,,,,,,,,,,,,,,,,,,,,,,,,,,,,,,,,,,,,,,,,,,,,,,,,,,,,,,,,,,,,,,,
Q11,1,6,1,0.93,partsupp,,40045,0,never_instantiated,0,,,,,0,0,supplier,nation,1,0,never_instantiated,0,,,,,0,0,partsupp,,40045,0,never_instantiated,0,,,,,0,0,supplier,nation,1,0,never_instantiated,0,,,,,0,0,,,,,,,,,,,,,,,,,,,,,,,,,,,,,,,,,,,,,,,,,,,,,,,,,,,,,,,,,,,,
Q12,1,6,1,3.59,orders,lineitem,3115341,0,never_instantiated,0,,,,,0,0,,,,,,,,,,,,,,,,,,,,,,,,,,,,,,,,,,,,,,,,,,,,,,,,,,,,,,,,,,,,,,,,,,,,,,,,,,,,,,,,,,,,,,,,,,,,,,,,
Q13,1,6,1,8.61,orders,customer,15000000,0,never_instantiated,0,,,,,0,0,,,,,,,,,,,,,,,,,,,,,,,,,,,,,,,,,,,,,,,,,,,,,,,,,,,,,,,,,,,,,,,,,,,,,,,,,,,,,,,,,,,,,,,,,,,,,,,,
Q14,1,6,1,4.82,lineitem,part,20000000,0,never_instantiated,0,,,,,0,0,,,,,,,,,,,,,,,,,,,,,,,,,,,,,,,,,,,,,,,,,,,,,,,,,,,,,,,,,,,,,,,,,,,,,,,,,,,,,,,,,,,,,,,,,,,,,,,,
Q15,1,6,1,2.67,,,1,0,never_instantiated,0,,,,,0,0,supplier,,1000000,0,never_instantiated,0,,,,,0,0,,,,,,,,,,,,,,,,,,,,,,,,,,,,,,,,,,,,,,,,,,,,,,,,,,,,,,,,,,,,,,,,,,,,,,,,,,,,,,,,,,,,
Q16,1,6,1,2.26,,supplier,479,0,never_instantiated,0,,,,,0,0,partsupp,,2971749,0,never_instantiated,0,,,,,0,0,part,,8,0,never_instantiated,0,,,,,0,0,,,,,,,,,,,,,,,,,,,,,,,,,,,,,,,,,,,,,,,,,,,,,,,,,,,,,,,,,,,,,,,,,,,,,,,,
Q17,1,6,1,7.28,lineitem,part,20031,0,never_instantiated,0,,,,,0,0,,,600982,0,never_instantiated,0,,,,,0,0,lineitem,,20031,0,never_instantiated,0,,,,,0,0,,,,,,,,,,,,,,,,,,,,,,,,,,,,,,,,,,,,,,,,,,,,,,,,,,,,,,,,,,,,,,,,,,,,,,,,
Q18,1,6,1,22.86,,lineitem,6398,0,never_instantiated,0,,,,,0,0,,customer,14999999,0,never_instantiated,0,,,,,0,0,lineitem,orders,150000000,0,never_instantiated,0,,,,,0,0,,,,,,,,,,,,,,,,,,,,,,,,,,,,,,,,,,,,,,,,,,,,,,,,,,,,,,,,,,,,,,,,,,,,,,,,
Q19,1,6,1,6.46,lineitem,part,20000000,0,never_instantiated,0,,,,,0,0,,,,,,,,,,,,,,,,,,,,,,,,,,,,,,,,,,,,,,,,,,,,,,,,,,,,,,,,,,,,,,,,,,,,,,,,,,,,,,,,,,,,,,,,,,,,,,,,
Q20,1,6,1,5.13,,,40207,0,never_instantiated,0,,,,,0,0,partsupp,part,217222,0,never_instantiated,0,,,,,0,0,,,868888,0,never_instantiated,0,,,,,0,0,lineitem,,868888,0,never_instantiated,0,,,,,0,0,supplier,nation,1,0,never_instantiated,0,,,,,0,0,,,,,,,,,,,,,,,,,,,,,,,,,,,,,,,,,,,,,,,,,,,,,,,,
Q21,1,6,1,18.66,,nation,1,0,never_instantiated,0,,,,,0,0,,supplier,1000000,0,never_instantiated,0,,,,,0,0,lineitem,orders,73072502,0,never_instantiated,0,,,,,0,0,,,7313671,0,never_instantiated,0,,,,,0,0,lineitem,,7313658,0,never_instantiated,0,,,,,0,0,,,7048027,0,never_instantiated,0,,,,,0,0,lineitem,,7048014,0,never_instantiated,0,,,,,0,0,,,,,,,,,,,,,,,,,,,,,,,,
Q22,1,6,1,2.57,,,1909668,0,never_instantiated,0,,,,,0,0,orders,,1909668,0,never_instantiated,0,,,,,0,0,,,,,,,,,,,,,,,,,,,,,,,,,,,,,,,,,,,,,,,,,,,,,,,,,,,,,,,,,,,,,,,,,,,,,,,,,,,,,,,,,,,,
Q01,1,7,1,4.51,,,,,,,,,,,,,,,,,,,,,,,,,,,,,,,,,,,,,,,,,,,,,,,,,,,,,,,,,,,,,,,,,,,,,,,,,,,,,,,,,,,,,,,,,,,,,,,,,,,,,,,,,,,,
Q02,1,7,1,1.74,,region,1,0,never_instantiated,0,,,,,0,0,,nation,25,0,never_instantiated,0,,,,,0,0,,part,79591,0,never_instantiated,0,,,,,0,0,partsupp,supplier,1000000,0,never_instantiated,0,,,,,0,0,,,63825,0,never_instantiated,0,,,,,0,0,,,47107,0,never_instantiated,0,,,,,0,0,,region,1,0,never_instantiated,0,,,,,0,0,,nation,25,0,never_instantiated,0,,,,,0,0,partsupp,supplier,1000000,0,never_instantiated,0,,,,,0,0
Q03,1,7,1,7.28,,customer,3000188,0,never_instantiated,0,,,,,0,0,lineitem,orders,72874383,0,never_instantiated,0,,,,,0,0,,,,,,,,,,,,,,,,,,,,,,,,,,,,,,,,,,,,,,,,,,,,,,,,,,,,,,,,,,,,,,,,,,,,,,,,,,,,,,,,,,,,
Q04,1,7,1,4.82,,,5733776,0,never_instantiated,0,,,,,0,0,lineitem,,5733776,0,never_instantiated,0,,,,,0,0,,,,,,,,,,,,,,,,,,,,,,,,,,,,,,,,,,,,,,,,,,,,,,,,,,,,,,,,,,,,,,,,,,,,,,,,,,,,,,,,,,,,
Q05,1,7,1,9999999,,,,,,,,,,,,,,,,,,,,,,,,,,,,,,,,,,,,,,,,,,,,,,,,,,,,,,,,,,,,,,,,,,,,,,,,,,,,,,,,,,,,,,,,,,,,,,,,,,,,,,,,,,,,
Q06,1,7,1,1.75,,,,,,,,,,,,,,,,,,,,,,,,,,,,,,,,,,,,,,,,,,,,,,,,,,,,,,,,,,,,,,,,,,,,,,,,,,,,,,,,,,,,,,,,,,,,,,,,,,,,,,,,,,,,
Q07,1,7,1,13.94,,nation,2,0,never_instantiated,0,,,,,0,0,,nation,2,0,never_instantiated,0,,,,,0,0,,customer,14999999,0,never_instantiated,0,,,,,0,0,orders,,182301190,0,never_instantiated,0,,,,,0,0,lineitem,supplier,1000000,0,never_instantiated,0,,,,,0,0,,,,,,,,,,,,,,,,,,,,,,,,,,,,,,,,,,,,,,,,,,,,,,,,
Q08,1,7,1,6.76,,region,1,0,never_instantiated,0,,,,,0,0,,nation,25,0,never_instantiated,0,,,,,0,0,customer,,1222092,0,never_instantiated,0,,,,,0,0,,nation,25,0,never_instantiated,0,,,,,0,0,orders,,4025859,0,never_instantiated,0,,,,,0,0,,supplier,1000000,0,never_instantiated,0,,,,,0,0,lineitem,part,134258,0,never_instantiated,0,,,,,0,0,,,,,,,,,,,,,,,,,,,,,,,,
Q09,1,7,1,31.46,,nation,25,0,never_instantiated,0,,,,,0,0,,part,1087982,0,never_instantiated,0,,,,,0,0,,orders,150000000,0,never_instantiated,0,,,,,0,0,,partsupp,80000000,0,never_instantiated,0,,,,,0,0,lineitem,supplier,1000000,0,never_instantiated,0,,,,,0,0,,,,,,,,,,,,,,,,,,,,,,,,,,,,,,,,,,,,,,,,,,,,,,,,
Q10,1,7,1,6.77,,nation,25,0,never_instantiated,0,,,,,0,0,customer,,11463171,0,never_instantiated,0,,,,,0,0,lineitem,orders,5730378,0,never_instantiated,0,,,,,0,0,,,,,,,,,,,,,,,,,,,,,,,,,,,,,,,,,,,,,,,,,,,,,,,,,,,,,,,,,,,,,,,,,,,,,,,,
Q11,1,7,1,1.23,,nation,1,0,never_instantiated,0,,,,,0,0,partsupp,supplier,1000000,0,never_instantiated,0,,,,,0,0,,nation,1,0,never_instantiated,0,,,,,0,0,partsupp,supplier,1000000,0,never_instantiated,0,,,,,0,0,,,,,,,,,,,,,,,,,,,,,,,,,,,,,,,,,,,,,,,,,,,,,,,,,,,,,,,,,,,,
Q12,1,7,1,3.59,orders,lineitem,3115341,0,never_instantiated,0,,,,,0,0,,,,,,,,,,,,,,,,,,,,,,,,,,,,,,,,,,,,,,,,,,,,,,,,,,,,,,,,,,,,,,,,,,,,,,,,,,,,,,,,,,,,,,,,,,,,,,,,
Q13,1,7,1,8.61,orders,customer,15000000,0,never_instantiated,0,,,,,0,0,,,,,,,,,,,,,,,,,,,,,,,,,,,,,,,,,,,,,,,,,,,,,,,,,,,,,,,,,,,,,,,,,,,,,,,,,,,,,,,,,,,,,,,,,,,,,,,,
Q14,1,7,1,4.82,lineitem,part,20000000,0,never_instantiated,0,,,,,0,0,,,,,,,,,,,,,,,,,,,,,,,,,,,,,,,,,,,,,,,,,,,,,,,,,,,,,,,,,,,,,,,,,,,,,,,,,,,,,,,,,,,,,,,,,,,,,,,,
Q15,1,7,1,2.67,,,1,0,never_instantiated,0,,,,,0,0,supplier,,1000000,0,never_instantiated,0,,,,,0,0,,,,,,,,,,,,,,,,,,,,,,,,,,,,,,,,,,,,,,,,,,,,,,,,,,,,,,,,,,,,,,,,,,,,,,,,,,,,,,,,,,,,
Q16,1,7,1,2.26,,supplier,479,0,never_instantiated,0,,,,,0,0,partsupp,,2971749,0,never_instantiated,0,,,,,0,0,part,,8,0,never_instantiated,0,,,,,0,0,,,,,,,,,,,,,,,,,,,,,,,,,,,,,,,,,,,,,,,,,,,,,,,,,,,,,,,,,,,,,,,,,,,,,,,,
Q17,1,7,1,7.18,lineitem,part,20031,0,never_instantiated,0,,,,,0,0,,,600982,0,never_instantiated,0,,,,,0,0,lineitem,,20031,0,never_instantiated,0,,,,,0,0,,,,,,,,,,,,,,,,,,,,,,,,,,,,,,,,,,,,,,,,,,,,,,,,,,,,,,,,,,,,,,,,,,,,,,,,
Q18,1,7,1,23.16,,lineitem,6398,0,never_instantiated,0,,,,,0,0,,customer,14999999,0,never_instantiated,0,,,,,0,0,lineitem,orders,150000000,0,never_instantiated,0,,,,,0,0,,,,,,,,,,,,,,,,,,,,,,,,,,,,,,,,,,,,,,,,,,,,,,,,,,,,,,,,,,,,,,,,,,,,,,,,
Q19,1,7,1,6.46,lineitem,part,20000000,0,never_instantiated,0,,,,,0,0,,,,,,,,,,,,,,,,,,,,,,,,,,,,,,,,,,,,,,,,,,,,,,,,,,,,,,,,,,,,,,,,,,,,,,,,,,,,,,,,,,,,,,,,,,,,,,,,
Q20,1,7,1,5.13,,,40207,0,never_instantiated,0,,,,,0,0,partsupp,part,217222,0,never_instantiated,0,,,,,0,0,,,868888,0,never_instantiated,0,,,,,0,0,lineitem,,868888,0,never_instantiated,0,,,,,0,0,supplier,nation,1,0,never_instantiated,0,,,,,0,0,,,,,,,,,,,,,,,,,,,,,,,,,,,,,,,,,,,,,,,,,,,,,,,,
Q21,1,7,1,19.16,,nation,1,0,never_instantiated,0,,,,,0,0,,orders,73072502,0,never_instantiated,0,,,,,0,0,lineitem,supplier,1000000,0,never_instantiated,0,,,,,0,0,,,7313671,0,never_instantiated,0,,,,,0,0,lineitem,,7313658,0,never_instantiated,0,,,,,0,0,,,7048027,0,never_instantiated,0,,,,,0,0,lineitem,,7048014,0,never_instantiated,0,,,,,0,0,,,,,,,,,,,,,,,,,,,,,,,,
Q22,1,7,1,2.56,,,1909668,0,never_instantiated,0,,,,,0,0,orders,,1909668,0,never_instantiated,0,,,,,0,0,,,,,,,,,,,,,,,,,,,,,,,,,,,,,,,,,,,,,,,,,,,,,,,,,,,,,,,,,,,,,,,,,,,,,,,,,,,,,,,,,,,,
Q01,1,8,1,4.51,,,,,,,,,,,,,,,,,,,,,,,,,,,,,,,,,,,,,,,,,,,,,,,,,,,,,,,,,,,,,,,,,,,,,,,,,,,,,,,,,,,,,,,,,,,,,,,,,,,,,,,,,,,,
Q02,1,8,1,1.44,,region,1,0,never_instantiated,0,,,,,0,0,,nation,25,0,never_instantiated,0,,,,,0,0,,supplier,1000000,0,never_instantiated,0,,,,,0,0,partsupp,part,79591,0,never_instantiated,0,,,,,0,0,,,63825,0,never_instantiated,0,,,,,0,0,,,47107,0,never_instantiated,0,,,,,0,0,,region,1,0,never_instantiated,0,,,,,0,0,partsupp,,1000000,0,never_instantiated,0,,,,,0,0,supplier,nation,25,0,never_instantiated,0,,,,,0,0
Q03,1,8,1,7.28,,customer,3000188,0,never_instantiated,0,,,,,0,0,lineitem,orders,72874383,0,never_instantiated,0,,,,,0,0,,,,,,,,,,,,,,,,,,,,,,,,,,,,,,,,,,,,,,,,,,,,,,,,,,,,,,,,,,,,,,,,,,,,,,,,,,,,,,,,,,,,
Q04,1,8,1,4.72,,,5733776,0,never_instantiated,0,,,,,0,0,lineitem,,5733776,0,never_instantiated,0,,,,,0,0,,,,,,,,,,,,,,,,,,,,,,,,,,,,,,,,,,,,,,,,,,,,,,,,,,,,,,,,,,,,,,,,,,,,,,,,,,,,,,,,,,,,
Q05,1,8,1,10.45,,region,1,0,never_instantiated,0,,,,,0,0,,nation,25,0,never_instantiated,0,,,,,0,0,,customer,14999999,0,never_instantiated,0,,,,,0,0,,supplier,1000000,0,never_instantiated,0,,,,,0,0,lineitem,orders,22760819,0,never_instantiated,0,,,,,0,0,,,,,,,,,,,,,,,,,,,,,,,,,,,,,,,,,,,,,,,,,,,,,,,,
Q06,1,8,1,1.75,,,,,,,,,,,,,,,,,,,,,,,,,,,,,,,,,,,,,,,,,,,,,,,,,,,,,,,,,,,,,,,,,,,,,,,,,,,,,,,,,,,,,,,,,,,,,,,,,,,,,,,,,,,,
Q07,1,8,1,11.69,,nation,2,0,never_instantiated,0,,,,,0,0,,customer,14999999,0,never_instantiated,0,,,,,0,0,,nation,2,0,never_instantiated,0,,,,,0,0,,supplier,1000000,0,never_instantiated,0,,,,,0,0,lineitem,orders,150000000,0,never_instantiated,0,,,,,0,0,,,,,,,,,,,,,,,,,,,,,,,,,,,,,,,,,,,,,,,,,,,,,,,,
Q08,1,8,1,13.53,,region,1,0,never_instantiated,0,,,,,0,0,,nation,25,0,never_instantiated,0,,,,,0,0,customer,,1222092,0,never_instantiated,0,,,,,0,0,,part,134258,0,never_instantiated,0,,,,,0,0,,nation,25,0,never_instantiated,0,,,,,0,0,,orders,45574624,0,never_instantiated,0,,,,,0,0,lineitem,supplier,1000000,0,never_instantiated,0,,,,,0,0,,,,,,,,,,,,,,,,,,,,,,,,
Q09,1,8,1,31.05,,nation,25,0,never_instantiated,0,,,,,0,0,,supplier,1000000,0,never_instantiated,0,,,,,0,0,,part,1087982,0,never_instantiated,0,,,,,0,0,,partsupp,80000000,0,never_instantiated,0,,,,,0,0,lineitem,orders,150000000,0,never_instantiated,0,,,,,0,0,,,,,,,,,,,,,,,,,,,,,,,,,,,,,,,,,,,,,,,,,,,,,,,,
Q10,1,8,1,6.76,,nation,25,0,never_instantiated,0,,,,,0,0,customer,,11463171,0,never_instantiated,0,,,,,0,0,lineitem,orders,5730378,0,never_instantiated,0,,,,,0,0,,,,,,,,,,,,,,,,,,,,,,,,,,,,,,,,,,,,,,,,,,,,,,,,,,,,,,,,,,,,,,,,,,,,,,,,
Q11,1,8,1,0.82,partsupp,,40045,0,never_instantiated,0,,,,,0,0,supplier,nation,1,0,never_instantiated,0,,,,,0,0,partsupp,,40045,0,never_instantiated,0,,,,,0,0,supplier,nation,1,0,never_instantiated,0,,,,,0,0,,,,,,,,,,,,,,,,,,,,,,,,,,,,,,,,,,,,,,,,,,,,,,,,,,,,,,,,,,,,
Q12,1,8,1,3.59,orders,lineitem,3115341,0,never_instantiated,0,,,,,0,0,,,,,,,,,,,,,,,,,,,,,,,,,,,,,,,,,,,,,,,,,,,,,,,,,,,,,,,,,,,,,,,,,,,,,,,,,,,,,,,,,,,,,,,,,,,,,,,,
Q13,1,8,1,8.61,orders,customer,15000000,0,never_instantiated,0,,,,,0,0,,,,,,,,,,,,,,,,,,,,,,,,,,,,,,,,,,,,,,,,,,,,,,,,,,,,,,,,,,,,,,,,,,,,,,,,,,,,,,,,,,,,,,,,,,,,,,,,
Q14,1,8,1,4.92,lineitem,part,20000000,0,never_instantiated,0,,,,,0,0,,,,,,,,,,,,,,,,,,,,,,,,,,,,,,,,,,,,,,,,,,,,,,,,,,,,,,,,,,,,,,,,,,,,,,,,,,,,,,,,,,,,,,,,,,,,,,,,
Q15,1,8,1,2.67,,,1,0,never_instantiated,0,,,,,0,0,supplier,,1000000,0,never_instantiated,0,,,,,0,0,,,,,,,,,,,,,,,,,,,,,,,,,,,,,,,,,,,,,,,,,,,,,,,,,,,,,,,,,,,,,,,,,,,,,,,,,,,,,,,,,,,,
Q16,1,8,1,2.26,,supplier,479,0,never_instantiated,0,,,,,0,0,partsupp,,2971749,0,never_instantiated,0,,,,,0,0,part,,8,0,never_instantiated,0,,,,,0,0,,,,,,,,,,,,,,,,,,,,,,,,,,,,,,,,,,,,,,,,,,,,,,,,,,,,,,,,,,,,,,,,,,,,,,,,
Q17,1,8,1,7.38,lineitem,part,20031,0,never_instantiated,0,,,,,0,0,,,600982,0,never_instantiated,0,,,,,0,0,lineitem,,20031,0,never_instantiated,0,,,,,0,0,,,,,,,,,,,,,,,,,,,,,,,,,,,,,,,,,,,,,,,,,,,,,,,,,,,,,,,,,,,,,,,,,,,,,,,,
Q18,1,8,1,23.06,,lineitem,6398,0,never_instantiated,0,,,,,0,0,,customer,14999999,0,never_instantiated,0,,,,,0,0,lineitem,orders,150000000,0,never_instantiated,0,,,,,0,0,,,,,,,,,,,,,,,,,,,,,,,,,,,,,,,,,,,,,,,,,,,,,,,,,,,,,,,,,,,,,,,,,,,,,,,,
Q19,1,8,1,6.46,lineitem,part,20000000,0,never_instantiated,0,,,,,0,0,,,,,,,,,,,,,,,,,,,,,,,,,,,,,,,,,,,,,,,,,,,,,,,,,,,,,,,,,,,,,,,,,,,,,,,,,,,,,,,,,,,,,,,,,,,,,,,,
Q20,1,8,1,5.13,,,40207,0,never_instantiated,0,,,,,0,0,partsupp,part,217222,0,never_instantiated,0,,,,,0,0,,,868888,0,never_instantiated,0,,,,,0,0,lineitem,,868888,0,never_instantiated,0,,,,,0,0,supplier,nation,1,0,never_instantiated,0,,,,,0,0,,,,,,,,,,,,,,,,,,,,,,,,,,,,,,,,,,,,,,,,,,,,,,,,
Q21,1,8,1,18.55,,nation,1,0,never_instantiated,0,,,,,0,0,,supplier,1000000,0,never_instantiated,0,,,,,0,0,lineitem,orders,73072502,0,never_instantiated,0,,,,,0,0,,,7313671,0,never_instantiated,0,,,,,0,0,lineitem,,7313658,0,never_instantiated,0,,,,,0,0,,,7048027,0,never_instantiated,0,,,,,0,0,lineitem,,7048014,0,never_instantiated,0,,,,,0,0,,,,,,,,,,,,,,,,,,,,,,,,
Q22,1,8,1,2.56,,,1909668,0,never_instantiated,0,,,,,0,0,orders,,1909668,0,never_instantiated,0,,,,,0,0,,,,,,,,,,,,,,,,,,,,,,,,,,,,,,,,,,,,,,,,,,,,,,,,,,,,,,,,,,,,,,,,,,,,,,,,,,,,,,,,,,,,
Q01,1,9,1,4.51,,,,,,,,,,,,,,,,,,,,,,,,,,,,,,,,,,,,,,,,,,,,,,,,,,,,,,,,,,,,,,,,,,,,,,,,,,,,,,,,,,,,,,,,,,,,,,,,,,,,,,,,,,,,
Q02,1,9,1,1.64,,region,1,0,never_instantiated,0,,,,,0,0,,part,79591,0,never_instantiated,0,,,,,0,0,,nation,25,0,never_instantiated,0,,,,,0,0,partsupp,supplier,1000000,0,never_instantiated,0,,,,,0,0,,,63825,0,never_instantiated,0,,,,,0,0,,,47107,0,never_instantiated,0,,,,,0,0,partsupp,,200535,0,never_instantiated,0,,,,,0,0,,region,1,0,never_instantiated,0,,,,,0,0,supplier,nation,25,0,never_instantiated,0,,,,,0,0
Q03,1,9,1,7.28,,customer,3000188,0,never_instantiated,0,,,,,0,0,lineitem,orders,72874383,0,never_instantiated,0,,,,,0,0,,,,,,,,,,,,,,,,,,,,,,,,,,,,,,,,,,,,,,,,,,,,,,,,,,,,,,,,,,,,,,,,,,,,,,,,,,,,,,,,,,,,
Q04,1,9,1,4.82,,,5733776,0,never_instantiated,0,,,,,0,0,lineitem,,5733776,0,never_instantiated,0,,,,,0,0,,,,,,,,,,,,,,,,,,,,,,,,,,,,,,,,,,,,,,,,,,,,,,,,,,,,,,,,,,,,,,,,,,,,,,,,,,,,,,,,,,,,
Q05,1,9,1,10.96,,region,1,0,never_instantiated,0,,,,,0,0,,nation,25,0,never_instantiated,0,,,,,0,0,,customer,14999999,0,never_instantiated,0,,,,,0,0,,orders,22760819,0,never_instantiated,0,,,,,0,0,lineitem,supplier,1000000,0,never_instantiated,0,,,,,0,0,,,,,,,,,,,,,,,,,,,,,,,,,,,,,,,,,,,,,,,,,,,,,,,,
Q06,1,9,1,1.75,,,,,,,,,,,,,,,,,,,,,,,,,,,,,,,,,,,,,,,,,,,,,,,,,,,,,,,,,,,,,,,,,,,,,,,,,,,,,,,,,,,,,,,,,,,,,,,,,,,,,,,,,,,,
Q07,1,9,1,7.89,,nation,2,0,never_instantiated,0,,,,,0,0,,customer,14999999,0,never_instantiated,0,,,,,0,0,orders,,14619080,0,never_instantiated,0,,,,,0,0,,nation,2,0,never_instantiated,0,,,,,0,0,lineitem,supplier,1000000,0,never_instantiated,0,,,,,0,0,,,,,,,,,,,,,,,,,,,,,,,,,,,,,,,,,,,,,,,,,,,,,,,,
Q08,1,9,1,13.32,,region,1,0,never_instantiated,0,,,,,0,0,,nation,25,0,never_instantiated,0,,,,,0,0,customer,,1222092,0,never_instantiated,0,,,,,0,0,,part,134258,0,never_instantiated,0,,,,,0,0,,nation,25,0,never_instantiated,0,,,,,0,0,,supplier,1000000,0,never_instantiated,0,,,,,0,0,lineitem,orders,45574624,0,never_instantiated,0,,,,,0,0,,,,,,,,,,,,,,,,,,,,,,,,
Q09,1,9,1,18.65,,nation,25,0,never_instantiated,0,,,,,0,0,,partsupp,80000000,0,never_instantiated,0,,,,,0,0,,orders,150000000,0,never_instantiated,0,,,,,0,0,,supplier,1000000,0,never_instantiated,0,,,,,0,0,lineitem,part,1087982,0,never_instantiated,0,,,,,0,0,,,,,,,,,,,,,,,,,,,,,,,,,,,,,,,,,,,,,,,,,,,,,,,,
Q10,1,9,1,6.77,,nation,25,0,never_instantiated,0,,,,,0,0,customer,,11463171,0,never_instantiated,0,,,,,0,0,lineitem,orders,5730378,0,never_instantiated,0,,,,,0,0,,,,,,,,,,,,,,,,,,,,,,,,,,,,,,,,,,,,,,,,,,,,,,,,,,,,,,,,,,,,,,,,,,,,,,,,
Q11,1,9,1,1.03,,nation,1,0,never_instantiated,0,,,,,0,0,partsupp,supplier,1000000,0,never_instantiated,0,,,,,0,0,partsupp,,40045,0,never_instantiated,0,,,,,0,0,supplier,nation,1,0,never_instantiated,0,,,,,0,0,,,,,,,,,,,,,,,,,,,,,,,,,,,,,,,,,,,,,,,,,,,,,,,,,,,,,,,,,,,,
Q12,1,9,1,3.59,orders,lineitem,3115341,0,never_instantiated,0,,,,,0,0,,,,,,,,,,,,,,,,,,,,,,,,,,,,,,,,,,,,,,,,,,,,,,,,,,,,,,,,,,,,,,,,,,,,,,,,,,,,,,,,,,,,,,,,,,,,,,,,
Q13,1,9,1,8.61,orders,customer,15000000,0,never_instantiated,0,,,,,0,0,,,,,,,,,,,,,,,,,,,,,,,,,,,,,,,,,,,,,,,,,,,,,,,,,,,,,,,,,,,,,,,,,,,,,,,,,,,,,,,,,,,,,,,,,,,,,,,,
Q14,1,9,1,4.82,lineitem,part,20000000,0,never_instantiated,0,,,,,0,0,,,,,,,,,,,,,,,,,,,,,,,,,,,,,,,,,,,,,,,,,,,,,,,,,,,,,,,,,,,,,,,,,,,,,,,,,,,,,,,,,,,,,,,,,,,,,,,,
Q15,1,9,1,2.67,,,1,0,never_instantiated,0,,,,,0,0,supplier,,1000000,0,never_instantiated,0,,,,,0,0,,,,,,,,,,,,,,,,,,,,,,,,,,,,,,,,,,,,,,,,,,,,,,,,,,,,,,,,,,,,,,,,,,,,,,,,,,,,,,,,,,,,
Q16,1,9,1,2.26,,supplier,479,0,never_instantiated,0,,,,,0,0,partsupp,,2971749,0,never_instantiated,0,,,,,0,0,part,,8,0,never_instantiated,0,,,,,0,0,,,,,,,,,,,,,,,,,,,,,,,,,,,,,,,,,,,,,,,,,,,,,,,,,,,,,,,,,,,,,,,,,,,,,,,,
Q17,1,9,1,7.17,lineitem,part,20031,0,never_instantiated,0,,,,,0,0,,,600982,0,never_instantiated,0,,,,,0,0,lineitem,,20031,0,never_instantiated,0,,,,,0,0,,,,,,,,,,,,,,,,,,,,,,,,,,,,,,,,,,,,,,,,,,,,,,,,,,,,,,,,,,,,,,,,,,,,,,,,
Q18,1,9,1,22.85,,lineitem,6398,0,never_instantiated,0,,,,,0,0,,customer,14999999,0,never_instantiated,0,,,,,0,0,lineitem,orders,150000000,0,never_instantiated,0,,,,,0,0,,,,,,,,,,,,,,,,,,,,,,,,,,,,,,,,,,,,,,,,,,,,,,,,,,,,,,,,,,,,,,,,,,,,,,,,
Q19,1,9,1,6.46,lineitem,part,20000000,0,never_instantiated,0,,,,,0,0,,,,,,,,,,,,,,,,,,,,,,,,,,,,,,,,,,,,,,,,,,,,,,,,,,,,,,,,,,,,,,,,,,,,,,,,,,,,,,,,,,,,,,,,,,,,,,,,
Q20,1,9,1,5.13,,,40207,0,never_instantiated,0,,,,,0,0,partsupp,part,217222,0,never_instantiated,0,,,,,0,0,,,868888,0,never_instantiated,0,,,,,0,0,lineitem,,868888,0,never_instantiated,0,,,,,0,0,supplier,nation,1,0,never_instantiated,0,,,,,0,0,,,,,,,,,,,,,,,,,,,,,,,,,,,,,,,,,,,,,,,,,,,,,,,,
Q21,1,9,1,16.09,orders,,15146702,0,never_instantiated,0,,,,,0,0,,nation,1,0,never_instantiated,0,,,,,0,0,lineitem,supplier,1000000,0,never_instantiated,0,,,,,0,0,,,7313671,0,never_instantiated,0,,,,,0,0,lineitem,,7313658,0,never_instantiated,0,,,,,0,0,,,7048027,0,never_instantiated,0,,,,,0,0,lineitem,,7048014,0,never_instantiated,0,,,,,0,0,,,,,,,,,,,,,,,,,,,,,,,,
Q22,1,9,1,2.56,,,1909668,0,never_instantiated,0,,,,,0,0,orders,,1909668,0,never_instantiated,0,,,,,0,0,,,,,,,,,,,,,,,,,,,,,,,,,,,,,,,,,,,,,,,,,,,,,,,,,,,,,,,,,,,,,,,,,,,,,,,,,,,,,,,,,,,,
Q01,1,10,1,4.61,,,,,,,,,,,,,,,,,,,,,,,,,,,,,,,,,,,,,,,,,,,,,,,,,,,,,,,,,,,,,,,,,,,,,,,,,,,,,,,,,,,,,,,,,,,,,,,,,,,,,,,,,,,,
Q02,1,10,1,1.44,,region,1,0,never_instantiated,0,,,,,0,0,,nation,25,0,never_instantiated,0,,,,,0,0,,supplier,1000000,0,never_instantiated,0,,,,,0,0,partsupp,part,79591,0,never_instantiated,0,,,,,0,0,,,63825,0,never_instantiated,0,,,,,0,0,,,47107,0,never_instantiated,0,,,,,0,0,,region,1,0,never_instantiated,0,,,,,0,0,partsupp,,1000000,0,never_instantiated,0,,,,,0,0,supplier,nation,25,0,never_instantiated,0,,,,,0,0
Q03,1,10,1,7.38,,customer,3000188,0,never_instantiated,0,,,,,0,0,lineitem,orders,72874383,0,never_instantiated,0,,,,,0,0,,,,,,,,,,,,,,,,,,,,,,,,,,,,,,,,,,,,,,,,,,,,,,,,,,,,,,,,,,,,,,,,,,,,,,,,,,,,,,,,,,,,
Q04,1,10,1,4.82,,,5733776,0,never_instantiated,0,,,,,0,0,lineitem,,5733776,0,never_instantiated,0,,,,,0,0,,,,,,,,,,,,,,,,,,,,,,,,,,,,,,,,,,,,,,,,,,,,,,,,,,,,,,,,,,,,,,,,,,,,,,,,,,,,,,,,,,,,
Q05,1,10,1,10.46,,region,1,0,never_instantiated,0,,,,,0,0,,nation,25,0,never_instantiated,0,,,,,0,0,,customer,14999999,0,never_instantiated,0,,,,,0,0,,supplier,1000000,0,never_instantiated,0,,,,,0,0,lineitem,orders,22760819,0,never_instantiated,0,,,,,0,0,,,,,,,,,,,,,,,,,,,,,,,,,,,,,,,,,,,,,,,,,,,,,,,,
Q06,1,10,1,1.75,,,,,,,,,,,,,,,,,,,,,,,,,,,,,,,,,,,,,,,,,,,,,,,,,,,,,,,,,,,,,,,,,,,,,,,,,,,,,,,,,,,,,,,,,,,,,,,,,,,,,,,,,,,,
Q07,1,10,1,11.58,,nation,2,0,never_instantiated,0,,,,,0,0,,customer,14999999,0,never_instantiated,0,,,,,0,0,,nation,2,0,never_instantiated,0,,,,,0,0,,supplier,1000000,0,never_instantiated,0,,,,,0,0,lineitem,orders,150000000,0,never_instantiated,0,,,,,0,0,,,,,,,,,,,,,,,,,,,,,,,,,,,,,,,,,,,,,,,,,,,,,,,,
Q08,1,10,1,6.87,,region,1,0,never_instantiated,0,,,,,0,0,,nation,25,0,never_instantiated,0,,,,,0,0,customer,,1222092,0,never_instantiated,0,,,,,0,0,orders,,4025859,0,never_instantiated,0,,,,,0,0,,nation,25,0,never_instantiated,0,,,,,0,0,,supplier,1000000,0,never_instantiated,0,,,,,0,0,lineitem,part,134258,0,never_instantiated,0,,,,,0,0,,,,,,,,,,,,,,,,,,,,,,,,
Q09,1,10,1,32.29,,nation,25,0,never_instantiated,0,,,,,0,0,,part,1087982,0,never_instantiated,0,,,,,0,0,,orders,150000000,0,never_instantiated,0,,,,,0,0,,supplier,1000000,0,never_instantiated,0,,,,,0,0,lineitem,partsupp,80000000,0,never_instantiated,0,,,,,0,0,,,,,,,,,,,,,,,,,,,,,,,,,,,,,,,,,,,,,,,,,,,,,,,,
Q10,1,10,1,6.76,,nation,25,0,never_instantiated,0,,,,,0,0,customer,,11463171,0,never_instantiated,0,,,,,0,0,lineitem,orders,5730378,0,never_instantiated,0,,,,,0,0,,,,,,,,,,,,,,,,,,,,,,,,,,,,,,,,,,,,,,,,,,,,,,,,,,,,,,,,,,,,,,,,,,,,,,,,
Q11,1,10,1,0.93,partsupp,,40045,0,never_instantiated,0,,,,,0,0,supplier,nation,1,0,never_instantiated,0,,,,,0,0,partsupp,,40045,0,never_instantiated,0,,,,,0,0,supplier,nation,1,0,never_instantiated,0,,,,,0,0,,,,,,,,,,,,,,,,,,,,,,,,,,,,,,,,,,,,,,,,,,,,,,,,,,,,,,,,,,,,
Q12,1,10,1,3.59,orders,lineitem,3115341,0,never_instantiated,0,,,,,0,0,,,,,,,,,,,,,,,,,,,,,,,,,,,,,,,,,,,,,,,,,,,,,,,,,,,,,,,,,,,,,,,,,,,,,,,,,,,,,,,,,,,,,,,,,,,,,,,,
Q13,1,10,1,8.61,orders,customer,15000000,0,never_instantiated,0,,,,,0,0,,,,,,,,,,,,,,,,,,,,,,,,,,,,,,,,,,,,,,,,,,,,,,,,,,,,,,,,,,,,,,,,,,,,,,,,,,,,,,,,,,,,,,,,,,,,,,,,
Q14,1,10,1,4.82,lineitem,part,20000000,0,never_instantiated,0,,,,,0,0,,,,,,,,,,,,,,,,,,,,,,,,,,,,,,,,,,,,,,,,,,,,,,,,,,,,,,,,,,,,,,,,,,,,,,,,,,,,,,,,,,,,,,,,,,,,,,,,
Q15,1,10,1,2.67,,,1,0,never_instantiated,0,,,,,0,0,supplier,,1000000,0,never_instantiated,0,,,,,0,0,,,,,,,,,,,,,,,,,,,,,,,,,,,,,,,,,,,,,,,,,,,,,,,,,,,,,,,,,,,,,,,,,,,,,,,,,,,,,,,,,,,,
Q16,1,10,1,2.26,,supplier,479,0,never_instantiated,0,,,,,0,0,partsupp,,2971749,0,never_instantiated,0,,,,,0,0,part,,8,0,never_instantiated,0,,,,,0,0,,,,,,,,,,,,,,,,,,,,,,,,,,,,,,,,,,,,,,,,,,,,,,,,,,,,,,,,,,,,,,,,,,,,,,,,
Q17,1,10,1,7.28,lineitem,part,20031,0,never_instantiated,0,,,,,0,0,,,600982,0,never_instantiated,0,,,,,0,0,lineitem,,20031,0,never_instantiated,0,,,,,0,0,,,,,,,,,,,,,,,,,,,,,,,,,,,,,,,,,,,,,,,,,,,,,,,,,,,,,,,,,,,,,,,,,,,,,,,,
Q18,1,10,1,22.75,,lineitem,6398,0,never_instantiated,0,,,,,0,0,,customer,14999999,0,never_instantiated,0,,,,,0,0,lineitem,orders,150000000,0,never_instantiated,0,,,,,0,0,,,,,,,,,,,,,,,,,,,,,,,,,,,,,,,,,,,,,,,,,,,,,,,,,,,,,,,,,,,,,,,,,,,,,,,,
Q19,1,10,1,6.46,lineitem,part,20000000,0,never_instantiated,0,,,,,0,0,,,,,,,,,,,,,,,,,,,,,,,,,,,,,,,,,,,,,,,,,,,,,,,,,,,,,,,,,,,,,,,,,,,,,,,,,,,,,,,,,,,,,,,,,,,,,,,,
Q20,1,10,1,5.13,,,40207,0,never_instantiated,0,,,,,0,0,partsupp,part,217222,0,never_instantiated,0,,,,,0,0,,,868888,0,never_instantiated,0,,,,,0,0,lineitem,,868888,0,never_instantiated,0,,,,,0,0,supplier,nation,1,0,never_instantiated,0,,,,,0,0,,,,,,,,,,,,,,,,,,,,,,,,,,,,,,,,,,,,,,,,,,,,,,,,
Q21,1,10,1,18.76,,nation,1,0,never_instantiated,0,,,,,0,0,,supplier,1000000,0,never_instantiated,0,,,,,0,0,lineitem,orders,73072502,0,never_instantiated,0,,,,,0,0,,,7313671,0,never_instantiated,0,,,,,0,0,lineitem,,7313658,0,never_instantiated,0,,,,,0,0,,,7048027,0,never_instantiated,0,,,,,0,0,lineitem,,7048014,0,never_instantiated,0,,,,,0,0,,,,,,,,,,,,,,,,,,,,,,,,
Q22,1,10,1,2.57,,,1909668,0,never_instantiated,0,,,,,0,0,orders,,1909668,0,never_instantiated,0,,,,,0,0,,,,,,,,,,,,,,,,,,,,,,,,,,,,,,,,,,,,,,,,,,,,,,,,,,,,,,,,,,,,,,,,,,,,,,,,,,,,,,,,,,,,
Q01,1,11,1,4.61,,,,,,,,,,,,,,,,,,,,,,,,,,,,,,,,,,,,,,,,,,,,,,,,,,,,,,,,,,,,,,,,,,,,,,,,,,,,,,,,,,,,,,,,,,,,,,,,,,,,,,,,,,,,
Q02,1,11,1,1.74,,region,1,0,never_instantiated,0,,,,,0,0,,nation,25,0,never_instantiated,0,,,,,0,0,,part,79591,0,never_instantiated,0,,,,,0,0,partsupp,supplier,1000000,0,never_instantiated,0,,,,,0,0,,,63825,0,never_instantiated,0,,,,,0,0,,,47107,0,never_instantiated,0,,,,,0,0,,region,1,0,never_instantiated,0,,,,,0,0,,nation,25,0,never_instantiated,0,,,,,0,0,partsupp,supplier,1000000,0,never_instantiated,0,,,,,0,0
Q03,1,11,1,7.28,,customer,3000188,0,never_instantiated,0,,,,,0,0,lineitem,orders,72874383,0,never_instantiated,0,,,,,0,0,,,,,,,,,,,,,,,,,,,,,,,,,,,,,,,,,,,,,,,,,,,,,,,,,,,,,,,,,,,,,,,,,,,,,,,,,,,,,,,,,,,,
Q04,1,11,1,4.82,,,5733776,0,never_instantiated,0,,,,,0,0,lineitem,,5733776,0,never_instantiated,0,,,,,0,0,,,,,,,,,,,,,,,,,,,,,,,,,,,,,,,,,,,,,,,,,,,,,,,,,,,,,,,,,,,,,,,,,,,,,,,,,,,,,,,,,,,,
Q05,1,11,1,11.48,,customer,14999999,0,never_instantiated,0,,,,,0,0,,region,1,0,never_instantiated,0,,,,,0,0,,nation,25,0,never_instantiated,0,,,,,0,0,,orders,22760819,0,never_instantiated,0,,,,,0,0,lineitem,supplier,1000000,0,never_instantiated,0,,,,,0,0,,,,,,,,,,,,,,,,,,,,,,,,,,,,,,,,,,,,,,,,,,,,,,,,
Q06,1,11,1,1.75,,,,,,,,,,,,,,,,,,,,,,,,,,,,,,,,,,,,,,,,,,,,,,,,,,,,,,,,,,,,,,,,,,,,,,,,,,,,,,,,,,,,,,,,,,,,,,,,,,,,,,,,,,,,
Q07,1,11,1,14.04,,nation,2,0,never_instantiated,0,,,,,0,0,,nation,2,0,never_instantiated,0,,,,,0,0,,customer,14999999,0,never_instantiated,0,,,,,0,0,orders,,182301190,0,never_instantiated,0,,,,,0,0,lineitem,supplier,1000000,0,never_instantiated,0,,,,,0,0,,,,,,,,,,,,,,,,,,,,,,,,,,,,,,,,,,,,,,,,,,,,,,,,
Q08,1,11,1,8.30,,region,1,0,never_instantiated,0,,,,,0,0,,nation,25,0,never_instantiated,0,,,,,0,0,customer,,1222092,0,never_instantiated,0,,,,,0,0,,nation,25,0,never_instantiated,0,,,,,0,0,orders,,4025859,0,never_instantiated,0,,,,,0,0,,part,134258,0,never_instantiated,0,,,,,0,0,lineitem,supplier,1000000,0,never_instantiated,0,,,,,0,0,,,,,,,,,,,,,,,,,,,,,,,,
Q09,1,11,1,29.93,,orders,150000000,0,never_instantiated,0,,,,,0,0,,part,1087982,0,never_instantiated,0,,,,,0,0,,nation,25,0,never_instantiated,0,,,,,0,0,,partsupp,80000000,0,never_instantiated,0,,,,,0,0,lineitem,supplier,1000000,0,never_instantiated,0,,,,,0,0,,,,,,,,,,,,,,,,,,,,,,,,,,,,,,,,,,,,,,,,,,,,,,,,
Q10,1,11,1,6.87,,nation,25,0,never_instantiated,0,,,,,0,0,customer,,11463171,0,never_instantiated,0,,,,,0,0,lineitem,orders,5730378,0,never_instantiated,0,,,,,0,0,,,,,,,,,,,,,,,,,,,,,,,,,,,,,,,,,,,,,,,,,,,,,,,,,,,,,,,,,,,,,,,,,,,,,,,,
Q11,1,11,1,1.23,,nation,1,0,never_instantiated,0,,,,,0,0,partsupp,supplier,1000000,0,never_instantiated,0,,,,,0,0,,nation,1,0,never_instantiated,0,,,,,0,0,partsupp,supplier,1000000,0,never_instantiated,0,,,,,0,0,,,,,,,,,,,,,,,,,,,,,,,,,,,,,,,,,,,,,,,,,,,,,,,,,,,,,,,,,,,,
Q12,1,11,1,3.59,orders,lineitem,3115341,0,never_instantiated,0,,,,,0,0,,,,,,,,,,,,,,,,,,,,,,,,,,,,,,,,,,,,,,,,,,,,,,,,,,,,,,,,,,,,,,,,,,,,,,,,,,,,,,,,,,,,,,,,,,,,,,,,
Q13,1,11,1,8.61,orders,customer,15000000,0,never_instantiated,0,,,,,0,0,,,,,,,,,,,,,,,,,,,,,,,,,,,,,,,,,,,,,,,,,,,,,,,,,,,,,,,,,,,,,,,,,,,,,,,,,,,,,,,,,,,,,,,,,,,,,,,,
Q14,1,11,1,4.82,lineitem,part,20000000,0,never_instantiated,0,,,,,0,0,,,,,,,,,,,,,,,,,,,,,,,,,,,,,,,,,,,,,,,,,,,,,,,,,,,,,,,,,,,,,,,,,,,,,,,,,,,,,,,,,,,,,,,,,,,,,,,,
Q15,1,11,1,2.67,,,1,0,never_instantiated,0,,,,,0,0,supplier,,1000000,0,never_instantiated,0,,,,,0,0,,,,,,,,,,,,,,,,,,,,,,,,,,,,,,,,,,,,,,,,,,,,,,,,,,,,,,,,,,,,,,,,,,,,,,,,,,,,,,,,,,,,
Q16,1,11,1,2.26,,supplier,479,0,never_instantiated,0,,,,,0,0,partsupp,,2971749,0,never_instantiated,0,,,,,0,0,part,,8,0,never_instantiated,0,,,,,0,0,,,,,,,,,,,,,,,,,,,,,,,,,,,,,,,,,,,,,,,,,,,,,,,,,,,,,,,,,,,,,,,,,,,,,,,,
Q17,1,11,1,7.17,lineitem,part,20031,0,never_instantiated,0,,,,,0,0,,,600982,0,never_instantiated,0,,,,,0,0,lineitem,,20031,0,never_instantiated,0,,,,,0,0,,,,,,,,,,,,,,,,,,,,,,,,,,,,,,,,,,,,,,,,,,,,,,,,,,,,,,,,,,,,,,,,,,,,,,,,
Q18,1,11,1,23.06,,lineitem,6398,0,never_instantiated,0,,,,,0,0,,customer,14999999,0,never_instantiated,0,,,,,0,0,lineitem,orders,150000000,0,never_instantiated,0,,,,,0,0,,,,,,,,,,,,,,,,,,,,,,,,,,,,,,,,,,,,,,,,,,,,,,,,,,,,,,,,,,,,,,,,,,,,,,,,
Q19,1,11,1,6.46,lineitem,part,20000000,0,never_instantiated,0,,,,,0,0,,,,,,,,,,,,,,,,,,,,,,,,,,,,,,,,,,,,,,,,,,,,,,,,,,,,,,,,,,,,,,,,,,,,,,,,,,,,,,,,,,,,,,,,,,,,,,,,
Q20,1,11,1,5.13,,,40207,0,never_instantiated,0,,,,,0,0,partsupp,part,217222,0,never_instantiated,0,,,,,0,0,,,868888,0,never_instantiated,0,,,,,0,0,lineitem,,868888,0,never_instantiated,0,,,,,0,0,supplier,nation,1,0,never_instantiated,0,,,,,0,0,,,,,,,,,,,,,,,,,,,,,,,,,,,,,,,,,,,,,,,,,,,,,,,,
Q21,1,11,1,19.16,,nation,1,0,never_instantiated,0,,,,,0,0,,orders,73072502,0,never_instantiated,0,,,,,0,0,lineitem,supplier,1000000,0,never_instantiated,0,,,,,0,0,,,7313671,0,never_instantiated,0,,,,,0,0,lineitem,,7313658,0,never_instantiated,0,,,,,0,0,,,7048027,0,never_instantiated,0,,,,,0,0,lineitem,,7048014,0,never_instantiated,0,,,,,0,0,,,,,,,,,,,,,,,,,,,,,,,,
Q22,1,11,1,2.56,,,1909668,0,never_instantiated,0,,,,,0,0,orders,,1909668,0,never_instantiated,0,,,,,0,0,,,,,,,,,,,,,,,,,,,,,,,,,,,,,,,,,,,,,,,,,,,,,,,,,,,,,,,,,,,,,,,,,,,,,,,,,,,,,,,,,,,,
Q01,1,12,1,4.51,,,,,,,,,,,,,,,,,,,,,,,,,,,,,,,,,,,,,,,,,,,,,,,,,,,,,,,,,,,,,,,,,,,,,,,,,,,,,,,,,,,,,,,,,,,,,,,,,,,,,,,,,,,,
Q02,1,12,1,1.23,,region,1,0,never_instantiated,0,,,,,0,0,,nation,25,0,never_instantiated,0,,,,,0,0,,supplier,1000000,0,never_instantiated,0,,,,,0,0,partsupp,part,79591,0,never_instantiated,0,,,,,0,0,,,63825,0,never_instantiated,0,,,,,0,0,,,47107,0,never_instantiated,0,,,,,0,0,partsupp,,200535,0,never_instantiated,0,,,,,0,0,,region,1,0,never_instantiated,0,,,,,0,0,supplier,nation,25,0,never_instantiated,0,,,,,0,0
Q03,1,12,1,7.28,,customer,3000188,0,never_instantiated,0,,,,,0,0,lineitem,orders,72874383,0,never_instantiated,0,,,,,0,0,,,,,,,,,,,,,,,,,,,,,,,,,,,,,,,,,,,,,,,,,,,,,,,,,,,,,,,,,,,,,,,,,,,,,,,,,,,,,,,,,,,,
Q04,1,12,1,4.72,,,5733776,0,never_instantiated,0,,,,,0,0,lineitem,,5733776,0,never_instantiated,0,,,,,0,0,,,,,,,,,,,,,,,,,,,,,,,,,,,,,,,,,,,,,,,,,,,,,,,,,,,,,,,,,,,,,,,,,,,,,,,,,,,,,,,,,,,,
Q05,1,12,1,11.89,,supplier,1000000,0,never_instantiated,0,,,,,0,0,,region,1,0,never_instantiated,0,,,,,0,0,,nation,25,0,never_instantiated,0,,,,,0,0,,customer,14999999,0,never_instantiated,0,,,,,0,0,lineitem,orders,22760819,0,never_instantiated,0,,,,,0,0,,,,,,,,,,,,,,,,,,,,,,,,,,,,,,,,,,,,,,,,,,,,,,,,
Q06,1,12,1,1.75,,,,,,,,,,,,,,,,,,,,,,,,,,,,,,,,,,,,,,,,,,,,,,,,,,,,,,,,,,,,,,,,,,,,,,,,,,,,,,,,,,,,,,,,,,,,,,,,,,,,,,,,,,,,
Q07,1,12,1,13.52,,nation,2,0,never_instantiated,0,,,,,0,0,,supplier,1000000,0,never_instantiated,0,,,,,0,0,,nation,2,0,never_instantiated,0,,,,,0,0,,customer,14999999,0,never_instantiated,0,,,,,0,0,lineitem,orders,150000000,0,never_instantiated,0,,,,,0,0,,,,,,,,,,,,,,,,,,,,,,,,,,,,,,,,,,,,,,,,,,,,,,,,
Q08,1,12,1,18.24,,part,134258,0,never_instantiated,0,,,,,0,0,,region,1,0,never_instantiated,0,,,,,0,0,,nation,25,0,never_instantiated,0,,,,,0,0,,customer,14999999,0,never_instantiated,0,,,,,0,0,,nation,25,0,never_instantiated,0,,,,,0,0,,supplier,1000000,0,never_instantiated,0,,,,,0,0,lineitem,orders,45574624,0,never_instantiated,0,,,,,0,0,,,,,,,,,,,,,,,,,,,,,,,,
Q09,1,12,1,22.75,,partsupp,80000000,0,never_instantiated,0,,,,,0,0,,nation,25,0,never_instantiated,0,,,,,0,0,,part,1087982,0,never_instantiated,0,,,,,0,0,,supplier,1000000,0,never_instantiated,0,,,,,0,0,lineitem,orders,150000000,0,never_instantiated,0,,,,,0,0,,,,,,,,,,,,,,,,,,,,,,,,,,,,,,,,,,,,,,,,,,,,,,,,
Q10,1,12,1,6.87,,nation,25,0,never_instantiated,0,,,,,0,0,customer,,11463171,0,never_instantiated,0,,,,,0,0,lineitem,orders,5730378,0,never_instantiated,0,,,,,0,0,,,,,,,,,,,,,,,,,,,,,,,,,,,,,,,,,,,,,,,,,,,,,,,,,,,,,,,,,,,,,,,,,,,,,,,,
Q11,1,12,1,0.92,partsupp,,40045,0,never_instantiated,0,,,,,0,0,supplier,nation,1,0,never_instantiated,0,,,,,0,0,partsupp,,40045,0,never_instantiated,0,,,,,0,0,supplier,nation,1,0,never_instantiated,0,,,,,0,0,,,,,,,,,,,,,,,,,,,,,,,,,,,,,,,,,,,,,,,,,,,,,,,,,,,,,,,,,,,,
Q12,1,12,1,3.69,orders,lineitem,3115341,0,never_instantiated,0,,,,,0,0,,,,,,,,,,,,,,,,,,,,,,,,,,,,,,,,,,,,,,,,,,,,,,,,,,,,,,,,,,,,,,,,,,,,,,,,,,,,,,,,,,,,,,,,,,,,,,,,
Q13,1,12,1,8.72,orders,customer,15000000,0,never_instantiated,0,,,,,0,0,,,,,,,,,,,,,,,,,,,,,,,,,,,,,,,,,,,,,,,,,,,,,,,,,,,,,,,,,,,,,,,,,,,,,,,,,,,,,,,,,,,,,,,,,,,,,,,,
Q14,1,12,1,4.82,lineitem,part,20000000,0,never_instantiated,0,,,,,0,0,,,,,,,,,,,,,,,,,,,,,,,,,,,,,,,,,,,,,,,,,,,,,,,,,,,,,,,,,,,,,,,,,,,,,,,,,,,,,,,,,,,,,,,,,,,,,,,,
Q15,1,12,1,2.67,,,1,0,never_instantiated,0,,,,,0,0,supplier,,1000000,0,never_instantiated,0,,,,,0,0,,,,,,,,,,,,,,,,,,,,,,,,,,,,,,,,,,,,,,,,,,,,,,,,,,,,,,,,,,,,,,,,,,,,,,,,,,,,,,,,,,,,
Q16,1,12,1,2.26,,supplier,479,0,never_instantiated,0,,,,,0,0,partsupp,,2971749,0,never_instantiated,0,,,,,0,0,part,,8,0,never_instantiated,0,,,,,0,0,,,,,,,,,,,,,,,,,,,,,,,,,,,,,,,,,,,,,,,,,,,,,,,,,,,,,,,,,,,,,,,,,,,,,,,,
Q17,1,12,1,7.17,lineitem,part,20031,0,never_instantiated,0,,,,,0,0,,,600982,0,never_instantiated,0,,,,,0,0,lineitem,,20031,0,never_instantiated,0,,,,,0,0,,,,,,,,,,,,,,,,,,,,,,,,,,,,,,,,,,,,,,,,,,,,,,,,,,,,,,,,,,,,,,,,,,,,,,,,
Q18,1,12,1,22.85,,lineitem,6398,0,never_instantiated,0,,,,,0,0,,customer,14999999,0,never_instantiated,0,,,,,0,0,lineitem,orders,150000000,0,never_instantiated,0,,,,,0,0,,,,,,,,,,,,,,,,,,,,,,,,,,,,,,,,,,,,,,,,,,,,,,,,,,,,,,,,,,,,,,,,,,,,,,,,
Q19,1,12,1,6.46,lineitem,part,20000000,0,never_instantiated,0,,,,,0,0,,,,,,,,,,,,,,,,,,,,,,,,,,,,,,,,,,,,,,,,,,,,,,,,,,,,,,,,,,,,,,,,,,,,,,,,,,,,,,,,,,,,,,,,,,,,,,,,
Q20,1,12,1,5.13,,,40207,0,never_instantiated,0,,,,,0,0,partsupp,part,217222,0,never_instantiated,0,,,,,0,0,,,868888,0,never_instantiated,0,,,,,0,0,lineitem,,868888,0,never_instantiated,0,,,,,0,0,supplier,nation,1,0,never_instantiated,0,,,,,0,0,,,,,,,,,,,,,,,,,,,,,,,,,,,,,,,,,,,,,,,,,,,,,,,,
Q21,1,12,1,18.75,,nation,1,0,never_instantiated,0,,,,,0,0,,supplier,1000000,0,never_instantiated,0,,,,,0,0,lineitem,orders,73072502,0,never_instantiated,0,,,,,0,0,,,7313671,0,never_instantiated,0,,,,,0,0,lineitem,,7313658,0,never_instantiated,0,,,,,0,0,,,7048027,0,never_instantiated,0,,,,,0,0,lineitem,,7048014,0,never_instantiated,0,,,,,0,0,,,,,,,,,,,,,,,,,,,,,,,,
Q22,1,12,1,2.56,,,1909668,0,never_instantiated,0,,,,,0,0,orders,,1909668,0,never_instantiated,0,,,,,0,0,,,,,,,,,,,,,,,,,,,,,,,,,,,,,,,,,,,,,,,,,,,,,,,,,,,,,,,,,,,,,,,,,,,,,,,,,,,,,,,,,,,,
Q01,1,13,1,4.51,,,,,,,,,,,,,,,,,,,,,,,,,,,,,,,,,,,,,,,,,,,,,,,,,,,,,,,,,,,,,,,,,,,,,,,,,,,,,,,,,,,,,,,,,,,,,,,,,,,,,,,,,,,,
Q02,1,13,1,1.74,,region,1,0,never_instantiated,0,,,,,0,0,,nation,25,0,never_instantiated,0,,,,,0,0,,part,79591,0,never_instantiated,0,,,,,0,0,partsupp,supplier,1000000,0,never_instantiated,0,,,,,0,0,,,63825,0,never_instantiated,0,,,,,0,0,,,47107,0,never_instantiated,0,,,,,0,0,,region,1,0,never_instantiated,0,,,,,0,0,,nation,25,0,never_instantiated,0,,,,,0,0,partsupp,supplier,1000000,0,never_instantiated,0,,,,,0,0
Q03,1,13,1,7.28,,customer,3000188,0,never_instantiated,0,,,,,0,0,lineitem,orders,72874383,0,never_instantiated,0,,,,,0,0,,,,,,,,,,,,,,,,,,,,,,,,,,,,,,,,,,,,,,,,,,,,,,,,,,,,,,,,,,,,,,,,,,,,,,,,,,,,,,,,,,,,
Q04,1,13,1,4.72,,,5733776,0,never_instantiated,0,,,,,0,0,lineitem,,5733776,0,never_instantiated,0,,,,,0,0,,,,,,,,,,,,,,,,,,,,,,,,,,,,,,,,,,,,,,,,,,,,,,,,,,,,,,,,,,,,,,,,,,,,,,,,,,,,,,,,,,,,
Q05,1,13,1,9999999,,,,,,,,,,,,,,,,,,,,,,,,,,,,,,,,,,,,,,,,,,,,,,,,,,,,,,,,,,,,,,,,,,,,,,,,,,,,,,,,,,,,,,,,,,,,,,,,,,,,,,,,,,,,
Q06,1,13,1,1.75,,,,,,,,,,,,,,,,,,,,,,,,,,,,,,,,,,,,,,,,,,,,,,,,,,,,,,,,,,,,,,,,,,,,,,,,,,,,,,,,,,,,,,,,,,,,,,,,,,,,,,,,,,,,
Q07,1,13,1,12.81,,nation,2,0,never_instantiated,0,,,,,0,0,,customer,14999999,0,never_instantiated,0,,,,,0,0,,nation,2,0,never_instantiated,0,,,,,0,0,orders,,182301190,0,never_instantiated,0,,,,,0,0,lineitem,supplier,1000000,0,never_instantiated,0,,,,,0,0,,,,,,,,,,,,,,,,,,,,,,,,,,,,,,,,,,,,,,,,,,,,,,,,
Q08,1,13,1,6.87,,region,1,0,never_instantiated,0,,,,,0,0,,nation,25,0,never_instantiated,0,,,,,0,0,customer,,1222092,0,never_instantiated,0,,,,,0,0,orders,,4025859,0,never_instantiated,0,,,,,0,0,,nation,25,0,never_instantiated,0,,,,,0,0,,supplier,1000000,0,never_instantiated,0,,,,,0,0,lineitem,part,134258,0,never_instantiated,0,,,,,0,0,,,,,,,,,,,,,,,,,,,,,,,,
Q09,1,13,1,18.35,,nation,25,0,never_instantiated,0,,,,,0,0,,supplier,1000000,0,never_instantiated,0,,,,,0,0,,orders,150000000,0,never_instantiated,0,,,,,0,0,,partsupp,80000000,0,never_instantiated,0,,,,,0,0,lineitem,part,1087982,0,never_instantiated,0,,,,,0,0,,,,,,,,,,,,,,,,,,,,,,,,,,,,,,,,,,,,,,,,,,,,,,,,
Q10,1,13,1,6.87,,nation,25,0,never_instantiated,0,,,,,0,0,customer,,11463171,0,never_instantiated,0,,,,,0,0,lineitem,orders,5730378,0,never_instantiated,0,,,,,0,0,,,,,,,,,,,,,,,,,,,,,,,,,,,,,,,,,,,,,,,,,,,,,,,,,,,,,,,,,,,,,,,,,,,,,,,,
Q11,1,13,1,1.03,,nation,1,0,never_instantiated,0,,,,,0,0,partsupp,supplier,1000000,0,never_instantiated,0,,,,,0,0,partsupp,,40045,0,never_instantiated,0,,,,,0,0,supplier,nation,1,0,never_instantiated,0,,,,,0,0,,,,,,,,,,,,,,,,,,,,,,,,,,,,,,,,,,,,,,,,,,,,,,,,,,,,,,,,,,,,
Q12,1,13,1,3.59,orders,lineitem,3115341,0,never_instantiated,0,,,,,0,0,,,,,,,,,,,,,,,,,,,,,,,,,,,,,,,,,,,,,,,,,,,,,,,,,,,,,,,,,,,,,,,,,,,,,,,,,,,,,,,,,,,,,,,,,,,,,,,,
Q13,1,13,1,8.61,orders,customer,15000000,0,never_instantiated,0,,,,,0,0,,,,,,,,,,,,,,,,,,,,,,,,,,,,,,,,,,,,,,,,,,,,,,,,,,,,,,,,,,,,,,,,,,,,,,,,,,,,,,,,,,,,,,,,,,,,,,,,
Q14,1,13,1,4.72,lineitem,part,20000000,0,never_instantiated,0,,,,,0,0,,,,,,,,,,,,,,,,,,,,,,,,,,,,,,,,,,,,,,,,,,,,,,,,,,,,,,,,,,,,,,,,,,,,,,,,,,,,,,,,,,,,,,,,,,,,,,,,
Q15,1,13,1,2.67,,,1,0,never_instantiated,0,,,,,0,0,supplier,,1000000,0,never_instantiated,0,,,,,0,0,,,,,,,,,,,,,,,,,,,,,,,,,,,,,,,,,,,,,,,,,,,,,,,,,,,,,,,,,,,,,,,,,,,,,,,,,,,,,,,,,,,,
Q16,1,13,1,2.26,,supplier,479,0,never_instantiated,0,,,,,0,0,partsupp,,2971749,0,never_instantiated,0,,,,,0,0,part,,8,0,never_instantiated,0,,,,,0,0,,,,,,,,,,,,,,,,,,,,,,,,,,,,,,,,,,,,,,,,,,,,,,,,,,,,,,,,,,,,,,,,,,,,,,,,
Q17,1,13,1,7.27,lineitem,part,20031,0,never_instantiated,0,,,,,0,0,,,600982,0,never_instantiated,0,,,,,0,0,lineitem,,20031,0,never_instantiated,0,,,,,0,0,,,,,,,,,,,,,,,,,,,,,,,,,,,,,,,,,,,,,,,,,,,,,,,,,,,,,,,,,,,,,,,,,,,,,,,,
Q18,1,13,1,22.95,,lineitem,6398,0,never_instantiated,0,,,,,0,0,,customer,14999999,0,never_instantiated,0,,,,,0,0,lineitem,orders,150000000,0,never_instantiated,0,,,,,0,0,,,,,,,,,,,,,,,,,,,,,,,,,,,,,,,,,,,,,,,,,,,,,,,,,,,,,,,,,,,,,,,,,,,,,,,,
Q19,1,13,1,6.46,lineitem,part,20000000,0,never_instantiated,0,,,,,0,0,,,,,,,,,,,,,,,,,,,,,,,,,,,,,,,,,,,,,,,,,,,,,,,,,,,,,,,,,,,,,,,,,,,,,,,,,,,,,,,,,,,,,,,,,,,,,,,,
Q20,1,13,1,5.13,,,40207,0,never_instantiated,0,,,,,0,0,partsupp,part,217222,0,never_instantiated,0,,,,,0,0,,,868888,0,never_instantiated,0,,,,,0,0,lineitem,,868888,0,never_instantiated,0,,,,,0,0,supplier,nation,1,0,never_instantiated,0,,,,,0,0,,,,,,,,,,,,,,,,,,,,,,,,,,,,,,,,,,,,,,,,,,,,,,,,
Q21,1,13,1,19.27,,nation,1,0,never_instantiated,0,,,,,0,0,,orders,73072502,0,never_instantiated,0,,,,,0,0,lineitem,supplier,1000000,0,never_instantiated,0,,,,,0,0,,,7313671,0,never_instantiated,0,,,,,0,0,lineitem,,7313658,0,never_instantiated,0,,,,,0,0,,,7048027,0,never_instantiated,0,,,,,0,0,lineitem,,7048014,0,never_instantiated,0,,,,,0,0,,,,,,,,,,,,,,,,,,,,,,,,
Q22,1,13,1,2.57,,,1909668,0,never_instantiated,0,,,,,0,0,orders,,1909668,0,never_instantiated,0,,,,,0,0,,,,,,,,,,,,,,,,,,,,,,,,,,,,,,,,,,,,,,,,,,,,,,,,,,,,,,,,,,,,,,,,,,,,,,,,,,,,,,,,,,,,
Q01,1,14,1,4.61,,,,,,,,,,,,,,,,,,,,,,,,,,,,,,,,,,,,,,,,,,,,,,,,,,,,,,,,,,,,,,,,,,,,,,,,,,,,,,,,,,,,,,,,,,,,,,,,,,,,,,,,,,,,
Q02,1,14,1,1.54,,region,1,0,never_instantiated,0,,,,,0,0,,nation,25,0,never_instantiated,0,,,,,0,0,,supplier,1000000,0,never_instantiated,0,,,,,0,0,partsupp,part,79591,0,never_instantiated,0,,,,,0,0,,,63825,0,never_instantiated,0,,,,,0,0,,,47107,0,never_instantiated,0,,,,,0,0,,region,1,0,never_instantiated,0,,,,,0,0,,nation,25,0,never_instantiated,0,,,,,0,0,partsupp,supplier,1000000,0,never_instantiated,0,,,,,0,0
Q03,1,14,1,7.28,,customer,3000188,0,never_instantiated,0,,,,,0,0,lineitem,orders,72874383,0,never_instantiated,0,,,,,0,0,,,,,,,,,,,,,,,,,,,,,,,,,,,,,,,,,,,,,,,,,,,,,,,,,,,,,,,,,,,,,,,,,,,,,,,,,,,,,,,,,,,,
Q04,1,14,1,4.72,,,5733776,0,never_instantiated,0,,,,,0,0,lineitem,,5733776,0,never_instantiated,0,,,,,0,0,,,,,,,,,,,,,,,,,,,,,,,,,,,,,,,,,,,,,,,,,,,,,,,,,,,,,,,,,,,,,,,,,,,,,,,,,,,,,,,,,,,,
Q05,1,14,1,10.45,,region,1,0,never_instantiated,0,,,,,0,0,,nation,25,0,never_instantiated,0,,,,,0,0,,customer,14999999,0,never_instantiated,0,,,,,0,0,,supplier,1000000,0,never_instantiated,0,,,,,0,0,lineitem,orders,22760819,0,never_instantiated,0,,,,,0,0,,,,,,,,,,,,,,,,,,,,,,,,,,,,,,,,,,,,,,,,,,,,,,,,
Q06,1,14,1,1.75,,,,,,,,,,,,,,,,,,,,,,,,,,,,,,,,,,,,,,,,,,,,,,,,,,,,,,,,,,,,,,,,,,,,,,,,,,,,,,,,,,,,,,,,,,,,,,,,,,,,,,,,,,,,
Q07,1,14,1,11.79,,nation,2,0,never_instantiated,0,,,,,0,0,,customer,14999999,0,never_instantiated,0,,,,,0,0,,nation,2,0,never_instantiated,0,,,,,0,0,,supplier,1000000,0,never_instantiated,0,,,,,0,0,lineitem,orders,150000000,0,never_instantiated,0,,,,,0,0,,,,,,,,,,,,,,,,,,,,,,,,,,,,,,,,,,,,,,,,,,,,,,,,
Q08,1,14,1,18.04,,region,1,0,never_instantiated,0,,,,,0,0,,nation,25,0,never_instantiated,0,,,,,0,0,,part,134258,0,never_instantiated,0,,,,,0,0,,customer,14999999,0,never_instantiated,0,,,,,0,0,,orders,45574624,0,never_instantiated,0,,,,,0,0,,nation,25,0,never_instantiated,0,,,,,0,0,lineitem,supplier,1000000,0,never_instantiated,0,,,,,0,0,,,,,,,,,,,,,,,,,,,,,,,,
Q09,1,14,1,30.75,,nation,25,0,never_instantiated,0,,,,,0,0,,supplier,1000000,0,never_instantiated,0,,,,,0,0,,part,1087982,0,never_instantiated,0,,,,,0,0,,orders,150000000,0,never_instantiated,0,,,,,0,0,lineitem,partsupp,80000000,0,never_instantiated,0,,,,,0,0,,,,,,,,,,,,,,,,,,,,,,,,,,,,,,,,,,,,,,,,,,,,,,,,
Q10,1,14,1,6.77,,nation,25,0,never_instantiated,0,,,,,0,0,customer,,11463171,0,never_instantiated,0,,,,,0,0,lineitem,orders,5730378,0,never_instantiated,0,,,,,0,0,,,,,,,,,,,,,,,,,,,,,,,,,,,,,,,,,,,,,,,,,,,,,,,,,,,,,,,,,,,,,,,,,,,,,,,,
Q11,1,14,1,0.82,partsupp,,40045,0,never_instantiated,0,,,,,0,0,supplier,nation,1,0,never_instantiated,0,,,,,0,0,partsupp,,40045,0,never_instantiated,0,,,,,0,0,supplier,nation,1,0,never_instantiated,0,,,,,0,0,,,,,,,,,,,,,,,,,,,,,,,,,,,,,,,,,,,,,,,,,,,,,,,,,,,,,,,,,,,,
Q12,1,14,1,3.59,orders,lineitem,3115341,0,never_instantiated,0,,,,,0,0,,,,,,,,,,,,,,,,,,,,,,,,,,,,,,,,,,,,,,,,,,,,,,,,,,,,,,,,,,,,,,,,,,,,,,,,,,,,,,,,,,,,,,,,,,,,,,,,
Q13,1,14,1,8.61,orders,customer,15000000,0,never_instantiated,0,,,,,0,0,,,,,,,,,,,,,,,,,,,,,,,,,,,,,,,,,,,,,,,,,,,,,,,,,,,,,,,,,,,,,,,,,,,,,,,,,,,,,,,,,,,,,,,,,,,,,,,,
Q14,1,14,1,4.82,lineitem,part,20000000,0,never_instantiated,0,,,,,0,0,,,,,,,,,,,,,,,,,,,,,,,,,,,,,,,,,,,,,,,,,,,,,,,,,,,,,,,,,,,,,,,,,,,,,,,,,,,,,,,,,,,,,,,,,,,,,,,,
Q15,1,14,1,2.67,,,1,0,never_instantiated,0,,,,,0,0,supplier,,1000000,0,never_instantiated,0,,,,,0,0,,,,,,,,,,,,,,,,,,,,,,,,,,,,,,,,,,,,,,,,,,,,,,,,,,,,,,,,,,,,,,,,,,,,,,,,,,,,,,,,,,,,
Q16,1,14,1,2.26,,supplier,479,0,never_instantiated,0,,,,,0,0,partsupp,,2971749,0,never_instantiated,0,,,,,0,0,part,,8,0,never_instantiated,0,,,,,0,0,,,,,,,,,,,,,,,,,,,,,,,,,,,,,,,,,,,,,,,,,,,,,,,,,,,,,,,,,,,,,,,,,,,,,,,,
Q17,1,14,1,7.17,lineitem,part,20031,0,never_instantiated,0,,,,,0,0,,,600982,0,never_instantiated,0,,,,,0,0,lineitem,,20031,0,never_instantiated,0,,,,,0,0,,,,,,,,,,,,,,,,,,,,,,,,,,,,,,,,,,,,,,,,,,,,,,,,,,,,,,,,,,,,,,,,,,,,,,,,
Q18,1,14,1,22.96,,lineitem,6398,0,never_instantiated,0,,,,,0,0,,customer,14999999,0,never_instantiated,0,,,,,0,0,lineitem,orders,150000000,0,never_instantiated,0,,,,,0,0,,,,,,,,,,,,,,,,,,,,,,,,,,,,,,,,,,,,,,,,,,,,,,,,,,,,,,,,,,,,,,,,,,,,,,,,
Q19,1,14,1,6.46,lineitem,part,20000000,0,never_instantiated,0,,,,,0,0,,,,,,,,,,,,,,,,,,,,,,,,,,,,,,,,,,,,,,,,,,,,,,,,,,,,,,,,,,,,,,,,,,,,,,,,,,,,,,,,,,,,,,,,,,,,,,,,
Q20,1,14,1,5.13,,,40207,0,never_instantiated,0,,,,,0,0,partsupp,part,217222,0,never_instantiated,0,,,,,0,0,,,868888,0,never_instantiated,0,,,,,0,0,lineitem,,868888,0,never_instantiated,0,,,,,0,0,supplier,nation,1,0,never_instantiated,0,,,,,0,0,,,,,,,,,,,,,,,,,,,,,,,,,,,,,,,,,,,,,,,,,,,,,,,,
Q21,1,14,1,18.75,,nation,1,0,never_instantiated,0,,,,,0,0,,supplier,1000000,0,never_instantiated,0,,,,,0,0,lineitem,orders,73072502,0,never_instantiated,0,,,,,0,0,,,7313671,0,never_instantiated,0,,,,,0,0,lineitem,,7313658,0,never_instantiated,0,,,,,0,0,,,7048027,0,never_instantiated,0,,,,,0,0,lineitem,,7048014,0,never_instantiated,0,,,,,0,0,,,,,,,,,,,,,,,,,,,,,,,,
Q22,1,14,1,2.56,,,1909668,0,never_instantiated,0,,,,,0,0,orders,,1909668,0,never_instantiated,0,,,,,0,0,,,,,,,,,,,,,,,,,,,,,,,,,,,,,,,,,,,,,,,,,,,,,,,,,,,,,,,,,,,,,,,,,,,,,,,,,,,,,,,,,,,,
Q01,1,15,1,4.61,,,,,,,,,,,,,,,,,,,,,,,,,,,,,,,,,,,,,,,,,,,,,,,,,,,,,,,,,,,,,,,,,,,,,,,,,,,,,,,,,,,,,,,,,,,,,,,,,,,,,,,,,,,,
Q02,1,15,1,1.74,,region,1,0,never_instantiated,0,,,,,0,0,,nation,25,0,never_instantiated,0,,,,,0,0,,part,79591,0,never_instantiated,0,,,,,0,0,partsupp,supplier,1000000,0,never_instantiated,0,,,,,0,0,,,63825,0,never_instantiated,0,,,,,0,0,,,47107,0,never_instantiated,0,,,,,0,0,,region,1,0,never_instantiated,0,,,,,0,0,,nation,25,0,never_instantiated,0,,,,,0,0,partsupp,supplier,1000000,0,never_instantiated,0,,,,,0,0
Q03,1,15,1,7.28,,customer,3000188,0,never_instantiated,0,,,,,0,0,lineitem,orders,72874383,0,never_instantiated,0,,,,,0,0,,,,,,,,,,,,,,,,,,,,,,,,,,,,,,,,,,,,,,,,,,,,,,,,,,,,,,,,,,,,,,,,,,,,,,,,,,,,,,,,,,,,
Q04,1,15,1,4.72,,,5733776,0,never_instantiated,0,,,,,0,0,lineitem,,5733776,0,never_instantiated,0,,,,,0,0,,,,,,,,,,,,,,,,,,,,,,,,,,,,,,,,,,,,,,,,,,,,,,,,,,,,,,,,,,,,,,,,,,,,,,,,,,,,,,,,,,,,
Q05,1,15,1,12.71,,customer,14999999,0,never_instantiated,0,,,,,0,0,,region,1,0,never_instantiated,0,,,,,0,0,,orders,22760819,0,never_instantiated,0,,,,,0,0,,nation,25,0,never_instantiated,0,,,,,0,0,lineitem,supplier,1000000,0,never_instantiated,0,,,,,0,0,,,,,,,,,,,,,,,,,,,,,,,,,,,,,,,,,,,,,,,,,,,,,,,,
Q06,1,15,1,1.74,,,,,,,,,,,,,,,,,,,,,,,,,,,,,,,,,,,,,,,,,,,,,,,,,,,,,,,,,,,,,,,,,,,,,,,,,,,,,,,,,,,,,,,,,,,,,,,,,,,,,,,,,,,,
Q07,1,15,1,13.94,,nation,2,0,never_instantiated,0,,,,,0,0,,nation,2,0,never_instantiated,0,,,,,0,0,,customer,14999999,0,never_instantiated,0,,,,,0,0,orders,,182301190,0,never_instantiated,0,,,,,0,0,lineitem,supplier,1000000,0,never_instantiated,0,,,,,0,0,,,,,,,,,,,,,,,,,,,,,,,,,,,,,,,,,,,,,,,,,,,,,,,,
Q08,1,15,1,10.55,,region,1,0,never_instantiated,0,,,,,0,0,,nation,25,0,never_instantiated,0,,,,,0,0,customer,,1222092,0,never_instantiated,0,,,,,0,0,,nation,25,0,never_instantiated,0,,,,,0,0,,supplier,1000000,0,never_instantiated,0,,,,,0,0,,part,134258,0,never_instantiated,0,,,,,0,0,lineitem,orders,45574624,0,never_instantiated,0,,,,,0,0,,,,,,,,,,,,,,,,,,,,,,,,
Q09,1,15,1,22.85,,nation,25,0,never_instantiated,0,,,,,0,0,,partsupp,80000000,0,never_instantiated,0,,,,,0,0,,part,1087982,0,never_instantiated,0,,,,,0,0,,orders,150000000,0,never_instantiated,0,,,,,0,0,lineitem,supplier,1000000,0,never_instantiated,0,,,,,0,0,,,,,,,,,,,,,,,,,,,,,,,,,,,,,,,,,,,,,,,,,,,,,,,,
Q10,1,15,1,6.76,,nation,25,0,never_instantiated,0,,,,,0,0,customer,,11463171,0,never_instantiated,0,,,,,0,0,lineitem,orders,5730378,0,never_instantiated,0,,,,,0,0,,,,,,,,,,,,,,,,,,,,,,,,,,,,,,,,,,,,,,,,,,,,,,,,,,,,,,,,,,,,,,,,,,,,,,,,
Q11,1,15,1,1.23,,nation,1,0,never_instantiated,0,,,,,0,0,partsupp,supplier,1000000,0,never_instantiated,0,,,,,0,0,,nation,1,0,never_instantiated,0,,,,,0,0,partsupp,supplier,1000000,0,never_instantiated,0,,,,,0,0,,,,,,,,,,,,,,,,,,,,,,,,,,,,,,,,,,,,,,,,,,,,,,,,,,,,,,,,,,,,
Q12,1,15,1,3.59,orders,lineitem,3115341,0,never_instantiated,0,,,,,0,0,,,,,,,,,,,,,,,,,,,,,,,,,,,,,,,,,,,,,,,,,,,,,,,,,,,,,,,,,,,,,,,,,,,,,,,,,,,,,,,,,,,,,,,,,,,,,,,,
Q13,1,15,1,8.61,orders,customer,15000000,0,never_instantiated,0,,,,,0,0,,,,,,,,,,,,,,,,,,,,,,,,,,,,,,,,,,,,,,,,,,,,,,,,,,,,,,,,,,,,,,,,,,,,,,,,,,,,,,,,,,,,,,,,,,,,,,,,
Q14,1,15,1,4.72,lineitem,part,20000000,0,never_instantiated,0,,,,,0,0,,,,,,,,,,,,,,,,,,,,,,,,,,,,,,,,,,,,,,,,,,,,,,,,,,,,,,,,,,,,,,,,,,,,,,,,,,,,,,,,,,,,,,,,,,,,,,,,
Q15,1,15,1,2.67,,,1,0,never_instantiated,0,,,,,0,0,supplier,,1000000,0,never_instantiated,0,,,,,0,0,,,,,,,,,,,,,,,,,,,,,,,,,,,,,,,,,,,,,,,,,,,,,,,,,,,,,,,,,,,,,,,,,,,,,,,,,,,,,,,,,,,,
Q16,1,15,1,2.26,,supplier,479,0,never_instantiated,0,,,,,0,0,partsupp,,2971749,0,never_instantiated,0,,,,,0,0,part,,8,0,never_instantiated,0,,,,,0,0,,,,,,,,,,,,,,,,,,,,,,,,,,,,,,,,,,,,,,,,,,,,,,,,,,,,,,,,,,,,,,,,,,,,,,,,
Q17,1,15,1,7.17,lineitem,part,20031,0,never_instantiated,0,,,,,0,0,,,600982,0,never_instantiated,0,,,,,0,0,lineitem,,20031,0,never_instantiated,0,,,,,0,0,,,,,,,,,,,,,,,,,,,,,,,,,,,,,,,,,,,,,,,,,,,,,,,,,,,,,,,,,,,,,,,,,,,,,,,,
Q18,1,15,1,22.85,,lineitem,6398,0,never_instantiated,0,,,,,0,0,,customer,14999999,0,never_instantiated,0,,,,,0,0,lineitem,orders,150000000,0,never_instantiated,0,,,,,0,0,,,,,,,,,,,,,,,,,,,,,,,,,,,,,,,,,,,,,,,,,,,,,,,,,,,,,,,,,,,,,,,,,,,,,,,,
Q19,1,15,1,6.35,lineitem,part,20000000,0,never_instantiated,0,,,,,0,0,,,,,,,,,,,,,,,,,,,,,,,,,,,,,,,,,,,,,,,,,,,,,,,,,,,,,,,,,,,,,,,,,,,,,,,,,,,,,,,,,,,,,,,,,,,,,,,,
Q20,1,15,1,5.13,,,40207,0,never_instantiated,0,,,,,0,0,partsupp,part,217222,0,never_instantiated,0,,,,,0,0,,,868888,0,never_instantiated,0,,,,,0,0,lineitem,,868888,0,never_instantiated,0,,,,,0,0,supplier,nation,1,0,never_instantiated,0,,,,,0,0,,,,,,,,,,,,,,,,,,,,,,,,,,,,,,,,,,,,,,,,,,,,,,,,
Q21,1,15,1,19.06,,nation,1,0,never_instantiated,0,,,,,0,0,,orders,73072502,0,never_instantiated,0,,,,,0,0,lineitem,supplier,1000000,0,never_instantiated,0,,,,,0,0,,,7313671,0,never_instantiated,0,,,,,0,0,lineitem,,7313658,0,never_instantiated,0,,,,,0,0,,,7048027,0,never_instantiated,0,,,,,0,0,lineitem,,7048014,0,never_instantiated,0,,,,,0,0,,,,,,,,,,,,,,,,,,,,,,,,
Q22,1,15,1,2.56,,,1909668,0,never_instantiated,0,,,,,0,0,orders,,1909668,0,never_instantiated,0,,,,,0,0,,,,,,,,,,,,,,,,,,,,,,,,,,,,,,,,,,,,,,,,,,,,,,,,,,,,,,,,,,,,,,,,,,,,,,,,,,,,,,,,,,,,
Q01,1,16,1,4.51,,,,,,,,,,,,,,,,,,,,,,,,,,,,,,,,,,,,,,,,,,,,,,,,,,,,,,,,,,,,,,,,,,,,,,,,,,,,,,,,,,,,,,,,,,,,,,,,,,,,,,,,,,,,
Q02,1,16,1,1.23,,region,1,0,never_instantiated,0,,,,,0,0,,nation,25,0,never_instantiated,0,,,,,0,0,,supplier,1000000,0,never_instantiated,0,,,,,0,0,partsupp,part,79591,0,never_instantiated,0,,,,,0,0,,,63825,0,never_instantiated,0,,,,,0,0,,,47107,0,never_instantiated,0,,,,,0,0,partsupp,,200535,0,never_instantiated,0,,,,,0,0,,region,1,0,never_instantiated,0,,,,,0,0,supplier,nation,25,0,never_instantiated,0,,,,,0,0
Q03,1,16,1,7.38,,customer,3000188,0,never_instantiated,0,,,,,0,0,lineitem,orders,72874383,0,never_instantiated,0,,,,,0,0,,,,,,,,,,,,,,,,,,,,,,,,,,,,,,,,,,,,,,,,,,,,,,,,,,,,,,,,,,,,,,,,,,,,,,,,,,,,,,,,,,,,
Q04,1,16,1,4.82,,,5733776,0,never_instantiated,0,,,,,0,0,lineitem,,5733776,0,never_instantiated,0,,,,,0,0,,,,,,,,,,,,,,,,,,,,,,,,,,,,,,,,,,,,,,,,,,,,,,,,,,,,,,,,,,,,,,,,,,,,,,,,,,,,,,,,,,,,
Q05,1,16,1,10.56,,region,1,0,never_instantiated,0,,,,,0,0,,nation,25,0,never_instantiated,0,,,,,0,0,,customer,14999999,0,never_instantiated,0,,,,,0,0,,supplier,1000000,0,never_instantiated,0,,,,,0,0,lineitem,orders,22760819,0,never_instantiated,0,,,,,0,0,,,,,,,,,,,,,,,,,,,,,,,,,,,,,,,,,,,,,,,,,,,,,,,,
Q06,1,16,1,1.75,,,,,,,,,,,,,,,,,,,,,,,,,,,,,,,,,,,,,,,,,,,,,,,,,,,,,,,,,,,,,,,,,,,,,,,,,,,,,,,,,,,,,,,,,,,,,,,,,,,,,,,,,,,,
Q07,1,16,1,11.69,,nation,2,0,never_instantiated,0,,,,,0,0,,customer,14999999,0,never_instantiated,0,,,,,0,0,,nation,2,0,never_instantiated,0,,,,,0,0,,supplier,1000000,0,never_instantiated,0,,,,,0,0,lineitem,orders,150000000,0,never_instantiated,0,,,,,0,0,,,,,,,,,,,,,,,,,,,,,,,,,,,,,,,,,,,,,,,,,,,,,,,,
Q08,1,16,1,6.87,,region,1,0,never_instantiated,0,,,,,0,0,,nation,25,0,never_instantiated,0,,,,,0,0,customer,,1222092,0,never_instantiated,0,,,,,0,0,orders,,4025859,0,never_instantiated,0,,,,,0,0,,nation,25,0,never_instantiated,0,,,,,0,0,,supplier,1000000,0,never_instantiated,0,,,,,0,0,lineitem,part,134258,0,never_instantiated,0,,,,,0,0,,,,,,,,,,,,,,,,,,,,,,,,
Q09,1,16,1,21.83,,nation,25,0,never_instantiated,0,,,,,0,0,,supplier,1000000,0,never_instantiated,0,,,,,0,0,,partsupp,80000000,0,never_instantiated,0,,,,,0,0,,part,1087982,0,never_instantiated,0,,,,,0,0,lineitem,orders,150000000,0,never_instantiated,0,,,,,0,0,,,,,,,,,,,,,,,,,,,,,,,,,,,,,,,,,,,,,,,,,,,,,,,,
Q10,1,16,1,6.77,,nation,25,0,never_instantiated,0,,,,,0,0,customer,,11463171,0,never_instantiated,0,,,,,0,0,lineitem,orders,5730378,0,never_instantiated,0,,,,,0,0,,,,,,,,,,,,,,,,,,,,,,,,,,,,,,,,,,,,,,,,,,,,,,,,,,,,,,,,,,,,,,,,,,,,,,,,
Q11,1,16,1,0.92,partsupp,,40045,0,never_instantiated,0,,,,,0,0,supplier,nation,1,0,never_instantiated,0,,,,,0,0,partsupp,,40045,0,never_instantiated,0,,,,,0,0,supplier,nation,1,0,never_instantiated,0,,,,,0,0,,,,,,,,,,,,,,,,,,,,,,,,,,,,,,,,,,,,,,,,,,,,,,,,,,,,,,,,,,,,
Q12,1,16,1,3.59,orders,lineitem,3115341,0,never_instantiated,0,,,,,0,0,,,,,,,,,,,,,,,,,,,,,,,,,,,,,,,,,,,,,,,,,,,,,,,,,,,,,,,,,,,,,,,,,,,,,,,,,,,,,,,,,,,,,,,,,,,,,,,,
Q13,1,16,1,8.61,orders,customer,15000000,0,never_instantiated,0,,,,,0,0,,,,,,,,,,,,,,,,,,,,,,,,,,,,,,,,,,,,,,,,,,,,,,,,,,,,,,,,,,,,,,,,,,,,,,,,,,,,,,,,,,,,,,,,,,,,,,,,
Q14,1,16,1,4.82,lineitem,part,20000000,0,never_instantiated,0,,,,,0,0,,,,,,,,,,,,,,,,,,,,,,,,,,,,,,,,,,,,,,,,,,,,,,,,,,,,,,,,,,,,,,,,,,,,,,,,,,,,,,,,,,,,,,,,,,,,,,,,
Q15,1,16,1,2.67,,,1,0,never_instantiated,0,,,,,0,0,supplier,,1000000,0,never_instantiated,0,,,,,0,0,,,,,,,,,,,,,,,,,,,,,,,,,,,,,,,,,,,,,,,,,,,,,,,,,,,,,,,,,,,,,,,,,,,,,,,,,,,,,,,,,,,,
Q16,1,16,1,2.26,,supplier,479,0,never_instantiated,0,,,,,0,0,partsupp,,2971749,0,never_instantiated,0,,,,,0,0,part,,8,0,never_instantiated,0,,,,,0,0,,,,,,,,,,,,,,,,,,,,,,,,,,,,,,,,,,,,,,,,,,,,,,,,,,,,,,,,,,,,,,,,,,,,,,,,
Q17,1,16,1,7.28,lineitem,part,20031,0,never_instantiated,0,,,,,0,0,,,600982,0,never_instantiated,0,,,,,0,0,lineitem,,20031,0,never_instantiated,0,,,,,0,0,,,,,,,,,,,,,,,,,,,,,,,,,,,,,,,,,,,,,,,,,,,,,,,,,,,,,,,,,,,,,,,,,,,,,,,,
Q18,1,16,1,22.96,,lineitem,6398,0,never_instantiated,0,,,,,0,0,,customer,14999999,0,never_instantiated,0,,,,,0,0,lineitem,orders,150000000,0,never_instantiated,0,,,,,0,0,,,,,,,,,,,,,,,,,,,,,,,,,,,,,,,,,,,,,,,,,,,,,,,,,,,,,,,,,,,,,,,,,,,,,,,,
Q19,1,16,1,6.46,lineitem,part,20000000,0,never_instantiated,0,,,,,0,0,,,,,,,,,,,,,,,,,,,,,,,,,,,,,,,,,,,,,,,,,,,,,,,,,,,,,,,,,,,,,,,,,,,,,,,,,,,,,,,,,,,,,,,,,,,,,,,,
Q20,1,16,1,5.13,,,40207,0,never_instantiated,0,,,,,0,0,partsupp,part,217222,0,never_instantiated,0,,,,,0,0,,,868888,0,never_instantiated,0,,,,,0,0,lineitem,,868888,0,never_instantiated,0,,,,,0,0,supplier,nation,1,0,never_instantiated,0,,,,,0,0,,,,,,,,,,,,,,,,,,,,,,,,,,,,,,,,,,,,,,,,,,,,,,,,
Q21,1,16,1,18.86,,nation,1,0,never_instantiated,0,,,,,0,0,,supplier,1000000,0,never_instantiated,0,,,,,0,0,lineitem,orders,73072502,0,never_instantiated,0,,,,,0,0,,,7313671,0,never_instantiated,0,,,,,0,0,lineitem,,7313658,0,never_instantiated,0,,,,,0,0,,,7048027,0,never_instantiated,0,,,,,0,0,lineitem,,7048014,0,never_instantiated,0,,,,,0,0,,,,,,,,,,,,,,,,,,,,,,,,
Q22,1,16,1,2.57,,,1909668,0,never_instantiated,0,,,,,0,0,orders,,1909668,0,never_instantiated,0,,,,,0,0,,,,,,,,,,,,,,,,,,,,,,,,,,,,,,,,,,,,,,,,,,,,,,,,,,,,,,,,,,,,,,,,,,,,,,,,,,,,,,,,,,,,
Q01,1,17,1,4.51,,,,,,,,,,,,,,,,,,,,,,,,,,,,,,,,,,,,,,,,,,,,,,,,,,,,,,,,,,,,,,,,,,,,,,,,,,,,,,,,,,,,,,,,,,,,,,,,,,,,,,,,,,,,
Q02,1,17,1,1.44,,region,1,0,never_instantiated,0,,,,,0,0,,nation,25,0,never_instantiated,0,,,,,0,0,,part,79591,0,never_instantiated,0,,,,,0,0,partsupp,supplier,1000000,0,never_instantiated,0,,,,,0,0,,,63825,0,never_instantiated,0,,,,,0,0,,,47107,0,never_instantiated,0,,,,,0,0,partsupp,,200535,0,never_instantiated,0,,,,,0,0,,region,1,0,never_instantiated,0,,,,,0,0,supplier,nation,25,0,never_instantiated,0,,,,,0,0
Q03,1,17,1,7.18,,customer,3000188,0,never_instantiated,0,,,,,0,0,lineitem,orders,72874383,0,never_instantiated,0,,,,,0,0,,,,,,,,,,,,,,,,,,,,,,,,,,,,,,,,,,,,,,,,,,,,,,,,,,,,,,,,,,,,,,,,,,,,,,,,,,,,,,,,,,,,
Q04,1,17,1,4.72,,,5733776,0,never_instantiated,0,,,,,0,0,lineitem,,5733776,0,never_instantiated,0,,,,,0,0,,,,,,,,,,,,,,,,,,,,,,,,,,,,,,,,,,,,,,,,,,,,,,,,,,,,,,,,,,,,,,,,,,,,,,,,,,,,,,,,,,,,
Q05,1,17,1,12.09,,region,1,0,never_instantiated,0,,,,,0,0,,customer,14999999,0,never_instantiated,0,,,,,0,0,,nation,25,0,never_instantiated,0,,,,,0,0,,orders,22760819,0,never_instantiated,0,,,,,0,0,lineitem,supplier,1000000,0,never_instantiated,0,,,,,0,0,,,,,,,,,,,,,,,,,,,,,,,,,,,,,,,,,,,,,,,,,,,,,,,,
Q06,1,17,1,1.75,,,,,,,,,,,,,,,,,,,,,,,,,,,,,,,,,,,,,,,,,,,,,,,,,,,,,,,,,,,,,,,,,,,,,,,,,,,,,,,,,,,,,,,,,,,,,,,,,,,,,,,,,,,,
Q07,1,17,1,13.94,,nation,2,0,never_instantiated,0,,,,,0,0,,nation,2,0,never_instantiated,0,,,,,0,0,,customer,14999999,0,never_instantiated,0,,,,,0,0,orders,,182301190,0,never_instantiated,0,,,,,0,0,lineitem,supplier,1000000,0,never_instantiated,0,,,,,0,0,,,,,,,,,,,,,,,,,,,,,,,,,,,,,,,,,,,,,,,,,,,,,,,,
Q08,1,17,1,8.30,,nation,25,0,never_instantiated,0,,,,,0,0,,region,1,0,never_instantiated,0,,,,,0,0,,nation,25,0,never_instantiated,0,,,,,0,0,customer,,1222092,0,never_instantiated,0,,,,,0,0,orders,,4025859,0,never_instantiated,0,,,,,0,0,,part,134258,0,never_instantiated,0,,,,,0,0,lineitem,supplier,1000000,0,never_instantiated,0,,,,,0,0,,,,,,,,,,,,,,,,,,,,,,,,
Q09,1,17,1,19.06,,partsupp,80000000,0,never_instantiated,0,,,,,0,0,,orders,150000000,0,never_instantiated,0,,,,,0,0,,nation,25,0,never_instantiated,0,,,,,0,0,,supplier,1000000,0,never_instantiated,0,,,,,0,0,lineitem,part,1087982,0,never_instantiated,0,,,,,0,0,,,,,,,,,,,,,,,,,,,,,,,,,,,,,,,,,,,,,,,,,,,,,,,,
Q10,1,17,1,6.77,,nation,25,0,never_instantiated,0,,,,,0,0,customer,,11463171,0,never_instantiated,0,,,,,0,0,lineitem,orders,5730378,0,never_instantiated,0,,,,,0,0,,,,,,,,,,,,,,,,,,,,,,,,,,,,,,,,,,,,,,,,,,,,,,,,,,,,,,,,,,,,,,,,,,,,,,,,
Q11,1,17,1,1.23,,nation,1,0,never_instantiated,0,,,,,0,0,partsupp,supplier,1000000,0,never_instantiated,0,,,,,0,0,,nation,1,0,never_instantiated,0,,,,,0,0,partsupp,supplier,1000000,0,never_instantiated,0,,,,,0,0,,,,,,,,,,,,,,,,,,,,,,,,,,,,,,,,,,,,,,,,,,,,,,,,,,,,,,,,,,,,
Q12,1,17,1,3.59,orders,lineitem,3115341,0,never_instantiated,0,,,,,0,0,,,,,,,,,,,,,,,,,,,,,,,,,,,,,,,,,,,,,,,,,,,,,,,,,,,,,,,,,,,,,,,,,,,,,,,,,,,,,,,,,,,,,,,,,,,,,,,,
Q13,1,17,1,8.61,orders,customer,15000000,0,never_instantiated,0,,,,,0,0,,,,,,,,,,,,,,,,,,,,,,,,,,,,,,,,,,,,,,,,,,,,,,,,,,,,,,,,,,,,,,,,,,,,,,,,,,,,,,,,,,,,,,,,,,,,,,,,
Q14,1,17,1,4.82,lineitem,part,20000000,0,never_instantiated,0,,,,,0,0,,,,,,,,,,,,,,,,,,,,,,,,,,,,,,,,,,,,,,,,,,,,,,,,,,,,,,,,,,,,,,,,,,,,,,,,,,,,,,,,,,,,,,,,,,,,,,,,
Q15,1,17,1,2.67,,,1,0,never_instantiated,0,,,,,0,0,supplier,,1000000,0,never_instantiated,0,,,,,0,0,,,,,,,,,,,,,,,,,,,,,,,,,,,,,,,,,,,,,,,,,,,,,,,,,,,,,,,,,,,,,,,,,,,,,,,,,,,,,,,,,,,,
Q16,1,17,1,2.26,,supplier,479,0,never_instantiated,0,,,,,0,0,partsupp,,2971749,0,never_instantiated,0,,,,,0,0,part,,8,0,never_instantiated,0,,,,,0,0,,,,,,,,,,,,,,,,,,,,,,,,,,,,,,,,,,,,,,,,,,,,,,,,,,,,,,,,,,,,,,,,,,,,,,,,
Q17,1,17,1,7.07,lineitem,part,20031,0,never_instantiated,0,,,,,0,0,,,600982,0,never_instantiated,0,,,,,0,0,lineitem,,20031,0,never_instantiated,0,,,,,0,0,,,,,,,,,,,,,,,,,,,,,,,,,,,,,,,,,,,,,,,,,,,,,,,,,,,,,,,,,,,,,,,,,,,,,,,,
Q18,1,17,1,22.85,,lineitem,6398,0,never_instantiated,0,,,,,0,0,,customer,14999999,0,never_instantiated,0,,,,,0,0,lineitem,orders,150000000,0,never_instantiated,0,,,,,0,0,,,,,,,,,,,,,,,,,,,,,,,,,,,,,,,,,,,,,,,,,,,,,,,,,,,,,,,,,,,,,,,,,,,,,,,,
Q19,1,17,1,6.46,lineitem,part,20000000,0,never_instantiated,0,,,,,0,0,,,,,,,,,,,,,,,,,,,,,,,,,,,,,,,,,,,,,,,,,,,,,,,,,,,,,,,,,,,,,,,,,,,,,,,,,,,,,,,,,,,,,,,,,,,,,,,,
Q20,1,17,1,5.13,,,40207,0,never_instantiated,0,,,,,0,0,partsupp,part,217222,0,never_instantiated,0,,,,,0,0,,,868888,0,never_instantiated,0,,,,,0,0,lineitem,,868888,0,never_instantiated,0,,,,,0,0,supplier,nation,1,0,never_instantiated,0,,,,,0,0,,,,,,,,,,,,,,,,,,,,,,,,,,,,,,,,,,,,,,,,,,,,,,,,
Q21,1,17,1,19.37,,nation,1,0,never_instantiated,0,,,,,0,0,,orders,73072502,0,never_instantiated,0,,,,,0,0,lineitem,supplier,1000000,0,never_instantiated,0,,,,,0,0,,,7313671,0,never_instantiated,0,,,,,0,0,lineitem,,7313658,0,never_instantiated,0,,,,,0,0,,,7048027,0,never_instantiated,0,,,,,0,0,lineitem,,7048014,0,never_instantiated,0,,,,,0,0,,,,,,,,,,,,,,,,,,,,,,,,
Q22,1,17,1,2.57,,,1909668,0,never_instantiated,0,,,,,0,0,orders,,1909668,0,never_instantiated,0,,,,,0,0,,,,,,,,,,,,,,,,,,,,,,,,,,,,,,,,,,,,,,,,,,,,,,,,,,,,,,,,,,,,,,,,,,,,,,,,,,,,,,,,,,,,
Q01,1,18,1,4.51,,,,,,,,,,,,,,,,,,,,,,,,,,,,,,,,,,,,,,,,,,,,,,,,,,,,,,,,,,,,,,,,,,,,,,,,,,,,,,,,,,,,,,,,,,,,,,,,,,,,,,,,,,,,
Q02,1,18,1,1.54,,region,1,0,never_instantiated,0,,,,,0,0,,nation,25,0,never_instantiated,0,,,,,0,0,,supplier,1000000,0,never_instantiated,0,,,,,0,0,partsupp,part,79591,0,never_instantiated,0,,,,,0,0,,,63825,0,never_instantiated,0,,,,,0,0,,,47107,0,never_instantiated,0,,,,,0,0,,region,1,0,never_instantiated,0,,,,,0,0,,nation,25,0,never_instantiated,0,,,,,0,0,partsupp,supplier,1000000,0,never_instantiated,0,,,,,0,0
Q03,1,18,1,7.18,,customer,3000188,0,never_instantiated,0,,,,,0,0,lineitem,orders,72874383,0,never_instantiated,0,,,,,0,0,,,,,,,,,,,,,,,,,,,,,,,,,,,,,,,,,,,,,,,,,,,,,,,,,,,,,,,,,,,,,,,,,,,,,,,,,,,,,,,,,,,,
Q04,1,18,1,4.72,,,5733776,0,never_instantiated,0,,,,,0,0,lineitem,,5733776,0,never_instantiated,0,,,,,0,0,,,,,,,,,,,,,,,,,,,,,,,,,,,,,,,,,,,,,,,,,,,,,,,,,,,,,,,,,,,,,,,,,,,,,,,,,,,,,,,,,,,,
Q05,1,18,1,11.38,,region,1,0,never_instantiated,0,,,,,0,0,,customer,14999999,0,never_instantiated,0,,,,,0,0,,nation,25,0,never_instantiated,0,,,,,0,0,,supplier,1000000,0,never_instantiated,0,,,,,0,0,lineitem,orders,22760819,0,never_instantiated,0,,,,,0,0,,,,,,,,,,,,,,,,,,,,,,,,,,,,,,,,,,,,,,,,,,,,,,,,
Q06,1,18,1,1.75,,,,,,,,,,,,,,,,,,,,,,,,,,,,,,,,,,,,,,,,,,,,,,,,,,,,,,,,,,,,,,,,,,,,,,,,,,,,,,,,,,,,,,,,,,,,,,,,,,,,,,,,,,,,
Q07,1,18,1,15.07,,nation,2,0,never_instantiated,0,,,,,0,0,,nation,2,0,never_instantiated,0,,,,,0,0,,customer,14999999,0,never_instantiated,0,,,,,0,0,,supplier,1000000,0,never_instantiated,0,,,,,0,0,lineitem,orders,150000000,0,never_instantiated,0,,,,,0,0,,,,,,,,,,,,,,,,,,,,,,,,,,,,,,,,,,,,,,,,,,,,,,,,
Q08,1,18,1,17.63,,region,1,0,never_instantiated,0,,,,,0,0,,part,134258,0,never_instantiated,0,,,,,0,0,,nation,25,0,never_instantiated,0,,,,,0,0,,nation,25,0,never_instantiated,0,,,,,0,0,,customer,14999999,0,never_instantiated,0,,,,,0,0,,supplier,1000000,0,never_instantiated,0,,,,,0,0,lineitem,orders,45574624,0,never_instantiated,0,,,,,0,0,,,,,,,,,,,,,,,,,,,,,,,,
Q09,1,18,1,33.62,,part,1087982,0,never_instantiated,0,,,,,0,0,,orders,150000000,0,never_instantiated,0,,,,,0,0,,nation,25,0,never_instantiated,0,,,,,0,0,,supplier,1000000,0,never_instantiated,0,,,,,0,0,lineitem,partsupp,80000000,0,never_instantiated,0,,,,,0,0,,,,,,,,,,,,,,,,,,,,,,,,,,,,,,,,,,,,,,,,,,,,,,,,
Q10,1,18,1,6.87,,nation,25,0,never_instantiated,0,,,,,0,0,customer,,11463171,0,never_instantiated,0,,,,,0,0,lineitem,orders,5730378,0,never_instantiated,0,,,,,0,0,,,,,,,,,,,,,,,,,,,,,,,,,,,,,,,,,,,,,,,,,,,,,,,,,,,,,,,,,,,,,,,,,,,,,,,,
Q11,1,18,1,1.03,partsupp,,40045,0,never_instantiated,0,,,,,0,0,supplier,nation,1,0,never_instantiated,0,,,,,0,0,,nation,1,0,never_instantiated,0,,,,,0,0,partsupp,supplier,1000000,0,never_instantiated,0,,,,,0,0,,,,,,,,,,,,,,,,,,,,,,,,,,,,,,,,,,,,,,,,,,,,,,,,,,,,,,,,,,,,
Q12,1,18,1,3.59,orders,lineitem,3115341,0,never_instantiated,0,,,,,0,0,,,,,,,,,,,,,,,,,,,,,,,,,,,,,,,,,,,,,,,,,,,,,,,,,,,,,,,,,,,,,,,,,,,,,,,,,,,,,,,,,,,,,,,,,,,,,,,,
Q13,1,18,1,8.61,orders,customer,15000000,0,never_instantiated,0,,,,,0,0,,,,,,,,,,,,,,,,,,,,,,,,,,,,,,,,,,,,,,,,,,,,,,,,,,,,,,,,,,,,,,,,,,,,,,,,,,,,,,,,,,,,,,,,,,,,,,,,
Q14,1,18,1,4.82,lineitem,part,20000000,0,never_instantiated,0,,,,,0,0,,,,,,,,,,,,,,,,,,,,,,,,,,,,,,,,,,,,,,,,,,,,,,,,,,,,,,,,,,,,,,,,,,,,,,,,,,,,,,,,,,,,,,,,,,,,,,,,
Q15,1,18,1,2.67,,,1,0,never_instantiated,0,,,,,0,0,supplier,,1000000,0,never_instantiated,0,,,,,0,0,,,,,,,,,,,,,,,,,,,,,,,,,,,,,,,,,,,,,,,,,,,,,,,,,,,,,,,,,,,,,,,,,,,,,,,,,,,,,,,,,,,,
Q16,1,18,1,2.26,,supplier,479,0,never_instantiated,0,,,,,0,0,partsupp,,2971749,0,never_instantiated,0,,,,,0,0,part,,8,0,never_instantiated,0,,,,,0,0,,,,,,,,,,,,,,,,,,,,,,,,,,,,,,,,,,,,,,,,,,,,,,,,,,,,,,,,,,,,,,,,,,,,,,,,
Q17,1,18,1,7.17,lineitem,part,20031,0,never_instantiated,0,,,,,0,0,,,600982,0,never_instantiated,0,,,,,0,0,lineitem,,20031,0,never_instantiated,0,,,,,0,0,,,,,,,,,,,,,,,,,,,,,,,,,,,,,,,,,,,,,,,,,,,,,,,,,,,,,,,,,,,,,,,,,,,,,,,,
Q18,1,18,1,22.85,,lineitem,6398,0,never_instantiated,0,,,,,0,0,,customer,14999999,0,never_instantiated,0,,,,,0,0,lineitem,orders,150000000,0,never_instantiated,0,,,,,0,0,,,,,,,,,,,,,,,,,,,,,,,,,,,,,,,,,,,,,,,,,,,,,,,,,,,,,,,,,,,,,,,,,,,,,,,,
Q19,1,18,1,6.36,lineitem,part,20000000,0,never_instantiated,0,,,,,0,0,,,,,,,,,,,,,,,,,,,,,,,,,,,,,,,,,,,,,,,,,,,,,,,,,,,,,,,,,,,,,,,,,,,,,,,,,,,,,,,,,,,,,,,,,,,,,,,,
Q20,1,18,1,5.13,,,40207,0,never_instantiated,0,,,,,0,0,partsupp,part,217222,0,never_instantiated,0,,,,,0,0,,,868888,0,never_instantiated,0,,,,,0,0,lineitem,,868888,0,never_instantiated,0,,,,,0,0,supplier,nation,1,0,never_instantiated,0,,,,,0,0,,,,,,,,,,,,,,,,,,,,,,,,,,,,,,,,,,,,,,,,,,,,,,,,
Q21,1,18,1,18.56,,nation,1,0,never_instantiated,0,,,,,0,0,,supplier,1000000,0,never_instantiated,0,,,,,0,0,lineitem,orders,73072502,0,never_instantiated,0,,,,,0,0,,,7313671,0,never_instantiated,0,,,,,0,0,lineitem,,7313658,0,never_instantiated,0,,,,,0,0,,,7048027,0,never_instantiated,0,,,,,0,0,lineitem,,7048014,0,never_instantiated,0,,,,,0,0,,,,,,,,,,,,,,,,,,,,,,,,
Q22,1,18,1,2.56,,,1909668,0,never_instantiated,0,,,,,0,0,orders,,1909668,0,never_instantiated,0,,,,,0,0,,,,,,,,,,,,,,,,,,,,,,,,,,,,,,,,,,,,,,,,,,,,,,,,,,,,,,,,,,,,,,,,,,,,,,,,,,,,,,,,,,,,
Q01,1,19,1,4.61,,,,,,,,,,,,,,,,,,,,,,,,,,,,,,,,,,,,,,,,,,,,,,,,,,,,,,,,,,,,,,,,,,,,,,,,,,,,,,,,,,,,,,,,,,,,,,,,,,,,,,,,,,,,
Q02,1,19,1,1.95,,region,1,0,never_instantiated,0,,,,,0,0,,part,79591,0,never_instantiated,0,,,,,0,0,,nation,25,0,never_instantiated,0,,,,,0,0,partsupp,supplier,1000000,0,never_instantiated,0,,,,,0,0,,,63825,0,never_instantiated,0,,,,,0,0,,,47107,0,never_instantiated,0,,,,,0,0,,region,1,0,never_instantiated,0,,,,,0,0,,nation,25,0,never_instantiated,0,,,,,0,0,partsupp,supplier,1000000,0,never_instantiated,0,,,,,0,0
Q03,1,19,1,7.28,,customer,3000188,0,never_instantiated,0,,,,,0,0,lineitem,orders,72874383,0,never_instantiated,0,,,,,0,0,,,,,,,,,,,,,,,,,,,,,,,,,,,,,,,,,,,,,,,,,,,,,,,,,,,,,,,,,,,,,,,,,,,,,,,,,,,,,,,,,,,,
Q04,1,19,1,4.72,,,5733776,0,never_instantiated,0,,,,,0,0,lineitem,,5733776,0,never_instantiated,0,,,,,0,0,,,,,,,,,,,,,,,,,,,,,,,,,,,,,,,,,,,,,,,,,,,,,,,,,,,,,,,,,,,,,,,,,,,,,,,,,,,,,,,,,,,,
Q05,1,19,1,9999999,,,,,,,,,,,,,,,,,,,,,,,,,,,,,,,,,,,,,,,,,,,,,,,,,,,,,,,,,,,,,,,,,,,,,,,,,,,,,,,,,,,,,,,,,,,,,,,,,,,,,,,,,,,,
Q06,1,19,1,1.75,,,,,,,,,,,,,,,,,,,,,,,,,,,,,,,,,,,,,,,,,,,,,,,,,,,,,,,,,,,,,,,,,,,,,,,,,,,,,,,,,,,,,,,,,,,,,,,,,,,,,,,,,,,,
Q07,1,19,1,7.90,,nation,2,0,never_instantiated,0,,,,,0,0,,customer,14999999,0,never_instantiated,0,,,,,0,0,orders,,14619080,0,never_instantiated,0,,,,,0,0,,nation,2,0,never_instantiated,0,,,,,0,0,lineitem,supplier,1000000,0,never_instantiated,0,,,,,0,0,,,,,,,,,,,,,,,,,,,,,,,,,,,,,,,,,,,,,,,,,,,,,,,,
Q08,1,19,1,6.77,,region,1,0,never_instantiated,0,,,,,0,0,,nation,25,0,never_instantiated,0,,,,,0,0,,nation,25,0,never_instantiated,0,,,,,0,0,supplier,,1222092,0,never_instantiated,0,,,,,0,0,customer,,1222092,0,never_instantiated,0,,,,,0,0,orders,,4025859,0,never_instantiated,0,,,,,0,0,lineitem,part,134258,0,never_instantiated,0,,,,,0,0,,,,,,,,,,,,,,,,,,,,,,,,
Q09,1,19,1,19.37,,nation,25,0,never_instantiated,0,,,,,0,0,,partsupp,80000000,0,never_instantiated,0,,,,,0,0,,orders,150000000,0,never_instantiated,0,,,,,0,0,,part,1087982,0,never_instantiated,0,,,,,0,0,lineitem,supplier,1000000,0,never_instantiated,0,,,,,0,0,,,,,,,,,,,,,,,,,,,,,,,,,,,,,,,,,,,,,,,,,,,,,,,,
Q10,1,19,1,6.77,,nation,25,0,never_instantiated,0,,,,,0,0,customer,,11463171,0,never_instantiated,0,,,,,0,0,lineitem,orders,5730378,0,never_instantiated,0,,,,,0,0,,,,,,,,,,,,,,,,,,,,,,,,,,,,,,,,,,,,,,,,,,,,,,,,,,,,,,,,,,,,,,,,,,,,,,,,
Q11,1,19,1,1.03,,nation,1,0,never_instantiated,0,,,,,0,0,partsupp,supplier,1000000,0,never_instantiated,0,,,,,0,0,partsupp,,40045,0,never_instantiated,0,,,,,0,0,supplier,nation,1,0,never_instantiated,0,,,,,0,0,,,,,,,,,,,,,,,,,,,,,,,,,,,,,,,,,,,,,,,,,,,,,,,,,,,,,,,,,,,,
Q12,1,19,1,3.59,orders,lineitem,3115341,0,never_instantiated,0,,,,,0,0,,,,,,,,,,,,,,,,,,,,,,,,,,,,,,,,,,,,,,,,,,,,,,,,,,,,,,,,,,,,,,,,,,,,,,,,,,,,,,,,,,,,,,,,,,,,,,,,
Q13,1,19,1,8.61,orders,customer,15000000,0,never_instantiated,0,,,,,0,0,,,,,,,,,,,,,,,,,,,,,,,,,,,,,,,,,,,,,,,,,,,,,,,,,,,,,,,,,,,,,,,,,,,,,,,,,,,,,,,,,,,,,,,,,,,,,,,,
Q14,1,19,1,4.82,lineitem,part,20000000,0,never_instantiated,0,,,,,0,0,,,,,,,,,,,,,,,,,,,,,,,,,,,,,,,,,,,,,,,,,,,,,,,,,,,,,,,,,,,,,,,,,,,,,,,,,,,,,,,,,,,,,,,,,,,,,,,,
Q15,1,19,1,2.67,,,1,0,never_instantiated,0,,,,,0,0,supplier,,1000000,0,never_instantiated,0,,,,,0,0,,,,,,,,,,,,,,,,,,,,,,,,,,,,,,,,,,,,,,,,,,,,,,,,,,,,,,,,,,,,,,,,,,,,,,,,,,,,,,,,,,,,
Q16,1,19,1,2.26,,supplier,479,0,never_instantiated,0,,,,,0,0,partsupp,,2971749,0,never_instantiated,0,,,,,0,0,part,,8,0,never_instantiated,0,,,,,0,0,,,,,,,,,,,,,,,,,,,,,,,,,,,,,,,,,,,,,,,,,,,,,,,,,,,,,,,,,,,,,,,,,,,,,,,,
Q17,1,19,1,7.28,lineitem,part,20031,0,never_instantiated,0,,,,,0,0,,,600982,0,never_instantiated,0,,,,,0,0,lineitem,,20031,0,never_instantiated,0,,,,,0,0,,,,,,,,,,,,,,,,,,,,,,,,,,,,,,,,,,,,,,,,,,,,,,,,,,,,,,,,,,,,,,,,,,,,,,,,
Q18,1,19,1,23.06,,lineitem,6398,0,never_instantiated,0,,,,,0,0,,customer,14999999,0,never_instantiated,0,,,,,0,0,lineitem,orders,150000000,0,never_instantiated,0,,,,,0,0,,,,,,,,,,,,,,,,,,,,,,,,,,,,,,,,,,,,,,,,,,,,,,,,,,,,,,,,,,,,,,,,,,,,,,,,
Q19,1,19,1,6.46,lineitem,part,20000000,0,never_instantiated,0,,,,,0,0,,,,,,,,,,,,,,,,,,,,,,,,,,,,,,,,,,,,,,,,,,,,,,,,,,,,,,,,,,,,,,,,,,,,,,,,,,,,,,,,,,,,,,,,,,,,,,,,
Q20,1,19,1,5.13,,,40207,0,never_instantiated,0,,,,,0,0,partsupp,part,217222,0,never_instantiated,0,,,,,0,0,,,868888,0,never_instantiated,0,,,,,0,0,lineitem,,868888,0,never_instantiated,0,,,,,0,0,supplier,nation,1,0,never_instantiated,0,,,,,0,0,,,,,,,,,,,,,,,,,,,,,,,,,,,,,,,,,,,,,,,,,,,,,,,,
Q21,1,19,1,16.09,orders,,15146702,0,never_instantiated,0,,,,,0,0,,nation,1,0,never_instantiated,0,,,,,0,0,lineitem,supplier,1000000,0,never_instantiated,0,,,,,0,0,,,7313671,0,never_instantiated,0,,,,,0,0,lineitem,,7313658,0,never_instantiated,0,,,,,0,0,,,7048027,0,never_instantiated,0,,,,,0,0,lineitem,,7048014,0,never_instantiated,0,,,,,0,0,,,,,,,,,,,,,,,,,,,,,,,,
Q22,1,19,1,2.57,,,1909668,0,never_instantiated,0,,,,,0,0,orders,,1909668,0,never_instantiated,0,,,,,0,0,,,,,,,,,,,,,,,,,,,,,,,,,,,,,,,,,,,,,,,,,,,,,,,,,,,,,,,,,,,,,,,,,,,,,,,,,,,,,,,,,,,,
Q01,2,0,1,4.61,,,,,,,,,,,,,,,,,,,,,,,,,,,,,,,,,,,,,,,,,,,,,,,,,,,,,,,,,,,,,,,,,,,,,,,,,,,,,,,,,,,,,,,,,,,,,,,,,,,,,,,,,,,,
Q02,2,0,1,1.13,,region,1,0,never_instantiated,0,,,,,0,0,,nation,5,0,never_instantiated,0,,,,,0,0,,supplier,200535,0,never_instantiated,0,,,,,0,0,partsupp,part,79591,0,never_instantiated,0,,,,,0,0,,,63825,0,never_instantiated,0,,,,,0,0,,,47107,0,never_instantiated,0,,,,,0,0,,region,1,0,never_instantiated,0,,,,,0,0,partsupp,,200535,0,never_instantiated,0,,,,,0,0,supplier,nation,5,0,never_instantiated,0,,,,,0,0
Q03,2,0,1,7.38,,customer,3000188,0,never_instantiated,0,,,,,0,0,lineitem,orders,72874383,0,never_instantiated,0,,,,,0,0,,,,,,,,,,,,,,,,,,,,,,,,,,,,,,,,,,,,,,,,,,,,,,,,,,,,,,,,,,,,,,,,,,,,,,,,,,,,,,,,,,,,
Q04,2,0,1,4.72,,,5733776,0,never_instantiated,0,,,,,0,0,lineitem,,5733776,0,never_instantiated,0,,,,,0,0,,,,,,,,,,,,,,,,,,,,,,,,,,,,,,,,,,,,,,,,,,,,,,,,,,,,,,,,,,,,,,,,,,,,,,,,,,,,,,,,,,,,
Q05,2,0,1,7.59,,supplier,1000000,0,never_instantiated,0,,,,,0,0,,region,1,0,never_instantiated,0,,,,,0,0,,nation,5,0,never_instantiated,0,,,,,0,0,,customer,2999759,0,never_instantiated,0,,,,,0,0,lineitem,orders,4562850,0,never_instantiated,0,,,,,0,0,,,,,,,,,,,,,,,,,,,,,,,,,,,,,,,,,,,,,,,,,,,,,,,,
Q06,2,0,1,1.75,,,,,,,,,,,,,,,,,,,,,,,,,,,,,,,,,,,,,,,,,,,,,,,,,,,,,,,,,,,,,,,,,,,,,,,,,,,,,,,,,,,,,,,,,,,,,,,,,,,,,,,,,,,,
Q07,2,0,1,3.90,,nation,2,0,never_instantiated,0,,,,,0,0,,supplier,80171,0,never_instantiated,0,,,,,0,0,,nation,2,0,never_instantiated,0,,,,,0,0,,customer,1200139,0,never_instantiated,0,,,,,0,0,lineitem,orders,12026518,0,never_instantiated,0,,,,,0,0,,,,,,,,,,,,,,,,,,,,,,,,,,,,,,,,,,,,,,,,,,,,,,,,
Q08,2,0,1,4.21,,nation,25,0,never_instantiated,0,,,,,0,0,supplier,,244821,0,never_instantiated,0,,,,,0,0,,region,1,0,never_instantiated,0,,,,,0,0,,part,134258,0,never_instantiated,0,,,,,0,0,,nation,5,0,never_instantiated,0,,,,,0,0,,customer,3001905,0,never_instantiated,0,,,,,0,0,lineitem,orders,9140870,0,never_instantiated,0,,,,,0,0,,,,,,,,,,,,,,,,,,,,,,,,
Q09,2,0,1,18.14,,nation,25,0,never_instantiated,0,,,,,0,0,,supplier,1000000,0,never_instantiated,0,,,,,0,0,,partsupp,80000000,0,never_instantiated,0,,,,,0,0,,part,1087982,0,never_instantiated,0,,,,,0,0,lineitem,orders,150000000,0,never_instantiated,0,,,,,0,0,,,,,,,,,,,,,,,,,,,,,,,,,,,,,,,,,,,,,,,,,,,,,,,,
Q10,2,0,1,4.72,,nation,25,0,never_instantiated,0,,,,,0,0,customer,,11463171,0,never_instantiated,0,,,,,0,0,lineitem,orders,5730378,0,never_instantiated,0,,,,,0,0,,,,,,,,,,,,,,,,,,,,,,,,,,,,,,,,,,,,,,,,,,,,,,,,,,,,,,,,,,,,,,,,,,,,,,,,
Q11,2,0,1,0.82,partsupp,,40045,0,never_instantiated,0,,,,,0,0,supplier,nation,1,0,never_instantiated,0,,,,,0,0,partsupp,,40045,0,never_instantiated,0,,,,,0,0,supplier,nation,1,0,never_instantiated,0,,,,,0,0,,,,,,,,,,,,,,,,,,,,,,,,,,,,,,,,,,,,,,,,,,,,,,,,,,,,,,,,,,,,
Q12,2,0,1,3.59,orders,lineitem,3115341,0,never_instantiated,0,,,,,0,0,,,,,,,,,,,,,,,,,,,,,,,,,,,,,,,,,,,,,,,,,,,,,,,,,,,,,,,,,,,,,,,,,,,,,,,,,,,,,,,,,,,,,,,,,,,,,,,,
Q13,2,0,1,8.72,orders,customer,15000000,0,never_instantiated,0,,,,,0,0,,,,,,,,,,,,,,,,,,,,,,,,,,,,,,,,,,,,,,,,,,,,,,,,,,,,,,,,,,,,,,,,,,,,,,,,,,,,,,,,,,,,,,,,,,,,,,,,
Q14,2,0,1,4.92,lineitem,part,20000000,0,never_instantiated,0,,,,,0,0,,,,,,,,,,,,,,,,,,,,,,,,,,,,,,,,,,,,,,,,,,,,,,,,,,,,,,,,,,,,,,,,,,,,,,,,,,,,,,,,,,,,,,,,,,,,,,,,
Q15,2,0,1,2.67,,,1,0,never_instantiated,0,,,,,0,0,supplier,,1000000,0,never_instantiated,0,,,,,0,0,,,,,,,,,,,,,,,,,,,,,,,,,,,,,,,,,,,,,,,,,,,,,,,,,,,,,,,,,,,,,,,,,,,,,,,,,,,,,,,,,,,,
Q16,2,0,1,2.26,,supplier,479,0,never_instantiated,0,,,,,0,0,partsupp,,2971749,0,never_instantiated,0,,,,,0,0,part,,8,0,never_instantiated,0,,,,,0,0,,,,,,,,,,,,,,,,,,,,,,,,,,,,,,,,,,,,,,,,,,,,,,,,,,,,,,,,,,,,,,,,,,,,,,,,
Q17,2,0,1,7.18,lineitem,part,20031,0,never_instantiated,0,,,,,0,0,,,600982,0,never_instantiated,0,,,,,0,0,lineitem,,20031,0,never_instantiated,0,,,,,0,0,,,,,,,,,,,,,,,,,,,,,,,,,,,,,,,,,,,,,,,,,,,,,,,,,,,,,,,,,,,,,,,,,,,,,,,,
Q18,2,0,1,22.96,,lineitem,6398,0,never_instantiated,0,,,,,0,0,,customer,14999999,0,never_instantiated,0,,,,,0,0,lineitem,orders,150000000,0,never_instantiated,0,,,,,0,0,,,,,,,,,,,,,,,,,,,,,,,,,,,,,,,,,,,,,,,,,,,,,,,,,,,,,,,,,,,,,,,,,,,,,,,,
Q19,2,0,1,6.46,lineitem,part,20000000,0,never_instantiated,0,,,,,0,0,,,,,,,,,,,,,,,,,,,,,,,,,,,,,,,,,,,,,,,,,,,,,,,,,,,,,,,,,,,,,,,,,,,,,,,,,,,,,,,,,,,,,,,,,,,,,,,,
Q20,2,0,1,3.80,,,40207,0,never_instantiated,0,,,,,0,0,partsupp,part,217222,0,never_instantiated,0,,,,,0,0,,,35136,0,never_instantiated,0,,,,,0,0,lineitem,,35136,0,never_instantiated,0,,,,,0,0,supplier,nation,1,0,never_instantiated,0,,,,,0,0,,,,,,,,,,,,,,,,,,,,,,,,,,,,,,,,,,,,,,,,,,,,,,,,
Q21,2,0,1,13.64,,nation,1,0,never_instantiated,0,,,,,0,0,,supplier,39953,0,never_instantiated,0,,,,,0,0,lineitem,orders,73072502,0,never_instantiated,0,,,,,0,0,,,7313671,0,never_instantiated,0,,,,,0,0,lineitem,,7313658,0,never_instantiated,0,,,,,0,0,,,7048027,0,never_instantiated,0,,,,,0,0,lineitem,,7048014,0,never_instantiated,0,,,,,0,0,,,,,,,,,,,,,,,,,,,,,,,,
Q22,2,0,1,2.57,,,1909668,0,never_instantiated,0,,,,,0,0,orders,,1909668,0,never_instantiated,0,,,,,0,0,,,,,,,,,,,,,,,,,,,,,,,,,,,,,,,,,,,,,,,,,,,,,,,,,,,,,,,,,,,,,,,,,,,,,,,,,,,,,,,,,,,,
Q01,2,1,1,4.61,,,,,,,,,,,,,,,,,,,,,,,,,,,,,,,,,,,,,,,,,,,,,,,,,,,,,,,,,,,,,,,,,,,,,,,,,,,,,,,,,,,,,,,,,,,,,,,,,,,,,,,,,,,,
Q02,2,1,1,1.23,,region,1,0,never_instantiated,0,,,,,0,0,,part,79591,0,never_instantiated,0,,,,,0,0,,nation,5,0,never_instantiated,0,,,,,0,0,partsupp,supplier,200535,0,never_instantiated,0,,,,,0,0,,,63825,0,never_instantiated,0,,,,,0,0,,,47107,0,never_instantiated,0,,,,,0,0,,region,1,0,never_instantiated,0,,,,,0,0,,nation,5,0,never_instantiated,0,,,,,0,0,partsupp,supplier,200535,0,never_instantiated,0,,,,,0,0
Q03,2,1,1,3.80,,customer,3000188,0,never_instantiated,0,,,,,0,0,lineitem,orders,14600127,0,never_instantiated,0,,,,,0,0,,,,,,,,,,,,,,,,,,,,,,,,,,,,,,,,,,,,,,,,,,,,,,,,,,,,,,,,,,,,,,,,,,,,,,,,,,,,,,,,,,,,
Q04,2,1,1,4.72,,,5733776,0,never_instantiated,0,,,,,0,0,lineitem,,5733776,0,never_instantiated,0,,,,,0,0,,,,,,,,,,,,,,,,,,,,,,,,,,,,,,,,,,,,,,,,,,,,,,,,,,,,,,,,,,,,,,,,,,,,,,,,,,,,,,,,,,,,
Q05,2,1,1,9999999,,,,,,,,,,,,,,,,,,,,,,,,,,,,,,,,,,,,,,,,,,,,,,,,,,,,,,,,,,,,,,,,,,,,,,,,,,,,,,,,,,,,,,,,,,,,,,,,,,,,,,,,,,,,
Q06,2,1,1,1.75,,,,,,,,,,,,,,,,,,,,,,,,,,,,,,,,,,,,,,,,,,,,,,,,,,,,,,,,,,,,,,,,,,,,,,,,,,,,,,,,,,,,,,,,,,,,,,,,,,,,,,,,,,,,
Q07,2,1,1,3.90,,nation,2,0,never_instantiated,0,,,,,0,0,,customer,1200139,0,never_instantiated,0,,,,,0,0,orders,,1179101,0,never_instantiated,0,,,,,0,0,,nation,2,0,never_instantiated,0,,,,,0,0,lineitem,supplier,80171,0,never_instantiated,0,,,,,0,0,,,,,,,,,,,,,,,,,,,,,,,,,,,,,,,,,,,,,,,,,,,,,,,,
Q08,2,1,1,4.72,,region,1,0,never_instantiated,0,,,,,0,0,,nation,5,0,never_instantiated,0,,,,,0,0,,nation,25,0,never_instantiated,0,,,,,0,0,supplier,,244821,0,never_instantiated,0,,,,,0,0,customer,,245334,0,never_instantiated,0,,,,,0,0,orders,,246009,0,never_instantiated,0,,,,,0,0,lineitem,part,134258,0,never_instantiated,0,,,,,0,0,,,,,,,,,,,,,,,,,,,,,,,,
Q09,2,1,1,10.57,,nation,25,0,never_instantiated,0,,,,,0,0,,supplier,1000000,0,never_instantiated,0,,,,,0,0,,orders,150000000,0,never_instantiated,0,,,,,0,0,,partsupp,80000000,0,never_instantiated,0,,,,,0,0,lineitem,part,1087982,0,never_instantiated,0,,,,,0,0,,,,,,,,,,,,,,,,,,,,,,,,,,,,,,,,,,,,,,,,,,,,,,,,
Q10,2,1,1,4.82,,nation,25,0,never_instantiated,0,,,,,0,0,customer,,11463171,0,never_instantiated,0,,,,,0,0,lineitem,orders,5730378,0,never_instantiated,0,,,,,0,0,,,,,,,,,,,,,,,,,,,,,,,,,,,,,,,,,,,,,,,,,,,,,,,,,,,,,,,,,,,,,,,,,,,,,,,,
Q11,2,1,1,1.03,,nation,1,0,never_instantiated,0,,,,,0,0,partsupp,supplier,40045,0,never_instantiated,0,,,,,0,0,partsupp,,40045,0,never_instantiated,0,,,,,0,0,supplier,nation,1,0,never_instantiated,0,,,,,0,0,,,,,,,,,,,,,,,,,,,,,,,,,,,,,,,,,,,,,,,,,,,,,,,,,,,,,,,,,,,,
Q12,2,1,1,3.59,orders,lineitem,3115341,0,never_instantiated,0,,,,,0,0,,,,,,,,,,,,,,,,,,,,,,,,,,,,,,,,,,,,,,,,,,,,,,,,,,,,,,,,,,,,,,,,,,,,,,,,,,,,,,,,,,,,,,,,,,,,,,,,
Q13,2,1,1,8.62,orders,customer,15000000,0,never_instantiated,0,,,,,0,0,,,,,,,,,,,,,,,,,,,,,,,,,,,,,,,,,,,,,,,,,,,,,,,,,,,,,,,,,,,,,,,,,,,,,,,,,,,,,,,,,,,,,,,,,,,,,,,,
Q14,2,1,1,4.82,lineitem,part,20000000,0,never_instantiated,0,,,,,0,0,,,,,,,,,,,,,,,,,,,,,,,,,,,,,,,,,,,,,,,,,,,,,,,,,,,,,,,,,,,,,,,,,,,,,,,,,,,,,,,,,,,,,,,,,,,,,,,,
Q15,2,1,1,2.67,,,1,0,never_instantiated,0,,,,,0,0,supplier,,1000000,0,never_instantiated,0,,,,,0,0,,,,,,,,,,,,,,,,,,,,,,,,,,,,,,,,,,,,,,,,,,,,,,,,,,,,,,,,,,,,,,,,,,,,,,,,,,,,,,,,,,,,
Q16,2,1,1,2.26,,supplier,479,0,never_instantiated,0,,,,,0,0,partsupp,,2971749,0,never_instantiated,0,,,,,0,0,part,,8,0,never_instantiated,0,,,,,0,0,,,,,,,,,,,,,,,,,,,,,,,,,,,,,,,,,,,,,,,,,,,,,,,,,,,,,,,,,,,,,,,,,,,,,,,,
Q17,2,1,1,7.28,lineitem,part,20031,0,never_instantiated,0,,,,,0,0,,,600982,0,never_instantiated,0,,,,,0,0,lineitem,,20031,0,never_instantiated,0,,,,,0,0,,,,,,,,,,,,,,,,,,,,,,,,,,,,,,,,,,,,,,,,,,,,,,,,,,,,,,,,,,,,,,,,,,,,,,,,
Q18,2,1,1,23.07,,lineitem,6398,0,never_instantiated,0,,,,,0,0,,customer,14999999,0,never_instantiated,0,,,,,0,0,lineitem,orders,150000000,0,never_instantiated,0,,,,,0,0,,,,,,,,,,,,,,,,,,,,,,,,,,,,,,,,,,,,,,,,,,,,,,,,,,,,,,,,,,,,,,,,,,,,,,,,
Q19,2,1,1,6.36,lineitem,part,20000000,0,never_instantiated,0,,,,,0,0,,,,,,,,,,,,,,,,,,,,,,,,,,,,,,,,,,,,,,,,,,,,,,,,,,,,,,,,,,,,,,,,,,,,,,,,,,,,,,,,,,,,,,,,,,,,,,,,
Q20,2,1,1,3.80,,,40207,0,never_instantiated,0,,,,,0,0,partsupp,part,217222,0,never_instantiated,0,,,,,0,0,,,35136,0,never_instantiated,0,,,,,0,0,lineitem,,35136,0,never_instantiated,0,,,,,0,0,supplier,nation,1,0,never_instantiated,0,,,,,0,0,,,,,,,,,,,,,,,,,,,,,,,,,,,,,,,,,,,,,,,,,,,,,,,,
Q21,2,1,1,14.05,orders,,15146702,0,never_instantiated,0,,,,,0,0,,nation,1,0,never_instantiated,0,,,,,0,0,lineitem,supplier,39953,0,never_instantiated,0,,,,,0,0,,,7313671,0,never_instantiated,0,,,,,0,0,lineitem,,7313658,0,never_instantiated,0,,,,,0,0,,,7048027,0,never_instantiated,0,,,,,0,0,lineitem,,7048014,0,never_instantiated,0,,,,,0,0,,,,,,,,,,,,,,,,,,,,,,,,
Q22,2,1,1,2.57,,,1909668,0,never_instantiated,0,,,,,0,0,orders,,1909668,0,never_instantiated,0,,,,,0,0,,,,,,,,,,,,,,,,,,,,,,,,,,,,,,,,,,,,,,,,,,,,,,,,,,,,,,,,,,,,,,,,,,,,,,,,,,,,,,,,,,,,
Q01,2,2,1,4.51,,,,,,,,,,,,,,,,,,,,,,,,,,,,,,,,,,,,,,,,,,,,,,,,,,,,,,,,,,,,,,,,,,,,,,,,,,,,,,,,,,,,,,,,,,,,,,,,,,,,,,,,,,,,
Q02,2,2,1,1.23,,region,1,0,never_instantiated,0,,,,,0,0,,nation,5,0,never_instantiated,0,,,,,0,0,,supplier,200535,0,never_instantiated,0,,,,,0,0,partsupp,part,79591,0,never_instantiated,0,,,,,0,0,,,63825,0,never_instantiated,0,,,,,0,0,,,47107,0,never_instantiated,0,,,,,0,0,,region,1,0,never_instantiated,0,,,,,0,0,,nation,5,0,never_instantiated,0,,,,,0,0,partsupp,supplier,200535,0,never_instantiated,0,,,,,0,0
Q03,2,2,1,7.38,,customer,3000188,0,never_instantiated,0,,,,,0,0,lineitem,orders,72874383,0,never_instantiated,0,,,,,0,0,,,,,,,,,,,,,,,,,,,,,,,,,,,,,,,,,,,,,,,,,,,,,,,,,,,,,,,,,,,,,,,,,,,,,,,,,,,,,,,,,,,,
Q04,2,2,1,4.72,,,5733776,0,never_instantiated,0,,,,,0,0,lineitem,,5733776,0,never_instantiated,0,,,,,0,0,,,,,,,,,,,,,,,,,,,,,,,,,,,,,,,,,,,,,,,,,,,,,,,,,,,,,,,,,,,,,,,,,,,,,,,,,,,,,,,,,,,,
Q05,2,2,1,7.28,,region,1,0,never_instantiated,0,,,,,0,0,,supplier,1000000,0,never_instantiated,0,,,,,0,0,,nation,5,0,never_instantiated,0,,,,,0,0,,customer,2999759,0,never_instantiated,0,,,,,0,0,lineitem,orders,4562850,0,never_instantiated,0,,,,,0,0,,,,,,,,,,,,,,,,,,,,,,,,,,,,,,,,,,,,,,,,,,,,,,,,
Q06,2,2,1,1.75,,,,,,,,,,,,,,,,,,,,,,,,,,,,,,,,,,,,,,,,,,,,,,,,,,,,,,,,,,,,,,,,,,,,,,,,,,,,,,,,,,,,,,,,,,,,,,,,,,,,,,,,,,,,
Q07,2,2,1,3.90,,nation,2,0,never_instantiated,0,,,,,0,0,,supplier,80171,0,never_instantiated,0,,,,,0,0,,nation,2,0,never_instantiated,0,,,,,0,0,,customer,1200139,0,never_instantiated,0,,,,,0,0,lineitem,orders,12026518,0,never_instantiated,0,,,,,0,0,,,,,,,,,,,,,,,,,,,,,,,,,,,,,,,,,,,,,,,,,,,,,,,,
Q08,2,2,1,4.10,,region,1,0,never_instantiated,0,,,,,0,0,,nation,5,0,never_instantiated,0,,,,,0,0,customer,,245334,0,never_instantiated,0,,,,,0,0,,part,134258,0,never_instantiated,0,,,,,0,0,,orders,9140870,0,never_instantiated,0,,,,,0,0,,nation,25,0,never_instantiated,0,,,,,0,0,lineitem,supplier,1000000,0,never_instantiated,0,,,,,0,0,,,,,,,,,,,,,,,,,,,,,,,,
Q09,2,2,1,9.75,,nation,25,0,never_instantiated,0,,,,,0,0,,supplier,1000000,0,never_instantiated,0,,,,,0,0,,part,1087982,0,never_instantiated,0,,,,,0,0,,orders,150000000,0,never_instantiated,0,,,,,0,0,lineitem,partsupp,4363044,0,never_instantiated,0,,,,,0,0,,,,,,,,,,,,,,,,,,,,,,,,,,,,,,,,,,,,,,,,,,,,,,,,
Q10,2,2,1,4.72,,nation,25,0,never_instantiated,0,,,,,0,0,customer,,11463171,0,never_instantiated,0,,,,,0,0,lineitem,orders,5730378,0,never_instantiated,0,,,,,0,0,,,,,,,,,,,,,,,,,,,,,,,,,,,,,,,,,,,,,,,,,,,,,,,,,,,,,,,,,,,,,,,,,,,,,,,,
Q11,2,2,1,0.93,partsupp,,40045,0,never_instantiated,0,,,,,0,0,supplier,nation,1,0,never_instantiated,0,,,,,0,0,partsupp,,40045,0,never_instantiated,0,,,,,0,0,supplier,nation,1,0,never_instantiated,0,,,,,0,0,,,,,,,,,,,,,,,,,,,,,,,,,,,,,,,,,,,,,,,,,,,,,,,,,,,,,,,,,,,,
Q12,2,2,1,3.59,orders,lineitem,3115341,0,never_instantiated,0,,,,,0,0,,,,,,,,,,,,,,,,,,,,,,,,,,,,,,,,,,,,,,,,,,,,,,,,,,,,,,,,,,,,,,,,,,,,,,,,,,,,,,,,,,,,,,,,,,,,,,,,
Q13,2,2,1,8.51,orders,customer,15000000,0,never_instantiated,0,,,,,0,0,,,,,,,,,,,,,,,,,,,,,,,,,,,,,,,,,,,,,,,,,,,,,,,,,,,,,,,,,,,,,,,,,,,,,,,,,,,,,,,,,,,,,,,,,,,,,,,,
Q14,2,2,1,4.72,lineitem,part,20000000,0,never_instantiated,0,,,,,0,0,,,,,,,,,,,,,,,,,,,,,,,,,,,,,,,,,,,,,,,,,,,,,,,,,,,,,,,,,,,,,,,,,,,,,,,,,,,,,,,,,,,,,,,,,,,,,,,,
Q15,2,2,1,2.67,,,1,0,never_instantiated,0,,,,,0,0,supplier,,1000000,0,never_instantiated,0,,,,,0,0,,,,,,,,,,,,,,,,,,,,,,,,,,,,,,,,,,,,,,,,,,,,,,,,,,,,,,,,,,,,,,,,,,,,,,,,,,,,,,,,,,,,
Q16,2,2,1,2.26,,supplier,479,0,never_instantiated,0,,,,,0,0,partsupp,,2971749,0,never_instantiated,0,,,,,0,0,part,,8,0,never_instantiated,0,,,,,0,0,,,,,,,,,,,,,,,,,,,,,,,,,,,,,,,,,,,,,,,,,,,,,,,,,,,,,,,,,,,,,,,,,,,,,,,,
Q17,2,2,1,7.28,lineitem,part,20031,0,never_instantiated,0,,,,,0,0,,,600982,0,never_instantiated,0,,,,,0,0,lineitem,,20031,0,never_instantiated,0,,,,,0,0,,,,,,,,,,,,,,,,,,,,,,,,,,,,,,,,,,,,,,,,,,,,,,,,,,,,,,,,,,,,,,,,,,,,,,,,
Q18,2,2,1,22.96,,lineitem,6398,0,never_instantiated,0,,,,,0,0,,customer,14999999,0,never_instantiated,0,,,,,0,0,lineitem,orders,150000000,0,never_instantiated,0,,,,,0,0,,,,,,,,,,,,,,,,,,,,,,,,,,,,,,,,,,,,,,,,,,,,,,,,,,,,,,,,,,,,,,,,,,,,,,,,
Q19,2,2,1,6.36,lineitem,part,20000000,0,never_instantiated,0,,,,,0,0,,,,,,,,,,,,,,,,,,,,,,,,,,,,,,,,,,,,,,,,,,,,,,,,,,,,,,,,,,,,,,,,,,,,,,,,,,,,,,,,,,,,,,,,,,,,,,,,
Q20,2,2,1,3.80,,,40207,0,never_instantiated,0,,,,,0,0,partsupp,part,217222,0,never_instantiated,0,,,,,0,0,,,35136,0,never_instantiated,0,,,,,0,0,lineitem,,35136,0,never_instantiated,0,,,,,0,0,supplier,nation,1,0,never_instantiated,0,,,,,0,0,,,,,,,,,,,,,,,,,,,,,,,,,,,,,,,,,,,,,,,,,,,,,,,,
Q21,2,2,1,13.74,,nation,1,0,never_instantiated,0,,,,,0,0,,supplier,39953,0,never_instantiated,0,,,,,0,0,lineitem,orders,73072502,0,never_instantiated,0,,,,,0,0,,,7313671,0,never_instantiated,0,,,,,0,0,lineitem,,7313658,0,never_instantiated,0,,,,,0,0,,,7048027,0,never_instantiated,0,,,,,0,0,lineitem,,7048014,0,never_instantiated,0,,,,,0,0,,,,,,,,,,,,,,,,,,,,,,,,
Q22,2,2,1,2.57,,,1909668,0,never_instantiated,0,,,,,0,0,orders,,1909668,0,never_instantiated,0,,,,,0,0,,,,,,,,,,,,,,,,,,,,,,,,,,,,,,,,,,,,,,,,,,,,,,,,,,,,,,,,,,,,,,,,,,,,,,,,,,,,,,,,,,,,
Q01,2,3,1,4.51,,,,,,,,,,,,,,,,,,,,,,,,,,,,,,,,,,,,,,,,,,,,,,,,,,,,,,,,,,,,,,,,,,,,,,,,,,,,,,,,,,,,,,,,,,,,,,,,,,,,,,,,,,,,
Q02,2,3,1,1.03,,region,1,0,never_instantiated,0,,,,,0,0,,nation,5,0,never_instantiated,0,,,,,0,0,,part,79591,0,never_instantiated,0,,,,,0,0,partsupp,supplier,200535,0,never_instantiated,0,,,,,0,0,,,63825,0,never_instantiated,0,,,,,0,0,,,47107,0,never_instantiated,0,,,,,0,0,,region,1,0,never_instantiated,0,,,,,0,0,partsupp,,200535,0,never_instantiated,0,,,,,0,0,supplier,nation,5,0,never_instantiated,0,,,,,0,0
Q03,2,3,1,3.80,,customer,3000188,0,never_instantiated,0,,,,,0,0,lineitem,orders,14600127,0,never_instantiated,0,,,,,0,0,,,,,,,,,,,,,,,,,,,,,,,,,,,,,,,,,,,,,,,,,,,,,,,,,,,,,,,,,,,,,,,,,,,,,,,,,,,,,,,,,,,,
Q04,2,3,1,4.72,,,5733776,0,never_instantiated,0,,,,,0,0,lineitem,,5733776,0,never_instantiated,0,,,,,0,0,,,,,,,,,,,,,,,,,,,,,,,,,,,,,,,,,,,,,,,,,,,,,,,,,,,,,,,,,,,,,,,,,,,,,,,,,,,,,,,,,,,,
Q05,2,3,1,9999999,,,,,,,,,,,,,,,,,,,,,,,,,,,,,,,,,,,,,,,,,,,,,,,,,,,,,,,,,,,,,,,,,,,,,,,,,,,,,,,,,,,,,,,,,,,,,,,,,,,,,,,,,,,,
Q06,2,3,1,1.75,,,,,,,,,,,,,,,,,,,,,,,,,,,,,,,,,,,,,,,,,,,,,,,,,,,,,,,,,,,,,,,,,,,,,,,,,,,,,,,,,,,,,,,,,,,,,,,,,,,,,,,,,,,,
Q07,2,3,1,3.90,,nation,2,0,never_instantiated,0,,,,,0,0,,customer,1200139,0,never_instantiated,0,,,,,0,0,,nation,2,0,never_instantiated,0,,,,,0,0,orders,,1179101,0,never_instantiated,0,,,,,0,0,lineitem,supplier,80171,0,never_instantiated,0,,,,,0,0,,,,,,,,,,,,,,,,,,,,,,,,,,,,,,,,,,,,,,,,,,,,,,,,
Q08,2,3,1,4.21,,region,1,0,never_instantiated,0,,,,,0,0,,nation,25,0,never_instantiated,0,,,,,0,0,,part,134258,0,never_instantiated,0,,,,,0,0,,nation,5,0,never_instantiated,0,,,,,0,0,,supplier,1000000,0,never_instantiated,0,,,,,0,0,,customer,3001905,0,never_instantiated,0,,,,,0,0,lineitem,orders,9140870,0,never_instantiated,0,,,,,0,0,,,,,,,,,,,,,,,,,,,,,,,,
Q09,2,3,1,9.54,,orders,150000000,0,never_instantiated,0,,,,,0,0,,nation,25,0,never_instantiated,0,,,,,0,0,,part,1087982,0,never_instantiated,0,,,,,0,0,,partsupp,4363044,0,never_instantiated,0,,,,,0,0,lineitem,supplier,1000000,0,never_instantiated,0,,,,,0,0,,,,,,,,,,,,,,,,,,,,,,,,,,,,,,,,,,,,,,,,,,,,,,,,
Q10,2,3,1,4.82,,nation,25,0,never_instantiated,0,,,,,0,0,customer,,11463171,0,never_instantiated,0,,,,,0,0,lineitem,orders,5730378,0,never_instantiated,0,,,,,0,0,,,,,,,,,,,,,,,,,,,,,,,,,,,,,,,,,,,,,,,,,,,,,,,,,,,,,,,,,,,,,,,,,,,,,,,,
Q11,2,3,1,1.03,,nation,1,0,never_instantiated,0,,,,,0,0,partsupp,supplier,40045,0,never_instantiated,0,,,,,0,0,partsupp,,40045,0,never_instantiated,0,,,,,0,0,supplier,nation,1,0,never_instantiated,0,,,,,0,0,,,,,,,,,,,,,,,,,,,,,,,,,,,,,,,,,,,,,,,,,,,,,,,,,,,,,,,,,,,,
Q12,2,3,1,3.59,orders,lineitem,3115341,0,never_instantiated,0,,,,,0,0,,,,,,,,,,,,,,,,,,,,,,,,,,,,,,,,,,,,,,,,,,,,,,,,,,,,,,,,,,,,,,,,,,,,,,,,,,,,,,,,,,,,,,,,,,,,,,,,
Q13,2,3,1,8.61,orders,customer,15000000,0,never_instantiated,0,,,,,0,0,,,,,,,,,,,,,,,,,,,,,,,,,,,,,,,,,,,,,,,,,,,,,,,,,,,,,,,,,,,,,,,,,,,,,,,,,,,,,,,,,,,,,,,,,,,,,,,,
Q14,2,3,1,4.82,lineitem,part,20000000,0,never_instantiated,0,,,,,0,0,,,,,,,,,,,,,,,,,,,,,,,,,,,,,,,,,,,,,,,,,,,,,,,,,,,,,,,,,,,,,,,,,,,,,,,,,,,,,,,,,,,,,,,,,,,,,,,,
Q15,2,3,1,2.67,,,1,0,never_instantiated,0,,,,,0,0,supplier,,1000000,0,never_instantiated,0,,,,,0,0,,,,,,,,,,,,,,,,,,,,,,,,,,,,,,,,,,,,,,,,,,,,,,,,,,,,,,,,,,,,,,,,,,,,,,,,,,,,,,,,,,,,
Q16,2,3,1,2.26,,supplier,479,0,never_instantiated,0,,,,,0,0,partsupp,,2971749,0,never_instantiated,0,,,,,0,0,part,,8,0,never_instantiated,0,,,,,0,0,,,,,,,,,,,,,,,,,,,,,,,,,,,,,,,,,,,,,,,,,,,,,,,,,,,,,,,,,,,,,,,,,,,,,,,,
Q17,2,3,1,7.17,lineitem,part,20031,0,never_instantiated,0,,,,,0,0,,,600982,0,never_instantiated,0,,,,,0,0,lineitem,,20031,0,never_instantiated,0,,,,,0,0,,,,,,,,,,,,,,,,,,,,,,,,,,,,,,,,,,,,,,,,,,,,,,,,,,,,,,,,,,,,,,,,,,,,,,,,
Q18,2,3,1,23.06,,lineitem,6398,0,never_instantiated,0,,,,,0,0,,customer,14999999,0,never_instantiated,0,,,,,0,0,lineitem,orders,150000000,0,never_instantiated,0,,,,,0,0,,,,,,,,,,,,,,,,,,,,,,,,,,,,,,,,,,,,,,,,,,,,,,,,,,,,,,,,,,,,,,,,,,,,,,,,
Q19,2,3,1,6.46,lineitem,part,20000000,0,never_instantiated,0,,,,,0,0,,,,,,,,,,,,,,,,,,,,,,,,,,,,,,,,,,,,,,,,,,,,,,,,,,,,,,,,,,,,,,,,,,,,,,,,,,,,,,,,,,,,,,,,,,,,,,,,
Q20,2,3,1,3.79,,,40207,0,never_instantiated,0,,,,,0,0,partsupp,part,217222,0,never_instantiated,0,,,,,0,0,,,35136,0,never_instantiated,0,,,,,0,0,lineitem,,35136,0,never_instantiated,0,,,,,0,0,supplier,nation,1,0,never_instantiated,0,,,,,0,0,,,,,,,,,,,,,,,,,,,,,,,,,,,,,,,,,,,,,,,,,,,,,,,,
Q21,2,3,1,13.84,,nation,1,0,never_instantiated,0,,,,,0,0,,orders,73072502,0,never_instantiated,0,,,,,0,0,lineitem,supplier,39953,0,never_instantiated,0,,,,,0,0,,,7313671,0,never_instantiated,0,,,,,0,0,lineitem,,7313658,0,never_instantiated,0,,,,,0,0,,,7048027,0,never_instantiated,0,,,,,0,0,lineitem,,7048014,0,never_instantiated,0,,,,,0,0,,,,,,,,,,,,,,,,,,,,,,,,
Q22,2,3,1,2.57,,,1909668,0,never_instantiated,0,,,,,0,0,orders,,1909668,0,never_instantiated,0,,,,,0,0,,,,,,,,,,,,,,,,,,,,,,,,,,,,,,,,,,,,,,,,,,,,,,,,,,,,,,,,,,,,,,,,,,,,,,,,,,,,,,,,,,,,
Q01,2,4,1,4.61,,,,,,,,,,,,,,,,,,,,,,,,,,,,,,,,,,,,,,,,,,,,,,,,,,,,,,,,,,,,,,,,,,,,,,,,,,,,,,,,,,,,,,,,,,,,,,,,,,,,,,,,,,,,
Q02,2,4,1,1.13,,region,1,0,never_instantiated,0,,,,,0,0,,nation,5,0,never_instantiated,0,,,,,0,0,,supplier,200535,0,never_instantiated,0,,,,,0,0,partsupp,part,79591,0,never_instantiated,0,,,,,0,0,,,63825,0,never_instantiated,0,,,,,0,0,,,47107,0,never_instantiated,0,,,,,0,0,,region,1,0,never_instantiated,0,,,,,0,0,partsupp,,200535,0,never_instantiated,0,,,,,0,0,supplier,nation,5,0,never_instantiated,0,,,,,0,0
Q03,2,4,1,3.80,,customer,3000188,0,never_instantiated,0,,,,,0,0,lineitem,orders,14600127,0,never_instantiated,0,,,,,0,0,,,,,,,,,,,,,,,,,,,,,,,,,,,,,,,,,,,,,,,,,,,,,,,,,,,,,,,,,,,,,,,,,,,,,,,,,,,,,,,,,,,,
Q04,2,4,1,4.92,,,5733776,0,never_instantiated,0,,,,,0,0,lineitem,,5733776,0,never_instantiated,0,,,,,0,0,,,,,,,,,,,,,,,,,,,,,,,,,,,,,,,,,,,,,,,,,,,,,,,,,,,,,,,,,,,,,,,,,,,,,,,,,,,,,,,,,,,,
Q05,2,4,1,6.77,,region,1,0,never_instantiated,0,,,,,0,0,,nation,5,0,never_instantiated,0,,,,,0,0,,supplier,1000000,0,never_instantiated,0,,,,,0,0,,customer,2999759,0,never_instantiated,0,,,,,0,0,lineitem,orders,4562850,0,never_instantiated,0,,,,,0,0,,,,,,,,,,,,,,,,,,,,,,,,,,,,,,,,,,,,,,,,,,,,,,,,
Q06,2,4,1,1.75,,,,,,,,,,,,,,,,,,,,,,,,,,,,,,,,,,,,,,,,,,,,,,,,,,,,,,,,,,,,,,,,,,,,,,,,,,,,,,,,,,,,,,,,,,,,,,,,,,,,,,,,,,,,
Q07,2,4,1,3.90,,nation,2,0,never_instantiated,0,,,,,0,0,,nation,2,0,never_instantiated,0,,,,,0,0,,supplier,80171,0,never_instantiated,0,,,,,0,0,,customer,1200139,0,never_instantiated,0,,,,,0,0,lineitem,orders,12026518,0,never_instantiated,0,,,,,0,0,,,,,,,,,,,,,,,,,,,,,,,,,,,,,,,,,,,,,,,,,,,,,,,,
Q08,2,4,1,4.82,,region,1,0,never_instantiated,0,,,,,0,0,,nation,25,0,never_instantiated,0,,,,,0,0,,nation,5,0,never_instantiated,0,,,,,0,0,customer,,245334,0,never_instantiated,0,,,,,0,0,supplier,,245334,0,never_instantiated,0,,,,,0,0,orders,,246009,0,never_instantiated,0,,,,,0,0,lineitem,part,134258,0,never_instantiated,0,,,,,0,0,,,,,,,,,,,,,,,,,,,,,,,,
Q09,2,4,1,18.35,,partsupp,80000000,0,never_instantiated,0,,,,,0,0,,nation,25,0,never_instantiated,0,,,,,0,0,,part,1087982,0,never_instantiated,0,,,,,0,0,,supplier,1000000,0,never_instantiated,0,,,,,0,0,lineitem,orders,150000000,0,never_instantiated,0,,,,,0,0,,,,,,,,,,,,,,,,,,,,,,,,,,,,,,,,,,,,,,,,,,,,,,,,
Q10,2,4,1,4.82,,nation,25,0,never_instantiated,0,,,,,0,0,customer,,11463171,0,never_instantiated,0,,,,,0,0,lineitem,orders,5730378,0,never_instantiated,0,,,,,0,0,,,,,,,,,,,,,,,,,,,,,,,,,,,,,,,,,,,,,,,,,,,,,,,,,,,,,,,,,,,,,,,,,,,,,,,,
Q11,2,4,1,1.03,partsupp,,40045,0,never_instantiated,0,,,,,0,0,supplier,nation,1,0,never_instantiated,0,,,,,0,0,,nation,1,0,never_instantiated,0,,,,,0,0,partsupp,supplier,40045,0,never_instantiated,0,,,,,0,0,,,,,,,,,,,,,,,,,,,,,,,,,,,,,,,,,,,,,,,,,,,,,,,,,,,,,,,,,,,,
Q12,2,4,1,3.59,orders,lineitem,3115341,0,never_instantiated,0,,,,,0,0,,,,,,,,,,,,,,,,,,,,,,,,,,,,,,,,,,,,,,,,,,,,,,,,,,,,,,,,,,,,,,,,,,,,,,,,,,,,,,,,,,,,,,,,,,,,,,,,
Q13,2,4,1,8.51,orders,customer,15000000,0,never_instantiated,0,,,,,0,0,,,,,,,,,,,,,,,,,,,,,,,,,,,,,,,,,,,,,,,,,,,,,,,,,,,,,,,,,,,,,,,,,,,,,,,,,,,,,,,,,,,,,,,,,,,,,,,,
Q14,2,4,1,4.82,lineitem,part,20000000,0,never_instantiated,0,,,,,0,0,,,,,,,,,,,,,,,,,,,,,,,,,,,,,,,,,,,,,,,,,,,,,,,,,,,,,,,,,,,,,,,,,,,,,,,,,,,,,,,,,,,,,,,,,,,,,,,,
Q15,2,4,1,2.67,,,1,0,never_instantiated,0,,,,,0,0,supplier,,1000000,0,never_instantiated,0,,,,,0,0,,,,,,,,,,,,,,,,,,,,,,,,,,,,,,,,,,,,,,,,,,,,,,,,,,,,,,,,,,,,,,,,,,,,,,,,,,,,,,,,,,,,
Q16,2,4,1,2.26,,supplier,479,0,never_instantiated,0,,,,,0,0,partsupp,,2971749,0,never_instantiated,0,,,,,0,0,part,,8,0,never_instantiated,0,,,,,0,0,,,,,,,,,,,,,,,,,,,,,,,,,,,,,,,,,,,,,,,,,,,,,,,,,,,,,,,,,,,,,,,,,,,,,,,,
Q17,2,4,1,7.17,lineitem,part,20031,0,never_instantiated,0,,,,,0,0,,,600982,0,never_instantiated,0,,,,,0,0,lineitem,,20031,0,never_instantiated,0,,,,,0,0,,,,,,,,,,,,,,,,,,,,,,,,,,,,,,,,,,,,,,,,,,,,,,,,,,,,,,,,,,,,,,,,,,,,,,,,
Q18,2,4,1,22.96,,lineitem,6398,0,never_instantiated,0,,,,,0,0,,customer,14999999,0,never_instantiated,0,,,,,0,0,lineitem,orders,150000000,0,never_instantiated,0,,,,,0,0,,,,,,,,,,,,,,,,,,,,,,,,,,,,,,,,,,,,,,,,,,,,,,,,,,,,,,,,,,,,,,,,,,,,,,,,
Q19,2,4,1,6.36,lineitem,part,20000000,0,never_instantiated,0,,,,,0,0,,,,,,,,,,,,,,,,,,,,,,,,,,,,,,,,,,,,,,,,,,,,,,,,,,,,,,,,,,,,,,,,,,,,,,,,,,,,,,,,,,,,,,,,,,,,,,,,
Q20,2,4,1,3.79,,,40207,0,never_instantiated,0,,,,,0,0,partsupp,part,217222,0,never_instantiated,0,,,,,0,0,,,35136,0,never_instantiated,0,,,,,0,0,lineitem,,35136,0,never_instantiated,0,,,,,0,0,supplier,nation,1,0,never_instantiated,0,,,,,0,0,,,,,,,,,,,,,,,,,,,,,,,,,,,,,,,,,,,,,,,,,,,,,,,,
Q21,2,4,1,13.84,,nation,1,0,never_instantiated,0,,,,,0,0,,supplier,39953,0,never_instantiated,0,,,,,0,0,lineitem,orders,73072502,0,never_instantiated,0,,,,,0,0,,,7313671,0,never_instantiated,0,,,,,0,0,lineitem,,7313658,0,never_instantiated,0,,,,,0,0,,,7048027,0,never_instantiated,0,,,,,0,0,lineitem,,7048014,0,never_instantiated,0,,,,,0,0,,,,,,,,,,,,,,,,,,,,,,,,
Q22,2,4,1,2.57,,,1909668,0,never_instantiated,0,,,,,0,0,orders,,1909668,0,never_instantiated,0,,,,,0,0,,,,,,,,,,,,,,,,,,,,,,,,,,,,,,,,,,,,,,,,,,,,,,,,,,,,,,,,,,,,,,,,,,,,,,,,,,,,,,,,,,,,
Q01,2,5,1,4.51,,,,,,,,,,,,,,,,,,,,,,,,,,,,,,,,,,,,,,,,,,,,,,,,,,,,,,,,,,,,,,,,,,,,,,,,,,,,,,,,,,,,,,,,,,,,,,,,,,,,,,,,,,,,
Q02,2,5,1,1.23,,region,1,0,never_instantiated,0,,,,,0,0,,nation,5,0,never_instantiated,0,,,,,0,0,,part,79591,0,never_instantiated,0,,,,,0,0,partsupp,supplier,200535,0,never_instantiated,0,,,,,0,0,,,63825,0,never_instantiated,0,,,,,0,0,,,47107,0,never_instantiated,0,,,,,0,0,,region,1,0,never_instantiated,0,,,,,0,0,,nation,5,0,never_instantiated,0,,,,,0,0,partsupp,supplier,200535,0,never_instantiated,0,,,,,0,0
Q03,2,5,1,3.90,,customer,3000188,0,never_instantiated,0,,,,,0,0,lineitem,orders,14600127,0,never_instantiated,0,,,,,0,0,,,,,,,,,,,,,,,,,,,,,,,,,,,,,,,,,,,,,,,,,,,,,,,,,,,,,,,,,,,,,,,,,,,,,,,,,,,,,,,,,,,,
Q04,2,5,1,4.72,,,5733776,0,never_instantiated,0,,,,,0,0,lineitem,,5733776,0,never_instantiated,0,,,,,0,0,,,,,,,,,,,,,,,,,,,,,,,,,,,,,,,,,,,,,,,,,,,,,,,,,,,,,,,,,,,,,,,,,,,,,,,,,,,,,,,,,,,,
Q05,2,5,1,9999999,,,,,,,,,,,,,,,,,,,,,,,,,,,,,,,,,,,,,,,,,,,,,,,,,,,,,,,,,,,,,,,,,,,,,,,,,,,,,,,,,,,,,,,,,,,,,,,,,,,,,,,,,,,,
Q06,2,5,1,1.75,,,,,,,,,,,,,,,,,,,,,,,,,,,,,,,,,,,,,,,,,,,,,,,,,,,,,,,,,,,,,,,,,,,,,,,,,,,,,,,,,,,,,,,,,,,,,,,,,,,,,,,,,,,,
Q07,2,5,1,4.00,,nation,2,0,never_instantiated,0,,,,,0,0,,customer,1200139,0,never_instantiated,0,,,,,0,0,,nation,2,0,never_instantiated,0,,,,,0,0,orders,,1179101,0,never_instantiated,0,,,,,0,0,lineitem,supplier,80171,0,never_instantiated,0,,,,,0,0,,,,,,,,,,,,,,,,,,,,,,,,,,,,,,,,,,,,,,,,,,,,,,,,
Q08,2,5,1,4.10,,region,1,0,never_instantiated,0,,,,,0,0,,nation,5,0,never_instantiated,0,,,,,0,0,,part,134258,0,never_instantiated,0,,,,,0,0,,customer,3001905,0,never_instantiated,0,,,,,0,0,,orders,9140870,0,never_instantiated,0,,,,,0,0,,nation,25,0,never_instantiated,0,,,,,0,0,lineitem,supplier,1000000,0,never_instantiated,0,,,,,0,0,,,,,,,,,,,,,,,,,,,,,,,,
Q09,2,5,1,10.56,,nation,25,0,never_instantiated,0,,,,,0,0,,supplier,1000000,0,never_instantiated,0,,,,,0,0,,partsupp,80000000,0,never_instantiated,0,,,,,0,0,,orders,150000000,0,never_instantiated,0,,,,,0,0,lineitem,part,1087982,0,never_instantiated,0,,,,,0,0,,,,,,,,,,,,,,,,,,,,,,,,,,,,,,,,,,,,,,,,,,,,,,,,
Q10,2,5,1,4.82,,nation,25,0,never_instantiated,0,,,,,0,0,customer,,11463171,0,never_instantiated,0,,,,,0,0,lineitem,orders,5730378,0,never_instantiated,0,,,,,0,0,,,,,,,,,,,,,,,,,,,,,,,,,,,,,,,,,,,,,,,,,,,,,,,,,,,,,,,,,,,,,,,,,,,,,,,,
Q11,2,5,1,1.03,,nation,1,0,never_instantiated,0,,,,,0,0,partsupp,supplier,40045,0,never_instantiated,0,,,,,0,0,partsupp,,40045,0,never_instantiated,0,,,,,0,0,supplier,nation,1,0,never_instantiated,0,,,,,0,0,,,,,,,,,,,,,,,,,,,,,,,,,,,,,,,,,,,,,,,,,,,,,,,,,,,,,,,,,,,,
Q12,2,5,1,3.59,orders,lineitem,3115341,0,never_instantiated,0,,,,,0,0,,,,,,,,,,,,,,,,,,,,,,,,,,,,,,,,,,,,,,,,,,,,,,,,,,,,,,,,,,,,,,,,,,,,,,,,,,,,,,,,,,,,,,,,,,,,,,,,
Q13,2,5,1,8.62,orders,customer,15000000,0,never_instantiated,0,,,,,0,0,,,,,,,,,,,,,,,,,,,,,,,,,,,,,,,,,,,,,,,,,,,,,,,,,,,,,,,,,,,,,,,,,,,,,,,,,,,,,,,,,,,,,,,,,,,,,,,,
Q14,2,5,1,4.72,lineitem,part,20000000,0,never_instantiated,0,,,,,0,0,,,,,,,,,,,,,,,,,,,,,,,,,,,,,,,,,,,,,,,,,,,,,,,,,,,,,,,,,,,,,,,,,,,,,,,,,,,,,,,,,,,,,,,,,,,,,,,,
Q15,2,5,1,2.67,,,1,0,never_instantiated,0,,,,,0,0,supplier,,1000000,0,never_instantiated,0,,,,,0,0,,,,,,,,,,,,,,,,,,,,,,,,,,,,,,,,,,,,,,,,,,,,,,,,,,,,,,,,,,,,,,,,,,,,,,,,,,,,,,,,,,,,
Q16,2,5,1,2.26,,supplier,479,0,never_instantiated,0,,,,,0,0,partsupp,,2971749,0,never_instantiated,0,,,,,0,0,part,,8,0,never_instantiated,0,,,,,0,0,,,,,,,,,,,,,,,,,,,,,,,,,,,,,,,,,,,,,,,,,,,,,,,,,,,,,,,,,,,,,,,,,,,,,,,,
Q17,2,5,1,7.38,lineitem,part,20031,0,never_instantiated,0,,,,,0,0,,,600982,0,never_instantiated,0,,,,,0,0,lineitem,,20031,0,never_instantiated,0,,,,,0,0,,,,,,,,,,,,,,,,,,,,,,,,,,,,,,,,,,,,,,,,,,,,,,,,,,,,,,,,,,,,,,,,,,,,,,,,
Q18,2,5,1,23.06,,lineitem,6398,0,never_instantiated,0,,,,,0,0,,customer,14999999,0,never_instantiated,0,,,,,0,0,lineitem,orders,150000000,0,never_instantiated,0,,,,,0,0,,,,,,,,,,,,,,,,,,,,,,,,,,,,,,,,,,,,,,,,,,,,,,,,,,,,,,,,,,,,,,,,,,,,,,,,
Q19,2,5,1,6.46,lineitem,part,20000000,0,never_instantiated,0,,,,,0,0,,,,,,,,,,,,,,,,,,,,,,,,,,,,,,,,,,,,,,,,,,,,,,,,,,,,,,,,,,,,,,,,,,,,,,,,,,,,,,,,,,,,,,,,,,,,,,,,
Q20,2,5,1,3.79,,,40207,0,never_instantiated,0,,,,,0,0,partsupp,part,217222,0,never_instantiated,0,,,,,0,0,,,35136,0,never_instantiated,0,,,,,0,0,lineitem,,35136,0,never_instantiated,0,,,,,0,0,supplier,nation,1,0,never_instantiated,0,,,,,0,0,,,,,,,,,,,,,,,,,,,,,,,,,,,,,,,,,,,,,,,,,,,,,,,,
Q21,2,5,1,13.73,,nation,1,0,never_instantiated,0,,,,,0,0,,orders,73072502,0,never_instantiated,0,,,,,0,0,lineitem,supplier,39953,0,never_instantiated,0,,,,,0,0,,,7313671,0,never_instantiated,0,,,,,0,0,lineitem,,7313658,0,never_instantiated,0,,,,,0,0,,,7048027,0,never_instantiated,0,,,,,0,0,lineitem,,7048014,0,never_instantiated,0,,,,,0,0,,,,,,,,,,,,,,,,,,,,,,,,
Q22,2,5,1,2.57,,,1909668,0,never_instantiated,0,,,,,0,0,orders,,1909668,0,never_instantiated,0,,,,,0,0,,,,,,,,,,,,,,,,,,,,,,,,,,,,,,,,,,,,,,,,,,,,,,,,,,,,,,,,,,,,,,,,,,,,,,,,,,,,,,,,,,,,
Q01,2,6,1,4.61,,,,,,,,,,,,,,,,,,,,,,,,,,,,,,,,,,,,,,,,,,,,,,,,,,,,,,,,,,,,,,,,,,,,,,,,,,,,,,,,,,,,,,,,,,,,,,,,,,,,,,,,,,,,
Q02,2,6,1,1.13,,region,1,0,never_instantiated,0,,,,,0,0,,nation,5,0,never_instantiated,0,,,,,0,0,,supplier,200535,0,never_instantiated,0,,,,,0,0,partsupp,part,79591,0,never_instantiated,0,,,,,0,0,,,63825,0,never_instantiated,0,,,,,0,0,,,47107,0,never_instantiated,0,,,,,0,0,,region,1,0,never_instantiated,0,,,,,0,0,partsupp,,200535,0,never_instantiated,0,,,,,0,0,supplier,nation,5,0,never_instantiated,0,,,,,0,0
Q03,2,6,1,3.79,,customer,3000188,0,never_instantiated,0,,,,,0,0,lineitem,orders,14600127,0,never_instantiated,0,,,,,0,0,,,,,,,,,,,,,,,,,,,,,,,,,,,,,,,,,,,,,,,,,,,,,,,,,,,,,,,,,,,,,,,,,,,,,,,,,,,,,,,,,,,,
Q04,2,6,1,4.72,,,5733776,0,never_instantiated,0,,,,,0,0,lineitem,,5733776,0,never_instantiated,0,,,,,0,0,,,,,,,,,,,,,,,,,,,,,,,,,,,,,,,,,,,,,,,,,,,,,,,,,,,,,,,,,,,,,,,,,,,,,,,,,,,,,,,,,,,,
Q05,2,6,1,7.28,,region,1,0,never_instantiated,0,,,,,0,0,,nation,5,0,never_instantiated,0,,,,,0,0,,customer,14999999,0,never_instantiated,0,,,,,0,0,,supplier,199889,0,never_instantiated,0,,,,,0,0,lineitem,orders,22760819,0,never_instantiated,0,,,,,0,0,,,,,,,,,,,,,,,,,,,,,,,,,,,,,,,,,,,,,,,,,,,,,,,,
Q06,2,6,1,1.75,,,,,,,,,,,,,,,,,,,,,,,,,,,,,,,,,,,,,,,,,,,,,,,,,,,,,,,,,,,,,,,,,,,,,,,,,,,,,,,,,,,,,,,,,,,,,,,,,,,,,,,,,,,,
Q07,2,6,1,3.90,,nation,2,0,never_instantiated,0,,,,,0,0,,customer,1200139,0,never_instantiated,0,,,,,0,0,,nation,2,0,never_instantiated,0,,,,,0,0,,supplier,80171,0,never_instantiated,0,,,,,0,0,lineitem,orders,12026518,0,never_instantiated,0,,,,,0,0,,,,,,,,,,,,,,,,,,,,,,,,,,,,,,,,,,,,,,,,,,,,,,,,
Q08,2,6,1,4.10,,region,1,0,never_instantiated,0,,,,,0,0,,nation,25,0,never_instantiated,0,,,,,0,0,,nation,5,0,never_instantiated,0,,,,,0,0,supplier,,244821,0,never_instantiated,0,,,,,0,0,customer,,245334,0,never_instantiated,0,,,,,0,0,,part,134258,0,never_instantiated,0,,,,,0,0,lineitem,orders,9140870,0,never_instantiated,0,,,,,0,0,,,,,,,,,,,,,,,,,,,,,,,,
Q09,2,6,1,10.56,,nation,25,0,never_instantiated,0,,,,,0,0,,supplier,1000000,0,never_instantiated,0,,,,,0,0,,orders,150000000,0,never_instantiated,0,,,,,0,0,,part,1087982,0,never_instantiated,0,,,,,0,0,lineitem,partsupp,80000000,0,never_instantiated,0,,,,,0,0,,,,,,,,,,,,,,,,,,,,,,,,,,,,,,,,,,,,,,,,,,,,,,,,
Q10,2,6,1,4.82,,nation,25,0,never_instantiated,0,,,,,0,0,customer,,11463171,0,never_instantiated,0,,,,,0,0,lineitem,orders,5730378,0,never_instantiated,0,,,,,0,0,,,,,,,,,,,,,,,,,,,,,,,,,,,,,,,,,,,,,,,,,,,,,,,,,,,,,,,,,,,,,,,,,,,,,,,,
Q11,2,6,1,0.82,partsupp,,40045,0,never_instantiated,0,,,,,0,0,supplier,nation,1,0,never_instantiated,0,,,,,0,0,partsupp,,40045,0,never_instantiated,0,,,,,0,0,supplier,nation,1,0,never_instantiated,0,,,,,0,0,,,,,,,,,,,,,,,,,,,,,,,,,,,,,,,,,,,,,,,,,,,,,,,,,,,,,,,,,,,,
Q12,2,6,1,3.59,orders,lineitem,3115341,0,never_instantiated,0,,,,,0,0,,,,,,,,,,,,,,,,,,,,,,,,,,,,,,,,,,,,,,,,,,,,,,,,,,,,,,,,,,,,,,,,,,,,,,,,,,,,,,,,,,,,,,,,,,,,,,,,
Q13,2,6,1,8.71,orders,customer,15000000,0,never_instantiated,0,,,,,0,0,,,,,,,,,,,,,,,,,,,,,,,,,,,,,,,,,,,,,,,,,,,,,,,,,,,,,,,,,,,,,,,,,,,,,,,,,,,,,,,,,,,,,,,,,,,,,,,,
Q14,2,6,1,4.82,lineitem,part,20000000,0,never_instantiated,0,,,,,0,0,,,,,,,,,,,,,,,,,,,,,,,,,,,,,,,,,,,,,,,,,,,,,,,,,,,,,,,,,,,,,,,,,,,,,,,,,,,,,,,,,,,,,,,,,,,,,,,,
Q15,2,6,1,2.67,,,1,0,never_instantiated,0,,,,,0,0,supplier,,1000000,0,never_instantiated,0,,,,,0,0,,,,,,,,,,,,,,,,,,,,,,,,,,,,,,,,,,,,,,,,,,,,,,,,,,,,,,,,,,,,,,,,,,,,,,,,,,,,,,,,,,,,
Q16,2,6,1,2.36,,supplier,479,0,never_instantiated,0,,,,,0,0,partsupp,,2971749,0,never_instantiated,0,,,,,0,0,part,,8,0,never_instantiated,0,,,,,0,0,,,,,,,,,,,,,,,,,,,,,,,,,,,,,,,,,,,,,,,,,,,,,,,,,,,,,,,,,,,,,,,,,,,,,,,,
Q17,2,6,1,7.28,lineitem,part,20031,0,never_instantiated,0,,,,,0,0,,,600982,0,never_instantiated,0,,,,,0,0,lineitem,,20031,0,never_instantiated,0,,,,,0,0,,,,,,,,,,,,,,,,,,,,,,,,,,,,,,,,,,,,,,,,,,,,,,,,,,,,,,,,,,,,,,,,,,,,,,,,
Q18,2,6,1,22.66,,lineitem,6398,0,never_instantiated,0,,,,,0,0,,customer,14999999,0,never_instantiated,0,,,,,0,0,lineitem,orders,150000000,0,never_instantiated,0,,,,,0,0,,,,,,,,,,,,,,,,,,,,,,,,,,,,,,,,,,,,,,,,,,,,,,,,,,,,,,,,,,,,,,,,,,,,,,,,
Q19,2,6,1,6.46,lineitem,part,20000000,0,never_instantiated,0,,,,,0,0,,,,,,,,,,,,,,,,,,,,,,,,,,,,,,,,,,,,,,,,,,,,,,,,,,,,,,,,,,,,,,,,,,,,,,,,,,,,,,,,,,,,,,,,,,,,,,,,
Q20,2,6,1,3.79,,,40207,0,never_instantiated,0,,,,,0,0,partsupp,part,217222,0,never_instantiated,0,,,,,0,0,,,35136,0,never_instantiated,0,,,,,0,0,lineitem,,35136,0,never_instantiated,0,,,,,0,0,supplier,nation,1,0,never_instantiated,0,,,,,0,0,,,,,,,,,,,,,,,,,,,,,,,,,,,,,,,,,,,,,,,,,,,,,,,,
Q21,2,6,1,13.94,,nation,1,0,never_instantiated,0,,,,,0,0,,supplier,39953,0,never_instantiated,0,,,,,0,0,lineitem,orders,73072502,0,never_instantiated,0,,,,,0,0,,,7313671,0,never_instantiated,0,,,,,0,0,lineitem,,7313658,0,never_instantiated,0,,,,,0,0,,,7048027,0,never_instantiated,0,,,,,0,0,lineitem,,7048014,0,never_instantiated,0,,,,,0,0,,,,,,,,,,,,,,,,,,,,,,,,
Q22,2,6,1,2.56,,,1909668,0,never_instantiated,0,,,,,0,0,orders,,1909668,0,never_instantiated,0,,,,,0,0,,,,,,,,,,,,,,,,,,,,,,,,,,,,,,,,,,,,,,,,,,,,,,,,,,,,,,,,,,,,,,,,,,,,,,,,,,,,,,,,,,,,
Q01,2,7,1,4.61,,,,,,,,,,,,,,,,,,,,,,,,,,,,,,,,,,,,,,,,,,,,,,,,,,,,,,,,,,,,,,,,,,,,,,,,,,,,,,,,,,,,,,,,,,,,,,,,,,,,,,,,,,,,
Q02,2,7,1,1.13,,region,1,0,never_instantiated,0,,,,,0,0,,nation,5,0,never_instantiated,0,,,,,0,0,,part,79591,0,never_instantiated,0,,,,,0,0,partsupp,supplier,200535,0,never_instantiated,0,,,,,0,0,,,63825,0,never_instantiated,0,,,,,0,0,,,47107,0,never_instantiated,0,,,,,0,0,,region,1,0,never_instantiated,0,,,,,0,0,,nation,5,0,never_instantiated,0,,,,,0,0,partsupp,supplier,200535,0,never_instantiated,0,,,,,0,0
Q03,2,7,1,3.80,,customer,3000188,0,never_instantiated,0,,,,,0,0,lineitem,orders,14600127,0,never_instantiated,0,,,,,0,0,,,,,,,,,,,,,,,,,,,,,,,,,,,,,,,,,,,,,,,,,,,,,,,,,,,,,,,,,,,,,,,,,,,,,,,,,,,,,,,,,,,,
Q04,2,7,1,4.72,,,5733776,0,never_instantiated,0,,,,,0,0,lineitem,,5733776,0,never_instantiated,0,,,,,0,0,,,,,,,,,,,,,,,,,,,,,,,,,,,,,,,,,,,,,,,,,,,,,,,,,,,,,,,,,,,,,,,,,,,,,,,,,,,,,,,,,,,,
Q05,2,7,1,9999999,,,,,,,,,,,,,,,,,,,,,,,,,,,,,,,,,,,,,,,,,,,,,,,,,,,,,,,,,,,,,,,,,,,,,,,,,,,,,,,,,,,,,,,,,,,,,,,,,,,,,,,,,,,,
Q06,2,7,1,1.75,,,,,,,,,,,,,,,,,,,,,,,,,,,,,,,,,,,,,,,,,,,,,,,,,,,,,,,,,,,,,,,,,,,,,,,,,,,,,,,,,,,,,,,,,,,,,,,,,,,,,,,,,,,,
Q07,2,7,1,4.00,,nation,2,0,never_instantiated,0,,,,,0,0,,nation,2,0,never_instantiated,0,,,,,0,0,,customer,1200139,0,never_instantiated,0,,,,,0,0,orders,,1179101,0,never_instantiated,0,,,,,0,0,lineitem,supplier,80171,0,never_instantiated,0,,,,,0,0,,,,,,,,,,,,,,,,,,,,,,,,,,,,,,,,,,,,,,,,,,,,,,,,
Q08,2,7,1,4.72,,region,1,0,never_instantiated,0,,,,,0,0,,nation,5,0,never_instantiated,0,,,,,0,0,customer,,245334,0,never_instantiated,0,,,,,0,0,,nation,25,0,never_instantiated,0,,,,,0,0,orders,,246009,0,never_instantiated,0,,,,,0,0,,supplier,1000000,0,never_instantiated,0,,,,,0,0,lineitem,part,134258,0,never_instantiated,0,,,,,0,0,,,,,,,,,,,,,,,,,,,,,,,,
Q09,2,7,1,10.67,,nation,25,0,never_instantiated,0,,,,,0,0,,part,1087982,0,never_instantiated,0,,,,,0,0,,orders,150000000,0,never_instantiated,0,,,,,0,0,,partsupp,80000000,0,never_instantiated,0,,,,,0,0,lineitem,supplier,1000000,0,never_instantiated,0,,,,,0,0,,,,,,,,,,,,,,,,,,,,,,,,,,,,,,,,,,,,,,,,,,,,,,,,
Q10,2,7,1,4.82,,nation,25,0,never_instantiated,0,,,,,0,0,customer,,11463171,0,never_instantiated,0,,,,,0,0,lineitem,orders,5730378,0,never_instantiated,0,,,,,0,0,,,,,,,,,,,,,,,,,,,,,,,,,,,,,,,,,,,,,,,,,,,,,,,,,,,,,,,,,,,,,,,,,,,,,,,,
Q11,2,7,1,1.13,,nation,1,0,never_instantiated,0,,,,,0,0,partsupp,supplier,40045,0,never_instantiated,0,,,,,0,0,,nation,1,0,never_instantiated,0,,,,,0,0,partsupp,supplier,40045,0,never_instantiated,0,,,,,0,0,,,,,,,,,,,,,,,,,,,,,,,,,,,,,,,,,,,,,,,,,,,,,,,,,,,,,,,,,,,,
Q12,2,7,1,3.59,orders,lineitem,3115341,0,never_instantiated,0,,,,,0,0,,,,,,,,,,,,,,,,,,,,,,,,,,,,,,,,,,,,,,,,,,,,,,,,,,,,,,,,,,,,,,,,,,,,,,,,,,,,,,,,,,,,,,,,,,,,,,,,
Q13,2,7,1,8.62,orders,customer,15000000,0,never_instantiated,0,,,,,0,0,,,,,,,,,,,,,,,,,,,,,,,,,,,,,,,,,,,,,,,,,,,,,,,,,,,,,,,,,,,,,,,,,,,,,,,,,,,,,,,,,,,,,,,,,,,,,,,,
Q14,2,7,1,4.82,lineitem,part,20000000,0,never_instantiated,0,,,,,0,0,,,,,,,,,,,,,,,,,,,,,,,,,,,,,,,,,,,,,,,,,,,,,,,,,,,,,,,,,,,,,,,,,,,,,,,,,,,,,,,,,,,,,,,,,,,,,,,,
Q15,2,7,1,2.67,,,1,0,never_instantiated,0,,,,,0,0,supplier,,1000000,0,never_instantiated,0,,,,,0,0,,,,,,,,,,,,,,,,,,,,,,,,,,,,,,,,,,,,,,,,,,,,,,,,,,,,,,,,,,,,,,,,,,,,,,,,,,,,,,,,,,,,
Q16,2,7,1,2.26,,supplier,479,0,never_instantiated,0,,,,,0,0,partsupp,,2971749,0,never_instantiated,0,,,,,0,0,part,,8,0,never_instantiated,0,,,,,0,0,,,,,,,,,,,,,,,,,,,,,,,,,,,,,,,,,,,,,,,,,,,,,,,,,,,,,,,,,,,,,,,,,,,,,,,,
Q17,2,7,1,7.28,lineitem,part,20031,0,never_instantiated,0,,,,,0,0,,,600982,0,never_instantiated,0,,,,,0,0,lineitem,,20031,0,never_instantiated,0,,,,,0,0,,,,,,,,,,,,,,,,,,,,,,,,,,,,,,,,,,,,,,,,,,,,,,,,,,,,,,,,,,,,,,,,,,,,,,,,
Q18,2,7,1,22.76,,lineitem,6398,0,never_instantiated,0,,,,,0,0,,customer,14999999,0,never_instantiated,0,,,,,0,0,lineitem,orders,150000000,0,never_instantiated,0,,,,,0,0,,,,,,,,,,,,,,,,,,,,,,,,,,,,,,,,,,,,,,,,,,,,,,,,,,,,,,,,,,,,,,,,,,,,,,,,
Q19,2,7,1,6.46,lineitem,part,20000000,0,never_instantiated,0,,,,,0,0,,,,,,,,,,,,,,,,,,,,,,,,,,,,,,,,,,,,,,,,,,,,,,,,,,,,,,,,,,,,,,,,,,,,,,,,,,,,,,,,,,,,,,,,,,,,,,,,
Q20,2,7,1,3.80,,,40207,0,never_instantiated,0,,,,,0,0,partsupp,part,217222,0,never_instantiated,0,,,,,0,0,,,35136,0,never_instantiated,0,,,,,0,0,lineitem,,35136,0,never_instantiated,0,,,,,0,0,supplier,nation,1,0,never_instantiated,0,,,,,0,0,,,,,,,,,,,,,,,,,,,,,,,,,,,,,,,,,,,,,,,,,,,,,,,,
Q21,2,7,1,13.84,,nation,1,0,never_instantiated,0,,,,,0,0,,orders,73072502,0,never_instantiated,0,,,,,0,0,lineitem,supplier,39953,0,never_instantiated,0,,,,,0,0,,,7313671,0,never_instantiated,0,,,,,0,0,lineitem,,7313658,0,never_instantiated,0,,,,,0,0,,,7048027,0,never_instantiated,0,,,,,0,0,lineitem,,7048014,0,never_instantiated,0,,,,,0,0,,,,,,,,,,,,,,,,,,,,,,,,
Q22,2,7,1,2.57,,,1909668,0,never_instantiated,0,,,,,0,0,orders,,1909668,0,never_instantiated,0,,,,,0,0,,,,,,,,,,,,,,,,,,,,,,,,,,,,,,,,,,,,,,,,,,,,,,,,,,,,,,,,,,,,,,,,,,,,,,,,,,,,,,,,,,,,
Q01,2,8,1,4.51,,,,,,,,,,,,,,,,,,,,,,,,,,,,,,,,,,,,,,,,,,,,,,,,,,,,,,,,,,,,,,,,,,,,,,,,,,,,,,,,,,,,,,,,,,,,,,,,,,,,,,,,,,,,
Q02,2,8,1,1.13,,region,1,0,never_instantiated,0,,,,,0,0,,nation,5,0,never_instantiated,0,,,,,0,0,,supplier,200535,0,never_instantiated,0,,,,,0,0,partsupp,part,79591,0,never_instantiated,0,,,,,0,0,,,63825,0,never_instantiated,0,,,,,0,0,,,47107,0,never_instantiated,0,,,,,0,0,,region,1,0,never_instantiated,0,,,,,0,0,partsupp,,200535,0,never_instantiated,0,,,,,0,0,supplier,nation,5,0,never_instantiated,0,,,,,0,0
Q03,2,8,1,7.38,,customer,3000188,0,never_instantiated,0,,,,,0,0,lineitem,orders,72874383,0,never_instantiated,0,,,,,0,0,,,,,,,,,,,,,,,,,,,,,,,,,,,,,,,,,,,,,,,,,,,,,,,,,,,,,,,,,,,,,,,,,,,,,,,,,,,,,,,,,,,,
Q04,2,8,1,4.72,,,5733776,0,never_instantiated,0,,,,,0,0,lineitem,,5733776,0,never_instantiated,0,,,,,0,0,,,,,,,,,,,,,,,,,,,,,,,,,,,,,,,,,,,,,,,,,,,,,,,,,,,,,,,,,,,,,,,,,,,,,,,,,,,,,,,,,,,,
Q05,2,8,1,7.28,,region,1,0,never_instantiated,0,,,,,0,0,,nation,5,0,never_instantiated,0,,,,,0,0,,customer,2999759,0,never_instantiated,0,,,,,0,0,,supplier,199889,0,never_instantiated,0,,,,,0,0,lineitem,orders,22760819,0,never_instantiated,0,,,,,0,0,,,,,,,,,,,,,,,,,,,,,,,,,,,,,,,,,,,,,,,,,,,,,,,,
Q06,2,8,1,1.75,,,,,,,,,,,,,,,,,,,,,,,,,,,,,,,,,,,,,,,,,,,,,,,,,,,,,,,,,,,,,,,,,,,,,,,,,,,,,,,,,,,,,,,,,,,,,,,,,,,,,,,,,,,,
Q07,2,8,1,3.90,,nation,2,0,never_instantiated,0,,,,,0,0,,customer,1200139,0,never_instantiated,0,,,,,0,0,,nation,2,0,never_instantiated,0,,,,,0,0,,supplier,80171,0,never_instantiated,0,,,,,0,0,lineitem,orders,12026518,0,never_instantiated,0,,,,,0,0,,,,,,,,,,,,,,,,,,,,,,,,,,,,,,,,,,,,,,,,,,,,,,,,
Q08,2,8,1,4.10,,region,1,0,never_instantiated,0,,,,,0,0,,nation,5,0,never_instantiated,0,,,,,0,0,customer,,245334,0,never_instantiated,0,,,,,0,0,,part,134258,0,never_instantiated,0,,,,,0,0,,nation,25,0,never_instantiated,0,,,,,0,0,,orders,9140870,0,never_instantiated,0,,,,,0,0,lineitem,supplier,1000000,0,never_instantiated,0,,,,,0,0,,,,,,,,,,,,,,,,,,,,,,,,
Q09,2,8,1,17.23,,nation,25,0,never_instantiated,0,,,,,0,0,,supplier,1000000,0,never_instantiated,0,,,,,0,0,,part,1087982,0,never_instantiated,0,,,,,0,0,,partsupp,4363044,0,never_instantiated,0,,,,,0,0,lineitem,orders,150000000,0,never_instantiated,0,,,,,0,0,,,,,,,,,,,,,,,,,,,,,,,,,,,,,,,,,,,,,,,,,,,,,,,,
Q10,2,8,1,4.82,,nation,25,0,never_instantiated,0,,,,,0,0,customer,,11463171,0,never_instantiated,0,,,,,0,0,lineitem,orders,5730378,0,never_instantiated,0,,,,,0,0,,,,,,,,,,,,,,,,,,,,,,,,,,,,,,,,,,,,,,,,,,,,,,,,,,,,,,,,,,,,,,,,,,,,,,,,
Q11,2,8,1,0.82,partsupp,,40045,0,never_instantiated,0,,,,,0,0,supplier,nation,1,0,never_instantiated,0,,,,,0,0,partsupp,,40045,0,never_instantiated,0,,,,,0,0,supplier,nation,1,0,never_instantiated,0,,,,,0,0,,,,,,,,,,,,,,,,,,,,,,,,,,,,,,,,,,,,,,,,,,,,,,,,,,,,,,,,,,,,
Q12,2,8,1,3.59,orders,lineitem,3115341,0,never_instantiated,0,,,,,0,0,,,,,,,,,,,,,,,,,,,,,,,,,,,,,,,,,,,,,,,,,,,,,,,,,,,,,,,,,,,,,,,,,,,,,,,,,,,,,,,,,,,,,,,,,,,,,,,,
Q13,2,8,1,8.72,orders,customer,15000000,0,never_instantiated,0,,,,,0,0,,,,,,,,,,,,,,,,,,,,,,,,,,,,,,,,,,,,,,,,,,,,,,,,,,,,,,,,,,,,,,,,,,,,,,,,,,,,,,,,,,,,,,,,,,,,,,,,
Q14,2,8,1,4.72,lineitem,part,20000000,0,never_instantiated,0,,,,,0,0,,,,,,,,,,,,,,,,,,,,,,,,,,,,,,,,,,,,,,,,,,,,,,,,,,,,,,,,,,,,,,,,,,,,,,,,,,,,,,,,,,,,,,,,,,,,,,,,
Q15,2,8,1,2.67,,,1,0,never_instantiated,0,,,,,0,0,supplier,,1000000,0,never_instantiated,0,,,,,0,0,,,,,,,,,,,,,,,,,,,,,,,,,,,,,,,,,,,,,,,,,,,,,,,,,,,,,,,,,,,,,,,,,,,,,,,,,,,,,,,,,,,,
Q16,2,8,1,2.26,,supplier,479,0,never_instantiated,0,,,,,0,0,partsupp,,2971749,0,never_instantiated,0,,,,,0,0,part,,8,0,never_instantiated,0,,,,,0,0,,,,,,,,,,,,,,,,,,,,,,,,,,,,,,,,,,,,,,,,,,,,,,,,,,,,,,,,,,,,,,,,,,,,,,,,
Q17,2,8,1,7.28,lineitem,part,20031,0,never_instantiated,0,,,,,0,0,,,600982,0,never_instantiated,0,,,,,0,0,lineitem,,20031,0,never_instantiated,0,,,,,0,0,,,,,,,,,,,,,,,,,,,,,,,,,,,,,,,,,,,,,,,,,,,,,,,,,,,,,,,,,,,,,,,,,,,,,,,,
Q18,2,8,1,22.97,,lineitem,6398,0,never_instantiated,0,,,,,0,0,,customer,14999999,0,never_instantiated,0,,,,,0,0,lineitem,orders,150000000,0,never_instantiated,0,,,,,0,0,,,,,,,,,,,,,,,,,,,,,,,,,,,,,,,,,,,,,,,,,,,,,,,,,,,,,,,,,,,,,,,,,,,,,,,,
Q19,2,8,1,6.46,lineitem,part,20000000,0,never_instantiated,0,,,,,0,0,,,,,,,,,,,,,,,,,,,,,,,,,,,,,,,,,,,,,,,,,,,,,,,,,,,,,,,,,,,,,,,,,,,,,,,,,,,,,,,,,,,,,,,,,,,,,,,,
Q20,2,8,1,3.80,,,40207,0,never_instantiated,0,,,,,0,0,partsupp,part,217222,0,never_instantiated,0,,,,,0,0,,,35136,0,never_instantiated,0,,,,,0,0,lineitem,,35136,0,never_instantiated,0,,,,,0,0,supplier,nation,1,0,never_instantiated,0,,,,,0,0,,,,,,,,,,,,,,,,,,,,,,,,,,,,,,,,,,,,,,,,,,,,,,,,
Q21,2,8,1,13.74,,nation,1,0,never_instantiated,0,,,,,0,0,,supplier,39953,0,never_instantiated,0,,,,,0,0,lineitem,orders,73072502,0,never_instantiated,0,,,,,0,0,,,7313671,0,never_instantiated,0,,,,,0,0,lineitem,,7313658,0,never_instantiated,0,,,,,0,0,,,7048027,0,never_instantiated,0,,,,,0,0,lineitem,,7048014,0,never_instantiated,0,,,,,0,0,,,,,,,,,,,,,,,,,,,,,,,,
Q22,2,8,1,2.57,,,1909668,0,never_instantiated,0,,,,,0,0,orders,,1909668,0,never_instantiated,0,,,,,0,0,,,,,,,,,,,,,,,,,,,,,,,,,,,,,,,,,,,,,,,,,,,,,,,,,,,,,,,,,,,,,,,,,,,,,,,,,,,,,,,,,,,,
Q01,2,9,1,4.51,,,,,,,,,,,,,,,,,,,,,,,,,,,,,,,,,,,,,,,,,,,,,,,,,,,,,,,,,,,,,,,,,,,,,,,,,,,,,,,,,,,,,,,,,,,,,,,,,,,,,,,,,,,,
Q02,2,9,1,0.93,,region,1,0,never_instantiated,0,,,,,0,0,,part,79591,0,never_instantiated,0,,,,,0,0,,nation,5,0,never_instantiated,0,,,,,0,0,partsupp,supplier,200535,0,never_instantiated,0,,,,,0,0,,,63825,0,never_instantiated,0,,,,,0,0,,,47107,0,never_instantiated,0,,,,,0,0,partsupp,,200535,0,never_instantiated,0,,,,,0,0,,region,1,0,never_instantiated,0,,,,,0,0,supplier,nation,5,0,never_instantiated,0,,,,,0,0
Q03,2,9,1,3.80,,customer,3000188,0,never_instantiated,0,,,,,0,0,lineitem,orders,14600127,0,never_instantiated,0,,,,,0,0,,,,,,,,,,,,,,,,,,,,,,,,,,,,,,,,,,,,,,,,,,,,,,,,,,,,,,,,,,,,,,,,,,,,,,,,,,,,,,,,,,,,
Q04,2,9,1,4.72,,,5733776,0,never_instantiated,0,,,,,0,0,lineitem,,5733776,0,never_instantiated,0,,,,,0,0,,,,,,,,,,,,,,,,,,,,,,,,,,,,,,,,,,,,,,,,,,,,,,,,,,,,,,,,,,,,,,,,,,,,,,,,,,,,,,,,,,,,
Q05,2,9,1,5.64,,region,1,0,never_instantiated,0,,,,,0,0,,nation,5,0,never_instantiated,0,,,,,0,0,,customer,2999759,0,never_instantiated,0,,,,,0,0,,orders,22760819,0,never_instantiated,0,,,,,0,0,lineitem,supplier,199889,0,never_instantiated,0,,,,,0,0,,,,,,,,,,,,,,,,,,,,,,,,,,,,,,,,,,,,,,,,,,,,,,,,
Q06,2,9,1,1.75,,,,,,,,,,,,,,,,,,,,,,,,,,,,,,,,,,,,,,,,,,,,,,,,,,,,,,,,,,,,,,,,,,,,,,,,,,,,,,,,,,,,,,,,,,,,,,,,,,,,,,,,,,,,
Q07,2,9,1,4.00,,nation,2,0,never_instantiated,0,,,,,0,0,,customer,1200139,0,never_instantiated,0,,,,,0,0,orders,,1179101,0,never_instantiated,0,,,,,0,0,,nation,2,0,never_instantiated,0,,,,,0,0,lineitem,supplier,80171,0,never_instantiated,0,,,,,0,0,,,,,,,,,,,,,,,,,,,,,,,,,,,,,,,,,,,,,,,,,,,,,,,,
Q08,2,9,1,4.51,,region,1,0,never_instantiated,0,,,,,0,0,,nation,5,0,never_instantiated,0,,,,,0,0,customer,,1222092,0,never_instantiated,0,,,,,0,0,,part,134258,0,never_instantiated,0,,,,,0,0,,nation,25,0,never_instantiated,0,,,,,0,0,,supplier,1000000,0,never_instantiated,0,,,,,0,0,lineitem,orders,45574624,0,never_instantiated,0,,,,,0,0,,,,,,,,,,,,,,,,,,,,,,,,
Q09,2,9,1,10.67,,nation,25,0,never_instantiated,0,,,,,0,0,,partsupp,80000000,0,never_instantiated,0,,,,,0,0,,orders,150000000,0,never_instantiated,0,,,,,0,0,,supplier,1000000,0,never_instantiated,0,,,,,0,0,lineitem,part,1087982,0,never_instantiated,0,,,,,0,0,,,,,,,,,,,,,,,,,,,,,,,,,,,,,,,,,,,,,,,,,,,,,,,,
Q10,2,9,1,4.82,,nation,25,0,never_instantiated,0,,,,,0,0,customer,,11463171,0,never_instantiated,0,,,,,0,0,lineitem,orders,5730378,0,never_instantiated,0,,,,,0,0,,,,,,,,,,,,,,,,,,,,,,,,,,,,,,,,,,,,,,,,,,,,,,,,,,,,,,,,,,,,,,,,,,,,,,,,
Q11,2,9,1,1.03,,nation,1,0,never_instantiated,0,,,,,0,0,partsupp,supplier,40045,0,never_instantiated,0,,,,,0,0,partsupp,,40045,0,never_instantiated,0,,,,,0,0,supplier,nation,1,0,never_instantiated,0,,,,,0,0,,,,,,,,,,,,,,,,,,,,,,,,,,,,,,,,,,,,,,,,,,,,,,,,,,,,,,,,,,,,
Q12,2,9,1,3.59,orders,lineitem,3115341,0,never_instantiated,0,,,,,0,0,,,,,,,,,,,,,,,,,,,,,,,,,,,,,,,,,,,,,,,,,,,,,,,,,,,,,,,,,,,,,,,,,,,,,,,,,,,,,,,,,,,,,,,,,,,,,,,,
Q13,2,9,1,8.72,orders,customer,15000000,0,never_instantiated,0,,,,,0,0,,,,,,,,,,,,,,,,,,,,,,,,,,,,,,,,,,,,,,,,,,,,,,,,,,,,,,,,,,,,,,,,,,,,,,,,,,,,,,,,,,,,,,,,,,,,,,,,
Q14,2,9,1,4.82,lineitem,part,20000000,0,never_instantiated,0,,,,,0,0,,,,,,,,,,,,,,,,,,,,,,,,,,,,,,,,,,,,,,,,,,,,,,,,,,,,,,,,,,,,,,,,,,,,,,,,,,,,,,,,,,,,,,,,,,,,,,,,
Q15,2,9,1,2.67,,,1,0,never_instantiated,0,,,,,0,0,supplier,,1000000,0,never_instantiated,0,,,,,0,0,,,,,,,,,,,,,,,,,,,,,,,,,,,,,,,,,,,,,,,,,,,,,,,,,,,,,,,,,,,,,,,,,,,,,,,,,,,,,,,,,,,,
Q16,2,9,1,2.26,,supplier,479,0,never_instantiated,0,,,,,0,0,partsupp,,2971749,0,never_instantiated,0,,,,,0,0,part,,8,0,never_instantiated,0,,,,,0,0,,,,,,,,,,,,,,,,,,,,,,,,,,,,,,,,,,,,,,,,,,,,,,,,,,,,,,,,,,,,,,,,,,,,,,,,
Q17,2,9,1,7.28,lineitem,part,20031,0,never_instantiated,0,,,,,0,0,,,600982,0,never_instantiated,0,,,,,0,0,lineitem,,20031,0,never_instantiated,0,,,,,0,0,,,,,,,,,,,,,,,,,,,,,,,,,,,,,,,,,,,,,,,,,,,,,,,,,,,,,,,,,,,,,,,,,,,,,,,,
Q18,2,9,1,22.86,,lineitem,6398,0,never_instantiated,0,,,,,0,0,,customer,14999999,0,never_instantiated,0,,,,,0,0,lineitem,orders,150000000,0,never_instantiated,0,,,,,0,0,,,,,,,,,,,,,,,,,,,,,,,,,,,,,,,,,,,,,,,,,,,,,,,,,,,,,,,,,,,,,,,,,,,,,,,,
Q19,2,9,1,6.36,lineitem,part,20000000,0,never_instantiated,0,,,,,0,0,,,,,,,,,,,,,,,,,,,,,,,,,,,,,,,,,,,,,,,,,,,,,,,,,,,,,,,,,,,,,,,,,,,,,,,,,,,,,,,,,,,,,,,,,,,,,,,,
Q20,2,9,1,3.90,,,40207,0,never_instantiated,0,,,,,0,0,partsupp,part,217222,0,never_instantiated,0,,,,,0,0,,,35136,0,never_instantiated,0,,,,,0,0,lineitem,,35136,0,never_instantiated,0,,,,,0,0,supplier,nation,1,0,never_instantiated,0,,,,,0,0,,,,,,,,,,,,,,,,,,,,,,,,,,,,,,,,,,,,,,,,,,,,,,,,
Q21,2,9,1,14.35,orders,,15146702,0,never_instantiated,0,,,,,0,0,,nation,1,0,never_instantiated,0,,,,,0,0,lineitem,supplier,39953,0,never_instantiated,0,,,,,0,0,,,7313671,0,never_instantiated,0,,,,,0,0,lineitem,,7313658,0,never_instantiated,0,,,,,0,0,,,7048027,0,never_instantiated,0,,,,,0,0,lineitem,,7048014,0,never_instantiated,0,,,,,0,0,,,,,,,,,,,,,,,,,,,,,,,,
Q22,2,9,1,2.57,,,1909668,0,never_instantiated,0,,,,,0,0,orders,,1909668,0,never_instantiated,0,,,,,0,0,,,,,,,,,,,,,,,,,,,,,,,,,,,,,,,,,,,,,,,,,,,,,,,,,,,,,,,,,,,,,,,,,,,,,,,,,,,,,,,,,,,,
Q01,2,10,1,4.51,,,,,,,,,,,,,,,,,,,,,,,,,,,,,,,,,,,,,,,,,,,,,,,,,,,,,,,,,,,,,,,,,,,,,,,,,,,,,,,,,,,,,,,,,,,,,,,,,,,,,,,,,,,,
Q02,2,10,1,1.13,,region,1,0,never_instantiated,0,,,,,0,0,,nation,5,0,never_instantiated,0,,,,,0,0,,supplier,200535,0,never_instantiated,0,,,,,0,0,partsupp,part,79591,0,never_instantiated,0,,,,,0,0,,,63825,0,never_instantiated,0,,,,,0,0,,,47107,0,never_instantiated,0,,,,,0,0,,region,1,0,never_instantiated,0,,,,,0,0,partsupp,,200535,0,never_instantiated,0,,,,,0,0,supplier,nation,5,0,never_instantiated,0,,,,,0,0
Q03,2,10,1,7.38,,customer,3000188,0,never_instantiated,0,,,,,0,0,lineitem,orders,72874383,0,never_instantiated,0,,,,,0,0,,,,,,,,,,,,,,,,,,,,,,,,,,,,,,,,,,,,,,,,,,,,,,,,,,,,,,,,,,,,,,,,,,,,,,,,,,,,,,,,,,,,
Q04,2,10,1,4.72,,,5733776,0,never_instantiated,0,,,,,0,0,lineitem,,5733776,0,never_instantiated,0,,,,,0,0,,,,,,,,,,,,,,,,,,,,,,,,,,,,,,,,,,,,,,,,,,,,,,,,,,,,,,,,,,,,,,,,,,,,,,,,,,,,,,,,,,,,
Q05,2,10,1,6.46,,region,1,0,never_instantiated,0,,,,,0,0,,nation,5,0,never_instantiated,0,,,,,0,0,,customer,2999759,0,never_instantiated,0,,,,,0,0,,supplier,1000000,0,never_instantiated,0,,,,,0,0,lineitem,orders,4562850,0,never_instantiated,0,,,,,0,0,,,,,,,,,,,,,,,,,,,,,,,,,,,,,,,,,,,,,,,,,,,,,,,,
Q06,2,10,1,1.75,,,,,,,,,,,,,,,,,,,,,,,,,,,,,,,,,,,,,,,,,,,,,,,,,,,,,,,,,,,,,,,,,,,,,,,,,,,,,,,,,,,,,,,,,,,,,,,,,,,,,,,,,,,,
Q07,2,10,1,3.90,,nation,2,0,never_instantiated,0,,,,,0,0,,customer,1200139,0,never_instantiated,0,,,,,0,0,,nation,2,0,never_instantiated,0,,,,,0,0,,supplier,80171,0,never_instantiated,0,,,,,0,0,lineitem,orders,12026518,0,never_instantiated,0,,,,,0,0,,,,,,,,,,,,,,,,,,,,,,,,,,,,,,,,,,,,,,,,,,,,,,,,
Q08,2,10,1,4.72,,region,1,0,never_instantiated,0,,,,,0,0,,nation,5,0,never_instantiated,0,,,,,0,0,customer,,245334,0,never_instantiated,0,,,,,0,0,orders,,246009,0,never_instantiated,0,,,,,0,0,,nation,25,0,never_instantiated,0,,,,,0,0,,supplier,1000000,0,never_instantiated,0,,,,,0,0,lineitem,part,134258,0,never_instantiated,0,,,,,0,0,,,,,,,,,,,,,,,,,,,,,,,,
Q09,2,10,1,10.66,,nation,25,0,never_instantiated,0,,,,,0,0,,part,1087982,0,never_instantiated,0,,,,,0,0,,orders,150000000,0,never_instantiated,0,,,,,0,0,,supplier,1000000,0,never_instantiated,0,,,,,0,0,lineitem,partsupp,80000000,0,never_instantiated,0,,,,,0,0,,,,,,,,,,,,,,,,,,,,,,,,,,,,,,,,,,,,,,,,,,,,,,,,
Q10,2,10,1,4.82,,nation,25,0,never_instantiated,0,,,,,0,0,customer,,11463171,0,never_instantiated,0,,,,,0,0,lineitem,orders,5730378,0,never_instantiated,0,,,,,0,0,,,,,,,,,,,,,,,,,,,,,,,,,,,,,,,,,,,,,,,,,,,,,,,,,,,,,,,,,,,,,,,,,,,,,,,,
Q11,2,10,1,0.93,partsupp,,40045,0,never_instantiated,0,,,,,0,0,supplier,nation,1,0,never_instantiated,0,,,,,0,0,partsupp,,40045,0,never_instantiated,0,,,,,0,0,supplier,nation,1,0,never_instantiated,0,,,,,0,0,,,,,,,,,,,,,,,,,,,,,,,,,,,,,,,,,,,,,,,,,,,,,,,,,,,,,,,,,,,,
Q12,2,10,1,3.70,orders,lineitem,3115341,0,never_instantiated,0,,,,,0,0,,,,,,,,,,,,,,,,,,,,,,,,,,,,,,,,,,,,,,,,,,,,,,,,,,,,,,,,,,,,,,,,,,,,,,,,,,,,,,,,,,,,,,,,,,,,,,,,
Q13,2,10,1,8.62,orders,customer,15000000,0,never_instantiated,0,,,,,0,0,,,,,,,,,,,,,,,,,,,,,,,,,,,,,,,,,,,,,,,,,,,,,,,,,,,,,,,,,,,,,,,,,,,,,,,,,,,,,,,,,,,,,,,,,,,,,,,,
Q14,2,10,1,4.82,lineitem,part,20000000,0,never_instantiated,0,,,,,0,0,,,,,,,,,,,,,,,,,,,,,,,,,,,,,,,,,,,,,,,,,,,,,,,,,,,,,,,,,,,,,,,,,,,,,,,,,,,,,,,,,,,,,,,,,,,,,,,,
Q15,2,10,1,2.67,,,1,0,never_instantiated,0,,,,,0,0,supplier,,1000000,0,never_instantiated,0,,,,,0,0,,,,,,,,,,,,,,,,,,,,,,,,,,,,,,,,,,,,,,,,,,,,,,,,,,,,,,,,,,,,,,,,,,,,,,,,,,,,,,,,,,,,
Q16,2,10,1,2.26,,supplier,479,0,never_instantiated,0,,,,,0,0,partsupp,,2971749,0,never_instantiated,0,,,,,0,0,part,,8,0,never_instantiated,0,,,,,0,0,,,,,,,,,,,,,,,,,,,,,,,,,,,,,,,,,,,,,,,,,,,,,,,,,,,,,,,,,,,,,,,,,,,,,,,,
Q17,2,10,1,7.18,lineitem,part,20031,0,never_instantiated,0,,,,,0,0,,,600982,0,never_instantiated,0,,,,,0,0,lineitem,,20031,0,never_instantiated,0,,,,,0,0,,,,,,,,,,,,,,,,,,,,,,,,,,,,,,,,,,,,,,,,,,,,,,,,,,,,,,,,,,,,,,,,,,,,,,,,
Q18,2,10,1,22.96,,lineitem,6398,0,never_instantiated,0,,,,,0,0,,customer,14999999,0,never_instantiated,0,,,,,0,0,lineitem,orders,150000000,0,never_instantiated,0,,,,,0,0,,,,,,,,,,,,,,,,,,,,,,,,,,,,,,,,,,,,,,,,,,,,,,,,,,,,,,,,,,,,,,,,,,,,,,,,
Q19,2,10,1,6.46,lineitem,part,20000000,0,never_instantiated,0,,,,,0,0,,,,,,,,,,,,,,,,,,,,,,,,,,,,,,,,,,,,,,,,,,,,,,,,,,,,,,,,,,,,,,,,,,,,,,,,,,,,,,,,,,,,,,,,,,,,,,,,
Q20,2,10,1,3.80,,,40207,0,never_instantiated,0,,,,,0,0,partsupp,part,217222,0,never_instantiated,0,,,,,0,0,,,35136,0,never_instantiated,0,,,,,0,0,lineitem,,35136,0,never_instantiated,0,,,,,0,0,supplier,nation,1,0,never_instantiated,0,,,,,0,0,,,,,,,,,,,,,,,,,,,,,,,,,,,,,,,,,,,,,,,,,,,,,,,,
Q21,2,10,1,13.94,,nation,1,0,never_instantiated,0,,,,,0,0,,supplier,39953,0,never_instantiated,0,,,,,0,0,lineitem,orders,73072502,0,never_instantiated,0,,,,,0,0,,,7313671,0,never_instantiated,0,,,,,0,0,lineitem,,7313658,0,never_instantiated,0,,,,,0,0,,,7048027,0,never_instantiated,0,,,,,0,0,lineitem,,7048014,0,never_instantiated,0,,,,,0,0,,,,,,,,,,,,,,,,,,,,,,,,
Q22,2,10,1,2.57,,,1909668,0,never_instantiated,0,,,,,0,0,orders,,1909668,0,never_instantiated,0,,,,,0,0,,,,,,,,,,,,,,,,,,,,,,,,,,,,,,,,,,,,,,,,,,,,,,,,,,,,,,,,,,,,,,,,,,,,,,,,,,,,,,,,,,,,
Q01,2,11,1,4.51,,,,,,,,,,,,,,,,,,,,,,,,,,,,,,,,,,,,,,,,,,,,,,,,,,,,,,,,,,,,,,,,,,,,,,,,,,,,,,,,,,,,,,,,,,,,,,,,,,,,,,,,,,,,
Q02,2,11,1,1.23,,region,1,0,never_instantiated,0,,,,,0,0,,nation,5,0,never_instantiated,0,,,,,0,0,,part,79591,0,never_instantiated,0,,,,,0,0,partsupp,supplier,200535,0,never_instantiated,0,,,,,0,0,,,63825,0,never_instantiated,0,,,,,0,0,,,47107,0,never_instantiated,0,,,,,0,0,,region,1,0,never_instantiated,0,,,,,0,0,,nation,5,0,never_instantiated,0,,,,,0,0,partsupp,supplier,200535,0,never_instantiated,0,,,,,0,0
Q03,2,11,1,7.38,,customer,3000188,0,never_instantiated,0,,,,,0,0,lineitem,orders,72874383,0,never_instantiated,0,,,,,0,0,,,,,,,,,,,,,,,,,,,,,,,,,,,,,,,,,,,,,,,,,,,,,,,,,,,,,,,,,,,,,,,,,,,,,,,,,,,,,,,,,,,,
Q04,2,11,1,4.72,,,5733776,0,never_instantiated,0,,,,,0,0,lineitem,,5733776,0,never_instantiated,0,,,,,0,0,,,,,,,,,,,,,,,,,,,,,,,,,,,,,,,,,,,,,,,,,,,,,,,,,,,,,,,,,,,,,,,,,,,,,,,,,,,,,,,,,,,,
Q05,2,11,1,5.84,,customer,14999999,0,never_instantiated,0,,,,,0,0,,region,1,0,never_instantiated,0,,,,,0,0,,nation,5,0,never_instantiated,0,,,,,0,0,,orders,22760819,0,never_instantiated,0,,,,,0,0,lineitem,supplier,199889,0,never_instantiated,0,,,,,0,0,,,,,,,,,,,,,,,,,,,,,,,,,,,,,,,,,,,,,,,,,,,,,,,,
Q06,2,11,1,1.75,,,,,,,,,,,,,,,,,,,,,,,,,,,,,,,,,,,,,,,,,,,,,,,,,,,,,,,,,,,,,,,,,,,,,,,,,,,,,,,,,,,,,,,,,,,,,,,,,,,,,,,,,,,,
Q07,2,11,1,4.00,,nation,2,0,never_instantiated,0,,,,,0,0,,nation,2,0,never_instantiated,0,,,,,0,0,,customer,1200139,0,never_instantiated,0,,,,,0,0,orders,,1179101,0,never_instantiated,0,,,,,0,0,lineitem,supplier,80171,0,never_instantiated,0,,,,,0,0,,,,,,,,,,,,,,,,,,,,,,,,,,,,,,,,,,,,,,,,,,,,,,,,
Q08,2,11,1,4.62,,region,1,0,never_instantiated,0,,,,,0,0,,nation,5,0,never_instantiated,0,,,,,0,0,customer,,1222092,0,never_instantiated,0,,,,,0,0,,nation,25,0,never_instantiated,0,,,,,0,0,orders,,4025859,0,never_instantiated,0,,,,,0,0,,part,134258,0,never_instantiated,0,,,,,0,0,lineitem,supplier,1000000,0,never_instantiated,0,,,,,0,0,,,,,,,,,,,,,,,,,,,,,,,,
Q09,2,11,1,10.56,,orders,150000000,0,never_instantiated,0,,,,,0,0,,part,1087982,0,never_instantiated,0,,,,,0,0,,nation,25,0,never_instantiated,0,,,,,0,0,,partsupp,80000000,0,never_instantiated,0,,,,,0,0,lineitem,supplier,1000000,0,never_instantiated,0,,,,,0,0,,,,,,,,,,,,,,,,,,,,,,,,,,,,,,,,,,,,,,,,,,,,,,,,
Q10,2,11,1,4.82,,nation,25,0,never_instantiated,0,,,,,0,0,customer,,11463171,0,never_instantiated,0,,,,,0,0,lineitem,orders,5730378,0,never_instantiated,0,,,,,0,0,,,,,,,,,,,,,,,,,,,,,,,,,,,,,,,,,,,,,,,,,,,,,,,,,,,,,,,,,,,,,,,,,,,,,,,,
Q11,2,11,1,1.13,,nation,1,0,never_instantiated,0,,,,,0,0,partsupp,supplier,40045,0,never_instantiated,0,,,,,0,0,,nation,1,0,never_instantiated,0,,,,,0,0,partsupp,supplier,40045,0,never_instantiated,0,,,,,0,0,,,,,,,,,,,,,,,,,,,,,,,,,,,,,,,,,,,,,,,,,,,,,,,,,,,,,,,,,,,,
Q12,2,11,1,3.59,orders,lineitem,3115341,0,never_instantiated,0,,,,,0,0,,,,,,,,,,,,,,,,,,,,,,,,,,,,,,,,,,,,,,,,,,,,,,,,,,,,,,,,,,,,,,,,,,,,,,,,,,,,,,,,,,,,,,,,,,,,,,,,
Q13,2,11,1,8.62,orders,customer,15000000,0,never_instantiated,0,,,,,0,0,,,,,,,,,,,,,,,,,,,,,,,,,,,,,,,,,,,,,,,,,,,,,,,,,,,,,,,,,,,,,,,,,,,,,,,,,,,,,,,,,,,,,,,,,,,,,,,,
Q14,2,11,1,4.82,lineitem,part,20000000,0,never_instantiated,0,,,,,0,0,,,,,,,,,,,,,,,,,,,,,,,,,,,,,,,,,,,,,,,,,,,,,,,,,,,,,,,,,,,,,,,,,,,,,,,,,,,,,,,,,,,,,,,,,,,,,,,,
Q15,2,11,1,2.67,,,1,0,never_instantiated,0,,,,,0,0,supplier,,1000000,0,never_instantiated,0,,,,,0,0,,,,,,,,,,,,,,,,,,,,,,,,,,,,,,,,,,,,,,,,,,,,,,,,,,,,,,,,,,,,,,,,,,,,,,,,,,,,,,,,,,,,
Q16,2,11,1,2.26,,supplier,479,0,never_instantiated,0,,,,,0,0,partsupp,,2971749,0,never_instantiated,0,,,,,0,0,part,,8,0,never_instantiated,0,,,,,0,0,,,,,,,,,,,,,,,,,,,,,,,,,,,,,,,,,,,,,,,,,,,,,,,,,,,,,,,,,,,,,,,,,,,,,,,,
Q17,2,11,1,7.58,lineitem,part,20031,0,never_instantiated,0,,,,,0,0,,,600982,0,never_instantiated,0,,,,,0,0,lineitem,,20031,0,never_instantiated,0,,,,,0,0,,,,,,,,,,,,,,,,,,,,,,,,,,,,,,,,,,,,,,,,,,,,,,,,,,,,,,,,,,,,,,,,,,,,,,,,
Q18,2,11,1,22.97,,lineitem,6398,0,never_instantiated,0,,,,,0,0,,customer,14999999,0,never_instantiated,0,,,,,0,0,lineitem,orders,150000000,0,never_instantiated,0,,,,,0,0,,,,,,,,,,,,,,,,,,,,,,,,,,,,,,,,,,,,,,,,,,,,,,,,,,,,,,,,,,,,,,,,,,,,,,,,
Q19,2,11,1,6.46,lineitem,part,20000000,0,never_instantiated,0,,,,,0,0,,,,,,,,,,,,,,,,,,,,,,,,,,,,,,,,,,,,,,,,,,,,,,,,,,,,,,,,,,,,,,,,,,,,,,,,,,,,,,,,,,,,,,,,,,,,,,,,
Q20,2,11,1,3.80,,,40207,0,never_instantiated,0,,,,,0,0,partsupp,part,217222,0,never_instantiated,0,,,,,0,0,,,35136,0,never_instantiated,0,,,,,0,0,lineitem,,35136,0,never_instantiated,0,,,,,0,0,supplier,nation,1,0,never_instantiated,0,,,,,0,0,,,,,,,,,,,,,,,,,,,,,,,,,,,,,,,,,,,,,,,,,,,,,,,,
Q21,2,11,1,13.84,,nation,1,0,never_instantiated,0,,,,,0,0,,orders,73072502,0,never_instantiated,0,,,,,0,0,lineitem,supplier,39953,0,never_instantiated,0,,,,,0,0,,,7313671,0,never_instantiated,0,,,,,0,0,lineitem,,7313658,0,never_instantiated,0,,,,,0,0,,,7048027,0,never_instantiated,0,,,,,0,0,lineitem,,7048014,0,never_instantiated,0,,,,,0,0,,,,,,,,,,,,,,,,,,,,,,,,
Q22,2,11,1,2.57,,,1909668,0,never_instantiated,0,,,,,0,0,orders,,1909668,0,never_instantiated,0,,,,,0,0,,,,,,,,,,,,,,,,,,,,,,,,,,,,,,,,,,,,,,,,,,,,,,,,,,,,,,,,,,,,,,,,,,,,,,,,,,,,,,,,,,,,
Q01,2,12,1,4.51,,,,,,,,,,,,,,,,,,,,,,,,,,,,,,,,,,,,,,,,,,,,,,,,,,,,,,,,,,,,,,,,,,,,,,,,,,,,,,,,,,,,,,,,,,,,,,,,,,,,,,,,,,,,
Q02,2,12,1,1.03,,region,1,0,never_instantiated,0,,,,,0,0,,nation,5,0,never_instantiated,0,,,,,0,0,,supplier,200535,0,never_instantiated,0,,,,,0,0,partsupp,part,79591,0,never_instantiated,0,,,,,0,0,,,63825,0,never_instantiated,0,,,,,0,0,,,47107,0,never_instantiated,0,,,,,0,0,partsupp,,200535,0,never_instantiated,0,,,,,0,0,,region,1,0,never_instantiated,0,,,,,0,0,supplier,nation,5,0,never_instantiated,0,,,,,0,0
Q03,2,12,1,7.39,,customer,3000188,0,never_instantiated,0,,,,,0,0,lineitem,orders,72874383,0,never_instantiated,0,,,,,0,0,,,,,,,,,,,,,,,,,,,,,,,,,,,,,,,,,,,,,,,,,,,,,,,,,,,,,,,,,,,,,,,,,,,,,,,,,,,,,,,,,,,,
Q04,2,12,1,4.72,,,5733776,0,never_instantiated,0,,,,,0,0,lineitem,,5733776,0,never_instantiated,0,,,,,0,0,,,,,,,,,,,,,,,,,,,,,,,,,,,,,,,,,,,,,,,,,,,,,,,,,,,,,,,,,,,,,,,,,,,,,,,,,,,,,,,,,,,,
Q05,2,12,1,7.69,,supplier,1000000,0,never_instantiated,0,,,,,0,0,,region,1,0,never_instantiated,0,,,,,0,0,,nation,5,0,never_instantiated,0,,,,,0,0,,customer,2999759,0,never_instantiated,0,,,,,0,0,lineitem,orders,4562850,0,never_instantiated,0,,,,,0,0,,,,,,,,,,,,,,,,,,,,,,,,,,,,,,,,,,,,,,,,,,,,,,,,
Q06,2,12,1,1.75,,,,,,,,,,,,,,,,,,,,,,,,,,,,,,,,,,,,,,,,,,,,,,,,,,,,,,,,,,,,,,,,,,,,,,,,,,,,,,,,,,,,,,,,,,,,,,,,,,,,,,,,,,,,
Q07,2,12,1,3.90,,nation,2,0,never_instantiated,0,,,,,0,0,,supplier,80171,0,never_instantiated,0,,,,,0,0,,nation,2,0,never_instantiated,0,,,,,0,0,,customer,1200139,0,never_instantiated,0,,,,,0,0,lineitem,orders,12026518,0,never_instantiated,0,,,,,0,0,,,,,,,,,,,,,,,,,,,,,,,,,,,,,,,,,,,,,,,,,,,,,,,,
Q08,2,12,1,4.21,,part,134258,0,never_instantiated,0,,,,,0,0,,region,1,0,never_instantiated,0,,,,,0,0,,nation,5,0,never_instantiated,0,,,,,0,0,,customer,3001905,0,never_instantiated,0,,,,,0,0,,nation,25,0,never_instantiated,0,,,,,0,0,,supplier,1000000,0,never_instantiated,0,,,,,0,0,lineitem,orders,9140870,0,never_instantiated,0,,,,,0,0,,,,,,,,,,,,,,,,,,,,,,,,
Q09,2,12,1,18.14,,partsupp,80000000,0,never_instantiated,0,,,,,0,0,,nation,25,0,never_instantiated,0,,,,,0,0,,part,1087982,0,never_instantiated,0,,,,,0,0,,supplier,1000000,0,never_instantiated,0,,,,,0,0,lineitem,orders,150000000,0,never_instantiated,0,,,,,0,0,,,,,,,,,,,,,,,,,,,,,,,,,,,,,,,,,,,,,,,,,,,,,,,,
Q10,2,12,1,4.82,,nation,25,0,never_instantiated,0,,,,,0,0,customer,,11463171,0,never_instantiated,0,,,,,0,0,lineitem,orders,5730378,0,never_instantiated,0,,,,,0,0,,,,,,,,,,,,,,,,,,,,,,,,,,,,,,,,,,,,,,,,,,,,,,,,,,,,,,,,,,,,,,,,,,,,,,,,
Q11,2,12,1,0.82,partsupp,,40045,0,never_instantiated,0,,,,,0,0,supplier,nation,1,0,never_instantiated,0,,,,,0,0,partsupp,,40045,0,never_instantiated,0,,,,,0,0,supplier,nation,1,0,never_instantiated,0,,,,,0,0,,,,,,,,,,,,,,,,,,,,,,,,,,,,,,,,,,,,,,,,,,,,,,,,,,,,,,,,,,,,
Q12,2,12,1,3.59,orders,lineitem,3115341,0,never_instantiated,0,,,,,0,0,,,,,,,,,,,,,,,,,,,,,,,,,,,,,,,,,,,,,,,,,,,,,,,,,,,,,,,,,,,,,,,,,,,,,,,,,,,,,,,,,,,,,,,,,,,,,,,,
Q13,2,12,1,8.72,orders,customer,15000000,0,never_instantiated,0,,,,,0,0,,,,,,,,,,,,,,,,,,,,,,,,,,,,,,,,,,,,,,,,,,,,,,,,,,,,,,,,,,,,,,,,,,,,,,,,,,,,,,,,,,,,,,,,,,,,,,,,
Q14,2,12,1,4.82,lineitem,part,20000000,0,never_instantiated,0,,,,,0,0,,,,,,,,,,,,,,,,,,,,,,,,,,,,,,,,,,,,,,,,,,,,,,,,,,,,,,,,,,,,,,,,,,,,,,,,,,,,,,,,,,,,,,,,,,,,,,,,
Q15,2,12,1,2.67,,,1,0,never_instantiated,0,,,,,0,0,supplier,,1000000,0,never_instantiated,0,,,,,0,0,,,,,,,,,,,,,,,,,,,,,,,,,,,,,,,,,,,,,,,,,,,,,,,,,,,,,,,,,,,,,,,,,,,,,,,,,,,,,,,,,,,,
Q16,2,12,1,2.26,,supplier,479,0,never_instantiated,0,,,,,0,0,partsupp,,2971749,0,never_instantiated,0,,,,,0,0,part,,8,0,never_instantiated,0,,,,,0,0,,,,,,,,,,,,,,,,,,,,,,,,,,,,,,,,,,,,,,,,,,,,,,,,,,,,,,,,,,,,,,,,,,,,,,,,
Q17,2,12,1,7.28,lineitem,part,20031,0,never_instantiated,0,,,,,0,0,,,600982,0,never_instantiated,0,,,,,0,0,lineitem,,20031,0,never_instantiated,0,,,,,0,0,,,,,,,,,,,,,,,,,,,,,,,,,,,,,,,,,,,,,,,,,,,,,,,,,,,,,,,,,,,,,,,,,,,,,,,,
Q18,2,12,1,22.86,,lineitem,6398,0,never_instantiated,0,,,,,0,0,,customer,14999999,0,never_instantiated,0,,,,,0,0,lineitem,orders,150000000,0,never_instantiated,0,,,,,0,0,,,,,,,,,,,,,,,,,,,,,,,,,,,,,,,,,,,,,,,,,,,,,,,,,,,,,,,,,,,,,,,,,,,,,,,,
Q19,2,12,1,6.46,lineitem,part,20000000,0,never_instantiated,0,,,,,0,0,,,,,,,,,,,,,,,,,,,,,,,,,,,,,,,,,,,,,,,,,,,,,,,,,,,,,,,,,,,,,,,,,,,,,,,,,,,,,,,,,,,,,,,,,,,,,,,,
Q20,2,12,1,3.80,,,40207,0,never_instantiated,0,,,,,0,0,partsupp,part,217222,0,never_instantiated,0,,,,,0,0,,,35136,0,never_instantiated,0,,,,,0,0,lineitem,,35136,0,never_instantiated,0,,,,,0,0,supplier,nation,1,0,never_instantiated,0,,,,,0,0,,,,,,,,,,,,,,,,,,,,,,,,,,,,,,,,,,,,,,,,,,,,,,,,
Q21,2,12,1,13.84,,nation,1,0,never_instantiated,0,,,,,0,0,,supplier,39953,0,never_instantiated,0,,,,,0,0,lineitem,orders,73072502,0,never_instantiated,0,,,,,0,0,,,7313671,0,never_instantiated,0,,,,,0,0,lineitem,,7313658,0,never_instantiated,0,,,,,0,0,,,7048027,0,never_instantiated,0,,,,,0,0,lineitem,,7048014,0,never_instantiated,0,,,,,0,0,,,,,,,,,,,,,,,,,,,,,,,,
Q22,2,12,1,2.57,,,1909668,0,never_instantiated,0,,,,,0,0,orders,,1909668,0,never_instantiated,0,,,,,0,0,,,,,,,,,,,,,,,,,,,,,,,,,,,,,,,,,,,,,,,,,,,,,,,,,,,,,,,,,,,,,,,,,,,,,,,,,,,,,,,,,,,,
Q01,2,13,1,4.61,,,,,,,,,,,,,,,,,,,,,,,,,,,,,,,,,,,,,,,,,,,,,,,,,,,,,,,,,,,,,,,,,,,,,,,,,,,,,,,,,,,,,,,,,,,,,,,,,,,,,,,,,,,,
Q02,2,13,1,1.23,,region,1,0,never_instantiated,0,,,,,0,0,,nation,5,0,never_instantiated,0,,,,,0,0,,part,79591,0,never_instantiated,0,,,,,0,0,partsupp,supplier,200535,0,never_instantiated,0,,,,,0,0,,,63825,0,never_instantiated,0,,,,,0,0,,,47107,0,never_instantiated,0,,,,,0,0,,region,1,0,never_instantiated,0,,,,,0,0,,nation,5,0,never_instantiated,0,,,,,0,0,partsupp,supplier,200535,0,never_instantiated,0,,,,,0,0
Q03,2,13,1,3.80,,customer,3000188,0,never_instantiated,0,,,,,0,0,lineitem,orders,14600127,0,never_instantiated,0,,,,,0,0,,,,,,,,,,,,,,,,,,,,,,,,,,,,,,,,,,,,,,,,,,,,,,,,,,,,,,,,,,,,,,,,,,,,,,,,,,,,,,,,,,,,
Q04,2,13,1,4.82,,,5733776,0,never_instantiated,0,,,,,0,0,lineitem,,5733776,0,never_instantiated,0,,,,,0,0,,,,,,,,,,,,,,,,,,,,,,,,,,,,,,,,,,,,,,,,,,,,,,,,,,,,,,,,,,,,,,,,,,,,,,,,,,,,,,,,,,,,
Q05,2,13,1,9999999,,,,,,,,,,,,,,,,,,,,,,,,,,,,,,,,,,,,,,,,,,,,,,,,,,,,,,,,,,,,,,,,,,,,,,,,,,,,,,,,,,,,,,,,,,,,,,,,,,,,,,,,,,,,
Q06,2,13,1,1.75,,,,,,,,,,,,,,,,,,,,,,,,,,,,,,,,,,,,,,,,,,,,,,,,,,,,,,,,,,,,,,,,,,,,,,,,,,,,,,,,,,,,,,,,,,,,,,,,,,,,,,,,,,,,
Q07,2,13,1,4.00,,nation,2,0,never_instantiated,0,,,,,0,0,,customer,1200139,0,never_instantiated,0,,,,,0,0,,nation,2,0,never_instantiated,0,,,,,0,0,orders,,1179101,0,never_instantiated,0,,,,,0,0,lineitem,supplier,80171,0,never_instantiated,0,,,,,0,0,,,,,,,,,,,,,,,,,,,,,,,,,,,,,,,,,,,,,,,,,,,,,,,,
Q08,2,13,1,4.72,,region,1,0,never_instantiated,0,,,,,0,0,,nation,5,0,never_instantiated,0,,,,,0,0,customer,,245334,0,never_instantiated,0,,,,,0,0,orders,,246009,0,never_instantiated,0,,,,,0,0,,nation,25,0,never_instantiated,0,,,,,0,0,,supplier,1000000,0,never_instantiated,0,,,,,0,0,lineitem,part,134258,0,never_instantiated,0,,,,,0,0,,,,,,,,,,,,,,,,,,,,,,,,
Q09,2,13,1,10.56,,nation,25,0,never_instantiated,0,,,,,0,0,,supplier,1000000,0,never_instantiated,0,,,,,0,0,,orders,150000000,0,never_instantiated,0,,,,,0,0,,partsupp,80000000,0,never_instantiated,0,,,,,0,0,lineitem,part,1087982,0,never_instantiated,0,,,,,0,0,,,,,,,,,,,,,,,,,,,,,,,,,,,,,,,,,,,,,,,,,,,,,,,,
Q10,2,13,1,4.82,,nation,25,0,never_instantiated,0,,,,,0,0,customer,,11463171,0,never_instantiated,0,,,,,0,0,lineitem,orders,5730378,0,never_instantiated,0,,,,,0,0,,,,,,,,,,,,,,,,,,,,,,,,,,,,,,,,,,,,,,,,,,,,,,,,,,,,,,,,,,,,,,,,,,,,,,,,
Q11,2,13,1,1.03,,nation,1,0,never_instantiated,0,,,,,0,0,partsupp,supplier,40045,0,never_instantiated,0,,,,,0,0,partsupp,,40045,0,never_instantiated,0,,,,,0,0,supplier,nation,1,0,never_instantiated,0,,,,,0,0,,,,,,,,,,,,,,,,,,,,,,,,,,,,,,,,,,,,,,,,,,,,,,,,,,,,,,,,,,,,
Q12,2,13,1,3.59,orders,lineitem,3115341,0,never_instantiated,0,,,,,0,0,,,,,,,,,,,,,,,,,,,,,,,,,,,,,,,,,,,,,,,,,,,,,,,,,,,,,,,,,,,,,,,,,,,,,,,,,,,,,,,,,,,,,,,,,,,,,,,,
Q13,2,13,1,8.62,orders,customer,15000000,0,never_instantiated,0,,,,,0,0,,,,,,,,,,,,,,,,,,,,,,,,,,,,,,,,,,,,,,,,,,,,,,,,,,,,,,,,,,,,,,,,,,,,,,,,,,,,,,,,,,,,,,,,,,,,,,,,
Q14,2,13,1,4.82,lineitem,part,20000000,0,never_instantiated,0,,,,,0,0,,,,,,,,,,,,,,,,,,,,,,,,,,,,,,,,,,,,,,,,,,,,,,,,,,,,,,,,,,,,,,,,,,,,,,,,,,,,,,,,,,,,,,,,,,,,,,,,
Q15,2,13,1,2.67,,,1,0,never_instantiated,0,,,,,0,0,supplier,,1000000,0,never_instantiated,0,,,,,0,0,,,,,,,,,,,,,,,,,,,,,,,,,,,,,,,,,,,,,,,,,,,,,,,,,,,,,,,,,,,,,,,,,,,,,,,,,,,,,,,,,,,,
Q16,2,13,1,2.26,,supplier,479,0,never_instantiated,0,,,,,0,0,partsupp,,2971749,0,never_instantiated,0,,,,,0,0,part,,8,0,never_instantiated,0,,,,,0,0,,,,,,,,,,,,,,,,,,,,,,,,,,,,,,,,,,,,,,,,,,,,,,,,,,,,,,,,,,,,,,,,,,,,,,,,
Q17,2,13,1,7.28,lineitem,part,20031,0,never_instantiated,0,,,,,0,0,,,600982,0,never_instantiated,0,,,,,0,0,lineitem,,20031,0,never_instantiated,0,,,,,0,0,,,,,,,,,,,,,,,,,,,,,,,,,,,,,,,,,,,,,,,,,,,,,,,,,,,,,,,,,,,,,,,,,,,,,,,,
Q18,2,13,1,22.96,,lineitem,6398,0,never_instantiated,0,,,,,0,0,,customer,14999999,0,never_instantiated,0,,,,,0,0,lineitem,orders,150000000,0,never_instantiated,0,,,,,0,0,,,,,,,,,,,,,,,,,,,,,,,,,,,,,,,,,,,,,,,,,,,,,,,,,,,,,,,,,,,,,,,,,,,,,,,,
Q19,2,13,1,6.46,lineitem,part,20000000,0,never_instantiated,0,,,,,0,0,,,,,,,,,,,,,,,,,,,,,,,,,,,,,,,,,,,,,,,,,,,,,,,,,,,,,,,,,,,,,,,,,,,,,,,,,,,,,,,,,,,,,,,,,,,,,,,,
Q20,2,13,1,3.80,,,40207,0,never_instantiated,0,,,,,0,0,partsupp,part,217222,0,never_instantiated,0,,,,,0,0,,,35136,0,never_instantiated,0,,,,,0,0,lineitem,,35136,0,never_instantiated,0,,,,,0,0,supplier,nation,1,0,never_instantiated,0,,,,,0,0,,,,,,,,,,,,,,,,,,,,,,,,,,,,,,,,,,,,,,,,,,,,,,,,
Q21,2,13,1,13.84,,nation,1,0,never_instantiated,0,,,,,0,0,,orders,73072502,0,never_instantiated,0,,,,,0,0,lineitem,supplier,39953,0,never_instantiated,0,,,,,0,0,,,7313671,0,never_instantiated,0,,,,,0,0,lineitem,,7313658,0,never_instantiated,0,,,,,0,0,,,7048027,0,never_instantiated,0,,,,,0,0,lineitem,,7048014,0,never_instantiated,0,,,,,0,0,,,,,,,,,,,,,,,,,,,,,,,,
Q22,2,13,1,2.46,,,1909668,0,never_instantiated,0,,,,,0,0,orders,,1909668,0,never_instantiated,0,,,,,0,0,,,,,,,,,,,,,,,,,,,,,,,,,,,,,,,,,,,,,,,,,,,,,,,,,,,,,,,,,,,,,,,,,,,,,,,,,,,,,,,,,,,,
Q01,2,14,1,4.51,,,,,,,,,,,,,,,,,,,,,,,,,,,,,,,,,,,,,,,,,,,,,,,,,,,,,,,,,,,,,,,,,,,,,,,,,,,,,,,,,,,,,,,,,,,,,,,,,,,,,,,,,,,,
Q02,2,14,1,1.23,,region,1,0,never_instantiated,0,,,,,0,0,,nation,5,0,never_instantiated,0,,,,,0,0,,supplier,200535,0,never_instantiated,0,,,,,0,0,partsupp,part,79591,0,never_instantiated,0,,,,,0,0,,,63825,0,never_instantiated,0,,,,,0,0,,,47107,0,never_instantiated,0,,,,,0,0,,region,1,0,never_instantiated,0,,,,,0,0,,nation,5,0,never_instantiated,0,,,,,0,0,partsupp,supplier,200535,0,never_instantiated,0,,,,,0,0
Q03,2,14,1,7.38,,customer,3000188,0,never_instantiated,0,,,,,0,0,lineitem,orders,72874383,0,never_instantiated,0,,,,,0,0,,,,,,,,,,,,,,,,,,,,,,,,,,,,,,,,,,,,,,,,,,,,,,,,,,,,,,,,,,,,,,,,,,,,,,,,,,,,,,,,,,,,
Q04,2,14,1,4.82,,,5733776,0,never_instantiated,0,,,,,0,0,lineitem,,5733776,0,never_instantiated,0,,,,,0,0,,,,,,,,,,,,,,,,,,,,,,,,,,,,,,,,,,,,,,,,,,,,,,,,,,,,,,,,,,,,,,,,,,,,,,,,,,,,,,,,,,,,
Q05,2,14,1,6.36,,region,1,0,never_instantiated,0,,,,,0,0,,nation,5,0,never_instantiated,0,,,,,0,0,,customer,2999759,0,never_instantiated,0,,,,,0,0,,supplier,1000000,0,never_instantiated,0,,,,,0,0,lineitem,orders,4562850,0,never_instantiated,0,,,,,0,0,,,,,,,,,,,,,,,,,,,,,,,,,,,,,,,,,,,,,,,,,,,,,,,,
Q06,2,14,1,1.75,,,,,,,,,,,,,,,,,,,,,,,,,,,,,,,,,,,,,,,,,,,,,,,,,,,,,,,,,,,,,,,,,,,,,,,,,,,,,,,,,,,,,,,,,,,,,,,,,,,,,,,,,,,,
Q07,2,14,1,4.00,,nation,2,0,never_instantiated,0,,,,,0,0,,customer,1200139,0,never_instantiated,0,,,,,0,0,,nation,2,0,never_instantiated,0,,,,,0,0,,supplier,80171,0,never_instantiated,0,,,,,0,0,lineitem,orders,12026518,0,never_instantiated,0,,,,,0,0,,,,,,,,,,,,,,,,,,,,,,,,,,,,,,,,,,,,,,,,,,,,,,,,
Q08,2,14,1,4.10,,region,1,0,never_instantiated,0,,,,,0,0,,nation,5,0,never_instantiated,0,,,,,0,0,,part,134258,0,never_instantiated,0,,,,,0,0,,customer,3001905,0,never_instantiated,0,,,,,0,0,,orders,9140870,0,never_instantiated,0,,,,,0,0,,nation,25,0,never_instantiated,0,,,,,0,0,lineitem,supplier,1000000,0,never_instantiated,0,,,,,0,0,,,,,,,,,,,,,,,,,,,,,,,,
Q09,2,14,1,10.56,,nation,25,0,never_instantiated,0,,,,,0,0,,supplier,1000000,0,never_instantiated,0,,,,,0,0,,part,1087982,0,never_instantiated,0,,,,,0,0,,orders,150000000,0,never_instantiated,0,,,,,0,0,lineitem,partsupp,80000000,0,never_instantiated,0,,,,,0,0,,,,,,,,,,,,,,,,,,,,,,,,,,,,,,,,,,,,,,,,,,,,,,,,
Q10,2,14,1,4.82,,nation,25,0,never_instantiated,0,,,,,0,0,customer,,11463171,0,never_instantiated,0,,,,,0,0,lineitem,orders,5730378,0,never_instantiated,0,,,,,0,0,,,,,,,,,,,,,,,,,,,,,,,,,,,,,,,,,,,,,,,,,,,,,,,,,,,,,,,,,,,,,,,,,,,,,,,,
Q11,2,14,1,0.82,partsupp,,40045,0,never_instantiated,0,,,,,0,0,supplier,nation,1,0,never_instantiated,0,,,,,0,0,partsupp,,40045,0,never_instantiated,0,,,,,0,0,supplier,nation,1,0,never_instantiated,0,,,,,0,0,,,,,,,,,,,,,,,,,,,,,,,,,,,,,,,,,,,,,,,,,,,,,,,,,,,,,,,,,,,,
Q12,2,14,1,3.59,orders,lineitem,3115341,0,never_instantiated,0,,,,,0,0,,,,,,,,,,,,,,,,,,,,,,,,,,,,,,,,,,,,,,,,,,,,,,,,,,,,,,,,,,,,,,,,,,,,,,,,,,,,,,,,,,,,,,,,,,,,,,,,
Q13,2,14,1,8.72,orders,customer,15000000,0,never_instantiated,0,,,,,0,0,,,,,,,,,,,,,,,,,,,,,,,,,,,,,,,,,,,,,,,,,,,,,,,,,,,,,,,,,,,,,,,,,,,,,,,,,,,,,,,,,,,,,,,,,,,,,,,,
Q14,2,14,1,4.82,lineitem,part,20000000,0,never_instantiated,0,,,,,0,0,,,,,,,,,,,,,,,,,,,,,,,,,,,,,,,,,,,,,,,,,,,,,,,,,,,,,,,,,,,,,,,,,,,,,,,,,,,,,,,,,,,,,,,,,,,,,,,,
Q15,2,14,1,2.67,,,1,0,never_instantiated,0,,,,,0,0,supplier,,1000000,0,never_instantiated,0,,,,,0,0,,,,,,,,,,,,,,,,,,,,,,,,,,,,,,,,,,,,,,,,,,,,,,,,,,,,,,,,,,,,,,,,,,,,,,,,,,,,,,,,,,,,
Q16,2,14,1,2.26,,supplier,479,0,never_instantiated,0,,,,,0,0,partsupp,,2971749,0,never_instantiated,0,,,,,0,0,part,,8,0,never_instantiated,0,,,,,0,0,,,,,,,,,,,,,,,,,,,,,,,,,,,,,,,,,,,,,,,,,,,,,,,,,,,,,,,,,,,,,,,,,,,,,,,,
Q17,2,14,1,7.28,lineitem,part,20031,0,never_instantiated,0,,,,,0,0,,,600982,0,never_instantiated,0,,,,,0,0,lineitem,,20031,0,never_instantiated,0,,,,,0,0,,,,,,,,,,,,,,,,,,,,,,,,,,,,,,,,,,,,,,,,,,,,,,,,,,,,,,,,,,,,,,,,,,,,,,,,
Q18,2,14,1,22.76,,lineitem,6398,0,never_instantiated,0,,,,,0,0,,customer,14999999,0,never_instantiated,0,,,,,0,0,lineitem,orders,150000000,0,never_instantiated,0,,,,,0,0,,,,,,,,,,,,,,,,,,,,,,,,,,,,,,,,,,,,,,,,,,,,,,,,,,,,,,,,,,,,,,,,,,,,,,,,
Q19,2,14,1,6.46,lineitem,part,20000000,0,never_instantiated,0,,,,,0,0,,,,,,,,,,,,,,,,,,,,,,,,,,,,,,,,,,,,,,,,,,,,,,,,,,,,,,,,,,,,,,,,,,,,,,,,,,,,,,,,,,,,,,,,,,,,,,,,
Q20,2,14,1,3.80,,,40207,0,never_instantiated,0,,,,,0,0,partsupp,part,217222,0,never_instantiated,0,,,,,0,0,,,35136,0,never_instantiated,0,,,,,0,0,lineitem,,35136,0,never_instantiated,0,,,,,0,0,supplier,nation,1,0,never_instantiated,0,,,,,0,0,,,,,,,,,,,,,,,,,,,,,,,,,,,,,,,,,,,,,,,,,,,,,,,,
Q21,2,14,1,13.84,,nation,1,0,never_instantiated,0,,,,,0,0,,supplier,39953,0,never_instantiated,0,,,,,0,0,lineitem,orders,73072502,0,never_instantiated,0,,,,,0,0,,,7313671,0,never_instantiated,0,,,,,0,0,lineitem,,7313658,0,never_instantiated,0,,,,,0,0,,,7048027,0,never_instantiated,0,,,,,0,0,lineitem,,7048014,0,never_instantiated,0,,,,,0,0,,,,,,,,,,,,,,,,,,,,,,,,
Q22,2,14,1,2.57,,,1909668,0,never_instantiated,0,,,,,0,0,orders,,1909668,0,never_instantiated,0,,,,,0,0,,,,,,,,,,,,,,,,,,,,,,,,,,,,,,,,,,,,,,,,,,,,,,,,,,,,,,,,,,,,,,,,,,,,,,,,,,,,,,,,,,,,
Q01,2,15,1,4.51,,,,,,,,,,,,,,,,,,,,,,,,,,,,,,,,,,,,,,,,,,,,,,,,,,,,,,,,,,,,,,,,,,,,,,,,,,,,,,,,,,,,,,,,,,,,,,,,,,,,,,,,,,,,
Q02,2,15,1,1.23,,region,1,0,never_instantiated,0,,,,,0,0,,nation,5,0,never_instantiated,0,,,,,0,0,,part,79591,0,never_instantiated,0,,,,,0,0,partsupp,supplier,200535,0,never_instantiated,0,,,,,0,0,,,63825,0,never_instantiated,0,,,,,0,0,,,47107,0,never_instantiated,0,,,,,0,0,,region,1,0,never_instantiated,0,,,,,0,0,,nation,5,0,never_instantiated,0,,,,,0,0,partsupp,supplier,200535,0,never_instantiated,0,,,,,0,0
Q03,2,15,1,7.38,,customer,3000188,0,never_instantiated,0,,,,,0,0,lineitem,orders,72874383,0,never_instantiated,0,,,,,0,0,,,,,,,,,,,,,,,,,,,,,,,,,,,,,,,,,,,,,,,,,,,,,,,,,,,,,,,,,,,,,,,,,,,,,,,,,,,,,,,,,,,,
Q04,2,15,1,4.72,,,5733776,0,never_instantiated,0,,,,,0,0,lineitem,,5733776,0,never_instantiated,0,,,,,0,0,,,,,,,,,,,,,,,,,,,,,,,,,,,,,,,,,,,,,,,,,,,,,,,,,,,,,,,,,,,,,,,,,,,,,,,,,,,,,,,,,,,,
Q05,2,15,1,5.95,,customer,14999999,0,never_instantiated,0,,,,,0,0,,region,1,0,never_instantiated,0,,,,,0,0,,orders,22760819,0,never_instantiated,0,,,,,0,0,,nation,5,0,never_instantiated,0,,,,,0,0,lineitem,supplier,199889,0,never_instantiated,0,,,,,0,0,,,,,,,,,,,,,,,,,,,,,,,,,,,,,,,,,,,,,,,,,,,,,,,,
Q06,2,15,1,1.75,,,,,,,,,,,,,,,,,,,,,,,,,,,,,,,,,,,,,,,,,,,,,,,,,,,,,,,,,,,,,,,,,,,,,,,,,,,,,,,,,,,,,,,,,,,,,,,,,,,,,,,,,,,,
Q07,2,15,1,4.00,,nation,2,0,never_instantiated,0,,,,,0,0,,nation,2,0,never_instantiated,0,,,,,0,0,,customer,1200139,0,never_instantiated,0,,,,,0,0,orders,,1179101,0,never_instantiated,0,,,,,0,0,lineitem,supplier,80171,0,never_instantiated,0,,,,,0,0,,,,,,,,,,,,,,,,,,,,,,,,,,,,,,,,,,,,,,,,,,,,,,,,
Q08,2,15,1,4.10,,region,1,0,never_instantiated,0,,,,,0,0,,nation,5,0,never_instantiated,0,,,,,0,0,customer,,245334,0,never_instantiated,0,,,,,0,0,,nation,25,0,never_instantiated,0,,,,,0,0,,supplier,1000000,0,never_instantiated,0,,,,,0,0,,part,134258,0,never_instantiated,0,,,,,0,0,lineitem,orders,9140870,0,never_instantiated,0,,,,,0,0,,,,,,,,,,,,,,,,,,,,,,,,
Q09,2,15,1,10.66,,nation,25,0,never_instantiated,0,,,,,0,0,,partsupp,80000000,0,never_instantiated,0,,,,,0,0,,part,1087982,0,never_instantiated,0,,,,,0,0,,orders,150000000,0,never_instantiated,0,,,,,0,0,lineitem,supplier,1000000,0,never_instantiated,0,,,,,0,0,,,,,,,,,,,,,,,,,,,,,,,,,,,,,,,,,,,,,,,,,,,,,,,,
Q10,2,15,1,4.82,,nation,25,0,never_instantiated,0,,,,,0,0,customer,,11463171,0,never_instantiated,0,,,,,0,0,lineitem,orders,5730378,0,never_instantiated,0,,,,,0,0,,,,,,,,,,,,,,,,,,,,,,,,,,,,,,,,,,,,,,,,,,,,,,,,,,,,,,,,,,,,,,,,,,,,,,,,
Q11,2,15,1,1.13,,nation,1,0,never_instantiated,0,,,,,0,0,partsupp,supplier,40045,0,never_instantiated,0,,,,,0,0,,nation,1,0,never_instantiated,0,,,,,0,0,partsupp,supplier,40045,0,never_instantiated,0,,,,,0,0,,,,,,,,,,,,,,,,,,,,,,,,,,,,,,,,,,,,,,,,,,,,,,,,,,,,,,,,,,,,
Q12,2,15,1,3.59,orders,lineitem,3115341,0,never_instantiated,0,,,,,0,0,,,,,,,,,,,,,,,,,,,,,,,,,,,,,,,,,,,,,,,,,,,,,,,,,,,,,,,,,,,,,,,,,,,,,,,,,,,,,,,,,,,,,,,,,,,,,,,,
Q13,2,15,1,8.72,orders,customer,15000000,0,never_instantiated,0,,,,,0,0,,,,,,,,,,,,,,,,,,,,,,,,,,,,,,,,,,,,,,,,,,,,,,,,,,,,,,,,,,,,,,,,,,,,,,,,,,,,,,,,,,,,,,,,,,,,,,,,
Q14,2,15,1,4.82,lineitem,part,20000000,0,never_instantiated,0,,,,,0,0,,,,,,,,,,,,,,,,,,,,,,,,,,,,,,,,,,,,,,,,,,,,,,,,,,,,,,,,,,,,,,,,,,,,,,,,,,,,,,,,,,,,,,,,,,,,,,,,
Q15,2,15,1,2.67,,,1,0,never_instantiated,0,,,,,0,0,supplier,,1000000,0,never_instantiated,0,,,,,0,0,,,,,,,,,,,,,,,,,,,,,,,,,,,,,,,,,,,,,,,,,,,,,,,,,,,,,,,,,,,,,,,,,,,,,,,,,,,,,,,,,,,,
Q16,2,15,1,2.26,,supplier,479,0,never_instantiated,0,,,,,0,0,partsupp,,2971749,0,never_instantiated,0,,,,,0,0,part,,8,0,never_instantiated,0,,,,,0,0,,,,,,,,,,,,,,,,,,,,,,,,,,,,,,,,,,,,,,,,,,,,,,,,,,,,,,,,,,,,,,,,,,,,,,,,
Q17,2,15,1,7.17,lineitem,part,20031,0,never_instantiated,0,,,,,0,0,,,600982,0,never_instantiated,0,,,,,0,0,lineitem,,20031,0,never_instantiated,0,,,,,0,0,,,,,,,,,,,,,,,,,,,,,,,,,,,,,,,,,,,,,,,,,,,,,,,,,,,,,,,,,,,,,,,,,,,,,,,,
Q18,2,15,1,22.86,,lineitem,6398,0,never_instantiated,0,,,,,0,0,,customer,14999999,0,never_instantiated,0,,,,,0,0,lineitem,orders,150000000,0,never_instantiated,0,,,,,0,0,,,,,,,,,,,,,,,,,,,,,,,,,,,,,,,,,,,,,,,,,,,,,,,,,,,,,,,,,,,,,,,,,,,,,,,,
Q19,2,15,1,6.46,lineitem,part,20000000,0,never_instantiated,0,,,,,0,0,,,,,,,,,,,,,,,,,,,,,,,,,,,,,,,,,,,,,,,,,,,,,,,,,,,,,,,,,,,,,,,,,,,,,,,,,,,,,,,,,,,,,,,,,,,,,,,,
Q20,2,15,1,3.80,,,40207,0,never_instantiated,0,,,,,0,0,partsupp,part,217222,0,never_instantiated,0,,,,,0,0,,,35136,0,never_instantiated,0,,,,,0,0,lineitem,,35136,0,never_instantiated,0,,,,,0,0,supplier,nation,1,0,never_instantiated,0,,,,,0,0,,,,,,,,,,,,,,,,,,,,,,,,,,,,,,,,,,,,,,,,,,,,,,,,
Q21,2,15,1,13.74,,nation,1,0,never_instantiated,0,,,,,0,0,,orders,73072502,0,never_instantiated,0,,,,,0,0,lineitem,supplier,39953,0,never_instantiated,0,,,,,0,0,,,7313671,0,never_instantiated,0,,,,,0,0,lineitem,,7313658,0,never_instantiated,0,,,,,0,0,,,7048027,0,never_instantiated,0,,,,,0,0,lineitem,,7048014,0,never_instantiated,0,,,,,0,0,,,,,,,,,,,,,,,,,,,,,,,,
Q22,2,15,1,2.57,,,1909668,0,never_instantiated,0,,,,,0,0,orders,,1909668,0,never_instantiated,0,,,,,0,0,,,,,,,,,,,,,,,,,,,,,,,,,,,,,,,,,,,,,,,,,,,,,,,,,,,,,,,,,,,,,,,,,,,,,,,,,,,,,,,,,,,,
Q01,2,16,1,4.61,,,,,,,,,,,,,,,,,,,,,,,,,,,,,,,,,,,,,,,,,,,,,,,,,,,,,,,,,,,,,,,,,,,,,,,,,,,,,,,,,,,,,,,,,,,,,,,,,,,,,,,,,,,,
Q02,2,16,1,1.03,,region,1,0,never_instantiated,0,,,,,0,0,,nation,5,0,never_instantiated,0,,,,,0,0,,supplier,200535,0,never_instantiated,0,,,,,0,0,partsupp,part,79591,0,never_instantiated,0,,,,,0,0,,,63825,0,never_instantiated,0,,,,,0,0,,,47107,0,never_instantiated,0,,,,,0,0,partsupp,,200535,0,never_instantiated,0,,,,,0,0,,region,1,0,never_instantiated,0,,,,,0,0,supplier,nation,5,0,never_instantiated,0,,,,,0,0
Q03,2,16,1,7.38,,customer,3000188,0,never_instantiated,0,,,,,0,0,lineitem,orders,72874383,0,never_instantiated,0,,,,,0,0,,,,,,,,,,,,,,,,,,,,,,,,,,,,,,,,,,,,,,,,,,,,,,,,,,,,,,,,,,,,,,,,,,,,,,,,,,,,,,,,,,,,
Q04,2,16,1,4.82,,,5733776,0,never_instantiated,0,,,,,0,0,lineitem,,5733776,0,never_instantiated,0,,,,,0,0,,,,,,,,,,,,,,,,,,,,,,,,,,,,,,,,,,,,,,,,,,,,,,,,,,,,,,,,,,,,,,,,,,,,,,,,,,,,,,,,,,,,
Q05,2,16,1,7.17,,region,1,0,never_instantiated,0,,,,,0,0,,nation,5,0,never_instantiated,0,,,,,0,0,,customer,2999759,0,never_instantiated,0,,,,,0,0,,supplier,199889,0,never_instantiated,0,,,,,0,0,lineitem,orders,22760819,0,never_instantiated,0,,,,,0,0,,,,,,,,,,,,,,,,,,,,,,,,,,,,,,,,,,,,,,,,,,,,,,,,
Q06,2,16,1,1.75,,,,,,,,,,,,,,,,,,,,,,,,,,,,,,,,,,,,,,,,,,,,,,,,,,,,,,,,,,,,,,,,,,,,,,,,,,,,,,,,,,,,,,,,,,,,,,,,,,,,,,,,,,,,
Q07,2,16,1,3.90,,nation,2,0,never_instantiated,0,,,,,0,0,,customer,1200139,0,never_instantiated,0,,,,,0,0,,nation,2,0,never_instantiated,0,,,,,0,0,,supplier,80171,0,never_instantiated,0,,,,,0,0,lineitem,orders,12026518,0,never_instantiated,0,,,,,0,0,,,,,,,,,,,,,,,,,,,,,,,,,,,,,,,,,,,,,,,,,,,,,,,,
Q08,2,16,1,4.82,,region,1,0,never_instantiated,0,,,,,0,0,,nation,5,0,never_instantiated,0,,,,,0,0,customer,,245334,0,never_instantiated,0,,,,,0,0,orders,,246009,0,never_instantiated,0,,,,,0,0,,nation,25,0,never_instantiated,0,,,,,0,0,,supplier,1000000,0,never_instantiated,0,,,,,0,0,lineitem,part,134258,0,never_instantiated,0,,,,,0,0,,,,,,,,,,,,,,,,,,,,,,,,
Q09,2,16,1,18.04,,nation,25,0,never_instantiated,0,,,,,0,0,,supplier,1000000,0,never_instantiated,0,,,,,0,0,,partsupp,80000000,0,never_instantiated,0,,,,,0,0,,part,1087982,0,never_instantiated,0,,,,,0,0,lineitem,orders,150000000,0,never_instantiated,0,,,,,0,0,,,,,,,,,,,,,,,,,,,,,,,,,,,,,,,,,,,,,,,,,,,,,,,,
Q10,2,16,1,4.82,,nation,25,0,never_instantiated,0,,,,,0,0,customer,,11463171,0,never_instantiated,0,,,,,0,0,lineitem,orders,5730378,0,never_instantiated,0,,,,,0,0,,,,,,,,,,,,,,,,,,,,,,,,,,,,,,,,,,,,,,,,,,,,,,,,,,,,,,,,,,,,,,,,,,,,,,,,
Q11,2,16,1,0.93,partsupp,,40045,0,never_instantiated,0,,,,,0,0,supplier,nation,1,0,never_instantiated,0,,,,,0,0,partsupp,,40045,0,never_instantiated,0,,,,,0,0,supplier,nation,1,0,never_instantiated,0,,,,,0,0,,,,,,,,,,,,,,,,,,,,,,,,,,,,,,,,,,,,,,,,,,,,,,,,,,,,,,,,,,,,
Q12,2,16,1,3.59,orders,lineitem,3115341,0,never_instantiated,0,,,,,0,0,,,,,,,,,,,,,,,,,,,,,,,,,,,,,,,,,,,,,,,,,,,,,,,,,,,,,,,,,,,,,,,,,,,,,,,,,,,,,,,,,,,,,,,,,,,,,,,,
Q13,2,16,1,8.61,orders,customer,15000000,0,never_instantiated,0,,,,,0,0,,,,,,,,,,,,,,,,,,,,,,,,,,,,,,,,,,,,,,,,,,,,,,,,,,,,,,,,,,,,,,,,,,,,,,,,,,,,,,,,,,,,,,,,,,,,,,,,
Q14,2,16,1,4.82,lineitem,part,20000000,0,never_instantiated,0,,,,,0,0,,,,,,,,,,,,,,,,,,,,,,,,,,,,,,,,,,,,,,,,,,,,,,,,,,,,,,,,,,,,,,,,,,,,,,,,,,,,,,,,,,,,,,,,,,,,,,,,
Q15,2,16,1,2.67,,,1,0,never_instantiated,0,,,,,0,0,supplier,,1000000,0,never_instantiated,0,,,,,0,0,,,,,,,,,,,,,,,,,,,,,,,,,,,,,,,,,,,,,,,,,,,,,,,,,,,,,,,,,,,,,,,,,,,,,,,,,,,,,,,,,,,,
Q16,2,16,1,2.26,,supplier,479,0,never_instantiated,0,,,,,0,0,partsupp,,2971749,0,never_instantiated,0,,,,,0,0,part,,8,0,never_instantiated,0,,,,,0,0,,,,,,,,,,,,,,,,,,,,,,,,,,,,,,,,,,,,,,,,,,,,,,,,,,,,,,,,,,,,,,,,,,,,,,,,
Q17,2,16,1,7.18,lineitem,part,20031,0,never_instantiated,0,,,,,0,0,,,600982,0,never_instantiated,0,,,,,0,0,lineitem,,20031,0,never_instantiated,0,,,,,0,0,,,,,,,,,,,,,,,,,,,,,,,,,,,,,,,,,,,,,,,,,,,,,,,,,,,,,,,,,,,,,,,,,,,,,,,,
Q18,2,16,1,22.86,,lineitem,6398,0,never_instantiated,0,,,,,0,0,,customer,14999999,0,never_instantiated,0,,,,,0,0,lineitem,orders,150000000,0,never_instantiated,0,,,,,0,0,,,,,,,,,,,,,,,,,,,,,,,,,,,,,,,,,,,,,,,,,,,,,,,,,,,,,,,,,,,,,,,,,,,,,,,,
Q19,2,16,1,6.46,lineitem,part,20000000,0,never_instantiated,0,,,,,0,0,,,,,,,,,,,,,,,,,,,,,,,,,,,,,,,,,,,,,,,,,,,,,,,,,,,,,,,,,,,,,,,,,,,,,,,,,,,,,,,,,,,,,,,,,,,,,,,,
Q20,2,16,1,3.80,,,40207,0,never_instantiated,0,,,,,0,0,partsupp,part,217222,0,never_instantiated,0,,,,,0,0,,,35136,0,never_instantiated,0,,,,,0,0,lineitem,,35136,0,never_instantiated,0,,,,,0,0,supplier,nation,1,0,never_instantiated,0,,,,,0,0,,,,,,,,,,,,,,,,,,,,,,,,,,,,,,,,,,,,,,,,,,,,,,,,
Q21,2,16,1,14.04,,nation,1,0,never_instantiated,0,,,,,0,0,,supplier,39953,0,never_instantiated,0,,,,,0,0,lineitem,orders,73072502,0,never_instantiated,0,,,,,0,0,,,7313671,0,never_instantiated,0,,,,,0,0,lineitem,,7313658,0,never_instantiated,0,,,,,0,0,,,7048027,0,never_instantiated,0,,,,,0,0,lineitem,,7048014,0,never_instantiated,0,,,,,0,0,,,,,,,,,,,,,,,,,,,,,,,,
Q22,2,16,1,2.57,,,1909668,0,never_instantiated,0,,,,,0,0,orders,,1909668,0,never_instantiated,0,,,,,0,0,,,,,,,,,,,,,,,,,,,,,,,,,,,,,,,,,,,,,,,,,,,,,,,,,,,,,,,,,,,,,,,,,,,,,,,,,,,,,,,,,,,,
Q01,2,17,1,4.61,,,,,,,,,,,,,,,,,,,,,,,,,,,,,,,,,,,,,,,,,,,,,,,,,,,,,,,,,,,,,,,,,,,,,,,,,,,,,,,,,,,,,,,,,,,,,,,,,,,,,,,,,,,,
Q02,2,17,1,0.92,,region,1,0,never_instantiated,0,,,,,0,0,,nation,5,0,never_instantiated,0,,,,,0,0,,part,79591,0,never_instantiated,0,,,,,0,0,partsupp,supplier,200535,0,never_instantiated,0,,,,,0,0,,,63825,0,never_instantiated,0,,,,,0,0,,,47107,0,never_instantiated,0,,,,,0,0,partsupp,,200535,0,never_instantiated,0,,,,,0,0,,region,1,0,never_instantiated,0,,,,,0,0,supplier,nation,5,0,never_instantiated,0,,,,,0,0
Q03,2,17,1,3.80,,customer,3000188,0,never_instantiated,0,,,,,0,0,lineitem,orders,14600127,0,never_instantiated,0,,,,,0,0,,,,,,,,,,,,,,,,,,,,,,,,,,,,,,,,,,,,,,,,,,,,,,,,,,,,,,,,,,,,,,,,,,,,,,,,,,,,,,,,,,,,
Q04,2,17,1,4.72,,,5733776,0,never_instantiated,0,,,,,0,0,lineitem,,5733776,0,never_instantiated,0,,,,,0,0,,,,,,,,,,,,,,,,,,,,,,,,,,,,,,,,,,,,,,,,,,,,,,,,,,,,,,,,,,,,,,,,,,,,,,,,,,,,,,,,,,,,
Q05,2,17,1,5.95,,region,1,0,never_instantiated,0,,,,,0,0,,customer,14999999,0,never_instantiated,0,,,,,0,0,,nation,5,0,never_instantiated,0,,,,,0,0,,orders,22760819,0,never_instantiated,0,,,,,0,0,lineitem,supplier,199889,0,never_instantiated,0,,,,,0,0,,,,,,,,,,,,,,,,,,,,,,,,,,,,,,,,,,,,,,,,,,,,,,,,
Q06,2,17,1,1.75,,,,,,,,,,,,,,,,,,,,,,,,,,,,,,,,,,,,,,,,,,,,,,,,,,,,,,,,,,,,,,,,,,,,,,,,,,,,,,,,,,,,,,,,,,,,,,,,,,,,,,,,,,,,
Q07,2,17,1,4.00,,nation,2,0,never_instantiated,0,,,,,0,0,,nation,2,0,never_instantiated,0,,,,,0,0,,customer,1200139,0,never_instantiated,0,,,,,0,0,orders,,1179101,0,never_instantiated,0,,,,,0,0,lineitem,supplier,80171,0,never_instantiated,0,,,,,0,0,,,,,,,,,,,,,,,,,,,,,,,,,,,,,,,,,,,,,,,,,,,,,,,,
Q08,2,17,1,4.72,,nation,25,0,never_instantiated,0,,,,,0,0,,region,1,0,never_instantiated,0,,,,,0,0,,nation,5,0,never_instantiated,0,,,,,0,0,customer,,245334,0,never_instantiated,0,,,,,0,0,orders,,246009,0,never_instantiated,0,,,,,0,0,,part,134258,0,never_instantiated,0,,,,,0,0,lineitem,supplier,1000000,0,never_instantiated,0,,,,,0,0,,,,,,,,,,,,,,,,,,,,,,,,
Q09,2,17,1,10.77,,partsupp,80000000,0,never_instantiated,0,,,,,0,0,,orders,150000000,0,never_instantiated,0,,,,,0,0,,nation,25,0,never_instantiated,0,,,,,0,0,,supplier,1000000,0,never_instantiated,0,,,,,0,0,lineitem,part,1087982,0,never_instantiated,0,,,,,0,0,,,,,,,,,,,,,,,,,,,,,,,,,,,,,,,,,,,,,,,,,,,,,,,,
Q10,2,17,1,4.82,,nation,25,0,never_instantiated,0,,,,,0,0,customer,,11463171,0,never_instantiated,0,,,,,0,0,lineitem,orders,5730378,0,never_instantiated,0,,,,,0,0,,,,,,,,,,,,,,,,,,,,,,,,,,,,,,,,,,,,,,,,,,,,,,,,,,,,,,,,,,,,,,,,,,,,,,,,
Q11,2,17,1,1.13,,nation,1,0,never_instantiated,0,,,,,0,0,partsupp,supplier,40045,0,never_instantiated,0,,,,,0,0,,nation,1,0,never_instantiated,0,,,,,0,0,partsupp,supplier,40045,0,never_instantiated,0,,,,,0,0,,,,,,,,,,,,,,,,,,,,,,,,,,,,,,,,,,,,,,,,,,,,,,,,,,,,,,,,,,,,
Q12,2,17,1,3.59,orders,lineitem,3115341,0,never_instantiated,0,,,,,0,0,,,,,,,,,,,,,,,,,,,,,,,,,,,,,,,,,,,,,,,,,,,,,,,,,,,,,,,,,,,,,,,,,,,,,,,,,,,,,,,,,,,,,,,,,,,,,,,,
Q13,2,17,1,8.51,orders,customer,15000000,0,never_instantiated,0,,,,,0,0,,,,,,,,,,,,,,,,,,,,,,,,,,,,,,,,,,,,,,,,,,,,,,,,,,,,,,,,,,,,,,,,,,,,,,,,,,,,,,,,,,,,,,,,,,,,,,,,
Q14,2,17,1,4.82,lineitem,part,20000000,0,never_instantiated,0,,,,,0,0,,,,,,,,,,,,,,,,,,,,,,,,,,,,,,,,,,,,,,,,,,,,,,,,,,,,,,,,,,,,,,,,,,,,,,,,,,,,,,,,,,,,,,,,,,,,,,,,
Q15,2,17,1,2.67,,,1,0,never_instantiated,0,,,,,0,0,supplier,,1000000,0,never_instantiated,0,,,,,0,0,,,,,,,,,,,,,,,,,,,,,,,,,,,,,,,,,,,,,,,,,,,,,,,,,,,,,,,,,,,,,,,,,,,,,,,,,,,,,,,,,,,,
Q16,2,17,1,2.26,,supplier,479,0,never_instantiated,0,,,,,0,0,partsupp,,2971749,0,never_instantiated,0,,,,,0,0,part,,8,0,never_instantiated,0,,,,,0,0,,,,,,,,,,,,,,,,,,,,,,,,,,,,,,,,,,,,,,,,,,,,,,,,,,,,,,,,,,,,,,,,,,,,,,,,
Q17,2,17,1,7.28,lineitem,part,20031,0,never_instantiated,0,,,,,0,0,,,600982,0,never_instantiated,0,,,,,0,0,lineitem,,20031,0,never_instantiated,0,,,,,0,0,,,,,,,,,,,,,,,,,,,,,,,,,,,,,,,,,,,,,,,,,,,,,,,,,,,,,,,,,,,,,,,,,,,,,,,,
Q18,2,17,1,23.17,,lineitem,6398,0,never_instantiated,0,,,,,0,0,,customer,14999999,0,never_instantiated,0,,,,,0,0,lineitem,orders,150000000,0,never_instantiated,0,,,,,0,0,,,,,,,,,,,,,,,,,,,,,,,,,,,,,,,,,,,,,,,,,,,,,,,,,,,,,,,,,,,,,,,,,,,,,,,,
Q19,2,17,1,6.46,lineitem,part,20000000,0,never_instantiated,0,,,,,0,0,,,,,,,,,,,,,,,,,,,,,,,,,,,,,,,,,,,,,,,,,,,,,,,,,,,,,,,,,,,,,,,,,,,,,,,,,,,,,,,,,,,,,,,,,,,,,,,,
Q20,2,17,1,3.80,,,40207,0,never_instantiated,0,,,,,0,0,partsupp,part,217222,0,never_instantiated,0,,,,,0,0,,,35136,0,never_instantiated,0,,,,,0,0,lineitem,,35136,0,never_instantiated,0,,,,,0,0,supplier,nation,1,0,never_instantiated,0,,,,,0,0,,,,,,,,,,,,,,,,,,,,,,,,,,,,,,,,,,,,,,,,,,,,,,,,
Q21,2,17,1,13.94,,nation,1,0,never_instantiated,0,,,,,0,0,,orders,73072502,0,never_instantiated,0,,,,,0,0,lineitem,supplier,39953,0,never_instantiated,0,,,,,0,0,,,7313671,0,never_instantiated,0,,,,,0,0,lineitem,,7313658,0,never_instantiated,0,,,,,0,0,,,7048027,0,never_instantiated,0,,,,,0,0,lineitem,,7048014,0,never_instantiated,0,,,,,0,0,,,,,,,,,,,,,,,,,,,,,,,,
Q22,2,17,1,2.57,,,1909668,0,never_instantiated,0,,,,,0,0,orders,,1909668,0,never_instantiated,0,,,,,0,0,,,,,,,,,,,,,,,,,,,,,,,,,,,,,,,,,,,,,,,,,,,,,,,,,,,,,,,,,,,,,,,,,,,,,,,,,,,,,,,,,,,,
Q01,2,18,1,4.51,,,,,,,,,,,,,,,,,,,,,,,,,,,,,,,,,,,,,,,,,,,,,,,,,,,,,,,,,,,,,,,,,,,,,,,,,,,,,,,,,,,,,,,,,,,,,,,,,,,,,,,,,,,,
Q02,2,18,1,1.23,,region,1,0,never_instantiated,0,,,,,0,0,,nation,5,0,never_instantiated,0,,,,,0,0,,supplier,200535,0,never_instantiated,0,,,,,0,0,partsupp,part,79591,0,never_instantiated,0,,,,,0,0,,,63825,0,never_instantiated,0,,,,,0,0,,,47107,0,never_instantiated,0,,,,,0,0,,region,1,0,never_instantiated,0,,,,,0,0,,nation,5,0,never_instantiated,0,,,,,0,0,partsupp,supplier,200535,0,never_instantiated,0,,,,,0,0
Q03,2,18,1,3.80,,customer,3000188,0,never_instantiated,0,,,,,0,0,lineitem,orders,14600127,0,never_instantiated,0,,,,,0,0,,,,,,,,,,,,,,,,,,,,,,,,,,,,,,,,,,,,,,,,,,,,,,,,,,,,,,,,,,,,,,,,,,,,,,,,,,,,,,,,,,,,
Q04,2,18,1,4.72,,,5733776,0,never_instantiated,0,,,,,0,0,lineitem,,5733776,0,never_instantiated,0,,,,,0,0,,,,,,,,,,,,,,,,,,,,,,,,,,,,,,,,,,,,,,,,,,,,,,,,,,,,,,,,,,,,,,,,,,,,,,,,,,,,,,,,,,,,
Q05,2,18,1,7.89,,region,1,0,never_instantiated,0,,,,,0,0,,customer,14999999,0,never_instantiated,0,,,,,0,0,,nation,5,0,never_instantiated,0,,,,,0,0,,supplier,199889,0,never_instantiated,0,,,,,0,0,lineitem,orders,22760819,0,never_instantiated,0,,,,,0,0,,,,,,,,,,,,,,,,,,,,,,,,,,,,,,,,,,,,,,,,,,,,,,,,
Q06,2,18,1,1.75,,,,,,,,,,,,,,,,,,,,,,,,,,,,,,,,,,,,,,,,,,,,,,,,,,,,,,,,,,,,,,,,,,,,,,,,,,,,,,,,,,,,,,,,,,,,,,,,,,,,,,,,,,,,
Q07,2,18,1,3.90,,nation,2,0,never_instantiated,0,,,,,0,0,,nation,2,0,never_instantiated,0,,,,,0,0,,customer,1200139,0,never_instantiated,0,,,,,0,0,,supplier,80171,0,never_instantiated,0,,,,,0,0,lineitem,orders,12026518,0,never_instantiated,0,,,,,0,0,,,,,,,,,,,,,,,,,,,,,,,,,,,,,,,,,,,,,,,,,,,,,,,,
Q08,2,18,1,4.10,,region,1,0,never_instantiated,0,,,,,0,0,,part,134258,0,never_instantiated,0,,,,,0,0,,nation,25,0,never_instantiated,0,,,,,0,0,,nation,5,0,never_instantiated,0,,,,,0,0,,customer,3001905,0,never_instantiated,0,,,,,0,0,,supplier,1000000,0,never_instantiated,0,,,,,0,0,lineitem,orders,9140870,0,never_instantiated,0,,,,,0,0,,,,,,,,,,,,,,,,,,,,,,,,
Q09,2,18,1,10.66,,part,1087982,0,never_instantiated,0,,,,,0,0,,orders,150000000,0,never_instantiated,0,,,,,0,0,,nation,25,0,never_instantiated,0,,,,,0,0,,supplier,1000000,0,never_instantiated,0,,,,,0,0,lineitem,partsupp,80000000,0,never_instantiated,0,,,,,0,0,,,,,,,,,,,,,,,,,,,,,,,,,,,,,,,,,,,,,,,,,,,,,,,,
Q10,2,18,1,4.82,,nation,25,0,never_instantiated,0,,,,,0,0,customer,,11463171,0,never_instantiated,0,,,,,0,0,lineitem,orders,5730378,0,never_instantiated,0,,,,,0,0,,,,,,,,,,,,,,,,,,,,,,,,,,,,,,,,,,,,,,,,,,,,,,,,,,,,,,,,,,,,,,,,,,,,,,,,
Q11,2,18,1,1.03,partsupp,,40045,0,never_instantiated,0,,,,,0,0,supplier,nation,1,0,never_instantiated,0,,,,,0,0,,nation,1,0,never_instantiated,0,,,,,0,0,partsupp,supplier,40045,0,never_instantiated,0,,,,,0,0,,,,,,,,,,,,,,,,,,,,,,,,,,,,,,,,,,,,,,,,,,,,,,,,,,,,,,,,,,,,
Q12,2,18,1,3.59,orders,lineitem,3115341,0,never_instantiated,0,,,,,0,0,,,,,,,,,,,,,,,,,,,,,,,,,,,,,,,,,,,,,,,,,,,,,,,,,,,,,,,,,,,,,,,,,,,,,,,,,,,,,,,,,,,,,,,,,,,,,,,,
Q13,2,18,1,8.71,orders,customer,15000000,0,never_instantiated,0,,,,,0,0,,,,,,,,,,,,,,,,,,,,,,,,,,,,,,,,,,,,,,,,,,,,,,,,,,,,,,,,,,,,,,,,,,,,,,,,,,,,,,,,,,,,,,,,,,,,,,,,
Q14,2,18,1,4.82,lineitem,part,20000000,0,never_instantiated,0,,,,,0,0,,,,,,,,,,,,,,,,,,,,,,,,,,,,,,,,,,,,,,,,,,,,,,,,,,,,,,,,,,,,,,,,,,,,,,,,,,,,,,,,,,,,,,,,,,,,,,,,
Q15,2,18,1,2.67,,,1,0,never_instantiated,0,,,,,0,0,supplier,,1000000,0,never_instantiated,0,,,,,0,0,,,,,,,,,,,,,,,,,,,,,,,,,,,,,,,,,,,,,,,,,,,,,,,,,,,,,,,,,,,,,,,,,,,,,,,,,,,,,,,,,,,,
Q16,2,18,1,2.26,,supplier,479,0,never_instantiated,0,,,,,0,0,partsupp,,2971749,0,never_instantiated,0,,,,,0,0,part,,8,0,never_instantiated,0,,,,,0,0,,,,,,,,,,,,,,,,,,,,,,,,,,,,,,,,,,,,,,,,,,,,,,,,,,,,,,,,,,,,,,,,,,,,,,,,
Q17,2,18,1,7.17,lineitem,part,20031,0,never_instantiated,0,,,,,0,0,,,600982,0,never_instantiated,0,,,,,0,0,lineitem,,20031,0,never_instantiated,0,,,,,0,0,,,,,,,,,,,,,,,,,,,,,,,,,,,,,,,,,,,,,,,,,,,,,,,,,,,,,,,,,,,,,,,,,,,,,,,,
Q18,2,18,1,22.96,,lineitem,6398,0,never_instantiated,0,,,,,0,0,,customer,14999999,0,never_instantiated,0,,,,,0,0,lineitem,orders,150000000,0,never_instantiated,0,,,,,0,0,,,,,,,,,,,,,,,,,,,,,,,,,,,,,,,,,,,,,,,,,,,,,,,,,,,,,,,,,,,,,,,,,,,,,,,,
Q19,2,18,1,6.46,lineitem,part,20000000,0,never_instantiated,0,,,,,0,0,,,,,,,,,,,,,,,,,,,,,,,,,,,,,,,,,,,,,,,,,,,,,,,,,,,,,,,,,,,,,,,,,,,,,,,,,,,,,,,,,,,,,,,,,,,,,,,,
Q20,2,18,1,3.80,,,40207,0,never_instantiated,0,,,,,0,0,partsupp,part,217222,0,never_instantiated,0,,,,,0,0,,,35136,0,never_instantiated,0,,,,,0,0,lineitem,,35136,0,never_instantiated,0,,,,,0,0,supplier,nation,1,0,never_instantiated,0,,,,,0,0,,,,,,,,,,,,,,,,,,,,,,,,,,,,,,,,,,,,,,,,,,,,,,,,
Q21,2,18,1,13.84,,nation,1,0,never_instantiated,0,,,,,0,0,,supplier,39953,0,never_instantiated,0,,,,,0,0,lineitem,orders,73072502,0,never_instantiated,0,,,,,0,0,,,7313671,0,never_instantiated,0,,,,,0,0,lineitem,,7313658,0,never_instantiated,0,,,,,0,0,,,7048027,0,never_instantiated,0,,,,,0,0,lineitem,,7048014,0,never_instantiated,0,,,,,0,0,,,,,,,,,,,,,,,,,,,,,,,,
Q22,2,18,1,2.56,,,1909668,0,never_instantiated,0,,,,,0,0,orders,,1909668,0,never_instantiated,0,,,,,0,0,,,,,,,,,,,,,,,,,,,,,,,,,,,,,,,,,,,,,,,,,,,,,,,,,,,,,,,,,,,,,,,,,,,,,,,,,,,,,,,,,,,,
Q01,2,19,1,4.51,,,,,,,,,,,,,,,,,,,,,,,,,,,,,,,,,,,,,,,,,,,,,,,,,,,,,,,,,,,,,,,,,,,,,,,,,,,,,,,,,,,,,,,,,,,,,,,,,,,,,,,,,,,,
Q02,2,19,1,1.23,,region,1,0,never_instantiated,0,,,,,0,0,,part,79591,0,never_instantiated,0,,,,,0,0,,nation,5,0,never_instantiated,0,,,,,0,0,partsupp,supplier,200535,0,never_instantiated,0,,,,,0,0,,,63825,0,never_instantiated,0,,,,,0,0,,,47107,0,never_instantiated,0,,,,,0,0,,region,1,0,never_instantiated,0,,,,,0,0,,nation,5,0,never_instantiated,0,,,,,0,0,partsupp,supplier,200535,0,never_instantiated,0,,,,,0,0
Q03,2,19,1,3.80,,customer,3000188,0,never_instantiated,0,,,,,0,0,lineitem,orders,14600127,0,never_instantiated,0,,,,,0,0,,,,,,,,,,,,,,,,,,,,,,,,,,,,,,,,,,,,,,,,,,,,,,,,,,,,,,,,,,,,,,,,,,,,,,,,,,,,,,,,,,,,
Q04,2,19,1,4.72,,,5733776,0,never_instantiated,0,,,,,0,0,lineitem,,5733776,0,never_instantiated,0,,,,,0,0,,,,,,,,,,,,,,,,,,,,,,,,,,,,,,,,,,,,,,,,,,,,,,,,,,,,,,,,,,,,,,,,,,,,,,,,,,,,,,,,,,,,
Q05,2,19,1,9999999,,,,,,,,,,,,,,,,,,,,,,,,,,,,,,,,,,,,,,,,,,,,,,,,,,,,,,,,,,,,,,,,,,,,,,,,,,,,,,,,,,,,,,,,,,,,,,,,,,,,,,,,,,,,
Q06,2,19,1,1.75,,,,,,,,,,,,,,,,,,,,,,,,,,,,,,,,,,,,,,,,,,,,,,,,,,,,,,,,,,,,,,,,,,,,,,,,,,,,,,,,,,,,,,,,,,,,,,,,,,,,,,,,,,,,
Q07,2,19,1,4.00,,nation,2,0,never_instantiated,0,,,,,0,0,,customer,1200139,0,never_instantiated,0,,,,,0,0,orders,,1179101,0,never_instantiated,0,,,,,0,0,,nation,2,0,never_instantiated,0,,,,,0,0,lineitem,supplier,80171,0,never_instantiated,0,,,,,0,0,,,,,,,,,,,,,,,,,,,,,,,,,,,,,,,,,,,,,,,,,,,,,,,,
Q08,2,19,1,4.51,,region,1,0,never_instantiated,0,,,,,0,0,,nation,5,0,never_instantiated,0,,,,,0,0,,nation,25,0,never_instantiated,0,,,,,0,0,supplier,,244821,0,never_instantiated,0,,,,,0,0,customer,,1222092,0,never_instantiated,0,,,,,0,0,orders,,4025859,0,never_instantiated,0,,,,,0,0,lineitem,part,134258,0,never_instantiated,0,,,,,0,0,,,,,,,,,,,,,,,,,,,,,,,,
Q09,2,19,1,10.56,,nation,25,0,never_instantiated,0,,,,,0,0,,partsupp,80000000,0,never_instantiated,0,,,,,0,0,,orders,150000000,0,never_instantiated,0,,,,,0,0,,part,1087982,0,never_instantiated,0,,,,,0,0,lineitem,supplier,1000000,0,never_instantiated,0,,,,,0,0,,,,,,,,,,,,,,,,,,,,,,,,,,,,,,,,,,,,,,,,,,,,,,,,
Q10,2,19,1,4.82,,nation,25,0,never_instantiated,0,,,,,0,0,customer,,11463171,0,never_instantiated,0,,,,,0,0,lineitem,orders,5730378,0,never_instantiated,0,,,,,0,0,,,,,,,,,,,,,,,,,,,,,,,,,,,,,,,,,,,,,,,,,,,,,,,,,,,,,,,,,,,,,,,,,,,,,,,,
Q11,2,19,1,1.03,,nation,1,0,never_instantiated,0,,,,,0,0,partsupp,supplier,40045,0,never_instantiated,0,,,,,0,0,partsupp,,40045,0,never_instantiated,0,,,,,0,0,supplier,nation,1,0,never_instantiated,0,,,,,0,0,,,,,,,,,,,,,,,,,,,,,,,,,,,,,,,,,,,,,,,,,,,,,,,,,,,,,,,,,,,,
Q12,2,19,1,3.69,orders,lineitem,3115341,0,never_instantiated,0,,,,,0,0,,,,,,,,,,,,,,,,,,,,,,,,,,,,,,,,,,,,,,,,,,,,,,,,,,,,,,,,,,,,,,,,,,,,,,,,,,,,,,,,,,,,,,,,,,,,,,,,
Q13,2,19,1,8.61,orders,customer,15000000,0,never_instantiated,0,,,,,0,0,,,,,,,,,,,,,,,,,,,,,,,,,,,,,,,,,,,,,,,,,,,,,,,,,,,,,,,,,,,,,,,,,,,,,,,,,,,,,,,,,,,,,,,,,,,,,,,,
Q14,2,19,1,4.82,lineitem,part,20000000,0,never_instantiated,0,,,,,0,0,,,,,,,,,,,,,,,,,,,,,,,,,,,,,,,,,,,,,,,,,,,,,,,,,,,,,,,,,,,,,,,,,,,,,,,,,,,,,,,,,,,,,,,,,,,,,,,,
Q15,2,19,1,2.67,,,1,0,never_instantiated,0,,,,,0,0,supplier,,1000000,0,never_instantiated,0,,,,,0,0,,,,,,,,,,,,,,,,,,,,,,,,,,,,,,,,,,,,,,,,,,,,,,,,,,,,,,,,,,,,,,,,,,,,,,,,,,,,,,,,,,,,
Q16,2,19,1,2.26,,supplier,479,0,never_instantiated,0,,,,,0,0,partsupp,,2971749,0,never_instantiated,0,,,,,0,0,part,,8,0,never_instantiated,0,,,,,0,0,,,,,,,,,,,,,,,,,,,,,,,,,,,,,,,,,,,,,,,,,,,,,,,,,,,,,,,,,,,,,,,,,,,,,,,,
Q17,2,19,1,7.28,lineitem,part,20031,0,never_instantiated,0,,,,,0,0,,,600982,0,never_instantiated,0,,,,,0,0,lineitem,,20031,0,never_instantiated,0,,,,,0,0,,,,,,,,,,,,,,,,,,,,,,,,,,,,,,,,,,,,,,,,,,,,,,,,,,,,,,,,,,,,,,,,,,,,,,,,
Q18,2,19,1,22.96,,lineitem,6398,0,never_instantiated,0,,,,,0,0,,customer,14999999,0,never_instantiated,0,,,,,0,0,lineitem,orders,150000000,0,never_instantiated,0,,,,,0,0,,,,,,,,,,,,,,,,,,,,,,,,,,,,,,,,,,,,,,,,,,,,,,,,,,,,,,,,,,,,,,,,,,,,,,,,
Q19,2,19,1,6.46,lineitem,part,20000000,0,never_instantiated,0,,,,,0,0,,,,,,,,,,,,,,,,,,,,,,,,,,,,,,,,,,,,,,,,,,,,,,,,,,,,,,,,,,,,,,,,,,,,,,,,,,,,,,,,,,,,,,,,,,,,,,,,
Q20,2,19,1,3.79,,,40207,0,never_instantiated,0,,,,,0,0,partsupp,part,217222,0,never_instantiated,0,,,,,0,0,,,35136,0,never_instantiated,0,,,,,0,0,lineitem,,35136,0,never_instantiated,0,,,,,0,0,supplier,nation,1,0,never_instantiated,0,,,,,0,0,,,,,,,,,,,,,,,,,,,,,,,,,,,,,,,,,,,,,,,,,,,,,,,,
Q21,2,19,1,14.14,orders,,15146702,0,never_instantiated,0,,,,,0,0,,nation,1,0,never_instantiated,0,,,,,0,0,lineitem,supplier,39953,0,never_instantiated,0,,,,,0,0,,,7313671,0,never_instantiated,0,,,,,0,0,lineitem,,7313658,0,never_instantiated,0,,,,,0,0,,,7048027,0,never_instantiated,0,,,,,0,0,lineitem,,7048014,0,never_instantiated,0,,,,,0,0,,,,,,,,,,,,,,,,,,,,,,,,
Q22,2,19,1,2.56,,,1909668,0,never_instantiated,0,,,,,0,0,orders,,1909668,0,never_instantiated,0,,,,,0,0,,,,,,,,,,,,,,,,,,,,,,,,,,,,,,,,,,,,,,,,,,,,,,,,,,,,,,,,,,,,,,,,,,,,,,,,,,,,,,,,,,,,
Q01,3,0,1,4.51,,,,,,,,,,,,,,,,,,,,,,,,,,,,,,,,,,,,,,,,,,,,,,,,,,,,,,,,,,,,,,,,,,,,,,,,,,,,,,,,,,,,,,,,,,,,,,,,,,,,,,,,,,,,
Q02,3,0,1,1.13,,region,1,0,never_instantiated,0,,,,,0,0,,nation,5,0,never_instantiated,0,,,,,0,0,,supplier,200535,0,never_instantiated,0,,,,,0,0,partsupp,part,79591,0,never_instantiated,0,,,,,0,0,,,63825,0,never_instantiated,0,,,,,0,0,,,47107,0,never_instantiated,0,,,,,0,0,,region,1,0,never_instantiated,0,,,,,0,0,partsupp,,200535,0,never_instantiated,0,,,,,0,0,supplier,nation,5,0,never_instantiated,0,,,,,0,0
Q03,3,0,1,8.51,,customer,3000188,1,active,14960885,,,,,490859,7507,lineitem,orders,72874383,1,frozen,323494519,115491560,THC-Full,,,917506,1810,,,,,,,,,,,,,,,,,,,,,,,,,,,,,,,,,,,,,,,,,,,,,,,,,,,,,,,,,,,,,,,,,,,,,,,,,,,,,,,,,,,,
Q04,3,0,1,6.46,,,5733776,1,frozen,14498066,2831076,THC-Full,,,458754,36435,lineitem,,5733776,1,frozen,379356321,145728990,THC-Full,,,917504,1460,,,,,,,,,,,,,,,,,,,,,,,,,,,,,,,,,,,,,,,,,,,,,,,,,,,,,,,,,,,,,,,,,,,,,,,,,,,,,,,,,,,,
Q05,3,0,1,8.30,,supplier,1000000,1,active,18210128,,,,,167008,3854,,region,1,0,never_instantiated,0,,,,,0,0,,nation,5,0,never_instantiated,0,,,,,0,0,,customer,2999759,1,frozen,18249242,11671005,THC-Full,,,917507,24935,lineitem,orders,4562850,1,frozen,18350276,8256751,THC-Full,,,917506,25502,,,,,,,,,,,,,,,,,,,,,,,,,,,,,,,,,,,,,,,,,,,,,,,,
Q06,3,0,1,1.85,,,,,,,,,,,,,,,,,,,,,,,,,,,,,,,,,,,,,,,,,,,,,,,,,,,,,,,,,,,,,,,,,,,,,,,,,,,,,,,,,,,,,,,,,,,,,,,,,,,,,,,,,,,,
Q07,3,0,1,4.00,,nation,2,0,never_instantiated,0,,,,,0,0,,supplier,80171,0,never_instantiated,0,,,,,0,0,,nation,2,0,never_instantiated,0,,,,,0,0,,customer,1200139,1,active,1175823,,,,,326167,81511,lineitem,orders,12026518,1,active,1182992,,,,,429093,86141,,,,,,,,,,,,,,,,,,,,,,,,,,,,,,,,,,,,,,,,,,,,,,,,
Q08,3,0,1,4.20,,nation,25,0,never_instantiated,0,,,,,0,0,supplier,,244821,0,never_instantiated,0,,,,,0,0,,region,1,0,never_instantiated,0,,,,,0,0,,part,134258,0,never_instantiated,0,,,,,0,0,,nation,5,0,never_instantiated,0,,,,,0,0,,customer,3001905,1,active,250195,,,,,95867,95867,lineitem,orders,9140870,1,active,250890,,,,,98432,98432,,,,,,,,,,,,,,,,,,,,,,,,
Q09,3,0,1,19.27,,nation,25,0,never_instantiated,0,,,,,0,0,,supplier,1000000,0,never_instantiated,0,,,,,0,0,,partsupp,80000000,1,frozen,32636547,1201572,THC-Full,,,458757,98967,,part,1087982,1,frozen,32720442,5805670,THC-Full,,,917506,95464,lineitem,orders,150000000,1,frozen,32720442,2403359,THC-Full,,,917511,90012,,,,,,,,,,,,,,,,,,,,,,,,,,,,,,,,,,,,,,,,,,,,,,,,
Q10,3,0,1,5.03,,nation,25,0,never_instantiated,0,,,,,0,0,customer,,11463171,0,never_instantiated,0,,,,,0,0,lineitem,orders,5730378,1,frozen,11522851,4886714,THC-Full,,,917506,42992,,,,,,,,,,,,,,,,,,,,,,,,,,,,,,,,,,,,,,,,,,,,,,,,,,,,,,,,,,,,,,,,,,,,,,,,
Q11,3,0,1,0.82,partsupp,,40045,0,never_instantiated,0,,,,,0,0,supplier,nation,1,0,never_instantiated,0,,,,,0,0,partsupp,,40045,0,never_instantiated,0,,,,,0,0,supplier,nation,1,0,never_instantiated,0,,,,,0,0,,,,,,,,,,,,,,,,,,,,,,,,,,,,,,,,,,,,,,,,,,,,,,,,,,,,,,,,,,,,
Q12,3,0,1,4.52,orders,lineitem,3115341,1,frozen,150000000,103766016,THC-Full,,,917504,2062,,,,,,,,,,,,,,,,,,,,,,,,,,,,,,,,,,,,,,,,,,,,,,,,,,,,,,,,,,,,,,,,,,,,,,,,,,,,,,,,,,,,,,,,,,,,,,,,
Q13,3,0,1,9.85,orders,customer,15000000,1,frozen,148451295,4682128,THC-Full,,,1835015,110706,,,,,,,,,,,,,,,,,,,,,,,,,,,,,,,,,,,,,,,,,,,,,,,,,,,,,,,,,,,,,,,,,,,,,,,,,,,,,,,,,,,,,,,,,,,,,,,,
Q14,3,0,1,5.03,lineitem,part,20000000,1,frozen,7484260,1200440,THC-Full,,,458756,99779,,,,,,,,,,,,,,,,,,,,,,,,,,,,,,,,,,,,,,,,,,,,,,,,,,,,,,,,,,,,,,,,,,,,,,,,,,,,,,,,,,,,,,,,,,,,,,,,
Q15,3,0,1,2.67,,,1,0,never_instantiated,0,,,,,0,0,supplier,,1000000,1,active,1000000,,,,,403284,104448,,,,,,,,,,,,,,,,,,,,,,,,,,,,,,,,,,,,,,,,,,,,,,,,,,,,,,,,,,,,,,,,,,,,,,,,,,,,,,,,,,,,
Q16,3,0,1,2.26,,supplier,479,0,never_instantiated,0,,,,,0,0,partsupp,,2971749,0,never_instantiated,0,,,,,0,0,part,,8,0,never_instantiated,0,,,,,0,0,,,,,,,,,,,,,,,,,,,,,,,,,,,,,,,,,,,,,,,,,,,,,,,,,,,,,,,,,,,,,,,,,,,,,,,,
Q17,3,0,1,7.17,lineitem,part,20031,0,never_instantiated,0,,,,,0,0,,,600982,1,active,20031,,,,,0,0,lineitem,,20031,0,never_instantiated,0,,,,,0,0,,,,,,,,,,,,,,,,,,,,,,,,,,,,,,,,,,,,,,,,,,,,,,,,,,,,,,,,,,,,,,,,,,,,,,,,
Q18,3,0,1,28.70,,lineitem,6398,0,never_instantiated,0,,,,,0,0,,customer,14999999,1,frozen,600037902,4202496,THC-Full,,,458753,24995,lineitem,orders,150000000,1,frozen,600037902,8202240,THC-Full,,,917507,25032,,,,,,,,,,,,,,,,,,,,,,,,,,,,,,,,,,,,,,,,,,,,,,,,,,,,,,,,,,,,,,,,,,,,,,,,
Q19,3,0,1,6.77,lineitem,part,20000000,1,frozen,21432090,1201962,THC-Full,,,458756,99916,,,,,,,,,,,,,,,,,,,,,,,,,,,,,,,,,,,,,,,,,,,,,,,,,,,,,,,,,,,,,,,,,,,,,,,,,,,,,,,,,,,,,,,,,,,,,,,,
Q20,3,0,1,3.80,,,40207,0,never_instantiated,0,,,,,0,0,partsupp,part,217222,0,never_instantiated,0,,,,,0,0,,,35136,0,never_instantiated,0,,,,,0,0,lineitem,,35136,0,never_instantiated,0,,,,,0,0,supplier,nation,1,0,never_instantiated,0,,,,,0,0,,,,,,,,,,,,,,,,,,,,,,,,,,,,,,,,,,,,,,,,,,,,,,,,
Q21,3,0,1,18.46,,nation,1,0,never_instantiated,0,,,,,0,0,,supplier,39953,0,never_instantiated,0,,,,,0,0,lineitem,orders,73072502,1,frozen,15249101,8989363,THC-Full,,,1835010,46335,,,7313671,1,frozen,29189835,4206800,THC-Full,,,458754,24098,lineitem,,7313658,1,frozen,600037706,171503571,THC-Full,,,917504,1222,,,7048027,1,frozen,18431243,2823656,THC-Full,,,458753,35943,lineitem,,7048014,1,frozen,379356365,114718961,THC-Full,,,917506,1811,,,,,,,,,,,,,,,,,,,,,,,,
Q22,3,0,1,3.80,,,1909668,1,frozen,19088090,1406854,THC-Full,,,458755,95850,orders,,1909668,1,frozen,149999690,34766769,THC-Full,,,917506,13680,,,,,,,,,,,,,,,,,,,,,,,,,,,,,,,,,,,,,,,,,,,,,,,,,,,,,,,,,,,,,,,,,,,,,,,,,,,,,,,,,,,,
Q01,3,1,1,4.51,,,,,,,,,,,,,,,,,,,,,,,,,,,,,,,,,,,,,,,,,,,,,,,,,,,,,,,,,,,,,,,,,,,,,,,,,,,,,,,,,,,,,,,,,,,,,,,,,,,,,,,,,,,,
Q02,3,1,1,1.23,,region,1,0,never_instantiated,0,,,,,0,0,,part,79591,0,never_instantiated,0,,,,,0,0,,nation,5,0,never_instantiated,0,,,,,0,0,partsupp,supplier,200535,0,never_instantiated,0,,,,,0,0,,,63825,0,never_instantiated,0,,,,,0,0,,,47107,0,never_instantiated,0,,,,,0,0,,region,1,0,never_instantiated,0,,,,,0,0,,nation,5,0,never_instantiated,0,,,,,0,0,partsupp,supplier,200535,0,never_instantiated,0,,,,,0,0
Q03,3,1,1,8.62,,customer,3000188,1,active,14960885,,,,,490646,7593,lineitem,orders,72874383,1,frozen,323494519,115448514,THC-Full,,,917504,1817,,,,,,,,,,,,,,,,,,,,,,,,,,,,,,,,,,,,,,,,,,,,,,,,,,,,,,,,,,,,,,,,,,,,,,,,,,,,,,,,,,,,
Q04,3,1,1,6.46,,,5733776,1,frozen,14498066,2844071,THC-Full,,,458755,37132,lineitem,,5733776,1,frozen,379356321,145652486,THC-Full,,,917504,1442,,,,,,,,,,,,,,,,,,,,,,,,,,,,,,,,,,,,,,,,,,,,,,,,,,,,,,,,,,,,,,,,,,,,,,,,,,,,,,,,,,,,
Q05,3,1,1,9999999,,,,,,,,,,,,,,,,,,,,,,,,,,,,,,,,,,,,,,,,,,,,,,,,,,,,,,,,,,,,,,,,,,,,,,,,,,,,,,,,,,,,,,,,,,,,,,,,,,,,,,,,,,,,
Q06,3,1,1,1.75,,,,,,,,,,,,,,,,,,,,,,,,,,,,,,,,,,,,,,,,,,,,,,,,,,,,,,,,,,,,,,,,,,,,,,,,,,,,,,,,,,,,,,,,,,,,,,,,,,,,,,,,,,,,
Q07,3,1,1,4.00,,nation,2,0,never_instantiated,0,,,,,0,0,,customer,1200139,1,active,1171959,,,,,326273,81026,orders,,1179101,0,never_instantiated,0,,,,,0,0,,nation,2,0,never_instantiated,0,,,,,0,0,lineitem,supplier,80171,0,never_instantiated,0,,,,,0,0,,,,,,,,,,,,,,,,,,,,,,,,,,,,,,,,,,,,,,,,,,,,,,,,
Q08,3,1,1,4.72,,region,1,0,never_instantiated,0,,,,,0,0,,nation,5,0,never_instantiated,0,,,,,0,0,,nation,25,0,never_instantiated,0,,,,,0,0,supplier,,244821,0,never_instantiated,0,,,,,0,0,customer,,245334,0,never_instantiated,0,,,,,0,0,orders,,246009,0,never_instantiated,0,,,,,0,0,lineitem,part,134258,0,never_instantiated,0,,,,,0,0,,,,,,,,,,,,,,,,,,,,,,,,
Q09,3,1,1,11.49,,nation,25,0,never_instantiated,0,,,,,0,0,,supplier,1000000,0,never_instantiated,0,,,,,0,0,,orders,150000000,1,frozen,32636547,2295300,THC-Full,,,917507,92776,,partsupp,80000000,1,frozen,32636547,1257090,THC-Full,,,458756,100320,lineitem,part,1087982,1,frozen,32720442,5959700,THC-Full,,,917504,98518,,,,,,,,,,,,,,,,,,,,,,,,,,,,,,,,,,,,,,,,,,,,,,,,
Q10,3,1,1,4.93,,nation,25,0,never_instantiated,0,,,,,0,0,customer,,11463171,0,never_instantiated,0,,,,,0,0,lineitem,orders,5730378,1,frozen,11522851,4879264,THC-Full,,,917504,43932,,,,,,,,,,,,,,,,,,,,,,,,,,,,,,,,,,,,,,,,,,,,,,,,,,,,,,,,,,,,,,,,,,,,,,,,
Q11,3,1,1,1.03,,nation,1,0,never_instantiated,0,,,,,0,0,partsupp,supplier,40045,0,never_instantiated,0,,,,,0,0,partsupp,,40045,0,never_instantiated,0,,,,,0,0,supplier,nation,1,0,never_instantiated,0,,,,,0,0,,,,,,,,,,,,,,,,,,,,,,,,,,,,,,,,,,,,,,,,,,,,,,,,,,,,,,,,,,,,
Q12,3,1,1,4.52,orders,lineitem,3115341,1,frozen,150000000,103866368,THC-Full,,,917504,2058,,,,,,,,,,,,,,,,,,,,,,,,,,,,,,,,,,,,,,,,,,,,,,,,,,,,,,,,,,,,,,,,,,,,,,,,,,,,,,,,,,,,,,,,,,,,,,,,
Q13,3,1,1,9.75,orders,customer,15000000,1,frozen,148451295,4688201,THC-Full,,,1835011,106696,,,,,,,,,,,,,,,,,,,,,,,,,,,,,,,,,,,,,,,,,,,,,,,,,,,,,,,,,,,,,,,,,,,,,,,,,,,,,,,,,,,,,,,,,,,,,,,,
Q14,3,1,1,5.13,lineitem,part,20000000,1,frozen,7484260,1200490,THC-Full,,,458757,99774,,,,,,,,,,,,,,,,,,,,,,,,,,,,,,,,,,,,,,,,,,,,,,,,,,,,,,,,,,,,,,,,,,,,,,,,,,,,,,,,,,,,,,,,,,,,,,,,
Q15,3,1,1,2.77,,,1,0,never_instantiated,0,,,,,0,0,supplier,,1000000,1,active,1000000,,,,,407995,106496,,,,,,,,,,,,,,,,,,,,,,,,,,,,,,,,,,,,,,,,,,,,,,,,,,,,,,,,,,,,,,,,,,,,,,,,,,,,,,,,,,,,
Q16,3,1,1,2.26,,supplier,479,0,never_instantiated,0,,,,,0,0,partsupp,,2971749,0,never_instantiated,0,,,,,0,0,part,,8,0,never_instantiated,0,,,,,0,0,,,,,,,,,,,,,,,,,,,,,,,,,,,,,,,,,,,,,,,,,,,,,,,,,,,,,,,,,,,,,,,,,,,,,,,,
Q17,3,1,1,7.17,lineitem,part,20031,0,never_instantiated,0,,,,,0,0,,,600982,1,active,20031,,,,,0,0,lineitem,,20031,0,never_instantiated,0,,,,,0,0,,,,,,,,,,,,,,,,,,,,,,,,,,,,,,,,,,,,,,,,,,,,,,,,,,,,,,,,,,,,,,,,,,,,,,,,
Q18,3,1,1,28.62,,lineitem,6398,0,never_instantiated,0,,,,,0,0,,customer,14999999,1,frozen,600037902,4216832,THC-Full,,,458752,25496,lineitem,orders,150000000,1,frozen,600037902,8148992,THC-Full,,,917504,25533,,,,,,,,,,,,,,,,,,,,,,,,,,,,,,,,,,,,,,,,,,,,,,,,,,,,,,,,,,,,,,,,,,,,,,,,
Q19,3,1,1,6.87,lineitem,part,20000000,1,frozen,21432090,1203309,THC-Full,,,458758,101575,,,,,,,,,,,,,,,,,,,,,,,,,,,,,,,,,,,,,,,,,,,,,,,,,,,,,,,,,,,,,,,,,,,,,,,,,,,,,,,,,,,,,,,,,,,,,,,,
Q20,3,1,1,3.80,,,40207,0,never_instantiated,0,,,,,0,0,partsupp,part,217222,0,never_instantiated,0,,,,,0,0,,,35136,0,never_instantiated,0,,,,,0,0,lineitem,,35136,0,never_instantiated,0,,,,,0,0,supplier,nation,1,0,never_instantiated,0,,,,,0,0,,,,,,,,,,,,,,,,,,,,,,,,,,,,,,,,,,,,,,,,,,,,,,,,
Q21,3,1,1,18.87,orders,,15146702,0,never_instantiated,0,,,,,0,0,,nation,1,0,never_instantiated,0,,,,,0,0,lineitem,supplier,39953,0,never_instantiated,0,,,,,0,0,,,7313671,1,frozen,29189835,4206775,THC-Full,,,458753,24098,lineitem,,7313658,1,frozen,600037706,171245523,THC-Full,,,917508,1183,,,7048027,1,frozen,18431243,2821153,THC-Full,,,458756,36615,lineitem,,7048014,1,frozen,379356365,114744937,THC-Full,,,917504,1800,,,,,,,,,,,,,,,,,,,,,,,,
Q22,3,1,1,3.70,,,1909668,1,frozen,19088090,1406102,THC-Full,,,458756,96301,orders,,1909668,1,frozen,149999690,34705330,THC-Full,,,917504,13946,,,,,,,,,,,,,,,,,,,,,,,,,,,,,,,,,,,,,,,,,,,,,,,,,,,,,,,,,,,,,,,,,,,,,,,,,,,,,,,,,,,,
Q01,3,2,1,4.62,,,,,,,,,,,,,,,,,,,,,,,,,,,,,,,,,,,,,,,,,,,,,,,,,,,,,,,,,,,,,,,,,,,,,,,,,,,,,,,,,,,,,,,,,,,,,,,,,,,,,,,,,,,,
Q02,3,2,1,1.23,,region,1,0,never_instantiated,0,,,,,0,0,,nation,5,0,never_instantiated,0,,,,,0,0,,supplier,200535,0,never_instantiated,0,,,,,0,0,partsupp,part,79591,0,never_instantiated,0,,,,,0,0,,,63825,0,never_instantiated,0,,,,,0,0,,,47107,0,never_instantiated,0,,,,,0,0,,region,1,0,never_instantiated,0,,,,,0,0,,nation,5,0,never_instantiated,0,,,,,0,0,partsupp,supplier,200535,0,never_instantiated,0,,,,,0,0
Q03,3,2,1,3.80,,customer,3000188,1,active,2994213,,,,,465974,37697,lineitem,orders,14600127,1,active,3379982,,,,,544765,34104,,,,,,,,,,,,,,,,,,,,,,,,,,,,,,,,,,,,,,,,,,,,,,,,,,,,,,,,,,,,,,,,,,,,,,,,,,,,,,,,,,,,
Q04,3,2,1,6.56,,,5733776,1,frozen,14498066,2829518,THC-Full,,,458753,36951,lineitem,,5733776,1,frozen,379356321,145750849,THC-Full,,,917505,1455,,,,,,,,,,,,,,,,,,,,,,,,,,,,,,,,,,,,,,,,,,,,,,,,,,,,,,,,,,,,,,,,,,,,,,,,,,,,,,,,,,,,
Q05,3,2,1,7.89,,region,1,0,never_instantiated,0,,,,,0,0,,supplier,1000000,1,active,18210128,,,,,167060,3897,,nation,5,0,never_instantiated,0,,,,,0,0,,customer,2999759,1,frozen,18249242,11676573,THC-Full,,,917507,25201,lineitem,orders,4562850,1,frozen,18350276,8253895,THC-Full,,,917505,25057,,,,,,,,,,,,,,,,,,,,,,,,,,,,,,,,,,,,,,,,,,,,,,,,
Q06,3,2,1,1.75,,,,,,,,,,,,,,,,,,,,,,,,,,,,,,,,,,,,,,,,,,,,,,,,,,,,,,,,,,,,,,,,,,,,,,,,,,,,,,,,,,,,,,,,,,,,,,,,,,,,,,,,,,,,
Q07,3,2,1,4.00,,nation,2,0,never_instantiated,0,,,,,0,0,,supplier,80171,0,never_instantiated,0,,,,,0,0,,nation,2,0,never_instantiated,0,,,,,0,0,,customer,1200139,1,active,1175823,,,,,326396,81570,lineitem,orders,12026518,1,active,1182992,,,,,429538,86061,,,,,,,,,,,,,,,,,,,,,,,,,,,,,,,,,,,,,,,,,,,,,,,,
Q08,3,2,1,4.10,,region,1,0,never_instantiated,0,,,,,0,0,,nation,5,0,never_instantiated,0,,,,,0,0,customer,,245334,0,never_instantiated,0,,,,,0,0,,part,134258,0,never_instantiated,0,,,,,0,0,,orders,9140870,1,active,250890,,,,,100081,100081,,nation,25,0,never_instantiated,0,,,,,0,0,lineitem,supplier,1000000,0,never_instantiated,0,,,,,0,0,,,,,,,,,,,,,,,,,,,,,,,,
Q09,3,2,1,10.66,,nation,25,0,never_instantiated,0,,,,,0,0,,supplier,1000000,0,never_instantiated,0,,,,,0,0,,part,1087982,1,frozen,32720442,5774461,THC-Full,,,917504,96573,,orders,150000000,1,frozen,32720442,2474373,THC-Full,,,917504,91043,lineitem,partsupp,4363044,1,frozen,32720442,1244735,THC-Full,,,458756,100227,,,,,,,,,,,,,,,,,,,,,,,,,,,,,,,,,,,,,,,,,,,,,,,,
Q10,3,2,1,4.93,,nation,25,0,never_instantiated,0,,,,,0,0,customer,,11463171,0,never_instantiated,0,,,,,0,0,lineitem,orders,5730378,1,frozen,11522851,4916086,THC-Full,,,917505,43813,,,,,,,,,,,,,,,,,,,,,,,,,,,,,,,,,,,,,,,,,,,,,,,,,,,,,,,,,,,,,,,,,,,,,,,,
Q11,3,2,1,0.93,partsupp,,40045,0,never_instantiated,0,,,,,0,0,supplier,nation,1,0,never_instantiated,0,,,,,0,0,partsupp,,40045,0,never_instantiated,0,,,,,0,0,supplier,nation,1,0,never_instantiated,0,,,,,0,0,,,,,,,,,,,,,,,,,,,,,,,,,,,,,,,,,,,,,,,,,,,,,,,,,,,,,,,,,,,,
Q12,3,2,1,4.52,orders,lineitem,3115341,1,frozen,150000000,103876608,THC-Full,,,917504,2008,,,,,,,,,,,,,,,,,,,,,,,,,,,,,,,,,,,,,,,,,,,,,,,,,,,,,,,,,,,,,,,,,,,,,,,,,,,,,,,,,,,,,,,,,,,,,,,,
Q13,3,2,1,9.95,orders,customer,15000000,1,frozen,148451295,4682109,THC-Full,,,1835011,104739,,,,,,,,,,,,,,,,,,,,,,,,,,,,,,,,,,,,,,,,,,,,,,,,,,,,,,,,,,,,,,,,,,,,,,,,,,,,,,,,,,,,,,,,,,,,,,,,
Q14,3,2,1,5.03,lineitem,part,20000000,1,frozen,7484260,1200516,THC-Full,,,458757,99770,,,,,,,,,,,,,,,,,,,,,,,,,,,,,,,,,,,,,,,,,,,,,,,,,,,,,,,,,,,,,,,,,,,,,,,,,,,,,,,,,,,,,,,,,,,,,,,,
Q15,3,2,1,2.77,,,1,0,never_instantiated,0,,,,,0,0,supplier,,1000000,1,active,1000000,,,,,409495,106496,,,,,,,,,,,,,,,,,,,,,,,,,,,,,,,,,,,,,,,,,,,,,,,,,,,,,,,,,,,,,,,,,,,,,,,,,,,,,,,,,,,,
Q16,3,2,1,2.26,,supplier,479,0,never_instantiated,0,,,,,0,0,partsupp,,2971749,0,never_instantiated,0,,,,,0,0,part,,8,0,never_instantiated,0,,,,,0,0,,,,,,,,,,,,,,,,,,,,,,,,,,,,,,,,,,,,,,,,,,,,,,,,,,,,,,,,,,,,,,,,,,,,,,,,
Q17,3,2,1,7.18,lineitem,part,20031,0,never_instantiated,0,,,,,0,0,,,600982,1,active,20031,,,,,0,0,lineitem,,20031,0,never_instantiated,0,,,,,0,0,,,,,,,,,,,,,,,,,,,,,,,,,,,,,,,,,,,,,,,,,,,,,,,,,,,,,,,,,,,,,,,,,,,,,,,,
Q18,3,2,1,28.82,,lineitem,6398,0,never_instantiated,0,,,,,0,0,,customer,14999999,1,frozen,600037902,4405248,THC-Full,,,458752,25004,lineitem,orders,150000000,1,frozen,600037902,8200192,THC-Full,,,917505,25041,,,,,,,,,,,,,,,,,,,,,,,,,,,,,,,,,,,,,,,,,,,,,,,,,,,,,,,,,,,,,,,,,,,,,,,,
Q19,3,2,1,6.87,lineitem,part,20000000,1,frozen,21432090,1202882,THC-Full,,,458755,99805,,,,,,,,,,,,,,,,,,,,,,,,,,,,,,,,,,,,,,,,,,,,,,,,,,,,,,,,,,,,,,,,,,,,,,,,,,,,,,,,,,,,,,,,,,,,,,,,
Q20,3,2,1,3.80,,,40207,0,never_instantiated,0,,,,,0,0,partsupp,part,217222,0,never_instantiated,0,,,,,0,0,,,35136,0,never_instantiated,0,,,,,0,0,lineitem,,35136,0,never_instantiated,0,,,,,0,0,supplier,nation,1,0,never_instantiated,0,,,,,0,0,,,,,,,,,,,,,,,,,,,,,,,,,,,,,,,,,,,,,,,,,,,,,,,,
Q21,3,2,1,18.47,,nation,1,0,never_instantiated,0,,,,,0,0,,supplier,39953,0,never_instantiated,0,,,,,0,0,lineitem,orders,73072502,1,frozen,15249101,8973629,THC-Full,,,1835011,47213,,,7313671,1,frozen,29189835,4205671,THC-Full,,,458753,24126,lineitem,,7313658,1,frozen,600037706,171640787,THC-Full,,,917504,1264,,,7048027,1,frozen,18431243,2822506,THC-Full,,,458753,36097,lineitem,,7048014,1,frozen,379356365,114950473,THC-Full,,,917504,1865,,,,,,,,,,,,,,,,,,,,,,,,
Q22,3,2,1,3.80,,,1909668,1,frozen,19088090,1406860,THC-Full,,,458756,95993,orders,,1909668,1,frozen,149999690,34975665,THC-Full,,,917505,13660,,,,,,,,,,,,,,,,,,,,,,,,,,,,,,,,,,,,,,,,,,,,,,,,,,,,,,,,,,,,,,,,,,,,,,,,,,,,,,,,,,,,
Q01,3,3,1,4.51,,,,,,,,,,,,,,,,,,,,,,,,,,,,,,,,,,,,,,,,,,,,,,,,,,,,,,,,,,,,,,,,,,,,,,,,,,,,,,,,,,,,,,,,,,,,,,,,,,,,,,,,,,,,
Q02,3,3,1,1.03,,region,1,0,never_instantiated,0,,,,,0,0,,nation,5,0,never_instantiated,0,,,,,0,0,,part,79591,0,never_instantiated,0,,,,,0,0,partsupp,supplier,200535,0,never_instantiated,0,,,,,0,0,,,63825,0,never_instantiated,0,,,,,0,0,,,47107,0,never_instantiated,0,,,,,0,0,,region,1,0,never_instantiated,0,,,,,0,0,partsupp,,200535,0,never_instantiated,0,,,,,0,0,supplier,nation,5,0,never_instantiated,0,,,,,0,0
Q03,3,3,1,3.90,,customer,3000188,1,active,2994213,,,,,465989,37657,lineitem,orders,14600127,1,active,3379982,,,,,545262,34097,,,,,,,,,,,,,,,,,,,,,,,,,,,,,,,,,,,,,,,,,,,,,,,,,,,,,,,,,,,,,,,,,,,,,,,,,,,,,,,,,,,,
Q04,3,3,1,6.57,,,5733776,1,frozen,14498066,2831186,THC-Full,,,458754,37092,lineitem,,5733776,1,frozen,379356321,146005642,THC-Full,,,917505,1441,,,,,,,,,,,,,,,,,,,,,,,,,,,,,,,,,,,,,,,,,,,,,,,,,,,,,,,,,,,,,,,,,,,,,,,,,,,,,,,,,,,,
Q05,3,3,1,9999999,,,,,,,,,,,,,,,,,,,,,,,,,,,,,,,,,,,,,,,,,,,,,,,,,,,,,,,,,,,,,,,,,,,,,,,,,,,,,,,,,,,,,,,,,,,,,,,,,,,,,,,,,,,,
Q06,3,3,1,1.75,,,,,,,,,,,,,,,,,,,,,,,,,,,,,,,,,,,,,,,,,,,,,,,,,,,,,,,,,,,,,,,,,,,,,,,,,,,,,,,,,,,,,,,,,,,,,,,,,,,,,,,,,,,,
Q07,3,3,1,4.00,,nation,2,0,never_instantiated,0,,,,,0,0,,customer,1200139,1,active,1171959,,,,,326473,81416,,nation,2,0,never_instantiated,0,,,,,0,0,orders,,1179101,0,never_instantiated,0,,,,,0,0,lineitem,supplier,80171,0,never_instantiated,0,,,,,0,0,,,,,,,,,,,,,,,,,,,,,,,,,,,,,,,,,,,,,,,,,,,,,,,,
Q08,3,3,1,4.21,,region,1,0,never_instantiated,0,,,,,0,0,,nation,25,0,never_instantiated,0,,,,,0,0,,part,134258,0,never_instantiated,0,,,,,0,0,,nation,5,0,never_instantiated,0,,,,,0,0,,supplier,1000000,0,never_instantiated,0,,,,,0,0,,customer,3001905,1,active,250195,,,,,95905,95905,lineitem,orders,9140870,1,active,250890,,,,,98464,98464,,,,,,,,,,,,,,,,,,,,,,,,
Q09,3,3,1,10.46,,orders,150000000,1,frozen,32636547,2269782,THC-Full,,,917505,90689,,nation,25,0,never_instantiated,0,,,,,0,0,,part,1087982,1,frozen,32720442,5936734,THC-Full,,,917504,96421,,partsupp,4363044,1,frozen,32720442,1244500,THC-Full,,,458752,100058,lineitem,supplier,1000000,0,never_instantiated,0,,,,,0,0,,,,,,,,,,,,,,,,,,,,,,,,,,,,,,,,,,,,,,,,,,,,,,,,
Q10,3,3,1,4.92,,nation,25,0,never_instantiated,0,,,,,0,0,customer,,11463171,0,never_instantiated,0,,,,,0,0,lineitem,orders,5730378,1,frozen,11522851,4881173,THC-Full,,,917507,43002,,,,,,,,,,,,,,,,,,,,,,,,,,,,,,,,,,,,,,,,,,,,,,,,,,,,,,,,,,,,,,,,,,,,,,,,
Q11,3,3,1,1.03,,nation,1,0,never_instantiated,0,,,,,0,0,partsupp,supplier,40045,0,never_instantiated,0,,,,,0,0,partsupp,,40045,0,never_instantiated,0,,,,,0,0,supplier,nation,1,0,never_instantiated,0,,,,,0,0,,,,,,,,,,,,,,,,,,,,,,,,,,,,,,,,,,,,,,,,,,,,,,,,,,,,,,,,,,,,
Q12,3,3,1,4.52,orders,lineitem,3115341,1,frozen,150000000,103632896,THC-Full,,,917506,2010,,,,,,,,,,,,,,,,,,,,,,,,,,,,,,,,,,,,,,,,,,,,,,,,,,,,,,,,,,,,,,,,,,,,,,,,,,,,,,,,,,,,,,,,,,,,,,,,
Q13,3,3,1,9.95,orders,customer,15000000,1,frozen,148451295,4633507,THC-Full,,,1835011,100727,,,,,,,,,,,,,,,,,,,,,,,,,,,,,,,,,,,,,,,,,,,,,,,,,,,,,,,,,,,,,,,,,,,,,,,,,,,,,,,,,,,,,,,,,,,,,,,,
Q14,3,3,1,5.13,lineitem,part,20000000,1,frozen,7484260,1200520,THC-Full,,,458756,99779,,,,,,,,,,,,,,,,,,,,,,,,,,,,,,,,,,,,,,,,,,,,,,,,,,,,,,,,,,,,,,,,,,,,,,,,,,,,,,,,,,,,,,,,,,,,,,,,
Q15,3,3,1,2.77,,,1,0,never_instantiated,0,,,,,0,0,supplier,,1000000,1,active,1000000,,,,,400165,108544,,,,,,,,,,,,,,,,,,,,,,,,,,,,,,,,,,,,,,,,,,,,,,,,,,,,,,,,,,,,,,,,,,,,,,,,,,,,,,,,,,,,
Q16,3,3,1,2.26,,supplier,479,0,never_instantiated,0,,,,,0,0,partsupp,,2971749,0,never_instantiated,0,,,,,0,0,part,,8,0,never_instantiated,0,,,,,0,0,,,,,,,,,,,,,,,,,,,,,,,,,,,,,,,,,,,,,,,,,,,,,,,,,,,,,,,,,,,,,,,,,,,,,,,,
Q17,3,3,1,7.18,lineitem,part,20031,0,never_instantiated,0,,,,,0,0,,,600982,1,active,20031,,,,,0,0,lineitem,,20031,0,never_instantiated,0,,,,,0,0,,,,,,,,,,,,,,,,,,,,,,,,,,,,,,,,,,,,,,,,,,,,,,,,,,,,,,,,,,,,,,,,,,,,,,,,
Q18,3,3,1,28.81,,lineitem,6398,0,never_instantiated,0,,,,,0,0,,customer,14999999,1,frozen,600037902,4395008,THC-Full,,,458753,24950,lineitem,orders,150000000,1,frozen,600037902,8216576,THC-Full,,,917507,24987,,,,,,,,,,,,,,,,,,,,,,,,,,,,,,,,,,,,,,,,,,,,,,,,,,,,,,,,,,,,,,,,,,,,,,,,
Q19,3,3,1,6.77,lineitem,part,20000000,1,frozen,21432090,1205561,THC-Full,,,458755,99875,,,,,,,,,,,,,,,,,,,,,,,,,,,,,,,,,,,,,,,,,,,,,,,,,,,,,,,,,,,,,,,,,,,,,,,,,,,,,,,,,,,,,,,,,,,,,,,,
Q20,3,3,1,3.80,,,40207,0,never_instantiated,0,,,,,0,0,partsupp,part,217222,0,never_instantiated,0,,,,,0,0,,,35136,0,never_instantiated,0,,,,,0,0,lineitem,,35136,0,never_instantiated,0,,,,,0,0,supplier,nation,1,0,never_instantiated,0,,,,,0,0,,,,,,,,,,,,,,,,,,,,,,,,,,,,,,,,,,,,,,,,,,,,,,,,
Q21,3,3,1,18.77,,nation,1,0,never_instantiated,0,,,,,0,0,,orders,73072502,1,frozen,15146702,8982278,THC-Full,,,1835009,46667,lineitem,supplier,39953,0,never_instantiated,0,,,,,0,0,,,7313671,1,frozen,29189835,4205462,THC-Full,,,458753,24137,lineitem,,7313658,1,frozen,600037706,172046291,THC-Full,,,917504,1203,,,7048027,1,frozen,18431243,2820350,THC-Full,,,458754,35934,lineitem,,7048014,1,frozen,379356365,114871368,THC-Full,,,917505,1848,,,,,,,,,,,,,,,,,,,,,,,,
Q22,3,3,1,3.80,,,1909668,1,frozen,19088090,1409980,THC-Full,,,458753,96456,orders,,1909668,1,frozen,149999690,34940849,THC-Full,,,917504,13416,,,,,,,,,,,,,,,,,,,,,,,,,,,,,,,,,,,,,,,,,,,,,,,,,,,,,,,,,,,,,,,,,,,,,,,,,,,,,,,,,,,,
Q01,3,4,1,4.62,,,,,,,,,,,,,,,,,,,,,,,,,,,,,,,,,,,,,,,,,,,,,,,,,,,,,,,,,,,,,,,,,,,,,,,,,,,,,,,,,,,,,,,,,,,,,,,,,,,,,,,,,,,,
Q02,3,4,1,1.13,,region,1,0,never_instantiated,0,,,,,0,0,,nation,5,0,never_instantiated,0,,,,,0,0,,supplier,200535,0,never_instantiated,0,,,,,0,0,partsupp,part,79591,0,never_instantiated,0,,,,,0,0,,,63825,0,never_instantiated,0,,,,,0,0,,,47107,0,never_instantiated,0,,,,,0,0,,region,1,0,never_instantiated,0,,,,,0,0,partsupp,,200535,0,never_instantiated,0,,,,,0,0,supplier,nation,5,0,never_instantiated,0,,,,,0,0
Q03,3,4,1,8.61,,customer,3000188,1,active,14960885,,,,,491825,7618,lineitem,orders,72874383,1,frozen,323494519,115556954,THC-Full,,,917505,1809,,,,,,,,,,,,,,,,,,,,,,,,,,,,,,,,,,,,,,,,,,,,,,,,,,,,,,,,,,,,,,,,,,,,,,,,,,,,,,,,,,,,
Q04,3,4,1,6.56,,,5733776,1,frozen,14498066,2824870,THC-Full,,,458753,37098,lineitem,,5733776,1,frozen,379356321,145727674,THC-Full,,,917504,1451,,,,,,,,,,,,,,,,,,,,,,,,,,,,,,,,,,,,,,,,,,,,,,,,,,,,,,,,,,,,,,,,,,,,,,,,,,,,,,,,,,,,
Q05,3,4,1,7.49,,region,1,0,never_instantiated,0,,,,,0,0,,nation,5,0,never_instantiated,0,,,,,0,0,,supplier,1000000,1,active,18210128,,,,,166942,3909,,customer,2999759,1,frozen,18249242,11667609,THC-Full,,,917504,25400,lineitem,orders,4562850,1,frozen,18350276,8253258,THC-Full,,,917506,24997,,,,,,,,,,,,,,,,,,,,,,,,,,,,,,,,,,,,,,,,,,,,,,,,
Q06,3,4,1,1.75,,,,,,,,,,,,,,,,,,,,,,,,,,,,,,,,,,,,,,,,,,,,,,,,,,,,,,,,,,,,,,,,,,,,,,,,,,,,,,,,,,,,,,,,,,,,,,,,,,,,,,,,,,,,
Q07,3,4,1,4.00,,nation,2,0,never_instantiated,0,,,,,0,0,,nation,2,0,never_instantiated,0,,,,,0,0,,supplier,80171,0,never_instantiated,0,,,,,0,0,,customer,1200139,1,active,1175823,,,,,326291,81520,lineitem,orders,12026518,1,active,1182992,,,,,429131,86122,,,,,,,,,,,,,,,,,,,,,,,,,,,,,,,,,,,,,,,,,,,,,,,,
Q08,3,4,1,4.82,,region,1,0,never_instantiated,0,,,,,0,0,,nation,25,0,never_instantiated,0,,,,,0,0,,nation,5,0,never_instantiated,0,,,,,0,0,customer,,245334,0,never_instantiated,0,,,,,0,0,supplier,,245334,0,never_instantiated,0,,,,,0,0,orders,,246009,0,never_instantiated,0,,,,,0,0,lineitem,part,134258,0,never_instantiated,0,,,,,0,0,,,,,,,,,,,,,,,,,,,,,,,,
Q09,3,4,1,19.79,,partsupp,80000000,1,frozen,32636547,1202342,THC-Full,,,458755,98974,,nation,25,0,never_instantiated,0,,,,,0,0,,part,1087982,1,frozen,32720442,5805342,THC-Full,,,917507,95388,,supplier,1000000,0,never_instantiated,0,,,,,0,0,lineitem,orders,150000000,1,frozen,32720442,2402697,THC-Full,,,917507,89923,,,,,,,,,,,,,,,,,,,,,,,,,,,,,,,,,,,,,,,,,,,,,,,,
Q10,3,4,1,4.92,,nation,25,0,never_instantiated,0,,,,,0,0,customer,,11463171,0,never_instantiated,0,,,,,0,0,lineitem,orders,5730378,1,frozen,11522851,4908873,THC-Full,,,917504,42918,,,,,,,,,,,,,,,,,,,,,,,,,,,,,,,,,,,,,,,,,,,,,,,,,,,,,,,,,,,,,,,,,,,,,,,,
Q11,3,4,1,1.03,partsupp,,40045,0,never_instantiated,0,,,,,0,0,supplier,nation,1,0,never_instantiated,0,,,,,0,0,,nation,1,0,never_instantiated,0,,,,,0,0,partsupp,supplier,40045,0,never_instantiated,0,,,,,0,0,,,,,,,,,,,,,,,,,,,,,,,,,,,,,,,,,,,,,,,,,,,,,,,,,,,,,,,,,,,,
Q12,3,4,1,4.51,orders,lineitem,3115341,1,frozen,150000000,103874560,THC-Full,,,917504,1964,,,,,,,,,,,,,,,,,,,,,,,,,,,,,,,,,,,,,,,,,,,,,,,,,,,,,,,,,,,,,,,,,,,,,,,,,,,,,,,,,,,,,,,,,,,,,,,,
Q13,3,4,1,9.85,orders,customer,15000000,1,frozen,148451295,4655766,THC-Full,,,1835011,100726,,,,,,,,,,,,,,,,,,,,,,,,,,,,,,,,,,,,,,,,,,,,,,,,,,,,,,,,,,,,,,,,,,,,,,,,,,,,,,,,,,,,,,,,,,,,,,,,
Q14,3,4,1,5.03,lineitem,part,20000000,1,frozen,7484260,1200435,THC-Full,,,458756,99773,,,,,,,,,,,,,,,,,,,,,,,,,,,,,,,,,,,,,,,,,,,,,,,,,,,,,,,,,,,,,,,,,,,,,,,,,,,,,,,,,,,,,,,,,,,,,,,,
Q15,3,4,1,2.77,,,1,0,never_instantiated,0,,,,,0,0,supplier,,1000000,1,active,1000000,,,,,406317,102399,,,,,,,,,,,,,,,,,,,,,,,,,,,,,,,,,,,,,,,,,,,,,,,,,,,,,,,,,,,,,,,,,,,,,,,,,,,,,,,,,,,,
Q16,3,4,1,2.26,,supplier,479,0,never_instantiated,0,,,,,0,0,partsupp,,2971749,0,never_instantiated,0,,,,,0,0,part,,8,0,never_instantiated,0,,,,,0,0,,,,,,,,,,,,,,,,,,,,,,,,,,,,,,,,,,,,,,,,,,,,,,,,,,,,,,,,,,,,,,,,,,,,,,,,
Q17,3,4,1,7.18,lineitem,part,20031,0,never_instantiated,0,,,,,0,0,,,600982,1,active,20031,,,,,0,0,lineitem,,20031,0,never_instantiated,0,,,,,0,0,,,,,,,,,,,,,,,,,,,,,,,,,,,,,,,,,,,,,,,,,,,,,,,,,,,,,,,,,,,,,,,,,,,,,,,,
Q18,3,4,1,28.71,,lineitem,6398,0,never_instantiated,0,,,,,0,0,,customer,14999999,1,frozen,600037902,4206592,THC-Full,,,458752,26006,lineitem,orders,150000000,1,frozen,600037902,8271872,THC-Full,,,917507,26043,,,,,,,,,,,,,,,,,,,,,,,,,,,,,,,,,,,,,,,,,,,,,,,,,,,,,,,,,,,,,,,,,,,,,,,,
Q19,3,4,1,6.77,lineitem,part,20000000,1,frozen,21432090,1204995,THC-Full,,,458756,99834,,,,,,,,,,,,,,,,,,,,,,,,,,,,,,,,,,,,,,,,,,,,,,,,,,,,,,,,,,,,,,,,,,,,,,,,,,,,,,,,,,,,,,,,,,,,,,,,
Q20,3,4,1,3.80,,,40207,0,never_instantiated,0,,,,,0,0,partsupp,part,217222,0,never_instantiated,0,,,,,0,0,,,35136,0,never_instantiated,0,,,,,0,0,lineitem,,35136,0,never_instantiated,0,,,,,0,0,supplier,nation,1,0,never_instantiated,0,,,,,0,0,,,,,,,,,,,,,,,,,,,,,,,,,,,,,,,,,,,,,,,,,,,,,,,,
Q21,3,4,1,18.47,,nation,1,0,never_instantiated,0,,,,,0,0,,supplier,39953,0,never_instantiated,0,,,,,0,0,lineitem,orders,73072502,1,frozen,15249101,8988466,THC-Full,,,1835009,46386,,,7313671,1,frozen,29189835,4205793,THC-Full,,,458752,24111,lineitem,,7313658,1,frozen,600037706,171874259,THC-Full,,,917504,1184,,,7048027,1,frozen,18431243,2815222,THC-Full,,,458753,36008,lineitem,,7048014,1,frozen,379356365,114892214,THC-Full,,,917504,1748,,,,,,,,,,,,,,,,,,,,,,,,
Q22,3,4,1,3.80,,,1909668,1,frozen,19088090,1406000,THC-Full,,,458756,95897,orders,,1909668,1,frozen,149999690,34916274,THC-Full,,,917504,13631,,,,,,,,,,,,,,,,,,,,,,,,,,,,,,,,,,,,,,,,,,,,,,,,,,,,,,,,,,,,,,,,,,,,,,,,,,,,,,,,,,,,
Q01,3,5,1,4.51,,,,,,,,,,,,,,,,,,,,,,,,,,,,,,,,,,,,,,,,,,,,,,,,,,,,,,,,,,,,,,,,,,,,,,,,,,,,,,,,,,,,,,,,,,,,,,,,,,,,,,,,,,,,
Q02,3,5,1,1.23,,region,1,0,never_instantiated,0,,,,,0,0,,nation,5,0,never_instantiated,0,,,,,0,0,,part,79591,0,never_instantiated,0,,,,,0,0,partsupp,supplier,200535,0,never_instantiated,0,,,,,0,0,,,63825,0,never_instantiated,0,,,,,0,0,,,47107,0,never_instantiated,0,,,,,0,0,,region,1,0,never_instantiated,0,,,,,0,0,,nation,5,0,never_instantiated,0,,,,,0,0,partsupp,supplier,200535,0,never_instantiated,0,,,,,0,0
Q03,3,5,1,8.62,,customer,3000188,1,active,14960885,,,,,491306,7561,lineitem,orders,72874383,1,frozen,323494519,115363438,THC-Full,,,917504,1809,,,,,,,,,,,,,,,,,,,,,,,,,,,,,,,,,,,,,,,,,,,,,,,,,,,,,,,,,,,,,,,,,,,,,,,,,,,,,,,,,,,,
Q04,3,5,1,6.46,,,5733776,1,frozen,14498066,2836976,THC-Full,,,458755,37146,lineitem,,5733776,1,frozen,379356321,145858117,THC-Full,,,917504,1455,,,,,,,,,,,,,,,,,,,,,,,,,,,,,,,,,,,,,,,,,,,,,,,,,,,,,,,,,,,,,,,,,,,,,,,,,,,,,,,,,,,,
Q05,3,5,1,9999999,,,,,,,,,,,,,,,,,,,,,,,,,,,,,,,,,,,,,,,,,,,,,,,,,,,,,,,,,,,,,,,,,,,,,,,,,,,,,,,,,,,,,,,,,,,,,,,,,,,,,,,,,,,,
Q06,3,5,1,1.75,,,,,,,,,,,,,,,,,,,,,,,,,,,,,,,,,,,,,,,,,,,,,,,,,,,,,,,,,,,,,,,,,,,,,,,,,,,,,,,,,,,,,,,,,,,,,,,,,,,,,,,,,,,,
Q07,3,5,1,4.00,,nation,2,0,never_instantiated,0,,,,,0,0,,customer,1200139,1,active,1171959,,,,,327033,81368,,nation,2,0,never_instantiated,0,,,,,0,0,orders,,1179101,0,never_instantiated,0,,,,,0,0,lineitem,supplier,80171,0,never_instantiated,0,,,,,0,0,,,,,,,,,,,,,,,,,,,,,,,,,,,,,,,,,,,,,,,,,,,,,,,,
Q08,3,5,1,4.11,,region,1,0,never_instantiated,0,,,,,0,0,,nation,5,0,never_instantiated,0,,,,,0,0,,part,134258,0,never_instantiated,0,,,,,0,0,,customer,3001905,1,active,250195,,,,,98802,98802,,orders,9140870,1,active,250890,,,,,100000,100000,,nation,25,0,never_instantiated,0,,,,,0,0,lineitem,supplier,1000000,0,never_instantiated,0,,,,,0,0,,,,,,,,,,,,,,,,,,,,,,,,
Q09,3,5,1,11.59,,nation,25,0,never_instantiated,0,,,,,0,0,,supplier,1000000,0,never_instantiated,0,,,,,0,0,,partsupp,80000000,1,frozen,32636547,1251929,THC-Full,,,458758,101846,,orders,150000000,1,frozen,32636547,2297458,THC-Full,,,917507,92537,lineitem,part,1087982,1,frozen,32720442,5768026,THC-Full,,,917504,98279,,,,,,,,,,,,,,,,,,,,,,,,,,,,,,,,,,,,,,,,,,,,,,,,
Q10,3,5,1,4.93,,nation,25,0,never_instantiated,0,,,,,0,0,customer,,11463171,0,never_instantiated,0,,,,,0,0,lineitem,orders,5730378,1,frozen,11522851,4908711,THC-Full,,,917507,43003,,,,,,,,,,,,,,,,,,,,,,,,,,,,,,,,,,,,,,,,,,,,,,,,,,,,,,,,,,,,,,,,,,,,,,,,
Q11,3,5,1,1.03,,nation,1,0,never_instantiated,0,,,,,0,0,partsupp,supplier,40045,0,never_instantiated,0,,,,,0,0,partsupp,,40045,0,never_instantiated,0,,,,,0,0,supplier,nation,1,0,never_instantiated,0,,,,,0,0,,,,,,,,,,,,,,,,,,,,,,,,,,,,,,,,,,,,,,,,,,,,,,,,,,,,,,,,,,,,
Q12,3,5,1,4.52,orders,lineitem,3115341,1,frozen,150000000,103788544,THC-Full,,,917506,2008,,,,,,,,,,,,,,,,,,,,,,,,,,,,,,,,,,,,,,,,,,,,,,,,,,,,,,,,,,,,,,,,,,,,,,,,,,,,,,,,,,,,,,,,,,,,,,,,
Q13,3,5,1,9.85,orders,customer,15000000,1,frozen,148451295,4647672,THC-Full,,,1835011,100712,,,,,,,,,,,,,,,,,,,,,,,,,,,,,,,,,,,,,,,,,,,,,,,,,,,,,,,,,,,,,,,,,,,,,,,,,,,,,,,,,,,,,,,,,,,,,,,,
Q14,3,5,1,5.03,lineitem,part,20000000,1,frozen,7484260,1200606,THC-Full,,,458755,99770,,,,,,,,,,,,,,,,,,,,,,,,,,,,,,,,,,,,,,,,,,,,,,,,,,,,,,,,,,,,,,,,,,,,,,,,,,,,,,,,,,,,,,,,,,,,,,,,
Q15,3,5,1,2.77,,,1,0,never_instantiated,0,,,,,0,0,supplier,,1000000,1,active,1000000,,,,,406324,108542,,,,,,,,,,,,,,,,,,,,,,,,,,,,,,,,,,,,,,,,,,,,,,,,,,,,,,,,,,,,,,,,,,,,,,,,,,,,,,,,,,,,
Q16,3,5,1,2.26,,supplier,479,0,never_instantiated,0,,,,,0,0,partsupp,,2971749,0,never_instantiated,0,,,,,0,0,part,,8,0,never_instantiated,0,,,,,0,0,,,,,,,,,,,,,,,,,,,,,,,,,,,,,,,,,,,,,,,,,,,,,,,,,,,,,,,,,,,,,,,,,,,,,,,,
Q17,3,5,1,7.18,lineitem,part,20031,0,never_instantiated,0,,,,,0,0,,,600982,1,active,20031,,,,,0,0,lineitem,,20031,0,never_instantiated,0,,,,,0,0,,,,,,,,,,,,,,,,,,,,,,,,,,,,,,,,,,,,,,,,,,,,,,,,,,,,,,,,,,,,,,,,,,,,,,,,
Q18,3,5,1,28.82,,lineitem,6398,0,never_instantiated,0,,,,,0,0,,customer,14999999,1,frozen,600037902,4399104,THC-Full,,,458752,25496,lineitem,orders,150000000,1,frozen,600037902,8169472,THC-Full,,,917505,25533,,,,,,,,,,,,,,,,,,,,,,,,,,,,,,,,,,,,,,,,,,,,,,,,,,,,,,,,,,,,,,,,,,,,,,,,
Q19,3,5,1,6.77,lineitem,part,20000000,1,frozen,21432090,1202672,THC-Full,,,458757,99810,,,,,,,,,,,,,,,,,,,,,,,,,,,,,,,,,,,,,,,,,,,,,,,,,,,,,,,,,,,,,,,,,,,,,,,,,,,,,,,,,,,,,,,,,,,,,,,,
Q20,3,5,1,3.80,,,40207,0,never_instantiated,0,,,,,0,0,partsupp,part,217222,0,never_instantiated,0,,,,,0,0,,,35136,0,never_instantiated,0,,,,,0,0,lineitem,,35136,0,never_instantiated,0,,,,,0,0,supplier,nation,1,0,never_instantiated,0,,,,,0,0,,,,,,,,,,,,,,,,,,,,,,,,,,,,,,,,,,,,,,,,,,,,,,,,
Q21,3,5,1,18.67,,nation,1,0,never_instantiated,0,,,,,0,0,,orders,73072502,1,frozen,15146702,8994820,THC-Full,,,1835012,46607,lineitem,supplier,39953,0,never_instantiated,0,,,,,0,0,,,7313671,1,frozen,29189835,4207422,THC-Full,,,458753,24092,lineitem,,7313658,1,frozen,600037706,171513811,THC-Full,,,917504,1184,,,7048027,1,frozen,18431243,2818222,THC-Full,,,458753,35887,lineitem,,7048014,1,frozen,379356365,114697040,THC-Full,,,917506,1833,,,,,,,,,,,,,,,,,,,,,,,,
Q22,3,5,1,3.80,,,1909668,1,frozen,19088090,1407920,THC-Full,,,458756,96255,orders,,1909668,1,frozen,149999690,34813874,THC-Full,,,917505,13728,,,,,,,,,,,,,,,,,,,,,,,,,,,,,,,,,,,,,,,,,,,,,,,,,,,,,,,,,,,,,,,,,,,,,,,,,,,,,,,,,,,,
Q01,3,6,1,4.61,,,,,,,,,,,,,,,,,,,,,,,,,,,,,,,,,,,,,,,,,,,,,,,,,,,,,,,,,,,,,,,,,,,,,,,,,,,,,,,,,,,,,,,,,,,,,,,,,,,,,,,,,,,,
Q02,3,6,1,1.13,,region,1,0,never_instantiated,0,,,,,0,0,,nation,5,0,never_instantiated,0,,,,,0,0,,supplier,200535,0,never_instantiated,0,,,,,0,0,partsupp,part,79591,0,never_instantiated,0,,,,,0,0,,,63825,0,never_instantiated,0,,,,,0,0,,,47107,0,never_instantiated,0,,,,,0,0,,region,1,0,never_instantiated,0,,,,,0,0,partsupp,,200535,0,never_instantiated,0,,,,,0,0,supplier,nation,5,0,never_instantiated,0,,,,,0,0
Q03,3,6,1,3.90,,customer,3000188,1,active,2994213,,,,,466049,37729,lineitem,orders,14600127,1,active,3379982,,,,,546766,34143,,,,,,,,,,,,,,,,,,,,,,,,,,,,,,,,,,,,,,,,,,,,,,,,,,,,,,,,,,,,,,,,,,,,,,,,,,,,,,,,,,,,
Q04,3,6,1,6.57,,,5733776,1,frozen,14498066,2829534,THC-Full,,,458755,36993,lineitem,,5733776,1,frozen,379356321,145706855,THC-Full,,,917505,1435,,,,,,,,,,,,,,,,,,,,,,,,,,,,,,,,,,,,,,,,,,,,,,,,,,,,,,,,,,,,,,,,,,,,,,,,,,,,,,,,,,,,
Q05,3,6,1,7.80,,region,1,0,never_instantiated,0,,,,,0,0,,nation,5,0,never_instantiated,0,,,,,0,0,,customer,14999999,1,active,18199912,,,,,306530,3707,,supplier,199889,0,never_instantiated,0,,,,,0,0,lineitem,orders,22760819,1,frozen,18290031,3029639,THC-Full,,,917505,68236,,,,,,,,,,,,,,,,,,,,,,,,,,,,,,,,,,,,,,,,,,,,,,,,
Q06,3,6,1,1.75,,,,,,,,,,,,,,,,,,,,,,,,,,,,,,,,,,,,,,,,,,,,,,,,,,,,,,,,,,,,,,,,,,,,,,,,,,,,,,,,,,,,,,,,,,,,,,,,,,,,,,,,,,,,
Q07,3,6,1,4.00,,nation,2,0,never_instantiated,0,,,,,0,0,,customer,1200139,1,active,1171959,,,,,326504,81543,,nation,2,0,never_instantiated,0,,,,,0,0,,supplier,80171,0,never_instantiated,0,,,,,0,0,lineitem,orders,12026518,1,active,1182992,,,,,429009,86032,,,,,,,,,,,,,,,,,,,,,,,,,,,,,,,,,,,,,,,,,,,,,,,,
Q08,3,6,1,4.10,,region,1,0,never_instantiated,0,,,,,0,0,,nation,25,0,never_instantiated,0,,,,,0,0,,nation,5,0,never_instantiated,0,,,,,0,0,supplier,,244821,0,never_instantiated,0,,,,,0,0,customer,,245334,0,never_instantiated,0,,,,,0,0,,part,134258,0,never_instantiated,0,,,,,0,0,lineitem,orders,9140870,1,active,250890,,,,,98436,98436,,,,,,,,,,,,,,,,,,,,,,,,
Q09,3,6,1,11.59,,nation,25,0,never_instantiated,0,,,,,0,0,,supplier,1000000,0,never_instantiated,0,,,,,0,0,,orders,150000000,1,frozen,32636547,2287116,THC-Full,,,917507,92991,,part,1087982,1,frozen,32720442,5791309,THC-Full,,,917508,98737,lineitem,partsupp,80000000,1,frozen,32720442,1254966,THC-Full,,,458753,102552,,,,,,,,,,,,,,,,,,,,,,,,,,,,,,,,,,,,,,,,,,,,,,,,
Q10,3,6,1,4.92,,nation,25,0,never_instantiated,0,,,,,0,0,customer,,11463171,0,never_instantiated,0,,,,,0,0,lineitem,orders,5730378,1,frozen,11522851,4906629,THC-Full,,,917508,45666,,,,,,,,,,,,,,,,,,,,,,,,,,,,,,,,,,,,,,,,,,,,,,,,,,,,,,,,,,,,,,,,,,,,,,,,
Q11,3,6,1,0.93,partsupp,,40045,0,never_instantiated,0,,,,,0,0,supplier,nation,1,0,never_instantiated,0,,,,,0,0,partsupp,,40045,0,never_instantiated,0,,,,,0,0,supplier,nation,1,0,never_instantiated,0,,,,,0,0,,,,,,,,,,,,,,,,,,,,,,,,,,,,,,,,,,,,,,,,,,,,,,,,,,,,,,,,,,,,
Q12,3,6,1,4.52,orders,lineitem,3115341,1,frozen,150000000,103798784,THC-Full,,,917504,1997,,,,,,,,,,,,,,,,,,,,,,,,,,,,,,,,,,,,,,,,,,,,,,,,,,,,,,,,,,,,,,,,,,,,,,,,,,,,,,,,,,,,,,,,,,,,,,,,
Q13,3,6,1,9.84,orders,customer,15000000,1,frozen,148451295,4667924,THC-Full,,,1835014,104714,,,,,,,,,,,,,,,,,,,,,,,,,,,,,,,,,,,,,,,,,,,,,,,,,,,,,,,,,,,,,,,,,,,,,,,,,,,,,,,,,,,,,,,,,,,,,,,,
Q14,3,6,1,5.02,lineitem,part,20000000,1,frozen,7484260,1200433,THC-Full,,,458757,99762,,,,,,,,,,,,,,,,,,,,,,,,,,,,,,,,,,,,,,,,,,,,,,,,,,,,,,,,,,,,,,,,,,,,,,,,,,,,,,,,,,,,,,,,,,,,,,,,
Q15,3,6,1,2.67,,,1,0,never_instantiated,0,,,,,0,0,supplier,,1000000,1,active,1000000,,,,,409277,108544,,,,,,,,,,,,,,,,,,,,,,,,,,,,,,,,,,,,,,,,,,,,,,,,,,,,,,,,,,,,,,,,,,,,,,,,,,,,,,,,,,,,
Q16,3,6,1,2.26,,supplier,479,0,never_instantiated,0,,,,,0,0,partsupp,,2971749,0,never_instantiated,0,,,,,0,0,part,,8,0,never_instantiated,0,,,,,0,0,,,,,,,,,,,,,,,,,,,,,,,,,,,,,,,,,,,,,,,,,,,,,,,,,,,,,,,,,,,,,,,,,,,,,,,,
Q17,3,6,1,7.28,lineitem,part,20031,0,never_instantiated,0,,,,,0,0,,,600982,1,active,20031,,,,,0,0,lineitem,,20031,0,never_instantiated,0,,,,,0,0,,,,,,,,,,,,,,,,,,,,,,,,,,,,,,,,,,,,,,,,,,,,,,,,,,,,,,,,,,,,,,,,,,,,,,,,
Q18,3,6,1,28.71,,lineitem,6398,0,never_instantiated,0,,,,,0,0,,customer,14999999,1,frozen,600037902,4192256,THC-Full,,,458756,25466,lineitem,orders,150000000,1,frozen,600037902,8194048,THC-Full,,,917506,25505,,,,,,,,,,,,,,,,,,,,,,,,,,,,,,,,,,,,,,,,,,,,,,,,,,,,,,,,,,,,,,,,,,,,,,,,
Q19,3,6,1,6.77,lineitem,part,20000000,1,frozen,21432090,1201554,THC-Full,,,458757,99860,,,,,,,,,,,,,,,,,,,,,,,,,,,,,,,,,,,,,,,,,,,,,,,,,,,,,,,,,,,,,,,,,,,,,,,,,,,,,,,,,,,,,,,,,,,,,,,,
Q20,3,6,1,3.79,,,40207,0,never_instantiated,0,,,,,0,0,partsupp,part,217222,0,never_instantiated,0,,,,,0,0,,,35136,0,never_instantiated,0,,,,,0,0,lineitem,,35136,0,never_instantiated,0,,,,,0,0,supplier,nation,1,0,never_instantiated,0,,,,,0,0,,,,,,,,,,,,,,,,,,,,,,,,,,,,,,,,,,,,,,,,,,,,,,,,
Q21,3,6,1,18.66,,nation,1,0,never_instantiated,0,,,,,0,0,,supplier,39953,0,never_instantiated,0,,,,,0,0,lineitem,orders,73072502,1,frozen,15249101,8970736,THC-Full,,,1835012,48208,,,7313671,1,frozen,29189835,4205003,THC-Full,,,458753,24086,lineitem,,7313658,1,frozen,600037706,171655123,THC-Full,,,917506,1160,,,7048027,1,frozen,18431243,2819768,THC-Full,,,458753,35920,lineitem,,7048014,1,frozen,379356365,114721544,THC-Full,,,917506,1816,,,,,,,,,,,,,,,,,,,,,,,,
Q22,3,6,1,3.80,,,1909668,1,frozen,19088090,1406109,THC-Full,,,458754,96052,orders,,1909668,1,frozen,149999690,34682802,THC-Full,,,917505,14506,,,,,,,,,,,,,,,,,,,,,,,,,,,,,,,,,,,,,,,,,,,,,,,,,,,,,,,,,,,,,,,,,,,,,,,,,,,,,,,,,,,,
Q01,3,7,1,4.61,,,,,,,,,,,,,,,,,,,,,,,,,,,,,,,,,,,,,,,,,,,,,,,,,,,,,,,,,,,,,,,,,,,,,,,,,,,,,,,,,,,,,,,,,,,,,,,,,,,,,,,,,,,,
Q02,3,7,1,1.13,,region,1,0,never_instantiated,0,,,,,0,0,,nation,5,0,never_instantiated,0,,,,,0,0,,part,79591,0,never_instantiated,0,,,,,0,0,partsupp,supplier,200535,0,never_instantiated,0,,,,,0,0,,,63825,0,never_instantiated,0,,,,,0,0,,,47107,0,never_instantiated,0,,,,,0,0,,region,1,0,never_instantiated,0,,,,,0,0,,nation,5,0,never_instantiated,0,,,,,0,0,partsupp,supplier,200535,0,never_instantiated,0,,,,,0,0
Q03,3,7,1,3.80,,customer,3000188,1,active,2994213,,,,,467179,37731,lineitem,orders,14600127,1,active,3379982,,,,,545202,34841,,,,,,,,,,,,,,,,,,,,,,,,,,,,,,,,,,,,,,,,,,,,,,,,,,,,,,,,,,,,,,,,,,,,,,,,,,,,,,,,,,,,
Q04,3,7,1,6.57,,,5733776,1,frozen,14498066,2841362,THC-Full,,,458753,37736,lineitem,,5733776,1,frozen,379356321,146029214,THC-Full,,,917506,1454,,,,,,,,,,,,,,,,,,,,,,,,,,,,,,,,,,,,,,,,,,,,,,,,,,,,,,,,,,,,,,,,,,,,,,,,,,,,,,,,,,,,
Q05,3,7,1,9999999,,,,,,,,,,,,,,,,,,,,,,,,,,,,,,,,,,,,,,,,,,,,,,,,,,,,,,,,,,,,,,,,,,,,,,,,,,,,,,,,,,,,,,,,,,,,,,,,,,,,,,,,,,,,
Q06,3,7,1,1.75,,,,,,,,,,,,,,,,,,,,,,,,,,,,,,,,,,,,,,,,,,,,,,,,,,,,,,,,,,,,,,,,,,,,,,,,,,,,,,,,,,,,,,,,,,,,,,,,,,,,,,,,,,,,
Q07,3,7,1,4.00,,nation,2,0,never_instantiated,0,,,,,0,0,,nation,2,0,never_instantiated,0,,,,,0,0,,customer,1200139,1,active,1171959,,,,,326672,81296,orders,,1179101,0,never_instantiated,0,,,,,0,0,lineitem,supplier,80171,0,never_instantiated,0,,,,,0,0,,,,,,,,,,,,,,,,,,,,,,,,,,,,,,,,,,,,,,,,,,,,,,,,
Q08,3,7,1,4.82,,region,1,0,never_instantiated,0,,,,,0,0,,nation,5,0,never_instantiated,0,,,,,0,0,customer,,245334,0,never_instantiated,0,,,,,0,0,,nation,25,0,never_instantiated,0,,,,,0,0,orders,,246009,0,never_instantiated,0,,,,,0,0,,supplier,1000000,0,never_instantiated,0,,,,,0,0,lineitem,part,134258,0,never_instantiated,0,,,,,0,0,,,,,,,,,,,,,,,,,,,,,,,,
Q09,3,7,1,11.69,,nation,25,0,never_instantiated,0,,,,,0,0,,part,1087982,1,frozen,32720442,5785478,THC-Full,,,917504,98347,,orders,150000000,1,frozen,32720442,2315413,THC-Full,,,917505,92790,,partsupp,80000000,1,frozen,32720442,1264306,THC-Full,,,458755,102133,lineitem,supplier,1000000,0,never_instantiated,0,,,,,0,0,,,,,,,,,,,,,,,,,,,,,,,,,,,,,,,,,,,,,,,,,,,,,,,,
Q10,3,7,1,4.92,,nation,25,0,never_instantiated,0,,,,,0,0,customer,,11463171,0,never_instantiated,0,,,,,0,0,lineitem,orders,5730378,1,frozen,11522851,4900303,THC-Full,,,917505,43023,,,,,,,,,,,,,,,,,,,,,,,,,,,,,,,,,,,,,,,,,,,,,,,,,,,,,,,,,,,,,,,,,,,,,,,,
Q11,3,7,1,1.13,,nation,1,0,never_instantiated,0,,,,,0,0,partsupp,supplier,40045,0,never_instantiated,0,,,,,0,0,,nation,1,0,never_instantiated,0,,,,,0,0,partsupp,supplier,40045,0,never_instantiated,0,,,,,0,0,,,,,,,,,,,,,,,,,,,,,,,,,,,,,,,,,,,,,,,,,,,,,,,,,,,,,,,,,,,,
Q12,3,7,1,4.51,orders,lineitem,3115341,1,frozen,150000000,103671808,THC-Full,,,917505,2041,,,,,,,,,,,,,,,,,,,,,,,,,,,,,,,,,,,,,,,,,,,,,,,,,,,,,,,,,,,,,,,,,,,,,,,,,,,,,,,,,,,,,,,,,,,,,,,,
Q13,3,7,1,9.85,orders,customer,15000000,1,frozen,148451295,4655776,THC-Full,,,1835012,100684,,,,,,,,,,,,,,,,,,,,,,,,,,,,,,,,,,,,,,,,,,,,,,,,,,,,,,,,,,,,,,,,,,,,,,,,,,,,,,,,,,,,,,,,,,,,,,,,
Q14,3,7,1,5.03,lineitem,part,20000000,1,frozen,7484260,1200459,THC-Full,,,458756,99763,,,,,,,,,,,,,,,,,,,,,,,,,,,,,,,,,,,,,,,,,,,,,,,,,,,,,,,,,,,,,,,,,,,,,,,,,,,,,,,,,,,,,,,,,,,,,,,,
Q15,3,7,1,2.77,,,1,0,never_instantiated,0,,,,,0,0,supplier,,1000000,1,active,1000000,,,,,401747,102400,,,,,,,,,,,,,,,,,,,,,,,,,,,,,,,,,,,,,,,,,,,,,,,,,,,,,,,,,,,,,,,,,,,,,,,,,,,,,,,,,,,,
Q16,3,7,1,2.26,,supplier,479,0,never_instantiated,0,,,,,0,0,partsupp,,2971749,0,never_instantiated,0,,,,,0,0,part,,8,0,never_instantiated,0,,,,,0,0,,,,,,,,,,,,,,,,,,,,,,,,,,,,,,,,,,,,,,,,,,,,,,,,,,,,,,,,,,,,,,,,,,,,,,,,
Q17,3,7,1,7.17,lineitem,part,20031,0,never_instantiated,0,,,,,0,0,,,600982,1,active,20031,,,,,0,0,lineitem,,20031,0,never_instantiated,0,,,,,0,0,,,,,,,,,,,,,,,,,,,,,,,,,,,,,,,,,,,,,,,,,,,,,,,,,,,,,,,,,,,,,,,,,,,,,,,,
Q18,3,7,1,28.81,,lineitem,6398,0,never_instantiated,0,,,,,0,0,,customer,14999999,1,frozen,600037902,4212736,THC-Full,,,458754,25496,lineitem,orders,150000000,1,frozen,600037902,8216576,THC-Full,,,917507,25533,,,,,,,,,,,,,,,,,,,,,,,,,,,,,,,,,,,,,,,,,,,,,,,,,,,,,,,,,,,,,,,,,,,,,,,,
Q19,3,7,1,6.77,lineitem,part,20000000,1,frozen,21432090,1204602,THC-Full,,,458758,100471,,,,,,,,,,,,,,,,,,,,,,,,,,,,,,,,,,,,,,,,,,,,,,,,,,,,,,,,,,,,,,,,,,,,,,,,,,,,,,,,,,,,,,,,,,,,,,,,
Q20,3,7,1,3.80,,,40207,0,never_instantiated,0,,,,,0,0,partsupp,part,217222,0,never_instantiated,0,,,,,0,0,,,35136,0,never_instantiated,0,,,,,0,0,lineitem,,35136,0,never_instantiated,0,,,,,0,0,supplier,nation,1,0,never_instantiated,0,,,,,0,0,,,,,,,,,,,,,,,,,,,,,,,,,,,,,,,,,,,,,,,,,,,,,,,,
Q21,3,7,1,18.56,,nation,1,0,never_instantiated,0,,,,,0,0,,orders,73072502,1,frozen,15146702,8980973,THC-Full,,,1835011,46831,lineitem,supplier,39953,0,never_instantiated,0,,,,,0,0,,,7313671,1,frozen,29189835,4204179,THC-Full,,,458755,24141,lineitem,,7313658,1,frozen,600037706,171818963,THC-Full,,,917506,1209,,,7048027,1,frozen,18431243,2813798,THC-Full,,,458754,35902,lineitem,,7048014,1,frozen,379356365,114509984,THC-Full,,,917505,1816,,,,,,,,,,,,,,,,,,,,,,,,
Q22,3,7,1,3.80,,,1909668,1,frozen,19088090,1407133,THC-Full,,,458756,96313,orders,,1909668,1,frozen,149999690,34852786,THC-Full,,,917504,14537,,,,,,,,,,,,,,,,,,,,,,,,,,,,,,,,,,,,,,,,,,,,,,,,,,,,,,,,,,,,,,,,,,,,,,,,,,,,,,,,,,,,
Q01,3,8,1,4.61,,,,,,,,,,,,,,,,,,,,,,,,,,,,,,,,,,,,,,,,,,,,,,,,,,,,,,,,,,,,,,,,,,,,,,,,,,,,,,,,,,,,,,,,,,,,,,,,,,,,,,,,,,,,
Q02,3,8,1,1.13,,region,1,0,never_instantiated,0,,,,,0,0,,nation,5,0,never_instantiated,0,,,,,0,0,,supplier,200535,0,never_instantiated,0,,,,,0,0,partsupp,part,79591,0,never_instantiated,0,,,,,0,0,,,63825,0,never_instantiated,0,,,,,0,0,,,47107,0,never_instantiated,0,,,,,0,0,,region,1,0,never_instantiated,0,,,,,0,0,partsupp,,200535,0,never_instantiated,0,,,,,0,0,supplier,nation,5,0,never_instantiated,0,,,,,0,0
Q03,3,8,1,8.61,,customer,3000188,1,active,14960885,,,,,486872,7777,lineitem,orders,72874383,1,frozen,323494519,115469789,THC-Full,,,917505,1822,,,,,,,,,,,,,,,,,,,,,,,,,,,,,,,,,,,,,,,,,,,,,,,,,,,,,,,,,,,,,,,,,,,,,,,,,,,,,,,,,,,,
Q04,3,8,1,6.56,,,5733776,1,frozen,14498066,2831128,THC-Full,,,458753,37017,lineitem,,5733776,1,frozen,379356321,145724989,THC-Full,,,917506,1429,,,,,,,,,,,,,,,,,,,,,,,,,,,,,,,,,,,,,,,,,,,,,,,,,,,,,,,,,,,,,,,,,,,,,,,,,,,,,,,,,,,,
Q05,3,8,1,7.59,,region,1,0,never_instantiated,0,,,,,0,0,,nation,5,0,never_instantiated,0,,,,,0,0,,customer,2999759,1,active,18199912,,,,,305932,3673,,supplier,199889,0,never_instantiated,0,,,,,0,0,lineitem,orders,22760819,1,frozen,18290031,3031673,THC-Full,,,917507,69154,,,,,,,,,,,,,,,,,,,,,,,,,,,,,,,,,,,,,,,,,,,,,,,,
Q06,3,8,1,1.75,,,,,,,,,,,,,,,,,,,,,,,,,,,,,,,,,,,,,,,,,,,,,,,,,,,,,,,,,,,,,,,,,,,,,,,,,,,,,,,,,,,,,,,,,,,,,,,,,,,,,,,,,,,,
Q07,3,8,1,4.00,,nation,2,0,never_instantiated,0,,,,,0,0,,customer,1200139,1,active,1171959,,,,,326538,81578,,nation,2,0,never_instantiated,0,,,,,0,0,,supplier,80171,0,never_instantiated,0,,,,,0,0,lineitem,orders,12026518,1,active,1182992,,,,,429148,86058,,,,,,,,,,,,,,,,,,,,,,,,,,,,,,,,,,,,,,,,,,,,,,,,
Q08,3,8,1,4.10,,region,1,0,never_instantiated,0,,,,,0,0,,nation,5,0,never_instantiated,0,,,,,0,0,customer,,245334,0,never_instantiated,0,,,,,0,0,,part,134258,0,never_instantiated,0,,,,,0,0,,nation,25,0,never_instantiated,0,,,,,0,0,,orders,9140870,1,active,250890,,,,,100108,100108,lineitem,supplier,1000000,0,never_instantiated,0,,,,,0,0,,,,,,,,,,,,,,,,,,,,,,,,
Q09,3,8,1,18.45,,nation,25,0,never_instantiated,0,,,,,0,0,,supplier,1000000,0,never_instantiated,0,,,,,0,0,,part,1087982,1,frozen,32720442,5805532,THC-Full,,,917508,95372,,partsupp,4363044,1,frozen,32720442,1201821,THC-Full,,,458756,98930,lineitem,orders,150000000,1,frozen,32720442,2403216,THC-Full,,,917507,89882,,,,,,,,,,,,,,,,,,,,,,,,,,,,,,,,,,,,,,,,,,,,,,,,
Q10,3,8,1,5.03,,nation,25,0,never_instantiated,0,,,,,0,0,customer,,11463171,0,never_instantiated,0,,,,,0,0,lineitem,orders,5730378,1,frozen,11522851,4883763,THC-Full,,,917504,42971,,,,,,,,,,,,,,,,,,,,,,,,,,,,,,,,,,,,,,,,,,,,,,,,,,,,,,,,,,,,,,,,,,,,,,,,
Q11,3,8,1,0.82,partsupp,,40045,0,never_instantiated,0,,,,,0,0,supplier,nation,1,0,never_instantiated,0,,,,,0,0,partsupp,,40045,0,never_instantiated,0,,,,,0,0,supplier,nation,1,0,never_instantiated,0,,,,,0,0,,,,,,,,,,,,,,,,,,,,,,,,,,,,,,,,,,,,,,,,,,,,,,,,,,,,,,,,,,,,
Q12,3,8,1,4.51,orders,lineitem,3115341,1,frozen,150000000,103766016,THC-Full,,,917506,2057,,,,,,,,,,,,,,,,,,,,,,,,,,,,,,,,,,,,,,,,,,,,,,,,,,,,,,,,,,,,,,,,,,,,,,,,,,,,,,,,,,,,,,,,,,,,,,,,
Q13,3,8,1,10.05,orders,customer,15000000,1,frozen,148451295,4690227,THC-Full,,,1835012,102713,,,,,,,,,,,,,,,,,,,,,,,,,,,,,,,,,,,,,,,,,,,,,,,,,,,,,,,,,,,,,,,,,,,,,,,,,,,,,,,,,,,,,,,,,,,,,,,,
Q14,3,8,1,5.02,lineitem,part,20000000,1,frozen,7484260,1200420,THC-Full,,,458756,99776,,,,,,,,,,,,,,,,,,,,,,,,,,,,,,,,,,,,,,,,,,,,,,,,,,,,,,,,,,,,,,,,,,,,,,,,,,,,,,,,,,,,,,,,,,,,,,,,
Q15,3,8,1,2.67,,,1,0,never_instantiated,0,,,,,0,0,supplier,,1000000,1,active,1000000,,,,,413840,110592,,,,,,,,,,,,,,,,,,,,,,,,,,,,,,,,,,,,,,,,,,,,,,,,,,,,,,,,,,,,,,,,,,,,,,,,,,,,,,,,,,,,
Q16,3,8,1,2.26,,supplier,479,0,never_instantiated,0,,,,,0,0,partsupp,,2971749,0,never_instantiated,0,,,,,0,0,part,,8,0,never_instantiated,0,,,,,0,0,,,,,,,,,,,,,,,,,,,,,,,,,,,,,,,,,,,,,,,,,,,,,,,,,,,,,,,,,,,,,,,,,,,,,,,,
Q17,3,8,1,7.18,lineitem,part,20031,0,never_instantiated,0,,,,,0,0,,,600982,1,active,20031,,,,,0,0,lineitem,,20031,0,never_instantiated,0,,,,,0,0,,,,,,,,,,,,,,,,,,,,,,,,,,,,,,,,,,,,,,,,,,,,,,,,,,,,,,,,,,,,,,,,,,,,,,,,
Q18,3,8,1,29.02,,lineitem,6398,0,never_instantiated,0,,,,,0,0,,customer,14999999,1,frozen,600037902,4407296,THC-Full,,,458752,25004,lineitem,orders,150000000,1,frozen,600037902,8183808,THC-Full,,,917507,25041,,,,,,,,,,,,,,,,,,,,,,,,,,,,,,,,,,,,,,,,,,,,,,,,,,,,,,,,,,,,,,,,,,,,,,,,
Q19,3,8,1,6.87,lineitem,part,20000000,1,frozen,21432090,1205533,THC-Full,,,458756,99857,,,,,,,,,,,,,,,,,,,,,,,,,,,,,,,,,,,,,,,,,,,,,,,,,,,,,,,,,,,,,,,,,,,,,,,,,,,,,,,,,,,,,,,,,,,,,,,,
Q20,3,8,1,3.80,,,40207,0,never_instantiated,0,,,,,0,0,partsupp,part,217222,0,never_instantiated,0,,,,,0,0,,,35136,0,never_instantiated,0,,,,,0,0,lineitem,,35136,0,never_instantiated,0,,,,,0,0,supplier,nation,1,0,never_instantiated,0,,,,,0,0,,,,,,,,,,,,,,,,,,,,,,,,,,,,,,,,,,,,,,,,,,,,,,,,
Q21,3,8,1,18.66,,nation,1,0,never_instantiated,0,,,,,0,0,,supplier,39953,0,never_instantiated,0,,,,,0,0,lineitem,orders,73072502,1,frozen,15249101,8988204,THC-Full,,,1835009,47259,,,7313671,1,frozen,29189835,4205914,THC-Full,,,458753,24110,lineitem,,7313658,1,frozen,600037706,171562963,THC-Full,,,917504,1164,,,7048027,1,frozen,18431243,2813502,THC-Full,,,458753,35908,lineitem,,7048014,1,frozen,379356365,114999486,THC-Full,,,917505,1745,,,,,,,,,,,,,,,,,,,,,,,,
Q22,3,8,1,3.80,,,1909668,1,frozen,19088090,1405819,THC-Full,,,458757,96229,orders,,1909668,1,frozen,149999690,34834353,THC-Full,,,917504,13416,,,,,,,,,,,,,,,,,,,,,,,,,,,,,,,,,,,,,,,,,,,,,,,,,,,,,,,,,,,,,,,,,,,,,,,,,,,,,,,,,,,,
Q01,3,9,1,4.61,,,,,,,,,,,,,,,,,,,,,,,,,,,,,,,,,,,,,,,,,,,,,,,,,,,,,,,,,,,,,,,,,,,,,,,,,,,,,,,,,,,,,,,,,,,,,,,,,,,,,,,,,,,,
Q02,3,9,1,0.93,,region,1,0,never_instantiated,0,,,,,0,0,,part,79591,0,never_instantiated,0,,,,,0,0,,nation,5,0,never_instantiated,0,,,,,0,0,partsupp,supplier,200535,0,never_instantiated,0,,,,,0,0,,,63825,0,never_instantiated,0,,,,,0,0,,,47107,0,never_instantiated,0,,,,,0,0,partsupp,,200535,0,never_instantiated,0,,,,,0,0,,region,1,0,never_instantiated,0,,,,,0,0,supplier,nation,5,0,never_instantiated,0,,,,,0,0
Q03,3,9,1,3.80,,customer,3000188,1,active,2994213,,,,,467542,37648,lineitem,orders,14600127,1,active,3379982,,,,,545194,34101,,,,,,,,,,,,,,,,,,,,,,,,,,,,,,,,,,,,,,,,,,,,,,,,,,,,,,,,,,,,,,,,,,,,,,,,,,,,,,,,,,,,
Q04,3,9,1,6.57,,,5733776,1,frozen,14498066,2838684,THC-Full,,,458755,37109,lineitem,,5733776,1,frozen,379356321,145822947,THC-Full,,,917506,1407,,,,,,,,,,,,,,,,,,,,,,,,,,,,,,,,,,,,,,,,,,,,,,,,,,,,,,,,,,,,,,,,,,,,,,,,,,,,,,,,,,,,
Q05,3,9,1,5.95,,region,1,0,never_instantiated,0,,,,,0,0,,nation,5,0,never_instantiated,0,,,,,0,0,,customer,2999759,1,active,18199912,,,,,306581,3748,,orders,22760819,1,frozen,18242990,3074839,THC-Full,,,917506,68394,lineitem,supplier,199889,0,never_instantiated,0,,,,,0,0,,,,,,,,,,,,,,,,,,,,,,,,,,,,,,,,,,,,,,,,,,,,,,,,
Q06,3,9,1,1.85,,,,,,,,,,,,,,,,,,,,,,,,,,,,,,,,,,,,,,,,,,,,,,,,,,,,,,,,,,,,,,,,,,,,,,,,,,,,,,,,,,,,,,,,,,,,,,,,,,,,,,,,,,,,
Q07,3,9,1,4.00,,nation,2,0,never_instantiated,0,,,,,0,0,,customer,1200139,1,active,1171959,,,,,326685,81262,orders,,1179101,0,never_instantiated,0,,,,,0,0,,nation,2,0,never_instantiated,0,,,,,0,0,lineitem,supplier,80171,0,never_instantiated,0,,,,,0,0,,,,,,,,,,,,,,,,,,,,,,,,,,,,,,,,,,,,,,,,,,,,,,,,
Q08,3,9,1,4.62,,region,1,0,never_instantiated,0,,,,,0,0,,nation,5,0,never_instantiated,0,,,,,0,0,customer,,1222092,0,never_instantiated,0,,,,,0,0,,part,134258,0,never_instantiated,0,,,,,0,0,,nation,25,0,never_instantiated,0,,,,,0,0,,supplier,1000000,0,never_instantiated,0,,,,,0,0,lineitem,orders,45574624,1,active,4105418,,,,,605837,30679,,,,,,,,,,,,,,,,,,,,,,,,
Q09,3,9,1,11.69,,nation,25,0,never_instantiated,0,,,,,0,0,,partsupp,80000000,1,frozen,32636547,1254318,THC-Full,,,458752,101754,,orders,150000000,1,frozen,32636547,2287036,THC-Full,,,917505,92487,,supplier,1000000,0,never_instantiated,0,,,,,0,0,lineitem,part,1087982,1,frozen,32720442,5797776,THC-Full,,,917509,98223,,,,,,,,,,,,,,,,,,,,,,,,,,,,,,,,,,,,,,,,,,,,,,,,
Q10,3,9,1,5.03,,nation,25,0,never_instantiated,0,,,,,0,0,customer,,11463171,0,never_instantiated,0,,,,,0,0,lineitem,orders,5730378,1,frozen,11522851,4909640,THC-Full,,,917507,43070,,,,,,,,,,,,,,,,,,,,,,,,,,,,,,,,,,,,,,,,,,,,,,,,,,,,,,,,,,,,,,,,,,,,,,,,
Q11,3,9,1,1.03,,nation,1,0,never_instantiated,0,,,,,0,0,partsupp,supplier,40045,0,never_instantiated,0,,,,,0,0,partsupp,,40045,0,never_instantiated,0,,,,,0,0,supplier,nation,1,0,never_instantiated,0,,,,,0,0,,,,,,,,,,,,,,,,,,,,,,,,,,,,,,,,,,,,,,,,,,,,,,,,,,,,,,,,,,,,
Q12,3,9,1,4.51,orders,lineitem,3115341,1,frozen,150000000,103868416,THC-Full,,,917507,2186,,,,,,,,,,,,,,,,,,,,,,,,,,,,,,,,,,,,,,,,,,,,,,,,,,,,,,,,,,,,,,,,,,,,,,,,,,,,,,,,,,,,,,,,,,,,,,,,
Q13,3,9,1,9.74,orders,customer,15000000,1,frozen,148451295,4667917,THC-Full,,,1835009,100744,,,,,,,,,,,,,,,,,,,,,,,,,,,,,,,,,,,,,,,,,,,,,,,,,,,,,,,,,,,,,,,,,,,,,,,,,,,,,,,,,,,,,,,,,,,,,,,,
Q14,3,9,1,5.02,lineitem,part,20000000,1,frozen,7484260,1200510,THC-Full,,,458755,99792,,,,,,,,,,,,,,,,,,,,,,,,,,,,,,,,,,,,,,,,,,,,,,,,,,,,,,,,,,,,,,,,,,,,,,,,,,,,,,,,,,,,,,,,,,,,,,,,
Q15,3,9,1,2.77,,,1,0,never_instantiated,0,,,,,0,0,supplier,,1000000,1,active,1000000,,,,,407751,106496,,,,,,,,,,,,,,,,,,,,,,,,,,,,,,,,,,,,,,,,,,,,,,,,,,,,,,,,,,,,,,,,,,,,,,,,,,,,,,,,,,,,
Q16,3,9,1,2.26,,supplier,479,0,never_instantiated,0,,,,,0,0,partsupp,,2971749,0,never_instantiated,0,,,,,0,0,part,,8,0,never_instantiated,0,,,,,0,0,,,,,,,,,,,,,,,,,,,,,,,,,,,,,,,,,,,,,,,,,,,,,,,,,,,,,,,,,,,,,,,,,,,,,,,,
Q17,3,9,1,7.18,lineitem,part,20031,0,never_instantiated,0,,,,,0,0,,,600982,1,active,20031,,,,,0,0,lineitem,,20031,0,never_instantiated,0,,,,,0,0,,,,,,,,,,,,,,,,,,,,,,,,,,,,,,,,,,,,,,,,,,,,,,,,,,,,,,,,,,,,,,,,,,,,,,,,
Q18,3,9,1,28.71,,lineitem,6398,0,never_instantiated,0,,,,,0,0,,customer,14999999,1,frozen,600037902,4184064,THC-Full,,,458754,26009,lineitem,orders,150000000,1,frozen,600037902,8171520,THC-Full,,,917505,26049,,,,,,,,,,,,,,,,,,,,,,,,,,,,,,,,,,,,,,,,,,,,,,,,,,,,,,,,,,,,,,,,,,,,,,,,
Q19,3,9,1,6.77,lineitem,part,20000000,1,frozen,21432090,1203267,THC-Full,,,458754,99806,,,,,,,,,,,,,,,,,,,,,,,,,,,,,,,,,,,,,,,,,,,,,,,,,,,,,,,,,,,,,,,,,,,,,,,,,,,,,,,,,,,,,,,,,,,,,,,,
Q20,3,9,1,3.80,,,40207,0,never_instantiated,0,,,,,0,0,partsupp,part,217222,0,never_instantiated,0,,,,,0,0,,,35136,0,never_instantiated,0,,,,,0,0,lineitem,,35136,0,never_instantiated,0,,,,,0,0,supplier,nation,1,0,never_instantiated,0,,,,,0,0,,,,,,,,,,,,,,,,,,,,,,,,,,,,,,,,,,,,,,,,,,,,,,,,
Q21,3,9,1,18.66,orders,,15146702,0,never_instantiated,0,,,,,0,0,,nation,1,0,never_instantiated,0,,,,,0,0,lineitem,supplier,39953,0,never_instantiated,0,,,,,0,0,,,7313671,1,frozen,29189835,4207873,THC-Full,,,458755,24096,lineitem,,7313658,1,frozen,600037706,172128211,THC-Full,,,917505,1132,,,7048027,1,frozen,18431243,2821737,THC-Full,,,458753,35959,lineitem,,7048014,1,frozen,379356365,114551648,THC-Full,,,917504,1827,,,,,,,,,,,,,,,,,,,,,,,,
Q22,3,9,1,3.80,,,1909668,1,frozen,19088090,1407725,THC-Full,,,458756,96528,orders,,1909668,1,frozen,149999690,34727858,THC-Full,,,917505,13927,,,,,,,,,,,,,,,,,,,,,,,,,,,,,,,,,,,,,,,,,,,,,,,,,,,,,,,,,,,,,,,,,,,,,,,,,,,,,,,,,,,,
Q01,3,10,1,4.51,,,,,,,,,,,,,,,,,,,,,,,,,,,,,,,,,,,,,,,,,,,,,,,,,,,,,,,,,,,,,,,,,,,,,,,,,,,,,,,,,,,,,,,,,,,,,,,,,,,,,,,,,,,,
Q02,3,10,1,1.13,,region,1,0,never_instantiated,0,,,,,0,0,,nation,5,0,never_instantiated,0,,,,,0,0,,supplier,200535,0,never_instantiated,0,,,,,0,0,partsupp,part,79591,0,never_instantiated,0,,,,,0,0,,,63825,0,never_instantiated,0,,,,,0,0,,,47107,0,never_instantiated,0,,,,,0,0,,region,1,0,never_instantiated,0,,,,,0,0,partsupp,,200535,0,never_instantiated,0,,,,,0,0,supplier,nation,5,0,never_instantiated,0,,,,,0,0
Q03,3,10,1,3.90,,customer,3000188,1,active,2994213,,,,,466892,38315,lineitem,orders,14600127,1,active,3379982,,,,,544782,34097,,,,,,,,,,,,,,,,,,,,,,,,,,,,,,,,,,,,,,,,,,,,,,,,,,,,,,,,,,,,,,,,,,,,,,,,,,,,,,,,,,,,
Q04,3,10,1,6.46,,,5733776,1,frozen,14498066,2832217,THC-Full,,,458753,36978,lineitem,,5733776,1,frozen,379356321,145666594,THC-Full,,,917504,1465,,,,,,,,,,,,,,,,,,,,,,,,,,,,,,,,,,,,,,,,,,,,,,,,,,,,,,,,,,,,,,,,,,,,,,,,,,,,,,,,,,,,
Q05,3,10,1,6.67,,region,1,0,never_instantiated,0,,,,,0,0,,nation,5,0,never_instantiated,0,,,,,0,0,,customer,2999759,1,active,18249242,,,,,305420,3695,,supplier,1000000,0,never_instantiated,0,,,,,0,0,lineitem,orders,4562850,1,frozen,18350276,8241354,THC-Full,,,917505,25428,,,,,,,,,,,,,,,,,,,,,,,,,,,,,,,,,,,,,,,,,,,,,,,,
Q06,3,10,1,1.85,,,,,,,,,,,,,,,,,,,,,,,,,,,,,,,,,,,,,,,,,,,,,,,,,,,,,,,,,,,,,,,,,,,,,,,,,,,,,,,,,,,,,,,,,,,,,,,,,,,,,,,,,,,,
Q07,3,10,1,3.90,,nation,2,0,never_instantiated,0,,,,,0,0,,customer,1200139,1,active,1171959,,,,,326456,81593,,nation,2,0,never_instantiated,0,,,,,0,0,,supplier,80171,0,never_instantiated,0,,,,,0,0,lineitem,orders,12026518,1,active,1182992,,,,,428914,86013,,,,,,,,,,,,,,,,,,,,,,,,,,,,,,,,,,,,,,,,,,,,,,,,
Q08,3,10,1,4.82,,region,1,0,never_instantiated,0,,,,,0,0,,nation,5,0,never_instantiated,0,,,,,0,0,customer,,245334,0,never_instantiated,0,,,,,0,0,orders,,246009,0,never_instantiated,0,,,,,0,0,,nation,25,0,never_instantiated,0,,,,,0,0,,supplier,1000000,0,never_instantiated,0,,,,,0,0,lineitem,part,134258,0,never_instantiated,0,,,,,0,0,,,,,,,,,,,,,,,,,,,,,,,,
Q09,3,10,1,11.69,,nation,25,0,never_instantiated,0,,,,,0,0,,part,1087982,1,frozen,32720442,5812632,THC-Full,,,917504,98421,,orders,150000000,1,frozen,32720442,2297049,THC-Full,,,917507,92857,,supplier,1000000,0,never_instantiated,0,,,,,0,0,lineitem,partsupp,80000000,1,frozen,32720442,1260265,THC-Full,,,458755,102213,,,,,,,,,,,,,,,,,,,,,,,,,,,,,,,,,,,,,,,,,,,,,,,,
Q10,3,10,1,4.92,,nation,25,0,never_instantiated,0,,,,,0,0,customer,,11463171,0,never_instantiated,0,,,,,0,0,lineitem,orders,5730378,1,frozen,11522851,4902892,THC-Full,,,917507,43030,,,,,,,,,,,,,,,,,,,,,,,,,,,,,,,,,,,,,,,,,,,,,,,,,,,,,,,,,,,,,,,,,,,,,,,,
Q11,3,10,1,0.82,partsupp,,40045,0,never_instantiated,0,,,,,0,0,supplier,nation,1,0,never_instantiated,0,,,,,0,0,partsupp,,40045,0,never_instantiated,0,,,,,0,0,supplier,nation,1,0,never_instantiated,0,,,,,0,0,,,,,,,,,,,,,,,,,,,,,,,,,,,,,,,,,,,,,,,,,,,,,,,,,,,,,,,,,,,,
Q12,3,10,1,4.51,orders,lineitem,3115341,1,frozen,150000000,104069120,THC-Full,,,917504,2028,,,,,,,,,,,,,,,,,,,,,,,,,,,,,,,,,,,,,,,,,,,,,,,,,,,,,,,,,,,,,,,,,,,,,,,,,,,,,,,,,,,,,,,,,,,,,,,,
Q13,3,10,1,9.85,orders,customer,15000000,1,frozen,148451295,4700329,THC-Full,,,1835011,102701,,,,,,,,,,,,,,,,,,,,,,,,,,,,,,,,,,,,,,,,,,,,,,,,,,,,,,,,,,,,,,,,,,,,,,,,,,,,,,,,,,,,,,,,,,,,,,,,
Q14,3,10,1,5.03,lineitem,part,20000000,1,frozen,7484260,1200480,THC-Full,,,458756,99786,,,,,,,,,,,,,,,,,,,,,,,,,,,,,,,,,,,,,,,,,,,,,,,,,,,,,,,,,,,,,,,,,,,,,,,,,,,,,,,,,,,,,,,,,,,,,,,,
Q15,3,10,1,2.77,,,1,0,never_instantiated,0,,,,,0,0,supplier,,1000000,1,active,1000000,,,,,403282,106496,,,,,,,,,,,,,,,,,,,,,,,,,,,,,,,,,,,,,,,,,,,,,,,,,,,,,,,,,,,,,,,,,,,,,,,,,,,,,,,,,,,,
Q16,3,10,1,2.26,,supplier,479,0,never_instantiated,0,,,,,0,0,partsupp,,2971749,0,never_instantiated,0,,,,,0,0,part,,8,0,never_instantiated,0,,,,,0,0,,,,,,,,,,,,,,,,,,,,,,,,,,,,,,,,,,,,,,,,,,,,,,,,,,,,,,,,,,,,,,,,,,,,,,,,
Q17,3,10,1,7.28,lineitem,part,20031,0,never_instantiated,0,,,,,0,0,,,600982,1,active,20031,,,,,0,0,lineitem,,20031,0,never_instantiated,0,,,,,0,0,,,,,,,,,,,,,,,,,,,,,,,,,,,,,,,,,,,,,,,,,,,,,,,,,,,,,,,,,,,,,,,,,,,,,,,,
Q18,3,10,1,29.01,,lineitem,6398,0,never_instantiated,0,,,,,0,0,,customer,14999999,1,frozen,600037902,4206592,THC-Full,,,458752,26557,lineitem,orders,150000000,1,frozen,600037902,8198144,THC-Full,,,917506,25533,,,,,,,,,,,,,,,,,,,,,,,,,,,,,,,,,,,,,,,,,,,,,,,,,,,,,,,,,,,,,,,,,,,,,,,,
Q19,3,10,1,6.87,lineitem,part,20000000,1,frozen,21432090,1204192,THC-Full,,,458757,99926,,,,,,,,,,,,,,,,,,,,,,,,,,,,,,,,,,,,,,,,,,,,,,,,,,,,,,,,,,,,,,,,,,,,,,,,,,,,,,,,,,,,,,,,,,,,,,,,
Q20,3,10,1,3.80,,,40207,0,never_instantiated,0,,,,,0,0,partsupp,part,217222,0,never_instantiated,0,,,,,0,0,,,35136,0,never_instantiated,0,,,,,0,0,lineitem,,35136,0,never_instantiated,0,,,,,0,0,supplier,nation,1,0,never_instantiated,0,,,,,0,0,,,,,,,,,,,,,,,,,,,,,,,,,,,,,,,,,,,,,,,,,,,,,,,,
Q21,3,10,1,18.56,,nation,1,0,never_instantiated,0,,,,,0,0,,supplier,39953,0,never_instantiated,0,,,,,0,0,lineitem,orders,73072502,1,frozen,15249101,8978116,THC-Full,,,1835010,46340,,,7313671,1,frozen,29189835,4204141,THC-Full,,,458755,24128,lineitem,,7313658,1,frozen,600037706,171446227,THC-Full,,,917505,1208,,,7048027,1,frozen,18431243,2832697,THC-Full,,,458754,36482,lineitem,,7048014,1,frozen,379356365,114700951,THC-Full,,,917505,1783,,,,,,,,,,,,,,,,,,,,,,,,
Q22,3,10,1,3.90,,,1909668,1,frozen,19088090,1408984,THC-Full,,,458755,95945,orders,,1909668,1,frozen,149999690,34701234,THC-Full,,,917506,14265,,,,,,,,,,,,,,,,,,,,,,,,,,,,,,,,,,,,,,,,,,,,,,,,,,,,,,,,,,,,,,,,,,,,,,,,,,,,,,,,,,,,
Q01,3,11,1,4.51,,,,,,,,,,,,,,,,,,,,,,,,,,,,,,,,,,,,,,,,,,,,,,,,,,,,,,,,,,,,,,,,,,,,,,,,,,,,,,,,,,,,,,,,,,,,,,,,,,,,,,,,,,,,
Q02,3,11,1,1.23,,region,1,0,never_instantiated,0,,,,,0,0,,nation,5,0,never_instantiated,0,,,,,0,0,,part,79591,0,never_instantiated,0,,,,,0,0,partsupp,supplier,200535,0,never_instantiated,0,,,,,0,0,,,63825,0,never_instantiated,0,,,,,0,0,,,47107,0,never_instantiated,0,,,,,0,0,,region,1,0,never_instantiated,0,,,,,0,0,,nation,5,0,never_instantiated,0,,,,,0,0,partsupp,supplier,200535,0,never_instantiated,0,,,,,0,0
Q03,3,11,1,3.90,,customer,3000188,1,active,2994213,,,,,466723,37716,lineitem,orders,14600127,1,active,3379982,,,,,545857,34115,,,,,,,,,,,,,,,,,,,,,,,,,,,,,,,,,,,,,,,,,,,,,,,,,,,,,,,,,,,,,,,,,,,,,,,,,,,,,,,,,,,,
Q04,3,11,1,6.56,,,5733776,1,frozen,14498066,2832798,THC-Full,,,458753,36386,lineitem,,5733776,1,frozen,379356321,145565653,THC-Full,,,917504,1427,,,,,,,,,,,,,,,,,,,,,,,,,,,,,,,,,,,,,,,,,,,,,,,,,,,,,,,,,,,,,,,,,,,,,,,,,,,,,,,,,,,,
Q05,3,11,1,6.15,,customer,14999999,1,active,18199912,,,,,306333,3755,,region,1,0,never_instantiated,0,,,,,0,0,,nation,5,0,never_instantiated,0,,,,,0,0,,orders,22760819,1,frozen,18242990,3064328,THC-Full,,,917505,68354,lineitem,supplier,199889,0,never_instantiated,0,,,,,0,0,,,,,,,,,,,,,,,,,,,,,,,,,,,,,,,,,,,,,,,,,,,,,,,,
Q06,3,11,1,1.75,,,,,,,,,,,,,,,,,,,,,,,,,,,,,,,,,,,,,,,,,,,,,,,,,,,,,,,,,,,,,,,,,,,,,,,,,,,,,,,,,,,,,,,,,,,,,,,,,,,,,,,,,,,,
Q07,3,11,1,4.00,,nation,2,0,never_instantiated,0,,,,,0,0,,nation,2,0,never_instantiated,0,,,,,0,0,,customer,1200139,1,active,1171959,,,,,326407,81343,orders,,1179101,0,never_instantiated,0,,,,,0,0,lineitem,supplier,80171,0,never_instantiated,0,,,,,0,0,,,,,,,,,,,,,,,,,,,,,,,,,,,,,,,,,,,,,,,,,,,,,,,,
Q08,3,11,1,4.82,,region,1,0,never_instantiated,0,,,,,0,0,,nation,5,0,never_instantiated,0,,,,,0,0,customer,,245334,0,never_instantiated,0,,,,,0,0,,nation,25,0,never_instantiated,0,,,,,0,0,orders,,246009,0,never_instantiated,0,,,,,0,0,,part,134258,0,never_instantiated,0,,,,,0,0,lineitem,supplier,1000000,0,never_instantiated,0,,,,,0,0,,,,,,,,,,,,,,,,,,,,,,,,
Q09,3,11,1,11.59,,orders,150000000,1,frozen,32636547,2293543,THC-Full,,,917506,92719,,part,1087982,1,frozen,32720442,5967204,THC-Full,,,917504,98430,,nation,25,0,never_instantiated,0,,,,,0,0,,partsupp,80000000,1,frozen,32720442,1256605,THC-Full,,,458757,102236,lineitem,supplier,1000000,0,never_instantiated,0,,,,,0,0,,,,,,,,,,,,,,,,,,,,,,,,,,,,,,,,,,,,,,,,,,,,,,,,
Q10,3,11,1,4.92,,nation,25,0,never_instantiated,0,,,,,0,0,customer,,11463171,0,never_instantiated,0,,,,,0,0,lineitem,orders,5730378,1,frozen,11522851,4911240,THC-Full,,,917506,42967,,,,,,,,,,,,,,,,,,,,,,,,,,,,,,,,,,,,,,,,,,,,,,,,,,,,,,,,,,,,,,,,,,,,,,,,
Q11,3,11,1,1.13,,nation,1,0,never_instantiated,0,,,,,0,0,partsupp,supplier,40045,0,never_instantiated,0,,,,,0,0,,nation,1,0,never_instantiated,0,,,,,0,0,partsupp,supplier,40045,0,never_instantiated,0,,,,,0,0,,,,,,,,,,,,,,,,,,,,,,,,,,,,,,,,,,,,,,,,,,,,,,,,,,,,,,,,,,,,
Q12,3,11,1,4.52,orders,lineitem,3115341,1,frozen,150000000,103835648,THC-Full,,,917504,1980,,,,,,,,,,,,,,,,,,,,,,,,,,,,,,,,,,,,,,,,,,,,,,,,,,,,,,,,,,,,,,,,,,,,,,,,,,,,,,,,,,,,,,,,,,,,,,,,
Q13,3,11,1,9.95,orders,customer,15000000,1,frozen,148451295,4692230,THC-Full,,,1835012,100727,,,,,,,,,,,,,,,,,,,,,,,,,,,,,,,,,,,,,,,,,,,,,,,,,,,,,,,,,,,,,,,,,,,,,,,,,,,,,,,,,,,,,,,,,,,,,,,,
Q14,3,11,1,5.03,lineitem,part,20000000,1,frozen,7484260,1200456,THC-Full,,,458756,99771,,,,,,,,,,,,,,,,,,,,,,,,,,,,,,,,,,,,,,,,,,,,,,,,,,,,,,,,,,,,,,,,,,,,,,,,,,,,,,,,,,,,,,,,,,,,,,,,
Q15,3,11,1,2.77,,,1,0,never_instantiated,0,,,,,0,0,supplier,,1000000,1,active,1000000,,,,,406492,104448,,,,,,,,,,,,,,,,,,,,,,,,,,,,,,,,,,,,,,,,,,,,,,,,,,,,,,,,,,,,,,,,,,,,,,,,,,,,,,,,,,,,
Q16,3,11,1,2.26,,supplier,479,0,never_instantiated,0,,,,,0,0,partsupp,,2971749,0,never_instantiated,0,,,,,0,0,part,,8,0,never_instantiated,0,,,,,0,0,,,,,,,,,,,,,,,,,,,,,,,,,,,,,,,,,,,,,,,,,,,,,,,,,,,,,,,,,,,,,,,,,,,,,,,,
Q17,3,11,1,7.38,lineitem,part,20031,0,never_instantiated,0,,,,,0,0,,,600982,1,active,20031,,,,,0,0,lineitem,,20031,0,never_instantiated,0,,,,,0,0,,,,,,,,,,,,,,,,,,,,,,,,,,,,,,,,,,,,,,,,,,,,,,,,,,,,,,,,,,,,,,,,,,,,,,,,
Q18,3,11,1,28.91,,lineitem,6398,0,never_instantiated,0,,,,,0,0,,customer,14999999,1,frozen,600037902,4231168,THC-Full,,,458753,24980,lineitem,orders,150000000,1,frozen,600037902,8249344,THC-Full,,,917505,25017,,,,,,,,,,,,,,,,,,,,,,,,,,,,,,,,,,,,,,,,,,,,,,,,,,,,,,,,,,,,,,,,,,,,,,,,
Q19,3,11,1,6.77,lineitem,part,20000000,1,frozen,21432090,1201337,THC-Full,,,458757,99817,,,,,,,,,,,,,,,,,,,,,,,,,,,,,,,,,,,,,,,,,,,,,,,,,,,,,,,,,,,,,,,,,,,,,,,,,,,,,,,,,,,,,,,,,,,,,,,,
Q20,3,11,1,3.79,,,40207,0,never_instantiated,0,,,,,0,0,partsupp,part,217222,0,never_instantiated,0,,,,,0,0,,,35136,0,never_instantiated,0,,,,,0,0,lineitem,,35136,0,never_instantiated,0,,,,,0,0,supplier,nation,1,0,never_instantiated,0,,,,,0,0,,,,,,,,,,,,,,,,,,,,,,,,,,,,,,,,,,,,,,,,,,,,,,,,
Q21,3,11,1,18.56,,nation,1,0,never_instantiated,0,,,,,0,0,,orders,73072502,1,frozen,15146702,8964620,THC-Full,,,1835009,46647,lineitem,supplier,39953,0,never_instantiated,0,,,,,0,0,,,7313671,1,frozen,29189835,4206604,THC-Full,,,458752,24081,lineitem,,7313658,1,frozen,600037706,172806099,THC-Full,,,917504,1175,,,7048027,1,frozen,18431243,2824210,THC-Full,,,458755,35946,lineitem,,7048014,1,frozen,379356365,114609989,THC-Full,,,917505,1760,,,,,,,,,,,,,,,,,,,,,,,,
Q22,3,11,1,3.80,,,1909668,1,frozen,19088090,1408726,THC-Full,,,458757,96249,orders,,1909668,1,frozen,149999690,34705329,THC-Full,,,917507,13704,,,,,,,,,,,,,,,,,,,,,,,,,,,,,,,,,,,,,,,,,,,,,,,,,,,,,,,,,,,,,,,,,,,,,,,,,,,,,,,,,,,,
Q01,3,12,1,4.51,,,,,,,,,,,,,,,,,,,,,,,,,,,,,,,,,,,,,,,,,,,,,,,,,,,,,,,,,,,,,,,,,,,,,,,,,,,,,,,,,,,,,,,,,,,,,,,,,,,,,,,,,,,,
Q02,3,12,1,0.93,,region,1,0,never_instantiated,0,,,,,0,0,,nation,5,0,never_instantiated,0,,,,,0,0,,supplier,200535,0,never_instantiated,0,,,,,0,0,partsupp,part,79591,0,never_instantiated,0,,,,,0,0,,,63825,0,never_instantiated,0,,,,,0,0,,,47107,0,never_instantiated,0,,,,,0,0,partsupp,,200535,0,never_instantiated,0,,,,,0,0,,region,1,0,never_instantiated,0,,,,,0,0,supplier,nation,5,0,never_instantiated,0,,,,,0,0
Q03,3,12,1,3.90,,customer,3000188,1,active,2994213,,,,,467049,38357,lineitem,orders,14600127,1,active,3379982,,,,,547962,34121,,,,,,,,,,,,,,,,,,,,,,,,,,,,,,,,,,,,,,,,,,,,,,,,,,,,,,,,,,,,,,,,,,,,,,,,,,,,,,,,,,,,
Q04,3,12,1,6.56,,,5733776,1,frozen,14498066,2831958,THC-Full,,,458757,36398,lineitem,,5733776,1,frozen,379356321,145599425,THC-Full,,,917505,1459,,,,,,,,,,,,,,,,,,,,,,,,,,,,,,,,,,,,,,,,,,,,,,,,,,,,,,,,,,,,,,,,,,,,,,,,,,,,,,,,,,,,
Q05,3,12,1,8.30,,supplier,1000000,1,active,18210128,,,,,166975,3902,,region,1,0,never_instantiated,0,,,,,0,0,,nation,5,0,never_instantiated,0,,,,,0,0,,customer,2999759,1,frozen,18249242,11673613,THC-Full,,,917506,24905,lineitem,orders,4562850,1,frozen,18350276,8248884,THC-Full,,,917505,25018,,,,,,,,,,,,,,,,,,,,,,,,,,,,,,,,,,,,,,,,,,,,,,,,
Q06,3,12,1,1.75,,,,,,,,,,,,,,,,,,,,,,,,,,,,,,,,,,,,,,,,,,,,,,,,,,,,,,,,,,,,,,,,,,,,,,,,,,,,,,,,,,,,,,,,,,,,,,,,,,,,,,,,,,,,
Q07,3,12,1,3.90,,nation,2,0,never_instantiated,0,,,,,0,0,,supplier,80171,0,never_instantiated,0,,,,,0,0,,nation,2,0,never_instantiated,0,,,,,0,0,,customer,1200139,1,active,1175823,,,,,327037,81498,lineitem,orders,12026518,1,active,1182992,,,,,429053,86118,,,,,,,,,,,,,,,,,,,,,,,,,,,,,,,,,,,,,,,,,,,,,,,,
Q08,3,12,1,4.21,,part,134258,0,never_instantiated,0,,,,,0,0,,region,1,0,never_instantiated,0,,,,,0,0,,nation,5,0,never_instantiated,0,,,,,0,0,,customer,3001905,1,active,250195,,,,,95948,95948,,nation,25,0,never_instantiated,0,,,,,0,0,,supplier,1000000,0,never_instantiated,0,,,,,0,0,lineitem,orders,9140870,1,active,250890,,,,,98471,98471,,,,,,,,,,,,,,,,,,,,,,,,
Q09,3,12,1,19.78,,partsupp,80000000,1,frozen,32636547,1201905,THC-Full,,,458756,98994,,nation,25,0,never_instantiated,0,,,,,0,0,,part,1087982,1,frozen,32720442,5805406,THC-Full,,,917505,95312,,supplier,1000000,0,never_instantiated,0,,,,,0,0,lineitem,orders,150000000,1,frozen,32720442,2403424,THC-Full,,,917507,89860,,,,,,,,,,,,,,,,,,,,,,,,,,,,,,,,,,,,,,,,,,,,,,,,
Q10,3,12,1,5.03,,nation,25,0,never_instantiated,0,,,,,0,0,customer,,11463171,0,never_instantiated,0,,,,,0,0,lineitem,orders,5730378,1,frozen,11522851,4901578,THC-Full,,,917506,43949,,,,,,,,,,,,,,,,,,,,,,,,,,,,,,,,,,,,,,,,,,,,,,,,,,,,,,,,,,,,,,,,,,,,,,,,
Q11,3,12,1,0.92,partsupp,,40045,0,never_instantiated,0,,,,,0,0,supplier,nation,1,0,never_instantiated,0,,,,,0,0,partsupp,,40045,0,never_instantiated,0,,,,,0,0,supplier,nation,1,0,never_instantiated,0,,,,,0,0,,,,,,,,,,,,,,,,,,,,,,,,,,,,,,,,,,,,,,,,,,,,,,,,,,,,,,,,,,,,
Q12,3,12,1,4.51,orders,lineitem,3115341,1,frozen,150000000,103870464,THC-Full,,,917504,1970,,,,,,,,,,,,,,,,,,,,,,,,,,,,,,,,,,,,,,,,,,,,,,,,,,,,,,,,,,,,,,,,,,,,,,,,,,,,,,,,,,,,,,,,,,,,,,,,
Q13,3,12,1,9.95,orders,customer,15000000,1,frozen,148451295,4680074,THC-Full,,,1835013,110712,,,,,,,,,,,,,,,,,,,,,,,,,,,,,,,,,,,,,,,,,,,,,,,,,,,,,,,,,,,,,,,,,,,,,,,,,,,,,,,,,,,,,,,,,,,,,,,,
Q14,3,12,1,5.03,lineitem,part,20000000,1,frozen,7484260,1200530,THC-Full,,,458757,99766,,,,,,,,,,,,,,,,,,,,,,,,,,,,,,,,,,,,,,,,,,,,,,,,,,,,,,,,,,,,,,,,,,,,,,,,,,,,,,,,,,,,,,,,,,,,,,,,
Q15,3,12,1,2.67,,,1,0,never_instantiated,0,,,,,0,0,supplier,,1000000,1,active,1000000,,,,,412440,108544,,,,,,,,,,,,,,,,,,,,,,,,,,,,,,,,,,,,,,,,,,,,,,,,,,,,,,,,,,,,,,,,,,,,,,,,,,,,,,,,,,,,
Q16,3,12,1,2.26,,supplier,479,0,never_instantiated,0,,,,,0,0,partsupp,,2971749,0,never_instantiated,0,,,,,0,0,part,,8,0,never_instantiated,0,,,,,0,0,,,,,,,,,,,,,,,,,,,,,,,,,,,,,,,,,,,,,,,,,,,,,,,,,,,,,,,,,,,,,,,,,,,,,,,,
Q17,3,12,1,7.18,lineitem,part,20031,0,never_instantiated,0,,,,,0,0,,,600982,1,active,20031,,,,,0,0,lineitem,,20031,0,never_instantiated,0,,,,,0,0,,,,,,,,,,,,,,,,,,,,,,,,,,,,,,,,,,,,,,,,,,,,,,,,,,,,,,,,,,,,,,,,,,,,,,,,
Q18,3,12,1,28.60,,lineitem,6398,0,never_instantiated,0,,,,,0,0,,customer,14999999,1,frozen,600037902,4397056,THC-Full,,,458752,25516,lineitem,orders,150000000,1,frozen,600037902,8153088,THC-Full,,,917505,25554,,,,,,,,,,,,,,,,,,,,,,,,,,,,,,,,,,,,,,,,,,,,,,,,,,,,,,,,,,,,,,,,,,,,,,,,
Q19,3,12,1,6.87,lineitem,part,20000000,1,frozen,21432090,1203661,THC-Full,,,458753,99806,,,,,,,,,,,,,,,,,,,,,,,,,,,,,,,,,,,,,,,,,,,,,,,,,,,,,,,,,,,,,,,,,,,,,,,,,,,,,,,,,,,,,,,,,,,,,,,,
Q20,3,12,1,3.80,,,40207,0,never_instantiated,0,,,,,0,0,partsupp,part,217222,0,never_instantiated,0,,,,,0,0,,,35136,0,never_instantiated,0,,,,,0,0,lineitem,,35136,0,never_instantiated,0,,,,,0,0,supplier,nation,1,0,never_instantiated,0,,,,,0,0,,,,,,,,,,,,,,,,,,,,,,,,,,,,,,,,,,,,,,,,,,,,,,,,
Q21,3,12,1,18.67,,nation,1,0,never_instantiated,0,,,,,0,0,,supplier,39953,0,never_instantiated,0,,,,,0,0,lineitem,orders,73072502,1,frozen,15249101,8969342,THC-Full,,,1835012,48150,,,7313671,1,frozen,29189835,4207393,THC-Full,,,458754,24101,lineitem,,7313658,1,frozen,600037706,171722707,THC-Full,,,917504,1183,,,7048027,1,frozen,18431243,2822393,THC-Full,,,458755,35958,lineitem,,7048014,1,frozen,379356365,114866475,THC-Full,,,917504,1800,,,,,,,,,,,,,,,,,,,,,,,,
Q22,3,12,1,3.80,,,1909668,1,frozen,19088090,1406590,THC-Full,,,458756,96007,orders,,1909668,1,frozen,149999690,34817970,THC-Full,,,917505,14524,,,,,,,,,,,,,,,,,,,,,,,,,,,,,,,,,,,,,,,,,,,,,,,,,,,,,,,,,,,,,,,,,,,,,,,,,,,,,,,,,,,,
Q01,3,13,1,4.61,,,,,,,,,,,,,,,,,,,,,,,,,,,,,,,,,,,,,,,,,,,,,,,,,,,,,,,,,,,,,,,,,,,,,,,,,,,,,,,,,,,,,,,,,,,,,,,,,,,,,,,,,,,,
Q02,3,13,1,1.13,,region,1,0,never_instantiated,0,,,,,0,0,,nation,5,0,never_instantiated,0,,,,,0,0,,part,79591,0,never_instantiated,0,,,,,0,0,partsupp,supplier,200535,0,never_instantiated,0,,,,,0,0,,,63825,0,never_instantiated,0,,,,,0,0,,,47107,0,never_instantiated,0,,,,,0,0,,region,1,0,never_instantiated,0,,,,,0,0,,nation,5,0,never_instantiated,0,,,,,0,0,partsupp,supplier,200535,0,never_instantiated,0,,,,,0,0
Q03,3,13,1,8.61,,customer,3000188,1,active,14960885,,,,,491062,7496,lineitem,orders,72874383,1,frozen,323494519,115700913,THC-Full,,,917504,1817,,,,,,,,,,,,,,,,,,,,,,,,,,,,,,,,,,,,,,,,,,,,,,,,,,,,,,,,,,,,,,,,,,,,,,,,,,,,,,,,,,,,
Q04,3,13,1,6.56,,,5733776,1,frozen,14498066,2835278,THC-Full,,,458754,37126,lineitem,,5733776,1,frozen,379356321,145670549,THC-Full,,,917504,1436,,,,,,,,,,,,,,,,,,,,,,,,,,,,,,,,,,,,,,,,,,,,,,,,,,,,,,,,,,,,,,,,,,,,,,,,,,,,,,,,,,,,
Q05,3,13,1,9999999,,,,,,,,,,,,,,,,,,,,,,,,,,,,,,,,,,,,,,,,,,,,,,,,,,,,,,,,,,,,,,,,,,,,,,,,,,,,,,,,,,,,,,,,,,,,,,,,,,,,,,,,,,,,
Q06,3,13,1,1.75,,,,,,,,,,,,,,,,,,,,,,,,,,,,,,,,,,,,,,,,,,,,,,,,,,,,,,,,,,,,,,,,,,,,,,,,,,,,,,,,,,,,,,,,,,,,,,,,,,,,,,,,,,,,
Q07,3,13,1,4.00,,nation,2,0,never_instantiated,0,,,,,0,0,,customer,1200139,1,active,1171959,,,,,327440,81268,,nation,2,0,never_instantiated,0,,,,,0,0,orders,,1179101,0,never_instantiated,0,,,,,0,0,lineitem,supplier,80171,0,never_instantiated,0,,,,,0,0,,,,,,,,,,,,,,,,,,,,,,,,,,,,,,,,,,,,,,,,,,,,,,,,
Q08,3,13,1,4.82,,region,1,0,never_instantiated,0,,,,,0,0,,nation,5,0,never_instantiated,0,,,,,0,0,customer,,245334,0,never_instantiated,0,,,,,0,0,orders,,246009,0,never_instantiated,0,,,,,0,0,,nation,25,0,never_instantiated,0,,,,,0,0,,supplier,1000000,0,never_instantiated,0,,,,,0,0,lineitem,part,134258,0,never_instantiated,0,,,,,0,0,,,,,,,,,,,,,,,,,,,,,,,,
Q09,3,13,1,11.79,,nation,25,0,never_instantiated,0,,,,,0,0,,supplier,1000000,0,never_instantiated,0,,,,,0,0,,orders,150000000,1,frozen,32636547,2298013,THC-Full,,,917508,92701,,partsupp,80000000,1,frozen,32636547,1265005,THC-Full,,,458755,102016,lineitem,part,1087982,1,frozen,32720442,5966873,THC-Full,,,917504,98444,,,,,,,,,,,,,,,,,,,,,,,,,,,,,,,,,,,,,,,,,,,,,,,,
Q10,3,13,1,4.92,,nation,25,0,never_instantiated,0,,,,,0,0,customer,,11463171,0,never_instantiated,0,,,,,0,0,lineitem,orders,5730378,1,frozen,11522851,4899889,THC-Full,,,917506,42966,,,,,,,,,,,,,,,,,,,,,,,,,,,,,,,,,,,,,,,,,,,,,,,,,,,,,,,,,,,,,,,,,,,,,,,,
Q11,3,13,1,1.03,,nation,1,0,never_instantiated,0,,,,,0,0,partsupp,supplier,40045,0,never_instantiated,0,,,,,0,0,partsupp,,40045,0,never_instantiated,0,,,,,0,0,supplier,nation,1,0,never_instantiated,0,,,,,0,0,,,,,,,,,,,,,,,,,,,,,,,,,,,,,,,,,,,,,,,,,,,,,,,,,,,,,,,,,,,,
Q12,3,13,1,4.51,orders,lineitem,3115341,1,frozen,150000000,103692288,THC-Full,,,917504,2066,,,,,,,,,,,,,,,,,,,,,,,,,,,,,,,,,,,,,,,,,,,,,,,,,,,,,,,,,,,,,,,,,,,,,,,,,,,,,,,,,,,,,,,,,,,,,,,,
Q13,3,13,1,9.85,orders,customer,15000000,1,frozen,148451295,4686155,THC-Full,,,1835011,104701,,,,,,,,,,,,,,,,,,,,,,,,,,,,,,,,,,,,,,,,,,,,,,,,,,,,,,,,,,,,,,,,,,,,,,,,,,,,,,,,,,,,,,,,,,,,,,,,
Q14,3,13,1,5.03,lineitem,part,20000000,1,frozen,7484260,1200469,THC-Full,,,458756,99758,,,,,,,,,,,,,,,,,,,,,,,,,,,,,,,,,,,,,,,,,,,,,,,,,,,,,,,,,,,,,,,,,,,,,,,,,,,,,,,,,,,,,,,,,,,,,,,,
Q15,3,13,1,2.67,,,1,0,never_instantiated,0,,,,,0,0,supplier,,1000000,1,active,1000000,,,,,408009,108544,,,,,,,,,,,,,,,,,,,,,,,,,,,,,,,,,,,,,,,,,,,,,,,,,,,,,,,,,,,,,,,,,,,,,,,,,,,,,,,,,,,,
Q16,3,13,1,2.26,,supplier,479,0,never_instantiated,0,,,,,0,0,partsupp,,2971749,0,never_instantiated,0,,,,,0,0,part,,8,0,never_instantiated,0,,,,,0,0,,,,,,,,,,,,,,,,,,,,,,,,,,,,,,,,,,,,,,,,,,,,,,,,,,,,,,,,,,,,,,,,,,,,,,,,
Q17,3,13,1,7.17,lineitem,part,20031,0,never_instantiated,0,,,,,0,0,,,600982,1,active,20031,,,,,0,0,lineitem,,20031,0,never_instantiated,0,,,,,0,0,,,,,,,,,,,,,,,,,,,,,,,,,,,,,,,,,,,,,,,,,,,,,,,,,,,,,,,,,,,,,,,,,,,,,,,,
Q18,3,13,1,28.80,,lineitem,6398,0,never_instantiated,0,,,,,0,0,,customer,14999999,1,frozen,600037902,4397056,THC-Full,,,458752,26039,lineitem,orders,150000000,1,frozen,600037902,8155136,THC-Full,,,917507,26077,,,,,,,,,,,,,,,,,,,,,,,,,,,,,,,,,,,,,,,,,,,,,,,,,,,,,,,,,,,,,,,,,,,,,,,,
Q19,3,13,1,6.77,lineitem,part,20000000,1,frozen,21432090,1210219,THC-Full,,,458756,101009,,,,,,,,,,,,,,,,,,,,,,,,,,,,,,,,,,,,,,,,,,,,,,,,,,,,,,,,,,,,,,,,,,,,,,,,,,,,,,,,,,,,,,,,,,,,,,,,
Q20,3,13,1,3.90,,,40207,0,never_instantiated,0,,,,,0,0,partsupp,part,217222,0,never_instantiated,0,,,,,0,0,,,35136,0,never_instantiated,0,,,,,0,0,lineitem,,35136,0,never_instantiated,0,,,,,0,0,supplier,nation,1,0,never_instantiated,0,,,,,0,0,,,,,,,,,,,,,,,,,,,,,,,,,,,,,,,,,,,,,,,,,,,,,,,,
Q21,3,13,1,18.76,,nation,1,0,never_instantiated,0,,,,,0,0,,orders,73072502,1,frozen,15146702,8973223,THC-Full,,,1835011,46600,lineitem,supplier,39953,0,never_instantiated,0,,,,,0,0,,,7313671,1,frozen,29189835,4206944,THC-Full,,,458753,24079,lineitem,,7313658,1,frozen,600037706,171106259,THC-Full,,,917505,1160,,,7048027,1,frozen,18431243,2816029,THC-Full,,,458753,35932,lineitem,,7048014,1,frozen,379356365,114609958,THC-Full,,,917507,1545,,,,,,,,,,,,,,,,,,,,,,,,
Q22,3,13,1,3.80,,,1909668,1,frozen,19088090,1406770,THC-Full,,,458754,96191,orders,,1909668,1,frozen,149999690,34834354,THC-Full,,,917505,14275,,,,,,,,,,,,,,,,,,,,,,,,,,,,,,,,,,,,,,,,,,,,,,,,,,,,,,,,,,,,,,,,,,,,,,,,,,,,,,,,,,,,
Q01,3,14,1,4.61,,,,,,,,,,,,,,,,,,,,,,,,,,,,,,,,,,,,,,,,,,,,,,,,,,,,,,,,,,,,,,,,,,,,,,,,,,,,,,,,,,,,,,,,,,,,,,,,,,,,,,,,,,,,
Q02,3,14,1,1.23,,region,1,0,never_instantiated,0,,,,,0,0,,nation,5,0,never_instantiated,0,,,,,0,0,,supplier,200535,0,never_instantiated,0,,,,,0,0,partsupp,part,79591,0,never_instantiated,0,,,,,0,0,,,63825,0,never_instantiated,0,,,,,0,0,,,47107,0,never_instantiated,0,,,,,0,0,,region,1,0,never_instantiated,0,,,,,0,0,,nation,5,0,never_instantiated,0,,,,,0,0,partsupp,supplier,200535,0,never_instantiated,0,,,,,0,0
Q03,3,14,1,3.90,,customer,3000188,1,active,2994213,,,,,466450,37717,lineitem,orders,14600127,1,active,3379982,,,,,544968,34115,,,,,,,,,,,,,,,,,,,,,,,,,,,,,,,,,,,,,,,,,,,,,,,,,,,,,,,,,,,,,,,,,,,,,,,,,,,,,,,,,,,,
Q04,3,14,1,6.56,,,5733776,1,frozen,14498066,2833478,THC-Full,,,458754,37807,lineitem,,5733776,1,frozen,379356321,145665415,THC-Full,,,917507,1427,,,,,,,,,,,,,,,,,,,,,,,,,,,,,,,,,,,,,,,,,,,,,,,,,,,,,,,,,,,,,,,,,,,,,,,,,,,,,,,,,,,,
Q05,3,14,1,6.77,,region,1,0,never_instantiated,0,,,,,0,0,,nation,5,0,never_instantiated,0,,,,,0,0,,customer,2999759,1,active,18249242,,,,,305369,3685,,supplier,1000000,0,never_instantiated,0,,,,,0,0,lineitem,orders,4562850,1,frozen,18350276,8253460,THC-Full,,,917507,25040,,,,,,,,,,,,,,,,,,,,,,,,,,,,,,,,,,,,,,,,,,,,,,,,
Q06,3,14,1,1.75,,,,,,,,,,,,,,,,,,,,,,,,,,,,,,,,,,,,,,,,,,,,,,,,,,,,,,,,,,,,,,,,,,,,,,,,,,,,,,,,,,,,,,,,,,,,,,,,,,,,,,,,,,,,
Q07,3,14,1,4.00,,nation,2,0,never_instantiated,0,,,,,0,0,,customer,1200139,1,active,1171959,,,,,326455,81522,,nation,2,0,never_instantiated,0,,,,,0,0,,supplier,80171,0,never_instantiated,0,,,,,0,0,lineitem,orders,12026518,1,active,1182992,,,,,429264,86019,,,,,,,,,,,,,,,,,,,,,,,,,,,,,,,,,,,,,,,,,,,,,,,,
Q08,3,14,1,4.10,,region,1,0,never_instantiated,0,,,,,0,0,,nation,5,0,never_instantiated,0,,,,,0,0,,part,134258,0,never_instantiated,0,,,,,0,0,,customer,3001905,1,active,250195,,,,,97081,97081,,orders,9140870,1,active,250890,,,,,99963,99963,,nation,25,0,never_instantiated,0,,,,,0,0,lineitem,supplier,1000000,0,never_instantiated,0,,,,,0,0,,,,,,,,,,,,,,,,,,,,,,,,
Q09,3,14,1,11.69,,nation,25,0,never_instantiated,0,,,,,0,0,,supplier,1000000,0,never_instantiated,0,,,,,0,0,,part,1087982,1,frozen,32720442,5772868,THC-Full,,,917505,100056,,orders,150000000,1,frozen,32720442,2288249,THC-Full,,,917505,94531,lineitem,partsupp,80000000,1,frozen,32720442,1253853,THC-Full,,,458753,104016,,,,,,,,,,,,,,,,,,,,,,,,,,,,,,,,,,,,,,,,,,,,,,,,
Q10,3,14,1,5.02,,nation,25,0,never_instantiated,0,,,,,0,0,customer,,11463171,0,never_instantiated,0,,,,,0,0,lineitem,orders,5730378,1,frozen,11522851,4907647,THC-Full,,,917504,44775,,,,,,,,,,,,,,,,,,,,,,,,,,,,,,,,,,,,,,,,,,,,,,,,,,,,,,,,,,,,,,,,,,,,,,,,
Q11,3,14,1,0.82,partsupp,,40045,0,never_instantiated,0,,,,,0,0,supplier,nation,1,0,never_instantiated,0,,,,,0,0,partsupp,,40045,0,never_instantiated,0,,,,,0,0,supplier,nation,1,0,never_instantiated,0,,,,,0,0,,,,,,,,,,,,,,,,,,,,,,,,,,,,,,,,,,,,,,,,,,,,,,,,,,,,,,,,,,,,
Q12,3,14,1,4.51,orders,lineitem,3115341,1,frozen,150000000,103589888,THC-Full,,,917504,2008,,,,,,,,,,,,,,,,,,,,,,,,,,,,,,,,,,,,,,,,,,,,,,,,,,,,,,,,,,,,,,,,,,,,,,,,,,,,,,,,,,,,,,,,,,,,,,,,
Q13,3,14,1,9.84,orders,customer,15000000,1,frozen,148451295,4671998,THC-Full,,,1835011,102714,,,,,,,,,,,,,,,,,,,,,,,,,,,,,,,,,,,,,,,,,,,,,,,,,,,,,,,,,,,,,,,,,,,,,,,,,,,,,,,,,,,,,,,,,,,,,,,,
Q14,3,14,1,5.02,lineitem,part,20000000,1,frozen,7484260,1200374,THC-Full,,,458756,99769,,,,,,,,,,,,,,,,,,,,,,,,,,,,,,,,,,,,,,,,,,,,,,,,,,,,,,,,,,,,,,,,,,,,,,,,,,,,,,,,,,,,,,,,,,,,,,,,
Q15,3,14,1,2.77,,,1,0,never_instantiated,0,,,,,0,0,supplier,,1000000,1,active,1000000,,,,,407804,108544,,,,,,,,,,,,,,,,,,,,,,,,,,,,,,,,,,,,,,,,,,,,,,,,,,,,,,,,,,,,,,,,,,,,,,,,,,,,,,,,,,,,
Q16,3,14,1,2.26,,supplier,479,0,never_instantiated,0,,,,,0,0,partsupp,,2971749,0,never_instantiated,0,,,,,0,0,part,,8,0,never_instantiated,0,,,,,0,0,,,,,,,,,,,,,,,,,,,,,,,,,,,,,,,,,,,,,,,,,,,,,,,,,,,,,,,,,,,,,,,,,,,,,,,,
Q17,3,14,1,7.17,lineitem,part,20031,0,never_instantiated,0,,,,,0,0,,,600982,1,active,20031,,,,,0,0,lineitem,,20031,0,never_instantiated,0,,,,,0,0,,,,,,,,,,,,,,,,,,,,,,,,,,,,,,,,,,,,,,,,,,,,,,,,,,,,,,,,,,,,,,,,,,,,,,,,
Q18,3,14,1,28.71,,lineitem,6398,0,never_instantiated,0,,,,,0,0,,customer,14999999,1,frozen,600037902,4233216,THC-Full,,,458753,25513,lineitem,orders,150000000,1,frozen,600037902,8275968,THC-Full,,,917505,25551,,,,,,,,,,,,,,,,,,,,,,,,,,,,,,,,,,,,,,,,,,,,,,,,,,,,,,,,,,,,,,,,,,,,,,,,
Q19,3,14,1,6.87,lineitem,part,20000000,1,frozen,21432090,1204466,THC-Full,,,458756,99845,,,,,,,,,,,,,,,,,,,,,,,,,,,,,,,,,,,,,,,,,,,,,,,,,,,,,,,,,,,,,,,,,,,,,,,,,,,,,,,,,,,,,,,,,,,,,,,,
Q20,3,14,1,3.90,,,40207,0,never_instantiated,0,,,,,0,0,partsupp,part,217222,0,never_instantiated,0,,,,,0,0,,,35136,0,never_instantiated,0,,,,,0,0,lineitem,,35136,0,never_instantiated,0,,,,,0,0,supplier,nation,1,0,never_instantiated,0,,,,,0,0,,,,,,,,,,,,,,,,,,,,,,,,,,,,,,,,,,,,,,,,,,,,,,,,
Q21,3,14,1,18.55,,nation,1,0,never_instantiated,0,,,,,0,0,,supplier,39953,0,never_instantiated,0,,,,,0,0,lineitem,orders,73072502,1,frozen,15249101,8985272,THC-Full,,,1835008,47338,,,7313671,1,frozen,29189835,4208385,THC-Full,,,458754,24125,lineitem,,7313658,1,frozen,600037706,171669459,THC-Full,,,917504,1175,,,7048027,1,frozen,18431243,2823827,THC-Full,,,458752,35955,lineitem,,7048014,1,frozen,379356365,114746322,THC-Full,,,917505,1776,,,,,,,,,,,,,,,,,,,,,,,,
Q22,3,14,1,3.80,,,1909668,1,frozen,19088090,1406346,THC-Full,,,458758,96538,orders,,1909668,1,frozen,149999690,34967473,THC-Full,,,917506,14242,,,,,,,,,,,,,,,,,,,,,,,,,,,,,,,,,,,,,,,,,,,,,,,,,,,,,,,,,,,,,,,,,,,,,,,,,,,,,,,,,,,,
Q01,3,15,1,4.51,,,,,,,,,,,,,,,,,,,,,,,,,,,,,,,,,,,,,,,,,,,,,,,,,,,,,,,,,,,,,,,,,,,,,,,,,,,,,,,,,,,,,,,,,,,,,,,,,,,,,,,,,,,,
Q02,3,15,1,1.13,,region,1,0,never_instantiated,0,,,,,0,0,,nation,5,0,never_instantiated,0,,,,,0,0,,part,79591,0,never_instantiated,0,,,,,0,0,partsupp,supplier,200535,0,never_instantiated,0,,,,,0,0,,,63825,0,never_instantiated,0,,,,,0,0,,,47107,0,never_instantiated,0,,,,,0,0,,region,1,0,never_instantiated,0,,,,,0,0,,nation,5,0,never_instantiated,0,,,,,0,0,partsupp,supplier,200535,0,never_instantiated,0,,,,,0,0
Q03,3,15,1,3.80,,customer,3000188,1,active,2994213,,,,,467568,37721,lineitem,orders,14600127,1,active,3379982,,,,,545891,34136,,,,,,,,,,,,,,,,,,,,,,,,,,,,,,,,,,,,,,,,,,,,,,,,,,,,,,,,,,,,,,,,,,,,,,,,,,,,,,,,,,,,
Q04,3,15,1,6.46,,,5733776,1,frozen,14498066,2828654,THC-Full,,,458756,37022,lineitem,,5733776,1,frozen,379356321,145834818,THC-Full,,,917505,1422,,,,,,,,,,,,,,,,,,,,,,,,,,,,,,,,,,,,,,,,,,,,,,,,,,,,,,,,,,,,,,,,,,,,,,,,,,,,,,,,,,,,
Q05,3,15,1,6.26,,customer,14999999,1,active,18199912,,,,,306740,3739,,region,1,0,never_instantiated,0,,,,,0,0,,orders,22760819,1,frozen,18242990,3073643,THC-Full,,,917509,69603,,nation,5,0,never_instantiated,0,,,,,0,0,lineitem,supplier,199889,0,never_instantiated,0,,,,,0,0,,,,,,,,,,,,,,,,,,,,,,,,,,,,,,,,,,,,,,,,,,,,,,,,
Q06,3,15,1,1.75,,,,,,,,,,,,,,,,,,,,,,,,,,,,,,,,,,,,,,,,,,,,,,,,,,,,,,,,,,,,,,,,,,,,,,,,,,,,,,,,,,,,,,,,,,,,,,,,,,,,,,,,,,,,
Q07,3,15,1,4.00,,nation,2,0,never_instantiated,0,,,,,0,0,,nation,2,0,never_instantiated,0,,,,,0,0,,customer,1200139,1,active,1171959,,,,,326160,81264,orders,,1179101,0,never_instantiated,0,,,,,0,0,lineitem,supplier,80171,0,never_instantiated,0,,,,,0,0,,,,,,,,,,,,,,,,,,,,,,,,,,,,,,,,,,,,,,,,,,,,,,,,
Q08,3,15,1,4.10,,region,1,0,never_instantiated,0,,,,,0,0,,nation,5,0,never_instantiated,0,,,,,0,0,customer,,245334,0,never_instantiated,0,,,,,0,0,,nation,25,0,never_instantiated,0,,,,,0,0,,supplier,1000000,0,never_instantiated,0,,,,,0,0,,part,134258,0,never_instantiated,0,,,,,0,0,lineitem,orders,9140870,1,active,250890,,,,,98441,98441,,,,,,,,,,,,,,,,,,,,,,,,
Q09,3,15,1,11.59,,nation,25,0,never_instantiated,0,,,,,0,0,,partsupp,80000000,1,frozen,32636547,1245681,THC-Full,,,458752,102066,,part,1087982,1,frozen,32720442,5759084,THC-Full,,,917504,98487,,orders,150000000,1,frozen,32720442,2280282,THC-Full,,,917504,92944,lineitem,supplier,1000000,0,never_instantiated,0,,,,,0,0,,,,,,,,,,,,,,,,,,,,,,,,,,,,,,,,,,,,,,,,,,,,,,,,
Q10,3,15,1,4.92,,nation,25,0,never_instantiated,0,,,,,0,0,customer,,11463171,0,never_instantiated,0,,,,,0,0,lineitem,orders,5730378,1,frozen,11522851,4913004,THC-Full,,,917507,44794,,,,,,,,,,,,,,,,,,,,,,,,,,,,,,,,,,,,,,,,,,,,,,,,,,,,,,,,,,,,,,,,,,,,,,,,
Q11,3,15,1,1.13,,nation,1,0,never_instantiated,0,,,,,0,0,partsupp,supplier,40045,0,never_instantiated,0,,,,,0,0,,nation,1,0,never_instantiated,0,,,,,0,0,partsupp,supplier,40045,0,never_instantiated,0,,,,,0,0,,,,,,,,,,,,,,,,,,,,,,,,,,,,,,,,,,,,,,,,,,,,,,,,,,,,,,,,,,,,
Q12,3,15,1,4.52,orders,lineitem,3115341,1,frozen,150000000,103776256,THC-Full,,,917506,1939,,,,,,,,,,,,,,,,,,,,,,,,,,,,,,,,,,,,,,,,,,,,,,,,,,,,,,,,,,,,,,,,,,,,,,,,,,,,,,,,,,,,,,,,,,,,,,,,
Q13,3,15,1,9.75,orders,customer,15000000,1,frozen,148451295,4680074,THC-Full,,,1835013,108700,,,,,,,,,,,,,,,,,,,,,,,,,,,,,,,,,,,,,,,,,,,,,,,,,,,,,,,,,,,,,,,,,,,,,,,,,,,,,,,,,,,,,,,,,,,,,,,,
Q14,3,15,1,4.93,lineitem,part,20000000,1,frozen,7484260,1200511,THC-Full,,,458756,99778,,,,,,,,,,,,,,,,,,,,,,,,,,,,,,,,,,,,,,,,,,,,,,,,,,,,,,,,,,,,,,,,,,,,,,,,,,,,,,,,,,,,,,,,,,,,,,,,
Q15,3,15,1,2.77,,,1,0,never_instantiated,0,,,,,0,0,supplier,,1000000,1,active,1000000,,,,,412552,106496,,,,,,,,,,,,,,,,,,,,,,,,,,,,,,,,,,,,,,,,,,,,,,,,,,,,,,,,,,,,,,,,,,,,,,,,,,,,,,,,,,,,
Q16,3,15,1,2.26,,supplier,479,0,never_instantiated,0,,,,,0,0,partsupp,,2971749,0,never_instantiated,0,,,,,0,0,part,,8,0,never_instantiated,0,,,,,0,0,,,,,,,,,,,,,,,,,,,,,,,,,,,,,,,,,,,,,,,,,,,,,,,,,,,,,,,,,,,,,,,,,,,,,,,,
Q17,3,15,1,7.28,lineitem,part,20031,0,never_instantiated,0,,,,,0,0,,,600982,1,active,20031,,,,,0,0,lineitem,,20031,0,never_instantiated,0,,,,,0,0,,,,,,,,,,,,,,,,,,,,,,,,,,,,,,,,,,,,,,,,,,,,,,,,,,,,,,,,,,,,,,,,,,,,,,,,
Q18,3,15,1,28.71,,lineitem,6398,0,never_instantiated,0,,,,,0,0,,customer,14999999,1,frozen,600037902,4218880,THC-Full,,,458754,25496,lineitem,orders,150000000,1,frozen,600037902,8218624,THC-Full,,,917505,25533,,,,,,,,,,,,,,,,,,,,,,,,,,,,,,,,,,,,,,,,,,,,,,,,,,,,,,,,,,,,,,,,,,,,,,,,
Q19,3,15,1,6.77,lineitem,part,20000000,1,frozen,21432090,1204720,THC-Full,,,458756,99788,,,,,,,,,,,,,,,,,,,,,,,,,,,,,,,,,,,,,,,,,,,,,,,,,,,,,,,,,,,,,,,,,,,,,,,,,,,,,,,,,,,,,,,,,,,,,,,,
Q20,3,15,1,3.80,,,40207,0,never_instantiated,0,,,,,0,0,partsupp,part,217222,0,never_instantiated,0,,,,,0,0,,,35136,0,never_instantiated,0,,,,,0,0,lineitem,,35136,0,never_instantiated,0,,,,,0,0,supplier,nation,1,0,never_instantiated,0,,,,,0,0,,,,,,,,,,,,,,,,,,,,,,,,,,,,,,,,,,,,,,,,,,,,,,,,
Q21,3,15,1,18.66,,nation,1,0,never_instantiated,0,,,,,0,0,,orders,73072502,1,frozen,15146702,8982708,THC-Full,,,1835010,46681,lineitem,supplier,39953,0,never_instantiated,0,,,,,0,0,,,7313671,1,frozen,29189835,4206866,THC-Full,,,458752,24146,lineitem,,7313658,1,frozen,600037706,171341779,THC-Full,,,917505,1155,,,7048027,1,frozen,18431243,2818321,THC-Full,,,458755,35916,lineitem,,7048014,1,frozen,379356365,114902676,THC-Full,,,917504,1795,,,,,,,,,,,,,,,,,,,,,,,,
Q22,3,15,1,3.90,,,1909668,1,frozen,19088090,1406846,THC-Full,,,458757,96512,orders,,1909668,1,frozen,149999690,34844593,THC-Full,,,917508,13671,,,,,,,,,,,,,,,,,,,,,,,,,,,,,,,,,,,,,,,,,,,,,,,,,,,,,,,,,,,,,,,,,,,,,,,,,,,,,,,,,,,,
Q01,3,16,1,4.61,,,,,,,,,,,,,,,,,,,,,,,,,,,,,,,,,,,,,,,,,,,,,,,,,,,,,,,,,,,,,,,,,,,,,,,,,,,,,,,,,,,,,,,,,,,,,,,,,,,,,,,,,,,,
Q02,3,16,1,1.03,,region,1,0,never_instantiated,0,,,,,0,0,,nation,5,0,never_instantiated,0,,,,,0,0,,supplier,200535,0,never_instantiated,0,,,,,0,0,partsupp,part,79591,0,never_instantiated,0,,,,,0,0,,,63825,0,never_instantiated,0,,,,,0,0,,,47107,0,never_instantiated,0,,,,,0,0,partsupp,,200535,0,never_instantiated,0,,,,,0,0,,region,1,0,never_instantiated,0,,,,,0,0,supplier,nation,5,0,never_instantiated,0,,,,,0,0
Q03,3,16,1,3.80,,customer,3000188,1,active,2994213,,,,,467170,37730,lineitem,orders,14600127,1,active,3379982,,,,,546071,34807,,,,,,,,,,,,,,,,,,,,,,,,,,,,,,,,,,,,,,,,,,,,,,,,,,,,,,,,,,,,,,,,,,,,,,,,,,,,,,,,,,,,
Q04,3,16,1,6.57,,,5733776,1,frozen,14498066,2839915,THC-Full,,,458756,37838,lineitem,,5733776,1,frozen,379356321,145838825,THC-Full,,,917504,1417,,,,,,,,,,,,,,,,,,,,,,,,,,,,,,,,,,,,,,,,,,,,,,,,,,,,,,,,,,,,,,,,,,,,,,,,,,,,,,,,,,,,
Q05,3,16,1,7.59,,region,1,0,never_instantiated,0,,,,,0,0,,nation,5,0,never_instantiated,0,,,,,0,0,,customer,2999759,1,active,18199912,,,,,306713,3659,,supplier,199889,0,never_instantiated,0,,,,,0,0,lineitem,orders,22760819,1,frozen,18290031,3017782,THC-Full,,,917506,69568,,,,,,,,,,,,,,,,,,,,,,,,,,,,,,,,,,,,,,,,,,,,,,,,
Q06,3,16,1,1.75,,,,,,,,,,,,,,,,,,,,,,,,,,,,,,,,,,,,,,,,,,,,,,,,,,,,,,,,,,,,,,,,,,,,,,,,,,,,,,,,,,,,,,,,,,,,,,,,,,,,,,,,,,,,
Q07,3,16,1,4.00,,nation,2,0,never_instantiated,0,,,,,0,0,,customer,1200139,1,active,1171959,,,,,326684,81581,,nation,2,0,never_instantiated,0,,,,,0,0,,supplier,80171,0,never_instantiated,0,,,,,0,0,lineitem,orders,12026518,1,active,1182992,,,,,428879,86003,,,,,,,,,,,,,,,,,,,,,,,,,,,,,,,,,,,,,,,,,,,,,,,,
Q08,3,16,1,4.82,,region,1,0,never_instantiated,0,,,,,0,0,,nation,5,0,never_instantiated,0,,,,,0,0,customer,,245334,0,never_instantiated,0,,,,,0,0,orders,,246009,0,never_instantiated,0,,,,,0,0,,nation,25,0,never_instantiated,0,,,,,0,0,,supplier,1000000,0,never_instantiated,0,,,,,0,0,lineitem,part,134258,0,never_instantiated,0,,,,,0,0,,,,,,,,,,,,,,,,,,,,,,,,
Q09,3,16,1,19.48,,nation,25,0,never_instantiated,0,,,,,0,0,,supplier,1000000,0,never_instantiated,0,,,,,0,0,,partsupp,80000000,1,frozen,32636547,1202416,THC-Full,,,458755,98937,,part,1087982,1,frozen,32720442,5805370,THC-Full,,,917504,95402,lineitem,orders,150000000,1,frozen,32720442,2403509,THC-Full,,,917507,89938,,,,,,,,,,,,,,,,,,,,,,,,,,,,,,,,,,,,,,,,,,,,,,,,
Q10,3,16,1,5.03,,nation,25,0,never_instantiated,0,,,,,0,0,customer,,11463171,0,never_instantiated,0,,,,,0,0,lineitem,orders,5730378,1,frozen,11522851,4915667,THC-Full,,,917504,43821,,,,,,,,,,,,,,,,,,,,,,,,,,,,,,,,,,,,,,,,,,,,,,,,,,,,,,,,,,,,,,,,,,,,,,,,
Q11,3,16,1,0.82,partsupp,,40045,0,never_instantiated,0,,,,,0,0,supplier,nation,1,0,never_instantiated,0,,,,,0,0,partsupp,,40045,0,never_instantiated,0,,,,,0,0,supplier,nation,1,0,never_instantiated,0,,,,,0,0,,,,,,,,,,,,,,,,,,,,,,,,,,,,,,,,,,,,,,,,,,,,,,,,,,,,,,,,,,,,
Q12,3,16,1,4.51,orders,lineitem,3115341,1,frozen,150000000,103794688,THC-Full,,,917506,2019,,,,,,,,,,,,,,,,,,,,,,,,,,,,,,,,,,,,,,,,,,,,,,,,,,,,,,,,,,,,,,,,,,,,,,,,,,,,,,,,,,,,,,,,,,,,,,,,
Q13,3,16,1,9.95,orders,customer,15000000,1,frozen,148451295,4645653,THC-Full,,,1835012,102728,,,,,,,,,,,,,,,,,,,,,,,,,,,,,,,,,,,,,,,,,,,,,,,,,,,,,,,,,,,,,,,,,,,,,,,,,,,,,,,,,,,,,,,,,,,,,,,,
Q14,3,16,1,5.03,lineitem,part,20000000,1,frozen,7484260,1200430,THC-Full,,,458755,99773,,,,,,,,,,,,,,,,,,,,,,,,,,,,,,,,,,,,,,,,,,,,,,,,,,,,,,,,,,,,,,,,,,,,,,,,,,,,,,,,,,,,,,,,,,,,,,,,
Q15,3,16,1,2.77,,,1,0,never_instantiated,0,,,,,0,0,supplier,,1000000,1,active,1000000,,,,,407888,108544,,,,,,,,,,,,,,,,,,,,,,,,,,,,,,,,,,,,,,,,,,,,,,,,,,,,,,,,,,,,,,,,,,,,,,,,,,,,,,,,,,,,
Q16,3,16,1,2.26,,supplier,479,0,never_instantiated,0,,,,,0,0,partsupp,,2971749,0,never_instantiated,0,,,,,0,0,part,,8,0,never_instantiated,0,,,,,0,0,,,,,,,,,,,,,,,,,,,,,,,,,,,,,,,,,,,,,,,,,,,,,,,,,,,,,,,,,,,,,,,,,,,,,,,,
Q17,3,16,1,7.17,lineitem,part,20031,0,never_instantiated,0,,,,,0,0,,,600982,1,active,20031,,,,,0,0,lineitem,,20031,0,never_instantiated,0,,,,,0,0,,,,,,,,,,,,,,,,,,,,,,,,,,,,,,,,,,,,,,,,,,,,,,,,,,,,,,,,,,,,,,,,,,,,,,,,
Q18,3,16,1,28.81,,lineitem,6398,0,never_instantiated,0,,,,,0,0,,customer,14999999,1,frozen,600037902,4216832,THC-Full,,,458752,25496,lineitem,orders,150000000,1,frozen,600037902,8204288,THC-Full,,,917508,25533,,,,,,,,,,,,,,,,,,,,,,,,,,,,,,,,,,,,,,,,,,,,,,,,,,,,,,,,,,,,,,,,,,,,,,,,
Q19,3,16,1,6.77,lineitem,part,20000000,1,frozen,21432090,1211503,THC-Full,,,458756,99864,,,,,,,,,,,,,,,,,,,,,,,,,,,,,,,,,,,,,,,,,,,,,,,,,,,,,,,,,,,,,,,,,,,,,,,,,,,,,,,,,,,,,,,,,,,,,,,,
Q20,3,16,1,3.80,,,40207,0,never_instantiated,0,,,,,0,0,partsupp,part,217222,0,never_instantiated,0,,,,,0,0,,,35136,0,never_instantiated,0,,,,,0,0,lineitem,,35136,0,never_instantiated,0,,,,,0,0,supplier,nation,1,0,never_instantiated,0,,,,,0,0,,,,,,,,,,,,,,,,,,,,,,,,,,,,,,,,,,,,,,,,,,,,,,,,
Q21,3,16,1,18.56,,nation,1,0,never_instantiated,0,,,,,0,0,,supplier,39953,0,never_instantiated,0,,,,,0,0,lineitem,orders,73072502,1,frozen,15249101,8987490,THC-Full,,,1835010,48157,,,7313671,1,frozen,29189835,4206092,THC-Full,,,458754,24152,lineitem,,7313658,1,frozen,600037706,171151315,THC-Full,,,917505,1175,,,7048027,1,frozen,18431243,2821096,THC-Full,,,458753,35900,lineitem,,7048014,1,frozen,379356365,114682434,THC-Full,,,917506,1812,,,,,,,,,,,,,,,,,,,,,,,,
Q22,3,16,1,3.90,,,1909668,1,frozen,19088090,1407662,THC-Full,,,458757,96051,orders,,1909668,1,frozen,149999690,34785201,THC-Full,,,917504,13911,,,,,,,,,,,,,,,,,,,,,,,,,,,,,,,,,,,,,,,,,,,,,,,,,,,,,,,,,,,,,,,,,,,,,,,,,,,,,,,,,,,,
Q01,3,17,1,4.51,,,,,,,,,,,,,,,,,,,,,,,,,,,,,,,,,,,,,,,,,,,,,,,,,,,,,,,,,,,,,,,,,,,,,,,,,,,,,,,,,,,,,,,,,,,,,,,,,,,,,,,,,,,,
Q02,3,17,1,0.93,,region,1,0,never_instantiated,0,,,,,0,0,,nation,5,0,never_instantiated,0,,,,,0,0,,part,79591,0,never_instantiated,0,,,,,0,0,partsupp,supplier,200535,0,never_instantiated,0,,,,,0,0,,,63825,0,never_instantiated,0,,,,,0,0,,,47107,0,never_instantiated,0,,,,,0,0,partsupp,,200535,0,never_instantiated,0,,,,,0,0,,region,1,0,never_instantiated,0,,,,,0,0,supplier,nation,5,0,never_instantiated,0,,,,,0,0
Q03,3,17,1,3.80,,customer,3000188,1,active,2994213,,,,,467037,37664,lineitem,orders,14600127,1,active,3379982,,,,,543939,34143,,,,,,,,,,,,,,,,,,,,,,,,,,,,,,,,,,,,,,,,,,,,,,,,,,,,,,,,,,,,,,,,,,,,,,,,,,,,,,,,,,,,
Q04,3,17,1,6.56,,,5733776,1,frozen,14498066,2843250,THC-Full,,,458754,37776,lineitem,,5733776,1,frozen,379356321,146053794,THC-Full,,,917505,1383,,,,,,,,,,,,,,,,,,,,,,,,,,,,,,,,,,,,,,,,,,,,,,,,,,,,,,,,,,,,,,,,,,,,,,,,,,,,,,,,,,,,
Q05,3,17,1,6.15,,region,1,0,never_instantiated,0,,,,,0,0,,customer,14999999,1,active,18199912,,,,,306818,3737,,nation,5,0,never_instantiated,0,,,,,0,0,,orders,22760819,1,frozen,18242990,3056459,THC-Full,,,917510,69517,lineitem,supplier,199889,0,never_instantiated,0,,,,,0,0,,,,,,,,,,,,,,,,,,,,,,,,,,,,,,,,,,,,,,,,,,,,,,,,
Q06,3,17,1,1.75,,,,,,,,,,,,,,,,,,,,,,,,,,,,,,,,,,,,,,,,,,,,,,,,,,,,,,,,,,,,,,,,,,,,,,,,,,,,,,,,,,,,,,,,,,,,,,,,,,,,,,,,,,,,
Q07,3,17,1,4.00,,nation,2,0,never_instantiated,0,,,,,0,0,,nation,2,0,never_instantiated,0,,,,,0,0,,customer,1200139,1,active,1171959,,,,,326903,81396,orders,,1179101,0,never_instantiated,0,,,,,0,0,lineitem,supplier,80171,0,never_instantiated,0,,,,,0,0,,,,,,,,,,,,,,,,,,,,,,,,,,,,,,,,,,,,,,,,,,,,,,,,
Q08,3,17,1,4.72,,nation,25,0,never_instantiated,0,,,,,0,0,,region,1,0,never_instantiated,0,,,,,0,0,,nation,5,0,never_instantiated,0,,,,,0,0,customer,,245334,0,never_instantiated,0,,,,,0,0,orders,,246009,0,never_instantiated,0,,,,,0,0,,part,134258,0,never_instantiated,0,,,,,0,0,lineitem,supplier,1000000,0,never_instantiated,0,,,,,0,0,,,,,,,,,,,,,,,,,,,,,,,,
Q09,3,17,1,11.69,,partsupp,80000000,1,frozen,32636547,1238566,THC-Full,,,458755,102169,,orders,150000000,1,frozen,32636547,2282847,THC-Full,,,917504,92851,,nation,25,0,never_instantiated,0,,,,,0,0,,supplier,1000000,0,never_instantiated,0,,,,,0,0,lineitem,part,1087982,1,frozen,32720442,5965185,THC-Full,,,917504,98574,,,,,,,,,,,,,,,,,,,,,,,,,,,,,,,,,,,,,,,,,,,,,,,,
Q10,3,17,1,5.03,,nation,25,0,never_instantiated,0,,,,,0,0,customer,,11463171,0,never_instantiated,0,,,,,0,0,lineitem,orders,5730378,1,frozen,11522851,4910116,THC-Full,,,917505,43089,,,,,,,,,,,,,,,,,,,,,,,,,,,,,,,,,,,,,,,,,,,,,,,,,,,,,,,,,,,,,,,,,,,,,,,,
Q11,3,17,1,1.13,,nation,1,0,never_instantiated,0,,,,,0,0,partsupp,supplier,40045,0,never_instantiated,0,,,,,0,0,,nation,1,0,never_instantiated,0,,,,,0,0,partsupp,supplier,40045,0,never_instantiated,0,,,,,0,0,,,,,,,,,,,,,,,,,,,,,,,,,,,,,,,,,,,,,,,,,,,,,,,,,,,,,,,,,,,,
Q12,3,17,1,4.51,orders,lineitem,3115341,1,frozen,150000000,103829504,THC-Full,,,917504,2013,,,,,,,,,,,,,,,,,,,,,,,,,,,,,,,,,,,,,,,,,,,,,,,,,,,,,,,,,,,,,,,,,,,,,,,,,,,,,,,,,,,,,,,,,,,,,,,,
Q13,3,17,1,9.64,orders,customer,15000000,1,frozen,148451295,4649727,THC-Full,,,1835013,102725,,,,,,,,,,,,,,,,,,,,,,,,,,,,,,,,,,,,,,,,,,,,,,,,,,,,,,,,,,,,,,,,,,,,,,,,,,,,,,,,,,,,,,,,,,,,,,,,
Q14,3,17,1,5.03,lineitem,part,20000000,1,frozen,7484260,1200326,THC-Full,,,458756,99770,,,,,,,,,,,,,,,,,,,,,,,,,,,,,,,,,,,,,,,,,,,,,,,,,,,,,,,,,,,,,,,,,,,,,,,,,,,,,,,,,,,,,,,,,,,,,,,,
Q15,3,17,1,2.67,,,1,0,never_instantiated,0,,,,,0,0,supplier,,1000000,1,active,1000000,,,,,404872,104448,,,,,,,,,,,,,,,,,,,,,,,,,,,,,,,,,,,,,,,,,,,,,,,,,,,,,,,,,,,,,,,,,,,,,,,,,,,,,,,,,,,,
Q16,3,17,1,2.26,,supplier,479,0,never_instantiated,0,,,,,0,0,partsupp,,2971749,0,never_instantiated,0,,,,,0,0,part,,8,0,never_instantiated,0,,,,,0,0,,,,,,,,,,,,,,,,,,,,,,,,,,,,,,,,,,,,,,,,,,,,,,,,,,,,,,,,,,,,,,,,,,,,,,,,
Q17,3,17,1,7.18,lineitem,part,20031,0,never_instantiated,0,,,,,0,0,,,600982,1,active,20031,,,,,0,0,lineitem,,20031,0,never_instantiated,0,,,,,0,0,,,,,,,,,,,,,,,,,,,,,,,,,,,,,,,,,,,,,,,,,,,,,,,,,,,,,,,,,,,,,,,,,,,,,,,,
Q18,3,17,1,28.69,,lineitem,6398,0,never_instantiated,0,,,,,0,0,,customer,14999999,1,frozen,600037902,4395008,THC-Full,,,458752,24989,lineitem,orders,150000000,1,frozen,600037902,8247296,THC-Full,,,917506,25025,,,,,,,,,,,,,,,,,,,,,,,,,,,,,,,,,,,,,,,,,,,,,,,,,,,,,,,,,,,,,,,,,,,,,,,,
Q19,3,17,1,6.76,lineitem,part,20000000,1,frozen,21432090,1205505,THC-Full,,,458753,99819,,,,,,,,,,,,,,,,,,,,,,,,,,,,,,,,,,,,,,,,,,,,,,,,,,,,,,,,,,,,,,,,,,,,,,,,,,,,,,,,,,,,,,,,,,,,,,,,
Q20,3,17,1,3.80,,,40207,0,never_instantiated,0,,,,,0,0,partsupp,part,217222,0,never_instantiated,0,,,,,0,0,,,35136,0,never_instantiated,0,,,,,0,0,lineitem,,35136,0,never_instantiated,0,,,,,0,0,supplier,nation,1,0,never_instantiated,0,,,,,0,0,,,,,,,,,,,,,,,,,,,,,,,,,,,,,,,,,,,,,,,,,,,,,,,,
Q21,3,17,1,18.66,,nation,1,0,never_instantiated,0,,,,,0,0,,orders,73072502,1,frozen,15146702,8978236,THC-Full,,,1835010,46641,lineitem,supplier,39953,0,never_instantiated,0,,,,,0,0,,,7313671,1,frozen,29189835,4207465,THC-Full,,,458752,24100,lineitem,,7313658,1,frozen,600037706,171218899,THC-Full,,,917504,1150,,,7048027,1,frozen,18431243,2818931,THC-Full,,,458755,35883,lineitem,,7048014,1,frozen,379356365,115046087,THC-Full,,,917505,1797,,,,,,,,,,,,,,,,,,,,,,,,
Q22,3,17,1,3.80,,,1909668,1,frozen,19088090,1408686,THC-Full,,,458757,96329,orders,,1909668,1,frozen,149999690,34627507,THC-Full,,,917504,14207,,,,,,,,,,,,,,,,,,,,,,,,,,,,,,,,,,,,,,,,,,,,,,,,,,,,,,,,,,,,,,,,,,,,,,,,,,,,,,,,,,,,
Q01,3,18,1,4.62,,,,,,,,,,,,,,,,,,,,,,,,,,,,,,,,,,,,,,,,,,,,,,,,,,,,,,,,,,,,,,,,,,,,,,,,,,,,,,,,,,,,,,,,,,,,,,,,,,,,,,,,,,,,
Q02,3,18,1,1.23,,region,1,0,never_instantiated,0,,,,,0,0,,nation,5,0,never_instantiated,0,,,,,0,0,,supplier,200535,0,never_instantiated,0,,,,,0,0,partsupp,part,79591,0,never_instantiated,0,,,,,0,0,,,63825,0,never_instantiated,0,,,,,0,0,,,47107,0,never_instantiated,0,,,,,0,0,,region,1,0,never_instantiated,0,,,,,0,0,,nation,5,0,never_instantiated,0,,,,,0,0,partsupp,supplier,200535,0,never_instantiated,0,,,,,0,0
Q03,3,18,1,8.62,,customer,3000188,1,active,14960885,,,,,491174,7626,lineitem,orders,72874383,1,frozen,323494519,115639388,THC-Full,,,917504,1825,,,,,,,,,,,,,,,,,,,,,,,,,,,,,,,,,,,,,,,,,,,,,,,,,,,,,,,,,,,,,,,,,,,,,,,,,,,,,,,,,,,,
Q04,3,18,1,6.56,,,5733776,1,frozen,14498066,2842114,THC-Full,,,458755,37055,lineitem,,5733776,1,frozen,379356321,146027777,THC-Full,,,917505,1511,,,,,,,,,,,,,,,,,,,,,,,,,,,,,,,,,,,,,,,,,,,,,,,,,,,,,,,,,,,,,,,,,,,,,,,,,,,,,,,,,,,,
Q05,3,18,1,8.31,,region,1,0,never_instantiated,0,,,,,0,0,,customer,14999999,1,active,18199912,,,,,306563,3739,,nation,5,0,never_instantiated,0,,,,,0,0,,supplier,199889,0,never_instantiated,0,,,,,0,0,lineitem,orders,22760819,1,frozen,18290031,3031468,THC-Full,,,917508,70806,,,,,,,,,,,,,,,,,,,,,,,,,,,,,,,,,,,,,,,,,,,,,,,,
Q06,3,18,1,1.75,,,,,,,,,,,,,,,,,,,,,,,,,,,,,,,,,,,,,,,,,,,,,,,,,,,,,,,,,,,,,,,,,,,,,,,,,,,,,,,,,,,,,,,,,,,,,,,,,,,,,,,,,,,,
Q07,3,18,1,4.00,,nation,2,0,never_instantiated,0,,,,,0,0,,nation,2,0,never_instantiated,0,,,,,0,0,,customer,1200139,1,active,1171959,,,,,327388,81575,,supplier,80171,0,never_instantiated,0,,,,,0,0,lineitem,orders,12026518,1,active,1182992,,,,,428934,86003,,,,,,,,,,,,,,,,,,,,,,,,,,,,,,,,,,,,,,,,,,,,,,,,
Q08,3,18,1,4.21,,region,1,0,never_instantiated,0,,,,,0,0,,part,134258,0,never_instantiated,0,,,,,0,0,,nation,25,0,never_instantiated,0,,,,,0,0,,nation,5,0,never_instantiated,0,,,,,0,0,,customer,3001905,1,active,250195,,,,,95903,95903,,supplier,1000000,0,never_instantiated,0,,,,,0,0,lineitem,orders,9140870,1,active,250890,,,,,98453,98453,,,,,,,,,,,,,,,,,,,,,,,,
Q09,3,18,1,11.79,,part,1087982,1,frozen,32720442,5768903,THC-Full,,,917504,96608,,orders,150000000,1,frozen,32720442,2266993,THC-Full,,,917505,91091,,nation,25,0,never_instantiated,0,,,,,0,0,,supplier,1000000,0,never_instantiated,0,,,,,0,0,lineitem,partsupp,80000000,1,frozen,32720442,1256512,THC-Full,,,458753,100267,,,,,,,,,,,,,,,,,,,,,,,,,,,,,,,,,,,,,,,,,,,,,,,,
Q10,3,18,1,4.93,,nation,25,0,never_instantiated,0,,,,,0,0,customer,,11463171,0,never_instantiated,0,,,,,0,0,lineitem,orders,5730378,1,frozen,11522851,4883158,THC-Full,,,917505,43015,,,,,,,,,,,,,,,,,,,,,,,,,,,,,,,,,,,,,,,,,,,,,,,,,,,,,,,,,,,,,,,,,,,,,,,,
Q11,3,18,1,1.03,partsupp,,40045,0,never_instantiated,0,,,,,0,0,supplier,nation,1,0,never_instantiated,0,,,,,0,0,,nation,1,0,never_instantiated,0,,,,,0,0,partsupp,supplier,40045,0,never_instantiated,0,,,,,0,0,,,,,,,,,,,,,,,,,,,,,,,,,,,,,,,,,,,,,,,,,,,,,,,,,,,,,,,,,,,,
Q12,3,18,1,4.51,orders,lineitem,3115341,1,frozen,150000000,103647232,THC-Full,,,917504,2022,,,,,,,,,,,,,,,,,,,,,,,,,,,,,,,,,,,,,,,,,,,,,,,,,,,,,,,,,,,,,,,,,,,,,,,,,,,,,,,,,,,,,,,,,,,,,,,,
Q13,3,18,1,9.85,orders,customer,15000000,1,frozen,148451295,4712505,THC-Full,,,1835011,102739,,,,,,,,,,,,,,,,,,,,,,,,,,,,,,,,,,,,,,,,,,,,,,,,,,,,,,,,,,,,,,,,,,,,,,,,,,,,,,,,,,,,,,,,,,,,,,,,
Q14,3,18,1,5.02,lineitem,part,20000000,1,frozen,7484260,1200443,THC-Full,,,458758,99757,,,,,,,,,,,,,,,,,,,,,,,,,,,,,,,,,,,,,,,,,,,,,,,,,,,,,,,,,,,,,,,,,,,,,,,,,,,,,,,,,,,,,,,,,,,,,,,,
Q15,3,18,1,2.67,,,1,0,never_instantiated,0,,,,,0,0,supplier,,1000000,1,active,1000000,,,,,412285,110592,,,,,,,,,,,,,,,,,,,,,,,,,,,,,,,,,,,,,,,,,,,,,,,,,,,,,,,,,,,,,,,,,,,,,,,,,,,,,,,,,,,,
Q16,3,18,1,2.26,,supplier,479,0,never_instantiated,0,,,,,0,0,partsupp,,2971749,0,never_instantiated,0,,,,,0,0,part,,8,0,never_instantiated,0,,,,,0,0,,,,,,,,,,,,,,,,,,,,,,,,,,,,,,,,,,,,,,,,,,,,,,,,,,,,,,,,,,,,,,,,,,,,,,,,
Q17,3,18,1,7.28,lineitem,part,20031,0,never_instantiated,0,,,,,0,0,,,600982,1,active,20031,,,,,0,0,lineitem,,20031,0,never_instantiated,0,,,,,0,0,,,,,,,,,,,,,,,,,,,,,,,,,,,,,,,,,,,,,,,,,,,,,,,,,,,,,,,,,,,,,,,,,,,,,,,,
Q18,3,18,1,29.01,,lineitem,6398,0,never_instantiated,0,,,,,0,0,,customer,14999999,1,frozen,600037902,4417536,THC-Full,,,458752,25492,lineitem,orders,150000000,1,frozen,600037902,8185856,THC-Full,,,917504,25528,,,,,,,,,,,,,,,,,,,,,,,,,,,,,,,,,,,,,,,,,,,,,,,,,,,,,,,,,,,,,,,,,,,,,,,,
Q19,3,18,1,6.87,lineitem,part,20000000,1,frozen,21432090,1205148,THC-Full,,,458756,99853,,,,,,,,,,,,,,,,,,,,,,,,,,,,,,,,,,,,,,,,,,,,,,,,,,,,,,,,,,,,,,,,,,,,,,,,,,,,,,,,,,,,,,,,,,,,,,,,
Q20,3,18,1,3.79,,,40207,0,never_instantiated,0,,,,,0,0,partsupp,part,217222,0,never_instantiated,0,,,,,0,0,,,35136,0,never_instantiated,0,,,,,0,0,lineitem,,35136,0,never_instantiated,0,,,,,0,0,supplier,nation,1,0,never_instantiated,0,,,,,0,0,,,,,,,,,,,,,,,,,,,,,,,,,,,,,,,,,,,,,,,,,,,,,,,,
Q21,3,18,1,18.66,,nation,1,0,never_instantiated,0,,,,,0,0,,supplier,39953,0,never_instantiated,0,,,,,0,0,lineitem,orders,73072502,1,frozen,15249101,8984862,THC-Full,,,1835012,46237,,,7313671,1,frozen,29189835,4209369,THC-Full,,,458753,24111,lineitem,,7313658,1,frozen,600037706,171665363,THC-Full,,,917504,1161,,,7048027,1,frozen,18431243,2824132,THC-Full,,,458754,35909,lineitem,,7048014,1,frozen,379356365,114694421,THC-Full,,,917505,1848,,,,,,,,,,,,,,,,,,,,,,,,
Q22,3,18,1,3.80,,,1909668,1,frozen,19088090,1407987,THC-Full,,,458754,96178,orders,,1909668,1,frozen,149999690,34752434,THC-Full,,,917506,13419,,,,,,,,,,,,,,,,,,,,,,,,,,,,,,,,,,,,,,,,,,,,,,,,,,,,,,,,,,,,,,,,,,,,,,,,,,,,,,,,,,,,
Q01,3,19,1,4.61,,,,,,,,,,,,,,,,,,,,,,,,,,,,,,,,,,,,,,,,,,,,,,,,,,,,,,,,,,,,,,,,,,,,,,,,,,,,,,,,,,,,,,,,,,,,,,,,,,,,,,,,,,,,
Q02,3,19,1,1.23,,region,1,0,never_instantiated,0,,,,,0,0,,part,79591,0,never_instantiated,0,,,,,0,0,,nation,5,0,never_instantiated,0,,,,,0,0,partsupp,supplier,200535,0,never_instantiated,0,,,,,0,0,,,63825,0,never_instantiated,0,,,,,0,0,,,47107,0,never_instantiated,0,,,,,0,0,,region,1,0,never_instantiated,0,,,,,0,0,,nation,5,0,never_instantiated,0,,,,,0,0,partsupp,supplier,200535,0,never_instantiated,0,,,,,0,0
Q03,3,19,1,8.71,,customer,3000188,1,active,14960885,,,,,491796,7598,lineitem,orders,72874383,1,frozen,323494519,115598700,THC-Full,,,917505,1827,,,,,,,,,,,,,,,,,,,,,,,,,,,,,,,,,,,,,,,,,,,,,,,,,,,,,,,,,,,,,,,,,,,,,,,,,,,,,,,,,,,,
Q04,3,19,1,6.46,,,5733776,1,frozen,14498066,2833934,THC-Full,,,458756,36398,lineitem,,5733776,1,frozen,379356321,145856793,THC-Full,,,917504,1462,,,,,,,,,,,,,,,,,,,,,,,,,,,,,,,,,,,,,,,,,,,,,,,,,,,,,,,,,,,,,,,,,,,,,,,,,,,,,,,,,,,,
Q05,3,19,1,9999999,,,,,,,,,,,,,,,,,,,,,,,,,,,,,,,,,,,,,,,,,,,,,,,,,,,,,,,,,,,,,,,,,,,,,,,,,,,,,,,,,,,,,,,,,,,,,,,,,,,,,,,,,,,,
Q06,3,19,1,1.75,,,,,,,,,,,,,,,,,,,,,,,,,,,,,,,,,,,,,,,,,,,,,,,,,,,,,,,,,,,,,,,,,,,,,,,,,,,,,,,,,,,,,,,,,,,,,,,,,,,,,,,,,,,,
Q07,3,19,1,4.00,,nation,2,0,never_instantiated,0,,,,,0,0,,customer,1200139,1,active,1171959,,,,,326661,81322,orders,,1179101,0,never_instantiated,0,,,,,0,0,,nation,2,0,never_instantiated,0,,,,,0,0,lineitem,supplier,80171,0,never_instantiated,0,,,,,0,0,,,,,,,,,,,,,,,,,,,,,,,,,,,,,,,,,,,,,,,,,,,,,,,,
Q08,3,19,1,4.82,,region,1,0,never_instantiated,0,,,,,0,0,,nation,5,0,never_instantiated,0,,,,,0,0,,nation,25,0,never_instantiated,0,,,,,0,0,supplier,,244821,0,never_instantiated,0,,,,,0,0,customer,,245334,0,never_instantiated,0,,,,,0,0,orders,,246009,0,never_instantiated,0,,,,,0,0,lineitem,part,134258,0,never_instantiated,0,,,,,0,0,,,,,,,,,,,,,,,,,,,,,,,,
Q09,3,19,1,11.69,,nation,25,0,never_instantiated,0,,,,,0,0,,partsupp,80000000,1,frozen,32636547,1251568,THC-Full,,,458756,100004,,orders,150000000,1,frozen,32636547,2493869,THC-Full,,,917504,90849,,part,1087982,1,frozen,32720442,5776671,THC-Full,,,917504,96582,lineitem,supplier,1000000,0,never_instantiated,0,,,,,0,0,,,,,,,,,,,,,,,,,,,,,,,,,,,,,,,,,,,,,,,,,,,,,,,,
Q10,3,19,1,5.03,,nation,25,0,never_instantiated,0,,,,,0,0,customer,,11463171,0,never_instantiated,0,,,,,0,0,lineitem,orders,5730378,1,frozen,11522851,4912929,THC-Full,,,917506,43100,,,,,,,,,,,,,,,,,,,,,,,,,,,,,,,,,,,,,,,,,,,,,,,,,,,,,,,,,,,,,,,,,,,,,,,,
Q11,3,19,1,1.03,,nation,1,0,never_instantiated,0,,,,,0,0,partsupp,supplier,40045,0,never_instantiated,0,,,,,0,0,partsupp,,40045,0,never_instantiated,0,,,,,0,0,supplier,nation,1,0,never_instantiated,0,,,,,0,0,,,,,,,,,,,,,,,,,,,,,,,,,,,,,,,,,,,,,,,,,,,,,,,,,,,,,,,,,,,,
Q12,3,19,1,4.51,orders,lineitem,3115341,1,frozen,150000000,103616512,THC-Full,,,917504,2005,,,,,,,,,,,,,,,,,,,,,,,,,,,,,,,,,,,,,,,,,,,,,,,,,,,,,,,,,,,,,,,,,,,,,,,,,,,,,,,,,,,,,,,,,,,,,,,,
Q13,3,19,1,9.74,orders,customer,15000000,1,frozen,148451295,4667922,THC-Full,,,1835011,102723,,,,,,,,,,,,,,,,,,,,,,,,,,,,,,,,,,,,,,,,,,,,,,,,,,,,,,,,,,,,,,,,,,,,,,,,,,,,,,,,,,,,,,,,,,,,,,,,
Q14,3,19,1,5.03,lineitem,part,20000000,1,frozen,7484260,1200514,THC-Full,,,458755,99771,,,,,,,,,,,,,,,,,,,,,,,,,,,,,,,,,,,,,,,,,,,,,,,,,,,,,,,,,,,,,,,,,,,,,,,,,,,,,,,,,,,,,,,,,,,,,,,,
Q15,3,19,1,2.67,,,1,0,never_instantiated,0,,,,,0,0,supplier,,1000000,1,active,1000000,,,,,413750,104448,,,,,,,,,,,,,,,,,,,,,,,,,,,,,,,,,,,,,,,,,,,,,,,,,,,,,,,,,,,,,,,,,,,,,,,,,,,,,,,,,,,,
Q16,3,19,1,2.26,,supplier,479,0,never_instantiated,0,,,,,0,0,partsupp,,2971749,0,never_instantiated,0,,,,,0,0,part,,8,0,never_instantiated,0,,,,,0,0,,,,,,,,,,,,,,,,,,,,,,,,,,,,,,,,,,,,,,,,,,,,,,,,,,,,,,,,,,,,,,,,,,,,,,,,
Q17,3,19,1,7.28,lineitem,part,20031,0,never_instantiated,0,,,,,0,0,,,600982,1,active,20031,,,,,0,0,lineitem,,20031,0,never_instantiated,0,,,,,0,0,,,,,,,,,,,,,,,,,,,,,,,,,,,,,,,,,,,,,,,,,,,,,,,,,,,,,,,,,,,,,,,,,,,,,,,,
Q18,3,19,1,28.72,,lineitem,6398,0,never_instantiated,0,,,,,0,0,,customer,14999999,1,frozen,600037902,4212736,THC-Full,,,458755,25496,lineitem,orders,150000000,1,frozen,600037902,8202240,THC-Full,,,917505,25533,,,,,,,,,,,,,,,,,,,,,,,,,,,,,,,,,,,,,,,,,,,,,,,,,,,,,,,,,,,,,,,,,,,,,,,,
Q19,3,19,1,6.87,lineitem,part,20000000,1,frozen,21432090,1204382,THC-Full,,,458755,99820,,,,,,,,,,,,,,,,,,,,,,,,,,,,,,,,,,,,,,,,,,,,,,,,,,,,,,,,,,,,,,,,,,,,,,,,,,,,,,,,,,,,,,,,,,,,,,,,
Q20,3,19,1,3.80,,,40207,0,never_instantiated,0,,,,,0,0,partsupp,part,217222,0,never_instantiated,0,,,,,0,0,,,35136,0,never_instantiated,0,,,,,0,0,lineitem,,35136,0,never_instantiated,0,,,,,0,0,supplier,nation,1,0,never_instantiated,0,,,,,0,0,,,,,,,,,,,,,,,,,,,,,,,,,,,,,,,,,,,,,,,,,,,,,,,,
Q21,3,19,1,19.07,orders,,15146702,0,never_instantiated,0,,,,,0,0,,nation,1,0,never_instantiated,0,,,,,0,0,lineitem,supplier,39953,0,never_instantiated,0,,,,,0,0,,,7313671,1,frozen,29189835,4206060,THC-Full,,,458753,24098,lineitem,,7313658,1,frozen,600037706,172167123,THC-Full,,,917506,1178,,,7048027,1,frozen,18431243,2826487,THC-Full,,,458752,36428,lineitem,,7048014,1,frozen,379356365,114761803,THC-Full,,,917504,1848,,,,,,,,,,,,,,,,,,,,,,,,
Q22,3,19,1,3.80,,,1909668,1,frozen,19088090,1406563,THC-Full,,,458756,96309,orders,,1909668,1,frozen,149999690,34887601,THC-Full,,,917504,14215,,,,,,,,,,,,,,,,,,,,,,,,,,,,,,,,,,,,,,,,,,,,,,,,,,,,,,,,,,,,,,,,,,,,,,,,,,,,,,,,,,,,
Q01,4,0,1,4.51,,,,,,,,,,,,,,,,,,,,,,,,,,,,,,,,,,,,,,,,,,,,,,,,,,,,,,,,,,,,,,,,,,,,,,,,,,,,,,,,,,,,,,,,,,,,,,,,,,,,,,,,,,,,
Q02,4,0,1,1.23,,region,1,0,never_instantiated,0,,,,,0,0,,nation,5,0,never_instantiated,0,,,,,0,0,,supplier,57959,0,never_instantiated,0,,,,,0,0,partsupp,part,47201,0,never_instantiated,0,,,,,0,0,,,63825,0,never_instantiated,0,,,,,0,0,,,47107,0,never_instantiated,0,,,,,0,0,,region,1,0,never_instantiated,0,,,,,0,0,partsupp,,200535,0,never_instantiated,0,,,,,0,0,supplier,nation,5,0,never_instantiated,0,,,,,0,0
Q03,4,0,1,7.38,,customer,3000188,0,never_instantiated,0,,,,,0,0,lineitem,orders,72874383,0,never_instantiated,0,,,,,0,0,,,,,,,,,,,,,,,,,,,,,,,,,,,,,,,,,,,,,,,,,,,,,,,,,,,,,,,,,,,,,,,,,,,,,,,,,,,,,,,,,,,,
Q04,4,0,1,4.82,,,5733776,0,never_instantiated,0,,,,,0,0,lineitem,,5733776,0,never_instantiated,0,,,,,0,0,,,,,,,,,,,,,,,,,,,,,,,,,,,,,,,,,,,,,,,,,,,,,,,,,,,,,,,,,,,,,,,,,,,,,,,,,,,,,,,,,,,,
Q05,4,0,1,4.72,,supplier,199889,0,never_instantiated,0,,,,,0,0,,region,1,0,never_instantiated,0,,,,,0,0,,nation,5,0,never_instantiated,0,,,,,0,0,,customer,1747053,0,never_instantiated,0,,,,,0,0,lineitem,orders,4562850,0,never_instantiated,0,,,,,0,0,,,,,,,,,,,,,,,,,,,,,,,,,,,,,,,,,,,,,,,,,,,,,,,,
Q06,4,0,1,1.75,,,,,,,,,,,,,,,,,,,,,,,,,,,,,,,,,,,,,,,,,,,,,,,,,,,,,,,,,,,,,,,,,,,,,,,,,,,,,,,,,,,,,,,,,,,,,,,,,,,,,,,,,,,,
Q07,4,0,1,3.69,,nation,2,0,never_instantiated,0,,,,,0,0,,supplier,80171,0,never_instantiated,0,,,,,0,0,,nation,2,0,never_instantiated,0,,,,,0,0,,customer,556645,0,never_instantiated,0,,,,,0,0,lineitem,orders,1014869,0,never_instantiated,0,,,,,0,0,,,,,,,,,,,,,,,,,,,,,,,,,,,,,,,,,,,,,,,,,,,,,,,,
Q08,4,0,1,4.00,,nation,25,0,never_instantiated,0,,,,,0,0,supplier,,244821,0,never_instantiated,0,,,,,0,0,,region,1,0,never_instantiated,0,,,,,0,0,,part,112955,0,never_instantiated,0,,,,,0,0,,nation,5,0,never_instantiated,0,,,,,0,0,,customer,248030,0,never_instantiated,0,,,,,0,0,lineitem,orders,261849,0,never_instantiated,0,,,,,0,0,,,,,,,,,,,,,,,,,,,,,,,,
Q09,4,0,1,9.23,,nation,25,0,never_instantiated,0,,,,,0,0,,supplier,993888,0,never_instantiated,0,,,,,0,0,,partsupp,4363044,0,never_instantiated,0,,,,,0,0,,part,1087982,0,never_instantiated,0,,,,,0,0,lineitem,orders,29533962,0,never_instantiated,0,,,,,0,0,,,,,,,,,,,,,,,,,,,,,,,,,,,,,,,,,,,,,,,,,,,,,,,,
Q10,4,0,1,5.02,,nation,25,0,never_instantiated,0,,,,,0,0,customer,,11463171,0,never_instantiated,0,,,,,0,0,lineitem,orders,4918971,0,never_instantiated,0,,,,,0,0,,,,,,,,,,,,,,,,,,,,,,,,,,,,,,,,,,,,,,,,,,,,,,,,,,,,,,,,,,,,,,,,,,,,,,,,
Q11,4,0,1,0.72,partsupp,,40045,0,never_instantiated,0,,,,,0,0,supplier,nation,1,0,never_instantiated,0,,,,,0,0,partsupp,,40045,0,never_instantiated,0,,,,,0,0,supplier,nation,1,0,never_instantiated,0,,,,,0,0,,,,,,,,,,,,,,,,,,,,,,,,,,,,,,,,,,,,,,,,,,,,,,,,,,,,,,,,,,,,
Q12,4,0,1,2.87,orders,lineitem,3115341,0,never_instantiated,0,,,,,0,0,,,,,,,,,,,,,,,,,,,,,,,,,,,,,,,,,,,,,,,,,,,,,,,,,,,,,,,,,,,,,,,,,,,,,,,,,,,,,,,,,,,,,,,,,,,,,,,,
Q13,4,0,1,8.62,orders,customer,15000000,0,never_instantiated,0,,,,,0,0,,,,,,,,,,,,,,,,,,,,,,,,,,,,,,,,,,,,,,,,,,,,,,,,,,,,,,,,,,,,,,,,,,,,,,,,,,,,,,,,,,,,,,,,,,,,,,,,
Q14,4,0,1,2.46,lineitem,part,6260702,0,never_instantiated,0,,,,,0,0,,,,,,,,,,,,,,,,,,,,,,,,,,,,,,,,,,,,,,,,,,,,,,,,,,,,,,,,,,,,,,,,,,,,,,,,,,,,,,,,,,,,,,,,,,,,,,,,
Q15,4,0,1,2.67,,,1,0,never_instantiated,0,,,,,0,0,supplier,,1000000,0,never_instantiated,0,,,,,0,0,,,,,,,,,,,,,,,,,,,,,,,,,,,,,,,,,,,,,,,,,,,,,,,,,,,,,,,,,,,,,,,,,,,,,,,,,,,,,,,,,,,,
Q16,4,0,1,2.26,,supplier,479,0,never_instantiated,0,,,,,0,0,partsupp,,2971749,0,never_instantiated,0,,,,,0,0,part,,8,0,never_instantiated,0,,,,,0,0,,,,,,,,,,,,,,,,,,,,,,,,,,,,,,,,,,,,,,,,,,,,,,,,,,,,,,,,,,,,,,,,,,,,,,,,
Q17,4,0,1,5.23,lineitem,part,20031,0,never_instantiated,0,,,,,0,0,,,600982,0,never_instantiated,0,,,,,0,0,lineitem,,20031,0,never_instantiated,0,,,,,0,0,,,,,,,,,,,,,,,,,,,,,,,,,,,,,,,,,,,,,,,,,,,,,,,,,,,,,,,,,,,,,,,,,,,,,,,,
Q18,4,0,1,22.96,,lineitem,6398,0,never_instantiated,0,,,,,0,0,,customer,14999999,0,never_instantiated,0,,,,,0,0,lineitem,orders,150000000,0,never_instantiated,0,,,,,0,0,,,,,,,,,,,,,,,,,,,,,,,,,,,,,,,,,,,,,,,,,,,,,,,,,,,,,,,,,,,,,,,,,,,,,,,,
Q19,4,0,1,4.82,lineitem,part,13930201,0,never_instantiated,0,,,,,0,0,,,,,,,,,,,,,,,,,,,,,,,,,,,,,,,,,,,,,,,,,,,,,,,,,,,,,,,,,,,,,,,,,,,,,,,,,,,,,,,,,,,,,,,,,,,,,,,,
Q20,4,0,1,3.80,,,24634,0,never_instantiated,0,,,,,0,0,partsupp,part,33123,0,never_instantiated,0,,,,,0,0,,,35136,0,never_instantiated,0,,,,,0,0,lineitem,,35136,0,never_instantiated,0,,,,,0,0,supplier,nation,1,0,never_instantiated,0,,,,,0,0,,,,,,,,,,,,,,,,,,,,,,,,,,,,,,,,,,,,,,,,,,,,,,,,
Q21,4,0,1,13.02,,nation,1,0,never_instantiated,0,,,,,0,0,,supplier,39953,0,never_instantiated,0,,,,,0,0,lineitem,orders,7079205,0,never_instantiated,0,,,,,0,0,,,7313671,0,never_instantiated,0,,,,,0,0,lineitem,,7313658,0,never_instantiated,0,,,,,0,0,,,7048027,0,never_instantiated,0,,,,,0,0,lineitem,,7048014,0,never_instantiated,0,,,,,0,0,,,,,,,,,,,,,,,,,,,,,,,,
Q22,4,0,1,2.57,,,1909668,0,never_instantiated,0,,,,,0,0,orders,,1909668,0,never_instantiated,0,,,,,0,0,,,,,,,,,,,,,,,,,,,,,,,,,,,,,,,,,,,,,,,,,,,,,,,,,,,,,,,,,,,,,,,,,,,,,,,,,,,,,,,,,,,,
Q01,4,1,1,4.61,,,,,,,,,,,,,,,,,,,,,,,,,,,,,,,,,,,,,,,,,,,,,,,,,,,,,,,,,,,,,,,,,,,,,,,,,,,,,,,,,,,,,,,,,,,,,,,,,,,,,,,,,,,,
Q02,4,1,1,1.23,,region,1,0,never_instantiated,0,,,,,0,0,,part,79591,0,never_instantiated,0,,,,,0,0,,nation,5,0,never_instantiated,0,,,,,0,0,partsupp,supplier,57970,0,never_instantiated,0,,,,,0,0,,,63825,0,never_instantiated,0,,,,,0,0,,,47107,0,never_instantiated,0,,,,,0,0,,region,1,0,never_instantiated,0,,,,,0,0,,nation,5,0,never_instantiated,0,,,,,0,0,partsupp,supplier,200535,0,never_instantiated,0,,,,,0,0
Q03,4,1,1,7.38,,customer,3000188,0,never_instantiated,0,,,,,0,0,lineitem,orders,72874383,0,never_instantiated,0,,,,,0,0,,,,,,,,,,,,,,,,,,,,,,,,,,,,,,,,,,,,,,,,,,,,,,,,,,,,,,,,,,,,,,,,,,,,,,,,,,,,,,,,,,,,
Q04,4,1,1,4.72,,,5733776,0,never_instantiated,0,,,,,0,0,lineitem,,5733776,0,never_instantiated,0,,,,,0,0,,,,,,,,,,,,,,,,,,,,,,,,,,,,,,,,,,,,,,,,,,,,,,,,,,,,,,,,,,,,,,,,,,,,,,,,,,,,,,,,,,,,
Q05,4,1,1,9999999,,,,,,,,,,,,,,,,,,,,,,,,,,,,,,,,,,,,,,,,,,,,,,,,,,,,,,,,,,,,,,,,,,,,,,,,,,,,,,,,,,,,,,,,,,,,,,,,,,,,,,,,,,,,
Q06,4,1,1,1.75,,,,,,,,,,,,,,,,,,,,,,,,,,,,,,,,,,,,,,,,,,,,,,,,,,,,,,,,,,,,,,,,,,,,,,,,,,,,,,,,,,,,,,,,,,,,,,,,,,,,,,,,,,,,
Q07,4,1,1,3.90,,nation,2,0,never_instantiated,0,,,,,0,0,,customer,556645,0,never_instantiated,0,,,,,0,0,orders,,1179101,0,never_instantiated,0,,,,,0,0,,nation,2,0,never_instantiated,0,,,,,0,0,lineitem,supplier,80171,0,never_instantiated,0,,,,,0,0,,,,,,,,,,,,,,,,,,,,,,,,,,,,,,,,,,,,,,,,,,,,,,,,
Q08,4,1,1,4.72,,region,1,0,never_instantiated,0,,,,,0,0,,nation,5,0,never_instantiated,0,,,,,0,0,,nation,25,0,never_instantiated,0,,,,,0,0,supplier,,244821,0,never_instantiated,0,,,,,0,0,customer,,245334,0,never_instantiated,0,,,,,0,0,orders,,246009,0,never_instantiated,0,,,,,0,0,lineitem,part,112955,0,never_instantiated,0,,,,,0,0,,,,,,,,,,,,,,,,,,,,,,,,
Q09,4,1,1,9.13,,nation,25,0,never_instantiated,0,,,,,0,0,,supplier,993888,0,never_instantiated,0,,,,,0,0,,orders,29533962,0,never_instantiated,0,,,,,0,0,,partsupp,4363044,0,never_instantiated,0,,,,,0,0,lineitem,part,1087982,0,never_instantiated,0,,,,,0,0,,,,,,,,,,,,,,,,,,,,,,,,,,,,,,,,,,,,,,,,,,,,,,,,
Q10,4,1,1,4.92,,nation,25,0,never_instantiated,0,,,,,0,0,customer,,11463171,0,never_instantiated,0,,,,,0,0,lineitem,orders,4918971,0,never_instantiated,0,,,,,0,0,,,,,,,,,,,,,,,,,,,,,,,,,,,,,,,,,,,,,,,,,,,,,,,,,,,,,,,,,,,,,,,,,,,,,,,,
Q11,4,1,1,0.72,,nation,1,0,never_instantiated,0,,,,,0,0,partsupp,supplier,40045,0,never_instantiated,0,,,,,0,0,partsupp,,40045,0,never_instantiated,0,,,,,0,0,supplier,nation,1,0,never_instantiated,0,,,,,0,0,,,,,,,,,,,,,,,,,,,,,,,,,,,,,,,,,,,,,,,,,,,,,,,,,,,,,,,,,,,,
Q12,4,1,1,2.77,orders,lineitem,3115341,0,never_instantiated,0,,,,,0,0,,,,,,,,,,,,,,,,,,,,,,,,,,,,,,,,,,,,,,,,,,,,,,,,,,,,,,,,,,,,,,,,,,,,,,,,,,,,,,,,,,,,,,,,,,,,,,,,
Q13,4,1,1,8.71,orders,customer,15000000,0,never_instantiated,0,,,,,0,0,,,,,,,,,,,,,,,,,,,,,,,,,,,,,,,,,,,,,,,,,,,,,,,,,,,,,,,,,,,,,,,,,,,,,,,,,,,,,,,,,,,,,,,,,,,,,,,,
Q14,4,1,1,2.46,lineitem,part,6260702,0,never_instantiated,0,,,,,0,0,,,,,,,,,,,,,,,,,,,,,,,,,,,,,,,,,,,,,,,,,,,,,,,,,,,,,,,,,,,,,,,,,,,,,,,,,,,,,,,,,,,,,,,,,,,,,,,,
Q15,4,1,1,2.67,,,1,0,never_instantiated,0,,,,,0,0,supplier,,1000000,0,never_instantiated,0,,,,,0,0,,,,,,,,,,,,,,,,,,,,,,,,,,,,,,,,,,,,,,,,,,,,,,,,,,,,,,,,,,,,,,,,,,,,,,,,,,,,,,,,,,,,
Q16,4,1,1,2.36,,supplier,479,0,never_instantiated,0,,,,,0,0,partsupp,,2971749,0,never_instantiated,0,,,,,0,0,part,,8,0,never_instantiated,0,,,,,0,0,,,,,,,,,,,,,,,,,,,,,,,,,,,,,,,,,,,,,,,,,,,,,,,,,,,,,,,,,,,,,,,,,,,,,,,,
Q17,4,1,1,5.12,lineitem,part,20031,0,never_instantiated,0,,,,,0,0,,,600982,0,never_instantiated,0,,,,,0,0,lineitem,,20031,0,never_instantiated,0,,,,,0,0,,,,,,,,,,,,,,,,,,,,,,,,,,,,,,,,,,,,,,,,,,,,,,,,,,,,,,,,,,,,,,,,,,,,,,,,
Q18,4,1,1,22.86,,lineitem,6398,0,never_instantiated,0,,,,,0,0,,customer,14999999,0,never_instantiated,0,,,,,0,0,lineitem,orders,150000000,0,never_instantiated,0,,,,,0,0,,,,,,,,,,,,,,,,,,,,,,,,,,,,,,,,,,,,,,,,,,,,,,,,,,,,,,,,,,,,,,,,,,,,,,,,
Q19,4,1,1,4.82,lineitem,part,13930201,0,never_instantiated,0,,,,,0,0,,,,,,,,,,,,,,,,,,,,,,,,,,,,,,,,,,,,,,,,,,,,,,,,,,,,,,,,,,,,,,,,,,,,,,,,,,,,,,,,,,,,,,,,,,,,,,,,
Q20,4,1,1,3.80,,,24634,0,never_instantiated,0,,,,,0,0,partsupp,part,33123,0,never_instantiated,0,,,,,0,0,,,35136,0,never_instantiated,0,,,,,0,0,lineitem,,35136,0,never_instantiated,0,,,,,0,0,supplier,nation,1,0,never_instantiated,0,,,,,0,0,,,,,,,,,,,,,,,,,,,,,,,,,,,,,,,,,,,,,,,,,,,,,,,,
Q21,4,1,1,13.94,orders,,15146702,0,never_instantiated,0,,,,,0,0,,nation,1,0,never_instantiated,0,,,,,0,0,lineitem,supplier,39953,0,never_instantiated,0,,,,,0,0,,,7313671,0,never_instantiated,0,,,,,0,0,lineitem,,7313658,0,never_instantiated,0,,,,,0,0,,,7048027,0,never_instantiated,0,,,,,0,0,lineitem,,7048014,0,never_instantiated,0,,,,,0,0,,,,,,,,,,,,,,,,,,,,,,,,
Q22,4,1,1,2.57,,,1909668,0,never_instantiated,0,,,,,0,0,orders,,1909668,0,never_instantiated,0,,,,,0,0,,,,,,,,,,,,,,,,,,,,,,,,,,,,,,,,,,,,,,,,,,,,,,,,,,,,,,,,,,,,,,,,,,,,,,,,,,,,,,,,,,,,
Q01,4,2,1,4.61,,,,,,,,,,,,,,,,,,,,,,,,,,,,,,,,,,,,,,,,,,,,,,,,,,,,,,,,,,,,,,,,,,,,,,,,,,,,,,,,,,,,,,,,,,,,,,,,,,,,,,,,,,,,
Q02,4,2,1,1.33,,region,1,0,never_instantiated,0,,,,,0,0,,nation,5,0,never_instantiated,0,,,,,0,0,,supplier,57959,0,never_instantiated,0,,,,,0,0,partsupp,part,47201,0,never_instantiated,0,,,,,0,0,,,63825,0,never_instantiated,0,,,,,0,0,,,47107,0,never_instantiated,0,,,,,0,0,,region,1,0,never_instantiated,0,,,,,0,0,,nation,5,0,never_instantiated,0,,,,,0,0,partsupp,supplier,200535,0,never_instantiated,0,,,,,0,0
Q03,4,2,1,3.59,,customer,860982,0,never_instantiated,0,,,,,0,0,lineitem,orders,1133865,0,never_instantiated,0,,,,,0,0,,,,,,,,,,,,,,,,,,,,,,,,,,,,,,,,,,,,,,,,,,,,,,,,,,,,,,,,,,,,,,,,,,,,,,,,,,,,,,,,,,,,
Q04,4,2,1,4.82,,,5733776,0,never_instantiated,0,,,,,0,0,lineitem,,5733776,0,never_instantiated,0,,,,,0,0,,,,,,,,,,,,,,,,,,,,,,,,,,,,,,,,,,,,,,,,,,,,,,,,,,,,,,,,,,,,,,,,,,,,,,,,,,,,,,,,,,,,
Q05,4,2,1,4.62,,region,1,0,never_instantiated,0,,,,,0,0,,supplier,199889,0,never_instantiated,0,,,,,0,0,,nation,5,0,never_instantiated,0,,,,,0,0,,customer,1747053,0,never_instantiated,0,,,,,0,0,lineitem,orders,4562850,0,never_instantiated,0,,,,,0,0,,,,,,,,,,,,,,,,,,,,,,,,,,,,,,,,,,,,,,,,,,,,,,,,
Q06,4,2,1,1.75,,,,,,,,,,,,,,,,,,,,,,,,,,,,,,,,,,,,,,,,,,,,,,,,,,,,,,,,,,,,,,,,,,,,,,,,,,,,,,,,,,,,,,,,,,,,,,,,,,,,,,,,,,,,
Q07,4,2,1,3.69,,nation,2,0,never_instantiated,0,,,,,0,0,,supplier,80171,0,never_instantiated,0,,,,,0,0,,nation,2,0,never_instantiated,0,,,,,0,0,,customer,556645,0,never_instantiated,0,,,,,0,0,lineitem,orders,1014869,0,never_instantiated,0,,,,,0,0,,,,,,,,,,,,,,,,,,,,,,,,,,,,,,,,,,,,,,,,,,,,,,,,
Q08,4,2,1,4.00,,region,1,0,never_instantiated,0,,,,,0,0,,nation,5,0,never_instantiated,0,,,,,0,0,customer,,245334,0,never_instantiated,0,,,,,0,0,,part,112955,0,never_instantiated,0,,,,,0,0,,orders,261849,0,never_instantiated,0,,,,,0,0,,nation,25,0,never_instantiated,0,,,,,0,0,lineitem,supplier,183035,0,never_instantiated,0,,,,,0,0,,,,,,,,,,,,,,,,,,,,,,,,
Q09,4,2,1,9.74,,nation,25,0,never_instantiated,0,,,,,0,0,,supplier,993888,0,never_instantiated,0,,,,,0,0,,part,1087982,0,never_instantiated,0,,,,,0,0,,orders,29533962,0,never_instantiated,0,,,,,0,0,lineitem,partsupp,4363044,0,never_instantiated,0,,,,,0,0,,,,,,,,,,,,,,,,,,,,,,,,,,,,,,,,,,,,,,,,,,,,,,,,
Q10,4,2,1,4.92,,nation,25,0,never_instantiated,0,,,,,0,0,customer,,11463171,0,never_instantiated,0,,,,,0,0,lineitem,orders,4918971,0,never_instantiated,0,,,,,0,0,,,,,,,,,,,,,,,,,,,,,,,,,,,,,,,,,,,,,,,,,,,,,,,,,,,,,,,,,,,,,,,,,,,,,,,,
Q11,4,2,1,0.72,partsupp,,40045,0,never_instantiated,0,,,,,0,0,supplier,nation,1,0,never_instantiated,0,,,,,0,0,partsupp,,40045,0,never_instantiated,0,,,,,0,0,supplier,nation,1,0,never_instantiated,0,,,,,0,0,,,,,,,,,,,,,,,,,,,,,,,,,,,,,,,,,,,,,,,,,,,,,,,,,,,,,,,,,,,,
Q12,4,2,1,2.77,orders,lineitem,3115341,0,never_instantiated,0,,,,,0,0,,,,,,,,,,,,,,,,,,,,,,,,,,,,,,,,,,,,,,,,,,,,,,,,,,,,,,,,,,,,,,,,,,,,,,,,,,,,,,,,,,,,,,,,,,,,,,,,
Q13,4,2,1,8.72,orders,customer,15000000,0,never_instantiated,0,,,,,0,0,,,,,,,,,,,,,,,,,,,,,,,,,,,,,,,,,,,,,,,,,,,,,,,,,,,,,,,,,,,,,,,,,,,,,,,,,,,,,,,,,,,,,,,,,,,,,,,,
Q14,4,2,1,2.46,lineitem,part,6260702,0,never_instantiated,0,,,,,0,0,,,,,,,,,,,,,,,,,,,,,,,,,,,,,,,,,,,,,,,,,,,,,,,,,,,,,,,,,,,,,,,,,,,,,,,,,,,,,,,,,,,,,,,,,,,,,,,,
Q15,4,2,1,2.67,,,1,0,never_instantiated,0,,,,,0,0,supplier,,1000000,0,never_instantiated,0,,,,,0,0,,,,,,,,,,,,,,,,,,,,,,,,,,,,,,,,,,,,,,,,,,,,,,,,,,,,,,,,,,,,,,,,,,,,,,,,,,,,,,,,,,,,
Q16,4,2,1,2.26,,supplier,479,0,never_instantiated,0,,,,,0,0,partsupp,,2971749,0,never_instantiated,0,,,,,0,0,part,,8,0,never_instantiated,0,,,,,0,0,,,,,,,,,,,,,,,,,,,,,,,,,,,,,,,,,,,,,,,,,,,,,,,,,,,,,,,,,,,,,,,,,,,,,,,,
Q17,4,2,1,5.23,lineitem,part,20031,0,never_instantiated,0,,,,,0,0,,,600982,0,never_instantiated,0,,,,,0,0,lineitem,,20031,0,never_instantiated,0,,,,,0,0,,,,,,,,,,,,,,,,,,,,,,,,,,,,,,,,,,,,,,,,,,,,,,,,,,,,,,,,,,,,,,,,,,,,,,,,
Q18,4,2,1,23.06,,lineitem,6398,0,never_instantiated,0,,,,,0,0,,customer,14999999,0,never_instantiated,0,,,,,0,0,lineitem,orders,150000000,0,never_instantiated,0,,,,,0,0,,,,,,,,,,,,,,,,,,,,,,,,,,,,,,,,,,,,,,,,,,,,,,,,,,,,,,,,,,,,,,,,,,,,,,,,
Q19,4,2,1,4.82,lineitem,part,13930201,0,never_instantiated,0,,,,,0,0,,,,,,,,,,,,,,,,,,,,,,,,,,,,,,,,,,,,,,,,,,,,,,,,,,,,,,,,,,,,,,,,,,,,,,,,,,,,,,,,,,,,,,,,,,,,,,,,
Q20,4,2,1,3.80,,,24634,0,never_instantiated,0,,,,,0,0,partsupp,part,33123,0,never_instantiated,0,,,,,0,0,,,35136,0,never_instantiated,0,,,,,0,0,lineitem,,35136,0,never_instantiated,0,,,,,0,0,supplier,nation,1,0,never_instantiated,0,,,,,0,0,,,,,,,,,,,,,,,,,,,,,,,,,,,,,,,,,,,,,,,,,,,,,,,,
Q21,4,2,1,13.02,,nation,1,0,never_instantiated,0,,,,,0,0,,supplier,39953,0,never_instantiated,0,,,,,0,0,lineitem,orders,7079205,0,never_instantiated,0,,,,,0,0,,,7313671,0,never_instantiated,0,,,,,0,0,lineitem,,7313658,0,never_instantiated,0,,,,,0,0,,,7048027,0,never_instantiated,0,,,,,0,0,lineitem,,7048014,0,never_instantiated,0,,,,,0,0,,,,,,,,,,,,,,,,,,,,,,,,
Q22,4,2,1,2.57,,,1909668,0,never_instantiated,0,,,,,0,0,orders,,1909668,0,never_instantiated,0,,,,,0,0,,,,,,,,,,,,,,,,,,,,,,,,,,,,,,,,,,,,,,,,,,,,,,,,,,,,,,,,,,,,,,,,,,,,,,,,,,,,,,,,,,,,
Q01,4,3,1,4.62,,,,,,,,,,,,,,,,,,,,,,,,,,,,,,,,,,,,,,,,,,,,,,,,,,,,,,,,,,,,,,,,,,,,,,,,,,,,,,,,,,,,,,,,,,,,,,,,,,,,,,,,,,,,
Q02,4,3,1,1.13,,region,1,0,never_instantiated,0,,,,,0,0,,nation,5,0,never_instantiated,0,,,,,0,0,,part,47201,0,never_instantiated,0,,,,,0,0,partsupp,supplier,57959,0,never_instantiated,0,,,,,0,0,,,63825,0,never_instantiated,0,,,,,0,0,,,47107,0,never_instantiated,0,,,,,0,0,,region,1,0,never_instantiated,0,,,,,0,0,partsupp,,200535,0,never_instantiated,0,,,,,0,0,supplier,nation,5,0,never_instantiated,0,,,,,0,0
Q03,4,3,1,7.38,,customer,3000188,0,never_instantiated,0,,,,,0,0,lineitem,orders,72874383,0,never_instantiated,0,,,,,0,0,,,,,,,,,,,,,,,,,,,,,,,,,,,,,,,,,,,,,,,,,,,,,,,,,,,,,,,,,,,,,,,,,,,,,,,,,,,,,,,,,,,,
Q04,4,3,1,4.82,,,5733776,0,never_instantiated,0,,,,,0,0,lineitem,,5733776,0,never_instantiated,0,,,,,0,0,,,,,,,,,,,,,,,,,,,,,,,,,,,,,,,,,,,,,,,,,,,,,,,,,,,,,,,,,,,,,,,,,,,,,,,,,,,,,,,,,,,,
Q05,4,3,1,9999999,,,,,,,,,,,,,,,,,,,,,,,,,,,,,,,,,,,,,,,,,,,,,,,,,,,,,,,,,,,,,,,,,,,,,,,,,,,,,,,,,,,,,,,,,,,,,,,,,,,,,,,,,,,,
Q06,4,3,1,1.75,,,,,,,,,,,,,,,,,,,,,,,,,,,,,,,,,,,,,,,,,,,,,,,,,,,,,,,,,,,,,,,,,,,,,,,,,,,,,,,,,,,,,,,,,,,,,,,,,,,,,,,,,,,,
Q07,4,3,1,3.90,,nation,2,0,never_instantiated,0,,,,,0,0,,customer,556645,0,never_instantiated,0,,,,,0,0,,nation,2,0,never_instantiated,0,,,,,0,0,orders,,1179101,0,never_instantiated,0,,,,,0,0,lineitem,supplier,80171,0,never_instantiated,0,,,,,0,0,,,,,,,,,,,,,,,,,,,,,,,,,,,,,,,,,,,,,,,,,,,,,,,,
Q08,4,3,1,4.00,,region,1,0,never_instantiated,0,,,,,0,0,,nation,25,0,never_instantiated,0,,,,,0,0,,part,112955,0,never_instantiated,0,,,,,0,0,,nation,5,0,never_instantiated,0,,,,,0,0,,supplier,183035,0,never_instantiated,0,,,,,0,0,,customer,248030,0,never_instantiated,0,,,,,0,0,lineitem,orders,261849,0,never_instantiated,0,,,,,0,0,,,,,,,,,,,,,,,,,,,,,,,,
Q09,4,3,1,9.64,,orders,29533962,0,never_instantiated,0,,,,,0,0,,nation,25,0,never_instantiated,0,,,,,0,0,,part,1087982,0,never_instantiated,0,,,,,0,0,,partsupp,4363044,0,never_instantiated,0,,,,,0,0,lineitem,supplier,993888,0,never_instantiated,0,,,,,0,0,,,,,,,,,,,,,,,,,,,,,,,,,,,,,,,,,,,,,,,,,,,,,,,,
Q10,4,3,1,4.92,,nation,25,0,never_instantiated,0,,,,,0,0,customer,,11463171,0,never_instantiated,0,,,,,0,0,lineitem,orders,4918971,0,never_instantiated,0,,,,,0,0,,,,,,,,,,,,,,,,,,,,,,,,,,,,,,,,,,,,,,,,,,,,,,,,,,,,,,,,,,,,,,,,,,,,,,,,
Q11,4,3,1,0.72,,nation,1,0,never_instantiated,0,,,,,0,0,partsupp,supplier,40045,0,never_instantiated,0,,,,,0,0,partsupp,,40045,0,never_instantiated,0,,,,,0,0,supplier,nation,1,0,never_instantiated,0,,,,,0,0,,,,,,,,,,,,,,,,,,,,,,,,,,,,,,,,,,,,,,,,,,,,,,,,,,,,,,,,,,,,
Q12,4,3,1,2.77,orders,lineitem,3115341,0,never_instantiated,0,,,,,0,0,,,,,,,,,,,,,,,,,,,,,,,,,,,,,,,,,,,,,,,,,,,,,,,,,,,,,,,,,,,,,,,,,,,,,,,,,,,,,,,,,,,,,,,,,,,,,,,,
Q13,4,3,1,8.72,orders,customer,15000000,0,never_instantiated,0,,,,,0,0,,,,,,,,,,,,,,,,,,,,,,,,,,,,,,,,,,,,,,,,,,,,,,,,,,,,,,,,,,,,,,,,,,,,,,,,,,,,,,,,,,,,,,,,,,,,,,,,
Q14,4,3,1,2.46,lineitem,part,6260702,0,never_instantiated,0,,,,,0,0,,,,,,,,,,,,,,,,,,,,,,,,,,,,,,,,,,,,,,,,,,,,,,,,,,,,,,,,,,,,,,,,,,,,,,,,,,,,,,,,,,,,,,,,,,,,,,,,
Q15,4,3,1,2.67,,,1,0,never_instantiated,0,,,,,0,0,supplier,,1000000,0,never_instantiated,0,,,,,0,0,,,,,,,,,,,,,,,,,,,,,,,,,,,,,,,,,,,,,,,,,,,,,,,,,,,,,,,,,,,,,,,,,,,,,,,,,,,,,,,,,,,,
Q16,4,3,1,2.26,,supplier,479,0,never_instantiated,0,,,,,0,0,partsupp,,2971749,0,never_instantiated,0,,,,,0,0,part,,8,0,never_instantiated,0,,,,,0,0,,,,,,,,,,,,,,,,,,,,,,,,,,,,,,,,,,,,,,,,,,,,,,,,,,,,,,,,,,,,,,,,,,,,,,,,
Q17,4,3,1,5.13,lineitem,part,20031,0,never_instantiated,0,,,,,0,0,,,600982,0,never_instantiated,0,,,,,0,0,lineitem,,20031,0,never_instantiated,0,,,,,0,0,,,,,,,,,,,,,,,,,,,,,,,,,,,,,,,,,,,,,,,,,,,,,,,,,,,,,,,,,,,,,,,,,,,,,,,,
Q18,4,3,1,23.07,,lineitem,6398,0,never_instantiated,0,,,,,0,0,,customer,14999999,0,never_instantiated,0,,,,,0,0,lineitem,orders,150000000,0,never_instantiated,0,,,,,0,0,,,,,,,,,,,,,,,,,,,,,,,,,,,,,,,,,,,,,,,,,,,,,,,,,,,,,,,,,,,,,,,,,,,,,,,,
Q19,4,3,1,4.82,lineitem,part,13930201,0,never_instantiated,0,,,,,0,0,,,,,,,,,,,,,,,,,,,,,,,,,,,,,,,,,,,,,,,,,,,,,,,,,,,,,,,,,,,,,,,,,,,,,,,,,,,,,,,,,,,,,,,,,,,,,,,,
Q20,4,3,1,3.80,,,24634,0,never_instantiated,0,,,,,0,0,partsupp,part,33123,0,never_instantiated,0,,,,,0,0,,,35136,0,never_instantiated,0,,,,,0,0,lineitem,,35136,0,never_instantiated,0,,,,,0,0,supplier,nation,1,0,never_instantiated,0,,,,,0,0,,,,,,,,,,,,,,,,,,,,,,,,,,,,,,,,,,,,,,,,,,,,,,,,
Q21,4,3,1,13.02,,nation,1,0,never_instantiated,0,,,,,0,0,,orders,7079205,0,never_instantiated,0,,,,,0,0,lineitem,supplier,39953,0,never_instantiated,0,,,,,0,0,,,7313671,0,never_instantiated,0,,,,,0,0,lineitem,,7313658,0,never_instantiated,0,,,,,0,0,,,7048027,0,never_instantiated,0,,,,,0,0,lineitem,,7048014,0,never_instantiated,0,,,,,0,0,,,,,,,,,,,,,,,,,,,,,,,,
Q22,4,3,1,2.57,,,1909668,0,never_instantiated,0,,,,,0,0,orders,,1909668,0,never_instantiated,0,,,,,0,0,,,,,,,,,,,,,,,,,,,,,,,,,,,,,,,,,,,,,,,,,,,,,,,,,,,,,,,,,,,,,,,,,,,,,,,,,,,,,,,,,,,,
Q01,4,4,1,4.51,,,,,,,,,,,,,,,,,,,,,,,,,,,,,,,,,,,,,,,,,,,,,,,,,,,,,,,,,,,,,,,,,,,,,,,,,,,,,,,,,,,,,,,,,,,,,,,,,,,,,,,,,,,,
Q02,4,4,1,1.23,,region,1,0,never_instantiated,0,,,,,0,0,,nation,5,0,never_instantiated,0,,,,,0,0,,supplier,57959,0,never_instantiated,0,,,,,0,0,partsupp,part,47201,0,never_instantiated,0,,,,,0,0,,,63825,0,never_instantiated,0,,,,,0,0,,,47107,0,never_instantiated,0,,,,,0,0,,region,1,0,never_instantiated,0,,,,,0,0,partsupp,,200535,0,never_instantiated,0,,,,,0,0,supplier,nation,5,0,never_instantiated,0,,,,,0,0
Q03,4,4,1,3.59,,customer,860982,0,never_instantiated,0,,,,,0,0,lineitem,orders,1133865,0,never_instantiated,0,,,,,0,0,,,,,,,,,,,,,,,,,,,,,,,,,,,,,,,,,,,,,,,,,,,,,,,,,,,,,,,,,,,,,,,,,,,,,,,,,,,,,,,,,,,,
Q04,4,4,1,4.82,,,5733776,0,never_instantiated,0,,,,,0,0,lineitem,,5733776,0,never_instantiated,0,,,,,0,0,,,,,,,,,,,,,,,,,,,,,,,,,,,,,,,,,,,,,,,,,,,,,,,,,,,,,,,,,,,,,,,,,,,,,,,,,,,,,,,,,,,,
Q05,4,4,1,4.62,,region,1,0,never_instantiated,0,,,,,0,0,,nation,5,0,never_instantiated,0,,,,,0,0,,supplier,199889,0,never_instantiated,0,,,,,0,0,,customer,1747053,0,never_instantiated,0,,,,,0,0,lineitem,orders,4562850,0,never_instantiated,0,,,,,0,0,,,,,,,,,,,,,,,,,,,,,,,,,,,,,,,,,,,,,,,,,,,,,,,,
Q06,4,4,1,1.85,,,,,,,,,,,,,,,,,,,,,,,,,,,,,,,,,,,,,,,,,,,,,,,,,,,,,,,,,,,,,,,,,,,,,,,,,,,,,,,,,,,,,,,,,,,,,,,,,,,,,,,,,,,,
Q07,4,4,1,3.69,,nation,2,0,never_instantiated,0,,,,,0,0,,nation,2,0,never_instantiated,0,,,,,0,0,,supplier,80171,0,never_instantiated,0,,,,,0,0,,customer,556645,0,never_instantiated,0,,,,,0,0,lineitem,orders,1014869,0,never_instantiated,0,,,,,0,0,,,,,,,,,,,,,,,,,,,,,,,,,,,,,,,,,,,,,,,,,,,,,,,,
Q08,4,4,1,4.72,,region,1,0,never_instantiated,0,,,,,0,0,,nation,25,0,never_instantiated,0,,,,,0,0,,nation,5,0,never_instantiated,0,,,,,0,0,customer,,245334,0,never_instantiated,0,,,,,0,0,supplier,,245334,0,never_instantiated,0,,,,,0,0,orders,,246009,0,never_instantiated,0,,,,,0,0,lineitem,part,112955,0,never_instantiated,0,,,,,0,0,,,,,,,,,,,,,,,,,,,,,,,,
Q09,4,4,1,10.98,,partsupp,79993904,0,never_instantiated,0,,,,,0,0,,nation,25,0,never_instantiated,0,,,,,0,0,,part,1087982,0,never_instantiated,0,,,,,0,0,,supplier,993888,0,never_instantiated,0,,,,,0,0,lineitem,orders,29533962,0,never_instantiated,0,,,,,0,0,,,,,,,,,,,,,,,,,,,,,,,,,,,,,,,,,,,,,,,,,,,,,,,,
Q10,4,4,1,4.92,,nation,25,0,never_instantiated,0,,,,,0,0,customer,,11463171,0,never_instantiated,0,,,,,0,0,lineitem,orders,4918971,0,never_instantiated,0,,,,,0,0,,,,,,,,,,,,,,,,,,,,,,,,,,,,,,,,,,,,,,,,,,,,,,,,,,,,,,,,,,,,,,,,,,,,,,,,
Q11,4,4,1,0.72,partsupp,,40045,0,never_instantiated,0,,,,,0,0,supplier,nation,1,0,never_instantiated,0,,,,,0,0,,nation,1,0,never_instantiated,0,,,,,0,0,partsupp,supplier,40045,0,never_instantiated,0,,,,,0,0,,,,,,,,,,,,,,,,,,,,,,,,,,,,,,,,,,,,,,,,,,,,,,,,,,,,,,,,,,,,
Q12,4,4,1,2.77,orders,lineitem,3115341,0,never_instantiated,0,,,,,0,0,,,,,,,,,,,,,,,,,,,,,,,,,,,,,,,,,,,,,,,,,,,,,,,,,,,,,,,,,,,,,,,,,,,,,,,,,,,,,,,,,,,,,,,,,,,,,,,,
Q13,4,4,1,8.51,orders,customer,15000000,0,never_instantiated,0,,,,,0,0,,,,,,,,,,,,,,,,,,,,,,,,,,,,,,,,,,,,,,,,,,,,,,,,,,,,,,,,,,,,,,,,,,,,,,,,,,,,,,,,,,,,,,,,,,,,,,,,
Q14,4,4,1,2.47,lineitem,part,6260702,0,never_instantiated,0,,,,,0,0,,,,,,,,,,,,,,,,,,,,,,,,,,,,,,,,,,,,,,,,,,,,,,,,,,,,,,,,,,,,,,,,,,,,,,,,,,,,,,,,,,,,,,,,,,,,,,,,
Q15,4,4,1,2.67,,,1,0,never_instantiated,0,,,,,0,0,supplier,,1000000,0,never_instantiated,0,,,,,0,0,,,,,,,,,,,,,,,,,,,,,,,,,,,,,,,,,,,,,,,,,,,,,,,,,,,,,,,,,,,,,,,,,,,,,,,,,,,,,,,,,,,,
Q16,4,4,1,2.26,,supplier,479,0,never_instantiated,0,,,,,0,0,partsupp,,2971749,0,never_instantiated,0,,,,,0,0,part,,8,0,never_instantiated,0,,,,,0,0,,,,,,,,,,,,,,,,,,,,,,,,,,,,,,,,,,,,,,,,,,,,,,,,,,,,,,,,,,,,,,,,,,,,,,,,
Q17,4,4,1,5.23,lineitem,part,20031,0,never_instantiated,0,,,,,0,0,,,600982,0,never_instantiated,0,,,,,0,0,lineitem,,20031,0,never_instantiated,0,,,,,0,0,,,,,,,,,,,,,,,,,,,,,,,,,,,,,,,,,,,,,,,,,,,,,,,,,,,,,,,,,,,,,,,,,,,,,,,,
Q18,4,4,1,22.96,,lineitem,6398,0,never_instantiated,0,,,,,0,0,,customer,14999999,0,never_instantiated,0,,,,,0,0,lineitem,orders,150000000,0,never_instantiated,0,,,,,0,0,,,,,,,,,,,,,,,,,,,,,,,,,,,,,,,,,,,,,,,,,,,,,,,,,,,,,,,,,,,,,,,,,,,,,,,,
Q19,4,4,1,4.82,lineitem,part,13930201,0,never_instantiated,0,,,,,0,0,,,,,,,,,,,,,,,,,,,,,,,,,,,,,,,,,,,,,,,,,,,,,,,,,,,,,,,,,,,,,,,,,,,,,,,,,,,,,,,,,,,,,,,,,,,,,,,,
Q20,4,4,1,3.80,,,24634,0,never_instantiated,0,,,,,0,0,partsupp,part,33123,0,never_instantiated,0,,,,,0,0,,,35136,0,never_instantiated,0,,,,,0,0,lineitem,,35136,0,never_instantiated,0,,,,,0,0,supplier,nation,1,0,never_instantiated,0,,,,,0,0,,,,,,,,,,,,,,,,,,,,,,,,,,,,,,,,,,,,,,,,,,,,,,,,
Q21,4,4,1,12.92,,nation,1,0,never_instantiated,0,,,,,0,0,,supplier,39953,0,never_instantiated,0,,,,,0,0,lineitem,orders,7079205,0,never_instantiated,0,,,,,0,0,,,7313671,0,never_instantiated,0,,,,,0,0,lineitem,,7313658,0,never_instantiated,0,,,,,0,0,,,7048027,0,never_instantiated,0,,,,,0,0,lineitem,,7048014,0,never_instantiated,0,,,,,0,0,,,,,,,,,,,,,,,,,,,,,,,,
Q22,4,4,1,2.57,,,1909668,0,never_instantiated,0,,,,,0,0,orders,,1909668,0,never_instantiated,0,,,,,0,0,,,,,,,,,,,,,,,,,,,,,,,,,,,,,,,,,,,,,,,,,,,,,,,,,,,,,,,,,,,,,,,,,,,,,,,,,,,,,,,,,,,,
Q01,4,5,1,4.51,,,,,,,,,,,,,,,,,,,,,,,,,,,,,,,,,,,,,,,,,,,,,,,,,,,,,,,,,,,,,,,,,,,,,,,,,,,,,,,,,,,,,,,,,,,,,,,,,,,,,,,,,,,,
Q02,4,5,1,1.23,,region,1,0,never_instantiated,0,,,,,0,0,,nation,5,0,never_instantiated,0,,,,,0,0,,part,47201,0,never_instantiated,0,,,,,0,0,partsupp,supplier,57959,0,never_instantiated,0,,,,,0,0,,,63825,0,never_instantiated,0,,,,,0,0,,,47107,0,never_instantiated,0,,,,,0,0,,region,1,0,never_instantiated,0,,,,,0,0,,nation,5,0,never_instantiated,0,,,,,0,0,partsupp,supplier,200535,0,never_instantiated,0,,,,,0,0
Q03,4,5,1,3.59,,customer,860982,0,never_instantiated,0,,,,,0,0,lineitem,orders,1133865,0,never_instantiated,0,,,,,0,0,,,,,,,,,,,,,,,,,,,,,,,,,,,,,,,,,,,,,,,,,,,,,,,,,,,,,,,,,,,,,,,,,,,,,,,,,,,,,,,,,,,,
Q04,4,5,1,4.82,,,5733776,0,never_instantiated,0,,,,,0,0,lineitem,,5733776,0,never_instantiated,0,,,,,0,0,,,,,,,,,,,,,,,,,,,,,,,,,,,,,,,,,,,,,,,,,,,,,,,,,,,,,,,,,,,,,,,,,,,,,,,,,,,,,,,,,,,,
Q05,4,5,1,9999999,,,,,,,,,,,,,,,,,,,,,,,,,,,,,,,,,,,,,,,,,,,,,,,,,,,,,,,,,,,,,,,,,,,,,,,,,,,,,,,,,,,,,,,,,,,,,,,,,,,,,,,,,,,,
Q06,4,5,1,1.75,,,,,,,,,,,,,,,,,,,,,,,,,,,,,,,,,,,,,,,,,,,,,,,,,,,,,,,,,,,,,,,,,,,,,,,,,,,,,,,,,,,,,,,,,,,,,,,,,,,,,,,,,,,,
Q07,4,5,1,3.90,,nation,2,0,never_instantiated,0,,,,,0,0,,customer,556645,0,never_instantiated,0,,,,,0,0,,nation,2,0,never_instantiated,0,,,,,0,0,orders,,1179101,0,never_instantiated,0,,,,,0,0,lineitem,supplier,80171,0,never_instantiated,0,,,,,0,0,,,,,,,,,,,,,,,,,,,,,,,,,,,,,,,,,,,,,,,,,,,,,,,,
Q08,4,5,1,3.90,,region,1,0,never_instantiated,0,,,,,0,0,,nation,5,0,never_instantiated,0,,,,,0,0,,part,112955,0,never_instantiated,0,,,,,0,0,,customer,248030,0,never_instantiated,0,,,,,0,0,,orders,261849,0,never_instantiated,0,,,,,0,0,,nation,25,0,never_instantiated,0,,,,,0,0,lineitem,supplier,183035,0,never_instantiated,0,,,,,0,0,,,,,,,,,,,,,,,,,,,,,,,,
Q09,4,5,1,9.13,,nation,25,0,never_instantiated,0,,,,,0,0,,supplier,993888,0,never_instantiated,0,,,,,0,0,,partsupp,4363044,0,never_instantiated,0,,,,,0,0,,orders,29533962,0,never_instantiated,0,,,,,0,0,lineitem,part,1087982,0,never_instantiated,0,,,,,0,0,,,,,,,,,,,,,,,,,,,,,,,,,,,,,,,,,,,,,,,,,,,,,,,,
Q10,4,5,1,4.93,,nation,25,0,never_instantiated,0,,,,,0,0,customer,,11463171,0,never_instantiated,0,,,,,0,0,lineitem,orders,4918971,0,never_instantiated,0,,,,,0,0,,,,,,,,,,,,,,,,,,,,,,,,,,,,,,,,,,,,,,,,,,,,,,,,,,,,,,,,,,,,,,,,,,,,,,,,
Q11,4,5,1,0.72,,nation,1,0,never_instantiated,0,,,,,0,0,partsupp,supplier,40045,0,never_instantiated,0,,,,,0,0,partsupp,,40045,0,never_instantiated,0,,,,,0,0,supplier,nation,1,0,never_instantiated,0,,,,,0,0,,,,,,,,,,,,,,,,,,,,,,,,,,,,,,,,,,,,,,,,,,,,,,,,,,,,,,,,,,,,
Q12,4,5,1,2.77,orders,lineitem,3115341,0,never_instantiated,0,,,,,0,0,,,,,,,,,,,,,,,,,,,,,,,,,,,,,,,,,,,,,,,,,,,,,,,,,,,,,,,,,,,,,,,,,,,,,,,,,,,,,,,,,,,,,,,,,,,,,,,,
Q13,4,5,1,8.62,orders,customer,15000000,0,never_instantiated,0,,,,,0,0,,,,,,,,,,,,,,,,,,,,,,,,,,,,,,,,,,,,,,,,,,,,,,,,,,,,,,,,,,,,,,,,,,,,,,,,,,,,,,,,,,,,,,,,,,,,,,,,
Q14,4,5,1,2.46,lineitem,part,6260702,0,never_instantiated,0,,,,,0,0,,,,,,,,,,,,,,,,,,,,,,,,,,,,,,,,,,,,,,,,,,,,,,,,,,,,,,,,,,,,,,,,,,,,,,,,,,,,,,,,,,,,,,,,,,,,,,,,
Q15,4,5,1,2.67,,,1,0,never_instantiated,0,,,,,0,0,supplier,,1000000,0,never_instantiated,0,,,,,0,0,,,,,,,,,,,,,,,,,,,,,,,,,,,,,,,,,,,,,,,,,,,,,,,,,,,,,,,,,,,,,,,,,,,,,,,,,,,,,,,,,,,,
Q16,4,5,1,2.26,,supplier,479,0,never_instantiated,0,,,,,0,0,partsupp,,2971749,0,never_instantiated,0,,,,,0,0,part,,8,0,never_instantiated,0,,,,,0,0,,,,,,,,,,,,,,,,,,,,,,,,,,,,,,,,,,,,,,,,,,,,,,,,,,,,,,,,,,,,,,,,,,,,,,,,
Q17,4,5,1,5.13,lineitem,part,20031,0,never_instantiated,0,,,,,0,0,,,600982,0,never_instantiated,0,,,,,0,0,lineitem,,20031,0,never_instantiated,0,,,,,0,0,,,,,,,,,,,,,,,,,,,,,,,,,,,,,,,,,,,,,,,,,,,,,,,,,,,,,,,,,,,,,,,,,,,,,,,,
Q18,4,5,1,22.86,,lineitem,6398,0,never_instantiated,0,,,,,0,0,,customer,14999999,0,never_instantiated,0,,,,,0,0,lineitem,orders,150000000,0,never_instantiated,0,,,,,0,0,,,,,,,,,,,,,,,,,,,,,,,,,,,,,,,,,,,,,,,,,,,,,,,,,,,,,,,,,,,,,,,,,,,,,,,,
Q19,4,5,1,4.82,lineitem,part,13930201,0,never_instantiated,0,,,,,0,0,,,,,,,,,,,,,,,,,,,,,,,,,,,,,,,,,,,,,,,,,,,,,,,,,,,,,,,,,,,,,,,,,,,,,,,,,,,,,,,,,,,,,,,,,,,,,,,,
Q20,4,5,1,3.80,,,24634,0,never_instantiated,0,,,,,0,0,partsupp,part,33123,0,never_instantiated,0,,,,,0,0,,,35136,0,never_instantiated,0,,,,,0,0,lineitem,,35136,0,never_instantiated,0,,,,,0,0,supplier,nation,1,0,never_instantiated,0,,,,,0,0,,,,,,,,,,,,,,,,,,,,,,,,,,,,,,,,,,,,,,,,,,,,,,,,
Q21,4,5,1,13.53,,nation,1,0,never_instantiated,0,,,,,0,0,,orders,7079205,0,never_instantiated,0,,,,,0,0,lineitem,supplier,39953,0,never_instantiated,0,,,,,0,0,,,7313671,0,never_instantiated,0,,,,,0,0,lineitem,,7313658,0,never_instantiated,0,,,,,0,0,,,7048027,0,never_instantiated,0,,,,,0,0,lineitem,,7048014,0,never_instantiated,0,,,,,0,0,,,,,,,,,,,,,,,,,,,,,,,,
Q22,4,5,1,2.46,,,1909668,0,never_instantiated,0,,,,,0,0,orders,,1909668,0,never_instantiated,0,,,,,0,0,,,,,,,,,,,,,,,,,,,,,,,,,,,,,,,,,,,,,,,,,,,,,,,,,,,,,,,,,,,,,,,,,,,,,,,,,,,,,,,,,,,,
Q01,4,6,1,4.62,,,,,,,,,,,,,,,,,,,,,,,,,,,,,,,,,,,,,,,,,,,,,,,,,,,,,,,,,,,,,,,,,,,,,,,,,,,,,,,,,,,,,,,,,,,,,,,,,,,,,,,,,,,,
Q02,4,6,1,1.23,,region,1,0,never_instantiated,0,,,,,0,0,,nation,5,0,never_instantiated,0,,,,,0,0,,supplier,57959,0,never_instantiated,0,,,,,0,0,partsupp,part,47201,0,never_instantiated,0,,,,,0,0,,,63825,0,never_instantiated,0,,,,,0,0,,,47107,0,never_instantiated,0,,,,,0,0,,region,1,0,never_instantiated,0,,,,,0,0,partsupp,,200535,0,never_instantiated,0,,,,,0,0,supplier,nation,5,0,never_instantiated,0,,,,,0,0
Q03,4,6,1,3.59,,customer,860982,0,never_instantiated,0,,,,,0,0,lineitem,orders,1133865,0,never_instantiated,0,,,,,0,0,,,,,,,,,,,,,,,,,,,,,,,,,,,,,,,,,,,,,,,,,,,,,,,,,,,,,,,,,,,,,,,,,,,,,,,,,,,,,,,,,,,,
Q04,4,6,1,4.82,,,5733776,0,never_instantiated,0,,,,,0,0,lineitem,,5733776,0,never_instantiated,0,,,,,0,0,,,,,,,,,,,,,,,,,,,,,,,,,,,,,,,,,,,,,,,,,,,,,,,,,,,,,,,,,,,,,,,,,,,,,,,,,,,,,,,,,,,,
Q05,4,6,1,5.74,,region,1,0,never_instantiated,0,,,,,0,0,,nation,5,0,never_instantiated,0,,,,,0,0,,customer,6943826,0,never_instantiated,0,,,,,0,0,,supplier,199889,0,never_instantiated,0,,,,,0,0,lineitem,orders,12501118,0,never_instantiated,0,,,,,0,0,,,,,,,,,,,,,,,,,,,,,,,,,,,,,,,,,,,,,,,,,,,,,,,,
Q06,4,6,1,1.75,,,,,,,,,,,,,,,,,,,,,,,,,,,,,,,,,,,,,,,,,,,,,,,,,,,,,,,,,,,,,,,,,,,,,,,,,,,,,,,,,,,,,,,,,,,,,,,,,,,,,,,,,,,,
Q07,4,6,1,3.69,,nation,2,0,never_instantiated,0,,,,,0,0,,customer,556645,0,never_instantiated,0,,,,,0,0,,nation,2,0,never_instantiated,0,,,,,0,0,,supplier,80171,0,never_instantiated,0,,,,,0,0,lineitem,orders,1014869,0,never_instantiated,0,,,,,0,0,,,,,,,,,,,,,,,,,,,,,,,,,,,,,,,,,,,,,,,,,,,,,,,,
Q08,4,6,1,4.00,,region,1,0,never_instantiated,0,,,,,0,0,,nation,25,0,never_instantiated,0,,,,,0,0,,nation,5,0,never_instantiated,0,,,,,0,0,supplier,,244821,0,never_instantiated,0,,,,,0,0,customer,,245334,0,never_instantiated,0,,,,,0,0,,part,112955,0,never_instantiated,0,,,,,0,0,lineitem,orders,261849,0,never_instantiated,0,,,,,0,0,,,,,,,,,,,,,,,,,,,,,,,,
Q09,4,6,1,9.23,,nation,25,0,never_instantiated,0,,,,,0,0,,supplier,993888,0,never_instantiated,0,,,,,0,0,,orders,29533962,0,never_instantiated,0,,,,,0,0,,part,1087982,0,never_instantiated,0,,,,,0,0,lineitem,partsupp,4363044,0,never_instantiated,0,,,,,0,0,,,,,,,,,,,,,,,,,,,,,,,,,,,,,,,,,,,,,,,,,,,,,,,,
Q10,4,6,1,4.92,,nation,25,0,never_instantiated,0,,,,,0,0,customer,,11463171,0,never_instantiated,0,,,,,0,0,lineitem,orders,4918971,0,never_instantiated,0,,,,,0,0,,,,,,,,,,,,,,,,,,,,,,,,,,,,,,,,,,,,,,,,,,,,,,,,,,,,,,,,,,,,,,,,,,,,,,,,
Q11,4,6,1,0.72,partsupp,,40045,0,never_instantiated,0,,,,,0,0,supplier,nation,1,0,never_instantiated,0,,,,,0,0,partsupp,,40045,0,never_instantiated,0,,,,,0,0,supplier,nation,1,0,never_instantiated,0,,,,,0,0,,,,,,,,,,,,,,,,,,,,,,,,,,,,,,,,,,,,,,,,,,,,,,,,,,,,,,,,,,,,
Q12,4,6,1,2.77,orders,lineitem,3115341,0,never_instantiated,0,,,,,0,0,,,,,,,,,,,,,,,,,,,,,,,,,,,,,,,,,,,,,,,,,,,,,,,,,,,,,,,,,,,,,,,,,,,,,,,,,,,,,,,,,,,,,,,,,,,,,,,,
Q13,4,6,1,8.61,orders,customer,15000000,0,never_instantiated,0,,,,,0,0,,,,,,,,,,,,,,,,,,,,,,,,,,,,,,,,,,,,,,,,,,,,,,,,,,,,,,,,,,,,,,,,,,,,,,,,,,,,,,,,,,,,,,,,,,,,,,,,
Q14,4,6,1,2.46,lineitem,part,6260702,0,never_instantiated,0,,,,,0,0,,,,,,,,,,,,,,,,,,,,,,,,,,,,,,,,,,,,,,,,,,,,,,,,,,,,,,,,,,,,,,,,,,,,,,,,,,,,,,,,,,,,,,,,,,,,,,,,
Q15,4,6,1,2.67,,,1,0,never_instantiated,0,,,,,0,0,supplier,,1000000,0,never_instantiated,0,,,,,0,0,,,,,,,,,,,,,,,,,,,,,,,,,,,,,,,,,,,,,,,,,,,,,,,,,,,,,,,,,,,,,,,,,,,,,,,,,,,,,,,,,,,,
Q16,4,6,1,2.26,,supplier,479,0,never_instantiated,0,,,,,0,0,partsupp,,2971749,0,never_instantiated,0,,,,,0,0,part,,8,0,never_instantiated,0,,,,,0,0,,,,,,,,,,,,,,,,,,,,,,,,,,,,,,,,,,,,,,,,,,,,,,,,,,,,,,,,,,,,,,,,,,,,,,,,
Q17,4,6,1,5.23,lineitem,part,20031,0,never_instantiated,0,,,,,0,0,,,600982,0,never_instantiated,0,,,,,0,0,lineitem,,20031,0,never_instantiated,0,,,,,0,0,,,,,,,,,,,,,,,,,,,,,,,,,,,,,,,,,,,,,,,,,,,,,,,,,,,,,,,,,,,,,,,,,,,,,,,,
Q18,4,6,1,22.66,,lineitem,6398,0,never_instantiated,0,,,,,0,0,,customer,14999999,0,never_instantiated,0,,,,,0,0,lineitem,orders,150000000,0,never_instantiated,0,,,,,0,0,,,,,,,,,,,,,,,,,,,,,,,,,,,,,,,,,,,,,,,,,,,,,,,,,,,,,,,,,,,,,,,,,,,,,,,,
Q19,4,6,1,4.72,lineitem,part,13930201,0,never_instantiated,0,,,,,0,0,,,,,,,,,,,,,,,,,,,,,,,,,,,,,,,,,,,,,,,,,,,,,,,,,,,,,,,,,,,,,,,,,,,,,,,,,,,,,,,,,,,,,,,,,,,,,,,,
Q20,4,6,1,3.80,,,24634,0,never_instantiated,0,,,,,0,0,partsupp,part,33123,0,never_instantiated,0,,,,,0,0,,,35136,0,never_instantiated,0,,,,,0,0,lineitem,,35136,0,never_instantiated,0,,,,,0,0,supplier,nation,1,0,never_instantiated,0,,,,,0,0,,,,,,,,,,,,,,,,,,,,,,,,,,,,,,,,,,,,,,,,,,,,,,,,
Q21,4,6,1,13.03,,nation,1,0,never_instantiated,0,,,,,0,0,,supplier,39953,0,never_instantiated,0,,,,,0,0,lineitem,orders,7079205,0,never_instantiated,0,,,,,0,0,,,7313671,0,never_instantiated,0,,,,,0,0,lineitem,,7313658,0,never_instantiated,0,,,,,0,0,,,7048027,0,never_instantiated,0,,,,,0,0,lineitem,,7048014,0,never_instantiated,0,,,,,0,0,,,,,,,,,,,,,,,,,,,,,,,,
Q22,4,6,1,2.57,,,1909668,0,never_instantiated,0,,,,,0,0,orders,,1909668,0,never_instantiated,0,,,,,0,0,,,,,,,,,,,,,,,,,,,,,,,,,,,,,,,,,,,,,,,,,,,,,,,,,,,,,,,,,,,,,,,,,,,,,,,,,,,,,,,,,,,,
Q01,4,7,1,4.51,,,,,,,,,,,,,,,,,,,,,,,,,,,,,,,,,,,,,,,,,,,,,,,,,,,,,,,,,,,,,,,,,,,,,,,,,,,,,,,,,,,,,,,,,,,,,,,,,,,,,,,,,,,,
Q02,4,7,1,1.23,,region,1,0,never_instantiated,0,,,,,0,0,,nation,5,0,never_instantiated,0,,,,,0,0,,part,47201,0,never_instantiated,0,,,,,0,0,partsupp,supplier,57959,0,never_instantiated,0,,,,,0,0,,,63825,0,never_instantiated,0,,,,,0,0,,,47107,0,never_instantiated,0,,,,,0,0,,region,1,0,never_instantiated,0,,,,,0,0,,nation,5,0,never_instantiated,0,,,,,0,0,partsupp,supplier,200535,0,never_instantiated,0,,,,,0,0
Q03,4,7,1,7.38,,customer,3000188,0,never_instantiated,0,,,,,0,0,lineitem,orders,72874383,0,never_instantiated,0,,,,,0,0,,,,,,,,,,,,,,,,,,,,,,,,,,,,,,,,,,,,,,,,,,,,,,,,,,,,,,,,,,,,,,,,,,,,,,,,,,,,,,,,,,,,
Q04,4,7,1,4.72,,,5733776,0,never_instantiated,0,,,,,0,0,lineitem,,5733776,0,never_instantiated,0,,,,,0,0,,,,,,,,,,,,,,,,,,,,,,,,,,,,,,,,,,,,,,,,,,,,,,,,,,,,,,,,,,,,,,,,,,,,,,,,,,,,,,,,,,,,
Q05,4,7,1,9999999,,,,,,,,,,,,,,,,,,,,,,,,,,,,,,,,,,,,,,,,,,,,,,,,,,,,,,,,,,,,,,,,,,,,,,,,,,,,,,,,,,,,,,,,,,,,,,,,,,,,,,,,,,,,
Q06,4,7,1,1.75,,,,,,,,,,,,,,,,,,,,,,,,,,,,,,,,,,,,,,,,,,,,,,,,,,,,,,,,,,,,,,,,,,,,,,,,,,,,,,,,,,,,,,,,,,,,,,,,,,,,,,,,,,,,
Q07,4,7,1,3.90,,nation,2,0,never_instantiated,0,,,,,0,0,,nation,2,0,never_instantiated,0,,,,,0,0,,customer,556645,0,never_instantiated,0,,,,,0,0,orders,,1179101,0,never_instantiated,0,,,,,0,0,lineitem,supplier,80171,0,never_instantiated,0,,,,,0,0,,,,,,,,,,,,,,,,,,,,,,,,,,,,,,,,,,,,,,,,,,,,,,,,
Q08,4,7,1,4.72,,region,1,0,never_instantiated,0,,,,,0,0,,nation,5,0,never_instantiated,0,,,,,0,0,customer,,245334,0,never_instantiated,0,,,,,0,0,,nation,25,0,never_instantiated,0,,,,,0,0,orders,,246009,0,never_instantiated,0,,,,,0,0,,supplier,183035,0,never_instantiated,0,,,,,0,0,lineitem,part,112955,0,never_instantiated,0,,,,,0,0,,,,,,,,,,,,,,,,,,,,,,,,
Q09,4,7,1,9.23,,nation,25,0,never_instantiated,0,,,,,0,0,,part,1087982,0,never_instantiated,0,,,,,0,0,,orders,29533962,0,never_instantiated,0,,,,,0,0,,partsupp,4363044,0,never_instantiated,0,,,,,0,0,lineitem,supplier,993888,0,never_instantiated,0,,,,,0,0,,,,,,,,,,,,,,,,,,,,,,,,,,,,,,,,,,,,,,,,,,,,,,,,
Q10,4,7,1,5.03,,nation,25,0,never_instantiated,0,,,,,0,0,customer,,11463171,0,never_instantiated,0,,,,,0,0,lineitem,orders,4918971,0,never_instantiated,0,,,,,0,0,,,,,,,,,,,,,,,,,,,,,,,,,,,,,,,,,,,,,,,,,,,,,,,,,,,,,,,,,,,,,,,,,,,,,,,,
Q11,4,7,1,0.72,,nation,1,0,never_instantiated,0,,,,,0,0,partsupp,supplier,40045,0,never_instantiated,0,,,,,0,0,,nation,1,0,never_instantiated,0,,,,,0,0,partsupp,supplier,40045,0,never_instantiated,0,,,,,0,0,,,,,,,,,,,,,,,,,,,,,,,,,,,,,,,,,,,,,,,,,,,,,,,,,,,,,,,,,,,,
Q12,4,7,1,2.77,orders,lineitem,3115341,0,never_instantiated,0,,,,,0,0,,,,,,,,,,,,,,,,,,,,,,,,,,,,,,,,,,,,,,,,,,,,,,,,,,,,,,,,,,,,,,,,,,,,,,,,,,,,,,,,,,,,,,,,,,,,,,,,
Q13,4,7,1,8.72,orders,customer,15000000,0,never_instantiated,0,,,,,0,0,,,,,,,,,,,,,,,,,,,,,,,,,,,,,,,,,,,,,,,,,,,,,,,,,,,,,,,,,,,,,,,,,,,,,,,,,,,,,,,,,,,,,,,,,,,,,,,,
Q14,4,7,1,2.46,lineitem,part,6260702,0,never_instantiated,0,,,,,0,0,,,,,,,,,,,,,,,,,,,,,,,,,,,,,,,,,,,,,,,,,,,,,,,,,,,,,,,,,,,,,,,,,,,,,,,,,,,,,,,,,,,,,,,,,,,,,,,,
Q15,4,7,1,2.67,,,1,0,never_instantiated,0,,,,,0,0,supplier,,1000000,0,never_instantiated,0,,,,,0,0,,,,,,,,,,,,,,,,,,,,,,,,,,,,,,,,,,,,,,,,,,,,,,,,,,,,,,,,,,,,,,,,,,,,,,,,,,,,,,,,,,,,
Q16,4,7,1,2.26,,supplier,479,0,never_instantiated,0,,,,,0,0,partsupp,,2971749,0,never_instantiated,0,,,,,0,0,part,,8,0,never_instantiated,0,,,,,0,0,,,,,,,,,,,,,,,,,,,,,,,,,,,,,,,,,,,,,,,,,,,,,,,,,,,,,,,,,,,,,,,,,,,,,,,,
Q17,4,7,1,5.12,lineitem,part,20031,0,never_instantiated,0,,,,,0,0,,,600982,0,never_instantiated,0,,,,,0,0,lineitem,,20031,0,never_instantiated,0,,,,,0,0,,,,,,,,,,,,,,,,,,,,,,,,,,,,,,,,,,,,,,,,,,,,,,,,,,,,,,,,,,,,,,,,,,,,,,,,
Q18,4,7,1,22.86,,lineitem,6398,0,never_instantiated,0,,,,,0,0,,customer,14999999,0,never_instantiated,0,,,,,0,0,lineitem,orders,150000000,0,never_instantiated,0,,,,,0,0,,,,,,,,,,,,,,,,,,,,,,,,,,,,,,,,,,,,,,,,,,,,,,,,,,,,,,,,,,,,,,,,,,,,,,,,
Q19,4,7,1,4.72,lineitem,part,13930201,0,never_instantiated,0,,,,,0,0,,,,,,,,,,,,,,,,,,,,,,,,,,,,,,,,,,,,,,,,,,,,,,,,,,,,,,,,,,,,,,,,,,,,,,,,,,,,,,,,,,,,,,,,,,,,,,,,
Q20,4,7,1,3.79,,,24634,0,never_instantiated,0,,,,,0,0,partsupp,part,33123,0,never_instantiated,0,,,,,0,0,,,35136,0,never_instantiated,0,,,,,0,0,lineitem,,35136,0,never_instantiated,0,,,,,0,0,supplier,nation,1,0,never_instantiated,0,,,,,0,0,,,,,,,,,,,,,,,,,,,,,,,,,,,,,,,,,,,,,,,,,,,,,,,,
Q21,4,7,1,13.02,,nation,1,0,never_instantiated,0,,,,,0,0,,orders,7079205,0,never_instantiated,0,,,,,0,0,lineitem,supplier,39953,0,never_instantiated,0,,,,,0,0,,,7313671,0,never_instantiated,0,,,,,0,0,lineitem,,7313658,0,never_instantiated,0,,,,,0,0,,,7048027,0,never_instantiated,0,,,,,0,0,lineitem,,7048014,0,never_instantiated,0,,,,,0,0,,,,,,,,,,,,,,,,,,,,,,,,
Q22,4,7,1,2.57,,,1909668,0,never_instantiated,0,,,,,0,0,orders,,1909668,0,never_instantiated,0,,,,,0,0,,,,,,,,,,,,,,,,,,,,,,,,,,,,,,,,,,,,,,,,,,,,,,,,,,,,,,,,,,,,,,,,,,,,,,,,,,,,,,,,,,,,
Q01,4,8,1,4.51,,,,,,,,,,,,,,,,,,,,,,,,,,,,,,,,,,,,,,,,,,,,,,,,,,,,,,,,,,,,,,,,,,,,,,,,,,,,,,,,,,,,,,,,,,,,,,,,,,,,,,,,,,,,
Q02,4,8,1,1.23,,region,1,0,never_instantiated,0,,,,,0,0,,nation,5,0,never_instantiated,0,,,,,0,0,,supplier,57959,0,never_instantiated,0,,,,,0,0,partsupp,part,47201,0,never_instantiated,0,,,,,0,0,,,63825,0,never_instantiated,0,,,,,0,0,,,47107,0,never_instantiated,0,,,,,0,0,,region,1,0,never_instantiated,0,,,,,0,0,partsupp,,200535,0,never_instantiated,0,,,,,0,0,supplier,nation,5,0,never_instantiated,0,,,,,0,0
Q03,4,8,1,3.59,,customer,860982,0,never_instantiated,0,,,,,0,0,lineitem,orders,1133865,0,never_instantiated,0,,,,,0,0,,,,,,,,,,,,,,,,,,,,,,,,,,,,,,,,,,,,,,,,,,,,,,,,,,,,,,,,,,,,,,,,,,,,,,,,,,,,,,,,,,,,
Q04,4,8,1,4.82,,,5733776,0,never_instantiated,0,,,,,0,0,lineitem,,5733776,0,never_instantiated,0,,,,,0,0,,,,,,,,,,,,,,,,,,,,,,,,,,,,,,,,,,,,,,,,,,,,,,,,,,,,,,,,,,,,,,,,,,,,,,,,,,,,,,,,,,,,
Q05,4,8,1,8.71,,region,1,0,never_instantiated,0,,,,,0,0,,nation,5,0,never_instantiated,0,,,,,0,0,,customer,2999759,0,never_instantiated,0,,,,,0,0,,supplier,199889,0,never_instantiated,0,,,,,0,0,lineitem,orders,22760819,0,never_instantiated,0,,,,,0,0,,,,,,,,,,,,,,,,,,,,,,,,,,,,,,,,,,,,,,,,,,,,,,,,
Q06,4,8,1,1.75,,,,,,,,,,,,,,,,,,,,,,,,,,,,,,,,,,,,,,,,,,,,,,,,,,,,,,,,,,,,,,,,,,,,,,,,,,,,,,,,,,,,,,,,,,,,,,,,,,,,,,,,,,,,
Q07,4,8,1,3.69,,nation,2,0,never_instantiated,0,,,,,0,0,,customer,556645,0,never_instantiated,0,,,,,0,0,,nation,2,0,never_instantiated,0,,,,,0,0,,supplier,80171,0,never_instantiated,0,,,,,0,0,lineitem,orders,1014869,0,never_instantiated,0,,,,,0,0,,,,,,,,,,,,,,,,,,,,,,,,,,,,,,,,,,,,,,,,,,,,,,,,
Q08,4,8,1,3.90,,region,1,0,never_instantiated,0,,,,,0,0,,nation,5,0,never_instantiated,0,,,,,0,0,customer,,245334,0,never_instantiated,0,,,,,0,0,,part,112955,0,never_instantiated,0,,,,,0,0,,nation,25,0,never_instantiated,0,,,,,0,0,,orders,261849,0,never_instantiated,0,,,,,0,0,lineitem,supplier,183035,0,never_instantiated,0,,,,,0,0,,,,,,,,,,,,,,,,,,,,,,,,
Q09,4,8,1,9.74,,nation,25,0,never_instantiated,0,,,,,0,0,,supplier,993888,0,never_instantiated,0,,,,,0,0,,part,1087982,0,never_instantiated,0,,,,,0,0,,partsupp,4363044,0,never_instantiated,0,,,,,0,0,lineitem,orders,29533962,0,never_instantiated,0,,,,,0,0,,,,,,,,,,,,,,,,,,,,,,,,,,,,,,,,,,,,,,,,,,,,,,,,
Q10,4,8,1,4.92,,nation,25,0,never_instantiated,0,,,,,0,0,customer,,11463171,0,never_instantiated,0,,,,,0,0,lineitem,orders,4918971,0,never_instantiated,0,,,,,0,0,,,,,,,,,,,,,,,,,,,,,,,,,,,,,,,,,,,,,,,,,,,,,,,,,,,,,,,,,,,,,,,,,,,,,,,,
Q11,4,8,1,0.72,partsupp,,40045,0,never_instantiated,0,,,,,0,0,supplier,nation,1,0,never_instantiated,0,,,,,0,0,partsupp,,40045,0,never_instantiated,0,,,,,0,0,supplier,nation,1,0,never_instantiated,0,,,,,0,0,,,,,,,,,,,,,,,,,,,,,,,,,,,,,,,,,,,,,,,,,,,,,,,,,,,,,,,,,,,,
Q12,4,8,1,2.77,orders,lineitem,3115341,0,never_instantiated,0,,,,,0,0,,,,,,,,,,,,,,,,,,,,,,,,,,,,,,,,,,,,,,,,,,,,,,,,,,,,,,,,,,,,,,,,,,,,,,,,,,,,,,,,,,,,,,,,,,,,,,,,
Q13,4,8,1,8.72,orders,customer,15000000,0,never_instantiated,0,,,,,0,0,,,,,,,,,,,,,,,,,,,,,,,,,,,,,,,,,,,,,,,,,,,,,,,,,,,,,,,,,,,,,,,,,,,,,,,,,,,,,,,,,,,,,,,,,,,,,,,,
Q14,4,8,1,2.46,lineitem,part,6260702,0,never_instantiated,0,,,,,0,0,,,,,,,,,,,,,,,,,,,,,,,,,,,,,,,,,,,,,,,,,,,,,,,,,,,,,,,,,,,,,,,,,,,,,,,,,,,,,,,,,,,,,,,,,,,,,,,,
Q15,4,8,1,2.67,,,1,0,never_instantiated,0,,,,,0,0,supplier,,1000000,0,never_instantiated,0,,,,,0,0,,,,,,,,,,,,,,,,,,,,,,,,,,,,,,,,,,,,,,,,,,,,,,,,,,,,,,,,,,,,,,,,,,,,,,,,,,,,,,,,,,,,
Q16,4,8,1,2.26,,supplier,479,0,never_instantiated,0,,,,,0,0,partsupp,,2971749,0,never_instantiated,0,,,,,0,0,part,,8,0,never_instantiated,0,,,,,0,0,,,,,,,,,,,,,,,,,,,,,,,,,,,,,,,,,,,,,,,,,,,,,,,,,,,,,,,,,,,,,,,,,,,,,,,,
Q17,4,8,1,5.13,lineitem,part,20031,0,never_instantiated,0,,,,,0,0,,,600982,0,never_instantiated,0,,,,,0,0,lineitem,,20031,0,never_instantiated,0,,,,,0,0,,,,,,,,,,,,,,,,,,,,,,,,,,,,,,,,,,,,,,,,,,,,,,,,,,,,,,,,,,,,,,,,,,,,,,,,
Q18,4,8,1,23.17,,lineitem,6398,0,never_instantiated,0,,,,,0,0,,customer,14999999,0,never_instantiated,0,,,,,0,0,lineitem,orders,150000000,0,never_instantiated,0,,,,,0,0,,,,,,,,,,,,,,,,,,,,,,,,,,,,,,,,,,,,,,,,,,,,,,,,,,,,,,,,,,,,,,,,,,,,,,,,
Q19,4,8,1,4.82,lineitem,part,13930201,0,never_instantiated,0,,,,,0,0,,,,,,,,,,,,,,,,,,,,,,,,,,,,,,,,,,,,,,,,,,,,,,,,,,,,,,,,,,,,,,,,,,,,,,,,,,,,,,,,,,,,,,,,,,,,,,,,
Q20,4,8,1,3.79,,,24634,0,never_instantiated,0,,,,,0,0,partsupp,part,33123,0,never_instantiated,0,,,,,0,0,,,35136,0,never_instantiated,0,,,,,0,0,lineitem,,35136,0,never_instantiated,0,,,,,0,0,supplier,nation,1,0,never_instantiated,0,,,,,0,0,,,,,,,,,,,,,,,,,,,,,,,,,,,,,,,,,,,,,,,,,,,,,,,,
Q21,4,8,1,13.02,,nation,1,0,never_instantiated,0,,,,,0,0,,supplier,39953,0,never_instantiated,0,,,,,0,0,lineitem,orders,7079205,0,never_instantiated,0,,,,,0,0,,,7313671,0,never_instantiated,0,,,,,0,0,lineitem,,7313658,0,never_instantiated,0,,,,,0,0,,,7048027,0,never_instantiated,0,,,,,0,0,lineitem,,7048014,0,never_instantiated,0,,,,,0,0,,,,,,,,,,,,,,,,,,,,,,,,
Q22,4,8,1,2.57,,,1909668,0,never_instantiated,0,,,,,0,0,orders,,1909668,0,never_instantiated,0,,,,,0,0,,,,,,,,,,,,,,,,,,,,,,,,,,,,,,,,,,,,,,,,,,,,,,,,,,,,,,,,,,,,,,,,,,,,,,,,,,,,,,,,,,,,
Q01,4,9,1,4.62,,,,,,,,,,,,,,,,,,,,,,,,,,,,,,,,,,,,,,,,,,,,,,,,,,,,,,,,,,,,,,,,,,,,,,,,,,,,,,,,,,,,,,,,,,,,,,,,,,,,,,,,,,,,
Q02,4,9,1,1.03,,region,1,0,never_instantiated,0,,,,,0,0,,part,47201,0,never_instantiated,0,,,,,0,0,,nation,5,0,never_instantiated,0,,,,,0,0,partsupp,supplier,57959,0,never_instantiated,0,,,,,0,0,,,63825,0,never_instantiated,0,,,,,0,0,,,47107,0,never_instantiated,0,,,,,0,0,partsupp,,200535,0,never_instantiated,0,,,,,0,0,,region,1,0,never_instantiated,0,,,,,0,0,supplier,nation,5,0,never_instantiated,0,,,,,0,0
Q03,4,9,1,7.38,,customer,3000188,0,never_instantiated,0,,,,,0,0,lineitem,orders,72874383,0,never_instantiated,0,,,,,0,0,,,,,,,,,,,,,,,,,,,,,,,,,,,,,,,,,,,,,,,,,,,,,,,,,,,,,,,,,,,,,,,,,,,,,,,,,,,,,,,,,,,,
Q04,4,9,1,4.82,,,5733776,0,never_instantiated,0,,,,,0,0,lineitem,,5733776,0,never_instantiated,0,,,,,0,0,,,,,,,,,,,,,,,,,,,,,,,,,,,,,,,,,,,,,,,,,,,,,,,,,,,,,,,,,,,,,,,,,,,,,,,,,,,,,,,,,,,,
Q05,4,9,1,8.61,,region,1,0,never_instantiated,0,,,,,0,0,,nation,5,0,never_instantiated,0,,,,,0,0,,customer,2999759,0,never_instantiated,0,,,,,0,0,,orders,22760819,0,never_instantiated,0,,,,,0,0,lineitem,supplier,199889,0,never_instantiated,0,,,,,0,0,,,,,,,,,,,,,,,,,,,,,,,,,,,,,,,,,,,,,,,,,,,,,,,,
Q06,4,9,1,1.85,,,,,,,,,,,,,,,,,,,,,,,,,,,,,,,,,,,,,,,,,,,,,,,,,,,,,,,,,,,,,,,,,,,,,,,,,,,,,,,,,,,,,,,,,,,,,,,,,,,,,,,,,,,,
Q07,4,9,1,3.90,,nation,2,0,never_instantiated,0,,,,,0,0,,customer,556645,0,never_instantiated,0,,,,,0,0,orders,,1179101,0,never_instantiated,0,,,,,0,0,,nation,2,0,never_instantiated,0,,,,,0,0,lineitem,supplier,80171,0,never_instantiated,0,,,,,0,0,,,,,,,,,,,,,,,,,,,,,,,,,,,,,,,,,,,,,,,,,,,,,,,,
Q08,4,9,1,3.90,,region,1,0,never_instantiated,0,,,,,0,0,,nation,5,0,never_instantiated,0,,,,,0,0,customer,,245334,0,never_instantiated,0,,,,,0,0,,part,112955,0,never_instantiated,0,,,,,0,0,,nation,25,0,never_instantiated,0,,,,,0,0,,supplier,183035,0,never_instantiated,0,,,,,0,0,lineitem,orders,261849,0,never_instantiated,0,,,,,0,0,,,,,,,,,,,,,,,,,,,,,,,,
Q09,4,9,1,10.76,,nation,25,0,never_instantiated,0,,,,,0,0,,partsupp,79993904,0,never_instantiated,0,,,,,0,0,,orders,29533962,0,never_instantiated,0,,,,,0,0,,supplier,993888,0,never_instantiated,0,,,,,0,0,lineitem,part,1087982,0,never_instantiated,0,,,,,0,0,,,,,,,,,,,,,,,,,,,,,,,,,,,,,,,,,,,,,,,,,,,,,,,,
Q10,4,9,1,5.02,,nation,25,0,never_instantiated,0,,,,,0,0,customer,,11463171,0,never_instantiated,0,,,,,0,0,lineitem,orders,4918971,0,never_instantiated,0,,,,,0,0,,,,,,,,,,,,,,,,,,,,,,,,,,,,,,,,,,,,,,,,,,,,,,,,,,,,,,,,,,,,,,,,,,,,,,,,
Q11,4,9,1,0.72,,nation,1,0,never_instantiated,0,,,,,0,0,partsupp,supplier,40045,0,never_instantiated,0,,,,,0,0,partsupp,,40045,0,never_instantiated,0,,,,,0,0,supplier,nation,1,0,never_instantiated,0,,,,,0,0,,,,,,,,,,,,,,,,,,,,,,,,,,,,,,,,,,,,,,,,,,,,,,,,,,,,,,,,,,,,
Q12,4,9,1,2.87,orders,lineitem,3115341,0,never_instantiated,0,,,,,0,0,,,,,,,,,,,,,,,,,,,,,,,,,,,,,,,,,,,,,,,,,,,,,,,,,,,,,,,,,,,,,,,,,,,,,,,,,,,,,,,,,,,,,,,,,,,,,,,,
Q13,4,9,1,8.51,orders,customer,15000000,0,never_instantiated,0,,,,,0,0,,,,,,,,,,,,,,,,,,,,,,,,,,,,,,,,,,,,,,,,,,,,,,,,,,,,,,,,,,,,,,,,,,,,,,,,,,,,,,,,,,,,,,,,,,,,,,,,
Q14,4,9,1,2.46,lineitem,part,6260702,0,never_instantiated,0,,,,,0,0,,,,,,,,,,,,,,,,,,,,,,,,,,,,,,,,,,,,,,,,,,,,,,,,,,,,,,,,,,,,,,,,,,,,,,,,,,,,,,,,,,,,,,,,,,,,,,,,
Q15,4,9,1,2.67,,,1,0,never_instantiated,0,,,,,0,0,supplier,,1000000,0,never_instantiated,0,,,,,0,0,,,,,,,,,,,,,,,,,,,,,,,,,,,,,,,,,,,,,,,,,,,,,,,,,,,,,,,,,,,,,,,,,,,,,,,,,,,,,,,,,,,,
Q16,4,9,1,2.26,,supplier,479,0,never_instantiated,0,,,,,0,0,partsupp,,2971749,0,never_instantiated,0,,,,,0,0,part,,8,0,never_instantiated,0,,,,,0,0,,,,,,,,,,,,,,,,,,,,,,,,,,,,,,,,,,,,,,,,,,,,,,,,,,,,,,,,,,,,,,,,,,,,,,,,
Q17,4,9,1,5.13,lineitem,part,20031,0,never_instantiated,0,,,,,0,0,,,600982,0,never_instantiated,0,,,,,0,0,lineitem,,20031,0,never_instantiated,0,,,,,0,0,,,,,,,,,,,,,,,,,,,,,,,,,,,,,,,,,,,,,,,,,,,,,,,,,,,,,,,,,,,,,,,,,,,,,,,,
Q18,4,9,1,23.07,,lineitem,6398,0,never_instantiated,0,,,,,0,0,,customer,14999999,0,never_instantiated,0,,,,,0,0,lineitem,orders,150000000,0,never_instantiated,0,,,,,0,0,,,,,,,,,,,,,,,,,,,,,,,,,,,,,,,,,,,,,,,,,,,,,,,,,,,,,,,,,,,,,,,,,,,,,,,,
Q19,4,9,1,4.72,lineitem,part,13930201,0,never_instantiated,0,,,,,0,0,,,,,,,,,,,,,,,,,,,,,,,,,,,,,,,,,,,,,,,,,,,,,,,,,,,,,,,,,,,,,,,,,,,,,,,,,,,,,,,,,,,,,,,,,,,,,,,,
Q20,4,9,1,3.80,,,24634,0,never_instantiated,0,,,,,0,0,partsupp,part,33123,0,never_instantiated,0,,,,,0,0,,,35136,0,never_instantiated,0,,,,,0,0,lineitem,,35136,0,never_instantiated,0,,,,,0,0,supplier,nation,1,0,never_instantiated,0,,,,,0,0,,,,,,,,,,,,,,,,,,,,,,,,,,,,,,,,,,,,,,,,,,,,,,,,
Q21,4,9,1,13.84,orders,,15146702,0,never_instantiated,0,,,,,0,0,,nation,1,0,never_instantiated,0,,,,,0,0,lineitem,supplier,39953,0,never_instantiated,0,,,,,0,0,,,7313671,0,never_instantiated,0,,,,,0,0,lineitem,,7313658,0,never_instantiated,0,,,,,0,0,,,7048027,0,never_instantiated,0,,,,,0,0,lineitem,,7048014,0,never_instantiated,0,,,,,0,0,,,,,,,,,,,,,,,,,,,,,,,,
Q22,4,9,1,2.57,,,1909668,0,never_instantiated,0,,,,,0,0,orders,,1909668,0,never_instantiated,0,,,,,0,0,,,,,,,,,,,,,,,,,,,,,,,,,,,,,,,,,,,,,,,,,,,,,,,,,,,,,,,,,,,,,,,,,,,,,,,,,,,,,,,,,,,,
Q01,4,10,1,4.51,,,,,,,,,,,,,,,,,,,,,,,,,,,,,,,,,,,,,,,,,,,,,,,,,,,,,,,,,,,,,,,,,,,,,,,,,,,,,,,,,,,,,,,,,,,,,,,,,,,,,,,,,,,,
Q02,4,10,1,1.23,,region,1,0,never_instantiated,0,,,,,0,0,,nation,5,0,never_instantiated,0,,,,,0,0,,supplier,57959,0,never_instantiated,0,,,,,0,0,partsupp,part,47201,0,never_instantiated,0,,,,,0,0,,,63825,0,never_instantiated,0,,,,,0,0,,,47107,0,never_instantiated,0,,,,,0,0,,region,1,0,never_instantiated,0,,,,,0,0,partsupp,,200535,0,never_instantiated,0,,,,,0,0,supplier,nation,5,0,never_instantiated,0,,,,,0,0
Q03,4,10,1,7.28,,customer,3000188,0,never_instantiated,0,,,,,0,0,lineitem,orders,72874383,0,never_instantiated,0,,,,,0,0,,,,,,,,,,,,,,,,,,,,,,,,,,,,,,,,,,,,,,,,,,,,,,,,,,,,,,,,,,,,,,,,,,,,,,,,,,,,,,,,,,,,
Q04,4,10,1,4.82,,,5733776,0,never_instantiated,0,,,,,0,0,lineitem,,5733776,0,never_instantiated,0,,,,,0,0,,,,,,,,,,,,,,,,,,,,,,,,,,,,,,,,,,,,,,,,,,,,,,,,,,,,,,,,,,,,,,,,,,,,,,,,,,,,,,,,,,,,
Q05,4,10,1,4.72,,region,1,0,never_instantiated,0,,,,,0,0,,nation,5,0,never_instantiated,0,,,,,0,0,,customer,1747053,0,never_instantiated,0,,,,,0,0,,supplier,1000000,0,never_instantiated,0,,,,,0,0,lineitem,orders,4562850,0,never_instantiated,0,,,,,0,0,,,,,,,,,,,,,,,,,,,,,,,,,,,,,,,,,,,,,,,,,,,,,,,,
Q06,4,10,1,1.85,,,,,,,,,,,,,,,,,,,,,,,,,,,,,,,,,,,,,,,,,,,,,,,,,,,,,,,,,,,,,,,,,,,,,,,,,,,,,,,,,,,,,,,,,,,,,,,,,,,,,,,,,,,,
Q07,4,10,1,3.69,,nation,2,0,never_instantiated,0,,,,,0,0,,customer,556645,0,never_instantiated,0,,,,,0,0,,nation,2,0,never_instantiated,0,,,,,0,0,,supplier,80171,0,never_instantiated,0,,,,,0,0,lineitem,orders,1014869,0,never_instantiated,0,,,,,0,0,,,,,,,,,,,,,,,,,,,,,,,,,,,,,,,,,,,,,,,,,,,,,,,,
Q08,4,10,1,4.10,,region,1,0,never_instantiated,0,,,,,0,0,,nation,5,0,never_instantiated,0,,,,,0,0,customer,,1222092,0,never_instantiated,0,,,,,0,0,orders,,4025859,0,never_instantiated,0,,,,,0,0,,nation,25,0,never_instantiated,0,,,,,0,0,,supplier,422570,0,never_instantiated,0,,,,,0,0,lineitem,part,134258,0,never_instantiated,0,,,,,0,0,,,,,,,,,,,,,,,,,,,,,,,,
Q09,4,10,1,9.13,,nation,25,0,never_instantiated,0,,,,,0,0,,part,1087982,0,never_instantiated,0,,,,,0,0,,orders,29533962,0,never_instantiated,0,,,,,0,0,,supplier,993888,0,never_instantiated,0,,,,,0,0,lineitem,partsupp,4363044,0,never_instantiated,0,,,,,0,0,,,,,,,,,,,,,,,,,,,,,,,,,,,,,,,,,,,,,,,,,,,,,,,,
Q10,4,10,1,4.92,,nation,25,0,never_instantiated,0,,,,,0,0,customer,,11463171,0,never_instantiated,0,,,,,0,0,lineitem,orders,4918971,0,never_instantiated,0,,,,,0,0,,,,,,,,,,,,,,,,,,,,,,,,,,,,,,,,,,,,,,,,,,,,,,,,,,,,,,,,,,,,,,,,,,,,,,,,
Q11,4,10,1,0.72,partsupp,,40045,0,never_instantiated,0,,,,,0,0,supplier,nation,1,0,never_instantiated,0,,,,,0,0,partsupp,,40045,0,never_instantiated,0,,,,,0,0,supplier,nation,1,0,never_instantiated,0,,,,,0,0,,,,,,,,,,,,,,,,,,,,,,,,,,,,,,,,,,,,,,,,,,,,,,,,,,,,,,,,,,,,
Q12,4,10,1,2.87,orders,lineitem,3115341,0,never_instantiated,0,,,,,0,0,,,,,,,,,,,,,,,,,,,,,,,,,,,,,,,,,,,,,,,,,,,,,,,,,,,,,,,,,,,,,,,,,,,,,,,,,,,,,,,,,,,,,,,,,,,,,,,,
Q13,4,10,1,8.72,orders,customer,15000000,0,never_instantiated,0,,,,,0,0,,,,,,,,,,,,,,,,,,,,,,,,,,,,,,,,,,,,,,,,,,,,,,,,,,,,,,,,,,,,,,,,,,,,,,,,,,,,,,,,,,,,,,,,,,,,,,,,
Q14,4,10,1,2.46,lineitem,part,6260702,0,never_instantiated,0,,,,,0,0,,,,,,,,,,,,,,,,,,,,,,,,,,,,,,,,,,,,,,,,,,,,,,,,,,,,,,,,,,,,,,,,,,,,,,,,,,,,,,,,,,,,,,,,,,,,,,,,
Q15,4,10,1,2.67,,,1,0,never_instantiated,0,,,,,0,0,supplier,,1000000,0,never_instantiated,0,,,,,0,0,,,,,,,,,,,,,,,,,,,,,,,,,,,,,,,,,,,,,,,,,,,,,,,,,,,,,,,,,,,,,,,,,,,,,,,,,,,,,,,,,,,,
Q16,4,10,1,2.26,,supplier,479,0,never_instantiated,0,,,,,0,0,partsupp,,2971749,0,never_instantiated,0,,,,,0,0,part,,8,0,never_instantiated,0,,,,,0,0,,,,,,,,,,,,,,,,,,,,,,,,,,,,,,,,,,,,,,,,,,,,,,,,,,,,,,,,,,,,,,,,,,,,,,,,
Q17,4,10,1,5.13,lineitem,part,20031,0,never_instantiated,0,,,,,0,0,,,600982,0,never_instantiated,0,,,,,0,0,lineitem,,20031,0,never_instantiated,0,,,,,0,0,,,,,,,,,,,,,,,,,,,,,,,,,,,,,,,,,,,,,,,,,,,,,,,,,,,,,,,,,,,,,,,,,,,,,,,,
Q18,4,10,1,22.86,,lineitem,6398,0,never_instantiated,0,,,,,0,0,,customer,14999999,0,never_instantiated,0,,,,,0,0,lineitem,orders,150000000,0,never_instantiated,0,,,,,0,0,,,,,,,,,,,,,,,,,,,,,,,,,,,,,,,,,,,,,,,,,,,,,,,,,,,,,,,,,,,,,,,,,,,,,,,,
Q19,4,10,1,4.82,lineitem,part,13930201,0,never_instantiated,0,,,,,0,0,,,,,,,,,,,,,,,,,,,,,,,,,,,,,,,,,,,,,,,,,,,,,,,,,,,,,,,,,,,,,,,,,,,,,,,,,,,,,,,,,,,,,,,,,,,,,,,,
Q20,4,10,1,3.80,,,24634,0,never_instantiated,0,,,,,0,0,partsupp,part,33123,0,never_instantiated,0,,,,,0,0,,,35136,0,never_instantiated,0,,,,,0,0,lineitem,,35136,0,never_instantiated,0,,,,,0,0,supplier,nation,1,0,never_instantiated,0,,,,,0,0,,,,,,,,,,,,,,,,,,,,,,,,,,,,,,,,,,,,,,,,,,,,,,,,
Q21,4,10,1,13.12,,nation,1,0,never_instantiated,0,,,,,0,0,,supplier,39953,0,never_instantiated,0,,,,,0,0,lineitem,orders,7079205,0,never_instantiated,0,,,,,0,0,,,7313671,0,never_instantiated,0,,,,,0,0,lineitem,,7313658,0,never_instantiated,0,,,,,0,0,,,7048027,0,never_instantiated,0,,,,,0,0,lineitem,,7048014,0,never_instantiated,0,,,,,0,0,,,,,,,,,,,,,,,,,,,,,,,,
Q22,4,10,1,2.57,,,1909668,0,never_instantiated,0,,,,,0,0,orders,,1909668,0,never_instantiated,0,,,,,0,0,,,,,,,,,,,,,,,,,,,,,,,,,,,,,,,,,,,,,,,,,,,,,,,,,,,,,,,,,,,,,,,,,,,,,,,,,,,,,,,,,,,,
Q01,4,11,1,4.61,,,,,,,,,,,,,,,,,,,,,,,,,,,,,,,,,,,,,,,,,,,,,,,,,,,,,,,,,,,,,,,,,,,,,,,,,,,,,,,,,,,,,,,,,,,,,,,,,,,,,,,,,,,,
Q02,4,11,1,1.33,,region,1,0,never_instantiated,0,,,,,0,0,,nation,5,0,never_instantiated,0,,,,,0,0,,part,47201,0,never_instantiated,0,,,,,0,0,partsupp,supplier,57959,0,never_instantiated,0,,,,,0,0,,,63825,0,never_instantiated,0,,,,,0,0,,,47107,0,never_instantiated,0,,,,,0,0,,region,1,0,never_instantiated,0,,,,,0,0,,nation,5,0,never_instantiated,0,,,,,0,0,partsupp,supplier,200535,0,never_instantiated,0,,,,,0,0
Q03,4,11,1,3.59,,customer,860982,0,never_instantiated,0,,,,,0,0,lineitem,orders,1133865,0,never_instantiated,0,,,,,0,0,,,,,,,,,,,,,,,,,,,,,,,,,,,,,,,,,,,,,,,,,,,,,,,,,,,,,,,,,,,,,,,,,,,,,,,,,,,,,,,,,,,,
Q04,4,11,1,4.72,,,5733776,0,never_instantiated,0,,,,,0,0,lineitem,,5733776,0,never_instantiated,0,,,,,0,0,,,,,,,,,,,,,,,,,,,,,,,,,,,,,,,,,,,,,,,,,,,,,,,,,,,,,,,,,,,,,,,,,,,,,,,,,,,,,,,,,,,,
Q05,4,11,1,5.95,,customer,2999759,0,never_instantiated,0,,,,,0,0,,region,1,0,never_instantiated,0,,,,,0,0,,nation,5,0,never_instantiated,0,,,,,0,0,,orders,12501118,0,never_instantiated,0,,,,,0,0,lineitem,supplier,199889,0,never_instantiated,0,,,,,0,0,,,,,,,,,,,,,,,,,,,,,,,,,,,,,,,,,,,,,,,,,,,,,,,,
Q06,4,11,1,1.75,,,,,,,,,,,,,,,,,,,,,,,,,,,,,,,,,,,,,,,,,,,,,,,,,,,,,,,,,,,,,,,,,,,,,,,,,,,,,,,,,,,,,,,,,,,,,,,,,,,,,,,,,,,,
Q07,4,11,1,3.90,,nation,2,0,never_instantiated,0,,,,,0,0,,nation,2,0,never_instantiated,0,,,,,0,0,,customer,556645,0,never_instantiated,0,,,,,0,0,orders,,1179101,0,never_instantiated,0,,,,,0,0,lineitem,supplier,80171,0,never_instantiated,0,,,,,0,0,,,,,,,,,,,,,,,,,,,,,,,,,,,,,,,,,,,,,,,,,,,,,,,,
Q08,4,11,1,4.00,,region,1,0,never_instantiated,0,,,,,0,0,,nation,5,0,never_instantiated,0,,,,,0,0,customer,,1222092,0,never_instantiated,0,,,,,0,0,,nation,25,0,never_instantiated,0,,,,,0,0,orders,,4025859,0,never_instantiated,0,,,,,0,0,,part,134258,0,never_instantiated,0,,,,,0,0,lineitem,supplier,422570,0,never_instantiated,0,,,,,0,0,,,,,,,,,,,,,,,,,,,,,,,,
Q09,4,11,1,10.87,,orders,29533962,0,never_instantiated,0,,,,,0,0,,part,1087982,0,never_instantiated,0,,,,,0,0,,nation,25,0,never_instantiated,0,,,,,0,0,,partsupp,79993904,0,never_instantiated,0,,,,,0,0,lineitem,supplier,993888,0,never_instantiated,0,,,,,0,0,,,,,,,,,,,,,,,,,,,,,,,,,,,,,,,,,,,,,,,,,,,,,,,,
Q10,4,11,1,4.92,,nation,25,0,never_instantiated,0,,,,,0,0,customer,,11463171,0,never_instantiated,0,,,,,0,0,lineitem,orders,4918971,0,never_instantiated,0,,,,,0,0,,,,,,,,,,,,,,,,,,,,,,,,,,,,,,,,,,,,,,,,,,,,,,,,,,,,,,,,,,,,,,,,,,,,,,,,
Q11,4,11,1,0.72,,nation,1,0,never_instantiated,0,,,,,0,0,partsupp,supplier,40045,0,never_instantiated,0,,,,,0,0,,nation,1,0,never_instantiated,0,,,,,0,0,partsupp,supplier,40045,0,never_instantiated,0,,,,,0,0,,,,,,,,,,,,,,,,,,,,,,,,,,,,,,,,,,,,,,,,,,,,,,,,,,,,,,,,,,,,
Q12,4,11,1,2.87,orders,lineitem,3115341,0,never_instantiated,0,,,,,0,0,,,,,,,,,,,,,,,,,,,,,,,,,,,,,,,,,,,,,,,,,,,,,,,,,,,,,,,,,,,,,,,,,,,,,,,,,,,,,,,,,,,,,,,,,,,,,,,,
Q13,4,11,1,8.72,orders,customer,15000000,0,never_instantiated,0,,,,,0,0,,,,,,,,,,,,,,,,,,,,,,,,,,,,,,,,,,,,,,,,,,,,,,,,,,,,,,,,,,,,,,,,,,,,,,,,,,,,,,,,,,,,,,,,,,,,,,,,
Q14,4,11,1,2.46,lineitem,part,6260702,0,never_instantiated,0,,,,,0,0,,,,,,,,,,,,,,,,,,,,,,,,,,,,,,,,,,,,,,,,,,,,,,,,,,,,,,,,,,,,,,,,,,,,,,,,,,,,,,,,,,,,,,,,,,,,,,,,
Q15,4,11,1,2.67,,,1,0,never_instantiated,0,,,,,0,0,supplier,,1000000,0,never_instantiated,0,,,,,0,0,,,,,,,,,,,,,,,,,,,,,,,,,,,,,,,,,,,,,,,,,,,,,,,,,,,,,,,,,,,,,,,,,,,,,,,,,,,,,,,,,,,,
Q16,4,11,1,2.26,,supplier,479,0,never_instantiated,0,,,,,0,0,partsupp,,2971749,0,never_instantiated,0,,,,,0,0,part,,8,0,never_instantiated,0,,,,,0,0,,,,,,,,,,,,,,,,,,,,,,,,,,,,,,,,,,,,,,,,,,,,,,,,,,,,,,,,,,,,,,,,,,,,,,,,
Q17,4,11,1,5.22,lineitem,part,20031,0,never_instantiated,0,,,,,0,0,,,600982,0,never_instantiated,0,,,,,0,0,lineitem,,20031,0,never_instantiated,0,,,,,0,0,,,,,,,,,,,,,,,,,,,,,,,,,,,,,,,,,,,,,,,,,,,,,,,,,,,,,,,,,,,,,,,,,,,,,,,,
Q18,4,11,1,22.85,,lineitem,6398,0,never_instantiated,0,,,,,0,0,,customer,14999999,0,never_instantiated,0,,,,,0,0,lineitem,orders,150000000,0,never_instantiated,0,,,,,0,0,,,,,,,,,,,,,,,,,,,,,,,,,,,,,,,,,,,,,,,,,,,,,,,,,,,,,,,,,,,,,,,,,,,,,,,,
Q19,4,11,1,4.72,lineitem,part,13930201,0,never_instantiated,0,,,,,0,0,,,,,,,,,,,,,,,,,,,,,,,,,,,,,,,,,,,,,,,,,,,,,,,,,,,,,,,,,,,,,,,,,,,,,,,,,,,,,,,,,,,,,,,,,,,,,,,,
Q20,4,11,1,3.80,,,24634,0,never_instantiated,0,,,,,0,0,partsupp,part,33123,0,never_instantiated,0,,,,,0,0,,,35136,0,never_instantiated,0,,,,,0,0,lineitem,,35136,0,never_instantiated,0,,,,,0,0,supplier,nation,1,0,never_instantiated,0,,,,,0,0,,,,,,,,,,,,,,,,,,,,,,,,,,,,,,,,,,,,,,,,,,,,,,,,
Q21,4,11,1,13.02,,nation,1,0,never_instantiated,0,,,,,0,0,,orders,7079205,0,never_instantiated,0,,,,,0,0,lineitem,supplier,39953,0,never_instantiated,0,,,,,0,0,,,7313671,0,never_instantiated,0,,,,,0,0,lineitem,,7313658,0,never_instantiated,0,,,,,0,0,,,7048027,0,never_instantiated,0,,,,,0,0,lineitem,,7048014,0,never_instantiated,0,,,,,0,0,,,,,,,,,,,,,,,,,,,,,,,,
Q22,4,11,1,2.57,,,1909668,0,never_instantiated,0,,,,,0,0,orders,,1909668,0,never_instantiated,0,,,,,0,0,,,,,,,,,,,,,,,,,,,,,,,,,,,,,,,,,,,,,,,,,,,,,,,,,,,,,,,,,,,,,,,,,,,,,,,,,,,,,,,,,,,,
Q01,4,12,1,4.61,,,,,,,,,,,,,,,,,,,,,,,,,,,,,,,,,,,,,,,,,,,,,,,,,,,,,,,,,,,,,,,,,,,,,,,,,,,,,,,,,,,,,,,,,,,,,,,,,,,,,,,,,,,,
Q02,4,12,1,1.03,,region,1,0,never_instantiated,0,,,,,0,0,,nation,5,0,never_instantiated,0,,,,,0,0,,supplier,57959,0,never_instantiated,0,,,,,0,0,partsupp,part,47201,0,never_instantiated,0,,,,,0,0,,,63825,0,never_instantiated,0,,,,,0,0,,,47107,0,never_instantiated,0,,,,,0,0,partsupp,,200535,0,never_instantiated,0,,,,,0,0,,region,1,0,never_instantiated,0,,,,,0,0,supplier,nation,5,0,never_instantiated,0,,,,,0,0
Q03,4,12,1,3.69,,customer,860982,0,never_instantiated,0,,,,,0,0,lineitem,orders,1133865,0,never_instantiated,0,,,,,0,0,,,,,,,,,,,,,,,,,,,,,,,,,,,,,,,,,,,,,,,,,,,,,,,,,,,,,,,,,,,,,,,,,,,,,,,,,,,,,,,,,,,,
Q04,4,12,1,4.82,,,5733776,0,never_instantiated,0,,,,,0,0,lineitem,,5733776,0,never_instantiated,0,,,,,0,0,,,,,,,,,,,,,,,,,,,,,,,,,,,,,,,,,,,,,,,,,,,,,,,,,,,,,,,,,,,,,,,,,,,,,,,,,,,,,,,,,,,,
Q05,4,12,1,4.61,,supplier,199889,0,never_instantiated,0,,,,,0,0,,region,1,0,never_instantiated,0,,,,,0,0,,nation,5,0,never_instantiated,0,,,,,0,0,,customer,1747053,0,never_instantiated,0,,,,,0,0,lineitem,orders,4562850,0,never_instantiated,0,,,,,0,0,,,,,,,,,,,,,,,,,,,,,,,,,,,,,,,,,,,,,,,,,,,,,,,,
Q06,4,12,1,1.75,,,,,,,,,,,,,,,,,,,,,,,,,,,,,,,,,,,,,,,,,,,,,,,,,,,,,,,,,,,,,,,,,,,,,,,,,,,,,,,,,,,,,,,,,,,,,,,,,,,,,,,,,,,,
Q07,4,12,1,3.69,,nation,2,0,never_instantiated,0,,,,,0,0,,supplier,80171,0,never_instantiated,0,,,,,0,0,,nation,2,0,never_instantiated,0,,,,,0,0,,customer,556645,0,never_instantiated,0,,,,,0,0,lineitem,orders,1014869,0,never_instantiated,0,,,,,0,0,,,,,,,,,,,,,,,,,,,,,,,,,,,,,,,,,,,,,,,,,,,,,,,,
Q08,4,12,1,3.90,,part,112955,0,never_instantiated,0,,,,,0,0,,region,1,0,never_instantiated,0,,,,,0,0,,nation,5,0,never_instantiated,0,,,,,0,0,,customer,248030,0,never_instantiated,0,,,,,0,0,,nation,25,0,never_instantiated,0,,,,,0,0,,supplier,183035,0,never_instantiated,0,,,,,0,0,lineitem,orders,261849,0,never_instantiated,0,,,,,0,0,,,,,,,,,,,,,,,,,,,,,,,,
Q09,4,12,1,9.23,,partsupp,4363044,0,never_instantiated,0,,,,,0,0,,nation,25,0,never_instantiated,0,,,,,0,0,,part,1087982,0,never_instantiated,0,,,,,0,0,,supplier,993888,0,never_instantiated,0,,,,,0,0,lineitem,orders,29533962,0,never_instantiated,0,,,,,0,0,,,,,,,,,,,,,,,,,,,,,,,,,,,,,,,,,,,,,,,,,,,,,,,,
Q10,4,12,1,4.92,,nation,25,0,never_instantiated,0,,,,,0,0,customer,,11463171,0,never_instantiated,0,,,,,0,0,lineitem,orders,4918971,0,never_instantiated,0,,,,,0,0,,,,,,,,,,,,,,,,,,,,,,,,,,,,,,,,,,,,,,,,,,,,,,,,,,,,,,,,,,,,,,,,,,,,,,,,
Q11,4,12,1,0.72,partsupp,,40045,0,never_instantiated,0,,,,,0,0,supplier,nation,1,0,never_instantiated,0,,,,,0,0,partsupp,,40045,0,never_instantiated,0,,,,,0,0,supplier,nation,1,0,never_instantiated,0,,,,,0,0,,,,,,,,,,,,,,,,,,,,,,,,,,,,,,,,,,,,,,,,,,,,,,,,,,,,,,,,,,,,
Q12,4,12,1,2.87,orders,lineitem,3115341,0,never_instantiated,0,,,,,0,0,,,,,,,,,,,,,,,,,,,,,,,,,,,,,,,,,,,,,,,,,,,,,,,,,,,,,,,,,,,,,,,,,,,,,,,,,,,,,,,,,,,,,,,,,,,,,,,,
Q13,4,12,1,8.61,orders,customer,15000000,0,never_instantiated,0,,,,,0,0,,,,,,,,,,,,,,,,,,,,,,,,,,,,,,,,,,,,,,,,,,,,,,,,,,,,,,,,,,,,,,,,,,,,,,,,,,,,,,,,,,,,,,,,,,,,,,,,
Q14,4,12,1,2.46,lineitem,part,6260702,0,never_instantiated,0,,,,,0,0,,,,,,,,,,,,,,,,,,,,,,,,,,,,,,,,,,,,,,,,,,,,,,,,,,,,,,,,,,,,,,,,,,,,,,,,,,,,,,,,,,,,,,,,,,,,,,,,
Q15,4,12,1,2.67,,,1,0,never_instantiated,0,,,,,0,0,supplier,,1000000,0,never_instantiated,0,,,,,0,0,,,,,,,,,,,,,,,,,,,,,,,,,,,,,,,,,,,,,,,,,,,,,,,,,,,,,,,,,,,,,,,,,,,,,,,,,,,,,,,,,,,,
Q16,4,12,1,2.26,,supplier,479,0,never_instantiated,0,,,,,0,0,partsupp,,2971749,0,never_instantiated,0,,,,,0,0,part,,8,0,never_instantiated,0,,,,,0,0,,,,,,,,,,,,,,,,,,,,,,,,,,,,,,,,,,,,,,,,,,,,,,,,,,,,,,,,,,,,,,,,,,,,,,,,
Q17,4,12,1,5.13,lineitem,part,20031,0,never_instantiated,0,,,,,0,0,,,600982,0,never_instantiated,0,,,,,0,0,lineitem,,20031,0,never_instantiated,0,,,,,0,0,,,,,,,,,,,,,,,,,,,,,,,,,,,,,,,,,,,,,,,,,,,,,,,,,,,,,,,,,,,,,,,,,,,,,,,,
Q18,4,12,1,22.86,,lineitem,6398,0,never_instantiated,0,,,,,0,0,,customer,14999999,0,never_instantiated,0,,,,,0,0,lineitem,orders,150000000,0,never_instantiated,0,,,,,0,0,,,,,,,,,,,,,,,,,,,,,,,,,,,,,,,,,,,,,,,,,,,,,,,,,,,,,,,,,,,,,,,,,,,,,,,,
Q19,4,12,1,4.72,lineitem,part,13930201,0,never_instantiated,0,,,,,0,0,,,,,,,,,,,,,,,,,,,,,,,,,,,,,,,,,,,,,,,,,,,,,,,,,,,,,,,,,,,,,,,,,,,,,,,,,,,,,,,,,,,,,,,,,,,,,,,,
Q20,4,12,1,3.80,,,24634,0,never_instantiated,0,,,,,0,0,partsupp,part,33123,0,never_instantiated,0,,,,,0,0,,,35136,0,never_instantiated,0,,,,,0,0,lineitem,,35136,0,never_instantiated,0,,,,,0,0,supplier,nation,1,0,never_instantiated,0,,,,,0,0,,,,,,,,,,,,,,,,,,,,,,,,,,,,,,,,,,,,,,,,,,,,,,,,
Q21,4,12,1,13.02,,nation,1,0,never_instantiated,0,,,,,0,0,,supplier,39953,0,never_instantiated,0,,,,,0,0,lineitem,orders,7079205,0,never_instantiated,0,,,,,0,0,,,7313671,0,never_instantiated,0,,,,,0,0,lineitem,,7313658,0,never_instantiated,0,,,,,0,0,,,7048027,0,never_instantiated,0,,,,,0,0,lineitem,,7048014,0,never_instantiated,0,,,,,0,0,,,,,,,,,,,,,,,,,,,,,,,,
Q22,4,12,1,2.57,,,1909668,0,never_instantiated,0,,,,,0,0,orders,,1909668,0,never_instantiated,0,,,,,0,0,,,,,,,,,,,,,,,,,,,,,,,,,,,,,,,,,,,,,,,,,,,,,,,,,,,,,,,,,,,,,,,,,,,,,,,,,,,,,,,,,,,,
Q01,4,13,1,4.62,,,,,,,,,,,,,,,,,,,,,,,,,,,,,,,,,,,,,,,,,,,,,,,,,,,,,,,,,,,,,,,,,,,,,,,,,,,,,,,,,,,,,,,,,,,,,,,,,,,,,,,,,,,,
Q02,4,13,1,1.23,,region,1,0,never_instantiated,0,,,,,0,0,,nation,5,0,never_instantiated,0,,,,,0,0,,part,47201,0,never_instantiated,0,,,,,0,0,partsupp,supplier,57959,0,never_instantiated,0,,,,,0,0,,,63825,0,never_instantiated,0,,,,,0,0,,,47107,0,never_instantiated,0,,,,,0,0,,region,1,0,never_instantiated,0,,,,,0,0,,nation,5,0,never_instantiated,0,,,,,0,0,partsupp,supplier,200535,0,never_instantiated,0,,,,,0,0
Q03,4,13,1,7.38,,customer,3000188,0,never_instantiated,0,,,,,0,0,lineitem,orders,72874383,0,never_instantiated,0,,,,,0,0,,,,,,,,,,,,,,,,,,,,,,,,,,,,,,,,,,,,,,,,,,,,,,,,,,,,,,,,,,,,,,,,,,,,,,,,,,,,,,,,,,,,
Q04,4,13,1,4.72,,,5733776,0,never_instantiated,0,,,,,0,0,lineitem,,5733776,0,never_instantiated,0,,,,,0,0,,,,,,,,,,,,,,,,,,,,,,,,,,,,,,,,,,,,,,,,,,,,,,,,,,,,,,,,,,,,,,,,,,,,,,,,,,,,,,,,,,,,
Q05,4,13,1,9999999,,,,,,,,,,,,,,,,,,,,,,,,,,,,,,,,,,,,,,,,,,,,,,,,,,,,,,,,,,,,,,,,,,,,,,,,,,,,,,,,,,,,,,,,,,,,,,,,,,,,,,,,,,,,
Q06,4,13,1,1.75,,,,,,,,,,,,,,,,,,,,,,,,,,,,,,,,,,,,,,,,,,,,,,,,,,,,,,,,,,,,,,,,,,,,,,,,,,,,,,,,,,,,,,,,,,,,,,,,,,,,,,,,,,,,
Q07,4,13,1,3.90,,nation,2,0,never_instantiated,0,,,,,0,0,,customer,556645,0,never_instantiated,0,,,,,0,0,,nation,2,0,never_instantiated,0,,,,,0,0,orders,,1179101,0,never_instantiated,0,,,,,0,0,lineitem,supplier,80171,0,never_instantiated,0,,,,,0,0,,,,,,,,,,,,,,,,,,,,,,,,,,,,,,,,,,,,,,,,,,,,,,,,
Q08,4,13,1,4.72,,region,1,0,never_instantiated,0,,,,,0,0,,nation,5,0,never_instantiated,0,,,,,0,0,customer,,245334,0,never_instantiated,0,,,,,0,0,orders,,246009,0,never_instantiated,0,,,,,0,0,,nation,25,0,never_instantiated,0,,,,,0,0,,supplier,183035,0,never_instantiated,0,,,,,0,0,lineitem,part,112955,0,never_instantiated,0,,,,,0,0,,,,,,,,,,,,,,,,,,,,,,,,
Q09,4,13,1,9.23,,nation,25,0,never_instantiated,0,,,,,0,0,,supplier,993888,0,never_instantiated,0,,,,,0,0,,orders,29533962,0,never_instantiated,0,,,,,0,0,,partsupp,4363044,0,never_instantiated,0,,,,,0,0,lineitem,part,1087982,0,never_instantiated,0,,,,,0,0,,,,,,,,,,,,,,,,,,,,,,,,,,,,,,,,,,,,,,,,,,,,,,,,
Q10,4,13,1,4.92,,nation,25,0,never_instantiated,0,,,,,0,0,customer,,11463171,0,never_instantiated,0,,,,,0,0,lineitem,orders,4918971,0,never_instantiated,0,,,,,0,0,,,,,,,,,,,,,,,,,,,,,,,,,,,,,,,,,,,,,,,,,,,,,,,,,,,,,,,,,,,,,,,,,,,,,,,,
Q11,4,13,1,0.72,,nation,1,0,never_instantiated,0,,,,,0,0,partsupp,supplier,40045,0,never_instantiated,0,,,,,0,0,partsupp,,40045,0,never_instantiated,0,,,,,0,0,supplier,nation,1,0,never_instantiated,0,,,,,0,0,,,,,,,,,,,,,,,,,,,,,,,,,,,,,,,,,,,,,,,,,,,,,,,,,,,,,,,,,,,,
Q12,4,13,1,2.77,orders,lineitem,3115341,0,never_instantiated,0,,,,,0,0,,,,,,,,,,,,,,,,,,,,,,,,,,,,,,,,,,,,,,,,,,,,,,,,,,,,,,,,,,,,,,,,,,,,,,,,,,,,,,,,,,,,,,,,,,,,,,,,
Q13,4,13,1,8.62,orders,customer,15000000,0,never_instantiated,0,,,,,0,0,,,,,,,,,,,,,,,,,,,,,,,,,,,,,,,,,,,,,,,,,,,,,,,,,,,,,,,,,,,,,,,,,,,,,,,,,,,,,,,,,,,,,,,,,,,,,,,,
Q14,4,13,1,2.46,lineitem,part,6260702,0,never_instantiated,0,,,,,0,0,,,,,,,,,,,,,,,,,,,,,,,,,,,,,,,,,,,,,,,,,,,,,,,,,,,,,,,,,,,,,,,,,,,,,,,,,,,,,,,,,,,,,,,,,,,,,,,,
Q15,4,13,1,2.67,,,1,0,never_instantiated,0,,,,,0,0,supplier,,1000000,0,never_instantiated,0,,,,,0,0,,,,,,,,,,,,,,,,,,,,,,,,,,,,,,,,,,,,,,,,,,,,,,,,,,,,,,,,,,,,,,,,,,,,,,,,,,,,,,,,,,,,
Q16,4,13,1,2.26,,supplier,479,0,never_instantiated,0,,,,,0,0,partsupp,,2971749,0,never_instantiated,0,,,,,0,0,part,,8,0,never_instantiated,0,,,,,0,0,,,,,,,,,,,,,,,,,,,,,,,,,,,,,,,,,,,,,,,,,,,,,,,,,,,,,,,,,,,,,,,,,,,,,,,,
Q17,4,13,1,5.23,lineitem,part,20031,0,never_instantiated,0,,,,,0,0,,,600982,0,never_instantiated,0,,,,,0,0,lineitem,,20031,0,never_instantiated,0,,,,,0,0,,,,,,,,,,,,,,,,,,,,,,,,,,,,,,,,,,,,,,,,,,,,,,,,,,,,,,,,,,,,,,,,,,,,,,,,
Q18,4,13,1,22.96,,lineitem,6398,0,never_instantiated,0,,,,,0,0,,customer,14999999,0,never_instantiated,0,,,,,0,0,lineitem,orders,150000000,0,never_instantiated,0,,,,,0,0,,,,,,,,,,,,,,,,,,,,,,,,,,,,,,,,,,,,,,,,,,,,,,,,,,,,,,,,,,,,,,,,,,,,,,,,
Q19,4,13,1,4.82,lineitem,part,13930201,0,never_instantiated,0,,,,,0,0,,,,,,,,,,,,,,,,,,,,,,,,,,,,,,,,,,,,,,,,,,,,,,,,,,,,,,,,,,,,,,,,,,,,,,,,,,,,,,,,,,,,,,,,,,,,,,,,
Q20,4,13,1,3.80,,,24634,0,never_instantiated,0,,,,,0,0,partsupp,part,33123,0,never_instantiated,0,,,,,0,0,,,35136,0,never_instantiated,0,,,,,0,0,lineitem,,35136,0,never_instantiated,0,,,,,0,0,supplier,nation,1,0,never_instantiated,0,,,,,0,0,,,,,,,,,,,,,,,,,,,,,,,,,,,,,,,,,,,,,,,,,,,,,,,,
Q21,4,13,1,13.01,,nation,1,0,never_instantiated,0,,,,,0,0,,orders,7079205,0,never_instantiated,0,,,,,0,0,lineitem,supplier,39953,0,never_instantiated,0,,,,,0,0,,,7313671,0,never_instantiated,0,,,,,0,0,lineitem,,7313658,0,never_instantiated,0,,,,,0,0,,,7048027,0,never_instantiated,0,,,,,0,0,lineitem,,7048014,0,never_instantiated,0,,,,,0,0,,,,,,,,,,,,,,,,,,,,,,,,
Q22,4,13,1,2.57,,,1909668,0,never_instantiated,0,,,,,0,0,orders,,1909668,0,never_instantiated,0,,,,,0,0,,,,,,,,,,,,,,,,,,,,,,,,,,,,,,,,,,,,,,,,,,,,,,,,,,,,,,,,,,,,,,,,,,,,,,,,,,,,,,,,,,,,
Q01,4,14,1,4.51,,,,,,,,,,,,,,,,,,,,,,,,,,,,,,,,,,,,,,,,,,,,,,,,,,,,,,,,,,,,,,,,,,,,,,,,,,,,,,,,,,,,,,,,,,,,,,,,,,,,,,,,,,,,
Q02,4,14,1,1.33,,region,1,0,never_instantiated,0,,,,,0,0,,nation,5,0,never_instantiated,0,,,,,0,0,,supplier,57959,0,never_instantiated,0,,,,,0,0,partsupp,part,47201,0,never_instantiated,0,,,,,0,0,,,63825,0,never_instantiated,0,,,,,0,0,,,47107,0,never_instantiated,0,,,,,0,0,,region,1,0,never_instantiated,0,,,,,0,0,,nation,5,0,never_instantiated,0,,,,,0,0,partsupp,supplier,200535,0,never_instantiated,0,,,,,0,0
Q03,4,14,1,3.59,,customer,860982,0,never_instantiated,0,,,,,0,0,lineitem,orders,1133865,0,never_instantiated,0,,,,,0,0,,,,,,,,,,,,,,,,,,,,,,,,,,,,,,,,,,,,,,,,,,,,,,,,,,,,,,,,,,,,,,,,,,,,,,,,,,,,,,,,,,,,
Q04,4,14,1,4.72,,,5733776,0,never_instantiated,0,,,,,0,0,lineitem,,5733776,0,never_instantiated,0,,,,,0,0,,,,,,,,,,,,,,,,,,,,,,,,,,,,,,,,,,,,,,,,,,,,,,,,,,,,,,,,,,,,,,,,,,,,,,,,,,,,,,,,,,,,
Q05,4,14,1,4.82,,region,1,0,never_instantiated,0,,,,,0,0,,nation,5,0,never_instantiated,0,,,,,0,0,,customer,1747053,0,never_instantiated,0,,,,,0,0,,supplier,1000000,0,never_instantiated,0,,,,,0,0,lineitem,orders,4562850,0,never_instantiated,0,,,,,0,0,,,,,,,,,,,,,,,,,,,,,,,,,,,,,,,,,,,,,,,,,,,,,,,,
Q06,4,14,1,1.75,,,,,,,,,,,,,,,,,,,,,,,,,,,,,,,,,,,,,,,,,,,,,,,,,,,,,,,,,,,,,,,,,,,,,,,,,,,,,,,,,,,,,,,,,,,,,,,,,,,,,,,,,,,,
Q07,4,14,1,3.69,,nation,2,0,never_instantiated,0,,,,,0,0,,customer,556645,0,never_instantiated,0,,,,,0,0,,nation,2,0,never_instantiated,0,,,,,0,0,,supplier,80171,0,never_instantiated,0,,,,,0,0,lineitem,orders,1014869,0,never_instantiated,0,,,,,0,0,,,,,,,,,,,,,,,,,,,,,,,,,,,,,,,,,,,,,,,,,,,,,,,,
Q08,4,14,1,4.00,,region,1,0,never_instantiated,0,,,,,0,0,,nation,5,0,never_instantiated,0,,,,,0,0,,part,112955,0,never_instantiated,0,,,,,0,0,,customer,248030,0,never_instantiated,0,,,,,0,0,,orders,261849,0,never_instantiated,0,,,,,0,0,,nation,25,0,never_instantiated,0,,,,,0,0,lineitem,supplier,183035,0,never_instantiated,0,,,,,0,0,,,,,,,,,,,,,,,,,,,,,,,,
Q09,4,14,1,9.33,,nation,25,0,never_instantiated,0,,,,,0,0,,supplier,993888,0,never_instantiated,0,,,,,0,0,,part,1087982,0,never_instantiated,0,,,,,0,0,,orders,29533962,0,never_instantiated,0,,,,,0,0,lineitem,partsupp,4363044,0,never_instantiated,0,,,,,0,0,,,,,,,,,,,,,,,,,,,,,,,,,,,,,,,,,,,,,,,,,,,,,,,,
Q10,4,14,1,4.92,,nation,25,0,never_instantiated,0,,,,,0,0,customer,,11463171,0,never_instantiated,0,,,,,0,0,lineitem,orders,4918971,0,never_instantiated,0,,,,,0,0,,,,,,,,,,,,,,,,,,,,,,,,,,,,,,,,,,,,,,,,,,,,,,,,,,,,,,,,,,,,,,,,,,,,,,,,
Q11,4,14,1,0.72,partsupp,,40045,0,never_instantiated,0,,,,,0,0,supplier,nation,1,0,never_instantiated,0,,,,,0,0,partsupp,,40045,0,never_instantiated,0,,,,,0,0,supplier,nation,1,0,never_instantiated,0,,,,,0,0,,,,,,,,,,,,,,,,,,,,,,,,,,,,,,,,,,,,,,,,,,,,,,,,,,,,,,,,,,,,
Q12,4,14,1,2.77,orders,lineitem,3115341,0,never_instantiated,0,,,,,0,0,,,,,,,,,,,,,,,,,,,,,,,,,,,,,,,,,,,,,,,,,,,,,,,,,,,,,,,,,,,,,,,,,,,,,,,,,,,,,,,,,,,,,,,,,,,,,,,,
Q13,4,14,1,8.62,orders,customer,15000000,0,never_instantiated,0,,,,,0,0,,,,,,,,,,,,,,,,,,,,,,,,,,,,,,,,,,,,,,,,,,,,,,,,,,,,,,,,,,,,,,,,,,,,,,,,,,,,,,,,,,,,,,,,,,,,,,,,
Q14,4,14,1,2.46,lineitem,part,6260702,0,never_instantiated,0,,,,,0,0,,,,,,,,,,,,,,,,,,,,,,,,,,,,,,,,,,,,,,,,,,,,,,,,,,,,,,,,,,,,,,,,,,,,,,,,,,,,,,,,,,,,,,,,,,,,,,,,
Q15,4,14,1,2.67,,,1,0,never_instantiated,0,,,,,0,0,supplier,,1000000,0,never_instantiated,0,,,,,0,0,,,,,,,,,,,,,,,,,,,,,,,,,,,,,,,,,,,,,,,,,,,,,,,,,,,,,,,,,,,,,,,,,,,,,,,,,,,,,,,,,,,,
Q16,4,14,1,2.26,,supplier,479,0,never_instantiated,0,,,,,0,0,partsupp,,2971749,0,never_instantiated,0,,,,,0,0,part,,8,0,never_instantiated,0,,,,,0,0,,,,,,,,,,,,,,,,,,,,,,,,,,,,,,,,,,,,,,,,,,,,,,,,,,,,,,,,,,,,,,,,,,,,,,,,
Q17,4,14,1,5.13,lineitem,part,20031,0,never_instantiated,0,,,,,0,0,,,600982,0,never_instantiated,0,,,,,0,0,lineitem,,20031,0,never_instantiated,0,,,,,0,0,,,,,,,,,,,,,,,,,,,,,,,,,,,,,,,,,,,,,,,,,,,,,,,,,,,,,,,,,,,,,,,,,,,,,,,,
Q18,4,14,1,22.86,,lineitem,6398,0,never_instantiated,0,,,,,0,0,,customer,14999999,0,never_instantiated,0,,,,,0,0,lineitem,orders,150000000,0,never_instantiated,0,,,,,0,0,,,,,,,,,,,,,,,,,,,,,,,,,,,,,,,,,,,,,,,,,,,,,,,,,,,,,,,,,,,,,,,,,,,,,,,,
Q19,4,14,1,4.72,lineitem,part,13930201,0,never_instantiated,0,,,,,0,0,,,,,,,,,,,,,,,,,,,,,,,,,,,,,,,,,,,,,,,,,,,,,,,,,,,,,,,,,,,,,,,,,,,,,,,,,,,,,,,,,,,,,,,,,,,,,,,,
Q20,4,14,1,3.79,,,24634,0,never_instantiated,0,,,,,0,0,partsupp,part,33123,0,never_instantiated,0,,,,,0,0,,,35136,0,never_instantiated,0,,,,,0,0,lineitem,,35136,0,never_instantiated,0,,,,,0,0,supplier,nation,1,0,never_instantiated,0,,,,,0,0,,,,,,,,,,,,,,,,,,,,,,,,,,,,,,,,,,,,,,,,,,,,,,,,
Q21,4,14,1,13.02,,nation,1,0,never_instantiated,0,,,,,0,0,,supplier,39953,0,never_instantiated,0,,,,,0,0,lineitem,orders,7079205,0,never_instantiated,0,,,,,0,0,,,7313671,0,never_instantiated,0,,,,,0,0,lineitem,,7313658,0,never_instantiated,0,,,,,0,0,,,7048027,0,never_instantiated,0,,,,,0,0,lineitem,,7048014,0,never_instantiated,0,,,,,0,0,,,,,,,,,,,,,,,,,,,,,,,,
Q22,4,14,1,2.57,,,1909668,0,never_instantiated,0,,,,,0,0,orders,,1909668,0,never_instantiated,0,,,,,0,0,,,,,,,,,,,,,,,,,,,,,,,,,,,,,,,,,,,,,,,,,,,,,,,,,,,,,,,,,,,,,,,,,,,,,,,,,,,,,,,,,,,,
Q01,4,15,1,4.61,,,,,,,,,,,,,,,,,,,,,,,,,,,,,,,,,,,,,,,,,,,,,,,,,,,,,,,,,,,,,,,,,,,,,,,,,,,,,,,,,,,,,,,,,,,,,,,,,,,,,,,,,,,,
Q02,4,15,1,1.23,,region,1,0,never_instantiated,0,,,,,0,0,,nation,5,0,never_instantiated,0,,,,,0,0,,part,47201,0,never_instantiated,0,,,,,0,0,partsupp,supplier,57959,0,never_instantiated,0,,,,,0,0,,,63825,0,never_instantiated,0,,,,,0,0,,,47107,0,never_instantiated,0,,,,,0,0,,region,1,0,never_instantiated,0,,,,,0,0,,nation,5,0,never_instantiated,0,,,,,0,0,partsupp,supplier,200535,0,never_instantiated,0,,,,,0,0
Q03,4,15,1,3.59,,customer,860982,0,never_instantiated,0,,,,,0,0,lineitem,orders,1133865,0,never_instantiated,0,,,,,0,0,,,,,,,,,,,,,,,,,,,,,,,,,,,,,,,,,,,,,,,,,,,,,,,,,,,,,,,,,,,,,,,,,,,,,,,,,,,,,,,,,,,,
Q04,4,15,1,4.72,,,5733776,0,never_instantiated,0,,,,,0,0,lineitem,,5733776,0,never_instantiated,0,,,,,0,0,,,,,,,,,,,,,,,,,,,,,,,,,,,,,,,,,,,,,,,,,,,,,,,,,,,,,,,,,,,,,,,,,,,,,,,,,,,,,,,,,,,,
Q05,4,15,1,6.25,,customer,6943826,0,never_instantiated,0,,,,,0,0,,region,1,0,never_instantiated,0,,,,,0,0,,orders,12501118,0,never_instantiated,0,,,,,0,0,,nation,5,0,never_instantiated,0,,,,,0,0,lineitem,supplier,199889,0,never_instantiated,0,,,,,0,0,,,,,,,,,,,,,,,,,,,,,,,,,,,,,,,,,,,,,,,,,,,,,,,,
Q06,4,15,1,1.75,,,,,,,,,,,,,,,,,,,,,,,,,,,,,,,,,,,,,,,,,,,,,,,,,,,,,,,,,,,,,,,,,,,,,,,,,,,,,,,,,,,,,,,,,,,,,,,,,,,,,,,,,,,,
Q07,4,15,1,3.90,,nation,2,0,never_instantiated,0,,,,,0,0,,nation,2,0,never_instantiated,0,,,,,0,0,,customer,556645,0,never_instantiated,0,,,,,0,0,orders,,1179101,0,never_instantiated,0,,,,,0,0,lineitem,supplier,80171,0,never_instantiated,0,,,,,0,0,,,,,,,,,,,,,,,,,,,,,,,,,,,,,,,,,,,,,,,,,,,,,,,,
Q08,4,15,1,3.90,,region,1,0,never_instantiated,0,,,,,0,0,,nation,5,0,never_instantiated,0,,,,,0,0,customer,,245334,0,never_instantiated,0,,,,,0,0,,nation,25,0,never_instantiated,0,,,,,0,0,,supplier,183035,0,never_instantiated,0,,,,,0,0,,part,112955,0,never_instantiated,0,,,,,0,0,lineitem,orders,261849,0,never_instantiated,0,,,,,0,0,,,,,,,,,,,,,,,,,,,,,,,,
Q09,4,15,1,9.23,,nation,25,0,never_instantiated,0,,,,,0,0,,partsupp,4363044,0,never_instantiated,0,,,,,0,0,,part,1087982,0,never_instantiated,0,,,,,0,0,,orders,29533962,0,never_instantiated,0,,,,,0,0,lineitem,supplier,993888,0,never_instantiated,0,,,,,0,0,,,,,,,,,,,,,,,,,,,,,,,,,,,,,,,,,,,,,,,,,,,,,,,,
Q10,4,15,1,4.92,,nation,25,0,never_instantiated,0,,,,,0,0,customer,,11463171,0,never_instantiated,0,,,,,0,0,lineitem,orders,4918971,0,never_instantiated,0,,,,,0,0,,,,,,,,,,,,,,,,,,,,,,,,,,,,,,,,,,,,,,,,,,,,,,,,,,,,,,,,,,,,,,,,,,,,,,,,
Q11,4,15,1,0.72,,nation,1,0,never_instantiated,0,,,,,0,0,partsupp,supplier,40045,0,never_instantiated,0,,,,,0,0,,nation,1,0,never_instantiated,0,,,,,0,0,partsupp,supplier,40045,0,never_instantiated,0,,,,,0,0,,,,,,,,,,,,,,,,,,,,,,,,,,,,,,,,,,,,,,,,,,,,,,,,,,,,,,,,,,,,
Q12,4,15,1,2.87,orders,lineitem,3115341,0,never_instantiated,0,,,,,0,0,,,,,,,,,,,,,,,,,,,,,,,,,,,,,,,,,,,,,,,,,,,,,,,,,,,,,,,,,,,,,,,,,,,,,,,,,,,,,,,,,,,,,,,,,,,,,,,,
Q13,4,15,1,8.62,orders,customer,15000000,0,never_instantiated,0,,,,,0,0,,,,,,,,,,,,,,,,,,,,,,,,,,,,,,,,,,,,,,,,,,,,,,,,,,,,,,,,,,,,,,,,,,,,,,,,,,,,,,,,,,,,,,,,,,,,,,,,
Q14,4,15,1,2.47,lineitem,part,6260702,0,never_instantiated,0,,,,,0,0,,,,,,,,,,,,,,,,,,,,,,,,,,,,,,,,,,,,,,,,,,,,,,,,,,,,,,,,,,,,,,,,,,,,,,,,,,,,,,,,,,,,,,,,,,,,,,,,
Q15,4,15,1,2.67,,,1,0,never_instantiated,0,,,,,0,0,supplier,,1000000,0,never_instantiated,0,,,,,0,0,,,,,,,,,,,,,,,,,,,,,,,,,,,,,,,,,,,,,,,,,,,,,,,,,,,,,,,,,,,,,,,,,,,,,,,,,,,,,,,,,,,,
Q16,4,15,1,2.26,,supplier,479,0,never_instantiated,0,,,,,0,0,partsupp,,2971749,0,never_instantiated,0,,,,,0,0,part,,8,0,never_instantiated,0,,,,,0,0,,,,,,,,,,,,,,,,,,,,,,,,,,,,,,,,,,,,,,,,,,,,,,,,,,,,,,,,,,,,,,,,,,,,,,,,
Q17,4,15,1,5.23,lineitem,part,20031,0,never_instantiated,0,,,,,0,0,,,600982,0,never_instantiated,0,,,,,0,0,lineitem,,20031,0,never_instantiated,0,,,,,0,0,,,,,,,,,,,,,,,,,,,,,,,,,,,,,,,,,,,,,,,,,,,,,,,,,,,,,,,,,,,,,,,,,,,,,,,,
Q18,4,15,1,22.96,,lineitem,6398,0,never_instantiated,0,,,,,0,0,,customer,14999999,0,never_instantiated,0,,,,,0,0,lineitem,orders,150000000,0,never_instantiated,0,,,,,0,0,,,,,,,,,,,,,,,,,,,,,,,,,,,,,,,,,,,,,,,,,,,,,,,,,,,,,,,,,,,,,,,,,,,,,,,,
Q19,4,15,1,4.82,lineitem,part,13930201,0,never_instantiated,0,,,,,0,0,,,,,,,,,,,,,,,,,,,,,,,,,,,,,,,,,,,,,,,,,,,,,,,,,,,,,,,,,,,,,,,,,,,,,,,,,,,,,,,,,,,,,,,,,,,,,,,,
Q20,4,15,1,3.80,,,24634,0,never_instantiated,0,,,,,0,0,partsupp,part,33123,0,never_instantiated,0,,,,,0,0,,,35136,0,never_instantiated,0,,,,,0,0,lineitem,,35136,0,never_instantiated,0,,,,,0,0,supplier,nation,1,0,never_instantiated,0,,,,,0,0,,,,,,,,,,,,,,,,,,,,,,,,,,,,,,,,,,,,,,,,,,,,,,,,
Q21,4,15,1,13.02,,nation,1,0,never_instantiated,0,,,,,0,0,,orders,7079205,0,never_instantiated,0,,,,,0,0,lineitem,supplier,39953,0,never_instantiated,0,,,,,0,0,,,7313671,0,never_instantiated,0,,,,,0,0,lineitem,,7313658,0,never_instantiated,0,,,,,0,0,,,7048027,0,never_instantiated,0,,,,,0,0,lineitem,,7048014,0,never_instantiated,0,,,,,0,0,,,,,,,,,,,,,,,,,,,,,,,,
Q22,4,15,1,2.57,,,1909668,0,never_instantiated,0,,,,,0,0,orders,,1909668,0,never_instantiated,0,,,,,0,0,,,,,,,,,,,,,,,,,,,,,,,,,,,,,,,,,,,,,,,,,,,,,,,,,,,,,,,,,,,,,,,,,,,,,,,,,,,,,,,,,,,,
Q01,4,16,1,4.61,,,,,,,,,,,,,,,,,,,,,,,,,,,,,,,,,,,,,,,,,,,,,,,,,,,,,,,,,,,,,,,,,,,,,,,,,,,,,,,,,,,,,,,,,,,,,,,,,,,,,,,,,,,,
Q02,4,16,1,1.03,,region,1,0,never_instantiated,0,,,,,0,0,,nation,5,0,never_instantiated,0,,,,,0,0,,supplier,57959,0,never_instantiated,0,,,,,0,0,partsupp,part,47201,0,never_instantiated,0,,,,,0,0,,,63825,0,never_instantiated,0,,,,,0,0,,,47107,0,never_instantiated,0,,,,,0,0,partsupp,,200535,0,never_instantiated,0,,,,,0,0,,region,1,0,never_instantiated,0,,,,,0,0,supplier,nation,5,0,never_instantiated,0,,,,,0,0
Q03,4,16,1,7.48,,customer,3000188,0,never_instantiated,0,,,,,0,0,lineitem,orders,72874383,0,never_instantiated,0,,,,,0,0,,,,,,,,,,,,,,,,,,,,,,,,,,,,,,,,,,,,,,,,,,,,,,,,,,,,,,,,,,,,,,,,,,,,,,,,,,,,,,,,,,,,
Q04,4,16,1,4.72,,,5733776,0,never_instantiated,0,,,,,0,0,lineitem,,5733776,0,never_instantiated,0,,,,,0,0,,,,,,,,,,,,,,,,,,,,,,,,,,,,,,,,,,,,,,,,,,,,,,,,,,,,,,,,,,,,,,,,,,,,,,,,,,,,,,,,,,,,
Q05,4,16,1,8.93,,region,1,0,never_instantiated,0,,,,,0,0,,nation,5,0,never_instantiated,0,,,,,0,0,,customer,2999759,0,never_instantiated,0,,,,,0,0,,supplier,199889,0,never_instantiated,0,,,,,0,0,lineitem,orders,22760819,0,never_instantiated,0,,,,,0,0,,,,,,,,,,,,,,,,,,,,,,,,,,,,,,,,,,,,,,,,,,,,,,,,
Q06,4,16,1,1.75,,,,,,,,,,,,,,,,,,,,,,,,,,,,,,,,,,,,,,,,,,,,,,,,,,,,,,,,,,,,,,,,,,,,,,,,,,,,,,,,,,,,,,,,,,,,,,,,,,,,,,,,,,,,
Q07,4,16,1,3.69,,nation,2,0,never_instantiated,0,,,,,0,0,,customer,556645,0,never_instantiated,0,,,,,0,0,,nation,2,0,never_instantiated,0,,,,,0,0,,supplier,80171,0,never_instantiated,0,,,,,0,0,lineitem,orders,1014869,0,never_instantiated,0,,,,,0,0,,,,,,,,,,,,,,,,,,,,,,,,,,,,,,,,,,,,,,,,,,,,,,,,
Q08,4,16,1,4.82,,region,1,0,never_instantiated,0,,,,,0,0,,nation,5,0,never_instantiated,0,,,,,0,0,customer,,245334,0,never_instantiated,0,,,,,0,0,orders,,246009,0,never_instantiated,0,,,,,0,0,,nation,25,0,never_instantiated,0,,,,,0,0,,supplier,183035,0,never_instantiated,0,,,,,0,0,lineitem,part,112955,0,never_instantiated,0,,,,,0,0,,,,,,,,,,,,,,,,,,,,,,,,
Q09,4,16,1,9.13,,nation,25,0,never_instantiated,0,,,,,0,0,,supplier,993888,0,never_instantiated,0,,,,,0,0,,partsupp,4363044,0,never_instantiated,0,,,,,0,0,,part,1087982,0,never_instantiated,0,,,,,0,0,lineitem,orders,29533962,0,never_instantiated,0,,,,,0,0,,,,,,,,,,,,,,,,,,,,,,,,,,,,,,,,,,,,,,,,,,,,,,,,
Q10,4,16,1,4.92,,nation,25,0,never_instantiated,0,,,,,0,0,customer,,11463171,0,never_instantiated,0,,,,,0,0,lineitem,orders,4918971,0,never_instantiated,0,,,,,0,0,,,,,,,,,,,,,,,,,,,,,,,,,,,,,,,,,,,,,,,,,,,,,,,,,,,,,,,,,,,,,,,,,,,,,,,,
Q11,4,16,1,0.72,partsupp,,40045,0,never_instantiated,0,,,,,0,0,supplier,nation,1,0,never_instantiated,0,,,,,0,0,partsupp,,40045,0,never_instantiated,0,,,,,0,0,supplier,nation,1,0,never_instantiated,0,,,,,0,0,,,,,,,,,,,,,,,,,,,,,,,,,,,,,,,,,,,,,,,,,,,,,,,,,,,,,,,,,,,,
Q12,4,16,1,2.87,orders,lineitem,3115341,0,never_instantiated,0,,,,,0,0,,,,,,,,,,,,,,,,,,,,,,,,,,,,,,,,,,,,,,,,,,,,,,,,,,,,,,,,,,,,,,,,,,,,,,,,,,,,,,,,,,,,,,,,,,,,,,,,
Q13,4,16,1,8.72,orders,customer,15000000,0,never_instantiated,0,,,,,0,0,,,,,,,,,,,,,,,,,,,,,,,,,,,,,,,,,,,,,,,,,,,,,,,,,,,,,,,,,,,,,,,,,,,,,,,,,,,,,,,,,,,,,,,,,,,,,,,,
Q14,4,16,1,2.46,lineitem,part,6260702,0,never_instantiated,0,,,,,0,0,,,,,,,,,,,,,,,,,,,,,,,,,,,,,,,,,,,,,,,,,,,,,,,,,,,,,,,,,,,,,,,,,,,,,,,,,,,,,,,,,,,,,,,,,,,,,,,,
Q15,4,16,1,2.67,,,1,0,never_instantiated,0,,,,,0,0,supplier,,1000000,0,never_instantiated,0,,,,,0,0,,,,,,,,,,,,,,,,,,,,,,,,,,,,,,,,,,,,,,,,,,,,,,,,,,,,,,,,,,,,,,,,,,,,,,,,,,,,,,,,,,,,
Q16,4,16,1,2.26,,supplier,479,0,never_instantiated,0,,,,,0,0,partsupp,,2971749,0,never_instantiated,0,,,,,0,0,part,,8,0,never_instantiated,0,,,,,0,0,,,,,,,,,,,,,,,,,,,,,,,,,,,,,,,,,,,,,,,,,,,,,,,,,,,,,,,,,,,,,,,,,,,,,,,,
Q17,4,16,1,5.13,lineitem,part,20031,0,never_instantiated,0,,,,,0,0,,,600982,0,never_instantiated,0,,,,,0,0,lineitem,,20031,0,never_instantiated,0,,,,,0,0,,,,,,,,,,,,,,,,,,,,,,,,,,,,,,,,,,,,,,,,,,,,,,,,,,,,,,,,,,,,,,,,,,,,,,,,
Q18,4,16,1,22.66,,lineitem,6398,0,never_instantiated,0,,,,,0,0,,customer,14999999,0,never_instantiated,0,,,,,0,0,lineitem,orders,150000000,0,never_instantiated,0,,,,,0,0,,,,,,,,,,,,,,,,,,,,,,,,,,,,,,,,,,,,,,,,,,,,,,,,,,,,,,,,,,,,,,,,,,,,,,,,
Q19,4,16,1,4.72,lineitem,part,13930201,0,never_instantiated,0,,,,,0,0,,,,,,,,,,,,,,,,,,,,,,,,,,,,,,,,,,,,,,,,,,,,,,,,,,,,,,,,,,,,,,,,,,,,,,,,,,,,,,,,,,,,,,,,,,,,,,,,
Q20,4,16,1,3.80,,,24634,0,never_instantiated,0,,,,,0,0,partsupp,part,33123,0,never_instantiated,0,,,,,0,0,,,35136,0,never_instantiated,0,,,,,0,0,lineitem,,35136,0,never_instantiated,0,,,,,0,0,supplier,nation,1,0,never_instantiated,0,,,,,0,0,,,,,,,,,,,,,,,,,,,,,,,,,,,,,,,,,,,,,,,,,,,,,,,,
Q21,4,16,1,12.92,,nation,1,0,never_instantiated,0,,,,,0,0,,supplier,39953,0,never_instantiated,0,,,,,0,0,lineitem,orders,7079205,0,never_instantiated,0,,,,,0,0,,,7313671,0,never_instantiated,0,,,,,0,0,lineitem,,7313658,0,never_instantiated,0,,,,,0,0,,,7048027,0,never_instantiated,0,,,,,0,0,lineitem,,7048014,0,never_instantiated,0,,,,,0,0,,,,,,,,,,,,,,,,,,,,,,,,
Q22,4,16,1,2.57,,,1909668,0,never_instantiated,0,,,,,0,0,orders,,1909668,0,never_instantiated,0,,,,,0,0,,,,,,,,,,,,,,,,,,,,,,,,,,,,,,,,,,,,,,,,,,,,,,,,,,,,,,,,,,,,,,,,,,,,,,,,,,,,,,,,,,,,
Q01,4,17,1,4.51,,,,,,,,,,,,,,,,,,,,,,,,,,,,,,,,,,,,,,,,,,,,,,,,,,,,,,,,,,,,,,,,,,,,,,,,,,,,,,,,,,,,,,,,,,,,,,,,,,,,,,,,,,,,
Q02,4,17,1,1.03,,region,1,0,never_instantiated,0,,,,,0,0,,nation,5,0,never_instantiated,0,,,,,0,0,,part,47201,0,never_instantiated,0,,,,,0,0,partsupp,supplier,57959,0,never_instantiated,0,,,,,0,0,,,63825,0,never_instantiated,0,,,,,0,0,,,47107,0,never_instantiated,0,,,,,0,0,partsupp,,200535,0,never_instantiated,0,,,,,0,0,,region,1,0,never_instantiated,0,,,,,0,0,supplier,nation,5,0,never_instantiated,0,,,,,0,0
Q03,4,17,1,3.59,,customer,860982,0,never_instantiated,0,,,,,0,0,lineitem,orders,1133865,0,never_instantiated,0,,,,,0,0,,,,,,,,,,,,,,,,,,,,,,,,,,,,,,,,,,,,,,,,,,,,,,,,,,,,,,,,,,,,,,,,,,,,,,,,,,,,,,,,,,,,
Q04,4,17,1,4.72,,,5733776,0,never_instantiated,0,,,,,0,0,lineitem,,5733776,0,never_instantiated,0,,,,,0,0,,,,,,,,,,,,,,,,,,,,,,,,,,,,,,,,,,,,,,,,,,,,,,,,,,,,,,,,,,,,,,,,,,,,,,,,,,,,,,,,,,,,
Q05,4,17,1,5.95,,region,1,0,never_instantiated,0,,,,,0,0,,customer,2999759,0,never_instantiated,0,,,,,0,0,,nation,5,0,never_instantiated,0,,,,,0,0,,orders,12501118,0,never_instantiated,0,,,,,0,0,lineitem,supplier,199889,0,never_instantiated,0,,,,,0,0,,,,,,,,,,,,,,,,,,,,,,,,,,,,,,,,,,,,,,,,,,,,,,,,
Q06,4,17,1,1.75,,,,,,,,,,,,,,,,,,,,,,,,,,,,,,,,,,,,,,,,,,,,,,,,,,,,,,,,,,,,,,,,,,,,,,,,,,,,,,,,,,,,,,,,,,,,,,,,,,,,,,,,,,,,
Q07,4,17,1,3.90,,nation,2,0,never_instantiated,0,,,,,0,0,,nation,2,0,never_instantiated,0,,,,,0,0,,customer,556645,0,never_instantiated,0,,,,,0,0,orders,,1179101,0,never_instantiated,0,,,,,0,0,lineitem,supplier,80171,0,never_instantiated,0,,,,,0,0,,,,,,,,,,,,,,,,,,,,,,,,,,,,,,,,,,,,,,,,,,,,,,,,
Q08,4,17,1,4.72,,nation,25,0,never_instantiated,0,,,,,0,0,,region,1,0,never_instantiated,0,,,,,0,0,,nation,5,0,never_instantiated,0,,,,,0,0,customer,,245334,0,never_instantiated,0,,,,,0,0,orders,,246009,0,never_instantiated,0,,,,,0,0,,part,112955,0,never_instantiated,0,,,,,0,0,lineitem,supplier,183035,0,never_instantiated,0,,,,,0,0,,,,,,,,,,,,,,,,,,,,,,,,
Q09,4,17,1,9.23,,partsupp,4363044,0,never_instantiated,0,,,,,0,0,,orders,29533962,0,never_instantiated,0,,,,,0,0,,nation,25,0,never_instantiated,0,,,,,0,0,,supplier,993888,0,never_instantiated,0,,,,,0,0,lineitem,part,1087982,0,never_instantiated,0,,,,,0,0,,,,,,,,,,,,,,,,,,,,,,,,,,,,,,,,,,,,,,,,,,,,,,,,
Q10,4,17,1,4.93,,nation,25,0,never_instantiated,0,,,,,0,0,customer,,11463171,0,never_instantiated,0,,,,,0,0,lineitem,orders,4918971,0,never_instantiated,0,,,,,0,0,,,,,,,,,,,,,,,,,,,,,,,,,,,,,,,,,,,,,,,,,,,,,,,,,,,,,,,,,,,,,,,,,,,,,,,,
Q11,4,17,1,0.72,,nation,1,0,never_instantiated,0,,,,,0,0,partsupp,supplier,40045,0,never_instantiated,0,,,,,0,0,,nation,1,0,never_instantiated,0,,,,,0,0,partsupp,supplier,40045,0,never_instantiated,0,,,,,0,0,,,,,,,,,,,,,,,,,,,,,,,,,,,,,,,,,,,,,,,,,,,,,,,,,,,,,,,,,,,,
Q12,4,17,1,2.87,orders,lineitem,3115341,0,never_instantiated,0,,,,,0,0,,,,,,,,,,,,,,,,,,,,,,,,,,,,,,,,,,,,,,,,,,,,,,,,,,,,,,,,,,,,,,,,,,,,,,,,,,,,,,,,,,,,,,,,,,,,,,,,
Q13,4,17,1,8.51,orders,customer,15000000,0,never_instantiated,0,,,,,0,0,,,,,,,,,,,,,,,,,,,,,,,,,,,,,,,,,,,,,,,,,,,,,,,,,,,,,,,,,,,,,,,,,,,,,,,,,,,,,,,,,,,,,,,,,,,,,,,,
Q14,4,17,1,2.46,lineitem,part,6260702,0,never_instantiated,0,,,,,0,0,,,,,,,,,,,,,,,,,,,,,,,,,,,,,,,,,,,,,,,,,,,,,,,,,,,,,,,,,,,,,,,,,,,,,,,,,,,,,,,,,,,,,,,,,,,,,,,,
Q15,4,17,1,2.77,,,1,0,never_instantiated,0,,,,,0,0,supplier,,1000000,0,never_instantiated,0,,,,,0,0,,,,,,,,,,,,,,,,,,,,,,,,,,,,,,,,,,,,,,,,,,,,,,,,,,,,,,,,,,,,,,,,,,,,,,,,,,,,,,,,,,,,
Q16,4,17,1,2.26,,supplier,479,0,never_instantiated,0,,,,,0,0,partsupp,,2971749,0,never_instantiated,0,,,,,0,0,part,,8,0,never_instantiated,0,,,,,0,0,,,,,,,,,,,,,,,,,,,,,,,,,,,,,,,,,,,,,,,,,,,,,,,,,,,,,,,,,,,,,,,,,,,,,,,,
Q17,4,17,1,5.13,lineitem,part,20031,0,never_instantiated,0,,,,,0,0,,,600982,0,never_instantiated,0,,,,,0,0,lineitem,,20031,0,never_instantiated,0,,,,,0,0,,,,,,,,,,,,,,,,,,,,,,,,,,,,,,,,,,,,,,,,,,,,,,,,,,,,,,,,,,,,,,,,,,,,,,,,
Q18,4,17,1,22.96,,lineitem,6398,0,never_instantiated,0,,,,,0,0,,customer,14999999,0,never_instantiated,0,,,,,0,0,lineitem,orders,150000000,0,never_instantiated,0,,,,,0,0,,,,,,,,,,,,,,,,,,,,,,,,,,,,,,,,,,,,,,,,,,,,,,,,,,,,,,,,,,,,,,,,,,,,,,,,
Q19,4,17,1,4.82,lineitem,part,13930201,0,never_instantiated,0,,,,,0,0,,,,,,,,,,,,,,,,,,,,,,,,,,,,,,,,,,,,,,,,,,,,,,,,,,,,,,,,,,,,,,,,,,,,,,,,,,,,,,,,,,,,,,,,,,,,,,,,
Q20,4,17,1,3.80,,,24634,0,never_instantiated,0,,,,,0,0,partsupp,part,33123,0,never_instantiated,0,,,,,0,0,,,35136,0,never_instantiated,0,,,,,0,0,lineitem,,35136,0,never_instantiated,0,,,,,0,0,supplier,nation,1,0,never_instantiated,0,,,,,0,0,,,,,,,,,,,,,,,,,,,,,,,,,,,,,,,,,,,,,,,,,,,,,,,,
Q21,4,17,1,13.02,,nation,1,0,never_instantiated,0,,,,,0,0,,orders,7079205,0,never_instantiated,0,,,,,0,0,lineitem,supplier,39953,0,never_instantiated,0,,,,,0,0,,,7313671,0,never_instantiated,0,,,,,0,0,lineitem,,7313658,0,never_instantiated,0,,,,,0,0,,,7048027,0,never_instantiated,0,,,,,0,0,lineitem,,7048014,0,never_instantiated,0,,,,,0,0,,,,,,,,,,,,,,,,,,,,,,,,
Q22,4,17,1,2.57,,,1909668,0,never_instantiated,0,,,,,0,0,orders,,1909668,0,never_instantiated,0,,,,,0,0,,,,,,,,,,,,,,,,,,,,,,,,,,,,,,,,,,,,,,,,,,,,,,,,,,,,,,,,,,,,,,,,,,,,,,,,,,,,,,,,,,,,
Q01,4,18,1,4.61,,,,,,,,,,,,,,,,,,,,,,,,,,,,,,,,,,,,,,,,,,,,,,,,,,,,,,,,,,,,,,,,,,,,,,,,,,,,,,,,,,,,,,,,,,,,,,,,,,,,,,,,,,,,
Q02,4,18,1,1.33,,region,1,0,never_instantiated,0,,,,,0,0,,nation,5,0,never_instantiated,0,,,,,0,0,,supplier,57959,0,never_instantiated,0,,,,,0,0,partsupp,part,47201,0,never_instantiated,0,,,,,0,0,,,63825,0,never_instantiated,0,,,,,0,0,,,47107,0,never_instantiated,0,,,,,0,0,,region,1,0,never_instantiated,0,,,,,0,0,,nation,5,0,never_instantiated,0,,,,,0,0,partsupp,supplier,200535,0,never_instantiated,0,,,,,0,0
Q03,4,18,1,7.39,,customer,3000188,0,never_instantiated,0,,,,,0,0,lineitem,orders,72874383,0,never_instantiated,0,,,,,0,0,,,,,,,,,,,,,,,,,,,,,,,,,,,,,,,,,,,,,,,,,,,,,,,,,,,,,,,,,,,,,,,,,,,,,,,,,,,,,,,,,,,,
Q04,4,18,1,4.72,,,5733776,0,never_instantiated,0,,,,,0,0,lineitem,,5733776,0,never_instantiated,0,,,,,0,0,,,,,,,,,,,,,,,,,,,,,,,,,,,,,,,,,,,,,,,,,,,,,,,,,,,,,,,,,,,,,,,,,,,,,,,,,,,,,,,,,,,,
Q05,4,18,1,5.54,,region,1,0,never_instantiated,0,,,,,0,0,,customer,2999759,0,never_instantiated,0,,,,,0,0,,nation,5,0,never_instantiated,0,,,,,0,0,,supplier,199889,0,never_instantiated,0,,,,,0,0,lineitem,orders,12501118,0,never_instantiated,0,,,,,0,0,,,,,,,,,,,,,,,,,,,,,,,,,,,,,,,,,,,,,,,,,,,,,,,,
Q06,4,18,1,1.75,,,,,,,,,,,,,,,,,,,,,,,,,,,,,,,,,,,,,,,,,,,,,,,,,,,,,,,,,,,,,,,,,,,,,,,,,,,,,,,,,,,,,,,,,,,,,,,,,,,,,,,,,,,,
Q07,4,18,1,3.69,,nation,2,0,never_instantiated,0,,,,,0,0,,nation,2,0,never_instantiated,0,,,,,0,0,,customer,556645,0,never_instantiated,0,,,,,0,0,,supplier,80171,0,never_instantiated,0,,,,,0,0,lineitem,orders,1014869,0,never_instantiated,0,,,,,0,0,,,,,,,,,,,,,,,,,,,,,,,,,,,,,,,,,,,,,,,,,,,,,,,,
Q08,4,18,1,3.90,,region,1,0,never_instantiated,0,,,,,0,0,,part,112955,0,never_instantiated,0,,,,,0,0,,nation,25,0,never_instantiated,0,,,,,0,0,,nation,5,0,never_instantiated,0,,,,,0,0,,customer,248030,0,never_instantiated,0,,,,,0,0,,supplier,183035,0,never_instantiated,0,,,,,0,0,lineitem,orders,261849,0,never_instantiated,0,,,,,0,0,,,,,,,,,,,,,,,,,,,,,,,,
Q09,4,18,1,9.13,,part,1087982,0,never_instantiated,0,,,,,0,0,,orders,29533962,0,never_instantiated,0,,,,,0,0,,nation,25,0,never_instantiated,0,,,,,0,0,,supplier,993888,0,never_instantiated,0,,,,,0,0,lineitem,partsupp,4363044,0,never_instantiated,0,,,,,0,0,,,,,,,,,,,,,,,,,,,,,,,,,,,,,,,,,,,,,,,,,,,,,,,,
Q10,4,18,1,4.92,,nation,25,0,never_instantiated,0,,,,,0,0,customer,,11463171,0,never_instantiated,0,,,,,0,0,lineitem,orders,4918971,0,never_instantiated,0,,,,,0,0,,,,,,,,,,,,,,,,,,,,,,,,,,,,,,,,,,,,,,,,,,,,,,,,,,,,,,,,,,,,,,,,,,,,,,,,
Q11,4,18,1,0.82,partsupp,,40045,0,never_instantiated,0,,,,,0,0,supplier,nation,1,0,never_instantiated,0,,,,,0,0,,nation,1,0,never_instantiated,0,,,,,0,0,partsupp,supplier,40045,0,never_instantiated,0,,,,,0,0,,,,,,,,,,,,,,,,,,,,,,,,,,,,,,,,,,,,,,,,,,,,,,,,,,,,,,,,,,,,
Q12,4,18,1,2.77,orders,lineitem,3115341,0,never_instantiated,0,,,,,0,0,,,,,,,,,,,,,,,,,,,,,,,,,,,,,,,,,,,,,,,,,,,,,,,,,,,,,,,,,,,,,,,,,,,,,,,,,,,,,,,,,,,,,,,,,,,,,,,,
Q13,4,18,1,8.62,orders,customer,15000000,0,never_instantiated,0,,,,,0,0,,,,,,,,,,,,,,,,,,,,,,,,,,,,,,,,,,,,,,,,,,,,,,,,,,,,,,,,,,,,,,,,,,,,,,,,,,,,,,,,,,,,,,,,,,,,,,,,
Q14,4,18,1,2.46,lineitem,part,6260702,0,never_instantiated,0,,,,,0,0,,,,,,,,,,,,,,,,,,,,,,,,,,,,,,,,,,,,,,,,,,,,,,,,,,,,,,,,,,,,,,,,,,,,,,,,,,,,,,,,,,,,,,,,,,,,,,,,
Q15,4,18,1,2.67,,,1,0,never_instantiated,0,,,,,0,0,supplier,,1000000,0,never_instantiated,0,,,,,0,0,,,,,,,,,,,,,,,,,,,,,,,,,,,,,,,,,,,,,,,,,,,,,,,,,,,,,,,,,,,,,,,,,,,,,,,,,,,,,,,,,,,,
Q16,4,18,1,2.26,,supplier,479,0,never_instantiated,0,,,,,0,0,partsupp,,2971749,0,never_instantiated,0,,,,,0,0,part,,8,0,never_instantiated,0,,,,,0,0,,,,,,,,,,,,,,,,,,,,,,,,,,,,,,,,,,,,,,,,,,,,,,,,,,,,,,,,,,,,,,,,,,,,,,,,
Q17,4,18,1,5.53,lineitem,part,20031,0,never_instantiated,0,,,,,0,0,,,600982,0,never_instantiated,0,,,,,0,0,lineitem,,20031,0,never_instantiated,0,,,,,0,0,,,,,,,,,,,,,,,,,,,,,,,,,,,,,,,,,,,,,,,,,,,,,,,,,,,,,,,,,,,,,,,,,,,,,,,,
Q18,4,18,1,22.76,,lineitem,6398,0,never_instantiated,0,,,,,0,0,,customer,14999999,0,never_instantiated,0,,,,,0,0,lineitem,orders,150000000,0,never_instantiated,0,,,,,0,0,,,,,,,,,,,,,,,,,,,,,,,,,,,,,,,,,,,,,,,,,,,,,,,,,,,,,,,,,,,,,,,,,,,,,,,,
Q19,4,18,1,4.72,lineitem,part,13930201,0,never_instantiated,0,,,,,0,0,,,,,,,,,,,,,,,,,,,,,,,,,,,,,,,,,,,,,,,,,,,,,,,,,,,,,,,,,,,,,,,,,,,,,,,,,,,,,,,,,,,,,,,,,,,,,,,,
Q20,4,18,1,3.80,,,24634,0,never_instantiated,0,,,,,0,0,partsupp,part,33123,0,never_instantiated,0,,,,,0,0,,,35136,0,never_instantiated,0,,,,,0,0,lineitem,,35136,0,never_instantiated,0,,,,,0,0,supplier,nation,1,0,never_instantiated,0,,,,,0,0,,,,,,,,,,,,,,,,,,,,,,,,,,,,,,,,,,,,,,,,,,,,,,,,
Q21,4,18,1,13.02,,nation,1,0,never_instantiated,0,,,,,0,0,,supplier,39953,0,never_instantiated,0,,,,,0,0,lineitem,orders,7079205,0,never_instantiated,0,,,,,0,0,,,7313671,0,never_instantiated,0,,,,,0,0,lineitem,,7313658,0,never_instantiated,0,,,,,0,0,,,7048027,0,never_instantiated,0,,,,,0,0,lineitem,,7048014,0,never_instantiated,0,,,,,0,0,,,,,,,,,,,,,,,,,,,,,,,,
Q22,4,18,1,2.57,,,1909668,0,never_instantiated,0,,,,,0,0,orders,,1909668,0,never_instantiated,0,,,,,0,0,,,,,,,,,,,,,,,,,,,,,,,,,,,,,,,,,,,,,,,,,,,,,,,,,,,,,,,,,,,,,,,,,,,,,,,,,,,,,,,,,,,,
Q01,4,19,1,4.61,,,,,,,,,,,,,,,,,,,,,,,,,,,,,,,,,,,,,,,,,,,,,,,,,,,,,,,,,,,,,,,,,,,,,,,,,,,,,,,,,,,,,,,,,,,,,,,,,,,,,,,,,,,,
Q02,4,19,1,1.23,,region,1,0,never_instantiated,0,,,,,0,0,,part,47201,0,never_instantiated,0,,,,,0,0,,nation,5,0,never_instantiated,0,,,,,0,0,partsupp,supplier,57959,0,never_instantiated,0,,,,,0,0,,,63825,0,never_instantiated,0,,,,,0,0,,,47107,0,never_instantiated,0,,,,,0,0,,region,1,0,never_instantiated,0,,,,,0,0,,nation,5,0,never_instantiated,0,,,,,0,0,partsupp,supplier,200535,0,never_instantiated,0,,,,,0,0
Q03,4,19,1,7.39,,customer,3000188,0,never_instantiated,0,,,,,0,0,lineitem,orders,72874383,0,never_instantiated,0,,,,,0,0,,,,,,,,,,,,,,,,,,,,,,,,,,,,,,,,,,,,,,,,,,,,,,,,,,,,,,,,,,,,,,,,,,,,,,,,,,,,,,,,,,,,
Q04,4,19,1,4.72,,,5733776,0,never_instantiated,0,,,,,0,0,lineitem,,5733776,0,never_instantiated,0,,,,,0,0,,,,,,,,,,,,,,,,,,,,,,,,,,,,,,,,,,,,,,,,,,,,,,,,,,,,,,,,,,,,,,,,,,,,,,,,,,,,,,,,,,,,
Q05,4,19,1,9999999,,,,,,,,,,,,,,,,,,,,,,,,,,,,,,,,,,,,,,,,,,,,,,,,,,,,,,,,,,,,,,,,,,,,,,,,,,,,,,,,,,,,,,,,,,,,,,,,,,,,,,,,,,,,
Q06,4,19,1,1.75,,,,,,,,,,,,,,,,,,,,,,,,,,,,,,,,,,,,,,,,,,,,,,,,,,,,,,,,,,,,,,,,,,,,,,,,,,,,,,,,,,,,,,,,,,,,,,,,,,,,,,,,,,,,
Q07,4,19,1,4.00,,nation,2,0,never_instantiated,0,,,,,0,0,,customer,556645,0,never_instantiated,0,,,,,0,0,orders,,1179101,0,never_instantiated,0,,,,,0,0,,nation,2,0,never_instantiated,0,,,,,0,0,lineitem,supplier,80171,0,never_instantiated,0,,,,,0,0,,,,,,,,,,,,,,,,,,,,,,,,,,,,,,,,,,,,,,,,,,,,,,,,
Q08,4,19,1,4.72,,region,1,0,never_instantiated,0,,,,,0,0,,nation,5,0,never_instantiated,0,,,,,0,0,,nation,25,0,never_instantiated,0,,,,,0,0,supplier,,244821,0,never_instantiated,0,,,,,0,0,customer,,245334,0,never_instantiated,0,,,,,0,0,orders,,246009,0,never_instantiated,0,,,,,0,0,lineitem,part,112955,0,never_instantiated,0,,,,,0,0,,,,,,,,,,,,,,,,,,,,,,,,
Q09,4,19,1,9.23,,nation,25,0,never_instantiated,0,,,,,0,0,,partsupp,4363044,0,never_instantiated,0,,,,,0,0,,orders,29533962,0,never_instantiated,0,,,,,0,0,,part,1087982,0,never_instantiated,0,,,,,0,0,lineitem,supplier,993888,0,never_instantiated,0,,,,,0,0,,,,,,,,,,,,,,,,,,,,,,,,,,,,,,,,,,,,,,,,,,,,,,,,
Q10,4,19,1,4.93,,nation,25,0,never_instantiated,0,,,,,0,0,customer,,11463171,0,never_instantiated,0,,,,,0,0,lineitem,orders,4918971,0,never_instantiated,0,,,,,0,0,,,,,,,,,,,,,,,,,,,,,,,,,,,,,,,,,,,,,,,,,,,,,,,,,,,,,,,,,,,,,,,,,,,,,,,,
Q11,4,19,1,0.72,,nation,1,0,never_instantiated,0,,,,,0,0,partsupp,supplier,40045,0,never_instantiated,0,,,,,0,0,partsupp,,40045,0,never_instantiated,0,,,,,0,0,supplier,nation,1,0,never_instantiated,0,,,,,0,0,,,,,,,,,,,,,,,,,,,,,,,,,,,,,,,,,,,,,,,,,,,,,,,,,,,,,,,,,,,,
Q12,4,19,1,2.77,orders,lineitem,3115341,0,never_instantiated,0,,,,,0,0,,,,,,,,,,,,,,,,,,,,,,,,,,,,,,,,,,,,,,,,,,,,,,,,,,,,,,,,,,,,,,,,,,,,,,,,,,,,,,,,,,,,,,,,,,,,,,,,
Q13,4,19,1,8.72,orders,customer,15000000,0,never_instantiated,0,,,,,0,0,,,,,,,,,,,,,,,,,,,,,,,,,,,,,,,,,,,,,,,,,,,,,,,,,,,,,,,,,,,,,,,,,,,,,,,,,,,,,,,,,,,,,,,,,,,,,,,,
Q14,4,19,1,2.46,lineitem,part,6260702,0,never_instantiated,0,,,,,0,0,,,,,,,,,,,,,,,,,,,,,,,,,,,,,,,,,,,,,,,,,,,,,,,,,,,,,,,,,,,,,,,,,,,,,,,,,,,,,,,,,,,,,,,,,,,,,,,,
Q15,4,19,1,2.67,,,1,0,never_instantiated,0,,,,,0,0,supplier,,1000000,0,never_instantiated,0,,,,,0,0,,,,,,,,,,,,,,,,,,,,,,,,,,,,,,,,,,,,,,,,,,,,,,,,,,,,,,,,,,,,,,,,,,,,,,,,,,,,,,,,,,,,
Q16,4,19,1,2.26,,supplier,479,0,never_instantiated,0,,,,,0,0,partsupp,,2971749,0,never_instantiated,0,,,,,0,0,part,,8,0,never_instantiated,0,,,,,0,0,,,,,,,,,,,,,,,,,,,,,,,,,,,,,,,,,,,,,,,,,,,,,,,,,,,,,,,,,,,,,,,,,,,,,,,,
Q17,4,19,1,5.13,lineitem,part,20031,0,never_instantiated,0,,,,,0,0,,,600982,0,never_instantiated,0,,,,,0,0,lineitem,,20031,0,never_instantiated,0,,,,,0,0,,,,,,,,,,,,,,,,,,,,,,,,,,,,,,,,,,,,,,,,,,,,,,,,,,,,,,,,,,,,,,,,,,,,,,,,
Q18,4,19,1,22.86,,lineitem,6398,0,never_instantiated,0,,,,,0,0,,customer,14999999,0,never_instantiated,0,,,,,0,0,lineitem,orders,150000000,0,never_instantiated,0,,,,,0,0,,,,,,,,,,,,,,,,,,,,,,,,,,,,,,,,,,,,,,,,,,,,,,,,,,,,,,,,,,,,,,,,,,,,,,,,
Q19,4,19,1,4.72,lineitem,part,13930201,0,never_instantiated,0,,,,,0,0,,,,,,,,,,,,,,,,,,,,,,,,,,,,,,,,,,,,,,,,,,,,,,,,,,,,,,,,,,,,,,,,,,,,,,,,,,,,,,,,,,,,,,,,,,,,,,,,
Q20,4,19,1,3.80,,,24634,0,never_instantiated,0,,,,,0,0,partsupp,part,33123,0,never_instantiated,0,,,,,0,0,,,35136,0,never_instantiated,0,,,,,0,0,lineitem,,35136,0,never_instantiated,0,,,,,0,0,supplier,nation,1,0,never_instantiated,0,,,,,0,0,,,,,,,,,,,,,,,,,,,,,,,,,,,,,,,,,,,,,,,,,,,,,,,,
Q21,4,19,1,13.74,orders,,15146702,0,never_instantiated,0,,,,,0,0,,nation,1,0,never_instantiated,0,,,,,0,0,lineitem,supplier,39953,0,never_instantiated,0,,,,,0,0,,,7313671,0,never_instantiated,0,,,,,0,0,lineitem,,7313658,0,never_instantiated,0,,,,,0,0,,,7048027,0,never_instantiated,0,,,,,0,0,lineitem,,7048014,0,never_instantiated,0,,,,,0,0,,,,,,,,,,,,,,,,,,,,,,,,
Q22,4,19,1,2.57,,,1909668,0,never_instantiated,0,,,,,0,0,orders,,1909668,0,never_instantiated,0,,,,,0,0,,,,,,,,,,,,,,,,,,,,,,,,,,,,,,,,,,,,,,,,,,,,,,,,,,,,,,,,,,,,,,,,,,,,,,,,,,,,,,,,,,,,
