query,case,seed,run_idx,runtime_seconds,Join1-probe,Join1-build,Join1-build_rows,Join1-instantiated,Join1-state,Join1-total_probes,Join1-probes_at_freeze,Join1-freeze_reason,Join1-probes_at_abandon,Join1-abandon_reason,Join1-inserts,Join1-u1,Join2-probe,Join2-build,Join2-build_rows,Join2-instantiated,Join2-state,Join2-total_probes,Join2-probes_at_freeze,Join2-freeze_reason,Join2-probes_at_abandon,Join2-abandon_reason,Join2-inserts,Join2-u1,Join3-probe,Join3-build,Join3-build_rows,Join3-instantiated,Join3-state,Join3-total_probes,Join3-probes_at_freeze,Join3-freeze_reason,Join3-probes_at_abandon,Join3-abandon_reason,Join3-inserts,Join3-u1,Join4-probe,Join4-build,Join4-build_rows,Join4-instantiated,Join4-state,Join4-total_probes,Join4-probes_at_freeze,Join4-freeze_reason,Join4-probes_at_abandon,Join4-abandon_reason,Join4-inserts,Join4-u1,Join5-probe,Join5-build,Join5-build_rows,Join5-instantiated,Join5-state,Join5-total_probes,Join5-probes_at_freeze,Join5-freeze_reason,Join5-probes_at_abandon,Join5-abandon_reason,Join5-inserts,Join5-u1,Join6-probe,Join6-build,Join6-build_rows,Join6-instantiated,Join6-state,Join6-total_probes,Join6-probes_at_freeze,Join6-freeze_reason,Join6-probes_at_abandon,Join6-abandon_reason,Join6-inserts,Join6-u1,Join7-probe,Join7-build,Join7-build_rows,Join7-instantiated,Join7-state,Join7-total_probes,Join7-probes_at_freeze,Join7-freeze_reason,Join7-probes_at_abandon,Join7-abandon_reason,Join7-inserts,Join7-u1,Join8-probe,Join8-build,Join8-build_rows,Join8-instantiated,Join8-state,Join8-total_probes,Join8-probes_at_freeze,Join8-freeze_reason,Join8-probes_at_abandon,Join8-abandon_reason,Join8-inserts,Join8-u1,Join9-probe,Join9-build,Join9-build_rows,Join9-instantiated,Join9-state,Join9-total_probes,Join9-probes_at_freeze,Join9-freeze_reason,Join9-probes_at_abandon,Join9-abandon_reason,Join9-inserts,Join9-u1
Q01,1,0,1,30.30,,,,,,,,,,,,,,,,,,,,,,,,,,,,,,,,,,,,,,,,,,,,,,,,,,,,,,,,,,,,,,,,,,,,,,,,,,,,,,,,,,,,,,,,,,,,,,,,,,,,,,,,,,,,
Q02,1,0,1,17.81,,region,1,0,never_instantiated,0,,,,,0,0,,nation,25,0,never_instantiated,0,,,,,0,0,,supplier,1000000,0,never_instantiated,0,,,,,0,0,partsupp,part,79591,0,never_instantiated,0,,,,,0,0,,,63825,0,never_instantiated,0,,,,,0,0,,,47107,0,never_instantiated,0,,,,,0,0,,region,1,0,never_instantiated,0,,,,,0,0,,partsupp,80000000,0,never_instantiated,0,,,,,0,0,supplier,nation,25,0,never_instantiated,0,,,,,0,0
Q03,1,0,1,47.93,,customer,3000188,0,never_instantiated,0,,,,,0,0,lineitem,orders,72874383,0,never_instantiated,0,,,,,0,0,,,,,,,,,,,,,,,,,,,,,,,,,,,,,,,,,,,,,,,,,,,,,,,,,,,,,,,,,,,,,,,,,,,,,,,,,,,,,,,,,,,,
Q04,1,0,1,32.12,,,5733776,0,never_instantiated,0,,,,,0,0,lineitem,,5733776,0,never_instantiated,0,,,,,0,0,,,,,,,,,,,,,,,,,,,,,,,,,,,,,,,,,,,,,,,,,,,,,,,,,,,,,,,,,,,,,,,,,,,,,,,,,,,,,,,,,,,,
Q05,1,0,1,100.24,,supplier,1000000,0,never_instantiated,0,,,,,0,0,,region,1,0,never_instantiated,0,,,,,0,0,,nation,25,0,never_instantiated,0,,,,,0,0,,customer,14999999,0,never_instantiated,0,,,,,0,0,lineitem,orders,22760819,0,never_instantiated,0,,,,,0,0,,,,,,,,,,,,,,,,,,,,,,,,,,,,,,,,,,,,,,,,,,,,,,,,
Q06,1,0,1,8.89,,,,,,,,,,,,,,,,,,,,,,,,,,,,,,,,,,,,,,,,,,,,,,,,,,,,,,,,,,,,,,,,,,,,,,,,,,,,,,,,,,,,,,,,,,,,,,,,,,,,,,,,,,,,
Q07,1,0,1,103.49,,nation,2,0,never_instantiated,0,,,,,0,0,,supplier,1000000,0,never_instantiated,0,,,,,0,0,,nation,2,0,never_instantiated,0,,,,,0,0,,customer,14999999,0,never_instantiated,0,,,,,0,0,lineitem,orders,150000000,0,never_instantiated,0,,,,,0,0,,,,,,,,,,,,,,,,,,,,,,,,,,,,,,,,,,,,,,,,,,,,,,,,
Q08,1,0,1,113.11,,nation,25,0,never_instantiated,0,,,,,0,0,,supplier,1000000,0,never_instantiated,0,,,,,0,0,,region,1,0,never_instantiated,0,,,,,0,0,,part,134258,0,never_instantiated,0,,,,,0,0,,nation,25,0,never_instantiated,0,,,,,0,0,,customer,14999999,0,never_instantiated,0,,,,,0,0,lineitem,orders,45574624,0,never_instantiated,0,,,,,0,0,,,,,,,,,,,,,,,,,,,,,,,,
Q09,1,0,1,171.13,,nation,25,0,never_instantiated,0,,,,,0,0,,supplier,1000000,0,never_instantiated,0,,,,,0,0,,partsupp,80000000,0,never_instantiated,0,,,,,0,0,,part,1087982,0,never_instantiated,0,,,,,0,0,lineitem,orders,150000000,0,never_instantiated,0,,,,,0,0,,,,,,,,,,,,,,,,,,,,,,,,,,,,,,,,,,,,,,,,,,,,,,,,
Q10,1,0,1,50.38,,nation,25,0,never_instantiated,0,,,,,0,0,,customer,14999999,0,never_instantiated,0,,,,,0,0,lineitem,orders,5730378,0,never_instantiated,0,,,,,0,0,,,,,,,,,,,,,,,,,,,,,,,,,,,,,,,,,,,,,,,,,,,,,,,,,,,,,,,,,,,,,,,,,,,,,,,,
Q11,1,0,1,16.13,,partsupp,80000000,0,never_instantiated,0,,,,,0,0,supplier,nation,1,0,never_instantiated,0,,,,,0,0,,partsupp,80000000,0,never_instantiated,0,,,,,0,0,supplier,nation,1,0,never_instantiated,0,,,,,0,0,,,,,,,,,,,,,,,,,,,,,,,,,,,,,,,,,,,,,,,,,,,,,,,,,,,,,,,,,,,,
Q12,1,0,1,29.80,lineitem,orders,150000000,0,never_instantiated,0,,,,,0,0,,,,,,,,,,,,,,,,,,,,,,,,,,,,,,,,,,,,,,,,,,,,,,,,,,,,,,,,,,,,,,,,,,,,,,,,,,,,,,,,,,,,,,,,,,,,,,,,
Q13,1,0,1,61.23,customer,orders,148451295,0,never_instantiated,0,,,,,0,0,,,,,,,,,,,,,,,,,,,,,,,,,,,,,,,,,,,,,,,,,,,,,,,,,,,,,,,,,,,,,,,,,,,,,,,,,,,,,,,,,,,,,,,,,,,,,,,,
Q14,1,0,1,30.55,lineitem,part,20000000,0,never_instantiated,0,,,,,0,0,,,,,,,,,,,,,,,,,,,,,,,,,,,,,,,,,,,,,,,,,,,,,,,,,,,,,,,,,,,,,,,,,,,,,,,,,,,,,,,,,,,,,,,,,,,,,,,,
Q15,1,0,1,12.19,,,1,0,never_instantiated,0,,,,,0,0,supplier,,1000000,0,never_instantiated,0,,,,,0,0,,,,,,,,,,,,,,,,,,,,,,,,,,,,,,,,,,,,,,,,,,,,,,,,,,,,,,,,,,,,,,,,,,,,,,,,,,,,,,,,,,,,
Q16,1,0,1,15.30,,supplier,479,0,never_instantiated,0,,,,,0,0,,partsupp,80000000,0,never_instantiated,0,,,,,0,0,part,,8,0,never_instantiated,0,,,,,0,0,,,,,,,,,,,,,,,,,,,,,,,,,,,,,,,,,,,,,,,,,,,,,,,,,,,,,,,,,,,,,,,,,,,,,,,,
Q17,1,0,1,112.45,part,lineitem,600037902,0,never_instantiated,0,,,,,0,0,,,600982,0,never_instantiated,0,,,,,0,0,lineitem,,20031,0,never_instantiated,0,,,,,0,0,,,,,,,,,,,,,,,,,,,,,,,,,,,,,,,,,,,,,,,,,,,,,,,,,,,,,,,,,,,,,,,,,,,,,,,,
Q18,1,0,1,179.52,,lineitem,6398,0,never_instantiated,0,,,,,0,0,,lineitem,600037902,0,never_instantiated,0,,,,,0,0,orders,customer,14999999,0,never_instantiated,0,,,,,0,0,,,,,,,,,,,,,,,,,,,,,,,,,,,,,,,,,,,,,,,,,,,,,,,,,,,,,,,,,,,,,,,,,,,,,,,,
Q19,1,0,1,41.69,lineitem,part,20000000,0,never_instantiated,0,,,,,0,0,,,,,,,,,,,,,,,,,,,,,,,,,,,,,,,,,,,,,,,,,,,,,,,,,,,,,,,,,,,,,,,,,,,,,,,,,,,,,,,,,,,,,,,,,,,,,,,,
Q20,1,0,1,33.29,,,592007,0,never_instantiated,0,,,,,0,0,supplier,nation,1,0,never_instantiated,0,,,,,0,0,partsupp,part,217222,0,never_instantiated,0,,,,,0,0,,,868888,0,never_instantiated,0,,,,,0,0,lineitem,,868888,0,never_instantiated,0,,,,,0,0,,,,,,,,,,,,,,,,,,,,,,,,,,,,,,,,,,,,,,,,,,,,,,,,
Q21,1,0,1,168.18,,nation,1,0,never_instantiated,0,,,,,0,0,,supplier,1000000,0,never_instantiated,0,,,,,0,0,lineitem,orders,73072502,0,never_instantiated,0,,,,,0,0,,,7313671,0,never_instantiated,0,,,,,0,0,lineitem,,7313658,0,never_instantiated,0,,,,,0,0,,,7048027,0,never_instantiated,0,,,,,0,0,lineitem,,7048014,0,never_instantiated,0,,,,,0,0,,,,,,,,,,,,,,,,,,,,,,,,
Q22,1,0,1,18.72,,,1909668,0,never_instantiated,0,,,,,0,0,orders,,1909668,0,never_instantiated,0,,,,,0,0,,,,,,,,,,,,,,,,,,,,,,,,,,,,,,,,,,,,,,,,,,,,,,,,,,,,,,,,,,,,,,,,,,,,,,,,,,,,,,,,,,,,
Q01,1,1,1,30.77,,,,,,,,,,,,,,,,,,,,,,,,,,,,,,,,,,,,,,,,,,,,,,,,,,,,,,,,,,,,,,,,,,,,,,,,,,,,,,,,,,,,,,,,,,,,,,,,,,,,,,,,,,,,
Q02,1,1,1,33.43,,region,1,0,never_instantiated,0,,,,,0,0,,part,79591,0,never_instantiated,0,,,,,0,0,,nation,25,0,never_instantiated,0,,,,,0,0,partsupp,supplier,1000000,0,never_instantiated,0,,,,,0,0,,,63825,0,never_instantiated,0,,,,,0,0,,,47107,0,never_instantiated,0,,,,,0,0,,region,1,0,never_instantiated,0,,,,,0,0,,nation,25,0,never_instantiated,0,,,,,0,0,supplier,partsupp,80000000,0,never_instantiated,0,,,,,0,0
Q03,1,1,1,48.17,,customer,3000188,0,never_instantiated,0,,,,,0,0,lineitem,orders,72874383,0,never_instantiated,0,,,,,0,0,,,,,,,,,,,,,,,,,,,,,,,,,,,,,,,,,,,,,,,,,,,,,,,,,,,,,,,,,,,,,,,,,,,,,,,,,,,,,,,,,,,,
Q04,1,1,1,32.71,,,5733776,0,never_instantiated,0,,,,,0,0,lineitem,,5733776,0,never_instantiated,0,,,,,0,0,,,,,,,,,,,,,,,,,,,,,,,,,,,,,,,,,,,,,,,,,,,,,,,,,,,,,,,,,,,,,,,,,,,,,,,,,,,,,,,,,,,,
Q05,1,1,1,9999999,,,,,,,,,,,,,,,,,,,,,,,,,,,,,,,,,,,,,,,,,,,,,,,,,,,,,,,,,,,,,,,,,,,,,,,,,,,,,,,,,,,,,,,,,,,,,,,,,,,,,,,,,,,,
Q06,1,1,1,9.05,,,,,,,,,,,,,,,,,,,,,,,,,,,,,,,,,,,,,,,,,,,,,,,,,,,,,,,,,,,,,,,,,,,,,,,,,,,,,,,,,,,,,,,,,,,,,,,,,,,,,,,,,,,,
Q07,1,1,1,79.26,,nation,2,0,never_instantiated,0,,,,,0,0,,customer,14999999,0,never_instantiated,0,,,,,0,0,,orders,150000000,0,never_instantiated,0,,,,,0,0,,nation,2,0,never_instantiated,0,,,,,0,0,lineitem,supplier,1000000,0,never_instantiated,0,,,,,0,0,,,,,,,,,,,,,,,,,,,,,,,,,,,,,,,,,,,,,,,,,,,,,,,,
Q08,1,1,1,46.20,,region,1,0,never_instantiated,0,,,,,0,0,,nation,25,0,never_instantiated,0,,,,,0,0,,nation,25,0,never_instantiated,0,,,,,0,0,,supplier,1000000,0,never_instantiated,0,,,,,0,0,,customer,14999999,0,never_instantiated,0,,,,,0,0,,orders,45574624,0,never_instantiated,0,,,,,0,0,lineitem,part,134258,0,never_instantiated,0,,,,,0,0,,,,,,,,,,,,,,,,,,,,,,,,
Q09,1,1,1,144.68,,nation,25,0,never_instantiated,0,,,,,0,0,,supplier,1000000,0,never_instantiated,0,,,,,0,0,,orders,150000000,0,never_instantiated,0,,,,,0,0,,partsupp,80000000,0,never_instantiated,0,,,,,0,0,lineitem,part,1087982,0,never_instantiated,0,,,,,0,0,,,,,,,,,,,,,,,,,,,,,,,,,,,,,,,,,,,,,,,,,,,,,,,,
Q10,1,1,1,50.70,,nation,25,0,never_instantiated,0,,,,,0,0,,customer,14999999,0,never_instantiated,0,,,,,0,0,lineitem,orders,5730378,0,never_instantiated,0,,,,,0,0,,,,,,,,,,,,,,,,,,,,,,,,,,,,,,,,,,,,,,,,,,,,,,,,,,,,,,,,,,,,,,,,,,,,,,,,
Q11,1,1,1,16.10,,nation,1,0,never_instantiated,0,,,,,0,0,supplier,partsupp,80000000,0,never_instantiated,0,,,,,0,0,,partsupp,80000000,0,never_instantiated,0,,,,,0,0,supplier,nation,1,0,never_instantiated,0,,,,,0,0,,,,,,,,,,,,,,,,,,,,,,,,,,,,,,,,,,,,,,,,,,,,,,,,,,,,,,,,,,,,
Q12,1,1,1,29.43,lineitem,orders,150000000,0,never_instantiated,0,,,,,0,0,,,,,,,,,,,,,,,,,,,,,,,,,,,,,,,,,,,,,,,,,,,,,,,,,,,,,,,,,,,,,,,,,,,,,,,,,,,,,,,,,,,,,,,,,,,,,,,,
Q13,1,1,1,58.78,customer,orders,148451295,0,never_instantiated,0,,,,,0,0,,,,,,,,,,,,,,,,,,,,,,,,,,,,,,,,,,,,,,,,,,,,,,,,,,,,,,,,,,,,,,,,,,,,,,,,,,,,,,,,,,,,,,,,,,,,,,,,
Q14,1,1,1,30.45,lineitem,part,20000000,0,never_instantiated,0,,,,,0,0,,,,,,,,,,,,,,,,,,,,,,,,,,,,,,,,,,,,,,,,,,,,,,,,,,,,,,,,,,,,,,,,,,,,,,,,,,,,,,,,,,,,,,,,,,,,,,,,
Q15,1,1,1,12.20,,,1,0,never_instantiated,0,,,,,0,0,supplier,,1000000,0,never_instantiated,0,,,,,0,0,,,,,,,,,,,,,,,,,,,,,,,,,,,,,,,,,,,,,,,,,,,,,,,,,,,,,,,,,,,,,,,,,,,,,,,,,,,,,,,,,,,,
Q16,1,1,1,15.01,,supplier,479,0,never_instantiated,0,,,,,0,0,,partsupp,80000000,0,never_instantiated,0,,,,,0,0,part,,8,0,never_instantiated,0,,,,,0,0,,,,,,,,,,,,,,,,,,,,,,,,,,,,,,,,,,,,,,,,,,,,,,,,,,,,,,,,,,,,,,,,,,,,,,,,
Q17,1,1,1,112.61,part,lineitem,600037902,0,never_instantiated,0,,,,,0,0,,,600982,0,never_instantiated,0,,,,,0,0,lineitem,,20031,0,never_instantiated,0,,,,,0,0,,,,,,,,,,,,,,,,,,,,,,,,,,,,,,,,,,,,,,,,,,,,,,,,,,,,,,,,,,,,,,,,,,,,,,,,
Q18,1,1,1,219.45,,lineitem,6398,0,never_instantiated,0,,,,,0,0,,customer,14999999,0,never_instantiated,0,,,,,0,0,orders,lineitem,600037902,0,never_instantiated,0,,,,,0,0,,,,,,,,,,,,,,,,,,,,,,,,,,,,,,,,,,,,,,,,,,,,,,,,,,,,,,,,,,,,,,,,,,,,,,,,
Q19,1,1,1,41.60,lineitem,part,20000000,0,never_instantiated,0,,,,,0,0,,,,,,,,,,,,,,,,,,,,,,,,,,,,,,,,,,,,,,,,,,,,,,,,,,,,,,,,,,,,,,,,,,,,,,,,,,,,,,,,,,,,,,,,,,,,,,,,
Q20,1,1,1,33.65,,,592007,0,never_instantiated,0,,,,,0,0,supplier,nation,1,0,never_instantiated,0,,,,,0,0,partsupp,part,217222,0,never_instantiated,0,,,,,0,0,,,868888,0,never_instantiated,0,,,,,0,0,lineitem,,868888,0,never_instantiated,0,,,,,0,0,,,,,,,,,,,,,,,,,,,,,,,,,,,,,,,,,,,,,,,,,,,,,,,,
Q21,1,1,1,156.33,,orders,73072502,0,never_instantiated,0,,,,,0,0,,nation,1,0,never_instantiated,0,,,,,0,0,lineitem,supplier,1000000,0,never_instantiated,0,,,,,0,0,,,7313671,0,never_instantiated,0,,,,,0,0,lineitem,,7313658,0,never_instantiated,0,,,,,0,0,,,7048027,0,never_instantiated,0,,,,,0,0,lineitem,,7048014,0,never_instantiated,0,,,,,0,0,,,,,,,,,,,,,,,,,,,,,,,,
Q22,1,1,1,18.15,,,1909668,0,never_instantiated,0,,,,,0,0,orders,,1909668,0,never_instantiated,0,,,,,0,0,,,,,,,,,,,,,,,,,,,,,,,,,,,,,,,,,,,,,,,,,,,,,,,,,,,,,,,,,,,,,,,,,,,,,,,,,,,,,,,,,,,,
Q01,1,2,1,30.71,,,,,,,,,,,,,,,,,,,,,,,,,,,,,,,,,,,,,,,,,,,,,,,,,,,,,,,,,,,,,,,,,,,,,,,,,,,,,,,,,,,,,,,,,,,,,,,,,,,,,,,,,,,,
Q02,1,2,1,20.60,,region,1,0,never_instantiated,0,,,,,0,0,,nation,25,0,never_instantiated,0,,,,,0,0,,supplier,1000000,0,never_instantiated,0,,,,,0,0,partsupp,part,79591,0,never_instantiated,0,,,,,0,0,,,63825,0,never_instantiated,0,,,,,0,0,,,47107,0,never_instantiated,0,,,,,0,0,,region,1,0,never_instantiated,0,,,,,0,0,,nation,25,0,never_instantiated,0,,,,,0,0,supplier,partsupp,80000000,0,never_instantiated,0,,,,,0,0
Q03,1,2,1,47.78,,customer,3000188,0,never_instantiated,0,,,,,0,0,lineitem,orders,72874383,0,never_instantiated,0,,,,,0,0,,,,,,,,,,,,,,,,,,,,,,,,,,,,,,,,,,,,,,,,,,,,,,,,,,,,,,,,,,,,,,,,,,,,,,,,,,,,,,,,,,,,
Q04,1,2,1,32.48,,,5733776,0,never_instantiated,0,,,,,0,0,lineitem,,5733776,0,never_instantiated,0,,,,,0,0,,,,,,,,,,,,,,,,,,,,,,,,,,,,,,,,,,,,,,,,,,,,,,,,,,,,,,,,,,,,,,,,,,,,,,,,,,,,,,,,,,,,
Q05,1,2,1,95.49,,region,1,0,never_instantiated,0,,,,,0,0,,supplier,1000000,0,never_instantiated,0,,,,,0,0,,nation,25,0,never_instantiated,0,,,,,0,0,,customer,14999999,0,never_instantiated,0,,,,,0,0,lineitem,orders,22760819,0,never_instantiated,0,,,,,0,0,,,,,,,,,,,,,,,,,,,,,,,,,,,,,,,,,,,,,,,,,,,,,,,,
Q06,1,2,1,8.97,,,,,,,,,,,,,,,,,,,,,,,,,,,,,,,,,,,,,,,,,,,,,,,,,,,,,,,,,,,,,,,,,,,,,,,,,,,,,,,,,,,,,,,,,,,,,,,,,,,,,,,,,,,,
Q07,1,2,1,103.95,,nation,2,0,never_instantiated,0,,,,,0,0,,supplier,1000000,0,never_instantiated,0,,,,,0,0,,nation,2,0,never_instantiated,0,,,,,0,0,,customer,14999999,0,never_instantiated,0,,,,,0,0,lineitem,orders,150000000,0,never_instantiated,0,,,,,0,0,,,,,,,,,,,,,,,,,,,,,,,,,,,,,,,,,,,,,,,,,,,,,,,,
Q08,1,2,1,152.40,,region,1,0,never_instantiated,0,,,,,0,0,,nation,25,0,never_instantiated,0,,,,,0,0,,customer,14999999,0,never_instantiated,0,,,,,0,0,,part,134258,0,never_instantiated,0,,,,,0,0,,orders,45574624,0,never_instantiated,0,,,,,0,0,,nation,25,0,never_instantiated,0,,,,,0,0,lineitem,supplier,1000000,0,never_instantiated,0,,,,,0,0,,,,,,,,,,,,,,,,,,,,,,,,
Q09,1,2,1,236.29,,nation,25,0,never_instantiated,0,,,,,0,0,,supplier,1000000,0,never_instantiated,0,,,,,0,0,,part,1087982,0,never_instantiated,0,,,,,0,0,,orders,150000000,0,never_instantiated,0,,,,,0,0,lineitem,partsupp,80000000,0,never_instantiated,0,,,,,0,0,,,,,,,,,,,,,,,,,,,,,,,,,,,,,,,,,,,,,,,,,,,,,,,,
Q10,1,2,1,51.10,,nation,25,0,never_instantiated,0,,,,,0,0,,customer,14999999,0,never_instantiated,0,,,,,0,0,lineitem,orders,5730378,0,never_instantiated,0,,,,,0,0,,,,,,,,,,,,,,,,,,,,,,,,,,,,,,,,,,,,,,,,,,,,,,,,,,,,,,,,,,,,,,,,,,,,,,,,
Q11,1,2,1,15.93,,partsupp,80000000,0,never_instantiated,0,,,,,0,0,supplier,nation,1,0,never_instantiated,0,,,,,0,0,,partsupp,80000000,0,never_instantiated,0,,,,,0,0,supplier,nation,1,0,never_instantiated,0,,,,,0,0,,,,,,,,,,,,,,,,,,,,,,,,,,,,,,,,,,,,,,,,,,,,,,,,,,,,,,,,,,,,
Q12,1,2,1,29.98,lineitem,orders,150000000,0,never_instantiated,0,,,,,0,0,,,,,,,,,,,,,,,,,,,,,,,,,,,,,,,,,,,,,,,,,,,,,,,,,,,,,,,,,,,,,,,,,,,,,,,,,,,,,,,,,,,,,,,,,,,,,,,,
Q13,1,2,1,58.84,customer,orders,148451295,0,never_instantiated,0,,,,,0,0,,,,,,,,,,,,,,,,,,,,,,,,,,,,,,,,,,,,,,,,,,,,,,,,,,,,,,,,,,,,,,,,,,,,,,,,,,,,,,,,,,,,,,,,,,,,,,,,
Q14,1,2,1,30.72,lineitem,part,20000000,0,never_instantiated,0,,,,,0,0,,,,,,,,,,,,,,,,,,,,,,,,,,,,,,,,,,,,,,,,,,,,,,,,,,,,,,,,,,,,,,,,,,,,,,,,,,,,,,,,,,,,,,,,,,,,,,,,
Q15,1,2,1,12.24,,,1,0,never_instantiated,0,,,,,0,0,supplier,,1000000,0,never_instantiated,0,,,,,0,0,,,,,,,,,,,,,,,,,,,,,,,,,,,,,,,,,,,,,,,,,,,,,,,,,,,,,,,,,,,,,,,,,,,,,,,,,,,,,,,,,,,,
Q16,1,2,1,15.12,,supplier,479,0,never_instantiated,0,,,,,0,0,,partsupp,80000000,0,never_instantiated,0,,,,,0,0,part,,8,0,never_instantiated,0,,,,,0,0,,,,,,,,,,,,,,,,,,,,,,,,,,,,,,,,,,,,,,,,,,,,,,,,,,,,,,,,,,,,,,,,,,,,,,,,
Q17,1,2,1,112.70,part,lineitem,600037902,0,never_instantiated,0,,,,,0,0,,,600982,0,never_instantiated,0,,,,,0,0,lineitem,,20031,0,never_instantiated,0,,,,,0,0,,,,,,,,,,,,,,,,,,,,,,,,,,,,,,,,,,,,,,,,,,,,,,,,,,,,,,,,,,,,,,,,,,,,,,,,
Q18,1,2,1,178.46,,lineitem,6398,0,never_instantiated,0,,,,,0,0,,lineitem,600037902,0,never_instantiated,0,,,,,0,0,orders,customer,14999999,0,never_instantiated,0,,,,,0,0,,,,,,,,,,,,,,,,,,,,,,,,,,,,,,,,,,,,,,,,,,,,,,,,,,,,,,,,,,,,,,,,,,,,,,,,
Q19,1,2,1,41.82,lineitem,part,20000000,0,never_instantiated,0,,,,,0,0,,,,,,,,,,,,,,,,,,,,,,,,,,,,,,,,,,,,,,,,,,,,,,,,,,,,,,,,,,,,,,,,,,,,,,,,,,,,,,,,,,,,,,,,,,,,,,,,
Q20,1,2,1,33.28,,,592007,0,never_instantiated,0,,,,,0,0,supplier,nation,1,0,never_instantiated,0,,,,,0,0,partsupp,part,217222,0,never_instantiated,0,,,,,0,0,,,868888,0,never_instantiated,0,,,,,0,0,lineitem,,868888,0,never_instantiated,0,,,,,0,0,,,,,,,,,,,,,,,,,,,,,,,,,,,,,,,,,,,,,,,,,,,,,,,,
Q21,1,2,1,164.47,,nation,1,0,never_instantiated,0,,,,,0,0,,supplier,1000000,0,never_instantiated,0,,,,,0,0,lineitem,orders,73072502,0,never_instantiated,0,,,,,0,0,,,7313671,0,never_instantiated,0,,,,,0,0,lineitem,,7313658,0,never_instantiated,0,,,,,0,0,,,7048027,0,never_instantiated,0,,,,,0,0,lineitem,,7048014,0,never_instantiated,0,,,,,0,0,,,,,,,,,,,,,,,,,,,,,,,,
Q22,1,2,1,18.32,,,1909668,0,never_instantiated,0,,,,,0,0,orders,,1909668,0,never_instantiated,0,,,,,0,0,,,,,,,,,,,,,,,,,,,,,,,,,,,,,,,,,,,,,,,,,,,,,,,,,,,,,,,,,,,,,,,,,,,,,,,,,,,,,,,,,,,,
Q01,1,3,1,30.37,,,,,,,,,,,,,,,,,,,,,,,,,,,,,,,,,,,,,,,,,,,,,,,,,,,,,,,,,,,,,,,,,,,,,,,,,,,,,,,,,,,,,,,,,,,,,,,,,,,,,,,,,,,,
Q02,1,3,1,27.50,,region,1,0,never_instantiated,0,,,,,0,0,,nation,25,0,never_instantiated,0,,,,,0,0,,part,79591,0,never_instantiated,0,,,,,0,0,partsupp,supplier,1000000,0,never_instantiated,0,,,,,0,0,,,63825,0,never_instantiated,0,,,,,0,0,,,47107,0,never_instantiated,0,,,,,0,0,,region,1,0,never_instantiated,0,,,,,0,0,,partsupp,80000000,0,never_instantiated,0,,,,,0,0,supplier,nation,25,0,never_instantiated,0,,,,,0,0
Q03,1,3,1,48.54,,customer,3000188,0,never_instantiated,0,,,,,0,0,lineitem,orders,72874383,0,never_instantiated,0,,,,,0,0,,,,,,,,,,,,,,,,,,,,,,,,,,,,,,,,,,,,,,,,,,,,,,,,,,,,,,,,,,,,,,,,,,,,,,,,,,,,,,,,,,,,
Q04,1,3,1,32.84,,,5733776,0,never_instantiated,0,,,,,0,0,lineitem,,5733776,0,never_instantiated,0,,,,,0,0,,,,,,,,,,,,,,,,,,,,,,,,,,,,,,,,,,,,,,,,,,,,,,,,,,,,,,,,,,,,,,,,,,,,,,,,,,,,,,,,,,,,
Q05,1,3,1,9999999,,,,,,,,,,,,,,,,,,,,,,,,,,,,,,,,,,,,,,,,,,,,,,,,,,,,,,,,,,,,,,,,,,,,,,,,,,,,,,,,,,,,,,,,,,,,,,,,,,,,,,,,,,,,
Q06,1,3,1,8.92,,,,,,,,,,,,,,,,,,,,,,,,,,,,,,,,,,,,,,,,,,,,,,,,,,,,,,,,,,,,,,,,,,,,,,,,,,,,,,,,,,,,,,,,,,,,,,,,,,,,,,,,,,,,
Q07,1,3,1,101.97,,nation,2,0,never_instantiated,0,,,,,0,0,,customer,14999999,0,never_instantiated,0,,,,,0,0,,nation,2,0,never_instantiated,0,,,,,0,0,,orders,150000000,0,never_instantiated,0,,,,,0,0,lineitem,supplier,1000000,0,never_instantiated,0,,,,,0,0,,,,,,,,,,,,,,,,,,,,,,,,,,,,,,,,,,,,,,,,,,,,,,,,
Q08,1,3,1,144.81,,region,1,0,never_instantiated,0,,,,,0,0,,nation,25,0,never_instantiated,0,,,,,0,0,,part,134258,0,never_instantiated,0,,,,,0,0,,nation,25,0,never_instantiated,0,,,,,0,0,,supplier,1000000,0,never_instantiated,0,,,,,0,0,,customer,14999999,0,never_instantiated,0,,,,,0,0,lineitem,orders,45574624,0,never_instantiated,0,,,,,0,0,,,,,,,,,,,,,,,,,,,,,,,,
Q09,1,3,1,250.16,,orders,150000000,0,never_instantiated,0,,,,,0,0,,nation,25,0,never_instantiated,0,,,,,0,0,,part,1087982,0,never_instantiated,0,,,,,0,0,,partsupp,80000000,0,never_instantiated,0,,,,,0,0,lineitem,supplier,1000000,0,never_instantiated,0,,,,,0,0,,,,,,,,,,,,,,,,,,,,,,,,,,,,,,,,,,,,,,,,,,,,,,,,
Q10,1,3,1,50.26,,nation,25,0,never_instantiated,0,,,,,0,0,,customer,14999999,0,never_instantiated,0,,,,,0,0,lineitem,orders,5730378,0,never_instantiated,0,,,,,0,0,,,,,,,,,,,,,,,,,,,,,,,,,,,,,,,,,,,,,,,,,,,,,,,,,,,,,,,,,,,,,,,,,,,,,,,,
Q11,1,3,1,16.24,,nation,1,0,never_instantiated,0,,,,,0,0,supplier,partsupp,80000000,0,never_instantiated,0,,,,,0,0,,partsupp,80000000,0,never_instantiated,0,,,,,0,0,supplier,nation,1,0,never_instantiated,0,,,,,0,0,,,,,,,,,,,,,,,,,,,,,,,,,,,,,,,,,,,,,,,,,,,,,,,,,,,,,,,,,,,,
Q12,1,3,1,29.58,lineitem,orders,150000000,0,never_instantiated,0,,,,,0,0,,,,,,,,,,,,,,,,,,,,,,,,,,,,,,,,,,,,,,,,,,,,,,,,,,,,,,,,,,,,,,,,,,,,,,,,,,,,,,,,,,,,,,,,,,,,,,,,
Q13,1,3,1,58.67,customer,orders,148451295,0,never_instantiated,0,,,,,0,0,,,,,,,,,,,,,,,,,,,,,,,,,,,,,,,,,,,,,,,,,,,,,,,,,,,,,,,,,,,,,,,,,,,,,,,,,,,,,,,,,,,,,,,,,,,,,,,,
Q14,1,3,1,30.42,lineitem,part,20000000,0,never_instantiated,0,,,,,0,0,,,,,,,,,,,,,,,,,,,,,,,,,,,,,,,,,,,,,,,,,,,,,,,,,,,,,,,,,,,,,,,,,,,,,,,,,,,,,,,,,,,,,,,,,,,,,,,,
Q15,1,3,1,12.22,,,1,0,never_instantiated,0,,,,,0,0,supplier,,1000000,0,never_instantiated,0,,,,,0,0,,,,,,,,,,,,,,,,,,,,,,,,,,,,,,,,,,,,,,,,,,,,,,,,,,,,,,,,,,,,,,,,,,,,,,,,,,,,,,,,,,,,
Q16,1,3,1,15.03,,supplier,479,0,never_instantiated,0,,,,,0,0,,partsupp,80000000,0,never_instantiated,0,,,,,0,0,part,,8,0,never_instantiated,0,,,,,0,0,,,,,,,,,,,,,,,,,,,,,,,,,,,,,,,,,,,,,,,,,,,,,,,,,,,,,,,,,,,,,,,,,,,,,,,,
Q17,1,3,1,112.17,part,lineitem,600037902,0,never_instantiated,0,,,,,0,0,,,600982,0,never_instantiated,0,,,,,0,0,lineitem,,20031,0,never_instantiated,0,,,,,0,0,,,,,,,,,,,,,,,,,,,,,,,,,,,,,,,,,,,,,,,,,,,,,,,,,,,,,,,,,,,,,,,,,,,,,,,,
Q18,1,3,1,178.94,,lineitem,6398,0,never_instantiated,0,,,,,0,0,,lineitem,600037902,0,never_instantiated,0,,,,,0,0,orders,customer,14999999,0,never_instantiated,0,,,,,0,0,,,,,,,,,,,,,,,,,,,,,,,,,,,,,,,,,,,,,,,,,,,,,,,,,,,,,,,,,,,,,,,,,,,,,,,,
Q19,1,3,1,41.29,lineitem,part,20000000,0,never_instantiated,0,,,,,0,0,,,,,,,,,,,,,,,,,,,,,,,,,,,,,,,,,,,,,,,,,,,,,,,,,,,,,,,,,,,,,,,,,,,,,,,,,,,,,,,,,,,,,,,,,,,,,,,,
Q20,1,3,1,33.20,,,592007,0,never_instantiated,0,,,,,0,0,supplier,nation,1,0,never_instantiated,0,,,,,0,0,partsupp,part,217222,0,never_instantiated,0,,,,,0,0,,,868888,0,never_instantiated,0,,,,,0,0,lineitem,,868888,0,never_instantiated,0,,,,,0,0,,,,,,,,,,,,,,,,,,,,,,,,,,,,,,,,,,,,,,,,,,,,,,,,
Q21,1,3,1,185.42,,nation,1,0,never_instantiated,0,,,,,0,0,,orders,73072502,0,never_instantiated,0,,,,,0,0,lineitem,supplier,1000000,0,never_instantiated,0,,,,,0,0,,,7313671,0,never_instantiated,0,,,,,0,0,lineitem,,7313658,0,never_instantiated,0,,,,,0,0,,,7048027,0,never_instantiated,0,,,,,0,0,lineitem,,7048014,0,never_instantiated,0,,,,,0,0,,,,,,,,,,,,,,,,,,,,,,,,
Q22,1,3,1,18.11,,,1909668,0,never_instantiated,0,,,,,0,0,orders,,1909668,0,never_instantiated,0,,,,,0,0,,,,,,,,,,,,,,,,,,,,,,,,,,,,,,,,,,,,,,,,,,,,,,,,,,,,,,,,,,,,,,,,,,,,,,,,,,,,,,,,,,,,
Q01,1,4,1,30.44,,,,,,,,,,,,,,,,,,,,,,,,,,,,,,,,,,,,,,,,,,,,,,,,,,,,,,,,,,,,,,,,,,,,,,,,,,,,,,,,,,,,,,,,,,,,,,,,,,,,,,,,,,,,
Q02,1,4,1,17.99,,region,1,0,never_instantiated,0,,,,,0,0,,nation,25,0,never_instantiated,0,,,,,0,0,,supplier,1000000,0,never_instantiated,0,,,,,0,0,partsupp,part,79591,0,never_instantiated,0,,,,,0,0,,,63825,0,never_instantiated,0,,,,,0,0,,,47107,0,never_instantiated,0,,,,,0,0,,region,1,0,never_instantiated,0,,,,,0,0,,partsupp,80000000,0,never_instantiated,0,,,,,0,0,supplier,nation,25,0,never_instantiated,0,,,,,0,0
Q03,1,4,1,48.04,,customer,3000188,0,never_instantiated,0,,,,,0,0,lineitem,orders,72874383,0,never_instantiated,0,,,,,0,0,,,,,,,,,,,,,,,,,,,,,,,,,,,,,,,,,,,,,,,,,,,,,,,,,,,,,,,,,,,,,,,,,,,,,,,,,,,,,,,,,,,,
Q04,1,4,1,32.75,,,5733776,0,never_instantiated,0,,,,,0,0,lineitem,,5733776,0,never_instantiated,0,,,,,0,0,,,,,,,,,,,,,,,,,,,,,,,,,,,,,,,,,,,,,,,,,,,,,,,,,,,,,,,,,,,,,,,,,,,,,,,,,,,,,,,,,,,,
Q05,1,4,1,81.90,,region,1,0,never_instantiated,0,,,,,0,0,,nation,25,0,never_instantiated,0,,,,,0,0,,supplier,1000000,0,never_instantiated,0,,,,,0,0,,customer,14999999,0,never_instantiated,0,,,,,0,0,lineitem,orders,22760819,0,never_instantiated,0,,,,,0,0,,,,,,,,,,,,,,,,,,,,,,,,,,,,,,,,,,,,,,,,,,,,,,,,
Q06,1,4,1,8.88,,,,,,,,,,,,,,,,,,,,,,,,,,,,,,,,,,,,,,,,,,,,,,,,,,,,,,,,,,,,,,,,,,,,,,,,,,,,,,,,,,,,,,,,,,,,,,,,,,,,,,,,,,,,
Q07,1,4,1,127.54,,nation,2,0,never_instantiated,0,,,,,0,0,,nation,2,0,never_instantiated,0,,,,,0,0,,supplier,1000000,0,never_instantiated,0,,,,,0,0,,customer,14999999,0,never_instantiated,0,,,,,0,0,lineitem,orders,150000000,0,never_instantiated,0,,,,,0,0,,,,,,,,,,,,,,,,,,,,,,,,,,,,,,,,,,,,,,,,,,,,,,,,
Q08,1,4,1,45.77,,region,1,0,never_instantiated,0,,,,,0,0,,nation,25,0,never_instantiated,0,,,,,0,0,,nation,25,0,never_instantiated,0,,,,,0,0,,customer,14999999,0,never_instantiated,0,,,,,0,0,,supplier,1000000,0,never_instantiated,0,,,,,0,0,,orders,45574624,0,never_instantiated,0,,,,,0,0,lineitem,part,134258,0,never_instantiated,0,,,,,0,0,,,,,,,,,,,,,,,,,,,,,,,,
Q09,1,4,1,209.82,,partsupp,80000000,0,never_instantiated,0,,,,,0,0,,nation,25,0,never_instantiated,0,,,,,0,0,,part,1087982,0,never_instantiated,0,,,,,0,0,,supplier,1000000,0,never_instantiated,0,,,,,0,0,lineitem,orders,150000000,0,never_instantiated,0,,,,,0,0,,,,,,,,,,,,,,,,,,,,,,,,,,,,,,,,,,,,,,,,,,,,,,,,
Q10,1,4,1,51.82,,nation,25,0,never_instantiated,0,,,,,0,0,,customer,14999999,0,never_instantiated,0,,,,,0,0,lineitem,orders,5730378,0,never_instantiated,0,,,,,0,0,,,,,,,,,,,,,,,,,,,,,,,,,,,,,,,,,,,,,,,,,,,,,,,,,,,,,,,,,,,,,,,,,,,,,,,,
Q11,1,4,1,16.29,,partsupp,80000000,0,never_instantiated,0,,,,,0,0,supplier,nation,1,0,never_instantiated,0,,,,,0,0,,nation,1,0,never_instantiated,0,,,,,0,0,supplier,partsupp,80000000,0,never_instantiated,0,,,,,0,0,,,,,,,,,,,,,,,,,,,,,,,,,,,,,,,,,,,,,,,,,,,,,,,,,,,,,,,,,,,,
Q12,1,4,1,29.53,lineitem,orders,150000000,0,never_instantiated,0,,,,,0,0,,,,,,,,,,,,,,,,,,,,,,,,,,,,,,,,,,,,,,,,,,,,,,,,,,,,,,,,,,,,,,,,,,,,,,,,,,,,,,,,,,,,,,,,,,,,,,,,
Q13,1,4,1,58.90,customer,orders,148451295,0,never_instantiated,0,,,,,0,0,,,,,,,,,,,,,,,,,,,,,,,,,,,,,,,,,,,,,,,,,,,,,,,,,,,,,,,,,,,,,,,,,,,,,,,,,,,,,,,,,,,,,,,,,,,,,,,,
Q14,1,4,1,30.45,lineitem,part,20000000,0,never_instantiated,0,,,,,0,0,,,,,,,,,,,,,,,,,,,,,,,,,,,,,,,,,,,,,,,,,,,,,,,,,,,,,,,,,,,,,,,,,,,,,,,,,,,,,,,,,,,,,,,,,,,,,,,,
Q15,1,4,1,12.28,,,1,0,never_instantiated,0,,,,,0,0,supplier,,1000000,0,never_instantiated,0,,,,,0,0,,,,,,,,,,,,,,,,,,,,,,,,,,,,,,,,,,,,,,,,,,,,,,,,,,,,,,,,,,,,,,,,,,,,,,,,,,,,,,,,,,,,
Q16,1,4,1,14.98,,supplier,479,0,never_instantiated,0,,,,,0,0,,partsupp,80000000,0,never_instantiated,0,,,,,0,0,part,,8,0,never_instantiated,0,,,,,0,0,,,,,,,,,,,,,,,,,,,,,,,,,,,,,,,,,,,,,,,,,,,,,,,,,,,,,,,,,,,,,,,,,,,,,,,,
Q17,1,4,1,111.80,part,lineitem,600037902,0,never_instantiated,0,,,,,0,0,,,600982,0,never_instantiated,0,,,,,0,0,lineitem,,20031,0,never_instantiated,0,,,,,0,0,,,,,,,,,,,,,,,,,,,,,,,,,,,,,,,,,,,,,,,,,,,,,,,,,,,,,,,,,,,,,,,,,,,,,,,,
Q18,1,4,1,221.30,,lineitem,6398,0,never_instantiated,0,,,,,0,0,,customer,14999999,0,never_instantiated,0,,,,,0,0,orders,lineitem,600037902,0,never_instantiated,0,,,,,0,0,,,,,,,,,,,,,,,,,,,,,,,,,,,,,,,,,,,,,,,,,,,,,,,,,,,,,,,,,,,,,,,,,,,,,,,,
Q19,1,4,1,42.11,lineitem,part,20000000,0,never_instantiated,0,,,,,0,0,,,,,,,,,,,,,,,,,,,,,,,,,,,,,,,,,,,,,,,,,,,,,,,,,,,,,,,,,,,,,,,,,,,,,,,,,,,,,,,,,,,,,,,,,,,,,,,,
Q20,1,4,1,33.44,,,592007,0,never_instantiated,0,,,,,0,0,supplier,nation,1,0,never_instantiated,0,,,,,0,0,partsupp,part,217222,0,never_instantiated,0,,,,,0,0,,,868888,0,never_instantiated,0,,,,,0,0,lineitem,,868888,0,never_instantiated,0,,,,,0,0,,,,,,,,,,,,,,,,,,,,,,,,,,,,,,,,,,,,,,,,,,,,,,,,
Q21,1,4,1,165.04,,nation,1,0,never_instantiated,0,,,,,0,0,,supplier,1000000,0,never_instantiated,0,,,,,0,0,lineitem,orders,73072502,0,never_instantiated,0,,,,,0,0,,,7313671,0,never_instantiated,0,,,,,0,0,lineitem,,7313658,0,never_instantiated,0,,,,,0,0,,,7048027,0,never_instantiated,0,,,,,0,0,lineitem,,7048014,0,never_instantiated,0,,,,,0,0,,,,,,,,,,,,,,,,,,,,,,,,
Q22,1,4,1,18.26,,,1909668,0,never_instantiated,0,,,,,0,0,orders,,1909668,0,never_instantiated,0,,,,,0,0,,,,,,,,,,,,,,,,,,,,,,,,,,,,,,,,,,,,,,,,,,,,,,,,,,,,,,,,,,,,,,,,,,,,,,,,,,,,,,,,,,,,
Q01,2,0,1,30.50,,,,,,,,,,,,,,,,,,,,,,,,,,,,,,,,,,,,,,,,,,,,,,,,,,,,,,,,,,,,,,,,,,,,,,,,,,,,,,,,,,,,,,,,,,,,,,,,,,,,,,,,,,,,
Q02,2,0,1,21.15,,region,1,0,never_instantiated,0,,,,,0,0,,nation,5,0,never_instantiated,0,,,,,0,0,,supplier,200535,0,never_instantiated,0,,,,,0,0,partsupp,part,79591,0,never_instantiated,0,,,,,0,0,,,63825,0,never_instantiated,0,,,,,0,0,,,47107,0,never_instantiated,0,,,,,0,0,,region,1,0,never_instantiated,0,,,,,0,0,,partsupp,80000000,0,never_instantiated,0,,,,,0,0,supplier,nation,5,0,never_instantiated,0,,,,,0,0
Q03,2,0,1,22.31,,customer,3000188,0,never_instantiated,0,,,,,0,0,lineitem,orders,14600127,0,never_instantiated,0,,,,,0,0,,,,,,,,,,,,,,,,,,,,,,,,,,,,,,,,,,,,,,,,,,,,,,,,,,,,,,,,,,,,,,,,,,,,,,,,,,,,,,,,,,,,
Q04,2,0,1,32.85,,,5733776,0,never_instantiated,0,,,,,0,0,lineitem,,5733776,0,never_instantiated,0,,,,,0,0,,,,,,,,,,,,,,,,,,,,,,,,,,,,,,,,,,,,,,,,,,,,,,,,,,,,,,,,,,,,,,,,,,,,,,,,,,,,,,,,,,,,
Q05,2,0,1,58.64,,supplier,1000000,0,never_instantiated,0,,,,,0,0,,region,1,0,never_instantiated,0,,,,,0,0,,nation,5,0,never_instantiated,0,,,,,0,0,,customer,2999759,0,never_instantiated,0,,,,,0,0,lineitem,orders,4562850,0,never_instantiated,0,,,,,0,0,,,,,,,,,,,,,,,,,,,,,,,,,,,,,,,,,,,,,,,,,,,,,,,,
Q06,2,0,1,8.94,,,,,,,,,,,,,,,,,,,,,,,,,,,,,,,,,,,,,,,,,,,,,,,,,,,,,,,,,,,,,,,,,,,,,,,,,,,,,,,,,,,,,,,,,,,,,,,,,,,,,,,,,,,,
Q07,2,0,1,24.29,,nation,2,0,never_instantiated,0,,,,,0,0,,supplier,80171,0,never_instantiated,0,,,,,0,0,,nation,2,0,never_instantiated,0,,,,,0,0,,customer,1200139,0,never_instantiated,0,,,,,0,0,lineitem,orders,12026518,0,never_instantiated,0,,,,,0,0,,,,,,,,,,,,,,,,,,,,,,,,,,,,,,,,,,,,,,,,,,,,,,,,
Q08,2,0,1,32.96,,nation,25,0,never_instantiated,0,,,,,0,0,,supplier,1000000,0,never_instantiated,0,,,,,0,0,,region,1,0,never_instantiated,0,,,,,0,0,,part,134258,0,never_instantiated,0,,,,,0,0,,nation,5,0,never_instantiated,0,,,,,0,0,,customer,3001905,0,never_instantiated,0,,,,,0,0,lineitem,orders,9140870,0,never_instantiated,0,,,,,0,0,,,,,,,,,,,,,,,,,,,,,,,,
Q09,2,0,1,194.05,,nation,25,0,never_instantiated,0,,,,,0,0,,supplier,1000000,0,never_instantiated,0,,,,,0,0,,partsupp,80000000,0,never_instantiated,0,,,,,0,0,,part,1087982,0,never_instantiated,0,,,,,0,0,lineitem,orders,150000000,0,never_instantiated,0,,,,,0,0,,,,,,,,,,,,,,,,,,,,,,,,,,,,,,,,,,,,,,,,,,,,,,,,
Q10,2,0,1,42.15,,nation,25,0,never_instantiated,0,,,,,0,0,,customer,14999999,0,never_instantiated,0,,,,,0,0,lineitem,orders,5730378,0,never_instantiated,0,,,,,0,0,,,,,,,,,,,,,,,,,,,,,,,,,,,,,,,,,,,,,,,,,,,,,,,,,,,,,,,,,,,,,,,,,,,,,,,,
Q11,2,0,1,35.90,,partsupp,80000000,0,never_instantiated,0,,,,,0,0,supplier,nation,1,0,never_instantiated,0,,,,,0,0,,partsupp,80000000,0,never_instantiated,0,,,,,0,0,supplier,nation,1,0,never_instantiated,0,,,,,0,0,,,,,,,,,,,,,,,,,,,,,,,,,,,,,,,,,,,,,,,,,,,,,,,,,,,,,,,,,,,,
Q12,2,0,1,57.49,lineitem,orders,150000000,0,never_instantiated,0,,,,,0,0,,,,,,,,,,,,,,,,,,,,,,,,,,,,,,,,,,,,,,,,,,,,,,,,,,,,,,,,,,,,,,,,,,,,,,,,,,,,,,,,,,,,,,,,,,,,,,,,
Q13,2,0,1,64.41,customer,orders,148451295,0,never_instantiated,0,,,,,0,0,,,,,,,,,,,,,,,,,,,,,,,,,,,,,,,,,,,,,,,,,,,,,,,,,,,,,,,,,,,,,,,,,,,,,,,,,,,,,,,,,,,,,,,,,,,,,,,,
Q14,2,0,1,17.88,lineitem,part,20000000,0,never_instantiated,0,,,,,0,0,,,,,,,,,,,,,,,,,,,,,,,,,,,,,,,,,,,,,,,,,,,,,,,,,,,,,,,,,,,,,,,,,,,,,,,,,,,,,,,,,,,,,,,,,,,,,,,,
Q15,2,0,1,12.06,,,1,0,never_instantiated,0,,,,,0,0,supplier,,1000000,0,never_instantiated,0,,,,,0,0,,,,,,,,,,,,,,,,,,,,,,,,,,,,,,,,,,,,,,,,,,,,,,,,,,,,,,,,,,,,,,,,,,,,,,,,,,,,,,,,,,,,
Q16,2,0,1,20.49,,supplier,479,0,never_instantiated,0,,,,,0,0,,partsupp,80000000,0,never_instantiated,0,,,,,0,0,part,,8,0,never_instantiated,0,,,,,0,0,,,,,,,,,,,,,,,,,,,,,,,,,,,,,,,,,,,,,,,,,,,,,,,,,,,,,,,,,,,,,,,,,,,,,,,,
Q17,2,0,1,182.78,part,lineitem,600037902,0,never_instantiated,0,,,,,0,0,,,600982,0,never_instantiated,0,,,,,0,0,lineitem,,20031,0,never_instantiated,0,,,,,0,0,,,,,,,,,,,,,,,,,,,,,,,,,,,,,,,,,,,,,,,,,,,,,,,,,,,,,,,,,,,,,,,,,,,,,,,,
Q18,2,0,1,268.06,,lineitem,6398,0,never_instantiated,0,,,,,0,0,,lineitem,600037902,0,never_instantiated,0,,,,,0,0,orders,customer,14999999,0,never_instantiated,0,,,,,0,0,,,,,,,,,,,,,,,,,,,,,,,,,,,,,,,,,,,,,,,,,,,,,,,,,,,,,,,,,,,,,,,,,,,,,,,,
Q19,2,0,1,50.59,lineitem,part,20000000,0,never_instantiated,0,,,,,0,0,,,,,,,,,,,,,,,,,,,,,,,,,,,,,,,,,,,,,,,,,,,,,,,,,,,,,,,,,,,,,,,,,,,,,,,,,,,,,,,,,,,,,,,,,,,,,,,,
Q20,2,0,1,22.96,,,23898,0,never_instantiated,0,,,,,0,0,supplier,nation,1,0,never_instantiated,0,,,,,0,0,partsupp,part,217222,0,never_instantiated,0,,,,,0,0,,,35136,0,never_instantiated,0,,,,,0,0,lineitem,,35136,0,never_instantiated,0,,,,,0,0,,,,,,,,,,,,,,,,,,,,,,,,,,,,,,,,,,,,,,,,,,,,,,,,
Q21,2,0,1,108.72,,nation,1,0,never_instantiated,0,,,,,0,0,,supplier,39953,0,never_instantiated,0,,,,,0,0,lineitem,orders,73072502,0,never_instantiated,0,,,,,0,0,,,7313671,0,never_instantiated,0,,,,,0,0,lineitem,,7313658,0,never_instantiated,0,,,,,0,0,,,7048027,0,never_instantiated,0,,,,,0,0,lineitem,,7048014,0,never_instantiated,0,,,,,0,0,,,,,,,,,,,,,,,,,,,,,,,,
Q22,2,0,1,18.14,,,1909668,0,never_instantiated,0,,,,,0,0,orders,,1909668,0,never_instantiated,0,,,,,0,0,,,,,,,,,,,,,,,,,,,,,,,,,,,,,,,,,,,,,,,,,,,,,,,,,,,,,,,,,,,,,,,,,,,,,,,,,,,,,,,,,,,,
Q01,2,1,1,30.31,,,,,,,,,,,,,,,,,,,,,,,,,,,,,,,,,,,,,,,,,,,,,,,,,,,,,,,,,,,,,,,,,,,,,,,,,,,,,,,,,,,,,,,,,,,,,,,,,,,,,,,,,,,,
Q02,2,1,1,20.96,,region,1,0,never_instantiated,0,,,,,0,0,,part,79591,0,never_instantiated,0,,,,,0,0,,nation,5,0,never_instantiated,0,,,,,0,0,partsupp,supplier,200535,0,never_instantiated,0,,,,,0,0,,,63825,0,never_instantiated,0,,,,,0,0,,,47107,0,never_instantiated,0,,,,,0,0,,region,1,0,never_instantiated,0,,,,,0,0,,nation,5,0,never_instantiated,0,,,,,0,0,supplier,partsupp,80000000,0,never_instantiated,0,,,,,0,0
Q03,2,1,1,22.36,,customer,3000188,0,never_instantiated,0,,,,,0,0,lineitem,orders,14600127,0,never_instantiated,0,,,,,0,0,,,,,,,,,,,,,,,,,,,,,,,,,,,,,,,,,,,,,,,,,,,,,,,,,,,,,,,,,,,,,,,,,,,,,,,,,,,,,,,,,,,,
Q04,2,1,1,32.77,,,5733776,0,never_instantiated,0,,,,,0,0,lineitem,,5733776,0,never_instantiated,0,,,,,0,0,,,,,,,,,,,,,,,,,,,,,,,,,,,,,,,,,,,,,,,,,,,,,,,,,,,,,,,,,,,,,,,,,,,,,,,,,,,,,,,,,,,,
Q05,2,1,1,9999999,,,,,,,,,,,,,,,,,,,,,,,,,,,,,,,,,,,,,,,,,,,,,,,,,,,,,,,,,,,,,,,,,,,,,,,,,,,,,,,,,,,,,,,,,,,,,,,,,,,,,,,,,,,,
Q06,2,1,1,8.90,,,,,,,,,,,,,,,,,,,,,,,,,,,,,,,,,,,,,,,,,,,,,,,,,,,,,,,,,,,,,,,,,,,,,,,,,,,,,,,,,,,,,,,,,,,,,,,,,,,,,,,,,,,,
Q07,2,1,1,23.07,,nation,2,0,never_instantiated,0,,,,,0,0,,customer,1200139,0,never_instantiated,0,,,,,0,0,,orders,12026518,0,never_instantiated,0,,,,,0,0,,nation,2,0,never_instantiated,0,,,,,0,0,lineitem,supplier,80171,0,never_instantiated,0,,,,,0,0,,,,,,,,,,,,,,,,,,,,,,,,,,,,,,,,,,,,,,,,,,,,,,,,
Q08,2,1,1,37.70,,region,1,0,never_instantiated,0,,,,,0,0,,nation,5,0,never_instantiated,0,,,,,0,0,,nation,25,0,never_instantiated,0,,,,,0,0,,supplier,1000000,0,never_instantiated,0,,,,,0,0,,customer,3001905,0,never_instantiated,0,,,,,0,0,,orders,9140870,0,never_instantiated,0,,,,,0,0,lineitem,part,134258,0,never_instantiated,0,,,,,0,0,,,,,,,,,,,,,,,,,,,,,,,,
Q09,2,1,1,126.29,,nation,25,0,never_instantiated,0,,,,,0,0,,supplier,1000000,0,never_instantiated,0,,,,,0,0,,orders,150000000,0,never_instantiated,0,,,,,0,0,,partsupp,80000000,0,never_instantiated,0,,,,,0,0,lineitem,part,1087982,0,never_instantiated,0,,,,,0,0,,,,,,,,,,,,,,,,,,,,,,,,,,,,,,,,,,,,,,,,,,,,,,,,
Q10,2,1,1,41.13,,nation,25,0,never_instantiated,0,,,,,0,0,,customer,14999999,0,never_instantiated,0,,,,,0,0,lineitem,orders,5730378,0,never_instantiated,0,,,,,0,0,,,,,,,,,,,,,,,,,,,,,,,,,,,,,,,,,,,,,,,,,,,,,,,,,,,,,,,,,,,,,,,,,,,,,,,,
Q11,2,1,1,35.93,,nation,1,0,never_instantiated,0,,,,,0,0,supplier,partsupp,80000000,0,never_instantiated,0,,,,,0,0,,partsupp,80000000,0,never_instantiated,0,,,,,0,0,supplier,nation,1,0,never_instantiated,0,,,,,0,0,,,,,,,,,,,,,,,,,,,,,,,,,,,,,,,,,,,,,,,,,,,,,,,,,,,,,,,,,,,,
Q12,2,1,1,57.32,lineitem,orders,150000000,0,never_instantiated,0,,,,,0,0,,,,,,,,,,,,,,,,,,,,,,,,,,,,,,,,,,,,,,,,,,,,,,,,,,,,,,,,,,,,,,,,,,,,,,,,,,,,,,,,,,,,,,,,,,,,,,,,
Q13,2,1,1,64.66,customer,orders,148451295,0,never_instantiated,0,,,,,0,0,,,,,,,,,,,,,,,,,,,,,,,,,,,,,,,,,,,,,,,,,,,,,,,,,,,,,,,,,,,,,,,,,,,,,,,,,,,,,,,,,,,,,,,,,,,,,,,,
Q14,2,1,1,17.71,lineitem,part,20000000,0,never_instantiated,0,,,,,0,0,,,,,,,,,,,,,,,,,,,,,,,,,,,,,,,,,,,,,,,,,,,,,,,,,,,,,,,,,,,,,,,,,,,,,,,,,,,,,,,,,,,,,,,,,,,,,,,,
Q15,2,1,1,12.23,,,1,0,never_instantiated,0,,,,,0,0,supplier,,1000000,0,never_instantiated,0,,,,,0,0,,,,,,,,,,,,,,,,,,,,,,,,,,,,,,,,,,,,,,,,,,,,,,,,,,,,,,,,,,,,,,,,,,,,,,,,,,,,,,,,,,,,
Q16,2,1,1,20.60,,supplier,479,0,never_instantiated,0,,,,,0,0,,partsupp,80000000,0,never_instantiated,0,,,,,0,0,part,,8,0,never_instantiated,0,,,,,0,0,,,,,,,,,,,,,,,,,,,,,,,,,,,,,,,,,,,,,,,,,,,,,,,,,,,,,,,,,,,,,,,,,,,,,,,,
Q17,2,1,1,185.20,part,lineitem,600037902,0,never_instantiated,0,,,,,0,0,,,600982,0,never_instantiated,0,,,,,0,0,lineitem,,20031,0,never_instantiated,0,,,,,0,0,,,,,,,,,,,,,,,,,,,,,,,,,,,,,,,,,,,,,,,,,,,,,,,,,,,,,,,,,,,,,,,,,,,,,,,,
Q18,2,1,1,9999999,,,,,,,,,,,,,,,,,,,,,,,,,,,,,,,,,,,,,,,,,,,,,,,,,,,,,,,,,,,,,,,,,,,,,,,,,,,,,,,,,,,,,,,,,,,,,,,,,,,,,,,,,,,,
Q19,2,1,1,49.84,lineitem,part,20000000,0,never_instantiated,0,,,,,0,0,,,,,,,,,,,,,,,,,,,,,,,,,,,,,,,,,,,,,,,,,,,,,,,,,,,,,,,,,,,,,,,,,,,,,,,,,,,,,,,,,,,,,,,,,,,,,,,,
Q20,2,1,1,23.17,,,23898,0,never_instantiated,0,,,,,0,0,supplier,nation,1,0,never_instantiated,0,,,,,0,0,partsupp,part,217222,0,never_instantiated,0,,,,,0,0,,,35136,0,never_instantiated,0,,,,,0,0,lineitem,,35136,0,never_instantiated,0,,,,,0,0,,,,,,,,,,,,,,,,,,,,,,,,,,,,,,,,,,,,,,,,,,,,,,,,
Q21,2,1,1,118.17,,orders,73072502,0,never_instantiated,0,,,,,0,0,,nation,1,0,never_instantiated,0,,,,,0,0,lineitem,supplier,39953,0,never_instantiated,0,,,,,0,0,,,7313671,0,never_instantiated,0,,,,,0,0,lineitem,,7313658,0,never_instantiated,0,,,,,0,0,,,7048027,0,never_instantiated,0,,,,,0,0,lineitem,,7048014,0,never_instantiated,0,,,,,0,0,,,,,,,,,,,,,,,,,,,,,,,,
Q22,2,1,1,18.28,,,1909668,0,never_instantiated,0,,,,,0,0,orders,,1909668,0,never_instantiated,0,,,,,0,0,,,,,,,,,,,,,,,,,,,,,,,,,,,,,,,,,,,,,,,,,,,,,,,,,,,,,,,,,,,,,,,,,,,,,,,,,,,,,,,,,,,,
Q01,2,2,1,30.40,,,,,,,,,,,,,,,,,,,,,,,,,,,,,,,,,,,,,,,,,,,,,,,,,,,,,,,,,,,,,,,,,,,,,,,,,,,,,,,,,,,,,,,,,,,,,,,,,,,,,,,,,,,,
Q02,2,2,1,21.67,,region,1,0,never_instantiated,0,,,,,0,0,,nation,5,0,never_instantiated,0,,,,,0,0,,supplier,200535,0,never_instantiated,0,,,,,0,0,partsupp,part,79591,0,never_instantiated,0,,,,,0,0,,,63825,0,never_instantiated,0,,,,,0,0,,,47107,0,never_instantiated,0,,,,,0,0,,region,1,0,never_instantiated,0,,,,,0,0,,nation,5,0,never_instantiated,0,,,,,0,0,supplier,partsupp,80000000,0,never_instantiated,0,,,,,0,0
Q03,2,2,1,22.41,,customer,3000188,0,never_instantiated,0,,,,,0,0,lineitem,orders,14600127,0,never_instantiated,0,,,,,0,0,,,,,,,,,,,,,,,,,,,,,,,,,,,,,,,,,,,,,,,,,,,,,,,,,,,,,,,,,,,,,,,,,,,,,,,,,,,,,,,,,,,,
Q04,2,2,1,32.67,,,5733776,0,never_instantiated,0,,,,,0,0,lineitem,,5733776,0,never_instantiated,0,,,,,0,0,,,,,,,,,,,,,,,,,,,,,,,,,,,,,,,,,,,,,,,,,,,,,,,,,,,,,,,,,,,,,,,,,,,,,,,,,,,,,,,,,,,,
Q05,2,2,1,52.00,,region,1,0,never_instantiated,0,,,,,0,0,,supplier,1000000,0,never_instantiated,0,,,,,0,0,,nation,5,0,never_instantiated,0,,,,,0,0,,customer,2999759,0,never_instantiated,0,,,,,0,0,lineitem,orders,4562850,0,never_instantiated,0,,,,,0,0,,,,,,,,,,,,,,,,,,,,,,,,,,,,,,,,,,,,,,,,,,,,,,,,
Q06,2,2,1,9.09,,,,,,,,,,,,,,,,,,,,,,,,,,,,,,,,,,,,,,,,,,,,,,,,,,,,,,,,,,,,,,,,,,,,,,,,,,,,,,,,,,,,,,,,,,,,,,,,,,,,,,,,,,,,
Q07,2,2,1,23.21,,nation,2,0,never_instantiated,0,,,,,0,0,,supplier,80171,0,never_instantiated,0,,,,,0,0,,nation,2,0,never_instantiated,0,,,,,0,0,,customer,1200139,0,never_instantiated,0,,,,,0,0,lineitem,orders,12026518,0,never_instantiated,0,,,,,0,0,,,,,,,,,,,,,,,,,,,,,,,,,,,,,,,,,,,,,,,,,,,,,,,,
Q08,2,2,1,24.24,,region,1,0,never_instantiated,0,,,,,0,0,,nation,5,0,never_instantiated,0,,,,,0,0,,customer,3001905,0,never_instantiated,0,,,,,0,0,,part,134258,0,never_instantiated,0,,,,,0,0,,orders,9140870,0,never_instantiated,0,,,,,0,0,,nation,25,0,never_instantiated,0,,,,,0,0,lineitem,supplier,1000000,0,never_instantiated,0,,,,,0,0,,,,,,,,,,,,,,,,,,,,,,,,
Q09,2,2,1,95.49,,nation,25,0,never_instantiated,0,,,,,0,0,,supplier,1000000,0,never_instantiated,0,,,,,0,0,,part,1087982,0,never_instantiated,0,,,,,0,0,,orders,150000000,0,never_instantiated,0,,,,,0,0,lineitem,partsupp,4363044,0,never_instantiated,0,,,,,0,0,,,,,,,,,,,,,,,,,,,,,,,,,,,,,,,,,,,,,,,,,,,,,,,,
Q10,2,2,1,41.61,,nation,25,0,never_instantiated,0,,,,,0,0,,customer,14999999,0,never_instantiated,0,,,,,0,0,lineitem,orders,5730378,0,never_instantiated,0,,,,,0,0,,,,,,,,,,,,,,,,,,,,,,,,,,,,,,,,,,,,,,,,,,,,,,,,,,,,,,,,,,,,,,,,,,,,,,,,
Q11,2,2,1,35.49,,partsupp,80000000,0,never_instantiated,0,,,,,0,0,supplier,nation,1,0,never_instantiated,0,,,,,0,0,,partsupp,80000000,0,never_instantiated,0,,,,,0,0,supplier,nation,1,0,never_instantiated,0,,,,,0,0,,,,,,,,,,,,,,,,,,,,,,,,,,,,,,,,,,,,,,,,,,,,,,,,,,,,,,,,,,,,
Q12,2,2,1,56.58,lineitem,orders,150000000,0,never_instantiated,0,,,,,0,0,,,,,,,,,,,,,,,,,,,,,,,,,,,,,,,,,,,,,,,,,,,,,,,,,,,,,,,,,,,,,,,,,,,,,,,,,,,,,,,,,,,,,,,,,,,,,,,,
Q13,2,2,1,64.06,customer,orders,148451295,0,never_instantiated,0,,,,,0,0,,,,,,,,,,,,,,,,,,,,,,,,,,,,,,,,,,,,,,,,,,,,,,,,,,,,,,,,,,,,,,,,,,,,,,,,,,,,,,,,,,,,,,,,,,,,,,,,
Q14,2,2,1,18.08,lineitem,part,20000000,0,never_instantiated,0,,,,,0,0,,,,,,,,,,,,,,,,,,,,,,,,,,,,,,,,,,,,,,,,,,,,,,,,,,,,,,,,,,,,,,,,,,,,,,,,,,,,,,,,,,,,,,,,,,,,,,,,
Q15,2,2,1,12.25,,,1,0,never_instantiated,0,,,,,0,0,supplier,,1000000,0,never_instantiated,0,,,,,0,0,,,,,,,,,,,,,,,,,,,,,,,,,,,,,,,,,,,,,,,,,,,,,,,,,,,,,,,,,,,,,,,,,,,,,,,,,,,,,,,,,,,,
Q16,2,2,1,20.33,,supplier,479,0,never_instantiated,0,,,,,0,0,,partsupp,80000000,0,never_instantiated,0,,,,,0,0,part,,8,0,never_instantiated,0,,,,,0,0,,,,,,,,,,,,,,,,,,,,,,,,,,,,,,,,,,,,,,,,,,,,,,,,,,,,,,,,,,,,,,,,,,,,,,,,
Q17,2,2,1,184.12,part,lineitem,600037902,0,never_instantiated,0,,,,,0,0,,,600982,0,never_instantiated,0,,,,,0,0,lineitem,,20031,0,never_instantiated,0,,,,,0,0,,,,,,,,,,,,,,,,,,,,,,,,,,,,,,,,,,,,,,,,,,,,,,,,,,,,,,,,,,,,,,,,,,,,,,,,
Q18,2,2,1,262.72,,lineitem,6398,0,never_instantiated,0,,,,,0,0,,lineitem,600037902,0,never_instantiated,0,,,,,0,0,orders,customer,14999999,0,never_instantiated,0,,,,,0,0,,,,,,,,,,,,,,,,,,,,,,,,,,,,,,,,,,,,,,,,,,,,,,,,,,,,,,,,,,,,,,,,,,,,,,,,
Q19,2,2,1,50.38,lineitem,part,20000000,0,never_instantiated,0,,,,,0,0,,,,,,,,,,,,,,,,,,,,,,,,,,,,,,,,,,,,,,,,,,,,,,,,,,,,,,,,,,,,,,,,,,,,,,,,,,,,,,,,,,,,,,,,,,,,,,,,
Q20,2,2,1,23.10,,,23898,0,never_instantiated,0,,,,,0,0,supplier,nation,1,0,never_instantiated,0,,,,,0,0,partsupp,part,217222,0,never_instantiated,0,,,,,0,0,,,35136,0,never_instantiated,0,,,,,0,0,lineitem,,35136,0,never_instantiated,0,,,,,0,0,,,,,,,,,,,,,,,,,,,,,,,,,,,,,,,,,,,,,,,,,,,,,,,,
Q21,2,2,1,109.03,,nation,1,0,never_instantiated,0,,,,,0,0,,supplier,39953,0,never_instantiated,0,,,,,0,0,lineitem,orders,73072502,0,never_instantiated,0,,,,,0,0,,,7313671,0,never_instantiated,0,,,,,0,0,lineitem,,7313658,0,never_instantiated,0,,,,,0,0,,,7048027,0,never_instantiated,0,,,,,0,0,lineitem,,7048014,0,never_instantiated,0,,,,,0,0,,,,,,,,,,,,,,,,,,,,,,,,
Q22,2,2,1,18.08,,,1909668,0,never_instantiated,0,,,,,0,0,orders,,1909668,0,never_instantiated,0,,,,,0,0,,,,,,,,,,,,,,,,,,,,,,,,,,,,,,,,,,,,,,,,,,,,,,,,,,,,,,,,,,,,,,,,,,,,,,,,,,,,,,,,,,,,
Q01,2,3,1,30.51,,,,,,,,,,,,,,,,,,,,,,,,,,,,,,,,,,,,,,,,,,,,,,,,,,,,,,,,,,,,,,,,,,,,,,,,,,,,,,,,,,,,,,,,,,,,,,,,,,,,,,,,,,,,
Q02,2,3,1,20.49,,region,1,0,never_instantiated,0,,,,,0,0,,nation,5,0,never_instantiated,0,,,,,0,0,,part,79591,0,never_instantiated,0,,,,,0,0,partsupp,supplier,200535,0,never_instantiated,0,,,,,0,0,,,63825,0,never_instantiated,0,,,,,0,0,,,47107,0,never_instantiated,0,,,,,0,0,,region,1,0,never_instantiated,0,,,,,0,0,,partsupp,80000000,0,never_instantiated,0,,,,,0,0,supplier,nation,5,0,never_instantiated,0,,,,,0,0
Q03,2,3,1,22.15,,customer,3000188,0,never_instantiated,0,,,,,0,0,lineitem,orders,14600127,0,never_instantiated,0,,,,,0,0,,,,,,,,,,,,,,,,,,,,,,,,,,,,,,,,,,,,,,,,,,,,,,,,,,,,,,,,,,,,,,,,,,,,,,,,,,,,,,,,,,,,
Q04,2,3,1,32.86,,,5733776,0,never_instantiated,0,,,,,0,0,lineitem,,5733776,0,never_instantiated,0,,,,,0,0,,,,,,,,,,,,,,,,,,,,,,,,,,,,,,,,,,,,,,,,,,,,,,,,,,,,,,,,,,,,,,,,,,,,,,,,,,,,,,,,,,,,
Q05,2,3,1,9999999,,,,,,,,,,,,,,,,,,,,,,,,,,,,,,,,,,,,,,,,,,,,,,,,,,,,,,,,,,,,,,,,,,,,,,,,,,,,,,,,,,,,,,,,,,,,,,,,,,,,,,,,,,,,
Q06,2,3,1,8.99,,,,,,,,,,,,,,,,,,,,,,,,,,,,,,,,,,,,,,,,,,,,,,,,,,,,,,,,,,,,,,,,,,,,,,,,,,,,,,,,,,,,,,,,,,,,,,,,,,,,,,,,,,,,
Q07,2,3,1,22.93,,nation,2,0,never_instantiated,0,,,,,0,0,,customer,1200139,0,never_instantiated,0,,,,,0,0,,nation,2,0,never_instantiated,0,,,,,0,0,,orders,12026518,0,never_instantiated,0,,,,,0,0,lineitem,supplier,80171,0,never_instantiated,0,,,,,0,0,,,,,,,,,,,,,,,,,,,,,,,,,,,,,,,,,,,,,,,,,,,,,,,,
Q08,2,3,1,25.20,,region,1,0,never_instantiated,0,,,,,0,0,,nation,25,0,never_instantiated,0,,,,,0,0,,part,134258,0,never_instantiated,0,,,,,0,0,,nation,5,0,never_instantiated,0,,,,,0,0,,supplier,1000000,0,never_instantiated,0,,,,,0,0,,customer,3001905,0,never_instantiated,0,,,,,0,0,lineitem,orders,9140870,0,never_instantiated,0,,,,,0,0,,,,,,,,,,,,,,,,,,,,,,,,
Q09,2,3,1,96.35,,orders,150000000,0,never_instantiated,0,,,,,0,0,,nation,25,0,never_instantiated,0,,,,,0,0,,part,1087982,0,never_instantiated,0,,,,,0,0,,partsupp,4363044,0,never_instantiated,0,,,,,0,0,lineitem,supplier,1000000,0,never_instantiated,0,,,,,0,0,,,,,,,,,,,,,,,,,,,,,,,,,,,,,,,,,,,,,,,,,,,,,,,,
Q10,2,3,1,41.57,,nation,25,0,never_instantiated,0,,,,,0,0,,customer,14999999,0,never_instantiated,0,,,,,0,0,lineitem,orders,5730378,0,never_instantiated,0,,,,,0,0,,,,,,,,,,,,,,,,,,,,,,,,,,,,,,,,,,,,,,,,,,,,,,,,,,,,,,,,,,,,,,,,,,,,,,,,
Q11,2,3,1,35.62,,nation,1,0,never_instantiated,0,,,,,0,0,supplier,partsupp,80000000,0,never_instantiated,0,,,,,0,0,,partsupp,80000000,0,never_instantiated,0,,,,,0,0,supplier,nation,1,0,never_instantiated,0,,,,,0,0,,,,,,,,,,,,,,,,,,,,,,,,,,,,,,,,,,,,,,,,,,,,,,,,,,,,,,,,,,,,
Q12,2,3,1,56.29,lineitem,orders,150000000,0,never_instantiated,0,,,,,0,0,,,,,,,,,,,,,,,,,,,,,,,,,,,,,,,,,,,,,,,,,,,,,,,,,,,,,,,,,,,,,,,,,,,,,,,,,,,,,,,,,,,,,,,,,,,,,,,,
Q13,2,3,1,65.11,customer,orders,148451295,0,never_instantiated,0,,,,,0,0,,,,,,,,,,,,,,,,,,,,,,,,,,,,,,,,,,,,,,,,,,,,,,,,,,,,,,,,,,,,,,,,,,,,,,,,,,,,,,,,,,,,,,,,,,,,,,,,
Q14,2,3,1,17.92,lineitem,part,20000000,0,never_instantiated,0,,,,,0,0,,,,,,,,,,,,,,,,,,,,,,,,,,,,,,,,,,,,,,,,,,,,,,,,,,,,,,,,,,,,,,,,,,,,,,,,,,,,,,,,,,,,,,,,,,,,,,,,
Q15,2,3,1,12.21,,,1,0,never_instantiated,0,,,,,0,0,supplier,,1000000,0,never_instantiated,0,,,,,0,0,,,,,,,,,,,,,,,,,,,,,,,,,,,,,,,,,,,,,,,,,,,,,,,,,,,,,,,,,,,,,,,,,,,,,,,,,,,,,,,,,,,,
Q16,2,3,1,20.23,,supplier,479,0,never_instantiated,0,,,,,0,0,,partsupp,80000000,0,never_instantiated,0,,,,,0,0,part,,8,0,never_instantiated,0,,,,,0,0,,,,,,,,,,,,,,,,,,,,,,,,,,,,,,,,,,,,,,,,,,,,,,,,,,,,,,,,,,,,,,,,,,,,,,,,
Q17,2,3,1,184.19,part,lineitem,600037902,0,never_instantiated,0,,,,,0,0,,,600982,0,never_instantiated,0,,,,,0,0,lineitem,,20031,0,never_instantiated,0,,,,,0,0,,,,,,,,,,,,,,,,,,,,,,,,,,,,,,,,,,,,,,,,,,,,,,,,,,,,,,,,,,,,,,,,,,,,,,,,
Q18,2,3,1,262.81,,lineitem,6398,0,never_instantiated,0,,,,,0,0,,lineitem,600037902,0,never_instantiated,0,,,,,0,0,orders,customer,14999999,0,never_instantiated,0,,,,,0,0,,,,,,,,,,,,,,,,,,,,,,,,,,,,,,,,,,,,,,,,,,,,,,,,,,,,,,,,,,,,,,,,,,,,,,,,
Q19,2,3,1,50.09,lineitem,part,20000000,0,never_instantiated,0,,,,,0,0,,,,,,,,,,,,,,,,,,,,,,,,,,,,,,,,,,,,,,,,,,,,,,,,,,,,,,,,,,,,,,,,,,,,,,,,,,,,,,,,,,,,,,,,,,,,,,,,
Q20,2,3,1,23.10,,,23898,0,never_instantiated,0,,,,,0,0,supplier,nation,1,0,never_instantiated,0,,,,,0,0,partsupp,part,217222,0,never_instantiated,0,,,,,0,0,,,35136,0,never_instantiated,0,,,,,0,0,lineitem,,35136,0,never_instantiated,0,,,,,0,0,,,,,,,,,,,,,,,,,,,,,,,,,,,,,,,,,,,,,,,,,,,,,,,,
Q21,2,3,1,117.43,,nation,1,0,never_instantiated,0,,,,,0,0,,orders,73072502,0,never_instantiated,0,,,,,0,0,lineitem,supplier,39953,0,never_instantiated,0,,,,,0,0,,,7313671,0,never_instantiated,0,,,,,0,0,lineitem,,7313658,0,never_instantiated,0,,,,,0,0,,,7048027,0,never_instantiated,0,,,,,0,0,lineitem,,7048014,0,never_instantiated,0,,,,,0,0,,,,,,,,,,,,,,,,,,,,,,,,
Q22,2,3,1,18.25,,,1909668,0,never_instantiated,0,,,,,0,0,orders,,1909668,0,never_instantiated,0,,,,,0,0,,,,,,,,,,,,,,,,,,,,,,,,,,,,,,,,,,,,,,,,,,,,,,,,,,,,,,,,,,,,,,,,,,,,,,,,,,,,,,,,,,,,
Q01,2,4,1,30.39,,,,,,,,,,,,,,,,,,,,,,,,,,,,,,,,,,,,,,,,,,,,,,,,,,,,,,,,,,,,,,,,,,,,,,,,,,,,,,,,,,,,,,,,,,,,,,,,,,,,,,,,,,,,
Q02,2,4,1,20.91,,region,1,0,never_instantiated,0,,,,,0,0,,nation,5,0,never_instantiated,0,,,,,0,0,,supplier,200535,0,never_instantiated,0,,,,,0,0,partsupp,part,79591,0,never_instantiated,0,,,,,0,0,,,63825,0,never_instantiated,0,,,,,0,0,,,47107,0,never_instantiated,0,,,,,0,0,,region,1,0,never_instantiated,0,,,,,0,0,,partsupp,80000000,0,never_instantiated,0,,,,,0,0,supplier,nation,5,0,never_instantiated,0,,,,,0,0
Q03,2,4,1,22.16,,customer,3000188,0,never_instantiated,0,,,,,0,0,lineitem,orders,14600127,0,never_instantiated,0,,,,,0,0,,,,,,,,,,,,,,,,,,,,,,,,,,,,,,,,,,,,,,,,,,,,,,,,,,,,,,,,,,,,,,,,,,,,,,,,,,,,,,,,,,,,
Q04,2,4,1,32.91,,,5733776,0,never_instantiated,0,,,,,0,0,lineitem,,5733776,0,never_instantiated,0,,,,,0,0,,,,,,,,,,,,,,,,,,,,,,,,,,,,,,,,,,,,,,,,,,,,,,,,,,,,,,,,,,,,,,,,,,,,,,,,,,,,,,,,,,,,
Q05,2,4,1,45.73,,region,1,0,never_instantiated,0,,,,,0,0,,nation,5,0,never_instantiated,0,,,,,0,0,,supplier,1000000,0,never_instantiated,0,,,,,0,0,,customer,2999759,0,never_instantiated,0,,,,,0,0,lineitem,orders,4562850,0,never_instantiated,0,,,,,0,0,,,,,,,,,,,,,,,,,,,,,,,,,,,,,,,,,,,,,,,,,,,,,,,,
Q06,2,4,1,9.08,,,,,,,,,,,,,,,,,,,,,,,,,,,,,,,,,,,,,,,,,,,,,,,,,,,,,,,,,,,,,,,,,,,,,,,,,,,,,,,,,,,,,,,,,,,,,,,,,,,,,,,,,,,,
Q07,2,4,1,23.10,,nation,2,0,never_instantiated,0,,,,,0,0,,nation,2,0,never_instantiated,0,,,,,0,0,,supplier,80171,0,never_instantiated,0,,,,,0,0,,customer,1200139,0,never_instantiated,0,,,,,0,0,lineitem,orders,12026518,0,never_instantiated,0,,,,,0,0,,,,,,,,,,,,,,,,,,,,,,,,,,,,,,,,,,,,,,,,,,,,,,,,
Q08,2,4,1,37.41,,region,1,0,never_instantiated,0,,,,,0,0,,nation,25,0,never_instantiated,0,,,,,0,0,,nation,5,0,never_instantiated,0,,,,,0,0,,customer,3001905,0,never_instantiated,0,,,,,0,0,,supplier,1000000,0,never_instantiated,0,,,,,0,0,,orders,9140870,0,never_instantiated,0,,,,,0,0,lineitem,part,134258,0,never_instantiated,0,,,,,0,0,,,,,,,,,,,,,,,,,,,,,,,,
Q09,2,4,1,172.48,,partsupp,80000000,0,never_instantiated,0,,,,,0,0,,nation,25,0,never_instantiated,0,,,,,0,0,,part,1087982,0,never_instantiated,0,,,,,0,0,,supplier,1000000,0,never_instantiated,0,,,,,0,0,lineitem,orders,150000000,0,never_instantiated,0,,,,,0,0,,,,,,,,,,,,,,,,,,,,,,,,,,,,,,,,,,,,,,,,,,,,,,,,
Q10,2,4,1,41.65,,nation,25,0,never_instantiated,0,,,,,0,0,,customer,14999999,0,never_instantiated,0,,,,,0,0,lineitem,orders,5730378,0,never_instantiated,0,,,,,0,0,,,,,,,,,,,,,,,,,,,,,,,,,,,,,,,,,,,,,,,,,,,,,,,,,,,,,,,,,,,,,,,,,,,,,,,,
Q11,2,4,1,35.85,,partsupp,80000000,0,never_instantiated,0,,,,,0,0,supplier,nation,1,0,never_instantiated,0,,,,,0,0,,nation,1,0,never_instantiated,0,,,,,0,0,supplier,partsupp,80000000,0,never_instantiated,0,,,,,0,0,,,,,,,,,,,,,,,,,,,,,,,,,,,,,,,,,,,,,,,,,,,,,,,,,,,,,,,,,,,,
Q12,2,4,1,57.65,lineitem,orders,150000000,0,never_instantiated,0,,,,,0,0,,,,,,,,,,,,,,,,,,,,,,,,,,,,,,,,,,,,,,,,,,,,,,,,,,,,,,,,,,,,,,,,,,,,,,,,,,,,,,,,,,,,,,,,,,,,,,,,
Q13,2,4,1,64.71,customer,orders,148451295,0,never_instantiated,0,,,,,0,0,,,,,,,,,,,,,,,,,,,,,,,,,,,,,,,,,,,,,,,,,,,,,,,,,,,,,,,,,,,,,,,,,,,,,,,,,,,,,,,,,,,,,,,,,,,,,,,,
Q14,2,4,1,17.95,lineitem,part,20000000,0,never_instantiated,0,,,,,0,0,,,,,,,,,,,,,,,,,,,,,,,,,,,,,,,,,,,,,,,,,,,,,,,,,,,,,,,,,,,,,,,,,,,,,,,,,,,,,,,,,,,,,,,,,,,,,,,,
Q15,2,4,1,12.31,,,1,0,never_instantiated,0,,,,,0,0,supplier,,1000000,0,never_instantiated,0,,,,,0,0,,,,,,,,,,,,,,,,,,,,,,,,,,,,,,,,,,,,,,,,,,,,,,,,,,,,,,,,,,,,,,,,,,,,,,,,,,,,,,,,,,,,
Q16,2,4,1,20.43,,supplier,479,0,never_instantiated,0,,,,,0,0,,partsupp,80000000,0,never_instantiated,0,,,,,0,0,part,,8,0,never_instantiated,0,,,,,0,0,,,,,,,,,,,,,,,,,,,,,,,,,,,,,,,,,,,,,,,,,,,,,,,,,,,,,,,,,,,,,,,,,,,,,,,,
Q17,2,4,1,183.64,part,lineitem,600037902,0,never_instantiated,0,,,,,0,0,,,600982,0,never_instantiated,0,,,,,0,0,lineitem,,20031,0,never_instantiated,0,,,,,0,0,,,,,,,,,,,,,,,,,,,,,,,,,,,,,,,,,,,,,,,,,,,,,,,,,,,,,,,,,,,,,,,,,,,,,,,,
Q18,2,4,1,9999999,,,,,,,,,,,,,,,,,,,,,,,,,,,,,,,,,,,,,,,,,,,,,,,,,,,,,,,,,,,,,,,,,,,,,,,,,,,,,,,,,,,,,,,,,,,,,,,,,,,,,,,,,,,,
Q19,2,4,1,50.35,lineitem,part,20000000,0,never_instantiated,0,,,,,0,0,,,,,,,,,,,,,,,,,,,,,,,,,,,,,,,,,,,,,,,,,,,,,,,,,,,,,,,,,,,,,,,,,,,,,,,,,,,,,,,,,,,,,,,,,,,,,,,,
Q20,2,4,1,22.91,,,23898,0,never_instantiated,0,,,,,0,0,supplier,nation,1,0,never_instantiated,0,,,,,0,0,partsupp,part,217222,0,never_instantiated,0,,,,,0,0,,,35136,0,never_instantiated,0,,,,,0,0,lineitem,,35136,0,never_instantiated,0,,,,,0,0,,,,,,,,,,,,,,,,,,,,,,,,,,,,,,,,,,,,,,,,,,,,,,,,
Q21,2,4,1,109.16,,nation,1,0,never_instantiated,0,,,,,0,0,,supplier,39953,0,never_instantiated,0,,,,,0,0,lineitem,orders,73072502,0,never_instantiated,0,,,,,0,0,,,7313671,0,never_instantiated,0,,,,,0,0,lineitem,,7313658,0,never_instantiated,0,,,,,0,0,,,7048027,0,never_instantiated,0,,,,,0,0,lineitem,,7048014,0,never_instantiated,0,,,,,0,0,,,,,,,,,,,,,,,,,,,,,,,,
Q22,2,4,1,18.71,,,1909668,0,never_instantiated,0,,,,,0,0,orders,,1909668,0,never_instantiated,0,,,,,0,0,,,,,,,,,,,,,,,,,,,,,,,,,,,,,,,,,,,,,,,,,,,,,,,,,,,,,,,,,,,,,,,,,,,,,,,,,,,,,,,,,,,,
Q01,3,0,1,30.40,,,,,,,,,,,,,,,,,,,,,,,,,,,,,,,,,,,,,,,,,,,,,,,,,,,,,,,,,,,,,,,,,,,,,,,,,,,,,,,,,,,,,,,,,,,,,,,,,,,,,,,,,,,,
Q02,3,0,1,21.20,,region,1,0,never_instantiated,0,,,,,0,0,,nation,5,0,never_instantiated,0,,,,,0,0,,supplier,200535,0,never_instantiated,0,,,,,0,0,partsupp,part,79591,0,never_instantiated,0,,,,,0,0,,,63825,0,never_instantiated,0,,,,,0,0,,,47107,0,never_instantiated,0,,,,,0,0,,region,1,0,never_instantiated,0,,,,,0,0,,partsupp,80000000,1,active,200535,,,,,100145,100145,supplier,nation,5,0,never_instantiated,0,,,,,0,0
Q03,3,0,1,22.33,,customer,3000188,1,abandoned,301023,,,301023,High-Hotness,37763,37763,lineitem,orders,14600127,1,abandoned,304600,,,304600,Low-Cross-Multiplicity,34134,34134,,,,,,,,,,,,,,,,,,,,,,,,,,,,,,,,,,,,,,,,,,,,,,,,,,,,,,,,,,,,,,,,,,,,,,,,,,,,,,,,,,,,
Q04,3,0,1,32.92,,,5733776,1,abandoned,302166,,,302166,Low-Cross-Multiplicity,36339,36339,lineitem,,5733776,1,abandoned,302990,,,302990,Low-Cross-Multiplicity,1368,1368,,,,,,,,,,,,,,,,,,,,,,,,,,,,,,,,,,,,,,,,,,,,,,,,,,,,,,,,,,,,,,,,,,,,,,,,,,,,,,,,,,,,
Q05,3,0,1,58.41,,supplier,1000000,1,abandoned,301952,,,301952,High-Hotness,3962,3962,,region,1,0,never_instantiated,0,,,,,0,0,,nation,5,0,never_instantiated,0,,,,,0,0,,customer,2999759,1,abandoned,300154,,,300154,High-Hotness,24899,24899,lineitem,orders,4562850,1,abandoned,300804,,,300804,Low-Cross-Multiplicity,25085,25085,,,,,,,,,,,,,,,,,,,,,,,,,,,,,,,,,,,,,,,,,,,,,,,,
Q06,3,0,1,9.00,,,,,,,,,,,,,,,,,,,,,,,,,,,,,,,,,,,,,,,,,,,,,,,,,,,,,,,,,,,,,,,,,,,,,,,,,,,,,,,,,,,,,,,,,,,,,,,,,,,,,,,,,,,,
Q07,3,0,1,23.57,,nation,2,0,never_instantiated,0,,,,,0,0,,supplier,80171,0,never_instantiated,0,,,,,0,0,,nation,2,0,never_instantiated,0,,,,,0,0,,customer,1200139,1,abandoned,300184,,,300184,High-Hotness,81269,81269,lineitem,orders,12026518,1,abandoned,300257,,,300257,Low-Cross-Multiplicity,85768,85768,,,,,,,,,,,,,,,,,,,,,,,,,,,,,,,,,,,,,,,,,,,,,,,,
Q08,3,0,1,32.36,,nation,25,0,never_instantiated,0,,,,,0,0,,supplier,1000000,1,active,244821,,,,,87284,87284,,region,1,0,never_instantiated,0,,,,,0,0,,part,134258,0,never_instantiated,0,,,,,0,0,,nation,5,0,never_instantiated,0,,,,,0,0,,customer,3001905,1,active,250195,,,,,95918,95918,lineitem,orders,9140870,1,active,250890,,,,,98475,98475,,,,,,,,,,,,,,,,,,,,,,,,
Q09,3,0,1,194.82,,nation,25,0,never_instantiated,0,,,,,0,0,,supplier,1000000,1,abandoned,300213,,,300213,High-Hotness,94239,94239,,partsupp,80000000,1,frozen,32636547,1200857,THC-Full,,,458752,98899,,part,1087982,1,abandoned,300174,,,300174,High-Hotness,95299,95299,lineitem,orders,150000000,1,abandoned,300174,,,300174,Low-Cross-Multiplicity,89782,89782,,,,,,,,,,,,,,,,,,,,,,,,,,,,,,,,,,,,,,,,,,,,,,,,
Q10,3,0,1,41.65,,nation,25,0,never_instantiated,0,,,,,0,0,,customer,14999999,1,abandoned,301564,,,301564,High-Hotness,42702,42702,lineitem,orders,5730378,1,abandoned,303347,,,303347,Low-Cross-Multiplicity,42849,42849,,,,,,,,,,,,,,,,,,,,,,,,,,,,,,,,,,,,,,,,,,,,,,,,,,,,,,,,,,,,,,,,,,,,,,,,
Q11,3,0,1,36.18,,partsupp,80000000,1,active,40045,,,,,0,0,supplier,nation,1,0,never_instantiated,0,,,,,0,0,,partsupp,80000000,1,active,40045,,,,,0,0,supplier,nation,1,0,never_instantiated,0,,,,,0,0,,,,,,,,,,,,,,,,,,,,,,,,,,,,,,,,,,,,,,,,,,,,,,,,,,,,,,,,,,,,
Q12,3,0,1,57.46,lineitem,orders,150000000,1,abandoned,304372,,,304372,Low-Cross-Multiplicity,95257,95257,,,,,,,,,,,,,,,,,,,,,,,,,,,,,,,,,,,,,,,,,,,,,,,,,,,,,,,,,,,,,,,,,,,,,,,,,,,,,,,,,,,,,,,,,,,,,,,,
Q13,3,0,1,64.72,customer,orders,148451295,1,abandoned,301056,,,301056,Low-Cross-Multiplicity,66900,66900,,,,,,,,,,,,,,,,,,,,,,,,,,,,,,,,,,,,,,,,,,,,,,,,,,,,,,,,,,,,,,,,,,,,,,,,,,,,,,,,,,,,,,,,,,,,,,,,
Q14,3,0,1,17.90,lineitem,part,20000000,1,abandoned,305501,,,305501,High-Hotness,101579,101579,,,,,,,,,,,,,,,,,,,,,,,,,,,,,,,,,,,,,,,,,,,,,,,,,,,,,,,,,,,,,,,,,,,,,,,,,,,,,,,,,,,,,,,,,,,,,,,,
Q15,3,0,1,12.17,,,1,0,never_instantiated,0,,,,,0,0,supplier,,1000000,1,abandoned,301056,,,301056,Low-Cross-Multiplicity,100352,100352,,,,,,,,,,,,,,,,,,,,,,,,,,,,,,,,,,,,,,,,,,,,,,,,,,,,,,,,,,,,,,,,,,,,,,,,,,,,,,,,,,,,
Q16,3,0,1,19.95,,supplier,479,0,never_instantiated,0,,,,,0,0,,partsupp,80000000,1,abandoned,300454,,,300454,Low-Cross-Multiplicity,100180,100180,part,,8,0,never_instantiated,0,,,,,0,0,,,,,,,,,,,,,,,,,,,,,,,,,,,,,,,,,,,,,,,,,,,,,,,,,,,,,,,,,,,,,,,,,,,,,,,,
Q17,3,0,1,183.28,part,lineitem,600037902,1,active,20031,,,,,0,0,,,600982,1,active,20031,,,,,0,0,lineitem,,20031,0,never_instantiated,0,,,,,0,0,,,,,,,,,,,,,,,,,,,,,,,,,,,,,,,,,,,,,,,,,,,,,,,,,,,,,,,,,,,,,,,,,,,,,,,,
Q18,3,0,1,264.47,,lineitem,6398,0,never_instantiated,0,,,,,0,0,,lineitem,600037902,1,abandoned,301056,,,301056,Low-Cross-Multiplicity,100352,100352,orders,customer,14999999,1,abandoned,301056,,,301056,High-Hotness,99759,99759,,,,,,,,,,,,,,,,,,,,,,,,,,,,,,,,,,,,,,,,,,,,,,,,,,,,,,,,,,,,,,,,,,,,,,,,
Q19,3,0,1,50.34,lineitem,part,20000000,1,abandoned,300084,,,300084,Low-Cross-Multiplicity,99799,99799,,,,,,,,,,,,,,,,,,,,,,,,,,,,,,,,,,,,,,,,,,,,,,,,,,,,,,,,,,,,,,,,,,,,,,,,,,,,,,,,,,,,,,,,,,,,,,,,
Q20,3,0,1,22.81,,,23898,0,never_instantiated,0,,,,,0,0,supplier,nation,1,0,never_instantiated,0,,,,,0,0,partsupp,part,217222,0,never_instantiated,0,,,,,0,0,,,35136,0,never_instantiated,0,,,,,0,0,lineitem,,35136,0,never_instantiated,0,,,,,0,0,,,,,,,,,,,,,,,,,,,,,,,,,,,,,,,,,,,,,,,,,,,,,,,,
Q21,3,0,1,109.72,,nation,1,0,never_instantiated,0,,,,,0,0,,supplier,39953,0,never_instantiated,0,,,,,0,0,lineitem,orders,73072502,1,abandoned,301562,,,301562,Low-Cross-Multiplicity,96231,96231,,,7313671,1,abandoned,300195,,,300195,Low-Cross-Multiplicity,24170,24170,lineitem,,7313658,1,abandoned,301011,,,301011,Low-Cross-Multiplicity,1208,1208,,,7048027,1,abandoned,300381,,,300381,Low-Cross-Multiplicity,36102,36102,lineitem,,7048014,1,abandoned,303092,,,303092,Low-Cross-Multiplicity,1824,1824,,,,,,,,,,,,,,,,,,,,,,,,
Q22,3,0,1,18.49,,,1909668,1,abandoned,300546,,,300546,Low-Cross-Multiplicity,95897,95897,orders,,1909668,1,abandoned,301055,,,301055,High-Hotness,12751,12751,,,,,,,,,,,,,,,,,,,,,,,,,,,,,,,,,,,,,,,,,,,,,,,,,,,,,,,,,,,,,,,,,,,,,,,,,,,,,,,,,,,,
Q01,3,1,1,30.82,,,,,,,,,,,,,,,,,,,,,,,,,,,,,,,,,,,,,,,,,,,,,,,,,,,,,,,,,,,,,,,,,,,,,,,,,,,,,,,,,,,,,,,,,,,,,,,,,,,,,,,,,,,,
Q02,3,1,1,21.00,,region,1,0,never_instantiated,0,,,,,0,0,,part,79591,0,never_instantiated,0,,,,,0,0,,nation,5,0,never_instantiated,0,,,,,0,0,partsupp,supplier,200535,0,never_instantiated,0,,,,,0,0,,,63825,0,never_instantiated,0,,,,,0,0,,,47107,0,never_instantiated,0,,,,,0,0,,region,1,0,never_instantiated,0,,,,,0,0,,nation,5,0,never_instantiated,0,,,,,0,0,supplier,partsupp,80000000,1,active,200535,,,,,100145,100145
Q03,3,1,1,22.51,,customer,3000188,1,abandoned,301023,,,301023,High-Hotness,37763,37763,lineitem,orders,14600127,1,abandoned,304600,,,304600,Low-Cross-Multiplicity,34134,34134,,,,,,,,,,,,,,,,,,,,,,,,,,,,,,,,,,,,,,,,,,,,,,,,,,,,,,,,,,,,,,,,,,,,,,,,,,,,,,,,,,,,
Q04,3,1,1,32.93,,,5733776,1,abandoned,302166,,,302166,Low-Cross-Multiplicity,36339,36339,lineitem,,5733776,1,abandoned,302990,,,302990,Low-Cross-Multiplicity,1368,1368,,,,,,,,,,,,,,,,,,,,,,,,,,,,,,,,,,,,,,,,,,,,,,,,,,,,,,,,,,,,,,,,,,,,,,,,,,,,,,,,,,,,
Q05,3,1,1,9999999,,,,,,,,,,,,,,,,,,,,,,,,,,,,,,,,,,,,,,,,,,,,,,,,,,,,,,,,,,,,,,,,,,,,,,,,,,,,,,,,,,,,,,,,,,,,,,,,,,,,,,,,,,,,
Q06,3,1,1,9.06,,,,,,,,,,,,,,,,,,,,,,,,,,,,,,,,,,,,,,,,,,,,,,,,,,,,,,,,,,,,,,,,,,,,,,,,,,,,,,,,,,,,,,,,,,,,,,,,,,,,,,,,,,,,
Q07,3,1,1,23.20,,nation,2,0,never_instantiated,0,,,,,0,0,,customer,1200139,1,abandoned,303798,,,303798,High-Hotness,82464,82464,,orders,12026518,1,abandoned,301870,,,301870,Low-Cross-Multiplicity,86029,86029,,nation,2,0,never_instantiated,0,,,,,0,0,lineitem,supplier,80171,0,never_instantiated,0,,,,,0,0,,,,,,,,,,,,,,,,,,,,,,,,,,,,,,,,,,,,,,,,,,,,,,,,
Q08,3,1,1,38.12,,region,1,0,never_instantiated,0,,,,,0,0,,nation,5,0,never_instantiated,0,,,,,0,0,,nation,25,0,never_instantiated,0,,,,,0,0,,supplier,1000000,1,active,244821,,,,,88345,88345,,customer,3001905,1,active,245334,,,,,97423,97423,,orders,9140870,1,active,246009,,,,,98584,98584,lineitem,part,134258,0,never_instantiated,0,,,,,0,0,,,,,,,,,,,,,,,,,,,,,,,,
Q09,3,1,1,131.52,,nation,25,0,never_instantiated,0,,,,,0,0,,supplier,1000000,1,abandoned,303995,,,303995,High-Hotness,95504,95504,,orders,150000000,1,abandoned,303995,,,303995,Low-Cross-Multiplicity,91083,91083,,partsupp,80000000,1,frozen,32636547,1219645,THC-Full,,,458752,100274,lineitem,part,1087982,1,abandoned,304752,,,304752,High-Hotness,96800,96800,,,,,,,,,,,,,,,,,,,,,,,,,,,,,,,,,,,,,,,,,,,,,,,,
Q10,3,1,1,41.55,,nation,25,0,never_instantiated,0,,,,,0,0,,customer,14999999,1,abandoned,301564,,,301564,High-Hotness,42702,42702,lineitem,orders,5730378,1,abandoned,303347,,,303347,Low-Cross-Multiplicity,42849,42849,,,,,,,,,,,,,,,,,,,,,,,,,,,,,,,,,,,,,,,,,,,,,,,,,,,,,,,,,,,,,,,,,,,,,,,,
Q11,3,1,1,35.46,,nation,1,0,never_instantiated,0,,,,,0,0,supplier,partsupp,80000000,1,active,40045,,,,,0,0,,partsupp,80000000,1,active,40045,,,,,0,0,supplier,nation,1,0,never_instantiated,0,,,,,0,0,,,,,,,,,,,,,,,,,,,,,,,,,,,,,,,,,,,,,,,,,,,,,,,,,,,,,,,,,,,,
Q12,3,1,1,56.51,lineitem,orders,150000000,1,abandoned,304372,,,304372,Low-Cross-Multiplicity,95257,95257,,,,,,,,,,,,,,,,,,,,,,,,,,,,,,,,,,,,,,,,,,,,,,,,,,,,,,,,,,,,,,,,,,,,,,,,,,,,,,,,,,,,,,,,,,,,,,,,
Q13,3,1,1,63.37,customer,orders,148451295,1,abandoned,301056,,,301056,Low-Cross-Multiplicity,66900,66900,,,,,,,,,,,,,,,,,,,,,,,,,,,,,,,,,,,,,,,,,,,,,,,,,,,,,,,,,,,,,,,,,,,,,,,,,,,,,,,,,,,,,,,,,,,,,,,,
Q14,3,1,1,18.03,lineitem,part,20000000,1,abandoned,305501,,,305501,High-Hotness,101579,101579,,,,,,,,,,,,,,,,,,,,,,,,,,,,,,,,,,,,,,,,,,,,,,,,,,,,,,,,,,,,,,,,,,,,,,,,,,,,,,,,,,,,,,,,,,,,,,,,
Q15,3,1,1,12.30,,,1,0,never_instantiated,0,,,,,0,0,supplier,,1000000,1,abandoned,301056,,,301056,Low-Cross-Multiplicity,100352,100352,,,,,,,,,,,,,,,,,,,,,,,,,,,,,,,,,,,,,,,,,,,,,,,,,,,,,,,,,,,,,,,,,,,,,,,,,,,,,,,,,,,,
Q16,3,1,1,20.45,,supplier,479,0,never_instantiated,0,,,,,0,0,,partsupp,80000000,1,abandoned,300454,,,300454,Low-Cross-Multiplicity,100180,100180,part,,8,0,never_instantiated,0,,,,,0,0,,,,,,,,,,,,,,,,,,,,,,,,,,,,,,,,,,,,,,,,,,,,,,,,,,,,,,,,,,,,,,,,,,,,,,,,
Q17,3,1,1,180.77,part,lineitem,600037902,1,active,20031,,,,,0,0,,,600982,1,active,20031,,,,,0,0,lineitem,,20031,0,never_instantiated,0,,,,,0,0,,,,,,,,,,,,,,,,,,,,,,,,,,,,,,,,,,,,,,,,,,,,,,,,,,,,,,,,,,,,,,,,,,,,,,,,
Q18,3,1,1,9999999,,,,,,,,,,,,,,,,,,,,,,,,,,,,,,,,,,,,,,,,,,,,,,,,,,,,,,,,,,,,,,,,,,,,,,,,,,,,,,,,,,,,,,,,,,,,,,,,,,,,,,,,,,,,
Q19,3,1,1,50.58,lineitem,part,20000000,1,abandoned,300084,,,300084,Low-Cross-Multiplicity,99799,99799,,,,,,,,,,,,,,,,,,,,,,,,,,,,,,,,,,,,,,,,,,,,,,,,,,,,,,,,,,,,,,,,,,,,,,,,,,,,,,,,,,,,,,,,,,,,,,,,
Q20,3,1,1,23.00,,,23898,0,never_instantiated,0,,,,,0,0,supplier,nation,1,0,never_instantiated,0,,,,,0,0,partsupp,part,217222,0,never_instantiated,0,,,,,0,0,,,35136,0,never_instantiated,0,,,,,0,0,lineitem,,35136,0,never_instantiated,0,,,,,0,0,,,,,,,,,,,,,,,,,,,,,,,,,,,,,,,,,,,,,,,,,,,,,,,,
Q21,3,1,1,119.99,,orders,73072502,1,abandoned,301286,,,301286,Low-Cross-Multiplicity,95597,95597,,nation,1,0,never_instantiated,0,,,,,0,0,lineitem,supplier,39953,0,never_instantiated,0,,,,,0,0,,,7313671,1,abandoned,300195,,,300195,Low-Cross-Multiplicity,24170,24170,lineitem,,7313658,1,abandoned,301011,,,301011,Low-Cross-Multiplicity,1208,1208,,,7048027,1,abandoned,300381,,,300381,Low-Cross-Multiplicity,36102,36102,lineitem,,7048014,1,abandoned,303092,,,303092,Low-Cross-Multiplicity,1824,1824,,,,,,,,,,,,,,,,,,,,,,,,
Q22,3,1,1,18.31,,,1909668,1,abandoned,300546,,,300546,Low-Cross-Multiplicity,95897,95897,orders,,1909668,1,abandoned,301055,,,301055,High-Hotness,12751,12751,,,,,,,,,,,,,,,,,,,,,,,,,,,,,,,,,,,,,,,,,,,,,,,,,,,,,,,,,,,,,,,,,,,,,,,,,,,,,,,,,,,,
Q01,3,2,1,30.44,,,,,,,,,,,,,,,,,,,,,,,,,,,,,,,,,,,,,,,,,,,,,,,,,,,,,,,,,,,,,,,,,,,,,,,,,,,,,,,,,,,,,,,,,,,,,,,,,,,,,,,,,,,,
Q02,3,2,1,21.09,,region,1,0,never_instantiated,0,,,,,0,0,,nation,5,0,never_instantiated,0,,,,,0,0,,supplier,200535,0,never_instantiated,0,,,,,0,0,partsupp,part,79591,0,never_instantiated,0,,,,,0,0,,,63825,0,never_instantiated,0,,,,,0,0,,,47107,0,never_instantiated,0,,,,,0,0,,region,1,0,never_instantiated,0,,,,,0,0,,nation,5,0,never_instantiated,0,,,,,0,0,supplier,partsupp,80000000,1,active,200535,,,,,100145,100145
Q03,3,2,1,22.23,,customer,3000188,1,abandoned,301023,,,301023,High-Hotness,37763,37763,lineitem,orders,14600127,1,abandoned,304600,,,304600,Low-Cross-Multiplicity,34134,34134,,,,,,,,,,,,,,,,,,,,,,,,,,,,,,,,,,,,,,,,,,,,,,,,,,,,,,,,,,,,,,,,,,,,,,,,,,,,,,,,,,,,
Q04,3,2,1,33.84,,,5733776,1,abandoned,302166,,,302166,Low-Cross-Multiplicity,36339,36339,lineitem,,5733776,1,abandoned,302990,,,302990,Low-Cross-Multiplicity,1368,1368,,,,,,,,,,,,,,,,,,,,,,,,,,,,,,,,,,,,,,,,,,,,,,,,,,,,,,,,,,,,,,,,,,,,,,,,,,,,,,,,,,,,
Q05,3,2,1,53.25,,region,1,0,never_instantiated,0,,,,,0,0,,supplier,1000000,1,abandoned,301952,,,301952,High-Hotness,3962,3962,,nation,5,0,never_instantiated,0,,,,,0,0,,customer,2999759,1,abandoned,300154,,,300154,High-Hotness,24899,24899,lineitem,orders,4562850,1,abandoned,300804,,,300804,Low-Cross-Multiplicity,25085,25085,,,,,,,,,,,,,,,,,,,,,,,,,,,,,,,,,,,,,,,,,,,,,,,,
Q06,3,2,1,8.90,,,,,,,,,,,,,,,,,,,,,,,,,,,,,,,,,,,,,,,,,,,,,,,,,,,,,,,,,,,,,,,,,,,,,,,,,,,,,,,,,,,,,,,,,,,,,,,,,,,,,,,,,,,,
Q07,3,2,1,22.87,,nation,2,0,never_instantiated,0,,,,,0,0,,supplier,80171,0,never_instantiated,0,,,,,0,0,,nation,2,0,never_instantiated,0,,,,,0,0,,customer,1200139,1,abandoned,300184,,,300184,High-Hotness,81269,81269,lineitem,orders,12026518,1,abandoned,300257,,,300257,Low-Cross-Multiplicity,85768,85768,,,,,,,,,,,,,,,,,,,,,,,,,,,,,,,,,,,,,,,,,,,,,,,,
Q08,3,2,1,24.49,,region,1,0,never_instantiated,0,,,,,0,0,,nation,5,0,never_instantiated,0,,,,,0,0,,customer,3001905,1,active,245334,,,,,96831,96831,,part,134258,0,never_instantiated,0,,,,,0,0,,orders,9140870,1,active,250890,,,,,99748,99748,,nation,25,0,never_instantiated,0,,,,,0,0,lineitem,supplier,1000000,1,active,250890,,,,,88448,88448,,,,,,,,,,,,,,,,,,,,,,,,
Q09,3,2,1,94.63,,nation,25,0,never_instantiated,0,,,,,0,0,,supplier,1000000,1,abandoned,303995,,,303995,High-Hotness,95504,95504,,part,1087982,1,abandoned,304752,,,304752,High-Hotness,96800,96800,,orders,150000000,1,abandoned,304752,,,304752,Low-Cross-Multiplicity,91277,91277,lineitem,partsupp,4363044,1,abandoned,304752,,,304752,High-Hotness,100504,100504,,,,,,,,,,,,,,,,,,,,,,,,,,,,,,,,,,,,,,,,,,,,,,,,
Q10,3,2,1,41.82,,nation,25,0,never_instantiated,0,,,,,0,0,,customer,14999999,1,abandoned,301564,,,301564,High-Hotness,42702,42702,lineitem,orders,5730378,1,abandoned,303347,,,303347,Low-Cross-Multiplicity,42849,42849,,,,,,,,,,,,,,,,,,,,,,,,,,,,,,,,,,,,,,,,,,,,,,,,,,,,,,,,,,,,,,,,,,,,,,,,
Q11,3,2,1,35.45,,partsupp,80000000,1,active,40045,,,,,0,0,supplier,nation,1,0,never_instantiated,0,,,,,0,0,,partsupp,80000000,1,active,40045,,,,,0,0,supplier,nation,1,0,never_instantiated,0,,,,,0,0,,,,,,,,,,,,,,,,,,,,,,,,,,,,,,,,,,,,,,,,,,,,,,,,,,,,,,,,,,,,
Q12,3,2,1,57.23,lineitem,orders,150000000,1,abandoned,304372,,,304372,Low-Cross-Multiplicity,95257,95257,,,,,,,,,,,,,,,,,,,,,,,,,,,,,,,,,,,,,,,,,,,,,,,,,,,,,,,,,,,,,,,,,,,,,,,,,,,,,,,,,,,,,,,,,,,,,,,,
Q13,3,2,1,64.46,customer,orders,148451295,1,abandoned,301056,,,301056,Low-Cross-Multiplicity,66900,66900,,,,,,,,,,,,,,,,,,,,,,,,,,,,,,,,,,,,,,,,,,,,,,,,,,,,,,,,,,,,,,,,,,,,,,,,,,,,,,,,,,,,,,,,,,,,,,,,
Q14,3,2,1,17.90,lineitem,part,20000000,1,abandoned,305501,,,305501,High-Hotness,101579,101579,,,,,,,,,,,,,,,,,,,,,,,,,,,,,,,,,,,,,,,,,,,,,,,,,,,,,,,,,,,,,,,,,,,,,,,,,,,,,,,,,,,,,,,,,,,,,,,,
Q15,3,2,1,12.40,,,1,0,never_instantiated,0,,,,,0,0,supplier,,1000000,1,abandoned,301056,,,301056,Low-Cross-Multiplicity,100352,100352,,,,,,,,,,,,,,,,,,,,,,,,,,,,,,,,,,,,,,,,,,,,,,,,,,,,,,,,,,,,,,,,,,,,,,,,,,,,,,,,,,,,
Q16,3,2,1,20.20,,supplier,479,0,never_instantiated,0,,,,,0,0,,partsupp,80000000,1,abandoned,300454,,,300454,Low-Cross-Multiplicity,100180,100180,part,,8,0,never_instantiated,0,,,,,0,0,,,,,,,,,,,,,,,,,,,,,,,,,,,,,,,,,,,,,,,,,,,,,,,,,,,,,,,,,,,,,,,,,,,,,,,,
Q17,3,2,1,185.88,part,lineitem,600037902,1,active,20031,,,,,0,0,,,600982,1,active,20031,,,,,0,0,lineitem,,20031,0,never_instantiated,0,,,,,0,0,,,,,,,,,,,,,,,,,,,,,,,,,,,,,,,,,,,,,,,,,,,,,,,,,,,,,,,,,,,,,,,,,,,,,,,,
Q18,3,2,1,261.69,,lineitem,6398,0,never_instantiated,0,,,,,0,0,,lineitem,600037902,1,abandoned,301056,,,301056,Low-Cross-Multiplicity,100352,100352,orders,customer,14999999,1,abandoned,301056,,,301056,High-Hotness,99759,99759,,,,,,,,,,,,,,,,,,,,,,,,,,,,,,,,,,,,,,,,,,,,,,,,,,,,,,,,,,,,,,,,,,,,,,,,
Q19,3,2,1,50.19,lineitem,part,20000000,1,abandoned,300084,,,300084,Low-Cross-Multiplicity,99799,99799,,,,,,,,,,,,,,,,,,,,,,,,,,,,,,,,,,,,,,,,,,,,,,,,,,,,,,,,,,,,,,,,,,,,,,,,,,,,,,,,,,,,,,,,,,,,,,,,
Q20,3,2,1,22.77,,,23898,0,never_instantiated,0,,,,,0,0,supplier,nation,1,0,never_instantiated,0,,,,,0,0,partsupp,part,217222,0,never_instantiated,0,,,,,0,0,,,35136,0,never_instantiated,0,,,,,0,0,lineitem,,35136,0,never_instantiated,0,,,,,0,0,,,,,,,,,,,,,,,,,,,,,,,,,,,,,,,,,,,,,,,,,,,,,,,,
Q21,3,2,1,108.71,,nation,1,0,never_instantiated,0,,,,,0,0,,supplier,39953,0,never_instantiated,0,,,,,0,0,lineitem,orders,73072502,1,abandoned,301562,,,301562,Low-Cross-Multiplicity,96231,96231,,,7313671,1,abandoned,300195,,,300195,Low-Cross-Multiplicity,24170,24170,lineitem,,7313658,1,abandoned,301011,,,301011,Low-Cross-Multiplicity,1208,1208,,,7048027,1,abandoned,300381,,,300381,Low-Cross-Multiplicity,36102,36102,lineitem,,7048014,1,abandoned,303092,,,303092,Low-Cross-Multiplicity,1824,1824,,,,,,,,,,,,,,,,,,,,,,,,
Q22,3,2,1,18.31,,,1909668,1,abandoned,300546,,,300546,Low-Cross-Multiplicity,95897,95897,orders,,1909668,1,abandoned,301055,,,301055,High-Hotness,12751,12751,,,,,,,,,,,,,,,,,,,,,,,,,,,,,,,,,,,,,,,,,,,,,,,,,,,,,,,,,,,,,,,,,,,,,,,,,,,,,,,,,,,,
Q01,3,3,1,30.48,,,,,,,,,,,,,,,,,,,,,,,,,,,,,,,,,,,,,,,,,,,,,,,,,,,,,,,,,,,,,,,,,,,,,,,,,,,,,,,,,,,,,,,,,,,,,,,,,,,,,,,,,,,,
Q02,3,3,1,20.67,,region,1,0,never_instantiated,0,,,,,0,0,,nation,5,0,never_instantiated,0,,,,,0,0,,part,79591,0,never_instantiated,0,,,,,0,0,partsupp,supplier,200535,0,never_instantiated,0,,,,,0,0,,,63825,0,never_instantiated,0,,,,,0,0,,,47107,0,never_instantiated,0,,,,,0,0,,region,1,0,never_instantiated,0,,,,,0,0,,partsupp,80000000,1,active,200535,,,,,100145,100145,supplier,nation,5,0,never_instantiated,0,,,,,0,0
Q03,3,3,1,22.58,,customer,3000188,1,abandoned,301023,,,301023,High-Hotness,37763,37763,lineitem,orders,14600127,1,abandoned,304600,,,304600,Low-Cross-Multiplicity,34134,34134,,,,,,,,,,,,,,,,,,,,,,,,,,,,,,,,,,,,,,,,,,,,,,,,,,,,,,,,,,,,,,,,,,,,,,,,,,,,,,,,,,,,
Q04,3,3,1,32.97,,,5733776,1,abandoned,302166,,,302166,Low-Cross-Multiplicity,36339,36339,lineitem,,5733776,1,abandoned,302990,,,302990,Low-Cross-Multiplicity,1368,1368,,,,,,,,,,,,,,,,,,,,,,,,,,,,,,,,,,,,,,,,,,,,,,,,,,,,,,,,,,,,,,,,,,,,,,,,,,,,,,,,,,,,
Q05,3,3,1,9999999,,,,,,,,,,,,,,,,,,,,,,,,,,,,,,,,,,,,,,,,,,,,,,,,,,,,,,,,,,,,,,,,,,,,,,,,,,,,,,,,,,,,,,,,,,,,,,,,,,,,,,,,,,,,
Q06,3,3,1,8.91,,,,,,,,,,,,,,,,,,,,,,,,,,,,,,,,,,,,,,,,,,,,,,,,,,,,,,,,,,,,,,,,,,,,,,,,,,,,,,,,,,,,,,,,,,,,,,,,,,,,,,,,,,,,
Q07,3,3,1,22.91,,nation,2,0,never_instantiated,0,,,,,0,0,,customer,1200139,1,abandoned,303798,,,303798,High-Hotness,82464,82464,,nation,2,0,never_instantiated,0,,,,,0,0,,orders,12026518,1,abandoned,301870,,,301870,Low-Cross-Multiplicity,86029,86029,lineitem,supplier,80171,0,never_instantiated,0,,,,,0,0,,,,,,,,,,,,,,,,,,,,,,,,,,,,,,,,,,,,,,,,,,,,,,,,
Q08,3,3,1,25.25,,region,1,0,never_instantiated,0,,,,,0,0,,nation,25,0,never_instantiated,0,,,,,0,0,,part,134258,0,never_instantiated,0,,,,,0,0,,nation,5,0,never_instantiated,0,,,,,0,0,,supplier,1000000,1,active,249672,,,,,87444,87444,,customer,3001905,1,active,250195,,,,,95918,95918,lineitem,orders,9140870,1,active,250890,,,,,98475,98475,,,,,,,,,,,,,,,,,,,,,,,,
Q09,3,3,1,96.67,,orders,150000000,1,abandoned,303995,,,303995,Low-Cross-Multiplicity,91083,91083,,nation,25,0,never_instantiated,0,,,,,0,0,,part,1087982,1,abandoned,304752,,,304752,High-Hotness,96800,96800,,partsupp,4363044,1,abandoned,304752,,,304752,High-Hotness,100504,100504,lineitem,supplier,1000000,1,abandoned,304752,,,304752,High-Hotness,95714,95714,,,,,,,,,,,,,,,,,,,,,,,,,,,,,,,,,,,,,,,,,,,,,,,,
Q10,3,3,1,41.47,,nation,25,0,never_instantiated,0,,,,,0,0,,customer,14999999,1,abandoned,301564,,,301564,High-Hotness,42702,42702,lineitem,orders,5730378,1,abandoned,303347,,,303347,Low-Cross-Multiplicity,42849,42849,,,,,,,,,,,,,,,,,,,,,,,,,,,,,,,,,,,,,,,,,,,,,,,,,,,,,,,,,,,,,,,,,,,,,,,,
Q11,3,3,1,35.70,,nation,1,0,never_instantiated,0,,,,,0,0,supplier,partsupp,80000000,1,active,40045,,,,,0,0,,partsupp,80000000,1,active,40045,,,,,0,0,supplier,nation,1,0,never_instantiated,0,,,,,0,0,,,,,,,,,,,,,,,,,,,,,,,,,,,,,,,,,,,,,,,,,,,,,,,,,,,,,,,,,,,,
Q12,3,3,1,57.65,lineitem,orders,150000000,1,abandoned,304372,,,304372,Low-Cross-Multiplicity,95257,95257,,,,,,,,,,,,,,,,,,,,,,,,,,,,,,,,,,,,,,,,,,,,,,,,,,,,,,,,,,,,,,,,,,,,,,,,,,,,,,,,,,,,,,,,,,,,,,,,
Q13,3,3,1,63.89,customer,orders,148451295,1,abandoned,301056,,,301056,Low-Cross-Multiplicity,66900,66900,,,,,,,,,,,,,,,,,,,,,,,,,,,,,,,,,,,,,,,,,,,,,,,,,,,,,,,,,,,,,,,,,,,,,,,,,,,,,,,,,,,,,,,,,,,,,,,,
Q14,3,3,1,17.99,lineitem,part,20000000,1,abandoned,305501,,,305501,High-Hotness,101579,101579,,,,,,,,,,,,,,,,,,,,,,,,,,,,,,,,,,,,,,,,,,,,,,,,,,,,,,,,,,,,,,,,,,,,,,,,,,,,,,,,,,,,,,,,,,,,,,,,
Q15,3,3,1,12.31,,,1,0,never_instantiated,0,,,,,0,0,supplier,,1000000,1,abandoned,301056,,,301056,Low-Cross-Multiplicity,100352,100352,,,,,,,,,,,,,,,,,,,,,,,,,,,,,,,,,,,,,,,,,,,,,,,,,,,,,,,,,,,,,,,,,,,,,,,,,,,,,,,,,,,,
Q16,3,3,1,20.78,,supplier,479,0,never_instantiated,0,,,,,0,0,,partsupp,80000000,1,abandoned,300454,,,300454,Low-Cross-Multiplicity,100180,100180,part,,8,0,never_instantiated,0,,,,,0,0,,,,,,,,,,,,,,,,,,,,,,,,,,,,,,,,,,,,,,,,,,,,,,,,,,,,,,,,,,,,,,,,,,,,,,,,
Q17,3,3,1,184.72,part,lineitem,600037902,1,active,20031,,,,,0,0,,,600982,1,active,20031,,,,,0,0,lineitem,,20031,0,never_instantiated,0,,,,,0,0,,,,,,,,,,,,,,,,,,,,,,,,,,,,,,,,,,,,,,,,,,,,,,,,,,,,,,,,,,,,,,,,,,,,,,,,
Q18,3,3,1,262.70,,lineitem,6398,0,never_instantiated,0,,,,,0,0,,lineitem,600037902,1,abandoned,301056,,,301056,Low-Cross-Multiplicity,100352,100352,orders,customer,14999999,1,abandoned,301056,,,301056,High-Hotness,99759,99759,,,,,,,,,,,,,,,,,,,,,,,,,,,,,,,,,,,,,,,,,,,,,,,,,,,,,,,,,,,,,,,,,,,,,,,,
Q19,3,3,1,50.57,lineitem,part,20000000,1,abandoned,300084,,,300084,Low-Cross-Multiplicity,99799,99799,,,,,,,,,,,,,,,,,,,,,,,,,,,,,,,,,,,,,,,,,,,,,,,,,,,,,,,,,,,,,,,,,,,,,,,,,,,,,,,,,,,,,,,,,,,,,,,,
Q20,3,3,1,22.80,,,23898,0,never_instantiated,0,,,,,0,0,supplier,nation,1,0,never_instantiated,0,,,,,0,0,partsupp,part,217222,0,never_instantiated,0,,,,,0,0,,,35136,0,never_instantiated,0,,,,,0,0,lineitem,,35136,0,never_instantiated,0,,,,,0,0,,,,,,,,,,,,,,,,,,,,,,,,,,,,,,,,,,,,,,,,,,,,,,,,
Q21,3,3,1,119.62,,nation,1,0,never_instantiated,0,,,,,0,0,,orders,73072502,1,abandoned,301286,,,301286,Low-Cross-Multiplicity,95597,95597,lineitem,supplier,39953,0,never_instantiated,0,,,,,0,0,,,7313671,1,abandoned,300195,,,300195,Low-Cross-Multiplicity,24170,24170,lineitem,,7313658,1,abandoned,301011,,,301011,Low-Cross-Multiplicity,1208,1208,,,7048027,1,abandoned,300381,,,300381,Low-Cross-Multiplicity,36102,36102,lineitem,,7048014,1,abandoned,303092,,,303092,Low-Cross-Multiplicity,1824,1824,,,,,,,,,,,,,,,,,,,,,,,,
Q22,3,3,1,18.15,,,1909668,1,abandoned,300546,,,300546,Low-Cross-Multiplicity,95897,95897,orders,,1909668,1,abandoned,301055,,,301055,High-Hotness,12751,12751,,,,,,,,,,,,,,,,,,,,,,,,,,,,,,,,,,,,,,,,,,,,,,,,,,,,,,,,,,,,,,,,,,,,,,,,,,,,,,,,,,,,
Q01,3,4,1,30.46,,,,,,,,,,,,,,,,,,,,,,,,,,,,,,,,,,,,,,,,,,,,,,,,,,,,,,,,,,,,,,,,,,,,,,,,,,,,,,,,,,,,,,,,,,,,,,,,,,,,,,,,,,,,
Q02,3,4,1,21.12,,region,1,0,never_instantiated,0,,,,,0,0,,nation,5,0,never_instantiated,0,,,,,0,0,,supplier,200535,0,never_instantiated,0,,,,,0,0,partsupp,part,79591,0,never_instantiated,0,,,,,0,0,,,63825,0,never_instantiated,0,,,,,0,0,,,47107,0,never_instantiated,0,,,,,0,0,,region,1,0,never_instantiated,0,,,,,0,0,,partsupp,80000000,1,active,200535,,,,,100145,100145,supplier,nation,5,0,never_instantiated,0,,,,,0,0
Q03,3,4,1,22.18,,customer,3000188,1,abandoned,301023,,,301023,High-Hotness,37763,37763,lineitem,orders,14600127,1,abandoned,304600,,,304600,Low-Cross-Multiplicity,34134,34134,,,,,,,,,,,,,,,,,,,,,,,,,,,,,,,,,,,,,,,,,,,,,,,,,,,,,,,,,,,,,,,,,,,,,,,,,,,,,,,,,,,,
Q04,3,4,1,32.60,,,5733776,1,abandoned,302166,,,302166,Low-Cross-Multiplicity,36339,36339,lineitem,,5733776,1,abandoned,302990,,,302990,Low-Cross-Multiplicity,1368,1368,,,,,,,,,,,,,,,,,,,,,,,,,,,,,,,,,,,,,,,,,,,,,,,,,,,,,,,,,,,,,,,,,,,,,,,,,,,,,,,,,,,,
Q05,3,4,1,46.15,,region,1,0,never_instantiated,0,,,,,0,0,,nation,5,0,never_instantiated,0,,,,,0,0,,supplier,1000000,1,abandoned,301952,,,301952,High-Hotness,3962,3962,,customer,2999759,1,abandoned,300154,,,300154,High-Hotness,24899,24899,lineitem,orders,4562850,1,abandoned,300804,,,300804,Low-Cross-Multiplicity,25085,25085,,,,,,,,,,,,,,,,,,,,,,,,,,,,,,,,,,,,,,,,,,,,,,,,
Q06,3,4,1,8.96,,,,,,,,,,,,,,,,,,,,,,,,,,,,,,,,,,,,,,,,,,,,,,,,,,,,,,,,,,,,,,,,,,,,,,,,,,,,,,,,,,,,,,,,,,,,,,,,,,,,,,,,,,,,
Q07,3,4,1,23.40,,nation,2,0,never_instantiated,0,,,,,0,0,,nation,2,0,never_instantiated,0,,,,,0,0,,supplier,80171,0,never_instantiated,0,,,,,0,0,,customer,1200139,1,abandoned,300184,,,300184,High-Hotness,81269,81269,lineitem,orders,12026518,1,abandoned,300257,,,300257,Low-Cross-Multiplicity,85768,85768,,,,,,,,,,,,,,,,,,,,,,,,,,,,,,,,,,,,,,,,,,,,,,,,
Q08,3,4,1,38.27,,region,1,0,never_instantiated,0,,,,,0,0,,nation,25,0,never_instantiated,0,,,,,0,0,,nation,5,0,never_instantiated,0,,,,,0,0,,customer,3001905,1,active,245334,,,,,97423,97423,,supplier,1000000,1,active,245334,,,,,88505,88505,,orders,9140870,1,active,246009,,,,,98584,98584,lineitem,part,134258,0,never_instantiated,0,,,,,0,0,,,,,,,,,,,,,,,,,,,,,,,,
Q09,3,4,1,177.53,,partsupp,80000000,1,frozen,32636547,1200857,THC-Full,,,458752,98899,,nation,25,0,never_instantiated,0,,,,,0,0,,part,1087982,1,abandoned,300174,,,300174,High-Hotness,95299,95299,,supplier,1000000,1,abandoned,300174,,,300174,High-Hotness,94217,94217,lineitem,orders,150000000,1,abandoned,300174,,,300174,Low-Cross-Multiplicity,89782,89782,,,,,,,,,,,,,,,,,,,,,,,,,,,,,,,,,,,,,,,,,,,,,,,,
Q10,3,4,1,42.14,,nation,25,0,never_instantiated,0,,,,,0,0,,customer,14999999,1,abandoned,301564,,,301564,High-Hotness,42702,42702,lineitem,orders,5730378,1,abandoned,303347,,,303347,Low-Cross-Multiplicity,42849,42849,,,,,,,,,,,,,,,,,,,,,,,,,,,,,,,,,,,,,,,,,,,,,,,,,,,,,,,,,,,,,,,,,,,,,,,,
Q11,3,4,1,35.58,,partsupp,80000000,1,active,40045,,,,,0,0,supplier,nation,1,0,never_instantiated,0,,,,,0,0,,nation,1,0,never_instantiated,0,,,,,0,0,supplier,partsupp,80000000,1,active,40045,,,,,0,0,,,,,,,,,,,,,,,,,,,,,,,,,,,,,,,,,,,,,,,,,,,,,,,,,,,,,,,,,,,,
Q12,3,4,1,57.49,lineitem,orders,150000000,1,abandoned,304372,,,304372,Low-Cross-Multiplicity,95257,95257,,,,,,,,,,,,,,,,,,,,,,,,,,,,,,,,,,,,,,,,,,,,,,,,,,,,,,,,,,,,,,,,,,,,,,,,,,,,,,,,,,,,,,,,,,,,,,,,
Q13,3,4,1,65.04,customer,orders,148451295,1,abandoned,301056,,,301056,Low-Cross-Multiplicity,66900,66900,,,,,,,,,,,,,,,,,,,,,,,,,,,,,,,,,,,,,,,,,,,,,,,,,,,,,,,,,,,,,,,,,,,,,,,,,,,,,,,,,,,,,,,,,,,,,,,,
Q14,3,4,1,17.89,lineitem,part,20000000,1,abandoned,305501,,,305501,High-Hotness,101579,101579,,,,,,,,,,,,,,,,,,,,,,,,,,,,,,,,,,,,,,,,,,,,,,,,,,,,,,,,,,,,,,,,,,,,,,,,,,,,,,,,,,,,,,,,,,,,,,,,
Q15,3,4,1,12.38,,,1,0,never_instantiated,0,,,,,0,0,supplier,,1000000,1,abandoned,301056,,,301056,Low-Cross-Multiplicity,100352,100352,,,,,,,,,,,,,,,,,,,,,,,,,,,,,,,,,,,,,,,,,,,,,,,,,,,,,,,,,,,,,,,,,,,,,,,,,,,,,,,,,,,,
Q16,3,4,1,20.46,,supplier,479,0,never_instantiated,0,,,,,0,0,,partsupp,80000000,1,abandoned,300454,,,300454,Low-Cross-Multiplicity,100180,100180,part,,8,0,never_instantiated,0,,,,,0,0,,,,,,,,,,,,,,,,,,,,,,,,,,,,,,,,,,,,,,,,,,,,,,,,,,,,,,,,,,,,,,,,,,,,,,,,
Q17,3,4,1,184.17,part,lineitem,600037902,1,active,20031,,,,,0,0,,,600982,1,active,20031,,,,,0,0,lineitem,,20031,0,never_instantiated,0,,,,,0,0,,,,,,,,,,,,,,,,,,,,,,,,,,,,,,,,,,,,,,,,,,,,,,,,,,,,,,,,,,,,,,,,,,,,,,,,
Q18,3,4,1,9999999,,,,,,,,,,,,,,,,,,,,,,,,,,,,,,,,,,,,,,,,,,,,,,,,,,,,,,,,,,,,,,,,,,,,,,,,,,,,,,,,,,,,,,,,,,,,,,,,,,,,,,,,,,,,
Q19,3,4,1,50.27,lineitem,part,20000000,1,abandoned,300084,,,300084,Low-Cross-Multiplicity,99799,99799,,,,,,,,,,,,,,,,,,,,,,,,,,,,,,,,,,,,,,,,,,,,,,,,,,,,,,,,,,,,,,,,,,,,,,,,,,,,,,,,,,,,,,,,,,,,,,,,
Q20,3,4,1,23.00,,,23898,0,never_instantiated,0,,,,,0,0,supplier,nation,1,0,never_instantiated,0,,,,,0,0,partsupp,part,217222,0,never_instantiated,0,,,,,0,0,,,35136,0,never_instantiated,0,,,,,0,0,lineitem,,35136,0,never_instantiated,0,,,,,0,0,,,,,,,,,,,,,,,,,,,,,,,,,,,,,,,,,,,,,,,,,,,,,,,,
Q21,3,4,1,109.60,,nation,1,0,never_instantiated,0,,,,,0,0,,supplier,39953,0,never_instantiated,0,,,,,0,0,lineitem,orders,73072502,1,abandoned,301562,,,301562,Low-Cross-Multiplicity,96231,96231,,,7313671,1,abandoned,300195,,,300195,Low-Cross-Multiplicity,24170,24170,lineitem,,7313658,1,abandoned,301011,,,301011,Low-Cross-Multiplicity,1208,1208,,,7048027,1,abandoned,300381,,,300381,Low-Cross-Multiplicity,36102,36102,lineitem,,7048014,1,abandoned,303092,,,303092,Low-Cross-Multiplicity,1824,1824,,,,,,,,,,,,,,,,,,,,,,,,
Q22,3,4,1,18.51,,,1909668,1,abandoned,300546,,,300546,Low-Cross-Multiplicity,95897,95897,orders,,1909668,1,abandoned,301055,,,301055,High-Hotness,12751,12751,,,,,,,,,,,,,,,,,,,,,,,,,,,,,,,,,,,,,,,,,,,,,,,,,,,,,,,,,,,,,,,,,,,,,,,,,,,,,,,,,,,,
Q01,4,0,1,30.34,,,,,,,,,,,,,,,,,,,,,,,,,,,,,,,,,,,,,,,,,,,,,,,,,,,,,,,,,,,,,,,,,,,,,,,,,,,,,,,,,,,,,,,,,,,,,,,,,,,,,,,,,,,,
Q02,4,0,1,16.73,,region,1,0,never_instantiated,0,,,,,0,0,,nation,5,0,never_instantiated,0,,,,,0,0,,supplier,57959,0,never_instantiated,0,,,,,0,0,partsupp,part,47201,0,never_instantiated,0,,,,,0,0,,,63825,0,never_instantiated,0,,,,,0,0,,,47107,0,never_instantiated,0,,,,,0,0,,region,1,0,never_instantiated,0,,,,,0,0,,partsupp,16084320,0,never_instantiated,0,,,,,0,0,supplier,nation,5,0,never_instantiated,0,,,,,0,0
Q03,4,0,1,20.80,,customer,860982,0,never_instantiated,0,,,,,0,0,lineitem,orders,1133865,0,never_instantiated,0,,,,,0,0,,,,,,,,,,,,,,,,,,,,,,,,,,,,,,,,,,,,,,,,,,,,,,,,,,,,,,,,,,,,,,,,,,,,,,,,,,,,,,,,,,,,
Q04,4,0,1,32.92,,,5733776,0,never_instantiated,0,,,,,0,0,lineitem,,5733776,0,never_instantiated,0,,,,,0,0,,,,,,,,,,,,,,,,,,,,,,,,,,,,,,,,,,,,,,,,,,,,,,,,,,,,,,,,,,,,,,,,,,,,,,,,,,,,,,,,,,,,
Q05,4,0,1,28.92,,supplier,199889,0,never_instantiated,0,,,,,0,0,,region,1,0,never_instantiated,0,,,,,0,0,,nation,5,0,never_instantiated,0,,,,,0,0,,customer,1747053,0,never_instantiated,0,,,,,0,0,lineitem,orders,4562850,0,never_instantiated,0,,,,,0,0,,,,,,,,,,,,,,,,,,,,,,,,,,,,,,,,,,,,,,,,,,,,,,,,
Q06,4,0,1,9.02,,,,,,,,,,,,,,,,,,,,,,,,,,,,,,,,,,,,,,,,,,,,,,,,,,,,,,,,,,,,,,,,,,,,,,,,,,,,,,,,,,,,,,,,,,,,,,,,,,,,,,,,,,,,
Q07,4,0,1,20.59,,nation,2,0,never_instantiated,0,,,,,0,0,,supplier,80171,0,never_instantiated,0,,,,,0,0,,nation,2,0,never_instantiated,0,,,,,0,0,,customer,556645,0,never_instantiated,0,,,,,0,0,lineitem,orders,1014869,0,never_instantiated,0,,,,,0,0,,,,,,,,,,,,,,,,,,,,,,,,,,,,,,,,,,,,,,,,,,,,,,,,
Q08,4,0,1,30.74,,nation,25,0,never_instantiated,0,,,,,0,0,,supplier,183035,0,never_instantiated,0,,,,,0,0,,region,1,0,never_instantiated,0,,,,,0,0,,part,112955,0,never_instantiated,0,,,,,0,0,,nation,5,0,never_instantiated,0,,,,,0,0,,customer,248030,0,never_instantiated,0,,,,,0,0,lineitem,orders,261849,0,never_instantiated,0,,,,,0,0,,,,,,,,,,,,,,,,,,,,,,,,
Q09,4,0,1,110.30,,nation,25,0,never_instantiated,0,,,,,0,0,,supplier,999224,0,never_instantiated,0,,,,,0,0,,partsupp,4363044,0,never_instantiated,0,,,,,0,0,,part,1087982,0,never_instantiated,0,,,,,0,0,lineitem,orders,29533962,0,never_instantiated,0,,,,,0,0,,,,,,,,,,,,,,,,,,,,,,,,,,,,,,,,,,,,,,,,,,,,,,,,
Q10,4,0,1,39.21,,nation,25,0,never_instantiated,0,,,,,0,0,,customer,3885186,0,never_instantiated,0,,,,,0,0,lineitem,orders,4918971,0,never_instantiated,0,,,,,0,0,,,,,,,,,,,,,,,,,,,,,,,,,,,,,,,,,,,,,,,,,,,,,,,,,,,,,,,,,,,,,,,,,,,,,,,,
Q11,4,0,1,24.74,,partsupp,3226400,0,never_instantiated,0,,,,,0,0,supplier,nation,1,0,never_instantiated,0,,,,,0,0,,partsupp,3226400,0,never_instantiated,0,,,,,0,0,supplier,nation,1,0,never_instantiated,0,,,,,0,0,,,,,,,,,,,,,,,,,,,,,,,,,,,,,,,,,,,,,,,,,,,,,,,,,,,,,,,,,,,,
Q12,4,0,1,41.41,lineitem,orders,2994175,0,never_instantiated,0,,,,,0,0,,,,,,,,,,,,,,,,,,,,,,,,,,,,,,,,,,,,,,,,,,,,,,,,,,,,,,,,,,,,,,,,,,,,,,,,,,,,,,,,,,,,,,,,,,,,,,,,
Q13,4,0,1,64.07,customer,orders,148451295,0,never_instantiated,0,,,,,0,0,,,,,,,,,,,,,,,,,,,,,,,,,,,,,,,,,,,,,,,,,,,,,,,,,,,,,,,,,,,,,,,,,,,,,,,,,,,,,,,,,,,,,,,,,,,,,,,,
Q14,4,0,1,16.77,lineitem,part,6260702,0,never_instantiated,0,,,,,0,0,,,,,,,,,,,,,,,,,,,,,,,,,,,,,,,,,,,,,,,,,,,,,,,,,,,,,,,,,,,,,,,,,,,,,,,,,,,,,,,,,,,,,,,,,,,,,,,,
Q15,4,0,1,12.21,,,1,0,never_instantiated,0,,,,,0,0,supplier,,1000000,0,never_instantiated,0,,,,,0,0,,,,,,,,,,,,,,,,,,,,,,,,,,,,,,,,,,,,,,,,,,,,,,,,,,,,,,,,,,,,,,,,,,,,,,,,,,,,,,,,,,,,
Q16,4,0,1,15.18,,supplier,479,0,never_instantiated,0,,,,,0,0,,partsupp,11921384,0,never_instantiated,0,,,,,0,0,part,,8,0,never_instantiated,0,,,,,0,0,,,,,,,,,,,,,,,,,,,,,,,,,,,,,,,,,,,,,,,,,,,,,,,,,,,,,,,,,,,,,,,,,,,,,,,,
Q17,4,0,1,106.78,part,lineitem,763569,0,never_instantiated,0,,,,,0,0,,,600982,0,never_instantiated,0,,,,,0,0,lineitem,,20031,0,never_instantiated,0,,,,,0,0,,,,,,,,,,,,,,,,,,,,,,,,,,,,,,,,,,,,,,,,,,,,,,,,,,,,,,,,,,,,,,,,,,,,,,,,
Q18,4,0,1,9999999,,,,,,,,,,,,,,,,,,,,,,,,,,,,,,,,,,,,,,,,,,,,,,,,,,,,,,,,,,,,,,,,,,,,,,,,,,,,,,,,,,,,,,,,,,,,,,,,,,,,,,,,,,,,
Q19,4,0,1,35.90,lineitem,part,13930201,0,never_instantiated,0,,,,,0,0,,,,,,,,,,,,,,,,,,,,,,,,,,,,,,,,,,,,,,,,,,,,,,,,,,,,,,,,,,,,,,,,,,,,,,,,,,,,,,,,,,,,,,,,,,,,,,,,
Q20,4,0,1,23.78,,,23898,0,never_instantiated,0,,,,,0,0,supplier,nation,1,0,never_instantiated,0,,,,,0,0,partsupp,part,33123,0,never_instantiated,0,,,,,0,0,,,35136,0,never_instantiated,0,,,,,0,0,lineitem,,35136,0,never_instantiated,0,,,,,0,0,,,,,,,,,,,,,,,,,,,,,,,,,,,,,,,,,,,,,,,,,,,,,,,,
Q21,4,0,1,101.73,,nation,1,0,never_instantiated,0,,,,,0,0,,supplier,39953,0,never_instantiated,0,,,,,0,0,lineitem,orders,7068902,0,never_instantiated,0,,,,,0,0,,,7313671,0,never_instantiated,0,,,,,0,0,lineitem,,7313658,0,never_instantiated,0,,,,,0,0,,,7048027,0,never_instantiated,0,,,,,0,0,lineitem,,7048014,0,never_instantiated,0,,,,,0,0,,,,,,,,,,,,,,,,,,,,,,,,
Q22,4,0,1,18.18,,,1909668,0,never_instantiated,0,,,,,0,0,orders,,1909668,0,never_instantiated,0,,,,,0,0,,,,,,,,,,,,,,,,,,,,,,,,,,,,,,,,,,,,,,,,,,,,,,,,,,,,,,,,,,,,,,,,,,,,,,,,,,,,,,,,,,,,
Q01,4,1,1,30.84,,,,,,,,,,,,,,,,,,,,,,,,,,,,,,,,,,,,,,,,,,,,,,,,,,,,,,,,,,,,,,,,,,,,,,,,,,,,,,,,,,,,,,,,,,,,,,,,,,,,,,,,,,,,
Q02,4,1,1,16.66,,region,1,0,never_instantiated,0,,,,,0,0,,part,47201,0,never_instantiated,0,,,,,0,0,,nation,5,0,never_instantiated,0,,,,,0,0,partsupp,supplier,57959,0,never_instantiated,0,,,,,0,0,,,63825,0,never_instantiated,0,,,,,0,0,,,47107,0,never_instantiated,0,,,,,0,0,,region,1,0,never_instantiated,0,,,,,0,0,,nation,5,0,never_instantiated,0,,,,,0,0,supplier,partsupp,16084320,0,never_instantiated,0,,,,,0,0
Q03,4,1,1,21.17,,customer,860982,0,never_instantiated,0,,,,,0,0,lineitem,orders,1133865,0,never_instantiated,0,,,,,0,0,,,,,,,,,,,,,,,,,,,,,,,,,,,,,,,,,,,,,,,,,,,,,,,,,,,,,,,,,,,,,,,,,,,,,,,,,,,,,,,,,,,,
Q04,4,1,1,32.75,,,5733776,0,never_instantiated,0,,,,,0,0,lineitem,,5733776,0,never_instantiated,0,,,,,0,0,,,,,,,,,,,,,,,,,,,,,,,,,,,,,,,,,,,,,,,,,,,,,,,,,,,,,,,,,,,,,,,,,,,,,,,,,,,,,,,,,,,,
Q05,4,1,1,9999999,,,,,,,,,,,,,,,,,,,,,,,,,,,,,,,,,,,,,,,,,,,,,,,,,,,,,,,,,,,,,,,,,,,,,,,,,,,,,,,,,,,,,,,,,,,,,,,,,,,,,,,,,,,,
Q06,4,1,1,9.00,,,,,,,,,,,,,,,,,,,,,,,,,,,,,,,,,,,,,,,,,,,,,,,,,,,,,,,,,,,,,,,,,,,,,,,,,,,,,,,,,,,,,,,,,,,,,,,,,,,,,,,,,,,,
Q07,4,1,1,22.14,,nation,2,0,never_instantiated,0,,,,,0,0,,customer,556645,0,never_instantiated,0,,,,,0,0,,orders,1014869,0,never_instantiated,0,,,,,0,0,,nation,2,0,never_instantiated,0,,,,,0,0,lineitem,supplier,80171,0,never_instantiated,0,,,,,0,0,,,,,,,,,,,,,,,,,,,,,,,,,,,,,,,,,,,,,,,,,,,,,,,,
Q08,4,1,1,36.58,,region,1,0,never_instantiated,0,,,,,0,0,,nation,5,0,never_instantiated,0,,,,,0,0,,nation,25,0,never_instantiated,0,,,,,0,0,,supplier,183035,0,never_instantiated,0,,,,,0,0,,customer,248030,0,never_instantiated,0,,,,,0,0,,orders,261849,0,never_instantiated,0,,,,,0,0,lineitem,part,112955,0,never_instantiated,0,,,,,0,0,,,,,,,,,,,,,,,,,,,,,,,,
Q09,4,1,1,121.98,,nation,25,0,never_instantiated,0,,,,,0,0,,supplier,999224,0,never_instantiated,0,,,,,0,0,,orders,29533962,0,never_instantiated,0,,,,,0,0,,partsupp,4363044,0,never_instantiated,0,,,,,0,0,lineitem,part,1087982,0,never_instantiated,0,,,,,0,0,,,,,,,,,,,,,,,,,,,,,,,,,,,,,,,,,,,,,,,,,,,,,,,,
Q10,4,1,1,38.93,,nation,25,0,never_instantiated,0,,,,,0,0,,customer,3885186,0,never_instantiated,0,,,,,0,0,lineitem,orders,4918971,0,never_instantiated,0,,,,,0,0,,,,,,,,,,,,,,,,,,,,,,,,,,,,,,,,,,,,,,,,,,,,,,,,,,,,,,,,,,,,,,,,,,,,,,,,
Q11,4,1,1,25.08,,nation,1,0,never_instantiated,0,,,,,0,0,supplier,partsupp,3226400,0,never_instantiated,0,,,,,0,0,,partsupp,3226400,0,never_instantiated,0,,,,,0,0,supplier,nation,1,0,never_instantiated,0,,,,,0,0,,,,,,,,,,,,,,,,,,,,,,,,,,,,,,,,,,,,,,,,,,,,,,,,,,,,,,,,,,,,
Q12,4,1,1,41.15,lineitem,orders,2994175,0,never_instantiated,0,,,,,0,0,,,,,,,,,,,,,,,,,,,,,,,,,,,,,,,,,,,,,,,,,,,,,,,,,,,,,,,,,,,,,,,,,,,,,,,,,,,,,,,,,,,,,,,,,,,,,,,,
Q13,4,1,1,64.26,customer,orders,148451295,0,never_instantiated,0,,,,,0,0,,,,,,,,,,,,,,,,,,,,,,,,,,,,,,,,,,,,,,,,,,,,,,,,,,,,,,,,,,,,,,,,,,,,,,,,,,,,,,,,,,,,,,,,,,,,,,,,
Q14,4,1,1,16.71,lineitem,part,6260702,0,never_instantiated,0,,,,,0,0,,,,,,,,,,,,,,,,,,,,,,,,,,,,,,,,,,,,,,,,,,,,,,,,,,,,,,,,,,,,,,,,,,,,,,,,,,,,,,,,,,,,,,,,,,,,,,,,
Q15,4,1,1,12.27,,,1,0,never_instantiated,0,,,,,0,0,supplier,,1000000,0,never_instantiated,0,,,,,0,0,,,,,,,,,,,,,,,,,,,,,,,,,,,,,,,,,,,,,,,,,,,,,,,,,,,,,,,,,,,,,,,,,,,,,,,,,,,,,,,,,,,,
Q16,4,1,1,15.55,,supplier,479,0,never_instantiated,0,,,,,0,0,,partsupp,11921384,0,never_instantiated,0,,,,,0,0,part,,8,0,never_instantiated,0,,,,,0,0,,,,,,,,,,,,,,,,,,,,,,,,,,,,,,,,,,,,,,,,,,,,,,,,,,,,,,,,,,,,,,,,,,,,,,,,
Q17,4,1,1,104.88,part,lineitem,763569,0,never_instantiated,0,,,,,0,0,,,600982,0,never_instantiated,0,,,,,0,0,lineitem,,20031,0,never_instantiated,0,,,,,0,0,,,,,,,,,,,,,,,,,,,,,,,,,,,,,,,,,,,,,,,,,,,,,,,,,,,,,,,,,,,,,,,,,,,,,,,,
Q18,4,1,1,9999999,,,,,,,,,,,,,,,,,,,,,,,,,,,,,,,,,,,,,,,,,,,,,,,,,,,,,,,,,,,,,,,,,,,,,,,,,,,,,,,,,,,,,,,,,,,,,,,,,,,,,,,,,,,,
Q19,4,1,1,35.61,lineitem,part,13930201,0,never_instantiated,0,,,,,0,0,,,,,,,,,,,,,,,,,,,,,,,,,,,,,,,,,,,,,,,,,,,,,,,,,,,,,,,,,,,,,,,,,,,,,,,,,,,,,,,,,,,,,,,,,,,,,,,,
Q20,4,1,1,22.93,,,23898,0,never_instantiated,0,,,,,0,0,supplier,nation,1,0,never_instantiated,0,,,,,0,0,partsupp,part,33123,0,never_instantiated,0,,,,,0,0,,,35136,0,never_instantiated,0,,,,,0,0,lineitem,,35136,0,never_instantiated,0,,,,,0,0,,,,,,,,,,,,,,,,,,,,,,,,,,,,,,,,,,,,,,,,,,,,,,,,
Q21,4,1,1,112.39,,orders,7068902,0,never_instantiated,0,,,,,0,0,,nation,1,0,never_instantiated,0,,,,,0,0,lineitem,supplier,39953,0,never_instantiated,0,,,,,0,0,,,7313671,0,never_instantiated,0,,,,,0,0,lineitem,,7313658,0,never_instantiated,0,,,,,0,0,,,7048027,0,never_instantiated,0,,,,,0,0,lineitem,,7048014,0,never_instantiated,0,,,,,0,0,,,,,,,,,,,,,,,,,,,,,,,,
Q22,4,1,1,18.75,,,1909668,0,never_instantiated,0,,,,,0,0,orders,,1909668,0,never_instantiated,0,,,,,0,0,,,,,,,,,,,,,,,,,,,,,,,,,,,,,,,,,,,,,,,,,,,,,,,,,,,,,,,,,,,,,,,,,,,,,,,,,,,,,,,,,,,,
Q01,4,2,1,30.42,,,,,,,,,,,,,,,,,,,,,,,,,,,,,,,,,,,,,,,,,,,,,,,,,,,,,,,,,,,,,,,,,,,,,,,,,,,,,,,,,,,,,,,,,,,,,,,,,,,,,,,,,,,,
Q02,4,2,1,17.37,,region,1,0,never_instantiated,0,,,,,0,0,,nation,5,0,never_instantiated,0,,,,,0,0,,supplier,57959,0,never_instantiated,0,,,,,0,0,partsupp,part,47201,0,never_instantiated,0,,,,,0,0,,,63825,0,never_instantiated,0,,,,,0,0,,,47107,0,never_instantiated,0,,,,,0,0,,region,1,0,never_instantiated,0,,,,,0,0,,nation,5,0,never_instantiated,0,,,,,0,0,supplier,partsupp,16084320,0,never_instantiated,0,,,,,0,0
Q03,4,2,1,21.05,,customer,860982,0,never_instantiated,0,,,,,0,0,lineitem,orders,1133865,0,never_instantiated,0,,,,,0,0,,,,,,,,,,,,,,,,,,,,,,,,,,,,,,,,,,,,,,,,,,,,,,,,,,,,,,,,,,,,,,,,,,,,,,,,,,,,,,,,,,,,
Q04,4,2,1,32.80,,,5733776,0,never_instantiated,0,,,,,0,0,lineitem,,5733776,0,never_instantiated,0,,,,,0,0,,,,,,,,,,,,,,,,,,,,,,,,,,,,,,,,,,,,,,,,,,,,,,,,,,,,,,,,,,,,,,,,,,,,,,,,,,,,,,,,,,,,
Q05,4,2,1,28.49,,region,1,0,never_instantiated,0,,,,,0,0,,supplier,199889,0,never_instantiated,0,,,,,0,0,,nation,5,0,never_instantiated,0,,,,,0,0,,customer,1747053,0,never_instantiated,0,,,,,0,0,lineitem,orders,4562850,0,never_instantiated,0,,,,,0,0,,,,,,,,,,,,,,,,,,,,,,,,,,,,,,,,,,,,,,,,,,,,,,,,
Q06,4,2,1,8.91,,,,,,,,,,,,,,,,,,,,,,,,,,,,,,,,,,,,,,,,,,,,,,,,,,,,,,,,,,,,,,,,,,,,,,,,,,,,,,,,,,,,,,,,,,,,,,,,,,,,,,,,,,,,
Q07,4,2,1,20.52,,nation,2,0,never_instantiated,0,,,,,0,0,,supplier,80171,0,never_instantiated,0,,,,,0,0,,nation,2,0,never_instantiated,0,,,,,0,0,,customer,556645,0,never_instantiated,0,,,,,0,0,lineitem,orders,1014869,0,never_instantiated,0,,,,,0,0,,,,,,,,,,,,,,,,,,,,,,,,,,,,,,,,,,,,,,,,,,,,,,,,
Q08,4,2,1,23.41,,region,1,0,never_instantiated,0,,,,,0,0,,nation,5,0,never_instantiated,0,,,,,0,0,,customer,248030,0,never_instantiated,0,,,,,0,0,,part,112955,0,never_instantiated,0,,,,,0,0,,orders,261849,0,never_instantiated,0,,,,,0,0,,nation,25,0,never_instantiated,0,,,,,0,0,lineitem,supplier,183035,0,never_instantiated,0,,,,,0,0,,,,,,,,,,,,,,,,,,,,,,,,
Q09,4,2,1,97.90,,nation,25,0,never_instantiated,0,,,,,0,0,,supplier,999224,0,never_instantiated,0,,,,,0,0,,part,1087982,0,never_instantiated,0,,,,,0,0,,orders,29533962,0,never_instantiated,0,,,,,0,0,lineitem,partsupp,4363044,0,never_instantiated,0,,,,,0,0,,,,,,,,,,,,,,,,,,,,,,,,,,,,,,,,,,,,,,,,,,,,,,,,
Q10,4,2,1,39.05,,nation,25,0,never_instantiated,0,,,,,0,0,,customer,3885186,0,never_instantiated,0,,,,,0,0,lineitem,orders,4918971,0,never_instantiated,0,,,,,0,0,,,,,,,,,,,,,,,,,,,,,,,,,,,,,,,,,,,,,,,,,,,,,,,,,,,,,,,,,,,,,,,,,,,,,,,,
Q11,4,2,1,24.56,,partsupp,3226400,0,never_instantiated,0,,,,,0,0,supplier,nation,1,0,never_instantiated,0,,,,,0,0,,partsupp,3226400,0,never_instantiated,0,,,,,0,0,supplier,nation,1,0,never_instantiated,0,,,,,0,0,,,,,,,,,,,,,,,,,,,,,,,,,,,,,,,,,,,,,,,,,,,,,,,,,,,,,,,,,,,,
Q12,4,2,1,40.91,lineitem,orders,2994175,0,never_instantiated,0,,,,,0,0,,,,,,,,,,,,,,,,,,,,,,,,,,,,,,,,,,,,,,,,,,,,,,,,,,,,,,,,,,,,,,,,,,,,,,,,,,,,,,,,,,,,,,,,,,,,,,,,
Q13,4,2,1,64.57,customer,orders,148451295,0,never_instantiated,0,,,,,0,0,,,,,,,,,,,,,,,,,,,,,,,,,,,,,,,,,,,,,,,,,,,,,,,,,,,,,,,,,,,,,,,,,,,,,,,,,,,,,,,,,,,,,,,,,,,,,,,,
Q14,4,2,1,16.51,lineitem,part,6260702,0,never_instantiated,0,,,,,0,0,,,,,,,,,,,,,,,,,,,,,,,,,,,,,,,,,,,,,,,,,,,,,,,,,,,,,,,,,,,,,,,,,,,,,,,,,,,,,,,,,,,,,,,,,,,,,,,,
Q15,4,2,1,12.17,,,1,0,never_instantiated,0,,,,,0,0,supplier,,1000000,0,never_instantiated,0,,,,,0,0,,,,,,,,,,,,,,,,,,,,,,,,,,,,,,,,,,,,,,,,,,,,,,,,,,,,,,,,,,,,,,,,,,,,,,,,,,,,,,,,,,,,
Q16,4,2,1,15.38,,supplier,479,0,never_instantiated,0,,,,,0,0,,partsupp,11921384,0,never_instantiated,0,,,,,0,0,part,,8,0,never_instantiated,0,,,,,0,0,,,,,,,,,,,,,,,,,,,,,,,,,,,,,,,,,,,,,,,,,,,,,,,,,,,,,,,,,,,,,,,,,,,,,,,,
Q17,4,2,1,106.85,part,lineitem,763569,0,never_instantiated,0,,,,,0,0,,,600982,0,never_instantiated,0,,,,,0,0,lineitem,,20031,0,never_instantiated,0,,,,,0,0,,,,,,,,,,,,,,,,,,,,,,,,,,,,,,,,,,,,,,,,,,,,,,,,,,,,,,,,,,,,,,,,,,,,,,,,
Q18,4,2,1,9999999,,,,,,,,,,,,,,,,,,,,,,,,,,,,,,,,,,,,,,,,,,,,,,,,,,,,,,,,,,,,,,,,,,,,,,,,,,,,,,,,,,,,,,,,,,,,,,,,,,,,,,,,,,,,
Q19,4,2,1,35.68,lineitem,part,13930201,0,never_instantiated,0,,,,,0,0,,,,,,,,,,,,,,,,,,,,,,,,,,,,,,,,,,,,,,,,,,,,,,,,,,,,,,,,,,,,,,,,,,,,,,,,,,,,,,,,,,,,,,,,,,,,,,,,
Q20,4,2,1,22.94,,,23898,0,never_instantiated,0,,,,,0,0,supplier,nation,1,0,never_instantiated,0,,,,,0,0,partsupp,part,33123,0,never_instantiated,0,,,,,0,0,,,35136,0,never_instantiated,0,,,,,0,0,lineitem,,35136,0,never_instantiated,0,,,,,0,0,,,,,,,,,,,,,,,,,,,,,,,,,,,,,,,,,,,,,,,,,,,,,,,,
Q21,4,2,1,102.18,,nation,1,0,never_instantiated,0,,,,,0,0,,supplier,39953,0,never_instantiated,0,,,,,0,0,lineitem,orders,7068902,0,never_instantiated,0,,,,,0,0,,,7313671,0,never_instantiated,0,,,,,0,0,lineitem,,7313658,0,never_instantiated,0,,,,,0,0,,,7048027,0,never_instantiated,0,,,,,0,0,lineitem,,7048014,0,never_instantiated,0,,,,,0,0,,,,,,,,,,,,,,,,,,,,,,,,
Q22,4,2,1,18.24,,,1909668,0,never_instantiated,0,,,,,0,0,orders,,1909668,0,never_instantiated,0,,,,,0,0,,,,,,,,,,,,,,,,,,,,,,,,,,,,,,,,,,,,,,,,,,,,,,,,,,,,,,,,,,,,,,,,,,,,,,,,,,,,,,,,,,,,
Q01,4,3,1,30.73,,,,,,,,,,,,,,,,,,,,,,,,,,,,,,,,,,,,,,,,,,,,,,,,,,,,,,,,,,,,,,,,,,,,,,,,,,,,,,,,,,,,,,,,,,,,,,,,,,,,,,,,,,,,
Q02,4,3,1,16.30,,region,1,0,never_instantiated,0,,,,,0,0,,nation,5,0,never_instantiated,0,,,,,0,0,,part,47201,0,never_instantiated,0,,,,,0,0,partsupp,supplier,57959,0,never_instantiated,0,,,,,0,0,,,63825,0,never_instantiated,0,,,,,0,0,,,47107,0,never_instantiated,0,,,,,0,0,,region,1,0,never_instantiated,0,,,,,0,0,,partsupp,16084320,0,never_instantiated,0,,,,,0,0,supplier,nation,5,0,never_instantiated,0,,,,,0,0
Q03,4,3,1,21.19,,customer,860982,0,never_instantiated,0,,,,,0,0,lineitem,orders,1133865,0,never_instantiated,0,,,,,0,0,,,,,,,,,,,,,,,,,,,,,,,,,,,,,,,,,,,,,,,,,,,,,,,,,,,,,,,,,,,,,,,,,,,,,,,,,,,,,,,,,,,,
Q04,4,3,1,32.51,,,5733776,0,never_instantiated,0,,,,,0,0,lineitem,,5733776,0,never_instantiated,0,,,,,0,0,,,,,,,,,,,,,,,,,,,,,,,,,,,,,,,,,,,,,,,,,,,,,,,,,,,,,,,,,,,,,,,,,,,,,,,,,,,,,,,,,,,,
Q05,4,3,1,9999999,,,,,,,,,,,,,,,,,,,,,,,,,,,,,,,,,,,,,,,,,,,,,,,,,,,,,,,,,,,,,,,,,,,,,,,,,,,,,,,,,,,,,,,,,,,,,,,,,,,,,,,,,,,,
Q06,4,3,1,8.92,,,,,,,,,,,,,,,,,,,,,,,,,,,,,,,,,,,,,,,,,,,,,,,,,,,,,,,,,,,,,,,,,,,,,,,,,,,,,,,,,,,,,,,,,,,,,,,,,,,,,,,,,,,,
Q07,4,3,1,22.29,,nation,2,0,never_instantiated,0,,,,,0,0,,customer,556645,0,never_instantiated,0,,,,,0,0,,nation,2,0,never_instantiated,0,,,,,0,0,,orders,1014869,0,never_instantiated,0,,,,,0,0,lineitem,supplier,80171,0,never_instantiated,0,,,,,0,0,,,,,,,,,,,,,,,,,,,,,,,,,,,,,,,,,,,,,,,,,,,,,,,,
Q08,4,3,1,23.35,,region,1,0,never_instantiated,0,,,,,0,0,,nation,25,0,never_instantiated,0,,,,,0,0,,part,112955,0,never_instantiated,0,,,,,0,0,,nation,5,0,never_instantiated,0,,,,,0,0,,supplier,183035,0,never_instantiated,0,,,,,0,0,,customer,248030,0,never_instantiated,0,,,,,0,0,lineitem,orders,261849,0,never_instantiated,0,,,,,0,0,,,,,,,,,,,,,,,,,,,,,,,,
Q09,4,3,1,98.18,,orders,29533962,0,never_instantiated,0,,,,,0,0,,nation,25,0,never_instantiated,0,,,,,0,0,,part,1087982,0,never_instantiated,0,,,,,0,0,,partsupp,4363044,0,never_instantiated,0,,,,,0,0,lineitem,supplier,999224,0,never_instantiated,0,,,,,0,0,,,,,,,,,,,,,,,,,,,,,,,,,,,,,,,,,,,,,,,,,,,,,,,,
Q10,4,3,1,39.25,,nation,25,0,never_instantiated,0,,,,,0,0,,customer,3885186,0,never_instantiated,0,,,,,0,0,lineitem,orders,4918971,0,never_instantiated,0,,,,,0,0,,,,,,,,,,,,,,,,,,,,,,,,,,,,,,,,,,,,,,,,,,,,,,,,,,,,,,,,,,,,,,,,,,,,,,,,
Q11,4,3,1,24.64,,nation,1,0,never_instantiated,0,,,,,0,0,supplier,partsupp,3226400,0,never_instantiated,0,,,,,0,0,,partsupp,3226400,0,never_instantiated,0,,,,,0,0,supplier,nation,1,0,never_instantiated,0,,,,,0,0,,,,,,,,,,,,,,,,,,,,,,,,,,,,,,,,,,,,,,,,,,,,,,,,,,,,,,,,,,,,
Q12,4,3,1,41.42,lineitem,orders,2994175,0,never_instantiated,0,,,,,0,0,,,,,,,,,,,,,,,,,,,,,,,,,,,,,,,,,,,,,,,,,,,,,,,,,,,,,,,,,,,,,,,,,,,,,,,,,,,,,,,,,,,,,,,,,,,,,,,,
Q13,4,3,1,64.42,customer,orders,148451295,0,never_instantiated,0,,,,,0,0,,,,,,,,,,,,,,,,,,,,,,,,,,,,,,,,,,,,,,,,,,,,,,,,,,,,,,,,,,,,,,,,,,,,,,,,,,,,,,,,,,,,,,,,,,,,,,,,
Q14,4,3,1,16.61,lineitem,part,6260702,0,never_instantiated,0,,,,,0,0,,,,,,,,,,,,,,,,,,,,,,,,,,,,,,,,,,,,,,,,,,,,,,,,,,,,,,,,,,,,,,,,,,,,,,,,,,,,,,,,,,,,,,,,,,,,,,,,
Q15,4,3,1,12.32,,,1,0,never_instantiated,0,,,,,0,0,supplier,,1000000,0,never_instantiated,0,,,,,0,0,,,,,,,,,,,,,,,,,,,,,,,,,,,,,,,,,,,,,,,,,,,,,,,,,,,,,,,,,,,,,,,,,,,,,,,,,,,,,,,,,,,,
Q16,4,3,1,15.75,,supplier,479,0,never_instantiated,0,,,,,0,0,,partsupp,11921384,0,never_instantiated,0,,,,,0,0,part,,8,0,never_instantiated,0,,,,,0,0,,,,,,,,,,,,,,,,,,,,,,,,,,,,,,,,,,,,,,,,,,,,,,,,,,,,,,,,,,,,,,,,,,,,,,,,
Q17,4,3,1,105.77,part,lineitem,763569,0,never_instantiated,0,,,,,0,0,,,600982,0,never_instantiated,0,,,,,0,0,lineitem,,20031,0,never_instantiated,0,,,,,0,0,,,,,,,,,,,,,,,,,,,,,,,,,,,,,,,,,,,,,,,,,,,,,,,,,,,,,,,,,,,,,,,,,,,,,,,,
Q18,4,3,1,9999999,,,,,,,,,,,,,,,,,,,,,,,,,,,,,,,,,,,,,,,,,,,,,,,,,,,,,,,,,,,,,,,,,,,,,,,,,,,,,,,,,,,,,,,,,,,,,,,,,,,,,,,,,,,,
Q19,4,3,1,36.29,lineitem,part,13930201,0,never_instantiated,0,,,,,0,0,,,,,,,,,,,,,,,,,,,,,,,,,,,,,,,,,,,,,,,,,,,,,,,,,,,,,,,,,,,,,,,,,,,,,,,,,,,,,,,,,,,,,,,,,,,,,,,,
Q20,4,3,1,22.80,,,23898,0,never_instantiated,0,,,,,0,0,supplier,nation,1,0,never_instantiated,0,,,,,0,0,partsupp,part,33123,0,never_instantiated,0,,,,,0,0,,,35136,0,never_instantiated,0,,,,,0,0,lineitem,,35136,0,never_instantiated,0,,,,,0,0,,,,,,,,,,,,,,,,,,,,,,,,,,,,,,,,,,,,,,,,,,,,,,,,
Q21,4,3,1,112.51,,nation,1,0,never_instantiated,0,,,,,0,0,,orders,7068902,0,never_instantiated,0,,,,,0,0,lineitem,supplier,39953,0,never_instantiated,0,,,,,0,0,,,7313671,0,never_instantiated,0,,,,,0,0,lineitem,,7313658,0,never_instantiated,0,,,,,0,0,,,7048027,0,never_instantiated,0,,,,,0,0,lineitem,,7048014,0,never_instantiated,0,,,,,0,0,,,,,,,,,,,,,,,,,,,,,,,,
Q22,4,3,1,18.27,,,1909668,0,never_instantiated,0,,,,,0,0,orders,,1909668,0,never_instantiated,0,,,,,0,0,,,,,,,,,,,,,,,,,,,,,,,,,,,,,,,,,,,,,,,,,,,,,,,,,,,,,,,,,,,,,,,,,,,,,,,,,,,,,,,,,,,,
Q01,4,4,1,30.37,,,,,,,,,,,,,,,,,,,,,,,,,,,,,,,,,,,,,,,,,,,,,,,,,,,,,,,,,,,,,,,,,,,,,,,,,,,,,,,,,,,,,,,,,,,,,,,,,,,,,,,,,,,,
Q02,4,4,1,16.84,,region,1,0,never_instantiated,0,,,,,0,0,,nation,5,0,never_instantiated,0,,,,,0,0,,supplier,57959,0,never_instantiated,0,,,,,0,0,partsupp,part,47201,0,never_instantiated,0,,,,,0,0,,,63825,0,never_instantiated,0,,,,,0,0,,,47107,0,never_instantiated,0,,,,,0,0,,region,1,0,never_instantiated,0,,,,,0,0,,partsupp,16084320,0,never_instantiated,0,,,,,0,0,supplier,nation,5,0,never_instantiated,0,,,,,0,0
Q03,4,4,1,21.09,,customer,860982,0,never_instantiated,0,,,,,0,0,lineitem,orders,1133865,0,never_instantiated,0,,,,,0,0,,,,,,,,,,,,,,,,,,,,,,,,,,,,,,,,,,,,,,,,,,,,,,,,,,,,,,,,,,,,,,,,,,,,,,,,,,,,,,,,,,,,
Q04,4,4,1,32.82,,,5733776,0,never_instantiated,0,,,,,0,0,lineitem,,5733776,0,never_instantiated,0,,,,,0,0,,,,,,,,,,,,,,,,,,,,,,,,,,,,,,,,,,,,,,,,,,,,,,,,,,,,,,,,,,,,,,,,,,,,,,,,,,,,,,,,,,,,
Q05,4,4,1,28.36,,region,1,0,never_instantiated,0,,,,,0,0,,nation,5,0,never_instantiated,0,,,,,0,0,,supplier,199889,0,never_instantiated,0,,,,,0,0,,customer,1747053,0,never_instantiated,0,,,,,0,0,lineitem,orders,4562850,0,never_instantiated,0,,,,,0,0,,,,,,,,,,,,,,,,,,,,,,,,,,,,,,,,,,,,,,,,,,,,,,,,
Q06,4,4,1,8.97,,,,,,,,,,,,,,,,,,,,,,,,,,,,,,,,,,,,,,,,,,,,,,,,,,,,,,,,,,,,,,,,,,,,,,,,,,,,,,,,,,,,,,,,,,,,,,,,,,,,,,,,,,,,
Q07,4,4,1,20.56,,nation,2,0,never_instantiated,0,,,,,0,0,,nation,2,0,never_instantiated,0,,,,,0,0,,supplier,80171,0,never_instantiated,0,,,,,0,0,,customer,556645,0,never_instantiated,0,,,,,0,0,lineitem,orders,1014869,0,never_instantiated,0,,,,,0,0,,,,,,,,,,,,,,,,,,,,,,,,,,,,,,,,,,,,,,,,,,,,,,,,
Q08,4,4,1,37.25,,region,1,0,never_instantiated,0,,,,,0,0,,nation,25,0,never_instantiated,0,,,,,0,0,,nation,5,0,never_instantiated,0,,,,,0,0,,customer,248030,0,never_instantiated,0,,,,,0,0,,supplier,183035,0,never_instantiated,0,,,,,0,0,,orders,261849,0,never_instantiated,0,,,,,0,0,lineitem,part,112955,0,never_instantiated,0,,,,,0,0,,,,,,,,,,,,,,,,,,,,,,,,
Q09,4,4,1,99.06,,partsupp,79999280,0,never_instantiated,0,,,,,0,0,,nation,25,0,never_instantiated,0,,,,,0,0,,part,1087982,0,never_instantiated,0,,,,,0,0,,supplier,999224,0,never_instantiated,0,,,,,0,0,lineitem,orders,29533962,0,never_instantiated,0,,,,,0,0,,,,,,,,,,,,,,,,,,,,,,,,,,,,,,,,,,,,,,,,,,,,,,,,
Q10,4,4,1,38.75,,nation,25,0,never_instantiated,0,,,,,0,0,,customer,3885186,0,never_instantiated,0,,,,,0,0,lineitem,orders,4918971,0,never_instantiated,0,,,,,0,0,,,,,,,,,,,,,,,,,,,,,,,,,,,,,,,,,,,,,,,,,,,,,,,,,,,,,,,,,,,,,,,,,,,,,,,,
Q11,4,4,1,25.21,,partsupp,3226400,0,never_instantiated,0,,,,,0,0,supplier,nation,1,0,never_instantiated,0,,,,,0,0,,nation,1,0,never_instantiated,0,,,,,0,0,supplier,partsupp,3226400,0,never_instantiated,0,,,,,0,0,,,,,,,,,,,,,,,,,,,,,,,,,,,,,,,,,,,,,,,,,,,,,,,,,,,,,,,,,,,,
Q12,4,4,1,40.88,lineitem,orders,2994175,0,never_instantiated,0,,,,,0,0,,,,,,,,,,,,,,,,,,,,,,,,,,,,,,,,,,,,,,,,,,,,,,,,,,,,,,,,,,,,,,,,,,,,,,,,,,,,,,,,,,,,,,,,,,,,,,,,
Q13,4,4,1,64.58,customer,orders,148451295,0,never_instantiated,0,,,,,0,0,,,,,,,,,,,,,,,,,,,,,,,,,,,,,,,,,,,,,,,,,,,,,,,,,,,,,,,,,,,,,,,,,,,,,,,,,,,,,,,,,,,,,,,,,,,,,,,,
Q14,4,4,1,16.66,lineitem,part,6260702,0,never_instantiated,0,,,,,0,0,,,,,,,,,,,,,,,,,,,,,,,,,,,,,,,,,,,,,,,,,,,,,,,,,,,,,,,,,,,,,,,,,,,,,,,,,,,,,,,,,,,,,,,,,,,,,,,,
Q15,4,4,1,12.27,,,1,0,never_instantiated,0,,,,,0,0,supplier,,1000000,0,never_instantiated,0,,,,,0,0,,,,,,,,,,,,,,,,,,,,,,,,,,,,,,,,,,,,,,,,,,,,,,,,,,,,,,,,,,,,,,,,,,,,,,,,,,,,,,,,,,,,
Q16,4,4,1,15.61,,supplier,479,0,never_instantiated,0,,,,,0,0,,partsupp,11921384,0,never_instantiated,0,,,,,0,0,part,,8,0,never_instantiated,0,,,,,0,0,,,,,,,,,,,,,,,,,,,,,,,,,,,,,,,,,,,,,,,,,,,,,,,,,,,,,,,,,,,,,,,,,,,,,,,,
Q17,4,4,1,106.53,part,lineitem,763569,0,never_instantiated,0,,,,,0,0,,,600982,0,never_instantiated,0,,,,,0,0,lineitem,,20031,0,never_instantiated,0,,,,,0,0,,,,,,,,,,,,,,,,,,,,,,,,,,,,,,,,,,,,,,,,,,,,,,,,,,,,,,,,,,,,,,,,,,,,,,,,
Q18,4,4,1,9999999,,,,,,,,,,,,,,,,,,,,,,,,,,,,,,,,,,,,,,,,,,,,,,,,,,,,,,,,,,,,,,,,,,,,,,,,,,,,,,,,,,,,,,,,,,,,,,,,,,,,,,,,,,,,
Q19,4,4,1,36.32,lineitem,part,13930201,0,never_instantiated,0,,,,,0,0,,,,,,,,,,,,,,,,,,,,,,,,,,,,,,,,,,,,,,,,,,,,,,,,,,,,,,,,,,,,,,,,,,,,,,,,,,,,,,,,,,,,,,,,,,,,,,,,
Q20,4,4,1,23.00,,,23898,0,never_instantiated,0,,,,,0,0,supplier,nation,1,0,never_instantiated,0,,,,,0,0,partsupp,part,33123,0,never_instantiated,0,,,,,0,0,,,35136,0,never_instantiated,0,,,,,0,0,lineitem,,35136,0,never_instantiated,0,,,,,0,0,,,,,,,,,,,,,,,,,,,,,,,,,,,,,,,,,,,,,,,,,,,,,,,,
Q21,4,4,1,102.28,,nation,1,0,never_instantiated,0,,,,,0,0,,supplier,39953,0,never_instantiated,0,,,,,0,0,lineitem,orders,7068902,0,never_instantiated,0,,,,,0,0,,,7313671,0,never_instantiated,0,,,,,0,0,lineitem,,7313658,0,never_instantiated,0,,,,,0,0,,,7048027,0,never_instantiated,0,,,,,0,0,lineitem,,7048014,0,never_instantiated,0,,,,,0,0,,,,,,,,,,,,,,,,,,,,,,,,
Q22,4,4,1,18.46,,,1909668,0,never_instantiated,0,,,,,0,0,orders,,1909668,0,never_instantiated,0,,,,,0,0,,,,,,,,,,,,,,,,,,,,,,,,,,,,,,,,,,,,,,,,,,,,,,,,,,,,,,,,,,,,,,,,,,,,,,,,,,,,,,,,,,,,
