query,case,seed,run_idx,runtime_seconds,Join1-probe,Join1-build,Join1-build_rows,Join1-instantiated,Join1-state,Join1-total_probes,Join1-probes_at_freeze,Join1-freeze_reason,Join1-probes_at_abandon,Join1-abandon_reason,Join1-inserts,Join1-u1,Join2-probe,Join2-build,Join2-build_rows,Join2-instantiated,Join2-state,Join2-total_probes,Join2-probes_at_freeze,Join2-freeze_reason,Join2-probes_at_abandon,Join2-abandon_reason,Join2-inserts,Join2-u1,Join3-probe,Join3-build,Join3-build_rows,Join3-instantiated,Join3-state,Join3-total_probes,Join3-probes_at_freeze,Join3-freeze_reason,Join3-probes_at_abandon,Join3-abandon_reason,Join3-inserts,Join3-u1,Join4-probe,Join4-build,Join4-build_rows,Join4-instantiated,Join4-state,Join4-total_probes,Join4-probes_at_freeze,Join4-freeze_reason,Join4-probes_at_abandon,Join4-abandon_reason,Join4-inserts,Join4-u1,Join5-probe,Join5-build,Join5-build_rows,Join5-instantiated,Join5-state,Join5-total_probes,Join5-probes_at_freeze,Join5-freeze_reason,Join5-probes_at_abandon,Join5-abandon_reason,Join5-inserts,Join5-u1,Join6-probe,Join6-build,Join6-build_rows,Join6-instantiated,Join6-state,Join6-total_probes,Join6-probes_at_freeze,Join6-freeze_reason,Join6-probes_at_abandon,Join6-abandon_reason,Join6-inserts,Join6-u1,Join7-probe,Join7-build,Join7-build_rows,Join7-instantiated,Join7-state,Join7-total_probes,Join7-probes_at_freeze,Join7-freeze_reason,Join7-probes_at_abandon,Join7-abandon_reason,Join7-inserts,Join7-u1,Join8-probe,Join8-build,Join8-build_rows,Join8-instantiated,Join8-state,Join8-total_probes,Join8-probes_at_freeze,Join8-freeze_reason,Join8-probes_at_abandon,Join8-abandon_reason,Join8-inserts,Join8-u1,Join9-probe,Join9-build,Join9-build_rows,Join9-instantiated,Join9-state,Join9-total_probes,Join9-probes_at_freeze,Join9-freeze_reason,Join9-probes_at_abandon,Join9-abandon_reason,Join9-inserts,Join9-u1
Q01,1,0,1,31.60,,,,,,,,,,,,,,,,,,,,,,,,,,,,,,,,,,,,,,,,,,,,,,,,,,,,,,,,,,,,,,,,,,,,,,,,,,,,,,,,,,,,,,,,,,,,,,,,,,,,,,,,,,,,
Q02,1,0,1,8.49,,region,1,0,never_instantiated,0,,,,,0,0,,nation,25,0,never_instantiated,0,,,,,0,0,,supplier,1000000,0,never_instantiated,0,,,,,0,0,partsupp,part,79591,0,never_instantiated,0,,,,,0,0,,,63825,0,never_instantiated,0,,,,,0,0,,,47107,0,never_instantiated,0,,,,,0,0,,region,1,0,never_instantiated,0,,,,,0,0,partsupp,,1000000,0,never_instantiated,0,,,,,0,0,supplier,nation,25,0,never_instantiated,0,,,,,0,0
Q03,1,0,1,45.95,,customer,3000188,0,never_instantiated,0,,,,,0,0,lineitem,orders,72874383,0,never_instantiated,0,,,,,0,0,,,,,,,,,,,,,,,,,,,,,,,,,,,,,,,,,,,,,,,,,,,,,,,,,,,,,,,,,,,,,,,,,,,,,,,,,,,,,,,,,,,,
Q04,1,0,1,32.80,,,5733776,0,never_instantiated,0,,,,,0,0,lineitem,,5733776,0,never_instantiated,0,,,,,0,0,,,,,,,,,,,,,,,,,,,,,,,,,,,,,,,,,,,,,,,,,,,,,,,,,,,,,,,,,,,,,,,,,,,,,,,,,,,,,,,,,,,,
Q05,1,0,1,88.42,,supplier,1000000,0,never_instantiated,0,,,,,0,0,,region,1,0,never_instantiated,0,,,,,0,0,,nation,25,0,never_instantiated,0,,,,,0,0,,customer,14999999,0,never_instantiated,0,,,,,0,0,lineitem,orders,22760819,0,never_instantiated,0,,,,,0,0,,,,,,,,,,,,,,,,,,,,,,,,,,,,,,,,,,,,,,,,,,,,,,,,
Q06,1,0,1,9.08,,,,,,,,,,,,,,,,,,,,,,,,,,,,,,,,,,,,,,,,,,,,,,,,,,,,,,,,,,,,,,,,,,,,,,,,,,,,,,,,,,,,,,,,,,,,,,,,,,,,,,,,,,,,
Q07,1,0,1,90.74,,nation,2,0,never_instantiated,0,,,,,0,0,,supplier,1000000,0,never_instantiated,0,,,,,0,0,,nation,2,0,never_instantiated,0,,,,,0,0,,customer,14999999,0,never_instantiated,0,,,,,0,0,lineitem,orders,150000000,0,never_instantiated,0,,,,,0,0,,,,,,,,,,,,,,,,,,,,,,,,,,,,,,,,,,,,,,,,,,,,,,,,
Q08,1,0,1,105.35,,nation,25,0,never_instantiated,0,,,,,0,0,supplier,,244821,0,never_instantiated,0,,,,,0,0,,region,1,0,never_instantiated,0,,,,,0,0,,part,134258,0,never_instantiated,0,,,,,0,0,,nation,25,0,never_instantiated,0,,,,,0,0,,customer,14999999,0,never_instantiated,0,,,,,0,0,lineitem,orders,45574624,0,never_instantiated,0,,,,,0,0,,,,,,,,,,,,,,,,,,,,,,,,
Q09,1,0,1,151.36,,nation,25,0,never_instantiated,0,,,,,0,0,,supplier,1000000,0,never_instantiated,0,,,,,0,0,,partsupp,80000000,0,never_instantiated,0,,,,,0,0,,part,1087982,0,never_instantiated,0,,,,,0,0,lineitem,orders,150000000,0,never_instantiated,0,,,,,0,0,,,,,,,,,,,,,,,,,,,,,,,,,,,,,,,,,,,,,,,,,,,,,,,,
Q10,1,0,1,44.32,,nation,25,0,never_instantiated,0,,,,,0,0,customer,,11463171,0,never_instantiated,0,,,,,0,0,lineitem,orders,5730378,0,never_instantiated,0,,,,,0,0,,,,,,,,,,,,,,,,,,,,,,,,,,,,,,,,,,,,,,,,,,,,,,,,,,,,,,,,,,,,,,,,,,,,,,,,
Q11,1,0,1,5.33,partsupp,,40045,0,never_instantiated,0,,,,,0,0,supplier,nation,1,0,never_instantiated,0,,,,,0,0,partsupp,,40045,0,never_instantiated,0,,,,,0,0,supplier,nation,1,0,never_instantiated,0,,,,,0,0,,,,,,,,,,,,,,,,,,,,,,,,,,,,,,,,,,,,,,,,,,,,,,,,,,,,,,,,,,,,
Q12,1,0,1,22.71,orders,lineitem,3115341,0,never_instantiated,0,,,,,0,0,,,,,,,,,,,,,,,,,,,,,,,,,,,,,,,,,,,,,,,,,,,,,,,,,,,,,,,,,,,,,,,,,,,,,,,,,,,,,,,,,,,,,,,,,,,,,,,,
Q13,1,0,1,55.97,orders,customer,15000000,0,never_instantiated,0,,,,,0,0,,,,,,,,,,,,,,,,,,,,,,,,,,,,,,,,,,,,,,,,,,,,,,,,,,,,,,,,,,,,,,,,,,,,,,,,,,,,,,,,,,,,,,,,,,,,,,,,
Q14,1,0,1,30.58,lineitem,part,20000000,0,never_instantiated,0,,,,,0,0,,,,,,,,,,,,,,,,,,,,,,,,,,,,,,,,,,,,,,,,,,,,,,,,,,,,,,,,,,,,,,,,,,,,,,,,,,,,,,,,,,,,,,,,,,,,,,,,
Q15,1,0,1,12.32,,,1,0,never_instantiated,0,,,,,0,0,supplier,,1000000,0,never_instantiated,0,,,,,0,0,,,,,,,,,,,,,,,,,,,,,,,,,,,,,,,,,,,,,,,,,,,,,,,,,,,,,,,,,,,,,,,,,,,,,,,,,,,,,,,,,,,,
Q16,1,0,1,13.15,,supplier,479,0,never_instantiated,0,,,,,0,0,partsupp,,2971749,0,never_instantiated,0,,,,,0,0,part,,8,0,never_instantiated,0,,,,,0,0,,,,,,,,,,,,,,,,,,,,,,,,,,,,,,,,,,,,,,,,,,,,,,,,,,,,,,,,,,,,,,,,,,,,,,,,
Q17,1,0,1,53.24,lineitem,part,20031,0,never_instantiated,0,,,,,0,0,,,600982,0,never_instantiated,0,,,,,0,0,lineitem,,20031,0,never_instantiated,0,,,,,0,0,,,,,,,,,,,,,,,,,,,,,,,,,,,,,,,,,,,,,,,,,,,,,,,,,,,,,,,,,,,,,,,,,,,,,,,,
Q18,1,0,1,176.10,,lineitem,6398,0,never_instantiated,0,,,,,0,0,,customer,14999999,0,never_instantiated,0,,,,,0,0,lineitem,orders,150000000,0,never_instantiated,0,,,,,0,0,,,,,,,,,,,,,,,,,,,,,,,,,,,,,,,,,,,,,,,,,,,,,,,,,,,,,,,,,,,,,,,,,,,,,,,,
Q19,1,0,1,41.51,lineitem,part,20000000,0,never_instantiated,0,,,,,0,0,,,,,,,,,,,,,,,,,,,,,,,,,,,,,,,,,,,,,,,,,,,,,,,,,,,,,,,,,,,,,,,,,,,,,,,,,,,,,,,,,,,,,,,,,,,,,,,,
Q20,1,0,1,34.30,,,40207,0,never_instantiated,0,,,,,0,0,partsupp,part,217222,0,never_instantiated,0,,,,,0,0,,,868888,0,never_instantiated,0,,,,,0,0,lineitem,,868888,0,never_instantiated,0,,,,,0,0,supplier,nation,1,0,never_instantiated,0,,,,,0,0,,,,,,,,,,,,,,,,,,,,,,,,,,,,,,,,,,,,,,,,,,,,,,,,
Q21,1,0,1,137.75,,nation,1,0,never_instantiated,0,,,,,0,0,,supplier,1000000,0,never_instantiated,0,,,,,0,0,lineitem,orders,73072502,0,never_instantiated,0,,,,,0,0,,,7313671,0,never_instantiated,0,,,,,0,0,lineitem,,7313658,0,never_instantiated,0,,,,,0,0,,,7048027,0,never_instantiated,0,,,,,0,0,lineitem,,7048014,0,never_instantiated,0,,,,,0,0,,,,,,,,,,,,,,,,,,,,,,,,
Q22,1,0,1,18.32,,,1909668,0,never_instantiated,0,,,,,0,0,orders,,1909668,0,never_instantiated,0,,,,,0,0,,,,,,,,,,,,,,,,,,,,,,,,,,,,,,,,,,,,,,,,,,,,,,,,,,,,,,,,,,,,,,,,,,,,,,,,,,,,,,,,,,,,
Q01,1,1,1,31.08,,,,,,,,,,,,,,,,,,,,,,,,,,,,,,,,,,,,,,,,,,,,,,,,,,,,,,,,,,,,,,,,,,,,,,,,,,,,,,,,,,,,,,,,,,,,,,,,,,,,,,,,,,,,
Q02,1,1,1,12.37,,region,1,0,never_instantiated,0,,,,,0,0,,part,79591,0,never_instantiated,0,,,,,0,0,,nation,25,0,never_instantiated,0,,,,,0,0,partsupp,supplier,1000000,0,never_instantiated,0,,,,,0,0,,,63825,0,never_instantiated,0,,,,,0,0,,,47107,0,never_instantiated,0,,,,,0,0,,region,1,0,never_instantiated,0,,,,,0,0,,nation,25,0,never_instantiated,0,,,,,0,0,partsupp,supplier,1000000,0,never_instantiated,0,,,,,0,0
Q03,1,1,1,46.52,,customer,3000188,0,never_instantiated,0,,,,,0,0,lineitem,orders,72874383,0,never_instantiated,0,,,,,0,0,,,,,,,,,,,,,,,,,,,,,,,,,,,,,,,,,,,,,,,,,,,,,,,,,,,,,,,,,,,,,,,,,,,,,,,,,,,,,,,,,,,,
Q04,1,1,1,32.58,,,5733776,0,never_instantiated,0,,,,,0,0,lineitem,,5733776,0,never_instantiated,0,,,,,0,0,,,,,,,,,,,,,,,,,,,,,,,,,,,,,,,,,,,,,,,,,,,,,,,,,,,,,,,,,,,,,,,,,,,,,,,,,,,,,,,,,,,,
Q05,1,1,1,9999999,,,,,,,,,,,,,,,,,,,,,,,,,,,,,,,,,,,,,,,,,,,,,,,,,,,,,,,,,,,,,,,,,,,,,,,,,,,,,,,,,,,,,,,,,,,,,,,,,,,,,,,,,,,,
Q06,1,1,1,9.14,,,,,,,,,,,,,,,,,,,,,,,,,,,,,,,,,,,,,,,,,,,,,,,,,,,,,,,,,,,,,,,,,,,,,,,,,,,,,,,,,,,,,,,,,,,,,,,,,,,,,,,,,,,,
Q07,1,1,1,53.54,,nation,2,0,never_instantiated,0,,,,,0,0,,customer,14999999,0,never_instantiated,0,,,,,0,0,orders,,14619080,0,never_instantiated,0,,,,,0,0,,nation,2,0,never_instantiated,0,,,,,0,0,lineitem,supplier,1000000,0,never_instantiated,0,,,,,0,0,,,,,,,,,,,,,,,,,,,,,,,,,,,,,,,,,,,,,,,,,,,,,,,,
Q08,1,1,1,46.67,,region,1,0,never_instantiated,0,,,,,0,0,,nation,25,0,never_instantiated,0,,,,,0,0,,nation,25,0,never_instantiated,0,,,,,0,0,supplier,,1222092,0,never_instantiated,0,,,,,0,0,customer,,1222092,0,never_instantiated,0,,,,,0,0,orders,,4025859,0,never_instantiated,0,,,,,0,0,lineitem,part,134258,0,never_instantiated,0,,,,,0,0,,,,,,,,,,,,,,,,,,,,,,,,
Q09,1,1,1,123.74,,nation,25,0,never_instantiated,0,,,,,0,0,,supplier,1000000,0,never_instantiated,0,,,,,0,0,,orders,150000000,0,never_instantiated,0,,,,,0,0,,partsupp,80000000,0,never_instantiated,0,,,,,0,0,lineitem,part,1087982,0,never_instantiated,0,,,,,0,0,,,,,,,,,,,,,,,,,,,,,,,,,,,,,,,,,,,,,,,,,,,,,,,,
Q10,1,1,1,44.23,,nation,25,0,never_instantiated,0,,,,,0,0,customer,,11463171,0,never_instantiated,0,,,,,0,0,lineitem,orders,5730378,0,never_instantiated,0,,,,,0,0,,,,,,,,,,,,,,,,,,,,,,,,,,,,,,,,,,,,,,,,,,,,,,,,,,,,,,,,,,,,,,,,,,,,,,,,
Q11,1,1,1,6.52,,nation,1,0,never_instantiated,0,,,,,0,0,partsupp,supplier,1000000,0,never_instantiated,0,,,,,0,0,partsupp,,40045,0,never_instantiated,0,,,,,0,0,supplier,nation,1,0,never_instantiated,0,,,,,0,0,,,,,,,,,,,,,,,,,,,,,,,,,,,,,,,,,,,,,,,,,,,,,,,,,,,,,,,,,,,,
Q12,1,1,1,22.75,orders,lineitem,3115341,0,never_instantiated,0,,,,,0,0,,,,,,,,,,,,,,,,,,,,,,,,,,,,,,,,,,,,,,,,,,,,,,,,,,,,,,,,,,,,,,,,,,,,,,,,,,,,,,,,,,,,,,,,,,,,,,,,
Q13,1,1,1,55.18,orders,customer,15000000,0,never_instantiated,0,,,,,0,0,,,,,,,,,,,,,,,,,,,,,,,,,,,,,,,,,,,,,,,,,,,,,,,,,,,,,,,,,,,,,,,,,,,,,,,,,,,,,,,,,,,,,,,,,,,,,,,,
Q14,1,1,1,30.15,lineitem,part,20000000,0,never_instantiated,0,,,,,0,0,,,,,,,,,,,,,,,,,,,,,,,,,,,,,,,,,,,,,,,,,,,,,,,,,,,,,,,,,,,,,,,,,,,,,,,,,,,,,,,,,,,,,,,,,,,,,,,,
Q15,1,1,1,12.35,,,1,0,never_instantiated,0,,,,,0,0,supplier,,1000000,0,never_instantiated,0,,,,,0,0,,,,,,,,,,,,,,,,,,,,,,,,,,,,,,,,,,,,,,,,,,,,,,,,,,,,,,,,,,,,,,,,,,,,,,,,,,,,,,,,,,,,
Q16,1,1,1,13.36,,supplier,479,0,never_instantiated,0,,,,,0,0,partsupp,,2971749,0,never_instantiated,0,,,,,0,0,part,,8,0,never_instantiated,0,,,,,0,0,,,,,,,,,,,,,,,,,,,,,,,,,,,,,,,,,,,,,,,,,,,,,,,,,,,,,,,,,,,,,,,,,,,,,,,,
Q17,1,1,1,52.16,lineitem,part,20031,0,never_instantiated,0,,,,,0,0,,,600982,0,never_instantiated,0,,,,,0,0,lineitem,,20031,0,never_instantiated,0,,,,,0,0,,,,,,,,,,,,,,,,,,,,,,,,,,,,,,,,,,,,,,,,,,,,,,,,,,,,,,,,,,,,,,,,,,,,,,,,
Q18,1,1,1,180.07,,lineitem,6398,0,never_instantiated,0,,,,,0,0,,customer,14999999,0,never_instantiated,0,,,,,0,0,lineitem,orders,150000000,0,never_instantiated,0,,,,,0,0,,,,,,,,,,,,,,,,,,,,,,,,,,,,,,,,,,,,,,,,,,,,,,,,,,,,,,,,,,,,,,,,,,,,,,,,
Q19,1,1,1,41.73,lineitem,part,20000000,0,never_instantiated,0,,,,,0,0,,,,,,,,,,,,,,,,,,,,,,,,,,,,,,,,,,,,,,,,,,,,,,,,,,,,,,,,,,,,,,,,,,,,,,,,,,,,,,,,,,,,,,,,,,,,,,,,
Q20,1,1,1,33.43,,,40207,0,never_instantiated,0,,,,,0,0,partsupp,part,217222,0,never_instantiated,0,,,,,0,0,,,868888,0,never_instantiated,0,,,,,0,0,lineitem,,868888,0,never_instantiated,0,,,,,0,0,supplier,nation,1,0,never_instantiated,0,,,,,0,0,,,,,,,,,,,,,,,,,,,,,,,,,,,,,,,,,,,,,,,,,,,,,,,,
Q21,1,1,1,119.73,orders,,15146702,0,never_instantiated,0,,,,,0,0,,nation,1,0,never_instantiated,0,,,,,0,0,lineitem,supplier,1000000,0,never_instantiated,0,,,,,0,0,,,7313671,0,never_instantiated,0,,,,,0,0,lineitem,,7313658,0,never_instantiated,0,,,,,0,0,,,7048027,0,never_instantiated,0,,,,,0,0,lineitem,,7048014,0,never_instantiated,0,,,,,0,0,,,,,,,,,,,,,,,,,,,,,,,,
Q22,1,1,1,18.81,,,1909668,0,never_instantiated,0,,,,,0,0,orders,,1909668,0,never_instantiated,0,,,,,0,0,,,,,,,,,,,,,,,,,,,,,,,,,,,,,,,,,,,,,,,,,,,,,,,,,,,,,,,,,,,,,,,,,,,,,,,,,,,,,,,,,,,,
Q01,1,2,1,31.20,,,,,,,,,,,,,,,,,,,,,,,,,,,,,,,,,,,,,,,,,,,,,,,,,,,,,,,,,,,,,,,,,,,,,,,,,,,,,,,,,,,,,,,,,,,,,,,,,,,,,,,,,,,,
Q02,1,2,1,9.53,,region,1,0,never_instantiated,0,,,,,0,0,,nation,25,0,never_instantiated,0,,,,,0,0,,supplier,1000000,0,never_instantiated,0,,,,,0,0,partsupp,part,79591,0,never_instantiated,0,,,,,0,0,,,63825,0,never_instantiated,0,,,,,0,0,,,47107,0,never_instantiated,0,,,,,0,0,,region,1,0,never_instantiated,0,,,,,0,0,,nation,25,0,never_instantiated,0,,,,,0,0,partsupp,supplier,1000000,0,never_instantiated,0,,,,,0,0
Q03,1,2,1,46.94,,customer,3000188,0,never_instantiated,0,,,,,0,0,lineitem,orders,72874383,0,never_instantiated,0,,,,,0,0,,,,,,,,,,,,,,,,,,,,,,,,,,,,,,,,,,,,,,,,,,,,,,,,,,,,,,,,,,,,,,,,,,,,,,,,,,,,,,,,,,,,
Q04,1,2,1,34.00,,,5733776,0,never_instantiated,0,,,,,0,0,lineitem,,5733776,0,never_instantiated,0,,,,,0,0,,,,,,,,,,,,,,,,,,,,,,,,,,,,,,,,,,,,,,,,,,,,,,,,,,,,,,,,,,,,,,,,,,,,,,,,,,,,,,,,,,,,
Q05,1,2,1,89.57,,region,1,0,never_instantiated,0,,,,,0,0,,supplier,1000000,0,never_instantiated,0,,,,,0,0,,nation,25,0,never_instantiated,0,,,,,0,0,,customer,14999999,0,never_instantiated,0,,,,,0,0,lineitem,orders,22760819,0,never_instantiated,0,,,,,0,0,,,,,,,,,,,,,,,,,,,,,,,,,,,,,,,,,,,,,,,,,,,,,,,,
Q06,1,2,1,9.06,,,,,,,,,,,,,,,,,,,,,,,,,,,,,,,,,,,,,,,,,,,,,,,,,,,,,,,,,,,,,,,,,,,,,,,,,,,,,,,,,,,,,,,,,,,,,,,,,,,,,,,,,,,,
Q07,1,2,1,89.00,,nation,2,0,never_instantiated,0,,,,,0,0,,supplier,1000000,0,never_instantiated,0,,,,,0,0,,nation,2,0,never_instantiated,0,,,,,0,0,,customer,14999999,0,never_instantiated,0,,,,,0,0,lineitem,orders,150000000,0,never_instantiated,0,,,,,0,0,,,,,,,,,,,,,,,,,,,,,,,,,,,,,,,,,,,,,,,,,,,,,,,,
Q08,1,2,1,102.52,,region,1,0,never_instantiated,0,,,,,0,0,,nation,25,0,never_instantiated,0,,,,,0,0,customer,,1222092,0,never_instantiated,0,,,,,0,0,,part,134258,0,never_instantiated,0,,,,,0,0,,orders,45574624,0,never_instantiated,0,,,,,0,0,,nation,25,0,never_instantiated,0,,,,,0,0,lineitem,supplier,1000000,0,never_instantiated,0,,,,,0,0,,,,,,,,,,,,,,,,,,,,,,,,
Q09,1,2,1,215.68,,nation,25,0,never_instantiated,0,,,,,0,0,,supplier,1000000,0,never_instantiated,0,,,,,0,0,,part,1087982,0,never_instantiated,0,,,,,0,0,,orders,150000000,0,never_instantiated,0,,,,,0,0,lineitem,partsupp,80000000,0,never_instantiated,0,,,,,0,0,,,,,,,,,,,,,,,,,,,,,,,,,,,,,,,,,,,,,,,,,,,,,,,,
Q10,1,2,1,43.59,,nation,25,0,never_instantiated,0,,,,,0,0,customer,,11463171,0,never_instantiated,0,,,,,0,0,lineitem,orders,5730378,0,never_instantiated,0,,,,,0,0,,,,,,,,,,,,,,,,,,,,,,,,,,,,,,,,,,,,,,,,,,,,,,,,,,,,,,,,,,,,,,,,,,,,,,,,
Q11,1,2,1,5.39,partsupp,,40045,0,never_instantiated,0,,,,,0,0,supplier,nation,1,0,never_instantiated,0,,,,,0,0,partsupp,,40045,0,never_instantiated,0,,,,,0,0,supplier,nation,1,0,never_instantiated,0,,,,,0,0,,,,,,,,,,,,,,,,,,,,,,,,,,,,,,,,,,,,,,,,,,,,,,,,,,,,,,,,,,,,
Q12,1,2,1,22.80,orders,lineitem,3115341,0,never_instantiated,0,,,,,0,0,,,,,,,,,,,,,,,,,,,,,,,,,,,,,,,,,,,,,,,,,,,,,,,,,,,,,,,,,,,,,,,,,,,,,,,,,,,,,,,,,,,,,,,,,,,,,,,,
Q13,1,2,1,55.21,orders,customer,15000000,0,never_instantiated,0,,,,,0,0,,,,,,,,,,,,,,,,,,,,,,,,,,,,,,,,,,,,,,,,,,,,,,,,,,,,,,,,,,,,,,,,,,,,,,,,,,,,,,,,,,,,,,,,,,,,,,,,
Q14,1,2,1,30.48,lineitem,part,20000000,0,never_instantiated,0,,,,,0,0,,,,,,,,,,,,,,,,,,,,,,,,,,,,,,,,,,,,,,,,,,,,,,,,,,,,,,,,,,,,,,,,,,,,,,,,,,,,,,,,,,,,,,,,,,,,,,,,
Q15,1,2,1,12.25,,,1,0,never_instantiated,0,,,,,0,0,supplier,,1000000,0,never_instantiated,0,,,,,0,0,,,,,,,,,,,,,,,,,,,,,,,,,,,,,,,,,,,,,,,,,,,,,,,,,,,,,,,,,,,,,,,,,,,,,,,,,,,,,,,,,,,,
Q16,1,2,1,13.15,,supplier,479,0,never_instantiated,0,,,,,0,0,partsupp,,2971749,0,never_instantiated,0,,,,,0,0,part,,8,0,never_instantiated,0,,,,,0,0,,,,,,,,,,,,,,,,,,,,,,,,,,,,,,,,,,,,,,,,,,,,,,,,,,,,,,,,,,,,,,,,,,,,,,,,
Q17,1,2,1,52.27,lineitem,part,20031,0,never_instantiated,0,,,,,0,0,,,600982,0,never_instantiated,0,,,,,0,0,lineitem,,20031,0,never_instantiated,0,,,,,0,0,,,,,,,,,,,,,,,,,,,,,,,,,,,,,,,,,,,,,,,,,,,,,,,,,,,,,,,,,,,,,,,,,,,,,,,,
Q18,1,2,1,176.23,,lineitem,6398,0,never_instantiated,0,,,,,0,0,,customer,14999999,0,never_instantiated,0,,,,,0,0,lineitem,orders,150000000,0,never_instantiated,0,,,,,0,0,,,,,,,,,,,,,,,,,,,,,,,,,,,,,,,,,,,,,,,,,,,,,,,,,,,,,,,,,,,,,,,,,,,,,,,,
Q19,1,2,1,42.40,lineitem,part,20000000,0,never_instantiated,0,,,,,0,0,,,,,,,,,,,,,,,,,,,,,,,,,,,,,,,,,,,,,,,,,,,,,,,,,,,,,,,,,,,,,,,,,,,,,,,,,,,,,,,,,,,,,,,,,,,,,,,,
Q20,1,2,1,33.27,,,40207,0,never_instantiated,0,,,,,0,0,partsupp,part,217222,0,never_instantiated,0,,,,,0,0,,,868888,0,never_instantiated,0,,,,,0,0,lineitem,,868888,0,never_instantiated,0,,,,,0,0,supplier,nation,1,0,never_instantiated,0,,,,,0,0,,,,,,,,,,,,,,,,,,,,,,,,,,,,,,,,,,,,,,,,,,,,,,,,
Q21,1,2,1,138.60,,nation,1,0,never_instantiated,0,,,,,0,0,,supplier,1000000,0,never_instantiated,0,,,,,0,0,lineitem,orders,73072502,0,never_instantiated,0,,,,,0,0,,,7313671,0,never_instantiated,0,,,,,0,0,lineitem,,7313658,0,never_instantiated,0,,,,,0,0,,,7048027,0,never_instantiated,0,,,,,0,0,lineitem,,7048014,0,never_instantiated,0,,,,,0,0,,,,,,,,,,,,,,,,,,,,,,,,
Q22,1,2,1,18.26,,,1909668,0,never_instantiated,0,,,,,0,0,orders,,1909668,0,never_instantiated,0,,,,,0,0,,,,,,,,,,,,,,,,,,,,,,,,,,,,,,,,,,,,,,,,,,,,,,,,,,,,,,,,,,,,,,,,,,,,,,,,,,,,,,,,,,,,
Q01,1,3,1,30.97,,,,,,,,,,,,,,,,,,,,,,,,,,,,,,,,,,,,,,,,,,,,,,,,,,,,,,,,,,,,,,,,,,,,,,,,,,,,,,,,,,,,,,,,,,,,,,,,,,,,,,,,,,,,
Q02,1,3,1,10.04,,region,1,0,never_instantiated,0,,,,,0,0,,nation,25,0,never_instantiated,0,,,,,0,0,,part,79591,0,never_instantiated,0,,,,,0,0,partsupp,supplier,1000000,0,never_instantiated,0,,,,,0,0,,,63825,0,never_instantiated,0,,,,,0,0,,,47107,0,never_instantiated,0,,,,,0,0,,region,1,0,never_instantiated,0,,,,,0,0,partsupp,,1000000,0,never_instantiated,0,,,,,0,0,supplier,nation,25,0,never_instantiated,0,,,,,0,0
Q03,1,3,1,46.28,,customer,3000188,0,never_instantiated,0,,,,,0,0,lineitem,orders,72874383,0,never_instantiated,0,,,,,0,0,,,,,,,,,,,,,,,,,,,,,,,,,,,,,,,,,,,,,,,,,,,,,,,,,,,,,,,,,,,,,,,,,,,,,,,,,,,,,,,,,,,,
Q04,1,3,1,32.79,,,5733776,0,never_instantiated,0,,,,,0,0,lineitem,,5733776,0,never_instantiated,0,,,,,0,0,,,,,,,,,,,,,,,,,,,,,,,,,,,,,,,,,,,,,,,,,,,,,,,,,,,,,,,,,,,,,,,,,,,,,,,,,,,,,,,,,,,,
Q05,1,3,1,9999999,,,,,,,,,,,,,,,,,,,,,,,,,,,,,,,,,,,,,,,,,,,,,,,,,,,,,,,,,,,,,,,,,,,,,,,,,,,,,,,,,,,,,,,,,,,,,,,,,,,,,,,,,,,,
Q06,1,3,1,9.05,,,,,,,,,,,,,,,,,,,,,,,,,,,,,,,,,,,,,,,,,,,,,,,,,,,,,,,,,,,,,,,,,,,,,,,,,,,,,,,,,,,,,,,,,,,,,,,,,,,,,,,,,,,,
Q07,1,3,1,80.03,,nation,2,0,never_instantiated,0,,,,,0,0,,customer,14999999,0,never_instantiated,0,,,,,0,0,,nation,2,0,never_instantiated,0,,,,,0,0,orders,,182301190,0,never_instantiated,0,,,,,0,0,lineitem,supplier,1000000,0,never_instantiated,0,,,,,0,0,,,,,,,,,,,,,,,,,,,,,,,,,,,,,,,,,,,,,,,,,,,,,,,,
Q08,1,3,1,114.21,,region,1,0,never_instantiated,0,,,,,0,0,,nation,25,0,never_instantiated,0,,,,,0,0,,part,134258,0,never_instantiated,0,,,,,0,0,,nation,25,0,never_instantiated,0,,,,,0,0,,supplier,1000000,0,never_instantiated,0,,,,,0,0,,customer,14999999,0,never_instantiated,0,,,,,0,0,lineitem,orders,45574624,0,never_instantiated,0,,,,,0,0,,,,,,,,,,,,,,,,,,,,,,,,
Q09,1,3,1,190.07,,orders,150000000,0,never_instantiated,0,,,,,0,0,,nation,25,0,never_instantiated,0,,,,,0,0,,part,1087982,0,never_instantiated,0,,,,,0,0,,partsupp,80000000,0,never_instantiated,0,,,,,0,0,lineitem,supplier,1000000,0,never_instantiated,0,,,,,0,0,,,,,,,,,,,,,,,,,,,,,,,,,,,,,,,,,,,,,,,,,,,,,,,,
Q10,1,3,1,44.83,,nation,25,0,never_instantiated,0,,,,,0,0,customer,,11463171,0,never_instantiated,0,,,,,0,0,lineitem,orders,5730378,0,never_instantiated,0,,,,,0,0,,,,,,,,,,,,,,,,,,,,,,,,,,,,,,,,,,,,,,,,,,,,,,,,,,,,,,,,,,,,,,,,,,,,,,,,
Q11,1,3,1,6.48,,nation,1,0,never_instantiated,0,,,,,0,0,partsupp,supplier,1000000,0,never_instantiated,0,,,,,0,0,partsupp,,40045,0,never_instantiated,0,,,,,0,0,supplier,nation,1,0,never_instantiated,0,,,,,0,0,,,,,,,,,,,,,,,,,,,,,,,,,,,,,,,,,,,,,,,,,,,,,,,,,,,,,,,,,,,,
Q12,1,3,1,23.09,orders,lineitem,3115341,0,never_instantiated,0,,,,,0,0,,,,,,,,,,,,,,,,,,,,,,,,,,,,,,,,,,,,,,,,,,,,,,,,,,,,,,,,,,,,,,,,,,,,,,,,,,,,,,,,,,,,,,,,,,,,,,,,
Q13,1,3,1,56.23,orders,customer,15000000,0,never_instantiated,0,,,,,0,0,,,,,,,,,,,,,,,,,,,,,,,,,,,,,,,,,,,,,,,,,,,,,,,,,,,,,,,,,,,,,,,,,,,,,,,,,,,,,,,,,,,,,,,,,,,,,,,,
Q14,1,3,1,30.33,lineitem,part,20000000,0,never_instantiated,0,,,,,0,0,,,,,,,,,,,,,,,,,,,,,,,,,,,,,,,,,,,,,,,,,,,,,,,,,,,,,,,,,,,,,,,,,,,,,,,,,,,,,,,,,,,,,,,,,,,,,,,,
Q15,1,3,1,12.35,,,1,0,never_instantiated,0,,,,,0,0,supplier,,1000000,0,never_instantiated,0,,,,,0,0,,,,,,,,,,,,,,,,,,,,,,,,,,,,,,,,,,,,,,,,,,,,,,,,,,,,,,,,,,,,,,,,,,,,,,,,,,,,,,,,,,,,
Q16,1,3,1,13.06,,supplier,479,0,never_instantiated,0,,,,,0,0,partsupp,,2971749,0,never_instantiated,0,,,,,0,0,part,,8,0,never_instantiated,0,,,,,0,0,,,,,,,,,,,,,,,,,,,,,,,,,,,,,,,,,,,,,,,,,,,,,,,,,,,,,,,,,,,,,,,,,,,,,,,,
Q17,1,3,1,52.84,lineitem,part,20031,0,never_instantiated,0,,,,,0,0,,,600982,0,never_instantiated,0,,,,,0,0,lineitem,,20031,0,never_instantiated,0,,,,,0,0,,,,,,,,,,,,,,,,,,,,,,,,,,,,,,,,,,,,,,,,,,,,,,,,,,,,,,,,,,,,,,,,,,,,,,,,
Q18,1,3,1,176.83,,lineitem,6398,0,never_instantiated,0,,,,,0,0,,customer,14999999,0,never_instantiated,0,,,,,0,0,lineitem,orders,150000000,0,never_instantiated,0,,,,,0,0,,,,,,,,,,,,,,,,,,,,,,,,,,,,,,,,,,,,,,,,,,,,,,,,,,,,,,,,,,,,,,,,,,,,,,,,
Q19,1,3,1,41.73,lineitem,part,20000000,0,never_instantiated,0,,,,,0,0,,,,,,,,,,,,,,,,,,,,,,,,,,,,,,,,,,,,,,,,,,,,,,,,,,,,,,,,,,,,,,,,,,,,,,,,,,,,,,,,,,,,,,,,,,,,,,,,
Q20,1,3,1,33.77,,,40207,0,never_instantiated,0,,,,,0,0,partsupp,part,217222,0,never_instantiated,0,,,,,0,0,,,868888,0,never_instantiated,0,,,,,0,0,lineitem,,868888,0,never_instantiated,0,,,,,0,0,supplier,nation,1,0,never_instantiated,0,,,,,0,0,,,,,,,,,,,,,,,,,,,,,,,,,,,,,,,,,,,,,,,,,,,,,,,,
Q21,1,3,1,140.34,,nation,1,0,never_instantiated,0,,,,,0,0,,orders,73072502,0,never_instantiated,0,,,,,0,0,lineitem,supplier,1000000,0,never_instantiated,0,,,,,0,0,,,7313671,0,never_instantiated,0,,,,,0,0,lineitem,,7313658,0,never_instantiated,0,,,,,0,0,,,7048027,0,never_instantiated,0,,,,,0,0,lineitem,,7048014,0,never_instantiated,0,,,,,0,0,,,,,,,,,,,,,,,,,,,,,,,,
Q22,1,3,1,18.24,,,1909668,0,never_instantiated,0,,,,,0,0,orders,,1909668,0,never_instantiated,0,,,,,0,0,,,,,,,,,,,,,,,,,,,,,,,,,,,,,,,,,,,,,,,,,,,,,,,,,,,,,,,,,,,,,,,,,,,,,,,,,,,,,,,,,,,,
Q01,1,4,1,31.04,,,,,,,,,,,,,,,,,,,,,,,,,,,,,,,,,,,,,,,,,,,,,,,,,,,,,,,,,,,,,,,,,,,,,,,,,,,,,,,,,,,,,,,,,,,,,,,,,,,,,,,,,,,,
Q02,1,4,1,8.59,,region,1,0,never_instantiated,0,,,,,0,0,,nation,25,0,never_instantiated,0,,,,,0,0,,supplier,1000000,0,never_instantiated,0,,,,,0,0,partsupp,part,79591,0,never_instantiated,0,,,,,0,0,,,63825,0,never_instantiated,0,,,,,0,0,,,47107,0,never_instantiated,0,,,,,0,0,,region,1,0,never_instantiated,0,,,,,0,0,partsupp,,1000000,0,never_instantiated,0,,,,,0,0,supplier,nation,25,0,never_instantiated,0,,,,,0,0
Q03,1,4,1,45.84,,customer,3000188,0,never_instantiated,0,,,,,0,0,lineitem,orders,72874383,0,never_instantiated,0,,,,,0,0,,,,,,,,,,,,,,,,,,,,,,,,,,,,,,,,,,,,,,,,,,,,,,,,,,,,,,,,,,,,,,,,,,,,,,,,,,,,,,,,,,,,
Q04,1,4,1,32.74,,,5733776,0,never_instantiated,0,,,,,0,0,lineitem,,5733776,0,never_instantiated,0,,,,,0,0,,,,,,,,,,,,,,,,,,,,,,,,,,,,,,,,,,,,,,,,,,,,,,,,,,,,,,,,,,,,,,,,,,,,,,,,,,,,,,,,,,,,
Q05,1,4,1,81.73,,region,1,0,never_instantiated,0,,,,,0,0,,nation,25,0,never_instantiated,0,,,,,0,0,,supplier,1000000,0,never_instantiated,0,,,,,0,0,,customer,14999999,0,never_instantiated,0,,,,,0,0,lineitem,orders,22760819,0,never_instantiated,0,,,,,0,0,,,,,,,,,,,,,,,,,,,,,,,,,,,,,,,,,,,,,,,,,,,,,,,,
Q06,1,4,1,9.08,,,,,,,,,,,,,,,,,,,,,,,,,,,,,,,,,,,,,,,,,,,,,,,,,,,,,,,,,,,,,,,,,,,,,,,,,,,,,,,,,,,,,,,,,,,,,,,,,,,,,,,,,,,,
Q07,1,4,1,98.39,,nation,2,0,never_instantiated,0,,,,,0,0,,nation,2,0,never_instantiated,0,,,,,0,0,,supplier,1000000,0,never_instantiated,0,,,,,0,0,,customer,14999999,0,never_instantiated,0,,,,,0,0,lineitem,orders,150000000,0,never_instantiated,0,,,,,0,0,,,,,,,,,,,,,,,,,,,,,,,,,,,,,,,,,,,,,,,,,,,,,,,,
Q08,1,4,1,46.67,,region,1,0,never_instantiated,0,,,,,0,0,,nation,25,0,never_instantiated,0,,,,,0,0,,nation,25,0,never_instantiated,0,,,,,0,0,customer,,1222092,0,never_instantiated,0,,,,,0,0,supplier,,1222092,0,never_instantiated,0,,,,,0,0,orders,,4025859,0,never_instantiated,0,,,,,0,0,lineitem,part,134258,0,never_instantiated,0,,,,,0,0,,,,,,,,,,,,,,,,,,,,,,,,
Q09,1,4,1,157.55,,partsupp,80000000,0,never_instantiated,0,,,,,0,0,,nation,25,0,never_instantiated,0,,,,,0,0,,part,1087982,0,never_instantiated,0,,,,,0,0,,supplier,1000000,0,never_instantiated,0,,,,,0,0,lineitem,orders,150000000,0,never_instantiated,0,,,,,0,0,,,,,,,,,,,,,,,,,,,,,,,,,,,,,,,,,,,,,,,,,,,,,,,,
Q10,1,4,1,44.37,,nation,25,0,never_instantiated,0,,,,,0,0,customer,,11463171,0,never_instantiated,0,,,,,0,0,lineitem,orders,5730378,0,never_instantiated,0,,,,,0,0,,,,,,,,,,,,,,,,,,,,,,,,,,,,,,,,,,,,,,,,,,,,,,,,,,,,,,,,,,,,,,,,,,,,,,,,
Q11,1,4,1,6.43,partsupp,,40045,0,never_instantiated,0,,,,,0,0,supplier,nation,1,0,never_instantiated,0,,,,,0,0,,nation,1,0,never_instantiated,0,,,,,0,0,partsupp,supplier,1000000,0,never_instantiated,0,,,,,0,0,,,,,,,,,,,,,,,,,,,,,,,,,,,,,,,,,,,,,,,,,,,,,,,,,,,,,,,,,,,,
Q12,1,4,1,22.55,orders,lineitem,3115341,0,never_instantiated,0,,,,,0,0,,,,,,,,,,,,,,,,,,,,,,,,,,,,,,,,,,,,,,,,,,,,,,,,,,,,,,,,,,,,,,,,,,,,,,,,,,,,,,,,,,,,,,,,,,,,,,,,
Q13,1,4,1,55.98,orders,customer,15000000,0,never_instantiated,0,,,,,0,0,,,,,,,,,,,,,,,,,,,,,,,,,,,,,,,,,,,,,,,,,,,,,,,,,,,,,,,,,,,,,,,,,,,,,,,,,,,,,,,,,,,,,,,,,,,,,,,,
Q14,1,4,1,30.45,lineitem,part,20000000,0,never_instantiated,0,,,,,0,0,,,,,,,,,,,,,,,,,,,,,,,,,,,,,,,,,,,,,,,,,,,,,,,,,,,,,,,,,,,,,,,,,,,,,,,,,,,,,,,,,,,,,,,,,,,,,,,,
Q15,1,4,1,12.43,,,1,0,never_instantiated,0,,,,,0,0,supplier,,1000000,0,never_instantiated,0,,,,,0,0,,,,,,,,,,,,,,,,,,,,,,,,,,,,,,,,,,,,,,,,,,,,,,,,,,,,,,,,,,,,,,,,,,,,,,,,,,,,,,,,,,,,
Q16,1,4,1,13.14,,supplier,479,0,never_instantiated,0,,,,,0,0,partsupp,,2971749,0,never_instantiated,0,,,,,0,0,part,,8,0,never_instantiated,0,,,,,0,0,,,,,,,,,,,,,,,,,,,,,,,,,,,,,,,,,,,,,,,,,,,,,,,,,,,,,,,,,,,,,,,,,,,,,,,,
Q17,1,4,1,52.19,lineitem,part,20031,0,never_instantiated,0,,,,,0,0,,,600982,0,never_instantiated,0,,,,,0,0,lineitem,,20031,0,never_instantiated,0,,,,,0,0,,,,,,,,,,,,,,,,,,,,,,,,,,,,,,,,,,,,,,,,,,,,,,,,,,,,,,,,,,,,,,,,,,,,,,,,
Q18,1,4,1,178.50,,lineitem,6398,0,never_instantiated,0,,,,,0,0,,customer,14999999,0,never_instantiated,0,,,,,0,0,lineitem,orders,150000000,0,never_instantiated,0,,,,,0,0,,,,,,,,,,,,,,,,,,,,,,,,,,,,,,,,,,,,,,,,,,,,,,,,,,,,,,,,,,,,,,,,,,,,,,,,
Q19,1,4,1,41.66,lineitem,part,20000000,0,never_instantiated,0,,,,,0,0,,,,,,,,,,,,,,,,,,,,,,,,,,,,,,,,,,,,,,,,,,,,,,,,,,,,,,,,,,,,,,,,,,,,,,,,,,,,,,,,,,,,,,,,,,,,,,,,
Q20,1,4,1,33.42,,,40207,0,never_instantiated,0,,,,,0,0,partsupp,part,217222,0,never_instantiated,0,,,,,0,0,,,868888,0,never_instantiated,0,,,,,0,0,lineitem,,868888,0,never_instantiated,0,,,,,0,0,supplier,nation,1,0,never_instantiated,0,,,,,0,0,,,,,,,,,,,,,,,,,,,,,,,,,,,,,,,,,,,,,,,,,,,,,,,,
Q21,1,4,1,138.69,,nation,1,0,never_instantiated,0,,,,,0,0,,supplier,1000000,0,never_instantiated,0,,,,,0,0,lineitem,orders,73072502,0,never_instantiated,0,,,,,0,0,,,7313671,0,never_instantiated,0,,,,,0,0,lineitem,,7313658,0,never_instantiated,0,,,,,0,0,,,7048027,0,never_instantiated,0,,,,,0,0,lineitem,,7048014,0,never_instantiated,0,,,,,0,0,,,,,,,,,,,,,,,,,,,,,,,,
Q22,1,4,1,18.31,,,1909668,0,never_instantiated,0,,,,,0,0,orders,,1909668,0,never_instantiated,0,,,,,0,0,,,,,,,,,,,,,,,,,,,,,,,,,,,,,,,,,,,,,,,,,,,,,,,,,,,,,,,,,,,,,,,,,,,,,,,,,,,,,,,,,,,,
Q01,1,5,1,31.40,,,,,,,,,,,,,,,,,,,,,,,,,,,,,,,,,,,,,,,,,,,,,,,,,,,,,,,,,,,,,,,,,,,,,,,,,,,,,,,,,,,,,,,,,,,,,,,,,,,,,,,,,,,,
Q02,1,5,1,11.09,,region,1,0,never_instantiated,0,,,,,0,0,,nation,25,0,never_instantiated,0,,,,,0,0,,part,79591,0,never_instantiated,0,,,,,0,0,partsupp,supplier,1000000,0,never_instantiated,0,,,,,0,0,,,63825,0,never_instantiated,0,,,,,0,0,,,47107,0,never_instantiated,0,,,,,0,0,,region,1,0,never_instantiated,0,,,,,0,0,,nation,25,0,never_instantiated,0,,,,,0,0,partsupp,supplier,1000000,0,never_instantiated,0,,,,,0,0
Q03,1,5,1,46.58,,customer,3000188,0,never_instantiated,0,,,,,0,0,lineitem,orders,72874383,0,never_instantiated,0,,,,,0,0,,,,,,,,,,,,,,,,,,,,,,,,,,,,,,,,,,,,,,,,,,,,,,,,,,,,,,,,,,,,,,,,,,,,,,,,,,,,,,,,,,,,
Q04,1,5,1,32.16,,,5733776,0,never_instantiated,0,,,,,0,0,lineitem,,5733776,0,never_instantiated,0,,,,,0,0,,,,,,,,,,,,,,,,,,,,,,,,,,,,,,,,,,,,,,,,,,,,,,,,,,,,,,,,,,,,,,,,,,,,,,,,,,,,,,,,,,,,
Q05,1,5,1,9999999,,,,,,,,,,,,,,,,,,,,,,,,,,,,,,,,,,,,,,,,,,,,,,,,,,,,,,,,,,,,,,,,,,,,,,,,,,,,,,,,,,,,,,,,,,,,,,,,,,,,,,,,,,,,
Q06,1,5,1,9.15,,,,,,,,,,,,,,,,,,,,,,,,,,,,,,,,,,,,,,,,,,,,,,,,,,,,,,,,,,,,,,,,,,,,,,,,,,,,,,,,,,,,,,,,,,,,,,,,,,,,,,,,,,,,
Q07,1,5,1,80.05,,nation,2,0,never_instantiated,0,,,,,0,0,,customer,14999999,0,never_instantiated,0,,,,,0,0,,nation,2,0,never_instantiated,0,,,,,0,0,orders,,182301190,0,never_instantiated,0,,,,,0,0,lineitem,supplier,1000000,0,never_instantiated,0,,,,,0,0,,,,,,,,,,,,,,,,,,,,,,,,,,,,,,,,,,,,,,,,,,,,,,,,
Q08,1,5,1,128.72,,region,1,0,never_instantiated,0,,,,,0,0,,nation,25,0,never_instantiated,0,,,,,0,0,,part,134258,0,never_instantiated,0,,,,,0,0,,customer,14999999,0,never_instantiated,0,,,,,0,0,,orders,45574624,0,never_instantiated,0,,,,,0,0,,nation,25,0,never_instantiated,0,,,,,0,0,lineitem,supplier,1000000,0,never_instantiated,0,,,,,0,0,,,,,,,,,,,,,,,,,,,,,,,,
Q09,1,5,1,123.15,,nation,25,0,never_instantiated,0,,,,,0,0,,supplier,1000000,0,never_instantiated,0,,,,,0,0,,partsupp,80000000,0,never_instantiated,0,,,,,0,0,,orders,150000000,0,never_instantiated,0,,,,,0,0,lineitem,part,1087982,0,never_instantiated,0,,,,,0,0,,,,,,,,,,,,,,,,,,,,,,,,,,,,,,,,,,,,,,,,,,,,,,,,
Q10,1,5,1,44.24,,nation,25,0,never_instantiated,0,,,,,0,0,customer,,11463171,0,never_instantiated,0,,,,,0,0,lineitem,orders,5730378,0,never_instantiated,0,,,,,0,0,,,,,,,,,,,,,,,,,,,,,,,,,,,,,,,,,,,,,,,,,,,,,,,,,,,,,,,,,,,,,,,,,,,,,,,,
Q11,1,5,1,6.39,,nation,1,0,never_instantiated,0,,,,,0,0,partsupp,supplier,1000000,0,never_instantiated,0,,,,,0,0,partsupp,,40045,0,never_instantiated,0,,,,,0,0,supplier,nation,1,0,never_instantiated,0,,,,,0,0,,,,,,,,,,,,,,,,,,,,,,,,,,,,,,,,,,,,,,,,,,,,,,,,,,,,,,,,,,,,
Q12,1,5,1,22.78,orders,lineitem,3115341,0,never_instantiated,0,,,,,0,0,,,,,,,,,,,,,,,,,,,,,,,,,,,,,,,,,,,,,,,,,,,,,,,,,,,,,,,,,,,,,,,,,,,,,,,,,,,,,,,,,,,,,,,,,,,,,,,,
Q13,1,5,1,55.92,orders,customer,15000000,0,never_instantiated,0,,,,,0,0,,,,,,,,,,,,,,,,,,,,,,,,,,,,,,,,,,,,,,,,,,,,,,,,,,,,,,,,,,,,,,,,,,,,,,,,,,,,,,,,,,,,,,,,,,,,,,,,
Q14,1,5,1,30.40,lineitem,part,20000000,0,never_instantiated,0,,,,,0,0,,,,,,,,,,,,,,,,,,,,,,,,,,,,,,,,,,,,,,,,,,,,,,,,,,,,,,,,,,,,,,,,,,,,,,,,,,,,,,,,,,,,,,,,,,,,,,,,
Q15,1,5,1,12.40,,,1,0,never_instantiated,0,,,,,0,0,supplier,,1000000,0,never_instantiated,0,,,,,0,0,,,,,,,,,,,,,,,,,,,,,,,,,,,,,,,,,,,,,,,,,,,,,,,,,,,,,,,,,,,,,,,,,,,,,,,,,,,,,,,,,,,,
Q16,1,5,1,13.27,,supplier,479,0,never_instantiated,0,,,,,0,0,partsupp,,2971749,0,never_instantiated,0,,,,,0,0,part,,8,0,never_instantiated,0,,,,,0,0,,,,,,,,,,,,,,,,,,,,,,,,,,,,,,,,,,,,,,,,,,,,,,,,,,,,,,,,,,,,,,,,,,,,,,,,
Q17,1,5,1,52.04,lineitem,part,20031,0,never_instantiated,0,,,,,0,0,,,600982,0,never_instantiated,0,,,,,0,0,lineitem,,20031,0,never_instantiated,0,,,,,0,0,,,,,,,,,,,,,,,,,,,,,,,,,,,,,,,,,,,,,,,,,,,,,,,,,,,,,,,,,,,,,,,,,,,,,,,,
Q18,1,5,1,177.34,,lineitem,6398,0,never_instantiated,0,,,,,0,0,,customer,14999999,0,never_instantiated,0,,,,,0,0,lineitem,orders,150000000,0,never_instantiated,0,,,,,0,0,,,,,,,,,,,,,,,,,,,,,,,,,,,,,,,,,,,,,,,,,,,,,,,,,,,,,,,,,,,,,,,,,,,,,,,,
Q19,1,5,1,42.01,lineitem,part,20000000,0,never_instantiated,0,,,,,0,0,,,,,,,,,,,,,,,,,,,,,,,,,,,,,,,,,,,,,,,,,,,,,,,,,,,,,,,,,,,,,,,,,,,,,,,,,,,,,,,,,,,,,,,,,,,,,,,,
Q20,1,5,1,33.58,,,40207,0,never_instantiated,0,,,,,0,0,partsupp,part,217222,0,never_instantiated,0,,,,,0,0,,,868888,0,never_instantiated,0,,,,,0,0,lineitem,,868888,0,never_instantiated,0,,,,,0,0,supplier,nation,1,0,never_instantiated,0,,,,,0,0,,,,,,,,,,,,,,,,,,,,,,,,,,,,,,,,,,,,,,,,,,,,,,,,
Q21,1,5,1,140.14,,nation,1,0,never_instantiated,0,,,,,0,0,,orders,73072502,0,never_instantiated,0,,,,,0,0,lineitem,supplier,1000000,0,never_instantiated,0,,,,,0,0,,,7313671,0,never_instantiated,0,,,,,0,0,lineitem,,7313658,0,never_instantiated,0,,,,,0,0,,,7048027,0,never_instantiated,0,,,,,0,0,lineitem,,7048014,0,never_instantiated,0,,,,,0,0,,,,,,,,,,,,,,,,,,,,,,,,
Q22,1,5,1,18.64,,,1909668,0,never_instantiated,0,,,,,0,0,orders,,1909668,0,never_instantiated,0,,,,,0,0,,,,,,,,,,,,,,,,,,,,,,,,,,,,,,,,,,,,,,,,,,,,,,,,,,,,,,,,,,,,,,,,,,,,,,,,,,,,,,,,,,,,
Q01,1,6,1,31.33,,,,,,,,,,,,,,,,,,,,,,,,,,,,,,,,,,,,,,,,,,,,,,,,,,,,,,,,,,,,,,,,,,,,,,,,,,,,,,,,,,,,,,,,,,,,,,,,,,,,,,,,,,,,
Q02,1,6,1,8.51,,region,1,0,never_instantiated,0,,,,,0,0,,nation,25,0,never_instantiated,0,,,,,0,0,,supplier,1000000,0,never_instantiated,0,,,,,0,0,partsupp,part,79591,0,never_instantiated,0,,,,,0,0,,,63825,0,never_instantiated,0,,,,,0,0,,,47107,0,never_instantiated,0,,,,,0,0,,region,1,0,never_instantiated,0,,,,,0,0,partsupp,,1000000,0,never_instantiated,0,,,,,0,0,supplier,nation,25,0,never_instantiated,0,,,,,0,0
Q03,1,6,1,47.18,,customer,3000188,0,never_instantiated,0,,,,,0,0,lineitem,orders,72874383,0,never_instantiated,0,,,,,0,0,,,,,,,,,,,,,,,,,,,,,,,,,,,,,,,,,,,,,,,,,,,,,,,,,,,,,,,,,,,,,,,,,,,,,,,,,,,,,,,,,,,,
Q04,1,6,1,32.86,,,5733776,0,never_instantiated,0,,,,,0,0,lineitem,,5733776,0,never_instantiated,0,,,,,0,0,,,,,,,,,,,,,,,,,,,,,,,,,,,,,,,,,,,,,,,,,,,,,,,,,,,,,,,,,,,,,,,,,,,,,,,,,,,,,,,,,,,,
Q05,1,6,1,73.97,,region,1,0,never_instantiated,0,,,,,0,0,,nation,25,0,never_instantiated,0,,,,,0,0,,customer,14999999,0,never_instantiated,0,,,,,0,0,,supplier,1000000,0,never_instantiated,0,,,,,0,0,lineitem,orders,22760819,0,never_instantiated,0,,,,,0,0,,,,,,,,,,,,,,,,,,,,,,,,,,,,,,,,,,,,,,,,,,,,,,,,
Q06,1,6,1,9.17,,,,,,,,,,,,,,,,,,,,,,,,,,,,,,,,,,,,,,,,,,,,,,,,,,,,,,,,,,,,,,,,,,,,,,,,,,,,,,,,,,,,,,,,,,,,,,,,,,,,,,,,,,,,
Q07,1,6,1,75.52,,nation,2,0,never_instantiated,0,,,,,0,0,,customer,14999999,0,never_instantiated,0,,,,,0,0,,nation,2,0,never_instantiated,0,,,,,0,0,,supplier,1000000,0,never_instantiated,0,,,,,0,0,lineitem,orders,150000000,0,never_instantiated,0,,,,,0,0,,,,,,,,,,,,,,,,,,,,,,,,,,,,,,,,,,,,,,,,,,,,,,,,
Q08,1,6,1,72.78,,region,1,0,never_instantiated,0,,,,,0,0,,nation,25,0,never_instantiated,0,,,,,0,0,,nation,25,0,never_instantiated,0,,,,,0,0,supplier,,1222092,0,never_instantiated,0,,,,,0,0,customer,,1222092,0,never_instantiated,0,,,,,0,0,,part,134258,0,never_instantiated,0,,,,,0,0,lineitem,orders,45574624,0,never_instantiated,0,,,,,0,0,,,,,,,,,,,,,,,,,,,,,,,,
Q09,1,6,1,185.60,,nation,25,0,never_instantiated,0,,,,,0,0,,supplier,1000000,0,never_instantiated,0,,,,,0,0,,orders,150000000,0,never_instantiated,0,,,,,0,0,,part,1087982,0,never_instantiated,0,,,,,0,0,lineitem,partsupp,80000000,0,never_instantiated,0,,,,,0,0,,,,,,,,,,,,,,,,,,,,,,,,,,,,,,,,,,,,,,,,,,,,,,,,
Q10,1,6,1,43.62,,nation,25,0,never_instantiated,0,,,,,0,0,customer,,11463171,0,never_instantiated,0,,,,,0,0,lineitem,orders,5730378,0,never_instantiated,0,,,,,0,0,,,,,,,,,,,,,,,,,,,,,,,,,,,,,,,,,,,,,,,,,,,,,,,,,,,,,,,,,,,,,,,,,,,,,,,,
Q11,1,6,1,5.24,partsupp,,40045,0,never_instantiated,0,,,,,0,0,supplier,nation,1,0,never_instantiated,0,,,,,0,0,partsupp,,40045,0,never_instantiated,0,,,,,0,0,supplier,nation,1,0,never_instantiated,0,,,,,0,0,,,,,,,,,,,,,,,,,,,,,,,,,,,,,,,,,,,,,,,,,,,,,,,,,,,,,,,,,,,,
Q12,1,6,1,23.10,orders,lineitem,3115341,0,never_instantiated,0,,,,,0,0,,,,,,,,,,,,,,,,,,,,,,,,,,,,,,,,,,,,,,,,,,,,,,,,,,,,,,,,,,,,,,,,,,,,,,,,,,,,,,,,,,,,,,,,,,,,,,,,
Q13,1,6,1,56.03,orders,customer,15000000,0,never_instantiated,0,,,,,0,0,,,,,,,,,,,,,,,,,,,,,,,,,,,,,,,,,,,,,,,,,,,,,,,,,,,,,,,,,,,,,,,,,,,,,,,,,,,,,,,,,,,,,,,,,,,,,,,,
Q14,1,6,1,30.55,lineitem,part,20000000,0,never_instantiated,0,,,,,0,0,,,,,,,,,,,,,,,,,,,,,,,,,,,,,,,,,,,,,,,,,,,,,,,,,,,,,,,,,,,,,,,,,,,,,,,,,,,,,,,,,,,,,,,,,,,,,,,,
Q15,1,6,1,12.42,,,1,0,never_instantiated,0,,,,,0,0,supplier,,1000000,0,never_instantiated,0,,,,,0,0,,,,,,,,,,,,,,,,,,,,,,,,,,,,,,,,,,,,,,,,,,,,,,,,,,,,,,,,,,,,,,,,,,,,,,,,,,,,,,,,,,,,
Q16,1,6,1,13.04,,supplier,479,0,never_instantiated,0,,,,,0,0,partsupp,,2971749,0,never_instantiated,0,,,,,0,0,part,,8,0,never_instantiated,0,,,,,0,0,,,,,,,,,,,,,,,,,,,,,,,,,,,,,,,,,,,,,,,,,,,,,,,,,,,,,,,,,,,,,,,,,,,,,,,,
Q17,1,6,1,52.23,lineitem,part,20031,0,never_instantiated,0,,,,,0,0,,,600982,0,never_instantiated,0,,,,,0,0,lineitem,,20031,0,never_instantiated,0,,,,,0,0,,,,,,,,,,,,,,,,,,,,,,,,,,,,,,,,,,,,,,,,,,,,,,,,,,,,,,,,,,,,,,,,,,,,,,,,
Q18,1,6,1,178.87,,lineitem,6398,0,never_instantiated,0,,,,,0,0,,customer,14999999,0,never_instantiated,0,,,,,0,0,lineitem,orders,150000000,0,never_instantiated,0,,,,,0,0,,,,,,,,,,,,,,,,,,,,,,,,,,,,,,,,,,,,,,,,,,,,,,,,,,,,,,,,,,,,,,,,,,,,,,,,
Q19,1,6,1,41.96,lineitem,part,20000000,0,never_instantiated,0,,,,,0,0,,,,,,,,,,,,,,,,,,,,,,,,,,,,,,,,,,,,,,,,,,,,,,,,,,,,,,,,,,,,,,,,,,,,,,,,,,,,,,,,,,,,,,,,,,,,,,,,
Q20,1,6,1,33.53,,,40207,0,never_instantiated,0,,,,,0,0,partsupp,part,217222,0,never_instantiated,0,,,,,0,0,,,868888,0,never_instantiated,0,,,,,0,0,lineitem,,868888,0,never_instantiated,0,,,,,0,0,supplier,nation,1,0,never_instantiated,0,,,,,0,0,,,,,,,,,,,,,,,,,,,,,,,,,,,,,,,,,,,,,,,,,,,,,,,,
Q21,1,6,1,139.49,,nation,1,0,never_instantiated,0,,,,,0,0,,supplier,1000000,0,never_instantiated,0,,,,,0,0,lineitem,orders,73072502,0,never_instantiated,0,,,,,0,0,,,7313671,0,never_instantiated,0,,,,,0,0,lineitem,,7313658,0,never_instantiated,0,,,,,0,0,,,7048027,0,never_instantiated,0,,,,,0,0,lineitem,,7048014,0,never_instantiated,0,,,,,0,0,,,,,,,,,,,,,,,,,,,,,,,,
Q22,1,6,1,17.98,,,1909668,0,never_instantiated,0,,,,,0,0,orders,,1909668,0,never_instantiated,0,,,,,0,0,,,,,,,,,,,,,,,,,,,,,,,,,,,,,,,,,,,,,,,,,,,,,,,,,,,,,,,,,,,,,,,,,,,,,,,,,,,,,,,,,,,,
Q01,1,7,1,30.98,,,,,,,,,,,,,,,,,,,,,,,,,,,,,,,,,,,,,,,,,,,,,,,,,,,,,,,,,,,,,,,,,,,,,,,,,,,,,,,,,,,,,,,,,,,,,,,,,,,,,,,,,,,,
Q02,1,7,1,11.14,,region,1,0,never_instantiated,0,,,,,0,0,,nation,25,0,never_instantiated,0,,,,,0,0,,part,79591,0,never_instantiated,0,,,,,0,0,partsupp,supplier,1000000,0,never_instantiated,0,,,,,0,0,,,63825,0,never_instantiated,0,,,,,0,0,,,47107,0,never_instantiated,0,,,,,0,0,,region,1,0,never_instantiated,0,,,,,0,0,,nation,25,0,never_instantiated,0,,,,,0,0,partsupp,supplier,1000000,0,never_instantiated,0,,,,,0,0
Q03,1,7,1,46.38,,customer,3000188,0,never_instantiated,0,,,,,0,0,lineitem,orders,72874383,0,never_instantiated,0,,,,,0,0,,,,,,,,,,,,,,,,,,,,,,,,,,,,,,,,,,,,,,,,,,,,,,,,,,,,,,,,,,,,,,,,,,,,,,,,,,,,,,,,,,,,
Q04,1,7,1,32.80,,,5733776,0,never_instantiated,0,,,,,0,0,lineitem,,5733776,0,never_instantiated,0,,,,,0,0,,,,,,,,,,,,,,,,,,,,,,,,,,,,,,,,,,,,,,,,,,,,,,,,,,,,,,,,,,,,,,,,,,,,,,,,,,,,,,,,,,,,
Q05,1,7,1,9999999,,,,,,,,,,,,,,,,,,,,,,,,,,,,,,,,,,,,,,,,,,,,,,,,,,,,,,,,,,,,,,,,,,,,,,,,,,,,,,,,,,,,,,,,,,,,,,,,,,,,,,,,,,,,
Q06,1,7,1,9.22,,,,,,,,,,,,,,,,,,,,,,,,,,,,,,,,,,,,,,,,,,,,,,,,,,,,,,,,,,,,,,,,,,,,,,,,,,,,,,,,,,,,,,,,,,,,,,,,,,,,,,,,,,,,
Q07,1,7,1,88.85,,nation,2,0,never_instantiated,0,,,,,0,0,,nation,2,0,never_instantiated,0,,,,,0,0,,customer,14999999,0,never_instantiated,0,,,,,0,0,orders,,182301190,0,never_instantiated,0,,,,,0,0,lineitem,supplier,1000000,0,never_instantiated,0,,,,,0,0,,,,,,,,,,,,,,,,,,,,,,,,,,,,,,,,,,,,,,,,,,,,,,,,
Q08,1,7,1,46.81,,region,1,0,never_instantiated,0,,,,,0,0,,nation,25,0,never_instantiated,0,,,,,0,0,customer,,1222092,0,never_instantiated,0,,,,,0,0,,nation,25,0,never_instantiated,0,,,,,0,0,orders,,4025859,0,never_instantiated,0,,,,,0,0,,supplier,1000000,0,never_instantiated,0,,,,,0,0,lineitem,part,134258,0,never_instantiated,0,,,,,0,0,,,,,,,,,,,,,,,,,,,,,,,,
Q09,1,7,1,220.38,,nation,25,0,never_instantiated,0,,,,,0,0,,part,1087982,0,never_instantiated,0,,,,,0,0,,orders,150000000,0,never_instantiated,0,,,,,0,0,,partsupp,80000000,0,never_instantiated,0,,,,,0,0,lineitem,supplier,1000000,0,never_instantiated,0,,,,,0,0,,,,,,,,,,,,,,,,,,,,,,,,,,,,,,,,,,,,,,,,,,,,,,,,
Q10,1,7,1,44.26,,nation,25,0,never_instantiated,0,,,,,0,0,customer,,11463171,0,never_instantiated,0,,,,,0,0,lineitem,orders,5730378,0,never_instantiated,0,,,,,0,0,,,,,,,,,,,,,,,,,,,,,,,,,,,,,,,,,,,,,,,,,,,,,,,,,,,,,,,,,,,,,,,,,,,,,,,,
Q11,1,7,1,7.82,,nation,1,0,never_instantiated,0,,,,,0,0,partsupp,supplier,1000000,0,never_instantiated,0,,,,,0,0,,nation,1,0,never_instantiated,0,,,,,0,0,partsupp,supplier,1000000,0,never_instantiated,0,,,,,0,0,,,,,,,,,,,,,,,,,,,,,,,,,,,,,,,,,,,,,,,,,,,,,,,,,,,,,,,,,,,,
Q12,1,7,1,22.45,orders,lineitem,3115341,0,never_instantiated,0,,,,,0,0,,,,,,,,,,,,,,,,,,,,,,,,,,,,,,,,,,,,,,,,,,,,,,,,,,,,,,,,,,,,,,,,,,,,,,,,,,,,,,,,,,,,,,,,,,,,,,,,
Q13,1,7,1,55.83,orders,customer,15000000,0,never_instantiated,0,,,,,0,0,,,,,,,,,,,,,,,,,,,,,,,,,,,,,,,,,,,,,,,,,,,,,,,,,,,,,,,,,,,,,,,,,,,,,,,,,,,,,,,,,,,,,,,,,,,,,,,,
Q14,1,7,1,30.33,lineitem,part,20000000,0,never_instantiated,0,,,,,0,0,,,,,,,,,,,,,,,,,,,,,,,,,,,,,,,,,,,,,,,,,,,,,,,,,,,,,,,,,,,,,,,,,,,,,,,,,,,,,,,,,,,,,,,,,,,,,,,,
Q15,1,7,1,12.29,,,1,0,never_instantiated,0,,,,,0,0,supplier,,1000000,0,never_instantiated,0,,,,,0,0,,,,,,,,,,,,,,,,,,,,,,,,,,,,,,,,,,,,,,,,,,,,,,,,,,,,,,,,,,,,,,,,,,,,,,,,,,,,,,,,,,,,
Q16,1,7,1,13.41,,supplier,479,0,never_instantiated,0,,,,,0,0,partsupp,,2971749,0,never_instantiated,0,,,,,0,0,part,,8,0,never_instantiated,0,,,,,0,0,,,,,,,,,,,,,,,,,,,,,,,,,,,,,,,,,,,,,,,,,,,,,,,,,,,,,,,,,,,,,,,,,,,,,,,,
Q17,1,7,1,52.42,lineitem,part,20031,0,never_instantiated,0,,,,,0,0,,,600982,0,never_instantiated,0,,,,,0,0,lineitem,,20031,0,never_instantiated,0,,,,,0,0,,,,,,,,,,,,,,,,,,,,,,,,,,,,,,,,,,,,,,,,,,,,,,,,,,,,,,,,,,,,,,,,,,,,,,,,
Q18,1,7,1,177.59,,lineitem,6398,0,never_instantiated,0,,,,,0,0,,customer,14999999,0,never_instantiated,0,,,,,0,0,lineitem,orders,150000000,0,never_instantiated,0,,,,,0,0,,,,,,,,,,,,,,,,,,,,,,,,,,,,,,,,,,,,,,,,,,,,,,,,,,,,,,,,,,,,,,,,,,,,,,,,
Q19,1,7,1,41.82,lineitem,part,20000000,0,never_instantiated,0,,,,,0,0,,,,,,,,,,,,,,,,,,,,,,,,,,,,,,,,,,,,,,,,,,,,,,,,,,,,,,,,,,,,,,,,,,,,,,,,,,,,,,,,,,,,,,,,,,,,,,,,
Q20,1,7,1,33.67,,,40207,0,never_instantiated,0,,,,,0,0,partsupp,part,217222,0,never_instantiated,0,,,,,0,0,,,868888,0,never_instantiated,0,,,,,0,0,lineitem,,868888,0,never_instantiated,0,,,,,0,0,supplier,nation,1,0,never_instantiated,0,,,,,0,0,,,,,,,,,,,,,,,,,,,,,,,,,,,,,,,,,,,,,,,,,,,,,,,,
Q21,1,7,1,141.73,,nation,1,0,never_instantiated,0,,,,,0,0,,orders,73072502,0,never_instantiated,0,,,,,0,0,lineitem,supplier,1000000,0,never_instantiated,0,,,,,0,0,,,7313671,0,never_instantiated,0,,,,,0,0,lineitem,,7313658,0,never_instantiated,0,,,,,0,0,,,7048027,0,never_instantiated,0,,,,,0,0,lineitem,,7048014,0,never_instantiated,0,,,,,0,0,,,,,,,,,,,,,,,,,,,,,,,,
Q22,1,7,1,18.56,,,1909668,0,never_instantiated,0,,,,,0,0,orders,,1909668,0,never_instantiated,0,,,,,0,0,,,,,,,,,,,,,,,,,,,,,,,,,,,,,,,,,,,,,,,,,,,,,,,,,,,,,,,,,,,,,,,,,,,,,,,,,,,,,,,,,,,,
Q01,1,8,1,31.11,,,,,,,,,,,,,,,,,,,,,,,,,,,,,,,,,,,,,,,,,,,,,,,,,,,,,,,,,,,,,,,,,,,,,,,,,,,,,,,,,,,,,,,,,,,,,,,,,,,,,,,,,,,,
Q02,1,8,1,8.57,,region,1,0,never_instantiated,0,,,,,0,0,,nation,25,0,never_instantiated,0,,,,,0,0,,supplier,1000000,0,never_instantiated,0,,,,,0,0,partsupp,part,79591,0,never_instantiated,0,,,,,0,0,,,63825,0,never_instantiated,0,,,,,0,0,,,47107,0,never_instantiated,0,,,,,0,0,,region,1,0,never_instantiated,0,,,,,0,0,partsupp,,1000000,0,never_instantiated,0,,,,,0,0,supplier,nation,25,0,never_instantiated,0,,,,,0,0
Q03,1,8,1,46.72,,customer,3000188,0,never_instantiated,0,,,,,0,0,lineitem,orders,72874383,0,never_instantiated,0,,,,,0,0,,,,,,,,,,,,,,,,,,,,,,,,,,,,,,,,,,,,,,,,,,,,,,,,,,,,,,,,,,,,,,,,,,,,,,,,,,,,,,,,,,,,
Q04,1,8,1,33.29,,,5733776,0,never_instantiated,0,,,,,0,0,lineitem,,5733776,0,never_instantiated,0,,,,,0,0,,,,,,,,,,,,,,,,,,,,,,,,,,,,,,,,,,,,,,,,,,,,,,,,,,,,,,,,,,,,,,,,,,,,,,,,,,,,,,,,,,,,
Q05,1,8,1,74.12,,region,1,0,never_instantiated,0,,,,,0,0,,nation,25,0,never_instantiated,0,,,,,0,0,,customer,14999999,0,never_instantiated,0,,,,,0,0,,supplier,1000000,0,never_instantiated,0,,,,,0,0,lineitem,orders,22760819,0,never_instantiated,0,,,,,0,0,,,,,,,,,,,,,,,,,,,,,,,,,,,,,,,,,,,,,,,,,,,,,,,,
Q06,1,8,1,9.04,,,,,,,,,,,,,,,,,,,,,,,,,,,,,,,,,,,,,,,,,,,,,,,,,,,,,,,,,,,,,,,,,,,,,,,,,,,,,,,,,,,,,,,,,,,,,,,,,,,,,,,,,,,,
Q07,1,8,1,74.93,,nation,2,0,never_instantiated,0,,,,,0,0,,customer,14999999,0,never_instantiated,0,,,,,0,0,,nation,2,0,never_instantiated,0,,,,,0,0,,supplier,1000000,0,never_instantiated,0,,,,,0,0,lineitem,orders,150000000,0,never_instantiated,0,,,,,0,0,,,,,,,,,,,,,,,,,,,,,,,,,,,,,,,,,,,,,,,,,,,,,,,,
Q08,1,8,1,98.82,,region,1,0,never_instantiated,0,,,,,0,0,,nation,25,0,never_instantiated,0,,,,,0,0,customer,,1222092,0,never_instantiated,0,,,,,0,0,,part,134258,0,never_instantiated,0,,,,,0,0,,nation,25,0,never_instantiated,0,,,,,0,0,,orders,45574624,0,never_instantiated,0,,,,,0,0,lineitem,supplier,1000000,0,never_instantiated,0,,,,,0,0,,,,,,,,,,,,,,,,,,,,,,,,
Q09,1,8,1,219.23,,nation,25,0,never_instantiated,0,,,,,0,0,,supplier,1000000,0,never_instantiated,0,,,,,0,0,,part,1087982,0,never_instantiated,0,,,,,0,0,,partsupp,80000000,0,never_instantiated,0,,,,,0,0,lineitem,orders,150000000,0,never_instantiated,0,,,,,0,0,,,,,,,,,,,,,,,,,,,,,,,,,,,,,,,,,,,,,,,,,,,,,,,,
Q10,1,8,1,44.59,,nation,25,0,never_instantiated,0,,,,,0,0,customer,,11463171,0,never_instantiated,0,,,,,0,0,lineitem,orders,5730378,0,never_instantiated,0,,,,,0,0,,,,,,,,,,,,,,,,,,,,,,,,,,,,,,,,,,,,,,,,,,,,,,,,,,,,,,,,,,,,,,,,,,,,,,,,
Q11,1,8,1,5.25,partsupp,,40045,0,never_instantiated,0,,,,,0,0,supplier,nation,1,0,never_instantiated,0,,,,,0,0,partsupp,,40045,0,never_instantiated,0,,,,,0,0,supplier,nation,1,0,never_instantiated,0,,,,,0,0,,,,,,,,,,,,,,,,,,,,,,,,,,,,,,,,,,,,,,,,,,,,,,,,,,,,,,,,,,,,
Q12,1,8,1,22.84,orders,lineitem,3115341,0,never_instantiated,0,,,,,0,0,,,,,,,,,,,,,,,,,,,,,,,,,,,,,,,,,,,,,,,,,,,,,,,,,,,,,,,,,,,,,,,,,,,,,,,,,,,,,,,,,,,,,,,,,,,,,,,,
Q13,1,8,1,56.08,orders,customer,15000000,0,never_instantiated,0,,,,,0,0,,,,,,,,,,,,,,,,,,,,,,,,,,,,,,,,,,,,,,,,,,,,,,,,,,,,,,,,,,,,,,,,,,,,,,,,,,,,,,,,,,,,,,,,,,,,,,,,
Q14,1,8,1,30.35,lineitem,part,20000000,0,never_instantiated,0,,,,,0,0,,,,,,,,,,,,,,,,,,,,,,,,,,,,,,,,,,,,,,,,,,,,,,,,,,,,,,,,,,,,,,,,,,,,,,,,,,,,,,,,,,,,,,,,,,,,,,,,
Q15,1,8,1,12.40,,,1,0,never_instantiated,0,,,,,0,0,supplier,,1000000,0,never_instantiated,0,,,,,0,0,,,,,,,,,,,,,,,,,,,,,,,,,,,,,,,,,,,,,,,,,,,,,,,,,,,,,,,,,,,,,,,,,,,,,,,,,,,,,,,,,,,,
Q16,1,8,1,12.99,,supplier,479,0,never_instantiated,0,,,,,0,0,partsupp,,2971749,0,never_instantiated,0,,,,,0,0,part,,8,0,never_instantiated,0,,,,,0,0,,,,,,,,,,,,,,,,,,,,,,,,,,,,,,,,,,,,,,,,,,,,,,,,,,,,,,,,,,,,,,,,,,,,,,,,
Q17,1,8,1,52.66,lineitem,part,20031,0,never_instantiated,0,,,,,0,0,,,600982,0,never_instantiated,0,,,,,0,0,lineitem,,20031,0,never_instantiated,0,,,,,0,0,,,,,,,,,,,,,,,,,,,,,,,,,,,,,,,,,,,,,,,,,,,,,,,,,,,,,,,,,,,,,,,,,,,,,,,,
Q18,1,8,1,177.72,,lineitem,6398,0,never_instantiated,0,,,,,0,0,,customer,14999999,0,never_instantiated,0,,,,,0,0,lineitem,orders,150000000,0,never_instantiated,0,,,,,0,0,,,,,,,,,,,,,,,,,,,,,,,,,,,,,,,,,,,,,,,,,,,,,,,,,,,,,,,,,,,,,,,,,,,,,,,,
Q19,1,8,1,42.22,lineitem,part,20000000,0,never_instantiated,0,,,,,0,0,,,,,,,,,,,,,,,,,,,,,,,,,,,,,,,,,,,,,,,,,,,,,,,,,,,,,,,,,,,,,,,,,,,,,,,,,,,,,,,,,,,,,,,,,,,,,,,,
Q20,1,8,1,33.31,,,40207,0,never_instantiated,0,,,,,0,0,partsupp,part,217222,0,never_instantiated,0,,,,,0,0,,,868888,0,never_instantiated,0,,,,,0,0,lineitem,,868888,0,never_instantiated,0,,,,,0,0,supplier,nation,1,0,never_instantiated,0,,,,,0,0,,,,,,,,,,,,,,,,,,,,,,,,,,,,,,,,,,,,,,,,,,,,,,,,
Q21,1,8,1,138.43,,nation,1,0,never_instantiated,0,,,,,0,0,,supplier,1000000,0,never_instantiated,0,,,,,0,0,lineitem,orders,73072502,0,never_instantiated,0,,,,,0,0,,,7313671,0,never_instantiated,0,,,,,0,0,lineitem,,7313658,0,never_instantiated,0,,,,,0,0,,,7048027,0,never_instantiated,0,,,,,0,0,lineitem,,7048014,0,never_instantiated,0,,,,,0,0,,,,,,,,,,,,,,,,,,,,,,,,
Q22,1,8,1,18.11,,,1909668,0,never_instantiated,0,,,,,0,0,orders,,1909668,0,never_instantiated,0,,,,,0,0,,,,,,,,,,,,,,,,,,,,,,,,,,,,,,,,,,,,,,,,,,,,,,,,,,,,,,,,,,,,,,,,,,,,,,,,,,,,,,,,,,,,
Q01,1,9,1,31.15,,,,,,,,,,,,,,,,,,,,,,,,,,,,,,,,,,,,,,,,,,,,,,,,,,,,,,,,,,,,,,,,,,,,,,,,,,,,,,,,,,,,,,,,,,,,,,,,,,,,,,,,,,,,
Q02,1,9,1,10.28,,region,1,0,never_instantiated,0,,,,,0,0,,part,79591,0,never_instantiated,0,,,,,0,0,,nation,25,0,never_instantiated,0,,,,,0,0,partsupp,supplier,1000000,0,never_instantiated,0,,,,,0,0,,,63825,0,never_instantiated,0,,,,,0,0,,,47107,0,never_instantiated,0,,,,,0,0,partsupp,,200535,0,never_instantiated,0,,,,,0,0,,region,1,0,never_instantiated,0,,,,,0,0,supplier,nation,25,0,never_instantiated,0,,,,,0,0
Q03,1,9,1,46.23,,customer,3000188,0,never_instantiated,0,,,,,0,0,lineitem,orders,72874383,0,never_instantiated,0,,,,,0,0,,,,,,,,,,,,,,,,,,,,,,,,,,,,,,,,,,,,,,,,,,,,,,,,,,,,,,,,,,,,,,,,,,,,,,,,,,,,,,,,,,,,
Q04,1,9,1,32.62,,,5733776,0,never_instantiated,0,,,,,0,0,lineitem,,5733776,0,never_instantiated,0,,,,,0,0,,,,,,,,,,,,,,,,,,,,,,,,,,,,,,,,,,,,,,,,,,,,,,,,,,,,,,,,,,,,,,,,,,,,,,,,,,,,,,,,,,,,
Q05,1,9,1,78.12,,region,1,0,never_instantiated,0,,,,,0,0,,nation,25,0,never_instantiated,0,,,,,0,0,,customer,14999999,0,never_instantiated,0,,,,,0,0,,orders,22760819,0,never_instantiated,0,,,,,0,0,lineitem,supplier,1000000,0,never_instantiated,0,,,,,0,0,,,,,,,,,,,,,,,,,,,,,,,,,,,,,,,,,,,,,,,,,,,,,,,,
Q06,1,9,1,9.09,,,,,,,,,,,,,,,,,,,,,,,,,,,,,,,,,,,,,,,,,,,,,,,,,,,,,,,,,,,,,,,,,,,,,,,,,,,,,,,,,,,,,,,,,,,,,,,,,,,,,,,,,,,,
Q07,1,9,1,52.79,,nation,2,0,never_instantiated,0,,,,,0,0,,customer,14999999,0,never_instantiated,0,,,,,0,0,orders,,14619080,0,never_instantiated,0,,,,,0,0,,nation,2,0,never_instantiated,0,,,,,0,0,lineitem,supplier,1000000,0,never_instantiated,0,,,,,0,0,,,,,,,,,,,,,,,,,,,,,,,,,,,,,,,,,,,,,,,,,,,,,,,,
Q08,1,9,1,94.77,,region,1,0,never_instantiated,0,,,,,0,0,,nation,25,0,never_instantiated,0,,,,,0,0,customer,,1222092,0,never_instantiated,0,,,,,0,0,,part,134258,0,never_instantiated,0,,,,,0,0,,nation,25,0,never_instantiated,0,,,,,0,0,,supplier,1000000,0,never_instantiated,0,,,,,0,0,lineitem,orders,45574624,0,never_instantiated,0,,,,,0,0,,,,,,,,,,,,,,,,,,,,,,,,
Q09,1,9,1,123.50,,nation,25,0,never_instantiated,0,,,,,0,0,,partsupp,80000000,0,never_instantiated,0,,,,,0,0,,orders,150000000,0,never_instantiated,0,,,,,0,0,,supplier,1000000,0,never_instantiated,0,,,,,0,0,lineitem,part,1087982,0,never_instantiated,0,,,,,0,0,,,,,,,,,,,,,,,,,,,,,,,,,,,,,,,,,,,,,,,,,,,,,,,,
Q10,1,9,1,44.41,,nation,25,0,never_instantiated,0,,,,,0,0,customer,,11463171,0,never_instantiated,0,,,,,0,0,lineitem,orders,5730378,0,never_instantiated,0,,,,,0,0,,,,,,,,,,,,,,,,,,,,,,,,,,,,,,,,,,,,,,,,,,,,,,,,,,,,,,,,,,,,,,,,,,,,,,,,
Q11,1,9,1,6.46,,nation,1,0,never_instantiated,0,,,,,0,0,partsupp,supplier,1000000,0,never_instantiated,0,,,,,0,0,partsupp,,40045,0,never_instantiated,0,,,,,0,0,supplier,nation,1,0,never_instantiated,0,,,,,0,0,,,,,,,,,,,,,,,,,,,,,,,,,,,,,,,,,,,,,,,,,,,,,,,,,,,,,,,,,,,,
Q12,1,9,1,22.86,orders,lineitem,3115341,0,never_instantiated,0,,,,,0,0,,,,,,,,,,,,,,,,,,,,,,,,,,,,,,,,,,,,,,,,,,,,,,,,,,,,,,,,,,,,,,,,,,,,,,,,,,,,,,,,,,,,,,,,,,,,,,,,
Q13,1,9,1,54.92,orders,customer,15000000,0,never_instantiated,0,,,,,0,0,,,,,,,,,,,,,,,,,,,,,,,,,,,,,,,,,,,,,,,,,,,,,,,,,,,,,,,,,,,,,,,,,,,,,,,,,,,,,,,,,,,,,,,,,,,,,,,,
Q14,1,9,1,30.89,lineitem,part,20000000,0,never_instantiated,0,,,,,0,0,,,,,,,,,,,,,,,,,,,,,,,,,,,,,,,,,,,,,,,,,,,,,,,,,,,,,,,,,,,,,,,,,,,,,,,,,,,,,,,,,,,,,,,,,,,,,,,,
Q15,1,9,1,12.36,,,1,0,never_instantiated,0,,,,,0,0,supplier,,1000000,0,never_instantiated,0,,,,,0,0,,,,,,,,,,,,,,,,,,,,,,,,,,,,,,,,,,,,,,,,,,,,,,,,,,,,,,,,,,,,,,,,,,,,,,,,,,,,,,,,,,,,
Q16,1,9,1,13.21,,supplier,479,0,never_instantiated,0,,,,,0,0,partsupp,,2971749,0,never_instantiated,0,,,,,0,0,part,,8,0,never_instantiated,0,,,,,0,0,,,,,,,,,,,,,,,,,,,,,,,,,,,,,,,,,,,,,,,,,,,,,,,,,,,,,,,,,,,,,,,,,,,,,,,,
Q17,1,9,1,52.41,lineitem,part,20031,0,never_instantiated,0,,,,,0,0,,,600982,0,never_instantiated,0,,,,,0,0,lineitem,,20031,0,never_instantiated,0,,,,,0,0,,,,,,,,,,,,,,,,,,,,,,,,,,,,,,,,,,,,,,,,,,,,,,,,,,,,,,,,,,,,,,,,,,,,,,,,
Q18,1,9,1,177.20,,lineitem,6398,0,never_instantiated,0,,,,,0,0,,customer,14999999,0,never_instantiated,0,,,,,0,0,lineitem,orders,150000000,0,never_instantiated,0,,,,,0,0,,,,,,,,,,,,,,,,,,,,,,,,,,,,,,,,,,,,,,,,,,,,,,,,,,,,,,,,,,,,,,,,,,,,,,,,
Q19,1,9,1,41.83,lineitem,part,20000000,0,never_instantiated,0,,,,,0,0,,,,,,,,,,,,,,,,,,,,,,,,,,,,,,,,,,,,,,,,,,,,,,,,,,,,,,,,,,,,,,,,,,,,,,,,,,,,,,,,,,,,,,,,,,,,,,,,
Q20,1,9,1,33.50,,,40207,0,never_instantiated,0,,,,,0,0,partsupp,part,217222,0,never_instantiated,0,,,,,0,0,,,868888,0,never_instantiated,0,,,,,0,0,lineitem,,868888,0,never_instantiated,0,,,,,0,0,supplier,nation,1,0,never_instantiated,0,,,,,0,0,,,,,,,,,,,,,,,,,,,,,,,,,,,,,,,,,,,,,,,,,,,,,,,,
Q21,1,9,1,119.27,orders,,15146702,0,never_instantiated,0,,,,,0,0,,nation,1,0,never_instantiated,0,,,,,0,0,lineitem,supplier,1000000,0,never_instantiated,0,,,,,0,0,,,7313671,0,never_instantiated,0,,,,,0,0,lineitem,,7313658,0,never_instantiated,0,,,,,0,0,,,7048027,0,never_instantiated,0,,,,,0,0,lineitem,,7048014,0,never_instantiated,0,,,,,0,0,,,,,,,,,,,,,,,,,,,,,,,,
Q22,1,9,1,18.02,,,1909668,0,never_instantiated,0,,,,,0,0,orders,,1909668,0,never_instantiated,0,,,,,0,0,,,,,,,,,,,,,,,,,,,,,,,,,,,,,,,,,,,,,,,,,,,,,,,,,,,,,,,,,,,,,,,,,,,,,,,,,,,,,,,,,,,,
Q01,1,10,1,31.34,,,,,,,,,,,,,,,,,,,,,,,,,,,,,,,,,,,,,,,,,,,,,,,,,,,,,,,,,,,,,,,,,,,,,,,,,,,,,,,,,,,,,,,,,,,,,,,,,,,,,,,,,,,,
Q02,1,10,1,8.90,,region,1,0,never_instantiated,0,,,,,0,0,,nation,25,0,never_instantiated,0,,,,,0,0,,supplier,1000000,0,never_instantiated,0,,,,,0,0,partsupp,part,79591,0,never_instantiated,0,,,,,0,0,,,63825,0,never_instantiated,0,,,,,0,0,,,47107,0,never_instantiated,0,,,,,0,0,,region,1,0,never_instantiated,0,,,,,0,0,partsupp,,1000000,0,never_instantiated,0,,,,,0,0,supplier,nation,25,0,never_instantiated,0,,,,,0,0
Q03,1,10,1,46.52,,customer,3000188,0,never_instantiated,0,,,,,0,0,lineitem,orders,72874383,0,never_instantiated,0,,,,,0,0,,,,,,,,,,,,,,,,,,,,,,,,,,,,,,,,,,,,,,,,,,,,,,,,,,,,,,,,,,,,,,,,,,,,,,,,,,,,,,,,,,,,
Q04,1,10,1,32.86,,,5733776,0,never_instantiated,0,,,,,0,0,lineitem,,5733776,0,never_instantiated,0,,,,,0,0,,,,,,,,,,,,,,,,,,,,,,,,,,,,,,,,,,,,,,,,,,,,,,,,,,,,,,,,,,,,,,,,,,,,,,,,,,,,,,,,,,,,
Q05,1,10,1,75.00,,region,1,0,never_instantiated,0,,,,,0,0,,nation,25,0,never_instantiated,0,,,,,0,0,,customer,14999999,0,never_instantiated,0,,,,,0,0,,supplier,1000000,0,never_instantiated,0,,,,,0,0,lineitem,orders,22760819,0,never_instantiated,0,,,,,0,0,,,,,,,,,,,,,,,,,,,,,,,,,,,,,,,,,,,,,,,,,,,,,,,,
Q06,1,10,1,9.10,,,,,,,,,,,,,,,,,,,,,,,,,,,,,,,,,,,,,,,,,,,,,,,,,,,,,,,,,,,,,,,,,,,,,,,,,,,,,,,,,,,,,,,,,,,,,,,,,,,,,,,,,,,,
Q07,1,10,1,73.94,,nation,2,0,never_instantiated,0,,,,,0,0,,customer,14999999,0,never_instantiated,0,,,,,0,0,,nation,2,0,never_instantiated,0,,,,,0,0,,supplier,1000000,0,never_instantiated,0,,,,,0,0,lineitem,orders,150000000,0,never_instantiated,0,,,,,0,0,,,,,,,,,,,,,,,,,,,,,,,,,,,,,,,,,,,,,,,,,,,,,,,,
Q08,1,10,1,46.52,,region,1,0,never_instantiated,0,,,,,0,0,,nation,25,0,never_instantiated,0,,,,,0,0,customer,,1222092,0,never_instantiated,0,,,,,0,0,orders,,4025859,0,never_instantiated,0,,,,,0,0,,nation,25,0,never_instantiated,0,,,,,0,0,,supplier,1000000,0,never_instantiated,0,,,,,0,0,lineitem,part,134258,0,never_instantiated,0,,,,,0,0,,,,,,,,,,,,,,,,,,,,,,,,
Q09,1,10,1,222.16,,nation,25,0,never_instantiated,0,,,,,0,0,,part,1087982,0,never_instantiated,0,,,,,0,0,,orders,150000000,0,never_instantiated,0,,,,,0,0,,supplier,1000000,0,never_instantiated,0,,,,,0,0,lineitem,partsupp,80000000,0,never_instantiated,0,,,,,0,0,,,,,,,,,,,,,,,,,,,,,,,,,,,,,,,,,,,,,,,,,,,,,,,,
Q10,1,10,1,43.68,,nation,25,0,never_instantiated,0,,,,,0,0,customer,,11463171,0,never_instantiated,0,,,,,0,0,lineitem,orders,5730378,0,never_instantiated,0,,,,,0,0,,,,,,,,,,,,,,,,,,,,,,,,,,,,,,,,,,,,,,,,,,,,,,,,,,,,,,,,,,,,,,,,,,,,,,,,
Q11,1,10,1,5.26,partsupp,,40045,0,never_instantiated,0,,,,,0,0,supplier,nation,1,0,never_instantiated,0,,,,,0,0,partsupp,,40045,0,never_instantiated,0,,,,,0,0,supplier,nation,1,0,never_instantiated,0,,,,,0,0,,,,,,,,,,,,,,,,,,,,,,,,,,,,,,,,,,,,,,,,,,,,,,,,,,,,,,,,,,,,
Q12,1,10,1,22.92,orders,lineitem,3115341,0,never_instantiated,0,,,,,0,0,,,,,,,,,,,,,,,,,,,,,,,,,,,,,,,,,,,,,,,,,,,,,,,,,,,,,,,,,,,,,,,,,,,,,,,,,,,,,,,,,,,,,,,,,,,,,,,,
Q13,1,10,1,55.89,orders,customer,15000000,0,never_instantiated,0,,,,,0,0,,,,,,,,,,,,,,,,,,,,,,,,,,,,,,,,,,,,,,,,,,,,,,,,,,,,,,,,,,,,,,,,,,,,,,,,,,,,,,,,,,,,,,,,,,,,,,,,
Q14,1,10,1,30.12,lineitem,part,20000000,0,never_instantiated,0,,,,,0,0,,,,,,,,,,,,,,,,,,,,,,,,,,,,,,,,,,,,,,,,,,,,,,,,,,,,,,,,,,,,,,,,,,,,,,,,,,,,,,,,,,,,,,,,,,,,,,,,
Q15,1,10,1,12.40,,,1,0,never_instantiated,0,,,,,0,0,supplier,,1000000,0,never_instantiated,0,,,,,0,0,,,,,,,,,,,,,,,,,,,,,,,,,,,,,,,,,,,,,,,,,,,,,,,,,,,,,,,,,,,,,,,,,,,,,,,,,,,,,,,,,,,,
Q16,1,10,1,13.05,,supplier,479,0,never_instantiated,0,,,,,0,0,partsupp,,2971749,0,never_instantiated,0,,,,,0,0,part,,8,0,never_instantiated,0,,,,,0,0,,,,,,,,,,,,,,,,,,,,,,,,,,,,,,,,,,,,,,,,,,,,,,,,,,,,,,,,,,,,,,,,,,,,,,,,
Q17,1,10,1,52.05,lineitem,part,20031,0,never_instantiated,0,,,,,0,0,,,600982,0,never_instantiated,0,,,,,0,0,lineitem,,20031,0,never_instantiated,0,,,,,0,0,,,,,,,,,,,,,,,,,,,,,,,,,,,,,,,,,,,,,,,,,,,,,,,,,,,,,,,,,,,,,,,,,,,,,,,,
Q18,1,10,1,176.77,,lineitem,6398,0,never_instantiated,0,,,,,0,0,,customer,14999999,0,never_instantiated,0,,,,,0,0,lineitem,orders,150000000,0,never_instantiated,0,,,,,0,0,,,,,,,,,,,,,,,,,,,,,,,,,,,,,,,,,,,,,,,,,,,,,,,,,,,,,,,,,,,,,,,,,,,,,,,,
Q19,1,10,1,41.34,lineitem,part,20000000,0,never_instantiated,0,,,,,0,0,,,,,,,,,,,,,,,,,,,,,,,,,,,,,,,,,,,,,,,,,,,,,,,,,,,,,,,,,,,,,,,,,,,,,,,,,,,,,,,,,,,,,,,,,,,,,,,,
Q20,1,10,1,34.34,,,40207,0,never_instantiated,0,,,,,0,0,partsupp,part,217222,0,never_instantiated,0,,,,,0,0,,,868888,0,never_instantiated,0,,,,,0,0,lineitem,,868888,0,never_instantiated,0,,,,,0,0,supplier,nation,1,0,never_instantiated,0,,,,,0,0,,,,,,,,,,,,,,,,,,,,,,,,,,,,,,,,,,,,,,,,,,,,,,,,
Q21,1,10,1,138.40,,nation,1,0,never_instantiated,0,,,,,0,0,,supplier,1000000,0,never_instantiated,0,,,,,0,0,lineitem,orders,73072502,0,never_instantiated,0,,,,,0,0,,,7313671,0,never_instantiated,0,,,,,0,0,lineitem,,7313658,0,never_instantiated,0,,,,,0,0,,,7048027,0,never_instantiated,0,,,,,0,0,lineitem,,7048014,0,never_instantiated,0,,,,,0,0,,,,,,,,,,,,,,,,,,,,,,,,
Q22,1,10,1,18.74,,,1909668,0,never_instantiated,0,,,,,0,0,orders,,1909668,0,never_instantiated,0,,,,,0,0,,,,,,,,,,,,,,,,,,,,,,,,,,,,,,,,,,,,,,,,,,,,,,,,,,,,,,,,,,,,,,,,,,,,,,,,,,,,,,,,,,,,
Q01,1,11,1,31.10,,,,,,,,,,,,,,,,,,,,,,,,,,,,,,,,,,,,,,,,,,,,,,,,,,,,,,,,,,,,,,,,,,,,,,,,,,,,,,,,,,,,,,,,,,,,,,,,,,,,,,,,,,,,
Q02,1,11,1,11.14,,region,1,0,never_instantiated,0,,,,,0,0,,nation,25,0,never_instantiated,0,,,,,0,0,,part,79591,0,never_instantiated,0,,,,,0,0,partsupp,supplier,1000000,0,never_instantiated,0,,,,,0,0,,,63825,0,never_instantiated,0,,,,,0,0,,,47107,0,never_instantiated,0,,,,,0,0,,region,1,0,never_instantiated,0,,,,,0,0,,nation,25,0,never_instantiated,0,,,,,0,0,partsupp,supplier,1000000,0,never_instantiated,0,,,,,0,0
Q03,1,11,1,46.42,,customer,3000188,0,never_instantiated,0,,,,,0,0,lineitem,orders,72874383,0,never_instantiated,0,,,,,0,0,,,,,,,,,,,,,,,,,,,,,,,,,,,,,,,,,,,,,,,,,,,,,,,,,,,,,,,,,,,,,,,,,,,,,,,,,,,,,,,,,,,,
Q04,1,11,1,32.87,,,5733776,0,never_instantiated,0,,,,,0,0,lineitem,,5733776,0,never_instantiated,0,,,,,0,0,,,,,,,,,,,,,,,,,,,,,,,,,,,,,,,,,,,,,,,,,,,,,,,,,,,,,,,,,,,,,,,,,,,,,,,,,,,,,,,,,,,,
Q05,1,11,1,81.72,,customer,14999999,0,never_instantiated,0,,,,,0,0,,region,1,0,never_instantiated,0,,,,,0,0,,nation,25,0,never_instantiated,0,,,,,0,0,,orders,22760819,0,never_instantiated,0,,,,,0,0,lineitem,supplier,1000000,0,never_instantiated,0,,,,,0,0,,,,,,,,,,,,,,,,,,,,,,,,,,,,,,,,,,,,,,,,,,,,,,,,
Q06,1,11,1,9.04,,,,,,,,,,,,,,,,,,,,,,,,,,,,,,,,,,,,,,,,,,,,,,,,,,,,,,,,,,,,,,,,,,,,,,,,,,,,,,,,,,,,,,,,,,,,,,,,,,,,,,,,,,,,
Q07,1,11,1,87.60,,nation,2,0,never_instantiated,0,,,,,0,0,,nation,2,0,never_instantiated,0,,,,,0,0,,customer,14999999,0,never_instantiated,0,,,,,0,0,orders,,182301190,0,never_instantiated,0,,,,,0,0,lineitem,supplier,1000000,0,never_instantiated,0,,,,,0,0,,,,,,,,,,,,,,,,,,,,,,,,,,,,,,,,,,,,,,,,,,,,,,,,
Q08,1,11,1,59.20,,region,1,0,never_instantiated,0,,,,,0,0,,nation,25,0,never_instantiated,0,,,,,0,0,customer,,1222092,0,never_instantiated,0,,,,,0,0,,nation,25,0,never_instantiated,0,,,,,0,0,orders,,4025859,0,never_instantiated,0,,,,,0,0,,part,134258,0,never_instantiated,0,,,,,0,0,lineitem,supplier,1000000,0,never_instantiated,0,,,,,0,0,,,,,,,,,,,,,,,,,,,,,,,,
Q09,1,11,1,205.47,,orders,150000000,0,never_instantiated,0,,,,,0,0,,part,1087982,0,never_instantiated,0,,,,,0,0,,nation,25,0,never_instantiated,0,,,,,0,0,,partsupp,80000000,0,never_instantiated,0,,,,,0,0,lineitem,supplier,1000000,0,never_instantiated,0,,,,,0,0,,,,,,,,,,,,,,,,,,,,,,,,,,,,,,,,,,,,,,,,,,,,,,,,
Q10,1,11,1,44.21,,nation,25,0,never_instantiated,0,,,,,0,0,customer,,11463171,0,never_instantiated,0,,,,,0,0,lineitem,orders,5730378,0,never_instantiated,0,,,,,0,0,,,,,,,,,,,,,,,,,,,,,,,,,,,,,,,,,,,,,,,,,,,,,,,,,,,,,,,,,,,,,,,,,,,,,,,,
Q11,1,11,1,7.90,,nation,1,0,never_instantiated,0,,,,,0,0,partsupp,supplier,1000000,0,never_instantiated,0,,,,,0,0,,nation,1,0,never_instantiated,0,,,,,0,0,partsupp,supplier,1000000,0,never_instantiated,0,,,,,0,0,,,,,,,,,,,,,,,,,,,,,,,,,,,,,,,,,,,,,,,,,,,,,,,,,,,,,,,,,,,,
Q12,1,11,1,22.70,orders,lineitem,3115341,0,never_instantiated,0,,,,,0,0,,,,,,,,,,,,,,,,,,,,,,,,,,,,,,,,,,,,,,,,,,,,,,,,,,,,,,,,,,,,,,,,,,,,,,,,,,,,,,,,,,,,,,,,,,,,,,,,
Q13,1,11,1,56.08,orders,customer,15000000,0,never_instantiated,0,,,,,0,0,,,,,,,,,,,,,,,,,,,,,,,,,,,,,,,,,,,,,,,,,,,,,,,,,,,,,,,,,,,,,,,,,,,,,,,,,,,,,,,,,,,,,,,,,,,,,,,,
Q14,1,11,1,30.49,lineitem,part,20000000,0,never_instantiated,0,,,,,0,0,,,,,,,,,,,,,,,,,,,,,,,,,,,,,,,,,,,,,,,,,,,,,,,,,,,,,,,,,,,,,,,,,,,,,,,,,,,,,,,,,,,,,,,,,,,,,,,,
Q15,1,11,1,12.20,,,1,0,never_instantiated,0,,,,,0,0,supplier,,1000000,0,never_instantiated,0,,,,,0,0,,,,,,,,,,,,,,,,,,,,,,,,,,,,,,,,,,,,,,,,,,,,,,,,,,,,,,,,,,,,,,,,,,,,,,,,,,,,,,,,,,,,
Q16,1,11,1,13.16,,supplier,479,0,never_instantiated,0,,,,,0,0,partsupp,,2971749,0,never_instantiated,0,,,,,0,0,part,,8,0,never_instantiated,0,,,,,0,0,,,,,,,,,,,,,,,,,,,,,,,,,,,,,,,,,,,,,,,,,,,,,,,,,,,,,,,,,,,,,,,,,,,,,,,,
Q17,1,11,1,52.81,lineitem,part,20031,0,never_instantiated,0,,,,,0,0,,,600982,0,never_instantiated,0,,,,,0,0,lineitem,,20031,0,never_instantiated,0,,,,,0,0,,,,,,,,,,,,,,,,,,,,,,,,,,,,,,,,,,,,,,,,,,,,,,,,,,,,,,,,,,,,,,,,,,,,,,,,
Q18,1,11,1,177.45,,lineitem,6398,0,never_instantiated,0,,,,,0,0,,customer,14999999,0,never_instantiated,0,,,,,0,0,lineitem,orders,150000000,0,never_instantiated,0,,,,,0,0,,,,,,,,,,,,,,,,,,,,,,,,,,,,,,,,,,,,,,,,,,,,,,,,,,,,,,,,,,,,,,,,,,,,,,,,
Q19,1,11,1,42.53,lineitem,part,20000000,0,never_instantiated,0,,,,,0,0,,,,,,,,,,,,,,,,,,,,,,,,,,,,,,,,,,,,,,,,,,,,,,,,,,,,,,,,,,,,,,,,,,,,,,,,,,,,,,,,,,,,,,,,,,,,,,,,
Q20,1,11,1,33.31,,,40207,0,never_instantiated,0,,,,,0,0,partsupp,part,217222,0,never_instantiated,0,,,,,0,0,,,868888,0,never_instantiated,0,,,,,0,0,lineitem,,868888,0,never_instantiated,0,,,,,0,0,supplier,nation,1,0,never_instantiated,0,,,,,0,0,,,,,,,,,,,,,,,,,,,,,,,,,,,,,,,,,,,,,,,,,,,,,,,,
Q21,1,11,1,142.02,,nation,1,0,never_instantiated,0,,,,,0,0,,orders,73072502,0,never_instantiated,0,,,,,0,0,lineitem,supplier,1000000,0,never_instantiated,0,,,,,0,0,,,7313671,0,never_instantiated,0,,,,,0,0,lineitem,,7313658,0,never_instantiated,0,,,,,0,0,,,7048027,0,never_instantiated,0,,,,,0,0,lineitem,,7048014,0,never_instantiated,0,,,,,0,0,,,,,,,,,,,,,,,,,,,,,,,,
Q22,1,11,1,18.37,,,1909668,0,never_instantiated,0,,,,,0,0,orders,,1909668,0,never_instantiated,0,,,,,0,0,,,,,,,,,,,,,,,,,,,,,,,,,,,,,,,,,,,,,,,,,,,,,,,,,,,,,,,,,,,,,,,,,,,,,,,,,,,,,,,,,,,,
Q01,1,12,1,31.37,,,,,,,,,,,,,,,,,,,,,,,,,,,,,,,,,,,,,,,,,,,,,,,,,,,,,,,,,,,,,,,,,,,,,,,,,,,,,,,,,,,,,,,,,,,,,,,,,,,,,,,,,,,,
Q02,1,12,1,7.53,,region,1,0,never_instantiated,0,,,,,0,0,,nation,25,0,never_instantiated,0,,,,,0,0,,supplier,1000000,0,never_instantiated,0,,,,,0,0,partsupp,part,79591,0,never_instantiated,0,,,,,0,0,,,63825,0,never_instantiated,0,,,,,0,0,,,47107,0,never_instantiated,0,,,,,0,0,partsupp,,200535,0,never_instantiated,0,,,,,0,0,,region,1,0,never_instantiated,0,,,,,0,0,supplier,nation,25,0,never_instantiated,0,,,,,0,0
Q03,1,12,1,46.91,,customer,3000188,0,never_instantiated,0,,,,,0,0,lineitem,orders,72874383,0,never_instantiated,0,,,,,0,0,,,,,,,,,,,,,,,,,,,,,,,,,,,,,,,,,,,,,,,,,,,,,,,,,,,,,,,,,,,,,,,,,,,,,,,,,,,,,,,,,,,,
Q04,1,12,1,32.91,,,5733776,0,never_instantiated,0,,,,,0,0,lineitem,,5733776,0,never_instantiated,0,,,,,0,0,,,,,,,,,,,,,,,,,,,,,,,,,,,,,,,,,,,,,,,,,,,,,,,,,,,,,,,,,,,,,,,,,,,,,,,,,,,,,,,,,,,,
Q05,1,12,1,86.46,,supplier,1000000,0,never_instantiated,0,,,,,0,0,,region,1,0,never_instantiated,0,,,,,0,0,,nation,25,0,never_instantiated,0,,,,,0,0,,customer,14999999,0,never_instantiated,0,,,,,0,0,lineitem,orders,22760819,0,never_instantiated,0,,,,,0,0,,,,,,,,,,,,,,,,,,,,,,,,,,,,,,,,,,,,,,,,,,,,,,,,
Q06,1,12,1,9.04,,,,,,,,,,,,,,,,,,,,,,,,,,,,,,,,,,,,,,,,,,,,,,,,,,,,,,,,,,,,,,,,,,,,,,,,,,,,,,,,,,,,,,,,,,,,,,,,,,,,,,,,,,,,
Q07,1,12,1,89.76,,nation,2,0,never_instantiated,0,,,,,0,0,,supplier,1000000,0,never_instantiated,0,,,,,0,0,,nation,2,0,never_instantiated,0,,,,,0,0,,customer,14999999,0,never_instantiated,0,,,,,0,0,lineitem,orders,150000000,0,never_instantiated,0,,,,,0,0,,,,,,,,,,,,,,,,,,,,,,,,,,,,,,,,,,,,,,,,,,,,,,,,
Q08,1,12,1,128.41,,part,134258,0,never_instantiated,0,,,,,0,0,,region,1,0,never_instantiated,0,,,,,0,0,,nation,25,0,never_instantiated,0,,,,,0,0,,customer,14999999,0,never_instantiated,0,,,,,0,0,,nation,25,0,never_instantiated,0,,,,,0,0,,supplier,1000000,0,never_instantiated,0,,,,,0,0,lineitem,orders,45574624,0,never_instantiated,0,,,,,0,0,,,,,,,,,,,,,,,,,,,,,,,,
Q09,1,12,1,159.20,,partsupp,80000000,0,never_instantiated,0,,,,,0,0,,nation,25,0,never_instantiated,0,,,,,0,0,,part,1087982,0,never_instantiated,0,,,,,0,0,,supplier,1000000,0,never_instantiated,0,,,,,0,0,lineitem,orders,150000000,0,never_instantiated,0,,,,,0,0,,,,,,,,,,,,,,,,,,,,,,,,,,,,,,,,,,,,,,,,,,,,,,,,
Q10,1,12,1,44.24,,nation,25,0,never_instantiated,0,,,,,0,0,customer,,11463171,0,never_instantiated,0,,,,,0,0,lineitem,orders,5730378,0,never_instantiated,0,,,,,0,0,,,,,,,,,,,,,,,,,,,,,,,,,,,,,,,,,,,,,,,,,,,,,,,,,,,,,,,,,,,,,,,,,,,,,,,,
Q11,1,12,1,5.26,partsupp,,40045,0,never_instantiated,0,,,,,0,0,supplier,nation,1,0,never_instantiated,0,,,,,0,0,partsupp,,40045,0,never_instantiated,0,,,,,0,0,supplier,nation,1,0,never_instantiated,0,,,,,0,0,,,,,,,,,,,,,,,,,,,,,,,,,,,,,,,,,,,,,,,,,,,,,,,,,,,,,,,,,,,,
Q12,1,12,1,22.94,orders,lineitem,3115341,0,never_instantiated,0,,,,,0,0,,,,,,,,,,,,,,,,,,,,,,,,,,,,,,,,,,,,,,,,,,,,,,,,,,,,,,,,,,,,,,,,,,,,,,,,,,,,,,,,,,,,,,,,,,,,,,,,
Q13,1,12,1,55.64,orders,customer,15000000,0,never_instantiated,0,,,,,0,0,,,,,,,,,,,,,,,,,,,,,,,,,,,,,,,,,,,,,,,,,,,,,,,,,,,,,,,,,,,,,,,,,,,,,,,,,,,,,,,,,,,,,,,,,,,,,,,,
Q14,1,12,1,30.74,lineitem,part,20000000,0,never_instantiated,0,,,,,0,0,,,,,,,,,,,,,,,,,,,,,,,,,,,,,,,,,,,,,,,,,,,,,,,,,,,,,,,,,,,,,,,,,,,,,,,,,,,,,,,,,,,,,,,,,,,,,,,,
Q15,1,12,1,12.36,,,1,0,never_instantiated,0,,,,,0,0,supplier,,1000000,0,never_instantiated,0,,,,,0,0,,,,,,,,,,,,,,,,,,,,,,,,,,,,,,,,,,,,,,,,,,,,,,,,,,,,,,,,,,,,,,,,,,,,,,,,,,,,,,,,,,,,
Q16,1,12,1,13.35,,supplier,479,0,never_instantiated,0,,,,,0,0,partsupp,,2971749,0,never_instantiated,0,,,,,0,0,part,,8,0,never_instantiated,0,,,,,0,0,,,,,,,,,,,,,,,,,,,,,,,,,,,,,,,,,,,,,,,,,,,,,,,,,,,,,,,,,,,,,,,,,,,,,,,,
Q17,1,12,1,52.08,lineitem,part,20031,0,never_instantiated,0,,,,,0,0,,,600982,0,never_instantiated,0,,,,,0,0,lineitem,,20031,0,never_instantiated,0,,,,,0,0,,,,,,,,,,,,,,,,,,,,,,,,,,,,,,,,,,,,,,,,,,,,,,,,,,,,,,,,,,,,,,,,,,,,,,,,
Q18,1,12,1,177.75,,lineitem,6398,0,never_instantiated,0,,,,,0,0,,customer,14999999,0,never_instantiated,0,,,,,0,0,lineitem,orders,150000000,0,never_instantiated,0,,,,,0,0,,,,,,,,,,,,,,,,,,,,,,,,,,,,,,,,,,,,,,,,,,,,,,,,,,,,,,,,,,,,,,,,,,,,,,,,
Q19,1,12,1,42.36,lineitem,part,20000000,0,never_instantiated,0,,,,,0,0,,,,,,,,,,,,,,,,,,,,,,,,,,,,,,,,,,,,,,,,,,,,,,,,,,,,,,,,,,,,,,,,,,,,,,,,,,,,,,,,,,,,,,,,,,,,,,,,
Q20,1,12,1,33.58,,,40207,0,never_instantiated,0,,,,,0,0,partsupp,part,217222,0,never_instantiated,0,,,,,0,0,,,868888,0,never_instantiated,0,,,,,0,0,lineitem,,868888,0,never_instantiated,0,,,,,0,0,supplier,nation,1,0,never_instantiated,0,,,,,0,0,,,,,,,,,,,,,,,,,,,,,,,,,,,,,,,,,,,,,,,,,,,,,,,,
Q21,1,12,1,137.94,,nation,1,0,never_instantiated,0,,,,,0,0,,supplier,1000000,0,never_instantiated,0,,,,,0,0,lineitem,orders,73072502,0,never_instantiated,0,,,,,0,0,,,7313671,0,never_instantiated,0,,,,,0,0,lineitem,,7313658,0,never_instantiated,0,,,,,0,0,,,7048027,0,never_instantiated,0,,,,,0,0,lineitem,,7048014,0,never_instantiated,0,,,,,0,0,,,,,,,,,,,,,,,,,,,,,,,,
Q22,1,12,1,18.32,,,1909668,0,never_instantiated,0,,,,,0,0,orders,,1909668,0,never_instantiated,0,,,,,0,0,,,,,,,,,,,,,,,,,,,,,,,,,,,,,,,,,,,,,,,,,,,,,,,,,,,,,,,,,,,,,,,,,,,,,,,,,,,,,,,,,,,,
Q01,1,13,1,31.03,,,,,,,,,,,,,,,,,,,,,,,,,,,,,,,,,,,,,,,,,,,,,,,,,,,,,,,,,,,,,,,,,,,,,,,,,,,,,,,,,,,,,,,,,,,,,,,,,,,,,,,,,,,,
Q02,1,13,1,11.16,,region,1,0,never_instantiated,0,,,,,0,0,,nation,25,0,never_instantiated,0,,,,,0,0,,part,79591,0,never_instantiated,0,,,,,0,0,partsupp,supplier,1000000,0,never_instantiated,0,,,,,0,0,,,63825,0,never_instantiated,0,,,,,0,0,,,47107,0,never_instantiated,0,,,,,0,0,,region,1,0,never_instantiated,0,,,,,0,0,,nation,25,0,never_instantiated,0,,,,,0,0,partsupp,supplier,1000000,0,never_instantiated,0,,,,,0,0
Q03,1,13,1,46.15,,customer,3000188,0,never_instantiated,0,,,,,0,0,lineitem,orders,72874383,0,never_instantiated,0,,,,,0,0,,,,,,,,,,,,,,,,,,,,,,,,,,,,,,,,,,,,,,,,,,,,,,,,,,,,,,,,,,,,,,,,,,,,,,,,,,,,,,,,,,,,
Q04,1,13,1,32.65,,,5733776,0,never_instantiated,0,,,,,0,0,lineitem,,5733776,0,never_instantiated,0,,,,,0,0,,,,,,,,,,,,,,,,,,,,,,,,,,,,,,,,,,,,,,,,,,,,,,,,,,,,,,,,,,,,,,,,,,,,,,,,,,,,,,,,,,,,
Q05,1,13,1,9999999,,,,,,,,,,,,,,,,,,,,,,,,,,,,,,,,,,,,,,,,,,,,,,,,,,,,,,,,,,,,,,,,,,,,,,,,,,,,,,,,,,,,,,,,,,,,,,,,,,,,,,,,,,,,
Q06,1,13,1,9.01,,,,,,,,,,,,,,,,,,,,,,,,,,,,,,,,,,,,,,,,,,,,,,,,,,,,,,,,,,,,,,,,,,,,,,,,,,,,,,,,,,,,,,,,,,,,,,,,,,,,,,,,,,,,
Q07,1,13,1,79.23,,nation,2,0,never_instantiated,0,,,,,0,0,,customer,14999999,0,never_instantiated,0,,,,,0,0,,nation,2,0,never_instantiated,0,,,,,0,0,orders,,182301190,0,never_instantiated,0,,,,,0,0,lineitem,supplier,1000000,0,never_instantiated,0,,,,,0,0,,,,,,,,,,,,,,,,,,,,,,,,,,,,,,,,,,,,,,,,,,,,,,,,
Q08,1,13,1,47.37,,region,1,0,never_instantiated,0,,,,,0,0,,nation,25,0,never_instantiated,0,,,,,0,0,customer,,1222092,0,never_instantiated,0,,,,,0,0,orders,,4025859,0,never_instantiated,0,,,,,0,0,,nation,25,0,never_instantiated,0,,,,,0,0,,supplier,1000000,0,never_instantiated,0,,,,,0,0,lineitem,part,134258,0,never_instantiated,0,,,,,0,0,,,,,,,,,,,,,,,,,,,,,,,,
Q09,1,13,1,122.04,,nation,25,0,never_instantiated,0,,,,,0,0,,supplier,1000000,0,never_instantiated,0,,,,,0,0,,orders,150000000,0,never_instantiated,0,,,,,0,0,,partsupp,80000000,0,never_instantiated,0,,,,,0,0,lineitem,part,1087982,0,never_instantiated,0,,,,,0,0,,,,,,,,,,,,,,,,,,,,,,,,,,,,,,,,,,,,,,,,,,,,,,,,
Q10,1,13,1,43.31,,nation,25,0,never_instantiated,0,,,,,0,0,customer,,11463171,0,never_instantiated,0,,,,,0,0,lineitem,orders,5730378,0,never_instantiated,0,,,,,0,0,,,,,,,,,,,,,,,,,,,,,,,,,,,,,,,,,,,,,,,,,,,,,,,,,,,,,,,,,,,,,,,,,,,,,,,,
Q11,1,13,1,6.42,,nation,1,0,never_instantiated,0,,,,,0,0,partsupp,supplier,1000000,0,never_instantiated,0,,,,,0,0,partsupp,,40045,0,never_instantiated,0,,,,,0,0,supplier,nation,1,0,never_instantiated,0,,,,,0,0,,,,,,,,,,,,,,,,,,,,,,,,,,,,,,,,,,,,,,,,,,,,,,,,,,,,,,,,,,,,
Q12,1,13,1,22.78,orders,lineitem,3115341,0,never_instantiated,0,,,,,0,0,,,,,,,,,,,,,,,,,,,,,,,,,,,,,,,,,,,,,,,,,,,,,,,,,,,,,,,,,,,,,,,,,,,,,,,,,,,,,,,,,,,,,,,,,,,,,,,,
Q13,1,13,1,55.41,orders,customer,15000000,0,never_instantiated,0,,,,,0,0,,,,,,,,,,,,,,,,,,,,,,,,,,,,,,,,,,,,,,,,,,,,,,,,,,,,,,,,,,,,,,,,,,,,,,,,,,,,,,,,,,,,,,,,,,,,,,,,
Q14,1,13,1,30.92,lineitem,part,20000000,0,never_instantiated,0,,,,,0,0,,,,,,,,,,,,,,,,,,,,,,,,,,,,,,,,,,,,,,,,,,,,,,,,,,,,,,,,,,,,,,,,,,,,,,,,,,,,,,,,,,,,,,,,,,,,,,,,
Q15,1,13,1,12.39,,,1,0,never_instantiated,0,,,,,0,0,supplier,,1000000,0,never_instantiated,0,,,,,0,0,,,,,,,,,,,,,,,,,,,,,,,,,,,,,,,,,,,,,,,,,,,,,,,,,,,,,,,,,,,,,,,,,,,,,,,,,,,,,,,,,,,,
Q16,1,13,1,13.18,,supplier,479,0,never_instantiated,0,,,,,0,0,partsupp,,2971749,0,never_instantiated,0,,,,,0,0,part,,8,0,never_instantiated,0,,,,,0,0,,,,,,,,,,,,,,,,,,,,,,,,,,,,,,,,,,,,,,,,,,,,,,,,,,,,,,,,,,,,,,,,,,,,,,,,
Q17,1,13,1,52.32,lineitem,part,20031,0,never_instantiated,0,,,,,0,0,,,600982,0,never_instantiated,0,,,,,0,0,lineitem,,20031,0,never_instantiated,0,,,,,0,0,,,,,,,,,,,,,,,,,,,,,,,,,,,,,,,,,,,,,,,,,,,,,,,,,,,,,,,,,,,,,,,,,,,,,,,,
Q18,1,13,1,176.04,,lineitem,6398,0,never_instantiated,0,,,,,0,0,,customer,14999999,0,never_instantiated,0,,,,,0,0,lineitem,orders,150000000,0,never_instantiated,0,,,,,0,0,,,,,,,,,,,,,,,,,,,,,,,,,,,,,,,,,,,,,,,,,,,,,,,,,,,,,,,,,,,,,,,,,,,,,,,,
Q19,1,13,1,41.59,lineitem,part,20000000,0,never_instantiated,0,,,,,0,0,,,,,,,,,,,,,,,,,,,,,,,,,,,,,,,,,,,,,,,,,,,,,,,,,,,,,,,,,,,,,,,,,,,,,,,,,,,,,,,,,,,,,,,,,,,,,,,,
Q20,1,13,1,33.66,,,40207,0,never_instantiated,0,,,,,0,0,partsupp,part,217222,0,never_instantiated,0,,,,,0,0,,,868888,0,never_instantiated,0,,,,,0,0,lineitem,,868888,0,never_instantiated,0,,,,,0,0,supplier,nation,1,0,never_instantiated,0,,,,,0,0,,,,,,,,,,,,,,,,,,,,,,,,,,,,,,,,,,,,,,,,,,,,,,,,
Q21,1,13,1,140.87,,nation,1,0,never_instantiated,0,,,,,0,0,,orders,73072502,0,never_instantiated,0,,,,,0,0,lineitem,supplier,1000000,0,never_instantiated,0,,,,,0,0,,,7313671,0,never_instantiated,0,,,,,0,0,lineitem,,7313658,0,never_instantiated,0,,,,,0,0,,,7048027,0,never_instantiated,0,,,,,0,0,lineitem,,7048014,0,never_instantiated,0,,,,,0,0,,,,,,,,,,,,,,,,,,,,,,,,
Q22,1,13,1,18.23,,,1909668,0,never_instantiated,0,,,,,0,0,orders,,1909668,0,never_instantiated,0,,,,,0,0,,,,,,,,,,,,,,,,,,,,,,,,,,,,,,,,,,,,,,,,,,,,,,,,,,,,,,,,,,,,,,,,,,,,,,,,,,,,,,,,,,,,
Q01,1,14,1,31.41,,,,,,,,,,,,,,,,,,,,,,,,,,,,,,,,,,,,,,,,,,,,,,,,,,,,,,,,,,,,,,,,,,,,,,,,,,,,,,,,,,,,,,,,,,,,,,,,,,,,,,,,,,,,
Q02,1,14,1,9.57,,region,1,0,never_instantiated,0,,,,,0,0,,nation,25,0,never_instantiated,0,,,,,0,0,,supplier,1000000,0,never_instantiated,0,,,,,0,0,partsupp,part,79591,0,never_instantiated,0,,,,,0,0,,,63825,0,never_instantiated,0,,,,,0,0,,,47107,0,never_instantiated,0,,,,,0,0,,region,1,0,never_instantiated,0,,,,,0,0,,nation,25,0,never_instantiated,0,,,,,0,0,partsupp,supplier,1000000,0,never_instantiated,0,,,,,0,0
Q03,1,14,1,46.53,,customer,3000188,0,never_instantiated,0,,,,,0,0,lineitem,orders,72874383,0,never_instantiated,0,,,,,0,0,,,,,,,,,,,,,,,,,,,,,,,,,,,,,,,,,,,,,,,,,,,,,,,,,,,,,,,,,,,,,,,,,,,,,,,,,,,,,,,,,,,,
Q04,1,14,1,32.97,,,5733776,0,never_instantiated,0,,,,,0,0,lineitem,,5733776,0,never_instantiated,0,,,,,0,0,,,,,,,,,,,,,,,,,,,,,,,,,,,,,,,,,,,,,,,,,,,,,,,,,,,,,,,,,,,,,,,,,,,,,,,,,,,,,,,,,,,,
Q05,1,14,1,73.92,,region,1,0,never_instantiated,0,,,,,0,0,,nation,25,0,never_instantiated,0,,,,,0,0,,customer,14999999,0,never_instantiated,0,,,,,0,0,,supplier,1000000,0,never_instantiated,0,,,,,0,0,lineitem,orders,22760819,0,never_instantiated,0,,,,,0,0,,,,,,,,,,,,,,,,,,,,,,,,,,,,,,,,,,,,,,,,,,,,,,,,
Q06,1,14,1,9.06,,,,,,,,,,,,,,,,,,,,,,,,,,,,,,,,,,,,,,,,,,,,,,,,,,,,,,,,,,,,,,,,,,,,,,,,,,,,,,,,,,,,,,,,,,,,,,,,,,,,,,,,,,,,
Q07,1,14,1,73.97,,nation,2,0,never_instantiated,0,,,,,0,0,,customer,14999999,0,never_instantiated,0,,,,,0,0,,nation,2,0,never_instantiated,0,,,,,0,0,,supplier,1000000,0,never_instantiated,0,,,,,0,0,lineitem,orders,150000000,0,never_instantiated,0,,,,,0,0,,,,,,,,,,,,,,,,,,,,,,,,,,,,,,,,,,,,,,,,,,,,,,,,
Q08,1,14,1,129.84,,region,1,0,never_instantiated,0,,,,,0,0,,nation,25,0,never_instantiated,0,,,,,0,0,,part,134258,0,never_instantiated,0,,,,,0,0,,customer,14999999,0,never_instantiated,0,,,,,0,0,,orders,45574624,0,never_instantiated,0,,,,,0,0,,nation,25,0,never_instantiated,0,,,,,0,0,lineitem,supplier,1000000,0,never_instantiated,0,,,,,0,0,,,,,,,,,,,,,,,,,,,,,,,,
Q09,1,14,1,212.12,,nation,25,0,never_instantiated,0,,,,,0,0,,supplier,1000000,0,never_instantiated,0,,,,,0,0,,part,1087982,0,never_instantiated,0,,,,,0,0,,orders,150000000,0,never_instantiated,0,,,,,0,0,lineitem,partsupp,80000000,0,never_instantiated,0,,,,,0,0,,,,,,,,,,,,,,,,,,,,,,,,,,,,,,,,,,,,,,,,,,,,,,,,
Q10,1,14,1,44.12,,nation,25,0,never_instantiated,0,,,,,0,0,customer,,11463171,0,never_instantiated,0,,,,,0,0,lineitem,orders,5730378,0,never_instantiated,0,,,,,0,0,,,,,,,,,,,,,,,,,,,,,,,,,,,,,,,,,,,,,,,,,,,,,,,,,,,,,,,,,,,,,,,,,,,,,,,,
Q11,1,14,1,5.22,partsupp,,40045,0,never_instantiated,0,,,,,0,0,supplier,nation,1,0,never_instantiated,0,,,,,0,0,partsupp,,40045,0,never_instantiated,0,,,,,0,0,supplier,nation,1,0,never_instantiated,0,,,,,0,0,,,,,,,,,,,,,,,,,,,,,,,,,,,,,,,,,,,,,,,,,,,,,,,,,,,,,,,,,,,,
Q12,1,14,1,22.78,orders,lineitem,3115341,0,never_instantiated,0,,,,,0,0,,,,,,,,,,,,,,,,,,,,,,,,,,,,,,,,,,,,,,,,,,,,,,,,,,,,,,,,,,,,,,,,,,,,,,,,,,,,,,,,,,,,,,,,,,,,,,,,
Q13,1,14,1,56.08,orders,customer,15000000,0,never_instantiated,0,,,,,0,0,,,,,,,,,,,,,,,,,,,,,,,,,,,,,,,,,,,,,,,,,,,,,,,,,,,,,,,,,,,,,,,,,,,,,,,,,,,,,,,,,,,,,,,,,,,,,,,,
Q14,1,14,1,30.49,lineitem,part,20000000,0,never_instantiated,0,,,,,0,0,,,,,,,,,,,,,,,,,,,,,,,,,,,,,,,,,,,,,,,,,,,,,,,,,,,,,,,,,,,,,,,,,,,,,,,,,,,,,,,,,,,,,,,,,,,,,,,,
Q15,1,14,1,12.33,,,1,0,never_instantiated,0,,,,,0,0,supplier,,1000000,0,never_instantiated,0,,,,,0,0,,,,,,,,,,,,,,,,,,,,,,,,,,,,,,,,,,,,,,,,,,,,,,,,,,,,,,,,,,,,,,,,,,,,,,,,,,,,,,,,,,,,
Q16,1,14,1,13.37,,supplier,479,0,never_instantiated,0,,,,,0,0,partsupp,,2971749,0,never_instantiated,0,,,,,0,0,part,,8,0,never_instantiated,0,,,,,0,0,,,,,,,,,,,,,,,,,,,,,,,,,,,,,,,,,,,,,,,,,,,,,,,,,,,,,,,,,,,,,,,,,,,,,,,,
Q17,1,14,1,52.32,lineitem,part,20031,0,never_instantiated,0,,,,,0,0,,,600982,0,never_instantiated,0,,,,,0,0,lineitem,,20031,0,never_instantiated,0,,,,,0,0,,,,,,,,,,,,,,,,,,,,,,,,,,,,,,,,,,,,,,,,,,,,,,,,,,,,,,,,,,,,,,,,,,,,,,,,
Q18,1,14,1,178.42,,lineitem,6398,0,never_instantiated,0,,,,,0,0,,customer,14999999,0,never_instantiated,0,,,,,0,0,lineitem,orders,150000000,0,never_instantiated,0,,,,,0,0,,,,,,,,,,,,,,,,,,,,,,,,,,,,,,,,,,,,,,,,,,,,,,,,,,,,,,,,,,,,,,,,,,,,,,,,
Q19,1,14,1,41.80,lineitem,part,20000000,0,never_instantiated,0,,,,,0,0,,,,,,,,,,,,,,,,,,,,,,,,,,,,,,,,,,,,,,,,,,,,,,,,,,,,,,,,,,,,,,,,,,,,,,,,,,,,,,,,,,,,,,,,,,,,,,,,
Q20,1,14,1,33.69,,,40207,0,never_instantiated,0,,,,,0,0,partsupp,part,217222,0,never_instantiated,0,,,,,0,0,,,868888,0,never_instantiated,0,,,,,0,0,lineitem,,868888,0,never_instantiated,0,,,,,0,0,supplier,nation,1,0,never_instantiated,0,,,,,0,0,,,,,,,,,,,,,,,,,,,,,,,,,,,,,,,,,,,,,,,,,,,,,,,,
Q21,1,14,1,138.48,,nation,1,0,never_instantiated,0,,,,,0,0,,supplier,1000000,0,never_instantiated,0,,,,,0,0,lineitem,orders,73072502,0,never_instantiated,0,,,,,0,0,,,7313671,0,never_instantiated,0,,,,,0,0,lineitem,,7313658,0,never_instantiated,0,,,,,0,0,,,7048027,0,never_instantiated,0,,,,,0,0,lineitem,,7048014,0,never_instantiated,0,,,,,0,0,,,,,,,,,,,,,,,,,,,,,,,,
Q22,1,14,1,18.41,,,1909668,0,never_instantiated,0,,,,,0,0,orders,,1909668,0,never_instantiated,0,,,,,0,0,,,,,,,,,,,,,,,,,,,,,,,,,,,,,,,,,,,,,,,,,,,,,,,,,,,,,,,,,,,,,,,,,,,,,,,,,,,,,,,,,,,,
Q01,1,15,1,31.97,,,,,,,,,,,,,,,,,,,,,,,,,,,,,,,,,,,,,,,,,,,,,,,,,,,,,,,,,,,,,,,,,,,,,,,,,,,,,,,,,,,,,,,,,,,,,,,,,,,,,,,,,,,,
Q02,1,15,1,11.21,,region,1,0,never_instantiated,0,,,,,0,0,,nation,25,0,never_instantiated,0,,,,,0,0,,part,79591,0,never_instantiated,0,,,,,0,0,partsupp,supplier,1000000,0,never_instantiated,0,,,,,0,0,,,63825,0,never_instantiated,0,,,,,0,0,,,47107,0,never_instantiated,0,,,,,0,0,,region,1,0,never_instantiated,0,,,,,0,0,,nation,25,0,never_instantiated,0,,,,,0,0,partsupp,supplier,1000000,0,never_instantiated,0,,,,,0,0
Q03,1,15,1,46.09,,customer,3000188,0,never_instantiated,0,,,,,0,0,lineitem,orders,72874383,0,never_instantiated,0,,,,,0,0,,,,,,,,,,,,,,,,,,,,,,,,,,,,,,,,,,,,,,,,,,,,,,,,,,,,,,,,,,,,,,,,,,,,,,,,,,,,,,,,,,,,
Q04,1,15,1,32.73,,,5733776,0,never_instantiated,0,,,,,0,0,lineitem,,5733776,0,never_instantiated,0,,,,,0,0,,,,,,,,,,,,,,,,,,,,,,,,,,,,,,,,,,,,,,,,,,,,,,,,,,,,,,,,,,,,,,,,,,,,,,,,,,,,,,,,,,,,
Q05,1,15,1,88.60,,customer,14999999,0,never_instantiated,0,,,,,0,0,,region,1,0,never_instantiated,0,,,,,0,0,,orders,22760819,0,never_instantiated,0,,,,,0,0,,nation,25,0,never_instantiated,0,,,,,0,0,lineitem,supplier,1000000,0,never_instantiated,0,,,,,0,0,,,,,,,,,,,,,,,,,,,,,,,,,,,,,,,,,,,,,,,,,,,,,,,,
Q06,1,15,1,9.17,,,,,,,,,,,,,,,,,,,,,,,,,,,,,,,,,,,,,,,,,,,,,,,,,,,,,,,,,,,,,,,,,,,,,,,,,,,,,,,,,,,,,,,,,,,,,,,,,,,,,,,,,,,,
Q07,1,15,1,87.65,,nation,2,0,never_instantiated,0,,,,,0,0,,nation,2,0,never_instantiated,0,,,,,0,0,,customer,14999999,0,never_instantiated,0,,,,,0,0,orders,,182301190,0,never_instantiated,0,,,,,0,0,lineitem,supplier,1000000,0,never_instantiated,0,,,,,0,0,,,,,,,,,,,,,,,,,,,,,,,,,,,,,,,,,,,,,,,,,,,,,,,,
Q08,1,15,1,72.71,,region,1,0,never_instantiated,0,,,,,0,0,,nation,25,0,never_instantiated,0,,,,,0,0,customer,,1222092,0,never_instantiated,0,,,,,0,0,,nation,25,0,never_instantiated,0,,,,,0,0,,supplier,1000000,0,never_instantiated,0,,,,,0,0,,part,134258,0,never_instantiated,0,,,,,0,0,lineitem,orders,45574624,0,never_instantiated,0,,,,,0,0,,,,,,,,,,,,,,,,,,,,,,,,
Q09,1,15,1,156.79,,nation,25,0,never_instantiated,0,,,,,0,0,,partsupp,80000000,0,never_instantiated,0,,,,,0,0,,part,1087982,0,never_instantiated,0,,,,,0,0,,orders,150000000,0,never_instantiated,0,,,,,0,0,lineitem,supplier,1000000,0,never_instantiated,0,,,,,0,0,,,,,,,,,,,,,,,,,,,,,,,,,,,,,,,,,,,,,,,,,,,,,,,,
Q10,1,15,1,44.30,,nation,25,0,never_instantiated,0,,,,,0,0,customer,,11463171,0,never_instantiated,0,,,,,0,0,lineitem,orders,5730378,0,never_instantiated,0,,,,,0,0,,,,,,,,,,,,,,,,,,,,,,,,,,,,,,,,,,,,,,,,,,,,,,,,,,,,,,,,,,,,,,,,,,,,,,,,
Q11,1,15,1,7.73,,nation,1,0,never_instantiated,0,,,,,0,0,partsupp,supplier,1000000,0,never_instantiated,0,,,,,0,0,,nation,1,0,never_instantiated,0,,,,,0,0,partsupp,supplier,1000000,0,never_instantiated,0,,,,,0,0,,,,,,,,,,,,,,,,,,,,,,,,,,,,,,,,,,,,,,,,,,,,,,,,,,,,,,,,,,,,
Q12,1,15,1,22.98,orders,lineitem,3115341,0,never_instantiated,0,,,,,0,0,,,,,,,,,,,,,,,,,,,,,,,,,,,,,,,,,,,,,,,,,,,,,,,,,,,,,,,,,,,,,,,,,,,,,,,,,,,,,,,,,,,,,,,,,,,,,,,,
Q13,1,15,1,55.35,orders,customer,15000000,0,never_instantiated,0,,,,,0,0,,,,,,,,,,,,,,,,,,,,,,,,,,,,,,,,,,,,,,,,,,,,,,,,,,,,,,,,,,,,,,,,,,,,,,,,,,,,,,,,,,,,,,,,,,,,,,,,
Q14,1,15,1,30.30,lineitem,part,20000000,0,never_instantiated,0,,,,,0,0,,,,,,,,,,,,,,,,,,,,,,,,,,,,,,,,,,,,,,,,,,,,,,,,,,,,,,,,,,,,,,,,,,,,,,,,,,,,,,,,,,,,,,,,,,,,,,,,
Q15,1,15,1,12.31,,,1,0,never_instantiated,0,,,,,0,0,supplier,,1000000,0,never_instantiated,0,,,,,0,0,,,,,,,,,,,,,,,,,,,,,,,,,,,,,,,,,,,,,,,,,,,,,,,,,,,,,,,,,,,,,,,,,,,,,,,,,,,,,,,,,,,,
Q16,1,15,1,13.11,,supplier,479,0,never_instantiated,0,,,,,0,0,partsupp,,2971749,0,never_instantiated,0,,,,,0,0,part,,8,0,never_instantiated,0,,,,,0,0,,,,,,,,,,,,,,,,,,,,,,,,,,,,,,,,,,,,,,,,,,,,,,,,,,,,,,,,,,,,,,,,,,,,,,,,
Q17,1,15,1,51.96,lineitem,part,20031,0,never_instantiated,0,,,,,0,0,,,600982,0,never_instantiated,0,,,,,0,0,lineitem,,20031,0,never_instantiated,0,,,,,0,0,,,,,,,,,,,,,,,,,,,,,,,,,,,,,,,,,,,,,,,,,,,,,,,,,,,,,,,,,,,,,,,,,,,,,,,,
Q18,1,15,1,175.91,,lineitem,6398,0,never_instantiated,0,,,,,0,0,,customer,14999999,0,never_instantiated,0,,,,,0,0,lineitem,orders,150000000,0,never_instantiated,0,,,,,0,0,,,,,,,,,,,,,,,,,,,,,,,,,,,,,,,,,,,,,,,,,,,,,,,,,,,,,,,,,,,,,,,,,,,,,,,,
Q19,1,15,1,42.56,lineitem,part,20000000,0,never_instantiated,0,,,,,0,0,,,,,,,,,,,,,,,,,,,,,,,,,,,,,,,,,,,,,,,,,,,,,,,,,,,,,,,,,,,,,,,,,,,,,,,,,,,,,,,,,,,,,,,,,,,,,,,,
Q20,1,15,1,33.87,,,40207,0,never_instantiated,0,,,,,0,0,partsupp,part,217222,0,never_instantiated,0,,,,,0,0,,,868888,0,never_instantiated,0,,,,,0,0,lineitem,,868888,0,never_instantiated,0,,,,,0,0,supplier,nation,1,0,never_instantiated,0,,,,,0,0,,,,,,,,,,,,,,,,,,,,,,,,,,,,,,,,,,,,,,,,,,,,,,,,
Q21,1,15,1,141.55,,nation,1,0,never_instantiated,0,,,,,0,0,,orders,73072502,0,never_instantiated,0,,,,,0,0,lineitem,supplier,1000000,0,never_instantiated,0,,,,,0,0,,,7313671,0,never_instantiated,0,,,,,0,0,lineitem,,7313658,0,never_instantiated,0,,,,,0,0,,,7048027,0,never_instantiated,0,,,,,0,0,lineitem,,7048014,0,never_instantiated,0,,,,,0,0,,,,,,,,,,,,,,,,,,,,,,,,
Q22,1,15,1,17.91,,,1909668,0,never_instantiated,0,,,,,0,0,orders,,1909668,0,never_instantiated,0,,,,,0,0,,,,,,,,,,,,,,,,,,,,,,,,,,,,,,,,,,,,,,,,,,,,,,,,,,,,,,,,,,,,,,,,,,,,,,,,,,,,,,,,,,,,
Q01,1,16,1,31.33,,,,,,,,,,,,,,,,,,,,,,,,,,,,,,,,,,,,,,,,,,,,,,,,,,,,,,,,,,,,,,,,,,,,,,,,,,,,,,,,,,,,,,,,,,,,,,,,,,,,,,,,,,,,
Q02,1,16,1,7.47,,region,1,0,never_instantiated,0,,,,,0,0,,nation,25,0,never_instantiated,0,,,,,0,0,,supplier,1000000,0,never_instantiated,0,,,,,0,0,partsupp,part,79591,0,never_instantiated,0,,,,,0,0,,,63825,0,never_instantiated,0,,,,,0,0,,,47107,0,never_instantiated,0,,,,,0,0,partsupp,,200535,0,never_instantiated,0,,,,,0,0,,region,1,0,never_instantiated,0,,,,,0,0,supplier,nation,25,0,never_instantiated,0,,,,,0,0
Q03,1,16,1,46.91,,customer,3000188,0,never_instantiated,0,,,,,0,0,lineitem,orders,72874383,0,never_instantiated,0,,,,,0,0,,,,,,,,,,,,,,,,,,,,,,,,,,,,,,,,,,,,,,,,,,,,,,,,,,,,,,,,,,,,,,,,,,,,,,,,,,,,,,,,,,,,
Q04,1,16,1,32.76,,,5733776,0,never_instantiated,0,,,,,0,0,lineitem,,5733776,0,never_instantiated,0,,,,,0,0,,,,,,,,,,,,,,,,,,,,,,,,,,,,,,,,,,,,,,,,,,,,,,,,,,,,,,,,,,,,,,,,,,,,,,,,,,,,,,,,,,,,
Q05,1,16,1,74.50,,region,1,0,never_instantiated,0,,,,,0,0,,nation,25,0,never_instantiated,0,,,,,0,0,,customer,14999999,0,never_instantiated,0,,,,,0,0,,supplier,1000000,0,never_instantiated,0,,,,,0,0,lineitem,orders,22760819,0,never_instantiated,0,,,,,0,0,,,,,,,,,,,,,,,,,,,,,,,,,,,,,,,,,,,,,,,,,,,,,,,,
Q06,1,16,1,9.10,,,,,,,,,,,,,,,,,,,,,,,,,,,,,,,,,,,,,,,,,,,,,,,,,,,,,,,,,,,,,,,,,,,,,,,,,,,,,,,,,,,,,,,,,,,,,,,,,,,,,,,,,,,,
Q07,1,16,1,75.04,,nation,2,0,never_instantiated,0,,,,,0,0,,customer,14999999,0,never_instantiated,0,,,,,0,0,,nation,2,0,never_instantiated,0,,,,,0,0,,supplier,1000000,0,never_instantiated,0,,,,,0,0,lineitem,orders,150000000,0,never_instantiated,0,,,,,0,0,,,,,,,,,,,,,,,,,,,,,,,,,,,,,,,,,,,,,,,,,,,,,,,,
Q08,1,16,1,46.86,,region,1,0,never_instantiated,0,,,,,0,0,,nation,25,0,never_instantiated,0,,,,,0,0,customer,,1222092,0,never_instantiated,0,,,,,0,0,orders,,4025859,0,never_instantiated,0,,,,,0,0,,nation,25,0,never_instantiated,0,,,,,0,0,,supplier,1000000,0,never_instantiated,0,,,,,0,0,lineitem,part,134258,0,never_instantiated,0,,,,,0,0,,,,,,,,,,,,,,,,,,,,,,,,
Q09,1,16,1,148.87,,nation,25,0,never_instantiated,0,,,,,0,0,,supplier,1000000,0,never_instantiated,0,,,,,0,0,,partsupp,80000000,0,never_instantiated,0,,,,,0,0,,part,1087982,0,never_instantiated,0,,,,,0,0,lineitem,orders,150000000,0,never_instantiated,0,,,,,0,0,,,,,,,,,,,,,,,,,,,,,,,,,,,,,,,,,,,,,,,,,,,,,,,,
Q10,1,16,1,44.41,,nation,25,0,never_instantiated,0,,,,,0,0,customer,,11463171,0,never_instantiated,0,,,,,0,0,lineitem,orders,5730378,0,never_instantiated,0,,,,,0,0,,,,,,,,,,,,,,,,,,,,,,,,,,,,,,,,,,,,,,,,,,,,,,,,,,,,,,,,,,,,,,,,,,,,,,,,
Q11,1,16,1,5.17,partsupp,,40045,0,never_instantiated,0,,,,,0,0,supplier,nation,1,0,never_instantiated,0,,,,,0,0,partsupp,,40045,0,never_instantiated,0,,,,,0,0,supplier,nation,1,0,never_instantiated,0,,,,,0,0,,,,,,,,,,,,,,,,,,,,,,,,,,,,,,,,,,,,,,,,,,,,,,,,,,,,,,,,,,,,
Q12,1,16,1,22.38,orders,lineitem,3115341,0,never_instantiated,0,,,,,0,0,,,,,,,,,,,,,,,,,,,,,,,,,,,,,,,,,,,,,,,,,,,,,,,,,,,,,,,,,,,,,,,,,,,,,,,,,,,,,,,,,,,,,,,,,,,,,,,,
Q13,1,16,1,55.51,orders,customer,15000000,0,never_instantiated,0,,,,,0,0,,,,,,,,,,,,,,,,,,,,,,,,,,,,,,,,,,,,,,,,,,,,,,,,,,,,,,,,,,,,,,,,,,,,,,,,,,,,,,,,,,,,,,,,,,,,,,,,
Q14,1,16,1,30.48,lineitem,part,20000000,0,never_instantiated,0,,,,,0,0,,,,,,,,,,,,,,,,,,,,,,,,,,,,,,,,,,,,,,,,,,,,,,,,,,,,,,,,,,,,,,,,,,,,,,,,,,,,,,,,,,,,,,,,,,,,,,,,
Q15,1,16,1,12.36,,,1,0,never_instantiated,0,,,,,0,0,supplier,,1000000,0,never_instantiated,0,,,,,0,0,,,,,,,,,,,,,,,,,,,,,,,,,,,,,,,,,,,,,,,,,,,,,,,,,,,,,,,,,,,,,,,,,,,,,,,,,,,,,,,,,,,,
Q16,1,16,1,13.08,,supplier,479,0,never_instantiated,0,,,,,0,0,partsupp,,2971749,0,never_instantiated,0,,,,,0,0,part,,8,0,never_instantiated,0,,,,,0,0,,,,,,,,,,,,,,,,,,,,,,,,,,,,,,,,,,,,,,,,,,,,,,,,,,,,,,,,,,,,,,,,,,,,,,,,
Q17,1,16,1,52.40,lineitem,part,20031,0,never_instantiated,0,,,,,0,0,,,600982,0,never_instantiated,0,,,,,0,0,lineitem,,20031,0,never_instantiated,0,,,,,0,0,,,,,,,,,,,,,,,,,,,,,,,,,,,,,,,,,,,,,,,,,,,,,,,,,,,,,,,,,,,,,,,,,,,,,,,,
Q18,1,16,1,177.66,,lineitem,6398,0,never_instantiated,0,,,,,0,0,,customer,14999999,0,never_instantiated,0,,,,,0,0,lineitem,orders,150000000,0,never_instantiated,0,,,,,0,0,,,,,,,,,,,,,,,,,,,,,,,,,,,,,,,,,,,,,,,,,,,,,,,,,,,,,,,,,,,,,,,,,,,,,,,,
Q19,1,16,1,41.84,lineitem,part,20000000,0,never_instantiated,0,,,,,0,0,,,,,,,,,,,,,,,,,,,,,,,,,,,,,,,,,,,,,,,,,,,,,,,,,,,,,,,,,,,,,,,,,,,,,,,,,,,,,,,,,,,,,,,,,,,,,,,,
Q20,1,16,1,34.15,,,40207,0,never_instantiated,0,,,,,0,0,partsupp,part,217222,0,never_instantiated,0,,,,,0,0,,,868888,0,never_instantiated,0,,,,,0,0,lineitem,,868888,0,never_instantiated,0,,,,,0,0,supplier,nation,1,0,never_instantiated,0,,,,,0,0,,,,,,,,,,,,,,,,,,,,,,,,,,,,,,,,,,,,,,,,,,,,,,,,
Q21,1,16,1,136.82,,nation,1,0,never_instantiated,0,,,,,0,0,,supplier,1000000,0,never_instantiated,0,,,,,0,0,lineitem,orders,73072502,0,never_instantiated,0,,,,,0,0,,,7313671,0,never_instantiated,0,,,,,0,0,lineitem,,7313658,0,never_instantiated,0,,,,,0,0,,,7048027,0,never_instantiated,0,,,,,0,0,lineitem,,7048014,0,never_instantiated,0,,,,,0,0,,,,,,,,,,,,,,,,,,,,,,,,
Q22,1,16,1,18.05,,,1909668,0,never_instantiated,0,,,,,0,0,orders,,1909668,0,never_instantiated,0,,,,,0,0,,,,,,,,,,,,,,,,,,,,,,,,,,,,,,,,,,,,,,,,,,,,,,,,,,,,,,,,,,,,,,,,,,,,,,,,,,,,,,,,,,,,
Q01,1,17,1,31.37,,,,,,,,,,,,,,,,,,,,,,,,,,,,,,,,,,,,,,,,,,,,,,,,,,,,,,,,,,,,,,,,,,,,,,,,,,,,,,,,,,,,,,,,,,,,,,,,,,,,,,,,,,,,
Q02,1,17,1,9.35,,region,1,0,never_instantiated,0,,,,,0,0,,nation,25,0,never_instantiated,0,,,,,0,0,,part,79591,0,never_instantiated,0,,,,,0,0,partsupp,supplier,1000000,0,never_instantiated,0,,,,,0,0,,,63825,0,never_instantiated,0,,,,,0,0,,,47107,0,never_instantiated,0,,,,,0,0,partsupp,,200535,0,never_instantiated,0,,,,,0,0,,region,1,0,never_instantiated,0,,,,,0,0,supplier,nation,25,0,never_instantiated,0,,,,,0,0
Q03,1,17,1,46.01,,customer,3000188,0,never_instantiated,0,,,,,0,0,lineitem,orders,72874383,0,never_instantiated,0,,,,,0,0,,,,,,,,,,,,,,,,,,,,,,,,,,,,,,,,,,,,,,,,,,,,,,,,,,,,,,,,,,,,,,,,,,,,,,,,,,,,,,,,,,,,
Q04,1,17,1,32.63,,,5733776,0,never_instantiated,0,,,,,0,0,lineitem,,5733776,0,never_instantiated,0,,,,,0,0,,,,,,,,,,,,,,,,,,,,,,,,,,,,,,,,,,,,,,,,,,,,,,,,,,,,,,,,,,,,,,,,,,,,,,,,,,,,,,,,,,,,
Q05,1,17,1,86.68,,region,1,0,never_instantiated,0,,,,,0,0,,customer,14999999,0,never_instantiated,0,,,,,0,0,,nation,25,0,never_instantiated,0,,,,,0,0,,orders,22760819,0,never_instantiated,0,,,,,0,0,lineitem,supplier,1000000,0,never_instantiated,0,,,,,0,0,,,,,,,,,,,,,,,,,,,,,,,,,,,,,,,,,,,,,,,,,,,,,,,,
Q06,1,17,1,9.10,,,,,,,,,,,,,,,,,,,,,,,,,,,,,,,,,,,,,,,,,,,,,,,,,,,,,,,,,,,,,,,,,,,,,,,,,,,,,,,,,,,,,,,,,,,,,,,,,,,,,,,,,,,,
Q07,1,17,1,88.33,,nation,2,0,never_instantiated,0,,,,,0,0,,nation,2,0,never_instantiated,0,,,,,0,0,,customer,14999999,0,never_instantiated,0,,,,,0,0,orders,,182301190,0,never_instantiated,0,,,,,0,0,lineitem,supplier,1000000,0,never_instantiated,0,,,,,0,0,,,,,,,,,,,,,,,,,,,,,,,,,,,,,,,,,,,,,,,,,,,,,,,,
Q08,1,17,1,59.43,,nation,25,0,never_instantiated,0,,,,,0,0,,region,1,0,never_instantiated,0,,,,,0,0,,nation,25,0,never_instantiated,0,,,,,0,0,customer,,1222092,0,never_instantiated,0,,,,,0,0,orders,,4025859,0,never_instantiated,0,,,,,0,0,,part,134258,0,never_instantiated,0,,,,,0,0,lineitem,supplier,1000000,0,never_instantiated,0,,,,,0,0,,,,,,,,,,,,,,,,,,,,,,,,
Q09,1,17,1,125.22,,partsupp,80000000,0,never_instantiated,0,,,,,0,0,,orders,150000000,0,never_instantiated,0,,,,,0,0,,nation,25,0,never_instantiated,0,,,,,0,0,,supplier,1000000,0,never_instantiated,0,,,,,0,0,lineitem,part,1087982,0,never_instantiated,0,,,,,0,0,,,,,,,,,,,,,,,,,,,,,,,,,,,,,,,,,,,,,,,,,,,,,,,,
Q10,1,17,1,44.16,,nation,25,0,never_instantiated,0,,,,,0,0,customer,,11463171,0,never_instantiated,0,,,,,0,0,lineitem,orders,5730378,0,never_instantiated,0,,,,,0,0,,,,,,,,,,,,,,,,,,,,,,,,,,,,,,,,,,,,,,,,,,,,,,,,,,,,,,,,,,,,,,,,,,,,,,,,
Q11,1,17,1,7.88,,nation,1,0,never_instantiated,0,,,,,0,0,partsupp,supplier,1000000,0,never_instantiated,0,,,,,0,0,,nation,1,0,never_instantiated,0,,,,,0,0,partsupp,supplier,1000000,0,never_instantiated,0,,,,,0,0,,,,,,,,,,,,,,,,,,,,,,,,,,,,,,,,,,,,,,,,,,,,,,,,,,,,,,,,,,,,
Q12,1,17,1,22.49,orders,lineitem,3115341,0,never_instantiated,0,,,,,0,0,,,,,,,,,,,,,,,,,,,,,,,,,,,,,,,,,,,,,,,,,,,,,,,,,,,,,,,,,,,,,,,,,,,,,,,,,,,,,,,,,,,,,,,,,,,,,,,,
Q13,1,17,1,55.63,orders,customer,15000000,0,never_instantiated,0,,,,,0,0,,,,,,,,,,,,,,,,,,,,,,,,,,,,,,,,,,,,,,,,,,,,,,,,,,,,,,,,,,,,,,,,,,,,,,,,,,,,,,,,,,,,,,,,,,,,,,,,
Q14,1,17,1,30.38,lineitem,part,20000000,0,never_instantiated,0,,,,,0,0,,,,,,,,,,,,,,,,,,,,,,,,,,,,,,,,,,,,,,,,,,,,,,,,,,,,,,,,,,,,,,,,,,,,,,,,,,,,,,,,,,,,,,,,,,,,,,,,
Q15,1,17,1,12.37,,,1,0,never_instantiated,0,,,,,0,0,supplier,,1000000,0,never_instantiated,0,,,,,0,0,,,,,,,,,,,,,,,,,,,,,,,,,,,,,,,,,,,,,,,,,,,,,,,,,,,,,,,,,,,,,,,,,,,,,,,,,,,,,,,,,,,,
Q16,1,17,1,13.28,,supplier,479,0,never_instantiated,0,,,,,0,0,partsupp,,2971749,0,never_instantiated,0,,,,,0,0,part,,8,0,never_instantiated,0,,,,,0,0,,,,,,,,,,,,,,,,,,,,,,,,,,,,,,,,,,,,,,,,,,,,,,,,,,,,,,,,,,,,,,,,,,,,,,,,
Q17,1,17,1,52.49,lineitem,part,20031,0,never_instantiated,0,,,,,0,0,,,600982,0,never_instantiated,0,,,,,0,0,lineitem,,20031,0,never_instantiated,0,,,,,0,0,,,,,,,,,,,,,,,,,,,,,,,,,,,,,,,,,,,,,,,,,,,,,,,,,,,,,,,,,,,,,,,,,,,,,,,,
Q18,1,17,1,178.94,,lineitem,6398,0,never_instantiated,0,,,,,0,0,,customer,14999999,0,never_instantiated,0,,,,,0,0,lineitem,orders,150000000,0,never_instantiated,0,,,,,0,0,,,,,,,,,,,,,,,,,,,,,,,,,,,,,,,,,,,,,,,,,,,,,,,,,,,,,,,,,,,,,,,,,,,,,,,,
Q19,1,17,1,42.02,lineitem,part,20000000,0,never_instantiated,0,,,,,0,0,,,,,,,,,,,,,,,,,,,,,,,,,,,,,,,,,,,,,,,,,,,,,,,,,,,,,,,,,,,,,,,,,,,,,,,,,,,,,,,,,,,,,,,,,,,,,,,,
Q20,1,17,1,34.42,,,40207,0,never_instantiated,0,,,,,0,0,partsupp,part,217222,0,never_instantiated,0,,,,,0,0,,,868888,0,never_instantiated,0,,,,,0,0,lineitem,,868888,0,never_instantiated,0,,,,,0,0,supplier,nation,1,0,never_instantiated,0,,,,,0,0,,,,,,,,,,,,,,,,,,,,,,,,,,,,,,,,,,,,,,,,,,,,,,,,
Q21,1,17,1,141.86,,nation,1,0,never_instantiated,0,,,,,0,0,,orders,73072502,0,never_instantiated,0,,,,,0,0,lineitem,supplier,1000000,0,never_instantiated,0,,,,,0,0,,,7313671,0,never_instantiated,0,,,,,0,0,lineitem,,7313658,0,never_instantiated,0,,,,,0,0,,,7048027,0,never_instantiated,0,,,,,0,0,lineitem,,7048014,0,never_instantiated,0,,,,,0,0,,,,,,,,,,,,,,,,,,,,,,,,
Q22,1,17,1,18.41,,,1909668,0,never_instantiated,0,,,,,0,0,orders,,1909668,0,never_instantiated,0,,,,,0,0,,,,,,,,,,,,,,,,,,,,,,,,,,,,,,,,,,,,,,,,,,,,,,,,,,,,,,,,,,,,,,,,,,,,,,,,,,,,,,,,,,,,
Q01,1,18,1,31.10,,,,,,,,,,,,,,,,,,,,,,,,,,,,,,,,,,,,,,,,,,,,,,,,,,,,,,,,,,,,,,,,,,,,,,,,,,,,,,,,,,,,,,,,,,,,,,,,,,,,,,,,,,,,
Q02,1,18,1,9.61,,region,1,0,never_instantiated,0,,,,,0,0,,nation,25,0,never_instantiated,0,,,,,0,0,,supplier,1000000,0,never_instantiated,0,,,,,0,0,partsupp,part,79591,0,never_instantiated,0,,,,,0,0,,,63825,0,never_instantiated,0,,,,,0,0,,,47107,0,never_instantiated,0,,,,,0,0,,region,1,0,never_instantiated,0,,,,,0,0,,nation,25,0,never_instantiated,0,,,,,0,0,partsupp,supplier,1000000,0,never_instantiated,0,,,,,0,0
Q03,1,18,1,45.47,,customer,3000188,0,never_instantiated,0,,,,,0,0,lineitem,orders,72874383,0,never_instantiated,0,,,,,0,0,,,,,,,,,,,,,,,,,,,,,,,,,,,,,,,,,,,,,,,,,,,,,,,,,,,,,,,,,,,,,,,,,,,,,,,,,,,,,,,,,,,,
Q04,1,18,1,32.63,,,5733776,0,never_instantiated,0,,,,,0,0,lineitem,,5733776,0,never_instantiated,0,,,,,0,0,,,,,,,,,,,,,,,,,,,,,,,,,,,,,,,,,,,,,,,,,,,,,,,,,,,,,,,,,,,,,,,,,,,,,,,,,,,,,,,,,,,,
Q05,1,18,1,81.98,,region,1,0,never_instantiated,0,,,,,0,0,,customer,14999999,0,never_instantiated,0,,,,,0,0,,nation,25,0,never_instantiated,0,,,,,0,0,,supplier,1000000,0,never_instantiated,0,,,,,0,0,lineitem,orders,22760819,0,never_instantiated,0,,,,,0,0,,,,,,,,,,,,,,,,,,,,,,,,,,,,,,,,,,,,,,,,,,,,,,,,
Q06,1,18,1,9.13,,,,,,,,,,,,,,,,,,,,,,,,,,,,,,,,,,,,,,,,,,,,,,,,,,,,,,,,,,,,,,,,,,,,,,,,,,,,,,,,,,,,,,,,,,,,,,,,,,,,,,,,,,,,
Q07,1,18,1,99.11,,nation,2,0,never_instantiated,0,,,,,0,0,,nation,2,0,never_instantiated,0,,,,,0,0,,customer,14999999,0,never_instantiated,0,,,,,0,0,,supplier,1000000,0,never_instantiated,0,,,,,0,0,lineitem,orders,150000000,0,never_instantiated,0,,,,,0,0,,,,,,,,,,,,,,,,,,,,,,,,,,,,,,,,,,,,,,,,,,,,,,,,
Q08,1,18,1,125.91,,region,1,0,never_instantiated,0,,,,,0,0,,part,134258,0,never_instantiated,0,,,,,0,0,,nation,25,0,never_instantiated,0,,,,,0,0,,nation,25,0,never_instantiated,0,,,,,0,0,,customer,14999999,0,never_instantiated,0,,,,,0,0,,supplier,1000000,0,never_instantiated,0,,,,,0,0,lineitem,orders,45574624,0,never_instantiated,0,,,,,0,0,,,,,,,,,,,,,,,,,,,,,,,,
Q09,1,18,1,232.52,,part,1087982,0,never_instantiated,0,,,,,0,0,,orders,150000000,0,never_instantiated,0,,,,,0,0,,nation,25,0,never_instantiated,0,,,,,0,0,,supplier,1000000,0,never_instantiated,0,,,,,0,0,lineitem,partsupp,80000000,0,never_instantiated,0,,,,,0,0,,,,,,,,,,,,,,,,,,,,,,,,,,,,,,,,,,,,,,,,,,,,,,,,
Q10,1,18,1,44.10,,nation,25,0,never_instantiated,0,,,,,0,0,customer,,11463171,0,never_instantiated,0,,,,,0,0,lineitem,orders,5730378,0,never_instantiated,0,,,,,0,0,,,,,,,,,,,,,,,,,,,,,,,,,,,,,,,,,,,,,,,,,,,,,,,,,,,,,,,,,,,,,,,,,,,,,,,,
Q11,1,18,1,6.53,partsupp,,40045,0,never_instantiated,0,,,,,0,0,supplier,nation,1,0,never_instantiated,0,,,,,0,0,,nation,1,0,never_instantiated,0,,,,,0,0,partsupp,supplier,1000000,0,never_instantiated,0,,,,,0,0,,,,,,,,,,,,,,,,,,,,,,,,,,,,,,,,,,,,,,,,,,,,,,,,,,,,,,,,,,,,
Q12,1,18,1,22.62,orders,lineitem,3115341,0,never_instantiated,0,,,,,0,0,,,,,,,,,,,,,,,,,,,,,,,,,,,,,,,,,,,,,,,,,,,,,,,,,,,,,,,,,,,,,,,,,,,,,,,,,,,,,,,,,,,,,,,,,,,,,,,,
Q13,1,18,1,55.15,orders,customer,15000000,0,never_instantiated,0,,,,,0,0,,,,,,,,,,,,,,,,,,,,,,,,,,,,,,,,,,,,,,,,,,,,,,,,,,,,,,,,,,,,,,,,,,,,,,,,,,,,,,,,,,,,,,,,,,,,,,,,
Q14,1,18,1,30.17,lineitem,part,20000000,0,never_instantiated,0,,,,,0,0,,,,,,,,,,,,,,,,,,,,,,,,,,,,,,,,,,,,,,,,,,,,,,,,,,,,,,,,,,,,,,,,,,,,,,,,,,,,,,,,,,,,,,,,,,,,,,,,
Q15,1,18,1,12.40,,,1,0,never_instantiated,0,,,,,0,0,supplier,,1000000,0,never_instantiated,0,,,,,0,0,,,,,,,,,,,,,,,,,,,,,,,,,,,,,,,,,,,,,,,,,,,,,,,,,,,,,,,,,,,,,,,,,,,,,,,,,,,,,,,,,,,,
Q16,1,18,1,13.14,,supplier,479,0,never_instantiated,0,,,,,0,0,partsupp,,2971749,0,never_instantiated,0,,,,,0,0,part,,8,0,never_instantiated,0,,,,,0,0,,,,,,,,,,,,,,,,,,,,,,,,,,,,,,,,,,,,,,,,,,,,,,,,,,,,,,,,,,,,,,,,,,,,,,,,
Q17,1,18,1,52.29,lineitem,part,20031,0,never_instantiated,0,,,,,0,0,,,600982,0,never_instantiated,0,,,,,0,0,lineitem,,20031,0,never_instantiated,0,,,,,0,0,,,,,,,,,,,,,,,,,,,,,,,,,,,,,,,,,,,,,,,,,,,,,,,,,,,,,,,,,,,,,,,,,,,,,,,,
Q18,1,18,1,176.04,,lineitem,6398,0,never_instantiated,0,,,,,0,0,,customer,14999999,0,never_instantiated,0,,,,,0,0,lineitem,orders,150000000,0,never_instantiated,0,,,,,0,0,,,,,,,,,,,,,,,,,,,,,,,,,,,,,,,,,,,,,,,,,,,,,,,,,,,,,,,,,,,,,,,,,,,,,,,,
Q19,1,18,1,41.47,lineitem,part,20000000,0,never_instantiated,0,,,,,0,0,,,,,,,,,,,,,,,,,,,,,,,,,,,,,,,,,,,,,,,,,,,,,,,,,,,,,,,,,,,,,,,,,,,,,,,,,,,,,,,,,,,,,,,,,,,,,,,,
Q20,1,18,1,33.77,,,40207,0,never_instantiated,0,,,,,0,0,partsupp,part,217222,0,never_instantiated,0,,,,,0,0,,,868888,0,never_instantiated,0,,,,,0,0,lineitem,,868888,0,never_instantiated,0,,,,,0,0,supplier,nation,1,0,never_instantiated,0,,,,,0,0,,,,,,,,,,,,,,,,,,,,,,,,,,,,,,,,,,,,,,,,,,,,,,,,
Q21,1,18,1,138.11,,nation,1,0,never_instantiated,0,,,,,0,0,,supplier,1000000,0,never_instantiated,0,,,,,0,0,lineitem,orders,73072502,0,never_instantiated,0,,,,,0,0,,,7313671,0,never_instantiated,0,,,,,0,0,lineitem,,7313658,0,never_instantiated,0,,,,,0,0,,,7048027,0,never_instantiated,0,,,,,0,0,lineitem,,7048014,0,never_instantiated,0,,,,,0,0,,,,,,,,,,,,,,,,,,,,,,,,
Q22,1,18,1,18.06,,,1909668,0,never_instantiated,0,,,,,0,0,orders,,1909668,0,never_instantiated,0,,,,,0,0,,,,,,,,,,,,,,,,,,,,,,,,,,,,,,,,,,,,,,,,,,,,,,,,,,,,,,,,,,,,,,,,,,,,,,,,,,,,,,,,,,,,
Q01,1,19,1,31.49,,,,,,,,,,,,,,,,,,,,,,,,,,,,,,,,,,,,,,,,,,,,,,,,,,,,,,,,,,,,,,,,,,,,,,,,,,,,,,,,,,,,,,,,,,,,,,,,,,,,,,,,,,,,
Q02,1,19,1,12.28,,region,1,0,never_instantiated,0,,,,,0,0,,part,79591,0,never_instantiated,0,,,,,0,0,,nation,25,0,never_instantiated,0,,,,,0,0,partsupp,supplier,1000000,0,never_instantiated,0,,,,,0,0,,,63825,0,never_instantiated,0,,,,,0,0,,,47107,0,never_instantiated,0,,,,,0,0,,region,1,0,never_instantiated,0,,,,,0,0,,nation,25,0,never_instantiated,0,,,,,0,0,partsupp,supplier,1000000,0,never_instantiated,0,,,,,0,0
Q03,1,19,1,45.83,,customer,3000188,0,never_instantiated,0,,,,,0,0,lineitem,orders,72874383,0,never_instantiated,0,,,,,0,0,,,,,,,,,,,,,,,,,,,,,,,,,,,,,,,,,,,,,,,,,,,,,,,,,,,,,,,,,,,,,,,,,,,,,,,,,,,,,,,,,,,,
Q04,1,19,1,32.89,,,5733776,0,never_instantiated,0,,,,,0,0,lineitem,,5733776,0,never_instantiated,0,,,,,0,0,,,,,,,,,,,,,,,,,,,,,,,,,,,,,,,,,,,,,,,,,,,,,,,,,,,,,,,,,,,,,,,,,,,,,,,,,,,,,,,,,,,,
Q05,1,19,1,9999999,,,,,,,,,,,,,,,,,,,,,,,,,,,,,,,,,,,,,,,,,,,,,,,,,,,,,,,,,,,,,,,,,,,,,,,,,,,,,,,,,,,,,,,,,,,,,,,,,,,,,,,,,,,,
Q06,1,19,1,9.12,,,,,,,,,,,,,,,,,,,,,,,,,,,,,,,,,,,,,,,,,,,,,,,,,,,,,,,,,,,,,,,,,,,,,,,,,,,,,,,,,,,,,,,,,,,,,,,,,,,,,,,,,,,,
Q07,1,19,1,52.85,,nation,2,0,never_instantiated,0,,,,,0,0,,customer,14999999,0,never_instantiated,0,,,,,0,0,orders,,14619080,0,never_instantiated,0,,,,,0,0,,nation,2,0,never_instantiated,0,,,,,0,0,lineitem,supplier,1000000,0,never_instantiated,0,,,,,0,0,,,,,,,,,,,,,,,,,,,,,,,,,,,,,,,,,,,,,,,,,,,,,,,,
Q08,1,19,1,46.13,,region,1,0,never_instantiated,0,,,,,0,0,,nation,25,0,never_instantiated,0,,,,,0,0,,nation,25,0,never_instantiated,0,,,,,0,0,supplier,,1222092,0,never_instantiated,0,,,,,0,0,customer,,1222092,0,never_instantiated,0,,,,,0,0,orders,,4025859,0,never_instantiated,0,,,,,0,0,lineitem,part,134258,0,never_instantiated,0,,,,,0,0,,,,,,,,,,,,,,,,,,,,,,,,
Q09,1,19,1,129.73,,nation,25,0,never_instantiated,0,,,,,0,0,,partsupp,80000000,0,never_instantiated,0,,,,,0,0,,orders,150000000,0,never_instantiated,0,,,,,0,0,,part,1087982,0,never_instantiated,0,,,,,0,0,lineitem,supplier,1000000,0,never_instantiated,0,,,,,0,0,,,,,,,,,,,,,,,,,,,,,,,,,,,,,,,,,,,,,,,,,,,,,,,,
Q10,1,19,1,44.31,,nation,25,0,never_instantiated,0,,,,,0,0,customer,,11463171,0,never_instantiated,0,,,,,0,0,lineitem,orders,5730378,0,never_instantiated,0,,,,,0,0,,,,,,,,,,,,,,,,,,,,,,,,,,,,,,,,,,,,,,,,,,,,,,,,,,,,,,,,,,,,,,,,,,,,,,,,
Q11,1,19,1,6.51,,nation,1,0,never_instantiated,0,,,,,0,0,partsupp,supplier,1000000,0,never_instantiated,0,,,,,0,0,partsupp,,40045,0,never_instantiated,0,,,,,0,0,supplier,nation,1,0,never_instantiated,0,,,,,0,0,,,,,,,,,,,,,,,,,,,,,,,,,,,,,,,,,,,,,,,,,,,,,,,,,,,,,,,,,,,,
Q12,1,19,1,22.79,orders,lineitem,3115341,0,never_instantiated,0,,,,,0,0,,,,,,,,,,,,,,,,,,,,,,,,,,,,,,,,,,,,,,,,,,,,,,,,,,,,,,,,,,,,,,,,,,,,,,,,,,,,,,,,,,,,,,,,,,,,,,,,
Q13,1,19,1,55.55,orders,customer,15000000,0,never_instantiated,0,,,,,0,0,,,,,,,,,,,,,,,,,,,,,,,,,,,,,,,,,,,,,,,,,,,,,,,,,,,,,,,,,,,,,,,,,,,,,,,,,,,,,,,,,,,,,,,,,,,,,,,,
Q14,1,19,1,31.08,lineitem,part,20000000,0,never_instantiated,0,,,,,0,0,,,,,,,,,,,,,,,,,,,,,,,,,,,,,,,,,,,,,,,,,,,,,,,,,,,,,,,,,,,,,,,,,,,,,,,,,,,,,,,,,,,,,,,,,,,,,,,,
Q15,1,19,1,12.33,,,1,0,never_instantiated,0,,,,,0,0,supplier,,1000000,0,never_instantiated,0,,,,,0,0,,,,,,,,,,,,,,,,,,,,,,,,,,,,,,,,,,,,,,,,,,,,,,,,,,,,,,,,,,,,,,,,,,,,,,,,,,,,,,,,,,,,
Q16,1,19,1,13.11,,supplier,479,0,never_instantiated,0,,,,,0,0,partsupp,,2971749,0,never_instantiated,0,,,,,0,0,part,,8,0,never_instantiated,0,,,,,0,0,,,,,,,,,,,,,,,,,,,,,,,,,,,,,,,,,,,,,,,,,,,,,,,,,,,,,,,,,,,,,,,,,,,,,,,,
Q17,1,19,1,51.83,lineitem,part,20031,0,never_instantiated,0,,,,,0,0,,,600982,0,never_instantiated,0,,,,,0,0,lineitem,,20031,0,never_instantiated,0,,,,,0,0,,,,,,,,,,,,,,,,,,,,,,,,,,,,,,,,,,,,,,,,,,,,,,,,,,,,,,,,,,,,,,,,,,,,,,,,
Q18,1,19,1,177.54,,lineitem,6398,0,never_instantiated,0,,,,,0,0,,customer,14999999,0,never_instantiated,0,,,,,0,0,lineitem,orders,150000000,0,never_instantiated,0,,,,,0,0,,,,,,,,,,,,,,,,,,,,,,,,,,,,,,,,,,,,,,,,,,,,,,,,,,,,,,,,,,,,,,,,,,,,,,,,
Q19,1,19,1,41.42,lineitem,part,20000000,0,never_instantiated,0,,,,,0,0,,,,,,,,,,,,,,,,,,,,,,,,,,,,,,,,,,,,,,,,,,,,,,,,,,,,,,,,,,,,,,,,,,,,,,,,,,,,,,,,,,,,,,,,,,,,,,,,
Q20,1,19,1,33.80,,,40207,0,never_instantiated,0,,,,,0,0,partsupp,part,217222,0,never_instantiated,0,,,,,0,0,,,868888,0,never_instantiated,0,,,,,0,0,lineitem,,868888,0,never_instantiated,0,,,,,0,0,supplier,nation,1,0,never_instantiated,0,,,,,0,0,,,,,,,,,,,,,,,,,,,,,,,,,,,,,,,,,,,,,,,,,,,,,,,,
Q21,1,19,1,122.62,orders,,15146702,0,never_instantiated,0,,,,,0,0,,nation,1,0,never_instantiated,0,,,,,0,0,lineitem,supplier,1000000,0,never_instantiated,0,,,,,0,0,,,7313671,0,never_instantiated,0,,,,,0,0,lineitem,,7313658,0,never_instantiated,0,,,,,0,0,,,7048027,0,never_instantiated,0,,,,,0,0,lineitem,,7048014,0,never_instantiated,0,,,,,0,0,,,,,,,,,,,,,,,,,,,,,,,,
Q22,1,19,1,18.18,,,1909668,0,never_instantiated,0,,,,,0,0,orders,,1909668,0,never_instantiated,0,,,,,0,0,,,,,,,,,,,,,,,,,,,,,,,,,,,,,,,,,,,,,,,,,,,,,,,,,,,,,,,,,,,,,,,,,,,,,,,,,,,,,,,,,,,,
Q01,2,0,1,31.22,,,,,,,,,,,,,,,,,,,,,,,,,,,,,,,,,,,,,,,,,,,,,,,,,,,,,,,,,,,,,,,,,,,,,,,,,,,,,,,,,,,,,,,,,,,,,,,,,,,,,,,,,,,,
Q02,2,0,1,6.51,,region,1,0,never_instantiated,0,,,,,0,0,,nation,5,0,never_instantiated,0,,,,,0,0,,supplier,200535,0,never_instantiated,0,,,,,0,0,partsupp,part,79591,0,never_instantiated,0,,,,,0,0,,,63825,0,never_instantiated,0,,,,,0,0,,,47107,0,never_instantiated,0,,,,,0,0,,region,1,0,never_instantiated,0,,,,,0,0,partsupp,,200535,0,never_instantiated,0,,,,,0,0,supplier,nation,5,0,never_instantiated,0,,,,,0,0
Q03,2,0,1,46.08,,customer,3000188,0,never_instantiated,0,,,,,0,0,lineitem,orders,72874383,0,never_instantiated,0,,,,,0,0,,,,,,,,,,,,,,,,,,,,,,,,,,,,,,,,,,,,,,,,,,,,,,,,,,,,,,,,,,,,,,,,,,,,,,,,,,,,,,,,,,,,
Q04,2,0,1,32.53,,,5733776,0,never_instantiated,0,,,,,0,0,lineitem,,5733776,0,never_instantiated,0,,,,,0,0,,,,,,,,,,,,,,,,,,,,,,,,,,,,,,,,,,,,,,,,,,,,,,,,,,,,,,,,,,,,,,,,,,,,,,,,,,,,,,,,,,,,
Q05,2,0,1,78.23,,supplier,1000000,0,never_instantiated,0,,,,,0,0,,region,1,0,never_instantiated,0,,,,,0,0,,nation,5,0,never_instantiated,0,,,,,0,0,,customer,2999759,0,never_instantiated,0,,,,,0,0,lineitem,orders,22760819,0,never_instantiated,0,,,,,0,0,,,,,,,,,,,,,,,,,,,,,,,,,,,,,,,,,,,,,,,,,,,,,,,,
Q06,2,0,1,9.11,,,,,,,,,,,,,,,,,,,,,,,,,,,,,,,,,,,,,,,,,,,,,,,,,,,,,,,,,,,,,,,,,,,,,,,,,,,,,,,,,,,,,,,,,,,,,,,,,,,,,,,,,,,,
Q07,2,0,1,22.99,,nation,2,0,never_instantiated,0,,,,,0,0,,supplier,80171,0,never_instantiated,0,,,,,0,0,,nation,2,0,never_instantiated,0,,,,,0,0,,customer,1200139,0,never_instantiated,0,,,,,0,0,lineitem,orders,12026518,0,never_instantiated,0,,,,,0,0,,,,,,,,,,,,,,,,,,,,,,,,,,,,,,,,,,,,,,,,,,,,,,,,
Q08,2,0,1,26.38,,nation,25,0,never_instantiated,0,,,,,0,0,supplier,,244821,0,never_instantiated,0,,,,,0,0,,region,1,0,never_instantiated,0,,,,,0,0,,part,134258,0,never_instantiated,0,,,,,0,0,,nation,5,0,never_instantiated,0,,,,,0,0,,customer,3001905,0,never_instantiated,0,,,,,0,0,lineitem,orders,45574624,0,never_instantiated,0,,,,,0,0,,,,,,,,,,,,,,,,,,,,,,,,
Q09,2,0,1,117.44,,nation,25,0,never_instantiated,0,,,,,0,0,,supplier,1000000,0,never_instantiated,0,,,,,0,0,,partsupp,80000000,0,never_instantiated,0,,,,,0,0,,part,1087982,0,never_instantiated,0,,,,,0,0,lineitem,orders,150000000,0,never_instantiated,0,,,,,0,0,,,,,,,,,,,,,,,,,,,,,,,,,,,,,,,,,,,,,,,,,,,,,,,,
Q10,2,0,1,28.12,,nation,25,0,never_instantiated,0,,,,,0,0,customer,,11463171,0,never_instantiated,0,,,,,0,0,lineitem,orders,5730378,0,never_instantiated,0,,,,,0,0,,,,,,,,,,,,,,,,,,,,,,,,,,,,,,,,,,,,,,,,,,,,,,,,,,,,,,,,,,,,,,,,,,,,,,,,
Q11,2,0,1,5.28,partsupp,,40045,0,never_instantiated,0,,,,,0,0,supplier,nation,1,0,never_instantiated,0,,,,,0,0,partsupp,,40045,0,never_instantiated,0,,,,,0,0,supplier,nation,1,0,never_instantiated,0,,,,,0,0,,,,,,,,,,,,,,,,,,,,,,,,,,,,,,,,,,,,,,,,,,,,,,,,,,,,,,,,,,,,
Q12,2,0,1,22.87,orders,lineitem,3115341,0,never_instantiated,0,,,,,0,0,,,,,,,,,,,,,,,,,,,,,,,,,,,,,,,,,,,,,,,,,,,,,,,,,,,,,,,,,,,,,,,,,,,,,,,,,,,,,,,,,,,,,,,,,,,,,,,,
Q13,2,0,1,55.93,orders,customer,15000000,0,never_instantiated,0,,,,,0,0,,,,,,,,,,,,,,,,,,,,,,,,,,,,,,,,,,,,,,,,,,,,,,,,,,,,,,,,,,,,,,,,,,,,,,,,,,,,,,,,,,,,,,,,,,,,,,,,
Q14,2,0,1,30.45,lineitem,part,20000000,0,never_instantiated,0,,,,,0,0,,,,,,,,,,,,,,,,,,,,,,,,,,,,,,,,,,,,,,,,,,,,,,,,,,,,,,,,,,,,,,,,,,,,,,,,,,,,,,,,,,,,,,,,,,,,,,,,
Q15,2,0,1,12.44,,,1,0,never_instantiated,0,,,,,0,0,supplier,,1000000,0,never_instantiated,0,,,,,0,0,,,,,,,,,,,,,,,,,,,,,,,,,,,,,,,,,,,,,,,,,,,,,,,,,,,,,,,,,,,,,,,,,,,,,,,,,,,,,,,,,,,,
Q16,2,0,1,13.10,,supplier,479,0,never_instantiated,0,,,,,0,0,partsupp,,2971749,0,never_instantiated,0,,,,,0,0,part,,8,0,never_instantiated,0,,,,,0,0,,,,,,,,,,,,,,,,,,,,,,,,,,,,,,,,,,,,,,,,,,,,,,,,,,,,,,,,,,,,,,,,,,,,,,,,
Q17,2,0,1,53.32,lineitem,part,20031,0,never_instantiated,0,,,,,0,0,,,600982,0,never_instantiated,0,,,,,0,0,lineitem,,20031,0,never_instantiated,0,,,,,0,0,,,,,,,,,,,,,,,,,,,,,,,,,,,,,,,,,,,,,,,,,,,,,,,,,,,,,,,,,,,,,,,,,,,,,,,,
Q18,2,0,1,177.69,,lineitem,6398,0,never_instantiated,0,,,,,0,0,,customer,14999999,0,never_instantiated,0,,,,,0,0,lineitem,orders,150000000,0,never_instantiated,0,,,,,0,0,,,,,,,,,,,,,,,,,,,,,,,,,,,,,,,,,,,,,,,,,,,,,,,,,,,,,,,,,,,,,,,,,,,,,,,,
Q19,2,0,1,41.50,lineitem,part,20000000,0,never_instantiated,0,,,,,0,0,,,,,,,,,,,,,,,,,,,,,,,,,,,,,,,,,,,,,,,,,,,,,,,,,,,,,,,,,,,,,,,,,,,,,,,,,,,,,,,,,,,,,,,,,,,,,,,,
Q20,2,0,1,23.02,,,40207,0,never_instantiated,0,,,,,0,0,partsupp,part,217222,0,never_instantiated,0,,,,,0,0,,,35136,0,never_instantiated,0,,,,,0,0,lineitem,,35136,0,never_instantiated,0,,,,,0,0,supplier,nation,1,0,never_instantiated,0,,,,,0,0,,,,,,,,,,,,,,,,,,,,,,,,,,,,,,,,,,,,,,,,,,,,,,,,
Q21,2,0,1,99.56,,nation,1,0,never_instantiated,0,,,,,0,0,,supplier,39953,0,never_instantiated,0,,,,,0,0,lineitem,orders,73072502,0,never_instantiated,0,,,,,0,0,,,7313671,0,never_instantiated,0,,,,,0,0,lineitem,,7313658,0,never_instantiated,0,,,,,0,0,,,7048027,0,never_instantiated,0,,,,,0,0,lineitem,,7048014,0,never_instantiated,0,,,,,0,0,,,,,,,,,,,,,,,,,,,,,,,,
Q22,2,0,1,18.32,,,1909668,0,never_instantiated,0,,,,,0,0,orders,,1909668,0,never_instantiated,0,,,,,0,0,,,,,,,,,,,,,,,,,,,,,,,,,,,,,,,,,,,,,,,,,,,,,,,,,,,,,,,,,,,,,,,,,,,,,,,,,,,,,,,,,,,,
Q01,2,1,1,31.30,,,,,,,,,,,,,,,,,,,,,,,,,,,,,,,,,,,,,,,,,,,,,,,,,,,,,,,,,,,,,,,,,,,,,,,,,,,,,,,,,,,,,,,,,,,,,,,,,,,,,,,,,,,,
Q02,2,1,1,7.04,,region,1,0,never_instantiated,0,,,,,0,0,,part,79591,0,never_instantiated,0,,,,,0,0,,nation,5,0,never_instantiated,0,,,,,0,0,partsupp,supplier,200535,0,never_instantiated,0,,,,,0,0,,,63825,0,never_instantiated,0,,,,,0,0,,,47107,0,never_instantiated,0,,,,,0,0,,region,1,0,never_instantiated,0,,,,,0,0,,nation,5,0,never_instantiated,0,,,,,0,0,partsupp,supplier,200535,0,never_instantiated,0,,,,,0,0
Q03,2,1,1,47.69,,customer,3000188,0,never_instantiated,0,,,,,0,0,lineitem,orders,72874383,0,never_instantiated,0,,,,,0,0,,,,,,,,,,,,,,,,,,,,,,,,,,,,,,,,,,,,,,,,,,,,,,,,,,,,,,,,,,,,,,,,,,,,,,,,,,,,,,,,,,,,
Q04,2,1,1,32.91,,,5733776,0,never_instantiated,0,,,,,0,0,lineitem,,5733776,0,never_instantiated,0,,,,,0,0,,,,,,,,,,,,,,,,,,,,,,,,,,,,,,,,,,,,,,,,,,,,,,,,,,,,,,,,,,,,,,,,,,,,,,,,,,,,,,,,,,,,
Q05,2,1,1,9999999,,,,,,,,,,,,,,,,,,,,,,,,,,,,,,,,,,,,,,,,,,,,,,,,,,,,,,,,,,,,,,,,,,,,,,,,,,,,,,,,,,,,,,,,,,,,,,,,,,,,,,,,,,,,
Q06,2,1,1,9.15,,,,,,,,,,,,,,,,,,,,,,,,,,,,,,,,,,,,,,,,,,,,,,,,,,,,,,,,,,,,,,,,,,,,,,,,,,,,,,,,,,,,,,,,,,,,,,,,,,,,,,,,,,,,
Q07,2,1,1,23.21,,nation,2,0,never_instantiated,0,,,,,0,0,,customer,1200139,0,never_instantiated,0,,,,,0,0,orders,,1179101,0,never_instantiated,0,,,,,0,0,,nation,2,0,never_instantiated,0,,,,,0,0,lineitem,supplier,80171,0,never_instantiated,0,,,,,0,0,,,,,,,,,,,,,,,,,,,,,,,,,,,,,,,,,,,,,,,,,,,,,,,,
Q08,2,1,1,28.85,,region,1,0,never_instantiated,0,,,,,0,0,,nation,5,0,never_instantiated,0,,,,,0,0,,nation,25,0,never_instantiated,0,,,,,0,0,supplier,,244821,0,never_instantiated,0,,,,,0,0,customer,,1222092,0,never_instantiated,0,,,,,0,0,orders,,4025859,0,never_instantiated,0,,,,,0,0,lineitem,part,134258,0,never_instantiated,0,,,,,0,0,,,,,,,,,,,,,,,,,,,,,,,,
Q09,2,1,1,57.88,,nation,25,0,never_instantiated,0,,,,,0,0,,supplier,1000000,0,never_instantiated,0,,,,,0,0,,orders,150000000,0,never_instantiated,0,,,,,0,0,,partsupp,80000000,0,never_instantiated,0,,,,,0,0,lineitem,part,1087982,0,never_instantiated,0,,,,,0,0,,,,,,,,,,,,,,,,,,,,,,,,,,,,,,,,,,,,,,,,,,,,,,,,
Q10,2,1,1,28.11,,nation,25,0,never_instantiated,0,,,,,0,0,customer,,11463171,0,never_instantiated,0,,,,,0,0,lineitem,orders,5730378,0,never_instantiated,0,,,,,0,0,,,,,,,,,,,,,,,,,,,,,,,,,,,,,,,,,,,,,,,,,,,,,,,,,,,,,,,,,,,,,,,,,,,,,,,,
Q11,2,1,1,6.33,,nation,1,0,never_instantiated,0,,,,,0,0,partsupp,supplier,40045,0,never_instantiated,0,,,,,0,0,partsupp,,40045,0,never_instantiated,0,,,,,0,0,supplier,nation,1,0,never_instantiated,0,,,,,0,0,,,,,,,,,,,,,,,,,,,,,,,,,,,,,,,,,,,,,,,,,,,,,,,,,,,,,,,,,,,,
Q12,2,1,1,22.95,orders,lineitem,3115341,0,never_instantiated,0,,,,,0,0,,,,,,,,,,,,,,,,,,,,,,,,,,,,,,,,,,,,,,,,,,,,,,,,,,,,,,,,,,,,,,,,,,,,,,,,,,,,,,,,,,,,,,,,,,,,,,,,
Q13,2,1,1,55.17,orders,customer,15000000,0,never_instantiated,0,,,,,0,0,,,,,,,,,,,,,,,,,,,,,,,,,,,,,,,,,,,,,,,,,,,,,,,,,,,,,,,,,,,,,,,,,,,,,,,,,,,,,,,,,,,,,,,,,,,,,,,,
Q14,2,1,1,30.26,lineitem,part,20000000,0,never_instantiated,0,,,,,0,0,,,,,,,,,,,,,,,,,,,,,,,,,,,,,,,,,,,,,,,,,,,,,,,,,,,,,,,,,,,,,,,,,,,,,,,,,,,,,,,,,,,,,,,,,,,,,,,,
Q15,2,1,1,12.44,,,1,0,never_instantiated,0,,,,,0,0,supplier,,1000000,0,never_instantiated,0,,,,,0,0,,,,,,,,,,,,,,,,,,,,,,,,,,,,,,,,,,,,,,,,,,,,,,,,,,,,,,,,,,,,,,,,,,,,,,,,,,,,,,,,,,,,
Q16,2,1,1,13.14,,supplier,479,0,never_instantiated,0,,,,,0,0,partsupp,,2971749,0,never_instantiated,0,,,,,0,0,part,,8,0,never_instantiated,0,,,,,0,0,,,,,,,,,,,,,,,,,,,,,,,,,,,,,,,,,,,,,,,,,,,,,,,,,,,,,,,,,,,,,,,,,,,,,,,,
Q17,2,1,1,52.52,lineitem,part,20031,0,never_instantiated,0,,,,,0,0,,,600982,0,never_instantiated,0,,,,,0,0,lineitem,,20031,0,never_instantiated,0,,,,,0,0,,,,,,,,,,,,,,,,,,,,,,,,,,,,,,,,,,,,,,,,,,,,,,,,,,,,,,,,,,,,,,,,,,,,,,,,
Q18,2,1,1,180.08,,lineitem,6398,0,never_instantiated,0,,,,,0,0,,customer,14999999,0,never_instantiated,0,,,,,0,0,lineitem,orders,150000000,0,never_instantiated,0,,,,,0,0,,,,,,,,,,,,,,,,,,,,,,,,,,,,,,,,,,,,,,,,,,,,,,,,,,,,,,,,,,,,,,,,,,,,,,,,
Q19,2,1,1,42.22,lineitem,part,20000000,0,never_instantiated,0,,,,,0,0,,,,,,,,,,,,,,,,,,,,,,,,,,,,,,,,,,,,,,,,,,,,,,,,,,,,,,,,,,,,,,,,,,,,,,,,,,,,,,,,,,,,,,,,,,,,,,,,
Q20,2,1,1,22.89,,,40207,0,never_instantiated,0,,,,,0,0,partsupp,part,217222,0,never_instantiated,0,,,,,0,0,,,35136,0,never_instantiated,0,,,,,0,0,lineitem,,35136,0,never_instantiated,0,,,,,0,0,supplier,nation,1,0,never_instantiated,0,,,,,0,0,,,,,,,,,,,,,,,,,,,,,,,,,,,,,,,,,,,,,,,,,,,,,,,,
Q21,2,1,1,105.51,orders,,15146702,0,never_instantiated,0,,,,,0,0,,nation,1,0,never_instantiated,0,,,,,0,0,lineitem,supplier,39953,0,never_instantiated,0,,,,,0,0,,,7313671,0,never_instantiated,0,,,,,0,0,lineitem,,7313658,0,never_instantiated,0,,,,,0,0,,,7048027,0,never_instantiated,0,,,,,0,0,lineitem,,7048014,0,never_instantiated,0,,,,,0,0,,,,,,,,,,,,,,,,,,,,,,,,
Q22,2,1,1,18.34,,,1909668,0,never_instantiated,0,,,,,0,0,orders,,1909668,0,never_instantiated,0,,,,,0,0,,,,,,,,,,,,,,,,,,,,,,,,,,,,,,,,,,,,,,,,,,,,,,,,,,,,,,,,,,,,,,,,,,,,,,,,,,,,,,,,,,,,
Q01,2,2,1,31.48,,,,,,,,,,,,,,,,,,,,,,,,,,,,,,,,,,,,,,,,,,,,,,,,,,,,,,,,,,,,,,,,,,,,,,,,,,,,,,,,,,,,,,,,,,,,,,,,,,,,,,,,,,,,
Q02,2,2,1,7.42,,region,1,0,never_instantiated,0,,,,,0,0,,nation,5,0,never_instantiated,0,,,,,0,0,,supplier,200535,0,never_instantiated,0,,,,,0,0,partsupp,part,79591,0,never_instantiated,0,,,,,0,0,,,63825,0,never_instantiated,0,,,,,0,0,,,47107,0,never_instantiated,0,,,,,0,0,,region,1,0,never_instantiated,0,,,,,0,0,,nation,5,0,never_instantiated,0,,,,,0,0,partsupp,supplier,200535,0,never_instantiated,0,,,,,0,0
Q03,2,2,1,46.34,,customer,3000188,0,never_instantiated,0,,,,,0,0,lineitem,orders,72874383,0,never_instantiated,0,,,,,0,0,,,,,,,,,,,,,,,,,,,,,,,,,,,,,,,,,,,,,,,,,,,,,,,,,,,,,,,,,,,,,,,,,,,,,,,,,,,,,,,,,,,,
Q04,2,2,1,32.86,,,5733776,0,never_instantiated,0,,,,,0,0,lineitem,,5733776,0,never_instantiated,0,,,,,0,0,,,,,,,,,,,,,,,,,,,,,,,,,,,,,,,,,,,,,,,,,,,,,,,,,,,,,,,,,,,,,,,,,,,,,,,,,,,,,,,,,,,,
Q05,2,2,1,74.87,,region,1,0,never_instantiated,0,,,,,0,0,,supplier,1000000,0,never_instantiated,0,,,,,0,0,,nation,5,0,never_instantiated,0,,,,,0,0,,customer,2999759,0,never_instantiated,0,,,,,0,0,lineitem,orders,22760819,0,never_instantiated,0,,,,,0,0,,,,,,,,,,,,,,,,,,,,,,,,,,,,,,,,,,,,,,,,,,,,,,,,
Q06,2,2,1,9.11,,,,,,,,,,,,,,,,,,,,,,,,,,,,,,,,,,,,,,,,,,,,,,,,,,,,,,,,,,,,,,,,,,,,,,,,,,,,,,,,,,,,,,,,,,,,,,,,,,,,,,,,,,,,
Q07,2,2,1,22.70,,nation,2,0,never_instantiated,0,,,,,0,0,,supplier,80171,0,never_instantiated,0,,,,,0,0,,nation,2,0,never_instantiated,0,,,,,0,0,,customer,1200139,0,never_instantiated,0,,,,,0,0,lineitem,orders,12026518,0,never_instantiated,0,,,,,0,0,,,,,,,,,,,,,,,,,,,,,,,,,,,,,,,,,,,,,,,,,,,,,,,,
Q08,2,2,1,26.94,,region,1,0,never_instantiated,0,,,,,0,0,,nation,5,0,never_instantiated,0,,,,,0,0,customer,,1222092,0,never_instantiated,0,,,,,0,0,,part,134258,0,never_instantiated,0,,,,,0,0,,orders,45574624,0,never_instantiated,0,,,,,0,0,,nation,25,0,never_instantiated,0,,,,,0,0,lineitem,supplier,1000000,0,never_instantiated,0,,,,,0,0,,,,,,,,,,,,,,,,,,,,,,,,
Q09,2,2,1,56.46,,nation,25,0,never_instantiated,0,,,,,0,0,,supplier,1000000,0,never_instantiated,0,,,,,0,0,,part,1087982,0,never_instantiated,0,,,,,0,0,,orders,150000000,0,never_instantiated,0,,,,,0,0,lineitem,partsupp,4363044,0,never_instantiated,0,,,,,0,0,,,,,,,,,,,,,,,,,,,,,,,,,,,,,,,,,,,,,,,,,,,,,,,,
Q10,2,2,1,28.43,,nation,25,0,never_instantiated,0,,,,,0,0,customer,,11463171,0,never_instantiated,0,,,,,0,0,lineitem,orders,5730378,0,never_instantiated,0,,,,,0,0,,,,,,,,,,,,,,,,,,,,,,,,,,,,,,,,,,,,,,,,,,,,,,,,,,,,,,,,,,,,,,,,,,,,,,,,
Q11,2,2,1,5.17,partsupp,,40045,0,never_instantiated,0,,,,,0,0,supplier,nation,1,0,never_instantiated,0,,,,,0,0,partsupp,,40045,0,never_instantiated,0,,,,,0,0,supplier,nation,1,0,never_instantiated,0,,,,,0,0,,,,,,,,,,,,,,,,,,,,,,,,,,,,,,,,,,,,,,,,,,,,,,,,,,,,,,,,,,,,
Q12,2,2,1,22.90,orders,lineitem,3115341,0,never_instantiated,0,,,,,0,0,,,,,,,,,,,,,,,,,,,,,,,,,,,,,,,,,,,,,,,,,,,,,,,,,,,,,,,,,,,,,,,,,,,,,,,,,,,,,,,,,,,,,,,,,,,,,,,,
Q13,2,2,1,56.15,orders,customer,15000000,0,never_instantiated,0,,,,,0,0,,,,,,,,,,,,,,,,,,,,,,,,,,,,,,,,,,,,,,,,,,,,,,,,,,,,,,,,,,,,,,,,,,,,,,,,,,,,,,,,,,,,,,,,,,,,,,,,
Q14,2,2,1,30.25,lineitem,part,20000000,0,never_instantiated,0,,,,,0,0,,,,,,,,,,,,,,,,,,,,,,,,,,,,,,,,,,,,,,,,,,,,,,,,,,,,,,,,,,,,,,,,,,,,,,,,,,,,,,,,,,,,,,,,,,,,,,,,
Q15,2,2,1,12.32,,,1,0,never_instantiated,0,,,,,0,0,supplier,,1000000,0,never_instantiated,0,,,,,0,0,,,,,,,,,,,,,,,,,,,,,,,,,,,,,,,,,,,,,,,,,,,,,,,,,,,,,,,,,,,,,,,,,,,,,,,,,,,,,,,,,,,,
Q16,2,2,1,13.23,,supplier,479,0,never_instantiated,0,,,,,0,0,partsupp,,2971749,0,never_instantiated,0,,,,,0,0,part,,8,0,never_instantiated,0,,,,,0,0,,,,,,,,,,,,,,,,,,,,,,,,,,,,,,,,,,,,,,,,,,,,,,,,,,,,,,,,,,,,,,,,,,,,,,,,
Q17,2,2,1,52.59,lineitem,part,20031,0,never_instantiated,0,,,,,0,0,,,600982,0,never_instantiated,0,,,,,0,0,lineitem,,20031,0,never_instantiated,0,,,,,0,0,,,,,,,,,,,,,,,,,,,,,,,,,,,,,,,,,,,,,,,,,,,,,,,,,,,,,,,,,,,,,,,,,,,,,,,,
Q18,2,2,1,177.05,,lineitem,6398,0,never_instantiated,0,,,,,0,0,,customer,14999999,0,never_instantiated,0,,,,,0,0,lineitem,orders,150000000,0,never_instantiated,0,,,,,0,0,,,,,,,,,,,,,,,,,,,,,,,,,,,,,,,,,,,,,,,,,,,,,,,,,,,,,,,,,,,,,,,,,,,,,,,,
Q19,2,2,1,41.93,lineitem,part,20000000,0,never_instantiated,0,,,,,0,0,,,,,,,,,,,,,,,,,,,,,,,,,,,,,,,,,,,,,,,,,,,,,,,,,,,,,,,,,,,,,,,,,,,,,,,,,,,,,,,,,,,,,,,,,,,,,,,,
Q20,2,2,1,23.37,,,40207,0,never_instantiated,0,,,,,0,0,partsupp,part,217222,0,never_instantiated,0,,,,,0,0,,,35136,0,never_instantiated,0,,,,,0,0,lineitem,,35136,0,never_instantiated,0,,,,,0,0,supplier,nation,1,0,never_instantiated,0,,,,,0,0,,,,,,,,,,,,,,,,,,,,,,,,,,,,,,,,,,,,,,,,,,,,,,,,
Q21,2,2,1,101.72,,nation,1,0,never_instantiated,0,,,,,0,0,,supplier,39953,0,never_instantiated,0,,,,,0,0,lineitem,orders,73072502,0,never_instantiated,0,,,,,0,0,,,7313671,0,never_instantiated,0,,,,,0,0,lineitem,,7313658,0,never_instantiated,0,,,,,0,0,,,7048027,0,never_instantiated,0,,,,,0,0,lineitem,,7048014,0,never_instantiated,0,,,,,0,0,,,,,,,,,,,,,,,,,,,,,,,,
Q22,2,2,1,18.11,,,1909668,0,never_instantiated,0,,,,,0,0,orders,,1909668,0,never_instantiated,0,,,,,0,0,,,,,,,,,,,,,,,,,,,,,,,,,,,,,,,,,,,,,,,,,,,,,,,,,,,,,,,,,,,,,,,,,,,,,,,,,,,,,,,,,,,,
Q01,2,3,1,31.50,,,,,,,,,,,,,,,,,,,,,,,,,,,,,,,,,,,,,,,,,,,,,,,,,,,,,,,,,,,,,,,,,,,,,,,,,,,,,,,,,,,,,,,,,,,,,,,,,,,,,,,,,,,,
Q02,2,3,1,6.10,,region,1,0,never_instantiated,0,,,,,0,0,,nation,5,0,never_instantiated,0,,,,,0,0,,part,79591,0,never_instantiated,0,,,,,0,0,partsupp,supplier,200535,0,never_instantiated,0,,,,,0,0,,,63825,0,never_instantiated,0,,,,,0,0,,,47107,0,never_instantiated,0,,,,,0,0,,region,1,0,never_instantiated,0,,,,,0,0,partsupp,,200535,0,never_instantiated,0,,,,,0,0,supplier,nation,5,0,never_instantiated,0,,,,,0,0
Q03,2,3,1,46.90,,customer,3000188,0,never_instantiated,0,,,,,0,0,lineitem,orders,72874383,0,never_instantiated,0,,,,,0,0,,,,,,,,,,,,,,,,,,,,,,,,,,,,,,,,,,,,,,,,,,,,,,,,,,,,,,,,,,,,,,,,,,,,,,,,,,,,,,,,,,,,
Q04,2,3,1,33.03,,,5733776,0,never_instantiated,0,,,,,0,0,lineitem,,5733776,0,never_instantiated,0,,,,,0,0,,,,,,,,,,,,,,,,,,,,,,,,,,,,,,,,,,,,,,,,,,,,,,,,,,,,,,,,,,,,,,,,,,,,,,,,,,,,,,,,,,,,
Q05,2,3,1,9999999,,,,,,,,,,,,,,,,,,,,,,,,,,,,,,,,,,,,,,,,,,,,,,,,,,,,,,,,,,,,,,,,,,,,,,,,,,,,,,,,,,,,,,,,,,,,,,,,,,,,,,,,,,,,
Q06,2,3,1,9.09,,,,,,,,,,,,,,,,,,,,,,,,,,,,,,,,,,,,,,,,,,,,,,,,,,,,,,,,,,,,,,,,,,,,,,,,,,,,,,,,,,,,,,,,,,,,,,,,,,,,,,,,,,,,
Q07,2,3,1,22.77,,nation,2,0,never_instantiated,0,,,,,0,0,,customer,1200139,0,never_instantiated,0,,,,,0,0,,nation,2,0,never_instantiated,0,,,,,0,0,orders,,1179101,0,never_instantiated,0,,,,,0,0,lineitem,supplier,80171,0,never_instantiated,0,,,,,0,0,,,,,,,,,,,,,,,,,,,,,,,,,,,,,,,,,,,,,,,,,,,,,,,,
Q08,2,3,1,26.05,,region,1,0,never_instantiated,0,,,,,0,0,,nation,25,0,never_instantiated,0,,,,,0,0,,part,134258,0,never_instantiated,0,,,,,0,0,,nation,5,0,never_instantiated,0,,,,,0,0,,supplier,1000000,0,never_instantiated,0,,,,,0,0,,customer,3001905,0,never_instantiated,0,,,,,0,0,lineitem,orders,45574624,0,never_instantiated,0,,,,,0,0,,,,,,,,,,,,,,,,,,,,,,,,
Q09,2,3,1,57.04,,orders,150000000,0,never_instantiated,0,,,,,0,0,,nation,25,0,never_instantiated,0,,,,,0,0,,part,1087982,0,never_instantiated,0,,,,,0,0,,partsupp,4363044,0,never_instantiated,0,,,,,0,0,lineitem,supplier,1000000,0,never_instantiated,0,,,,,0,0,,,,,,,,,,,,,,,,,,,,,,,,,,,,,,,,,,,,,,,,,,,,,,,,
Q10,2,3,1,28.17,,nation,25,0,never_instantiated,0,,,,,0,0,customer,,11463171,0,never_instantiated,0,,,,,0,0,lineitem,orders,5730378,0,never_instantiated,0,,,,,0,0,,,,,,,,,,,,,,,,,,,,,,,,,,,,,,,,,,,,,,,,,,,,,,,,,,,,,,,,,,,,,,,,,,,,,,,,
Q11,2,3,1,6.31,,nation,1,0,never_instantiated,0,,,,,0,0,partsupp,supplier,40045,0,never_instantiated,0,,,,,0,0,partsupp,,40045,0,never_instantiated,0,,,,,0,0,supplier,nation,1,0,never_instantiated,0,,,,,0,0,,,,,,,,,,,,,,,,,,,,,,,,,,,,,,,,,,,,,,,,,,,,,,,,,,,,,,,,,,,,
Q12,2,3,1,23.04,orders,lineitem,3115341,0,never_instantiated,0,,,,,0,0,,,,,,,,,,,,,,,,,,,,,,,,,,,,,,,,,,,,,,,,,,,,,,,,,,,,,,,,,,,,,,,,,,,,,,,,,,,,,,,,,,,,,,,,,,,,,,,,
Q13,2,3,1,55.30,orders,customer,15000000,0,never_instantiated,0,,,,,0,0,,,,,,,,,,,,,,,,,,,,,,,,,,,,,,,,,,,,,,,,,,,,,,,,,,,,,,,,,,,,,,,,,,,,,,,,,,,,,,,,,,,,,,,,,,,,,,,,
Q14,2,3,1,30.72,lineitem,part,20000000,0,never_instantiated,0,,,,,0,0,,,,,,,,,,,,,,,,,,,,,,,,,,,,,,,,,,,,,,,,,,,,,,,,,,,,,,,,,,,,,,,,,,,,,,,,,,,,,,,,,,,,,,,,,,,,,,,,
Q15,2,3,1,12.27,,,1,0,never_instantiated,0,,,,,0,0,supplier,,1000000,0,never_instantiated,0,,,,,0,0,,,,,,,,,,,,,,,,,,,,,,,,,,,,,,,,,,,,,,,,,,,,,,,,,,,,,,,,,,,,,,,,,,,,,,,,,,,,,,,,,,,,
Q16,2,3,1,13.09,,supplier,479,0,never_instantiated,0,,,,,0,0,partsupp,,2971749,0,never_instantiated,0,,,,,0,0,part,,8,0,never_instantiated,0,,,,,0,0,,,,,,,,,,,,,,,,,,,,,,,,,,,,,,,,,,,,,,,,,,,,,,,,,,,,,,,,,,,,,,,,,,,,,,,,
Q17,2,3,1,51.92,lineitem,part,20031,0,never_instantiated,0,,,,,0,0,,,600982,0,never_instantiated,0,,,,,0,0,lineitem,,20031,0,never_instantiated,0,,,,,0,0,,,,,,,,,,,,,,,,,,,,,,,,,,,,,,,,,,,,,,,,,,,,,,,,,,,,,,,,,,,,,,,,,,,,,,,,
Q18,2,3,1,176.85,,lineitem,6398,0,never_instantiated,0,,,,,0,0,,customer,14999999,0,never_instantiated,0,,,,,0,0,lineitem,orders,150000000,0,never_instantiated,0,,,,,0,0,,,,,,,,,,,,,,,,,,,,,,,,,,,,,,,,,,,,,,,,,,,,,,,,,,,,,,,,,,,,,,,,,,,,,,,,
Q19,2,3,1,41.53,lineitem,part,20000000,0,never_instantiated,0,,,,,0,0,,,,,,,,,,,,,,,,,,,,,,,,,,,,,,,,,,,,,,,,,,,,,,,,,,,,,,,,,,,,,,,,,,,,,,,,,,,,,,,,,,,,,,,,,,,,,,,,
Q20,2,3,1,23.23,,,40207,0,never_instantiated,0,,,,,0,0,partsupp,part,217222,0,never_instantiated,0,,,,,0,0,,,35136,0,never_instantiated,0,,,,,0,0,lineitem,,35136,0,never_instantiated,0,,,,,0,0,supplier,nation,1,0,never_instantiated,0,,,,,0,0,,,,,,,,,,,,,,,,,,,,,,,,,,,,,,,,,,,,,,,,,,,,,,,,
Q21,2,3,1,101.14,,nation,1,0,never_instantiated,0,,,,,0,0,,orders,73072502,0,never_instantiated,0,,,,,0,0,lineitem,supplier,39953,0,never_instantiated,0,,,,,0,0,,,7313671,0,never_instantiated,0,,,,,0,0,lineitem,,7313658,0,never_instantiated,0,,,,,0,0,,,7048027,0,never_instantiated,0,,,,,0,0,lineitem,,7048014,0,never_instantiated,0,,,,,0,0,,,,,,,,,,,,,,,,,,,,,,,,
Q22,2,3,1,18.24,,,1909668,0,never_instantiated,0,,,,,0,0,orders,,1909668,0,never_instantiated,0,,,,,0,0,,,,,,,,,,,,,,,,,,,,,,,,,,,,,,,,,,,,,,,,,,,,,,,,,,,,,,,,,,,,,,,,,,,,,,,,,,,,,,,,,,,,
Q01,2,4,1,31.10,,,,,,,,,,,,,,,,,,,,,,,,,,,,,,,,,,,,,,,,,,,,,,,,,,,,,,,,,,,,,,,,,,,,,,,,,,,,,,,,,,,,,,,,,,,,,,,,,,,,,,,,,,,,
Q02,2,4,1,6.62,,region,1,0,never_instantiated,0,,,,,0,0,,nation,5,0,never_instantiated,0,,,,,0,0,,supplier,200535,0,never_instantiated,0,,,,,0,0,partsupp,part,79591,0,never_instantiated,0,,,,,0,0,,,63825,0,never_instantiated,0,,,,,0,0,,,47107,0,never_instantiated,0,,,,,0,0,,region,1,0,never_instantiated,0,,,,,0,0,partsupp,,200535,0,never_instantiated,0,,,,,0,0,supplier,nation,5,0,never_instantiated,0,,,,,0,0
Q03,2,4,1,46.24,,customer,3000188,0,never_instantiated,0,,,,,0,0,lineitem,orders,72874383,0,never_instantiated,0,,,,,0,0,,,,,,,,,,,,,,,,,,,,,,,,,,,,,,,,,,,,,,,,,,,,,,,,,,,,,,,,,,,,,,,,,,,,,,,,,,,,,,,,,,,,
Q04,2,4,1,32.73,,,5733776,0,never_instantiated,0,,,,,0,0,lineitem,,5733776,0,never_instantiated,0,,,,,0,0,,,,,,,,,,,,,,,,,,,,,,,,,,,,,,,,,,,,,,,,,,,,,,,,,,,,,,,,,,,,,,,,,,,,,,,,,,,,,,,,,,,,
Q05,2,4,1,72.12,,region,1,0,never_instantiated,0,,,,,0,0,,nation,5,0,never_instantiated,0,,,,,0,0,,supplier,1000000,0,never_instantiated,0,,,,,0,0,,customer,2999759,0,never_instantiated,0,,,,,0,0,lineitem,orders,22760819,0,never_instantiated,0,,,,,0,0,,,,,,,,,,,,,,,,,,,,,,,,,,,,,,,,,,,,,,,,,,,,,,,,
Q06,2,4,1,9.12,,,,,,,,,,,,,,,,,,,,,,,,,,,,,,,,,,,,,,,,,,,,,,,,,,,,,,,,,,,,,,,,,,,,,,,,,,,,,,,,,,,,,,,,,,,,,,,,,,,,,,,,,,,,
Q07,2,4,1,23.47,,nation,2,0,never_instantiated,0,,,,,0,0,,nation,2,0,never_instantiated,0,,,,,0,0,,supplier,80171,0,never_instantiated,0,,,,,0,0,,customer,1200139,0,never_instantiated,0,,,,,0,0,lineitem,orders,12026518,0,never_instantiated,0,,,,,0,0,,,,,,,,,,,,,,,,,,,,,,,,,,,,,,,,,,,,,,,,,,,,,,,,
Q08,2,4,1,28.82,,region,1,0,never_instantiated,0,,,,,0,0,,nation,25,0,never_instantiated,0,,,,,0,0,,nation,5,0,never_instantiated,0,,,,,0,0,customer,,1222092,0,never_instantiated,0,,,,,0,0,supplier,,1222092,0,never_instantiated,0,,,,,0,0,orders,,4025859,0,never_instantiated,0,,,,,0,0,lineitem,part,134258,0,never_instantiated,0,,,,,0,0,,,,,,,,,,,,,,,,,,,,,,,,
Q09,2,4,1,119.28,,partsupp,80000000,0,never_instantiated,0,,,,,0,0,,nation,25,0,never_instantiated,0,,,,,0,0,,part,1087982,0,never_instantiated,0,,,,,0,0,,supplier,1000000,0,never_instantiated,0,,,,,0,0,lineitem,orders,150000000,0,never_instantiated,0,,,,,0,0,,,,,,,,,,,,,,,,,,,,,,,,,,,,,,,,,,,,,,,,,,,,,,,,
Q10,2,4,1,28.02,,nation,25,0,never_instantiated,0,,,,,0,0,customer,,11463171,0,never_instantiated,0,,,,,0,0,lineitem,orders,5730378,0,never_instantiated,0,,,,,0,0,,,,,,,,,,,,,,,,,,,,,,,,,,,,,,,,,,,,,,,,,,,,,,,,,,,,,,,,,,,,,,,,,,,,,,,,
Q11,2,4,1,6.50,partsupp,,40045,0,never_instantiated,0,,,,,0,0,supplier,nation,1,0,never_instantiated,0,,,,,0,0,,nation,1,0,never_instantiated,0,,,,,0,0,partsupp,supplier,40045,0,never_instantiated,0,,,,,0,0,,,,,,,,,,,,,,,,,,,,,,,,,,,,,,,,,,,,,,,,,,,,,,,,,,,,,,,,,,,,
Q12,2,4,1,22.67,orders,lineitem,3115341,0,never_instantiated,0,,,,,0,0,,,,,,,,,,,,,,,,,,,,,,,,,,,,,,,,,,,,,,,,,,,,,,,,,,,,,,,,,,,,,,,,,,,,,,,,,,,,,,,,,,,,,,,,,,,,,,,,
Q13,2,4,1,55.13,orders,customer,15000000,0,never_instantiated,0,,,,,0,0,,,,,,,,,,,,,,,,,,,,,,,,,,,,,,,,,,,,,,,,,,,,,,,,,,,,,,,,,,,,,,,,,,,,,,,,,,,,,,,,,,,,,,,,,,,,,,,,
Q14,2,4,1,30.48,lineitem,part,20000000,0,never_instantiated,0,,,,,0,0,,,,,,,,,,,,,,,,,,,,,,,,,,,,,,,,,,,,,,,,,,,,,,,,,,,,,,,,,,,,,,,,,,,,,,,,,,,,,,,,,,,,,,,,,,,,,,,,
Q15,2,4,1,12.41,,,1,0,never_instantiated,0,,,,,0,0,supplier,,1000000,0,never_instantiated,0,,,,,0,0,,,,,,,,,,,,,,,,,,,,,,,,,,,,,,,,,,,,,,,,,,,,,,,,,,,,,,,,,,,,,,,,,,,,,,,,,,,,,,,,,,,,
Q16,2,4,1,13.29,,supplier,479,0,never_instantiated,0,,,,,0,0,partsupp,,2971749,0,never_instantiated,0,,,,,0,0,part,,8,0,never_instantiated,0,,,,,0,0,,,,,,,,,,,,,,,,,,,,,,,,,,,,,,,,,,,,,,,,,,,,,,,,,,,,,,,,,,,,,,,,,,,,,,,,
Q17,2,4,1,52.33,lineitem,part,20031,0,never_instantiated,0,,,,,0,0,,,600982,0,never_instantiated,0,,,,,0,0,lineitem,,20031,0,never_instantiated,0,,,,,0,0,,,,,,,,,,,,,,,,,,,,,,,,,,,,,,,,,,,,,,,,,,,,,,,,,,,,,,,,,,,,,,,,,,,,,,,,
Q18,2,4,1,175.76,,lineitem,6398,0,never_instantiated,0,,,,,0,0,,customer,14999999,0,never_instantiated,0,,,,,0,0,lineitem,orders,150000000,0,never_instantiated,0,,,,,0,0,,,,,,,,,,,,,,,,,,,,,,,,,,,,,,,,,,,,,,,,,,,,,,,,,,,,,,,,,,,,,,,,,,,,,,,,
Q19,2,4,1,42.05,lineitem,part,20000000,0,never_instantiated,0,,,,,0,0,,,,,,,,,,,,,,,,,,,,,,,,,,,,,,,,,,,,,,,,,,,,,,,,,,,,,,,,,,,,,,,,,,,,,,,,,,,,,,,,,,,,,,,,,,,,,,,,
Q20,2,4,1,23.32,,,40207,0,never_instantiated,0,,,,,0,0,partsupp,part,217222,0,never_instantiated,0,,,,,0,0,,,35136,0,never_instantiated,0,,,,,0,0,lineitem,,35136,0,never_instantiated,0,,,,,0,0,supplier,nation,1,0,never_instantiated,0,,,,,0,0,,,,,,,,,,,,,,,,,,,,,,,,,,,,,,,,,,,,,,,,,,,,,,,,
Q21,2,4,1,99.51,,nation,1,0,never_instantiated,0,,,,,0,0,,supplier,39953,0,never_instantiated,0,,,,,0,0,lineitem,orders,73072502,0,never_instantiated,0,,,,,0,0,,,7313671,0,never_instantiated,0,,,,,0,0,lineitem,,7313658,0,never_instantiated,0,,,,,0,0,,,7048027,0,never_instantiated,0,,,,,0,0,lineitem,,7048014,0,never_instantiated,0,,,,,0,0,,,,,,,,,,,,,,,,,,,,,,,,
Q22,2,4,1,18.45,,,1909668,0,never_instantiated,0,,,,,0,0,orders,,1909668,0,never_instantiated,0,,,,,0,0,,,,,,,,,,,,,,,,,,,,,,,,,,,,,,,,,,,,,,,,,,,,,,,,,,,,,,,,,,,,,,,,,,,,,,,,,,,,,,,,,,,,
Q01,2,5,1,31.18,,,,,,,,,,,,,,,,,,,,,,,,,,,,,,,,,,,,,,,,,,,,,,,,,,,,,,,,,,,,,,,,,,,,,,,,,,,,,,,,,,,,,,,,,,,,,,,,,,,,,,,,,,,,
Q02,2,5,1,7.04,,region,1,0,never_instantiated,0,,,,,0,0,,nation,5,0,never_instantiated,0,,,,,0,0,,part,79591,0,never_instantiated,0,,,,,0,0,partsupp,supplier,200535,0,never_instantiated,0,,,,,0,0,,,63825,0,never_instantiated,0,,,,,0,0,,,47107,0,never_instantiated,0,,,,,0,0,,region,1,0,never_instantiated,0,,,,,0,0,,nation,5,0,never_instantiated,0,,,,,0,0,partsupp,supplier,200535,0,never_instantiated,0,,,,,0,0
Q03,2,5,1,46.82,,customer,3000188,0,never_instantiated,0,,,,,0,0,lineitem,orders,72874383,0,never_instantiated,0,,,,,0,0,,,,,,,,,,,,,,,,,,,,,,,,,,,,,,,,,,,,,,,,,,,,,,,,,,,,,,,,,,,,,,,,,,,,,,,,,,,,,,,,,,,,
Q04,2,5,1,32.83,,,5733776,0,never_instantiated,0,,,,,0,0,lineitem,,5733776,0,never_instantiated,0,,,,,0,0,,,,,,,,,,,,,,,,,,,,,,,,,,,,,,,,,,,,,,,,,,,,,,,,,,,,,,,,,,,,,,,,,,,,,,,,,,,,,,,,,,,,
Q05,2,5,1,9999999,,,,,,,,,,,,,,,,,,,,,,,,,,,,,,,,,,,,,,,,,,,,,,,,,,,,,,,,,,,,,,,,,,,,,,,,,,,,,,,,,,,,,,,,,,,,,,,,,,,,,,,,,,,,
Q06,2,5,1,9.04,,,,,,,,,,,,,,,,,,,,,,,,,,,,,,,,,,,,,,,,,,,,,,,,,,,,,,,,,,,,,,,,,,,,,,,,,,,,,,,,,,,,,,,,,,,,,,,,,,,,,,,,,,,,
Q07,2,5,1,23.08,,nation,2,0,never_instantiated,0,,,,,0,0,,customer,1200139,0,never_instantiated,0,,,,,0,0,,nation,2,0,never_instantiated,0,,,,,0,0,orders,,1179101,0,never_instantiated,0,,,,,0,0,lineitem,supplier,80171,0,never_instantiated,0,,,,,0,0,,,,,,,,,,,,,,,,,,,,,,,,,,,,,,,,,,,,,,,,,,,,,,,,
Q08,2,5,1,26.17,,region,1,0,never_instantiated,0,,,,,0,0,,nation,5,0,never_instantiated,0,,,,,0,0,,part,134258,0,never_instantiated,0,,,,,0,0,,customer,3001905,0,never_instantiated,0,,,,,0,0,,orders,45574624,0,never_instantiated,0,,,,,0,0,,nation,25,0,never_instantiated,0,,,,,0,0,lineitem,supplier,1000000,0,never_instantiated,0,,,,,0,0,,,,,,,,,,,,,,,,,,,,,,,,
Q09,2,5,1,57.93,,nation,25,0,never_instantiated,0,,,,,0,0,,supplier,1000000,0,never_instantiated,0,,,,,0,0,,partsupp,80000000,0,never_instantiated,0,,,,,0,0,,orders,150000000,0,never_instantiated,0,,,,,0,0,lineitem,part,1087982,0,never_instantiated,0,,,,,0,0,,,,,,,,,,,,,,,,,,,,,,,,,,,,,,,,,,,,,,,,,,,,,,,,
Q10,2,5,1,27.99,,nation,25,0,never_instantiated,0,,,,,0,0,customer,,11463171,0,never_instantiated,0,,,,,0,0,lineitem,orders,5730378,0,never_instantiated,0,,,,,0,0,,,,,,,,,,,,,,,,,,,,,,,,,,,,,,,,,,,,,,,,,,,,,,,,,,,,,,,,,,,,,,,,,,,,,,,,
Q11,2,5,1,6.30,,nation,1,0,never_instantiated,0,,,,,0,0,partsupp,supplier,40045,0,never_instantiated,0,,,,,0,0,partsupp,,40045,0,never_instantiated,0,,,,,0,0,supplier,nation,1,0,never_instantiated,0,,,,,0,0,,,,,,,,,,,,,,,,,,,,,,,,,,,,,,,,,,,,,,,,,,,,,,,,,,,,,,,,,,,,
Q12,2,5,1,22.58,orders,lineitem,3115341,0,never_instantiated,0,,,,,0,0,,,,,,,,,,,,,,,,,,,,,,,,,,,,,,,,,,,,,,,,,,,,,,,,,,,,,,,,,,,,,,,,,,,,,,,,,,,,,,,,,,,,,,,,,,,,,,,,
Q13,2,5,1,55.07,orders,customer,15000000,0,never_instantiated,0,,,,,0,0,,,,,,,,,,,,,,,,,,,,,,,,,,,,,,,,,,,,,,,,,,,,,,,,,,,,,,,,,,,,,,,,,,,,,,,,,,,,,,,,,,,,,,,,,,,,,,,,
Q14,2,5,1,30.35,lineitem,part,20000000,0,never_instantiated,0,,,,,0,0,,,,,,,,,,,,,,,,,,,,,,,,,,,,,,,,,,,,,,,,,,,,,,,,,,,,,,,,,,,,,,,,,,,,,,,,,,,,,,,,,,,,,,,,,,,,,,,,
Q15,2,5,1,12.42,,,1,0,never_instantiated,0,,,,,0,0,supplier,,1000000,0,never_instantiated,0,,,,,0,0,,,,,,,,,,,,,,,,,,,,,,,,,,,,,,,,,,,,,,,,,,,,,,,,,,,,,,,,,,,,,,,,,,,,,,,,,,,,,,,,,,,,
Q16,2,5,1,12.87,,supplier,479,0,never_instantiated,0,,,,,0,0,partsupp,,2971749,0,never_instantiated,0,,,,,0,0,part,,8,0,never_instantiated,0,,,,,0,0,,,,,,,,,,,,,,,,,,,,,,,,,,,,,,,,,,,,,,,,,,,,,,,,,,,,,,,,,,,,,,,,,,,,,,,,
Q17,2,5,1,52.77,lineitem,part,20031,0,never_instantiated,0,,,,,0,0,,,600982,0,never_instantiated,0,,,,,0,0,lineitem,,20031,0,never_instantiated,0,,,,,0,0,,,,,,,,,,,,,,,,,,,,,,,,,,,,,,,,,,,,,,,,,,,,,,,,,,,,,,,,,,,,,,,,,,,,,,,,
Q18,2,5,1,176.85,,lineitem,6398,0,never_instantiated,0,,,,,0,0,,customer,14999999,0,never_instantiated,0,,,,,0,0,lineitem,orders,150000000,0,never_instantiated,0,,,,,0,0,,,,,,,,,,,,,,,,,,,,,,,,,,,,,,,,,,,,,,,,,,,,,,,,,,,,,,,,,,,,,,,,,,,,,,,,
Q19,2,5,1,41.20,lineitem,part,20000000,0,never_instantiated,0,,,,,0,0,,,,,,,,,,,,,,,,,,,,,,,,,,,,,,,,,,,,,,,,,,,,,,,,,,,,,,,,,,,,,,,,,,,,,,,,,,,,,,,,,,,,,,,,,,,,,,,,
Q20,2,5,1,23.19,,,40207,0,never_instantiated,0,,,,,0,0,partsupp,part,217222,0,never_instantiated,0,,,,,0,0,,,35136,0,never_instantiated,0,,,,,0,0,lineitem,,35136,0,never_instantiated,0,,,,,0,0,supplier,nation,1,0,never_instantiated,0,,,,,0,0,,,,,,,,,,,,,,,,,,,,,,,,,,,,,,,,,,,,,,,,,,,,,,,,
Q21,2,5,1,101.41,,nation,1,0,never_instantiated,0,,,,,0,0,,orders,73072502,0,never_instantiated,0,,,,,0,0,lineitem,supplier,39953,0,never_instantiated,0,,,,,0,0,,,7313671,0,never_instantiated,0,,,,,0,0,lineitem,,7313658,0,never_instantiated,0,,,,,0,0,,,7048027,0,never_instantiated,0,,,,,0,0,lineitem,,7048014,0,never_instantiated,0,,,,,0,0,,,,,,,,,,,,,,,,,,,,,,,,
Q22,2,5,1,18.05,,,1909668,0,never_instantiated,0,,,,,0,0,orders,,1909668,0,never_instantiated,0,,,,,0,0,,,,,,,,,,,,,,,,,,,,,,,,,,,,,,,,,,,,,,,,,,,,,,,,,,,,,,,,,,,,,,,,,,,,,,,,,,,,,,,,,,,,
Q01,2,6,1,31.46,,,,,,,,,,,,,,,,,,,,,,,,,,,,,,,,,,,,,,,,,,,,,,,,,,,,,,,,,,,,,,,,,,,,,,,,,,,,,,,,,,,,,,,,,,,,,,,,,,,,,,,,,,,,
Q02,2,6,1,6.42,,region,1,0,never_instantiated,0,,,,,0,0,,nation,5,0,never_instantiated,0,,,,,0,0,,supplier,200535,0,never_instantiated,0,,,,,0,0,partsupp,part,79591,0,never_instantiated,0,,,,,0,0,,,63825,0,never_instantiated,0,,,,,0,0,,,47107,0,never_instantiated,0,,,,,0,0,,region,1,0,never_instantiated,0,,,,,0,0,partsupp,,200535,0,never_instantiated,0,,,,,0,0,supplier,nation,5,0,never_instantiated,0,,,,,0,0
Q03,2,6,1,46.84,,customer,3000188,0,never_instantiated,0,,,,,0,0,lineitem,orders,72874383,0,never_instantiated,0,,,,,0,0,,,,,,,,,,,,,,,,,,,,,,,,,,,,,,,,,,,,,,,,,,,,,,,,,,,,,,,,,,,,,,,,,,,,,,,,,,,,,,,,,,,,
Q04,2,6,1,32.70,,,5733776,0,never_instantiated,0,,,,,0,0,lineitem,,5733776,0,never_instantiated,0,,,,,0,0,,,,,,,,,,,,,,,,,,,,,,,,,,,,,,,,,,,,,,,,,,,,,,,,,,,,,,,,,,,,,,,,,,,,,,,,,,,,,,,,,,,,
Q05,2,6,1,67.69,,region,1,0,never_instantiated,0,,,,,0,0,,nation,5,0,never_instantiated,0,,,,,0,0,,customer,14999999,0,never_instantiated,0,,,,,0,0,,supplier,199889,0,never_instantiated,0,,,,,0,0,lineitem,orders,22760819,0,never_instantiated,0,,,,,0,0,,,,,,,,,,,,,,,,,,,,,,,,,,,,,,,,,,,,,,,,,,,,,,,,
Q06,2,6,1,9.06,,,,,,,,,,,,,,,,,,,,,,,,,,,,,,,,,,,,,,,,,,,,,,,,,,,,,,,,,,,,,,,,,,,,,,,,,,,,,,,,,,,,,,,,,,,,,,,,,,,,,,,,,,,,
Q07,2,6,1,22.91,,nation,2,0,never_instantiated,0,,,,,0,0,,customer,1200139,0,never_instantiated,0,,,,,0,0,,nation,2,0,never_instantiated,0,,,,,0,0,,supplier,80171,0,never_instantiated,0,,,,,0,0,lineitem,orders,12026518,0,never_instantiated,0,,,,,0,0,,,,,,,,,,,,,,,,,,,,,,,,,,,,,,,,,,,,,,,,,,,,,,,,
Q08,2,6,1,26.31,,region,1,0,never_instantiated,0,,,,,0,0,,nation,25,0,never_instantiated,0,,,,,0,0,,nation,5,0,never_instantiated,0,,,,,0,0,supplier,,244821,0,never_instantiated,0,,,,,0,0,customer,,1222092,0,never_instantiated,0,,,,,0,0,,part,134258,0,never_instantiated,0,,,,,0,0,lineitem,orders,45574624,0,never_instantiated,0,,,,,0,0,,,,,,,,,,,,,,,,,,,,,,,,
Q09,2,6,1,57.84,,nation,25,0,never_instantiated,0,,,,,0,0,,supplier,1000000,0,never_instantiated,0,,,,,0,0,,orders,150000000,0,never_instantiated,0,,,,,0,0,,part,1087982,0,never_instantiated,0,,,,,0,0,lineitem,partsupp,80000000,0,never_instantiated,0,,,,,0,0,,,,,,,,,,,,,,,,,,,,,,,,,,,,,,,,,,,,,,,,,,,,,,,,
Q10,2,6,1,27.96,,nation,25,0,never_instantiated,0,,,,,0,0,customer,,11463171,0,never_instantiated,0,,,,,0,0,lineitem,orders,5730378,0,never_instantiated,0,,,,,0,0,,,,,,,,,,,,,,,,,,,,,,,,,,,,,,,,,,,,,,,,,,,,,,,,,,,,,,,,,,,,,,,,,,,,,,,,
Q11,2,6,1,5.18,partsupp,,40045,0,never_instantiated,0,,,,,0,0,supplier,nation,1,0,never_instantiated,0,,,,,0,0,partsupp,,40045,0,never_instantiated,0,,,,,0,0,supplier,nation,1,0,never_instantiated,0,,,,,0,0,,,,,,,,,,,,,,,,,,,,,,,,,,,,,,,,,,,,,,,,,,,,,,,,,,,,,,,,,,,,
Q12,2,6,1,22.84,orders,lineitem,3115341,0,never_instantiated,0,,,,,0,0,,,,,,,,,,,,,,,,,,,,,,,,,,,,,,,,,,,,,,,,,,,,,,,,,,,,,,,,,,,,,,,,,,,,,,,,,,,,,,,,,,,,,,,,,,,,,,,,
Q13,2,6,1,55.07,orders,customer,15000000,0,never_instantiated,0,,,,,0,0,,,,,,,,,,,,,,,,,,,,,,,,,,,,,,,,,,,,,,,,,,,,,,,,,,,,,,,,,,,,,,,,,,,,,,,,,,,,,,,,,,,,,,,,,,,,,,,,
Q14,2,6,1,30.29,lineitem,part,20000000,0,never_instantiated,0,,,,,0,0,,,,,,,,,,,,,,,,,,,,,,,,,,,,,,,,,,,,,,,,,,,,,,,,,,,,,,,,,,,,,,,,,,,,,,,,,,,,,,,,,,,,,,,,,,,,,,,,
Q15,2,6,1,12.33,,,1,0,never_instantiated,0,,,,,0,0,supplier,,1000000,0,never_instantiated,0,,,,,0,0,,,,,,,,,,,,,,,,,,,,,,,,,,,,,,,,,,,,,,,,,,,,,,,,,,,,,,,,,,,,,,,,,,,,,,,,,,,,,,,,,,,,
Q16,2,6,1,13.29,,supplier,479,0,never_instantiated,0,,,,,0,0,partsupp,,2971749,0,never_instantiated,0,,,,,0,0,part,,8,0,never_instantiated,0,,,,,0,0,,,,,,,,,,,,,,,,,,,,,,,,,,,,,,,,,,,,,,,,,,,,,,,,,,,,,,,,,,,,,,,,,,,,,,,,
Q17,2,6,1,52.33,lineitem,part,20031,0,never_instantiated,0,,,,,0,0,,,600982,0,never_instantiated,0,,,,,0,0,lineitem,,20031,0,never_instantiated,0,,,,,0,0,,,,,,,,,,,,,,,,,,,,,,,,,,,,,,,,,,,,,,,,,,,,,,,,,,,,,,,,,,,,,,,,,,,,,,,,
Q18,2,6,1,175.61,,lineitem,6398,0,never_instantiated,0,,,,,0,0,,customer,14999999,0,never_instantiated,0,,,,,0,0,lineitem,orders,150000000,0,never_instantiated,0,,,,,0,0,,,,,,,,,,,,,,,,,,,,,,,,,,,,,,,,,,,,,,,,,,,,,,,,,,,,,,,,,,,,,,,,,,,,,,,,
Q19,2,6,1,42.52,lineitem,part,20000000,0,never_instantiated,0,,,,,0,0,,,,,,,,,,,,,,,,,,,,,,,,,,,,,,,,,,,,,,,,,,,,,,,,,,,,,,,,,,,,,,,,,,,,,,,,,,,,,,,,,,,,,,,,,,,,,,,,
Q20,2,6,1,23.31,,,40207,0,never_instantiated,0,,,,,0,0,partsupp,part,217222,0,never_instantiated,0,,,,,0,0,,,35136,0,never_instantiated,0,,,,,0,0,lineitem,,35136,0,never_instantiated,0,,,,,0,0,supplier,nation,1,0,never_instantiated,0,,,,,0,0,,,,,,,,,,,,,,,,,,,,,,,,,,,,,,,,,,,,,,,,,,,,,,,,
Q21,2,6,1,101.18,,nation,1,0,never_instantiated,0,,,,,0,0,,supplier,39953,0,never_instantiated,0,,,,,0,0,lineitem,orders,73072502,0,never_instantiated,0,,,,,0,0,,,7313671,0,never_instantiated,0,,,,,0,0,lineitem,,7313658,0,never_instantiated,0,,,,,0,0,,,7048027,0,never_instantiated,0,,,,,0,0,lineitem,,7048014,0,never_instantiated,0,,,,,0,0,,,,,,,,,,,,,,,,,,,,,,,,
Q22,2,6,1,18.18,,,1909668,0,never_instantiated,0,,,,,0,0,orders,,1909668,0,never_instantiated,0,,,,,0,0,,,,,,,,,,,,,,,,,,,,,,,,,,,,,,,,,,,,,,,,,,,,,,,,,,,,,,,,,,,,,,,,,,,,,,,,,,,,,,,,,,,,
Q01,2,7,1,31.11,,,,,,,,,,,,,,,,,,,,,,,,,,,,,,,,,,,,,,,,,,,,,,,,,,,,,,,,,,,,,,,,,,,,,,,,,,,,,,,,,,,,,,,,,,,,,,,,,,,,,,,,,,,,
Q02,2,7,1,7.00,,region,1,0,never_instantiated,0,,,,,0,0,,nation,5,0,never_instantiated,0,,,,,0,0,,part,79591,0,never_instantiated,0,,,,,0,0,partsupp,supplier,200535,0,never_instantiated,0,,,,,0,0,,,63825,0,never_instantiated,0,,,,,0,0,,,47107,0,never_instantiated,0,,,,,0,0,,region,1,0,never_instantiated,0,,,,,0,0,,nation,5,0,never_instantiated,0,,,,,0,0,partsupp,supplier,200535,0,never_instantiated,0,,,,,0,0
Q03,2,7,1,46.69,,customer,3000188,0,never_instantiated,0,,,,,0,0,lineitem,orders,72874383,0,never_instantiated,0,,,,,0,0,,,,,,,,,,,,,,,,,,,,,,,,,,,,,,,,,,,,,,,,,,,,,,,,,,,,,,,,,,,,,,,,,,,,,,,,,,,,,,,,,,,,
Q04,2,7,1,32.86,,,5733776,0,never_instantiated,0,,,,,0,0,lineitem,,5733776,0,never_instantiated,0,,,,,0,0,,,,,,,,,,,,,,,,,,,,,,,,,,,,,,,,,,,,,,,,,,,,,,,,,,,,,,,,,,,,,,,,,,,,,,,,,,,,,,,,,,,,
Q05,2,7,1,9999999,,,,,,,,,,,,,,,,,,,,,,,,,,,,,,,,,,,,,,,,,,,,,,,,,,,,,,,,,,,,,,,,,,,,,,,,,,,,,,,,,,,,,,,,,,,,,,,,,,,,,,,,,,,,
Q06,2,7,1,9.21,,,,,,,,,,,,,,,,,,,,,,,,,,,,,,,,,,,,,,,,,,,,,,,,,,,,,,,,,,,,,,,,,,,,,,,,,,,,,,,,,,,,,,,,,,,,,,,,,,,,,,,,,,,,
Q07,2,7,1,23.36,,nation,2,0,never_instantiated,0,,,,,0,0,,nation,2,0,never_instantiated,0,,,,,0,0,,customer,1200139,0,never_instantiated,0,,,,,0,0,orders,,1179101,0,never_instantiated,0,,,,,0,0,lineitem,supplier,80171,0,never_instantiated,0,,,,,0,0,,,,,,,,,,,,,,,,,,,,,,,,,,,,,,,,,,,,,,,,,,,,,,,,
Q08,2,7,1,29.22,,region,1,0,never_instantiated,0,,,,,0,0,,nation,5,0,never_instantiated,0,,,,,0,0,customer,,1222092,0,never_instantiated,0,,,,,0,0,,nation,25,0,never_instantiated,0,,,,,0,0,orders,,4025859,0,never_instantiated,0,,,,,0,0,,supplier,1000000,0,never_instantiated,0,,,,,0,0,lineitem,part,134258,0,never_instantiated,0,,,,,0,0,,,,,,,,,,,,,,,,,,,,,,,,
Q09,2,7,1,58.06,,nation,25,0,never_instantiated,0,,,,,0,0,,part,1087982,0,never_instantiated,0,,,,,0,0,,orders,150000000,0,never_instantiated,0,,,,,0,0,,partsupp,80000000,0,never_instantiated,0,,,,,0,0,lineitem,supplier,1000000,0,never_instantiated,0,,,,,0,0,,,,,,,,,,,,,,,,,,,,,,,,,,,,,,,,,,,,,,,,,,,,,,,,
Q10,2,7,1,28.07,,nation,25,0,never_instantiated,0,,,,,0,0,customer,,11463171,0,never_instantiated,0,,,,,0,0,lineitem,orders,5730378,0,never_instantiated,0,,,,,0,0,,,,,,,,,,,,,,,,,,,,,,,,,,,,,,,,,,,,,,,,,,,,,,,,,,,,,,,,,,,,,,,,,,,,,,,,
Q11,2,7,1,7.34,,nation,1,0,never_instantiated,0,,,,,0,0,partsupp,supplier,40045,0,never_instantiated,0,,,,,0,0,,nation,1,0,never_instantiated,0,,,,,0,0,partsupp,supplier,40045,0,never_instantiated,0,,,,,0,0,,,,,,,,,,,,,,,,,,,,,,,,,,,,,,,,,,,,,,,,,,,,,,,,,,,,,,,,,,,,
Q12,2,7,1,22.76,orders,lineitem,3115341,0,never_instantiated,0,,,,,0,0,,,,,,,,,,,,,,,,,,,,,,,,,,,,,,,,,,,,,,,,,,,,,,,,,,,,,,,,,,,,,,,,,,,,,,,,,,,,,,,,,,,,,,,,,,,,,,,,
Q13,2,7,1,55.72,orders,customer,15000000,0,never_instantiated,0,,,,,0,0,,,,,,,,,,,,,,,,,,,,,,,,,,,,,,,,,,,,,,,,,,,,,,,,,,,,,,,,,,,,,,,,,,,,,,,,,,,,,,,,,,,,,,,,,,,,,,,,
Q14,2,7,1,30.28,lineitem,part,20000000,0,never_instantiated,0,,,,,0,0,,,,,,,,,,,,,,,,,,,,,,,,,,,,,,,,,,,,,,,,,,,,,,,,,,,,,,,,,,,,,,,,,,,,,,,,,,,,,,,,,,,,,,,,,,,,,,,,
Q15,2,7,1,12.30,,,1,0,never_instantiated,0,,,,,0,0,supplier,,1000000,0,never_instantiated,0,,,,,0,0,,,,,,,,,,,,,,,,,,,,,,,,,,,,,,,,,,,,,,,,,,,,,,,,,,,,,,,,,,,,,,,,,,,,,,,,,,,,,,,,,,,,
Q16,2,7,1,13.04,,supplier,479,0,never_instantiated,0,,,,,0,0,partsupp,,2971749,0,never_instantiated,0,,,,,0,0,part,,8,0,never_instantiated,0,,,,,0,0,,,,,,,,,,,,,,,,,,,,,,,,,,,,,,,,,,,,,,,,,,,,,,,,,,,,,,,,,,,,,,,,,,,,,,,,
Q17,2,7,1,52.23,lineitem,part,20031,0,never_instantiated,0,,,,,0,0,,,600982,0,never_instantiated,0,,,,,0,0,lineitem,,20031,0,never_instantiated,0,,,,,0,0,,,,,,,,,,,,,,,,,,,,,,,,,,,,,,,,,,,,,,,,,,,,,,,,,,,,,,,,,,,,,,,,,,,,,,,,
Q18,2,7,1,178.28,,lineitem,6398,0,never_instantiated,0,,,,,0,0,,customer,14999999,0,never_instantiated,0,,,,,0,0,lineitem,orders,150000000,0,never_instantiated,0,,,,,0,0,,,,,,,,,,,,,,,,,,,,,,,,,,,,,,,,,,,,,,,,,,,,,,,,,,,,,,,,,,,,,,,,,,,,,,,,
Q19,2,7,1,41.38,lineitem,part,20000000,0,never_instantiated,0,,,,,0,0,,,,,,,,,,,,,,,,,,,,,,,,,,,,,,,,,,,,,,,,,,,,,,,,,,,,,,,,,,,,,,,,,,,,,,,,,,,,,,,,,,,,,,,,,,,,,,,,
Q20,2,7,1,23.26,,,40207,0,never_instantiated,0,,,,,0,0,partsupp,part,217222,0,never_instantiated,0,,,,,0,0,,,35136,0,never_instantiated,0,,,,,0,0,lineitem,,35136,0,never_instantiated,0,,,,,0,0,supplier,nation,1,0,never_instantiated,0,,,,,0,0,,,,,,,,,,,,,,,,,,,,,,,,,,,,,,,,,,,,,,,,,,,,,,,,
Q21,2,7,1,101.27,,nation,1,0,never_instantiated,0,,,,,0,0,,orders,73072502,0,never_instantiated,0,,,,,0,0,lineitem,supplier,39953,0,never_instantiated,0,,,,,0,0,,,7313671,0,never_instantiated,0,,,,,0,0,lineitem,,7313658,0,never_instantiated,0,,,,,0,0,,,7048027,0,never_instantiated,0,,,,,0,0,lineitem,,7048014,0,never_instantiated,0,,,,,0,0,,,,,,,,,,,,,,,,,,,,,,,,
Q22,2,7,1,18.41,,,1909668,0,never_instantiated,0,,,,,0,0,orders,,1909668,0,never_instantiated,0,,,,,0,0,,,,,,,,,,,,,,,,,,,,,,,,,,,,,,,,,,,,,,,,,,,,,,,,,,,,,,,,,,,,,,,,,,,,,,,,,,,,,,,,,,,,
Q01,2,8,1,31.03,,,,,,,,,,,,,,,,,,,,,,,,,,,,,,,,,,,,,,,,,,,,,,,,,,,,,,,,,,,,,,,,,,,,,,,,,,,,,,,,,,,,,,,,,,,,,,,,,,,,,,,,,,,,
Q02,2,8,1,6.48,,region,1,0,never_instantiated,0,,,,,0,0,,nation,5,0,never_instantiated,0,,,,,0,0,,supplier,200535,0,never_instantiated,0,,,,,0,0,partsupp,part,79591,0,never_instantiated,0,,,,,0,0,,,63825,0,never_instantiated,0,,,,,0,0,,,47107,0,never_instantiated,0,,,,,0,0,,region,1,0,never_instantiated,0,,,,,0,0,partsupp,,200535,0,never_instantiated,0,,,,,0,0,supplier,nation,5,0,never_instantiated,0,,,,,0,0
Q03,2,8,1,46.46,,customer,3000188,0,never_instantiated,0,,,,,0,0,lineitem,orders,72874383,0,never_instantiated,0,,,,,0,0,,,,,,,,,,,,,,,,,,,,,,,,,,,,,,,,,,,,,,,,,,,,,,,,,,,,,,,,,,,,,,,,,,,,,,,,,,,,,,,,,,,,
Q04,2,8,1,32.61,,,5733776,0,never_instantiated,0,,,,,0,0,lineitem,,5733776,0,never_instantiated,0,,,,,0,0,,,,,,,,,,,,,,,,,,,,,,,,,,,,,,,,,,,,,,,,,,,,,,,,,,,,,,,,,,,,,,,,,,,,,,,,,,,,,,,,,,,,
Q05,2,8,1,75.66,,region,1,0,never_instantiated,0,,,,,0,0,,nation,5,0,never_instantiated,0,,,,,0,0,,customer,2999759,0,never_instantiated,0,,,,,0,0,,supplier,1000000,0,never_instantiated,0,,,,,0,0,lineitem,orders,22760819,0,never_instantiated,0,,,,,0,0,,,,,,,,,,,,,,,,,,,,,,,,,,,,,,,,,,,,,,,,,,,,,,,,
Q06,2,8,1,9.07,,,,,,,,,,,,,,,,,,,,,,,,,,,,,,,,,,,,,,,,,,,,,,,,,,,,,,,,,,,,,,,,,,,,,,,,,,,,,,,,,,,,,,,,,,,,,,,,,,,,,,,,,,,,
Q07,2,8,1,22.38,,nation,2,0,never_instantiated,0,,,,,0,0,,customer,1200139,0,never_instantiated,0,,,,,0,0,,nation,2,0,never_instantiated,0,,,,,0,0,,supplier,80171,0,never_instantiated,0,,,,,0,0,lineitem,orders,12026518,0,never_instantiated,0,,,,,0,0,,,,,,,,,,,,,,,,,,,,,,,,,,,,,,,,,,,,,,,,,,,,,,,,
Q08,2,8,1,26.77,,region,1,0,never_instantiated,0,,,,,0,0,,nation,5,0,never_instantiated,0,,,,,0,0,customer,,1222092,0,never_instantiated,0,,,,,0,0,,part,134258,0,never_instantiated,0,,,,,0,0,,nation,25,0,never_instantiated,0,,,,,0,0,,orders,45574624,0,never_instantiated,0,,,,,0,0,lineitem,supplier,1000000,0,never_instantiated,0,,,,,0,0,,,,,,,,,,,,,,,,,,,,,,,,
Q09,2,8,1,117.12,,nation,25,0,never_instantiated,0,,,,,0,0,,supplier,1000000,0,never_instantiated,0,,,,,0,0,,part,1087982,0,never_instantiated,0,,,,,0,0,,partsupp,4363044,0,never_instantiated,0,,,,,0,0,lineitem,orders,150000000,0,never_instantiated,0,,,,,0,0,,,,,,,,,,,,,,,,,,,,,,,,,,,,,,,,,,,,,,,,,,,,,,,,
Q10,2,8,1,28.13,,nation,25,0,never_instantiated,0,,,,,0,0,customer,,11463171,0,never_instantiated,0,,,,,0,0,lineitem,orders,5730378,0,never_instantiated,0,,,,,0,0,,,,,,,,,,,,,,,,,,,,,,,,,,,,,,,,,,,,,,,,,,,,,,,,,,,,,,,,,,,,,,,,,,,,,,,,
Q11,2,8,1,5.25,partsupp,,40045,0,never_instantiated,0,,,,,0,0,supplier,nation,1,0,never_instantiated,0,,,,,0,0,partsupp,,40045,0,never_instantiated,0,,,,,0,0,supplier,nation,1,0,never_instantiated,0,,,,,0,0,,,,,,,,,,,,,,,,,,,,,,,,,,,,,,,,,,,,,,,,,,,,,,,,,,,,,,,,,,,,
Q12,2,8,1,22.69,orders,lineitem,3115341,0,never_instantiated,0,,,,,0,0,,,,,,,,,,,,,,,,,,,,,,,,,,,,,,,,,,,,,,,,,,,,,,,,,,,,,,,,,,,,,,,,,,,,,,,,,,,,,,,,,,,,,,,,,,,,,,,,
Q13,2,8,1,55.39,orders,customer,15000000,0,never_instantiated,0,,,,,0,0,,,,,,,,,,,,,,,,,,,,,,,,,,,,,,,,,,,,,,,,,,,,,,,,,,,,,,,,,,,,,,,,,,,,,,,,,,,,,,,,,,,,,,,,,,,,,,,,
Q14,2,8,1,30.76,lineitem,part,20000000,0,never_instantiated,0,,,,,0,0,,,,,,,,,,,,,,,,,,,,,,,,,,,,,,,,,,,,,,,,,,,,,,,,,,,,,,,,,,,,,,,,,,,,,,,,,,,,,,,,,,,,,,,,,,,,,,,,
Q15,2,8,1,12.41,,,1,0,never_instantiated,0,,,,,0,0,supplier,,1000000,0,never_instantiated,0,,,,,0,0,,,,,,,,,,,,,,,,,,,,,,,,,,,,,,,,,,,,,,,,,,,,,,,,,,,,,,,,,,,,,,,,,,,,,,,,,,,,,,,,,,,,
Q16,2,8,1,13.53,,supplier,479,0,never_instantiated,0,,,,,0,0,partsupp,,2971749,0,never_instantiated,0,,,,,0,0,part,,8,0,never_instantiated,0,,,,,0,0,,,,,,,,,,,,,,,,,,,,,,,,,,,,,,,,,,,,,,,,,,,,,,,,,,,,,,,,,,,,,,,,,,,,,,,,
Q17,2,8,1,52.05,lineitem,part,20031,0,never_instantiated,0,,,,,0,0,,,600982,0,never_instantiated,0,,,,,0,0,lineitem,,20031,0,never_instantiated,0,,,,,0,0,,,,,,,,,,,,,,,,,,,,,,,,,,,,,,,,,,,,,,,,,,,,,,,,,,,,,,,,,,,,,,,,,,,,,,,,
Q18,2,8,1,178.30,,lineitem,6398,0,never_instantiated,0,,,,,0,0,,customer,14999999,0,never_instantiated,0,,,,,0,0,lineitem,orders,150000000,0,never_instantiated,0,,,,,0,0,,,,,,,,,,,,,,,,,,,,,,,,,,,,,,,,,,,,,,,,,,,,,,,,,,,,,,,,,,,,,,,,,,,,,,,,
Q19,2,8,1,40.97,lineitem,part,20000000,0,never_instantiated,0,,,,,0,0,,,,,,,,,,,,,,,,,,,,,,,,,,,,,,,,,,,,,,,,,,,,,,,,,,,,,,,,,,,,,,,,,,,,,,,,,,,,,,,,,,,,,,,,,,,,,,,,
Q20,2,8,1,23.15,,,40207,0,never_instantiated,0,,,,,0,0,partsupp,part,217222,0,never_instantiated,0,,,,,0,0,,,35136,0,never_instantiated,0,,,,,0,0,lineitem,,35136,0,never_instantiated,0,,,,,0,0,supplier,nation,1,0,never_instantiated,0,,,,,0,0,,,,,,,,,,,,,,,,,,,,,,,,,,,,,,,,,,,,,,,,,,,,,,,,
Q21,2,8,1,99.56,,nation,1,0,never_instantiated,0,,,,,0,0,,supplier,39953,0,never_instantiated,0,,,,,0,0,lineitem,orders,73072502,0,never_instantiated,0,,,,,0,0,,,7313671,0,never_instantiated,0,,,,,0,0,lineitem,,7313658,0,never_instantiated,0,,,,,0,0,,,7048027,0,never_instantiated,0,,,,,0,0,lineitem,,7048014,0,never_instantiated,0,,,,,0,0,,,,,,,,,,,,,,,,,,,,,,,,
Q22,2,8,1,18.05,,,1909668,0,never_instantiated,0,,,,,0,0,orders,,1909668,0,never_instantiated,0,,,,,0,0,,,,,,,,,,,,,,,,,,,,,,,,,,,,,,,,,,,,,,,,,,,,,,,,,,,,,,,,,,,,,,,,,,,,,,,,,,,,,,,,,,,,
Q01,2,9,1,31.56,,,,,,,,,,,,,,,,,,,,,,,,,,,,,,,,,,,,,,,,,,,,,,,,,,,,,,,,,,,,,,,,,,,,,,,,,,,,,,,,,,,,,,,,,,,,,,,,,,,,,,,,,,,,
Q02,2,9,1,5.27,,region,1,0,never_instantiated,0,,,,,0,0,,part,79591,0,never_instantiated,0,,,,,0,0,,nation,5,0,never_instantiated,0,,,,,0,0,partsupp,supplier,200535,0,never_instantiated,0,,,,,0,0,,,63825,0,never_instantiated,0,,,,,0,0,,,47107,0,never_instantiated,0,,,,,0,0,partsupp,,200535,0,never_instantiated,0,,,,,0,0,,region,1,0,never_instantiated,0,,,,,0,0,supplier,nation,5,0,never_instantiated,0,,,,,0,0
Q03,2,9,1,47.07,,customer,3000188,0,never_instantiated,0,,,,,0,0,lineitem,orders,72874383,0,never_instantiated,0,,,,,0,0,,,,,,,,,,,,,,,,,,,,,,,,,,,,,,,,,,,,,,,,,,,,,,,,,,,,,,,,,,,,,,,,,,,,,,,,,,,,,,,,,,,,
Q04,2,9,1,32.58,,,5733776,0,never_instantiated,0,,,,,0,0,lineitem,,5733776,0,never_instantiated,0,,,,,0,0,,,,,,,,,,,,,,,,,,,,,,,,,,,,,,,,,,,,,,,,,,,,,,,,,,,,,,,,,,,,,,,,,,,,,,,,,,,,,,,,,,,,
Q05,2,9,1,72.00,,region,1,0,never_instantiated,0,,,,,0,0,,nation,5,0,never_instantiated,0,,,,,0,0,,customer,2999759,0,never_instantiated,0,,,,,0,0,,orders,22760819,0,never_instantiated,0,,,,,0,0,lineitem,supplier,1000000,0,never_instantiated,0,,,,,0,0,,,,,,,,,,,,,,,,,,,,,,,,,,,,,,,,,,,,,,,,,,,,,,,,
Q06,2,9,1,9.15,,,,,,,,,,,,,,,,,,,,,,,,,,,,,,,,,,,,,,,,,,,,,,,,,,,,,,,,,,,,,,,,,,,,,,,,,,,,,,,,,,,,,,,,,,,,,,,,,,,,,,,,,,,,
Q07,2,9,1,22.52,,nation,2,0,never_instantiated,0,,,,,0,0,,customer,1200139,0,never_instantiated,0,,,,,0,0,orders,,1179101,0,never_instantiated,0,,,,,0,0,,nation,2,0,never_instantiated,0,,,,,0,0,lineitem,supplier,80171,0,never_instantiated,0,,,,,0,0,,,,,,,,,,,,,,,,,,,,,,,,,,,,,,,,,,,,,,,,,,,,,,,,
Q08,2,9,1,26.84,,region,1,0,never_instantiated,0,,,,,0,0,,nation,5,0,never_instantiated,0,,,,,0,0,customer,,1222092,0,never_instantiated,0,,,,,0,0,,part,134258,0,never_instantiated,0,,,,,0,0,,nation,25,0,never_instantiated,0,,,,,0,0,,supplier,1000000,0,never_instantiated,0,,,,,0,0,lineitem,orders,45574624,0,never_instantiated,0,,,,,0,0,,,,,,,,,,,,,,,,,,,,,,,,
Q09,2,9,1,56.86,,nation,25,0,never_instantiated,0,,,,,0,0,,partsupp,80000000,0,never_instantiated,0,,,,,0,0,,orders,150000000,0,never_instantiated,0,,,,,0,0,,supplier,1000000,0,never_instantiated,0,,,,,0,0,lineitem,part,1087982,0,never_instantiated,0,,,,,0,0,,,,,,,,,,,,,,,,,,,,,,,,,,,,,,,,,,,,,,,,,,,,,,,,
Q10,2,9,1,28.38,,nation,25,0,never_instantiated,0,,,,,0,0,customer,,11463171,0,never_instantiated,0,,,,,0,0,lineitem,orders,5730378,0,never_instantiated,0,,,,,0,0,,,,,,,,,,,,,,,,,,,,,,,,,,,,,,,,,,,,,,,,,,,,,,,,,,,,,,,,,,,,,,,,,,,,,,,,
Q11,2,9,1,6.34,,nation,1,0,never_instantiated,0,,,,,0,0,partsupp,supplier,40045,0,never_instantiated,0,,,,,0,0,partsupp,,40045,0,never_instantiated,0,,,,,0,0,supplier,nation,1,0,never_instantiated,0,,,,,0,0,,,,,,,,,,,,,,,,,,,,,,,,,,,,,,,,,,,,,,,,,,,,,,,,,,,,,,,,,,,,
Q12,2,9,1,22.51,orders,lineitem,3115341,0,never_instantiated,0,,,,,0,0,,,,,,,,,,,,,,,,,,,,,,,,,,,,,,,,,,,,,,,,,,,,,,,,,,,,,,,,,,,,,,,,,,,,,,,,,,,,,,,,,,,,,,,,,,,,,,,,
Q13,2,9,1,55.34,orders,customer,15000000,0,never_instantiated,0,,,,,0,0,,,,,,,,,,,,,,,,,,,,,,,,,,,,,,,,,,,,,,,,,,,,,,,,,,,,,,,,,,,,,,,,,,,,,,,,,,,,,,,,,,,,,,,,,,,,,,,,
Q14,2,9,1,30.12,lineitem,part,20000000,0,never_instantiated,0,,,,,0,0,,,,,,,,,,,,,,,,,,,,,,,,,,,,,,,,,,,,,,,,,,,,,,,,,,,,,,,,,,,,,,,,,,,,,,,,,,,,,,,,,,,,,,,,,,,,,,,,
Q15,2,9,1,12.29,,,1,0,never_instantiated,0,,,,,0,0,supplier,,1000000,0,never_instantiated,0,,,,,0,0,,,,,,,,,,,,,,,,,,,,,,,,,,,,,,,,,,,,,,,,,,,,,,,,,,,,,,,,,,,,,,,,,,,,,,,,,,,,,,,,,,,,
Q16,2,9,1,13.22,,supplier,479,0,never_instantiated,0,,,,,0,0,partsupp,,2971749,0,never_instantiated,0,,,,,0,0,part,,8,0,never_instantiated,0,,,,,0,0,,,,,,,,,,,,,,,,,,,,,,,,,,,,,,,,,,,,,,,,,,,,,,,,,,,,,,,,,,,,,,,,,,,,,,,,
Q17,2,9,1,53.33,lineitem,part,20031,0,never_instantiated,0,,,,,0,0,,,600982,0,never_instantiated,0,,,,,0,0,lineitem,,20031,0,never_instantiated,0,,,,,0,0,,,,,,,,,,,,,,,,,,,,,,,,,,,,,,,,,,,,,,,,,,,,,,,,,,,,,,,,,,,,,,,,,,,,,,,,
Q18,2,9,1,178.50,,lineitem,6398,0,never_instantiated,0,,,,,0,0,,customer,14999999,0,never_instantiated,0,,,,,0,0,lineitem,orders,150000000,0,never_instantiated,0,,,,,0,0,,,,,,,,,,,,,,,,,,,,,,,,,,,,,,,,,,,,,,,,,,,,,,,,,,,,,,,,,,,,,,,,,,,,,,,,
Q19,2,9,1,41.83,lineitem,part,20000000,0,never_instantiated,0,,,,,0,0,,,,,,,,,,,,,,,,,,,,,,,,,,,,,,,,,,,,,,,,,,,,,,,,,,,,,,,,,,,,,,,,,,,,,,,,,,,,,,,,,,,,,,,,,,,,,,,,
Q20,2,9,1,22.87,,,40207,0,never_instantiated,0,,,,,0,0,partsupp,part,217222,0,never_instantiated,0,,,,,0,0,,,35136,0,never_instantiated,0,,,,,0,0,lineitem,,35136,0,never_instantiated,0,,,,,0,0,supplier,nation,1,0,never_instantiated,0,,,,,0,0,,,,,,,,,,,,,,,,,,,,,,,,,,,,,,,,,,,,,,,,,,,,,,,,
Q21,2,9,1,104.16,orders,,15146702,0,never_instantiated,0,,,,,0,0,,nation,1,0,never_instantiated,0,,,,,0,0,lineitem,supplier,39953,0,never_instantiated,0,,,,,0,0,,,7313671,0,never_instantiated,0,,,,,0,0,lineitem,,7313658,0,never_instantiated,0,,,,,0,0,,,7048027,0,never_instantiated,0,,,,,0,0,lineitem,,7048014,0,never_instantiated,0,,,,,0,0,,,,,,,,,,,,,,,,,,,,,,,,
Q22,2,9,1,18.00,,,1909668,0,never_instantiated,0,,,,,0,0,orders,,1909668,0,never_instantiated,0,,,,,0,0,,,,,,,,,,,,,,,,,,,,,,,,,,,,,,,,,,,,,,,,,,,,,,,,,,,,,,,,,,,,,,,,,,,,,,,,,,,,,,,,,,,,
Q01,2,10,1,31.49,,,,,,,,,,,,,,,,,,,,,,,,,,,,,,,,,,,,,,,,,,,,,,,,,,,,,,,,,,,,,,,,,,,,,,,,,,,,,,,,,,,,,,,,,,,,,,,,,,,,,,,,,,,,
Q02,2,10,1,6.43,,region,1,0,never_instantiated,0,,,,,0,0,,nation,5,0,never_instantiated,0,,,,,0,0,,supplier,200535,0,never_instantiated,0,,,,,0,0,partsupp,part,79591,0,never_instantiated,0,,,,,0,0,,,63825,0,never_instantiated,0,,,,,0,0,,,47107,0,never_instantiated,0,,,,,0,0,,region,1,0,never_instantiated,0,,,,,0,0,partsupp,,200535,0,never_instantiated,0,,,,,0,0,supplier,nation,5,0,never_instantiated,0,,,,,0,0
Q03,2,10,1,46.61,,customer,3000188,0,never_instantiated,0,,,,,0,0,lineitem,orders,72874383,0,never_instantiated,0,,,,,0,0,,,,,,,,,,,,,,,,,,,,,,,,,,,,,,,,,,,,,,,,,,,,,,,,,,,,,,,,,,,,,,,,,,,,,,,,,,,,,,,,,,,,
Q04,2,10,1,33.93,,,5733776,0,never_instantiated,0,,,,,0,0,lineitem,,5733776,0,never_instantiated,0,,,,,0,0,,,,,,,,,,,,,,,,,,,,,,,,,,,,,,,,,,,,,,,,,,,,,,,,,,,,,,,,,,,,,,,,,,,,,,,,,,,,,,,,,,,,
Q05,2,10,1,74.68,,region,1,0,never_instantiated,0,,,,,0,0,,nation,5,0,never_instantiated,0,,,,,0,0,,customer,2999759,0,never_instantiated,0,,,,,0,0,,supplier,1000000,0,never_instantiated,0,,,,,0,0,lineitem,orders,22760819,0,never_instantiated,0,,,,,0,0,,,,,,,,,,,,,,,,,,,,,,,,,,,,,,,,,,,,,,,,,,,,,,,,
Q06,2,10,1,9.17,,,,,,,,,,,,,,,,,,,,,,,,,,,,,,,,,,,,,,,,,,,,,,,,,,,,,,,,,,,,,,,,,,,,,,,,,,,,,,,,,,,,,,,,,,,,,,,,,,,,,,,,,,,,
Q07,2,10,1,22.82,,nation,2,0,never_instantiated,0,,,,,0,0,,customer,1200139,0,never_instantiated,0,,,,,0,0,,nation,2,0,never_instantiated,0,,,,,0,0,,supplier,80171,0,never_instantiated,0,,,,,0,0,lineitem,orders,12026518,0,never_instantiated,0,,,,,0,0,,,,,,,,,,,,,,,,,,,,,,,,,,,,,,,,,,,,,,,,,,,,,,,,
Q08,2,10,1,29.12,,region,1,0,never_instantiated,0,,,,,0,0,,nation,5,0,never_instantiated,0,,,,,0,0,customer,,1222092,0,never_instantiated,0,,,,,0,0,orders,,4025859,0,never_instantiated,0,,,,,0,0,,nation,25,0,never_instantiated,0,,,,,0,0,,supplier,1000000,0,never_instantiated,0,,,,,0,0,lineitem,part,134258,0,never_instantiated,0,,,,,0,0,,,,,,,,,,,,,,,,,,,,,,,,
Q09,2,10,1,57.28,,nation,25,0,never_instantiated,0,,,,,0,0,,part,1087982,0,never_instantiated,0,,,,,0,0,,orders,150000000,0,never_instantiated,0,,,,,0,0,,supplier,1000000,0,never_instantiated,0,,,,,0,0,lineitem,partsupp,80000000,0,never_instantiated,0,,,,,0,0,,,,,,,,,,,,,,,,,,,,,,,,,,,,,,,,,,,,,,,,,,,,,,,,
Q10,2,10,1,27.98,,nation,25,0,never_instantiated,0,,,,,0,0,customer,,11463171,0,never_instantiated,0,,,,,0,0,lineitem,orders,5730378,0,never_instantiated,0,,,,,0,0,,,,,,,,,,,,,,,,,,,,,,,,,,,,,,,,,,,,,,,,,,,,,,,,,,,,,,,,,,,,,,,,,,,,,,,,
Q11,2,10,1,5.31,partsupp,,40045,0,never_instantiated,0,,,,,0,0,supplier,nation,1,0,never_instantiated,0,,,,,0,0,partsupp,,40045,0,never_instantiated,0,,,,,0,0,supplier,nation,1,0,never_instantiated,0,,,,,0,0,,,,,,,,,,,,,,,,,,,,,,,,,,,,,,,,,,,,,,,,,,,,,,,,,,,,,,,,,,,,
Q12,2,10,1,23.16,orders,lineitem,3115341,0,never_instantiated,0,,,,,0,0,,,,,,,,,,,,,,,,,,,,,,,,,,,,,,,,,,,,,,,,,,,,,,,,,,,,,,,,,,,,,,,,,,,,,,,,,,,,,,,,,,,,,,,,,,,,,,,,
Q13,2,10,1,54.65,orders,customer,15000000,0,never_instantiated,0,,,,,0,0,,,,,,,,,,,,,,,,,,,,,,,,,,,,,,,,,,,,,,,,,,,,,,,,,,,,,,,,,,,,,,,,,,,,,,,,,,,,,,,,,,,,,,,,,,,,,,,,
Q14,2,10,1,30.39,lineitem,part,20000000,0,never_instantiated,0,,,,,0,0,,,,,,,,,,,,,,,,,,,,,,,,,,,,,,,,,,,,,,,,,,,,,,,,,,,,,,,,,,,,,,,,,,,,,,,,,,,,,,,,,,,,,,,,,,,,,,,,
Q15,2,10,1,12.47,,,1,0,never_instantiated,0,,,,,0,0,supplier,,1000000,0,never_instantiated,0,,,,,0,0,,,,,,,,,,,,,,,,,,,,,,,,,,,,,,,,,,,,,,,,,,,,,,,,,,,,,,,,,,,,,,,,,,,,,,,,,,,,,,,,,,,,
Q16,2,10,1,13.13,,supplier,479,0,never_instantiated,0,,,,,0,0,partsupp,,2971749,0,never_instantiated,0,,,,,0,0,part,,8,0,never_instantiated,0,,,,,0,0,,,,,,,,,,,,,,,,,,,,,,,,,,,,,,,,,,,,,,,,,,,,,,,,,,,,,,,,,,,,,,,,,,,,,,,,
Q17,2,10,1,53.10,lineitem,part,20031,0,never_instantiated,0,,,,,0,0,,,600982,0,never_instantiated,0,,,,,0,0,lineitem,,20031,0,never_instantiated,0,,,,,0,0,,,,,,,,,,,,,,,,,,,,,,,,,,,,,,,,,,,,,,,,,,,,,,,,,,,,,,,,,,,,,,,,,,,,,,,,
Q18,2,10,1,178.51,,lineitem,6398,0,never_instantiated,0,,,,,0,0,,customer,14999999,0,never_instantiated,0,,,,,0,0,lineitem,orders,150000000,0,never_instantiated,0,,,,,0,0,,,,,,,,,,,,,,,,,,,,,,,,,,,,,,,,,,,,,,,,,,,,,,,,,,,,,,,,,,,,,,,,,,,,,,,,
Q19,2,10,1,41.97,lineitem,part,20000000,0,never_instantiated,0,,,,,0,0,,,,,,,,,,,,,,,,,,,,,,,,,,,,,,,,,,,,,,,,,,,,,,,,,,,,,,,,,,,,,,,,,,,,,,,,,,,,,,,,,,,,,,,,,,,,,,,,
Q20,2,10,1,22.84,,,40207,0,never_instantiated,0,,,,,0,0,partsupp,part,217222,0,never_instantiated,0,,,,,0,0,,,35136,0,never_instantiated,0,,,,,0,0,lineitem,,35136,0,never_instantiated,0,,,,,0,0,supplier,nation,1,0,never_instantiated,0,,,,,0,0,,,,,,,,,,,,,,,,,,,,,,,,,,,,,,,,,,,,,,,,,,,,,,,,
Q21,2,10,1,100.04,,nation,1,0,never_instantiated,0,,,,,0,0,,supplier,39953,0,never_instantiated,0,,,,,0,0,lineitem,orders,73072502,0,never_instantiated,0,,,,,0,0,,,7313671,0,never_instantiated,0,,,,,0,0,lineitem,,7313658,0,never_instantiated,0,,,,,0,0,,,7048027,0,never_instantiated,0,,,,,0,0,lineitem,,7048014,0,never_instantiated,0,,,,,0,0,,,,,,,,,,,,,,,,,,,,,,,,
Q22,2,10,1,18.18,,,1909668,0,never_instantiated,0,,,,,0,0,orders,,1909668,0,never_instantiated,0,,,,,0,0,,,,,,,,,,,,,,,,,,,,,,,,,,,,,,,,,,,,,,,,,,,,,,,,,,,,,,,,,,,,,,,,,,,,,,,,,,,,,,,,,,,,
Q01,2,11,1,31.18,,,,,,,,,,,,,,,,,,,,,,,,,,,,,,,,,,,,,,,,,,,,,,,,,,,,,,,,,,,,,,,,,,,,,,,,,,,,,,,,,,,,,,,,,,,,,,,,,,,,,,,,,,,,
Q02,2,11,1,7.06,,region,1,0,never_instantiated,0,,,,,0,0,,nation,5,0,never_instantiated,0,,,,,0,0,,part,79591,0,never_instantiated,0,,,,,0,0,partsupp,supplier,200535,0,never_instantiated,0,,,,,0,0,,,63825,0,never_instantiated,0,,,,,0,0,,,47107,0,never_instantiated,0,,,,,0,0,,region,1,0,never_instantiated,0,,,,,0,0,,nation,5,0,never_instantiated,0,,,,,0,0,partsupp,supplier,200535,0,never_instantiated,0,,,,,0,0
Q03,2,11,1,47.35,,customer,3000188,0,never_instantiated,0,,,,,0,0,lineitem,orders,72874383,0,never_instantiated,0,,,,,0,0,,,,,,,,,,,,,,,,,,,,,,,,,,,,,,,,,,,,,,,,,,,,,,,,,,,,,,,,,,,,,,,,,,,,,,,,,,,,,,,,,,,,
Q04,2,11,1,32.64,,,5733776,0,never_instantiated,0,,,,,0,0,lineitem,,5733776,0,never_instantiated,0,,,,,0,0,,,,,,,,,,,,,,,,,,,,,,,,,,,,,,,,,,,,,,,,,,,,,,,,,,,,,,,,,,,,,,,,,,,,,,,,,,,,,,,,,,,,
Q05,2,11,1,62.88,,customer,14999999,0,never_instantiated,0,,,,,0,0,,region,1,0,never_instantiated,0,,,,,0,0,,nation,5,0,never_instantiated,0,,,,,0,0,,orders,22760819,0,never_instantiated,0,,,,,0,0,lineitem,supplier,199889,0,never_instantiated,0,,,,,0,0,,,,,,,,,,,,,,,,,,,,,,,,,,,,,,,,,,,,,,,,,,,,,,,,
Q06,2,11,1,9.19,,,,,,,,,,,,,,,,,,,,,,,,,,,,,,,,,,,,,,,,,,,,,,,,,,,,,,,,,,,,,,,,,,,,,,,,,,,,,,,,,,,,,,,,,,,,,,,,,,,,,,,,,,,,
Q07,2,11,1,23.16,,nation,2,0,never_instantiated,0,,,,,0,0,,nation,2,0,never_instantiated,0,,,,,0,0,,customer,1200139,0,never_instantiated,0,,,,,0,0,orders,,1179101,0,never_instantiated,0,,,,,0,0,lineitem,supplier,80171,0,never_instantiated,0,,,,,0,0,,,,,,,,,,,,,,,,,,,,,,,,,,,,,,,,,,,,,,,,,,,,,,,,
Q08,2,11,1,29.11,,region,1,0,never_instantiated,0,,,,,0,0,,nation,5,0,never_instantiated,0,,,,,0,0,customer,,1222092,0,never_instantiated,0,,,,,0,0,,nation,25,0,never_instantiated,0,,,,,0,0,orders,,4025859,0,never_instantiated,0,,,,,0,0,,part,134258,0,never_instantiated,0,,,,,0,0,lineitem,supplier,1000000,0,never_instantiated,0,,,,,0,0,,,,,,,,,,,,,,,,,,,,,,,,
Q09,2,11,1,57.26,,orders,150000000,0,never_instantiated,0,,,,,0,0,,part,1087982,0,never_instantiated,0,,,,,0,0,,nation,25,0,never_instantiated,0,,,,,0,0,,partsupp,80000000,0,never_instantiated,0,,,,,0,0,lineitem,supplier,1000000,0,never_instantiated,0,,,,,0,0,,,,,,,,,,,,,,,,,,,,,,,,,,,,,,,,,,,,,,,,,,,,,,,,
Q10,2,11,1,27.95,,nation,25,0,never_instantiated,0,,,,,0,0,customer,,11463171,0,never_instantiated,0,,,,,0,0,lineitem,orders,5730378,0,never_instantiated,0,,,,,0,0,,,,,,,,,,,,,,,,,,,,,,,,,,,,,,,,,,,,,,,,,,,,,,,,,,,,,,,,,,,,,,,,,,,,,,,,
Q11,2,11,1,7.47,,nation,1,0,never_instantiated,0,,,,,0,0,partsupp,supplier,40045,0,never_instantiated,0,,,,,0,0,,nation,1,0,never_instantiated,0,,,,,0,0,partsupp,supplier,40045,0,never_instantiated,0,,,,,0,0,,,,,,,,,,,,,,,,,,,,,,,,,,,,,,,,,,,,,,,,,,,,,,,,,,,,,,,,,,,,
Q12,2,11,1,22.85,orders,lineitem,3115341,0,never_instantiated,0,,,,,0,0,,,,,,,,,,,,,,,,,,,,,,,,,,,,,,,,,,,,,,,,,,,,,,,,,,,,,,,,,,,,,,,,,,,,,,,,,,,,,,,,,,,,,,,,,,,,,,,,
Q13,2,11,1,54.73,orders,customer,15000000,0,never_instantiated,0,,,,,0,0,,,,,,,,,,,,,,,,,,,,,,,,,,,,,,,,,,,,,,,,,,,,,,,,,,,,,,,,,,,,,,,,,,,,,,,,,,,,,,,,,,,,,,,,,,,,,,,,
Q14,2,11,1,31.03,lineitem,part,20000000,0,never_instantiated,0,,,,,0,0,,,,,,,,,,,,,,,,,,,,,,,,,,,,,,,,,,,,,,,,,,,,,,,,,,,,,,,,,,,,,,,,,,,,,,,,,,,,,,,,,,,,,,,,,,,,,,,,
Q15,2,11,1,12.28,,,1,0,never_instantiated,0,,,,,0,0,supplier,,1000000,0,never_instantiated,0,,,,,0,0,,,,,,,,,,,,,,,,,,,,,,,,,,,,,,,,,,,,,,,,,,,,,,,,,,,,,,,,,,,,,,,,,,,,,,,,,,,,,,,,,,,,
Q16,2,11,1,13.24,,supplier,479,0,never_instantiated,0,,,,,0,0,partsupp,,2971749,0,never_instantiated,0,,,,,0,0,part,,8,0,never_instantiated,0,,,,,0,0,,,,,,,,,,,,,,,,,,,,,,,,,,,,,,,,,,,,,,,,,,,,,,,,,,,,,,,,,,,,,,,,,,,,,,,,
Q17,2,11,1,51.78,lineitem,part,20031,0,never_instantiated,0,,,,,0,0,,,600982,0,never_instantiated,0,,,,,0,0,lineitem,,20031,0,never_instantiated,0,,,,,0,0,,,,,,,,,,,,,,,,,,,,,,,,,,,,,,,,,,,,,,,,,,,,,,,,,,,,,,,,,,,,,,,,,,,,,,,,
Q18,2,11,1,177.04,,lineitem,6398,0,never_instantiated,0,,,,,0,0,,customer,14999999,0,never_instantiated,0,,,,,0,0,lineitem,orders,150000000,0,never_instantiated,0,,,,,0,0,,,,,,,,,,,,,,,,,,,,,,,,,,,,,,,,,,,,,,,,,,,,,,,,,,,,,,,,,,,,,,,,,,,,,,,,
Q19,2,11,1,41.68,lineitem,part,20000000,0,never_instantiated,0,,,,,0,0,,,,,,,,,,,,,,,,,,,,,,,,,,,,,,,,,,,,,,,,,,,,,,,,,,,,,,,,,,,,,,,,,,,,,,,,,,,,,,,,,,,,,,,,,,,,,,,,
Q20,2,11,1,23.14,,,40207,0,never_instantiated,0,,,,,0,0,partsupp,part,217222,0,never_instantiated,0,,,,,0,0,,,35136,0,never_instantiated,0,,,,,0,0,lineitem,,35136,0,never_instantiated,0,,,,,0,0,supplier,nation,1,0,never_instantiated,0,,,,,0,0,,,,,,,,,,,,,,,,,,,,,,,,,,,,,,,,,,,,,,,,,,,,,,,,
Q21,2,11,1,100.76,,nation,1,0,never_instantiated,0,,,,,0,0,,orders,73072502,0,never_instantiated,0,,,,,0,0,lineitem,supplier,39953,0,never_instantiated,0,,,,,0,0,,,7313671,0,never_instantiated,0,,,,,0,0,lineitem,,7313658,0,never_instantiated,0,,,,,0,0,,,7048027,0,never_instantiated,0,,,,,0,0,lineitem,,7048014,0,never_instantiated,0,,,,,0,0,,,,,,,,,,,,,,,,,,,,,,,,
Q22,2,11,1,18.12,,,1909668,0,never_instantiated,0,,,,,0,0,orders,,1909668,0,never_instantiated,0,,,,,0,0,,,,,,,,,,,,,,,,,,,,,,,,,,,,,,,,,,,,,,,,,,,,,,,,,,,,,,,,,,,,,,,,,,,,,,,,,,,,,,,,,,,,
Q01,2,12,1,31.08,,,,,,,,,,,,,,,,,,,,,,,,,,,,,,,,,,,,,,,,,,,,,,,,,,,,,,,,,,,,,,,,,,,,,,,,,,,,,,,,,,,,,,,,,,,,,,,,,,,,,,,,,,,,
Q02,2,12,1,5.52,,region,1,0,never_instantiated,0,,,,,0,0,,nation,5,0,never_instantiated,0,,,,,0,0,,supplier,200535,0,never_instantiated,0,,,,,0,0,partsupp,part,79591,0,never_instantiated,0,,,,,0,0,,,63825,0,never_instantiated,0,,,,,0,0,,,47107,0,never_instantiated,0,,,,,0,0,partsupp,,200535,0,never_instantiated,0,,,,,0,0,,region,1,0,never_instantiated,0,,,,,0,0,supplier,nation,5,0,never_instantiated,0,,,,,0,0
Q03,2,12,1,46.90,,customer,3000188,0,never_instantiated,0,,,,,0,0,lineitem,orders,72874383,0,never_instantiated,0,,,,,0,0,,,,,,,,,,,,,,,,,,,,,,,,,,,,,,,,,,,,,,,,,,,,,,,,,,,,,,,,,,,,,,,,,,,,,,,,,,,,,,,,,,,,
Q04,2,12,1,32.75,,,5733776,0,never_instantiated,0,,,,,0,0,lineitem,,5733776,0,never_instantiated,0,,,,,0,0,,,,,,,,,,,,,,,,,,,,,,,,,,,,,,,,,,,,,,,,,,,,,,,,,,,,,,,,,,,,,,,,,,,,,,,,,,,,,,,,,,,,
Q05,2,12,1,79.71,,supplier,1000000,0,never_instantiated,0,,,,,0,0,,region,1,0,never_instantiated,0,,,,,0,0,,nation,5,0,never_instantiated,0,,,,,0,0,,customer,2999759,0,never_instantiated,0,,,,,0,0,lineitem,orders,22760819,0,never_instantiated,0,,,,,0,0,,,,,,,,,,,,,,,,,,,,,,,,,,,,,,,,,,,,,,,,,,,,,,,,
Q06,2,12,1,9.07,,,,,,,,,,,,,,,,,,,,,,,,,,,,,,,,,,,,,,,,,,,,,,,,,,,,,,,,,,,,,,,,,,,,,,,,,,,,,,,,,,,,,,,,,,,,,,,,,,,,,,,,,,,,
Q07,2,12,1,22.34,,nation,2,0,never_instantiated,0,,,,,0,0,,supplier,80171,0,never_instantiated,0,,,,,0,0,,nation,2,0,never_instantiated,0,,,,,0,0,,customer,1200139,0,never_instantiated,0,,,,,0,0,lineitem,orders,12026518,0,never_instantiated,0,,,,,0,0,,,,,,,,,,,,,,,,,,,,,,,,,,,,,,,,,,,,,,,,,,,,,,,,
Q08,2,12,1,26.36,,part,134258,0,never_instantiated,0,,,,,0,0,,region,1,0,never_instantiated,0,,,,,0,0,,nation,5,0,never_instantiated,0,,,,,0,0,,customer,3001905,0,never_instantiated,0,,,,,0,0,,nation,25,0,never_instantiated,0,,,,,0,0,,supplier,1000000,0,never_instantiated,0,,,,,0,0,lineitem,orders,45574624,0,never_instantiated,0,,,,,0,0,,,,,,,,,,,,,,,,,,,,,,,,
Q09,2,12,1,119.32,,partsupp,80000000,0,never_instantiated,0,,,,,0,0,,nation,25,0,never_instantiated,0,,,,,0,0,,part,1087982,0,never_instantiated,0,,,,,0,0,,supplier,1000000,0,never_instantiated,0,,,,,0,0,lineitem,orders,150000000,0,never_instantiated,0,,,,,0,0,,,,,,,,,,,,,,,,,,,,,,,,,,,,,,,,,,,,,,,,,,,,,,,,
Q10,2,12,1,28.12,,nation,25,0,never_instantiated,0,,,,,0,0,customer,,11463171,0,never_instantiated,0,,,,,0,0,lineitem,orders,5730378,0,never_instantiated,0,,,,,0,0,,,,,,,,,,,,,,,,,,,,,,,,,,,,,,,,,,,,,,,,,,,,,,,,,,,,,,,,,,,,,,,,,,,,,,,,
Q11,2,12,1,5.23,partsupp,,40045,0,never_instantiated,0,,,,,0,0,supplier,nation,1,0,never_instantiated,0,,,,,0,0,partsupp,,40045,0,never_instantiated,0,,,,,0,0,supplier,nation,1,0,never_instantiated,0,,,,,0,0,,,,,,,,,,,,,,,,,,,,,,,,,,,,,,,,,,,,,,,,,,,,,,,,,,,,,,,,,,,,
Q12,2,12,1,22.76,orders,lineitem,3115341,0,never_instantiated,0,,,,,0,0,,,,,,,,,,,,,,,,,,,,,,,,,,,,,,,,,,,,,,,,,,,,,,,,,,,,,,,,,,,,,,,,,,,,,,,,,,,,,,,,,,,,,,,,,,,,,,,,
Q13,2,12,1,55.93,orders,customer,15000000,0,never_instantiated,0,,,,,0,0,,,,,,,,,,,,,,,,,,,,,,,,,,,,,,,,,,,,,,,,,,,,,,,,,,,,,,,,,,,,,,,,,,,,,,,,,,,,,,,,,,,,,,,,,,,,,,,,
Q14,2,12,1,30.64,lineitem,part,20000000,0,never_instantiated,0,,,,,0,0,,,,,,,,,,,,,,,,,,,,,,,,,,,,,,,,,,,,,,,,,,,,,,,,,,,,,,,,,,,,,,,,,,,,,,,,,,,,,,,,,,,,,,,,,,,,,,,,
Q15,2,12,1,12.28,,,1,0,never_instantiated,0,,,,,0,0,supplier,,1000000,0,never_instantiated,0,,,,,0,0,,,,,,,,,,,,,,,,,,,,,,,,,,,,,,,,,,,,,,,,,,,,,,,,,,,,,,,,,,,,,,,,,,,,,,,,,,,,,,,,,,,,
Q16,2,12,1,13.14,,supplier,479,0,never_instantiated,0,,,,,0,0,partsupp,,2971749,0,never_instantiated,0,,,,,0,0,part,,8,0,never_instantiated,0,,,,,0,0,,,,,,,,,,,,,,,,,,,,,,,,,,,,,,,,,,,,,,,,,,,,,,,,,,,,,,,,,,,,,,,,,,,,,,,,
Q17,2,12,1,51.35,lineitem,part,20031,0,never_instantiated,0,,,,,0,0,,,600982,0,never_instantiated,0,,,,,0,0,lineitem,,20031,0,never_instantiated,0,,,,,0,0,,,,,,,,,,,,,,,,,,,,,,,,,,,,,,,,,,,,,,,,,,,,,,,,,,,,,,,,,,,,,,,,,,,,,,,,
Q18,2,12,1,177.69,,lineitem,6398,0,never_instantiated,0,,,,,0,0,,customer,14999999,0,never_instantiated,0,,,,,0,0,lineitem,orders,150000000,0,never_instantiated,0,,,,,0,0,,,,,,,,,,,,,,,,,,,,,,,,,,,,,,,,,,,,,,,,,,,,,,,,,,,,,,,,,,,,,,,,,,,,,,,,
Q19,2,12,1,41.45,lineitem,part,20000000,0,never_instantiated,0,,,,,0,0,,,,,,,,,,,,,,,,,,,,,,,,,,,,,,,,,,,,,,,,,,,,,,,,,,,,,,,,,,,,,,,,,,,,,,,,,,,,,,,,,,,,,,,,,,,,,,,,
Q20,2,12,1,23.67,,,40207,0,never_instantiated,0,,,,,0,0,partsupp,part,217222,0,never_instantiated,0,,,,,0,0,,,35136,0,never_instantiated,0,,,,,0,0,lineitem,,35136,0,never_instantiated,0,,,,,0,0,supplier,nation,1,0,never_instantiated,0,,,,,0,0,,,,,,,,,,,,,,,,,,,,,,,,,,,,,,,,,,,,,,,,,,,,,,,,
Q21,2,12,1,99.49,,nation,1,0,never_instantiated,0,,,,,0,0,,supplier,39953,0,never_instantiated,0,,,,,0,0,lineitem,orders,73072502,0,never_instantiated,0,,,,,0,0,,,7313671,0,never_instantiated,0,,,,,0,0,lineitem,,7313658,0,never_instantiated,0,,,,,0,0,,,7048027,0,never_instantiated,0,,,,,0,0,lineitem,,7048014,0,never_instantiated,0,,,,,0,0,,,,,,,,,,,,,,,,,,,,,,,,
Q22,2,12,1,18.90,,,1909668,0,never_instantiated,0,,,,,0,0,orders,,1909668,0,never_instantiated,0,,,,,0,0,,,,,,,,,,,,,,,,,,,,,,,,,,,,,,,,,,,,,,,,,,,,,,,,,,,,,,,,,,,,,,,,,,,,,,,,,,,,,,,,,,,,
Q01,2,13,1,31.29,,,,,,,,,,,,,,,,,,,,,,,,,,,,,,,,,,,,,,,,,,,,,,,,,,,,,,,,,,,,,,,,,,,,,,,,,,,,,,,,,,,,,,,,,,,,,,,,,,,,,,,,,,,,
Q02,2,13,1,7.01,,region,1,0,never_instantiated,0,,,,,0,0,,nation,5,0,never_instantiated,0,,,,,0,0,,part,79591,0,never_instantiated,0,,,,,0,0,partsupp,supplier,200535,0,never_instantiated,0,,,,,0,0,,,63825,0,never_instantiated,0,,,,,0,0,,,47107,0,never_instantiated,0,,,,,0,0,,region,1,0,never_instantiated,0,,,,,0,0,,nation,5,0,never_instantiated,0,,,,,0,0,partsupp,supplier,200535,0,never_instantiated,0,,,,,0,0
Q03,2,13,1,46.53,,customer,3000188,0,never_instantiated,0,,,,,0,0,lineitem,orders,72874383,0,never_instantiated,0,,,,,0,0,,,,,,,,,,,,,,,,,,,,,,,,,,,,,,,,,,,,,,,,,,,,,,,,,,,,,,,,,,,,,,,,,,,,,,,,,,,,,,,,,,,,
Q04,2,13,1,32.47,,,5733776,0,never_instantiated,0,,,,,0,0,lineitem,,5733776,0,never_instantiated,0,,,,,0,0,,,,,,,,,,,,,,,,,,,,,,,,,,,,,,,,,,,,,,,,,,,,,,,,,,,,,,,,,,,,,,,,,,,,,,,,,,,,,,,,,,,,
Q05,2,13,1,9999999,,,,,,,,,,,,,,,,,,,,,,,,,,,,,,,,,,,,,,,,,,,,,,,,,,,,,,,,,,,,,,,,,,,,,,,,,,,,,,,,,,,,,,,,,,,,,,,,,,,,,,,,,,,,
Q06,2,13,1,9.08,,,,,,,,,,,,,,,,,,,,,,,,,,,,,,,,,,,,,,,,,,,,,,,,,,,,,,,,,,,,,,,,,,,,,,,,,,,,,,,,,,,,,,,,,,,,,,,,,,,,,,,,,,,,
Q07,2,13,1,22.80,,nation,2,0,never_instantiated,0,,,,,0,0,,customer,1200139,0,never_instantiated,0,,,,,0,0,,nation,2,0,never_instantiated,0,,,,,0,0,orders,,1179101,0,never_instantiated,0,,,,,0,0,lineitem,supplier,80171,0,never_instantiated,0,,,,,0,0,,,,,,,,,,,,,,,,,,,,,,,,,,,,,,,,,,,,,,,,,,,,,,,,
Q08,2,13,1,29.49,,region,1,0,never_instantiated,0,,,,,0,0,,nation,5,0,never_instantiated,0,,,,,0,0,customer,,1222092,0,never_instantiated,0,,,,,0,0,orders,,4025859,0,never_instantiated,0,,,,,0,0,,nation,25,0,never_instantiated,0,,,,,0,0,,supplier,1000000,0,never_instantiated,0,,,,,0,0,lineitem,part,134258,0,never_instantiated,0,,,,,0,0,,,,,,,,,,,,,,,,,,,,,,,,
Q09,2,13,1,57.43,,nation,25,0,never_instantiated,0,,,,,0,0,,supplier,1000000,0,never_instantiated,0,,,,,0,0,,orders,150000000,0,never_instantiated,0,,,,,0,0,,partsupp,80000000,0,never_instantiated,0,,,,,0,0,lineitem,part,1087982,0,never_instantiated,0,,,,,0,0,,,,,,,,,,,,,,,,,,,,,,,,,,,,,,,,,,,,,,,,,,,,,,,,
Q10,2,13,1,27.81,,nation,25,0,never_instantiated,0,,,,,0,0,customer,,11463171,0,never_instantiated,0,,,,,0,0,lineitem,orders,5730378,0,never_instantiated,0,,,,,0,0,,,,,,,,,,,,,,,,,,,,,,,,,,,,,,,,,,,,,,,,,,,,,,,,,,,,,,,,,,,,,,,,,,,,,,,,
Q11,2,13,1,6.35,,nation,1,0,never_instantiated,0,,,,,0,0,partsupp,supplier,40045,0,never_instantiated,0,,,,,0,0,partsupp,,40045,0,never_instantiated,0,,,,,0,0,supplier,nation,1,0,never_instantiated,0,,,,,0,0,,,,,,,,,,,,,,,,,,,,,,,,,,,,,,,,,,,,,,,,,,,,,,,,,,,,,,,,,,,,
Q12,2,13,1,22.72,orders,lineitem,3115341,0,never_instantiated,0,,,,,0,0,,,,,,,,,,,,,,,,,,,,,,,,,,,,,,,,,,,,,,,,,,,,,,,,,,,,,,,,,,,,,,,,,,,,,,,,,,,,,,,,,,,,,,,,,,,,,,,,
Q13,2,13,1,55.03,orders,customer,15000000,0,never_instantiated,0,,,,,0,0,,,,,,,,,,,,,,,,,,,,,,,,,,,,,,,,,,,,,,,,,,,,,,,,,,,,,,,,,,,,,,,,,,,,,,,,,,,,,,,,,,,,,,,,,,,,,,,,
Q14,2,13,1,30.43,lineitem,part,20000000,0,never_instantiated,0,,,,,0,0,,,,,,,,,,,,,,,,,,,,,,,,,,,,,,,,,,,,,,,,,,,,,,,,,,,,,,,,,,,,,,,,,,,,,,,,,,,,,,,,,,,,,,,,,,,,,,,,
Q15,2,13,1,12.49,,,1,0,never_instantiated,0,,,,,0,0,supplier,,1000000,0,never_instantiated,0,,,,,0,0,,,,,,,,,,,,,,,,,,,,,,,,,,,,,,,,,,,,,,,,,,,,,,,,,,,,,,,,,,,,,,,,,,,,,,,,,,,,,,,,,,,,
Q16,2,13,1,13.04,,supplier,479,0,never_instantiated,0,,,,,0,0,partsupp,,2971749,0,never_instantiated,0,,,,,0,0,part,,8,0,never_instantiated,0,,,,,0,0,,,,,,,,,,,,,,,,,,,,,,,,,,,,,,,,,,,,,,,,,,,,,,,,,,,,,,,,,,,,,,,,,,,,,,,,
Q17,2,13,1,51.78,lineitem,part,20031,0,never_instantiated,0,,,,,0,0,,,600982,0,never_instantiated,0,,,,,0,0,lineitem,,20031,0,never_instantiated,0,,,,,0,0,,,,,,,,,,,,,,,,,,,,,,,,,,,,,,,,,,,,,,,,,,,,,,,,,,,,,,,,,,,,,,,,,,,,,,,,
Q18,2,13,1,176.14,,lineitem,6398,0,never_instantiated,0,,,,,0,0,,customer,14999999,0,never_instantiated,0,,,,,0,0,lineitem,orders,150000000,0,never_instantiated,0,,,,,0,0,,,,,,,,,,,,,,,,,,,,,,,,,,,,,,,,,,,,,,,,,,,,,,,,,,,,,,,,,,,,,,,,,,,,,,,,
Q19,2,13,1,42.10,lineitem,part,20000000,0,never_instantiated,0,,,,,0,0,,,,,,,,,,,,,,,,,,,,,,,,,,,,,,,,,,,,,,,,,,,,,,,,,,,,,,,,,,,,,,,,,,,,,,,,,,,,,,,,,,,,,,,,,,,,,,,,
Q20,2,13,1,23.32,,,40207,0,never_instantiated,0,,,,,0,0,partsupp,part,217222,0,never_instantiated,0,,,,,0,0,,,35136,0,never_instantiated,0,,,,,0,0,lineitem,,35136,0,never_instantiated,0,,,,,0,0,supplier,nation,1,0,never_instantiated,0,,,,,0,0,,,,,,,,,,,,,,,,,,,,,,,,,,,,,,,,,,,,,,,,,,,,,,,,
Q21,2,13,1,100.50,,nation,1,0,never_instantiated,0,,,,,0,0,,orders,73072502,0,never_instantiated,0,,,,,0,0,lineitem,supplier,39953,0,never_instantiated,0,,,,,0,0,,,7313671,0,never_instantiated,0,,,,,0,0,lineitem,,7313658,0,never_instantiated,0,,,,,0,0,,,7048027,0,never_instantiated,0,,,,,0,0,lineitem,,7048014,0,never_instantiated,0,,,,,0,0,,,,,,,,,,,,,,,,,,,,,,,,
Q22,2,13,1,18.25,,,1909668,0,never_instantiated,0,,,,,0,0,orders,,1909668,0,never_instantiated,0,,,,,0,0,,,,,,,,,,,,,,,,,,,,,,,,,,,,,,,,,,,,,,,,,,,,,,,,,,,,,,,,,,,,,,,,,,,,,,,,,,,,,,,,,,,,
Q01,2,14,1,31.06,,,,,,,,,,,,,,,,,,,,,,,,,,,,,,,,,,,,,,,,,,,,,,,,,,,,,,,,,,,,,,,,,,,,,,,,,,,,,,,,,,,,,,,,,,,,,,,,,,,,,,,,,,,,
Q02,2,14,1,7.43,,region,1,0,never_instantiated,0,,,,,0,0,,nation,5,0,never_instantiated,0,,,,,0,0,,supplier,200535,0,never_instantiated,0,,,,,0,0,partsupp,part,79591,0,never_instantiated,0,,,,,0,0,,,63825,0,never_instantiated,0,,,,,0,0,,,47107,0,never_instantiated,0,,,,,0,0,,region,1,0,never_instantiated,0,,,,,0,0,,nation,5,0,never_instantiated,0,,,,,0,0,partsupp,supplier,200535,0,never_instantiated,0,,,,,0,0
Q03,2,14,1,47.17,,customer,3000188,0,never_instantiated,0,,,,,0,0,lineitem,orders,72874383,0,never_instantiated,0,,,,,0,0,,,,,,,,,,,,,,,,,,,,,,,,,,,,,,,,,,,,,,,,,,,,,,,,,,,,,,,,,,,,,,,,,,,,,,,,,,,,,,,,,,,,
Q04,2,14,1,32.73,,,5733776,0,never_instantiated,0,,,,,0,0,lineitem,,5733776,0,never_instantiated,0,,,,,0,0,,,,,,,,,,,,,,,,,,,,,,,,,,,,,,,,,,,,,,,,,,,,,,,,,,,,,,,,,,,,,,,,,,,,,,,,,,,,,,,,,,,,
Q05,2,14,1,75.19,,region,1,0,never_instantiated,0,,,,,0,0,,nation,5,0,never_instantiated,0,,,,,0,0,,customer,2999759,0,never_instantiated,0,,,,,0,0,,supplier,1000000,0,never_instantiated,0,,,,,0,0,lineitem,orders,22760819,0,never_instantiated,0,,,,,0,0,,,,,,,,,,,,,,,,,,,,,,,,,,,,,,,,,,,,,,,,,,,,,,,,
Q06,2,14,1,9.05,,,,,,,,,,,,,,,,,,,,,,,,,,,,,,,,,,,,,,,,,,,,,,,,,,,,,,,,,,,,,,,,,,,,,,,,,,,,,,,,,,,,,,,,,,,,,,,,,,,,,,,,,,,,
Q07,2,14,1,22.12,,nation,2,0,never_instantiated,0,,,,,0,0,,customer,1200139,0,never_instantiated,0,,,,,0,0,,nation,2,0,never_instantiated,0,,,,,0,0,,supplier,80171,0,never_instantiated,0,,,,,0,0,lineitem,orders,12026518,0,never_instantiated,0,,,,,0,0,,,,,,,,,,,,,,,,,,,,,,,,,,,,,,,,,,,,,,,,,,,,,,,,
Q08,2,14,1,27.02,,region,1,0,never_instantiated,0,,,,,0,0,,nation,5,0,never_instantiated,0,,,,,0,0,,part,134258,0,never_instantiated,0,,,,,0,0,,customer,3001905,0,never_instantiated,0,,,,,0,0,,orders,45574624,0,never_instantiated,0,,,,,0,0,,nation,25,0,never_instantiated,0,,,,,0,0,lineitem,supplier,1000000,0,never_instantiated,0,,,,,0,0,,,,,,,,,,,,,,,,,,,,,,,,
Q09,2,14,1,57.79,,nation,25,0,never_instantiated,0,,,,,0,0,,supplier,1000000,0,never_instantiated,0,,,,,0,0,,part,1087982,0,never_instantiated,0,,,,,0,0,,orders,150000000,0,never_instantiated,0,,,,,0,0,lineitem,partsupp,80000000,0,never_instantiated,0,,,,,0,0,,,,,,,,,,,,,,,,,,,,,,,,,,,,,,,,,,,,,,,,,,,,,,,,
Q10,2,14,1,27.82,,nation,25,0,never_instantiated,0,,,,,0,0,customer,,11463171,0,never_instantiated,0,,,,,0,0,lineitem,orders,5730378,0,never_instantiated,0,,,,,0,0,,,,,,,,,,,,,,,,,,,,,,,,,,,,,,,,,,,,,,,,,,,,,,,,,,,,,,,,,,,,,,,,,,,,,,,,
Q11,2,14,1,5.21,partsupp,,40045,0,never_instantiated,0,,,,,0,0,supplier,nation,1,0,never_instantiated,0,,,,,0,0,partsupp,,40045,0,never_instantiated,0,,,,,0,0,supplier,nation,1,0,never_instantiated,0,,,,,0,0,,,,,,,,,,,,,,,,,,,,,,,,,,,,,,,,,,,,,,,,,,,,,,,,,,,,,,,,,,,,
Q12,2,14,1,23.00,orders,lineitem,3115341,0,never_instantiated,0,,,,,0,0,,,,,,,,,,,,,,,,,,,,,,,,,,,,,,,,,,,,,,,,,,,,,,,,,,,,,,,,,,,,,,,,,,,,,,,,,,,,,,,,,,,,,,,,,,,,,,,,
Q13,2,14,1,56.21,orders,customer,15000000,0,never_instantiated,0,,,,,0,0,,,,,,,,,,,,,,,,,,,,,,,,,,,,,,,,,,,,,,,,,,,,,,,,,,,,,,,,,,,,,,,,,,,,,,,,,,,,,,,,,,,,,,,,,,,,,,,,
Q14,2,14,1,30.49,lineitem,part,20000000,0,never_instantiated,0,,,,,0,0,,,,,,,,,,,,,,,,,,,,,,,,,,,,,,,,,,,,,,,,,,,,,,,,,,,,,,,,,,,,,,,,,,,,,,,,,,,,,,,,,,,,,,,,,,,,,,,,
Q15,2,14,1,12.34,,,1,0,never_instantiated,0,,,,,0,0,supplier,,1000000,0,never_instantiated,0,,,,,0,0,,,,,,,,,,,,,,,,,,,,,,,,,,,,,,,,,,,,,,,,,,,,,,,,,,,,,,,,,,,,,,,,,,,,,,,,,,,,,,,,,,,,
Q16,2,14,1,13.21,,supplier,479,0,never_instantiated,0,,,,,0,0,partsupp,,2971749,0,never_instantiated,0,,,,,0,0,part,,8,0,never_instantiated,0,,,,,0,0,,,,,,,,,,,,,,,,,,,,,,,,,,,,,,,,,,,,,,,,,,,,,,,,,,,,,,,,,,,,,,,,,,,,,,,,
Q17,2,14,1,53.32,lineitem,part,20031,0,never_instantiated,0,,,,,0,0,,,600982,0,never_instantiated,0,,,,,0,0,lineitem,,20031,0,never_instantiated,0,,,,,0,0,,,,,,,,,,,,,,,,,,,,,,,,,,,,,,,,,,,,,,,,,,,,,,,,,,,,,,,,,,,,,,,,,,,,,,,,
Q18,2,14,1,176.77,,lineitem,6398,0,never_instantiated,0,,,,,0,0,,customer,14999999,0,never_instantiated,0,,,,,0,0,lineitem,orders,150000000,0,never_instantiated,0,,,,,0,0,,,,,,,,,,,,,,,,,,,,,,,,,,,,,,,,,,,,,,,,,,,,,,,,,,,,,,,,,,,,,,,,,,,,,,,,
Q19,2,14,1,41.59,lineitem,part,20000000,0,never_instantiated,0,,,,,0,0,,,,,,,,,,,,,,,,,,,,,,,,,,,,,,,,,,,,,,,,,,,,,,,,,,,,,,,,,,,,,,,,,,,,,,,,,,,,,,,,,,,,,,,,,,,,,,,,
Q20,2,14,1,23.06,,,40207,0,never_instantiated,0,,,,,0,0,partsupp,part,217222,0,never_instantiated,0,,,,,0,0,,,35136,0,never_instantiated,0,,,,,0,0,lineitem,,35136,0,never_instantiated,0,,,,,0,0,supplier,nation,1,0,never_instantiated,0,,,,,0,0,,,,,,,,,,,,,,,,,,,,,,,,,,,,,,,,,,,,,,,,,,,,,,,,
Q21,2,14,1,100.06,,nation,1,0,never_instantiated,0,,,,,0,0,,supplier,39953,0,never_instantiated,0,,,,,0,0,lineitem,orders,73072502,0,never_instantiated,0,,,,,0,0,,,7313671,0,never_instantiated,0,,,,,0,0,lineitem,,7313658,0,never_instantiated,0,,,,,0,0,,,7048027,0,never_instantiated,0,,,,,0,0,lineitem,,7048014,0,never_instantiated,0,,,,,0,0,,,,,,,,,,,,,,,,,,,,,,,,
Q22,2,14,1,17.94,,,1909668,0,never_instantiated,0,,,,,0,0,orders,,1909668,0,never_instantiated,0,,,,,0,0,,,,,,,,,,,,,,,,,,,,,,,,,,,,,,,,,,,,,,,,,,,,,,,,,,,,,,,,,,,,,,,,,,,,,,,,,,,,,,,,,,,,
Q01,2,15,1,31.09,,,,,,,,,,,,,,,,,,,,,,,,,,,,,,,,,,,,,,,,,,,,,,,,,,,,,,,,,,,,,,,,,,,,,,,,,,,,,,,,,,,,,,,,,,,,,,,,,,,,,,,,,,,,
Q02,2,15,1,7.17,,region,1,0,never_instantiated,0,,,,,0,0,,nation,5,0,never_instantiated,0,,,,,0,0,,part,79591,0,never_instantiated,0,,,,,0,0,partsupp,supplier,200535,0,never_instantiated,0,,,,,0,0,,,63825,0,never_instantiated,0,,,,,0,0,,,47107,0,never_instantiated,0,,,,,0,0,,region,1,0,never_instantiated,0,,,,,0,0,,nation,5,0,never_instantiated,0,,,,,0,0,partsupp,supplier,200535,0,never_instantiated,0,,,,,0,0
Q03,2,15,1,47.37,,customer,3000188,0,never_instantiated,0,,,,,0,0,lineitem,orders,72874383,0,never_instantiated,0,,,,,0,0,,,,,,,,,,,,,,,,,,,,,,,,,,,,,,,,,,,,,,,,,,,,,,,,,,,,,,,,,,,,,,,,,,,,,,,,,,,,,,,,,,,,
Q04,2,15,1,32.53,,,5733776,0,never_instantiated,0,,,,,0,0,lineitem,,5733776,0,never_instantiated,0,,,,,0,0,,,,,,,,,,,,,,,,,,,,,,,,,,,,,,,,,,,,,,,,,,,,,,,,,,,,,,,,,,,,,,,,,,,,,,,,,,,,,,,,,,,,
Q05,2,15,1,62.69,,customer,14999999,0,never_instantiated,0,,,,,0,0,,region,1,0,never_instantiated,0,,,,,0,0,,orders,22760819,0,never_instantiated,0,,,,,0,0,,nation,5,0,never_instantiated,0,,,,,0,0,lineitem,supplier,199889,0,never_instantiated,0,,,,,0,0,,,,,,,,,,,,,,,,,,,,,,,,,,,,,,,,,,,,,,,,,,,,,,,,
Q06,2,15,1,9.10,,,,,,,,,,,,,,,,,,,,,,,,,,,,,,,,,,,,,,,,,,,,,,,,,,,,,,,,,,,,,,,,,,,,,,,,,,,,,,,,,,,,,,,,,,,,,,,,,,,,,,,,,,,,
Q07,2,15,1,23.12,,nation,2,0,never_instantiated,0,,,,,0,0,,nation,2,0,never_instantiated,0,,,,,0,0,,customer,1200139,0,never_instantiated,0,,,,,0,0,orders,,1179101,0,never_instantiated,0,,,,,0,0,lineitem,supplier,80171,0,never_instantiated,0,,,,,0,0,,,,,,,,,,,,,,,,,,,,,,,,,,,,,,,,,,,,,,,,,,,,,,,,
Q08,2,15,1,26.78,,region,1,0,never_instantiated,0,,,,,0,0,,nation,5,0,never_instantiated,0,,,,,0,0,customer,,1222092,0,never_instantiated,0,,,,,0,0,,nation,25,0,never_instantiated,0,,,,,0,0,,supplier,1000000,0,never_instantiated,0,,,,,0,0,,part,134258,0,never_instantiated,0,,,,,0,0,lineitem,orders,45574624,0,never_instantiated,0,,,,,0,0,,,,,,,,,,,,,,,,,,,,,,,,
Q09,2,15,1,58.19,,nation,25,0,never_instantiated,0,,,,,0,0,,partsupp,80000000,0,never_instantiated,0,,,,,0,0,,part,1087982,0,never_instantiated,0,,,,,0,0,,orders,150000000,0,never_instantiated,0,,,,,0,0,lineitem,supplier,1000000,0,never_instantiated,0,,,,,0,0,,,,,,,,,,,,,,,,,,,,,,,,,,,,,,,,,,,,,,,,,,,,,,,,
Q10,2,15,1,28.12,,nation,25,0,never_instantiated,0,,,,,0,0,customer,,11463171,0,never_instantiated,0,,,,,0,0,lineitem,orders,5730378,0,never_instantiated,0,,,,,0,0,,,,,,,,,,,,,,,,,,,,,,,,,,,,,,,,,,,,,,,,,,,,,,,,,,,,,,,,,,,,,,,,,,,,,,,,
Q11,2,15,1,7.29,,nation,1,0,never_instantiated,0,,,,,0,0,partsupp,supplier,40045,0,never_instantiated,0,,,,,0,0,,nation,1,0,never_instantiated,0,,,,,0,0,partsupp,supplier,40045,0,never_instantiated,0,,,,,0,0,,,,,,,,,,,,,,,,,,,,,,,,,,,,,,,,,,,,,,,,,,,,,,,,,,,,,,,,,,,,
Q12,2,15,1,22.58,orders,lineitem,3115341,0,never_instantiated,0,,,,,0,0,,,,,,,,,,,,,,,,,,,,,,,,,,,,,,,,,,,,,,,,,,,,,,,,,,,,,,,,,,,,,,,,,,,,,,,,,,,,,,,,,,,,,,,,,,,,,,,,
Q13,2,15,1,54.97,orders,customer,15000000,0,never_instantiated,0,,,,,0,0,,,,,,,,,,,,,,,,,,,,,,,,,,,,,,,,,,,,,,,,,,,,,,,,,,,,,,,,,,,,,,,,,,,,,,,,,,,,,,,,,,,,,,,,,,,,,,,,
Q14,2,15,1,31.20,lineitem,part,20000000,0,never_instantiated,0,,,,,0,0,,,,,,,,,,,,,,,,,,,,,,,,,,,,,,,,,,,,,,,,,,,,,,,,,,,,,,,,,,,,,,,,,,,,,,,,,,,,,,,,,,,,,,,,,,,,,,,,
Q15,2,15,1,12.41,,,1,0,never_instantiated,0,,,,,0,0,supplier,,1000000,0,never_instantiated,0,,,,,0,0,,,,,,,,,,,,,,,,,,,,,,,,,,,,,,,,,,,,,,,,,,,,,,,,,,,,,,,,,,,,,,,,,,,,,,,,,,,,,,,,,,,,
Q16,2,15,1,13.13,,supplier,479,0,never_instantiated,0,,,,,0,0,partsupp,,2971749,0,never_instantiated,0,,,,,0,0,part,,8,0,never_instantiated,0,,,,,0,0,,,,,,,,,,,,,,,,,,,,,,,,,,,,,,,,,,,,,,,,,,,,,,,,,,,,,,,,,,,,,,,,,,,,,,,,
Q17,2,15,1,52.45,lineitem,part,20031,0,never_instantiated,0,,,,,0,0,,,600982,0,never_instantiated,0,,,,,0,0,lineitem,,20031,0,never_instantiated,0,,,,,0,0,,,,,,,,,,,,,,,,,,,,,,,,,,,,,,,,,,,,,,,,,,,,,,,,,,,,,,,,,,,,,,,,,,,,,,,,
Q18,2,15,1,176.59,,lineitem,6398,0,never_instantiated,0,,,,,0,0,,customer,14999999,0,never_instantiated,0,,,,,0,0,lineitem,orders,150000000,0,never_instantiated,0,,,,,0,0,,,,,,,,,,,,,,,,,,,,,,,,,,,,,,,,,,,,,,,,,,,,,,,,,,,,,,,,,,,,,,,,,,,,,,,,
Q19,2,15,1,41.19,lineitem,part,20000000,0,never_instantiated,0,,,,,0,0,,,,,,,,,,,,,,,,,,,,,,,,,,,,,,,,,,,,,,,,,,,,,,,,,,,,,,,,,,,,,,,,,,,,,,,,,,,,,,,,,,,,,,,,,,,,,,,,
Q20,2,15,1,22.95,,,40207,0,never_instantiated,0,,,,,0,0,partsupp,part,217222,0,never_instantiated,0,,,,,0,0,,,35136,0,never_instantiated,0,,,,,0,0,lineitem,,35136,0,never_instantiated,0,,,,,0,0,supplier,nation,1,0,never_instantiated,0,,,,,0,0,,,,,,,,,,,,,,,,,,,,,,,,,,,,,,,,,,,,,,,,,,,,,,,,
Q21,2,15,1,101.26,,nation,1,0,never_instantiated,0,,,,,0,0,,orders,73072502,0,never_instantiated,0,,,,,0,0,lineitem,supplier,39953,0,never_instantiated,0,,,,,0,0,,,7313671,0,never_instantiated,0,,,,,0,0,lineitem,,7313658,0,never_instantiated,0,,,,,0,0,,,7048027,0,never_instantiated,0,,,,,0,0,lineitem,,7048014,0,never_instantiated,0,,,,,0,0,,,,,,,,,,,,,,,,,,,,,,,,
Q22,2,15,1,18.13,,,1909668,0,never_instantiated,0,,,,,0,0,orders,,1909668,0,never_instantiated,0,,,,,0,0,,,,,,,,,,,,,,,,,,,,,,,,,,,,,,,,,,,,,,,,,,,,,,,,,,,,,,,,,,,,,,,,,,,,,,,,,,,,,,,,,,,,
Q01,2,16,1,31.18,,,,,,,,,,,,,,,,,,,,,,,,,,,,,,,,,,,,,,,,,,,,,,,,,,,,,,,,,,,,,,,,,,,,,,,,,,,,,,,,,,,,,,,,,,,,,,,,,,,,,,,,,,,,
Q02,2,16,1,5.49,,region,1,0,never_instantiated,0,,,,,0,0,,nation,5,0,never_instantiated,0,,,,,0,0,,supplier,200535,0,never_instantiated,0,,,,,0,0,partsupp,part,79591,0,never_instantiated,0,,,,,0,0,,,63825,0,never_instantiated,0,,,,,0,0,,,47107,0,never_instantiated,0,,,,,0,0,partsupp,,200535,0,never_instantiated,0,,,,,0,0,,region,1,0,never_instantiated,0,,,,,0,0,supplier,nation,5,0,never_instantiated,0,,,,,0,0
Q03,2,16,1,46.96,,customer,3000188,0,never_instantiated,0,,,,,0,0,lineitem,orders,72874383,0,never_instantiated,0,,,,,0,0,,,,,,,,,,,,,,,,,,,,,,,,,,,,,,,,,,,,,,,,,,,,,,,,,,,,,,,,,,,,,,,,,,,,,,,,,,,,,,,,,,,,
Q04,2,16,1,32.58,,,5733776,0,never_instantiated,0,,,,,0,0,lineitem,,5733776,0,never_instantiated,0,,,,,0,0,,,,,,,,,,,,,,,,,,,,,,,,,,,,,,,,,,,,,,,,,,,,,,,,,,,,,,,,,,,,,,,,,,,,,,,,,,,,,,,,,,,,
Q05,2,16,1,76.34,,region,1,0,never_instantiated,0,,,,,0,0,,nation,5,0,never_instantiated,0,,,,,0,0,,customer,2999759,0,never_instantiated,0,,,,,0,0,,supplier,1000000,0,never_instantiated,0,,,,,0,0,lineitem,orders,22760819,0,never_instantiated,0,,,,,0,0,,,,,,,,,,,,,,,,,,,,,,,,,,,,,,,,,,,,,,,,,,,,,,,,
Q06,2,16,1,9.14,,,,,,,,,,,,,,,,,,,,,,,,,,,,,,,,,,,,,,,,,,,,,,,,,,,,,,,,,,,,,,,,,,,,,,,,,,,,,,,,,,,,,,,,,,,,,,,,,,,,,,,,,,,,
Q07,2,16,1,22.93,,nation,2,0,never_instantiated,0,,,,,0,0,,customer,1200139,0,never_instantiated,0,,,,,0,0,,nation,2,0,never_instantiated,0,,,,,0,0,,supplier,80171,0,never_instantiated,0,,,,,0,0,lineitem,orders,12026518,0,never_instantiated,0,,,,,0,0,,,,,,,,,,,,,,,,,,,,,,,,,,,,,,,,,,,,,,,,,,,,,,,,
Q08,2,16,1,29.61,,region,1,0,never_instantiated,0,,,,,0,0,,nation,5,0,never_instantiated,0,,,,,0,0,customer,,1222092,0,never_instantiated,0,,,,,0,0,orders,,4025859,0,never_instantiated,0,,,,,0,0,,nation,25,0,never_instantiated,0,,,,,0,0,,supplier,1000000,0,never_instantiated,0,,,,,0,0,lineitem,part,134258,0,never_instantiated,0,,,,,0,0,,,,,,,,,,,,,,,,,,,,,,,,
Q09,2,16,1,118.37,,nation,25,0,never_instantiated,0,,,,,0,0,,supplier,1000000,0,never_instantiated,0,,,,,0,0,,partsupp,80000000,0,never_instantiated,0,,,,,0,0,,part,1087982,0,never_instantiated,0,,,,,0,0,lineitem,orders,150000000,0,never_instantiated,0,,,,,0,0,,,,,,,,,,,,,,,,,,,,,,,,,,,,,,,,,,,,,,,,,,,,,,,,
Q10,2,16,1,28.05,,nation,25,0,never_instantiated,0,,,,,0,0,customer,,11463171,0,never_instantiated,0,,,,,0,0,lineitem,orders,5730378,0,never_instantiated,0,,,,,0,0,,,,,,,,,,,,,,,,,,,,,,,,,,,,,,,,,,,,,,,,,,,,,,,,,,,,,,,,,,,,,,,,,,,,,,,,
Q11,2,16,1,5.27,partsupp,,40045,0,never_instantiated,0,,,,,0,0,supplier,nation,1,0,never_instantiated,0,,,,,0,0,partsupp,,40045,0,never_instantiated,0,,,,,0,0,supplier,nation,1,0,never_instantiated,0,,,,,0,0,,,,,,,,,,,,,,,,,,,,,,,,,,,,,,,,,,,,,,,,,,,,,,,,,,,,,,,,,,,,
Q12,2,16,1,22.93,orders,lineitem,3115341,0,never_instantiated,0,,,,,0,0,,,,,,,,,,,,,,,,,,,,,,,,,,,,,,,,,,,,,,,,,,,,,,,,,,,,,,,,,,,,,,,,,,,,,,,,,,,,,,,,,,,,,,,,,,,,,,,,
Q13,2,16,1,54.83,orders,customer,15000000,0,never_instantiated,0,,,,,0,0,,,,,,,,,,,,,,,,,,,,,,,,,,,,,,,,,,,,,,,,,,,,,,,,,,,,,,,,,,,,,,,,,,,,,,,,,,,,,,,,,,,,,,,,,,,,,,,,
Q14,2,16,1,30.79,lineitem,part,20000000,0,never_instantiated,0,,,,,0,0,,,,,,,,,,,,,,,,,,,,,,,,,,,,,,,,,,,,,,,,,,,,,,,,,,,,,,,,,,,,,,,,,,,,,,,,,,,,,,,,,,,,,,,,,,,,,,,,
Q15,2,16,1,12.30,,,1,0,never_instantiated,0,,,,,0,0,supplier,,1000000,0,never_instantiated,0,,,,,0,0,,,,,,,,,,,,,,,,,,,,,,,,,,,,,,,,,,,,,,,,,,,,,,,,,,,,,,,,,,,,,,,,,,,,,,,,,,,,,,,,,,,,
Q16,2,16,1,13.23,,supplier,479,0,never_instantiated,0,,,,,0,0,partsupp,,2971749,0,never_instantiated,0,,,,,0,0,part,,8,0,never_instantiated,0,,,,,0,0,,,,,,,,,,,,,,,,,,,,,,,,,,,,,,,,,,,,,,,,,,,,,,,,,,,,,,,,,,,,,,,,,,,,,,,,
Q17,2,16,1,53.10,lineitem,part,20031,0,never_instantiated,0,,,,,0,0,,,600982,0,never_instantiated,0,,,,,0,0,lineitem,,20031,0,never_instantiated,0,,,,,0,0,,,,,,,,,,,,,,,,,,,,,,,,,,,,,,,,,,,,,,,,,,,,,,,,,,,,,,,,,,,,,,,,,,,,,,,,
Q18,2,16,1,175.77,,lineitem,6398,0,never_instantiated,0,,,,,0,0,,customer,14999999,0,never_instantiated,0,,,,,0,0,lineitem,orders,150000000,0,never_instantiated,0,,,,,0,0,,,,,,,,,,,,,,,,,,,,,,,,,,,,,,,,,,,,,,,,,,,,,,,,,,,,,,,,,,,,,,,,,,,,,,,,
Q19,2,16,1,42.09,lineitem,part,20000000,0,never_instantiated,0,,,,,0,0,,,,,,,,,,,,,,,,,,,,,,,,,,,,,,,,,,,,,,,,,,,,,,,,,,,,,,,,,,,,,,,,,,,,,,,,,,,,,,,,,,,,,,,,,,,,,,,,
Q20,2,16,1,23.42,,,40207,0,never_instantiated,0,,,,,0,0,partsupp,part,217222,0,never_instantiated,0,,,,,0,0,,,35136,0,never_instantiated,0,,,,,0,0,lineitem,,35136,0,never_instantiated,0,,,,,0,0,supplier,nation,1,0,never_instantiated,0,,,,,0,0,,,,,,,,,,,,,,,,,,,,,,,,,,,,,,,,,,,,,,,,,,,,,,,,
Q21,2,16,1,100.64,,nation,1,0,never_instantiated,0,,,,,0,0,,supplier,39953,0,never_instantiated,0,,,,,0,0,lineitem,orders,73072502,0,never_instantiated,0,,,,,0,0,,,7313671,0,never_instantiated,0,,,,,0,0,lineitem,,7313658,0,never_instantiated,0,,,,,0,0,,,7048027,0,never_instantiated,0,,,,,0,0,lineitem,,7048014,0,never_instantiated,0,,,,,0,0,,,,,,,,,,,,,,,,,,,,,,,,
Q22,2,16,1,18.67,,,1909668,0,never_instantiated,0,,,,,0,0,orders,,1909668,0,never_instantiated,0,,,,,0,0,,,,,,,,,,,,,,,,,,,,,,,,,,,,,,,,,,,,,,,,,,,,,,,,,,,,,,,,,,,,,,,,,,,,,,,,,,,,,,,,,,,,
Q01,2,17,1,31.49,,,,,,,,,,,,,,,,,,,,,,,,,,,,,,,,,,,,,,,,,,,,,,,,,,,,,,,,,,,,,,,,,,,,,,,,,,,,,,,,,,,,,,,,,,,,,,,,,,,,,,,,,,,,
Q02,2,17,1,5.27,,region,1,0,never_instantiated,0,,,,,0,0,,nation,5,0,never_instantiated,0,,,,,0,0,,part,79591,0,never_instantiated,0,,,,,0,0,partsupp,supplier,200535,0,never_instantiated,0,,,,,0,0,,,63825,0,never_instantiated,0,,,,,0,0,,,47107,0,never_instantiated,0,,,,,0,0,partsupp,,200535,0,never_instantiated,0,,,,,0,0,,region,1,0,never_instantiated,0,,,,,0,0,supplier,nation,5,0,never_instantiated,0,,,,,0,0
Q03,2,17,1,47.42,,customer,3000188,0,never_instantiated,0,,,,,0,0,lineitem,orders,72874383,0,never_instantiated,0,,,,,0,0,,,,,,,,,,,,,,,,,,,,,,,,,,,,,,,,,,,,,,,,,,,,,,,,,,,,,,,,,,,,,,,,,,,,,,,,,,,,,,,,,,,,
Q04,2,17,1,32.58,,,5733776,0,never_instantiated,0,,,,,0,0,lineitem,,5733776,0,never_instantiated,0,,,,,0,0,,,,,,,,,,,,,,,,,,,,,,,,,,,,,,,,,,,,,,,,,,,,,,,,,,,,,,,,,,,,,,,,,,,,,,,,,,,,,,,,,,,,
Q05,2,17,1,59.57,,region,1,0,never_instantiated,0,,,,,0,0,,customer,14999999,0,never_instantiated,0,,,,,0,0,,nation,5,0,never_instantiated,0,,,,,0,0,,orders,22760819,0,never_instantiated,0,,,,,0,0,lineitem,supplier,199889,0,never_instantiated,0,,,,,0,0,,,,,,,,,,,,,,,,,,,,,,,,,,,,,,,,,,,,,,,,,,,,,,,,
Q06,2,17,1,9.05,,,,,,,,,,,,,,,,,,,,,,,,,,,,,,,,,,,,,,,,,,,,,,,,,,,,,,,,,,,,,,,,,,,,,,,,,,,,,,,,,,,,,,,,,,,,,,,,,,,,,,,,,,,,
Q07,2,17,1,23.21,,nation,2,0,never_instantiated,0,,,,,0,0,,nation,2,0,never_instantiated,0,,,,,0,0,,customer,1200139,0,never_instantiated,0,,,,,0,0,orders,,1179101,0,never_instantiated,0,,,,,0,0,lineitem,supplier,80171,0,never_instantiated,0,,,,,0,0,,,,,,,,,,,,,,,,,,,,,,,,,,,,,,,,,,,,,,,,,,,,,,,,
Q08,2,17,1,28.50,,nation,25,0,never_instantiated,0,,,,,0,0,,region,1,0,never_instantiated,0,,,,,0,0,,nation,5,0,never_instantiated,0,,,,,0,0,customer,,1222092,0,never_instantiated,0,,,,,0,0,orders,,4025859,0,never_instantiated,0,,,,,0,0,,part,134258,0,never_instantiated,0,,,,,0,0,lineitem,supplier,1000000,0,never_instantiated,0,,,,,0,0,,,,,,,,,,,,,,,,,,,,,,,,
Q09,2,17,1,58.48,,partsupp,80000000,0,never_instantiated,0,,,,,0,0,,orders,150000000,0,never_instantiated,0,,,,,0,0,,nation,25,0,never_instantiated,0,,,,,0,0,,supplier,1000000,0,never_instantiated,0,,,,,0,0,lineitem,part,1087982,0,never_instantiated,0,,,,,0,0,,,,,,,,,,,,,,,,,,,,,,,,,,,,,,,,,,,,,,,,,,,,,,,,
Q10,2,17,1,28.07,,nation,25,0,never_instantiated,0,,,,,0,0,customer,,11463171,0,never_instantiated,0,,,,,0,0,lineitem,orders,5730378,0,never_instantiated,0,,,,,0,0,,,,,,,,,,,,,,,,,,,,,,,,,,,,,,,,,,,,,,,,,,,,,,,,,,,,,,,,,,,,,,,,,,,,,,,,
Q11,2,17,1,7.44,,nation,1,0,never_instantiated,0,,,,,0,0,partsupp,supplier,40045,0,never_instantiated,0,,,,,0,0,,nation,1,0,never_instantiated,0,,,,,0,0,partsupp,supplier,40045,0,never_instantiated,0,,,,,0,0,,,,,,,,,,,,,,,,,,,,,,,,,,,,,,,,,,,,,,,,,,,,,,,,,,,,,,,,,,,,
Q12,2,17,1,22.88,orders,lineitem,3115341,0,never_instantiated,0,,,,,0,0,,,,,,,,,,,,,,,,,,,,,,,,,,,,,,,,,,,,,,,,,,,,,,,,,,,,,,,,,,,,,,,,,,,,,,,,,,,,,,,,,,,,,,,,,,,,,,,,
Q13,2,17,1,56.00,orders,customer,15000000,0,never_instantiated,0,,,,,0,0,,,,,,,,,,,,,,,,,,,,,,,,,,,,,,,,,,,,,,,,,,,,,,,,,,,,,,,,,,,,,,,,,,,,,,,,,,,,,,,,,,,,,,,,,,,,,,,,
Q14,2,17,1,30.26,lineitem,part,20000000,0,never_instantiated,0,,,,,0,0,,,,,,,,,,,,,,,,,,,,,,,,,,,,,,,,,,,,,,,,,,,,,,,,,,,,,,,,,,,,,,,,,,,,,,,,,,,,,,,,,,,,,,,,,,,,,,,,
Q15,2,17,1,12.27,,,1,0,never_instantiated,0,,,,,0,0,supplier,,1000000,0,never_instantiated,0,,,,,0,0,,,,,,,,,,,,,,,,,,,,,,,,,,,,,,,,,,,,,,,,,,,,,,,,,,,,,,,,,,,,,,,,,,,,,,,,,,,,,,,,,,,,
Q16,2,17,1,12.95,,supplier,479,0,never_instantiated,0,,,,,0,0,partsupp,,2971749,0,never_instantiated,0,,,,,0,0,part,,8,0,never_instantiated,0,,,,,0,0,,,,,,,,,,,,,,,,,,,,,,,,,,,,,,,,,,,,,,,,,,,,,,,,,,,,,,,,,,,,,,,,,,,,,,,,
Q17,2,17,1,54.84,lineitem,part,20031,0,never_instantiated,0,,,,,0,0,,,600982,0,never_instantiated,0,,,,,0,0,lineitem,,20031,0,never_instantiated,0,,,,,0,0,,,,,,,,,,,,,,,,,,,,,,,,,,,,,,,,,,,,,,,,,,,,,,,,,,,,,,,,,,,,,,,,,,,,,,,,
Q18,2,17,1,178.01,,lineitem,6398,0,never_instantiated,0,,,,,0,0,,customer,14999999,0,never_instantiated,0,,,,,0,0,lineitem,orders,150000000,0,never_instantiated,0,,,,,0,0,,,,,,,,,,,,,,,,,,,,,,,,,,,,,,,,,,,,,,,,,,,,,,,,,,,,,,,,,,,,,,,,,,,,,,,,
Q19,2,17,1,41.17,lineitem,part,20000000,0,never_instantiated,0,,,,,0,0,,,,,,,,,,,,,,,,,,,,,,,,,,,,,,,,,,,,,,,,,,,,,,,,,,,,,,,,,,,,,,,,,,,,,,,,,,,,,,,,,,,,,,,,,,,,,,,,
Q20,2,17,1,22.90,,,40207,0,never_instantiated,0,,,,,0,0,partsupp,part,217222,0,never_instantiated,0,,,,,0,0,,,35136,0,never_instantiated,0,,,,,0,0,lineitem,,35136,0,never_instantiated,0,,,,,0,0,supplier,nation,1,0,never_instantiated,0,,,,,0,0,,,,,,,,,,,,,,,,,,,,,,,,,,,,,,,,,,,,,,,,,,,,,,,,
Q21,2,17,1,100.11,,nation,1,0,never_instantiated,0,,,,,0,0,,orders,73072502,0,never_instantiated,0,,,,,0,0,lineitem,supplier,39953,0,never_instantiated,0,,,,,0,0,,,7313671,0,never_instantiated,0,,,,,0,0,lineitem,,7313658,0,never_instantiated,0,,,,,0,0,,,7048027,0,never_instantiated,0,,,,,0,0,lineitem,,7048014,0,never_instantiated,0,,,,,0,0,,,,,,,,,,,,,,,,,,,,,,,,
Q22,2,17,1,18.38,,,1909668,0,never_instantiated,0,,,,,0,0,orders,,1909668,0,never_instantiated,0,,,,,0,0,,,,,,,,,,,,,,,,,,,,,,,,,,,,,,,,,,,,,,,,,,,,,,,,,,,,,,,,,,,,,,,,,,,,,,,,,,,,,,,,,,,,
Q01,2,18,1,31.43,,,,,,,,,,,,,,,,,,,,,,,,,,,,,,,,,,,,,,,,,,,,,,,,,,,,,,,,,,,,,,,,,,,,,,,,,,,,,,,,,,,,,,,,,,,,,,,,,,,,,,,,,,,,
Q02,2,18,1,7.28,,region,1,0,never_instantiated,0,,,,,0,0,,nation,5,0,never_instantiated,0,,,,,0,0,,supplier,200535,0,never_instantiated,0,,,,,0,0,partsupp,part,79591,0,never_instantiated,0,,,,,0,0,,,63825,0,never_instantiated,0,,,,,0,0,,,47107,0,never_instantiated,0,,,,,0,0,,region,1,0,never_instantiated,0,,,,,0,0,,nation,5,0,never_instantiated,0,,,,,0,0,partsupp,supplier,200535,0,never_instantiated,0,,,,,0,0
Q03,2,18,1,46.90,,customer,3000188,0,never_instantiated,0,,,,,0,0,lineitem,orders,72874383,0,never_instantiated,0,,,,,0,0,,,,,,,,,,,,,,,,,,,,,,,,,,,,,,,,,,,,,,,,,,,,,,,,,,,,,,,,,,,,,,,,,,,,,,,,,,,,,,,,,,,,
Q04,2,18,1,32.31,,,5733776,0,never_instantiated,0,,,,,0,0,lineitem,,5733776,0,never_instantiated,0,,,,,0,0,,,,,,,,,,,,,,,,,,,,,,,,,,,,,,,,,,,,,,,,,,,,,,,,,,,,,,,,,,,,,,,,,,,,,,,,,,,,,,,,,,,,
Q05,2,18,1,70.99,,region,1,0,never_instantiated,0,,,,,0,0,,customer,14999999,0,never_instantiated,0,,,,,0,0,,nation,5,0,never_instantiated,0,,,,,0,0,,supplier,199889,0,never_instantiated,0,,,,,0,0,lineitem,orders,22760819,0,never_instantiated,0,,,,,0,0,,,,,,,,,,,,,,,,,,,,,,,,,,,,,,,,,,,,,,,,,,,,,,,,
Q06,2,18,1,9.09,,,,,,,,,,,,,,,,,,,,,,,,,,,,,,,,,,,,,,,,,,,,,,,,,,,,,,,,,,,,,,,,,,,,,,,,,,,,,,,,,,,,,,,,,,,,,,,,,,,,,,,,,,,,
Q07,2,18,1,22.29,,nation,2,0,never_instantiated,0,,,,,0,0,,nation,2,0,never_instantiated,0,,,,,0,0,,customer,1200139,0,never_instantiated,0,,,,,0,0,,supplier,80171,0,never_instantiated,0,,,,,0,0,lineitem,orders,12026518,0,never_instantiated,0,,,,,0,0,,,,,,,,,,,,,,,,,,,,,,,,,,,,,,,,,,,,,,,,,,,,,,,,
Q08,2,18,1,25.70,,region,1,0,never_instantiated,0,,,,,0,0,,part,134258,0,never_instantiated,0,,,,,0,0,,nation,25,0,never_instantiated,0,,,,,0,0,,nation,5,0,never_instantiated,0,,,,,0,0,,customer,3001905,0,never_instantiated,0,,,,,0,0,,supplier,1000000,0,never_instantiated,0,,,,,0,0,lineitem,orders,45574624,0,never_instantiated,0,,,,,0,0,,,,,,,,,,,,,,,,,,,,,,,,
Q09,2,18,1,57.88,,part,1087982,0,never_instantiated,0,,,,,0,0,,orders,150000000,0,never_instantiated,0,,,,,0,0,,nation,25,0,never_instantiated,0,,,,,0,0,,supplier,1000000,0,never_instantiated,0,,,,,0,0,lineitem,partsupp,80000000,0,never_instantiated,0,,,,,0,0,,,,,,,,,,,,,,,,,,,,,,,,,,,,,,,,,,,,,,,,,,,,,,,,
Q10,2,18,1,28.35,,nation,25,0,never_instantiated,0,,,,,0,0,customer,,11463171,0,never_instantiated,0,,,,,0,0,lineitem,orders,5730378,0,never_instantiated,0,,,,,0,0,,,,,,,,,,,,,,,,,,,,,,,,,,,,,,,,,,,,,,,,,,,,,,,,,,,,,,,,,,,,,,,,,,,,,,,,
Q11,2,18,1,6.23,partsupp,,40045,0,never_instantiated,0,,,,,0,0,supplier,nation,1,0,never_instantiated,0,,,,,0,0,,nation,1,0,never_instantiated,0,,,,,0,0,partsupp,supplier,40045,0,never_instantiated,0,,,,,0,0,,,,,,,,,,,,,,,,,,,,,,,,,,,,,,,,,,,,,,,,,,,,,,,,,,,,,,,,,,,,
Q12,2,18,1,22.83,orders,lineitem,3115341,0,never_instantiated,0,,,,,0,0,,,,,,,,,,,,,,,,,,,,,,,,,,,,,,,,,,,,,,,,,,,,,,,,,,,,,,,,,,,,,,,,,,,,,,,,,,,,,,,,,,,,,,,,,,,,,,,,
Q13,2,18,1,54.21,orders,customer,15000000,0,never_instantiated,0,,,,,0,0,,,,,,,,,,,,,,,,,,,,,,,,,,,,,,,,,,,,,,,,,,,,,,,,,,,,,,,,,,,,,,,,,,,,,,,,,,,,,,,,,,,,,,,,,,,,,,,,
Q14,2,18,1,30.32,lineitem,part,20000000,0,never_instantiated,0,,,,,0,0,,,,,,,,,,,,,,,,,,,,,,,,,,,,,,,,,,,,,,,,,,,,,,,,,,,,,,,,,,,,,,,,,,,,,,,,,,,,,,,,,,,,,,,,,,,,,,,,
Q15,2,18,1,12.41,,,1,0,never_instantiated,0,,,,,0,0,supplier,,1000000,0,never_instantiated,0,,,,,0,0,,,,,,,,,,,,,,,,,,,,,,,,,,,,,,,,,,,,,,,,,,,,,,,,,,,,,,,,,,,,,,,,,,,,,,,,,,,,,,,,,,,,
Q16,2,18,1,13.32,,supplier,479,0,never_instantiated,0,,,,,0,0,partsupp,,2971749,0,never_instantiated,0,,,,,0,0,part,,8,0,never_instantiated,0,,,,,0,0,,,,,,,,,,,,,,,,,,,,,,,,,,,,,,,,,,,,,,,,,,,,,,,,,,,,,,,,,,,,,,,,,,,,,,,,
Q17,2,18,1,53.01,lineitem,part,20031,0,never_instantiated,0,,,,,0,0,,,600982,0,never_instantiated,0,,,,,0,0,lineitem,,20031,0,never_instantiated,0,,,,,0,0,,,,,,,,,,,,,,,,,,,,,,,,,,,,,,,,,,,,,,,,,,,,,,,,,,,,,,,,,,,,,,,,,,,,,,,,
Q18,2,18,1,176.92,,lineitem,6398,0,never_instantiated,0,,,,,0,0,,customer,14999999,0,never_instantiated,0,,,,,0,0,lineitem,orders,150000000,0,never_instantiated,0,,,,,0,0,,,,,,,,,,,,,,,,,,,,,,,,,,,,,,,,,,,,,,,,,,,,,,,,,,,,,,,,,,,,,,,,,,,,,,,,
Q19,2,18,1,41.88,lineitem,part,20000000,0,never_instantiated,0,,,,,0,0,,,,,,,,,,,,,,,,,,,,,,,,,,,,,,,,,,,,,,,,,,,,,,,,,,,,,,,,,,,,,,,,,,,,,,,,,,,,,,,,,,,,,,,,,,,,,,,,
Q20,2,18,1,23.31,,,40207,0,never_instantiated,0,,,,,0,0,partsupp,part,217222,0,never_instantiated,0,,,,,0,0,,,35136,0,never_instantiated,0,,,,,0,0,lineitem,,35136,0,never_instantiated,0,,,,,0,0,supplier,nation,1,0,never_instantiated,0,,,,,0,0,,,,,,,,,,,,,,,,,,,,,,,,,,,,,,,,,,,,,,,,,,,,,,,,
Q21,2,18,1,99.22,,nation,1,0,never_instantiated,0,,,,,0,0,,supplier,39953,0,never_instantiated,0,,,,,0,0,lineitem,orders,73072502,0,never_instantiated,0,,,,,0,0,,,7313671,0,never_instantiated,0,,,,,0,0,lineitem,,7313658,0,never_instantiated,0,,,,,0,0,,,7048027,0,never_instantiated,0,,,,,0,0,lineitem,,7048014,0,never_instantiated,0,,,,,0,0,,,,,,,,,,,,,,,,,,,,,,,,
Q22,2,18,1,17.98,,,1909668,0,never_instantiated,0,,,,,0,0,orders,,1909668,0,never_instantiated,0,,,,,0,0,,,,,,,,,,,,,,,,,,,,,,,,,,,,,,,,,,,,,,,,,,,,,,,,,,,,,,,,,,,,,,,,,,,,,,,,,,,,,,,,,,,,
Q01,2,19,1,31.05,,,,,,,,,,,,,,,,,,,,,,,,,,,,,,,,,,,,,,,,,,,,,,,,,,,,,,,,,,,,,,,,,,,,,,,,,,,,,,,,,,,,,,,,,,,,,,,,,,,,,,,,,,,,
Q02,2,19,1,7.01,,region,1,0,never_instantiated,0,,,,,0,0,,part,79591,0,never_instantiated,0,,,,,0,0,,nation,5,0,never_instantiated,0,,,,,0,0,partsupp,supplier,200535,0,never_instantiated,0,,,,,0,0,,,63825,0,never_instantiated,0,,,,,0,0,,,47107,0,never_instantiated,0,,,,,0,0,,region,1,0,never_instantiated,0,,,,,0,0,,nation,5,0,never_instantiated,0,,,,,0,0,partsupp,supplier,200535,0,never_instantiated,0,,,,,0,0
Q03,2,19,1,46.90,,customer,3000188,0,never_instantiated,0,,,,,0,0,lineitem,orders,72874383,0,never_instantiated,0,,,,,0,0,,,,,,,,,,,,,,,,,,,,,,,,,,,,,,,,,,,,,,,,,,,,,,,,,,,,,,,,,,,,,,,,,,,,,,,,,,,,,,,,,,,,
Q04,2,19,1,32.02,,,5733776,0,never_instantiated,0,,,,,0,0,lineitem,,5733776,0,never_instantiated,0,,,,,0,0,,,,,,,,,,,,,,,,,,,,,,,,,,,,,,,,,,,,,,,,,,,,,,,,,,,,,,,,,,,,,,,,,,,,,,,,,,,,,,,,,,,,
Q05,2,19,1,9999999,,,,,,,,,,,,,,,,,,,,,,,,,,,,,,,,,,,,,,,,,,,,,,,,,,,,,,,,,,,,,,,,,,,,,,,,,,,,,,,,,,,,,,,,,,,,,,,,,,,,,,,,,,,,
Q06,2,19,1,9.24,,,,,,,,,,,,,,,,,,,,,,,,,,,,,,,,,,,,,,,,,,,,,,,,,,,,,,,,,,,,,,,,,,,,,,,,,,,,,,,,,,,,,,,,,,,,,,,,,,,,,,,,,,,,
Q07,2,19,1,22.95,,nation,2,0,never_instantiated,0,,,,,0,0,,customer,1200139,0,never_instantiated,0,,,,,0,0,orders,,1179101,0,never_instantiated,0,,,,,0,0,,nation,2,0,never_instantiated,0,,,,,0,0,lineitem,supplier,80171,0,never_instantiated,0,,,,,0,0,,,,,,,,,,,,,,,,,,,,,,,,,,,,,,,,,,,,,,,,,,,,,,,,
Q08,2,19,1,28.78,,region,1,0,never_instantiated,0,,,,,0,0,,nation,5,0,never_instantiated,0,,,,,0,0,,nation,25,0,never_instantiated,0,,,,,0,0,supplier,,244821,0,never_instantiated,0,,,,,0,0,customer,,1222092,0,never_instantiated,0,,,,,0,0,orders,,4025859,0,never_instantiated,0,,,,,0,0,lineitem,part,134258,0,never_instantiated,0,,,,,0,0,,,,,,,,,,,,,,,,,,,,,,,,
Q09,2,19,1,57.96,,nation,25,0,never_instantiated,0,,,,,0,0,,partsupp,80000000,0,never_instantiated,0,,,,,0,0,,orders,150000000,0,never_instantiated,0,,,,,0,0,,part,1087982,0,never_instantiated,0,,,,,0,0,lineitem,supplier,1000000,0,never_instantiated,0,,,,,0,0,,,,,,,,,,,,,,,,,,,,,,,,,,,,,,,,,,,,,,,,,,,,,,,,
Q10,2,19,1,27.92,,nation,25,0,never_instantiated,0,,,,,0,0,customer,,11463171,0,never_instantiated,0,,,,,0,0,lineitem,orders,5730378,0,never_instantiated,0,,,,,0,0,,,,,,,,,,,,,,,,,,,,,,,,,,,,,,,,,,,,,,,,,,,,,,,,,,,,,,,,,,,,,,,,,,,,,,,,
Q11,2,19,1,6.29,,nation,1,0,never_instantiated,0,,,,,0,0,partsupp,supplier,40045,0,never_instantiated,0,,,,,0,0,partsupp,,40045,0,never_instantiated,0,,,,,0,0,supplier,nation,1,0,never_instantiated,0,,,,,0,0,,,,,,,,,,,,,,,,,,,,,,,,,,,,,,,,,,,,,,,,,,,,,,,,,,,,,,,,,,,,
Q12,2,19,1,22.78,orders,lineitem,3115341,0,never_instantiated,0,,,,,0,0,,,,,,,,,,,,,,,,,,,,,,,,,,,,,,,,,,,,,,,,,,,,,,,,,,,,,,,,,,,,,,,,,,,,,,,,,,,,,,,,,,,,,,,,,,,,,,,,
Q13,2,19,1,55.68,orders,customer,15000000,0,never_instantiated,0,,,,,0,0,,,,,,,,,,,,,,,,,,,,,,,,,,,,,,,,,,,,,,,,,,,,,,,,,,,,,,,,,,,,,,,,,,,,,,,,,,,,,,,,,,,,,,,,,,,,,,,,
Q14,2,19,1,30.54,lineitem,part,20000000,0,never_instantiated,0,,,,,0,0,,,,,,,,,,,,,,,,,,,,,,,,,,,,,,,,,,,,,,,,,,,,,,,,,,,,,,,,,,,,,,,,,,,,,,,,,,,,,,,,,,,,,,,,,,,,,,,,
Q15,2,19,1,12.28,,,1,0,never_instantiated,0,,,,,0,0,supplier,,1000000,0,never_instantiated,0,,,,,0,0,,,,,,,,,,,,,,,,,,,,,,,,,,,,,,,,,,,,,,,,,,,,,,,,,,,,,,,,,,,,,,,,,,,,,,,,,,,,,,,,,,,,
Q16,2,19,1,13.24,,supplier,479,0,never_instantiated,0,,,,,0,0,partsupp,,2971749,0,never_instantiated,0,,,,,0,0,part,,8,0,never_instantiated,0,,,,,0,0,,,,,,,,,,,,,,,,,,,,,,,,,,,,,,,,,,,,,,,,,,,,,,,,,,,,,,,,,,,,,,,,,,,,,,,,
Q17,2,19,1,52.70,lineitem,part,20031,0,never_instantiated,0,,,,,0,0,,,600982,0,never_instantiated,0,,,,,0,0,lineitem,,20031,0,never_instantiated,0,,,,,0,0,,,,,,,,,,,,,,,,,,,,,,,,,,,,,,,,,,,,,,,,,,,,,,,,,,,,,,,,,,,,,,,,,,,,,,,,
Q18,2,19,1,177.11,,lineitem,6398,0,never_instantiated,0,,,,,0,0,,customer,14999999,0,never_instantiated,0,,,,,0,0,lineitem,orders,150000000,0,never_instantiated,0,,,,,0,0,,,,,,,,,,,,,,,,,,,,,,,,,,,,,,,,,,,,,,,,,,,,,,,,,,,,,,,,,,,,,,,,,,,,,,,,
Q19,2,19,1,41.50,lineitem,part,20000000,0,never_instantiated,0,,,,,0,0,,,,,,,,,,,,,,,,,,,,,,,,,,,,,,,,,,,,,,,,,,,,,,,,,,,,,,,,,,,,,,,,,,,,,,,,,,,,,,,,,,,,,,,,,,,,,,,,
Q20,2,19,1,24.49,,,40207,0,never_instantiated,0,,,,,0,0,partsupp,part,217222,0,never_instantiated,0,,,,,0,0,,,35136,0,never_instantiated,0,,,,,0,0,lineitem,,35136,0,never_instantiated,0,,,,,0,0,supplier,nation,1,0,never_instantiated,0,,,,,0,0,,,,,,,,,,,,,,,,,,,,,,,,,,,,,,,,,,,,,,,,,,,,,,,,
Q21,2,19,1,105.74,orders,,15146702,0,never_instantiated,0,,,,,0,0,,nation,1,0,never_instantiated,0,,,,,0,0,lineitem,supplier,39953,0,never_instantiated,0,,,,,0,0,,,7313671,0,never_instantiated,0,,,,,0,0,lineitem,,7313658,0,never_instantiated,0,,,,,0,0,,,7048027,0,never_instantiated,0,,,,,0,0,lineitem,,7048014,0,never_instantiated,0,,,,,0,0,,,,,,,,,,,,,,,,,,,,,,,,
Q22,2,19,1,19.06,,,1909668,0,never_instantiated,0,,,,,0,0,orders,,1909668,0,never_instantiated,0,,,,,0,0,,,,,,,,,,,,,,,,,,,,,,,,,,,,,,,,,,,,,,,,,,,,,,,,,,,,,,,,,,,,,,,,,,,,,,,,,,,,,,,,,,,,
Q01,3,0,1,31.28,,,,,,,,,,,,,,,,,,,,,,,,,,,,,,,,,,,,,,,,,,,,,,,,,,,,,,,,,,,,,,,,,,,,,,,,,,,,,,,,,,,,,,,,,,,,,,,,,,,,,,,,,,,,
Q02,3,0,1,6.48,,region,1,0,never_instantiated,0,,,,,0,0,,nation,5,0,never_instantiated,0,,,,,0,0,,supplier,200535,0,never_instantiated,0,,,,,0,0,partsupp,part,79591,0,never_instantiated,0,,,,,0,0,,,63825,0,never_instantiated,0,,,,,0,0,,,47107,0,never_instantiated,0,,,,,0,0,,region,1,0,never_instantiated,0,,,,,0,0,partsupp,,200535,0,never_instantiated,0,,,,,0,0,supplier,nation,5,0,never_instantiated,0,,,,,0,0
Q03,3,0,1,54.76,,customer,3000188,1,active,14960885,,,,,490811,7578,lineitem,orders,72874383,1,frozen,323494519,115457327,THC-Full,,,917504,1762,,,,,,,,,,,,,,,,,,,,,,,,,,,,,,,,,,,,,,,,,,,,,,,,,,,,,,,,,,,,,,,,,,,,,,,,,,,,,,,,,,,,
Q04,3,0,1,43.65,,,5733776,1,frozen,14498066,2819008,THC-Full,,,458752,36339,lineitem,,5733776,1,frozen,379356321,146165147,THC-Full,,,917504,1368,,,,,,,,,,,,,,,,,,,,,,,,,,,,,,,,,,,,,,,,,,,,,,,,,,,,,,,,,,,,,,,,,,,,,,,,,,,,,,,,,,,,
Q05,3,0,1,85.23,,supplier,1000000,1,active,18210128,,,,,166946,3924,,region,1,0,never_instantiated,0,,,,,0,0,,nation,5,0,never_instantiated,0,,,,,0,0,,customer,2999759,1,frozen,91044214,58292479,THC-Full,,,917504,5056,lineitem,orders,22760819,1,frozen,91260258,8213835,THC-Full,,,917504,25065,,,,,,,,,,,,,,,,,,,,,,,,,,,,,,,,,,,,,,,,,,,,,,,,
Q06,3,0,1,9.10,,,,,,,,,,,,,,,,,,,,,,,,,,,,,,,,,,,,,,,,,,,,,,,,,,,,,,,,,,,,,,,,,,,,,,,,,,,,,,,,,,,,,,,,,,,,,,,,,,,,,,,,,,,,
Q07,3,0,1,22.99,,nation,2,0,never_instantiated,0,,,,,0,0,,supplier,80171,0,never_instantiated,0,,,,,0,0,,nation,2,0,never_instantiated,0,,,,,0,0,,customer,1200139,1,active,1175823,,,,,326151,81269,lineitem,orders,12026518,1,active,1182992,,,,,429960,85768,,,,,,,,,,,,,,,,,,,,,,,,,,,,,,,,,,,,,,,,,,,,,,,,
Q08,3,0,1,26.59,,nation,25,0,never_instantiated,0,,,,,0,0,supplier,,244821,0,never_instantiated,0,,,,,0,0,,region,1,0,never_instantiated,0,,,,,0,0,,part,134258,0,never_instantiated,0,,,,,0,0,,nation,5,0,never_instantiated,0,,,,,0,0,,customer,3001905,1,active,1246109,,,,,115118,19677,lineitem,orders,45574624,1,active,4105418,,,,,604105,30731,,,,,,,,,,,,,,,,,,,,,,,,
Q09,3,0,1,126.72,,nation,25,0,never_instantiated,0,,,,,0,0,,supplier,1000000,0,never_instantiated,0,,,,,0,0,,partsupp,80000000,1,frozen,32636547,1200857,THC-Full,,,458752,98899,,part,1087982,1,frozen,32720442,5803319,THC-Full,,,917504,95299,lineitem,orders,150000000,1,frozen,32720442,2401580,THC-Full,,,917504,89782,,,,,,,,,,,,,,,,,,,,,,,,,,,,,,,,,,,,,,,,,,,,,,,,
Q10,3,0,1,28.33,,nation,25,0,never_instantiated,0,,,,,0,0,customer,,11463171,0,never_instantiated,0,,,,,0,0,lineitem,orders,5730378,1,frozen,11522851,4857506,THC-Full,,,917504,42849,,,,,,,,,,,,,,,,,,,,,,,,,,,,,,,,,,,,,,,,,,,,,,,,,,,,,,,,,,,,,,,,,,,,,,,,
Q11,3,0,1,5.29,partsupp,,40045,0,never_instantiated,0,,,,,0,0,supplier,nation,1,0,never_instantiated,0,,,,,0,0,partsupp,,40045,0,never_instantiated,0,,,,,0,0,supplier,nation,1,0,never_instantiated,0,,,,,0,0,,,,,,,,,,,,,,,,,,,,,,,,,,,,,,,,,,,,,,,,,,,,,,,,,,,,,,,,,,,,
Q12,3,0,1,28.70,orders,lineitem,3115341,1,frozen,150000000,103766016,THC-Full,,,917504,1957,,,,,,,,,,,,,,,,,,,,,,,,,,,,,,,,,,,,,,,,,,,,,,,,,,,,,,,,,,,,,,,,,,,,,,,,,,,,,,,,,,,,,,,,,,,,,,,,
Q13,3,0,1,63.92,orders,customer,15000000,1,frozen,148451295,4663876,THC-Full,,,1835008,100702,,,,,,,,,,,,,,,,,,,,,,,,,,,,,,,,,,,,,,,,,,,,,,,,,,,,,,,,,,,,,,,,,,,,,,,,,,,,,,,,,,,,,,,,,,,,,,,,
Q14,3,0,1,31.66,lineitem,part,20000000,1,frozen,7484260,1200219,THC-Full,,,458752,99778,,,,,,,,,,,,,,,,,,,,,,,,,,,,,,,,,,,,,,,,,,,,,,,,,,,,,,,,,,,,,,,,,,,,,,,,,,,,,,,,,,,,,,,,,,,,,,,,
Q15,3,0,1,12.51,,,1,0,never_instantiated,0,,,,,0,0,supplier,,1000000,1,active,1000000,,,,,388971,100352,,,,,,,,,,,,,,,,,,,,,,,,,,,,,,,,,,,,,,,,,,,,,,,,,,,,,,,,,,,,,,,,,,,,,,,,,,,,,,,,,,,,
Q16,3,0,1,13.13,,supplier,479,0,never_instantiated,0,,,,,0,0,partsupp,,2971749,0,never_instantiated,0,,,,,0,0,part,,8,0,never_instantiated,0,,,,,0,0,,,,,,,,,,,,,,,,,,,,,,,,,,,,,,,,,,,,,,,,,,,,,,,,,,,,,,,,,,,,,,,,,,,,,,,,
Q17,3,0,1,52.39,lineitem,part,20031,0,never_instantiated,0,,,,,0,0,,,600982,1,active,20031,,,,,0,0,lineitem,,20031,0,never_instantiated,0,,,,,0,0,,,,,,,,,,,,,,,,,,,,,,,,,,,,,,,,,,,,,,,,,,,,,,,,,,,,,,,,,,,,,,,,,,,,,,,,
Q18,3,0,1,216.47,,lineitem,6398,0,never_instantiated,0,,,,,0,0,,customer,14999999,1,frozen,600037902,4216832,THC-Full,,,458752,25059,lineitem,orders,150000000,1,frozen,600037902,8230912,THC-Full,,,917504,25092,,,,,,,,,,,,,,,,,,,,,,,,,,,,,,,,,,,,,,,,,,,,,,,,,,,,,,,,,,,,,,,,,,,,,,,,
Q19,3,0,1,44.35,lineitem,part,20000000,1,frozen,21432090,1200726,THC-Full,,,458752,99799,,,,,,,,,,,,,,,,,,,,,,,,,,,,,,,,,,,,,,,,,,,,,,,,,,,,,,,,,,,,,,,,,,,,,,,,,,,,,,,,,,,,,,,,,,,,,,,,
Q20,3,0,1,22.92,,,40207,0,never_instantiated,0,,,,,0,0,partsupp,part,217222,0,never_instantiated,0,,,,,0,0,,,35136,0,never_instantiated,0,,,,,0,0,lineitem,,35136,0,never_instantiated,0,,,,,0,0,supplier,nation,1,0,never_instantiated,0,,,,,0,0,,,,,,,,,,,,,,,,,,,,,,,,,,,,,,,,,,,,,,,,,,,,,,,,
Q21,3,0,1,134.02,,nation,1,0,never_instantiated,0,,,,,0,0,,supplier,39953,0,never_instantiated,0,,,,,0,0,lineitem,orders,73072502,1,frozen,15249101,8892300,THC-Full,,,1835008,46782,,,7313671,1,frozen,29189835,4202283,THC-Full,,,458752,24170,lineitem,,7313658,1,frozen,600037706,174815187,THC-Full,,,917504,1208,,,7048027,1,frozen,18431243,2807488,THC-Full,,,458752,36102,lineitem,,7048014,1,frozen,379356365,114671920,THC-Full,,,917504,1824,,,,,,,,,,,,,,,,,,,,,,,,
Q22,3,0,1,27.35,,,1909668,1,frozen,19088090,1402169,THC-Full,,,458752,95897,orders,,1909668,1,frozen,149999690,34924467,THC-Full,,,917504,12751,,,,,,,,,,,,,,,,,,,,,,,,,,,,,,,,,,,,,,,,,,,,,,,,,,,,,,,,,,,,,,,,,,,,,,,,,,,,,,,,,,,,
Q01,3,1,1,31.61,,,,,,,,,,,,,,,,,,,,,,,,,,,,,,,,,,,,,,,,,,,,,,,,,,,,,,,,,,,,,,,,,,,,,,,,,,,,,,,,,,,,,,,,,,,,,,,,,,,,,,,,,,,,
Q02,3,1,1,6.97,,region,1,0,never_instantiated,0,,,,,0,0,,part,79591,0,never_instantiated,0,,,,,0,0,,nation,5,0,never_instantiated,0,,,,,0,0,partsupp,supplier,200535,0,never_instantiated,0,,,,,0,0,,,63825,0,never_instantiated,0,,,,,0,0,,,47107,0,never_instantiated,0,,,,,0,0,,region,1,0,never_instantiated,0,,,,,0,0,,nation,5,0,never_instantiated,0,,,,,0,0,partsupp,supplier,200535,0,never_instantiated,0,,,,,0,0
Q03,3,1,1,56.36,,customer,3000188,1,active,14960885,,,,,490811,7578,lineitem,orders,72874383,1,frozen,323494519,115457327,THC-Full,,,917504,1762,,,,,,,,,,,,,,,,,,,,,,,,,,,,,,,,,,,,,,,,,,,,,,,,,,,,,,,,,,,,,,,,,,,,,,,,,,,,,,,,,,,,
Q04,3,1,1,44.29,,,5733776,1,frozen,14498066,2819008,THC-Full,,,458752,36339,lineitem,,5733776,1,frozen,379356321,146165147,THC-Full,,,917504,1368,,,,,,,,,,,,,,,,,,,,,,,,,,,,,,,,,,,,,,,,,,,,,,,,,,,,,,,,,,,,,,,,,,,,,,,,,,,,,,,,,,,,
Q05,3,1,1,9999999,,,,,,,,,,,,,,,,,,,,,,,,,,,,,,,,,,,,,,,,,,,,,,,,,,,,,,,,,,,,,,,,,,,,,,,,,,,,,,,,,,,,,,,,,,,,,,,,,,,,,,,,,,,,
Q06,3,1,1,9.21,,,,,,,,,,,,,,,,,,,,,,,,,,,,,,,,,,,,,,,,,,,,,,,,,,,,,,,,,,,,,,,,,,,,,,,,,,,,,,,,,,,,,,,,,,,,,,,,,,,,,,,,,,,,
Q07,3,1,1,23.96,,nation,2,0,never_instantiated,0,,,,,0,0,,customer,1200139,1,active,1171959,,,,,326446,81355,orders,,1179101,0,never_instantiated,0,,,,,0,0,,nation,2,0,never_instantiated,0,,,,,0,0,lineitem,supplier,80171,0,never_instantiated,0,,,,,0,0,,,,,,,,,,,,,,,,,,,,,,,,,,,,,,,,,,,,,,,,,,,,,,,,
Q08,3,1,1,28.68,,region,1,0,never_instantiated,0,,,,,0,0,,nation,5,0,never_instantiated,0,,,,,0,0,,nation,25,0,never_instantiated,0,,,,,0,0,supplier,,244821,0,never_instantiated,0,,,,,0,0,customer,,1222092,0,never_instantiated,0,,,,,0,0,orders,,4025859,0,never_instantiated,0,,,,,0,0,lineitem,part,134258,0,never_instantiated,0,,,,,0,0,,,,,,,,,,,,,,,,,,,,,,,,
Q09,3,1,1,64.36,,nation,25,0,never_instantiated,0,,,,,0,0,,supplier,1000000,0,never_instantiated,0,,,,,0,0,,orders,150000000,1,frozen,32636547,2435630,THC-Full,,,917504,91083,,partsupp,80000000,1,frozen,32636547,1219645,THC-Full,,,458752,100274,lineitem,part,1087982,1,frozen,32720442,5869479,THC-Full,,,917504,96800,,,,,,,,,,,,,,,,,,,,,,,,,,,,,,,,,,,,,,,,,,,,,,,,
Q10,3,1,1,28.80,,nation,25,0,never_instantiated,0,,,,,0,0,customer,,11463171,0,never_instantiated,0,,,,,0,0,lineitem,orders,5730378,1,frozen,11522851,4857506,THC-Full,,,917504,42849,,,,,,,,,,,,,,,,,,,,,,,,,,,,,,,,,,,,,,,,,,,,,,,,,,,,,,,,,,,,,,,,,,,,,,,,
Q11,3,1,1,6.42,,nation,1,0,never_instantiated,0,,,,,0,0,partsupp,supplier,40045,0,never_instantiated,0,,,,,0,0,partsupp,,40045,0,never_instantiated,0,,,,,0,0,supplier,nation,1,0,never_instantiated,0,,,,,0,0,,,,,,,,,,,,,,,,,,,,,,,,,,,,,,,,,,,,,,,,,,,,,,,,,,,,,,,,,,,,
Q12,3,1,1,29.45,orders,lineitem,3115341,1,frozen,150000000,103766016,THC-Full,,,917504,1957,,,,,,,,,,,,,,,,,,,,,,,,,,,,,,,,,,,,,,,,,,,,,,,,,,,,,,,,,,,,,,,,,,,,,,,,,,,,,,,,,,,,,,,,,,,,,,,,
Q13,3,1,1,63.92,orders,customer,15000000,1,frozen,148451295,4663876,THC-Full,,,1835008,100702,,,,,,,,,,,,,,,,,,,,,,,,,,,,,,,,,,,,,,,,,,,,,,,,,,,,,,,,,,,,,,,,,,,,,,,,,,,,,,,,,,,,,,,,,,,,,,,,
Q14,3,1,1,32.28,lineitem,part,20000000,1,frozen,7484260,1200219,THC-Full,,,458752,99778,,,,,,,,,,,,,,,,,,,,,,,,,,,,,,,,,,,,,,,,,,,,,,,,,,,,,,,,,,,,,,,,,,,,,,,,,,,,,,,,,,,,,,,,,,,,,,,,
Q15,3,1,1,12.38,,,1,0,never_instantiated,0,,,,,0,0,supplier,,1000000,1,active,1000000,,,,,388971,100352,,,,,,,,,,,,,,,,,,,,,,,,,,,,,,,,,,,,,,,,,,,,,,,,,,,,,,,,,,,,,,,,,,,,,,,,,,,,,,,,,,,,
Q16,3,1,1,12.89,,supplier,479,0,never_instantiated,0,,,,,0,0,partsupp,,2971749,0,never_instantiated,0,,,,,0,0,part,,8,0,never_instantiated,0,,,,,0,0,,,,,,,,,,,,,,,,,,,,,,,,,,,,,,,,,,,,,,,,,,,,,,,,,,,,,,,,,,,,,,,,,,,,,,,,
Q17,3,1,1,52.74,lineitem,part,20031,0,never_instantiated,0,,,,,0,0,,,600982,1,active,20031,,,,,0,0,lineitem,,20031,0,never_instantiated,0,,,,,0,0,,,,,,,,,,,,,,,,,,,,,,,,,,,,,,,,,,,,,,,,,,,,,,,,,,,,,,,,,,,,,,,,,,,,,,,,
Q18,3,1,1,223.16,,lineitem,6398,0,never_instantiated,0,,,,,0,0,,customer,14999999,1,frozen,600037902,4216832,THC-Full,,,458752,25059,lineitem,orders,150000000,1,frozen,600037902,8230912,THC-Full,,,917504,25092,,,,,,,,,,,,,,,,,,,,,,,,,,,,,,,,,,,,,,,,,,,,,,,,,,,,,,,,,,,,,,,,,,,,,,,,
Q19,3,1,1,43.86,lineitem,part,20000000,1,frozen,21432090,1200726,THC-Full,,,458752,99799,,,,,,,,,,,,,,,,,,,,,,,,,,,,,,,,,,,,,,,,,,,,,,,,,,,,,,,,,,,,,,,,,,,,,,,,,,,,,,,,,,,,,,,,,,,,,,,,
Q20,3,1,1,22.96,,,40207,0,never_instantiated,0,,,,,0,0,partsupp,part,217222,0,never_instantiated,0,,,,,0,0,,,35136,0,never_instantiated,0,,,,,0,0,lineitem,,35136,0,never_instantiated,0,,,,,0,0,supplier,nation,1,0,never_instantiated,0,,,,,0,0,,,,,,,,,,,,,,,,,,,,,,,,,,,,,,,,,,,,,,,,,,,,,,,,
Q21,3,1,1,135.11,orders,,15146702,0,never_instantiated,0,,,,,0,0,,nation,1,0,never_instantiated,0,,,,,0,0,lineitem,supplier,39953,0,never_instantiated,0,,,,,0,0,,,7313671,1,frozen,29189835,4202283,THC-Full,,,458752,24170,lineitem,,7313658,1,frozen,600037706,174815187,THC-Full,,,917504,1208,,,7048027,1,frozen,18431243,2807488,THC-Full,,,458752,36102,lineitem,,7048014,1,frozen,379356365,114671920,THC-Full,,,917504,1824,,,,,,,,,,,,,,,,,,,,,,,,
Q22,3,1,1,26.72,,,1909668,1,frozen,19088090,1402169,THC-Full,,,458752,95897,orders,,1909668,1,frozen,149999690,34924467,THC-Full,,,917504,12751,,,,,,,,,,,,,,,,,,,,,,,,,,,,,,,,,,,,,,,,,,,,,,,,,,,,,,,,,,,,,,,,,,,,,,,,,,,,,,,,,,,,
Q01,3,2,1,31.38,,,,,,,,,,,,,,,,,,,,,,,,,,,,,,,,,,,,,,,,,,,,,,,,,,,,,,,,,,,,,,,,,,,,,,,,,,,,,,,,,,,,,,,,,,,,,,,,,,,,,,,,,,,,
Q02,3,2,1,7.48,,region,1,0,never_instantiated,0,,,,,0,0,,nation,5,0,never_instantiated,0,,,,,0,0,,supplier,200535,0,never_instantiated,0,,,,,0,0,partsupp,part,79591,0,never_instantiated,0,,,,,0,0,,,63825,0,never_instantiated,0,,,,,0,0,,,47107,0,never_instantiated,0,,,,,0,0,,region,1,0,never_instantiated,0,,,,,0,0,,nation,5,0,never_instantiated,0,,,,,0,0,partsupp,supplier,200535,0,never_instantiated,0,,,,,0,0
Q03,3,2,1,55.89,,customer,3000188,1,active,14960885,,,,,490811,7578,lineitem,orders,72874383,1,frozen,323494519,115457327,THC-Full,,,917504,1762,,,,,,,,,,,,,,,,,,,,,,,,,,,,,,,,,,,,,,,,,,,,,,,,,,,,,,,,,,,,,,,,,,,,,,,,,,,,,,,,,,,,
Q04,3,2,1,44.46,,,5733776,1,frozen,14498066,2819008,THC-Full,,,458752,36339,lineitem,,5733776,1,frozen,379356321,146165147,THC-Full,,,917504,1368,,,,,,,,,,,,,,,,,,,,,,,,,,,,,,,,,,,,,,,,,,,,,,,,,,,,,,,,,,,,,,,,,,,,,,,,,,,,,,,,,,,,
Q05,3,2,1,81.66,,region,1,0,never_instantiated,0,,,,,0,0,,supplier,1000000,1,active,18210128,,,,,166946,3924,,nation,5,0,never_instantiated,0,,,,,0,0,,customer,2999759,1,frozen,91044214,58292479,THC-Full,,,917504,5056,lineitem,orders,22760819,1,frozen,91260258,8213835,THC-Full,,,917504,25065,,,,,,,,,,,,,,,,,,,,,,,,,,,,,,,,,,,,,,,,,,,,,,,,
Q06,3,2,1,9.09,,,,,,,,,,,,,,,,,,,,,,,,,,,,,,,,,,,,,,,,,,,,,,,,,,,,,,,,,,,,,,,,,,,,,,,,,,,,,,,,,,,,,,,,,,,,,,,,,,,,,,,,,,,,
Q07,3,2,1,22.75,,nation,2,0,never_instantiated,0,,,,,0,0,,supplier,80171,0,never_instantiated,0,,,,,0,0,,nation,2,0,never_instantiated,0,,,,,0,0,,customer,1200139,1,active,1175823,,,,,326151,81269,lineitem,orders,12026518,1,active,1182992,,,,,429960,85768,,,,,,,,,,,,,,,,,,,,,,,,,,,,,,,,,,,,,,,,,,,,,,,,
Q08,3,2,1,27.16,,region,1,0,never_instantiated,0,,,,,0,0,,nation,5,0,never_instantiated,0,,,,,0,0,customer,,1222092,0,never_instantiated,0,,,,,0,0,,part,134258,0,never_instantiated,0,,,,,0,0,,orders,45574624,1,active,4105418,,,,,604105,30731,,nation,25,0,never_instantiated,0,,,,,0,0,lineitem,supplier,1000000,0,never_instantiated,0,,,,,0,0,,,,,,,,,,,,,,,,,,,,,,,,
Q09,3,2,1,63.15,,nation,25,0,never_instantiated,0,,,,,0,0,,supplier,1000000,0,never_instantiated,0,,,,,0,0,,part,1087982,1,frozen,32720442,5869479,THC-Full,,,917504,96800,,orders,150000000,1,frozen,32720442,2430724,THC-Full,,,917504,91277,lineitem,partsupp,4363044,1,frozen,32720442,1215270,THC-Full,,,458752,100504,,,,,,,,,,,,,,,,,,,,,,,,,,,,,,,,,,,,,,,,,,,,,,,,
Q10,3,2,1,28.35,,nation,25,0,never_instantiated,0,,,,,0,0,customer,,11463171,0,never_instantiated,0,,,,,0,0,lineitem,orders,5730378,1,frozen,11522851,4857506,THC-Full,,,917504,42849,,,,,,,,,,,,,,,,,,,,,,,,,,,,,,,,,,,,,,,,,,,,,,,,,,,,,,,,,,,,,,,,,,,,,,,,
Q11,3,2,1,5.23,partsupp,,40045,0,never_instantiated,0,,,,,0,0,supplier,nation,1,0,never_instantiated,0,,,,,0,0,partsupp,,40045,0,never_instantiated,0,,,,,0,0,supplier,nation,1,0,never_instantiated,0,,,,,0,0,,,,,,,,,,,,,,,,,,,,,,,,,,,,,,,,,,,,,,,,,,,,,,,,,,,,,,,,,,,,
Q12,3,2,1,29.07,orders,lineitem,3115341,1,frozen,150000000,103766016,THC-Full,,,917504,1957,,,,,,,,,,,,,,,,,,,,,,,,,,,,,,,,,,,,,,,,,,,,,,,,,,,,,,,,,,,,,,,,,,,,,,,,,,,,,,,,,,,,,,,,,,,,,,,,
Q13,3,2,1,63.78,orders,customer,15000000,1,frozen,148451295,4663876,THC-Full,,,1835008,100702,,,,,,,,,,,,,,,,,,,,,,,,,,,,,,,,,,,,,,,,,,,,,,,,,,,,,,,,,,,,,,,,,,,,,,,,,,,,,,,,,,,,,,,,,,,,,,,,
Q14,3,2,1,31.48,lineitem,part,20000000,1,frozen,7484260,1200219,THC-Full,,,458752,99778,,,,,,,,,,,,,,,,,,,,,,,,,,,,,,,,,,,,,,,,,,,,,,,,,,,,,,,,,,,,,,,,,,,,,,,,,,,,,,,,,,,,,,,,,,,,,,,,
Q15,3,2,1,12.48,,,1,0,never_instantiated,0,,,,,0,0,supplier,,1000000,1,active,1000000,,,,,388971,100352,,,,,,,,,,,,,,,,,,,,,,,,,,,,,,,,,,,,,,,,,,,,,,,,,,,,,,,,,,,,,,,,,,,,,,,,,,,,,,,,,,,,
Q16,3,2,1,13.29,,supplier,479,0,never_instantiated,0,,,,,0,0,partsupp,,2971749,0,never_instantiated,0,,,,,0,0,part,,8,0,never_instantiated,0,,,,,0,0,,,,,,,,,,,,,,,,,,,,,,,,,,,,,,,,,,,,,,,,,,,,,,,,,,,,,,,,,,,,,,,,,,,,,,,,
Q17,3,2,1,52.43,lineitem,part,20031,0,never_instantiated,0,,,,,0,0,,,600982,1,active,20031,,,,,0,0,lineitem,,20031,0,never_instantiated,0,,,,,0,0,,,,,,,,,,,,,,,,,,,,,,,,,,,,,,,,,,,,,,,,,,,,,,,,,,,,,,,,,,,,,,,,,,,,,,,,
Q18,3,2,1,220.64,,lineitem,6398,0,never_instantiated,0,,,,,0,0,,customer,14999999,1,frozen,600037902,4216832,THC-Full,,,458752,25059,lineitem,orders,150000000,1,frozen,600037902,8230912,THC-Full,,,917504,25092,,,,,,,,,,,,,,,,,,,,,,,,,,,,,,,,,,,,,,,,,,,,,,,,,,,,,,,,,,,,,,,,,,,,,,,,
Q19,3,2,1,44.18,lineitem,part,20000000,1,frozen,21432090,1200726,THC-Full,,,458752,99799,,,,,,,,,,,,,,,,,,,,,,,,,,,,,,,,,,,,,,,,,,,,,,,,,,,,,,,,,,,,,,,,,,,,,,,,,,,,,,,,,,,,,,,,,,,,,,,,
Q20,3,2,1,23.83,,,40207,0,never_instantiated,0,,,,,0,0,partsupp,part,217222,0,never_instantiated,0,,,,,0,0,,,35136,0,never_instantiated,0,,,,,0,0,lineitem,,35136,0,never_instantiated,0,,,,,0,0,supplier,nation,1,0,never_instantiated,0,,,,,0,0,,,,,,,,,,,,,,,,,,,,,,,,,,,,,,,,,,,,,,,,,,,,,,,,
Q21,3,2,1,132.98,,nation,1,0,never_instantiated,0,,,,,0,0,,supplier,39953,0,never_instantiated,0,,,,,0,0,lineitem,orders,73072502,1,frozen,15249101,8892300,THC-Full,,,1835008,46782,,,7313671,1,frozen,29189835,4202283,THC-Full,,,458752,24170,lineitem,,7313658,1,frozen,600037706,174815187,THC-Full,,,917504,1208,,,7048027,1,frozen,18431243,2807488,THC-Full,,,458752,36102,lineitem,,7048014,1,frozen,379356365,114671920,THC-Full,,,917504,1824,,,,,,,,,,,,,,,,,,,,,,,,
Q22,3,2,1,26.79,,,1909668,1,frozen,19088090,1402169,THC-Full,,,458752,95897,orders,,1909668,1,frozen,149999690,34924467,THC-Full,,,917504,12751,,,,,,,,,,,,,,,,,,,,,,,,,,,,,,,,,,,,,,,,,,,,,,,,,,,,,,,,,,,,,,,,,,,,,,,,,,,,,,,,,,,,
Q01,3,3,1,31.14,,,,,,,,,,,,,,,,,,,,,,,,,,,,,,,,,,,,,,,,,,,,,,,,,,,,,,,,,,,,,,,,,,,,,,,,,,,,,,,,,,,,,,,,,,,,,,,,,,,,,,,,,,,,
Q02,3,3,1,6.20,,region,1,0,never_instantiated,0,,,,,0,0,,nation,5,0,never_instantiated,0,,,,,0,0,,part,79591,0,never_instantiated,0,,,,,0,0,partsupp,supplier,200535,0,never_instantiated,0,,,,,0,0,,,63825,0,never_instantiated,0,,,,,0,0,,,47107,0,never_instantiated,0,,,,,0,0,,region,1,0,never_instantiated,0,,,,,0,0,partsupp,,200535,0,never_instantiated,0,,,,,0,0,supplier,nation,5,0,never_instantiated,0,,,,,0,0
Q03,3,3,1,56.17,,customer,3000188,1,active,14960885,,,,,490811,7578,lineitem,orders,72874383,1,frozen,323494519,115457327,THC-Full,,,917504,1762,,,,,,,,,,,,,,,,,,,,,,,,,,,,,,,,,,,,,,,,,,,,,,,,,,,,,,,,,,,,,,,,,,,,,,,,,,,,,,,,,,,,
Q04,3,3,1,44.97,,,5733776,1,frozen,14498066,2819008,THC-Full,,,458752,36339,lineitem,,5733776,1,frozen,379356321,146165147,THC-Full,,,917504,1368,,,,,,,,,,,,,,,,,,,,,,,,,,,,,,,,,,,,,,,,,,,,,,,,,,,,,,,,,,,,,,,,,,,,,,,,,,,,,,,,,,,,
Q05,3,3,1,9999999,,,,,,,,,,,,,,,,,,,,,,,,,,,,,,,,,,,,,,,,,,,,,,,,,,,,,,,,,,,,,,,,,,,,,,,,,,,,,,,,,,,,,,,,,,,,,,,,,,,,,,,,,,,,
Q06,3,3,1,9.08,,,,,,,,,,,,,,,,,,,,,,,,,,,,,,,,,,,,,,,,,,,,,,,,,,,,,,,,,,,,,,,,,,,,,,,,,,,,,,,,,,,,,,,,,,,,,,,,,,,,,,,,,,,,
Q07,3,3,1,23.09,,nation,2,0,never_instantiated,0,,,,,0,0,,customer,1200139,1,active,1171959,,,,,326446,81355,,nation,2,0,never_instantiated,0,,,,,0,0,orders,,1179101,0,never_instantiated,0,,,,,0,0,lineitem,supplier,80171,0,never_instantiated,0,,,,,0,0,,,,,,,,,,,,,,,,,,,,,,,,,,,,,,,,,,,,,,,,,,,,,,,,
Q08,3,3,1,26.57,,region,1,0,never_instantiated,0,,,,,0,0,,nation,25,0,never_instantiated,0,,,,,0,0,,part,134258,0,never_instantiated,0,,,,,0,0,,nation,5,0,never_instantiated,0,,,,,0,0,,supplier,1000000,0,never_instantiated,0,,,,,0,0,,customer,3001905,1,active,1246109,,,,,115118,19677,lineitem,orders,45574624,1,active,4105418,,,,,604105,30731,,,,,,,,,,,,,,,,,,,,,,,,
Q09,3,3,1,63.77,,orders,150000000,1,frozen,32636547,2435630,THC-Full,,,917504,91083,,nation,25,0,never_instantiated,0,,,,,0,0,,part,1087982,1,frozen,32720442,5869479,THC-Full,,,917504,96800,,partsupp,4363044,1,frozen,32720442,1215270,THC-Full,,,458752,100504,lineitem,supplier,1000000,0,never_instantiated,0,,,,,0,0,,,,,,,,,,,,,,,,,,,,,,,,,,,,,,,,,,,,,,,,,,,,,,,,
Q10,3,3,1,28.36,,nation,25,0,never_instantiated,0,,,,,0,0,customer,,11463171,0,never_instantiated,0,,,,,0,0,lineitem,orders,5730378,1,frozen,11522851,4857506,THC-Full,,,917504,42849,,,,,,,,,,,,,,,,,,,,,,,,,,,,,,,,,,,,,,,,,,,,,,,,,,,,,,,,,,,,,,,,,,,,,,,,
Q11,3,3,1,6.40,,nation,1,0,never_instantiated,0,,,,,0,0,partsupp,supplier,40045,0,never_instantiated,0,,,,,0,0,partsupp,,40045,0,never_instantiated,0,,,,,0,0,supplier,nation,1,0,never_instantiated,0,,,,,0,0,,,,,,,,,,,,,,,,,,,,,,,,,,,,,,,,,,,,,,,,,,,,,,,,,,,,,,,,,,,,
Q12,3,3,1,29.15,orders,lineitem,3115341,1,frozen,150000000,103766016,THC-Full,,,917504,1957,,,,,,,,,,,,,,,,,,,,,,,,,,,,,,,,,,,,,,,,,,,,,,,,,,,,,,,,,,,,,,,,,,,,,,,,,,,,,,,,,,,,,,,,,,,,,,,,
Q13,3,3,1,63.05,orders,customer,15000000,1,frozen,148451295,4663876,THC-Full,,,1835008,100702,,,,,,,,,,,,,,,,,,,,,,,,,,,,,,,,,,,,,,,,,,,,,,,,,,,,,,,,,,,,,,,,,,,,,,,,,,,,,,,,,,,,,,,,,,,,,,,,
Q14,3,3,1,32.02,lineitem,part,20000000,1,frozen,7484260,1200219,THC-Full,,,458752,99778,,,,,,,,,,,,,,,,,,,,,,,,,,,,,,,,,,,,,,,,,,,,,,,,,,,,,,,,,,,,,,,,,,,,,,,,,,,,,,,,,,,,,,,,,,,,,,,,
Q15,3,3,1,12.50,,,1,0,never_instantiated,0,,,,,0,0,supplier,,1000000,1,active,1000000,,,,,388971,100352,,,,,,,,,,,,,,,,,,,,,,,,,,,,,,,,,,,,,,,,,,,,,,,,,,,,,,,,,,,,,,,,,,,,,,,,,,,,,,,,,,,,
Q16,3,3,1,13.24,,supplier,479,0,never_instantiated,0,,,,,0,0,partsupp,,2971749,0,never_instantiated,0,,,,,0,0,part,,8,0,never_instantiated,0,,,,,0,0,,,,,,,,,,,,,,,,,,,,,,,,,,,,,,,,,,,,,,,,,,,,,,,,,,,,,,,,,,,,,,,,,,,,,,,,
Q17,3,3,1,52.32,lineitem,part,20031,0,never_instantiated,0,,,,,0,0,,,600982,1,active,20031,,,,,0,0,lineitem,,20031,0,never_instantiated,0,,,,,0,0,,,,,,,,,,,,,,,,,,,,,,,,,,,,,,,,,,,,,,,,,,,,,,,,,,,,,,,,,,,,,,,,,,,,,,,,
Q18,3,3,1,222.91,,lineitem,6398,0,never_instantiated,0,,,,,0,0,,customer,14999999,1,frozen,600037902,4216832,THC-Full,,,458752,25059,lineitem,orders,150000000,1,frozen,600037902,8230912,THC-Full,,,917504,25092,,,,,,,,,,,,,,,,,,,,,,,,,,,,,,,,,,,,,,,,,,,,,,,,,,,,,,,,,,,,,,,,,,,,,,,,
Q19,3,3,1,44.75,lineitem,part,20000000,1,frozen,21432090,1200726,THC-Full,,,458752,99799,,,,,,,,,,,,,,,,,,,,,,,,,,,,,,,,,,,,,,,,,,,,,,,,,,,,,,,,,,,,,,,,,,,,,,,,,,,,,,,,,,,,,,,,,,,,,,,,
Q20,3,3,1,22.99,,,40207,0,never_instantiated,0,,,,,0,0,partsupp,part,217222,0,never_instantiated,0,,,,,0,0,,,35136,0,never_instantiated,0,,,,,0,0,lineitem,,35136,0,never_instantiated,0,,,,,0,0,supplier,nation,1,0,never_instantiated,0,,,,,0,0,,,,,,,,,,,,,,,,,,,,,,,,,,,,,,,,,,,,,,,,,,,,,,,,
Q21,3,3,1,133.35,,nation,1,0,never_instantiated,0,,,,,0,0,,orders,73072502,1,frozen,15146702,8886185,THC-Full,,,1835008,46150,lineitem,supplier,39953,0,never_instantiated,0,,,,,0,0,,,7313671,1,frozen,29189835,4202283,THC-Full,,,458752,24170,lineitem,,7313658,1,frozen,600037706,174815187,THC-Full,,,917504,1208,,,7048027,1,frozen,18431243,2807488,THC-Full,,,458752,36102,lineitem,,7048014,1,frozen,379356365,114671920,THC-Full,,,917504,1824,,,,,,,,,,,,,,,,,,,,,,,,
Q22,3,3,1,27.72,,,1909668,1,frozen,19088090,1402169,THC-Full,,,458752,95897,orders,,1909668,1,frozen,149999690,34924467,THC-Full,,,917504,12751,,,,,,,,,,,,,,,,,,,,,,,,,,,,,,,,,,,,,,,,,,,,,,,,,,,,,,,,,,,,,,,,,,,,,,,,,,,,,,,,,,,,
Q01,3,4,1,30.94,,,,,,,,,,,,,,,,,,,,,,,,,,,,,,,,,,,,,,,,,,,,,,,,,,,,,,,,,,,,,,,,,,,,,,,,,,,,,,,,,,,,,,,,,,,,,,,,,,,,,,,,,,,,
Q02,3,4,1,6.51,,region,1,0,never_instantiated,0,,,,,0,0,,nation,5,0,never_instantiated,0,,,,,0,0,,supplier,200535,0,never_instantiated,0,,,,,0,0,partsupp,part,79591,0,never_instantiated,0,,,,,0,0,,,63825,0,never_instantiated,0,,,,,0,0,,,47107,0,never_instantiated,0,,,,,0,0,,region,1,0,never_instantiated,0,,,,,0,0,partsupp,,200535,0,never_instantiated,0,,,,,0,0,supplier,nation,5,0,never_instantiated,0,,,,,0,0
Q03,3,4,1,56.06,,customer,3000188,1,active,14960885,,,,,490811,7578,lineitem,orders,72874383,1,frozen,323494519,115457327,THC-Full,,,917504,1762,,,,,,,,,,,,,,,,,,,,,,,,,,,,,,,,,,,,,,,,,,,,,,,,,,,,,,,,,,,,,,,,,,,,,,,,,,,,,,,,,,,,
Q04,3,4,1,45.63,,,5733776,1,frozen,14498066,2819008,THC-Full,,,458752,36339,lineitem,,5733776,1,frozen,379356321,146165147,THC-Full,,,917504,1368,,,,,,,,,,,,,,,,,,,,,,,,,,,,,,,,,,,,,,,,,,,,,,,,,,,,,,,,,,,,,,,,,,,,,,,,,,,,,,,,,,,,
Q05,3,4,1,78.79,,region,1,0,never_instantiated,0,,,,,0,0,,nation,5,0,never_instantiated,0,,,,,0,0,,supplier,1000000,1,active,18210128,,,,,166946,3924,,customer,2999759,1,frozen,91044214,58292479,THC-Full,,,917504,5056,lineitem,orders,22760819,1,frozen,91260258,8213835,THC-Full,,,917504,25065,,,,,,,,,,,,,,,,,,,,,,,,,,,,,,,,,,,,,,,,,,,,,,,,
Q06,3,4,1,9.07,,,,,,,,,,,,,,,,,,,,,,,,,,,,,,,,,,,,,,,,,,,,,,,,,,,,,,,,,,,,,,,,,,,,,,,,,,,,,,,,,,,,,,,,,,,,,,,,,,,,,,,,,,,,
Q07,3,4,1,23.08,,nation,2,0,never_instantiated,0,,,,,0,0,,nation,2,0,never_instantiated,0,,,,,0,0,,supplier,80171,0,never_instantiated,0,,,,,0,0,,customer,1200139,1,active,1175823,,,,,326151,81269,lineitem,orders,12026518,1,active,1182992,,,,,429960,85768,,,,,,,,,,,,,,,,,,,,,,,,,,,,,,,,,,,,,,,,,,,,,,,,
Q08,3,4,1,28.86,,region,1,0,never_instantiated,0,,,,,0,0,,nation,25,0,never_instantiated,0,,,,,0,0,,nation,5,0,never_instantiated,0,,,,,0,0,customer,,1222092,0,never_instantiated,0,,,,,0,0,supplier,,1222092,0,never_instantiated,0,,,,,0,0,orders,,4025859,0,never_instantiated,0,,,,,0,0,lineitem,part,134258,0,never_instantiated,0,,,,,0,0,,,,,,,,,,,,,,,,,,,,,,,,
Q09,3,4,1,128.66,,partsupp,80000000,1,frozen,32636547,1200857,THC-Full,,,458752,98899,,nation,25,0,never_instantiated,0,,,,,0,0,,part,1087982,1,frozen,32720442,5803319,THC-Full,,,917504,95299,,supplier,1000000,0,never_instantiated,0,,,,,0,0,lineitem,orders,150000000,1,frozen,32720442,2401580,THC-Full,,,917504,89782,,,,,,,,,,,,,,,,,,,,,,,,,,,,,,,,,,,,,,,,,,,,,,,,
Q10,3,4,1,28.66,,nation,25,0,never_instantiated,0,,,,,0,0,customer,,11463171,0,never_instantiated,0,,,,,0,0,lineitem,orders,5730378,1,frozen,11522851,4857506,THC-Full,,,917504,42849,,,,,,,,,,,,,,,,,,,,,,,,,,,,,,,,,,,,,,,,,,,,,,,,,,,,,,,,,,,,,,,,,,,,,,,,
Q11,3,4,1,6.22,partsupp,,40045,0,never_instantiated,0,,,,,0,0,supplier,nation,1,0,never_instantiated,0,,,,,0,0,,nation,1,0,never_instantiated,0,,,,,0,0,partsupp,supplier,40045,0,never_instantiated,0,,,,,0,0,,,,,,,,,,,,,,,,,,,,,,,,,,,,,,,,,,,,,,,,,,,,,,,,,,,,,,,,,,,,
Q12,3,4,1,28.84,orders,lineitem,3115341,1,frozen,150000000,103766016,THC-Full,,,917504,1957,,,,,,,,,,,,,,,,,,,,,,,,,,,,,,,,,,,,,,,,,,,,,,,,,,,,,,,,,,,,,,,,,,,,,,,,,,,,,,,,,,,,,,,,,,,,,,,,
Q13,3,4,1,64.03,orders,customer,15000000,1,frozen,148451295,4663876,THC-Full,,,1835008,100702,,,,,,,,,,,,,,,,,,,,,,,,,,,,,,,,,,,,,,,,,,,,,,,,,,,,,,,,,,,,,,,,,,,,,,,,,,,,,,,,,,,,,,,,,,,,,,,,
Q14,3,4,1,31.57,lineitem,part,20000000,1,frozen,7484260,1200219,THC-Full,,,458752,99778,,,,,,,,,,,,,,,,,,,,,,,,,,,,,,,,,,,,,,,,,,,,,,,,,,,,,,,,,,,,,,,,,,,,,,,,,,,,,,,,,,,,,,,,,,,,,,,,
Q15,3,4,1,12.63,,,1,0,never_instantiated,0,,,,,0,0,supplier,,1000000,1,active,1000000,,,,,388971,100352,,,,,,,,,,,,,,,,,,,,,,,,,,,,,,,,,,,,,,,,,,,,,,,,,,,,,,,,,,,,,,,,,,,,,,,,,,,,,,,,,,,,
Q16,3,4,1,13.06,,supplier,479,0,never_instantiated,0,,,,,0,0,partsupp,,2971749,0,never_instantiated,0,,,,,0,0,part,,8,0,never_instantiated,0,,,,,0,0,,,,,,,,,,,,,,,,,,,,,,,,,,,,,,,,,,,,,,,,,,,,,,,,,,,,,,,,,,,,,,,,,,,,,,,,
Q17,3,4,1,52.55,lineitem,part,20031,0,never_instantiated,0,,,,,0,0,,,600982,1,active,20031,,,,,0,0,lineitem,,20031,0,never_instantiated,0,,,,,0,0,,,,,,,,,,,,,,,,,,,,,,,,,,,,,,,,,,,,,,,,,,,,,,,,,,,,,,,,,,,,,,,,,,,,,,,,
Q18,3,4,1,221.33,,lineitem,6398,0,never_instantiated,0,,,,,0,0,,customer,14999999,1,frozen,600037902,4216832,THC-Full,,,458752,25059,lineitem,orders,150000000,1,frozen,600037902,8230912,THC-Full,,,917504,25092,,,,,,,,,,,,,,,,,,,,,,,,,,,,,,,,,,,,,,,,,,,,,,,,,,,,,,,,,,,,,,,,,,,,,,,,
Q19,3,4,1,43.90,lineitem,part,20000000,1,frozen,21432090,1200726,THC-Full,,,458752,99799,,,,,,,,,,,,,,,,,,,,,,,,,,,,,,,,,,,,,,,,,,,,,,,,,,,,,,,,,,,,,,,,,,,,,,,,,,,,,,,,,,,,,,,,,,,,,,,,
Q20,3,4,1,23.61,,,40207,0,never_instantiated,0,,,,,0,0,partsupp,part,217222,0,never_instantiated,0,,,,,0,0,,,35136,0,never_instantiated,0,,,,,0,0,lineitem,,35136,0,never_instantiated,0,,,,,0,0,supplier,nation,1,0,never_instantiated,0,,,,,0,0,,,,,,,,,,,,,,,,,,,,,,,,,,,,,,,,,,,,,,,,,,,,,,,,
Q21,3,4,1,132.82,,nation,1,0,never_instantiated,0,,,,,0,0,,supplier,39953,0,never_instantiated,0,,,,,0,0,lineitem,orders,73072502,1,frozen,15249101,8892300,THC-Full,,,1835008,46782,,,7313671,1,frozen,29189835,4202283,THC-Full,,,458752,24170,lineitem,,7313658,1,frozen,600037706,174815187,THC-Full,,,917504,1208,,,7048027,1,frozen,18431243,2807488,THC-Full,,,458752,36102,lineitem,,7048014,1,frozen,379356365,114671920,THC-Full,,,917504,1824,,,,,,,,,,,,,,,,,,,,,,,,
Q22,3,4,1,27.21,,,1909668,1,frozen,19088090,1402169,THC-Full,,,458752,95897,orders,,1909668,1,frozen,149999690,34924467,THC-Full,,,917504,12751,,,,,,,,,,,,,,,,,,,,,,,,,,,,,,,,,,,,,,,,,,,,,,,,,,,,,,,,,,,,,,,,,,,,,,,,,,,,,,,,,,,,
Q01,3,5,1,31.17,,,,,,,,,,,,,,,,,,,,,,,,,,,,,,,,,,,,,,,,,,,,,,,,,,,,,,,,,,,,,,,,,,,,,,,,,,,,,,,,,,,,,,,,,,,,,,,,,,,,,,,,,,,,
Q02,3,5,1,7.03,,region,1,0,never_instantiated,0,,,,,0,0,,nation,5,0,never_instantiated,0,,,,,0,0,,part,79591,0,never_instantiated,0,,,,,0,0,partsupp,supplier,200535,0,never_instantiated,0,,,,,0,0,,,63825,0,never_instantiated,0,,,,,0,0,,,47107,0,never_instantiated,0,,,,,0,0,,region,1,0,never_instantiated,0,,,,,0,0,,nation,5,0,never_instantiated,0,,,,,0,0,partsupp,supplier,200535,0,never_instantiated,0,,,,,0,0
Q03,3,5,1,55.33,,customer,3000188,1,active,14960885,,,,,490811,7578,lineitem,orders,72874383,1,frozen,323494519,115457327,THC-Full,,,917504,1762,,,,,,,,,,,,,,,,,,,,,,,,,,,,,,,,,,,,,,,,,,,,,,,,,,,,,,,,,,,,,,,,,,,,,,,,,,,,,,,,,,,,
Q04,3,5,1,45.27,,,5733776,1,frozen,14498066,2819008,THC-Full,,,458752,36339,lineitem,,5733776,1,frozen,379356321,146165147,THC-Full,,,917504,1368,,,,,,,,,,,,,,,,,,,,,,,,,,,,,,,,,,,,,,,,,,,,,,,,,,,,,,,,,,,,,,,,,,,,,,,,,,,,,,,,,,,,
Q05,3,5,1,9999999,,,,,,,,,,,,,,,,,,,,,,,,,,,,,,,,,,,,,,,,,,,,,,,,,,,,,,,,,,,,,,,,,,,,,,,,,,,,,,,,,,,,,,,,,,,,,,,,,,,,,,,,,,,,
Q06,3,5,1,9.13,,,,,,,,,,,,,,,,,,,,,,,,,,,,,,,,,,,,,,,,,,,,,,,,,,,,,,,,,,,,,,,,,,,,,,,,,,,,,,,,,,,,,,,,,,,,,,,,,,,,,,,,,,,,
Q07,3,5,1,23.40,,nation,2,0,never_instantiated,0,,,,,0,0,,customer,1200139,1,active,1171959,,,,,326446,81355,,nation,2,0,never_instantiated,0,,,,,0,0,orders,,1179101,0,never_instantiated,0,,,,,0,0,lineitem,supplier,80171,0,never_instantiated,0,,,,,0,0,,,,,,,,,,,,,,,,,,,,,,,,,,,,,,,,,,,,,,,,,,,,,,,,
Q08,3,5,1,26.44,,region,1,0,never_instantiated,0,,,,,0,0,,nation,5,0,never_instantiated,0,,,,,0,0,,part,134258,0,never_instantiated,0,,,,,0,0,,customer,3001905,1,active,1246109,,,,,115118,19677,,orders,45574624,1,active,4105418,,,,,604105,30731,,nation,25,0,never_instantiated,0,,,,,0,0,lineitem,supplier,1000000,0,never_instantiated,0,,,,,0,0,,,,,,,,,,,,,,,,,,,,,,,,
Q09,3,5,1,64.27,,nation,25,0,never_instantiated,0,,,,,0,0,,supplier,1000000,0,never_instantiated,0,,,,,0,0,,partsupp,80000000,1,frozen,32636547,1219645,THC-Full,,,458752,100274,,orders,150000000,1,frozen,32636547,2435630,THC-Full,,,917504,91083,lineitem,part,1087982,1,frozen,32720442,5869479,THC-Full,,,917504,96800,,,,,,,,,,,,,,,,,,,,,,,,,,,,,,,,,,,,,,,,,,,,,,,,
Q10,3,5,1,28.39,,nation,25,0,never_instantiated,0,,,,,0,0,customer,,11463171,0,never_instantiated,0,,,,,0,0,lineitem,orders,5730378,1,frozen,11522851,4857506,THC-Full,,,917504,42849,,,,,,,,,,,,,,,,,,,,,,,,,,,,,,,,,,,,,,,,,,,,,,,,,,,,,,,,,,,,,,,,,,,,,,,,
Q11,3,5,1,6.31,,nation,1,0,never_instantiated,0,,,,,0,0,partsupp,supplier,40045,0,never_instantiated,0,,,,,0,0,partsupp,,40045,0,never_instantiated,0,,,,,0,0,supplier,nation,1,0,never_instantiated,0,,,,,0,0,,,,,,,,,,,,,,,,,,,,,,,,,,,,,,,,,,,,,,,,,,,,,,,,,,,,,,,,,,,,
Q12,3,5,1,28.54,orders,lineitem,3115341,1,frozen,150000000,103766016,THC-Full,,,917504,1957,,,,,,,,,,,,,,,,,,,,,,,,,,,,,,,,,,,,,,,,,,,,,,,,,,,,,,,,,,,,,,,,,,,,,,,,,,,,,,,,,,,,,,,,,,,,,,,,
Q13,3,5,1,63.67,orders,customer,15000000,1,frozen,148451295,4663876,THC-Full,,,1835008,100702,,,,,,,,,,,,,,,,,,,,,,,,,,,,,,,,,,,,,,,,,,,,,,,,,,,,,,,,,,,,,,,,,,,,,,,,,,,,,,,,,,,,,,,,,,,,,,,,
Q14,3,5,1,31.45,lineitem,part,20000000,1,frozen,7484260,1200219,THC-Full,,,458752,99778,,,,,,,,,,,,,,,,,,,,,,,,,,,,,,,,,,,,,,,,,,,,,,,,,,,,,,,,,,,,,,,,,,,,,,,,,,,,,,,,,,,,,,,,,,,,,,,,
Q15,3,5,1,12.37,,,1,0,never_instantiated,0,,,,,0,0,supplier,,1000000,1,active,1000000,,,,,388971,100352,,,,,,,,,,,,,,,,,,,,,,,,,,,,,,,,,,,,,,,,,,,,,,,,,,,,,,,,,,,,,,,,,,,,,,,,,,,,,,,,,,,,
Q16,3,5,1,13.05,,supplier,479,0,never_instantiated,0,,,,,0,0,partsupp,,2971749,0,never_instantiated,0,,,,,0,0,part,,8,0,never_instantiated,0,,,,,0,0,,,,,,,,,,,,,,,,,,,,,,,,,,,,,,,,,,,,,,,,,,,,,,,,,,,,,,,,,,,,,,,,,,,,,,,,
Q17,3,5,1,52.42,lineitem,part,20031,0,never_instantiated,0,,,,,0,0,,,600982,1,active,20031,,,,,0,0,lineitem,,20031,0,never_instantiated,0,,,,,0,0,,,,,,,,,,,,,,,,,,,,,,,,,,,,,,,,,,,,,,,,,,,,,,,,,,,,,,,,,,,,,,,,,,,,,,,,
Q18,3,5,1,217.84,,lineitem,6398,0,never_instantiated,0,,,,,0,0,,customer,14999999,1,frozen,600037902,4216832,THC-Full,,,458752,25059,lineitem,orders,150000000,1,frozen,600037902,8230912,THC-Full,,,917504,25092,,,,,,,,,,,,,,,,,,,,,,,,,,,,,,,,,,,,,,,,,,,,,,,,,,,,,,,,,,,,,,,,,,,,,,,,
Q19,3,5,1,44.65,lineitem,part,20000000,1,frozen,21432090,1200726,THC-Full,,,458752,99799,,,,,,,,,,,,,,,,,,,,,,,,,,,,,,,,,,,,,,,,,,,,,,,,,,,,,,,,,,,,,,,,,,,,,,,,,,,,,,,,,,,,,,,,,,,,,,,,
Q20,3,5,1,23.03,,,40207,0,never_instantiated,0,,,,,0,0,partsupp,part,217222,0,never_instantiated,0,,,,,0,0,,,35136,0,never_instantiated,0,,,,,0,0,lineitem,,35136,0,never_instantiated,0,,,,,0,0,supplier,nation,1,0,never_instantiated,0,,,,,0,0,,,,,,,,,,,,,,,,,,,,,,,,,,,,,,,,,,,,,,,,,,,,,,,,
Q21,3,5,1,134.01,,nation,1,0,never_instantiated,0,,,,,0,0,,orders,73072502,1,frozen,15146702,8886185,THC-Full,,,1835008,46150,lineitem,supplier,39953,0,never_instantiated,0,,,,,0,0,,,7313671,1,frozen,29189835,4202283,THC-Full,,,458752,24170,lineitem,,7313658,1,frozen,600037706,174815187,THC-Full,,,917504,1208,,,7048027,1,frozen,18431243,2807488,THC-Full,,,458752,36102,lineitem,,7048014,1,frozen,379356365,114671920,THC-Full,,,917504,1824,,,,,,,,,,,,,,,,,,,,,,,,
Q22,3,5,1,26.82,,,1909668,1,frozen,19088090,1402169,THC-Full,,,458752,95897,orders,,1909668,1,frozen,149999690,34924467,THC-Full,,,917504,12751,,,,,,,,,,,,,,,,,,,,,,,,,,,,,,,,,,,,,,,,,,,,,,,,,,,,,,,,,,,,,,,,,,,,,,,,,,,,,,,,,,,,
Q01,3,6,1,31.09,,,,,,,,,,,,,,,,,,,,,,,,,,,,,,,,,,,,,,,,,,,,,,,,,,,,,,,,,,,,,,,,,,,,,,,,,,,,,,,,,,,,,,,,,,,,,,,,,,,,,,,,,,,,
Q02,3,6,1,6.38,,region,1,0,never_instantiated,0,,,,,0,0,,nation,5,0,never_instantiated,0,,,,,0,0,,supplier,200535,0,never_instantiated,0,,,,,0,0,partsupp,part,79591,0,never_instantiated,0,,,,,0,0,,,63825,0,never_instantiated,0,,,,,0,0,,,47107,0,never_instantiated,0,,,,,0,0,,region,1,0,never_instantiated,0,,,,,0,0,partsupp,,200535,0,never_instantiated,0,,,,,0,0,supplier,nation,5,0,never_instantiated,0,,,,,0,0
Q03,3,6,1,55.91,,customer,3000188,1,active,14960885,,,,,490811,7578,lineitem,orders,72874383,1,frozen,323494519,115457327,THC-Full,,,917504,1762,,,,,,,,,,,,,,,,,,,,,,,,,,,,,,,,,,,,,,,,,,,,,,,,,,,,,,,,,,,,,,,,,,,,,,,,,,,,,,,,,,,,
Q04,3,6,1,43.88,,,5733776,1,frozen,14498066,2819008,THC-Full,,,458752,36339,lineitem,,5733776,1,frozen,379356321,146165147,THC-Full,,,917504,1368,,,,,,,,,,,,,,,,,,,,,,,,,,,,,,,,,,,,,,,,,,,,,,,,,,,,,,,,,,,,,,,,,,,,,,,,,,,,,,,,,,,,
Q05,3,6,1,71.75,,region,1,0,never_instantiated,0,,,,,0,0,,nation,5,0,never_instantiated,0,,,,,0,0,,customer,14999999,1,active,18199912,,,,,305917,3748,,supplier,199889,0,never_instantiated,0,,,,,0,0,lineitem,orders,22760819,1,frozen,91258831,8213702,THC-Full,,,917504,25065,,,,,,,,,,,,,,,,,,,,,,,,,,,,,,,,,,,,,,,,,,,,,,,,
Q06,3,6,1,9.11,,,,,,,,,,,,,,,,,,,,,,,,,,,,,,,,,,,,,,,,,,,,,,,,,,,,,,,,,,,,,,,,,,,,,,,,,,,,,,,,,,,,,,,,,,,,,,,,,,,,,,,,,,,,
Q07,3,6,1,22.93,,nation,2,0,never_instantiated,0,,,,,0,0,,customer,1200139,1,active,1171959,,,,,326423,81334,,nation,2,0,never_instantiated,0,,,,,0,0,,supplier,80171,0,never_instantiated,0,,,,,0,0,lineitem,orders,12026518,1,active,1182992,,,,,429960,85768,,,,,,,,,,,,,,,,,,,,,,,,,,,,,,,,,,,,,,,,,,,,,,,,
Q08,3,6,1,26.11,,region,1,0,never_instantiated,0,,,,,0,0,,nation,25,0,never_instantiated,0,,,,,0,0,,nation,5,0,never_instantiated,0,,,,,0,0,supplier,,244821,0,never_instantiated,0,,,,,0,0,customer,,1222092,0,never_instantiated,0,,,,,0,0,,part,134258,0,never_instantiated,0,,,,,0,0,lineitem,orders,45574624,1,active,4105418,,,,,604105,30731,,,,,,,,,,,,,,,,,,,,,,,,
Q09,3,6,1,64.03,,nation,25,0,never_instantiated,0,,,,,0,0,,supplier,1000000,0,never_instantiated,0,,,,,0,0,,orders,150000000,1,frozen,32636547,2435630,THC-Full,,,917504,91083,,part,1087982,1,frozen,32720442,5869479,THC-Full,,,917504,96800,lineitem,partsupp,80000000,1,frozen,32720442,1215270,THC-Full,,,458752,100504,,,,,,,,,,,,,,,,,,,,,,,,,,,,,,,,,,,,,,,,,,,,,,,,
Q10,3,6,1,28.58,,nation,25,0,never_instantiated,0,,,,,0,0,customer,,11463171,0,never_instantiated,0,,,,,0,0,lineitem,orders,5730378,1,frozen,11522851,4857506,THC-Full,,,917504,42849,,,,,,,,,,,,,,,,,,,,,,,,,,,,,,,,,,,,,,,,,,,,,,,,,,,,,,,,,,,,,,,,,,,,,,,,
Q11,3,6,1,5.30,partsupp,,40045,0,never_instantiated,0,,,,,0,0,supplier,nation,1,0,never_instantiated,0,,,,,0,0,partsupp,,40045,0,never_instantiated,0,,,,,0,0,supplier,nation,1,0,never_instantiated,0,,,,,0,0,,,,,,,,,,,,,,,,,,,,,,,,,,,,,,,,,,,,,,,,,,,,,,,,,,,,,,,,,,,,
Q12,3,6,1,28.42,orders,lineitem,3115341,1,frozen,150000000,103766016,THC-Full,,,917504,1957,,,,,,,,,,,,,,,,,,,,,,,,,,,,,,,,,,,,,,,,,,,,,,,,,,,,,,,,,,,,,,,,,,,,,,,,,,,,,,,,,,,,,,,,,,,,,,,,
Q13,3,6,1,63.47,orders,customer,15000000,1,frozen,148451295,4663876,THC-Full,,,1835008,100702,,,,,,,,,,,,,,,,,,,,,,,,,,,,,,,,,,,,,,,,,,,,,,,,,,,,,,,,,,,,,,,,,,,,,,,,,,,,,,,,,,,,,,,,,,,,,,,,
Q14,3,6,1,31.70,lineitem,part,20000000,1,frozen,7484260,1200219,THC-Full,,,458752,99778,,,,,,,,,,,,,,,,,,,,,,,,,,,,,,,,,,,,,,,,,,,,,,,,,,,,,,,,,,,,,,,,,,,,,,,,,,,,,,,,,,,,,,,,,,,,,,,,
Q15,3,6,1,12.42,,,1,0,never_instantiated,0,,,,,0,0,supplier,,1000000,1,active,1000000,,,,,388971,100352,,,,,,,,,,,,,,,,,,,,,,,,,,,,,,,,,,,,,,,,,,,,,,,,,,,,,,,,,,,,,,,,,,,,,,,,,,,,,,,,,,,,
Q16,3,6,1,13.41,,supplier,479,0,never_instantiated,0,,,,,0,0,partsupp,,2971749,0,never_instantiated,0,,,,,0,0,part,,8,0,never_instantiated,0,,,,,0,0,,,,,,,,,,,,,,,,,,,,,,,,,,,,,,,,,,,,,,,,,,,,,,,,,,,,,,,,,,,,,,,,,,,,,,,,
Q17,3,6,1,52.89,lineitem,part,20031,0,never_instantiated,0,,,,,0,0,,,600982,1,active,20031,,,,,0,0,lineitem,,20031,0,never_instantiated,0,,,,,0,0,,,,,,,,,,,,,,,,,,,,,,,,,,,,,,,,,,,,,,,,,,,,,,,,,,,,,,,,,,,,,,,,,,,,,,,,
Q18,3,6,1,222.96,,lineitem,6398,0,never_instantiated,0,,,,,0,0,,customer,14999999,1,frozen,600037902,4216832,THC-Full,,,458752,25059,lineitem,orders,150000000,1,frozen,600037902,8230912,THC-Full,,,917504,25092,,,,,,,,,,,,,,,,,,,,,,,,,,,,,,,,,,,,,,,,,,,,,,,,,,,,,,,,,,,,,,,,,,,,,,,,
Q19,3,6,1,44.24,lineitem,part,20000000,1,frozen,21432090,1200726,THC-Full,,,458752,99799,,,,,,,,,,,,,,,,,,,,,,,,,,,,,,,,,,,,,,,,,,,,,,,,,,,,,,,,,,,,,,,,,,,,,,,,,,,,,,,,,,,,,,,,,,,,,,,,
Q20,3,6,1,22.91,,,40207,0,never_instantiated,0,,,,,0,0,partsupp,part,217222,0,never_instantiated,0,,,,,0,0,,,35136,0,never_instantiated,0,,,,,0,0,lineitem,,35136,0,never_instantiated,0,,,,,0,0,supplier,nation,1,0,never_instantiated,0,,,,,0,0,,,,,,,,,,,,,,,,,,,,,,,,,,,,,,,,,,,,,,,,,,,,,,,,
Q21,3,6,1,133.16,,nation,1,0,never_instantiated,0,,,,,0,0,,supplier,39953,0,never_instantiated,0,,,,,0,0,lineitem,orders,73072502,1,frozen,15249101,8892300,THC-Full,,,1835008,46782,,,7313671,1,frozen,29189835,4202283,THC-Full,,,458752,24170,lineitem,,7313658,1,frozen,600037706,174815187,THC-Full,,,917504,1208,,,7048027,1,frozen,18431243,2807488,THC-Full,,,458752,36102,lineitem,,7048014,1,frozen,379356365,114671920,THC-Full,,,917504,1824,,,,,,,,,,,,,,,,,,,,,,,,
Q22,3,6,1,26.75,,,1909668,1,frozen,19088090,1402169,THC-Full,,,458752,95897,orders,,1909668,1,frozen,149999690,34924467,THC-Full,,,917504,12751,,,,,,,,,,,,,,,,,,,,,,,,,,,,,,,,,,,,,,,,,,,,,,,,,,,,,,,,,,,,,,,,,,,,,,,,,,,,,,,,,,,,
Q01,3,7,1,31.26,,,,,,,,,,,,,,,,,,,,,,,,,,,,,,,,,,,,,,,,,,,,,,,,,,,,,,,,,,,,,,,,,,,,,,,,,,,,,,,,,,,,,,,,,,,,,,,,,,,,,,,,,,,,
Q02,3,7,1,7.29,,region,1,0,never_instantiated,0,,,,,0,0,,nation,5,0,never_instantiated,0,,,,,0,0,,part,79591,0,never_instantiated,0,,,,,0,0,partsupp,supplier,200535,0,never_instantiated,0,,,,,0,0,,,63825,0,never_instantiated,0,,,,,0,0,,,47107,0,never_instantiated,0,,,,,0,0,,region,1,0,never_instantiated,0,,,,,0,0,,nation,5,0,never_instantiated,0,,,,,0,0,partsupp,supplier,200535,0,never_instantiated,0,,,,,0,0
Q03,3,7,1,55.49,,customer,3000188,1,active,14960885,,,,,490811,7578,lineitem,orders,72874383,1,frozen,323494519,115457327,THC-Full,,,917504,1762,,,,,,,,,,,,,,,,,,,,,,,,,,,,,,,,,,,,,,,,,,,,,,,,,,,,,,,,,,,,,,,,,,,,,,,,,,,,,,,,,,,,
Q04,3,7,1,44.46,,,5733776,1,frozen,14498066,2819008,THC-Full,,,458752,36339,lineitem,,5733776,1,frozen,379356321,146165147,THC-Full,,,917504,1368,,,,,,,,,,,,,,,,,,,,,,,,,,,,,,,,,,,,,,,,,,,,,,,,,,,,,,,,,,,,,,,,,,,,,,,,,,,,,,,,,,,,
Q05,3,7,1,9999999,,,,,,,,,,,,,,,,,,,,,,,,,,,,,,,,,,,,,,,,,,,,,,,,,,,,,,,,,,,,,,,,,,,,,,,,,,,,,,,,,,,,,,,,,,,,,,,,,,,,,,,,,,,,
Q06,3,7,1,9.16,,,,,,,,,,,,,,,,,,,,,,,,,,,,,,,,,,,,,,,,,,,,,,,,,,,,,,,,,,,,,,,,,,,,,,,,,,,,,,,,,,,,,,,,,,,,,,,,,,,,,,,,,,,,
Q07,3,7,1,23.10,,nation,2,0,never_instantiated,0,,,,,0,0,,nation,2,0,never_instantiated,0,,,,,0,0,,customer,1200139,1,active,1171959,,,,,326427,81355,orders,,1179101,0,never_instantiated,0,,,,,0,0,lineitem,supplier,80171,0,never_instantiated,0,,,,,0,0,,,,,,,,,,,,,,,,,,,,,,,,,,,,,,,,,,,,,,,,,,,,,,,,
Q08,3,7,1,28.50,,region,1,0,never_instantiated,0,,,,,0,0,,nation,5,0,never_instantiated,0,,,,,0,0,customer,,1222092,0,never_instantiated,0,,,,,0,0,,nation,25,0,never_instantiated,0,,,,,0,0,orders,,4025859,0,never_instantiated,0,,,,,0,0,,supplier,1000000,0,never_instantiated,0,,,,,0,0,lineitem,part,134258,0,never_instantiated,0,,,,,0,0,,,,,,,,,,,,,,,,,,,,,,,,
Q09,3,7,1,64.18,,nation,25,0,never_instantiated,0,,,,,0,0,,part,1087982,1,frozen,32720442,5869479,THC-Full,,,917504,96800,,orders,150000000,1,frozen,32720442,2430724,THC-Full,,,917504,91277,,partsupp,80000000,1,frozen,32720442,1215270,THC-Full,,,458752,100504,lineitem,supplier,1000000,0,never_instantiated,0,,,,,0,0,,,,,,,,,,,,,,,,,,,,,,,,,,,,,,,,,,,,,,,,,,,,,,,,
Q10,3,7,1,28.28,,nation,25,0,never_instantiated,0,,,,,0,0,customer,,11463171,0,never_instantiated,0,,,,,0,0,lineitem,orders,5730378,1,frozen,11522851,4857506,THC-Full,,,917504,42849,,,,,,,,,,,,,,,,,,,,,,,,,,,,,,,,,,,,,,,,,,,,,,,,,,,,,,,,,,,,,,,,,,,,,,,,
Q11,3,7,1,7.40,,nation,1,0,never_instantiated,0,,,,,0,0,partsupp,supplier,40045,0,never_instantiated,0,,,,,0,0,,nation,1,0,never_instantiated,0,,,,,0,0,partsupp,supplier,40045,0,never_instantiated,0,,,,,0,0,,,,,,,,,,,,,,,,,,,,,,,,,,,,,,,,,,,,,,,,,,,,,,,,,,,,,,,,,,,,
Q12,3,7,1,29.45,orders,lineitem,3115341,1,frozen,150000000,103766016,THC-Full,,,917504,1957,,,,,,,,,,,,,,,,,,,,,,,,,,,,,,,,,,,,,,,,,,,,,,,,,,,,,,,,,,,,,,,,,,,,,,,,,,,,,,,,,,,,,,,,,,,,,,,,
Q13,3,7,1,64.05,orders,customer,15000000,1,frozen,148451295,4663876,THC-Full,,,1835008,100702,,,,,,,,,,,,,,,,,,,,,,,,,,,,,,,,,,,,,,,,,,,,,,,,,,,,,,,,,,,,,,,,,,,,,,,,,,,,,,,,,,,,,,,,,,,,,,,,
Q14,3,7,1,31.92,lineitem,part,20000000,1,frozen,7484260,1200219,THC-Full,,,458752,99778,,,,,,,,,,,,,,,,,,,,,,,,,,,,,,,,,,,,,,,,,,,,,,,,,,,,,,,,,,,,,,,,,,,,,,,,,,,,,,,,,,,,,,,,,,,,,,,,
Q15,3,7,1,12.26,,,1,0,never_instantiated,0,,,,,0,0,supplier,,1000000,1,active,1000000,,,,,388971,100352,,,,,,,,,,,,,,,,,,,,,,,,,,,,,,,,,,,,,,,,,,,,,,,,,,,,,,,,,,,,,,,,,,,,,,,,,,,,,,,,,,,,
Q16,3,7,1,12.83,,supplier,479,0,never_instantiated,0,,,,,0,0,partsupp,,2971749,0,never_instantiated,0,,,,,0,0,part,,8,0,never_instantiated,0,,,,,0,0,,,,,,,,,,,,,,,,,,,,,,,,,,,,,,,,,,,,,,,,,,,,,,,,,,,,,,,,,,,,,,,,,,,,,,,,
Q17,3,7,1,52.94,lineitem,part,20031,0,never_instantiated,0,,,,,0,0,,,600982,1,active,20031,,,,,0,0,lineitem,,20031,0,never_instantiated,0,,,,,0,0,,,,,,,,,,,,,,,,,,,,,,,,,,,,,,,,,,,,,,,,,,,,,,,,,,,,,,,,,,,,,,,,,,,,,,,,
Q18,3,7,1,222.80,,lineitem,6398,0,never_instantiated,0,,,,,0,0,,customer,14999999,1,frozen,600037902,4216832,THC-Full,,,458752,25059,lineitem,orders,150000000,1,frozen,600037902,8230912,THC-Full,,,917504,25092,,,,,,,,,,,,,,,,,,,,,,,,,,,,,,,,,,,,,,,,,,,,,,,,,,,,,,,,,,,,,,,,,,,,,,,,
Q19,3,7,1,44.65,lineitem,part,20000000,1,frozen,21432090,1200726,THC-Full,,,458752,99799,,,,,,,,,,,,,,,,,,,,,,,,,,,,,,,,,,,,,,,,,,,,,,,,,,,,,,,,,,,,,,,,,,,,,,,,,,,,,,,,,,,,,,,,,,,,,,,,
Q20,3,7,1,22.73,,,40207,0,never_instantiated,0,,,,,0,0,partsupp,part,217222,0,never_instantiated,0,,,,,0,0,,,35136,0,never_instantiated,0,,,,,0,0,lineitem,,35136,0,never_instantiated,0,,,,,0,0,supplier,nation,1,0,never_instantiated,0,,,,,0,0,,,,,,,,,,,,,,,,,,,,,,,,,,,,,,,,,,,,,,,,,,,,,,,,
Q21,3,7,1,133.71,,nation,1,0,never_instantiated,0,,,,,0,0,,orders,73072502,1,frozen,15146702,8886185,THC-Full,,,1835008,46150,lineitem,supplier,39953,0,never_instantiated,0,,,,,0,0,,,7313671,1,frozen,29189835,4202283,THC-Full,,,458752,24170,lineitem,,7313658,1,frozen,600037706,174815187,THC-Full,,,917504,1208,,,7048027,1,frozen,18431243,2807488,THC-Full,,,458752,36102,lineitem,,7048014,1,frozen,379356365,114671920,THC-Full,,,917504,1824,,,,,,,,,,,,,,,,,,,,,,,,
Q22,3,7,1,27.29,,,1909668,1,frozen,19088090,1402169,THC-Full,,,458752,95897,orders,,1909668,1,frozen,149999690,34924467,THC-Full,,,917504,12751,,,,,,,,,,,,,,,,,,,,,,,,,,,,,,,,,,,,,,,,,,,,,,,,,,,,,,,,,,,,,,,,,,,,,,,,,,,,,,,,,,,,
Q01,3,8,1,31.32,,,,,,,,,,,,,,,,,,,,,,,,,,,,,,,,,,,,,,,,,,,,,,,,,,,,,,,,,,,,,,,,,,,,,,,,,,,,,,,,,,,,,,,,,,,,,,,,,,,,,,,,,,,,
Q02,3,8,1,6.41,,region,1,0,never_instantiated,0,,,,,0,0,,nation,5,0,never_instantiated,0,,,,,0,0,,supplier,200535,0,never_instantiated,0,,,,,0,0,partsupp,part,79591,0,never_instantiated,0,,,,,0,0,,,63825,0,never_instantiated,0,,,,,0,0,,,47107,0,never_instantiated,0,,,,,0,0,,region,1,0,never_instantiated,0,,,,,0,0,partsupp,,200535,0,never_instantiated,0,,,,,0,0,supplier,nation,5,0,never_instantiated,0,,,,,0,0
Q03,3,8,1,55.45,,customer,3000188,1,active,14960885,,,,,490811,7578,lineitem,orders,72874383,1,frozen,323494519,115457327,THC-Full,,,917504,1762,,,,,,,,,,,,,,,,,,,,,,,,,,,,,,,,,,,,,,,,,,,,,,,,,,,,,,,,,,,,,,,,,,,,,,,,,,,,,,,,,,,,
Q04,3,8,1,44.28,,,5733776,1,frozen,14498066,2819008,THC-Full,,,458752,36339,lineitem,,5733776,1,frozen,379356321,146165147,THC-Full,,,917504,1368,,,,,,,,,,,,,,,,,,,,,,,,,,,,,,,,,,,,,,,,,,,,,,,,,,,,,,,,,,,,,,,,,,,,,,,,,,,,,,,,,,,,
Q05,3,8,1,81.59,,region,1,0,never_instantiated,0,,,,,0,0,,nation,5,0,never_instantiated,0,,,,,0,0,,customer,2999759,1,active,91044214,,,,,307044,752,,supplier,1000000,0,never_instantiated,0,,,,,0,0,lineitem,orders,22760819,1,frozen,91260258,8213835,THC-Full,,,917504,25065,,,,,,,,,,,,,,,,,,,,,,,,,,,,,,,,,,,,,,,,,,,,,,,,
Q06,3,8,1,9.14,,,,,,,,,,,,,,,,,,,,,,,,,,,,,,,,,,,,,,,,,,,,,,,,,,,,,,,,,,,,,,,,,,,,,,,,,,,,,,,,,,,,,,,,,,,,,,,,,,,,,,,,,,,,
Q07,3,8,1,22.87,,nation,2,0,never_instantiated,0,,,,,0,0,,customer,1200139,1,active,1171959,,,,,326423,81334,,nation,2,0,never_instantiated,0,,,,,0,0,,supplier,80171,0,never_instantiated,0,,,,,0,0,lineitem,orders,12026518,1,active,1182992,,,,,429960,85768,,,,,,,,,,,,,,,,,,,,,,,,,,,,,,,,,,,,,,,,,,,,,,,,
Q08,3,8,1,27.45,,region,1,0,never_instantiated,0,,,,,0,0,,nation,5,0,never_instantiated,0,,,,,0,0,customer,,1222092,0,never_instantiated,0,,,,,0,0,,part,134258,0,never_instantiated,0,,,,,0,0,,nation,25,0,never_instantiated,0,,,,,0,0,,orders,45574624,1,active,4105418,,,,,604105,30731,lineitem,supplier,1000000,0,never_instantiated,0,,,,,0,0,,,,,,,,,,,,,,,,,,,,,,,,
Q09,3,8,1,128.30,,nation,25,0,never_instantiated,0,,,,,0,0,,supplier,1000000,0,never_instantiated,0,,,,,0,0,,part,1087982,1,frozen,32720442,5803319,THC-Full,,,917504,95299,,partsupp,4363044,1,frozen,32720442,1201008,THC-Full,,,458752,98877,lineitem,orders,150000000,1,frozen,32720442,2401580,THC-Full,,,917504,89782,,,,,,,,,,,,,,,,,,,,,,,,,,,,,,,,,,,,,,,,,,,,,,,,
Q10,3,8,1,28.75,,nation,25,0,never_instantiated,0,,,,,0,0,customer,,11463171,0,never_instantiated,0,,,,,0,0,lineitem,orders,5730378,1,frozen,11522851,4857506,THC-Full,,,917504,42849,,,,,,,,,,,,,,,,,,,,,,,,,,,,,,,,,,,,,,,,,,,,,,,,,,,,,,,,,,,,,,,,,,,,,,,,
Q11,3,8,1,5.30,partsupp,,40045,0,never_instantiated,0,,,,,0,0,supplier,nation,1,0,never_instantiated,0,,,,,0,0,partsupp,,40045,0,never_instantiated,0,,,,,0,0,supplier,nation,1,0,never_instantiated,0,,,,,0,0,,,,,,,,,,,,,,,,,,,,,,,,,,,,,,,,,,,,,,,,,,,,,,,,,,,,,,,,,,,,
Q12,3,8,1,29.13,orders,lineitem,3115341,1,frozen,150000000,103766016,THC-Full,,,917504,1957,,,,,,,,,,,,,,,,,,,,,,,,,,,,,,,,,,,,,,,,,,,,,,,,,,,,,,,,,,,,,,,,,,,,,,,,,,,,,,,,,,,,,,,,,,,,,,,,
Q13,3,8,1,63.88,orders,customer,15000000,1,frozen,148451295,4663876,THC-Full,,,1835008,100702,,,,,,,,,,,,,,,,,,,,,,,,,,,,,,,,,,,,,,,,,,,,,,,,,,,,,,,,,,,,,,,,,,,,,,,,,,,,,,,,,,,,,,,,,,,,,,,,
Q14,3,8,1,31.43,lineitem,part,20000000,1,frozen,7484260,1200219,THC-Full,,,458752,99778,,,,,,,,,,,,,,,,,,,,,,,,,,,,,,,,,,,,,,,,,,,,,,,,,,,,,,,,,,,,,,,,,,,,,,,,,,,,,,,,,,,,,,,,,,,,,,,,
Q15,3,8,1,12.43,,,1,0,never_instantiated,0,,,,,0,0,supplier,,1000000,1,active,1000000,,,,,388971,100352,,,,,,,,,,,,,,,,,,,,,,,,,,,,,,,,,,,,,,,,,,,,,,,,,,,,,,,,,,,,,,,,,,,,,,,,,,,,,,,,,,,,
Q16,3,8,1,13.22,,supplier,479,0,never_instantiated,0,,,,,0,0,partsupp,,2971749,0,never_instantiated,0,,,,,0,0,part,,8,0,never_instantiated,0,,,,,0,0,,,,,,,,,,,,,,,,,,,,,,,,,,,,,,,,,,,,,,,,,,,,,,,,,,,,,,,,,,,,,,,,,,,,,,,,
Q17,3,8,1,52.72,lineitem,part,20031,0,never_instantiated,0,,,,,0,0,,,600982,1,active,20031,,,,,0,0,lineitem,,20031,0,never_instantiated,0,,,,,0,0,,,,,,,,,,,,,,,,,,,,,,,,,,,,,,,,,,,,,,,,,,,,,,,,,,,,,,,,,,,,,,,,,,,,,,,,
Q18,3,8,1,223.36,,lineitem,6398,0,never_instantiated,0,,,,,0,0,,customer,14999999,1,frozen,600037902,4216832,THC-Full,,,458752,25059,lineitem,orders,150000000,1,frozen,600037902,8230912,THC-Full,,,917504,25092,,,,,,,,,,,,,,,,,,,,,,,,,,,,,,,,,,,,,,,,,,,,,,,,,,,,,,,,,,,,,,,,,,,,,,,,
Q19,3,8,1,44.86,lineitem,part,20000000,1,frozen,21432090,1200726,THC-Full,,,458752,99799,,,,,,,,,,,,,,,,,,,,,,,,,,,,,,,,,,,,,,,,,,,,,,,,,,,,,,,,,,,,,,,,,,,,,,,,,,,,,,,,,,,,,,,,,,,,,,,,
Q20,3,8,1,22.91,,,40207,0,never_instantiated,0,,,,,0,0,partsupp,part,217222,0,never_instantiated,0,,,,,0,0,,,35136,0,never_instantiated,0,,,,,0,0,lineitem,,35136,0,never_instantiated,0,,,,,0,0,supplier,nation,1,0,never_instantiated,0,,,,,0,0,,,,,,,,,,,,,,,,,,,,,,,,,,,,,,,,,,,,,,,,,,,,,,,,
Q21,3,8,1,132.25,,nation,1,0,never_instantiated,0,,,,,0,0,,supplier,39953,0,never_instantiated,0,,,,,0,0,lineitem,orders,73072502,1,frozen,15249101,8892300,THC-Full,,,1835008,46782,,,7313671,1,frozen,29189835,4202283,THC-Full,,,458752,24170,lineitem,,7313658,1,frozen,600037706,174815187,THC-Full,,,917504,1208,,,7048027,1,frozen,18431243,2807488,THC-Full,,,458752,36102,lineitem,,7048014,1,frozen,379356365,114671920,THC-Full,,,917504,1824,,,,,,,,,,,,,,,,,,,,,,,,
Q22,3,8,1,26.99,,,1909668,1,frozen,19088090,1402169,THC-Full,,,458752,95897,orders,,1909668,1,frozen,149999690,34924467,THC-Full,,,917504,12751,,,,,,,,,,,,,,,,,,,,,,,,,,,,,,,,,,,,,,,,,,,,,,,,,,,,,,,,,,,,,,,,,,,,,,,,,,,,,,,,,,,,
Q01,3,9,1,31.42,,,,,,,,,,,,,,,,,,,,,,,,,,,,,,,,,,,,,,,,,,,,,,,,,,,,,,,,,,,,,,,,,,,,,,,,,,,,,,,,,,,,,,,,,,,,,,,,,,,,,,,,,,,,
Q02,3,9,1,5.20,,region,1,0,never_instantiated,0,,,,,0,0,,part,79591,0,never_instantiated,0,,,,,0,0,,nation,5,0,never_instantiated,0,,,,,0,0,partsupp,supplier,200535,0,never_instantiated,0,,,,,0,0,,,63825,0,never_instantiated,0,,,,,0,0,,,47107,0,never_instantiated,0,,,,,0,0,partsupp,,200535,0,never_instantiated,0,,,,,0,0,,region,1,0,never_instantiated,0,,,,,0,0,supplier,nation,5,0,never_instantiated,0,,,,,0,0
Q03,3,9,1,56.47,,customer,3000188,1,active,14960885,,,,,490811,7578,lineitem,orders,72874383,1,frozen,323494519,115457327,THC-Full,,,917504,1762,,,,,,,,,,,,,,,,,,,,,,,,,,,,,,,,,,,,,,,,,,,,,,,,,,,,,,,,,,,,,,,,,,,,,,,,,,,,,,,,,,,,
Q04,3,9,1,44.91,,,5733776,1,frozen,14498066,2819008,THC-Full,,,458752,36339,lineitem,,5733776,1,frozen,379356321,146165147,THC-Full,,,917504,1368,,,,,,,,,,,,,,,,,,,,,,,,,,,,,,,,,,,,,,,,,,,,,,,,,,,,,,,,,,,,,,,,,,,,,,,,,,,,,,,,,,,,
Q05,3,9,1,80.54,,region,1,0,never_instantiated,0,,,,,0,0,,nation,5,0,never_instantiated,0,,,,,0,0,,customer,2999759,1,active,91044214,,,,,307287,752,,orders,22760819,1,frozen,91260258,8216696,THC-Full,,,917504,25042,lineitem,supplier,1000000,0,never_instantiated,0,,,,,0,0,,,,,,,,,,,,,,,,,,,,,,,,,,,,,,,,,,,,,,,,,,,,,,,,
Q06,3,9,1,9.15,,,,,,,,,,,,,,,,,,,,,,,,,,,,,,,,,,,,,,,,,,,,,,,,,,,,,,,,,,,,,,,,,,,,,,,,,,,,,,,,,,,,,,,,,,,,,,,,,,,,,,,,,,,,
Q07,3,9,1,23.20,,nation,2,0,never_instantiated,0,,,,,0,0,,customer,1200139,1,active,1171959,,,,,326446,81355,orders,,1179101,0,never_instantiated,0,,,,,0,0,,nation,2,0,never_instantiated,0,,,,,0,0,lineitem,supplier,80171,0,never_instantiated,0,,,,,0,0,,,,,,,,,,,,,,,,,,,,,,,,,,,,,,,,,,,,,,,,,,,,,,,,
Q08,3,9,1,26.84,,region,1,0,never_instantiated,0,,,,,0,0,,nation,5,0,never_instantiated,0,,,,,0,0,customer,,1222092,0,never_instantiated,0,,,,,0,0,,part,134258,0,never_instantiated,0,,,,,0,0,,nation,25,0,never_instantiated,0,,,,,0,0,,supplier,1000000,0,never_instantiated,0,,,,,0,0,lineitem,orders,45574624,1,active,4105418,,,,,604105,30731,,,,,,,,,,,,,,,,,,,,,,,,
Q09,3,9,1,63.53,,nation,25,0,never_instantiated,0,,,,,0,0,,partsupp,80000000,1,frozen,32636547,1219645,THC-Full,,,458752,100274,,orders,150000000,1,frozen,32636547,2435630,THC-Full,,,917504,91083,,supplier,1000000,0,never_instantiated,0,,,,,0,0,lineitem,part,1087982,1,frozen,32720442,5869479,THC-Full,,,917504,96800,,,,,,,,,,,,,,,,,,,,,,,,,,,,,,,,,,,,,,,,,,,,,,,,
Q10,3,9,1,28.63,,nation,25,0,never_instantiated,0,,,,,0,0,customer,,11463171,0,never_instantiated,0,,,,,0,0,lineitem,orders,5730378,1,frozen,11522851,4857506,THC-Full,,,917504,42849,,,,,,,,,,,,,,,,,,,,,,,,,,,,,,,,,,,,,,,,,,,,,,,,,,,,,,,,,,,,,,,,,,,,,,,,
Q11,3,9,1,6.36,,nation,1,0,never_instantiated,0,,,,,0,0,partsupp,supplier,40045,0,never_instantiated,0,,,,,0,0,partsupp,,40045,0,never_instantiated,0,,,,,0,0,supplier,nation,1,0,never_instantiated,0,,,,,0,0,,,,,,,,,,,,,,,,,,,,,,,,,,,,,,,,,,,,,,,,,,,,,,,,,,,,,,,,,,,,
Q12,3,9,1,29.58,orders,lineitem,3115341,1,frozen,150000000,103766016,THC-Full,,,917504,1957,,,,,,,,,,,,,,,,,,,,,,,,,,,,,,,,,,,,,,,,,,,,,,,,,,,,,,,,,,,,,,,,,,,,,,,,,,,,,,,,,,,,,,,,,,,,,,,,
Q13,3,9,1,63.60,orders,customer,15000000,1,frozen,148451295,4663876,THC-Full,,,1835008,100702,,,,,,,,,,,,,,,,,,,,,,,,,,,,,,,,,,,,,,,,,,,,,,,,,,,,,,,,,,,,,,,,,,,,,,,,,,,,,,,,,,,,,,,,,,,,,,,,
Q14,3,9,1,31.84,lineitem,part,20000000,1,frozen,7484260,1200219,THC-Full,,,458752,99778,,,,,,,,,,,,,,,,,,,,,,,,,,,,,,,,,,,,,,,,,,,,,,,,,,,,,,,,,,,,,,,,,,,,,,,,,,,,,,,,,,,,,,,,,,,,,,,,
Q15,3,9,1,12.56,,,1,0,never_instantiated,0,,,,,0,0,supplier,,1000000,1,active,1000000,,,,,388971,100352,,,,,,,,,,,,,,,,,,,,,,,,,,,,,,,,,,,,,,,,,,,,,,,,,,,,,,,,,,,,,,,,,,,,,,,,,,,,,,,,,,,,
Q16,3,9,1,13.24,,supplier,479,0,never_instantiated,0,,,,,0,0,partsupp,,2971749,0,never_instantiated,0,,,,,0,0,part,,8,0,never_instantiated,0,,,,,0,0,,,,,,,,,,,,,,,,,,,,,,,,,,,,,,,,,,,,,,,,,,,,,,,,,,,,,,,,,,,,,,,,,,,,,,,,
Q17,3,9,1,52.65,lineitem,part,20031,0,never_instantiated,0,,,,,0,0,,,600982,1,active,20031,,,,,0,0,lineitem,,20031,0,never_instantiated,0,,,,,0,0,,,,,,,,,,,,,,,,,,,,,,,,,,,,,,,,,,,,,,,,,,,,,,,,,,,,,,,,,,,,,,,,,,,,,,,,
Q18,3,9,1,220.72,,lineitem,6398,0,never_instantiated,0,,,,,0,0,,customer,14999999,1,frozen,600037902,4216832,THC-Full,,,458752,25059,lineitem,orders,150000000,1,frozen,600037902,8230912,THC-Full,,,917504,25092,,,,,,,,,,,,,,,,,,,,,,,,,,,,,,,,,,,,,,,,,,,,,,,,,,,,,,,,,,,,,,,,,,,,,,,,
Q19,3,9,1,43.95,lineitem,part,20000000,1,frozen,21432090,1200726,THC-Full,,,458752,99799,,,,,,,,,,,,,,,,,,,,,,,,,,,,,,,,,,,,,,,,,,,,,,,,,,,,,,,,,,,,,,,,,,,,,,,,,,,,,,,,,,,,,,,,,,,,,,,,
Q20,3,9,1,24.56,,,40207,0,never_instantiated,0,,,,,0,0,partsupp,part,217222,0,never_instantiated,0,,,,,0,0,,,35136,0,never_instantiated,0,,,,,0,0,lineitem,,35136,0,never_instantiated,0,,,,,0,0,supplier,nation,1,0,never_instantiated,0,,,,,0,0,,,,,,,,,,,,,,,,,,,,,,,,,,,,,,,,,,,,,,,,,,,,,,,,
Q21,3,9,1,137.72,orders,,15146702,0,never_instantiated,0,,,,,0,0,,nation,1,0,never_instantiated,0,,,,,0,0,lineitem,supplier,39953,0,never_instantiated,0,,,,,0,0,,,7313671,1,frozen,29189835,4202283,THC-Full,,,458752,24170,lineitem,,7313658,1,frozen,600037706,174815187,THC-Full,,,917504,1208,,,7048027,1,frozen,18431243,2807488,THC-Full,,,458752,36102,lineitem,,7048014,1,frozen,379356365,114671920,THC-Full,,,917504,1824,,,,,,,,,,,,,,,,,,,,,,,,
Q22,3,9,1,26.76,,,1909668,1,frozen,19088090,1402169,THC-Full,,,458752,95897,orders,,1909668,1,frozen,149999690,34924467,THC-Full,,,917504,12751,,,,,,,,,,,,,,,,,,,,,,,,,,,,,,,,,,,,,,,,,,,,,,,,,,,,,,,,,,,,,,,,,,,,,,,,,,,,,,,,,,,,
Q01,3,10,1,31.20,,,,,,,,,,,,,,,,,,,,,,,,,,,,,,,,,,,,,,,,,,,,,,,,,,,,,,,,,,,,,,,,,,,,,,,,,,,,,,,,,,,,,,,,,,,,,,,,,,,,,,,,,,,,
Q02,3,10,1,6.47,,region,1,0,never_instantiated,0,,,,,0,0,,nation,5,0,never_instantiated,0,,,,,0,0,,supplier,200535,0,never_instantiated,0,,,,,0,0,partsupp,part,79591,0,never_instantiated,0,,,,,0,0,,,63825,0,never_instantiated,0,,,,,0,0,,,47107,0,never_instantiated,0,,,,,0,0,,region,1,0,never_instantiated,0,,,,,0,0,partsupp,,200535,0,never_instantiated,0,,,,,0,0,supplier,nation,5,0,never_instantiated,0,,,,,0,0
Q03,3,10,1,54.98,,customer,3000188,1,active,14960885,,,,,490811,7578,lineitem,orders,72874383,1,frozen,323494519,115457327,THC-Full,,,917504,1762,,,,,,,,,,,,,,,,,,,,,,,,,,,,,,,,,,,,,,,,,,,,,,,,,,,,,,,,,,,,,,,,,,,,,,,,,,,,,,,,,,,,
Q04,3,10,1,44.15,,,5733776,1,frozen,14498066,2819008,THC-Full,,,458752,36339,lineitem,,5733776,1,frozen,379356321,146165147,THC-Full,,,917504,1368,,,,,,,,,,,,,,,,,,,,,,,,,,,,,,,,,,,,,,,,,,,,,,,,,,,,,,,,,,,,,,,,,,,,,,,,,,,,,,,,,,,,
Q05,3,10,1,81.32,,region,1,0,never_instantiated,0,,,,,0,0,,nation,5,0,never_instantiated,0,,,,,0,0,,customer,2999759,1,active,91044214,,,,,307044,752,,supplier,1000000,0,never_instantiated,0,,,,,0,0,lineitem,orders,22760819,1,frozen,91260258,8213835,THC-Full,,,917504,25065,,,,,,,,,,,,,,,,,,,,,,,,,,,,,,,,,,,,,,,,,,,,,,,,
Q06,3,10,1,9.09,,,,,,,,,,,,,,,,,,,,,,,,,,,,,,,,,,,,,,,,,,,,,,,,,,,,,,,,,,,,,,,,,,,,,,,,,,,,,,,,,,,,,,,,,,,,,,,,,,,,,,,,,,,,
Q07,3,10,1,23.11,,nation,2,0,never_instantiated,0,,,,,0,0,,customer,1200139,1,active,1171959,,,,,326423,81334,,nation,2,0,never_instantiated,0,,,,,0,0,,supplier,80171,0,never_instantiated,0,,,,,0,0,lineitem,orders,12026518,1,active,1182992,,,,,429960,85768,,,,,,,,,,,,,,,,,,,,,,,,,,,,,,,,,,,,,,,,,,,,,,,,
Q08,3,10,1,28.77,,region,1,0,never_instantiated,0,,,,,0,0,,nation,5,0,never_instantiated,0,,,,,0,0,customer,,1222092,0,never_instantiated,0,,,,,0,0,orders,,4025859,0,never_instantiated,0,,,,,0,0,,nation,25,0,never_instantiated,0,,,,,0,0,,supplier,1000000,0,never_instantiated,0,,,,,0,0,lineitem,part,134258,0,never_instantiated,0,,,,,0,0,,,,,,,,,,,,,,,,,,,,,,,,
Q09,3,10,1,64.85,,nation,25,0,never_instantiated,0,,,,,0,0,,part,1087982,1,frozen,32720442,5869479,THC-Full,,,917504,96800,,orders,150000000,1,frozen,32720442,2430724,THC-Full,,,917504,91277,,supplier,1000000,0,never_instantiated,0,,,,,0,0,lineitem,partsupp,80000000,1,frozen,32720442,1215270,THC-Full,,,458752,100504,,,,,,,,,,,,,,,,,,,,,,,,,,,,,,,,,,,,,,,,,,,,,,,,
Q10,3,10,1,28.53,,nation,25,0,never_instantiated,0,,,,,0,0,customer,,11463171,0,never_instantiated,0,,,,,0,0,lineitem,orders,5730378,1,frozen,11522851,4857506,THC-Full,,,917504,42849,,,,,,,,,,,,,,,,,,,,,,,,,,,,,,,,,,,,,,,,,,,,,,,,,,,,,,,,,,,,,,,,,,,,,,,,
Q11,3,10,1,5.37,partsupp,,40045,0,never_instantiated,0,,,,,0,0,supplier,nation,1,0,never_instantiated,0,,,,,0,0,partsupp,,40045,0,never_instantiated,0,,,,,0,0,supplier,nation,1,0,never_instantiated,0,,,,,0,0,,,,,,,,,,,,,,,,,,,,,,,,,,,,,,,,,,,,,,,,,,,,,,,,,,,,,,,,,,,,
Q12,3,10,1,28.87,orders,lineitem,3115341,1,frozen,150000000,103766016,THC-Full,,,917504,1957,,,,,,,,,,,,,,,,,,,,,,,,,,,,,,,,,,,,,,,,,,,,,,,,,,,,,,,,,,,,,,,,,,,,,,,,,,,,,,,,,,,,,,,,,,,,,,,,
Q13,3,10,1,62.79,orders,customer,15000000,1,frozen,148451295,4663876,THC-Full,,,1835008,100702,,,,,,,,,,,,,,,,,,,,,,,,,,,,,,,,,,,,,,,,,,,,,,,,,,,,,,,,,,,,,,,,,,,,,,,,,,,,,,,,,,,,,,,,,,,,,,,,
Q14,3,10,1,31.92,lineitem,part,20000000,1,frozen,7484260,1200219,THC-Full,,,458752,99778,,,,,,,,,,,,,,,,,,,,,,,,,,,,,,,,,,,,,,,,,,,,,,,,,,,,,,,,,,,,,,,,,,,,,,,,,,,,,,,,,,,,,,,,,,,,,,,,
Q15,3,10,1,12.28,,,1,0,never_instantiated,0,,,,,0,0,supplier,,1000000,1,active,1000000,,,,,388971,100352,,,,,,,,,,,,,,,,,,,,,,,,,,,,,,,,,,,,,,,,,,,,,,,,,,,,,,,,,,,,,,,,,,,,,,,,,,,,,,,,,,,,
Q16,3,10,1,13.10,,supplier,479,0,never_instantiated,0,,,,,0,0,partsupp,,2971749,0,never_instantiated,0,,,,,0,0,part,,8,0,never_instantiated,0,,,,,0,0,,,,,,,,,,,,,,,,,,,,,,,,,,,,,,,,,,,,,,,,,,,,,,,,,,,,,,,,,,,,,,,,,,,,,,,,
Q17,3,10,1,52.31,lineitem,part,20031,0,never_instantiated,0,,,,,0,0,,,600982,1,active,20031,,,,,0,0,lineitem,,20031,0,never_instantiated,0,,,,,0,0,,,,,,,,,,,,,,,,,,,,,,,,,,,,,,,,,,,,,,,,,,,,,,,,,,,,,,,,,,,,,,,,,,,,,,,,
Q18,3,10,1,220.69,,lineitem,6398,0,never_instantiated,0,,,,,0,0,,customer,14999999,1,frozen,600037902,4216832,THC-Full,,,458752,25059,lineitem,orders,150000000,1,frozen,600037902,8230912,THC-Full,,,917504,25092,,,,,,,,,,,,,,,,,,,,,,,,,,,,,,,,,,,,,,,,,,,,,,,,,,,,,,,,,,,,,,,,,,,,,,,,
Q19,3,10,1,44.74,lineitem,part,20000000,1,frozen,21432090,1200726,THC-Full,,,458752,99799,,,,,,,,,,,,,,,,,,,,,,,,,,,,,,,,,,,,,,,,,,,,,,,,,,,,,,,,,,,,,,,,,,,,,,,,,,,,,,,,,,,,,,,,,,,,,,,,
Q20,3,10,1,23.17,,,40207,0,never_instantiated,0,,,,,0,0,partsupp,part,217222,0,never_instantiated,0,,,,,0,0,,,35136,0,never_instantiated,0,,,,,0,0,lineitem,,35136,0,never_instantiated,0,,,,,0,0,supplier,nation,1,0,never_instantiated,0,,,,,0,0,,,,,,,,,,,,,,,,,,,,,,,,,,,,,,,,,,,,,,,,,,,,,,,,
Q21,3,10,1,132.97,,nation,1,0,never_instantiated,0,,,,,0,0,,supplier,39953,0,never_instantiated,0,,,,,0,0,lineitem,orders,73072502,1,frozen,15249101,8892300,THC-Full,,,1835008,46782,,,7313671,1,frozen,29189835,4202283,THC-Full,,,458752,24170,lineitem,,7313658,1,frozen,600037706,174815187,THC-Full,,,917504,1208,,,7048027,1,frozen,18431243,2807488,THC-Full,,,458752,36102,lineitem,,7048014,1,frozen,379356365,114671920,THC-Full,,,917504,1824,,,,,,,,,,,,,,,,,,,,,,,,
Q22,3,10,1,27.68,,,1909668,1,frozen,19088090,1402169,THC-Full,,,458752,95897,orders,,1909668,1,frozen,149999690,34924467,THC-Full,,,917504,12751,,,,,,,,,,,,,,,,,,,,,,,,,,,,,,,,,,,,,,,,,,,,,,,,,,,,,,,,,,,,,,,,,,,,,,,,,,,,,,,,,,,,
Q01,3,11,1,31.49,,,,,,,,,,,,,,,,,,,,,,,,,,,,,,,,,,,,,,,,,,,,,,,,,,,,,,,,,,,,,,,,,,,,,,,,,,,,,,,,,,,,,,,,,,,,,,,,,,,,,,,,,,,,
Q02,3,11,1,7.00,,region,1,0,never_instantiated,0,,,,,0,0,,nation,5,0,never_instantiated,0,,,,,0,0,,part,79591,0,never_instantiated,0,,,,,0,0,partsupp,supplier,200535,0,never_instantiated,0,,,,,0,0,,,63825,0,never_instantiated,0,,,,,0,0,,,47107,0,never_instantiated,0,,,,,0,0,,region,1,0,never_instantiated,0,,,,,0,0,,nation,5,0,never_instantiated,0,,,,,0,0,partsupp,supplier,200535,0,never_instantiated,0,,,,,0,0
Q03,3,11,1,55.84,,customer,3000188,1,active,14960885,,,,,490811,7578,lineitem,orders,72874383,1,frozen,323494519,115457327,THC-Full,,,917504,1762,,,,,,,,,,,,,,,,,,,,,,,,,,,,,,,,,,,,,,,,,,,,,,,,,,,,,,,,,,,,,,,,,,,,,,,,,,,,,,,,,,,,
Q04,3,11,1,44.50,,,5733776,1,frozen,14498066,2819008,THC-Full,,,458752,36339,lineitem,,5733776,1,frozen,379356321,146165147,THC-Full,,,917504,1368,,,,,,,,,,,,,,,,,,,,,,,,,,,,,,,,,,,,,,,,,,,,,,,,,,,,,,,,,,,,,,,,,,,,,,,,,,,,,,,,,,,,
Q05,3,11,1,64.64,,customer,14999999,1,active,18199912,,,,,305761,3763,,region,1,0,never_instantiated,0,,,,,0,0,,nation,5,0,never_instantiated,0,,,,,0,0,,orders,22760819,1,frozen,18242990,3013460,THC-Full,,,917504,68301,lineitem,supplier,199889,0,never_instantiated,0,,,,,0,0,,,,,,,,,,,,,,,,,,,,,,,,,,,,,,,,,,,,,,,,,,,,,,,,
Q06,3,11,1,9.15,,,,,,,,,,,,,,,,,,,,,,,,,,,,,,,,,,,,,,,,,,,,,,,,,,,,,,,,,,,,,,,,,,,,,,,,,,,,,,,,,,,,,,,,,,,,,,,,,,,,,,,,,,,,
Q07,3,11,1,23.98,,nation,2,0,never_instantiated,0,,,,,0,0,,nation,2,0,never_instantiated,0,,,,,0,0,,customer,1200139,1,active,1171959,,,,,326427,81355,orders,,1179101,0,never_instantiated,0,,,,,0,0,lineitem,supplier,80171,0,never_instantiated,0,,,,,0,0,,,,,,,,,,,,,,,,,,,,,,,,,,,,,,,,,,,,,,,,,,,,,,,,
Q08,3,11,1,29.28,,region,1,0,never_instantiated,0,,,,,0,0,,nation,5,0,never_instantiated,0,,,,,0,0,customer,,1222092,0,never_instantiated,0,,,,,0,0,,nation,25,0,never_instantiated,0,,,,,0,0,orders,,4025859,0,never_instantiated,0,,,,,0,0,,part,134258,0,never_instantiated,0,,,,,0,0,lineitem,supplier,1000000,0,never_instantiated,0,,,,,0,0,,,,,,,,,,,,,,,,,,,,,,,,
Q09,3,11,1,64.79,,orders,150000000,1,frozen,32636547,2435630,THC-Full,,,917504,91083,,part,1087982,1,frozen,32720442,5869479,THC-Full,,,917504,96800,,nation,25,0,never_instantiated,0,,,,,0,0,,partsupp,80000000,1,frozen,32720442,1215270,THC-Full,,,458752,100504,lineitem,supplier,1000000,0,never_instantiated,0,,,,,0,0,,,,,,,,,,,,,,,,,,,,,,,,,,,,,,,,,,,,,,,,,,,,,,,,
Q10,3,11,1,28.74,,nation,25,0,never_instantiated,0,,,,,0,0,customer,,11463171,0,never_instantiated,0,,,,,0,0,lineitem,orders,5730378,1,frozen,11522851,4857506,THC-Full,,,917504,42849,,,,,,,,,,,,,,,,,,,,,,,,,,,,,,,,,,,,,,,,,,,,,,,,,,,,,,,,,,,,,,,,,,,,,,,,
Q11,3,11,1,7.38,,nation,1,0,never_instantiated,0,,,,,0,0,partsupp,supplier,40045,0,never_instantiated,0,,,,,0,0,,nation,1,0,never_instantiated,0,,,,,0,0,partsupp,supplier,40045,0,never_instantiated,0,,,,,0,0,,,,,,,,,,,,,,,,,,,,,,,,,,,,,,,,,,,,,,,,,,,,,,,,,,,,,,,,,,,,
Q12,3,11,1,28.65,orders,lineitem,3115341,1,frozen,150000000,103766016,THC-Full,,,917504,1957,,,,,,,,,,,,,,,,,,,,,,,,,,,,,,,,,,,,,,,,,,,,,,,,,,,,,,,,,,,,,,,,,,,,,,,,,,,,,,,,,,,,,,,,,,,,,,,,
Q13,3,11,1,64.29,orders,customer,15000000,1,frozen,148451295,4663876,THC-Full,,,1835008,100702,,,,,,,,,,,,,,,,,,,,,,,,,,,,,,,,,,,,,,,,,,,,,,,,,,,,,,,,,,,,,,,,,,,,,,,,,,,,,,,,,,,,,,,,,,,,,,,,
Q14,3,11,1,32.20,lineitem,part,20000000,1,frozen,7484260,1200219,THC-Full,,,458752,99778,,,,,,,,,,,,,,,,,,,,,,,,,,,,,,,,,,,,,,,,,,,,,,,,,,,,,,,,,,,,,,,,,,,,,,,,,,,,,,,,,,,,,,,,,,,,,,,,
Q15,3,11,1,12.49,,,1,0,never_instantiated,0,,,,,0,0,supplier,,1000000,1,active,1000000,,,,,388971,100352,,,,,,,,,,,,,,,,,,,,,,,,,,,,,,,,,,,,,,,,,,,,,,,,,,,,,,,,,,,,,,,,,,,,,,,,,,,,,,,,,,,,
Q16,3,11,1,13.21,,supplier,479,0,never_instantiated,0,,,,,0,0,partsupp,,2971749,0,never_instantiated,0,,,,,0,0,part,,8,0,never_instantiated,0,,,,,0,0,,,,,,,,,,,,,,,,,,,,,,,,,,,,,,,,,,,,,,,,,,,,,,,,,,,,,,,,,,,,,,,,,,,,,,,,
Q17,3,11,1,51.84,lineitem,part,20031,0,never_instantiated,0,,,,,0,0,,,600982,1,active,20031,,,,,0,0,lineitem,,20031,0,never_instantiated,0,,,,,0,0,,,,,,,,,,,,,,,,,,,,,,,,,,,,,,,,,,,,,,,,,,,,,,,,,,,,,,,,,,,,,,,,,,,,,,,,
Q18,3,11,1,222.01,,lineitem,6398,0,never_instantiated,0,,,,,0,0,,customer,14999999,1,frozen,600037902,4216832,THC-Full,,,458752,25059,lineitem,orders,150000000,1,frozen,600037902,8230912,THC-Full,,,917504,25092,,,,,,,,,,,,,,,,,,,,,,,,,,,,,,,,,,,,,,,,,,,,,,,,,,,,,,,,,,,,,,,,,,,,,,,,
Q19,3,11,1,43.63,lineitem,part,20000000,1,frozen,21432090,1200726,THC-Full,,,458752,99799,,,,,,,,,,,,,,,,,,,,,,,,,,,,,,,,,,,,,,,,,,,,,,,,,,,,,,,,,,,,,,,,,,,,,,,,,,,,,,,,,,,,,,,,,,,,,,,,
Q20,3,11,1,23.25,,,40207,0,never_instantiated,0,,,,,0,0,partsupp,part,217222,0,never_instantiated,0,,,,,0,0,,,35136,0,never_instantiated,0,,,,,0,0,lineitem,,35136,0,never_instantiated,0,,,,,0,0,supplier,nation,1,0,never_instantiated,0,,,,,0,0,,,,,,,,,,,,,,,,,,,,,,,,,,,,,,,,,,,,,,,,,,,,,,,,
Q21,3,11,1,133.89,,nation,1,0,never_instantiated,0,,,,,0,0,,orders,73072502,1,frozen,15146702,8886185,THC-Full,,,1835008,46150,lineitem,supplier,39953,0,never_instantiated,0,,,,,0,0,,,7313671,1,frozen,29189835,4202283,THC-Full,,,458752,24170,lineitem,,7313658,1,frozen,600037706,174815187,THC-Full,,,917504,1208,,,7048027,1,frozen,18431243,2807488,THC-Full,,,458752,36102,lineitem,,7048014,1,frozen,379356365,114671920,THC-Full,,,917504,1824,,,,,,,,,,,,,,,,,,,,,,,,
Q22,3,11,1,27.23,,,1909668,1,frozen,19088090,1402169,THC-Full,,,458752,95897,orders,,1909668,1,frozen,149999690,34924467,THC-Full,,,917504,12751,,,,,,,,,,,,,,,,,,,,,,,,,,,,,,,,,,,,,,,,,,,,,,,,,,,,,,,,,,,,,,,,,,,,,,,,,,,,,,,,,,,,
Q01,3,12,1,31.11,,,,,,,,,,,,,,,,,,,,,,,,,,,,,,,,,,,,,,,,,,,,,,,,,,,,,,,,,,,,,,,,,,,,,,,,,,,,,,,,,,,,,,,,,,,,,,,,,,,,,,,,,,,,
Q02,3,12,1,5.61,,region,1,0,never_instantiated,0,,,,,0,0,,nation,5,0,never_instantiated,0,,,,,0,0,,supplier,200535,0,never_instantiated,0,,,,,0,0,partsupp,part,79591,0,never_instantiated,0,,,,,0,0,,,63825,0,never_instantiated,0,,,,,0,0,,,47107,0,never_instantiated,0,,,,,0,0,partsupp,,200535,0,never_instantiated,0,,,,,0,0,,region,1,0,never_instantiated,0,,,,,0,0,supplier,nation,5,0,never_instantiated,0,,,,,0,0
Q03,3,12,1,55.82,,customer,3000188,1,active,14960885,,,,,490811,7578,lineitem,orders,72874383,1,frozen,323494519,115457327,THC-Full,,,917504,1762,,,,,,,,,,,,,,,,,,,,,,,,,,,,,,,,,,,,,,,,,,,,,,,,,,,,,,,,,,,,,,,,,,,,,,,,,,,,,,,,,,,,
Q04,3,12,1,44.74,,,5733776,1,frozen,14498066,2819008,THC-Full,,,458752,36339,lineitem,,5733776,1,frozen,379356321,146165147,THC-Full,,,917504,1368,,,,,,,,,,,,,,,,,,,,,,,,,,,,,,,,,,,,,,,,,,,,,,,,,,,,,,,,,,,,,,,,,,,,,,,,,,,,,,,,,,,,
Q05,3,12,1,86.11,,supplier,1000000,1,active,18210128,,,,,166946,3924,,region,1,0,never_instantiated,0,,,,,0,0,,nation,5,0,never_instantiated,0,,,,,0,0,,customer,2999759,1,frozen,91044214,58292479,THC-Full,,,917504,5056,lineitem,orders,22760819,1,frozen,91260258,8213835,THC-Full,,,917504,25065,,,,,,,,,,,,,,,,,,,,,,,,,,,,,,,,,,,,,,,,,,,,,,,,
Q06,3,12,1,9.14,,,,,,,,,,,,,,,,,,,,,,,,,,,,,,,,,,,,,,,,,,,,,,,,,,,,,,,,,,,,,,,,,,,,,,,,,,,,,,,,,,,,,,,,,,,,,,,,,,,,,,,,,,,,
Q07,3,12,1,22.71,,nation,2,0,never_instantiated,0,,,,,0,0,,supplier,80171,0,never_instantiated,0,,,,,0,0,,nation,2,0,never_instantiated,0,,,,,0,0,,customer,1200139,1,active,1175823,,,,,326151,81269,lineitem,orders,12026518,1,active,1182992,,,,,429960,85768,,,,,,,,,,,,,,,,,,,,,,,,,,,,,,,,,,,,,,,,,,,,,,,,
Q08,3,12,1,26.37,,part,134258,0,never_instantiated,0,,,,,0,0,,region,1,0,never_instantiated,0,,,,,0,0,,nation,5,0,never_instantiated,0,,,,,0,0,,customer,3001905,1,active,1246109,,,,,115118,19677,,nation,25,0,never_instantiated,0,,,,,0,0,,supplier,1000000,0,never_instantiated,0,,,,,0,0,lineitem,orders,45574624,1,active,4105418,,,,,604105,30731,,,,,,,,,,,,,,,,,,,,,,,,
Q09,3,12,1,126.83,,partsupp,80000000,1,frozen,32636547,1200857,THC-Full,,,458752,98899,,nation,25,0,never_instantiated,0,,,,,0,0,,part,1087982,1,frozen,32720442,5803319,THC-Full,,,917504,95299,,supplier,1000000,0,never_instantiated,0,,,,,0,0,lineitem,orders,150000000,1,frozen,32720442,2401580,THC-Full,,,917504,89782,,,,,,,,,,,,,,,,,,,,,,,,,,,,,,,,,,,,,,,,,,,,,,,,
Q10,3,12,1,28.68,,nation,25,0,never_instantiated,0,,,,,0,0,customer,,11463171,0,never_instantiated,0,,,,,0,0,lineitem,orders,5730378,1,frozen,11522851,4857506,THC-Full,,,917504,42849,,,,,,,,,,,,,,,,,,,,,,,,,,,,,,,,,,,,,,,,,,,,,,,,,,,,,,,,,,,,,,,,,,,,,,,,
Q11,3,12,1,5.17,partsupp,,40045,0,never_instantiated,0,,,,,0,0,supplier,nation,1,0,never_instantiated,0,,,,,0,0,partsupp,,40045,0,never_instantiated,0,,,,,0,0,supplier,nation,1,0,never_instantiated,0,,,,,0,0,,,,,,,,,,,,,,,,,,,,,,,,,,,,,,,,,,,,,,,,,,,,,,,,,,,,,,,,,,,,
Q12,3,12,1,28.64,orders,lineitem,3115341,1,frozen,150000000,103766016,THC-Full,,,917504,1957,,,,,,,,,,,,,,,,,,,,,,,,,,,,,,,,,,,,,,,,,,,,,,,,,,,,,,,,,,,,,,,,,,,,,,,,,,,,,,,,,,,,,,,,,,,,,,,,
Q13,3,12,1,63.46,orders,customer,15000000,1,frozen,148451295,4663876,THC-Full,,,1835008,100702,,,,,,,,,,,,,,,,,,,,,,,,,,,,,,,,,,,,,,,,,,,,,,,,,,,,,,,,,,,,,,,,,,,,,,,,,,,,,,,,,,,,,,,,,,,,,,,,
Q14,3,12,1,32.48,lineitem,part,20000000,1,frozen,7484260,1200219,THC-Full,,,458752,99778,,,,,,,,,,,,,,,,,,,,,,,,,,,,,,,,,,,,,,,,,,,,,,,,,,,,,,,,,,,,,,,,,,,,,,,,,,,,,,,,,,,,,,,,,,,,,,,,
Q15,3,12,1,12.34,,,1,0,never_instantiated,0,,,,,0,0,supplier,,1000000,1,active,1000000,,,,,388971,100352,,,,,,,,,,,,,,,,,,,,,,,,,,,,,,,,,,,,,,,,,,,,,,,,,,,,,,,,,,,,,,,,,,,,,,,,,,,,,,,,,,,,
Q16,3,12,1,12.84,,supplier,479,0,never_instantiated,0,,,,,0,0,partsupp,,2971749,0,never_instantiated,0,,,,,0,0,part,,8,0,never_instantiated,0,,,,,0,0,,,,,,,,,,,,,,,,,,,,,,,,,,,,,,,,,,,,,,,,,,,,,,,,,,,,,,,,,,,,,,,,,,,,,,,,
Q17,3,12,1,52.88,lineitem,part,20031,0,never_instantiated,0,,,,,0,0,,,600982,1,active,20031,,,,,0,0,lineitem,,20031,0,never_instantiated,0,,,,,0,0,,,,,,,,,,,,,,,,,,,,,,,,,,,,,,,,,,,,,,,,,,,,,,,,,,,,,,,,,,,,,,,,,,,,,,,,
Q18,3,12,1,223.38,,lineitem,6398,0,never_instantiated,0,,,,,0,0,,customer,14999999,1,frozen,600037902,4216832,THC-Full,,,458752,25059,lineitem,orders,150000000,1,frozen,600037902,8230912,THC-Full,,,917504,25092,,,,,,,,,,,,,,,,,,,,,,,,,,,,,,,,,,,,,,,,,,,,,,,,,,,,,,,,,,,,,,,,,,,,,,,,
Q19,3,12,1,44.81,lineitem,part,20000000,1,frozen,21432090,1200726,THC-Full,,,458752,99799,,,,,,,,,,,,,,,,,,,,,,,,,,,,,,,,,,,,,,,,,,,,,,,,,,,,,,,,,,,,,,,,,,,,,,,,,,,,,,,,,,,,,,,,,,,,,,,,
Q20,3,12,1,23.04,,,40207,0,never_instantiated,0,,,,,0,0,partsupp,part,217222,0,never_instantiated,0,,,,,0,0,,,35136,0,never_instantiated,0,,,,,0,0,lineitem,,35136,0,never_instantiated,0,,,,,0,0,supplier,nation,1,0,never_instantiated,0,,,,,0,0,,,,,,,,,,,,,,,,,,,,,,,,,,,,,,,,,,,,,,,,,,,,,,,,
Q21,3,12,1,132.84,,nation,1,0,never_instantiated,0,,,,,0,0,,supplier,39953,0,never_instantiated,0,,,,,0,0,lineitem,orders,73072502,1,frozen,15249101,8892300,THC-Full,,,1835008,46782,,,7313671,1,frozen,29189835,4202283,THC-Full,,,458752,24170,lineitem,,7313658,1,frozen,600037706,174815187,THC-Full,,,917504,1208,,,7048027,1,frozen,18431243,2807488,THC-Full,,,458752,36102,lineitem,,7048014,1,frozen,379356365,114671920,THC-Full,,,917504,1824,,,,,,,,,,,,,,,,,,,,,,,,
Q22,3,12,1,27.45,,,1909668,1,frozen,19088090,1402169,THC-Full,,,458752,95897,orders,,1909668,1,frozen,149999690,34924467,THC-Full,,,917504,12751,,,,,,,,,,,,,,,,,,,,,,,,,,,,,,,,,,,,,,,,,,,,,,,,,,,,,,,,,,,,,,,,,,,,,,,,,,,,,,,,,,,,
Q01,3,13,1,31.21,,,,,,,,,,,,,,,,,,,,,,,,,,,,,,,,,,,,,,,,,,,,,,,,,,,,,,,,,,,,,,,,,,,,,,,,,,,,,,,,,,,,,,,,,,,,,,,,,,,,,,,,,,,,
Q02,3,13,1,7.00,,region,1,0,never_instantiated,0,,,,,0,0,,nation,5,0,never_instantiated,0,,,,,0,0,,part,79591,0,never_instantiated,0,,,,,0,0,partsupp,supplier,200535,0,never_instantiated,0,,,,,0,0,,,63825,0,never_instantiated,0,,,,,0,0,,,47107,0,never_instantiated,0,,,,,0,0,,region,1,0,never_instantiated,0,,,,,0,0,,nation,5,0,never_instantiated,0,,,,,0,0,partsupp,supplier,200535,0,never_instantiated,0,,,,,0,0
Q03,3,13,1,54.76,,customer,3000188,1,active,14960885,,,,,490811,7578,lineitem,orders,72874383,1,frozen,323494519,115457327,THC-Full,,,917504,1762,,,,,,,,,,,,,,,,,,,,,,,,,,,,,,,,,,,,,,,,,,,,,,,,,,,,,,,,,,,,,,,,,,,,,,,,,,,,,,,,,,,,
Q04,3,13,1,44.36,,,5733776,1,frozen,14498066,2819008,THC-Full,,,458752,36339,lineitem,,5733776,1,frozen,379356321,146165147,THC-Full,,,917504,1368,,,,,,,,,,,,,,,,,,,,,,,,,,,,,,,,,,,,,,,,,,,,,,,,,,,,,,,,,,,,,,,,,,,,,,,,,,,,,,,,,,,,
Q05,3,13,1,9999999,,,,,,,,,,,,,,,,,,,,,,,,,,,,,,,,,,,,,,,,,,,,,,,,,,,,,,,,,,,,,,,,,,,,,,,,,,,,,,,,,,,,,,,,,,,,,,,,,,,,,,,,,,,,
Q06,3,13,1,9.16,,,,,,,,,,,,,,,,,,,,,,,,,,,,,,,,,,,,,,,,,,,,,,,,,,,,,,,,,,,,,,,,,,,,,,,,,,,,,,,,,,,,,,,,,,,,,,,,,,,,,,,,,,,,
Q07,3,13,1,22.90,,nation,2,0,never_instantiated,0,,,,,0,0,,customer,1200139,1,active,1171959,,,,,326446,81355,,nation,2,0,never_instantiated,0,,,,,0,0,orders,,1179101,0,never_instantiated,0,,,,,0,0,lineitem,supplier,80171,0,never_instantiated,0,,,,,0,0,,,,,,,,,,,,,,,,,,,,,,,,,,,,,,,,,,,,,,,,,,,,,,,,
Q08,3,13,1,28.73,,region,1,0,never_instantiated,0,,,,,0,0,,nation,5,0,never_instantiated,0,,,,,0,0,customer,,1222092,0,never_instantiated,0,,,,,0,0,orders,,4025859,0,never_instantiated,0,,,,,0,0,,nation,25,0,never_instantiated,0,,,,,0,0,,supplier,1000000,0,never_instantiated,0,,,,,0,0,lineitem,part,134258,0,never_instantiated,0,,,,,0,0,,,,,,,,,,,,,,,,,,,,,,,,
Q09,3,13,1,63.68,,nation,25,0,never_instantiated,0,,,,,0,0,,supplier,1000000,0,never_instantiated,0,,,,,0,0,,orders,150000000,1,frozen,32636547,2435630,THC-Full,,,917504,91083,,partsupp,80000000,1,frozen,32636547,1219645,THC-Full,,,458752,100274,lineitem,part,1087982,1,frozen,32720442,5869479,THC-Full,,,917504,96800,,,,,,,,,,,,,,,,,,,,,,,,,,,,,,,,,,,,,,,,,,,,,,,,
Q10,3,13,1,28.90,,nation,25,0,never_instantiated,0,,,,,0,0,customer,,11463171,0,never_instantiated,0,,,,,0,0,lineitem,orders,5730378,1,frozen,11522851,4857506,THC-Full,,,917504,42849,,,,,,,,,,,,,,,,,,,,,,,,,,,,,,,,,,,,,,,,,,,,,,,,,,,,,,,,,,,,,,,,,,,,,,,,
Q11,3,13,1,6.43,,nation,1,0,never_instantiated,0,,,,,0,0,partsupp,supplier,40045,0,never_instantiated,0,,,,,0,0,partsupp,,40045,0,never_instantiated,0,,,,,0,0,supplier,nation,1,0,never_instantiated,0,,,,,0,0,,,,,,,,,,,,,,,,,,,,,,,,,,,,,,,,,,,,,,,,,,,,,,,,,,,,,,,,,,,,
Q12,3,13,1,28.62,orders,lineitem,3115341,1,frozen,150000000,103766016,THC-Full,,,917504,1957,,,,,,,,,,,,,,,,,,,,,,,,,,,,,,,,,,,,,,,,,,,,,,,,,,,,,,,,,,,,,,,,,,,,,,,,,,,,,,,,,,,,,,,,,,,,,,,,
Q13,3,13,1,62.50,orders,customer,15000000,1,frozen,148451295,4663876,THC-Full,,,1835008,100702,,,,,,,,,,,,,,,,,,,,,,,,,,,,,,,,,,,,,,,,,,,,,,,,,,,,,,,,,,,,,,,,,,,,,,,,,,,,,,,,,,,,,,,,,,,,,,,,
Q14,3,13,1,31.55,lineitem,part,20000000,1,frozen,7484260,1200219,THC-Full,,,458752,99778,,,,,,,,,,,,,,,,,,,,,,,,,,,,,,,,,,,,,,,,,,,,,,,,,,,,,,,,,,,,,,,,,,,,,,,,,,,,,,,,,,,,,,,,,,,,,,,,
Q15,3,13,1,12.24,,,1,0,never_instantiated,0,,,,,0,0,supplier,,1000000,1,active,1000000,,,,,388971,100352,,,,,,,,,,,,,,,,,,,,,,,,,,,,,,,,,,,,,,,,,,,,,,,,,,,,,,,,,,,,,,,,,,,,,,,,,,,,,,,,,,,,
Q16,3,13,1,13.05,,supplier,479,0,never_instantiated,0,,,,,0,0,partsupp,,2971749,0,never_instantiated,0,,,,,0,0,part,,8,0,never_instantiated,0,,,,,0,0,,,,,,,,,,,,,,,,,,,,,,,,,,,,,,,,,,,,,,,,,,,,,,,,,,,,,,,,,,,,,,,,,,,,,,,,
Q17,3,13,1,53.24,lineitem,part,20031,0,never_instantiated,0,,,,,0,0,,,600982,1,active,20031,,,,,0,0,lineitem,,20031,0,never_instantiated,0,,,,,0,0,,,,,,,,,,,,,,,,,,,,,,,,,,,,,,,,,,,,,,,,,,,,,,,,,,,,,,,,,,,,,,,,,,,,,,,,
Q18,3,13,1,220.01,,lineitem,6398,0,never_instantiated,0,,,,,0,0,,customer,14999999,1,frozen,600037902,4216832,THC-Full,,,458752,25059,lineitem,orders,150000000,1,frozen,600037902,8230912,THC-Full,,,917504,25092,,,,,,,,,,,,,,,,,,,,,,,,,,,,,,,,,,,,,,,,,,,,,,,,,,,,,,,,,,,,,,,,,,,,,,,,
Q19,3,13,1,44.22,lineitem,part,20000000,1,frozen,21432090,1200726,THC-Full,,,458752,99799,,,,,,,,,,,,,,,,,,,,,,,,,,,,,,,,,,,,,,,,,,,,,,,,,,,,,,,,,,,,,,,,,,,,,,,,,,,,,,,,,,,,,,,,,,,,,,,,
Q20,3,13,1,23.12,,,40207,0,never_instantiated,0,,,,,0,0,partsupp,part,217222,0,never_instantiated,0,,,,,0,0,,,35136,0,never_instantiated,0,,,,,0,0,lineitem,,35136,0,never_instantiated,0,,,,,0,0,supplier,nation,1,0,never_instantiated,0,,,,,0,0,,,,,,,,,,,,,,,,,,,,,,,,,,,,,,,,,,,,,,,,,,,,,,,,
Q21,3,13,1,133.27,,nation,1,0,never_instantiated,0,,,,,0,0,,orders,73072502,1,frozen,15146702,8886185,THC-Full,,,1835008,46150,lineitem,supplier,39953,0,never_instantiated,0,,,,,0,0,,,7313671,1,frozen,29189835,4202283,THC-Full,,,458752,24170,lineitem,,7313658,1,frozen,600037706,174815187,THC-Full,,,917504,1208,,,7048027,1,frozen,18431243,2807488,THC-Full,,,458752,36102,lineitem,,7048014,1,frozen,379356365,114671920,THC-Full,,,917504,1824,,,,,,,,,,,,,,,,,,,,,,,,
Q22,3,13,1,27.42,,,1909668,1,frozen,19088090,1402169,THC-Full,,,458752,95897,orders,,1909668,1,frozen,149999690,34924467,THC-Full,,,917504,12751,,,,,,,,,,,,,,,,,,,,,,,,,,,,,,,,,,,,,,,,,,,,,,,,,,,,,,,,,,,,,,,,,,,,,,,,,,,,,,,,,,,,
Q01,3,14,1,31.16,,,,,,,,,,,,,,,,,,,,,,,,,,,,,,,,,,,,,,,,,,,,,,,,,,,,,,,,,,,,,,,,,,,,,,,,,,,,,,,,,,,,,,,,,,,,,,,,,,,,,,,,,,,,
Q02,3,14,1,7.72,,region,1,0,never_instantiated,0,,,,,0,0,,nation,5,0,never_instantiated,0,,,,,0,0,,supplier,200535,0,never_instantiated,0,,,,,0,0,partsupp,part,79591,0,never_instantiated,0,,,,,0,0,,,63825,0,never_instantiated,0,,,,,0,0,,,47107,0,never_instantiated,0,,,,,0,0,,region,1,0,never_instantiated,0,,,,,0,0,,nation,5,0,never_instantiated,0,,,,,0,0,partsupp,supplier,200535,0,never_instantiated,0,,,,,0,0
Q03,3,14,1,56.16,,customer,3000188,1,active,14960885,,,,,490811,7578,lineitem,orders,72874383,1,frozen,323494519,115457327,THC-Full,,,917504,1762,,,,,,,,,,,,,,,,,,,,,,,,,,,,,,,,,,,,,,,,,,,,,,,,,,,,,,,,,,,,,,,,,,,,,,,,,,,,,,,,,,,,
Q04,3,14,1,44.69,,,5733776,1,frozen,14498066,2819008,THC-Full,,,458752,36339,lineitem,,5733776,1,frozen,379356321,146165147,THC-Full,,,917504,1368,,,,,,,,,,,,,,,,,,,,,,,,,,,,,,,,,,,,,,,,,,,,,,,,,,,,,,,,,,,,,,,,,,,,,,,,,,,,,,,,,,,,
Q05,3,14,1,82.17,,region,1,0,never_instantiated,0,,,,,0,0,,nation,5,0,never_instantiated,0,,,,,0,0,,customer,2999759,1,active,91044214,,,,,307044,752,,supplier,1000000,0,never_instantiated,0,,,,,0,0,lineitem,orders,22760819,1,frozen,91260258,8213835,THC-Full,,,917504,25065,,,,,,,,,,,,,,,,,,,,,,,,,,,,,,,,,,,,,,,,,,,,,,,,
Q06,3,14,1,9.07,,,,,,,,,,,,,,,,,,,,,,,,,,,,,,,,,,,,,,,,,,,,,,,,,,,,,,,,,,,,,,,,,,,,,,,,,,,,,,,,,,,,,,,,,,,,,,,,,,,,,,,,,,,,
Q07,3,14,1,22.57,,nation,2,0,never_instantiated,0,,,,,0,0,,customer,1200139,1,active,1171959,,,,,326423,81334,,nation,2,0,never_instantiated,0,,,,,0,0,,supplier,80171,0,never_instantiated,0,,,,,0,0,lineitem,orders,12026518,1,active,1182992,,,,,429960,85768,,,,,,,,,,,,,,,,,,,,,,,,,,,,,,,,,,,,,,,,,,,,,,,,
Q08,3,14,1,27.13,,region,1,0,never_instantiated,0,,,,,0,0,,nation,5,0,never_instantiated,0,,,,,0,0,,part,134258,0,never_instantiated,0,,,,,0,0,,customer,3001905,1,active,1246109,,,,,115118,19677,,orders,45574624,1,active,4105418,,,,,604105,30731,,nation,25,0,never_instantiated,0,,,,,0,0,lineitem,supplier,1000000,0,never_instantiated,0,,,,,0,0,,,,,,,,,,,,,,,,,,,,,,,,
Q09,3,14,1,63.35,,nation,25,0,never_instantiated,0,,,,,0,0,,supplier,1000000,0,never_instantiated,0,,,,,0,0,,part,1087982,1,frozen,32720442,5869479,THC-Full,,,917504,96800,,orders,150000000,1,frozen,32720442,2430724,THC-Full,,,917504,91277,lineitem,partsupp,80000000,1,frozen,32720442,1215270,THC-Full,,,458752,100504,,,,,,,,,,,,,,,,,,,,,,,,,,,,,,,,,,,,,,,,,,,,,,,,
Q10,3,14,1,28.90,,nation,25,0,never_instantiated,0,,,,,0,0,customer,,11463171,0,never_instantiated,0,,,,,0,0,lineitem,orders,5730378,1,frozen,11522851,4857506,THC-Full,,,917504,42849,,,,,,,,,,,,,,,,,,,,,,,,,,,,,,,,,,,,,,,,,,,,,,,,,,,,,,,,,,,,,,,,,,,,,,,,
Q11,3,14,1,5.22,partsupp,,40045,0,never_instantiated,0,,,,,0,0,supplier,nation,1,0,never_instantiated,0,,,,,0,0,partsupp,,40045,0,never_instantiated,0,,,,,0,0,supplier,nation,1,0,never_instantiated,0,,,,,0,0,,,,,,,,,,,,,,,,,,,,,,,,,,,,,,,,,,,,,,,,,,,,,,,,,,,,,,,,,,,,
Q12,3,14,1,29.17,orders,lineitem,3115341,1,frozen,150000000,103766016,THC-Full,,,917504,1957,,,,,,,,,,,,,,,,,,,,,,,,,,,,,,,,,,,,,,,,,,,,,,,,,,,,,,,,,,,,,,,,,,,,,,,,,,,,,,,,,,,,,,,,,,,,,,,,
Q13,3,14,1,62.38,orders,customer,15000000,1,frozen,148451295,4663876,THC-Full,,,1835008,100702,,,,,,,,,,,,,,,,,,,,,,,,,,,,,,,,,,,,,,,,,,,,,,,,,,,,,,,,,,,,,,,,,,,,,,,,,,,,,,,,,,,,,,,,,,,,,,,,
Q14,3,14,1,31.27,lineitem,part,20000000,1,frozen,7484260,1200219,THC-Full,,,458752,99778,,,,,,,,,,,,,,,,,,,,,,,,,,,,,,,,,,,,,,,,,,,,,,,,,,,,,,,,,,,,,,,,,,,,,,,,,,,,,,,,,,,,,,,,,,,,,,,,
Q15,3,14,1,12.54,,,1,0,never_instantiated,0,,,,,0,0,supplier,,1000000,1,active,1000000,,,,,388971,100352,,,,,,,,,,,,,,,,,,,,,,,,,,,,,,,,,,,,,,,,,,,,,,,,,,,,,,,,,,,,,,,,,,,,,,,,,,,,,,,,,,,,
Q16,3,14,1,13.08,,supplier,479,0,never_instantiated,0,,,,,0,0,partsupp,,2971749,0,never_instantiated,0,,,,,0,0,part,,8,0,never_instantiated,0,,,,,0,0,,,,,,,,,,,,,,,,,,,,,,,,,,,,,,,,,,,,,,,,,,,,,,,,,,,,,,,,,,,,,,,,,,,,,,,,
Q17,3,14,1,53.49,lineitem,part,20031,0,never_instantiated,0,,,,,0,0,,,600982,1,active,20031,,,,,0,0,lineitem,,20031,0,never_instantiated,0,,,,,0,0,,,,,,,,,,,,,,,,,,,,,,,,,,,,,,,,,,,,,,,,,,,,,,,,,,,,,,,,,,,,,,,,,,,,,,,,
Q18,3,14,1,222.58,,lineitem,6398,0,never_instantiated,0,,,,,0,0,,customer,14999999,1,frozen,600037902,4216832,THC-Full,,,458752,25059,lineitem,orders,150000000,1,frozen,600037902,8230912,THC-Full,,,917504,25092,,,,,,,,,,,,,,,,,,,,,,,,,,,,,,,,,,,,,,,,,,,,,,,,,,,,,,,,,,,,,,,,,,,,,,,,
Q19,3,14,1,43.98,lineitem,part,20000000,1,frozen,21432090,1200726,THC-Full,,,458752,99799,,,,,,,,,,,,,,,,,,,,,,,,,,,,,,,,,,,,,,,,,,,,,,,,,,,,,,,,,,,,,,,,,,,,,,,,,,,,,,,,,,,,,,,,,,,,,,,,
Q20,3,14,1,22.98,,,40207,0,never_instantiated,0,,,,,0,0,partsupp,part,217222,0,never_instantiated,0,,,,,0,0,,,35136,0,never_instantiated,0,,,,,0,0,lineitem,,35136,0,never_instantiated,0,,,,,0,0,supplier,nation,1,0,never_instantiated,0,,,,,0,0,,,,,,,,,,,,,,,,,,,,,,,,,,,,,,,,,,,,,,,,,,,,,,,,
Q21,3,14,1,132.63,,nation,1,0,never_instantiated,0,,,,,0,0,,supplier,39953,0,never_instantiated,0,,,,,0,0,lineitem,orders,73072502,1,frozen,15249101,8892300,THC-Full,,,1835008,46782,,,7313671,1,frozen,29189835,4202283,THC-Full,,,458752,24170,lineitem,,7313658,1,frozen,600037706,174815187,THC-Full,,,917504,1208,,,7048027,1,frozen,18431243,2807488,THC-Full,,,458752,36102,lineitem,,7048014,1,frozen,379356365,114671920,THC-Full,,,917504,1824,,,,,,,,,,,,,,,,,,,,,,,,
Q22,3,14,1,27.19,,,1909668,1,frozen,19088090,1402169,THC-Full,,,458752,95897,orders,,1909668,1,frozen,149999690,34924467,THC-Full,,,917504,12751,,,,,,,,,,,,,,,,,,,,,,,,,,,,,,,,,,,,,,,,,,,,,,,,,,,,,,,,,,,,,,,,,,,,,,,,,,,,,,,,,,,,
Q01,3,15,1,31.35,,,,,,,,,,,,,,,,,,,,,,,,,,,,,,,,,,,,,,,,,,,,,,,,,,,,,,,,,,,,,,,,,,,,,,,,,,,,,,,,,,,,,,,,,,,,,,,,,,,,,,,,,,,,
Q02,3,15,1,7.02,,region,1,0,never_instantiated,0,,,,,0,0,,nation,5,0,never_instantiated,0,,,,,0,0,,part,79591,0,never_instantiated,0,,,,,0,0,partsupp,supplier,200535,0,never_instantiated,0,,,,,0,0,,,63825,0,never_instantiated,0,,,,,0,0,,,47107,0,never_instantiated,0,,,,,0,0,,region,1,0,never_instantiated,0,,,,,0,0,,nation,5,0,never_instantiated,0,,,,,0,0,partsupp,supplier,200535,0,never_instantiated,0,,,,,0,0
Q03,3,15,1,55.48,,customer,3000188,1,active,14960885,,,,,490811,7578,lineitem,orders,72874383,1,frozen,323494519,115457327,THC-Full,,,917504,1762,,,,,,,,,,,,,,,,,,,,,,,,,,,,,,,,,,,,,,,,,,,,,,,,,,,,,,,,,,,,,,,,,,,,,,,,,,,,,,,,,,,,
Q04,3,15,1,44.91,,,5733776,1,frozen,14498066,2819008,THC-Full,,,458752,36339,lineitem,,5733776,1,frozen,379356321,146165147,THC-Full,,,917504,1368,,,,,,,,,,,,,,,,,,,,,,,,,,,,,,,,,,,,,,,,,,,,,,,,,,,,,,,,,,,,,,,,,,,,,,,,,,,,,,,,,,,,
Q05,3,15,1,64.55,,customer,14999999,1,active,18199912,,,,,305761,3763,,region,1,0,never_instantiated,0,,,,,0,0,,orders,22760819,1,frozen,18242990,3013460,THC-Full,,,917504,68301,,nation,5,0,never_instantiated,0,,,,,0,0,lineitem,supplier,199889,0,never_instantiated,0,,,,,0,0,,,,,,,,,,,,,,,,,,,,,,,,,,,,,,,,,,,,,,,,,,,,,,,,
Q06,3,15,1,9.03,,,,,,,,,,,,,,,,,,,,,,,,,,,,,,,,,,,,,,,,,,,,,,,,,,,,,,,,,,,,,,,,,,,,,,,,,,,,,,,,,,,,,,,,,,,,,,,,,,,,,,,,,,,,
Q07,3,15,1,24.32,,nation,2,0,never_instantiated,0,,,,,0,0,,nation,2,0,never_instantiated,0,,,,,0,0,,customer,1200139,1,active,1171959,,,,,326427,81355,orders,,1179101,0,never_instantiated,0,,,,,0,0,lineitem,supplier,80171,0,never_instantiated,0,,,,,0,0,,,,,,,,,,,,,,,,,,,,,,,,,,,,,,,,,,,,,,,,,,,,,,,,
Q08,3,15,1,26.68,,region,1,0,never_instantiated,0,,,,,0,0,,nation,5,0,never_instantiated,0,,,,,0,0,customer,,1222092,0,never_instantiated,0,,,,,0,0,,nation,25,0,never_instantiated,0,,,,,0,0,,supplier,1000000,0,never_instantiated,0,,,,,0,0,,part,134258,0,never_instantiated,0,,,,,0,0,lineitem,orders,45574624,1,active,4105418,,,,,604105,30731,,,,,,,,,,,,,,,,,,,,,,,,
Q09,3,15,1,64.81,,nation,25,0,never_instantiated,0,,,,,0,0,,partsupp,80000000,1,frozen,32636547,1219645,THC-Full,,,458752,100274,,part,1087982,1,frozen,32720442,5869479,THC-Full,,,917504,96800,,orders,150000000,1,frozen,32720442,2430724,THC-Full,,,917504,91277,lineitem,supplier,1000000,0,never_instantiated,0,,,,,0,0,,,,,,,,,,,,,,,,,,,,,,,,,,,,,,,,,,,,,,,,,,,,,,,,
Q10,3,15,1,28.30,,nation,25,0,never_instantiated,0,,,,,0,0,customer,,11463171,0,never_instantiated,0,,,,,0,0,lineitem,orders,5730378,1,frozen,11522851,4857506,THC-Full,,,917504,42849,,,,,,,,,,,,,,,,,,,,,,,,,,,,,,,,,,,,,,,,,,,,,,,,,,,,,,,,,,,,,,,,,,,,,,,,
Q11,3,15,1,7.46,,nation,1,0,never_instantiated,0,,,,,0,0,partsupp,supplier,40045,0,never_instantiated,0,,,,,0,0,,nation,1,0,never_instantiated,0,,,,,0,0,partsupp,supplier,40045,0,never_instantiated,0,,,,,0,0,,,,,,,,,,,,,,,,,,,,,,,,,,,,,,,,,,,,,,,,,,,,,,,,,,,,,,,,,,,,
Q12,3,15,1,29.17,orders,lineitem,3115341,1,frozen,150000000,103766016,THC-Full,,,917504,1957,,,,,,,,,,,,,,,,,,,,,,,,,,,,,,,,,,,,,,,,,,,,,,,,,,,,,,,,,,,,,,,,,,,,,,,,,,,,,,,,,,,,,,,,,,,,,,,,
Q13,3,15,1,64.26,orders,customer,15000000,1,frozen,148451295,4663876,THC-Full,,,1835008,100702,,,,,,,,,,,,,,,,,,,,,,,,,,,,,,,,,,,,,,,,,,,,,,,,,,,,,,,,,,,,,,,,,,,,,,,,,,,,,,,,,,,,,,,,,,,,,,,,
Q14,3,15,1,32.11,lineitem,part,20000000,1,frozen,7484260,1200219,THC-Full,,,458752,99778,,,,,,,,,,,,,,,,,,,,,,,,,,,,,,,,,,,,,,,,,,,,,,,,,,,,,,,,,,,,,,,,,,,,,,,,,,,,,,,,,,,,,,,,,,,,,,,,
Q15,3,15,1,12.26,,,1,0,never_instantiated,0,,,,,0,0,supplier,,1000000,1,active,1000000,,,,,388971,100352,,,,,,,,,,,,,,,,,,,,,,,,,,,,,,,,,,,,,,,,,,,,,,,,,,,,,,,,,,,,,,,,,,,,,,,,,,,,,,,,,,,,
Q16,3,15,1,13.01,,supplier,479,0,never_instantiated,0,,,,,0,0,partsupp,,2971749,0,never_instantiated,0,,,,,0,0,part,,8,0,never_instantiated,0,,,,,0,0,,,,,,,,,,,,,,,,,,,,,,,,,,,,,,,,,,,,,,,,,,,,,,,,,,,,,,,,,,,,,,,,,,,,,,,,
Q17,3,15,1,52.25,lineitem,part,20031,0,never_instantiated,0,,,,,0,0,,,600982,1,active,20031,,,,,0,0,lineitem,,20031,0,never_instantiated,0,,,,,0,0,,,,,,,,,,,,,,,,,,,,,,,,,,,,,,,,,,,,,,,,,,,,,,,,,,,,,,,,,,,,,,,,,,,,,,,,
Q18,3,15,1,224.03,,lineitem,6398,0,never_instantiated,0,,,,,0,0,,customer,14999999,1,frozen,600037902,4216832,THC-Full,,,458752,25059,lineitem,orders,150000000,1,frozen,600037902,8230912,THC-Full,,,917504,25092,,,,,,,,,,,,,,,,,,,,,,,,,,,,,,,,,,,,,,,,,,,,,,,,,,,,,,,,,,,,,,,,,,,,,,,,
Q19,3,15,1,44.85,lineitem,part,20000000,1,frozen,21432090,1200726,THC-Full,,,458752,99799,,,,,,,,,,,,,,,,,,,,,,,,,,,,,,,,,,,,,,,,,,,,,,,,,,,,,,,,,,,,,,,,,,,,,,,,,,,,,,,,,,,,,,,,,,,,,,,,
Q20,3,15,1,23.42,,,40207,0,never_instantiated,0,,,,,0,0,partsupp,part,217222,0,never_instantiated,0,,,,,0,0,,,35136,0,never_instantiated,0,,,,,0,0,lineitem,,35136,0,never_instantiated,0,,,,,0,0,supplier,nation,1,0,never_instantiated,0,,,,,0,0,,,,,,,,,,,,,,,,,,,,,,,,,,,,,,,,,,,,,,,,,,,,,,,,
Q21,3,15,1,133.79,,nation,1,0,never_instantiated,0,,,,,0,0,,orders,73072502,1,frozen,15146702,8886185,THC-Full,,,1835008,46150,lineitem,supplier,39953,0,never_instantiated,0,,,,,0,0,,,7313671,1,frozen,29189835,4202283,THC-Full,,,458752,24170,lineitem,,7313658,1,frozen,600037706,174815187,THC-Full,,,917504,1208,,,7048027,1,frozen,18431243,2807488,THC-Full,,,458752,36102,lineitem,,7048014,1,frozen,379356365,114671920,THC-Full,,,917504,1824,,,,,,,,,,,,,,,,,,,,,,,,
Q22,3,15,1,27.34,,,1909668,1,frozen,19088090,1402169,THC-Full,,,458752,95897,orders,,1909668,1,frozen,149999690,34924467,THC-Full,,,917504,12751,,,,,,,,,,,,,,,,,,,,,,,,,,,,,,,,,,,,,,,,,,,,,,,,,,,,,,,,,,,,,,,,,,,,,,,,,,,,,,,,,,,,
Q01,3,16,1,31.25,,,,,,,,,,,,,,,,,,,,,,,,,,,,,,,,,,,,,,,,,,,,,,,,,,,,,,,,,,,,,,,,,,,,,,,,,,,,,,,,,,,,,,,,,,,,,,,,,,,,,,,,,,,,
Q02,3,16,1,5.54,,region,1,0,never_instantiated,0,,,,,0,0,,nation,5,0,never_instantiated,0,,,,,0,0,,supplier,200535,0,never_instantiated,0,,,,,0,0,partsupp,part,79591,0,never_instantiated,0,,,,,0,0,,,63825,0,never_instantiated,0,,,,,0,0,,,47107,0,never_instantiated,0,,,,,0,0,partsupp,,200535,0,never_instantiated,0,,,,,0,0,,region,1,0,never_instantiated,0,,,,,0,0,supplier,nation,5,0,never_instantiated,0,,,,,0,0
Q03,3,16,1,55.38,,customer,3000188,1,active,14960885,,,,,490811,7578,lineitem,orders,72874383,1,frozen,323494519,115457327,THC-Full,,,917504,1762,,,,,,,,,,,,,,,,,,,,,,,,,,,,,,,,,,,,,,,,,,,,,,,,,,,,,,,,,,,,,,,,,,,,,,,,,,,,,,,,,,,,
Q04,3,16,1,44.45,,,5733776,1,frozen,14498066,2819008,THC-Full,,,458752,36339,lineitem,,5733776,1,frozen,379356321,146165147,THC-Full,,,917504,1368,,,,,,,,,,,,,,,,,,,,,,,,,,,,,,,,,,,,,,,,,,,,,,,,,,,,,,,,,,,,,,,,,,,,,,,,,,,,,,,,,,,,
Q05,3,16,1,82.52,,region,1,0,never_instantiated,0,,,,,0,0,,nation,5,0,never_instantiated,0,,,,,0,0,,customer,2999759,1,active,91044214,,,,,307044,752,,supplier,1000000,0,never_instantiated,0,,,,,0,0,lineitem,orders,22760819,1,frozen,91260258,8213835,THC-Full,,,917504,25065,,,,,,,,,,,,,,,,,,,,,,,,,,,,,,,,,,,,,,,,,,,,,,,,
Q06,3,16,1,9.05,,,,,,,,,,,,,,,,,,,,,,,,,,,,,,,,,,,,,,,,,,,,,,,,,,,,,,,,,,,,,,,,,,,,,,,,,,,,,,,,,,,,,,,,,,,,,,,,,,,,,,,,,,,,
Q07,3,16,1,22.57,,nation,2,0,never_instantiated,0,,,,,0,0,,customer,1200139,1,active,1171959,,,,,326423,81334,,nation,2,0,never_instantiated,0,,,,,0,0,,supplier,80171,0,never_instantiated,0,,,,,0,0,lineitem,orders,12026518,1,active,1182992,,,,,429960,85768,,,,,,,,,,,,,,,,,,,,,,,,,,,,,,,,,,,,,,,,,,,,,,,,
Q08,3,16,1,29.23,,region,1,0,never_instantiated,0,,,,,0,0,,nation,5,0,never_instantiated,0,,,,,0,0,customer,,1222092,0,never_instantiated,0,,,,,0,0,orders,,4025859,0,never_instantiated,0,,,,,0,0,,nation,25,0,never_instantiated,0,,,,,0,0,,supplier,1000000,0,never_instantiated,0,,,,,0,0,lineitem,part,134258,0,never_instantiated,0,,,,,0,0,,,,,,,,,,,,,,,,,,,,,,,,
Q09,3,16,1,127.81,,nation,25,0,never_instantiated,0,,,,,0,0,,supplier,1000000,0,never_instantiated,0,,,,,0,0,,partsupp,80000000,1,frozen,32636547,1200857,THC-Full,,,458752,98899,,part,1087982,1,frozen,32720442,5803319,THC-Full,,,917504,95299,lineitem,orders,150000000,1,frozen,32720442,2401580,THC-Full,,,917504,89782,,,,,,,,,,,,,,,,,,,,,,,,,,,,,,,,,,,,,,,,,,,,,,,,
Q10,3,16,1,28.84,,nation,25,0,never_instantiated,0,,,,,0,0,customer,,11463171,0,never_instantiated,0,,,,,0,0,lineitem,orders,5730378,1,frozen,11522851,4857506,THC-Full,,,917504,42849,,,,,,,,,,,,,,,,,,,,,,,,,,,,,,,,,,,,,,,,,,,,,,,,,,,,,,,,,,,,,,,,,,,,,,,,
Q11,3,16,1,5.19,partsupp,,40045,0,never_instantiated,0,,,,,0,0,supplier,nation,1,0,never_instantiated,0,,,,,0,0,partsupp,,40045,0,never_instantiated,0,,,,,0,0,supplier,nation,1,0,never_instantiated,0,,,,,0,0,,,,,,,,,,,,,,,,,,,,,,,,,,,,,,,,,,,,,,,,,,,,,,,,,,,,,,,,,,,,
Q12,3,16,1,29.22,orders,lineitem,3115341,1,frozen,150000000,103766016,THC-Full,,,917504,1957,,,,,,,,,,,,,,,,,,,,,,,,,,,,,,,,,,,,,,,,,,,,,,,,,,,,,,,,,,,,,,,,,,,,,,,,,,,,,,,,,,,,,,,,,,,,,,,,
Q13,3,16,1,63.76,orders,customer,15000000,1,frozen,148451295,4663876,THC-Full,,,1835008,100702,,,,,,,,,,,,,,,,,,,,,,,,,,,,,,,,,,,,,,,,,,,,,,,,,,,,,,,,,,,,,,,,,,,,,,,,,,,,,,,,,,,,,,,,,,,,,,,,
Q14,3,16,1,32.25,lineitem,part,20000000,1,frozen,7484260,1200219,THC-Full,,,458752,99778,,,,,,,,,,,,,,,,,,,,,,,,,,,,,,,,,,,,,,,,,,,,,,,,,,,,,,,,,,,,,,,,,,,,,,,,,,,,,,,,,,,,,,,,,,,,,,,,
Q15,3,16,1,12.39,,,1,0,never_instantiated,0,,,,,0,0,supplier,,1000000,1,active,1000000,,,,,388971,100352,,,,,,,,,,,,,,,,,,,,,,,,,,,,,,,,,,,,,,,,,,,,,,,,,,,,,,,,,,,,,,,,,,,,,,,,,,,,,,,,,,,,
Q16,3,16,1,13.04,,supplier,479,0,never_instantiated,0,,,,,0,0,partsupp,,2971749,0,never_instantiated,0,,,,,0,0,part,,8,0,never_instantiated,0,,,,,0,0,,,,,,,,,,,,,,,,,,,,,,,,,,,,,,,,,,,,,,,,,,,,,,,,,,,,,,,,,,,,,,,,,,,,,,,,
Q17,3,16,1,52.33,lineitem,part,20031,0,never_instantiated,0,,,,,0,0,,,600982,1,active,20031,,,,,0,0,lineitem,,20031,0,never_instantiated,0,,,,,0,0,,,,,,,,,,,,,,,,,,,,,,,,,,,,,,,,,,,,,,,,,,,,,,,,,,,,,,,,,,,,,,,,,,,,,,,,
Q18,3,16,1,222.79,,lineitem,6398,0,never_instantiated,0,,,,,0,0,,customer,14999999,1,frozen,600037902,4216832,THC-Full,,,458752,25059,lineitem,orders,150000000,1,frozen,600037902,8230912,THC-Full,,,917504,25092,,,,,,,,,,,,,,,,,,,,,,,,,,,,,,,,,,,,,,,,,,,,,,,,,,,,,,,,,,,,,,,,,,,,,,,,
Q19,3,16,1,43.76,lineitem,part,20000000,1,frozen,21432090,1200726,THC-Full,,,458752,99799,,,,,,,,,,,,,,,,,,,,,,,,,,,,,,,,,,,,,,,,,,,,,,,,,,,,,,,,,,,,,,,,,,,,,,,,,,,,,,,,,,,,,,,,,,,,,,,,
Q20,3,16,1,23.07,,,40207,0,never_instantiated,0,,,,,0,0,partsupp,part,217222,0,never_instantiated,0,,,,,0,0,,,35136,0,never_instantiated,0,,,,,0,0,lineitem,,35136,0,never_instantiated,0,,,,,0,0,supplier,nation,1,0,never_instantiated,0,,,,,0,0,,,,,,,,,,,,,,,,,,,,,,,,,,,,,,,,,,,,,,,,,,,,,,,,
Q21,3,16,1,132.03,,nation,1,0,never_instantiated,0,,,,,0,0,,supplier,39953,0,never_instantiated,0,,,,,0,0,lineitem,orders,73072502,1,frozen,15249101,8892300,THC-Full,,,1835008,46782,,,7313671,1,frozen,29189835,4202283,THC-Full,,,458752,24170,lineitem,,7313658,1,frozen,600037706,174815187,THC-Full,,,917504,1208,,,7048027,1,frozen,18431243,2807488,THC-Full,,,458752,36102,lineitem,,7048014,1,frozen,379356365,114671920,THC-Full,,,917504,1824,,,,,,,,,,,,,,,,,,,,,,,,
Q22,3,16,1,26.79,,,1909668,1,frozen,19088090,1402169,THC-Full,,,458752,95897,orders,,1909668,1,frozen,149999690,34924467,THC-Full,,,917504,12751,,,,,,,,,,,,,,,,,,,,,,,,,,,,,,,,,,,,,,,,,,,,,,,,,,,,,,,,,,,,,,,,,,,,,,,,,,,,,,,,,,,,
Q01,3,17,1,31.28,,,,,,,,,,,,,,,,,,,,,,,,,,,,,,,,,,,,,,,,,,,,,,,,,,,,,,,,,,,,,,,,,,,,,,,,,,,,,,,,,,,,,,,,,,,,,,,,,,,,,,,,,,,,
Q02,3,17,1,5.18,,region,1,0,never_instantiated,0,,,,,0,0,,nation,5,0,never_instantiated,0,,,,,0,0,,part,79591,0,never_instantiated,0,,,,,0,0,partsupp,supplier,200535,0,never_instantiated,0,,,,,0,0,,,63825,0,never_instantiated,0,,,,,0,0,,,47107,0,never_instantiated,0,,,,,0,0,partsupp,,200535,0,never_instantiated,0,,,,,0,0,,region,1,0,never_instantiated,0,,,,,0,0,supplier,nation,5,0,never_instantiated,0,,,,,0,0
Q03,3,17,1,56.25,,customer,3000188,1,active,14960885,,,,,490811,7578,lineitem,orders,72874383,1,frozen,323494519,115457327,THC-Full,,,917504,1762,,,,,,,,,,,,,,,,,,,,,,,,,,,,,,,,,,,,,,,,,,,,,,,,,,,,,,,,,,,,,,,,,,,,,,,,,,,,,,,,,,,,
Q04,3,17,1,43.89,,,5733776,1,frozen,14498066,2819008,THC-Full,,,458752,36339,lineitem,,5733776,1,frozen,379356321,146165147,THC-Full,,,917504,1368,,,,,,,,,,,,,,,,,,,,,,,,,,,,,,,,,,,,,,,,,,,,,,,,,,,,,,,,,,,,,,,,,,,,,,,,,,,,,,,,,,,,
Q05,3,17,1,61.24,,region,1,0,never_instantiated,0,,,,,0,0,,customer,14999999,1,active,18199912,,,,,305761,3763,,nation,5,0,never_instantiated,0,,,,,0,0,,orders,22760819,1,frozen,18242990,3013460,THC-Full,,,917504,68301,lineitem,supplier,199889,0,never_instantiated,0,,,,,0,0,,,,,,,,,,,,,,,,,,,,,,,,,,,,,,,,,,,,,,,,,,,,,,,,
Q06,3,17,1,9.14,,,,,,,,,,,,,,,,,,,,,,,,,,,,,,,,,,,,,,,,,,,,,,,,,,,,,,,,,,,,,,,,,,,,,,,,,,,,,,,,,,,,,,,,,,,,,,,,,,,,,,,,,,,,
Q07,3,17,1,23.25,,nation,2,0,never_instantiated,0,,,,,0,0,,nation,2,0,never_instantiated,0,,,,,0,0,,customer,1200139,1,active,1171959,,,,,326427,81355,orders,,1179101,0,never_instantiated,0,,,,,0,0,lineitem,supplier,80171,0,never_instantiated,0,,,,,0,0,,,,,,,,,,,,,,,,,,,,,,,,,,,,,,,,,,,,,,,,,,,,,,,,
Q08,3,17,1,28.52,,nation,25,0,never_instantiated,0,,,,,0,0,,region,1,0,never_instantiated,0,,,,,0,0,,nation,5,0,never_instantiated,0,,,,,0,0,customer,,1222092,0,never_instantiated,0,,,,,0,0,orders,,4025859,0,never_instantiated,0,,,,,0,0,,part,134258,0,never_instantiated,0,,,,,0,0,lineitem,supplier,1000000,0,never_instantiated,0,,,,,0,0,,,,,,,,,,,,,,,,,,,,,,,,
Q09,3,17,1,64.22,,partsupp,80000000,1,frozen,32636547,1219645,THC-Full,,,458752,100274,,orders,150000000,1,frozen,32636547,2435630,THC-Full,,,917504,91083,,nation,25,0,never_instantiated,0,,,,,0,0,,supplier,1000000,0,never_instantiated,0,,,,,0,0,lineitem,part,1087982,1,frozen,32720442,5869479,THC-Full,,,917504,96800,,,,,,,,,,,,,,,,,,,,,,,,,,,,,,,,,,,,,,,,,,,,,,,,
Q10,3,17,1,28.88,,nation,25,0,never_instantiated,0,,,,,0,0,customer,,11463171,0,never_instantiated,0,,,,,0,0,lineitem,orders,5730378,1,frozen,11522851,4857506,THC-Full,,,917504,42849,,,,,,,,,,,,,,,,,,,,,,,,,,,,,,,,,,,,,,,,,,,,,,,,,,,,,,,,,,,,,,,,,,,,,,,,
Q11,3,17,1,7.41,,nation,1,0,never_instantiated,0,,,,,0,0,partsupp,supplier,40045,0,never_instantiated,0,,,,,0,0,,nation,1,0,never_instantiated,0,,,,,0,0,partsupp,supplier,40045,0,never_instantiated,0,,,,,0,0,,,,,,,,,,,,,,,,,,,,,,,,,,,,,,,,,,,,,,,,,,,,,,,,,,,,,,,,,,,,
Q12,3,17,1,29.40,orders,lineitem,3115341,1,frozen,150000000,103766016,THC-Full,,,917504,1957,,,,,,,,,,,,,,,,,,,,,,,,,,,,,,,,,,,,,,,,,,,,,,,,,,,,,,,,,,,,,,,,,,,,,,,,,,,,,,,,,,,,,,,,,,,,,,,,
Q13,3,17,1,63.67,orders,customer,15000000,1,frozen,148451295,4663876,THC-Full,,,1835008,100702,,,,,,,,,,,,,,,,,,,,,,,,,,,,,,,,,,,,,,,,,,,,,,,,,,,,,,,,,,,,,,,,,,,,,,,,,,,,,,,,,,,,,,,,,,,,,,,,
Q14,3,17,1,31.75,lineitem,part,20000000,1,frozen,7484260,1200219,THC-Full,,,458752,99778,,,,,,,,,,,,,,,,,,,,,,,,,,,,,,,,,,,,,,,,,,,,,,,,,,,,,,,,,,,,,,,,,,,,,,,,,,,,,,,,,,,,,,,,,,,,,,,,
Q15,3,17,1,12.54,,,1,0,never_instantiated,0,,,,,0,0,supplier,,1000000,1,active,1000000,,,,,388971,100352,,,,,,,,,,,,,,,,,,,,,,,,,,,,,,,,,,,,,,,,,,,,,,,,,,,,,,,,,,,,,,,,,,,,,,,,,,,,,,,,,,,,
Q16,3,17,1,12.92,,supplier,479,0,never_instantiated,0,,,,,0,0,partsupp,,2971749,0,never_instantiated,0,,,,,0,0,part,,8,0,never_instantiated,0,,,,,0,0,,,,,,,,,,,,,,,,,,,,,,,,,,,,,,,,,,,,,,,,,,,,,,,,,,,,,,,,,,,,,,,,,,,,,,,,
Q17,3,17,1,51.79,lineitem,part,20031,0,never_instantiated,0,,,,,0,0,,,600982,1,active,20031,,,,,0,0,lineitem,,20031,0,never_instantiated,0,,,,,0,0,,,,,,,,,,,,,,,,,,,,,,,,,,,,,,,,,,,,,,,,,,,,,,,,,,,,,,,,,,,,,,,,,,,,,,,,
Q18,3,17,1,221.78,,lineitem,6398,0,never_instantiated,0,,,,,0,0,,customer,14999999,1,frozen,600037902,4216832,THC-Full,,,458752,25059,lineitem,orders,150000000,1,frozen,600037902,8230912,THC-Full,,,917504,25092,,,,,,,,,,,,,,,,,,,,,,,,,,,,,,,,,,,,,,,,,,,,,,,,,,,,,,,,,,,,,,,,,,,,,,,,
Q19,3,17,1,44.39,lineitem,part,20000000,1,frozen,21432090,1200726,THC-Full,,,458752,99799,,,,,,,,,,,,,,,,,,,,,,,,,,,,,,,,,,,,,,,,,,,,,,,,,,,,,,,,,,,,,,,,,,,,,,,,,,,,,,,,,,,,,,,,,,,,,,,,
Q20,3,17,1,24.05,,,40207,0,never_instantiated,0,,,,,0,0,partsupp,part,217222,0,never_instantiated,0,,,,,0,0,,,35136,0,never_instantiated,0,,,,,0,0,lineitem,,35136,0,never_instantiated,0,,,,,0,0,supplier,nation,1,0,never_instantiated,0,,,,,0,0,,,,,,,,,,,,,,,,,,,,,,,,,,,,,,,,,,,,,,,,,,,,,,,,
Q21,3,17,1,134.17,,nation,1,0,never_instantiated,0,,,,,0,0,,orders,73072502,1,frozen,15146702,8886185,THC-Full,,,1835008,46150,lineitem,supplier,39953,0,never_instantiated,0,,,,,0,0,,,7313671,1,frozen,29189835,4202283,THC-Full,,,458752,24170,lineitem,,7313658,1,frozen,600037706,174815187,THC-Full,,,917504,1208,,,7048027,1,frozen,18431243,2807488,THC-Full,,,458752,36102,lineitem,,7048014,1,frozen,379356365,114671920,THC-Full,,,917504,1824,,,,,,,,,,,,,,,,,,,,,,,,
Q22,3,17,1,27.24,,,1909668,1,frozen,19088090,1402169,THC-Full,,,458752,95897,orders,,1909668,1,frozen,149999690,34924467,THC-Full,,,917504,12751,,,,,,,,,,,,,,,,,,,,,,,,,,,,,,,,,,,,,,,,,,,,,,,,,,,,,,,,,,,,,,,,,,,,,,,,,,,,,,,,,,,,
Q01,3,18,1,31.51,,,,,,,,,,,,,,,,,,,,,,,,,,,,,,,,,,,,,,,,,,,,,,,,,,,,,,,,,,,,,,,,,,,,,,,,,,,,,,,,,,,,,,,,,,,,,,,,,,,,,,,,,,,,
Q02,3,18,1,7.37,,region,1,0,never_instantiated,0,,,,,0,0,,nation,5,0,never_instantiated,0,,,,,0,0,,supplier,200535,0,never_instantiated,0,,,,,0,0,partsupp,part,79591,0,never_instantiated,0,,,,,0,0,,,63825,0,never_instantiated,0,,,,,0,0,,,47107,0,never_instantiated,0,,,,,0,0,,region,1,0,never_instantiated,0,,,,,0,0,,nation,5,0,never_instantiated,0,,,,,0,0,partsupp,supplier,200535,0,never_instantiated,0,,,,,0,0
Q03,3,18,1,55.71,,customer,3000188,1,active,14960885,,,,,490811,7578,lineitem,orders,72874383,1,frozen,323494519,115457327,THC-Full,,,917504,1762,,,,,,,,,,,,,,,,,,,,,,,,,,,,,,,,,,,,,,,,,,,,,,,,,,,,,,,,,,,,,,,,,,,,,,,,,,,,,,,,,,,,
Q04,3,18,1,44.63,,,5733776,1,frozen,14498066,2819008,THC-Full,,,458752,36339,lineitem,,5733776,1,frozen,379356321,146165147,THC-Full,,,917504,1368,,,,,,,,,,,,,,,,,,,,,,,,,,,,,,,,,,,,,,,,,,,,,,,,,,,,,,,,,,,,,,,,,,,,,,,,,,,,,,,,,,,,
Q05,3,18,1,74.66,,region,1,0,never_instantiated,0,,,,,0,0,,customer,14999999,1,active,18199912,,,,,305917,3748,,nation,5,0,never_instantiated,0,,,,,0,0,,supplier,199889,0,never_instantiated,0,,,,,0,0,lineitem,orders,22760819,1,frozen,91258831,8213702,THC-Full,,,917504,25065,,,,,,,,,,,,,,,,,,,,,,,,,,,,,,,,,,,,,,,,,,,,,,,,
Q06,3,18,1,9.07,,,,,,,,,,,,,,,,,,,,,,,,,,,,,,,,,,,,,,,,,,,,,,,,,,,,,,,,,,,,,,,,,,,,,,,,,,,,,,,,,,,,,,,,,,,,,,,,,,,,,,,,,,,,
Q07,3,18,1,22.33,,nation,2,0,never_instantiated,0,,,,,0,0,,nation,2,0,never_instantiated,0,,,,,0,0,,customer,1200139,1,active,1171959,,,,,326403,81334,,supplier,80171,0,never_instantiated,0,,,,,0,0,lineitem,orders,12026518,1,active,1182992,,,,,429960,85768,,,,,,,,,,,,,,,,,,,,,,,,,,,,,,,,,,,,,,,,,,,,,,,,
Q08,3,18,1,26.10,,region,1,0,never_instantiated,0,,,,,0,0,,part,134258,0,never_instantiated,0,,,,,0,0,,nation,25,0,never_instantiated,0,,,,,0,0,,nation,5,0,never_instantiated,0,,,,,0,0,,customer,3001905,1,active,1246109,,,,,115118,19677,,supplier,1000000,0,never_instantiated,0,,,,,0,0,lineitem,orders,45574624,1,active,4105418,,,,,604105,30731,,,,,,,,,,,,,,,,,,,,,,,,
Q09,3,18,1,66.08,,part,1087982,1,frozen,32720442,5869479,THC-Full,,,917504,96800,,orders,150000000,1,frozen,32720442,2430724,THC-Full,,,917504,91277,,nation,25,0,never_instantiated,0,,,,,0,0,,supplier,1000000,0,never_instantiated,0,,,,,0,0,lineitem,partsupp,80000000,1,frozen,32720442,1215270,THC-Full,,,458752,100504,,,,,,,,,,,,,,,,,,,,,,,,,,,,,,,,,,,,,,,,,,,,,,,,
Q10,3,18,1,28.36,,nation,25,0,never_instantiated,0,,,,,0,0,customer,,11463171,0,never_instantiated,0,,,,,0,0,lineitem,orders,5730378,1,frozen,11522851,4857506,THC-Full,,,917504,42849,,,,,,,,,,,,,,,,,,,,,,,,,,,,,,,,,,,,,,,,,,,,,,,,,,,,,,,,,,,,,,,,,,,,,,,,
Q11,3,18,1,6.19,partsupp,,40045,0,never_instantiated,0,,,,,0,0,supplier,nation,1,0,never_instantiated,0,,,,,0,0,,nation,1,0,never_instantiated,0,,,,,0,0,partsupp,supplier,40045,0,never_instantiated,0,,,,,0,0,,,,,,,,,,,,,,,,,,,,,,,,,,,,,,,,,,,,,,,,,,,,,,,,,,,,,,,,,,,,
Q12,3,18,1,29.17,orders,lineitem,3115341,1,frozen,150000000,103766016,THC-Full,,,917504,1957,,,,,,,,,,,,,,,,,,,,,,,,,,,,,,,,,,,,,,,,,,,,,,,,,,,,,,,,,,,,,,,,,,,,,,,,,,,,,,,,,,,,,,,,,,,,,,,,
Q13,3,18,1,63.23,orders,customer,15000000,1,frozen,148451295,4663876,THC-Full,,,1835008,100702,,,,,,,,,,,,,,,,,,,,,,,,,,,,,,,,,,,,,,,,,,,,,,,,,,,,,,,,,,,,,,,,,,,,,,,,,,,,,,,,,,,,,,,,,,,,,,,,
Q14,3,18,1,31.75,lineitem,part,20000000,1,frozen,7484260,1200219,THC-Full,,,458752,99778,,,,,,,,,,,,,,,,,,,,,,,,,,,,,,,,,,,,,,,,,,,,,,,,,,,,,,,,,,,,,,,,,,,,,,,,,,,,,,,,,,,,,,,,,,,,,,,,
Q15,3,18,1,12.54,,,1,0,never_instantiated,0,,,,,0,0,supplier,,1000000,1,active,1000000,,,,,388971,100352,,,,,,,,,,,,,,,,,,,,,,,,,,,,,,,,,,,,,,,,,,,,,,,,,,,,,,,,,,,,,,,,,,,,,,,,,,,,,,,,,,,,
Q16,3,18,1,13.06,,supplier,479,0,never_instantiated,0,,,,,0,0,partsupp,,2971749,0,never_instantiated,0,,,,,0,0,part,,8,0,never_instantiated,0,,,,,0,0,,,,,,,,,,,,,,,,,,,,,,,,,,,,,,,,,,,,,,,,,,,,,,,,,,,,,,,,,,,,,,,,,,,,,,,,
Q17,3,18,1,52.89,lineitem,part,20031,0,never_instantiated,0,,,,,0,0,,,600982,1,active,20031,,,,,0,0,lineitem,,20031,0,never_instantiated,0,,,,,0,0,,,,,,,,,,,,,,,,,,,,,,,,,,,,,,,,,,,,,,,,,,,,,,,,,,,,,,,,,,,,,,,,,,,,,,,,
Q18,3,18,1,219.96,,lineitem,6398,0,never_instantiated,0,,,,,0,0,,customer,14999999,1,frozen,600037902,4216832,THC-Full,,,458752,25059,lineitem,orders,150000000,1,frozen,600037902,8230912,THC-Full,,,917504,25092,,,,,,,,,,,,,,,,,,,,,,,,,,,,,,,,,,,,,,,,,,,,,,,,,,,,,,,,,,,,,,,,,,,,,,,,
Q19,3,18,1,43.67,lineitem,part,20000000,1,frozen,21432090,1200726,THC-Full,,,458752,99799,,,,,,,,,,,,,,,,,,,,,,,,,,,,,,,,,,,,,,,,,,,,,,,,,,,,,,,,,,,,,,,,,,,,,,,,,,,,,,,,,,,,,,,,,,,,,,,,
Q20,3,18,1,22.84,,,40207,0,never_instantiated,0,,,,,0,0,partsupp,part,217222,0,never_instantiated,0,,,,,0,0,,,35136,0,never_instantiated,0,,,,,0,0,lineitem,,35136,0,never_instantiated,0,,,,,0,0,supplier,nation,1,0,never_instantiated,0,,,,,0,0,,,,,,,,,,,,,,,,,,,,,,,,,,,,,,,,,,,,,,,,,,,,,,,,
Q21,3,18,1,131.70,,nation,1,0,never_instantiated,0,,,,,0,0,,supplier,39953,0,never_instantiated,0,,,,,0,0,lineitem,orders,73072502,1,frozen,15249101,8892300,THC-Full,,,1835008,46782,,,7313671,1,frozen,29189835,4202283,THC-Full,,,458752,24170,lineitem,,7313658,1,frozen,600037706,174815187,THC-Full,,,917504,1208,,,7048027,1,frozen,18431243,2807488,THC-Full,,,458752,36102,lineitem,,7048014,1,frozen,379356365,114671920,THC-Full,,,917504,1824,,,,,,,,,,,,,,,,,,,,,,,,
Q22,3,18,1,27.20,,,1909668,1,frozen,19088090,1402169,THC-Full,,,458752,95897,orders,,1909668,1,frozen,149999690,34924467,THC-Full,,,917504,12751,,,,,,,,,,,,,,,,,,,,,,,,,,,,,,,,,,,,,,,,,,,,,,,,,,,,,,,,,,,,,,,,,,,,,,,,,,,,,,,,,,,,
Q01,3,19,1,31.27,,,,,,,,,,,,,,,,,,,,,,,,,,,,,,,,,,,,,,,,,,,,,,,,,,,,,,,,,,,,,,,,,,,,,,,,,,,,,,,,,,,,,,,,,,,,,,,,,,,,,,,,,,,,
Q02,3,19,1,7.08,,region,1,0,never_instantiated,0,,,,,0,0,,part,79591,0,never_instantiated,0,,,,,0,0,,nation,5,0,never_instantiated,0,,,,,0,0,partsupp,supplier,200535,0,never_instantiated,0,,,,,0,0,,,63825,0,never_instantiated,0,,,,,0,0,,,47107,0,never_instantiated,0,,,,,0,0,,region,1,0,never_instantiated,0,,,,,0,0,,nation,5,0,never_instantiated,0,,,,,0,0,partsupp,supplier,200535,0,never_instantiated,0,,,,,0,0
Q03,3,19,1,56.49,,customer,3000188,1,active,14960885,,,,,490811,7578,lineitem,orders,72874383,1,frozen,323494519,115457327,THC-Full,,,917504,1762,,,,,,,,,,,,,,,,,,,,,,,,,,,,,,,,,,,,,,,,,,,,,,,,,,,,,,,,,,,,,,,,,,,,,,,,,,,,,,,,,,,,
Q04,3,19,1,44.54,,,5733776,1,frozen,14498066,2819008,THC-Full,,,458752,36339,lineitem,,5733776,1,frozen,379356321,146165147,THC-Full,,,917504,1368,,,,,,,,,,,,,,,,,,,,,,,,,,,,,,,,,,,,,,,,,,,,,,,,,,,,,,,,,,,,,,,,,,,,,,,,,,,,,,,,,,,,
Q05,3,19,1,9999999,,,,,,,,,,,,,,,,,,,,,,,,,,,,,,,,,,,,,,,,,,,,,,,,,,,,,,,,,,,,,,,,,,,,,,,,,,,,,,,,,,,,,,,,,,,,,,,,,,,,,,,,,,,,
Q06,3,19,1,9.10,,,,,,,,,,,,,,,,,,,,,,,,,,,,,,,,,,,,,,,,,,,,,,,,,,,,,,,,,,,,,,,,,,,,,,,,,,,,,,,,,,,,,,,,,,,,,,,,,,,,,,,,,,,,
Q07,3,19,1,22.81,,nation,2,0,never_instantiated,0,,,,,0,0,,customer,1200139,1,active,1171959,,,,,326446,81355,orders,,1179101,0,never_instantiated,0,,,,,0,0,,nation,2,0,never_instantiated,0,,,,,0,0,lineitem,supplier,80171,0,never_instantiated,0,,,,,0,0,,,,,,,,,,,,,,,,,,,,,,,,,,,,,,,,,,,,,,,,,,,,,,,,
Q08,3,19,1,28.59,,region,1,0,never_instantiated,0,,,,,0,0,,nation,5,0,never_instantiated,0,,,,,0,0,,nation,25,0,never_instantiated,0,,,,,0,0,supplier,,244821,0,never_instantiated,0,,,,,0,0,customer,,1222092,0,never_instantiated,0,,,,,0,0,orders,,4025859,0,never_instantiated,0,,,,,0,0,lineitem,part,134258,0,never_instantiated,0,,,,,0,0,,,,,,,,,,,,,,,,,,,,,,,,
Q09,3,19,1,64.43,,nation,25,0,never_instantiated,0,,,,,0,0,,partsupp,80000000,1,frozen,32636547,1219645,THC-Full,,,458752,100274,,orders,150000000,1,frozen,32636547,2435630,THC-Full,,,917504,91083,,part,1087982,1,frozen,32720442,5869479,THC-Full,,,917504,96800,lineitem,supplier,1000000,0,never_instantiated,0,,,,,0,0,,,,,,,,,,,,,,,,,,,,,,,,,,,,,,,,,,,,,,,,,,,,,,,,
Q10,3,19,1,28.54,,nation,25,0,never_instantiated,0,,,,,0,0,customer,,11463171,0,never_instantiated,0,,,,,0,0,lineitem,orders,5730378,1,frozen,11522851,4857506,THC-Full,,,917504,42849,,,,,,,,,,,,,,,,,,,,,,,,,,,,,,,,,,,,,,,,,,,,,,,,,,,,,,,,,,,,,,,,,,,,,,,,
Q11,3,19,1,6.32,,nation,1,0,never_instantiated,0,,,,,0,0,partsupp,supplier,40045,0,never_instantiated,0,,,,,0,0,partsupp,,40045,0,never_instantiated,0,,,,,0,0,supplier,nation,1,0,never_instantiated,0,,,,,0,0,,,,,,,,,,,,,,,,,,,,,,,,,,,,,,,,,,,,,,,,,,,,,,,,,,,,,,,,,,,,
Q12,3,19,1,28.79,orders,lineitem,3115341,1,frozen,150000000,103766016,THC-Full,,,917504,1957,,,,,,,,,,,,,,,,,,,,,,,,,,,,,,,,,,,,,,,,,,,,,,,,,,,,,,,,,,,,,,,,,,,,,,,,,,,,,,,,,,,,,,,,,,,,,,,,
Q13,3,19,1,62.56,orders,customer,15000000,1,frozen,148451295,4663876,THC-Full,,,1835008,100702,,,,,,,,,,,,,,,,,,,,,,,,,,,,,,,,,,,,,,,,,,,,,,,,,,,,,,,,,,,,,,,,,,,,,,,,,,,,,,,,,,,,,,,,,,,,,,,,
Q14,3,19,1,31.22,lineitem,part,20000000,1,frozen,7484260,1200219,THC-Full,,,458752,99778,,,,,,,,,,,,,,,,,,,,,,,,,,,,,,,,,,,,,,,,,,,,,,,,,,,,,,,,,,,,,,,,,,,,,,,,,,,,,,,,,,,,,,,,,,,,,,,,
Q15,3,19,1,12.37,,,1,0,never_instantiated,0,,,,,0,0,supplier,,1000000,1,active,1000000,,,,,388971,100352,,,,,,,,,,,,,,,,,,,,,,,,,,,,,,,,,,,,,,,,,,,,,,,,,,,,,,,,,,,,,,,,,,,,,,,,,,,,,,,,,,,,
Q16,3,19,1,13.01,,supplier,479,0,never_instantiated,0,,,,,0,0,partsupp,,2971749,0,never_instantiated,0,,,,,0,0,part,,8,0,never_instantiated,0,,,,,0,0,,,,,,,,,,,,,,,,,,,,,,,,,,,,,,,,,,,,,,,,,,,,,,,,,,,,,,,,,,,,,,,,,,,,,,,,
Q17,3,19,1,52.29,lineitem,part,20031,0,never_instantiated,0,,,,,0,0,,,600982,1,active,20031,,,,,0,0,lineitem,,20031,0,never_instantiated,0,,,,,0,0,,,,,,,,,,,,,,,,,,,,,,,,,,,,,,,,,,,,,,,,,,,,,,,,,,,,,,,,,,,,,,,,,,,,,,,,
Q18,3,19,1,222.94,,lineitem,6398,0,never_instantiated,0,,,,,0,0,,customer,14999999,1,frozen,600037902,4216832,THC-Full,,,458752,25059,lineitem,orders,150000000,1,frozen,600037902,8230912,THC-Full,,,917504,25092,,,,,,,,,,,,,,,,,,,,,,,,,,,,,,,,,,,,,,,,,,,,,,,,,,,,,,,,,,,,,,,,,,,,,,,,
Q19,3,19,1,44.74,lineitem,part,20000000,1,frozen,21432090,1200726,THC-Full,,,458752,99799,,,,,,,,,,,,,,,,,,,,,,,,,,,,,,,,,,,,,,,,,,,,,,,,,,,,,,,,,,,,,,,,,,,,,,,,,,,,,,,,,,,,,,,,,,,,,,,,
Q20,3,19,1,23.09,,,40207,0,never_instantiated,0,,,,,0,0,partsupp,part,217222,0,never_instantiated,0,,,,,0,0,,,35136,0,never_instantiated,0,,,,,0,0,lineitem,,35136,0,never_instantiated,0,,,,,0,0,supplier,nation,1,0,never_instantiated,0,,,,,0,0,,,,,,,,,,,,,,,,,,,,,,,,,,,,,,,,,,,,,,,,,,,,,,,,
Q21,3,19,1,138.02,orders,,15146702,0,never_instantiated,0,,,,,0,0,,nation,1,0,never_instantiated,0,,,,,0,0,lineitem,supplier,39953,0,never_instantiated,0,,,,,0,0,,,7313671,1,frozen,29189835,4202283,THC-Full,,,458752,24170,lineitem,,7313658,1,frozen,600037706,174815187,THC-Full,,,917504,1208,,,7048027,1,frozen,18431243,2807488,THC-Full,,,458752,36102,lineitem,,7048014,1,frozen,379356365,114671920,THC-Full,,,917504,1824,,,,,,,,,,,,,,,,,,,,,,,,
Q22,3,19,1,27.28,,,1909668,1,frozen,19088090,1402169,THC-Full,,,458752,95897,orders,,1909668,1,frozen,149999690,34924467,THC-Full,,,917504,12751,,,,,,,,,,,,,,,,,,,,,,,,,,,,,,,,,,,,,,,,,,,,,,,,,,,,,,,,,,,,,,,,,,,,,,,,,,,,,,,,,,,,
Q01,4,0,1,31.15,,,,,,,,,,,,,,,,,,,,,,,,,,,,,,,,,,,,,,,,,,,,,,,,,,,,,,,,,,,,,,,,,,,,,,,,,,,,,,,,,,,,,,,,,,,,,,,,,,,,,,,,,,,,
Q02,4,0,1,6.99,,region,1,0,never_instantiated,0,,,,,0,0,,nation,5,0,never_instantiated,0,,,,,0,0,,supplier,57959,0,never_instantiated,0,,,,,0,0,partsupp,part,47201,0,never_instantiated,0,,,,,0,0,,,63825,0,never_instantiated,0,,,,,0,0,,,47107,0,never_instantiated,0,,,,,0,0,,region,1,0,never_instantiated,0,,,,,0,0,partsupp,,200535,0,never_instantiated,0,,,,,0,0,supplier,nation,5,0,never_instantiated,0,,,,,0,0
Q03,4,0,1,46.47,,customer,3000188,0,never_instantiated,0,,,,,0,0,lineitem,orders,72874383,0,never_instantiated,0,,,,,0,0,,,,,,,,,,,,,,,,,,,,,,,,,,,,,,,,,,,,,,,,,,,,,,,,,,,,,,,,,,,,,,,,,,,,,,,,,,,,,,,,,,,,
Q04,4,0,1,32.59,,,5733776,0,never_instantiated,0,,,,,0,0,lineitem,,5733776,0,never_instantiated,0,,,,,0,0,,,,,,,,,,,,,,,,,,,,,,,,,,,,,,,,,,,,,,,,,,,,,,,,,,,,,,,,,,,,,,,,,,,,,,,,,,,,,,,,,,,,
Q05,4,0,1,53.63,,supplier,199889,0,never_instantiated,0,,,,,0,0,,region,1,0,never_instantiated,0,,,,,0,0,,nation,5,0,never_instantiated,0,,,,,0,0,,customer,1747061,0,never_instantiated,0,,,,,0,0,lineitem,orders,22760819,0,never_instantiated,0,,,,,0,0,,,,,,,,,,,,,,,,,,,,,,,,,,,,,,,,,,,,,,,,,,,,,,,,
Q06,4,0,1,9.03,,,,,,,,,,,,,,,,,,,,,,,,,,,,,,,,,,,,,,,,,,,,,,,,,,,,,,,,,,,,,,,,,,,,,,,,,,,,,,,,,,,,,,,,,,,,,,,,,,,,,,,,,,,,
Q07,4,0,1,20.16,,nation,2,0,never_instantiated,0,,,,,0,0,,supplier,80171,0,never_instantiated,0,,,,,0,0,,nation,2,0,never_instantiated,0,,,,,0,0,,customer,556645,0,never_instantiated,0,,,,,0,0,lineitem,orders,1014869,0,never_instantiated,0,,,,,0,0,,,,,,,,,,,,,,,,,,,,,,,,,,,,,,,,,,,,,,,,,,,,,,,,
Q08,4,0,1,23.63,,nation,25,0,never_instantiated,0,,,,,0,0,supplier,,244821,0,never_instantiated,0,,,,,0,0,,region,1,0,never_instantiated,0,,,,,0,0,,part,134258,0,never_instantiated,0,,,,,0,0,,nation,5,0,never_instantiated,0,,,,,0,0,,customer,245630,0,never_instantiated,0,,,,,0,0,lineitem,orders,1311942,0,never_instantiated,0,,,,,0,0,,,,,,,,,,,,,,,,,,,,,,,,
Q09,4,0,1,57.03,,nation,25,0,never_instantiated,0,,,,,0,0,,supplier,999224,0,never_instantiated,0,,,,,0,0,,partsupp,4363044,0,never_instantiated,0,,,,,0,0,,part,1087982,0,never_instantiated,0,,,,,0,0,lineitem,orders,29533962,0,never_instantiated,0,,,,,0,0,,,,,,,,,,,,,,,,,,,,,,,,,,,,,,,,,,,,,,,,,,,,,,,,
Q10,4,0,1,28.39,,nation,25,0,never_instantiated,0,,,,,0,0,customer,,11463171,0,never_instantiated,0,,,,,0,0,lineitem,orders,4918971,0,never_instantiated,0,,,,,0,0,,,,,,,,,,,,,,,,,,,,,,,,,,,,,,,,,,,,,,,,,,,,,,,,,,,,,,,,,,,,,,,,,,,,,,,,
Q11,4,0,1,4.27,partsupp,,40045,0,never_instantiated,0,,,,,0,0,supplier,nation,1,0,never_instantiated,0,,,,,0,0,partsupp,,40045,0,never_instantiated,0,,,,,0,0,supplier,nation,1,0,never_instantiated,0,,,,,0,0,,,,,,,,,,,,,,,,,,,,,,,,,,,,,,,,,,,,,,,,,,,,,,,,,,,,,,,,,,,,
Q12,4,0,1,15.72,orders,lineitem,3115341,0,never_instantiated,0,,,,,0,0,,,,,,,,,,,,,,,,,,,,,,,,,,,,,,,,,,,,,,,,,,,,,,,,,,,,,,,,,,,,,,,,,,,,,,,,,,,,,,,,,,,,,,,,,,,,,,,,
Q13,4,0,1,55.53,orders,customer,15000000,0,never_instantiated,0,,,,,0,0,,,,,,,,,,,,,,,,,,,,,,,,,,,,,,,,,,,,,,,,,,,,,,,,,,,,,,,,,,,,,,,,,,,,,,,,,,,,,,,,,,,,,,,,,,,,,,,,
Q14,4,0,1,12.69,lineitem,part,6260702,0,never_instantiated,0,,,,,0,0,,,,,,,,,,,,,,,,,,,,,,,,,,,,,,,,,,,,,,,,,,,,,,,,,,,,,,,,,,,,,,,,,,,,,,,,,,,,,,,,,,,,,,,,,,,,,,,,
Q15,4,0,1,12.25,,,1,0,never_instantiated,0,,,,,0,0,supplier,,1000000,0,never_instantiated,0,,,,,0,0,,,,,,,,,,,,,,,,,,,,,,,,,,,,,,,,,,,,,,,,,,,,,,,,,,,,,,,,,,,,,,,,,,,,,,,,,,,,,,,,,,,,
Q16,4,0,1,13.01,,supplier,479,0,never_instantiated,0,,,,,0,0,partsupp,,2971749,0,never_instantiated,0,,,,,0,0,part,,8,0,never_instantiated,0,,,,,0,0,,,,,,,,,,,,,,,,,,,,,,,,,,,,,,,,,,,,,,,,,,,,,,,,,,,,,,,,,,,,,,,,,,,,,,,,
Q17,4,0,1,35.71,lineitem,part,20031,0,never_instantiated,0,,,,,0,0,,,600982,0,never_instantiated,0,,,,,0,0,lineitem,,20031,0,never_instantiated,0,,,,,0,0,,,,,,,,,,,,,,,,,,,,,,,,,,,,,,,,,,,,,,,,,,,,,,,,,,,,,,,,,,,,,,,,,,,,,,,,
Q18,4,0,1,176.15,,lineitem,6398,0,never_instantiated,0,,,,,0,0,,customer,14999999,0,never_instantiated,0,,,,,0,0,lineitem,orders,150000000,0,never_instantiated,0,,,,,0,0,,,,,,,,,,,,,,,,,,,,,,,,,,,,,,,,,,,,,,,,,,,,,,,,,,,,,,,,,,,,,,,,,,,,,,,,
Q19,4,0,1,27.92,lineitem,part,13930201,0,never_instantiated,0,,,,,0,0,,,,,,,,,,,,,,,,,,,,,,,,,,,,,,,,,,,,,,,,,,,,,,,,,,,,,,,,,,,,,,,,,,,,,,,,,,,,,,,,,,,,,,,,,,,,,,,,
Q20,4,0,1,23.06,,,24634,0,never_instantiated,0,,,,,0,0,partsupp,part,33123,0,never_instantiated,0,,,,,0,0,,,35136,0,never_instantiated,0,,,,,0,0,lineitem,,35136,0,never_instantiated,0,,,,,0,0,supplier,nation,1,0,never_instantiated,0,,,,,0,0,,,,,,,,,,,,,,,,,,,,,,,,,,,,,,,,,,,,,,,,,,,,,,,,
Q21,4,0,1,97.70,,nation,1,0,never_instantiated,0,,,,,0,0,,supplier,39953,0,never_instantiated,0,,,,,0,0,lineitem,orders,7079205,0,never_instantiated,0,,,,,0,0,,,7313671,0,never_instantiated,0,,,,,0,0,lineitem,,7313658,0,never_instantiated,0,,,,,0,0,,,7048027,0,never_instantiated,0,,,,,0,0,lineitem,,7048014,0,never_instantiated,0,,,,,0,0,,,,,,,,,,,,,,,,,,,,,,,,
Q22,4,0,1,17.95,,,1909668,0,never_instantiated,0,,,,,0,0,orders,,1909668,0,never_instantiated,0,,,,,0,0,,,,,,,,,,,,,,,,,,,,,,,,,,,,,,,,,,,,,,,,,,,,,,,,,,,,,,,,,,,,,,,,,,,,,,,,,,,,,,,,,,,,
Q01,4,1,1,31.36,,,,,,,,,,,,,,,,,,,,,,,,,,,,,,,,,,,,,,,,,,,,,,,,,,,,,,,,,,,,,,,,,,,,,,,,,,,,,,,,,,,,,,,,,,,,,,,,,,,,,,,,,,,,
Q02,4,1,1,7.80,,region,1,0,never_instantiated,0,,,,,0,0,,part,47201,0,never_instantiated,0,,,,,0,0,,nation,5,0,never_instantiated,0,,,,,0,0,partsupp,supplier,57959,0,never_instantiated,0,,,,,0,0,,,63825,0,never_instantiated,0,,,,,0,0,,,47107,0,never_instantiated,0,,,,,0,0,,region,1,0,never_instantiated,0,,,,,0,0,,nation,5,0,never_instantiated,0,,,,,0,0,partsupp,supplier,200535,0,never_instantiated,0,,,,,0,0
Q03,4,1,1,46.80,,customer,3000188,0,never_instantiated,0,,,,,0,0,lineitem,orders,72874383,0,never_instantiated,0,,,,,0,0,,,,,,,,,,,,,,,,,,,,,,,,,,,,,,,,,,,,,,,,,,,,,,,,,,,,,,,,,,,,,,,,,,,,,,,,,,,,,,,,,,,,
Q04,4,1,1,32.48,,,5733776,0,never_instantiated,0,,,,,0,0,lineitem,,5733776,0,never_instantiated,0,,,,,0,0,,,,,,,,,,,,,,,,,,,,,,,,,,,,,,,,,,,,,,,,,,,,,,,,,,,,,,,,,,,,,,,,,,,,,,,,,,,,,,,,,,,,
Q05,4,1,1,9999999,,,,,,,,,,,,,,,,,,,,,,,,,,,,,,,,,,,,,,,,,,,,,,,,,,,,,,,,,,,,,,,,,,,,,,,,,,,,,,,,,,,,,,,,,,,,,,,,,,,,,,,,,,,,
Q06,4,1,1,9.21,,,,,,,,,,,,,,,,,,,,,,,,,,,,,,,,,,,,,,,,,,,,,,,,,,,,,,,,,,,,,,,,,,,,,,,,,,,,,,,,,,,,,,,,,,,,,,,,,,,,,,,,,,,,
Q07,4,1,1,21.99,,nation,2,0,never_instantiated,0,,,,,0,0,,customer,556645,0,never_instantiated,0,,,,,0,0,orders,,1179101,0,never_instantiated,0,,,,,0,0,,nation,2,0,never_instantiated,0,,,,,0,0,lineitem,supplier,80171,0,never_instantiated,0,,,,,0,0,,,,,,,,,,,,,,,,,,,,,,,,,,,,,,,,,,,,,,,,,,,,,,,,
Q08,4,1,1,24.64,,region,1,0,never_instantiated,0,,,,,0,0,,nation,5,0,never_instantiated,0,,,,,0,0,,nation,25,0,never_instantiated,0,,,,,0,0,supplier,,244821,0,never_instantiated,0,,,,,0,0,customer,,1222092,0,never_instantiated,0,,,,,0,0,orders,,4025859,0,never_instantiated,0,,,,,0,0,lineitem,part,134258,0,never_instantiated,0,,,,,0,0,,,,,,,,,,,,,,,,,,,,,,,,
Q09,4,1,1,56.56,,nation,25,0,never_instantiated,0,,,,,0,0,,supplier,999224,0,never_instantiated,0,,,,,0,0,,orders,29533962,0,never_instantiated,0,,,,,0,0,,partsupp,4363044,0,never_instantiated,0,,,,,0,0,lineitem,part,1087982,0,never_instantiated,0,,,,,0,0,,,,,,,,,,,,,,,,,,,,,,,,,,,,,,,,,,,,,,,,,,,,,,,,
Q10,4,1,1,28.55,,nation,25,0,never_instantiated,0,,,,,0,0,customer,,11463171,0,never_instantiated,0,,,,,0,0,lineitem,orders,4918971,0,never_instantiated,0,,,,,0,0,,,,,,,,,,,,,,,,,,,,,,,,,,,,,,,,,,,,,,,,,,,,,,,,,,,,,,,,,,,,,,,,,,,,,,,,
Q11,4,1,1,4.18,,nation,1,0,never_instantiated,0,,,,,0,0,partsupp,supplier,40045,0,never_instantiated,0,,,,,0,0,partsupp,,40045,0,never_instantiated,0,,,,,0,0,supplier,nation,1,0,never_instantiated,0,,,,,0,0,,,,,,,,,,,,,,,,,,,,,,,,,,,,,,,,,,,,,,,,,,,,,,,,,,,,,,,,,,,,
Q12,4,1,1,15.71,orders,lineitem,3115341,0,never_instantiated,0,,,,,0,0,,,,,,,,,,,,,,,,,,,,,,,,,,,,,,,,,,,,,,,,,,,,,,,,,,,,,,,,,,,,,,,,,,,,,,,,,,,,,,,,,,,,,,,,,,,,,,,,
Q13,4,1,1,54.63,orders,customer,15000000,0,never_instantiated,0,,,,,0,0,,,,,,,,,,,,,,,,,,,,,,,,,,,,,,,,,,,,,,,,,,,,,,,,,,,,,,,,,,,,,,,,,,,,,,,,,,,,,,,,,,,,,,,,,,,,,,,,
Q14,4,1,1,12.80,lineitem,part,6260702,0,never_instantiated,0,,,,,0,0,,,,,,,,,,,,,,,,,,,,,,,,,,,,,,,,,,,,,,,,,,,,,,,,,,,,,,,,,,,,,,,,,,,,,,,,,,,,,,,,,,,,,,,,,,,,,,,,
Q15,4,1,1,12.25,,,1,0,never_instantiated,0,,,,,0,0,supplier,,1000000,0,never_instantiated,0,,,,,0,0,,,,,,,,,,,,,,,,,,,,,,,,,,,,,,,,,,,,,,,,,,,,,,,,,,,,,,,,,,,,,,,,,,,,,,,,,,,,,,,,,,,,
Q16,4,1,1,13.44,,supplier,479,0,never_instantiated,0,,,,,0,0,partsupp,,2971749,0,never_instantiated,0,,,,,0,0,part,,8,0,never_instantiated,0,,,,,0,0,,,,,,,,,,,,,,,,,,,,,,,,,,,,,,,,,,,,,,,,,,,,,,,,,,,,,,,,,,,,,,,,,,,,,,,,
Q17,4,1,1,35.15,lineitem,part,20031,0,never_instantiated,0,,,,,0,0,,,600982,0,never_instantiated,0,,,,,0,0,lineitem,,20031,0,never_instantiated,0,,,,,0,0,,,,,,,,,,,,,,,,,,,,,,,,,,,,,,,,,,,,,,,,,,,,,,,,,,,,,,,,,,,,,,,,,,,,,,,,
Q18,4,1,1,177.88,,lineitem,6398,0,never_instantiated,0,,,,,0,0,,customer,14999999,0,never_instantiated,0,,,,,0,0,lineitem,orders,150000000,0,never_instantiated,0,,,,,0,0,,,,,,,,,,,,,,,,,,,,,,,,,,,,,,,,,,,,,,,,,,,,,,,,,,,,,,,,,,,,,,,,,,,,,,,,
Q19,4,1,1,28.16,lineitem,part,13930201,0,never_instantiated,0,,,,,0,0,,,,,,,,,,,,,,,,,,,,,,,,,,,,,,,,,,,,,,,,,,,,,,,,,,,,,,,,,,,,,,,,,,,,,,,,,,,,,,,,,,,,,,,,,,,,,,,,
Q20,4,1,1,23.10,,,24634,0,never_instantiated,0,,,,,0,0,partsupp,part,33123,0,never_instantiated,0,,,,,0,0,,,35136,0,never_instantiated,0,,,,,0,0,lineitem,,35136,0,never_instantiated,0,,,,,0,0,supplier,nation,1,0,never_instantiated,0,,,,,0,0,,,,,,,,,,,,,,,,,,,,,,,,,,,,,,,,,,,,,,,,,,,,,,,,
Q21,4,1,1,102.30,orders,,15146702,0,never_instantiated,0,,,,,0,0,,nation,1,0,never_instantiated,0,,,,,0,0,lineitem,supplier,39953,0,never_instantiated,0,,,,,0,0,,,7313671,0,never_instantiated,0,,,,,0,0,lineitem,,7313658,0,never_instantiated,0,,,,,0,0,,,7048027,0,never_instantiated,0,,,,,0,0,lineitem,,7048014,0,never_instantiated,0,,,,,0,0,,,,,,,,,,,,,,,,,,,,,,,,
Q22,4,1,1,17.91,,,1909668,0,never_instantiated,0,,,,,0,0,orders,,1909668,0,never_instantiated,0,,,,,0,0,,,,,,,,,,,,,,,,,,,,,,,,,,,,,,,,,,,,,,,,,,,,,,,,,,,,,,,,,,,,,,,,,,,,,,,,,,,,,,,,,,,,
Q01,4,2,1,31.20,,,,,,,,,,,,,,,,,,,,,,,,,,,,,,,,,,,,,,,,,,,,,,,,,,,,,,,,,,,,,,,,,,,,,,,,,,,,,,,,,,,,,,,,,,,,,,,,,,,,,,,,,,,,
Q02,4,2,1,8.62,,region,1,0,never_instantiated,0,,,,,0,0,,nation,5,0,never_instantiated,0,,,,,0,0,,supplier,57959,0,never_instantiated,0,,,,,0,0,partsupp,part,47201,0,never_instantiated,0,,,,,0,0,,,63825,0,never_instantiated,0,,,,,0,0,,,47107,0,never_instantiated,0,,,,,0,0,,region,1,0,never_instantiated,0,,,,,0,0,,nation,5,0,never_instantiated,0,,,,,0,0,partsupp,supplier,200535,0,never_instantiated,0,,,,,0,0
Q03,4,2,1,46.18,,customer,3000188,0,never_instantiated,0,,,,,0,0,lineitem,orders,72874383,0,never_instantiated,0,,,,,0,0,,,,,,,,,,,,,,,,,,,,,,,,,,,,,,,,,,,,,,,,,,,,,,,,,,,,,,,,,,,,,,,,,,,,,,,,,,,,,,,,,,,,
Q04,4,2,1,32.76,,,5733776,0,never_instantiated,0,,,,,0,0,lineitem,,5733776,0,never_instantiated,0,,,,,0,0,,,,,,,,,,,,,,,,,,,,,,,,,,,,,,,,,,,,,,,,,,,,,,,,,,,,,,,,,,,,,,,,,,,,,,,,,,,,,,,,,,,,
Q05,4,2,1,51.93,,region,1,0,never_instantiated,0,,,,,0,0,,supplier,199889,0,never_instantiated,0,,,,,0,0,,nation,5,0,never_instantiated,0,,,,,0,0,,customer,1747061,0,never_instantiated,0,,,,,0,0,lineitem,orders,22760819,0,never_instantiated,0,,,,,0,0,,,,,,,,,,,,,,,,,,,,,,,,,,,,,,,,,,,,,,,,,,,,,,,,
Q06,4,2,1,9.10,,,,,,,,,,,,,,,,,,,,,,,,,,,,,,,,,,,,,,,,,,,,,,,,,,,,,,,,,,,,,,,,,,,,,,,,,,,,,,,,,,,,,,,,,,,,,,,,,,,,,,,,,,,,
Q07,4,2,1,20.80,,nation,2,0,never_instantiated,0,,,,,0,0,,supplier,80171,0,never_instantiated,0,,,,,0,0,,nation,2,0,never_instantiated,0,,,,,0,0,,customer,556645,0,never_instantiated,0,,,,,0,0,lineitem,orders,1014869,0,never_instantiated,0,,,,,0,0,,,,,,,,,,,,,,,,,,,,,,,,,,,,,,,,,,,,,,,,,,,,,,,,
Q08,4,2,1,23.47,,region,1,0,never_instantiated,0,,,,,0,0,,nation,5,0,never_instantiated,0,,,,,0,0,customer,,1222092,0,never_instantiated,0,,,,,0,0,,part,134258,0,never_instantiated,0,,,,,0,0,,orders,1311942,0,never_instantiated,0,,,,,0,0,,nation,25,0,never_instantiated,0,,,,,0,0,lineitem,supplier,422570,0,never_instantiated,0,,,,,0,0,,,,,,,,,,,,,,,,,,,,,,,,
Q09,4,2,1,61.09,,nation,25,0,never_instantiated,0,,,,,0,0,,supplier,999224,0,never_instantiated,0,,,,,0,0,,part,1087982,0,never_instantiated,0,,,,,0,0,,orders,29533962,0,never_instantiated,0,,,,,0,0,lineitem,partsupp,4363044,0,never_instantiated,0,,,,,0,0,,,,,,,,,,,,,,,,,,,,,,,,,,,,,,,,,,,,,,,,,,,,,,,,
Q10,4,2,1,28.49,,nation,25,0,never_instantiated,0,,,,,0,0,customer,,11463171,0,never_instantiated,0,,,,,0,0,lineitem,orders,4918971,0,never_instantiated,0,,,,,0,0,,,,,,,,,,,,,,,,,,,,,,,,,,,,,,,,,,,,,,,,,,,,,,,,,,,,,,,,,,,,,,,,,,,,,,,,
Q11,4,2,1,4.16,partsupp,,40045,0,never_instantiated,0,,,,,0,0,supplier,nation,1,0,never_instantiated,0,,,,,0,0,partsupp,,40045,0,never_instantiated,0,,,,,0,0,supplier,nation,1,0,never_instantiated,0,,,,,0,0,,,,,,,,,,,,,,,,,,,,,,,,,,,,,,,,,,,,,,,,,,,,,,,,,,,,,,,,,,,,
Q12,4,2,1,16.01,orders,lineitem,3115341,0,never_instantiated,0,,,,,0,0,,,,,,,,,,,,,,,,,,,,,,,,,,,,,,,,,,,,,,,,,,,,,,,,,,,,,,,,,,,,,,,,,,,,,,,,,,,,,,,,,,,,,,,,,,,,,,,,
Q13,4,2,1,54.54,orders,customer,15000000,0,never_instantiated,0,,,,,0,0,,,,,,,,,,,,,,,,,,,,,,,,,,,,,,,,,,,,,,,,,,,,,,,,,,,,,,,,,,,,,,,,,,,,,,,,,,,,,,,,,,,,,,,,,,,,,,,,
Q14,4,2,1,12.71,lineitem,part,6260702,0,never_instantiated,0,,,,,0,0,,,,,,,,,,,,,,,,,,,,,,,,,,,,,,,,,,,,,,,,,,,,,,,,,,,,,,,,,,,,,,,,,,,,,,,,,,,,,,,,,,,,,,,,,,,,,,,,
Q15,4,2,1,12.26,,,1,0,never_instantiated,0,,,,,0,0,supplier,,1000000,0,never_instantiated,0,,,,,0,0,,,,,,,,,,,,,,,,,,,,,,,,,,,,,,,,,,,,,,,,,,,,,,,,,,,,,,,,,,,,,,,,,,,,,,,,,,,,,,,,,,,,
Q16,4,2,1,13.43,,supplier,479,0,never_instantiated,0,,,,,0,0,partsupp,,2971749,0,never_instantiated,0,,,,,0,0,part,,8,0,never_instantiated,0,,,,,0,0,,,,,,,,,,,,,,,,,,,,,,,,,,,,,,,,,,,,,,,,,,,,,,,,,,,,,,,,,,,,,,,,,,,,,,,,
Q17,4,2,1,35.69,lineitem,part,20031,0,never_instantiated,0,,,,,0,0,,,600982,0,never_instantiated,0,,,,,0,0,lineitem,,20031,0,never_instantiated,0,,,,,0,0,,,,,,,,,,,,,,,,,,,,,,,,,,,,,,,,,,,,,,,,,,,,,,,,,,,,,,,,,,,,,,,,,,,,,,,,
Q18,4,2,1,177.50,,lineitem,6398,0,never_instantiated,0,,,,,0,0,,customer,14999999,0,never_instantiated,0,,,,,0,0,lineitem,orders,150000000,0,never_instantiated,0,,,,,0,0,,,,,,,,,,,,,,,,,,,,,,,,,,,,,,,,,,,,,,,,,,,,,,,,,,,,,,,,,,,,,,,,,,,,,,,,
Q19,4,2,1,27.44,lineitem,part,13930201,0,never_instantiated,0,,,,,0,0,,,,,,,,,,,,,,,,,,,,,,,,,,,,,,,,,,,,,,,,,,,,,,,,,,,,,,,,,,,,,,,,,,,,,,,,,,,,,,,,,,,,,,,,,,,,,,,,
Q20,4,2,1,22.88,,,24634,0,never_instantiated,0,,,,,0,0,partsupp,part,33123,0,never_instantiated,0,,,,,0,0,,,35136,0,never_instantiated,0,,,,,0,0,lineitem,,35136,0,never_instantiated,0,,,,,0,0,supplier,nation,1,0,never_instantiated,0,,,,,0,0,,,,,,,,,,,,,,,,,,,,,,,,,,,,,,,,,,,,,,,,,,,,,,,,
Q21,4,2,1,96.99,,nation,1,0,never_instantiated,0,,,,,0,0,,supplier,39953,0,never_instantiated,0,,,,,0,0,lineitem,orders,7079205,0,never_instantiated,0,,,,,0,0,,,7313671,0,never_instantiated,0,,,,,0,0,lineitem,,7313658,0,never_instantiated,0,,,,,0,0,,,7048027,0,never_instantiated,0,,,,,0,0,lineitem,,7048014,0,never_instantiated,0,,,,,0,0,,,,,,,,,,,,,,,,,,,,,,,,
Q22,4,2,1,18.19,,,1909668,0,never_instantiated,0,,,,,0,0,orders,,1909668,0,never_instantiated,0,,,,,0,0,,,,,,,,,,,,,,,,,,,,,,,,,,,,,,,,,,,,,,,,,,,,,,,,,,,,,,,,,,,,,,,,,,,,,,,,,,,,,,,,,,,,
Q01,4,3,1,31.58,,,,,,,,,,,,,,,,,,,,,,,,,,,,,,,,,,,,,,,,,,,,,,,,,,,,,,,,,,,,,,,,,,,,,,,,,,,,,,,,,,,,,,,,,,,,,,,,,,,,,,,,,,,,
Q02,4,3,1,6.84,,region,1,0,never_instantiated,0,,,,,0,0,,nation,5,0,never_instantiated,0,,,,,0,0,,part,47201,0,never_instantiated,0,,,,,0,0,partsupp,supplier,57959,0,never_instantiated,0,,,,,0,0,,,63825,0,never_instantiated,0,,,,,0,0,,,47107,0,never_instantiated,0,,,,,0,0,,region,1,0,never_instantiated,0,,,,,0,0,partsupp,,200535,0,never_instantiated,0,,,,,0,0,supplier,nation,5,0,never_instantiated,0,,,,,0,0
Q03,4,3,1,47.27,,customer,3000188,0,never_instantiated,0,,,,,0,0,lineitem,orders,72874383,0,never_instantiated,0,,,,,0,0,,,,,,,,,,,,,,,,,,,,,,,,,,,,,,,,,,,,,,,,,,,,,,,,,,,,,,,,,,,,,,,,,,,,,,,,,,,,,,,,,,,,
Q04,4,3,1,32.63,,,5733776,0,never_instantiated,0,,,,,0,0,lineitem,,5733776,0,never_instantiated,0,,,,,0,0,,,,,,,,,,,,,,,,,,,,,,,,,,,,,,,,,,,,,,,,,,,,,,,,,,,,,,,,,,,,,,,,,,,,,,,,,,,,,,,,,,,,
Q05,4,3,1,9999999,,,,,,,,,,,,,,,,,,,,,,,,,,,,,,,,,,,,,,,,,,,,,,,,,,,,,,,,,,,,,,,,,,,,,,,,,,,,,,,,,,,,,,,,,,,,,,,,,,,,,,,,,,,,
Q06,4,3,1,9.16,,,,,,,,,,,,,,,,,,,,,,,,,,,,,,,,,,,,,,,,,,,,,,,,,,,,,,,,,,,,,,,,,,,,,,,,,,,,,,,,,,,,,,,,,,,,,,,,,,,,,,,,,,,,
Q07,4,3,1,22.60,,nation,2,0,never_instantiated,0,,,,,0,0,,customer,556645,0,never_instantiated,0,,,,,0,0,,nation,2,0,never_instantiated,0,,,,,0,0,orders,,1179101,0,never_instantiated,0,,,,,0,0,lineitem,supplier,80171,0,never_instantiated,0,,,,,0,0,,,,,,,,,,,,,,,,,,,,,,,,,,,,,,,,,,,,,,,,,,,,,,,,
Q08,4,3,1,23.27,,region,1,0,never_instantiated,0,,,,,0,0,,nation,25,0,never_instantiated,0,,,,,0,0,,part,134258,0,never_instantiated,0,,,,,0,0,,nation,5,0,never_instantiated,0,,,,,0,0,,supplier,422570,0,never_instantiated,0,,,,,0,0,,customer,245630,0,never_instantiated,0,,,,,0,0,lineitem,orders,1311942,0,never_instantiated,0,,,,,0,0,,,,,,,,,,,,,,,,,,,,,,,,
Q09,4,3,1,60.53,,orders,29533962,0,never_instantiated,0,,,,,0,0,,nation,25,0,never_instantiated,0,,,,,0,0,,part,1087982,0,never_instantiated,0,,,,,0,0,,partsupp,4363044,0,never_instantiated,0,,,,,0,0,lineitem,supplier,999224,0,never_instantiated,0,,,,,0,0,,,,,,,,,,,,,,,,,,,,,,,,,,,,,,,,,,,,,,,,,,,,,,,,
Q10,4,3,1,28.34,,nation,25,0,never_instantiated,0,,,,,0,0,customer,,11463171,0,never_instantiated,0,,,,,0,0,lineitem,orders,4918971,0,never_instantiated,0,,,,,0,0,,,,,,,,,,,,,,,,,,,,,,,,,,,,,,,,,,,,,,,,,,,,,,,,,,,,,,,,,,,,,,,,,,,,,,,,
Q11,4,3,1,4.21,,nation,1,0,never_instantiated,0,,,,,0,0,partsupp,supplier,40045,0,never_instantiated,0,,,,,0,0,partsupp,,40045,0,never_instantiated,0,,,,,0,0,supplier,nation,1,0,never_instantiated,0,,,,,0,0,,,,,,,,,,,,,,,,,,,,,,,,,,,,,,,,,,,,,,,,,,,,,,,,,,,,,,,,,,,,
Q12,4,3,1,15.68,orders,lineitem,3115341,0,never_instantiated,0,,,,,0,0,,,,,,,,,,,,,,,,,,,,,,,,,,,,,,,,,,,,,,,,,,,,,,,,,,,,,,,,,,,,,,,,,,,,,,,,,,,,,,,,,,,,,,,,,,,,,,,,
Q13,4,3,1,54.97,orders,customer,15000000,0,never_instantiated,0,,,,,0,0,,,,,,,,,,,,,,,,,,,,,,,,,,,,,,,,,,,,,,,,,,,,,,,,,,,,,,,,,,,,,,,,,,,,,,,,,,,,,,,,,,,,,,,,,,,,,,,,
Q14,4,3,1,12.56,lineitem,part,6260702,0,never_instantiated,0,,,,,0,0,,,,,,,,,,,,,,,,,,,,,,,,,,,,,,,,,,,,,,,,,,,,,,,,,,,,,,,,,,,,,,,,,,,,,,,,,,,,,,,,,,,,,,,,,,,,,,,,
Q15,4,3,1,12.56,,,1,0,never_instantiated,0,,,,,0,0,supplier,,1000000,0,never_instantiated,0,,,,,0,0,,,,,,,,,,,,,,,,,,,,,,,,,,,,,,,,,,,,,,,,,,,,,,,,,,,,,,,,,,,,,,,,,,,,,,,,,,,,,,,,,,,,
Q16,4,3,1,13.15,,supplier,479,0,never_instantiated,0,,,,,0,0,partsupp,,2971749,0,never_instantiated,0,,,,,0,0,part,,8,0,never_instantiated,0,,,,,0,0,,,,,,,,,,,,,,,,,,,,,,,,,,,,,,,,,,,,,,,,,,,,,,,,,,,,,,,,,,,,,,,,,,,,,,,,
Q17,4,3,1,35.74,lineitem,part,20031,0,never_instantiated,0,,,,,0,0,,,600982,0,never_instantiated,0,,,,,0,0,lineitem,,20031,0,never_instantiated,0,,,,,0,0,,,,,,,,,,,,,,,,,,,,,,,,,,,,,,,,,,,,,,,,,,,,,,,,,,,,,,,,,,,,,,,,,,,,,,,,
Q18,4,3,1,174.42,,lineitem,6398,0,never_instantiated,0,,,,,0,0,,customer,14999999,0,never_instantiated,0,,,,,0,0,lineitem,orders,150000000,0,never_instantiated,0,,,,,0,0,,,,,,,,,,,,,,,,,,,,,,,,,,,,,,,,,,,,,,,,,,,,,,,,,,,,,,,,,,,,,,,,,,,,,,,,
Q19,4,3,1,27.59,lineitem,part,13930201,0,never_instantiated,0,,,,,0,0,,,,,,,,,,,,,,,,,,,,,,,,,,,,,,,,,,,,,,,,,,,,,,,,,,,,,,,,,,,,,,,,,,,,,,,,,,,,,,,,,,,,,,,,,,,,,,,,
Q20,4,3,1,23.08,,,24634,0,never_instantiated,0,,,,,0,0,partsupp,part,33123,0,never_instantiated,0,,,,,0,0,,,35136,0,never_instantiated,0,,,,,0,0,lineitem,,35136,0,never_instantiated,0,,,,,0,0,supplier,nation,1,0,never_instantiated,0,,,,,0,0,,,,,,,,,,,,,,,,,,,,,,,,,,,,,,,,,,,,,,,,,,,,,,,,
Q21,4,3,1,96.50,,nation,1,0,never_instantiated,0,,,,,0,0,,orders,7079205,0,never_instantiated,0,,,,,0,0,lineitem,supplier,39953,0,never_instantiated,0,,,,,0,0,,,7313671,0,never_instantiated,0,,,,,0,0,lineitem,,7313658,0,never_instantiated,0,,,,,0,0,,,7048027,0,never_instantiated,0,,,,,0,0,lineitem,,7048014,0,never_instantiated,0,,,,,0,0,,,,,,,,,,,,,,,,,,,,,,,,
Q22,4,3,1,18.39,,,1909668,0,never_instantiated,0,,,,,0,0,orders,,1909668,0,never_instantiated,0,,,,,0,0,,,,,,,,,,,,,,,,,,,,,,,,,,,,,,,,,,,,,,,,,,,,,,,,,,,,,,,,,,,,,,,,,,,,,,,,,,,,,,,,,,,,
Q01,4,4,1,31.16,,,,,,,,,,,,,,,,,,,,,,,,,,,,,,,,,,,,,,,,,,,,,,,,,,,,,,,,,,,,,,,,,,,,,,,,,,,,,,,,,,,,,,,,,,,,,,,,,,,,,,,,,,,,
Q02,4,4,1,7.19,,region,1,0,never_instantiated,0,,,,,0,0,,nation,5,0,never_instantiated,0,,,,,0,0,,supplier,57959,0,never_instantiated,0,,,,,0,0,partsupp,part,47201,0,never_instantiated,0,,,,,0,0,,,63825,0,never_instantiated,0,,,,,0,0,,,47107,0,never_instantiated,0,,,,,0,0,,region,1,0,never_instantiated,0,,,,,0,0,partsupp,,200535,0,never_instantiated,0,,,,,0,0,supplier,nation,5,0,never_instantiated,0,,,,,0,0
Q03,4,4,1,46.61,,customer,3000188,0,never_instantiated,0,,,,,0,0,lineitem,orders,72874383,0,never_instantiated,0,,,,,0,0,,,,,,,,,,,,,,,,,,,,,,,,,,,,,,,,,,,,,,,,,,,,,,,,,,,,,,,,,,,,,,,,,,,,,,,,,,,,,,,,,,,,
Q04,4,4,1,33.08,,,5733776,0,never_instantiated,0,,,,,0,0,lineitem,,5733776,0,never_instantiated,0,,,,,0,0,,,,,,,,,,,,,,,,,,,,,,,,,,,,,,,,,,,,,,,,,,,,,,,,,,,,,,,,,,,,,,,,,,,,,,,,,,,,,,,,,,,,
Q05,4,4,1,51.15,,region,1,0,never_instantiated,0,,,,,0,0,,nation,5,0,never_instantiated,0,,,,,0,0,,supplier,199889,0,never_instantiated,0,,,,,0,0,,customer,1747061,0,never_instantiated,0,,,,,0,0,lineitem,orders,22760819,0,never_instantiated,0,,,,,0,0,,,,,,,,,,,,,,,,,,,,,,,,,,,,,,,,,,,,,,,,,,,,,,,,
Q06,4,4,1,9.16,,,,,,,,,,,,,,,,,,,,,,,,,,,,,,,,,,,,,,,,,,,,,,,,,,,,,,,,,,,,,,,,,,,,,,,,,,,,,,,,,,,,,,,,,,,,,,,,,,,,,,,,,,,,
Q07,4,4,1,20.47,,nation,2,0,never_instantiated,0,,,,,0,0,,nation,2,0,never_instantiated,0,,,,,0,0,,supplier,80171,0,never_instantiated,0,,,,,0,0,,customer,556645,0,never_instantiated,0,,,,,0,0,lineitem,orders,1014869,0,never_instantiated,0,,,,,0,0,,,,,,,,,,,,,,,,,,,,,,,,,,,,,,,,,,,,,,,,,,,,,,,,
Q08,4,4,1,23.36,,region,1,0,never_instantiated,0,,,,,0,0,,nation,25,0,never_instantiated,0,,,,,0,0,,nation,5,0,never_instantiated,0,,,,,0,0,customer,,1222092,0,never_instantiated,0,,,,,0,0,supplier,,1222092,0,never_instantiated,0,,,,,0,0,orders,,4025859,0,never_instantiated,0,,,,,0,0,lineitem,part,134258,0,never_instantiated,0,,,,,0,0,,,,,,,,,,,,,,,,,,,,,,,,
Q09,4,4,1,61.90,,partsupp,79999280,0,never_instantiated,0,,,,,0,0,,nation,25,0,never_instantiated,0,,,,,0,0,,part,1087982,0,never_instantiated,0,,,,,0,0,,supplier,999224,0,never_instantiated,0,,,,,0,0,lineitem,orders,29533962,0,never_instantiated,0,,,,,0,0,,,,,,,,,,,,,,,,,,,,,,,,,,,,,,,,,,,,,,,,,,,,,,,,
Q10,4,4,1,29.11,,nation,25,0,never_instantiated,0,,,,,0,0,customer,,11463171,0,never_instantiated,0,,,,,0,0,lineitem,orders,4918971,0,never_instantiated,0,,,,,0,0,,,,,,,,,,,,,,,,,,,,,,,,,,,,,,,,,,,,,,,,,,,,,,,,,,,,,,,,,,,,,,,,,,,,,,,,
Q11,4,4,1,4.26,partsupp,,40045,0,never_instantiated,0,,,,,0,0,supplier,nation,1,0,never_instantiated,0,,,,,0,0,,nation,1,0,never_instantiated,0,,,,,0,0,partsupp,supplier,40045,0,never_instantiated,0,,,,,0,0,,,,,,,,,,,,,,,,,,,,,,,,,,,,,,,,,,,,,,,,,,,,,,,,,,,,,,,,,,,,
Q12,4,4,1,15.82,orders,lineitem,3115341,0,never_instantiated,0,,,,,0,0,,,,,,,,,,,,,,,,,,,,,,,,,,,,,,,,,,,,,,,,,,,,,,,,,,,,,,,,,,,,,,,,,,,,,,,,,,,,,,,,,,,,,,,,,,,,,,,,
Q13,4,4,1,55.50,orders,customer,15000000,0,never_instantiated,0,,,,,0,0,,,,,,,,,,,,,,,,,,,,,,,,,,,,,,,,,,,,,,,,,,,,,,,,,,,,,,,,,,,,,,,,,,,,,,,,,,,,,,,,,,,,,,,,,,,,,,,,
Q14,4,4,1,12.56,lineitem,part,6260702,0,never_instantiated,0,,,,,0,0,,,,,,,,,,,,,,,,,,,,,,,,,,,,,,,,,,,,,,,,,,,,,,,,,,,,,,,,,,,,,,,,,,,,,,,,,,,,,,,,,,,,,,,,,,,,,,,,
Q15,4,4,1,12.38,,,1,0,never_instantiated,0,,,,,0,0,supplier,,1000000,0,never_instantiated,0,,,,,0,0,,,,,,,,,,,,,,,,,,,,,,,,,,,,,,,,,,,,,,,,,,,,,,,,,,,,,,,,,,,,,,,,,,,,,,,,,,,,,,,,,,,,
Q16,4,4,1,13.01,,supplier,479,0,never_instantiated,0,,,,,0,0,partsupp,,2971749,0,never_instantiated,0,,,,,0,0,part,,8,0,never_instantiated,0,,,,,0,0,,,,,,,,,,,,,,,,,,,,,,,,,,,,,,,,,,,,,,,,,,,,,,,,,,,,,,,,,,,,,,,,,,,,,,,,
Q17,4,4,1,35.66,lineitem,part,20031,0,never_instantiated,0,,,,,0,0,,,600982,0,never_instantiated,0,,,,,0,0,lineitem,,20031,0,never_instantiated,0,,,,,0,0,,,,,,,,,,,,,,,,,,,,,,,,,,,,,,,,,,,,,,,,,,,,,,,,,,,,,,,,,,,,,,,,,,,,,,,,
Q18,4,4,1,176.67,,lineitem,6398,0,never_instantiated,0,,,,,0,0,,customer,14999999,0,never_instantiated,0,,,,,0,0,lineitem,orders,150000000,0,never_instantiated,0,,,,,0,0,,,,,,,,,,,,,,,,,,,,,,,,,,,,,,,,,,,,,,,,,,,,,,,,,,,,,,,,,,,,,,,,,,,,,,,,
Q19,4,4,1,28.04,lineitem,part,13930201,0,never_instantiated,0,,,,,0,0,,,,,,,,,,,,,,,,,,,,,,,,,,,,,,,,,,,,,,,,,,,,,,,,,,,,,,,,,,,,,,,,,,,,,,,,,,,,,,,,,,,,,,,,,,,,,,,,
Q20,4,4,1,23.04,,,24634,0,never_instantiated,0,,,,,0,0,partsupp,part,33123,0,never_instantiated,0,,,,,0,0,,,35136,0,never_instantiated,0,,,,,0,0,lineitem,,35136,0,never_instantiated,0,,,,,0,0,supplier,nation,1,0,never_instantiated,0,,,,,0,0,,,,,,,,,,,,,,,,,,,,,,,,,,,,,,,,,,,,,,,,,,,,,,,,
Q21,4,4,1,95.59,,nation,1,0,never_instantiated,0,,,,,0,0,,supplier,39953,0,never_instantiated,0,,,,,0,0,lineitem,orders,7079205,0,never_instantiated,0,,,,,0,0,,,7313671,0,never_instantiated,0,,,,,0,0,lineitem,,7313658,0,never_instantiated,0,,,,,0,0,,,7048027,0,never_instantiated,0,,,,,0,0,lineitem,,7048014,0,never_instantiated,0,,,,,0,0,,,,,,,,,,,,,,,,,,,,,,,,
Q22,4,4,1,17.99,,,1909668,0,never_instantiated,0,,,,,0,0,orders,,1909668,0,never_instantiated,0,,,,,0,0,,,,,,,,,,,,,,,,,,,,,,,,,,,,,,,,,,,,,,,,,,,,,,,,,,,,,,,,,,,,,,,,,,,,,,,,,,,,,,,,,,,,
Q01,4,5,1,31.33,,,,,,,,,,,,,,,,,,,,,,,,,,,,,,,,,,,,,,,,,,,,,,,,,,,,,,,,,,,,,,,,,,,,,,,,,,,,,,,,,,,,,,,,,,,,,,,,,,,,,,,,,,,,
Q02,4,5,1,7.70,,region,1,0,never_instantiated,0,,,,,0,0,,nation,5,0,never_instantiated,0,,,,,0,0,,part,47201,0,never_instantiated,0,,,,,0,0,partsupp,supplier,57959,0,never_instantiated,0,,,,,0,0,,,63825,0,never_instantiated,0,,,,,0,0,,,47107,0,never_instantiated,0,,,,,0,0,,region,1,0,never_instantiated,0,,,,,0,0,,nation,5,0,never_instantiated,0,,,,,0,0,partsupp,supplier,200535,0,never_instantiated,0,,,,,0,0
Q03,4,5,1,46.82,,customer,3000188,0,never_instantiated,0,,,,,0,0,lineitem,orders,72874383,0,never_instantiated,0,,,,,0,0,,,,,,,,,,,,,,,,,,,,,,,,,,,,,,,,,,,,,,,,,,,,,,,,,,,,,,,,,,,,,,,,,,,,,,,,,,,,,,,,,,,,
Q04,4,5,1,32.25,,,5733776,0,never_instantiated,0,,,,,0,0,lineitem,,5733776,0,never_instantiated,0,,,,,0,0,,,,,,,,,,,,,,,,,,,,,,,,,,,,,,,,,,,,,,,,,,,,,,,,,,,,,,,,,,,,,,,,,,,,,,,,,,,,,,,,,,,,
Q05,4,5,1,9999999,,,,,,,,,,,,,,,,,,,,,,,,,,,,,,,,,,,,,,,,,,,,,,,,,,,,,,,,,,,,,,,,,,,,,,,,,,,,,,,,,,,,,,,,,,,,,,,,,,,,,,,,,,,,
Q06,4,5,1,9.10,,,,,,,,,,,,,,,,,,,,,,,,,,,,,,,,,,,,,,,,,,,,,,,,,,,,,,,,,,,,,,,,,,,,,,,,,,,,,,,,,,,,,,,,,,,,,,,,,,,,,,,,,,,,
Q07,4,5,1,21.98,,nation,2,0,never_instantiated,0,,,,,0,0,,customer,556645,0,never_instantiated,0,,,,,0,0,,nation,2,0,never_instantiated,0,,,,,0,0,orders,,1179101,0,never_instantiated,0,,,,,0,0,lineitem,supplier,80171,0,never_instantiated,0,,,,,0,0,,,,,,,,,,,,,,,,,,,,,,,,,,,,,,,,,,,,,,,,,,,,,,,,
Q08,4,5,1,22.98,,region,1,0,never_instantiated,0,,,,,0,0,,nation,5,0,never_instantiated,0,,,,,0,0,,part,134258,0,never_instantiated,0,,,,,0,0,,customer,245630,0,never_instantiated,0,,,,,0,0,,orders,1311942,0,never_instantiated,0,,,,,0,0,,nation,25,0,never_instantiated,0,,,,,0,0,lineitem,supplier,422570,0,never_instantiated,0,,,,,0,0,,,,,,,,,,,,,,,,,,,,,,,,
Q09,4,5,1,57.40,,nation,25,0,never_instantiated,0,,,,,0,0,,supplier,999224,0,never_instantiated,0,,,,,0,0,,partsupp,4363044,0,never_instantiated,0,,,,,0,0,,orders,29533962,0,never_instantiated,0,,,,,0,0,lineitem,part,1087982,0,never_instantiated,0,,,,,0,0,,,,,,,,,,,,,,,,,,,,,,,,,,,,,,,,,,,,,,,,,,,,,,,,
Q10,4,5,1,28.79,,nation,25,0,never_instantiated,0,,,,,0,0,customer,,11463171,0,never_instantiated,0,,,,,0,0,lineitem,orders,4918971,0,never_instantiated,0,,,,,0,0,,,,,,,,,,,,,,,,,,,,,,,,,,,,,,,,,,,,,,,,,,,,,,,,,,,,,,,,,,,,,,,,,,,,,,,,
Q11,4,5,1,4.48,,nation,1,0,never_instantiated,0,,,,,0,0,partsupp,supplier,40045,0,never_instantiated,0,,,,,0,0,partsupp,,40045,0,never_instantiated,0,,,,,0,0,supplier,nation,1,0,never_instantiated,0,,,,,0,0,,,,,,,,,,,,,,,,,,,,,,,,,,,,,,,,,,,,,,,,,,,,,,,,,,,,,,,,,,,,
Q12,4,5,1,15.65,orders,lineitem,3115341,0,never_instantiated,0,,,,,0,0,,,,,,,,,,,,,,,,,,,,,,,,,,,,,,,,,,,,,,,,,,,,,,,,,,,,,,,,,,,,,,,,,,,,,,,,,,,,,,,,,,,,,,,,,,,,,,,,
Q13,4,5,1,55.88,orders,customer,15000000,0,never_instantiated,0,,,,,0,0,,,,,,,,,,,,,,,,,,,,,,,,,,,,,,,,,,,,,,,,,,,,,,,,,,,,,,,,,,,,,,,,,,,,,,,,,,,,,,,,,,,,,,,,,,,,,,,,
Q14,4,5,1,12.72,lineitem,part,6260702,0,never_instantiated,0,,,,,0,0,,,,,,,,,,,,,,,,,,,,,,,,,,,,,,,,,,,,,,,,,,,,,,,,,,,,,,,,,,,,,,,,,,,,,,,,,,,,,,,,,,,,,,,,,,,,,,,,
Q15,4,5,1,12.13,,,1,0,never_instantiated,0,,,,,0,0,supplier,,1000000,0,never_instantiated,0,,,,,0,0,,,,,,,,,,,,,,,,,,,,,,,,,,,,,,,,,,,,,,,,,,,,,,,,,,,,,,,,,,,,,,,,,,,,,,,,,,,,,,,,,,,,
Q16,4,5,1,13.08,,supplier,479,0,never_instantiated,0,,,,,0,0,partsupp,,2971749,0,never_instantiated,0,,,,,0,0,part,,8,0,never_instantiated,0,,,,,0,0,,,,,,,,,,,,,,,,,,,,,,,,,,,,,,,,,,,,,,,,,,,,,,,,,,,,,,,,,,,,,,,,,,,,,,,,
Q17,4,5,1,35.86,lineitem,part,20031,0,never_instantiated,0,,,,,0,0,,,600982,0,never_instantiated,0,,,,,0,0,lineitem,,20031,0,never_instantiated,0,,,,,0,0,,,,,,,,,,,,,,,,,,,,,,,,,,,,,,,,,,,,,,,,,,,,,,,,,,,,,,,,,,,,,,,,,,,,,,,,
Q18,4,5,1,178.48,,lineitem,6398,0,never_instantiated,0,,,,,0,0,,customer,14999999,0,never_instantiated,0,,,,,0,0,lineitem,orders,150000000,0,never_instantiated,0,,,,,0,0,,,,,,,,,,,,,,,,,,,,,,,,,,,,,,,,,,,,,,,,,,,,,,,,,,,,,,,,,,,,,,,,,,,,,,,,
Q19,4,5,1,27.85,lineitem,part,13930201,0,never_instantiated,0,,,,,0,0,,,,,,,,,,,,,,,,,,,,,,,,,,,,,,,,,,,,,,,,,,,,,,,,,,,,,,,,,,,,,,,,,,,,,,,,,,,,,,,,,,,,,,,,,,,,,,,,
Q20,4,5,1,23.28,,,24634,0,never_instantiated,0,,,,,0,0,partsupp,part,33123,0,never_instantiated,0,,,,,0,0,,,35136,0,never_instantiated,0,,,,,0,0,lineitem,,35136,0,never_instantiated,0,,,,,0,0,supplier,nation,1,0,never_instantiated,0,,,,,0,0,,,,,,,,,,,,,,,,,,,,,,,,,,,,,,,,,,,,,,,,,,,,,,,,
Q21,4,5,1,96.27,,nation,1,0,never_instantiated,0,,,,,0,0,,orders,7079205,0,never_instantiated,0,,,,,0,0,lineitem,supplier,39953,0,never_instantiated,0,,,,,0,0,,,7313671,0,never_instantiated,0,,,,,0,0,lineitem,,7313658,0,never_instantiated,0,,,,,0,0,,,7048027,0,never_instantiated,0,,,,,0,0,lineitem,,7048014,0,never_instantiated,0,,,,,0,0,,,,,,,,,,,,,,,,,,,,,,,,
Q22,4,5,1,18.63,,,1909668,0,never_instantiated,0,,,,,0,0,orders,,1909668,0,never_instantiated,0,,,,,0,0,,,,,,,,,,,,,,,,,,,,,,,,,,,,,,,,,,,,,,,,,,,,,,,,,,,,,,,,,,,,,,,,,,,,,,,,,,,,,,,,,,,,
Q01,4,6,1,31.16,,,,,,,,,,,,,,,,,,,,,,,,,,,,,,,,,,,,,,,,,,,,,,,,,,,,,,,,,,,,,,,,,,,,,,,,,,,,,,,,,,,,,,,,,,,,,,,,,,,,,,,,,,,,
Q02,4,6,1,7.06,,region,1,0,never_instantiated,0,,,,,0,0,,nation,5,0,never_instantiated,0,,,,,0,0,,supplier,57959,0,never_instantiated,0,,,,,0,0,partsupp,part,47201,0,never_instantiated,0,,,,,0,0,,,63825,0,never_instantiated,0,,,,,0,0,,,47107,0,never_instantiated,0,,,,,0,0,,region,1,0,never_instantiated,0,,,,,0,0,partsupp,,200535,0,never_instantiated,0,,,,,0,0,supplier,nation,5,0,never_instantiated,0,,,,,0,0
Q03,4,6,1,47.02,,customer,3000188,0,never_instantiated,0,,,,,0,0,lineitem,orders,72874383,0,never_instantiated,0,,,,,0,0,,,,,,,,,,,,,,,,,,,,,,,,,,,,,,,,,,,,,,,,,,,,,,,,,,,,,,,,,,,,,,,,,,,,,,,,,,,,,,,,,,,,
Q04,4,6,1,32.37,,,5733776,0,never_instantiated,0,,,,,0,0,lineitem,,5733776,0,never_instantiated,0,,,,,0,0,,,,,,,,,,,,,,,,,,,,,,,,,,,,,,,,,,,,,,,,,,,,,,,,,,,,,,,,,,,,,,,,,,,,,,,,,,,,,,,,,,,,
Q05,4,6,1,58.11,,region,1,0,never_instantiated,0,,,,,0,0,,nation,5,0,never_instantiated,0,,,,,0,0,,customer,8735735,0,never_instantiated,0,,,,,0,0,,supplier,199889,0,never_instantiated,0,,,,,0,0,lineitem,orders,22760819,0,never_instantiated,0,,,,,0,0,,,,,,,,,,,,,,,,,,,,,,,,,,,,,,,,,,,,,,,,,,,,,,,,
Q06,4,6,1,9.13,,,,,,,,,,,,,,,,,,,,,,,,,,,,,,,,,,,,,,,,,,,,,,,,,,,,,,,,,,,,,,,,,,,,,,,,,,,,,,,,,,,,,,,,,,,,,,,,,,,,,,,,,,,,
Q07,4,6,1,20.39,,nation,2,0,never_instantiated,0,,,,,0,0,,customer,556645,0,never_instantiated,0,,,,,0,0,,nation,2,0,never_instantiated,0,,,,,0,0,,supplier,80171,0,never_instantiated,0,,,,,0,0,lineitem,orders,1014869,0,never_instantiated,0,,,,,0,0,,,,,,,,,,,,,,,,,,,,,,,,,,,,,,,,,,,,,,,,,,,,,,,,
Q08,4,6,1,23.21,,region,1,0,never_instantiated,0,,,,,0,0,,nation,25,0,never_instantiated,0,,,,,0,0,,nation,5,0,never_instantiated,0,,,,,0,0,supplier,,244821,0,never_instantiated,0,,,,,0,0,customer,,1222092,0,never_instantiated,0,,,,,0,0,,part,134258,0,never_instantiated,0,,,,,0,0,lineitem,orders,1311942,0,never_instantiated,0,,,,,0,0,,,,,,,,,,,,,,,,,,,,,,,,
Q09,4,6,1,55.71,,nation,25,0,never_instantiated,0,,,,,0,0,,supplier,999224,0,never_instantiated,0,,,,,0,0,,orders,29533962,0,never_instantiated,0,,,,,0,0,,part,1087982,0,never_instantiated,0,,,,,0,0,lineitem,partsupp,4363044,0,never_instantiated,0,,,,,0,0,,,,,,,,,,,,,,,,,,,,,,,,,,,,,,,,,,,,,,,,,,,,,,,,
Q10,4,6,1,29.27,,nation,25,0,never_instantiated,0,,,,,0,0,customer,,11463171,0,never_instantiated,0,,,,,0,0,lineitem,orders,4918971,0,never_instantiated,0,,,,,0,0,,,,,,,,,,,,,,,,,,,,,,,,,,,,,,,,,,,,,,,,,,,,,,,,,,,,,,,,,,,,,,,,,,,,,,,,
Q11,4,6,1,4.20,partsupp,,40045,0,never_instantiated,0,,,,,0,0,supplier,nation,1,0,never_instantiated,0,,,,,0,0,partsupp,,40045,0,never_instantiated,0,,,,,0,0,supplier,nation,1,0,never_instantiated,0,,,,,0,0,,,,,,,,,,,,,,,,,,,,,,,,,,,,,,,,,,,,,,,,,,,,,,,,,,,,,,,,,,,,
Q12,4,6,1,15.58,orders,lineitem,3115341,0,never_instantiated,0,,,,,0,0,,,,,,,,,,,,,,,,,,,,,,,,,,,,,,,,,,,,,,,,,,,,,,,,,,,,,,,,,,,,,,,,,,,,,,,,,,,,,,,,,,,,,,,,,,,,,,,,
Q13,4,6,1,55.68,orders,customer,15000000,0,never_instantiated,0,,,,,0,0,,,,,,,,,,,,,,,,,,,,,,,,,,,,,,,,,,,,,,,,,,,,,,,,,,,,,,,,,,,,,,,,,,,,,,,,,,,,,,,,,,,,,,,,,,,,,,,,
Q14,4,6,1,12.65,lineitem,part,6260702,0,never_instantiated,0,,,,,0,0,,,,,,,,,,,,,,,,,,,,,,,,,,,,,,,,,,,,,,,,,,,,,,,,,,,,,,,,,,,,,,,,,,,,,,,,,,,,,,,,,,,,,,,,,,,,,,,,
Q15,4,6,1,12.27,,,1,0,never_instantiated,0,,,,,0,0,supplier,,1000000,0,never_instantiated,0,,,,,0,0,,,,,,,,,,,,,,,,,,,,,,,,,,,,,,,,,,,,,,,,,,,,,,,,,,,,,,,,,,,,,,,,,,,,,,,,,,,,,,,,,,,,
Q16,4,6,1,13.33,,supplier,479,0,never_instantiated,0,,,,,0,0,partsupp,,2971749,0,never_instantiated,0,,,,,0,0,part,,8,0,never_instantiated,0,,,,,0,0,,,,,,,,,,,,,,,,,,,,,,,,,,,,,,,,,,,,,,,,,,,,,,,,,,,,,,,,,,,,,,,,,,,,,,,,
Q17,4,6,1,35.54,lineitem,part,20031,0,never_instantiated,0,,,,,0,0,,,600982,0,never_instantiated,0,,,,,0,0,lineitem,,20031,0,never_instantiated,0,,,,,0,0,,,,,,,,,,,,,,,,,,,,,,,,,,,,,,,,,,,,,,,,,,,,,,,,,,,,,,,,,,,,,,,,,,,,,,,,
Q18,4,6,1,177.09,,lineitem,6398,0,never_instantiated,0,,,,,0,0,,customer,14999999,0,never_instantiated,0,,,,,0,0,lineitem,orders,150000000,0,never_instantiated,0,,,,,0,0,,,,,,,,,,,,,,,,,,,,,,,,,,,,,,,,,,,,,,,,,,,,,,,,,,,,,,,,,,,,,,,,,,,,,,,,
Q19,4,6,1,27.71,lineitem,part,13930201,0,never_instantiated,0,,,,,0,0,,,,,,,,,,,,,,,,,,,,,,,,,,,,,,,,,,,,,,,,,,,,,,,,,,,,,,,,,,,,,,,,,,,,,,,,,,,,,,,,,,,,,,,,,,,,,,,,
Q20,4,6,1,23.23,,,24634,0,never_instantiated,0,,,,,0,0,partsupp,part,33123,0,never_instantiated,0,,,,,0,0,,,35136,0,never_instantiated,0,,,,,0,0,lineitem,,35136,0,never_instantiated,0,,,,,0,0,supplier,nation,1,0,never_instantiated,0,,,,,0,0,,,,,,,,,,,,,,,,,,,,,,,,,,,,,,,,,,,,,,,,,,,,,,,,
Q21,4,6,1,95.60,,nation,1,0,never_instantiated,0,,,,,0,0,,supplier,39953,0,never_instantiated,0,,,,,0,0,lineitem,orders,7079205,0,never_instantiated,0,,,,,0,0,,,7313671,0,never_instantiated,0,,,,,0,0,lineitem,,7313658,0,never_instantiated,0,,,,,0,0,,,7048027,0,never_instantiated,0,,,,,0,0,lineitem,,7048014,0,never_instantiated,0,,,,,0,0,,,,,,,,,,,,,,,,,,,,,,,,
Q22,4,6,1,18.06,,,1909668,0,never_instantiated,0,,,,,0,0,orders,,1909668,0,never_instantiated,0,,,,,0,0,,,,,,,,,,,,,,,,,,,,,,,,,,,,,,,,,,,,,,,,,,,,,,,,,,,,,,,,,,,,,,,,,,,,,,,,,,,,,,,,,,,,
Q01,4,7,1,31.18,,,,,,,,,,,,,,,,,,,,,,,,,,,,,,,,,,,,,,,,,,,,,,,,,,,,,,,,,,,,,,,,,,,,,,,,,,,,,,,,,,,,,,,,,,,,,,,,,,,,,,,,,,,,
Q02,4,7,1,7.81,,region,1,0,never_instantiated,0,,,,,0,0,,nation,5,0,never_instantiated,0,,,,,0,0,,part,47201,0,never_instantiated,0,,,,,0,0,partsupp,supplier,57959,0,never_instantiated,0,,,,,0,0,,,63825,0,never_instantiated,0,,,,,0,0,,,47107,0,never_instantiated,0,,,,,0,0,,region,1,0,never_instantiated,0,,,,,0,0,,nation,5,0,never_instantiated,0,,,,,0,0,partsupp,supplier,200535,0,never_instantiated,0,,,,,0,0
Q03,4,7,1,47.29,,customer,3000188,0,never_instantiated,0,,,,,0,0,lineitem,orders,72874383,0,never_instantiated,0,,,,,0,0,,,,,,,,,,,,,,,,,,,,,,,,,,,,,,,,,,,,,,,,,,,,,,,,,,,,,,,,,,,,,,,,,,,,,,,,,,,,,,,,,,,,
Q04,4,7,1,32.37,,,5733776,0,never_instantiated,0,,,,,0,0,lineitem,,5733776,0,never_instantiated,0,,,,,0,0,,,,,,,,,,,,,,,,,,,,,,,,,,,,,,,,,,,,,,,,,,,,,,,,,,,,,,,,,,,,,,,,,,,,,,,,,,,,,,,,,,,,
Q05,4,7,1,9999999,,,,,,,,,,,,,,,,,,,,,,,,,,,,,,,,,,,,,,,,,,,,,,,,,,,,,,,,,,,,,,,,,,,,,,,,,,,,,,,,,,,,,,,,,,,,,,,,,,,,,,,,,,,,
Q06,4,7,1,9.10,,,,,,,,,,,,,,,,,,,,,,,,,,,,,,,,,,,,,,,,,,,,,,,,,,,,,,,,,,,,,,,,,,,,,,,,,,,,,,,,,,,,,,,,,,,,,,,,,,,,,,,,,,,,
Q07,4,7,1,22.40,,nation,2,0,never_instantiated,0,,,,,0,0,,nation,2,0,never_instantiated,0,,,,,0,0,,customer,556645,0,never_instantiated,0,,,,,0,0,orders,,1179101,0,never_instantiated,0,,,,,0,0,lineitem,supplier,80171,0,never_instantiated,0,,,,,0,0,,,,,,,,,,,,,,,,,,,,,,,,,,,,,,,,,,,,,,,,,,,,,,,,
Q08,4,7,1,23.62,,region,1,0,never_instantiated,0,,,,,0,0,,nation,5,0,never_instantiated,0,,,,,0,0,customer,,1222092,0,never_instantiated,0,,,,,0,0,,nation,25,0,never_instantiated,0,,,,,0,0,orders,,4025859,0,never_instantiated,0,,,,,0,0,,supplier,422570,0,never_instantiated,0,,,,,0,0,lineitem,part,134258,0,never_instantiated,0,,,,,0,0,,,,,,,,,,,,,,,,,,,,,,,,
Q09,4,7,1,55.98,,nation,25,0,never_instantiated,0,,,,,0,0,,part,1087982,0,never_instantiated,0,,,,,0,0,,orders,29533962,0,never_instantiated,0,,,,,0,0,,partsupp,4363044,0,never_instantiated,0,,,,,0,0,lineitem,supplier,999224,0,never_instantiated,0,,,,,0,0,,,,,,,,,,,,,,,,,,,,,,,,,,,,,,,,,,,,,,,,,,,,,,,,
Q10,4,7,1,28.42,,nation,25,0,never_instantiated,0,,,,,0,0,customer,,11463171,0,never_instantiated,0,,,,,0,0,lineitem,orders,4918971,0,never_instantiated,0,,,,,0,0,,,,,,,,,,,,,,,,,,,,,,,,,,,,,,,,,,,,,,,,,,,,,,,,,,,,,,,,,,,,,,,,,,,,,,,,
Q11,4,7,1,4.30,,nation,1,0,never_instantiated,0,,,,,0,0,partsupp,supplier,40045,0,never_instantiated,0,,,,,0,0,,nation,1,0,never_instantiated,0,,,,,0,0,partsupp,supplier,40045,0,never_instantiated,0,,,,,0,0,,,,,,,,,,,,,,,,,,,,,,,,,,,,,,,,,,,,,,,,,,,,,,,,,,,,,,,,,,,,
Q12,4,7,1,15.67,orders,lineitem,3115341,0,never_instantiated,0,,,,,0,0,,,,,,,,,,,,,,,,,,,,,,,,,,,,,,,,,,,,,,,,,,,,,,,,,,,,,,,,,,,,,,,,,,,,,,,,,,,,,,,,,,,,,,,,,,,,,,,,
Q13,4,7,1,54.46,orders,customer,15000000,0,never_instantiated,0,,,,,0,0,,,,,,,,,,,,,,,,,,,,,,,,,,,,,,,,,,,,,,,,,,,,,,,,,,,,,,,,,,,,,,,,,,,,,,,,,,,,,,,,,,,,,,,,,,,,,,,,
Q14,4,7,1,12.79,lineitem,part,6260702,0,never_instantiated,0,,,,,0,0,,,,,,,,,,,,,,,,,,,,,,,,,,,,,,,,,,,,,,,,,,,,,,,,,,,,,,,,,,,,,,,,,,,,,,,,,,,,,,,,,,,,,,,,,,,,,,,,
Q15,4,7,1,12.34,,,1,0,never_instantiated,0,,,,,0,0,supplier,,1000000,0,never_instantiated,0,,,,,0,0,,,,,,,,,,,,,,,,,,,,,,,,,,,,,,,,,,,,,,,,,,,,,,,,,,,,,,,,,,,,,,,,,,,,,,,,,,,,,,,,,,,,
Q16,4,7,1,13.01,,supplier,479,0,never_instantiated,0,,,,,0,0,partsupp,,2971749,0,never_instantiated,0,,,,,0,0,part,,8,0,never_instantiated,0,,,,,0,0,,,,,,,,,,,,,,,,,,,,,,,,,,,,,,,,,,,,,,,,,,,,,,,,,,,,,,,,,,,,,,,,,,,,,,,,
Q17,4,7,1,35.75,lineitem,part,20031,0,never_instantiated,0,,,,,0,0,,,600982,0,never_instantiated,0,,,,,0,0,lineitem,,20031,0,never_instantiated,0,,,,,0,0,,,,,,,,,,,,,,,,,,,,,,,,,,,,,,,,,,,,,,,,,,,,,,,,,,,,,,,,,,,,,,,,,,,,,,,,
Q18,4,7,1,177.10,,lineitem,6398,0,never_instantiated,0,,,,,0,0,,customer,14999999,0,never_instantiated,0,,,,,0,0,lineitem,orders,150000000,0,never_instantiated,0,,,,,0,0,,,,,,,,,,,,,,,,,,,,,,,,,,,,,,,,,,,,,,,,,,,,,,,,,,,,,,,,,,,,,,,,,,,,,,,,
Q19,4,7,1,27.42,lineitem,part,13930201,0,never_instantiated,0,,,,,0,0,,,,,,,,,,,,,,,,,,,,,,,,,,,,,,,,,,,,,,,,,,,,,,,,,,,,,,,,,,,,,,,,,,,,,,,,,,,,,,,,,,,,,,,,,,,,,,,,
Q20,4,7,1,22.75,,,24634,0,never_instantiated,0,,,,,0,0,partsupp,part,33123,0,never_instantiated,0,,,,,0,0,,,35136,0,never_instantiated,0,,,,,0,0,lineitem,,35136,0,never_instantiated,0,,,,,0,0,supplier,nation,1,0,never_instantiated,0,,,,,0,0,,,,,,,,,,,,,,,,,,,,,,,,,,,,,,,,,,,,,,,,,,,,,,,,
Q21,4,7,1,96.96,,nation,1,0,never_instantiated,0,,,,,0,0,,orders,7079205,0,never_instantiated,0,,,,,0,0,lineitem,supplier,39953,0,never_instantiated,0,,,,,0,0,,,7313671,0,never_instantiated,0,,,,,0,0,lineitem,,7313658,0,never_instantiated,0,,,,,0,0,,,7048027,0,never_instantiated,0,,,,,0,0,lineitem,,7048014,0,never_instantiated,0,,,,,0,0,,,,,,,,,,,,,,,,,,,,,,,,
Q22,4,7,1,17.96,,,1909668,0,never_instantiated,0,,,,,0,0,orders,,1909668,0,never_instantiated,0,,,,,0,0,,,,,,,,,,,,,,,,,,,,,,,,,,,,,,,,,,,,,,,,,,,,,,,,,,,,,,,,,,,,,,,,,,,,,,,,,,,,,,,,,,,,
Q01,4,8,1,31.10,,,,,,,,,,,,,,,,,,,,,,,,,,,,,,,,,,,,,,,,,,,,,,,,,,,,,,,,,,,,,,,,,,,,,,,,,,,,,,,,,,,,,,,,,,,,,,,,,,,,,,,,,,,,
Q02,4,8,1,7.10,,region,1,0,never_instantiated,0,,,,,0,0,,nation,5,0,never_instantiated,0,,,,,0,0,,supplier,57959,0,never_instantiated,0,,,,,0,0,partsupp,part,47201,0,never_instantiated,0,,,,,0,0,,,63825,0,never_instantiated,0,,,,,0,0,,,47107,0,never_instantiated,0,,,,,0,0,,region,1,0,never_instantiated,0,,,,,0,0,partsupp,,200535,0,never_instantiated,0,,,,,0,0,supplier,nation,5,0,never_instantiated,0,,,,,0,0
Q03,4,8,1,46.87,,customer,3000188,0,never_instantiated,0,,,,,0,0,lineitem,orders,72874383,0,never_instantiated,0,,,,,0,0,,,,,,,,,,,,,,,,,,,,,,,,,,,,,,,,,,,,,,,,,,,,,,,,,,,,,,,,,,,,,,,,,,,,,,,,,,,,,,,,,,,,
Q04,4,8,1,32.55,,,5733776,0,never_instantiated,0,,,,,0,0,lineitem,,5733776,0,never_instantiated,0,,,,,0,0,,,,,,,,,,,,,,,,,,,,,,,,,,,,,,,,,,,,,,,,,,,,,,,,,,,,,,,,,,,,,,,,,,,,,,,,,,,,,,,,,,,,
Q05,4,8,1,59.63,,region,1,0,never_instantiated,0,,,,,0,0,,nation,5,0,never_instantiated,0,,,,,0,0,,customer,2999759,0,never_instantiated,0,,,,,0,0,,supplier,1000000,0,never_instantiated,0,,,,,0,0,lineitem,orders,22760819,0,never_instantiated,0,,,,,0,0,,,,,,,,,,,,,,,,,,,,,,,,,,,,,,,,,,,,,,,,,,,,,,,,
Q06,4,8,1,9.06,,,,,,,,,,,,,,,,,,,,,,,,,,,,,,,,,,,,,,,,,,,,,,,,,,,,,,,,,,,,,,,,,,,,,,,,,,,,,,,,,,,,,,,,,,,,,,,,,,,,,,,,,,,,
Q07,4,8,1,20.67,,nation,2,0,never_instantiated,0,,,,,0,0,,customer,556645,0,never_instantiated,0,,,,,0,0,,nation,2,0,never_instantiated,0,,,,,0,0,,supplier,80171,0,never_instantiated,0,,,,,0,0,lineitem,orders,1014869,0,never_instantiated,0,,,,,0,0,,,,,,,,,,,,,,,,,,,,,,,,,,,,,,,,,,,,,,,,,,,,,,,,
Q08,4,8,1,23.35,,region,1,0,never_instantiated,0,,,,,0,0,,nation,5,0,never_instantiated,0,,,,,0,0,customer,,1222092,0,never_instantiated,0,,,,,0,0,,part,134258,0,never_instantiated,0,,,,,0,0,,nation,25,0,never_instantiated,0,,,,,0,0,,orders,1311942,0,never_instantiated,0,,,,,0,0,lineitem,supplier,422570,0,never_instantiated,0,,,,,0,0,,,,,,,,,,,,,,,,,,,,,,,,
Q09,4,8,1,60.47,,nation,25,0,never_instantiated,0,,,,,0,0,,supplier,999224,0,never_instantiated,0,,,,,0,0,,part,1087982,0,never_instantiated,0,,,,,0,0,,partsupp,4363044,0,never_instantiated,0,,,,,0,0,lineitem,orders,29533962,0,never_instantiated,0,,,,,0,0,,,,,,,,,,,,,,,,,,,,,,,,,,,,,,,,,,,,,,,,,,,,,,,,
Q10,4,8,1,28.69,,nation,25,0,never_instantiated,0,,,,,0,0,customer,,11463171,0,never_instantiated,0,,,,,0,0,lineitem,orders,4918971,0,never_instantiated,0,,,,,0,0,,,,,,,,,,,,,,,,,,,,,,,,,,,,,,,,,,,,,,,,,,,,,,,,,,,,,,,,,,,,,,,,,,,,,,,,
Q11,4,8,1,4.17,partsupp,,40045,0,never_instantiated,0,,,,,0,0,supplier,nation,1,0,never_instantiated,0,,,,,0,0,partsupp,,40045,0,never_instantiated,0,,,,,0,0,supplier,nation,1,0,never_instantiated,0,,,,,0,0,,,,,,,,,,,,,,,,,,,,,,,,,,,,,,,,,,,,,,,,,,,,,,,,,,,,,,,,,,,,
Q12,4,8,1,15.74,orders,lineitem,3115341,0,never_instantiated,0,,,,,0,0,,,,,,,,,,,,,,,,,,,,,,,,,,,,,,,,,,,,,,,,,,,,,,,,,,,,,,,,,,,,,,,,,,,,,,,,,,,,,,,,,,,,,,,,,,,,,,,,
Q13,4,8,1,54.65,orders,customer,15000000,0,never_instantiated,0,,,,,0,0,,,,,,,,,,,,,,,,,,,,,,,,,,,,,,,,,,,,,,,,,,,,,,,,,,,,,,,,,,,,,,,,,,,,,,,,,,,,,,,,,,,,,,,,,,,,,,,,
Q14,4,8,1,12.79,lineitem,part,6260702,0,never_instantiated,0,,,,,0,0,,,,,,,,,,,,,,,,,,,,,,,,,,,,,,,,,,,,,,,,,,,,,,,,,,,,,,,,,,,,,,,,,,,,,,,,,,,,,,,,,,,,,,,,,,,,,,,,
Q15,4,8,1,12.18,,,1,0,never_instantiated,0,,,,,0,0,supplier,,1000000,0,never_instantiated,0,,,,,0,0,,,,,,,,,,,,,,,,,,,,,,,,,,,,,,,,,,,,,,,,,,,,,,,,,,,,,,,,,,,,,,,,,,,,,,,,,,,,,,,,,,,,
Q16,4,8,1,13.20,,supplier,479,0,never_instantiated,0,,,,,0,0,partsupp,,2971749,0,never_instantiated,0,,,,,0,0,part,,8,0,never_instantiated,0,,,,,0,0,,,,,,,,,,,,,,,,,,,,,,,,,,,,,,,,,,,,,,,,,,,,,,,,,,,,,,,,,,,,,,,,,,,,,,,,
Q17,4,8,1,35.80,lineitem,part,20031,0,never_instantiated,0,,,,,0,0,,,600982,0,never_instantiated,0,,,,,0,0,lineitem,,20031,0,never_instantiated,0,,,,,0,0,,,,,,,,,,,,,,,,,,,,,,,,,,,,,,,,,,,,,,,,,,,,,,,,,,,,,,,,,,,,,,,,,,,,,,,,
Q18,4,8,1,176.78,,lineitem,6398,0,never_instantiated,0,,,,,0,0,,customer,14999999,0,never_instantiated,0,,,,,0,0,lineitem,orders,150000000,0,never_instantiated,0,,,,,0,0,,,,,,,,,,,,,,,,,,,,,,,,,,,,,,,,,,,,,,,,,,,,,,,,,,,,,,,,,,,,,,,,,,,,,,,,
Q19,4,8,1,27.71,lineitem,part,13930201,0,never_instantiated,0,,,,,0,0,,,,,,,,,,,,,,,,,,,,,,,,,,,,,,,,,,,,,,,,,,,,,,,,,,,,,,,,,,,,,,,,,,,,,,,,,,,,,,,,,,,,,,,,,,,,,,,,
Q20,4,8,1,22.89,,,24634,0,never_instantiated,0,,,,,0,0,partsupp,part,33123,0,never_instantiated,0,,,,,0,0,,,35136,0,never_instantiated,0,,,,,0,0,lineitem,,35136,0,never_instantiated,0,,,,,0,0,supplier,nation,1,0,never_instantiated,0,,,,,0,0,,,,,,,,,,,,,,,,,,,,,,,,,,,,,,,,,,,,,,,,,,,,,,,,
Q21,4,8,1,94.95,,nation,1,0,never_instantiated,0,,,,,0,0,,supplier,39953,0,never_instantiated,0,,,,,0,0,lineitem,orders,7079205,0,never_instantiated,0,,,,,0,0,,,7313671,0,never_instantiated,0,,,,,0,0,lineitem,,7313658,0,never_instantiated,0,,,,,0,0,,,7048027,0,never_instantiated,0,,,,,0,0,lineitem,,7048014,0,never_instantiated,0,,,,,0,0,,,,,,,,,,,,,,,,,,,,,,,,
Q22,4,8,1,18.21,,,1909668,0,never_instantiated,0,,,,,0,0,orders,,1909668,0,never_instantiated,0,,,,,0,0,,,,,,,,,,,,,,,,,,,,,,,,,,,,,,,,,,,,,,,,,,,,,,,,,,,,,,,,,,,,,,,,,,,,,,,,,,,,,,,,,,,,
Q01,4,9,1,31.46,,,,,,,,,,,,,,,,,,,,,,,,,,,,,,,,,,,,,,,,,,,,,,,,,,,,,,,,,,,,,,,,,,,,,,,,,,,,,,,,,,,,,,,,,,,,,,,,,,,,,,,,,,,,
Q02,4,9,1,6.18,,region,1,0,never_instantiated,0,,,,,0,0,,part,47201,0,never_instantiated,0,,,,,0,0,,nation,5,0,never_instantiated,0,,,,,0,0,partsupp,supplier,57959,0,never_instantiated,0,,,,,0,0,,,63825,0,never_instantiated,0,,,,,0,0,,,47107,0,never_instantiated,0,,,,,0,0,partsupp,,200535,0,never_instantiated,0,,,,,0,0,,region,1,0,never_instantiated,0,,,,,0,0,supplier,nation,5,0,never_instantiated,0,,,,,0,0
Q03,4,9,1,46.74,,customer,3000188,0,never_instantiated,0,,,,,0,0,lineitem,orders,72874383,0,never_instantiated,0,,,,,0,0,,,,,,,,,,,,,,,,,,,,,,,,,,,,,,,,,,,,,,,,,,,,,,,,,,,,,,,,,,,,,,,,,,,,,,,,,,,,,,,,,,,,
Q04,4,9,1,32.39,,,5733776,0,never_instantiated,0,,,,,0,0,lineitem,,5733776,0,never_instantiated,0,,,,,0,0,,,,,,,,,,,,,,,,,,,,,,,,,,,,,,,,,,,,,,,,,,,,,,,,,,,,,,,,,,,,,,,,,,,,,,,,,,,,,,,,,,,,
Q05,4,9,1,59.01,,region,1,0,never_instantiated,0,,,,,0,0,,nation,5,0,never_instantiated,0,,,,,0,0,,customer,2999759,0,never_instantiated,0,,,,,0,0,,orders,22760819,0,never_instantiated,0,,,,,0,0,lineitem,supplier,1000000,0,never_instantiated,0,,,,,0,0,,,,,,,,,,,,,,,,,,,,,,,,,,,,,,,,,,,,,,,,,,,,,,,,
Q06,4,9,1,9.18,,,,,,,,,,,,,,,,,,,,,,,,,,,,,,,,,,,,,,,,,,,,,,,,,,,,,,,,,,,,,,,,,,,,,,,,,,,,,,,,,,,,,,,,,,,,,,,,,,,,,,,,,,,,
Q07,4,9,1,22.05,,nation,2,0,never_instantiated,0,,,,,0,0,,customer,556645,0,never_instantiated,0,,,,,0,0,orders,,1179101,0,never_instantiated,0,,,,,0,0,,nation,2,0,never_instantiated,0,,,,,0,0,lineitem,supplier,80171,0,never_instantiated,0,,,,,0,0,,,,,,,,,,,,,,,,,,,,,,,,,,,,,,,,,,,,,,,,,,,,,,,,
Q08,4,9,1,23.22,,region,1,0,never_instantiated,0,,,,,0,0,,nation,5,0,never_instantiated,0,,,,,0,0,customer,,1222092,0,never_instantiated,0,,,,,0,0,,part,134258,0,never_instantiated,0,,,,,0,0,,nation,25,0,never_instantiated,0,,,,,0,0,,supplier,422570,0,never_instantiated,0,,,,,0,0,lineitem,orders,1311942,0,never_instantiated,0,,,,,0,0,,,,,,,,,,,,,,,,,,,,,,,,
Q09,4,9,1,64.96,,nation,25,0,never_instantiated,0,,,,,0,0,,partsupp,79999280,0,never_instantiated,0,,,,,0,0,,orders,29533962,0,never_instantiated,0,,,,,0,0,,supplier,999224,0,never_instantiated,0,,,,,0,0,lineitem,part,1087982,0,never_instantiated,0,,,,,0,0,,,,,,,,,,,,,,,,,,,,,,,,,,,,,,,,,,,,,,,,,,,,,,,,
Q10,4,9,1,28.26,,nation,25,0,never_instantiated,0,,,,,0,0,customer,,11463171,0,never_instantiated,0,,,,,0,0,lineitem,orders,4918971,0,never_instantiated,0,,,,,0,0,,,,,,,,,,,,,,,,,,,,,,,,,,,,,,,,,,,,,,,,,,,,,,,,,,,,,,,,,,,,,,,,,,,,,,,,
Q11,4,9,1,4.22,,nation,1,0,never_instantiated,0,,,,,0,0,partsupp,supplier,40045,0,never_instantiated,0,,,,,0,0,partsupp,,40045,0,never_instantiated,0,,,,,0,0,supplier,nation,1,0,never_instantiated,0,,,,,0,0,,,,,,,,,,,,,,,,,,,,,,,,,,,,,,,,,,,,,,,,,,,,,,,,,,,,,,,,,,,,
Q12,4,9,1,15.97,orders,lineitem,3115341,0,never_instantiated,0,,,,,0,0,,,,,,,,,,,,,,,,,,,,,,,,,,,,,,,,,,,,,,,,,,,,,,,,,,,,,,,,,,,,,,,,,,,,,,,,,,,,,,,,,,,,,,,,,,,,,,,,
Q13,4,9,1,55.93,orders,customer,15000000,0,never_instantiated,0,,,,,0,0,,,,,,,,,,,,,,,,,,,,,,,,,,,,,,,,,,,,,,,,,,,,,,,,,,,,,,,,,,,,,,,,,,,,,,,,,,,,,,,,,,,,,,,,,,,,,,,,
Q14,4,9,1,12.62,lineitem,part,6260702,0,never_instantiated,0,,,,,0,0,,,,,,,,,,,,,,,,,,,,,,,,,,,,,,,,,,,,,,,,,,,,,,,,,,,,,,,,,,,,,,,,,,,,,,,,,,,,,,,,,,,,,,,,,,,,,,,,
Q15,4,9,1,12.37,,,1,0,never_instantiated,0,,,,,0,0,supplier,,1000000,0,never_instantiated,0,,,,,0,0,,,,,,,,,,,,,,,,,,,,,,,,,,,,,,,,,,,,,,,,,,,,,,,,,,,,,,,,,,,,,,,,,,,,,,,,,,,,,,,,,,,,
Q16,4,9,1,13.11,,supplier,479,0,never_instantiated,0,,,,,0,0,partsupp,,2971749,0,never_instantiated,0,,,,,0,0,part,,8,0,never_instantiated,0,,,,,0,0,,,,,,,,,,,,,,,,,,,,,,,,,,,,,,,,,,,,,,,,,,,,,,,,,,,,,,,,,,,,,,,,,,,,,,,,
Q17,4,9,1,35.43,lineitem,part,20031,0,never_instantiated,0,,,,,0,0,,,600982,0,never_instantiated,0,,,,,0,0,lineitem,,20031,0,never_instantiated,0,,,,,0,0,,,,,,,,,,,,,,,,,,,,,,,,,,,,,,,,,,,,,,,,,,,,,,,,,,,,,,,,,,,,,,,,,,,,,,,,
Q18,4,9,1,178.34,,lineitem,6398,0,never_instantiated,0,,,,,0,0,,customer,14999999,0,never_instantiated,0,,,,,0,0,lineitem,orders,150000000,0,never_instantiated,0,,,,,0,0,,,,,,,,,,,,,,,,,,,,,,,,,,,,,,,,,,,,,,,,,,,,,,,,,,,,,,,,,,,,,,,,,,,,,,,,
Q19,4,9,1,27.75,lineitem,part,13930201,0,never_instantiated,0,,,,,0,0,,,,,,,,,,,,,,,,,,,,,,,,,,,,,,,,,,,,,,,,,,,,,,,,,,,,,,,,,,,,,,,,,,,,,,,,,,,,,,,,,,,,,,,,,,,,,,,,
Q20,4,9,1,23.21,,,24634,0,never_instantiated,0,,,,,0,0,partsupp,part,33123,0,never_instantiated,0,,,,,0,0,,,35136,0,never_instantiated,0,,,,,0,0,lineitem,,35136,0,never_instantiated,0,,,,,0,0,supplier,nation,1,0,never_instantiated,0,,,,,0,0,,,,,,,,,,,,,,,,,,,,,,,,,,,,,,,,,,,,,,,,,,,,,,,,
Q21,4,9,1,103.54,orders,,15146702,0,never_instantiated,0,,,,,0,0,,nation,1,0,never_instantiated,0,,,,,0,0,lineitem,supplier,39953,0,never_instantiated,0,,,,,0,0,,,7313671,0,never_instantiated,0,,,,,0,0,lineitem,,7313658,0,never_instantiated,0,,,,,0,0,,,7048027,0,never_instantiated,0,,,,,0,0,lineitem,,7048014,0,never_instantiated,0,,,,,0,0,,,,,,,,,,,,,,,,,,,,,,,,
Q22,4,9,1,18.37,,,1909668,0,never_instantiated,0,,,,,0,0,orders,,1909668,0,never_instantiated,0,,,,,0,0,,,,,,,,,,,,,,,,,,,,,,,,,,,,,,,,,,,,,,,,,,,,,,,,,,,,,,,,,,,,,,,,,,,,,,,,,,,,,,,,,,,,
Q01,4,10,1,31.60,,,,,,,,,,,,,,,,,,,,,,,,,,,,,,,,,,,,,,,,,,,,,,,,,,,,,,,,,,,,,,,,,,,,,,,,,,,,,,,,,,,,,,,,,,,,,,,,,,,,,,,,,,,,
Q02,4,10,1,7.19,,region,1,0,never_instantiated,0,,,,,0,0,,nation,5,0,never_instantiated,0,,,,,0,0,,supplier,57959,0,never_instantiated,0,,,,,0,0,partsupp,part,47201,0,never_instantiated,0,,,,,0,0,,,63825,0,never_instantiated,0,,,,,0,0,,,47107,0,never_instantiated,0,,,,,0,0,,region,1,0,never_instantiated,0,,,,,0,0,partsupp,,200535,0,never_instantiated,0,,,,,0,0,supplier,nation,5,0,never_instantiated,0,,,,,0,0
Q03,4,10,1,47.33,,customer,3000188,0,never_instantiated,0,,,,,0,0,lineitem,orders,72874383,0,never_instantiated,0,,,,,0,0,,,,,,,,,,,,,,,,,,,,,,,,,,,,,,,,,,,,,,,,,,,,,,,,,,,,,,,,,,,,,,,,,,,,,,,,,,,,,,,,,,,,
Q04,4,10,1,32.48,,,5733776,0,never_instantiated,0,,,,,0,0,lineitem,,5733776,0,never_instantiated,0,,,,,0,0,,,,,,,,,,,,,,,,,,,,,,,,,,,,,,,,,,,,,,,,,,,,,,,,,,,,,,,,,,,,,,,,,,,,,,,,,,,,,,,,,,,,
Q05,4,10,1,62.45,,region,1,0,never_instantiated,0,,,,,0,0,,nation,5,0,never_instantiated,0,,,,,0,0,,customer,1747061,0,never_instantiated,0,,,,,0,0,,supplier,1000000,0,never_instantiated,0,,,,,0,0,lineitem,orders,22760819,0,never_instantiated,0,,,,,0,0,,,,,,,,,,,,,,,,,,,,,,,,,,,,,,,,,,,,,,,,,,,,,,,,
Q06,4,10,1,9.00,,,,,,,,,,,,,,,,,,,,,,,,,,,,,,,,,,,,,,,,,,,,,,,,,,,,,,,,,,,,,,,,,,,,,,,,,,,,,,,,,,,,,,,,,,,,,,,,,,,,,,,,,,,,
Q07,4,10,1,20.36,,nation,2,0,never_instantiated,0,,,,,0,0,,customer,556645,0,never_instantiated,0,,,,,0,0,,nation,2,0,never_instantiated,0,,,,,0,0,,supplier,80171,0,never_instantiated,0,,,,,0,0,lineitem,orders,1014869,0,never_instantiated,0,,,,,0,0,,,,,,,,,,,,,,,,,,,,,,,,,,,,,,,,,,,,,,,,,,,,,,,,
Q08,4,10,1,23.45,,region,1,0,never_instantiated,0,,,,,0,0,,nation,5,0,never_instantiated,0,,,,,0,0,customer,,1222092,0,never_instantiated,0,,,,,0,0,orders,,4025859,0,never_instantiated,0,,,,,0,0,,nation,25,0,never_instantiated,0,,,,,0,0,,supplier,422570,0,never_instantiated,0,,,,,0,0,lineitem,part,134258,0,never_instantiated,0,,,,,0,0,,,,,,,,,,,,,,,,,,,,,,,,
Q09,4,10,1,58.44,,nation,25,0,never_instantiated,0,,,,,0,0,,part,1087982,0,never_instantiated,0,,,,,0,0,,orders,29533962,0,never_instantiated,0,,,,,0,0,,supplier,999224,0,never_instantiated,0,,,,,0,0,lineitem,partsupp,4363044,0,never_instantiated,0,,,,,0,0,,,,,,,,,,,,,,,,,,,,,,,,,,,,,,,,,,,,,,,,,,,,,,,,
Q10,4,10,1,28.17,,nation,25,0,never_instantiated,0,,,,,0,0,customer,,11463171,0,never_instantiated,0,,,,,0,0,lineitem,orders,4918971,0,never_instantiated,0,,,,,0,0,,,,,,,,,,,,,,,,,,,,,,,,,,,,,,,,,,,,,,,,,,,,,,,,,,,,,,,,,,,,,,,,,,,,,,,,
Q11,4,10,1,4.14,partsupp,,40045,0,never_instantiated,0,,,,,0,0,supplier,nation,1,0,never_instantiated,0,,,,,0,0,partsupp,,40045,0,never_instantiated,0,,,,,0,0,supplier,nation,1,0,never_instantiated,0,,,,,0,0,,,,,,,,,,,,,,,,,,,,,,,,,,,,,,,,,,,,,,,,,,,,,,,,,,,,,,,,,,,,
Q12,4,10,1,15.68,orders,lineitem,3115341,0,never_instantiated,0,,,,,0,0,,,,,,,,,,,,,,,,,,,,,,,,,,,,,,,,,,,,,,,,,,,,,,,,,,,,,,,,,,,,,,,,,,,,,,,,,,,,,,,,,,,,,,,,,,,,,,,,
Q13,4,10,1,55.45,orders,customer,15000000,0,never_instantiated,0,,,,,0,0,,,,,,,,,,,,,,,,,,,,,,,,,,,,,,,,,,,,,,,,,,,,,,,,,,,,,,,,,,,,,,,,,,,,,,,,,,,,,,,,,,,,,,,,,,,,,,,,
Q14,4,10,1,12.77,lineitem,part,6260702,0,never_instantiated,0,,,,,0,0,,,,,,,,,,,,,,,,,,,,,,,,,,,,,,,,,,,,,,,,,,,,,,,,,,,,,,,,,,,,,,,,,,,,,,,,,,,,,,,,,,,,,,,,,,,,,,,,
Q15,4,10,1,12.28,,,1,0,never_instantiated,0,,,,,0,0,supplier,,1000000,0,never_instantiated,0,,,,,0,0,,,,,,,,,,,,,,,,,,,,,,,,,,,,,,,,,,,,,,,,,,,,,,,,,,,,,,,,,,,,,,,,,,,,,,,,,,,,,,,,,,,,
Q16,4,10,1,12.97,,supplier,479,0,never_instantiated,0,,,,,0,0,partsupp,,2971749,0,never_instantiated,0,,,,,0,0,part,,8,0,never_instantiated,0,,,,,0,0,,,,,,,,,,,,,,,,,,,,,,,,,,,,,,,,,,,,,,,,,,,,,,,,,,,,,,,,,,,,,,,,,,,,,,,,
Q17,4,10,1,35.64,lineitem,part,20031,0,never_instantiated,0,,,,,0,0,,,600982,0,never_instantiated,0,,,,,0,0,lineitem,,20031,0,never_instantiated,0,,,,,0,0,,,,,,,,,,,,,,,,,,,,,,,,,,,,,,,,,,,,,,,,,,,,,,,,,,,,,,,,,,,,,,,,,,,,,,,,
Q18,4,10,1,176.71,,lineitem,6398,0,never_instantiated,0,,,,,0,0,,customer,14999999,0,never_instantiated,0,,,,,0,0,lineitem,orders,150000000,0,never_instantiated,0,,,,,0,0,,,,,,,,,,,,,,,,,,,,,,,,,,,,,,,,,,,,,,,,,,,,,,,,,,,,,,,,,,,,,,,,,,,,,,,,
Q19,4,10,1,27.54,lineitem,part,13930201,0,never_instantiated,0,,,,,0,0,,,,,,,,,,,,,,,,,,,,,,,,,,,,,,,,,,,,,,,,,,,,,,,,,,,,,,,,,,,,,,,,,,,,,,,,,,,,,,,,,,,,,,,,,,,,,,,,
Q20,4,10,1,23.55,,,24634,0,never_instantiated,0,,,,,0,0,partsupp,part,33123,0,never_instantiated,0,,,,,0,0,,,35136,0,never_instantiated,0,,,,,0,0,lineitem,,35136,0,never_instantiated,0,,,,,0,0,supplier,nation,1,0,never_instantiated,0,,,,,0,0,,,,,,,,,,,,,,,,,,,,,,,,,,,,,,,,,,,,,,,,,,,,,,,,
Q21,4,10,1,96.33,,nation,1,0,never_instantiated,0,,,,,0,0,,supplier,39953,0,never_instantiated,0,,,,,0,0,lineitem,orders,7079205,0,never_instantiated,0,,,,,0,0,,,7313671,0,never_instantiated,0,,,,,0,0,lineitem,,7313658,0,never_instantiated,0,,,,,0,0,,,7048027,0,never_instantiated,0,,,,,0,0,lineitem,,7048014,0,never_instantiated,0,,,,,0,0,,,,,,,,,,,,,,,,,,,,,,,,
Q22,4,10,1,17.91,,,1909668,0,never_instantiated,0,,,,,0,0,orders,,1909668,0,never_instantiated,0,,,,,0,0,,,,,,,,,,,,,,,,,,,,,,,,,,,,,,,,,,,,,,,,,,,,,,,,,,,,,,,,,,,,,,,,,,,,,,,,,,,,,,,,,,,,
Q01,4,11,1,31.36,,,,,,,,,,,,,,,,,,,,,,,,,,,,,,,,,,,,,,,,,,,,,,,,,,,,,,,,,,,,,,,,,,,,,,,,,,,,,,,,,,,,,,,,,,,,,,,,,,,,,,,,,,,,
Q02,4,11,1,7.68,,region,1,0,never_instantiated,0,,,,,0,0,,nation,5,0,never_instantiated,0,,,,,0,0,,part,47201,0,never_instantiated,0,,,,,0,0,partsupp,supplier,57959,0,never_instantiated,0,,,,,0,0,,,63825,0,never_instantiated,0,,,,,0,0,,,47107,0,never_instantiated,0,,,,,0,0,,region,1,0,never_instantiated,0,,,,,0,0,,nation,5,0,never_instantiated,0,,,,,0,0,partsupp,supplier,200535,0,never_instantiated,0,,,,,0,0
Q03,4,11,1,46.79,,customer,3000188,0,never_instantiated,0,,,,,0,0,lineitem,orders,72874383,0,never_instantiated,0,,,,,0,0,,,,,,,,,,,,,,,,,,,,,,,,,,,,,,,,,,,,,,,,,,,,,,,,,,,,,,,,,,,,,,,,,,,,,,,,,,,,,,,,,,,,
Q04,4,11,1,32.62,,,5733776,0,never_instantiated,0,,,,,0,0,lineitem,,5733776,0,never_instantiated,0,,,,,0,0,,,,,,,,,,,,,,,,,,,,,,,,,,,,,,,,,,,,,,,,,,,,,,,,,,,,,,,,,,,,,,,,,,,,,,,,,,,,,,,,,,,,
Q05,4,11,1,56.42,,customer,14999999,0,never_instantiated,0,,,,,0,0,,region,1,0,never_instantiated,0,,,,,0,0,,nation,5,0,never_instantiated,0,,,,,0,0,,orders,22760819,0,never_instantiated,0,,,,,0,0,lineitem,supplier,199889,0,never_instantiated,0,,,,,0,0,,,,,,,,,,,,,,,,,,,,,,,,,,,,,,,,,,,,,,,,,,,,,,,,
Q06,4,11,1,9.06,,,,,,,,,,,,,,,,,,,,,,,,,,,,,,,,,,,,,,,,,,,,,,,,,,,,,,,,,,,,,,,,,,,,,,,,,,,,,,,,,,,,,,,,,,,,,,,,,,,,,,,,,,,,
Q07,4,11,1,22.26,,nation,2,0,never_instantiated,0,,,,,0,0,,nation,2,0,never_instantiated,0,,,,,0,0,,customer,556645,0,never_instantiated,0,,,,,0,0,orders,,1179101,0,never_instantiated,0,,,,,0,0,lineitem,supplier,80171,0,never_instantiated,0,,,,,0,0,,,,,,,,,,,,,,,,,,,,,,,,,,,,,,,,,,,,,,,,,,,,,,,,
Q08,4,11,1,23.05,,region,1,0,never_instantiated,0,,,,,0,0,,nation,5,0,never_instantiated,0,,,,,0,0,customer,,1222092,0,never_instantiated,0,,,,,0,0,,nation,25,0,never_instantiated,0,,,,,0,0,orders,,4025859,0,never_instantiated,0,,,,,0,0,,part,134258,0,never_instantiated,0,,,,,0,0,lineitem,supplier,422570,0,never_instantiated,0,,,,,0,0,,,,,,,,,,,,,,,,,,,,,,,,
Q09,4,11,1,63.06,,orders,29533962,0,never_instantiated,0,,,,,0,0,,part,1087982,0,never_instantiated,0,,,,,0,0,,nation,25,0,never_instantiated,0,,,,,0,0,,partsupp,79999280,0,never_instantiated,0,,,,,0,0,lineitem,supplier,999224,0,never_instantiated,0,,,,,0,0,,,,,,,,,,,,,,,,,,,,,,,,,,,,,,,,,,,,,,,,,,,,,,,,
Q10,4,11,1,28.50,,nation,25,0,never_instantiated,0,,,,,0,0,customer,,11463171,0,never_instantiated,0,,,,,0,0,lineitem,orders,4918971,0,never_instantiated,0,,,,,0,0,,,,,,,,,,,,,,,,,,,,,,,,,,,,,,,,,,,,,,,,,,,,,,,,,,,,,,,,,,,,,,,,,,,,,,,,
Q11,4,11,1,4.38,,nation,1,0,never_instantiated,0,,,,,0,0,partsupp,supplier,40045,0,never_instantiated,0,,,,,0,0,,nation,1,0,never_instantiated,0,,,,,0,0,partsupp,supplier,40045,0,never_instantiated,0,,,,,0,0,,,,,,,,,,,,,,,,,,,,,,,,,,,,,,,,,,,,,,,,,,,,,,,,,,,,,,,,,,,,
Q12,4,11,1,15.87,orders,lineitem,3115341,0,never_instantiated,0,,,,,0,0,,,,,,,,,,,,,,,,,,,,,,,,,,,,,,,,,,,,,,,,,,,,,,,,,,,,,,,,,,,,,,,,,,,,,,,,,,,,,,,,,,,,,,,,,,,,,,,,
Q13,4,11,1,55.40,orders,customer,15000000,0,never_instantiated,0,,,,,0,0,,,,,,,,,,,,,,,,,,,,,,,,,,,,,,,,,,,,,,,,,,,,,,,,,,,,,,,,,,,,,,,,,,,,,,,,,,,,,,,,,,,,,,,,,,,,,,,,
Q14,4,11,1,12.84,lineitem,part,6260702,0,never_instantiated,0,,,,,0,0,,,,,,,,,,,,,,,,,,,,,,,,,,,,,,,,,,,,,,,,,,,,,,,,,,,,,,,,,,,,,,,,,,,,,,,,,,,,,,,,,,,,,,,,,,,,,,,,
Q15,4,11,1,12.18,,,1,0,never_instantiated,0,,,,,0,0,supplier,,1000000,0,never_instantiated,0,,,,,0,0,,,,,,,,,,,,,,,,,,,,,,,,,,,,,,,,,,,,,,,,,,,,,,,,,,,,,,,,,,,,,,,,,,,,,,,,,,,,,,,,,,,,
Q16,4,11,1,12.97,,supplier,479,0,never_instantiated,0,,,,,0,0,partsupp,,2971749,0,never_instantiated,0,,,,,0,0,part,,8,0,never_instantiated,0,,,,,0,0,,,,,,,,,,,,,,,,,,,,,,,,,,,,,,,,,,,,,,,,,,,,,,,,,,,,,,,,,,,,,,,,,,,,,,,,
Q17,4,11,1,35.90,lineitem,part,20031,0,never_instantiated,0,,,,,0,0,,,600982,0,never_instantiated,0,,,,,0,0,lineitem,,20031,0,never_instantiated,0,,,,,0,0,,,,,,,,,,,,,,,,,,,,,,,,,,,,,,,,,,,,,,,,,,,,,,,,,,,,,,,,,,,,,,,,,,,,,,,,
Q18,4,11,1,180.45,,lineitem,6398,0,never_instantiated,0,,,,,0,0,,customer,14999999,0,never_instantiated,0,,,,,0,0,lineitem,orders,150000000,0,never_instantiated,0,,,,,0,0,,,,,,,,,,,,,,,,,,,,,,,,,,,,,,,,,,,,,,,,,,,,,,,,,,,,,,,,,,,,,,,,,,,,,,,,
Q19,4,11,1,27.74,lineitem,part,13930201,0,never_instantiated,0,,,,,0,0,,,,,,,,,,,,,,,,,,,,,,,,,,,,,,,,,,,,,,,,,,,,,,,,,,,,,,,,,,,,,,,,,,,,,,,,,,,,,,,,,,,,,,,,,,,,,,,,
Q20,4,11,1,23.26,,,24634,0,never_instantiated,0,,,,,0,0,partsupp,part,33123,0,never_instantiated,0,,,,,0,0,,,35136,0,never_instantiated,0,,,,,0,0,lineitem,,35136,0,never_instantiated,0,,,,,0,0,supplier,nation,1,0,never_instantiated,0,,,,,0,0,,,,,,,,,,,,,,,,,,,,,,,,,,,,,,,,,,,,,,,,,,,,,,,,
Q21,4,11,1,97.06,,nation,1,0,never_instantiated,0,,,,,0,0,,orders,7079205,0,never_instantiated,0,,,,,0,0,lineitem,supplier,39953,0,never_instantiated,0,,,,,0,0,,,7313671,0,never_instantiated,0,,,,,0,0,lineitem,,7313658,0,never_instantiated,0,,,,,0,0,,,7048027,0,never_instantiated,0,,,,,0,0,lineitem,,7048014,0,never_instantiated,0,,,,,0,0,,,,,,,,,,,,,,,,,,,,,,,,
Q22,4,11,1,18.10,,,1909668,0,never_instantiated,0,,,,,0,0,orders,,1909668,0,never_instantiated,0,,,,,0,0,,,,,,,,,,,,,,,,,,,,,,,,,,,,,,,,,,,,,,,,,,,,,,,,,,,,,,,,,,,,,,,,,,,,,,,,,,,,,,,,,,,,
Q01,4,12,1,31.25,,,,,,,,,,,,,,,,,,,,,,,,,,,,,,,,,,,,,,,,,,,,,,,,,,,,,,,,,,,,,,,,,,,,,,,,,,,,,,,,,,,,,,,,,,,,,,,,,,,,,,,,,,,,
Q02,4,12,1,6.21,,region,1,0,never_instantiated,0,,,,,0,0,,nation,5,0,never_instantiated,0,,,,,0,0,,supplier,57959,0,never_instantiated,0,,,,,0,0,partsupp,part,47201,0,never_instantiated,0,,,,,0,0,,,63825,0,never_instantiated,0,,,,,0,0,,,47107,0,never_instantiated,0,,,,,0,0,partsupp,,200535,0,never_instantiated,0,,,,,0,0,,region,1,0,never_instantiated,0,,,,,0,0,supplier,nation,5,0,never_instantiated,0,,,,,0,0
Q03,4,12,1,46.34,,customer,3000188,0,never_instantiated,0,,,,,0,0,lineitem,orders,72874383,0,never_instantiated,0,,,,,0,0,,,,,,,,,,,,,,,,,,,,,,,,,,,,,,,,,,,,,,,,,,,,,,,,,,,,,,,,,,,,,,,,,,,,,,,,,,,,,,,,,,,,
Q04,4,12,1,34.17,,,5733776,0,never_instantiated,0,,,,,0,0,lineitem,,5733776,0,never_instantiated,0,,,,,0,0,,,,,,,,,,,,,,,,,,,,,,,,,,,,,,,,,,,,,,,,,,,,,,,,,,,,,,,,,,,,,,,,,,,,,,,,,,,,,,,,,,,,
Q05,4,12,1,52.86,,supplier,199889,0,never_instantiated,0,,,,,0,0,,region,1,0,never_instantiated,0,,,,,0,0,,nation,5,0,never_instantiated,0,,,,,0,0,,customer,1747061,0,never_instantiated,0,,,,,0,0,lineitem,orders,22760819,0,never_instantiated,0,,,,,0,0,,,,,,,,,,,,,,,,,,,,,,,,,,,,,,,,,,,,,,,,,,,,,,,,
Q06,4,12,1,9.26,,,,,,,,,,,,,,,,,,,,,,,,,,,,,,,,,,,,,,,,,,,,,,,,,,,,,,,,,,,,,,,,,,,,,,,,,,,,,,,,,,,,,,,,,,,,,,,,,,,,,,,,,,,,
Q07,4,12,1,20.33,,nation,2,0,never_instantiated,0,,,,,0,0,,supplier,80171,0,never_instantiated,0,,,,,0,0,,nation,2,0,never_instantiated,0,,,,,0,0,,customer,556645,0,never_instantiated,0,,,,,0,0,lineitem,orders,1014869,0,never_instantiated,0,,,,,0,0,,,,,,,,,,,,,,,,,,,,,,,,,,,,,,,,,,,,,,,,,,,,,,,,
Q08,4,12,1,23.39,,part,134258,0,never_instantiated,0,,,,,0,0,,region,1,0,never_instantiated,0,,,,,0,0,,nation,5,0,never_instantiated,0,,,,,0,0,,customer,245630,0,never_instantiated,0,,,,,0,0,,nation,25,0,never_instantiated,0,,,,,0,0,,supplier,422570,0,never_instantiated,0,,,,,0,0,lineitem,orders,1311942,0,never_instantiated,0,,,,,0,0,,,,,,,,,,,,,,,,,,,,,,,,
Q09,4,12,1,55.77,,partsupp,4363044,0,never_instantiated,0,,,,,0,0,,nation,25,0,never_instantiated,0,,,,,0,0,,part,1087982,0,never_instantiated,0,,,,,0,0,,supplier,999224,0,never_instantiated,0,,,,,0,0,lineitem,orders,29533962,0,never_instantiated,0,,,,,0,0,,,,,,,,,,,,,,,,,,,,,,,,,,,,,,,,,,,,,,,,,,,,,,,,
Q10,4,12,1,28.48,,nation,25,0,never_instantiated,0,,,,,0,0,customer,,11463171,0,never_instantiated,0,,,,,0,0,lineitem,orders,4918971,0,never_instantiated,0,,,,,0,0,,,,,,,,,,,,,,,,,,,,,,,,,,,,,,,,,,,,,,,,,,,,,,,,,,,,,,,,,,,,,,,,,,,,,,,,
Q11,4,12,1,4.14,partsupp,,40045,0,never_instantiated,0,,,,,0,0,supplier,nation,1,0,never_instantiated,0,,,,,0,0,partsupp,,40045,0,never_instantiated,0,,,,,0,0,supplier,nation,1,0,never_instantiated,0,,,,,0,0,,,,,,,,,,,,,,,,,,,,,,,,,,,,,,,,,,,,,,,,,,,,,,,,,,,,,,,,,,,,
Q12,4,12,1,15.73,orders,lineitem,3115341,0,never_instantiated,0,,,,,0,0,,,,,,,,,,,,,,,,,,,,,,,,,,,,,,,,,,,,,,,,,,,,,,,,,,,,,,,,,,,,,,,,,,,,,,,,,,,,,,,,,,,,,,,,,,,,,,,,
Q13,4,12,1,54.69,orders,customer,15000000,0,never_instantiated,0,,,,,0,0,,,,,,,,,,,,,,,,,,,,,,,,,,,,,,,,,,,,,,,,,,,,,,,,,,,,,,,,,,,,,,,,,,,,,,,,,,,,,,,,,,,,,,,,,,,,,,,,
Q14,4,12,1,12.50,lineitem,part,6260702,0,never_instantiated,0,,,,,0,0,,,,,,,,,,,,,,,,,,,,,,,,,,,,,,,,,,,,,,,,,,,,,,,,,,,,,,,,,,,,,,,,,,,,,,,,,,,,,,,,,,,,,,,,,,,,,,,,
Q15,4,12,1,12.24,,,1,0,never_instantiated,0,,,,,0,0,supplier,,1000000,0,never_instantiated,0,,,,,0,0,,,,,,,,,,,,,,,,,,,,,,,,,,,,,,,,,,,,,,,,,,,,,,,,,,,,,,,,,,,,,,,,,,,,,,,,,,,,,,,,,,,,
Q16,4,12,1,12.87,,supplier,479,0,never_instantiated,0,,,,,0,0,partsupp,,2971749,0,never_instantiated,0,,,,,0,0,part,,8,0,never_instantiated,0,,,,,0,0,,,,,,,,,,,,,,,,,,,,,,,,,,,,,,,,,,,,,,,,,,,,,,,,,,,,,,,,,,,,,,,,,,,,,,,,
Q17,4,12,1,35.96,lineitem,part,20031,0,never_instantiated,0,,,,,0,0,,,600982,0,never_instantiated,0,,,,,0,0,lineitem,,20031,0,never_instantiated,0,,,,,0,0,,,,,,,,,,,,,,,,,,,,,,,,,,,,,,,,,,,,,,,,,,,,,,,,,,,,,,,,,,,,,,,,,,,,,,,,
Q18,4,12,1,178.17,,lineitem,6398,0,never_instantiated,0,,,,,0,0,,customer,14999999,0,never_instantiated,0,,,,,0,0,lineitem,orders,150000000,0,never_instantiated,0,,,,,0,0,,,,,,,,,,,,,,,,,,,,,,,,,,,,,,,,,,,,,,,,,,,,,,,,,,,,,,,,,,,,,,,,,,,,,,,,
Q19,4,12,1,27.48,lineitem,part,13930201,0,never_instantiated,0,,,,,0,0,,,,,,,,,,,,,,,,,,,,,,,,,,,,,,,,,,,,,,,,,,,,,,,,,,,,,,,,,,,,,,,,,,,,,,,,,,,,,,,,,,,,,,,,,,,,,,,,
Q20,4,12,1,22.97,,,24634,0,never_instantiated,0,,,,,0,0,partsupp,part,33123,0,never_instantiated,0,,,,,0,0,,,35136,0,never_instantiated,0,,,,,0,0,lineitem,,35136,0,never_instantiated,0,,,,,0,0,supplier,nation,1,0,never_instantiated,0,,,,,0,0,,,,,,,,,,,,,,,,,,,,,,,,,,,,,,,,,,,,,,,,,,,,,,,,
Q21,4,12,1,94.29,,nation,1,0,never_instantiated,0,,,,,0,0,,supplier,39953,0,never_instantiated,0,,,,,0,0,lineitem,orders,7079205,0,never_instantiated,0,,,,,0,0,,,7313671,0,never_instantiated,0,,,,,0,0,lineitem,,7313658,0,never_instantiated,0,,,,,0,0,,,7048027,0,never_instantiated,0,,,,,0,0,lineitem,,7048014,0,never_instantiated,0,,,,,0,0,,,,,,,,,,,,,,,,,,,,,,,,
Q22,4,12,1,18.11,,,1909668,0,never_instantiated,0,,,,,0,0,orders,,1909668,0,never_instantiated,0,,,,,0,0,,,,,,,,,,,,,,,,,,,,,,,,,,,,,,,,,,,,,,,,,,,,,,,,,,,,,,,,,,,,,,,,,,,,,,,,,,,,,,,,,,,,
Q01,4,13,1,31.23,,,,,,,,,,,,,,,,,,,,,,,,,,,,,,,,,,,,,,,,,,,,,,,,,,,,,,,,,,,,,,,,,,,,,,,,,,,,,,,,,,,,,,,,,,,,,,,,,,,,,,,,,,,,
Q02,4,13,1,7.70,,region,1,0,never_instantiated,0,,,,,0,0,,nation,5,0,never_instantiated,0,,,,,0,0,,part,47201,0,never_instantiated,0,,,,,0,0,partsupp,supplier,57959,0,never_instantiated,0,,,,,0,0,,,63825,0,never_instantiated,0,,,,,0,0,,,47107,0,never_instantiated,0,,,,,0,0,,region,1,0,never_instantiated,0,,,,,0,0,,nation,5,0,never_instantiated,0,,,,,0,0,partsupp,supplier,200535,0,never_instantiated,0,,,,,0,0
Q03,4,13,1,46.75,,customer,3000188,0,never_instantiated,0,,,,,0,0,lineitem,orders,72874383,0,never_instantiated,0,,,,,0,0,,,,,,,,,,,,,,,,,,,,,,,,,,,,,,,,,,,,,,,,,,,,,,,,,,,,,,,,,,,,,,,,,,,,,,,,,,,,,,,,,,,,
Q04,4,13,1,32.43,,,5733776,0,never_instantiated,0,,,,,0,0,lineitem,,5733776,0,never_instantiated,0,,,,,0,0,,,,,,,,,,,,,,,,,,,,,,,,,,,,,,,,,,,,,,,,,,,,,,,,,,,,,,,,,,,,,,,,,,,,,,,,,,,,,,,,,,,,
Q05,4,13,1,9999999,,,,,,,,,,,,,,,,,,,,,,,,,,,,,,,,,,,,,,,,,,,,,,,,,,,,,,,,,,,,,,,,,,,,,,,,,,,,,,,,,,,,,,,,,,,,,,,,,,,,,,,,,,,,
Q06,4,13,1,9.12,,,,,,,,,,,,,,,,,,,,,,,,,,,,,,,,,,,,,,,,,,,,,,,,,,,,,,,,,,,,,,,,,,,,,,,,,,,,,,,,,,,,,,,,,,,,,,,,,,,,,,,,,,,,
Q07,4,13,1,21.91,,nation,2,0,never_instantiated,0,,,,,0,0,,customer,556645,0,never_instantiated,0,,,,,0,0,,nation,2,0,never_instantiated,0,,,,,0,0,orders,,1179101,0,never_instantiated,0,,,,,0,0,lineitem,supplier,80171,0,never_instantiated,0,,,,,0,0,,,,,,,,,,,,,,,,,,,,,,,,,,,,,,,,,,,,,,,,,,,,,,,,
Q08,4,13,1,23.46,,region,1,0,never_instantiated,0,,,,,0,0,,nation,5,0,never_instantiated,0,,,,,0,0,customer,,1222092,0,never_instantiated,0,,,,,0,0,orders,,4025859,0,never_instantiated,0,,,,,0,0,,nation,25,0,never_instantiated,0,,,,,0,0,,supplier,422570,0,never_instantiated,0,,,,,0,0,lineitem,part,134258,0,never_instantiated,0,,,,,0,0,,,,,,,,,,,,,,,,,,,,,,,,
Q09,4,13,1,56.48,,nation,25,0,never_instantiated,0,,,,,0,0,,supplier,999224,0,never_instantiated,0,,,,,0,0,,orders,29533962,0,never_instantiated,0,,,,,0,0,,partsupp,4363044,0,never_instantiated,0,,,,,0,0,lineitem,part,1087982,0,never_instantiated,0,,,,,0,0,,,,,,,,,,,,,,,,,,,,,,,,,,,,,,,,,,,,,,,,,,,,,,,,
Q10,4,13,1,28.36,,nation,25,0,never_instantiated,0,,,,,0,0,customer,,11463171,0,never_instantiated,0,,,,,0,0,lineitem,orders,4918971,0,never_instantiated,0,,,,,0,0,,,,,,,,,,,,,,,,,,,,,,,,,,,,,,,,,,,,,,,,,,,,,,,,,,,,,,,,,,,,,,,,,,,,,,,,
Q11,4,13,1,4.27,,nation,1,0,never_instantiated,0,,,,,0,0,partsupp,supplier,40045,0,never_instantiated,0,,,,,0,0,partsupp,,40045,0,never_instantiated,0,,,,,0,0,supplier,nation,1,0,never_instantiated,0,,,,,0,0,,,,,,,,,,,,,,,,,,,,,,,,,,,,,,,,,,,,,,,,,,,,,,,,,,,,,,,,,,,,
Q12,4,13,1,16.22,orders,lineitem,3115341,0,never_instantiated,0,,,,,0,0,,,,,,,,,,,,,,,,,,,,,,,,,,,,,,,,,,,,,,,,,,,,,,,,,,,,,,,,,,,,,,,,,,,,,,,,,,,,,,,,,,,,,,,,,,,,,,,,
Q13,4,13,1,55.84,orders,customer,15000000,0,never_instantiated,0,,,,,0,0,,,,,,,,,,,,,,,,,,,,,,,,,,,,,,,,,,,,,,,,,,,,,,,,,,,,,,,,,,,,,,,,,,,,,,,,,,,,,,,,,,,,,,,,,,,,,,,,
Q14,4,13,1,12.75,lineitem,part,6260702,0,never_instantiated,0,,,,,0,0,,,,,,,,,,,,,,,,,,,,,,,,,,,,,,,,,,,,,,,,,,,,,,,,,,,,,,,,,,,,,,,,,,,,,,,,,,,,,,,,,,,,,,,,,,,,,,,,
Q15,4,13,1,12.49,,,1,0,never_instantiated,0,,,,,0,0,supplier,,1000000,0,never_instantiated,0,,,,,0,0,,,,,,,,,,,,,,,,,,,,,,,,,,,,,,,,,,,,,,,,,,,,,,,,,,,,,,,,,,,,,,,,,,,,,,,,,,,,,,,,,,,,
Q16,4,13,1,13.00,,supplier,479,0,never_instantiated,0,,,,,0,0,partsupp,,2971749,0,never_instantiated,0,,,,,0,0,part,,8,0,never_instantiated,0,,,,,0,0,,,,,,,,,,,,,,,,,,,,,,,,,,,,,,,,,,,,,,,,,,,,,,,,,,,,,,,,,,,,,,,,,,,,,,,,
Q17,4,13,1,35.30,lineitem,part,20031,0,never_instantiated,0,,,,,0,0,,,600982,0,never_instantiated,0,,,,,0,0,lineitem,,20031,0,never_instantiated,0,,,,,0,0,,,,,,,,,,,,,,,,,,,,,,,,,,,,,,,,,,,,,,,,,,,,,,,,,,,,,,,,,,,,,,,,,,,,,,,,
Q18,4,13,1,174.87,,lineitem,6398,0,never_instantiated,0,,,,,0,0,,customer,14999999,0,never_instantiated,0,,,,,0,0,lineitem,orders,150000000,0,never_instantiated,0,,,,,0,0,,,,,,,,,,,,,,,,,,,,,,,,,,,,,,,,,,,,,,,,,,,,,,,,,,,,,,,,,,,,,,,,,,,,,,,,
Q19,4,13,1,27.37,lineitem,part,13930201,0,never_instantiated,0,,,,,0,0,,,,,,,,,,,,,,,,,,,,,,,,,,,,,,,,,,,,,,,,,,,,,,,,,,,,,,,,,,,,,,,,,,,,,,,,,,,,,,,,,,,,,,,,,,,,,,,,
Q20,4,13,1,23.11,,,24634,0,never_instantiated,0,,,,,0,0,partsupp,part,33123,0,never_instantiated,0,,,,,0,0,,,35136,0,never_instantiated,0,,,,,0,0,lineitem,,35136,0,never_instantiated,0,,,,,0,0,supplier,nation,1,0,never_instantiated,0,,,,,0,0,,,,,,,,,,,,,,,,,,,,,,,,,,,,,,,,,,,,,,,,,,,,,,,,
Q21,4,13,1,95.02,,nation,1,0,never_instantiated,0,,,,,0,0,,orders,7079205,0,never_instantiated,0,,,,,0,0,lineitem,supplier,39953,0,never_instantiated,0,,,,,0,0,,,7313671,0,never_instantiated,0,,,,,0,0,lineitem,,7313658,0,never_instantiated,0,,,,,0,0,,,7048027,0,never_instantiated,0,,,,,0,0,lineitem,,7048014,0,never_instantiated,0,,,,,0,0,,,,,,,,,,,,,,,,,,,,,,,,
Q22,4,13,1,18.11,,,1909668,0,never_instantiated,0,,,,,0,0,orders,,1909668,0,never_instantiated,0,,,,,0,0,,,,,,,,,,,,,,,,,,,,,,,,,,,,,,,,,,,,,,,,,,,,,,,,,,,,,,,,,,,,,,,,,,,,,,,,,,,,,,,,,,,,
Q01,4,14,1,31.22,,,,,,,,,,,,,,,,,,,,,,,,,,,,,,,,,,,,,,,,,,,,,,,,,,,,,,,,,,,,,,,,,,,,,,,,,,,,,,,,,,,,,,,,,,,,,,,,,,,,,,,,,,,,
Q02,4,14,1,8.04,,region,1,0,never_instantiated,0,,,,,0,0,,nation,5,0,never_instantiated,0,,,,,0,0,,supplier,57959,0,never_instantiated,0,,,,,0,0,partsupp,part,47201,0,never_instantiated,0,,,,,0,0,,,63825,0,never_instantiated,0,,,,,0,0,,,47107,0,never_instantiated,0,,,,,0,0,,region,1,0,never_instantiated,0,,,,,0,0,,nation,5,0,never_instantiated,0,,,,,0,0,partsupp,supplier,200535,0,never_instantiated,0,,,,,0,0
Q03,4,14,1,47.26,,customer,3000188,0,never_instantiated,0,,,,,0,0,lineitem,orders,72874383,0,never_instantiated,0,,,,,0,0,,,,,,,,,,,,,,,,,,,,,,,,,,,,,,,,,,,,,,,,,,,,,,,,,,,,,,,,,,,,,,,,,,,,,,,,,,,,,,,,,,,,
Q04,4,14,1,33.65,,,5733776,0,never_instantiated,0,,,,,0,0,lineitem,,5733776,0,never_instantiated,0,,,,,0,0,,,,,,,,,,,,,,,,,,,,,,,,,,,,,,,,,,,,,,,,,,,,,,,,,,,,,,,,,,,,,,,,,,,,,,,,,,,,,,,,,,,,
Q05,4,14,1,62.78,,region,1,0,never_instantiated,0,,,,,0,0,,nation,5,0,never_instantiated,0,,,,,0,0,,customer,1747061,0,never_instantiated,0,,,,,0,0,,supplier,1000000,0,never_instantiated,0,,,,,0,0,lineitem,orders,22760819,0,never_instantiated,0,,,,,0,0,,,,,,,,,,,,,,,,,,,,,,,,,,,,,,,,,,,,,,,,,,,,,,,,
Q06,4,14,1,9.04,,,,,,,,,,,,,,,,,,,,,,,,,,,,,,,,,,,,,,,,,,,,,,,,,,,,,,,,,,,,,,,,,,,,,,,,,,,,,,,,,,,,,,,,,,,,,,,,,,,,,,,,,,,,
Q07,4,14,1,20.39,,nation,2,0,never_instantiated,0,,,,,0,0,,customer,556645,0,never_instantiated,0,,,,,0,0,,nation,2,0,never_instantiated,0,,,,,0,0,,supplier,80171,0,never_instantiated,0,,,,,0,0,lineitem,orders,1014869,0,never_instantiated,0,,,,,0,0,,,,,,,,,,,,,,,,,,,,,,,,,,,,,,,,,,,,,,,,,,,,,,,,
Q08,4,14,1,24.02,,region,1,0,never_instantiated,0,,,,,0,0,,nation,5,0,never_instantiated,0,,,,,0,0,,part,134258,0,never_instantiated,0,,,,,0,0,,customer,245630,0,never_instantiated,0,,,,,0,0,,orders,1311942,0,never_instantiated,0,,,,,0,0,,nation,25,0,never_instantiated,0,,,,,0,0,lineitem,supplier,422570,0,never_instantiated,0,,,,,0,0,,,,,,,,,,,,,,,,,,,,,,,,
Q09,4,14,1,57.79,,nation,25,0,never_instantiated,0,,,,,0,0,,supplier,999224,0,never_instantiated,0,,,,,0,0,,part,1087982,0,never_instantiated,0,,,,,0,0,,orders,29533962,0,never_instantiated,0,,,,,0,0,lineitem,partsupp,4363044,0,never_instantiated,0,,,,,0,0,,,,,,,,,,,,,,,,,,,,,,,,,,,,,,,,,,,,,,,,,,,,,,,,
Q10,4,14,1,28.83,,nation,25,0,never_instantiated,0,,,,,0,0,customer,,11463171,0,never_instantiated,0,,,,,0,0,lineitem,orders,4918971,0,never_instantiated,0,,,,,0,0,,,,,,,,,,,,,,,,,,,,,,,,,,,,,,,,,,,,,,,,,,,,,,,,,,,,,,,,,,,,,,,,,,,,,,,,
Q11,4,14,1,4.49,partsupp,,40045,0,never_instantiated,0,,,,,0,0,supplier,nation,1,0,never_instantiated,0,,,,,0,0,partsupp,,40045,0,never_instantiated,0,,,,,0,0,supplier,nation,1,0,never_instantiated,0,,,,,0,0,,,,,,,,,,,,,,,,,,,,,,,,,,,,,,,,,,,,,,,,,,,,,,,,,,,,,,,,,,,,
Q12,4,14,1,15.84,orders,lineitem,3115341,0,never_instantiated,0,,,,,0,0,,,,,,,,,,,,,,,,,,,,,,,,,,,,,,,,,,,,,,,,,,,,,,,,,,,,,,,,,,,,,,,,,,,,,,,,,,,,,,,,,,,,,,,,,,,,,,,,
Q13,4,14,1,55.60,orders,customer,15000000,0,never_instantiated,0,,,,,0,0,,,,,,,,,,,,,,,,,,,,,,,,,,,,,,,,,,,,,,,,,,,,,,,,,,,,,,,,,,,,,,,,,,,,,,,,,,,,,,,,,,,,,,,,,,,,,,,,
Q14,4,14,1,12.64,lineitem,part,6260702,0,never_instantiated,0,,,,,0,0,,,,,,,,,,,,,,,,,,,,,,,,,,,,,,,,,,,,,,,,,,,,,,,,,,,,,,,,,,,,,,,,,,,,,,,,,,,,,,,,,,,,,,,,,,,,,,,,
Q15,4,14,1,12.33,,,1,0,never_instantiated,0,,,,,0,0,supplier,,1000000,0,never_instantiated,0,,,,,0,0,,,,,,,,,,,,,,,,,,,,,,,,,,,,,,,,,,,,,,,,,,,,,,,,,,,,,,,,,,,,,,,,,,,,,,,,,,,,,,,,,,,,
Q16,4,14,1,13.21,,supplier,479,0,never_instantiated,0,,,,,0,0,partsupp,,2971749,0,never_instantiated,0,,,,,0,0,part,,8,0,never_instantiated,0,,,,,0,0,,,,,,,,,,,,,,,,,,,,,,,,,,,,,,,,,,,,,,,,,,,,,,,,,,,,,,,,,,,,,,,,,,,,,,,,
Q17,4,14,1,35.73,lineitem,part,20031,0,never_instantiated,0,,,,,0,0,,,600982,0,never_instantiated,0,,,,,0,0,lineitem,,20031,0,never_instantiated,0,,,,,0,0,,,,,,,,,,,,,,,,,,,,,,,,,,,,,,,,,,,,,,,,,,,,,,,,,,,,,,,,,,,,,,,,,,,,,,,,
Q18,4,14,1,178.57,,lineitem,6398,0,never_instantiated,0,,,,,0,0,,customer,14999999,0,never_instantiated,0,,,,,0,0,lineitem,orders,150000000,0,never_instantiated,0,,,,,0,0,,,,,,,,,,,,,,,,,,,,,,,,,,,,,,,,,,,,,,,,,,,,,,,,,,,,,,,,,,,,,,,,,,,,,,,,
Q19,4,14,1,27.71,lineitem,part,13930201,0,never_instantiated,0,,,,,0,0,,,,,,,,,,,,,,,,,,,,,,,,,,,,,,,,,,,,,,,,,,,,,,,,,,,,,,,,,,,,,,,,,,,,,,,,,,,,,,,,,,,,,,,,,,,,,,,,
Q20,4,14,1,23.84,,,24634,0,never_instantiated,0,,,,,0,0,partsupp,part,33123,0,never_instantiated,0,,,,,0,0,,,35136,0,never_instantiated,0,,,,,0,0,lineitem,,35136,0,never_instantiated,0,,,,,0,0,supplier,nation,1,0,never_instantiated,0,,,,,0,0,,,,,,,,,,,,,,,,,,,,,,,,,,,,,,,,,,,,,,,,,,,,,,,,
Q21,4,14,1,96.72,,nation,1,0,never_instantiated,0,,,,,0,0,,supplier,39953,0,never_instantiated,0,,,,,0,0,lineitem,orders,7079205,0,never_instantiated,0,,,,,0,0,,,7313671,0,never_instantiated,0,,,,,0,0,lineitem,,7313658,0,never_instantiated,0,,,,,0,0,,,7048027,0,never_instantiated,0,,,,,0,0,lineitem,,7048014,0,never_instantiated,0,,,,,0,0,,,,,,,,,,,,,,,,,,,,,,,,
Q22,4,14,1,18.58,,,1909668,0,never_instantiated,0,,,,,0,0,orders,,1909668,0,never_instantiated,0,,,,,0,0,,,,,,,,,,,,,,,,,,,,,,,,,,,,,,,,,,,,,,,,,,,,,,,,,,,,,,,,,,,,,,,,,,,,,,,,,,,,,,,,,,,,
Q01,4,15,1,31.14,,,,,,,,,,,,,,,,,,,,,,,,,,,,,,,,,,,,,,,,,,,,,,,,,,,,,,,,,,,,,,,,,,,,,,,,,,,,,,,,,,,,,,,,,,,,,,,,,,,,,,,,,,,,
Q02,4,15,1,7.61,,region,1,0,never_instantiated,0,,,,,0,0,,nation,5,0,never_instantiated,0,,,,,0,0,,part,47201,0,never_instantiated,0,,,,,0,0,partsupp,supplier,57959,0,never_instantiated,0,,,,,0,0,,,63825,0,never_instantiated,0,,,,,0,0,,,47107,0,never_instantiated,0,,,,,0,0,,region,1,0,never_instantiated,0,,,,,0,0,,nation,5,0,never_instantiated,0,,,,,0,0,partsupp,supplier,200535,0,never_instantiated,0,,,,,0,0
Q03,4,15,1,46.82,,customer,3000188,0,never_instantiated,0,,,,,0,0,lineitem,orders,72874383,0,never_instantiated,0,,,,,0,0,,,,,,,,,,,,,,,,,,,,,,,,,,,,,,,,,,,,,,,,,,,,,,,,,,,,,,,,,,,,,,,,,,,,,,,,,,,,,,,,,,,,
Q04,4,15,1,32.99,,,5733776,0,never_instantiated,0,,,,,0,0,lineitem,,5733776,0,never_instantiated,0,,,,,0,0,,,,,,,,,,,,,,,,,,,,,,,,,,,,,,,,,,,,,,,,,,,,,,,,,,,,,,,,,,,,,,,,,,,,,,,,,,,,,,,,,,,,
Q05,4,15,1,59.91,,customer,8735735,0,never_instantiated,0,,,,,0,0,,region,1,0,never_instantiated,0,,,,,0,0,,orders,22760819,0,never_instantiated,0,,,,,0,0,,nation,5,0,never_instantiated,0,,,,,0,0,lineitem,supplier,199889,0,never_instantiated,0,,,,,0,0,,,,,,,,,,,,,,,,,,,,,,,,,,,,,,,,,,,,,,,,,,,,,,,,
Q06,4,15,1,9.10,,,,,,,,,,,,,,,,,,,,,,,,,,,,,,,,,,,,,,,,,,,,,,,,,,,,,,,,,,,,,,,,,,,,,,,,,,,,,,,,,,,,,,,,,,,,,,,,,,,,,,,,,,,,
Q07,4,15,1,22.45,,nation,2,0,never_instantiated,0,,,,,0,0,,nation,2,0,never_instantiated,0,,,,,0,0,,customer,556645,0,never_instantiated,0,,,,,0,0,orders,,1179101,0,never_instantiated,0,,,,,0,0,lineitem,supplier,80171,0,never_instantiated,0,,,,,0,0,,,,,,,,,,,,,,,,,,,,,,,,,,,,,,,,,,,,,,,,,,,,,,,,
Q08,4,15,1,23.10,,region,1,0,never_instantiated,0,,,,,0,0,,nation,5,0,never_instantiated,0,,,,,0,0,customer,,1222092,0,never_instantiated,0,,,,,0,0,,nation,25,0,never_instantiated,0,,,,,0,0,,supplier,422570,0,never_instantiated,0,,,,,0,0,,part,134258,0,never_instantiated,0,,,,,0,0,lineitem,orders,1311942,0,never_instantiated,0,,,,,0,0,,,,,,,,,,,,,,,,,,,,,,,,
Q09,4,15,1,55.72,,nation,25,0,never_instantiated,0,,,,,0,0,,partsupp,4363044,0,never_instantiated,0,,,,,0,0,,part,1087982,0,never_instantiated,0,,,,,0,0,,orders,29533962,0,never_instantiated,0,,,,,0,0,lineitem,supplier,999224,0,never_instantiated,0,,,,,0,0,,,,,,,,,,,,,,,,,,,,,,,,,,,,,,,,,,,,,,,,,,,,,,,,
Q10,4,15,1,28.26,,nation,25,0,never_instantiated,0,,,,,0,0,customer,,11463171,0,never_instantiated,0,,,,,0,0,lineitem,orders,4918971,0,never_instantiated,0,,,,,0,0,,,,,,,,,,,,,,,,,,,,,,,,,,,,,,,,,,,,,,,,,,,,,,,,,,,,,,,,,,,,,,,,,,,,,,,,
Q11,4,15,1,4.38,,nation,1,0,never_instantiated,0,,,,,0,0,partsupp,supplier,40045,0,never_instantiated,0,,,,,0,0,,nation,1,0,never_instantiated,0,,,,,0,0,partsupp,supplier,40045,0,never_instantiated,0,,,,,0,0,,,,,,,,,,,,,,,,,,,,,,,,,,,,,,,,,,,,,,,,,,,,,,,,,,,,,,,,,,,,
Q12,4,15,1,15.63,orders,lineitem,3115341,0,never_instantiated,0,,,,,0,0,,,,,,,,,,,,,,,,,,,,,,,,,,,,,,,,,,,,,,,,,,,,,,,,,,,,,,,,,,,,,,,,,,,,,,,,,,,,,,,,,,,,,,,,,,,,,,,,
Q13,4,15,1,55.65,orders,customer,15000000,0,never_instantiated,0,,,,,0,0,,,,,,,,,,,,,,,,,,,,,,,,,,,,,,,,,,,,,,,,,,,,,,,,,,,,,,,,,,,,,,,,,,,,,,,,,,,,,,,,,,,,,,,,,,,,,,,,
Q14,4,15,1,12.87,lineitem,part,6260702,0,never_instantiated,0,,,,,0,0,,,,,,,,,,,,,,,,,,,,,,,,,,,,,,,,,,,,,,,,,,,,,,,,,,,,,,,,,,,,,,,,,,,,,,,,,,,,,,,,,,,,,,,,,,,,,,,,
Q15,4,15,1,12.29,,,1,0,never_instantiated,0,,,,,0,0,supplier,,1000000,0,never_instantiated,0,,,,,0,0,,,,,,,,,,,,,,,,,,,,,,,,,,,,,,,,,,,,,,,,,,,,,,,,,,,,,,,,,,,,,,,,,,,,,,,,,,,,,,,,,,,,
Q16,4,15,1,13.36,,supplier,479,0,never_instantiated,0,,,,,0,0,partsupp,,2971749,0,never_instantiated,0,,,,,0,0,part,,8,0,never_instantiated,0,,,,,0,0,,,,,,,,,,,,,,,,,,,,,,,,,,,,,,,,,,,,,,,,,,,,,,,,,,,,,,,,,,,,,,,,,,,,,,,,
Q17,4,15,1,35.37,lineitem,part,20031,0,never_instantiated,0,,,,,0,0,,,600982,0,never_instantiated,0,,,,,0,0,lineitem,,20031,0,never_instantiated,0,,,,,0,0,,,,,,,,,,,,,,,,,,,,,,,,,,,,,,,,,,,,,,,,,,,,,,,,,,,,,,,,,,,,,,,,,,,,,,,,
Q18,4,15,1,176.06,,lineitem,6398,0,never_instantiated,0,,,,,0,0,,customer,14999999,0,never_instantiated,0,,,,,0,0,lineitem,orders,150000000,0,never_instantiated,0,,,,,0,0,,,,,,,,,,,,,,,,,,,,,,,,,,,,,,,,,,,,,,,,,,,,,,,,,,,,,,,,,,,,,,,,,,,,,,,,
Q19,4,15,1,27.61,lineitem,part,13930201,0,never_instantiated,0,,,,,0,0,,,,,,,,,,,,,,,,,,,,,,,,,,,,,,,,,,,,,,,,,,,,,,,,,,,,,,,,,,,,,,,,,,,,,,,,,,,,,,,,,,,,,,,,,,,,,,,,
Q20,4,15,1,23.43,,,24634,0,never_instantiated,0,,,,,0,0,partsupp,part,33123,0,never_instantiated,0,,,,,0,0,,,35136,0,never_instantiated,0,,,,,0,0,lineitem,,35136,0,never_instantiated,0,,,,,0,0,supplier,nation,1,0,never_instantiated,0,,,,,0,0,,,,,,,,,,,,,,,,,,,,,,,,,,,,,,,,,,,,,,,,,,,,,,,,
Q21,4,15,1,98.72,,nation,1,0,never_instantiated,0,,,,,0,0,,orders,7079205,0,never_instantiated,0,,,,,0,0,lineitem,supplier,39953,0,never_instantiated,0,,,,,0,0,,,7313671,0,never_instantiated,0,,,,,0,0,lineitem,,7313658,0,never_instantiated,0,,,,,0,0,,,7048027,0,never_instantiated,0,,,,,0,0,lineitem,,7048014,0,never_instantiated,0,,,,,0,0,,,,,,,,,,,,,,,,,,,,,,,,
Q22,4,15,1,18.37,,,1909668,0,never_instantiated,0,,,,,0,0,orders,,1909668,0,never_instantiated,0,,,,,0,0,,,,,,,,,,,,,,,,,,,,,,,,,,,,,,,,,,,,,,,,,,,,,,,,,,,,,,,,,,,,,,,,,,,,,,,,,,,,,,,,,,,,
Q01,4,16,1,31.56,,,,,,,,,,,,,,,,,,,,,,,,,,,,,,,,,,,,,,,,,,,,,,,,,,,,,,,,,,,,,,,,,,,,,,,,,,,,,,,,,,,,,,,,,,,,,,,,,,,,,,,,,,,,
Q02,4,16,1,6.13,,region,1,0,never_instantiated,0,,,,,0,0,,nation,5,0,never_instantiated,0,,,,,0,0,,supplier,57959,0,never_instantiated,0,,,,,0,0,partsupp,part,47201,0,never_instantiated,0,,,,,0,0,,,63825,0,never_instantiated,0,,,,,0,0,,,47107,0,never_instantiated,0,,,,,0,0,partsupp,,200535,0,never_instantiated,0,,,,,0,0,,region,1,0,never_instantiated,0,,,,,0,0,supplier,nation,5,0,never_instantiated,0,,,,,0,0
Q03,4,16,1,46.61,,customer,3000188,0,never_instantiated,0,,,,,0,0,lineitem,orders,72874383,0,never_instantiated,0,,,,,0,0,,,,,,,,,,,,,,,,,,,,,,,,,,,,,,,,,,,,,,,,,,,,,,,,,,,,,,,,,,,,,,,,,,,,,,,,,,,,,,,,,,,,
Q04,4,16,1,32.17,,,5733776,0,never_instantiated,0,,,,,0,0,lineitem,,5733776,0,never_instantiated,0,,,,,0,0,,,,,,,,,,,,,,,,,,,,,,,,,,,,,,,,,,,,,,,,,,,,,,,,,,,,,,,,,,,,,,,,,,,,,,,,,,,,,,,,,,,,
Q05,4,16,1,58.27,,region,1,0,never_instantiated,0,,,,,0,0,,nation,5,0,never_instantiated,0,,,,,0,0,,customer,2999759,0,never_instantiated,0,,,,,0,0,,supplier,1000000,0,never_instantiated,0,,,,,0,0,lineitem,orders,22760819,0,never_instantiated,0,,,,,0,0,,,,,,,,,,,,,,,,,,,,,,,,,,,,,,,,,,,,,,,,,,,,,,,,
Q06,4,16,1,9.14,,,,,,,,,,,,,,,,,,,,,,,,,,,,,,,,,,,,,,,,,,,,,,,,,,,,,,,,,,,,,,,,,,,,,,,,,,,,,,,,,,,,,,,,,,,,,,,,,,,,,,,,,,,,
Q07,4,16,1,20.41,,nation,2,0,never_instantiated,0,,,,,0,0,,customer,556645,0,never_instantiated,0,,,,,0,0,,nation,2,0,never_instantiated,0,,,,,0,0,,supplier,80171,0,never_instantiated,0,,,,,0,0,lineitem,orders,1014869,0,never_instantiated,0,,,,,0,0,,,,,,,,,,,,,,,,,,,,,,,,,,,,,,,,,,,,,,,,,,,,,,,,
Q08,4,16,1,23.41,,region,1,0,never_instantiated,0,,,,,0,0,,nation,5,0,never_instantiated,0,,,,,0,0,customer,,1222092,0,never_instantiated,0,,,,,0,0,orders,,4025859,0,never_instantiated,0,,,,,0,0,,nation,25,0,never_instantiated,0,,,,,0,0,,supplier,422570,0,never_instantiated,0,,,,,0,0,lineitem,part,134258,0,never_instantiated,0,,,,,0,0,,,,,,,,,,,,,,,,,,,,,,,,
Q09,4,16,1,57.92,,nation,25,0,never_instantiated,0,,,,,0,0,,supplier,999224,0,never_instantiated,0,,,,,0,0,,partsupp,4363044,0,never_instantiated,0,,,,,0,0,,part,1087982,0,never_instantiated,0,,,,,0,0,lineitem,orders,29533962,0,never_instantiated,0,,,,,0,0,,,,,,,,,,,,,,,,,,,,,,,,,,,,,,,,,,,,,,,,,,,,,,,,
Q10,4,16,1,28.33,,nation,25,0,never_instantiated,0,,,,,0,0,customer,,11463171,0,never_instantiated,0,,,,,0,0,lineitem,orders,4918971,0,never_instantiated,0,,,,,0,0,,,,,,,,,,,,,,,,,,,,,,,,,,,,,,,,,,,,,,,,,,,,,,,,,,,,,,,,,,,,,,,,,,,,,,,,
Q11,4,16,1,4.22,partsupp,,40045,0,never_instantiated,0,,,,,0,0,supplier,nation,1,0,never_instantiated,0,,,,,0,0,partsupp,,40045,0,never_instantiated,0,,,,,0,0,supplier,nation,1,0,never_instantiated,0,,,,,0,0,,,,,,,,,,,,,,,,,,,,,,,,,,,,,,,,,,,,,,,,,,,,,,,,,,,,,,,,,,,,
Q12,4,16,1,15.67,orders,lineitem,3115341,0,never_instantiated,0,,,,,0,0,,,,,,,,,,,,,,,,,,,,,,,,,,,,,,,,,,,,,,,,,,,,,,,,,,,,,,,,,,,,,,,,,,,,,,,,,,,,,,,,,,,,,,,,,,,,,,,,
Q13,4,16,1,56.18,orders,customer,15000000,0,never_instantiated,0,,,,,0,0,,,,,,,,,,,,,,,,,,,,,,,,,,,,,,,,,,,,,,,,,,,,,,,,,,,,,,,,,,,,,,,,,,,,,,,,,,,,,,,,,,,,,,,,,,,,,,,,
Q14,4,16,1,12.72,lineitem,part,6260702,0,never_instantiated,0,,,,,0,0,,,,,,,,,,,,,,,,,,,,,,,,,,,,,,,,,,,,,,,,,,,,,,,,,,,,,,,,,,,,,,,,,,,,,,,,,,,,,,,,,,,,,,,,,,,,,,,,
Q15,4,16,1,12.42,,,1,0,never_instantiated,0,,,,,0,0,supplier,,1000000,0,never_instantiated,0,,,,,0,0,,,,,,,,,,,,,,,,,,,,,,,,,,,,,,,,,,,,,,,,,,,,,,,,,,,,,,,,,,,,,,,,,,,,,,,,,,,,,,,,,,,,
Q16,4,16,1,13.20,,supplier,479,0,never_instantiated,0,,,,,0,0,partsupp,,2971749,0,never_instantiated,0,,,,,0,0,part,,8,0,never_instantiated,0,,,,,0,0,,,,,,,,,,,,,,,,,,,,,,,,,,,,,,,,,,,,,,,,,,,,,,,,,,,,,,,,,,,,,,,,,,,,,,,,
Q17,4,16,1,35.79,lineitem,part,20031,0,never_instantiated,0,,,,,0,0,,,600982,0,never_instantiated,0,,,,,0,0,lineitem,,20031,0,never_instantiated,0,,,,,0,0,,,,,,,,,,,,,,,,,,,,,,,,,,,,,,,,,,,,,,,,,,,,,,,,,,,,,,,,,,,,,,,,,,,,,,,,
Q18,4,16,1,177.69,,lineitem,6398,0,never_instantiated,0,,,,,0,0,,customer,14999999,0,never_instantiated,0,,,,,0,0,lineitem,orders,150000000,0,never_instantiated,0,,,,,0,0,,,,,,,,,,,,,,,,,,,,,,,,,,,,,,,,,,,,,,,,,,,,,,,,,,,,,,,,,,,,,,,,,,,,,,,,
Q19,4,16,1,27.41,lineitem,part,13930201,0,never_instantiated,0,,,,,0,0,,,,,,,,,,,,,,,,,,,,,,,,,,,,,,,,,,,,,,,,,,,,,,,,,,,,,,,,,,,,,,,,,,,,,,,,,,,,,,,,,,,,,,,,,,,,,,,,
Q20,4,16,1,23.08,,,24634,0,never_instantiated,0,,,,,0,0,partsupp,part,33123,0,never_instantiated,0,,,,,0,0,,,35136,0,never_instantiated,0,,,,,0,0,lineitem,,35136,0,never_instantiated,0,,,,,0,0,supplier,nation,1,0,never_instantiated,0,,,,,0,0,,,,,,,,,,,,,,,,,,,,,,,,,,,,,,,,,,,,,,,,,,,,,,,,
Q21,4,16,1,96.61,,nation,1,0,never_instantiated,0,,,,,0,0,,supplier,39953,0,never_instantiated,0,,,,,0,0,lineitem,orders,7079205,0,never_instantiated,0,,,,,0,0,,,7313671,0,never_instantiated,0,,,,,0,0,lineitem,,7313658,0,never_instantiated,0,,,,,0,0,,,7048027,0,never_instantiated,0,,,,,0,0,lineitem,,7048014,0,never_instantiated,0,,,,,0,0,,,,,,,,,,,,,,,,,,,,,,,,
Q22,4,16,1,18.38,,,1909668,0,never_instantiated,0,,,,,0,0,orders,,1909668,0,never_instantiated,0,,,,,0,0,,,,,,,,,,,,,,,,,,,,,,,,,,,,,,,,,,,,,,,,,,,,,,,,,,,,,,,,,,,,,,,,,,,,,,,,,,,,,,,,,,,,
Q01,4,17,1,31.24,,,,,,,,,,,,,,,,,,,,,,,,,,,,,,,,,,,,,,,,,,,,,,,,,,,,,,,,,,,,,,,,,,,,,,,,,,,,,,,,,,,,,,,,,,,,,,,,,,,,,,,,,,,,
Q02,4,17,1,5.83,,region,1,0,never_instantiated,0,,,,,0,0,,nation,5,0,never_instantiated,0,,,,,0,0,,part,47201,0,never_instantiated,0,,,,,0,0,partsupp,supplier,57959,0,never_instantiated,0,,,,,0,0,,,63825,0,never_instantiated,0,,,,,0,0,,,47107,0,never_instantiated,0,,,,,0,0,partsupp,,200535,0,never_instantiated,0,,,,,0,0,,region,1,0,never_instantiated,0,,,,,0,0,supplier,nation,5,0,never_instantiated,0,,,,,0,0
Q03,4,17,1,46.50,,customer,3000188,0,never_instantiated,0,,,,,0,0,lineitem,orders,72874383,0,never_instantiated,0,,,,,0,0,,,,,,,,,,,,,,,,,,,,,,,,,,,,,,,,,,,,,,,,,,,,,,,,,,,,,,,,,,,,,,,,,,,,,,,,,,,,,,,,,,,,
Q04,4,17,1,32.90,,,5733776,0,never_instantiated,0,,,,,0,0,lineitem,,5733776,0,never_instantiated,0,,,,,0,0,,,,,,,,,,,,,,,,,,,,,,,,,,,,,,,,,,,,,,,,,,,,,,,,,,,,,,,,,,,,,,,,,,,,,,,,,,,,,,,,,,,,
Q05,4,17,1,55.64,,region,1,0,never_instantiated,0,,,,,0,0,,customer,14999999,0,never_instantiated,0,,,,,0,0,,nation,5,0,never_instantiated,0,,,,,0,0,,orders,22760819,0,never_instantiated,0,,,,,0,0,lineitem,supplier,199889,0,never_instantiated,0,,,,,0,0,,,,,,,,,,,,,,,,,,,,,,,,,,,,,,,,,,,,,,,,,,,,,,,,
Q06,4,17,1,9.17,,,,,,,,,,,,,,,,,,,,,,,,,,,,,,,,,,,,,,,,,,,,,,,,,,,,,,,,,,,,,,,,,,,,,,,,,,,,,,,,,,,,,,,,,,,,,,,,,,,,,,,,,,,,
Q07,4,17,1,22.53,,nation,2,0,never_instantiated,0,,,,,0,0,,nation,2,0,never_instantiated,0,,,,,0,0,,customer,556645,0,never_instantiated,0,,,,,0,0,orders,,1179101,0,never_instantiated,0,,,,,0,0,lineitem,supplier,80171,0,never_instantiated,0,,,,,0,0,,,,,,,,,,,,,,,,,,,,,,,,,,,,,,,,,,,,,,,,,,,,,,,,
Q08,4,17,1,23.16,,nation,25,0,never_instantiated,0,,,,,0,0,,region,1,0,never_instantiated,0,,,,,0,0,,nation,5,0,never_instantiated,0,,,,,0,0,customer,,1222092,0,never_instantiated,0,,,,,0,0,orders,,4025859,0,never_instantiated,0,,,,,0,0,,part,134258,0,never_instantiated,0,,,,,0,0,lineitem,supplier,422570,0,never_instantiated,0,,,,,0,0,,,,,,,,,,,,,,,,,,,,,,,,
Q09,4,17,1,58.38,,partsupp,4363044,0,never_instantiated,0,,,,,0,0,,orders,29533962,0,never_instantiated,0,,,,,0,0,,nation,25,0,never_instantiated,0,,,,,0,0,,supplier,999224,0,never_instantiated,0,,,,,0,0,lineitem,part,1087982,0,never_instantiated,0,,,,,0,0,,,,,,,,,,,,,,,,,,,,,,,,,,,,,,,,,,,,,,,,,,,,,,,,
Q10,4,17,1,28.86,,nation,25,0,never_instantiated,0,,,,,0,0,customer,,11463171,0,never_instantiated,0,,,,,0,0,lineitem,orders,4918971,0,never_instantiated,0,,,,,0,0,,,,,,,,,,,,,,,,,,,,,,,,,,,,,,,,,,,,,,,,,,,,,,,,,,,,,,,,,,,,,,,,,,,,,,,,
Q11,4,17,1,4.29,,nation,1,0,never_instantiated,0,,,,,0,0,partsupp,supplier,40045,0,never_instantiated,0,,,,,0,0,,nation,1,0,never_instantiated,0,,,,,0,0,partsupp,supplier,40045,0,never_instantiated,0,,,,,0,0,,,,,,,,,,,,,,,,,,,,,,,,,,,,,,,,,,,,,,,,,,,,,,,,,,,,,,,,,,,,
Q12,4,17,1,16.10,orders,lineitem,3115341,0,never_instantiated,0,,,,,0,0,,,,,,,,,,,,,,,,,,,,,,,,,,,,,,,,,,,,,,,,,,,,,,,,,,,,,,,,,,,,,,,,,,,,,,,,,,,,,,,,,,,,,,,,,,,,,,,,
Q13,4,17,1,55.11,orders,customer,15000000,0,never_instantiated,0,,,,,0,0,,,,,,,,,,,,,,,,,,,,,,,,,,,,,,,,,,,,,,,,,,,,,,,,,,,,,,,,,,,,,,,,,,,,,,,,,,,,,,,,,,,,,,,,,,,,,,,,
Q14,4,17,1,12.77,lineitem,part,6260702,0,never_instantiated,0,,,,,0,0,,,,,,,,,,,,,,,,,,,,,,,,,,,,,,,,,,,,,,,,,,,,,,,,,,,,,,,,,,,,,,,,,,,,,,,,,,,,,,,,,,,,,,,,,,,,,,,,
Q15,4,17,1,12.38,,,1,0,never_instantiated,0,,,,,0,0,supplier,,1000000,0,never_instantiated,0,,,,,0,0,,,,,,,,,,,,,,,,,,,,,,,,,,,,,,,,,,,,,,,,,,,,,,,,,,,,,,,,,,,,,,,,,,,,,,,,,,,,,,,,,,,,
Q16,4,17,1,13.21,,supplier,479,0,never_instantiated,0,,,,,0,0,partsupp,,2971749,0,never_instantiated,0,,,,,0,0,part,,8,0,never_instantiated,0,,,,,0,0,,,,,,,,,,,,,,,,,,,,,,,,,,,,,,,,,,,,,,,,,,,,,,,,,,,,,,,,,,,,,,,,,,,,,,,,
Q17,4,17,1,38.22,lineitem,part,20031,0,never_instantiated,0,,,,,0,0,,,600982,0,never_instantiated,0,,,,,0,0,lineitem,,20031,0,never_instantiated,0,,,,,0,0,,,,,,,,,,,,,,,,,,,,,,,,,,,,,,,,,,,,,,,,,,,,,,,,,,,,,,,,,,,,,,,,,,,,,,,,
Q18,4,17,1,174.75,,lineitem,6398,0,never_instantiated,0,,,,,0,0,,customer,14999999,0,never_instantiated,0,,,,,0,0,lineitem,orders,150000000,0,never_instantiated,0,,,,,0,0,,,,,,,,,,,,,,,,,,,,,,,,,,,,,,,,,,,,,,,,,,,,,,,,,,,,,,,,,,,,,,,,,,,,,,,,
Q19,4,17,1,27.93,lineitem,part,13930201,0,never_instantiated,0,,,,,0,0,,,,,,,,,,,,,,,,,,,,,,,,,,,,,,,,,,,,,,,,,,,,,,,,,,,,,,,,,,,,,,,,,,,,,,,,,,,,,,,,,,,,,,,,,,,,,,,,
Q20,4,17,1,23.01,,,24634,0,never_instantiated,0,,,,,0,0,partsupp,part,33123,0,never_instantiated,0,,,,,0,0,,,35136,0,never_instantiated,0,,,,,0,0,lineitem,,35136,0,never_instantiated,0,,,,,0,0,supplier,nation,1,0,never_instantiated,0,,,,,0,0,,,,,,,,,,,,,,,,,,,,,,,,,,,,,,,,,,,,,,,,,,,,,,,,
Q21,4,17,1,97.03,,nation,1,0,never_instantiated,0,,,,,0,0,,orders,7079205,0,never_instantiated,0,,,,,0,0,lineitem,supplier,39953,0,never_instantiated,0,,,,,0,0,,,7313671,0,never_instantiated,0,,,,,0,0,lineitem,,7313658,0,never_instantiated,0,,,,,0,0,,,7048027,0,never_instantiated,0,,,,,0,0,lineitem,,7048014,0,never_instantiated,0,,,,,0,0,,,,,,,,,,,,,,,,,,,,,,,,
Q22,4,17,1,18.32,,,1909668,0,never_instantiated,0,,,,,0,0,orders,,1909668,0,never_instantiated,0,,,,,0,0,,,,,,,,,,,,,,,,,,,,,,,,,,,,,,,,,,,,,,,,,,,,,,,,,,,,,,,,,,,,,,,,,,,,,,,,,,,,,,,,,,,,
Q01,4,18,1,31.16,,,,,,,,,,,,,,,,,,,,,,,,,,,,,,,,,,,,,,,,,,,,,,,,,,,,,,,,,,,,,,,,,,,,,,,,,,,,,,,,,,,,,,,,,,,,,,,,,,,,,,,,,,,,
Q02,4,18,1,8.16,,region,1,0,never_instantiated,0,,,,,0,0,,nation,5,0,never_instantiated,0,,,,,0,0,,supplier,57959,0,never_instantiated,0,,,,,0,0,partsupp,part,47201,0,never_instantiated,0,,,,,0,0,,,63825,0,never_instantiated,0,,,,,0,0,,,47107,0,never_instantiated,0,,,,,0,0,,region,1,0,never_instantiated,0,,,,,0,0,,nation,5,0,never_instantiated,0,,,,,0,0,partsupp,supplier,200535,0,never_instantiated,0,,,,,0,0
Q03,4,18,1,46.46,,customer,3000188,0,never_instantiated,0,,,,,0,0,lineitem,orders,72874383,0,never_instantiated,0,,,,,0,0,,,,,,,,,,,,,,,,,,,,,,,,,,,,,,,,,,,,,,,,,,,,,,,,,,,,,,,,,,,,,,,,,,,,,,,,,,,,,,,,,,,,
Q04,4,18,1,32.55,,,5733776,0,never_instantiated,0,,,,,0,0,lineitem,,5733776,0,never_instantiated,0,,,,,0,0,,,,,,,,,,,,,,,,,,,,,,,,,,,,,,,,,,,,,,,,,,,,,,,,,,,,,,,,,,,,,,,,,,,,,,,,,,,,,,,,,,,,
Q05,4,18,1,59.23,,region,1,0,never_instantiated,0,,,,,0,0,,customer,14999999,0,never_instantiated,0,,,,,0,0,,nation,5,0,never_instantiated,0,,,,,0,0,,supplier,199889,0,never_instantiated,0,,,,,0,0,lineitem,orders,22760819,0,never_instantiated,0,,,,,0,0,,,,,,,,,,,,,,,,,,,,,,,,,,,,,,,,,,,,,,,,,,,,,,,,
Q06,4,18,1,9.06,,,,,,,,,,,,,,,,,,,,,,,,,,,,,,,,,,,,,,,,,,,,,,,,,,,,,,,,,,,,,,,,,,,,,,,,,,,,,,,,,,,,,,,,,,,,,,,,,,,,,,,,,,,,
Q07,4,18,1,20.39,,nation,2,0,never_instantiated,0,,,,,0,0,,nation,2,0,never_instantiated,0,,,,,0,0,,customer,556645,0,never_instantiated,0,,,,,0,0,,supplier,80171,0,never_instantiated,0,,,,,0,0,lineitem,orders,1014869,0,never_instantiated,0,,,,,0,0,,,,,,,,,,,,,,,,,,,,,,,,,,,,,,,,,,,,,,,,,,,,,,,,
Q08,4,18,1,23.30,,region,1,0,never_instantiated,0,,,,,0,0,,part,134258,0,never_instantiated,0,,,,,0,0,,nation,25,0,never_instantiated,0,,,,,0,0,,nation,5,0,never_instantiated,0,,,,,0,0,,customer,245630,0,never_instantiated,0,,,,,0,0,,supplier,422570,0,never_instantiated,0,,,,,0,0,lineitem,orders,1311942,0,never_instantiated,0,,,,,0,0,,,,,,,,,,,,,,,,,,,,,,,,
Q09,4,18,1,56.76,,part,1087982,0,never_instantiated,0,,,,,0,0,,orders,29533962,0,never_instantiated,0,,,,,0,0,,nation,25,0,never_instantiated,0,,,,,0,0,,supplier,999224,0,never_instantiated,0,,,,,0,0,lineitem,partsupp,4363044,0,never_instantiated,0,,,,,0,0,,,,,,,,,,,,,,,,,,,,,,,,,,,,,,,,,,,,,,,,,,,,,,,,
Q10,4,18,1,28.77,,nation,25,0,never_instantiated,0,,,,,0,0,customer,,11463171,0,never_instantiated,0,,,,,0,0,lineitem,orders,4918971,0,never_instantiated,0,,,,,0,0,,,,,,,,,,,,,,,,,,,,,,,,,,,,,,,,,,,,,,,,,,,,,,,,,,,,,,,,,,,,,,,,,,,,,,,,
Q11,4,18,1,4.26,partsupp,,40045,0,never_instantiated,0,,,,,0,0,supplier,nation,1,0,never_instantiated,0,,,,,0,0,,nation,1,0,never_instantiated,0,,,,,0,0,partsupp,supplier,40045,0,never_instantiated,0,,,,,0,0,,,,,,,,,,,,,,,,,,,,,,,,,,,,,,,,,,,,,,,,,,,,,,,,,,,,,,,,,,,,
Q12,4,18,1,15.78,orders,lineitem,3115341,0,never_instantiated,0,,,,,0,0,,,,,,,,,,,,,,,,,,,,,,,,,,,,,,,,,,,,,,,,,,,,,,,,,,,,,,,,,,,,,,,,,,,,,,,,,,,,,,,,,,,,,,,,,,,,,,,,
Q13,4,18,1,54.48,orders,customer,15000000,0,never_instantiated,0,,,,,0,0,,,,,,,,,,,,,,,,,,,,,,,,,,,,,,,,,,,,,,,,,,,,,,,,,,,,,,,,,,,,,,,,,,,,,,,,,,,,,,,,,,,,,,,,,,,,,,,,
Q14,4,18,1,12.93,lineitem,part,6260702,0,never_instantiated,0,,,,,0,0,,,,,,,,,,,,,,,,,,,,,,,,,,,,,,,,,,,,,,,,,,,,,,,,,,,,,,,,,,,,,,,,,,,,,,,,,,,,,,,,,,,,,,,,,,,,,,,,
Q15,4,18,1,12.24,,,1,0,never_instantiated,0,,,,,0,0,supplier,,1000000,0,never_instantiated,0,,,,,0,0,,,,,,,,,,,,,,,,,,,,,,,,,,,,,,,,,,,,,,,,,,,,,,,,,,,,,,,,,,,,,,,,,,,,,,,,,,,,,,,,,,,,
Q16,4,18,1,13.22,,supplier,479,0,never_instantiated,0,,,,,0,0,partsupp,,2971749,0,never_instantiated,0,,,,,0,0,part,,8,0,never_instantiated,0,,,,,0,0,,,,,,,,,,,,,,,,,,,,,,,,,,,,,,,,,,,,,,,,,,,,,,,,,,,,,,,,,,,,,,,,,,,,,,,,
Q17,4,18,1,35.54,lineitem,part,20031,0,never_instantiated,0,,,,,0,0,,,600982,0,never_instantiated,0,,,,,0,0,lineitem,,20031,0,never_instantiated,0,,,,,0,0,,,,,,,,,,,,,,,,,,,,,,,,,,,,,,,,,,,,,,,,,,,,,,,,,,,,,,,,,,,,,,,,,,,,,,,,
Q18,4,18,1,177.76,,lineitem,6398,0,never_instantiated,0,,,,,0,0,,customer,14999999,0,never_instantiated,0,,,,,0,0,lineitem,orders,150000000,0,never_instantiated,0,,,,,0,0,,,,,,,,,,,,,,,,,,,,,,,,,,,,,,,,,,,,,,,,,,,,,,,,,,,,,,,,,,,,,,,,,,,,,,,,
Q19,4,18,1,27.80,lineitem,part,13930201,0,never_instantiated,0,,,,,0,0,,,,,,,,,,,,,,,,,,,,,,,,,,,,,,,,,,,,,,,,,,,,,,,,,,,,,,,,,,,,,,,,,,,,,,,,,,,,,,,,,,,,,,,,,,,,,,,,
Q20,4,18,1,23.52,,,24634,0,never_instantiated,0,,,,,0,0,partsupp,part,33123,0,never_instantiated,0,,,,,0,0,,,35136,0,never_instantiated,0,,,,,0,0,lineitem,,35136,0,never_instantiated,0,,,,,0,0,supplier,nation,1,0,never_instantiated,0,,,,,0,0,,,,,,,,,,,,,,,,,,,,,,,,,,,,,,,,,,,,,,,,,,,,,,,,
Q21,4,18,1,96.09,,nation,1,0,never_instantiated,0,,,,,0,0,,supplier,39953,0,never_instantiated,0,,,,,0,0,lineitem,orders,7079205,0,never_instantiated,0,,,,,0,0,,,7313671,0,never_instantiated,0,,,,,0,0,lineitem,,7313658,0,never_instantiated,0,,,,,0,0,,,7048027,0,never_instantiated,0,,,,,0,0,lineitem,,7048014,0,never_instantiated,0,,,,,0,0,,,,,,,,,,,,,,,,,,,,,,,,
Q22,4,18,1,18.11,,,1909668,0,never_instantiated,0,,,,,0,0,orders,,1909668,0,never_instantiated,0,,,,,0,0,,,,,,,,,,,,,,,,,,,,,,,,,,,,,,,,,,,,,,,,,,,,,,,,,,,,,,,,,,,,,,,,,,,,,,,,,,,,,,,,,,,,
Q01,4,19,1,31.50,,,,,,,,,,,,,,,,,,,,,,,,,,,,,,,,,,,,,,,,,,,,,,,,,,,,,,,,,,,,,,,,,,,,,,,,,,,,,,,,,,,,,,,,,,,,,,,,,,,,,,,,,,,,
Q02,4,19,1,7.56,,region,1,0,never_instantiated,0,,,,,0,0,,part,47201,0,never_instantiated,0,,,,,0,0,,nation,5,0,never_instantiated,0,,,,,0,0,partsupp,supplier,57959,0,never_instantiated,0,,,,,0,0,,,63825,0,never_instantiated,0,,,,,0,0,,,47107,0,never_instantiated,0,,,,,0,0,,region,1,0,never_instantiated,0,,,,,0,0,,nation,5,0,never_instantiated,0,,,,,0,0,partsupp,supplier,200535,0,never_instantiated,0,,,,,0,0
Q03,4,19,1,47.06,,customer,3000188,0,never_instantiated,0,,,,,0,0,lineitem,orders,72874383,0,never_instantiated,0,,,,,0,0,,,,,,,,,,,,,,,,,,,,,,,,,,,,,,,,,,,,,,,,,,,,,,,,,,,,,,,,,,,,,,,,,,,,,,,,,,,,,,,,,,,,
Q04,4,19,1,32.79,,,5733776,0,never_instantiated,0,,,,,0,0,lineitem,,5733776,0,never_instantiated,0,,,,,0,0,,,,,,,,,,,,,,,,,,,,,,,,,,,,,,,,,,,,,,,,,,,,,,,,,,,,,,,,,,,,,,,,,,,,,,,,,,,,,,,,,,,,
Q05,4,19,1,9999999,,,,,,,,,,,,,,,,,,,,,,,,,,,,,,,,,,,,,,,,,,,,,,,,,,,,,,,,,,,,,,,,,,,,,,,,,,,,,,,,,,,,,,,,,,,,,,,,,,,,,,,,,,,,
Q06,4,19,1,9.02,,,,,,,,,,,,,,,,,,,,,,,,,,,,,,,,,,,,,,,,,,,,,,,,,,,,,,,,,,,,,,,,,,,,,,,,,,,,,,,,,,,,,,,,,,,,,,,,,,,,,,,,,,,,
Q07,4,19,1,22.05,,nation,2,0,never_instantiated,0,,,,,0,0,,customer,556645,0,never_instantiated,0,,,,,0,0,orders,,1179101,0,never_instantiated,0,,,,,0,0,,nation,2,0,never_instantiated,0,,,,,0,0,lineitem,supplier,80171,0,never_instantiated,0,,,,,0,0,,,,,,,,,,,,,,,,,,,,,,,,,,,,,,,,,,,,,,,,,,,,,,,,
Q08,4,19,1,23.77,,region,1,0,never_instantiated,0,,,,,0,0,,nation,5,0,never_instantiated,0,,,,,0,0,,nation,25,0,never_instantiated,0,,,,,0,0,supplier,,244821,0,never_instantiated,0,,,,,0,0,customer,,1222092,0,never_instantiated,0,,,,,0,0,orders,,4025859,0,never_instantiated,0,,,,,0,0,lineitem,part,134258,0,never_instantiated,0,,,,,0,0,,,,,,,,,,,,,,,,,,,,,,,,
Q09,4,19,1,57.09,,nation,25,0,never_instantiated,0,,,,,0,0,,partsupp,4363044,0,never_instantiated,0,,,,,0,0,,orders,29533962,0,never_instantiated,0,,,,,0,0,,part,1087982,0,never_instantiated,0,,,,,0,0,lineitem,supplier,999224,0,never_instantiated,0,,,,,0,0,,,,,,,,,,,,,,,,,,,,,,,,,,,,,,,,,,,,,,,,,,,,,,,,
Q10,4,19,1,28.36,,nation,25,0,never_instantiated,0,,,,,0,0,customer,,11463171,0,never_instantiated,0,,,,,0,0,lineitem,orders,4918971,0,never_instantiated,0,,,,,0,0,,,,,,,,,,,,,,,,,,,,,,,,,,,,,,,,,,,,,,,,,,,,,,,,,,,,,,,,,,,,,,,,,,,,,,,,
Q11,4,19,1,4.25,,nation,1,0,never_instantiated,0,,,,,0,0,partsupp,supplier,40045,0,never_instantiated,0,,,,,0,0,partsupp,,40045,0,never_instantiated,0,,,,,0,0,supplier,nation,1,0,never_instantiated,0,,,,,0,0,,,,,,,,,,,,,,,,,,,,,,,,,,,,,,,,,,,,,,,,,,,,,,,,,,,,,,,,,,,,
Q12,4,19,1,15.80,orders,lineitem,3115341,0,never_instantiated,0,,,,,0,0,,,,,,,,,,,,,,,,,,,,,,,,,,,,,,,,,,,,,,,,,,,,,,,,,,,,,,,,,,,,,,,,,,,,,,,,,,,,,,,,,,,,,,,,,,,,,,,,
Q13,4,19,1,55.85,orders,customer,15000000,0,never_instantiated,0,,,,,0,0,,,,,,,,,,,,,,,,,,,,,,,,,,,,,,,,,,,,,,,,,,,,,,,,,,,,,,,,,,,,,,,,,,,,,,,,,,,,,,,,,,,,,,,,,,,,,,,,
Q14,4,19,1,12.70,lineitem,part,6260702,0,never_instantiated,0,,,,,0,0,,,,,,,,,,,,,,,,,,,,,,,,,,,,,,,,,,,,,,,,,,,,,,,,,,,,,,,,,,,,,,,,,,,,,,,,,,,,,,,,,,,,,,,,,,,,,,,,
Q15,4,19,1,12.27,,,1,0,never_instantiated,0,,,,,0,0,supplier,,1000000,0,never_instantiated,0,,,,,0,0,,,,,,,,,,,,,,,,,,,,,,,,,,,,,,,,,,,,,,,,,,,,,,,,,,,,,,,,,,,,,,,,,,,,,,,,,,,,,,,,,,,,
Q16,4,19,1,13.09,,supplier,479,0,never_instantiated,0,,,,,0,0,partsupp,,2971749,0,never_instantiated,0,,,,,0,0,part,,8,0,never_instantiated,0,,,,,0,0,,,,,,,,,,,,,,,,,,,,,,,,,,,,,,,,,,,,,,,,,,,,,,,,,,,,,,,,,,,,,,,,,,,,,,,,
Q17,4,19,1,35.93,lineitem,part,20031,0,never_instantiated,0,,,,,0,0,,,600982,0,never_instantiated,0,,,,,0,0,lineitem,,20031,0,never_instantiated,0,,,,,0,0,,,,,,,,,,,,,,,,,,,,,,,,,,,,,,,,,,,,,,,,,,,,,,,,,,,,,,,,,,,,,,,,,,,,,,,,
Q18,4,19,1,176.95,,lineitem,6398,0,never_instantiated,0,,,,,0,0,,customer,14999999,0,never_instantiated,0,,,,,0,0,lineitem,orders,150000000,0,never_instantiated,0,,,,,0,0,,,,,,,,,,,,,,,,,,,,,,,,,,,,,,,,,,,,,,,,,,,,,,,,,,,,,,,,,,,,,,,,,,,,,,,,
Q19,4,19,1,27.48,lineitem,part,13930201,0,never_instantiated,0,,,,,0,0,,,,,,,,,,,,,,,,,,,,,,,,,,,,,,,,,,,,,,,,,,,,,,,,,,,,,,,,,,,,,,,,,,,,,,,,,,,,,,,,,,,,,,,,,,,,,,,,
Q20,4,19,1,23.10,,,24634,0,never_instantiated,0,,,,,0,0,partsupp,part,33123,0,never_instantiated,0,,,,,0,0,,,35136,0,never_instantiated,0,,,,,0,0,lineitem,,35136,0,never_instantiated,0,,,,,0,0,supplier,nation,1,0,never_instantiated,0,,,,,0,0,,,,,,,,,,,,,,,,,,,,,,,,,,,,,,,,,,,,,,,,,,,,,,,,
Q21,4,19,1,102.00,orders,,15146702,0,never_instantiated,0,,,,,0,0,,nation,1,0,never_instantiated,0,,,,,0,0,lineitem,supplier,39953,0,never_instantiated,0,,,,,0,0,,,7313671,0,never_instantiated,0,,,,,0,0,lineitem,,7313658,0,never_instantiated,0,,,,,0,0,,,7048027,0,never_instantiated,0,,,,,0,0,lineitem,,7048014,0,never_instantiated,0,,,,,0,0,,,,,,,,,,,,,,,,,,,,,,,,
Q22,4,19,1,17.86,,,1909668,0,never_instantiated,0,,,,,0,0,orders,,1909668,0,never_instantiated,0,,,,,0,0,,,,,,,,,,,,,,,,,,,,,,,,,,,,,,,,,,,,,,,,,,,,,,,,,,,,,,,,,,,,,,,,,,,,,,,,,,,,,,,,,,,,
