query,case,seed,run_idx,runtime_seconds,Join1-probe,Join1-build,Join1-build_rows,Join1-instantiated,Join1-state,Join1-total_probes,Join1-probes_at_freeze,Join1-freeze_reason,Join1-probes_at_abandon,Join1-abandon_reason,Join1-inserts,Join1-u1,Join2-probe,Join2-build,Join2-build_rows,Join2-instantiated,Join2-state,Join2-total_probes,Join2-probes_at_freeze,Join2-freeze_reason,Join2-probes_at_abandon,Join2-abandon_reason,Join2-inserts,Join2-u1,Join3-probe,Join3-build,Join3-build_rows,Join3-instantiated,Join3-state,Join3-total_probes,Join3-probes_at_freeze,Join3-freeze_reason,Join3-probes_at_abandon,Join3-abandon_reason,Join3-inserts,Join3-u1,Join4-probe,Join4-build,Join4-build_rows,Join4-instantiated,Join4-state,Join4-total_probes,Join4-probes_at_freeze,Join4-freeze_reason,Join4-probes_at_abandon,Join4-abandon_reason,Join4-inserts,Join4-u1,Join5-probe,Join5-build,Join5-build_rows,Join5-instantiated,Join5-state,Join5-total_probes,Join5-probes_at_freeze,Join5-freeze_reason,Join5-probes_at_abandon,Join5-abandon_reason,Join5-inserts,Join5-u1,Join6-probe,Join6-build,Join6-build_rows,Join6-instantiated,Join6-state,Join6-total_probes,Join6-probes_at_freeze,Join6-freeze_reason,Join6-probes_at_abandon,Join6-abandon_reason,Join6-inserts,Join6-u1,Join7-probe,Join7-build,Join7-build_rows,Join7-instantiated,Join7-state,Join7-total_probes,Join7-probes_at_freeze,Join7-freeze_reason,Join7-probes_at_abandon,Join7-abandon_reason,Join7-inserts,Join7-u1,Join8-probe,Join8-build,Join8-build_rows,Join8-instantiated,Join8-state,Join8-total_probes,Join8-probes_at_freeze,Join8-freeze_reason,Join8-probes_at_abandon,Join8-abandon_reason,Join8-inserts,Join8-u1,Join9-probe,Join9-build,Join9-build_rows,Join9-instantiated,Join9-state,Join9-total_probes,Join9-probes_at_freeze,Join9-freeze_reason,Join9-probes_at_abandon,Join9-abandon_reason,Join9-inserts,Join9-u1,Join10-probe,Join10-build,Join10-build_rows,Join10-instantiated,Join10-state,Join10-total_probes,Join10-probes_at_freeze,Join10-freeze_reason,Join10-probes_at_abandon,Join10-abandon_reason,Join10-inserts,Join10-u1,Join11-probe,Join11-build,Join11-build_rows,Join11-instantiated,Join11-state,Join11-total_probes,Join11-probes_at_freeze,Join11-freeze_reason,Join11-probes_at_abandon,Join11-abandon_reason,Join11-inserts,Join11-u1,Join12-probe,Join12-build,Join12-build_rows,Join12-instantiated,Join12-state,Join12-total_probes,Join12-probes_at_freeze,Join12-freeze_reason,Join12-probes_at_abandon,Join12-abandon_reason,Join12-inserts,Join12-u1,Join13-probe,Join13-build,Join13-build_rows,Join13-instantiated,Join13-state,Join13-total_probes,Join13-probes_at_freeze,Join13-freeze_reason,Join13-probes_at_abandon,Join13-abandon_reason,Join13-inserts,Join13-u1,Join14-probe,Join14-build,Join14-build_rows,Join14-instantiated,Join14-state,Join14-total_probes,Join14-probes_at_freeze,Join14-freeze_reason,Join14-probes_at_abandon,Join14-abandon_reason,Join14-inserts,Join14-u1,Join15-probe,Join15-build,Join15-build_rows,Join15-instantiated,Join15-state,Join15-total_probes,Join15-probes_at_freeze,Join15-freeze_reason,Join15-probes_at_abandon,Join15-abandon_reason,Join15-inserts,Join15-u1,Join16-probe,Join16-build,Join16-build_rows,Join16-instantiated,Join16-state,Join16-total_probes,Join16-probes_at_freeze,Join16-freeze_reason,Join16-probes_at_abandon,Join16-abandon_reason,Join16-inserts,Join16-u1,Join17-probe,Join17-build,Join17-build_rows,Join17-instantiated,Join17-state,Join17-total_probes,Join17-probes_at_freeze,Join17-freeze_reason,Join17-probes_at_abandon,Join17-abandon_reason,Join17-inserts,Join17-u1,Join18-probe,Join18-build,Join18-build_rows,Join18-instantiated,Join18-state,Join18-total_probes,Join18-probes_at_freeze,Join18-freeze_reason,Join18-probes_at_abandon,Join18-abandon_reason,Join18-inserts,Join18-u1,Join19-probe,Join19-build,Join19-build_rows,Join19-instantiated,Join19-state,Join19-total_probes,Join19-probes_at_freeze,Join19-freeze_reason,Join19-probes_at_abandon,Join19-abandon_reason,Join19-inserts,Join19-u1,Join20-probe,Join20-build,Join20-build_rows,Join20-instantiated,Join20-state,Join20-total_probes,Join20-probes_at_freeze,Join20-freeze_reason,Join20-probes_at_abandon,Join20-abandon_reason,Join20-inserts,Join20-u1,Join21-probe,Join21-build,Join21-build_rows,Join21-instantiated,Join21-state,Join21-total_probes,Join21-probes_at_freeze,Join21-freeze_reason,Join21-probes_at_abandon,Join21-abandon_reason,Join21-inserts,Join21-u1,Join22-probe,Join22-build,Join22-build_rows,Join22-instantiated,Join22-state,Join22-total_probes,Join22-probes_at_freeze,Join22-freeze_reason,Join22-probes_at_abandon,Join22-abandon_reason,Join22-inserts,Join22-u1,Join23-probe,Join23-build,Join23-build_rows,Join23-instantiated,Join23-state,Join23-total_probes,Join23-probes_at_freeze,Join23-freeze_reason,Join23-probes_at_abandon,Join23-abandon_reason,Join23-inserts,Join23-u1,Join24-probe,Join24-build,Join24-build_rows,Join24-instantiated,Join24-state,Join24-total_probes,Join24-probes_at_freeze,Join24-freeze_reason,Join24-probes_at_abandon,Join24-abandon_reason,Join24-inserts,Join24-u1
q01,1,0,1,0.61,OrderItemView,,4301324,0,never_instantiated,0,,,,,0,0,OrderView,,800000,0,never_instantiated,0,,,,,0,0,AddressView,CustomerView,800000,0,never_instantiated,0,,,,,0,0,,,,,,,,,,,,,,,,,,,,,,,,,,,,,,,,,,,,,,,,,,,,,,,,,,,,,,,,,,,,,,,,,,,,,,,,,,,,,,,,,,,,,,,,,,,,,,,,,,,,,,,,,,,,,,,,,,,,,,,,,,,,,,,,,,,,,,,,,,,,,,,,,,,,,,,,,,,,,,,,,,,,,,,,,,,,,,,,,,,,,,,,,,,,,,,,,,,,,,,,,,,,,,,,,,,,,,,,,,,,,,,,,,,,,,,,,,,,,,,,,,,,,,,,,,,,
q02,1,0,1,2.55,,,800000,0,never_instantiated,0,,,,,0,0,,,770796,0,never_instantiated,0,,,,,0,0,,,731189,0,never_instantiated,0,,,,,0,0,,,800000,0,never_instantiated,0,,,,,0,0,,,751547,0,never_instantiated,0,,,,,0,0,,,402948,0,never_instantiated,0,,,,,0,0,CreditCardView,CustomerView,800000,0,never_instantiated,0,,,,,0,0,,TaxRecordView,402948,0,never_instantiated,0,,,,,0,0,AddressView,CustomerView,800000,0,never_instantiated,0,,,,,0,0,,CategoryView,2,0,never_instantiated,0,,,,,0,0,,ProductView,36,0,never_instantiated,0,,,,,0,0,OrderItemView,,4301324,0,never_instantiated,0,,,,,0,0,OrderView,CustomerView,800000,0,never_instantiated,0,,,,,0,0,OrderView,CustomerView,800000,0,never_instantiated,0,,,,,0,0,OrderItemView,,1835997,0,never_instantiated,0,,,,,0,0,OrderView,CustomerView,800000,0,never_instantiated,0,,,,,0,0,,CategoryView,3,0,never_instantiated,0,,,,,0,0,,ProductView,36,0,never_instantiated,0,,,,,0,0,OrderItemView,,4301324,0,never_instantiated,0,,,,,0,0,OrderView,CustomerView,800000,0,never_instantiated,0,,,,,0,0,,CreditCardView,2039783,0,never_instantiated,0,,,,,0,0,OrderView,CustomerView,800000,0,never_instantiated,0,,,,,0,0,,,,,,,,,,,,,,,,,,,,,,,,
q03,1,0,1,1.27,,,800000,0,never_instantiated,0,,,,,0,0,,CategoryView,9,0,never_instantiated,0,,,,,0,0,,TaxRecordView,800000,0,never_instantiated,0,,,,,0,0,,AddressView,800000,0,never_instantiated,0,,,,,0,0,CustomerView,,3430857,0,never_instantiated,0,,,,,0,0,,ProductView,8,0,never_instantiated,0,,,,,0,0,,CreditCardView,1632147,0,never_instantiated,0,,,,,0,0,OrderItemView,OrderView,4283993,0,never_instantiated,0,,,,,0,0,CreditCardView,CustomerView,800000,0,never_instantiated,0,,,,,0,0,,,,,,,,,,,,,,,,,,,,,,,,,,,,,,,,,,,,,,,,,,,,,,,,,,,,,,,,,,,,,,,,,,,,,,,,,,,,,,,,,,,,,,,,,,,,,,,,,,,,,,,,,,,,,,,,,,,,,,,,,,,,,,,,,,,,,,,,,,,,,,,,,,,,,,,,,,,,,,,,,,,,,,,,,,,,,,,,,,,,
q04,1,0,1,4.22,,,9,0,never_instantiated,0,,,,,0,0,,,9,0,never_instantiated,0,,,,,0,0,,,9,0,never_instantiated,0,,,,,0,0,,,9,0,never_instantiated,0,,,,,0,0,,CreditCardView,2039783,0,never_instantiated,0,,,,,0,0,,OrderView,4283993,0,never_instantiated,0,,,,,0,0,OrderItemView,,36,0,never_instantiated,0,,,,,0,0,ProductView,CategoryView,9,0,never_instantiated,0,,,,,0,0,,TaxRecordView,800000,0,never_instantiated,0,,,,,0,0,,AddressView,800000,0,never_instantiated,0,,,,,0,0,,CustomerView,800000,0,never_instantiated,0,,,,,0,0,,OrderView,4283993,0,never_instantiated,0,,,,,0,0,OrderItemView,,36,0,never_instantiated,0,,,,,0,0,ProductView,CategoryView,9,0,never_instantiated,0,,,,,0,0,ProductView,CategoryView,9,0,never_instantiated,0,,,,,0,0,OrderItemView,,36,0,never_instantiated,0,,,,,0,0,ProductView,CategoryView,9,0,never_instantiated,0,,,,,0,0,,CreditCardView,2039783,0,never_instantiated,0,,,,,0,0,,OrderView,4283993,0,never_instantiated,0,,,,,0,0,OrderItemView,,36,0,never_instantiated,0,,,,,0,0,ProductView,CategoryView,9,0,never_instantiated,0,,,,,0,0,,,,,,,,,,,,,,,,,,,,,,,,,,,,,,,,,,,,
q05,1,0,1,1.05,,,73297,0,never_instantiated,0,,,,,0,0,,ProductView,36,0,never_instantiated,0,,,,,0,0,OrderItemView,,4301324,0,never_instantiated,0,,,,,0,0,OrderView,,800000,0,never_instantiated,0,,,,,0,0,TaxRecordView,AddressView,800000,0,never_instantiated,0,,,,,0,0,,,73297,0,never_instantiated,0,,,,,0,0,,CustomerView,800000,0,never_instantiated,0,,,,,0,0,TaxRecordView,AddressView,800000,0,never_instantiated,0,,,,,0,0,OrderView,,800000,0,never_instantiated,0,,,,,0,0,TaxRecordView,AddressView,800000,0,never_instantiated,0,,,,,0,0,,,,,,,,,,,,,,,,,,,,,,,,,,,,,,,,,,,,,,,,,,,,,,,,,,,,,,,,,,,,,,,,,,,,,,,,,,,,,,,,,,,,,,,,,,,,,,,,,,,,,,,,,,,,,,,,,,,,,,,,,,,,,,,,,,,,,,,,,,,,,,,,,,,,,,,,,,,,,,,,,,,,,,,,
q06,1,0,1,1.29,,,9,0,never_instantiated,0,,,,,0,0,,,36,0,never_instantiated,0,,,,,0,0,,,128389,0,never_instantiated,0,,,,,0,0,,OrderView,4283993,0,never_instantiated,0,,,,,0,0,OrderItemView,ProductView,36,0,never_instantiated,0,,,,,0,0,AddressView,,8,0,never_instantiated,0,,,,,0,0,ProductView,,36,0,never_instantiated,0,,,,,0,0,,CustomerView,800000,0,never_instantiated,0,,,,,0,0,,AddressView,800000,0,never_instantiated,0,,,,,0,0,,OrderView,4283993,0,never_instantiated,0,,,,,0,0,OrderItemView,ProductView,36,0,never_instantiated,0,,,,,0,0,ProductView,CategoryView,2,0,never_instantiated,0,,,,,0,0,,,,,,,,,,,,,,,,,,,,,,,,,,,,,,,,,,,,,,,,,,,,,,,,,,,,,,,,,,,,,,,,,,,,,,,,,,,,,,,,,,,,,,,,,,,,,,,,,,,,,,,,,,,,,,,,,,,,,,,,,,,,,,,,,,,,,,,,,,,,,,,,
q07,1,0,1,1.40,,,773859,0,never_instantiated,0,,,,,0,0,,,291451,0,never_instantiated,0,,,,,0,0,OrderItemView,,1021443,0,never_instantiated,0,,,,,0,0,,,486168,0,never_instantiated,0,,,,,0,0,OrderView,CustomerView,800000,0,never_instantiated,0,,,,,0,0,CreditCardView,,5,0,never_instantiated,0,,,,,0,0,,TaxRecordView,291451,0,never_instantiated,0,,,,,0,0,CustomerView,AddressView,800000,0,never_instantiated,0,,,,,0,0,,CategoryView,4,0,never_instantiated,0,,,,,0,0,,ProductView,36,0,never_instantiated,0,,,,,0,0,OrderItemView,,4301324,0,never_instantiated,0,,,,,0,0,OrderView,CustomerView,800000,0,never_instantiated,0,,,,,0,0,,,,,,,,,,,,,,,,,,,,,,,,,,,,,,,,,,,,,,,,,,,,,,,,,,,,,,,,,,,,,,,,,,,,,,,,,,,,,,,,,,,,,,,,,,,,,,,,,,,,,,,,,,,,,,,,,,,,,,,,,,,,,,,,,,,,,,,,,,,,,,,,
q08,1,0,1,5.65,,,1690745,0,never_instantiated,0,,,,,0,0,,,2039783,0,never_instantiated,0,,,,,0,0,,,1727854,0,never_instantiated,0,,,,,0,0,,ProductView,36,0,never_instantiated,0,,,,,0,0,,OrderItemView,12855283,0,never_instantiated,0,,,,,0,0,OrderView,CreditCardView,2039783,0,never_instantiated,0,,,,,0,0,,,2039783,0,never_instantiated,0,,,,,0,0,,,2039783,0,never_instantiated,0,,,,,0,0,CreditCardView,,1586092,0,never_instantiated,0,,,,,0,0,CreditCardView,OrderView,3214641,0,never_instantiated,0,,,,,0,0,OrderItemView,,4593116,0,never_instantiated,0,,,,,0,0,OrderView,CreditCardView,2039783,0,never_instantiated,0,,,,,0,0,,TaxRecordView,800000,0,never_instantiated,0,,,,,0,0,,AddressView,800000,0,never_instantiated,0,,,,,0,0,,CustomerView,800000,0,never_instantiated,0,,,,,0,0,OrderView,CreditCardView,2039783,0,never_instantiated,0,,,,,0,0,,CategoryView,9,0,never_instantiated,0,,,,,0,0,,ProductView,36,0,never_instantiated,0,,,,,0,0,OrderItemView,,4593116,0,never_instantiated,0,,,,,0,0,OrderView,CreditCardView,2039783,0,never_instantiated,0,,,,,0,0,,CategoryView,9,0,never_instantiated,0,,,,,0,0,,ProductView,35,0,never_instantiated,0,,,,,0,0,OrderItemView,,4593116,0,never_instantiated,0,,,,,0,0,OrderView,CreditCardView,2039783,0,never_instantiated,0,,,,,0,0
q01,1,1,1,0.60,OrderItemView,,4301324,0,never_instantiated,0,,,,,0,0,OrderView,,800000,0,never_instantiated,0,,,,,0,0,AddressView,CustomerView,800000,0,never_instantiated,0,,,,,0,0,,,,,,,,,,,,,,,,,,,,,,,,,,,,,,,,,,,,,,,,,,,,,,,,,,,,,,,,,,,,,,,,,,,,,,,,,,,,,,,,,,,,,,,,,,,,,,,,,,,,,,,,,,,,,,,,,,,,,,,,,,,,,,,,,,,,,,,,,,,,,,,,,,,,,,,,,,,,,,,,,,,,,,,,,,,,,,,,,,,,,,,,,,,,,,,,,,,,,,,,,,,,,,,,,,,,,,,,,,,,,,,,,,,,,,,,,,,,,,,,,,,,,,,,,,,,
q02,1,1,1,2.54,,,800000,0,never_instantiated,0,,,,,0,0,,,770796,0,never_instantiated,0,,,,,0,0,,,731189,0,never_instantiated,0,,,,,0,0,,,800000,0,never_instantiated,0,,,,,0,0,,,751547,0,never_instantiated,0,,,,,0,0,,,402948,0,never_instantiated,0,,,,,0,0,CreditCardView,CustomerView,800000,0,never_instantiated,0,,,,,0,0,,TaxRecordView,402948,0,never_instantiated,0,,,,,0,0,AddressView,CustomerView,800000,0,never_instantiated,0,,,,,0,0,,CategoryView,2,0,never_instantiated,0,,,,,0,0,,ProductView,36,0,never_instantiated,0,,,,,0,0,OrderItemView,,4301324,0,never_instantiated,0,,,,,0,0,OrderView,CustomerView,800000,0,never_instantiated,0,,,,,0,0,OrderView,CustomerView,800000,0,never_instantiated,0,,,,,0,0,OrderItemView,,1835997,0,never_instantiated,0,,,,,0,0,OrderView,CustomerView,800000,0,never_instantiated,0,,,,,0,0,,CategoryView,3,0,never_instantiated,0,,,,,0,0,,ProductView,36,0,never_instantiated,0,,,,,0,0,OrderItemView,,4301324,0,never_instantiated,0,,,,,0,0,OrderView,CustomerView,800000,0,never_instantiated,0,,,,,0,0,,CreditCardView,2039783,0,never_instantiated,0,,,,,0,0,OrderView,CustomerView,800000,0,never_instantiated,0,,,,,0,0,,,,,,,,,,,,,,,,,,,,,,,,
q03,1,1,1,1.28,,,800000,0,never_instantiated,0,,,,,0,0,,CategoryView,9,0,never_instantiated,0,,,,,0,0,,TaxRecordView,800000,0,never_instantiated,0,,,,,0,0,,AddressView,800000,0,never_instantiated,0,,,,,0,0,CustomerView,,3430857,0,never_instantiated,0,,,,,0,0,CreditCardView,,4287481,0,never_instantiated,0,,,,,0,0,,ProductView,8,0,never_instantiated,0,,,,,0,0,OrderItemView,OrderView,4283993,0,never_instantiated,0,,,,,0,0,CreditCardView,CustomerView,800000,0,never_instantiated,0,,,,,0,0,,,,,,,,,,,,,,,,,,,,,,,,,,,,,,,,,,,,,,,,,,,,,,,,,,,,,,,,,,,,,,,,,,,,,,,,,,,,,,,,,,,,,,,,,,,,,,,,,,,,,,,,,,,,,,,,,,,,,,,,,,,,,,,,,,,,,,,,,,,,,,,,,,,,,,,,,,,,,,,,,,,,,,,,,,,,,,,,,,,,
q04,1,1,1,4.26,,,9,0,never_instantiated,0,,,,,0,0,,,9,0,never_instantiated,0,,,,,0,0,,,9,0,never_instantiated,0,,,,,0,0,,,9,0,never_instantiated,0,,,,,0,0,,CreditCardView,2039783,0,never_instantiated,0,,,,,0,0,,OrderView,4283993,0,never_instantiated,0,,,,,0,0,OrderItemView,,36,0,never_instantiated,0,,,,,0,0,ProductView,CategoryView,9,0,never_instantiated,0,,,,,0,0,,TaxRecordView,800000,0,never_instantiated,0,,,,,0,0,,AddressView,800000,0,never_instantiated,0,,,,,0,0,,CustomerView,800000,0,never_instantiated,0,,,,,0,0,,OrderView,4283993,0,never_instantiated,0,,,,,0,0,OrderItemView,,36,0,never_instantiated,0,,,,,0,0,ProductView,CategoryView,9,0,never_instantiated,0,,,,,0,0,ProductView,CategoryView,9,0,never_instantiated,0,,,,,0,0,OrderItemView,,36,0,never_instantiated,0,,,,,0,0,ProductView,CategoryView,9,0,never_instantiated,0,,,,,0,0,,CreditCardView,2039783,0,never_instantiated,0,,,,,0,0,,OrderView,4283993,0,never_instantiated,0,,,,,0,0,OrderItemView,,36,0,never_instantiated,0,,,,,0,0,ProductView,CategoryView,9,0,never_instantiated,0,,,,,0,0,,,,,,,,,,,,,,,,,,,,,,,,,,,,,,,,,,,,
q05,1,1,1,1.07,,,73297,0,never_instantiated,0,,,,,0,0,,ProductView,36,0,never_instantiated,0,,,,,0,0,OrderItemView,,4301324,0,never_instantiated,0,,,,,0,0,OrderView,,800000,0,never_instantiated,0,,,,,0,0,TaxRecordView,AddressView,800000,0,never_instantiated,0,,,,,0,0,,,73297,0,never_instantiated,0,,,,,0,0,,CustomerView,800000,0,never_instantiated,0,,,,,0,0,TaxRecordView,AddressView,800000,0,never_instantiated,0,,,,,0,0,OrderView,,800000,0,never_instantiated,0,,,,,0,0,TaxRecordView,AddressView,800000,0,never_instantiated,0,,,,,0,0,,,,,,,,,,,,,,,,,,,,,,,,,,,,,,,,,,,,,,,,,,,,,,,,,,,,,,,,,,,,,,,,,,,,,,,,,,,,,,,,,,,,,,,,,,,,,,,,,,,,,,,,,,,,,,,,,,,,,,,,,,,,,,,,,,,,,,,,,,,,,,,,,,,,,,,,,,,,,,,,,,,,,,,,
q06,1,1,1,1.30,,,9,0,never_instantiated,0,,,,,0,0,,,36,0,never_instantiated,0,,,,,0,0,,,128389,0,never_instantiated,0,,,,,0,0,,OrderView,4283993,0,never_instantiated,0,,,,,0,0,OrderItemView,ProductView,36,0,never_instantiated,0,,,,,0,0,AddressView,,8,0,never_instantiated,0,,,,,0,0,ProductView,,36,0,never_instantiated,0,,,,,0,0,,CustomerView,800000,0,never_instantiated,0,,,,,0,0,,AddressView,800000,0,never_instantiated,0,,,,,0,0,,OrderView,4283993,0,never_instantiated,0,,,,,0,0,OrderItemView,ProductView,36,0,never_instantiated,0,,,,,0,0,ProductView,CategoryView,2,0,never_instantiated,0,,,,,0,0,,,,,,,,,,,,,,,,,,,,,,,,,,,,,,,,,,,,,,,,,,,,,,,,,,,,,,,,,,,,,,,,,,,,,,,,,,,,,,,,,,,,,,,,,,,,,,,,,,,,,,,,,,,,,,,,,,,,,,,,,,,,,,,,,,,,,,,,,,,,,,,,
q07,1,1,1,1.41,,,773859,0,never_instantiated,0,,,,,0,0,,,291451,0,never_instantiated,0,,,,,0,0,OrderItemView,,1021443,0,never_instantiated,0,,,,,0,0,,,486168,0,never_instantiated,0,,,,,0,0,OrderView,CustomerView,800000,0,never_instantiated,0,,,,,0,0,CreditCardView,,5,0,never_instantiated,0,,,,,0,0,,TaxRecordView,291451,0,never_instantiated,0,,,,,0,0,CustomerView,AddressView,800000,0,never_instantiated,0,,,,,0,0,,CategoryView,4,0,never_instantiated,0,,,,,0,0,,ProductView,36,0,never_instantiated,0,,,,,0,0,OrderItemView,,4301324,0,never_instantiated,0,,,,,0,0,OrderView,CustomerView,800000,0,never_instantiated,0,,,,,0,0,,,,,,,,,,,,,,,,,,,,,,,,,,,,,,,,,,,,,,,,,,,,,,,,,,,,,,,,,,,,,,,,,,,,,,,,,,,,,,,,,,,,,,,,,,,,,,,,,,,,,,,,,,,,,,,,,,,,,,,,,,,,,,,,,,,,,,,,,,,,,,,,
q08,1,1,1,5.69,,,1690745,0,never_instantiated,0,,,,,0,0,,,2039783,0,never_instantiated,0,,,,,0,0,,,1727854,0,never_instantiated,0,,,,,0,0,,ProductView,36,0,never_instantiated,0,,,,,0,0,,OrderItemView,12855283,0,never_instantiated,0,,,,,0,0,OrderView,CreditCardView,2039783,0,never_instantiated,0,,,,,0,0,,,2039783,0,never_instantiated,0,,,,,0,0,,,2039783,0,never_instantiated,0,,,,,0,0,CreditCardView,,1586092,0,never_instantiated,0,,,,,0,0,CreditCardView,OrderView,3214641,0,never_instantiated,0,,,,,0,0,OrderItemView,,4593116,0,never_instantiated,0,,,,,0,0,OrderView,CreditCardView,2039783,0,never_instantiated,0,,,,,0,0,,TaxRecordView,800000,0,never_instantiated,0,,,,,0,0,,AddressView,800000,0,never_instantiated,0,,,,,0,0,,CustomerView,800000,0,never_instantiated,0,,,,,0,0,OrderView,CreditCardView,2039783,0,never_instantiated,0,,,,,0,0,,CategoryView,9,0,never_instantiated,0,,,,,0,0,,ProductView,36,0,never_instantiated,0,,,,,0,0,OrderItemView,,4593116,0,never_instantiated,0,,,,,0,0,OrderView,CreditCardView,2039783,0,never_instantiated,0,,,,,0,0,,CategoryView,9,0,never_instantiated,0,,,,,0,0,,ProductView,35,0,never_instantiated,0,,,,,0,0,OrderItemView,,4593116,0,never_instantiated,0,,,,,0,0,OrderView,CreditCardView,2039783,0,never_instantiated,0,,,,,0,0
q01,1,2,1,0.62,OrderItemView,,4301324,0,never_instantiated,0,,,,,0,0,OrderView,,800000,0,never_instantiated,0,,,,,0,0,AddressView,CustomerView,800000,0,never_instantiated,0,,,,,0,0,,,,,,,,,,,,,,,,,,,,,,,,,,,,,,,,,,,,,,,,,,,,,,,,,,,,,,,,,,,,,,,,,,,,,,,,,,,,,,,,,,,,,,,,,,,,,,,,,,,,,,,,,,,,,,,,,,,,,,,,,,,,,,,,,,,,,,,,,,,,,,,,,,,,,,,,,,,,,,,,,,,,,,,,,,,,,,,,,,,,,,,,,,,,,,,,,,,,,,,,,,,,,,,,,,,,,,,,,,,,,,,,,,,,,,,,,,,,,,,,,,,,,,,,,,,,
q02,1,2,1,2.61,,,800000,0,never_instantiated,0,,,,,0,0,,,770796,0,never_instantiated,0,,,,,0,0,,,731189,0,never_instantiated,0,,,,,0,0,,,800000,0,never_instantiated,0,,,,,0,0,,,751547,0,never_instantiated,0,,,,,0,0,,,402948,0,never_instantiated,0,,,,,0,0,CreditCardView,CustomerView,800000,0,never_instantiated,0,,,,,0,0,,TaxRecordView,402948,0,never_instantiated,0,,,,,0,0,AddressView,CustomerView,800000,0,never_instantiated,0,,,,,0,0,,CategoryView,2,0,never_instantiated,0,,,,,0,0,,ProductView,36,0,never_instantiated,0,,,,,0,0,OrderItemView,,4301324,0,never_instantiated,0,,,,,0,0,OrderView,CustomerView,800000,0,never_instantiated,0,,,,,0,0,OrderView,CustomerView,800000,0,never_instantiated,0,,,,,0,0,OrderItemView,,1835997,0,never_instantiated,0,,,,,0,0,OrderView,CustomerView,800000,0,never_instantiated,0,,,,,0,0,,CategoryView,3,0,never_instantiated,0,,,,,0,0,,ProductView,36,0,never_instantiated,0,,,,,0,0,OrderItemView,,4301324,0,never_instantiated,0,,,,,0,0,OrderView,CustomerView,800000,0,never_instantiated,0,,,,,0,0,,CreditCardView,2039783,0,never_instantiated,0,,,,,0,0,OrderView,CustomerView,800000,0,never_instantiated,0,,,,,0,0,,,,,,,,,,,,,,,,,,,,,,,,
q03,1,2,1,1.28,,,800000,0,never_instantiated,0,,,,,0,0,,CategoryView,9,0,never_instantiated,0,,,,,0,0,,TaxRecordView,800000,0,never_instantiated,0,,,,,0,0,,AddressView,800000,0,never_instantiated,0,,,,,0,0,CustomerView,,3430857,0,never_instantiated,0,,,,,0,0,CreditCardView,,4287481,0,never_instantiated,0,,,,,0,0,,ProductView,8,0,never_instantiated,0,,,,,0,0,OrderItemView,OrderView,4283993,0,never_instantiated,0,,,,,0,0,CreditCardView,CustomerView,800000,0,never_instantiated,0,,,,,0,0,,,,,,,,,,,,,,,,,,,,,,,,,,,,,,,,,,,,,,,,,,,,,,,,,,,,,,,,,,,,,,,,,,,,,,,,,,,,,,,,,,,,,,,,,,,,,,,,,,,,,,,,,,,,,,,,,,,,,,,,,,,,,,,,,,,,,,,,,,,,,,,,,,,,,,,,,,,,,,,,,,,,,,,,,,,,,,,,,,,,
q04,1,2,1,4.30,,,9,0,never_instantiated,0,,,,,0,0,,,9,0,never_instantiated,0,,,,,0,0,,,9,0,never_instantiated,0,,,,,0,0,,,9,0,never_instantiated,0,,,,,0,0,,CreditCardView,2039783,0,never_instantiated,0,,,,,0,0,,OrderView,4283993,0,never_instantiated,0,,,,,0,0,OrderItemView,,36,0,never_instantiated,0,,,,,0,0,ProductView,CategoryView,9,0,never_instantiated,0,,,,,0,0,,TaxRecordView,800000,0,never_instantiated,0,,,,,0,0,,AddressView,800000,0,never_instantiated,0,,,,,0,0,,CustomerView,800000,0,never_instantiated,0,,,,,0,0,,OrderView,4283993,0,never_instantiated,0,,,,,0,0,OrderItemView,,36,0,never_instantiated,0,,,,,0,0,ProductView,CategoryView,9,0,never_instantiated,0,,,,,0,0,ProductView,CategoryView,9,0,never_instantiated,0,,,,,0,0,OrderItemView,,36,0,never_instantiated,0,,,,,0,0,ProductView,CategoryView,9,0,never_instantiated,0,,,,,0,0,,CreditCardView,2039783,0,never_instantiated,0,,,,,0,0,,OrderView,4283993,0,never_instantiated,0,,,,,0,0,OrderItemView,,36,0,never_instantiated,0,,,,,0,0,ProductView,CategoryView,9,0,never_instantiated,0,,,,,0,0,,,,,,,,,,,,,,,,,,,,,,,,,,,,,,,,,,,,
q05,1,2,1,1.04,,,73297,0,never_instantiated,0,,,,,0,0,,ProductView,36,0,never_instantiated,0,,,,,0,0,OrderItemView,,4301324,0,never_instantiated,0,,,,,0,0,OrderView,,800000,0,never_instantiated,0,,,,,0,0,TaxRecordView,AddressView,800000,0,never_instantiated,0,,,,,0,0,,,73297,0,never_instantiated,0,,,,,0,0,,CustomerView,800000,0,never_instantiated,0,,,,,0,0,TaxRecordView,AddressView,800000,0,never_instantiated,0,,,,,0,0,OrderView,,800000,0,never_instantiated,0,,,,,0,0,TaxRecordView,AddressView,800000,0,never_instantiated,0,,,,,0,0,,,,,,,,,,,,,,,,,,,,,,,,,,,,,,,,,,,,,,,,,,,,,,,,,,,,,,,,,,,,,,,,,,,,,,,,,,,,,,,,,,,,,,,,,,,,,,,,,,,,,,,,,,,,,,,,,,,,,,,,,,,,,,,,,,,,,,,,,,,,,,,,,,,,,,,,,,,,,,,,,,,,,,,,
q06,1,2,1,1.30,,,9,0,never_instantiated,0,,,,,0,0,,,36,0,never_instantiated,0,,,,,0,0,,,128389,0,never_instantiated,0,,,,,0,0,,OrderView,4283993,0,never_instantiated,0,,,,,0,0,OrderItemView,ProductView,36,0,never_instantiated,0,,,,,0,0,AddressView,,8,0,never_instantiated,0,,,,,0,0,ProductView,,36,0,never_instantiated,0,,,,,0,0,,CustomerView,800000,0,never_instantiated,0,,,,,0,0,,AddressView,800000,0,never_instantiated,0,,,,,0,0,,OrderView,4283993,0,never_instantiated,0,,,,,0,0,OrderItemView,ProductView,36,0,never_instantiated,0,,,,,0,0,ProductView,CategoryView,2,0,never_instantiated,0,,,,,0,0,,,,,,,,,,,,,,,,,,,,,,,,,,,,,,,,,,,,,,,,,,,,,,,,,,,,,,,,,,,,,,,,,,,,,,,,,,,,,,,,,,,,,,,,,,,,,,,,,,,,,,,,,,,,,,,,,,,,,,,,,,,,,,,,,,,,,,,,,,,,,,,,
q07,1,2,1,1.40,,,773859,0,never_instantiated,0,,,,,0,0,,,291451,0,never_instantiated,0,,,,,0,0,OrderItemView,,1021443,0,never_instantiated,0,,,,,0,0,,,486168,0,never_instantiated,0,,,,,0,0,OrderView,CustomerView,800000,0,never_instantiated,0,,,,,0,0,CreditCardView,,5,0,never_instantiated,0,,,,,0,0,,TaxRecordView,291451,0,never_instantiated,0,,,,,0,0,CustomerView,AddressView,800000,0,never_instantiated,0,,,,,0,0,,CategoryView,4,0,never_instantiated,0,,,,,0,0,,ProductView,36,0,never_instantiated,0,,,,,0,0,OrderItemView,,4301324,0,never_instantiated,0,,,,,0,0,OrderView,CustomerView,800000,0,never_instantiated,0,,,,,0,0,,,,,,,,,,,,,,,,,,,,,,,,,,,,,,,,,,,,,,,,,,,,,,,,,,,,,,,,,,,,,,,,,,,,,,,,,,,,,,,,,,,,,,,,,,,,,,,,,,,,,,,,,,,,,,,,,,,,,,,,,,,,,,,,,,,,,,,,,,,,,,,,
q08,1,2,1,5.75,,,1690745,0,never_instantiated,0,,,,,0,0,,,2039783,0,never_instantiated,0,,,,,0,0,,,1727854,0,never_instantiated,0,,,,,0,0,,ProductView,36,0,never_instantiated,0,,,,,0,0,,OrderItemView,12855283,0,never_instantiated,0,,,,,0,0,OrderView,CreditCardView,2039783,0,never_instantiated,0,,,,,0,0,,,2039783,0,never_instantiated,0,,,,,0,0,,,2039783,0,never_instantiated,0,,,,,0,0,CreditCardView,,1586092,0,never_instantiated,0,,,,,0,0,CreditCardView,OrderView,3214641,0,never_instantiated,0,,,,,0,0,OrderItemView,,4593116,0,never_instantiated,0,,,,,0,0,OrderView,CreditCardView,2039783,0,never_instantiated,0,,,,,0,0,,TaxRecordView,800000,0,never_instantiated,0,,,,,0,0,,AddressView,800000,0,never_instantiated,0,,,,,0,0,,CustomerView,800000,0,never_instantiated,0,,,,,0,0,OrderView,CreditCardView,2039783,0,never_instantiated,0,,,,,0,0,,CategoryView,9,0,never_instantiated,0,,,,,0,0,,ProductView,36,0,never_instantiated,0,,,,,0,0,OrderItemView,,4593116,0,never_instantiated,0,,,,,0,0,OrderView,CreditCardView,2039783,0,never_instantiated,0,,,,,0,0,,CategoryView,9,0,never_instantiated,0,,,,,0,0,,ProductView,35,0,never_instantiated,0,,,,,0,0,OrderItemView,,4593116,0,never_instantiated,0,,,,,0,0,OrderView,CreditCardView,2039783,0,never_instantiated,0,,,,,0,0
q01,1,3,1,0.61,OrderItemView,,4301324,0,never_instantiated,0,,,,,0,0,OrderView,,800000,0,never_instantiated,0,,,,,0,0,AddressView,CustomerView,800000,0,never_instantiated,0,,,,,0,0,,,,,,,,,,,,,,,,,,,,,,,,,,,,,,,,,,,,,,,,,,,,,,,,,,,,,,,,,,,,,,,,,,,,,,,,,,,,,,,,,,,,,,,,,,,,,,,,,,,,,,,,,,,,,,,,,,,,,,,,,,,,,,,,,,,,,,,,,,,,,,,,,,,,,,,,,,,,,,,,,,,,,,,,,,,,,,,,,,,,,,,,,,,,,,,,,,,,,,,,,,,,,,,,,,,,,,,,,,,,,,,,,,,,,,,,,,,,,,,,,,,,,,,,,,,,
q02,1,3,1,2.55,,,800000,0,never_instantiated,0,,,,,0,0,,,770796,0,never_instantiated,0,,,,,0,0,,,731189,0,never_instantiated,0,,,,,0,0,,,800000,0,never_instantiated,0,,,,,0,0,,,751547,0,never_instantiated,0,,,,,0,0,,,402948,0,never_instantiated,0,,,,,0,0,CreditCardView,CustomerView,800000,0,never_instantiated,0,,,,,0,0,,TaxRecordView,402948,0,never_instantiated,0,,,,,0,0,AddressView,CustomerView,800000,0,never_instantiated,0,,,,,0,0,,CategoryView,2,0,never_instantiated,0,,,,,0,0,,ProductView,36,0,never_instantiated,0,,,,,0,0,OrderItemView,,4301324,0,never_instantiated,0,,,,,0,0,OrderView,CustomerView,800000,0,never_instantiated,0,,,,,0,0,OrderView,CustomerView,800000,0,never_instantiated,0,,,,,0,0,OrderItemView,,1835997,0,never_instantiated,0,,,,,0,0,OrderView,CustomerView,800000,0,never_instantiated,0,,,,,0,0,,CategoryView,3,0,never_instantiated,0,,,,,0,0,,ProductView,36,0,never_instantiated,0,,,,,0,0,OrderItemView,,4301324,0,never_instantiated,0,,,,,0,0,OrderView,CustomerView,800000,0,never_instantiated,0,,,,,0,0,,CreditCardView,2039783,0,never_instantiated,0,,,,,0,0,OrderView,CustomerView,800000,0,never_instantiated,0,,,,,0,0,,,,,,,,,,,,,,,,,,,,,,,,
q03,1,3,1,1.29,,,800000,0,never_instantiated,0,,,,,0,0,,CategoryView,9,0,never_instantiated,0,,,,,0,0,,TaxRecordView,800000,0,never_instantiated,0,,,,,0,0,,AddressView,800000,0,never_instantiated,0,,,,,0,0,CustomerView,,3430857,0,never_instantiated,0,,,,,0,0,CreditCardView,,4287481,0,never_instantiated,0,,,,,0,0,,ProductView,8,0,never_instantiated,0,,,,,0,0,OrderItemView,OrderView,4283993,0,never_instantiated,0,,,,,0,0,CreditCardView,CustomerView,800000,0,never_instantiated,0,,,,,0,0,,,,,,,,,,,,,,,,,,,,,,,,,,,,,,,,,,,,,,,,,,,,,,,,,,,,,,,,,,,,,,,,,,,,,,,,,,,,,,,,,,,,,,,,,,,,,,,,,,,,,,,,,,,,,,,,,,,,,,,,,,,,,,,,,,,,,,,,,,,,,,,,,,,,,,,,,,,,,,,,,,,,,,,,,,,,,,,,,,,,
q04,1,3,1,4.25,,,9,0,never_instantiated,0,,,,,0,0,,,9,0,never_instantiated,0,,,,,0,0,,,9,0,never_instantiated,0,,,,,0,0,,,9,0,never_instantiated,0,,,,,0,0,,CreditCardView,2039783,0,never_instantiated,0,,,,,0,0,,OrderView,4283993,0,never_instantiated,0,,,,,0,0,OrderItemView,,36,0,never_instantiated,0,,,,,0,0,ProductView,CategoryView,9,0,never_instantiated,0,,,,,0,0,,TaxRecordView,800000,0,never_instantiated,0,,,,,0,0,,AddressView,800000,0,never_instantiated,0,,,,,0,0,,CustomerView,800000,0,never_instantiated,0,,,,,0,0,,OrderView,4283993,0,never_instantiated,0,,,,,0,0,OrderItemView,,36,0,never_instantiated,0,,,,,0,0,ProductView,CategoryView,9,0,never_instantiated,0,,,,,0,0,ProductView,CategoryView,9,0,never_instantiated,0,,,,,0,0,OrderItemView,,36,0,never_instantiated,0,,,,,0,0,ProductView,CategoryView,9,0,never_instantiated,0,,,,,0,0,,CreditCardView,2039783,0,never_instantiated,0,,,,,0,0,,OrderView,4283993,0,never_instantiated,0,,,,,0,0,OrderItemView,,36,0,never_instantiated,0,,,,,0,0,ProductView,CategoryView,9,0,never_instantiated,0,,,,,0,0,,,,,,,,,,,,,,,,,,,,,,,,,,,,,,,,,,,,
q05,1,3,1,1.05,,,73297,0,never_instantiated,0,,,,,0,0,,ProductView,36,0,never_instantiated,0,,,,,0,0,OrderItemView,,4301324,0,never_instantiated,0,,,,,0,0,OrderView,,800000,0,never_instantiated,0,,,,,0,0,TaxRecordView,AddressView,800000,0,never_instantiated,0,,,,,0,0,,,73297,0,never_instantiated,0,,,,,0,0,,CustomerView,800000,0,never_instantiated,0,,,,,0,0,TaxRecordView,AddressView,800000,0,never_instantiated,0,,,,,0,0,OrderView,,800000,0,never_instantiated,0,,,,,0,0,TaxRecordView,AddressView,800000,0,never_instantiated,0,,,,,0,0,,,,,,,,,,,,,,,,,,,,,,,,,,,,,,,,,,,,,,,,,,,,,,,,,,,,,,,,,,,,,,,,,,,,,,,,,,,,,,,,,,,,,,,,,,,,,,,,,,,,,,,,,,,,,,,,,,,,,,,,,,,,,,,,,,,,,,,,,,,,,,,,,,,,,,,,,,,,,,,,,,,,,,,,
q06,1,3,1,1.29,,,9,0,never_instantiated,0,,,,,0,0,,,36,0,never_instantiated,0,,,,,0,0,,,128389,0,never_instantiated,0,,,,,0,0,,OrderView,4283993,0,never_instantiated,0,,,,,0,0,OrderItemView,ProductView,36,0,never_instantiated,0,,,,,0,0,AddressView,,8,0,never_instantiated,0,,,,,0,0,ProductView,,36,0,never_instantiated,0,,,,,0,0,,CustomerView,800000,0,never_instantiated,0,,,,,0,0,,AddressView,800000,0,never_instantiated,0,,,,,0,0,,OrderView,4283993,0,never_instantiated,0,,,,,0,0,OrderItemView,ProductView,36,0,never_instantiated,0,,,,,0,0,ProductView,CategoryView,2,0,never_instantiated,0,,,,,0,0,,,,,,,,,,,,,,,,,,,,,,,,,,,,,,,,,,,,,,,,,,,,,,,,,,,,,,,,,,,,,,,,,,,,,,,,,,,,,,,,,,,,,,,,,,,,,,,,,,,,,,,,,,,,,,,,,,,,,,,,,,,,,,,,,,,,,,,,,,,,,,,,
q07,1,3,1,1.40,,,773859,0,never_instantiated,0,,,,,0,0,,,291451,0,never_instantiated,0,,,,,0,0,OrderItemView,,1021443,0,never_instantiated,0,,,,,0,0,,,486168,0,never_instantiated,0,,,,,0,0,OrderView,CustomerView,800000,0,never_instantiated,0,,,,,0,0,CreditCardView,,5,0,never_instantiated,0,,,,,0,0,,TaxRecordView,291451,0,never_instantiated,0,,,,,0,0,CustomerView,AddressView,800000,0,never_instantiated,0,,,,,0,0,,CategoryView,4,0,never_instantiated,0,,,,,0,0,,ProductView,36,0,never_instantiated,0,,,,,0,0,OrderItemView,,4301324,0,never_instantiated,0,,,,,0,0,OrderView,CustomerView,800000,0,never_instantiated,0,,,,,0,0,,,,,,,,,,,,,,,,,,,,,,,,,,,,,,,,,,,,,,,,,,,,,,,,,,,,,,,,,,,,,,,,,,,,,,,,,,,,,,,,,,,,,,,,,,,,,,,,,,,,,,,,,,,,,,,,,,,,,,,,,,,,,,,,,,,,,,,,,,,,,,,,
q08,1,3,1,5.66,,,1690745,0,never_instantiated,0,,,,,0,0,,,2039783,0,never_instantiated,0,,,,,0,0,,,1727854,0,never_instantiated,0,,,,,0,0,,ProductView,36,0,never_instantiated,0,,,,,0,0,,OrderItemView,12855283,0,never_instantiated,0,,,,,0,0,OrderView,CreditCardView,2039783,0,never_instantiated,0,,,,,0,0,,,2039783,0,never_instantiated,0,,,,,0,0,,,2039783,0,never_instantiated,0,,,,,0,0,CreditCardView,,1586092,0,never_instantiated,0,,,,,0,0,CreditCardView,OrderView,3214641,0,never_instantiated,0,,,,,0,0,OrderItemView,,4593116,0,never_instantiated,0,,,,,0,0,OrderView,CreditCardView,2039783,0,never_instantiated,0,,,,,0,0,,TaxRecordView,800000,0,never_instantiated,0,,,,,0,0,,AddressView,800000,0,never_instantiated,0,,,,,0,0,,CustomerView,800000,0,never_instantiated,0,,,,,0,0,OrderView,CreditCardView,2039783,0,never_instantiated,0,,,,,0,0,,CategoryView,9,0,never_instantiated,0,,,,,0,0,,ProductView,36,0,never_instantiated,0,,,,,0,0,OrderItemView,,4593116,0,never_instantiated,0,,,,,0,0,OrderView,CreditCardView,2039783,0,never_instantiated,0,,,,,0,0,,CategoryView,9,0,never_instantiated,0,,,,,0,0,,ProductView,35,0,never_instantiated,0,,,,,0,0,OrderItemView,,4593116,0,never_instantiated,0,,,,,0,0,OrderView,CreditCardView,2039783,0,never_instantiated,0,,,,,0,0
q01,1,4,1,0.61,OrderItemView,,4301324,0,never_instantiated,0,,,,,0,0,OrderView,,800000,0,never_instantiated,0,,,,,0,0,AddressView,CustomerView,800000,0,never_instantiated,0,,,,,0,0,,,,,,,,,,,,,,,,,,,,,,,,,,,,,,,,,,,,,,,,,,,,,,,,,,,,,,,,,,,,,,,,,,,,,,,,,,,,,,,,,,,,,,,,,,,,,,,,,,,,,,,,,,,,,,,,,,,,,,,,,,,,,,,,,,,,,,,,,,,,,,,,,,,,,,,,,,,,,,,,,,,,,,,,,,,,,,,,,,,,,,,,,,,,,,,,,,,,,,,,,,,,,,,,,,,,,,,,,,,,,,,,,,,,,,,,,,,,,,,,,,,,,,,,,,,,
q02,1,4,1,2.53,,,800000,0,never_instantiated,0,,,,,0,0,,,770796,0,never_instantiated,0,,,,,0,0,,,731189,0,never_instantiated,0,,,,,0,0,,,800000,0,never_instantiated,0,,,,,0,0,,,751547,0,never_instantiated,0,,,,,0,0,,,402948,0,never_instantiated,0,,,,,0,0,CreditCardView,CustomerView,800000,0,never_instantiated,0,,,,,0,0,,TaxRecordView,402948,0,never_instantiated,0,,,,,0,0,AddressView,CustomerView,800000,0,never_instantiated,0,,,,,0,0,,CategoryView,2,0,never_instantiated,0,,,,,0,0,,ProductView,36,0,never_instantiated,0,,,,,0,0,OrderItemView,,4301324,0,never_instantiated,0,,,,,0,0,OrderView,CustomerView,800000,0,never_instantiated,0,,,,,0,0,OrderView,CustomerView,800000,0,never_instantiated,0,,,,,0,0,OrderItemView,,1835997,0,never_instantiated,0,,,,,0,0,OrderView,CustomerView,800000,0,never_instantiated,0,,,,,0,0,,CategoryView,3,0,never_instantiated,0,,,,,0,0,,ProductView,36,0,never_instantiated,0,,,,,0,0,OrderItemView,,4301324,0,never_instantiated,0,,,,,0,0,OrderView,CustomerView,800000,0,never_instantiated,0,,,,,0,0,,CreditCardView,2039783,0,never_instantiated,0,,,,,0,0,OrderView,CustomerView,800000,0,never_instantiated,0,,,,,0,0,,,,,,,,,,,,,,,,,,,,,,,,
q03,1,4,1,1.29,,,800000,0,never_instantiated,0,,,,,0,0,,CategoryView,9,0,never_instantiated,0,,,,,0,0,,TaxRecordView,800000,0,never_instantiated,0,,,,,0,0,,AddressView,800000,0,never_instantiated,0,,,,,0,0,CustomerView,,3430857,0,never_instantiated,0,,,,,0,0,,ProductView,8,0,never_instantiated,0,,,,,0,0,,CreditCardView,1632147,0,never_instantiated,0,,,,,0,0,OrderItemView,OrderView,4283993,0,never_instantiated,0,,,,,0,0,CreditCardView,CustomerView,800000,0,never_instantiated,0,,,,,0,0,,,,,,,,,,,,,,,,,,,,,,,,,,,,,,,,,,,,,,,,,,,,,,,,,,,,,,,,,,,,,,,,,,,,,,,,,,,,,,,,,,,,,,,,,,,,,,,,,,,,,,,,,,,,,,,,,,,,,,,,,,,,,,,,,,,,,,,,,,,,,,,,,,,,,,,,,,,,,,,,,,,,,,,,,,,,,,,,,,,,
q04,1,4,1,4.25,,,9,0,never_instantiated,0,,,,,0,0,,,9,0,never_instantiated,0,,,,,0,0,,,9,0,never_instantiated,0,,,,,0,0,,,9,0,never_instantiated,0,,,,,0,0,,CreditCardView,2039783,0,never_instantiated,0,,,,,0,0,,OrderView,4283993,0,never_instantiated,0,,,,,0,0,OrderItemView,,36,0,never_instantiated,0,,,,,0,0,ProductView,CategoryView,9,0,never_instantiated,0,,,,,0,0,,TaxRecordView,800000,0,never_instantiated,0,,,,,0,0,,AddressView,800000,0,never_instantiated,0,,,,,0,0,,CustomerView,800000,0,never_instantiated,0,,,,,0,0,,OrderView,4283993,0,never_instantiated,0,,,,,0,0,OrderItemView,,36,0,never_instantiated,0,,,,,0,0,ProductView,CategoryView,9,0,never_instantiated,0,,,,,0,0,ProductView,CategoryView,9,0,never_instantiated,0,,,,,0,0,OrderItemView,,36,0,never_instantiated,0,,,,,0,0,ProductView,CategoryView,9,0,never_instantiated,0,,,,,0,0,,CreditCardView,2039783,0,never_instantiated,0,,,,,0,0,,OrderView,4283993,0,never_instantiated,0,,,,,0,0,OrderItemView,,36,0,never_instantiated,0,,,,,0,0,ProductView,CategoryView,9,0,never_instantiated,0,,,,,0,0,,,,,,,,,,,,,,,,,,,,,,,,,,,,,,,,,,,,
q05,1,4,1,1.07,,,73297,0,never_instantiated,0,,,,,0,0,,ProductView,36,0,never_instantiated,0,,,,,0,0,OrderItemView,,4301324,0,never_instantiated,0,,,,,0,0,OrderView,,800000,0,never_instantiated,0,,,,,0,0,TaxRecordView,AddressView,800000,0,never_instantiated,0,,,,,0,0,,,73297,0,never_instantiated,0,,,,,0,0,,CustomerView,800000,0,never_instantiated,0,,,,,0,0,TaxRecordView,AddressView,800000,0,never_instantiated,0,,,,,0,0,OrderView,,800000,0,never_instantiated,0,,,,,0,0,TaxRecordView,AddressView,800000,0,never_instantiated,0,,,,,0,0,,,,,,,,,,,,,,,,,,,,,,,,,,,,,,,,,,,,,,,,,,,,,,,,,,,,,,,,,,,,,,,,,,,,,,,,,,,,,,,,,,,,,,,,,,,,,,,,,,,,,,,,,,,,,,,,,,,,,,,,,,,,,,,,,,,,,,,,,,,,,,,,,,,,,,,,,,,,,,,,,,,,,,,,
q06,1,4,1,1.29,,,9,0,never_instantiated,0,,,,,0,0,,,36,0,never_instantiated,0,,,,,0,0,,,128389,0,never_instantiated,0,,,,,0,0,,OrderView,4283993,0,never_instantiated,0,,,,,0,0,OrderItemView,ProductView,36,0,never_instantiated,0,,,,,0,0,AddressView,,8,0,never_instantiated,0,,,,,0,0,ProductView,,36,0,never_instantiated,0,,,,,0,0,,CustomerView,800000,0,never_instantiated,0,,,,,0,0,,AddressView,800000,0,never_instantiated,0,,,,,0,0,,OrderView,4283993,0,never_instantiated,0,,,,,0,0,OrderItemView,ProductView,36,0,never_instantiated,0,,,,,0,0,ProductView,CategoryView,2,0,never_instantiated,0,,,,,0,0,,,,,,,,,,,,,,,,,,,,,,,,,,,,,,,,,,,,,,,,,,,,,,,,,,,,,,,,,,,,,,,,,,,,,,,,,,,,,,,,,,,,,,,,,,,,,,,,,,,,,,,,,,,,,,,,,,,,,,,,,,,,,,,,,,,,,,,,,,,,,,,,
q07,1,4,1,1.41,,,773859,0,never_instantiated,0,,,,,0,0,,,291451,0,never_instantiated,0,,,,,0,0,OrderItemView,,1021443,0,never_instantiated,0,,,,,0,0,,,486168,0,never_instantiated,0,,,,,0,0,OrderView,CustomerView,800000,0,never_instantiated,0,,,,,0,0,CreditCardView,,5,0,never_instantiated,0,,,,,0,0,,TaxRecordView,291451,0,never_instantiated,0,,,,,0,0,CustomerView,AddressView,800000,0,never_instantiated,0,,,,,0,0,,CategoryView,4,0,never_instantiated,0,,,,,0,0,,ProductView,36,0,never_instantiated,0,,,,,0,0,OrderItemView,,4301324,0,never_instantiated,0,,,,,0,0,OrderView,CustomerView,800000,0,never_instantiated,0,,,,,0,0,,,,,,,,,,,,,,,,,,,,,,,,,,,,,,,,,,,,,,,,,,,,,,,,,,,,,,,,,,,,,,,,,,,,,,,,,,,,,,,,,,,,,,,,,,,,,,,,,,,,,,,,,,,,,,,,,,,,,,,,,,,,,,,,,,,,,,,,,,,,,,,,
q08,1,4,1,5.70,,,1690745,0,never_instantiated,0,,,,,0,0,,,2039783,0,never_instantiated,0,,,,,0,0,,,1727854,0,never_instantiated,0,,,,,0,0,,ProductView,36,0,never_instantiated,0,,,,,0,0,,OrderItemView,12855283,0,never_instantiated,0,,,,,0,0,OrderView,CreditCardView,2039783,0,never_instantiated,0,,,,,0,0,,,2039783,0,never_instantiated,0,,,,,0,0,,,2039783,0,never_instantiated,0,,,,,0,0,CreditCardView,,1586092,0,never_instantiated,0,,,,,0,0,CreditCardView,OrderView,3214641,0,never_instantiated,0,,,,,0,0,OrderItemView,,4593116,0,never_instantiated,0,,,,,0,0,OrderView,CreditCardView,2039783,0,never_instantiated,0,,,,,0,0,,TaxRecordView,800000,0,never_instantiated,0,,,,,0,0,,AddressView,800000,0,never_instantiated,0,,,,,0,0,,CustomerView,800000,0,never_instantiated,0,,,,,0,0,OrderView,CreditCardView,2039783,0,never_instantiated,0,,,,,0,0,,CategoryView,9,0,never_instantiated,0,,,,,0,0,,ProductView,36,0,never_instantiated,0,,,,,0,0,OrderItemView,,4593116,0,never_instantiated,0,,,,,0,0,OrderView,CreditCardView,2039783,0,never_instantiated,0,,,,,0,0,,CategoryView,9,0,never_instantiated,0,,,,,0,0,,ProductView,35,0,never_instantiated,0,,,,,0,0,OrderItemView,,4593116,0,never_instantiated,0,,,,,0,0,OrderView,CreditCardView,2039783,0,never_instantiated,0,,,,,0,0
q01,1,5,1,0.61,OrderItemView,,4301324,0,never_instantiated,0,,,,,0,0,OrderView,,800000,0,never_instantiated,0,,,,,0,0,AddressView,CustomerView,800000,0,never_instantiated,0,,,,,0,0,,,,,,,,,,,,,,,,,,,,,,,,,,,,,,,,,,,,,,,,,,,,,,,,,,,,,,,,,,,,,,,,,,,,,,,,,,,,,,,,,,,,,,,,,,,,,,,,,,,,,,,,,,,,,,,,,,,,,,,,,,,,,,,,,,,,,,,,,,,,,,,,,,,,,,,,,,,,,,,,,,,,,,,,,,,,,,,,,,,,,,,,,,,,,,,,,,,,,,,,,,,,,,,,,,,,,,,,,,,,,,,,,,,,,,,,,,,,,,,,,,,,,,,,,,,,
q02,1,5,1,2.54,,,800000,0,never_instantiated,0,,,,,0,0,,,770796,0,never_instantiated,0,,,,,0,0,,,731189,0,never_instantiated,0,,,,,0,0,,,800000,0,never_instantiated,0,,,,,0,0,,,751547,0,never_instantiated,0,,,,,0,0,,,402948,0,never_instantiated,0,,,,,0,0,CreditCardView,CustomerView,800000,0,never_instantiated,0,,,,,0,0,,TaxRecordView,402948,0,never_instantiated,0,,,,,0,0,AddressView,CustomerView,800000,0,never_instantiated,0,,,,,0,0,,CategoryView,2,0,never_instantiated,0,,,,,0,0,,ProductView,36,0,never_instantiated,0,,,,,0,0,OrderItemView,,4301324,0,never_instantiated,0,,,,,0,0,OrderView,CustomerView,800000,0,never_instantiated,0,,,,,0,0,OrderView,CustomerView,800000,0,never_instantiated,0,,,,,0,0,OrderItemView,,1835997,0,never_instantiated,0,,,,,0,0,OrderView,CustomerView,800000,0,never_instantiated,0,,,,,0,0,,CategoryView,3,0,never_instantiated,0,,,,,0,0,,ProductView,36,0,never_instantiated,0,,,,,0,0,OrderItemView,,4301324,0,never_instantiated,0,,,,,0,0,OrderView,CustomerView,800000,0,never_instantiated,0,,,,,0,0,,CreditCardView,2039783,0,never_instantiated,0,,,,,0,0,OrderView,CustomerView,800000,0,never_instantiated,0,,,,,0,0,,,,,,,,,,,,,,,,,,,,,,,,
q03,1,5,1,1.31,,,800000,0,never_instantiated,0,,,,,0,0,,CategoryView,9,0,never_instantiated,0,,,,,0,0,,TaxRecordView,800000,0,never_instantiated,0,,,,,0,0,,AddressView,800000,0,never_instantiated,0,,,,,0,0,CustomerView,,3430857,0,never_instantiated,0,,,,,0,0,CreditCardView,,4287481,0,never_instantiated,0,,,,,0,0,,ProductView,8,0,never_instantiated,0,,,,,0,0,OrderItemView,OrderView,4283993,0,never_instantiated,0,,,,,0,0,CreditCardView,CustomerView,800000,0,never_instantiated,0,,,,,0,0,,,,,,,,,,,,,,,,,,,,,,,,,,,,,,,,,,,,,,,,,,,,,,,,,,,,,,,,,,,,,,,,,,,,,,,,,,,,,,,,,,,,,,,,,,,,,,,,,,,,,,,,,,,,,,,,,,,,,,,,,,,,,,,,,,,,,,,,,,,,,,,,,,,,,,,,,,,,,,,,,,,,,,,,,,,,,,,,,,,,
q04,1,5,1,4.26,,,9,0,never_instantiated,0,,,,,0,0,,,9,0,never_instantiated,0,,,,,0,0,,,9,0,never_instantiated,0,,,,,0,0,,,9,0,never_instantiated,0,,,,,0,0,,CreditCardView,2039783,0,never_instantiated,0,,,,,0,0,,OrderView,4283993,0,never_instantiated,0,,,,,0,0,OrderItemView,,36,0,never_instantiated,0,,,,,0,0,ProductView,CategoryView,9,0,never_instantiated,0,,,,,0,0,,TaxRecordView,800000,0,never_instantiated,0,,,,,0,0,,AddressView,800000,0,never_instantiated,0,,,,,0,0,,CustomerView,800000,0,never_instantiated,0,,,,,0,0,,OrderView,4283993,0,never_instantiated,0,,,,,0,0,OrderItemView,,36,0,never_instantiated,0,,,,,0,0,ProductView,CategoryView,9,0,never_instantiated,0,,,,,0,0,ProductView,CategoryView,9,0,never_instantiated,0,,,,,0,0,OrderItemView,,36,0,never_instantiated,0,,,,,0,0,ProductView,CategoryView,9,0,never_instantiated,0,,,,,0,0,,CreditCardView,2039783,0,never_instantiated,0,,,,,0,0,,OrderView,4283993,0,never_instantiated,0,,,,,0,0,OrderItemView,,36,0,never_instantiated,0,,,,,0,0,ProductView,CategoryView,9,0,never_instantiated,0,,,,,0,0,,,,,,,,,,,,,,,,,,,,,,,,,,,,,,,,,,,,
q05,1,5,1,1.06,,,73297,0,never_instantiated,0,,,,,0,0,,ProductView,36,0,never_instantiated,0,,,,,0,0,OrderItemView,,4301324,0,never_instantiated,0,,,,,0,0,OrderView,,800000,0,never_instantiated,0,,,,,0,0,TaxRecordView,AddressView,800000,0,never_instantiated,0,,,,,0,0,,,73297,0,never_instantiated,0,,,,,0,0,,CustomerView,800000,0,never_instantiated,0,,,,,0,0,TaxRecordView,AddressView,800000,0,never_instantiated,0,,,,,0,0,OrderView,,800000,0,never_instantiated,0,,,,,0,0,TaxRecordView,AddressView,800000,0,never_instantiated,0,,,,,0,0,,,,,,,,,,,,,,,,,,,,,,,,,,,,,,,,,,,,,,,,,,,,,,,,,,,,,,,,,,,,,,,,,,,,,,,,,,,,,,,,,,,,,,,,,,,,,,,,,,,,,,,,,,,,,,,,,,,,,,,,,,,,,,,,,,,,,,,,,,,,,,,,,,,,,,,,,,,,,,,,,,,,,,,,
q06,1,5,1,1.29,,,9,0,never_instantiated,0,,,,,0,0,,,36,0,never_instantiated,0,,,,,0,0,,,128389,0,never_instantiated,0,,,,,0,0,,OrderView,4283993,0,never_instantiated,0,,,,,0,0,OrderItemView,ProductView,36,0,never_instantiated,0,,,,,0,0,AddressView,,8,0,never_instantiated,0,,,,,0,0,ProductView,,36,0,never_instantiated,0,,,,,0,0,,CustomerView,800000,0,never_instantiated,0,,,,,0,0,,AddressView,800000,0,never_instantiated,0,,,,,0,0,,OrderView,4283993,0,never_instantiated,0,,,,,0,0,OrderItemView,ProductView,36,0,never_instantiated,0,,,,,0,0,ProductView,CategoryView,2,0,never_instantiated,0,,,,,0,0,,,,,,,,,,,,,,,,,,,,,,,,,,,,,,,,,,,,,,,,,,,,,,,,,,,,,,,,,,,,,,,,,,,,,,,,,,,,,,,,,,,,,,,,,,,,,,,,,,,,,,,,,,,,,,,,,,,,,,,,,,,,,,,,,,,,,,,,,,,,,,,,
q07,1,5,1,1.40,,,773859,0,never_instantiated,0,,,,,0,0,,,291451,0,never_instantiated,0,,,,,0,0,OrderItemView,,1021443,0,never_instantiated,0,,,,,0,0,,,486168,0,never_instantiated,0,,,,,0,0,OrderView,CustomerView,800000,0,never_instantiated,0,,,,,0,0,CreditCardView,,5,0,never_instantiated,0,,,,,0,0,,TaxRecordView,291451,0,never_instantiated,0,,,,,0,0,CustomerView,AddressView,800000,0,never_instantiated,0,,,,,0,0,,CategoryView,4,0,never_instantiated,0,,,,,0,0,,ProductView,36,0,never_instantiated,0,,,,,0,0,OrderItemView,,4301324,0,never_instantiated,0,,,,,0,0,OrderView,CustomerView,800000,0,never_instantiated,0,,,,,0,0,,,,,,,,,,,,,,,,,,,,,,,,,,,,,,,,,,,,,,,,,,,,,,,,,,,,,,,,,,,,,,,,,,,,,,,,,,,,,,,,,,,,,,,,,,,,,,,,,,,,,,,,,,,,,,,,,,,,,,,,,,,,,,,,,,,,,,,,,,,,,,,,
q08,1,5,1,5.66,,,1690745,0,never_instantiated,0,,,,,0,0,,,2039783,0,never_instantiated,0,,,,,0,0,,,1727854,0,never_instantiated,0,,,,,0,0,,ProductView,36,0,never_instantiated,0,,,,,0,0,,OrderItemView,12855283,0,never_instantiated,0,,,,,0,0,OrderView,CreditCardView,2039783,0,never_instantiated,0,,,,,0,0,,,2039783,0,never_instantiated,0,,,,,0,0,,,2039783,0,never_instantiated,0,,,,,0,0,CreditCardView,,1586092,0,never_instantiated,0,,,,,0,0,CreditCardView,OrderView,3214641,0,never_instantiated,0,,,,,0,0,OrderItemView,,4593116,0,never_instantiated,0,,,,,0,0,OrderView,CreditCardView,2039783,0,never_instantiated,0,,,,,0,0,,TaxRecordView,800000,0,never_instantiated,0,,,,,0,0,,AddressView,800000,0,never_instantiated,0,,,,,0,0,,CustomerView,800000,0,never_instantiated,0,,,,,0,0,OrderView,CreditCardView,2039783,0,never_instantiated,0,,,,,0,0,,CategoryView,9,0,never_instantiated,0,,,,,0,0,,ProductView,36,0,never_instantiated,0,,,,,0,0,OrderItemView,,4593116,0,never_instantiated,0,,,,,0,0,OrderView,CreditCardView,2039783,0,never_instantiated,0,,,,,0,0,,CategoryView,9,0,never_instantiated,0,,,,,0,0,,ProductView,35,0,never_instantiated,0,,,,,0,0,OrderItemView,,4593116,0,never_instantiated,0,,,,,0,0,OrderView,CreditCardView,2039783,0,never_instantiated,0,,,,,0,0
q01,1,6,1,0.61,OrderItemView,,4301324,0,never_instantiated,0,,,,,0,0,OrderView,,800000,0,never_instantiated,0,,,,,0,0,AddressView,CustomerView,800000,0,never_instantiated,0,,,,,0,0,,,,,,,,,,,,,,,,,,,,,,,,,,,,,,,,,,,,,,,,,,,,,,,,,,,,,,,,,,,,,,,,,,,,,,,,,,,,,,,,,,,,,,,,,,,,,,,,,,,,,,,,,,,,,,,,,,,,,,,,,,,,,,,,,,,,,,,,,,,,,,,,,,,,,,,,,,,,,,,,,,,,,,,,,,,,,,,,,,,,,,,,,,,,,,,,,,,,,,,,,,,,,,,,,,,,,,,,,,,,,,,,,,,,,,,,,,,,,,,,,,,,,,,,,,,,
q02,1,6,1,2.54,,,800000,0,never_instantiated,0,,,,,0,0,,,770796,0,never_instantiated,0,,,,,0,0,,,731189,0,never_instantiated,0,,,,,0,0,,,800000,0,never_instantiated,0,,,,,0,0,,,751547,0,never_instantiated,0,,,,,0,0,,,402948,0,never_instantiated,0,,,,,0,0,CreditCardView,CustomerView,800000,0,never_instantiated,0,,,,,0,0,,TaxRecordView,402948,0,never_instantiated,0,,,,,0,0,AddressView,CustomerView,800000,0,never_instantiated,0,,,,,0,0,,CategoryView,2,0,never_instantiated,0,,,,,0,0,,ProductView,36,0,never_instantiated,0,,,,,0,0,OrderItemView,,4301324,0,never_instantiated,0,,,,,0,0,OrderView,CustomerView,800000,0,never_instantiated,0,,,,,0,0,OrderView,CustomerView,800000,0,never_instantiated,0,,,,,0,0,OrderItemView,,1835997,0,never_instantiated,0,,,,,0,0,OrderView,CustomerView,800000,0,never_instantiated,0,,,,,0,0,,CategoryView,3,0,never_instantiated,0,,,,,0,0,,ProductView,36,0,never_instantiated,0,,,,,0,0,OrderItemView,,4301324,0,never_instantiated,0,,,,,0,0,OrderView,CustomerView,800000,0,never_instantiated,0,,,,,0,0,,CreditCardView,2039783,0,never_instantiated,0,,,,,0,0,OrderView,CustomerView,800000,0,never_instantiated,0,,,,,0,0,,,,,,,,,,,,,,,,,,,,,,,,
q03,1,6,1,1.28,,,800000,0,never_instantiated,0,,,,,0,0,,CategoryView,9,0,never_instantiated,0,,,,,0,0,,TaxRecordView,800000,0,never_instantiated,0,,,,,0,0,,AddressView,800000,0,never_instantiated,0,,,,,0,0,CustomerView,,3430857,0,never_instantiated,0,,,,,0,0,,ProductView,8,0,never_instantiated,0,,,,,0,0,,CreditCardView,1632147,0,never_instantiated,0,,,,,0,0,OrderItemView,OrderView,4283993,0,never_instantiated,0,,,,,0,0,CreditCardView,CustomerView,800000,0,never_instantiated,0,,,,,0,0,,,,,,,,,,,,,,,,,,,,,,,,,,,,,,,,,,,,,,,,,,,,,,,,,,,,,,,,,,,,,,,,,,,,,,,,,,,,,,,,,,,,,,,,,,,,,,,,,,,,,,,,,,,,,,,,,,,,,,,,,,,,,,,,,,,,,,,,,,,,,,,,,,,,,,,,,,,,,,,,,,,,,,,,,,,,,,,,,,,,
q04,1,6,1,4.27,,,9,0,never_instantiated,0,,,,,0,0,,,9,0,never_instantiated,0,,,,,0,0,,,9,0,never_instantiated,0,,,,,0,0,,,9,0,never_instantiated,0,,,,,0,0,,CreditCardView,2039783,0,never_instantiated,0,,,,,0,0,,OrderView,4283993,0,never_instantiated,0,,,,,0,0,OrderItemView,,36,0,never_instantiated,0,,,,,0,0,ProductView,CategoryView,9,0,never_instantiated,0,,,,,0,0,,TaxRecordView,800000,0,never_instantiated,0,,,,,0,0,,AddressView,800000,0,never_instantiated,0,,,,,0,0,,CustomerView,800000,0,never_instantiated,0,,,,,0,0,,OrderView,4283993,0,never_instantiated,0,,,,,0,0,OrderItemView,,36,0,never_instantiated,0,,,,,0,0,ProductView,CategoryView,9,0,never_instantiated,0,,,,,0,0,ProductView,CategoryView,9,0,never_instantiated,0,,,,,0,0,OrderItemView,,36,0,never_instantiated,0,,,,,0,0,ProductView,CategoryView,9,0,never_instantiated,0,,,,,0,0,,CreditCardView,2039783,0,never_instantiated,0,,,,,0,0,,OrderView,4283993,0,never_instantiated,0,,,,,0,0,OrderItemView,,36,0,never_instantiated,0,,,,,0,0,ProductView,CategoryView,9,0,never_instantiated,0,,,,,0,0,,,,,,,,,,,,,,,,,,,,,,,,,,,,,,,,,,,,
q05,1,6,1,1.07,,,73297,0,never_instantiated,0,,,,,0,0,,ProductView,36,0,never_instantiated,0,,,,,0,0,OrderItemView,,4301324,0,never_instantiated,0,,,,,0,0,OrderView,,800000,0,never_instantiated,0,,,,,0,0,TaxRecordView,AddressView,800000,0,never_instantiated,0,,,,,0,0,,,73297,0,never_instantiated,0,,,,,0,0,,CustomerView,800000,0,never_instantiated,0,,,,,0,0,TaxRecordView,AddressView,800000,0,never_instantiated,0,,,,,0,0,OrderView,,800000,0,never_instantiated,0,,,,,0,0,TaxRecordView,AddressView,800000,0,never_instantiated,0,,,,,0,0,,,,,,,,,,,,,,,,,,,,,,,,,,,,,,,,,,,,,,,,,,,,,,,,,,,,,,,,,,,,,,,,,,,,,,,,,,,,,,,,,,,,,,,,,,,,,,,,,,,,,,,,,,,,,,,,,,,,,,,,,,,,,,,,,,,,,,,,,,,,,,,,,,,,,,,,,,,,,,,,,,,,,,,,
q06,1,6,1,1.26,,,9,0,never_instantiated,0,,,,,0,0,,,36,0,never_instantiated,0,,,,,0,0,,,128389,0,never_instantiated,0,,,,,0,0,,OrderView,4283993,0,never_instantiated,0,,,,,0,0,OrderItemView,ProductView,36,0,never_instantiated,0,,,,,0,0,AddressView,,8,0,never_instantiated,0,,,,,0,0,ProductView,,36,0,never_instantiated,0,,,,,0,0,,CustomerView,800000,0,never_instantiated,0,,,,,0,0,,AddressView,800000,0,never_instantiated,0,,,,,0,0,,OrderView,4283993,0,never_instantiated,0,,,,,0,0,OrderItemView,ProductView,36,0,never_instantiated,0,,,,,0,0,ProductView,CategoryView,2,0,never_instantiated,0,,,,,0,0,,,,,,,,,,,,,,,,,,,,,,,,,,,,,,,,,,,,,,,,,,,,,,,,,,,,,,,,,,,,,,,,,,,,,,,,,,,,,,,,,,,,,,,,,,,,,,,,,,,,,,,,,,,,,,,,,,,,,,,,,,,,,,,,,,,,,,,,,,,,,,,,
q07,1,6,1,1.41,,,773859,0,never_instantiated,0,,,,,0,0,,,291451,0,never_instantiated,0,,,,,0,0,OrderItemView,,1021443,0,never_instantiated,0,,,,,0,0,,,486168,0,never_instantiated,0,,,,,0,0,OrderView,CustomerView,800000,0,never_instantiated,0,,,,,0,0,CreditCardView,,5,0,never_instantiated,0,,,,,0,0,,TaxRecordView,291451,0,never_instantiated,0,,,,,0,0,CustomerView,AddressView,800000,0,never_instantiated,0,,,,,0,0,,CategoryView,4,0,never_instantiated,0,,,,,0,0,,ProductView,36,0,never_instantiated,0,,,,,0,0,OrderItemView,,4301324,0,never_instantiated,0,,,,,0,0,OrderView,CustomerView,800000,0,never_instantiated,0,,,,,0,0,,,,,,,,,,,,,,,,,,,,,,,,,,,,,,,,,,,,,,,,,,,,,,,,,,,,,,,,,,,,,,,,,,,,,,,,,,,,,,,,,,,,,,,,,,,,,,,,,,,,,,,,,,,,,,,,,,,,,,,,,,,,,,,,,,,,,,,,,,,,,,,,
q08,1,6,1,5.57,,,1690745,0,never_instantiated,0,,,,,0,0,,,2039783,0,never_instantiated,0,,,,,0,0,,,1727854,0,never_instantiated,0,,,,,0,0,,ProductView,36,0,never_instantiated,0,,,,,0,0,,OrderItemView,12855283,0,never_instantiated,0,,,,,0,0,OrderView,CreditCardView,2039783,0,never_instantiated,0,,,,,0,0,,,2039783,0,never_instantiated,0,,,,,0,0,,,2039783,0,never_instantiated,0,,,,,0,0,CreditCardView,,1586092,0,never_instantiated,0,,,,,0,0,CreditCardView,OrderView,3214641,0,never_instantiated,0,,,,,0,0,OrderItemView,,4593116,0,never_instantiated,0,,,,,0,0,OrderView,CreditCardView,2039783,0,never_instantiated,0,,,,,0,0,,TaxRecordView,800000,0,never_instantiated,0,,,,,0,0,,AddressView,800000,0,never_instantiated,0,,,,,0,0,,CustomerView,800000,0,never_instantiated,0,,,,,0,0,OrderView,CreditCardView,2039783,0,never_instantiated,0,,,,,0,0,,CategoryView,9,0,never_instantiated,0,,,,,0,0,,ProductView,36,0,never_instantiated,0,,,,,0,0,OrderItemView,,4593116,0,never_instantiated,0,,,,,0,0,OrderView,CreditCardView,2039783,0,never_instantiated,0,,,,,0,0,,CategoryView,9,0,never_instantiated,0,,,,,0,0,,ProductView,35,0,never_instantiated,0,,,,,0,0,OrderItemView,,4593116,0,never_instantiated,0,,,,,0,0,OrderView,CreditCardView,2039783,0,never_instantiated,0,,,,,0,0
q01,1,7,1,0.62,OrderItemView,,4301324,0,never_instantiated,0,,,,,0,0,OrderView,,800000,0,never_instantiated,0,,,,,0,0,AddressView,CustomerView,800000,0,never_instantiated,0,,,,,0,0,,,,,,,,,,,,,,,,,,,,,,,,,,,,,,,,,,,,,,,,,,,,,,,,,,,,,,,,,,,,,,,,,,,,,,,,,,,,,,,,,,,,,,,,,,,,,,,,,,,,,,,,,,,,,,,,,,,,,,,,,,,,,,,,,,,,,,,,,,,,,,,,,,,,,,,,,,,,,,,,,,,,,,,,,,,,,,,,,,,,,,,,,,,,,,,,,,,,,,,,,,,,,,,,,,,,,,,,,,,,,,,,,,,,,,,,,,,,,,,,,,,,,,,,,,,,
q02,1,7,1,2.53,,,800000,0,never_instantiated,0,,,,,0,0,,,770796,0,never_instantiated,0,,,,,0,0,,,731189,0,never_instantiated,0,,,,,0,0,,,800000,0,never_instantiated,0,,,,,0,0,,,751547,0,never_instantiated,0,,,,,0,0,,,402948,0,never_instantiated,0,,,,,0,0,CreditCardView,CustomerView,800000,0,never_instantiated,0,,,,,0,0,,TaxRecordView,402948,0,never_instantiated,0,,,,,0,0,AddressView,CustomerView,800000,0,never_instantiated,0,,,,,0,0,,CategoryView,2,0,never_instantiated,0,,,,,0,0,,ProductView,36,0,never_instantiated,0,,,,,0,0,OrderItemView,,4301324,0,never_instantiated,0,,,,,0,0,OrderView,CustomerView,800000,0,never_instantiated,0,,,,,0,0,OrderView,CustomerView,800000,0,never_instantiated,0,,,,,0,0,OrderItemView,,1835997,0,never_instantiated,0,,,,,0,0,OrderView,CustomerView,800000,0,never_instantiated,0,,,,,0,0,,CategoryView,3,0,never_instantiated,0,,,,,0,0,,ProductView,36,0,never_instantiated,0,,,,,0,0,OrderItemView,,4301324,0,never_instantiated,0,,,,,0,0,OrderView,CustomerView,800000,0,never_instantiated,0,,,,,0,0,,CreditCardView,2039783,0,never_instantiated,0,,,,,0,0,OrderView,CustomerView,800000,0,never_instantiated,0,,,,,0,0,,,,,,,,,,,,,,,,,,,,,,,,
q03,1,7,1,1.27,,,800000,0,never_instantiated,0,,,,,0,0,,CategoryView,9,0,never_instantiated,0,,,,,0,0,,TaxRecordView,800000,0,never_instantiated,0,,,,,0,0,,AddressView,800000,0,never_instantiated,0,,,,,0,0,CustomerView,,3430857,0,never_instantiated,0,,,,,0,0,CreditCardView,,4287481,0,never_instantiated,0,,,,,0,0,,ProductView,8,0,never_instantiated,0,,,,,0,0,OrderItemView,OrderView,4283993,0,never_instantiated,0,,,,,0,0,CreditCardView,CustomerView,800000,0,never_instantiated,0,,,,,0,0,,,,,,,,,,,,,,,,,,,,,,,,,,,,,,,,,,,,,,,,,,,,,,,,,,,,,,,,,,,,,,,,,,,,,,,,,,,,,,,,,,,,,,,,,,,,,,,,,,,,,,,,,,,,,,,,,,,,,,,,,,,,,,,,,,,,,,,,,,,,,,,,,,,,,,,,,,,,,,,,,,,,,,,,,,,,,,,,,,,,
q04,1,7,1,4.30,,,9,0,never_instantiated,0,,,,,0,0,,,9,0,never_instantiated,0,,,,,0,0,,,9,0,never_instantiated,0,,,,,0,0,,,9,0,never_instantiated,0,,,,,0,0,,CreditCardView,2039783,0,never_instantiated,0,,,,,0,0,,OrderView,4283993,0,never_instantiated,0,,,,,0,0,OrderItemView,,36,0,never_instantiated,0,,,,,0,0,ProductView,CategoryView,9,0,never_instantiated,0,,,,,0,0,,TaxRecordView,800000,0,never_instantiated,0,,,,,0,0,,AddressView,800000,0,never_instantiated,0,,,,,0,0,,CustomerView,800000,0,never_instantiated,0,,,,,0,0,,OrderView,4283993,0,never_instantiated,0,,,,,0,0,OrderItemView,,36,0,never_instantiated,0,,,,,0,0,ProductView,CategoryView,9,0,never_instantiated,0,,,,,0,0,ProductView,CategoryView,9,0,never_instantiated,0,,,,,0,0,OrderItemView,,36,0,never_instantiated,0,,,,,0,0,ProductView,CategoryView,9,0,never_instantiated,0,,,,,0,0,,CreditCardView,2039783,0,never_instantiated,0,,,,,0,0,,OrderView,4283993,0,never_instantiated,0,,,,,0,0,OrderItemView,,36,0,never_instantiated,0,,,,,0,0,ProductView,CategoryView,9,0,never_instantiated,0,,,,,0,0,,,,,,,,,,,,,,,,,,,,,,,,,,,,,,,,,,,,
q05,1,7,1,1.07,,,73297,0,never_instantiated,0,,,,,0,0,,ProductView,36,0,never_instantiated,0,,,,,0,0,OrderItemView,,4301324,0,never_instantiated,0,,,,,0,0,OrderView,,800000,0,never_instantiated,0,,,,,0,0,TaxRecordView,AddressView,800000,0,never_instantiated,0,,,,,0,0,,,73297,0,never_instantiated,0,,,,,0,0,,CustomerView,800000,0,never_instantiated,0,,,,,0,0,TaxRecordView,AddressView,800000,0,never_instantiated,0,,,,,0,0,OrderView,,800000,0,never_instantiated,0,,,,,0,0,TaxRecordView,AddressView,800000,0,never_instantiated,0,,,,,0,0,,,,,,,,,,,,,,,,,,,,,,,,,,,,,,,,,,,,,,,,,,,,,,,,,,,,,,,,,,,,,,,,,,,,,,,,,,,,,,,,,,,,,,,,,,,,,,,,,,,,,,,,,,,,,,,,,,,,,,,,,,,,,,,,,,,,,,,,,,,,,,,,,,,,,,,,,,,,,,,,,,,,,,,,
q06,1,7,1,1.29,,,9,0,never_instantiated,0,,,,,0,0,,,36,0,never_instantiated,0,,,,,0,0,,,128389,0,never_instantiated,0,,,,,0,0,,OrderView,4283993,0,never_instantiated,0,,,,,0,0,OrderItemView,ProductView,36,0,never_instantiated,0,,,,,0,0,AddressView,,8,0,never_instantiated,0,,,,,0,0,ProductView,,36,0,never_instantiated,0,,,,,0,0,,CustomerView,800000,0,never_instantiated,0,,,,,0,0,,AddressView,800000,0,never_instantiated,0,,,,,0,0,,OrderView,4283993,0,never_instantiated,0,,,,,0,0,OrderItemView,ProductView,36,0,never_instantiated,0,,,,,0,0,ProductView,CategoryView,2,0,never_instantiated,0,,,,,0,0,,,,,,,,,,,,,,,,,,,,,,,,,,,,,,,,,,,,,,,,,,,,,,,,,,,,,,,,,,,,,,,,,,,,,,,,,,,,,,,,,,,,,,,,,,,,,,,,,,,,,,,,,,,,,,,,,,,,,,,,,,,,,,,,,,,,,,,,,,,,,,,,
q07,1,7,1,1.41,,,773859,0,never_instantiated,0,,,,,0,0,,,291451,0,never_instantiated,0,,,,,0,0,OrderItemView,,1021443,0,never_instantiated,0,,,,,0,0,,,486168,0,never_instantiated,0,,,,,0,0,OrderView,CustomerView,800000,0,never_instantiated,0,,,,,0,0,CreditCardView,,5,0,never_instantiated,0,,,,,0,0,,TaxRecordView,291451,0,never_instantiated,0,,,,,0,0,CustomerView,AddressView,800000,0,never_instantiated,0,,,,,0,0,,CategoryView,4,0,never_instantiated,0,,,,,0,0,,ProductView,36,0,never_instantiated,0,,,,,0,0,OrderItemView,,4301324,0,never_instantiated,0,,,,,0,0,OrderView,CustomerView,800000,0,never_instantiated,0,,,,,0,0,,,,,,,,,,,,,,,,,,,,,,,,,,,,,,,,,,,,,,,,,,,,,,,,,,,,,,,,,,,,,,,,,,,,,,,,,,,,,,,,,,,,,,,,,,,,,,,,,,,,,,,,,,,,,,,,,,,,,,,,,,,,,,,,,,,,,,,,,,,,,,,,
q08,1,7,1,5.68,,,1690745,0,never_instantiated,0,,,,,0,0,,,2039783,0,never_instantiated,0,,,,,0,0,,,1727854,0,never_instantiated,0,,,,,0,0,,ProductView,36,0,never_instantiated,0,,,,,0,0,,OrderItemView,12855283,0,never_instantiated,0,,,,,0,0,OrderView,CreditCardView,2039783,0,never_instantiated,0,,,,,0,0,,,2039783,0,never_instantiated,0,,,,,0,0,,,2039783,0,never_instantiated,0,,,,,0,0,CreditCardView,,1586092,0,never_instantiated,0,,,,,0,0,CreditCardView,OrderView,3214641,0,never_instantiated,0,,,,,0,0,OrderItemView,,4593116,0,never_instantiated,0,,,,,0,0,OrderView,CreditCardView,2039783,0,never_instantiated,0,,,,,0,0,,TaxRecordView,800000,0,never_instantiated,0,,,,,0,0,,AddressView,800000,0,never_instantiated,0,,,,,0,0,,CustomerView,800000,0,never_instantiated,0,,,,,0,0,OrderView,CreditCardView,2039783,0,never_instantiated,0,,,,,0,0,,CategoryView,9,0,never_instantiated,0,,,,,0,0,,ProductView,36,0,never_instantiated,0,,,,,0,0,OrderItemView,,4593116,0,never_instantiated,0,,,,,0,0,OrderView,CreditCardView,2039783,0,never_instantiated,0,,,,,0,0,,CategoryView,9,0,never_instantiated,0,,,,,0,0,,ProductView,35,0,never_instantiated,0,,,,,0,0,OrderItemView,,4593116,0,never_instantiated,0,,,,,0,0,OrderView,CreditCardView,2039783,0,never_instantiated,0,,,,,0,0
q01,1,8,1,0.60,OrderItemView,,4301324,0,never_instantiated,0,,,,,0,0,OrderView,,800000,0,never_instantiated,0,,,,,0,0,AddressView,CustomerView,800000,0,never_instantiated,0,,,,,0,0,,,,,,,,,,,,,,,,,,,,,,,,,,,,,,,,,,,,,,,,,,,,,,,,,,,,,,,,,,,,,,,,,,,,,,,,,,,,,,,,,,,,,,,,,,,,,,,,,,,,,,,,,,,,,,,,,,,,,,,,,,,,,,,,,,,,,,,,,,,,,,,,,,,,,,,,,,,,,,,,,,,,,,,,,,,,,,,,,,,,,,,,,,,,,,,,,,,,,,,,,,,,,,,,,,,,,,,,,,,,,,,,,,,,,,,,,,,,,,,,,,,,,,,,,,,,
q02,1,8,1,2.53,,,800000,0,never_instantiated,0,,,,,0,0,,,770796,0,never_instantiated,0,,,,,0,0,,,731189,0,never_instantiated,0,,,,,0,0,,,800000,0,never_instantiated,0,,,,,0,0,,,751547,0,never_instantiated,0,,,,,0,0,,,402948,0,never_instantiated,0,,,,,0,0,CreditCardView,CustomerView,800000,0,never_instantiated,0,,,,,0,0,,TaxRecordView,402948,0,never_instantiated,0,,,,,0,0,AddressView,CustomerView,800000,0,never_instantiated,0,,,,,0,0,,CategoryView,2,0,never_instantiated,0,,,,,0,0,,ProductView,36,0,never_instantiated,0,,,,,0,0,OrderItemView,,4301324,0,never_instantiated,0,,,,,0,0,OrderView,CustomerView,800000,0,never_instantiated,0,,,,,0,0,OrderView,CustomerView,800000,0,never_instantiated,0,,,,,0,0,OrderItemView,,1835997,0,never_instantiated,0,,,,,0,0,OrderView,CustomerView,800000,0,never_instantiated,0,,,,,0,0,,CategoryView,3,0,never_instantiated,0,,,,,0,0,,ProductView,36,0,never_instantiated,0,,,,,0,0,OrderItemView,,4301324,0,never_instantiated,0,,,,,0,0,OrderView,CustomerView,800000,0,never_instantiated,0,,,,,0,0,,CreditCardView,2039783,0,never_instantiated,0,,,,,0,0,OrderView,CustomerView,800000,0,never_instantiated,0,,,,,0,0,,,,,,,,,,,,,,,,,,,,,,,,
q03,1,8,1,1.28,,,800000,0,never_instantiated,0,,,,,0,0,,CategoryView,9,0,never_instantiated,0,,,,,0,0,,TaxRecordView,800000,0,never_instantiated,0,,,,,0,0,,AddressView,800000,0,never_instantiated,0,,,,,0,0,CustomerView,,3430857,0,never_instantiated,0,,,,,0,0,,ProductView,8,0,never_instantiated,0,,,,,0,0,,CreditCardView,1632147,0,never_instantiated,0,,,,,0,0,OrderItemView,OrderView,4283993,0,never_instantiated,0,,,,,0,0,CreditCardView,CustomerView,800000,0,never_instantiated,0,,,,,0,0,,,,,,,,,,,,,,,,,,,,,,,,,,,,,,,,,,,,,,,,,,,,,,,,,,,,,,,,,,,,,,,,,,,,,,,,,,,,,,,,,,,,,,,,,,,,,,,,,,,,,,,,,,,,,,,,,,,,,,,,,,,,,,,,,,,,,,,,,,,,,,,,,,,,,,,,,,,,,,,,,,,,,,,,,,,,,,,,,,,,
q04,1,8,1,4.22,,,9,0,never_instantiated,0,,,,,0,0,,,9,0,never_instantiated,0,,,,,0,0,,,9,0,never_instantiated,0,,,,,0,0,,,9,0,never_instantiated,0,,,,,0,0,,CreditCardView,2039783,0,never_instantiated,0,,,,,0,0,,OrderView,4283993,0,never_instantiated,0,,,,,0,0,OrderItemView,,36,0,never_instantiated,0,,,,,0,0,ProductView,CategoryView,9,0,never_instantiated,0,,,,,0,0,,TaxRecordView,800000,0,never_instantiated,0,,,,,0,0,,AddressView,800000,0,never_instantiated,0,,,,,0,0,,CustomerView,800000,0,never_instantiated,0,,,,,0,0,,OrderView,4283993,0,never_instantiated,0,,,,,0,0,OrderItemView,,36,0,never_instantiated,0,,,,,0,0,ProductView,CategoryView,9,0,never_instantiated,0,,,,,0,0,ProductView,CategoryView,9,0,never_instantiated,0,,,,,0,0,OrderItemView,,36,0,never_instantiated,0,,,,,0,0,ProductView,CategoryView,9,0,never_instantiated,0,,,,,0,0,,CreditCardView,2039783,0,never_instantiated,0,,,,,0,0,,OrderView,4283993,0,never_instantiated,0,,,,,0,0,OrderItemView,,36,0,never_instantiated,0,,,,,0,0,ProductView,CategoryView,9,0,never_instantiated,0,,,,,0,0,,,,,,,,,,,,,,,,,,,,,,,,,,,,,,,,,,,,
q05,1,8,1,1.04,,,73297,0,never_instantiated,0,,,,,0,0,,ProductView,36,0,never_instantiated,0,,,,,0,0,OrderItemView,,4301324,0,never_instantiated,0,,,,,0,0,OrderView,,800000,0,never_instantiated,0,,,,,0,0,TaxRecordView,AddressView,800000,0,never_instantiated,0,,,,,0,0,,,73297,0,never_instantiated,0,,,,,0,0,,CustomerView,800000,0,never_instantiated,0,,,,,0,0,TaxRecordView,AddressView,800000,0,never_instantiated,0,,,,,0,0,OrderView,,800000,0,never_instantiated,0,,,,,0,0,TaxRecordView,AddressView,800000,0,never_instantiated,0,,,,,0,0,,,,,,,,,,,,,,,,,,,,,,,,,,,,,,,,,,,,,,,,,,,,,,,,,,,,,,,,,,,,,,,,,,,,,,,,,,,,,,,,,,,,,,,,,,,,,,,,,,,,,,,,,,,,,,,,,,,,,,,,,,,,,,,,,,,,,,,,,,,,,,,,,,,,,,,,,,,,,,,,,,,,,,,,
q06,1,8,1,1.28,,,9,0,never_instantiated,0,,,,,0,0,,,36,0,never_instantiated,0,,,,,0,0,,,128389,0,never_instantiated,0,,,,,0,0,,OrderView,4283993,0,never_instantiated,0,,,,,0,0,OrderItemView,ProductView,36,0,never_instantiated,0,,,,,0,0,AddressView,,8,0,never_instantiated,0,,,,,0,0,ProductView,,36,0,never_instantiated,0,,,,,0,0,,CustomerView,800000,0,never_instantiated,0,,,,,0,0,,AddressView,800000,0,never_instantiated,0,,,,,0,0,,OrderView,4283993,0,never_instantiated,0,,,,,0,0,OrderItemView,ProductView,36,0,never_instantiated,0,,,,,0,0,ProductView,CategoryView,2,0,never_instantiated,0,,,,,0,0,,,,,,,,,,,,,,,,,,,,,,,,,,,,,,,,,,,,,,,,,,,,,,,,,,,,,,,,,,,,,,,,,,,,,,,,,,,,,,,,,,,,,,,,,,,,,,,,,,,,,,,,,,,,,,,,,,,,,,,,,,,,,,,,,,,,,,,,,,,,,,,,
q07,1,8,1,1.39,,,773859,0,never_instantiated,0,,,,,0,0,,,291451,0,never_instantiated,0,,,,,0,0,OrderItemView,,1021443,0,never_instantiated,0,,,,,0,0,,,486168,0,never_instantiated,0,,,,,0,0,OrderView,CustomerView,800000,0,never_instantiated,0,,,,,0,0,CreditCardView,,5,0,never_instantiated,0,,,,,0,0,,TaxRecordView,291451,0,never_instantiated,0,,,,,0,0,CustomerView,AddressView,800000,0,never_instantiated,0,,,,,0,0,,CategoryView,4,0,never_instantiated,0,,,,,0,0,,ProductView,36,0,never_instantiated,0,,,,,0,0,OrderItemView,,4301324,0,never_instantiated,0,,,,,0,0,OrderView,CustomerView,800000,0,never_instantiated,0,,,,,0,0,,,,,,,,,,,,,,,,,,,,,,,,,,,,,,,,,,,,,,,,,,,,,,,,,,,,,,,,,,,,,,,,,,,,,,,,,,,,,,,,,,,,,,,,,,,,,,,,,,,,,,,,,,,,,,,,,,,,,,,,,,,,,,,,,,,,,,,,,,,,,,,,
q08,1,8,1,5.61,,,1690745,0,never_instantiated,0,,,,,0,0,,,2039783,0,never_instantiated,0,,,,,0,0,,,1727854,0,never_instantiated,0,,,,,0,0,,ProductView,36,0,never_instantiated,0,,,,,0,0,,OrderItemView,12855283,0,never_instantiated,0,,,,,0,0,OrderView,CreditCardView,2039783,0,never_instantiated,0,,,,,0,0,,,2039783,0,never_instantiated,0,,,,,0,0,,,2039783,0,never_instantiated,0,,,,,0,0,CreditCardView,,1586092,0,never_instantiated,0,,,,,0,0,CreditCardView,OrderView,3214641,0,never_instantiated,0,,,,,0,0,OrderItemView,,4593116,0,never_instantiated,0,,,,,0,0,OrderView,CreditCardView,2039783,0,never_instantiated,0,,,,,0,0,,TaxRecordView,800000,0,never_instantiated,0,,,,,0,0,,AddressView,800000,0,never_instantiated,0,,,,,0,0,,CustomerView,800000,0,never_instantiated,0,,,,,0,0,OrderView,CreditCardView,2039783,0,never_instantiated,0,,,,,0,0,,CategoryView,9,0,never_instantiated,0,,,,,0,0,,ProductView,36,0,never_instantiated,0,,,,,0,0,OrderItemView,,4593116,0,never_instantiated,0,,,,,0,0,OrderView,CreditCardView,2039783,0,never_instantiated,0,,,,,0,0,,CategoryView,9,0,never_instantiated,0,,,,,0,0,,ProductView,35,0,never_instantiated,0,,,,,0,0,OrderItemView,,4593116,0,never_instantiated,0,,,,,0,0,OrderView,CreditCardView,2039783,0,never_instantiated,0,,,,,0,0
q01,1,9,1,0.60,OrderItemView,,4301324,0,never_instantiated,0,,,,,0,0,OrderView,,800000,0,never_instantiated,0,,,,,0,0,AddressView,CustomerView,800000,0,never_instantiated,0,,,,,0,0,,,,,,,,,,,,,,,,,,,,,,,,,,,,,,,,,,,,,,,,,,,,,,,,,,,,,,,,,,,,,,,,,,,,,,,,,,,,,,,,,,,,,,,,,,,,,,,,,,,,,,,,,,,,,,,,,,,,,,,,,,,,,,,,,,,,,,,,,,,,,,,,,,,,,,,,,,,,,,,,,,,,,,,,,,,,,,,,,,,,,,,,,,,,,,,,,,,,,,,,,,,,,,,,,,,,,,,,,,,,,,,,,,,,,,,,,,,,,,,,,,,,,,,,,,,,
q02,1,9,1,2.51,,,800000,0,never_instantiated,0,,,,,0,0,,,770796,0,never_instantiated,0,,,,,0,0,,,731189,0,never_instantiated,0,,,,,0,0,,,800000,0,never_instantiated,0,,,,,0,0,,,751547,0,never_instantiated,0,,,,,0,0,,,402948,0,never_instantiated,0,,,,,0,0,CreditCardView,CustomerView,800000,0,never_instantiated,0,,,,,0,0,,TaxRecordView,402948,0,never_instantiated,0,,,,,0,0,AddressView,CustomerView,800000,0,never_instantiated,0,,,,,0,0,,CategoryView,2,0,never_instantiated,0,,,,,0,0,,ProductView,36,0,never_instantiated,0,,,,,0,0,OrderItemView,,4301324,0,never_instantiated,0,,,,,0,0,OrderView,CustomerView,800000,0,never_instantiated,0,,,,,0,0,OrderView,CustomerView,800000,0,never_instantiated,0,,,,,0,0,OrderItemView,,1835997,0,never_instantiated,0,,,,,0,0,OrderView,CustomerView,800000,0,never_instantiated,0,,,,,0,0,,CategoryView,3,0,never_instantiated,0,,,,,0,0,,ProductView,36,0,never_instantiated,0,,,,,0,0,OrderItemView,,4301324,0,never_instantiated,0,,,,,0,0,OrderView,CustomerView,800000,0,never_instantiated,0,,,,,0,0,,CreditCardView,2039783,0,never_instantiated,0,,,,,0,0,OrderView,CustomerView,800000,0,never_instantiated,0,,,,,0,0,,,,,,,,,,,,,,,,,,,,,,,,
q03,1,9,1,1.27,,,800000,0,never_instantiated,0,,,,,0,0,,CategoryView,9,0,never_instantiated,0,,,,,0,0,,TaxRecordView,800000,0,never_instantiated,0,,,,,0,0,,AddressView,800000,0,never_instantiated,0,,,,,0,0,CustomerView,,3430857,0,never_instantiated,0,,,,,0,0,CreditCardView,,4287481,0,never_instantiated,0,,,,,0,0,,ProductView,8,0,never_instantiated,0,,,,,0,0,OrderItemView,OrderView,4283993,0,never_instantiated,0,,,,,0,0,CreditCardView,CustomerView,800000,0,never_instantiated,0,,,,,0,0,,,,,,,,,,,,,,,,,,,,,,,,,,,,,,,,,,,,,,,,,,,,,,,,,,,,,,,,,,,,,,,,,,,,,,,,,,,,,,,,,,,,,,,,,,,,,,,,,,,,,,,,,,,,,,,,,,,,,,,,,,,,,,,,,,,,,,,,,,,,,,,,,,,,,,,,,,,,,,,,,,,,,,,,,,,,,,,,,,,,
q04,1,9,1,4.23,,,9,0,never_instantiated,0,,,,,0,0,,,9,0,never_instantiated,0,,,,,0,0,,,9,0,never_instantiated,0,,,,,0,0,,,9,0,never_instantiated,0,,,,,0,0,,CreditCardView,2039783,0,never_instantiated,0,,,,,0,0,,OrderView,4283993,0,never_instantiated,0,,,,,0,0,OrderItemView,,36,0,never_instantiated,0,,,,,0,0,ProductView,CategoryView,9,0,never_instantiated,0,,,,,0,0,,TaxRecordView,800000,0,never_instantiated,0,,,,,0,0,,AddressView,800000,0,never_instantiated,0,,,,,0,0,,CustomerView,800000,0,never_instantiated,0,,,,,0,0,,OrderView,4283993,0,never_instantiated,0,,,,,0,0,OrderItemView,,36,0,never_instantiated,0,,,,,0,0,ProductView,CategoryView,9,0,never_instantiated,0,,,,,0,0,ProductView,CategoryView,9,0,never_instantiated,0,,,,,0,0,OrderItemView,,36,0,never_instantiated,0,,,,,0,0,ProductView,CategoryView,9,0,never_instantiated,0,,,,,0,0,,CreditCardView,2039783,0,never_instantiated,0,,,,,0,0,,OrderView,4283993,0,never_instantiated,0,,,,,0,0,OrderItemView,,36,0,never_instantiated,0,,,,,0,0,ProductView,CategoryView,9,0,never_instantiated,0,,,,,0,0,,,,,,,,,,,,,,,,,,,,,,,,,,,,,,,,,,,,
q05,1,9,1,1.08,,,73297,0,never_instantiated,0,,,,,0,0,,ProductView,36,0,never_instantiated,0,,,,,0,0,OrderItemView,,4301324,0,never_instantiated,0,,,,,0,0,OrderView,,800000,0,never_instantiated,0,,,,,0,0,TaxRecordView,AddressView,800000,0,never_instantiated,0,,,,,0,0,,,73297,0,never_instantiated,0,,,,,0,0,,CustomerView,800000,0,never_instantiated,0,,,,,0,0,TaxRecordView,AddressView,800000,0,never_instantiated,0,,,,,0,0,OrderView,,800000,0,never_instantiated,0,,,,,0,0,TaxRecordView,AddressView,800000,0,never_instantiated,0,,,,,0,0,,,,,,,,,,,,,,,,,,,,,,,,,,,,,,,,,,,,,,,,,,,,,,,,,,,,,,,,,,,,,,,,,,,,,,,,,,,,,,,,,,,,,,,,,,,,,,,,,,,,,,,,,,,,,,,,,,,,,,,,,,,,,,,,,,,,,,,,,,,,,,,,,,,,,,,,,,,,,,,,,,,,,,,,
q06,1,9,1,1.30,,,9,0,never_instantiated,0,,,,,0,0,,,36,0,never_instantiated,0,,,,,0,0,,,128389,0,never_instantiated,0,,,,,0,0,,OrderView,4283993,0,never_instantiated,0,,,,,0,0,OrderItemView,ProductView,36,0,never_instantiated,0,,,,,0,0,AddressView,,8,0,never_instantiated,0,,,,,0,0,ProductView,,36,0,never_instantiated,0,,,,,0,0,,CustomerView,800000,0,never_instantiated,0,,,,,0,0,,AddressView,800000,0,never_instantiated,0,,,,,0,0,,OrderView,4283993,0,never_instantiated,0,,,,,0,0,OrderItemView,ProductView,36,0,never_instantiated,0,,,,,0,0,ProductView,CategoryView,2,0,never_instantiated,0,,,,,0,0,,,,,,,,,,,,,,,,,,,,,,,,,,,,,,,,,,,,,,,,,,,,,,,,,,,,,,,,,,,,,,,,,,,,,,,,,,,,,,,,,,,,,,,,,,,,,,,,,,,,,,,,,,,,,,,,,,,,,,,,,,,,,,,,,,,,,,,,,,,,,,,,
q07,1,9,1,1.41,,,773859,0,never_instantiated,0,,,,,0,0,,,291451,0,never_instantiated,0,,,,,0,0,OrderItemView,,1021443,0,never_instantiated,0,,,,,0,0,,,486168,0,never_instantiated,0,,,,,0,0,OrderView,CustomerView,800000,0,never_instantiated,0,,,,,0,0,CreditCardView,,5,0,never_instantiated,0,,,,,0,0,,TaxRecordView,291451,0,never_instantiated,0,,,,,0,0,CustomerView,AddressView,800000,0,never_instantiated,0,,,,,0,0,,CategoryView,4,0,never_instantiated,0,,,,,0,0,,ProductView,36,0,never_instantiated,0,,,,,0,0,OrderItemView,,4301324,0,never_instantiated,0,,,,,0,0,OrderView,CustomerView,800000,0,never_instantiated,0,,,,,0,0,,,,,,,,,,,,,,,,,,,,,,,,,,,,,,,,,,,,,,,,,,,,,,,,,,,,,,,,,,,,,,,,,,,,,,,,,,,,,,,,,,,,,,,,,,,,,,,,,,,,,,,,,,,,,,,,,,,,,,,,,,,,,,,,,,,,,,,,,,,,,,,,
q08,1,9,1,5.66,,,1690745,0,never_instantiated,0,,,,,0,0,,,2039783,0,never_instantiated,0,,,,,0,0,,,1727854,0,never_instantiated,0,,,,,0,0,,ProductView,36,0,never_instantiated,0,,,,,0,0,,OrderItemView,12855283,0,never_instantiated,0,,,,,0,0,OrderView,CreditCardView,2039783,0,never_instantiated,0,,,,,0,0,,,2039783,0,never_instantiated,0,,,,,0,0,,,2039783,0,never_instantiated,0,,,,,0,0,CreditCardView,,1586092,0,never_instantiated,0,,,,,0,0,CreditCardView,OrderView,3214641,0,never_instantiated,0,,,,,0,0,OrderItemView,,4593116,0,never_instantiated,0,,,,,0,0,OrderView,CreditCardView,2039783,0,never_instantiated,0,,,,,0,0,,TaxRecordView,800000,0,never_instantiated,0,,,,,0,0,,AddressView,800000,0,never_instantiated,0,,,,,0,0,,CustomerView,800000,0,never_instantiated,0,,,,,0,0,OrderView,CreditCardView,2039783,0,never_instantiated,0,,,,,0,0,,CategoryView,9,0,never_instantiated,0,,,,,0,0,,ProductView,36,0,never_instantiated,0,,,,,0,0,OrderItemView,,4593116,0,never_instantiated,0,,,,,0,0,OrderView,CreditCardView,2039783,0,never_instantiated,0,,,,,0,0,,CategoryView,9,0,never_instantiated,0,,,,,0,0,,ProductView,35,0,never_instantiated,0,,,,,0,0,OrderItemView,,4593116,0,never_instantiated,0,,,,,0,0,OrderView,CreditCardView,2039783,0,never_instantiated,0,,,,,0,0
q01,1,10,1,0.62,OrderItemView,,4301324,0,never_instantiated,0,,,,,0,0,OrderView,,800000,0,never_instantiated,0,,,,,0,0,AddressView,CustomerView,800000,0,never_instantiated,0,,,,,0,0,,,,,,,,,,,,,,,,,,,,,,,,,,,,,,,,,,,,,,,,,,,,,,,,,,,,,,,,,,,,,,,,,,,,,,,,,,,,,,,,,,,,,,,,,,,,,,,,,,,,,,,,,,,,,,,,,,,,,,,,,,,,,,,,,,,,,,,,,,,,,,,,,,,,,,,,,,,,,,,,,,,,,,,,,,,,,,,,,,,,,,,,,,,,,,,,,,,,,,,,,,,,,,,,,,,,,,,,,,,,,,,,,,,,,,,,,,,,,,,,,,,,,,,,,,,,
q02,1,10,1,2.55,,,800000,0,never_instantiated,0,,,,,0,0,,,770796,0,never_instantiated,0,,,,,0,0,,,731189,0,never_instantiated,0,,,,,0,0,,,800000,0,never_instantiated,0,,,,,0,0,,,751547,0,never_instantiated,0,,,,,0,0,,,402948,0,never_instantiated,0,,,,,0,0,CreditCardView,CustomerView,800000,0,never_instantiated,0,,,,,0,0,,TaxRecordView,402948,0,never_instantiated,0,,,,,0,0,AddressView,CustomerView,800000,0,never_instantiated,0,,,,,0,0,,CategoryView,2,0,never_instantiated,0,,,,,0,0,,ProductView,36,0,never_instantiated,0,,,,,0,0,OrderItemView,,4301324,0,never_instantiated,0,,,,,0,0,OrderView,CustomerView,800000,0,never_instantiated,0,,,,,0,0,OrderView,CustomerView,800000,0,never_instantiated,0,,,,,0,0,OrderItemView,,1835997,0,never_instantiated,0,,,,,0,0,OrderView,CustomerView,800000,0,never_instantiated,0,,,,,0,0,,CategoryView,3,0,never_instantiated,0,,,,,0,0,,ProductView,36,0,never_instantiated,0,,,,,0,0,OrderItemView,,4301324,0,never_instantiated,0,,,,,0,0,OrderView,CustomerView,800000,0,never_instantiated,0,,,,,0,0,,CreditCardView,2039783,0,never_instantiated,0,,,,,0,0,OrderView,CustomerView,800000,0,never_instantiated,0,,,,,0,0,,,,,,,,,,,,,,,,,,,,,,,,
q03,1,10,1,1.26,,,800000,0,never_instantiated,0,,,,,0,0,,CategoryView,9,0,never_instantiated,0,,,,,0,0,,TaxRecordView,800000,0,never_instantiated,0,,,,,0,0,,AddressView,800000,0,never_instantiated,0,,,,,0,0,CustomerView,,3430857,0,never_instantiated,0,,,,,0,0,CreditCardView,,4287481,0,never_instantiated,0,,,,,0,0,,ProductView,8,0,never_instantiated,0,,,,,0,0,OrderItemView,OrderView,4283993,0,never_instantiated,0,,,,,0,0,CreditCardView,CustomerView,800000,0,never_instantiated,0,,,,,0,0,,,,,,,,,,,,,,,,,,,,,,,,,,,,,,,,,,,,,,,,,,,,,,,,,,,,,,,,,,,,,,,,,,,,,,,,,,,,,,,,,,,,,,,,,,,,,,,,,,,,,,,,,,,,,,,,,,,,,,,,,,,,,,,,,,,,,,,,,,,,,,,,,,,,,,,,,,,,,,,,,,,,,,,,,,,,,,,,,,,,
q04,1,10,1,4.25,,,9,0,never_instantiated,0,,,,,0,0,,,9,0,never_instantiated,0,,,,,0,0,,,9,0,never_instantiated,0,,,,,0,0,,,9,0,never_instantiated,0,,,,,0,0,,CreditCardView,2039783,0,never_instantiated,0,,,,,0,0,,OrderView,4283993,0,never_instantiated,0,,,,,0,0,OrderItemView,,36,0,never_instantiated,0,,,,,0,0,ProductView,CategoryView,9,0,never_instantiated,0,,,,,0,0,,TaxRecordView,800000,0,never_instantiated,0,,,,,0,0,,AddressView,800000,0,never_instantiated,0,,,,,0,0,,CustomerView,800000,0,never_instantiated,0,,,,,0,0,,OrderView,4283993,0,never_instantiated,0,,,,,0,0,OrderItemView,,36,0,never_instantiated,0,,,,,0,0,ProductView,CategoryView,9,0,never_instantiated,0,,,,,0,0,ProductView,CategoryView,9,0,never_instantiated,0,,,,,0,0,OrderItemView,,36,0,never_instantiated,0,,,,,0,0,ProductView,CategoryView,9,0,never_instantiated,0,,,,,0,0,,CreditCardView,2039783,0,never_instantiated,0,,,,,0,0,,OrderView,4283993,0,never_instantiated,0,,,,,0,0,OrderItemView,,36,0,never_instantiated,0,,,,,0,0,ProductView,CategoryView,9,0,never_instantiated,0,,,,,0,0,,,,,,,,,,,,,,,,,,,,,,,,,,,,,,,,,,,,
q05,1,10,1,1.07,,,73297,0,never_instantiated,0,,,,,0,0,,ProductView,36,0,never_instantiated,0,,,,,0,0,OrderItemView,,4301324,0,never_instantiated,0,,,,,0,0,OrderView,,800000,0,never_instantiated,0,,,,,0,0,TaxRecordView,AddressView,800000,0,never_instantiated,0,,,,,0,0,,,73297,0,never_instantiated,0,,,,,0,0,,CustomerView,800000,0,never_instantiated,0,,,,,0,0,TaxRecordView,AddressView,800000,0,never_instantiated,0,,,,,0,0,OrderView,,800000,0,never_instantiated,0,,,,,0,0,TaxRecordView,AddressView,800000,0,never_instantiated,0,,,,,0,0,,,,,,,,,,,,,,,,,,,,,,,,,,,,,,,,,,,,,,,,,,,,,,,,,,,,,,,,,,,,,,,,,,,,,,,,,,,,,,,,,,,,,,,,,,,,,,,,,,,,,,,,,,,,,,,,,,,,,,,,,,,,,,,,,,,,,,,,,,,,,,,,,,,,,,,,,,,,,,,,,,,,,,,,
q06,1,10,1,1.30,,,9,0,never_instantiated,0,,,,,0,0,,,36,0,never_instantiated,0,,,,,0,0,,,128389,0,never_instantiated,0,,,,,0,0,,OrderView,4283993,0,never_instantiated,0,,,,,0,0,OrderItemView,ProductView,36,0,never_instantiated,0,,,,,0,0,AddressView,,8,0,never_instantiated,0,,,,,0,0,ProductView,,36,0,never_instantiated,0,,,,,0,0,,CustomerView,800000,0,never_instantiated,0,,,,,0,0,,AddressView,800000,0,never_instantiated,0,,,,,0,0,,OrderView,4283993,0,never_instantiated,0,,,,,0,0,OrderItemView,ProductView,36,0,never_instantiated,0,,,,,0,0,ProductView,CategoryView,2,0,never_instantiated,0,,,,,0,0,,,,,,,,,,,,,,,,,,,,,,,,,,,,,,,,,,,,,,,,,,,,,,,,,,,,,,,,,,,,,,,,,,,,,,,,,,,,,,,,,,,,,,,,,,,,,,,,,,,,,,,,,,,,,,,,,,,,,,,,,,,,,,,,,,,,,,,,,,,,,,,,
q07,1,10,1,1.43,,,773859,0,never_instantiated,0,,,,,0,0,,,291451,0,never_instantiated,0,,,,,0,0,OrderItemView,,1021443,0,never_instantiated,0,,,,,0,0,,,486168,0,never_instantiated,0,,,,,0,0,OrderView,CustomerView,800000,0,never_instantiated,0,,,,,0,0,CreditCardView,,5,0,never_instantiated,0,,,,,0,0,,TaxRecordView,291451,0,never_instantiated,0,,,,,0,0,CustomerView,AddressView,800000,0,never_instantiated,0,,,,,0,0,,CategoryView,4,0,never_instantiated,0,,,,,0,0,,ProductView,36,0,never_instantiated,0,,,,,0,0,OrderItemView,,4301324,0,never_instantiated,0,,,,,0,0,OrderView,CustomerView,800000,0,never_instantiated,0,,,,,0,0,,,,,,,,,,,,,,,,,,,,,,,,,,,,,,,,,,,,,,,,,,,,,,,,,,,,,,,,,,,,,,,,,,,,,,,,,,,,,,,,,,,,,,,,,,,,,,,,,,,,,,,,,,,,,,,,,,,,,,,,,,,,,,,,,,,,,,,,,,,,,,,,
q08,1,10,1,5.70,,,1690745,0,never_instantiated,0,,,,,0,0,,,2039783,0,never_instantiated,0,,,,,0,0,,,1727854,0,never_instantiated,0,,,,,0,0,,ProductView,36,0,never_instantiated,0,,,,,0,0,,OrderItemView,12855283,0,never_instantiated,0,,,,,0,0,OrderView,CreditCardView,2039783,0,never_instantiated,0,,,,,0,0,,,2039783,0,never_instantiated,0,,,,,0,0,,,2039783,0,never_instantiated,0,,,,,0,0,CreditCardView,,1586092,0,never_instantiated,0,,,,,0,0,CreditCardView,OrderView,3214641,0,never_instantiated,0,,,,,0,0,OrderItemView,,4593116,0,never_instantiated,0,,,,,0,0,OrderView,CreditCardView,2039783,0,never_instantiated,0,,,,,0,0,,TaxRecordView,800000,0,never_instantiated,0,,,,,0,0,,AddressView,800000,0,never_instantiated,0,,,,,0,0,,CustomerView,800000,0,never_instantiated,0,,,,,0,0,OrderView,CreditCardView,2039783,0,never_instantiated,0,,,,,0,0,,CategoryView,9,0,never_instantiated,0,,,,,0,0,,ProductView,36,0,never_instantiated,0,,,,,0,0,OrderItemView,,4593116,0,never_instantiated,0,,,,,0,0,OrderView,CreditCardView,2039783,0,never_instantiated,0,,,,,0,0,,CategoryView,9,0,never_instantiated,0,,,,,0,0,,ProductView,35,0,never_instantiated,0,,,,,0,0,OrderItemView,,4593116,0,never_instantiated,0,,,,,0,0,OrderView,CreditCardView,2039783,0,never_instantiated,0,,,,,0,0
q01,1,11,1,0.62,OrderItemView,,4301324,0,never_instantiated,0,,,,,0,0,OrderView,,800000,0,never_instantiated,0,,,,,0,0,AddressView,CustomerView,800000,0,never_instantiated,0,,,,,0,0,,,,,,,,,,,,,,,,,,,,,,,,,,,,,,,,,,,,,,,,,,,,,,,,,,,,,,,,,,,,,,,,,,,,,,,,,,,,,,,,,,,,,,,,,,,,,,,,,,,,,,,,,,,,,,,,,,,,,,,,,,,,,,,,,,,,,,,,,,,,,,,,,,,,,,,,,,,,,,,,,,,,,,,,,,,,,,,,,,,,,,,,,,,,,,,,,,,,,,,,,,,,,,,,,,,,,,,,,,,,,,,,,,,,,,,,,,,,,,,,,,,,,,,,,,,,
q02,1,11,1,2.57,,,800000,0,never_instantiated,0,,,,,0,0,,,770796,0,never_instantiated,0,,,,,0,0,,,731189,0,never_instantiated,0,,,,,0,0,,,800000,0,never_instantiated,0,,,,,0,0,,,751547,0,never_instantiated,0,,,,,0,0,,,402948,0,never_instantiated,0,,,,,0,0,CreditCardView,CustomerView,800000,0,never_instantiated,0,,,,,0,0,,TaxRecordView,402948,0,never_instantiated,0,,,,,0,0,AddressView,CustomerView,800000,0,never_instantiated,0,,,,,0,0,,CategoryView,2,0,never_instantiated,0,,,,,0,0,,ProductView,36,0,never_instantiated,0,,,,,0,0,OrderItemView,,4301324,0,never_instantiated,0,,,,,0,0,OrderView,CustomerView,800000,0,never_instantiated,0,,,,,0,0,OrderView,CustomerView,800000,0,never_instantiated,0,,,,,0,0,OrderItemView,,1835997,0,never_instantiated,0,,,,,0,0,OrderView,CustomerView,800000,0,never_instantiated,0,,,,,0,0,,CategoryView,3,0,never_instantiated,0,,,,,0,0,,ProductView,36,0,never_instantiated,0,,,,,0,0,OrderItemView,,4301324,0,never_instantiated,0,,,,,0,0,OrderView,CustomerView,800000,0,never_instantiated,0,,,,,0,0,,CreditCardView,2039783,0,never_instantiated,0,,,,,0,0,OrderView,CustomerView,800000,0,never_instantiated,0,,,,,0,0,,,,,,,,,,,,,,,,,,,,,,,,
q03,1,11,1,1.28,,,800000,0,never_instantiated,0,,,,,0,0,,CategoryView,9,0,never_instantiated,0,,,,,0,0,,TaxRecordView,800000,0,never_instantiated,0,,,,,0,0,,AddressView,800000,0,never_instantiated,0,,,,,0,0,CustomerView,,3430857,0,never_instantiated,0,,,,,0,0,CreditCardView,,4287481,0,never_instantiated,0,,,,,0,0,,ProductView,8,0,never_instantiated,0,,,,,0,0,OrderItemView,OrderView,4283993,0,never_instantiated,0,,,,,0,0,CreditCardView,CustomerView,800000,0,never_instantiated,0,,,,,0,0,,,,,,,,,,,,,,,,,,,,,,,,,,,,,,,,,,,,,,,,,,,,,,,,,,,,,,,,,,,,,,,,,,,,,,,,,,,,,,,,,,,,,,,,,,,,,,,,,,,,,,,,,,,,,,,,,,,,,,,,,,,,,,,,,,,,,,,,,,,,,,,,,,,,,,,,,,,,,,,,,,,,,,,,,,,,,,,,,,,,
q04,1,11,1,4.24,,,9,0,never_instantiated,0,,,,,0,0,,,9,0,never_instantiated,0,,,,,0,0,,,9,0,never_instantiated,0,,,,,0,0,,,9,0,never_instantiated,0,,,,,0,0,,CreditCardView,2039783,0,never_instantiated,0,,,,,0,0,,OrderView,4283993,0,never_instantiated,0,,,,,0,0,OrderItemView,,36,0,never_instantiated,0,,,,,0,0,ProductView,CategoryView,9,0,never_instantiated,0,,,,,0,0,,TaxRecordView,800000,0,never_instantiated,0,,,,,0,0,,AddressView,800000,0,never_instantiated,0,,,,,0,0,,CustomerView,800000,0,never_instantiated,0,,,,,0,0,,OrderView,4283993,0,never_instantiated,0,,,,,0,0,OrderItemView,,36,0,never_instantiated,0,,,,,0,0,ProductView,CategoryView,9,0,never_instantiated,0,,,,,0,0,ProductView,CategoryView,9,0,never_instantiated,0,,,,,0,0,OrderItemView,,36,0,never_instantiated,0,,,,,0,0,ProductView,CategoryView,9,0,never_instantiated,0,,,,,0,0,,CreditCardView,2039783,0,never_instantiated,0,,,,,0,0,,OrderView,4283993,0,never_instantiated,0,,,,,0,0,OrderItemView,,36,0,never_instantiated,0,,,,,0,0,ProductView,CategoryView,9,0,never_instantiated,0,,,,,0,0,,,,,,,,,,,,,,,,,,,,,,,,,,,,,,,,,,,,
q05,1,11,1,1.09,,,73297,0,never_instantiated,0,,,,,0,0,,ProductView,36,0,never_instantiated,0,,,,,0,0,OrderItemView,,4301324,0,never_instantiated,0,,,,,0,0,OrderView,,800000,0,never_instantiated,0,,,,,0,0,TaxRecordView,AddressView,800000,0,never_instantiated,0,,,,,0,0,,,73297,0,never_instantiated,0,,,,,0,0,,CustomerView,800000,0,never_instantiated,0,,,,,0,0,TaxRecordView,AddressView,800000,0,never_instantiated,0,,,,,0,0,OrderView,,800000,0,never_instantiated,0,,,,,0,0,TaxRecordView,AddressView,800000,0,never_instantiated,0,,,,,0,0,,,,,,,,,,,,,,,,,,,,,,,,,,,,,,,,,,,,,,,,,,,,,,,,,,,,,,,,,,,,,,,,,,,,,,,,,,,,,,,,,,,,,,,,,,,,,,,,,,,,,,,,,,,,,,,,,,,,,,,,,,,,,,,,,,,,,,,,,,,,,,,,,,,,,,,,,,,,,,,,,,,,,,,,
q06,1,11,1,1.27,,,9,0,never_instantiated,0,,,,,0,0,,,36,0,never_instantiated,0,,,,,0,0,,,128389,0,never_instantiated,0,,,,,0,0,,OrderView,4283993,0,never_instantiated,0,,,,,0,0,OrderItemView,ProductView,36,0,never_instantiated,0,,,,,0,0,AddressView,,8,0,never_instantiated,0,,,,,0,0,ProductView,,36,0,never_instantiated,0,,,,,0,0,,CustomerView,800000,0,never_instantiated,0,,,,,0,0,,AddressView,800000,0,never_instantiated,0,,,,,0,0,,OrderView,4283993,0,never_instantiated,0,,,,,0,0,OrderItemView,ProductView,36,0,never_instantiated,0,,,,,0,0,ProductView,CategoryView,2,0,never_instantiated,0,,,,,0,0,,,,,,,,,,,,,,,,,,,,,,,,,,,,,,,,,,,,,,,,,,,,,,,,,,,,,,,,,,,,,,,,,,,,,,,,,,,,,,,,,,,,,,,,,,,,,,,,,,,,,,,,,,,,,,,,,,,,,,,,,,,,,,,,,,,,,,,,,,,,,,,,
q07,1,11,1,1.39,,,773859,0,never_instantiated,0,,,,,0,0,,,291451,0,never_instantiated,0,,,,,0,0,OrderItemView,,1021443,0,never_instantiated,0,,,,,0,0,,,486168,0,never_instantiated,0,,,,,0,0,OrderView,CustomerView,800000,0,never_instantiated,0,,,,,0,0,CreditCardView,,5,0,never_instantiated,0,,,,,0,0,,TaxRecordView,291451,0,never_instantiated,0,,,,,0,0,CustomerView,AddressView,800000,0,never_instantiated,0,,,,,0,0,,CategoryView,4,0,never_instantiated,0,,,,,0,0,,ProductView,36,0,never_instantiated,0,,,,,0,0,OrderItemView,,4301324,0,never_instantiated,0,,,,,0,0,OrderView,CustomerView,800000,0,never_instantiated,0,,,,,0,0,,,,,,,,,,,,,,,,,,,,,,,,,,,,,,,,,,,,,,,,,,,,,,,,,,,,,,,,,,,,,,,,,,,,,,,,,,,,,,,,,,,,,,,,,,,,,,,,,,,,,,,,,,,,,,,,,,,,,,,,,,,,,,,,,,,,,,,,,,,,,,,,
q08,1,11,1,5.68,,,1690745,0,never_instantiated,0,,,,,0,0,,,2039783,0,never_instantiated,0,,,,,0,0,,,1727854,0,never_instantiated,0,,,,,0,0,,ProductView,36,0,never_instantiated,0,,,,,0,0,,OrderItemView,12855283,0,never_instantiated,0,,,,,0,0,OrderView,CreditCardView,2039783,0,never_instantiated,0,,,,,0,0,,,2039783,0,never_instantiated,0,,,,,0,0,,,2039783,0,never_instantiated,0,,,,,0,0,CreditCardView,,1586092,0,never_instantiated,0,,,,,0,0,CreditCardView,OrderView,3214641,0,never_instantiated,0,,,,,0,0,OrderItemView,,4593116,0,never_instantiated,0,,,,,0,0,OrderView,CreditCardView,2039783,0,never_instantiated,0,,,,,0,0,,TaxRecordView,800000,0,never_instantiated,0,,,,,0,0,,AddressView,800000,0,never_instantiated,0,,,,,0,0,,CustomerView,800000,0,never_instantiated,0,,,,,0,0,OrderView,CreditCardView,2039783,0,never_instantiated,0,,,,,0,0,,CategoryView,9,0,never_instantiated,0,,,,,0,0,,ProductView,36,0,never_instantiated,0,,,,,0,0,OrderItemView,,4593116,0,never_instantiated,0,,,,,0,0,OrderView,CreditCardView,2039783,0,never_instantiated,0,,,,,0,0,,CategoryView,9,0,never_instantiated,0,,,,,0,0,,ProductView,35,0,never_instantiated,0,,,,,0,0,OrderItemView,,4593116,0,never_instantiated,0,,,,,0,0,OrderView,CreditCardView,2039783,0,never_instantiated,0,,,,,0,0
q01,1,12,1,0.61,OrderItemView,,4301324,0,never_instantiated,0,,,,,0,0,OrderView,,800000,0,never_instantiated,0,,,,,0,0,AddressView,CustomerView,800000,0,never_instantiated,0,,,,,0,0,,,,,,,,,,,,,,,,,,,,,,,,,,,,,,,,,,,,,,,,,,,,,,,,,,,,,,,,,,,,,,,,,,,,,,,,,,,,,,,,,,,,,,,,,,,,,,,,,,,,,,,,,,,,,,,,,,,,,,,,,,,,,,,,,,,,,,,,,,,,,,,,,,,,,,,,,,,,,,,,,,,,,,,,,,,,,,,,,,,,,,,,,,,,,,,,,,,,,,,,,,,,,,,,,,,,,,,,,,,,,,,,,,,,,,,,,,,,,,,,,,,,,,,,,,,,
q02,1,12,1,2.54,,,800000,0,never_instantiated,0,,,,,0,0,,,770796,0,never_instantiated,0,,,,,0,0,,,731189,0,never_instantiated,0,,,,,0,0,,,800000,0,never_instantiated,0,,,,,0,0,,,751547,0,never_instantiated,0,,,,,0,0,,,402948,0,never_instantiated,0,,,,,0,0,CreditCardView,CustomerView,800000,0,never_instantiated,0,,,,,0,0,,TaxRecordView,402948,0,never_instantiated,0,,,,,0,0,AddressView,CustomerView,800000,0,never_instantiated,0,,,,,0,0,,CategoryView,2,0,never_instantiated,0,,,,,0,0,,ProductView,36,0,never_instantiated,0,,,,,0,0,OrderItemView,,4301324,0,never_instantiated,0,,,,,0,0,OrderView,CustomerView,800000,0,never_instantiated,0,,,,,0,0,OrderView,CustomerView,800000,0,never_instantiated,0,,,,,0,0,OrderItemView,,1835997,0,never_instantiated,0,,,,,0,0,OrderView,CustomerView,800000,0,never_instantiated,0,,,,,0,0,,CategoryView,3,0,never_instantiated,0,,,,,0,0,,ProductView,36,0,never_instantiated,0,,,,,0,0,OrderItemView,,4301324,0,never_instantiated,0,,,,,0,0,OrderView,CustomerView,800000,0,never_instantiated,0,,,,,0,0,,CreditCardView,2039783,0,never_instantiated,0,,,,,0,0,OrderView,CustomerView,800000,0,never_instantiated,0,,,,,0,0,,,,,,,,,,,,,,,,,,,,,,,,
q03,1,12,1,1.29,,,800000,0,never_instantiated,0,,,,,0,0,,CategoryView,9,0,never_instantiated,0,,,,,0,0,,TaxRecordView,800000,0,never_instantiated,0,,,,,0,0,,AddressView,800000,0,never_instantiated,0,,,,,0,0,CustomerView,,3430857,0,never_instantiated,0,,,,,0,0,,ProductView,8,0,never_instantiated,0,,,,,0,0,,CreditCardView,1632147,0,never_instantiated,0,,,,,0,0,OrderItemView,OrderView,4283993,0,never_instantiated,0,,,,,0,0,CreditCardView,CustomerView,800000,0,never_instantiated,0,,,,,0,0,,,,,,,,,,,,,,,,,,,,,,,,,,,,,,,,,,,,,,,,,,,,,,,,,,,,,,,,,,,,,,,,,,,,,,,,,,,,,,,,,,,,,,,,,,,,,,,,,,,,,,,,,,,,,,,,,,,,,,,,,,,,,,,,,,,,,,,,,,,,,,,,,,,,,,,,,,,,,,,,,,,,,,,,,,,,,,,,,,,,
q04,1,12,1,4.28,,,9,0,never_instantiated,0,,,,,0,0,,,9,0,never_instantiated,0,,,,,0,0,,,9,0,never_instantiated,0,,,,,0,0,,,9,0,never_instantiated,0,,,,,0,0,,CreditCardView,2039783,0,never_instantiated,0,,,,,0,0,,OrderView,4283993,0,never_instantiated,0,,,,,0,0,OrderItemView,,36,0,never_instantiated,0,,,,,0,0,ProductView,CategoryView,9,0,never_instantiated,0,,,,,0,0,,TaxRecordView,800000,0,never_instantiated,0,,,,,0,0,,AddressView,800000,0,never_instantiated,0,,,,,0,0,,CustomerView,800000,0,never_instantiated,0,,,,,0,0,,OrderView,4283993,0,never_instantiated,0,,,,,0,0,OrderItemView,,36,0,never_instantiated,0,,,,,0,0,ProductView,CategoryView,9,0,never_instantiated,0,,,,,0,0,ProductView,CategoryView,9,0,never_instantiated,0,,,,,0,0,OrderItemView,,36,0,never_instantiated,0,,,,,0,0,ProductView,CategoryView,9,0,never_instantiated,0,,,,,0,0,,CreditCardView,2039783,0,never_instantiated,0,,,,,0,0,,OrderView,4283993,0,never_instantiated,0,,,,,0,0,OrderItemView,,36,0,never_instantiated,0,,,,,0,0,ProductView,CategoryView,9,0,never_instantiated,0,,,,,0,0,,,,,,,,,,,,,,,,,,,,,,,,,,,,,,,,,,,,
q05,1,12,1,1.05,,,73297,0,never_instantiated,0,,,,,0,0,,ProductView,36,0,never_instantiated,0,,,,,0,0,OrderItemView,,4301324,0,never_instantiated,0,,,,,0,0,OrderView,,800000,0,never_instantiated,0,,,,,0,0,TaxRecordView,AddressView,800000,0,never_instantiated,0,,,,,0,0,,,73297,0,never_instantiated,0,,,,,0,0,,CustomerView,800000,0,never_instantiated,0,,,,,0,0,TaxRecordView,AddressView,800000,0,never_instantiated,0,,,,,0,0,OrderView,,800000,0,never_instantiated,0,,,,,0,0,TaxRecordView,AddressView,800000,0,never_instantiated,0,,,,,0,0,,,,,,,,,,,,,,,,,,,,,,,,,,,,,,,,,,,,,,,,,,,,,,,,,,,,,,,,,,,,,,,,,,,,,,,,,,,,,,,,,,,,,,,,,,,,,,,,,,,,,,,,,,,,,,,,,,,,,,,,,,,,,,,,,,,,,,,,,,,,,,,,,,,,,,,,,,,,,,,,,,,,,,,,
q06,1,12,1,1.27,,,9,0,never_instantiated,0,,,,,0,0,,,36,0,never_instantiated,0,,,,,0,0,,,128389,0,never_instantiated,0,,,,,0,0,,OrderView,4283993,0,never_instantiated,0,,,,,0,0,OrderItemView,ProductView,36,0,never_instantiated,0,,,,,0,0,AddressView,,8,0,never_instantiated,0,,,,,0,0,ProductView,,36,0,never_instantiated,0,,,,,0,0,,CustomerView,800000,0,never_instantiated,0,,,,,0,0,,AddressView,800000,0,never_instantiated,0,,,,,0,0,,OrderView,4283993,0,never_instantiated,0,,,,,0,0,OrderItemView,ProductView,36,0,never_instantiated,0,,,,,0,0,ProductView,CategoryView,2,0,never_instantiated,0,,,,,0,0,,,,,,,,,,,,,,,,,,,,,,,,,,,,,,,,,,,,,,,,,,,,,,,,,,,,,,,,,,,,,,,,,,,,,,,,,,,,,,,,,,,,,,,,,,,,,,,,,,,,,,,,,,,,,,,,,,,,,,,,,,,,,,,,,,,,,,,,,,,,,,,,
q07,1,12,1,1.41,,,773859,0,never_instantiated,0,,,,,0,0,,,291451,0,never_instantiated,0,,,,,0,0,OrderItemView,,1021443,0,never_instantiated,0,,,,,0,0,,,486168,0,never_instantiated,0,,,,,0,0,OrderView,CustomerView,800000,0,never_instantiated,0,,,,,0,0,CreditCardView,,5,0,never_instantiated,0,,,,,0,0,,TaxRecordView,291451,0,never_instantiated,0,,,,,0,0,CustomerView,AddressView,800000,0,never_instantiated,0,,,,,0,0,,CategoryView,4,0,never_instantiated,0,,,,,0,0,,ProductView,36,0,never_instantiated,0,,,,,0,0,OrderItemView,,4301324,0,never_instantiated,0,,,,,0,0,OrderView,CustomerView,800000,0,never_instantiated,0,,,,,0,0,,,,,,,,,,,,,,,,,,,,,,,,,,,,,,,,,,,,,,,,,,,,,,,,,,,,,,,,,,,,,,,,,,,,,,,,,,,,,,,,,,,,,,,,,,,,,,,,,,,,,,,,,,,,,,,,,,,,,,,,,,,,,,,,,,,,,,,,,,,,,,,,
q08,1,12,1,5.61,,,1690745,0,never_instantiated,0,,,,,0,0,,,2039783,0,never_instantiated,0,,,,,0,0,,,1727854,0,never_instantiated,0,,,,,0,0,,ProductView,36,0,never_instantiated,0,,,,,0,0,,OrderItemView,12855283,0,never_instantiated,0,,,,,0,0,OrderView,CreditCardView,2039783,0,never_instantiated,0,,,,,0,0,,,2039783,0,never_instantiated,0,,,,,0,0,,,2039783,0,never_instantiated,0,,,,,0,0,CreditCardView,,1586092,0,never_instantiated,0,,,,,0,0,CreditCardView,OrderView,3214641,0,never_instantiated,0,,,,,0,0,OrderItemView,,4593116,0,never_instantiated,0,,,,,0,0,OrderView,CreditCardView,2039783,0,never_instantiated,0,,,,,0,0,,TaxRecordView,800000,0,never_instantiated,0,,,,,0,0,,AddressView,800000,0,never_instantiated,0,,,,,0,0,,CustomerView,800000,0,never_instantiated,0,,,,,0,0,OrderView,CreditCardView,2039783,0,never_instantiated,0,,,,,0,0,,CategoryView,9,0,never_instantiated,0,,,,,0,0,,ProductView,36,0,never_instantiated,0,,,,,0,0,OrderItemView,,4593116,0,never_instantiated,0,,,,,0,0,OrderView,CreditCardView,2039783,0,never_instantiated,0,,,,,0,0,,CategoryView,9,0,never_instantiated,0,,,,,0,0,,ProductView,35,0,never_instantiated,0,,,,,0,0,OrderItemView,,4593116,0,never_instantiated,0,,,,,0,0,OrderView,CreditCardView,2039783,0,never_instantiated,0,,,,,0,0
q01,1,13,1,0.62,OrderItemView,,4301324,0,never_instantiated,0,,,,,0,0,OrderView,,800000,0,never_instantiated,0,,,,,0,0,AddressView,CustomerView,800000,0,never_instantiated,0,,,,,0,0,,,,,,,,,,,,,,,,,,,,,,,,,,,,,,,,,,,,,,,,,,,,,,,,,,,,,,,,,,,,,,,,,,,,,,,,,,,,,,,,,,,,,,,,,,,,,,,,,,,,,,,,,,,,,,,,,,,,,,,,,,,,,,,,,,,,,,,,,,,,,,,,,,,,,,,,,,,,,,,,,,,,,,,,,,,,,,,,,,,,,,,,,,,,,,,,,,,,,,,,,,,,,,,,,,,,,,,,,,,,,,,,,,,,,,,,,,,,,,,,,,,,,,,,,,,,
q02,1,13,1,2.52,,,800000,0,never_instantiated,0,,,,,0,0,,,770796,0,never_instantiated,0,,,,,0,0,,,731189,0,never_instantiated,0,,,,,0,0,,,800000,0,never_instantiated,0,,,,,0,0,,,751547,0,never_instantiated,0,,,,,0,0,,,402948,0,never_instantiated,0,,,,,0,0,CreditCardView,CustomerView,800000,0,never_instantiated,0,,,,,0,0,,TaxRecordView,402948,0,never_instantiated,0,,,,,0,0,AddressView,CustomerView,800000,0,never_instantiated,0,,,,,0,0,,CategoryView,2,0,never_instantiated,0,,,,,0,0,,ProductView,36,0,never_instantiated,0,,,,,0,0,OrderItemView,,4301324,0,never_instantiated,0,,,,,0,0,OrderView,CustomerView,800000,0,never_instantiated,0,,,,,0,0,OrderView,CustomerView,800000,0,never_instantiated,0,,,,,0,0,OrderItemView,,1835997,0,never_instantiated,0,,,,,0,0,OrderView,CustomerView,800000,0,never_instantiated,0,,,,,0,0,,CategoryView,3,0,never_instantiated,0,,,,,0,0,,ProductView,36,0,never_instantiated,0,,,,,0,0,OrderItemView,,4301324,0,never_instantiated,0,,,,,0,0,OrderView,CustomerView,800000,0,never_instantiated,0,,,,,0,0,,CreditCardView,2039783,0,never_instantiated,0,,,,,0,0,OrderView,CustomerView,800000,0,never_instantiated,0,,,,,0,0,,,,,,,,,,,,,,,,,,,,,,,,
q03,1,13,1,1.29,,,800000,0,never_instantiated,0,,,,,0,0,,CategoryView,9,0,never_instantiated,0,,,,,0,0,,TaxRecordView,800000,0,never_instantiated,0,,,,,0,0,,AddressView,800000,0,never_instantiated,0,,,,,0,0,CustomerView,,3430857,0,never_instantiated,0,,,,,0,0,CreditCardView,,4287481,0,never_instantiated,0,,,,,0,0,,ProductView,8,0,never_instantiated,0,,,,,0,0,OrderItemView,OrderView,4283993,0,never_instantiated,0,,,,,0,0,CreditCardView,CustomerView,800000,0,never_instantiated,0,,,,,0,0,,,,,,,,,,,,,,,,,,,,,,,,,,,,,,,,,,,,,,,,,,,,,,,,,,,,,,,,,,,,,,,,,,,,,,,,,,,,,,,,,,,,,,,,,,,,,,,,,,,,,,,,,,,,,,,,,,,,,,,,,,,,,,,,,,,,,,,,,,,,,,,,,,,,,,,,,,,,,,,,,,,,,,,,,,,,,,,,,,,,
q04,1,13,1,4.25,,,9,0,never_instantiated,0,,,,,0,0,,,9,0,never_instantiated,0,,,,,0,0,,,9,0,never_instantiated,0,,,,,0,0,,,9,0,never_instantiated,0,,,,,0,0,,CreditCardView,2039783,0,never_instantiated,0,,,,,0,0,,OrderView,4283993,0,never_instantiated,0,,,,,0,0,OrderItemView,,36,0,never_instantiated,0,,,,,0,0,ProductView,CategoryView,9,0,never_instantiated,0,,,,,0,0,,TaxRecordView,800000,0,never_instantiated,0,,,,,0,0,,AddressView,800000,0,never_instantiated,0,,,,,0,0,,CustomerView,800000,0,never_instantiated,0,,,,,0,0,,OrderView,4283993,0,never_instantiated,0,,,,,0,0,OrderItemView,,36,0,never_instantiated,0,,,,,0,0,ProductView,CategoryView,9,0,never_instantiated,0,,,,,0,0,ProductView,CategoryView,9,0,never_instantiated,0,,,,,0,0,OrderItemView,,36,0,never_instantiated,0,,,,,0,0,ProductView,CategoryView,9,0,never_instantiated,0,,,,,0,0,,CreditCardView,2039783,0,never_instantiated,0,,,,,0,0,,OrderView,4283993,0,never_instantiated,0,,,,,0,0,OrderItemView,,36,0,never_instantiated,0,,,,,0,0,ProductView,CategoryView,9,0,never_instantiated,0,,,,,0,0,,,,,,,,,,,,,,,,,,,,,,,,,,,,,,,,,,,,
q05,1,13,1,1.06,,,73297,0,never_instantiated,0,,,,,0,0,,ProductView,36,0,never_instantiated,0,,,,,0,0,OrderItemView,,4301324,0,never_instantiated,0,,,,,0,0,OrderView,,800000,0,never_instantiated,0,,,,,0,0,TaxRecordView,AddressView,800000,0,never_instantiated,0,,,,,0,0,,,73297,0,never_instantiated,0,,,,,0,0,,CustomerView,800000,0,never_instantiated,0,,,,,0,0,TaxRecordView,AddressView,800000,0,never_instantiated,0,,,,,0,0,OrderView,,800000,0,never_instantiated,0,,,,,0,0,TaxRecordView,AddressView,800000,0,never_instantiated,0,,,,,0,0,,,,,,,,,,,,,,,,,,,,,,,,,,,,,,,,,,,,,,,,,,,,,,,,,,,,,,,,,,,,,,,,,,,,,,,,,,,,,,,,,,,,,,,,,,,,,,,,,,,,,,,,,,,,,,,,,,,,,,,,,,,,,,,,,,,,,,,,,,,,,,,,,,,,,,,,,,,,,,,,,,,,,,,,
q06,1,13,1,1.28,,,9,0,never_instantiated,0,,,,,0,0,,,36,0,never_instantiated,0,,,,,0,0,,,128389,0,never_instantiated,0,,,,,0,0,,OrderView,4283993,0,never_instantiated,0,,,,,0,0,OrderItemView,ProductView,36,0,never_instantiated,0,,,,,0,0,AddressView,,8,0,never_instantiated,0,,,,,0,0,ProductView,,36,0,never_instantiated,0,,,,,0,0,,CustomerView,800000,0,never_instantiated,0,,,,,0,0,,AddressView,800000,0,never_instantiated,0,,,,,0,0,,OrderView,4283993,0,never_instantiated,0,,,,,0,0,OrderItemView,ProductView,36,0,never_instantiated,0,,,,,0,0,ProductView,CategoryView,2,0,never_instantiated,0,,,,,0,0,,,,,,,,,,,,,,,,,,,,,,,,,,,,,,,,,,,,,,,,,,,,,,,,,,,,,,,,,,,,,,,,,,,,,,,,,,,,,,,,,,,,,,,,,,,,,,,,,,,,,,,,,,,,,,,,,,,,,,,,,,,,,,,,,,,,,,,,,,,,,,,,
q07,1,13,1,1.39,,,773859,0,never_instantiated,0,,,,,0,0,,,291451,0,never_instantiated,0,,,,,0,0,OrderItemView,,1021443,0,never_instantiated,0,,,,,0,0,,,486168,0,never_instantiated,0,,,,,0,0,OrderView,CustomerView,800000,0,never_instantiated,0,,,,,0,0,CreditCardView,,5,0,never_instantiated,0,,,,,0,0,,TaxRecordView,291451,0,never_instantiated,0,,,,,0,0,CustomerView,AddressView,800000,0,never_instantiated,0,,,,,0,0,,CategoryView,4,0,never_instantiated,0,,,,,0,0,,ProductView,36,0,never_instantiated,0,,,,,0,0,OrderItemView,,4301324,0,never_instantiated,0,,,,,0,0,OrderView,CustomerView,800000,0,never_instantiated,0,,,,,0,0,,,,,,,,,,,,,,,,,,,,,,,,,,,,,,,,,,,,,,,,,,,,,,,,,,,,,,,,,,,,,,,,,,,,,,,,,,,,,,,,,,,,,,,,,,,,,,,,,,,,,,,,,,,,,,,,,,,,,,,,,,,,,,,,,,,,,,,,,,,,,,,,
q08,1,13,1,5.65,,,1690745,0,never_instantiated,0,,,,,0,0,,,2039783,0,never_instantiated,0,,,,,0,0,,,1727854,0,never_instantiated,0,,,,,0,0,,ProductView,36,0,never_instantiated,0,,,,,0,0,,OrderItemView,12855283,0,never_instantiated,0,,,,,0,0,OrderView,CreditCardView,2039783,0,never_instantiated,0,,,,,0,0,,,2039783,0,never_instantiated,0,,,,,0,0,,,2039783,0,never_instantiated,0,,,,,0,0,CreditCardView,,1586092,0,never_instantiated,0,,,,,0,0,CreditCardView,OrderView,3214641,0,never_instantiated,0,,,,,0,0,OrderItemView,,4593116,0,never_instantiated,0,,,,,0,0,OrderView,CreditCardView,2039783,0,never_instantiated,0,,,,,0,0,,TaxRecordView,800000,0,never_instantiated,0,,,,,0,0,,AddressView,800000,0,never_instantiated,0,,,,,0,0,,CustomerView,800000,0,never_instantiated,0,,,,,0,0,OrderView,CreditCardView,2039783,0,never_instantiated,0,,,,,0,0,,CategoryView,9,0,never_instantiated,0,,,,,0,0,,ProductView,36,0,never_instantiated,0,,,,,0,0,OrderItemView,,4593116,0,never_instantiated,0,,,,,0,0,OrderView,CreditCardView,2039783,0,never_instantiated,0,,,,,0,0,,CategoryView,9,0,never_instantiated,0,,,,,0,0,,ProductView,35,0,never_instantiated,0,,,,,0,0,OrderItemView,,4593116,0,never_instantiated,0,,,,,0,0,OrderView,CreditCardView,2039783,0,never_instantiated,0,,,,,0,0
q01,1,14,1,0.61,OrderItemView,,4301324,0,never_instantiated,0,,,,,0,0,OrderView,,800000,0,never_instantiated,0,,,,,0,0,AddressView,CustomerView,800000,0,never_instantiated,0,,,,,0,0,,,,,,,,,,,,,,,,,,,,,,,,,,,,,,,,,,,,,,,,,,,,,,,,,,,,,,,,,,,,,,,,,,,,,,,,,,,,,,,,,,,,,,,,,,,,,,,,,,,,,,,,,,,,,,,,,,,,,,,,,,,,,,,,,,,,,,,,,,,,,,,,,,,,,,,,,,,,,,,,,,,,,,,,,,,,,,,,,,,,,,,,,,,,,,,,,,,,,,,,,,,,,,,,,,,,,,,,,,,,,,,,,,,,,,,,,,,,,,,,,,,,,,,,,,,,
q02,1,14,1,2.52,,,800000,0,never_instantiated,0,,,,,0,0,,,770796,0,never_instantiated,0,,,,,0,0,,,731189,0,never_instantiated,0,,,,,0,0,,,800000,0,never_instantiated,0,,,,,0,0,,,751547,0,never_instantiated,0,,,,,0,0,,,402948,0,never_instantiated,0,,,,,0,0,CreditCardView,CustomerView,800000,0,never_instantiated,0,,,,,0,0,,TaxRecordView,402948,0,never_instantiated,0,,,,,0,0,AddressView,CustomerView,800000,0,never_instantiated,0,,,,,0,0,,CategoryView,2,0,never_instantiated,0,,,,,0,0,,ProductView,36,0,never_instantiated,0,,,,,0,0,OrderItemView,,4301324,0,never_instantiated,0,,,,,0,0,OrderView,CustomerView,800000,0,never_instantiated,0,,,,,0,0,OrderView,CustomerView,800000,0,never_instantiated,0,,,,,0,0,OrderItemView,,1835997,0,never_instantiated,0,,,,,0,0,OrderView,CustomerView,800000,0,never_instantiated,0,,,,,0,0,,CategoryView,3,0,never_instantiated,0,,,,,0,0,,ProductView,36,0,never_instantiated,0,,,,,0,0,OrderItemView,,4301324,0,never_instantiated,0,,,,,0,0,OrderView,CustomerView,800000,0,never_instantiated,0,,,,,0,0,,CreditCardView,2039783,0,never_instantiated,0,,,,,0,0,OrderView,CustomerView,800000,0,never_instantiated,0,,,,,0,0,,,,,,,,,,,,,,,,,,,,,,,,
q03,1,14,1,1.27,,,800000,0,never_instantiated,0,,,,,0,0,,CategoryView,9,0,never_instantiated,0,,,,,0,0,,TaxRecordView,800000,0,never_instantiated,0,,,,,0,0,,AddressView,800000,0,never_instantiated,0,,,,,0,0,CustomerView,,3430857,0,never_instantiated,0,,,,,0,0,,ProductView,8,0,never_instantiated,0,,,,,0,0,,CreditCardView,1632147,0,never_instantiated,0,,,,,0,0,OrderItemView,OrderView,4283993,0,never_instantiated,0,,,,,0,0,CreditCardView,CustomerView,800000,0,never_instantiated,0,,,,,0,0,,,,,,,,,,,,,,,,,,,,,,,,,,,,,,,,,,,,,,,,,,,,,,,,,,,,,,,,,,,,,,,,,,,,,,,,,,,,,,,,,,,,,,,,,,,,,,,,,,,,,,,,,,,,,,,,,,,,,,,,,,,,,,,,,,,,,,,,,,,,,,,,,,,,,,,,,,,,,,,,,,,,,,,,,,,,,,,,,,,,
q04,1,14,1,4.24,,,9,0,never_instantiated,0,,,,,0,0,,,9,0,never_instantiated,0,,,,,0,0,,,9,0,never_instantiated,0,,,,,0,0,,,9,0,never_instantiated,0,,,,,0,0,,CreditCardView,2039783,0,never_instantiated,0,,,,,0,0,,OrderView,4283993,0,never_instantiated,0,,,,,0,0,OrderItemView,,36,0,never_instantiated,0,,,,,0,0,ProductView,CategoryView,9,0,never_instantiated,0,,,,,0,0,,TaxRecordView,800000,0,never_instantiated,0,,,,,0,0,,AddressView,800000,0,never_instantiated,0,,,,,0,0,,CustomerView,800000,0,never_instantiated,0,,,,,0,0,,OrderView,4283993,0,never_instantiated,0,,,,,0,0,OrderItemView,,36,0,never_instantiated,0,,,,,0,0,ProductView,CategoryView,9,0,never_instantiated,0,,,,,0,0,ProductView,CategoryView,9,0,never_instantiated,0,,,,,0,0,OrderItemView,,36,0,never_instantiated,0,,,,,0,0,ProductView,CategoryView,9,0,never_instantiated,0,,,,,0,0,,CreditCardView,2039783,0,never_instantiated,0,,,,,0,0,,OrderView,4283993,0,never_instantiated,0,,,,,0,0,OrderItemView,,36,0,never_instantiated,0,,,,,0,0,ProductView,CategoryView,9,0,never_instantiated,0,,,,,0,0,,,,,,,,,,,,,,,,,,,,,,,,,,,,,,,,,,,,
q05,1,14,1,1.06,,,73297,0,never_instantiated,0,,,,,0,0,,ProductView,36,0,never_instantiated,0,,,,,0,0,OrderItemView,,4301324,0,never_instantiated,0,,,,,0,0,OrderView,,800000,0,never_instantiated,0,,,,,0,0,TaxRecordView,AddressView,800000,0,never_instantiated,0,,,,,0,0,,,73297,0,never_instantiated,0,,,,,0,0,,CustomerView,800000,0,never_instantiated,0,,,,,0,0,TaxRecordView,AddressView,800000,0,never_instantiated,0,,,,,0,0,OrderView,,800000,0,never_instantiated,0,,,,,0,0,TaxRecordView,AddressView,800000,0,never_instantiated,0,,,,,0,0,,,,,,,,,,,,,,,,,,,,,,,,,,,,,,,,,,,,,,,,,,,,,,,,,,,,,,,,,,,,,,,,,,,,,,,,,,,,,,,,,,,,,,,,,,,,,,,,,,,,,,,,,,,,,,,,,,,,,,,,,,,,,,,,,,,,,,,,,,,,,,,,,,,,,,,,,,,,,,,,,,,,,,,,
q06,1,14,1,1.30,,,9,0,never_instantiated,0,,,,,0,0,,,36,0,never_instantiated,0,,,,,0,0,,,128389,0,never_instantiated,0,,,,,0,0,,OrderView,4283993,0,never_instantiated,0,,,,,0,0,OrderItemView,ProductView,36,0,never_instantiated,0,,,,,0,0,AddressView,,8,0,never_instantiated,0,,,,,0,0,ProductView,,36,0,never_instantiated,0,,,,,0,0,,CustomerView,800000,0,never_instantiated,0,,,,,0,0,,AddressView,800000,0,never_instantiated,0,,,,,0,0,,OrderView,4283993,0,never_instantiated,0,,,,,0,0,OrderItemView,ProductView,36,0,never_instantiated,0,,,,,0,0,ProductView,CategoryView,2,0,never_instantiated,0,,,,,0,0,,,,,,,,,,,,,,,,,,,,,,,,,,,,,,,,,,,,,,,,,,,,,,,,,,,,,,,,,,,,,,,,,,,,,,,,,,,,,,,,,,,,,,,,,,,,,,,,,,,,,,,,,,,,,,,,,,,,,,,,,,,,,,,,,,,,,,,,,,,,,,,,
q07,1,14,1,1.40,,,773859,0,never_instantiated,0,,,,,0,0,,,291451,0,never_instantiated,0,,,,,0,0,OrderItemView,,1021443,0,never_instantiated,0,,,,,0,0,,,486168,0,never_instantiated,0,,,,,0,0,OrderView,CustomerView,800000,0,never_instantiated,0,,,,,0,0,CreditCardView,,5,0,never_instantiated,0,,,,,0,0,,TaxRecordView,291451,0,never_instantiated,0,,,,,0,0,CustomerView,AddressView,800000,0,never_instantiated,0,,,,,0,0,,CategoryView,4,0,never_instantiated,0,,,,,0,0,,ProductView,36,0,never_instantiated,0,,,,,0,0,OrderItemView,,4301324,0,never_instantiated,0,,,,,0,0,OrderView,CustomerView,800000,0,never_instantiated,0,,,,,0,0,,,,,,,,,,,,,,,,,,,,,,,,,,,,,,,,,,,,,,,,,,,,,,,,,,,,,,,,,,,,,,,,,,,,,,,,,,,,,,,,,,,,,,,,,,,,,,,,,,,,,,,,,,,,,,,,,,,,,,,,,,,,,,,,,,,,,,,,,,,,,,,,
q08,1,14,1,5.56,,,1690745,0,never_instantiated,0,,,,,0,0,,,2039783,0,never_instantiated,0,,,,,0,0,,,1727854,0,never_instantiated,0,,,,,0,0,,ProductView,36,0,never_instantiated,0,,,,,0,0,,OrderItemView,12855283,0,never_instantiated,0,,,,,0,0,OrderView,CreditCardView,2039783,0,never_instantiated,0,,,,,0,0,,,2039783,0,never_instantiated,0,,,,,0,0,,,2039783,0,never_instantiated,0,,,,,0,0,CreditCardView,,1586092,0,never_instantiated,0,,,,,0,0,CreditCardView,OrderView,3214641,0,never_instantiated,0,,,,,0,0,OrderItemView,,4593116,0,never_instantiated,0,,,,,0,0,OrderView,CreditCardView,2039783,0,never_instantiated,0,,,,,0,0,,TaxRecordView,800000,0,never_instantiated,0,,,,,0,0,,AddressView,800000,0,never_instantiated,0,,,,,0,0,,CustomerView,800000,0,never_instantiated,0,,,,,0,0,OrderView,CreditCardView,2039783,0,never_instantiated,0,,,,,0,0,,CategoryView,9,0,never_instantiated,0,,,,,0,0,,ProductView,36,0,never_instantiated,0,,,,,0,0,OrderItemView,,4593116,0,never_instantiated,0,,,,,0,0,OrderView,CreditCardView,2039783,0,never_instantiated,0,,,,,0,0,,CategoryView,9,0,never_instantiated,0,,,,,0,0,,ProductView,35,0,never_instantiated,0,,,,,0,0,OrderItemView,,4593116,0,never_instantiated,0,,,,,0,0,OrderView,CreditCardView,2039783,0,never_instantiated,0,,,,,0,0
q01,1,15,1,0.61,OrderItemView,,4301324,0,never_instantiated,0,,,,,0,0,OrderView,,800000,0,never_instantiated,0,,,,,0,0,AddressView,CustomerView,800000,0,never_instantiated,0,,,,,0,0,,,,,,,,,,,,,,,,,,,,,,,,,,,,,,,,,,,,,,,,,,,,,,,,,,,,,,,,,,,,,,,,,,,,,,,,,,,,,,,,,,,,,,,,,,,,,,,,,,,,,,,,,,,,,,,,,,,,,,,,,,,,,,,,,,,,,,,,,,,,,,,,,,,,,,,,,,,,,,,,,,,,,,,,,,,,,,,,,,,,,,,,,,,,,,,,,,,,,,,,,,,,,,,,,,,,,,,,,,,,,,,,,,,,,,,,,,,,,,,,,,,,,,,,,,,,
q02,1,15,1,2.57,,,800000,0,never_instantiated,0,,,,,0,0,,,770796,0,never_instantiated,0,,,,,0,0,,,731189,0,never_instantiated,0,,,,,0,0,,,800000,0,never_instantiated,0,,,,,0,0,,,751547,0,never_instantiated,0,,,,,0,0,,,402948,0,never_instantiated,0,,,,,0,0,CreditCardView,CustomerView,800000,0,never_instantiated,0,,,,,0,0,,TaxRecordView,402948,0,never_instantiated,0,,,,,0,0,AddressView,CustomerView,800000,0,never_instantiated,0,,,,,0,0,,CategoryView,2,0,never_instantiated,0,,,,,0,0,,ProductView,36,0,never_instantiated,0,,,,,0,0,OrderItemView,,4301324,0,never_instantiated,0,,,,,0,0,OrderView,CustomerView,800000,0,never_instantiated,0,,,,,0,0,OrderView,CustomerView,800000,0,never_instantiated,0,,,,,0,0,OrderItemView,,1835997,0,never_instantiated,0,,,,,0,0,OrderView,CustomerView,800000,0,never_instantiated,0,,,,,0,0,,CategoryView,3,0,never_instantiated,0,,,,,0,0,,ProductView,36,0,never_instantiated,0,,,,,0,0,OrderItemView,,4301324,0,never_instantiated,0,,,,,0,0,OrderView,CustomerView,800000,0,never_instantiated,0,,,,,0,0,,CreditCardView,2039783,0,never_instantiated,0,,,,,0,0,OrderView,CustomerView,800000,0,never_instantiated,0,,,,,0,0,,,,,,,,,,,,,,,,,,,,,,,,
q03,1,15,1,1.27,,,800000,0,never_instantiated,0,,,,,0,0,,CategoryView,9,0,never_instantiated,0,,,,,0,0,,TaxRecordView,800000,0,never_instantiated,0,,,,,0,0,,AddressView,800000,0,never_instantiated,0,,,,,0,0,CustomerView,,3430857,0,never_instantiated,0,,,,,0,0,CreditCardView,,4287481,0,never_instantiated,0,,,,,0,0,,ProductView,8,0,never_instantiated,0,,,,,0,0,OrderItemView,OrderView,4283993,0,never_instantiated,0,,,,,0,0,CreditCardView,CustomerView,800000,0,never_instantiated,0,,,,,0,0,,,,,,,,,,,,,,,,,,,,,,,,,,,,,,,,,,,,,,,,,,,,,,,,,,,,,,,,,,,,,,,,,,,,,,,,,,,,,,,,,,,,,,,,,,,,,,,,,,,,,,,,,,,,,,,,,,,,,,,,,,,,,,,,,,,,,,,,,,,,,,,,,,,,,,,,,,,,,,,,,,,,,,,,,,,,,,,,,,,,
q04,1,15,1,4.26,,,9,0,never_instantiated,0,,,,,0,0,,,9,0,never_instantiated,0,,,,,0,0,,,9,0,never_instantiated,0,,,,,0,0,,,9,0,never_instantiated,0,,,,,0,0,,CreditCardView,2039783,0,never_instantiated,0,,,,,0,0,,OrderView,4283993,0,never_instantiated,0,,,,,0,0,OrderItemView,,36,0,never_instantiated,0,,,,,0,0,ProductView,CategoryView,9,0,never_instantiated,0,,,,,0,0,,TaxRecordView,800000,0,never_instantiated,0,,,,,0,0,,AddressView,800000,0,never_instantiated,0,,,,,0,0,,CustomerView,800000,0,never_instantiated,0,,,,,0,0,,OrderView,4283993,0,never_instantiated,0,,,,,0,0,OrderItemView,,36,0,never_instantiated,0,,,,,0,0,ProductView,CategoryView,9,0,never_instantiated,0,,,,,0,0,ProductView,CategoryView,9,0,never_instantiated,0,,,,,0,0,OrderItemView,,36,0,never_instantiated,0,,,,,0,0,ProductView,CategoryView,9,0,never_instantiated,0,,,,,0,0,,CreditCardView,2039783,0,never_instantiated,0,,,,,0,0,,OrderView,4283993,0,never_instantiated,0,,,,,0,0,OrderItemView,,36,0,never_instantiated,0,,,,,0,0,ProductView,CategoryView,9,0,never_instantiated,0,,,,,0,0,,,,,,,,,,,,,,,,,,,,,,,,,,,,,,,,,,,,
q05,1,15,1,1.05,,,73297,0,never_instantiated,0,,,,,0,0,,ProductView,36,0,never_instantiated,0,,,,,0,0,OrderItemView,,4301324,0,never_instantiated,0,,,,,0,0,OrderView,,800000,0,never_instantiated,0,,,,,0,0,TaxRecordView,AddressView,800000,0,never_instantiated,0,,,,,0,0,,,73297,0,never_instantiated,0,,,,,0,0,,CustomerView,800000,0,never_instantiated,0,,,,,0,0,TaxRecordView,AddressView,800000,0,never_instantiated,0,,,,,0,0,OrderView,,800000,0,never_instantiated,0,,,,,0,0,TaxRecordView,AddressView,800000,0,never_instantiated,0,,,,,0,0,,,,,,,,,,,,,,,,,,,,,,,,,,,,,,,,,,,,,,,,,,,,,,,,,,,,,,,,,,,,,,,,,,,,,,,,,,,,,,,,,,,,,,,,,,,,,,,,,,,,,,,,,,,,,,,,,,,,,,,,,,,,,,,,,,,,,,,,,,,,,,,,,,,,,,,,,,,,,,,,,,,,,,,,
q06,1,15,1,1.28,,,9,0,never_instantiated,0,,,,,0,0,,,36,0,never_instantiated,0,,,,,0,0,,,128389,0,never_instantiated,0,,,,,0,0,,OrderView,4283993,0,never_instantiated,0,,,,,0,0,OrderItemView,ProductView,36,0,never_instantiated,0,,,,,0,0,AddressView,,8,0,never_instantiated,0,,,,,0,0,ProductView,,36,0,never_instantiated,0,,,,,0,0,,CustomerView,800000,0,never_instantiated,0,,,,,0,0,,AddressView,800000,0,never_instantiated,0,,,,,0,0,,OrderView,4283993,0,never_instantiated,0,,,,,0,0,OrderItemView,ProductView,36,0,never_instantiated,0,,,,,0,0,ProductView,CategoryView,2,0,never_instantiated,0,,,,,0,0,,,,,,,,,,,,,,,,,,,,,,,,,,,,,,,,,,,,,,,,,,,,,,,,,,,,,,,,,,,,,,,,,,,,,,,,,,,,,,,,,,,,,,,,,,,,,,,,,,,,,,,,,,,,,,,,,,,,,,,,,,,,,,,,,,,,,,,,,,,,,,,,
q07,1,15,1,1.38,,,773859,0,never_instantiated,0,,,,,0,0,,,291451,0,never_instantiated,0,,,,,0,0,OrderItemView,,1021443,0,never_instantiated,0,,,,,0,0,,,486168,0,never_instantiated,0,,,,,0,0,OrderView,CustomerView,800000,0,never_instantiated,0,,,,,0,0,CreditCardView,,5,0,never_instantiated,0,,,,,0,0,,TaxRecordView,291451,0,never_instantiated,0,,,,,0,0,CustomerView,AddressView,800000,0,never_instantiated,0,,,,,0,0,,CategoryView,4,0,never_instantiated,0,,,,,0,0,,ProductView,36,0,never_instantiated,0,,,,,0,0,OrderItemView,,4301324,0,never_instantiated,0,,,,,0,0,OrderView,CustomerView,800000,0,never_instantiated,0,,,,,0,0,,,,,,,,,,,,,,,,,,,,,,,,,,,,,,,,,,,,,,,,,,,,,,,,,,,,,,,,,,,,,,,,,,,,,,,,,,,,,,,,,,,,,,,,,,,,,,,,,,,,,,,,,,,,,,,,,,,,,,,,,,,,,,,,,,,,,,,,,,,,,,,,
q08,1,15,1,5.66,,,1690745,0,never_instantiated,0,,,,,0,0,,,2039783,0,never_instantiated,0,,,,,0,0,,,1727854,0,never_instantiated,0,,,,,0,0,,ProductView,36,0,never_instantiated,0,,,,,0,0,,OrderItemView,12855283,0,never_instantiated,0,,,,,0,0,OrderView,CreditCardView,2039783,0,never_instantiated,0,,,,,0,0,,,2039783,0,never_instantiated,0,,,,,0,0,,,2039783,0,never_instantiated,0,,,,,0,0,CreditCardView,,1586092,0,never_instantiated,0,,,,,0,0,CreditCardView,OrderView,3214641,0,never_instantiated,0,,,,,0,0,OrderItemView,,4593116,0,never_instantiated,0,,,,,0,0,OrderView,CreditCardView,2039783,0,never_instantiated,0,,,,,0,0,,TaxRecordView,800000,0,never_instantiated,0,,,,,0,0,,AddressView,800000,0,never_instantiated,0,,,,,0,0,,CustomerView,800000,0,never_instantiated,0,,,,,0,0,OrderView,CreditCardView,2039783,0,never_instantiated,0,,,,,0,0,,CategoryView,9,0,never_instantiated,0,,,,,0,0,,ProductView,36,0,never_instantiated,0,,,,,0,0,OrderItemView,,4593116,0,never_instantiated,0,,,,,0,0,OrderView,CreditCardView,2039783,0,never_instantiated,0,,,,,0,0,,CategoryView,9,0,never_instantiated,0,,,,,0,0,,ProductView,35,0,never_instantiated,0,,,,,0,0,OrderItemView,,4593116,0,never_instantiated,0,,,,,0,0,OrderView,CreditCardView,2039783,0,never_instantiated,0,,,,,0,0
q01,1,16,1,0.61,OrderItemView,,4301324,0,never_instantiated,0,,,,,0,0,OrderView,,800000,0,never_instantiated,0,,,,,0,0,AddressView,CustomerView,800000,0,never_instantiated,0,,,,,0,0,,,,,,,,,,,,,,,,,,,,,,,,,,,,,,,,,,,,,,,,,,,,,,,,,,,,,,,,,,,,,,,,,,,,,,,,,,,,,,,,,,,,,,,,,,,,,,,,,,,,,,,,,,,,,,,,,,,,,,,,,,,,,,,,,,,,,,,,,,,,,,,,,,,,,,,,,,,,,,,,,,,,,,,,,,,,,,,,,,,,,,,,,,,,,,,,,,,,,,,,,,,,,,,,,,,,,,,,,,,,,,,,,,,,,,,,,,,,,,,,,,,,,,,,,,,,
q02,1,16,1,2.56,,,800000,0,never_instantiated,0,,,,,0,0,,,770796,0,never_instantiated,0,,,,,0,0,,,731189,0,never_instantiated,0,,,,,0,0,,,800000,0,never_instantiated,0,,,,,0,0,,,751547,0,never_instantiated,0,,,,,0,0,,,402948,0,never_instantiated,0,,,,,0,0,CreditCardView,CustomerView,800000,0,never_instantiated,0,,,,,0,0,,TaxRecordView,402948,0,never_instantiated,0,,,,,0,0,AddressView,CustomerView,800000,0,never_instantiated,0,,,,,0,0,,CategoryView,2,0,never_instantiated,0,,,,,0,0,,ProductView,36,0,never_instantiated,0,,,,,0,0,OrderItemView,,4301324,0,never_instantiated,0,,,,,0,0,OrderView,CustomerView,800000,0,never_instantiated,0,,,,,0,0,OrderView,CustomerView,800000,0,never_instantiated,0,,,,,0,0,OrderItemView,,1835997,0,never_instantiated,0,,,,,0,0,OrderView,CustomerView,800000,0,never_instantiated,0,,,,,0,0,,CategoryView,3,0,never_instantiated,0,,,,,0,0,,ProductView,36,0,never_instantiated,0,,,,,0,0,OrderItemView,,4301324,0,never_instantiated,0,,,,,0,0,OrderView,CustomerView,800000,0,never_instantiated,0,,,,,0,0,,CreditCardView,2039783,0,never_instantiated,0,,,,,0,0,OrderView,CustomerView,800000,0,never_instantiated,0,,,,,0,0,,,,,,,,,,,,,,,,,,,,,,,,
q03,1,16,1,1.29,,,800000,0,never_instantiated,0,,,,,0,0,,CategoryView,9,0,never_instantiated,0,,,,,0,0,,TaxRecordView,800000,0,never_instantiated,0,,,,,0,0,,AddressView,800000,0,never_instantiated,0,,,,,0,0,CustomerView,,3430857,0,never_instantiated,0,,,,,0,0,,ProductView,8,0,never_instantiated,0,,,,,0,0,,CreditCardView,1632147,0,never_instantiated,0,,,,,0,0,OrderItemView,OrderView,4283993,0,never_instantiated,0,,,,,0,0,CreditCardView,CustomerView,800000,0,never_instantiated,0,,,,,0,0,,,,,,,,,,,,,,,,,,,,,,,,,,,,,,,,,,,,,,,,,,,,,,,,,,,,,,,,,,,,,,,,,,,,,,,,,,,,,,,,,,,,,,,,,,,,,,,,,,,,,,,,,,,,,,,,,,,,,,,,,,,,,,,,,,,,,,,,,,,,,,,,,,,,,,,,,,,,,,,,,,,,,,,,,,,,,,,,,,,,
q04,1,16,1,4.21,,,9,0,never_instantiated,0,,,,,0,0,,,9,0,never_instantiated,0,,,,,0,0,,,9,0,never_instantiated,0,,,,,0,0,,,9,0,never_instantiated,0,,,,,0,0,,CreditCardView,2039783,0,never_instantiated,0,,,,,0,0,,OrderView,4283993,0,never_instantiated,0,,,,,0,0,OrderItemView,,36,0,never_instantiated,0,,,,,0,0,ProductView,CategoryView,9,0,never_instantiated,0,,,,,0,0,,TaxRecordView,800000,0,never_instantiated,0,,,,,0,0,,AddressView,800000,0,never_instantiated,0,,,,,0,0,,CustomerView,800000,0,never_instantiated,0,,,,,0,0,,OrderView,4283993,0,never_instantiated,0,,,,,0,0,OrderItemView,,36,0,never_instantiated,0,,,,,0,0,ProductView,CategoryView,9,0,never_instantiated,0,,,,,0,0,ProductView,CategoryView,9,0,never_instantiated,0,,,,,0,0,OrderItemView,,36,0,never_instantiated,0,,,,,0,0,ProductView,CategoryView,9,0,never_instantiated,0,,,,,0,0,,CreditCardView,2039783,0,never_instantiated,0,,,,,0,0,,OrderView,4283993,0,never_instantiated,0,,,,,0,0,OrderItemView,,36,0,never_instantiated,0,,,,,0,0,ProductView,CategoryView,9,0,never_instantiated,0,,,,,0,0,,,,,,,,,,,,,,,,,,,,,,,,,,,,,,,,,,,,
q05,1,16,1,1.08,,,73297,0,never_instantiated,0,,,,,0,0,,ProductView,36,0,never_instantiated,0,,,,,0,0,OrderItemView,,4301324,0,never_instantiated,0,,,,,0,0,OrderView,,800000,0,never_instantiated,0,,,,,0,0,TaxRecordView,AddressView,800000,0,never_instantiated,0,,,,,0,0,,,73297,0,never_instantiated,0,,,,,0,0,,CustomerView,800000,0,never_instantiated,0,,,,,0,0,TaxRecordView,AddressView,800000,0,never_instantiated,0,,,,,0,0,OrderView,,800000,0,never_instantiated,0,,,,,0,0,TaxRecordView,AddressView,800000,0,never_instantiated,0,,,,,0,0,,,,,,,,,,,,,,,,,,,,,,,,,,,,,,,,,,,,,,,,,,,,,,,,,,,,,,,,,,,,,,,,,,,,,,,,,,,,,,,,,,,,,,,,,,,,,,,,,,,,,,,,,,,,,,,,,,,,,,,,,,,,,,,,,,,,,,,,,,,,,,,,,,,,,,,,,,,,,,,,,,,,,,,,
q06,1,16,1,1.25,,,9,0,never_instantiated,0,,,,,0,0,,,36,0,never_instantiated,0,,,,,0,0,,,128389,0,never_instantiated,0,,,,,0,0,,OrderView,4283993,0,never_instantiated,0,,,,,0,0,OrderItemView,ProductView,36,0,never_instantiated,0,,,,,0,0,AddressView,,8,0,never_instantiated,0,,,,,0,0,ProductView,,36,0,never_instantiated,0,,,,,0,0,,CustomerView,800000,0,never_instantiated,0,,,,,0,0,,AddressView,800000,0,never_instantiated,0,,,,,0,0,,OrderView,4283993,0,never_instantiated,0,,,,,0,0,OrderItemView,ProductView,36,0,never_instantiated,0,,,,,0,0,ProductView,CategoryView,2,0,never_instantiated,0,,,,,0,0,,,,,,,,,,,,,,,,,,,,,,,,,,,,,,,,,,,,,,,,,,,,,,,,,,,,,,,,,,,,,,,,,,,,,,,,,,,,,,,,,,,,,,,,,,,,,,,,,,,,,,,,,,,,,,,,,,,,,,,,,,,,,,,,,,,,,,,,,,,,,,,,
q07,1,16,1,1.41,,,773859,0,never_instantiated,0,,,,,0,0,,,291451,0,never_instantiated,0,,,,,0,0,OrderItemView,,1021443,0,never_instantiated,0,,,,,0,0,,,486168,0,never_instantiated,0,,,,,0,0,OrderView,CustomerView,800000,0,never_instantiated,0,,,,,0,0,CreditCardView,,5,0,never_instantiated,0,,,,,0,0,,TaxRecordView,291451,0,never_instantiated,0,,,,,0,0,CustomerView,AddressView,800000,0,never_instantiated,0,,,,,0,0,,CategoryView,4,0,never_instantiated,0,,,,,0,0,,ProductView,36,0,never_instantiated,0,,,,,0,0,OrderItemView,,4301324,0,never_instantiated,0,,,,,0,0,OrderView,CustomerView,800000,0,never_instantiated,0,,,,,0,0,,,,,,,,,,,,,,,,,,,,,,,,,,,,,,,,,,,,,,,,,,,,,,,,,,,,,,,,,,,,,,,,,,,,,,,,,,,,,,,,,,,,,,,,,,,,,,,,,,,,,,,,,,,,,,,,,,,,,,,,,,,,,,,,,,,,,,,,,,,,,,,,
q08,1,16,1,5.63,,,1690745,0,never_instantiated,0,,,,,0,0,,,2039783,0,never_instantiated,0,,,,,0,0,,,1727854,0,never_instantiated,0,,,,,0,0,,ProductView,36,0,never_instantiated,0,,,,,0,0,,OrderItemView,12855283,0,never_instantiated,0,,,,,0,0,OrderView,CreditCardView,2039783,0,never_instantiated,0,,,,,0,0,,,2039783,0,never_instantiated,0,,,,,0,0,,,2039783,0,never_instantiated,0,,,,,0,0,CreditCardView,,1586092,0,never_instantiated,0,,,,,0,0,CreditCardView,OrderView,3214641,0,never_instantiated,0,,,,,0,0,OrderItemView,,4593116,0,never_instantiated,0,,,,,0,0,OrderView,CreditCardView,2039783,0,never_instantiated,0,,,,,0,0,,TaxRecordView,800000,0,never_instantiated,0,,,,,0,0,,AddressView,800000,0,never_instantiated,0,,,,,0,0,,CustomerView,800000,0,never_instantiated,0,,,,,0,0,OrderView,CreditCardView,2039783,0,never_instantiated,0,,,,,0,0,,CategoryView,9,0,never_instantiated,0,,,,,0,0,,ProductView,36,0,never_instantiated,0,,,,,0,0,OrderItemView,,4593116,0,never_instantiated,0,,,,,0,0,OrderView,CreditCardView,2039783,0,never_instantiated,0,,,,,0,0,,CategoryView,9,0,never_instantiated,0,,,,,0,0,,ProductView,35,0,never_instantiated,0,,,,,0,0,OrderItemView,,4593116,0,never_instantiated,0,,,,,0,0,OrderView,CreditCardView,2039783,0,never_instantiated,0,,,,,0,0
q01,1,17,1,0.60,OrderItemView,,4301324,0,never_instantiated,0,,,,,0,0,OrderView,,800000,0,never_instantiated,0,,,,,0,0,AddressView,CustomerView,800000,0,never_instantiated,0,,,,,0,0,,,,,,,,,,,,,,,,,,,,,,,,,,,,,,,,,,,,,,,,,,,,,,,,,,,,,,,,,,,,,,,,,,,,,,,,,,,,,,,,,,,,,,,,,,,,,,,,,,,,,,,,,,,,,,,,,,,,,,,,,,,,,,,,,,,,,,,,,,,,,,,,,,,,,,,,,,,,,,,,,,,,,,,,,,,,,,,,,,,,,,,,,,,,,,,,,,,,,,,,,,,,,,,,,,,,,,,,,,,,,,,,,,,,,,,,,,,,,,,,,,,,,,,,,,,,
q02,1,17,1,2.56,,,800000,0,never_instantiated,0,,,,,0,0,,,770796,0,never_instantiated,0,,,,,0,0,,,731189,0,never_instantiated,0,,,,,0,0,,,800000,0,never_instantiated,0,,,,,0,0,,,751547,0,never_instantiated,0,,,,,0,0,,,402948,0,never_instantiated,0,,,,,0,0,CreditCardView,CustomerView,800000,0,never_instantiated,0,,,,,0,0,,TaxRecordView,402948,0,never_instantiated,0,,,,,0,0,AddressView,CustomerView,800000,0,never_instantiated,0,,,,,0,0,,CategoryView,2,0,never_instantiated,0,,,,,0,0,,ProductView,36,0,never_instantiated,0,,,,,0,0,OrderItemView,,4301324,0,never_instantiated,0,,,,,0,0,OrderView,CustomerView,800000,0,never_instantiated,0,,,,,0,0,OrderView,CustomerView,800000,0,never_instantiated,0,,,,,0,0,OrderItemView,,1835997,0,never_instantiated,0,,,,,0,0,OrderView,CustomerView,800000,0,never_instantiated,0,,,,,0,0,,CategoryView,3,0,never_instantiated,0,,,,,0,0,,ProductView,36,0,never_instantiated,0,,,,,0,0,OrderItemView,,4301324,0,never_instantiated,0,,,,,0,0,OrderView,CustomerView,800000,0,never_instantiated,0,,,,,0,0,,CreditCardView,2039783,0,never_instantiated,0,,,,,0,0,OrderView,CustomerView,800000,0,never_instantiated,0,,,,,0,0,,,,,,,,,,,,,,,,,,,,,,,,
q03,1,17,1,1.29,,,800000,0,never_instantiated,0,,,,,0,0,,CategoryView,9,0,never_instantiated,0,,,,,0,0,,TaxRecordView,800000,0,never_instantiated,0,,,,,0,0,,AddressView,800000,0,never_instantiated,0,,,,,0,0,CustomerView,,3430857,0,never_instantiated,0,,,,,0,0,CreditCardView,,4287481,0,never_instantiated,0,,,,,0,0,,ProductView,8,0,never_instantiated,0,,,,,0,0,OrderItemView,OrderView,4283993,0,never_instantiated,0,,,,,0,0,CreditCardView,CustomerView,800000,0,never_instantiated,0,,,,,0,0,,,,,,,,,,,,,,,,,,,,,,,,,,,,,,,,,,,,,,,,,,,,,,,,,,,,,,,,,,,,,,,,,,,,,,,,,,,,,,,,,,,,,,,,,,,,,,,,,,,,,,,,,,,,,,,,,,,,,,,,,,,,,,,,,,,,,,,,,,,,,,,,,,,,,,,,,,,,,,,,,,,,,,,,,,,,,,,,,,,,
q04,1,17,1,4.30,,,9,0,never_instantiated,0,,,,,0,0,,,9,0,never_instantiated,0,,,,,0,0,,,9,0,never_instantiated,0,,,,,0,0,,,9,0,never_instantiated,0,,,,,0,0,,CreditCardView,2039783,0,never_instantiated,0,,,,,0,0,,OrderView,4283993,0,never_instantiated,0,,,,,0,0,OrderItemView,,36,0,never_instantiated,0,,,,,0,0,ProductView,CategoryView,9,0,never_instantiated,0,,,,,0,0,,TaxRecordView,800000,0,never_instantiated,0,,,,,0,0,,AddressView,800000,0,never_instantiated,0,,,,,0,0,,CustomerView,800000,0,never_instantiated,0,,,,,0,0,,OrderView,4283993,0,never_instantiated,0,,,,,0,0,OrderItemView,,36,0,never_instantiated,0,,,,,0,0,ProductView,CategoryView,9,0,never_instantiated,0,,,,,0,0,ProductView,CategoryView,9,0,never_instantiated,0,,,,,0,0,OrderItemView,,36,0,never_instantiated,0,,,,,0,0,ProductView,CategoryView,9,0,never_instantiated,0,,,,,0,0,,CreditCardView,2039783,0,never_instantiated,0,,,,,0,0,,OrderView,4283993,0,never_instantiated,0,,,,,0,0,OrderItemView,,36,0,never_instantiated,0,,,,,0,0,ProductView,CategoryView,9,0,never_instantiated,0,,,,,0,0,,,,,,,,,,,,,,,,,,,,,,,,,,,,,,,,,,,,
q05,1,17,1,1.07,,,73297,0,never_instantiated,0,,,,,0,0,,ProductView,36,0,never_instantiated,0,,,,,0,0,OrderItemView,,4301324,0,never_instantiated,0,,,,,0,0,OrderView,,800000,0,never_instantiated,0,,,,,0,0,TaxRecordView,AddressView,800000,0,never_instantiated,0,,,,,0,0,,,73297,0,never_instantiated,0,,,,,0,0,,CustomerView,800000,0,never_instantiated,0,,,,,0,0,TaxRecordView,AddressView,800000,0,never_instantiated,0,,,,,0,0,OrderView,,800000,0,never_instantiated,0,,,,,0,0,TaxRecordView,AddressView,800000,0,never_instantiated,0,,,,,0,0,,,,,,,,,,,,,,,,,,,,,,,,,,,,,,,,,,,,,,,,,,,,,,,,,,,,,,,,,,,,,,,,,,,,,,,,,,,,,,,,,,,,,,,,,,,,,,,,,,,,,,,,,,,,,,,,,,,,,,,,,,,,,,,,,,,,,,,,,,,,,,,,,,,,,,,,,,,,,,,,,,,,,,,,
q06,1,17,1,1.30,,,9,0,never_instantiated,0,,,,,0,0,,,36,0,never_instantiated,0,,,,,0,0,,,128389,0,never_instantiated,0,,,,,0,0,,OrderView,4283993,0,never_instantiated,0,,,,,0,0,OrderItemView,ProductView,36,0,never_instantiated,0,,,,,0,0,AddressView,,8,0,never_instantiated,0,,,,,0,0,ProductView,,36,0,never_instantiated,0,,,,,0,0,,CustomerView,800000,0,never_instantiated,0,,,,,0,0,,AddressView,800000,0,never_instantiated,0,,,,,0,0,,OrderView,4283993,0,never_instantiated,0,,,,,0,0,OrderItemView,ProductView,36,0,never_instantiated,0,,,,,0,0,ProductView,CategoryView,2,0,never_instantiated,0,,,,,0,0,,,,,,,,,,,,,,,,,,,,,,,,,,,,,,,,,,,,,,,,,,,,,,,,,,,,,,,,,,,,,,,,,,,,,,,,,,,,,,,,,,,,,,,,,,,,,,,,,,,,,,,,,,,,,,,,,,,,,,,,,,,,,,,,,,,,,,,,,,,,,,,,
q07,1,17,1,1.40,,,773859,0,never_instantiated,0,,,,,0,0,,,291451,0,never_instantiated,0,,,,,0,0,OrderItemView,,1021443,0,never_instantiated,0,,,,,0,0,,,486168,0,never_instantiated,0,,,,,0,0,OrderView,CustomerView,800000,0,never_instantiated,0,,,,,0,0,CreditCardView,,5,0,never_instantiated,0,,,,,0,0,,TaxRecordView,291451,0,never_instantiated,0,,,,,0,0,CustomerView,AddressView,800000,0,never_instantiated,0,,,,,0,0,,CategoryView,4,0,never_instantiated,0,,,,,0,0,,ProductView,36,0,never_instantiated,0,,,,,0,0,OrderItemView,,4301324,0,never_instantiated,0,,,,,0,0,OrderView,CustomerView,800000,0,never_instantiated,0,,,,,0,0,,,,,,,,,,,,,,,,,,,,,,,,,,,,,,,,,,,,,,,,,,,,,,,,,,,,,,,,,,,,,,,,,,,,,,,,,,,,,,,,,,,,,,,,,,,,,,,,,,,,,,,,,,,,,,,,,,,,,,,,,,,,,,,,,,,,,,,,,,,,,,,,
q08,1,17,1,5.71,,,1690745,0,never_instantiated,0,,,,,0,0,,,2039783,0,never_instantiated,0,,,,,0,0,,,1727854,0,never_instantiated,0,,,,,0,0,,ProductView,36,0,never_instantiated,0,,,,,0,0,,OrderItemView,12855283,0,never_instantiated,0,,,,,0,0,OrderView,CreditCardView,2039783,0,never_instantiated,0,,,,,0,0,,,2039783,0,never_instantiated,0,,,,,0,0,,,2039783,0,never_instantiated,0,,,,,0,0,CreditCardView,,1586092,0,never_instantiated,0,,,,,0,0,CreditCardView,OrderView,3214641,0,never_instantiated,0,,,,,0,0,OrderItemView,,4593116,0,never_instantiated,0,,,,,0,0,OrderView,CreditCardView,2039783,0,never_instantiated,0,,,,,0,0,,TaxRecordView,800000,0,never_instantiated,0,,,,,0,0,,AddressView,800000,0,never_instantiated,0,,,,,0,0,,CustomerView,800000,0,never_instantiated,0,,,,,0,0,OrderView,CreditCardView,2039783,0,never_instantiated,0,,,,,0,0,,CategoryView,9,0,never_instantiated,0,,,,,0,0,,ProductView,36,0,never_instantiated,0,,,,,0,0,OrderItemView,,4593116,0,never_instantiated,0,,,,,0,0,OrderView,CreditCardView,2039783,0,never_instantiated,0,,,,,0,0,,CategoryView,9,0,never_instantiated,0,,,,,0,0,,ProductView,35,0,never_instantiated,0,,,,,0,0,OrderItemView,,4593116,0,never_instantiated,0,,,,,0,0,OrderView,CreditCardView,2039783,0,never_instantiated,0,,,,,0,0
q01,1,18,1,0.60,OrderItemView,,4301324,0,never_instantiated,0,,,,,0,0,OrderView,,800000,0,never_instantiated,0,,,,,0,0,AddressView,CustomerView,800000,0,never_instantiated,0,,,,,0,0,,,,,,,,,,,,,,,,,,,,,,,,,,,,,,,,,,,,,,,,,,,,,,,,,,,,,,,,,,,,,,,,,,,,,,,,,,,,,,,,,,,,,,,,,,,,,,,,,,,,,,,,,,,,,,,,,,,,,,,,,,,,,,,,,,,,,,,,,,,,,,,,,,,,,,,,,,,,,,,,,,,,,,,,,,,,,,,,,,,,,,,,,,,,,,,,,,,,,,,,,,,,,,,,,,,,,,,,,,,,,,,,,,,,,,,,,,,,,,,,,,,,,,,,,,,,
q02,1,18,1,2.50,,,800000,0,never_instantiated,0,,,,,0,0,,,770796,0,never_instantiated,0,,,,,0,0,,,731189,0,never_instantiated,0,,,,,0,0,,,800000,0,never_instantiated,0,,,,,0,0,,,751547,0,never_instantiated,0,,,,,0,0,,,402948,0,never_instantiated,0,,,,,0,0,CreditCardView,CustomerView,800000,0,never_instantiated,0,,,,,0,0,,TaxRecordView,402948,0,never_instantiated,0,,,,,0,0,AddressView,CustomerView,800000,0,never_instantiated,0,,,,,0,0,,CategoryView,2,0,never_instantiated,0,,,,,0,0,,ProductView,36,0,never_instantiated,0,,,,,0,0,OrderItemView,,4301324,0,never_instantiated,0,,,,,0,0,OrderView,CustomerView,800000,0,never_instantiated,0,,,,,0,0,OrderView,CustomerView,800000,0,never_instantiated,0,,,,,0,0,OrderItemView,,1835997,0,never_instantiated,0,,,,,0,0,OrderView,CustomerView,800000,0,never_instantiated,0,,,,,0,0,,CategoryView,3,0,never_instantiated,0,,,,,0,0,,ProductView,36,0,never_instantiated,0,,,,,0,0,OrderItemView,,4301324,0,never_instantiated,0,,,,,0,0,OrderView,CustomerView,800000,0,never_instantiated,0,,,,,0,0,,CreditCardView,2039783,0,never_instantiated,0,,,,,0,0,OrderView,CustomerView,800000,0,never_instantiated,0,,,,,0,0,,,,,,,,,,,,,,,,,,,,,,,,
q03,1,18,1,1.29,,,800000,0,never_instantiated,0,,,,,0,0,,CategoryView,9,0,never_instantiated,0,,,,,0,0,,TaxRecordView,800000,0,never_instantiated,0,,,,,0,0,,AddressView,800000,0,never_instantiated,0,,,,,0,0,CustomerView,,3430857,0,never_instantiated,0,,,,,0,0,CreditCardView,,4287481,0,never_instantiated,0,,,,,0,0,,ProductView,8,0,never_instantiated,0,,,,,0,0,OrderItemView,OrderView,4283993,0,never_instantiated,0,,,,,0,0,CreditCardView,CustomerView,800000,0,never_instantiated,0,,,,,0,0,,,,,,,,,,,,,,,,,,,,,,,,,,,,,,,,,,,,,,,,,,,,,,,,,,,,,,,,,,,,,,,,,,,,,,,,,,,,,,,,,,,,,,,,,,,,,,,,,,,,,,,,,,,,,,,,,,,,,,,,,,,,,,,,,,,,,,,,,,,,,,,,,,,,,,,,,,,,,,,,,,,,,,,,,,,,,,,,,,,,
q04,1,18,1,4.28,,,9,0,never_instantiated,0,,,,,0,0,,,9,0,never_instantiated,0,,,,,0,0,,,9,0,never_instantiated,0,,,,,0,0,,,9,0,never_instantiated,0,,,,,0,0,,CreditCardView,2039783,0,never_instantiated,0,,,,,0,0,,OrderView,4283993,0,never_instantiated,0,,,,,0,0,OrderItemView,,36,0,never_instantiated,0,,,,,0,0,ProductView,CategoryView,9,0,never_instantiated,0,,,,,0,0,,TaxRecordView,800000,0,never_instantiated,0,,,,,0,0,,AddressView,800000,0,never_instantiated,0,,,,,0,0,,CustomerView,800000,0,never_instantiated,0,,,,,0,0,,OrderView,4283993,0,never_instantiated,0,,,,,0,0,OrderItemView,,36,0,never_instantiated,0,,,,,0,0,ProductView,CategoryView,9,0,never_instantiated,0,,,,,0,0,ProductView,CategoryView,9,0,never_instantiated,0,,,,,0,0,OrderItemView,,36,0,never_instantiated,0,,,,,0,0,ProductView,CategoryView,9,0,never_instantiated,0,,,,,0,0,,CreditCardView,2039783,0,never_instantiated,0,,,,,0,0,,OrderView,4283993,0,never_instantiated,0,,,,,0,0,OrderItemView,,36,0,never_instantiated,0,,,,,0,0,ProductView,CategoryView,9,0,never_instantiated,0,,,,,0,0,,,,,,,,,,,,,,,,,,,,,,,,,,,,,,,,,,,,
q05,1,18,1,1.05,,,73297,0,never_instantiated,0,,,,,0,0,,ProductView,36,0,never_instantiated,0,,,,,0,0,OrderItemView,,4301324,0,never_instantiated,0,,,,,0,0,OrderView,,800000,0,never_instantiated,0,,,,,0,0,TaxRecordView,AddressView,800000,0,never_instantiated,0,,,,,0,0,,,73297,0,never_instantiated,0,,,,,0,0,,CustomerView,800000,0,never_instantiated,0,,,,,0,0,TaxRecordView,AddressView,800000,0,never_instantiated,0,,,,,0,0,OrderView,,800000,0,never_instantiated,0,,,,,0,0,TaxRecordView,AddressView,800000,0,never_instantiated,0,,,,,0,0,,,,,,,,,,,,,,,,,,,,,,,,,,,,,,,,,,,,,,,,,,,,,,,,,,,,,,,,,,,,,,,,,,,,,,,,,,,,,,,,,,,,,,,,,,,,,,,,,,,,,,,,,,,,,,,,,,,,,,,,,,,,,,,,,,,,,,,,,,,,,,,,,,,,,,,,,,,,,,,,,,,,,,,,
q06,1,18,1,1.29,,,9,0,never_instantiated,0,,,,,0,0,,,36,0,never_instantiated,0,,,,,0,0,,,128389,0,never_instantiated,0,,,,,0,0,,OrderView,4283993,0,never_instantiated,0,,,,,0,0,OrderItemView,ProductView,36,0,never_instantiated,0,,,,,0,0,AddressView,,8,0,never_instantiated,0,,,,,0,0,ProductView,,36,0,never_instantiated,0,,,,,0,0,,CustomerView,800000,0,never_instantiated,0,,,,,0,0,,AddressView,800000,0,never_instantiated,0,,,,,0,0,,OrderView,4283993,0,never_instantiated,0,,,,,0,0,OrderItemView,ProductView,36,0,never_instantiated,0,,,,,0,0,ProductView,CategoryView,2,0,never_instantiated,0,,,,,0,0,,,,,,,,,,,,,,,,,,,,,,,,,,,,,,,,,,,,,,,,,,,,,,,,,,,,,,,,,,,,,,,,,,,,,,,,,,,,,,,,,,,,,,,,,,,,,,,,,,,,,,,,,,,,,,,,,,,,,,,,,,,,,,,,,,,,,,,,,,,,,,,,
q07,1,18,1,1.41,,,773859,0,never_instantiated,0,,,,,0,0,,,291451,0,never_instantiated,0,,,,,0,0,OrderItemView,,1021443,0,never_instantiated,0,,,,,0,0,,,486168,0,never_instantiated,0,,,,,0,0,OrderView,CustomerView,800000,0,never_instantiated,0,,,,,0,0,CreditCardView,,5,0,never_instantiated,0,,,,,0,0,,TaxRecordView,291451,0,never_instantiated,0,,,,,0,0,CustomerView,AddressView,800000,0,never_instantiated,0,,,,,0,0,,CategoryView,4,0,never_instantiated,0,,,,,0,0,,ProductView,36,0,never_instantiated,0,,,,,0,0,OrderItemView,,4301324,0,never_instantiated,0,,,,,0,0,OrderView,CustomerView,800000,0,never_instantiated,0,,,,,0,0,,,,,,,,,,,,,,,,,,,,,,,,,,,,,,,,,,,,,,,,,,,,,,,,,,,,,,,,,,,,,,,,,,,,,,,,,,,,,,,,,,,,,,,,,,,,,,,,,,,,,,,,,,,,,,,,,,,,,,,,,,,,,,,,,,,,,,,,,,,,,,,,
q08,1,18,1,5.70,,,1690745,0,never_instantiated,0,,,,,0,0,,,2039783,0,never_instantiated,0,,,,,0,0,,,1727854,0,never_instantiated,0,,,,,0,0,,ProductView,36,0,never_instantiated,0,,,,,0,0,,OrderItemView,12855283,0,never_instantiated,0,,,,,0,0,OrderView,CreditCardView,2039783,0,never_instantiated,0,,,,,0,0,,,2039783,0,never_instantiated,0,,,,,0,0,,,2039783,0,never_instantiated,0,,,,,0,0,CreditCardView,,1586092,0,never_instantiated,0,,,,,0,0,CreditCardView,OrderView,3214641,0,never_instantiated,0,,,,,0,0,OrderItemView,,4593116,0,never_instantiated,0,,,,,0,0,OrderView,CreditCardView,2039783,0,never_instantiated,0,,,,,0,0,,TaxRecordView,800000,0,never_instantiated,0,,,,,0,0,,AddressView,800000,0,never_instantiated,0,,,,,0,0,,CustomerView,800000,0,never_instantiated,0,,,,,0,0,OrderView,CreditCardView,2039783,0,never_instantiated,0,,,,,0,0,,CategoryView,9,0,never_instantiated,0,,,,,0,0,,ProductView,36,0,never_instantiated,0,,,,,0,0,OrderItemView,,4593116,0,never_instantiated,0,,,,,0,0,OrderView,CreditCardView,2039783,0,never_instantiated,0,,,,,0,0,,CategoryView,9,0,never_instantiated,0,,,,,0,0,,ProductView,35,0,never_instantiated,0,,,,,0,0,OrderItemView,,4593116,0,never_instantiated,0,,,,,0,0,OrderView,CreditCardView,2039783,0,never_instantiated,0,,,,,0,0
q01,1,19,1,0.62,OrderItemView,,4301324,0,never_instantiated,0,,,,,0,0,OrderView,,800000,0,never_instantiated,0,,,,,0,0,AddressView,CustomerView,800000,0,never_instantiated,0,,,,,0,0,,,,,,,,,,,,,,,,,,,,,,,,,,,,,,,,,,,,,,,,,,,,,,,,,,,,,,,,,,,,,,,,,,,,,,,,,,,,,,,,,,,,,,,,,,,,,,,,,,,,,,,,,,,,,,,,,,,,,,,,,,,,,,,,,,,,,,,,,,,,,,,,,,,,,,,,,,,,,,,,,,,,,,,,,,,,,,,,,,,,,,,,,,,,,,,,,,,,,,,,,,,,,,,,,,,,,,,,,,,,,,,,,,,,,,,,,,,,,,,,,,,,,,,,,,,,
q02,1,19,1,2.53,,,800000,0,never_instantiated,0,,,,,0,0,,,770796,0,never_instantiated,0,,,,,0,0,,,731189,0,never_instantiated,0,,,,,0,0,,,800000,0,never_instantiated,0,,,,,0,0,,,751547,0,never_instantiated,0,,,,,0,0,,,402948,0,never_instantiated,0,,,,,0,0,CreditCardView,CustomerView,800000,0,never_instantiated,0,,,,,0,0,,TaxRecordView,402948,0,never_instantiated,0,,,,,0,0,AddressView,CustomerView,800000,0,never_instantiated,0,,,,,0,0,,CategoryView,2,0,never_instantiated,0,,,,,0,0,,ProductView,36,0,never_instantiated,0,,,,,0,0,OrderItemView,,4301324,0,never_instantiated,0,,,,,0,0,OrderView,CustomerView,800000,0,never_instantiated,0,,,,,0,0,OrderView,CustomerView,800000,0,never_instantiated,0,,,,,0,0,OrderItemView,,1835997,0,never_instantiated,0,,,,,0,0,OrderView,CustomerView,800000,0,never_instantiated,0,,,,,0,0,,CategoryView,3,0,never_instantiated,0,,,,,0,0,,ProductView,36,0,never_instantiated,0,,,,,0,0,OrderItemView,,4301324,0,never_instantiated,0,,,,,0,0,OrderView,CustomerView,800000,0,never_instantiated,0,,,,,0,0,,CreditCardView,2039783,0,never_instantiated,0,,,,,0,0,OrderView,CustomerView,800000,0,never_instantiated,0,,,,,0,0,,,,,,,,,,,,,,,,,,,,,,,,
q03,1,19,1,1.27,,,800000,0,never_instantiated,0,,,,,0,0,,CategoryView,9,0,never_instantiated,0,,,,,0,0,,TaxRecordView,800000,0,never_instantiated,0,,,,,0,0,,AddressView,800000,0,never_instantiated,0,,,,,0,0,CustomerView,,3430857,0,never_instantiated,0,,,,,0,0,CreditCardView,,4287481,0,never_instantiated,0,,,,,0,0,,ProductView,8,0,never_instantiated,0,,,,,0,0,OrderItemView,OrderView,4283993,0,never_instantiated,0,,,,,0,0,CreditCardView,CustomerView,800000,0,never_instantiated,0,,,,,0,0,,,,,,,,,,,,,,,,,,,,,,,,,,,,,,,,,,,,,,,,,,,,,,,,,,,,,,,,,,,,,,,,,,,,,,,,,,,,,,,,,,,,,,,,,,,,,,,,,,,,,,,,,,,,,,,,,,,,,,,,,,,,,,,,,,,,,,,,,,,,,,,,,,,,,,,,,,,,,,,,,,,,,,,,,,,,,,,,,,,,
q04,1,19,1,4.24,,,9,0,never_instantiated,0,,,,,0,0,,,9,0,never_instantiated,0,,,,,0,0,,,9,0,never_instantiated,0,,,,,0,0,,,9,0,never_instantiated,0,,,,,0,0,,CreditCardView,2039783,0,never_instantiated,0,,,,,0,0,,OrderView,4283993,0,never_instantiated,0,,,,,0,0,OrderItemView,,36,0,never_instantiated,0,,,,,0,0,ProductView,CategoryView,9,0,never_instantiated,0,,,,,0,0,,TaxRecordView,800000,0,never_instantiated,0,,,,,0,0,,AddressView,800000,0,never_instantiated,0,,,,,0,0,,CustomerView,800000,0,never_instantiated,0,,,,,0,0,,OrderView,4283993,0,never_instantiated,0,,,,,0,0,OrderItemView,,36,0,never_instantiated,0,,,,,0,0,ProductView,CategoryView,9,0,never_instantiated,0,,,,,0,0,ProductView,CategoryView,9,0,never_instantiated,0,,,,,0,0,OrderItemView,,36,0,never_instantiated,0,,,,,0,0,ProductView,CategoryView,9,0,never_instantiated,0,,,,,0,0,,CreditCardView,2039783,0,never_instantiated,0,,,,,0,0,,OrderView,4283993,0,never_instantiated,0,,,,,0,0,OrderItemView,,36,0,never_instantiated,0,,,,,0,0,ProductView,CategoryView,9,0,never_instantiated,0,,,,,0,0,,,,,,,,,,,,,,,,,,,,,,,,,,,,,,,,,,,,
q05,1,19,1,1.04,,,73297,0,never_instantiated,0,,,,,0,0,,ProductView,36,0,never_instantiated,0,,,,,0,0,OrderItemView,,4301324,0,never_instantiated,0,,,,,0,0,OrderView,,800000,0,never_instantiated,0,,,,,0,0,TaxRecordView,AddressView,800000,0,never_instantiated,0,,,,,0,0,,,73297,0,never_instantiated,0,,,,,0,0,,CustomerView,800000,0,never_instantiated,0,,,,,0,0,TaxRecordView,AddressView,800000,0,never_instantiated,0,,,,,0,0,OrderView,,800000,0,never_instantiated,0,,,,,0,0,TaxRecordView,AddressView,800000,0,never_instantiated,0,,,,,0,0,,,,,,,,,,,,,,,,,,,,,,,,,,,,,,,,,,,,,,,,,,,,,,,,,,,,,,,,,,,,,,,,,,,,,,,,,,,,,,,,,,,,,,,,,,,,,,,,,,,,,,,,,,,,,,,,,,,,,,,,,,,,,,,,,,,,,,,,,,,,,,,,,,,,,,,,,,,,,,,,,,,,,,,,
q06,1,19,1,1.28,,,9,0,never_instantiated,0,,,,,0,0,,,36,0,never_instantiated,0,,,,,0,0,,,128389,0,never_instantiated,0,,,,,0,0,,OrderView,4283993,0,never_instantiated,0,,,,,0,0,OrderItemView,ProductView,36,0,never_instantiated,0,,,,,0,0,AddressView,,8,0,never_instantiated,0,,,,,0,0,ProductView,,36,0,never_instantiated,0,,,,,0,0,,CustomerView,800000,0,never_instantiated,0,,,,,0,0,,AddressView,800000,0,never_instantiated,0,,,,,0,0,,OrderView,4283993,0,never_instantiated,0,,,,,0,0,OrderItemView,ProductView,36,0,never_instantiated,0,,,,,0,0,ProductView,CategoryView,2,0,never_instantiated,0,,,,,0,0,,,,,,,,,,,,,,,,,,,,,,,,,,,,,,,,,,,,,,,,,,,,,,,,,,,,,,,,,,,,,,,,,,,,,,,,,,,,,,,,,,,,,,,,,,,,,,,,,,,,,,,,,,,,,,,,,,,,,,,,,,,,,,,,,,,,,,,,,,,,,,,,
q07,1,19,1,1.43,,,773859,0,never_instantiated,0,,,,,0,0,,,291451,0,never_instantiated,0,,,,,0,0,OrderItemView,,1021443,0,never_instantiated,0,,,,,0,0,,,486168,0,never_instantiated,0,,,,,0,0,OrderView,CustomerView,800000,0,never_instantiated,0,,,,,0,0,CreditCardView,,5,0,never_instantiated,0,,,,,0,0,,TaxRecordView,291451,0,never_instantiated,0,,,,,0,0,CustomerView,AddressView,800000,0,never_instantiated,0,,,,,0,0,,CategoryView,4,0,never_instantiated,0,,,,,0,0,,ProductView,36,0,never_instantiated,0,,,,,0,0,OrderItemView,,4301324,0,never_instantiated,0,,,,,0,0,OrderView,CustomerView,800000,0,never_instantiated,0,,,,,0,0,,,,,,,,,,,,,,,,,,,,,,,,,,,,,,,,,,,,,,,,,,,,,,,,,,,,,,,,,,,,,,,,,,,,,,,,,,,,,,,,,,,,,,,,,,,,,,,,,,,,,,,,,,,,,,,,,,,,,,,,,,,,,,,,,,,,,,,,,,,,,,,,
q08,1,19,1,5.65,,,1690745,0,never_instantiated,0,,,,,0,0,,,2039783,0,never_instantiated,0,,,,,0,0,,,1727854,0,never_instantiated,0,,,,,0,0,,ProductView,36,0,never_instantiated,0,,,,,0,0,,OrderItemView,12855283,0,never_instantiated,0,,,,,0,0,OrderView,CreditCardView,2039783,0,never_instantiated,0,,,,,0,0,,,2039783,0,never_instantiated,0,,,,,0,0,,,2039783,0,never_instantiated,0,,,,,0,0,CreditCardView,,1586092,0,never_instantiated,0,,,,,0,0,CreditCardView,OrderView,3214641,0,never_instantiated,0,,,,,0,0,OrderItemView,,4593116,0,never_instantiated,0,,,,,0,0,OrderView,CreditCardView,2039783,0,never_instantiated,0,,,,,0,0,,TaxRecordView,800000,0,never_instantiated,0,,,,,0,0,,AddressView,800000,0,never_instantiated,0,,,,,0,0,,CustomerView,800000,0,never_instantiated,0,,,,,0,0,OrderView,CreditCardView,2039783,0,never_instantiated,0,,,,,0,0,,CategoryView,9,0,never_instantiated,0,,,,,0,0,,ProductView,36,0,never_instantiated,0,,,,,0,0,OrderItemView,,4593116,0,never_instantiated,0,,,,,0,0,OrderView,CreditCardView,2039783,0,never_instantiated,0,,,,,0,0,,CategoryView,9,0,never_instantiated,0,,,,,0,0,,ProductView,35,0,never_instantiated,0,,,,,0,0,OrderItemView,,4593116,0,never_instantiated,0,,,,,0,0,OrderView,CreditCardView,2039783,0,never_instantiated,0,,,,,0,0
q01,2,0,1,0.60,OrderItemView,,4301324,0,never_instantiated,0,,,,,0,0,OrderView,,800000,0,never_instantiated,0,,,,,0,0,AddressView,CustomerView,800000,0,never_instantiated,0,,,,,0,0,,,,,,,,,,,,,,,,,,,,,,,,,,,,,,,,,,,,,,,,,,,,,,,,,,,,,,,,,,,,,,,,,,,,,,,,,,,,,,,,,,,,,,,,,,,,,,,,,,,,,,,,,,,,,,,,,,,,,,,,,,,,,,,,,,,,,,,,,,,,,,,,,,,,,,,,,,,,,,,,,,,,,,,,,,,,,,,,,,,,,,,,,,,,,,,,,,,,,,,,,,,,,,,,,,,,,,,,,,,,,,,,,,,,,,,,,,,,,,,,,,,,,,,,,,,,
q02,2,0,1,2.57,,,800000,0,never_instantiated,0,,,,,0,0,,,770796,0,never_instantiated,0,,,,,0,0,,,731189,0,never_instantiated,0,,,,,0,0,,,800000,0,never_instantiated,0,,,,,0,0,,,751547,0,never_instantiated,0,,,,,0,0,,,402948,0,never_instantiated,0,,,,,0,0,CreditCardView,CustomerView,800000,0,never_instantiated,0,,,,,0,0,,TaxRecordView,402948,0,never_instantiated,0,,,,,0,0,AddressView,CustomerView,800000,0,never_instantiated,0,,,,,0,0,,CategoryView,2,0,never_instantiated,0,,,,,0,0,,ProductView,9,0,never_instantiated,0,,,,,0,0,OrderItemView,,4301324,0,never_instantiated,0,,,,,0,0,OrderView,CustomerView,800000,0,never_instantiated,0,,,,,0,0,OrderView,CustomerView,800000,0,never_instantiated,0,,,,,0,0,OrderItemView,,1835997,0,never_instantiated,0,,,,,0,0,OrderView,CustomerView,800000,0,never_instantiated,0,,,,,0,0,,CategoryView,3,0,never_instantiated,0,,,,,0,0,,ProductView,16,0,never_instantiated,0,,,,,0,0,OrderItemView,,4301324,0,never_instantiated,0,,,,,0,0,OrderView,CustomerView,800000,0,never_instantiated,0,,,,,0,0,,CreditCardView,2039783,0,never_instantiated,0,,,,,0,0,OrderView,CustomerView,800000,0,never_instantiated,0,,,,,0,0,,,,,,,,,,,,,,,,,,,,,,,,
q03,2,0,1,1.17,,,800000,0,never_instantiated,0,,,,,0,0,,CategoryView,9,0,never_instantiated,0,,,,,0,0,,TaxRecordView,800000,0,never_instantiated,0,,,,,0,0,,AddressView,800000,0,never_instantiated,0,,,,,0,0,CustomerView,,3430857,0,never_instantiated,0,,,,,0,0,,ProductView,8,0,never_instantiated,0,,,,,0,0,,CreditCardView,1632147,0,never_instantiated,0,,,,,0,0,OrderItemView,OrderView,4283993,0,never_instantiated,0,,,,,0,0,CreditCardView,CustomerView,800000,0,never_instantiated,0,,,,,0,0,,,,,,,,,,,,,,,,,,,,,,,,,,,,,,,,,,,,,,,,,,,,,,,,,,,,,,,,,,,,,,,,,,,,,,,,,,,,,,,,,,,,,,,,,,,,,,,,,,,,,,,,,,,,,,,,,,,,,,,,,,,,,,,,,,,,,,,,,,,,,,,,,,,,,,,,,,,,,,,,,,,,,,,,,,,,,,,,,,,,
q04,2,0,1,4.31,,,9,0,never_instantiated,0,,,,,0,0,,,9,0,never_instantiated,0,,,,,0,0,,,9,0,never_instantiated,0,,,,,0,0,,,9,0,never_instantiated,0,,,,,0,0,,CreditCardView,2039783,0,never_instantiated,0,,,,,0,0,,OrderView,4283993,0,never_instantiated,0,,,,,0,0,OrderItemView,,36,0,never_instantiated,0,,,,,0,0,ProductView,CategoryView,9,0,never_instantiated,0,,,,,0,0,,TaxRecordView,800000,0,never_instantiated,0,,,,,0,0,,AddressView,800000,0,never_instantiated,0,,,,,0,0,,CustomerView,800000,0,never_instantiated,0,,,,,0,0,,OrderView,4283993,0,never_instantiated,0,,,,,0,0,OrderItemView,,36,0,never_instantiated,0,,,,,0,0,ProductView,CategoryView,9,0,never_instantiated,0,,,,,0,0,ProductView,CategoryView,9,0,never_instantiated,0,,,,,0,0,OrderItemView,,36,0,never_instantiated,0,,,,,0,0,ProductView,CategoryView,9,0,never_instantiated,0,,,,,0,0,,CreditCardView,2039783,0,never_instantiated,0,,,,,0,0,,OrderView,4283993,0,never_instantiated,0,,,,,0,0,OrderItemView,,36,0,never_instantiated,0,,,,,0,0,ProductView,CategoryView,9,0,never_instantiated,0,,,,,0,0,,,,,,,,,,,,,,,,,,,,,,,,,,,,,,,,,,,,
q05,2,0,1,1.05,,,73297,0,never_instantiated,0,,,,,0,0,,ProductView,36,0,never_instantiated,0,,,,,0,0,OrderItemView,,4301324,0,never_instantiated,0,,,,,0,0,OrderView,,800000,0,never_instantiated,0,,,,,0,0,TaxRecordView,AddressView,800000,0,never_instantiated,0,,,,,0,0,,,73297,0,never_instantiated,0,,,,,0,0,,CustomerView,800000,0,never_instantiated,0,,,,,0,0,TaxRecordView,AddressView,800000,0,never_instantiated,0,,,,,0,0,OrderView,,800000,0,never_instantiated,0,,,,,0,0,TaxRecordView,AddressView,800000,0,never_instantiated,0,,,,,0,0,,,,,,,,,,,,,,,,,,,,,,,,,,,,,,,,,,,,,,,,,,,,,,,,,,,,,,,,,,,,,,,,,,,,,,,,,,,,,,,,,,,,,,,,,,,,,,,,,,,,,,,,,,,,,,,,,,,,,,,,,,,,,,,,,,,,,,,,,,,,,,,,,,,,,,,,,,,,,,,,,,,,,,,,
q06,2,0,1,1.32,,,9,0,never_instantiated,0,,,,,0,0,,,36,0,never_instantiated,0,,,,,0,0,,,128389,0,never_instantiated,0,,,,,0,0,,OrderView,4283993,0,never_instantiated,0,,,,,0,0,OrderItemView,ProductView,36,0,never_instantiated,0,,,,,0,0,AddressView,,8,0,never_instantiated,0,,,,,0,0,ProductView,,36,0,never_instantiated,0,,,,,0,0,,CustomerView,800000,0,never_instantiated,0,,,,,0,0,,AddressView,800000,0,never_instantiated,0,,,,,0,0,,OrderView,4283993,0,never_instantiated,0,,,,,0,0,OrderItemView,ProductView,36,0,never_instantiated,0,,,,,0,0,ProductView,CategoryView,2,0,never_instantiated,0,,,,,0,0,,,,,,,,,,,,,,,,,,,,,,,,,,,,,,,,,,,,,,,,,,,,,,,,,,,,,,,,,,,,,,,,,,,,,,,,,,,,,,,,,,,,,,,,,,,,,,,,,,,,,,,,,,,,,,,,,,,,,,,,,,,,,,,,,,,,,,,,,,,,,,,,
q07,2,0,1,1.44,,,773859,0,never_instantiated,0,,,,,0,0,,,291451,0,never_instantiated,0,,,,,0,0,OrderItemView,,1021443,0,never_instantiated,0,,,,,0,0,,,486168,0,never_instantiated,0,,,,,0,0,OrderView,CustomerView,800000,0,never_instantiated,0,,,,,0,0,CreditCardView,,5,0,never_instantiated,0,,,,,0,0,,TaxRecordView,291451,0,never_instantiated,0,,,,,0,0,CustomerView,AddressView,800000,0,never_instantiated,0,,,,,0,0,,CategoryView,4,0,never_instantiated,0,,,,,0,0,,ProductView,19,0,never_instantiated,0,,,,,0,0,OrderItemView,,4301324,0,never_instantiated,0,,,,,0,0,OrderView,CustomerView,800000,0,never_instantiated,0,,,,,0,0,,,,,,,,,,,,,,,,,,,,,,,,,,,,,,,,,,,,,,,,,,,,,,,,,,,,,,,,,,,,,,,,,,,,,,,,,,,,,,,,,,,,,,,,,,,,,,,,,,,,,,,,,,,,,,,,,,,,,,,,,,,,,,,,,,,,,,,,,,,,,,,,
q08,2,0,1,5.67,,,1690745,0,never_instantiated,0,,,,,0,0,,,2039783,0,never_instantiated,0,,,,,0,0,,,1727854,0,never_instantiated,0,,,,,0,0,,ProductView,36,0,never_instantiated,0,,,,,0,0,,OrderItemView,12855283,0,never_instantiated,0,,,,,0,0,OrderView,CreditCardView,2039783,0,never_instantiated,0,,,,,0,0,,,2039783,0,never_instantiated,0,,,,,0,0,,,2039783,0,never_instantiated,0,,,,,0,0,CreditCardView,,1586092,0,never_instantiated,0,,,,,0,0,CreditCardView,OrderView,3214641,0,never_instantiated,0,,,,,0,0,OrderItemView,,4593116,0,never_instantiated,0,,,,,0,0,OrderView,CreditCardView,2039783,0,never_instantiated,0,,,,,0,0,,TaxRecordView,800000,0,never_instantiated,0,,,,,0,0,,AddressView,800000,0,never_instantiated,0,,,,,0,0,,CustomerView,800000,0,never_instantiated,0,,,,,0,0,OrderView,CreditCardView,2039783,0,never_instantiated,0,,,,,0,0,,CategoryView,9,0,never_instantiated,0,,,,,0,0,,ProductView,36,0,never_instantiated,0,,,,,0,0,OrderItemView,,4593116,0,never_instantiated,0,,,,,0,0,OrderView,CreditCardView,2039783,0,never_instantiated,0,,,,,0,0,,CategoryView,9,0,never_instantiated,0,,,,,0,0,,ProductView,35,0,never_instantiated,0,,,,,0,0,OrderItemView,,4593116,0,never_instantiated,0,,,,,0,0,OrderView,CreditCardView,2039783,0,never_instantiated,0,,,,,0,0
q01,2,1,1,0.61,OrderItemView,,4301324,0,never_instantiated,0,,,,,0,0,OrderView,,800000,0,never_instantiated,0,,,,,0,0,AddressView,CustomerView,800000,0,never_instantiated,0,,,,,0,0,,,,,,,,,,,,,,,,,,,,,,,,,,,,,,,,,,,,,,,,,,,,,,,,,,,,,,,,,,,,,,,,,,,,,,,,,,,,,,,,,,,,,,,,,,,,,,,,,,,,,,,,,,,,,,,,,,,,,,,,,,,,,,,,,,,,,,,,,,,,,,,,,,,,,,,,,,,,,,,,,,,,,,,,,,,,,,,,,,,,,,,,,,,,,,,,,,,,,,,,,,,,,,,,,,,,,,,,,,,,,,,,,,,,,,,,,,,,,,,,,,,,,,,,,,,,
q02,2,1,1,2.59,,,800000,0,never_instantiated,0,,,,,0,0,,,770796,0,never_instantiated,0,,,,,0,0,,,731189,0,never_instantiated,0,,,,,0,0,,,800000,0,never_instantiated,0,,,,,0,0,,,751547,0,never_instantiated,0,,,,,0,0,,,402948,0,never_instantiated,0,,,,,0,0,CreditCardView,CustomerView,800000,0,never_instantiated,0,,,,,0,0,,TaxRecordView,402948,0,never_instantiated,0,,,,,0,0,AddressView,CustomerView,800000,0,never_instantiated,0,,,,,0,0,,CategoryView,2,0,never_instantiated,0,,,,,0,0,,ProductView,9,0,never_instantiated,0,,,,,0,0,OrderItemView,,4301324,0,never_instantiated,0,,,,,0,0,OrderView,CustomerView,800000,0,never_instantiated,0,,,,,0,0,OrderView,CustomerView,800000,0,never_instantiated,0,,,,,0,0,OrderItemView,,1835997,0,never_instantiated,0,,,,,0,0,OrderView,CustomerView,800000,0,never_instantiated,0,,,,,0,0,,CategoryView,3,0,never_instantiated,0,,,,,0,0,,ProductView,16,0,never_instantiated,0,,,,,0,0,OrderItemView,,4301324,0,never_instantiated,0,,,,,0,0,OrderView,CustomerView,800000,0,never_instantiated,0,,,,,0,0,,CreditCardView,2039783,0,never_instantiated,0,,,,,0,0,OrderView,CustomerView,800000,0,never_instantiated,0,,,,,0,0,,,,,,,,,,,,,,,,,,,,,,,,
q03,2,1,1,1.25,,,800000,0,never_instantiated,0,,,,,0,0,,CategoryView,9,0,never_instantiated,0,,,,,0,0,,TaxRecordView,800000,0,never_instantiated,0,,,,,0,0,,AddressView,800000,0,never_instantiated,0,,,,,0,0,CustomerView,,3430857,0,never_instantiated,0,,,,,0,0,CreditCardView,,4287481,0,never_instantiated,0,,,,,0,0,,ProductView,8,0,never_instantiated,0,,,,,0,0,OrderItemView,OrderView,4283993,0,never_instantiated,0,,,,,0,0,CreditCardView,CustomerView,800000,0,never_instantiated,0,,,,,0,0,,,,,,,,,,,,,,,,,,,,,,,,,,,,,,,,,,,,,,,,,,,,,,,,,,,,,,,,,,,,,,,,,,,,,,,,,,,,,,,,,,,,,,,,,,,,,,,,,,,,,,,,,,,,,,,,,,,,,,,,,,,,,,,,,,,,,,,,,,,,,,,,,,,,,,,,,,,,,,,,,,,,,,,,,,,,,,,,,,,,
q04,2,1,1,4.26,,,9,0,never_instantiated,0,,,,,0,0,,,9,0,never_instantiated,0,,,,,0,0,,,9,0,never_instantiated,0,,,,,0,0,,,9,0,never_instantiated,0,,,,,0,0,,CreditCardView,2039783,0,never_instantiated,0,,,,,0,0,,OrderView,4283993,0,never_instantiated,0,,,,,0,0,OrderItemView,,36,0,never_instantiated,0,,,,,0,0,ProductView,CategoryView,9,0,never_instantiated,0,,,,,0,0,,TaxRecordView,800000,0,never_instantiated,0,,,,,0,0,,AddressView,800000,0,never_instantiated,0,,,,,0,0,,CustomerView,800000,0,never_instantiated,0,,,,,0,0,,OrderView,4283993,0,never_instantiated,0,,,,,0,0,OrderItemView,,36,0,never_instantiated,0,,,,,0,0,ProductView,CategoryView,9,0,never_instantiated,0,,,,,0,0,ProductView,CategoryView,9,0,never_instantiated,0,,,,,0,0,OrderItemView,,36,0,never_instantiated,0,,,,,0,0,ProductView,CategoryView,9,0,never_instantiated,0,,,,,0,0,,CreditCardView,2039783,0,never_instantiated,0,,,,,0,0,,OrderView,4283993,0,never_instantiated,0,,,,,0,0,OrderItemView,,36,0,never_instantiated,0,,,,,0,0,ProductView,CategoryView,9,0,never_instantiated,0,,,,,0,0,,,,,,,,,,,,,,,,,,,,,,,,,,,,,,,,,,,,
q05,2,1,1,1.07,,,73297,0,never_instantiated,0,,,,,0,0,,ProductView,36,0,never_instantiated,0,,,,,0,0,OrderItemView,,4301324,0,never_instantiated,0,,,,,0,0,OrderView,,800000,0,never_instantiated,0,,,,,0,0,TaxRecordView,AddressView,800000,0,never_instantiated,0,,,,,0,0,,,73297,0,never_instantiated,0,,,,,0,0,,CustomerView,800000,0,never_instantiated,0,,,,,0,0,TaxRecordView,AddressView,800000,0,never_instantiated,0,,,,,0,0,OrderView,,800000,0,never_instantiated,0,,,,,0,0,TaxRecordView,AddressView,800000,0,never_instantiated,0,,,,,0,0,,,,,,,,,,,,,,,,,,,,,,,,,,,,,,,,,,,,,,,,,,,,,,,,,,,,,,,,,,,,,,,,,,,,,,,,,,,,,,,,,,,,,,,,,,,,,,,,,,,,,,,,,,,,,,,,,,,,,,,,,,,,,,,,,,,,,,,,,,,,,,,,,,,,,,,,,,,,,,,,,,,,,,,,
q06,2,1,1,1.28,,,9,0,never_instantiated,0,,,,,0,0,,,36,0,never_instantiated,0,,,,,0,0,,,128389,0,never_instantiated,0,,,,,0,0,,OrderView,4283993,0,never_instantiated,0,,,,,0,0,OrderItemView,ProductView,36,0,never_instantiated,0,,,,,0,0,AddressView,,8,0,never_instantiated,0,,,,,0,0,ProductView,,36,0,never_instantiated,0,,,,,0,0,,CustomerView,800000,0,never_instantiated,0,,,,,0,0,,AddressView,800000,0,never_instantiated,0,,,,,0,0,,OrderView,4283993,0,never_instantiated,0,,,,,0,0,OrderItemView,ProductView,36,0,never_instantiated,0,,,,,0,0,ProductView,CategoryView,2,0,never_instantiated,0,,,,,0,0,,,,,,,,,,,,,,,,,,,,,,,,,,,,,,,,,,,,,,,,,,,,,,,,,,,,,,,,,,,,,,,,,,,,,,,,,,,,,,,,,,,,,,,,,,,,,,,,,,,,,,,,,,,,,,,,,,,,,,,,,,,,,,,,,,,,,,,,,,,,,,,,
q07,2,1,1,1.44,,,773859,0,never_instantiated,0,,,,,0,0,,,291451,0,never_instantiated,0,,,,,0,0,OrderItemView,,1021443,0,never_instantiated,0,,,,,0,0,,,486168,0,never_instantiated,0,,,,,0,0,OrderView,CustomerView,800000,0,never_instantiated,0,,,,,0,0,CreditCardView,,5,0,never_instantiated,0,,,,,0,0,,TaxRecordView,291451,0,never_instantiated,0,,,,,0,0,CustomerView,AddressView,800000,0,never_instantiated,0,,,,,0,0,,CategoryView,4,0,never_instantiated,0,,,,,0,0,,ProductView,19,0,never_instantiated,0,,,,,0,0,OrderItemView,,4301324,0,never_instantiated,0,,,,,0,0,OrderView,CustomerView,800000,0,never_instantiated,0,,,,,0,0,,,,,,,,,,,,,,,,,,,,,,,,,,,,,,,,,,,,,,,,,,,,,,,,,,,,,,,,,,,,,,,,,,,,,,,,,,,,,,,,,,,,,,,,,,,,,,,,,,,,,,,,,,,,,,,,,,,,,,,,,,,,,,,,,,,,,,,,,,,,,,,,
q08,2,1,1,5.71,,,1690745,0,never_instantiated,0,,,,,0,0,,,2039783,0,never_instantiated,0,,,,,0,0,,,1727854,0,never_instantiated,0,,,,,0,0,,ProductView,36,0,never_instantiated,0,,,,,0,0,,OrderItemView,12855283,0,never_instantiated,0,,,,,0,0,OrderView,CreditCardView,2039783,0,never_instantiated,0,,,,,0,0,,,2039783,0,never_instantiated,0,,,,,0,0,,,2039783,0,never_instantiated,0,,,,,0,0,CreditCardView,,1586092,0,never_instantiated,0,,,,,0,0,CreditCardView,OrderView,3214641,0,never_instantiated,0,,,,,0,0,OrderItemView,,4593116,0,never_instantiated,0,,,,,0,0,OrderView,CreditCardView,2039783,0,never_instantiated,0,,,,,0,0,,TaxRecordView,800000,0,never_instantiated,0,,,,,0,0,,AddressView,800000,0,never_instantiated,0,,,,,0,0,,CustomerView,800000,0,never_instantiated,0,,,,,0,0,OrderView,CreditCardView,2039783,0,never_instantiated,0,,,,,0,0,,CategoryView,9,0,never_instantiated,0,,,,,0,0,,ProductView,36,0,never_instantiated,0,,,,,0,0,OrderItemView,,4593116,0,never_instantiated,0,,,,,0,0,OrderView,CreditCardView,2039783,0,never_instantiated,0,,,,,0,0,,CategoryView,9,0,never_instantiated,0,,,,,0,0,,ProductView,35,0,never_instantiated,0,,,,,0,0,OrderItemView,,4593116,0,never_instantiated,0,,,,,0,0,OrderView,CreditCardView,2039783,0,never_instantiated,0,,,,,0,0
q01,2,2,1,0.60,OrderItemView,,4301324,0,never_instantiated,0,,,,,0,0,OrderView,,800000,0,never_instantiated,0,,,,,0,0,AddressView,CustomerView,800000,0,never_instantiated,0,,,,,0,0,,,,,,,,,,,,,,,,,,,,,,,,,,,,,,,,,,,,,,,,,,,,,,,,,,,,,,,,,,,,,,,,,,,,,,,,,,,,,,,,,,,,,,,,,,,,,,,,,,,,,,,,,,,,,,,,,,,,,,,,,,,,,,,,,,,,,,,,,,,,,,,,,,,,,,,,,,,,,,,,,,,,,,,,,,,,,,,,,,,,,,,,,,,,,,,,,,,,,,,,,,,,,,,,,,,,,,,,,,,,,,,,,,,,,,,,,,,,,,,,,,,,,,,,,,,,
q02,2,2,1,2.53,,,800000,0,never_instantiated,0,,,,,0,0,,,770796,0,never_instantiated,0,,,,,0,0,,,731189,0,never_instantiated,0,,,,,0,0,,,800000,0,never_instantiated,0,,,,,0,0,,,751547,0,never_instantiated,0,,,,,0,0,,,402948,0,never_instantiated,0,,,,,0,0,CreditCardView,CustomerView,800000,0,never_instantiated,0,,,,,0,0,,TaxRecordView,402948,0,never_instantiated,0,,,,,0,0,AddressView,CustomerView,800000,0,never_instantiated,0,,,,,0,0,,CategoryView,2,0,never_instantiated,0,,,,,0,0,,ProductView,9,0,never_instantiated,0,,,,,0,0,OrderItemView,,4301324,0,never_instantiated,0,,,,,0,0,OrderView,CustomerView,800000,0,never_instantiated,0,,,,,0,0,OrderView,CustomerView,800000,0,never_instantiated,0,,,,,0,0,OrderItemView,,1835997,0,never_instantiated,0,,,,,0,0,OrderView,CustomerView,800000,0,never_instantiated,0,,,,,0,0,,CategoryView,3,0,never_instantiated,0,,,,,0,0,,ProductView,16,0,never_instantiated,0,,,,,0,0,OrderItemView,,4301324,0,never_instantiated,0,,,,,0,0,OrderView,CustomerView,800000,0,never_instantiated,0,,,,,0,0,,CreditCardView,2039783,0,never_instantiated,0,,,,,0,0,OrderView,CustomerView,800000,0,never_instantiated,0,,,,,0,0,,,,,,,,,,,,,,,,,,,,,,,,
q03,2,2,1,1.24,,,800000,0,never_instantiated,0,,,,,0,0,,CategoryView,9,0,never_instantiated,0,,,,,0,0,,TaxRecordView,800000,0,never_instantiated,0,,,,,0,0,,AddressView,800000,0,never_instantiated,0,,,,,0,0,CustomerView,,3430857,0,never_instantiated,0,,,,,0,0,CreditCardView,,4287481,0,never_instantiated,0,,,,,0,0,,ProductView,8,0,never_instantiated,0,,,,,0,0,OrderItemView,OrderView,4283993,0,never_instantiated,0,,,,,0,0,CreditCardView,CustomerView,800000,0,never_instantiated,0,,,,,0,0,,,,,,,,,,,,,,,,,,,,,,,,,,,,,,,,,,,,,,,,,,,,,,,,,,,,,,,,,,,,,,,,,,,,,,,,,,,,,,,,,,,,,,,,,,,,,,,,,,,,,,,,,,,,,,,,,,,,,,,,,,,,,,,,,,,,,,,,,,,,,,,,,,,,,,,,,,,,,,,,,,,,,,,,,,,,,,,,,,,,
q04,2,2,1,4.28,,,9,0,never_instantiated,0,,,,,0,0,,,9,0,never_instantiated,0,,,,,0,0,,,9,0,never_instantiated,0,,,,,0,0,,,9,0,never_instantiated,0,,,,,0,0,,CreditCardView,2039783,0,never_instantiated,0,,,,,0,0,,OrderView,4283993,0,never_instantiated,0,,,,,0,0,OrderItemView,,36,0,never_instantiated,0,,,,,0,0,ProductView,CategoryView,9,0,never_instantiated,0,,,,,0,0,,TaxRecordView,800000,0,never_instantiated,0,,,,,0,0,,AddressView,800000,0,never_instantiated,0,,,,,0,0,,CustomerView,800000,0,never_instantiated,0,,,,,0,0,,OrderView,4283993,0,never_instantiated,0,,,,,0,0,OrderItemView,,36,0,never_instantiated,0,,,,,0,0,ProductView,CategoryView,9,0,never_instantiated,0,,,,,0,0,ProductView,CategoryView,9,0,never_instantiated,0,,,,,0,0,OrderItemView,,36,0,never_instantiated,0,,,,,0,0,ProductView,CategoryView,9,0,never_instantiated,0,,,,,0,0,,CreditCardView,2039783,0,never_instantiated,0,,,,,0,0,,OrderView,4283993,0,never_instantiated,0,,,,,0,0,OrderItemView,,36,0,never_instantiated,0,,,,,0,0,ProductView,CategoryView,9,0,never_instantiated,0,,,,,0,0,,,,,,,,,,,,,,,,,,,,,,,,,,,,,,,,,,,,
q05,2,2,1,1.05,,,73297,0,never_instantiated,0,,,,,0,0,,ProductView,36,0,never_instantiated,0,,,,,0,0,OrderItemView,,4301324,0,never_instantiated,0,,,,,0,0,OrderView,,800000,0,never_instantiated,0,,,,,0,0,TaxRecordView,AddressView,800000,0,never_instantiated,0,,,,,0,0,,,73297,0,never_instantiated,0,,,,,0,0,,CustomerView,800000,0,never_instantiated,0,,,,,0,0,TaxRecordView,AddressView,800000,0,never_instantiated,0,,,,,0,0,OrderView,,800000,0,never_instantiated,0,,,,,0,0,TaxRecordView,AddressView,800000,0,never_instantiated,0,,,,,0,0,,,,,,,,,,,,,,,,,,,,,,,,,,,,,,,,,,,,,,,,,,,,,,,,,,,,,,,,,,,,,,,,,,,,,,,,,,,,,,,,,,,,,,,,,,,,,,,,,,,,,,,,,,,,,,,,,,,,,,,,,,,,,,,,,,,,,,,,,,,,,,,,,,,,,,,,,,,,,,,,,,,,,,,,
q06,2,2,1,1.31,,,9,0,never_instantiated,0,,,,,0,0,,,36,0,never_instantiated,0,,,,,0,0,,,128389,0,never_instantiated,0,,,,,0,0,,OrderView,4283993,0,never_instantiated,0,,,,,0,0,OrderItemView,ProductView,36,0,never_instantiated,0,,,,,0,0,AddressView,,8,0,never_instantiated,0,,,,,0,0,ProductView,,36,0,never_instantiated,0,,,,,0,0,,CustomerView,800000,0,never_instantiated,0,,,,,0,0,,AddressView,800000,0,never_instantiated,0,,,,,0,0,,OrderView,4283993,0,never_instantiated,0,,,,,0,0,OrderItemView,ProductView,36,0,never_instantiated,0,,,,,0,0,ProductView,CategoryView,2,0,never_instantiated,0,,,,,0,0,,,,,,,,,,,,,,,,,,,,,,,,,,,,,,,,,,,,,,,,,,,,,,,,,,,,,,,,,,,,,,,,,,,,,,,,,,,,,,,,,,,,,,,,,,,,,,,,,,,,,,,,,,,,,,,,,,,,,,,,,,,,,,,,,,,,,,,,,,,,,,,,
q07,2,2,1,1.43,,,773859,0,never_instantiated,0,,,,,0,0,,,291451,0,never_instantiated,0,,,,,0,0,OrderItemView,,1021443,0,never_instantiated,0,,,,,0,0,,,486168,0,never_instantiated,0,,,,,0,0,OrderView,CustomerView,800000,0,never_instantiated,0,,,,,0,0,CreditCardView,,5,0,never_instantiated,0,,,,,0,0,,TaxRecordView,291451,0,never_instantiated,0,,,,,0,0,CustomerView,AddressView,800000,0,never_instantiated,0,,,,,0,0,,CategoryView,4,0,never_instantiated,0,,,,,0,0,,ProductView,19,0,never_instantiated,0,,,,,0,0,OrderItemView,,4301324,0,never_instantiated,0,,,,,0,0,OrderView,CustomerView,800000,0,never_instantiated,0,,,,,0,0,,,,,,,,,,,,,,,,,,,,,,,,,,,,,,,,,,,,,,,,,,,,,,,,,,,,,,,,,,,,,,,,,,,,,,,,,,,,,,,,,,,,,,,,,,,,,,,,,,,,,,,,,,,,,,,,,,,,,,,,,,,,,,,,,,,,,,,,,,,,,,,,
q08,2,2,1,5.60,,,1690745,0,never_instantiated,0,,,,,0,0,,,2039783,0,never_instantiated,0,,,,,0,0,,,1727854,0,never_instantiated,0,,,,,0,0,,ProductView,36,0,never_instantiated,0,,,,,0,0,,OrderItemView,12855283,0,never_instantiated,0,,,,,0,0,OrderView,CreditCardView,2039783,0,never_instantiated,0,,,,,0,0,,,2039783,0,never_instantiated,0,,,,,0,0,,,2039783,0,never_instantiated,0,,,,,0,0,CreditCardView,,1586092,0,never_instantiated,0,,,,,0,0,CreditCardView,OrderView,3214641,0,never_instantiated,0,,,,,0,0,OrderItemView,,4593116,0,never_instantiated,0,,,,,0,0,OrderView,CreditCardView,2039783,0,never_instantiated,0,,,,,0,0,,TaxRecordView,800000,0,never_instantiated,0,,,,,0,0,,AddressView,800000,0,never_instantiated,0,,,,,0,0,,CustomerView,800000,0,never_instantiated,0,,,,,0,0,OrderView,CreditCardView,2039783,0,never_instantiated,0,,,,,0,0,,CategoryView,9,0,never_instantiated,0,,,,,0,0,,ProductView,36,0,never_instantiated,0,,,,,0,0,OrderItemView,,4593116,0,never_instantiated,0,,,,,0,0,OrderView,CreditCardView,2039783,0,never_instantiated,0,,,,,0,0,,CategoryView,9,0,never_instantiated,0,,,,,0,0,,ProductView,35,0,never_instantiated,0,,,,,0,0,OrderItemView,,4593116,0,never_instantiated,0,,,,,0,0,OrderView,CreditCardView,2039783,0,never_instantiated,0,,,,,0,0
q01,2,3,1,0.61,OrderItemView,,4301324,0,never_instantiated,0,,,,,0,0,OrderView,,800000,0,never_instantiated,0,,,,,0,0,AddressView,CustomerView,800000,0,never_instantiated,0,,,,,0,0,,,,,,,,,,,,,,,,,,,,,,,,,,,,,,,,,,,,,,,,,,,,,,,,,,,,,,,,,,,,,,,,,,,,,,,,,,,,,,,,,,,,,,,,,,,,,,,,,,,,,,,,,,,,,,,,,,,,,,,,,,,,,,,,,,,,,,,,,,,,,,,,,,,,,,,,,,,,,,,,,,,,,,,,,,,,,,,,,,,,,,,,,,,,,,,,,,,,,,,,,,,,,,,,,,,,,,,,,,,,,,,,,,,,,,,,,,,,,,,,,,,,,,,,,,,,
q02,2,3,1,2.57,,,800000,0,never_instantiated,0,,,,,0,0,,,770796,0,never_instantiated,0,,,,,0,0,,,731189,0,never_instantiated,0,,,,,0,0,,,800000,0,never_instantiated,0,,,,,0,0,,,751547,0,never_instantiated,0,,,,,0,0,,,402948,0,never_instantiated,0,,,,,0,0,CreditCardView,CustomerView,800000,0,never_instantiated,0,,,,,0,0,,TaxRecordView,402948,0,never_instantiated,0,,,,,0,0,AddressView,CustomerView,800000,0,never_instantiated,0,,,,,0,0,,CategoryView,2,0,never_instantiated,0,,,,,0,0,,ProductView,9,0,never_instantiated,0,,,,,0,0,OrderItemView,,4301324,0,never_instantiated,0,,,,,0,0,OrderView,CustomerView,800000,0,never_instantiated,0,,,,,0,0,OrderView,CustomerView,800000,0,never_instantiated,0,,,,,0,0,OrderItemView,,1835997,0,never_instantiated,0,,,,,0,0,OrderView,CustomerView,800000,0,never_instantiated,0,,,,,0,0,,CategoryView,3,0,never_instantiated,0,,,,,0,0,,ProductView,16,0,never_instantiated,0,,,,,0,0,OrderItemView,,4301324,0,never_instantiated,0,,,,,0,0,OrderView,CustomerView,800000,0,never_instantiated,0,,,,,0,0,,CreditCardView,2039783,0,never_instantiated,0,,,,,0,0,OrderView,CustomerView,800000,0,never_instantiated,0,,,,,0,0,,,,,,,,,,,,,,,,,,,,,,,,
q03,2,3,1,1.26,,,800000,0,never_instantiated,0,,,,,0,0,,CategoryView,9,0,never_instantiated,0,,,,,0,0,,TaxRecordView,800000,0,never_instantiated,0,,,,,0,0,,AddressView,800000,0,never_instantiated,0,,,,,0,0,CustomerView,,3430857,0,never_instantiated,0,,,,,0,0,CreditCardView,,4287481,0,never_instantiated,0,,,,,0,0,,ProductView,8,0,never_instantiated,0,,,,,0,0,OrderItemView,OrderView,4283993,0,never_instantiated,0,,,,,0,0,CreditCardView,CustomerView,800000,0,never_instantiated,0,,,,,0,0,,,,,,,,,,,,,,,,,,,,,,,,,,,,,,,,,,,,,,,,,,,,,,,,,,,,,,,,,,,,,,,,,,,,,,,,,,,,,,,,,,,,,,,,,,,,,,,,,,,,,,,,,,,,,,,,,,,,,,,,,,,,,,,,,,,,,,,,,,,,,,,,,,,,,,,,,,,,,,,,,,,,,,,,,,,,,,,,,,,,
q04,2,3,1,4.29,,,9,0,never_instantiated,0,,,,,0,0,,,9,0,never_instantiated,0,,,,,0,0,,,9,0,never_instantiated,0,,,,,0,0,,,9,0,never_instantiated,0,,,,,0,0,,CreditCardView,2039783,0,never_instantiated,0,,,,,0,0,,OrderView,4283993,0,never_instantiated,0,,,,,0,0,OrderItemView,,36,0,never_instantiated,0,,,,,0,0,ProductView,CategoryView,9,0,never_instantiated,0,,,,,0,0,,TaxRecordView,800000,0,never_instantiated,0,,,,,0,0,,AddressView,800000,0,never_instantiated,0,,,,,0,0,,CustomerView,800000,0,never_instantiated,0,,,,,0,0,,OrderView,4283993,0,never_instantiated,0,,,,,0,0,OrderItemView,,36,0,never_instantiated,0,,,,,0,0,ProductView,CategoryView,9,0,never_instantiated,0,,,,,0,0,ProductView,CategoryView,9,0,never_instantiated,0,,,,,0,0,OrderItemView,,36,0,never_instantiated,0,,,,,0,0,ProductView,CategoryView,9,0,never_instantiated,0,,,,,0,0,,CreditCardView,2039783,0,never_instantiated,0,,,,,0,0,,OrderView,4283993,0,never_instantiated,0,,,,,0,0,OrderItemView,,36,0,never_instantiated,0,,,,,0,0,ProductView,CategoryView,9,0,never_instantiated,0,,,,,0,0,,,,,,,,,,,,,,,,,,,,,,,,,,,,,,,,,,,,
q05,2,3,1,1.05,,,73297,0,never_instantiated,0,,,,,0,0,,ProductView,36,0,never_instantiated,0,,,,,0,0,OrderItemView,,4301324,0,never_instantiated,0,,,,,0,0,OrderView,,800000,0,never_instantiated,0,,,,,0,0,TaxRecordView,AddressView,800000,0,never_instantiated,0,,,,,0,0,,,73297,0,never_instantiated,0,,,,,0,0,,CustomerView,800000,0,never_instantiated,0,,,,,0,0,TaxRecordView,AddressView,800000,0,never_instantiated,0,,,,,0,0,OrderView,,800000,0,never_instantiated,0,,,,,0,0,TaxRecordView,AddressView,800000,0,never_instantiated,0,,,,,0,0,,,,,,,,,,,,,,,,,,,,,,,,,,,,,,,,,,,,,,,,,,,,,,,,,,,,,,,,,,,,,,,,,,,,,,,,,,,,,,,,,,,,,,,,,,,,,,,,,,,,,,,,,,,,,,,,,,,,,,,,,,,,,,,,,,,,,,,,,,,,,,,,,,,,,,,,,,,,,,,,,,,,,,,,
q06,2,3,1,1.29,,,9,0,never_instantiated,0,,,,,0,0,,,36,0,never_instantiated,0,,,,,0,0,,,128389,0,never_instantiated,0,,,,,0,0,,OrderView,4283993,0,never_instantiated,0,,,,,0,0,OrderItemView,ProductView,36,0,never_instantiated,0,,,,,0,0,AddressView,,8,0,never_instantiated,0,,,,,0,0,ProductView,,36,0,never_instantiated,0,,,,,0,0,,CustomerView,800000,0,never_instantiated,0,,,,,0,0,,AddressView,800000,0,never_instantiated,0,,,,,0,0,,OrderView,4283993,0,never_instantiated,0,,,,,0,0,OrderItemView,ProductView,36,0,never_instantiated,0,,,,,0,0,ProductView,CategoryView,2,0,never_instantiated,0,,,,,0,0,,,,,,,,,,,,,,,,,,,,,,,,,,,,,,,,,,,,,,,,,,,,,,,,,,,,,,,,,,,,,,,,,,,,,,,,,,,,,,,,,,,,,,,,,,,,,,,,,,,,,,,,,,,,,,,,,,,,,,,,,,,,,,,,,,,,,,,,,,,,,,,,
q07,2,3,1,1.41,,,773859,0,never_instantiated,0,,,,,0,0,,,291451,0,never_instantiated,0,,,,,0,0,OrderItemView,,1021443,0,never_instantiated,0,,,,,0,0,,,486168,0,never_instantiated,0,,,,,0,0,OrderView,CustomerView,800000,0,never_instantiated,0,,,,,0,0,CreditCardView,,5,0,never_instantiated,0,,,,,0,0,,TaxRecordView,291451,0,never_instantiated,0,,,,,0,0,CustomerView,AddressView,800000,0,never_instantiated,0,,,,,0,0,,CategoryView,4,0,never_instantiated,0,,,,,0,0,,ProductView,19,0,never_instantiated,0,,,,,0,0,OrderItemView,,4301324,0,never_instantiated,0,,,,,0,0,OrderView,CustomerView,800000,0,never_instantiated,0,,,,,0,0,,,,,,,,,,,,,,,,,,,,,,,,,,,,,,,,,,,,,,,,,,,,,,,,,,,,,,,,,,,,,,,,,,,,,,,,,,,,,,,,,,,,,,,,,,,,,,,,,,,,,,,,,,,,,,,,,,,,,,,,,,,,,,,,,,,,,,,,,,,,,,,,
q08,2,3,1,5.73,,,1690745,0,never_instantiated,0,,,,,0,0,,,2039783,0,never_instantiated,0,,,,,0,0,,,1727854,0,never_instantiated,0,,,,,0,0,,ProductView,36,0,never_instantiated,0,,,,,0,0,,OrderItemView,12855283,0,never_instantiated,0,,,,,0,0,OrderView,CreditCardView,2039783,0,never_instantiated,0,,,,,0,0,,,2039783,0,never_instantiated,0,,,,,0,0,,,2039783,0,never_instantiated,0,,,,,0,0,CreditCardView,,1586092,0,never_instantiated,0,,,,,0,0,CreditCardView,OrderView,3214641,0,never_instantiated,0,,,,,0,0,OrderItemView,,4593116,0,never_instantiated,0,,,,,0,0,OrderView,CreditCardView,2039783,0,never_instantiated,0,,,,,0,0,,TaxRecordView,800000,0,never_instantiated,0,,,,,0,0,,AddressView,800000,0,never_instantiated,0,,,,,0,0,,CustomerView,800000,0,never_instantiated,0,,,,,0,0,OrderView,CreditCardView,2039783,0,never_instantiated,0,,,,,0,0,,CategoryView,9,0,never_instantiated,0,,,,,0,0,,ProductView,36,0,never_instantiated,0,,,,,0,0,OrderItemView,,4593116,0,never_instantiated,0,,,,,0,0,OrderView,CreditCardView,2039783,0,never_instantiated,0,,,,,0,0,,CategoryView,9,0,never_instantiated,0,,,,,0,0,,ProductView,35,0,never_instantiated,0,,,,,0,0,OrderItemView,,4593116,0,never_instantiated,0,,,,,0,0,OrderView,CreditCardView,2039783,0,never_instantiated,0,,,,,0,0
q01,2,4,1,0.60,OrderItemView,,4301324,0,never_instantiated,0,,,,,0,0,OrderView,,800000,0,never_instantiated,0,,,,,0,0,AddressView,CustomerView,800000,0,never_instantiated,0,,,,,0,0,,,,,,,,,,,,,,,,,,,,,,,,,,,,,,,,,,,,,,,,,,,,,,,,,,,,,,,,,,,,,,,,,,,,,,,,,,,,,,,,,,,,,,,,,,,,,,,,,,,,,,,,,,,,,,,,,,,,,,,,,,,,,,,,,,,,,,,,,,,,,,,,,,,,,,,,,,,,,,,,,,,,,,,,,,,,,,,,,,,,,,,,,,,,,,,,,,,,,,,,,,,,,,,,,,,,,,,,,,,,,,,,,,,,,,,,,,,,,,,,,,,,,,,,,,,,
q02,2,4,1,2.54,,,800000,0,never_instantiated,0,,,,,0,0,,,770796,0,never_instantiated,0,,,,,0,0,,,731189,0,never_instantiated,0,,,,,0,0,,,800000,0,never_instantiated,0,,,,,0,0,,,751547,0,never_instantiated,0,,,,,0,0,,,402948,0,never_instantiated,0,,,,,0,0,CreditCardView,CustomerView,800000,0,never_instantiated,0,,,,,0,0,,TaxRecordView,402948,0,never_instantiated,0,,,,,0,0,AddressView,CustomerView,800000,0,never_instantiated,0,,,,,0,0,,CategoryView,2,0,never_instantiated,0,,,,,0,0,,ProductView,9,0,never_instantiated,0,,,,,0,0,OrderItemView,,4301324,0,never_instantiated,0,,,,,0,0,OrderView,CustomerView,800000,0,never_instantiated,0,,,,,0,0,OrderView,CustomerView,800000,0,never_instantiated,0,,,,,0,0,OrderItemView,,1835997,0,never_instantiated,0,,,,,0,0,OrderView,CustomerView,800000,0,never_instantiated,0,,,,,0,0,,CategoryView,3,0,never_instantiated,0,,,,,0,0,,ProductView,16,0,never_instantiated,0,,,,,0,0,OrderItemView,,4301324,0,never_instantiated,0,,,,,0,0,OrderView,CustomerView,800000,0,never_instantiated,0,,,,,0,0,,CreditCardView,2039783,0,never_instantiated,0,,,,,0,0,OrderView,CustomerView,800000,0,never_instantiated,0,,,,,0,0,,,,,,,,,,,,,,,,,,,,,,,,
q03,2,4,1,1.18,,,800000,0,never_instantiated,0,,,,,0,0,,CategoryView,9,0,never_instantiated,0,,,,,0,0,,TaxRecordView,800000,0,never_instantiated,0,,,,,0,0,,AddressView,800000,0,never_instantiated,0,,,,,0,0,CustomerView,,3430857,0,never_instantiated,0,,,,,0,0,,ProductView,8,0,never_instantiated,0,,,,,0,0,,CreditCardView,1632147,0,never_instantiated,0,,,,,0,0,OrderItemView,OrderView,4283993,0,never_instantiated,0,,,,,0,0,CreditCardView,CustomerView,800000,0,never_instantiated,0,,,,,0,0,,,,,,,,,,,,,,,,,,,,,,,,,,,,,,,,,,,,,,,,,,,,,,,,,,,,,,,,,,,,,,,,,,,,,,,,,,,,,,,,,,,,,,,,,,,,,,,,,,,,,,,,,,,,,,,,,,,,,,,,,,,,,,,,,,,,,,,,,,,,,,,,,,,,,,,,,,,,,,,,,,,,,,,,,,,,,,,,,,,,
q04,2,4,1,4.26,,,9,0,never_instantiated,0,,,,,0,0,,,9,0,never_instantiated,0,,,,,0,0,,,9,0,never_instantiated,0,,,,,0,0,,,9,0,never_instantiated,0,,,,,0,0,,CreditCardView,2039783,0,never_instantiated,0,,,,,0,0,,OrderView,4283993,0,never_instantiated,0,,,,,0,0,OrderItemView,,36,0,never_instantiated,0,,,,,0,0,ProductView,CategoryView,9,0,never_instantiated,0,,,,,0,0,,TaxRecordView,800000,0,never_instantiated,0,,,,,0,0,,AddressView,800000,0,never_instantiated,0,,,,,0,0,,CustomerView,800000,0,never_instantiated,0,,,,,0,0,,OrderView,4283993,0,never_instantiated,0,,,,,0,0,OrderItemView,,36,0,never_instantiated,0,,,,,0,0,ProductView,CategoryView,9,0,never_instantiated,0,,,,,0,0,ProductView,CategoryView,9,0,never_instantiated,0,,,,,0,0,OrderItemView,,36,0,never_instantiated,0,,,,,0,0,ProductView,CategoryView,9,0,never_instantiated,0,,,,,0,0,,CreditCardView,2039783,0,never_instantiated,0,,,,,0,0,,OrderView,4283993,0,never_instantiated,0,,,,,0,0,OrderItemView,,36,0,never_instantiated,0,,,,,0,0,ProductView,CategoryView,9,0,never_instantiated,0,,,,,0,0,,,,,,,,,,,,,,,,,,,,,,,,,,,,,,,,,,,,
q05,2,4,1,1.07,,,73297,0,never_instantiated,0,,,,,0,0,,ProductView,36,0,never_instantiated,0,,,,,0,0,OrderItemView,,4301324,0,never_instantiated,0,,,,,0,0,OrderView,,800000,0,never_instantiated,0,,,,,0,0,TaxRecordView,AddressView,800000,0,never_instantiated,0,,,,,0,0,,,73297,0,never_instantiated,0,,,,,0,0,,CustomerView,800000,0,never_instantiated,0,,,,,0,0,TaxRecordView,AddressView,800000,0,never_instantiated,0,,,,,0,0,OrderView,,800000,0,never_instantiated,0,,,,,0,0,TaxRecordView,AddressView,800000,0,never_instantiated,0,,,,,0,0,,,,,,,,,,,,,,,,,,,,,,,,,,,,,,,,,,,,,,,,,,,,,,,,,,,,,,,,,,,,,,,,,,,,,,,,,,,,,,,,,,,,,,,,,,,,,,,,,,,,,,,,,,,,,,,,,,,,,,,,,,,,,,,,,,,,,,,,,,,,,,,,,,,,,,,,,,,,,,,,,,,,,,,,
q06,2,4,1,1.31,,,9,0,never_instantiated,0,,,,,0,0,,,36,0,never_instantiated,0,,,,,0,0,,,128389,0,never_instantiated,0,,,,,0,0,,OrderView,4283993,0,never_instantiated,0,,,,,0,0,OrderItemView,ProductView,36,0,never_instantiated,0,,,,,0,0,AddressView,,8,0,never_instantiated,0,,,,,0,0,ProductView,,36,0,never_instantiated,0,,,,,0,0,,CustomerView,800000,0,never_instantiated,0,,,,,0,0,,AddressView,800000,0,never_instantiated,0,,,,,0,0,,OrderView,4283993,0,never_instantiated,0,,,,,0,0,OrderItemView,ProductView,36,0,never_instantiated,0,,,,,0,0,ProductView,CategoryView,2,0,never_instantiated,0,,,,,0,0,,,,,,,,,,,,,,,,,,,,,,,,,,,,,,,,,,,,,,,,,,,,,,,,,,,,,,,,,,,,,,,,,,,,,,,,,,,,,,,,,,,,,,,,,,,,,,,,,,,,,,,,,,,,,,,,,,,,,,,,,,,,,,,,,,,,,,,,,,,,,,,,
q07,2,4,1,1.40,,,773859,0,never_instantiated,0,,,,,0,0,,,291451,0,never_instantiated,0,,,,,0,0,OrderItemView,,1021443,0,never_instantiated,0,,,,,0,0,,,486168,0,never_instantiated,0,,,,,0,0,OrderView,CustomerView,800000,0,never_instantiated,0,,,,,0,0,CreditCardView,,5,0,never_instantiated,0,,,,,0,0,,TaxRecordView,291451,0,never_instantiated,0,,,,,0,0,CustomerView,AddressView,800000,0,never_instantiated,0,,,,,0,0,,CategoryView,4,0,never_instantiated,0,,,,,0,0,,ProductView,19,0,never_instantiated,0,,,,,0,0,OrderItemView,,4301324,0,never_instantiated,0,,,,,0,0,OrderView,CustomerView,800000,0,never_instantiated,0,,,,,0,0,,,,,,,,,,,,,,,,,,,,,,,,,,,,,,,,,,,,,,,,,,,,,,,,,,,,,,,,,,,,,,,,,,,,,,,,,,,,,,,,,,,,,,,,,,,,,,,,,,,,,,,,,,,,,,,,,,,,,,,,,,,,,,,,,,,,,,,,,,,,,,,,
q08,2,4,1,5.72,,,1690745,0,never_instantiated,0,,,,,0,0,,,2039783,0,never_instantiated,0,,,,,0,0,,,1727854,0,never_instantiated,0,,,,,0,0,,ProductView,36,0,never_instantiated,0,,,,,0,0,,OrderItemView,12855283,0,never_instantiated,0,,,,,0,0,OrderView,CreditCardView,2039783,0,never_instantiated,0,,,,,0,0,,,2039783,0,never_instantiated,0,,,,,0,0,,,2039783,0,never_instantiated,0,,,,,0,0,CreditCardView,,1586092,0,never_instantiated,0,,,,,0,0,CreditCardView,OrderView,3214641,0,never_instantiated,0,,,,,0,0,OrderItemView,,4593116,0,never_instantiated,0,,,,,0,0,OrderView,CreditCardView,2039783,0,never_instantiated,0,,,,,0,0,,TaxRecordView,800000,0,never_instantiated,0,,,,,0,0,,AddressView,800000,0,never_instantiated,0,,,,,0,0,,CustomerView,800000,0,never_instantiated,0,,,,,0,0,OrderView,CreditCardView,2039783,0,never_instantiated,0,,,,,0,0,,CategoryView,9,0,never_instantiated,0,,,,,0,0,,ProductView,36,0,never_instantiated,0,,,,,0,0,OrderItemView,,4593116,0,never_instantiated,0,,,,,0,0,OrderView,CreditCardView,2039783,0,never_instantiated,0,,,,,0,0,,CategoryView,9,0,never_instantiated,0,,,,,0,0,,ProductView,35,0,never_instantiated,0,,,,,0,0,OrderItemView,,4593116,0,never_instantiated,0,,,,,0,0,OrderView,CreditCardView,2039783,0,never_instantiated,0,,,,,0,0
q01,2,5,1,0.60,OrderItemView,,4301324,0,never_instantiated,0,,,,,0,0,OrderView,,800000,0,never_instantiated,0,,,,,0,0,AddressView,CustomerView,800000,0,never_instantiated,0,,,,,0,0,,,,,,,,,,,,,,,,,,,,,,,,,,,,,,,,,,,,,,,,,,,,,,,,,,,,,,,,,,,,,,,,,,,,,,,,,,,,,,,,,,,,,,,,,,,,,,,,,,,,,,,,,,,,,,,,,,,,,,,,,,,,,,,,,,,,,,,,,,,,,,,,,,,,,,,,,,,,,,,,,,,,,,,,,,,,,,,,,,,,,,,,,,,,,,,,,,,,,,,,,,,,,,,,,,,,,,,,,,,,,,,,,,,,,,,,,,,,,,,,,,,,,,,,,,,,
q02,2,5,1,2.54,,,800000,0,never_instantiated,0,,,,,0,0,,,770796,0,never_instantiated,0,,,,,0,0,,,731189,0,never_instantiated,0,,,,,0,0,,,800000,0,never_instantiated,0,,,,,0,0,,,751547,0,never_instantiated,0,,,,,0,0,,,402948,0,never_instantiated,0,,,,,0,0,CreditCardView,CustomerView,800000,0,never_instantiated,0,,,,,0,0,,TaxRecordView,402948,0,never_instantiated,0,,,,,0,0,AddressView,CustomerView,800000,0,never_instantiated,0,,,,,0,0,,CategoryView,2,0,never_instantiated,0,,,,,0,0,,ProductView,9,0,never_instantiated,0,,,,,0,0,OrderItemView,,4301324,0,never_instantiated,0,,,,,0,0,OrderView,CustomerView,800000,0,never_instantiated,0,,,,,0,0,OrderView,CustomerView,800000,0,never_instantiated,0,,,,,0,0,OrderItemView,,1835997,0,never_instantiated,0,,,,,0,0,OrderView,CustomerView,800000,0,never_instantiated,0,,,,,0,0,,CategoryView,3,0,never_instantiated,0,,,,,0,0,,ProductView,16,0,never_instantiated,0,,,,,0,0,OrderItemView,,4301324,0,never_instantiated,0,,,,,0,0,OrderView,CustomerView,800000,0,never_instantiated,0,,,,,0,0,,CreditCardView,2039783,0,never_instantiated,0,,,,,0,0,OrderView,CustomerView,800000,0,never_instantiated,0,,,,,0,0,,,,,,,,,,,,,,,,,,,,,,,,
q03,2,5,1,1.24,,,800000,0,never_instantiated,0,,,,,0,0,,CategoryView,9,0,never_instantiated,0,,,,,0,0,,TaxRecordView,800000,0,never_instantiated,0,,,,,0,0,,AddressView,800000,0,never_instantiated,0,,,,,0,0,CustomerView,,3430857,0,never_instantiated,0,,,,,0,0,CreditCardView,,4287481,0,never_instantiated,0,,,,,0,0,,ProductView,8,0,never_instantiated,0,,,,,0,0,OrderItemView,OrderView,4283993,0,never_instantiated,0,,,,,0,0,CreditCardView,CustomerView,800000,0,never_instantiated,0,,,,,0,0,,,,,,,,,,,,,,,,,,,,,,,,,,,,,,,,,,,,,,,,,,,,,,,,,,,,,,,,,,,,,,,,,,,,,,,,,,,,,,,,,,,,,,,,,,,,,,,,,,,,,,,,,,,,,,,,,,,,,,,,,,,,,,,,,,,,,,,,,,,,,,,,,,,,,,,,,,,,,,,,,,,,,,,,,,,,,,,,,,,,
q04,2,5,1,4.26,,,9,0,never_instantiated,0,,,,,0,0,,,9,0,never_instantiated,0,,,,,0,0,,,9,0,never_instantiated,0,,,,,0,0,,,9,0,never_instantiated,0,,,,,0,0,,CreditCardView,2039783,0,never_instantiated,0,,,,,0,0,,OrderView,4283993,0,never_instantiated,0,,,,,0,0,OrderItemView,,36,0,never_instantiated,0,,,,,0,0,ProductView,CategoryView,9,0,never_instantiated,0,,,,,0,0,,TaxRecordView,800000,0,never_instantiated,0,,,,,0,0,,AddressView,800000,0,never_instantiated,0,,,,,0,0,,CustomerView,800000,0,never_instantiated,0,,,,,0,0,,OrderView,4283993,0,never_instantiated,0,,,,,0,0,OrderItemView,,36,0,never_instantiated,0,,,,,0,0,ProductView,CategoryView,9,0,never_instantiated,0,,,,,0,0,ProductView,CategoryView,9,0,never_instantiated,0,,,,,0,0,OrderItemView,,36,0,never_instantiated,0,,,,,0,0,ProductView,CategoryView,9,0,never_instantiated,0,,,,,0,0,,CreditCardView,2039783,0,never_instantiated,0,,,,,0,0,,OrderView,4283993,0,never_instantiated,0,,,,,0,0,OrderItemView,,36,0,never_instantiated,0,,,,,0,0,ProductView,CategoryView,9,0,never_instantiated,0,,,,,0,0,,,,,,,,,,,,,,,,,,,,,,,,,,,,,,,,,,,,
q05,2,5,1,1.07,,,73297,0,never_instantiated,0,,,,,0,0,,ProductView,36,0,never_instantiated,0,,,,,0,0,OrderItemView,,4301324,0,never_instantiated,0,,,,,0,0,OrderView,,800000,0,never_instantiated,0,,,,,0,0,TaxRecordView,AddressView,800000,0,never_instantiated,0,,,,,0,0,,,73297,0,never_instantiated,0,,,,,0,0,,CustomerView,800000,0,never_instantiated,0,,,,,0,0,TaxRecordView,AddressView,800000,0,never_instantiated,0,,,,,0,0,OrderView,,800000,0,never_instantiated,0,,,,,0,0,TaxRecordView,AddressView,800000,0,never_instantiated,0,,,,,0,0,,,,,,,,,,,,,,,,,,,,,,,,,,,,,,,,,,,,,,,,,,,,,,,,,,,,,,,,,,,,,,,,,,,,,,,,,,,,,,,,,,,,,,,,,,,,,,,,,,,,,,,,,,,,,,,,,,,,,,,,,,,,,,,,,,,,,,,,,,,,,,,,,,,,,,,,,,,,,,,,,,,,,,,,
q06,2,5,1,1.29,,,9,0,never_instantiated,0,,,,,0,0,,,36,0,never_instantiated,0,,,,,0,0,,,128389,0,never_instantiated,0,,,,,0,0,,OrderView,4283993,0,never_instantiated,0,,,,,0,0,OrderItemView,ProductView,36,0,never_instantiated,0,,,,,0,0,AddressView,,8,0,never_instantiated,0,,,,,0,0,ProductView,,36,0,never_instantiated,0,,,,,0,0,,CustomerView,800000,0,never_instantiated,0,,,,,0,0,,AddressView,800000,0,never_instantiated,0,,,,,0,0,,OrderView,4283993,0,never_instantiated,0,,,,,0,0,OrderItemView,ProductView,36,0,never_instantiated,0,,,,,0,0,ProductView,CategoryView,2,0,never_instantiated,0,,,,,0,0,,,,,,,,,,,,,,,,,,,,,,,,,,,,,,,,,,,,,,,,,,,,,,,,,,,,,,,,,,,,,,,,,,,,,,,,,,,,,,,,,,,,,,,,,,,,,,,,,,,,,,,,,,,,,,,,,,,,,,,,,,,,,,,,,,,,,,,,,,,,,,,,
q07,2,5,1,1.41,,,773859,0,never_instantiated,0,,,,,0,0,,,291451,0,never_instantiated,0,,,,,0,0,OrderItemView,,1021443,0,never_instantiated,0,,,,,0,0,,,486168,0,never_instantiated,0,,,,,0,0,OrderView,CustomerView,800000,0,never_instantiated,0,,,,,0,0,CreditCardView,,5,0,never_instantiated,0,,,,,0,0,,TaxRecordView,291451,0,never_instantiated,0,,,,,0,0,CustomerView,AddressView,800000,0,never_instantiated,0,,,,,0,0,,CategoryView,4,0,never_instantiated,0,,,,,0,0,,ProductView,19,0,never_instantiated,0,,,,,0,0,OrderItemView,,4301324,0,never_instantiated,0,,,,,0,0,OrderView,CustomerView,800000,0,never_instantiated,0,,,,,0,0,,,,,,,,,,,,,,,,,,,,,,,,,,,,,,,,,,,,,,,,,,,,,,,,,,,,,,,,,,,,,,,,,,,,,,,,,,,,,,,,,,,,,,,,,,,,,,,,,,,,,,,,,,,,,,,,,,,,,,,,,,,,,,,,,,,,,,,,,,,,,,,,
q08,2,5,1,5.60,,,1690745,0,never_instantiated,0,,,,,0,0,,,2039783,0,never_instantiated,0,,,,,0,0,,,1727854,0,never_instantiated,0,,,,,0,0,,ProductView,36,0,never_instantiated,0,,,,,0,0,,OrderItemView,12855283,0,never_instantiated,0,,,,,0,0,OrderView,CreditCardView,2039783,0,never_instantiated,0,,,,,0,0,,,2039783,0,never_instantiated,0,,,,,0,0,,,2039783,0,never_instantiated,0,,,,,0,0,CreditCardView,,1586092,0,never_instantiated,0,,,,,0,0,CreditCardView,OrderView,3214641,0,never_instantiated,0,,,,,0,0,OrderItemView,,4593116,0,never_instantiated,0,,,,,0,0,OrderView,CreditCardView,2039783,0,never_instantiated,0,,,,,0,0,,TaxRecordView,800000,0,never_instantiated,0,,,,,0,0,,AddressView,800000,0,never_instantiated,0,,,,,0,0,,CustomerView,800000,0,never_instantiated,0,,,,,0,0,OrderView,CreditCardView,2039783,0,never_instantiated,0,,,,,0,0,,CategoryView,9,0,never_instantiated,0,,,,,0,0,,ProductView,36,0,never_instantiated,0,,,,,0,0,OrderItemView,,4593116,0,never_instantiated,0,,,,,0,0,OrderView,CreditCardView,2039783,0,never_instantiated,0,,,,,0,0,,CategoryView,9,0,never_instantiated,0,,,,,0,0,,ProductView,35,0,never_instantiated,0,,,,,0,0,OrderItemView,,4593116,0,never_instantiated,0,,,,,0,0,OrderView,CreditCardView,2039783,0,never_instantiated,0,,,,,0,0
q01,2,6,1,0.62,OrderItemView,,4301324,0,never_instantiated,0,,,,,0,0,OrderView,,800000,0,never_instantiated,0,,,,,0,0,AddressView,CustomerView,800000,0,never_instantiated,0,,,,,0,0,,,,,,,,,,,,,,,,,,,,,,,,,,,,,,,,,,,,,,,,,,,,,,,,,,,,,,,,,,,,,,,,,,,,,,,,,,,,,,,,,,,,,,,,,,,,,,,,,,,,,,,,,,,,,,,,,,,,,,,,,,,,,,,,,,,,,,,,,,,,,,,,,,,,,,,,,,,,,,,,,,,,,,,,,,,,,,,,,,,,,,,,,,,,,,,,,,,,,,,,,,,,,,,,,,,,,,,,,,,,,,,,,,,,,,,,,,,,,,,,,,,,,,,,,,,,
q02,2,6,1,2.58,,,800000,0,never_instantiated,0,,,,,0,0,,,770796,0,never_instantiated,0,,,,,0,0,,,731189,0,never_instantiated,0,,,,,0,0,,,800000,0,never_instantiated,0,,,,,0,0,,,751547,0,never_instantiated,0,,,,,0,0,,,402948,0,never_instantiated,0,,,,,0,0,CreditCardView,CustomerView,800000,0,never_instantiated,0,,,,,0,0,,TaxRecordView,402948,0,never_instantiated,0,,,,,0,0,AddressView,CustomerView,800000,0,never_instantiated,0,,,,,0,0,,CategoryView,2,0,never_instantiated,0,,,,,0,0,,ProductView,9,0,never_instantiated,0,,,,,0,0,OrderItemView,,4301324,0,never_instantiated,0,,,,,0,0,OrderView,CustomerView,800000,0,never_instantiated,0,,,,,0,0,OrderView,CustomerView,800000,0,never_instantiated,0,,,,,0,0,OrderItemView,,1835997,0,never_instantiated,0,,,,,0,0,OrderView,CustomerView,800000,0,never_instantiated,0,,,,,0,0,,CategoryView,3,0,never_instantiated,0,,,,,0,0,,ProductView,16,0,never_instantiated,0,,,,,0,0,OrderItemView,,4301324,0,never_instantiated,0,,,,,0,0,OrderView,CustomerView,800000,0,never_instantiated,0,,,,,0,0,,CreditCardView,2039783,0,never_instantiated,0,,,,,0,0,OrderView,CustomerView,800000,0,never_instantiated,0,,,,,0,0,,,,,,,,,,,,,,,,,,,,,,,,
q03,2,6,1,1.17,,,800000,0,never_instantiated,0,,,,,0,0,,CategoryView,9,0,never_instantiated,0,,,,,0,0,,TaxRecordView,800000,0,never_instantiated,0,,,,,0,0,,AddressView,800000,0,never_instantiated,0,,,,,0,0,CustomerView,,3430857,0,never_instantiated,0,,,,,0,0,,ProductView,8,0,never_instantiated,0,,,,,0,0,,CreditCardView,1632147,0,never_instantiated,0,,,,,0,0,OrderItemView,OrderView,4283993,0,never_instantiated,0,,,,,0,0,CreditCardView,CustomerView,800000,0,never_instantiated,0,,,,,0,0,,,,,,,,,,,,,,,,,,,,,,,,,,,,,,,,,,,,,,,,,,,,,,,,,,,,,,,,,,,,,,,,,,,,,,,,,,,,,,,,,,,,,,,,,,,,,,,,,,,,,,,,,,,,,,,,,,,,,,,,,,,,,,,,,,,,,,,,,,,,,,,,,,,,,,,,,,,,,,,,,,,,,,,,,,,,,,,,,,,,
q04,2,6,1,4.26,,,9,0,never_instantiated,0,,,,,0,0,,,9,0,never_instantiated,0,,,,,0,0,,,9,0,never_instantiated,0,,,,,0,0,,,9,0,never_instantiated,0,,,,,0,0,,CreditCardView,2039783,0,never_instantiated,0,,,,,0,0,,OrderView,4283993,0,never_instantiated,0,,,,,0,0,OrderItemView,,36,0,never_instantiated,0,,,,,0,0,ProductView,CategoryView,9,0,never_instantiated,0,,,,,0,0,,TaxRecordView,800000,0,never_instantiated,0,,,,,0,0,,AddressView,800000,0,never_instantiated,0,,,,,0,0,,CustomerView,800000,0,never_instantiated,0,,,,,0,0,,OrderView,4283993,0,never_instantiated,0,,,,,0,0,OrderItemView,,36,0,never_instantiated,0,,,,,0,0,ProductView,CategoryView,9,0,never_instantiated,0,,,,,0,0,ProductView,CategoryView,9,0,never_instantiated,0,,,,,0,0,OrderItemView,,36,0,never_instantiated,0,,,,,0,0,ProductView,CategoryView,9,0,never_instantiated,0,,,,,0,0,,CreditCardView,2039783,0,never_instantiated,0,,,,,0,0,,OrderView,4283993,0,never_instantiated,0,,,,,0,0,OrderItemView,,36,0,never_instantiated,0,,,,,0,0,ProductView,CategoryView,9,0,never_instantiated,0,,,,,0,0,,,,,,,,,,,,,,,,,,,,,,,,,,,,,,,,,,,,
q05,2,6,1,1.07,,,73297,0,never_instantiated,0,,,,,0,0,,ProductView,36,0,never_instantiated,0,,,,,0,0,OrderItemView,,4301324,0,never_instantiated,0,,,,,0,0,OrderView,,800000,0,never_instantiated,0,,,,,0,0,TaxRecordView,AddressView,800000,0,never_instantiated,0,,,,,0,0,,,73297,0,never_instantiated,0,,,,,0,0,,CustomerView,800000,0,never_instantiated,0,,,,,0,0,TaxRecordView,AddressView,800000,0,never_instantiated,0,,,,,0,0,OrderView,,800000,0,never_instantiated,0,,,,,0,0,TaxRecordView,AddressView,800000,0,never_instantiated,0,,,,,0,0,,,,,,,,,,,,,,,,,,,,,,,,,,,,,,,,,,,,,,,,,,,,,,,,,,,,,,,,,,,,,,,,,,,,,,,,,,,,,,,,,,,,,,,,,,,,,,,,,,,,,,,,,,,,,,,,,,,,,,,,,,,,,,,,,,,,,,,,,,,,,,,,,,,,,,,,,,,,,,,,,,,,,,,,
q06,2,6,1,1.29,,,9,0,never_instantiated,0,,,,,0,0,,,36,0,never_instantiated,0,,,,,0,0,,,128389,0,never_instantiated,0,,,,,0,0,,OrderView,4283993,0,never_instantiated,0,,,,,0,0,OrderItemView,ProductView,36,0,never_instantiated,0,,,,,0,0,AddressView,,8,0,never_instantiated,0,,,,,0,0,ProductView,,36,0,never_instantiated,0,,,,,0,0,,CustomerView,800000,0,never_instantiated,0,,,,,0,0,,AddressView,800000,0,never_instantiated,0,,,,,0,0,,OrderView,4283993,0,never_instantiated,0,,,,,0,0,OrderItemView,ProductView,36,0,never_instantiated,0,,,,,0,0,ProductView,CategoryView,2,0,never_instantiated,0,,,,,0,0,,,,,,,,,,,,,,,,,,,,,,,,,,,,,,,,,,,,,,,,,,,,,,,,,,,,,,,,,,,,,,,,,,,,,,,,,,,,,,,,,,,,,,,,,,,,,,,,,,,,,,,,,,,,,,,,,,,,,,,,,,,,,,,,,,,,,,,,,,,,,,,,
q07,2,6,1,1.44,,,773859,0,never_instantiated,0,,,,,0,0,,,291451,0,never_instantiated,0,,,,,0,0,OrderItemView,,1021443,0,never_instantiated,0,,,,,0,0,,,486168,0,never_instantiated,0,,,,,0,0,OrderView,CustomerView,800000,0,never_instantiated,0,,,,,0,0,CreditCardView,,5,0,never_instantiated,0,,,,,0,0,,TaxRecordView,291451,0,never_instantiated,0,,,,,0,0,CustomerView,AddressView,800000,0,never_instantiated,0,,,,,0,0,,CategoryView,4,0,never_instantiated,0,,,,,0,0,,ProductView,19,0,never_instantiated,0,,,,,0,0,OrderItemView,,4301324,0,never_instantiated,0,,,,,0,0,OrderView,CustomerView,800000,0,never_instantiated,0,,,,,0,0,,,,,,,,,,,,,,,,,,,,,,,,,,,,,,,,,,,,,,,,,,,,,,,,,,,,,,,,,,,,,,,,,,,,,,,,,,,,,,,,,,,,,,,,,,,,,,,,,,,,,,,,,,,,,,,,,,,,,,,,,,,,,,,,,,,,,,,,,,,,,,,,
q08,2,6,1,5.70,,,1690745,0,never_instantiated,0,,,,,0,0,,,2039783,0,never_instantiated,0,,,,,0,0,,,1727854,0,never_instantiated,0,,,,,0,0,,ProductView,36,0,never_instantiated,0,,,,,0,0,,OrderItemView,12855283,0,never_instantiated,0,,,,,0,0,OrderView,CreditCardView,2039783,0,never_instantiated,0,,,,,0,0,,,2039783,0,never_instantiated,0,,,,,0,0,,,2039783,0,never_instantiated,0,,,,,0,0,CreditCardView,,1586092,0,never_instantiated,0,,,,,0,0,CreditCardView,OrderView,3214641,0,never_instantiated,0,,,,,0,0,OrderItemView,,4593116,0,never_instantiated,0,,,,,0,0,OrderView,CreditCardView,2039783,0,never_instantiated,0,,,,,0,0,,TaxRecordView,800000,0,never_instantiated,0,,,,,0,0,,AddressView,800000,0,never_instantiated,0,,,,,0,0,,CustomerView,800000,0,never_instantiated,0,,,,,0,0,OrderView,CreditCardView,2039783,0,never_instantiated,0,,,,,0,0,,CategoryView,9,0,never_instantiated,0,,,,,0,0,,ProductView,36,0,never_instantiated,0,,,,,0,0,OrderItemView,,4593116,0,never_instantiated,0,,,,,0,0,OrderView,CreditCardView,2039783,0,never_instantiated,0,,,,,0,0,,CategoryView,9,0,never_instantiated,0,,,,,0,0,,ProductView,35,0,never_instantiated,0,,,,,0,0,OrderItemView,,4593116,0,never_instantiated,0,,,,,0,0,OrderView,CreditCardView,2039783,0,never_instantiated,0,,,,,0,0
q01,2,7,1,0.61,OrderItemView,,4301324,0,never_instantiated,0,,,,,0,0,OrderView,,800000,0,never_instantiated,0,,,,,0,0,AddressView,CustomerView,800000,0,never_instantiated,0,,,,,0,0,,,,,,,,,,,,,,,,,,,,,,,,,,,,,,,,,,,,,,,,,,,,,,,,,,,,,,,,,,,,,,,,,,,,,,,,,,,,,,,,,,,,,,,,,,,,,,,,,,,,,,,,,,,,,,,,,,,,,,,,,,,,,,,,,,,,,,,,,,,,,,,,,,,,,,,,,,,,,,,,,,,,,,,,,,,,,,,,,,,,,,,,,,,,,,,,,,,,,,,,,,,,,,,,,,,,,,,,,,,,,,,,,,,,,,,,,,,,,,,,,,,,,,,,,,,,
q02,2,7,1,2.53,,,800000,0,never_instantiated,0,,,,,0,0,,,770796,0,never_instantiated,0,,,,,0,0,,,731189,0,never_instantiated,0,,,,,0,0,,,800000,0,never_instantiated,0,,,,,0,0,,,751547,0,never_instantiated,0,,,,,0,0,,,402948,0,never_instantiated,0,,,,,0,0,CreditCardView,CustomerView,800000,0,never_instantiated,0,,,,,0,0,,TaxRecordView,402948,0,never_instantiated,0,,,,,0,0,AddressView,CustomerView,800000,0,never_instantiated,0,,,,,0,0,,CategoryView,2,0,never_instantiated,0,,,,,0,0,,ProductView,9,0,never_instantiated,0,,,,,0,0,OrderItemView,,4301324,0,never_instantiated,0,,,,,0,0,OrderView,CustomerView,800000,0,never_instantiated,0,,,,,0,0,OrderView,CustomerView,800000,0,never_instantiated,0,,,,,0,0,OrderItemView,,1835997,0,never_instantiated,0,,,,,0,0,OrderView,CustomerView,800000,0,never_instantiated,0,,,,,0,0,,CategoryView,3,0,never_instantiated,0,,,,,0,0,,ProductView,16,0,never_instantiated,0,,,,,0,0,OrderItemView,,4301324,0,never_instantiated,0,,,,,0,0,OrderView,CustomerView,800000,0,never_instantiated,0,,,,,0,0,,CreditCardView,2039783,0,never_instantiated,0,,,,,0,0,OrderView,CustomerView,800000,0,never_instantiated,0,,,,,0,0,,,,,,,,,,,,,,,,,,,,,,,,
q03,2,7,1,1.25,,,800000,0,never_instantiated,0,,,,,0,0,,CategoryView,9,0,never_instantiated,0,,,,,0,0,,TaxRecordView,800000,0,never_instantiated,0,,,,,0,0,,AddressView,800000,0,never_instantiated,0,,,,,0,0,CustomerView,,3430857,0,never_instantiated,0,,,,,0,0,CreditCardView,,4287481,0,never_instantiated,0,,,,,0,0,,ProductView,8,0,never_instantiated,0,,,,,0,0,OrderItemView,OrderView,4283993,0,never_instantiated,0,,,,,0,0,CreditCardView,CustomerView,800000,0,never_instantiated,0,,,,,0,0,,,,,,,,,,,,,,,,,,,,,,,,,,,,,,,,,,,,,,,,,,,,,,,,,,,,,,,,,,,,,,,,,,,,,,,,,,,,,,,,,,,,,,,,,,,,,,,,,,,,,,,,,,,,,,,,,,,,,,,,,,,,,,,,,,,,,,,,,,,,,,,,,,,,,,,,,,,,,,,,,,,,,,,,,,,,,,,,,,,,
q04,2,7,1,4.25,,,9,0,never_instantiated,0,,,,,0,0,,,9,0,never_instantiated,0,,,,,0,0,,,9,0,never_instantiated,0,,,,,0,0,,,9,0,never_instantiated,0,,,,,0,0,,CreditCardView,2039783,0,never_instantiated,0,,,,,0,0,,OrderView,4283993,0,never_instantiated,0,,,,,0,0,OrderItemView,,36,0,never_instantiated,0,,,,,0,0,ProductView,CategoryView,9,0,never_instantiated,0,,,,,0,0,,TaxRecordView,800000,0,never_instantiated,0,,,,,0,0,,AddressView,800000,0,never_instantiated,0,,,,,0,0,,CustomerView,800000,0,never_instantiated,0,,,,,0,0,,OrderView,4283993,0,never_instantiated,0,,,,,0,0,OrderItemView,,36,0,never_instantiated,0,,,,,0,0,ProductView,CategoryView,9,0,never_instantiated,0,,,,,0,0,ProductView,CategoryView,9,0,never_instantiated,0,,,,,0,0,OrderItemView,,36,0,never_instantiated,0,,,,,0,0,ProductView,CategoryView,9,0,never_instantiated,0,,,,,0,0,,CreditCardView,2039783,0,never_instantiated,0,,,,,0,0,,OrderView,4283993,0,never_instantiated,0,,,,,0,0,OrderItemView,,36,0,never_instantiated,0,,,,,0,0,ProductView,CategoryView,9,0,never_instantiated,0,,,,,0,0,,,,,,,,,,,,,,,,,,,,,,,,,,,,,,,,,,,,
q05,2,7,1,1.07,,,73297,0,never_instantiated,0,,,,,0,0,,ProductView,36,0,never_instantiated,0,,,,,0,0,OrderItemView,,4301324,0,never_instantiated,0,,,,,0,0,OrderView,,800000,0,never_instantiated,0,,,,,0,0,TaxRecordView,AddressView,800000,0,never_instantiated,0,,,,,0,0,,,73297,0,never_instantiated,0,,,,,0,0,,CustomerView,800000,0,never_instantiated,0,,,,,0,0,TaxRecordView,AddressView,800000,0,never_instantiated,0,,,,,0,0,OrderView,,800000,0,never_instantiated,0,,,,,0,0,TaxRecordView,AddressView,800000,0,never_instantiated,0,,,,,0,0,,,,,,,,,,,,,,,,,,,,,,,,,,,,,,,,,,,,,,,,,,,,,,,,,,,,,,,,,,,,,,,,,,,,,,,,,,,,,,,,,,,,,,,,,,,,,,,,,,,,,,,,,,,,,,,,,,,,,,,,,,,,,,,,,,,,,,,,,,,,,,,,,,,,,,,,,,,,,,,,,,,,,,,,
q06,2,7,1,1.31,,,9,0,never_instantiated,0,,,,,0,0,,,36,0,never_instantiated,0,,,,,0,0,,,128389,0,never_instantiated,0,,,,,0,0,,OrderView,4283993,0,never_instantiated,0,,,,,0,0,OrderItemView,ProductView,36,0,never_instantiated,0,,,,,0,0,AddressView,,8,0,never_instantiated,0,,,,,0,0,ProductView,,36,0,never_instantiated,0,,,,,0,0,,CustomerView,800000,0,never_instantiated,0,,,,,0,0,,AddressView,800000,0,never_instantiated,0,,,,,0,0,,OrderView,4283993,0,never_instantiated,0,,,,,0,0,OrderItemView,ProductView,36,0,never_instantiated,0,,,,,0,0,ProductView,CategoryView,2,0,never_instantiated,0,,,,,0,0,,,,,,,,,,,,,,,,,,,,,,,,,,,,,,,,,,,,,,,,,,,,,,,,,,,,,,,,,,,,,,,,,,,,,,,,,,,,,,,,,,,,,,,,,,,,,,,,,,,,,,,,,,,,,,,,,,,,,,,,,,,,,,,,,,,,,,,,,,,,,,,,
q07,2,7,1,1.45,,,773859,0,never_instantiated,0,,,,,0,0,,,291451,0,never_instantiated,0,,,,,0,0,OrderItemView,,1021443,0,never_instantiated,0,,,,,0,0,,,486168,0,never_instantiated,0,,,,,0,0,OrderView,CustomerView,800000,0,never_instantiated,0,,,,,0,0,CreditCardView,,5,0,never_instantiated,0,,,,,0,0,,TaxRecordView,291451,0,never_instantiated,0,,,,,0,0,CustomerView,AddressView,800000,0,never_instantiated,0,,,,,0,0,,CategoryView,4,0,never_instantiated,0,,,,,0,0,,ProductView,19,0,never_instantiated,0,,,,,0,0,OrderItemView,,4301324,0,never_instantiated,0,,,,,0,0,OrderView,CustomerView,800000,0,never_instantiated,0,,,,,0,0,,,,,,,,,,,,,,,,,,,,,,,,,,,,,,,,,,,,,,,,,,,,,,,,,,,,,,,,,,,,,,,,,,,,,,,,,,,,,,,,,,,,,,,,,,,,,,,,,,,,,,,,,,,,,,,,,,,,,,,,,,,,,,,,,,,,,,,,,,,,,,,,
q08,2,7,1,5.67,,,1690745,0,never_instantiated,0,,,,,0,0,,,2039783,0,never_instantiated,0,,,,,0,0,,,1727854,0,never_instantiated,0,,,,,0,0,,ProductView,36,0,never_instantiated,0,,,,,0,0,,OrderItemView,12855283,0,never_instantiated,0,,,,,0,0,OrderView,CreditCardView,2039783,0,never_instantiated,0,,,,,0,0,,,2039783,0,never_instantiated,0,,,,,0,0,,,2039783,0,never_instantiated,0,,,,,0,0,CreditCardView,,1586092,0,never_instantiated,0,,,,,0,0,CreditCardView,OrderView,3214641,0,never_instantiated,0,,,,,0,0,OrderItemView,,4593116,0,never_instantiated,0,,,,,0,0,OrderView,CreditCardView,2039783,0,never_instantiated,0,,,,,0,0,,TaxRecordView,800000,0,never_instantiated,0,,,,,0,0,,AddressView,800000,0,never_instantiated,0,,,,,0,0,,CustomerView,800000,0,never_instantiated,0,,,,,0,0,OrderView,CreditCardView,2039783,0,never_instantiated,0,,,,,0,0,,CategoryView,9,0,never_instantiated,0,,,,,0,0,,ProductView,36,0,never_instantiated,0,,,,,0,0,OrderItemView,,4593116,0,never_instantiated,0,,,,,0,0,OrderView,CreditCardView,2039783,0,never_instantiated,0,,,,,0,0,,CategoryView,9,0,never_instantiated,0,,,,,0,0,,ProductView,35,0,never_instantiated,0,,,,,0,0,OrderItemView,,4593116,0,never_instantiated,0,,,,,0,0,OrderView,CreditCardView,2039783,0,never_instantiated,0,,,,,0,0
q01,2,8,1,0.60,OrderItemView,,4301324,0,never_instantiated,0,,,,,0,0,OrderView,,800000,0,never_instantiated,0,,,,,0,0,AddressView,CustomerView,800000,0,never_instantiated,0,,,,,0,0,,,,,,,,,,,,,,,,,,,,,,,,,,,,,,,,,,,,,,,,,,,,,,,,,,,,,,,,,,,,,,,,,,,,,,,,,,,,,,,,,,,,,,,,,,,,,,,,,,,,,,,,,,,,,,,,,,,,,,,,,,,,,,,,,,,,,,,,,,,,,,,,,,,,,,,,,,,,,,,,,,,,,,,,,,,,,,,,,,,,,,,,,,,,,,,,,,,,,,,,,,,,,,,,,,,,,,,,,,,,,,,,,,,,,,,,,,,,,,,,,,,,,,,,,,,,
q02,2,8,1,2.54,,,800000,0,never_instantiated,0,,,,,0,0,,,770796,0,never_instantiated,0,,,,,0,0,,,731189,0,never_instantiated,0,,,,,0,0,,,800000,0,never_instantiated,0,,,,,0,0,,,751547,0,never_instantiated,0,,,,,0,0,,,402948,0,never_instantiated,0,,,,,0,0,CreditCardView,CustomerView,800000,0,never_instantiated,0,,,,,0,0,,TaxRecordView,402948,0,never_instantiated,0,,,,,0,0,AddressView,CustomerView,800000,0,never_instantiated,0,,,,,0,0,,CategoryView,2,0,never_instantiated,0,,,,,0,0,,ProductView,9,0,never_instantiated,0,,,,,0,0,OrderItemView,,4301324,0,never_instantiated,0,,,,,0,0,OrderView,CustomerView,800000,0,never_instantiated,0,,,,,0,0,OrderView,CustomerView,800000,0,never_instantiated,0,,,,,0,0,OrderItemView,,1835997,0,never_instantiated,0,,,,,0,0,OrderView,CustomerView,800000,0,never_instantiated,0,,,,,0,0,,CategoryView,3,0,never_instantiated,0,,,,,0,0,,ProductView,16,0,never_instantiated,0,,,,,0,0,OrderItemView,,4301324,0,never_instantiated,0,,,,,0,0,OrderView,CustomerView,800000,0,never_instantiated,0,,,,,0,0,,CreditCardView,2039783,0,never_instantiated,0,,,,,0,0,OrderView,CustomerView,800000,0,never_instantiated,0,,,,,0,0,,,,,,,,,,,,,,,,,,,,,,,,
q03,2,8,1,1.17,,,800000,0,never_instantiated,0,,,,,0,0,,CategoryView,9,0,never_instantiated,0,,,,,0,0,,TaxRecordView,800000,0,never_instantiated,0,,,,,0,0,,AddressView,800000,0,never_instantiated,0,,,,,0,0,CustomerView,,3430857,0,never_instantiated,0,,,,,0,0,,ProductView,8,0,never_instantiated,0,,,,,0,0,,CreditCardView,1632147,0,never_instantiated,0,,,,,0,0,OrderItemView,OrderView,4283993,0,never_instantiated,0,,,,,0,0,CreditCardView,CustomerView,800000,0,never_instantiated,0,,,,,0,0,,,,,,,,,,,,,,,,,,,,,,,,,,,,,,,,,,,,,,,,,,,,,,,,,,,,,,,,,,,,,,,,,,,,,,,,,,,,,,,,,,,,,,,,,,,,,,,,,,,,,,,,,,,,,,,,,,,,,,,,,,,,,,,,,,,,,,,,,,,,,,,,,,,,,,,,,,,,,,,,,,,,,,,,,,,,,,,,,,,,
q04,2,8,1,4.24,,,9,0,never_instantiated,0,,,,,0,0,,,9,0,never_instantiated,0,,,,,0,0,,,9,0,never_instantiated,0,,,,,0,0,,,9,0,never_instantiated,0,,,,,0,0,,CreditCardView,2039783,0,never_instantiated,0,,,,,0,0,,OrderView,4283993,0,never_instantiated,0,,,,,0,0,OrderItemView,,36,0,never_instantiated,0,,,,,0,0,ProductView,CategoryView,9,0,never_instantiated,0,,,,,0,0,,TaxRecordView,800000,0,never_instantiated,0,,,,,0,0,,AddressView,800000,0,never_instantiated,0,,,,,0,0,,CustomerView,800000,0,never_instantiated,0,,,,,0,0,,OrderView,4283993,0,never_instantiated,0,,,,,0,0,OrderItemView,,36,0,never_instantiated,0,,,,,0,0,ProductView,CategoryView,9,0,never_instantiated,0,,,,,0,0,ProductView,CategoryView,9,0,never_instantiated,0,,,,,0,0,OrderItemView,,36,0,never_instantiated,0,,,,,0,0,ProductView,CategoryView,9,0,never_instantiated,0,,,,,0,0,,CreditCardView,2039783,0,never_instantiated,0,,,,,0,0,,OrderView,4283993,0,never_instantiated,0,,,,,0,0,OrderItemView,,36,0,never_instantiated,0,,,,,0,0,ProductView,CategoryView,9,0,never_instantiated,0,,,,,0,0,,,,,,,,,,,,,,,,,,,,,,,,,,,,,,,,,,,,
q05,2,8,1,1.05,,,73297,0,never_instantiated,0,,,,,0,0,,ProductView,36,0,never_instantiated,0,,,,,0,0,OrderItemView,,4301324,0,never_instantiated,0,,,,,0,0,OrderView,,800000,0,never_instantiated,0,,,,,0,0,TaxRecordView,AddressView,800000,0,never_instantiated,0,,,,,0,0,,,73297,0,never_instantiated,0,,,,,0,0,,CustomerView,800000,0,never_instantiated,0,,,,,0,0,TaxRecordView,AddressView,800000,0,never_instantiated,0,,,,,0,0,OrderView,,800000,0,never_instantiated,0,,,,,0,0,TaxRecordView,AddressView,800000,0,never_instantiated,0,,,,,0,0,,,,,,,,,,,,,,,,,,,,,,,,,,,,,,,,,,,,,,,,,,,,,,,,,,,,,,,,,,,,,,,,,,,,,,,,,,,,,,,,,,,,,,,,,,,,,,,,,,,,,,,,,,,,,,,,,,,,,,,,,,,,,,,,,,,,,,,,,,,,,,,,,,,,,,,,,,,,,,,,,,,,,,,,
q06,2,8,1,1.29,,,9,0,never_instantiated,0,,,,,0,0,,,36,0,never_instantiated,0,,,,,0,0,,,128389,0,never_instantiated,0,,,,,0,0,,OrderView,4283993,0,never_instantiated,0,,,,,0,0,OrderItemView,ProductView,36,0,never_instantiated,0,,,,,0,0,AddressView,,8,0,never_instantiated,0,,,,,0,0,ProductView,,36,0,never_instantiated,0,,,,,0,0,,CustomerView,800000,0,never_instantiated,0,,,,,0,0,,AddressView,800000,0,never_instantiated,0,,,,,0,0,,OrderView,4283993,0,never_instantiated,0,,,,,0,0,OrderItemView,ProductView,36,0,never_instantiated,0,,,,,0,0,ProductView,CategoryView,2,0,never_instantiated,0,,,,,0,0,,,,,,,,,,,,,,,,,,,,,,,,,,,,,,,,,,,,,,,,,,,,,,,,,,,,,,,,,,,,,,,,,,,,,,,,,,,,,,,,,,,,,,,,,,,,,,,,,,,,,,,,,,,,,,,,,,,,,,,,,,,,,,,,,,,,,,,,,,,,,,,,
q07,2,8,1,1.41,,,773859,0,never_instantiated,0,,,,,0,0,,,291451,0,never_instantiated,0,,,,,0,0,OrderItemView,,1021443,0,never_instantiated,0,,,,,0,0,,,486168,0,never_instantiated,0,,,,,0,0,OrderView,CustomerView,800000,0,never_instantiated,0,,,,,0,0,CreditCardView,,5,0,never_instantiated,0,,,,,0,0,,TaxRecordView,291451,0,never_instantiated,0,,,,,0,0,CustomerView,AddressView,800000,0,never_instantiated,0,,,,,0,0,,CategoryView,4,0,never_instantiated,0,,,,,0,0,,ProductView,19,0,never_instantiated,0,,,,,0,0,OrderItemView,,4301324,0,never_instantiated,0,,,,,0,0,OrderView,CustomerView,800000,0,never_instantiated,0,,,,,0,0,,,,,,,,,,,,,,,,,,,,,,,,,,,,,,,,,,,,,,,,,,,,,,,,,,,,,,,,,,,,,,,,,,,,,,,,,,,,,,,,,,,,,,,,,,,,,,,,,,,,,,,,,,,,,,,,,,,,,,,,,,,,,,,,,,,,,,,,,,,,,,,,
q08,2,8,1,5.71,,,1690745,0,never_instantiated,0,,,,,0,0,,,2039783,0,never_instantiated,0,,,,,0,0,,,1727854,0,never_instantiated,0,,,,,0,0,,ProductView,36,0,never_instantiated,0,,,,,0,0,,OrderItemView,12855283,0,never_instantiated,0,,,,,0,0,OrderView,CreditCardView,2039783,0,never_instantiated,0,,,,,0,0,,,2039783,0,never_instantiated,0,,,,,0,0,,,2039783,0,never_instantiated,0,,,,,0,0,CreditCardView,,1586092,0,never_instantiated,0,,,,,0,0,CreditCardView,OrderView,3214641,0,never_instantiated,0,,,,,0,0,OrderItemView,,4593116,0,never_instantiated,0,,,,,0,0,OrderView,CreditCardView,2039783,0,never_instantiated,0,,,,,0,0,,TaxRecordView,800000,0,never_instantiated,0,,,,,0,0,,AddressView,800000,0,never_instantiated,0,,,,,0,0,,CustomerView,800000,0,never_instantiated,0,,,,,0,0,OrderView,CreditCardView,2039783,0,never_instantiated,0,,,,,0,0,,CategoryView,9,0,never_instantiated,0,,,,,0,0,,ProductView,36,0,never_instantiated,0,,,,,0,0,OrderItemView,,4593116,0,never_instantiated,0,,,,,0,0,OrderView,CreditCardView,2039783,0,never_instantiated,0,,,,,0,0,,CategoryView,9,0,never_instantiated,0,,,,,0,0,,ProductView,35,0,never_instantiated,0,,,,,0,0,OrderItemView,,4593116,0,never_instantiated,0,,,,,0,0,OrderView,CreditCardView,2039783,0,never_instantiated,0,,,,,0,0
q01,2,9,1,0.62,OrderItemView,,4301324,0,never_instantiated,0,,,,,0,0,OrderView,,800000,0,never_instantiated,0,,,,,0,0,AddressView,CustomerView,800000,0,never_instantiated,0,,,,,0,0,,,,,,,,,,,,,,,,,,,,,,,,,,,,,,,,,,,,,,,,,,,,,,,,,,,,,,,,,,,,,,,,,,,,,,,,,,,,,,,,,,,,,,,,,,,,,,,,,,,,,,,,,,,,,,,,,,,,,,,,,,,,,,,,,,,,,,,,,,,,,,,,,,,,,,,,,,,,,,,,,,,,,,,,,,,,,,,,,,,,,,,,,,,,,,,,,,,,,,,,,,,,,,,,,,,,,,,,,,,,,,,,,,,,,,,,,,,,,,,,,,,,,,,,,,,,
q02,2,9,1,2.55,,,800000,0,never_instantiated,0,,,,,0,0,,,770796,0,never_instantiated,0,,,,,0,0,,,731189,0,never_instantiated,0,,,,,0,0,,,800000,0,never_instantiated,0,,,,,0,0,,,751547,0,never_instantiated,0,,,,,0,0,,,402948,0,never_instantiated,0,,,,,0,0,CreditCardView,CustomerView,800000,0,never_instantiated,0,,,,,0,0,,TaxRecordView,402948,0,never_instantiated,0,,,,,0,0,AddressView,CustomerView,800000,0,never_instantiated,0,,,,,0,0,,CategoryView,2,0,never_instantiated,0,,,,,0,0,,ProductView,9,0,never_instantiated,0,,,,,0,0,OrderItemView,,4301324,0,never_instantiated,0,,,,,0,0,OrderView,CustomerView,800000,0,never_instantiated,0,,,,,0,0,OrderView,CustomerView,800000,0,never_instantiated,0,,,,,0,0,OrderItemView,,1835997,0,never_instantiated,0,,,,,0,0,OrderView,CustomerView,800000,0,never_instantiated,0,,,,,0,0,,CategoryView,3,0,never_instantiated,0,,,,,0,0,,ProductView,16,0,never_instantiated,0,,,,,0,0,OrderItemView,,4301324,0,never_instantiated,0,,,,,0,0,OrderView,CustomerView,800000,0,never_instantiated,0,,,,,0,0,,CreditCardView,2039783,0,never_instantiated,0,,,,,0,0,OrderView,CustomerView,800000,0,never_instantiated,0,,,,,0,0,,,,,,,,,,,,,,,,,,,,,,,,
q03,2,9,1,1.26,,,800000,0,never_instantiated,0,,,,,0,0,,CategoryView,9,0,never_instantiated,0,,,,,0,0,,TaxRecordView,800000,0,never_instantiated,0,,,,,0,0,,AddressView,800000,0,never_instantiated,0,,,,,0,0,CustomerView,,3430857,0,never_instantiated,0,,,,,0,0,CreditCardView,,4287481,0,never_instantiated,0,,,,,0,0,,ProductView,8,0,never_instantiated,0,,,,,0,0,OrderItemView,OrderView,4283993,0,never_instantiated,0,,,,,0,0,CreditCardView,CustomerView,800000,0,never_instantiated,0,,,,,0,0,,,,,,,,,,,,,,,,,,,,,,,,,,,,,,,,,,,,,,,,,,,,,,,,,,,,,,,,,,,,,,,,,,,,,,,,,,,,,,,,,,,,,,,,,,,,,,,,,,,,,,,,,,,,,,,,,,,,,,,,,,,,,,,,,,,,,,,,,,,,,,,,,,,,,,,,,,,,,,,,,,,,,,,,,,,,,,,,,,,,
q04,2,9,1,4.23,,,9,0,never_instantiated,0,,,,,0,0,,,9,0,never_instantiated,0,,,,,0,0,,,9,0,never_instantiated,0,,,,,0,0,,,9,0,never_instantiated,0,,,,,0,0,,CreditCardView,2039783,0,never_instantiated,0,,,,,0,0,,OrderView,4283993,0,never_instantiated,0,,,,,0,0,OrderItemView,,36,0,never_instantiated,0,,,,,0,0,ProductView,CategoryView,9,0,never_instantiated,0,,,,,0,0,,TaxRecordView,800000,0,never_instantiated,0,,,,,0,0,,AddressView,800000,0,never_instantiated,0,,,,,0,0,,CustomerView,800000,0,never_instantiated,0,,,,,0,0,,OrderView,4283993,0,never_instantiated,0,,,,,0,0,OrderItemView,,36,0,never_instantiated,0,,,,,0,0,ProductView,CategoryView,9,0,never_instantiated,0,,,,,0,0,ProductView,CategoryView,9,0,never_instantiated,0,,,,,0,0,OrderItemView,,36,0,never_instantiated,0,,,,,0,0,ProductView,CategoryView,9,0,never_instantiated,0,,,,,0,0,,CreditCardView,2039783,0,never_instantiated,0,,,,,0,0,,OrderView,4283993,0,never_instantiated,0,,,,,0,0,OrderItemView,,36,0,never_instantiated,0,,,,,0,0,ProductView,CategoryView,9,0,never_instantiated,0,,,,,0,0,,,,,,,,,,,,,,,,,,,,,,,,,,,,,,,,,,,,
q05,2,9,1,1.07,,,73297,0,never_instantiated,0,,,,,0,0,,ProductView,36,0,never_instantiated,0,,,,,0,0,OrderItemView,,4301324,0,never_instantiated,0,,,,,0,0,OrderView,,800000,0,never_instantiated,0,,,,,0,0,TaxRecordView,AddressView,800000,0,never_instantiated,0,,,,,0,0,,,73297,0,never_instantiated,0,,,,,0,0,,CustomerView,800000,0,never_instantiated,0,,,,,0,0,TaxRecordView,AddressView,800000,0,never_instantiated,0,,,,,0,0,OrderView,,800000,0,never_instantiated,0,,,,,0,0,TaxRecordView,AddressView,800000,0,never_instantiated,0,,,,,0,0,,,,,,,,,,,,,,,,,,,,,,,,,,,,,,,,,,,,,,,,,,,,,,,,,,,,,,,,,,,,,,,,,,,,,,,,,,,,,,,,,,,,,,,,,,,,,,,,,,,,,,,,,,,,,,,,,,,,,,,,,,,,,,,,,,,,,,,,,,,,,,,,,,,,,,,,,,,,,,,,,,,,,,,,
q06,2,9,1,1.30,,,9,0,never_instantiated,0,,,,,0,0,,,36,0,never_instantiated,0,,,,,0,0,,,128389,0,never_instantiated,0,,,,,0,0,,OrderView,4283993,0,never_instantiated,0,,,,,0,0,OrderItemView,ProductView,36,0,never_instantiated,0,,,,,0,0,AddressView,,8,0,never_instantiated,0,,,,,0,0,ProductView,,36,0,never_instantiated,0,,,,,0,0,,CustomerView,800000,0,never_instantiated,0,,,,,0,0,,AddressView,800000,0,never_instantiated,0,,,,,0,0,,OrderView,4283993,0,never_instantiated,0,,,,,0,0,OrderItemView,ProductView,36,0,never_instantiated,0,,,,,0,0,ProductView,CategoryView,2,0,never_instantiated,0,,,,,0,0,,,,,,,,,,,,,,,,,,,,,,,,,,,,,,,,,,,,,,,,,,,,,,,,,,,,,,,,,,,,,,,,,,,,,,,,,,,,,,,,,,,,,,,,,,,,,,,,,,,,,,,,,,,,,,,,,,,,,,,,,,,,,,,,,,,,,,,,,,,,,,,,
q07,2,9,1,1.40,,,773859,0,never_instantiated,0,,,,,0,0,,,291451,0,never_instantiated,0,,,,,0,0,OrderItemView,,1021443,0,never_instantiated,0,,,,,0,0,,,486168,0,never_instantiated,0,,,,,0,0,OrderView,CustomerView,800000,0,never_instantiated,0,,,,,0,0,CreditCardView,,5,0,never_instantiated,0,,,,,0,0,,TaxRecordView,291451,0,never_instantiated,0,,,,,0,0,CustomerView,AddressView,800000,0,never_instantiated,0,,,,,0,0,,CategoryView,4,0,never_instantiated,0,,,,,0,0,,ProductView,19,0,never_instantiated,0,,,,,0,0,OrderItemView,,4301324,0,never_instantiated,0,,,,,0,0,OrderView,CustomerView,800000,0,never_instantiated,0,,,,,0,0,,,,,,,,,,,,,,,,,,,,,,,,,,,,,,,,,,,,,,,,,,,,,,,,,,,,,,,,,,,,,,,,,,,,,,,,,,,,,,,,,,,,,,,,,,,,,,,,,,,,,,,,,,,,,,,,,,,,,,,,,,,,,,,,,,,,,,,,,,,,,,,,
q08,2,9,1,5.69,,,1690745,0,never_instantiated,0,,,,,0,0,,,2039783,0,never_instantiated,0,,,,,0,0,,,1727854,0,never_instantiated,0,,,,,0,0,,ProductView,36,0,never_instantiated,0,,,,,0,0,,OrderItemView,12855283,0,never_instantiated,0,,,,,0,0,OrderView,CreditCardView,2039783,0,never_instantiated,0,,,,,0,0,,,2039783,0,never_instantiated,0,,,,,0,0,,,2039783,0,never_instantiated,0,,,,,0,0,CreditCardView,,1586092,0,never_instantiated,0,,,,,0,0,CreditCardView,OrderView,3214641,0,never_instantiated,0,,,,,0,0,OrderItemView,,4593116,0,never_instantiated,0,,,,,0,0,OrderView,CreditCardView,2039783,0,never_instantiated,0,,,,,0,0,,TaxRecordView,800000,0,never_instantiated,0,,,,,0,0,,AddressView,800000,0,never_instantiated,0,,,,,0,0,,CustomerView,800000,0,never_instantiated,0,,,,,0,0,OrderView,CreditCardView,2039783,0,never_instantiated,0,,,,,0,0,,CategoryView,9,0,never_instantiated,0,,,,,0,0,,ProductView,36,0,never_instantiated,0,,,,,0,0,OrderItemView,,4593116,0,never_instantiated,0,,,,,0,0,OrderView,CreditCardView,2039783,0,never_instantiated,0,,,,,0,0,,CategoryView,9,0,never_instantiated,0,,,,,0,0,,ProductView,35,0,never_instantiated,0,,,,,0,0,OrderItemView,,4593116,0,never_instantiated,0,,,,,0,0,OrderView,CreditCardView,2039783,0,never_instantiated,0,,,,,0,0
q01,2,10,1,0.61,OrderItemView,,4301324,0,never_instantiated,0,,,,,0,0,OrderView,,800000,0,never_instantiated,0,,,,,0,0,AddressView,CustomerView,800000,0,never_instantiated,0,,,,,0,0,,,,,,,,,,,,,,,,,,,,,,,,,,,,,,,,,,,,,,,,,,,,,,,,,,,,,,,,,,,,,,,,,,,,,,,,,,,,,,,,,,,,,,,,,,,,,,,,,,,,,,,,,,,,,,,,,,,,,,,,,,,,,,,,,,,,,,,,,,,,,,,,,,,,,,,,,,,,,,,,,,,,,,,,,,,,,,,,,,,,,,,,,,,,,,,,,,,,,,,,,,,,,,,,,,,,,,,,,,,,,,,,,,,,,,,,,,,,,,,,,,,,,,,,,,,,
q02,2,10,1,2.57,,,800000,0,never_instantiated,0,,,,,0,0,,,770796,0,never_instantiated,0,,,,,0,0,,,731189,0,never_instantiated,0,,,,,0,0,,,800000,0,never_instantiated,0,,,,,0,0,,,751547,0,never_instantiated,0,,,,,0,0,,,402948,0,never_instantiated,0,,,,,0,0,CreditCardView,CustomerView,800000,0,never_instantiated,0,,,,,0,0,,TaxRecordView,402948,0,never_instantiated,0,,,,,0,0,AddressView,CustomerView,800000,0,never_instantiated,0,,,,,0,0,,CategoryView,2,0,never_instantiated,0,,,,,0,0,,ProductView,9,0,never_instantiated,0,,,,,0,0,OrderItemView,,4301324,0,never_instantiated,0,,,,,0,0,OrderView,CustomerView,800000,0,never_instantiated,0,,,,,0,0,OrderView,CustomerView,800000,0,never_instantiated,0,,,,,0,0,OrderItemView,,1835997,0,never_instantiated,0,,,,,0,0,OrderView,CustomerView,800000,0,never_instantiated,0,,,,,0,0,,CategoryView,3,0,never_instantiated,0,,,,,0,0,,ProductView,16,0,never_instantiated,0,,,,,0,0,OrderItemView,,4301324,0,never_instantiated,0,,,,,0,0,OrderView,CustomerView,800000,0,never_instantiated,0,,,,,0,0,,CreditCardView,2039783,0,never_instantiated,0,,,,,0,0,OrderView,CustomerView,800000,0,never_instantiated,0,,,,,0,0,,,,,,,,,,,,,,,,,,,,,,,,
q03,2,10,1,1.26,,,800000,0,never_instantiated,0,,,,,0,0,,CategoryView,9,0,never_instantiated,0,,,,,0,0,,TaxRecordView,800000,0,never_instantiated,0,,,,,0,0,,AddressView,800000,0,never_instantiated,0,,,,,0,0,CustomerView,,3430857,0,never_instantiated,0,,,,,0,0,CreditCardView,,4287481,0,never_instantiated,0,,,,,0,0,,ProductView,8,0,never_instantiated,0,,,,,0,0,OrderItemView,OrderView,4283993,0,never_instantiated,0,,,,,0,0,CreditCardView,CustomerView,800000,0,never_instantiated,0,,,,,0,0,,,,,,,,,,,,,,,,,,,,,,,,,,,,,,,,,,,,,,,,,,,,,,,,,,,,,,,,,,,,,,,,,,,,,,,,,,,,,,,,,,,,,,,,,,,,,,,,,,,,,,,,,,,,,,,,,,,,,,,,,,,,,,,,,,,,,,,,,,,,,,,,,,,,,,,,,,,,,,,,,,,,,,,,,,,,,,,,,,,,
q04,2,10,1,4.22,,,9,0,never_instantiated,0,,,,,0,0,,,9,0,never_instantiated,0,,,,,0,0,,,9,0,never_instantiated,0,,,,,0,0,,,9,0,never_instantiated,0,,,,,0,0,,CreditCardView,2039783,0,never_instantiated,0,,,,,0,0,,OrderView,4283993,0,never_instantiated,0,,,,,0,0,OrderItemView,,36,0,never_instantiated,0,,,,,0,0,ProductView,CategoryView,9,0,never_instantiated,0,,,,,0,0,,TaxRecordView,800000,0,never_instantiated,0,,,,,0,0,,AddressView,800000,0,never_instantiated,0,,,,,0,0,,CustomerView,800000,0,never_instantiated,0,,,,,0,0,,OrderView,4283993,0,never_instantiated,0,,,,,0,0,OrderItemView,,36,0,never_instantiated,0,,,,,0,0,ProductView,CategoryView,9,0,never_instantiated,0,,,,,0,0,ProductView,CategoryView,9,0,never_instantiated,0,,,,,0,0,OrderItemView,,36,0,never_instantiated,0,,,,,0,0,ProductView,CategoryView,9,0,never_instantiated,0,,,,,0,0,,CreditCardView,2039783,0,never_instantiated,0,,,,,0,0,,OrderView,4283993,0,never_instantiated,0,,,,,0,0,OrderItemView,,36,0,never_instantiated,0,,,,,0,0,ProductView,CategoryView,9,0,never_instantiated,0,,,,,0,0,,,,,,,,,,,,,,,,,,,,,,,,,,,,,,,,,,,,
q05,2,10,1,1.06,,,73297,0,never_instantiated,0,,,,,0,0,,ProductView,36,0,never_instantiated,0,,,,,0,0,OrderItemView,,4301324,0,never_instantiated,0,,,,,0,0,OrderView,,800000,0,never_instantiated,0,,,,,0,0,TaxRecordView,AddressView,800000,0,never_instantiated,0,,,,,0,0,,,73297,0,never_instantiated,0,,,,,0,0,,CustomerView,800000,0,never_instantiated,0,,,,,0,0,TaxRecordView,AddressView,800000,0,never_instantiated,0,,,,,0,0,OrderView,,800000,0,never_instantiated,0,,,,,0,0,TaxRecordView,AddressView,800000,0,never_instantiated,0,,,,,0,0,,,,,,,,,,,,,,,,,,,,,,,,,,,,,,,,,,,,,,,,,,,,,,,,,,,,,,,,,,,,,,,,,,,,,,,,,,,,,,,,,,,,,,,,,,,,,,,,,,,,,,,,,,,,,,,,,,,,,,,,,,,,,,,,,,,,,,,,,,,,,,,,,,,,,,,,,,,,,,,,,,,,,,,,
q06,2,10,1,1.29,,,9,0,never_instantiated,0,,,,,0,0,,,36,0,never_instantiated,0,,,,,0,0,,,128389,0,never_instantiated,0,,,,,0,0,,OrderView,4283993,0,never_instantiated,0,,,,,0,0,OrderItemView,ProductView,36,0,never_instantiated,0,,,,,0,0,AddressView,,8,0,never_instantiated,0,,,,,0,0,ProductView,,36,0,never_instantiated,0,,,,,0,0,,CustomerView,800000,0,never_instantiated,0,,,,,0,0,,AddressView,800000,0,never_instantiated,0,,,,,0,0,,OrderView,4283993,0,never_instantiated,0,,,,,0,0,OrderItemView,ProductView,36,0,never_instantiated,0,,,,,0,0,ProductView,CategoryView,2,0,never_instantiated,0,,,,,0,0,,,,,,,,,,,,,,,,,,,,,,,,,,,,,,,,,,,,,,,,,,,,,,,,,,,,,,,,,,,,,,,,,,,,,,,,,,,,,,,,,,,,,,,,,,,,,,,,,,,,,,,,,,,,,,,,,,,,,,,,,,,,,,,,,,,,,,,,,,,,,,,,
q07,2,10,1,1.42,,,773859,0,never_instantiated,0,,,,,0,0,,,291451,0,never_instantiated,0,,,,,0,0,OrderItemView,,1021443,0,never_instantiated,0,,,,,0,0,,,486168,0,never_instantiated,0,,,,,0,0,OrderView,CustomerView,800000,0,never_instantiated,0,,,,,0,0,CreditCardView,,5,0,never_instantiated,0,,,,,0,0,,TaxRecordView,291451,0,never_instantiated,0,,,,,0,0,CustomerView,AddressView,800000,0,never_instantiated,0,,,,,0,0,,CategoryView,4,0,never_instantiated,0,,,,,0,0,,ProductView,19,0,never_instantiated,0,,,,,0,0,OrderItemView,,4301324,0,never_instantiated,0,,,,,0,0,OrderView,CustomerView,800000,0,never_instantiated,0,,,,,0,0,,,,,,,,,,,,,,,,,,,,,,,,,,,,,,,,,,,,,,,,,,,,,,,,,,,,,,,,,,,,,,,,,,,,,,,,,,,,,,,,,,,,,,,,,,,,,,,,,,,,,,,,,,,,,,,,,,,,,,,,,,,,,,,,,,,,,,,,,,,,,,,,
q08,2,10,1,5.80,,,1690745,0,never_instantiated,0,,,,,0,0,,,2039783,0,never_instantiated,0,,,,,0,0,,,1727854,0,never_instantiated,0,,,,,0,0,,ProductView,36,0,never_instantiated,0,,,,,0,0,,OrderItemView,12855283,0,never_instantiated,0,,,,,0,0,OrderView,CreditCardView,2039783,0,never_instantiated,0,,,,,0,0,,,2039783,0,never_instantiated,0,,,,,0,0,,,2039783,0,never_instantiated,0,,,,,0,0,CreditCardView,,1586092,0,never_instantiated,0,,,,,0,0,CreditCardView,OrderView,3214641,0,never_instantiated,0,,,,,0,0,OrderItemView,,4593116,0,never_instantiated,0,,,,,0,0,OrderView,CreditCardView,2039783,0,never_instantiated,0,,,,,0,0,,TaxRecordView,800000,0,never_instantiated,0,,,,,0,0,,AddressView,800000,0,never_instantiated,0,,,,,0,0,,CustomerView,800000,0,never_instantiated,0,,,,,0,0,OrderView,CreditCardView,2039783,0,never_instantiated,0,,,,,0,0,,CategoryView,9,0,never_instantiated,0,,,,,0,0,,ProductView,36,0,never_instantiated,0,,,,,0,0,OrderItemView,,4593116,0,never_instantiated,0,,,,,0,0,OrderView,CreditCardView,2039783,0,never_instantiated,0,,,,,0,0,,CategoryView,9,0,never_instantiated,0,,,,,0,0,,ProductView,35,0,never_instantiated,0,,,,,0,0,OrderItemView,,4593116,0,never_instantiated,0,,,,,0,0,OrderView,CreditCardView,2039783,0,never_instantiated,0,,,,,0,0
q01,2,11,1,0.62,OrderItemView,,4301324,0,never_instantiated,0,,,,,0,0,OrderView,,800000,0,never_instantiated,0,,,,,0,0,AddressView,CustomerView,800000,0,never_instantiated,0,,,,,0,0,,,,,,,,,,,,,,,,,,,,,,,,,,,,,,,,,,,,,,,,,,,,,,,,,,,,,,,,,,,,,,,,,,,,,,,,,,,,,,,,,,,,,,,,,,,,,,,,,,,,,,,,,,,,,,,,,,,,,,,,,,,,,,,,,,,,,,,,,,,,,,,,,,,,,,,,,,,,,,,,,,,,,,,,,,,,,,,,,,,,,,,,,,,,,,,,,,,,,,,,,,,,,,,,,,,,,,,,,,,,,,,,,,,,,,,,,,,,,,,,,,,,,,,,,,,,
q02,2,11,1,2.52,,,800000,0,never_instantiated,0,,,,,0,0,,,770796,0,never_instantiated,0,,,,,0,0,,,731189,0,never_instantiated,0,,,,,0,0,,,800000,0,never_instantiated,0,,,,,0,0,,,751547,0,never_instantiated,0,,,,,0,0,,,402948,0,never_instantiated,0,,,,,0,0,CreditCardView,CustomerView,800000,0,never_instantiated,0,,,,,0,0,,TaxRecordView,402948,0,never_instantiated,0,,,,,0,0,AddressView,CustomerView,800000,0,never_instantiated,0,,,,,0,0,,CategoryView,2,0,never_instantiated,0,,,,,0,0,,ProductView,9,0,never_instantiated,0,,,,,0,0,OrderItemView,,4301324,0,never_instantiated,0,,,,,0,0,OrderView,CustomerView,800000,0,never_instantiated,0,,,,,0,0,OrderView,CustomerView,800000,0,never_instantiated,0,,,,,0,0,OrderItemView,,1835997,0,never_instantiated,0,,,,,0,0,OrderView,CustomerView,800000,0,never_instantiated,0,,,,,0,0,,CategoryView,3,0,never_instantiated,0,,,,,0,0,,ProductView,16,0,never_instantiated,0,,,,,0,0,OrderItemView,,4301324,0,never_instantiated,0,,,,,0,0,OrderView,CustomerView,800000,0,never_instantiated,0,,,,,0,0,,CreditCardView,2039783,0,never_instantiated,0,,,,,0,0,OrderView,CustomerView,800000,0,never_instantiated,0,,,,,0,0,,,,,,,,,,,,,,,,,,,,,,,,
q03,2,11,1,1.26,,,800000,0,never_instantiated,0,,,,,0,0,,CategoryView,9,0,never_instantiated,0,,,,,0,0,,TaxRecordView,800000,0,never_instantiated,0,,,,,0,0,,AddressView,800000,0,never_instantiated,0,,,,,0,0,CustomerView,,3430857,0,never_instantiated,0,,,,,0,0,CreditCardView,,4287481,0,never_instantiated,0,,,,,0,0,,ProductView,8,0,never_instantiated,0,,,,,0,0,OrderItemView,OrderView,4283993,0,never_instantiated,0,,,,,0,0,CreditCardView,CustomerView,800000,0,never_instantiated,0,,,,,0,0,,,,,,,,,,,,,,,,,,,,,,,,,,,,,,,,,,,,,,,,,,,,,,,,,,,,,,,,,,,,,,,,,,,,,,,,,,,,,,,,,,,,,,,,,,,,,,,,,,,,,,,,,,,,,,,,,,,,,,,,,,,,,,,,,,,,,,,,,,,,,,,,,,,,,,,,,,,,,,,,,,,,,,,,,,,,,,,,,,,,
q04,2,11,1,4.26,,,9,0,never_instantiated,0,,,,,0,0,,,9,0,never_instantiated,0,,,,,0,0,,,9,0,never_instantiated,0,,,,,0,0,,,9,0,never_instantiated,0,,,,,0,0,,CreditCardView,2039783,0,never_instantiated,0,,,,,0,0,,OrderView,4283993,0,never_instantiated,0,,,,,0,0,OrderItemView,,36,0,never_instantiated,0,,,,,0,0,ProductView,CategoryView,9,0,never_instantiated,0,,,,,0,0,,TaxRecordView,800000,0,never_instantiated,0,,,,,0,0,,AddressView,800000,0,never_instantiated,0,,,,,0,0,,CustomerView,800000,0,never_instantiated,0,,,,,0,0,,OrderView,4283993,0,never_instantiated,0,,,,,0,0,OrderItemView,,36,0,never_instantiated,0,,,,,0,0,ProductView,CategoryView,9,0,never_instantiated,0,,,,,0,0,ProductView,CategoryView,9,0,never_instantiated,0,,,,,0,0,OrderItemView,,36,0,never_instantiated,0,,,,,0,0,ProductView,CategoryView,9,0,never_instantiated,0,,,,,0,0,,CreditCardView,2039783,0,never_instantiated,0,,,,,0,0,,OrderView,4283993,0,never_instantiated,0,,,,,0,0,OrderItemView,,36,0,never_instantiated,0,,,,,0,0,ProductView,CategoryView,9,0,never_instantiated,0,,,,,0,0,,,,,,,,,,,,,,,,,,,,,,,,,,,,,,,,,,,,
q05,2,11,1,1.05,,,73297,0,never_instantiated,0,,,,,0,0,,ProductView,36,0,never_instantiated,0,,,,,0,0,OrderItemView,,4301324,0,never_instantiated,0,,,,,0,0,OrderView,,800000,0,never_instantiated,0,,,,,0,0,TaxRecordView,AddressView,800000,0,never_instantiated,0,,,,,0,0,,,73297,0,never_instantiated,0,,,,,0,0,,CustomerView,800000,0,never_instantiated,0,,,,,0,0,TaxRecordView,AddressView,800000,0,never_instantiated,0,,,,,0,0,OrderView,,800000,0,never_instantiated,0,,,,,0,0,TaxRecordView,AddressView,800000,0,never_instantiated,0,,,,,0,0,,,,,,,,,,,,,,,,,,,,,,,,,,,,,,,,,,,,,,,,,,,,,,,,,,,,,,,,,,,,,,,,,,,,,,,,,,,,,,,,,,,,,,,,,,,,,,,,,,,,,,,,,,,,,,,,,,,,,,,,,,,,,,,,,,,,,,,,,,,,,,,,,,,,,,,,,,,,,,,,,,,,,,,,
q06,2,11,1,1.29,,,9,0,never_instantiated,0,,,,,0,0,,,36,0,never_instantiated,0,,,,,0,0,,,128389,0,never_instantiated,0,,,,,0,0,,OrderView,4283993,0,never_instantiated,0,,,,,0,0,OrderItemView,ProductView,36,0,never_instantiated,0,,,,,0,0,AddressView,,8,0,never_instantiated,0,,,,,0,0,ProductView,,36,0,never_instantiated,0,,,,,0,0,,CustomerView,800000,0,never_instantiated,0,,,,,0,0,,AddressView,800000,0,never_instantiated,0,,,,,0,0,,OrderView,4283993,0,never_instantiated,0,,,,,0,0,OrderItemView,ProductView,36,0,never_instantiated,0,,,,,0,0,ProductView,CategoryView,2,0,never_instantiated,0,,,,,0,0,,,,,,,,,,,,,,,,,,,,,,,,,,,,,,,,,,,,,,,,,,,,,,,,,,,,,,,,,,,,,,,,,,,,,,,,,,,,,,,,,,,,,,,,,,,,,,,,,,,,,,,,,,,,,,,,,,,,,,,,,,,,,,,,,,,,,,,,,,,,,,,,
q07,2,11,1,1.45,,,773859,0,never_instantiated,0,,,,,0,0,,,291451,0,never_instantiated,0,,,,,0,0,OrderItemView,,1021443,0,never_instantiated,0,,,,,0,0,,,486168,0,never_instantiated,0,,,,,0,0,OrderView,CustomerView,800000,0,never_instantiated,0,,,,,0,0,CreditCardView,,5,0,never_instantiated,0,,,,,0,0,,TaxRecordView,291451,0,never_instantiated,0,,,,,0,0,CustomerView,AddressView,800000,0,never_instantiated,0,,,,,0,0,,CategoryView,4,0,never_instantiated,0,,,,,0,0,,ProductView,19,0,never_instantiated,0,,,,,0,0,OrderItemView,,4301324,0,never_instantiated,0,,,,,0,0,OrderView,CustomerView,800000,0,never_instantiated,0,,,,,0,0,,,,,,,,,,,,,,,,,,,,,,,,,,,,,,,,,,,,,,,,,,,,,,,,,,,,,,,,,,,,,,,,,,,,,,,,,,,,,,,,,,,,,,,,,,,,,,,,,,,,,,,,,,,,,,,,,,,,,,,,,,,,,,,,,,,,,,,,,,,,,,,,
q08,2,11,1,5.63,,,1690745,0,never_instantiated,0,,,,,0,0,,,2039783,0,never_instantiated,0,,,,,0,0,,,1727854,0,never_instantiated,0,,,,,0,0,,ProductView,36,0,never_instantiated,0,,,,,0,0,,OrderItemView,12855283,0,never_instantiated,0,,,,,0,0,OrderView,CreditCardView,2039783,0,never_instantiated,0,,,,,0,0,,,2039783,0,never_instantiated,0,,,,,0,0,,,2039783,0,never_instantiated,0,,,,,0,0,CreditCardView,,1586092,0,never_instantiated,0,,,,,0,0,CreditCardView,OrderView,3214641,0,never_instantiated,0,,,,,0,0,OrderItemView,,4593116,0,never_instantiated,0,,,,,0,0,OrderView,CreditCardView,2039783,0,never_instantiated,0,,,,,0,0,,TaxRecordView,800000,0,never_instantiated,0,,,,,0,0,,AddressView,800000,0,never_instantiated,0,,,,,0,0,,CustomerView,800000,0,never_instantiated,0,,,,,0,0,OrderView,CreditCardView,2039783,0,never_instantiated,0,,,,,0,0,,CategoryView,9,0,never_instantiated,0,,,,,0,0,,ProductView,36,0,never_instantiated,0,,,,,0,0,OrderItemView,,4593116,0,never_instantiated,0,,,,,0,0,OrderView,CreditCardView,2039783,0,never_instantiated,0,,,,,0,0,,CategoryView,9,0,never_instantiated,0,,,,,0,0,,ProductView,35,0,never_instantiated,0,,,,,0,0,OrderItemView,,4593116,0,never_instantiated,0,,,,,0,0,OrderView,CreditCardView,2039783,0,never_instantiated,0,,,,,0,0
q01,2,12,1,0.60,OrderItemView,,4301324,0,never_instantiated,0,,,,,0,0,OrderView,,800000,0,never_instantiated,0,,,,,0,0,AddressView,CustomerView,800000,0,never_instantiated,0,,,,,0,0,,,,,,,,,,,,,,,,,,,,,,,,,,,,,,,,,,,,,,,,,,,,,,,,,,,,,,,,,,,,,,,,,,,,,,,,,,,,,,,,,,,,,,,,,,,,,,,,,,,,,,,,,,,,,,,,,,,,,,,,,,,,,,,,,,,,,,,,,,,,,,,,,,,,,,,,,,,,,,,,,,,,,,,,,,,,,,,,,,,,,,,,,,,,,,,,,,,,,,,,,,,,,,,,,,,,,,,,,,,,,,,,,,,,,,,,,,,,,,,,,,,,,,,,,,,,
q02,2,12,1,2.54,,,800000,0,never_instantiated,0,,,,,0,0,,,770796,0,never_instantiated,0,,,,,0,0,,,731189,0,never_instantiated,0,,,,,0,0,,,800000,0,never_instantiated,0,,,,,0,0,,,751547,0,never_instantiated,0,,,,,0,0,,,402948,0,never_instantiated,0,,,,,0,0,CreditCardView,CustomerView,800000,0,never_instantiated,0,,,,,0,0,,TaxRecordView,402948,0,never_instantiated,0,,,,,0,0,AddressView,CustomerView,800000,0,never_instantiated,0,,,,,0,0,,CategoryView,2,0,never_instantiated,0,,,,,0,0,,ProductView,9,0,never_instantiated,0,,,,,0,0,OrderItemView,,4301324,0,never_instantiated,0,,,,,0,0,OrderView,CustomerView,800000,0,never_instantiated,0,,,,,0,0,OrderView,CustomerView,800000,0,never_instantiated,0,,,,,0,0,OrderItemView,,1835997,0,never_instantiated,0,,,,,0,0,OrderView,CustomerView,800000,0,never_instantiated,0,,,,,0,0,,CategoryView,3,0,never_instantiated,0,,,,,0,0,,ProductView,16,0,never_instantiated,0,,,,,0,0,OrderItemView,,4301324,0,never_instantiated,0,,,,,0,0,OrderView,CustomerView,800000,0,never_instantiated,0,,,,,0,0,,CreditCardView,2039783,0,never_instantiated,0,,,,,0,0,OrderView,CustomerView,800000,0,never_instantiated,0,,,,,0,0,,,,,,,,,,,,,,,,,,,,,,,,
q03,2,12,1,1.17,,,800000,0,never_instantiated,0,,,,,0,0,,CategoryView,9,0,never_instantiated,0,,,,,0,0,,TaxRecordView,800000,0,never_instantiated,0,,,,,0,0,,AddressView,800000,0,never_instantiated,0,,,,,0,0,CustomerView,,3430857,0,never_instantiated,0,,,,,0,0,,ProductView,8,0,never_instantiated,0,,,,,0,0,,CreditCardView,1632147,0,never_instantiated,0,,,,,0,0,OrderItemView,OrderView,4283993,0,never_instantiated,0,,,,,0,0,CreditCardView,CustomerView,800000,0,never_instantiated,0,,,,,0,0,,,,,,,,,,,,,,,,,,,,,,,,,,,,,,,,,,,,,,,,,,,,,,,,,,,,,,,,,,,,,,,,,,,,,,,,,,,,,,,,,,,,,,,,,,,,,,,,,,,,,,,,,,,,,,,,,,,,,,,,,,,,,,,,,,,,,,,,,,,,,,,,,,,,,,,,,,,,,,,,,,,,,,,,,,,,,,,,,,,,
q04,2,12,1,4.25,,,9,0,never_instantiated,0,,,,,0,0,,,9,0,never_instantiated,0,,,,,0,0,,,9,0,never_instantiated,0,,,,,0,0,,,9,0,never_instantiated,0,,,,,0,0,,CreditCardView,2039783,0,never_instantiated,0,,,,,0,0,,OrderView,4283993,0,never_instantiated,0,,,,,0,0,OrderItemView,,36,0,never_instantiated,0,,,,,0,0,ProductView,CategoryView,9,0,never_instantiated,0,,,,,0,0,,TaxRecordView,800000,0,never_instantiated,0,,,,,0,0,,AddressView,800000,0,never_instantiated,0,,,,,0,0,,CustomerView,800000,0,never_instantiated,0,,,,,0,0,,OrderView,4283993,0,never_instantiated,0,,,,,0,0,OrderItemView,,36,0,never_instantiated,0,,,,,0,0,ProductView,CategoryView,9,0,never_instantiated,0,,,,,0,0,ProductView,CategoryView,9,0,never_instantiated,0,,,,,0,0,OrderItemView,,36,0,never_instantiated,0,,,,,0,0,ProductView,CategoryView,9,0,never_instantiated,0,,,,,0,0,,CreditCardView,2039783,0,never_instantiated,0,,,,,0,0,,OrderView,4283993,0,never_instantiated,0,,,,,0,0,OrderItemView,,36,0,never_instantiated,0,,,,,0,0,ProductView,CategoryView,9,0,never_instantiated,0,,,,,0,0,,,,,,,,,,,,,,,,,,,,,,,,,,,,,,,,,,,,
q05,2,12,1,1.07,,,73297,0,never_instantiated,0,,,,,0,0,,ProductView,36,0,never_instantiated,0,,,,,0,0,OrderItemView,,4301324,0,never_instantiated,0,,,,,0,0,OrderView,,800000,0,never_instantiated,0,,,,,0,0,TaxRecordView,AddressView,800000,0,never_instantiated,0,,,,,0,0,,,73297,0,never_instantiated,0,,,,,0,0,,CustomerView,800000,0,never_instantiated,0,,,,,0,0,TaxRecordView,AddressView,800000,0,never_instantiated,0,,,,,0,0,OrderView,,800000,0,never_instantiated,0,,,,,0,0,TaxRecordView,AddressView,800000,0,never_instantiated,0,,,,,0,0,,,,,,,,,,,,,,,,,,,,,,,,,,,,,,,,,,,,,,,,,,,,,,,,,,,,,,,,,,,,,,,,,,,,,,,,,,,,,,,,,,,,,,,,,,,,,,,,,,,,,,,,,,,,,,,,,,,,,,,,,,,,,,,,,,,,,,,,,,,,,,,,,,,,,,,,,,,,,,,,,,,,,,,,
q06,2,12,1,1.27,,,9,0,never_instantiated,0,,,,,0,0,,,36,0,never_instantiated,0,,,,,0,0,,,128389,0,never_instantiated,0,,,,,0,0,,OrderView,4283993,0,never_instantiated,0,,,,,0,0,OrderItemView,ProductView,36,0,never_instantiated,0,,,,,0,0,AddressView,,8,0,never_instantiated,0,,,,,0,0,ProductView,,36,0,never_instantiated,0,,,,,0,0,,CustomerView,800000,0,never_instantiated,0,,,,,0,0,,AddressView,800000,0,never_instantiated,0,,,,,0,0,,OrderView,4283993,0,never_instantiated,0,,,,,0,0,OrderItemView,ProductView,36,0,never_instantiated,0,,,,,0,0,ProductView,CategoryView,2,0,never_instantiated,0,,,,,0,0,,,,,,,,,,,,,,,,,,,,,,,,,,,,,,,,,,,,,,,,,,,,,,,,,,,,,,,,,,,,,,,,,,,,,,,,,,,,,,,,,,,,,,,,,,,,,,,,,,,,,,,,,,,,,,,,,,,,,,,,,,,,,,,,,,,,,,,,,,,,,,,,
q07,2,12,1,1.40,,,773859,0,never_instantiated,0,,,,,0,0,,,291451,0,never_instantiated,0,,,,,0,0,OrderItemView,,1021443,0,never_instantiated,0,,,,,0,0,,,486168,0,never_instantiated,0,,,,,0,0,OrderView,CustomerView,800000,0,never_instantiated,0,,,,,0,0,CreditCardView,,5,0,never_instantiated,0,,,,,0,0,,TaxRecordView,291451,0,never_instantiated,0,,,,,0,0,CustomerView,AddressView,800000,0,never_instantiated,0,,,,,0,0,,CategoryView,4,0,never_instantiated,0,,,,,0,0,,ProductView,19,0,never_instantiated,0,,,,,0,0,OrderItemView,,4301324,0,never_instantiated,0,,,,,0,0,OrderView,CustomerView,800000,0,never_instantiated,0,,,,,0,0,,,,,,,,,,,,,,,,,,,,,,,,,,,,,,,,,,,,,,,,,,,,,,,,,,,,,,,,,,,,,,,,,,,,,,,,,,,,,,,,,,,,,,,,,,,,,,,,,,,,,,,,,,,,,,,,,,,,,,,,,,,,,,,,,,,,,,,,,,,,,,,,
q08,2,12,1,5.70,,,1690745,0,never_instantiated,0,,,,,0,0,,,2039783,0,never_instantiated,0,,,,,0,0,,,1727854,0,never_instantiated,0,,,,,0,0,,ProductView,36,0,never_instantiated,0,,,,,0,0,,OrderItemView,12855283,0,never_instantiated,0,,,,,0,0,OrderView,CreditCardView,2039783,0,never_instantiated,0,,,,,0,0,,,2039783,0,never_instantiated,0,,,,,0,0,,,2039783,0,never_instantiated,0,,,,,0,0,CreditCardView,,1586092,0,never_instantiated,0,,,,,0,0,CreditCardView,OrderView,3214641,0,never_instantiated,0,,,,,0,0,OrderItemView,,4593116,0,never_instantiated,0,,,,,0,0,OrderView,CreditCardView,2039783,0,never_instantiated,0,,,,,0,0,,TaxRecordView,800000,0,never_instantiated,0,,,,,0,0,,AddressView,800000,0,never_instantiated,0,,,,,0,0,,CustomerView,800000,0,never_instantiated,0,,,,,0,0,OrderView,CreditCardView,2039783,0,never_instantiated,0,,,,,0,0,,CategoryView,9,0,never_instantiated,0,,,,,0,0,,ProductView,36,0,never_instantiated,0,,,,,0,0,OrderItemView,,4593116,0,never_instantiated,0,,,,,0,0,OrderView,CreditCardView,2039783,0,never_instantiated,0,,,,,0,0,,CategoryView,9,0,never_instantiated,0,,,,,0,0,,ProductView,35,0,never_instantiated,0,,,,,0,0,OrderItemView,,4593116,0,never_instantiated,0,,,,,0,0,OrderView,CreditCardView,2039783,0,never_instantiated,0,,,,,0,0
q01,2,13,1,0.62,OrderItemView,,4301324,0,never_instantiated,0,,,,,0,0,OrderView,,800000,0,never_instantiated,0,,,,,0,0,AddressView,CustomerView,800000,0,never_instantiated,0,,,,,0,0,,,,,,,,,,,,,,,,,,,,,,,,,,,,,,,,,,,,,,,,,,,,,,,,,,,,,,,,,,,,,,,,,,,,,,,,,,,,,,,,,,,,,,,,,,,,,,,,,,,,,,,,,,,,,,,,,,,,,,,,,,,,,,,,,,,,,,,,,,,,,,,,,,,,,,,,,,,,,,,,,,,,,,,,,,,,,,,,,,,,,,,,,,,,,,,,,,,,,,,,,,,,,,,,,,,,,,,,,,,,,,,,,,,,,,,,,,,,,,,,,,,,,,,,,,,,
q02,2,13,1,2.58,,,800000,0,never_instantiated,0,,,,,0,0,,,770796,0,never_instantiated,0,,,,,0,0,,,731189,0,never_instantiated,0,,,,,0,0,,,800000,0,never_instantiated,0,,,,,0,0,,,751547,0,never_instantiated,0,,,,,0,0,,,402948,0,never_instantiated,0,,,,,0,0,CreditCardView,CustomerView,800000,0,never_instantiated,0,,,,,0,0,,TaxRecordView,402948,0,never_instantiated,0,,,,,0,0,AddressView,CustomerView,800000,0,never_instantiated,0,,,,,0,0,,CategoryView,2,0,never_instantiated,0,,,,,0,0,,ProductView,9,0,never_instantiated,0,,,,,0,0,OrderItemView,,4301324,0,never_instantiated,0,,,,,0,0,OrderView,CustomerView,800000,0,never_instantiated,0,,,,,0,0,OrderView,CustomerView,800000,0,never_instantiated,0,,,,,0,0,OrderItemView,,1835997,0,never_instantiated,0,,,,,0,0,OrderView,CustomerView,800000,0,never_instantiated,0,,,,,0,0,,CategoryView,3,0,never_instantiated,0,,,,,0,0,,ProductView,16,0,never_instantiated,0,,,,,0,0,OrderItemView,,4301324,0,never_instantiated,0,,,,,0,0,OrderView,CustomerView,800000,0,never_instantiated,0,,,,,0,0,,CreditCardView,2039783,0,never_instantiated,0,,,,,0,0,OrderView,CustomerView,800000,0,never_instantiated,0,,,,,0,0,,,,,,,,,,,,,,,,,,,,,,,,
q03,2,13,1,1.23,,,800000,0,never_instantiated,0,,,,,0,0,,CategoryView,9,0,never_instantiated,0,,,,,0,0,,TaxRecordView,800000,0,never_instantiated,0,,,,,0,0,,AddressView,800000,0,never_instantiated,0,,,,,0,0,CustomerView,,3430857,0,never_instantiated,0,,,,,0,0,CreditCardView,,4287481,0,never_instantiated,0,,,,,0,0,,ProductView,8,0,never_instantiated,0,,,,,0,0,OrderItemView,OrderView,4283993,0,never_instantiated,0,,,,,0,0,CreditCardView,CustomerView,800000,0,never_instantiated,0,,,,,0,0,,,,,,,,,,,,,,,,,,,,,,,,,,,,,,,,,,,,,,,,,,,,,,,,,,,,,,,,,,,,,,,,,,,,,,,,,,,,,,,,,,,,,,,,,,,,,,,,,,,,,,,,,,,,,,,,,,,,,,,,,,,,,,,,,,,,,,,,,,,,,,,,,,,,,,,,,,,,,,,,,,,,,,,,,,,,,,,,,,,,
q04,2,13,1,4.28,,,9,0,never_instantiated,0,,,,,0,0,,,9,0,never_instantiated,0,,,,,0,0,,,9,0,never_instantiated,0,,,,,0,0,,,9,0,never_instantiated,0,,,,,0,0,,CreditCardView,2039783,0,never_instantiated,0,,,,,0,0,,OrderView,4283993,0,never_instantiated,0,,,,,0,0,OrderItemView,,36,0,never_instantiated,0,,,,,0,0,ProductView,CategoryView,9,0,never_instantiated,0,,,,,0,0,,TaxRecordView,800000,0,never_instantiated,0,,,,,0,0,,AddressView,800000,0,never_instantiated,0,,,,,0,0,,CustomerView,800000,0,never_instantiated,0,,,,,0,0,,OrderView,4283993,0,never_instantiated,0,,,,,0,0,OrderItemView,,36,0,never_instantiated,0,,,,,0,0,ProductView,CategoryView,9,0,never_instantiated,0,,,,,0,0,ProductView,CategoryView,9,0,never_instantiated,0,,,,,0,0,OrderItemView,,36,0,never_instantiated,0,,,,,0,0,ProductView,CategoryView,9,0,never_instantiated,0,,,,,0,0,,CreditCardView,2039783,0,never_instantiated,0,,,,,0,0,,OrderView,4283993,0,never_instantiated,0,,,,,0,0,OrderItemView,,36,0,never_instantiated,0,,,,,0,0,ProductView,CategoryView,9,0,never_instantiated,0,,,,,0,0,,,,,,,,,,,,,,,,,,,,,,,,,,,,,,,,,,,,
q05,2,13,1,1.08,,,73297,0,never_instantiated,0,,,,,0,0,,ProductView,36,0,never_instantiated,0,,,,,0,0,OrderItemView,,4301324,0,never_instantiated,0,,,,,0,0,OrderView,,800000,0,never_instantiated,0,,,,,0,0,TaxRecordView,AddressView,800000,0,never_instantiated,0,,,,,0,0,,,73297,0,never_instantiated,0,,,,,0,0,,CustomerView,800000,0,never_instantiated,0,,,,,0,0,TaxRecordView,AddressView,800000,0,never_instantiated,0,,,,,0,0,OrderView,,800000,0,never_instantiated,0,,,,,0,0,TaxRecordView,AddressView,800000,0,never_instantiated,0,,,,,0,0,,,,,,,,,,,,,,,,,,,,,,,,,,,,,,,,,,,,,,,,,,,,,,,,,,,,,,,,,,,,,,,,,,,,,,,,,,,,,,,,,,,,,,,,,,,,,,,,,,,,,,,,,,,,,,,,,,,,,,,,,,,,,,,,,,,,,,,,,,,,,,,,,,,,,,,,,,,,,,,,,,,,,,,,
q06,2,13,1,1.27,,,9,0,never_instantiated,0,,,,,0,0,,,36,0,never_instantiated,0,,,,,0,0,,,128389,0,never_instantiated,0,,,,,0,0,,OrderView,4283993,0,never_instantiated,0,,,,,0,0,OrderItemView,ProductView,36,0,never_instantiated,0,,,,,0,0,AddressView,,8,0,never_instantiated,0,,,,,0,0,ProductView,,36,0,never_instantiated,0,,,,,0,0,,CustomerView,800000,0,never_instantiated,0,,,,,0,0,,AddressView,800000,0,never_instantiated,0,,,,,0,0,,OrderView,4283993,0,never_instantiated,0,,,,,0,0,OrderItemView,ProductView,36,0,never_instantiated,0,,,,,0,0,ProductView,CategoryView,2,0,never_instantiated,0,,,,,0,0,,,,,,,,,,,,,,,,,,,,,,,,,,,,,,,,,,,,,,,,,,,,,,,,,,,,,,,,,,,,,,,,,,,,,,,,,,,,,,,,,,,,,,,,,,,,,,,,,,,,,,,,,,,,,,,,,,,,,,,,,,,,,,,,,,,,,,,,,,,,,,,,
q07,2,13,1,1.42,,,773859,0,never_instantiated,0,,,,,0,0,,,291451,0,never_instantiated,0,,,,,0,0,OrderItemView,,1021443,0,never_instantiated,0,,,,,0,0,,,486168,0,never_instantiated,0,,,,,0,0,OrderView,CustomerView,800000,0,never_instantiated,0,,,,,0,0,CreditCardView,,5,0,never_instantiated,0,,,,,0,0,,TaxRecordView,291451,0,never_instantiated,0,,,,,0,0,CustomerView,AddressView,800000,0,never_instantiated,0,,,,,0,0,,CategoryView,4,0,never_instantiated,0,,,,,0,0,,ProductView,19,0,never_instantiated,0,,,,,0,0,OrderItemView,,4301324,0,never_instantiated,0,,,,,0,0,OrderView,CustomerView,800000,0,never_instantiated,0,,,,,0,0,,,,,,,,,,,,,,,,,,,,,,,,,,,,,,,,,,,,,,,,,,,,,,,,,,,,,,,,,,,,,,,,,,,,,,,,,,,,,,,,,,,,,,,,,,,,,,,,,,,,,,,,,,,,,,,,,,,,,,,,,,,,,,,,,,,,,,,,,,,,,,,,
q08,2,13,1,5.76,,,1690745,0,never_instantiated,0,,,,,0,0,,,2039783,0,never_instantiated,0,,,,,0,0,,,1727854,0,never_instantiated,0,,,,,0,0,,ProductView,36,0,never_instantiated,0,,,,,0,0,,OrderItemView,12855283,0,never_instantiated,0,,,,,0,0,OrderView,CreditCardView,2039783,0,never_instantiated,0,,,,,0,0,,,2039783,0,never_instantiated,0,,,,,0,0,,,2039783,0,never_instantiated,0,,,,,0,0,CreditCardView,,1586092,0,never_instantiated,0,,,,,0,0,CreditCardView,OrderView,3214641,0,never_instantiated,0,,,,,0,0,OrderItemView,,4593116,0,never_instantiated,0,,,,,0,0,OrderView,CreditCardView,2039783,0,never_instantiated,0,,,,,0,0,,TaxRecordView,800000,0,never_instantiated,0,,,,,0,0,,AddressView,800000,0,never_instantiated,0,,,,,0,0,,CustomerView,800000,0,never_instantiated,0,,,,,0,0,OrderView,CreditCardView,2039783,0,never_instantiated,0,,,,,0,0,,CategoryView,9,0,never_instantiated,0,,,,,0,0,,ProductView,36,0,never_instantiated,0,,,,,0,0,OrderItemView,,4593116,0,never_instantiated,0,,,,,0,0,OrderView,CreditCardView,2039783,0,never_instantiated,0,,,,,0,0,,CategoryView,9,0,never_instantiated,0,,,,,0,0,,ProductView,35,0,never_instantiated,0,,,,,0,0,OrderItemView,,4593116,0,never_instantiated,0,,,,,0,0,OrderView,CreditCardView,2039783,0,never_instantiated,0,,,,,0,0
q01,2,14,1,0.60,OrderItemView,,4301324,0,never_instantiated,0,,,,,0,0,OrderView,,800000,0,never_instantiated,0,,,,,0,0,AddressView,CustomerView,800000,0,never_instantiated,0,,,,,0,0,,,,,,,,,,,,,,,,,,,,,,,,,,,,,,,,,,,,,,,,,,,,,,,,,,,,,,,,,,,,,,,,,,,,,,,,,,,,,,,,,,,,,,,,,,,,,,,,,,,,,,,,,,,,,,,,,,,,,,,,,,,,,,,,,,,,,,,,,,,,,,,,,,,,,,,,,,,,,,,,,,,,,,,,,,,,,,,,,,,,,,,,,,,,,,,,,,,,,,,,,,,,,,,,,,,,,,,,,,,,,,,,,,,,,,,,,,,,,,,,,,,,,,,,,,,,
q02,2,14,1,2.51,,,800000,0,never_instantiated,0,,,,,0,0,,,770796,0,never_instantiated,0,,,,,0,0,,,731189,0,never_instantiated,0,,,,,0,0,,,800000,0,never_instantiated,0,,,,,0,0,,,751547,0,never_instantiated,0,,,,,0,0,,,402948,0,never_instantiated,0,,,,,0,0,CreditCardView,CustomerView,800000,0,never_instantiated,0,,,,,0,0,,TaxRecordView,402948,0,never_instantiated,0,,,,,0,0,AddressView,CustomerView,800000,0,never_instantiated,0,,,,,0,0,,CategoryView,2,0,never_instantiated,0,,,,,0,0,,ProductView,9,0,never_instantiated,0,,,,,0,0,OrderItemView,,4301324,0,never_instantiated,0,,,,,0,0,OrderView,CustomerView,800000,0,never_instantiated,0,,,,,0,0,OrderView,CustomerView,800000,0,never_instantiated,0,,,,,0,0,OrderItemView,,1835997,0,never_instantiated,0,,,,,0,0,OrderView,CustomerView,800000,0,never_instantiated,0,,,,,0,0,,CategoryView,3,0,never_instantiated,0,,,,,0,0,,ProductView,16,0,never_instantiated,0,,,,,0,0,OrderItemView,,4301324,0,never_instantiated,0,,,,,0,0,OrderView,CustomerView,800000,0,never_instantiated,0,,,,,0,0,,CreditCardView,2039783,0,never_instantiated,0,,,,,0,0,OrderView,CustomerView,800000,0,never_instantiated,0,,,,,0,0,,,,,,,,,,,,,,,,,,,,,,,,
q03,2,14,1,1.17,,,800000,0,never_instantiated,0,,,,,0,0,,CategoryView,9,0,never_instantiated,0,,,,,0,0,,TaxRecordView,800000,0,never_instantiated,0,,,,,0,0,,AddressView,800000,0,never_instantiated,0,,,,,0,0,CustomerView,,3430857,0,never_instantiated,0,,,,,0,0,,ProductView,8,0,never_instantiated,0,,,,,0,0,,CreditCardView,1632147,0,never_instantiated,0,,,,,0,0,OrderItemView,OrderView,4283993,0,never_instantiated,0,,,,,0,0,CreditCardView,CustomerView,800000,0,never_instantiated,0,,,,,0,0,,,,,,,,,,,,,,,,,,,,,,,,,,,,,,,,,,,,,,,,,,,,,,,,,,,,,,,,,,,,,,,,,,,,,,,,,,,,,,,,,,,,,,,,,,,,,,,,,,,,,,,,,,,,,,,,,,,,,,,,,,,,,,,,,,,,,,,,,,,,,,,,,,,,,,,,,,,,,,,,,,,,,,,,,,,,,,,,,,,,
q04,2,14,1,4.27,,,9,0,never_instantiated,0,,,,,0,0,,,9,0,never_instantiated,0,,,,,0,0,,,9,0,never_instantiated,0,,,,,0,0,,,9,0,never_instantiated,0,,,,,0,0,,CreditCardView,2039783,0,never_instantiated,0,,,,,0,0,,OrderView,4283993,0,never_instantiated,0,,,,,0,0,OrderItemView,,36,0,never_instantiated,0,,,,,0,0,ProductView,CategoryView,9,0,never_instantiated,0,,,,,0,0,,TaxRecordView,800000,0,never_instantiated,0,,,,,0,0,,AddressView,800000,0,never_instantiated,0,,,,,0,0,,CustomerView,800000,0,never_instantiated,0,,,,,0,0,,OrderView,4283993,0,never_instantiated,0,,,,,0,0,OrderItemView,,36,0,never_instantiated,0,,,,,0,0,ProductView,CategoryView,9,0,never_instantiated,0,,,,,0,0,ProductView,CategoryView,9,0,never_instantiated,0,,,,,0,0,OrderItemView,,36,0,never_instantiated,0,,,,,0,0,ProductView,CategoryView,9,0,never_instantiated,0,,,,,0,0,,CreditCardView,2039783,0,never_instantiated,0,,,,,0,0,,OrderView,4283993,0,never_instantiated,0,,,,,0,0,OrderItemView,,36,0,never_instantiated,0,,,,,0,0,ProductView,CategoryView,9,0,never_instantiated,0,,,,,0,0,,,,,,,,,,,,,,,,,,,,,,,,,,,,,,,,,,,,
q05,2,14,1,1.06,,,73297,0,never_instantiated,0,,,,,0,0,,ProductView,36,0,never_instantiated,0,,,,,0,0,OrderItemView,,4301324,0,never_instantiated,0,,,,,0,0,OrderView,,800000,0,never_instantiated,0,,,,,0,0,TaxRecordView,AddressView,800000,0,never_instantiated,0,,,,,0,0,,,73297,0,never_instantiated,0,,,,,0,0,,CustomerView,800000,0,never_instantiated,0,,,,,0,0,TaxRecordView,AddressView,800000,0,never_instantiated,0,,,,,0,0,OrderView,,800000,0,never_instantiated,0,,,,,0,0,TaxRecordView,AddressView,800000,0,never_instantiated,0,,,,,0,0,,,,,,,,,,,,,,,,,,,,,,,,,,,,,,,,,,,,,,,,,,,,,,,,,,,,,,,,,,,,,,,,,,,,,,,,,,,,,,,,,,,,,,,,,,,,,,,,,,,,,,,,,,,,,,,,,,,,,,,,,,,,,,,,,,,,,,,,,,,,,,,,,,,,,,,,,,,,,,,,,,,,,,,,
q06,2,14,1,1.29,,,9,0,never_instantiated,0,,,,,0,0,,,36,0,never_instantiated,0,,,,,0,0,,,128389,0,never_instantiated,0,,,,,0,0,,OrderView,4283993,0,never_instantiated,0,,,,,0,0,OrderItemView,ProductView,36,0,never_instantiated,0,,,,,0,0,AddressView,,8,0,never_instantiated,0,,,,,0,0,ProductView,,36,0,never_instantiated,0,,,,,0,0,,CustomerView,800000,0,never_instantiated,0,,,,,0,0,,AddressView,800000,0,never_instantiated,0,,,,,0,0,,OrderView,4283993,0,never_instantiated,0,,,,,0,0,OrderItemView,ProductView,36,0,never_instantiated,0,,,,,0,0,ProductView,CategoryView,2,0,never_instantiated,0,,,,,0,0,,,,,,,,,,,,,,,,,,,,,,,,,,,,,,,,,,,,,,,,,,,,,,,,,,,,,,,,,,,,,,,,,,,,,,,,,,,,,,,,,,,,,,,,,,,,,,,,,,,,,,,,,,,,,,,,,,,,,,,,,,,,,,,,,,,,,,,,,,,,,,,,
q07,2,14,1,1.45,,,773859,0,never_instantiated,0,,,,,0,0,,,291451,0,never_instantiated,0,,,,,0,0,OrderItemView,,1021443,0,never_instantiated,0,,,,,0,0,,,486168,0,never_instantiated,0,,,,,0,0,OrderView,CustomerView,800000,0,never_instantiated,0,,,,,0,0,CreditCardView,,5,0,never_instantiated,0,,,,,0,0,,TaxRecordView,291451,0,never_instantiated,0,,,,,0,0,CustomerView,AddressView,800000,0,never_instantiated,0,,,,,0,0,,CategoryView,4,0,never_instantiated,0,,,,,0,0,,ProductView,19,0,never_instantiated,0,,,,,0,0,OrderItemView,,4301324,0,never_instantiated,0,,,,,0,0,OrderView,CustomerView,800000,0,never_instantiated,0,,,,,0,0,,,,,,,,,,,,,,,,,,,,,,,,,,,,,,,,,,,,,,,,,,,,,,,,,,,,,,,,,,,,,,,,,,,,,,,,,,,,,,,,,,,,,,,,,,,,,,,,,,,,,,,,,,,,,,,,,,,,,,,,,,,,,,,,,,,,,,,,,,,,,,,,
q08,2,14,1,5.54,,,1690745,0,never_instantiated,0,,,,,0,0,,,2039783,0,never_instantiated,0,,,,,0,0,,,1727854,0,never_instantiated,0,,,,,0,0,,ProductView,36,0,never_instantiated,0,,,,,0,0,,OrderItemView,12855283,0,never_instantiated,0,,,,,0,0,OrderView,CreditCardView,2039783,0,never_instantiated,0,,,,,0,0,,,2039783,0,never_instantiated,0,,,,,0,0,,,2039783,0,never_instantiated,0,,,,,0,0,CreditCardView,,1586092,0,never_instantiated,0,,,,,0,0,CreditCardView,OrderView,3214641,0,never_instantiated,0,,,,,0,0,OrderItemView,,4593116,0,never_instantiated,0,,,,,0,0,OrderView,CreditCardView,2039783,0,never_instantiated,0,,,,,0,0,,TaxRecordView,800000,0,never_instantiated,0,,,,,0,0,,AddressView,800000,0,never_instantiated,0,,,,,0,0,,CustomerView,800000,0,never_instantiated,0,,,,,0,0,OrderView,CreditCardView,2039783,0,never_instantiated,0,,,,,0,0,,CategoryView,9,0,never_instantiated,0,,,,,0,0,,ProductView,36,0,never_instantiated,0,,,,,0,0,OrderItemView,,4593116,0,never_instantiated,0,,,,,0,0,OrderView,CreditCardView,2039783,0,never_instantiated,0,,,,,0,0,,CategoryView,9,0,never_instantiated,0,,,,,0,0,,ProductView,35,0,never_instantiated,0,,,,,0,0,OrderItemView,,4593116,0,never_instantiated,0,,,,,0,0,OrderView,CreditCardView,2039783,0,never_instantiated,0,,,,,0,0
q01,2,15,1,0.61,OrderItemView,,4301324,0,never_instantiated,0,,,,,0,0,OrderView,,800000,0,never_instantiated,0,,,,,0,0,AddressView,CustomerView,800000,0,never_instantiated,0,,,,,0,0,,,,,,,,,,,,,,,,,,,,,,,,,,,,,,,,,,,,,,,,,,,,,,,,,,,,,,,,,,,,,,,,,,,,,,,,,,,,,,,,,,,,,,,,,,,,,,,,,,,,,,,,,,,,,,,,,,,,,,,,,,,,,,,,,,,,,,,,,,,,,,,,,,,,,,,,,,,,,,,,,,,,,,,,,,,,,,,,,,,,,,,,,,,,,,,,,,,,,,,,,,,,,,,,,,,,,,,,,,,,,,,,,,,,,,,,,,,,,,,,,,,,,,,,,,,,
q02,2,15,1,2.59,,,800000,0,never_instantiated,0,,,,,0,0,,,770796,0,never_instantiated,0,,,,,0,0,,,731189,0,never_instantiated,0,,,,,0,0,,,800000,0,never_instantiated,0,,,,,0,0,,,751547,0,never_instantiated,0,,,,,0,0,,,402948,0,never_instantiated,0,,,,,0,0,CreditCardView,CustomerView,800000,0,never_instantiated,0,,,,,0,0,,TaxRecordView,402948,0,never_instantiated,0,,,,,0,0,AddressView,CustomerView,800000,0,never_instantiated,0,,,,,0,0,,CategoryView,2,0,never_instantiated,0,,,,,0,0,,ProductView,9,0,never_instantiated,0,,,,,0,0,OrderItemView,,4301324,0,never_instantiated,0,,,,,0,0,OrderView,CustomerView,800000,0,never_instantiated,0,,,,,0,0,OrderView,CustomerView,800000,0,never_instantiated,0,,,,,0,0,OrderItemView,,1835997,0,never_instantiated,0,,,,,0,0,OrderView,CustomerView,800000,0,never_instantiated,0,,,,,0,0,,CategoryView,3,0,never_instantiated,0,,,,,0,0,,ProductView,16,0,never_instantiated,0,,,,,0,0,OrderItemView,,4301324,0,never_instantiated,0,,,,,0,0,OrderView,CustomerView,800000,0,never_instantiated,0,,,,,0,0,,CreditCardView,2039783,0,never_instantiated,0,,,,,0,0,OrderView,CustomerView,800000,0,never_instantiated,0,,,,,0,0,,,,,,,,,,,,,,,,,,,,,,,,
q03,2,15,1,1.22,,,800000,0,never_instantiated,0,,,,,0,0,,CategoryView,9,0,never_instantiated,0,,,,,0,0,,TaxRecordView,800000,0,never_instantiated,0,,,,,0,0,,AddressView,800000,0,never_instantiated,0,,,,,0,0,CustomerView,,3430857,0,never_instantiated,0,,,,,0,0,CreditCardView,,4287481,0,never_instantiated,0,,,,,0,0,,ProductView,8,0,never_instantiated,0,,,,,0,0,OrderItemView,OrderView,4283993,0,never_instantiated,0,,,,,0,0,CreditCardView,CustomerView,800000,0,never_instantiated,0,,,,,0,0,,,,,,,,,,,,,,,,,,,,,,,,,,,,,,,,,,,,,,,,,,,,,,,,,,,,,,,,,,,,,,,,,,,,,,,,,,,,,,,,,,,,,,,,,,,,,,,,,,,,,,,,,,,,,,,,,,,,,,,,,,,,,,,,,,,,,,,,,,,,,,,,,,,,,,,,,,,,,,,,,,,,,,,,,,,,,,,,,,,,
q04,2,15,1,4.21,,,9,0,never_instantiated,0,,,,,0,0,,,9,0,never_instantiated,0,,,,,0,0,,,9,0,never_instantiated,0,,,,,0,0,,,9,0,never_instantiated,0,,,,,0,0,,CreditCardView,2039783,0,never_instantiated,0,,,,,0,0,,OrderView,4283993,0,never_instantiated,0,,,,,0,0,OrderItemView,,36,0,never_instantiated,0,,,,,0,0,ProductView,CategoryView,9,0,never_instantiated,0,,,,,0,0,,TaxRecordView,800000,0,never_instantiated,0,,,,,0,0,,AddressView,800000,0,never_instantiated,0,,,,,0,0,,CustomerView,800000,0,never_instantiated,0,,,,,0,0,,OrderView,4283993,0,never_instantiated,0,,,,,0,0,OrderItemView,,36,0,never_instantiated,0,,,,,0,0,ProductView,CategoryView,9,0,never_instantiated,0,,,,,0,0,ProductView,CategoryView,9,0,never_instantiated,0,,,,,0,0,OrderItemView,,36,0,never_instantiated,0,,,,,0,0,ProductView,CategoryView,9,0,never_instantiated,0,,,,,0,0,,CreditCardView,2039783,0,never_instantiated,0,,,,,0,0,,OrderView,4283993,0,never_instantiated,0,,,,,0,0,OrderItemView,,36,0,never_instantiated,0,,,,,0,0,ProductView,CategoryView,9,0,never_instantiated,0,,,,,0,0,,,,,,,,,,,,,,,,,,,,,,,,,,,,,,,,,,,,
q05,2,15,1,1.08,,,73297,0,never_instantiated,0,,,,,0,0,,ProductView,36,0,never_instantiated,0,,,,,0,0,OrderItemView,,4301324,0,never_instantiated,0,,,,,0,0,OrderView,,800000,0,never_instantiated,0,,,,,0,0,TaxRecordView,AddressView,800000,0,never_instantiated,0,,,,,0,0,,,73297,0,never_instantiated,0,,,,,0,0,,CustomerView,800000,0,never_instantiated,0,,,,,0,0,TaxRecordView,AddressView,800000,0,never_instantiated,0,,,,,0,0,OrderView,,800000,0,never_instantiated,0,,,,,0,0,TaxRecordView,AddressView,800000,0,never_instantiated,0,,,,,0,0,,,,,,,,,,,,,,,,,,,,,,,,,,,,,,,,,,,,,,,,,,,,,,,,,,,,,,,,,,,,,,,,,,,,,,,,,,,,,,,,,,,,,,,,,,,,,,,,,,,,,,,,,,,,,,,,,,,,,,,,,,,,,,,,,,,,,,,,,,,,,,,,,,,,,,,,,,,,,,,,,,,,,,,,
q06,2,15,1,1.30,,,9,0,never_instantiated,0,,,,,0,0,,,36,0,never_instantiated,0,,,,,0,0,,,128389,0,never_instantiated,0,,,,,0,0,,OrderView,4283993,0,never_instantiated,0,,,,,0,0,OrderItemView,ProductView,36,0,never_instantiated,0,,,,,0,0,AddressView,,8,0,never_instantiated,0,,,,,0,0,ProductView,,36,0,never_instantiated,0,,,,,0,0,,CustomerView,800000,0,never_instantiated,0,,,,,0,0,,AddressView,800000,0,never_instantiated,0,,,,,0,0,,OrderView,4283993,0,never_instantiated,0,,,,,0,0,OrderItemView,ProductView,36,0,never_instantiated,0,,,,,0,0,ProductView,CategoryView,2,0,never_instantiated,0,,,,,0,0,,,,,,,,,,,,,,,,,,,,,,,,,,,,,,,,,,,,,,,,,,,,,,,,,,,,,,,,,,,,,,,,,,,,,,,,,,,,,,,,,,,,,,,,,,,,,,,,,,,,,,,,,,,,,,,,,,,,,,,,,,,,,,,,,,,,,,,,,,,,,,,,
q07,2,15,1,1.42,,,773859,0,never_instantiated,0,,,,,0,0,,,291451,0,never_instantiated,0,,,,,0,0,OrderItemView,,1021443,0,never_instantiated,0,,,,,0,0,,,486168,0,never_instantiated,0,,,,,0,0,OrderView,CustomerView,800000,0,never_instantiated,0,,,,,0,0,CreditCardView,,5,0,never_instantiated,0,,,,,0,0,,TaxRecordView,291451,0,never_instantiated,0,,,,,0,0,CustomerView,AddressView,800000,0,never_instantiated,0,,,,,0,0,,CategoryView,4,0,never_instantiated,0,,,,,0,0,,ProductView,19,0,never_instantiated,0,,,,,0,0,OrderItemView,,4301324,0,never_instantiated,0,,,,,0,0,OrderView,CustomerView,800000,0,never_instantiated,0,,,,,0,0,,,,,,,,,,,,,,,,,,,,,,,,,,,,,,,,,,,,,,,,,,,,,,,,,,,,,,,,,,,,,,,,,,,,,,,,,,,,,,,,,,,,,,,,,,,,,,,,,,,,,,,,,,,,,,,,,,,,,,,,,,,,,,,,,,,,,,,,,,,,,,,,
q08,2,15,1,5.65,,,1690745,0,never_instantiated,0,,,,,0,0,,,2039783,0,never_instantiated,0,,,,,0,0,,,1727854,0,never_instantiated,0,,,,,0,0,,ProductView,36,0,never_instantiated,0,,,,,0,0,,OrderItemView,12855283,0,never_instantiated,0,,,,,0,0,OrderView,CreditCardView,2039783,0,never_instantiated,0,,,,,0,0,,,2039783,0,never_instantiated,0,,,,,0,0,,,2039783,0,never_instantiated,0,,,,,0,0,CreditCardView,,1586092,0,never_instantiated,0,,,,,0,0,CreditCardView,OrderView,3214641,0,never_instantiated,0,,,,,0,0,OrderItemView,,4593116,0,never_instantiated,0,,,,,0,0,OrderView,CreditCardView,2039783,0,never_instantiated,0,,,,,0,0,,TaxRecordView,800000,0,never_instantiated,0,,,,,0,0,,AddressView,800000,0,never_instantiated,0,,,,,0,0,,CustomerView,800000,0,never_instantiated,0,,,,,0,0,OrderView,CreditCardView,2039783,0,never_instantiated,0,,,,,0,0,,CategoryView,9,0,never_instantiated,0,,,,,0,0,,ProductView,36,0,never_instantiated,0,,,,,0,0,OrderItemView,,4593116,0,never_instantiated,0,,,,,0,0,OrderView,CreditCardView,2039783,0,never_instantiated,0,,,,,0,0,,CategoryView,9,0,never_instantiated,0,,,,,0,0,,ProductView,35,0,never_instantiated,0,,,,,0,0,OrderItemView,,4593116,0,never_instantiated,0,,,,,0,0,OrderView,CreditCardView,2039783,0,never_instantiated,0,,,,,0,0
q01,2,16,1,0.61,OrderItemView,,4301324,0,never_instantiated,0,,,,,0,0,OrderView,,800000,0,never_instantiated,0,,,,,0,0,AddressView,CustomerView,800000,0,never_instantiated,0,,,,,0,0,,,,,,,,,,,,,,,,,,,,,,,,,,,,,,,,,,,,,,,,,,,,,,,,,,,,,,,,,,,,,,,,,,,,,,,,,,,,,,,,,,,,,,,,,,,,,,,,,,,,,,,,,,,,,,,,,,,,,,,,,,,,,,,,,,,,,,,,,,,,,,,,,,,,,,,,,,,,,,,,,,,,,,,,,,,,,,,,,,,,,,,,,,,,,,,,,,,,,,,,,,,,,,,,,,,,,,,,,,,,,,,,,,,,,,,,,,,,,,,,,,,,,,,,,,,,
q02,2,16,1,2.55,,,800000,0,never_instantiated,0,,,,,0,0,,,770796,0,never_instantiated,0,,,,,0,0,,,731189,0,never_instantiated,0,,,,,0,0,,,800000,0,never_instantiated,0,,,,,0,0,,,751547,0,never_instantiated,0,,,,,0,0,,,402948,0,never_instantiated,0,,,,,0,0,CreditCardView,CustomerView,800000,0,never_instantiated,0,,,,,0,0,,TaxRecordView,402948,0,never_instantiated,0,,,,,0,0,AddressView,CustomerView,800000,0,never_instantiated,0,,,,,0,0,,CategoryView,2,0,never_instantiated,0,,,,,0,0,,ProductView,9,0,never_instantiated,0,,,,,0,0,OrderItemView,,4301324,0,never_instantiated,0,,,,,0,0,OrderView,CustomerView,800000,0,never_instantiated,0,,,,,0,0,OrderView,CustomerView,800000,0,never_instantiated,0,,,,,0,0,OrderItemView,,1835997,0,never_instantiated,0,,,,,0,0,OrderView,CustomerView,800000,0,never_instantiated,0,,,,,0,0,,CategoryView,3,0,never_instantiated,0,,,,,0,0,,ProductView,16,0,never_instantiated,0,,,,,0,0,OrderItemView,,4301324,0,never_instantiated,0,,,,,0,0,OrderView,CustomerView,800000,0,never_instantiated,0,,,,,0,0,,CreditCardView,2039783,0,never_instantiated,0,,,,,0,0,OrderView,CustomerView,800000,0,never_instantiated,0,,,,,0,0,,,,,,,,,,,,,,,,,,,,,,,,
q03,2,16,1,1.16,,,800000,0,never_instantiated,0,,,,,0,0,,CategoryView,9,0,never_instantiated,0,,,,,0,0,,TaxRecordView,800000,0,never_instantiated,0,,,,,0,0,,AddressView,800000,0,never_instantiated,0,,,,,0,0,CustomerView,,3430857,0,never_instantiated,0,,,,,0,0,,ProductView,8,0,never_instantiated,0,,,,,0,0,,CreditCardView,1632147,0,never_instantiated,0,,,,,0,0,OrderItemView,OrderView,4283993,0,never_instantiated,0,,,,,0,0,CreditCardView,CustomerView,800000,0,never_instantiated,0,,,,,0,0,,,,,,,,,,,,,,,,,,,,,,,,,,,,,,,,,,,,,,,,,,,,,,,,,,,,,,,,,,,,,,,,,,,,,,,,,,,,,,,,,,,,,,,,,,,,,,,,,,,,,,,,,,,,,,,,,,,,,,,,,,,,,,,,,,,,,,,,,,,,,,,,,,,,,,,,,,,,,,,,,,,,,,,,,,,,,,,,,,,,
q04,2,16,1,4.25,,,9,0,never_instantiated,0,,,,,0,0,,,9,0,never_instantiated,0,,,,,0,0,,,9,0,never_instantiated,0,,,,,0,0,,,9,0,never_instantiated,0,,,,,0,0,,CreditCardView,2039783,0,never_instantiated,0,,,,,0,0,,OrderView,4283993,0,never_instantiated,0,,,,,0,0,OrderItemView,,36,0,never_instantiated,0,,,,,0,0,ProductView,CategoryView,9,0,never_instantiated,0,,,,,0,0,,TaxRecordView,800000,0,never_instantiated,0,,,,,0,0,,AddressView,800000,0,never_instantiated,0,,,,,0,0,,CustomerView,800000,0,never_instantiated,0,,,,,0,0,,OrderView,4283993,0,never_instantiated,0,,,,,0,0,OrderItemView,,36,0,never_instantiated,0,,,,,0,0,ProductView,CategoryView,9,0,never_instantiated,0,,,,,0,0,ProductView,CategoryView,9,0,never_instantiated,0,,,,,0,0,OrderItemView,,36,0,never_instantiated,0,,,,,0,0,ProductView,CategoryView,9,0,never_instantiated,0,,,,,0,0,,CreditCardView,2039783,0,never_instantiated,0,,,,,0,0,,OrderView,4283993,0,never_instantiated,0,,,,,0,0,OrderItemView,,36,0,never_instantiated,0,,,,,0,0,ProductView,CategoryView,9,0,never_instantiated,0,,,,,0,0,,,,,,,,,,,,,,,,,,,,,,,,,,,,,,,,,,,,
q05,2,16,1,1.06,,,73297,0,never_instantiated,0,,,,,0,0,,ProductView,36,0,never_instantiated,0,,,,,0,0,OrderItemView,,4301324,0,never_instantiated,0,,,,,0,0,OrderView,,800000,0,never_instantiated,0,,,,,0,0,TaxRecordView,AddressView,800000,0,never_instantiated,0,,,,,0,0,,,73297,0,never_instantiated,0,,,,,0,0,,CustomerView,800000,0,never_instantiated,0,,,,,0,0,TaxRecordView,AddressView,800000,0,never_instantiated,0,,,,,0,0,OrderView,,800000,0,never_instantiated,0,,,,,0,0,TaxRecordView,AddressView,800000,0,never_instantiated,0,,,,,0,0,,,,,,,,,,,,,,,,,,,,,,,,,,,,,,,,,,,,,,,,,,,,,,,,,,,,,,,,,,,,,,,,,,,,,,,,,,,,,,,,,,,,,,,,,,,,,,,,,,,,,,,,,,,,,,,,,,,,,,,,,,,,,,,,,,,,,,,,,,,,,,,,,,,,,,,,,,,,,,,,,,,,,,,,
q06,2,16,1,1.29,,,9,0,never_instantiated,0,,,,,0,0,,,36,0,never_instantiated,0,,,,,0,0,,,128389,0,never_instantiated,0,,,,,0,0,,OrderView,4283993,0,never_instantiated,0,,,,,0,0,OrderItemView,ProductView,36,0,never_instantiated,0,,,,,0,0,AddressView,,8,0,never_instantiated,0,,,,,0,0,ProductView,,36,0,never_instantiated,0,,,,,0,0,,CustomerView,800000,0,never_instantiated,0,,,,,0,0,,AddressView,800000,0,never_instantiated,0,,,,,0,0,,OrderView,4283993,0,never_instantiated,0,,,,,0,0,OrderItemView,ProductView,36,0,never_instantiated,0,,,,,0,0,ProductView,CategoryView,2,0,never_instantiated,0,,,,,0,0,,,,,,,,,,,,,,,,,,,,,,,,,,,,,,,,,,,,,,,,,,,,,,,,,,,,,,,,,,,,,,,,,,,,,,,,,,,,,,,,,,,,,,,,,,,,,,,,,,,,,,,,,,,,,,,,,,,,,,,,,,,,,,,,,,,,,,,,,,,,,,,,
q07,2,16,1,1.44,,,773859,0,never_instantiated,0,,,,,0,0,,,291451,0,never_instantiated,0,,,,,0,0,OrderItemView,,1021443,0,never_instantiated,0,,,,,0,0,,,486168,0,never_instantiated,0,,,,,0,0,OrderView,CustomerView,800000,0,never_instantiated,0,,,,,0,0,CreditCardView,,5,0,never_instantiated,0,,,,,0,0,,TaxRecordView,291451,0,never_instantiated,0,,,,,0,0,CustomerView,AddressView,800000,0,never_instantiated,0,,,,,0,0,,CategoryView,4,0,never_instantiated,0,,,,,0,0,,ProductView,19,0,never_instantiated,0,,,,,0,0,OrderItemView,,4301324,0,never_instantiated,0,,,,,0,0,OrderView,CustomerView,800000,0,never_instantiated,0,,,,,0,0,,,,,,,,,,,,,,,,,,,,,,,,,,,,,,,,,,,,,,,,,,,,,,,,,,,,,,,,,,,,,,,,,,,,,,,,,,,,,,,,,,,,,,,,,,,,,,,,,,,,,,,,,,,,,,,,,,,,,,,,,,,,,,,,,,,,,,,,,,,,,,,,
q08,2,16,1,5.75,,,1690745,0,never_instantiated,0,,,,,0,0,,,2039783,0,never_instantiated,0,,,,,0,0,,,1727854,0,never_instantiated,0,,,,,0,0,,ProductView,36,0,never_instantiated,0,,,,,0,0,,OrderItemView,12855283,0,never_instantiated,0,,,,,0,0,OrderView,CreditCardView,2039783,0,never_instantiated,0,,,,,0,0,,,2039783,0,never_instantiated,0,,,,,0,0,,,2039783,0,never_instantiated,0,,,,,0,0,CreditCardView,,1586092,0,never_instantiated,0,,,,,0,0,CreditCardView,OrderView,3214641,0,never_instantiated,0,,,,,0,0,OrderItemView,,4593116,0,never_instantiated,0,,,,,0,0,OrderView,CreditCardView,2039783,0,never_instantiated,0,,,,,0,0,,TaxRecordView,800000,0,never_instantiated,0,,,,,0,0,,AddressView,800000,0,never_instantiated,0,,,,,0,0,,CustomerView,800000,0,never_instantiated,0,,,,,0,0,OrderView,CreditCardView,2039783,0,never_instantiated,0,,,,,0,0,,CategoryView,9,0,never_instantiated,0,,,,,0,0,,ProductView,36,0,never_instantiated,0,,,,,0,0,OrderItemView,,4593116,0,never_instantiated,0,,,,,0,0,OrderView,CreditCardView,2039783,0,never_instantiated,0,,,,,0,0,,CategoryView,9,0,never_instantiated,0,,,,,0,0,,ProductView,35,0,never_instantiated,0,,,,,0,0,OrderItemView,,4593116,0,never_instantiated,0,,,,,0,0,OrderView,CreditCardView,2039783,0,never_instantiated,0,,,,,0,0
q01,2,17,1,0.60,OrderItemView,,4301324,0,never_instantiated,0,,,,,0,0,OrderView,,800000,0,never_instantiated,0,,,,,0,0,AddressView,CustomerView,800000,0,never_instantiated,0,,,,,0,0,,,,,,,,,,,,,,,,,,,,,,,,,,,,,,,,,,,,,,,,,,,,,,,,,,,,,,,,,,,,,,,,,,,,,,,,,,,,,,,,,,,,,,,,,,,,,,,,,,,,,,,,,,,,,,,,,,,,,,,,,,,,,,,,,,,,,,,,,,,,,,,,,,,,,,,,,,,,,,,,,,,,,,,,,,,,,,,,,,,,,,,,,,,,,,,,,,,,,,,,,,,,,,,,,,,,,,,,,,,,,,,,,,,,,,,,,,,,,,,,,,,,,,,,,,,,
q02,2,17,1,2.56,,,800000,0,never_instantiated,0,,,,,0,0,,,770796,0,never_instantiated,0,,,,,0,0,,,731189,0,never_instantiated,0,,,,,0,0,,,800000,0,never_instantiated,0,,,,,0,0,,,751547,0,never_instantiated,0,,,,,0,0,,,402948,0,never_instantiated,0,,,,,0,0,CreditCardView,CustomerView,800000,0,never_instantiated,0,,,,,0,0,,TaxRecordView,402948,0,never_instantiated,0,,,,,0,0,AddressView,CustomerView,800000,0,never_instantiated,0,,,,,0,0,,CategoryView,2,0,never_instantiated,0,,,,,0,0,,ProductView,9,0,never_instantiated,0,,,,,0,0,OrderItemView,,4301324,0,never_instantiated,0,,,,,0,0,OrderView,CustomerView,800000,0,never_instantiated,0,,,,,0,0,OrderView,CustomerView,800000,0,never_instantiated,0,,,,,0,0,OrderItemView,,1835997,0,never_instantiated,0,,,,,0,0,OrderView,CustomerView,800000,0,never_instantiated,0,,,,,0,0,,CategoryView,3,0,never_instantiated,0,,,,,0,0,,ProductView,16,0,never_instantiated,0,,,,,0,0,OrderItemView,,4301324,0,never_instantiated,0,,,,,0,0,OrderView,CustomerView,800000,0,never_instantiated,0,,,,,0,0,,CreditCardView,2039783,0,never_instantiated,0,,,,,0,0,OrderView,CustomerView,800000,0,never_instantiated,0,,,,,0,0,,,,,,,,,,,,,,,,,,,,,,,,
q03,2,17,1,1.25,,,800000,0,never_instantiated,0,,,,,0,0,,CategoryView,9,0,never_instantiated,0,,,,,0,0,,TaxRecordView,800000,0,never_instantiated,0,,,,,0,0,,AddressView,800000,0,never_instantiated,0,,,,,0,0,CustomerView,,3430857,0,never_instantiated,0,,,,,0,0,CreditCardView,,4287481,0,never_instantiated,0,,,,,0,0,,ProductView,8,0,never_instantiated,0,,,,,0,0,OrderItemView,OrderView,4283993,0,never_instantiated,0,,,,,0,0,CreditCardView,CustomerView,800000,0,never_instantiated,0,,,,,0,0,,,,,,,,,,,,,,,,,,,,,,,,,,,,,,,,,,,,,,,,,,,,,,,,,,,,,,,,,,,,,,,,,,,,,,,,,,,,,,,,,,,,,,,,,,,,,,,,,,,,,,,,,,,,,,,,,,,,,,,,,,,,,,,,,,,,,,,,,,,,,,,,,,,,,,,,,,,,,,,,,,,,,,,,,,,,,,,,,,,,
q04,2,17,1,4.26,,,9,0,never_instantiated,0,,,,,0,0,,,9,0,never_instantiated,0,,,,,0,0,,,9,0,never_instantiated,0,,,,,0,0,,,9,0,never_instantiated,0,,,,,0,0,,CreditCardView,2039783,0,never_instantiated,0,,,,,0,0,,OrderView,4283993,0,never_instantiated,0,,,,,0,0,OrderItemView,,36,0,never_instantiated,0,,,,,0,0,ProductView,CategoryView,9,0,never_instantiated,0,,,,,0,0,,TaxRecordView,800000,0,never_instantiated,0,,,,,0,0,,AddressView,800000,0,never_instantiated,0,,,,,0,0,,CustomerView,800000,0,never_instantiated,0,,,,,0,0,,OrderView,4283993,0,never_instantiated,0,,,,,0,0,OrderItemView,,36,0,never_instantiated,0,,,,,0,0,ProductView,CategoryView,9,0,never_instantiated,0,,,,,0,0,ProductView,CategoryView,9,0,never_instantiated,0,,,,,0,0,OrderItemView,,36,0,never_instantiated,0,,,,,0,0,ProductView,CategoryView,9,0,never_instantiated,0,,,,,0,0,,CreditCardView,2039783,0,never_instantiated,0,,,,,0,0,,OrderView,4283993,0,never_instantiated,0,,,,,0,0,OrderItemView,,36,0,never_instantiated,0,,,,,0,0,ProductView,CategoryView,9,0,never_instantiated,0,,,,,0,0,,,,,,,,,,,,,,,,,,,,,,,,,,,,,,,,,,,,
q05,2,17,1,1.04,,,73297,0,never_instantiated,0,,,,,0,0,,ProductView,36,0,never_instantiated,0,,,,,0,0,OrderItemView,,4301324,0,never_instantiated,0,,,,,0,0,OrderView,,800000,0,never_instantiated,0,,,,,0,0,TaxRecordView,AddressView,800000,0,never_instantiated,0,,,,,0,0,,,73297,0,never_instantiated,0,,,,,0,0,,CustomerView,800000,0,never_instantiated,0,,,,,0,0,TaxRecordView,AddressView,800000,0,never_instantiated,0,,,,,0,0,OrderView,,800000,0,never_instantiated,0,,,,,0,0,TaxRecordView,AddressView,800000,0,never_instantiated,0,,,,,0,0,,,,,,,,,,,,,,,,,,,,,,,,,,,,,,,,,,,,,,,,,,,,,,,,,,,,,,,,,,,,,,,,,,,,,,,,,,,,,,,,,,,,,,,,,,,,,,,,,,,,,,,,,,,,,,,,,,,,,,,,,,,,,,,,,,,,,,,,,,,,,,,,,,,,,,,,,,,,,,,,,,,,,,,,
q06,2,17,1,1.32,,,9,0,never_instantiated,0,,,,,0,0,,,36,0,never_instantiated,0,,,,,0,0,,,128389,0,never_instantiated,0,,,,,0,0,,OrderView,4283993,0,never_instantiated,0,,,,,0,0,OrderItemView,ProductView,36,0,never_instantiated,0,,,,,0,0,AddressView,,8,0,never_instantiated,0,,,,,0,0,ProductView,,36,0,never_instantiated,0,,,,,0,0,,CustomerView,800000,0,never_instantiated,0,,,,,0,0,,AddressView,800000,0,never_instantiated,0,,,,,0,0,,OrderView,4283993,0,never_instantiated,0,,,,,0,0,OrderItemView,ProductView,36,0,never_instantiated,0,,,,,0,0,ProductView,CategoryView,2,0,never_instantiated,0,,,,,0,0,,,,,,,,,,,,,,,,,,,,,,,,,,,,,,,,,,,,,,,,,,,,,,,,,,,,,,,,,,,,,,,,,,,,,,,,,,,,,,,,,,,,,,,,,,,,,,,,,,,,,,,,,,,,,,,,,,,,,,,,,,,,,,,,,,,,,,,,,,,,,,,,
q07,2,17,1,1.42,,,773859,0,never_instantiated,0,,,,,0,0,,,291451,0,never_instantiated,0,,,,,0,0,OrderItemView,,1021443,0,never_instantiated,0,,,,,0,0,,,486168,0,never_instantiated,0,,,,,0,0,OrderView,CustomerView,800000,0,never_instantiated,0,,,,,0,0,CreditCardView,,5,0,never_instantiated,0,,,,,0,0,,TaxRecordView,291451,0,never_instantiated,0,,,,,0,0,CustomerView,AddressView,800000,0,never_instantiated,0,,,,,0,0,,CategoryView,4,0,never_instantiated,0,,,,,0,0,,ProductView,19,0,never_instantiated,0,,,,,0,0,OrderItemView,,4301324,0,never_instantiated,0,,,,,0,0,OrderView,CustomerView,800000,0,never_instantiated,0,,,,,0,0,,,,,,,,,,,,,,,,,,,,,,,,,,,,,,,,,,,,,,,,,,,,,,,,,,,,,,,,,,,,,,,,,,,,,,,,,,,,,,,,,,,,,,,,,,,,,,,,,,,,,,,,,,,,,,,,,,,,,,,,,,,,,,,,,,,,,,,,,,,,,,,,
q08,2,17,1,5.73,,,1690745,0,never_instantiated,0,,,,,0,0,,,2039783,0,never_instantiated,0,,,,,0,0,,,1727854,0,never_instantiated,0,,,,,0,0,,ProductView,36,0,never_instantiated,0,,,,,0,0,,OrderItemView,12855283,0,never_instantiated,0,,,,,0,0,OrderView,CreditCardView,2039783,0,never_instantiated,0,,,,,0,0,,,2039783,0,never_instantiated,0,,,,,0,0,,,2039783,0,never_instantiated,0,,,,,0,0,CreditCardView,,1586092,0,never_instantiated,0,,,,,0,0,CreditCardView,OrderView,3214641,0,never_instantiated,0,,,,,0,0,OrderItemView,,4593116,0,never_instantiated,0,,,,,0,0,OrderView,CreditCardView,2039783,0,never_instantiated,0,,,,,0,0,,TaxRecordView,800000,0,never_instantiated,0,,,,,0,0,,AddressView,800000,0,never_instantiated,0,,,,,0,0,,CustomerView,800000,0,never_instantiated,0,,,,,0,0,OrderView,CreditCardView,2039783,0,never_instantiated,0,,,,,0,0,,CategoryView,9,0,never_instantiated,0,,,,,0,0,,ProductView,36,0,never_instantiated,0,,,,,0,0,OrderItemView,,4593116,0,never_instantiated,0,,,,,0,0,OrderView,CreditCardView,2039783,0,never_instantiated,0,,,,,0,0,,CategoryView,9,0,never_instantiated,0,,,,,0,0,,ProductView,35,0,never_instantiated,0,,,,,0,0,OrderItemView,,4593116,0,never_instantiated,0,,,,,0,0,OrderView,CreditCardView,2039783,0,never_instantiated,0,,,,,0,0
q01,2,18,1,0.63,OrderItemView,,4301324,0,never_instantiated,0,,,,,0,0,OrderView,,800000,0,never_instantiated,0,,,,,0,0,AddressView,CustomerView,800000,0,never_instantiated,0,,,,,0,0,,,,,,,,,,,,,,,,,,,,,,,,,,,,,,,,,,,,,,,,,,,,,,,,,,,,,,,,,,,,,,,,,,,,,,,,,,,,,,,,,,,,,,,,,,,,,,,,,,,,,,,,,,,,,,,,,,,,,,,,,,,,,,,,,,,,,,,,,,,,,,,,,,,,,,,,,,,,,,,,,,,,,,,,,,,,,,,,,,,,,,,,,,,,,,,,,,,,,,,,,,,,,,,,,,,,,,,,,,,,,,,,,,,,,,,,,,,,,,,,,,,,,,,,,,,,
q02,2,18,1,2.53,,,800000,0,never_instantiated,0,,,,,0,0,,,770796,0,never_instantiated,0,,,,,0,0,,,731189,0,never_instantiated,0,,,,,0,0,,,800000,0,never_instantiated,0,,,,,0,0,,,751547,0,never_instantiated,0,,,,,0,0,,,402948,0,never_instantiated,0,,,,,0,0,CreditCardView,CustomerView,800000,0,never_instantiated,0,,,,,0,0,,TaxRecordView,402948,0,never_instantiated,0,,,,,0,0,AddressView,CustomerView,800000,0,never_instantiated,0,,,,,0,0,,CategoryView,2,0,never_instantiated,0,,,,,0,0,,ProductView,9,0,never_instantiated,0,,,,,0,0,OrderItemView,,4301324,0,never_instantiated,0,,,,,0,0,OrderView,CustomerView,800000,0,never_instantiated,0,,,,,0,0,OrderView,CustomerView,800000,0,never_instantiated,0,,,,,0,0,OrderItemView,,1835997,0,never_instantiated,0,,,,,0,0,OrderView,CustomerView,800000,0,never_instantiated,0,,,,,0,0,,CategoryView,3,0,never_instantiated,0,,,,,0,0,,ProductView,16,0,never_instantiated,0,,,,,0,0,OrderItemView,,4301324,0,never_instantiated,0,,,,,0,0,OrderView,CustomerView,800000,0,never_instantiated,0,,,,,0,0,,CreditCardView,2039783,0,never_instantiated,0,,,,,0,0,OrderView,CustomerView,800000,0,never_instantiated,0,,,,,0,0,,,,,,,,,,,,,,,,,,,,,,,,
q03,2,18,1,1.26,,,800000,0,never_instantiated,0,,,,,0,0,,CategoryView,9,0,never_instantiated,0,,,,,0,0,,TaxRecordView,800000,0,never_instantiated,0,,,,,0,0,,AddressView,800000,0,never_instantiated,0,,,,,0,0,CustomerView,,3430857,0,never_instantiated,0,,,,,0,0,CreditCardView,,4287481,0,never_instantiated,0,,,,,0,0,,ProductView,8,0,never_instantiated,0,,,,,0,0,OrderItemView,OrderView,4283993,0,never_instantiated,0,,,,,0,0,CreditCardView,CustomerView,800000,0,never_instantiated,0,,,,,0,0,,,,,,,,,,,,,,,,,,,,,,,,,,,,,,,,,,,,,,,,,,,,,,,,,,,,,,,,,,,,,,,,,,,,,,,,,,,,,,,,,,,,,,,,,,,,,,,,,,,,,,,,,,,,,,,,,,,,,,,,,,,,,,,,,,,,,,,,,,,,,,,,,,,,,,,,,,,,,,,,,,,,,,,,,,,,,,,,,,,,
q04,2,18,1,4.22,,,9,0,never_instantiated,0,,,,,0,0,,,9,0,never_instantiated,0,,,,,0,0,,,9,0,never_instantiated,0,,,,,0,0,,,9,0,never_instantiated,0,,,,,0,0,,CreditCardView,2039783,0,never_instantiated,0,,,,,0,0,,OrderView,4283993,0,never_instantiated,0,,,,,0,0,OrderItemView,,36,0,never_instantiated,0,,,,,0,0,ProductView,CategoryView,9,0,never_instantiated,0,,,,,0,0,,TaxRecordView,800000,0,never_instantiated,0,,,,,0,0,,AddressView,800000,0,never_instantiated,0,,,,,0,0,,CustomerView,800000,0,never_instantiated,0,,,,,0,0,,OrderView,4283993,0,never_instantiated,0,,,,,0,0,OrderItemView,,36,0,never_instantiated,0,,,,,0,0,ProductView,CategoryView,9,0,never_instantiated,0,,,,,0,0,ProductView,CategoryView,9,0,never_instantiated,0,,,,,0,0,OrderItemView,,36,0,never_instantiated,0,,,,,0,0,ProductView,CategoryView,9,0,never_instantiated,0,,,,,0,0,,CreditCardView,2039783,0,never_instantiated,0,,,,,0,0,,OrderView,4283993,0,never_instantiated,0,,,,,0,0,OrderItemView,,36,0,never_instantiated,0,,,,,0,0,ProductView,CategoryView,9,0,never_instantiated,0,,,,,0,0,,,,,,,,,,,,,,,,,,,,,,,,,,,,,,,,,,,,
q05,2,18,1,1.06,,,73297,0,never_instantiated,0,,,,,0,0,,ProductView,36,0,never_instantiated,0,,,,,0,0,OrderItemView,,4301324,0,never_instantiated,0,,,,,0,0,OrderView,,800000,0,never_instantiated,0,,,,,0,0,TaxRecordView,AddressView,800000,0,never_instantiated,0,,,,,0,0,,,73297,0,never_instantiated,0,,,,,0,0,,CustomerView,800000,0,never_instantiated,0,,,,,0,0,TaxRecordView,AddressView,800000,0,never_instantiated,0,,,,,0,0,OrderView,,800000,0,never_instantiated,0,,,,,0,0,TaxRecordView,AddressView,800000,0,never_instantiated,0,,,,,0,0,,,,,,,,,,,,,,,,,,,,,,,,,,,,,,,,,,,,,,,,,,,,,,,,,,,,,,,,,,,,,,,,,,,,,,,,,,,,,,,,,,,,,,,,,,,,,,,,,,,,,,,,,,,,,,,,,,,,,,,,,,,,,,,,,,,,,,,,,,,,,,,,,,,,,,,,,,,,,,,,,,,,,,,,
q06,2,18,1,1.27,,,9,0,never_instantiated,0,,,,,0,0,,,36,0,never_instantiated,0,,,,,0,0,,,128389,0,never_instantiated,0,,,,,0,0,,OrderView,4283993,0,never_instantiated,0,,,,,0,0,OrderItemView,ProductView,36,0,never_instantiated,0,,,,,0,0,AddressView,,8,0,never_instantiated,0,,,,,0,0,ProductView,,36,0,never_instantiated,0,,,,,0,0,,CustomerView,800000,0,never_instantiated,0,,,,,0,0,,AddressView,800000,0,never_instantiated,0,,,,,0,0,,OrderView,4283993,0,never_instantiated,0,,,,,0,0,OrderItemView,ProductView,36,0,never_instantiated,0,,,,,0,0,ProductView,CategoryView,2,0,never_instantiated,0,,,,,0,0,,,,,,,,,,,,,,,,,,,,,,,,,,,,,,,,,,,,,,,,,,,,,,,,,,,,,,,,,,,,,,,,,,,,,,,,,,,,,,,,,,,,,,,,,,,,,,,,,,,,,,,,,,,,,,,,,,,,,,,,,,,,,,,,,,,,,,,,,,,,,,,,
q07,2,18,1,1.42,,,773859,0,never_instantiated,0,,,,,0,0,,,291451,0,never_instantiated,0,,,,,0,0,OrderItemView,,1021443,0,never_instantiated,0,,,,,0,0,,,486168,0,never_instantiated,0,,,,,0,0,OrderView,CustomerView,800000,0,never_instantiated,0,,,,,0,0,CreditCardView,,5,0,never_instantiated,0,,,,,0,0,,TaxRecordView,291451,0,never_instantiated,0,,,,,0,0,CustomerView,AddressView,800000,0,never_instantiated,0,,,,,0,0,,CategoryView,4,0,never_instantiated,0,,,,,0,0,,ProductView,19,0,never_instantiated,0,,,,,0,0,OrderItemView,,4301324,0,never_instantiated,0,,,,,0,0,OrderView,CustomerView,800000,0,never_instantiated,0,,,,,0,0,,,,,,,,,,,,,,,,,,,,,,,,,,,,,,,,,,,,,,,,,,,,,,,,,,,,,,,,,,,,,,,,,,,,,,,,,,,,,,,,,,,,,,,,,,,,,,,,,,,,,,,,,,,,,,,,,,,,,,,,,,,,,,,,,,,,,,,,,,,,,,,,
q08,2,18,1,5.67,,,1690745,0,never_instantiated,0,,,,,0,0,,,2039783,0,never_instantiated,0,,,,,0,0,,,1727854,0,never_instantiated,0,,,,,0,0,,ProductView,36,0,never_instantiated,0,,,,,0,0,,OrderItemView,12855283,0,never_instantiated,0,,,,,0,0,OrderView,CreditCardView,2039783,0,never_instantiated,0,,,,,0,0,,,2039783,0,never_instantiated,0,,,,,0,0,,,2039783,0,never_instantiated,0,,,,,0,0,CreditCardView,,1586092,0,never_instantiated,0,,,,,0,0,CreditCardView,OrderView,3214641,0,never_instantiated,0,,,,,0,0,OrderItemView,,4593116,0,never_instantiated,0,,,,,0,0,OrderView,CreditCardView,2039783,0,never_instantiated,0,,,,,0,0,,TaxRecordView,800000,0,never_instantiated,0,,,,,0,0,,AddressView,800000,0,never_instantiated,0,,,,,0,0,,CustomerView,800000,0,never_instantiated,0,,,,,0,0,OrderView,CreditCardView,2039783,0,never_instantiated,0,,,,,0,0,,CategoryView,9,0,never_instantiated,0,,,,,0,0,,ProductView,36,0,never_instantiated,0,,,,,0,0,OrderItemView,,4593116,0,never_instantiated,0,,,,,0,0,OrderView,CreditCardView,2039783,0,never_instantiated,0,,,,,0,0,,CategoryView,9,0,never_instantiated,0,,,,,0,0,,ProductView,35,0,never_instantiated,0,,,,,0,0,OrderItemView,,4593116,0,never_instantiated,0,,,,,0,0,OrderView,CreditCardView,2039783,0,never_instantiated,0,,,,,0,0
q01,2,19,1,0.61,OrderItemView,,4301324,0,never_instantiated,0,,,,,0,0,OrderView,,800000,0,never_instantiated,0,,,,,0,0,AddressView,CustomerView,800000,0,never_instantiated,0,,,,,0,0,,,,,,,,,,,,,,,,,,,,,,,,,,,,,,,,,,,,,,,,,,,,,,,,,,,,,,,,,,,,,,,,,,,,,,,,,,,,,,,,,,,,,,,,,,,,,,,,,,,,,,,,,,,,,,,,,,,,,,,,,,,,,,,,,,,,,,,,,,,,,,,,,,,,,,,,,,,,,,,,,,,,,,,,,,,,,,,,,,,,,,,,,,,,,,,,,,,,,,,,,,,,,,,,,,,,,,,,,,,,,,,,,,,,,,,,,,,,,,,,,,,,,,,,,,,,
q02,2,19,1,2.54,,,800000,0,never_instantiated,0,,,,,0,0,,,770796,0,never_instantiated,0,,,,,0,0,,,731189,0,never_instantiated,0,,,,,0,0,,,800000,0,never_instantiated,0,,,,,0,0,,,751547,0,never_instantiated,0,,,,,0,0,,,402948,0,never_instantiated,0,,,,,0,0,CreditCardView,CustomerView,800000,0,never_instantiated,0,,,,,0,0,,TaxRecordView,402948,0,never_instantiated,0,,,,,0,0,AddressView,CustomerView,800000,0,never_instantiated,0,,,,,0,0,,CategoryView,2,0,never_instantiated,0,,,,,0,0,,ProductView,9,0,never_instantiated,0,,,,,0,0,OrderItemView,,4301324,0,never_instantiated,0,,,,,0,0,OrderView,CustomerView,800000,0,never_instantiated,0,,,,,0,0,OrderView,CustomerView,800000,0,never_instantiated,0,,,,,0,0,OrderItemView,,1835997,0,never_instantiated,0,,,,,0,0,OrderView,CustomerView,800000,0,never_instantiated,0,,,,,0,0,,CategoryView,3,0,never_instantiated,0,,,,,0,0,,ProductView,16,0,never_instantiated,0,,,,,0,0,OrderItemView,,4301324,0,never_instantiated,0,,,,,0,0,OrderView,CustomerView,800000,0,never_instantiated,0,,,,,0,0,,CreditCardView,2039783,0,never_instantiated,0,,,,,0,0,OrderView,CustomerView,800000,0,never_instantiated,0,,,,,0,0,,,,,,,,,,,,,,,,,,,,,,,,
q03,2,19,1,1.24,,,800000,0,never_instantiated,0,,,,,0,0,,CategoryView,9,0,never_instantiated,0,,,,,0,0,,TaxRecordView,800000,0,never_instantiated,0,,,,,0,0,,AddressView,800000,0,never_instantiated,0,,,,,0,0,CustomerView,,3430857,0,never_instantiated,0,,,,,0,0,CreditCardView,,4287481,0,never_instantiated,0,,,,,0,0,,ProductView,8,0,never_instantiated,0,,,,,0,0,OrderItemView,OrderView,4283993,0,never_instantiated,0,,,,,0,0,CreditCardView,CustomerView,800000,0,never_instantiated,0,,,,,0,0,,,,,,,,,,,,,,,,,,,,,,,,,,,,,,,,,,,,,,,,,,,,,,,,,,,,,,,,,,,,,,,,,,,,,,,,,,,,,,,,,,,,,,,,,,,,,,,,,,,,,,,,,,,,,,,,,,,,,,,,,,,,,,,,,,,,,,,,,,,,,,,,,,,,,,,,,,,,,,,,,,,,,,,,,,,,,,,,,,,,
q04,2,19,1,4.23,,,9,0,never_instantiated,0,,,,,0,0,,,9,0,never_instantiated,0,,,,,0,0,,,9,0,never_instantiated,0,,,,,0,0,,,9,0,never_instantiated,0,,,,,0,0,,CreditCardView,2039783,0,never_instantiated,0,,,,,0,0,,OrderView,4283993,0,never_instantiated,0,,,,,0,0,OrderItemView,,36,0,never_instantiated,0,,,,,0,0,ProductView,CategoryView,9,0,never_instantiated,0,,,,,0,0,,TaxRecordView,800000,0,never_instantiated,0,,,,,0,0,,AddressView,800000,0,never_instantiated,0,,,,,0,0,,CustomerView,800000,0,never_instantiated,0,,,,,0,0,,OrderView,4283993,0,never_instantiated,0,,,,,0,0,OrderItemView,,36,0,never_instantiated,0,,,,,0,0,ProductView,CategoryView,9,0,never_instantiated,0,,,,,0,0,ProductView,CategoryView,9,0,never_instantiated,0,,,,,0,0,OrderItemView,,36,0,never_instantiated,0,,,,,0,0,ProductView,CategoryView,9,0,never_instantiated,0,,,,,0,0,,CreditCardView,2039783,0,never_instantiated,0,,,,,0,0,,OrderView,4283993,0,never_instantiated,0,,,,,0,0,OrderItemView,,36,0,never_instantiated,0,,,,,0,0,ProductView,CategoryView,9,0,never_instantiated,0,,,,,0,0,,,,,,,,,,,,,,,,,,,,,,,,,,,,,,,,,,,,
q05,2,19,1,1.07,,,73297,0,never_instantiated,0,,,,,0,0,,ProductView,36,0,never_instantiated,0,,,,,0,0,OrderItemView,,4301324,0,never_instantiated,0,,,,,0,0,OrderView,,800000,0,never_instantiated,0,,,,,0,0,TaxRecordView,AddressView,800000,0,never_instantiated,0,,,,,0,0,,,73297,0,never_instantiated,0,,,,,0,0,,CustomerView,800000,0,never_instantiated,0,,,,,0,0,TaxRecordView,AddressView,800000,0,never_instantiated,0,,,,,0,0,OrderView,,800000,0,never_instantiated,0,,,,,0,0,TaxRecordView,AddressView,800000,0,never_instantiated,0,,,,,0,0,,,,,,,,,,,,,,,,,,,,,,,,,,,,,,,,,,,,,,,,,,,,,,,,,,,,,,,,,,,,,,,,,,,,,,,,,,,,,,,,,,,,,,,,,,,,,,,,,,,,,,,,,,,,,,,,,,,,,,,,,,,,,,,,,,,,,,,,,,,,,,,,,,,,,,,,,,,,,,,,,,,,,,,,
q06,2,19,1,1.28,,,9,0,never_instantiated,0,,,,,0,0,,,36,0,never_instantiated,0,,,,,0,0,,,128389,0,never_instantiated,0,,,,,0,0,,OrderView,4283993,0,never_instantiated,0,,,,,0,0,OrderItemView,ProductView,36,0,never_instantiated,0,,,,,0,0,AddressView,,8,0,never_instantiated,0,,,,,0,0,ProductView,,36,0,never_instantiated,0,,,,,0,0,,CustomerView,800000,0,never_instantiated,0,,,,,0,0,,AddressView,800000,0,never_instantiated,0,,,,,0,0,,OrderView,4283993,0,never_instantiated,0,,,,,0,0,OrderItemView,ProductView,36,0,never_instantiated,0,,,,,0,0,ProductView,CategoryView,2,0,never_instantiated,0,,,,,0,0,,,,,,,,,,,,,,,,,,,,,,,,,,,,,,,,,,,,,,,,,,,,,,,,,,,,,,,,,,,,,,,,,,,,,,,,,,,,,,,,,,,,,,,,,,,,,,,,,,,,,,,,,,,,,,,,,,,,,,,,,,,,,,,,,,,,,,,,,,,,,,,,
q07,2,19,1,1.43,,,773859,0,never_instantiated,0,,,,,0,0,,,291451,0,never_instantiated,0,,,,,0,0,OrderItemView,,1021443,0,never_instantiated,0,,,,,0,0,,,486168,0,never_instantiated,0,,,,,0,0,OrderView,CustomerView,800000,0,never_instantiated,0,,,,,0,0,CreditCardView,,5,0,never_instantiated,0,,,,,0,0,,TaxRecordView,291451,0,never_instantiated,0,,,,,0,0,CustomerView,AddressView,800000,0,never_instantiated,0,,,,,0,0,,CategoryView,4,0,never_instantiated,0,,,,,0,0,,ProductView,19,0,never_instantiated,0,,,,,0,0,OrderItemView,,4301324,0,never_instantiated,0,,,,,0,0,OrderView,CustomerView,800000,0,never_instantiated,0,,,,,0,0,,,,,,,,,,,,,,,,,,,,,,,,,,,,,,,,,,,,,,,,,,,,,,,,,,,,,,,,,,,,,,,,,,,,,,,,,,,,,,,,,,,,,,,,,,,,,,,,,,,,,,,,,,,,,,,,,,,,,,,,,,,,,,,,,,,,,,,,,,,,,,,,
q08,2,19,1,5.68,,,1690745,0,never_instantiated,0,,,,,0,0,,,2039783,0,never_instantiated,0,,,,,0,0,,,1727854,0,never_instantiated,0,,,,,0,0,,ProductView,36,0,never_instantiated,0,,,,,0,0,,OrderItemView,12855283,0,never_instantiated,0,,,,,0,0,OrderView,CreditCardView,2039783,0,never_instantiated,0,,,,,0,0,,,2039783,0,never_instantiated,0,,,,,0,0,,,2039783,0,never_instantiated,0,,,,,0,0,CreditCardView,,1586092,0,never_instantiated,0,,,,,0,0,CreditCardView,OrderView,3214641,0,never_instantiated,0,,,,,0,0,OrderItemView,,4593116,0,never_instantiated,0,,,,,0,0,OrderView,CreditCardView,2039783,0,never_instantiated,0,,,,,0,0,,TaxRecordView,800000,0,never_instantiated,0,,,,,0,0,,AddressView,800000,0,never_instantiated,0,,,,,0,0,,CustomerView,800000,0,never_instantiated,0,,,,,0,0,OrderView,CreditCardView,2039783,0,never_instantiated,0,,,,,0,0,,CategoryView,9,0,never_instantiated,0,,,,,0,0,,ProductView,36,0,never_instantiated,0,,,,,0,0,OrderItemView,,4593116,0,never_instantiated,0,,,,,0,0,OrderView,CreditCardView,2039783,0,never_instantiated,0,,,,,0,0,,CategoryView,9,0,never_instantiated,0,,,,,0,0,,ProductView,35,0,never_instantiated,0,,,,,0,0,OrderItemView,,4593116,0,never_instantiated,0,,,,,0,0,OrderView,CreditCardView,2039783,0,never_instantiated,0,,,,,0,0
q01,3,0,1,0.61,OrderItemView,,4301324,0,never_instantiated,0,,,,,0,0,OrderView,,800000,0,never_instantiated,0,,,,,0,0,AddressView,CustomerView,800000,1,abandoned,307200,,,307200,Low-Cross-Multiplicity,100352,100352,,,,,,,,,,,,,,,,,,,,,,,,,,,,,,,,,,,,,,,,,,,,,,,,,,,,,,,,,,,,,,,,,,,,,,,,,,,,,,,,,,,,,,,,,,,,,,,,,,,,,,,,,,,,,,,,,,,,,,,,,,,,,,,,,,,,,,,,,,,,,,,,,,,,,,,,,,,,,,,,,,,,,,,,,,,,,,,,,,,,,,,,,,,,,,,,,,,,,,,,,,,,,,,,,,,,,,,,,,,,,,,,,,,,,,,,,,,,,,,,,,,,,,,,,,,,
q02,3,0,1,2.62,,,800000,0,never_instantiated,0,,,,,0,0,,,770796,0,never_instantiated,0,,,,,0,0,,,731189,0,never_instantiated,0,,,,,0,0,,,800000,0,never_instantiated,0,,,,,0,0,,,751547,0,never_instantiated,0,,,,,0,0,,,402948,0,never_instantiated,0,,,,,0,0,CreditCardView,CustomerView,800000,1,abandoned,315392,,,315392,Low-Cross-Multiplicity,104448,104448,,TaxRecordView,402948,0,never_instantiated,0,,,,,0,0,AddressView,CustomerView,800000,1,abandoned,307200,,,307200,Low-Cross-Multiplicity,104448,104448,,CategoryView,2,0,never_instantiated,0,,,,,0,0,,ProductView,9,0,never_instantiated,0,,,,,0,0,OrderItemView,,4301324,0,never_instantiated,0,,,,,0,0,OrderView,CustomerView,800000,1,abandoned,335872,,,335872,High-Hotness,75043,75043,OrderView,CustomerView,800000,1,abandoned,319488,,,319488,High-Hotness,75082,75082,OrderItemView,,1835997,0,never_instantiated,0,,,,,0,0,OrderView,CustomerView,800000,0,never_instantiated,0,,,,,0,0,,CategoryView,3,0,never_instantiated,0,,,,,0,0,,ProductView,16,0,never_instantiated,0,,,,,0,0,OrderItemView,,4301324,0,never_instantiated,0,,,,,0,0,OrderView,CustomerView,800000,1,abandoned,311296,,,311296,High-Hotness,66799,66799,,CreditCardView,2039783,0,never_instantiated,0,,,,,0,0,OrderView,CustomerView,800000,1,abandoned,305152,,,305152,Low-Cross-Multiplicity,68227,68227,,,,,,,,,,,,,,,,,,,,,,,,
q03,3,0,1,1.24,,,800000,0,never_instantiated,0,,,,,0,0,,CategoryView,9,0,never_instantiated,0,,,,,0,0,,TaxRecordView,800000,1,abandoned,1118598,,,1118598,THC-Increases-Probe-Cost,128171,30063,,AddressView,800000,1,abandoned,1118598,,,1118598,THC-Increases-Probe-Cost,128503,30063,CustomerView,,3430857,0,never_instantiated,0,,,,,0,0,,ProductView,8,0,never_instantiated,0,,,,,0,0,,CreditCardView,1632147,0,never_instantiated,0,,,,,0,0,OrderItemView,OrderView,4283993,1,abandoned,300824,,,300824,Low-Cross-Multiplicity,75096,75096,CreditCardView,CustomerView,800000,1,abandoned,309248,,,309248,Low-Cross-Multiplicity,102400,102400,,,,,,,,,,,,,,,,,,,,,,,,,,,,,,,,,,,,,,,,,,,,,,,,,,,,,,,,,,,,,,,,,,,,,,,,,,,,,,,,,,,,,,,,,,,,,,,,,,,,,,,,,,,,,,,,,,,,,,,,,,,,,,,,,,,,,,,,,,,,,,,,,,,,,,,,,,,,,,,,,,,,,,,,,,,,,,,,,,,,
q04,3,0,1,4.33,,,9,0,never_instantiated,0,,,,,0,0,,,9,0,never_instantiated,0,,,,,0,0,,,9,0,never_instantiated,0,,,,,0,0,,,9,0,never_instantiated,0,,,,,0,0,,CreditCardView,2039783,0,never_instantiated,0,,,,,0,0,,OrderView,4283993,1,abandoned,313344,,,313344,Low-Cross-Multiplicity,39151,39151,OrderItemView,,36,0,never_instantiated,0,,,,,0,0,ProductView,CategoryView,9,0,never_instantiated,0,,,,,0,0,,TaxRecordView,800000,1,abandoned,309248,,,309248,Low-Cross-Multiplicity,31311,31311,,AddressView,800000,1,abandoned,309248,,,309248,Low-Cross-Multiplicity,31311,31311,,CustomerView,800000,1,abandoned,309248,,,309248,Low-Cross-Multiplicity,31311,31311,,OrderView,4283993,1,abandoned,309248,,,309248,Low-Cross-Multiplicity,38467,38467,OrderItemView,,36,0,never_instantiated,0,,,,,0,0,ProductView,CategoryView,9,0,never_instantiated,0,,,,,0,0,ProductView,CategoryView,9,0,never_instantiated,0,,,,,0,0,OrderItemView,,36,0,never_instantiated,0,,,,,0,0,ProductView,CategoryView,9,0,never_instantiated,0,,,,,0,0,,CreditCardView,2039783,0,never_instantiated,0,,,,,0,0,,OrderView,4283993,1,abandoned,311296,,,311296,Low-Cross-Multiplicity,38406,38406,OrderItemView,,36,0,never_instantiated,0,,,,,0,0,ProductView,CategoryView,9,0,never_instantiated,0,,,,,0,0,,,,,,,,,,,,,,,,,,,,,,,,,,,,,,,,,,,,
q05,3,0,1,1.10,,,73297,0,never_instantiated,0,,,,,0,0,,ProductView,36,0,never_instantiated,0,,,,,0,0,OrderItemView,,4301324,0,never_instantiated,0,,,,,0,0,OrderView,,800000,0,never_instantiated,0,,,,,0,0,TaxRecordView,AddressView,800000,1,abandoned,311296,,,311296,High-Miss-Rate,102400,102400,,,73297,0,never_instantiated,0,,,,,0,0,,CustomerView,800000,1,abandoned,303051,,,303051,Low-Cross-Multiplicity,102400,102400,TaxRecordView,AddressView,800000,1,abandoned,303051,,,303051,Low-Cross-Multiplicity,102400,102400,OrderView,,800000,0,never_instantiated,0,,,,,0,0,TaxRecordView,AddressView,800000,1,abandoned,313344,,,313344,Low-Cross-Multiplicity,102400,102400,,,,,,,,,,,,,,,,,,,,,,,,,,,,,,,,,,,,,,,,,,,,,,,,,,,,,,,,,,,,,,,,,,,,,,,,,,,,,,,,,,,,,,,,,,,,,,,,,,,,,,,,,,,,,,,,,,,,,,,,,,,,,,,,,,,,,,,,,,,,,,,,,,,,,,,,,,,,,,,,,,,,,,,,
q06,3,0,1,1.35,,,9,0,never_instantiated,0,,,,,0,0,,,36,0,never_instantiated,0,,,,,0,0,,,128389,0,never_instantiated,0,,,,,0,0,,OrderView,4283993,1,abandoned,313344,,,313344,Low-Cross-Multiplicity,39872,39872,OrderItemView,ProductView,36,0,never_instantiated,0,,,,,0,0,AddressView,,8,0,never_instantiated,0,,,,,0,0,ProductView,,36,0,never_instantiated,0,,,,,0,0,,CustomerView,800000,1,abandoned,311296,,,311296,Low-Cross-Multiplicity,31239,31239,,AddressView,800000,1,abandoned,311296,,,311296,Low-Cross-Multiplicity,31239,31239,,OrderView,4283993,1,abandoned,311296,,,311296,Low-Cross-Multiplicity,38416,38416,OrderItemView,ProductView,36,0,never_instantiated,0,,,,,0,0,ProductView,CategoryView,2,0,never_instantiated,0,,,,,0,0,,,,,,,,,,,,,,,,,,,,,,,,,,,,,,,,,,,,,,,,,,,,,,,,,,,,,,,,,,,,,,,,,,,,,,,,,,,,,,,,,,,,,,,,,,,,,,,,,,,,,,,,,,,,,,,,,,,,,,,,,,,,,,,,,,,,,,,,,,,,,,,,
q07,3,0,1,1.49,,,773859,0,never_instantiated,0,,,,,0,0,,,291451,0,never_instantiated,0,,,,,0,0,OrderItemView,,1021443,0,never_instantiated,0,,,,,0,0,,,486168,0,never_instantiated,0,,,,,0,0,OrderView,CustomerView,800000,1,abandoned,313339,,,313339,High-Hotness,66801,66801,CreditCardView,,5,0,never_instantiated,0,,,,,0,0,,TaxRecordView,291451,0,never_instantiated,0,,,,,0,0,CustomerView,AddressView,800000,1,abandoned,305152,,,305152,Low-Cross-Multiplicity,100352,100352,,CategoryView,4,0,never_instantiated,0,,,,,0,0,,ProductView,19,0,never_instantiated,0,,,,,0,0,OrderItemView,,4301324,0,never_instantiated,0,,,,,0,0,OrderView,CustomerView,800000,1,abandoned,1152186,,,1152186,THC-Increases-Probe-Cost,302774,61417,,,,,,,,,,,,,,,,,,,,,,,,,,,,,,,,,,,,,,,,,,,,,,,,,,,,,,,,,,,,,,,,,,,,,,,,,,,,,,,,,,,,,,,,,,,,,,,,,,,,,,,,,,,,,,,,,,,,,,,,,,,,,,,,,,,,,,,,,,,,,,,,
q08,3,0,1,5.78,,,1690745,0,never_instantiated,0,,,,,0,0,,,2039783,0,never_instantiated,0,,,,,0,0,,,1727854,0,never_instantiated,0,,,,,0,0,,ProductView,36,0,never_instantiated,0,,,,,0,0,,OrderItemView,12855283,1,abandoned,309248,,,309248,Low-Cross-Multiplicity,91372,91372,OrderView,CreditCardView,2039783,0,never_instantiated,0,,,,,0,0,,,2039783,0,never_instantiated,0,,,,,0,0,,,2039783,0,never_instantiated,0,,,,,0,0,CreditCardView,,1586092,0,never_instantiated,0,,,,,0,0,CreditCardView,OrderView,3214641,0,never_instantiated,0,,,,,0,0,OrderItemView,,4593116,0,never_instantiated,0,,,,,0,0,OrderView,CreditCardView,2039783,0,never_instantiated,0,,,,,0,0,,TaxRecordView,800000,1,abandoned,313344,,,313344,High-Hotness,66846,66846,,AddressView,800000,1,abandoned,313344,,,313344,High-Hotness,66846,66846,,CustomerView,800000,1,abandoned,313344,,,313344,High-Hotness,66846,66846,OrderView,CreditCardView,2039783,0,never_instantiated,0,,,,,0,0,,CategoryView,9,0,never_instantiated,0,,,,,0,0,,ProductView,36,0,never_instantiated,0,,,,,0,0,OrderItemView,,4593116,0,never_instantiated,0,,,,,0,0,OrderView,CreditCardView,2039783,0,never_instantiated,0,,,,,0,0,,CategoryView,9,0,never_instantiated,0,,,,,0,0,,ProductView,35,0,never_instantiated,0,,,,,0,0,OrderItemView,,4593116,0,never_instantiated,0,,,,,0,0,OrderView,CreditCardView,2039783,0,never_instantiated,0,,,,,0,0
q01,3,1,1,0.61,OrderItemView,,4301324,0,never_instantiated,0,,,,,0,0,OrderView,,800000,0,never_instantiated,0,,,,,0,0,AddressView,CustomerView,800000,1,abandoned,305152,,,305152,Low-Cross-Multiplicity,100352,100352,,,,,,,,,,,,,,,,,,,,,,,,,,,,,,,,,,,,,,,,,,,,,,,,,,,,,,,,,,,,,,,,,,,,,,,,,,,,,,,,,,,,,,,,,,,,,,,,,,,,,,,,,,,,,,,,,,,,,,,,,,,,,,,,,,,,,,,,,,,,,,,,,,,,,,,,,,,,,,,,,,,,,,,,,,,,,,,,,,,,,,,,,,,,,,,,,,,,,,,,,,,,,,,,,,,,,,,,,,,,,,,,,,,,,,,,,,,,,,,,,,,,,,,,,,,,
q02,3,1,1,2.59,,,800000,0,never_instantiated,0,,,,,0,0,,,770796,0,never_instantiated,0,,,,,0,0,,,731189,0,never_instantiated,0,,,,,0,0,,,800000,0,never_instantiated,0,,,,,0,0,,,751547,0,never_instantiated,0,,,,,0,0,,,402948,0,never_instantiated,0,,,,,0,0,CreditCardView,CustomerView,800000,1,abandoned,317440,,,317440,High-Hotness,108430,108430,,TaxRecordView,402948,0,never_instantiated,0,,,,,0,0,AddressView,CustomerView,800000,1,abandoned,307200,,,307200,Low-Cross-Multiplicity,102400,102400,,CategoryView,2,0,never_instantiated,0,,,,,0,0,,ProductView,9,0,never_instantiated,0,,,,,0,0,OrderItemView,,4301324,0,never_instantiated,0,,,,,0,0,OrderView,CustomerView,800000,1,abandoned,329728,,,329728,High-Hotness,73672,73672,OrderView,CustomerView,800000,1,abandoned,317440,,,317440,High-Hotness,66816,66816,OrderItemView,,1835997,0,never_instantiated,0,,,,,0,0,OrderView,CustomerView,800000,0,never_instantiated,0,,,,,0,0,,CategoryView,3,0,never_instantiated,0,,,,,0,0,,ProductView,16,0,never_instantiated,0,,,,,0,0,OrderItemView,,4301324,0,never_instantiated,0,,,,,0,0,OrderView,CustomerView,800000,1,abandoned,315392,,,315392,High-Hotness,69541,69541,,CreditCardView,2039783,0,never_instantiated,0,,,,,0,0,OrderView,CustomerView,800000,1,abandoned,305152,,,305152,Low-Cross-Multiplicity,68299,68299,,,,,,,,,,,,,,,,,,,,,,,,
q03,3,1,1,1.31,,,800000,0,never_instantiated,0,,,,,0,0,,CategoryView,9,0,never_instantiated,0,,,,,0,0,,TaxRecordView,800000,1,abandoned,1112596,,,1112596,THC-Increases-Probe-Cost,129828,30070,,AddressView,800000,1,abandoned,1130127,,,1130127,THC-Increases-Probe-Cost,130933,30070,CustomerView,,3430857,0,never_instantiated,0,,,,,0,0,CreditCardView,,4287481,0,never_instantiated,0,,,,,0,0,,ProductView,8,0,never_instantiated,0,,,,,0,0,OrderItemView,OrderView,4283993,1,abandoned,301346,,,301346,Low-Cross-Multiplicity,75027,75027,CreditCardView,CustomerView,800000,1,abandoned,311296,,,311296,Low-Cross-Multiplicity,100352,100352,,,,,,,,,,,,,,,,,,,,,,,,,,,,,,,,,,,,,,,,,,,,,,,,,,,,,,,,,,,,,,,,,,,,,,,,,,,,,,,,,,,,,,,,,,,,,,,,,,,,,,,,,,,,,,,,,,,,,,,,,,,,,,,,,,,,,,,,,,,,,,,,,,,,,,,,,,,,,,,,,,,,,,,,,,,,,,,,,,,,
q04,3,1,1,4.31,,,9,0,never_instantiated,0,,,,,0,0,,,9,0,never_instantiated,0,,,,,0,0,,,9,0,never_instantiated,0,,,,,0,0,,,9,0,never_instantiated,0,,,,,0,0,,CreditCardView,2039783,0,never_instantiated,0,,,,,0,0,,OrderView,4283993,1,abandoned,305152,,,305152,Low-Cross-Multiplicity,38353,38353,OrderItemView,,36,0,never_instantiated,0,,,,,0,0,ProductView,CategoryView,9,0,never_instantiated,0,,,,,0,0,,TaxRecordView,800000,1,abandoned,311296,,,311296,Low-Cross-Multiplicity,32445,32445,,AddressView,800000,1,abandoned,311296,,,311296,Low-Cross-Multiplicity,32445,32445,,CustomerView,800000,1,abandoned,311296,,,311296,Low-Cross-Multiplicity,32445,32445,,OrderView,4283993,1,abandoned,311296,,,311296,Low-Cross-Multiplicity,39922,39922,OrderItemView,,36,0,never_instantiated,0,,,,,0,0,ProductView,CategoryView,9,0,never_instantiated,0,,,,,0,0,ProductView,CategoryView,9,0,never_instantiated,0,,,,,0,0,OrderItemView,,36,0,never_instantiated,0,,,,,0,0,ProductView,CategoryView,9,0,never_instantiated,0,,,,,0,0,,CreditCardView,2039783,0,never_instantiated,0,,,,,0,0,,OrderView,4283993,1,abandoned,305152,,,305152,Low-Cross-Multiplicity,37584,37584,OrderItemView,,36,0,never_instantiated,0,,,,,0,0,ProductView,CategoryView,9,0,never_instantiated,0,,,,,0,0,,,,,,,,,,,,,,,,,,,,,,,,,,,,,,,,,,,,
q05,3,1,1,1.13,,,73297,0,never_instantiated,0,,,,,0,0,,ProductView,36,0,never_instantiated,0,,,,,0,0,OrderItemView,,4301324,0,never_instantiated,0,,,,,0,0,OrderView,,800000,0,never_instantiated,0,,,,,0,0,TaxRecordView,AddressView,800000,1,abandoned,307200,,,307200,Low-Cross-Multiplicity,100352,100352,,,73297,0,never_instantiated,0,,,,,0,0,,CustomerView,800000,1,abandoned,307147,,,307147,Low-Cross-Multiplicity,102400,102400,TaxRecordView,AddressView,800000,1,abandoned,307147,,,307147,Low-Cross-Multiplicity,102400,102400,OrderView,,800000,0,never_instantiated,0,,,,,0,0,TaxRecordView,AddressView,800000,1,abandoned,307200,,,307200,High-Miss-Rate,100352,100352,,,,,,,,,,,,,,,,,,,,,,,,,,,,,,,,,,,,,,,,,,,,,,,,,,,,,,,,,,,,,,,,,,,,,,,,,,,,,,,,,,,,,,,,,,,,,,,,,,,,,,,,,,,,,,,,,,,,,,,,,,,,,,,,,,,,,,,,,,,,,,,,,,,,,,,,,,,,,,,,,,,,,,,,
q06,3,1,1,1.33,,,9,0,never_instantiated,0,,,,,0,0,,,36,0,never_instantiated,0,,,,,0,0,,,128389,0,never_instantiated,0,,,,,0,0,,OrderView,4283993,1,abandoned,311296,,,311296,Low-Cross-Multiplicity,39951,39951,OrderItemView,ProductView,36,0,never_instantiated,0,,,,,0,0,AddressView,,8,0,never_instantiated,0,,,,,0,0,ProductView,,36,0,never_instantiated,0,,,,,0,0,,CustomerView,800000,1,abandoned,315392,,,315392,Low-Cross-Multiplicity,33131,33131,,AddressView,800000,1,abandoned,315392,,,315392,Low-Cross-Multiplicity,33131,33131,,OrderView,4283993,1,abandoned,315392,,,315392,Low-Cross-Multiplicity,40734,40734,OrderItemView,ProductView,36,0,never_instantiated,0,,,,,0,0,ProductView,CategoryView,2,0,never_instantiated,0,,,,,0,0,,,,,,,,,,,,,,,,,,,,,,,,,,,,,,,,,,,,,,,,,,,,,,,,,,,,,,,,,,,,,,,,,,,,,,,,,,,,,,,,,,,,,,,,,,,,,,,,,,,,,,,,,,,,,,,,,,,,,,,,,,,,,,,,,,,,,,,,,,,,,,,,
q07,3,1,1,1.46,,,773859,0,never_instantiated,0,,,,,0,0,,,291451,0,never_instantiated,0,,,,,0,0,OrderItemView,,1021443,0,never_instantiated,0,,,,,0,0,,,486168,0,never_instantiated,0,,,,,0,0,OrderView,CustomerView,800000,1,abandoned,315387,,,315387,High-Hotness,69550,69550,CreditCardView,,5,0,never_instantiated,0,,,,,0,0,,TaxRecordView,291451,0,never_instantiated,0,,,,,0,0,CustomerView,AddressView,800000,1,abandoned,305152,,,305152,Low-Cross-Multiplicity,100352,100352,,CategoryView,4,0,never_instantiated,0,,,,,0,0,,ProductView,19,0,never_instantiated,0,,,,,0,0,OrderItemView,,4301324,0,never_instantiated,0,,,,,0,0,OrderView,CustomerView,800000,1,abandoned,317440,,,317440,Low-Cross-Multiplicity,70559,70559,,,,,,,,,,,,,,,,,,,,,,,,,,,,,,,,,,,,,,,,,,,,,,,,,,,,,,,,,,,,,,,,,,,,,,,,,,,,,,,,,,,,,,,,,,,,,,,,,,,,,,,,,,,,,,,,,,,,,,,,,,,,,,,,,,,,,,,,,,,,,,,,
q08,3,1,1,5.76,,,1690745,0,never_instantiated,0,,,,,0,0,,,2039783,0,never_instantiated,0,,,,,0,0,,,1727854,0,never_instantiated,0,,,,,0,0,,ProductView,36,0,never_instantiated,0,,,,,0,0,,OrderItemView,12855283,1,abandoned,313344,,,313344,Low-Cross-Multiplicity,87885,87885,OrderView,CreditCardView,2039783,0,never_instantiated,0,,,,,0,0,,,2039783,0,never_instantiated,0,,,,,0,0,,,2039783,0,never_instantiated,0,,,,,0,0,CreditCardView,,1586092,0,never_instantiated,0,,,,,0,0,CreditCardView,OrderView,3214641,0,never_instantiated,0,,,,,0,0,OrderItemView,,4593116,0,never_instantiated,0,,,,,0,0,OrderView,CreditCardView,2039783,0,never_instantiated,0,,,,,0,0,,TaxRecordView,800000,1,abandoned,317440,,,317440,High-Hotness,66828,66828,,AddressView,800000,1,abandoned,317440,,,317440,High-Hotness,66828,66828,,CustomerView,800000,1,abandoned,315392,,,315392,High-Hotness,66828,66828,OrderView,CreditCardView,2039783,0,never_instantiated,0,,,,,0,0,,CategoryView,9,0,never_instantiated,0,,,,,0,0,,ProductView,36,0,never_instantiated,0,,,,,0,0,OrderItemView,,4593116,0,never_instantiated,0,,,,,0,0,OrderView,CreditCardView,2039783,0,never_instantiated,0,,,,,0,0,,CategoryView,9,0,never_instantiated,0,,,,,0,0,,ProductView,35,0,never_instantiated,0,,,,,0,0,OrderItemView,,4593116,0,never_instantiated,0,,,,,0,0,OrderView,CreditCardView,2039783,0,never_instantiated,0,,,,,0,0
q01,3,2,1,0.61,OrderItemView,,4301324,0,never_instantiated,0,,,,,0,0,OrderView,,800000,0,never_instantiated,0,,,,,0,0,AddressView,CustomerView,800000,1,abandoned,307200,,,307200,Low-Cross-Multiplicity,102400,102400,,,,,,,,,,,,,,,,,,,,,,,,,,,,,,,,,,,,,,,,,,,,,,,,,,,,,,,,,,,,,,,,,,,,,,,,,,,,,,,,,,,,,,,,,,,,,,,,,,,,,,,,,,,,,,,,,,,,,,,,,,,,,,,,,,,,,,,,,,,,,,,,,,,,,,,,,,,,,,,,,,,,,,,,,,,,,,,,,,,,,,,,,,,,,,,,,,,,,,,,,,,,,,,,,,,,,,,,,,,,,,,,,,,,,,,,,,,,,,,,,,,,,,,,,,,,
q02,3,2,1,2.60,,,800000,0,never_instantiated,0,,,,,0,0,,,770796,0,never_instantiated,0,,,,,0,0,,,731189,0,never_instantiated,0,,,,,0,0,,,800000,0,never_instantiated,0,,,,,0,0,,,751547,0,never_instantiated,0,,,,,0,0,,,402948,0,never_instantiated,0,,,,,0,0,CreditCardView,CustomerView,800000,1,abandoned,309248,,,309248,Low-Cross-Multiplicity,100352,100352,,TaxRecordView,402948,0,never_instantiated,0,,,,,0,0,AddressView,CustomerView,800000,1,abandoned,305152,,,305152,Low-Cross-Multiplicity,102400,102400,,CategoryView,2,0,never_instantiated,0,,,,,0,0,,ProductView,9,0,never_instantiated,0,,,,,0,0,OrderItemView,,4301324,0,never_instantiated,0,,,,,0,0,OrderView,CustomerView,800000,1,abandoned,333824,,,333824,High-Hotness,76432,76432,OrderView,CustomerView,800000,1,abandoned,313344,,,313344,High-Hotness,66827,66827,OrderItemView,,1835997,0,never_instantiated,0,,,,,0,0,OrderView,CustomerView,800000,0,never_instantiated,0,,,,,0,0,,CategoryView,3,0,never_instantiated,0,,,,,0,0,,ProductView,16,0,never_instantiated,0,,,,,0,0,OrderItemView,,4301324,0,never_instantiated,0,,,,,0,0,OrderView,CustomerView,800000,1,abandoned,315392,,,315392,High-Hotness,68152,68152,,CreditCardView,2039783,0,never_instantiated,0,,,,,0,0,OrderView,CustomerView,800000,1,abandoned,309248,,,309248,Low-Cross-Multiplicity,68346,68346,,,,,,,,,,,,,,,,,,,,,,,,
q03,3,2,1,1.33,,,800000,0,never_instantiated,0,,,,,0,0,,CategoryView,9,0,never_instantiated,0,,,,,0,0,,TaxRecordView,800000,1,abandoned,1117873,,,1117873,THC-Increases-Probe-Cost,129431,30065,,AddressView,800000,1,abandoned,1115949,,,1115949,THC-Increases-Probe-Cost,129431,30065,CustomerView,,3430857,0,never_instantiated,0,,,,,0,0,CreditCardView,,4287481,0,never_instantiated,0,,,,,0,0,,ProductView,8,0,never_instantiated,0,,,,,0,0,OrderItemView,OrderView,4283993,1,abandoned,301845,,,301845,Low-Cross-Multiplicity,75055,75055,CreditCardView,CustomerView,800000,1,abandoned,313344,,,313344,Low-Cross-Multiplicity,104448,104448,,,,,,,,,,,,,,,,,,,,,,,,,,,,,,,,,,,,,,,,,,,,,,,,,,,,,,,,,,,,,,,,,,,,,,,,,,,,,,,,,,,,,,,,,,,,,,,,,,,,,,,,,,,,,,,,,,,,,,,,,,,,,,,,,,,,,,,,,,,,,,,,,,,,,,,,,,,,,,,,,,,,,,,,,,,,,,,,,,,,
q04,3,2,1,4.32,,,9,0,never_instantiated,0,,,,,0,0,,,9,0,never_instantiated,0,,,,,0,0,,,9,0,never_instantiated,0,,,,,0,0,,,9,0,never_instantiated,0,,,,,0,0,,CreditCardView,2039783,0,never_instantiated,0,,,,,0,0,,OrderView,4283993,1,abandoned,313344,,,313344,Low-Cross-Multiplicity,38333,38333,OrderItemView,,36,0,never_instantiated,0,,,,,0,0,ProductView,CategoryView,9,0,never_instantiated,0,,,,,0,0,,TaxRecordView,800000,1,abandoned,313344,,,313344,Low-Cross-Multiplicity,31830,31830,,AddressView,800000,1,abandoned,313344,,,313344,Low-Cross-Multiplicity,31830,31830,,CustomerView,800000,1,abandoned,309248,,,309248,Low-Cross-Multiplicity,31830,31830,,OrderView,4283993,1,abandoned,309248,,,309248,Low-Cross-Multiplicity,39177,39177,OrderItemView,,36,0,never_instantiated,0,,,,,0,0,ProductView,CategoryView,9,0,never_instantiated,0,,,,,0,0,ProductView,CategoryView,9,0,never_instantiated,0,,,,,0,0,OrderItemView,,36,0,never_instantiated,0,,,,,0,0,ProductView,CategoryView,9,0,never_instantiated,0,,,,,0,0,,CreditCardView,2039783,0,never_instantiated,0,,,,,0,0,,OrderView,4283993,1,abandoned,301056,,,301056,Low-Cross-Multiplicity,37593,37593,OrderItemView,,36,0,never_instantiated,0,,,,,0,0,ProductView,CategoryView,9,0,never_instantiated,0,,,,,0,0,,,,,,,,,,,,,,,,,,,,,,,,,,,,,,,,,,,,
q05,3,2,1,1.11,,,73297,0,never_instantiated,0,,,,,0,0,,ProductView,36,0,never_instantiated,0,,,,,0,0,OrderItemView,,4301324,0,never_instantiated,0,,,,,0,0,OrderView,,800000,0,never_instantiated,0,,,,,0,0,TaxRecordView,AddressView,800000,1,abandoned,307200,,,307200,Low-Cross-Multiplicity,102400,102400,,,73297,0,never_instantiated,0,,,,,0,0,,CustomerView,800000,1,abandoned,301003,,,301003,Low-Cross-Multiplicity,100352,100352,TaxRecordView,AddressView,800000,1,abandoned,301003,,,301003,Low-Cross-Multiplicity,100352,100352,OrderView,,800000,0,never_instantiated,0,,,,,0,0,TaxRecordView,AddressView,800000,1,abandoned,311296,,,311296,High-Miss-Rate,102400,102400,,,,,,,,,,,,,,,,,,,,,,,,,,,,,,,,,,,,,,,,,,,,,,,,,,,,,,,,,,,,,,,,,,,,,,,,,,,,,,,,,,,,,,,,,,,,,,,,,,,,,,,,,,,,,,,,,,,,,,,,,,,,,,,,,,,,,,,,,,,,,,,,,,,,,,,,,,,,,,,,,,,,,,,,
q06,3,2,1,1.34,,,9,0,never_instantiated,0,,,,,0,0,,,36,0,never_instantiated,0,,,,,0,0,,,128389,0,never_instantiated,0,,,,,0,0,,OrderView,4283993,1,abandoned,315392,,,315392,Low-Cross-Multiplicity,38426,38426,OrderItemView,ProductView,36,0,never_instantiated,0,,,,,0,0,AddressView,,8,0,never_instantiated,0,,,,,0,0,ProductView,,36,0,never_instantiated,0,,,,,0,0,,CustomerView,800000,1,abandoned,313344,,,313344,Low-Cross-Multiplicity,31798,31798,,AddressView,800000,1,abandoned,313344,,,313344,Low-Cross-Multiplicity,31798,31798,,OrderView,4283993,1,abandoned,313344,,,313344,Low-Cross-Multiplicity,39109,39109,OrderItemView,ProductView,36,0,never_instantiated,0,,,,,0,0,ProductView,CategoryView,2,0,never_instantiated,0,,,,,0,0,,,,,,,,,,,,,,,,,,,,,,,,,,,,,,,,,,,,,,,,,,,,,,,,,,,,,,,,,,,,,,,,,,,,,,,,,,,,,,,,,,,,,,,,,,,,,,,,,,,,,,,,,,,,,,,,,,,,,,,,,,,,,,,,,,,,,,,,,,,,,,,,
q07,3,2,1,1.47,,,773859,0,never_instantiated,0,,,,,0,0,,,291451,0,never_instantiated,0,,,,,0,0,OrderItemView,,1021443,0,never_instantiated,0,,,,,0,0,,,486168,0,never_instantiated,0,,,,,0,0,OrderView,CustomerView,800000,1,abandoned,315387,,,315387,High-Hotness,70909,70909,CreditCardView,,5,0,never_instantiated,0,,,,,0,0,,TaxRecordView,291451,0,never_instantiated,0,,,,,0,0,CustomerView,AddressView,800000,1,abandoned,307200,,,307200,Low-Cross-Multiplicity,100352,100352,,CategoryView,4,0,never_instantiated,0,,,,,0,0,,ProductView,19,0,never_instantiated,0,,,,,0,0,OrderItemView,,4301324,0,never_instantiated,0,,,,,0,0,OrderView,CustomerView,800000,1,abandoned,1160424,,,1160424,THC-Increases-Probe-Cost,309993,68176,,,,,,,,,,,,,,,,,,,,,,,,,,,,,,,,,,,,,,,,,,,,,,,,,,,,,,,,,,,,,,,,,,,,,,,,,,,,,,,,,,,,,,,,,,,,,,,,,,,,,,,,,,,,,,,,,,,,,,,,,,,,,,,,,,,,,,,,,,,,,,,,
q08,3,2,1,5.63,,,1690745,0,never_instantiated,0,,,,,0,0,,,2039783,0,never_instantiated,0,,,,,0,0,,,1727854,0,never_instantiated,0,,,,,0,0,,ProductView,36,0,never_instantiated,0,,,,,0,0,,OrderItemView,12855283,1,abandoned,321536,,,321536,Low-Cross-Multiplicity,86149,86149,OrderView,CreditCardView,2039783,0,never_instantiated,0,,,,,0,0,,,2039783,0,never_instantiated,0,,,,,0,0,,,2039783,0,never_instantiated,0,,,,,0,0,CreditCardView,,1586092,0,never_instantiated,0,,,,,0,0,CreditCardView,OrderView,3214641,0,never_instantiated,0,,,,,0,0,OrderItemView,,4593116,0,never_instantiated,0,,,,,0,0,OrderView,CreditCardView,2039783,0,never_instantiated,0,,,,,0,0,,TaxRecordView,800000,1,abandoned,313344,,,313344,High-Hotness,69556,69556,,AddressView,800000,1,abandoned,311296,,,311296,High-Hotness,69556,69556,,CustomerView,800000,1,abandoned,311296,,,311296,High-Hotness,69556,69556,OrderView,CreditCardView,2039783,0,never_instantiated,0,,,,,0,0,,CategoryView,9,0,never_instantiated,0,,,,,0,0,,ProductView,36,0,never_instantiated,0,,,,,0,0,OrderItemView,,4593116,0,never_instantiated,0,,,,,0,0,OrderView,CreditCardView,2039783,0,never_instantiated,0,,,,,0,0,,CategoryView,9,0,never_instantiated,0,,,,,0,0,,ProductView,35,0,never_instantiated,0,,,,,0,0,OrderItemView,,4593116,0,never_instantiated,0,,,,,0,0,OrderView,CreditCardView,2039783,0,never_instantiated,0,,,,,0,0
q01,3,3,1,0.64,OrderItemView,,4301324,0,never_instantiated,0,,,,,0,0,OrderView,,800000,0,never_instantiated,0,,,,,0,0,AddressView,CustomerView,800000,1,abandoned,305152,,,305152,Low-Cross-Multiplicity,100352,100352,,,,,,,,,,,,,,,,,,,,,,,,,,,,,,,,,,,,,,,,,,,,,,,,,,,,,,,,,,,,,,,,,,,,,,,,,,,,,,,,,,,,,,,,,,,,,,,,,,,,,,,,,,,,,,,,,,,,,,,,,,,,,,,,,,,,,,,,,,,,,,,,,,,,,,,,,,,,,,,,,,,,,,,,,,,,,,,,,,,,,,,,,,,,,,,,,,,,,,,,,,,,,,,,,,,,,,,,,,,,,,,,,,,,,,,,,,,,,,,,,,,,,,,,,,,,
q02,3,3,1,2.59,,,800000,0,never_instantiated,0,,,,,0,0,,,770796,0,never_instantiated,0,,,,,0,0,,,731189,0,never_instantiated,0,,,,,0,0,,,800000,0,never_instantiated,0,,,,,0,0,,,751547,0,never_instantiated,0,,,,,0,0,,,402948,0,never_instantiated,0,,,,,0,0,CreditCardView,CustomerView,800000,1,abandoned,311296,,,311296,Low-Cross-Multiplicity,102400,102400,,TaxRecordView,402948,0,never_instantiated,0,,,,,0,0,AddressView,CustomerView,800000,1,abandoned,311296,,,311296,Low-Cross-Multiplicity,102400,102400,,CategoryView,2,0,never_instantiated,0,,,,,0,0,,ProductView,9,0,never_instantiated,0,,,,,0,0,OrderItemView,,4301324,0,never_instantiated,0,,,,,0,0,OrderView,CustomerView,800000,1,abandoned,333824,,,333824,High-Hotness,76432,76432,OrderView,CustomerView,800000,1,abandoned,329728,,,329728,High-Hotness,76432,76432,OrderItemView,,1835997,0,never_instantiated,0,,,,,0,0,OrderView,CustomerView,800000,0,never_instantiated,0,,,,,0,0,,CategoryView,3,0,never_instantiated,0,,,,,0,0,,ProductView,16,0,never_instantiated,0,,,,,0,0,OrderItemView,,4301324,0,never_instantiated,0,,,,,0,0,OrderView,CustomerView,800000,1,abandoned,315392,,,315392,Low-Cross-Multiplicity,69534,69534,,CreditCardView,2039783,0,never_instantiated,0,,,,,0,0,OrderView,CustomerView,800000,1,abandoned,309248,,,309248,Low-Cross-Multiplicity,66944,66944,,,,,,,,,,,,,,,,,,,,,,,,
q03,3,3,1,1.32,,,800000,0,never_instantiated,0,,,,,0,0,,CategoryView,9,0,never_instantiated,0,,,,,0,0,,TaxRecordView,800000,1,abandoned,1115025,,,1115025,THC-Increases-Probe-Cost,130069,30066,,AddressView,800000,1,abandoned,1122538,,,1122538,THC-Increases-Probe-Cost,130941,30066,CustomerView,,3430857,0,never_instantiated,0,,,,,0,0,CreditCardView,,4287481,0,never_instantiated,0,,,,,0,0,,ProductView,8,0,never_instantiated,0,,,,,0,0,OrderItemView,OrderView,4283993,1,abandoned,301411,,,301411,Low-Cross-Multiplicity,75057,75057,CreditCardView,CustomerView,800000,1,abandoned,311296,,,311296,Low-Cross-Multiplicity,102400,102400,,,,,,,,,,,,,,,,,,,,,,,,,,,,,,,,,,,,,,,,,,,,,,,,,,,,,,,,,,,,,,,,,,,,,,,,,,,,,,,,,,,,,,,,,,,,,,,,,,,,,,,,,,,,,,,,,,,,,,,,,,,,,,,,,,,,,,,,,,,,,,,,,,,,,,,,,,,,,,,,,,,,,,,,,,,,,,,,,,,,
q04,3,3,1,4.28,,,9,0,never_instantiated,0,,,,,0,0,,,9,0,never_instantiated,0,,,,,0,0,,,9,0,never_instantiated,0,,,,,0,0,,,9,0,never_instantiated,0,,,,,0,0,,CreditCardView,2039783,0,never_instantiated,0,,,,,0,0,,OrderView,4283993,1,abandoned,305152,,,305152,Low-Cross-Multiplicity,39106,39106,OrderItemView,,36,0,never_instantiated,0,,,,,0,0,ProductView,CategoryView,9,0,never_instantiated,0,,,,,0,0,,TaxRecordView,800000,1,abandoned,321536,,,321536,Low-Cross-Multiplicity,31875,31875,,AddressView,800000,1,abandoned,321536,,,321536,Low-Cross-Multiplicity,31875,31875,,CustomerView,800000,1,abandoned,321536,,,321536,Low-Cross-Multiplicity,31292,31292,,OrderView,4283993,1,abandoned,319488,,,319488,Low-Cross-Multiplicity,38459,38459,OrderItemView,,36,0,never_instantiated,0,,,,,0,0,ProductView,CategoryView,9,0,never_instantiated,0,,,,,0,0,ProductView,CategoryView,9,0,never_instantiated,0,,,,,0,0,OrderItemView,,36,0,never_instantiated,0,,,,,0,0,ProductView,CategoryView,9,0,never_instantiated,0,,,,,0,0,,CreditCardView,2039783,0,never_instantiated,0,,,,,0,0,,OrderView,4283993,1,abandoned,313344,,,313344,Low-Cross-Multiplicity,39900,39900,OrderItemView,,36,0,never_instantiated,0,,,,,0,0,ProductView,CategoryView,9,0,never_instantiated,0,,,,,0,0,,,,,,,,,,,,,,,,,,,,,,,,,,,,,,,,,,,,
q05,3,3,1,1.14,,,73297,0,never_instantiated,0,,,,,0,0,,ProductView,36,0,never_instantiated,0,,,,,0,0,OrderItemView,,4301324,0,never_instantiated,0,,,,,0,0,OrderView,,800000,0,never_instantiated,0,,,,,0,0,TaxRecordView,AddressView,800000,1,abandoned,305152,,,305152,Low-Cross-Multiplicity,102400,102400,,,73297,0,never_instantiated,0,,,,,0,0,,CustomerView,800000,1,abandoned,307147,,,307147,Low-Cross-Multiplicity,100352,100352,TaxRecordView,AddressView,800000,1,abandoned,303051,,,303051,Low-Cross-Multiplicity,100352,100352,OrderView,,800000,0,never_instantiated,0,,,,,0,0,TaxRecordView,AddressView,800000,1,abandoned,309248,,,309248,High-Miss-Rate,100352,100352,,,,,,,,,,,,,,,,,,,,,,,,,,,,,,,,,,,,,,,,,,,,,,,,,,,,,,,,,,,,,,,,,,,,,,,,,,,,,,,,,,,,,,,,,,,,,,,,,,,,,,,,,,,,,,,,,,,,,,,,,,,,,,,,,,,,,,,,,,,,,,,,,,,,,,,,,,,,,,,,,,,,,,,,
q06,3,3,1,1.35,,,9,0,never_instantiated,0,,,,,0,0,,,36,0,never_instantiated,0,,,,,0,0,,,128389,0,never_instantiated,0,,,,,0,0,,OrderView,4283993,1,abandoned,323584,,,323584,Low-Cross-Multiplicity,39169,39169,OrderItemView,ProductView,36,0,never_instantiated,0,,,,,0,0,AddressView,,8,0,never_instantiated,0,,,,,0,0,ProductView,,36,0,never_instantiated,0,,,,,0,0,,CustomerView,800000,1,abandoned,309248,,,309248,Low-Cross-Multiplicity,31181,31181,,AddressView,800000,1,abandoned,307200,,,307200,Low-Cross-Multiplicity,31181,31181,,OrderView,4283993,1,abandoned,305152,,,305152,Low-Cross-Multiplicity,38346,38346,OrderItemView,ProductView,36,0,never_instantiated,0,,,,,0,0,ProductView,CategoryView,2,0,never_instantiated,0,,,,,0,0,,,,,,,,,,,,,,,,,,,,,,,,,,,,,,,,,,,,,,,,,,,,,,,,,,,,,,,,,,,,,,,,,,,,,,,,,,,,,,,,,,,,,,,,,,,,,,,,,,,,,,,,,,,,,,,,,,,,,,,,,,,,,,,,,,,,,,,,,,,,,,,,
q07,3,3,1,1.48,,,773859,0,never_instantiated,0,,,,,0,0,,,291451,0,never_instantiated,0,,,,,0,0,OrderItemView,,1021443,0,never_instantiated,0,,,,,0,0,,,486168,0,never_instantiated,0,,,,,0,0,OrderView,CustomerView,800000,1,abandoned,317435,,,317435,High-Hotness,68187,68187,CreditCardView,,5,0,never_instantiated,0,,,,,0,0,,TaxRecordView,291451,0,never_instantiated,0,,,,,0,0,CustomerView,AddressView,800000,1,abandoned,313344,,,313344,Low-Cross-Multiplicity,102400,102400,,CategoryView,4,0,never_instantiated,0,,,,,0,0,,ProductView,19,0,never_instantiated,0,,,,,0,0,OrderItemView,,4301324,0,never_instantiated,0,,,,,0,0,OrderView,CustomerView,800000,1,abandoned,1150138,,,1150138,THC-Increases-Probe-Cost,302874,62808,,,,,,,,,,,,,,,,,,,,,,,,,,,,,,,,,,,,,,,,,,,,,,,,,,,,,,,,,,,,,,,,,,,,,,,,,,,,,,,,,,,,,,,,,,,,,,,,,,,,,,,,,,,,,,,,,,,,,,,,,,,,,,,,,,,,,,,,,,,,,,,,
q08,3,3,1,5.64,,,1690745,0,never_instantiated,0,,,,,0,0,,,2039783,0,never_instantiated,0,,,,,0,0,,,1727854,0,never_instantiated,0,,,,,0,0,,ProductView,36,0,never_instantiated,0,,,,,0,0,,OrderItemView,12855283,1,abandoned,311296,,,311296,Low-Cross-Multiplicity,87840,87840,OrderView,CreditCardView,2039783,0,never_instantiated,0,,,,,0,0,,,2039783,0,never_instantiated,0,,,,,0,0,,,2039783,0,never_instantiated,0,,,,,0,0,CreditCardView,,1586092,0,never_instantiated,0,,,,,0,0,CreditCardView,OrderView,3214641,0,never_instantiated,0,,,,,0,0,OrderItemView,,4593116,0,never_instantiated,0,,,,,0,0,OrderView,CreditCardView,2039783,0,never_instantiated,0,,,,,0,0,,TaxRecordView,800000,1,abandoned,307200,,,307200,High-Hotness,68208,68208,,AddressView,800000,1,abandoned,307200,,,307200,High-Hotness,68208,68208,,CustomerView,800000,1,abandoned,307200,,,307200,High-Hotness,68208,68208,OrderView,CreditCardView,2039783,0,never_instantiated,0,,,,,0,0,,CategoryView,9,0,never_instantiated,0,,,,,0,0,,ProductView,36,0,never_instantiated,0,,,,,0,0,OrderItemView,,4593116,0,never_instantiated,0,,,,,0,0,OrderView,CreditCardView,2039783,0,never_instantiated,0,,,,,0,0,,CategoryView,9,0,never_instantiated,0,,,,,0,0,,ProductView,35,0,never_instantiated,0,,,,,0,0,OrderItemView,,4593116,0,never_instantiated,0,,,,,0,0,OrderView,CreditCardView,2039783,0,never_instantiated,0,,,,,0,0
q01,3,4,1,0.63,OrderItemView,,4301324,0,never_instantiated,0,,,,,0,0,OrderView,,800000,0,never_instantiated,0,,,,,0,0,AddressView,CustomerView,800000,1,abandoned,307200,,,307200,Low-Cross-Multiplicity,100352,100352,,,,,,,,,,,,,,,,,,,,,,,,,,,,,,,,,,,,,,,,,,,,,,,,,,,,,,,,,,,,,,,,,,,,,,,,,,,,,,,,,,,,,,,,,,,,,,,,,,,,,,,,,,,,,,,,,,,,,,,,,,,,,,,,,,,,,,,,,,,,,,,,,,,,,,,,,,,,,,,,,,,,,,,,,,,,,,,,,,,,,,,,,,,,,,,,,,,,,,,,,,,,,,,,,,,,,,,,,,,,,,,,,,,,,,,,,,,,,,,,,,,,,,,,,,,,
q02,3,4,1,2.60,,,800000,0,never_instantiated,0,,,,,0,0,,,770796,0,never_instantiated,0,,,,,0,0,,,731189,0,never_instantiated,0,,,,,0,0,,,800000,0,never_instantiated,0,,,,,0,0,,,751547,0,never_instantiated,0,,,,,0,0,,,402948,0,never_instantiated,0,,,,,0,0,CreditCardView,CustomerView,800000,1,abandoned,311296,,,311296,Low-Cross-Multiplicity,100352,100352,,TaxRecordView,402948,0,never_instantiated,0,,,,,0,0,AddressView,CustomerView,800000,1,abandoned,307200,,,307200,Low-Cross-Multiplicity,102400,102400,,CategoryView,2,0,never_instantiated,0,,,,,0,0,,ProductView,9,0,never_instantiated,0,,,,,0,0,OrderItemView,,4301324,0,never_instantiated,0,,,,,0,0,OrderView,CustomerView,800000,1,abandoned,321536,,,321536,High-Hotness,68205,68205,OrderView,CustomerView,800000,1,abandoned,331776,,,331776,High-Hotness,72304,72304,OrderItemView,,1835997,0,never_instantiated,0,,,,,0,0,OrderView,CustomerView,800000,0,never_instantiated,0,,,,,0,0,,CategoryView,3,0,never_instantiated,0,,,,,0,0,,ProductView,16,0,never_instantiated,0,,,,,0,0,OrderItemView,,4301324,0,never_instantiated,0,,,,,0,0,OrderView,CustomerView,800000,1,abandoned,309248,,,309248,High-Hotness,66846,66846,,CreditCardView,2039783,0,never_instantiated,0,,,,,0,0,OrderView,CustomerView,800000,1,abandoned,301056,,,301056,Low-Cross-Multiplicity,66842,66842,,,,,,,,,,,,,,,,,,,,,,,,
q03,3,4,1,1.25,,,800000,0,never_instantiated,0,,,,,0,0,,CategoryView,9,0,never_instantiated,0,,,,,0,0,,TaxRecordView,800000,1,abandoned,1132945,,,1132945,THC-Increases-Probe-Cost,138752,29279,,AddressView,800000,1,abandoned,1132945,,,1132945,THC-Increases-Probe-Cost,138752,29279,CustomerView,,3430857,0,never_instantiated,0,,,,,0,0,,ProductView,8,0,never_instantiated,0,,,,,0,0,,CreditCardView,1632147,0,never_instantiated,0,,,,,0,0,OrderItemView,OrderView,4283993,1,abandoned,302242,,,302242,Low-Cross-Multiplicity,75429,75429,CreditCardView,CustomerView,800000,1,abandoned,313344,,,313344,Low-Cross-Multiplicity,102400,102400,,,,,,,,,,,,,,,,,,,,,,,,,,,,,,,,,,,,,,,,,,,,,,,,,,,,,,,,,,,,,,,,,,,,,,,,,,,,,,,,,,,,,,,,,,,,,,,,,,,,,,,,,,,,,,,,,,,,,,,,,,,,,,,,,,,,,,,,,,,,,,,,,,,,,,,,,,,,,,,,,,,,,,,,,,,,,,,,,,,,
q04,3,4,1,4.28,,,9,0,never_instantiated,0,,,,,0,0,,,9,0,never_instantiated,0,,,,,0,0,,,9,0,never_instantiated,0,,,,,0,0,,,9,0,never_instantiated,0,,,,,0,0,,CreditCardView,2039783,0,never_instantiated,0,,,,,0,0,,OrderView,4283993,1,abandoned,305152,,,305152,Low-Cross-Multiplicity,38367,38367,OrderItemView,,36,0,never_instantiated,0,,,,,0,0,ProductView,CategoryView,9,0,never_instantiated,0,,,,,0,0,,TaxRecordView,800000,1,abandoned,313344,,,313344,Low-Cross-Multiplicity,31266,31266,,AddressView,800000,1,abandoned,313344,,,313344,Low-Cross-Multiplicity,31266,31266,,CustomerView,800000,1,abandoned,313344,,,313344,Low-Cross-Multiplicity,31266,31266,,OrderView,4283993,1,abandoned,313344,,,313344,Low-Cross-Multiplicity,38438,38438,OrderItemView,,36,0,never_instantiated,0,,,,,0,0,ProductView,CategoryView,9,0,never_instantiated,0,,,,,0,0,ProductView,CategoryView,9,0,never_instantiated,0,,,,,0,0,OrderItemView,,36,0,never_instantiated,0,,,,,0,0,ProductView,CategoryView,9,0,never_instantiated,0,,,,,0,0,,CreditCardView,2039783,0,never_instantiated,0,,,,,0,0,,OrderView,4283993,1,abandoned,315392,,,315392,Low-Cross-Multiplicity,37647,37647,OrderItemView,,36,0,never_instantiated,0,,,,,0,0,ProductView,CategoryView,9,0,never_instantiated,0,,,,,0,0,,,,,,,,,,,,,,,,,,,,,,,,,,,,,,,,,,,,
q05,3,4,1,1.12,,,73297,0,never_instantiated,0,,,,,0,0,,ProductView,36,0,never_instantiated,0,,,,,0,0,OrderItemView,,4301324,0,never_instantiated,0,,,,,0,0,OrderView,,800000,0,never_instantiated,0,,,,,0,0,TaxRecordView,AddressView,800000,1,abandoned,313344,,,313344,Low-Cross-Multiplicity,104448,104448,,,73297,0,never_instantiated,0,,,,,0,0,,CustomerView,800000,1,abandoned,305099,,,305099,Low-Cross-Multiplicity,102400,102400,TaxRecordView,AddressView,800000,1,abandoned,303051,,,303051,Low-Cross-Multiplicity,102400,102400,OrderView,,800000,0,never_instantiated,0,,,,,0,0,TaxRecordView,AddressView,800000,1,abandoned,307200,,,307200,Low-Cross-Multiplicity,100352,100352,,,,,,,,,,,,,,,,,,,,,,,,,,,,,,,,,,,,,,,,,,,,,,,,,,,,,,,,,,,,,,,,,,,,,,,,,,,,,,,,,,,,,,,,,,,,,,,,,,,,,,,,,,,,,,,,,,,,,,,,,,,,,,,,,,,,,,,,,,,,,,,,,,,,,,,,,,,,,,,,,,,,,,,,
q06,3,4,1,1.33,,,9,0,never_instantiated,0,,,,,0,0,,,36,0,never_instantiated,0,,,,,0,0,,,128389,0,never_instantiated,0,,,,,0,0,,OrderView,4283993,1,abandoned,317440,,,317440,Low-Cross-Multiplicity,40679,40679,OrderItemView,ProductView,36,0,never_instantiated,0,,,,,0,0,AddressView,,8,0,never_instantiated,0,,,,,0,0,ProductView,,36,0,never_instantiated,0,,,,,0,0,,CustomerView,800000,1,abandoned,315392,,,315392,Low-Cross-Multiplicity,31876,31876,,AddressView,800000,1,abandoned,315392,,,315392,Low-Cross-Multiplicity,31876,31876,,OrderView,4283993,1,abandoned,313344,,,313344,Low-Cross-Multiplicity,39185,39185,OrderItemView,ProductView,36,0,never_instantiated,0,,,,,0,0,ProductView,CategoryView,2,0,never_instantiated,0,,,,,0,0,,,,,,,,,,,,,,,,,,,,,,,,,,,,,,,,,,,,,,,,,,,,,,,,,,,,,,,,,,,,,,,,,,,,,,,,,,,,,,,,,,,,,,,,,,,,,,,,,,,,,,,,,,,,,,,,,,,,,,,,,,,,,,,,,,,,,,,,,,,,,,,,
q07,3,4,1,1.48,,,773859,0,never_instantiated,0,,,,,0,0,,,291451,0,never_instantiated,0,,,,,0,0,OrderItemView,,1021443,0,never_instantiated,0,,,,,0,0,,,486168,0,never_instantiated,0,,,,,0,0,OrderView,CustomerView,800000,1,abandoned,313339,,,313339,High-Hotness,68171,68171,CreditCardView,,5,0,never_instantiated,0,,,,,0,0,,TaxRecordView,291451,0,never_instantiated,0,,,,,0,0,CustomerView,AddressView,800000,1,abandoned,307200,,,307200,Low-Cross-Multiplicity,100352,100352,,CategoryView,4,0,never_instantiated,0,,,,,0,0,,ProductView,19,0,never_instantiated,0,,,,,0,0,OrderItemView,,4301324,0,never_instantiated,0,,,,,0,0,OrderView,CustomerView,800000,1,abandoned,1148090,,,1148090,THC-Increases-Probe-Cost,312802,68284,,,,,,,,,,,,,,,,,,,,,,,,,,,,,,,,,,,,,,,,,,,,,,,,,,,,,,,,,,,,,,,,,,,,,,,,,,,,,,,,,,,,,,,,,,,,,,,,,,,,,,,,,,,,,,,,,,,,,,,,,,,,,,,,,,,,,,,,,,,,,,,,
q08,3,4,1,5.69,,,1690745,0,never_instantiated,0,,,,,0,0,,,2039783,0,never_instantiated,0,,,,,0,0,,,1727854,0,never_instantiated,0,,,,,0,0,,ProductView,36,0,never_instantiated,0,,,,,0,0,,OrderItemView,12855283,1,abandoned,327680,,,327680,Low-Cross-Multiplicity,93181,93181,OrderView,CreditCardView,2039783,0,never_instantiated,0,,,,,0,0,,,2039783,0,never_instantiated,0,,,,,0,0,,,2039783,0,never_instantiated,0,,,,,0,0,CreditCardView,,1586092,0,never_instantiated,0,,,,,0,0,CreditCardView,OrderView,3214641,0,never_instantiated,0,,,,,0,0,OrderItemView,,4593116,0,never_instantiated,0,,,,,0,0,OrderView,CreditCardView,2039783,0,never_instantiated,0,,,,,0,0,,TaxRecordView,800000,1,abandoned,317440,,,317440,High-Hotness,66823,66823,,AddressView,800000,1,abandoned,317440,,,317440,High-Hotness,66823,66823,,CustomerView,800000,1,abandoned,315392,,,315392,High-Hotness,66823,66823,OrderView,CreditCardView,2039783,0,never_instantiated,0,,,,,0,0,,CategoryView,9,0,never_instantiated,0,,,,,0,0,,ProductView,36,0,never_instantiated,0,,,,,0,0,OrderItemView,,4593116,0,never_instantiated,0,,,,,0,0,OrderView,CreditCardView,2039783,0,never_instantiated,0,,,,,0,0,,CategoryView,9,0,never_instantiated,0,,,,,0,0,,ProductView,35,0,never_instantiated,0,,,,,0,0,OrderItemView,,4593116,0,never_instantiated,0,,,,,0,0,OrderView,CreditCardView,2039783,0,never_instantiated,0,,,,,0,0
q01,3,5,1,0.62,OrderItemView,,4301324,0,never_instantiated,0,,,,,0,0,OrderView,,800000,0,never_instantiated,0,,,,,0,0,AddressView,CustomerView,800000,1,abandoned,307200,,,307200,Low-Cross-Multiplicity,102400,102400,,,,,,,,,,,,,,,,,,,,,,,,,,,,,,,,,,,,,,,,,,,,,,,,,,,,,,,,,,,,,,,,,,,,,,,,,,,,,,,,,,,,,,,,,,,,,,,,,,,,,,,,,,,,,,,,,,,,,,,,,,,,,,,,,,,,,,,,,,,,,,,,,,,,,,,,,,,,,,,,,,,,,,,,,,,,,,,,,,,,,,,,,,,,,,,,,,,,,,,,,,,,,,,,,,,,,,,,,,,,,,,,,,,,,,,,,,,,,,,,,,,,,,,,,,,,
q02,3,5,1,2.60,,,800000,0,never_instantiated,0,,,,,0,0,,,770796,0,never_instantiated,0,,,,,0,0,,,731189,0,never_instantiated,0,,,,,0,0,,,800000,0,never_instantiated,0,,,,,0,0,,,751547,0,never_instantiated,0,,,,,0,0,,,402948,0,never_instantiated,0,,,,,0,0,CreditCardView,CustomerView,800000,1,abandoned,309248,,,309248,Low-Cross-Multiplicity,100352,100352,,TaxRecordView,402948,0,never_instantiated,0,,,,,0,0,AddressView,CustomerView,800000,1,abandoned,315392,,,315392,Low-Cross-Multiplicity,102400,102400,,CategoryView,2,0,never_instantiated,0,,,,,0,0,,ProductView,9,0,never_instantiated,0,,,,,0,0,OrderItemView,,4301324,0,never_instantiated,0,,,,,0,0,OrderView,CustomerView,800000,1,abandoned,329728,,,329728,High-Hotness,73703,73703,OrderView,CustomerView,800000,1,abandoned,331776,,,331776,High-Hotness,76432,76432,OrderItemView,,1835997,0,never_instantiated,0,,,,,0,0,OrderView,CustomerView,800000,0,never_instantiated,0,,,,,0,0,,CategoryView,3,0,never_instantiated,0,,,,,0,0,,ProductView,16,0,never_instantiated,0,,,,,0,0,OrderItemView,,4301324,0,never_instantiated,0,,,,,0,0,OrderView,CustomerView,800000,1,abandoned,319488,,,319488,High-Hotness,70889,70889,,CreditCardView,2039783,0,never_instantiated,0,,,,,0,0,OrderView,CustomerView,800000,1,abandoned,305152,,,305152,High-Hotness,68200,68200,,,,,,,,,,,,,,,,,,,,,,,,
q03,3,5,1,1.31,,,800000,0,never_instantiated,0,,,,,0,0,,CategoryView,9,0,never_instantiated,0,,,,,0,0,,TaxRecordView,800000,1,abandoned,1120576,,,1120576,THC-Increases-Probe-Cost,133685,30070,,AddressView,800000,1,abandoned,1118856,,,1118856,THC-Increases-Probe-Cost,130560,30070,CustomerView,,3430857,0,never_instantiated,0,,,,,0,0,CreditCardView,,4287481,0,never_instantiated,0,,,,,0,0,,ProductView,8,0,never_instantiated,0,,,,,0,0,OrderItemView,OrderView,4283993,1,abandoned,301462,,,301462,Low-Cross-Multiplicity,75151,75151,CreditCardView,CustomerView,800000,1,abandoned,303104,,,303104,Low-Cross-Multiplicity,97115,97115,,,,,,,,,,,,,,,,,,,,,,,,,,,,,,,,,,,,,,,,,,,,,,,,,,,,,,,,,,,,,,,,,,,,,,,,,,,,,,,,,,,,,,,,,,,,,,,,,,,,,,,,,,,,,,,,,,,,,,,,,,,,,,,,,,,,,,,,,,,,,,,,,,,,,,,,,,,,,,,,,,,,,,,,,,,,,,,,,,,,
q04,3,5,1,4.34,,,9,0,never_instantiated,0,,,,,0,0,,,9,0,never_instantiated,0,,,,,0,0,,,9,0,never_instantiated,0,,,,,0,0,,,9,0,never_instantiated,0,,,,,0,0,,CreditCardView,2039783,0,never_instantiated,0,,,,,0,0,,OrderView,4283993,1,abandoned,311296,,,311296,Low-Cross-Multiplicity,40752,40752,OrderItemView,,36,0,never_instantiated,0,,,,,0,0,ProductView,CategoryView,9,0,never_instantiated,0,,,,,0,0,,TaxRecordView,800000,1,abandoned,317440,,,317440,Low-Cross-Multiplicity,31908,31908,,AddressView,800000,1,abandoned,313344,,,313344,Low-Cross-Multiplicity,31908,31908,,CustomerView,800000,1,abandoned,311296,,,311296,Low-Cross-Multiplicity,31908,31908,,OrderView,4283993,1,abandoned,311296,,,311296,Low-Cross-Multiplicity,39226,39226,OrderItemView,,36,0,never_instantiated,0,,,,,0,0,ProductView,CategoryView,9,0,never_instantiated,0,,,,,0,0,ProductView,CategoryView,9,0,never_instantiated,0,,,,,0,0,OrderItemView,,36,0,never_instantiated,0,,,,,0,0,ProductView,CategoryView,9,0,never_instantiated,0,,,,,0,0,,CreditCardView,2039783,0,never_instantiated,0,,,,,0,0,,OrderView,4283993,1,abandoned,311296,,,311296,Low-Cross-Multiplicity,39160,39160,OrderItemView,,36,0,never_instantiated,0,,,,,0,0,ProductView,CategoryView,9,0,never_instantiated,0,,,,,0,0,,,,,,,,,,,,,,,,,,,,,,,,,,,,,,,,,,,,
q05,3,5,1,1.13,,,73297,0,never_instantiated,0,,,,,0,0,,ProductView,36,0,never_instantiated,0,,,,,0,0,OrderItemView,,4301324,0,never_instantiated,0,,,,,0,0,OrderView,,800000,0,never_instantiated,0,,,,,0,0,TaxRecordView,AddressView,800000,1,abandoned,309248,,,309248,Low-Cross-Multiplicity,104448,104448,,,73297,0,never_instantiated,0,,,,,0,0,,CustomerView,800000,1,abandoned,301003,,,301003,Low-Cross-Multiplicity,100352,100352,TaxRecordView,AddressView,800000,1,abandoned,301003,,,301003,Low-Cross-Multiplicity,100352,100352,OrderView,,800000,0,never_instantiated,0,,,,,0,0,TaxRecordView,AddressView,800000,1,abandoned,311296,,,311296,High-Miss-Rate,100352,100352,,,,,,,,,,,,,,,,,,,,,,,,,,,,,,,,,,,,,,,,,,,,,,,,,,,,,,,,,,,,,,,,,,,,,,,,,,,,,,,,,,,,,,,,,,,,,,,,,,,,,,,,,,,,,,,,,,,,,,,,,,,,,,,,,,,,,,,,,,,,,,,,,,,,,,,,,,,,,,,,,,,,,,,,
q06,3,5,1,1.32,,,9,0,never_instantiated,0,,,,,0,0,,,36,0,never_instantiated,0,,,,,0,0,,,128389,0,never_instantiated,0,,,,,0,0,,OrderView,4283993,1,abandoned,313344,,,313344,Low-Cross-Multiplicity,39937,39937,OrderItemView,ProductView,36,0,never_instantiated,0,,,,,0,0,AddressView,,8,0,never_instantiated,0,,,,,0,0,ProductView,,36,0,never_instantiated,0,,,,,0,0,,CustomerView,800000,1,abandoned,305152,,,305152,Low-Cross-Multiplicity,31182,31182,,AddressView,800000,1,abandoned,305152,,,305152,Low-Cross-Multiplicity,31182,31182,,OrderView,4283993,1,abandoned,305152,,,305152,Low-Cross-Multiplicity,37628,37628,OrderItemView,ProductView,36,0,never_instantiated,0,,,,,0,0,ProductView,CategoryView,2,0,never_instantiated,0,,,,,0,0,,,,,,,,,,,,,,,,,,,,,,,,,,,,,,,,,,,,,,,,,,,,,,,,,,,,,,,,,,,,,,,,,,,,,,,,,,,,,,,,,,,,,,,,,,,,,,,,,,,,,,,,,,,,,,,,,,,,,,,,,,,,,,,,,,,,,,,,,,,,,,,,
q07,3,5,1,1.46,,,773859,0,never_instantiated,0,,,,,0,0,,,291451,0,never_instantiated,0,,,,,0,0,OrderItemView,,1021443,0,never_instantiated,0,,,,,0,0,,,486168,0,never_instantiated,0,,,,,0,0,OrderView,CustomerView,800000,1,abandoned,317435,,,317435,High-Hotness,66816,66816,CreditCardView,,5,0,never_instantiated,0,,,,,0,0,,TaxRecordView,291451,0,never_instantiated,0,,,,,0,0,CustomerView,AddressView,800000,1,abandoned,315392,,,315392,Low-Cross-Multiplicity,102400,102400,,CategoryView,4,0,never_instantiated,0,,,,,0,0,,ProductView,19,0,never_instantiated,0,,,,,0,0,OrderItemView,,4301324,0,never_instantiated,0,,,,,0,0,OrderView,CustomerView,800000,1,abandoned,311296,,,311296,High-Hotness,68309,68309,,,,,,,,,,,,,,,,,,,,,,,,,,,,,,,,,,,,,,,,,,,,,,,,,,,,,,,,,,,,,,,,,,,,,,,,,,,,,,,,,,,,,,,,,,,,,,,,,,,,,,,,,,,,,,,,,,,,,,,,,,,,,,,,,,,,,,,,,,,,,,,,
q08,3,5,1,5.68,,,1690745,0,never_instantiated,0,,,,,0,0,,,2039783,0,never_instantiated,0,,,,,0,0,,,1727854,0,never_instantiated,0,,,,,0,0,,ProductView,36,0,never_instantiated,0,,,,,0,0,,OrderItemView,12855283,1,abandoned,307200,,,307200,Low-Cross-Multiplicity,87835,87835,OrderView,CreditCardView,2039783,0,never_instantiated,0,,,,,0,0,,,2039783,0,never_instantiated,0,,,,,0,0,,,2039783,0,never_instantiated,0,,,,,0,0,CreditCardView,,1586092,0,never_instantiated,0,,,,,0,0,CreditCardView,OrderView,3214641,0,never_instantiated,0,,,,,0,0,OrderItemView,,4593116,0,never_instantiated,0,,,,,0,0,OrderView,CreditCardView,2039783,0,never_instantiated,0,,,,,0,0,,TaxRecordView,800000,1,abandoned,317440,,,317440,High-Hotness,66835,66835,,AddressView,800000,1,abandoned,315392,,,315392,High-Hotness,66835,66835,,CustomerView,800000,1,abandoned,313344,,,313344,High-Hotness,66835,66835,OrderView,CreditCardView,2039783,0,never_instantiated,0,,,,,0,0,,CategoryView,9,0,never_instantiated,0,,,,,0,0,,ProductView,36,0,never_instantiated,0,,,,,0,0,OrderItemView,,4593116,0,never_instantiated,0,,,,,0,0,OrderView,CreditCardView,2039783,0,never_instantiated,0,,,,,0,0,,CategoryView,9,0,never_instantiated,0,,,,,0,0,,ProductView,35,0,never_instantiated,0,,,,,0,0,OrderItemView,,4593116,0,never_instantiated,0,,,,,0,0,OrderView,CreditCardView,2039783,0,never_instantiated,0,,,,,0,0
q01,3,6,1,0.61,OrderItemView,,4301324,0,never_instantiated,0,,,,,0,0,OrderView,,800000,0,never_instantiated,0,,,,,0,0,AddressView,CustomerView,800000,1,abandoned,305152,,,305152,Low-Cross-Multiplicity,100352,100352,,,,,,,,,,,,,,,,,,,,,,,,,,,,,,,,,,,,,,,,,,,,,,,,,,,,,,,,,,,,,,,,,,,,,,,,,,,,,,,,,,,,,,,,,,,,,,,,,,,,,,,,,,,,,,,,,,,,,,,,,,,,,,,,,,,,,,,,,,,,,,,,,,,,,,,,,,,,,,,,,,,,,,,,,,,,,,,,,,,,,,,,,,,,,,,,,,,,,,,,,,,,,,,,,,,,,,,,,,,,,,,,,,,,,,,,,,,,,,,,,,,,,,,,,,,,
q02,3,6,1,2.62,,,800000,0,never_instantiated,0,,,,,0,0,,,770796,0,never_instantiated,0,,,,,0,0,,,731189,0,never_instantiated,0,,,,,0,0,,,800000,0,never_instantiated,0,,,,,0,0,,,751547,0,never_instantiated,0,,,,,0,0,,,402948,0,never_instantiated,0,,,,,0,0,CreditCardView,CustomerView,800000,1,abandoned,305152,,,305152,Low-Cross-Multiplicity,102400,102400,,TaxRecordView,402948,0,never_instantiated,0,,,,,0,0,AddressView,CustomerView,800000,1,abandoned,311296,,,311296,Low-Cross-Multiplicity,102400,102400,,CategoryView,2,0,never_instantiated,0,,,,,0,0,,ProductView,9,0,never_instantiated,0,,,,,0,0,OrderItemView,,4301324,0,never_instantiated,0,,,,,0,0,OrderView,CustomerView,800000,1,abandoned,337920,,,337920,High-Hotness,76432,76432,OrderView,CustomerView,800000,1,abandoned,319488,,,319488,High-Hotness,66816,66816,OrderItemView,,1835997,0,never_instantiated,0,,,,,0,0,OrderView,CustomerView,800000,0,never_instantiated,0,,,,,0,0,,CategoryView,3,0,never_instantiated,0,,,,,0,0,,ProductView,16,0,never_instantiated,0,,,,,0,0,OrderItemView,,4301324,0,never_instantiated,0,,,,,0,0,OrderView,CustomerView,800000,1,abandoned,317440,,,317440,High-Hotness,68241,68241,,CreditCardView,2039783,0,never_instantiated,0,,,,,0,0,OrderView,CustomerView,800000,1,abandoned,313344,,,313344,Low-Cross-Multiplicity,69666,69666,,,,,,,,,,,,,,,,,,,,,,,,
q03,3,6,1,1.23,,,800000,0,never_instantiated,0,,,,,0,0,,CategoryView,9,0,never_instantiated,0,,,,,0,0,,TaxRecordView,800000,1,abandoned,1115820,,,1115820,THC-Increases-Probe-Cost,131302,29660,,AddressView,800000,1,abandoned,1125314,,,1125314,THC-Increases-Probe-Cost,131561,29660,CustomerView,,3430857,0,never_instantiated,0,,,,,0,0,,ProductView,8,0,never_instantiated,0,,,,,0,0,,CreditCardView,1632147,0,never_instantiated,0,,,,,0,0,OrderItemView,OrderView,4283993,1,abandoned,300550,,,300550,Low-Cross-Multiplicity,74858,74858,CreditCardView,CustomerView,800000,1,abandoned,313344,,,313344,Low-Cross-Multiplicity,108544,108544,,,,,,,,,,,,,,,,,,,,,,,,,,,,,,,,,,,,,,,,,,,,,,,,,,,,,,,,,,,,,,,,,,,,,,,,,,,,,,,,,,,,,,,,,,,,,,,,,,,,,,,,,,,,,,,,,,,,,,,,,,,,,,,,,,,,,,,,,,,,,,,,,,,,,,,,,,,,,,,,,,,,,,,,,,,,,,,,,,,,
q04,3,6,1,4.28,,,9,0,never_instantiated,0,,,,,0,0,,,9,0,never_instantiated,0,,,,,0,0,,,9,0,never_instantiated,0,,,,,0,0,,,9,0,never_instantiated,0,,,,,0,0,,CreditCardView,2039783,0,never_instantiated,0,,,,,0,0,,OrderView,4283993,1,abandoned,307200,,,307200,Low-Cross-Multiplicity,38378,38378,OrderItemView,,36,0,never_instantiated,0,,,,,0,0,ProductView,CategoryView,9,0,never_instantiated,0,,,,,0,0,,TaxRecordView,800000,1,abandoned,313344,,,313344,Low-Cross-Multiplicity,32531,32531,,AddressView,800000,1,abandoned,313344,,,313344,Low-Cross-Multiplicity,32531,32531,,CustomerView,800000,1,abandoned,313344,,,313344,Low-Cross-Multiplicity,32531,32531,,OrderView,4283993,1,abandoned,313344,,,313344,Low-Cross-Multiplicity,39985,39985,OrderItemView,,36,0,never_instantiated,0,,,,,0,0,ProductView,CategoryView,9,0,never_instantiated,0,,,,,0,0,ProductView,CategoryView,9,0,never_instantiated,0,,,,,0,0,OrderItemView,,36,0,never_instantiated,0,,,,,0,0,ProductView,CategoryView,9,0,never_instantiated,0,,,,,0,0,,CreditCardView,2039783,0,never_instantiated,0,,,,,0,0,,OrderView,4283993,1,abandoned,303104,,,303104,Low-Cross-Multiplicity,37569,37569,OrderItemView,,36,0,never_instantiated,0,,,,,0,0,ProductView,CategoryView,9,0,never_instantiated,0,,,,,0,0,,,,,,,,,,,,,,,,,,,,,,,,,,,,,,,,,,,,
q05,3,6,1,1.07,,,73297,0,never_instantiated,0,,,,,0,0,,ProductView,36,0,never_instantiated,0,,,,,0,0,OrderItemView,,4301324,0,never_instantiated,0,,,,,0,0,OrderView,,800000,0,never_instantiated,0,,,,,0,0,TaxRecordView,AddressView,800000,1,abandoned,309248,,,309248,High-Miss-Rate,102400,102400,,,73297,0,never_instantiated,0,,,,,0,0,,CustomerView,800000,1,abandoned,317387,,,317387,Low-Cross-Multiplicity,110592,110592,TaxRecordView,AddressView,800000,1,abandoned,315339,,,315339,Low-Cross-Multiplicity,110592,110592,OrderView,,800000,0,never_instantiated,0,,,,,0,0,TaxRecordView,AddressView,800000,1,abandoned,309248,,,309248,Low-Cross-Multiplicity,100352,100352,,,,,,,,,,,,,,,,,,,,,,,,,,,,,,,,,,,,,,,,,,,,,,,,,,,,,,,,,,,,,,,,,,,,,,,,,,,,,,,,,,,,,,,,,,,,,,,,,,,,,,,,,,,,,,,,,,,,,,,,,,,,,,,,,,,,,,,,,,,,,,,,,,,,,,,,,,,,,,,,,,,,,,,,
q06,3,6,1,1.34,,,9,0,never_instantiated,0,,,,,0,0,,,36,0,never_instantiated,0,,,,,0,0,,,128389,0,never_instantiated,0,,,,,0,0,,OrderView,4283993,1,abandoned,313344,,,313344,Low-Cross-Multiplicity,39962,39962,OrderItemView,ProductView,36,0,never_instantiated,0,,,,,0,0,AddressView,,8,0,never_instantiated,0,,,,,0,0,ProductView,,36,0,never_instantiated,0,,,,,0,0,,CustomerView,800000,1,abandoned,317440,,,317440,Low-Cross-Multiplicity,31177,31177,,AddressView,800000,1,abandoned,313344,,,313344,Low-Cross-Multiplicity,31177,31177,,OrderView,4283993,1,abandoned,313344,,,313344,Low-Cross-Multiplicity,38341,38341,OrderItemView,ProductView,36,0,never_instantiated,0,,,,,0,0,ProductView,CategoryView,2,0,never_instantiated,0,,,,,0,0,,,,,,,,,,,,,,,,,,,,,,,,,,,,,,,,,,,,,,,,,,,,,,,,,,,,,,,,,,,,,,,,,,,,,,,,,,,,,,,,,,,,,,,,,,,,,,,,,,,,,,,,,,,,,,,,,,,,,,,,,,,,,,,,,,,,,,,,,,,,,,,,
q07,3,6,1,1.47,,,773859,0,never_instantiated,0,,,,,0,0,,,291451,0,never_instantiated,0,,,,,0,0,OrderItemView,,1021443,0,never_instantiated,0,,,,,0,0,,,486168,0,never_instantiated,0,,,,,0,0,OrderView,CustomerView,800000,1,abandoned,323579,,,323579,High-Hotness,66801,66801,CreditCardView,,5,0,never_instantiated,0,,,,,0,0,,TaxRecordView,291451,0,never_instantiated,0,,,,,0,0,CustomerView,AddressView,800000,1,abandoned,315392,,,315392,Low-Cross-Multiplicity,108544,104448,,CategoryView,4,0,never_instantiated,0,,,,,0,0,,ProductView,19,0,never_instantiated,0,,,,,0,0,OrderItemView,,4301324,0,never_instantiated,0,,,,,0,0,OrderView,CustomerView,800000,1,abandoned,309248,,,309248,Low-Cross-Multiplicity,69669,69669,,,,,,,,,,,,,,,,,,,,,,,,,,,,,,,,,,,,,,,,,,,,,,,,,,,,,,,,,,,,,,,,,,,,,,,,,,,,,,,,,,,,,,,,,,,,,,,,,,,,,,,,,,,,,,,,,,,,,,,,,,,,,,,,,,,,,,,,,,,,,,,,
q08,3,6,1,5.77,,,1690745,0,never_instantiated,0,,,,,0,0,,,2039783,0,never_instantiated,0,,,,,0,0,,,1727854,0,never_instantiated,0,,,,,0,0,,ProductView,36,0,never_instantiated,0,,,,,0,0,,OrderItemView,12855283,1,abandoned,311296,,,311296,Low-Cross-Multiplicity,91390,91390,OrderView,CreditCardView,2039783,0,never_instantiated,0,,,,,0,0,,,2039783,0,never_instantiated,0,,,,,0,0,,,2039783,0,never_instantiated,0,,,,,0,0,CreditCardView,,1586092,0,never_instantiated,0,,,,,0,0,CreditCardView,OrderView,3214641,0,never_instantiated,0,,,,,0,0,OrderItemView,,4593116,0,never_instantiated,0,,,,,0,0,OrderView,CreditCardView,2039783,0,never_instantiated,0,,,,,0,0,,TaxRecordView,800000,1,abandoned,311296,,,311296,High-Hotness,66880,66880,,AddressView,800000,1,abandoned,311296,,,311296,High-Hotness,66880,66880,,CustomerView,800000,1,abandoned,309248,,,309248,High-Hotness,66880,66880,OrderView,CreditCardView,2039783,0,never_instantiated,0,,,,,0,0,,CategoryView,9,0,never_instantiated,0,,,,,0,0,,ProductView,36,0,never_instantiated,0,,,,,0,0,OrderItemView,,4593116,0,never_instantiated,0,,,,,0,0,OrderView,CreditCardView,2039783,0,never_instantiated,0,,,,,0,0,,CategoryView,9,0,never_instantiated,0,,,,,0,0,,ProductView,35,0,never_instantiated,0,,,,,0,0,OrderItemView,,4593116,0,never_instantiated,0,,,,,0,0,OrderView,CreditCardView,2039783,0,never_instantiated,0,,,,,0,0
q01,3,7,1,0.63,OrderItemView,,4301324,0,never_instantiated,0,,,,,0,0,OrderView,,800000,0,never_instantiated,0,,,,,0,0,AddressView,CustomerView,800000,1,abandoned,307200,,,307200,Low-Cross-Multiplicity,102400,102400,,,,,,,,,,,,,,,,,,,,,,,,,,,,,,,,,,,,,,,,,,,,,,,,,,,,,,,,,,,,,,,,,,,,,,,,,,,,,,,,,,,,,,,,,,,,,,,,,,,,,,,,,,,,,,,,,,,,,,,,,,,,,,,,,,,,,,,,,,,,,,,,,,,,,,,,,,,,,,,,,,,,,,,,,,,,,,,,,,,,,,,,,,,,,,,,,,,,,,,,,,,,,,,,,,,,,,,,,,,,,,,,,,,,,,,,,,,,,,,,,,,,,,,,,,,,
q02,3,7,1,2.64,,,800000,0,never_instantiated,0,,,,,0,0,,,770796,0,never_instantiated,0,,,,,0,0,,,731189,0,never_instantiated,0,,,,,0,0,,,800000,0,never_instantiated,0,,,,,0,0,,,751547,0,never_instantiated,0,,,,,0,0,,,402948,0,never_instantiated,0,,,,,0,0,CreditCardView,CustomerView,800000,1,abandoned,307200,,,307200,Low-Cross-Multiplicity,102400,102400,,TaxRecordView,402948,0,never_instantiated,0,,,,,0,0,AddressView,CustomerView,800000,1,abandoned,311296,,,311296,Low-Cross-Multiplicity,102400,102400,,CategoryView,2,0,never_instantiated,0,,,,,0,0,,ProductView,9,0,never_instantiated,0,,,,,0,0,OrderItemView,,4301324,0,never_instantiated,0,,,,,0,0,OrderView,CustomerView,800000,1,abandoned,333824,,,333824,High-Hotness,76432,76432,OrderView,CustomerView,800000,1,abandoned,335872,,,335872,High-Hotness,76432,76432,OrderItemView,,1835997,0,never_instantiated,0,,,,,0,0,OrderView,CustomerView,800000,0,never_instantiated,0,,,,,0,0,,CategoryView,3,0,never_instantiated,0,,,,,0,0,,ProductView,16,0,never_instantiated,0,,,,,0,0,OrderItemView,,4301324,0,never_instantiated,0,,,,,0,0,OrderView,CustomerView,800000,1,abandoned,323584,,,323584,High-Hotness,70906,70906,,CreditCardView,2039783,0,never_instantiated,0,,,,,0,0,OrderView,CustomerView,800000,1,abandoned,305152,,,305152,Low-Cross-Multiplicity,68249,68249,,,,,,,,,,,,,,,,,,,,,,,,
q03,3,7,1,1.31,,,800000,0,never_instantiated,0,,,,,0,0,,CategoryView,9,0,never_instantiated,0,,,,,0,0,,TaxRecordView,800000,1,abandoned,1138373,,,1138373,THC-Increases-Probe-Cost,128916,29241,,AddressView,800000,1,abandoned,1138373,,,1138373,THC-Increases-Probe-Cost,128916,29241,CustomerView,,3430857,0,never_instantiated,0,,,,,0,0,CreditCardView,,4287481,0,never_instantiated,0,,,,,0,0,,ProductView,8,0,never_instantiated,0,,,,,0,0,OrderItemView,OrderView,4283993,1,abandoned,301760,,,301760,Low-Cross-Multiplicity,75543,75543,CreditCardView,CustomerView,800000,1,abandoned,311296,,,311296,Low-Cross-Multiplicity,104448,104448,,,,,,,,,,,,,,,,,,,,,,,,,,,,,,,,,,,,,,,,,,,,,,,,,,,,,,,,,,,,,,,,,,,,,,,,,,,,,,,,,,,,,,,,,,,,,,,,,,,,,,,,,,,,,,,,,,,,,,,,,,,,,,,,,,,,,,,,,,,,,,,,,,,,,,,,,,,,,,,,,,,,,,,,,,,,,,,,,,,,
q04,3,7,1,4.30,,,9,0,never_instantiated,0,,,,,0,0,,,9,0,never_instantiated,0,,,,,0,0,,,9,0,never_instantiated,0,,,,,0,0,,,9,0,never_instantiated,0,,,,,0,0,,CreditCardView,2039783,0,never_instantiated,0,,,,,0,0,,OrderView,4283993,1,abandoned,313344,,,313344,Low-Cross-Multiplicity,38393,38393,OrderItemView,,36,0,never_instantiated,0,,,,,0,0,ProductView,CategoryView,9,0,never_instantiated,0,,,,,0,0,,TaxRecordView,800000,1,abandoned,315392,,,315392,Low-Cross-Multiplicity,32504,32504,,AddressView,800000,1,abandoned,315392,,,315392,Low-Cross-Multiplicity,32504,32504,,CustomerView,800000,1,abandoned,315392,,,315392,Low-Cross-Multiplicity,32504,32504,,OrderView,4283993,1,abandoned,315392,,,315392,Low-Cross-Multiplicity,39962,39962,OrderItemView,,36,0,never_instantiated,0,,,,,0,0,ProductView,CategoryView,9,0,never_instantiated,0,,,,,0,0,ProductView,CategoryView,9,0,never_instantiated,0,,,,,0,0,OrderItemView,,36,0,never_instantiated,0,,,,,0,0,ProductView,CategoryView,9,0,never_instantiated,0,,,,,0,0,,CreditCardView,2039783,0,never_instantiated,0,,,,,0,0,,OrderView,4283993,1,abandoned,315392,,,315392,Low-Cross-Multiplicity,37666,37666,OrderItemView,,36,0,never_instantiated,0,,,,,0,0,ProductView,CategoryView,9,0,never_instantiated,0,,,,,0,0,,,,,,,,,,,,,,,,,,,,,,,,,,,,,,,,,,,,
q05,3,7,1,1.10,,,73297,0,never_instantiated,0,,,,,0,0,,ProductView,36,0,never_instantiated,0,,,,,0,0,OrderItemView,,4301324,0,never_instantiated,0,,,,,0,0,OrderView,,800000,0,never_instantiated,0,,,,,0,0,TaxRecordView,AddressView,800000,1,abandoned,313344,,,313344,Low-Cross-Multiplicity,102400,102400,,,73297,0,never_instantiated,0,,,,,0,0,,CustomerView,800000,1,abandoned,305099,,,305099,Low-Cross-Multiplicity,100352,100352,TaxRecordView,AddressView,800000,1,abandoned,301003,,,301003,Low-Cross-Multiplicity,100352,100352,OrderView,,800000,0,never_instantiated,0,,,,,0,0,TaxRecordView,AddressView,800000,1,abandoned,309248,,,309248,Low-Cross-Multiplicity,102400,102400,,,,,,,,,,,,,,,,,,,,,,,,,,,,,,,,,,,,,,,,,,,,,,,,,,,,,,,,,,,,,,,,,,,,,,,,,,,,,,,,,,,,,,,,,,,,,,,,,,,,,,,,,,,,,,,,,,,,,,,,,,,,,,,,,,,,,,,,,,,,,,,,,,,,,,,,,,,,,,,,,,,,,,,,
q06,3,7,1,1.33,,,9,0,never_instantiated,0,,,,,0,0,,,36,0,never_instantiated,0,,,,,0,0,,,128389,0,never_instantiated,0,,,,,0,0,,OrderView,4283993,1,abandoned,317440,,,317440,Low-Cross-Multiplicity,39983,39983,OrderItemView,ProductView,36,0,never_instantiated,0,,,,,0,0,AddressView,,8,0,never_instantiated,0,,,,,0,0,ProductView,,36,0,never_instantiated,0,,,,,0,0,,CustomerView,800000,1,abandoned,315392,,,315392,Low-Cross-Multiplicity,30521,30521,,AddressView,800000,1,abandoned,313344,,,313344,Low-Cross-Multiplicity,30521,30521,,OrderView,4283993,1,abandoned,309248,,,309248,Low-Cross-Multiplicity,37564,37564,OrderItemView,ProductView,36,0,never_instantiated,0,,,,,0,0,ProductView,CategoryView,2,0,never_instantiated,0,,,,,0,0,,,,,,,,,,,,,,,,,,,,,,,,,,,,,,,,,,,,,,,,,,,,,,,,,,,,,,,,,,,,,,,,,,,,,,,,,,,,,,,,,,,,,,,,,,,,,,,,,,,,,,,,,,,,,,,,,,,,,,,,,,,,,,,,,,,,,,,,,,,,,,,,
q07,3,7,1,1.49,,,773859,0,never_instantiated,0,,,,,0,0,,,291451,0,never_instantiated,0,,,,,0,0,OrderItemView,,1021443,0,never_instantiated,0,,,,,0,0,,,486168,0,never_instantiated,0,,,,,0,0,OrderView,CustomerView,800000,1,abandoned,317435,,,317435,High-Hotness,68169,68169,CreditCardView,,5,0,never_instantiated,0,,,,,0,0,,TaxRecordView,291451,0,never_instantiated,0,,,,,0,0,CustomerView,AddressView,800000,1,abandoned,313344,,,313344,Low-Cross-Multiplicity,104448,104448,,CategoryView,4,0,never_instantiated,0,,,,,0,0,,ProductView,19,0,never_instantiated,0,,,,,0,0,OrderItemView,,4301324,0,never_instantiated,0,,,,,0,0,OrderView,CustomerView,800000,1,abandoned,1143994,,,1143994,THC-Increases-Probe-Cost,305672,65715,,,,,,,,,,,,,,,,,,,,,,,,,,,,,,,,,,,,,,,,,,,,,,,,,,,,,,,,,,,,,,,,,,,,,,,,,,,,,,,,,,,,,,,,,,,,,,,,,,,,,,,,,,,,,,,,,,,,,,,,,,,,,,,,,,,,,,,,,,,,,,,,
q08,3,7,1,5.73,,,1690745,0,never_instantiated,0,,,,,0,0,,,2039783,0,never_instantiated,0,,,,,0,0,,,1727854,0,never_instantiated,0,,,,,0,0,,ProductView,36,0,never_instantiated,0,,,,,0,0,,OrderItemView,12855283,1,abandoned,313344,,,313344,Low-Cross-Multiplicity,91369,91369,OrderView,CreditCardView,2039783,0,never_instantiated,0,,,,,0,0,,,2039783,0,never_instantiated,0,,,,,0,0,,,2039783,0,never_instantiated,0,,,,,0,0,CreditCardView,,1586092,0,never_instantiated,0,,,,,0,0,CreditCardView,OrderView,3214641,0,never_instantiated,0,,,,,0,0,OrderItemView,,4593116,0,never_instantiated,0,,,,,0,0,OrderView,CreditCardView,2039783,0,never_instantiated,0,,,,,0,0,,TaxRecordView,800000,1,abandoned,311296,,,311296,High-Hotness,68202,68202,,AddressView,800000,1,abandoned,311296,,,311296,High-Hotness,68202,68202,,CustomerView,800000,1,abandoned,311296,,,311296,High-Hotness,68202,68202,OrderView,CreditCardView,2039783,0,never_instantiated,0,,,,,0,0,,CategoryView,9,0,never_instantiated,0,,,,,0,0,,ProductView,36,0,never_instantiated,0,,,,,0,0,OrderItemView,,4593116,0,never_instantiated,0,,,,,0,0,OrderView,CreditCardView,2039783,0,never_instantiated,0,,,,,0,0,,CategoryView,9,0,never_instantiated,0,,,,,0,0,,ProductView,35,0,never_instantiated,0,,,,,0,0,OrderItemView,,4593116,0,never_instantiated,0,,,,,0,0,OrderView,CreditCardView,2039783,0,never_instantiated,0,,,,,0,0
q01,3,8,1,0.61,OrderItemView,,4301324,0,never_instantiated,0,,,,,0,0,OrderView,,800000,0,never_instantiated,0,,,,,0,0,AddressView,CustomerView,800000,1,abandoned,307200,,,307200,Low-Cross-Multiplicity,100352,100352,,,,,,,,,,,,,,,,,,,,,,,,,,,,,,,,,,,,,,,,,,,,,,,,,,,,,,,,,,,,,,,,,,,,,,,,,,,,,,,,,,,,,,,,,,,,,,,,,,,,,,,,,,,,,,,,,,,,,,,,,,,,,,,,,,,,,,,,,,,,,,,,,,,,,,,,,,,,,,,,,,,,,,,,,,,,,,,,,,,,,,,,,,,,,,,,,,,,,,,,,,,,,,,,,,,,,,,,,,,,,,,,,,,,,,,,,,,,,,,,,,,,,,,,,,,,
q02,3,8,1,2.66,,,800000,0,never_instantiated,0,,,,,0,0,,,770796,0,never_instantiated,0,,,,,0,0,,,731189,0,never_instantiated,0,,,,,0,0,,,800000,0,never_instantiated,0,,,,,0,0,,,751547,0,never_instantiated,0,,,,,0,0,,,402948,0,never_instantiated,0,,,,,0,0,CreditCardView,CustomerView,800000,1,abandoned,1159522,,,1159522,THC-Increases-Probe-Cost,433987,104448,,TaxRecordView,402948,0,never_instantiated,0,,,,,0,0,AddressView,CustomerView,800000,1,abandoned,305152,,,305152,Low-Cross-Multiplicity,102400,102400,,CategoryView,2,0,never_instantiated,0,,,,,0,0,,ProductView,9,0,never_instantiated,0,,,,,0,0,OrderItemView,,4301324,0,never_instantiated,0,,,,,0,0,OrderView,CustomerView,800000,1,abandoned,331776,,,331776,High-Hotness,75064,75064,OrderView,CustomerView,800000,1,abandoned,317440,,,317440,High-Hotness,66823,66823,OrderItemView,,1835997,0,never_instantiated,0,,,,,0,0,OrderView,CustomerView,800000,0,never_instantiated,0,,,,,0,0,,CategoryView,3,0,never_instantiated,0,,,,,0,0,,ProductView,16,0,never_instantiated,0,,,,,0,0,OrderItemView,,4301324,0,never_instantiated,0,,,,,0,0,OrderView,CustomerView,800000,1,abandoned,313344,,,313344,High-Hotness,70929,70929,,CreditCardView,2039783,0,never_instantiated,0,,,,,0,0,OrderView,CustomerView,800000,1,abandoned,309248,,,309248,Low-Cross-Multiplicity,68335,68335,,,,,,,,,,,,,,,,,,,,,,,,
q03,3,8,1,1.29,,,800000,0,never_instantiated,0,,,,,0,0,,CategoryView,9,0,never_instantiated,0,,,,,0,0,,TaxRecordView,800000,1,abandoned,1126055,,,1126055,THC-Increases-Probe-Cost,129967,28858,,AddressView,800000,1,abandoned,1126055,,,1126055,THC-Increases-Probe-Cost,130093,28858,CustomerView,,3430857,0,never_instantiated,0,,,,,0,0,,ProductView,8,0,never_instantiated,0,,,,,0,0,,CreditCardView,1632147,0,never_instantiated,0,,,,,0,0,OrderItemView,OrderView,4283993,1,abandoned,302258,,,302258,Low-Cross-Multiplicity,75464,75464,CreditCardView,CustomerView,800000,1,abandoned,1145186,,,1145186,THC-Increases-Probe-Cost,441654,102400,,,,,,,,,,,,,,,,,,,,,,,,,,,,,,,,,,,,,,,,,,,,,,,,,,,,,,,,,,,,,,,,,,,,,,,,,,,,,,,,,,,,,,,,,,,,,,,,,,,,,,,,,,,,,,,,,,,,,,,,,,,,,,,,,,,,,,,,,,,,,,,,,,,,,,,,,,,,,,,,,,,,,,,,,,,,,,,,,,,,
q04,3,8,1,4.35,,,9,0,never_instantiated,0,,,,,0,0,,,9,0,never_instantiated,0,,,,,0,0,,,9,0,never_instantiated,0,,,,,0,0,,,9,0,never_instantiated,0,,,,,0,0,,CreditCardView,2039783,0,never_instantiated,0,,,,,0,0,,OrderView,4283993,1,abandoned,307200,,,307200,Low-Cross-Multiplicity,37683,37683,OrderItemView,,36,0,never_instantiated,0,,,,,0,0,ProductView,CategoryView,9,0,never_instantiated,0,,,,,0,0,,TaxRecordView,800000,1,abandoned,317440,,,317440,Low-Cross-Multiplicity,31845,31845,,AddressView,800000,1,abandoned,315392,,,315392,Low-Cross-Multiplicity,31845,31845,,CustomerView,800000,1,abandoned,315392,,,315392,Low-Cross-Multiplicity,31845,31845,,OrderView,4283993,1,abandoned,313344,,,313344,Low-Cross-Multiplicity,39173,39173,OrderItemView,,36,0,never_instantiated,0,,,,,0,0,ProductView,CategoryView,9,0,never_instantiated,0,,,,,0,0,ProductView,CategoryView,9,0,never_instantiated,0,,,,,0,0,OrderItemView,,36,0,never_instantiated,0,,,,,0,0,ProductView,CategoryView,9,0,never_instantiated,0,,,,,0,0,,CreditCardView,2039783,0,never_instantiated,0,,,,,0,0,,OrderView,4283993,1,abandoned,307200,,,307200,Low-Cross-Multiplicity,37593,37593,OrderItemView,,36,0,never_instantiated,0,,,,,0,0,ProductView,CategoryView,9,0,never_instantiated,0,,,,,0,0,,,,,,,,,,,,,,,,,,,,,,,,,,,,,,,,,,,,
q05,3,8,1,1.12,,,73297,0,never_instantiated,0,,,,,0,0,,ProductView,36,0,never_instantiated,0,,,,,0,0,OrderItemView,,4301324,0,never_instantiated,0,,,,,0,0,OrderView,,800000,0,never_instantiated,0,,,,,0,0,TaxRecordView,AddressView,800000,1,abandoned,311296,,,311296,High-Miss-Rate,102400,102400,,,73297,0,never_instantiated,0,,,,,0,0,,CustomerView,800000,1,abandoned,313291,,,313291,Low-Cross-Multiplicity,108544,108544,TaxRecordView,AddressView,800000,1,abandoned,313291,,,313291,Low-Cross-Multiplicity,108544,108544,OrderView,,800000,0,never_instantiated,0,,,,,0,0,TaxRecordView,AddressView,800000,1,abandoned,303104,,,303104,Low-Cross-Multiplicity,100352,100352,,,,,,,,,,,,,,,,,,,,,,,,,,,,,,,,,,,,,,,,,,,,,,,,,,,,,,,,,,,,,,,,,,,,,,,,,,,,,,,,,,,,,,,,,,,,,,,,,,,,,,,,,,,,,,,,,,,,,,,,,,,,,,,,,,,,,,,,,,,,,,,,,,,,,,,,,,,,,,,,,,,,,,,,
q06,3,8,1,1.35,,,9,0,never_instantiated,0,,,,,0,0,,,36,0,never_instantiated,0,,,,,0,0,,,128389,0,never_instantiated,0,,,,,0,0,,OrderView,4283993,1,abandoned,317440,,,317440,Low-Cross-Multiplicity,39930,39930,OrderItemView,ProductView,36,0,never_instantiated,0,,,,,0,0,AddressView,,8,0,never_instantiated,0,,,,,0,0,ProductView,,36,0,never_instantiated,0,,,,,0,0,,CustomerView,800000,1,abandoned,313344,,,313344,Low-Cross-Multiplicity,31827,31827,,AddressView,800000,1,abandoned,309248,,,309248,Low-Cross-Multiplicity,31827,31827,,OrderView,4283993,1,abandoned,315392,,,315392,Low-Cross-Multiplicity,39887,39887,OrderItemView,ProductView,36,0,never_instantiated,0,,,,,0,0,ProductView,CategoryView,2,0,never_instantiated,0,,,,,0,0,,,,,,,,,,,,,,,,,,,,,,,,,,,,,,,,,,,,,,,,,,,,,,,,,,,,,,,,,,,,,,,,,,,,,,,,,,,,,,,,,,,,,,,,,,,,,,,,,,,,,,,,,,,,,,,,,,,,,,,,,,,,,,,,,,,,,,,,,,,,,,,,
q07,3,8,1,1.46,,,773859,0,never_instantiated,0,,,,,0,0,,,291451,0,never_instantiated,0,,,,,0,0,OrderItemView,,1021443,0,never_instantiated,0,,,,,0,0,,,486168,0,never_instantiated,0,,,,,0,0,OrderView,CustomerView,800000,1,abandoned,319483,,,319483,High-Hotness,68164,68164,CreditCardView,,5,0,never_instantiated,0,,,,,0,0,,TaxRecordView,291451,0,never_instantiated,0,,,,,0,0,CustomerView,AddressView,800000,1,abandoned,311296,,,311296,Low-Cross-Multiplicity,104448,104448,,CategoryView,4,0,never_instantiated,0,,,,,0,0,,ProductView,19,0,never_instantiated,0,,,,,0,0,OrderItemView,,4301324,0,never_instantiated,0,,,,,0,0,OrderView,CustomerView,800000,1,abandoned,313344,,,313344,High-Hotness,69645,69645,,,,,,,,,,,,,,,,,,,,,,,,,,,,,,,,,,,,,,,,,,,,,,,,,,,,,,,,,,,,,,,,,,,,,,,,,,,,,,,,,,,,,,,,,,,,,,,,,,,,,,,,,,,,,,,,,,,,,,,,,,,,,,,,,,,,,,,,,,,,,,,,
q08,3,8,1,5.67,,,1690745,0,never_instantiated,0,,,,,0,0,,,2039783,0,never_instantiated,0,,,,,0,0,,,1727854,0,never_instantiated,0,,,,,0,0,,ProductView,36,0,never_instantiated,0,,,,,0,0,,OrderItemView,12855283,1,abandoned,301056,,,301056,Low-Cross-Multiplicity,86072,86072,OrderView,CreditCardView,2039783,0,never_instantiated,0,,,,,0,0,,,2039783,0,never_instantiated,0,,,,,0,0,,,2039783,0,never_instantiated,0,,,,,0,0,CreditCardView,,1586092,0,never_instantiated,0,,,,,0,0,CreditCardView,OrderView,3214641,0,never_instantiated,0,,,,,0,0,OrderItemView,,4593116,0,never_instantiated,0,,,,,0,0,OrderView,CreditCardView,2039783,0,never_instantiated,0,,,,,0,0,,TaxRecordView,800000,1,abandoned,319488,,,319488,High-Hotness,66849,66849,,AddressView,800000,1,abandoned,319488,,,319488,High-Hotness,66849,66849,,CustomerView,800000,1,abandoned,315392,,,315392,High-Hotness,66849,66849,OrderView,CreditCardView,2039783,0,never_instantiated,0,,,,,0,0,,CategoryView,9,0,never_instantiated,0,,,,,0,0,,ProductView,36,0,never_instantiated,0,,,,,0,0,OrderItemView,,4593116,0,never_instantiated,0,,,,,0,0,OrderView,CreditCardView,2039783,0,never_instantiated,0,,,,,0,0,,CategoryView,9,0,never_instantiated,0,,,,,0,0,,ProductView,35,0,never_instantiated,0,,,,,0,0,OrderItemView,,4593116,0,never_instantiated,0,,,,,0,0,OrderView,CreditCardView,2039783,0,never_instantiated,0,,,,,0,0
q01,3,9,1,0.62,OrderItemView,,4301324,0,never_instantiated,0,,,,,0,0,OrderView,,800000,0,never_instantiated,0,,,,,0,0,AddressView,CustomerView,800000,1,abandoned,305152,,,305152,Low-Cross-Multiplicity,100352,100352,,,,,,,,,,,,,,,,,,,,,,,,,,,,,,,,,,,,,,,,,,,,,,,,,,,,,,,,,,,,,,,,,,,,,,,,,,,,,,,,,,,,,,,,,,,,,,,,,,,,,,,,,,,,,,,,,,,,,,,,,,,,,,,,,,,,,,,,,,,,,,,,,,,,,,,,,,,,,,,,,,,,,,,,,,,,,,,,,,,,,,,,,,,,,,,,,,,,,,,,,,,,,,,,,,,,,,,,,,,,,,,,,,,,,,,,,,,,,,,,,,,,,,,,,,,,
q02,3,9,1,2.58,,,800000,0,never_instantiated,0,,,,,0,0,,,770796,0,never_instantiated,0,,,,,0,0,,,731189,0,never_instantiated,0,,,,,0,0,,,800000,0,never_instantiated,0,,,,,0,0,,,751547,0,never_instantiated,0,,,,,0,0,,,402948,0,never_instantiated,0,,,,,0,0,CreditCardView,CustomerView,800000,1,abandoned,305152,,,305152,Low-Cross-Multiplicity,102400,102400,,TaxRecordView,402948,0,never_instantiated,0,,,,,0,0,AddressView,CustomerView,800000,1,abandoned,307200,,,307200,Low-Cross-Multiplicity,100352,100352,,CategoryView,2,0,never_instantiated,0,,,,,0,0,,ProductView,9,0,never_instantiated,0,,,,,0,0,OrderItemView,,4301324,0,never_instantiated,0,,,,,0,0,OrderView,CustomerView,800000,1,abandoned,342016,,,342016,High-Hotness,76432,76432,OrderView,CustomerView,800000,1,abandoned,333824,,,333824,High-Hotness,76401,76401,OrderItemView,,1835997,0,never_instantiated,0,,,,,0,0,OrderView,CustomerView,800000,0,never_instantiated,0,,,,,0,0,,CategoryView,3,0,never_instantiated,0,,,,,0,0,,ProductView,16,0,never_instantiated,0,,,,,0,0,OrderItemView,,4301324,0,never_instantiated,0,,,,,0,0,OrderView,CustomerView,800000,1,abandoned,323584,,,323584,High-Hotness,69526,69526,,CreditCardView,2039783,0,never_instantiated,0,,,,,0,0,OrderView,CustomerView,800000,1,abandoned,303104,,,303104,Low-Cross-Multiplicity,66898,66898,,,,,,,,,,,,,,,,,,,,,,,,
q03,3,9,1,1.31,,,800000,0,never_instantiated,0,,,,,0,0,,CategoryView,9,0,never_instantiated,0,,,,,0,0,,TaxRecordView,800000,1,abandoned,1128842,,,1128842,THC-Increases-Probe-Cost,128846,29268,,AddressView,800000,1,abandoned,1126896,,,1126896,THC-Increases-Probe-Cost,129079,29268,CustomerView,,3430857,0,never_instantiated,0,,,,,0,0,CreditCardView,,4287481,0,never_instantiated,0,,,,,0,0,,ProductView,8,0,never_instantiated,0,,,,,0,0,OrderItemView,OrderView,4283993,1,abandoned,301275,,,301275,Low-Cross-Multiplicity,75145,75145,CreditCardView,CustomerView,800000,1,abandoned,317440,,,317440,Low-Cross-Multiplicity,104448,104448,,,,,,,,,,,,,,,,,,,,,,,,,,,,,,,,,,,,,,,,,,,,,,,,,,,,,,,,,,,,,,,,,,,,,,,,,,,,,,,,,,,,,,,,,,,,,,,,,,,,,,,,,,,,,,,,,,,,,,,,,,,,,,,,,,,,,,,,,,,,,,,,,,,,,,,,,,,,,,,,,,,,,,,,,,,,,,,,,,,,
q04,3,9,1,4.28,,,9,0,never_instantiated,0,,,,,0,0,,,9,0,never_instantiated,0,,,,,0,0,,,9,0,never_instantiated,0,,,,,0,0,,,9,0,never_instantiated,0,,,,,0,0,,CreditCardView,2039783,0,never_instantiated,0,,,,,0,0,,OrderView,4283993,1,abandoned,309248,,,309248,Low-Cross-Multiplicity,39187,39187,OrderItemView,,36,0,never_instantiated,0,,,,,0,0,ProductView,CategoryView,9,0,never_instantiated,0,,,,,0,0,,TaxRecordView,800000,1,abandoned,311296,,,311296,Low-Cross-Multiplicity,32475,32475,,AddressView,800000,1,abandoned,315392,,,315392,Low-Cross-Multiplicity,33110,33110,,CustomerView,800000,1,abandoned,315392,,,315392,Low-Cross-Multiplicity,33110,33110,,OrderView,4283993,1,abandoned,313344,,,313344,Low-Cross-Multiplicity,40726,40726,OrderItemView,,36,0,never_instantiated,0,,,,,0,0,ProductView,CategoryView,9,0,never_instantiated,0,,,,,0,0,ProductView,CategoryView,9,0,never_instantiated,0,,,,,0,0,OrderItemView,,36,0,never_instantiated,0,,,,,0,0,ProductView,CategoryView,9,0,never_instantiated,0,,,,,0,0,,CreditCardView,2039783,0,never_instantiated,0,,,,,0,0,,OrderView,4283993,1,abandoned,309248,,,309248,Low-Cross-Multiplicity,38324,38324,OrderItemView,,36,0,never_instantiated,0,,,,,0,0,ProductView,CategoryView,9,0,never_instantiated,0,,,,,0,0,,,,,,,,,,,,,,,,,,,,,,,,,,,,,,,,,,,,
q05,3,9,1,1.11,,,73297,0,never_instantiated,0,,,,,0,0,,ProductView,36,0,never_instantiated,0,,,,,0,0,OrderItemView,,4301324,0,never_instantiated,0,,,,,0,0,OrderView,,800000,0,never_instantiated,0,,,,,0,0,TaxRecordView,AddressView,800000,1,abandoned,311296,,,311296,Low-Cross-Multiplicity,102400,102400,,,73297,0,never_instantiated,0,,,,,0,0,,CustomerView,800000,1,abandoned,303051,,,303051,Low-Cross-Multiplicity,102400,102400,TaxRecordView,AddressView,800000,1,abandoned,303051,,,303051,Low-Cross-Multiplicity,102400,102400,OrderView,,800000,0,never_instantiated,0,,,,,0,0,TaxRecordView,AddressView,800000,1,abandoned,307200,,,307200,Low-Cross-Multiplicity,102400,102400,,,,,,,,,,,,,,,,,,,,,,,,,,,,,,,,,,,,,,,,,,,,,,,,,,,,,,,,,,,,,,,,,,,,,,,,,,,,,,,,,,,,,,,,,,,,,,,,,,,,,,,,,,,,,,,,,,,,,,,,,,,,,,,,,,,,,,,,,,,,,,,,,,,,,,,,,,,,,,,,,,,,,,,,
q06,3,9,1,1.35,,,9,0,never_instantiated,0,,,,,0,0,,,36,0,never_instantiated,0,,,,,0,0,,,128389,0,never_instantiated,0,,,,,0,0,,OrderView,4283993,1,abandoned,317440,,,317440,Low-Cross-Multiplicity,39227,39227,OrderItemView,ProductView,36,0,never_instantiated,0,,,,,0,0,AddressView,,8,0,never_instantiated,0,,,,,0,0,ProductView,,36,0,never_instantiated,0,,,,,0,0,,CustomerView,800000,1,abandoned,307200,,,307200,Low-Cross-Multiplicity,30551,30551,,AddressView,800000,1,abandoned,305152,,,305152,Low-Cross-Multiplicity,30551,30551,,OrderView,4283993,1,abandoned,305152,,,305152,Low-Cross-Multiplicity,37578,37578,OrderItemView,ProductView,36,0,never_instantiated,0,,,,,0,0,ProductView,CategoryView,2,0,never_instantiated,0,,,,,0,0,,,,,,,,,,,,,,,,,,,,,,,,,,,,,,,,,,,,,,,,,,,,,,,,,,,,,,,,,,,,,,,,,,,,,,,,,,,,,,,,,,,,,,,,,,,,,,,,,,,,,,,,,,,,,,,,,,,,,,,,,,,,,,,,,,,,,,,,,,,,,,,,
q07,3,9,1,1.46,,,773859,0,never_instantiated,0,,,,,0,0,,,291451,0,never_instantiated,0,,,,,0,0,OrderItemView,,1021443,0,never_instantiated,0,,,,,0,0,,,486168,0,never_instantiated,0,,,,,0,0,OrderView,CustomerView,800000,1,abandoned,321531,,,321531,High-Hotness,68164,68164,CreditCardView,,5,0,never_instantiated,0,,,,,0,0,,TaxRecordView,291451,0,never_instantiated,0,,,,,0,0,CustomerView,AddressView,800000,1,abandoned,309248,,,309248,Low-Cross-Multiplicity,104448,104448,,CategoryView,4,0,never_instantiated,0,,,,,0,0,,ProductView,19,0,never_instantiated,0,,,,,0,0,OrderItemView,,4301324,0,never_instantiated,0,,,,,0,0,OrderView,CustomerView,800000,1,abandoned,319488,,,319488,High-Hotness,68130,68130,,,,,,,,,,,,,,,,,,,,,,,,,,,,,,,,,,,,,,,,,,,,,,,,,,,,,,,,,,,,,,,,,,,,,,,,,,,,,,,,,,,,,,,,,,,,,,,,,,,,,,,,,,,,,,,,,,,,,,,,,,,,,,,,,,,,,,,,,,,,,,,,
q08,3,9,1,5.71,,,1690745,0,never_instantiated,0,,,,,0,0,,,2039783,0,never_instantiated,0,,,,,0,0,,,1727854,0,never_instantiated,0,,,,,0,0,,ProductView,36,0,never_instantiated,0,,,,,0,0,,OrderItemView,12855283,1,abandoned,315392,,,315392,Low-Cross-Multiplicity,87836,87836,OrderView,CreditCardView,2039783,0,never_instantiated,0,,,,,0,0,,,2039783,0,never_instantiated,0,,,,,0,0,,,2039783,0,never_instantiated,0,,,,,0,0,CreditCardView,,1586092,0,never_instantiated,0,,,,,0,0,CreditCardView,OrderView,3214641,0,never_instantiated,0,,,,,0,0,OrderItemView,,4593116,0,never_instantiated,0,,,,,0,0,OrderView,CreditCardView,2039783,0,never_instantiated,0,,,,,0,0,,TaxRecordView,800000,1,abandoned,311296,,,311296,High-Hotness,68185,68185,,AddressView,800000,1,abandoned,309248,,,309248,High-Hotness,68185,68185,,CustomerView,800000,1,abandoned,311296,,,311296,High-Hotness,68185,68185,OrderView,CreditCardView,2039783,0,never_instantiated,0,,,,,0,0,,CategoryView,9,0,never_instantiated,0,,,,,0,0,,ProductView,36,0,never_instantiated,0,,,,,0,0,OrderItemView,,4593116,0,never_instantiated,0,,,,,0,0,OrderView,CreditCardView,2039783,0,never_instantiated,0,,,,,0,0,,CategoryView,9,0,never_instantiated,0,,,,,0,0,,ProductView,35,0,never_instantiated,0,,,,,0,0,OrderItemView,,4593116,0,never_instantiated,0,,,,,0,0,OrderView,CreditCardView,2039783,0,never_instantiated,0,,,,,0,0
q01,3,10,1,0.64,OrderItemView,,4301324,0,never_instantiated,0,,,,,0,0,OrderView,,800000,0,never_instantiated,0,,,,,0,0,AddressView,CustomerView,800000,1,abandoned,305152,,,305152,Low-Cross-Multiplicity,100352,100352,,,,,,,,,,,,,,,,,,,,,,,,,,,,,,,,,,,,,,,,,,,,,,,,,,,,,,,,,,,,,,,,,,,,,,,,,,,,,,,,,,,,,,,,,,,,,,,,,,,,,,,,,,,,,,,,,,,,,,,,,,,,,,,,,,,,,,,,,,,,,,,,,,,,,,,,,,,,,,,,,,,,,,,,,,,,,,,,,,,,,,,,,,,,,,,,,,,,,,,,,,,,,,,,,,,,,,,,,,,,,,,,,,,,,,,,,,,,,,,,,,,,,,,,,,,,
q02,3,10,1,2.71,,,800000,0,never_instantiated,0,,,,,0,0,,,770796,0,never_instantiated,0,,,,,0,0,,,731189,0,never_instantiated,0,,,,,0,0,,,800000,0,never_instantiated,0,,,,,0,0,,,751547,0,never_instantiated,0,,,,,0,0,,,402948,0,never_instantiated,0,,,,,0,0,CreditCardView,CustomerView,800000,1,abandoned,305152,,,305152,Low-Cross-Multiplicity,100352,100352,,TaxRecordView,402948,0,never_instantiated,0,,,,,0,0,AddressView,CustomerView,800000,1,abandoned,313344,,,313344,Low-Cross-Multiplicity,104448,104448,,CategoryView,2,0,never_instantiated,0,,,,,0,0,,ProductView,9,0,never_instantiated,0,,,,,0,0,OrderItemView,,4301324,0,never_instantiated,0,,,,,0,0,OrderView,CustomerView,800000,1,abandoned,319488,,,319488,High-Hotness,66823,66823,OrderView,CustomerView,800000,1,abandoned,331776,,,331776,High-Hotness,75053,75053,OrderItemView,,1835997,0,never_instantiated,0,,,,,0,0,OrderView,CustomerView,800000,0,never_instantiated,0,,,,,0,0,,CategoryView,3,0,never_instantiated,0,,,,,0,0,,ProductView,16,0,never_instantiated,0,,,,,0,0,OrderItemView,,4301324,0,never_instantiated,0,,,,,0,0,OrderView,CustomerView,800000,1,abandoned,321536,,,321536,High-Hotness,73703,73703,,CreditCardView,2039783,0,never_instantiated,0,,,,,0,0,OrderView,CustomerView,800000,1,abandoned,303104,,,303104,Low-Cross-Multiplicity,66828,66828,,,,,,,,,,,,,,,,,,,,,,,,
q03,3,10,1,1.31,,,800000,0,never_instantiated,0,,,,,0,0,,CategoryView,9,0,never_instantiated,0,,,,,0,0,,TaxRecordView,800000,1,abandoned,1127746,,,1127746,THC-Increases-Probe-Cost,132370,29652,,AddressView,800000,1,abandoned,1127746,,,1127746,THC-Increases-Probe-Cost,132129,29652,CustomerView,,3430857,0,never_instantiated,0,,,,,0,0,CreditCardView,,4287481,0,never_instantiated,0,,,,,0,0,,ProductView,8,0,never_instantiated,0,,,,,0,0,OrderItemView,OrderView,4283993,1,abandoned,301441,,,301441,Low-Cross-Multiplicity,75358,75358,CreditCardView,CustomerView,800000,1,abandoned,311296,,,311296,High-Miss-Rate,100352,100352,,,,,,,,,,,,,,,,,,,,,,,,,,,,,,,,,,,,,,,,,,,,,,,,,,,,,,,,,,,,,,,,,,,,,,,,,,,,,,,,,,,,,,,,,,,,,,,,,,,,,,,,,,,,,,,,,,,,,,,,,,,,,,,,,,,,,,,,,,,,,,,,,,,,,,,,,,,,,,,,,,,,,,,,,,,,,,,,,,,,
q04,3,10,1,4.29,,,9,0,never_instantiated,0,,,,,0,0,,,9,0,never_instantiated,0,,,,,0,0,,,9,0,never_instantiated,0,,,,,0,0,,,9,0,never_instantiated,0,,,,,0,0,,CreditCardView,2039783,0,never_instantiated,0,,,,,0,0,,OrderView,4283993,1,abandoned,305152,,,305152,Low-Cross-Multiplicity,37606,37606,OrderItemView,,36,0,never_instantiated,0,,,,,0,0,ProductView,CategoryView,9,0,never_instantiated,0,,,,,0,0,,TaxRecordView,800000,1,abandoned,307200,,,307200,Low-Cross-Multiplicity,31204,31204,,AddressView,800000,1,abandoned,307200,,,307200,Low-Cross-Multiplicity,31204,31204,,CustomerView,800000,1,abandoned,305152,,,305152,Low-Cross-Multiplicity,31204,31204,,OrderView,4283993,1,abandoned,305152,,,305152,Low-Cross-Multiplicity,39170,39170,OrderItemView,,36,0,never_instantiated,0,,,,,0,0,ProductView,CategoryView,9,0,never_instantiated,0,,,,,0,0,ProductView,CategoryView,9,0,never_instantiated,0,,,,,0,0,OrderItemView,,36,0,never_instantiated,0,,,,,0,0,ProductView,CategoryView,9,0,never_instantiated,0,,,,,0,0,,CreditCardView,2039783,0,never_instantiated,0,,,,,0,0,,OrderView,4283993,1,abandoned,305152,,,305152,Low-Cross-Multiplicity,38382,38382,OrderItemView,,36,0,never_instantiated,0,,,,,0,0,ProductView,CategoryView,9,0,never_instantiated,0,,,,,0,0,,,,,,,,,,,,,,,,,,,,,,,,,,,,,,,,,,,,
q05,3,10,1,1.13,,,73297,0,never_instantiated,0,,,,,0,0,,ProductView,36,0,never_instantiated,0,,,,,0,0,OrderItemView,,4301324,0,never_instantiated,0,,,,,0,0,OrderView,,800000,0,never_instantiated,0,,,,,0,0,TaxRecordView,AddressView,800000,1,abandoned,313344,,,313344,Low-Cross-Multiplicity,106496,106496,,,73297,0,never_instantiated,0,,,,,0,0,,CustomerView,800000,1,abandoned,307147,,,307147,Low-Cross-Multiplicity,104448,104448,TaxRecordView,AddressView,800000,1,abandoned,307147,,,307147,Low-Cross-Multiplicity,106496,106496,OrderView,,800000,0,never_instantiated,0,,,,,0,0,TaxRecordView,AddressView,800000,1,abandoned,305152,,,305152,High-Miss-Rate,100352,100352,,,,,,,,,,,,,,,,,,,,,,,,,,,,,,,,,,,,,,,,,,,,,,,,,,,,,,,,,,,,,,,,,,,,,,,,,,,,,,,,,,,,,,,,,,,,,,,,,,,,,,,,,,,,,,,,,,,,,,,,,,,,,,,,,,,,,,,,,,,,,,,,,,,,,,,,,,,,,,,,,,,,,,,,
q06,3,10,1,1.36,,,9,0,never_instantiated,0,,,,,0,0,,,36,0,never_instantiated,0,,,,,0,0,,,128389,0,never_instantiated,0,,,,,0,0,,OrderView,4283993,1,abandoned,313344,,,313344,Low-Cross-Multiplicity,39229,39229,OrderItemView,ProductView,36,0,never_instantiated,0,,,,,0,0,AddressView,,8,0,never_instantiated,0,,,,,0,0,ProductView,,36,0,never_instantiated,0,,,,,0,0,,CustomerView,800000,1,abandoned,313344,,,313344,Low-Cross-Multiplicity,30551,30551,,AddressView,800000,1,abandoned,313344,,,313344,Low-Cross-Multiplicity,30551,30551,,OrderView,4283993,1,abandoned,309248,,,309248,Low-Cross-Multiplicity,37578,37578,OrderItemView,ProductView,36,0,never_instantiated,0,,,,,0,0,ProductView,CategoryView,2,0,never_instantiated,0,,,,,0,0,,,,,,,,,,,,,,,,,,,,,,,,,,,,,,,,,,,,,,,,,,,,,,,,,,,,,,,,,,,,,,,,,,,,,,,,,,,,,,,,,,,,,,,,,,,,,,,,,,,,,,,,,,,,,,,,,,,,,,,,,,,,,,,,,,,,,,,,,,,,,,,,
q07,3,10,1,1.44,,,773859,0,never_instantiated,0,,,,,0,0,,,291451,0,never_instantiated,0,,,,,0,0,OrderItemView,,1021443,0,never_instantiated,0,,,,,0,0,,,486168,0,never_instantiated,0,,,,,0,0,OrderView,CustomerView,800000,1,abandoned,313339,,,313339,High-Hotness,68202,68202,CreditCardView,,5,0,never_instantiated,0,,,,,0,0,,TaxRecordView,291451,0,never_instantiated,0,,,,,0,0,CustomerView,AddressView,800000,1,abandoned,307200,,,307200,Low-Cross-Multiplicity,106496,106496,,CategoryView,4,0,never_instantiated,0,,,,,0,0,,ProductView,19,0,never_instantiated,0,,,,,0,0,OrderItemView,,4301324,0,never_instantiated,0,,,,,0,0,OrderView,CustomerView,800000,1,abandoned,309248,,,309248,High-Hotness,68205,68205,,,,,,,,,,,,,,,,,,,,,,,,,,,,,,,,,,,,,,,,,,,,,,,,,,,,,,,,,,,,,,,,,,,,,,,,,,,,,,,,,,,,,,,,,,,,,,,,,,,,,,,,,,,,,,,,,,,,,,,,,,,,,,,,,,,,,,,,,,,,,,,,
q08,3,10,1,5.67,,,1690745,0,never_instantiated,0,,,,,0,0,,,2039783,0,never_instantiated,0,,,,,0,0,,,1727854,0,never_instantiated,0,,,,,0,0,,ProductView,36,0,never_instantiated,0,,,,,0,0,,OrderItemView,12855283,1,abandoned,319488,,,319488,Low-Cross-Multiplicity,86116,86116,OrderView,CreditCardView,2039783,0,never_instantiated,0,,,,,0,0,,,2039783,0,never_instantiated,0,,,,,0,0,,,2039783,0,never_instantiated,0,,,,,0,0,CreditCardView,,1586092,0,never_instantiated,0,,,,,0,0,CreditCardView,OrderView,3214641,0,never_instantiated,0,,,,,0,0,OrderItemView,,4593116,0,never_instantiated,0,,,,,0,0,OrderView,CreditCardView,2039783,0,never_instantiated,0,,,,,0,0,,TaxRecordView,800000,1,abandoned,311296,,,311296,High-Hotness,66883,66883,,AddressView,800000,1,abandoned,311296,,,311296,High-Hotness,66883,66883,,CustomerView,800000,1,abandoned,311296,,,311296,High-Hotness,66883,66883,OrderView,CreditCardView,2039783,0,never_instantiated,0,,,,,0,0,,CategoryView,9,0,never_instantiated,0,,,,,0,0,,ProductView,36,0,never_instantiated,0,,,,,0,0,OrderItemView,,4593116,0,never_instantiated,0,,,,,0,0,OrderView,CreditCardView,2039783,0,never_instantiated,0,,,,,0,0,,CategoryView,9,0,never_instantiated,0,,,,,0,0,,ProductView,35,0,never_instantiated,0,,,,,0,0,OrderItemView,,4593116,0,never_instantiated,0,,,,,0,0,OrderView,CreditCardView,2039783,0,never_instantiated,0,,,,,0,0
q01,3,11,1,0.63,OrderItemView,,4301324,0,never_instantiated,0,,,,,0,0,OrderView,,800000,0,never_instantiated,0,,,,,0,0,AddressView,CustomerView,800000,1,abandoned,311296,,,311296,Low-Cross-Multiplicity,102400,102400,,,,,,,,,,,,,,,,,,,,,,,,,,,,,,,,,,,,,,,,,,,,,,,,,,,,,,,,,,,,,,,,,,,,,,,,,,,,,,,,,,,,,,,,,,,,,,,,,,,,,,,,,,,,,,,,,,,,,,,,,,,,,,,,,,,,,,,,,,,,,,,,,,,,,,,,,,,,,,,,,,,,,,,,,,,,,,,,,,,,,,,,,,,,,,,,,,,,,,,,,,,,,,,,,,,,,,,,,,,,,,,,,,,,,,,,,,,,,,,,,,,,,,,,,,,,
q02,3,11,1,2.62,,,800000,0,never_instantiated,0,,,,,0,0,,,770796,0,never_instantiated,0,,,,,0,0,,,731189,0,never_instantiated,0,,,,,0,0,,,800000,0,never_instantiated,0,,,,,0,0,,,751547,0,never_instantiated,0,,,,,0,0,,,402948,0,never_instantiated,0,,,,,0,0,CreditCardView,CustomerView,800000,1,abandoned,303104,,,303104,Low-Cross-Multiplicity,100352,100352,,TaxRecordView,402948,0,never_instantiated,0,,,,,0,0,AddressView,CustomerView,800000,1,abandoned,307200,,,307200,Low-Cross-Multiplicity,102400,102400,,CategoryView,2,0,never_instantiated,0,,,,,0,0,,ProductView,9,0,never_instantiated,0,,,,,0,0,OrderItemView,,4301324,0,never_instantiated,0,,,,,0,0,OrderView,CustomerView,800000,1,abandoned,333824,,,333824,High-Hotness,76443,76443,OrderView,CustomerView,800000,1,abandoned,323584,,,323584,High-Hotness,70947,70947,OrderItemView,,1835997,0,never_instantiated,0,,,,,0,0,OrderView,CustomerView,800000,0,never_instantiated,0,,,,,0,0,,CategoryView,3,0,never_instantiated,0,,,,,0,0,,ProductView,16,0,never_instantiated,0,,,,,0,0,OrderItemView,,4301324,0,never_instantiated,0,,,,,0,0,OrderView,CustomerView,800000,1,abandoned,323584,,,323584,High-Hotness,72336,72336,,CreditCardView,2039783,0,never_instantiated,0,,,,,0,0,OrderView,CustomerView,800000,1,abandoned,311296,,,311296,Low-Cross-Multiplicity,68302,68302,,,,,,,,,,,,,,,,,,,,,,,,
q03,3,11,1,1.34,,,800000,0,never_instantiated,0,,,,,0,0,,CategoryView,9,0,never_instantiated,0,,,,,0,0,,TaxRecordView,800000,1,abandoned,1114098,,,1114098,THC-Increases-Probe-Cost,136704,30022,,AddressView,800000,1,abandoned,1114098,,,1114098,THC-Increases-Probe-Cost,135947,30022,CustomerView,,3430857,0,never_instantiated,0,,,,,0,0,CreditCardView,,4287481,0,never_instantiated,0,,,,,0,0,,ProductView,8,0,never_instantiated,0,,,,,0,0,OrderItemView,OrderView,4283993,1,abandoned,303262,,,303262,Low-Cross-Multiplicity,75699,75699,CreditCardView,CustomerView,800000,1,abandoned,313344,,,313344,Low-Cross-Multiplicity,106496,106496,,,,,,,,,,,,,,,,,,,,,,,,,,,,,,,,,,,,,,,,,,,,,,,,,,,,,,,,,,,,,,,,,,,,,,,,,,,,,,,,,,,,,,,,,,,,,,,,,,,,,,,,,,,,,,,,,,,,,,,,,,,,,,,,,,,,,,,,,,,,,,,,,,,,,,,,,,,,,,,,,,,,,,,,,,,,,,,,,,,,
q04,3,11,1,4.30,,,9,0,never_instantiated,0,,,,,0,0,,,9,0,never_instantiated,0,,,,,0,0,,,9,0,never_instantiated,0,,,,,0,0,,,9,0,never_instantiated,0,,,,,0,0,,CreditCardView,2039783,0,never_instantiated,0,,,,,0,0,,OrderView,4283993,1,abandoned,317440,,,317440,Low-Cross-Multiplicity,37702,37702,OrderItemView,,36,0,never_instantiated,0,,,,,0,0,ProductView,CategoryView,9,0,never_instantiated,0,,,,,0,0,,TaxRecordView,800000,1,abandoned,313344,,,313344,Low-Cross-Multiplicity,33071,33071,,AddressView,800000,1,abandoned,313344,,,313344,Low-Cross-Multiplicity,33071,33071,,CustomerView,800000,1,abandoned,313344,,,313344,Low-Cross-Multiplicity,33071,33071,,OrderView,4283993,1,abandoned,313344,,,313344,Low-Cross-Multiplicity,41465,41465,OrderItemView,,36,0,never_instantiated,0,,,,,0,0,ProductView,CategoryView,9,0,never_instantiated,0,,,,,0,0,ProductView,CategoryView,9,0,never_instantiated,0,,,,,0,0,OrderItemView,,36,0,never_instantiated,0,,,,,0,0,ProductView,CategoryView,9,0,never_instantiated,0,,,,,0,0,,CreditCardView,2039783,0,never_instantiated,0,,,,,0,0,,OrderView,4283993,1,abandoned,315392,,,315392,Low-Cross-Multiplicity,39876,39876,OrderItemView,,36,0,never_instantiated,0,,,,,0,0,ProductView,CategoryView,9,0,never_instantiated,0,,,,,0,0,,,,,,,,,,,,,,,,,,,,,,,,,,,,,,,,,,,,
q05,3,11,1,1.11,,,73297,0,never_instantiated,0,,,,,0,0,,ProductView,36,0,never_instantiated,0,,,,,0,0,OrderItemView,,4301324,0,never_instantiated,0,,,,,0,0,OrderView,,800000,0,never_instantiated,0,,,,,0,0,TaxRecordView,AddressView,800000,1,abandoned,311296,,,311296,High-Miss-Rate,102400,102400,,,73297,0,never_instantiated,0,,,,,0,0,,CustomerView,800000,1,abandoned,307147,,,307147,Low-Cross-Multiplicity,104448,104448,TaxRecordView,AddressView,800000,1,abandoned,307147,,,307147,Low-Cross-Multiplicity,104448,104448,OrderView,,800000,0,never_instantiated,0,,,,,0,0,TaxRecordView,AddressView,800000,1,abandoned,309248,,,309248,Low-Cross-Multiplicity,100352,100352,,,,,,,,,,,,,,,,,,,,,,,,,,,,,,,,,,,,,,,,,,,,,,,,,,,,,,,,,,,,,,,,,,,,,,,,,,,,,,,,,,,,,,,,,,,,,,,,,,,,,,,,,,,,,,,,,,,,,,,,,,,,,,,,,,,,,,,,,,,,,,,,,,,,,,,,,,,,,,,,,,,,,,,,
q06,3,11,1,1.32,,,9,0,never_instantiated,0,,,,,0,0,,,36,0,never_instantiated,0,,,,,0,0,,,128389,0,never_instantiated,0,,,,,0,0,,OrderView,4283993,1,abandoned,315392,,,315392,Low-Cross-Multiplicity,39899,39899,OrderItemView,ProductView,36,0,never_instantiated,0,,,,,0,0,AddressView,,8,0,never_instantiated,0,,,,,0,0,ProductView,,36,0,never_instantiated,0,,,,,0,0,,CustomerView,800000,1,abandoned,309248,,,309248,Low-Cross-Multiplicity,31180,31180,,AddressView,800000,1,abandoned,309248,,,309248,Low-Cross-Multiplicity,31180,31180,,OrderView,4283993,1,abandoned,307200,,,307200,Low-Cross-Multiplicity,38348,38348,OrderItemView,ProductView,36,0,never_instantiated,0,,,,,0,0,ProductView,CategoryView,2,0,never_instantiated,0,,,,,0,0,,,,,,,,,,,,,,,,,,,,,,,,,,,,,,,,,,,,,,,,,,,,,,,,,,,,,,,,,,,,,,,,,,,,,,,,,,,,,,,,,,,,,,,,,,,,,,,,,,,,,,,,,,,,,,,,,,,,,,,,,,,,,,,,,,,,,,,,,,,,,,,,
q07,3,11,1,1.46,,,773859,0,never_instantiated,0,,,,,0,0,,,291451,0,never_instantiated,0,,,,,0,0,OrderItemView,,1021443,0,never_instantiated,0,,,,,0,0,,,486168,0,never_instantiated,0,,,,,0,0,OrderView,CustomerView,800000,1,abandoned,331771,,,331771,High-Hotness,73680,73680,CreditCardView,,5,0,never_instantiated,0,,,,,0,0,,TaxRecordView,291451,0,never_instantiated,0,,,,,0,0,CustomerView,AddressView,800000,1,abandoned,313344,,,313344,Low-Cross-Multiplicity,106496,106496,,CategoryView,4,0,never_instantiated,0,,,,,0,0,,ProductView,19,0,never_instantiated,0,,,,,0,0,OrderItemView,,4301324,0,never_instantiated,0,,,,,0,0,OrderView,CustomerView,800000,1,abandoned,317440,,,317440,Low-Cross-Multiplicity,69204,69204,,,,,,,,,,,,,,,,,,,,,,,,,,,,,,,,,,,,,,,,,,,,,,,,,,,,,,,,,,,,,,,,,,,,,,,,,,,,,,,,,,,,,,,,,,,,,,,,,,,,,,,,,,,,,,,,,,,,,,,,,,,,,,,,,,,,,,,,,,,,,,,,
q08,3,11,1,5.69,,,1690745,0,never_instantiated,0,,,,,0,0,,,2039783,0,never_instantiated,0,,,,,0,0,,,1727854,0,never_instantiated,0,,,,,0,0,,ProductView,36,0,never_instantiated,0,,,,,0,0,,OrderItemView,12855283,1,abandoned,307200,,,307200,Low-Cross-Multiplicity,86098,86098,OrderView,CreditCardView,2039783,0,never_instantiated,0,,,,,0,0,,,2039783,0,never_instantiated,0,,,,,0,0,,,2039783,0,never_instantiated,0,,,,,0,0,CreditCardView,,1586092,0,never_instantiated,0,,,,,0,0,CreditCardView,OrderView,3214641,0,never_instantiated,0,,,,,0,0,OrderItemView,,4593116,0,never_instantiated,0,,,,,0,0,OrderView,CreditCardView,2039783,0,never_instantiated,0,,,,,0,0,,TaxRecordView,800000,1,abandoned,315392,,,315392,High-Hotness,66790,66790,,AddressView,800000,1,abandoned,317440,,,317440,High-Hotness,66790,66790,,CustomerView,800000,1,abandoned,317440,,,317440,High-Hotness,66790,66790,OrderView,CreditCardView,2039783,0,never_instantiated,0,,,,,0,0,,CategoryView,9,0,never_instantiated,0,,,,,0,0,,ProductView,36,0,never_instantiated,0,,,,,0,0,OrderItemView,,4593116,0,never_instantiated,0,,,,,0,0,OrderView,CreditCardView,2039783,0,never_instantiated,0,,,,,0,0,,CategoryView,9,0,never_instantiated,0,,,,,0,0,,ProductView,35,0,never_instantiated,0,,,,,0,0,OrderItemView,,4593116,0,never_instantiated,0,,,,,0,0,OrderView,CreditCardView,2039783,0,never_instantiated,0,,,,,0,0
q01,3,12,1,0.62,OrderItemView,,4301324,0,never_instantiated,0,,,,,0,0,OrderView,,800000,0,never_instantiated,0,,,,,0,0,AddressView,CustomerView,800000,1,abandoned,303104,,,303104,Low-Cross-Multiplicity,102400,102400,,,,,,,,,,,,,,,,,,,,,,,,,,,,,,,,,,,,,,,,,,,,,,,,,,,,,,,,,,,,,,,,,,,,,,,,,,,,,,,,,,,,,,,,,,,,,,,,,,,,,,,,,,,,,,,,,,,,,,,,,,,,,,,,,,,,,,,,,,,,,,,,,,,,,,,,,,,,,,,,,,,,,,,,,,,,,,,,,,,,,,,,,,,,,,,,,,,,,,,,,,,,,,,,,,,,,,,,,,,,,,,,,,,,,,,,,,,,,,,,,,,,,,,,,,,,
q02,3,12,1,2.66,,,800000,0,never_instantiated,0,,,,,0,0,,,770796,0,never_instantiated,0,,,,,0,0,,,731189,0,never_instantiated,0,,,,,0,0,,,800000,0,never_instantiated,0,,,,,0,0,,,751547,0,never_instantiated,0,,,,,0,0,,,402948,0,never_instantiated,0,,,,,0,0,CreditCardView,CustomerView,800000,1,abandoned,729088,,,729088,High-Miss-Rate,263592,104448,,TaxRecordView,402948,0,never_instantiated,0,,,,,0,0,AddressView,CustomerView,800000,1,abandoned,309248,,,309248,Low-Cross-Multiplicity,102400,102400,,CategoryView,2,0,never_instantiated,0,,,,,0,0,,ProductView,9,0,never_instantiated,0,,,,,0,0,OrderItemView,,4301324,0,never_instantiated,0,,,,,0,0,OrderView,CustomerView,800000,1,abandoned,321536,,,321536,High-Hotness,70967,70967,OrderView,CustomerView,800000,1,abandoned,329728,,,329728,High-Hotness,73679,73679,OrderItemView,,1835997,0,never_instantiated,0,,,,,0,0,OrderView,CustomerView,800000,0,never_instantiated,0,,,,,0,0,,CategoryView,3,0,never_instantiated,0,,,,,0,0,,ProductView,16,0,never_instantiated,0,,,,,0,0,OrderItemView,,4301324,0,never_instantiated,0,,,,,0,0,OrderView,CustomerView,800000,1,abandoned,317440,,,317440,High-Hotness,75055,75055,,CreditCardView,2039783,0,never_instantiated,0,,,,,0,0,OrderView,CustomerView,800000,1,abandoned,305152,,,305152,Low-Cross-Multiplicity,66836,66836,,,,,,,,,,,,,,,,,,,,,,,,
q03,3,12,1,1.27,,,800000,0,never_instantiated,0,,,,,0,0,,CategoryView,9,0,never_instantiated,0,,,,,0,0,,TaxRecordView,800000,1,abandoned,1129053,,,1129053,THC-Increases-Probe-Cost,125927,29649,,AddressView,800000,1,abandoned,1127081,,,1127081,THC-Increases-Probe-Cost,125927,29649,CustomerView,,3430857,0,never_instantiated,0,,,,,0,0,,ProductView,8,0,never_instantiated,0,,,,,0,0,,CreditCardView,1632147,0,never_instantiated,0,,,,,0,0,OrderItemView,OrderView,4283993,1,abandoned,301959,,,301959,Low-Cross-Multiplicity,75198,75198,CreditCardView,CustomerView,800000,1,abandoned,307200,,,307200,Low-Cross-Multiplicity,104448,104448,,,,,,,,,,,,,,,,,,,,,,,,,,,,,,,,,,,,,,,,,,,,,,,,,,,,,,,,,,,,,,,,,,,,,,,,,,,,,,,,,,,,,,,,,,,,,,,,,,,,,,,,,,,,,,,,,,,,,,,,,,,,,,,,,,,,,,,,,,,,,,,,,,,,,,,,,,,,,,,,,,,,,,,,,,,,,,,,,,,,
q04,3,12,1,4.37,,,9,0,never_instantiated,0,,,,,0,0,,,9,0,never_instantiated,0,,,,,0,0,,,9,0,never_instantiated,0,,,,,0,0,,,9,0,never_instantiated,0,,,,,0,0,,CreditCardView,2039783,0,never_instantiated,0,,,,,0,0,,OrderView,4283993,1,abandoned,311296,,,311296,Low-Cross-Multiplicity,38423,38423,OrderItemView,,36,0,never_instantiated,0,,,,,0,0,ProductView,CategoryView,9,0,never_instantiated,0,,,,,0,0,,TaxRecordView,800000,1,abandoned,309248,,,309248,Low-Cross-Multiplicity,30551,30551,,AddressView,800000,1,abandoned,319488,,,319488,Low-Cross-Multiplicity,31199,31199,,CustomerView,800000,1,abandoned,313344,,,313344,Low-Cross-Multiplicity,31199,31199,,OrderView,4283993,1,abandoned,315392,,,315392,Low-Cross-Multiplicity,38379,38379,OrderItemView,,36,0,never_instantiated,0,,,,,0,0,ProductView,CategoryView,9,0,never_instantiated,0,,,,,0,0,ProductView,CategoryView,9,0,never_instantiated,0,,,,,0,0,OrderItemView,,36,0,never_instantiated,0,,,,,0,0,ProductView,CategoryView,9,0,never_instantiated,0,,,,,0,0,,CreditCardView,2039783,0,never_instantiated,0,,,,,0,0,,OrderView,4283993,1,abandoned,317440,,,317440,Low-Cross-Multiplicity,39906,39906,OrderItemView,,36,0,never_instantiated,0,,,,,0,0,ProductView,CategoryView,9,0,never_instantiated,0,,,,,0,0,,,,,,,,,,,,,,,,,,,,,,,,,,,,,,,,,,,,
q05,3,12,1,1.10,,,73297,0,never_instantiated,0,,,,,0,0,,ProductView,36,0,never_instantiated,0,,,,,0,0,OrderItemView,,4301324,0,never_instantiated,0,,,,,0,0,OrderView,,800000,0,never_instantiated,0,,,,,0,0,TaxRecordView,AddressView,800000,1,abandoned,311296,,,311296,Low-Cross-Multiplicity,100352,100352,,,73297,0,never_instantiated,0,,,,,0,0,,CustomerView,800000,1,abandoned,313291,,,313291,Low-Cross-Multiplicity,104448,104448,TaxRecordView,AddressView,800000,1,abandoned,311243,,,311243,Low-Cross-Multiplicity,104448,104448,OrderView,,800000,0,never_instantiated,0,,,,,0,0,TaxRecordView,AddressView,800000,1,abandoned,307200,,,307200,High-Miss-Rate,100352,100352,,,,,,,,,,,,,,,,,,,,,,,,,,,,,,,,,,,,,,,,,,,,,,,,,,,,,,,,,,,,,,,,,,,,,,,,,,,,,,,,,,,,,,,,,,,,,,,,,,,,,,,,,,,,,,,,,,,,,,,,,,,,,,,,,,,,,,,,,,,,,,,,,,,,,,,,,,,,,,,,,,,,,,,,
q06,3,12,1,1.32,,,9,0,never_instantiated,0,,,,,0,0,,,36,0,never_instantiated,0,,,,,0,0,,,128389,0,never_instantiated,0,,,,,0,0,,OrderView,4283993,1,abandoned,315392,,,315392,Low-Cross-Multiplicity,40686,40686,OrderItemView,ProductView,36,0,never_instantiated,0,,,,,0,0,AddressView,,8,0,never_instantiated,0,,,,,0,0,ProductView,,36,0,never_instantiated,0,,,,,0,0,,CustomerView,800000,1,abandoned,303104,,,303104,Low-Cross-Multiplicity,31165,31165,,AddressView,800000,1,abandoned,307200,,,307200,Low-Cross-Multiplicity,31807,31807,,OrderView,4283993,1,abandoned,307200,,,307200,Low-Cross-Multiplicity,39141,39141,OrderItemView,ProductView,36,0,never_instantiated,0,,,,,0,0,ProductView,CategoryView,2,0,never_instantiated,0,,,,,0,0,,,,,,,,,,,,,,,,,,,,,,,,,,,,,,,,,,,,,,,,,,,,,,,,,,,,,,,,,,,,,,,,,,,,,,,,,,,,,,,,,,,,,,,,,,,,,,,,,,,,,,,,,,,,,,,,,,,,,,,,,,,,,,,,,,,,,,,,,,,,,,,,
q07,3,12,1,1.49,,,773859,0,never_instantiated,0,,,,,0,0,,,291451,0,never_instantiated,0,,,,,0,0,OrderItemView,,1021443,0,never_instantiated,0,,,,,0,0,,,486168,0,never_instantiated,0,,,,,0,0,OrderView,CustomerView,800000,1,abandoned,321531,,,321531,High-Hotness,68164,68164,CreditCardView,,5,0,never_instantiated,0,,,,,0,0,,TaxRecordView,291451,0,never_instantiated,0,,,,,0,0,CustomerView,AddressView,800000,1,abandoned,309248,,,309248,Low-Cross-Multiplicity,102400,102400,,CategoryView,4,0,never_instantiated,0,,,,,0,0,,ProductView,19,0,never_instantiated,0,,,,,0,0,OrderItemView,,4301324,0,never_instantiated,0,,,,,0,0,OrderView,CustomerView,800000,1,abandoned,1160378,,,1160378,THC-Increases-Probe-Cost,311074,66909,,,,,,,,,,,,,,,,,,,,,,,,,,,,,,,,,,,,,,,,,,,,,,,,,,,,,,,,,,,,,,,,,,,,,,,,,,,,,,,,,,,,,,,,,,,,,,,,,,,,,,,,,,,,,,,,,,,,,,,,,,,,,,,,,,,,,,,,,,,,,,,,
q08,3,12,1,5.79,,,1690745,0,never_instantiated,0,,,,,0,0,,,2039783,0,never_instantiated,0,,,,,0,0,,,1727854,0,never_instantiated,0,,,,,0,0,,ProductView,36,0,never_instantiated,0,,,,,0,0,,OrderItemView,12855283,1,abandoned,315392,,,315392,Low-Cross-Multiplicity,86123,86123,OrderView,CreditCardView,2039783,0,never_instantiated,0,,,,,0,0,,,2039783,0,never_instantiated,0,,,,,0,0,,,2039783,0,never_instantiated,0,,,,,0,0,CreditCardView,,1586092,0,never_instantiated,0,,,,,0,0,CreditCardView,OrderView,3214641,0,never_instantiated,0,,,,,0,0,OrderItemView,,4593116,0,never_instantiated,0,,,,,0,0,OrderView,CreditCardView,2039783,0,never_instantiated,0,,,,,0,0,,TaxRecordView,800000,1,abandoned,313344,,,313344,High-Hotness,68193,68193,,AddressView,800000,1,abandoned,313344,,,313344,High-Hotness,68193,68193,,CustomerView,800000,1,abandoned,311296,,,311296,High-Hotness,68193,68193,OrderView,CreditCardView,2039783,0,never_instantiated,0,,,,,0,0,,CategoryView,9,0,never_instantiated,0,,,,,0,0,,ProductView,36,0,never_instantiated,0,,,,,0,0,OrderItemView,,4593116,0,never_instantiated,0,,,,,0,0,OrderView,CreditCardView,2039783,0,never_instantiated,0,,,,,0,0,,CategoryView,9,0,never_instantiated,0,,,,,0,0,,ProductView,35,0,never_instantiated,0,,,,,0,0,OrderItemView,,4593116,0,never_instantiated,0,,,,,0,0,OrderView,CreditCardView,2039783,0,never_instantiated,0,,,,,0,0
q01,3,13,1,0.63,OrderItemView,,4301324,0,never_instantiated,0,,,,,0,0,OrderView,,800000,0,never_instantiated,0,,,,,0,0,AddressView,CustomerView,800000,1,abandoned,313344,,,313344,Low-Cross-Multiplicity,104448,104448,,,,,,,,,,,,,,,,,,,,,,,,,,,,,,,,,,,,,,,,,,,,,,,,,,,,,,,,,,,,,,,,,,,,,,,,,,,,,,,,,,,,,,,,,,,,,,,,,,,,,,,,,,,,,,,,,,,,,,,,,,,,,,,,,,,,,,,,,,,,,,,,,,,,,,,,,,,,,,,,,,,,,,,,,,,,,,,,,,,,,,,,,,,,,,,,,,,,,,,,,,,,,,,,,,,,,,,,,,,,,,,,,,,,,,,,,,,,,,,,,,,,,,,,,,,,
q02,3,13,1,2.56,,,800000,0,never_instantiated,0,,,,,0,0,,,770796,0,never_instantiated,0,,,,,0,0,,,731189,0,never_instantiated,0,,,,,0,0,,,800000,0,never_instantiated,0,,,,,0,0,,,751547,0,never_instantiated,0,,,,,0,0,,,402948,0,never_instantiated,0,,,,,0,0,CreditCardView,CustomerView,800000,1,abandoned,309248,,,309248,Low-Cross-Multiplicity,102400,102400,,TaxRecordView,402948,0,never_instantiated,0,,,,,0,0,AddressView,CustomerView,800000,1,abandoned,315392,,,315392,Low-Cross-Multiplicity,104448,104448,,CategoryView,2,0,never_instantiated,0,,,,,0,0,,ProductView,9,0,never_instantiated,0,,,,,0,0,OrderItemView,,4301324,0,never_instantiated,0,,,,,0,0,OrderView,CustomerView,800000,1,abandoned,337920,,,337920,High-Hotness,76443,76443,OrderView,CustomerView,800000,1,abandoned,331776,,,331776,High-Hotness,75068,75068,OrderItemView,,1835997,0,never_instantiated,0,,,,,0,0,OrderView,CustomerView,800000,0,never_instantiated,0,,,,,0,0,,CategoryView,3,0,never_instantiated,0,,,,,0,0,,ProductView,16,0,never_instantiated,0,,,,,0,0,OrderItemView,,4301324,0,never_instantiated,0,,,,,0,0,OrderView,CustomerView,800000,1,abandoned,313344,,,313344,High-Hotness,70933,61422,,CreditCardView,2039783,0,never_instantiated,0,,,,,0,0,OrderView,CustomerView,800000,1,abandoned,307200,,,307200,Low-Cross-Multiplicity,66877,66877,,,,,,,,,,,,,,,,,,,,,,,,
q03,3,13,1,1.31,,,800000,0,never_instantiated,0,,,,,0,0,,CategoryView,9,0,never_instantiated,0,,,,,0,0,,TaxRecordView,800000,1,abandoned,1123078,,,1123078,THC-Increases-Probe-Cost,127500,29634,,AddressView,800000,1,abandoned,1131168,,,1131168,THC-Increases-Probe-Cost,127283,29634,CustomerView,,3430857,0,never_instantiated,0,,,,,0,0,CreditCardView,,4287481,0,never_instantiated,0,,,,,0,0,,ProductView,8,0,never_instantiated,0,,,,,0,0,OrderItemView,OrderView,4283993,1,abandoned,301384,,,301384,Low-Cross-Multiplicity,75512,75512,CreditCardView,CustomerView,800000,1,abandoned,303104,,,303104,High-Hotness,100352,100352,,,,,,,,,,,,,,,,,,,,,,,,,,,,,,,,,,,,,,,,,,,,,,,,,,,,,,,,,,,,,,,,,,,,,,,,,,,,,,,,,,,,,,,,,,,,,,,,,,,,,,,,,,,,,,,,,,,,,,,,,,,,,,,,,,,,,,,,,,,,,,,,,,,,,,,,,,,,,,,,,,,,,,,,,,,,,,,,,,,,
q04,3,13,1,4.26,,,9,0,never_instantiated,0,,,,,0,0,,,9,0,never_instantiated,0,,,,,0,0,,,9,0,never_instantiated,0,,,,,0,0,,,9,0,never_instantiated,0,,,,,0,0,,CreditCardView,2039783,0,never_instantiated,0,,,,,0,0,,OrderView,4283993,1,abandoned,315392,,,315392,Low-Cross-Multiplicity,38398,38398,OrderItemView,,36,0,never_instantiated,0,,,,,0,0,ProductView,CategoryView,9,0,never_instantiated,0,,,,,0,0,,TaxRecordView,800000,1,abandoned,313344,,,313344,Low-Cross-Multiplicity,32486,32486,,AddressView,800000,1,abandoned,313344,,,313344,Low-Cross-Multiplicity,32486,32486,,CustomerView,800000,1,abandoned,313344,,,313344,Low-Cross-Multiplicity,32486,32486,,OrderView,4283993,1,abandoned,313344,,,313344,Low-Cross-Multiplicity,39948,39948,OrderItemView,,36,0,never_instantiated,0,,,,,0,0,ProductView,CategoryView,9,0,never_instantiated,0,,,,,0,0,ProductView,CategoryView,9,0,never_instantiated,0,,,,,0,0,OrderItemView,,36,0,never_instantiated,0,,,,,0,0,ProductView,CategoryView,9,0,never_instantiated,0,,,,,0,0,,CreditCardView,2039783,0,never_instantiated,0,,,,,0,0,,OrderView,4283993,1,abandoned,313344,,,313344,Low-Cross-Multiplicity,39898,39898,OrderItemView,,36,0,never_instantiated,0,,,,,0,0,ProductView,CategoryView,9,0,never_instantiated,0,,,,,0,0,,,,,,,,,,,,,,,,,,,,,,,,,,,,,,,,,,,,
q05,3,13,1,1.11,,,73297,0,never_instantiated,0,,,,,0,0,,ProductView,36,0,never_instantiated,0,,,,,0,0,OrderItemView,,4301324,0,never_instantiated,0,,,,,0,0,OrderView,,800000,0,never_instantiated,0,,,,,0,0,TaxRecordView,AddressView,800000,1,abandoned,313344,,,313344,Low-Cross-Multiplicity,104448,104448,,,73297,0,never_instantiated,0,,,,,0,0,,CustomerView,800000,1,abandoned,305099,,,305099,Low-Cross-Multiplicity,104448,104448,TaxRecordView,AddressView,800000,1,abandoned,305099,,,305099,Low-Cross-Multiplicity,104448,104448,OrderView,,800000,0,never_instantiated,0,,,,,0,0,TaxRecordView,AddressView,800000,1,abandoned,313344,,,313344,Low-Cross-Multiplicity,100352,100352,,,,,,,,,,,,,,,,,,,,,,,,,,,,,,,,,,,,,,,,,,,,,,,,,,,,,,,,,,,,,,,,,,,,,,,,,,,,,,,,,,,,,,,,,,,,,,,,,,,,,,,,,,,,,,,,,,,,,,,,,,,,,,,,,,,,,,,,,,,,,,,,,,,,,,,,,,,,,,,,,,,,,,,,
q06,3,13,1,1.31,,,9,0,never_instantiated,0,,,,,0,0,,,36,0,never_instantiated,0,,,,,0,0,,,128389,0,never_instantiated,0,,,,,0,0,,OrderView,4283993,1,abandoned,313344,,,313344,Low-Cross-Multiplicity,39934,39934,OrderItemView,ProductView,36,0,never_instantiated,0,,,,,0,0,AddressView,,8,0,never_instantiated,0,,,,,0,0,ProductView,,36,0,never_instantiated,0,,,,,0,0,,CustomerView,800000,1,abandoned,305152,,,305152,Low-Cross-Multiplicity,31177,31177,,AddressView,800000,1,abandoned,305152,,,305152,Low-Cross-Multiplicity,31177,31177,,OrderView,4283993,1,abandoned,305152,,,305152,Low-Cross-Multiplicity,39112,39112,OrderItemView,ProductView,36,0,never_instantiated,0,,,,,0,0,ProductView,CategoryView,2,0,never_instantiated,0,,,,,0,0,,,,,,,,,,,,,,,,,,,,,,,,,,,,,,,,,,,,,,,,,,,,,,,,,,,,,,,,,,,,,,,,,,,,,,,,,,,,,,,,,,,,,,,,,,,,,,,,,,,,,,,,,,,,,,,,,,,,,,,,,,,,,,,,,,,,,,,,,,,,,,,,
q07,3,13,1,1.44,,,773859,0,never_instantiated,0,,,,,0,0,,,291451,0,never_instantiated,0,,,,,0,0,OrderItemView,,1021443,0,never_instantiated,0,,,,,0,0,,,486168,0,never_instantiated,0,,,,,0,0,OrderView,CustomerView,800000,1,abandoned,325627,,,325627,High-Hotness,70955,70955,CreditCardView,,5,0,never_instantiated,0,,,,,0,0,,TaxRecordView,291451,0,never_instantiated,0,,,,,0,0,CustomerView,AddressView,800000,1,abandoned,303104,,,303104,Low-Cross-Multiplicity,100352,100352,,CategoryView,4,0,never_instantiated,0,,,,,0,0,,ProductView,19,0,never_instantiated,0,,,,,0,0,OrderItemView,,4301324,0,never_instantiated,0,,,,,0,0,OrderView,CustomerView,800000,1,abandoned,321536,,,321536,High-Hotness,72376,72376,,,,,,,,,,,,,,,,,,,,,,,,,,,,,,,,,,,,,,,,,,,,,,,,,,,,,,,,,,,,,,,,,,,,,,,,,,,,,,,,,,,,,,,,,,,,,,,,,,,,,,,,,,,,,,,,,,,,,,,,,,,,,,,,,,,,,,,,,,,,,,,,
q08,3,13,1,5.76,,,1690745,0,never_instantiated,0,,,,,0,0,,,2039783,0,never_instantiated,0,,,,,0,0,,,1727854,0,never_instantiated,0,,,,,0,0,,ProductView,36,0,never_instantiated,0,,,,,0,0,,OrderItemView,12855283,1,abandoned,323584,,,323584,Low-Cross-Multiplicity,86109,86109,OrderView,CreditCardView,2039783,0,never_instantiated,0,,,,,0,0,,,2039783,0,never_instantiated,0,,,,,0,0,,,2039783,0,never_instantiated,0,,,,,0,0,CreditCardView,,1586092,0,never_instantiated,0,,,,,0,0,CreditCardView,OrderView,3214641,0,never_instantiated,0,,,,,0,0,OrderItemView,,4593116,0,never_instantiated,0,,,,,0,0,OrderView,CreditCardView,2039783,0,never_instantiated,0,,,,,0,0,,TaxRecordView,800000,1,abandoned,309248,,,309248,High-Hotness,68191,68191,,AddressView,800000,1,abandoned,309248,,,309248,High-Hotness,68191,68191,,CustomerView,800000,1,abandoned,309248,,,309248,High-Hotness,68191,68191,OrderView,CreditCardView,2039783,0,never_instantiated,0,,,,,0,0,,CategoryView,9,0,never_instantiated,0,,,,,0,0,,ProductView,36,0,never_instantiated,0,,,,,0,0,OrderItemView,,4593116,0,never_instantiated,0,,,,,0,0,OrderView,CreditCardView,2039783,0,never_instantiated,0,,,,,0,0,,CategoryView,9,0,never_instantiated,0,,,,,0,0,,ProductView,35,0,never_instantiated,0,,,,,0,0,OrderItemView,,4593116,0,never_instantiated,0,,,,,0,0,OrderView,CreditCardView,2039783,0,never_instantiated,0,,,,,0,0
q01,3,14,1,0.61,OrderItemView,,4301324,0,never_instantiated,0,,,,,0,0,OrderView,,800000,0,never_instantiated,0,,,,,0,0,AddressView,CustomerView,800000,1,abandoned,307200,,,307200,Low-Cross-Multiplicity,100352,100352,,,,,,,,,,,,,,,,,,,,,,,,,,,,,,,,,,,,,,,,,,,,,,,,,,,,,,,,,,,,,,,,,,,,,,,,,,,,,,,,,,,,,,,,,,,,,,,,,,,,,,,,,,,,,,,,,,,,,,,,,,,,,,,,,,,,,,,,,,,,,,,,,,,,,,,,,,,,,,,,,,,,,,,,,,,,,,,,,,,,,,,,,,,,,,,,,,,,,,,,,,,,,,,,,,,,,,,,,,,,,,,,,,,,,,,,,,,,,,,,,,,,,,,,,,,,
q02,3,14,1,2.61,,,800000,0,never_instantiated,0,,,,,0,0,,,770796,0,never_instantiated,0,,,,,0,0,,,731189,0,never_instantiated,0,,,,,0,0,,,800000,0,never_instantiated,0,,,,,0,0,,,751547,0,never_instantiated,0,,,,,0,0,,,402948,0,never_instantiated,0,,,,,0,0,CreditCardView,CustomerView,800000,1,abandoned,303104,,,303104,Low-Cross-Multiplicity,102400,102400,,TaxRecordView,402948,0,never_instantiated,0,,,,,0,0,AddressView,CustomerView,800000,1,abandoned,307200,,,307200,Low-Cross-Multiplicity,102400,102400,,CategoryView,2,0,never_instantiated,0,,,,,0,0,,ProductView,9,0,never_instantiated,0,,,,,0,0,OrderItemView,,4301324,0,never_instantiated,0,,,,,0,0,OrderView,CustomerView,800000,1,abandoned,331776,,,331776,High-Hotness,75045,75045,OrderView,CustomerView,800000,1,abandoned,313344,,,313344,High-Hotness,66798,66798,OrderItemView,,1835997,0,never_instantiated,0,,,,,0,0,OrderView,CustomerView,800000,0,never_instantiated,0,,,,,0,0,,CategoryView,3,0,never_instantiated,0,,,,,0,0,,ProductView,16,0,never_instantiated,0,,,,,0,0,OrderItemView,,4301324,0,never_instantiated,0,,,,,0,0,OrderView,CustomerView,800000,1,abandoned,325632,,,325632,High-Hotness,73631,73631,,CreditCardView,2039783,0,never_instantiated,0,,,,,0,0,OrderView,CustomerView,800000,1,abandoned,307200,,,307200,Low-Cross-Multiplicity,66893,66893,,,,,,,,,,,,,,,,,,,,,,,,
q03,3,14,1,1.26,,,800000,0,never_instantiated,0,,,,,0,0,,CategoryView,9,0,never_instantiated,0,,,,,0,0,,TaxRecordView,800000,1,abandoned,1118815,,,1118815,THC-Increases-Probe-Cost,126856,30032,,AddressView,800000,1,abandoned,1118815,,,1118815,THC-Increases-Probe-Cost,126912,30032,CustomerView,,3430857,0,never_instantiated,0,,,,,0,0,,ProductView,8,0,never_instantiated,0,,,,,0,0,,CreditCardView,1632147,0,never_instantiated,0,,,,,0,0,OrderItemView,OrderView,4283993,1,abandoned,301914,,,301914,Low-Cross-Multiplicity,75514,75514,CreditCardView,CustomerView,800000,1,abandoned,311296,,,311296,Low-Cross-Multiplicity,102400,102400,,,,,,,,,,,,,,,,,,,,,,,,,,,,,,,,,,,,,,,,,,,,,,,,,,,,,,,,,,,,,,,,,,,,,,,,,,,,,,,,,,,,,,,,,,,,,,,,,,,,,,,,,,,,,,,,,,,,,,,,,,,,,,,,,,,,,,,,,,,,,,,,,,,,,,,,,,,,,,,,,,,,,,,,,,,,,,,,,,,,
q04,3,14,1,4.36,,,9,0,never_instantiated,0,,,,,0,0,,,9,0,never_instantiated,0,,,,,0,0,,,9,0,never_instantiated,0,,,,,0,0,,,9,0,never_instantiated,0,,,,,0,0,,CreditCardView,2039783,0,never_instantiated,0,,,,,0,0,,OrderView,4283993,1,abandoned,315392,,,315392,Low-Cross-Multiplicity,39197,39197,OrderItemView,,36,0,never_instantiated,0,,,,,0,0,ProductView,CategoryView,9,0,never_instantiated,0,,,,,0,0,,TaxRecordView,800000,1,abandoned,317440,,,317440,Low-Cross-Multiplicity,31852,31852,,AddressView,800000,1,abandoned,319488,,,319488,Low-Cross-Multiplicity,31852,31852,,CustomerView,800000,1,abandoned,319488,,,319488,Low-Cross-Multiplicity,31852,31852,,OrderView,4283993,1,abandoned,317440,,,317440,Low-Cross-Multiplicity,39175,39175,OrderItemView,,36,0,never_instantiated,0,,,,,0,0,ProductView,CategoryView,9,0,never_instantiated,0,,,,,0,0,ProductView,CategoryView,9,0,never_instantiated,0,,,,,0,0,OrderItemView,,36,0,never_instantiated,0,,,,,0,0,ProductView,CategoryView,9,0,never_instantiated,0,,,,,0,0,,CreditCardView,2039783,0,never_instantiated,0,,,,,0,0,,OrderView,4283993,1,abandoned,315392,,,315392,Low-Cross-Multiplicity,39976,39976,OrderItemView,,36,0,never_instantiated,0,,,,,0,0,ProductView,CategoryView,9,0,never_instantiated,0,,,,,0,0,,,,,,,,,,,,,,,,,,,,,,,,,,,,,,,,,,,,
q05,3,14,1,1.11,,,73297,0,never_instantiated,0,,,,,0,0,,ProductView,36,0,never_instantiated,0,,,,,0,0,OrderItemView,,4301324,0,never_instantiated,0,,,,,0,0,OrderView,,800000,0,never_instantiated,0,,,,,0,0,TaxRecordView,AddressView,800000,1,abandoned,313344,,,313344,Low-Cross-Multiplicity,106496,106496,,,73297,0,never_instantiated,0,,,,,0,0,,CustomerView,800000,1,abandoned,309195,,,309195,Low-Cross-Multiplicity,106496,106496,TaxRecordView,AddressView,800000,1,abandoned,307147,,,307147,Low-Cross-Multiplicity,106496,106496,OrderView,,800000,0,never_instantiated,0,,,,,0,0,TaxRecordView,AddressView,800000,1,abandoned,311296,,,311296,High-Miss-Rate,100352,100352,,,,,,,,,,,,,,,,,,,,,,,,,,,,,,,,,,,,,,,,,,,,,,,,,,,,,,,,,,,,,,,,,,,,,,,,,,,,,,,,,,,,,,,,,,,,,,,,,,,,,,,,,,,,,,,,,,,,,,,,,,,,,,,,,,,,,,,,,,,,,,,,,,,,,,,,,,,,,,,,,,,,,,,,
q06,3,14,1,1.34,,,9,0,never_instantiated,0,,,,,0,0,,,36,0,never_instantiated,0,,,,,0,0,,,128389,0,never_instantiated,0,,,,,0,0,,OrderView,4283993,1,abandoned,317440,,,317440,Low-Cross-Multiplicity,40672,40672,OrderItemView,ProductView,36,0,never_instantiated,0,,,,,0,0,AddressView,,8,0,never_instantiated,0,,,,,0,0,ProductView,,36,0,never_instantiated,0,,,,,0,0,,CustomerView,800000,1,abandoned,309248,,,309248,Low-Cross-Multiplicity,31177,31177,,AddressView,800000,1,abandoned,307200,,,307200,Low-Cross-Multiplicity,31177,31177,,OrderView,4283993,1,abandoned,307200,,,307200,Low-Cross-Multiplicity,39127,39127,OrderItemView,ProductView,36,0,never_instantiated,0,,,,,0,0,ProductView,CategoryView,2,0,never_instantiated,0,,,,,0,0,,,,,,,,,,,,,,,,,,,,,,,,,,,,,,,,,,,,,,,,,,,,,,,,,,,,,,,,,,,,,,,,,,,,,,,,,,,,,,,,,,,,,,,,,,,,,,,,,,,,,,,,,,,,,,,,,,,,,,,,,,,,,,,,,,,,,,,,,,,,,,,,
q07,3,14,1,1.46,,,773859,0,never_instantiated,0,,,,,0,0,,,291451,0,never_instantiated,0,,,,,0,0,OrderItemView,,1021443,0,never_instantiated,0,,,,,0,0,,,486168,0,never_instantiated,0,,,,,0,0,OrderView,CustomerView,800000,1,abandoned,315387,,,315387,High-Hotness,66801,66801,CreditCardView,,5,0,never_instantiated,0,,,,,0,0,,TaxRecordView,291451,0,never_instantiated,0,,,,,0,0,CustomerView,AddressView,800000,1,abandoned,307200,,,307200,Low-Cross-Multiplicity,102400,102400,,CategoryView,4,0,never_instantiated,0,,,,,0,0,,ProductView,19,0,never_instantiated,0,,,,,0,0,OrderItemView,,4301324,0,never_instantiated,0,,,,,0,0,OrderView,CustomerView,800000,1,abandoned,317440,,,317440,Low-Cross-Multiplicity,71045,71045,,,,,,,,,,,,,,,,,,,,,,,,,,,,,,,,,,,,,,,,,,,,,,,,,,,,,,,,,,,,,,,,,,,,,,,,,,,,,,,,,,,,,,,,,,,,,,,,,,,,,,,,,,,,,,,,,,,,,,,,,,,,,,,,,,,,,,,,,,,,,,,,
q08,3,14,1,5.74,,,1690745,0,never_instantiated,0,,,,,0,0,,,2039783,0,never_instantiated,0,,,,,0,0,,,1727854,0,never_instantiated,0,,,,,0,0,,ProductView,36,0,never_instantiated,0,,,,,0,0,,OrderItemView,12855283,1,abandoned,311296,,,311296,Low-Cross-Multiplicity,87861,87861,OrderView,CreditCardView,2039783,0,never_instantiated,0,,,,,0,0,,,2039783,0,never_instantiated,0,,,,,0,0,,,2039783,0,never_instantiated,0,,,,,0,0,CreditCardView,,1586092,0,never_instantiated,0,,,,,0,0,CreditCardView,OrderView,3214641,0,never_instantiated,0,,,,,0,0,OrderItemView,,4593116,0,never_instantiated,0,,,,,0,0,OrderView,CreditCardView,2039783,0,never_instantiated,0,,,,,0,0,,TaxRecordView,800000,1,abandoned,313344,,,313344,High-Hotness,68223,68223,,AddressView,800000,1,abandoned,311296,,,311296,High-Hotness,68223,68223,,CustomerView,800000,1,abandoned,313344,,,313344,High-Hotness,68223,68223,OrderView,CreditCardView,2039783,0,never_instantiated,0,,,,,0,0,,CategoryView,9,0,never_instantiated,0,,,,,0,0,,ProductView,36,0,never_instantiated,0,,,,,0,0,OrderItemView,,4593116,0,never_instantiated,0,,,,,0,0,OrderView,CreditCardView,2039783,0,never_instantiated,0,,,,,0,0,,CategoryView,9,0,never_instantiated,0,,,,,0,0,,ProductView,35,0,never_instantiated,0,,,,,0,0,OrderItemView,,4593116,0,never_instantiated,0,,,,,0,0,OrderView,CreditCardView,2039783,0,never_instantiated,0,,,,,0,0
q01,3,15,1,0.62,OrderItemView,,4301324,0,never_instantiated,0,,,,,0,0,OrderView,,800000,0,never_instantiated,0,,,,,0,0,AddressView,CustomerView,800000,1,abandoned,311296,,,311296,Low-Cross-Multiplicity,104448,104448,,,,,,,,,,,,,,,,,,,,,,,,,,,,,,,,,,,,,,,,,,,,,,,,,,,,,,,,,,,,,,,,,,,,,,,,,,,,,,,,,,,,,,,,,,,,,,,,,,,,,,,,,,,,,,,,,,,,,,,,,,,,,,,,,,,,,,,,,,,,,,,,,,,,,,,,,,,,,,,,,,,,,,,,,,,,,,,,,,,,,,,,,,,,,,,,,,,,,,,,,,,,,,,,,,,,,,,,,,,,,,,,,,,,,,,,,,,,,,,,,,,,,,,,,,,,
q02,3,15,1,2.60,,,800000,0,never_instantiated,0,,,,,0,0,,,770796,0,never_instantiated,0,,,,,0,0,,,731189,0,never_instantiated,0,,,,,0,0,,,800000,0,never_instantiated,0,,,,,0,0,,,751547,0,never_instantiated,0,,,,,0,0,,,402948,0,never_instantiated,0,,,,,0,0,CreditCardView,CustomerView,800000,1,abandoned,307200,,,307200,Low-Cross-Multiplicity,102400,102400,,TaxRecordView,402948,0,never_instantiated,0,,,,,0,0,AddressView,CustomerView,800000,1,abandoned,309248,,,309248,Low-Cross-Multiplicity,102400,102400,,CategoryView,2,0,never_instantiated,0,,,,,0,0,,ProductView,9,0,never_instantiated,0,,,,,0,0,OrderItemView,,4301324,0,never_instantiated,0,,,,,0,0,OrderView,CustomerView,800000,1,abandoned,317440,,,317440,High-Hotness,75030,75030,OrderView,CustomerView,800000,1,abandoned,329728,,,329728,High-Hotness,73712,73712,OrderItemView,,1835997,0,never_instantiated,0,,,,,0,0,OrderView,CustomerView,800000,0,never_instantiated,0,,,,,0,0,,CategoryView,3,0,never_instantiated,0,,,,,0,0,,ProductView,16,0,never_instantiated,0,,,,,0,0,OrderItemView,,4301324,0,never_instantiated,0,,,,,0,0,OrderView,CustomerView,800000,1,abandoned,309248,,,309248,High-Hotness,66814,66814,,CreditCardView,2039783,0,never_instantiated,0,,,,,0,0,OrderView,CustomerView,800000,1,abandoned,313344,,,313344,Low-Cross-Multiplicity,69740,69740,,,,,,,,,,,,,,,,,,,,,,,,
q03,3,15,1,1.33,,,800000,0,never_instantiated,0,,,,,0,0,,CategoryView,9,0,never_instantiated,0,,,,,0,0,,TaxRecordView,800000,1,abandoned,1123600,,,1123600,THC-Increases-Probe-Cost,127294,29629,,AddressView,800000,1,abandoned,1126867,,,1126867,THC-Increases-Probe-Cost,130587,29629,CustomerView,,3430857,0,never_instantiated,0,,,,,0,0,CreditCardView,,4287481,0,never_instantiated,0,,,,,0,0,,ProductView,8,0,never_instantiated,0,,,,,0,0,OrderItemView,OrderView,4283993,1,abandoned,301783,,,301783,Low-Cross-Multiplicity,75797,75797,CreditCardView,CustomerView,800000,1,abandoned,315392,,,315392,Low-Cross-Multiplicity,102400,102400,,,,,,,,,,,,,,,,,,,,,,,,,,,,,,,,,,,,,,,,,,,,,,,,,,,,,,,,,,,,,,,,,,,,,,,,,,,,,,,,,,,,,,,,,,,,,,,,,,,,,,,,,,,,,,,,,,,,,,,,,,,,,,,,,,,,,,,,,,,,,,,,,,,,,,,,,,,,,,,,,,,,,,,,,,,,,,,,,,,,
q04,3,15,1,4.30,,,9,0,never_instantiated,0,,,,,0,0,,,9,0,never_instantiated,0,,,,,0,0,,,9,0,never_instantiated,0,,,,,0,0,,,9,0,never_instantiated,0,,,,,0,0,,CreditCardView,2039783,0,never_instantiated,0,,,,,0,0,,OrderView,4283993,1,abandoned,301056,,,301056,Low-Cross-Multiplicity,37613,37613,OrderItemView,,36,0,never_instantiated,0,,,,,0,0,ProductView,CategoryView,9,0,never_instantiated,0,,,,,0,0,,TaxRecordView,800000,1,abandoned,315392,,,315392,Low-Cross-Multiplicity,33706,33706,,AddressView,800000,1,abandoned,315392,,,315392,Low-Cross-Multiplicity,33706,33706,,CustomerView,800000,1,abandoned,313344,,,313344,Low-Cross-Multiplicity,33706,33706,,OrderView,4283993,1,abandoned,313344,,,313344,Low-Cross-Multiplicity,41465,41465,OrderItemView,,36,0,never_instantiated,0,,,,,0,0,ProductView,CategoryView,9,0,never_instantiated,0,,,,,0,0,ProductView,CategoryView,9,0,never_instantiated,0,,,,,0,0,OrderItemView,,36,0,never_instantiated,0,,,,,0,0,ProductView,CategoryView,9,0,never_instantiated,0,,,,,0,0,,CreditCardView,2039783,0,never_instantiated,0,,,,,0,0,,OrderView,4283993,1,abandoned,305152,,,305152,Low-Cross-Multiplicity,38374,38374,OrderItemView,,36,0,never_instantiated,0,,,,,0,0,ProductView,CategoryView,9,0,never_instantiated,0,,,,,0,0,,,,,,,,,,,,,,,,,,,,,,,,,,,,,,,,,,,,
q05,3,15,1,1.09,,,73297,0,never_instantiated,0,,,,,0,0,,ProductView,36,0,never_instantiated,0,,,,,0,0,OrderItemView,,4301324,0,never_instantiated,0,,,,,0,0,OrderView,,800000,0,never_instantiated,0,,,,,0,0,TaxRecordView,AddressView,800000,1,abandoned,311296,,,311296,High-Miss-Rate,102400,102400,,,73297,0,never_instantiated,0,,,,,0,0,,CustomerView,800000,1,abandoned,311243,,,311243,Low-Cross-Multiplicity,102400,102400,TaxRecordView,AddressView,800000,1,abandoned,311243,,,311243,Low-Cross-Multiplicity,102400,102400,OrderView,,800000,0,never_instantiated,0,,,,,0,0,TaxRecordView,AddressView,800000,1,abandoned,311296,,,311296,Low-Cross-Multiplicity,100352,100352,,,,,,,,,,,,,,,,,,,,,,,,,,,,,,,,,,,,,,,,,,,,,,,,,,,,,,,,,,,,,,,,,,,,,,,,,,,,,,,,,,,,,,,,,,,,,,,,,,,,,,,,,,,,,,,,,,,,,,,,,,,,,,,,,,,,,,,,,,,,,,,,,,,,,,,,,,,,,,,,,,,,,,,,
q06,3,15,1,1.31,,,9,0,never_instantiated,0,,,,,0,0,,,36,0,never_instantiated,0,,,,,0,0,,,128389,0,never_instantiated,0,,,,,0,0,,OrderView,4283993,1,abandoned,311296,,,311296,Low-Cross-Multiplicity,37675,37675,OrderItemView,ProductView,36,0,never_instantiated,0,,,,,0,0,AddressView,,8,0,never_instantiated,0,,,,,0,0,ProductView,,36,0,never_instantiated,0,,,,,0,0,,CustomerView,800000,1,abandoned,311296,,,311296,Low-Cross-Multiplicity,30541,30541,,AddressView,800000,1,abandoned,309248,,,309248,Low-Cross-Multiplicity,30541,30541,,OrderView,4283993,1,abandoned,313344,,,313344,Low-Cross-Multiplicity,39144,39144,OrderItemView,ProductView,36,0,never_instantiated,0,,,,,0,0,ProductView,CategoryView,2,0,never_instantiated,0,,,,,0,0,,,,,,,,,,,,,,,,,,,,,,,,,,,,,,,,,,,,,,,,,,,,,,,,,,,,,,,,,,,,,,,,,,,,,,,,,,,,,,,,,,,,,,,,,,,,,,,,,,,,,,,,,,,,,,,,,,,,,,,,,,,,,,,,,,,,,,,,,,,,,,,,
q07,3,15,1,1.48,,,773859,0,never_instantiated,0,,,,,0,0,,,291451,0,never_instantiated,0,,,,,0,0,OrderItemView,,1021443,0,never_instantiated,0,,,,,0,0,,,486168,0,never_instantiated,0,,,,,0,0,OrderView,CustomerView,800000,1,abandoned,313339,,,313339,High-Hotness,68164,68164,CreditCardView,,5,0,never_instantiated,0,,,,,0,0,,TaxRecordView,291451,0,never_instantiated,0,,,,,0,0,CustomerView,AddressView,800000,1,abandoned,303104,,,303104,Low-Cross-Multiplicity,100352,100352,,CategoryView,4,0,never_instantiated,0,,,,,0,0,,ProductView,19,0,never_instantiated,0,,,,,0,0,OrderItemView,,4301324,0,never_instantiated,0,,,,,0,0,OrderView,CustomerView,800000,1,abandoned,317440,,,317440,Low-Cross-Multiplicity,68259,68259,,,,,,,,,,,,,,,,,,,,,,,,,,,,,,,,,,,,,,,,,,,,,,,,,,,,,,,,,,,,,,,,,,,,,,,,,,,,,,,,,,,,,,,,,,,,,,,,,,,,,,,,,,,,,,,,,,,,,,,,,,,,,,,,,,,,,,,,,,,,,,,,
q08,3,15,1,5.83,,,1690745,0,never_instantiated,0,,,,,0,0,,,2039783,0,never_instantiated,0,,,,,0,0,,,1727854,0,never_instantiated,0,,,,,0,0,,ProductView,36,0,never_instantiated,0,,,,,0,0,,OrderItemView,12855283,1,abandoned,317440,,,317440,Low-Cross-Multiplicity,86104,86104,OrderView,CreditCardView,2039783,0,never_instantiated,0,,,,,0,0,,,2039783,0,never_instantiated,0,,,,,0,0,,,2039783,0,never_instantiated,0,,,,,0,0,CreditCardView,,1586092,0,never_instantiated,0,,,,,0,0,CreditCardView,OrderView,3214641,0,never_instantiated,0,,,,,0,0,OrderItemView,,4593116,0,never_instantiated,0,,,,,0,0,OrderView,CreditCardView,2039783,0,never_instantiated,0,,,,,0,0,,TaxRecordView,800000,1,abandoned,319488,,,319488,High-Hotness,68172,68172,,AddressView,800000,1,abandoned,315392,,,315392,High-Hotness,68172,68172,,CustomerView,800000,1,abandoned,315392,,,315392,High-Hotness,68172,68172,OrderView,CreditCardView,2039783,0,never_instantiated,0,,,,,0,0,,CategoryView,9,0,never_instantiated,0,,,,,0,0,,ProductView,36,0,never_instantiated,0,,,,,0,0,OrderItemView,,4593116,0,never_instantiated,0,,,,,0,0,OrderView,CreditCardView,2039783,0,never_instantiated,0,,,,,0,0,,CategoryView,9,0,never_instantiated,0,,,,,0,0,,ProductView,35,0,never_instantiated,0,,,,,0,0,OrderItemView,,4593116,0,never_instantiated,0,,,,,0,0,OrderView,CreditCardView,2039783,0,never_instantiated,0,,,,,0,0
q01,3,16,1,0.63,OrderItemView,,4301324,0,never_instantiated,0,,,,,0,0,OrderView,,800000,0,never_instantiated,0,,,,,0,0,AddressView,CustomerView,800000,1,abandoned,307200,,,307200,Low-Cross-Multiplicity,102400,102400,,,,,,,,,,,,,,,,,,,,,,,,,,,,,,,,,,,,,,,,,,,,,,,,,,,,,,,,,,,,,,,,,,,,,,,,,,,,,,,,,,,,,,,,,,,,,,,,,,,,,,,,,,,,,,,,,,,,,,,,,,,,,,,,,,,,,,,,,,,,,,,,,,,,,,,,,,,,,,,,,,,,,,,,,,,,,,,,,,,,,,,,,,,,,,,,,,,,,,,,,,,,,,,,,,,,,,,,,,,,,,,,,,,,,,,,,,,,,,,,,,,,,,,,,,,,
q02,3,16,1,2.61,,,800000,0,never_instantiated,0,,,,,0,0,,,770796,0,never_instantiated,0,,,,,0,0,,,731189,0,never_instantiated,0,,,,,0,0,,,800000,0,never_instantiated,0,,,,,0,0,,,751547,0,never_instantiated,0,,,,,0,0,,,402948,0,never_instantiated,0,,,,,0,0,CreditCardView,CustomerView,800000,1,abandoned,305152,,,305152,Low-Cross-Multiplicity,102400,102400,,TaxRecordView,402948,0,never_instantiated,0,,,,,0,0,AddressView,CustomerView,800000,1,abandoned,307200,,,307200,Low-Cross-Multiplicity,100352,100352,,CategoryView,2,0,never_instantiated,0,,,,,0,0,,ProductView,9,0,never_instantiated,0,,,,,0,0,OrderItemView,,4301324,0,never_instantiated,0,,,,,0,0,OrderView,CustomerView,800000,1,abandoned,333824,,,333824,High-Hotness,76432,76432,OrderView,CustomerView,800000,1,abandoned,335872,,,335872,High-Hotness,75043,75043,OrderItemView,,1835997,0,never_instantiated,0,,,,,0,0,OrderView,CustomerView,800000,0,never_instantiated,0,,,,,0,0,,CategoryView,3,0,never_instantiated,0,,,,,0,0,,ProductView,16,0,never_instantiated,0,,,,,0,0,OrderItemView,,4301324,0,never_instantiated,0,,,,,0,0,OrderView,CustomerView,800000,1,abandoned,315392,,,315392,High-Hotness,70894,70894,,CreditCardView,2039783,0,never_instantiated,0,,,,,0,0,OrderView,CustomerView,800000,1,abandoned,305152,,,305152,Low-Cross-Multiplicity,66810,66810,,,,,,,,,,,,,,,,,,,,,,,,
q03,3,16,1,1.26,,,800000,0,never_instantiated,0,,,,,0,0,,CategoryView,9,0,never_instantiated,0,,,,,0,0,,TaxRecordView,800000,1,abandoned,1125485,,,1125485,THC-Increases-Probe-Cost,137894,29667,,AddressView,800000,1,abandoned,1125485,,,1125485,THC-Increases-Probe-Cost,138150,29667,CustomerView,,3430857,0,never_instantiated,0,,,,,0,0,,ProductView,8,0,never_instantiated,0,,,,,0,0,,CreditCardView,1632147,0,never_instantiated,0,,,,,0,0,OrderItemView,OrderView,4283993,1,abandoned,301755,,,301755,Low-Cross-Multiplicity,75475,75475,CreditCardView,CustomerView,800000,1,abandoned,313344,,,313344,Low-Cross-Multiplicity,108544,108544,,,,,,,,,,,,,,,,,,,,,,,,,,,,,,,,,,,,,,,,,,,,,,,,,,,,,,,,,,,,,,,,,,,,,,,,,,,,,,,,,,,,,,,,,,,,,,,,,,,,,,,,,,,,,,,,,,,,,,,,,,,,,,,,,,,,,,,,,,,,,,,,,,,,,,,,,,,,,,,,,,,,,,,,,,,,,,,,,,,,
q04,3,16,1,4.32,,,9,0,never_instantiated,0,,,,,0,0,,,9,0,never_instantiated,0,,,,,0,0,,,9,0,never_instantiated,0,,,,,0,0,,,9,0,never_instantiated,0,,,,,0,0,,CreditCardView,2039783,0,never_instantiated,0,,,,,0,0,,OrderView,4283993,1,abandoned,313344,,,313344,Low-Cross-Multiplicity,37648,37648,OrderItemView,,36,0,never_instantiated,0,,,,,0,0,ProductView,CategoryView,9,0,never_instantiated,0,,,,,0,0,,TaxRecordView,800000,1,abandoned,307200,,,307200,Low-Cross-Multiplicity,31252,31252,,AddressView,800000,1,abandoned,307200,,,307200,Low-Cross-Multiplicity,31252,31252,,CustomerView,800000,1,abandoned,307200,,,307200,Low-Cross-Multiplicity,31252,31252,,OrderView,4283993,1,abandoned,309248,,,309248,Low-Cross-Multiplicity,39196,39196,OrderItemView,,36,0,never_instantiated,0,,,,,0,0,ProductView,CategoryView,9,0,never_instantiated,0,,,,,0,0,ProductView,CategoryView,9,0,never_instantiated,0,,,,,0,0,OrderItemView,,36,0,never_instantiated,0,,,,,0,0,ProductView,CategoryView,9,0,never_instantiated,0,,,,,0,0,,CreditCardView,2039783,0,never_instantiated,0,,,,,0,0,,OrderView,4283993,1,abandoned,313344,,,313344,Low-Cross-Multiplicity,40677,40677,OrderItemView,,36,0,never_instantiated,0,,,,,0,0,ProductView,CategoryView,9,0,never_instantiated,0,,,,,0,0,,,,,,,,,,,,,,,,,,,,,,,,,,,,,,,,,,,,
q05,3,16,1,1.11,,,73297,0,never_instantiated,0,,,,,0,0,,ProductView,36,0,never_instantiated,0,,,,,0,0,OrderItemView,,4301324,0,never_instantiated,0,,,,,0,0,OrderView,,800000,0,never_instantiated,0,,,,,0,0,TaxRecordView,AddressView,800000,1,abandoned,307200,,,307200,Low-Cross-Multiplicity,102400,102400,,,73297,0,never_instantiated,0,,,,,0,0,,CustomerView,800000,1,abandoned,311243,,,311243,Low-Cross-Multiplicity,108544,108544,TaxRecordView,AddressView,800000,1,abandoned,311243,,,311243,Low-Cross-Multiplicity,108544,108544,OrderView,,800000,0,never_instantiated,0,,,,,0,0,TaxRecordView,AddressView,800000,1,abandoned,309248,,,309248,Low-Cross-Multiplicity,100352,100352,,,,,,,,,,,,,,,,,,,,,,,,,,,,,,,,,,,,,,,,,,,,,,,,,,,,,,,,,,,,,,,,,,,,,,,,,,,,,,,,,,,,,,,,,,,,,,,,,,,,,,,,,,,,,,,,,,,,,,,,,,,,,,,,,,,,,,,,,,,,,,,,,,,,,,,,,,,,,,,,,,,,,,,,
q06,3,16,1,1.36,,,9,0,never_instantiated,0,,,,,0,0,,,36,0,never_instantiated,0,,,,,0,0,,,128389,0,never_instantiated,0,,,,,0,0,,OrderView,4283993,1,abandoned,313344,,,313344,Low-Cross-Multiplicity,39166,39166,OrderItemView,ProductView,36,0,never_instantiated,0,,,,,0,0,AddressView,,8,0,never_instantiated,0,,,,,0,0,ProductView,,36,0,never_instantiated,0,,,,,0,0,,CustomerView,800000,1,abandoned,309248,,,309248,Low-Cross-Multiplicity,31182,31182,,AddressView,800000,1,abandoned,309248,,,309248,Low-Cross-Multiplicity,31182,31182,,OrderView,4283993,1,abandoned,307200,,,307200,Low-Cross-Multiplicity,39112,39112,OrderItemView,ProductView,36,0,never_instantiated,0,,,,,0,0,ProductView,CategoryView,2,0,never_instantiated,0,,,,,0,0,,,,,,,,,,,,,,,,,,,,,,,,,,,,,,,,,,,,,,,,,,,,,,,,,,,,,,,,,,,,,,,,,,,,,,,,,,,,,,,,,,,,,,,,,,,,,,,,,,,,,,,,,,,,,,,,,,,,,,,,,,,,,,,,,,,,,,,,,,,,,,,,
q07,3,16,1,1.46,,,773859,0,never_instantiated,0,,,,,0,0,,,291451,0,never_instantiated,0,,,,,0,0,OrderItemView,,1021443,0,never_instantiated,0,,,,,0,0,,,486168,0,never_instantiated,0,,,,,0,0,OrderView,CustomerView,800000,1,abandoned,313339,,,313339,High-Hotness,66823,66823,CreditCardView,,5,0,never_instantiated,0,,,,,0,0,,TaxRecordView,291451,0,never_instantiated,0,,,,,0,0,CustomerView,AddressView,800000,1,abandoned,311296,,,311296,Low-Cross-Multiplicity,104448,104448,,CategoryView,4,0,never_instantiated,0,,,,,0,0,,ProductView,19,0,never_instantiated,0,,,,,0,0,OrderItemView,,4301324,0,never_instantiated,0,,,,,0,0,OrderView,CustomerView,800000,1,abandoned,321536,,,321536,High-Hotness,73638,73638,,,,,,,,,,,,,,,,,,,,,,,,,,,,,,,,,,,,,,,,,,,,,,,,,,,,,,,,,,,,,,,,,,,,,,,,,,,,,,,,,,,,,,,,,,,,,,,,,,,,,,,,,,,,,,,,,,,,,,,,,,,,,,,,,,,,,,,,,,,,,,,,
q08,3,16,1,5.80,,,1690745,0,never_instantiated,0,,,,,0,0,,,2039783,0,never_instantiated,0,,,,,0,0,,,1727854,0,never_instantiated,0,,,,,0,0,,ProductView,36,0,never_instantiated,0,,,,,0,0,,OrderItemView,12855283,1,abandoned,323584,,,323584,Low-Cross-Multiplicity,86121,86121,OrderView,CreditCardView,2039783,0,never_instantiated,0,,,,,0,0,,,2039783,0,never_instantiated,0,,,,,0,0,,,2039783,0,never_instantiated,0,,,,,0,0,CreditCardView,,1586092,0,never_instantiated,0,,,,,0,0,CreditCardView,OrderView,3214641,0,never_instantiated,0,,,,,0,0,OrderItemView,,4593116,0,never_instantiated,0,,,,,0,0,OrderView,CreditCardView,2039783,0,never_instantiated,0,,,,,0,0,,TaxRecordView,800000,1,abandoned,317440,,,317440,High-Hotness,69550,69550,,AddressView,800000,1,abandoned,317440,,,317440,High-Hotness,69550,69550,,CustomerView,800000,1,abandoned,317440,,,317440,High-Hotness,69550,69550,OrderView,CreditCardView,2039783,0,never_instantiated,0,,,,,0,0,,CategoryView,9,0,never_instantiated,0,,,,,0,0,,ProductView,36,0,never_instantiated,0,,,,,0,0,OrderItemView,,4593116,0,never_instantiated,0,,,,,0,0,OrderView,CreditCardView,2039783,0,never_instantiated,0,,,,,0,0,,CategoryView,9,0,never_instantiated,0,,,,,0,0,,ProductView,35,0,never_instantiated,0,,,,,0,0,OrderItemView,,4593116,0,never_instantiated,0,,,,,0,0,OrderView,CreditCardView,2039783,0,never_instantiated,0,,,,,0,0
q01,3,17,1,0.61,OrderItemView,,4301324,0,never_instantiated,0,,,,,0,0,OrderView,,800000,0,never_instantiated,0,,,,,0,0,AddressView,CustomerView,800000,1,abandoned,309248,,,309248,Low-Cross-Multiplicity,102400,102400,,,,,,,,,,,,,,,,,,,,,,,,,,,,,,,,,,,,,,,,,,,,,,,,,,,,,,,,,,,,,,,,,,,,,,,,,,,,,,,,,,,,,,,,,,,,,,,,,,,,,,,,,,,,,,,,,,,,,,,,,,,,,,,,,,,,,,,,,,,,,,,,,,,,,,,,,,,,,,,,,,,,,,,,,,,,,,,,,,,,,,,,,,,,,,,,,,,,,,,,,,,,,,,,,,,,,,,,,,,,,,,,,,,,,,,,,,,,,,,,,,,,,,,,,,,,
q02,3,17,1,2.65,,,800000,0,never_instantiated,0,,,,,0,0,,,770796,0,never_instantiated,0,,,,,0,0,,,731189,0,never_instantiated,0,,,,,0,0,,,800000,0,never_instantiated,0,,,,,0,0,,,751547,0,never_instantiated,0,,,,,0,0,,,402948,0,never_instantiated,0,,,,,0,0,CreditCardView,CustomerView,800000,1,abandoned,301056,,,301056,Low-Cross-Multiplicity,100352,100352,,TaxRecordView,402948,0,never_instantiated,0,,,,,0,0,AddressView,CustomerView,800000,1,abandoned,309248,,,309248,Low-Cross-Multiplicity,100352,100352,,CategoryView,2,0,never_instantiated,0,,,,,0,0,,ProductView,9,0,never_instantiated,0,,,,,0,0,OrderItemView,,4301324,0,never_instantiated,0,,,,,0,0,OrderView,CustomerView,800000,1,abandoned,333824,,,333824,High-Hotness,76432,76432,OrderView,CustomerView,800000,1,abandoned,319488,,,319488,High-Hotness,68187,68187,OrderItemView,,1835997,0,never_instantiated,0,,,,,0,0,OrderView,CustomerView,800000,0,never_instantiated,0,,,,,0,0,,CategoryView,3,0,never_instantiated,0,,,,,0,0,,ProductView,16,0,never_instantiated,0,,,,,0,0,OrderItemView,,4301324,0,never_instantiated,0,,,,,0,0,OrderView,CustomerView,800000,1,abandoned,323584,,,323584,High-Hotness,68172,68172,,CreditCardView,2039783,0,never_instantiated,0,,,,,0,0,OrderView,CustomerView,800000,1,abandoned,315392,,,315392,Low-Cross-Multiplicity,72395,72395,,,,,,,,,,,,,,,,,,,,,,,,
q03,3,17,1,1.34,,,800000,0,never_instantiated,0,,,,,0,0,,CategoryView,9,0,never_instantiated,0,,,,,0,0,,TaxRecordView,800000,1,abandoned,1125671,,,1125671,THC-Increases-Probe-Cost,127271,29644,,AddressView,800000,1,abandoned,1125671,,,1125671,THC-Increases-Probe-Cost,127271,29644,CustomerView,,3430857,0,never_instantiated,0,,,,,0,0,CreditCardView,,4287481,0,never_instantiated,0,,,,,0,0,,ProductView,8,0,never_instantiated,0,,,,,0,0,OrderItemView,OrderView,4283993,1,abandoned,301746,,,301746,Low-Cross-Multiplicity,74822,74822,CreditCardView,CustomerView,800000,1,abandoned,315392,,,315392,Low-Cross-Multiplicity,108544,108544,,,,,,,,,,,,,,,,,,,,,,,,,,,,,,,,,,,,,,,,,,,,,,,,,,,,,,,,,,,,,,,,,,,,,,,,,,,,,,,,,,,,,,,,,,,,,,,,,,,,,,,,,,,,,,,,,,,,,,,,,,,,,,,,,,,,,,,,,,,,,,,,,,,,,,,,,,,,,,,,,,,,,,,,,,,,,,,,,,,,
q04,3,17,1,4.34,,,9,0,never_instantiated,0,,,,,0,0,,,9,0,never_instantiated,0,,,,,0,0,,,9,0,never_instantiated,0,,,,,0,0,,,9,0,never_instantiated,0,,,,,0,0,,CreditCardView,2039783,0,never_instantiated,0,,,,,0,0,,OrderView,4283993,1,abandoned,307200,,,307200,Low-Cross-Multiplicity,38465,38465,OrderItemView,,36,0,never_instantiated,0,,,,,0,0,ProductView,CategoryView,9,0,never_instantiated,0,,,,,0,0,,TaxRecordView,800000,1,abandoned,309248,,,309248,Low-Cross-Multiplicity,33055,33055,,AddressView,800000,1,abandoned,309248,,,309248,Low-Cross-Multiplicity,33055,33055,,CustomerView,800000,1,abandoned,309248,,,309248,Low-Cross-Multiplicity,33055,33055,,OrderView,4283993,1,abandoned,311296,,,311296,Low-Cross-Multiplicity,41455,41455,OrderItemView,,36,0,never_instantiated,0,,,,,0,0,ProductView,CategoryView,9,0,never_instantiated,0,,,,,0,0,ProductView,CategoryView,9,0,never_instantiated,0,,,,,0,0,OrderItemView,,36,0,never_instantiated,0,,,,,0,0,ProductView,CategoryView,9,0,never_instantiated,0,,,,,0,0,,CreditCardView,2039783,0,never_instantiated,0,,,,,0,0,,OrderView,4283993,1,abandoned,309248,,,309248,Low-Cross-Multiplicity,39153,39153,OrderItemView,,36,0,never_instantiated,0,,,,,0,0,ProductView,CategoryView,9,0,never_instantiated,0,,,,,0,0,,,,,,,,,,,,,,,,,,,,,,,,,,,,,,,,,,,,
q05,3,17,1,1.12,,,73297,0,never_instantiated,0,,,,,0,0,,ProductView,36,0,never_instantiated,0,,,,,0,0,OrderItemView,,4301324,0,never_instantiated,0,,,,,0,0,OrderView,,800000,0,never_instantiated,0,,,,,0,0,TaxRecordView,AddressView,800000,1,abandoned,311296,,,311296,High-Miss-Rate,102400,102400,,,73297,0,never_instantiated,0,,,,,0,0,,CustomerView,800000,1,abandoned,313291,,,313291,Low-Cross-Multiplicity,106496,106496,TaxRecordView,AddressView,800000,1,abandoned,311243,,,311243,Low-Cross-Multiplicity,106496,106496,OrderView,,800000,0,never_instantiated,0,,,,,0,0,TaxRecordView,AddressView,800000,1,abandoned,311296,,,311296,Low-Cross-Multiplicity,100352,100352,,,,,,,,,,,,,,,,,,,,,,,,,,,,,,,,,,,,,,,,,,,,,,,,,,,,,,,,,,,,,,,,,,,,,,,,,,,,,,,,,,,,,,,,,,,,,,,,,,,,,,,,,,,,,,,,,,,,,,,,,,,,,,,,,,,,,,,,,,,,,,,,,,,,,,,,,,,,,,,,,,,,,,,,
q06,3,17,1,1.33,,,9,0,never_instantiated,0,,,,,0,0,,,36,0,never_instantiated,0,,,,,0,0,,,128389,0,never_instantiated,0,,,,,0,0,,OrderView,4283993,1,abandoned,317440,,,317440,Low-Cross-Multiplicity,38444,38444,OrderItemView,ProductView,36,0,never_instantiated,0,,,,,0,0,AddressView,,8,0,never_instantiated,0,,,,,0,0,ProductView,,36,0,never_instantiated,0,,,,,0,0,,CustomerView,800000,1,abandoned,303104,,,303104,Low-Cross-Multiplicity,31183,31183,,AddressView,800000,1,abandoned,303104,,,303104,Low-Cross-Multiplicity,31183,31183,,OrderView,4283993,1,abandoned,303104,,,303104,Low-Cross-Multiplicity,38357,38357,OrderItemView,ProductView,36,0,never_instantiated,0,,,,,0,0,ProductView,CategoryView,2,0,never_instantiated,0,,,,,0,0,,,,,,,,,,,,,,,,,,,,,,,,,,,,,,,,,,,,,,,,,,,,,,,,,,,,,,,,,,,,,,,,,,,,,,,,,,,,,,,,,,,,,,,,,,,,,,,,,,,,,,,,,,,,,,,,,,,,,,,,,,,,,,,,,,,,,,,,,,,,,,,,
q07,3,17,1,1.46,,,773859,0,never_instantiated,0,,,,,0,0,,,291451,0,never_instantiated,0,,,,,0,0,OrderItemView,,1021443,0,never_instantiated,0,,,,,0,0,,,486168,0,never_instantiated,0,,,,,0,0,OrderView,CustomerView,800000,1,abandoned,321531,,,321531,High-Hotness,66801,66801,CreditCardView,,5,0,never_instantiated,0,,,,,0,0,,TaxRecordView,291451,0,never_instantiated,0,,,,,0,0,CustomerView,AddressView,800000,1,abandoned,311296,,,311296,Low-Cross-Multiplicity,104448,104448,,CategoryView,4,0,never_instantiated,0,,,,,0,0,,ProductView,19,0,never_instantiated,0,,,,,0,0,OrderItemView,,4301324,0,never_instantiated,0,,,,,0,0,OrderView,CustomerView,800000,1,abandoned,319488,,,319488,Low-Cross-Multiplicity,69228,69228,,,,,,,,,,,,,,,,,,,,,,,,,,,,,,,,,,,,,,,,,,,,,,,,,,,,,,,,,,,,,,,,,,,,,,,,,,,,,,,,,,,,,,,,,,,,,,,,,,,,,,,,,,,,,,,,,,,,,,,,,,,,,,,,,,,,,,,,,,,,,,,,
q08,3,17,1,5.71,,,1690745,0,never_instantiated,0,,,,,0,0,,,2039783,0,never_instantiated,0,,,,,0,0,,,1727854,0,never_instantiated,0,,,,,0,0,,ProductView,36,0,never_instantiated,0,,,,,0,0,,OrderItemView,12855283,1,abandoned,305152,,,305152,Low-Cross-Multiplicity,87842,87842,OrderView,CreditCardView,2039783,0,never_instantiated,0,,,,,0,0,,,2039783,0,never_instantiated,0,,,,,0,0,,,2039783,0,never_instantiated,0,,,,,0,0,CreditCardView,,1586092,0,never_instantiated,0,,,,,0,0,CreditCardView,OrderView,3214641,0,never_instantiated,0,,,,,0,0,OrderItemView,,4593116,0,never_instantiated,0,,,,,0,0,OrderView,CreditCardView,2039783,0,never_instantiated,0,,,,,0,0,,TaxRecordView,800000,1,abandoned,313344,,,313344,High-Hotness,68171,68171,,AddressView,800000,1,abandoned,313344,,,313344,High-Hotness,68171,68171,,CustomerView,800000,1,abandoned,313344,,,313344,High-Hotness,68171,68171,OrderView,CreditCardView,2039783,0,never_instantiated,0,,,,,0,0,,CategoryView,9,0,never_instantiated,0,,,,,0,0,,ProductView,36,0,never_instantiated,0,,,,,0,0,OrderItemView,,4593116,0,never_instantiated,0,,,,,0,0,OrderView,CreditCardView,2039783,0,never_instantiated,0,,,,,0,0,,CategoryView,9,0,never_instantiated,0,,,,,0,0,,ProductView,35,0,never_instantiated,0,,,,,0,0,OrderItemView,,4593116,0,never_instantiated,0,,,,,0,0,OrderView,CreditCardView,2039783,0,never_instantiated,0,,,,,0,0
q01,3,18,1,0.63,OrderItemView,,4301324,0,never_instantiated,0,,,,,0,0,OrderView,,800000,0,never_instantiated,0,,,,,0,0,AddressView,CustomerView,800000,1,abandoned,307200,,,307200,Low-Cross-Multiplicity,102400,102400,,,,,,,,,,,,,,,,,,,,,,,,,,,,,,,,,,,,,,,,,,,,,,,,,,,,,,,,,,,,,,,,,,,,,,,,,,,,,,,,,,,,,,,,,,,,,,,,,,,,,,,,,,,,,,,,,,,,,,,,,,,,,,,,,,,,,,,,,,,,,,,,,,,,,,,,,,,,,,,,,,,,,,,,,,,,,,,,,,,,,,,,,,,,,,,,,,,,,,,,,,,,,,,,,,,,,,,,,,,,,,,,,,,,,,,,,,,,,,,,,,,,,,,,,,,,
q02,3,18,1,2.62,,,800000,0,never_instantiated,0,,,,,0,0,,,770796,0,never_instantiated,0,,,,,0,0,,,731189,0,never_instantiated,0,,,,,0,0,,,800000,0,never_instantiated,0,,,,,0,0,,,751547,0,never_instantiated,0,,,,,0,0,,,402948,0,never_instantiated,0,,,,,0,0,CreditCardView,CustomerView,800000,1,abandoned,315392,,,315392,Low-Cross-Multiplicity,102400,102400,,TaxRecordView,402948,0,never_instantiated,0,,,,,0,0,AddressView,CustomerView,800000,1,abandoned,311296,,,311296,Low-Cross-Multiplicity,102400,102400,,CategoryView,2,0,never_instantiated,0,,,,,0,0,,ProductView,9,0,never_instantiated,0,,,,,0,0,OrderItemView,,4301324,0,never_instantiated,0,,,,,0,0,OrderView,CustomerView,800000,1,abandoned,335872,,,335872,High-Hotness,76432,76432,OrderView,CustomerView,800000,1,abandoned,325632,,,325632,High-Hotness,72331,72331,OrderItemView,,1835997,0,never_instantiated,0,,,,,0,0,OrderView,CustomerView,800000,0,never_instantiated,0,,,,,0,0,,CategoryView,3,0,never_instantiated,0,,,,,0,0,,ProductView,16,0,never_instantiated,0,,,,,0,0,OrderItemView,,4301324,0,never_instantiated,0,,,,,0,0,OrderView,CustomerView,800000,1,abandoned,313344,,,313344,High-Hotness,70899,70899,,CreditCardView,2039783,0,never_instantiated,0,,,,,0,0,OrderView,CustomerView,800000,1,abandoned,305152,,,305152,Low-Cross-Multiplicity,67014,67014,,,,,,,,,,,,,,,,,,,,,,,,
q03,3,18,1,1.37,,,800000,0,never_instantiated,0,,,,,0,0,,CategoryView,9,0,never_instantiated,0,,,,,0,0,,TaxRecordView,800000,1,abandoned,1123039,,,1123039,THC-Increases-Probe-Cost,128463,29682,,AddressView,800000,1,abandoned,1123039,,,1123039,THC-Increases-Probe-Cost,129984,29682,CustomerView,,3430857,0,never_instantiated,0,,,,,0,0,CreditCardView,,4287481,0,never_instantiated,0,,,,,0,0,,ProductView,8,0,never_instantiated,0,,,,,0,0,OrderItemView,OrderView,4283993,1,abandoned,301280,,,301280,Low-Cross-Multiplicity,75420,75420,CreditCardView,CustomerView,800000,1,abandoned,313344,,,313344,Low-Cross-Multiplicity,104448,104448,,,,,,,,,,,,,,,,,,,,,,,,,,,,,,,,,,,,,,,,,,,,,,,,,,,,,,,,,,,,,,,,,,,,,,,,,,,,,,,,,,,,,,,,,,,,,,,,,,,,,,,,,,,,,,,,,,,,,,,,,,,,,,,,,,,,,,,,,,,,,,,,,,,,,,,,,,,,,,,,,,,,,,,,,,,,,,,,,,,,
q04,3,18,1,4.28,,,9,0,never_instantiated,0,,,,,0,0,,,9,0,never_instantiated,0,,,,,0,0,,,9,0,never_instantiated,0,,,,,0,0,,,9,0,never_instantiated,0,,,,,0,0,,CreditCardView,2039783,0,never_instantiated,0,,,,,0,0,,OrderView,4283993,1,abandoned,305152,,,305152,Low-Cross-Multiplicity,39179,39179,OrderItemView,,36,0,never_instantiated,0,,,,,0,0,ProductView,CategoryView,9,0,never_instantiated,0,,,,,0,0,,TaxRecordView,800000,1,abandoned,329728,,,329728,Low-Cross-Multiplicity,31250,31250,,AddressView,800000,1,abandoned,327680,,,327680,Low-Cross-Multiplicity,31250,31250,,CustomerView,800000,1,abandoned,325632,,,325632,Low-Cross-Multiplicity,31250,31250,,OrderView,4283993,1,abandoned,323584,,,323584,Low-Cross-Multiplicity,38417,38417,OrderItemView,,36,0,never_instantiated,0,,,,,0,0,ProductView,CategoryView,9,0,never_instantiated,0,,,,,0,0,ProductView,CategoryView,9,0,never_instantiated,0,,,,,0,0,OrderItemView,,36,0,never_instantiated,0,,,,,0,0,ProductView,CategoryView,9,0,never_instantiated,0,,,,,0,0,,CreditCardView,2039783,0,never_instantiated,0,,,,,0,0,,OrderView,4283993,1,abandoned,309248,,,309248,Low-Cross-Multiplicity,39916,39916,OrderItemView,,36,0,never_instantiated,0,,,,,0,0,ProductView,CategoryView,9,0,never_instantiated,0,,,,,0,0,,,,,,,,,,,,,,,,,,,,,,,,,,,,,,,,,,,,
q05,3,18,1,1.10,,,73297,0,never_instantiated,0,,,,,0,0,,ProductView,36,0,never_instantiated,0,,,,,0,0,OrderItemView,,4301324,0,never_instantiated,0,,,,,0,0,OrderView,,800000,0,never_instantiated,0,,,,,0,0,TaxRecordView,AddressView,800000,1,abandoned,307200,,,307200,Low-Cross-Multiplicity,100352,100352,,,73297,0,never_instantiated,0,,,,,0,0,,CustomerView,800000,1,abandoned,309195,,,309195,Low-Cross-Multiplicity,106496,106496,TaxRecordView,AddressView,800000,1,abandoned,309195,,,309195,Low-Cross-Multiplicity,106496,106496,OrderView,,800000,0,never_instantiated,0,,,,,0,0,TaxRecordView,AddressView,800000,1,abandoned,311296,,,311296,Low-Cross-Multiplicity,106496,106496,,,,,,,,,,,,,,,,,,,,,,,,,,,,,,,,,,,,,,,,,,,,,,,,,,,,,,,,,,,,,,,,,,,,,,,,,,,,,,,,,,,,,,,,,,,,,,,,,,,,,,,,,,,,,,,,,,,,,,,,,,,,,,,,,,,,,,,,,,,,,,,,,,,,,,,,,,,,,,,,,,,,,,,,
q06,3,18,1,1.35,,,9,0,never_instantiated,0,,,,,0,0,,,36,0,never_instantiated,0,,,,,0,0,,,128389,0,never_instantiated,0,,,,,0,0,,OrderView,4283993,1,abandoned,311296,,,311296,Low-Cross-Multiplicity,39970,39970,OrderItemView,ProductView,36,0,never_instantiated,0,,,,,0,0,AddressView,,8,0,never_instantiated,0,,,,,0,0,ProductView,,36,0,never_instantiated,0,,,,,0,0,,CustomerView,800000,1,abandoned,307200,,,307200,Low-Cross-Multiplicity,30546,30546,,AddressView,800000,1,abandoned,307200,,,307200,Low-Cross-Multiplicity,30546,30546,,OrderView,4283993,1,abandoned,303104,,,303104,Low-Cross-Multiplicity,37560,37560,OrderItemView,ProductView,36,0,never_instantiated,0,,,,,0,0,ProductView,CategoryView,2,0,never_instantiated,0,,,,,0,0,,,,,,,,,,,,,,,,,,,,,,,,,,,,,,,,,,,,,,,,,,,,,,,,,,,,,,,,,,,,,,,,,,,,,,,,,,,,,,,,,,,,,,,,,,,,,,,,,,,,,,,,,,,,,,,,,,,,,,,,,,,,,,,,,,,,,,,,,,,,,,,,
q07,3,18,1,1.45,,,773859,0,never_instantiated,0,,,,,0,0,,,291451,0,never_instantiated,0,,,,,0,0,OrderItemView,,1021443,0,never_instantiated,0,,,,,0,0,,,486168,0,never_instantiated,0,,,,,0,0,OrderView,CustomerView,800000,1,abandoned,317435,,,317435,High-Hotness,66823,66823,CreditCardView,,5,0,never_instantiated,0,,,,,0,0,,TaxRecordView,291451,0,never_instantiated,0,,,,,0,0,CustomerView,AddressView,800000,1,abandoned,309248,,,309248,Low-Cross-Multiplicity,104448,104448,,CategoryView,4,0,never_instantiated,0,,,,,0,0,,ProductView,19,0,never_instantiated,0,,,,,0,0,OrderItemView,,4301324,0,never_instantiated,0,,,,,0,0,OrderView,CustomerView,800000,1,abandoned,307200,,,307200,High-Hotness,67788,67788,,,,,,,,,,,,,,,,,,,,,,,,,,,,,,,,,,,,,,,,,,,,,,,,,,,,,,,,,,,,,,,,,,,,,,,,,,,,,,,,,,,,,,,,,,,,,,,,,,,,,,,,,,,,,,,,,,,,,,,,,,,,,,,,,,,,,,,,,,,,,,,,
q08,3,18,1,5.75,,,1690745,0,never_instantiated,0,,,,,0,0,,,2039783,0,never_instantiated,0,,,,,0,0,,,1727854,0,never_instantiated,0,,,,,0,0,,ProductView,36,0,never_instantiated,0,,,,,0,0,,OrderItemView,12855283,1,abandoned,325632,,,325632,Low-Cross-Multiplicity,86129,86129,OrderView,CreditCardView,2039783,0,never_instantiated,0,,,,,0,0,,,2039783,0,never_instantiated,0,,,,,0,0,,,2039783,0,never_instantiated,0,,,,,0,0,CreditCardView,,1586092,0,never_instantiated,0,,,,,0,0,CreditCardView,OrderView,3214641,0,never_instantiated,0,,,,,0,0,OrderItemView,,4593116,0,never_instantiated,0,,,,,0,0,OrderView,CreditCardView,2039783,0,never_instantiated,0,,,,,0,0,,TaxRecordView,800000,1,abandoned,311296,,,311296,High-Hotness,66479,66479,,AddressView,800000,1,abandoned,307200,,,307200,High-Hotness,66479,66479,,CustomerView,800000,1,abandoned,307200,,,307200,High-Hotness,66479,66479,OrderView,CreditCardView,2039783,0,never_instantiated,0,,,,,0,0,,CategoryView,9,0,never_instantiated,0,,,,,0,0,,ProductView,36,0,never_instantiated,0,,,,,0,0,OrderItemView,,4593116,0,never_instantiated,0,,,,,0,0,OrderView,CreditCardView,2039783,0,never_instantiated,0,,,,,0,0,,CategoryView,9,0,never_instantiated,0,,,,,0,0,,ProductView,35,0,never_instantiated,0,,,,,0,0,OrderItemView,,4593116,0,never_instantiated,0,,,,,0,0,OrderView,CreditCardView,2039783,0,never_instantiated,0,,,,,0,0
q01,3,19,1,0.61,OrderItemView,,4301324,0,never_instantiated,0,,,,,0,0,OrderView,,800000,0,never_instantiated,0,,,,,0,0,AddressView,CustomerView,800000,1,abandoned,307200,,,307200,Low-Cross-Multiplicity,100352,100352,,,,,,,,,,,,,,,,,,,,,,,,,,,,,,,,,,,,,,,,,,,,,,,,,,,,,,,,,,,,,,,,,,,,,,,,,,,,,,,,,,,,,,,,,,,,,,,,,,,,,,,,,,,,,,,,,,,,,,,,,,,,,,,,,,,,,,,,,,,,,,,,,,,,,,,,,,,,,,,,,,,,,,,,,,,,,,,,,,,,,,,,,,,,,,,,,,,,,,,,,,,,,,,,,,,,,,,,,,,,,,,,,,,,,,,,,,,,,,,,,,,,,,,,,,,,
q02,3,19,1,2.59,,,800000,0,never_instantiated,0,,,,,0,0,,,770796,0,never_instantiated,0,,,,,0,0,,,731189,0,never_instantiated,0,,,,,0,0,,,800000,0,never_instantiated,0,,,,,0,0,,,751547,0,never_instantiated,0,,,,,0,0,,,402948,0,never_instantiated,0,,,,,0,0,CreditCardView,CustomerView,800000,1,abandoned,301056,,,301056,Low-Cross-Multiplicity,100352,100352,,TaxRecordView,402948,0,never_instantiated,0,,,,,0,0,AddressView,CustomerView,800000,1,abandoned,313344,,,313344,Low-Cross-Multiplicity,100352,100352,,CategoryView,2,0,never_instantiated,0,,,,,0,0,,ProductView,9,0,never_instantiated,0,,,,,0,0,OrderItemView,,4301324,0,never_instantiated,0,,,,,0,0,OrderView,CustomerView,800000,1,abandoned,337920,,,337920,High-Hotness,76432,76432,OrderView,CustomerView,800000,1,abandoned,325632,,,325632,High-Hotness,75014,75014,OrderItemView,,1835997,0,never_instantiated,0,,,,,0,0,OrderView,CustomerView,800000,0,never_instantiated,0,,,,,0,0,,CategoryView,3,0,never_instantiated,0,,,,,0,0,,ProductView,16,0,never_instantiated,0,,,,,0,0,OrderItemView,,4301324,0,never_instantiated,0,,,,,0,0,OrderView,CustomerView,800000,1,abandoned,315392,,,315392,High-Hotness,69520,69520,,CreditCardView,2039783,0,never_instantiated,0,,,,,0,0,OrderView,CustomerView,800000,1,abandoned,305152,,,305152,High-Hotness,68182,68182,,,,,,,,,,,,,,,,,,,,,,,,
q03,3,19,1,1.33,,,800000,0,never_instantiated,0,,,,,0,0,,CategoryView,9,0,never_instantiated,0,,,,,0,0,,TaxRecordView,800000,1,abandoned,1127239,,,1127239,THC-Increases-Probe-Cost,128427,29682,,AddressView,800000,1,abandoned,1128984,,,1128984,THC-Increases-Probe-Cost,130057,29682,CustomerView,,3430857,0,never_instantiated,0,,,,,0,0,CreditCardView,,4287481,0,never_instantiated,0,,,,,0,0,,ProductView,8,0,never_instantiated,0,,,,,0,0,OrderItemView,OrderView,4283993,1,abandoned,302276,,,302276,Low-Cross-Multiplicity,75339,75339,CreditCardView,CustomerView,800000,1,abandoned,321536,,,321536,High-Miss-Rate,106496,106496,,,,,,,,,,,,,,,,,,,,,,,,,,,,,,,,,,,,,,,,,,,,,,,,,,,,,,,,,,,,,,,,,,,,,,,,,,,,,,,,,,,,,,,,,,,,,,,,,,,,,,,,,,,,,,,,,,,,,,,,,,,,,,,,,,,,,,,,,,,,,,,,,,,,,,,,,,,,,,,,,,,,,,,,,,,,,,,,,,,,
q04,3,19,1,4.29,,,9,0,never_instantiated,0,,,,,0,0,,,9,0,never_instantiated,0,,,,,0,0,,,9,0,never_instantiated,0,,,,,0,0,,,9,0,never_instantiated,0,,,,,0,0,,CreditCardView,2039783,0,never_instantiated,0,,,,,0,0,,OrderView,4283993,1,abandoned,309248,,,309248,Low-Cross-Multiplicity,39180,39180,OrderItemView,,36,0,never_instantiated,0,,,,,0,0,ProductView,CategoryView,9,0,never_instantiated,0,,,,,0,0,,TaxRecordView,800000,1,abandoned,309248,,,309248,Low-Cross-Multiplicity,31253,31253,,AddressView,800000,1,abandoned,307200,,,307200,Low-Cross-Multiplicity,31253,31253,,CustomerView,800000,1,abandoned,307200,,,307200,Low-Cross-Multiplicity,31253,31253,,OrderView,4283993,1,abandoned,307200,,,307200,Low-Cross-Multiplicity,38418,38418,OrderItemView,,36,0,never_instantiated,0,,,,,0,0,ProductView,CategoryView,9,0,never_instantiated,0,,,,,0,0,ProductView,CategoryView,9,0,never_instantiated,0,,,,,0,0,OrderItemView,,36,0,never_instantiated,0,,,,,0,0,ProductView,CategoryView,9,0,never_instantiated,0,,,,,0,0,,CreditCardView,2039783,0,never_instantiated,0,,,,,0,0,,OrderView,4283993,1,abandoned,309248,,,309248,Low-Cross-Multiplicity,38440,38440,OrderItemView,,36,0,never_instantiated,0,,,,,0,0,ProductView,CategoryView,9,0,never_instantiated,0,,,,,0,0,,,,,,,,,,,,,,,,,,,,,,,,,,,,,,,,,,,,
q05,3,19,1,1.14,,,73297,0,never_instantiated,0,,,,,0,0,,ProductView,36,0,never_instantiated,0,,,,,0,0,OrderItemView,,4301324,0,never_instantiated,0,,,,,0,0,OrderView,,800000,0,never_instantiated,0,,,,,0,0,TaxRecordView,AddressView,800000,1,abandoned,307200,,,307200,Low-Cross-Multiplicity,100352,100352,,,73297,0,never_instantiated,0,,,,,0,0,,CustomerView,800000,1,abandoned,315339,,,315339,Low-Cross-Multiplicity,108544,108544,TaxRecordView,AddressView,800000,1,abandoned,315339,,,315339,Low-Cross-Multiplicity,108544,108544,OrderView,,800000,0,never_instantiated,0,,,,,0,0,TaxRecordView,AddressView,800000,1,abandoned,307200,,,307200,High-Miss-Rate,102400,102400,,,,,,,,,,,,,,,,,,,,,,,,,,,,,,,,,,,,,,,,,,,,,,,,,,,,,,,,,,,,,,,,,,,,,,,,,,,,,,,,,,,,,,,,,,,,,,,,,,,,,,,,,,,,,,,,,,,,,,,,,,,,,,,,,,,,,,,,,,,,,,,,,,,,,,,,,,,,,,,,,,,,,,,,
q06,3,19,1,1.34,,,9,0,never_instantiated,0,,,,,0,0,,,36,0,never_instantiated,0,,,,,0,0,,,128389,0,never_instantiated,0,,,,,0,0,,OrderView,4283993,1,abandoned,317440,,,317440,Low-Cross-Multiplicity,40726,40726,OrderItemView,ProductView,36,0,never_instantiated,0,,,,,0,0,AddressView,,8,0,never_instantiated,0,,,,,0,0,ProductView,,36,0,never_instantiated,0,,,,,0,0,,CustomerView,800000,1,abandoned,303104,,,303104,Low-Cross-Multiplicity,31193,31193,,AddressView,800000,1,abandoned,303104,,,303104,Low-Cross-Multiplicity,31193,31193,,OrderView,4283993,1,abandoned,303104,,,303104,Low-Cross-Multiplicity,38367,38367,OrderItemView,ProductView,36,0,never_instantiated,0,,,,,0,0,ProductView,CategoryView,2,0,never_instantiated,0,,,,,0,0,,,,,,,,,,,,,,,,,,,,,,,,,,,,,,,,,,,,,,,,,,,,,,,,,,,,,,,,,,,,,,,,,,,,,,,,,,,,,,,,,,,,,,,,,,,,,,,,,,,,,,,,,,,,,,,,,,,,,,,,,,,,,,,,,,,,,,,,,,,,,,,,
q07,3,19,1,1.44,,,773859,0,never_instantiated,0,,,,,0,0,,,291451,0,never_instantiated,0,,,,,0,0,OrderItemView,,1021443,0,never_instantiated,0,,,,,0,0,,,486168,0,never_instantiated,0,,,,,0,0,OrderView,CustomerView,800000,1,abandoned,331771,,,331771,High-Hotness,76432,76432,CreditCardView,,5,0,never_instantiated,0,,,,,0,0,,TaxRecordView,291451,0,never_instantiated,0,,,,,0,0,CustomerView,AddressView,800000,1,abandoned,317440,,,317440,High-Miss-Rate,102400,102400,,CategoryView,4,0,never_instantiated,0,,,,,0,0,,ProductView,19,0,never_instantiated,0,,,,,0,0,OrderItemView,,4301324,0,never_instantiated,0,,,,,0,0,OrderView,CustomerView,800000,1,abandoned,309248,,,309248,Low-Cross-Multiplicity,66950,66950,,,,,,,,,,,,,,,,,,,,,,,,,,,,,,,,,,,,,,,,,,,,,,,,,,,,,,,,,,,,,,,,,,,,,,,,,,,,,,,,,,,,,,,,,,,,,,,,,,,,,,,,,,,,,,,,,,,,,,,,,,,,,,,,,,,,,,,,,,,,,,,,
q08,3,19,1,5.63,,,1690745,0,never_instantiated,0,,,,,0,0,,,2039783,0,never_instantiated,0,,,,,0,0,,,1727854,0,never_instantiated,0,,,,,0,0,,ProductView,36,0,never_instantiated,0,,,,,0,0,,OrderItemView,12855283,1,abandoned,317440,,,317440,Low-Cross-Multiplicity,86118,86118,OrderView,CreditCardView,2039783,0,never_instantiated,0,,,,,0,0,,,2039783,0,never_instantiated,0,,,,,0,0,,,2039783,0,never_instantiated,0,,,,,0,0,CreditCardView,,1586092,0,never_instantiated,0,,,,,0,0,CreditCardView,OrderView,3214641,0,never_instantiated,0,,,,,0,0,OrderItemView,,4593116,0,never_instantiated,0,,,,,0,0,OrderView,CreditCardView,2039783,0,never_instantiated,0,,,,,0,0,,TaxRecordView,800000,1,abandoned,309248,,,309248,High-Hotness,69577,69577,,AddressView,800000,1,abandoned,309248,,,309248,High-Hotness,69577,69577,,CustomerView,800000,1,abandoned,309248,,,309248,High-Hotness,69577,69577,OrderView,CreditCardView,2039783,0,never_instantiated,0,,,,,0,0,,CategoryView,9,0,never_instantiated,0,,,,,0,0,,ProductView,36,0,never_instantiated,0,,,,,0,0,OrderItemView,,4593116,0,never_instantiated,0,,,,,0,0,OrderView,CreditCardView,2039783,0,never_instantiated,0,,,,,0,0,,CategoryView,9,0,never_instantiated,0,,,,,0,0,,ProductView,35,0,never_instantiated,0,,,,,0,0,OrderItemView,,4593116,0,never_instantiated,0,,,,,0,0,OrderView,CreditCardView,2039783,0,never_instantiated,0,,,,,0,0
q01,4,0,1,0.62,OrderItemView,,4301324,0,never_instantiated,0,,,,,0,0,OrderView,,800000,0,never_instantiated,0,,,,,0,0,AddressView,CustomerView,800000,0,never_instantiated,0,,,,,0,0,,,,,,,,,,,,,,,,,,,,,,,,,,,,,,,,,,,,,,,,,,,,,,,,,,,,,,,,,,,,,,,,,,,,,,,,,,,,,,,,,,,,,,,,,,,,,,,,,,,,,,,,,,,,,,,,,,,,,,,,,,,,,,,,,,,,,,,,,,,,,,,,,,,,,,,,,,,,,,,,,,,,,,,,,,,,,,,,,,,,,,,,,,,,,,,,,,,,,,,,,,,,,,,,,,,,,,,,,,,,,,,,,,,,,,,,,,,,,,,,,,,,,,,,,,,,
q02,4,0,1,2.59,,,800000,0,never_instantiated,0,,,,,0,0,,,770796,0,never_instantiated,0,,,,,0,0,,,731189,0,never_instantiated,0,,,,,0,0,,,800000,0,never_instantiated,0,,,,,0,0,,,751547,0,never_instantiated,0,,,,,0,0,,,402948,0,never_instantiated,0,,,,,0,0,CreditCardView,CustomerView,800000,0,never_instantiated,0,,,,,0,0,,TaxRecordView,402948,0,never_instantiated,0,,,,,0,0,AddressView,CustomerView,800000,0,never_instantiated,0,,,,,0,0,,CategoryView,2,0,never_instantiated,0,,,,,0,0,,ProductView,9,0,never_instantiated,0,,,,,0,0,OrderItemView,,4301324,0,never_instantiated,0,,,,,0,0,OrderView,CustomerView,800000,0,never_instantiated,0,,,,,0,0,OrderView,CustomerView,800000,0,never_instantiated,0,,,,,0,0,OrderItemView,,1835997,0,never_instantiated,0,,,,,0,0,OrderView,CustomerView,800000,0,never_instantiated,0,,,,,0,0,,CategoryView,3,0,never_instantiated,0,,,,,0,0,,ProductView,16,0,never_instantiated,0,,,,,0,0,OrderItemView,,4301324,0,never_instantiated,0,,,,,0,0,OrderView,CustomerView,800000,0,never_instantiated,0,,,,,0,0,,CreditCardView,2039783,0,never_instantiated,0,,,,,0,0,OrderView,CustomerView,800000,0,never_instantiated,0,,,,,0,0,,,,,,,,,,,,,,,,,,,,,,,,
q03,4,0,1,1.17,,,800000,0,never_instantiated,0,,,,,0,0,,CategoryView,6,0,never_instantiated,0,,,,,0,0,,TaxRecordView,800000,0,never_instantiated,0,,,,,0,0,,AddressView,800000,0,never_instantiated,0,,,,,0,0,CustomerView,,3430857,0,never_instantiated,0,,,,,0,0,,ProductView,8,0,never_instantiated,0,,,,,0,0,,CreditCardView,1632147,0,never_instantiated,0,,,,,0,0,OrderItemView,OrderView,4283993,0,never_instantiated,0,,,,,0,0,CreditCardView,CustomerView,800000,0,never_instantiated,0,,,,,0,0,,,,,,,,,,,,,,,,,,,,,,,,,,,,,,,,,,,,,,,,,,,,,,,,,,,,,,,,,,,,,,,,,,,,,,,,,,,,,,,,,,,,,,,,,,,,,,,,,,,,,,,,,,,,,,,,,,,,,,,,,,,,,,,,,,,,,,,,,,,,,,,,,,,,,,,,,,,,,,,,,,,,,,,,,,,,,,,,,,,,
q04,4,0,1,4.24,,,9,0,never_instantiated,0,,,,,0,0,,,9,0,never_instantiated,0,,,,,0,0,,,9,0,never_instantiated,0,,,,,0,0,,,9,0,never_instantiated,0,,,,,0,0,,CreditCardView,2039783,0,never_instantiated,0,,,,,0,0,,OrderView,4283993,0,never_instantiated,0,,,,,0,0,OrderItemView,,36,0,never_instantiated,0,,,,,0,0,ProductView,CategoryView,9,0,never_instantiated,0,,,,,0,0,,TaxRecordView,800000,0,never_instantiated,0,,,,,0,0,,AddressView,800000,0,never_instantiated,0,,,,,0,0,,CustomerView,800000,0,never_instantiated,0,,,,,0,0,,OrderView,4283993,0,never_instantiated,0,,,,,0,0,OrderItemView,,36,0,never_instantiated,0,,,,,0,0,ProductView,CategoryView,9,0,never_instantiated,0,,,,,0,0,ProductView,CategoryView,9,0,never_instantiated,0,,,,,0,0,OrderItemView,,36,0,never_instantiated,0,,,,,0,0,ProductView,CategoryView,9,0,never_instantiated,0,,,,,0,0,,CreditCardView,2039783,0,never_instantiated,0,,,,,0,0,,OrderView,4283993,0,never_instantiated,0,,,,,0,0,OrderItemView,,36,0,never_instantiated,0,,,,,0,0,ProductView,CategoryView,9,0,never_instantiated,0,,,,,0,0,,,,,,,,,,,,,,,,,,,,,,,,,,,,,,,,,,,,
q05,4,0,1,1.07,,,73297,0,never_instantiated,0,,,,,0,0,,ProductView,36,0,never_instantiated,0,,,,,0,0,OrderItemView,,4301324,0,never_instantiated,0,,,,,0,0,OrderView,,800000,0,never_instantiated,0,,,,,0,0,TaxRecordView,AddressView,800000,0,never_instantiated,0,,,,,0,0,,,73297,0,never_instantiated,0,,,,,0,0,,CustomerView,800000,0,never_instantiated,0,,,,,0,0,TaxRecordView,AddressView,800000,0,never_instantiated,0,,,,,0,0,OrderView,,800000,0,never_instantiated,0,,,,,0,0,TaxRecordView,AddressView,800000,0,never_instantiated,0,,,,,0,0,,,,,,,,,,,,,,,,,,,,,,,,,,,,,,,,,,,,,,,,,,,,,,,,,,,,,,,,,,,,,,,,,,,,,,,,,,,,,,,,,,,,,,,,,,,,,,,,,,,,,,,,,,,,,,,,,,,,,,,,,,,,,,,,,,,,,,,,,,,,,,,,,,,,,,,,,,,,,,,,,,,,,,,,
q06,4,0,1,1.31,,,9,0,never_instantiated,0,,,,,0,0,,,36,0,never_instantiated,0,,,,,0,0,,,128389,0,never_instantiated,0,,,,,0,0,,OrderView,4283993,0,never_instantiated,0,,,,,0,0,OrderItemView,ProductView,36,0,never_instantiated,0,,,,,0,0,AddressView,,8,0,never_instantiated,0,,,,,0,0,ProductView,,36,0,never_instantiated,0,,,,,0,0,,CustomerView,800000,0,never_instantiated,0,,,,,0,0,,AddressView,800000,0,never_instantiated,0,,,,,0,0,,OrderView,4283993,0,never_instantiated,0,,,,,0,0,OrderItemView,ProductView,36,0,never_instantiated,0,,,,,0,0,ProductView,CategoryView,2,0,never_instantiated,0,,,,,0,0,,,,,,,,,,,,,,,,,,,,,,,,,,,,,,,,,,,,,,,,,,,,,,,,,,,,,,,,,,,,,,,,,,,,,,,,,,,,,,,,,,,,,,,,,,,,,,,,,,,,,,,,,,,,,,,,,,,,,,,,,,,,,,,,,,,,,,,,,,,,,,,,
q07,4,0,1,1.45,,,773859,0,never_instantiated,0,,,,,0,0,,,291451,0,never_instantiated,0,,,,,0,0,OrderItemView,,1021443,0,never_instantiated,0,,,,,0,0,,,486168,0,never_instantiated,0,,,,,0,0,OrderView,CustomerView,800000,0,never_instantiated,0,,,,,0,0,CreditCardView,,5,0,never_instantiated,0,,,,,0,0,,TaxRecordView,291451,0,never_instantiated,0,,,,,0,0,CustomerView,AddressView,800000,0,never_instantiated,0,,,,,0,0,,CategoryView,4,0,never_instantiated,0,,,,,0,0,,ProductView,19,0,never_instantiated,0,,,,,0,0,OrderItemView,,4301324,0,never_instantiated,0,,,,,0,0,OrderView,CustomerView,800000,0,never_instantiated,0,,,,,0,0,,,,,,,,,,,,,,,,,,,,,,,,,,,,,,,,,,,,,,,,,,,,,,,,,,,,,,,,,,,,,,,,,,,,,,,,,,,,,,,,,,,,,,,,,,,,,,,,,,,,,,,,,,,,,,,,,,,,,,,,,,,,,,,,,,,,,,,,,,,,,,,,
q08,4,0,1,5.66,,,1690745,0,never_instantiated,0,,,,,0,0,,,2039783,0,never_instantiated,0,,,,,0,0,,,1727854,0,never_instantiated,0,,,,,0,0,,ProductView,36,0,never_instantiated,0,,,,,0,0,,OrderItemView,12855283,0,never_instantiated,0,,,,,0,0,OrderView,CreditCardView,2039783,0,never_instantiated,0,,,,,0,0,,,2039783,0,never_instantiated,0,,,,,0,0,,,2039783,0,never_instantiated,0,,,,,0,0,CreditCardView,,1586092,0,never_instantiated,0,,,,,0,0,CreditCardView,OrderView,3214641,0,never_instantiated,0,,,,,0,0,OrderItemView,,4593116,0,never_instantiated,0,,,,,0,0,OrderView,CreditCardView,2039783,0,never_instantiated,0,,,,,0,0,,TaxRecordView,800000,0,never_instantiated,0,,,,,0,0,,AddressView,800000,0,never_instantiated,0,,,,,0,0,,CustomerView,800000,0,never_instantiated,0,,,,,0,0,OrderView,CreditCardView,2039783,0,never_instantiated,0,,,,,0,0,,CategoryView,9,0,never_instantiated,0,,,,,0,0,,ProductView,36,0,never_instantiated,0,,,,,0,0,OrderItemView,,4593116,0,never_instantiated,0,,,,,0,0,OrderView,CreditCardView,2039783,0,never_instantiated,0,,,,,0,0,,CategoryView,9,0,never_instantiated,0,,,,,0,0,,ProductView,35,0,never_instantiated,0,,,,,0,0,OrderItemView,,4593116,0,never_instantiated,0,,,,,0,0,OrderView,CreditCardView,2039783,0,never_instantiated,0,,,,,0,0
q01,4,1,1,0.61,OrderItemView,,4301324,0,never_instantiated,0,,,,,0,0,OrderView,,800000,0,never_instantiated,0,,,,,0,0,AddressView,CustomerView,800000,0,never_instantiated,0,,,,,0,0,,,,,,,,,,,,,,,,,,,,,,,,,,,,,,,,,,,,,,,,,,,,,,,,,,,,,,,,,,,,,,,,,,,,,,,,,,,,,,,,,,,,,,,,,,,,,,,,,,,,,,,,,,,,,,,,,,,,,,,,,,,,,,,,,,,,,,,,,,,,,,,,,,,,,,,,,,,,,,,,,,,,,,,,,,,,,,,,,,,,,,,,,,,,,,,,,,,,,,,,,,,,,,,,,,,,,,,,,,,,,,,,,,,,,,,,,,,,,,,,,,,,,,,,,,,,
q02,4,1,1,2.60,,,800000,0,never_instantiated,0,,,,,0,0,,,770796,0,never_instantiated,0,,,,,0,0,,,731189,0,never_instantiated,0,,,,,0,0,,,800000,0,never_instantiated,0,,,,,0,0,,,751547,0,never_instantiated,0,,,,,0,0,,,402948,0,never_instantiated,0,,,,,0,0,CreditCardView,CustomerView,800000,0,never_instantiated,0,,,,,0,0,,TaxRecordView,402948,0,never_instantiated,0,,,,,0,0,AddressView,CustomerView,800000,0,never_instantiated,0,,,,,0,0,,CategoryView,2,0,never_instantiated,0,,,,,0,0,,ProductView,9,0,never_instantiated,0,,,,,0,0,OrderItemView,,4301324,0,never_instantiated,0,,,,,0,0,OrderView,CustomerView,800000,0,never_instantiated,0,,,,,0,0,OrderView,CustomerView,800000,0,never_instantiated,0,,,,,0,0,OrderItemView,,1835997,0,never_instantiated,0,,,,,0,0,OrderView,CustomerView,800000,0,never_instantiated,0,,,,,0,0,,CategoryView,3,0,never_instantiated,0,,,,,0,0,,ProductView,16,0,never_instantiated,0,,,,,0,0,OrderItemView,,4301324,0,never_instantiated,0,,,,,0,0,OrderView,CustomerView,800000,0,never_instantiated,0,,,,,0,0,,CreditCardView,2039783,0,never_instantiated,0,,,,,0,0,OrderView,CustomerView,800000,0,never_instantiated,0,,,,,0,0,,,,,,,,,,,,,,,,,,,,,,,,
q03,4,1,1,1.23,,,800000,0,never_instantiated,0,,,,,0,0,,CategoryView,6,0,never_instantiated,0,,,,,0,0,,TaxRecordView,800000,0,never_instantiated,0,,,,,0,0,,AddressView,800000,0,never_instantiated,0,,,,,0,0,CustomerView,,3430857,0,never_instantiated,0,,,,,0,0,CreditCardView,,4287481,0,never_instantiated,0,,,,,0,0,,ProductView,8,0,never_instantiated,0,,,,,0,0,OrderItemView,OrderView,4283993,0,never_instantiated,0,,,,,0,0,CreditCardView,CustomerView,800000,0,never_instantiated,0,,,,,0,0,,,,,,,,,,,,,,,,,,,,,,,,,,,,,,,,,,,,,,,,,,,,,,,,,,,,,,,,,,,,,,,,,,,,,,,,,,,,,,,,,,,,,,,,,,,,,,,,,,,,,,,,,,,,,,,,,,,,,,,,,,,,,,,,,,,,,,,,,,,,,,,,,,,,,,,,,,,,,,,,,,,,,,,,,,,,,,,,,,,,
q04,4,1,1,4.27,,,9,0,never_instantiated,0,,,,,0,0,,,9,0,never_instantiated,0,,,,,0,0,,,9,0,never_instantiated,0,,,,,0,0,,,9,0,never_instantiated,0,,,,,0,0,,CreditCardView,2039783,0,never_instantiated,0,,,,,0,0,,OrderView,4283993,0,never_instantiated,0,,,,,0,0,OrderItemView,,36,0,never_instantiated,0,,,,,0,0,ProductView,CategoryView,9,0,never_instantiated,0,,,,,0,0,,TaxRecordView,800000,0,never_instantiated,0,,,,,0,0,,AddressView,800000,0,never_instantiated,0,,,,,0,0,,CustomerView,800000,0,never_instantiated,0,,,,,0,0,,OrderView,4283993,0,never_instantiated,0,,,,,0,0,OrderItemView,,36,0,never_instantiated,0,,,,,0,0,ProductView,CategoryView,9,0,never_instantiated,0,,,,,0,0,ProductView,CategoryView,9,0,never_instantiated,0,,,,,0,0,OrderItemView,,36,0,never_instantiated,0,,,,,0,0,ProductView,CategoryView,9,0,never_instantiated,0,,,,,0,0,,CreditCardView,2039783,0,never_instantiated,0,,,,,0,0,,OrderView,4283993,0,never_instantiated,0,,,,,0,0,OrderItemView,,36,0,never_instantiated,0,,,,,0,0,ProductView,CategoryView,9,0,never_instantiated,0,,,,,0,0,,,,,,,,,,,,,,,,,,,,,,,,,,,,,,,,,,,,
q05,4,1,1,1.06,,,73297,0,never_instantiated,0,,,,,0,0,,ProductView,36,0,never_instantiated,0,,,,,0,0,OrderItemView,,4301324,0,never_instantiated,0,,,,,0,0,OrderView,,800000,0,never_instantiated,0,,,,,0,0,TaxRecordView,AddressView,800000,0,never_instantiated,0,,,,,0,0,,,73297,0,never_instantiated,0,,,,,0,0,,CustomerView,800000,0,never_instantiated,0,,,,,0,0,TaxRecordView,AddressView,800000,0,never_instantiated,0,,,,,0,0,OrderView,,800000,0,never_instantiated,0,,,,,0,0,TaxRecordView,AddressView,800000,0,never_instantiated,0,,,,,0,0,,,,,,,,,,,,,,,,,,,,,,,,,,,,,,,,,,,,,,,,,,,,,,,,,,,,,,,,,,,,,,,,,,,,,,,,,,,,,,,,,,,,,,,,,,,,,,,,,,,,,,,,,,,,,,,,,,,,,,,,,,,,,,,,,,,,,,,,,,,,,,,,,,,,,,,,,,,,,,,,,,,,,,,,
q06,4,1,1,1.32,,,9,0,never_instantiated,0,,,,,0,0,,,36,0,never_instantiated,0,,,,,0,0,,,128389,0,never_instantiated,0,,,,,0,0,,OrderView,4283993,0,never_instantiated,0,,,,,0,0,OrderItemView,ProductView,36,0,never_instantiated,0,,,,,0,0,AddressView,,8,0,never_instantiated,0,,,,,0,0,ProductView,,36,0,never_instantiated,0,,,,,0,0,,CustomerView,800000,0,never_instantiated,0,,,,,0,0,,AddressView,800000,0,never_instantiated,0,,,,,0,0,,OrderView,4283993,0,never_instantiated,0,,,,,0,0,OrderItemView,ProductView,36,0,never_instantiated,0,,,,,0,0,ProductView,CategoryView,2,0,never_instantiated,0,,,,,0,0,,,,,,,,,,,,,,,,,,,,,,,,,,,,,,,,,,,,,,,,,,,,,,,,,,,,,,,,,,,,,,,,,,,,,,,,,,,,,,,,,,,,,,,,,,,,,,,,,,,,,,,,,,,,,,,,,,,,,,,,,,,,,,,,,,,,,,,,,,,,,,,,
q07,4,1,1,1.47,,,773859,0,never_instantiated,0,,,,,0,0,,,291451,0,never_instantiated,0,,,,,0,0,OrderItemView,,1021443,0,never_instantiated,0,,,,,0,0,,,486168,0,never_instantiated,0,,,,,0,0,OrderView,CustomerView,800000,0,never_instantiated,0,,,,,0,0,CreditCardView,,5,0,never_instantiated,0,,,,,0,0,,TaxRecordView,291451,0,never_instantiated,0,,,,,0,0,CustomerView,AddressView,800000,0,never_instantiated,0,,,,,0,0,,CategoryView,4,0,never_instantiated,0,,,,,0,0,,ProductView,19,0,never_instantiated,0,,,,,0,0,OrderItemView,,4301324,0,never_instantiated,0,,,,,0,0,OrderView,CustomerView,800000,0,never_instantiated,0,,,,,0,0,,,,,,,,,,,,,,,,,,,,,,,,,,,,,,,,,,,,,,,,,,,,,,,,,,,,,,,,,,,,,,,,,,,,,,,,,,,,,,,,,,,,,,,,,,,,,,,,,,,,,,,,,,,,,,,,,,,,,,,,,,,,,,,,,,,,,,,,,,,,,,,,
q08,4,1,1,5.68,,,1690745,0,never_instantiated,0,,,,,0,0,,,2039783,0,never_instantiated,0,,,,,0,0,,,1727854,0,never_instantiated,0,,,,,0,0,,ProductView,36,0,never_instantiated,0,,,,,0,0,,OrderItemView,12855283,0,never_instantiated,0,,,,,0,0,OrderView,CreditCardView,2039783,0,never_instantiated,0,,,,,0,0,,,2039783,0,never_instantiated,0,,,,,0,0,,,2039783,0,never_instantiated,0,,,,,0,0,CreditCardView,,1586092,0,never_instantiated,0,,,,,0,0,CreditCardView,OrderView,3214641,0,never_instantiated,0,,,,,0,0,OrderItemView,,4593116,0,never_instantiated,0,,,,,0,0,OrderView,CreditCardView,2039783,0,never_instantiated,0,,,,,0,0,,TaxRecordView,800000,0,never_instantiated,0,,,,,0,0,,AddressView,800000,0,never_instantiated,0,,,,,0,0,,CustomerView,800000,0,never_instantiated,0,,,,,0,0,OrderView,CreditCardView,2039783,0,never_instantiated,0,,,,,0,0,,CategoryView,9,0,never_instantiated,0,,,,,0,0,,ProductView,36,0,never_instantiated,0,,,,,0,0,OrderItemView,,4593116,0,never_instantiated,0,,,,,0,0,OrderView,CreditCardView,2039783,0,never_instantiated,0,,,,,0,0,,CategoryView,9,0,never_instantiated,0,,,,,0,0,,ProductView,35,0,never_instantiated,0,,,,,0,0,OrderItemView,,4593116,0,never_instantiated,0,,,,,0,0,OrderView,CreditCardView,2039783,0,never_instantiated,0,,,,,0,0
q01,4,2,1,0.63,OrderItemView,,4301324,0,never_instantiated,0,,,,,0,0,OrderView,,800000,0,never_instantiated,0,,,,,0,0,AddressView,CustomerView,800000,0,never_instantiated,0,,,,,0,0,,,,,,,,,,,,,,,,,,,,,,,,,,,,,,,,,,,,,,,,,,,,,,,,,,,,,,,,,,,,,,,,,,,,,,,,,,,,,,,,,,,,,,,,,,,,,,,,,,,,,,,,,,,,,,,,,,,,,,,,,,,,,,,,,,,,,,,,,,,,,,,,,,,,,,,,,,,,,,,,,,,,,,,,,,,,,,,,,,,,,,,,,,,,,,,,,,,,,,,,,,,,,,,,,,,,,,,,,,,,,,,,,,,,,,,,,,,,,,,,,,,,,,,,,,,,
q02,4,2,1,2.62,,,800000,0,never_instantiated,0,,,,,0,0,,,770796,0,never_instantiated,0,,,,,0,0,,,731189,0,never_instantiated,0,,,,,0,0,,,800000,0,never_instantiated,0,,,,,0,0,,,751547,0,never_instantiated,0,,,,,0,0,,,402948,0,never_instantiated,0,,,,,0,0,CreditCardView,CustomerView,800000,0,never_instantiated,0,,,,,0,0,,TaxRecordView,402948,0,never_instantiated,0,,,,,0,0,AddressView,CustomerView,800000,0,never_instantiated,0,,,,,0,0,,CategoryView,2,0,never_instantiated,0,,,,,0,0,,ProductView,9,0,never_instantiated,0,,,,,0,0,OrderItemView,,4301324,0,never_instantiated,0,,,,,0,0,OrderView,CustomerView,800000,0,never_instantiated,0,,,,,0,0,OrderView,CustomerView,800000,0,never_instantiated,0,,,,,0,0,OrderItemView,,1835997,0,never_instantiated,0,,,,,0,0,OrderView,CustomerView,800000,0,never_instantiated,0,,,,,0,0,,CategoryView,3,0,never_instantiated,0,,,,,0,0,,ProductView,16,0,never_instantiated,0,,,,,0,0,OrderItemView,,4301324,0,never_instantiated,0,,,,,0,0,OrderView,CustomerView,800000,0,never_instantiated,0,,,,,0,0,,CreditCardView,2039783,0,never_instantiated,0,,,,,0,0,OrderView,CustomerView,800000,0,never_instantiated,0,,,,,0,0,,,,,,,,,,,,,,,,,,,,,,,,
q03,4,2,1,1.25,,,800000,0,never_instantiated,0,,,,,0,0,,CategoryView,6,0,never_instantiated,0,,,,,0,0,,TaxRecordView,800000,0,never_instantiated,0,,,,,0,0,,AddressView,800000,0,never_instantiated,0,,,,,0,0,CustomerView,,3430857,0,never_instantiated,0,,,,,0,0,CreditCardView,,4287481,0,never_instantiated,0,,,,,0,0,,ProductView,8,0,never_instantiated,0,,,,,0,0,OrderItemView,OrderView,4283993,0,never_instantiated,0,,,,,0,0,CreditCardView,CustomerView,800000,0,never_instantiated,0,,,,,0,0,,,,,,,,,,,,,,,,,,,,,,,,,,,,,,,,,,,,,,,,,,,,,,,,,,,,,,,,,,,,,,,,,,,,,,,,,,,,,,,,,,,,,,,,,,,,,,,,,,,,,,,,,,,,,,,,,,,,,,,,,,,,,,,,,,,,,,,,,,,,,,,,,,,,,,,,,,,,,,,,,,,,,,,,,,,,,,,,,,,,
q04,4,2,1,4.27,,,9,0,never_instantiated,0,,,,,0,0,,,9,0,never_instantiated,0,,,,,0,0,,,9,0,never_instantiated,0,,,,,0,0,,,9,0,never_instantiated,0,,,,,0,0,,CreditCardView,2039783,0,never_instantiated,0,,,,,0,0,,OrderView,4283993,0,never_instantiated,0,,,,,0,0,OrderItemView,,36,0,never_instantiated,0,,,,,0,0,ProductView,CategoryView,9,0,never_instantiated,0,,,,,0,0,,TaxRecordView,800000,0,never_instantiated,0,,,,,0,0,,AddressView,800000,0,never_instantiated,0,,,,,0,0,,CustomerView,800000,0,never_instantiated,0,,,,,0,0,,OrderView,4283993,0,never_instantiated,0,,,,,0,0,OrderItemView,,36,0,never_instantiated,0,,,,,0,0,ProductView,CategoryView,9,0,never_instantiated,0,,,,,0,0,ProductView,CategoryView,9,0,never_instantiated,0,,,,,0,0,OrderItemView,,36,0,never_instantiated,0,,,,,0,0,ProductView,CategoryView,9,0,never_instantiated,0,,,,,0,0,,CreditCardView,2039783,0,never_instantiated,0,,,,,0,0,,OrderView,4283993,0,never_instantiated,0,,,,,0,0,OrderItemView,,36,0,never_instantiated,0,,,,,0,0,ProductView,CategoryView,9,0,never_instantiated,0,,,,,0,0,,,,,,,,,,,,,,,,,,,,,,,,,,,,,,,,,,,,
q05,4,2,1,1.07,,,73297,0,never_instantiated,0,,,,,0,0,,ProductView,36,0,never_instantiated,0,,,,,0,0,OrderItemView,,4301324,0,never_instantiated,0,,,,,0,0,OrderView,,800000,0,never_instantiated,0,,,,,0,0,TaxRecordView,AddressView,800000,0,never_instantiated,0,,,,,0,0,,,73297,0,never_instantiated,0,,,,,0,0,,CustomerView,800000,0,never_instantiated,0,,,,,0,0,TaxRecordView,AddressView,800000,0,never_instantiated,0,,,,,0,0,OrderView,,800000,0,never_instantiated,0,,,,,0,0,TaxRecordView,AddressView,800000,0,never_instantiated,0,,,,,0,0,,,,,,,,,,,,,,,,,,,,,,,,,,,,,,,,,,,,,,,,,,,,,,,,,,,,,,,,,,,,,,,,,,,,,,,,,,,,,,,,,,,,,,,,,,,,,,,,,,,,,,,,,,,,,,,,,,,,,,,,,,,,,,,,,,,,,,,,,,,,,,,,,,,,,,,,,,,,,,,,,,,,,,,,
q06,4,2,1,1.28,,,9,0,never_instantiated,0,,,,,0,0,,,36,0,never_instantiated,0,,,,,0,0,,,128389,0,never_instantiated,0,,,,,0,0,,OrderView,4283993,0,never_instantiated,0,,,,,0,0,OrderItemView,ProductView,36,0,never_instantiated,0,,,,,0,0,AddressView,,8,0,never_instantiated,0,,,,,0,0,ProductView,,36,0,never_instantiated,0,,,,,0,0,,CustomerView,800000,0,never_instantiated,0,,,,,0,0,,AddressView,800000,0,never_instantiated,0,,,,,0,0,,OrderView,4283993,0,never_instantiated,0,,,,,0,0,OrderItemView,ProductView,36,0,never_instantiated,0,,,,,0,0,ProductView,CategoryView,2,0,never_instantiated,0,,,,,0,0,,,,,,,,,,,,,,,,,,,,,,,,,,,,,,,,,,,,,,,,,,,,,,,,,,,,,,,,,,,,,,,,,,,,,,,,,,,,,,,,,,,,,,,,,,,,,,,,,,,,,,,,,,,,,,,,,,,,,,,,,,,,,,,,,,,,,,,,,,,,,,,,
q07,4,2,1,1.51,,,773859,0,never_instantiated,0,,,,,0,0,,,291451,0,never_instantiated,0,,,,,0,0,OrderItemView,,1021443,0,never_instantiated,0,,,,,0,0,,,486168,0,never_instantiated,0,,,,,0,0,OrderView,CustomerView,800000,0,never_instantiated,0,,,,,0,0,CreditCardView,,5,0,never_instantiated,0,,,,,0,0,,TaxRecordView,291451,0,never_instantiated,0,,,,,0,0,CustomerView,AddressView,800000,0,never_instantiated,0,,,,,0,0,,CategoryView,4,0,never_instantiated,0,,,,,0,0,,ProductView,19,0,never_instantiated,0,,,,,0,0,OrderItemView,,4301324,0,never_instantiated,0,,,,,0,0,OrderView,CustomerView,800000,0,never_instantiated,0,,,,,0,0,,,,,,,,,,,,,,,,,,,,,,,,,,,,,,,,,,,,,,,,,,,,,,,,,,,,,,,,,,,,,,,,,,,,,,,,,,,,,,,,,,,,,,,,,,,,,,,,,,,,,,,,,,,,,,,,,,,,,,,,,,,,,,,,,,,,,,,,,,,,,,,,
q08,4,2,1,5.64,,,1690745,0,never_instantiated,0,,,,,0,0,,,2039783,0,never_instantiated,0,,,,,0,0,,,1727854,0,never_instantiated,0,,,,,0,0,,ProductView,36,0,never_instantiated,0,,,,,0,0,,OrderItemView,12855283,0,never_instantiated,0,,,,,0,0,OrderView,CreditCardView,2039783,0,never_instantiated,0,,,,,0,0,,,2039783,0,never_instantiated,0,,,,,0,0,,,2039783,0,never_instantiated,0,,,,,0,0,CreditCardView,,1586092,0,never_instantiated,0,,,,,0,0,CreditCardView,OrderView,3214641,0,never_instantiated,0,,,,,0,0,OrderItemView,,4593116,0,never_instantiated,0,,,,,0,0,OrderView,CreditCardView,2039783,0,never_instantiated,0,,,,,0,0,,TaxRecordView,800000,0,never_instantiated,0,,,,,0,0,,AddressView,800000,0,never_instantiated,0,,,,,0,0,,CustomerView,800000,0,never_instantiated,0,,,,,0,0,OrderView,CreditCardView,2039783,0,never_instantiated,0,,,,,0,0,,CategoryView,9,0,never_instantiated,0,,,,,0,0,,ProductView,36,0,never_instantiated,0,,,,,0,0,OrderItemView,,4593116,0,never_instantiated,0,,,,,0,0,OrderView,CreditCardView,2039783,0,never_instantiated,0,,,,,0,0,,CategoryView,9,0,never_instantiated,0,,,,,0,0,,ProductView,35,0,never_instantiated,0,,,,,0,0,OrderItemView,,4593116,0,never_instantiated,0,,,,,0,0,OrderView,CreditCardView,2039783,0,never_instantiated,0,,,,,0,0
q01,4,3,1,0.59,OrderItemView,,4301324,0,never_instantiated,0,,,,,0,0,OrderView,,800000,0,never_instantiated,0,,,,,0,0,AddressView,CustomerView,800000,0,never_instantiated,0,,,,,0,0,,,,,,,,,,,,,,,,,,,,,,,,,,,,,,,,,,,,,,,,,,,,,,,,,,,,,,,,,,,,,,,,,,,,,,,,,,,,,,,,,,,,,,,,,,,,,,,,,,,,,,,,,,,,,,,,,,,,,,,,,,,,,,,,,,,,,,,,,,,,,,,,,,,,,,,,,,,,,,,,,,,,,,,,,,,,,,,,,,,,,,,,,,,,,,,,,,,,,,,,,,,,,,,,,,,,,,,,,,,,,,,,,,,,,,,,,,,,,,,,,,,,,,,,,,,,
q02,4,3,1,2.56,,,800000,0,never_instantiated,0,,,,,0,0,,,770796,0,never_instantiated,0,,,,,0,0,,,731189,0,never_instantiated,0,,,,,0,0,,,800000,0,never_instantiated,0,,,,,0,0,,,751547,0,never_instantiated,0,,,,,0,0,,,402948,0,never_instantiated,0,,,,,0,0,CreditCardView,CustomerView,800000,0,never_instantiated,0,,,,,0,0,,TaxRecordView,402948,0,never_instantiated,0,,,,,0,0,AddressView,CustomerView,800000,0,never_instantiated,0,,,,,0,0,,CategoryView,2,0,never_instantiated,0,,,,,0,0,,ProductView,9,0,never_instantiated,0,,,,,0,0,OrderItemView,,4301324,0,never_instantiated,0,,,,,0,0,OrderView,CustomerView,800000,0,never_instantiated,0,,,,,0,0,OrderView,CustomerView,800000,0,never_instantiated,0,,,,,0,0,OrderItemView,,1835997,0,never_instantiated,0,,,,,0,0,OrderView,CustomerView,800000,0,never_instantiated,0,,,,,0,0,,CategoryView,3,0,never_instantiated,0,,,,,0,0,,ProductView,16,0,never_instantiated,0,,,,,0,0,OrderItemView,,4301324,0,never_instantiated,0,,,,,0,0,OrderView,CustomerView,800000,0,never_instantiated,0,,,,,0,0,,CreditCardView,2039783,0,never_instantiated,0,,,,,0,0,OrderView,CustomerView,800000,0,never_instantiated,0,,,,,0,0,,,,,,,,,,,,,,,,,,,,,,,,
q03,4,3,1,1.23,,,800000,0,never_instantiated,0,,,,,0,0,,CategoryView,6,0,never_instantiated,0,,,,,0,0,,TaxRecordView,800000,0,never_instantiated,0,,,,,0,0,,AddressView,800000,0,never_instantiated,0,,,,,0,0,CustomerView,,3430857,0,never_instantiated,0,,,,,0,0,CreditCardView,,4287481,0,never_instantiated,0,,,,,0,0,,ProductView,8,0,never_instantiated,0,,,,,0,0,OrderItemView,OrderView,4283993,0,never_instantiated,0,,,,,0,0,CreditCardView,CustomerView,800000,0,never_instantiated,0,,,,,0,0,,,,,,,,,,,,,,,,,,,,,,,,,,,,,,,,,,,,,,,,,,,,,,,,,,,,,,,,,,,,,,,,,,,,,,,,,,,,,,,,,,,,,,,,,,,,,,,,,,,,,,,,,,,,,,,,,,,,,,,,,,,,,,,,,,,,,,,,,,,,,,,,,,,,,,,,,,,,,,,,,,,,,,,,,,,,,,,,,,,,
q04,4,3,1,4.26,,,9,0,never_instantiated,0,,,,,0,0,,,9,0,never_instantiated,0,,,,,0,0,,,9,0,never_instantiated,0,,,,,0,0,,,9,0,never_instantiated,0,,,,,0,0,,CreditCardView,2039783,0,never_instantiated,0,,,,,0,0,,OrderView,4283993,0,never_instantiated,0,,,,,0,0,OrderItemView,,36,0,never_instantiated,0,,,,,0,0,ProductView,CategoryView,9,0,never_instantiated,0,,,,,0,0,,TaxRecordView,800000,0,never_instantiated,0,,,,,0,0,,AddressView,800000,0,never_instantiated,0,,,,,0,0,,CustomerView,800000,0,never_instantiated,0,,,,,0,0,,OrderView,4283993,0,never_instantiated,0,,,,,0,0,OrderItemView,,36,0,never_instantiated,0,,,,,0,0,ProductView,CategoryView,9,0,never_instantiated,0,,,,,0,0,ProductView,CategoryView,9,0,never_instantiated,0,,,,,0,0,OrderItemView,,36,0,never_instantiated,0,,,,,0,0,ProductView,CategoryView,9,0,never_instantiated,0,,,,,0,0,,CreditCardView,2039783,0,never_instantiated,0,,,,,0,0,,OrderView,4283993,0,never_instantiated,0,,,,,0,0,OrderItemView,,36,0,never_instantiated,0,,,,,0,0,ProductView,CategoryView,9,0,never_instantiated,0,,,,,0,0,,,,,,,,,,,,,,,,,,,,,,,,,,,,,,,,,,,,
q05,4,3,1,1.07,,,73297,0,never_instantiated,0,,,,,0,0,,ProductView,36,0,never_instantiated,0,,,,,0,0,OrderItemView,,4301324,0,never_instantiated,0,,,,,0,0,OrderView,,800000,0,never_instantiated,0,,,,,0,0,TaxRecordView,AddressView,800000,0,never_instantiated,0,,,,,0,0,,,73297,0,never_instantiated,0,,,,,0,0,,CustomerView,800000,0,never_instantiated,0,,,,,0,0,TaxRecordView,AddressView,800000,0,never_instantiated,0,,,,,0,0,OrderView,,800000,0,never_instantiated,0,,,,,0,0,TaxRecordView,AddressView,800000,0,never_instantiated,0,,,,,0,0,,,,,,,,,,,,,,,,,,,,,,,,,,,,,,,,,,,,,,,,,,,,,,,,,,,,,,,,,,,,,,,,,,,,,,,,,,,,,,,,,,,,,,,,,,,,,,,,,,,,,,,,,,,,,,,,,,,,,,,,,,,,,,,,,,,,,,,,,,,,,,,,,,,,,,,,,,,,,,,,,,,,,,,,
q06,4,3,1,1.29,,,9,0,never_instantiated,0,,,,,0,0,,,36,0,never_instantiated,0,,,,,0,0,,,128389,0,never_instantiated,0,,,,,0,0,,OrderView,4283993,0,never_instantiated,0,,,,,0,0,OrderItemView,ProductView,36,0,never_instantiated,0,,,,,0,0,AddressView,,8,0,never_instantiated,0,,,,,0,0,ProductView,,36,0,never_instantiated,0,,,,,0,0,,CustomerView,800000,0,never_instantiated,0,,,,,0,0,,AddressView,800000,0,never_instantiated,0,,,,,0,0,,OrderView,4283993,0,never_instantiated,0,,,,,0,0,OrderItemView,ProductView,36,0,never_instantiated,0,,,,,0,0,ProductView,CategoryView,2,0,never_instantiated,0,,,,,0,0,,,,,,,,,,,,,,,,,,,,,,,,,,,,,,,,,,,,,,,,,,,,,,,,,,,,,,,,,,,,,,,,,,,,,,,,,,,,,,,,,,,,,,,,,,,,,,,,,,,,,,,,,,,,,,,,,,,,,,,,,,,,,,,,,,,,,,,,,,,,,,,,
q07,4,3,1,1.47,,,773859,0,never_instantiated,0,,,,,0,0,,,291451,0,never_instantiated,0,,,,,0,0,OrderItemView,,1021443,0,never_instantiated,0,,,,,0,0,,,486168,0,never_instantiated,0,,,,,0,0,OrderView,CustomerView,800000,0,never_instantiated,0,,,,,0,0,CreditCardView,,5,0,never_instantiated,0,,,,,0,0,,TaxRecordView,291451,0,never_instantiated,0,,,,,0,0,CustomerView,AddressView,800000,0,never_instantiated,0,,,,,0,0,,CategoryView,4,0,never_instantiated,0,,,,,0,0,,ProductView,19,0,never_instantiated,0,,,,,0,0,OrderItemView,,4301324,0,never_instantiated,0,,,,,0,0,OrderView,CustomerView,800000,0,never_instantiated,0,,,,,0,0,,,,,,,,,,,,,,,,,,,,,,,,,,,,,,,,,,,,,,,,,,,,,,,,,,,,,,,,,,,,,,,,,,,,,,,,,,,,,,,,,,,,,,,,,,,,,,,,,,,,,,,,,,,,,,,,,,,,,,,,,,,,,,,,,,,,,,,,,,,,,,,,
q08,4,3,1,5.63,,,1690745,0,never_instantiated,0,,,,,0,0,,,2039783,0,never_instantiated,0,,,,,0,0,,,1727854,0,never_instantiated,0,,,,,0,0,,ProductView,36,0,never_instantiated,0,,,,,0,0,,OrderItemView,12855283,0,never_instantiated,0,,,,,0,0,OrderView,CreditCardView,2039783,0,never_instantiated,0,,,,,0,0,,,2039783,0,never_instantiated,0,,,,,0,0,,,2039783,0,never_instantiated,0,,,,,0,0,CreditCardView,,1586092,0,never_instantiated,0,,,,,0,0,CreditCardView,OrderView,3214641,0,never_instantiated,0,,,,,0,0,OrderItemView,,4593116,0,never_instantiated,0,,,,,0,0,OrderView,CreditCardView,2039783,0,never_instantiated,0,,,,,0,0,,TaxRecordView,800000,0,never_instantiated,0,,,,,0,0,,AddressView,800000,0,never_instantiated,0,,,,,0,0,,CustomerView,800000,0,never_instantiated,0,,,,,0,0,OrderView,CreditCardView,2039783,0,never_instantiated,0,,,,,0,0,,CategoryView,9,0,never_instantiated,0,,,,,0,0,,ProductView,36,0,never_instantiated,0,,,,,0,0,OrderItemView,,4593116,0,never_instantiated,0,,,,,0,0,OrderView,CreditCardView,2039783,0,never_instantiated,0,,,,,0,0,,CategoryView,9,0,never_instantiated,0,,,,,0,0,,ProductView,35,0,never_instantiated,0,,,,,0,0,OrderItemView,,4593116,0,never_instantiated,0,,,,,0,0,OrderView,CreditCardView,2039783,0,never_instantiated,0,,,,,0,0
q01,4,4,1,0.60,OrderItemView,,4301324,0,never_instantiated,0,,,,,0,0,OrderView,,800000,0,never_instantiated,0,,,,,0,0,AddressView,CustomerView,800000,0,never_instantiated,0,,,,,0,0,,,,,,,,,,,,,,,,,,,,,,,,,,,,,,,,,,,,,,,,,,,,,,,,,,,,,,,,,,,,,,,,,,,,,,,,,,,,,,,,,,,,,,,,,,,,,,,,,,,,,,,,,,,,,,,,,,,,,,,,,,,,,,,,,,,,,,,,,,,,,,,,,,,,,,,,,,,,,,,,,,,,,,,,,,,,,,,,,,,,,,,,,,,,,,,,,,,,,,,,,,,,,,,,,,,,,,,,,,,,,,,,,,,,,,,,,,,,,,,,,,,,,,,,,,,,
q02,4,4,1,2.65,,,800000,0,never_instantiated,0,,,,,0,0,,,770796,0,never_instantiated,0,,,,,0,0,,,731189,0,never_instantiated,0,,,,,0,0,,,800000,0,never_instantiated,0,,,,,0,0,,,751547,0,never_instantiated,0,,,,,0,0,,,402948,0,never_instantiated,0,,,,,0,0,CreditCardView,CustomerView,800000,0,never_instantiated,0,,,,,0,0,,TaxRecordView,402948,0,never_instantiated,0,,,,,0,0,AddressView,CustomerView,800000,0,never_instantiated,0,,,,,0,0,,CategoryView,2,0,never_instantiated,0,,,,,0,0,,ProductView,9,0,never_instantiated,0,,,,,0,0,OrderItemView,,4301324,0,never_instantiated,0,,,,,0,0,OrderView,CustomerView,800000,0,never_instantiated,0,,,,,0,0,OrderView,CustomerView,800000,0,never_instantiated,0,,,,,0,0,OrderItemView,,1835997,0,never_instantiated,0,,,,,0,0,OrderView,CustomerView,800000,0,never_instantiated,0,,,,,0,0,,CategoryView,3,0,never_instantiated,0,,,,,0,0,,ProductView,16,0,never_instantiated,0,,,,,0,0,OrderItemView,,4301324,0,never_instantiated,0,,,,,0,0,OrderView,CustomerView,800000,0,never_instantiated,0,,,,,0,0,,CreditCardView,2039783,0,never_instantiated,0,,,,,0,0,OrderView,CustomerView,800000,0,never_instantiated,0,,,,,0,0,,,,,,,,,,,,,,,,,,,,,,,,
q03,4,4,1,1.18,,,800000,0,never_instantiated,0,,,,,0,0,,CategoryView,6,0,never_instantiated,0,,,,,0,0,,TaxRecordView,800000,0,never_instantiated,0,,,,,0,0,,AddressView,800000,0,never_instantiated,0,,,,,0,0,CustomerView,,3430857,0,never_instantiated,0,,,,,0,0,,ProductView,8,0,never_instantiated,0,,,,,0,0,,CreditCardView,1632147,0,never_instantiated,0,,,,,0,0,OrderItemView,OrderView,4283993,0,never_instantiated,0,,,,,0,0,CreditCardView,CustomerView,800000,0,never_instantiated,0,,,,,0,0,,,,,,,,,,,,,,,,,,,,,,,,,,,,,,,,,,,,,,,,,,,,,,,,,,,,,,,,,,,,,,,,,,,,,,,,,,,,,,,,,,,,,,,,,,,,,,,,,,,,,,,,,,,,,,,,,,,,,,,,,,,,,,,,,,,,,,,,,,,,,,,,,,,,,,,,,,,,,,,,,,,,,,,,,,,,,,,,,,,,
q04,4,4,1,4.20,,,9,0,never_instantiated,0,,,,,0,0,,,9,0,never_instantiated,0,,,,,0,0,,,9,0,never_instantiated,0,,,,,0,0,,,9,0,never_instantiated,0,,,,,0,0,,CreditCardView,2039783,0,never_instantiated,0,,,,,0,0,,OrderView,4283993,0,never_instantiated,0,,,,,0,0,OrderItemView,,36,0,never_instantiated,0,,,,,0,0,ProductView,CategoryView,9,0,never_instantiated,0,,,,,0,0,,TaxRecordView,800000,0,never_instantiated,0,,,,,0,0,,AddressView,800000,0,never_instantiated,0,,,,,0,0,,CustomerView,800000,0,never_instantiated,0,,,,,0,0,,OrderView,4283993,0,never_instantiated,0,,,,,0,0,OrderItemView,,36,0,never_instantiated,0,,,,,0,0,ProductView,CategoryView,9,0,never_instantiated,0,,,,,0,0,ProductView,CategoryView,9,0,never_instantiated,0,,,,,0,0,OrderItemView,,36,0,never_instantiated,0,,,,,0,0,ProductView,CategoryView,9,0,never_instantiated,0,,,,,0,0,,CreditCardView,2039783,0,never_instantiated,0,,,,,0,0,,OrderView,4283993,0,never_instantiated,0,,,,,0,0,OrderItemView,,36,0,never_instantiated,0,,,,,0,0,ProductView,CategoryView,9,0,never_instantiated,0,,,,,0,0,,,,,,,,,,,,,,,,,,,,,,,,,,,,,,,,,,,,
q05,4,4,1,1.07,,,73297,0,never_instantiated,0,,,,,0,0,,ProductView,36,0,never_instantiated,0,,,,,0,0,OrderItemView,,4301324,0,never_instantiated,0,,,,,0,0,OrderView,,800000,0,never_instantiated,0,,,,,0,0,TaxRecordView,AddressView,800000,0,never_instantiated,0,,,,,0,0,,,73297,0,never_instantiated,0,,,,,0,0,,CustomerView,800000,0,never_instantiated,0,,,,,0,0,TaxRecordView,AddressView,800000,0,never_instantiated,0,,,,,0,0,OrderView,,800000,0,never_instantiated,0,,,,,0,0,TaxRecordView,AddressView,800000,0,never_instantiated,0,,,,,0,0,,,,,,,,,,,,,,,,,,,,,,,,,,,,,,,,,,,,,,,,,,,,,,,,,,,,,,,,,,,,,,,,,,,,,,,,,,,,,,,,,,,,,,,,,,,,,,,,,,,,,,,,,,,,,,,,,,,,,,,,,,,,,,,,,,,,,,,,,,,,,,,,,,,,,,,,,,,,,,,,,,,,,,,,
q06,4,4,1,1.29,,,9,0,never_instantiated,0,,,,,0,0,,,36,0,never_instantiated,0,,,,,0,0,,,128389,0,never_instantiated,0,,,,,0,0,,OrderView,4283993,0,never_instantiated,0,,,,,0,0,OrderItemView,ProductView,36,0,never_instantiated,0,,,,,0,0,AddressView,,8,0,never_instantiated,0,,,,,0,0,ProductView,,36,0,never_instantiated,0,,,,,0,0,,CustomerView,800000,0,never_instantiated,0,,,,,0,0,,AddressView,800000,0,never_instantiated,0,,,,,0,0,,OrderView,4283993,0,never_instantiated,0,,,,,0,0,OrderItemView,ProductView,36,0,never_instantiated,0,,,,,0,0,ProductView,CategoryView,2,0,never_instantiated,0,,,,,0,0,,,,,,,,,,,,,,,,,,,,,,,,,,,,,,,,,,,,,,,,,,,,,,,,,,,,,,,,,,,,,,,,,,,,,,,,,,,,,,,,,,,,,,,,,,,,,,,,,,,,,,,,,,,,,,,,,,,,,,,,,,,,,,,,,,,,,,,,,,,,,,,,
q07,4,4,1,1.46,,,773859,0,never_instantiated,0,,,,,0,0,,,291451,0,never_instantiated,0,,,,,0,0,OrderItemView,,1021443,0,never_instantiated,0,,,,,0,0,,,486168,0,never_instantiated,0,,,,,0,0,OrderView,CustomerView,800000,0,never_instantiated,0,,,,,0,0,CreditCardView,,5,0,never_instantiated,0,,,,,0,0,,TaxRecordView,291451,0,never_instantiated,0,,,,,0,0,CustomerView,AddressView,800000,0,never_instantiated,0,,,,,0,0,,CategoryView,4,0,never_instantiated,0,,,,,0,0,,ProductView,19,0,never_instantiated,0,,,,,0,0,OrderItemView,,4301324,0,never_instantiated,0,,,,,0,0,OrderView,CustomerView,800000,0,never_instantiated,0,,,,,0,0,,,,,,,,,,,,,,,,,,,,,,,,,,,,,,,,,,,,,,,,,,,,,,,,,,,,,,,,,,,,,,,,,,,,,,,,,,,,,,,,,,,,,,,,,,,,,,,,,,,,,,,,,,,,,,,,,,,,,,,,,,,,,,,,,,,,,,,,,,,,,,,,
q08,4,4,1,5.67,,,1690745,0,never_instantiated,0,,,,,0,0,,,2039783,0,never_instantiated,0,,,,,0,0,,,1727854,0,never_instantiated,0,,,,,0,0,,ProductView,36,0,never_instantiated,0,,,,,0,0,,OrderItemView,12855283,0,never_instantiated,0,,,,,0,0,OrderView,CreditCardView,2039783,0,never_instantiated,0,,,,,0,0,,,2039783,0,never_instantiated,0,,,,,0,0,,,2039783,0,never_instantiated,0,,,,,0,0,CreditCardView,,1586092,0,never_instantiated,0,,,,,0,0,CreditCardView,OrderView,3214641,0,never_instantiated,0,,,,,0,0,OrderItemView,,4593116,0,never_instantiated,0,,,,,0,0,OrderView,CreditCardView,2039783,0,never_instantiated,0,,,,,0,0,,TaxRecordView,800000,0,never_instantiated,0,,,,,0,0,,AddressView,800000,0,never_instantiated,0,,,,,0,0,,CustomerView,800000,0,never_instantiated,0,,,,,0,0,OrderView,CreditCardView,2039783,0,never_instantiated,0,,,,,0,0,,CategoryView,9,0,never_instantiated,0,,,,,0,0,,ProductView,36,0,never_instantiated,0,,,,,0,0,OrderItemView,,4593116,0,never_instantiated,0,,,,,0,0,OrderView,CreditCardView,2039783,0,never_instantiated,0,,,,,0,0,,CategoryView,9,0,never_instantiated,0,,,,,0,0,,ProductView,35,0,never_instantiated,0,,,,,0,0,OrderItemView,,4593116,0,never_instantiated,0,,,,,0,0,OrderView,CreditCardView,2039783,0,never_instantiated,0,,,,,0,0
q01,4,5,1,0.61,OrderItemView,,4301324,0,never_instantiated,0,,,,,0,0,OrderView,,800000,0,never_instantiated,0,,,,,0,0,AddressView,CustomerView,800000,0,never_instantiated,0,,,,,0,0,,,,,,,,,,,,,,,,,,,,,,,,,,,,,,,,,,,,,,,,,,,,,,,,,,,,,,,,,,,,,,,,,,,,,,,,,,,,,,,,,,,,,,,,,,,,,,,,,,,,,,,,,,,,,,,,,,,,,,,,,,,,,,,,,,,,,,,,,,,,,,,,,,,,,,,,,,,,,,,,,,,,,,,,,,,,,,,,,,,,,,,,,,,,,,,,,,,,,,,,,,,,,,,,,,,,,,,,,,,,,,,,,,,,,,,,,,,,,,,,,,,,,,,,,,,,
q02,4,5,1,2.56,,,800000,0,never_instantiated,0,,,,,0,0,,,770796,0,never_instantiated,0,,,,,0,0,,,731189,0,never_instantiated,0,,,,,0,0,,,800000,0,never_instantiated,0,,,,,0,0,,,751547,0,never_instantiated,0,,,,,0,0,,,402948,0,never_instantiated,0,,,,,0,0,CreditCardView,CustomerView,800000,0,never_instantiated,0,,,,,0,0,,TaxRecordView,402948,0,never_instantiated,0,,,,,0,0,AddressView,CustomerView,800000,0,never_instantiated,0,,,,,0,0,,CategoryView,2,0,never_instantiated,0,,,,,0,0,,ProductView,9,0,never_instantiated,0,,,,,0,0,OrderItemView,,4301324,0,never_instantiated,0,,,,,0,0,OrderView,CustomerView,800000,0,never_instantiated,0,,,,,0,0,OrderView,CustomerView,800000,0,never_instantiated,0,,,,,0,0,OrderItemView,,1835997,0,never_instantiated,0,,,,,0,0,OrderView,CustomerView,800000,0,never_instantiated,0,,,,,0,0,,CategoryView,3,0,never_instantiated,0,,,,,0,0,,ProductView,16,0,never_instantiated,0,,,,,0,0,OrderItemView,,4301324,0,never_instantiated,0,,,,,0,0,OrderView,CustomerView,800000,0,never_instantiated,0,,,,,0,0,,CreditCardView,2039783,0,never_instantiated,0,,,,,0,0,OrderView,CustomerView,800000,0,never_instantiated,0,,,,,0,0,,,,,,,,,,,,,,,,,,,,,,,,
q03,4,5,1,1.25,,,800000,0,never_instantiated,0,,,,,0,0,,CategoryView,6,0,never_instantiated,0,,,,,0,0,,TaxRecordView,800000,0,never_instantiated,0,,,,,0,0,,AddressView,800000,0,never_instantiated,0,,,,,0,0,CustomerView,,3430857,0,never_instantiated,0,,,,,0,0,CreditCardView,,4287481,0,never_instantiated,0,,,,,0,0,,ProductView,8,0,never_instantiated,0,,,,,0,0,OrderItemView,OrderView,4283993,0,never_instantiated,0,,,,,0,0,CreditCardView,CustomerView,800000,0,never_instantiated,0,,,,,0,0,,,,,,,,,,,,,,,,,,,,,,,,,,,,,,,,,,,,,,,,,,,,,,,,,,,,,,,,,,,,,,,,,,,,,,,,,,,,,,,,,,,,,,,,,,,,,,,,,,,,,,,,,,,,,,,,,,,,,,,,,,,,,,,,,,,,,,,,,,,,,,,,,,,,,,,,,,,,,,,,,,,,,,,,,,,,,,,,,,,,
q04,4,5,1,4.22,,,9,0,never_instantiated,0,,,,,0,0,,,9,0,never_instantiated,0,,,,,0,0,,,9,0,never_instantiated,0,,,,,0,0,,,9,0,never_instantiated,0,,,,,0,0,,CreditCardView,2039783,0,never_instantiated,0,,,,,0,0,,OrderView,4283993,0,never_instantiated,0,,,,,0,0,OrderItemView,,36,0,never_instantiated,0,,,,,0,0,ProductView,CategoryView,9,0,never_instantiated,0,,,,,0,0,,TaxRecordView,800000,0,never_instantiated,0,,,,,0,0,,AddressView,800000,0,never_instantiated,0,,,,,0,0,,CustomerView,800000,0,never_instantiated,0,,,,,0,0,,OrderView,4283993,0,never_instantiated,0,,,,,0,0,OrderItemView,,36,0,never_instantiated,0,,,,,0,0,ProductView,CategoryView,9,0,never_instantiated,0,,,,,0,0,ProductView,CategoryView,9,0,never_instantiated,0,,,,,0,0,OrderItemView,,36,0,never_instantiated,0,,,,,0,0,ProductView,CategoryView,9,0,never_instantiated,0,,,,,0,0,,CreditCardView,2039783,0,never_instantiated,0,,,,,0,0,,OrderView,4283993,0,never_instantiated,0,,,,,0,0,OrderItemView,,36,0,never_instantiated,0,,,,,0,0,ProductView,CategoryView,9,0,never_instantiated,0,,,,,0,0,,,,,,,,,,,,,,,,,,,,,,,,,,,,,,,,,,,,
q05,4,5,1,1.07,,,73297,0,never_instantiated,0,,,,,0,0,,ProductView,36,0,never_instantiated,0,,,,,0,0,OrderItemView,,4301324,0,never_instantiated,0,,,,,0,0,OrderView,,800000,0,never_instantiated,0,,,,,0,0,TaxRecordView,AddressView,800000,0,never_instantiated,0,,,,,0,0,,,73297,0,never_instantiated,0,,,,,0,0,,CustomerView,800000,0,never_instantiated,0,,,,,0,0,TaxRecordView,AddressView,800000,0,never_instantiated,0,,,,,0,0,OrderView,,800000,0,never_instantiated,0,,,,,0,0,TaxRecordView,AddressView,800000,0,never_instantiated,0,,,,,0,0,,,,,,,,,,,,,,,,,,,,,,,,,,,,,,,,,,,,,,,,,,,,,,,,,,,,,,,,,,,,,,,,,,,,,,,,,,,,,,,,,,,,,,,,,,,,,,,,,,,,,,,,,,,,,,,,,,,,,,,,,,,,,,,,,,,,,,,,,,,,,,,,,,,,,,,,,,,,,,,,,,,,,,,,
q06,4,5,1,1.31,,,9,0,never_instantiated,0,,,,,0,0,,,36,0,never_instantiated,0,,,,,0,0,,,128389,0,never_instantiated,0,,,,,0,0,,OrderView,4283993,0,never_instantiated,0,,,,,0,0,OrderItemView,ProductView,36,0,never_instantiated,0,,,,,0,0,AddressView,,8,0,never_instantiated,0,,,,,0,0,ProductView,,36,0,never_instantiated,0,,,,,0,0,,CustomerView,800000,0,never_instantiated,0,,,,,0,0,,AddressView,800000,0,never_instantiated,0,,,,,0,0,,OrderView,4283993,0,never_instantiated,0,,,,,0,0,OrderItemView,ProductView,36,0,never_instantiated,0,,,,,0,0,ProductView,CategoryView,2,0,never_instantiated,0,,,,,0,0,,,,,,,,,,,,,,,,,,,,,,,,,,,,,,,,,,,,,,,,,,,,,,,,,,,,,,,,,,,,,,,,,,,,,,,,,,,,,,,,,,,,,,,,,,,,,,,,,,,,,,,,,,,,,,,,,,,,,,,,,,,,,,,,,,,,,,,,,,,,,,,,
q07,4,5,1,1.47,,,773859,0,never_instantiated,0,,,,,0,0,,,291451,0,never_instantiated,0,,,,,0,0,OrderItemView,,1021443,0,never_instantiated,0,,,,,0,0,,,486168,0,never_instantiated,0,,,,,0,0,OrderView,CustomerView,800000,0,never_instantiated,0,,,,,0,0,CreditCardView,,5,0,never_instantiated,0,,,,,0,0,,TaxRecordView,291451,0,never_instantiated,0,,,,,0,0,CustomerView,AddressView,800000,0,never_instantiated,0,,,,,0,0,,CategoryView,4,0,never_instantiated,0,,,,,0,0,,ProductView,19,0,never_instantiated,0,,,,,0,0,OrderItemView,,4301324,0,never_instantiated,0,,,,,0,0,OrderView,CustomerView,800000,0,never_instantiated,0,,,,,0,0,,,,,,,,,,,,,,,,,,,,,,,,,,,,,,,,,,,,,,,,,,,,,,,,,,,,,,,,,,,,,,,,,,,,,,,,,,,,,,,,,,,,,,,,,,,,,,,,,,,,,,,,,,,,,,,,,,,,,,,,,,,,,,,,,,,,,,,,,,,,,,,,
q08,4,5,1,5.72,,,1690745,0,never_instantiated,0,,,,,0,0,,,2039783,0,never_instantiated,0,,,,,0,0,,,1727854,0,never_instantiated,0,,,,,0,0,,ProductView,36,0,never_instantiated,0,,,,,0,0,,OrderItemView,12855283,0,never_instantiated,0,,,,,0,0,OrderView,CreditCardView,2039783,0,never_instantiated,0,,,,,0,0,,,2039783,0,never_instantiated,0,,,,,0,0,,,2039783,0,never_instantiated,0,,,,,0,0,CreditCardView,,1586092,0,never_instantiated,0,,,,,0,0,CreditCardView,OrderView,3214641,0,never_instantiated,0,,,,,0,0,OrderItemView,,4593116,0,never_instantiated,0,,,,,0,0,OrderView,CreditCardView,2039783,0,never_instantiated,0,,,,,0,0,,TaxRecordView,800000,0,never_instantiated,0,,,,,0,0,,AddressView,800000,0,never_instantiated,0,,,,,0,0,,CustomerView,800000,0,never_instantiated,0,,,,,0,0,OrderView,CreditCardView,2039783,0,never_instantiated,0,,,,,0,0,,CategoryView,9,0,never_instantiated,0,,,,,0,0,,ProductView,36,0,never_instantiated,0,,,,,0,0,OrderItemView,,4593116,0,never_instantiated,0,,,,,0,0,OrderView,CreditCardView,2039783,0,never_instantiated,0,,,,,0,0,,CategoryView,9,0,never_instantiated,0,,,,,0,0,,ProductView,35,0,never_instantiated,0,,,,,0,0,OrderItemView,,4593116,0,never_instantiated,0,,,,,0,0,OrderView,CreditCardView,2039783,0,never_instantiated,0,,,,,0,0
q01,4,6,1,0.61,OrderItemView,,4301324,0,never_instantiated,0,,,,,0,0,OrderView,,800000,0,never_instantiated,0,,,,,0,0,AddressView,CustomerView,800000,0,never_instantiated,0,,,,,0,0,,,,,,,,,,,,,,,,,,,,,,,,,,,,,,,,,,,,,,,,,,,,,,,,,,,,,,,,,,,,,,,,,,,,,,,,,,,,,,,,,,,,,,,,,,,,,,,,,,,,,,,,,,,,,,,,,,,,,,,,,,,,,,,,,,,,,,,,,,,,,,,,,,,,,,,,,,,,,,,,,,,,,,,,,,,,,,,,,,,,,,,,,,,,,,,,,,,,,,,,,,,,,,,,,,,,,,,,,,,,,,,,,,,,,,,,,,,,,,,,,,,,,,,,,,,,
q02,4,6,1,2.57,,,800000,0,never_instantiated,0,,,,,0,0,,,770796,0,never_instantiated,0,,,,,0,0,,,731189,0,never_instantiated,0,,,,,0,0,,,800000,0,never_instantiated,0,,,,,0,0,,,751547,0,never_instantiated,0,,,,,0,0,,,402948,0,never_instantiated,0,,,,,0,0,CreditCardView,CustomerView,800000,0,never_instantiated,0,,,,,0,0,,TaxRecordView,402948,0,never_instantiated,0,,,,,0,0,AddressView,CustomerView,800000,0,never_instantiated,0,,,,,0,0,,CategoryView,2,0,never_instantiated,0,,,,,0,0,,ProductView,9,0,never_instantiated,0,,,,,0,0,OrderItemView,,4301324,0,never_instantiated,0,,,,,0,0,OrderView,CustomerView,800000,0,never_instantiated,0,,,,,0,0,OrderView,CustomerView,800000,0,never_instantiated,0,,,,,0,0,OrderItemView,,1835997,0,never_instantiated,0,,,,,0,0,OrderView,CustomerView,800000,0,never_instantiated,0,,,,,0,0,,CategoryView,3,0,never_instantiated,0,,,,,0,0,,ProductView,16,0,never_instantiated,0,,,,,0,0,OrderItemView,,4301324,0,never_instantiated,0,,,,,0,0,OrderView,CustomerView,800000,0,never_instantiated,0,,,,,0,0,,CreditCardView,2039783,0,never_instantiated,0,,,,,0,0,OrderView,CustomerView,800000,0,never_instantiated,0,,,,,0,0,,,,,,,,,,,,,,,,,,,,,,,,
q03,4,6,1,1.20,,,800000,0,never_instantiated,0,,,,,0,0,,CategoryView,6,0,never_instantiated,0,,,,,0,0,,TaxRecordView,800000,0,never_instantiated,0,,,,,0,0,,AddressView,800000,0,never_instantiated,0,,,,,0,0,CustomerView,,3430857,0,never_instantiated,0,,,,,0,0,,ProductView,8,0,never_instantiated,0,,,,,0,0,,CreditCardView,1632147,0,never_instantiated,0,,,,,0,0,OrderItemView,OrderView,4283993,0,never_instantiated,0,,,,,0,0,CreditCardView,CustomerView,800000,0,never_instantiated,0,,,,,0,0,,,,,,,,,,,,,,,,,,,,,,,,,,,,,,,,,,,,,,,,,,,,,,,,,,,,,,,,,,,,,,,,,,,,,,,,,,,,,,,,,,,,,,,,,,,,,,,,,,,,,,,,,,,,,,,,,,,,,,,,,,,,,,,,,,,,,,,,,,,,,,,,,,,,,,,,,,,,,,,,,,,,,,,,,,,,,,,,,,,,
q04,4,6,1,4.29,,,9,0,never_instantiated,0,,,,,0,0,,,9,0,never_instantiated,0,,,,,0,0,,,9,0,never_instantiated,0,,,,,0,0,,,9,0,never_instantiated,0,,,,,0,0,,CreditCardView,2039783,0,never_instantiated,0,,,,,0,0,,OrderView,4283993,0,never_instantiated,0,,,,,0,0,OrderItemView,,36,0,never_instantiated,0,,,,,0,0,ProductView,CategoryView,9,0,never_instantiated,0,,,,,0,0,,TaxRecordView,800000,0,never_instantiated,0,,,,,0,0,,AddressView,800000,0,never_instantiated,0,,,,,0,0,,CustomerView,800000,0,never_instantiated,0,,,,,0,0,,OrderView,4283993,0,never_instantiated,0,,,,,0,0,OrderItemView,,36,0,never_instantiated,0,,,,,0,0,ProductView,CategoryView,9,0,never_instantiated,0,,,,,0,0,ProductView,CategoryView,9,0,never_instantiated,0,,,,,0,0,OrderItemView,,36,0,never_instantiated,0,,,,,0,0,ProductView,CategoryView,9,0,never_instantiated,0,,,,,0,0,,CreditCardView,2039783,0,never_instantiated,0,,,,,0,0,,OrderView,4283993,0,never_instantiated,0,,,,,0,0,OrderItemView,,36,0,never_instantiated,0,,,,,0,0,ProductView,CategoryView,9,0,never_instantiated,0,,,,,0,0,,,,,,,,,,,,,,,,,,,,,,,,,,,,,,,,,,,,
q05,4,6,1,1.05,,,73297,0,never_instantiated,0,,,,,0,0,,ProductView,36,0,never_instantiated,0,,,,,0,0,OrderItemView,,4301324,0,never_instantiated,0,,,,,0,0,OrderView,,800000,0,never_instantiated,0,,,,,0,0,TaxRecordView,AddressView,800000,0,never_instantiated,0,,,,,0,0,,,73297,0,never_instantiated,0,,,,,0,0,,CustomerView,800000,0,never_instantiated,0,,,,,0,0,TaxRecordView,AddressView,800000,0,never_instantiated,0,,,,,0,0,OrderView,,800000,0,never_instantiated,0,,,,,0,0,TaxRecordView,AddressView,800000,0,never_instantiated,0,,,,,0,0,,,,,,,,,,,,,,,,,,,,,,,,,,,,,,,,,,,,,,,,,,,,,,,,,,,,,,,,,,,,,,,,,,,,,,,,,,,,,,,,,,,,,,,,,,,,,,,,,,,,,,,,,,,,,,,,,,,,,,,,,,,,,,,,,,,,,,,,,,,,,,,,,,,,,,,,,,,,,,,,,,,,,,,,
q06,4,6,1,1.29,,,9,0,never_instantiated,0,,,,,0,0,,,36,0,never_instantiated,0,,,,,0,0,,,128389,0,never_instantiated,0,,,,,0,0,,OrderView,4283993,0,never_instantiated,0,,,,,0,0,OrderItemView,ProductView,36,0,never_instantiated,0,,,,,0,0,AddressView,,8,0,never_instantiated,0,,,,,0,0,ProductView,,36,0,never_instantiated,0,,,,,0,0,,CustomerView,800000,0,never_instantiated,0,,,,,0,0,,AddressView,800000,0,never_instantiated,0,,,,,0,0,,OrderView,4283993,0,never_instantiated,0,,,,,0,0,OrderItemView,ProductView,36,0,never_instantiated,0,,,,,0,0,ProductView,CategoryView,2,0,never_instantiated,0,,,,,0,0,,,,,,,,,,,,,,,,,,,,,,,,,,,,,,,,,,,,,,,,,,,,,,,,,,,,,,,,,,,,,,,,,,,,,,,,,,,,,,,,,,,,,,,,,,,,,,,,,,,,,,,,,,,,,,,,,,,,,,,,,,,,,,,,,,,,,,,,,,,,,,,,
q07,4,6,1,1.46,,,773859,0,never_instantiated,0,,,,,0,0,,,291451,0,never_instantiated,0,,,,,0,0,OrderItemView,,1021443,0,never_instantiated,0,,,,,0,0,,,486168,0,never_instantiated,0,,,,,0,0,OrderView,CustomerView,800000,0,never_instantiated,0,,,,,0,0,CreditCardView,,5,0,never_instantiated,0,,,,,0,0,,TaxRecordView,291451,0,never_instantiated,0,,,,,0,0,CustomerView,AddressView,800000,0,never_instantiated,0,,,,,0,0,,CategoryView,4,0,never_instantiated,0,,,,,0,0,,ProductView,19,0,never_instantiated,0,,,,,0,0,OrderItemView,,4301324,0,never_instantiated,0,,,,,0,0,OrderView,CustomerView,800000,0,never_instantiated,0,,,,,0,0,,,,,,,,,,,,,,,,,,,,,,,,,,,,,,,,,,,,,,,,,,,,,,,,,,,,,,,,,,,,,,,,,,,,,,,,,,,,,,,,,,,,,,,,,,,,,,,,,,,,,,,,,,,,,,,,,,,,,,,,,,,,,,,,,,,,,,,,,,,,,,,,
q08,4,6,1,5.63,,,1690745,0,never_instantiated,0,,,,,0,0,,,2039783,0,never_instantiated,0,,,,,0,0,,,1727854,0,never_instantiated,0,,,,,0,0,,ProductView,36,0,never_instantiated,0,,,,,0,0,,OrderItemView,12855283,0,never_instantiated,0,,,,,0,0,OrderView,CreditCardView,2039783,0,never_instantiated,0,,,,,0,0,,,2039783,0,never_instantiated,0,,,,,0,0,,,2039783,0,never_instantiated,0,,,,,0,0,CreditCardView,,1586092,0,never_instantiated,0,,,,,0,0,CreditCardView,OrderView,3214641,0,never_instantiated,0,,,,,0,0,OrderItemView,,4593116,0,never_instantiated,0,,,,,0,0,OrderView,CreditCardView,2039783,0,never_instantiated,0,,,,,0,0,,TaxRecordView,800000,0,never_instantiated,0,,,,,0,0,,AddressView,800000,0,never_instantiated,0,,,,,0,0,,CustomerView,800000,0,never_instantiated,0,,,,,0,0,OrderView,CreditCardView,2039783,0,never_instantiated,0,,,,,0,0,,CategoryView,9,0,never_instantiated,0,,,,,0,0,,ProductView,36,0,never_instantiated,0,,,,,0,0,OrderItemView,,4593116,0,never_instantiated,0,,,,,0,0,OrderView,CreditCardView,2039783,0,never_instantiated,0,,,,,0,0,,CategoryView,9,0,never_instantiated,0,,,,,0,0,,ProductView,35,0,never_instantiated,0,,,,,0,0,OrderItemView,,4593116,0,never_instantiated,0,,,,,0,0,OrderView,CreditCardView,2039783,0,never_instantiated,0,,,,,0,0
q01,4,7,1,0.61,OrderItemView,,4301324,0,never_instantiated,0,,,,,0,0,OrderView,,800000,0,never_instantiated,0,,,,,0,0,AddressView,CustomerView,800000,0,never_instantiated,0,,,,,0,0,,,,,,,,,,,,,,,,,,,,,,,,,,,,,,,,,,,,,,,,,,,,,,,,,,,,,,,,,,,,,,,,,,,,,,,,,,,,,,,,,,,,,,,,,,,,,,,,,,,,,,,,,,,,,,,,,,,,,,,,,,,,,,,,,,,,,,,,,,,,,,,,,,,,,,,,,,,,,,,,,,,,,,,,,,,,,,,,,,,,,,,,,,,,,,,,,,,,,,,,,,,,,,,,,,,,,,,,,,,,,,,,,,,,,,,,,,,,,,,,,,,,,,,,,,,,
q02,4,7,1,2.55,,,800000,0,never_instantiated,0,,,,,0,0,,,770796,0,never_instantiated,0,,,,,0,0,,,731189,0,never_instantiated,0,,,,,0,0,,,800000,0,never_instantiated,0,,,,,0,0,,,751547,0,never_instantiated,0,,,,,0,0,,,402948,0,never_instantiated,0,,,,,0,0,CreditCardView,CustomerView,800000,0,never_instantiated,0,,,,,0,0,,TaxRecordView,402948,0,never_instantiated,0,,,,,0,0,AddressView,CustomerView,800000,0,never_instantiated,0,,,,,0,0,,CategoryView,2,0,never_instantiated,0,,,,,0,0,,ProductView,9,0,never_instantiated,0,,,,,0,0,OrderItemView,,4301324,0,never_instantiated,0,,,,,0,0,OrderView,CustomerView,800000,0,never_instantiated,0,,,,,0,0,OrderView,CustomerView,800000,0,never_instantiated,0,,,,,0,0,OrderItemView,,1835997,0,never_instantiated,0,,,,,0,0,OrderView,CustomerView,800000,0,never_instantiated,0,,,,,0,0,,CategoryView,3,0,never_instantiated,0,,,,,0,0,,ProductView,16,0,never_instantiated,0,,,,,0,0,OrderItemView,,4301324,0,never_instantiated,0,,,,,0,0,OrderView,CustomerView,800000,0,never_instantiated,0,,,,,0,0,,CreditCardView,2039783,0,never_instantiated,0,,,,,0,0,OrderView,CustomerView,800000,0,never_instantiated,0,,,,,0,0,,,,,,,,,,,,,,,,,,,,,,,,
q03,4,7,1,1.23,,,800000,0,never_instantiated,0,,,,,0,0,,CategoryView,6,0,never_instantiated,0,,,,,0,0,,TaxRecordView,800000,0,never_instantiated,0,,,,,0,0,,AddressView,800000,0,never_instantiated,0,,,,,0,0,CustomerView,,3430857,0,never_instantiated,0,,,,,0,0,CreditCardView,,4287481,0,never_instantiated,0,,,,,0,0,,ProductView,8,0,never_instantiated,0,,,,,0,0,OrderItemView,OrderView,4283993,0,never_instantiated,0,,,,,0,0,CreditCardView,CustomerView,800000,0,never_instantiated,0,,,,,0,0,,,,,,,,,,,,,,,,,,,,,,,,,,,,,,,,,,,,,,,,,,,,,,,,,,,,,,,,,,,,,,,,,,,,,,,,,,,,,,,,,,,,,,,,,,,,,,,,,,,,,,,,,,,,,,,,,,,,,,,,,,,,,,,,,,,,,,,,,,,,,,,,,,,,,,,,,,,,,,,,,,,,,,,,,,,,,,,,,,,,
q04,4,7,1,4.24,,,9,0,never_instantiated,0,,,,,0,0,,,9,0,never_instantiated,0,,,,,0,0,,,9,0,never_instantiated,0,,,,,0,0,,,9,0,never_instantiated,0,,,,,0,0,,CreditCardView,2039783,0,never_instantiated,0,,,,,0,0,,OrderView,4283993,0,never_instantiated,0,,,,,0,0,OrderItemView,,36,0,never_instantiated,0,,,,,0,0,ProductView,CategoryView,9,0,never_instantiated,0,,,,,0,0,,TaxRecordView,800000,0,never_instantiated,0,,,,,0,0,,AddressView,800000,0,never_instantiated,0,,,,,0,0,,CustomerView,800000,0,never_instantiated,0,,,,,0,0,,OrderView,4283993,0,never_instantiated,0,,,,,0,0,OrderItemView,,36,0,never_instantiated,0,,,,,0,0,ProductView,CategoryView,9,0,never_instantiated,0,,,,,0,0,ProductView,CategoryView,9,0,never_instantiated,0,,,,,0,0,OrderItemView,,36,0,never_instantiated,0,,,,,0,0,ProductView,CategoryView,9,0,never_instantiated,0,,,,,0,0,,CreditCardView,2039783,0,never_instantiated,0,,,,,0,0,,OrderView,4283993,0,never_instantiated,0,,,,,0,0,OrderItemView,,36,0,never_instantiated,0,,,,,0,0,ProductView,CategoryView,9,0,never_instantiated,0,,,,,0,0,,,,,,,,,,,,,,,,,,,,,,,,,,,,,,,,,,,,
q05,4,7,1,1.09,,,73297,0,never_instantiated,0,,,,,0,0,,ProductView,36,0,never_instantiated,0,,,,,0,0,OrderItemView,,4301324,0,never_instantiated,0,,,,,0,0,OrderView,,800000,0,never_instantiated,0,,,,,0,0,TaxRecordView,AddressView,800000,0,never_instantiated,0,,,,,0,0,,,73297,0,never_instantiated,0,,,,,0,0,,CustomerView,800000,0,never_instantiated,0,,,,,0,0,TaxRecordView,AddressView,800000,0,never_instantiated,0,,,,,0,0,OrderView,,800000,0,never_instantiated,0,,,,,0,0,TaxRecordView,AddressView,800000,0,never_instantiated,0,,,,,0,0,,,,,,,,,,,,,,,,,,,,,,,,,,,,,,,,,,,,,,,,,,,,,,,,,,,,,,,,,,,,,,,,,,,,,,,,,,,,,,,,,,,,,,,,,,,,,,,,,,,,,,,,,,,,,,,,,,,,,,,,,,,,,,,,,,,,,,,,,,,,,,,,,,,,,,,,,,,,,,,,,,,,,,,,
q06,4,7,1,1.32,,,9,0,never_instantiated,0,,,,,0,0,,,36,0,never_instantiated,0,,,,,0,0,,,128389,0,never_instantiated,0,,,,,0,0,,OrderView,4283993,0,never_instantiated,0,,,,,0,0,OrderItemView,ProductView,36,0,never_instantiated,0,,,,,0,0,AddressView,,8,0,never_instantiated,0,,,,,0,0,ProductView,,36,0,never_instantiated,0,,,,,0,0,,CustomerView,800000,0,never_instantiated,0,,,,,0,0,,AddressView,800000,0,never_instantiated,0,,,,,0,0,,OrderView,4283993,0,never_instantiated,0,,,,,0,0,OrderItemView,ProductView,36,0,never_instantiated,0,,,,,0,0,ProductView,CategoryView,2,0,never_instantiated,0,,,,,0,0,,,,,,,,,,,,,,,,,,,,,,,,,,,,,,,,,,,,,,,,,,,,,,,,,,,,,,,,,,,,,,,,,,,,,,,,,,,,,,,,,,,,,,,,,,,,,,,,,,,,,,,,,,,,,,,,,,,,,,,,,,,,,,,,,,,,,,,,,,,,,,,,
q07,4,7,1,1.48,,,773859,0,never_instantiated,0,,,,,0,0,,,291451,0,never_instantiated,0,,,,,0,0,OrderItemView,,1021443,0,never_instantiated,0,,,,,0,0,,,486168,0,never_instantiated,0,,,,,0,0,OrderView,CustomerView,800000,0,never_instantiated,0,,,,,0,0,CreditCardView,,5,0,never_instantiated,0,,,,,0,0,,TaxRecordView,291451,0,never_instantiated,0,,,,,0,0,CustomerView,AddressView,800000,0,never_instantiated,0,,,,,0,0,,CategoryView,4,0,never_instantiated,0,,,,,0,0,,ProductView,19,0,never_instantiated,0,,,,,0,0,OrderItemView,,4301324,0,never_instantiated,0,,,,,0,0,OrderView,CustomerView,800000,0,never_instantiated,0,,,,,0,0,,,,,,,,,,,,,,,,,,,,,,,,,,,,,,,,,,,,,,,,,,,,,,,,,,,,,,,,,,,,,,,,,,,,,,,,,,,,,,,,,,,,,,,,,,,,,,,,,,,,,,,,,,,,,,,,,,,,,,,,,,,,,,,,,,,,,,,,,,,,,,,,
q08,4,7,1,5.65,,,1690745,0,never_instantiated,0,,,,,0,0,,,2039783,0,never_instantiated,0,,,,,0,0,,,1727854,0,never_instantiated,0,,,,,0,0,,ProductView,36,0,never_instantiated,0,,,,,0,0,,OrderItemView,12855283,0,never_instantiated,0,,,,,0,0,OrderView,CreditCardView,2039783,0,never_instantiated,0,,,,,0,0,,,2039783,0,never_instantiated,0,,,,,0,0,,,2039783,0,never_instantiated,0,,,,,0,0,CreditCardView,,1586092,0,never_instantiated,0,,,,,0,0,CreditCardView,OrderView,3214641,0,never_instantiated,0,,,,,0,0,OrderItemView,,4593116,0,never_instantiated,0,,,,,0,0,OrderView,CreditCardView,2039783,0,never_instantiated,0,,,,,0,0,,TaxRecordView,800000,0,never_instantiated,0,,,,,0,0,,AddressView,800000,0,never_instantiated,0,,,,,0,0,,CustomerView,800000,0,never_instantiated,0,,,,,0,0,OrderView,CreditCardView,2039783,0,never_instantiated,0,,,,,0,0,,CategoryView,9,0,never_instantiated,0,,,,,0,0,,ProductView,36,0,never_instantiated,0,,,,,0,0,OrderItemView,,4593116,0,never_instantiated,0,,,,,0,0,OrderView,CreditCardView,2039783,0,never_instantiated,0,,,,,0,0,,CategoryView,9,0,never_instantiated,0,,,,,0,0,,ProductView,35,0,never_instantiated,0,,,,,0,0,OrderItemView,,4593116,0,never_instantiated,0,,,,,0,0,OrderView,CreditCardView,2039783,0,never_instantiated,0,,,,,0,0
q01,4,8,1,0.60,OrderItemView,,4301324,0,never_instantiated,0,,,,,0,0,OrderView,,800000,0,never_instantiated,0,,,,,0,0,AddressView,CustomerView,800000,0,never_instantiated,0,,,,,0,0,,,,,,,,,,,,,,,,,,,,,,,,,,,,,,,,,,,,,,,,,,,,,,,,,,,,,,,,,,,,,,,,,,,,,,,,,,,,,,,,,,,,,,,,,,,,,,,,,,,,,,,,,,,,,,,,,,,,,,,,,,,,,,,,,,,,,,,,,,,,,,,,,,,,,,,,,,,,,,,,,,,,,,,,,,,,,,,,,,,,,,,,,,,,,,,,,,,,,,,,,,,,,,,,,,,,,,,,,,,,,,,,,,,,,,,,,,,,,,,,,,,,,,,,,,,,
q02,4,8,1,2.57,,,800000,0,never_instantiated,0,,,,,0,0,,,770796,0,never_instantiated,0,,,,,0,0,,,731189,0,never_instantiated,0,,,,,0,0,,,800000,0,never_instantiated,0,,,,,0,0,,,751547,0,never_instantiated,0,,,,,0,0,,,402948,0,never_instantiated,0,,,,,0,0,CreditCardView,CustomerView,800000,0,never_instantiated,0,,,,,0,0,,TaxRecordView,402948,0,never_instantiated,0,,,,,0,0,AddressView,CustomerView,800000,0,never_instantiated,0,,,,,0,0,,CategoryView,2,0,never_instantiated,0,,,,,0,0,,ProductView,9,0,never_instantiated,0,,,,,0,0,OrderItemView,,4301324,0,never_instantiated,0,,,,,0,0,OrderView,CustomerView,800000,0,never_instantiated,0,,,,,0,0,OrderView,CustomerView,800000,0,never_instantiated,0,,,,,0,0,OrderItemView,,1835997,0,never_instantiated,0,,,,,0,0,OrderView,CustomerView,800000,0,never_instantiated,0,,,,,0,0,,CategoryView,3,0,never_instantiated,0,,,,,0,0,,ProductView,16,0,never_instantiated,0,,,,,0,0,OrderItemView,,4301324,0,never_instantiated,0,,,,,0,0,OrderView,CustomerView,800000,0,never_instantiated,0,,,,,0,0,,CreditCardView,2039783,0,never_instantiated,0,,,,,0,0,OrderView,CustomerView,800000,0,never_instantiated,0,,,,,0,0,,,,,,,,,,,,,,,,,,,,,,,,
q03,4,8,1,1.18,,,800000,0,never_instantiated,0,,,,,0,0,,CategoryView,6,0,never_instantiated,0,,,,,0,0,,TaxRecordView,800000,0,never_instantiated,0,,,,,0,0,,AddressView,800000,0,never_instantiated,0,,,,,0,0,CustomerView,,3430857,0,never_instantiated,0,,,,,0,0,,ProductView,8,0,never_instantiated,0,,,,,0,0,,CreditCardView,1632147,0,never_instantiated,0,,,,,0,0,OrderItemView,OrderView,4283993,0,never_instantiated,0,,,,,0,0,CreditCardView,CustomerView,800000,0,never_instantiated,0,,,,,0,0,,,,,,,,,,,,,,,,,,,,,,,,,,,,,,,,,,,,,,,,,,,,,,,,,,,,,,,,,,,,,,,,,,,,,,,,,,,,,,,,,,,,,,,,,,,,,,,,,,,,,,,,,,,,,,,,,,,,,,,,,,,,,,,,,,,,,,,,,,,,,,,,,,,,,,,,,,,,,,,,,,,,,,,,,,,,,,,,,,,,
q04,4,8,1,4.26,,,9,0,never_instantiated,0,,,,,0,0,,,9,0,never_instantiated,0,,,,,0,0,,,9,0,never_instantiated,0,,,,,0,0,,,9,0,never_instantiated,0,,,,,0,0,,CreditCardView,2039783,0,never_instantiated,0,,,,,0,0,,OrderView,4283993,0,never_instantiated,0,,,,,0,0,OrderItemView,,36,0,never_instantiated,0,,,,,0,0,ProductView,CategoryView,9,0,never_instantiated,0,,,,,0,0,,TaxRecordView,800000,0,never_instantiated,0,,,,,0,0,,AddressView,800000,0,never_instantiated,0,,,,,0,0,,CustomerView,800000,0,never_instantiated,0,,,,,0,0,,OrderView,4283993,0,never_instantiated,0,,,,,0,0,OrderItemView,,36,0,never_instantiated,0,,,,,0,0,ProductView,CategoryView,9,0,never_instantiated,0,,,,,0,0,ProductView,CategoryView,9,0,never_instantiated,0,,,,,0,0,OrderItemView,,36,0,never_instantiated,0,,,,,0,0,ProductView,CategoryView,9,0,never_instantiated,0,,,,,0,0,,CreditCardView,2039783,0,never_instantiated,0,,,,,0,0,,OrderView,4283993,0,never_instantiated,0,,,,,0,0,OrderItemView,,36,0,never_instantiated,0,,,,,0,0,ProductView,CategoryView,9,0,never_instantiated,0,,,,,0,0,,,,,,,,,,,,,,,,,,,,,,,,,,,,,,,,,,,,
q05,4,8,1,1.07,,,73297,0,never_instantiated,0,,,,,0,0,,ProductView,36,0,never_instantiated,0,,,,,0,0,OrderItemView,,4301324,0,never_instantiated,0,,,,,0,0,OrderView,,800000,0,never_instantiated,0,,,,,0,0,TaxRecordView,AddressView,800000,0,never_instantiated,0,,,,,0,0,,,73297,0,never_instantiated,0,,,,,0,0,,CustomerView,800000,0,never_instantiated,0,,,,,0,0,TaxRecordView,AddressView,800000,0,never_instantiated,0,,,,,0,0,OrderView,,800000,0,never_instantiated,0,,,,,0,0,TaxRecordView,AddressView,800000,0,never_instantiated,0,,,,,0,0,,,,,,,,,,,,,,,,,,,,,,,,,,,,,,,,,,,,,,,,,,,,,,,,,,,,,,,,,,,,,,,,,,,,,,,,,,,,,,,,,,,,,,,,,,,,,,,,,,,,,,,,,,,,,,,,,,,,,,,,,,,,,,,,,,,,,,,,,,,,,,,,,,,,,,,,,,,,,,,,,,,,,,,,
q06,4,8,1,1.30,,,9,0,never_instantiated,0,,,,,0,0,,,36,0,never_instantiated,0,,,,,0,0,,,128389,0,never_instantiated,0,,,,,0,0,,OrderView,4283993,0,never_instantiated,0,,,,,0,0,OrderItemView,ProductView,36,0,never_instantiated,0,,,,,0,0,AddressView,,8,0,never_instantiated,0,,,,,0,0,ProductView,,36,0,never_instantiated,0,,,,,0,0,,CustomerView,800000,0,never_instantiated,0,,,,,0,0,,AddressView,800000,0,never_instantiated,0,,,,,0,0,,OrderView,4283993,0,never_instantiated,0,,,,,0,0,OrderItemView,ProductView,36,0,never_instantiated,0,,,,,0,0,ProductView,CategoryView,2,0,never_instantiated,0,,,,,0,0,,,,,,,,,,,,,,,,,,,,,,,,,,,,,,,,,,,,,,,,,,,,,,,,,,,,,,,,,,,,,,,,,,,,,,,,,,,,,,,,,,,,,,,,,,,,,,,,,,,,,,,,,,,,,,,,,,,,,,,,,,,,,,,,,,,,,,,,,,,,,,,,
q07,4,8,1,1.49,,,773859,0,never_instantiated,0,,,,,0,0,,,291451,0,never_instantiated,0,,,,,0,0,OrderItemView,,1021443,0,never_instantiated,0,,,,,0,0,,,486168,0,never_instantiated,0,,,,,0,0,OrderView,CustomerView,800000,0,never_instantiated,0,,,,,0,0,CreditCardView,,5,0,never_instantiated,0,,,,,0,0,,TaxRecordView,291451,0,never_instantiated,0,,,,,0,0,CustomerView,AddressView,800000,0,never_instantiated,0,,,,,0,0,,CategoryView,4,0,never_instantiated,0,,,,,0,0,,ProductView,19,0,never_instantiated,0,,,,,0,0,OrderItemView,,4301324,0,never_instantiated,0,,,,,0,0,OrderView,CustomerView,800000,0,never_instantiated,0,,,,,0,0,,,,,,,,,,,,,,,,,,,,,,,,,,,,,,,,,,,,,,,,,,,,,,,,,,,,,,,,,,,,,,,,,,,,,,,,,,,,,,,,,,,,,,,,,,,,,,,,,,,,,,,,,,,,,,,,,,,,,,,,,,,,,,,,,,,,,,,,,,,,,,,,
q08,4,8,1,5.64,,,1690745,0,never_instantiated,0,,,,,0,0,,,2039783,0,never_instantiated,0,,,,,0,0,,,1727854,0,never_instantiated,0,,,,,0,0,,ProductView,36,0,never_instantiated,0,,,,,0,0,,OrderItemView,12855283,0,never_instantiated,0,,,,,0,0,OrderView,CreditCardView,2039783,0,never_instantiated,0,,,,,0,0,,,2039783,0,never_instantiated,0,,,,,0,0,,,2039783,0,never_instantiated,0,,,,,0,0,CreditCardView,,1586092,0,never_instantiated,0,,,,,0,0,CreditCardView,OrderView,3214641,0,never_instantiated,0,,,,,0,0,OrderItemView,,4593116,0,never_instantiated,0,,,,,0,0,OrderView,CreditCardView,2039783,0,never_instantiated,0,,,,,0,0,,TaxRecordView,800000,0,never_instantiated,0,,,,,0,0,,AddressView,800000,0,never_instantiated,0,,,,,0,0,,CustomerView,800000,0,never_instantiated,0,,,,,0,0,OrderView,CreditCardView,2039783,0,never_instantiated,0,,,,,0,0,,CategoryView,9,0,never_instantiated,0,,,,,0,0,,ProductView,36,0,never_instantiated,0,,,,,0,0,OrderItemView,,4593116,0,never_instantiated,0,,,,,0,0,OrderView,CreditCardView,2039783,0,never_instantiated,0,,,,,0,0,,CategoryView,9,0,never_instantiated,0,,,,,0,0,,ProductView,35,0,never_instantiated,0,,,,,0,0,OrderItemView,,4593116,0,never_instantiated,0,,,,,0,0,OrderView,CreditCardView,2039783,0,never_instantiated,0,,,,,0,0
q01,4,9,1,0.62,OrderItemView,,4301324,0,never_instantiated,0,,,,,0,0,OrderView,,800000,0,never_instantiated,0,,,,,0,0,AddressView,CustomerView,800000,0,never_instantiated,0,,,,,0,0,,,,,,,,,,,,,,,,,,,,,,,,,,,,,,,,,,,,,,,,,,,,,,,,,,,,,,,,,,,,,,,,,,,,,,,,,,,,,,,,,,,,,,,,,,,,,,,,,,,,,,,,,,,,,,,,,,,,,,,,,,,,,,,,,,,,,,,,,,,,,,,,,,,,,,,,,,,,,,,,,,,,,,,,,,,,,,,,,,,,,,,,,,,,,,,,,,,,,,,,,,,,,,,,,,,,,,,,,,,,,,,,,,,,,,,,,,,,,,,,,,,,,,,,,,,,
q02,4,9,1,2.57,,,800000,0,never_instantiated,0,,,,,0,0,,,770796,0,never_instantiated,0,,,,,0,0,,,731189,0,never_instantiated,0,,,,,0,0,,,800000,0,never_instantiated,0,,,,,0,0,,,751547,0,never_instantiated,0,,,,,0,0,,,402948,0,never_instantiated,0,,,,,0,0,CreditCardView,CustomerView,800000,0,never_instantiated,0,,,,,0,0,,TaxRecordView,402948,0,never_instantiated,0,,,,,0,0,AddressView,CustomerView,800000,0,never_instantiated,0,,,,,0,0,,CategoryView,2,0,never_instantiated,0,,,,,0,0,,ProductView,9,0,never_instantiated,0,,,,,0,0,OrderItemView,,4301324,0,never_instantiated,0,,,,,0,0,OrderView,CustomerView,800000,0,never_instantiated,0,,,,,0,0,OrderView,CustomerView,800000,0,never_instantiated,0,,,,,0,0,OrderItemView,,1835997,0,never_instantiated,0,,,,,0,0,OrderView,CustomerView,800000,0,never_instantiated,0,,,,,0,0,,CategoryView,3,0,never_instantiated,0,,,,,0,0,,ProductView,16,0,never_instantiated,0,,,,,0,0,OrderItemView,,4301324,0,never_instantiated,0,,,,,0,0,OrderView,CustomerView,800000,0,never_instantiated,0,,,,,0,0,,CreditCardView,2039783,0,never_instantiated,0,,,,,0,0,OrderView,CustomerView,800000,0,never_instantiated,0,,,,,0,0,,,,,,,,,,,,,,,,,,,,,,,,
q03,4,9,1,1.24,,,800000,0,never_instantiated,0,,,,,0,0,,CategoryView,6,0,never_instantiated,0,,,,,0,0,,TaxRecordView,800000,0,never_instantiated,0,,,,,0,0,,AddressView,800000,0,never_instantiated,0,,,,,0,0,CustomerView,,3430857,0,never_instantiated,0,,,,,0,0,CreditCardView,,4287481,0,never_instantiated,0,,,,,0,0,,ProductView,8,0,never_instantiated,0,,,,,0,0,OrderItemView,OrderView,4283993,0,never_instantiated,0,,,,,0,0,CreditCardView,CustomerView,800000,0,never_instantiated,0,,,,,0,0,,,,,,,,,,,,,,,,,,,,,,,,,,,,,,,,,,,,,,,,,,,,,,,,,,,,,,,,,,,,,,,,,,,,,,,,,,,,,,,,,,,,,,,,,,,,,,,,,,,,,,,,,,,,,,,,,,,,,,,,,,,,,,,,,,,,,,,,,,,,,,,,,,,,,,,,,,,,,,,,,,,,,,,,,,,,,,,,,,,,
q04,4,9,1,4.25,,,9,0,never_instantiated,0,,,,,0,0,,,9,0,never_instantiated,0,,,,,0,0,,,9,0,never_instantiated,0,,,,,0,0,,,9,0,never_instantiated,0,,,,,0,0,,CreditCardView,2039783,0,never_instantiated,0,,,,,0,0,,OrderView,4283993,0,never_instantiated,0,,,,,0,0,OrderItemView,,36,0,never_instantiated,0,,,,,0,0,ProductView,CategoryView,9,0,never_instantiated,0,,,,,0,0,,TaxRecordView,800000,0,never_instantiated,0,,,,,0,0,,AddressView,800000,0,never_instantiated,0,,,,,0,0,,CustomerView,800000,0,never_instantiated,0,,,,,0,0,,OrderView,4283993,0,never_instantiated,0,,,,,0,0,OrderItemView,,36,0,never_instantiated,0,,,,,0,0,ProductView,CategoryView,9,0,never_instantiated,0,,,,,0,0,ProductView,CategoryView,9,0,never_instantiated,0,,,,,0,0,OrderItemView,,36,0,never_instantiated,0,,,,,0,0,ProductView,CategoryView,9,0,never_instantiated,0,,,,,0,0,,CreditCardView,2039783,0,never_instantiated,0,,,,,0,0,,OrderView,4283993,0,never_instantiated,0,,,,,0,0,OrderItemView,,36,0,never_instantiated,0,,,,,0,0,ProductView,CategoryView,9,0,never_instantiated,0,,,,,0,0,,,,,,,,,,,,,,,,,,,,,,,,,,,,,,,,,,,,
q05,4,9,1,1.06,,,73297,0,never_instantiated,0,,,,,0,0,,ProductView,36,0,never_instantiated,0,,,,,0,0,OrderItemView,,4301324,0,never_instantiated,0,,,,,0,0,OrderView,,800000,0,never_instantiated,0,,,,,0,0,TaxRecordView,AddressView,800000,0,never_instantiated,0,,,,,0,0,,,73297,0,never_instantiated,0,,,,,0,0,,CustomerView,800000,0,never_instantiated,0,,,,,0,0,TaxRecordView,AddressView,800000,0,never_instantiated,0,,,,,0,0,OrderView,,800000,0,never_instantiated,0,,,,,0,0,TaxRecordView,AddressView,800000,0,never_instantiated,0,,,,,0,0,,,,,,,,,,,,,,,,,,,,,,,,,,,,,,,,,,,,,,,,,,,,,,,,,,,,,,,,,,,,,,,,,,,,,,,,,,,,,,,,,,,,,,,,,,,,,,,,,,,,,,,,,,,,,,,,,,,,,,,,,,,,,,,,,,,,,,,,,,,,,,,,,,,,,,,,,,,,,,,,,,,,,,,,
q06,4,9,1,1.31,,,9,0,never_instantiated,0,,,,,0,0,,,36,0,never_instantiated,0,,,,,0,0,,,128389,0,never_instantiated,0,,,,,0,0,,OrderView,4283993,0,never_instantiated,0,,,,,0,0,OrderItemView,ProductView,36,0,never_instantiated,0,,,,,0,0,AddressView,,8,0,never_instantiated,0,,,,,0,0,ProductView,,36,0,never_instantiated,0,,,,,0,0,,CustomerView,800000,0,never_instantiated,0,,,,,0,0,,AddressView,800000,0,never_instantiated,0,,,,,0,0,,OrderView,4283993,0,never_instantiated,0,,,,,0,0,OrderItemView,ProductView,36,0,never_instantiated,0,,,,,0,0,ProductView,CategoryView,2,0,never_instantiated,0,,,,,0,0,,,,,,,,,,,,,,,,,,,,,,,,,,,,,,,,,,,,,,,,,,,,,,,,,,,,,,,,,,,,,,,,,,,,,,,,,,,,,,,,,,,,,,,,,,,,,,,,,,,,,,,,,,,,,,,,,,,,,,,,,,,,,,,,,,,,,,,,,,,,,,,,
q07,4,9,1,1.48,,,773859,0,never_instantiated,0,,,,,0,0,,,291451,0,never_instantiated,0,,,,,0,0,OrderItemView,,1021443,0,never_instantiated,0,,,,,0,0,,,486168,0,never_instantiated,0,,,,,0,0,OrderView,CustomerView,800000,0,never_instantiated,0,,,,,0,0,CreditCardView,,5,0,never_instantiated,0,,,,,0,0,,TaxRecordView,291451,0,never_instantiated,0,,,,,0,0,CustomerView,AddressView,800000,0,never_instantiated,0,,,,,0,0,,CategoryView,4,0,never_instantiated,0,,,,,0,0,,ProductView,19,0,never_instantiated,0,,,,,0,0,OrderItemView,,4301324,0,never_instantiated,0,,,,,0,0,OrderView,CustomerView,800000,0,never_instantiated,0,,,,,0,0,,,,,,,,,,,,,,,,,,,,,,,,,,,,,,,,,,,,,,,,,,,,,,,,,,,,,,,,,,,,,,,,,,,,,,,,,,,,,,,,,,,,,,,,,,,,,,,,,,,,,,,,,,,,,,,,,,,,,,,,,,,,,,,,,,,,,,,,,,,,,,,,
q08,4,9,1,5.55,,,1690745,0,never_instantiated,0,,,,,0,0,,,2039783,0,never_instantiated,0,,,,,0,0,,,1727854,0,never_instantiated,0,,,,,0,0,,ProductView,36,0,never_instantiated,0,,,,,0,0,,OrderItemView,12855283,0,never_instantiated,0,,,,,0,0,OrderView,CreditCardView,2039783,0,never_instantiated,0,,,,,0,0,,,2039783,0,never_instantiated,0,,,,,0,0,,,2039783,0,never_instantiated,0,,,,,0,0,CreditCardView,,1586092,0,never_instantiated,0,,,,,0,0,CreditCardView,OrderView,3214641,0,never_instantiated,0,,,,,0,0,OrderItemView,,4593116,0,never_instantiated,0,,,,,0,0,OrderView,CreditCardView,2039783,0,never_instantiated,0,,,,,0,0,,TaxRecordView,800000,0,never_instantiated,0,,,,,0,0,,AddressView,800000,0,never_instantiated,0,,,,,0,0,,CustomerView,800000,0,never_instantiated,0,,,,,0,0,OrderView,CreditCardView,2039783,0,never_instantiated,0,,,,,0,0,,CategoryView,9,0,never_instantiated,0,,,,,0,0,,ProductView,36,0,never_instantiated,0,,,,,0,0,OrderItemView,,4593116,0,never_instantiated,0,,,,,0,0,OrderView,CreditCardView,2039783,0,never_instantiated,0,,,,,0,0,,CategoryView,9,0,never_instantiated,0,,,,,0,0,,ProductView,35,0,never_instantiated,0,,,,,0,0,OrderItemView,,4593116,0,never_instantiated,0,,,,,0,0,OrderView,CreditCardView,2039783,0,never_instantiated,0,,,,,0,0
q01,4,10,1,0.62,OrderItemView,,4301324,0,never_instantiated,0,,,,,0,0,OrderView,,800000,0,never_instantiated,0,,,,,0,0,AddressView,CustomerView,800000,0,never_instantiated,0,,,,,0,0,,,,,,,,,,,,,,,,,,,,,,,,,,,,,,,,,,,,,,,,,,,,,,,,,,,,,,,,,,,,,,,,,,,,,,,,,,,,,,,,,,,,,,,,,,,,,,,,,,,,,,,,,,,,,,,,,,,,,,,,,,,,,,,,,,,,,,,,,,,,,,,,,,,,,,,,,,,,,,,,,,,,,,,,,,,,,,,,,,,,,,,,,,,,,,,,,,,,,,,,,,,,,,,,,,,,,,,,,,,,,,,,,,,,,,,,,,,,,,,,,,,,,,,,,,,,
q02,4,10,1,2.58,,,800000,0,never_instantiated,0,,,,,0,0,,,770796,0,never_instantiated,0,,,,,0,0,,,731189,0,never_instantiated,0,,,,,0,0,,,800000,0,never_instantiated,0,,,,,0,0,,,751547,0,never_instantiated,0,,,,,0,0,,,402948,0,never_instantiated,0,,,,,0,0,CreditCardView,CustomerView,800000,0,never_instantiated,0,,,,,0,0,,TaxRecordView,402948,0,never_instantiated,0,,,,,0,0,AddressView,CustomerView,800000,0,never_instantiated,0,,,,,0,0,,CategoryView,2,0,never_instantiated,0,,,,,0,0,,ProductView,9,0,never_instantiated,0,,,,,0,0,OrderItemView,,4301324,0,never_instantiated,0,,,,,0,0,OrderView,CustomerView,800000,0,never_instantiated,0,,,,,0,0,OrderView,CustomerView,800000,0,never_instantiated,0,,,,,0,0,OrderItemView,,1835997,0,never_instantiated,0,,,,,0,0,OrderView,CustomerView,800000,0,never_instantiated,0,,,,,0,0,,CategoryView,3,0,never_instantiated,0,,,,,0,0,,ProductView,16,0,never_instantiated,0,,,,,0,0,OrderItemView,,4301324,0,never_instantiated,0,,,,,0,0,OrderView,CustomerView,800000,0,never_instantiated,0,,,,,0,0,,CreditCardView,2039783,0,never_instantiated,0,,,,,0,0,OrderView,CustomerView,800000,0,never_instantiated,0,,,,,0,0,,,,,,,,,,,,,,,,,,,,,,,,
q03,4,10,1,1.25,,,800000,0,never_instantiated,0,,,,,0,0,,CategoryView,6,0,never_instantiated,0,,,,,0,0,,TaxRecordView,800000,0,never_instantiated,0,,,,,0,0,,AddressView,800000,0,never_instantiated,0,,,,,0,0,CustomerView,,3430857,0,never_instantiated,0,,,,,0,0,CreditCardView,,4287481,0,never_instantiated,0,,,,,0,0,,ProductView,8,0,never_instantiated,0,,,,,0,0,OrderItemView,OrderView,4283993,0,never_instantiated,0,,,,,0,0,CreditCardView,CustomerView,800000,0,never_instantiated,0,,,,,0,0,,,,,,,,,,,,,,,,,,,,,,,,,,,,,,,,,,,,,,,,,,,,,,,,,,,,,,,,,,,,,,,,,,,,,,,,,,,,,,,,,,,,,,,,,,,,,,,,,,,,,,,,,,,,,,,,,,,,,,,,,,,,,,,,,,,,,,,,,,,,,,,,,,,,,,,,,,,,,,,,,,,,,,,,,,,,,,,,,,,,
q04,4,10,1,4.26,,,9,0,never_instantiated,0,,,,,0,0,,,9,0,never_instantiated,0,,,,,0,0,,,9,0,never_instantiated,0,,,,,0,0,,,9,0,never_instantiated,0,,,,,0,0,,CreditCardView,2039783,0,never_instantiated,0,,,,,0,0,,OrderView,4283993,0,never_instantiated,0,,,,,0,0,OrderItemView,,36,0,never_instantiated,0,,,,,0,0,ProductView,CategoryView,9,0,never_instantiated,0,,,,,0,0,,TaxRecordView,800000,0,never_instantiated,0,,,,,0,0,,AddressView,800000,0,never_instantiated,0,,,,,0,0,,CustomerView,800000,0,never_instantiated,0,,,,,0,0,,OrderView,4283993,0,never_instantiated,0,,,,,0,0,OrderItemView,,36,0,never_instantiated,0,,,,,0,0,ProductView,CategoryView,9,0,never_instantiated,0,,,,,0,0,ProductView,CategoryView,9,0,never_instantiated,0,,,,,0,0,OrderItemView,,36,0,never_instantiated,0,,,,,0,0,ProductView,CategoryView,9,0,never_instantiated,0,,,,,0,0,,CreditCardView,2039783,0,never_instantiated,0,,,,,0,0,,OrderView,4283993,0,never_instantiated,0,,,,,0,0,OrderItemView,,36,0,never_instantiated,0,,,,,0,0,ProductView,CategoryView,9,0,never_instantiated,0,,,,,0,0,,,,,,,,,,,,,,,,,,,,,,,,,,,,,,,,,,,,
q05,4,10,1,1.06,,,73297,0,never_instantiated,0,,,,,0,0,,ProductView,36,0,never_instantiated,0,,,,,0,0,OrderItemView,,4301324,0,never_instantiated,0,,,,,0,0,OrderView,,800000,0,never_instantiated,0,,,,,0,0,TaxRecordView,AddressView,800000,0,never_instantiated,0,,,,,0,0,,,73297,0,never_instantiated,0,,,,,0,0,,CustomerView,800000,0,never_instantiated,0,,,,,0,0,TaxRecordView,AddressView,800000,0,never_instantiated,0,,,,,0,0,OrderView,,800000,0,never_instantiated,0,,,,,0,0,TaxRecordView,AddressView,800000,0,never_instantiated,0,,,,,0,0,,,,,,,,,,,,,,,,,,,,,,,,,,,,,,,,,,,,,,,,,,,,,,,,,,,,,,,,,,,,,,,,,,,,,,,,,,,,,,,,,,,,,,,,,,,,,,,,,,,,,,,,,,,,,,,,,,,,,,,,,,,,,,,,,,,,,,,,,,,,,,,,,,,,,,,,,,,,,,,,,,,,,,,,
q06,4,10,1,1.31,,,9,0,never_instantiated,0,,,,,0,0,,,36,0,never_instantiated,0,,,,,0,0,,,128389,0,never_instantiated,0,,,,,0,0,,OrderView,4283993,0,never_instantiated,0,,,,,0,0,OrderItemView,ProductView,36,0,never_instantiated,0,,,,,0,0,AddressView,,8,0,never_instantiated,0,,,,,0,0,ProductView,,36,0,never_instantiated,0,,,,,0,0,,CustomerView,800000,0,never_instantiated,0,,,,,0,0,,AddressView,800000,0,never_instantiated,0,,,,,0,0,,OrderView,4283993,0,never_instantiated,0,,,,,0,0,OrderItemView,ProductView,36,0,never_instantiated,0,,,,,0,0,ProductView,CategoryView,2,0,never_instantiated,0,,,,,0,0,,,,,,,,,,,,,,,,,,,,,,,,,,,,,,,,,,,,,,,,,,,,,,,,,,,,,,,,,,,,,,,,,,,,,,,,,,,,,,,,,,,,,,,,,,,,,,,,,,,,,,,,,,,,,,,,,,,,,,,,,,,,,,,,,,,,,,,,,,,,,,,,
q07,4,10,1,1.47,,,773859,0,never_instantiated,0,,,,,0,0,,,291451,0,never_instantiated,0,,,,,0,0,OrderItemView,,1021443,0,never_instantiated,0,,,,,0,0,,,486168,0,never_instantiated,0,,,,,0,0,OrderView,CustomerView,800000,0,never_instantiated,0,,,,,0,0,CreditCardView,,5,0,never_instantiated,0,,,,,0,0,,TaxRecordView,291451,0,never_instantiated,0,,,,,0,0,CustomerView,AddressView,800000,0,never_instantiated,0,,,,,0,0,,CategoryView,4,0,never_instantiated,0,,,,,0,0,,ProductView,19,0,never_instantiated,0,,,,,0,0,OrderItemView,,4301324,0,never_instantiated,0,,,,,0,0,OrderView,CustomerView,800000,0,never_instantiated,0,,,,,0,0,,,,,,,,,,,,,,,,,,,,,,,,,,,,,,,,,,,,,,,,,,,,,,,,,,,,,,,,,,,,,,,,,,,,,,,,,,,,,,,,,,,,,,,,,,,,,,,,,,,,,,,,,,,,,,,,,,,,,,,,,,,,,,,,,,,,,,,,,,,,,,,,
q08,4,10,1,5.63,,,1690745,0,never_instantiated,0,,,,,0,0,,,2039783,0,never_instantiated,0,,,,,0,0,,,1727854,0,never_instantiated,0,,,,,0,0,,ProductView,36,0,never_instantiated,0,,,,,0,0,,OrderItemView,12855283,0,never_instantiated,0,,,,,0,0,OrderView,CreditCardView,2039783,0,never_instantiated,0,,,,,0,0,,,2039783,0,never_instantiated,0,,,,,0,0,,,2039783,0,never_instantiated,0,,,,,0,0,CreditCardView,,1586092,0,never_instantiated,0,,,,,0,0,CreditCardView,OrderView,3214641,0,never_instantiated,0,,,,,0,0,OrderItemView,,4593116,0,never_instantiated,0,,,,,0,0,OrderView,CreditCardView,2039783,0,never_instantiated,0,,,,,0,0,,TaxRecordView,800000,0,never_instantiated,0,,,,,0,0,,AddressView,800000,0,never_instantiated,0,,,,,0,0,,CustomerView,800000,0,never_instantiated,0,,,,,0,0,OrderView,CreditCardView,2039783,0,never_instantiated,0,,,,,0,0,,CategoryView,9,0,never_instantiated,0,,,,,0,0,,ProductView,36,0,never_instantiated,0,,,,,0,0,OrderItemView,,4593116,0,never_instantiated,0,,,,,0,0,OrderView,CreditCardView,2039783,0,never_instantiated,0,,,,,0,0,,CategoryView,9,0,never_instantiated,0,,,,,0,0,,ProductView,35,0,never_instantiated,0,,,,,0,0,OrderItemView,,4593116,0,never_instantiated,0,,,,,0,0,OrderView,CreditCardView,2039783,0,never_instantiated,0,,,,,0,0
q01,4,11,1,0.61,OrderItemView,,4301324,0,never_instantiated,0,,,,,0,0,OrderView,,800000,0,never_instantiated,0,,,,,0,0,AddressView,CustomerView,800000,0,never_instantiated,0,,,,,0,0,,,,,,,,,,,,,,,,,,,,,,,,,,,,,,,,,,,,,,,,,,,,,,,,,,,,,,,,,,,,,,,,,,,,,,,,,,,,,,,,,,,,,,,,,,,,,,,,,,,,,,,,,,,,,,,,,,,,,,,,,,,,,,,,,,,,,,,,,,,,,,,,,,,,,,,,,,,,,,,,,,,,,,,,,,,,,,,,,,,,,,,,,,,,,,,,,,,,,,,,,,,,,,,,,,,,,,,,,,,,,,,,,,,,,,,,,,,,,,,,,,,,,,,,,,,,
q02,4,11,1,2.59,,,800000,0,never_instantiated,0,,,,,0,0,,,770796,0,never_instantiated,0,,,,,0,0,,,731189,0,never_instantiated,0,,,,,0,0,,,800000,0,never_instantiated,0,,,,,0,0,,,751547,0,never_instantiated,0,,,,,0,0,,,402948,0,never_instantiated,0,,,,,0,0,CreditCardView,CustomerView,800000,0,never_instantiated,0,,,,,0,0,,TaxRecordView,402948,0,never_instantiated,0,,,,,0,0,AddressView,CustomerView,800000,0,never_instantiated,0,,,,,0,0,,CategoryView,2,0,never_instantiated,0,,,,,0,0,,ProductView,9,0,never_instantiated,0,,,,,0,0,OrderItemView,,4301324,0,never_instantiated,0,,,,,0,0,OrderView,CustomerView,800000,0,never_instantiated,0,,,,,0,0,OrderView,CustomerView,800000,0,never_instantiated,0,,,,,0,0,OrderItemView,,1835997,0,never_instantiated,0,,,,,0,0,OrderView,CustomerView,800000,0,never_instantiated,0,,,,,0,0,,CategoryView,3,0,never_instantiated,0,,,,,0,0,,ProductView,16,0,never_instantiated,0,,,,,0,0,OrderItemView,,4301324,0,never_instantiated,0,,,,,0,0,OrderView,CustomerView,800000,0,never_instantiated,0,,,,,0,0,,CreditCardView,2039783,0,never_instantiated,0,,,,,0,0,OrderView,CustomerView,800000,0,never_instantiated,0,,,,,0,0,,,,,,,,,,,,,,,,,,,,,,,,
q03,4,11,1,1.24,,,800000,0,never_instantiated,0,,,,,0,0,,CategoryView,6,0,never_instantiated,0,,,,,0,0,,TaxRecordView,800000,0,never_instantiated,0,,,,,0,0,,AddressView,800000,0,never_instantiated,0,,,,,0,0,CustomerView,,3430857,0,never_instantiated,0,,,,,0,0,CreditCardView,,4287481,0,never_instantiated,0,,,,,0,0,,ProductView,8,0,never_instantiated,0,,,,,0,0,OrderItemView,OrderView,4283993,0,never_instantiated,0,,,,,0,0,CreditCardView,CustomerView,800000,0,never_instantiated,0,,,,,0,0,,,,,,,,,,,,,,,,,,,,,,,,,,,,,,,,,,,,,,,,,,,,,,,,,,,,,,,,,,,,,,,,,,,,,,,,,,,,,,,,,,,,,,,,,,,,,,,,,,,,,,,,,,,,,,,,,,,,,,,,,,,,,,,,,,,,,,,,,,,,,,,,,,,,,,,,,,,,,,,,,,,,,,,,,,,,,,,,,,,,
q04,4,11,1,4.26,,,9,0,never_instantiated,0,,,,,0,0,,,9,0,never_instantiated,0,,,,,0,0,,,9,0,never_instantiated,0,,,,,0,0,,,9,0,never_instantiated,0,,,,,0,0,,CreditCardView,2039783,0,never_instantiated,0,,,,,0,0,,OrderView,4283993,0,never_instantiated,0,,,,,0,0,OrderItemView,,36,0,never_instantiated,0,,,,,0,0,ProductView,CategoryView,9,0,never_instantiated,0,,,,,0,0,,TaxRecordView,800000,0,never_instantiated,0,,,,,0,0,,AddressView,800000,0,never_instantiated,0,,,,,0,0,,CustomerView,800000,0,never_instantiated,0,,,,,0,0,,OrderView,4283993,0,never_instantiated,0,,,,,0,0,OrderItemView,,36,0,never_instantiated,0,,,,,0,0,ProductView,CategoryView,9,0,never_instantiated,0,,,,,0,0,ProductView,CategoryView,9,0,never_instantiated,0,,,,,0,0,OrderItemView,,36,0,never_instantiated,0,,,,,0,0,ProductView,CategoryView,9,0,never_instantiated,0,,,,,0,0,,CreditCardView,2039783,0,never_instantiated,0,,,,,0,0,,OrderView,4283993,0,never_instantiated,0,,,,,0,0,OrderItemView,,36,0,never_instantiated,0,,,,,0,0,ProductView,CategoryView,9,0,never_instantiated,0,,,,,0,0,,,,,,,,,,,,,,,,,,,,,,,,,,,,,,,,,,,,
q05,4,11,1,1.08,,,73297,0,never_instantiated,0,,,,,0,0,,ProductView,36,0,never_instantiated,0,,,,,0,0,OrderItemView,,4301324,0,never_instantiated,0,,,,,0,0,OrderView,,800000,0,never_instantiated,0,,,,,0,0,TaxRecordView,AddressView,800000,0,never_instantiated,0,,,,,0,0,,,73297,0,never_instantiated,0,,,,,0,0,,CustomerView,800000,0,never_instantiated,0,,,,,0,0,TaxRecordView,AddressView,800000,0,never_instantiated,0,,,,,0,0,OrderView,,800000,0,never_instantiated,0,,,,,0,0,TaxRecordView,AddressView,800000,0,never_instantiated,0,,,,,0,0,,,,,,,,,,,,,,,,,,,,,,,,,,,,,,,,,,,,,,,,,,,,,,,,,,,,,,,,,,,,,,,,,,,,,,,,,,,,,,,,,,,,,,,,,,,,,,,,,,,,,,,,,,,,,,,,,,,,,,,,,,,,,,,,,,,,,,,,,,,,,,,,,,,,,,,,,,,,,,,,,,,,,,,,
q06,4,11,1,1.30,,,9,0,never_instantiated,0,,,,,0,0,,,36,0,never_instantiated,0,,,,,0,0,,,128389,0,never_instantiated,0,,,,,0,0,,OrderView,4283993,0,never_instantiated,0,,,,,0,0,OrderItemView,ProductView,36,0,never_instantiated,0,,,,,0,0,AddressView,,8,0,never_instantiated,0,,,,,0,0,ProductView,,36,0,never_instantiated,0,,,,,0,0,,CustomerView,800000,0,never_instantiated,0,,,,,0,0,,AddressView,800000,0,never_instantiated,0,,,,,0,0,,OrderView,4283993,0,never_instantiated,0,,,,,0,0,OrderItemView,ProductView,36,0,never_instantiated,0,,,,,0,0,ProductView,CategoryView,2,0,never_instantiated,0,,,,,0,0,,,,,,,,,,,,,,,,,,,,,,,,,,,,,,,,,,,,,,,,,,,,,,,,,,,,,,,,,,,,,,,,,,,,,,,,,,,,,,,,,,,,,,,,,,,,,,,,,,,,,,,,,,,,,,,,,,,,,,,,,,,,,,,,,,,,,,,,,,,,,,,,
q07,4,11,1,1.43,,,773859,0,never_instantiated,0,,,,,0,0,,,291451,0,never_instantiated,0,,,,,0,0,OrderItemView,,1021443,0,never_instantiated,0,,,,,0,0,,,486168,0,never_instantiated,0,,,,,0,0,OrderView,CustomerView,800000,0,never_instantiated,0,,,,,0,0,CreditCardView,,5,0,never_instantiated,0,,,,,0,0,,TaxRecordView,291451,0,never_instantiated,0,,,,,0,0,CustomerView,AddressView,800000,0,never_instantiated,0,,,,,0,0,,CategoryView,4,0,never_instantiated,0,,,,,0,0,,ProductView,19,0,never_instantiated,0,,,,,0,0,OrderItemView,,4301324,0,never_instantiated,0,,,,,0,0,OrderView,CustomerView,800000,0,never_instantiated,0,,,,,0,0,,,,,,,,,,,,,,,,,,,,,,,,,,,,,,,,,,,,,,,,,,,,,,,,,,,,,,,,,,,,,,,,,,,,,,,,,,,,,,,,,,,,,,,,,,,,,,,,,,,,,,,,,,,,,,,,,,,,,,,,,,,,,,,,,,,,,,,,,,,,,,,,
q08,4,11,1,5.66,,,1690745,0,never_instantiated,0,,,,,0,0,,,2039783,0,never_instantiated,0,,,,,0,0,,,1727854,0,never_instantiated,0,,,,,0,0,,ProductView,36,0,never_instantiated,0,,,,,0,0,,OrderItemView,12855283,0,never_instantiated,0,,,,,0,0,OrderView,CreditCardView,2039783,0,never_instantiated,0,,,,,0,0,,,2039783,0,never_instantiated,0,,,,,0,0,,,2039783,0,never_instantiated,0,,,,,0,0,CreditCardView,,1586092,0,never_instantiated,0,,,,,0,0,CreditCardView,OrderView,3214641,0,never_instantiated,0,,,,,0,0,OrderItemView,,4593116,0,never_instantiated,0,,,,,0,0,OrderView,CreditCardView,2039783,0,never_instantiated,0,,,,,0,0,,TaxRecordView,800000,0,never_instantiated,0,,,,,0,0,,AddressView,800000,0,never_instantiated,0,,,,,0,0,,CustomerView,800000,0,never_instantiated,0,,,,,0,0,OrderView,CreditCardView,2039783,0,never_instantiated,0,,,,,0,0,,CategoryView,9,0,never_instantiated,0,,,,,0,0,,ProductView,36,0,never_instantiated,0,,,,,0,0,OrderItemView,,4593116,0,never_instantiated,0,,,,,0,0,OrderView,CreditCardView,2039783,0,never_instantiated,0,,,,,0,0,,CategoryView,9,0,never_instantiated,0,,,,,0,0,,ProductView,35,0,never_instantiated,0,,,,,0,0,OrderItemView,,4593116,0,never_instantiated,0,,,,,0,0,OrderView,CreditCardView,2039783,0,never_instantiated,0,,,,,0,0
q01,4,12,1,0.61,OrderItemView,,4301324,0,never_instantiated,0,,,,,0,0,OrderView,,800000,0,never_instantiated,0,,,,,0,0,AddressView,CustomerView,800000,0,never_instantiated,0,,,,,0,0,,,,,,,,,,,,,,,,,,,,,,,,,,,,,,,,,,,,,,,,,,,,,,,,,,,,,,,,,,,,,,,,,,,,,,,,,,,,,,,,,,,,,,,,,,,,,,,,,,,,,,,,,,,,,,,,,,,,,,,,,,,,,,,,,,,,,,,,,,,,,,,,,,,,,,,,,,,,,,,,,,,,,,,,,,,,,,,,,,,,,,,,,,,,,,,,,,,,,,,,,,,,,,,,,,,,,,,,,,,,,,,,,,,,,,,,,,,,,,,,,,,,,,,,,,,,
q02,4,12,1,2.51,,,800000,0,never_instantiated,0,,,,,0,0,,,770796,0,never_instantiated,0,,,,,0,0,,,731189,0,never_instantiated,0,,,,,0,0,,,800000,0,never_instantiated,0,,,,,0,0,,,751547,0,never_instantiated,0,,,,,0,0,,,402948,0,never_instantiated,0,,,,,0,0,CreditCardView,CustomerView,800000,0,never_instantiated,0,,,,,0,0,,TaxRecordView,402948,0,never_instantiated,0,,,,,0,0,AddressView,CustomerView,800000,0,never_instantiated,0,,,,,0,0,,CategoryView,2,0,never_instantiated,0,,,,,0,0,,ProductView,9,0,never_instantiated,0,,,,,0,0,OrderItemView,,4301324,0,never_instantiated,0,,,,,0,0,OrderView,CustomerView,800000,0,never_instantiated,0,,,,,0,0,OrderView,CustomerView,800000,0,never_instantiated,0,,,,,0,0,OrderItemView,,1835997,0,never_instantiated,0,,,,,0,0,OrderView,CustomerView,800000,0,never_instantiated,0,,,,,0,0,,CategoryView,3,0,never_instantiated,0,,,,,0,0,,ProductView,16,0,never_instantiated,0,,,,,0,0,OrderItemView,,4301324,0,never_instantiated,0,,,,,0,0,OrderView,CustomerView,800000,0,never_instantiated,0,,,,,0,0,,CreditCardView,2039783,0,never_instantiated,0,,,,,0,0,OrderView,CustomerView,800000,0,never_instantiated,0,,,,,0,0,,,,,,,,,,,,,,,,,,,,,,,,
q03,4,12,1,1.20,,,800000,0,never_instantiated,0,,,,,0,0,,CategoryView,6,0,never_instantiated,0,,,,,0,0,,TaxRecordView,800000,0,never_instantiated,0,,,,,0,0,,AddressView,800000,0,never_instantiated,0,,,,,0,0,CustomerView,,3430857,0,never_instantiated,0,,,,,0,0,,ProductView,8,0,never_instantiated,0,,,,,0,0,,CreditCardView,1632147,0,never_instantiated,0,,,,,0,0,OrderItemView,OrderView,4283993,0,never_instantiated,0,,,,,0,0,CreditCardView,CustomerView,800000,0,never_instantiated,0,,,,,0,0,,,,,,,,,,,,,,,,,,,,,,,,,,,,,,,,,,,,,,,,,,,,,,,,,,,,,,,,,,,,,,,,,,,,,,,,,,,,,,,,,,,,,,,,,,,,,,,,,,,,,,,,,,,,,,,,,,,,,,,,,,,,,,,,,,,,,,,,,,,,,,,,,,,,,,,,,,,,,,,,,,,,,,,,,,,,,,,,,,,,
q04,4,12,1,4.27,,,9,0,never_instantiated,0,,,,,0,0,,,9,0,never_instantiated,0,,,,,0,0,,,9,0,never_instantiated,0,,,,,0,0,,,9,0,never_instantiated,0,,,,,0,0,,CreditCardView,2039783,0,never_instantiated,0,,,,,0,0,,OrderView,4283993,0,never_instantiated,0,,,,,0,0,OrderItemView,,36,0,never_instantiated,0,,,,,0,0,ProductView,CategoryView,9,0,never_instantiated,0,,,,,0,0,,TaxRecordView,800000,0,never_instantiated,0,,,,,0,0,,AddressView,800000,0,never_instantiated,0,,,,,0,0,,CustomerView,800000,0,never_instantiated,0,,,,,0,0,,OrderView,4283993,0,never_instantiated,0,,,,,0,0,OrderItemView,,36,0,never_instantiated,0,,,,,0,0,ProductView,CategoryView,9,0,never_instantiated,0,,,,,0,0,ProductView,CategoryView,9,0,never_instantiated,0,,,,,0,0,OrderItemView,,36,0,never_instantiated,0,,,,,0,0,ProductView,CategoryView,9,0,never_instantiated,0,,,,,0,0,,CreditCardView,2039783,0,never_instantiated,0,,,,,0,0,,OrderView,4283993,0,never_instantiated,0,,,,,0,0,OrderItemView,,36,0,never_instantiated,0,,,,,0,0,ProductView,CategoryView,9,0,never_instantiated,0,,,,,0,0,,,,,,,,,,,,,,,,,,,,,,,,,,,,,,,,,,,,
q05,4,12,1,1.07,,,73297,0,never_instantiated,0,,,,,0,0,,ProductView,36,0,never_instantiated,0,,,,,0,0,OrderItemView,,4301324,0,never_instantiated,0,,,,,0,0,OrderView,,800000,0,never_instantiated,0,,,,,0,0,TaxRecordView,AddressView,800000,0,never_instantiated,0,,,,,0,0,,,73297,0,never_instantiated,0,,,,,0,0,,CustomerView,800000,0,never_instantiated,0,,,,,0,0,TaxRecordView,AddressView,800000,0,never_instantiated,0,,,,,0,0,OrderView,,800000,0,never_instantiated,0,,,,,0,0,TaxRecordView,AddressView,800000,0,never_instantiated,0,,,,,0,0,,,,,,,,,,,,,,,,,,,,,,,,,,,,,,,,,,,,,,,,,,,,,,,,,,,,,,,,,,,,,,,,,,,,,,,,,,,,,,,,,,,,,,,,,,,,,,,,,,,,,,,,,,,,,,,,,,,,,,,,,,,,,,,,,,,,,,,,,,,,,,,,,,,,,,,,,,,,,,,,,,,,,,,,
q06,4,12,1,1.32,,,9,0,never_instantiated,0,,,,,0,0,,,36,0,never_instantiated,0,,,,,0,0,,,128389,0,never_instantiated,0,,,,,0,0,,OrderView,4283993,0,never_instantiated,0,,,,,0,0,OrderItemView,ProductView,36,0,never_instantiated,0,,,,,0,0,AddressView,,8,0,never_instantiated,0,,,,,0,0,ProductView,,36,0,never_instantiated,0,,,,,0,0,,CustomerView,800000,0,never_instantiated,0,,,,,0,0,,AddressView,800000,0,never_instantiated,0,,,,,0,0,,OrderView,4283993,0,never_instantiated,0,,,,,0,0,OrderItemView,ProductView,36,0,never_instantiated,0,,,,,0,0,ProductView,CategoryView,2,0,never_instantiated,0,,,,,0,0,,,,,,,,,,,,,,,,,,,,,,,,,,,,,,,,,,,,,,,,,,,,,,,,,,,,,,,,,,,,,,,,,,,,,,,,,,,,,,,,,,,,,,,,,,,,,,,,,,,,,,,,,,,,,,,,,,,,,,,,,,,,,,,,,,,,,,,,,,,,,,,,
q07,4,12,1,1.46,,,773859,0,never_instantiated,0,,,,,0,0,,,291451,0,never_instantiated,0,,,,,0,0,OrderItemView,,1021443,0,never_instantiated,0,,,,,0,0,,,486168,0,never_instantiated,0,,,,,0,0,OrderView,CustomerView,800000,0,never_instantiated,0,,,,,0,0,CreditCardView,,5,0,never_instantiated,0,,,,,0,0,,TaxRecordView,291451,0,never_instantiated,0,,,,,0,0,CustomerView,AddressView,800000,0,never_instantiated,0,,,,,0,0,,CategoryView,4,0,never_instantiated,0,,,,,0,0,,ProductView,19,0,never_instantiated,0,,,,,0,0,OrderItemView,,4301324,0,never_instantiated,0,,,,,0,0,OrderView,CustomerView,800000,0,never_instantiated,0,,,,,0,0,,,,,,,,,,,,,,,,,,,,,,,,,,,,,,,,,,,,,,,,,,,,,,,,,,,,,,,,,,,,,,,,,,,,,,,,,,,,,,,,,,,,,,,,,,,,,,,,,,,,,,,,,,,,,,,,,,,,,,,,,,,,,,,,,,,,,,,,,,,,,,,,
q08,4,12,1,5.57,,,1690745,0,never_instantiated,0,,,,,0,0,,,2039783,0,never_instantiated,0,,,,,0,0,,,1727854,0,never_instantiated,0,,,,,0,0,,ProductView,36,0,never_instantiated,0,,,,,0,0,,OrderItemView,12855283,0,never_instantiated,0,,,,,0,0,OrderView,CreditCardView,2039783,0,never_instantiated,0,,,,,0,0,,,2039783,0,never_instantiated,0,,,,,0,0,,,2039783,0,never_instantiated,0,,,,,0,0,CreditCardView,,1586092,0,never_instantiated,0,,,,,0,0,CreditCardView,OrderView,3214641,0,never_instantiated,0,,,,,0,0,OrderItemView,,4593116,0,never_instantiated,0,,,,,0,0,OrderView,CreditCardView,2039783,0,never_instantiated,0,,,,,0,0,,TaxRecordView,800000,0,never_instantiated,0,,,,,0,0,,AddressView,800000,0,never_instantiated,0,,,,,0,0,,CustomerView,800000,0,never_instantiated,0,,,,,0,0,OrderView,CreditCardView,2039783,0,never_instantiated,0,,,,,0,0,,CategoryView,9,0,never_instantiated,0,,,,,0,0,,ProductView,36,0,never_instantiated,0,,,,,0,0,OrderItemView,,4593116,0,never_instantiated,0,,,,,0,0,OrderView,CreditCardView,2039783,0,never_instantiated,0,,,,,0,0,,CategoryView,9,0,never_instantiated,0,,,,,0,0,,ProductView,35,0,never_instantiated,0,,,,,0,0,OrderItemView,,4593116,0,never_instantiated,0,,,,,0,0,OrderView,CreditCardView,2039783,0,never_instantiated,0,,,,,0,0
q01,4,13,1,0.61,OrderItemView,,4301324,0,never_instantiated,0,,,,,0,0,OrderView,,800000,0,never_instantiated,0,,,,,0,0,AddressView,CustomerView,800000,0,never_instantiated,0,,,,,0,0,,,,,,,,,,,,,,,,,,,,,,,,,,,,,,,,,,,,,,,,,,,,,,,,,,,,,,,,,,,,,,,,,,,,,,,,,,,,,,,,,,,,,,,,,,,,,,,,,,,,,,,,,,,,,,,,,,,,,,,,,,,,,,,,,,,,,,,,,,,,,,,,,,,,,,,,,,,,,,,,,,,,,,,,,,,,,,,,,,,,,,,,,,,,,,,,,,,,,,,,,,,,,,,,,,,,,,,,,,,,,,,,,,,,,,,,,,,,,,,,,,,,,,,,,,,,
q02,4,13,1,2.52,,,800000,0,never_instantiated,0,,,,,0,0,,,770796,0,never_instantiated,0,,,,,0,0,,,731189,0,never_instantiated,0,,,,,0,0,,,800000,0,never_instantiated,0,,,,,0,0,,,751547,0,never_instantiated,0,,,,,0,0,,,402948,0,never_instantiated,0,,,,,0,0,CreditCardView,CustomerView,800000,0,never_instantiated,0,,,,,0,0,,TaxRecordView,402948,0,never_instantiated,0,,,,,0,0,AddressView,CustomerView,800000,0,never_instantiated,0,,,,,0,0,,CategoryView,2,0,never_instantiated,0,,,,,0,0,,ProductView,9,0,never_instantiated,0,,,,,0,0,OrderItemView,,4301324,0,never_instantiated,0,,,,,0,0,OrderView,CustomerView,800000,0,never_instantiated,0,,,,,0,0,OrderView,CustomerView,800000,0,never_instantiated,0,,,,,0,0,OrderItemView,,1835997,0,never_instantiated,0,,,,,0,0,OrderView,CustomerView,800000,0,never_instantiated,0,,,,,0,0,,CategoryView,3,0,never_instantiated,0,,,,,0,0,,ProductView,16,0,never_instantiated,0,,,,,0,0,OrderItemView,,4301324,0,never_instantiated,0,,,,,0,0,OrderView,CustomerView,800000,0,never_instantiated,0,,,,,0,0,,CreditCardView,2039783,0,never_instantiated,0,,,,,0,0,OrderView,CustomerView,800000,0,never_instantiated,0,,,,,0,0,,,,,,,,,,,,,,,,,,,,,,,,
q03,4,13,1,1.25,,,800000,0,never_instantiated,0,,,,,0,0,,CategoryView,6,0,never_instantiated,0,,,,,0,0,,TaxRecordView,800000,0,never_instantiated,0,,,,,0,0,,AddressView,800000,0,never_instantiated,0,,,,,0,0,CustomerView,,3430857,0,never_instantiated,0,,,,,0,0,CreditCardView,,4287481,0,never_instantiated,0,,,,,0,0,,ProductView,8,0,never_instantiated,0,,,,,0,0,OrderItemView,OrderView,4283993,0,never_instantiated,0,,,,,0,0,CreditCardView,CustomerView,800000,0,never_instantiated,0,,,,,0,0,,,,,,,,,,,,,,,,,,,,,,,,,,,,,,,,,,,,,,,,,,,,,,,,,,,,,,,,,,,,,,,,,,,,,,,,,,,,,,,,,,,,,,,,,,,,,,,,,,,,,,,,,,,,,,,,,,,,,,,,,,,,,,,,,,,,,,,,,,,,,,,,,,,,,,,,,,,,,,,,,,,,,,,,,,,,,,,,,,,,
q04,4,13,1,4.28,,,9,0,never_instantiated,0,,,,,0,0,,,9,0,never_instantiated,0,,,,,0,0,,,9,0,never_instantiated,0,,,,,0,0,,,9,0,never_instantiated,0,,,,,0,0,,CreditCardView,2039783,0,never_instantiated,0,,,,,0,0,,OrderView,4283993,0,never_instantiated,0,,,,,0,0,OrderItemView,,36,0,never_instantiated,0,,,,,0,0,ProductView,CategoryView,9,0,never_instantiated,0,,,,,0,0,,TaxRecordView,800000,0,never_instantiated,0,,,,,0,0,,AddressView,800000,0,never_instantiated,0,,,,,0,0,,CustomerView,800000,0,never_instantiated,0,,,,,0,0,,OrderView,4283993,0,never_instantiated,0,,,,,0,0,OrderItemView,,36,0,never_instantiated,0,,,,,0,0,ProductView,CategoryView,9,0,never_instantiated,0,,,,,0,0,ProductView,CategoryView,9,0,never_instantiated,0,,,,,0,0,OrderItemView,,36,0,never_instantiated,0,,,,,0,0,ProductView,CategoryView,9,0,never_instantiated,0,,,,,0,0,,CreditCardView,2039783,0,never_instantiated,0,,,,,0,0,,OrderView,4283993,0,never_instantiated,0,,,,,0,0,OrderItemView,,36,0,never_instantiated,0,,,,,0,0,ProductView,CategoryView,9,0,never_instantiated,0,,,,,0,0,,,,,,,,,,,,,,,,,,,,,,,,,,,,,,,,,,,,
q05,4,13,1,1.08,,,73297,0,never_instantiated,0,,,,,0,0,,ProductView,36,0,never_instantiated,0,,,,,0,0,OrderItemView,,4301324,0,never_instantiated,0,,,,,0,0,OrderView,,800000,0,never_instantiated,0,,,,,0,0,TaxRecordView,AddressView,800000,0,never_instantiated,0,,,,,0,0,,,73297,0,never_instantiated,0,,,,,0,0,,CustomerView,800000,0,never_instantiated,0,,,,,0,0,TaxRecordView,AddressView,800000,0,never_instantiated,0,,,,,0,0,OrderView,,800000,0,never_instantiated,0,,,,,0,0,TaxRecordView,AddressView,800000,0,never_instantiated,0,,,,,0,0,,,,,,,,,,,,,,,,,,,,,,,,,,,,,,,,,,,,,,,,,,,,,,,,,,,,,,,,,,,,,,,,,,,,,,,,,,,,,,,,,,,,,,,,,,,,,,,,,,,,,,,,,,,,,,,,,,,,,,,,,,,,,,,,,,,,,,,,,,,,,,,,,,,,,,,,,,,,,,,,,,,,,,,,
q06,4,13,1,1.30,,,9,0,never_instantiated,0,,,,,0,0,,,36,0,never_instantiated,0,,,,,0,0,,,128389,0,never_instantiated,0,,,,,0,0,,OrderView,4283993,0,never_instantiated,0,,,,,0,0,OrderItemView,ProductView,36,0,never_instantiated,0,,,,,0,0,AddressView,,8,0,never_instantiated,0,,,,,0,0,ProductView,,36,0,never_instantiated,0,,,,,0,0,,CustomerView,800000,0,never_instantiated,0,,,,,0,0,,AddressView,800000,0,never_instantiated,0,,,,,0,0,,OrderView,4283993,0,never_instantiated,0,,,,,0,0,OrderItemView,ProductView,36,0,never_instantiated,0,,,,,0,0,ProductView,CategoryView,2,0,never_instantiated,0,,,,,0,0,,,,,,,,,,,,,,,,,,,,,,,,,,,,,,,,,,,,,,,,,,,,,,,,,,,,,,,,,,,,,,,,,,,,,,,,,,,,,,,,,,,,,,,,,,,,,,,,,,,,,,,,,,,,,,,,,,,,,,,,,,,,,,,,,,,,,,,,,,,,,,,,
q07,4,13,1,1.48,,,773859,0,never_instantiated,0,,,,,0,0,,,291451,0,never_instantiated,0,,,,,0,0,OrderItemView,,1021443,0,never_instantiated,0,,,,,0,0,,,486168,0,never_instantiated,0,,,,,0,0,OrderView,CustomerView,800000,0,never_instantiated,0,,,,,0,0,CreditCardView,,5,0,never_instantiated,0,,,,,0,0,,TaxRecordView,291451,0,never_instantiated,0,,,,,0,0,CustomerView,AddressView,800000,0,never_instantiated,0,,,,,0,0,,CategoryView,4,0,never_instantiated,0,,,,,0,0,,ProductView,19,0,never_instantiated,0,,,,,0,0,OrderItemView,,4301324,0,never_instantiated,0,,,,,0,0,OrderView,CustomerView,800000,0,never_instantiated,0,,,,,0,0,,,,,,,,,,,,,,,,,,,,,,,,,,,,,,,,,,,,,,,,,,,,,,,,,,,,,,,,,,,,,,,,,,,,,,,,,,,,,,,,,,,,,,,,,,,,,,,,,,,,,,,,,,,,,,,,,,,,,,,,,,,,,,,,,,,,,,,,,,,,,,,,
q08,4,13,1,5.58,,,1690745,0,never_instantiated,0,,,,,0,0,,,2039783,0,never_instantiated,0,,,,,0,0,,,1727854,0,never_instantiated,0,,,,,0,0,,ProductView,36,0,never_instantiated,0,,,,,0,0,,OrderItemView,12855283,0,never_instantiated,0,,,,,0,0,OrderView,CreditCardView,2039783,0,never_instantiated,0,,,,,0,0,,,2039783,0,never_instantiated,0,,,,,0,0,,,2039783,0,never_instantiated,0,,,,,0,0,CreditCardView,,1586092,0,never_instantiated,0,,,,,0,0,CreditCardView,OrderView,3214641,0,never_instantiated,0,,,,,0,0,OrderItemView,,4593116,0,never_instantiated,0,,,,,0,0,OrderView,CreditCardView,2039783,0,never_instantiated,0,,,,,0,0,,TaxRecordView,800000,0,never_instantiated,0,,,,,0,0,,AddressView,800000,0,never_instantiated,0,,,,,0,0,,CustomerView,800000,0,never_instantiated,0,,,,,0,0,OrderView,CreditCardView,2039783,0,never_instantiated,0,,,,,0,0,,CategoryView,9,0,never_instantiated,0,,,,,0,0,,ProductView,36,0,never_instantiated,0,,,,,0,0,OrderItemView,,4593116,0,never_instantiated,0,,,,,0,0,OrderView,CreditCardView,2039783,0,never_instantiated,0,,,,,0,0,,CategoryView,9,0,never_instantiated,0,,,,,0,0,,ProductView,35,0,never_instantiated,0,,,,,0,0,OrderItemView,,4593116,0,never_instantiated,0,,,,,0,0,OrderView,CreditCardView,2039783,0,never_instantiated,0,,,,,0,0
q01,4,14,1,0.61,OrderItemView,,4301324,0,never_instantiated,0,,,,,0,0,OrderView,,800000,0,never_instantiated,0,,,,,0,0,AddressView,CustomerView,800000,0,never_instantiated,0,,,,,0,0,,,,,,,,,,,,,,,,,,,,,,,,,,,,,,,,,,,,,,,,,,,,,,,,,,,,,,,,,,,,,,,,,,,,,,,,,,,,,,,,,,,,,,,,,,,,,,,,,,,,,,,,,,,,,,,,,,,,,,,,,,,,,,,,,,,,,,,,,,,,,,,,,,,,,,,,,,,,,,,,,,,,,,,,,,,,,,,,,,,,,,,,,,,,,,,,,,,,,,,,,,,,,,,,,,,,,,,,,,,,,,,,,,,,,,,,,,,,,,,,,,,,,,,,,,,,
q02,4,14,1,2.56,,,800000,0,never_instantiated,0,,,,,0,0,,,770796,0,never_instantiated,0,,,,,0,0,,,731189,0,never_instantiated,0,,,,,0,0,,,800000,0,never_instantiated,0,,,,,0,0,,,751547,0,never_instantiated,0,,,,,0,0,,,402948,0,never_instantiated,0,,,,,0,0,CreditCardView,CustomerView,800000,0,never_instantiated,0,,,,,0,0,,TaxRecordView,402948,0,never_instantiated,0,,,,,0,0,AddressView,CustomerView,800000,0,never_instantiated,0,,,,,0,0,,CategoryView,2,0,never_instantiated,0,,,,,0,0,,ProductView,9,0,never_instantiated,0,,,,,0,0,OrderItemView,,4301324,0,never_instantiated,0,,,,,0,0,OrderView,CustomerView,800000,0,never_instantiated,0,,,,,0,0,OrderView,CustomerView,800000,0,never_instantiated,0,,,,,0,0,OrderItemView,,1835997,0,never_instantiated,0,,,,,0,0,OrderView,CustomerView,800000,0,never_instantiated,0,,,,,0,0,,CategoryView,3,0,never_instantiated,0,,,,,0,0,,ProductView,16,0,never_instantiated,0,,,,,0,0,OrderItemView,,4301324,0,never_instantiated,0,,,,,0,0,OrderView,CustomerView,800000,0,never_instantiated,0,,,,,0,0,,CreditCardView,2039783,0,never_instantiated,0,,,,,0,0,OrderView,CustomerView,800000,0,never_instantiated,0,,,,,0,0,,,,,,,,,,,,,,,,,,,,,,,,
q03,4,14,1,1.19,,,800000,0,never_instantiated,0,,,,,0,0,,CategoryView,6,0,never_instantiated,0,,,,,0,0,,TaxRecordView,800000,0,never_instantiated,0,,,,,0,0,,AddressView,800000,0,never_instantiated,0,,,,,0,0,CustomerView,,3430857,0,never_instantiated,0,,,,,0,0,,ProductView,8,0,never_instantiated,0,,,,,0,0,,CreditCardView,1632147,0,never_instantiated,0,,,,,0,0,OrderItemView,OrderView,4283993,0,never_instantiated,0,,,,,0,0,CreditCardView,CustomerView,800000,0,never_instantiated,0,,,,,0,0,,,,,,,,,,,,,,,,,,,,,,,,,,,,,,,,,,,,,,,,,,,,,,,,,,,,,,,,,,,,,,,,,,,,,,,,,,,,,,,,,,,,,,,,,,,,,,,,,,,,,,,,,,,,,,,,,,,,,,,,,,,,,,,,,,,,,,,,,,,,,,,,,,,,,,,,,,,,,,,,,,,,,,,,,,,,,,,,,,,,
q04,4,14,1,4.24,,,9,0,never_instantiated,0,,,,,0,0,,,9,0,never_instantiated,0,,,,,0,0,,,9,0,never_instantiated,0,,,,,0,0,,,9,0,never_instantiated,0,,,,,0,0,,CreditCardView,2039783,0,never_instantiated,0,,,,,0,0,,OrderView,4283993,0,never_instantiated,0,,,,,0,0,OrderItemView,,36,0,never_instantiated,0,,,,,0,0,ProductView,CategoryView,9,0,never_instantiated,0,,,,,0,0,,TaxRecordView,800000,0,never_instantiated,0,,,,,0,0,,AddressView,800000,0,never_instantiated,0,,,,,0,0,,CustomerView,800000,0,never_instantiated,0,,,,,0,0,,OrderView,4283993,0,never_instantiated,0,,,,,0,0,OrderItemView,,36,0,never_instantiated,0,,,,,0,0,ProductView,CategoryView,9,0,never_instantiated,0,,,,,0,0,ProductView,CategoryView,9,0,never_instantiated,0,,,,,0,0,OrderItemView,,36,0,never_instantiated,0,,,,,0,0,ProductView,CategoryView,9,0,never_instantiated,0,,,,,0,0,,CreditCardView,2039783,0,never_instantiated,0,,,,,0,0,,OrderView,4283993,0,never_instantiated,0,,,,,0,0,OrderItemView,,36,0,never_instantiated,0,,,,,0,0,ProductView,CategoryView,9,0,never_instantiated,0,,,,,0,0,,,,,,,,,,,,,,,,,,,,,,,,,,,,,,,,,,,,
q05,4,14,1,1.07,,,73297,0,never_instantiated,0,,,,,0,0,,ProductView,36,0,never_instantiated,0,,,,,0,0,OrderItemView,,4301324,0,never_instantiated,0,,,,,0,0,OrderView,,800000,0,never_instantiated,0,,,,,0,0,TaxRecordView,AddressView,800000,0,never_instantiated,0,,,,,0,0,,,73297,0,never_instantiated,0,,,,,0,0,,CustomerView,800000,0,never_instantiated,0,,,,,0,0,TaxRecordView,AddressView,800000,0,never_instantiated,0,,,,,0,0,OrderView,,800000,0,never_instantiated,0,,,,,0,0,TaxRecordView,AddressView,800000,0,never_instantiated,0,,,,,0,0,,,,,,,,,,,,,,,,,,,,,,,,,,,,,,,,,,,,,,,,,,,,,,,,,,,,,,,,,,,,,,,,,,,,,,,,,,,,,,,,,,,,,,,,,,,,,,,,,,,,,,,,,,,,,,,,,,,,,,,,,,,,,,,,,,,,,,,,,,,,,,,,,,,,,,,,,,,,,,,,,,,,,,,,
q06,4,14,1,1.28,,,9,0,never_instantiated,0,,,,,0,0,,,36,0,never_instantiated,0,,,,,0,0,,,128389,0,never_instantiated,0,,,,,0,0,,OrderView,4283993,0,never_instantiated,0,,,,,0,0,OrderItemView,ProductView,36,0,never_instantiated,0,,,,,0,0,AddressView,,8,0,never_instantiated,0,,,,,0,0,ProductView,,36,0,never_instantiated,0,,,,,0,0,,CustomerView,800000,0,never_instantiated,0,,,,,0,0,,AddressView,800000,0,never_instantiated,0,,,,,0,0,,OrderView,4283993,0,never_instantiated,0,,,,,0,0,OrderItemView,ProductView,36,0,never_instantiated,0,,,,,0,0,ProductView,CategoryView,2,0,never_instantiated,0,,,,,0,0,,,,,,,,,,,,,,,,,,,,,,,,,,,,,,,,,,,,,,,,,,,,,,,,,,,,,,,,,,,,,,,,,,,,,,,,,,,,,,,,,,,,,,,,,,,,,,,,,,,,,,,,,,,,,,,,,,,,,,,,,,,,,,,,,,,,,,,,,,,,,,,,
q07,4,14,1,1.48,,,773859,0,never_instantiated,0,,,,,0,0,,,291451,0,never_instantiated,0,,,,,0,0,OrderItemView,,1021443,0,never_instantiated,0,,,,,0,0,,,486168,0,never_instantiated,0,,,,,0,0,OrderView,CustomerView,800000,0,never_instantiated,0,,,,,0,0,CreditCardView,,5,0,never_instantiated,0,,,,,0,0,,TaxRecordView,291451,0,never_instantiated,0,,,,,0,0,CustomerView,AddressView,800000,0,never_instantiated,0,,,,,0,0,,CategoryView,4,0,never_instantiated,0,,,,,0,0,,ProductView,19,0,never_instantiated,0,,,,,0,0,OrderItemView,,4301324,0,never_instantiated,0,,,,,0,0,OrderView,CustomerView,800000,0,never_instantiated,0,,,,,0,0,,,,,,,,,,,,,,,,,,,,,,,,,,,,,,,,,,,,,,,,,,,,,,,,,,,,,,,,,,,,,,,,,,,,,,,,,,,,,,,,,,,,,,,,,,,,,,,,,,,,,,,,,,,,,,,,,,,,,,,,,,,,,,,,,,,,,,,,,,,,,,,,
q08,4,14,1,5.64,,,1690745,0,never_instantiated,0,,,,,0,0,,,2039783,0,never_instantiated,0,,,,,0,0,,,1727854,0,never_instantiated,0,,,,,0,0,,ProductView,36,0,never_instantiated,0,,,,,0,0,,OrderItemView,12855283,0,never_instantiated,0,,,,,0,0,OrderView,CreditCardView,2039783,0,never_instantiated,0,,,,,0,0,,,2039783,0,never_instantiated,0,,,,,0,0,,,2039783,0,never_instantiated,0,,,,,0,0,CreditCardView,,1586092,0,never_instantiated,0,,,,,0,0,CreditCardView,OrderView,3214641,0,never_instantiated,0,,,,,0,0,OrderItemView,,4593116,0,never_instantiated,0,,,,,0,0,OrderView,CreditCardView,2039783,0,never_instantiated,0,,,,,0,0,,TaxRecordView,800000,0,never_instantiated,0,,,,,0,0,,AddressView,800000,0,never_instantiated,0,,,,,0,0,,CustomerView,800000,0,never_instantiated,0,,,,,0,0,OrderView,CreditCardView,2039783,0,never_instantiated,0,,,,,0,0,,CategoryView,9,0,never_instantiated,0,,,,,0,0,,ProductView,36,0,never_instantiated,0,,,,,0,0,OrderItemView,,4593116,0,never_instantiated,0,,,,,0,0,OrderView,CreditCardView,2039783,0,never_instantiated,0,,,,,0,0,,CategoryView,9,0,never_instantiated,0,,,,,0,0,,ProductView,35,0,never_instantiated,0,,,,,0,0,OrderItemView,,4593116,0,never_instantiated,0,,,,,0,0,OrderView,CreditCardView,2039783,0,never_instantiated,0,,,,,0,0
q01,4,15,1,0.61,OrderItemView,,4301324,0,never_instantiated,0,,,,,0,0,OrderView,,800000,0,never_instantiated,0,,,,,0,0,AddressView,CustomerView,800000,0,never_instantiated,0,,,,,0,0,,,,,,,,,,,,,,,,,,,,,,,,,,,,,,,,,,,,,,,,,,,,,,,,,,,,,,,,,,,,,,,,,,,,,,,,,,,,,,,,,,,,,,,,,,,,,,,,,,,,,,,,,,,,,,,,,,,,,,,,,,,,,,,,,,,,,,,,,,,,,,,,,,,,,,,,,,,,,,,,,,,,,,,,,,,,,,,,,,,,,,,,,,,,,,,,,,,,,,,,,,,,,,,,,,,,,,,,,,,,,,,,,,,,,,,,,,,,,,,,,,,,,,,,,,,,
q02,4,15,1,2.53,,,800000,0,never_instantiated,0,,,,,0,0,,,770796,0,never_instantiated,0,,,,,0,0,,,731189,0,never_instantiated,0,,,,,0,0,,,800000,0,never_instantiated,0,,,,,0,0,,,751547,0,never_instantiated,0,,,,,0,0,,,402948,0,never_instantiated,0,,,,,0,0,CreditCardView,CustomerView,800000,0,never_instantiated,0,,,,,0,0,,TaxRecordView,402948,0,never_instantiated,0,,,,,0,0,AddressView,CustomerView,800000,0,never_instantiated,0,,,,,0,0,,CategoryView,2,0,never_instantiated,0,,,,,0,0,,ProductView,9,0,never_instantiated,0,,,,,0,0,OrderItemView,,4301324,0,never_instantiated,0,,,,,0,0,OrderView,CustomerView,800000,0,never_instantiated,0,,,,,0,0,OrderView,CustomerView,800000,0,never_instantiated,0,,,,,0,0,OrderItemView,,1835997,0,never_instantiated,0,,,,,0,0,OrderView,CustomerView,800000,0,never_instantiated,0,,,,,0,0,,CategoryView,3,0,never_instantiated,0,,,,,0,0,,ProductView,16,0,never_instantiated,0,,,,,0,0,OrderItemView,,4301324,0,never_instantiated,0,,,,,0,0,OrderView,CustomerView,800000,0,never_instantiated,0,,,,,0,0,,CreditCardView,2039783,0,never_instantiated,0,,,,,0,0,OrderView,CustomerView,800000,0,never_instantiated,0,,,,,0,0,,,,,,,,,,,,,,,,,,,,,,,,
q03,4,15,1,1.21,,,800000,0,never_instantiated,0,,,,,0,0,,CategoryView,6,0,never_instantiated,0,,,,,0,0,,TaxRecordView,800000,0,never_instantiated,0,,,,,0,0,,AddressView,800000,0,never_instantiated,0,,,,,0,0,CustomerView,,3430857,0,never_instantiated,0,,,,,0,0,CreditCardView,,4287481,0,never_instantiated,0,,,,,0,0,,ProductView,8,0,never_instantiated,0,,,,,0,0,OrderItemView,OrderView,4283993,0,never_instantiated,0,,,,,0,0,CreditCardView,CustomerView,800000,0,never_instantiated,0,,,,,0,0,,,,,,,,,,,,,,,,,,,,,,,,,,,,,,,,,,,,,,,,,,,,,,,,,,,,,,,,,,,,,,,,,,,,,,,,,,,,,,,,,,,,,,,,,,,,,,,,,,,,,,,,,,,,,,,,,,,,,,,,,,,,,,,,,,,,,,,,,,,,,,,,,,,,,,,,,,,,,,,,,,,,,,,,,,,,,,,,,,,,
q04,4,15,1,4.24,,,9,0,never_instantiated,0,,,,,0,0,,,9,0,never_instantiated,0,,,,,0,0,,,9,0,never_instantiated,0,,,,,0,0,,,9,0,never_instantiated,0,,,,,0,0,,CreditCardView,2039783,0,never_instantiated,0,,,,,0,0,,OrderView,4283993,0,never_instantiated,0,,,,,0,0,OrderItemView,,36,0,never_instantiated,0,,,,,0,0,ProductView,CategoryView,9,0,never_instantiated,0,,,,,0,0,,TaxRecordView,800000,0,never_instantiated,0,,,,,0,0,,AddressView,800000,0,never_instantiated,0,,,,,0,0,,CustomerView,800000,0,never_instantiated,0,,,,,0,0,,OrderView,4283993,0,never_instantiated,0,,,,,0,0,OrderItemView,,36,0,never_instantiated,0,,,,,0,0,ProductView,CategoryView,9,0,never_instantiated,0,,,,,0,0,ProductView,CategoryView,9,0,never_instantiated,0,,,,,0,0,OrderItemView,,36,0,never_instantiated,0,,,,,0,0,ProductView,CategoryView,9,0,never_instantiated,0,,,,,0,0,,CreditCardView,2039783,0,never_instantiated,0,,,,,0,0,,OrderView,4283993,0,never_instantiated,0,,,,,0,0,OrderItemView,,36,0,never_instantiated,0,,,,,0,0,ProductView,CategoryView,9,0,never_instantiated,0,,,,,0,0,,,,,,,,,,,,,,,,,,,,,,,,,,,,,,,,,,,,
q05,4,15,1,1.05,,,73297,0,never_instantiated,0,,,,,0,0,,ProductView,36,0,never_instantiated,0,,,,,0,0,OrderItemView,,4301324,0,never_instantiated,0,,,,,0,0,OrderView,,800000,0,never_instantiated,0,,,,,0,0,TaxRecordView,AddressView,800000,0,never_instantiated,0,,,,,0,0,,,73297,0,never_instantiated,0,,,,,0,0,,CustomerView,800000,0,never_instantiated,0,,,,,0,0,TaxRecordView,AddressView,800000,0,never_instantiated,0,,,,,0,0,OrderView,,800000,0,never_instantiated,0,,,,,0,0,TaxRecordView,AddressView,800000,0,never_instantiated,0,,,,,0,0,,,,,,,,,,,,,,,,,,,,,,,,,,,,,,,,,,,,,,,,,,,,,,,,,,,,,,,,,,,,,,,,,,,,,,,,,,,,,,,,,,,,,,,,,,,,,,,,,,,,,,,,,,,,,,,,,,,,,,,,,,,,,,,,,,,,,,,,,,,,,,,,,,,,,,,,,,,,,,,,,,,,,,,,
q06,4,15,1,1.27,,,9,0,never_instantiated,0,,,,,0,0,,,36,0,never_instantiated,0,,,,,0,0,,,128389,0,never_instantiated,0,,,,,0,0,,OrderView,4283993,0,never_instantiated,0,,,,,0,0,OrderItemView,ProductView,36,0,never_instantiated,0,,,,,0,0,AddressView,,8,0,never_instantiated,0,,,,,0,0,ProductView,,36,0,never_instantiated,0,,,,,0,0,,CustomerView,800000,0,never_instantiated,0,,,,,0,0,,AddressView,800000,0,never_instantiated,0,,,,,0,0,,OrderView,4283993,0,never_instantiated,0,,,,,0,0,OrderItemView,ProductView,36,0,never_instantiated,0,,,,,0,0,ProductView,CategoryView,2,0,never_instantiated,0,,,,,0,0,,,,,,,,,,,,,,,,,,,,,,,,,,,,,,,,,,,,,,,,,,,,,,,,,,,,,,,,,,,,,,,,,,,,,,,,,,,,,,,,,,,,,,,,,,,,,,,,,,,,,,,,,,,,,,,,,,,,,,,,,,,,,,,,,,,,,,,,,,,,,,,,
q07,4,15,1,1.47,,,773859,0,never_instantiated,0,,,,,0,0,,,291451,0,never_instantiated,0,,,,,0,0,OrderItemView,,1021443,0,never_instantiated,0,,,,,0,0,,,486168,0,never_instantiated,0,,,,,0,0,OrderView,CustomerView,800000,0,never_instantiated,0,,,,,0,0,CreditCardView,,5,0,never_instantiated,0,,,,,0,0,,TaxRecordView,291451,0,never_instantiated,0,,,,,0,0,CustomerView,AddressView,800000,0,never_instantiated,0,,,,,0,0,,CategoryView,4,0,never_instantiated,0,,,,,0,0,,ProductView,19,0,never_instantiated,0,,,,,0,0,OrderItemView,,4301324,0,never_instantiated,0,,,,,0,0,OrderView,CustomerView,800000,0,never_instantiated,0,,,,,0,0,,,,,,,,,,,,,,,,,,,,,,,,,,,,,,,,,,,,,,,,,,,,,,,,,,,,,,,,,,,,,,,,,,,,,,,,,,,,,,,,,,,,,,,,,,,,,,,,,,,,,,,,,,,,,,,,,,,,,,,,,,,,,,,,,,,,,,,,,,,,,,,,
q08,4,15,1,5.63,,,1690745,0,never_instantiated,0,,,,,0,0,,,2039783,0,never_instantiated,0,,,,,0,0,,,1727854,0,never_instantiated,0,,,,,0,0,,ProductView,36,0,never_instantiated,0,,,,,0,0,,OrderItemView,12855283,0,never_instantiated,0,,,,,0,0,OrderView,CreditCardView,2039783,0,never_instantiated,0,,,,,0,0,,,2039783,0,never_instantiated,0,,,,,0,0,,,2039783,0,never_instantiated,0,,,,,0,0,CreditCardView,,1586092,0,never_instantiated,0,,,,,0,0,CreditCardView,OrderView,3214641,0,never_instantiated,0,,,,,0,0,OrderItemView,,4593116,0,never_instantiated,0,,,,,0,0,OrderView,CreditCardView,2039783,0,never_instantiated,0,,,,,0,0,,TaxRecordView,800000,0,never_instantiated,0,,,,,0,0,,AddressView,800000,0,never_instantiated,0,,,,,0,0,,CustomerView,800000,0,never_instantiated,0,,,,,0,0,OrderView,CreditCardView,2039783,0,never_instantiated,0,,,,,0,0,,CategoryView,9,0,never_instantiated,0,,,,,0,0,,ProductView,36,0,never_instantiated,0,,,,,0,0,OrderItemView,,4593116,0,never_instantiated,0,,,,,0,0,OrderView,CreditCardView,2039783,0,never_instantiated,0,,,,,0,0,,CategoryView,9,0,never_instantiated,0,,,,,0,0,,ProductView,35,0,never_instantiated,0,,,,,0,0,OrderItemView,,4593116,0,never_instantiated,0,,,,,0,0,OrderView,CreditCardView,2039783,0,never_instantiated,0,,,,,0,0
q01,4,16,1,0.60,OrderItemView,,4301324,0,never_instantiated,0,,,,,0,0,OrderView,,800000,0,never_instantiated,0,,,,,0,0,AddressView,CustomerView,800000,0,never_instantiated,0,,,,,0,0,,,,,,,,,,,,,,,,,,,,,,,,,,,,,,,,,,,,,,,,,,,,,,,,,,,,,,,,,,,,,,,,,,,,,,,,,,,,,,,,,,,,,,,,,,,,,,,,,,,,,,,,,,,,,,,,,,,,,,,,,,,,,,,,,,,,,,,,,,,,,,,,,,,,,,,,,,,,,,,,,,,,,,,,,,,,,,,,,,,,,,,,,,,,,,,,,,,,,,,,,,,,,,,,,,,,,,,,,,,,,,,,,,,,,,,,,,,,,,,,,,,,,,,,,,,,
q02,4,16,1,2.57,,,800000,0,never_instantiated,0,,,,,0,0,,,770796,0,never_instantiated,0,,,,,0,0,,,731189,0,never_instantiated,0,,,,,0,0,,,800000,0,never_instantiated,0,,,,,0,0,,,751547,0,never_instantiated,0,,,,,0,0,,,402948,0,never_instantiated,0,,,,,0,0,CreditCardView,CustomerView,800000,0,never_instantiated,0,,,,,0,0,,TaxRecordView,402948,0,never_instantiated,0,,,,,0,0,AddressView,CustomerView,800000,0,never_instantiated,0,,,,,0,0,,CategoryView,2,0,never_instantiated,0,,,,,0,0,,ProductView,9,0,never_instantiated,0,,,,,0,0,OrderItemView,,4301324,0,never_instantiated,0,,,,,0,0,OrderView,CustomerView,800000,0,never_instantiated,0,,,,,0,0,OrderView,CustomerView,800000,0,never_instantiated,0,,,,,0,0,OrderItemView,,1835997,0,never_instantiated,0,,,,,0,0,OrderView,CustomerView,800000,0,never_instantiated,0,,,,,0,0,,CategoryView,3,0,never_instantiated,0,,,,,0,0,,ProductView,16,0,never_instantiated,0,,,,,0,0,OrderItemView,,4301324,0,never_instantiated,0,,,,,0,0,OrderView,CustomerView,800000,0,never_instantiated,0,,,,,0,0,,CreditCardView,2039783,0,never_instantiated,0,,,,,0,0,OrderView,CustomerView,800000,0,never_instantiated,0,,,,,0,0,,,,,,,,,,,,,,,,,,,,,,,,
q03,4,16,1,1.16,,,800000,0,never_instantiated,0,,,,,0,0,,CategoryView,6,0,never_instantiated,0,,,,,0,0,,TaxRecordView,800000,0,never_instantiated,0,,,,,0,0,,AddressView,800000,0,never_instantiated,0,,,,,0,0,CustomerView,,3430857,0,never_instantiated,0,,,,,0,0,,ProductView,8,0,never_instantiated,0,,,,,0,0,,CreditCardView,1632147,0,never_instantiated,0,,,,,0,0,OrderItemView,OrderView,4283993,0,never_instantiated,0,,,,,0,0,CreditCardView,CustomerView,800000,0,never_instantiated,0,,,,,0,0,,,,,,,,,,,,,,,,,,,,,,,,,,,,,,,,,,,,,,,,,,,,,,,,,,,,,,,,,,,,,,,,,,,,,,,,,,,,,,,,,,,,,,,,,,,,,,,,,,,,,,,,,,,,,,,,,,,,,,,,,,,,,,,,,,,,,,,,,,,,,,,,,,,,,,,,,,,,,,,,,,,,,,,,,,,,,,,,,,,,
q04,4,16,1,4.28,,,9,0,never_instantiated,0,,,,,0,0,,,9,0,never_instantiated,0,,,,,0,0,,,9,0,never_instantiated,0,,,,,0,0,,,9,0,never_instantiated,0,,,,,0,0,,CreditCardView,2039783,0,never_instantiated,0,,,,,0,0,,OrderView,4283993,0,never_instantiated,0,,,,,0,0,OrderItemView,,36,0,never_instantiated,0,,,,,0,0,ProductView,CategoryView,9,0,never_instantiated,0,,,,,0,0,,TaxRecordView,800000,0,never_instantiated,0,,,,,0,0,,AddressView,800000,0,never_instantiated,0,,,,,0,0,,CustomerView,800000,0,never_instantiated,0,,,,,0,0,,OrderView,4283993,0,never_instantiated,0,,,,,0,0,OrderItemView,,36,0,never_instantiated,0,,,,,0,0,ProductView,CategoryView,9,0,never_instantiated,0,,,,,0,0,ProductView,CategoryView,9,0,never_instantiated,0,,,,,0,0,OrderItemView,,36,0,never_instantiated,0,,,,,0,0,ProductView,CategoryView,9,0,never_instantiated,0,,,,,0,0,,CreditCardView,2039783,0,never_instantiated,0,,,,,0,0,,OrderView,4283993,0,never_instantiated,0,,,,,0,0,OrderItemView,,36,0,never_instantiated,0,,,,,0,0,ProductView,CategoryView,9,0,never_instantiated,0,,,,,0,0,,,,,,,,,,,,,,,,,,,,,,,,,,,,,,,,,,,,
q05,4,16,1,1.07,,,73297,0,never_instantiated,0,,,,,0,0,,ProductView,36,0,never_instantiated,0,,,,,0,0,OrderItemView,,4301324,0,never_instantiated,0,,,,,0,0,OrderView,,800000,0,never_instantiated,0,,,,,0,0,TaxRecordView,AddressView,800000,0,never_instantiated,0,,,,,0,0,,,73297,0,never_instantiated,0,,,,,0,0,,CustomerView,800000,0,never_instantiated,0,,,,,0,0,TaxRecordView,AddressView,800000,0,never_instantiated,0,,,,,0,0,OrderView,,800000,0,never_instantiated,0,,,,,0,0,TaxRecordView,AddressView,800000,0,never_instantiated,0,,,,,0,0,,,,,,,,,,,,,,,,,,,,,,,,,,,,,,,,,,,,,,,,,,,,,,,,,,,,,,,,,,,,,,,,,,,,,,,,,,,,,,,,,,,,,,,,,,,,,,,,,,,,,,,,,,,,,,,,,,,,,,,,,,,,,,,,,,,,,,,,,,,,,,,,,,,,,,,,,,,,,,,,,,,,,,,,
q06,4,16,1,1.31,,,9,0,never_instantiated,0,,,,,0,0,,,36,0,never_instantiated,0,,,,,0,0,,,128389,0,never_instantiated,0,,,,,0,0,,OrderView,4283993,0,never_instantiated,0,,,,,0,0,OrderItemView,ProductView,36,0,never_instantiated,0,,,,,0,0,AddressView,,8,0,never_instantiated,0,,,,,0,0,ProductView,,36,0,never_instantiated,0,,,,,0,0,,CustomerView,800000,0,never_instantiated,0,,,,,0,0,,AddressView,800000,0,never_instantiated,0,,,,,0,0,,OrderView,4283993,0,never_instantiated,0,,,,,0,0,OrderItemView,ProductView,36,0,never_instantiated,0,,,,,0,0,ProductView,CategoryView,2,0,never_instantiated,0,,,,,0,0,,,,,,,,,,,,,,,,,,,,,,,,,,,,,,,,,,,,,,,,,,,,,,,,,,,,,,,,,,,,,,,,,,,,,,,,,,,,,,,,,,,,,,,,,,,,,,,,,,,,,,,,,,,,,,,,,,,,,,,,,,,,,,,,,,,,,,,,,,,,,,,,
q07,4,16,1,1.44,,,773859,0,never_instantiated,0,,,,,0,0,,,291451,0,never_instantiated,0,,,,,0,0,OrderItemView,,1021443,0,never_instantiated,0,,,,,0,0,,,486168,0,never_instantiated,0,,,,,0,0,OrderView,CustomerView,800000,0,never_instantiated,0,,,,,0,0,CreditCardView,,5,0,never_instantiated,0,,,,,0,0,,TaxRecordView,291451,0,never_instantiated,0,,,,,0,0,CustomerView,AddressView,800000,0,never_instantiated,0,,,,,0,0,,CategoryView,4,0,never_instantiated,0,,,,,0,0,,ProductView,19,0,never_instantiated,0,,,,,0,0,OrderItemView,,4301324,0,never_instantiated,0,,,,,0,0,OrderView,CustomerView,800000,0,never_instantiated,0,,,,,0,0,,,,,,,,,,,,,,,,,,,,,,,,,,,,,,,,,,,,,,,,,,,,,,,,,,,,,,,,,,,,,,,,,,,,,,,,,,,,,,,,,,,,,,,,,,,,,,,,,,,,,,,,,,,,,,,,,,,,,,,,,,,,,,,,,,,,,,,,,,,,,,,,
q08,4,16,1,5.73,,,1690745,0,never_instantiated,0,,,,,0,0,,,2039783,0,never_instantiated,0,,,,,0,0,,,1727854,0,never_instantiated,0,,,,,0,0,,ProductView,36,0,never_instantiated,0,,,,,0,0,,OrderItemView,12855283,0,never_instantiated,0,,,,,0,0,OrderView,CreditCardView,2039783,0,never_instantiated,0,,,,,0,0,,,2039783,0,never_instantiated,0,,,,,0,0,,,2039783,0,never_instantiated,0,,,,,0,0,CreditCardView,,1586092,0,never_instantiated,0,,,,,0,0,CreditCardView,OrderView,3214641,0,never_instantiated,0,,,,,0,0,OrderItemView,,4593116,0,never_instantiated,0,,,,,0,0,OrderView,CreditCardView,2039783,0,never_instantiated,0,,,,,0,0,,TaxRecordView,800000,0,never_instantiated,0,,,,,0,0,,AddressView,800000,0,never_instantiated,0,,,,,0,0,,CustomerView,800000,0,never_instantiated,0,,,,,0,0,OrderView,CreditCardView,2039783,0,never_instantiated,0,,,,,0,0,,CategoryView,9,0,never_instantiated,0,,,,,0,0,,ProductView,36,0,never_instantiated,0,,,,,0,0,OrderItemView,,4593116,0,never_instantiated,0,,,,,0,0,OrderView,CreditCardView,2039783,0,never_instantiated,0,,,,,0,0,,CategoryView,9,0,never_instantiated,0,,,,,0,0,,ProductView,35,0,never_instantiated,0,,,,,0,0,OrderItemView,,4593116,0,never_instantiated,0,,,,,0,0,OrderView,CreditCardView,2039783,0,never_instantiated,0,,,,,0,0
q01,4,17,1,0.62,OrderItemView,,4301324,0,never_instantiated,0,,,,,0,0,OrderView,,800000,0,never_instantiated,0,,,,,0,0,AddressView,CustomerView,800000,0,never_instantiated,0,,,,,0,0,,,,,,,,,,,,,,,,,,,,,,,,,,,,,,,,,,,,,,,,,,,,,,,,,,,,,,,,,,,,,,,,,,,,,,,,,,,,,,,,,,,,,,,,,,,,,,,,,,,,,,,,,,,,,,,,,,,,,,,,,,,,,,,,,,,,,,,,,,,,,,,,,,,,,,,,,,,,,,,,,,,,,,,,,,,,,,,,,,,,,,,,,,,,,,,,,,,,,,,,,,,,,,,,,,,,,,,,,,,,,,,,,,,,,,,,,,,,,,,,,,,,,,,,,,,,
q02,4,17,1,2.57,,,800000,0,never_instantiated,0,,,,,0,0,,,770796,0,never_instantiated,0,,,,,0,0,,,731189,0,never_instantiated,0,,,,,0,0,,,800000,0,never_instantiated,0,,,,,0,0,,,751547,0,never_instantiated,0,,,,,0,0,,,402948,0,never_instantiated,0,,,,,0,0,CreditCardView,CustomerView,800000,0,never_instantiated,0,,,,,0,0,,TaxRecordView,402948,0,never_instantiated,0,,,,,0,0,AddressView,CustomerView,800000,0,never_instantiated,0,,,,,0,0,,CategoryView,2,0,never_instantiated,0,,,,,0,0,,ProductView,9,0,never_instantiated,0,,,,,0,0,OrderItemView,,4301324,0,never_instantiated,0,,,,,0,0,OrderView,CustomerView,800000,0,never_instantiated,0,,,,,0,0,OrderView,CustomerView,800000,0,never_instantiated,0,,,,,0,0,OrderItemView,,1835997,0,never_instantiated,0,,,,,0,0,OrderView,CustomerView,800000,0,never_instantiated,0,,,,,0,0,,CategoryView,3,0,never_instantiated,0,,,,,0,0,,ProductView,16,0,never_instantiated,0,,,,,0,0,OrderItemView,,4301324,0,never_instantiated,0,,,,,0,0,OrderView,CustomerView,800000,0,never_instantiated,0,,,,,0,0,,CreditCardView,2039783,0,never_instantiated,0,,,,,0,0,OrderView,CustomerView,800000,0,never_instantiated,0,,,,,0,0,,,,,,,,,,,,,,,,,,,,,,,,
q03,4,17,1,1.24,,,800000,0,never_instantiated,0,,,,,0,0,,CategoryView,6,0,never_instantiated,0,,,,,0,0,,TaxRecordView,800000,0,never_instantiated,0,,,,,0,0,,AddressView,800000,0,never_instantiated,0,,,,,0,0,CustomerView,,3430857,0,never_instantiated,0,,,,,0,0,CreditCardView,,4287481,0,never_instantiated,0,,,,,0,0,,ProductView,8,0,never_instantiated,0,,,,,0,0,OrderItemView,OrderView,4283993,0,never_instantiated,0,,,,,0,0,CreditCardView,CustomerView,800000,0,never_instantiated,0,,,,,0,0,,,,,,,,,,,,,,,,,,,,,,,,,,,,,,,,,,,,,,,,,,,,,,,,,,,,,,,,,,,,,,,,,,,,,,,,,,,,,,,,,,,,,,,,,,,,,,,,,,,,,,,,,,,,,,,,,,,,,,,,,,,,,,,,,,,,,,,,,,,,,,,,,,,,,,,,,,,,,,,,,,,,,,,,,,,,,,,,,,,,
q04,4,17,1,4.27,,,9,0,never_instantiated,0,,,,,0,0,,,9,0,never_instantiated,0,,,,,0,0,,,9,0,never_instantiated,0,,,,,0,0,,,9,0,never_instantiated,0,,,,,0,0,,CreditCardView,2039783,0,never_instantiated,0,,,,,0,0,,OrderView,4283993,0,never_instantiated,0,,,,,0,0,OrderItemView,,36,0,never_instantiated,0,,,,,0,0,ProductView,CategoryView,9,0,never_instantiated,0,,,,,0,0,,TaxRecordView,800000,0,never_instantiated,0,,,,,0,0,,AddressView,800000,0,never_instantiated,0,,,,,0,0,,CustomerView,800000,0,never_instantiated,0,,,,,0,0,,OrderView,4283993,0,never_instantiated,0,,,,,0,0,OrderItemView,,36,0,never_instantiated,0,,,,,0,0,ProductView,CategoryView,9,0,never_instantiated,0,,,,,0,0,ProductView,CategoryView,9,0,never_instantiated,0,,,,,0,0,OrderItemView,,36,0,never_instantiated,0,,,,,0,0,ProductView,CategoryView,9,0,never_instantiated,0,,,,,0,0,,CreditCardView,2039783,0,never_instantiated,0,,,,,0,0,,OrderView,4283993,0,never_instantiated,0,,,,,0,0,OrderItemView,,36,0,never_instantiated,0,,,,,0,0,ProductView,CategoryView,9,0,never_instantiated,0,,,,,0,0,,,,,,,,,,,,,,,,,,,,,,,,,,,,,,,,,,,,
q05,4,17,1,1.08,,,73297,0,never_instantiated,0,,,,,0,0,,ProductView,36,0,never_instantiated,0,,,,,0,0,OrderItemView,,4301324,0,never_instantiated,0,,,,,0,0,OrderView,,800000,0,never_instantiated,0,,,,,0,0,TaxRecordView,AddressView,800000,0,never_instantiated,0,,,,,0,0,,,73297,0,never_instantiated,0,,,,,0,0,,CustomerView,800000,0,never_instantiated,0,,,,,0,0,TaxRecordView,AddressView,800000,0,never_instantiated,0,,,,,0,0,OrderView,,800000,0,never_instantiated,0,,,,,0,0,TaxRecordView,AddressView,800000,0,never_instantiated,0,,,,,0,0,,,,,,,,,,,,,,,,,,,,,,,,,,,,,,,,,,,,,,,,,,,,,,,,,,,,,,,,,,,,,,,,,,,,,,,,,,,,,,,,,,,,,,,,,,,,,,,,,,,,,,,,,,,,,,,,,,,,,,,,,,,,,,,,,,,,,,,,,,,,,,,,,,,,,,,,,,,,,,,,,,,,,,,,
q06,4,17,1,1.28,,,9,0,never_instantiated,0,,,,,0,0,,,36,0,never_instantiated,0,,,,,0,0,,,128389,0,never_instantiated,0,,,,,0,0,,OrderView,4283993,0,never_instantiated,0,,,,,0,0,OrderItemView,ProductView,36,0,never_instantiated,0,,,,,0,0,AddressView,,8,0,never_instantiated,0,,,,,0,0,ProductView,,36,0,never_instantiated,0,,,,,0,0,,CustomerView,800000,0,never_instantiated,0,,,,,0,0,,AddressView,800000,0,never_instantiated,0,,,,,0,0,,OrderView,4283993,0,never_instantiated,0,,,,,0,0,OrderItemView,ProductView,36,0,never_instantiated,0,,,,,0,0,ProductView,CategoryView,2,0,never_instantiated,0,,,,,0,0,,,,,,,,,,,,,,,,,,,,,,,,,,,,,,,,,,,,,,,,,,,,,,,,,,,,,,,,,,,,,,,,,,,,,,,,,,,,,,,,,,,,,,,,,,,,,,,,,,,,,,,,,,,,,,,,,,,,,,,,,,,,,,,,,,,,,,,,,,,,,,,,
q07,4,17,1,1.44,,,773859,0,never_instantiated,0,,,,,0,0,,,291451,0,never_instantiated,0,,,,,0,0,OrderItemView,,1021443,0,never_instantiated,0,,,,,0,0,,,486168,0,never_instantiated,0,,,,,0,0,OrderView,CustomerView,800000,0,never_instantiated,0,,,,,0,0,CreditCardView,,5,0,never_instantiated,0,,,,,0,0,,TaxRecordView,291451,0,never_instantiated,0,,,,,0,0,CustomerView,AddressView,800000,0,never_instantiated,0,,,,,0,0,,CategoryView,4,0,never_instantiated,0,,,,,0,0,,ProductView,19,0,never_instantiated,0,,,,,0,0,OrderItemView,,4301324,0,never_instantiated,0,,,,,0,0,OrderView,CustomerView,800000,0,never_instantiated,0,,,,,0,0,,,,,,,,,,,,,,,,,,,,,,,,,,,,,,,,,,,,,,,,,,,,,,,,,,,,,,,,,,,,,,,,,,,,,,,,,,,,,,,,,,,,,,,,,,,,,,,,,,,,,,,,,,,,,,,,,,,,,,,,,,,,,,,,,,,,,,,,,,,,,,,,
q08,4,17,1,5.58,,,1690745,0,never_instantiated,0,,,,,0,0,,,2039783,0,never_instantiated,0,,,,,0,0,,,1727854,0,never_instantiated,0,,,,,0,0,,ProductView,36,0,never_instantiated,0,,,,,0,0,,OrderItemView,12855283,0,never_instantiated,0,,,,,0,0,OrderView,CreditCardView,2039783,0,never_instantiated,0,,,,,0,0,,,2039783,0,never_instantiated,0,,,,,0,0,,,2039783,0,never_instantiated,0,,,,,0,0,CreditCardView,,1586092,0,never_instantiated,0,,,,,0,0,CreditCardView,OrderView,3214641,0,never_instantiated,0,,,,,0,0,OrderItemView,,4593116,0,never_instantiated,0,,,,,0,0,OrderView,CreditCardView,2039783,0,never_instantiated,0,,,,,0,0,,TaxRecordView,800000,0,never_instantiated,0,,,,,0,0,,AddressView,800000,0,never_instantiated,0,,,,,0,0,,CustomerView,800000,0,never_instantiated,0,,,,,0,0,OrderView,CreditCardView,2039783,0,never_instantiated,0,,,,,0,0,,CategoryView,9,0,never_instantiated,0,,,,,0,0,,ProductView,36,0,never_instantiated,0,,,,,0,0,OrderItemView,,4593116,0,never_instantiated,0,,,,,0,0,OrderView,CreditCardView,2039783,0,never_instantiated,0,,,,,0,0,,CategoryView,9,0,never_instantiated,0,,,,,0,0,,ProductView,35,0,never_instantiated,0,,,,,0,0,OrderItemView,,4593116,0,never_instantiated,0,,,,,0,0,OrderView,CreditCardView,2039783,0,never_instantiated,0,,,,,0,0
q01,4,18,1,0.61,OrderItemView,,4301324,0,never_instantiated,0,,,,,0,0,OrderView,,800000,0,never_instantiated,0,,,,,0,0,AddressView,CustomerView,800000,0,never_instantiated,0,,,,,0,0,,,,,,,,,,,,,,,,,,,,,,,,,,,,,,,,,,,,,,,,,,,,,,,,,,,,,,,,,,,,,,,,,,,,,,,,,,,,,,,,,,,,,,,,,,,,,,,,,,,,,,,,,,,,,,,,,,,,,,,,,,,,,,,,,,,,,,,,,,,,,,,,,,,,,,,,,,,,,,,,,,,,,,,,,,,,,,,,,,,,,,,,,,,,,,,,,,,,,,,,,,,,,,,,,,,,,,,,,,,,,,,,,,,,,,,,,,,,,,,,,,,,,,,,,,,,
q02,4,18,1,2.60,,,800000,0,never_instantiated,0,,,,,0,0,,,770796,0,never_instantiated,0,,,,,0,0,,,731189,0,never_instantiated,0,,,,,0,0,,,800000,0,never_instantiated,0,,,,,0,0,,,751547,0,never_instantiated,0,,,,,0,0,,,402948,0,never_instantiated,0,,,,,0,0,CreditCardView,CustomerView,800000,0,never_instantiated,0,,,,,0,0,,TaxRecordView,402948,0,never_instantiated,0,,,,,0,0,AddressView,CustomerView,800000,0,never_instantiated,0,,,,,0,0,,CategoryView,2,0,never_instantiated,0,,,,,0,0,,ProductView,9,0,never_instantiated,0,,,,,0,0,OrderItemView,,4301324,0,never_instantiated,0,,,,,0,0,OrderView,CustomerView,800000,0,never_instantiated,0,,,,,0,0,OrderView,CustomerView,800000,0,never_instantiated,0,,,,,0,0,OrderItemView,,1835997,0,never_instantiated,0,,,,,0,0,OrderView,CustomerView,800000,0,never_instantiated,0,,,,,0,0,,CategoryView,3,0,never_instantiated,0,,,,,0,0,,ProductView,16,0,never_instantiated,0,,,,,0,0,OrderItemView,,4301324,0,never_instantiated,0,,,,,0,0,OrderView,CustomerView,800000,0,never_instantiated,0,,,,,0,0,,CreditCardView,2039783,0,never_instantiated,0,,,,,0,0,OrderView,CustomerView,800000,0,never_instantiated,0,,,,,0,0,,,,,,,,,,,,,,,,,,,,,,,,
q03,4,18,1,1.24,,,800000,0,never_instantiated,0,,,,,0,0,,CategoryView,6,0,never_instantiated,0,,,,,0,0,,TaxRecordView,800000,0,never_instantiated,0,,,,,0,0,,AddressView,800000,0,never_instantiated,0,,,,,0,0,CustomerView,,3430857,0,never_instantiated,0,,,,,0,0,CreditCardView,,4287481,0,never_instantiated,0,,,,,0,0,,ProductView,8,0,never_instantiated,0,,,,,0,0,OrderItemView,OrderView,4283993,0,never_instantiated,0,,,,,0,0,CreditCardView,CustomerView,800000,0,never_instantiated,0,,,,,0,0,,,,,,,,,,,,,,,,,,,,,,,,,,,,,,,,,,,,,,,,,,,,,,,,,,,,,,,,,,,,,,,,,,,,,,,,,,,,,,,,,,,,,,,,,,,,,,,,,,,,,,,,,,,,,,,,,,,,,,,,,,,,,,,,,,,,,,,,,,,,,,,,,,,,,,,,,,,,,,,,,,,,,,,,,,,,,,,,,,,,
q04,4,18,1,4.26,,,9,0,never_instantiated,0,,,,,0,0,,,9,0,never_instantiated,0,,,,,0,0,,,9,0,never_instantiated,0,,,,,0,0,,,9,0,never_instantiated,0,,,,,0,0,,CreditCardView,2039783,0,never_instantiated,0,,,,,0,0,,OrderView,4283993,0,never_instantiated,0,,,,,0,0,OrderItemView,,36,0,never_instantiated,0,,,,,0,0,ProductView,CategoryView,9,0,never_instantiated,0,,,,,0,0,,TaxRecordView,800000,0,never_instantiated,0,,,,,0,0,,AddressView,800000,0,never_instantiated,0,,,,,0,0,,CustomerView,800000,0,never_instantiated,0,,,,,0,0,,OrderView,4283993,0,never_instantiated,0,,,,,0,0,OrderItemView,,36,0,never_instantiated,0,,,,,0,0,ProductView,CategoryView,9,0,never_instantiated,0,,,,,0,0,ProductView,CategoryView,9,0,never_instantiated,0,,,,,0,0,OrderItemView,,36,0,never_instantiated,0,,,,,0,0,ProductView,CategoryView,9,0,never_instantiated,0,,,,,0,0,,CreditCardView,2039783,0,never_instantiated,0,,,,,0,0,,OrderView,4283993,0,never_instantiated,0,,,,,0,0,OrderItemView,,36,0,never_instantiated,0,,,,,0,0,ProductView,CategoryView,9,0,never_instantiated,0,,,,,0,0,,,,,,,,,,,,,,,,,,,,,,,,,,,,,,,,,,,,
q05,4,18,1,1.05,,,73297,0,never_instantiated,0,,,,,0,0,,ProductView,36,0,never_instantiated,0,,,,,0,0,OrderItemView,,4301324,0,never_instantiated,0,,,,,0,0,OrderView,,800000,0,never_instantiated,0,,,,,0,0,TaxRecordView,AddressView,800000,0,never_instantiated,0,,,,,0,0,,,73297,0,never_instantiated,0,,,,,0,0,,CustomerView,800000,0,never_instantiated,0,,,,,0,0,TaxRecordView,AddressView,800000,0,never_instantiated,0,,,,,0,0,OrderView,,800000,0,never_instantiated,0,,,,,0,0,TaxRecordView,AddressView,800000,0,never_instantiated,0,,,,,0,0,,,,,,,,,,,,,,,,,,,,,,,,,,,,,,,,,,,,,,,,,,,,,,,,,,,,,,,,,,,,,,,,,,,,,,,,,,,,,,,,,,,,,,,,,,,,,,,,,,,,,,,,,,,,,,,,,,,,,,,,,,,,,,,,,,,,,,,,,,,,,,,,,,,,,,,,,,,,,,,,,,,,,,,,
q06,4,18,1,1.31,,,9,0,never_instantiated,0,,,,,0,0,,,36,0,never_instantiated,0,,,,,0,0,,,128389,0,never_instantiated,0,,,,,0,0,,OrderView,4283993,0,never_instantiated,0,,,,,0,0,OrderItemView,ProductView,36,0,never_instantiated,0,,,,,0,0,AddressView,,8,0,never_instantiated,0,,,,,0,0,ProductView,,36,0,never_instantiated,0,,,,,0,0,,CustomerView,800000,0,never_instantiated,0,,,,,0,0,,AddressView,800000,0,never_instantiated,0,,,,,0,0,,OrderView,4283993,0,never_instantiated,0,,,,,0,0,OrderItemView,ProductView,36,0,never_instantiated,0,,,,,0,0,ProductView,CategoryView,2,0,never_instantiated,0,,,,,0,0,,,,,,,,,,,,,,,,,,,,,,,,,,,,,,,,,,,,,,,,,,,,,,,,,,,,,,,,,,,,,,,,,,,,,,,,,,,,,,,,,,,,,,,,,,,,,,,,,,,,,,,,,,,,,,,,,,,,,,,,,,,,,,,,,,,,,,,,,,,,,,,,
q07,4,18,1,1.47,,,773859,0,never_instantiated,0,,,,,0,0,,,291451,0,never_instantiated,0,,,,,0,0,OrderItemView,,1021443,0,never_instantiated,0,,,,,0,0,,,486168,0,never_instantiated,0,,,,,0,0,OrderView,CustomerView,800000,0,never_instantiated,0,,,,,0,0,CreditCardView,,5,0,never_instantiated,0,,,,,0,0,,TaxRecordView,291451,0,never_instantiated,0,,,,,0,0,CustomerView,AddressView,800000,0,never_instantiated,0,,,,,0,0,,CategoryView,4,0,never_instantiated,0,,,,,0,0,,ProductView,19,0,never_instantiated,0,,,,,0,0,OrderItemView,,4301324,0,never_instantiated,0,,,,,0,0,OrderView,CustomerView,800000,0,never_instantiated,0,,,,,0,0,,,,,,,,,,,,,,,,,,,,,,,,,,,,,,,,,,,,,,,,,,,,,,,,,,,,,,,,,,,,,,,,,,,,,,,,,,,,,,,,,,,,,,,,,,,,,,,,,,,,,,,,,,,,,,,,,,,,,,,,,,,,,,,,,,,,,,,,,,,,,,,,
q08,4,18,1,5.69,,,1690745,0,never_instantiated,0,,,,,0,0,,,2039783,0,never_instantiated,0,,,,,0,0,,,1727854,0,never_instantiated,0,,,,,0,0,,ProductView,36,0,never_instantiated,0,,,,,0,0,,OrderItemView,12855283,0,never_instantiated,0,,,,,0,0,OrderView,CreditCardView,2039783,0,never_instantiated,0,,,,,0,0,,,2039783,0,never_instantiated,0,,,,,0,0,,,2039783,0,never_instantiated,0,,,,,0,0,CreditCardView,,1586092,0,never_instantiated,0,,,,,0,0,CreditCardView,OrderView,3214641,0,never_instantiated,0,,,,,0,0,OrderItemView,,4593116,0,never_instantiated,0,,,,,0,0,OrderView,CreditCardView,2039783,0,never_instantiated,0,,,,,0,0,,TaxRecordView,800000,0,never_instantiated,0,,,,,0,0,,AddressView,800000,0,never_instantiated,0,,,,,0,0,,CustomerView,800000,0,never_instantiated,0,,,,,0,0,OrderView,CreditCardView,2039783,0,never_instantiated,0,,,,,0,0,,CategoryView,9,0,never_instantiated,0,,,,,0,0,,ProductView,36,0,never_instantiated,0,,,,,0,0,OrderItemView,,4593116,0,never_instantiated,0,,,,,0,0,OrderView,CreditCardView,2039783,0,never_instantiated,0,,,,,0,0,,CategoryView,9,0,never_instantiated,0,,,,,0,0,,ProductView,35,0,never_instantiated,0,,,,,0,0,OrderItemView,,4593116,0,never_instantiated,0,,,,,0,0,OrderView,CreditCardView,2039783,0,never_instantiated,0,,,,,0,0
q01,4,19,1,0.60,OrderItemView,,4301324,0,never_instantiated,0,,,,,0,0,OrderView,,800000,0,never_instantiated,0,,,,,0,0,AddressView,CustomerView,800000,0,never_instantiated,0,,,,,0,0,,,,,,,,,,,,,,,,,,,,,,,,,,,,,,,,,,,,,,,,,,,,,,,,,,,,,,,,,,,,,,,,,,,,,,,,,,,,,,,,,,,,,,,,,,,,,,,,,,,,,,,,,,,,,,,,,,,,,,,,,,,,,,,,,,,,,,,,,,,,,,,,,,,,,,,,,,,,,,,,,,,,,,,,,,,,,,,,,,,,,,,,,,,,,,,,,,,,,,,,,,,,,,,,,,,,,,,,,,,,,,,,,,,,,,,,,,,,,,,,,,,,,,,,,,,,
q02,4,19,1,2.54,,,800000,0,never_instantiated,0,,,,,0,0,,,770796,0,never_instantiated,0,,,,,0,0,,,731189,0,never_instantiated,0,,,,,0,0,,,800000,0,never_instantiated,0,,,,,0,0,,,751547,0,never_instantiated,0,,,,,0,0,,,402948,0,never_instantiated,0,,,,,0,0,CreditCardView,CustomerView,800000,0,never_instantiated,0,,,,,0,0,,TaxRecordView,402948,0,never_instantiated,0,,,,,0,0,AddressView,CustomerView,800000,0,never_instantiated,0,,,,,0,0,,CategoryView,2,0,never_instantiated,0,,,,,0,0,,ProductView,9,0,never_instantiated,0,,,,,0,0,OrderItemView,,4301324,0,never_instantiated,0,,,,,0,0,OrderView,CustomerView,800000,0,never_instantiated,0,,,,,0,0,OrderView,CustomerView,800000,0,never_instantiated,0,,,,,0,0,OrderItemView,,1835997,0,never_instantiated,0,,,,,0,0,OrderView,CustomerView,800000,0,never_instantiated,0,,,,,0,0,,CategoryView,3,0,never_instantiated,0,,,,,0,0,,ProductView,16,0,never_instantiated,0,,,,,0,0,OrderItemView,,4301324,0,never_instantiated,0,,,,,0,0,OrderView,CustomerView,800000,0,never_instantiated,0,,,,,0,0,,CreditCardView,2039783,0,never_instantiated,0,,,,,0,0,OrderView,CustomerView,800000,0,never_instantiated,0,,,,,0,0,,,,,,,,,,,,,,,,,,,,,,,,
q03,4,19,1,1.21,,,800000,0,never_instantiated,0,,,,,0,0,,CategoryView,6,0,never_instantiated,0,,,,,0,0,,TaxRecordView,800000,0,never_instantiated,0,,,,,0,0,,AddressView,800000,0,never_instantiated,0,,,,,0,0,CustomerView,,3430857,0,never_instantiated,0,,,,,0,0,CreditCardView,,4287481,0,never_instantiated,0,,,,,0,0,,ProductView,8,0,never_instantiated,0,,,,,0,0,OrderItemView,OrderView,4283993,0,never_instantiated,0,,,,,0,0,CreditCardView,CustomerView,800000,0,never_instantiated,0,,,,,0,0,,,,,,,,,,,,,,,,,,,,,,,,,,,,,,,,,,,,,,,,,,,,,,,,,,,,,,,,,,,,,,,,,,,,,,,,,,,,,,,,,,,,,,,,,,,,,,,,,,,,,,,,,,,,,,,,,,,,,,,,,,,,,,,,,,,,,,,,,,,,,,,,,,,,,,,,,,,,,,,,,,,,,,,,,,,,,,,,,,,,
q04,4,19,1,4.24,,,9,0,never_instantiated,0,,,,,0,0,,,9,0,never_instantiated,0,,,,,0,0,,,9,0,never_instantiated,0,,,,,0,0,,,9,0,never_instantiated,0,,,,,0,0,,CreditCardView,2039783,0,never_instantiated,0,,,,,0,0,,OrderView,4283993,0,never_instantiated,0,,,,,0,0,OrderItemView,,36,0,never_instantiated,0,,,,,0,0,ProductView,CategoryView,9,0,never_instantiated,0,,,,,0,0,,TaxRecordView,800000,0,never_instantiated,0,,,,,0,0,,AddressView,800000,0,never_instantiated,0,,,,,0,0,,CustomerView,800000,0,never_instantiated,0,,,,,0,0,,OrderView,4283993,0,never_instantiated,0,,,,,0,0,OrderItemView,,36,0,never_instantiated,0,,,,,0,0,ProductView,CategoryView,9,0,never_instantiated,0,,,,,0,0,ProductView,CategoryView,9,0,never_instantiated,0,,,,,0,0,OrderItemView,,36,0,never_instantiated,0,,,,,0,0,ProductView,CategoryView,9,0,never_instantiated,0,,,,,0,0,,CreditCardView,2039783,0,never_instantiated,0,,,,,0,0,,OrderView,4283993,0,never_instantiated,0,,,,,0,0,OrderItemView,,36,0,never_instantiated,0,,,,,0,0,ProductView,CategoryView,9,0,never_instantiated,0,,,,,0,0,,,,,,,,,,,,,,,,,,,,,,,,,,,,,,,,,,,,
q05,4,19,1,1.05,,,73297,0,never_instantiated,0,,,,,0,0,,ProductView,36,0,never_instantiated,0,,,,,0,0,OrderItemView,,4301324,0,never_instantiated,0,,,,,0,0,OrderView,,800000,0,never_instantiated,0,,,,,0,0,TaxRecordView,AddressView,800000,0,never_instantiated,0,,,,,0,0,,,73297,0,never_instantiated,0,,,,,0,0,,CustomerView,800000,0,never_instantiated,0,,,,,0,0,TaxRecordView,AddressView,800000,0,never_instantiated,0,,,,,0,0,OrderView,,800000,0,never_instantiated,0,,,,,0,0,TaxRecordView,AddressView,800000,0,never_instantiated,0,,,,,0,0,,,,,,,,,,,,,,,,,,,,,,,,,,,,,,,,,,,,,,,,,,,,,,,,,,,,,,,,,,,,,,,,,,,,,,,,,,,,,,,,,,,,,,,,,,,,,,,,,,,,,,,,,,,,,,,,,,,,,,,,,,,,,,,,,,,,,,,,,,,,,,,,,,,,,,,,,,,,,,,,,,,,,,,,
q06,4,19,1,1.30,,,9,0,never_instantiated,0,,,,,0,0,,,36,0,never_instantiated,0,,,,,0,0,,,128389,0,never_instantiated,0,,,,,0,0,,OrderView,4283993,0,never_instantiated,0,,,,,0,0,OrderItemView,ProductView,36,0,never_instantiated,0,,,,,0,0,AddressView,,8,0,never_instantiated,0,,,,,0,0,ProductView,,36,0,never_instantiated,0,,,,,0,0,,CustomerView,800000,0,never_instantiated,0,,,,,0,0,,AddressView,800000,0,never_instantiated,0,,,,,0,0,,OrderView,4283993,0,never_instantiated,0,,,,,0,0,OrderItemView,ProductView,36,0,never_instantiated,0,,,,,0,0,ProductView,CategoryView,2,0,never_instantiated,0,,,,,0,0,,,,,,,,,,,,,,,,,,,,,,,,,,,,,,,,,,,,,,,,,,,,,,,,,,,,,,,,,,,,,,,,,,,,,,,,,,,,,,,,,,,,,,,,,,,,,,,,,,,,,,,,,,,,,,,,,,,,,,,,,,,,,,,,,,,,,,,,,,,,,,,,
q07,4,19,1,1.48,,,773859,0,never_instantiated,0,,,,,0,0,,,291451,0,never_instantiated,0,,,,,0,0,OrderItemView,,1021443,0,never_instantiated,0,,,,,0,0,,,486168,0,never_instantiated,0,,,,,0,0,OrderView,CustomerView,800000,0,never_instantiated,0,,,,,0,0,CreditCardView,,5,0,never_instantiated,0,,,,,0,0,,TaxRecordView,291451,0,never_instantiated,0,,,,,0,0,CustomerView,AddressView,800000,0,never_instantiated,0,,,,,0,0,,CategoryView,4,0,never_instantiated,0,,,,,0,0,,ProductView,19,0,never_instantiated,0,,,,,0,0,OrderItemView,,4301324,0,never_instantiated,0,,,,,0,0,OrderView,CustomerView,800000,0,never_instantiated,0,,,,,0,0,,,,,,,,,,,,,,,,,,,,,,,,,,,,,,,,,,,,,,,,,,,,,,,,,,,,,,,,,,,,,,,,,,,,,,,,,,,,,,,,,,,,,,,,,,,,,,,,,,,,,,,,,,,,,,,,,,,,,,,,,,,,,,,,,,,,,,,,,,,,,,,,
q08,4,19,1,5.62,,,1690745,0,never_instantiated,0,,,,,0,0,,,2039783,0,never_instantiated,0,,,,,0,0,,,1727854,0,never_instantiated,0,,,,,0,0,,ProductView,36,0,never_instantiated,0,,,,,0,0,,OrderItemView,12855283,0,never_instantiated,0,,,,,0,0,OrderView,CreditCardView,2039783,0,never_instantiated,0,,,,,0,0,,,2039783,0,never_instantiated,0,,,,,0,0,,,2039783,0,never_instantiated,0,,,,,0,0,CreditCardView,,1586092,0,never_instantiated,0,,,,,0,0,CreditCardView,OrderView,3214641,0,never_instantiated,0,,,,,0,0,OrderItemView,,4593116,0,never_instantiated,0,,,,,0,0,OrderView,CreditCardView,2039783,0,never_instantiated,0,,,,,0,0,,TaxRecordView,800000,0,never_instantiated,0,,,,,0,0,,AddressView,800000,0,never_instantiated,0,,,,,0,0,,CustomerView,800000,0,never_instantiated,0,,,,,0,0,OrderView,CreditCardView,2039783,0,never_instantiated,0,,,,,0,0,,CategoryView,9,0,never_instantiated,0,,,,,0,0,,ProductView,36,0,never_instantiated,0,,,,,0,0,OrderItemView,,4593116,0,never_instantiated,0,,,,,0,0,OrderView,CreditCardView,2039783,0,never_instantiated,0,,,,,0,0,,CategoryView,9,0,never_instantiated,0,,,,,0,0,,ProductView,35,0,never_instantiated,0,,,,,0,0,OrderItemView,,4593116,0,never_instantiated,0,,,,,0,0,OrderView,CreditCardView,2039783,0,never_instantiated,0,,,,,0,0
